academic_year,school,school_type,dept_code,dept,program,enrolled,graduates
105,中國醫藥大學,一般大學,03131001,神經科學與認知科學研究所,碩士班(日間),,2.0
105,中國醫藥大學,一般大學,04133029,醫務管理學系,學士班(日間),,39.0
105,中國醫藥大學,一般大學,04133029,醫務管理學系,碩士在職專班,,20.0
105,中國醫藥大學,一般大學,04133029,醫務管理學系,碩士班(日間),,16.0
105,中國醫藥大學,一般大學,05111002,癌症生物學研究所,碩士班(日間),,8.0
105,中國醫藥大學,一般大學,05121043,生物科技學系,學士班(日間),,67.0
105,中國醫藥大學,一般大學,05121043,生物科技學系,碩士班(日間),,11.0
105,中國醫藥大學,一般大學,05191021,營養學系,博士班,,2.0
105,中國醫藥大學,一般大學,05191021,營養學系,學士班(日間),,68.0
105,中國醫藥大學,一般大學,05191021,營養學系,碩士班(日間),,20.0
105,中國醫藥大學,一般大學,08411012,中獸醫碩士學位學程,碩士班(日間),,3.0
105,中國醫藥大學,一般大學,09111019,牙醫學系,學士班(日間),,52.0
105,中國醫藥大學,一般大學,09111019,牙醫學系,碩士班(日間),,2.0
105,中國醫藥大學,一般大學,09111030,口腔衛生學系,學士班(日間),,19.0
105,中國醫藥大學,一般大學,09121003,生物醫學研究所,碩士班(日間),,3.0
105,中國醫藥大學,一般大學,09121004,臨床醫學研究所,博士班,,5.0
105,中國醫藥大學,一般大學,09121004,臨床醫學研究所,碩士班(日間),,3.0
105,中國醫藥大學,一般大學,09121005,免疫學研究所,碩士班(日間),,1.0
105,中國醫藥大學,一般大學,09121006,基礎醫學研究所,博士班,,4.0
105,中國醫藥大學,一般大學,09121006,基礎醫學研究所,碩士班(日間),,14.0
105,中國醫藥大學,一般大學,09121014,中醫學系,博士班,,5.0
105,中國醫藥大學,一般大學,09121014,中醫學系,學士班(日間),,224.0
105,中國醫藥大學,一般大學,09121014,中醫學系,碩士班(日間),,6.0
105,中國醫藥大學,一般大學,09121016,醫學系,學士班(日間),,126.0
105,中國醫藥大學,一般大學,09121049,癌症生物與藥物研發博士學位學程,博士班,,2.0
105,中國醫藥大學,一般大學,09131024,二年制呼吸治療學系,學士班(進修),,18.0
105,中國醫藥大學,一般大學,09131045,護理學系,學士班(日間),,56.0
105,中國醫藥大學,一般大學,09131045,護理學系,碩士班(日間),,9.0
105,中國醫藥大學,一般大學,09141017,醫學檢驗生物技術學系,學士班(日間),,49.0
105,中國醫藥大學,一般大學,09141017,醫學檢驗生物技術學系,碩士班(日間),,4.0
105,中國醫藥大學,一般大學,09141032,生物醫學影像暨放射科學學系,學士班(日間),,45.0
105,中國醫藥大學,一般大學,09141032,生物醫學影像暨放射科學學系,碩士班(日間),,5.0
105,中國醫藥大學,一般大學,09151010,物理治療學系,學士班(日間),,45.0
105,中國醫藥大學,一般大學,09151010,物理治療學系復健科學碩士班,碩士班(日間),,2.0
105,中國醫藥大學,一般大學,09159047,運動醫學系,學士班(日間),,47.0
105,中國醫藥大學,一般大學,09161034,藥學系,博士班,,5.0
105,中國醫藥大學,一般大學,09161034,藥學系,學士班(日間),,228.0
105,中國醫藥大學,一般大學,09161034,藥學系,碩士班(日間),,10.0
105,中國醫藥大學,一般大學,09161039,中國藥學暨中藥資源學系,博士班,,4.0
105,中國醫藥大學,一般大學,09161039,中國藥學暨中藥資源學系,學士班(日間),,31.0
105,中國醫藥大學,一般大學,09161039,中國藥學暨中藥資源學系,碩士班(日間),,2.0
105,中國醫藥大學,一般大學,09161042,藥用化妝品學系,學士班(日間),,45.0
105,中國醫藥大學,一般大學,09161042,藥用化妝品學系,碩士班(日間),,3.0
105,中國醫藥大學,一般大學,09161050,製藥碩士學位學程,碩士班(日間),,8.0
105,中國醫藥大學,一般大學,09171013,針灸研究所,碩士班(日間),,2.0
105,中國醫藥大學,一般大學,09171046,中西醫結合研究所,博士班,,2.0
105,中國醫藥大學,一般大學,09171046,中西醫結合研究所,碩士班(日間),,4.0
105,中國醫藥大學,一般大學,09171048,國際針灸碩士學位學程,碩士班(日間),,4.0
105,中國醫藥大學,一般大學,09191008,健康風險管理學系,學士班(日間),,19.0
105,中國醫藥大學,一般大學,09191008,健康風險管理學系風險管理碩士班,碩士班(日間),,5.0
105,中國醫藥大學,一般大學,09191026,公共衛生學系,博士班,,5.0
105,中國醫藥大學,一般大學,09191026,公共衛生學系,學士班(日間),,43.0
105,中國醫藥大學,一般大學,09191026,公共衛生學系,碩士班(日間),,21.0
105,中國醫藥大學,一般大學,09191038,職業安全與衛生學系,學士班(日間),,41.0
105,中國醫藥大學,一般大學,09191038,職業安全與衛生學系,碩士在職專班,,1.0
105,中國醫藥大學,一般大學,09191038,職業安全與衛生學系,碩士班(日間),,12.0
105,中國醫藥大學,一般大學,09199037,生物統計研究所,碩士班(日間),,2.0
105,中山醫學大學,一般大學,02311003,應用外國語言學系,學士班(日間),,42.0
105,中山醫學大學,一般大學,02311003,應用外國語言學系,學士班(進修),,10.0
105,中山醫學大學,一般大學,02321001,台灣語文學系,學士班(日間),,2.0
105,中山醫學大學,一般大學,03131004,心理學系,學士班(日間),,57.0
105,中山醫學大學,一般大學,03131004,心理學系臨床心理學碩士班,碩士班(日間),,15.0
105,中山醫學大學,一般大學,04133006,醫療產業科技管理學系,學士班(日間),,44.0
105,中山醫學大學,一般大學,04133006,醫療產業科技管理學系,學士班(進修),,7.0
105,中山醫學大學,一般大學,04133006,醫療產業科技管理學系,碩士在職專班,,17.0
105,中山醫學大學,一般大學,04133006,醫療產業科技管理學系,碩士班(日間),,3.0
105,中山醫學大學,一般大學,05121012,生物醫學科學學系,學士班(日間),,77.0
105,中山醫學大學,一般大學,05121012,生物醫學科學學系,碩士班(日間),,8.0
105,中山醫學大學,一般大學,05191026,營養學系,博士班,,4.0
105,中山醫學大學,一般大學,05191026,營養學系,學士班(日間),,92.0
105,中山醫學大學,一般大學,05191026,營養學系,碩士在職專班,,5.0
105,中山醫學大學,一般大學,05191026,營養學系,碩士班(日間),,26.0
105,中山醫學大學,一般大學,05199013,生化微生物免疫研究所,博士班,,5.0
105,中山醫學大學,一般大學,05199013,生化微生物免疫研究所,碩士在職專班,,16.0
105,中山醫學大學,一般大學,05199013,生化微生物免疫研究所,碩士班(日間),,15.0
105,中山醫學大學,一般大學,05399015,醫學應用化學系,學士班(日間),,46.0
105,中山醫學大學,一般大學,05399015,醫學應用化學系,碩士班(日間),,5.0
105,中山醫學大學,一般大學,09111038,牙醫學系,博士班,,2.0
105,中山醫學大學,一般大學,09111038,牙醫學系,學士班(日間),,82.0
105,中山醫學大學,一般大學,09111038,牙醫學系,碩士班(日間),,4.0
105,中山醫學大學,一般大學,09111039,口腔科學研究所,博士班,,3.0
105,中山醫學大學,一般大學,09111039,口腔科學研究所,碩士班(日間),,7.0
105,中山醫學大學,一般大學,09121018,醫學研究所,博士班,,16.0
105,中山醫學大學,一般大學,09121018,醫學研究所,碩士班(日間),,28.0
105,中山醫學大學,一般大學,09121018,醫學系,學士班(日間),,142.0
105,中山醫學大學,一般大學,09131028,護理學系,學士班(日間),,126.0
105,中山醫學大學,一般大學,09131028,護理學系,碩士班(日間),,14.0
105,中山醫學大學,一般大學,09141030,醫學檢驗暨生物技術學系,學士班(日間),,89.0
105,中山醫學大學,一般大學,09141030,醫學檢驗暨生物技術學系,碩士班(日間),,10.0
105,中山醫學大學,一般大學,09141031,醫學影像暨放射科學系,學士班(日間),,76.0
105,中山醫學大學,一般大學,09141031,醫學影像暨放射科學系,碩士班(日間),,3.0
105,中山醫學大學,一般大學,09141032,視光學系,學士班(日間),,59.0
105,中山醫學大學,一般大學,09141032,視光學系,學士班(進修),,31.0
105,中山醫學大學,一般大學,09141032,視光學系,碩士班(日間),,5.0
105,中山醫學大學,一般大學,09141033,醫學資訊學系,學士班(日間),,40.0
105,中山醫學大學,一般大學,09141033,醫學資訊學系,碩士班(日間),,4.0
105,中山醫學大學,一般大學,09151022,物理治療學系,學士班(日間),,43.0
105,中山醫學大學,一般大學,09151022,物理治療學系,碩士班(日間),,5.0
105,中山醫學大學,一般大學,09152023,職能治療學系,學士班(日間),,53.0
105,中山醫學大學,一般大學,09153024,語言治療與聽力學系,學士班(日間),,70.0
105,中山醫學大學,一般大學,09191020,公共衛生學系,博士班,,2.0
105,中山醫學大學,一般大學,09191020,公共衛生學系,學士班(日間),,71.0
105,中山醫學大學,一般大學,09191020,公共衛生學系,碩士班(日間),,13.0
105,中山醫學大學,一般大學,09231045,醫學社會暨社會工作學系,學士班(日間),,92.0
105,中山醫學大學,一般大學,09231045,醫學社會暨社會工作學系,碩士班(日間),,6.0
105,中山醫學大學,一般大學,10131046,健康餐飲暨產業管理學系,學士班(日間),,57.0
105,中山醫學大學,一般大學,10131046,健康餐飲暨產業管理學系,學士班(進修),,3.0
105,中山醫學大學,一般大學,10131046,健康餐飲暨產業管理學系,碩士班(日間),,6.0
105,中山醫學大學,一般大學,10221021,職業安全衛生學系,學士班(日間),,44.0
105,中山醫學大學,一般大學,10221021,職業安全衛生學系,碩士在職專班,,2.0
105,中山醫學大學,一般大學,10221021,職業安全衛生學系,碩士班(日間),,10.0
105,中臺科技大學,技專校院,01111009,文教事業經營研究所,碩士在職專班,,28.0
105,中臺科技大學,技專校院,01111009,文教事業經營研究所,碩士班(日間),,12.0
105,中臺科技大學,技專校院,01121001,兒童教育暨事業經營系,學士班(日間),,86.0
105,中臺科技大學,技專校院,01121001,兒童教育暨事業經營系,學士班(進修),,58.0
105,中臺科技大學,技專校院,02311002,應用外語系,學士班(日間),,74.0
105,中臺科技大學,技專校院,02311002,應用外語系,學士班(進修),,18.0
105,中臺科技大學,技專校院,04131003,國際企業系,學士班(日間),,44.0
105,中臺科技大學,技專校院,04131003,國際企業系,學士班(進修),,18.0
105,中臺科技大學,技專校院,04133008,醫療暨健康產業管理系,學士班(日間),,113.0
105,中臺科技大學,技專校院,04133008,醫療暨健康產業管理系,學士班(進修),,15.0
105,中臺科技大學,技專校院,04133008,醫療暨健康產業管理系,碩士在職專班,,42.0
105,中臺科技大學,技專校院,04133008,醫療暨健康產業管理系,碩士班(日間),,12.0
105,中臺科技大學,技專校院,04143004,行銷管理系,學士班(日間),,110.0
105,中臺科技大學,技專校院,04143004,行銷管理系,學士班(進修),,29.0
105,中臺科技大學,技專校院,04199A01,管理學院長期整合照護與福祉服務專班,學士班(進修),,1.0
105,中臺科技大學,技專校院,06131012,資訊管理系,學士班(日間),,76.0
105,中臺科技大學,技專校院,06131012,資訊管理系,學士班(進修),,33.0
105,中臺科技大學,技專校院,07121013,環境與安全衛生工程系,學士班(日間),,56.0
105,中臺科技大學,技專校院,07121013,環境與安全衛生工程系,學士班(進修),,19.0
105,中臺科技大學,技專校院,07121013,環境與安全衛生工程系,碩士班(日間),,2.0
105,中臺科技大學,技專校院,07193014,生物科技暨醫學工程研究所,碩士班(日間),,10.0
105,中臺科技大學,技專校院,07211017,食品科技系,學士班(日間),,109.0
105,中臺科技大學,技專校院,07211017,食品科技系,學士班(進修),,57.0
105,中臺科技大學,技專校院,07211017,食品科技系,碩士班(日間),,5.0
105,中臺科技大學,技專校院,09111033,牙體技術暨材料系,學士班(日間),,135.0
105,中臺科技大學,技專校院,09111033,牙體技術暨材料系,碩士班(日間),,4.0
105,中臺科技大學,技專校院,09131020,護理系,學士班(日間),,279.0
105,中臺科技大學,技專校院,09131020,護理系,學士班(進修),,387.0
105,中臺科技大學,技專校院,09131020,護理系,碩士在職專班,,25.0
105,中臺科技大學,技專校院,09131020,護理系,碩士班(日間),,6.0
105,中臺科技大學,技專校院,09141028,醫學檢驗生物技術系,學士班(日間),,132.0
105,中臺科技大學,技專校院,09141028,醫學檢驗生物技術系,碩士班(日間),,4.0
105,中臺科技大學,技專校院,09141029,醫學影像暨放射科學系,博士班,,6.0
105,中臺科技大學,技專校院,09141029,醫學影像暨放射科學系,學士班(日間),,100.0
105,中臺科技大學,技專校院,09141029,醫學影像暨放射科學系,碩士在職專班,,14.0
105,中臺科技大學,技專校院,09141029,醫學影像暨放射科學系,碩士班(日間),,8.0
105,中臺科技大學,技專校院,09141030,視光系,學士班(日間),,60.0
105,中臺科技大學,技專校院,09141030,視光系,學士班(進修),,23.0
105,中臺科技大學,技專校院,09211034,老人照顧系,學士班(日間),,51.0
105,中臺科技大學,技專校院,09211034,老人照顧系,學士班(進修),,23.0
105,亞洲大學,一般大學,01121001,幼兒教育學系,學士班(日間),,98.0
105,亞洲大學,一般大學,02112006,視覺傳達設計學系,學士班(日間),,112.0
105,亞洲大學,一般大學,02112006,視覺傳達設計學系,碩士班(日間),,10.0
105,亞洲大學,一般大學,02112007,數位媒體設計學系,博士班,,2.0
105,亞洲大學,一般大學,02112007,數位媒體設計學系,學士班(日間),,90.0
105,亞洲大學,一般大學,02112007,數位媒體設計學系,碩士班(日間),,5.0
105,亞洲大學,一般大學,02122004,時尚設計學系,學士班(日間),,83.0
105,亞洲大學,一般大學,02122005,創意設計學院不分系國際設計學士班,學士班(日間),,11.0
105,亞洲大學,一般大學,02123011,創意商品設計學系,學士班(日間),,99.0
105,亞洲大學,一般大學,02123011,創意商品設計學系,學士班(進修),,16.0
105,亞洲大學,一般大學,02123011,創意商品設計學系,碩士班(日間),,9.0
105,亞洲大學,一般大學,02124012,室內設計學系,學士班(日間),,26.0
105,亞洲大學,一般大學,02311002,外國語文學系,學士班(日間),,94.0
105,亞洲大學,一般大學,02311002,外國語文學系,碩士班(日間),,6.0
105,亞洲大學,一般大學,03131013,心理學系,學士班(日間),,110.0
105,亞洲大學,一般大學,03131013,心理學系,碩士班(日間),,15.0
105,亞洲大學,一般大學,03211014,資訊傳播學系,學士班(日間),,115.0
105,亞洲大學,一般大學,03213014,資訊傳播學系,碩士班(日間),,6.0
105,亞洲大學,一般大學,04111015,會計與資訊學系,學士班(日間),,57.0
105,亞洲大學,一般大學,04111015,會計與資訊學系,碩士班(日間),,11.0
105,亞洲大學,一般大學,04121019,財務金融學系,學士班(日間),,123.0
105,亞洲大學,一般大學,04121019,財務金融學系,學士班(進修),,16.0
105,亞洲大學,一般大學,04121019,財務金融學系,碩士在職專班,,26.0
105,亞洲大學,一般大學,04121019,財務金融學系,碩士班(日間),,7.0
105,亞洲大學,一般大學,04131017,經營管理學系,博士班,,8.0
105,亞洲大學,一般大學,04131017,經營管理學系,學士班(日間),,205.0
105,亞洲大學,一般大學,04131017,經營管理學系,學士班(進修),,21.0
105,亞洲大學,一般大學,04131017,經營管理學系,碩士在職專班,,112.0
105,亞洲大學,一般大學,04131017,經營管理學系,碩士班(日間),,34.0
105,亞洲大學,一般大學,04212027,財經法律學系,學士班(日間),,105.0
105,亞洲大學,一般大學,04212027,財經法律學系,碩士班(日間),,6.0
105,亞洲大學,一般大學,05121028,生物科技學系,學士班(日間),,84.0
105,亞洲大學,一般大學,05121028,生物科技學系,碩士班(日間),,10.0
105,亞洲大學,一般大學,05191043,保健營養生技學系,學士班(日間),,100.0
105,亞洲大學,一般大學,05191043,保健營養生技學系,學士班(進修),,59.0
105,亞洲大學,一般大學,05191043,保健營養生技學系,碩士班(日間),,8.0
105,亞洲大學,一般大學,06134033,行動商務與多媒體應用學系,學士班(日間),,83.0
105,亞洲大學,一般大學,06134033,行動商務與多媒體應用學系,碩士班(日間),,14.0
105,亞洲大學,一般大學,06134037,資訊工程學系,學士班(日間),,70.0
105,亞洲大學,一般大學,07141037,資訊工程學系,博士班,,2.0
105,亞洲大學,一般大學,07141037,資訊工程學系,碩士在職專班,,51.0
105,亞洲大學,一般大學,07141037,資訊工程學系,碩士班(日間),,18.0
105,亞洲大學,一般大學,07141040,光電與通訊學系,學士班(日間),,47.0
105,亞洲大學,一般大學,07141040,光電與通訊學系,碩士在職專班,,13.0
105,亞洲大學,一般大學,07141040,光電與通訊學系,碩士班(日間),,6.0
105,亞洲大學,一般大學,07193029,生物資訊與醫學工程學系,博士班,,3.0
105,亞洲大學,一般大學,07193029,生物資訊與醫學工程學系,學士班(日間),,40.0
105,亞洲大學,一般大學,07193029,生物資訊與醫學工程學系,碩士在職專班,,13.0
105,亞洲大學,一般大學,07193029,生物資訊與醫學工程學系,碩士班(日間),,6.0
105,亞洲大學,一般大學,09211021,健康產業管理學系,博士班,,1.0
105,亞洲大學,一般大學,09211021,健康產業管理學系,學士班(日間),,93.0
105,亞洲大學,一般大學,09211021,健康產業管理學系,碩士在職專班,,18.0
105,亞洲大學,一般大學,09211021,健康產業管理學系,碩士班(日間),,14.0
105,亞洲大學,一般大學,09231048,社會工作學系,學士班(日間),,110.0
105,亞洲大學,一般大學,09231048,社會工作學系,學士班(進修),,24.0
105,亞洲大學,一般大學,09231048,社會工作學系,碩士班(日間),,9.0
105,亞洲大學,一般大學,10151049,休閒與遊憩管理學系,學士班(日間),,114.0
105,亞洲大學,一般大學,10151049,休閒與遊憩管理學系,學士班(進修),,60.0
105,亞洲大學,一般大學,10151049,休閒與遊憩管理學系,碩士在職專班,,69.0
105,亞洲大學,一般大學,10151049,休閒與遊憩管理學系,碩士班(日間),,31.0
105,修平學校財團法人修平科技大學,技專校院,02112005,數位媒體設計系,學士班(日間),,88.0
105,修平學校財團法人修平科技大學,技專校院,02311003,應用英語系,學士班(日間),,32.0
105,修平學校財團法人修平科技大學,技專校院,02311004,應用日語系,學士班(日間),,68.0
105,修平學校財團法人修平科技大學,技專校院,02322001,應用中文系,學士班(日間),,1.0
105,修平學校財團法人修平科技大學,技專校院,04121011,應用財務金融系,學士班(日間),,56.0
105,修平學校財團法人修平科技大學,技專校院,04131009,國際企業經營系,二專(進修),,1.0
105,修平學校財團法人修平科技大學,技專校院,04131009,國際企業經營系,學士班(日間),,112.0
105,修平學校財團法人修平科技大學,技專校院,04131009,國際企業經營系,學士班(進修),,3.0
105,修平學校財團法人修平科技大學,技專校院,04132013,行銷與流通管理系,學士班(日間),,128.0
105,修平學校財團法人修平科技大學,技專校院,04199015,人力資源管理與發展系,學士班(日間),,65.0
105,修平學校財團法人修平科技大學,技專校院,04199015,人力資源管理與發展系,碩士班(日間),,13.0
105,修平學校財團法人修平科技大學,技專校院,06121018,資訊網路技術系,學士班(日間),,86.0
105,修平學校財團法人修平科技大學,技專校院,06121018,資訊網路技術系,學士班(進修),,1.0
105,修平學校財團法人修平科技大學,技專校院,06131017,資訊管理系,學士班(日間),,78.0
105,修平學校財團法人修平科技大學,技專校院,06131017,資訊管理系,學士班(進修),,16.0
105,修平學校財團法人修平科技大學,技專校院,07132028,能源與材料科技系,學士班(日間),,54.0
105,修平學校財團法人修平科技大學,技專校院,07141019,電機工程系,學士班(日間),,75.0
105,修平學校財團法人修平科技大學,技專校院,07141019,電機工程系,學士班(進修),,32.0
105,修平學校財團法人修平科技大學,技專校院,07141019,電機工程系,碩士班(日間),,4.0
105,修平學校財團法人修平科技大學,技專校院,07141020,電子工程系,學士班(日間),,62.0
105,修平學校財團法人修平科技大學,技專校院,07141020,電子工程系,學士班(進修),,2.0
105,修平學校財團法人修平科技大學,技專校院,07141C01,電機工程系光電產業專班,學士班(進修),,2.0
105,修平學校財團法人修平科技大學,技專校院,07151021,機械工程科,二專(進修),,1.0
105,修平學校財團法人修平科技大學,技專校院,07151021,機械工程系,學士班(日間),,112.0
105,修平學校財團法人修平科技大學,技專校院,07151021,機械工程系,學士班(進修),,54.0
105,修平學校財團法人修平科技大學,技專校院,07151021,機械工程系精密機械與製造科技碩士班,碩士班(日間),,2.0
105,修平學校財團法人修平科技大學,技專校院,07191026,工業工程與管理系,學士班(日間),,64.0
105,修平學校財團法人修平科技大學,技專校院,07191026,工業工程與管理系,學士班(進修),,23.0
105,修平學校財團法人修平科技大學,技專校院,07191026,工業工程與管理系精實生產管理碩士在職專班,碩士在職專班,,3.0
105,修平學校財團法人修平科技大學,技專校院,07191026,工業工程與管理系精實生產管理碩士班,碩士班(日間),,6.0
105,修平學校財團法人修平科技大學,技專校院,07199A03,電機工程系光電產業,學士班(進修),,1.0
105,修平學校財團法人修平科技大學,技專校院,10151029,觀光與遊憩管理系,學士班(日間),,84.0
105,僑光科技大學,技專校院,02122004,生活創意設計系,學士班(日間),,96.0
105,僑光科技大學,技專校院,02122004,生活創意設計系,學士班(進修),,84.0
105,僑光科技大學,技專校院,02123005,電腦輔助工業設計系,學士班(日間),,84.0
105,僑光科技大學,技專校院,02311003,應用英語科,五專,,1.0
105,僑光科技大學,技專校院,02311003,應用英語系,學士班(日間),,104.0
105,僑光科技大學,技專校院,02311003,應用英語系,學士班(進修),,5.0
105,僑光科技大學,技專校院,02323001,應用華語文系,學士班(進修),,5.0
105,僑光科技大學,技專校院,04111007,會計資訊系,學士班(日間),,4.0
105,僑光科技大學,技專校院,04111007,會計資訊系,學士班(進修),,7.0
105,僑光科技大學,技專校院,04121013,財務金融系,學士班(日間),,112.0
105,僑光科技大學,技專校院,04121013,財務金融系,學士班(進修),,20.0
105,僑光科技大學,技專校院,04121013,財務金融系,碩士班(日間),,19.0
105,僑光科技大學,技專校院,04123015,金融與風險管理系,學士班(進修),,1.0
105,僑光科技大學,技專校院,04131009,企業管理科,二專(進修),,12.0
105,僑光科技大學,技專校院,04131009,企業管理科,五專,,2.0
105,僑光科技大學,技專校院,04131009,企業管理科雙軌旗艦連鎖店管理,二專(日間),,5.0
105,僑光科技大學,技專校院,04131009,企業管理系,學士班(日間),,111.0
105,僑光科技大學,技專校院,04131009,企業管理系,學士班(進修),,111.0
105,僑光科技大學,技專校院,04131009,企業管理系,碩士在職專班,,19.0
105,僑光科技大學,技專校院,04131009,企業管理系,碩士班(日間),,13.0
105,僑光科技大學,技專校院,04132016,行銷與流通管理科,二專(進修),,62.0
105,僑光科技大學,技專校院,04132016,行銷與流通管理系,學士班(日間),,104.0
105,僑光科技大學,技專校院,04132016,行銷與流通管理系,學士班(進修),,128.0
105,僑光科技大學,技專校院,04141011,國際貿易系,學士班(日間),,111.0
105,僑光科技大學,技專校院,04141011,國際貿易系,學士班(進修),,30.0
105,僑光科技大學,技專校院,04141011,國際貿易系,碩士在職專班,,9.0
105,僑光科技大學,技專校院,04212018,財經法律系,學士班(日間),,102.0
105,僑光科技大學,技專校院,04212018,財經法律系,學士班(進修),,24.0
105,僑光科技大學,技專校院,06131019,資訊科技系,學士班(日間),,106.0
105,僑光科技大學,技專校院,06131019,資訊科技系,學士班(進修),,56.0
105,僑光科技大學,技專校院,06131019,資訊科技系,碩士班(日間),,1.0
105,僑光科技大學,技專校院,06131020,資訊管理科,五專,,6.0
105,僑光科技大學,技專校院,06131020,資訊管理系,學士班(日間),,3.0
105,僑光科技大學,技專校院,06131020,資訊管理系,學士班(進修),,3.0
105,僑光科技大學,技專校院,06132021,多媒體與遊戲設計系,學士班(日間),,85.0
105,僑光科技大學,技專校院,06132021,多媒體與遊戲設計系,學士班(進修),,22.0
105,僑光科技大學,技專校院,07191022,工業工程與管理系,學士班(日間),,5.0
105,僑光科技大學,技專校院,07191022,工業工程與管理系,學士班(進修),,8.0
105,僑光科技大學,技專校院,10131024,餐飲管理系,學士班(日間),,161.0
105,僑光科技大學,技專校院,10131024,餐飲管理系,學士班(進修),,103.0
105,僑光科技大學,技專校院,10131025,旅館與會展管理系,學士班(日間),,89.0
105,僑光科技大學,技專校院,10131025,旅館與會展管理系,學士班(進修),,71.0
105,僑光科技大學,技專校院,10151026,觀光與休閒事業管理系,學士班(日間),,149.0
105,僑光科技大學,技專校院,10151026,觀光與休閒事業管理系,學士班(進修),,155.0
105,僑光科技大學,技專校院,10199A03,餐飲管理系餐飲管理產學攜手專班,學士班(進修),,13.0
105,國立中興大學,一般大學,01111001,教師專業發展研究所,碩士班(日間),,9.0
105,國立中興大學,一般大學,02221007,歷史學系,博士班,,4.0
105,國立中興大學,一般大學,02221007,歷史學系,學士班(日間),,60.0
105,國立中興大學,一般大學,02221007,歷史學系,碩士在職專班,,4.0
105,國立中興大學,一般大學,02221007,歷史學系,碩士班(日間),,12.0
105,國立中興大學,一般大學,02299008,文化創意產業學士學位學程,學士班(進修),,40.0
105,國立中興大學,一般大學,02311006,外國語文學系,學士班(日間),,69.0
105,國立中興大學,一般大學,02311006,外國語文學系,學士班(進修),,43.0
105,國立中興大學,一般大學,02311006,外國語文學系,碩士班(日間),,9.0
105,國立中興大學,一般大學,02321003,台灣文學與跨國文化研究所,碩士在職專班,,8.0
105,國立中興大學,一般大學,02321003,台灣文學與跨國文化研究所,碩士班(日間),,9.0
105,國立中興大學,一般大學,02322005,中國文學系,博士班,,9.0
105,國立中興大學,一般大學,02322005,中國文學系,學士班(日間),,61.0
105,國立中興大學,一般大學,02322005,中國文學系,學士班(進修),,37.0
105,國立中興大學,一般大學,02322005,中國文學系,碩士在職專班,,10.0
105,國立中興大學,一般大學,02322005,中國文學系,碩士班(日間),,16.0
105,國立中興大學,一般大學,03111009,應用經濟學系,學士班(日間),,52.0
105,國立中興大學,一般大學,03111009,應用經濟學系,碩士在職專班,,15.0
105,國立中興大學,一般大學,03111009,應用經濟學系,碩士班(日間),,18.0
105,國立中興大學,一般大學,03122010,國際政治研究所,博士班,,5.0
105,國立中興大學,一般大學,03122010,國際政治研究所,碩士在職專班,,20.0
105,國立中興大學,一般大學,03122010,國際政治研究所,碩士班(日間),,7.0
105,國立中興大學,一般大學,03122012,全球事務研究跨洲碩士學位學程,碩士班(日間),,3.0
105,國立中興大學,一般大學,03222013,圖書資訊學研究所,碩士班(日間),,6.0
105,國立中興大學,一般大學,04111015,會計學系,學士班(日間),,46.0
105,國立中興大學,一般大學,04111015,會計學系,碩士班(日間),,25.0
105,國立中興大學,一般大學,04121019,財務金融學系,學士班(日間),,59.0
105,國立中興大學,一般大學,04121019,財務金融學系,碩士班(日間),,32.0
105,國立中興大學,一般大學,04131016,企業管理學系,學士班(日間),,48.0
105,國立中興大學,一般大學,04131016,企業管理學系,學士班(進修),,32.0
105,國立中興大學,一般大學,04131016,企業管理學系,碩士班(日間),,36.0
105,國立中興大學,一般大學,04131018,創新產業經營學士學位學程,學士班(進修),,20.0
105,國立中興大學,一般大學,04134011,國家政策與公共事務研究所,碩士在職專班,,26.0
105,國立中興大學,一般大學,04134011,國家政策與公共事務研究所,碩士班(日間),,9.0
105,國立中興大學,一般大學,04143020,行銷學系,學士班(日間),,47.0
105,國立中興大學,一般大學,04143020,行銷學系,碩士班(日間),,15.0
105,國立中興大學,一般大學,04199021,科技管理研究所,博士班,,3.0
105,國立中興大學,一般大學,04199021,科技管理研究所,碩士班(日間),,25.0
105,國立中興大學,一般大學,04199022,高階經理人碩士在職專班,碩士在職專班,,101.0
105,國立中興大學,一般大學,04211023,法律學系,學士班(日間),,47.0
105,國立中興大學,一般大學,04211023,法律學系,碩士在職專班,,22.0
105,國立中興大學,一般大學,04211023,法律學系科技法律碩士班,碩士班(日間),,14.0
105,國立中興大學,一般大學,05111026,生命科學碩士在職專班,碩士在職專班,,17.0
105,國立中興大學,一般大學,05111026,生命科學系,博士班,,7.0
105,國立中興大學,一般大學,05111026,生命科學系,學士班(日間),,93.0
105,國立中興大學,一般大學,05111026,生命科學系,碩士班(日間),,42.0
105,國立中興大學,一般大學,05111029,昆蟲學系,博士班,,2.0
105,國立中興大學,一般大學,05111029,昆蟲學系,學士班(日間),,31.0
105,國立中興大學,一般大學,05111029,昆蟲學系,碩士班(日間),,11.0
105,國立中興大學,一般大學,05121027,生物科技學研究所,博士班,,12.0
105,國立中興大學,一般大學,05121027,生物科技學研究所,碩士班(日間),,22.0
105,國立中興大學,一般大學,05121031,生物科技學士學位學程,學士班(日間),,29.0
105,國立中興大學,一般大學,05121033,分子生物學研究所,博士班,,3.0
105,國立中興大學,一般大學,05121033,分子生物學研究所,碩士班(日間),,16.0
105,國立中興大學,一般大學,05121037,基因體暨生物資訊學研究所,碩士班(日間),,9.0
105,國立中興大學,一般大學,05123034,生物化學研究所,碩士班(日間),,15.0
105,國立中興大學,一般大學,05123035,生物醫學研究所,博士班,,4.0
105,國立中興大學,一般大學,05123035,生物醫學研究所,碩士班(日間),,10.0
105,國立中興大學,一般大學,05124038,微生物基因體學博士學位學程,博士班,,2.0
105,國立中興大學,一般大學,05292082,水土保持學系,博士班,,3.0
105,國立中興大學,一般大學,05292082,水土保持學系,學士班(日間),,53.0
105,國立中興大學,一般大學,05292082,水土保持學系,碩士在職專班,,21.0
105,國立中興大學,一般大學,05292082,水土保持學系,碩士班(日間),,24.0
105,國立中興大學,一般大學,05311039,化學系,博士班,,4.0
105,國立中興大學,一般大學,05311039,化學系,學士班(日間),,52.0
105,國立中興大學,一般大學,05311039,化學系,碩士班(日間),,59.0
105,國立中興大學,一般大學,05331040,物理學系,博士班,,3.0
105,國立中興大學,一般大學,05331040,物理學系,學士班(日間),,48.0
105,國立中興大學,一般大學,05331040,物理學系,碩士班(日間),,19.0
105,國立中興大學,一般大學,05331040,物理學系(奈米電子與光電能源)中科碩士在職專班,碩士在職專班,,3.0
105,國立中興大學,一般大學,05331058,奈米科學研究所,碩士班(日間),,15.0
105,國立中興大學,一般大學,05411041,應用數學系,學士班(日間),,65.0
105,國立中興大學,一般大學,05411041,應用數學系,碩士在職專班,,9.0
105,國立中興大學,一般大學,05411041,應用數學系,碩士班(日間),,15.0
105,國立中興大學,一般大學,05421042,統計學研究所,碩士班(日間),,21.0
105,國立中興大學,一般大學,06131043,資訊管理學系,學士班(日間),,41.0
105,國立中興大學,一般大學,06131043,資訊管理學系,碩士在職專班,,24.0
105,國立中興大學,一般大學,06131043,資訊管理學系,碩士班(日間),,21.0
105,國立中興大學,一般大學,06131048,資訊科學與工程學系,博士班,,7.0
105,國立中興大學,一般大學,06131048,資訊科學與工程學系,學士班(日間),,40.0
105,國立中興大學,一般大學,06131048,資訊科學與工程學系,碩士在職專班,,19.0
105,國立中興大學,一般大學,06131048,資訊科學與工程學系,碩士班(日間),,52.0
105,國立中興大學,一般大學,07111055,化學工程學系,博士班,,8.0
105,國立中興大學,一般大學,07111055,化學工程學系,學士班(日間),,45.0
105,國立中興大學,一般大學,07111055,化學工程學系,碩士在職專班,,10.0
105,國立中興大學,一般大學,07111055,化學工程學系,碩士班(日間),,55.0
105,國立中興大學,一般大學,07112057,材料科學與工程學系,博士班,,6.0
105,國立中興大學,一般大學,07112057,材料科學與工程學系,學士班(日間),,48.0
105,國立中興大學,一般大學,07112057,材料科學與工程學系,碩士在職專班,,15.0
105,國立中興大學,一般大學,07112057,材料科學與工程學系,碩士班(日間),,49.0
105,國立中興大學,一般大學,07121059,環境工程學系,博士班,,5.0
105,國立中興大學,一般大學,07121059,環境工程學系,學士班(日間),,54.0
105,國立中興大學,一般大學,07121059,環境工程學系,碩士在職專班,,29.0
105,國立中興大學,一般大學,07121059,環境工程學系,碩士班(日間),,38.0
105,國立中興大學,一般大學,07141045,電機工程學系,博士班,,9.0
105,國立中興大學,一般大學,07141045,電機工程學系,學士班(日間),,87.0
105,國立中興大學,一般大學,07141045,電機工程學系,碩士在職專班,,13.0
105,國立中興大學,一般大學,07141045,電機工程學系,碩士班(日間),,62.0
105,國立中興大學,一般大學,07141046,光電工程研究所,碩士班(日間),,13.0
105,國立中興大學,一般大學,07141046,光電工程研究所中科碩士在職專班,碩士在職專班,,7.0
105,國立中興大學,一般大學,07141049,通訊工程研究所,碩士班(日間),,14.0
105,國立中興大學,一般大學,07141C02,光電半導體技術產業碩士專班,碩士班(日間),,5.0
105,國立中興大學,一般大學,07151050,機械工程學系,博士班,,2.0
105,國立中興大學,一般大學,07151050,機械工程學系,學士班(日間),,83.0
105,國立中興大學,一般大學,07151050,機械工程學系,碩士在職專班,,15.0
105,國立中興大學,一般大學,07151050,機械工程學系,碩士班(日間),,67.0
105,國立中興大學,一般大學,07151051,精密工程研究所,博士班,,1.0
105,國立中興大學,一般大學,07151051,精密工程研究所,碩士在職專班,,5.0
105,國立中興大學,一般大學,07151051,精密工程研究所,碩士班(日間),,20.0
105,國立中興大學,一般大學,07151052,生物產業機電工程學系,博士班,,2.0
105,國立中興大學,一般大學,07151052,生物產業機電工程學系,學士班(日間),,52.0
105,國立中興大學,一般大學,07151052,生物產業機電工程學系,碩士班(日間),,19.0
105,國立中興大學,一般大學,07151C07,LED產業碩士專班,碩士班(日間),,2.0
105,國立中興大學,一般大學,07193060,生醫工程研究所,碩士班(日間),,8.0
105,國立中興大學,一般大學,07211081,食品暨應用生物科技學系,博士班,,7.0
105,國立中興大學,一般大學,07211081,食品暨應用生物科技學系,學士班(日間),,54.0
105,國立中興大學,一般大學,07211081,食品暨應用生物科技學系,碩士在職專班,,17.0
105,國立中興大學,一般大學,07211081,食品暨應用生物科技學系,碩士班(日間),,45.0
105,國立中興大學,一般大學,07312061,景觀與遊憩學士學位學程,學士班(日間),,18.0
105,國立中興大學,一般大學,07312061,景觀與遊憩碩士學位學程,碩士班(日間),,7.0
105,國立中興大學,一般大學,07321054,土木工程學系,博士班,,9.0
105,國立中興大學,一般大學,07321054,土木工程學系,學士班(日間),,96.0
105,國立中興大學,一般大學,07321054,土木工程學系,碩士在職專班,,34.0
105,國立中興大學,一般大學,07321054,土木工程學系,碩士班(日間),,74.0
105,國立中興大學,一般大學,08111063,農藝學系,博士班,,1.0
105,國立中興大學,一般大學,08111063,農藝學系,學士班(日間),,46.0
105,國立中興大學,一般大學,08111063,農藝學系,碩士班(日間),,19.0
105,國立中興大學,一般大學,08111064,國際農學碩士學位學程,碩士班(日間),,8.0
105,國立中興大學,一般大學,08112066,動物科學系,博士班,,4.0
105,國立中興大學,一般大學,08112066,動物科學系,學士班(日間),,47.0
105,國立中興大學,一般大學,08112066,動物科學系,碩士班(日間),,25.0
105,國立中興大學,一般大學,08121067,園藝學系,博士班,,3.0
105,國立中興大學,一般大學,08121067,園藝學系,學士班(日間),,45.0
105,國立中興大學,一般大學,08121067,園藝學系,碩士班(日間),,23.0
105,國立中興大學,一般大學,08191083,土壤環境科學系,博士班,,2.0
105,國立中興大學,一般大學,08191083,土壤環境科學系,學士班(日間),,50.0
105,國立中興大學,一般大學,08191083,土壤環境科學系,碩士班(日間),,16.0
105,國立中興大學,一般大學,08193076,生物產業管理研究所,碩士班(日間),,19.0
105,國立中興大學,一般大學,08193076,生物產業管理進修學士學位學程,學士班(進修),,35.0
105,國立中興大學,一般大學,08193077,農業企業經營管理碩士在職專班,碩士在職專班,,8.0
105,國立中興大學,一般大學,08193078,國際農企業學士學位學程,學士班(日間),,22.0
105,國立中興大學,一般大學,08193079,農業經濟與行銷碩士學位學程,碩士班(日間),,7.0
105,國立中興大學,一般大學,08194068,植物病理學系,博士班,,1.0
105,國立中興大學,一般大學,08194068,植物病理學系,學士班(日間),,42.0
105,國立中興大學,一般大學,08194068,植物病理學系,碩士班(日間),,12.0
105,國立中興大學,一般大學,08194069,植物醫學暨安全農業碩士學位學程,碩士班(日間),,1.0
105,國立中興大學,一般大學,08211086,森林學系,博士班,,5.0
105,國立中興大學,一般大學,08211086,森林學系,學士班(日間),,63.0
105,國立中興大學,一般大學,08211086,森林學系,碩士班(日間),,15.0
105,國立中興大學,一般大學,08411087,獸醫學系,博士班,,6.0
105,國立中興大學,一般大學,08411087,獸醫學系,學士班(日間),,66.0
105,國立中興大學,一般大學,08411087,獸醫學系,碩士班(日間),,36.0
105,國立中興大學,一般大學,08411089,獸醫病理生物學研究所,博士班,,2.0
105,國立中興大學,一般大學,08411089,獸醫病理生物學研究所,碩士班(日間),,8.0
105,國立中興大學,一般大學,08411092,微生物暨公共衛生學研究所,博士班,,1.0
105,國立中興大學,一般大學,08411092,微生物暨公共衛生學研究所,碩士班(日間),,10.0
105,國立中興大學,一般大學,09121093,轉譯醫學博士學位學程,博士班,,1.0
105,國立中興大學,一般大學,09199096,組織工程與再生醫學博士學位學程,博士班,,1.0
105,國立中興大學,一般大學,10152097,運動與健康管理研究所,碩士班(日間),,6.0
105,國立勤益科技大學,技專校院,02299005,文化創意事業系,學士班(日間),,57.0
105,國立勤益科技大學,技專校院,02299005,文化創意事業系,碩士班(日間),,2.0
105,國立勤益科技大學,技專校院,02311001,應用英語系,學士班(日間),,56.0
105,國立勤益科技大學,技專校院,02311001,應用英語系,學士班(進修),,32.0
105,國立勤益科技大學,技專校院,04131002,企業管理系,學士班(日間),,115.0
105,國立勤益科技大學,技專校院,04131002,企業管理系,學士班(進修),,24.0
105,國立勤益科技大學,技專校院,04131002,企業管理系,碩士在職專班,,8.0
105,國立勤益科技大學,技專校院,04131002,企業管理系,碩士班(日間),,14.0
105,國立勤益科技大學,技專校院,04132003,流通管理系,學士班(日間),,100.0
105,國立勤益科技大學,技專校院,04132003,流通管理系,碩士在職專班,,16.0
105,國立勤益科技大學,技專校院,04132003,流通管理系,碩士班(日間),,7.0
105,國立勤益科技大學,技專校院,04199032,休閒產業管理系專案管理碩士班,碩士班(日間),,7.0
105,國立勤益科技大學,技專校院,04199A25,企業管理系製造與研發管理專班,學士班(進修),,40.0
105,國立勤益科技大學,技專校院,06131010,資訊管理系,學士班(日間),,97.0
105,國立勤益科技大學,技專校院,06131010,資訊管理系,學士班(進修),,31.0
105,國立勤益科技大學,技專校院,06131010,資訊管理系,碩士班(日間),,6.0
105,國立勤益科技大學,技專校院,06131010,資訊管理系研發科技與資訊管理碩士在職專班,碩士在職專班,,4.0
105,國立勤益科技大學,技專校院,06131013,資訊工程系,學士班(日間),,92.0
105,國立勤益科技大學,技專校院,06131013,資訊工程系,學士班(進修),,33.0
105,國立勤益科技大學,技專校院,06131013,資訊工程系,碩士在職專班,,3.0
105,國立勤益科技大學,技專校院,06131013,資訊工程系,碩士班(日間),,15.0
105,國立勤益科技大學,技專校院,06131C06,資訊工程系電資研發與管理產業碩士專班,碩士班(日間),,5.0
105,國立勤益科技大學,技專校院,06199A01,資訊管理系精密製造與資訊應用專班,學士班(進修),,37.0
105,國立勤益科技大學,技專校院,07111020,化工與材料工程系,學士班(日間),,125.0
105,國立勤益科技大學,技專校院,07111020,化工與材料工程系,學士班(進修),,46.0
105,國立勤益科技大學,技專校院,07111020,化工與材料工程系,碩士在職專班,,2.0
105,國立勤益科技大學,技專校院,07111020,化工與材料工程系,碩士班(日間),,13.0
105,國立勤益科技大學,技專校院,07132026,冷凍空調與能源系,學士班(日間),,120.0
105,國立勤益科技大學,技專校院,07132026,冷凍空調與能源系,學士班(進修),,37.0
105,國立勤益科技大學,技專校院,07132026,冷凍空調與能源系,碩士在職專班,,11.0
105,國立勤益科技大學,技專校院,07132026,冷凍空調與能源系,碩士班(日間),,24.0
105,國立勤益科技大學,技專校院,07132C34,冷凍空調與能源系冷凍空調與能源系家用空調設計產業碩士專班,碩士班(日間),,8.0
105,國立勤益科技大學,技專校院,07141011,電機工程系,學士班(日間),,140.0
105,國立勤益科技大學,技專校院,07141011,電機工程系,學士班(進修),,83.0
105,國立勤益科技大學,技專校院,07141011,電機工程系,碩士在職專班,,6.0
105,國立勤益科技大學,技專校院,07141011,電機工程系,碩士班(日間),,26.0
105,國立勤益科技大學,技專校院,07141012,電子工程系,學士班(日間),,191.0
105,國立勤益科技大學,技專校院,07141012,電子工程系,學士班(進修),,54.0
105,國立勤益科技大學,技專校院,07141012,電子工程系,碩士在職專班,,3.0
105,國立勤益科技大學,技專校院,07141012,電子工程系,碩士班(日間),,28.0
105,國立勤益科技大學,技專校院,07141A07,電機工程系機電控制專班,學士班(進修),,10.0
105,國立勤益科技大學,技專校院,07141C09,電機工程系機電控制產業碩士專班,碩士班(日間),,2.0
105,國立勤益科技大學,技專校院,07151016,機械工程系,學士班(日間),,231.0
105,國立勤益科技大學,技專校院,07151016,機械工程系,學士班(進修),,82.0
105,國立勤益科技大學,技專校院,07151016,機械工程系,碩士在職專班,,3.0
105,國立勤益科技大學,技專校院,07151016,機械工程系,碩士班(日間),,26.0
105,國立勤益科技大學,技專校院,07151A09,機械工程系工具機與精密模具設計製造專班,學士班(進修),,58.0
105,國立勤益科技大學,技專校院,07151C18,機械工程系精密機械產業碩士專班,碩士班(日間),,2.0
105,國立勤益科技大學,技專校院,07151C19,機械工程系精密機械暨創新研發管理產業碩士專班,碩士班(日間),,1.0
105,國立勤益科技大學,技專校院,07191022,工業工程與管理系,學士班(日間),,143.0
105,國立勤益科技大學,技專校院,07191022,工業工程與管理系,學士班(進修),,63.0
105,國立勤益科技大學,技專校院,07191022,工業工程與管理系,碩士在職專班,,9.0
105,國立勤益科技大學,技專校院,07191022,工業工程與管理系,碩士班(日間),,56.0
105,國立勤益科技大學,技專校院,07191A02,工業工程與管理系生產製造與管理專班,學士班(進修),,23.0
105,國立勤益科技大學,技專校院,07192A04,化工與材料工程系紡織產業科技專班,學士班(進修),,43.0
105,國立勤益科技大學,技專校院,07194C38,資訊管理(學)系研發管理與資訊應用產業碩士專班,碩士班(日間),,14.0
105,國立勤益科技大學,技專校院,07312029,景觀系,學士班(日間),,34.0
105,國立勤益科技大學,技專校院,07312029,景觀系,碩士班(日間),,4.0
105,國立勤益科技大學,技專校院,10151032,休閒產業管理系,學士班(日間),,47.0
105,國立勤益科技大學,技專校院,10151032,休閒產業管理系,學士班(進修),,41.0
105,國立臺中教育大學,一般大學,01111001,教育學系,博士班,,12.0
105,國立臺中教育大學,一般大學,01111001,教育學系,學士班(日間),,36.0
105,國立臺中教育大學,一般大學,01111001,教育學系,碩士在職專班,,23.0
105,國立臺中教育大學,一般大學,01111001,教育學系,碩士班(日間),,9.0
105,國立臺中教育大學,一般大學,01111005,教師專業碩士學位學程,碩士班(日間),,37.0
105,國立臺中教育大學,一般大學,01113022,特殊教育學系,學士班(日間),,51.0
105,國立臺中教育大學,一般大學,01113022,特殊教育學系,碩士在職專班,,17.0
105,國立臺中教育大學,一般大學,01113022,特殊教育學系,碩士班(日間),,16.0
105,國立臺中教育大學,一般大學,01114025,高等教育經營管理碩士學位學程,碩士班(日間),,4.0
105,國立臺中教育大學,一般大學,01117028,教育資訊與測驗統計研究所,博士班,,3.0
105,國立臺中教育大學,一般大學,01117028,教育資訊與測驗統計研究所,碩士在職專班,,12.0
105,國立臺中教育大學,一般大學,01117028,教育資訊與測驗統計研究所,碩士班(日間),,16.0
105,國立臺中教育大學,一般大學,01121021,幼兒教育學系,學士班(日間),,50.0
105,國立臺中教育大學,一般大學,01121021,幼兒教育學系,碩士在職專班,,22.0
105,國立臺中教育大學,一般大學,01121021,幼兒教育學系,碩士班(日間),,12.0
105,國立臺中教育大學,一般大學,01131006,語文教育學系,博士班,,2.0
105,國立臺中教育大學,一般大學,01131006,語文教育學系,學士班(日間),,47.0
105,國立臺中教育大學,一般大學,01131006,語文教育學系,碩士在職專班,,16.0
105,國立臺中教育大學,一般大學,01131006,語文教育學系,碩士班(日間),,16.0
105,國立臺中教育大學,一般大學,01131008,科學教育與應用學系,學士班(日間),,43.0
105,國立臺中教育大學,一般大學,01131008,科學教育與應用學系,碩士在職專班,,12.0
105,國立臺中教育大學,一般大學,01131008,科學教育與應用學系,碩士班(日間),,16.0
105,國立臺中教育大學,一般大學,01131011,數學教育學系,學士班(日間),,44.0
105,國立臺中教育大學,一般大學,01131011,數學教育學系,碩士在職專班,,11.0
105,國立臺中教育大學,一般大學,01131011,數學教育學系,碩士班(日間),,17.0
105,國立臺中教育大學,一般大學,01141019,體育學系,學士班(日間),,47.0
105,國立臺中教育大學,一般大學,01141019,體育學系,碩士在職專班,,16.0
105,國立臺中教育大學,一般大學,01141019,體育學系,碩士班(日間),,6.0
105,國立臺中教育大學,一般大學,02122034,文化創意產業設計與營運學系,學士班(日間),,45.0
105,國立臺中教育大學,一般大學,02122034,文化創意產業設計與營運學系,碩士班(日間),,12.0
105,國立臺中教育大學,一般大學,02131029,美術學系,學士班(日間),,41.0
105,國立臺中教育大學,一般大學,02131029,美術學系,碩士在職專班,,23.0
105,國立臺中教育大學,一般大學,02131029,美術學系,碩士班(日間),,8.0
105,國立臺中教育大學,一般大學,02151030,音樂學系,學士班(日間),,40.0
105,國立臺中教育大學,一般大學,02151030,音樂學系,碩士班(日間),,15.0
105,國立臺中教育大學,一般大學,02311032,英語學系,學士班(日間),,46.0
105,國立臺中教育大學,一般大學,02321031,臺灣語文學系,學士班(日間),,36.0
105,國立臺中教育大學,一般大學,03131035,諮商與應用心理學系,學士班(日間),,52.0
105,國立臺中教育大學,一般大學,03131035,諮商與應用心理學系,碩士在職專班,,9.0
105,國立臺中教育大學,一般大學,03131035,諮商與應用心理學系,碩士班(日間),,14.0
105,國立臺中教育大學,一般大學,03199037,區域與社會發展學系,學士班(日間),,48.0
105,國立臺中教育大學,一般大學,03199037,區域與社會發展學系,碩士在職專班,,14.0
105,國立臺中教育大學,一般大學,03199037,區域與社會發展學系,碩士班(日間),,3.0
105,國立臺中教育大學,一般大學,04131039,國際企業學系,學士班(日間),,56.0
105,國立臺中教育大學,一般大學,04131040,管理學院國際經營管理碩士在職專班,碩士在職專班,,8.0
105,國立臺中教育大學,一般大學,04131040,管理學院國際經營管理碩士學位學程,碩士班(日間),,5.0
105,國立臺中教育大學,一般大學,06131042,資訊工程學系,學士班(日間),,44.0
105,國立臺中教育大學,一般大學,06131042,資訊工程學系,碩士班(日間),,12.0
105,國立臺中教育大學,一般大學,06133041,數位內容科技學系,學士班(日間),,43.0
105,國立臺中教育大學,一般大學,06133041,數位內容科技學系,碩士在職專班,,4.0
105,國立臺中教育大學,一般大學,06133041,數位內容科技學系,碩士班(日間),,4.0
105,國立臺中教育大學,一般大學,10151045,永續觀光暨遊憩管理碩士學位學程,碩士班(日間),,5.0
105,國立臺中科技大學,技專校院,02112005,多媒體設計系,學士班(日間),,48.0
105,國立臺中科技大學,技專校院,02112005,多媒體設計系,碩士班(日間),,16.0
105,國立臺中科技大學,技專校院,02123006,商業設計系,學士班(日間),,109.0
105,國立臺中科技大學,技專校院,02123006,商業設計系,學士班(進修),,58.0
105,國立臺中科技大學,技專校院,02123006,商業設計系,碩士在職專班,,13.0
105,國立臺中科技大學,技專校院,02123006,商業設計系,碩士班(日間),,25.0
105,國立臺中科技大學,技專校院,02123007,創意商品設計系,學士班(日間),,27.0
105,國立臺中科技大學,技專校院,02123007,創意商品設計菁英班,五專,,36.0
105,國立臺中科技大學,技專校院,02124008,室內設計系,學士班(日間),,24.0
105,國立臺中科技大學,技專校院,02124008,室內設計系,碩士班(日間),,7.0
105,國立臺中科技大學,技專校院,02311003,應用英語科,五專,,32.0
105,國立臺中科技大學,技專校院,02311003,應用英語系,學士班(日間),,82.0
105,國立臺中科技大學,技專校院,02311003,應用英語系,學士班(進修),,39.0
105,國立臺中科技大學,技專校院,02311004,應用日語科,五專,,50.0
105,國立臺中科技大學,技專校院,02311004,應用日語系,學士班(日間),,80.0
105,國立臺中科技大學,技專校院,02311004,應用日語系日本市場暨商務策略碩士班,碩士班(日間),,8.0
105,國立臺中科技大學,技專校院,02322001,應用中文系,學士班(日間),,49.0
105,國立臺中科技大學,技專校院,04111012,會計資訊科,五專,,81.0
105,國立臺中科技大學,技專校院,04111012,會計資訊系,學士班(日間),,139.0
105,國立臺中科技大學,技專校院,04111012,會計資訊系,學士班(進修),,96.0
105,國立臺中科技大學,技專校院,04111012,會計資訊系,碩士在職專班,,11.0
105,國立臺中科技大學,技專校院,04111012,會計資訊系,碩士班(日間),,7.0
105,國立臺中科技大學,技專校院,04121021,財務金融系,學士班(日間),,87.0
105,國立臺中科技大學,技專校院,04121021,財務金融系,學士班(進修),,74.0
105,國立臺中科技大學,技專校院,04121021,財務金融系,碩士在職專班,,7.0
105,國立臺中科技大學,技專校院,04121021,財務金融系,碩士班(日間),,12.0
105,國立臺中科技大學,技專校院,04122028,財政稅務系,學士班(日間),,95.0
105,國立臺中科技大學,技專校院,04122028,財政稅務系租稅管理與理財規劃碩士班,碩士班(日間),,9.0
105,國立臺中科技大學,技專校院,04123027,保險金融管理科,五專,,72.0
105,國立臺中科技大學,技專校院,04123027,保險金融管理系,學士班(日間),,134.0
105,國立臺中科技大學,技專校院,04123027,保險金融管理系,學士班(進修),,22.0
105,國立臺中科技大學,技專校院,04131015,企業管理科,五專,,77.0
105,國立臺中科技大學,技專校院,04131015,企業管理系,學士班(日間),,96.0
105,國立臺中科技大學,技專校院,04131015,企業管理系,學士班(進修),,34.0
105,國立臺中科技大學,技專校院,04131015,企業管理系,碩士在職專班,,23.0
105,國立臺中科技大學,技專校院,04131015,企業管理系,碩士班(日間),,9.0
105,國立臺中科技大學,技專校院,04131C01,企業管理系創意設計品牌經營產業碩士專班,碩士班(日間),,3.0
105,國立臺中科技大學,技專校院,04132029,流通管理系,學士班(日間),,102.0
105,國立臺中科技大學,技專校院,04132029,流通管理系,碩士班(日間),,13.0
105,國立臺中科技大學,技專校院,04141020,國際貿易與經營科,五專,,51.0
105,國立臺中科技大學,技專校院,04141020,國際貿易與經營系,學士班(日間),,143.0
105,國立臺中科技大學,技專校院,04141020,國際貿易與經營系,學士班(進修),,109.0
105,國立臺中科技大學,技專校院,05421032,應用統計系,學士班(日間),,47.0
105,國立臺中科技大學,技專校院,06131033,資訊管理科,五專,,87.0
105,國立臺中科技大學,技專校院,06131033,資訊管理系,學士班(日間),,136.0
105,國立臺中科技大學,技專校院,06131033,資訊管理系,學士班(進修),,58.0
105,國立臺中科技大學,技專校院,06131033,資訊管理系,碩士班(日間),,13.0
105,國立臺中科技大學,技專校院,07141036,資訊工程系,學士班(日間),,40.0
105,國立臺中科技大學,技專校院,07141036,資訊工程系,學士班(進修),,41.0
105,國立臺中科技大學,技專校院,07141036,資訊工程系,碩士在職專班,,10.0
105,國立臺中科技大學,技專校院,07141036,資訊工程系,碩士班(日間),,18.0
105,國立臺中科技大學,技專校院,07141C04,資訊工程系物聯網智慧整合產業碩士專班,碩士班(日間),,8.0
105,國立臺中科技大學,技專校院,09131037,護理科,五專,,202.0
105,國立臺中科技大學,技專校院,09131037,護理系,學士班(日間),,88.0
105,國立臺中科技大學,技專校院,09211038,老人服務事業管理科,二專(進修),,37.0
105,國立臺中科技大學,技專校院,09211038,老人服務事業管理系,學士班(日間),,93.0
105,國立臺中科技大學,技專校院,10121040,美容科,二專(日間),,3.0
105,國立臺中科技大學,技專校院,10121040,美容科,二專(進修),,33.0
105,國立臺中科技大學,技專校院,10121040,美容系,學士班(日間),,124.0
105,國立臺中科技大學,技專校院,10151039,休閒事業經營系,學士班(日間),,53.0
105,國立臺中科技大學,技專校院,10151039,休閒事業經營系,學士班(進修),,37.0
105,國立臺灣體育運動大學,一般大學,01141001,體育學系,學士班(日間),,88.0
105,國立臺灣體育運動大學,一般大學,01141001,體育學系,學士班(進修),,67.0
105,國立臺灣體育運動大學,一般大學,01141001,體育學系,碩士在職專班,,8.0
105,國立臺灣體育運動大學,一般大學,01141001,體育學系,碩士班(日間),,15.0
105,國立臺灣體育運動大學,一般大學,02152002,舞蹈學系,學士班(日間),,46.0
105,國立臺灣體育運動大學,一般大學,02152002,舞蹈學系,碩士班(日間),,16.0
105,國立臺灣體育運動大學,一般大學,10141003,競技運動學系,學士班(日間),,27.0
105,國立臺灣體育運動大學,一般大學,10141003,競技運動學系,碩士班(日間),,16.0
105,國立臺灣體育運動大學,一般大學,10141004,球類運動學系,學士班(日間),,75.0
105,國立臺灣體育運動大學,一般大學,10141005,技擊運動學系,學士班(日間),,31.0
105,國立臺灣體育運動大學,一般大學,10142006,運動健康科學學系,學士班(日間),,44.0
105,國立臺灣體育運動大學,一般大學,10142006,運動健康科學學系,碩士班(日間),,6.0
105,國立臺灣體育運動大學,一般大學,10142006,運動健康科學學系碩士班在職學位學程,碩士在職專班,,3.0
105,國立臺灣體育運動大學,一般大學,10152007,休閒運動學系,學士班(日間),,41.0
105,國立臺灣體育運動大學,一般大學,10152008,休閒運動管理研究所,碩士班(日間),,9.0
105,國立臺灣體育運動大學,一般大學,10152008,休閒運動管理碩士學位學程在職專班,碩士在職專班,,8.0
105,國立臺灣體育運動大學,一般大學,10152010,運動事業管理學系,學士班(日間),,41.0
105,國立臺灣體育運動大學,一般大學,10152010,運動事業管理學系,碩士在職專班,,9.0
105,國立臺灣體育運動大學,一般大學,10152010,運動事業管理學系,碩士班(日間),,10.0
105,國立臺灣體育運動大學,一般大學,10152012,運動資訊與傳播學系,學士班(日間),,36.0
105,嶺東科技大學,技專校院,02112003,視覺傳達設計系,學士班(日間),,140.0
105,嶺東科技大學,技專校院,02112003,視覺傳達設計系,學士班(進修),,41.0
105,嶺東科技大學,技專校院,02112003,視覺傳達設計系,碩士在職專班,,3.0
105,嶺東科技大學,技專校院,02112003,視覺傳達設計系,碩士班(日間),,4.0
105,嶺東科技大學,技專校院,02112005,數位媒體設計系,學士班(日間),,100.0
105,嶺東科技大學,技專校院,02112005,數位媒體設計系,學士班(進修),,49.0
105,嶺東科技大學,技專校院,02112005,數位媒體設計系,碩士班(日間),,4.0
105,嶺東科技大學,技專校院,02122002,流行設計系,學士班(日間),,121.0
105,嶺東科技大學,技專校院,02122002,流行設計系,學士班(進修),,30.0
105,嶺東科技大學,技專校院,02122002,流行設計系,碩士班(日間),,5.0
105,嶺東科技大學,技專校院,02123008,創意產品設計系,學士班(日間),,89.0
105,嶺東科技大學,技專校院,02123008,創意產品設計系,學士班(進修),,38.0
105,嶺東科技大學,技專校院,02123008,創意產品設計系,碩士班(日間),,11.0
105,嶺東科技大學,技專校院,02311001,應用外語系,學士班(日間),,95.0
105,嶺東科技大學,技專校院,02311001,應用外語系,學士班(進修),,26.0
105,嶺東科技大學,技專校院,04111010,會計資訊系,學士班(日間),,37.0
105,嶺東科技大學,技專校院,04121017,財務金融系,學士班(日間),,159.0
105,嶺東科技大學,技專校院,04121017,財務金融系,學士班(進修),,19.0
105,嶺東科技大學,技專校院,04121017,財務金融系,碩士在職專班,,6.0
105,嶺東科技大學,技專校院,04121017,財務金融系,碩士班(日間),,10.0
105,嶺東科技大學,技專校院,04122021,財政系,學士班(日間),,41.0
105,嶺東科技大學,技專校院,04122021,財政系財稅與會計資訊碩士班,碩士班(日間),,6.0
105,嶺東科技大學,技專校院,04131013,企業管理系,學士班(日間),,171.0
105,嶺東科技大學,技專校院,04131013,企業管理系,學士班(進修),,79.0
105,嶺東科技大學,技專校院,04131013,企業管理系,碩士在職專班,,5.0
105,嶺東科技大學,技專校院,04131013,企業管理系,碩士班(日間),,4.0
105,嶺東科技大學,技專校院,04131015,國際企業系,學士班(日間),,148.0
105,嶺東科技大學,技專校院,04131015,國際企業系,學士班(進修),,3.0
105,嶺東科技大學,技專校院,04131015,國際企業系,碩士在職專班,,7.0
105,嶺東科技大學,技專校院,04131015,國際企業系,碩士班(日間),,10.0
105,嶺東科技大學,技專校院,04132024,行銷與流通管理系,學士班(日間),,104.0
105,嶺東科技大學,技專校院,04132024,行銷與流通管理系,學士班(進修),,32.0
105,嶺東科技大學,技專校院,04132024,行銷與流通管理系,碩士班(日間),,5.0
105,嶺東科技大學,技專校院,04199028,管理學院高階主管企管碩士在職專班(EMBA),碩士在職專班,,29.0
105,嶺東科技大學,技專校院,04212029,財經法律研究所,碩士班(日間),,7.0
105,嶺東科技大學,技專校院,06131030,資訊科技系,學士班(日間),,70.0
105,嶺東科技大學,技專校院,06131030,資訊科技系,學士班(進修),,15.0
105,嶺東科技大學,技專校院,06131030,資訊科技系,碩士班(日間),,8.0
105,嶺東科技大學,技專校院,06131031,資訊管理系,學士班(日間),,118.0
105,嶺東科技大學,技專校院,06131031,資訊管理系,學士班(進修),,23.0
105,嶺東科技大學,技專校院,06131031,資訊管理系,碩士在職專班,,5.0
105,嶺東科技大學,技專校院,06131031,資訊管理系,碩士班(日間),,5.0
105,嶺東科技大學,技專校院,06131032,資訊網路系,學士班(日間),,99.0
105,嶺東科技大學,技專校院,06131032,資訊網路系,學士班(進修),,28.0
105,嶺東科技大學,技專校院,10151036,觀光與休閒管理系,學士班(日間),,154.0
105,嶺東科技大學,技專校院,10151036,觀光與休閒管理系,學士班(進修),,87.0
105,嶺東科技大學,技專校院,10151036,觀光與休閒管理系,碩士班(日間),,3.0
105,弘光科技大學,技專校院,02299003,文化創意產業系,學士班(日間),,96.0
105,弘光科技大學,技專校院,02299003,文化創意產業系,學士班(進修),,37.0
105,弘光科技大學,技專校院,02311002,應用英語系,學士班(日間),,41.0
105,弘光科技大學,技專校院,02311002,應用英語系,學士班(進修),,28.0
105,弘光科技大學,技專校院,04133005,健康事業管理系,學士班(日間),,102.0
105,弘光科技大學,技專校院,04133005,健康事業管理系,學士班(進修),,42.0
105,弘光科技大學,技專校院,04133005,健康事業管理系,碩士班(日間),,16.0
105,弘光科技大學,技專校院,05121008,生物科技系,學士班(日間),,76.0
105,弘光科技大學,技專校院,05121008,生物科技系,學士班(進修),,22.0
105,弘光科技大學,技專校院,05121008,生物科技系,碩士班(日間),,6.0
105,弘光科技大學,技專校院,05191023,營養系,學士班(日間),,75.0
105,弘光科技大學,技專校院,05191023,營養系,學士班(進修),,47.0
105,弘光科技大學,技專校院,05191023,營養系香港二技專班,學士班(日間),,1.0
105,弘光科技大學,技專校院,05191024,營養醫學研究所,碩士班(日間),,2.0
105,弘光科技大學,技專校院,06131010,資訊管理系,學士班(日間),,88.0
105,弘光科技大學,技專校院,06131010,資訊管理系,學士班(進修),,39.0
105,弘光科技大學,技專校院,06131011,資訊工程系,學士班(日間),,82.0
105,弘光科技大學,技專校院,06131011,資訊工程系,學士班(進修),,24.0
105,弘光科技大學,技專校院,07121012,環境工程研究所,碩士在職專班,,3.0
105,弘光科技大學,技專校院,07121012,環境工程研究所,碩士班(日間),,14.0
105,弘光科技大學,技專校院,07121014,環境與安全衛生工程系,學士班(日間),,132.0
105,弘光科技大學,技專校院,07121014,環境與安全衛生工程系,學士班(進修),,70.0
105,弘光科技大學,技專校院,07193015,生物醫學工程系,學士班(日間),,80.0
105,弘光科技大學,技專校院,07211017,食品科技系,學士班(日間),,99.0
105,弘光科技大學,技專校院,07211017,食品科技系,學士班(進修),,87.0
105,弘光科技大學,技專校院,07211017,食品科技系,碩士在職專班,,5.0
105,弘光科技大學,技專校院,07211017,食品科技系,碩士班(日間),,11.0
105,弘光科技大學,技專校院,09131025,護理科,五專,,48.0
105,弘光科技大學,技專校院,09131025,護理系,學士班(日間),,508.0
105,弘光科技大學,技專校院,09131025,護理系,學士班(進修),,333.0
105,弘光科技大學,技專校院,09131025,護理系,碩士在職專班,,9.0
105,弘光科技大學,技專校院,09131025,護理系,碩士班(日間),,3.0
105,弘光科技大學,技專校院,09151020,物理治療系,學士班(日間),,95.0
105,弘光科技大學,技專校院,09211027,老人福利與事業系,學士班(日間),,91.0
105,弘光科技大學,技專校院,09211027,老人福利與事業系,學士班(進修),,25.0
105,弘光科技大學,技專校院,09211027,老人福利與事業系,碩士班(日間),,10.0
105,弘光科技大學,技專校院,09221028,幼兒保育系,學士班(日間),,93.0
105,弘光科技大學,技專校院,09221028,幼兒保育系,學士班(進修),,23.0
105,弘光科技大學,技專校院,10121031,化妝品應用科,二專(進修),,20.0
105,弘光科技大學,技專校院,10121031,化妝品應用系,學士班(日間),,97.0
105,弘光科技大學,技專校院,10121031,化妝品應用系,學士班(進修),,83.0
105,弘光科技大學,技專校院,10121033,化妝品科技研究所,碩士班(日間),,6.0
105,弘光科技大學,技專校院,10121034,美髮造型設計科,二專(進修),,25.0
105,弘光科技大學,技專校院,10121034,美髮造型設計系,學士班(日間),,45.0
105,弘光科技大學,技專校院,10121034,美髮造型設計系,學士班(進修),,79.0
105,弘光科技大學,技專校院,10131029,餐旅管理科,二專(進修),,1.0
105,弘光科技大學,技專校院,10131029,餐旅管理系,學士班(日間),,165.0
105,弘光科技大學,技專校院,10131029,餐旅管理系,學士班(進修),,100.0
105,弘光科技大學,技專校院,10152030,運動休閒系,學士班(日間),,47.0
105,弘光科技大學,技專校院,10152030,運動休閒系,學士班(進修),,31.0
105,弘光科技大學,技專校院,10221035,職業安全與防災研究所,碩士班(日間),,5.0
105,朝陽科技大學,技專校院,02112003,視覺傳達設計系,學士班(日間),,119.0
105,朝陽科技大學,技專校院,02112003,視覺傳達設計系,學士班(進修),,52.0
105,朝陽科技大學,技專校院,02112003,視覺傳達設計系,碩士班(日間),,3.0
105,朝陽科技大學,技專校院,02123004,工業設計系,學士班(日間),,91.0
105,朝陽科技大學,技專校院,02123004,工業設計系,學士班(進修),,23.0
105,朝陽科技大學,技專校院,02123004,工業設計系,碩士在職專班,,5.0
105,朝陽科技大學,技專校院,02123004,工業設計系,碩士班(日間),,6.0
105,朝陽科技大學,技專校院,02199C02,工業設計系優質化產品設計產業碩士專班,碩士班(日間),,1.0
105,朝陽科技大學,技專校院,02311001,應用英語系,學士班(日間),,117.0
105,朝陽科技大學,技專校院,02311001,應用英語系,學士班(進修),,31.0
105,朝陽科技大學,技專校院,02311001,應用英語系,碩士班(日間),,8.0
105,朝陽科技大學,技專校院,03211006,傳播藝術系,學士班(日間),,154.0
105,朝陽科技大學,技專校院,03211006,傳播藝術系,學士班(進修),,38.0
105,朝陽科技大學,技專校院,04111007,會計系,學士班(日間),,121.0
105,朝陽科技大學,技專校院,04111007,會計系,碩士班(日間),,15.0
105,朝陽科技大學,技專校院,04121010,財務金融系,學士班(日間),,176.0
105,朝陽科技大學,技專校院,04121010,財務金融系,學士班(進修),,14.0
105,朝陽科技大學,技專校院,04121010,財務金融系,碩士在職專班,,17.0
105,朝陽科技大學,技專校院,04121010,財務金融系,碩士班(日間),,22.0
105,朝陽科技大學,技專校院,04123011,保險金融管理系,學士班(日間),,160.0
105,朝陽科技大學,技專校院,04123011,保險金融管理系,碩士在職專班,,14.0
105,朝陽科技大學,技專校院,04123011,保險金融管理系,碩士班(日間),,10.0
105,朝陽科技大學,技專校院,04131008,企業管理系,學士班(日間),,170.0
105,朝陽科技大學,技專校院,04131008,企業管理系,學士班(進修),,45.0
105,朝陽科技大學,技專校院,04131008,企業管理系,碩士在職專班,,21.0
105,朝陽科技大學,技專校院,04131008,企業管理系,碩士班(日間),,30.0
105,朝陽科技大學,技專校院,04131008,企業管理系台灣產業策略發展博士班,博士班,,7.0
105,朝陽科技大學,技專校院,04132012,行銷與流通管理系,學士班(日間),,123.0
105,朝陽科技大學,技專校院,04132012,行銷與流通管理系,學士班(進修),,87.0
105,朝陽科技大學,技專校院,04199014,銀髮產業管理系,學士班(日間),,116.0
105,朝陽科技大學,技專校院,04199014,銀髮產業管理系,學士班(進修),,24.0
105,朝陽科技大學,技專校院,04199C04,企業管理系建材業行銷產業碩士專班,碩士班(日間),,2.0
105,朝陽科技大學,技專校院,05121017,應用化學系生化科技博士班,博士班,,2.0
105,朝陽科技大學,技專校院,05121017,應用化學系生化科技碩士班,碩士班(日間),,5.0
105,朝陽科技大學,技專校院,05311017,應用化學系,學士班(日間),,64.0
105,朝陽科技大學,技專校院,05311017,應用化學系,碩士在職專班,,3.0
105,朝陽科技大學,技專校院,05311017,應用化學系,碩士班(日間),,7.0
105,朝陽科技大學,技專校院,05311C05,應用化學系健康農業技術與推廣產業碩士專班,碩士班(日間),,2.0
105,朝陽科技大學,技專校院,06131019,資訊管理系,博士班,,3.0
105,朝陽科技大學,技專校院,06131019,資訊管理系,學士班(日間),,166.0
105,朝陽科技大學,技專校院,06131019,資訊管理系,學士班(進修),,30.0
105,朝陽科技大學,技專校院,06131019,資訊管理系,碩士在職專班,,9.0
105,朝陽科技大學,技專校院,06131019,資訊管理系,碩士班(日間),,18.0
105,朝陽科技大學,技專校院,06199C06,資訊工程系精密機械暨水下機電技術整合產業碩士專班,碩士班(日間),,1.0
105,朝陽科技大學,技專校院,07121027,環境工程與管理系,學士班(日間),,98.0
105,朝陽科技大學,技專校院,07121027,環境工程與管理系,碩士在職專班,,8.0
105,朝陽科技大學,技專校院,07121027,環境工程與管理系,碩士班(日間),,19.0
105,朝陽科技大學,技專校院,07141020,資訊工程系,學士班(日間),,111.0
105,朝陽科技大學,技專校院,07141020,資訊工程系,學士班(進修),,25.0
105,朝陽科技大學,技專校院,07141020,資訊工程系,碩士在職專班,,1.0
105,朝陽科技大學,技專校院,07141020,資訊工程系,碩士班(日間),,19.0
105,朝陽科技大學,技專校院,07141023,資訊與通訊系,學士班(日間),,103.0
105,朝陽科技大學,技專校院,07141023,資訊與通訊系,學士班(進修),,30.0
105,朝陽科技大學,技專校院,07141023,資訊與通訊系,碩士班(日間),,12.0
105,朝陽科技大學,技專校院,07191026,工業工程與管理系,學士班(日間),,114.0
105,朝陽科技大學,技專校院,07191026,工業工程與管理系,學士班(進修),,27.0
105,朝陽科技大學,技專校院,07191026,工業工程與管理系,碩士在職專班,,10.0
105,朝陽科技大學,技專校院,07191026,工業工程與管理系,碩士班(日間),,14.0
105,朝陽科技大學,技專校院,07311028,建築系,學士班(日間),,103.0
105,朝陽科技大學,技專校院,07311028,建築系建築及都市設計博士班,博士班,,1.0
105,朝陽科技大學,技專校院,07311028,建築系建築及都市設計碩士班,碩士班(日間),,10.0
105,朝陽科技大學,技專校院,07312031,景觀及都市設計系,學士班(日間),,48.0
105,朝陽科技大學,技專校院,07312031,景觀及都市設計系,碩士班(日間),,3.0
105,朝陽科技大學,技專校院,07321025,營建工程系,博士班,,2.0
105,朝陽科技大學,技專校院,07321025,營建工程系,學士班(日間),,108.0
105,朝陽科技大學,技專校院,07321025,營建工程系,碩士在職專班,,7.0
105,朝陽科技大學,技專校院,07321025,營建工程系,碩士班(日間),,7.0
105,朝陽科技大學,技專校院,09221035,幼兒保育系,學士班(日間),,108.0
105,朝陽科技大學,技專校院,09221035,幼兒保育系,學士班(進修),,31.0
105,朝陽科技大學,技專校院,09221035,幼兒保育系,碩士在職專班,,3.0
105,朝陽科技大學,技專校院,09221035,幼兒保育系,碩士班(日間),,15.0
105,朝陽科技大學,技專校院,09231034,社會工作系,學士班(日間),,108.0
105,朝陽科技大學,技專校院,09231034,社會工作系,學士班(進修),,26.0
105,朝陽科技大學,技專校院,09231034,社會工作系,碩士班(日間),,6.0
105,朝陽科技大學,技專校院,10152036,休閒事業管理系,學士班(日間),,222.0
105,朝陽科技大學,技專校院,10152036,休閒事業管理系,學士班(進修),,147.0
105,朝陽科技大學,技專校院,10152036,休閒事業管理系,碩士在職專班,,27.0
105,朝陽科技大學,技專校院,10152036,休閒事業管理系,碩士班(日間),,18.0
105,東海大學,一般大學,01111001,教育研究所,碩士在職專班,,16.0
105,東海大學,一般大學,01111001,教育研究所,碩士班(日間),,11.0
105,東海大學,一般大學,02123011,工業設計學系,學士班(日間),,44.0
105,東海大學,一般大學,02123011,工業設計學系,碩士在職專班,,5.0
105,東海大學,一般大學,02123011,工業設計學系,碩士班(日間),,12.0
105,東海大學,一般大學,02131002,美術學系,學士班(日間),,56.0
105,東海大學,一般大學,02131002,美術學系,學士班(進修),,26.0
105,東海大學,一般大學,02131002,美術學系,碩士在職專班,,9.0
105,東海大學,一般大學,02131002,美術學系,碩士班(日間),,11.0
105,東海大學,一般大學,02151003,音樂學系,學士班(日間),,29.0
105,東海大學,一般大學,02151003,音樂學系,碩士班(日間),,17.0
105,東海大學,一般大學,02221009,歷史學系,學士班(日間),,48.0
105,東海大學,一般大學,02221009,歷史學系,碩士班(日間),,3.0
105,東海大學,一般大學,02231010,哲學系,博士班,,1.0
105,東海大學,一般大學,02231010,哲學系,學士班(日間),,43.0
105,東海大學,一般大學,02231010,哲學系,碩士在職專班,,1.0
105,東海大學,一般大學,02231010,哲學系,碩士班(日間),,6.0
105,東海大學,一般大學,02311005,外國語文學系,學士班(日間),,101.0
105,東海大學,一般大學,02311005,外國語文學系,碩士班(日間),,4.0
105,東海大學,一般大學,02311007,日本語言文化學系,學士班(日間),,104.0
105,東海大學,一般大學,02311007,日本語言文化學系,碩士班(日間),,2.0
105,東海大學,一般大學,02322004,中國文學系,博士班,,2.0
105,東海大學,一般大學,02322004,中國文學系,學士班(日間),,112.0
105,東海大學,一般大學,02322004,中國文學系,碩士在職專班,,2.0
105,東海大學,一般大學,02322004,中國文學系,碩士班(日間),,4.0
105,東海大學,一般大學,03111012,經濟學系,學士班(日間),,172.0
105,東海大學,一般大學,03111012,經濟學系,學士班(進修),,11.0
105,東海大學,一般大學,03111012,經濟學系,碩士班(日間),,8.0
105,東海大學,一般大學,03121013,政治學系,博士班,,3.0
105,東海大學,一般大學,03121013,政治學系,學士班(日間),,95.0
105,東海大學,一般大學,03121013,政治學系,碩士班(日間),,6.0
105,東海大學,一般大學,03141014,社會學系,博士班,,4.0
105,東海大學,一般大學,03141014,社會學系,學士班(日間),,109.0
105,東海大學,一般大學,03141014,社會學系,碩士班(日間),,5.0
105,東海大學,一般大學,04111018,會計學系,學士班(日間),,122.0
105,東海大學,一般大學,04111018,會計學系,碩士在職專班,,7.0
105,東海大學,一般大學,04111018,會計學系,碩士班(日間),,26.0
105,東海大學,一般大學,04121024,財務金融學系,學士班(日間),,119.0
105,東海大學,一般大學,04121024,財務金融學系,碩士在職專班,,13.0
105,東海大學,一般大學,04121024,財務金融學系,碩士班(日間),,18.0
105,東海大學,一般大學,04131019,企業管理學系,學士班(日間),,166.0
105,東海大學,一般大學,04131019,企業管理學系,碩士班(日間),,19.0
105,東海大學,一般大學,04131019,企業管理學系高階企業經營碩士在職專班,碩士在職專班,,1.0
105,東海大學,一般大學,04133044,工業工程與經營資訊學系高階醫務工程與管理碩士在職專班,碩士在職專班,,9.0
105,東海大學,一般大學,04134016,行政管理暨政策學系,學士班(日間),,64.0
105,東海大學,一般大學,04134016,行政管理暨政策學系,碩士班(日間),,5.0
105,東海大學,一般大學,04134016,行政管理暨政策學系第三部門碩士在職專班,碩士在職專班,,5.0
105,東海大學,一般大學,04134017,公共事務碩士專班,碩士在職專班,,24.0
105,東海大學,一般大學,04141023,國際經營與貿易學系,學士班(日間),,175.0
105,東海大學,一般大學,04141023,國際經營與貿易學系,碩士班(日間),,13.0
105,東海大學,一般大學,04199025,高階經營管理碩士在職專班,碩士在職專班,,58.0
105,東海大學,一般大學,04211027,法律學系,學士班(日間),,118.0
105,東海大學,一般大學,04211027,法律學系,學士班(進修),,23.0
105,東海大學,一般大學,04211027,法律學系,碩士班(日間),,16.0
105,東海大學,一般大學,05111028,生命科學系,博士班,,3.0
105,東海大學,一般大學,05111028,生命科學系,學士班(日間),,79.0
105,東海大學,一般大學,05111028,生命科學系,碩士班(日間),,6.0
105,東海大學,一般大學,05311030,化學系,學士班(日間),,77.0
105,東海大學,一般大學,05311030,化學系,碩士班(日間),,16.0
105,東海大學,一般大學,05331032,應用物理學系,學士班(日間),,70.0
105,東海大學,一般大學,05331032,應用物理學系,碩士班(日間),,10.0
105,東海大學,一般大學,05411034,應用數學系,學士班(日間),,55.0
105,東海大學,一般大學,05411034,應用數學系,碩士班(日間),,5.0
105,東海大學,一般大學,05421035,統計學系,學士班(日間),,89.0
105,東海大學,一般大學,05421035,統計學系,碩士班(日間),,7.0
105,東海大學,一般大學,06131036,資訊管理學系,學士班(日間),,51.0
105,東海大學,一般大學,06131036,資訊管理學系,碩士班(日間),,17.0
105,東海大學,一般大學,06133047,數位創新碩士學位學程,碩士班(日間),,1.0
105,東海大學,一般大學,07111042,化學工程與材料工程學系,博士班,,1.0
105,東海大學,一般大學,07111042,化學工程與材料工程學系,學士班(日間),,98.0
105,東海大學,一般大學,07111042,化學工程與材料工程學系,碩士班(日間),,28.0
105,東海大學,一般大學,07121045,環境科學與工程學系,學士班(日間),,93.0
105,東海大學,一般大學,07121045,環境科學與工程學系,碩士班(日間),,12.0
105,東海大學,一般大學,07141037,電機工程學系,學士班(日間),,46.0
105,東海大學,一般大學,07141037,電機工程學系,碩士班(日間),,7.0
105,東海大學,一般大學,07141039,資訊工程學系,學士班(日間),,107.0
105,東海大學,一般大學,07141039,資訊工程學系,學士班(進修),,12.0
105,東海大學,一般大學,07141039,資訊工程學系,碩士在職專班,,4.0
105,東海大學,一般大學,07141039,資訊工程學系,碩士班(日間),,23.0
105,東海大學,一般大學,07191044,工業工程與經營資訊學系,學士班(日間),,102.0
105,東海大學,一般大學,07191044,工業工程與經營資訊學系,碩士班(日間),,14.0
105,東海大學,一般大學,07211052,食品科學系,學士班(日間),,103.0
105,東海大學,一般大學,07211052,食品科學系,碩士班(日間),,12.0
105,東海大學,一般大學,07311048,建築學系,學士班(日間),,26.0
105,東海大學,一般大學,07311048,建築學系,碩士班(日間),,13.0
105,東海大學,一般大學,07312049,景觀學系,學士班(日間),,64.0
105,東海大學,一般大學,07312049,景觀學系,碩士在職專班,,7.0
105,東海大學,一般大學,07312049,景觀學系,碩士班(日間),,15.0
105,東海大學,一般大學,08112051,畜產與生物科技學系,學士班(日間),,94.0
105,東海大學,一般大學,08112051,畜產與生物科技學系,碩士班(日間),,5.0
105,東海大學,一般大學,09231053,社會工作學系,博士班,,4.0
105,東海大學,一般大學,09231053,社會工作學系,學士班(日間),,128.0
105,東海大學,一般大學,09231053,社會工作學系,碩士班(日間),,17.0
105,東海大學,一般大學,10131054,餐旅管理學系,學士班(日間),,62.0
105,東海大學,一般大學,10131054,餐旅管理學系,碩士在職專班,,12.0
105,東海大學,一般大學,10131054,餐旅管理學系,碩士班(日間),,8.0
105,逢甲大學,一般大學,02122005,創意設計碩士學位學程,碩士班(日間),,8.0
105,逢甲大學,一般大學,02124007,室內設計進修學士班,學士班(進修),,13.0
105,逢甲大學,一般大學,02221003,歷史與文物研究所,碩士班(日間),,3.0
105,逢甲大學,一般大學,02311002,外國語文學系,學士班(日間),,98.0
105,逢甲大學,一般大學,02311002,外國語文學系英語文研究碩士班,碩士班(日間),,3.0
105,逢甲大學,一般大學,02322001,中國文學系,博士班,,5.0
105,逢甲大學,一般大學,02322001,中國文學系,學士班(日間),,60.0
105,逢甲大學,一般大學,02322001,中國文學系,碩士班(日間),,2.0
105,逢甲大學,一般大學,03111009,經濟學系,學士班(日間),,104.0
105,逢甲大學,一般大學,03111009,經濟學系,碩士班(日間),,8.0
105,逢甲大學,一般大學,03111012,合作經濟暨社會事業經營學系,學士班(日間),,55.0
105,逢甲大學,一般大學,03111012,合作經濟暨社會事業經營學系,碩士在職專班,,2.0
105,逢甲大學,一般大學,03111012,合作經濟暨社會事業經營學系,碩士班(日間),,4.0
105,逢甲大學,一般大學,04111017,會計學系,學士班(日間),,190.0
105,逢甲大學,一般大學,04111017,會計學系,碩士班(日間),,17.0
105,逢甲大學,一般大學,04121025,財務金融學系,學士班(日間),,177.0
105,逢甲大學,一般大學,04121025,財務金融學系,碩士班(日間),,16.0
105,逢甲大學,一般大學,04121026,金融博士學位學程,博士班,,4.0
105,逢甲大學,一般大學,04121026,金融碩士在職專班,碩士在職專班,,20.0
105,逢甲大學,一般大學,04121028,財務工程與精算學士學位學程,學士班(日間),,39.0
105,逢甲大學,一般大學,04122032,財稅學系,學士班(日間),,105.0
105,逢甲大學,一般大學,04122032,財稅學系,碩士在職專班,,1.0
105,逢甲大學,一般大學,04122032,財稅學系,碩士班(日間),,11.0
105,逢甲大學,一般大學,04123029,風險管理與保險學系,學士班(日間),,108.0
105,逢甲大學,一般大學,04123029,風險管理與保險學系,碩士班(日間),,20.0
105,逢甲大學,一般大學,04131019,企業管理學系,學士班(日間),,150.0
105,逢甲大學,一般大學,04131019,企業管理學系,碩士班(日間),,19.0
105,逢甲大學,一般大學,04131020,經營管理碩士在職專班,碩士在職專班,,148.0
105,逢甲大學,一般大學,04131021,國際企業管理學士學位學程(英語專班),學士班(日間),,74.0
105,逢甲大學,一般大學,04131022,國際經營管理碩士學位學程,碩士班(日間),,10.0
105,逢甲大學,一般大學,04131034,西班牙薩拉戈薩大學物流供應鏈管理與創新創業雙碩士學位學程,碩士班(日間),,4.0
105,逢甲大學,一般大學,04132C01,全球運籌經營管理產業碩士專班,碩士班(日間),,5.0
105,逢甲大學,一般大學,04134013,公共政策研究所,碩士在職專班,,30.0
105,逢甲大學,一般大學,04134013,公共政策研究所,碩士班(日間),,7.0
105,逢甲大學,一般大學,04134086,土地管理學系,學士班(日間),,105.0
105,逢甲大學,一般大學,04134086,土地管理學系,碩士在職專班,,10.0
105,逢甲大學,一般大學,04134086,土地管理學系,碩士班(日間),,10.0
105,逢甲大學,一般大學,04141024,國際經營與貿易學系,學士班(日間),,190.0
105,逢甲大學,一般大學,04141024,國際經營與貿易學系,碩士班(日間),,10.0
105,逢甲大學,一般大學,04141033,行銷學系,學士班(日間),,128.0
105,逢甲大學,一般大學,04191014,商學博士學位學程,博士班,,9.0
105,逢甲大學,一般大學,04191014,商學進修學士班,學士班(進修),,150.0
105,逢甲大學,一般大學,04191015,電子商務碩士在職專班,碩士在職專班,,2.0
105,逢甲大學,一般大學,04191016,商學院商學專業碩士在職專班,碩士在職專班,,20.0
105,逢甲大學,一般大學,04199036,科技管理碩士學位學程,碩士班(日間),,12.0
105,逢甲大學,一般大學,04199037,建設學院專案管理碩士在職專班,碩士在職專班,,10.0
105,逢甲大學,一般大學,04212038,財經法律研究所,碩士在職專班,,7.0
105,逢甲大學,一般大學,04212038,財經法律研究所,碩士班(日間),,17.0
105,逢甲大學,一般大學,05411039,應用數學系,學士班(日間),,90.0
105,逢甲大學,一般大學,05411039,應用數學系,碩士班(日間),,10.0
105,逢甲大學,一般大學,05421040,統計學系,學士班(日間),,99.0
105,逢甲大學,一般大學,05421040,統計學系統計與精算碩士班,碩士班(日間),,21.0
105,逢甲大學,一般大學,06131048,資訊工程學系,學士班(日間),,192.0
105,逢甲大學,一般大學,06131048,資訊工程學系,碩士班(日間),,46.0
105,逢甲大學,一般大學,07111068,化學工程學系,博士班,,1.0
105,逢甲大學,一般大學,07111068,化學工程學系,學士班(日間),,111.0
105,逢甲大學,一般大學,07111068,化學工程學系,碩士班(日間),,35.0
105,逢甲大學,一般大學,07112069,材料科學與工程學系,博士班,,1.0
105,逢甲大學,一般大學,07112069,材料科學與工程學系,學士班(日間),,107.0
105,逢甲大學,一般大學,07112069,材料科學與工程學系,碩士班(日間),,27.0
105,逢甲大學,一般大學,07121075,環境工程與科學學系,博士班,,1.0
105,逢甲大學,一般大學,07121075,環境工程與科學學系,學士班(日間),,89.0
105,逢甲大學,一般大學,07121075,環境工程與科學學系,碩士班(日間),,19.0
105,逢甲大學,一般大學,07122077,水利工程與資源保育學系,學士班(日間),,88.0
105,逢甲大學,一般大學,07122077,水利工程與資源保育學系,碩士班(日間),,13.0
105,逢甲大學,一般大學,07132079,綠色能源科技碩士學位學程,碩士班(日間),,9.0
105,逢甲大學,一般大學,07141044,電機工程學系,學士班(日間),,114.0
105,逢甲大學,一般大學,07141044,電機工程學系,碩士班(日間),,27.0
105,逢甲大學,一般大學,07141045,電機與通訊工程博士學位學程,博士班,,7.0
105,逢甲大學,一般大學,07141046,電子工程學系,學士班(日間),,124.0
105,逢甲大學,一般大學,07141046,電子工程學系,碩士班(日間),,21.0
105,逢甲大學,一般大學,07141047,光電學系,學士班(日間),,106.0
105,逢甲大學,一般大學,07141047,光電學系,碩士班(日間),,18.0
105,逢甲大學,一般大學,07141049,自動控制工程學系,學士班(日間),,122.0
105,逢甲大學,一般大學,07141049,自動控制工程學系,碩士班(日間),,23.0
105,逢甲大學,一般大學,07141050,通訊工程學系,學士班(日間),,95.0
105,逢甲大學,一般大學,07141050,通訊工程學系,碩士班(日間),,22.0
105,逢甲大學,一般大學,07141053,資訊電機工程碩士在職專班,碩士在職專班,,13.0
105,逢甲大學,一般大學,07141054,光電能源與視覺科技碩士在職專班,碩士在職專班,,12.0
105,逢甲大學,一般大學,07141C04,智能化機電系統設計產業碩士專班,碩士班(日間),,5.0
105,逢甲大學,一般大學,07141C06,資訊與通訊產業碩士專班,碩士班(日間),,3.0
105,逢甲大學,一般大學,07151060,機械與航空工程博士學位學程,博士班,,4.0
105,逢甲大學,一般大學,07151061,機械與電腦輔助工程學系,學士班(日間),,149.0
105,逢甲大學,一般大學,07151061,機械與電腦輔助工程學系機械工程碩士在職專班,碩士在職專班,,21.0
105,逢甲大學,一般大學,07151061,機械與電腦輔助工程學系機械工程碩士班,碩士班(日間),,20.0
105,逢甲大學,一般大學,07151062,精密系統設計學士學位學程,學士班(日間),,39.0
105,逢甲大學,一般大學,07162059,航太與系統工程學系,學士班(日間),,96.0
105,逢甲大學,一般大學,07162059,航太與系統工程學系,碩士班(日間),,18.0
105,逢甲大學,一般大學,07191072,工業工程與系統管理學系,博士班,,2.0
105,逢甲大學,一般大學,07191072,工業工程與系統管理學系,學士班(日間),,95.0
105,逢甲大學,一般大學,07191072,工業工程與系統管理學系,碩士在職專班,,26.0
105,逢甲大學,一般大學,07191072,工業工程與系統管理學系,碩士班(日間),,21.0
105,逢甲大學,一般大學,07192074,纖維與複合材料學系,博士班,,4.0
105,逢甲大學,一般大學,07192074,纖維與複合材料學系,學士班(日間),,83.0
105,逢甲大學,一般大學,07192074,纖維與複合材料學系,碩士在職專班,,11.0
105,逢甲大學,一般大學,07192074,纖維與複合材料學系,碩士班(日間),,21.0
105,逢甲大學,一般大學,07193078,生醫資訊暨生醫工程碩士學位學程,碩士班(日間),,5.0
105,逢甲大學,一般大學,07199080,電聲碩士學位學程,碩士班(日間),,7.0
105,逢甲大學,一般大學,07311081,建築學士學位學程,學士班(日間),,111.0
105,逢甲大學,一般大學,07311081,建築碩士在職學位學程,碩士在職專班,,8.0
105,逢甲大學,一般大學,07311081,建築碩士學位學程,碩士班(日間),,15.0
105,逢甲大學,一般大學,07312084,景觀與遊憩碩士學位學程,碩士在職專班,,3.0
105,逢甲大學,一般大學,07312084,景觀與遊憩碩士學位學程,碩士班(日間),,6.0
105,逢甲大學,一般大學,07313087,都市計畫與空間資訊學系,學士班(日間),,105.0
105,逢甲大學,一般大學,07313087,都市計畫與空間資訊學系,碩士在職專班,,12.0
105,逢甲大學,一般大學,07313087,都市計畫與空間資訊學系,碩士班(日間),,21.0
105,逢甲大學,一般大學,07321063,土木工程學系,學士班(日間),,90.0
105,逢甲大學,一般大學,07321063,土木工程學系,碩士在職專班,,7.0
105,逢甲大學,一般大學,07321063,土木工程學系,碩士班(日間),,17.0
105,逢甲大學,一般大學,07321063,土木工程學系營建工程與管理進修學士班,學士班(進修),,25.0
105,逢甲大學,一般大學,07321064,土木及水利工程博士學位學程,博士班,,7.0
105,逢甲大學,一般大學,10411088,運輸科技與管理學系,學士班(日間),,111.0
105,逢甲大學,一般大學,10411088,運輸科技與管理學系,碩士在職專班,,9.0
105,逢甲大學,一般大學,10411088,運輸科技與管理學系,碩士班(日間),,10.0
105,靜宜大學,一般大學,01111001,教育研究所,碩士在職專班,,13.0
105,靜宜大學,一般大學,01111001,教育研究所,碩士班(日間),,14.0
105,靜宜大學,一般大學,02311004,英國語文學系,學士班(日間),,162.0
105,靜宜大學,一般大學,02311004,英國語文學系,碩士班(日間),,8.0
105,靜宜大學,一般大學,02311005,西班牙語文學系,學士班(日間),,86.0
105,靜宜大學,一般大學,02311005,西班牙語文學系,碩士班(日間),,4.0
105,靜宜大學,一般大學,02311006,日本語文學系,學士班(日間),,135.0
105,靜宜大學,一般大學,02311006,日本語文學系,碩士班(日間),,2.0
105,靜宜大學,一般大學,02321002,台灣文學系,學士班(日間),,48.0
105,靜宜大學,一般大學,02321002,台灣文學系,碩士班(日間),,1.0
105,靜宜大學,一般大學,02322003,中國文學系,學士班(日間),,84.0
105,靜宜大學,一般大學,02322003,中國文學系,碩士班(日間),,2.0
105,靜宜大學,一般大學,03211008,大眾傳播學系,學士班(日間),,54.0
105,靜宜大學,一般大學,03211008,大眾傳播學系,碩士班(日間),,2.0
105,靜宜大學,一般大學,03214009,資訊傳播工程學系,學士班(日間),,88.0
105,靜宜大學,一般大學,03214009,資訊傳播工程學系,碩士班(日間),,4.0
105,靜宜大學,一般大學,04111011,會計學系,學士班(日間),,159.0
105,靜宜大學,一般大學,04111011,會計學系,碩士班(日間),,11.0
105,靜宜大學,一般大學,04121019,財務金融學系,學士班(日間),,169.0
105,靜宜大學,一般大學,04121019,財務金融學系,碩士班(日間),,14.0
105,靜宜大學,一般大學,04131012,企業管理學系,學士班(日間),,145.0
105,靜宜大學,一般大學,04131012,企業管理學系,碩士班(日間),,6.0
105,靜宜大學,一般大學,04131013,經營管理進修學士班,學士班(進修),,4.0
105,靜宜大學,一般大學,04131014,管理碩士在職專班,碩士在職專班,,28.0
105,靜宜大學,一般大學,04131015,國際企業學系,學士班(日間),,175.0
105,靜宜大學,一般大學,04131015,國際企業學系,碩士班(日間),,14.0
105,靜宜大學,一般大學,04131017,國際碩士學位學程,碩士班(日間),,11.0
105,靜宜大學,一般大學,04131018,創新與創業管理碩士學位學程,碩士班(日間),,1.0
105,靜宜大學,一般大學,04191010,寰宇管理學士學位學程,學士班(日間),,34.0
105,靜宜大學,一般大學,04211020,法律學系,學士班(日間),,123.0
105,靜宜大學,一般大學,04211020,法律學系,碩士班(日間),,7.0
105,靜宜大學,一般大學,05191031,食品營養學系,博士班,,4.0
105,靜宜大學,一般大學,05191031,食品營養學系,學士班(日間),,109.0
105,靜宜大學,一般大學,05191031,食品營養學系,碩士班(日間),,10.0
105,靜宜大學,一般大學,05211021,生態人文學系,學士班(日間),,52.0
105,靜宜大學,一般大學,05311023,應用化學系,博士班,,2.0
105,靜宜大學,一般大學,05311023,應用化學系,學士班(日間),,90.0
105,靜宜大學,一般大學,05311023,應用化學系,碩士班(日間),,13.0
105,靜宜大學,一般大學,05421024,統計資訊學系,學士班(日間),,40.0
105,靜宜大學,一般大學,05499025,財務與計算數學系,學士班(日間),,78.0
105,靜宜大學,一般大學,05499025,財務與計算數學系,碩士班(日間),,7.0
105,靜宜大學,一般大學,06131027,資訊管理學系,學士班(日間),,103.0
105,靜宜大學,一般大學,06131027,資訊管理學系,碩士班(日間),,3.0
105,靜宜大學,一般大學,06134028,資訊學院資訊應用與科技管理碩士在職專班,碩士在職專班,,4.0
105,靜宜大學,一般大學,07141030,資訊工程學系,學士班(日間),,87.0
105,靜宜大學,一般大學,07141030,資訊工程學系,碩士班(日間),,6.0
105,靜宜大學,一般大學,09161035,化粧品科學系,學士班(日間),,152.0
105,靜宜大學,一般大學,09161035,化粧品科學系,碩士在職專班,,4.0
105,靜宜大學,一般大學,09161035,化粧品科學系,碩士班(日間),,11.0
105,靜宜大學,一般大學,09231032,社會工作與兒童少年福利學系,學士班(日間),,156.0
105,靜宜大學,一般大學,09231032,社會工作與兒童少年福利學系,碩士在職專班,,13.0
105,靜宜大學,一般大學,09231032,社會工作與兒童少年福利學系,碩士班(日間),,21.0
105,靜宜大學,一般大學,10151034,觀光事業學系,學士班(日間),,190.0
105,靜宜大學,一般大學,10151034,觀光事業學系,碩士在職專班,,22.0
105,靜宜大學,一般大學,10151034,觀光事業學系,碩士班(日間),,8.0
106,中國醫藥大學,一般大學,03131001,神經科學與認知科學研究所,碩士班(日間),1.0,1.0
106,中國醫藥大學,一般大學,04133029,醫務管理學系,學士班(日間),113.0,35.0
106,中國醫藥大學,一般大學,04133029,醫務管理學系,碩士在職專班,54.0,23.0
106,中國醫藥大學,一般大學,04133029,醫務管理學系,碩士班(日間),37.0,22.0
106,中國醫藥大學,一般大學,05121043,生物科技學系,博士班,15.0,1.0
106,中國醫藥大學,一般大學,05121043,生物科技學系,學士班(日間),230.0,52.0
106,中國醫藥大學,一般大學,05121043,生物科技學系,碩士班(日間),29.0,13.0
106,中國醫藥大學,一般大學,05191021,營養學系,博士班,9.0,1.0
106,中國醫藥大學,一般大學,05191021,營養學系,學士班(日間),297.0,65.0
106,中國醫藥大學,一般大學,05191021,營養學系,碩士班(日間),48.0,24.0
106,中國醫藥大學,一般大學,07193031,生物醫學工程碩士學位學程,碩士班(日間),8.0,3.0
106,中國醫藥大學,一般大學,07193055,醫學工程與復健科技產業博士學位學程,博士班,3.0,
106,中國醫藥大學,一般大學,08411012,中獸醫碩士學位學程,碩士班(日間),8.0,2.0
106,中國醫藥大學,一般大學,09111019,牙醫學系,學士班(日間),318.0,48.0
106,中國醫藥大學,一般大學,09111019,牙醫學系,碩士班(日間),8.0,2.0
106,中國醫藥大學,一般大學,09111030,口腔衛生學系,學士班(日間),25.0,8.0
106,中國醫藥大學,一般大學,09121003,生物醫學研究所,博士班,56.0,
106,中國醫藥大學,一般大學,09121003,生物醫學研究所,碩士班(日間),74.0,26.0
106,中國醫藥大學,一般大學,09121004,臨床醫學研究所,博士班,42.0,12.0
106,中國醫藥大學,一般大學,09121004,臨床醫學研究所,碩士班(日間),3.0,2.0
106,中國醫藥大學,一般大學,09121005,免疫學研究所,碩士班(日間),3.0,1.0
106,中國醫藥大學,一般大學,09121006,基礎醫學研究所,博士班,17.0,6.0
106,中國醫藥大學,一般大學,09121006,基礎醫學研究所,碩士班(日間),7.0,5.0
106,中國醫藥大學,一般大學,09121014,中醫學系,博士班,57.0,12.0
106,中國醫藥大學,一般大學,09121014,中醫學系,學士班(日間),1417.0,114.0
106,中國醫藥大學,一般大學,09121014,中醫學系,碩士班(日間),24.0,8.0
106,中國醫藥大學,一般大學,09121014,學士後中醫學系,學士班(日間),,101.0
106,中國醫藥大學,一般大學,09121016,醫學系,學士班(日間),928.0,126.0
106,中國醫藥大學,一般大學,09121020,國際生物醫學碩士學位學程,碩士班(日間),7.0,
106,中國醫藥大學,一般大學,09121023,老化醫學博士學位學程,博士班,20.0,3.0
106,中國醫藥大學,一般大學,09121025,轉譯醫學博士學位學程,博士班,4.0,1.0
106,中國醫藥大學,一般大學,09121046,中西醫結合研究所,博士班,,3.0
106,中國醫藥大學,一般大學,09121046,中西醫結合研究所,碩士班(日間),,5.0
106,中國醫藥大學,一般大學,09121049,癌症生物與藥物研發博士學位學程,博士班,10.0,2.0
106,中國醫藥大學,一般大學,09131024,二年制呼吸治療學系,學士班(進修),47.0,24.0
106,中國醫藥大學,一般大學,09131045,護理學系,學士班(日間),282.0,71.0
106,中國醫藥大學,一般大學,09131045,護理學系,學士班(進修),19.0,
106,中國醫藥大學,一般大學,09131045,護理學系,碩士班(日間),55.0,15.0
106,中國醫藥大學,一般大學,09141017,醫學檢驗生物技術學系,學士班(日間),198.0,45.0
106,中國醫藥大學,一般大學,09141017,醫學檢驗生物技術學系,碩士班(日間),19.0,8.0
106,中國醫藥大學,一般大學,09141032,生物醫學影像暨放射科學學系,學士班(日間),208.0,49.0
106,中國醫藥大學,一般大學,09141032,生物醫學影像暨放射科學學系,碩士班(日間),8.0,4.0
106,中國醫藥大學,一般大學,09151010,物理治療學系,學士班(日間),240.0,46.0
106,中國醫藥大學,一般大學,09151010,物理治療學系復健科學碩士班,碩士班(日間),12.0,4.0
106,中國醫藥大學,一般大學,09159047,運動醫學系,學士班(日間),198.0,28.0
106,中國醫藥大學,一般大學,09161015,新藥開發研究所,博士班,3.0,
106,中國醫藥大學,一般大學,09161034,藥學系,博士班,21.0,2.0
106,中國醫藥大學,一般大學,09161034,藥學系,學士班(日間),1139.0,228.0
106,中國醫藥大學,一般大學,09161034,藥學系,碩士班(日間),31.0,13.0
106,中國醫藥大學,一般大學,09161039,中國藥學暨中藥資源學系,博士班,15.0,1.0
106,中國醫藥大學,一般大學,09161039,中國藥學暨中藥資源學系,學士班(日間),162.0,35.0
106,中國醫藥大學,一般大學,09161039,中國藥學暨中藥資源學系,碩士班(日間),18.0,9.0
106,中國醫藥大學,一般大學,09161042,藥用化妝品學系,學士班(日間),190.0,51.0
106,中國醫藥大學,一般大學,09161042,藥用化妝品學系,碩士班(日間),19.0,4.0
106,中國醫藥大學,一般大學,09161050,製藥碩士學位學程,碩士班(日間),21.0,12.0
106,中國醫藥大學,一般大學,09161051,生技製藥產業博士學位學程,博士班,4.0,
106,中國醫藥大學,一般大學,09171013,針灸研究所,博士班,11.0,2.0
106,中國醫藥大學,一般大學,09171013,針灸研究所,碩士班(日間),12.0,4.0
106,中國醫藥大學,一般大學,09171046,中西醫結合研究所,博士班,10.0,
106,中國醫藥大學,一般大學,09171046,中西醫結合研究所,碩士班(日間),12.0,
106,中國醫藥大學,一般大學,09171048,國際針灸碩士學位學程,碩士班(日間),6.0,5.0
106,中國醫藥大學,一般大學,09191008,健康風險管理學系,學士班(日間),43.0,14.0
106,中國醫藥大學,一般大學,09191008,健康風險管理學系風險管理碩士班,碩士班(日間),4.0,4.0
106,中國醫藥大學,一般大學,09191026,公共衛生國際碩士學位學程,碩士班(日間),,4.0
106,中國醫藥大學,一般大學,09191026,公共衛生學系,博士班,74.0,11.0
106,中國醫藥大學,一般大學,09191026,公共衛生學系,學士班(日間),139.0,43.0
106,中國醫藥大學,一般大學,09191026,公共衛生學系,碩士班(日間),65.0,21.0
106,中國醫藥大學,一般大學,09191038,職業安全與衛生學系,學士班(日間),126.0,
106,中國醫藥大學,一般大學,09191038,職業安全與衛生學系,碩士在職專班,20.0,
106,中國醫藥大學,一般大學,09191038,職業安全與衛生學系,碩士班(日間),15.0,
106,中國醫藥大學,一般大學,09191056,公共衛生學院大一不分系,學士班(日間),142.0,
106,中國醫藥大學,一般大學,09199037,生物統計研究所,碩士班(日間),1.0,1.0
106,中國醫藥大學,一般大學,09199053,食品暨藥物安全碩士學位學程,碩士班(日間),5.0,
106,中國醫藥大學,一般大學,09199054,健康科技產業博士學位學程,博士班,2.0,
106,中國醫藥大學,一般大學,10221038,職業安全與衛生學系,學士班(日間),,48.0
106,中國醫藥大學,一般大學,10221038,職業安全與衛生學系,碩士在職專班,,9.0
106,中國醫藥大學,一般大學,10221038,職業安全與衛生學系,碩士班(日間),,7.0
106,中山醫學大學,一般大學,02311003,應用外國語言學系,學士班(日間),183.0,49.0
106,中山醫學大學,一般大學,02311003,應用外國語言學系,學士班(進修),27.0,15.0
106,中山醫學大學,一般大學,03131004,心理學系,學士班(日間),219.0,56.0
106,中山醫學大學,一般大學,03131004,心理學系臨床心理學碩士班,碩士班(日間),59.0,11.0
106,中山醫學大學,一般大學,04133006,醫療產業科技管理學系,學士班(日間),159.0,35.0
106,中山醫學大學,一般大學,04133006,醫療產業科技管理學系,學士班(進修),2.0,2.0
106,中山醫學大學,一般大學,04133006,醫療產業科技管理學系,碩士在職專班,29.0,13.0
106,中山醫學大學,一般大學,04133006,醫療產業科技管理學系,碩士班(日間),12.0,6.0
106,中山醫學大學,一般大學,05121012,生物醫學科學學系,學士班(日間),311.0,63.0
106,中山醫學大學,一般大學,05121012,生物醫學科學學系,碩士班(日間),10.0,7.0
106,中山醫學大學,一般大學,05123013,生化微生物免疫研究所,博士班,,4.0
106,中山醫學大學,一般大學,05123013,生化微生物免疫研究所,碩士在職專班,,5.0
106,中山醫學大學,一般大學,05123013,生化微生物免疫研究所,碩士班(日間),,9.0
106,中山醫學大學,一般大學,05191026,營養學系,博士班,13.0,2.0
106,中山醫學大學,一般大學,05191026,營養學系,學士班(日間),389.0,84.0
106,中山醫學大學,一般大學,05191026,營養學系,碩士在職專班,5.0,
106,中山醫學大學,一般大學,05191026,營養學系,碩士班(日間),42.0,21.0
106,中山醫學大學,一般大學,05199013,生化微生物免疫研究所,博士班,25.0,
106,中山醫學大學,一般大學,05199013,生化微生物免疫研究所,碩士在職專班,20.0,
106,中山醫學大學,一般大學,05199013,生化微生物免疫研究所,碩士班(日間),24.0,
106,中山醫學大學,一般大學,05399015,醫學應用化學系,學士班(日間),184.0,41.0
106,中山醫學大學,一般大學,05399015,醫學應用化學系,碩士班(日間),15.0,6.0
106,中山醫學大學,一般大學,06131033,醫學資訊學系,學士班(日間),,27.0
106,中山醫學大學,一般大學,06131033,醫學資訊學系,碩士班(日間),,5.0
106,中山醫學大學,一般大學,09111038,牙醫學系,博士班,13.0,7.0
106,中山醫學大學,一般大學,09111038,牙醫學系,學士班(日間),478.0,84.0
106,中山醫學大學,一般大學,09111038,牙醫學系,碩士班(日間),11.0,3.0
106,中山醫學大學,一般大學,09111039,口腔科學研究所,博士班,12.0,1.0
106,中山醫學大學,一般大學,09111039,口腔科學研究所,碩士班(日間),16.0,8.0
106,中山醫學大學,一般大學,09121018,醫學研究所,博士班,123.0,24.0
106,中山醫學大學,一般大學,09121018,醫學研究所,碩士班(日間),55.0,21.0
106,中山醫學大學,一般大學,09121018,醫學系,學士班(日間),966.0,
106,中山醫學大學,一般大學,09121018,醫學系七年制,學士班(日間),,147.0
106,中山醫學大學,一般大學,09131028,護理學系,學士班(日間),476.0,108.0
106,中山醫學大學,一般大學,09131028,護理學系,碩士班(日間),47.0,5.0
106,中山醫學大學,一般大學,09131028,護理學系長期照護碩士在職專班,碩士在職專班,47.0,
106,中山醫學大學,一般大學,09141030,醫學檢驗暨生物技術學系,學士班(日間),418.0,116.0
106,中山醫學大學,一般大學,09141030,醫學檢驗暨生物技術學系,碩士在職專班,23.0,
106,中山醫學大學,一般大學,09141030,醫學檢驗暨生物技術學系,碩士班(日間),10.0,2.0
106,中山醫學大學,一般大學,09141030,醫學科技學院醫學檢驗暨生物技術學系澳門境外碩士在職專班,碩士在職專班,,17.0
106,中山醫學大學,一般大學,09141031,醫學影像暨放射科學系,學士班(日間),328.0,96.0
106,中山醫學大學,一般大學,09141031,醫學影像暨放射科學系,碩士班(日間),17.0,8.0
106,中山醫學大學,一般大學,09141032,視光學系,學士班(日間),223.0,57.0
106,中山醫學大學,一般大學,09141032,視光學系,學士班(進修),128.0,38.0
106,中山醫學大學,一般大學,09141032,視光學系,碩士班(日間),21.0,7.0
106,中山醫學大學,一般大學,09141033,醫學資訊學系,學士班(日間),137.0,
106,中山醫學大學,一般大學,09141033,醫學資訊學系,碩士班(日間),10.0,
106,中山醫學大學,一般大學,09151022,物理治療學系,學士班(日間),190.0,40.0
106,中山醫學大學,一般大學,09151022,物理治療學系,碩士班(日間),8.0,1.0
106,中山醫學大學,一般大學,09152023,職能治療學系,學士班(日間),192.0,45.0
106,中山醫學大學,一般大學,09152023,職能治療學系,碩士班(日間),9.0,3.0
106,中山醫學大學,一般大學,09153024,語言治療與聽力學系,學士班(日間),362.0,74.0
106,中山醫學大學,一般大學,09153024,語言治療與聽力學系,碩士班(日間),20.0,
106,中山醫學大學,一般大學,09191020,公共衛生學系,博士班,27.0,2.0
106,中山醫學大學,一般大學,09191020,公共衛生學系,學士班(日間),281.0,63.0
106,中山醫學大學,一般大學,09191020,公共衛生學系,碩士班(日間),22.0,11.0
106,中山醫學大學,一般大學,09231045,醫學社會暨社會工作學系,學士班(日間),386.0,89.0
106,中山醫學大學,一般大學,09231045,醫學社會暨社會工作學系,碩士班(日間),17.0,1.0
106,中山醫學大學,一般大學,10131046,健康餐飲暨產業管理學系,學士班(日間),181.0,42.0
106,中山醫學大學,一般大學,10131046,健康餐飲暨產業管理學系,學士班(進修),2.0,1.0
106,中山醫學大學,一般大學,10131046,健康餐飲暨產業管理學系,碩士班(日間),13.0,8.0
106,中山醫學大學,一般大學,10221021,職業安全衛生學系,學士班(日間),202.0,44.0
106,中山醫學大學,一般大學,10221021,職業安全衛生學系,碩士在職專班,24.0,3.0
106,中山醫學大學,一般大學,10221021,職業安全衛生學系,碩士班(日間),14.0,9.0
106,中臺科技大學,技專校院,01111009,文教事業經營研究所,碩士在職專班,54.0,15.0
106,中臺科技大學,技專校院,01111009,文教事業經營研究所,碩士班(日間),22.0,11.0
106,中臺科技大學,技專校院,01121001,兒童教育暨事業經營系,學士班(日間),371.0,90.0
106,中臺科技大學,技專校院,01121001,兒童教育暨事業經營系,學士班(進修),239.0,76.0
106,中臺科技大學,技專校院,02311002,應用外語系,學士班(日間),392.0,99.0
106,中臺科技大學,技專校院,02311002,應用外語系,學士班(進修),113.0,21.0
106,中臺科技大學,技專校院,04131003,國際企業系,學士班(日間),215.0,54.0
106,中臺科技大學,技專校院,04131003,國際企業系,學士班(進修),90.0,15.0
106,中臺科技大學,技專校院,04133008,醫療暨健康產業管理系,學士班(日間),422.0,110.0
106,中臺科技大學,技專校院,04133008,醫療暨健康產業管理系,學士班(進修),135.0,30.0
106,中臺科技大學,技專校院,04133008,醫療暨健康產業管理系,碩士在職專班,43.0,13.0
106,中臺科技大學,技專校院,04133008,醫療暨健康產業管理系,碩士班(日間),16.0,8.0
106,中臺科技大學,技專校院,04143004,行銷管理系,學士班(日間),418.0,112.0
106,中臺科技大學,技專校院,04143004,行銷管理系,學士班(進修),120.0,23.0
106,中臺科技大學,技專校院,05121011,生物科技研究所,碩士班(日間),2.0,
106,中臺科技大學,技專校院,06131012,資訊管理系,學士班(日間),368.0,93.0
106,中臺科技大學,技專校院,06131012,資訊管理系,學士班(進修),95.0,23.0
106,中臺科技大學,技專校院,07121013,環境與安全衛生工程系,學士班(日間),273.0,63.0
106,中臺科技大學,技專校院,07121013,環境與安全衛生工程系,學士班(進修),102.0,20.0
106,中臺科技大學,技專校院,07121013,環境與安全衛生工程系,碩士班(日間),16.0,7.0
106,中臺科技大學,技專校院,07193014,生物科技暨醫學工程研究所,碩士班(日間),11.0,6.0
106,中臺科技大學,技專校院,07211017,食品科技系,學士班(日間),426.0,89.0
106,中臺科技大學,技專校院,07211017,食品科技系,學士班(進修),332.0,71.0
106,中臺科技大學,技專校院,07211017,食品科技系,碩士班(日間),9.0,3.0
106,中臺科技大學,技專校院,09111033,牙體技術暨材料系,學士班(日間),590.0,165.0
106,中臺科技大學,技專校院,09111033,牙體技術暨材料系,碩士班(日間),10.0,5.0
106,中臺科技大學,技專校院,09131020,護理系,學士班(日間),779.0,273.0
106,中臺科技大學,技專校院,09131020,護理系,學士班(進修),1256.0,351.0
106,中臺科技大學,技專校院,09131020,護理系,碩士在職專班,74.0,14.0
106,中臺科技大學,技專校院,09131020,護理系,碩士班(日間),32.0,5.0
106,中臺科技大學,技專校院,09141028,醫學檢驗生物技術系,學士班(日間),527.0,157.0
106,中臺科技大學,技專校院,09141028,醫學檢驗生物技術系,碩士班(日間),8.0,5.0
106,中臺科技大學,技專校院,09141029,醫學影像暨放射科學系,博士班,20.0,3.0
106,中臺科技大學,技專校院,09141029,醫學影像暨放射科學系,學士班(日間),561.0,157.0
106,中臺科技大學,技專校院,09141029,醫學影像暨放射科學系,碩士在職專班,21.0,10.0
106,中臺科技大學,技專校院,09141029,醫學影像暨放射科學系,碩士班(日間),10.0,6.0
106,中臺科技大學,技專校院,09141030,視光系,學士班(日間),273.0,59.0
106,中臺科技大學,技專校院,09141030,視光系,學士班(進修),159.0,21.0
106,中臺科技大學,技專校院,09199C02,視光系產業碩士專班,碩士班(日間),2.0,
106,中臺科技大學,技專校院,09211034,老人照顧系,學士班(日間),245.0,49.0
106,中臺科技大學,技專校院,09211034,老人照顧系,學士班(進修),105.0,45.0
106,中臺科技大學,技專校院,09212024,長期照顧碩士學位學程,碩士在職專班,51.0,2.0
106,亞洲大學,一般大學,01121001,幼兒教育學系,學士班(日間),391.0,90.0
106,亞洲大學,一般大學,02112006,視覺傳達設計學系,學士班(日間),480.0,119.0
106,亞洲大學,一般大學,02112006,視覺傳達設計學系,碩士班(日間),23.0,
106,亞洲大學,一般大學,02112007,數位媒體設計學系,博士班,42.0,4.0
106,亞洲大學,一般大學,02112007,數位媒體設計學系,學士班(日間),497.0,112.0
106,亞洲大學,一般大學,02112007,數位媒體設計學系,碩士班(日間),22.0,7.0
106,亞洲大學,一般大學,02122004,時尚設計學系,學士班(日間),399.0,101.0
106,亞洲大學,一般大學,02122005,創意設計學院不分系國際設計學士班,學士班(日間),56.0,10.0
106,亞洲大學,一般大學,02123011,創意商品設計學系,學士班(日間),479.0,119.0
106,亞洲大學,一般大學,02123011,創意商品設計學系,學士班(進修),173.0,38.0
106,亞洲大學,一般大學,02123011,創意商品設計學系,碩士班(日間),22.0,5.0
106,亞洲大學,一般大學,02124012,室內設計學系,學士班(日間),211.0,41.0
106,亞洲大學,一般大學,02311002,外國語文學系,學士班(日間),440.0,97.0
106,亞洲大學,一般大學,02311002,外國語文學系,碩士班(日間),19.0,2.0
106,亞洲大學,一般大學,03131013,心理學系,學士班(日間),514.0,117.0
106,亞洲大學,一般大學,03131013,心理學系,碩士班(日間),124.0,23.0
106,亞洲大學,一般大學,03211014,資訊傳播學系,學士班(日間),448.0,
106,亞洲大學,一般大學,03213014,資訊傳播學系,學士班(日間),,117.0
106,亞洲大學,一般大學,03213014,資訊傳播學系,碩士班(日間),15.0,10.0
106,亞洲大學,一般大學,04111015,會計與資訊學系,學士班(日間),276.0,62.0
106,亞洲大學,一般大學,04111015,會計與資訊學系,碩士班(日間),11.0,3.0
106,亞洲大學,一般大學,04121019,財務金融學系,學士班(日間),467.0,129.0
106,亞洲大學,一般大學,04121019,財務金融學系,學士班(進修),8.0,5.0
106,亞洲大學,一般大學,04121019,財務金融學系,碩士在職專班,41.0,35.0
106,亞洲大學,一般大學,04121019,財務金融學系,碩士班(日間),13.0,11.0
106,亞洲大學,一般大學,04121020,國際財務金融管理學士學位學程,學士班(日間),28.0,11.0
106,亞洲大學,一般大學,04131017,經營管理學系,博士班,67.0,5.0
106,亞洲大學,一般大學,04131017,經營管理學系,學士班(日間),757.0,215.0
106,亞洲大學,一般大學,04131017,經營管理學系,學士班(進修),52.0,28.0
106,亞洲大學,一般大學,04131017,經營管理學系,碩士在職專班,135.0,79.0
106,亞洲大學,一般大學,04131017,經營管理學系,碩士班(日間),74.0,26.0
106,亞洲大學,一般大學,04131054,創新與創業管理碩士學位學程,碩士班(日間),15.0,
106,亞洲大學,一般大學,04131055,EMBA高階經理碩士在職學位學程,碩士在職專班,31.0,
106,亞洲大學,一般大學,04199018,新興產業策略與發展博士學位學程,博士班,14.0,
106,亞洲大學,一般大學,04199026,管理學院進修學士學位學程,學士班(進修),301.0,
106,亞洲大學,一般大學,04212027,財經法律學系,學士班(日間),450.0,118.0
106,亞洲大學,一般大學,04212027,財經法律學系,碩士班(日間),28.0,3.0
106,亞洲大學,一般大學,05121028,生物科技學系,學士班(日間),380.0,96.0
106,亞洲大學,一般大學,05121028,生物科技學系,碩士班(日間),23.0,10.0
106,亞洲大學,一般大學,05191053,食品營養與保健生技學系,學士班(日間),400.0,100.0
106,亞洲大學,一般大學,05191053,食品營養與保健生技學系,學士班(進修),240.0,51.0
106,亞洲大學,一般大學,05191053,食品營養與保健生技學系,碩士班(日間),32.0,12.0
106,亞洲大學,一般大學,06134033,行動商務與多媒體應用學系,學士班(日間),411.0,105.0
106,亞洲大學,一般大學,06134033,行動商務與多媒體應用學系,碩士班(日間),10.0,4.0
106,亞洲大學,一般大學,06134037,資訊工程學系,博士班,,2.0
106,亞洲大學,一般大學,06134037,資訊工程學系,學士班(日間),345.0,80.0
106,亞洲大學,一般大學,06134037,資訊工程學系,碩士在職專班,,15.0
106,亞洲大學,一般大學,06134037,資訊工程學系,碩士班(日間),,16.0
106,亞洲大學,一般大學,07141037,資訊工程學系,博士班,19.0,
106,亞洲大學,一般大學,07141037,資訊工程學系,碩士在職專班,24.0,
106,亞洲大學,一般大學,07141037,資訊工程學系,碩士班(日間),35.0,
106,亞洲大學,一般大學,07141040,光電與通訊學系,學士班(日間),183.0,46.0
106,亞洲大學,一般大學,07141040,光電與通訊學系,碩士在職專班,9.0,5.0
106,亞洲大學,一般大學,07141040,光電與通訊學系,碩士班(日間),7.0,3.0
106,亞洲大學,一般大學,07193029,生物資訊與醫學工程學系,博士班,14.0,4.0
106,亞洲大學,一般大學,07193029,生物資訊與醫學工程學系,學士班(日間),145.0,27.0
106,亞洲大學,一般大學,07193029,生物資訊與醫學工程學系,碩士在職專班,33.0,15.0
106,亞洲大學,一般大學,07193029,生物資訊與醫學工程學系,碩士班(日間),5.0,4.0
106,亞洲大學,一般大學,08411045,學士後獸醫學系,學士班(日間),76.0,
106,亞洲大學,一般大學,09131046,護理學系,學士班(日間),360.0,42.0
106,亞洲大學,一般大學,09141047,視光學系,學士班(日間),136.0,
106,亞洲大學,一般大學,09152052,職能治療學系,學士班(日間),94.0,
106,亞洲大學,一般大學,09153051,聽力暨語言治療學系,學士班(日間),97.0,
106,亞洲大學,一般大學,09191021,健康產業管理學系,博士班,,4.0
106,亞洲大學,一般大學,09191021,健康產業管理學系,學士班(日間),,102.0
106,亞洲大學,一般大學,09191021,健康產業管理學系,碩士在職專班,,17.0
106,亞洲大學,一般大學,09191021,健康產業管理學系,碩士班(日間),,14.0
106,亞洲大學,一般大學,09211021,健康產業管理學系,博士班,26.0,
106,亞洲大學,一般大學,09211021,健康產業管理學系,學士班(日間),405.0,
106,亞洲大學,一般大學,09211021,健康產業管理學系,碩士在職專班,60.0,
106,亞洲大學,一般大學,09211021,健康產業管理學系,碩士班(日間),41.0,
106,亞洲大學,一般大學,09231048,社會工作學系,學士班(日間),471.0,115.0
106,亞洲大學,一般大學,09231048,社會工作學系,學士班(進修),146.0,30.0
106,亞洲大學,一般大學,09231048,社會工作學系,碩士班(日間),48.0,16.0
106,亞洲大學,一般大學,10151049,休閒與遊憩管理學系,學士班(日間),497.0,125.0
106,亞洲大學,一般大學,10151049,休閒與遊憩管理學系,學士班(進修),131.0,85.0
106,亞洲大學,一般大學,10151049,休閒與遊憩管理學系,碩士在職專班,64.0,46.0
106,亞洲大學,一般大學,10151049,休閒與遊憩管理學系,碩士班(日間),33.0,16.0
106,修平學校財團法人修平科技大學,技專校院,02112005,數位媒體設計系,學士班(日間),398.0,104.0
106,修平學校財團法人修平科技大學,技專校院,02311003,應用英語科,附設進專,,1.0
106,修平學校財團法人修平科技大學,技專校院,02311003,應用英語系,學士班(日間),212.0,52.0
106,修平學校財團法人修平科技大學,技專校院,02311004,應用日語科,附設進專,,11.0
106,修平學校財團法人修平科技大學,技專校院,02311004,應用日語系,學士班(日間),354.0,66.0
106,修平學校財團法人修平科技大學,技專校院,04121011,應用財務金融系,學士班(日間),151.0,73.0
106,修平學校財團法人修平科技大學,技專校院,04131009,國際企業經營科,附設進專,,18.0
106,修平學校財團法人修平科技大學,技專校院,04131009,國際企業經營系,學士班(日間),345.0,111.0
106,修平學校財團法人修平科技大學,技專校院,04131009,國際企業經營系,學士班(進修),112.0,20.0
106,修平學校財團法人修平科技大學,技專校院,04131009,國際企業經營系,附設進院,,29.0
106,修平學校財團法人修平科技大學,技專校院,04132013,行銷與流通管理系,學士班(日間),478.0,121.0
106,修平學校財團法人修平科技大學,技專校院,04132013,行銷與流通管理系,學士班(進修),71.0,
106,修平學校財團法人修平科技大學,技專校院,04199015,人力資源管理與發展系,學士班(日間),265.0,68.0
106,修平學校財團法人修平科技大學,技專校院,04199015,人力資源管理與發展系,碩士班(日間),19.0,9.0
106,修平學校財團法人修平科技大學,技專校院,06121018,資訊網路技術系,學士班(日間),302.0,77.0
106,修平學校財團法人修平科技大學,技專校院,06121018,資訊網路技術系,學士班(進修),2.0,
106,修平學校財團法人修平科技大學,技專校院,06131017,資訊管理科,附設進專,,3.0
106,修平學校財團法人修平科技大學,技專校院,06131017,資訊管理系,學士班(日間),241.0,70.0
106,修平學校財團法人修平科技大學,技專校院,06131017,資訊管理系,學士班(進修),90.0,21.0
106,修平學校財團法人修平科技大學,技專校院,07132028,能源與材料科技系,學士班(日間),89.0,29.0
106,修平學校財團法人修平科技大學,技專校院,07141019,電機工程科,附設進專,,8.0
106,修平學校財團法人修平科技大學,技專校院,07141019,電機工程系,學士班(日間),266.0,75.0
106,修平學校財團法人修平科技大學,技專校院,07141019,電機工程系,學士班(進修),158.0,27.0
106,修平學校財團法人修平科技大學,技專校院,07141019,電機工程系,碩士班(日間),17.0,4.0
106,修平學校財團法人修平科技大學,技專校院,07141019,電機工程系,附設進院,,25.0
106,修平學校財團法人修平科技大學,技專校院,07141020,電子工程系,學士班(日間),237.0,67.0
106,修平學校財團法人修平科技大學,技專校院,07151021,機械工程科,二專(進修),6.0,6.0
106,修平學校財團法人修平科技大學,技專校院,07151021,機械工程科,附設進專,,35.0
106,修平學校財團法人修平科技大學,技專校院,07151021,機械工程系,學士班(日間),418.0,90.0
106,修平學校財團法人修平科技大學,技專校院,07151021,機械工程系,學士班(進修),261.0,31.0
106,修平學校財團法人修平科技大學,技專校院,07151021,機械工程系,附設進院,,52.0
106,修平學校財團法人修平科技大學,技專校院,07151021,機械工程系_雙軌旗艦機電整合,學士班(日間),,23.0
106,修平學校財團法人修平科技大學,技專校院,07151021,機械工程系精密機械與製造科技碩士班,碩士班(日間),7.0,5.0
106,修平學校財團法人修平科技大學,技專校院,07191026,工業工程與管理系,學士班(日間),241.0,52.0
106,修平學校財團法人修平科技大學,技專校院,07191026,工業工程與管理系,學士班(進修),112.0,16.0
106,修平學校財團法人修平科技大學,技專校院,07191026,工業工程與管理系,附設進院,,1.0
106,修平學校財團法人修平科技大學,技專校院,07191026,工業工程與管理系精實生產管理碩士在職專班,碩士在職專班,12.0,6.0
106,修平學校財團法人修平科技大學,技專校院,07191026,工業工程與管理系精實生產管理碩士班,碩士班(日間),5.0,3.0
106,修平學校財團法人修平科技大學,技專校院,10151029,觀光與遊憩管理系,學士班(日間),342.0,102.0
106,僑光科技大學,技專校院,02122004,生活創意設計系,學士班(日間),460.0,107.0
106,僑光科技大學,技專校院,02122004,生活創意設計系,學士班(進修),286.0,33.0
106,僑光科技大學,技專校院,02123005,電腦輔助工業設計系,學士班(日間),486.0,105.0
106,僑光科技大學,技專校院,02123005,電腦輔助工業設計系,學士班(進修),247.0,44.0
106,僑光科技大學,技專校院,02311003,應用英語系,學士班(日間),472.0,118.0
106,僑光科技大學,技專校院,02311003,應用英語系,學士班(進修),47.0,
106,僑光科技大學,技專校院,02323001,應用華語文系,學士班(日間),3.0,4.0
106,僑光科技大學,技專校院,04111007,會計資訊系,學士班(日間),2.0,1.0
106,僑光科技大學,技專校院,04111007,會計資訊系,學士班(進修),1.0,2.0
106,僑光科技大學,技專校院,04121013,財務金融系,學士班(日間),474.0,115.0
106,僑光科技大學,技專校院,04121013,財務金融系,學士班(進修),218.0,50.0
106,僑光科技大學,技專校院,04121013,財務金融系,碩士班(日間),23.0,10.0
106,僑光科技大學,技專校院,04131009,企業管理科,二專(進修),5.0,2.0
106,僑光科技大學,技專校院,04131009,企業管理科,五專,1.0,
106,僑光科技大學,技專校院,04131009,企業管理系,學士班(日間),486.0,117.0
106,僑光科技大學,技專校院,04131009,企業管理系,學士班(進修),385.0,83.0
106,僑光科技大學,技專校院,04131009,企業管理系,碩士在職專班,32.0,11.0
106,僑光科技大學,技專校院,04131009,企業管理系,碩士班(日間),27.0,10.0
106,僑光科技大學,技專校院,04132016,行銷與流通管理科,二專(進修),12.0,9.0
106,僑光科技大學,技專校院,04132016,行銷與流通管理系,學士班(日間),557.0,158.0
106,僑光科技大學,技專校院,04132016,行銷與流通管理系,學士班(進修),475.0,118.0
106,僑光科技大學,技專校院,04141011,國際貿易系,學士班(日間),475.0,116.0
106,僑光科技大學,技專校院,04141011,國際貿易系,學士班(進修),203.0,24.0
106,僑光科技大學,技專校院,04141011,國際貿易系,碩士在職專班,1.0,1.0
106,僑光科技大學,技專校院,04212018,財經法律系,學士班(日間),356.0,102.0
106,僑光科技大學,技專校院,04212018,財經法律系,學士班(進修),202.0,38.0
106,僑光科技大學,技專校院,06131019,資訊科技系,學士班(日間),336.0,63.0
106,僑光科技大學,技專校院,06131019,資訊科技系,學士班(進修),386.0,51.0
106,僑光科技大學,技專校院,06131020,資訊管理系,學士班(日間),3.0,3.0
106,僑光科技大學,技專校院,06131020,資訊管理系,學士班(進修),11.0,10.0
106,僑光科技大學,技專校院,06132021,多媒體與遊戲設計系,學士班(日間),460.0,
106,僑光科技大學,技專校院,06132021,多媒體與遊戲設計系,學士班(進修),207.0,
106,僑光科技大學,技專校院,06133021,多媒體與遊戲設計系,學士班(日間),,111.0
106,僑光科技大學,技專校院,06133021,多媒體與遊戲設計系,學士班(進修),,49.0
106,僑光科技大學,技專校院,07191022,工業工程與管理系,學士班(日間),1.0,2.0
106,僑光科技大學,技專校院,07191022,工業工程與管理系,學士班(進修),3.0,3.0
106,僑光科技大學,技專校院,10131024,餐飲管理系,學士班(日間),783.0,171.0
106,僑光科技大學,技專校院,10131024,餐飲管理系,學士班(進修),474.0,115.0
106,僑光科技大學,技專校院,10131024,餐飲管理系_雙軌旗艦餐飲門市管理,學士班(日間),,14.0
106,僑光科技大學,技專校院,10131024,餐飲管理系_餐飲管理產學攜手專班,學士班(進修),,5.0
106,僑光科技大學,技專校院,10131025,旅館與會展管理系,學士班(日間),468.0,113.0
106,僑光科技大學,技專校院,10131025,旅館與會展管理系,學士班(進修),380.0,87.0
106,僑光科技大學,技專校院,10151026,觀光與休閒事業管理系,學士班(日間),727.0,152.0
106,僑光科技大學,技專校院,10151026,觀光與休閒事業管理系,學士班(進修),676.0,152.0
106,僑光科技大學,技專校院,10199A03,餐飲管理系餐飲管理產學攜手專班,學士班(進修),5.0,
106,國立中興大學,一般大學,01111001,教師專業發展研究所,碩士班(日間),25.0,6.0
106,國立中興大學,一般大學,02221007,歷史學系,博士班,26.0,
106,國立中興大學,一般大學,02221007,歷史學系,學士班(日間),245.0,59.0
106,國立中興大學,一般大學,02221007,歷史學系,碩士在職專班,22.0,3.0
106,國立中興大學,一般大學,02221007,歷史學系,碩士班(日間),47.0,11.0
106,國立中興大學,一般大學,02299008,文化創意產業學士學位學程,學士班(進修),176.0,29.0
106,國立中興大學,一般大學,02311006,外國語文學系,學士班(日間),258.0,65.0
106,國立中興大學,一般大學,02311006,外國語文學系,學士班(進修),230.0,43.0
106,國立中興大學,一般大學,02311006,外國語文學系,碩士班(日間),30.0,6.0
106,國立中興大學,一般大學,02321003,台灣文學與跨國文化研究所,碩士在職專班,41.0,2.0
106,國立中興大學,一般大學,02321003,台灣文學與跨國文化研究所,碩士班(日間),41.0,11.0
106,國立中興大學,一般大學,02321003,台灣文學與跨國文化研究所教師在職進修碩士學位班,碩士在職專班,,6.0
106,國立中興大學,一般大學,02321004,台灣與跨文化研究國際博士學位學程,博士班,6.0,
106,國立中興大學,一般大學,02322005,中國文學系,博士班,35.0,4.0
106,國立中興大學,一般大學,02322005,中國文學系,學士班(日間),249.0,62.0
106,國立中興大學,一般大學,02322005,中國文學系,學士班(進修),164.0,31.0
106,國立中興大學,一般大學,02322005,中國文學系,碩士在職專班,41.0,7.0
106,國立中興大學,一般大學,02322005,中國文學系,碩士班(日間),66.0,10.0
106,國立中興大學,一般大學,03111009,應用經濟學系,博士班,25.0,1.0
106,國立中興大學,一般大學,03111009,應用經濟學系,學士班(日間),238.0,54.0
106,國立中興大學,一般大學,03111009,應用經濟學系,碩士在職專班,32.0,13.0
106,國立中興大學,一般大學,03111009,應用經濟學系,碩士班(日間),37.0,11.0
106,國立中興大學,一般大學,03122010,國際政治研究所,博士班,20.0,1.0
106,國立中興大學,一般大學,03122010,國際政治研究所,碩士在職專班,60.0,16.0
106,國立中興大學,一般大學,03122010,國際政治研究所,碩士班(日間),47.0,10.0
106,國立中興大學,一般大學,03122012,全球事務研究跨洲碩士學位學程,碩士班(日間),40.0,
106,國立中興大學,一般大學,03222013,圖書資訊學研究所,碩士班(日間),38.0,5.0
106,國立中興大學,一般大學,04111015,會計學系,學士班(日間),174.0,38.0
106,國立中興大學,一般大學,04111015,會計學系,碩士班(日間),43.0,21.0
106,國立中興大學,一般大學,04121019,財務金融學系,博士班,15.0,2.0
106,國立中興大學,一般大學,04121019,財務金融學系,學士班(日間),251.0,61.0
106,國立中興大學,一般大學,04121019,財務金融學系,碩士班(日間),65.0,32.0
106,國立中興大學,一般大學,04131016,企業管理學系,博士班,26.0,2.0
106,國立中興大學,一般大學,04131016,企業管理學系,學士班(日間),238.0,62.0
106,國立中興大學,一般大學,04131016,企業管理學系,學士班(進修),9.0,4.0
106,國立中興大學,一般大學,04131016,企業管理學系,碩士班(日間),57.0,18.0
106,國立中興大學,一般大學,04131018,創新產業經營學士學位學程,學士班(進修),165.0,42.0
106,國立中興大學,一般大學,04134011,國家政策與公共事務研究所,碩士在職專班,64.0,25.0
106,國立中興大學,一般大學,04134011,國家政策與公共事務研究所,碩士班(日間),18.0,6.0
106,國立中興大學,一般大學,04143020,行銷學系,學士班(日間),193.0,46.0
106,國立中興大學,一般大學,04143020,行銷學系,碩士班(日間),51.0,19.0
106,國立中興大學,一般大學,04199012,全球事務研究跨洲碩士學位學程,碩士班(日間),,8.0
106,國立中興大學,一般大學,04199021,科技管理研究所,博士班,33.0,4.0
106,國立中興大學,一般大學,04199021,科技管理研究所,碩士班(日間),87.0,
106,國立中興大學,一般大學,04199021,科技管理研究所科技管理碩士班,碩士班(日間),,21.0
106,國立中興大學,一般大學,04199021,科技管理研究所電子商務碩士班,碩士班(日間),,17.0
106,國立中興大學,一般大學,04199022,高階經理人碩士在職專班,碩士在職專班,240.0,109.0
106,國立中興大學,一般大學,04211023,法律學系,學士班(日間),174.0,45.0
106,國立中興大學,一般大學,04211023,法律學系,碩士在職專班,94.0,17.0
106,國立中興大學,一般大學,04211023,法律學系科技法律碩士班,碩士班(日間),68.0,19.0
106,國立中興大學,一般大學,05111026,生命科學碩士在職專班,碩士在職專班,60.0,20.0
106,國立中興大學,一般大學,05111026,生命科學系,博士班,44.0,7.0
106,國立中興大學,一般大學,05111026,生命科學系,學士班(日間),370.0,83.0
106,國立中興大學,一般大學,05111026,生命科學系,碩士班(日間),139.0,51.0
106,國立中興大學,一般大學,05111029,昆蟲學系,博士班,14.0,3.0
106,國立中興大學,一般大學,05111029,昆蟲學系,學士班(日間),167.0,29.0
106,國立中興大學,一般大學,05111029,昆蟲學系,碩士班(日間),50.0,16.0
106,國立中興大學,一般大學,05121027,生物科技學研究所,博士班,80.0,10.0
106,國立中興大學,一般大學,05121027,生物科技學研究所,碩士班(日間),60.0,26.0
106,國立中興大學,一般大學,05121031,生物科技學士學位學程,學士班(日間),122.0,27.0
106,國立中興大學,一般大學,05121033,分子生物學研究所,博士班,14.0,2.0
106,國立中興大學,一般大學,05121033,分子生物學研究所,碩士班(日間),45.0,15.0
106,國立中興大學,一般大學,05121035,生物醫學研究所,博士班,,4.0
106,國立中興大學,一般大學,05121035,生物醫學研究所,碩士班(日間),,12.0
106,國立中興大學,一般大學,05121037,基因體暨生物資訊學研究所,碩士班(日間),22.0,9.0
106,國立中興大學,一般大學,05123034,生物化學研究所,博士班,7.0,3.0
106,國立中興大學,一般大學,05123034,生物化學研究所,碩士班(日間),28.0,11.0
106,國立中興大學,一般大學,05123035,生物醫學研究所,博士班,24.0,
106,國立中興大學,一般大學,05123035,生物醫學研究所,碩士班(日間),31.0,
106,國立中興大學,一般大學,05124038,微生物基因體學博士學位學程,博士班,20.0,
106,國立中興大學,一般大學,05292082,水土保持學系,博士班,33.0,3.0
106,國立中興大學,一般大學,05292082,水土保持學系,學士班(日間),237.0,55.0
106,國立中興大學,一般大學,05292082,水土保持學系,碩士在職專班,52.0,22.0
106,國立中興大學,一般大學,05292082,水土保持學系,碩士班(日間),62.0,27.0
106,國立中興大學,一般大學,05311039,化學系,博士班,23.0,8.0
106,國立中興大學,一般大學,05311039,化學系,學士班(日間),203.0,48.0
106,國立中興大學,一般大學,05311039,化學系,碩士班(日間),148.0,65.0
106,國立中興大學,一般大學,05331040,物理學系,博士班,13.0,2.0
106,國立中興大學,一般大學,05331040,物理學系,學士班(日間),228.0,50.0
106,國立中興大學,一般大學,05331040,物理學系,碩士班(日間),36.0,14.0
106,國立中興大學,一般大學,05331040,物理學系(奈米電子與光電能源)中科碩士在職專班,碩士在職專班,7.0,2.0
106,國立中興大學,一般大學,05331040,物理學系生物物理學碩士班,碩士班(日間),,1.0
106,國立中興大學,一般大學,05331058,奈米科學研究所,碩士班(日間),35.0,13.0
106,國立中興大學,一般大學,05411041,應用數學系,博士班,14.0,3.0
106,國立中興大學,一般大學,05411041,應用數學系,學士班(日間),337.0,63.0
106,國立中興大學,一般大學,05411041,應用數學系,碩士在職專班,45.0,17.0
106,國立中興大學,一般大學,05411041,應用數學系,碩士班(日間),52.0,7.0
106,國立中興大學,一般大學,05411041,應用數學系中等學校教師在職進修數學教學碩士學位班,碩士在職專班,,2.0
106,國立中興大學,一般大學,05411041,應用數學系計算科學碩士班,碩士班(日間),,7.0
106,國立中興大學,一般大學,05421042,統計學研究所,碩士班(日間),37.0,21.0
106,國立中興大學,一般大學,06131043,資訊管理學系,學士班(日間),149.0,34.0
106,國立中興大學,一般大學,06131043,資訊管理學系,碩士在職專班,53.0,14.0
106,國立中興大學,一般大學,06131043,資訊管理學系,碩士班(日間),80.0,40.0
106,國立中興大學,一般大學,06131048,資訊科學與工程學系,博士班,37.0,6.0
106,國立中興大學,一般大學,06131048,資訊科學與工程學系,學士班(日間),185.0,45.0
106,國立中興大學,一般大學,06131048,資訊科學與工程學系,碩士在職專班,98.0,18.0
106,國立中興大學,一般大學,06131048,資訊科學與工程學系,碩士班(日間),132.0,52.0
106,國立中興大學,一般大學,06131048,資訊科學與工程學系中科碩士在職專班,碩士在職專班,,1.0
106,國立中興大學,一般大學,07111055,化學工程學系,博士班,13.0,2.0
106,國立中興大學,一般大學,07111055,化學工程學系,學士班(日間),196.0,50.0
106,國立中興大學,一般大學,07111055,化學工程學系,碩士在職專班,59.0,15.0
106,國立中興大學,一般大學,07111055,化學工程學系,碩士班(日間),110.0,46.0
106,國立中興大學,一般大學,07111055,化學工程學系中科碩士在職專班,碩士在職專班,,3.0
106,國立中興大學,一般大學,07112057,材料科學與工程學系,博士班,49.0,11.0
106,國立中興大學,一般大學,07112057,材料科學與工程學系,學士班(日間),194.0,45.0
106,國立中興大學,一般大學,07112057,材料科學與工程學系,碩士在職專班,101.0,13.0
106,國立中興大學,一般大學,07112057,材料科學與工程學系,碩士班(日間),104.0,47.0
106,國立中興大學,一般大學,07121059,環境工程學系,博士班,26.0,5.0
106,國立中興大學,一般大學,07121059,環境工程學系,學士班(日間),201.0,47.0
106,國立中興大學,一般大學,07121059,環境工程學系,碩士在職專班,81.0,19.0
106,國立中興大學,一般大學,07121059,環境工程學系,碩士班(日間),85.0,41.0
106,國立中興大學,一般大學,07141045,電機工程學系,博士班,50.0,11.0
106,國立中興大學,一般大學,07141045,電機工程學系,學士班(日間),362.0,89.0
106,國立中興大學,一般大學,07141045,電機工程學系,碩士在職專班,99.0,25.0
106,國立中興大學,一般大學,07141045,電機工程學系,碩士班(日間),165.0,62.0
106,國立中興大學,一般大學,07141046,光電工程研究所,碩士班(日間),29.0,12.0
106,國立中興大學,一般大學,07141046,光電工程研究所中科碩士在職專班,碩士在職專班,8.0,4.0
106,國立中興大學,一般大學,07141049,通訊工程研究所,碩士班(日間),30.0,13.0
106,國立中興大學,一般大學,07141C02,光電半導體技術產業碩士專班,碩士班(日間),6.0,1.0
106,國立中興大學,一般大學,07141C23,電機控制產業碩士專班,碩士班(日間),3.0,
106,國立中興大學,一般大學,07151050,機械工程學系,博士班,13.0,2.0
106,國立中興大學,一般大學,07151050,機械工程學系,學士班(日間),398.0,85.0
106,國立中興大學,一般大學,07151050,機械工程學系,碩士在職專班,98.0,16.0
106,國立中興大學,一般大學,07151050,機械工程學系,碩士班(日間),171.0,68.0
106,國立中興大學,一般大學,07151051,精密工程研究所,博士班,14.0,2.0
106,國立中興大學,一般大學,07151051,精密工程研究所,碩士在職專班,18.0,3.0
106,國立中興大學,一般大學,07151051,精密工程研究所,碩士班(日間),51.0,23.0
106,國立中興大學,一般大學,07151051,精密工程研究所中科碩士在職專班,碩士在職專班,,3.0
106,國立中興大學,一般大學,07151052,生物產業機電工程學系,博士班,18.0,
106,國立中興大學,一般大學,07151052,生物產業機電工程學系,學士班(日間),216.0,41.0
106,國立中興大學,一般大學,07151052,生物產業機電工程學系,碩士班(日間),45.0,
106,國立中興大學,一般大學,07193052,生物產業機電工程學系,博士班,,3.0
106,國立中興大學,一般大學,07193052,生物產業機電工程學系,碩士班(日間),,17.0
106,國立中興大學,一般大學,07193060,生醫工程研究所,碩士班(日間),26.0,11.0
106,國立中興大學,一般大學,07211081,食品暨應用生物科技學系,博士班,33.0,8.0
106,國立中興大學,一般大學,07211081,食品暨應用生物科技學系,學士班(日間),197.0,49.0
106,國立中興大學,一般大學,07211081,食品暨應用生物科技學系,碩士在職專班,57.0,15.0
106,國立中興大學,一般大學,07211081,食品暨應用生物科技學系,碩士班(日間),91.0,33.0
106,國立中興大學,一般大學,07211098,食品安全研究所,碩士班(日間),11.0,
106,國立中興大學,一般大學,07312061,景觀與遊憩學士學位學程,學士班(日間),83.0,21.0
106,國立中興大學,一般大學,07312061,景觀與遊憩碩士學位學程,碩士班(日間),11.0,7.0
106,國立中興大學,一般大學,07321054,土木工程學系,博士班,48.0,7.0
106,國立中興大學,一般大學,07321054,土木工程學系,學士班(日間),410.0,104.0
106,國立中興大學,一般大學,07321054,土木工程學系,碩士在職專班,63.0,24.0
106,國立中興大學,一般大學,07321054,土木工程學系,碩士班(日間),106.0,51.0
106,國立中興大學,一般大學,08111063,農藝學系,博士班,13.0,2.0
106,國立中興大學,一般大學,08111063,農藝學系,學士班(日間),221.0,54.0
106,國立中興大學,一般大學,08111063,農藝學系,碩士班(日間),63.0,18.0
106,國立中興大學,一般大學,08111064,國際農學碩士學位學程,碩士班(日間),25.0,9.0
106,國立中興大學,一般大學,08112066,動物科學系,博士班,22.0,4.0
106,國立中興大學,一般大學,08112066,動物科學系,學士班(日間),201.0,40.0
106,國立中興大學,一般大學,08112066,動物科學系,碩士班(日間),63.0,27.0
106,國立中興大學,一般大學,08121067,園藝學系,博士班,30.0,3.0
106,國立中興大學,一般大學,08121067,園藝學系,學士班(日間),181.0,42.0
106,國立中興大學,一般大學,08121067,園藝學系,碩士班(日間),79.0,25.0
106,國立中興大學,一般大學,08191083,土壤環境科學系,博士班,14.0,2.0
106,國立中興大學,一般大學,08191083,土壤環境科學系,學士班(日間),222.0,47.0
106,國立中興大學,一般大學,08191083,土壤環境科學系,碩士班(日間),33.0,4.0
106,國立中興大學,一般大學,08193076,生物產業管理研究所,碩士班(日間),24.0,11.0
106,國立中興大學,一般大學,08193076,生物產業管理進修學士學位學程,學士班(進修),206.0,44.0
106,國立中興大學,一般大學,08193077,農業企業經營管理碩士在職專班,碩士在職專班,51.0,12.0
106,國立中興大學,一般大學,08193078,國際農企業學士學位學程,學士班(日間),94.0,18.0
106,國立中興大學,一般大學,08193079,農業經濟與行銷碩士學位學程,碩士班(日間),18.0,8.0
106,國立中興大學,一般大學,08194068,植物病理學系,博士班,20.0,2.0
106,國立中興大學,一般大學,08194068,植物病理學系,學士班(日間),212.0,53.0
106,國立中興大學,一般大學,08194068,植物病理學系,碩士班(日間),35.0,15.0
106,國立中興大學,一般大學,08194069,植物醫學暨安全農業碩士學位學程,碩士班(日間),23.0,4.0
106,國立中興大學,一般大學,08211086,森林學系,博士班,27.0,4.0
106,國立中興大學,一般大學,08211086,森林學系,學士班(日間),269.0,56.0
106,國立中興大學,一般大學,08211086,森林學系,碩士班(日間),55.0,19.0
106,國立中興大學,一般大學,08411087,獸醫學系,博士班,33.0,4.0
106,國立中興大學,一般大學,08411087,獸醫學系,學士班(日間),398.0,73.0
106,國立中興大學,一般大學,08411087,獸醫學系,碩士班(日間),73.0,31.0
106,國立中興大學,一般大學,08411089,獸醫病理生物學研究所,博士班,12.0,
106,國立中興大學,一般大學,08411089,獸醫病理生物學研究所,碩士班(日間),13.0,3.0
106,國立中興大學,一般大學,08411092,微生物暨公共衛生學研究所,博士班,8.0,6.0
106,國立中興大學,一般大學,08411092,微生物暨公共衛生學研究所,碩士班(日間),25.0,17.0
106,國立中興大學,一般大學,09121093,轉譯醫學博士學位學程,博士班,9.0,1.0
106,國立中興大學,一般大學,09141094,醫學生物科技博士學位學程,博士班,9.0,2.0
106,國立中興大學,一般大學,09199096,組織工程與再生醫學博士學位學程,博士班,19.0,4.0
106,國立中興大學,一般大學,10152097,運動與健康管理研究所,碩士班(日間),31.0,16.0
106,國立勤益科技大學,技專校院,02299005,文化創意事業系,學士班(日間),220.0,52.0
106,國立勤益科技大學,技專校院,02299005,文化創意事業系,碩士班(日間),16.0,6.0
106,國立勤益科技大學,技專校院,02311001,應用英語系,學士班(日間),220.0,52.0
106,國立勤益科技大學,技專校院,02311001,應用英語系,學士班(進修),184.0,41.0
106,國立勤益科技大學,技專校院,04131002,企業管理系,學士班(日間),437.0,99.0
106,國立勤益科技大學,技專校院,04131002,企業管理系,學士班(進修),176.0,33.0
106,國立勤益科技大學,技專校院,04131002,企業管理系,碩士在職專班,24.0,10.0
106,國立勤益科技大學,技專校院,04131002,企業管理系,碩士班(日間),35.0,13.0
106,國立勤益科技大學,技專校院,04131002,企業管理系_製造與研發管理專班,學士班(進修),,46.0
106,國立勤益科技大學,技專校院,04132003,流通(科技)管理系,學士班(日間),2.0,2.0
106,國立勤益科技大學,技專校院,04132003,流通管理科,附設進專,,36.0
106,國立勤益科技大學,技專校院,04132003,流通管理系,學士班(日間),411.0,90.0
106,國立勤益科技大學,技專校院,04132003,流通管理系,碩士在職專班,23.0,13.0
106,國立勤益科技大學,技專校院,04132003,流通管理系,碩士班(日間),15.0,6.0
106,國立勤益科技大學,技專校院,04132003,流通管理系,附設進院,,17.0
106,國立勤益科技大學,技專校院,04199032,休閒產業管理系專案管理碩士班,碩士班(日間),15.0,3.0
106,國立勤益科技大學,技專校院,04199033,管理學院,學士班(日間),9.0,
106,國立勤益科技大學,技專校院,04199A25,企業管理(學)系製造與研發管理專班,學士班(進修),141.0,
106,國立勤益科技大學,技專校院,06131010,資訊管理系,學士班(日間),390.0,84.0
106,國立勤益科技大學,技專校院,06131010,資訊管理系,學士班(進修),167.0,35.0
106,國立勤益科技大學,技專校院,06131010,資訊管理系,碩士班(日間),18.0,11.0
106,國立勤益科技大學,技專校院,06131010,資訊管理系,附設進院,,15.0
106,國立勤益科技大學,技專校院,06131010,資訊管理系_研發管理與資訊應用產業碩士專班,碩士班(日間),,12.0
106,國立勤益科技大學,技專校院,06131010,資訊管理系研發科技與資訊管理碩士在職專班,碩士在職專班,22.0,9.0
106,國立勤益科技大學,技專校院,06131013,資訊工程系,學士班(日間),578.0,87.0
106,國立勤益科技大學,技專校院,06131013,資訊工程系,學士班(進修),188.0,23.0
106,國立勤益科技大學,技專校院,06131013,資訊工程系,碩士在職專班,26.0,14.0
106,國立勤益科技大學,技專校院,06131013,資訊工程系,碩士班(日間),39.0,13.0
106,國立勤益科技大學,技專校院,06131013,資訊工程系_雙軌旗艦微科技職類,學士班(日間),,23.0
106,國立勤益科技大學,技專校院,06131013,資訊工程系_電資研發產業碩士專班,碩士班(日間),,5.0
106,國立勤益科技大學,技專校院,06131C05,資訊工程系電資研發產業碩士專班,碩士班(日間),13.0,
106,國立勤益科技大學,技專校院,06199A01,資訊管理(學)系精密製造與資訊應用專班,學士班(進修),1.0,
106,國立勤益科技大學,技專校院,07111020,化工與材料工程系,學士班(日間),591.0,141.0
106,國立勤益科技大學,技專校院,07111020,化工與材料工程系,學士班(進修),179.0,52.0
106,國立勤益科技大學,技專校院,07111020,化工與材料工程系,碩士在職專班,16.0,2.0
106,國立勤益科技大學,技專校院,07111020,化工與材料工程系,碩士班(日間),47.0,27.0
106,國立勤益科技大學,技專校院,07111020,化工與材料工程系_紡織產業科技專班,學士班(進修),,10.0
106,國立勤益科技大學,技專校院,07111020,化工與材料工程系_紡織纖維科技專班,學士班(進修),,41.0
106,國立勤益科技大學,技專校院,07132026,冷凍空調與能源系,學士班(日間),510.0,102.0
106,國立勤益科技大學,技專校院,07132026,冷凍空調與能源系,學士班(進修),296.0,26.0
106,國立勤益科技大學,技專校院,07132026,冷凍空調與能源系,碩士在職專班,44.0,16.0
106,國立勤益科技大學,技專校院,07132026,冷凍空調與能源系,碩士班(日間),53.0,25.0
106,國立勤益科技大學,技專校院,07132026,冷凍空調與能源系,附設進院,,30.0
106,國立勤益科技大學,技專校院,07132026,冷凍空調與能源系_雙軌旗艦冷凍空調職類,學士班(日間),,19.0
106,國立勤益科技大學,技專校院,07141011,電機工程科,附設進專,,12.0
106,國立勤益科技大學,技專校院,07141011,電機工程系,學士班(日間),599.0,151.0
106,國立勤益科技大學,技專校院,07141011,電機工程系,學士班(進修),456.0,85.0
106,國立勤益科技大學,技專校院,07141011,電機工程系,碩士在職專班,30.0,8.0
106,國立勤益科技大學,技專校院,07141011,電機工程系,碩士班(日間),47.0,20.0
106,國立勤益科技大學,技專校院,07141011,電機工程系,附設進院,,23.0
106,國立勤益科技大學,技專校院,07141011,電機工程系_機電控制專班,學士班(進修),,1.0
106,國立勤益科技大學,技專校院,07141011,電機工程系_機電控制產業碩士專班,碩士班(日間),,3.0
106,國立勤益科技大學,技專校院,07141012,電子工程科,附設進專,,9.0
106,國立勤益科技大學,技專校院,07141012,電子工程系,學士班(日間),703.0,180.0
106,國立勤益科技大學,技專校院,07141012,電子工程系,學士班(進修),258.0,47.0
106,國立勤益科技大學,技專校院,07141012,電子工程系,碩士在職專班,26.0,8.0
106,國立勤益科技大學,技專校院,07141012,電子工程系,碩士班(日間),51.0,26.0
106,國立勤益科技大學,技專校院,07141012,電子工程系,附設進院,,11.0
106,國立勤益科技大學,技專校院,07141012,電子工程系_微電子控制專班,學士班(進修),,32.0
106,國立勤益科技大學,技專校院,07141A06,電子工程(學)系微電子控制專班,學士班(進修),72.0,
106,國立勤益科技大學,技專校院,07141A07,電機工程(學)系機電控制專班,學士班(進修),1.0,
106,國立勤益科技大學,技專校院,07141C09,電機工程(學)系機電控制產業碩士專班,碩士班(日間),8.0,
106,國立勤益科技大學,技專校院,07151016,機械工程科,附設進專,,14.0
106,國立勤益科技大學,技專校院,07151016,機械工程系,學士班(日間),843.0,148.0
106,國立勤益科技大學,技專校院,07151016,機械工程系,學士班(進修),435.0,96.0
106,國立勤益科技大學,技專校院,07151016,機械工程系,碩士在職專班,40.0,12.0
106,國立勤益科技大學,技專校院,07151016,機械工程系,碩士班(日間),53.0,26.0
106,國立勤益科技大學,技專校院,07151016,機械工程系,附設進院,,32.0
106,國立勤益科技大學,技專校院,07151016,機械工程系_工具機與精密模具設計製造專班,學士班(進修),,9.0
106,國立勤益科技大學,技專校院,07151016,機械工程系_精密機械產業碩士專班,碩士班(日間),,5.0
106,國立勤益科技大學,技專校院,07151016,機械工程系_精密機械製造專班,學士班(進修),,39.0
106,國立勤益科技大學,技專校院,07151016,機械工程系_雙軌旗艦機電整合職類,學士班(日間),,51.0
106,國立勤益科技大學,技專校院,07151A09,機械工程系工具機與精密模具設計製造專班,學士班(進修),13.0,
106,國立勤益科技大學,技專校院,07151A11,機械工程系精密機械產業專班,學士班(進修),102.0,
106,國立勤益科技大學,技專校院,07151A12,機械工程系精密機械製造專班,學士班(進修),44.0,
106,國立勤益科技大學,技專校院,07151C18,機械工程系精密機械產業碩士專班,碩士班(日間),13.0,
106,國立勤益科技大學,技專校院,07151C19,機械工程系精密機械暨創新研發管理產業碩士專班,碩士班(日間),4.0,
106,國立勤益科技大學,技專校院,07191022,工業工程與管理科,附設進專,,37.0
106,國立勤益科技大學,技專校院,07191022,工業工程與管理系,學士班(日間),728.0,143.0
106,國立勤益科技大學,技專校院,07191022,工業工程與管理系,學士班(進修),326.0,68.0
106,國立勤益科技大學,技專校院,07191022,工業工程與管理系,碩士在職專班,34.0,15.0
106,國立勤益科技大學,技專校院,07191022,工業工程與管理系,碩士班(日間),65.0,16.0
106,國立勤益科技大學,技專校院,07191022,工業工程與管理系,附設進院,,29.0
106,國立勤益科技大學,技專校院,07191022,工業工程與管理系_創新研發與管理產業碩士專班,碩士班(日間),,11.0
106,國立勤益科技大學,技專校院,07191022,工業工程與管理系_機電產業研發與管理產業碩士專班,碩士班(日間),,1.0
106,國立勤益科技大學,技專校院,07191022,工業工程與管理系_生產製造與管理專班,學士班(進修),,43.0
106,國立勤益科技大學,技專校院,07191A02,工業工程與(工程)管理系生產製造與管理專班,學士班(進修),176.0,
106,國立勤益科技大學,技專校院,07192A04,化工與材料工程系紡織產業科技專班,學士班(進修),12.0,
106,國立勤益科技大學,技專校院,07192A05,化工與材料工程系紡織纖維科技專班,學士班(進修),182.0,
106,國立勤益科技大學,技專校院,07194024,精密製造科技研究所,博士班,18.0,1.0
106,國立勤益科技大學,技專校院,07194C38,資訊管理(學)系研發管理與資訊應用產業碩士專班,碩士班(日間),44.0,
106,國立勤益科技大學,技專校院,07312029,景觀科,附設進專,,15.0
106,國立勤益科技大學,技專校院,07312029,景觀系,學士班(日間),193.0,26.0
106,國立勤益科技大學,技專校院,07312029,景觀系,碩士班(日間),10.0,6.0
106,國立勤益科技大學,技專校院,10151032,休閒產業管理系,二專(日間),1.0,
106,國立勤益科技大學,技專校院,10151032,休閒產業管理系,學士班(日間),293.0,59.0
106,國立勤益科技大學,技專校院,10151032,休閒產業管理系,學士班(進修),190.0,32.0
106,國立勤益科技大學,技專校院,10151032,休閒產業管理系_雙軌旗艦餐飲門市管理職類,學士班(日間),,30.0
106,國立臺中教育大學,一般大學,01111001,教育學系,博士班,54.0,9.0
106,國立臺中教育大學,一般大學,01111001,教育學系,學士班(日間),182.0,49.0
106,國立臺中教育大學,一般大學,01111001,教育學系,碩士在職專班,101.0,
106,國立臺中教育大學,一般大學,01111001,教育學系,碩士班(日間),60.0,7.0
106,國立臺中教育大學,一般大學,01111001,教育學系教育行政與管理碩士在職專班,碩士在職專班,,11.0
106,國立臺中教育大學,一般大學,01111001,教育學系課程與教學碩士在職專班,碩士在職專班,,7.0
106,國立臺中教育大學,一般大學,01111001,教育學系課程與教學碩士班,碩士班(日間),,2.0
106,國立臺中教育大學,一般大學,01111005,教師專業碩士學位學程,碩士班(日間),87.0,40.0
106,國立臺中教育大學,一般大學,01113022,特殊教育學系,學士班(日間),206.0,51.0
106,國立臺中教育大學,一般大學,01113022,特殊教育學系,碩士在職專班,43.0,12.0
106,國立臺中教育大學,一般大學,01113022,特殊教育學系,碩士班(日間),28.0,8.0
106,國立臺中教育大學,一般大學,01114025,高等教育經營管理碩士學位學程,碩士班(日間),18.0,2.0
106,國立臺中教育大學,一般大學,01117028,教育資訊與測驗統計研究所,博士班,38.0,3.0
106,國立臺中教育大學,一般大學,01117028,教育資訊與測驗統計研究所,碩士在職專班,31.0,7.0
106,國立臺中教育大學,一般大學,01117028,教育資訊與測驗統計研究所,碩士班(日間),38.0,12.0
106,國立臺中教育大學,一般大學,01121021,幼兒教育學系,學士班(日間),219.0,54.0
106,國立臺中教育大學,一般大學,01121021,幼兒教育學系,碩士在職專班,111.0,21.0
106,國立臺中教育大學,一般大學,01121021,幼兒教育學系,碩士班(日間),69.0,8.0
106,國立臺中教育大學,一般大學,01121021,幼兒教育學系早期療育碩士在職專班,碩士在職專班,,3.0
106,國立臺中教育大學,一般大學,01121021,幼兒教育學系早期療育碩士班,碩士班(日間),,11.0
106,國立臺中教育大學,一般大學,01131006,語文教育學系,博士班,32.0,3.0
106,國立臺中教育大學,一般大學,01131006,語文教育學系,學士班(日間),203.0,45.0
106,國立臺中教育大學,一般大學,01131006,語文教育學系,碩士在職專班,32.0,11.0
106,國立臺中教育大學,一般大學,01131006,語文教育學系,碩士班(日間),71.0,5.0
106,國立臺中教育大學,一般大學,01131006,語文教育學系華語文教學碩士班,碩士班(日間),,3.0
106,國立臺中教育大學,一般大學,01131008,科學教育與應用學系,學士班(日間),171.0,41.0
106,國立臺中教育大學,一般大學,01131008,科學教育與應用學系,碩士在職專班,41.0,1.0
106,國立臺中教育大學,一般大學,01131008,科學教育與應用學系,碩士班(日間),56.0,6.0
106,國立臺中教育大學,一般大學,01131008,科學教育與應用學系環境教育及管理碩士在職專班,碩士在職專班,,5.0
106,國立臺中教育大學,一般大學,01131008,科學教育與應用學系環境教育及管理碩士班,碩士班(日間),,7.0
106,國立臺中教育大學,一般大學,01131011,數學教育學系,學士班(日間),192.0,48.0
106,國立臺中教育大學,一般大學,01131011,數學教育學系,碩士在職專班,37.0,8.0
106,國立臺中教育大學,一般大學,01131011,數學教育學系,碩士班(日間),19.0,4.0
106,國立臺中教育大學,一般大學,01131019,體育學系,學士班(日間),,33.0
106,國立臺中教育大學,一般大學,01131019,體育學系,碩士在職專班,,7.0
106,國立臺中教育大學,一般大學,01131019,體育學系,碩士班(日間),,3.0
106,國立臺中教育大學,一般大學,01141019,體育學系,學士班(日間),194.0,
106,國立臺中教育大學,一般大學,01141019,體育學系,碩士在職專班,59.0,
106,國立臺中教育大學,一般大學,01141019,體育學系,碩士班(日間),22.0,
106,國立臺中教育大學,一般大學,02122034,文化創意產業設計與營運學系,學士班(日間),196.0,51.0
106,國立臺中教育大學,一般大學,02122034,文化創意產業設計與營運學系,碩士班(日間),37.0,
106,國立臺中教育大學,一般大學,02131029,美術學系,學士班(日間),181.0,39.0
106,國立臺中教育大學,一般大學,02131029,美術學系,碩士在職專班,77.0,20.0
106,國立臺中教育大學,一般大學,02131029,美術學系,碩士班(日間),47.0,7.0
106,國立臺中教育大學,一般大學,02151030,音樂學系,學士班(日間),178.0,39.0
106,國立臺中教育大學,一般大學,02151030,音樂學系,碩士班(日間),38.0,15.0
106,國立臺中教育大學,一般大學,02311032,英語學系,學士班(日間),198.0,51.0
106,國立臺中教育大學,一般大學,02311032,英語學系,碩士班(日間),6.0,
106,國立臺中教育大學,一般大學,02321031,臺灣語文學系,學士班(日間),196.0,40.0
106,國立臺中教育大學,一般大學,03131035,諮商與應用心理學系,學士班(日間),196.0,49.0
106,國立臺中教育大學,一般大學,03131035,諮商與應用心理學系,碩士在職專班,51.0,4.0
106,國立臺中教育大學,一般大學,03131035,諮商與應用心理學系,碩士班(日間),69.0,12.0
106,國立臺中教育大學,一般大學,03199037,區域與社會發展學系,學士班(日間),206.0,51.0
106,國立臺中教育大學,一般大學,03199037,區域與社會發展學系,碩士在職專班,60.0,16.0
106,國立臺中教育大學,一般大學,03199037,區域與社會發展學系,碩士班(日間),24.0,5.0
106,國立臺中教育大學,一般大學,04131034,文化創意產業設計與營運學系事業經營管理碩士班,碩士班(日間),,7.0
106,國立臺中教育大學,一般大學,04131034,文化創意產業設計與營運學系文創設計管理產業碩士專班,碩士班(日間),,1.0
106,國立臺中教育大學,一般大學,04131039,國際企業學系,學士班(日間),254.0,69.0
106,國立臺中教育大學,一般大學,04131040,管理學院國際經營管理碩士在職專班,碩士在職專班,32.0,13.0
106,國立臺中教育大學,一般大學,04131040,管理學院國際經營管理碩士學位學程,碩士班(日間),24.0,6.0
106,國立臺中教育大學,一般大學,06131042,資訊工程學系,學士班(日間),195.0,41.0
106,國立臺中教育大學,一般大學,06131042,資訊工程學系,碩士班(日間),39.0,11.0
106,國立臺中教育大學,一般大學,06133041,數位內容科技學系,學士班(日間),184.0,46.0
106,國立臺中教育大學,一般大學,06133041,數位內容科技學系,碩士在職專班,38.0,11.0
106,國立臺中教育大學,一般大學,06133041,數位內容科技學系,碩士班(日間),31.0,7.0
106,國立臺中教育大學,一般大學,10151045,永續觀光暨遊憩管理碩士學位學程,碩士班(日間),35.0,9.0
106,國立臺中科技大學,技專校院,02112005,多媒體設計系,學士班(日間),232.0,50.0
106,國立臺中科技大學,技專校院,02112005,多媒體設計系,碩士班(日間),37.0,10.0
106,國立臺中科技大學,技專校院,02123006,商業設計科,附設進專,,36.0
106,國立臺中科技大學,技專校院,02123006,商業設計系,學士班(日間),310.0,88.0
106,國立臺中科技大學,技專校院,02123006,商業設計系,學士班(進修),237.0,70.0
106,國立臺中科技大學,技專校院,02123006,商業設計系,碩士在職專班,38.0,11.0
106,國立臺中科技大學,技專校院,02123006,商業設計系,碩士班(日間),40.0,14.0
106,國立臺中科技大學,技專校院,02123006,商業設計系,附設進院,,21.0
106,國立臺中科技大學,技專校院,02123007,創意商品設計系,學士班(日間),83.0,28.0
106,國立臺中科技大學,技專校院,02123007,創意商品設計菁英班,五專,198.0,26.0
106,國立臺中科技大學,技專校院,02124008,室內設計系,學士班(日間),194.0,45.0
106,國立臺中科技大學,技專校院,02124008,室內設計系,碩士班(日間),25.0,10.0
106,國立臺中科技大學,技專校院,02124008,室內設計系,附設進院,,27.0
106,國立臺中科技大學,技專校院,02311003,應用英語科,五專,264.0,45.0
106,國立臺中科技大學,技專校院,02311003,應用英語科,附設進專,,59.0
106,國立臺中科技大學,技專校院,02311003,應用英語系,學士班(日間),306.0,91.0
106,國立臺中科技大學,技專校院,02311003,應用英語系,學士班(進修),177.0,50.0
106,國立臺中科技大學,技專校院,02311003,應用英語系,附設進院,,56.0
106,國立臺中科技大學,技專校院,02311004,應用日語科,五專,261.0,46.0
106,國立臺中科技大學,技專校院,02311004,應用日語科,附設進專,,52.0
106,國立臺中科技大學,技專校院,02311004,應用日語系,學士班(日間),318.0,91.0
106,國立臺中科技大學,技專校院,02311004,應用日語系,附設進院,,53.0
106,國立臺中科技大學,技專校院,02311004,應用日語系日本市場暨商務策略碩士班,碩士班(日間),23.0,3.0
106,國立臺中科技大學,技專校院,02322001,應用中文系,學士班(日間),193.0,37.0
106,國立臺中科技大學,技專校院,04111012,會計資訊科,五專,454.0,75.0
106,國立臺中科技大學,技專校院,04111012,會計資訊科,附設進專,,16.0
106,國立臺中科技大學,技專校院,04111012,會計資訊系,學士班(日間),495.0,137.0
106,國立臺中科技大學,技專校院,04111012,會計資訊系,學士班(進修),392.0,104.0
106,國立臺中科技大學,技專校院,04111012,會計資訊系,碩士在職專班,28.0,8.0
106,國立臺中科技大學,技專校院,04111012,會計資訊系,碩士班(日間),21.0,13.0
106,國立臺中科技大學,技專校院,04111012,會計資訊系,附設進院,,25.0
106,國立臺中科技大學,技專校院,04121021,財務金融科,附設進專,,11.0
106,國立臺中科技大學,技專校院,04121021,財務金融系,學士班(日間),397.0,100.0
106,國立臺中科技大學,技專校院,04121021,財務金融系,學士班(進修),338.0,79.0
106,國立臺中科技大學,技專校院,04121021,財務金融系,碩士在職專班,32.0,11.0
106,國立臺中科技大學,技專校院,04121021,財務金融系,碩士班(日間),25.0,11.0
106,國立臺中科技大學,技專校院,04121021,財務金融系,附設進院,,30.0
106,國立臺中科技大學,技專校院,04122028,財政稅務系,學士班(日間),421.0,106.0
106,國立臺中科技大學,技專校院,04122028,財政稅務系租稅管理與理財規劃碩士班,碩士班(日間),30.0,11.0
106,國立臺中科技大學,技專校院,04123027,保險金融管理科,五專,451.0,74.0
106,國立臺中科技大學,技專校院,04123027,保險金融管理科,附設進專,,13.0
106,國立臺中科技大學,技專校院,04123027,保險金融管理系,學士班(日間),442.0,118.0
106,國立臺中科技大學,技專校院,04123027,保險金融管理系,學士班(進修),74.0,29.0
106,國立臺中科技大學,技專校院,04123027,保險金融管理系,碩士班(日間),21.0,5.0
106,國立臺中科技大學,技專校院,04123027,保險金融管理系,附設進院,,8.0
106,國立臺中科技大學,技專校院,04131015,企業管理科,五專,472.0,81.0
106,國立臺中科技大學,技專校院,04131015,企業管理系,學士班(日間),320.0,102.0
106,國立臺中科技大學,技專校院,04131015,企業管理系,學士班(進修),173.0,49.0
106,國立臺中科技大學,技專校院,04131015,企業管理系,碩士在職專班,49.0,24.0
106,國立臺中科技大學,技專校院,04131015,企業管理系,碩士班(日間),27.0,10.0
106,國立臺中科技大學,技專校院,04131015,企業管理系,附設進院,,94.0
106,國立臺中科技大學,技專校院,04131015,企業管理系_創意設計品牌經營產業碩士專班,碩士班(日間),,2.0
106,國立臺中科技大學,技專校院,04131A01,企業管理系經營管理專班,學士班(日間),124.0,
106,國立臺中科技大學,技專校院,04131C01,企業管理系創意設計品牌經營產業碩士專班,碩士班(日間),2.0,
106,國立臺中科技大學,技專校院,04132029,流通管理系,學士班(日間),309.0,100.0
106,國立臺中科技大學,技專校院,04132029,流通管理系,碩士班(日間),36.0,12.0
106,國立臺中科技大學,技專校院,04141020,國際貿易與經營科,五專,267.0,55.0
106,國立臺中科技大學,技專校院,04141020,國際貿易與經營系,學士班(日間),451.0,144.0
106,國立臺中科技大學,技專校院,04141020,國際貿易與經營系,學士班(進修),411.0,103.0
106,國立臺中科技大學,技專校院,04141020,國際貿易與經營系,附設進院,,20.0
106,國立臺中科技大學,技專校院,04191009,商業經營科,附設進專,,179.0
106,國立臺中科技大學,技專校院,05421032,應用統計系,學士班(日間),189.0,48.0
106,國立臺中科技大學,技專校院,06131033,資訊管理科,五專,423.0,45.0
106,國立臺中科技大學,技專校院,06131033,資訊管理科,附設進專,,21.0
106,國立臺中科技大學,技專校院,06131033,資訊管理系,學士班(日間),373.0,114.0
106,國立臺中科技大學,技專校院,06131033,資訊管理系,學士班(進修),292.0,78.0
106,國立臺中科技大學,技專校院,06131033,資訊管理系,碩士在職專班,13.0,
106,國立臺中科技大學,技專校院,06131033,資訊管理系,碩士班(日間),29.0,9.0
106,國立臺中科技大學,技專校院,06131033,資訊管理系,附設進院,,15.0
106,國立臺中科技大學,技專校院,06131033,資訊管理系_資訊應用菁英班,五專,,22.0
106,國立臺中科技大學,技專校院,07141036,資訊工程系,學士班(日間),221.0,46.0
106,國立臺中科技大學,技專校院,07141036,資訊工程系,學士班(進修),160.0,30.0
106,國立臺中科技大學,技專校院,07141036,資訊工程系,碩士在職專班,34.0,8.0
106,國立臺中科技大學,技專校院,07141036,資訊工程系,碩士班(日間),38.0,14.0
106,國立臺中科技大學,技專校院,07141036,資訊工程系_物聯網智慧整合產業碩士專班,碩士班(日間),,2.0
106,國立臺中科技大學,技專校院,07141C04,資訊工程系物聯網智慧整合產業碩士專班,碩士班(日間),2.0,
106,國立臺中科技大學,技專校院,09131037,護理科,五專,714.0,180.0
106,國立臺中科技大學,技專校院,09131037,護理系,學士班(日間),630.0,130.0
106,國立臺中科技大學,技專校院,09131037,護理系,碩士班(日間),9.0,
106,國立臺中科技大學,技專校院,09211038,老人服務事業管理科,二專(進修),31.0,27.0
106,國立臺中科技大學,技專校院,09211038,老人服務事業管理系,學士班(日間),272.0,80.0
106,國立臺中科技大學,技專校院,09211038,老人服務事業管理系,學士班(進修),36.0,
106,國立臺中科技大學,技專校院,09211038,老人服務事業管理系,附設進院,,37.0
106,國立臺中科技大學,技專校院,10121040,美容科,二專(日間),2.0,1.0
106,國立臺中科技大學,技專校院,10121040,美容科,二專(進修),49.0,36.0
106,國立臺中科技大學,技專校院,10121040,美容科,附設進專,,29.0
106,國立臺中科技大學,技專校院,10121040,美容系,學士班(日間),339.0,103.0
106,國立臺中科技大學,技專校院,10121040,美容系,學士班(進修),38.0,
106,國立臺中科技大學,技專校院,10121040,美容系,附設進院,,28.0
106,國立臺中科技大學,技專校院,10121A02,美容系美髮造型產專班,學士班(日間),20.0,
106,國立臺中科技大學,技專校院,10151039,休閒事業經營系,學士班(日間),221.0,54.0
106,國立臺中科技大學,技專校院,10151039,休閒事業經營系,學士班(進修),266.0,74.0
106,國立臺中科技大學,技專校院,10151039,休閒事業經營系,附設進院,,88.0
106,國立臺灣體育運動大學,一般大學,01141001,體育學系,學士班(日間),470.0,102.0
106,國立臺灣體育運動大學,一般大學,01141001,體育學系,學士班(進修),344.0,63.0
106,國立臺灣體育運動大學,一般大學,01141001,體育學系,碩士在職專班,47.0,15.0
106,國立臺灣體育運動大學,一般大學,01141001,體育學系,碩士班(日間),51.0,8.0
106,國立臺灣體育運動大學,一般大學,02152002,舞蹈學系,學士班(日間),209.0,52.0
106,國立臺灣體育運動大學,一般大學,02152002,舞蹈學系,碩士班(日間),39.0,7.0
106,國立臺灣體育運動大學,一般大學,10141003,競技運動學系,學士班(日間),232.0,40.0
106,國立臺灣體育運動大學,一般大學,10141003,競技運動學系,碩士在職專班,4.0,
106,國立臺灣體育運動大學,一般大學,10141003,競技運動學系,碩士班(日間),57.0,8.0
106,國立臺灣體育運動大學,一般大學,10141004,球類運動學系,學士班(日間),447.0,78.0
106,國立臺灣體育運動大學,一般大學,10141005,技擊運動學系,學士班(日間),221.0,50.0
106,國立臺灣體育運動大學,一般大學,10142006,運動健康科學學系,學士班(日間),214.0,53.0
106,國立臺灣體育運動大學,一般大學,10142006,運動健康科學學系,碩士班(日間),25.0,5.0
106,國立臺灣體育運動大學,一般大學,10142006,運動健康科學學系碩士班在職學位學程,碩士在職專班,14.0,6.0
106,國立臺灣體育運動大學,一般大學,10152007,休閒運動學系,學士班(日間),237.0,58.0
106,國立臺灣體育運動大學,一般大學,10152008,休閒運動管理研究所,碩士班(日間),54.0,12.0
106,國立臺灣體育運動大學,一般大學,10152008,休閒運動管理碩士學位學程在職專班,碩士在職專班,24.0,5.0
106,國立臺灣體育運動大學,一般大學,10152010,運動事業管理學系,學士班(日間),225.0,56.0
106,國立臺灣體育運動大學,一般大學,10152010,運動事業管理學系,碩士在職專班,14.0,3.0
106,國立臺灣體育運動大學,一般大學,10152010,運動事業管理學系,碩士班(日間),26.0,8.0
106,國立臺灣體育運動大學,一般大學,10152012,運動資訊與傳播學系,學士班(日間),200.0,52.0
106,嶺東科技大學,技專校院,02112003,視覺傳達設計系,學士班(日間),678.0,156.0
106,嶺東科技大學,技專校院,02112003,視覺傳達設計系,學士班(進修),213.0,43.0
106,嶺東科技大學,技專校院,02112003,視覺傳達設計系,碩士在職專班,8.0,4.0
106,嶺東科技大學,技專校院,02112003,視覺傳達設計系,碩士班(日間),17.0,6.0
106,嶺東科技大學,技專校院,02112005,數位媒體設計系,學士班(日間),464.0,99.0
106,嶺東科技大學,技專校院,02112005,數位媒體設計系,學士班(進修),189.0,32.0
106,嶺東科技大學,技專校院,02112005,數位媒體設計系,碩士班(日間),22.0,6.0
106,嶺東科技大學,技專校院,02122002,流行設計系,學士班(日間),371.0,105.0
106,嶺東科技大學,技專校院,02122002,流行設計系,學士班(進修),289.0,46.0
106,嶺東科技大學,技專校院,02122002,流行設計系,碩士班(日間),29.0,3.0
106,嶺東科技大學,技專校院,02123008,創意產品設計系,學士班(日間),421.0,83.0
106,嶺東科技大學,技專校院,02123008,創意產品設計系,學士班(進修),177.0,23.0
106,嶺東科技大學,技專校院,02123008,創意產品設計系,碩士班(日間),9.0,5.0
106,嶺東科技大學,技專校院,02125039,服飾設計系,學士班(日間),103.0,
106,嶺東科技大學,技專校院,02311001,應用外語系,學士班(日間),419.0,91.0
106,嶺東科技大學,技專校院,02311001,應用外語系,學士班(進修),169.0,32.0
106,嶺東科技大學,技專校院,04111010,會計資訊系,學士班(日間),188.0,42.0
106,嶺東科技大學,技專校院,04121017,財務金融系,學士班(日間),665.0,184.0
106,嶺東科技大學,技專校院,04121017,財務金融系,學士班(進修),139.0,19.0
106,嶺東科技大學,技專校院,04121017,財務金融系,碩士在職專班,9.0,5.0
106,嶺東科技大學,技專校院,04121017,財務金融系,碩士班(日間),19.0,11.0
106,嶺東科技大學,技專校院,04122021,財政系,學士班(日間),172.0,38.0
106,嶺東科技大學,技專校院,04122021,財政系財稅與會計資訊碩士班,碩士班(日間),14.0,8.0
106,嶺東科技大學,技專校院,04131013,企業管理科,附設進專,,24.0
106,嶺東科技大學,技專校院,04131013,企業管理系,學士班(日間),464.0,141.0
106,嶺東科技大學,技專校院,04131013,企業管理系,學士班(進修),318.0,63.0
106,嶺東科技大學,技專校院,04131013,企業管理系,碩士在職專班,45.0,14.0
106,嶺東科技大學,技專校院,04131013,企業管理系,碩士班(日間),12.0,10.0
106,嶺東科技大學,技專校院,04131013,企業管理系,附設進院,,23.0
106,嶺東科技大學,技專校院,04131013,企業管理系_營區學位學程在職專班,碩士在職專班,,8.0
106,嶺東科技大學,技專校院,04131013,企業管理系高階經營管理碩士在職專班,碩士在職專班,,19.0
106,嶺東科技大學,技專校院,04131015,國際企業系,學士班(日間),758.0,
106,嶺東科技大學,技專校院,04131015,國際企業系,學士班(進修),1.0,
106,嶺東科技大學,技專校院,04131015,國際企業系,碩士在職專班,18.0,6.0
106,嶺東科技大學,技專校院,04131015,國際企業系,碩士班(日間),15.0,9.0
106,嶺東科技大學,技專校院,04132024,行銷與流通管理系,學士班(日間),593.0,
106,嶺東科技大學,技專校院,04132024,行銷與流通管理系,學士班(進修),254.0,
106,嶺東科技大學,技專校院,04132024,行銷與流通管理系,碩士班(日間),14.0,
106,嶺東科技大學,技專校院,04141015,國際企業系,學士班(日間),,179.0
106,嶺東科技大學,技專校院,04141015,國際企業系,學士班(進修),,1.0
106,嶺東科技大學,技專校院,04143024,行銷與流通管理科,附設進專,,15.0
106,嶺東科技大學,技專校院,04143024,行銷與流通管理系,學士班(日間),,115.0
106,嶺東科技大學,技專校院,04143024,行銷與流通管理系,學士班(進修),,40.0
106,嶺東科技大學,技專校院,04143024,行銷與流通管理系,碩士班(日間),,4.0
106,嶺東科技大學,技專校院,04199028,企業管理系高階經營管理碩士在職專班,碩士在職專班,38.0,
106,嶺東科技大學,技專校院,04199040,時尚經營系,學士班(日間),107.0,
106,嶺東科技大學,技專校院,04212029,財經法律研究所,碩士班(日間),28.0,7.0
106,嶺東科技大學,技專校院,06121031,資訊管理系,學士班(日間),,147.0
106,嶺東科技大學,技專校院,06131030,資訊科技系,學士班(日間),374.0,77.0
106,嶺東科技大學,技專校院,06131030,資訊科技系,學士班(進修),175.0,37.0
106,嶺東科技大學,技專校院,06131030,資訊科技系,碩士班(日間),19.0,7.0
106,嶺東科技大學,技專校院,06131031,資訊管理系,學士班(日間),533.0,
106,嶺東科技大學,技專校院,06131031,資訊管理系,學士班(進修),154.0,
106,嶺東科技大學,技專校院,06131031,資訊管理系,碩士在職專班,5.0,
106,嶺東科技大學,技專校院,06131031,資訊管理系,碩士班(日間),16.0,6.0
106,嶺東科技大學,技專校院,06131032,資訊網路系,學士班(日間),380.0,71.0
106,嶺東科技大學,技專校院,06131032,資訊網路系,學士班(進修),115.0,25.0
106,嶺東科技大學,技專校院,06132031,資訊管理系,學士班(進修),,35.0
106,嶺東科技大學,技專校院,10151036,觀光與休閒管理系,學士班(日間),645.0,153.0
106,嶺東科技大學,技專校院,10151036,觀光與休閒管理系,學士班(進修),429.0,96.0
106,嶺東科技大學,技專校院,10151036,觀光與休閒管理系,碩士班(日間),18.0,9.0
106,嶺東科技大學,技專校院,10151037,觀光事業科,附設進專,,32.0
106,弘光科技大學,技專校院,02122003,文化創意產業系,學士班(日間),,103.0
106,弘光科技大學,技專校院,02122003,文化創意產業系,學士班(進修),,27.0
106,弘光科技大學,技專校院,02299003,文化創意產業系,學士班(日間),394.0,
106,弘光科技大學,技專校院,02299003,文化創意產業系,學士班(進修),141.0,
106,弘光科技大學,技專校院,02311002,應用英語系,學士班(日間),185.0,50.0
106,弘光科技大學,技專校院,02311002,應用英語系,學士班(進修),138.0,11.0
106,弘光科技大學,技專校院,04133005,健康事業管理系,學士班(日間),389.0,102.0
106,弘光科技大學,技專校院,04133005,健康事業管理系,學士班(進修),163.0,36.0
106,弘光科技大學,技專校院,04133005,健康事業管理系,碩士班(日間),21.0,4.0
106,弘光科技大學,技專校院,05111007,動物保健學士學位學程,學士班(日間),93.0,
106,弘光科技大學,技專校院,05121008,生物科技系,學士班(日間),224.0,77.0
106,弘光科技大學,技專校院,05121008,生物科技系,學士班(進修),15.0,7.0
106,弘光科技大學,技專校院,05121008,生物科技系,碩士班(日間),9.0,1.0
106,弘光科技大學,技專校院,05191023,營養系,學士班(日間),376.0,98.0
106,弘光科技大學,技專校院,05191023,營養系,學士班(進修),176.0,29.0
106,弘光科技大學,技專校院,05191024,營養醫學研究所,碩士班(日間),19.0,7.0
106,弘光科技大學,技專校院,06131010,資訊管理系,學士班(日間),357.0,83.0
106,弘光科技大學,技專校院,06131010,資訊管理系,學士班(進修),180.0,31.0
106,弘光科技大學,技專校院,06131011,資訊工程系,學士班(日間),308.0,74.0
106,弘光科技大學,技專校院,06131011,資訊工程系,學士班(進修),144.0,30.0
106,弘光科技大學,技專校院,06131011,資訊工程系智慧型輔助科技碩士班,碩士班(日間),2.0,
106,弘光科技大學,技專校院,07121012,環境工程研究所,碩士在職專班,16.0,5.0
106,弘光科技大學,技專校院,07121012,環境工程研究所,碩士班(日間),20.0,11.0
106,弘光科技大學,技專校院,07121014,環境與安全衛生工程系,學士班(日間),510.0,125.0
106,弘光科技大學,技專校院,07121014,環境與安全衛生工程系,學士班(進修),361.0,72.0
106,弘光科技大學,技專校院,07193015,生物醫學工程系,學士班(日間),349.0,74.0
106,弘光科技大學,技專校院,07211017,食品科技系,學士班(日間),415.0,96.0
106,弘光科技大學,技專校院,07211017,食品科技系,學士班(進修),448.0,60.0
106,弘光科技大學,技專校院,07211017,食品科技系,碩士在職專班,15.0,3.0
106,弘光科技大學,技專校院,07211017,食品科技系,碩士班(日間),21.0,6.0
106,弘光科技大學,技專校院,09131025,護理科,五專,264.0,50.0
106,弘光科技大學,技專校院,09131025,護理系,博士班,7.0,
106,弘光科技大學,技專校院,09131025,護理系,學士班(日間),1462.0,519.0
106,弘光科技大學,技專校院,09131025,護理系,學士班(進修),960.0,357.0
106,弘光科技大學,技專校院,09131025,護理系,碩士在職專班,48.0,7.0
106,弘光科技大學,技專校院,09131025,護理系,碩士班(日間),51.0,7.0
106,弘光科技大學,技專校院,09151020,物理治療系,學士班(日間),518.0,102.0
106,弘光科技大學,技專校院,09153021,語言治療與聽力學系,學士班(日間),98.0,
106,弘光科技大學,技專校院,09211027,老人福利與事業所,碩士班(日間),,7.0
106,弘光科技大學,技專校院,09211027,老人福利與事業系,學士班(日間),346.0,87.0
106,弘光科技大學,技專校院,09211027,老人福利與事業系,學士班(進修),171.0,35.0
106,弘光科技大學,技專校院,09211027,老人福利與事業系,碩士班(日間),17.0,
106,弘光科技大學,技專校院,09221028,幼兒保育系,學士班(日間),416.0,115.0
106,弘光科技大學,技專校院,09221028,幼兒保育系,學士班(進修),163.0,31.0
106,弘光科技大學,技專校院,10121031,化妝品應用科,二專(進修),57.0,13.0
106,弘光科技大學,技專校院,10121031,化妝品應用系,學士班(日間),424.0,89.0
106,弘光科技大學,技專校院,10121031,化妝品應用系,學士班(進修),378.0,78.0
106,弘光科技大學,技專校院,10121031,化妝品應用系,碩士在職專班,22.0,5.0
106,弘光科技大學,技專校院,10121031,化妝品應用系,碩士班(日間),18.0,8.0
106,弘光科技大學,技專校院,10121034,美髮造型設計科,二專(進修),53.0,2.0
106,弘光科技大學,技專校院,10121034,美髮造型設計系,學士班(日間),300.0,51.0
106,弘光科技大學,技專校院,10121034,美髮造型設計系,學士班(進修),71.0,32.0
106,弘光科技大學,技專校院,10131029,餐旅管理系,學士班(日間),710.0,158.0
106,弘光科技大學,技專校院,10131029,餐旅管理系,學士班(進修),469.0,79.0
106,弘光科技大學,技專校院,10152030,運動休閒系,學士班(日間),241.0,47.0
106,弘光科技大學,技專校院,10152030,運動休閒系,學士班(進修),193.0,42.0
106,弘光科技大學,技專校院,10221035,職業安全與防災研究所,碩士班(日間),13.0,5.0
106,朝陽科技大學,技專校院,02112003,視覺傳達設計系,學士班(日間),603.0,144.0
106,朝陽科技大學,技專校院,02112003,視覺傳達設計系,學士班(進修),220.0,50.0
106,朝陽科技大學,技專校院,02112003,視覺傳達設計系,碩士班(日間),38.0,4.0
106,朝陽科技大學,技專校院,02112003,視覺傳達設計系_品牌協同設計與國際行銷產業碩士專班,碩士班(日間),,1.0
106,朝陽科技大學,技專校院,02112003,視覺傳達設計系_香港二技專班,學士班(日間),,2.0
106,朝陽科技大學,技專校院,02122028,建築系建築及都市設計博士班,博士班,,1.0
106,朝陽科技大學,技專校院,02123004,工業設計系,學士班(日間),508.0,124.0
106,朝陽科技大學,技專校院,02123004,工業設計系,學士班(進修),212.0,31.0
106,朝陽科技大學,技專校院,02123004,工業設計系,碩士在職專班,21.0,2.0
106,朝陽科技大學,技專校院,02123004,工業設計系,碩士班(日間),26.0,8.0
106,朝陽科技大學,技專校院,02199C03,視覺傳達設計系品牌協同設計與國際行銷產業碩士專班,碩士班(日間),6.0,
106,朝陽科技大學,技專校院,02311001,應用英語系,學士班(日間),492.0,109.0
106,朝陽科技大學,技專校院,02311001,應用英語系,學士班(進修),197.0,38.0
106,朝陽科技大學,技專校院,02311001,應用英語系,碩士班(日間),35.0,9.0
106,朝陽科技大學,技專校院,03211006,傳播藝術系,學士班(日間),601.0,125.0
106,朝陽科技大學,技專校院,03211006,傳播藝術系,學士班(進修),190.0,43.0
106,朝陽科技大學,技專校院,03211006,傳播藝術系_香港二技專班,學士班(日間),,4.0
106,朝陽科技大學,技專校院,04111007,會計系,學士班(日間),675.0,139.0
106,朝陽科技大學,技專校院,04111007,會計系,碩士班(日間),13.0,7.0
106,朝陽科技大學,技專校院,04121010,財務金融系,學士班(日間),693.0,167.0
106,朝陽科技大學,技專校院,04121010,財務金融系,學士班(進修),59.0,29.0
106,朝陽科技大學,技專校院,04121010,財務金融系,碩士在職專班,20.0,7.0
106,朝陽科技大學,技專校院,04121010,財務金融系,碩士班(日間),22.0,17.0
106,朝陽科技大學,技專校院,04123011,保險金融管理系,學士班(日間),645.0,163.0
106,朝陽科技大學,技專校院,04123011,保險金融管理系,碩士在職專班,26.0,6.0
106,朝陽科技大學,技專校院,04123011,保險金融管理系,碩士班(日間),18.0,16.0
106,朝陽科技大學,技專校院,04131008,企業管理系,學士班(日間),716.0,183.0
106,朝陽科技大學,技專校院,04131008,企業管理系,學士班(進修),223.0,36.0
106,朝陽科技大學,技專校院,04131008,企業管理系,碩士在職專班,115.0,22.0
106,朝陽科技大學,技專校院,04131008,企業管理系,碩士班(日間),56.0,17.0
106,朝陽科技大學,技專校院,04131008,企業管理系台灣產業策略發展博士班,博士班,37.0,9.0
106,朝陽科技大學,技專校院,04131008,企業管理系高階產業經營碩士在職專班,碩士在職專班,,16.0
106,朝陽科技大學,技專校院,04132012,行銷與流通管理系,學士班(日間),561.0,126.0
106,朝陽科技大學,技專校院,04132012,行銷與流通管理系,學士班(進修),482.0,75.0
106,朝陽科技大學,技專校院,04132012,行銷與流通管理系,碩士班(日間),10.0,1.0
106,朝陽科技大學,技專校院,04132012,行銷與流通管理系_雙軌訓練旗鑑計畫,學士班(日間),,16.0
106,朝陽科技大學,技專校院,04199014,銀髮產業管理系,學士班(日間),448.0,108.0
106,朝陽科技大學,技專校院,04199014,銀髮產業管理系,學士班(進修),43.0,26.0
106,朝陽科技大學,技專校院,05121017,應用化學系生化科技博士班,博士班,7.0,1.0
106,朝陽科技大學,技專校院,05121017,應用化學系生化科技碩士班,碩士班(日間),9.0,
106,朝陽科技大學,技專校院,05311017,應用化學系,學士班(日間),319.0,66.0
106,朝陽科技大學,技專校院,05311017,應用化學系,碩士在職專班,15.0,4.0
106,朝陽科技大學,技專校院,05311017,應用化學系,碩士班(日間),14.0,7.0
106,朝陽科技大學,技專校院,05311017,應用化學系生化科技碩士班,碩士班(日間),,4.0
106,朝陽科技大學,技專校院,06111023,資訊與通訊系,學士班(日間),,102.0
106,朝陽科技大學,技專校院,06111023,資訊與通訊系,學士班(進修),,20.0
106,朝陽科技大學,技專校院,06131019,資訊管理系,博士班,16.0,2.0
106,朝陽科技大學,技專校院,06131019,資訊管理系,學士班(日間),636.0,135.0
106,朝陽科技大學,技專校院,06131019,資訊管理系,學士班(進修),145.0,26.0
106,朝陽科技大學,技專校院,06131019,資訊管理系,碩士在職專班,13.0,4.0
106,朝陽科技大學,技專校院,06131019,資訊管理系,碩士班(日間),61.0,17.0
106,朝陽科技大學,技專校院,06132023,資訊與通訊系,碩士班(日間),,15.0
106,朝陽科技大學,技專校院,07121027,環境工程與管理系,學士班(日間),408.0,84.0
106,朝陽科技大學,技專校院,07121027,環境工程與管理系,碩士在職專班,18.0,6.0
106,朝陽科技大學,技專校院,07121027,環境工程與管理系,碩士班(日間),36.0,20.0
106,朝陽科技大學,技專校院,07141020,資訊工程系,學士班(日間),492.0,97.0
106,朝陽科技大學,技專校院,07141020,資訊工程系,學士班(進修),118.0,18.0
106,朝陽科技大學,技專校院,07141020,資訊工程系,碩士在職專班,11.0,7.0
106,朝陽科技大學,技專校院,07141020,資訊工程系,碩士班(日間),36.0,20.0
106,朝陽科技大學,技專校院,07141023,資訊與通訊系,學士班(日間),461.0,
106,朝陽科技大學,技專校院,07141023,資訊與通訊系,學士班(進修),39.0,
106,朝陽科技大學,技專校院,07141023,資訊與通訊系,碩士班(日間),45.0,
106,朝陽科技大學,技專校院,07191026,工業工程與管理系,學士班(日間),429.0,90.0
106,朝陽科技大學,技專校院,07191026,工業工程與管理系,學士班(進修),236.0,36.0
106,朝陽科技大學,技專校院,07191026,工業工程與管理系,碩士在職專班,27.0,6.0
106,朝陽科技大學,技專校院,07191026,工業工程與管理系,碩士班(日間),40.0,13.0
106,朝陽科技大學,技專校院,07191A01,工業工程與管理系工業工程與設備管理專班,學士班(進修),34.0,
106,朝陽科技大學,技專校院,07311028,建築系,學士班(日間),518.0,128.0
106,朝陽科技大學,技專校院,07311028,建築系建築及都市設計博士班,博士班,21.0,
106,朝陽科技大學,技專校院,07311028,建築系建築及都市設計碩士班,碩士班(日間),27.0,8.0
106,朝陽科技大學,技專校院,07312031,景觀及都市設計系,學士班(日間),242.0,60.0
106,朝陽科技大學,技專校院,07312031,景觀及都市設計系,碩士班(日間),19.0,4.0
106,朝陽科技大學,技專校院,07321025,營建工程系,博士班,9.0,
106,朝陽科技大學,技專校院,07321025,營建工程系,學士班(日間),501.0,115.0
106,朝陽科技大學,技專校院,07321025,營建工程系,碩士在職專班,20.0,6.0
106,朝陽科技大學,技專校院,07321025,營建工程系,碩士班(日間),40.0,24.0
106,朝陽科技大學,技專校院,09221035,幼兒保育系,學士班(日間),484.0,112.0
106,朝陽科技大學,技專校院,09221035,幼兒保育系,學士班(進修),151.0,27.0
106,朝陽科技大學,技專校院,09221035,幼兒保育系,碩士在職專班,75.0,13.0
106,朝陽科技大學,技專校院,09221035,幼兒保育系,碩士班(日間),41.0,7.0
106,朝陽科技大學,技專校院,09231034,社會工作系,學士班(日間),476.0,111.0
106,朝陽科技大學,技專校院,09231034,社會工作系,學士班(進修),146.0,13.0
106,朝陽科技大學,技專校院,09231034,社會工作系,碩士在職專班,14.0,
106,朝陽科技大學,技專校院,09231034,社會工作系,碩士班(日間),36.0,11.0
106,朝陽科技大學,技專校院,10152036,休閒事業管理系,學士班(日間),540.0,124.0
106,朝陽科技大學,技專校院,10152036,休閒事業管理系,學士班(進修),643.0,142.0
106,朝陽科技大學,技專校院,10152036,休閒事業管理系,碩士在職專班,67.0,23.0
106,朝陽科技大學,技專校院,10152036,休閒事業管理系,碩士班(日間),46.0,17.0
106,朝陽科技大學,技專校院,10152036,休閒事業管理系_雙軌訓練旗鑑計畫,學士班(日間),,64.0
106,東海大學,一般大學,01111001,教育研究所,碩士在職專班,39.0,14.0
106,東海大學,一般大學,01111001,教育研究所,碩士班(日間),40.0,9.0
106,東海大學,一般大學,02123011,工業設計學系,學士班(日間),163.0,31.0
106,東海大學,一般大學,02123011,工業設計學系,碩士在職專班,29.0,4.0
106,東海大學,一般大學,02123011,工業設計學系,碩士班(日間),17.0,5.0
106,東海大學,一般大學,02131002,美術學系,學士班(日間),196.0,45.0
106,東海大學,一般大學,02131002,美術學系,學士班(進修),188.0,28.0
106,東海大學,一般大學,02131002,美術學系,碩士在職專班,59.0,7.0
106,東海大學,一般大學,02131002,美術學系,碩士班(日間),58.0,16.0
106,東海大學,一般大學,02151003,音樂學系,學士班(日間),175.0,35.0
106,東海大學,一般大學,02151003,音樂學系,碩士班(日間),69.0,18.0
106,東海大學,一般大學,02152058,表演藝術與創作碩士學位學程,碩士班(日間),7.0,
106,東海大學,一般大學,02221009,歷史學系,學士班(日間),268.0,61.0
106,東海大學,一般大學,02221009,歷史學系,碩士班(日間),19.0,7.0
106,東海大學,一般大學,02231010,哲學系,博士班,18.0,
106,東海大學,一般大學,02231010,哲學系,學士班(日間),243.0,53.0
106,東海大學,一般大學,02231010,哲學系,碩士在職專班,32.0,4.0
106,東海大學,一般大學,02231010,哲學系,碩士班(日間),27.0,1.0
106,東海大學,一般大學,02311005,外國語文學系,學士班(日間),450.0,105.0
106,東海大學,一般大學,02311005,外國語文學系,碩士班(日間),18.0,6.0
106,東海大學,一般大學,02311007,日本語言文化學系,學士班(日間),460.0,105.0
106,東海大學,一般大學,02311007,日本語言文化學系,碩士班(日間),25.0,6.0
106,東海大學,一般大學,02322004,中國文學系,博士班,22.0,1.0
106,東海大學,一般大學,02322004,中國文學系,學士班(日間),459.0,103.0
106,東海大學,一般大學,02322004,中國文學系,碩士在職專班,11.0,1.0
106,東海大學,一般大學,02322004,中國文學系,碩士班(日間),43.0,6.0
106,東海大學,一般大學,03111012,經濟學系,學士班(日間),719.0,166.0
106,東海大學,一般大學,03111012,經濟學系,學士班(進修),9.0,6.0
106,東海大學,一般大學,03111012,經濟學系,碩士班(日間),14.0,9.0
106,東海大學,一般大學,03121013,政治學系,博士班,31.0,2.0
106,東海大學,一般大學,03121013,政治學系,學士班(日間),451.0,90.0
106,東海大學,一般大學,03121013,政治學系,碩士班(日間),26.0,5.0
106,東海大學,一般大學,03141014,社會學系,博士班,48.0,1.0
106,東海大學,一般大學,03141014,社會學系,學士班(日間),485.0,109.0
106,東海大學,一般大學,03141014,社會學系,碩士班(日間),39.0,6.0
106,東海大學,一般大學,04111018,會計學系,學士班(日間),504.0,118.0
106,東海大學,一般大學,04111018,會計學系,碩士在職專班,36.0,8.0
106,東海大學,一般大學,04111018,會計學系,碩士班(日間),29.0,17.0
106,東海大學,一般大學,04121024,財務金融學系,學士班(日間),530.0,150.0
106,東海大學,一般大學,04121024,財務金融學系,碩士在職專班,11.0,1.0
106,東海大學,一般大學,04121024,財務金融學系,碩士班(日間),38.0,18.0
106,東海大學,一般大學,04131019,企業管理學系,學士班(日間),742.0,182.0
106,東海大學,一般大學,04131019,企業管理學系,碩士班(日間),75.0,40.0
106,東海大學,一般大學,04131019,企業管理學系高階企業經營碩士在職專班,碩士在職專班,2.0,
106,東海大學,一般大學,04131021,國際學院國際經營管理學位學程,學士班(日間),203.0,48.0
106,東海大學,一般大學,04131025,高階經營管理碩士在職專班,碩士在職專班,,71.0
106,東海大學,一般大學,04133044,工業工程與經營資訊學系高階醫務工程與管理碩士在職專班,碩士在職專班,45.0,15.0
106,東海大學,一般大學,04134016,行政管理暨政策學系,學士班(日間),269.0,69.0
106,東海大學,一般大學,04134016,行政管理暨政策學系,學士班(進修),1.0,
106,東海大學,一般大學,04134016,行政管理暨政策學系,碩士班(日間),17.0,2.0
106,東海大學,一般大學,04134016,行政管理暨政策學系第三部門碩士在職專班,碩士在職專班,30.0,10.0
106,東海大學,一般大學,04134017,公共事務碩士專班,碩士在職專班,55.0,16.0
106,東海大學,一般大學,04141023,國際經營與貿易學系,學士班(日間),709.0,171.0
106,東海大學,一般大學,04141023,國際經營與貿易學系,碩士班(日間),18.0,9.0
106,東海大學,一般大學,04199025,高階經營管理碩士在職專班,碩士在職專班,307.0,
106,東海大學,一般大學,04211027,法律學系,博士班,21.0,1.0
106,東海大學,一般大學,04211027,法律學系,學士班(日間),511.0,119.0
106,東海大學,一般大學,04211027,法律學系,學士班(進修),178.0,36.0
106,東海大學,一般大學,04211027,法律學系,碩士班(日間),152.0,23.0
106,東海大學,一般大學,05111028,生命科學系,博士班,13.0,1.0
106,東海大學,一般大學,05111028,生命科學系,學士班(日間),353.0,81.0
106,東海大學,一般大學,05111028,生命科學系,碩士班(日間),16.0,7.0
106,東海大學,一般大學,05211056,永續科學與工程學士學位學程,學士班(日間),65.0,
106,東海大學,一般大學,05311030,化學系,博士班,7.0,
106,東海大學,一般大學,05311030,化學系,學士班(日間),353.0,79.0
106,東海大學,一般大學,05311030,化學系,碩士班(日間),42.0,20.0
106,東海大學,一般大學,05331032,應用物理學系,博士班,2.0,
106,東海大學,一般大學,05331032,應用物理學系,學士班(日間),293.0,72.0
106,東海大學,一般大學,05331032,應用物理學系,碩士班(日間),11.0,7.0
106,東海大學,一般大學,05411034,應用數學系,學士班(日間),186.0,41.0
106,東海大學,一般大學,05411034,應用數學系,碩士班(日間),10.0,2.0
106,東海大學,一般大學,05421035,統計學系,博士班,2.0,
106,東海大學,一般大學,05421035,統計學系,學士班(日間),405.0,97.0
106,東海大學,一般大學,05421035,統計學系,碩士班(日間),14.0,6.0
106,東海大學,一般大學,06131036,資訊管理學系,學士班(日間),250.0,
106,東海大學,一般大學,06131036,資訊管理學系,碩士班(日間),34.0,
106,東海大學,一般大學,06133047,數位創新碩士學位學程,碩士班(日間),19.0,3.0
106,東海大學,一般大學,06134036,資訊管理學系,學士班(日間),,58.0
106,東海大學,一般大學,06134036,資訊管理學系,碩士班(日間),,15.0
106,東海大學,一般大學,07111042,化學工程與材料工程學系,博士班,2.0,
106,東海大學,一般大學,07111042,化學工程與材料工程學系,學士班(日間),446.0,90.0
106,東海大學,一般大學,07111042,化學工程與材料工程學系,碩士班(日間),56.0,19.0
106,東海大學,一般大學,07121045,環境科學與工程學系,博士班,8.0,3.0
106,東海大學,一般大學,07121045,環境科學與工程學系,學士班(日間),352.0,90.0
106,東海大學,一般大學,07121045,環境科學與工程學系,碩士班(日間),33.0,15.0
106,東海大學,一般大學,07141037,電機工程學系,學士班(日間),297.0,69.0
106,東海大學,一般大學,07141037,電機工程學系,碩士班(日間),24.0,9.0
106,東海大學,一般大學,07141039,資訊工程學系,學士班(日間),521.0,116.0
106,東海大學,一般大學,07141039,資訊工程學系,學士班(進修),87.0,11.0
106,東海大學,一般大學,07141039,資訊工程學系,碩士在職專班,17.0,6.0
106,東海大學,一般大學,07141039,資訊工程學系,碩士班(日間),44.0,15.0
106,東海大學,一般大學,07191044,工業工程與經營資訊學系,博士班,22.0,2.0
106,東海大學,一般大學,07191044,工業工程與經營資訊學系,學士班(日間),500.0,126.0
106,東海大學,一般大學,07191044,工業工程與經營資訊學系,碩士班(日間),50.0,21.0
106,東海大學,一般大學,07211052,食品科學系,學士班(日間),407.0,112.0
106,東海大學,一般大學,07211052,食品科學系,碩士班(日間),47.0,18.0
106,東海大學,一般大學,07311048,建築學系,學士班(日間),194.0,38.0
106,東海大學,一般大學,07311048,建築學系,碩士班(日間),60.0,20.0
106,東海大學,一般大學,07312049,景觀學系,學士班(日間),265.0,63.0
106,東海大學,一般大學,07312049,景觀學系,碩士在職專班,32.0,1.0
106,東海大學,一般大學,07312049,景觀學系,碩士班(日間),21.0,9.0
106,東海大學,一般大學,08112051,畜產與生物科技學系,博士班,2.0,
106,東海大學,一般大學,08112051,畜產與生物科技學系,學士班(日間),375.0,79.0
106,東海大學,一般大學,08112051,畜產與生物科技學系,碩士班(日間),19.0,4.0
106,東海大學,一般大學,09231053,社會工作學系,博士班,42.0,8.0
106,東海大學,一般大學,09231053,社會工作學系,學士班(日間),518.0,124.0
106,東海大學,一般大學,09231053,社會工作學系,碩士班(日間),55.0,7.0
106,東海大學,一般大學,10131054,餐旅管理學系,學士班(日間),271.0,59.0
106,東海大學,一般大學,10131054,餐旅管理學系,碩士在職專班,40.0,11.0
106,東海大學,一般大學,10131054,餐旅管理學系,碩士班(日間),22.0,9.0
106,東海大學,一般大學,10152055,運動休閒與健康管理學位學程,學士班(進修),85.0,11.0
106,逢甲大學,一般大學,02122005,創意設計碩士學位學程,碩士班(日間),18.0,6.0
106,逢甲大學,一般大學,02124007,室內設計進修學士班,學士班(進修),218.0,40.0
106,逢甲大學,一般大學,02221003,歷史與文物研究所,碩士班(日間),24.0,1.0
106,逢甲大學,一般大學,02311002,外國語文學系,學士班(日間),436.0,99.0
106,逢甲大學,一般大學,02311002,外國語文學系英語文研究碩士班,碩士班(日間),24.0,3.0
106,逢甲大學,一般大學,02322001,中國文學系,博士班,29.0,5.0
106,逢甲大學,一般大學,02322001,中國文學系,學士班(日間),264.0,67.0
106,逢甲大學,一般大學,02322001,中國文學系,碩士在職專班,1.0,1.0
106,逢甲大學,一般大學,02322001,中國文學系,碩士班(日間),23.0,7.0
106,逢甲大學,一般大學,03111009,經濟學系,博士班,6.0,
106,逢甲大學,一般大學,03111009,經濟學系,學士班(日間),474.0,115.0
106,逢甲大學,一般大學,03111009,經濟學系,碩士班(日間),14.0,3.0
106,逢甲大學,一般大學,03111012,合作經濟暨社會事業經營學系,學士班(日間),245.0,61.0
106,逢甲大學,一般大學,03111012,合作經濟暨社會事業經營學系,碩士在職專班,2.0,
106,逢甲大學,一般大學,03111012,合作經濟暨社會事業經營學系,碩士班(日間),22.0,10.0
106,逢甲大學,一般大學,04111017,會計學系,學士班(日間),772.0,210.0
106,逢甲大學,一般大學,04111017,會計學系,碩士班(日間),43.0,24.0
106,逢甲大學,一般大學,04121025,財務金融學系,學士班(日間),744.0,177.0
106,逢甲大學,一般大學,04121025,財務金融學系,碩士班(日間),40.0,17.0
106,逢甲大學,一般大學,04121026,金融博士學位學程,博士班,57.0,11.0
106,逢甲大學,一般大學,04121026,金融碩士在職專班,碩士在職專班,53.0,20.0
106,逢甲大學,一般大學,04121028,財務工程與精算學士學位學程,學士班(日間),229.0,61.0
106,逢甲大學,一般大學,04122032,財稅學系,學士班(日間),460.0,112.0
106,逢甲大學,一般大學,04122032,財稅學系,碩士班(日間),25.0,16.0
106,逢甲大學,一般大學,04123029,風險管理與保險學系,學士班(日間),434.0,104.0
106,逢甲大學,一般大學,04123029,風險管理與保險學系,碩士班(日間),44.0,14.0
106,逢甲大學,一般大學,04131019,企業管理學系,學士班(日間),620.0,152.0
106,逢甲大學,一般大學,04131019,企業管理學系,碩士班(日間),33.0,16.0
106,逢甲大學,一般大學,04131020,經營管理碩士在職專班,碩士在職專班,354.0,141.0
106,逢甲大學,一般大學,04131021,國際企業管理學士學位學程(英語專班),學士班(日間),155.0,74.0
106,逢甲大學,一般大學,04131022,國際經營管理碩士學位學程,碩士班(日間),10.0,7.0
106,逢甲大學,一般大學,04131034,西班牙薩拉戈薩大學物流供應鏈管理與創新創業雙碩士學位學程,碩士班(日間),3.0,2.0
106,逢甲大學,一般大學,04132C01,全球運籌經營管理產業碩士專班,碩士班(日間),4.0,4.0
106,逢甲大學,一般大學,04134086,土地管理學系,學士班(日間),430.0,102.0
106,逢甲大學,一般大學,04134086,土地管理學系,碩士在職專班,38.0,9.0
106,逢甲大學,一般大學,04134086,土地管理學系,碩士班(日間),39.0,8.0
106,逢甲大學,一般大學,04134097,公共事務與社會創新研究所,碩士在職專班,78.0,17.0
106,逢甲大學,一般大學,04134097,公共事務與社會創新研究所,碩士班(日間),15.0,2.0
106,逢甲大學,一般大學,04141024,國際經營與貿易學系,學士班(日間),905.0,198.0
106,逢甲大學,一般大學,04141024,國際經營與貿易學系,碩士班(日間),65.0,31.0
106,逢甲大學,一般大學,04141033,行銷學系,學士班(日間),571.0,
106,逢甲大學,一般大學,04143033,行銷學系,學士班(日間),,124.0
106,逢甲大學,一般大學,04191014,商學博士學位學程,博士班,120.0,22.0
106,逢甲大學,一般大學,04191014,商學進修學士班,學士班(進修),506.0,127.0
106,逢甲大學,一般大學,04191015,電子商務碩士在職專班,碩士在職專班,2.0,
106,逢甲大學,一般大學,04191016,商學院商學專業碩士在職專班,碩士在職專班,53.0,20.0
106,逢甲大學,一般大學,04199035,澳洲墨爾本皇家理工大學商學與創新雙學士學位學程,學士班(日間),79.0,
106,逢甲大學,一般大學,04199036,科技管理碩士學位學程,碩士班(日間),27.0,17.0
106,逢甲大學,一般大學,04199037,建設學院專案管理碩士在職專班,碩士在職專班,42.0,16.0
106,逢甲大學,一般大學,04199092,美國聖荷西州立大學商學大數據分析雙學士學位學程,學士班(日間),77.0,
106,逢甲大學,一般大學,04199096,建設碩士在職學位學程,碩士在職專班,52.0,
106,逢甲大學,一般大學,04212038,財經法律研究所,碩士在職專班,44.0,4.0
106,逢甲大學,一般大學,04212038,財經法律研究所,碩士班(日間),72.0,13.0
106,逢甲大學,一般大學,05411039,應用數學系,學士班(日間),384.0,79.0
106,逢甲大學,一般大學,05411039,應用數學系,碩士班(日間),29.0,7.0
106,逢甲大學,一般大學,05421040,統計學系,學士班(日間),416.0,101.0
106,逢甲大學,一般大學,05421040,統計學系應用統計博士班,博士班,4.0,
106,逢甲大學,一般大學,05421040,統計學系統計與精算碩士班,碩士班(日間),48.0,20.0
106,逢甲大學,一般大學,06131048,資訊工程學系,博士班,30.0,5.0
106,逢甲大學,一般大學,06131048,資訊工程學系,學士班(日間),932.0,189.0
106,逢甲大學,一般大學,06131048,資訊工程學系,碩士在職專班,3.0,
106,逢甲大學,一般大學,06131048,資訊工程學系,碩士班(日間),99.0,36.0
106,逢甲大學,一般大學,07111068,化學工程學系,博士班,10.0,2.0
106,逢甲大學,一般大學,07111068,化學工程學系,學士班(日間),472.0,113.0
106,逢甲大學,一般大學,07111068,化學工程學系,碩士班(日間),74.0,38.0
106,逢甲大學,一般大學,07112069,材料科學與工程學系,博士班,8.0,3.0
106,逢甲大學,一般大學,07112069,材料科學與工程學系,學士班(日間),450.0,116.0
106,逢甲大學,一般大學,07112069,材料科學與工程學系,碩士班(日間),72.0,33.0
106,逢甲大學,一般大學,07121075,環境工程與科學學系,博士班,7.0,2.0
106,逢甲大學,一般大學,07121075,環境工程與科學學系,學士班(日間),398.0,86.0
106,逢甲大學,一般大學,07121075,環境工程與科學學系,碩士班(日間),42.0,16.0
106,逢甲大學,一般大學,07122077,水利工程與資源保育學系,學士班(日間),369.0,82.0
106,逢甲大學,一般大學,07122077,水利工程與資源保育學系,碩士班(日間),48.0,14.0
106,逢甲大學,一般大學,07132079,綠色能源科技碩士學位學程,碩士班(日間),22.0,10.0
106,逢甲大學,一般大學,07141044,電機工程學系,學士班(日間),599.0,143.0
106,逢甲大學,一般大學,07141044,電機工程學系,碩士班(日間),49.0,19.0
106,逢甲大學,一般大學,07141045,電機與通訊工程博士學位學程,博士班,39.0,2.0
106,逢甲大學,一般大學,07141046,電子工程學系,學士班(日間),483.0,101.0
106,逢甲大學,一般大學,07141046,電子工程學系,碩士班(日間),70.0,27.0
106,逢甲大學,一般大學,07141047,光電學系,學士班(日間),418.0,91.0
106,逢甲大學,一般大學,07141047,光電學系,碩士班(日間),43.0,18.0
106,逢甲大學,一般大學,07141049,自動控制工程學系,學士班(日間),473.0,
106,逢甲大學,一般大學,07141049,自動控制工程學系,碩士班(日間),35.0,
106,逢甲大學,一般大學,07141050,通訊工程學系,學士班(日間),444.0,99.0
106,逢甲大學,一般大學,07141050,通訊工程學系,碩士班(日間),45.0,22.0
106,逢甲大學,一般大學,07141052,自動控制工程學系,學士班(日間),,123.0
106,逢甲大學,一般大學,07141052,自動控制工程學系,碩士班(日間),,17.0
106,逢甲大學,一般大學,07141053,資訊電機工程碩士在職專班,碩士在職專班,83.0,18.0
106,逢甲大學,一般大學,07141054,光電能源與視覺科技碩士在職專班,碩士在職專班,14.0,10.0
106,逢甲大學,一般大學,07141055,智慧聯網產業博士學位學程,博士班,6.0,
106,逢甲大學,一般大學,07141056,資訊電機學院,學士班(日間),132.0,
106,逢甲大學,一般大學,07141099,視光科技碩士在職學位學程,碩士在職專班,14.0,
106,逢甲大學,一般大學,07141C03,通訊與IC產業碩士專班,碩士班(日間),2.0,2.0
106,逢甲大學,一般大學,07141C04,智能化機電系統設計產業碩士專班,碩士班(日間),7.0,
106,逢甲大學,一般大學,07141C07,資通訊與電控產業碩士專班,碩士班(日間),6.0,
106,逢甲大學,一般大學,07151060,機械與航空工程博士學位學程,博士班,27.0,2.0
106,逢甲大學,一般大學,07151061,機械與電腦輔助工程學系,學士班(日間),663.0,157.0
106,逢甲大學,一般大學,07151061,機械與電腦輔助工程學系機械工程碩士在職專班,碩士在職專班,19.0,10.0
106,逢甲大學,一般大學,07151061,機械與電腦輔助工程學系機械工程碩士班,碩士班(日間),52.0,23.0
106,逢甲大學,一般大學,07151062,精密系統設計學士學位學程,學士班(日間),205.0,46.0
106,逢甲大學,一般大學,07162059,航太與系統工程學系,學士班(日間),475.0,101.0
106,逢甲大學,一般大學,07162059,航太與系統工程學系,碩士班(日間),50.0,21.0
106,逢甲大學,一般大學,07191072,工業工程與系統管理學系,博士班,16.0,
106,逢甲大學,一般大學,07191072,工業工程與系統管理學系,學士班(日間),418.0,96.0
106,逢甲大學,一般大學,07191072,工業工程與系統管理學系,碩士在職專班,48.0,29.0
106,逢甲大學,一般大學,07191072,工業工程與系統管理學系,碩士班(日間),44.0,24.0
106,逢甲大學,一般大學,07192074,纖維與複合材料學系,博士班,22.0,5.0
106,逢甲大學,一般大學,07192074,纖維與複合材料學系,學士班(日間),414.0,98.0
106,逢甲大學,一般大學,07192074,纖維與複合材料學系,碩士在職專班,20.0,8.0
106,逢甲大學,一般大學,07192074,纖維與複合材料學系,碩士班(日間),51.0,26.0
106,逢甲大學,一般大學,07193078,生醫資訊暨生醫工程碩士學位學程,碩士班(日間),19.0,9.0
106,逢甲大學,一般大學,07199080,電聲碩士學位學程,碩士班(日間),24.0,10.0
106,逢甲大學,一般大學,07199098,智能製造與工程管理碩士在職學位學程,碩士在職專班,55.0,
106,逢甲大學,一般大學,07311081,建築學士學位學程,學士班(日間),367.0,100.0
106,逢甲大學,一般大學,07311081,建築碩士在職學位學程,碩士在職專班,39.0,6.0
106,逢甲大學,一般大學,07311081,建築碩士學位學程,碩士班(日間),36.0,7.0
106,逢甲大學,一般大學,07311083,建築專業學院學士班,學士班(日間),224.0,
106,逢甲大學,一般大學,07312084,景觀與遊憩碩士學位學程,碩士在職專班,14.0,5.0
106,逢甲大學,一般大學,07312084,景觀與遊憩碩士學位學程,碩士班(日間),23.0,7.0
106,逢甲大學,一般大學,07313087,都市計畫與空間資訊學系,學士班(日間),431.0,97.0
106,逢甲大學,一般大學,07313087,都市計畫與空間資訊學系,碩士在職專班,41.0,16.0
106,逢甲大學,一般大學,07313087,都市計畫與空間資訊學系,碩士班(日間),33.0,15.0
106,逢甲大學,一般大學,07321063,土木工程學系,學士班(日間),472.0,117.0
106,逢甲大學,一般大學,07321063,土木工程學系,碩士在職專班,18.0,6.0
106,逢甲大學,一般大學,07321063,土木工程學系,碩士班(日間),42.0,15.0
106,逢甲大學,一般大學,07321063,土木工程學系營建工程與管理進修學士班,學士班(進修),191.0,26.0
106,逢甲大學,一般大學,07321100,土木水利工程與建設規劃博士學位學程,博士班,59.0,3.0
106,逢甲大學,一般大學,10411093,運輸與物流學系,學士班(日間),468.0,124.0
106,逢甲大學,一般大學,10411093,運輸與物流學系,碩士在職專班,33.0,15.0
106,逢甲大學,一般大學,10411093,運輸與物流學系,碩士班(日間),32.0,10.0
106,逢甲大學,一般大學,99999094,全校國際生大一不分系學士班,學士班(日間),27.0,
106,靜宜大學,一般大學,01111001,教育研究所,碩士在職專班,39.0,13.0
106,靜宜大學,一般大學,01111001,教育研究所,碩士班(日間),42.0,16.0
106,靜宜大學,一般大學,02311004,英國語文學系,學士班(日間),692.0,204.0
106,靜宜大學,一般大學,02311004,英國語文學系,碩士班(日間),27.0,7.0
106,靜宜大學,一般大學,02311005,西班牙語文學系,學士班(日間),500.0,131.0
106,靜宜大學,一般大學,02311005,西班牙語文學系,碩士班(日間),28.0,7.0
106,靜宜大學,一般大學,02311006,日本語文學系,學士班(日間),631.0,151.0
106,靜宜大學,一般大學,02311006,日本語文學系,碩士班(日間),25.0,2.0
106,靜宜大學,一般大學,02311007,寰宇外語教育學士學位學程,學士班(日間),109.0,
106,靜宜大學,一般大學,02321002,台灣文學系,學士班(日間),206.0,43.0
106,靜宜大學,一般大學,02321002,台灣文學系,碩士班(日間),12.0,2.0
106,靜宜大學,一般大學,02322003,中國文學系,學士班(日間),491.0,96.0
106,靜宜大學,一般大學,02322003,中國文學系,碩士在職專班,15.0,3.0
106,靜宜大學,一般大學,02322003,中國文學系,碩士班(日間),21.0,4.0
106,靜宜大學,一般大學,03211008,大眾傳播學系,學士班(日間),296.0,64.0
106,靜宜大學,一般大學,03211008,大眾傳播學系,碩士班(日間),6.0,1.0
106,靜宜大學,一般大學,03214009,資訊傳播工程學系,學士班(日間),472.0,
106,靜宜大學,一般大學,03214009,資訊傳播工程學系,碩士班(日間),11.0,
106,靜宜大學,一般大學,04111011,會計學系,學士班(日間),685.0,169.0
106,靜宜大學,一般大學,04111011,會計學系,碩士班(日間),25.0,17.0
106,靜宜大學,一般大學,04121019,財務金融學系,學士班(日間),717.0,156.0
106,靜宜大學,一般大學,04121019,財務金融學系,碩士班(日間),18.0,15.0
106,靜宜大學,一般大學,04131010,寰宇管理碩士學位學程,碩士班(日間),35.0,13.0
106,靜宜大學,一般大學,04131012,企業管理學系,學士班(日間),715.0,154.0
106,靜宜大學,一般大學,04131012,企業管理學系,碩士班(日間),11.0,3.0
106,靜宜大學,一般大學,04131013,經營管理進修學士班,學士班(進修),4.0,2.0
106,靜宜大學,一般大學,04131014,管理碩士在職專班,碩士在職專班,135.0,48.0
106,靜宜大學,一般大學,04131015,國際企業學系,學士班(日間),718.0,164.0
106,靜宜大學,一般大學,04131015,國際企業學系,碩士班(日間),10.0,6.0
106,靜宜大學,一般大學,04131018,創新與創業管理碩士學位學程,碩士班(日間),7.0,3.0
106,靜宜大學,一般大學,04191010,寰宇管理學士學位學程,學士班(日間),167.0,36.0
106,靜宜大學,一般大學,04211020,法律學系,學士班(日間),521.0,102.0
106,靜宜大學,一般大學,04211020,法律學系,碩士在職專班,20.0,
106,靜宜大學,一般大學,04211020,法律學系,碩士班(日間),37.0,5.0
106,靜宜大學,一般大學,05191031,食品營養學系,博士班,21.0,
106,靜宜大學,一般大學,05191031,食品營養學系,學士班(日間),479.0,114.0
106,靜宜大學,一般大學,05191031,食品營養學系,碩士班(日間),45.0,13.0
106,靜宜大學,一般大學,05211021,生態人文學系,學士班(日間),214.0,
106,靜宜大學,一般大學,05211021,生態人文學系,碩士班(日間),7.0,2.0
106,靜宜大學,一般大學,05212021,生態人文學系,學士班(日間),,51.0
106,靜宜大學,一般大學,05311023,應用化學系,博士班,19.0,1.0
106,靜宜大學,一般大學,05311023,應用化學系,學士班(日間),394.0,74.0
106,靜宜大學,一般大學,05311023,應用化學系,碩士班(日間),29.0,13.0
106,靜宜大學,一般大學,05421024,統計資訊學系,學士班(日間),167.0,31.0
106,靜宜大學,一般大學,05499025,財務與計算數學系,學士班(日間),388.0,80.0
106,靜宜大學,一般大學,05499025,財務與計算數學系,碩士班(日間),12.0,8.0
106,靜宜大學,一般大學,06131027,資訊管理學系,學士班(日間),456.0,106.0
106,靜宜大學,一般大學,06131027,資訊管理學系,碩士班(日間),19.0,6.0
106,靜宜大學,一般大學,06132009,資訊傳播工程學系,學士班(日間),,97.0
106,靜宜大學,一般大學,06132009,資訊傳播工程學系,碩士班(日間),,3.0
106,靜宜大學,一般大學,06134028,資訊學院資訊應用與科技管理碩士在職專班,碩士在職專班,15.0,5.0
106,靜宜大學,一般大學,07141030,資訊工程學系,學士班(日間),447.0,87.0
106,靜宜大學,一般大學,07141030,資訊工程學系,碩士班(日間),15.0,6.0
106,靜宜大學,一般大學,09161035,化粧品科學系,博士班,2.0,
106,靜宜大學,一般大學,09161035,化粧品科學系,學士班(日間),557.0,147.0
106,靜宜大學,一般大學,09161035,化粧品科學系,碩士在職專班,23.0,4.0
106,靜宜大學,一般大學,09161035,化粧品科學系,碩士班(日間),25.0,8.0
106,靜宜大學,一般大學,09231032,社會工作與兒童少年福利學系,學士班(日間),577.0,125.0
106,靜宜大學,一般大學,09231032,社會工作與兒童少年福利學系,碩士在職專班,36.0,9.0
106,靜宜大學,一般大學,09231032,社會工作與兒童少年福利學系,碩士班(日間),57.0,22.0
106,靜宜大學,一般大學,10151034,觀光事業學系,學士班(日間),772.0,161.0
106,靜宜大學,一般大學,10151034,觀光事業學系,碩士在職專班,43.0,9.0
106,靜宜大學,一般大學,10151034,觀光事業學系,碩士班(日間),22.0,8.0
107,中國醫藥大學,一般大學,04133029,醫務管理學系,學士班(日間),110.0,32.0
107,中國醫藥大學,一般大學,04133029,醫務管理學系,碩士在職專班,51.0,15.0
107,中國醫藥大學,一般大學,04133029,醫務管理學系,碩士班(日間),33.0,19.0
107,中國醫藥大學,一般大學,04133058,科技管理碩士學位學程,碩士班(日間),3.0,
107,中國醫藥大學,一般大學,04212057,科技法律碩士學位學程,碩士班(日間),4.0,
107,中國醫藥大學,一般大學,05121043,生物科技學系,博士班,12.0,1.0
107,中國醫藥大學,一般大學,05121043,生物科技學系,學士班(日間),227.0,51.0
107,中國醫藥大學,一般大學,05121043,生物科技學系,碩士班(日間),23.0,11.0
107,中國醫藥大學,一般大學,05121043,生物科技產業博士學位學程,博士班,5.0,
107,中國醫藥大學,一般大學,05191021,營養學系,博士班,7.0,2.0
107,中國醫藥大學,一般大學,05191021,營養學系,學士班(日間),316.0,67.0
107,中國醫藥大學,一般大學,05191021,營養學系,碩士班(日間),42.0,20.0
107,中國醫藥大學,一般大學,07193031,生物醫學工程碩士學位學程,碩士班(日間),9.0,3.0
107,中國醫藥大學,一般大學,07193055,醫學工程與復健科技產業博士學位學程,博士班,5.0,
107,中國醫藥大學,一般大學,08411012,中獸醫碩士學位學程,碩士班(日間),8.0,1.0
107,中國醫藥大學,一般大學,09111019,牙醫學系,博士班,2.0,
107,中國醫藥大學,一般大學,09111019,牙醫學系,學士班(日間),316.0,57.0
107,中國醫藥大學,一般大學,09111019,牙醫學系,碩士班(日間),8.0,3.0
107,中國醫藥大學,一般大學,09111019,牙醫學系口腔醫學產業碩士班,碩士班(日間),5.0,
107,中國醫藥大學,一般大學,09111030,口腔衛生學系,學士班(日間),16.0,10.0
107,中國醫藥大學,一般大學,09121003,生物醫學研究所,博士班,82.0,
107,中國醫藥大學,一般大學,09121003,生物醫學研究所,碩士班(日間),57.0,28.0
107,中國醫藥大學,一般大學,09121004,臨床醫學研究所,博士班,27.0,9.0
107,中國醫藥大學,一般大學,09121004,臨床醫學研究所,碩士班(日間),1.0,
107,中國醫藥大學,一般大學,09121006,基礎醫學研究所,博士班,12.0,5.0
107,中國醫藥大學,一般大學,09121006,基礎醫學研究所,碩士班(日間),3.0,1.0
107,中國醫藥大學,一般大學,09121014,中醫學系,博士班,57.0,8.0
107,中國醫藥大學,一般大學,09121014,中醫學系,學士班(日間),900.0,117.0
107,中國醫藥大學,一般大學,09121014,中醫學系,碩士班(日間),16.0,7.0
107,中國醫藥大學,一般大學,09121014,學士後中醫學系,學士班(日間),510.0,100.0
107,中國醫藥大學,一般大學,09121016,醫學系,學士班(日間),929.0,246.0
107,中國醫藥大學,一般大學,09121020,國際生物醫學碩士學位學程,碩士班(日間),11.0,7.0
107,中國醫藥大學,一般大學,09121023,老化醫學博士學位學程,博士班,16.0,2.0
107,中國醫藥大學,一般大學,09121025,轉譯醫學博士學位學程,博士班,3.0,1.0
107,中國醫藥大學,一般大學,09121046,中西醫結合研究所,博士班,9.0,1.0
107,中國醫藥大學,一般大學,09121046,中西醫結合研究所,碩士班(日間),16.0,6.0
107,中國醫藥大學,一般大學,09121049,癌症生物與藥物研發博士學位學程,博士班,10.0,3.0
107,中國醫藥大學,一般大學,09121059,生醫科技產業博士學位學程,博士班,1.0,
107,中國醫藥大學,一般大學,09131024,二年制呼吸治療學系,學士班(進修),21.0,13.0
107,中國醫藥大學,一般大學,09131045,護理學系,學士班(日間),293.0,65.0
107,中國醫藥大學,一般大學,09131045,護理學系,學士班(進修),17.0,12.0
107,中國醫藥大學,一般大學,09131045,護理學系,碩士班(日間),54.0,16.0
107,中國醫藥大學,一般大學,09141017,醫學檢驗生物技術學系,學士班(日間),203.0,54.0
107,中國醫藥大學,一般大學,09141017,醫學檢驗生物技術學系,碩士班(日間),17.0,9.0
107,中國醫藥大學,一般大學,09141032,生物醫學影像暨放射科學學系,學士班(日間),217.0,52.0
107,中國醫藥大學,一般大學,09141032,生物醫學影像暨放射科學學系,碩士班(日間),8.0,6.0
107,中國醫藥大學,一般大學,09151010,物理治療學系,學士班(日間),249.0,58.0
107,中國醫藥大學,一般大學,09151010,物理治療學系復健科學碩士班,碩士班(日間),10.0,6.0
107,中國醫藥大學,一般大學,09159047,運動醫學系,學士班(日間),209.0,44.0
107,中國醫藥大學,一般大學,09161015,新藥開發研究所,博士班,5.0,
107,中國醫藥大學,一般大學,09161034,藥學系,博士班,20.0,6.0
107,中國醫藥大學,一般大學,09161034,藥學系,學士班(日間),1153.0,237.0
107,中國醫藥大學,一般大學,09161034,藥學系,碩士班(日間),28.0,14.0
107,中國醫藥大學,一般大學,09161039,中國藥學暨中藥資源學系,博士班,15.0,4.0
107,中國醫藥大學,一般大學,09161039,中國藥學暨中藥資源學系,學士班(日間),158.0,37.0
107,中國醫藥大學,一般大學,09161039,中國藥學暨中藥資源學系,碩士班(日間),14.0,5.0
107,中國醫藥大學,一般大學,09161042,藥用化妝品學系,學士班(日間),184.0,44.0
107,中國醫藥大學,一般大學,09161042,藥用化妝品學系,碩士班(日間),24.0,10.0
107,中國醫藥大學,一般大學,09161050,製藥碩士學位學程,碩士班(日間),18.0,5.0
107,中國醫藥大學,一般大學,09161051,生技製藥產業博士學位學程,博士班,6.0,
107,中國醫藥大學,一般大學,09171013,針灸研究所,博士班,13.0,1.0
107,中國醫藥大學,一般大學,09171013,針灸研究所,碩士班(日間),13.0,6.0
107,中國醫藥大學,一般大學,09171048,國際針灸碩士學位學程,碩士班(日間),3.0,1.0
107,中國醫藥大學,一般大學,09191008,健康風險管理學系,學士班(日間),25.0,22.0
107,中國醫藥大學,一般大學,09191026,公共衛生國際碩士學位學程,碩士班(日間),4.0,3.0
107,中國醫藥大學,一般大學,09191026,公共衛生學系,博士班,75.0,3.0
107,中國醫藥大學,一般大學,09191026,公共衛生學系,學士班(日間),138.0,42.0
107,中國醫藥大學,一般大學,09191026,公共衛生學系,碩士班(日間),52.0,12.0
107,中國醫藥大學,一般大學,09191056,公共衛生學院大一不分系,學士班(日間),141.0,
107,中國醫藥大學,一般大學,09199045,護理學系跨領域長期照護碩士在職專班,碩士在職專班,6.0,
107,中國醫藥大學,一般大學,09199053,食品暨藥物安全碩士學位學程,碩士班(日間),9.0,4.0
107,中國醫藥大學,一般大學,09199054,健康科技產業博士學位學程,博士班,3.0,
107,中國醫藥大學,一般大學,10221038,職業安全與衛生學系,學士班(日間),126.0,41.0
107,中國醫藥大學,一般大學,10221038,職業安全與衛生學系,碩士在職專班,17.0,4.0
107,中國醫藥大學,一般大學,10221038,職業安全與衛生學系,碩士班(日間),15.0,7.0
107,中山醫學大學,一般大學,02311003,應用外國語言學系,學士班(日間),178.0,40.0
107,中山醫學大學,一般大學,02311003,應用外國語言學系,學士班(進修),7.0,7.0
107,中山醫學大學,一般大學,03131004,心理學系,學士班(日間),207.0,44.0
107,中山醫學大學,一般大學,03131004,心理學系臨床心理學碩士班,碩士班(日間),66.0,15.0
107,中山醫學大學,一般大學,04133006,醫療產業科技管理學系,學士班(日間),151.0,38.0
107,中山醫學大學,一般大學,04133006,醫療產業科技管理學系,碩士在職專班,28.0,13.0
107,中山醫學大學,一般大學,04133006,醫療產業科技管理學系,碩士班(日間),11.0,4.0
107,中山醫學大學,一般大學,05121012,生物醫學科學學系,學士班(日間),287.0,74.0
107,中山醫學大學,一般大學,05121012,生物醫學科學學系,碩士班(日間),8.0,
107,中山醫學大學,一般大學,05123013,生化微生物免疫研究所,博士班,20.0,4.0
107,中山醫學大學,一般大學,05123013,生化微生物免疫研究所,碩士在職專班,21.0,8.0
107,中山醫學大學,一般大學,05123013,生化微生物免疫研究所,碩士班(日間),25.0,13.0
107,中山醫學大學,一般大學,05124012,生物醫學科學學系,碩士班(日間),,4.0
107,中山醫學大學,一般大學,05191026,營養學系,博士班,14.0,
107,中山醫學大學,一般大學,05191026,營養學系,學士班(日間),393.0,106.0
107,中山醫學大學,一般大學,05191026,營養學系,碩士在職專班,4.0,1.0
107,中山醫學大學,一般大學,05191026,營養學系,碩士班(日間),43.0,20.0
107,中山醫學大學,一般大學,05399015,醫學應用化學系,學士班(日間),185.0,40.0
107,中山醫學大學,一般大學,05399015,醫學應用化學系,碩士班(日間),10.0,7.0
107,中山醫學大學,一般大學,06131033,醫學資訊學系,學士班(日間),148.0,33.0
107,中山醫學大學,一般大學,06131033,醫學資訊學系,碩士班(日間),8.0,
107,中山醫學大學,一般大學,09111038,牙醫學系,博士班,8.0,1.0
107,中山醫學大學,一般大學,09111038,牙醫學系,學士班(日間),477.0,81.0
107,中山醫學大學,一般大學,09111038,牙醫學系,碩士班(日間),10.0,4.0
107,中山醫學大學,一般大學,09111039,口腔科學研究所,博士班,12.0,2.0
107,中山醫學大學,一般大學,09111039,口腔科學研究所,碩士班(日間),17.0,7.0
107,中山醫學大學,一般大學,09121018,醫學研究所,博士班,124.0,28.0
107,中山醫學大學,一般大學,09121018,醫學研究所,碩士班(日間),56.0,23.0
107,中山醫學大學,一般大學,09121018,醫學系,學士班(日間),806.0,128.0
107,中山醫學大學,一般大學,09121018,醫學系七年制,學士班(日間),150.0,143.0
107,中山醫學大學,一般大學,09131028,護理學系,學士班(日間),455.0,116.0
107,中山醫學大學,一般大學,09131028,護理學系,碩士班(日間),58.0,12.0
107,中山醫學大學,一般大學,09131028,護理學系長期照護碩士在職專班,碩士在職專班,65.0,5.0
107,中山醫學大學,一般大學,09141030,醫學檢驗暨生物技術學系,學士班(日間),366.0,98.0
107,中山醫學大學,一般大學,09141030,醫學檢驗暨生物技術學系,碩士在職專班,7.0,2.0
107,中山醫學大學,一般大學,09141030,醫學檢驗暨生物技術學系,碩士班(日間),16.0,10.0
107,中山醫學大學,一般大學,09141030,醫學科技學院醫學檢驗暨生物技術學系澳門境外碩士在職專班,碩士在職專班,19.0,2.0
107,中山醫學大學,一般大學,09141031,醫學影像暨放射科學系,學士班(日間),304.0,75.0
107,中山醫學大學,一般大學,09141031,醫學影像暨放射科學系,碩士班(日間),14.0,9.0
107,中山醫學大學,一般大學,09141032,視光學系,學士班(日間),226.0,45.0
107,中山醫學大學,一般大學,09141032,視光學系,學士班(進修),113.0,29.0
107,中山醫學大學,一般大學,09141032,視光學系,碩士班(日間),22.0,11.0
107,中山醫學大學,一般大學,09151022,物理治療學系,學士班(日間),200.0,49.0
107,中山醫學大學,一般大學,09151022,物理治療學系,碩士班(日間),9.0,6.0
107,中山醫學大學,一般大學,09152023,職能治療學系,學士班(日間),196.0,44.0
107,中山醫學大學,一般大學,09152023,職能治療學系,碩士班(日間),10.0,3.0
107,中山醫學大學,一般大學,09153024,語言治療與聽力學系,學士班(日間),382.0,95.0
107,中山醫學大學,一般大學,09153024,語言治療與聽力學系,碩士班(日間),23.0,3.0
107,中山醫學大學,一般大學,09191020,公共衛生學系,博士班,29.0,4.0
107,中山醫學大學,一般大學,09191020,公共衛生學系,學士班(日間),251.0,55.0
107,中山醫學大學,一般大學,09191020,公共衛生學系,碩士班(日間),23.0,14.0
107,中山醫學大學,一般大學,09199048,健康管理學院國際健康產業經營管理碩士在職專班,碩士在職專班,19.0,
107,中山醫學大學,一般大學,09231045,醫學社會暨社會工作學系,學士班(日間),363.0,92.0
107,中山醫學大學,一般大學,09231045,醫學社會暨社會工作學系,碩士班(日間),22.0,5.0
107,中山醫學大學,一般大學,10131046,健康餐飲暨產業管理學系,學士班(日間),173.0,38.0
107,中山醫學大學,一般大學,10131046,健康餐飲暨產業管理學系,碩士班(日間),12.0,4.0
107,中山醫學大學,一般大學,10221021,職業安全衛生學系,學士班(日間),201.0,53.0
107,中山醫學大學,一般大學,10221021,職業安全衛生學系,碩士在職專班,31.0,11.0
107,中山醫學大學,一般大學,10221021,職業安全衛生學系,碩士班(日間),13.0,5.0
107,中臺科技大學,技專校院,01111009,文教事業經營研究所,碩士在職專班,68.0,32.0
107,中臺科技大學,技專校院,01111009,文教事業經營研究所,碩士班(日間),15.0,7.0
107,中臺科技大學,技專校院,01121001,兒童教育暨事業經營系,學士班(日間),345.0,87.0
107,中臺科技大學,技專校院,01121001,兒童教育暨事業經營系,學士班(進修),236.0,69.0
107,中臺科技大學,技專校院,02311002,應用外語系,學士班(日間),353.0,84.0
107,中臺科技大學,技專校院,02311002,應用外語系,學士班(進修),76.0,33.0
107,中臺科技大學,技專校院,04131003,國際企業系,學士班(日間),206.0,50.0
107,中臺科技大學,技專校院,04131003,國際企業系,學士班(進修),53.0,15.0
107,中臺科技大學,技專校院,04133008,醫療暨健康產業管理系,學士班(日間),402.0,85.0
107,中臺科技大學,技專校院,04133008,醫療暨健康產業管理系,學士班(進修),126.0,25.0
107,中臺科技大學,技專校院,04133008,醫療暨健康產業管理系,碩士在職專班,47.0,22.0
107,中臺科技大學,技專校院,04133008,醫療暨健康產業管理系,碩士班(日間),9.0,4.0
107,中臺科技大學,技專校院,04143004,行銷管理系,學士班(日間),392.0,106.0
107,中臺科技大學,技專校院,04143004,行銷管理系,學士班(進修),125.0,28.0
107,中臺科技大學,技專校院,06131012,資訊管理系,學士班(日間),323.0,87.0
107,中臺科技大學,技專校院,06131012,資訊管理系,學士班(進修),100.0,14.0
107,中臺科技大學,技專校院,07121013,環境與安全衛生工程系,學士班(日間),255.0,71.0
107,中臺科技大學,技專校院,07121013,環境與安全衛生工程系,學士班(進修),98.0,15.0
107,中臺科技大學,技專校院,07121013,環境與安全衛生工程系,碩士班(日間),14.0,7.0
107,中臺科技大學,技專校院,07193014,生物科技暨醫學工程研究所,碩士班(日間),15.0,7.0
107,中臺科技大學,技專校院,07211017,食品科技系,學士班(日間),435.0,93.0
107,中臺科技大學,技專校院,07211017,食品科技系,學士班(進修),320.0,63.0
107,中臺科技大學,技專校院,07211017,食品科技系,碩士班(日間),6.0,1.0
107,中臺科技大學,技專校院,09111033,牙體技術暨材料系,學士班(日間),555.0,150.0
107,中臺科技大學,技專校院,09111033,牙體技術暨材料系,碩士班(日間),7.0,5.0
107,中臺科技大學,技專校院,09131020,護理系,學士班(日間),740.0,249.0
107,中臺科技大學,技專校院,09131020,護理系,學士班(進修),1187.0,353.0
107,中臺科技大學,技專校院,09131020,護理系,碩士在職專班,92.0,24.0
107,中臺科技大學,技專校院,09131020,護理系,碩士班(日間),33.0,2.0
107,中臺科技大學,技專校院,09141028,醫學檢驗生物技術系,學士班(日間),522.0,120.0
107,中臺科技大學,技專校院,09141028,醫學檢驗生物技術系,碩士班(日間),6.0,3.0
107,中臺科技大學,技專校院,09141029,醫學影像暨放射科學系,博士班,17.0,4.0
107,中臺科技大學,技專校院,09141029,醫學影像暨放射科學系,學士班(日間),526.0,113.0
107,中臺科技大學,技專校院,09141029,醫學影像暨放射科學系,碩士在職專班,30.0,6.0
107,中臺科技大學,技專校院,09141029,醫學影像暨放射科學系,碩士班(日間),5.0,3.0
107,中臺科技大學,技專校院,09141030,視光系,學士班(日間),293.0,66.0
107,中臺科技大學,技專校院,09141030,視光系,學士班(進修),191.0,62.0
107,中臺科技大學,技專校院,09211034,老人照顧系,二專(日間),27.0,
107,中臺科技大學,技專校院,09211034,老人照顧系,學士班(日間),263.0,50.0
107,中臺科技大學,技專校院,09211034,老人照顧系,學士班(進修),105.0,32.0
107,中臺科技大學,技專校院,09212024,長期照顧碩士學位學程,碩士在職專班,67.0,7.0
107,亞洲大學,一般大學,01121001,幼兒教育學系,學士班(日間),387.0,101.0
107,亞洲大學,一般大學,02112006,視覺傳達設計學系,學士班(日間),460.0,109.0
107,亞洲大學,一般大學,02112006,視覺傳達設計學系,碩士班(日間),23.0,6.0
107,亞洲大學,一般大學,02112007,數位媒體設計學系,博士班,52.0,2.0
107,亞洲大學,一般大學,02112007,數位媒體設計學系,學士班(日間),477.0,113.0
107,亞洲大學,一般大學,02112007,數位媒體設計學系,碩士班(日間),17.0,5.0
107,亞洲大學,一般大學,02122004,時尚設計學系,學士班(日間),379.0,91.0
107,亞洲大學,一般大學,02122005,創意設計學院不分系國際設計學士班,學士班(日間),56.0,9.0
107,亞洲大學,一般大學,02123011,創意商品設計學系,學士班(日間),437.0,115.0
107,亞洲大學,一般大學,02123011,創意商品設計學系,學士班(進修),147.0,26.0
107,亞洲大學,一般大學,02123011,創意商品設計學系,碩士班(日間),16.0,5.0
107,亞洲大學,一般大學,02124012,室內設計學系,學士班(日間),208.0,44.0
107,亞洲大學,一般大學,02311002,外國語文學系,學士班(日間),421.0,103.0
107,亞洲大學,一般大學,02311002,外國語文學系,碩士班(日間),19.0,4.0
107,亞洲大學,一般大學,03131013,心理學系,學士班(日間),493.0,112.0
107,亞洲大學,一般大學,03131013,心理學系,碩士班(日間),125.0,19.0
107,亞洲大學,一般大學,03213014,資訊傳播學系,學士班(日間),415.0,102.0
107,亞洲大學,一般大學,03213014,資訊傳播學系,碩士班(日間),14.0,5.0
107,亞洲大學,一般大學,04111015,會計與資訊學系,學士班(日間),286.0,72.0
107,亞洲大學,一般大學,04111015,會計與資訊學系,碩士班(日間),13.0,2.0
107,亞洲大學,一般大學,04121019,財務金融學系,學士班(日間),434.0,121.0
107,亞洲大學,一般大學,04121019,財務金融學系,學士班(進修),2.0,1.0
107,亞洲大學,一般大學,04121019,財務金融學系,碩士在職專班,36.0,30.0
107,亞洲大學,一般大學,04121019,財務金融學系,碩士班(日間),12.0,10.0
107,亞洲大學,一般大學,04121020,國際財務金融管理學士學位學程,學士班(日間),29.0,6.0
107,亞洲大學,一般大學,04131017,經營管理學系,博士班,74.0,5.0
107,亞洲大學,一般大學,04131017,經營管理學系,學士班(日間),645.0,191.0
107,亞洲大學,一般大學,04131017,經營管理學系,學士班(進修),17.0,7.0
107,亞洲大學,一般大學,04131017,經營管理學系,碩士在職專班,116.0,69.0
107,亞洲大學,一般大學,04131017,經營管理學系,碩士班(日間),56.0,36.0
107,亞洲大學,一般大學,04131054,創新與創業管理碩士學位學程,碩士班(日間),30.0,15.0
107,亞洲大學,一般大學,04131055,EMBA高階經理碩士在職學位學程,碩士在職專班,50.0,28.0
107,亞洲大學,一般大學,04199018,新興產業策略與發展博士學位學程,博士班,20.0,
107,亞洲大學,一般大學,04199026,管理學院進修學士學位學程,學士班(進修),385.0,58.0
107,亞洲大學,一般大學,04212027,財經法律學系,學士班(日間),401.0,104.0
107,亞洲大學,一般大學,04212027,財經法律學系,碩士班(日間),30.0,6.0
107,亞洲大學,一般大學,05121028,生物科技學系,學士班(日間),342.0,79.0
107,亞洲大學,一般大學,05121028,生物科技學系,碩士班(日間),15.0,5.0
107,亞洲大學,一般大學,05191053,食品營養與保健生技學系,學士班(日間),376.0,90.0
107,亞洲大學,一般大學,05191053,食品營養與保健生技學系,學士班(進修),236.0,56.0
107,亞洲大學,一般大學,05191053,食品營養與保健生技學系,碩士班(日間),32.0,12.0
107,亞洲大學,一般大學,06134033,行動商務與多媒體應用學系,學士班(日間),372.0,88.0
107,亞洲大學,一般大學,06134033,行動商務與多媒體應用學系,碩士班(日間),10.0,4.0
107,亞洲大學,一般大學,06134037,資訊工程學系,博士班,21.0,1.0
107,亞洲大學,一般大學,06134037,資訊工程學系,學士班(日間),334.0,88.0
107,亞洲大學,一般大學,06134037,資訊工程學系,碩士在職專班,35.0,5.0
107,亞洲大學,一般大學,06134037,資訊工程學系,碩士班(日間),32.0,11.0
107,亞洲大學,一般大學,07141040,光電與通訊學系,學士班(日間),177.0,40.0
107,亞洲大學,一般大學,07141040,光電與通訊學系,碩士在職專班,11.0,1.0
107,亞洲大學,一般大學,07141040,光電與通訊學系,碩士班(日間),8.0,4.0
107,亞洲大學,一般大學,07193029,生物資訊與醫學工程學系,博士班,14.0,
107,亞洲大學,一般大學,07193029,生物資訊與醫學工程學系,學士班(日間),147.0,35.0
107,亞洲大學,一般大學,07193029,生物資訊與醫學工程學系,碩士在職專班,23.0,13.0
107,亞洲大學,一般大學,07193029,生物資訊與醫學工程學系,碩士班(日間),9.0,5.0
107,亞洲大學,一般大學,08411045,學士後獸醫學系,學士班(日間),117.0,
107,亞洲大學,一般大學,09131046,護理學系,學士班(日間),436.0,105.0
107,亞洲大學,一般大學,09141047,視光學系,學士班(日間),224.0,38.0
107,亞洲大學,一般大學,09152052,職能治療學系,學士班(日間),145.0,
107,亞洲大學,一般大學,09153051,聽力暨語言治療學系,學士班(日間),141.0,
107,亞洲大學,一般大學,09191021,健康產業管理學系,博士班,30.0,3.0
107,亞洲大學,一般大學,09191021,健康產業管理學系,學士班(日間),377.0,97.0
107,亞洲大學,一般大學,09191021,健康產業管理學系,碩士在職專班,73.0,13.0
107,亞洲大學,一般大學,09191021,健康產業管理學系,碩士班(日間),45.0,15.0
107,亞洲大學,一般大學,09231048,社會工作學系,學士班(日間),441.0,122.0
107,亞洲大學,一般大學,09231048,社會工作學系,學士班(進修),138.0,32.0
107,亞洲大學,一般大學,09231048,社會工作學系,碩士班(日間),43.0,10.0
107,亞洲大學,一般大學,10151049,休閒與遊憩管理學系,學士班(日間),459.0,104.0
107,亞洲大學,一般大學,10151049,休閒與遊憩管理學系,學士班(進修),45.0,24.0
107,亞洲大學,一般大學,10151049,休閒與遊憩管理學系,碩士在職專班,57.0,50.0
107,亞洲大學,一般大學,10151049,休閒與遊憩管理學系,碩士班(日間),32.0,20.0
107,修平學校財團法人修平科技大學,技專校院,02112005,數位媒體設計系,學士班(日間),323.0,92.0
107,修平學校財團法人修平科技大學,技專校院,02311003,應用英語科,附設進專,1.0,
107,修平學校財團法人修平科技大學,技專校院,02311003,應用英語系,學士班(日間),202.0,36.0
107,修平學校財團法人修平科技大學,技專校院,02311004,應用日語科,附設進專,38.0,22.0
107,修平學校財團法人修平科技大學,技專校院,02311004,應用日語系,學士班(日間),349.0,84.0
107,修平學校財團法人修平科技大學,技專校院,04121011,應用財務金融系,學士班(日間),64.0,38.0
107,修平學校財團法人修平科技大學,技專校院,04131009,國際企業經營科,附設進專,4.0,2.0
107,修平學校財團法人修平科技大學,技專校院,04131009,國際企業經營系,學士班(日間),278.0,104.0
107,修平學校財團法人修平科技大學,技專校院,04131009,國際企業經營系,學士班(進修),109.0,18.0
107,修平學校財團法人修平科技大學,技專校院,04131009,國際企業經營系,附設進院,84.0,38.0
107,修平學校財團法人修平科技大學,技專校院,04132013,行銷與流通管理系,學士班(日間),415.0,134.0
107,修平學校財團法人修平科技大學,技專校院,04132013,行銷與流通管理系,學士班(進修),99.0,
107,修平學校財團法人修平科技大學,技專校院,04199015,人力資源管理與發展系,學士班(日間),229.0,86.0
107,修平學校財團法人修平科技大學,技專校院,04199015,人力資源管理與發展系,碩士班(日間),25.0,7.0
107,修平學校財團法人修平科技大學,技專校院,06121018,資訊網路技術系,學士班(日間),233.0,82.0
107,修平學校財團法人修平科技大學,技專校院,06121018,資訊網路技術系,學士班(進修),2.0,
107,修平學校財團法人修平科技大學,技專校院,06131017,資訊管理系,學士班(日間),195.0,54.0
107,修平學校財團法人修平科技大學,技專校院,06131017,資訊管理系,學士班(進修),131.0,27.0
107,修平學校財團法人修平科技大學,技專校院,07132028,能源與材料科技系,學士班(日間),42.0,20.0
107,修平學校財團法人修平科技大學,技專校院,07141019,電機工程科,附設進專,26.0,
107,修平學校財團法人修平科技大學,技專校院,07141019,電機工程系,學士班(日間),223.0,69.0
107,修平學校財團法人修平科技大學,技專校院,07141019,電機工程系,學士班(進修),200.0,17.0
107,修平學校財團法人修平科技大學,技專校院,07141019,電機工程系,碩士班(日間),17.0,7.0
107,修平學校財團法人修平科技大學,技專校院,07141019,電機工程系,附設進院,75.0,36.0
107,修平學校財團法人修平科技大學,技專校院,07141020,電子工程系,學士班(日間),201.0,65.0
107,修平學校財團法人修平科技大學,技專校院,07141020,電子工程系,學士班(進修),86.0,
107,修平學校財團法人修平科技大學,技專校院,07151021,機械工程科,附設進專,41.0,
107,修平學校財團法人修平科技大學,技專校院,07151021,機械工程系,學士班(日間),434.0,90.0
107,修平學校財團法人修平科技大學,技專校院,07151021,機械工程系,學士班(進修),308.0,59.0
107,修平學校財團法人修平科技大學,技專校院,07151021,機械工程系,附設進院,84.0,37.0
107,修平學校財團法人修平科技大學,技專校院,07151021,機械工程系_雙軌旗艦機電整合,學士班(日間),2.0,2.0
107,修平學校財團法人修平科技大學,技專校院,07151021,機械工程系精密機械與製造科技碩士班,碩士班(日間),10.0,3.0
107,修平學校財團法人修平科技大學,技專校院,07191026,工業工程與管理系,學士班(日間),261.0,61.0
107,修平學校財團法人修平科技大學,技專校院,07191026,工業工程與管理系,學士班(進修),130.0,31.0
107,修平學校財團法人修平科技大學,技專校院,07191026,工業工程與管理系,附設進院,55.0,24.0
107,修平學校財團法人修平科技大學,技專校院,07191026,工業工程與管理系精實生產管理碩士在職專班,碩士在職專班,9.0,3.0
107,修平學校財團法人修平科技大學,技專校院,07191026,工業工程與管理系精實生產管理碩士班,碩士班(日間),5.0,1.0
107,修平學校財團法人修平科技大學,技專校院,10151029,觀光與遊憩管理系,學士班(日間),295.0,69.0
107,僑光科技大學,技專校院,02122004,生活創意設計系,學士班(日間),451.0,115.0
107,僑光科技大學,技專校院,02122004,生活創意設計系,學士班(進修),332.0,40.0
107,僑光科技大學,技專校院,02123005,電腦輔助工業設計系,學士班(日間),434.0,109.0
107,僑光科技大學,技專校院,02123005,電腦輔助工業設計系,學士班(進修),209.0,43.0
107,僑光科技大學,技專校院,02123005,電腦輔助工業設計系_工具機整合設計國際學生產學合作專班,學士班(日間),36.0,
107,僑光科技大學,技專校院,02123005,電腦輔助工業設計系_精密機械加工與設計專班,學士班(日間),39.0,
107,僑光科技大學,技專校院,02123005,電腦輔助工業設計系_精密機械加工與設計專班,學士班(進修),48.0,
107,僑光科技大學,技專校院,02311003,應用英語系,學士班(日間),473.0,116.0
107,僑光科技大學,技專校院,02311003,應用英語系,學士班(進修),88.0,
107,僑光科技大學,技專校院,04121013,財務金融系,學士班(日間),484.0,98.0
107,僑光科技大學,技專校院,04121013,財務金融系,學士班(進修),217.0,43.0
107,僑光科技大學,技專校院,04121013,財務金融系,碩士班(日間),23.0,7.0
107,僑光科技大學,技專校院,04131009,企業管理科,二專(進修),2.0,1.0
107,僑光科技大學,技專校院,04131009,企業管理系,學士班(日間),465.0,110.0
107,僑光科技大學,技專校院,04131009,企業管理系,學士班(進修),402.0,54.0
107,僑光科技大學,技專校院,04131009,企業管理系,碩士在職專班,35.0,18.0
107,僑光科技大學,技專校院,04131009,企業管理系,碩士班(日間),27.0,9.0
107,僑光科技大學,技專校院,04131009,企業管理系_工商管理,學士班(日間),19.0,16.0
107,僑光科技大學,技專校院,04132016,行銷與流通管理科,二專(進修),3.0,1.0
107,僑光科技大學,技專校院,04132016,行銷與流通管理系,學士班(日間),603.0,142.0
107,僑光科技大學,技專校院,04132016,行銷與流通管理系,學士班(進修),454.0,103.0
107,僑光科技大學,技專校院,04141011,國際貿易系,學士班(日間),461.0,121.0
107,僑光科技大學,技專校院,04141011,國際貿易系,學士班(進修),226.0,58.0
107,僑光科技大學,技專校院,04212018,財經法律系,學士班(日間),312.0,112.0
107,僑光科技大學,技專校院,04212018,財經法律系,學士班(進修),216.0,35.0
107,僑光科技大學,技專校院,04212018,財經法律系學士後多元專長培力課程,學士班(進修),,4.0
107,僑光科技大學,技專校院,06131019,資訊科技系,學士班(日間),353.0,59.0
107,僑光科技大學,技專校院,06131019,資訊科技系,學士班(進修),448.0,83.0
107,僑光科技大學,技專校院,06133021,多媒體與遊戲設計系,學士班(日間),461.0,98.0
107,僑光科技大學,技專校院,06133021,多媒體與遊戲設計系,學士班(進修),194.0,42.0
107,僑光科技大學,技專校院,07191022,工業工程與管理系,學士班(進修),2.0,1.0
107,僑光科技大學,技專校院,10131024,餐飲管理系,學士班(日間),732.0,158.0
107,僑光科技大學,技專校院,10131024,餐飲管理系,學士班(進修),479.0,109.0
107,僑光科技大學,技專校院,10131024,餐飲管理系_雙軌旗艦餐飲門市管理,學士班(日間),27.0,25.0
107,僑光科技大學,技專校院,10131025,旅館與會展管理系,學士班(日間),446.0,113.0
107,僑光科技大學,技專校院,10131025,旅館與會展管理系,學士班(進修),360.0,85.0
107,僑光科技大學,技專校院,10151026,觀光與休閒事業管理系,學士班(日間),735.0,156.0
107,僑光科技大學,技專校院,10151026,觀光與休閒事業管理系,學士班(進修),674.0,123.0
107,國立中興大學,一般大學,01111001,教師專業發展研究所,碩士班(日間),33.0,3.0
107,國立中興大學,一般大學,02221007,歷史學系,博士班,30.0,1.0
107,國立中興大學,一般大學,02221007,歷史學系,學士班(日間),243.0,51.0
107,國立中興大學,一般大學,02221007,歷史學系,碩士在職專班,15.0,2.0
107,國立中興大學,一般大學,02221007,歷史學系,碩士班(日間),42.0,13.0
107,國立中興大學,一般大學,02299008,文化創意產業學士學位學程,學士班(進修),171.0,36.0
107,國立中興大學,一般大學,02311006,外國語文學系,學士班(日間),257.0,58.0
107,國立中興大學,一般大學,02311006,外國語文學系,學士班(進修),230.0,38.0
107,國立中興大學,一般大學,02311006,外國語文學系,碩士班(日間),24.0,8.0
107,國立中興大學,一般大學,02321003,台灣文學與跨國文化研究所,碩士在職專班,32.0,7.0
107,國立中興大學,一般大學,02321003,台灣文學與跨國文化研究所,碩士班(日間),33.0,9.0
107,國立中興大學,一般大學,02321003,台灣文學與跨國文化研究所教師在職進修碩士學位班,碩士在職專班,4.0,3.0
107,國立中興大學,一般大學,02321004,台灣與跨文化研究國際博士學位學程,博士班,9.0,
107,國立中興大學,一般大學,02322005,中國文學系,博士班,35.0,3.0
107,國立中興大學,一般大學,02322005,中國文學系,學士班(日間),244.0,59.0
107,國立中興大學,一般大學,02322005,中國文學系,學士班(進修),160.0,29.0
107,國立中興大學,一般大學,02322005,中國文學系,碩士在職專班,42.0,9.0
107,國立中興大學,一般大學,02322005,中國文學系,碩士班(日間),63.0,14.0
107,國立中興大學,一般大學,03111009,應用經濟學系,博士班,25.0,2.0
107,國立中興大學,一般大學,03111009,應用經濟學系,學士班(日間),235.0,57.0
107,國立中興大學,一般大學,03111009,應用經濟學系,碩士在職專班,31.0,11.0
107,國立中興大學,一般大學,03111009,應用經濟學系,碩士班(日間),38.0,17.0
107,國立中興大學,一般大學,03122010,國際政治研究所,博士班,22.0,3.0
107,國立中興大學,一般大學,03122010,國際政治研究所,碩士在職專班,65.0,17.0
107,國立中興大學,一般大學,03122010,國際政治研究所,碩士班(日間),44.0,12.0
107,國立中興大學,一般大學,03222013,圖書資訊學研究所,碩士班(日間),33.0,3.0
107,國立中興大學,一般大學,04111015,會計學系,學士班(日間),184.0,45.0
107,國立中興大學,一般大學,04111015,會計學系,碩士班(日間),43.0,21.0
107,國立中興大學,一般大學,04121019,財務金融學系,博士班,21.0,
107,國立中興大學,一般大學,04121019,財務金融學系,學士班(日間),252.0,59.0
107,國立中興大學,一般大學,04121019,財務金融學系,碩士班(日間),60.0,30.0
107,國立中興大學,一般大學,04131016,企業管理學系,博士班,25.0,
107,國立中興大學,一般大學,04131016,企業管理學系,學士班(日間),245.0,55.0
107,國立中興大學,一般大學,04131016,企業管理學系,學士班(進修),1.0,1.0
107,國立中興大學,一般大學,04131016,企業管理學系,碩士班(日間),67.0,31.0
107,國立中興大學,一般大學,04131018,創新產業經營學士學位學程,學士班(進修),158.0,27.0
107,國立中興大學,一般大學,04131097,運動與健康管理研究所,碩士班(日間),,6.0
107,國立中興大學,一般大學,04134011,國家政策與公共事務研究所,碩士在職專班,61.0,21.0
107,國立中興大學,一般大學,04134011,國家政策與公共事務研究所,碩士班(日間),22.0,5.0
107,國立中興大學,一般大學,04143020,行銷學系,學士班(日間),199.0,50.0
107,國立中興大學,一般大學,04143020,行銷學系,碩士班(日間),54.0,27.0
107,國立中興大學,一般大學,04199012,全球事務研究跨洲碩士學位學程,碩士班(日間),42.0,4.0
107,國立中興大學,一般大學,04199021,科技管理研究所,博士班,30.0,3.0
107,國立中興大學,一般大學,04199021,科技管理研究所科技管理碩士班,碩士班(日間),50.0,21.0
107,國立中興大學,一般大學,04199021,科技管理研究所電子商務碩士班,碩士班(日間),36.0,15.0
107,國立中興大學,一般大學,04199022,高階經理人碩士在職專班,碩士在職專班,241.0,112.0
107,國立中興大學,一般大學,04199022,高階經理人碩士在職專班中科碩士在職專班,碩士在職專班,1.0,
107,國立中興大學,一般大學,04211023,法律學系,學士班(日間),169.0,49.0
107,國立中興大學,一般大學,04211023,法律學系,碩士在職專班,105.0,13.0
107,國立中興大學,一般大學,04211023,法律學系,碩士班(日間),69.0,12.0
107,國立中興大學,一般大學,05111026,生命科學碩士在職專班,碩士在職專班,44.0,18.0
107,國立中興大學,一般大學,05111026,生命科學系,博士班,32.0,3.0
107,國立中興大學,一般大學,05111026,生命科學系,學士班(日間),371.0,81.0
107,國立中興大學,一般大學,05111026,生命科學系,碩士班(日間),116.0,36.0
107,國立中興大學,一般大學,05111029,昆蟲學系,博士班,13.0,3.0
107,國立中興大學,一般大學,05111029,昆蟲學系,學士班(日間),189.0,34.0
107,國立中興大學,一般大學,05111029,昆蟲學系,碩士班(日間),45.0,22.0
107,國立中興大學,一般大學,05121027,生物科技學研究所,博士班,77.0,13.0
107,國立中興大學,一般大學,05121027,生物科技學研究所,碩士班(日間),56.0,27.0
107,國立中興大學,一般大學,05121031,生物科技學士學位學程,學士班(日間),126.0,33.0
107,國立中興大學,一般大學,05121033,分子生物學研究所,博士班,14.0,3.0
107,國立中興大學,一般大學,05121033,分子生物學研究所,碩士班(日間),53.0,20.0
107,國立中興大學,一般大學,05121035,生物醫學研究所,博士班,24.0,1.0
107,國立中興大學,一般大學,05121035,生物醫學研究所,碩士班(日間),34.0,11.0
107,國立中興大學,一般大學,05121037,基因體暨生物資訊學研究所,碩士班(日間),20.0,8.0
107,國立中興大學,一般大學,05123034,生物化學研究所,博士班,5.0,1.0
107,國立中興大學,一般大學,05123034,生物化學研究所,碩士班(日間),27.0,11.0
107,國立中興大學,一般大學,05124038,微生物基因體學博士學位學程,博士班,19.0,
107,國立中興大學,一般大學,05292082,水土保持學系,博士班,35.0,
107,國立中興大學,一般大學,05292082,水土保持學系,學士班(日間),243.0,59.0
107,國立中興大學,一般大學,05292082,水土保持學系,碩士在職專班,51.0,19.0
107,國立中興大學,一般大學,05292082,水土保持學系,碩士班(日間),60.0,32.0
107,國立中興大學,一般大學,05311039,化學系,博士班,22.0,7.0
107,國立中興大學,一般大學,05311039,化學系,學士班(日間),210.0,52.0
107,國立中興大學,一般大學,05311039,化學系,碩士班(日間),148.0,68.0
107,國立中興大學,一般大學,05331040,物理學系,博士班,15.0,1.0
107,國立中興大學,一般大學,05331040,物理學系,學士班(日間),229.0,46.0
107,國立中興大學,一般大學,05331040,物理學系,碩士班(日間),36.0,12.0
107,國立中興大學,一般大學,05331040,物理學系(奈米電子與光電能源)中科碩士在職專班,碩士在職專班,5.0,2.0
107,國立中興大學,一般大學,05331040,物理學系生物物理學碩士班,碩士班(日間),5.0,1.0
107,國立中興大學,一般大學,05331058,奈米科學研究所,碩士班(日間),42.0,17.0
107,國立中興大學,一般大學,05411041,應用數學系,博士班,12.0,
107,國立中興大學,一般大學,05411041,應用數學系,學士班(日間),342.0,70.0
107,國立中興大學,一般大學,05411041,應用數學系,碩士在職專班,41.0,12.0
107,國立中興大學,一般大學,05411041,應用數學系,碩士班(日間),19.0,9.0
107,國立中興大學,一般大學,05411041,應用數學系計算科學碩士班,碩士班(日間),38.0,11.0
107,國立中興大學,一般大學,05421042,統計學研究所,碩士班(日間),36.0,17.0
107,國立中興大學,一般大學,06131043,資訊管理學系,學士班(日間),143.0,38.0
107,國立中興大學,一般大學,06131043,資訊管理學系,碩士在職專班,53.0,15.0
107,國立中興大學,一般大學,06131043,資訊管理學系,碩士班(日間),73.0,38.0
107,國立中興大學,一般大學,06131048,資訊科學與工程學系,博士班,34.0,2.0
107,國立中興大學,一般大學,06131048,資訊科學與工程學系,學士班(日間),181.0,43.0
107,國立中興大學,一般大學,06131048,資訊科學與工程學系,碩士在職專班,90.0,19.0
107,國立中興大學,一般大學,06131048,資訊科學與工程學系,碩士班(日間),143.0,63.0
107,國立中興大學,一般大學,06131048,資訊科學與工程學系中科碩士在職專班,碩士在職專班,5.0,
107,國立中興大學,一般大學,07111055,化學工程學系,博士班,9.0,1.0
107,國立中興大學,一般大學,07111055,化學工程學系,學士班(日間),191.0,52.0
107,國立中興大學,一般大學,07111055,化學工程學系,碩士在職專班,47.0,7.0
107,國立中興大學,一般大學,07111055,化學工程學系,碩士班(日間),121.0,55.0
107,國立中興大學,一般大學,07111055,化學工程學系中科碩士在職專班,碩士在職專班,6.0,1.0
107,國立中興大學,一般大學,07112057,材料科學與工程學系,博士班,38.0,7.0
107,國立中興大學,一般大學,07112057,材料科學與工程學系,學士班(日間),185.0,48.0
107,國立中興大學,一般大學,07112057,材料科學與工程學系,碩士在職專班,107.0,19.0
107,國立中興大學,一般大學,07112057,材料科學與工程學系,碩士班(日間),105.0,51.0
107,國立中興大學,一般大學,07112099,光電材料產業碩士專班,碩士班(日間),1.0,
107,國立中興大學,一般大學,07121059,環境工程學系,博士班,25.0,2.0
107,國立中興大學,一般大學,07121059,環境工程學系,學士班(日間),200.0,51.0
107,國立中興大學,一般大學,07121059,環境工程學系,碩士在職專班,85.0,15.0
107,國立中興大學,一般大學,07121059,環境工程學系,碩士班(日間),84.0,41.0
107,國立中興大學,一般大學,07141045,電機工程學系,博士班,43.0,4.0
107,國立中興大學,一般大學,07141045,電機工程學系,學士班(日間),367.0,85.0
107,國立中興大學,一般大學,07141045,電機工程學系,碩士在職專班,95.0,18.0
107,國立中興大學,一般大學,07141045,電機工程學系,碩士班(日間),181.0,80.0
107,國立中興大學,一般大學,07141046,光電工程研究所,碩士班(日間),32.0,14.0
107,國立中興大學,一般大學,07141046,光電工程研究所中科碩士在職專班,碩士在職專班,2.0,
107,國立中興大學,一般大學,07141049,通訊工程研究所,碩士班(日間),31.0,15.0
107,國立中興大學,一般大學,07141C02,光電半導體技術產業碩士專班,碩士班(日間),7.0,2.0
107,國立中興大學,一般大學,07141C10,電子系統產業碩士專班,碩士班(日間),5.0,
107,國立中興大學,一般大學,07141C23,電機控制產業碩士專班,碩士班(日間),6.0,3.0
107,國立中興大學,一般大學,07151050,機械工程學系,博士班,13.0,
107,國立中興大學,一般大學,07151050,機械工程學系,學士班(日間),398.0,81.0
107,國立中興大學,一般大學,07151050,機械工程學系,碩士在職專班,95.0,13.0
107,國立中興大學,一般大學,07151050,機械工程學系,碩士班(日間),176.0,57.0
107,國立中興大學,一般大學,07151051,精密工程研究所,博士班,14.0,4.0
107,國立中興大學,一般大學,07151051,精密工程研究所,碩士在職專班,23.0,6.0
107,國立中興大學,一般大學,07151051,精密工程研究所,碩士班(日間),54.0,24.0
107,國立中興大學,一般大學,07151051,精密工程研究所中科碩士在職專班,碩士在職專班,1.0,
107,國立中興大學,一般大學,07151052,生物產業機電工程學系,博士班,,3.0
107,國立中興大學,一般大學,07151052,生物產業機電工程學系,學士班(日間),225.0,50.0
107,國立中興大學,一般大學,07151052,生物產業機電工程學系,碩士班(日間),,18.0
107,國立中興大學,一般大學,07193052,生物產業機電工程學系,博士班,15.0,
107,國立中興大學,一般大學,07193052,生物產業機電工程學系,碩士班(日間),50.0,
107,國立中興大學,一般大學,07193060,生醫工程研究所,碩士班(日間),26.0,10.0
107,國立中興大學,一般大學,07211081,食品暨應用生物科技學系,博士班,26.0,3.0
107,國立中興大學,一般大學,07211081,食品暨應用生物科技學系,學士班(日間),204.0,51.0
107,國立中興大學,一般大學,07211081,食品暨應用生物科技學系,碩士在職專班,46.0,12.0
107,國立中興大學,一般大學,07211081,食品暨應用生物科技學系,碩士班(日間),98.0,48.0
107,國立中興大學,一般大學,07211098,食品安全研究所,碩士班(日間),24.0,9.0
107,國立中興大學,一般大學,07312061,景觀與遊憩學士學位學程,學士班(日間),75.0,19.0
107,國立中興大學,一般大學,07312061,景觀與遊憩碩士學位學程,碩士班(日間),7.0,3.0
107,國立中興大學,一般大學,07321054,土木工程學系,博士班,44.0,12.0
107,國立中興大學,一般大學,07321054,土木工程學系,學士班(日間),384.0,97.0
107,國立中興大學,一般大學,07321054,土木工程學系,碩士在職專班,63.0,21.0
107,國立中興大學,一般大學,07321054,土木工程學系,碩士班(日間),124.0,46.0
107,國立中興大學,一般大學,08111063,農藝學系,博士班,8.0,1.0
107,國立中興大學,一般大學,08111063,農藝學系,學士班(日間),218.0,49.0
107,國立中興大學,一般大學,08111063,農藝學系,碩士班(日間),60.0,16.0
107,國立中興大學,一般大學,08111064,國際農學碩士學位學程,碩士班(日間),28.0,9.0
107,國立中興大學,一般大學,08112066,動物科學系,博士班,22.0,5.0
107,國立中興大學,一般大學,08112066,動物科學系,學士班(日間),214.0,54.0
107,國立中興大學,一般大學,08112066,動物科學系,碩士班(日間),62.0,18.0
107,國立中興大學,一般大學,08121067,園藝學系,博士班,30.0,3.0
107,國立中興大學,一般大學,08121067,園藝學系,學士班(日間),180.0,44.0
107,國立中興大學,一般大學,08121067,園藝學系,碩士班(日間),78.0,33.0
107,國立中興大學,一般大學,08191083,土壤環境科學系,博士班,12.0,1.0
107,國立中興大學,一般大學,08191083,土壤環境科學系,學士班(日間),221.0,61.0
107,國立中興大學,一般大學,08191083,土壤環境科學系,碩士班(日間),40.0,9.0
107,國立中興大學,一般大學,08193076,生物產業管理研究所,碩士班(日間),28.0,10.0
107,國立中興大學,一般大學,08193076,生物產業管理進修學士學位學程,學士班(進修),226.0,47.0
107,國立中興大學,一般大學,08193077,農業企業經營管理碩士在職專班,碩士在職專班,50.0,13.0
107,國立中興大學,一般大學,08193078,國際農企業學士學位學程,學士班(日間),93.0,22.0
107,國立中興大學,一般大學,08193079,農業經濟與行銷碩士學位學程,碩士班(日間),19.0,7.0
107,國立中興大學,一般大學,08194068,植物病理學系,博士班,23.0,2.0
107,國立中興大學,一般大學,08194068,植物病理學系,學士班(日間),207.0,48.0
107,國立中興大學,一般大學,08194068,植物病理學系,碩士班(日間),32.0,17.0
107,國立中興大學,一般大學,08194069,植物醫學暨安全農業碩士學位學程,碩士班(日間),29.0,7.0
107,國立中興大學,一般大學,08211086,森林學系,博士班,24.0,4.0
107,國立中興大學,一般大學,08211086,森林學系,學士班(日間),270.0,62.0
107,國立中興大學,一般大學,08211086,森林學系,碩士班(日間),60.0,9.0
107,國立中興大學,一般大學,08411087,獸醫學系,博士班,33.0,4.0
107,國立中興大學,一般大學,08411087,獸醫學系,學士班(日間),396.0,69.0
107,國立中興大學,一般大學,08411087,獸醫學系,碩士班(日間),73.0,32.0
107,國立中興大學,一般大學,08411089,獸醫病理生物學研究所,博士班,10.0,1.0
107,國立中興大學,一般大學,08411089,獸醫病理生物學研究所,碩士班(日間),15.0,10.0
107,國立中興大學,一般大學,08411092,微生物暨公共衛生學研究所,博士班,5.0,2.0
107,國立中興大學,一般大學,08411092,微生物暨公共衛生學研究所,碩士班(日間),17.0,7.0
107,國立中興大學,一般大學,09121093,轉譯醫學博士學位學程,博士班,14.0,1.0
107,國立中興大學,一般大學,09141094,醫學生物科技博士學位學程,博士班,11.0,
107,國立中興大學,一般大學,09199096,組織工程與再生醫學博士學位學程,博士班,23.0,2.0
107,國立中興大學,一般大學,10152097,運動與健康管理研究所,碩士班(日間),24.0,
107,國立勤益科技大學,技專校院,02299005,文化創意事業系,學士班(日間),213.0,52.0
107,國立勤益科技大學,技專校院,02299005,文化創意事業系,碩士班(日間),10.0,3.0
107,國立勤益科技大學,技專校院,02311001,應用英語系,學士班(日間),225.0,54.0
107,國立勤益科技大學,技專校院,02311001,應用英語系,學士班(進修),170.0,29.0
107,國立勤益科技大學,技專校院,04131002,企業管理系,學士班(日間),451.0,109.0
107,國立勤益科技大學,技專校院,04131002,企業管理系,學士班(進修),181.0,35.0
107,國立勤益科技大學,技專校院,04131002,企業管理系,碩士在職專班,25.0,6.0
107,國立勤益科技大學,技專校院,04131002,企業管理系,碩士班(日間),42.0,19.0
107,國立勤益科技大學,技專校院,04131002,企業管理系_製造與研發管理專班,學士班(進修),90.0,42.0
107,國立勤益科技大學,技專校院,04132003,流通管理科,附設進專,110.0,28.0
107,國立勤益科技大學,技專校院,04132003,流通管理系,學士班(日間),413.0,102.0
107,國立勤益科技大學,技專校院,04132003,流通管理系,碩士在職專班,23.0,7.0
107,國立勤益科技大學,技專校院,04132003,流通管理系,碩士班(日間),20.0,7.0
107,國立勤益科技大學,技專校院,04132003,流通管理系,附設進院,49.0,18.0
107,國立勤益科技大學,技專校院,04199032,休閒產業管理系專案管理碩士班,碩士班(日間),13.0,7.0
107,國立勤益科技大學,技專校院,04199033,管理學院_管理與資訊國際學生產學合作專班,學士班(日間),2.0,
107,國立勤益科技大學,技專校院,06131010,資訊管理系,學士班(日間),384.0,85.0
107,國立勤益科技大學,技專校院,06131010,資訊管理系,學士班(進修),179.0,31.0
107,國立勤益科技大學,技專校院,06131010,資訊管理系,碩士班(日間),9.0,4.0
107,國立勤益科技大學,技專校院,06131010,資訊管理系,附設進院,33.0,14.0
107,國立勤益科技大學,技專校院,06131010,資訊管理系_研發管理與資訊應用產業碩士專班,碩士班(日間),64.0,29.0
107,國立勤益科技大學,技專校院,06131010,資訊管理系研發科技與資訊管理碩士在職專班,碩士在職專班,17.0,7.0
107,國立勤益科技大學,技專校院,06131013,資訊工程系,學士班(日間),566.0,107.0
107,國立勤益科技大學,技專校院,06131013,資訊工程系,學士班(進修),191.0,32.0
107,國立勤益科技大學,技專校院,06131013,資訊工程系,碩士在職專班,23.0,6.0
107,國立勤益科技大學,技專校院,06131013,資訊工程系,碩士班(日間),44.0,18.0
107,國立勤益科技大學,技專校院,06131013,資訊工程系_資通訊國際學生產學合作專班,學士班(日間),20.0,
107,國立勤益科技大學,技專校院,06131013,資訊工程系_雙軌旗艦微科技職類,學士班(日間),2.0,1.0
107,國立勤益科技大學,技專校院,06131013,資訊工程系_電資研發產業碩士專班,碩士班(日間),28.0,7.0
107,國立勤益科技大學,技專校院,07111020,化工與材料工程系,學士班(日間),576.0,135.0
107,國立勤益科技大學,技專校院,07111020,化工與材料工程系,學士班(進修),186.0,21.0
107,國立勤益科技大學,技專校院,07111020,化工與材料工程系,碩士在職專班,18.0,3.0
107,國立勤益科技大學,技專校院,07111020,化工與材料工程系,碩士班(日間),29.0,15.0
107,國立勤益科技大學,技專校院,07111020,化工與材料工程系_紡織產業科技專班,學士班(進修),1.0,2.0
107,國立勤益科技大學,技專校院,07111020,化工與材料工程系_紡織纖維科技專班,學士班(進修),130.0,56.0
107,國立勤益科技大學,技專校院,07132026,冷凍空調與能源系,學士班(日間),501.0,115.0
107,國立勤益科技大學,技專校院,07132026,冷凍空調與能源系,學士班(進修),283.0,70.0
107,國立勤益科技大學,技專校院,07132026,冷凍空調與能源系,碩士在職專班,41.0,18.0
107,國立勤益科技大學,技專校院,07132026,冷凍空調與能源系,碩士班(日間),54.0,24.0
107,國立勤益科技大學,技專校院,07132026,冷凍空調與能源系,附設進院,70.0,34.0
107,國立勤益科技大學,技專校院,07132026,冷凍空調與能源系_機電能源與環境控制國際學生產學合作專班,學士班(日間),22.0,
107,國立勤益科技大學,技專校院,07132026,冷凍空調與能源系_綠能科技產業專班,學士班(進修),48.0,
107,國立勤益科技大學,技專校院,07132026,冷凍空調與能源系_雙軌旗艦冷凍空調職類,學士班(日間),3.0,3.0
107,國立勤益科技大學,技專校院,07141011,電機工程科,附設進專,39.0,6.0
107,國立勤益科技大學,技專校院,07141011,電機工程系,學士班(日間),575.0,136.0
107,國立勤益科技大學,技專校院,07141011,電機工程系,學士班(進修),480.0,94.0
107,國立勤益科技大學,技專校院,07141011,電機工程系,碩士在職專班,29.0,6.0
107,國立勤益科技大學,技專校院,07141011,電機工程系,碩士班(日間),53.0,21.0
107,國立勤益科技大學,技專校院,07141011,電機工程系,附設進院,51.0,20.0
107,國立勤益科技大學,技專校院,07141011,電機工程系_機電控制產業碩士專班,碩士班(日間),3.0,1.0
107,國立勤益科技大學,技專校院,07141011,電機工程系_電機工程資電國際學生產學合作專班,學士班(日間),40.0,
107,國立勤益科技大學,技專校院,07141012,電子工程科,附設進專,48.0,17.0
107,國立勤益科技大學,技專校院,07141012,電子工程系,學士班(日間),701.0,163.0
107,國立勤益科技大學,技專校院,07141012,電子工程系,學士班(進修),269.0,32.0
107,國立勤益科技大學,技專校院,07141012,電子工程系,碩士在職專班,28.0,9.0
107,國立勤益科技大學,技專校院,07141012,電子工程系,碩士班(日間),43.0,17.0
107,國立勤益科技大學,技專校院,07141012,電子工程系,附設進院,21.0,4.0
107,國立勤益科技大學,技專校院,07141012,電子工程系_微電子控制專班,學士班(進修),39.0,36.0
107,國立勤益科技大學,技專校院,07151016,機械工程科,附設進專,68.0,19.0
107,國立勤益科技大學,技專校院,07151016,機械工程系,學士班(日間),724.0,159.0
107,國立勤益科技大學,技專校院,07151016,機械工程系,學士班(進修),456.0,91.0
107,國立勤益科技大學,技專校院,07151016,機械工程系,碩士在職專班,39.0,10.0
107,國立勤益科技大學,技專校院,07151016,機械工程系,碩士班(日間),45.0,15.0
107,國立勤益科技大學,技專校院,07151016,機械工程系,附設進院,63.0,25.0
107,國立勤益科技大學,技專校院,07151016,機械工程系_工具機與精密模具設計製造專班,學士班(進修),2.0,
107,國立勤益科技大學,技專校院,07151016,機械工程系_精密機械國際學生產學合作專班,學士班(日間),42.0,
107,國立勤益科技大學,技專校院,07151016,機械工程系_精密機械暨創新研發管理產業碩士專班,碩士班(日間),4.0,
107,國立勤益科技大學,技專校院,07151016,機械工程系_精密機械產業專班,學士班(進修),97.0,
107,國立勤益科技大學,技專校院,07151016,機械工程系_精密機械產業碩士專班,碩士班(日間),10.0,2.0
107,國立勤益科技大學,技專校院,07151016,機械工程系_精密機械製造專班,學士班(進修),2.0,2.0
107,國立勤益科技大學,技專校院,07151016,機械工程系_雙軌旗艦機電整合職類,學士班(日間),63.0,56.0
107,國立勤益科技大學,技專校院,07191022,工業工程與工程管理系_精實創新研發與管理產業碩士專班,碩士班(日間),6.0,4.0
107,國立勤益科技大學,技專校院,07191022,工業工程與管理科,附設進專,102.0,24.0
107,國立勤益科技大學,技專校院,07191022,工業工程與管理系,學士班(日間),762.0,176.0
107,國立勤益科技大學,技專校院,07191022,工業工程與管理系,學士班(進修),377.0,60.0
107,國立勤益科技大學,技專校院,07191022,工業工程與管理系,碩士在職專班,38.0,14.0
107,國立勤益科技大學,技專校院,07191022,工業工程與管理系,碩士班(日間),46.0,32.0
107,國立勤益科技大學,技專校院,07191022,工業工程與管理系,附設進院,79.0,27.0
107,國立勤益科技大學,技專校院,07191022,工業工程與管理系_創新研發與管理產業碩士專班,碩士班(日間),7.0,3.0
107,國立勤益科技大學,技專校院,07191022,工業工程與管理系_智慧製造精實管理產業碩士專班,碩士班(日間),14.0,
107,國立勤益科技大學,技專校院,07191022,工業工程與管理系_生產製造與管理專班,學士班(進修),124.0,31.0
107,國立勤益科技大學,技專校院,07194024,精密製造科技研究所,博士班,18.0,1.0
107,國立勤益科技大學,技專校院,07312029,景觀科,附設進專,62.0,21.0
107,國立勤益科技大學,技專校院,07312029,景觀系,學士班(日間),201.0,45.0
107,國立勤益科技大學,技專校院,07312029,景觀系,碩士班(日間),11.0,3.0
107,國立勤益科技大學,技專校院,10151032,休閒產業管理系,學士班(日間),224.0,51.0
107,國立勤益科技大學,技專校院,10151032,休閒產業管理系,學士班(進修),193.0,47.0
107,國立勤益科技大學,技專校院,10151032,休閒產業管理系_雙軌旗艦餐飲門市管理職類,學士班(日間),39.0,32.0
107,國立臺中教育大學,一般大學,01111001,教育學系,博士班,51.0,4.0
107,國立臺中教育大學,一般大學,01111001,教育學系,學士班(日間),168.0,42.0
107,國立臺中教育大學,一般大學,01111001,教育學系,碩士班(日間),35.0,6.0
107,國立臺中教育大學,一般大學,01111001,教育學系教育行政與管理碩士在職專班,碩士在職專班,57.0,11.0
107,國立臺中教育大學,一般大學,01111001,教育學系課程與教學碩士在職專班,碩士在職專班,57.0,19.0
107,國立臺中教育大學,一般大學,01111001,教育學系課程與教學碩士班,碩士班(日間),29.0,5.0
107,國立臺中教育大學,一般大學,01111005,教師專業碩士學位學程,碩士班(日間),70.0,43.0
107,國立臺中教育大學,一般大學,01113022,特殊教育學系,學士班(日間),203.0,55.0
107,國立臺中教育大學,一般大學,01113022,特殊教育學系,碩士在職專班,51.0,16.0
107,國立臺中教育大學,一般大學,01113022,特殊教育學系,碩士班(日間),28.0,6.0
107,國立臺中教育大學,一般大學,01114025,高等教育經營管理碩士學位學程,碩士班(日間),21.0,2.0
107,國立臺中教育大學,一般大學,01117028,教育資訊與測驗統計研究所,博士班,32.0,3.0
107,國立臺中教育大學,一般大學,01117028,教育資訊與測驗統計研究所,碩士在職專班,43.0,10.0
107,國立臺中教育大學,一般大學,01117028,教育資訊與測驗統計研究所,碩士班(日間),41.0,6.0
107,國立臺中教育大學,一般大學,01121021,幼兒教育學系,學士班(日間),210.0,52.0
107,國立臺中教育大學,一般大學,01121021,幼兒教育學系,碩士在職專班,57.0,17.0
107,國立臺中教育大學,一般大學,01121021,幼兒教育學系,碩士班(日間),34.0,7.0
107,國立臺中教育大學,一般大學,01121021,幼兒教育學系早期療育碩士在職專班,碩士在職專班,45.0,6.0
107,國立臺中教育大學,一般大學,01121021,幼兒教育學系早期療育碩士班,碩士班(日間),31.0,3.0
107,國立臺中教育大學,一般大學,01131006,語文教育學系,博士班,32.0,4.0
107,國立臺中教育大學,一般大學,01131006,語文教育學系,學士班(日間),204.0,57.0
107,國立臺中教育大學,一般大學,01131006,語文教育學系,碩士在職專班,35.0,11.0
107,國立臺中教育大學,一般大學,01131006,語文教育學系,碩士班(日間),34.0,6.0
107,國立臺中教育大學,一般大學,01131006,語文教育學系華語文教學碩士班,碩士班(日間),41.0,8.0
107,國立臺中教育大學,一般大學,01131008,科學教育與應用學系,學士班(日間),167.0,37.0
107,國立臺中教育大學,一般大學,01131008,科學教育與應用學系,碩士在職專班,38.0,5.0
107,國立臺中教育大學,一般大學,01131008,科學教育與應用學系,碩士班(日間),18.0,3.0
107,國立臺中教育大學,一般大學,01131008,科學教育與應用學系環境教育及管理碩士在職專班,碩士在職專班,11.0,
107,國立臺中教育大學,一般大學,01131008,科學教育與應用學系環境教育及管理碩士班,碩士班(日間),35.0,19.0
107,國立臺中教育大學,一般大學,01131011,數學教育學系,學士班(日間),187.0,49.0
107,國立臺中教育大學,一般大學,01131011,數學教育學系,碩士在職專班,36.0,2.0
107,國立臺中教育大學,一般大學,01131011,數學教育學系,碩士班(日間),26.0,8.0
107,國立臺中教育大學,一般大學,01131019,體育學系,學士班(日間),203.0,44.0
107,國立臺中教育大學,一般大學,01131019,體育學系,碩士在職專班,59.0,11.0
107,國立臺中教育大學,一般大學,01131019,體育學系,碩士班(日間),29.0,4.0
107,國立臺中教育大學,一般大學,01131032,英語學系,碩士班(日間),13.0,
107,國立臺中教育大學,一般大學,02122034,文化創意產業設計與營運學系,學士班(日間),182.0,40.0
107,國立臺中教育大學,一般大學,02131029,美術學系,學士班(日間),185.0,46.0
107,國立臺中教育大學,一般大學,02131029,美術學系,碩士在職專班,74.0,19.0
107,國立臺中教育大學,一般大學,02131029,美術學系,碩士班(日間),46.0,15.0
107,國立臺中教育大學,一般大學,02151030,音樂學系,學士班(日間),176.0,40.0
107,國立臺中教育大學,一般大學,02151030,音樂學系,碩士班(日間),30.0,4.0
107,國立臺中教育大學,一般大學,02311032,英語學系,學士班(日間),208.0,46.0
107,國立臺中教育大學,一般大學,02321031,臺灣語文學系,學士班(日間),187.0,40.0
107,國立臺中教育大學,一般大學,02321031,臺灣語文學系,碩士班(日間),8.0,
107,國立臺中教育大學,一般大學,03131035,諮商與應用心理學系,學士班(日間),188.0,47.0
107,國立臺中教育大學,一般大學,03131035,諮商與應用心理學系,碩士在職專班,63.0,8.0
107,國立臺中教育大學,一般大學,03131035,諮商與應用心理學系,碩士班(日間),65.0,6.0
107,國立臺中教育大學,一般大學,03191037,區域與社會發展學系,學士班(日間),,50.0
107,國立臺中教育大學,一般大學,03191037,區域與社會發展學系,碩士在職專班,,16.0
107,國立臺中教育大學,一般大學,03191037,區域與社會發展學系,碩士班(日間),,1.0
107,國立臺中教育大學,一般大學,03199037,區域與社會發展學系,學士班(日間),194.0,
107,國立臺中教育大學,一般大學,03199037,區域與社會發展學系,碩士在職專班,66.0,
107,國立臺中教育大學,一般大學,03199037,區域與社會發展學系,碩士班(日間),24.0,
107,國立臺中教育大學,一般大學,04131034,文化創意產業設計與營運學系事業經營管理碩士班,碩士班(日間),37.0,7.0
107,國立臺中教育大學,一般大學,04131039,國際企業學系,學士班(日間),238.0,59.0
107,國立臺中教育大學,一般大學,04131040,管理學院國際經營管理碩士在職專班,碩士在職專班,25.0,13.0
107,國立臺中教育大學,一般大學,04131040,管理學院國際經營管理碩士學位學程,碩士班(日間),26.0,14.0
107,國立臺中教育大學,一般大學,06131042,資訊工程學系,學士班(日間),194.0,40.0
107,國立臺中教育大學,一般大學,06131042,資訊工程學系,碩士班(日間),39.0,13.0
107,國立臺中教育大學,一般大學,06133041,數位內容科技學系,學士班(日間),181.0,40.0
107,國立臺中教育大學,一般大學,06133041,數位內容科技學系,碩士在職專班,37.0,13.0
107,國立臺中教育大學,一般大學,06133041,數位內容科技學系,碩士班(日間),27.0,9.0
107,國立臺中教育大學,一般大學,10151045,永續觀光暨遊憩管理碩士學位學程,碩士班(日間),35.0,13.0
107,國立臺中科技大學,技專校院,02112005,多媒體設計系,學士班(日間),238.0,61.0
107,國立臺中科技大學,技專校院,02112005,多媒體設計系,碩士班(日間),45.0,8.0
107,國立臺中科技大學,技專校院,02123006,商業設計科,附設進專,82.0,34.0
107,國立臺中科技大學,技專校院,02123006,商業設計系,學士班(日間),326.0,103.0
107,國立臺中科技大學,技專校院,02123006,商業設計系,學士班(進修),240.0,67.0
107,國立臺中科技大學,技專校院,02123006,商業設計系,碩士在職專班,39.0,15.0
107,國立臺中科技大學,技專校院,02123006,商業設計系,碩士班(日間),41.0,16.0
107,國立臺中科技大學,技專校院,02123006,商業設計系,附設進院,64.0,26.0
107,國立臺中科技大學,技專校院,02123007,創意商品設計系,學士班(日間),92.0,42.0
107,國立臺中科技大學,技專校院,02123007,創意商品設計菁英班,五專,214.0,31.0
107,國立臺中科技大學,技專校院,02124008,室內設計系,學士班(日間),188.0,40.0
107,國立臺中科技大學,技專校院,02124008,室內設計系,碩士班(日間),26.0,9.0
107,國立臺中科技大學,技專校院,02124008,室內設計系,附設進院,65.0,18.0
107,國立臺中科技大學,技專校院,02311003,應用英語科,五專,269.0,45.0
107,國立臺中科技大學,技專校院,02311003,應用英語科,附設進專,157.0,50.0
107,國立臺中科技大學,技專校院,02311003,應用英語系,學士班(日間),298.0,96.0
107,國立臺中科技大學,技專校院,02311003,應用英語系,學士班(進修),156.0,36.0
107,國立臺中科技大學,技專校院,02311003,應用英語系,附設進院,203.0,62.0
107,國立臺中科技大學,技專校院,02311004,應用日語科,五專,263.0,41.0
107,國立臺中科技大學,技專校院,02311004,應用日語科,附設進專,185.0,50.0
107,國立臺中科技大學,技專校院,02311004,應用日語系,學士班(日間),313.0,88.0
107,國立臺中科技大學,技專校院,02311004,應用日語系,附設進院,147.0,58.0
107,國立臺中科技大學,技專校院,02311004,應用日語系日本市場暨商務策略碩士班,碩士班(日間),24.0,6.0
107,國立臺中科技大學,技專校院,02322001,應用中文系,學士班(日間),193.0,48.0
107,國立臺中科技大學,技專校院,04111012,會計資訊科,五專,448.0,69.0
107,國立臺中科技大學,技專校院,04111012,會計資訊科,附設進專,2.0,1.0
107,國立臺中科技大學,技專校院,04111012,會計資訊系,學士班(日間),486.0,143.0
107,國立臺中科技大學,技專校院,04111012,會計資訊系,學士班(進修),365.0,82.0
107,國立臺中科技大學,技專校院,04111012,會計資訊系,碩士在職專班,29.0,11.0
107,國立臺中科技大學,技專校院,04111012,會計資訊系,碩士班(日間),16.0,7.0
107,國立臺中科技大學,技專校院,04111012,會計資訊系,附設進院,51.0,16.0
107,國立臺中科技大學,技專校院,04121021,財務金融科,附設進專,56.0,23.0
107,國立臺中科技大學,技專校院,04121021,財務金融系,學士班(日間),390.0,95.0
107,國立臺中科技大學,技專校院,04121021,財務金融系,學士班(進修),326.0,76.0
107,國立臺中科技大學,技專校院,04121021,財務金融系,碩士在職專班,39.0,16.0
107,國立臺中科技大學,技專校院,04121021,財務金融系,碩士班(日間),24.0,10.0
107,國立臺中科技大學,技專校院,04121021,財務金融系,附設進院,56.0,21.0
107,國立臺中科技大學,技專校院,04122028,財政稅務系,學士班(日間),405.0,99.0
107,國立臺中科技大學,技專校院,04122028,財政稅務系租稅管理與理財規劃碩士班,碩士班(日間),21.0,6.0
107,國立臺中科技大學,技專校院,04123027,保險金融管理科,五專,440.0,65.0
107,國立臺中科技大學,技專校院,04123027,保險金融管理系,學士班(日間),435.0,119.0
107,國立臺中科技大學,技專校院,04123027,保險金融管理系,學士班(進修),78.0,30.0
107,國立臺中科技大學,技專校院,04123027,保險金融管理系,碩士班(日間),25.0,9.0
107,國立臺中科技大學,技專校院,04123027,保險金融管理系,附設進院,39.0,18.0
107,國立臺中科技大學,技專校院,04131015,企業管理科,五專,474.0,93.0
107,國立臺中科技大學,技專校院,04131015,企業管理系,學士班(日間),315.0,103.0
107,國立臺中科技大學,技專校院,04131015,企業管理系,學士班(進修),167.0,40.0
107,國立臺中科技大學,技專校院,04131015,企業管理系,碩士在職專班,51.0,27.0
107,國立臺中科技大學,技專校院,04131015,企業管理系,碩士班(日間),27.0,9.0
107,國立臺中科技大學,技專校院,04131015,企業管理系,附設進院,150.0,72.0
107,國立臺中科技大學,技專校院,04131015,企業管理系_經營管理專班,學士班(日間),122.0,41.0
107,國立臺中科技大學,技專校院,04132029,流通管理系,學士班(日間),309.0,93.0
107,國立臺中科技大學,技專校院,04132029,流通管理系,碩士班(日間),32.0,14.0
107,國立臺中科技大學,技專校院,04141020,國際貿易與經營科,五專,266.0,44.0
107,國立臺中科技大學,技專校院,04141020,國際貿易與經營系,學士班(日間),440.0,120.0
107,國立臺中科技大學,技專校院,04141020,國際貿易與經營系,學士班(進修),403.0,93.0
107,國立臺中科技大學,技專校院,04141020,國際貿易與經營系,附設進院,68.0,30.0
107,國立臺中科技大學,技專校院,04191009,商業經營科,附設進專,647.0,194.0
107,國立臺中科技大學,技專校院,04199030,商業文書科,附設進專,3.0,
107,國立臺中科技大學,技專校院,05421032,應用統計系,學士班(日間),179.0,46.0
107,國立臺中科技大學,技專校院,06131033,資訊管理科,五專,338.0,39.0
107,國立臺中科技大學,技專校院,06131033,資訊管理科,附設進專,79.0,27.0
107,國立臺中科技大學,技專校院,06131033,資訊管理系,學士班(日間),392.0,136.0
107,國立臺中科技大學,技專校院,06131033,資訊管理系,學士班(進修),242.0,71.0
107,國立臺中科技大學,技專校院,06131033,資訊管理系,碩士在職專班,26.0,8.0
107,國立臺中科技大學,技專校院,06131033,資訊管理系,碩士班(日間),28.0,11.0
107,國立臺中科技大學,技專校院,06131033,資訊管理系,附設進院,58.0,22.0
107,國立臺中科技大學,技專校院,06131033,資訊管理系_資訊應用菁英班,五專,88.0,35.0
107,國立臺中科技大學,技專校院,07141036,資訊工程科,五專,47.0,
107,國立臺中科技大學,技專校院,07141036,資訊工程系,學士班(日間),236.0,42.0
107,國立臺中科技大學,技專校院,07141036,資訊工程系,學士班(進修),161.0,38.0
107,國立臺中科技大學,技專校院,07141036,資訊工程系,碩士在職專班,34.0,15.0
107,國立臺中科技大學,技專校院,07141036,資訊工程系,碩士班(日間),43.0,19.0
107,國立臺中科技大學,技專校院,09131037,護理科,五專,637.0,193.0
107,國立臺中科技大學,技專校院,09131037,護理系,學士班(日間),718.0,195.0
107,國立臺中科技大學,技專校院,09131037,護理系,碩士班(日間),17.0,1.0
107,國立臺中科技大學,技專校院,09211038,老人服務事業管理科,二專(進修),3.0,3.0
107,國立臺中科技大學,技專校院,09211038,老人服務事業管理系,學士班(日間),266.0,91.0
107,國立臺中科技大學,技專校院,09211038,老人服務事業管理系,學士班(進修),70.0,
107,國立臺中科技大學,技專校院,09211038,老人服務事業管理系,附設進院,101.0,47.0
107,國立臺中科技大學,技專校院,10121040,美容科,二專(進修),9.0,6.0
107,國立臺中科技大學,技專校院,10121040,美容科,附設進專,115.0,26.0
107,國立臺中科技大學,技專校院,10121040,美容系,學士班(日間),344.0,113.0
107,國立臺中科技大學,技專校院,10121040,美容系,學士班(進修),70.0,
107,國立臺中科技大學,技專校院,10121040,美容系,附設進院,66.0,31.0
107,國立臺中科技大學,技專校院,10121040,美容系_美容技優領航專班,學士班(日間),5.0,
107,國立臺中科技大學,技專校院,10121040,美容系_美髮造型產專班,學士班(日間),13.0,13.0
107,國立臺中科技大學,技專校院,10151039,休閒事業經營系,學士班(日間),229.0,57.0
107,國立臺中科技大學,技專校院,10151039,休閒事業經營系,學士班(進修),272.0,85.0
107,國立臺中科技大學,技專校院,10151039,休閒事業經營系,附設進院,253.0,92.0
107,國立臺灣體育運動大學,一般大學,01141001,體育學系,學士班(日間),450.0,105.0
107,國立臺灣體育運動大學,一般大學,01141001,體育學系,學士班(進修),365.0,64.0
107,國立臺灣體育運動大學,一般大學,01141001,體育學系,碩士在職專班,36.0,7.0
107,國立臺灣體育運動大學,一般大學,01141001,體育學系,碩士班(日間),66.0,9.0
107,國立臺灣體育運動大學,一般大學,02152002,舞蹈學系,學士班(日間),193.0,37.0
107,國立臺灣體育運動大學,一般大學,02152002,舞蹈學系,碩士班(日間),35.0,18.0
107,國立臺灣體育運動大學,一般大學,04199010,運動事業管理學系,學士班(日間),,57.0
107,國立臺灣體育運動大學,一般大學,04199010,運動事業管理學系,碩士在職專班,,4.0
107,國立臺灣體育運動大學,一般大學,04199010,運動事業管理學系,碩士班(日間),,6.0
107,國立臺灣體育運動大學,一般大學,10141003,競技運動學系,學士班(日間),228.0,51.0
107,國立臺灣體育運動大學,一般大學,10141003,競技運動學系,碩士在職專班,10.0,1.0
107,國立臺灣體育運動大學,一般大學,10141003,競技運動學系,碩士班(日間),59.0,8.0
107,國立臺灣體育運動大學,一般大學,10141004,球類運動學系,學士班(日間),443.0,90.0
107,國立臺灣體育運動大學,一般大學,10141005,技擊運動學系,學士班(日間),212.0,42.0
107,國立臺灣體育運動大學,一般大學,10142006,運動健康科學學系,學士班(日間),210.0,51.0
107,國立臺灣體育運動大學,一般大學,10142006,運動健康科學學系,碩士班(日間),25.0,8.0
107,國立臺灣體育運動大學,一般大學,10142006,運動健康科學學系碩士班在職學位學程,碩士在職專班,14.0,2.0
107,國立臺灣體育運動大學,一般大學,10152007,休閒運動學系,學士班(日間),225.0,43.0
107,國立臺灣體育運動大學,一般大學,10152008,休閒運動管理研究所,碩士班(日間),43.0,8.0
107,國立臺灣體育運動大學,一般大學,10152008,休閒運動管理碩士學位學程在職專班,碩士在職專班,28.0,4.0
107,國立臺灣體育運動大學,一般大學,10152010,運動事業管理學系,學士班(日間),227.0,
107,國立臺灣體育運動大學,一般大學,10152010,運動事業管理學系,碩士在職專班,17.0,
107,國立臺灣體育運動大學,一般大學,10152010,運動事業管理學系,碩士班(日間),23.0,
107,國立臺灣體育運動大學,一般大學,10152012,運動資訊與傳播學系,學士班(日間),191.0,42.0
107,嶺東科技大學,技專校院,02112003,視覺傳達設計系,學士班(日間),679.0,139.0
107,嶺東科技大學,技專校院,02112003,視覺傳達設計系,學士班(進修),218.0,38.0
107,嶺東科技大學,技專校院,02112003,視覺傳達設計系,碩士在職專班,8.0,2.0
107,嶺東科技大學,技專校院,02112003,視覺傳達設計系,碩士班(日間),13.0,1.0
107,嶺東科技大學,技專校院,02112005,數位媒體設計系,學士班(日間),480.0,114.0
107,嶺東科技大學,技專校院,02112005,數位媒體設計系,學士班(進修),192.0,28.0
107,嶺東科技大學,技專校院,02112005,數位媒體設計系,碩士班(日間),22.0,1.0
107,嶺東科技大學,技專校院,02122002,流行設計系,學士班(日間),357.0,85.0
107,嶺東科技大學,技專校院,02122002,流行設計系,學士班(進修),302.0,46.0
107,嶺東科技大學,技專校院,02122002,流行設計系,碩士班(日間),35.0,6.0
107,嶺東科技大學,技專校院,02123008,創意產品設計系,學士班(日間),431.0,92.0
107,嶺東科技大學,技專校院,02123008,創意產品設計系,學士班(進修),180.0,26.0
107,嶺東科技大學,技專校院,02123008,創意產品設計系,碩士班(日間),12.0,
107,嶺東科技大學,技專校院,02125039,服飾設計系,學士班(日間),161.0,
107,嶺東科技大學,技專校院,02311001,應用外語系,學士班(日間),411.0,100.0
107,嶺東科技大學,技專校院,02311001,應用外語系,學士班(進修),181.0,36.0
107,嶺東科技大學,技專校院,04111010,會計資訊系,學士班(日間),176.0,50.0
107,嶺東科技大學,技專校院,04121017,財務金融系,學士班(日間),601.0,180.0
107,嶺東科技大學,技專校院,04121017,財務金融系,學士班(進修),124.0,34.0
107,嶺東科技大學,技專校院,04121017,財務金融系,碩士在職專班,12.0,2.0
107,嶺東科技大學,技專校院,04121017,財務金融系,碩士班(日間),18.0,8.0
107,嶺東科技大學,技專校院,04122021,財政系,學士班(日間),157.0,41.0
107,嶺東科技大學,技專校院,04122021,財政系財稅與會計資訊碩士班,碩士班(日間),9.0,1.0
107,嶺東科技大學,技專校院,04131013,企業管理科,附設進專,4.0,4.0
107,嶺東科技大學,技專校院,04131013,企業管理系,學士班(日間),410.0,88.0
107,嶺東科技大學,技專校院,04131013,企業管理系,學士班(進修),304.0,77.0
107,嶺東科技大學,技專校院,04131013,企業管理系,碩士在職專班,19.0,9.0
107,嶺東科技大學,技專校院,04131013,企業管理系,碩士班(日間),10.0,9.0
107,嶺東科技大學,技專校院,04131013,企業管理系_營區學位學程在職專班,碩士在職專班,25.0,
107,嶺東科技大學,技專校院,04131013,企業管理系_現役軍人營區在職專班,碩士在職專班,,2.0
107,嶺東科技大學,技專校院,04131013,企業管理系高階經營管理碩士在職專班,碩士在職專班,58.0,
107,嶺東科技大學,技專校院,04131013,企業管理系高階經營管理碩士在職專班(EMBA),碩士在職專班,,42.0
107,嶺東科技大學,技專校院,04131015,國際企業系,碩士在職專班,19.0,12.0
107,嶺東科技大學,技專校院,04131015,國際企業系,碩士班(日間),14.0,11.0
107,嶺東科技大學,技專校院,04141015,國際企業系,學士班(日間),748.0,177.0
107,嶺東科技大學,技專校院,04143024,行銷與流通管理科,附設進專,5.0,5.0
107,嶺東科技大學,技專校院,04143024,行銷與流通管理系,學士班(日間),634.0,145.0
107,嶺東科技大學,技專校院,04143024,行銷與流通管理系,學士班(進修),261.0,50.0
107,嶺東科技大學,技專校院,04143024,行銷與流通管理系,碩士班(日間),17.0,8.0
107,嶺東科技大學,技專校院,04199040,時尚經營系,學士班(日間),174.0,
107,嶺東科技大學,技專校院,04212029,財經法律研究所,碩士班(日間),31.0,11.0
107,嶺東科技大學,技專校院,06121031,資訊管理系,學士班(日間),460.0,116.0
107,嶺東科技大學,技專校院,06121031,資訊管理系,碩士在職專班,5.0,3.0
107,嶺東科技大學,技專校院,06131030,資訊科技系,學士班(日間),375.0,76.0
107,嶺東科技大學,技專校院,06131030,資訊科技系,學士班(進修),194.0,29.0
107,嶺東科技大學,技專校院,06131030,資訊科技系,碩士班(日間),16.0,9.0
107,嶺東科技大學,技專校院,06131031,資訊管理系,碩士班(日間),16.0,5.0
107,嶺東科技大學,技專校院,06131032,資訊網路系,學士班(日間),394.0,90.0
107,嶺東科技大學,技專校院,06131032,資訊網路系,學士班(進修),102.0,10.0
107,嶺東科技大學,技專校院,06132031,資訊管理系,學士班(進修),164.0,19.0
107,嶺東科技大學,技專校院,10151036,觀光與休閒管理系,學士班(日間),632.0,149.0
107,嶺東科技大學,技專校院,10151036,觀光與休閒管理系,學士班(進修),457.0,84.0
107,嶺東科技大學,技專校院,10151036,觀光與休閒管理系,碩士班(日間),18.0,6.0
107,嶺東科技大學,技專校院,10151037,觀光事業科,附設進專,3.0,3.0
107,弘光科技大學,技專校院,02122003,文化創意產業系,學士班(日間),359.0,80.0
107,弘光科技大學,技專校院,02122003,文化創意產業系,學士班(進修),131.0,18.0
107,弘光科技大學,技專校院,02311002,應用英語系,學士班(日間),184.0,38.0
107,弘光科技大學,技專校院,02311002,應用英語系,學士班(進修),149.0,33.0
107,弘光科技大學,技專校院,04133005,健康事業管理系,學士班(日間),370.0,93.0
107,弘光科技大學,技專校院,04133005,健康事業管理系,學士班(進修),163.0,32.0
107,弘光科技大學,技專校院,04133005,健康事業管理系,碩士班(日間),29.0,12.0
107,弘光科技大學,技專校院,05111007,動物保健學士學位學程,學士班(日間),150.0,
107,弘光科技大學,技專校院,05121008,生物科技系,學士班(日間),181.0,61.0
107,弘光科技大學,技專校院,05121008,生物科技系,學士班(進修),4.0,4.0
107,弘光科技大學,技專校院,05121008,生物科技系,碩士班(日間),11.0,3.0
107,弘光科技大學,技專校院,05191023,營養系,學士班(日間),358.0,88.0
107,弘光科技大學,技專校院,05191023,營養系,學士班(進修),192.0,36.0
107,弘光科技大學,技專校院,05191023,營養系_香港二技專班,學士班(日間),2.0,2.0
107,弘光科技大學,技專校院,05191024,營養醫學研究所,碩士班(日間),16.0,9.0
107,弘光科技大學,技專校院,06131010,資訊管理系,學士班(日間),329.0,65.0
107,弘光科技大學,技專校院,06131010,資訊管理系,學士班(進修),176.0,37.0
107,弘光科技大學,技專校院,06131011,資訊工程系,學士班(日間),301.0,70.0
107,弘光科技大學,技專校院,06131011,資訊工程系,學士班(進修),140.0,29.0
107,弘光科技大學,技專校院,06131011,資訊工程系智慧型輔助科技碩士班,碩士班(日間),4.0,2.0
107,弘光科技大學,技專校院,07121012,環境工程研究所,碩士在職專班,17.0,2.0
107,弘光科技大學,技專校院,07121012,環境工程研究所,碩士班(日間),13.0,8.0
107,弘光科技大學,技專校院,07121014,環境與安全衛生工程系,學士班(日間),476.0,121.0
107,弘光科技大學,技專校院,07121014,環境與安全衛生工程系,學士班(進修),361.0,65.0
107,弘光科技大學,技專校院,07193015,生物醫學工程系,學士班(日間),348.0,89.0
107,弘光科技大學,技專校院,07211017,食品科技系,學士班(日間),410.0,105.0
107,弘光科技大學,技專校院,07211017,食品科技系,學士班(進修),475.0,101.0
107,弘光科技大學,技專校院,07211017,食品科技系,碩士在職專班,12.0,3.0
107,弘光科技大學,技專校院,07211017,食品科技系,碩士班(日間),14.0,8.0
107,弘光科技大學,技專校院,07211017,食品科技系_外國學生專班,學士班(日間),9.0,7.0
107,弘光科技大學,技專校院,09131025,學士後護理系,學士班(日間),118.0,33.0
107,弘光科技大學,技專校院,09131025,護理科,五專,265.0,54.0
107,弘光科技大學,技專校院,09131025,護理系,博士班,10.0,
107,弘光科技大學,技專校院,09131025,護理系,學士班(日間),1352.0,491.0
107,弘光科技大學,技專校院,09131025,護理系,學士班(進修),866.0,319.0
107,弘光科技大學,技專校院,09131025,護理系,碩士在職專班,51.0,11.0
107,弘光科技大學,技專校院,09131025,護理系,碩士班(日間),55.0,19.0
107,弘光科技大學,技專校院,09151020,物理治療系,學士班(日間),515.0,114.0
107,弘光科技大學,技專校院,09153021,語言治療與聽力學系,學士班(日間),144.0,
107,弘光科技大學,技專校院,09211037,老人福利與長期照顧事業系,學士班(日間),336.0,81.0
107,弘光科技大學,技專校院,09211037,老人福利與長期照顧事業系,學士班(進修),171.0,42.0
107,弘光科技大學,技專校院,09211037,老人福利與長期照顧事業系,碩士班(日間),21.0,8.0
107,弘光科技大學,技專校院,09221028,幼兒保育系,學士班(日間),377.0,102.0
107,弘光科技大學,技專校院,09221028,幼兒保育系,學士班(進修),175.0,37.0
107,弘光科技大學,技專校院,09221028,幼兒保育系_香港二技專班,學士班(日間),1.0,1.0
107,弘光科技大學,技專校院,10121031,化妝品應用科,二專(進修),76.0,24.0
107,弘光科技大學,技專校院,10121031,化妝品應用系,學士班(日間),434.0,114.0
107,弘光科技大學,技專校院,10121031,化妝品應用系,學士班(進修),395.0,97.0
107,弘光科技大學,技專校院,10121031,化妝品應用系,碩士在職專班,18.0,2.0
107,弘光科技大學,技專校院,10121031,化妝品應用系,碩士班(日間),19.0,2.0
107,弘光科技大學,技專校院,10121034,美髮造型設計科,二專(進修),84.0,29.0
107,弘光科技大學,技專校院,10121034,美髮造型設計系,學士班(日間),330.0,68.0
107,弘光科技大學,技專校院,10121034,美髮造型設計系,學士班(進修),85.0,33.0
107,弘光科技大學,技專校院,10131029,餐旅管理系,學士班(日間),716.0,156.0
107,弘光科技大學,技專校院,10131029,餐旅管理系,學士班(進修),507.0,92.0
107,弘光科技大學,技專校院,10152030,運動休閒系,學士班(日間),267.0,50.0
107,弘光科技大學,技專校院,10152030,運動休閒系,學士班(進修),187.0,32.0
107,弘光科技大學,技專校院,10221035,職業安全與防災研究所,碩士班(日間),12.0,5.0
107,朝陽科技大學,技專校院,02112003,視覺傳達設計系,學士班(日間),579.0,135.0
107,朝陽科技大學,技專校院,02112003,視覺傳達設計系,學士班(進修),209.0,40.0
107,朝陽科技大學,技專校院,02112003,視覺傳達設計系,碩士班(日間),38.0,5.0
107,朝陽科技大學,技專校院,02112003,視覺傳達設計系(陸生二技),學士班(日間),,8.0
107,朝陽科技大學,技專校院,02112003,視覺傳達設計系_品牌協同設計與國際行銷產業碩士專班,碩士班(日間),5.0,
107,朝陽科技大學,技專校院,02112003,視覺傳達設計系_香港二技專班,學士班(日間),4.0,3.0
107,朝陽科技大學,技專校院,02122028,建築系建築及都市設計博士班,博士班,21.0,2.0
107,朝陽科技大學,技專校院,02123004,工業設計系,學士班(日間),500.0,105.0
107,朝陽科技大學,技專校院,02123004,工業設計系,學士班(進修),204.0,29.0
107,朝陽科技大學,技專校院,02123004,工業設計系,碩士在職專班,23.0,3.0
107,朝陽科技大學,技專校院,02123004,工業設計系,碩士班(日間),23.0,3.0
107,朝陽科技大學,技專校院,02123004,工業設計系(陸生二技),學士班(日間),,3.0
107,朝陽科技大學,技專校院,02311001,應用英語系,學士班(日間),491.0,106.0
107,朝陽科技大學,技專校院,02311001,應用英語系,學士班(進修),169.0,36.0
107,朝陽科技大學,技專校院,02311001,應用英語系,碩士班(日間),37.0,6.0
107,朝陽科技大學,技專校院,02311001,應用英語系(陸生二技),學士班(日間),,2.0
107,朝陽科技大學,技專校院,03211006,傳播藝術系,學士班(日間),572.0,172.0
107,朝陽科技大學,技專校院,03211006,傳播藝術系,學士班(進修),180.0,29.0
107,朝陽科技大學,技專校院,03211006,傳播藝術系(陸生二技),學士班(日間),,1.0
107,朝陽科技大學,技專校院,03211006,傳播藝術系_香港二技專班,學士班(日間),7.0,4.0
107,朝陽科技大學,技專校院,04111007,會計系,學士班(日間),696.0,157.0
107,朝陽科技大學,技專校院,04111007,會計系,碩士班(日間),15.0,8.0
107,朝陽科技大學,技專校院,04121010,財務金融系,學士班(日間),695.0,175.0
107,朝陽科技大學,技專校院,04121010,財務金融系,學士班(進修),22.0,17.0
107,朝陽科技大學,技專校院,04121010,財務金融系,碩士在職專班,19.0,11.0
107,朝陽科技大學,技專校院,04121010,財務金融系,碩士班(日間),23.0,12.0
107,朝陽科技大學,技專校院,04123011,保險金融管理系,學士班(日間),634.0,141.0
107,朝陽科技大學,技專校院,04123011,保險金融管理系,碩士在職專班,27.0,9.0
107,朝陽科技大學,技專校院,04123011,保險金融管理系,碩士班(日間),13.0,12.0
107,朝陽科技大學,技專校院,04131008,企業管理系,學士班(日間),705.0,166.0
107,朝陽科技大學,技專校院,04131008,企業管理系,學士班(進修),215.0,34.0
107,朝陽科技大學,技專校院,04131008,企業管理系,碩士在職專班,50.0,21.0
107,朝陽科技大學,技專校院,04131008,企業管理系,碩士班(日間),40.0,10.0
107,朝陽科技大學,技專校院,04131008,企業管理系台灣產業策略發展博士班,博士班,35.0,6.0
107,朝陽科技大學,技專校院,04131008,企業管理系高階產業經營碩士在職專班,碩士在職專班,39.0,10.0
107,朝陽科技大學,技專校院,04132012,行銷與流通管理系,學士班(日間),549.0,137.0
107,朝陽科技大學,技專校院,04132012,行銷與流通管理系,學士班(進修),471.0,103.0
107,朝陽科技大學,技專校院,04132012,行銷與流通管理系,碩士班(日間),13.0,9.0
107,朝陽科技大學,技專校院,04132012,行銷與流通管理系_國際學生產學合作專班,學士班(日間),39.0,
107,朝陽科技大學,技專校院,04132012,行銷與流通管理系_雙軌訓練旗鑑計畫,學士班(日間),1.0,1.0
107,朝陽科技大學,技專校院,04199014,銀髮產業管理系,學士班(日間),427.0,105.0
107,朝陽科技大學,技專校院,04199014,銀髮產業管理系,學士班(進修),18.0,17.0
107,朝陽科技大學,技專校院,04199014,銀髮產業管理系,碩士班(日間),12.0,
107,朝陽科技大學,技專校院,05121017,應用化學系生化科技博士班,博士班,11.0,
107,朝陽科技大學,技專校院,05311017,應用化學系,學士班(日間),284.0,83.0
107,朝陽科技大學,技專校院,05311017,應用化學系,碩士在職專班,9.0,5.0
107,朝陽科技大學,技專校院,05311017,應用化學系,碩士班(日間),16.0,3.0
107,朝陽科技大學,技專校院,05311017,應用化學系_國際學生產學合作專班,學士班(日間),27.0,
107,朝陽科技大學,技專校院,05311017,應用化學系生化科技碩士班,碩士班(日間),4.0,2.0
107,朝陽科技大學,技專校院,06111023,資訊與通訊系,學士班(日間),475.0,109.0
107,朝陽科技大學,技專校院,06111023,資訊與通訊系,學士班(進修),21.0,14.0
107,朝陽科技大學,技專校院,06131019,資訊管理系,博士班,17.0,4.0
107,朝陽科技大學,技專校院,06131019,資訊管理系,學士班(日間),671.0,145.0
107,朝陽科技大學,技專校院,06131019,資訊管理系,學士班(進修),141.0,33.0
107,朝陽科技大學,技專校院,06131019,資訊管理系,碩士在職專班,14.0,8.0
107,朝陽科技大學,技專校院,06131019,資訊管理系,碩士班(日間),58.0,22.0
107,朝陽科技大學,技專校院,06131019,資訊管理系(陸生二技),學士班(日間),,1.0
107,朝陽科技大學,技專校院,06132023,資訊與通訊系,碩士班(日間),51.0,13.0
107,朝陽科技大學,技專校院,07121027,環境工程與管理系,學士班(日間),427.0,102.0
107,朝陽科技大學,技專校院,07121027,環境工程與管理系,碩士在職專班,18.0,2.0
107,朝陽科技大學,技專校院,07121027,環境工程與管理系,碩士班(日間),28.0,7.0
107,朝陽科技大學,技專校院,07141020,資訊工程系,學士班(日間),483.0,115.0
107,朝陽科技大學,技專校院,07141020,資訊工程系,學士班(進修),118.0,7.0
107,朝陽科技大學,技專校院,07141020,資訊工程系,碩士在職專班,13.0,9.0
107,朝陽科技大學,技專校院,07141020,資訊工程系,碩士班(日間),28.0,11.0
107,朝陽科技大學,技專校院,07141020,資訊工程系_精密機械暨水下機電技術整合產業碩士專班,碩士班(日間),,1.0
107,朝陽科技大學,技專校院,07191026,工業工程與管理系,學士班(日間),428.0,94.0
107,朝陽科技大學,技專校院,07191026,工業工程與管理系,學士班(進修),270.0,40.0
107,朝陽科技大學,技專校院,07191026,工業工程與管理系,碩士在職專班,20.0,6.0
107,朝陽科技大學,技專校院,07191026,工業工程與管理系,碩士班(日間),40.0,10.0
107,朝陽科技大學,技專校院,07191026,工業工程與管理系_國際學生產學合作專班,學士班(日間),23.0,
107,朝陽科技大學,技專校院,07191026,工業工程與管理系_工業工程與設備管理專班,學士班(進修),32.0,30.0
107,朝陽科技大學,技專校院,07311028,建築系,學士班(日間),489.0,108.0
107,朝陽科技大學,技專校院,07311028,建築系(陸生二技),學士班(日間),,1.0
107,朝陽科技大學,技專校院,07311028,建築系建築及都市設計碩士班,碩士班(日間),31.0,11.0
107,朝陽科技大學,技專校院,07312031,景觀及都市設計系,學士班(日間),272.0,33.0
107,朝陽科技大學,技專校院,07312031,景觀及都市設計系,碩士班(日間),24.0,10.0
107,朝陽科技大學,技專校院,07312031,景觀及都市設計系(陸生二技),學士班(日間),,1.0
107,朝陽科技大學,技專校院,07321025,營建工程系,博士班,7.0,2.0
107,朝陽科技大學,技專校院,07321025,營建工程系,學士班(日間),499.0,118.0
107,朝陽科技大學,技專校院,07321025,營建工程系,碩士在職專班,25.0,9.0
107,朝陽科技大學,技專校院,07321025,營建工程系,碩士班(日間),23.0,12.0
107,朝陽科技大學,技專校院,09221035,幼兒保育系,學士班(日間),500.0,128.0
107,朝陽科技大學,技專校院,09221035,幼兒保育系,學士班(進修),176.0,24.0
107,朝陽科技大學,技專校院,09221035,幼兒保育系,碩士在職專班,72.0,10.0
107,朝陽科技大學,技專校院,09221035,幼兒保育系,碩士班(日間),47.0,10.0
107,朝陽科技大學,技專校院,09231034,社會工作系,學士班(日間),472.0,110.0
107,朝陽科技大學,技專校院,09231034,社會工作系,學士班(進修),169.0,24.0
107,朝陽科技大學,技專校院,09231034,社會工作系,碩士在職專班,18.0,1.0
107,朝陽科技大學,技專校院,09231034,社會工作系,碩士班(日間),30.0,9.0
107,朝陽科技大學,技專校院,10152036,休閒事業管理系,學士班(日間),469.0,108.0
107,朝陽科技大學,技專校院,10152036,休閒事業管理系,學士班(進修),599.0,128.0
107,朝陽科技大學,技專校院,10152036,休閒事業管理系,碩士在職專班,57.0,22.0
107,朝陽科技大學,技專校院,10152036,休閒事業管理系,碩士班(日間),43.0,15.0
107,朝陽科技大學,技專校院,10152036,休閒事業管理系_國際學生產學合作專班,學士班(日間),38.0,
107,朝陽科技大學,技專校院,10152036,休閒事業管理系_雙軌訓練旗鑑計畫,學士班(日間),5.0,3.0
107,東海大學,一般大學,01111001,教育研究所,碩士在職專班,49.0,12.0
107,東海大學,一般大學,01111001,教育研究所,碩士班(日間),44.0,9.0
107,東海大學,一般大學,02123011,工業設計學系,學士班(日間),172.0,50.0
107,東海大學,一般大學,02123011,工業設計學系,碩士在職專班,21.0,4.0
107,東海大學,一般大學,02123011,工業設計學系,碩士班(日間),18.0,4.0
107,東海大學,一般大學,02131002,美術學系,學士班(日間),194.0,48.0
107,東海大學,一般大學,02131002,美術學系,學士班(進修),204.0,39.0
107,東海大學,一般大學,02131002,美術學系,碩士在職專班,74.0,11.0
107,東海大學,一般大學,02131002,美術學系,碩士班(日間),54.0,9.0
107,東海大學,一般大學,02151003,音樂學系,學士班(日間),164.0,35.0
107,東海大學,一般大學,02151003,音樂學系,碩士班(日間),60.0,15.0
107,東海大學,一般大學,02152058,表演藝術與創作碩士學位學程,碩士班(日間),12.0,3.0
107,東海大學,一般大學,02221009,歷史學系,學士班(日間),267.0,63.0
107,東海大學,一般大學,02221009,歷史學系,碩士班(日間),11.0,2.0
107,東海大學,一般大學,02231010,哲學系,博士班,15.0,
107,東海大學,一般大學,02231010,哲學系,學士班(日間),222.0,49.0
107,東海大學,一般大學,02231010,哲學系,碩士在職專班,29.0,2.0
107,東海大學,一般大學,02231010,哲學系,碩士班(日間),27.0,4.0
107,東海大學,一般大學,02311005,外國語文學系,學士班(日間),433.0,110.0
107,東海大學,一般大學,02311005,外國語文學系,碩士班(日間),19.0,5.0
107,東海大學,一般大學,02311007,日本語言文化學系,學士班(日間),452.0,93.0
107,東海大學,一般大學,02311007,日本語言文化學系,碩士班(日間),20.0,5.0
107,東海大學,一般大學,02322004,中國文學系,博士班,20.0,1.0
107,東海大學,一般大學,02322004,中國文學系,學士班(日間),454.0,121.0
107,東海大學,一般大學,02322004,中國文學系,碩士在職專班,8.0,4.0
107,東海大學,一般大學,02322004,中國文學系,碩士班(日間),42.0,5.0
107,東海大學,一般大學,03111012,經濟學系,學士班(日間),672.0,170.0
107,東海大學,一般大學,03111012,經濟學系,學士班(進修),6.0,4.0
107,東海大學,一般大學,03111012,經濟學系,碩士班(日間),14.0,6.0
107,東海大學,一般大學,03121013,政治學系,博士班,30.0,3.0
107,東海大學,一般大學,03121013,政治學系,學士班(日間),449.0,110.0
107,東海大學,一般大學,03121013,政治學系,碩士班(日間),25.0,10.0
107,東海大學,一般大學,03141014,社會學系,博士班,38.0,1.0
107,東海大學,一般大學,03141014,社會學系,學士班(日間),474.0,114.0
107,東海大學,一般大學,03141014,社會學系,碩士班(日間),30.0,2.0
107,東海大學,一般大學,04111018,會計學系,學士班(日間),503.0,134.0
107,東海大學,一般大學,04111018,會計學系,碩士在職專班,18.0,7.0
107,東海大學,一般大學,04111018,會計學系,碩士班(日間),17.0,12.0
107,東海大學,一般大學,04121024,財務金融學系,學士班(日間),504.0,122.0
107,東海大學,一般大學,04121024,財務金融學系,碩士在職專班,8.0,2.0
107,東海大學,一般大學,04121024,財務金融學系,碩士班(日間),32.0,16.0
107,東海大學,一般大學,04131019,企業管理學系,學士班(日間),722.0,175.0
107,東海大學,一般大學,04131019,企業管理學系,碩士班(日間),56.0,25.0
107,東海大學,一般大學,04131019,企業管理學系高階企業經營碩士在職專班,碩士在職專班,,1.0
107,東海大學,一般大學,04131021,國際學院國際經營管理學位學程,學士班(日間),219.0,45.0
107,東海大學,一般大學,04131025,高階經營管理碩士在職專班,碩士在職專班,333.0,91.0
107,東海大學,一般大學,04131059,國際企業管理碩士學位學程,碩士班(日間),8.0,2.0
107,東海大學,一般大學,04133044,工業工程與經營資訊學系高階醫務工程與管理碩士在職專班,碩士在職專班,44.0,17.0
107,東海大學,一般大學,04134016,行政管理暨政策學系,學士班(日間),259.0,63.0
107,東海大學,一般大學,04134016,行政管理暨政策學系,碩士班(日間),17.0,2.0
107,東海大學,一般大學,04134016,行政管理暨政策學系第三部門碩士在職專班,碩士在職專班,17.0,5.0
107,東海大學,一般大學,04134017,公共事務碩士專班,碩士在職專班,37.0,11.0
107,東海大學,一般大學,04141023,國際經營與貿易學系,學士班(日間),691.0,170.0
107,東海大學,一般大學,04141023,國際經營與貿易學系,碩士班(日間),18.0,9.0
107,東海大學,一般大學,04211027,法律學系,博士班,23.0,1.0
107,東海大學,一般大學,04211027,法律學系,學士班(日間),504.0,130.0
107,東海大學,一般大學,04211027,法律學系,學士班(進修),179.0,35.0
107,東海大學,一般大學,04211027,法律學系,碩士班(日間),140.0,11.0
107,東海大學,一般大學,05111028,生命科學系,博士班,13.0,2.0
107,東海大學,一般大學,05111028,生命科學系,學士班(日間),336.0,78.0
107,東海大學,一般大學,05111028,生命科學系,碩士班(日間),18.0,14.0
107,東海大學,一般大學,05211056,永續科學與工程學士學位學程,學士班(日間),92.0,1.0
107,東海大學,一般大學,05311030,化學系,博士班,15.0,
107,東海大學,一般大學,05311030,化學系,學士班(日間),349.0,76.0
107,東海大學,一般大學,05311030,化學系,碩士班(日間),39.0,19.0
107,東海大學,一般大學,05331032,應用物理學系,博士班,4.0,
107,東海大學,一般大學,05331032,應用物理學系,學士班(日間),255.0,72.0
107,東海大學,一般大學,05331032,應用物理學系,碩士班(日間),8.0,4.0
107,東海大學,一般大學,05411034,應用數學系,學士班(日間),182.0,38.0
107,東海大學,一般大學,05411034,應用數學系,碩士班(日間),12.0,7.0
107,東海大學,一般大學,05421035,統計學系,博士班,5.0,
107,東海大學,一般大學,05421035,統計學系,學士班(日間),375.0,80.0
107,東海大學,一般大學,05421035,統計學系,碩士班(日間),16.0,12.0
107,東海大學,一般大學,06133047,數位創新碩士學位學程,碩士班(日間),20.0,11.0
107,東海大學,一般大學,06134036,資訊管理學系,學士班(日間),245.0,60.0
107,東海大學,一般大學,06134036,資訊管理學系,碩士班(日間),33.0,13.0
107,東海大學,一般大學,07111042,化學工程與材料工程學系,博士班,1.0,
107,東海大學,一般大學,07111042,化學工程與材料工程學系,學士班(日間),443.0,92.0
107,東海大學,一般大學,07111042,化學工程與材料工程學系,碩士班(日間),52.0,19.0
107,東海大學,一般大學,07121045,環境科學與工程學系,博士班,10.0,1.0
107,東海大學,一般大學,07121045,環境科學與工程學系,學士班(日間),336.0,78.0
107,東海大學,一般大學,07121045,環境科學與工程學系,碩士班(日間),34.0,10.0
107,東海大學,一般大學,07141037,電機工程學系,學士班(日間),293.0,66.0
107,東海大學,一般大學,07141037,電機工程學系,碩士班(日間),29.0,13.0
107,東海大學,一般大學,07141039,資訊工程學系,學士班(日間),524.0,122.0
107,東海大學,一般大學,07141039,資訊工程學系,學士班(進修),97.0,20.0
107,東海大學,一般大學,07141039,資訊工程學系,碩士在職專班,21.0,
107,東海大學,一般大學,07141039,資訊工程學系,碩士班(日間),40.0,20.0
107,東海大學,一般大學,07191044,工業工程與經營資訊學系,博士班,23.0,2.0
107,東海大學,一般大學,07191044,工業工程與經營資訊學系,學士班(日間),474.0,117.0
107,東海大學,一般大學,07191044,工業工程與經營資訊學系,碩士班(日間),57.0,16.0
107,東海大學,一般大學,07211052,食品科學系,學士班(日間),393.0,94.0
107,東海大學,一般大學,07211052,食品科學系,碩士班(日間),45.0,11.0
107,東海大學,一般大學,07311048,建築學系,學士班(日間),185.0,29.0
107,東海大學,一般大學,07311048,建築學系,碩士班(日間),59.0,13.0
107,東海大學,一般大學,07312049,景觀學系,學士班(日間),256.0,64.0
107,東海大學,一般大學,07312049,景觀學系,碩士在職專班,28.0,8.0
107,東海大學,一般大學,07312049,景觀學系,碩士班(日間),14.0,7.0
107,東海大學,一般大學,08112051,畜產與生物科技學系,博士班,5.0,1.0
107,東海大學,一般大學,08112051,畜產與生物科技學系,學士班(日間),391.0,80.0
107,東海大學,一般大學,08112051,畜產與生物科技學系,碩士班(日間),19.0,3.0
107,東海大學,一般大學,09231053,社會工作學系,博士班,41.0,4.0
107,東海大學,一般大學,09231053,社會工作學系,學士班(日間),514.0,129.0
107,東海大學,一般大學,09231053,社會工作學系,碩士班(日間),59.0,10.0
107,東海大學,一般大學,10131054,餐旅管理學系,學士班(日間),281.0,67.0
107,東海大學,一般大學,10131054,餐旅管理學系,碩士在職專班,33.0,3.0
107,東海大學,一般大學,10131054,餐旅管理學系,碩士班(日間),16.0,5.0
107,東海大學,一般大學,10152055,運動休閒與健康管理學位學程,學士班(進修),118.0,14.0
107,逢甲大學,一般大學,02122005,創意設計碩士學位學程,碩士班(日間),18.0,5.0
107,逢甲大學,一般大學,02122006,創新設計學士學位學程,學士班(日間),16.0,
107,逢甲大學,一般大學,02124007,室內設計進修學士班,學士班(進修),218.0,39.0
107,逢甲大學,一般大學,02221003,歷史與文物研究所,碩士班(日間),26.0,4.0
107,逢甲大學,一般大學,02311002,外國語文學系,學士班(日間),436.0,97.0
107,逢甲大學,一般大學,02311002,外國語文學系英語文研究碩士班,碩士班(日間),27.0,8.0
107,逢甲大學,一般大學,02322001,中國文學系,博士班,29.0,3.0
107,逢甲大學,一般大學,02322001,中國文學系,學士班(日間),251.0,54.0
107,逢甲大學,一般大學,02322001,中國文學系,碩士班(日間),21.0,1.0
107,逢甲大學,一般大學,03111009,經濟學系,博士班,6.0,1.0
107,逢甲大學,一般大學,03111009,經濟學系,學士班(日間),449.0,113.0
107,逢甲大學,一般大學,03111009,經濟學系,碩士班(日間),11.0,4.0
107,逢甲大學,一般大學,03111012,合作經濟暨社會事業經營學系,學士班(日間),244.0,62.0
107,逢甲大學,一般大學,03111012,合作經濟暨社會事業經營學系,碩士在職專班,2.0,
107,逢甲大學,一般大學,03111012,合作經濟暨社會事業經營學系,碩士班(日間),23.0,16.0
107,逢甲大學,一般大學,04111017,會計學系,學士班(日間),749.0,189.0
107,逢甲大學,一般大學,04111017,會計學系,碩士班(日間),42.0,18.0
107,逢甲大學,一般大學,04121025,財務金融學系,學士班(日間),747.0,198.0
107,逢甲大學,一般大學,04121025,財務金融學系,碩士班(日間),47.0,27.0
107,逢甲大學,一般大學,04121026,金融博士學位學程,博士班,55.0,16.0
107,逢甲大學,一般大學,04121026,金融碩士在職學位學程,碩士在職專班,41.0,17.0
107,逢甲大學,一般大學,04121026,金融碩士在職專班,碩士在職專班,7.0,2.0
107,逢甲大學,一般大學,04121028,財務工程與精算學士學位學程,學士班(日間),212.0,50.0
107,逢甲大學,一般大學,04122032,財稅學系,學士班(日間),458.0,118.0
107,逢甲大學,一般大學,04122032,財稅學系,碩士班(日間),23.0,13.0
107,逢甲大學,一般大學,04123029,風險管理與保險學系,學士班(日間),424.0,96.0
107,逢甲大學,一般大學,04123029,風險管理與保險學系,碩士班(日間),51.0,24.0
107,逢甲大學,一般大學,04131019,企業管理學系,學士班(日間),598.0,144.0
107,逢甲大學,一般大學,04131019,企業管理學系,碩士班(日間),32.0,14.0
107,逢甲大學,一般大學,04131020,經營管理碩士在職學位學程,碩士在職專班,331.0,143.0
107,逢甲大學,一般大學,04131020,經營管理碩士在職專班,碩士在職專班,37.0,13.0
107,逢甲大學,一般大學,04131021,國際企業管理學士學位學程(英語專班),學士班(日間),80.0,75.0
107,逢甲大學,一般大學,04131022,國際經營管理碩士學位學程,碩士班(日間),5.0,2.0
107,逢甲大學,一般大學,04131034,西班牙薩拉戈薩大學物流供應鏈管理與創新創業雙碩士學位學程,碩士班(日間),3.0,1.0
107,逢甲大學,一般大學,04134086,土地管理學系,學士班(日間),433.0,100.0
107,逢甲大學,一般大學,04134086,土地管理學系,碩士在職專班,25.0,9.0
107,逢甲大學,一般大學,04134086,土地管理學系,碩士班(日間),37.0,10.0
107,逢甲大學,一般大學,04134097,公共事務與社會創新研究所,碩士在職專班,67.0,23.0
107,逢甲大學,一般大學,04134097,公共事務與社會創新研究所,碩士班(日間),17.0,1.0
107,逢甲大學,一般大學,04141024,國際經營與貿易學系,學士班(日間),780.0,215.0
107,逢甲大學,一般大學,04141024,國際經營與貿易學系,碩士班(日間),62.0,28.0
107,逢甲大學,一般大學,04141024,國際經營與貿易學系國際企業管理全英語學士班,學士班(日間),189.0,
107,逢甲大學,一般大學,04143033,行銷學系,學士班(日間),576.0,145.0
107,逢甲大學,一般大學,04191014,商學博士學位學程,博士班,110.0,11.0
107,逢甲大學,一般大學,04191014,商學進修學士學位學程,學士班(進修),196.0,
107,逢甲大學,一般大學,04191014,商學進修學士班,學士班(進修),253.0,118.0
107,逢甲大學,一般大學,04191016,商學專業碩士在職學位學程,碩士在職專班,48.0,21.0
107,逢甲大學,一般大學,04191016,商學院商學專業碩士在職專班,碩士在職專班,6.0,4.0
107,逢甲大學,一般大學,04199035,澳洲墨爾本皇家理工大學商學與創新雙學士學位學程,學士班(日間),99.0,1.0
107,逢甲大學,一般大學,04199036,科技管理碩士學位學程,碩士班(日間),22.0,10.0
107,逢甲大學,一般大學,04199037,專案管理碩士在職學位學程,碩士在職專班,34.0,7.0
107,逢甲大學,一般大學,04199037,建設學院專案管理碩士在職專班,碩士在職專班,8.0,1.0
107,逢甲大學,一般大學,04199092,美國聖荷西州立大學商學大數據分析雙學士學位學程,學士班(日間),99.0,
107,逢甲大學,一般大學,04199096,建設碩士在職學位學程,碩士在職專班,85.0,24.0
107,逢甲大學,一般大學,04212038,財經法律研究所,碩士在職專班,54.0,8.0
107,逢甲大學,一般大學,04212038,財經法律研究所,碩士班(日間),70.0,10.0
107,逢甲大學,一般大學,05411039,應用數學系,學士班(日間),370.0,70.0
107,逢甲大學,一般大學,05411039,應用數學系,碩士班(日間),22.0,11.0
107,逢甲大學,一般大學,05421040,統計學系,學士班(日間),397.0,90.0
107,逢甲大學,一般大學,05421040,統計學系應用統計博士班,博士班,6.0,2.0
107,逢甲大學,一般大學,05421040,統計學系統計與精算碩士班,碩士班(日間),39.0,17.0
107,逢甲大學,一般大學,06131048,資訊工程學系,博士班,29.0,3.0
107,逢甲大學,一般大學,06131048,資訊工程學系,學士班(日間),943.0,206.0
107,逢甲大學,一般大學,06131048,資訊工程學系,碩士在職專班,3.0,1.0
107,逢甲大學,一般大學,06131048,資訊工程學系,碩士班(日間),102.0,40.0
107,逢甲大學,一般大學,06131055,智慧聯網產業博士學位學程,博士班,5.0,
107,逢甲大學,一般大學,07111068,化學工程學系,博士班,9.0,1.0
107,逢甲大學,一般大學,07111068,化學工程學系,學士班(日間),458.0,117.0
107,逢甲大學,一般大學,07111068,化學工程學系,碩士班(日間),67.0,34.0
107,逢甲大學,一般大學,07112069,材料科學與工程學系,博士班,5.0,2.0
107,逢甲大學,一般大學,07112069,材料科學與工程學系,學士班(日間),430.0,103.0
107,逢甲大學,一般大學,07112069,材料科學與工程學系,碩士班(日間),75.0,32.0
107,逢甲大學,一般大學,07121075,環境工程與科學學系,博士班,6.0,1.0
107,逢甲大學,一般大學,07121075,環境工程與科學學系,學士班(日間),399.0,91.0
107,逢甲大學,一般大學,07121075,環境工程與科學學系,碩士班(日間),42.0,19.0
107,逢甲大學,一般大學,07122077,水利工程與資源保育學系,學士班(日間),364.0,99.0
107,逢甲大學,一般大學,07122077,水利工程與資源保育學系,碩士班(日間),48.0,23.0
107,逢甲大學,一般大學,07132079,綠色能源科技碩士學位學程,碩士班(日間),19.0,10.0
107,逢甲大學,一般大學,07141044,電機工程學系,學士班(日間),594.0,135.0
107,逢甲大學,一般大學,07141044,電機工程學系,碩士班(日間),50.0,24.0
107,逢甲大學,一般大學,07141045,電機與通訊工程博士學位學程,博士班,41.0,7.0
107,逢甲大學,一般大學,07141046,電子工程學系,學士班(日間),464.0,117.0
107,逢甲大學,一般大學,07141046,電子工程學系,碩士班(日間),63.0,32.0
107,逢甲大學,一般大學,07141050,通訊工程學系,學士班(日間),424.0,93.0
107,逢甲大學,一般大學,07141050,通訊工程學系,碩士班(日間),40.0,16.0
107,逢甲大學,一般大學,07141052,自動控制工程學系,學士班(日間),461.0,109.0
107,逢甲大學,一般大學,07141052,自動控制工程學系,碩士班(日間),38.0,14.0
107,逢甲大學,一般大學,07141053,資訊電機工程碩士在職學位學程,碩士在職專班,43.0,6.0
107,逢甲大學,一般大學,07141053,資訊電機工程碩士在職專班,碩士在職專班,30.0,11.0
107,逢甲大學,一般大學,07141054,光電能源與視覺科技碩士在職專班,碩士在職專班,4.0,1.0
107,逢甲大學,一般大學,07141056,資訊電機學院不分系榮譽班,學士班(日間),104.0,
107,逢甲大學,一般大學,07141095,美國普渡大學電機資訊雙學士學位學程,學士班(日間),47.0,
107,逢甲大學,一般大學,07141099,視光科技碩士在職學位學程,碩士在職專班,26.0,11.0
107,逢甲大學,一般大學,07141101,光電科學與工程學系,學士班(日間),409.0,89.0
107,逢甲大學,一般大學,07141101,光電科學與工程學系,碩士班(日間),44.0,19.0
107,逢甲大學,一般大學,07141C04,智能化機電系統設計產業碩士專班,碩士班(日間),7.0,7.0
107,逢甲大學,一般大學,07141C07,資通訊與電控產業碩士專班,碩士班(日間),9.0,6.0
107,逢甲大學,一般大學,07151060,機械與航空工程博士學位學程,博士班,26.0,3.0
107,逢甲大學,一般大學,07151061,機械與電腦輔助工程學系,學士班(日間),649.0,155.0
107,逢甲大學,一般大學,07151061,機械與電腦輔助工程學系機械工程碩士在職專班,碩士在職專班,11.0,1.0
107,逢甲大學,一般大學,07151061,機械與電腦輔助工程學系機械工程碩士班,碩士班(日間),56.0,21.0
107,逢甲大學,一般大學,07151062,精密系統設計學士學位學程,學士班(日間),198.0,46.0
107,逢甲大學,一般大學,07151103,智慧製造與管理產業碩士專班,碩士班(日間),12.0,
107,逢甲大學,一般大學,07162059,航太與系統工程學系,學士班(日間),478.0,114.0
107,逢甲大學,一般大學,07162059,航太與系統工程學系,碩士班(日間),50.0,24.0
107,逢甲大學,一般大學,07191072,工業工程與系統管理學系,博士班,14.0,2.0
107,逢甲大學,一般大學,07191072,工業工程與系統管理學系,學士班(日間),414.0,98.0
107,逢甲大學,一般大學,07191072,工業工程與系統管理學系,碩士在職專班,18.0,3.0
107,逢甲大學,一般大學,07191072,工業工程與系統管理學系,碩士班(日間),31.0,13.0
107,逢甲大學,一般大學,07192074,纖維與複合材料學系,博士班,17.0,1.0
107,逢甲大學,一般大學,07192074,纖維與複合材料學系,學士班(日間),397.0,82.0
107,逢甲大學,一般大學,07192074,纖維與複合材料學系,碩士在職專班,9.0,5.0
107,逢甲大學,一般大學,07192074,纖維與複合材料學系,碩士班(日間),50.0,19.0
107,逢甲大學,一般大學,07193078,生醫資訊暨生醫工程碩士學位學程,碩士班(日間),19.0,8.0
107,逢甲大學,一般大學,07199080,電聲碩士學位學程,碩士班(日間),23.0,8.0
107,逢甲大學,一般大學,07199098,智能製造與工程管理碩士在職學位學程,碩士在職專班,102.0,29.0
107,逢甲大學,一般大學,07311007,室內設計學士學位學程,學士班(日間),11.0,
107,逢甲大學,一般大學,07311081,建築學士學位學程,學士班(日間),352.0,115.0
107,逢甲大學,一般大學,07311081,建築碩士在職學位學程,碩士在職專班,23.0,8.0
107,逢甲大學,一般大學,07311081,建築碩士學位學程,碩士班(日間),43.0,10.0
107,逢甲大學,一般大學,07311083,建築專業學院學士班,學士班(日間),247.0,
107,逢甲大學,一般大學,07312084,景觀與遊憩碩士學位學程,碩士在職專班,6.0,2.0
107,逢甲大學,一般大學,07312084,景觀與遊憩碩士學位學程,碩士班(日間),19.0,9.0
107,逢甲大學,一般大學,07313087,都市計畫與空間資訊學系,學士班(日間),422.0,102.0
107,逢甲大學,一般大學,07313087,都市計畫與空間資訊學系,碩士在職專班,22.0,6.0
107,逢甲大學,一般大學,07313087,都市計畫與空間資訊學系,碩士班(日間),26.0,13.0
107,逢甲大學,一般大學,07321063,土木工程學系,學士班(日間),460.0,126.0
107,逢甲大學,一般大學,07321063,土木工程學系,碩士在職專班,21.0,5.0
107,逢甲大學,一般大學,07321063,土木工程學系,碩士班(日間),41.0,17.0
107,逢甲大學,一般大學,07321063,土木工程學系營建工程與管理進修學士班,學士班(進修),205.0,36.0
107,逢甲大學,一般大學,07321100,土木水利工程與建設規劃博士學位學程,博士班,62.0,7.0
107,逢甲大學,一般大學,07399102,智慧城市國際碩士學位學程,碩士班(日間),3.0,
107,逢甲大學,一般大學,10411093,運輸與物流學系,學士班(日間),458.0,112.0
107,逢甲大學,一般大學,10411093,運輸與物流學系,碩士在職專班,17.0,5.0
107,逢甲大學,一般大學,10411093,運輸與物流學系,碩士班(日間),33.0,13.0
107,逢甲大學,一般大學,99999094,全校國際生大一不分系學士班,學士班(日間),42.0,
107,靜宜大學,一般大學,01111001,教育研究所,碩士在職專班,45.0,7.0
107,靜宜大學,一般大學,01111001,教育研究所,碩士班(日間),40.0,9.0
107,靜宜大學,一般大學,02311004,英國語文學系,學士班(日間),616.0,153.0
107,靜宜大學,一般大學,02311004,英國語文學系,碩士班(日間),18.0,7.0
107,靜宜大學,一般大學,02311005,西班牙語文學系,學士班(日間),493.0,115.0
107,靜宜大學,一般大學,02311005,西班牙語文學系,碩士班(日間),25.0,10.0
107,靜宜大學,一般大學,02311006,日本語文學系,學士班(日間),618.0,133.0
107,靜宜大學,一般大學,02311006,日本語文學系,碩士班(日間),21.0,4.0
107,靜宜大學,一般大學,02311007,寰宇外語教育學士學位學程,學士班(日間),147.0,23.0
107,靜宜大學,一般大學,02321002,台灣文學系,學士班(日間),207.0,42.0
107,靜宜大學,一般大學,02321002,台灣文學系,碩士班(日間),14.0,1.0
107,靜宜大學,一般大學,02322003,中國文學系,學士班(日間),462.0,92.0
107,靜宜大學,一般大學,02322003,中國文學系,碩士在職專班,13.0,3.0
107,靜宜大學,一般大學,02322003,中國文學系,碩士班(日間),17.0,
107,靜宜大學,一般大學,03141038,犯罪防治碩士學位學程,碩士班(日間),7.0,
107,靜宜大學,一般大學,03211008,大眾傳播學系,學士班(日間),301.0,63.0
107,靜宜大學,一般大學,03211008,大眾傳播學系,碩士班(日間),4.0,1.0
107,靜宜大學,一般大學,04111011,會計學系,學士班(日間),670.0,167.0
107,靜宜大學,一般大學,04111011,會計學系,碩士班(日間),22.0,12.0
107,靜宜大學,一般大學,04121019,財務金融學系,學士班(日間),722.0,176.0
107,靜宜大學,一般大學,04121019,財務金融學系,碩士班(日間),21.0,14.0
107,靜宜大學,一般大學,04131010,寰宇管理碩士學位學程,碩士班(日間),33.0,15.0
107,靜宜大學,一般大學,04131012,企業管理學系,學士班(日間),697.0,142.0
107,靜宜大學,一般大學,04131012,企業管理學系,碩士班(日間),13.0,4.0
107,靜宜大學,一般大學,04131014,管理學院管理碩士在職專班柬埔寨境外專班,碩士在職專班,1.0,
107,靜宜大學,一般大學,04131014,管理碩士在職專班,碩士在職專班,131.0,39.0
107,靜宜大學,一般大學,04131015,國際企業學系,學士班(日間),721.0,170.0
107,靜宜大學,一般大學,04131015,國際企業學系,碩士班(日間),12.0,11.0
107,靜宜大學,一般大學,04131018,創新與創業管理碩士學位學程,碩士班(日間),7.0,4.0
107,靜宜大學,一般大學,04191010,寰宇管理學士學位學程,學士班(日間),168.0,29.0
107,靜宜大學,一般大學,04211020,法律學系,學士班(日間),518.0,126.0
107,靜宜大學,一般大學,04211020,法律學系,碩士在職專班,17.0,2.0
107,靜宜大學,一般大學,04211020,法律學系,碩士班(日間),37.0,3.0
107,靜宜大學,一般大學,05191031,食品營養學系,博士班,24.0,1.0
107,靜宜大學,一般大學,05191031,食品營養學系,學士班(日間),463.0,104.0
107,靜宜大學,一般大學,05191031,食品營養學系,碩士班(日間),46.0,18.0
107,靜宜大學,一般大學,05211021,生態人文學系,碩士班(日間),5.0,
107,靜宜大學,一般大學,05212021,生態人文學系,學士班(日間),201.0,47.0
107,靜宜大學,一般大學,05311023,應用化學系,博士班,18.0,3.0
107,靜宜大學,一般大學,05311023,應用化學系,學士班(日間),401.0,79.0
107,靜宜大學,一般大學,05311023,應用化學系,碩士班(日間),28.0,8.0
107,靜宜大學,一般大學,05499036,財務工程學系,學士班(日間),321.0,79.0
107,靜宜大學,一般大學,05499036,財務工程學系,碩士班(日間),14.0,9.0
107,靜宜大學,一般大學,05499037,資料科學暨大數據分析與應用學系,學士班(日間),219.0,38.0
107,靜宜大學,一般大學,06131027,資訊管理學系,學士班(日間),439.0,84.0
107,靜宜大學,一般大學,06131027,資訊管理學系,碩士班(日間),22.0,13.0
107,靜宜大學,一般大學,06132009,資訊傳播工程學系,學士班(日間),467.0,79.0
107,靜宜大學,一般大學,06132009,資訊傳播工程學系,碩士班(日間),12.0,5.0
107,靜宜大學,一般大學,06134028,資訊學院資訊應用與科技管理碩士在職專班,碩士在職專班,17.0,3.0
107,靜宜大學,一般大學,07141030,資訊工程學系,學士班(日間),467.0,95.0
107,靜宜大學,一般大學,07141030,資訊工程學系,碩士班(日間),9.0,4.0
107,靜宜大學,一般大學,09161035,化粧品科學系,博士班,4.0,
107,靜宜大學,一般大學,09161035,化粧品科學系,學士班(日間),531.0,141.0
107,靜宜大學,一般大學,09161035,化粧品科學系,碩士在職專班,25.0,1.0
107,靜宜大學,一般大學,09161035,化粧品科學系,碩士班(日間),30.0,17.0
107,靜宜大學,一般大學,09231032,社會工作與兒童少年福利學系,學士班(日間),579.0,169.0
107,靜宜大學,一般大學,09231032,社會工作與兒童少年福利學系,碩士在職專班,37.0,9.0
107,靜宜大學,一般大學,09231032,社會工作與兒童少年福利學系,碩士班(日間),41.0,11.0
107,靜宜大學,一般大學,09299039,社會企業與文化創意碩士學位學程,碩士班(日間),13.0,
107,靜宜大學,一般大學,10151034,觀光事業學系,學士班(日間),777.0,172.0
107,靜宜大學,一般大學,10151034,觀光事業學系,碩士在職專班,37.0,5.0
107,靜宜大學,一般大學,10151034,觀光事業學系,碩士班(日間),19.0,4.0
108,中國醫藥大學,一般大學,04133029,醫務管理學系,學士班(日間),104.0,36.0
108,中國醫藥大學,一般大學,04133029,醫務管理學系,碩士在職專班,54.0,24.0
108,中國醫藥大學,一般大學,04133029,醫務管理學系,碩士班(日間),32.0,13.0
108,中國醫藥大學,一般大學,04133058,科技管理碩士學位學程,碩士班(日間),4.0,1.0
108,中國醫藥大學,一般大學,04212057,科技法律碩士學位學程,碩士班(日間),9.0,
108,中國醫藥大學,一般大學,05121043,生物科技學系,博士班,10.0,1.0
108,中國醫藥大學,一般大學,05121043,生物科技學系,學士班(日間),224.0,59.0
108,中國醫藥大學,一般大學,05121043,生物科技學系,碩士班(日間),15.0,7.0
108,中國醫藥大學,一般大學,05121043,生物科技產業博士學位學程,博士班,5.0,
108,中國醫藥大學,一般大學,05191021,營養學系,博士班,8.0,3.0
108,中國醫藥大學,一般大學,05191021,營養學系,學士班(日間),321.0,72.0
108,中國醫藥大學,一般大學,05191021,營養學系,碩士班(日間),42.0,17.0
108,中國醫藥大學,一般大學,07193031,生物醫學工程碩士學位學程,碩士班(日間),9.0,4.0
108,中國醫藥大學,一般大學,07193055,醫學工程與復健科技產業博士學位學程,博士班,6.0,
108,中國醫藥大學,一般大學,08411012,中獸醫碩士學位學程,碩士班(日間),7.0,1.0
108,中國醫藥大學,一般大學,09111019,牙醫學系,博士班,6.0,
108,中國醫藥大學,一般大學,09111019,牙醫學系,學士班(日間),312.0,51.0
108,中國醫藥大學,一般大學,09111019,牙醫學系,碩士班(日間),8.0,5.0
108,中國醫藥大學,一般大學,09111019,牙醫學系口腔醫學產業碩士班,碩士班(日間),8.0,2.0
108,中國醫藥大學,一般大學,09111030,口腔衛生學系,學士班(日間),6.0,1.0
108,中國醫藥大學,一般大學,09121003,生物醫學研究所,博士班,96.0,8.0
108,中國醫藥大學,一般大學,09121003,生物醫學研究所,碩士班(日間),53.0,22.0
108,中國醫藥大學,一般大學,09121004,臨床醫學研究所,博士班,22.0,12.0
108,中國醫藥大學,一般大學,09121006,基礎醫學研究所,博士班,8.0,4.0
108,中國醫藥大學,一般大學,09121006,基礎醫學研究所,碩士班(日間),2.0,1.0
108,中國醫藥大學,一般大學,09121014,中醫學系,博士班,51.0,14.0
108,中國醫藥大學,一般大學,09121014,中醫學系,學士班(日間),908.0,175.0
108,中國醫藥大學,一般大學,09121014,中醫學系,碩士班(日間),14.0,8.0
108,中國醫藥大學,一般大學,09121014,學士後中醫學系,學士班(日間),511.0,100.0
108,中國醫藥大學,一般大學,09121016,醫學系,學士班(日間),805.0,146.0
108,中國醫藥大學,一般大學,09121016,醫學系七年制,學士班(日間),13.0,
108,中國醫藥大學,一般大學,09121020,國際生物醫學碩士學位學程,碩士班(日間),11.0,4.0
108,中國醫藥大學,一般大學,09121023,老化醫學博士學位學程,博士班,15.0,3.0
108,中國醫藥大學,一般大學,09121025,轉譯醫學博士學位學程,博士班,1.0,
108,中國醫藥大學,一般大學,09121046,中西醫結合研究所,博士班,13.0,1.0
108,中國醫藥大學,一般大學,09121046,中西醫結合研究所,碩士班(日間),13.0,6.0
108,中國醫藥大學,一般大學,09121049,癌症生物與藥物研發博士學位學程,博士班,9.0,2.0
108,中國醫藥大學,一般大學,09121059,生醫科技產業博士學位學程,博士班,2.0,
108,中國醫藥大學,一般大學,09131024,二年制呼吸治療學系,學士班(進修),7.0,7.0
108,中國醫藥大學,一般大學,09131045,護理學系,學士班(日間),296.0,72.0
108,中國醫藥大學,一般大學,09131045,護理學系,學士班(進修),6.0,6.0
108,中國醫藥大學,一般大學,09131045,護理學系,碩士班(日間),50.0,10.0
108,中國醫藥大學,一般大學,09141017,醫學檢驗生物技術學系,學士班(日間),195.0,47.0
108,中國醫藥大學,一般大學,09141017,醫學檢驗生物技術學系,碩士班(日間),13.0,4.0
108,中國醫藥大學,一般大學,09141032,生物醫學影像暨放射科學學系,學士班(日間),216.0,53.0
108,中國醫藥大學,一般大學,09141032,生物醫學影像暨放射科學學系,碩士班(日間),8.0,5.0
108,中國醫藥大學,一般大學,09151010,物理治療學系,學士班(日間),245.0,50.0
108,中國醫藥大學,一般大學,09151010,物理治療學系復健科學碩士班,碩士班(日間),12.0,3.0
108,中國醫藥大學,一般大學,09159047,運動醫學系,學士班(日間),197.0,46.0
108,中國醫藥大學,一般大學,09161015,新藥開發研究所,博士班,9.0,
108,中國醫藥大學,一般大學,09161015,新藥開發研究所,碩士班(日間),5.0,
108,中國醫藥大學,一般大學,09161034,藥學系,博士班,21.0,4.0
108,中國醫藥大學,一般大學,09161034,藥學系,學士班(日間),1134.0,214.0
108,中國醫藥大學,一般大學,09161034,藥學系,碩士班(日間),25.0,10.0
108,中國醫藥大學,一般大學,09161039,中國藥學暨中藥資源學系,博士班,9.0,2.0
108,中國醫藥大學,一般大學,09161039,中國藥學暨中藥資源學系,學士班(日間),147.0,39.0
108,中國醫藥大學,一般大學,09161039,中國藥學暨中藥資源學系,碩士班(日間),12.0,6.0
108,中國醫藥大學,一般大學,09161042,藥用化妝品學系,學士班(日間),188.0,46.0
108,中國醫藥大學,一般大學,09161042,藥用化妝品學系,碩士班(日間),23.0,13.0
108,中國醫藥大學,一般大學,09161050,製藥碩士學位學程,碩士班(日間),22.0,11.0
108,中國醫藥大學,一般大學,09161051,生技製藥產業博士學位學程,博士班,7.0,
108,中國醫藥大學,一般大學,09171013,針灸研究所,博士班,13.0,3.0
108,中國醫藥大學,一般大學,09171013,針灸研究所,碩士班(日間),7.0,2.0
108,中國醫藥大學,一般大學,09171048,國際針灸碩士學位學程,碩士班(日間),7.0,2.0
108,中國醫藥大學,一般大學,09191008,健康風險管理學系,學士班(日間),3.0,2.0
108,中國醫藥大學,一般大學,09191026,公共衛生國際碩士學位學程,碩士班(日間),1.0,1.0
108,中國醫藥大學,一般大學,09191026,公共衛生學系,博士班,74.0,8.0
108,中國醫藥大學,一般大學,09191026,公共衛生學系,學士班(日間),149.0,40.0
108,中國醫藥大學,一般大學,09191026,公共衛生學系,碩士班(日間),53.0,31.0
108,中國醫藥大學,一般大學,09191056,公共衛生學院大一不分系,學士班(日間),136.0,
108,中國醫藥大學,一般大學,09199045,護理學系跨領域長期照護碩士在職專班,碩士在職專班,15.0,
108,中國醫藥大學,一般大學,09199053,食品暨藥物安全碩士學位學程,碩士班(日間),8.0,3.0
108,中國醫藥大學,一般大學,09199054,健康科技產業博士學位學程,博士班,5.0,
108,中國醫藥大學,一般大學,10221038,職業安全與衛生學系,學士班(日間),118.0,34.0
108,中國醫藥大學,一般大學,10221038,職業安全與衛生學系,碩士在職專班,21.0,6.0
108,中國醫藥大學,一般大學,10221038,職業安全與衛生學系,碩士班(日間),18.0,10.0
108,中山醫學大學,一般大學,02311003,應用外國語言學系,學士班(日間),181.0,39.0
108,中山醫學大學,一般大學,03131004,心理學系,學士班(日間),218.0,64.0
108,中山醫學大學,一般大學,03131004,心理學系臨床心理學碩士班,碩士班(日間),70.0,16.0
108,中山醫學大學,一般大學,04133006,醫療產業科技管理學系,學士班(日間),151.0,31.0
108,中山醫學大學,一般大學,04133006,醫療產業科技管理學系,碩士在職專班,15.0,14.0
108,中山醫學大學,一般大學,04133006,醫療產業科技管理學系,碩士班(日間),13.0,4.0
108,中山醫學大學,一般大學,05121012,生物醫學科學學系,學士班(日間),293.0,62.0
108,中山醫學大學,一般大學,05123013,生化微生物免疫研究所,博士班,21.0,2.0
108,中山醫學大學,一般大學,05123013,生化微生物免疫研究所,碩士在職專班,13.0,6.0
108,中山醫學大學,一般大學,05123013,生化微生物免疫研究所,碩士班(日間),25.0,14.0
108,中山醫學大學,一般大學,05124012,生物醫學科學學系,碩士班(日間),13.0,7.0
108,中山醫學大學,一般大學,05191026,營養學系,博士班,16.0,3.0
108,中山醫學大學,一般大學,05191026,營養學系,學士班(日間),359.0,95.0
108,中山醫學大學,一般大學,05191026,營養學系,碩士在職專班,3.0,3.0
108,中山醫學大學,一般大學,05191026,營養學系,碩士班(日間),37.0,22.0
108,中山醫學大學,一般大學,05399015,醫學應用化學系,學士班(日間),184.0,40.0
108,中山醫學大學,一般大學,05399015,醫學應用化學系,碩士班(日間),7.0,2.0
108,中山醫學大學,一般大學,06131033,醫學資訊學系,學士班(日間),153.0,32.0
108,中山醫學大學,一般大學,06131033,醫學資訊學系,碩士班(日間),14.0,4.0
108,中山醫學大學,一般大學,09111038,牙醫學系,博士班,8.0,4.0
108,中山醫學大學,一般大學,09111038,牙醫學系,學士班(日間),476.0,79.0
108,中山醫學大學,一般大學,09111038,牙醫學系,碩士班(日間),11.0,2.0
108,中山醫學大學,一般大學,09111039,口腔科學研究所,博士班,11.0,3.0
108,中山醫學大學,一般大學,09111039,口腔科學研究所,碩士班(日間),17.0,10.0
108,中山醫學大學,一般大學,09121018,醫學研究所,博士班,110.0,30.0
108,中山醫學大學,一般大學,09121018,醫學研究所,碩士班(日間),58.0,24.0
108,中山醫學大學,一般大學,09121018,醫學系,學士班(日間),814.0,147.0
108,中山醫學大學,一般大學,09121018,醫學系七年制,學士班(日間),8.0,
108,中山醫學大學,一般大學,09131028,護理學系,學士班(日間),444.0,109.0
108,中山醫學大學,一般大學,09131028,護理學系,碩士班(日間),61.0,13.0
108,中山醫學大學,一般大學,09131028,護理學系長期照護碩士在職專班,碩士在職專班,66.0,7.0
108,中山醫學大學,一般大學,09141030,醫學檢驗暨生物技術學系,學士班(日間),336.0,91.0
108,中山醫學大學,一般大學,09141030,醫學檢驗暨生物技術學系,碩士在職專班,5.0,5.0
108,中山醫學大學,一般大學,09141030,醫學檢驗暨生物技術學系,碩士班(日間),9.0,8.0
108,中山醫學大學,一般大學,09141030,醫學科技學院醫學檢驗暨生物技術學系澳門境外碩士在職專班,碩士在職專班,16.0,14.0
108,中山醫學大學,一般大學,09141031,醫學影像暨放射科學系,學士班(日間),311.0,82.0
108,中山醫學大學,一般大學,09141031,醫學影像暨放射科學系,碩士班(日間),14.0,3.0
108,中山醫學大學,一般大學,09141032,視光學系,學士班(日間),222.0,59.0
108,中山醫學大學,一般大學,09141032,視光學系,學士班(進修),116.0,36.0
108,中山醫學大學,一般大學,09141032,視光學系,碩士班(日間),22.0,8.0
108,中山醫學大學,一般大學,09151022,物理治療學系,學士班(日間),199.0,46.0
108,中山醫學大學,一般大學,09151022,物理治療學系,碩士班(日間),7.0,2.0
108,中山醫學大學,一般大學,09152023,職能治療學系,學士班(日間),205.0,50.0
108,中山醫學大學,一般大學,09152023,職能治療學系,碩士班(日間),12.0,2.0
108,中山醫學大學,一般大學,09153024,語言治療與聽力學系,學士班(日間),386.0,87.0
108,中山醫學大學,一般大學,09153024,語言治療與聽力學系,碩士班(日間),36.0,7.0
108,中山醫學大學,一般大學,09191020,公共衛生學系,博士班,23.0,2.0
108,中山醫學大學,一般大學,09191020,公共衛生學系,學士班(日間),243.0,52.0
108,中山醫學大學,一般大學,09191020,公共衛生學系,碩士班(日間),20.0,6.0
108,中山醫學大學,一般大學,09199048,健康管理學院國際健康產業經營管理碩士在職專班,碩士在職專班,64.0,15.0
108,中山醫學大學,一般大學,09231045,醫學社會暨社會工作學系,學士班(日間),360.0,89.0
108,中山醫學大學,一般大學,09231045,醫學社會暨社會工作學系,碩士班(日間),24.0,3.0
108,中山醫學大學,一般大學,10131046,健康餐飲暨產業管理學系,學士班(日間),176.0,46.0
108,中山醫學大學,一般大學,10131046,健康餐飲暨產業管理學系,碩士班(日間),13.0,5.0
108,中山醫學大學,一般大學,10221021,職業安全衛生學系,學士班(日間),191.0,42.0
108,中山醫學大學,一般大學,10221021,職業安全衛生學系,碩士在職專班,20.0,10.0
108,中山醫學大學,一般大學,10221021,職業安全衛生學系,碩士班(日間),13.0,11.0
108,中臺科技大學,技專校院,01111009,文教事業經營研究所,碩士在職專班,59.0,20.0
108,中臺科技大學,技專校院,01111009,文教事業經營研究所,碩士班(日間),15.0,6.0
108,中臺科技大學,技專校院,01121001,兒童教育暨事業經營系,學士班(日間),312.0,76.0
108,中臺科技大學,技專校院,01121001,兒童教育暨事業經營系,學士班(進修),288.0,75.0
108,中臺科技大學,技專校院,02311002,應用外語系,學士班(日間),298.0,54.0
108,中臺科技大學,技專校院,02311002,應用外語系,學士班(進修),66.0,18.0
108,中臺科技大學,技專校院,04131003,國際企業系,學士班(日間),173.0,44.0
108,中臺科技大學,技專校院,04131003,國際企業系,學士班(進修),54.0,18.0
108,中臺科技大學,技專校院,04133008,醫療暨健康產業管理系,學士班(日間),390.0,92.0
108,中臺科技大學,技專校院,04133008,醫療暨健康產業管理系,學士班(進修),114.0,22.0
108,中臺科技大學,技專校院,04133008,醫療暨健康產業管理系,碩士在職專班,54.0,33.0
108,中臺科技大學,技專校院,04133008,醫療暨健康產業管理系,碩士班(日間),12.0,1.0
108,中臺科技大學,技專校院,04143004,行銷管理系,學士班(日間),358.0,78.0
108,中臺科技大學,技專校院,04143004,行銷管理系,學士班(進修),121.0,18.0
108,中臺科技大學,技專校院,06131012,資訊管理系,學士班(日間),311.0,86.0
108,中臺科技大學,技專校院,06131012,資訊管理系,學士班(進修),91.0,19.0
108,中臺科技大學,技專校院,07121013,環境與安全衛生工程系,學士班(日間),235.0,53.0
108,中臺科技大學,技專校院,07121013,環境與安全衛生工程系,學士班(進修),105.0,26.0
108,中臺科技大學,技專校院,07121013,環境與安全衛生工程系,碩士班(日間),14.0,5.0
108,中臺科技大學,技專校院,07193014,生物科技暨醫學工程研究所,碩士班(日間),6.0,2.0
108,中臺科技大學,技專校院,07211017,食品科技系,學士班(日間),451.0,107.0
108,中臺科技大學,技專校院,07211017,食品科技系,學士班(進修),299.0,59.0
108,中臺科技大學,技專校院,07211017,食品科技系,碩士班(日間),5.0,1.0
108,中臺科技大學,技專校院,09111033,牙體技術暨材料系,學士班(日間),531.0,148.0
108,中臺科技大學,技專校院,09111033,牙體技術暨材料系,碩士班(日間),6.0,2.0
108,中臺科技大學,技專校院,09131020,護理系,學士班(日間),738.0,207.0
108,中臺科技大學,技專校院,09131020,護理系,學士班(進修),1124.0,267.0
108,中臺科技大學,技專校院,09131020,護理系,碩士在職專班,81.0,13.0
108,中臺科技大學,技專校院,09131020,護理系,碩士班(日間),29.0,4.0
108,中臺科技大學,技專校院,09141028,醫學檢驗生物技術系,學士班(日間),519.0,148.0
108,中臺科技大學,技專校院,09141028,醫學檢驗生物技術系,碩士班(日間),10.0,
108,中臺科技大學,技專校院,09141029,醫學影像暨放射科學系,博士班,14.0,4.0
108,中臺科技大學,技專校院,09141029,醫學影像暨放射科學系,學士班(日間),528.0,110.0
108,中臺科技大學,技專校院,09141029,醫學影像暨放射科學系,碩士在職專班,22.0,13.0
108,中臺科技大學,技專校院,09141029,醫學影像暨放射科學系,碩士班(日間),10.0,1.0
108,中臺科技大學,技專校院,09141030,視光系,學士班(日間),293.0,61.0
108,中臺科技大學,技專校院,09141030,視光系,學士班(進修),157.0,53.0
108,中臺科技大學,技專校院,09211034,老人照顧科,二專(日間),,18.0
108,中臺科技大學,技專校院,09211034,老人照顧系,二專(日間),43.0,
108,中臺科技大學,技專校院,09211034,老人照顧系,學士班(日間),272.0,49.0
108,中臺科技大學,技專校院,09211034,老人照顧系,學士班(進修),124.0,30.0
108,中臺科技大學,技專校院,09212024,長期照顧碩士學位學程,碩士在職專班,70.0,18.0
108,亞洲大學,一般大學,01121001,幼兒教育學系,學士班(日間),377.0,93.0
108,亞洲大學,一般大學,02112006,視覺傳達設計學系,學士班(日間),443.0,121.0
108,亞洲大學,一般大學,02112006,視覺傳達設計學系,碩士班(日間),22.0,6.0
108,亞洲大學,一般大學,02112007,數位媒體設計學系,博士班,49.0,9.0
108,亞洲大學,一般大學,02112007,數位媒體設計學系,學士班(日間),454.0,116.0
108,亞洲大學,一般大學,02112007,數位媒體設計學系,碩士班(日間),19.0,2.0
108,亞洲大學,一般大學,02112058,創新產業博士學位學程,博士班,2.0,
108,亞洲大學,一般大學,02122004,時尚設計學系,學士班(日間),377.0,77.0
108,亞洲大學,一般大學,02122005,創意設計學院不分系國際設計學士班,學士班(日間),57.0,7.0
108,亞洲大學,一般大學,02123011,創意商品設計學系,學士班(日間),413.0,95.0
108,亞洲大學,一般大學,02123011,創意商品設計學系,學士班(進修),147.0,33.0
108,亞洲大學,一般大學,02123011,創意商品設計學系,碩士班(日間),12.0,2.0
108,亞洲大學,一般大學,02124012,室內設計學系,學士班(日間),213.0,51.0
108,亞洲大學,一般大學,02311002,外國語文學系,學士班(日間),384.0,117.0
108,亞洲大學,一般大學,02311002,外國語文學系,碩士班(日間),24.0,9.0
108,亞洲大學,一般大學,03131013,心理學系,學士班(日間),488.0,118.0
108,亞洲大學,一般大學,03131013,心理學系,碩士班(日間),140.0,17.0
108,亞洲大學,一般大學,03213014,資訊傳播學系,學士班(日間),403.0,94.0
108,亞洲大學,一般大學,03213014,資訊傳播學系,碩士班(日間),19.0,11.0
108,亞洲大學,一般大學,04111015,會計與資訊學系,學士班(日間),312.0,88.0
108,亞洲大學,一般大學,04111015,會計與資訊學系,碩士班(日間),18.0,4.0
108,亞洲大學,一般大學,04121019,財務金融學系,學士班(日間),415.0,120.0
108,亞洲大學,一般大學,04121019,財務金融學系,學士班(進修),1.0,1.0
108,亞洲大學,一般大學,04121019,財務金融學系,碩士在職專班,32.0,29.0
108,亞洲大學,一般大學,04121019,財務金融學系,碩士班(日間),11.0,5.0
108,亞洲大學,一般大學,04121020,國際財務金融管理學士學位學程,學士班(日間),31.0,2.0
108,亞洲大學,一般大學,04131017,經營管理學系,博士班,77.0,12.0
108,亞洲大學,一般大學,04131017,經營管理學系,學士班(日間),592.0,141.0
108,亞洲大學,一般大學,04131017,經營管理學系,學士班(進修),48.0,4.0
108,亞洲大學,一般大學,04131017,經營管理學系,碩士在職專班,110.0,66.0
108,亞洲大學,一般大學,04131017,經營管理學系,碩士班(日間),68.0,26.0
108,亞洲大學,一般大學,04131054,創新與創業管理碩士學位學程,碩士班(日間),25.0,11.0
108,亞洲大學,一般大學,04131055,EMBA高階經理碩士在職學位學程,碩士在職專班,43.0,19.0
108,亞洲大學,一般大學,04131059,智慧健康先進管理技術博士學位學程,博士班,3.0,
108,亞洲大學,一般大學,04199018,新興產業策略與發展博士學位學程,博士班,25.0,2.0
108,亞洲大學,一般大學,04199026,管理學院進修學士學位學程,學士班(進修),357.0,68.0
108,亞洲大學,一般大學,04212027,財經法律學系,學士班(日間),381.0,89.0
108,亞洲大學,一般大學,04212027,財經法律學系,碩士班(日間),38.0,2.0
108,亞洲大學,一般大學,05121028,生物科技學系,學士班(日間),302.0,83.0
108,亞洲大學,一般大學,05121028,生物科技學系,碩士班(日間),19.0,8.0
108,亞洲大學,一般大學,05191053,食品營養與保健生技學系,學士班(日間),381.0,94.0
108,亞洲大學,一般大學,05191053,食品營養與保健生技學系,學士班(進修),212.0,48.0
108,亞洲大學,一般大學,05191053,食品營養與保健生技學系,碩士班(日間),31.0,11.0
108,亞洲大學,一般大學,06111057,人工智慧博士學位學程,博士班,3.0,
108,亞洲大學,一般大學,06134033,行動商務與多媒體應用學系,學士班(日間),344.0,83.0
108,亞洲大學,一般大學,06134033,行動商務與多媒體應用學系,碩士班(日間),12.0,6.0
108,亞洲大學,一般大學,06134037,資訊工程學系,博士班,27.0,1.0
108,亞洲大學,一般大學,06134037,資訊工程學系,學士班(日間),318.0,64.0
108,亞洲大學,一般大學,06134037,資訊工程學系,碩士在職專班,42.0,20.0
108,亞洲大學,一般大學,06134037,資訊工程學系,碩士班(日間),38.0,15.0
108,亞洲大學,一般大學,07141040,光電與通訊學系,學士班(日間),174.0,35.0
108,亞洲大學,一般大學,07141040,光電與通訊學系,碩士在職專班,10.0,9.0
108,亞洲大學,一般大學,07141040,光電與通訊學系,碩士班(日間),8.0,2.0
108,亞洲大學,一般大學,07193029,生物資訊與醫學工程學系,博士班,15.0,
108,亞洲大學,一般大學,07193029,生物資訊與醫學工程學系,學士班(日間),141.0,34.0
108,亞洲大學,一般大學,07193029,生物資訊與醫學工程學系,碩士在職專班,20.0,7.0
108,亞洲大學,一般大學,07193029,生物資訊與醫學工程學系,碩士班(日間),8.0,4.0
108,亞洲大學,一般大學,08411045,學士後獸醫學系,學士班(日間),150.0,26.0
108,亞洲大學,一般大學,09131046,護理學系,學士班(日間),423.0,100.0
108,亞洲大學,一般大學,09131046,護理學系,碩士班(日間),8.0,
108,亞洲大學,一般大學,09141047,視光學系,學士班(日間),270.0,37.0
108,亞洲大學,一般大學,09151056,物理治療學系,學士班(日間),32.0,
108,亞洲大學,一般大學,09152052,職能治療學系,學士班(日間),195.0,41.0
108,亞洲大學,一般大學,09153051,聽力暨語言治療學系,學士班(日間),191.0,35.0
108,亞洲大學,一般大學,09191021,健康產業管理學系,博士班,40.0,7.0
108,亞洲大學,一般大學,09191021,健康產業管理學系,學士班(日間),361.0,85.0
108,亞洲大學,一般大學,09191021,健康產業管理學系,碩士在職專班,87.0,13.0
108,亞洲大學,一般大學,09191021,健康產業管理學系,碩士班(日間),43.0,8.0
108,亞洲大學,一般大學,09231048,社會工作學系,學士班(日間),417.0,100.0
108,亞洲大學,一般大學,09231048,社會工作學系,學士班(進修),134.0,23.0
108,亞洲大學,一般大學,09231048,社會工作學系,碩士班(日間),46.0,16.0
108,亞洲大學,一般大學,10151049,休閒與遊憩管理學系,學士班(日間),451.0,104.0
108,亞洲大學,一般大學,10151049,休閒與遊憩管理學系,學士班(進修),11.0,7.0
108,亞洲大學,一般大學,10151049,休閒與遊憩管理學系,碩士在職專班,64.0,46.0
108,亞洲大學,一般大學,10151049,休閒與遊憩管理學系,碩士班(日間),31.0,4.0
108,修平學校財團法人修平科技大學,技專校院,02112005,數位媒體設計系,學士班(日間),260.0,70.0
108,修平學校財團法人修平科技大學,技專校院,02311003,應用英語科,附設進專,1.0,
108,修平學校財團法人修平科技大學,技專校院,02311003,應用英語系,學士班(日間),192.0,47.0
108,修平學校財團法人修平科技大學,技專校院,02311003,應用英語系,附設進院,30.0,
108,修平學校財團法人修平科技大學,技專校院,02311004,應用日語科,附設進專,38.0,10.0
108,修平學校財團法人修平科技大學,技專校院,02311004,應用日語系,學士班(日間),306.0,69.0
108,修平學校財團法人修平科技大學,技專校院,02311004,應用日語系,附設進院,30.0,
108,修平學校財團法人修平科技大學,技專校院,04121011,應用財務金融系,學士班(日間),22.0,16.0
108,修平學校財團法人修平科技大學,技專校院,04131009,國際企業經營科,附設進專,2.0,
108,修平學校財團法人修平科技大學,技專校院,04131009,國際企業經營系,學士班(日間),219.0,56.0
108,修平學校財團法人修平科技大學,技專校院,04131009,國際企業經營系,學士班(進修),122.0,31.0
108,修平學校財團法人修平科技大學,技專校院,04131009,國際企業經營系,附設進院,102.0,52.0
108,修平學校財團法人修平科技大學,技專校院,04132013,行銷與流通管理系,學士班(日間),308.0,85.0
108,修平學校財團法人修平科技大學,技專校院,04132013,行銷與流通管理系,學士班(進修),119.0,22.0
108,修平學校財團法人修平科技大學,技專校院,04199015,人力資源管理與發展系,學士班(日間),173.0,55.0
108,修平學校財團法人修平科技大學,技專校院,04199015,人力資源管理與發展系,碩士班(日間),31.0,10.0
108,修平學校財團法人修平科技大學,技專校院,06121018,資訊網路技術系,學士班(日間),155.0,49.0
108,修平學校財團法人修平科技大學,技專校院,06131017,資訊管理系,學士班(日間),183.0,54.0
108,修平學校財團法人修平科技大學,技專校院,06131017,資訊管理系,學士班(進修),124.0,14.0
108,修平學校財團法人修平科技大學,技專校院,07132028,能源與材料科技系,學士班(日間),20.0,17.0
108,修平學校財團法人修平科技大學,技專校院,07141019,電機工程科,附設進專,22.0,16.0
108,修平學校財團法人修平科技大學,技專校院,07141019,電機工程系,學士班(日間),189.0,51.0
108,修平學校財團法人修平科技大學,技專校院,07141019,電機工程系,學士班(進修),187.0,16.0
108,修平學校財團法人修平科技大學,技專校院,07141019,電機工程系,碩士班(日間),17.0,6.0
108,修平學校財團法人修平科技大學,技專校院,07141019,電機工程系,附設進院,77.0,35.0
108,修平學校財團法人修平科技大學,技專校院,07141020,電子工程系,學士班(日間),200.0,48.0
108,修平學校財團法人修平科技大學,技專校院,07141020,電子工程系,學士班(進修),88.0,
108,修平學校財團法人修平科技大學,技專校院,07151021,機械工程科,附設進專,38.0,36.0
108,修平學校財團法人修平科技大學,技專校院,07151021,機械工程系,學士班(日間),504.0,73.0
108,修平學校財團法人修平科技大學,技專校院,07151021,機械工程系,學士班(進修),510.0,49.0
108,修平學校財團法人修平科技大學,技專校院,07151021,機械工程系,附設進院,88.0,28.0
108,修平學校財團法人修平科技大學,技專校院,07151021,機械工程系精密機械與製造科技碩士班,碩士班(日間),6.0,3.0
108,修平學校財團法人修平科技大學,技專校院,07191026,工業工程與管理系,學士班(日間),175.0,44.0
108,修平學校財團法人修平科技大學,技專校院,07191026,工業工程與管理系,學士班(進修),126.0,22.0
108,修平學校財團法人修平科技大學,技專校院,07191026,工業工程與管理系,附設進院,58.0,27.0
108,修平學校財團法人修平科技大學,技專校院,07191026,工業工程與管理系_精實生產國際學生產學合作專班,學士班(日間),39.0,
108,修平學校財團法人修平科技大學,技專校院,07191026,工業工程與管理系精實生產管理碩士在職專班,碩士在職專班,6.0,3.0
108,修平學校財團法人修平科技大學,技專校院,07191026,工業工程與管理系精實生產管理碩士班,碩士班(日間),4.0,3.0
108,修平學校財團法人修平科技大學,技專校院,10151029,觀光與遊憩管理系,學士班(日間),299.0,66.0
108,僑光科技大學,技專校院,02122004,生活創意設計系,學士班(日間),424.0,101.0
108,僑光科技大學,技專校院,02122004,生活創意設計系,學士班(進修),375.0,72.0
108,僑光科技大學,技專校院,02123005,電腦輔助工業設計系,學士班(日間),419.0,112.0
108,僑光科技大學,技專校院,02123005,電腦輔助工業設計系,學士班(進修),207.0,46.0
108,僑光科技大學,技專校院,02123005,電腦輔助工業設計系_工具機整合設計國際學生產學合作專班,學士班(日間),36.0,
108,僑光科技大學,技專校院,02123005,電腦輔助工業設計系_精密機械加工與設計專班,學士班(日間),37.0,
108,僑光科技大學,技專校院,02123005,電腦輔助工業設計系_精密機械加工與設計專班,學士班(進修),44.0,23.0
108,僑光科技大學,技專校院,02311003,應用英語系,學士班(日間),462.0,98.0
108,僑光科技大學,技專校院,02311003,應用英語系,學士班(進修),138.0,
108,僑光科技大學,技專校院,04121013,財務金融系,學士班(日間),493.0,134.0
108,僑光科技大學,技專校院,04121013,財務金融系,學士班(進修),220.0,39.0
108,僑光科技大學,技專校院,04121013,財務金融系,碩士班(日間),26.0,8.0
108,僑光科技大學,技專校院,04131009,企業管理系,學士班(日間),447.0,112.0
108,僑光科技大學,技專校院,04131009,企業管理系,學士班(進修),467.0,85.0
108,僑光科技大學,技專校院,04131009,企業管理系,碩士在職專班,30.0,10.0
108,僑光科技大學,技專校院,04131009,企業管理系,碩士班(日間),28.0,10.0
108,僑光科技大學,技專校院,04131009,企業管理系_工商管理,學士班(日間),20.0,1.0
108,僑光科技大學,技專校院,04132016,行銷與流通管理系,學士班(日間),671.0,118.0
108,僑光科技大學,技專校院,04132016,行銷與流通管理系,學士班(進修),489.0,92.0
108,僑光科技大學,技專校院,04141011,國際貿易系,學士班(日間),454.0,117.0
108,僑光科技大學,技專校院,04141011,國際貿易系,學士班(進修),199.0,32.0
108,僑光科技大學,技專校院,04212018,財經法律系,學士班(日間),264.0,70.0
108,僑光科技大學,技專校院,04212018,財經法律系,學士班(進修),205.0,39.0
108,僑光科技大學,技專校院,04212018,財經法律系學士後多元專長培力課程,學士班(進修),9.0,6.0
108,僑光科技大學,技專校院,06131019,資訊科技系,學士班(日間),399.0,82.0
108,僑光科技大學,技專校院,06131019,資訊科技系,學士班(進修),450.0,88.0
108,僑光科技大學,技專校院,06133021,多媒體與遊戲設計系,學士班(日間),465.0,105.0
108,僑光科技大學,技專校院,06133021,多媒體與遊戲設計系,學士班(進修),199.0,34.0
108,僑光科技大學,技專校院,07191022,工業工程與管理系,學士班(進修),1.0,1.0
108,僑光科技大學,技專校院,10131024,餐飲管理系,學士班(日間),725.0,183.0
108,僑光科技大學,技專校院,10131024,餐飲管理系,學士班(進修),538.0,92.0
108,僑光科技大學,技專校院,10131024,餐飲管理系_雙軌旗艦餐飲門市管理,學士班(日間),1.0,1.0
108,僑光科技大學,技專校院,10131025,旅館與會展管理系,學士班(日間),437.0,109.0
108,僑光科技大學,技專校院,10131025,旅館與會展管理系,學士班(進修),316.0,58.0
108,僑光科技大學,技專校院,10151026,觀光與休閒事業管理系,學士班(日間),698.0,162.0
108,僑光科技大學,技專校院,10151026,觀光與休閒事業管理系,學士班(進修),663.0,139.0
108,國立中興大學,一般大學,01111001,教師專業發展研究所,碩士班(日間),38.0,6.0
108,國立中興大學,一般大學,02221007,歷史學系,博士班,32.0,1.0
108,國立中興大學,一般大學,02221007,歷史學系,學士班(日間),241.0,60.0
108,國立中興大學,一般大學,02221007,歷史學系,碩士在職專班,14.0,
108,國立中興大學,一般大學,02221007,歷史學系,碩士班(日間),36.0,6.0
108,國立中興大學,一般大學,02299008,文化創意產業學士學位學程,學士班(進修),163.0,56.0
108,國立中興大學,一般大學,02311006,外國語文學系,學士班(日間),259.0,55.0
108,國立中興大學,一般大學,02311006,外國語文學系,學士班(進修),230.0,53.0
108,國立中興大學,一般大學,02311006,外國語文學系,碩士班(日間),24.0,4.0
108,國立中興大學,一般大學,02321003,台灣文學與跨國文化研究所,碩士在職專班,31.0,4.0
108,國立中興大學,一般大學,02321003,台灣文學與跨國文化研究所,碩士班(日間),36.0,8.0
108,國立中興大學,一般大學,02321003,台灣文學與跨國文化研究所教師在職進修碩士學位班,碩士在職專班,4.0,1.0
108,國立中興大學,一般大學,02321004,台灣與跨文化研究國際博士學位學程,博士班,11.0,
108,國立中興大學,一般大學,02322005,中國文學系,博士班,34.0,3.0
108,國立中興大學,一般大學,02322005,中國文學系,學士班(日間),238.0,52.0
108,國立中興大學,一般大學,02322005,中國文學系,學士班(進修),171.0,29.0
108,國立中興大學,一般大學,02322005,中國文學系,碩士在職專班,39.0,15.0
108,國立中興大學,一般大學,02322005,中國文學系,碩士班(日間),64.0,20.0
108,國立中興大學,一般大學,03111009,應用經濟學系,博士班,31.0,4.0
108,國立中興大學,一般大學,03111009,應用經濟學系,學士班(日間),230.0,69.0
108,國立中興大學,一般大學,03111009,應用經濟學系,碩士在職專班,34.0,14.0
108,國立中興大學,一般大學,03111009,應用經濟學系,碩士班(日間),34.0,19.0
108,國立中興大學,一般大學,03122010,國際政治研究所,博士班,23.0,3.0
108,國立中興大學,一般大學,03122010,國際政治研究所,碩士在職專班,56.0,12.0
108,國立中興大學,一般大學,03122010,國際政治研究所,碩士班(日間),45.0,13.0
108,國立中興大學,一般大學,03222013,圖書資訊學研究所,碩士班(日間),35.0,6.0
108,國立中興大學,一般大學,04111015,會計學系,學士班(日間),183.0,45.0
108,國立中興大學,一般大學,04111015,會計學系,碩士班(日間),43.0,22.0
108,國立中興大學,一般大學,04121019,財務金融學系,博士班,16.0,4.0
108,國立中興大學,一般大學,04121019,財務金融學系,學士班(日間),253.0,67.0
108,國立中興大學,一般大學,04121019,財務金融學系,碩士班(日間),58.0,24.0
108,國立中興大學,一般大學,04131016,企業管理學系,博士班,24.0,
108,國立中興大學,一般大學,04131016,企業管理學系,學士班(日間),252.0,61.0
108,國立中興大學,一般大學,04131016,企業管理學系,碩士班(日間),63.0,30.0
108,國立中興大學,一般大學,04131018,創新產業經營學士學位學程,學士班(進修),170.0,38.0
108,國立中興大學,一般大學,04131097,運動與健康管理研究所,碩士班(日間),30.0,7.0
108,國立中興大學,一般大學,04134011,國家政策與公共事務研究所,碩士在職專班,68.0,28.0
108,國立中興大學,一般大學,04134011,國家政策與公共事務研究所,碩士班(日間),23.0,2.0
108,國立中興大學,一般大學,04143020,行銷學系,學士班(日間),210.0,51.0
108,國立中興大學,一般大學,04143020,行銷學系,碩士班(日間),49.0,20.0
108,國立中興大學,一般大學,04199012,全球事務研究跨洲碩士學位學程,碩士班(日間),43.0,12.0
108,國立中興大學,一般大學,04199021,科技管理研究所,博士班,31.0,2.0
108,國立中興大學,一般大學,04199021,科技管理研究所科技管理碩士班,碩士班(日間),53.0,20.0
108,國立中興大學,一般大學,04199021,科技管理研究所電子商務碩士班,碩士班(日間),40.0,20.0
108,國立中興大學,一般大學,04199022,高階經理人碩士在職專班,碩士在職專班,281.0,123.0
108,國立中興大學,一般大學,04199022,高階經理人碩士在職專班中科碩士在職專班,碩士在職專班,1.0,1.0
108,國立中興大學,一般大學,04211023,法律學系,學士班(日間),162.0,38.0
108,國立中興大學,一般大學,04211023,法律學系,碩士在職專班,116.0,22.0
108,國立中興大學,一般大學,04211023,法律學系,碩士班(日間),76.0,12.0
108,國立中興大學,一般大學,05111026,生命科學碩士在職專班,碩士在職專班,45.0,9.0
108,國立中興大學,一般大學,05111026,生命科學系,博士班,36.0,5.0
108,國立中興大學,一般大學,05111026,生命科學系,學士班(日間),378.0,95.0
108,國立中興大學,一般大學,05111026,生命科學系,碩士班(日間),126.0,33.0
108,國立中興大學,一般大學,05111029,昆蟲學系,博士班,17.0,4.0
108,國立中興大學,一般大學,05111029,昆蟲學系,學士班(日間),205.0,47.0
108,國立中興大學,一般大學,05111029,昆蟲學系,碩士班(日間),39.0,12.0
108,國立中興大學,一般大學,05121027,生物科技學研究所,博士班,71.0,16.0
108,國立中興大學,一般大學,05121027,生物科技學研究所,碩士班(日間),49.0,20.0
108,國立中興大學,一般大學,05121031,生物科技學士學位學程,學士班(日間),120.0,30.0
108,國立中興大學,一般大學,05121033,分子生物學研究所,博士班,10.0,4.0
108,國立中興大學,一般大學,05121033,分子生物學研究所,碩士班(日間),52.0,15.0
108,國立中興大學,一般大學,05121035,生物醫學研究所,博士班,28.0,3.0
108,國立中興大學,一般大學,05121035,生物醫學研究所,碩士班(日間),32.0,14.0
108,國立中興大學,一般大學,05121037,基因體暨生物資訊學研究所,碩士班(日間),22.0,8.0
108,國立中興大學,一般大學,05123034,生物化學研究所,博士班,4.0,
108,國立中興大學,一般大學,05123034,生物化學研究所,碩士班(日間),35.0,11.0
108,國立中興大學,一般大學,05124038,微生物基因體學博士學位學程,博士班,24.0,3.0
108,國立中興大學,一般大學,05292082,水土保持學系,博士班,30.0,4.0
108,國立中興大學,一般大學,05292082,水土保持學系,學士班(日間),222.0,58.0
108,國立中興大學,一般大學,05292082,水土保持學系,碩士在職專班,54.0,16.0
108,國立中興大學,一般大學,05292082,水土保持學系,碩士班(日間),51.0,21.0
108,國立中興大學,一般大學,05311039,化學系,博士班,18.0,7.0
108,國立中興大學,一般大學,05311039,化學系,學士班(日間),212.0,45.0
108,國立中興大學,一般大學,05311039,化學系,碩士班(日間),148.0,68.0
108,國立中興大學,一般大學,05331040,物理學系,博士班,18.0,1.0
108,國立中興大學,一般大學,05331040,物理學系,學士班(日間),240.0,66.0
108,國立中興大學,一般大學,05331040,物理學系,碩士班(日間),37.0,13.0
108,國立中興大學,一般大學,05331040,物理學系(奈米電子與光電能源)中科碩士在職專班,碩士在職專班,2.0,
108,國立中興大學,一般大學,05331040,物理學系生物物理學碩士班,碩士班(日間),3.0,1.0
108,國立中興大學,一般大學,05331058,奈米科學研究所,碩士班(日間),40.0,18.0
108,國立中興大學,一般大學,05411041,應用數學系,博士班,12.0,1.0
108,國立中興大學,一般大學,05411041,應用數學系,學士班(日間),334.0,97.0
108,國立中興大學,一般大學,05411041,應用數學系,碩士在職專班,48.0,14.0
108,國立中興大學,一般大學,05411041,應用數學系,碩士班(日間),17.0,4.0
108,國立中興大學,一般大學,05411041,應用數學系計算科學碩士班,碩士班(日間),36.0,14.0
108,國立中興大學,一般大學,05421042,統計學研究所,碩士班(日間),35.0,15.0
108,國立中興大學,一般大學,05499101,大數據產學研發博士學位學程,博士班,3.0,
108,國立中興大學,一般大學,06131043,資訊管理學系,學士班(日間),139.0,32.0
108,國立中興大學,一般大學,06131043,資訊管理學系,碩士在職專班,65.0,15.0
108,國立中興大學,一般大學,06131043,資訊管理學系,碩士班(日間),75.0,29.0
108,國立中興大學,一般大學,06131048,資訊科學與工程學系,博士班,32.0,
108,國立中興大學,一般大學,06131048,資訊科學與工程學系,學士班(日間),176.0,46.0
108,國立中興大學,一般大學,06131048,資訊科學與工程學系,碩士在職專班,92.0,16.0
108,國立中興大學,一般大學,06131048,資訊科學與工程學系,碩士班(日間),147.0,65.0
108,國立中興大學,一般大學,06131048,資訊科學與工程學系中科碩士在職專班,碩士在職專班,4.0,1.0
108,國立中興大學,一般大學,06132100,人工智慧與資料科學碩士在職學位學程,碩士在職專班,22.0,
108,國立中興大學,一般大學,07111055,化學工程學系,博士班,8.0,1.0
108,國立中興大學,一般大學,07111055,化學工程學系,學士班(日間),184.0,38.0
108,國立中興大學,一般大學,07111055,化學工程學系,碩士在職專班,48.0,10.0
108,國立中興大學,一般大學,07111055,化學工程學系,碩士班(日間),120.0,54.0
108,國立中興大學,一般大學,07111055,化學工程學系中科碩士在職專班,碩士在職專班,1.0,1.0
108,國立中興大學,一般大學,07112057,材料科學與工程學系,博士班,34.0,4.0
108,國立中興大學,一般大學,07112057,材料科學與工程學系,學士班(日間),194.0,49.0
108,國立中興大學,一般大學,07112057,材料科學與工程學系,碩士在職專班,100.0,22.0
108,國立中興大學,一般大學,07112057,材料科學與工程學系,碩士班(日間),105.0,46.0
108,國立中興大學,一般大學,07112099,光電材料產業碩士專班,碩士班(日間),3.0,1.0
108,國立中興大學,一般大學,07121059,環境工程學系,博士班,24.0,5.0
108,國立中興大學,一般大學,07121059,環境工程學系,學士班(日間),202.0,53.0
108,國立中興大學,一般大學,07121059,環境工程學系,碩士在職專班,96.0,21.0
108,國立中興大學,一般大學,07121059,環境工程學系,碩士班(日間),85.0,41.0
108,國立中興大學,一般大學,07141045,電機工程學系,博士班,44.0,7.0
108,國立中興大學,一般大學,07141045,電機工程學系,學士班(日間),373.0,78.0
108,國立中興大學,一般大學,07141045,電機工程學系,碩士在職專班,105.0,21.0
108,國立中興大學,一般大學,07141045,電機工程學系,碩士班(日間),174.0,66.0
108,國立中興大學,一般大學,07141046,光電工程研究所,碩士班(日間),31.0,15.0
108,國立中興大學,一般大學,07141049,通訊工程研究所,碩士班(日間),32.0,12.0
108,國立中興大學,一般大學,07141104,電子系統產業碩士專班,碩士班(日間),,2.0
108,國立中興大學,一般大學,07141105,電機控制產業碩士專班,碩士班(日間),,3.0
108,國立中興大學,一般大學,07141C02,光電半導體技術產業碩士專班,碩士班(日間),7.0,4.0
108,國立中興大學,一般大學,07141C10,電子系統產業碩士專班,碩士班(日間),5.0,
108,國立中興大學,一般大學,07141C23,電機控制產業碩士專班,碩士班(日間),6.0,
108,國立中興大學,一般大學,07151050,機械工程學系,博士班,16.0,
108,國立中興大學,一般大學,07151050,機械工程學系,學士班(日間),382.0,86.0
108,國立中興大學,一般大學,07151050,機械工程學系,碩士在職專班,101.0,7.0
108,國立中興大學,一般大學,07151050,機械工程學系,碩士班(日間),194.0,66.0
108,國立中興大學,一般大學,07151051,精密工程研究所,博士班,10.0,4.0
108,國立中興大學,一般大學,07151051,精密工程研究所,碩士在職專班,26.0,1.0
108,國立中興大學,一般大學,07151051,精密工程研究所,碩士班(日間),57.0,27.0
108,國立中興大學,一般大學,07151051,精密工程研究所中科碩士在職專班,碩士在職專班,2.0,
108,國立中興大學,一般大學,07151052,生物產業機電工程學系,博士班,19.0,
108,國立中興大學,一般大學,07151052,生物產業機電工程學系,學士班(日間),223.0,56.0
108,國立中興大學,一般大學,07151052,生物產業機電工程學系,碩士班(日間),55.0,27.0
108,國立中興大學,一般大學,07193060,生醫工程研究所,碩士班(日間),32.0,9.0
108,國立中興大學,一般大學,07211081,食品暨應用生物科技學系,博士班,25.0,2.0
108,國立中興大學,一般大學,07211081,食品暨應用生物科技學系,學士班(日間),212.0,46.0
108,國立中興大學,一般大學,07211081,食品暨應用生物科技學系,碩士在職專班,42.0,13.0
108,國立中興大學,一般大學,07211081,食品暨應用生物科技學系,碩士班(日間),92.0,35.0
108,國立中興大學,一般大學,07211098,食品安全研究所,碩士班(日間),26.0,10.0
108,國立中興大學,一般大學,07312061,景觀與遊憩學士學位學程,學士班(日間),74.0,17.0
108,國立中興大學,一般大學,07312061,景觀與遊憩碩士學位學程,碩士班(日間),7.0,3.0
108,國立中興大學,一般大學,07321054,土木工程學系,博士班,40.0,6.0
108,國立中興大學,一般大學,07321054,土木工程學系,學士班(日間),354.0,79.0
108,國立中興大學,一般大學,07321054,土木工程學系,碩士在職專班,73.0,25.0
108,國立中興大學,一般大學,07321054,土木工程學系,碩士班(日間),117.0,63.0
108,國立中興大學,一般大學,08111063,農藝學系,博士班,11.0,1.0
108,國立中興大學,一般大學,08111063,農藝學系,學士班(日間),215.0,53.0
108,國立中興大學,一般大學,08111063,農藝學系,碩士班(日間),56.0,21.0
108,國立中興大學,一般大學,08111064,國際農學碩士學位學程,碩士班(日間),39.0,8.0
108,國立中興大學,一般大學,08112066,動物科學系,博士班,20.0,3.0
108,國立中興大學,一般大學,08112066,動物科學系,學士班(日間),206.0,50.0
108,國立中興大學,一般大學,08112066,動物科學系,碩士班(日間),66.0,26.0
108,國立中興大學,一般大學,08121067,園藝學系,博士班,26.0,3.0
108,國立中興大學,一般大學,08121067,園藝學系,學士班(日間),178.0,37.0
108,國立中興大學,一般大學,08121067,園藝學系,碩士班(日間),81.0,14.0
108,國立中興大學,一般大學,08191083,土壤環境科學系,博士班,14.0,1.0
108,國立中興大學,一般大學,08191083,土壤環境科學系,學士班(日間),206.0,55.0
108,國立中興大學,一般大學,08191083,土壤環境科學系,碩士班(日間),43.0,11.0
108,國立中興大學,一般大學,08193076,生物產業管理研究所,碩士班(日間),25.0,6.0
108,國立中興大學,一般大學,08193076,生物產業管理進修學士學位學程,學士班(進修),213.0,43.0
108,國立中興大學,一般大學,08193077,農業企業經營管理碩士在職專班,碩士在職專班,55.0,10.0
108,國立中興大學,一般大學,08193078,國際農企業學士學位學程,學士班(日間),92.0,21.0
108,國立中興大學,一般大學,08193079,農業經濟與行銷碩士學位學程,碩士班(日間),18.0,10.0
108,國立中興大學,一般大學,08194068,植物病理學系,博士班,19.0,2.0
108,國立中興大學,一般大學,08194068,植物病理學系,學士班(日間),209.0,53.0
108,國立中興大學,一般大學,08194068,植物病理學系,碩士班(日間),35.0,11.0
108,國立中興大學,一般大學,08194069,植物醫學暨安全農業碩士學位學程,碩士班(日間),31.0,10.0
108,國立中興大學,一般大學,08211086,森林學系,博士班,24.0,2.0
108,國立中興大學,一般大學,08211086,森林學系,學士班(日間),266.0,64.0
108,國立中興大學,一般大學,08211086,森林學系,碩士班(日間),73.0,24.0
108,國立中興大學,一般大學,08411087,獸醫學系,博士班,33.0,6.0
108,國立中興大學,一般大學,08411087,獸醫學系,學士班(日間),396.0,66.0
108,國立中興大學,一般大學,08411087,獸醫學系,碩士班(日間),73.0,31.0
108,國立中興大學,一般大學,08411089,獸醫病理生物學研究所,博士班,9.0,3.0
108,國立中興大學,一般大學,08411089,獸醫病理生物學研究所,碩士班(日間),9.0,3.0
108,國立中興大學,一般大學,08411092,微生物暨公共衛生學研究所,博士班,6.0,
108,國立中興大學,一般大學,08411092,微生物暨公共衛生學研究所,碩士班(日間),16.0,6.0
108,國立中興大學,一般大學,09121093,轉譯醫學博士學位學程,博士班,19.0,1.0
108,國立中興大學,一般大學,09141094,醫學生物科技博士學位學程,博士班,13.0,
108,國立中興大學,一般大學,09199096,組織工程與再生醫學博士學位學程,博士班,25.0,1.0
108,國立勤益科技大學,技專校院,02299005,文化創意事業系,學士班(日間),209.0,48.0
108,國立勤益科技大學,技專校院,02299005,文化創意事業系,碩士班(日間),7.0,1.0
108,國立勤益科技大學,技專校院,02311001,應用英語系,學士班(日間),223.0,54.0
108,國立勤益科技大學,技專校院,02311001,應用英語系,學士班(進修),185.0,37.0
108,國立勤益科技大學,技專校院,04131002,企業管理系,學士班(日間),458.0,104.0
108,國立勤益科技大學,技專校院,04131002,企業管理系,學士班(進修),188.0,39.0
108,國立勤益科技大學,技專校院,04131002,企業管理系,碩士在職專班,33.0,12.0
108,國立勤益科技大學,技專校院,04131002,企業管理系,碩士班(日間),39.0,17.0
108,國立勤益科技大學,技專校院,04131002,企業管理系_製造與研發管理專班,學士班(進修),46.0,39.0
108,國立勤益科技大學,技專校院,04132003,流通管理科,附設進專,112.0,32.0
108,國立勤益科技大學,技專校院,04132003,流通管理系,學士班(日間),398.0,98.0
108,國立勤益科技大學,技專校院,04132003,流通管理系,碩士在職專班,30.0,13.0
108,國立勤益科技大學,技專校院,04132003,流通管理系,碩士班(日間),20.0,11.0
108,國立勤益科技大學,技專校院,04132003,流通管理系,附設進院,59.0,28.0
108,國立勤益科技大學,技專校院,04199032,休閒產業管理系專案管理碩士班,碩士班(日間),13.0,
108,國立勤益科技大學,技專校院,04199033,管理學院_管理與資訊國際學生產學合作專班,學士班(日間),2.0,
108,國立勤益科技大學,技專校院,06131010,資訊管理系,學士班(日間),384.0,99.0
108,國立勤益科技大學,技專校院,06131010,資訊管理系,學士班(進修),198.0,27.0
108,國立勤益科技大學,技專校院,06131010,資訊管理系,碩士班(日間),7.0,5.0
108,國立勤益科技大學,技專校院,06131010,資訊管理系,附設進院,39.0,14.0
108,國立勤益科技大學,技專校院,06131010,資訊管理系_外國學生專班,學士班(日間),40.0,
108,國立勤益科技大學,技專校院,06131010,資訊管理系_智慧製造與資訊應用專班,學士班(進修),11.0,
108,國立勤益科技大學,技專校院,06131010,資訊管理系_研發管理與資訊應用產業碩士專班,碩士班(日間),65.0,25.0
108,國立勤益科技大學,技專校院,06131010,資訊管理系研發科技與資訊管理碩士在職專班,碩士在職專班,19.0,4.0
108,國立勤益科技大學,技專校院,06131013,資訊工程系,學士班(日間),573.0,116.0
108,國立勤益科技大學,技專校院,06131013,資訊工程系,學士班(進修),200.0,32.0
108,國立勤益科技大學,技專校院,06131013,資訊工程系,碩士在職專班,26.0,9.0
108,國立勤益科技大學,技專校院,06131013,資訊工程系,碩士班(日間),45.0,14.0
108,國立勤益科技大學,技專校院,06131013,資訊工程系_資通訊國際學生產學合作專班,學士班(日間),20.0,
108,國立勤益科技大學,技專校院,06131013,資訊工程系_雙軌旗艦微科技職類,學士班(日間),1.0,1.0
108,國立勤益科技大學,技專校院,06131013,資訊工程系_雙軌旗艦微科技職類,學士班(進修),12.0,
108,國立勤益科技大學,技專校院,06131013,資訊工程系_電資研發產業碩士專班,碩士班(日間),42.0,19.0
108,國立勤益科技大學,技專校院,07111020,化工與材料工程系,學士班(日間),566.0,113.0
108,國立勤益科技大學,技專校院,07111020,化工與材料工程系,學士班(進修),208.0,21.0
108,國立勤益科技大學,技專校院,07111020,化工與材料工程系,碩士在職專班,12.0,5.0
108,國立勤益科技大學,技專校院,07111020,化工與材料工程系,碩士班(日間),30.0,12.0
108,國立勤益科技大學,技專校院,07111020,化工與材料工程系_紡織纖維科技專班,學士班(進修),70.0,24.0
108,國立勤益科技大學,技專校院,07132026,冷凍空調與能源系,學士班(日間),501.0,120.0
108,國立勤益科技大學,技專校院,07132026,冷凍空調與能源系,學士班(進修),270.0,52.0
108,國立勤益科技大學,技專校院,07132026,冷凍空調與能源系,碩士在職專班,37.0,17.0
108,國立勤益科技大學,技專校院,07132026,冷凍空調與能源系,碩士班(日間),66.0,25.0
108,國立勤益科技大學,技專校院,07132026,冷凍空調與能源系,附設進院,69.0,32.0
108,國立勤益科技大學,技專校院,07132026,冷凍空調與能源系_機械工程專班,學士班(日間),39.0,
108,國立勤益科技大學,技專校院,07132026,冷凍空調與能源系_機電能源與環境控制國際學生產學合作專班,學士班(日間),22.0,22.0
108,國立勤益科技大學,技專校院,07132026,冷凍空調與能源系_綠能科技產業專班,學士班(進修),46.0,
108,國立勤益科技大學,技專校院,07141011,電機工程科,附設進專,45.0,9.0
108,國立勤益科技大學,技專校院,07141011,電機工程系,學士班(日間),573.0,133.0
108,國立勤益科技大學,技專校院,07141011,電機工程系,學士班(進修),489.0,113.0
108,國立勤益科技大學,技專校院,07141011,電機工程系,碩士在職專班,29.0,7.0
108,國立勤益科技大學,技專校院,07141011,電機工程系,碩士班(日間),55.0,24.0
108,國立勤益科技大學,技專校院,07141011,電機工程系,附設進院,52.0,23.0
108,國立勤益科技大學,技專校院,07141011,電機工程系_電機工程資電國際學生產學合作專班,學士班(日間),37.0,
108,國立勤益科技大學,技專校院,07141012,電子工程科,附設進專,50.0,16.0
108,國立勤益科技大學,技專校院,07141012,電子工程系,學士班(日間),706.0,178.0
108,國立勤益科技大學,技專校院,07141012,電子工程系,學士班(進修),285.0,54.0
108,國立勤益科技大學,技專校院,07141012,電子工程系,碩士在職專班,27.0,9.0
108,國立勤益科技大學,技專校院,07141012,電子工程系,碩士班(日間),55.0,18.0
108,國立勤益科技大學,技專校院,07141012,電子工程系,附設進院,30.0,15.0
108,國立勤益科技大學,技專校院,07141012,電子工程系_微電子控制專班,學士班(進修),3.0,2.0
108,國立勤益科技大學,技專校院,07141035,前瞻電資科技產業博士學位學程,博士班,3.0,
108,國立勤益科技大學,技專校院,07151016,機械工程科,附設進專,69.0,11.0
108,國立勤益科技大學,技專校院,07151016,機械工程系,學士班(日間),716.0,165.0
108,國立勤益科技大學,技專校院,07151016,機械工程系,學士班(進修),475.0,86.0
108,國立勤益科技大學,技專校院,07151016,機械工程系,碩士在職專班,42.0,7.0
108,國立勤益科技大學,技專校院,07151016,機械工程系,碩士班(日間),62.0,26.0
108,國立勤益科技大學,技專校院,07151016,機械工程系,附設進院,64.0,34.0
108,國立勤益科技大學,技專校院,07151016,機械工程系_工具機與精密模具設計製造專班,學士班(進修),2.0,1.0
108,國立勤益科技大學,技專校院,07151016,機械工程系_精密機械國際學生產學合作專班,學士班(日間),42.0,
108,國立勤益科技大學,技專校院,07151016,機械工程系_精密機械暨創新研發管理產業碩士專班,碩士班(日間),1.0,1.0
108,國立勤益科技大學,技專校院,07151016,機械工程系_精密機械產業專班,學士班(進修),95.0,16.0
108,國立勤益科技大學,技專校院,07151016,機械工程系_精密機械產業碩士專班,碩士班(日間),10.0,6.0
108,國立勤益科技大學,技專校院,07151016,機械工程系_精密機械製造專班,學士班(進修),1.0,1.0
108,國立勤益科技大學,技專校院,07151016,機械工程系_雙軌旗艦機電整合職類,學士班(日間),7.0,7.0
108,國立勤益科技大學,技專校院,07151016,機械工程系_雙軌旗艦機電整合職類,學士班(進修),40.0,
108,國立勤益科技大學,技專校院,07151034,智慧機械與智慧製造產業博士學位學程,博士班,3.0,
108,國立勤益科技大學,技專校院,07191022,工業工程與工程管理系_精實創新研發與管理產業碩士專班,碩士班(日間),2.0,
108,國立勤益科技大學,技專校院,07191022,工業工程與管理科,附設進專,110.0,27.0
108,國立勤益科技大學,技專校院,07191022,工業工程與管理系,學士班(日間),770.0,175.0
108,國立勤益科技大學,技專校院,07191022,工業工程與管理系,學士班(進修),409.0,72.0
108,國立勤益科技大學,技專校院,07191022,工業工程與管理系,碩士在職專班,42.0,17.0
108,國立勤益科技大學,技專校院,07191022,工業工程與管理系,碩士班(日間),29.0,19.0
108,國立勤益科技大學,技專校院,07191022,工業工程與管理系,附設進院,97.0,44.0
108,國立勤益科技大學,技專校院,07191022,工業工程與管理系_創新研發與管理產業碩士專班,碩士班(日間),2.0,1.0
108,國立勤益科技大學,技專校院,07191022,工業工程與管理系_智慧製造精實管理產業碩士專班,碩士班(日間),21.0,13.0
108,國立勤益科技大學,技專校院,07191022,工業工程與管理系_生產製造與管理專班,學士班(進修),86.0,41.0
108,國立勤益科技大學,技專校院,07194024,精密製造科技研究所,博士班,21.0,6.0
108,國立勤益科技大學,技專校院,07312029,景觀科,附設進專,56.0,17.0
108,國立勤益科技大學,技專校院,07312029,景觀系,學士班(日間),198.0,35.0
108,國立勤益科技大學,技專校院,07312029,景觀系,碩士班(日間),12.0,7.0
108,國立勤益科技大學,技專校院,10151032,休閒產業管理系,學士班(日間),218.0,
108,國立勤益科技大學,技專校院,10151032,休閒產業管理系,學士班(進修),182.0,
108,國立勤益科技大學,技專校院,10151032,休閒產業管理系_雙軌旗艦工商管理專班,學士班(進修),16.0,
108,國立勤益科技大學,技專校院,10151032,休閒產業管理系_雙軌旗艦餐飲門市管理職類,學士班(日間),3.0,
108,國立勤益科技大學,技專校院,10152032,休閒產業管理系,學士班(日間),,50.0
108,國立勤益科技大學,技專校院,10152032,休閒產業管理系,學士班(進修),,45.0
108,國立勤益科技大學,技專校院,10152032,休閒產業管理系_雙軌旗艦餐飲門市管理職類,學士班(日間),,3.0
108,國立勤益科技大學,技專校院,10152032,休閒產業管理系碩士班,碩士班(日間),,5.0
108,國立臺中教育大學,一般大學,01111001,教育學系,博士班,44.0,3.0
108,國立臺中教育大學,一般大學,01111001,教育學系,學士班(日間),168.0,42.0
108,國立臺中教育大學,一般大學,01111001,教育學系,碩士班(日間),33.0,2.0
108,國立臺中教育大學,一般大學,01111001,教育學系教育行政與管理碩士在職專班,碩士在職專班,51.0,7.0
108,國立臺中教育大學,一般大學,01111001,教育學系課程與教學碩士在職專班,碩士在職專班,57.0,14.0
108,國立臺中教育大學,一般大學,01111001,教育學系課程與教學碩士班,碩士班(日間),31.0,2.0
108,國立臺中教育大學,一般大學,01111005,教師專業碩士學位學程,碩士班(日間),53.0,17.0
108,國立臺中教育大學,一般大學,01113022,特殊教育學系,學士班(日間),195.0,49.0
108,國立臺中教育大學,一般大學,01113022,特殊教育學系,碩士在職專班,48.0,11.0
108,國立臺中教育大學,一般大學,01113022,特殊教育學系,碩士班(日間),29.0,7.0
108,國立臺中教育大學,一般大學,01114025,高等教育經營管理碩士學位學程,碩士班(日間),21.0,8.0
108,國立臺中教育大學,一般大學,01117028,教育資訊與測驗統計研究所,博士班,37.0,2.0
108,國立臺中教育大學,一般大學,01117028,教育資訊與測驗統計研究所,碩士在職專班,38.0,16.0
108,國立臺中教育大學,一般大學,01117028,教育資訊與測驗統計研究所,碩士班(日間),44.0,15.0
108,國立臺中教育大學,一般大學,01121021,幼兒教育學系,學士班(日間),207.0,57.0
108,國立臺中教育大學,一般大學,01121021,幼兒教育學系,碩士在職專班,52.0,27.0
108,國立臺中教育大學,一般大學,01121021,幼兒教育學系,碩士班(日間),36.0,14.0
108,國立臺中教育大學,一般大學,01121021,幼兒教育學系早期療育碩士在職專班,碩士在職專班,58.0,5.0
108,國立臺中教育大學,一般大學,01121021,幼兒教育學系早期療育碩士班,碩士班(日間),38.0,7.0
108,國立臺中教育大學,一般大學,01131006,語文教育學系,博士班,33.0,4.0
108,國立臺中教育大學,一般大學,01131006,語文教育學系,學士班(日間),189.0,51.0
108,國立臺中教育大學,一般大學,01131006,語文教育學系,碩士在職專班,33.0,7.0
108,國立臺中教育大學,一般大學,01131006,語文教育學系,碩士班(日間),33.0,9.0
108,國立臺中教育大學,一般大學,01131006,語文教育學系華語文教學碩士班,碩士班(日間),35.0,10.0
108,國立臺中教育大學,一般大學,01131008,科學教育與應用學系,學士班(日間),172.0,41.0
108,國立臺中教育大學,一般大學,01131008,科學教育與應用學系,碩士在職專班,37.0,9.0
108,國立臺中教育大學,一般大學,01131008,科學教育與應用學系,碩士班(日間),18.0,6.0
108,國立臺中教育大學,一般大學,01131008,科學教育與應用學系環境教育及管理碩士在職專班,碩士在職專班,21.0,4.0
108,國立臺中教育大學,一般大學,01131008,科學教育與應用學系環境教育及管理碩士班,碩士班(日間),24.0,6.0
108,國立臺中教育大學,一般大學,01131011,數學教育學系,學士班(日間),184.0,33.0
108,國立臺中教育大學,一般大學,01131011,數學教育學系,碩士在職專班,43.0,7.0
108,國立臺中教育大學,一般大學,01131011,數學教育學系,碩士班(日間),36.0,5.0
108,國立臺中教育大學,一般大學,01131019,體育學系,學士班(日間),199.0,40.0
108,國立臺中教育大學,一般大學,01131019,體育學系,碩士在職專班,54.0,14.0
108,國立臺中教育大學,一般大學,01131019,體育學系,碩士班(日間),33.0,11.0
108,國立臺中教育大學,一般大學,01131032,英語學系,碩士班(日間),15.0,3.0
108,國立臺中教育大學,一般大學,02122034,文化創意產業設計與營運學系,學士班(日間),181.0,43.0
108,國立臺中教育大學,一般大學,02131029,美術學系,學士班(日間),183.0,43.0
108,國立臺中教育大學,一般大學,02131029,美術學系,碩士在職專班,73.0,8.0
108,國立臺中教育大學,一般大學,02131029,美術學系,碩士班(日間),37.0,2.0
108,國立臺中教育大學,一般大學,02151030,音樂學系,學士班(日間),178.0,35.0
108,國立臺中教育大學,一般大學,02151030,音樂學系,碩士班(日間),39.0,7.0
108,國立臺中教育大學,一般大學,02311032,英語學系,學士班(日間),202.0,45.0
108,國立臺中教育大學,一般大學,02321031,臺灣語文學系,學士班(日間),171.0,28.0
108,國立臺中教育大學,一般大學,02321031,臺灣語文學系,碩士班(日間),12.0,
108,國立臺中教育大學,一般大學,03131035,諮商與應用心理學系,學士班(日間),181.0,44.0
108,國立臺中教育大學,一般大學,03131035,諮商與應用心理學系,碩士在職專班,67.0,9.0
108,國立臺中教育大學,一般大學,03131035,諮商與應用心理學系,碩士班(日間),79.0,27.0
108,國立臺中教育大學,一般大學,03191037,區域與社會發展學系,學士班(日間),188.0,48.0
108,國立臺中教育大學,一般大學,03191037,區域與社會發展學系,碩士在職專班,71.0,20.0
108,國立臺中教育大學,一般大學,03191037,區域與社會發展學系,碩士班(日間),26.0,3.0
108,國立臺中教育大學,一般大學,04131034,文化創意產業設計與營運學系事業經營管理碩士班,碩士班(日間),43.0,9.0
108,國立臺中教育大學,一般大學,04131039,國際企業學系,學士班(日間),247.0,56.0
108,國立臺中教育大學,一般大學,04131040,管理學院國際經營管理碩士在職專班,碩士在職專班,29.0,9.0
108,國立臺中教育大學,一般大學,04131040,管理學院國際經營管理碩士學位學程,碩士班(日間),15.0,3.0
108,國立臺中教育大學,一般大學,06131042,資訊工程學系,學士班(日間),203.0,41.0
108,國立臺中教育大學,一般大學,06131042,資訊工程學系,碩士班(日間),38.0,13.0
108,國立臺中教育大學,一般大學,06133041,數位內容科技學系,學士班(日間),181.0,44.0
108,國立臺中教育大學,一般大學,06133041,數位內容科技學系,碩士在職專班,33.0,7.0
108,國立臺中教育大學,一般大學,06133041,數位內容科技學系,碩士班(日間),25.0,9.0
108,國立臺中教育大學,一般大學,10151045,永續觀光暨遊憩管理碩士學位學程,碩士班(日間),28.0,5.0
108,國立臺中科技大學,技專校院,02112005,多媒體設計系,學士班(日間),228.0,58.0
108,國立臺中科技大學,技專校院,02112005,多媒體設計系,碩士班(日間),55.0,16.0
108,國立臺中科技大學,技專校院,02123006,商業設計科,附設進專,84.0,33.0
108,國立臺中科技大學,技專校院,02123006,商業設計系,學士班(日間),327.0,99.0
108,國立臺中科技大學,技專校院,02123006,商業設計系,學士班(進修),242.0,64.0
108,國立臺中科技大學,技專校院,02123006,商業設計系,碩士在職專班,33.0,9.0
108,國立臺中科技大學,技專校院,02123006,商業設計系,碩士班(日間),41.0,10.0
108,國立臺中科技大學,技專校院,02123006,商業設計系,附設進院,69.0,31.0
108,國立臺中科技大學,技專校院,02123007,創意商品設計系,學士班(日間),82.0,42.0
108,國立臺中科技大學,技專校院,02123007,創意商品設計菁英班,五專,219.0,32.0
108,國立臺中科技大學,技專校院,02124008,室內設計系,學士班(日間),193.0,48.0
108,國立臺中科技大學,技專校院,02124008,室內設計系,碩士班(日間),25.0,6.0
108,國立臺中科技大學,技專校院,02124008,室內設計系,附設進院,74.0,26.0
108,國立臺中科技大學,技專校院,02311003,應用英語科,五專,272.0,47.0
108,國立臺中科技大學,技專校院,02311003,應用英語科,附設進專,132.0,43.0
108,國立臺中科技大學,技專校院,02311003,應用英語系,學士班(日間),281.0,82.0
108,國立臺中科技大學,技專校院,02311003,應用英語系,學士班(進修),157.0,19.0
108,國立臺中科技大學,技專校院,02311003,應用英語系,附設進院,209.0,68.0
108,國立臺中科技大學,技專校院,02311004,應用日語科,五專,268.0,50.0
108,國立臺中科技大學,技專校院,02311004,應用日語科,附設進專,191.0,60.0
108,國立臺中科技大學,技專校院,02311004,應用日語系,學士班(日間),305.0,96.0
108,國立臺中科技大學,技專校院,02311004,應用日語系,附設進院,147.0,41.0
108,國立臺中科技大學,技專校院,02311004,應用日語系日本市場暨商務策略碩士班,碩士班(日間),23.0,8.0
108,國立臺中科技大學,技專校院,02322001,應用中文系,學士班(日間),171.0,48.0
108,國立臺中科技大學,技專校院,04111012,會計資訊科,五專,435.0,67.0
108,國立臺中科技大學,技專校院,04111012,會計資訊科,附設進專,1.0,1.0
108,國立臺中科技大學,技專校院,04111012,會計資訊系,學士班(日間),471.0,142.0
108,國立臺中科技大學,技專校院,04111012,會計資訊系,學士班(進修),330.0,74.0
108,國立臺中科技大學,技專校院,04111012,會計資訊系,碩士在職專班,27.0,6.0
108,國立臺中科技大學,技專校院,04111012,會計資訊系,碩士班(日間),22.0,4.0
108,國立臺中科技大學,技專校院,04111012,會計資訊系,附設進院,56.0,20.0
108,國立臺中科技大學,技專校院,04121021,財務金融科,附設進專,52.0,17.0
108,國立臺中科技大學,技專校院,04121021,財務金融系,學士班(日間),394.0,99.0
108,國立臺中科技大學,技專校院,04121021,財務金融系,學士班(進修),323.0,67.0
108,國立臺中科技大學,技專校院,04121021,財務金融系,碩士在職專班,40.0,19.0
108,國立臺中科技大學,技專校院,04121021,財務金融系,碩士班(日間),29.0,9.0
108,國立臺中科技大學,技專校院,04121021,財務金融系,附設進院,63.0,28.0
108,國立臺中科技大學,技專校院,04122028,財政稅務系,學士班(日間),395.0,93.0
108,國立臺中科技大學,技專校院,04122028,財政稅務系租稅管理與理財規劃碩士班,碩士班(日間),26.0,6.0
108,國立臺中科技大學,技專校院,04123027,保險金融管理科,五專,441.0,85.0
108,國立臺中科技大學,技專校院,04123027,保險金融管理系,學士班(日間),439.0,111.0
108,國立臺中科技大學,技專校院,04123027,保險金融管理系,學士班(進修),59.0,37.0
108,國立臺中科技大學,技專校院,04123027,保險金融管理系,碩士班(日間),25.0,11.0
108,國立臺中科技大學,技專校院,04123027,保險金融管理系,附設進院,37.0,15.0
108,國立臺中科技大學,技專校院,04131015,企業管理科,五專,452.0,90.0
108,國立臺中科技大學,技專校院,04131015,企業管理系,學士班(日間),301.0,99.0
108,國立臺中科技大學,技專校院,04131015,企業管理系,學士班(進修),170.0,45.0
108,國立臺中科技大學,技專校院,04131015,企業管理系,碩士在職專班,47.0,22.0
108,國立臺中科技大學,技專校院,04131015,企業管理系,碩士班(日間),30.0,12.0
108,國立臺中科技大學,技專校院,04131015,企業管理系,附設進院,150.0,70.0
108,國立臺中科技大學,技專校院,04131015,企業管理系_經營管理專班,學士班(日間),80.0,44.0
108,國立臺中科技大學,技專校院,04132029,流通管理系,學士班(日間),303.0,100.0
108,國立臺中科技大學,技專校院,04132029,流通管理系,碩士班(日間),31.0,18.0
108,國立臺中科技大學,技專校院,04141020,國際貿易與經營科,五專,269.0,58.0
108,國立臺中科技大學,技專校院,04141020,國際貿易與經營系,學士班(日間),450.0,133.0
108,國立臺中科技大學,技專校院,04141020,國際貿易與經營系,學士班(進修),409.0,94.0
108,國立臺中科技大學,技專校院,04141020,國際貿易與經營系,附設進院,61.0,24.0
108,國立臺中科技大學,技專校院,04191009,商業經營科,附設進專,667.0,271.0
108,國立臺中科技大學,技專校院,04191009,商業經營系,學士班(日間),24.0,
108,國立臺中科技大學,技專校院,04199030,商業文書科,附設進專,1.0,
108,國立臺中科技大學,技專校院,05421032,應用統計系,學士班(日間),165.0,39.0
108,國立臺中科技大學,技專校院,06131033,資訊管理科,五專,376.0,41.0
108,國立臺中科技大學,技專校院,06131033,資訊管理科,附設進專,85.0,27.0
108,國立臺中科技大學,技專校院,06131033,資訊管理系,學士班(日間),390.0,132.0
108,國立臺中科技大學,技專校院,06131033,資訊管理系,學士班(進修),200.0,60.0
108,國立臺中科技大學,技專校院,06131033,資訊管理系,碩士在職專班,29.0,7.0
108,國立臺中科技大學,技專校院,06131033,資訊管理系,碩士班(日間),30.0,12.0
108,國立臺中科技大學,技專校院,06131033,資訊管理系,附設進院,61.0,23.0
108,國立臺中科技大學,技專校院,06131033,資訊管理系_資訊應用菁英班,五專,45.0,39.0
108,國立臺中科技大學,技專校院,07141036,資訊工程科,五專,144.0,
108,國立臺中科技大學,技專校院,07141036,資訊工程系,學士班(日間),254.0,48.0
108,國立臺中科技大學,技專校院,07141036,資訊工程系,學士班(進修),158.0,27.0
108,國立臺中科技大學,技專校院,07141036,資訊工程系,碩士在職專班,25.0,3.0
108,國立臺中科技大學,技專校院,07141036,資訊工程系,碩士班(日間),38.0,15.0
108,國立臺中科技大學,技專校院,09131037,護理科,五專,532.0,107.0
108,國立臺中科技大學,技專校院,09131037,護理系,學士班(日間),718.0,232.0
108,國立臺中科技大學,技專校院,09131037,護理系,碩士班(日間),25.0,1.0
108,國立臺中科技大學,技專校院,09211038,老人服務事業管理系,學士班(日間),254.0,85.0
108,國立臺中科技大學,技專校院,09211038,老人服務事業管理系,學士班(進修),100.0,
108,國立臺中科技大學,技專校院,09211038,老人服務事業管理系,附設進院,88.0,38.0
108,國立臺中科技大學,技專校院,10121040,美容科,二專(進修),1.0,1.0
108,國立臺中科技大學,技專校院,10121040,美容科,附設進專,128.0,36.0
108,國立臺中科技大學,技專校院,10121040,美容系,學士班(日間),337.0,129.0
108,國立臺中科技大學,技專校院,10121040,美容系,學士班(進修),106.0,
108,國立臺中科技大學,技專校院,10121040,美容系,附設進院,56.0,24.0
108,國立臺中科技大學,技專校院,10121040,美容系_美容技優領航專班,學士班(日間),5.0,
108,國立臺中科技大學,技專校院,10151039,休閒事業經營系,學士班(日間),222.0,53.0
108,國立臺中科技大學,技專校院,10151039,休閒事業經營系,學士班(進修),269.0,88.0
108,國立臺中科技大學,技專校院,10151039,休閒事業經營系,附設進院,292.0,124.0
108,國立臺灣體育運動大學,一般大學,01141001,體育學系,學士班(日間),424.0,97.0
108,國立臺灣體育運動大學,一般大學,01141001,體育學系,學士班(進修),374.0,67.0
108,國立臺灣體育運動大學,一般大學,01141001,體育學系,碩士在職專班,31.0,9.0
108,國立臺灣體育運動大學,一般大學,01141001,體育學系,碩士班(日間),67.0,11.0
108,國立臺灣體育運動大學,一般大學,02152002,舞蹈學系,學士班(日間),208.0,49.0
108,國立臺灣體育運動大學,一般大學,02152002,舞蹈學系,碩士班(日間),30.0,6.0
108,國立臺灣體育運動大學,一般大學,04199010,運動事業管理學系,學士班(日間),222.0,53.0
108,國立臺灣體育運動大學,一般大學,04199010,運動事業管理學系,碩士在職專班,21.0,10.0
108,國立臺灣體育運動大學,一般大學,04199010,運動事業管理學系,碩士班(日間),22.0,7.0
108,國立臺灣體育運動大學,一般大學,10141003,競技運動學系,學士班(日間),223.0,44.0
108,國立臺灣體育運動大學,一般大學,10141003,競技運動學系,碩士在職專班,16.0,1.0
108,國立臺灣體育運動大學,一般大學,10141003,競技運動學系,碩士班(日間),60.0,9.0
108,國立臺灣體育運動大學,一般大學,10141004,球類運動學系,學士班(日間),455.0,85.0
108,國立臺灣體育運動大學,一般大學,10141005,技擊運動學系,學士班(日間),215.0,40.0
108,國立臺灣體育運動大學,一般大學,10142006,運動健康科學學系,學士班(日間),203.0,40.0
108,國立臺灣體育運動大學,一般大學,10142006,運動健康科學學系,碩士班(日間),20.0,3.0
108,國立臺灣體育運動大學,一般大學,10142006,運動健康科學學系碩士班在職學位學程,碩士在職專班,19.0,2.0
108,國立臺灣體育運動大學,一般大學,10152007,休閒運動學系,學士班(日間),225.0,45.0
108,國立臺灣體育運動大學,一般大學,10152008,休閒運動管理研究所,碩士班(日間),46.0,8.0
108,國立臺灣體育運動大學,一般大學,10152008,休閒運動管理碩士在職學位學程,碩士在職專班,30.0,10.0
108,國立臺灣體育運動大學,一般大學,10152012,運動資訊與傳播學系,學士班(日間),196.0,48.0
108,嶺東科技大學,技專校院,02112003,視覺傳達設計系,學士班(日間),702.0,156.0
108,嶺東科技大學,技專校院,02112003,視覺傳達設計系,學士班(進修),221.0,41.0
108,嶺東科技大學,技專校院,02112003,視覺傳達設計系,碩士在職專班,7.0,
108,嶺東科技大學,技專校院,02112003,視覺傳達設計系,碩士班(日間),16.0,
108,嶺東科技大學,技專校院,02112005,數位媒體設計系,學士班(日間),503.0,107.0
108,嶺東科技大學,技專校院,02112005,數位媒體設計系,學士班(進修),212.0,41.0
108,嶺東科技大學,技專校院,02112005,數位媒體設計系,碩士班(日間),22.0,2.0
108,嶺東科技大學,技專校院,02122002,流行設計系,學士班(日間),377.0,51.0
108,嶺東科技大學,技專校院,02122002,流行設計系,學士班(進修),301.0,54.0
108,嶺東科技大學,技專校院,02122002,流行設計系,碩士班(日間),34.0,5.0
108,嶺東科技大學,技專校院,02123008,創意產品設計系,學士班(日間),427.0,87.0
108,嶺東科技大學,技專校院,02123008,創意產品設計系,學士班(進修),170.0,23.0
108,嶺東科技大學,技專校院,02123008,創意產品設計系,碩士班(日間),9.0,
108,嶺東科技大學,技專校院,02125039,服飾設計系,學士班(日間),217.0,41.0
108,嶺東科技大學,技專校院,02311001,應用外語系,學士班(日間),433.0,87.0
108,嶺東科技大學,技專校院,02311001,應用外語系,學士班(進修),172.0,37.0
108,嶺東科技大學,技專校院,04111010,會計資訊系,學士班(日間),285.0,86.0
108,嶺東科技大學,技專校院,04111010,會計資訊系碩士班,碩士班(日間),12.0,1.0
108,嶺東科技大學,技專校院,04121017,財務金融系,學士班(日間),525.0,122.0
108,嶺東科技大學,技專校院,04121017,財務金融系,學士班(進修),132.0,22.0
108,嶺東科技大學,技專校院,04121017,財務金融系,碩士在職專班,14.0,5.0
108,嶺東科技大學,技專校院,04121017,財務金融系,碩士班(日間),22.0,14.0
108,嶺東科技大學,技專校院,04131013,企業管理科,附設進專,2.0,2.0
108,嶺東科技大學,技專校院,04131013,企業管理系,學士班(日間),417.0,75.0
108,嶺東科技大學,技專校院,04131013,企業管理系,學士班(進修),278.0,48.0
108,嶺東科技大學,技專校院,04131013,企業管理系,碩士在職專班,16.0,5.0
108,嶺東科技大學,技專校院,04131013,企業管理系,碩士班(日間),8.0,1.0
108,嶺東科技大學,技專校院,04131013,企業管理系_現役軍人營區在職專班,碩士在職專班,45.0,6.0
108,嶺東科技大學,技專校院,04131013,企業管理系高階經營管理碩士在職專班(EMBA),碩士在職專班,54.0,33.0
108,嶺東科技大學,技專校院,04131015,國際企業系,碩士在職專班,19.0,6.0
108,嶺東科技大學,技專校院,04131015,國際企業系,碩士班(日間),14.0,5.0
108,嶺東科技大學,技專校院,04141015,國際企業系,學士班(日間),734.0,146.0
108,嶺東科技大學,技專校院,04141015,國際企業系,學士班(進修),,1.0
108,嶺東科技大學,技專校院,04143024,行銷與流通管理系,學士班(日間),640.0,129.0
108,嶺東科技大學,技專校院,04143024,行銷與流通管理系,學士班(進修),255.0,45.0
108,嶺東科技大學,技專校院,04143024,行銷與流通管理系,碩士班(日間),17.0,11.0
108,嶺東科技大學,技專校院,04199040,時尚經營系,學士班(日間),237.0,41.0
108,嶺東科技大學,技專校院,04199040,時尚經營系,學士班(進修),41.0,
108,嶺東科技大學,技專校院,04212029,財經法律研究所,碩士班(日間),31.0,8.0
108,嶺東科技大學,技專校院,06121031,資訊管理系,學士班(日間),424.0,108.0
108,嶺東科技大學,技專校院,06121031,資訊管理系,碩士在職專班,5.0,1.0
108,嶺東科技大學,技專校院,06131030,資訊科技系,學士班(日間),794.0,157.0
108,嶺東科技大學,技專校院,06131030,資訊科技系,學士班(進修),314.0,50.0
108,嶺東科技大學,技專校院,06131030,資訊科技系,碩士班(日間),9.0,6.0
108,嶺東科技大學,技專校院,06131031,資訊管理系,碩士班(日間),18.0,3.0
108,嶺東科技大學,技專校院,06132031,資訊管理系,學士班(進修),161.0,26.0
108,嶺東科技大學,技專校院,10151036,觀光與休閒管理系,學士班(日間),621.0,139.0
108,嶺東科技大學,技專校院,10151036,觀光與休閒管理系,學士班(進修),469.0,92.0
108,嶺東科技大學,技專校院,10151036,觀光與休閒管理系,碩士班(日間),17.0,7.0
108,嶺東科技大學,技專校院,10151037,觀光事業科,附設進專,1.0,1.0
108,弘光科技大學,技專校院,02122003,文化創意產業系,學士班(日間),339.0,77.0
108,弘光科技大學,技專校院,02122003,文化創意產業系,學士班(進修),143.0,26.0
108,弘光科技大學,技專校院,02311038,國際溝通英語系,學士班(日間),186.0,49.0
108,弘光科技大學,技專校院,02311038,國際溝通英語系,學士班(進修),149.0,30.0
108,弘光科技大學,技專校院,04133005,健康事業管理系,學士班(日間),351.0,92.0
108,弘光科技大學,技專校院,04133005,健康事業管理系,學士班(進修),160.0,32.0
108,弘光科技大學,技專校院,04133005,健康事業管理系,碩士班(日間),23.0,11.0
108,弘光科技大學,技專校院,05111007,動物保健學士學位學程,學士班(日間),206.0,40.0
108,弘光科技大學,技專校院,05121008,生物科技系,學士班(日間),155.0,31.0
108,弘光科技大學,技專校院,05121008,生物科技系,碩士班(日間),12.0,3.0
108,弘光科技大學,技專校院,05191023,營養系,學士班(日間),359.0,89.0
108,弘光科技大學,技專校院,05191023,營養系,學士班(進修),198.0,37.0
108,弘光科技大學,技專校院,05191023,營養系_香港二技專班,學士班(日間),1.0,1.0
108,弘光科技大學,技專校院,05191024,營養醫學研究所,碩士班(日間),9.0,3.0
108,弘光科技大學,技專校院,06131010,資訊管理系,學士班(日間),323.0,80.0
108,弘光科技大學,技專校院,06131010,資訊管理系,學士班(進修),175.0,39.0
108,弘光科技大學,技專校院,06131011,資訊工程系,學士班(日間),301.0,62.0
108,弘光科技大學,技專校院,06131011,資訊工程系,學士班(進修),141.0,28.0
108,弘光科技大學,技專校院,06131011,資訊工程系智慧型輔助科技碩士班,碩士班(日間),2.0,
108,弘光科技大學,技專校院,07121012,環境工程研究所,碩士在職專班,14.0,5.0
108,弘光科技大學,技專校院,07121012,環境工程研究所,碩士班(日間),10.0,4.0
108,弘光科技大學,技專校院,07121014,環境與安全衛生工程系,學士班(日間),445.0,118.0
108,弘光科技大學,技專校院,07121014,環境與安全衛生工程系,學士班(進修),353.0,71.0
108,弘光科技大學,技專校院,07193015,生物醫學工程系,學士班(日間),330.0,65.0
108,弘光科技大學,技專校院,07211017,食品科技系,學士班(日間),406.0,88.0
108,弘光科技大學,技專校院,07211017,食品科技系,學士班(進修),481.0,86.0
108,弘光科技大學,技專校院,07211017,食品科技系,碩士在職專班,11.0,7.0
108,弘光科技大學,技專校院,07211017,食品科技系,碩士班(日間),11.0,2.0
108,弘光科技大學,技專校院,07211017,食品科技系_外國學生專班,學士班(日間),2.0,2.0
108,弘光科技大學,技專校院,09131025,學士後護理系,學士班(日間),126.0,40.0
108,弘光科技大學,技專校院,09131025,護理科,五專,256.0,44.0
108,弘光科技大學,技專校院,09131025,護理系,博士班,13.0,1.0
108,弘光科技大學,技專校院,09131025,護理系,學士班(日間),1338.0,504.0
108,弘光科技大學,技專校院,09131025,護理系,學士班(進修),776.0,226.0
108,弘光科技大學,技專校院,09131025,護理系,碩士在職專班,51.0,13.0
108,弘光科技大學,技專校院,09131025,護理系,碩士班(日間),53.0,13.0
108,弘光科技大學,技專校院,09151020,物理治療系,學士班(日間),485.0,91.0
108,弘光科技大學,技專校院,09153021,語言治療與聽力學系,學士班(日間),191.0,31.0
108,弘光科技大學,技專校院,09211037,老人福利與長期照顧事業系,學士班(日間),328.0,71.0
108,弘光科技大學,技專校院,09211037,老人福利與長期照顧事業系,學士班(進修),162.0,31.0
108,弘光科技大學,技專校院,09211037,老人福利與長期照顧事業系,碩士班(日間),25.0,5.0
108,弘光科技大學,技專校院,09221028,幼兒保育系,學士班(日間),363.0,78.0
108,弘光科技大學,技專校院,09221028,幼兒保育系,學士班(進修),190.0,30.0
108,弘光科技大學,技專校院,10121031,化妝品應用科,二專(進修),62.0,29.0
108,弘光科技大學,技專校院,10121031,化妝品應用系,學士班(日間),422.0,106.0
108,弘光科技大學,技專校院,10121031,化妝品應用系,學士班(進修),342.0,93.0
108,弘光科技大學,技專校院,10121031,化妝品應用系,碩士在職專班,20.0,5.0
108,弘光科技大學,技專校院,10121031,化妝品應用系,碩士班(日間),24.0,8.0
108,弘光科技大學,技專校院,10121031,化妝品應用系_香港二技專班,學士班(日間),1.0,
108,弘光科技大學,技專校院,10121034,美髮造型設計科,二專(進修),88.0,37.0
108,弘光科技大學,技專校院,10121034,美髮造型設計系,學士班(日間),342.0,66.0
108,弘光科技大學,技專校院,10121034,美髮造型設計系,學士班(進修),93.0,53.0
108,弘光科技大學,技專校院,10131029,餐旅管理系,學士班(日間),731.0,170.0
108,弘光科技大學,技專校院,10131029,餐旅管理系,學士班(進修),519.0,117.0
108,弘光科技大學,技專校院,10152030,運動休閒系,學士班(日間),270.0,67.0
108,弘光科技大學,技專校院,10152030,運動休閒系,學士班(進修),197.0,32.0
108,弘光科技大學,技專校院,10221035,職業安全與防災研究所,碩士班(日間),15.0,4.0
108,朝陽科技大學,技專校院,02112003,視覺傳達設計系,學士班(日間),569.0,131.0
108,朝陽科技大學,技專校院,02112003,視覺傳達設計系,學士班(進修),200.0,36.0
108,朝陽科技大學,技專校院,02112003,視覺傳達設計系,碩士班(日間),28.0,5.0
108,朝陽科技大學,技專校院,02112003,視覺傳達設計系(陸生二技),學士班(日間),17.0,
108,朝陽科技大學,技專校院,02112003,視覺傳達設計系_品牌協同設計與國際行銷產業碩士專班,碩士班(日間),4.0,2.0
108,朝陽科技大學,技專校院,02112003,視覺傳達設計系_香港二技專班,學士班(日間),2.0,1.0
108,朝陽科技大學,技專校院,02122028,建築系建築及都市設計博士班,博士班,25.0,2.0
108,朝陽科技大學,技專校院,02123004,工業設計系,學士班(日間),505.0,108.0
108,朝陽科技大學,技專校院,02123004,工業設計系,學士班(進修),195.0,34.0
108,朝陽科技大學,技專校院,02123004,工業設計系,碩士在職專班,17.0,
108,朝陽科技大學,技專校院,02123004,工業設計系,碩士班(日間),21.0,6.0
108,朝陽科技大學,技專校院,02123004,工業設計系(陸生二技),學士班(日間),1.0,
108,朝陽科技大學,技專校院,02123004,工業設計系_香港二技專班,學士班(日間),1.0,
108,朝陽科技大學,技專校院,02311001,應用英語系,學士班(日間),490.0,121.0
108,朝陽科技大學,技專校院,02311001,應用英語系,學士班(進修),159.0,30.0
108,朝陽科技大學,技專校院,02311001,應用英語系,碩士班(日間),32.0,7.0
108,朝陽科技大學,技專校院,02311001,應用英語系(陸生二技),學士班(日間),4.0,1.0
108,朝陽科技大學,技專校院,03211006,傳播藝術系,學士班(日間),529.0,136.0
108,朝陽科技大學,技專校院,03211006,傳播藝術系,學士班(進修),206.0,39.0
108,朝陽科技大學,技專校院,03211006,傳播藝術系(陸生二技),學士班(日間),9.0,
108,朝陽科技大學,技專校院,03211006,傳播藝術系_香港二技專班,學士班(日間),5.0,2.0
108,朝陽科技大學,技專校院,04111007,會計系,學士班(日間),663.0,159.0
108,朝陽科技大學,技專校院,04111007,會計系,碩士班(日間),18.0,13.0
108,朝陽科技大學,技專校院,04111007,會計系(陸生二技),學士班(日間),1.0,1.0
108,朝陽科技大學,技專校院,04121010,財務金融系,學士班(日間),669.0,166.0
108,朝陽科技大學,技專校院,04121010,財務金融系,學士班(進修),5.0,3.0
108,朝陽科技大學,技專校院,04121010,財務金融系,碩士在職專班,18.0,8.0
108,朝陽科技大學,技專校院,04121010,財務金融系,碩士班(日間),20.0,16.0
108,朝陽科技大學,技專校院,04123011,保險金融管理系,學士班(日間),645.0,145.0
108,朝陽科技大學,技專校院,04123011,保險金融管理系,碩士在職專班,30.0,9.0
108,朝陽科技大學,技專校院,04123011,保險金融管理系,碩士班(日間),14.0,13.0
108,朝陽科技大學,技專校院,04131008,企業管理系,學士班(日間),696.0,171.0
108,朝陽科技大學,技專校院,04131008,企業管理系,學士班(進修),227.0,52.0
108,朝陽科技大學,技專校院,04131008,企業管理系,碩士在職專班,35.0,14.0
108,朝陽科技大學,技專校院,04131008,企業管理系,碩士班(日間),42.0,16.0
108,朝陽科技大學,技專校院,04131008,企業管理系(陸生二技),學士班(日間),1.0,
108,朝陽科技大學,技專校院,04131008,企業管理系台灣產業策略發展博士班,博士班,42.0,6.0
108,朝陽科技大學,技專校院,04131008,企業管理系高階產業經營碩士在職專班,碩士在職專班,40.0,18.0
108,朝陽科技大學,技專校院,04132012,行銷與流通管理系,學士班(日間),528.0,128.0
108,朝陽科技大學,技專校院,04132012,行銷與流通管理系,學士班(進修),432.0,107.0
108,朝陽科技大學,技專校院,04132012,行銷與流通管理系,碩士班(日間),13.0,7.0
108,朝陽科技大學,技專校院,04132012,行銷與流通管理系_國際學生產學合作專班,學士班(日間),35.0,
108,朝陽科技大學,技專校院,04199014,銀髮產業管理系,學士班(日間),400.0,108.0
108,朝陽科技大學,技專校院,04199014,銀髮產業管理系,學士班(進修),1.0,1.0
108,朝陽科技大學,技專校院,04199014,銀髮產業管理系,碩士班(日間),20.0,5.0
108,朝陽科技大學,技專校院,05121017,應用化學系生化科技博士班,博士班,17.0,1.0
108,朝陽科技大學,技專校院,05311017,應用化學系,學士班(日間),247.0,52.0
108,朝陽科技大學,技專校院,05311017,應用化學系,碩士在職專班,8.0,5.0
108,朝陽科技大學,技專校院,05311017,應用化學系,碩士班(日間),17.0,8.0
108,朝陽科技大學,技專校院,05311017,應用化學系_國際學生產學合作專班,學士班(日間),23.0,
108,朝陽科技大學,技專校院,05311017,應用化學系生化科技碩士班,碩士班(日間),3.0,2.0
108,朝陽科技大學,技專校院,06111023,資訊與通訊系,學士班(日間),445.0,88.0
108,朝陽科技大學,技專校院,06111023,資訊與通訊系,學士班(進修),8.0,4.0
108,朝陽科技大學,技專校院,06131019,資訊管理系,博士班,22.0,4.0
108,朝陽科技大學,技專校院,06131019,資訊管理系,學士班(日間),720.0,146.0
108,朝陽科技大學,技專校院,06131019,資訊管理系,學士班(進修),127.0,24.0
108,朝陽科技大學,技專校院,06131019,資訊管理系,碩士在職專班,11.0,7.0
108,朝陽科技大學,技專校院,06131019,資訊管理系,碩士班(日間),64.0,21.0
108,朝陽科技大學,技專校院,06132023,資訊與通訊系,碩士班(日間),59.0,23.0
108,朝陽科技大學,技專校院,07121027,環境工程與管理系,學士班(日間),422.0,96.0
108,朝陽科技大學,技專校院,07121027,環境工程與管理系,碩士在職專班,18.0,7.0
108,朝陽科技大學,技專校院,07121027,環境工程與管理系,碩士班(日間),37.0,13.0
108,朝陽科技大學,技專校院,07121027,環境工程與管理系(陸生二技),學士班(日間),1.0,
108,朝陽科技大學,技專校院,07141020,資訊工程系,學士班(日間),480.0,92.0
108,朝陽科技大學,技專校院,07141020,資訊工程系,學士班(進修),135.0,21.0
108,朝陽科技大學,技專校院,07141020,資訊工程系,碩士在職專班,11.0,7.0
108,朝陽科技大學,技專校院,07141020,資訊工程系,碩士班(日間),32.0,14.0
108,朝陽科技大學,技專校院,07141020,資訊工程系(陸生二技),學士班(日間),1.0,
108,朝陽科技大學,技專校院,07162039,航空機械系,學士班(日間),43.0,
108,朝陽科技大學,技專校院,07191026,工業工程與管理系,學士班(日間),424.0,87.0
108,朝陽科技大學,技專校院,07191026,工業工程與管理系,學士班(進修),260.0,56.0
108,朝陽科技大學,技專校院,07191026,工業工程與管理系,碩士在職專班,17.0,1.0
108,朝陽科技大學,技專校院,07191026,工業工程與管理系,碩士班(日間),42.0,17.0
108,朝陽科技大學,技專校院,07191026,工業工程與管理系_國際學生產學合作專班,學士班(日間),19.0,
108,朝陽科技大學,技專校院,07191026,工業工程與管理系_工業工程與設備管理專班,學士班(進修),2.0,2.0
108,朝陽科技大學,技專校院,07311028,建築系,學士班(日間),460.0,104.0
108,朝陽科技大學,技專校院,07311028,建築系(陸生二技),學士班(日間),10.0,6.0
108,朝陽科技大學,技專校院,07311028,建築系建築及都市設計碩士班,碩士班(日間),27.0,7.0
108,朝陽科技大學,技專校院,07312031,景觀及都市設計系,學士班(日間),310.0,57.0
108,朝陽科技大學,技專校院,07312031,景觀及都市設計系,碩士班(日間),24.0,8.0
108,朝陽科技大學,技專校院,07312031,景觀及都市設計系(陸生二技),學士班(日間),4.0,
108,朝陽科技大學,技專校院,07312031,景觀及都市設計系_香港二技專班,學士班(日間),1.0,
108,朝陽科技大學,技專校院,07321025,營建工程系,博士班,7.0,
108,朝陽科技大學,技專校院,07321025,營建工程系,學士班(日間),478.0,100.0
108,朝陽科技大學,技專校院,07321025,營建工程系,碩士在職專班,19.0,11.0
108,朝陽科技大學,技專校院,07321025,營建工程系,碩士班(日間),28.0,4.0
108,朝陽科技大學,技專校院,09221035,幼兒保育系,學士班(日間),492.0,110.0
108,朝陽科技大學,技專校院,09221035,幼兒保育系,學士班(進修),192.0,19.0
108,朝陽科技大學,技專校院,09221035,幼兒保育系,碩士在職專班,74.0,2.0
108,朝陽科技大學,技專校院,09221035,幼兒保育系,碩士班(日間),45.0,10.0
108,朝陽科技大學,技專校院,09221035,幼兒保育系(陸生二技),學士班(日間),3.0,
108,朝陽科技大學,技專校院,09221035,幼兒保育系_學士後學位學程教保員專班,學士班(日間),15.0,
108,朝陽科技大學,技專校院,09231034,社會工作系,學士班(日間),464.0,101.0
108,朝陽科技大學,技專校院,09231034,社會工作系,學士班(進修),160.0,29.0
108,朝陽科技大學,技專校院,09231034,社會工作系,碩士在職專班,19.0,1.0
108,朝陽科技大學,技專校院,09231034,社會工作系,碩士班(日間),29.0,2.0
108,朝陽科技大學,技專校院,09231034,社會工作系(陸生二技),學士班(日間),1.0,1.0
108,朝陽科技大學,技專校院,10152036,休閒事業管理系,學士班(日間),469.0,102.0
108,朝陽科技大學,技專校院,10152036,休閒事業管理系,學士班(進修),579.0,133.0
108,朝陽科技大學,技專校院,10152036,休閒事業管理系,碩士在職專班,51.0,16.0
108,朝陽科技大學,技專校院,10152036,休閒事業管理系,碩士班(日間),39.0,11.0
108,朝陽科技大學,技專校院,10152036,休閒事業管理系(陸生二技),學士班(日間),1.0,
108,朝陽科技大學,技專校院,10152036,休閒事業管理系_國際學生產學合作專班,學士班(日間),32.0,
108,朝陽科技大學,技專校院,10152036,休閒事業管理系_雙軌訓練旗鑑計畫,學士班(日間),2.0,2.0
108,東海大學,一般大學,01111001,教育研究所,碩士在職專班,54.0,21.0
108,東海大學,一般大學,01111001,教育研究所,碩士班(日間),41.0,5.0
108,東海大學,一般大學,02123011,工業設計學系,學士班(日間),162.0,39.0
108,東海大學,一般大學,02123011,工業設計學系,碩士在職專班,15.0,1.0
108,東海大學,一般大學,02123011,工業設計學系,碩士班(日間),19.0,10.0
108,東海大學,一般大學,02131002,美術學系,學士班(日間),189.0,37.0
108,東海大學,一般大學,02131002,美術學系,學士班(進修),176.0,31.0
108,東海大學,一般大學,02131002,美術學系,碩士在職專班,74.0,10.0
108,東海大學,一般大學,02131002,美術學系,碩士班(日間),55.0,6.0
108,東海大學,一般大學,02151003,音樂學系,學士班(日間),162.0,24.0
108,東海大學,一般大學,02151003,音樂學系,碩士班(日間),64.0,18.0
108,東海大學,一般大學,02152058,表演藝術與創作碩士學位學程,碩士班(日間),17.0,2.0
108,東海大學,一般大學,02221009,歷史學系,學士班(日間),249.0,46.0
108,東海大學,一般大學,02221009,歷史學系,碩士班(日間),13.0,2.0
108,東海大學,一般大學,02231010,哲學系,博士班,17.0,2.0
108,東海大學,一般大學,02231010,哲學系,學士班(日間),208.0,45.0
108,東海大學,一般大學,02231010,哲學系,碩士在職專班,26.0,2.0
108,東海大學,一般大學,02231010,哲學系,碩士班(日間),22.0,2.0
108,東海大學,一般大學,02311005,外國語文學系,學士班(日間),434.0,104.0
108,東海大學,一般大學,02311005,外國語文學系,碩士班(日間),23.0,1.0
108,東海大學,一般大學,02311007,日本語言文化學系,學士班(日間),454.0,106.0
108,東海大學,一般大學,02311007,日本語言文化學系,碩士班(日間),15.0,4.0
108,東海大學,一般大學,02322004,中國文學系,博士班,22.0,3.0
108,東海大學,一般大學,02322004,中國文學系,學士班(日間),426.0,91.0
108,東海大學,一般大學,02322004,中國文學系,碩士在職專班,5.0,1.0
108,東海大學,一般大學,02322004,中國文學系,碩士班(日間),41.0,6.0
108,東海大學,一般大學,03111012,經濟學系,學士班(日間),621.0,161.0
108,東海大學,一般大學,03111012,經濟學系,學士班(進修),1.0,1.0
108,東海大學,一般大學,03111012,經濟學系,碩士班(日間),14.0,8.0
108,東海大學,一般大學,03121013,政治學系,博士班,29.0,5.0
108,東海大學,一般大學,03121013,政治學系,學士班(日間),447.0,85.0
108,東海大學,一般大學,03121013,政治學系,碩士班(日間),19.0,4.0
108,東海大學,一般大學,03141014,社會學系,博士班,44.0,2.0
108,東海大學,一般大學,03141014,社會學系,學士班(日間),459.0,105.0
108,東海大學,一般大學,03141014,社會學系,碩士班(日間),28.0,6.0
108,東海大學,一般大學,04111018,會計學系,學士班(日間),486.0,109.0
108,東海大學,一般大學,04111018,會計學系,碩士在職專班,11.0,3.0
108,東海大學,一般大學,04111018,會計學系,碩士班(日間),24.0,8.0
108,東海大學,一般大學,04121024,財務金融學系,學士班(日間),501.0,119.0
108,東海大學,一般大學,04121024,財務金融學系,碩士在職專班,5.0,1.0
108,東海大學,一般大學,04121024,財務金融學系,碩士班(日間),31.0,15.0
108,東海大學,一般大學,04131019,企業管理學系,學士班(日間),681.0,157.0
108,東海大學,一般大學,04131019,企業管理學系,碩士班(日間),50.0,22.0
108,東海大學,一般大學,04131019,企業管理學系高階企業經營碩士在職專班,碩士在職專班,,1.0
108,東海大學,一般大學,04131021,國際學院國際經營管理學位學程,學士班(日間),241.0,47.0
108,東海大學,一般大學,04131025,高階經營管理碩士在職專班,碩士在職專班,377.0,102.0
108,東海大學,一般大學,04131059,國際企業管理碩士學位學程,碩士班(日間),20.0,13.0
108,東海大學,一般大學,04133044,工業工程與經營資訊學系高階醫務工程與管理碩士在職專班,碩士在職專班,46.0,15.0
108,東海大學,一般大學,04134016,行政管理暨政策學系,學士班(日間),261.0,62.0
108,東海大學,一般大學,04134016,行政管理暨政策學系,碩士班(日間),21.0,5.0
108,東海大學,一般大學,04134016,行政管理暨政策學系第三部門碩士在職專班,碩士在職專班,12.0,6.0
108,東海大學,一般大學,04134017,公共事務碩士專班,碩士在職專班,41.0,5.0
108,東海大學,一般大學,04141023,國際經營與貿易學系,學士班(日間),676.0,163.0
108,東海大學,一般大學,04141023,國際經營與貿易學系,碩士班(日間),26.0,14.0
108,東海大學,一般大學,04211027,法律學系,博士班,25.0,1.0
108,東海大學,一般大學,04211027,法律學系,學士班(日間),492.0,122.0
108,東海大學,一般大學,04211027,法律學系,學士班(進修),153.0,30.0
108,東海大學,一般大學,04211027,法律學系,碩士班(日間),129.0,17.0
108,東海大學,一般大學,05111028,生命科學系,博士班,16.0,1.0
108,東海大學,一般大學,05111028,生命科學系,學士班(日間),322.0,87.0
108,東海大學,一般大學,05111028,生命科學系,碩士班(日間),14.0,6.0
108,東海大學,一般大學,05211056,永續科學與工程學士學位學程,學士班(日間),113.0,10.0
108,東海大學,一般大學,05311030,化學系,博士班,18.0,4.0
108,東海大學,一般大學,05311030,化學系,學士班(日間),346.0,79.0
108,東海大學,一般大學,05311030,化學系,碩士班(日間),34.0,17.0
108,東海大學,一般大學,05331032,應用物理學系,博士班,3.0,
108,東海大學,一般大學,05331032,應用物理學系,學士班(日間),232.0,51.0
108,東海大學,一般大學,05331032,應用物理學系,碩士班(日間),9.0,3.0
108,東海大學,一般大學,05411034,應用數學系,學士班(日間),171.0,32.0
108,東海大學,一般大學,05411034,應用數學系,碩士班(日間),7.0,2.0
108,東海大學,一般大學,05421035,統計學系,博士班,5.0,
108,東海大學,一般大學,05421035,統計學系,學士班(日間),394.0,72.0
108,東海大學,一般大學,05421035,統計學系,碩士班(日間),12.0,4.0
108,東海大學,一般大學,06131039,資訊工程學系,學士班(進修),,13.0
108,東海大學,一般大學,06131039,資訊工程學系,碩士班(日間),,10.0
108,東海大學,一般大學,06133047,數位創新碩士學位學程,碩士班(日間),20.0,9.0
108,東海大學,一般大學,06134036,資訊管理學系,學士班(日間),248.0,54.0
108,東海大學,一般大學,06134036,資訊管理學系,碩士班(日間),28.0,14.0
108,東海大學,一般大學,07111042,化學工程與材料工程學系,博士班,3.0,
108,東海大學,一般大學,07111042,化學工程與材料工程學系,學士班(日間),438.0,103.0
108,東海大學,一般大學,07111042,化學工程與材料工程學系,碩士班(日間),51.0,18.0
108,東海大學,一般大學,07121045,環境科學與工程學系,博士班,8.0,
108,東海大學,一般大學,07121045,環境科學與工程學系,學士班(日間),326.0,79.0
108,東海大學,一般大學,07121045,環境科學與工程學系,碩士班(日間),29.0,14.0
108,東海大學,一般大學,07141037,電機工程學系,學士班(日間),302.0,67.0
108,東海大學,一般大學,07141037,電機工程學系,碩士班(日間),27.0,10.0
108,東海大學,一般大學,07141039,資訊工程學系,學士班(日間),530.0,110.0
108,東海大學,一般大學,07141039,資訊工程學系,學士班(進修),62.0,
108,東海大學,一般大學,07141039,資訊工程學系,碩士在職專班,20.0,
108,東海大學,一般大學,07141039,資訊工程學系,碩士班(日間),41.0,
108,東海大學,一般大學,07191044,工業工程與經營資訊學系,博士班,23.0,1.0
108,東海大學,一般大學,07191044,工業工程與經營資訊學系,學士班(日間),452.0,98.0
108,東海大學,一般大學,07191044,工業工程與經營資訊學系,碩士班(日間),63.0,29.0
108,東海大學,一般大學,07211052,食品科學系,學士班(日間),389.0,95.0
108,東海大學,一般大學,07211052,食品科學系,碩士班(日間),49.0,19.0
108,東海大學,一般大學,07311048,建築學系,學士班(日間),178.0,33.0
108,東海大學,一般大學,07311048,建築學系,碩士班(日間),63.0,10.0
108,東海大學,一般大學,07312049,景觀學系,學士班(日間),253.0,56.0
108,東海大學,一般大學,07312049,景觀學系,碩士在職專班,16.0,4.0
108,東海大學,一般大學,07312049,景觀學系,碩士班(日間),15.0,4.0
108,東海大學,一般大學,08112051,畜產與生物科技學系,博士班,8.0,
108,東海大學,一般大學,08112051,畜產與生物科技學系,學士班(日間),389.0,81.0
108,東海大學,一般大學,08112051,畜產與生物科技學系,碩士班(日間),26.0,8.0
108,東海大學,一般大學,09231053,社會工作學系,博士班,43.0,5.0
108,東海大學,一般大學,09231053,社會工作學系,學士班(日間),496.0,118.0
108,東海大學,一般大學,09231053,社會工作學系,碩士班(日間),61.0,7.0
108,東海大學,一般大學,10131054,餐旅管理學系,學士班(日間),265.0,53.0
108,東海大學,一般大學,10131054,餐旅管理學系,碩士在職專班,39.0,10.0
108,東海大學,一般大學,10131054,餐旅管理學系,碩士班(日間),13.0,8.0
108,東海大學,一般大學,10152055,運動休閒與健康管理學位學程,學士班(進修),127.0,23.0
108,逢甲大學,一般大學,02122005,創意設計碩士學位學程,碩士班(日間),11.0,8.0
108,逢甲大學,一般大學,02122006,創新設計學士學位學程,學士班(日間),27.0,12.0
108,逢甲大學,一般大學,02124007,室內設計進修學士班,學士班(進修),188.0,41.0
108,逢甲大學,一般大學,02221003,歷史與文物研究所,碩士班(日間),23.0,4.0
108,逢甲大學,一般大學,02311002,外國語文學系,學士班(日間),439.0,101.0
108,逢甲大學,一般大學,02311002,外國語文學系英語文研究碩士班,碩士班(日間),26.0,10.0
108,逢甲大學,一般大學,02322001,中國文學系,博士班,32.0,5.0
108,逢甲大學,一般大學,02322001,中國文學系,學士班(日間),253.0,48.0
108,逢甲大學,一般大學,02322001,中國文學系,碩士在職專班,1.0,
108,逢甲大學,一般大學,02322001,中國文學系,碩士班(日間),18.0,3.0
108,逢甲大學,一般大學,03111009,經濟學系,博士班,5.0,1.0
108,逢甲大學,一般大學,03111009,經濟學系,學士班(日間),437.0,94.0
108,逢甲大學,一般大學,03111009,經濟學系,碩士班(日間),17.0,1.0
108,逢甲大學,一般大學,03111012,合作經濟暨社會事業經營學系,學士班(日間),245.0,64.0
108,逢甲大學,一般大學,03111012,合作經濟暨社會事業經營學系,碩士在職專班,1.0,
108,逢甲大學,一般大學,03111012,合作經濟暨社會事業經營學系,碩士班(日間),19.0,15.0
108,逢甲大學,一般大學,04111017,會計學系,學士班(日間),746.0,171.0
108,逢甲大學,一般大學,04111017,會計學系,碩士班(日間),47.0,28.0
108,逢甲大學,一般大學,04121025,財務金融學系,學士班(日間),710.0,180.0
108,逢甲大學,一般大學,04121025,財務金融學系,碩士班(日間),36.0,19.0
108,逢甲大學,一般大學,04121026,金融博士學位學程,博士班,46.0,13.0
108,逢甲大學,一般大學,04121026,金融碩士在職學位學程,碩士在職專班,47.0,22.0
108,逢甲大學,一般大學,04121026,金融碩士在職專班,碩士在職專班,6.0,1.0
108,逢甲大學,一般大學,04121028,財務工程與精算學士學位學程,學士班(日間),214.0,50.0
108,逢甲大學,一般大學,04122032,財稅學系,學士班(日間),455.0,107.0
108,逢甲大學,一般大學,04122032,財稅學系,碩士班(日間),22.0,16.0
108,逢甲大學,一般大學,04123029,風險管理與保險學系,學士班(日間),428.0,88.0
108,逢甲大學,一般大學,04123029,風險管理與保險學系,碩士班(日間),45.0,20.0
108,逢甲大學,一般大學,04131019,企業管理學系,學士班(日間),569.0,140.0
108,逢甲大學,一般大學,04131019,企業管理學系,碩士班(日間),32.0,12.0
108,逢甲大學,一般大學,04131020,經營管理碩士在職學位學程,碩士在職專班,322.0,154.0
108,逢甲大學,一般大學,04131020,經營管理碩士在職專班,碩士在職專班,12.0,2.0
108,逢甲大學,一般大學,04131021,國際企業管理學士學位學程(英語專班),學士班(日間),4.0,3.0
108,逢甲大學,一般大學,04131022,國際經營管理碩士學位學程,碩士班(日間),2.0,1.0
108,逢甲大學,一般大學,04131034,西班牙薩拉戈薩大學物流供應鏈管理與創新創業雙碩士學位學程,碩士班(日間),1.0,1.0
108,逢甲大學,一般大學,04134086,土地管理學系,學士班(日間),438.0,107.0
108,逢甲大學,一般大學,04134086,土地管理學系,碩士在職專班,18.0,4.0
108,逢甲大學,一般大學,04134086,土地管理學系,碩士班(日間),29.0,14.0
108,逢甲大學,一般大學,04134097,公共事務與社會創新研究所,碩士在職專班,61.0,16.0
108,逢甲大學,一般大學,04134097,公共事務與社會創新研究所,碩士班(日間),23.0,2.0
108,逢甲大學,一般大學,04141024,國際經營與貿易學系,學士班(日間),753.0,186.0
108,逢甲大學,一般大學,04141024,國際經營與貿易學系,碩士班(日間),53.0,25.0
108,逢甲大學,一般大學,04141024,國際經營與貿易學系國際企業管理全英語學士班,學士班(日間),249.0,44.0
108,逢甲大學,一般大學,04143033,行銷學系,學士班(日間),567.0,151.0
108,逢甲大學,一般大學,04191014,商學博士學位學程,博士班,125.0,16.0
108,逢甲大學,一般大學,04191014,商學進修學士學位學程,學士班(進修),310.0,
108,逢甲大學,一般大學,04191014,商學進修學士班,學士班(進修),136.0,84.0
108,逢甲大學,一般大學,04191016,商學專業碩士在職學位學程,碩士在職專班,45.0,17.0
108,逢甲大學,一般大學,04191016,商學院商學專業碩士在職專班,碩士在職專班,2.0,
108,逢甲大學,一般大學,04199035,澳洲墨爾本皇家理工大學商學與創新雙學士學位學程,學士班(日間),127.0,20.0
108,逢甲大學,一般大學,04199036,科技管理碩士學位學程,碩士班(日間),23.0,8.0
108,逢甲大學,一般大學,04199037,專案管理碩士在職學位學程,碩士在職專班,47.0,16.0
108,逢甲大學,一般大學,04199037,建設學院專案管理碩士在職專班,碩士在職專班,8.0,1.0
108,逢甲大學,一般大學,04199092,美國加州聖荷西州立大學商學大數據分析雙學士學位學程,學士班(日間),130.0,24.0
108,逢甲大學,一般大學,04199096,建設碩士在職學位學程,碩士在職專班,105.0,30.0
108,逢甲大學,一般大學,04212038,財經法律研究所,碩士在職專班,61.0,16.0
108,逢甲大學,一般大學,04212038,財經法律研究所,碩士班(日間),66.0,11.0
108,逢甲大學,一般大學,05411039,應用數學系,學士班(日間),375.0,83.0
108,逢甲大學,一般大學,05411039,應用數學系,碩士班(日間),12.0,4.0
108,逢甲大學,一般大學,05421040,統計學系,學士班(日間),403.0,92.0
108,逢甲大學,一般大學,05421040,統計學系應用統計博士班,博士班,4.0,
108,逢甲大學,一般大學,05421040,統計學系統計與精算碩士班,碩士班(日間),38.0,25.0
108,逢甲大學,一般大學,06131048,資訊工程學系,博士班,26.0,1.0
108,逢甲大學,一般大學,06131048,資訊工程學系,學士班(日間),989.0,198.0
108,逢甲大學,一般大學,06131048,資訊工程學系,碩士在職專班,3.0,
108,逢甲大學,一般大學,06131048,資訊工程學系,碩士班(日間),104.0,37.0
108,逢甲大學,一般大學,06131055,智慧聯網產業博士學位學程,博士班,5.0,
108,逢甲大學,一般大學,07111068,化學工程學系,博士班,8.0,
108,逢甲大學,一般大學,07111068,化學工程學系,學士班(日間),443.0,103.0
108,逢甲大學,一般大學,07111068,化學工程學系,碩士班(日間),69.0,29.0
108,逢甲大學,一般大學,07112069,材料科學與工程學系,博士班,5.0,1.0
108,逢甲大學,一般大學,07112069,材料科學與工程學系,學士班(日間),427.0,103.0
108,逢甲大學,一般大學,07112069,材料科學與工程學系,碩士班(日間),61.0,38.0
108,逢甲大學,一般大學,07121075,環境工程與科學學系,博士班,11.0,2.0
108,逢甲大學,一般大學,07121075,環境工程與科學學系,學士班(日間),399.0,90.0
108,逢甲大學,一般大學,07121075,環境工程與科學學系,碩士班(日間),32.0,15.0
108,逢甲大學,一般大學,07122077,水利工程與資源保育學系,學士班(日間),345.0,62.0
108,逢甲大學,一般大學,07122077,水利工程與資源保育學系,碩士班(日間),44.0,15.0
108,逢甲大學,一般大學,07132079,綠色能源科技碩士學位學程,碩士班(日間),19.0,6.0
108,逢甲大學,一般大學,07141044,電機工程學系,學士班(日間),575.0,143.0
108,逢甲大學,一般大學,07141044,電機工程學系,碩士班(日間),45.0,19.0
108,逢甲大學,一般大學,07141045,電機與通訊工程博士學位學程,博士班,32.0,1.0
108,逢甲大學,一般大學,07141046,電子工程學系,學士班(日間),450.0,97.0
108,逢甲大學,一般大學,07141046,電子工程學系,碩士班(日間),59.0,22.0
108,逢甲大學,一般大學,07141050,通訊工程學系,學士班(日間),425.0,86.0
108,逢甲大學,一般大學,07141050,通訊工程學系,碩士班(日間),49.0,18.0
108,逢甲大學,一般大學,07141052,自動控制工程學系,學士班(日間),463.0,108.0
108,逢甲大學,一般大學,07141052,自動控制工程學系,碩士班(日間),43.0,22.0
108,逢甲大學,一般大學,07141053,資訊電機工程碩士在職學位學程,碩士在職專班,63.0,10.0
108,逢甲大學,一般大學,07141053,資訊電機工程碩士在職專班,碩士在職專班,17.0,5.0
108,逢甲大學,一般大學,07141054,光電能源與視覺科技碩士在職專班,碩士在職專班,1.0,
108,逢甲大學,一般大學,07141056,資訊電機學院學士班,學士班(日間),105.0,
108,逢甲大學,一般大學,07141095,美國普渡大學電機資訊雙學士學位學程,學士班(日間),63.0,5.0
108,逢甲大學,一般大學,07141099,視光科技碩士在職學位學程,碩士在職專班,16.0,10.0
108,逢甲大學,一般大學,07141101,光電科學與工程學系,學士班(日間),408.0,91.0
108,逢甲大學,一般大學,07141101,光電科學與工程學系,碩士班(日間),37.0,16.0
108,逢甲大學,一般大學,07141107,美國加州聖荷西州立大學工程雙學士學位學程,學士班(日間),15.0,
108,逢甲大學,一般大學,07141112,資通訊與電控產業碩士專班,碩士班(日間),,2.0
108,逢甲大學,一般大學,07141C07,資通訊與電控產業碩士專班,碩士班(日間),3.0,
108,逢甲大學,一般大學,07151060,機械與航空工程博士學位學程,博士班,28.0,1.0
108,逢甲大學,一般大學,07151061,機械與電腦輔助工程學系,學士班(日間),649.0,139.0
108,逢甲大學,一般大學,07151061,機械與電腦輔助工程學系機械工程碩士在職專班,碩士在職專班,10.0,1.0
108,逢甲大學,一般大學,07151061,機械與電腦輔助工程學系機械工程碩士班,碩士班(日間),51.0,26.0
108,逢甲大學,一般大學,07151062,精密系統設計學士學位學程,學士班(日間),195.0,38.0
108,逢甲大學,一般大學,07151103,智慧製造與管理產業碩士專班,碩士班(日間),12.0,12.0
108,逢甲大學,一般大學,07151106,創新智慧製造與管理產業碩士專班,碩士班(日間),3.0,
108,逢甲大學,一般大學,07162059,航太與系統工程學系,學士班(日間),493.0,109.0
108,逢甲大學,一般大學,07162059,航太與系統工程學系,碩士班(日間),41.0,20.0
108,逢甲大學,一般大學,07191072,工業工程與系統管理學系,博士班,12.0,4.0
108,逢甲大學,一般大學,07191072,工業工程與系統管理學系,學士班(日間),395.0,87.0
108,逢甲大學,一般大學,07191072,工業工程與系統管理學系,碩士在職專班,8.0,2.0
108,逢甲大學,一般大學,07191072,工業工程與系統管理學系,碩士班(日間),36.0,17.0
108,逢甲大學,一般大學,07192074,纖維與複合材料學系,博士班,20.0,5.0
108,逢甲大學,一般大學,07192074,纖維與複合材料學系,學士班(日間),400.0,95.0
108,逢甲大學,一般大學,07192074,纖維與複合材料學系,碩士在職專班,5.0,
108,逢甲大學,一般大學,07192074,纖維與複合材料學系,碩士班(日間),50.0,26.0
108,逢甲大學,一般大學,07193078,生醫資訊暨生醫工程碩士學位學程,碩士班(日間),11.0,7.0
108,逢甲大學,一般大學,07199080,電聲碩士學位學程,碩士班(日間),24.0,7.0
108,逢甲大學,一般大學,07199098,智能製造與工程管理碩士在職學位學程,碩士在職專班,121.0,36.0
108,逢甲大學,一般大學,07311007,室內設計學士學位學程,學士班(日間),38.0,3.0
108,逢甲大學,一般大學,07311081,建築學士學位學程,學士班(日間),333.0,112.0
108,逢甲大學,一般大學,07311081,建築碩士在職學位學程,碩士在職專班,16.0,4.0
108,逢甲大學,一般大學,07311081,建築碩士學位學程,碩士班(日間),54.0,16.0
108,逢甲大學,一般大學,07311083,建築專業學院學士班,學士班(日間),240.0,
108,逢甲大學,一般大學,07312084,景觀與遊憩碩士學位學程,碩士在職專班,5.0,1.0
108,逢甲大學,一般大學,07312084,景觀與遊憩碩士學位學程,碩士班(日間),12.0,2.0
108,逢甲大學,一般大學,07313087,都市計畫與空間資訊學系,學士班(日間),407.0,97.0
108,逢甲大學,一般大學,07313087,都市計畫與空間資訊學系,碩士在職專班,9.0,3.0
108,逢甲大學,一般大學,07313087,都市計畫與空間資訊學系,碩士班(日間),27.0,8.0
108,逢甲大學,一般大學,07321063,土木工程學系,學士班(日間),425.0,100.0
108,逢甲大學,一般大學,07321063,土木工程學系,碩士在職專班,14.0,10.0
108,逢甲大學,一般大學,07321063,土木工程學系,碩士班(日間),41.0,13.0
108,逢甲大學,一般大學,07321063,土木工程學系營建工程與管理進修學士班,學士班(進修),203.0,39.0
108,逢甲大學,一般大學,07321100,土木水利工程與建設規劃博士學位學程,博士班,54.0,13.0
108,逢甲大學,一般大學,07399102,智慧城市國際碩士學位學程,碩士班(日間),3.0,3.0
108,逢甲大學,一般大學,10411093,運輸與物流學系,學士班(日間),462.0,110.0
108,逢甲大學,一般大學,10411093,運輸與物流學系,碩士在職專班,9.0,4.0
108,逢甲大學,一般大學,10411093,運輸與物流學系,碩士班(日間),32.0,16.0
108,逢甲大學,一般大學,99999094,全校國際生大一不分系學士班,學士班(日間),43.0,
108,靜宜大學,一般大學,01111001,教育研究所,碩士在職專班,52.0,9.0
108,靜宜大學,一般大學,01111001,教育研究所,碩士班(日間),43.0,14.0
108,靜宜大學,一般大學,02299040,原住民族文化碩士學位學程,碩士班(日間),8.0,
108,靜宜大學,一般大學,02311004,英國語文學系,學士班(日間),589.0,133.0
108,靜宜大學,一般大學,02311004,英國語文學系,碩士班(日間),18.0,2.0
108,靜宜大學,一般大學,02311005,西班牙語文學系,學士班(日間),461.0,98.0
108,靜宜大學,一般大學,02311005,西班牙語文學系,碩士班(日間),17.0,3.0
108,靜宜大學,一般大學,02311006,日本語文學系,學士班(日間),633.0,124.0
108,靜宜大學,一般大學,02311006,日本語文學系,碩士班(日間),20.0,3.0
108,靜宜大學,一般大學,02311007,寰宇外語教育學士學位學程,學士班(日間),157.0,29.0
108,靜宜大學,一般大學,02321002,台灣文學系,學士班(日間),208.0,47.0
108,靜宜大學,一般大學,02321002,台灣文學系,碩士班(日間),19.0,2.0
108,靜宜大學,一般大學,02322003,中國文學系,學士班(日間),449.0,100.0
108,靜宜大學,一般大學,02322003,中國文學系,碩士在職專班,11.0,2.0
108,靜宜大學,一般大學,02322003,中國文學系,碩士班(日間),23.0,2.0
108,靜宜大學,一般大學,03141038,犯罪防治碩士學位學程,碩士班(日間),13.0,
108,靜宜大學,一般大學,03211008,大眾傳播學系,學士班(日間),301.0,66.0
108,靜宜大學,一般大學,03211008,大眾傳播學系,碩士班(日間),3.0,
108,靜宜大學,一般大學,04111011,會計學系,學士班(日間),667.0,156.0
108,靜宜大學,一般大學,04111011,會計學系,碩士班(日間),24.0,14.0
108,靜宜大學,一般大學,04121019,財務金融學系,學士班(日間),688.0,162.0
108,靜宜大學,一般大學,04121019,財務金融學系,碩士班(日間),17.0,10.0
108,靜宜大學,一般大學,04131010,寰宇管理碩士學位學程,碩士班(日間),66.0,16.0
108,靜宜大學,一般大學,04131012,企業管理學系,學士班(日間),702.0,162.0
108,靜宜大學,一般大學,04131012,企業管理學系,碩士班(日間),12.0,5.0
108,靜宜大學,一般大學,04131013,經營管理進修學士班,學士班(進修),1.0,
108,靜宜大學,一般大學,04131014,管理學院管理碩士在職專班柬埔寨境外專班,碩士在職專班,5.0,
108,靜宜大學,一般大學,04131014,管理碩士在職專班,碩士在職專班,106.0,41.0
108,靜宜大學,一般大學,04131015,國際企業學系,學士班(日間),707.0,166.0
108,靜宜大學,一般大學,04131015,國際企業學系,碩士班(日間),15.0,8.0
108,靜宜大學,一般大學,04131018,創新與創業管理碩士學位學程,碩士班(日間),12.0,4.0
108,靜宜大學,一般大學,04191010,寰宇管理學士學位學程,學士班(日間),181.0,41.0
108,靜宜大學,一般大學,04211020,法律學士學位學程原住民專班,學士班(日間),7.0,
108,靜宜大學,一般大學,04211020,法律學系,學士班(日間),509.0,102.0
108,靜宜大學,一般大學,04211020,法律學系,碩士在職專班,26.0,1.0
108,靜宜大學,一般大學,04211020,法律學系,碩士班(日間),42.0,6.0
108,靜宜大學,一般大學,05191031,食品營養學系,博士班,28.0,6.0
108,靜宜大學,一般大學,05191031,食品營養學系,學士班(日間),467.0,105.0
108,靜宜大學,一般大學,05191031,食品營養學系,碩士班(日間),37.0,11.0
108,靜宜大學,一般大學,05211021,生態人文學系,碩士班(日間),3.0,
108,靜宜大學,一般大學,05212021,生態人文學系,學士班(日間),188.0,41.0
108,靜宜大學,一般大學,05311023,應用化學系,博士班,12.0,1.0
108,靜宜大學,一般大學,05311023,應用化學系,學士班(日間),386.0,70.0
108,靜宜大學,一般大學,05311023,應用化學系,碩士班(日間),26.0,13.0
108,靜宜大學,一般大學,05499036,財務工程學系,學士班(日間),275.0,70.0
108,靜宜大學,一般大學,05499036,財務工程學系,碩士班(日間),14.0,11.0
108,靜宜大學,一般大學,05499037,資料科學暨大數據分析與應用學系,學士班(日間),260.0,37.0
108,靜宜大學,一般大學,06131027,資訊管理學系,學士班(日間),449.0,91.0
108,靜宜大學,一般大學,06131027,資訊管理學系,碩士班(日間),20.0,7.0
108,靜宜大學,一般大學,06132009,資訊傳播工程學系,學士班(日間),478.0,69.0
108,靜宜大學,一般大學,06132009,資訊傳播工程學系,碩士班(日間),7.0,3.0
108,靜宜大學,一般大學,06134028,資訊學院資訊應用與科技管理碩士在職專班,碩士在職專班,9.0,
108,靜宜大學,一般大學,07141030,資訊工程學系,學士班(日間),459.0,87.0
108,靜宜大學,一般大學,07141030,資訊工程學系,碩士班(日間),5.0,2.0
108,靜宜大學,一般大學,09161035,化粧品科學系,博士班,8.0,
108,靜宜大學,一般大學,09161035,化粧品科學系,學士班(日間),506.0,132.0
108,靜宜大學,一般大學,09161035,化粧品科學系,碩士在職專班,28.0,6.0
108,靜宜大學,一般大學,09161035,化粧品科學系,碩士班(日間),20.0,9.0
108,靜宜大學,一般大學,09231032,社會工作與兒童少年福利學系,學士班(日間),554.0,136.0
108,靜宜大學,一般大學,09231032,社會工作與兒童少年福利學系,碩士在職專班,35.0,8.0
108,靜宜大學,一般大學,09231032,社會工作與兒童少年福利學系,碩士班(日間),40.0,7.0
108,靜宜大學,一般大學,09231041,健康照顧社會工作學士學位學程原住民專班,學士班(日間),15.0,
108,靜宜大學,一般大學,09299039,社會企業與文化創意碩士學位學程,碩士班(日間),30.0,7.0
108,靜宜大學,一般大學,10151034,觀光事業學系,學士班(日間),771.0,169.0
108,靜宜大學,一般大學,10151034,觀光事業學系,碩士在職專班,43.0,11.0
108,靜宜大學,一般大學,10151034,觀光事業學系,碩士班(日間),22.0,8.0
109,中國醫藥大學,一般大學,04133029,醫務管理學系,學士班(日間),89.0,31.0
109,中國醫藥大學,一般大學,04133029,醫務管理學系,碩士在職專班,51.0,17.0
109,中國醫藥大學,一般大學,04133029,醫務管理學系,碩士班(日間),40.0,18.0
109,中國醫藥大學,一般大學,04133058,科技管理碩士學位學程,碩士班(日間),3.0,
109,中國醫藥大學,一般大學,04199058,科技管理碩士學位學程,碩士班(日間),,2.0
109,中國醫藥大學,一般大學,04212057,科技法律碩士學位學程,碩士班(日間),13.0,1.0
109,中國醫藥大學,一般大學,05121043,生物科技學系,博士班,11.0,6.0
109,中國醫藥大學,一般大學,05121043,生物科技學系,學士班(日間),216.0,42.0
109,中國醫藥大學,一般大學,05121043,生物科技學系,碩士班(日間),13.0,4.0
109,中國醫藥大學,一般大學,05121043,生物科技產業博士學位學程,博士班,6.0,1.0
109,中國醫藥大學,一般大學,05191021,營養學系,博士班,7.0,2.0
109,中國醫藥大學,一般大學,05191021,營養學系,學士班(日間),322.0,81.0
109,中國醫藥大學,一般大學,05191021,營養學系,碩士班(日間),45.0,21.0
109,中國醫藥大學,一般大學,06134060,數位健康創新碩士學位學程,碩士班(日間),3.0,
109,中國醫藥大學,一般大學,07193031,生物醫學工程碩士學位學程,碩士班(日間),8.0,3.0
109,中國醫藥大學,一般大學,07193055,醫學工程與復健科技產業博士學位學程,博士班,9.0,
109,中國醫藥大學,一般大學,08411012,中獸醫碩士學位學程,碩士班(日間),3.0,1.0
109,中國醫藥大學,一般大學,09111019,牙醫學系,博士班,12.0,
109,中國醫藥大學,一般大學,09111019,牙醫學系,學士班(日間),311.0,53.0
109,中國醫藥大學,一般大學,09111019,牙醫學系,碩士班(日間),7.0,3.0
109,中國醫藥大學,一般大學,09111019,牙醫學系口腔醫學產業碩士班,碩士班(日間),10.0,5.0
109,中國醫藥大學,一般大學,09111030,口腔衛生學系,學士班(日間),5.0,5.0
109,中國醫藥大學,一般大學,09121003,生物醫學研究所,博士班,101.0,15.0
109,中國醫藥大學,一般大學,09121003,生物醫學研究所,碩士班(日間),51.0,18.0
109,中國醫藥大學,一般大學,09121004,臨床醫學研究所,博士班,15.0,5.0
109,中國醫藥大學,一般大學,09121006,基礎醫學研究所,博士班,3.0,2.0
109,中國醫藥大學,一般大學,09121006,基礎醫學研究所,碩士班(日間),1.0,
109,中國醫藥大學,一般大學,09121014,中醫學系,博士班,41.0,6.0
109,中國醫藥大學,一般大學,09121014,中醫學系,學士班(日間),850.0,129.0
109,中國醫藥大學,一般大學,09121014,中醫學系,碩士班(日間),9.0,7.0
109,中國醫藥大學,一般大學,09121014,中醫學系八年制,學士班(日間),5.0,
109,中國醫藥大學,一般大學,09121014,學士後中醫學系,學士班(日間),513.0,106.0
109,中國醫藥大學,一般大學,09121016,醫學系,學士班(日間),803.0,133.0
109,中國醫藥大學,一般大學,09121016,醫學系七年制,學士班(日間),2.0,
109,中國醫藥大學,一般大學,09121020,國際生物醫學碩士學位學程,碩士班(日間),12.0,6.0
109,中國醫藥大學,一般大學,09121023,老化醫學博士學位學程,博士班,15.0,4.0
109,中國醫藥大學,一般大學,09121025,轉譯醫學博士學位學程,博士班,1.0,2.0
109,中國醫藥大學,一般大學,09121046,中西醫結合研究所,博士班,14.0,
109,中國醫藥大學,一般大學,09121046,中西醫結合研究所,碩士班(日間),6.0,3.0
109,中國醫藥大學,一般大學,09121049,癌症生物與藥物研發博士學位學程,博士班,8.0,
109,中國醫藥大學,一般大學,09121059,生醫科技產業博士學位學程,博士班,3.0,
109,中國醫藥大學,一般大學,09131024,二年制呼吸治療學系,學士班(進修),1.0,1.0
109,中國醫藥大學,一般大學,09131045,護理學系,學士班(日間),306.0,64.0
109,中國醫藥大學,一般大學,09131045,護理學系,碩士班(日間),53.0,8.0
109,中國醫藥大學,一般大學,09141017,醫學檢驗生物技術學系,學士班(日間),192.0,48.0
109,中國醫藥大學,一般大學,09141017,醫學檢驗生物技術學系,碩士班(日間),15.0,6.0
109,中國醫藥大學,一般大學,09141032,生物醫學影像暨放射科學學系,學士班(日間),218.0,50.0
109,中國醫藥大學,一般大學,09141032,生物醫學影像暨放射科學學系,碩士班(日間),8.0,3.0
109,中國醫藥大學,一般大學,09151010,物理治療學系,學士班(日間),255.0,59.0
109,中國醫藥大學,一般大學,09151010,物理治療學系復健科學碩士班,碩士班(日間),17.0,7.0
109,中國醫藥大學,一般大學,09159047,運動醫學系,學士班(日間),200.0,52.0
109,中國醫藥大學,一般大學,09161015,新藥開發研究所,博士班,10.0,
109,中國醫藥大學,一般大學,09161015,新藥開發研究所,碩士班(日間),9.0,4.0
109,中國醫藥大學,一般大學,09161034,藥學系,博士班,20.0,3.0
109,中國醫藥大學,一般大學,09161034,藥學系,學士班(日間),1181.0,238.0
109,中國醫藥大學,一般大學,09161034,藥學系,碩士班(日間),25.0,14.0
109,中國醫藥大學,一般大學,09161039,中國藥學暨中藥資源學系,博士班,12.0,1.0
109,中國醫藥大學,一般大學,09161039,中國藥學暨中藥資源學系,學士班(日間),145.0,29.0
109,中國醫藥大學,一般大學,09161039,中國藥學暨中藥資源學系,碩士班(日間),11.0,3.0
109,中國醫藥大學,一般大學,09161042,藥用化妝品學系,學士班(日間),183.0,43.0
109,中國醫藥大學,一般大學,09161042,藥用化妝品學系,碩士班(日間),22.0,12.0
109,中國醫藥大學,一般大學,09161050,製藥碩士學位學程,碩士班(日間),16.0,10.0
109,中國醫藥大學,一般大學,09161051,生技製藥產業博士學位學程,博士班,8.0,2.0
109,中國醫藥大學,一般大學,09171013,針灸研究所,博士班,12.0,2.0
109,中國醫藥大學,一般大學,09171013,針灸研究所,碩士班(日間),9.0,2.0
109,中國醫藥大學,一般大學,09171048,國際針灸碩士學位學程,碩士班(日間),4.0,4.0
109,中國醫藥大學,一般大學,09191026,公共衛生學系,博士班,71.0,14.0
109,中國醫藥大學,一般大學,09191026,公共衛生學系,學士班(日間),182.0,42.0
109,中國醫藥大學,一般大學,09191026,公共衛生學系,碩士班(日間),42.0,10.0
109,中國醫藥大學,一般大學,09191056,公共衛生學院大一不分系,學士班(日間),150.0,
109,中國醫藥大學,一般大學,09199045,護理學系跨領域長期照護碩士在職專班,碩士在職專班,21.0,1.0
109,中國醫藥大學,一般大學,09199053,食品暨藥物安全碩士學位學程,碩士班(日間),8.0,5.0
109,中國醫藥大學,一般大學,09199054,健康科技產業博士學位學程,博士班,6.0,
109,中國醫藥大學,一般大學,10221038,職業安全與衛生學系,學士班(日間),113.0,40.0
109,中國醫藥大學,一般大學,10221038,職業安全與衛生學系,碩士在職專班,22.0,10.0
109,中國醫藥大學,一般大學,10221038,職業安全與衛生學系,碩士班(日間),19.0,12.0
109,中山醫學大學,一般大學,02311003,應用外國語言學系,學士班(日間),171.0,43.0
109,中山醫學大學,一般大學,03131004,心理學系,學士班(日間),199.0,49.0
109,中山醫學大學,一般大學,03131004,心理學系臨床心理學碩士班,碩士班(日間),73.0,19.0
109,中山醫學大學,一般大學,04133006,醫療產業科技管理學系,學士班(日間),163.0,36.0
109,中山醫學大學,一般大學,04133006,醫療產業科技管理學系,碩士在職專班,1.0,
109,中山醫學大學,一般大學,04133006,醫療產業科技管理學系,碩士班(日間),14.0,7.0
109,中山醫學大學,一般大學,05121012,生物醫學科學學系,學士班(日間),294.0,60.0
109,中山醫學大學,一般大學,05124012,生物醫學科學學系,碩士班(日間),15.0,9.0
109,中山醫學大學,一般大學,05191026,營養學系,博士班,16.0,4.0
109,中山醫學大學,一般大學,05191026,營養學系,學士班(日間),352.0,85.0
109,中山醫學大學,一般大學,05191026,營養學系,碩士班(日間),42.0,14.0
109,中山醫學大學,一般大學,05399015,醫學應用化學系,學士班(日間),188.0,44.0
109,中山醫學大學,一般大學,05399015,醫學應用化學系,碩士班(日間),9.0,3.0
109,中山醫學大學,一般大學,06131033,醫學資訊學系,學士班(日間),160.0,29.0
109,中山醫學大學,一般大學,06131033,醫學資訊學系,碩士班(日間),10.0,5.0
109,中山醫學大學,一般大學,09111038,牙醫學系,博士班,6.0,1.0
109,中山醫學大學,一般大學,09111038,牙醫學系,學士班(日間),479.0,74.0
109,中山醫學大學,一般大學,09111038,牙醫學系,碩士班(日間),19.0,5.0
109,中山醫學大學,一般大學,09111039,口腔科學研究所,博士班,10.0,3.0
109,中山醫學大學,一般大學,09111039,口腔科學研究所,碩士班(日間),15.0,6.0
109,中山醫學大學,一般大學,09121018,醫學研究所,博士班,121.0,31.0
109,中山醫學大學,一般大學,09121018,醫學研究所,碩士在職專班,7.0,5.0
109,中山醫學大學,一般大學,09121018,醫學研究所,碩士班(日間),75.0,32.0
109,中山醫學大學,一般大學,09121018,醫學系,學士班(日間),818.0,137.0
109,中山醫學大學,一般大學,09121018,醫學系七年制,學士班(日間),2.0,
109,中山醫學大學,一般大學,09131028,護理學系,學士班(日間),414.0,104.0
109,中山醫學大學,一般大學,09131028,護理學系,碩士班(日間),51.0,13.0
109,中山醫學大學,一般大學,09131028,護理學系長期照護碩士在職專班,碩士在職專班,62.0,14.0
109,中山醫學大學,一般大學,09141030,醫學檢驗暨生物技術學系,學士班(日間),316.0,84.0
109,中山醫學大學,一般大學,09141030,醫學檢驗暨生物技術學系,碩士班(日間),7.0,2.0
109,中山醫學大學,一般大學,09141030,醫學科技學院醫學檢驗暨生物技術學系澳門境外碩士在職專班,碩士在職專班,2.0,
109,中山醫學大學,一般大學,09141031,醫學影像暨放射科學系,學士班(日間),302.0,68.0
109,中山醫學大學,一般大學,09141031,醫學影像暨放射科學系,碩士班(日間),20.0,14.0
109,中山醫學大學,一般大學,09141032,視光學系,學士班(日間),220.0,50.0
109,中山醫學大學,一般大學,09141032,視光學系,學士班(進修),124.0,34.0
109,中山醫學大學,一般大學,09141032,視光學系,碩士班(日間),29.0,10.0
109,中山醫學大學,一般大學,09151022,物理治療學系,學士班(日間),216.0,45.0
109,中山醫學大學,一般大學,09151022,物理治療學系,碩士班(日間),11.0,3.0
109,中山醫學大學,一般大學,09152023,職能治療學系,學士班(日間),201.0,38.0
109,中山醫學大學,一般大學,09152023,職能治療學系,碩士班(日間),14.0,4.0
109,中山醫學大學,一般大學,09153024,語言治療與聽力學系,學士班(日間),396.0,82.0
109,中山醫學大學,一般大學,09153024,語言治療與聽力學系,碩士班(日間),39.0,7.0
109,中山醫學大學,一般大學,09191020,公共衛生學系,博士班,27.0,1.0
109,中山醫學大學,一般大學,09191020,公共衛生學系,學士班(日間),251.0,55.0
109,中山醫學大學,一般大學,09191020,公共衛生學系,碩士班(日間),18.0,11.0
109,中山醫學大學,一般大學,09199048,健康管理學院國際健康產業經營管理碩士在職專班,碩士在職專班,87.0,36.0
109,中山醫學大學,一般大學,09231045,醫學社會暨社會工作學系,學士班(日間),360.0,71.0
109,中山醫學大學,一般大學,09231045,醫學社會暨社會工作學系,碩士班(日間),30.0,3.0
109,中山醫學大學,一般大學,10131046,健康餐飲暨產業管理學系,學士班(日間),162.0,38.0
109,中山醫學大學,一般大學,10131046,健康餐飲暨產業管理學系,碩士班(日間),15.0,9.0
109,中山醫學大學,一般大學,10221021,職業安全衛生學系,學士班(日間),189.0,40.0
109,中山醫學大學,一般大學,10221021,職業安全衛生學系,碩士在職專班,3.0,1.0
109,中山醫學大學,一般大學,10221021,職業安全衛生學系,碩士班(日間),8.0,6.0
109,中臺科技大學,技專校院,01111009,文教事業經營研究所,碩士在職專班,57.0,22.0
109,中臺科技大學,技專校院,01111009,文教事業經營研究所,碩士班(日間),14.0,4.0
109,中臺科技大學,技專校院,01121001,兒童教育暨事業經營系,學士班(日間),281.0,47.0
109,中臺科技大學,技專校院,01121001,兒童教育暨事業經營系,學士班(進修),346.0,115.0
109,中臺科技大學,技專校院,02311002,應用外語系,學士班(日間),246.0,73.0
109,中臺科技大學,技專校院,02311002,應用外語系,學士班(進修),53.0,8.0
109,中臺科技大學,技專校院,04131003,國際企業系,學士班(日間),131.0,27.0
109,中臺科技大學,技專校院,04131003,國際企業系,學士班(進修),27.0,8.0
109,中臺科技大學,技專校院,04133008,醫療暨健康產業管理系,學士班(日間),348.0,81.0
109,中臺科技大學,技專校院,04133008,醫療暨健康產業管理系,學士班(進修),103.0,24.0
109,中臺科技大學,技專校院,04133008,醫療暨健康產業管理系,碩士在職專班,34.0,
109,中臺科技大學,技專校院,04133008,醫療暨健康產業管理系,碩士班(日間),10.0,
109,中臺科技大學,技專校院,04133008,醫療暨健康產業管理系碩士在職專班,碩士在職專班,,19.0
109,中臺科技大學,技專校院,04133008,醫療暨健康產業管理系碩士班,碩士班(日間),,7.0
109,中臺科技大學,技專校院,04143004,行銷管理系,學士班(日間),327.0,84.0
109,中臺科技大學,技專校院,04143004,行銷管理系,學士班(進修),124.0,24.0
109,中臺科技大學,技專校院,06131012,資訊管理系,學士班(日間),246.0,41.0
109,中臺科技大學,技專校院,06131012,資訊管理系,學士班(進修),76.0,11.0
109,中臺科技大學,技專校院,06131037,人工智慧健康管理系,學士班(日間),8.0,
109,中臺科技大學,技專校院,06131037,人工智慧健康管理系,學士班(進修),24.0,
109,中臺科技大學,技專校院,07121013,環境與安全衛生工程系,學士班(日間),235.0,49.0
109,中臺科技大學,技專校院,07121013,環境與安全衛生工程系,學士班(進修),102.0,14.0
109,中臺科技大學,技專校院,07121013,環境與安全衛生工程系,碩士班(日間),21.0,
109,中臺科技大學,技專校院,07121013,環境與安全衛生工程系碩士班,碩士班(日間),,8.0
109,中臺科技大學,技專校院,07193014,生物科技暨醫學工程研究所,碩士班(日間),4.0,3.0
109,中臺科技大學,技專校院,07211017,食品科技系,學士班(日間),454.0,89.0
109,中臺科技大學,技專校院,07211017,食品科技系,學士班(進修),267.0,59.0
109,中臺科技大學,技專校院,07211017,食品科技系,碩士班(日間),10.0,
109,中臺科技大學,技專校院,07211017,食品科技系碩士班,碩士班(日間),,4.0
109,中臺科技大學,技專校院,09111033,牙體技術暨材料系,學士班(日間),500.0,130.0
109,中臺科技大學,技專校院,09111033,牙體技術暨材料系,碩士班(日間),7.0,
109,中臺科技大學,技專校院,09111033,牙體技術暨材料系碩士班,碩士班(日間),,3.0
109,中臺科技大學,技專校院,09131020,護理系,學士班(日間),785.0,261.0
109,中臺科技大學,技專校院,09131020,護理系,學士班(進修),1178.0,551.0
109,中臺科技大學,技專校院,09131020,護理系,碩士在職專班,71.0,
109,中臺科技大學,技專校院,09131020,護理系,碩士班(日間),31.0,
109,中臺科技大學,技專校院,09131020,護理系碩士在職專班,碩士在職專班,,16.0
109,中臺科技大學,技專校院,09131020,護理系碩士班,碩士班(日間),,7.0
109,中臺科技大學,技專校院,09141028,醫學檢驗生物技術系,學士班(日間),515.0,120.0
109,中臺科技大學,技專校院,09141028,醫學檢驗生物技術系,碩士班(日間),15.0,
109,中臺科技大學,技專校院,09141028,醫學檢驗生物技術系碩士班,碩士班(日間),,4.0
109,中臺科技大學,技專校院,09141029,醫學影像暨放射科學系,博士班,15.0,
109,中臺科技大學,技專校院,09141029,醫學影像暨放射科學系,學士班(日間),548.0,140.0
109,中臺科技大學,技專校院,09141029,醫學影像暨放射科學系,碩士在職專班,15.0,
109,中臺科技大學,技專校院,09141029,醫學影像暨放射科學系,碩士班(日間),12.0,
109,中臺科技大學,技專校院,09141029,醫學影像暨放射科學系博士班,博士班,,6.0
109,中臺科技大學,技專校院,09141029,醫學影像暨放射科學系碩士在職專班,碩士在職專班,,8.0
109,中臺科技大學,技專校院,09141029,醫學影像暨放射科學系碩士班,碩士班(日間),,10.0
109,中臺科技大學,技專校院,09141030,視光系,學士班(日間),304.0,48.0
109,中臺科技大學,技專校院,09141030,視光系,學士班(進修),153.0,55.0
109,中臺科技大學,技專校院,09211034,老人照顧科,二專(日間),18.0,17.0
109,中臺科技大學,技專校院,09211034,老人照顧系,學士班(日間),239.0,43.0
109,中臺科技大學,技專校院,09211034,老人照顧系,學士班(進修),147.0,22.0
109,中臺科技大學,技專校院,09212024,長期照顧碩士在職學位學程,碩士在職專班,,7.0
109,中臺科技大學,技專校院,09212024,長期照顧碩士學位學程,碩士在職專班,69.0,
109,亞洲大學,一般大學,01121001,幼兒教育學系,學士班(日間),381.0,86.0
109,亞洲大學,一般大學,02112006,視覺傳達設計學系,學士班(日間),419.0,90.0
109,亞洲大學,一般大學,02112006,視覺傳達設計學系,碩士班(日間),24.0,8.0
109,亞洲大學,一般大學,02112007,數位媒體設計學系,博士班,46.0,7.0
109,亞洲大學,一般大學,02112007,數位媒體設計學系,學士班(日間),441.0,83.0
109,亞洲大學,一般大學,02112007,數位媒體設計學系,碩士班(日間),22.0,6.0
109,亞洲大學,一般大學,02112058,創新產業博士學位學程,博士班,4.0,
109,亞洲大學,一般大學,02122004,時尚設計學系,學士班(日間),372.0,88.0
109,亞洲大學,一般大學,02122005,創意設計學院不分系國際設計學士班,學士班(日間),42.0,11.0
109,亞洲大學,一般大學,02123011,創意商品設計學系,學士班(日間),399.0,81.0
109,亞洲大學,一般大學,02123011,創意商品設計學系,學士班(進修),107.0,18.0
109,亞洲大學,一般大學,02123011,創意商品設計學系,碩士班(日間),14.0,2.0
109,亞洲大學,一般大學,02124012,室內設計學系,學士班(日間),231.0,49.0
109,亞洲大學,一般大學,02311002,外國語文學系,學士班(日間),326.0,107.0
109,亞洲大學,一般大學,02311002,外國語文學系,碩士班(日間),20.0,2.0
109,亞洲大學,一般大學,03131013,心理學系,學士班(日間),478.0,105.0
109,亞洲大學,一般大學,03131013,心理學系,碩士班(日間),151.0,29.0
109,亞洲大學,一般大學,03213014,資訊傳播學系,學士班(日間),384.0,91.0
109,亞洲大學,一般大學,03213014,資訊傳播學系,碩士班(日間),13.0,1.0
109,亞洲大學,一般大學,04111015,會計與資訊學系,學士班(日間),286.0,80.0
109,亞洲大學,一般大學,04111015,會計與資訊學系,碩士班(日間),24.0,8.0
109,亞洲大學,一般大學,04121019,財務金融學系,學士班(日間),384.0,80.0
109,亞洲大學,一般大學,04121019,財務金融學系,碩士在職專班,38.0,33.0
109,亞洲大學,一般大學,04121019,財務金融學系,碩士班(日間),13.0,10.0
109,亞洲大學,一般大學,04121020,國際財務金融管理學士學位學程,學士班(日間),24.0,3.0
109,亞洲大學,一般大學,04131017,經營管理學系,博士班,79.0,10.0
109,亞洲大學,一般大學,04131017,經營管理學系,學士班(日間),577.0,152.0
109,亞洲大學,一般大學,04131017,經營管理學系,學士班(進修),58.0,
109,亞洲大學,一般大學,04131017,經營管理學系,碩士在職專班,112.0,36.0
109,亞洲大學,一般大學,04131017,經營管理學系,碩士班(日間),59.0,49.0
109,亞洲大學,一般大學,04131054,創新與創業管理碩士學位學程,碩士班(日間),11.0,6.0
109,亞洲大學,一般大學,04131055,EMBA高階經理碩士在職學位學程,碩士在職專班,29.0,25.0
109,亞洲大學,一般大學,04131059,智慧健康先進管理技術博士學位學程,博士班,5.0,
109,亞洲大學,一般大學,04199018,新興產業策略與發展博士學位學程,博士班,20.0,2.0
109,亞洲大學,一般大學,04199026,管理學院進修學士學位學程,學士班(進修),271.0,62.0
109,亞洲大學,一般大學,04212027,財經法律學系,學士班(日間),382.0,95.0
109,亞洲大學,一般大學,04212027,財經法律學系,碩士班(日間),36.0,14.0
109,亞洲大學,一般大學,05191053,食品營養與保健生技學系,學士班(日間),388.0,84.0
109,亞洲大學,一般大學,05191053,食品營養與保健生技學系,學士班(進修),185.0,30.0
109,亞洲大學,一般大學,05191053,食品營養與保健生技學系,碩士在職專班,14.0,
109,亞洲大學,一般大學,05191053,食品營養與保健生技學系,碩士班(日間),28.0,4.0
109,亞洲大學,一般大學,06111057,人工智慧博士學位學程,博士班,7.0,
109,亞洲大學,一般大學,06134033,行動商務與多媒體應用學系,學士班(日間),331.0,63.0
109,亞洲大學,一般大學,06134033,行動商務與多媒體應用學系,碩士班(日間),14.0,2.0
109,亞洲大學,一般大學,06134037,資訊工程學系,博士班,26.0,2.0
109,亞洲大學,一般大學,06134037,資訊工程學系,學士班(日間),479.0,108.0
109,亞洲大學,一般大學,06134037,資訊工程學系,碩士在職專班,28.0,8.0
109,亞洲大學,一般大學,06134037,資訊工程學系,碩士班(日間),38.0,13.0
109,亞洲大學,一般大學,07193029,生物資訊與醫學工程學系,博士班,16.0,3.0
109,亞洲大學,一般大學,07193029,生物資訊與醫學工程學系,學士班(日間),140.0,22.0
109,亞洲大學,一般大學,07193029,生物資訊與醫學工程學系,碩士在職專班,24.0,12.0
109,亞洲大學,一般大學,07193029,生物資訊與醫學工程學系,碩士班(日間),7.0,1.0
109,亞洲大學,一般大學,08411045,學士後獸醫學系,學士班(日間),160.0,36.0
109,亞洲大學,一般大學,09131046,護理學系,學士班(日間),419.0,103.0
109,亞洲大學,一般大學,09131046,護理學系,碩士班(日間),18.0,2.0
109,亞洲大學,一般大學,09131061,學士後護理學系,學士班(日間),39.0,
109,亞洲大學,一般大學,09141047,視光學系,學士班(日間),323.0,46.0
109,亞洲大學,一般大學,09141060,醫學檢驗暨生物技術學系,學士班(日間),268.0,56.0
109,亞洲大學,一般大學,09141060,醫學檢驗暨生物技術學系,碩士班(日間),13.0,6.0
109,亞洲大學,一般大學,09151056,物理治療學系,學士班(日間),80.0,
109,亞洲大學,一般大學,09152052,職能治療學系,學士班(日間),200.0,43.0
109,亞洲大學,一般大學,09153051,聽力暨語言治療學系,學士班(日間),206.0,49.0
109,亞洲大學,一般大學,09191021,健康產業管理學系,博士班,40.0,5.0
109,亞洲大學,一般大學,09191021,健康產業管理學系,學士班(日間),372.0,82.0
109,亞洲大學,一般大學,09191021,健康產業管理學系,碩士在職專班,68.0,18.0
109,亞洲大學,一般大學,09191021,健康產業管理學系,碩士班(日間),42.0,10.0
109,亞洲大學,一般大學,09231048,社會工作學系,學士班(日間),420.0,97.0
109,亞洲大學,一般大學,09231048,社會工作學系,學士班(進修),150.0,21.0
109,亞洲大學,一般大學,09231048,社會工作學系,碩士班(日間),45.0,15.0
109,亞洲大學,一般大學,10151049,休閒與遊憩管理學系,學士班(日間),437.0,96.0
109,亞洲大學,一般大學,10151049,休閒與遊憩管理學系,學士班(進修),3.0,2.0
109,亞洲大學,一般大學,10151049,休閒與遊憩管理學系,碩士在職專班,74.0,53.0
109,亞洲大學,一般大學,10151049,休閒與遊憩管理學系,碩士班(日間),37.0,13.0
109,修平學校財團法人修平科技大學,技專校院,02112005,數位媒體設計系,學士班(日間),212.0,45.0
109,修平學校財團法人修平科技大學,技專校院,02311003,應用英語科,二專(進修),1.0,
109,修平學校財團法人修平科技大學,技專校院,02311003,應用英語系,學士班(日間),144.0,24.0
109,修平學校財團法人修平科技大學,技專校院,02311003,應用英語系,附設進院,69.0,29.0
109,修平學校財團法人修平科技大學,技專校院,02311004,應用日語科,二專(進修),20.0,16.0
109,修平學校財團法人修平科技大學,技專校院,02311004,應用日語系,學士班(日間),299.0,81.0
109,修平學校財團法人修平科技大學,技專校院,02311004,應用日語系,附設進院,68.0,25.0
109,修平學校財團法人修平科技大學,技專校院,04121011,應用財務金融系,學士班(日間),3.0,3.0
109,修平學校財團法人修平科技大學,技專校院,04131009,國際企業經營科,二專(進修),2.0,
109,修平學校財團法人修平科技大學,技專校院,04131030,企業經營管理系,學士班(日間),166.0,18.0
109,修平學校財團法人修平科技大學,技專校院,04131030,企業經營管理系,學士班(進修),113.0,7.0
109,修平學校財團法人修平科技大學,技專校院,04131030,企業經營管理系,附設進院,92.0,41.0
109,修平學校財團法人修平科技大學,技專校院,04131030,企業經營管理系_現役軍人營區在職專班,學士班(進修),23.0,
109,修平學校財團法人修平科技大學,技專校院,04131030,企業經營管理系_現役軍人營區在職專班,附設進院,31.0,
109,修平學校財團法人修平科技大學,技專校院,04132013,行銷與流通管理系,學士班(日間),260.0,70.0
109,修平學校財團法人修平科技大學,技專校院,04132013,行銷與流通管理系,學士班(進修),111.0,15.0
109,修平學校財團法人修平科技大學,技專校院,04199015,人力資源管理與發展系,學士班(日間),145.0,15.0
109,修平學校財團法人修平科技大學,技專校院,04199015,人力資源管理與發展系,碩士班(日間),33.0,
109,修平學校財團法人修平科技大學,技專校院,04199015,人力資源管理與發展系碩士班,碩士班(日間),,11.0
109,修平學校財團法人修平科技大學,技專校院,06121018,資訊網路技術系,學士班(日間),120.0,21.0
109,修平學校財團法人修平科技大學,技專校院,06131017,資訊管理系,學士班(日間),161.0,19.0
109,修平學校財團法人修平科技大學,技專校院,06131017,資訊管理系,學士班(進修),125.0,10.0
109,修平學校財團法人修平科技大學,技專校院,07132028,能源與材料科技系,學士班(日間),1.0,1.0
109,修平學校財團法人修平科技大學,技專校院,07141019,電機工程科,二專(進修),2.0,2.0
109,修平學校財團法人修平科技大學,技專校院,07141019,電機工程系,學士班(日間),178.0,32.0
109,修平學校財團法人修平科技大學,技專校院,07141019,電機工程系,學士班(進修),203.0,66.0
109,修平學校財團法人修平科技大學,技專校院,07141019,電機工程系,碩士班(日間),15.0,
109,修平學校財團法人修平科技大學,技專校院,07141019,電機工程系,附設進院,80.0,35.0
109,修平學校財團法人修平科技大學,技專校院,07141019,電機工程系碩士班,碩士班(日間),,3.0
109,修平學校財團法人修平科技大學,技專校院,07141020,電子工程系,學士班(日間),176.0,36.0
109,修平學校財團法人修平科技大學,技專校院,07141020,電子工程系,學士班(進修),81.0,
109,修平學校財團法人修平科技大學,技專校院,07151021,機械工程系,學士班(日間),640.0,54.0
109,修平學校財團法人修平科技大學,技專校院,07151021,機械工程系,學士班(進修),615.0,63.0
109,修平學校財團法人修平科技大學,技專校院,07151021,機械工程系,附設進院,134.0,58.0
109,修平學校財團法人修平科技大學,技專校院,07151021,機械工程系(含精密機械與製造科技碩士班)_現役軍人營區在職專班,附設進院,22.0,
109,修平學校財團法人修平科技大學,技專校院,07151021,機械工程系精密機械與製造科技碩士班,碩士班(日間),8.0,1.0
109,修平學校財團法人修平科技大學,技專校院,07191026,工業工程與管理系,學士班(日間),148.0,39.0
109,修平學校財團法人修平科技大學,技專校院,07191026,工業工程與管理系,學士班(進修),122.0,27.0
109,修平學校財團法人修平科技大學,技專校院,07191026,工業工程與管理系,附設進院,65.0,29.0
109,修平學校財團法人修平科技大學,技專校院,07191026,工業工程與管理系(含精實生產管理碩士班)_現役軍人營區在職專班,碩士在職專班,11.0,
109,修平學校財團法人修平科技大學,技專校院,07191026,工業工程與管理系_精實生產國際學生產學合作專班,學士班(日間),38.0,
109,修平學校財團法人修平科技大學,技專校院,07191026,工業工程與管理系精實生產管理碩士在職專班,碩士在職專班,8.0,
109,修平學校財團法人修平科技大學,技專校院,07191026,工業工程與管理系精實生產管理碩士班,碩士班(日間),6.0,1.0
109,修平學校財團法人修平科技大學,技專校院,10151029,觀光與遊憩管理系,學士班(日間),279.0,63.0
109,僑光科技大學,技專校院,02122004,生活創意設計系,學士班(日間),393.0,91.0
109,僑光科技大學,技專校院,02122004,生活創意設計系,學士班(進修),343.0,73.0
109,僑光科技大學,技專校院,02123005,電腦輔助工業設計系,學士班(日間),396.0,98.0
109,僑光科技大學,技專校院,02123005,電腦輔助工業設計系,學士班(進修),196.0,51.0
109,僑光科技大學,技專校院,02123005,電腦輔助工業設計系_工具機整合設計國際學生產學合作專班,學士班(日間),35.0,35.0
109,僑光科技大學,技專校院,02123005,電腦輔助工業設計系_精密機械加工與設計專班,學士班(日間),37.0,
109,僑光科技大學,技專校院,02123005,電腦輔助工業設計系_精密機械加工與設計專班,學士班(進修),20.0,20.0
109,僑光科技大學,技專校院,02311003,應用英語系,學士班(日間),424.0,106.0
109,僑光科技大學,技專校院,02311003,應用英語系,學士班(進修),179.0,23.0
109,僑光科技大學,技專校院,04121013,財務金融系,學士班(日間),468.0,110.0
109,僑光科技大學,技專校院,04121013,財務金融系,學士班(進修),192.0,44.0
109,僑光科技大學,技專校院,04121013,財務金融系,碩士班(日間),32.0,
109,僑光科技大學,技專校院,04121013,財務金融系碩士班,碩士班(日間),,22.0
109,僑光科技大學,技專校院,04131009,企業管理系,學士班(日間),406.0,96.0
109,僑光科技大學,技專校院,04131009,企業管理系,學士班(進修),409.0,89.0
109,僑光科技大學,技專校院,04131009,企業管理系,碩士在職專班,20.0,
109,僑光科技大學,技專校院,04131009,企業管理系,碩士班(日間),13.0,
109,僑光科技大學,技專校院,04131009,企業管理系_工商管理,學士班(日間),18.0,
109,僑光科技大學,技專校院,04131009,企業管理系碩士在職專班,碩士在職專班,,11.0
109,僑光科技大學,技專校院,04131009,企業管理系碩士班,碩士班(日間),,10.0
109,僑光科技大學,技專校院,04132016,行銷與流通管理科,二專(進修),,1.0
109,僑光科技大學,技專校院,04132016,行銷與流通管理系,學士班(日間),699.0,123.0
109,僑光科技大學,技專校院,04132016,行銷與流通管理系,學士班(進修),573.0,87.0
109,僑光科技大學,技專校院,04141011,國際貿易系,學士班(日間),429.0,78.0
109,僑光科技大學,技專校院,04141011,國際貿易系,學士班(進修),181.0,36.0
109,僑光科技大學,技專校院,04212018,財經法律系,學士班(日間),306.0,66.0
109,僑光科技大學,技專校院,04212018,財經法律系,學士班(進修),154.0,41.0
109,僑光科技大學,技專校院,04212018,財經法律系學士後多元專長培力課程,學士班(進修),3.0,3.0
109,僑光科技大學,技專校院,06131019,資訊科技系,學士班(日間),406.0,105.0
109,僑光科技大學,技專校院,06131019,資訊科技系,學士班(進修),421.0,83.0
109,僑光科技大學,技專校院,06133021,多媒體與遊戲設計系,學士班(日間),458.0,110.0
109,僑光科技大學,技專校院,06133021,多媒體與遊戲設計系,學士班(進修),193.0,41.0
109,僑光科技大學,技專校院,10131024,餐飲管理系,學士班(日間),708.0,174.0
109,僑光科技大學,技專校院,10131024,餐飲管理系,學士班(進修),560.0,120.0
109,僑光科技大學,技專校院,10131025,旅館與會展管理系,學士班(日間),423.0,99.0
109,僑光科技大學,技專校院,10131025,旅館與會展管理系,學士班(進修),236.0,86.0
109,僑光科技大學,技專校院,10151026,觀光與休閒事業管理系,學士班(日間),641.0,230.0
109,僑光科技大學,技專校院,10151026,觀光與休閒事業管理系,學士班(進修),638.0,139.0
109,國立中興大學,一般大學,01111001,教師專業發展研究所,碩士班(日間),36.0,9.0
109,國立中興大學,一般大學,02221007,歷史學系,博士班,37.0,3.0
109,國立中興大學,一般大學,02221007,歷史學系,學士班(日間),233.0,47.0
109,國立中興大學,一般大學,02221007,歷史學系,碩士在職專班,15.0,4.0
109,國立中興大學,一般大學,02221007,歷史學系,碩士班(日間),37.0,10.0
109,國立中興大學,一般大學,02299008,文化創意產業學士學位學程,學士班(進修),142.0,35.0
109,國立中興大學,一般大學,02311006,外國語文學系,學士班(日間),264.0,56.0
109,國立中興大學,一般大學,02311006,外國語文學系,學士班(進修),232.0,34.0
109,國立中興大學,一般大學,02311006,外國語文學系,碩士班(日間),27.0,4.0
109,國立中興大學,一般大學,02321003,台灣文學與跨國文化研究所,碩士在職專班,25.0,3.0
109,國立中興大學,一般大學,02321003,台灣文學與跨國文化研究所,碩士班(日間),34.0,1.0
109,國立中興大學,一般大學,02321003,台灣文學與跨國文化研究所教師在職進修碩士學位班,碩士在職專班,4.0,2.0
109,國立中興大學,一般大學,02321004,台灣與跨文化研究國際博士學位學程,博士班,11.0,1.0
109,國立中興大學,一般大學,02321103,台灣人文創新學士學位學程,學士班(日間),16.0,
109,國立中興大學,一般大學,02322005,中國文學系,博士班,35.0,5.0
109,國立中興大學,一般大學,02322005,中國文學系,學士班(日間),238.0,65.0
109,國立中興大學,一般大學,02322005,中國文學系,學士班(進修),171.0,31.0
109,國立中興大學,一般大學,02322005,中國文學系,碩士在職專班,35.0,5.0
109,國立中興大學,一般大學,02322005,中國文學系,碩士班(日間),57.0,16.0
109,國立中興大學,一般大學,03111009,應用經濟學系,博士班,30.0,1.0
109,國立中興大學,一般大學,03111009,應用經濟學系,學士班(日間),212.0,55.0
109,國立中興大學,一般大學,03111009,應用經濟學系,碩士在職專班,32.0,12.0
109,國立中興大學,一般大學,03111009,應用經濟學系,碩士班(日間),30.0,13.0
109,國立中興大學,一般大學,03122010,國際政治研究所,博士班,22.0,
109,國立中興大學,一般大學,03122010,國際政治研究所,碩士在職專班,64.0,15.0
109,國立中興大學,一般大學,03122010,國際政治研究所,碩士班(日間),46.0,15.0
109,國立中興大學,一般大學,03222013,圖書資訊學研究所,碩士班(日間),33.0,1.0
109,國立中興大學,一般大學,04111015,會計學系,學士班(日間),181.0,45.0
109,國立中興大學,一般大學,04111015,會計學系,碩士班(日間),45.0,20.0
109,國立中興大學,一般大學,04121019,財務金融學系,博士班,18.0,3.0
109,國立中興大學,一般大學,04121019,財務金融學系,學士班(日間),245.0,65.0
109,國立中興大學,一般大學,04121019,財務金融學系,碩士班(日間),64.0,30.0
109,國立中興大學,一般大學,04131016,企業管理學系,博士班,35.0,4.0
109,國立中興大學,一般大學,04131016,企業管理學系,學士班(日間),249.0,60.0
109,國立中興大學,一般大學,04131016,企業管理學系,碩士班(日間),66.0,26.0
109,國立中興大學,一般大學,04131018,創新產業經營學士學位學程,學士班(進修),181.0,36.0
109,國立中興大學,一般大學,04131097,運動與健康管理研究所,碩士班(日間),25.0,13.0
109,國立中興大學,一般大學,04134011,國家政策與公共事務研究所,碩士在職專班,73.0,30.0
109,國立中興大學,一般大學,04134011,國家政策與公共事務研究所,碩士班(日間),29.0,14.0
109,國立中興大學,一般大學,04143020,行銷學系,學士班(日間),208.0,51.0
109,國立中興大學,一般大學,04143020,行銷學系,碩士班(日間),52.0,25.0
109,國立中興大學,一般大學,04199012,全球事務研究跨洲碩士學位學程,碩士班(日間),42.0,15.0
109,國立中興大學,一般大學,04199021,科技管理研究所,博士班,38.0,
109,國立中興大學,一般大學,04199021,科技管理研究所智慧科技管理碩士在職專班,碩士在職專班,9.0,
109,國立中興大學,一般大學,04199021,科技管理研究所科技管理碩士班,碩士班(日間),44.0,26.0
109,國立中興大學,一般大學,04199021,科技管理研究所電子商務碩士班,碩士班(日間),33.0,17.0
109,國立中興大學,一般大學,04199022,高階經理人碩士在職專班,碩士在職專班,277.0,98.0
109,國立中興大學,一般大學,04199022,高階經理人碩士在職專班兩岸台商組,碩士在職專班,,10.0
109,國立中興大學,一般大學,04199022,高階經理人碩士在職專班越南台商組,碩士在職專班,,24.0
109,國立中興大學,一般大學,04211023,法律學系,學士班(日間),167.0,37.0
109,國立中興大學,一般大學,04211023,法律學系,碩士在職專班,120.0,16.0
109,國立中興大學,一般大學,04211023,法律學系,碩士班(日間),87.0,19.0
109,國立中興大學,一般大學,05111026,生命科學碩士在職專班,碩士在職專班,54.0,7.0
109,國立中興大學,一般大學,05111026,生命科學系,博士班,33.0,4.0
109,國立中興大學,一般大學,05111026,生命科學系,學士班(日間),373.0,86.0
109,國立中興大學,一般大學,05111026,生命科學系,碩士班(日間),130.0,57.0
109,國立中興大學,一般大學,05111029,昆蟲學系,博士班,16.0,1.0
109,國立中興大學,一般大學,05111029,昆蟲學系,學士班(日間),195.0,50.0
109,國立中興大學,一般大學,05111029,昆蟲學系,碩士班(日間),46.0,12.0
109,國立中興大學,一般大學,05121027,生物科技學研究所,博士班,65.0,11.0
109,國立中興大學,一般大學,05121027,生物科技學研究所,碩士班(日間),42.0,14.0
109,國立中興大學,一般大學,05121031,生物科技學士學位學程,學士班(日間),125.0,30.0
109,國立中興大學,一般大學,05121033,分子生物學研究所,博士班,8.0,1.0
109,國立中興大學,一般大學,05121033,分子生物學研究所,碩士班(日間),52.0,21.0
109,國立中興大學,一般大學,05121035,生物醫學研究所,博士班,26.0,5.0
109,國立中興大學,一般大學,05121035,生物醫學研究所,碩士班(日間),32.0,13.0
109,國立中興大學,一般大學,05121037,基因體暨生物資訊學研究所,碩士班(日間),26.0,9.0
109,國立中興大學,一般大學,05123034,生物化學研究所,博士班,5.0,
109,國立中興大學,一般大學,05123034,生物化學研究所,碩士班(日間),34.0,13.0
109,國立中興大學,一般大學,05124038,微生物基因體學博士學位學程,博士班,22.0,2.0
109,國立中興大學,一般大學,05292082,水土保持學系,博士班,29.0,3.0
109,國立中興大學,一般大學,05292082,水土保持學系,學士班(日間),218.0,47.0
109,國立中興大學,一般大學,05292082,水土保持學系,碩士在職專班,55.0,18.0
109,國立中興大學,一般大學,05292082,水土保持學系,碩士班(日間),51.0,27.0
109,國立中興大學,一般大學,05311039,化學系,博士班,14.0,
109,國立中興大學,一般大學,05311039,化學系,學士班(日間),216.0,58.0
109,國立中興大學,一般大學,05311039,化學系,碩士班(日間),142.0,65.0
109,國立中興大學,一般大學,05331040,物理學系,博士班,11.0,1.0
109,國立中興大學,一般大學,05331040,物理學系,學士班(日間),219.0,50.0
109,國立中興大學,一般大學,05331040,物理學系,碩士班(日間),29.0,13.0
109,國立中興大學,一般大學,05331040,物理學系(奈米電子與光電能源)中科碩士在職專班,碩士在職專班,2.0,
109,國立中興大學,一般大學,05331040,物理學系生物物理學碩士班,碩士班(日間),1.0,
109,國立中興大學,一般大學,05331058,奈米科學研究所,碩士班(日間),44.0,19.0
109,國立中興大學,一般大學,05411041,應用數學系,博士班,10.0,1.0
109,國立中興大學,一般大學,05411041,應用數學系,學士班(日間),323.0,67.0
109,國立中興大學,一般大學,05411041,應用數學系,碩士在職專班,39.0,11.0
109,國立中興大學,一般大學,05411041,應用數學系,碩士班(日間),14.0,7.0
109,國立中興大學,一般大學,05411041,應用數學系計算科學碩士班,碩士班(日間),36.0,12.0
109,國立中興大學,一般大學,05421042,統計學研究所,碩士班(日間),40.0,19.0
109,國立中興大學,一般大學,05499101,大數據產學研發博士學位學程,博士班,3.0,
109,國立中興大學,一般大學,06131043,資訊管理學系,學士班(日間),139.0,29.0
109,國立中興大學,一般大學,06131043,資訊管理學系,碩士在職專班,81.0,24.0
109,國立中興大學,一般大學,06131043,資訊管理學系,碩士班(日間),95.0,37.0
109,國立中興大學,一般大學,06131048,資訊科學與工程學系,博士班,32.0,3.0
109,國立中興大學,一般大學,06131048,資訊科學與工程學系,學士班(日間),170.0,38.0
109,國立中興大學,一般大學,06131048,資訊科學與工程學系,碩士在職專班,91.0,19.0
109,國立中興大學,一般大學,06131048,資訊科學與工程學系,碩士班(日間),155.0,71.0
109,國立中興大學,一般大學,06131048,資訊科學與工程學系中科碩士在職專班,碩士在職專班,1.0,
109,國立中興大學,一般大學,06132100,人工智慧與資料科學碩士在職學位學程,碩士在職專班,39.0,7.0
109,國立中興大學,一般大學,07111055,化學工程學系,博士班,5.0,
109,國立中興大學,一般大學,07111055,化學工程學系,學士班(日間),197.0,51.0
109,國立中興大學,一般大學,07111055,化學工程學系,碩士在職專班,45.0,6.0
109,國立中興大學,一般大學,07111055,化學工程學系,碩士班(日間),125.0,61.0
109,國立中興大學,一般大學,07111055,化學工程學系中科碩士在職專班,碩士在職專班,2.0,1.0
109,國立中興大學,一般大學,07112057,材料科學與工程學系,博士班,34.0,4.0
109,國立中興大學,一般大學,07112057,材料科學與工程學系,學士班(日間),190.0,40.0
109,國立中興大學,一般大學,07112057,材料科學與工程學系,碩士在職專班,98.0,19.0
109,國立中興大學,一般大學,07112057,材料科學與工程學系,碩士班(日間),120.0,57.0
109,國立中興大學,一般大學,07112099,光電材料產業碩士專班,碩士班(日間),3.0,2.0
109,國立中興大學,一般大學,07121059,環境工程學系,博士班,25.0,4.0
109,國立中興大學,一般大學,07121059,環境工程學系,學士班(日間),199.0,48.0
109,國立中興大學,一般大學,07121059,環境工程學系,碩士在職專班,97.0,23.0
109,國立中興大學,一般大學,07121059,環境工程學系,碩士班(日間),86.0,41.0
109,國立中興大學,一般大學,07141045,電機工程學系,博士班,43.0,4.0
109,國立中興大學,一般大學,07141045,電機工程學系,學士班(日間),355.0,96.0
109,國立中興大學,一般大學,07141045,電機工程學系,碩士在職專班,101.0,27.0
109,國立中興大學,一般大學,07141045,電機工程學系,碩士班(日間),183.0,76.0
109,國立中興大學,一般大學,07141046,光電工程研究所,碩士班(日間),27.0,12.0
109,國立中興大學,一般大學,07141049,通訊工程研究所,碩士班(日間),28.0,12.0
109,國立中興大學,一般大學,07141102,電機資訊學院學士班,學士班(日間),30.0,
109,國立中興大學,一般大學,07141104,電子系統產業碩士專班,碩士班(日間),3.0,3.0
109,國立中興大學,一般大學,07141105,電機控制產業碩士專班,碩士班(日間),3.0,3.0
109,國立中興大學,一般大學,07141C02,光電半導體技術產業碩士專班,碩士班(日間),10.0,3.0
109,國立中興大學,一般大學,07151050,機械工程學系,博士班,18.0,3.0
109,國立中興大學,一般大學,07151050,機械工程學系,學士班(日間),380.0,89.0
109,國立中興大學,一般大學,07151050,機械工程學系,碩士在職專班,103.0,22.0
109,國立中興大學,一般大學,07151050,機械工程學系,碩士班(日間),196.0,82.0
109,國立中興大學,一般大學,07151051,精密工程研究所,博士班,9.0,1.0
109,國立中興大學,一般大學,07151051,精密工程研究所,碩士在職專班,24.0,5.0
109,國立中興大學,一般大學,07151051,精密工程研究所,碩士班(日間),53.0,24.0
109,國立中興大學,一般大學,07151051,精密工程研究所中科碩士在職專班,碩士在職專班,1.0,
109,國立中興大學,一般大學,07151052,生物產業機電工程學系,博士班,22.0,2.0
109,國立中興大學,一般大學,07151052,生物產業機電工程學系,學士班(日間),218.0,53.0
109,國立中興大學,一般大學,07151052,生物產業機電工程學系,碩士班(日間),45.0,21.0
109,國立中興大學,一般大學,07193060,生醫工程研究所,博士班,1.0,
109,國立中興大學,一般大學,07193060,生醫工程研究所,碩士班(日間),30.0,17.0
109,國立中興大學,一般大學,07211081,食品暨應用生物科技學系,博士班,23.0,5.0
109,國立中興大學,一般大學,07211081,食品暨應用生物科技學系,學士班(日間),224.0,52.0
109,國立中興大學,一般大學,07211081,食品暨應用生物科技學系,碩士在職專班,45.0,11.0
109,國立中興大學,一般大學,07211081,食品暨應用生物科技學系,碩士班(日間),95.0,44.0
109,國立中興大學,一般大學,07211098,食品安全研究所,碩士班(日間),32.0,13.0
109,國立中興大學,一般大學,07312061,景觀與遊憩學士學位學程,學士班(日間),88.0,23.0
109,國立中興大學,一般大學,07312061,景觀與遊憩碩士學位學程,碩士班(日間),10.0,4.0
109,國立中興大學,一般大學,07321054,土木工程學系,博士班,31.0,4.0
109,國立中興大學,一般大學,07321054,土木工程學系,學士班(日間),357.0,92.0
109,國立中興大學,一般大學,07321054,土木工程學系,碩士在職專班,69.0,22.0
109,國立中興大學,一般大學,07321054,土木工程學系,碩士班(日間),88.0,44.0
109,國立中興大學,一般大學,08111063,農藝學系,博士班,10.0,1.0
109,國立中興大學,一般大學,08111063,農藝學系,學士班(日間),208.0,50.0
109,國立中興大學,一般大學,08111063,農藝學系,碩士班(日間),55.0,15.0
109,國立中興大學,一般大學,08111064,國際農學碩士學位學程,碩士班(日間),33.0,24.0
109,國立中興大學,一般大學,08112066,動物科學系,博士班,20.0,2.0
109,國立中興大學,一般大學,08112066,動物科學系,學士班(日間),212.0,52.0
109,國立中興大學,一般大學,08112066,動物科學系,碩士班(日間),66.0,27.0
109,國立中興大學,一般大學,08121067,園藝學系,博士班,24.0,2.0
109,國立中興大學,一般大學,08121067,園藝學系,學士班(日間),187.0,49.0
109,國立中興大學,一般大學,08121067,園藝學系,碩士班(日間),86.0,31.0
109,國立中興大學,一般大學,08191083,土壤環境科學系,博士班,15.0,
109,國立中興大學,一般大學,08191083,土壤環境科學系,學士班(日間),191.0,50.0
109,國立中興大學,一般大學,08191083,土壤環境科學系,碩士班(日間),38.0,15.0
109,國立中興大學,一般大學,08193076,生物產業管理研究所,碩士班(日間),26.0,7.0
109,國立中興大學,一般大學,08193076,生物產業管理進修學士學位學程,學士班(進修),207.0,46.0
109,國立中興大學,一般大學,08193077,農業企業經營管理碩士在職專班,碩士在職專班,62.0,20.0
109,國立中興大學,一般大學,08193078,國際農企業學士學位學程,學士班(日間),91.0,22.0
109,國立中興大學,一般大學,08193079,農業經濟與行銷碩士學位學程,碩士班(日間),13.0,5.0
109,國立中興大學,一般大學,08194068,植物病理學系,博士班,21.0,1.0
109,國立中興大學,一般大學,08194068,植物病理學系,學士班(日間),205.0,50.0
109,國立中興大學,一般大學,08194068,植物病理學系,碩士班(日間),41.0,17.0
109,國立中興大學,一般大學,08194069,植物醫學暨安全農業碩士學位學程,碩士班(日間),29.0,9.0
109,國立中興大學,一般大學,08211086,森林學系,博士班,26.0,
109,國立中興大學,一般大學,08211086,森林學系,學士班(日間),264.0,62.0
109,國立中興大學,一般大學,08211086,森林學系,碩士班(日間),74.0,22.0
109,國立中興大學,一般大學,08411087,獸醫學系,博士班,30.0,1.0
109,國立中興大學,一般大學,08411087,獸醫學系,學士班(日間),403.0,83.0
109,國立中興大學,一般大學,08411087,獸醫學系,碩士班(日間),71.0,31.0
109,國立中興大學,一般大學,08411089,獸醫病理生物學研究所,博士班,9.0,4.0
109,國立中興大學,一般大學,08411089,獸醫病理生物學研究所,碩士班(日間),14.0,3.0
109,國立中興大學,一般大學,08411092,微生物暨公共衛生學研究所,博士班,7.0,
109,國立中興大學,一般大學,08411092,微生物暨公共衛生學研究所,碩士班(日間),14.0,4.0
109,國立中興大學,一般大學,09121093,轉譯醫學博士學位學程,博士班,21.0,
109,國立中興大學,一般大學,09141094,醫學生物科技博士學位學程,博士班,15.0,3.0
109,國立中興大學,一般大學,09199096,組織工程與再生醫學博士學位學程,博士班,26.0,2.0
109,國立勤益科技大學,技專校院,02299005,文化創意事業系,學士班(日間),217.0,46.0
109,國立勤益科技大學,技專校院,02299005,文化創意事業系,碩士班(日間),11.0,
109,國立勤益科技大學,技專校院,02299005,文化創意事業系碩士班,碩士班(日間),,4.0
109,國立勤益科技大學,技專校院,02311001,應用英語系,學士班(日間),217.0,53.0
109,國立勤益科技大學,技專校院,02311001,應用英語系,學士班(進修),173.0,29.0
109,國立勤益科技大學,技專校院,04131002,企業管理系,學士班(日間),457.0,111.0
109,國立勤益科技大學,技專校院,04131002,企業管理系,學士班(進修),198.0,44.0
109,國立勤益科技大學,技專校院,04131002,企業管理系,碩士在職專班,37.0,
109,國立勤益科技大學,技專校院,04131002,企業管理系,碩士班(日間),37.0,
109,國立勤益科技大學,技專校院,04131002,企業管理系_製造與研發管理專班,學士班(進修),7.0,4.0
109,國立勤益科技大學,技專校院,04131002,企業管理系碩士在職專班,碩士在職專班,,16.0
109,國立勤益科技大學,技專校院,04131002,企業管理系碩士班,碩士班(日間),,12.0
109,國立勤益科技大學,技專校院,04132003,流通管理科,二專(進修),124.0,45.0
109,國立勤益科技大學,技專校院,04132003,流通管理系,學士班(日間),408.0,102.0
109,國立勤益科技大學,技專校院,04132003,流通管理系,學士班(進修),59.0,27.0
109,國立勤益科技大學,技專校院,04132003,流通管理系,碩士在職專班,24.0,
109,國立勤益科技大學,技專校院,04132003,流通管理系,碩士班(日間),18.0,
109,國立勤益科技大學,技專校院,04132003,流通管理系碩士在職專班,碩士在職專班,,15.0
109,國立勤益科技大學,技專校院,04132003,流通管理系碩士班,碩士班(日間),,5.0
109,國立勤益科技大學,技專校院,04199033,管理學院_管理與資訊國際學生產學合作專班,學士班(日間),2.0,2.0
109,國立勤益科技大學,技專校院,06131010,資訊管理系,學士班(日間),385.0,84.0
109,國立勤益科技大學,技專校院,06131010,資訊管理系,學士班(進修),249.0,46.0
109,國立勤益科技大學,技專校院,06131010,資訊管理系,碩士班(日間),10.0,
109,國立勤益科技大學,技專校院,06131010,資訊管理系_外國學生專班,學士班(日間),35.0,
109,國立勤益科技大學,技專校院,06131010,資訊管理系_智慧製造與資訊應用專班,學士班(進修),9.0,
109,國立勤益科技大學,技專校院,06131010,資訊管理系_研發管理與資訊應用產業碩士專班,碩士班(日間),66.0,28.0
109,國立勤益科技大學,技專校院,06131010,資訊管理系研發科技與資訊管理碩士在職專班,碩士在職專班,24.0,11.0
109,國立勤益科技大學,技專校院,06131010,資訊管理系碩士班,碩士班(日間),,4.0
109,國立勤益科技大學,技專校院,06131013,資訊工程系,學士班(日間),586.0,96.0
109,國立勤益科技大學,技專校院,06131013,資訊工程系,學士班(進修),220.0,37.0
109,國立勤益科技大學,技專校院,06131013,資訊工程系,碩士在職專班,24.0,
109,國立勤益科技大學,技專校院,06131013,資訊工程系,碩士班(日間),45.0,
109,國立勤益科技大學,技專校院,06131013,資訊工程系_資通訊國際學生產學合作專班,學士班(日間),20.0,19.0
109,國立勤益科技大學,技專校院,06131013,資訊工程系_雙軌旗艦微科技職類,學士班(進修),17.0,
109,國立勤益科技大學,技專校院,06131013,資訊工程系_電資研發產業碩士專班,碩士班(日間),34.0,21.0
109,國立勤益科技大學,技專校院,06131013,資訊工程系碩士在職專班,碩士在職專班,,12.0
109,國立勤益科技大學,技專校院,06131013,資訊工程系碩士班,碩士班(日間),,17.0
109,國立勤益科技大學,技專校院,07111020,化工與材料工程系,學士班(日間),571.0,117.0
109,國立勤益科技大學,技專校院,07111020,化工與材料工程系,學士班(進修),225.0,28.0
109,國立勤益科技大學,技專校院,07111020,化工與材料工程系,碩士在職專班,8.0,
109,國立勤益科技大學,技專校院,07111020,化工與材料工程系,碩士班(日間),36.0,
109,國立勤益科技大學,技專校院,07111020,化工與材料工程系_紡織纖維科技專班,學士班(進修),43.0,36.0
109,國立勤益科技大學,技專校院,07111020,化工與材料工程系碩士在職專班,碩士在職專班,,3.0
109,國立勤益科技大學,技專校院,07111020,化工與材料工程系碩士班,碩士班(日間),,14.0
109,國立勤益科技大學,技專校院,07132026,冷凍空調與能源系,學士班(日間),498.0,109.0
109,國立勤益科技大學,技專校院,07132026,冷凍空調與能源系,學士班(進修),351.0,75.0
109,國立勤益科技大學,技專校院,07132026,冷凍空調與能源系,碩士在職專班,32.0,
109,國立勤益科技大學,技專校院,07132026,冷凍空調與能源系,碩士班(日間),70.0,
109,國立勤益科技大學,技專校院,07132026,冷凍空調與能源系_冷凍空調能源產業專班,學士班(進修),31.0,
109,國立勤益科技大學,技專校院,07132026,冷凍空調與能源系_機械工程專班,學士班(日間),38.0,
109,國立勤益科技大學,技專校院,07132026,冷凍空調與能源系_綠能科技產業專班,學士班(進修),45.0,31.0
109,國立勤益科技大學,技專校院,07132026,冷凍空調與能源系碩士在職專班,碩士在職專班,,13.0
109,國立勤益科技大學,技專校院,07132026,冷凍空調與能源系碩士班,碩士班(日間),,31.0
109,國立勤益科技大學,技專校院,07141011,電機工程科,二專(進修),44.0,12.0
109,國立勤益科技大學,技專校院,07141011,電機工程系,學士班(日間),587.0,139.0
109,國立勤益科技大學,技專校院,07141011,電機工程系,學士班(進修),544.0,105.0
109,國立勤益科技大學,技專校院,07141011,電機工程系,碩士在職專班,24.0,
109,國立勤益科技大學,技專校院,07141011,電機工程系,碩士班(日間),58.0,
109,國立勤益科技大學,技專校院,07141011,電機工程系_機電控制產業碩士專班,碩士班(日間),1.0,
109,國立勤益科技大學,技專校院,07141011,電機工程系_電機工程資電國際學生產學合作專班,學士班(日間),36.0,
109,國立勤益科技大學,技專校院,07141011,電機工程系碩士在職專班,碩士在職專班,,1.0
109,國立勤益科技大學,技專校院,07141011,電機工程系碩士班,碩士班(日間),,26.0
109,國立勤益科技大學,技專校院,07141012,電子工程科,二專(進修),54.0,16.0
109,國立勤益科技大學,技專校院,07141012,電子工程系,學士班(日間),733.0,164.0
109,國立勤益科技大學,技專校院,07141012,電子工程系,學士班(進修),332.0,72.0
109,國立勤益科技大學,技專校院,07141012,電子工程系,碩士在職專班,27.0,
109,國立勤益科技大學,技專校院,07141012,電子工程系,碩士班(日間),56.0,
109,國立勤益科技大學,技專校院,07141012,電子工程系_微電子控制專班,學士班(進修),1.0,1.0
109,國立勤益科技大學,技專校院,07141012,電子工程系碩士在職專班,碩士在職專班,,10.0
109,國立勤益科技大學,技專校院,07141012,電子工程系碩士班,碩士班(日間),,28.0
109,國立勤益科技大學,技專校院,07141035,前瞻電資科技產業博士學位學程,博士班,7.0,
109,國立勤益科技大學,技專校院,07151016,機械工程科,二專(進修),69.0,11.0
109,國立勤益科技大學,技專校院,07151016,機械工程系,學士班(日間),712.0,163.0
109,國立勤益科技大學,技專校院,07151016,機械工程系,學士班(進修),563.0,123.0
109,國立勤益科技大學,技專校院,07151016,機械工程系,碩士在職專班,39.0,
109,國立勤益科技大學,技專校院,07151016,機械工程系,碩士班(日間),59.0,
109,國立勤益科技大學,技專校院,07151016,機械工程系_智慧機械應用專班,學士班(進修),38.0,
109,國立勤益科技大學,技專校院,07151016,機械工程系_水五金智慧製造專班,學士班(進修),31.0,
109,國立勤益科技大學,技專校院,07151016,機械工程系_精密機械國際學生產學合作專班,學士班(日間),34.0,3.0
109,國立勤益科技大學,技專校院,07151016,機械工程系_精密機械產業專班,學士班(進修),77.0,61.0
109,國立勤益科技大學,技專校院,07151016,機械工程系_精密機械產業碩士專班,碩士班(日間),2.0,3.0
109,國立勤益科技大學,技專校院,07151016,機械工程系_雙軌旗艦機電整合職類,學士班(進修),83.0,
109,國立勤益科技大學,技專校院,07151016,機械工程系碩士在職專班,碩士在職專班,,12.0
109,國立勤益科技大學,技專校院,07151016,機械工程系碩士班,碩士班(日間),,29.0
109,國立勤益科技大學,技專校院,07151034,智慧機械與智慧製造產業博士學位學程,博士班,7.0,
109,國立勤益科技大學,技專校院,07191022,工業工程與工程管理系_精實創新研發與管理產業碩士專班,碩士班(日間),2.0,1.0
109,國立勤益科技大學,技專校院,07191022,工業工程與管理科,二專(進修),121.0,40.0
109,國立勤益科技大學,技專校院,07191022,工業工程與管理系,學士班(日間),768.0,183.0
109,國立勤益科技大學,技專校院,07191022,工業工程與管理系,學士班(進修),500.0,115.0
109,國立勤益科技大學,技專校院,07191022,工業工程與管理系,碩士在職專班,45.0,
109,國立勤益科技大學,技專校院,07191022,工業工程與管理系,碩士班(日間),36.0,
109,國立勤益科技大學,技專校院,07191022,工業工程與管理系_智慧製造精實管理產業碩士專班,碩士班(日間),16.0,5.0
109,國立勤益科技大學,技專校院,07191022,工業工程與管理系_生產製造與管理專班,學士班(進修),41.0,30.0
109,國立勤益科技大學,技專校院,07191022,工業工程與管理系碩士在職專班,碩士在職專班,,19.0
109,國立勤益科技大學,技專校院,07191022,工業工程與管理系碩士班,碩士班(日間),,23.0
109,國立勤益科技大學,技專校院,07194024,精密製造科技研究所,博士班,20.0,4.0
109,國立勤益科技大學,技專校院,07312029,景觀科,二專(進修),67.0,20.0
109,國立勤益科技大學,技專校院,07312029,景觀系,學士班(日間),198.0,39.0
109,國立勤益科技大學,技專校院,07312029,景觀系,碩士班(日間),13.0,
109,國立勤益科技大學,技專校院,07312029,景觀系碩士班,碩士班(日間),,3.0
109,國立勤益科技大學,技專校院,10152032,休閒產業管理系,學士班(日間),221.0,53.0
109,國立勤益科技大學,技專校院,10152032,休閒產業管理系,學士班(進修),162.0,38.0
109,國立勤益科技大學,技專校院,10152032,休閒產業管理系_雙軌旗艦工商管理專班,學士班(進修),30.0,
109,國立勤益科技大學,技專校院,10152032,休閒產業管理系_雙軌旗艦餐飲門市管理職類,學士班(日間),1.0,1.0
109,國立勤益科技大學,技專校院,10152032,休閒產業管理系碩士班,碩士班(日間),14.0,6.0
109,國立臺中教育大學,一般大學,01111001,教育學系,博士班,48.0,5.0
109,國立臺中教育大學,一般大學,01111001,教育學系,學士班(日間),171.0,33.0
109,國立臺中教育大學,一般大學,01111001,教育學系,碩士班(日間),27.0,3.0
109,國立臺中教育大學,一般大學,01111001,教育學系教育行政與管理碩士在職專班,碩士在職專班,51.0,10.0
109,國立臺中教育大學,一般大學,01111001,教育學系課程與教學碩士在職專班,碩士在職專班,59.0,9.0
109,國立臺中教育大學,一般大學,01111001,教育學系課程與教學碩士班,碩士班(日間),29.0,8.0
109,國立臺中教育大學,一般大學,01111005,教師專業碩士學位學程,碩士班(日間),81.0,8.0
109,國立臺中教育大學,一般大學,01113022,特殊教育學系,學士班(日間),190.0,47.0
109,國立臺中教育大學,一般大學,01113022,特殊教育學系,碩士在職專班,57.0,19.0
109,國立臺中教育大學,一般大學,01113022,特殊教育學系,碩士班(日間),33.0,8.0
109,國立臺中教育大學,一般大學,01114025,高等教育經營管理碩士學位學程,碩士班(日間),20.0,3.0
109,國立臺中教育大學,一般大學,01117028,教育資訊與測驗統計研究所,博士班,33.0,1.0
109,國立臺中教育大學,一般大學,01117028,教育資訊與測驗統計研究所,碩士在職專班,27.0,9.0
109,國立臺中教育大學,一般大學,01117028,教育資訊與測驗統計研究所,碩士班(日間),40.0,9.0
109,國立臺中教育大學,一般大學,01121021,幼兒教育學系,學士班(日間),199.0,49.0
109,國立臺中教育大學,一般大學,01121021,幼兒教育學系,碩士在職專班,51.0,11.0
109,國立臺中教育大學,一般大學,01121021,幼兒教育學系,碩士班(日間),30.0,8.0
109,國立臺中教育大學,一般大學,01121021,幼兒教育學系早期療育碩士在職專班,碩士在職專班,63.0,12.0
109,國立臺中教育大學,一般大學,01121021,幼兒教育學系早期療育碩士班,碩士班(日間),38.0,8.0
109,國立臺中教育大學,一般大學,01131006,語文教育學系,博士班,31.0,3.0
109,國立臺中教育大學,一般大學,01131006,語文教育學系,學士班(日間),183.0,44.0
109,國立臺中教育大學,一般大學,01131006,語文教育學系,碩士在職專班,29.0,6.0
109,國立臺中教育大學,一般大學,01131006,語文教育學系,碩士班(日間),26.0,3.0
109,國立臺中教育大學,一般大學,01131006,語文教育學系華語文教學碩士班,碩士班(日間),36.0,4.0
109,國立臺中教育大學,一般大學,01131008,科學教育與應用學系,學士班(日間),170.0,40.0
109,國立臺中教育大學,一般大學,01131008,科學教育與應用學系,碩士在職專班,35.0,9.0
109,國立臺中教育大學,一般大學,01131008,科學教育與應用學系,碩士班(日間),14.0,3.0
109,國立臺中教育大學,一般大學,01131008,科學教育與應用學系環境教育及管理碩士在職專班,碩士在職專班,24.0,4.0
109,國立臺中教育大學,一般大學,01131008,科學教育與應用學系環境教育及管理碩士班,碩士班(日間),29.0,6.0
109,國立臺中教育大學,一般大學,01131011,數學教育學系,學士班(日間),183.0,45.0
109,國立臺中教育大學,一般大學,01131011,數學教育學系,碩士在職專班,43.0,15.0
109,國立臺中教育大學,一般大學,01131011,數學教育學系,碩士班(日間),40.0,10.0
109,國立臺中教育大學,一般大學,01131019,體育學系,學士班(日間),202.0,44.0
109,國立臺中教育大學,一般大學,01131019,體育學系,碩士在職專班,53.0,13.0
109,國立臺中教育大學,一般大學,01131019,體育學系,碩士班(日間),28.0,7.0
109,國立臺中教育大學,一般大學,01131032,英語學系,碩士班(日間),21.0,1.0
109,國立臺中教育大學,一般大學,02122034,文化創意產業設計與營運學系,學士班(日間),175.0,46.0
109,國立臺中教育大學,一般大學,02131029,美術學系,學士班(日間),180.0,44.0
109,國立臺中教育大學,一般大學,02131029,美術學系,碩士在職專班,78.0,14.0
109,國立臺中教育大學,一般大學,02131029,美術學系,碩士班(日間),48.0,7.0
109,國立臺中教育大學,一般大學,02151030,音樂學系,學士班(日間),167.0,45.0
109,國立臺中教育大學,一般大學,02151030,音樂學系,碩士班(日間),44.0,9.0
109,國立臺中教育大學,一般大學,02311032,英語學系,學士班(日間),202.0,43.0
109,國立臺中教育大學,一般大學,02321031,臺灣語文學系,學士班(日間),178.0,38.0
109,國立臺中教育大學,一般大學,02321031,臺灣語文學系,碩士班(日間),19.0,1.0
109,國立臺中教育大學,一般大學,03131035,諮商與應用心理學系,學士班(日間),182.0,44.0
109,國立臺中教育大學,一般大學,03131035,諮商與應用心理學系,碩士在職專班,62.0,11.0
109,國立臺中教育大學,一般大學,03131035,諮商與應用心理學系,碩士班(日間),65.0,11.0
109,國立臺中教育大學,一般大學,03191037,區域與社會發展學系,學士班(日間),187.0,45.0
109,國立臺中教育大學,一般大學,03191037,區域與社會發展學系,碩士在職專班,59.0,10.0
109,國立臺中教育大學,一般大學,03191037,區域與社會發展學系,碩士班(日間),27.0,3.0
109,國立臺中教育大學,一般大學,04131034,文化創意產業設計與營運學系事業經營管理碩士班,碩士班(日間),38.0,13.0
109,國立臺中教育大學,一般大學,04131039,國際企業學系,學士班(日間),243.0,55.0
109,國立臺中教育大學,一般大學,04131040,管理學院國際經營管理碩士在職專班,碩士在職專班,34.0,9.0
109,國立臺中教育大學,一般大學,04131040,管理學院國際經營管理碩士學位學程,碩士班(日間),13.0,6.0
109,國立臺中教育大學,一般大學,06131042,資訊工程學系,學士班(日間),199.0,50.0
109,國立臺中教育大學,一般大學,06131042,資訊工程學系,碩士班(日間),33.0,16.0
109,國立臺中教育大學,一般大學,06133041,數位內容科技學系,學士班(日間),185.0,49.0
109,國立臺中教育大學,一般大學,06133041,數位內容科技學系,碩士在職專班,38.0,10.0
109,國立臺中教育大學,一般大學,06133041,數位內容科技學系,碩士班(日間),22.0,5.0
109,國立臺中教育大學,一般大學,10151045,永續觀光暨遊憩管理碩士學位學程,碩士班(日間),30.0,9.0
109,國立臺中科技大學,技專校院,02112005,多媒體設計系,學士班(日間),220.0,46.0
109,國立臺中科技大學,技專校院,02112005,多媒體設計系,碩士班(日間),51.0,
109,國立臺中科技大學,技專校院,02112005,多媒體設計系碩士班,碩士班(日間),,12.0
109,國立臺中科技大學,技專校院,02122006,商業設計科,二專(進修),,27.0
109,國立臺中科技大學,技專校院,02122006,商業設計系,學士班(日間),,105.0
109,國立臺中科技大學,技專校院,02122006,商業設計系,學士班(進修),,99.0
109,國立臺中科技大學,技專校院,02122006,商業設計系碩士在職專班,碩士在職專班,,2.0
109,國立臺中科技大學,技專校院,02122006,商業設計系碩士班,碩士班(日間),,20.0
109,國立臺中科技大學,技專校院,02123006,商業設計科,二專(進修),81.0,
109,國立臺中科技大學,技專校院,02123006,商業設計系,學士班(日間),326.0,
109,國立臺中科技大學,技專校院,02123006,商業設計系,學士班(進修),318.0,
109,國立臺中科技大學,技專校院,02123006,商業設計系,碩士在職專班,38.0,
109,國立臺中科技大學,技專校院,02123006,商業設計系,碩士班(日間),45.0,
109,國立臺中科技大學,技專校院,02123007,創意商品設計系,學士班(日間),78.0,39.0
109,國立臺中科技大學,技專校院,02123007,創意商品設計菁英班,五專,224.0,40.0
109,國立臺中科技大學,技專校院,02124008,室內設計系,學士班(日間),188.0,37.0
109,國立臺中科技大學,技專校院,02124008,室內設計系,學士班(進修),71.0,23.0
109,國立臺中科技大學,技專校院,02124008,室內設計系,碩士班(日間),26.0,
109,國立臺中科技大學,技專校院,02124008,室內設計系碩士班,碩士班(日間),,7.0
109,國立臺中科技大學,技專校院,02311003,應用英語科,二專(進修),132.0,50.0
109,國立臺中科技大學,技專校院,02311003,應用英語科,五專,269.0,42.0
109,國立臺中科技大學,技專校院,02311003,應用英語系,學士班(日間),283.0,86.0
109,國立臺中科技大學,技專校院,02311003,應用英語系,學士班(進修),388.0,133.0
109,國立臺中科技大學,技專校院,02311004,應用日語科,二專(進修),141.0,48.0
109,國立臺中科技大學,技專校院,02311004,應用日語科,五專,260.0,36.0
109,國立臺中科技大學,技專校院,02311004,應用日語系,學士班(日間),289.0,83.0
109,國立臺中科技大學,技專校院,02311004,應用日語系,學士班(進修),158.0,60.0
109,國立臺中科技大學,技專校院,02311004,應用日語系日本市場暨商務策略碩士班,碩士班(日間),26.0,5.0
109,國立臺中科技大學,技專校院,02322001,應用中文系,學士班(日間),173.0,31.0
109,國立臺中科技大學,技專校院,04111012,會計資訊科,五專,421.0,43.0
109,國立臺中科技大學,技專校院,04111012,會計資訊系,學士班(日間),467.0,131.0
109,國立臺中科技大學,技專校院,04111012,會計資訊系,學士班(進修),380.0,90.0
109,國立臺中科技大學,技專校院,04111012,會計資訊系,碩士在職專班,29.0,
109,國立臺中科技大學,技專校院,04111012,會計資訊系,碩士班(日間),28.0,
109,國立臺中科技大學,技專校院,04111012,會計資訊系碩士在職專班,碩士在職專班,,12.0
109,國立臺中科技大學,技專校院,04111012,會計資訊系碩士班,碩士班(日間),,7.0
109,國立臺中科技大學,技專校院,04121021,財務金融科,二專(進修),62.0,23.0
109,國立臺中科技大學,技專校院,04121021,財務金融系,學士班(日間),386.0,87.0
109,國立臺中科技大學,技專校院,04121021,財務金融系,學士班(進修),380.0,104.0
109,國立臺中科技大學,技專校院,04121021,財務金融系,碩士在職專班,36.0,
109,國立臺中科技大學,技專校院,04121021,財務金融系,碩士班(日間),31.0,
109,國立臺中科技大學,技專校院,04121021,財務金融系碩士在職專班,碩士在職專班,,17.0
109,國立臺中科技大學,技專校院,04121021,財務金融系碩士班,碩士班(日間),,13.0
109,國立臺中科技大學,技專校院,04122028,財政稅務系,學士班(日間),399.0,104.0
109,國立臺中科技大學,技專校院,04122028,財政稅務系租稅管理與理財規劃碩士班,碩士班(日間),28.0,16.0
109,國立臺中科技大學,技專校院,04123027,保險金融管理科,五專,421.0,64.0
109,國立臺中科技大學,技專校院,04123027,保險金融管理系,學士班(日間),452.0,136.0
109,國立臺中科技大學,技專校院,04123027,保險金融管理系,學士班(進修),96.0,30.0
109,國立臺中科技大學,技專校院,04123027,保險金融管理系,碩士班(日間),18.0,
109,國立臺中科技大學,技專校院,04123027,保險金融管理系碩士班,碩士班(日間),,8.0
109,國立臺中科技大學,技專校院,04131015,企業管理科,五專,445.0,71.0
109,國立臺中科技大學,技專校院,04131015,企業管理系,學士班(日間),305.0,94.0
109,國立臺中科技大學,技專校院,04131015,企業管理系,學士班(進修),316.0,96.0
109,國立臺中科技大學,技專校院,04131015,企業管理系,碩士在職專班,50.0,
109,國立臺中科技大學,技專校院,04131015,企業管理系,碩士班(日間),27.0,
109,國立臺中科技大學,技專校院,04131015,企業管理系_經營管理專班,學士班(日間),36.0,30.0
109,國立臺中科技大學,技專校院,04131015,企業管理系碩士在職專班,碩士在職專班,,24.0
109,國立臺中科技大學,技專校院,04131015,企業管理系碩士班,碩士班(日間),,13.0
109,國立臺中科技大學,技專校院,04132029,流通管理系,學士班(日間),297.0,88.0
109,國立臺中科技大學,技專校院,04132029,流通管理系,碩士班(日間),28.0,
109,國立臺中科技大學,技專校院,04132029,流通管理系碩士班,碩士班(日間),,10.0
109,國立臺中科技大學,技專校院,04141020,國際貿易與經營科,五專,257.0,42.0
109,國立臺中科技大學,技專校院,04141020,國際貿易與經營系,學士班(日間),463.0,124.0
109,國立臺中科技大學,技專校院,04141020,國際貿易與經營系,學士班(進修),465.0,139.0
109,國立臺中科技大學,技專校院,04191009,商業經營科,二專(進修),624.0,243.0
109,國立臺中科技大學,技專校院,04191009,商業經營系,學士班(日間),52.0,22.0
109,國立臺中科技大學,技專校院,05421032,應用統計系,學士班(日間),169.0,41.0
109,國立臺中科技大學,技專校院,06131033,資訊管理科,二專(進修),84.0,25.0
109,國立臺中科技大學,技專校院,06131033,資訊管理科,五專,407.0,69.0
109,國立臺中科技大學,技專校院,06131033,資訊管理系,學士班(日間),407.0,136.0
109,國立臺中科技大學,技專校院,06131033,資訊管理系,學士班(進修),237.0,69.0
109,國立臺中科技大學,技專校院,06131033,資訊管理系,碩士在職專班,33.0,
109,國立臺中科技大學,技專校院,06131033,資訊管理系,碩士班(日間),33.0,
109,國立臺中科技大學,技專校院,06131033,資訊管理系_資訊應用菁英班,五專,5.0,4.0
109,國立臺中科技大學,技專校院,06131033,資訊管理系碩士在職專班,碩士在職專班,,11.0
109,國立臺中科技大學,技專校院,06131033,資訊管理系碩士班,碩士班(日間),,16.0
109,國立臺中科技大學,技專校院,07141036,資訊工程科,五專,243.0,
109,國立臺中科技大學,技專校院,07141036,資訊工程系,學士班(日間),302.0,60.0
109,國立臺中科技大學,技專校院,07141036,資訊工程系,學士班(進修),161.0,34.0
109,國立臺中科技大學,技專校院,07141036,資訊工程系,碩士在職專班,35.0,
109,國立臺中科技大學,技專校院,07141036,資訊工程系,碩士班(日間),40.0,
109,國立臺中科技大學,技專校院,07141036,資訊工程系碩士在職專班,碩士在職專班,,8.0
109,國立臺中科技大學,技專校院,07141036,資訊工程系碩士班,碩士班(日間),,11.0
109,國立臺中科技大學,技專校院,09131037,護理科,五專,521.0,92.0
109,國立臺中科技大學,技專校院,09131037,護理系,學士班(日間),680.0,220.0
109,國立臺中科技大學,技專校院,09131037,護理系,碩士班(日間),24.0,
109,國立臺中科技大學,技專校院,09131037,護理系碩士班,碩士班(日間),,5.0
109,國立臺中科技大學,技專校院,09211038,老人服務事業管理系,學士班(日間),252.0,80.0
109,國立臺中科技大學,技專校院,09211038,老人服務事業管理系,學士班(進修),232.0,68.0
109,國立臺中科技大學,技專校院,10121040,美容科,二專(進修),161.0,40.0
109,國立臺中科技大學,技專校院,10121040,美容系,學士班(日間),287.0,105.0
109,國立臺中科技大學,技專校院,10121040,美容系,學士班(進修),192.0,49.0
109,國立臺中科技大學,技專校院,10121040,美容系_美容技優領航專班,學士班(日間),5.0,5.0
109,國立臺中科技大學,技專校院,10121040,美容系碩士班,碩士班(日間),12.0,
109,國立臺中科技大學,技專校院,10151039,休閒事業經營系,學士班(日間),223.0,53.0
109,國立臺中科技大學,技專校院,10151039,休閒事業經營系,學士班(進修),562.0,200.0
109,國立臺灣體育運動大學,一般大學,01141001,體育學系,學士班(日間),412.0,93.0
109,國立臺灣體育運動大學,一般大學,01141001,體育學系,學士班(進修),380.0,70.0
109,國立臺灣體育運動大學,一般大學,01141001,體育學系,碩士在職專班,30.0,10.0
109,國立臺灣體育運動大學,一般大學,01141001,體育學系,碩士班(日間),70.0,12.0
109,國立臺灣體育運動大學,一般大學,02112012,運動資訊與傳播學系,學士班(日間),,41.0
109,國立臺灣體育運動大學,一般大學,02152002,舞蹈學系,學士班(日間),208.0,51.0
109,國立臺灣體育運動大學,一般大學,02152002,舞蹈學系,碩士班(日間),33.0,13.0
109,國立臺灣體育運動大學,一般大學,04199010,運動事業管理學系,學士班(日間),216.0,50.0
109,國立臺灣體育運動大學,一般大學,04199010,運動事業管理學系,碩士在職專班,19.0,6.0
109,國立臺灣體育運動大學,一般大學,04199010,運動事業管理學系,碩士班(日間),26.0,11.0
109,國立臺灣體育運動大學,一般大學,04199010,運動事業管理學系東南亞博士班,博士班,4.0,
109,國立臺灣體育運動大學,一般大學,10141003,競技運動學系,博士班,3.0,
109,國立臺灣體育運動大學,一般大學,10141003,競技運動學系,學士班(日間),228.0,43.0
109,國立臺灣體育運動大學,一般大學,10141003,競技運動學系,碩士在職專班,20.0,4.0
109,國立臺灣體育運動大學,一般大學,10141003,競技運動學系,碩士班(日間),63.0,7.0
109,國立臺灣體育運動大學,一般大學,10141004,球類運動學系,學士班(日間),461.0,83.0
109,國立臺灣體育運動大學,一般大學,10141005,技擊運動學系,學士班(日間),218.0,34.0
109,國立臺灣體育運動大學,一般大學,10142006,運動健康科學學系,學士班(日間),203.0,43.0
109,國立臺灣體育運動大學,一般大學,10142006,運動健康科學學系,碩士班(日間),23.0,5.0
109,國立臺灣體育運動大學,一般大學,10142006,運動健康科學學系碩士班在職學位學程,碩士在職專班,19.0,6.0
109,國立臺灣體育運動大學,一般大學,10152007,休閒運動學系,學士班(日間),231.0,62.0
109,國立臺灣體育運動大學,一般大學,10152008,休閒運動管理研究所,碩士班(日間),46.0,10.0
109,國立臺灣體育運動大學,一般大學,10152008,休閒運動管理碩士在職學位學程,碩士在職專班,24.0,5.0
109,國立臺灣體育運動大學,一般大學,10152012,運動資訊與傳播學系,學士班(日間),185.0,
109,嶺東科技大學,技專校院,02112003,視覺傳達設計系,學士班(日間),674.0,152.0
109,嶺東科技大學,技專校院,02112003,視覺傳達設計系,學士班(進修),216.0,43.0
109,嶺東科技大學,技專校院,02112003,視覺傳達設計系,碩士在職專班,4.0,
109,嶺東科技大學,技專校院,02112003,視覺傳達設計系,碩士班(日間),22.0,
109,嶺東科技大學,技專校院,02112003,視覺傳達設計系碩士班,碩士班(日間),,4.0
109,嶺東科技大學,技專校院,02112005,數位媒體設計系,學士班(日間),574.0,107.0
109,嶺東科技大學,技專校院,02112005,數位媒體設計系,學士班(進修),216.0,38.0
109,嶺東科技大學,技專校院,02112005,數位媒體設計系,碩士班(日間),27.0,
109,嶺東科技大學,技專校院,02112005,數位媒體設計系碩士班,碩士班(日間),,7.0
109,嶺東科技大學,技專校院,02122002,流行設計系,學士班(日間),405.0,92.0
109,嶺東科技大學,技專校院,02122002,流行設計系,學士班(進修),297.0,43.0
109,嶺東科技大學,技專校院,02122002,流行設計系,碩士班(日間),33.0,
109,嶺東科技大學,技專校院,02122002,流行設計系碩士班,碩士班(日間),,3.0
109,嶺東科技大學,技專校院,02123008,創意產品設計系,學士班(日間),439.0,99.0
109,嶺東科技大學,技專校院,02123008,創意產品設計系,學士班(進修),164.0,23.0
109,嶺東科技大學,技專校院,02123008,創意產品設計系,碩士班(日間),11.0,
109,嶺東科技大學,技專校院,02123008,創意產品設計系碩士班,碩士班(日間),,5.0
109,嶺東科技大學,技專校院,02125039,服飾設計系,學士班(日間),247.0,47.0
109,嶺東科技大學,技專校院,02311001,應用外語系,學士班(日間),451.0,85.0
109,嶺東科技大學,技專校院,02311001,應用外語系,學士班(進修),166.0,31.0
109,嶺東科技大學,技專校院,04111010,會計資訊系,學士班(日間),214.0,57.0
109,嶺東科技大學,技專校院,04111010,會計資訊系碩士班,碩士班(日間),18.0,5.0
109,嶺東科技大學,技專校院,04121017,財務金融系,學士班(日間),443.0,114.0
109,嶺東科技大學,技專校院,04121017,財務金融系,學士班(進修),144.0,18.0
109,嶺東科技大學,技專校院,04121017,財務金融系,碩士在職專班,17.0,
109,嶺東科技大學,技專校院,04121017,財務金融系,碩士班(日間),16.0,
109,嶺東科技大學,技專校院,04121017,財務金融系碩士在職專班,碩士在職專班,,10.0
109,嶺東科技大學,技專校院,04121017,財務金融系碩士班,碩士班(日間),,11.0
109,嶺東科技大學,技專校院,04131013,企業管理科,二專(進修),,1.0
109,嶺東科技大學,技專校院,04131013,企業管理系,學士班(日間),425.0,83.0
109,嶺東科技大學,技專校院,04131013,企業管理系,學士班(進修),286.0,58.0
109,嶺東科技大學,技專校院,04131013,企業管理系,碩士在職專班,14.0,
109,嶺東科技大學,技專校院,04131013,企業管理系,碩士班(日間),14.0,
109,嶺東科技大學,技專校院,04131013,企業管理系_現役軍人營區在職專班,碩士在職專班,43.0,14.0
109,嶺東科技大學,技專校院,04131013,企業管理系碩士在職專班,碩士在職專班,,6.0
109,嶺東科技大學,技專校院,04131013,企業管理系碩士班,碩士班(日間),,10.0
109,嶺東科技大學,技專校院,04131013,企業管理系高階經營管理碩士在職專班(EMBA),碩士在職專班,61.0,31.0
109,嶺東科技大學,技專校院,04131015,國際企業系,碩士在職專班,23.0,
109,嶺東科技大學,技專校院,04131015,國際企業系,碩士班(日間),16.0,
109,嶺東科技大學,技專校院,04131015,國際企業系碩士在職專班,碩士在職專班,,15.0
109,嶺東科技大學,技專校院,04131015,國際企業系碩士班,碩士班(日間),,13.0
109,嶺東科技大學,技專校院,04141015,國際企業系,學士班(日間),720.0,155.0
109,嶺東科技大學,技專校院,04143024,行銷與流通管理系,學士班(日間),644.0,132.0
109,嶺東科技大學,技專校院,04143024,行銷與流通管理系,學士班(進修),264.0,38.0
109,嶺東科技大學,技專校院,04143024,行銷與流通管理系,碩士班(日間),13.0,
109,嶺東科技大學,技專校院,04143024,行銷與流通管理系碩士班,碩士班(日間),,7.0
109,嶺東科技大學,技專校院,04199040,時尚經營系,學士班(日間),306.0,55.0
109,嶺東科技大學,技專校院,04199040,時尚經營系,學士班(進修),66.0,
109,嶺東科技大學,技專校院,04212029,財經法律研究所,碩士班(日間),33.0,10.0
109,嶺東科技大學,技專校院,06121031,資訊管理系,學士班(日間),379.0,74.0
109,嶺東科技大學,技專校院,06121031,資訊管理系,碩士在職專班,4.0,2.0
109,嶺東科技大學,技專校院,06131030,資訊科技系,學士班(日間),776.0,154.0
109,嶺東科技大學,技專校院,06131030,資訊科技系,學士班(進修),344.0,69.0
109,嶺東科技大學,技專校院,06131030,資訊科技系,碩士班(日間),12.0,
109,嶺東科技大學,技專校院,06131030,資訊科技系碩士班,碩士班(日間),,1.0
109,嶺東科技大學,技專校院,06131031,資訊管理系,碩士班(日間),20.0,
109,嶺東科技大學,技專校院,06131031,資訊管理系碩士班,碩士班(日間),,3.0
109,嶺東科技大學,技專校院,06132031,資訊管理系,學士班(進修),177.0,29.0
109,嶺東科技大學,技專校院,10151036,觀光與休閒管理系,學士班(日間),604.0,137.0
109,嶺東科技大學,技專校院,10151036,觀光與休閒管理系,學士班(進修),448.0,88.0
109,嶺東科技大學,技專校院,10151036,觀光與休閒管理系,碩士班(日間),20.0,
109,嶺東科技大學,技專校院,10151036,觀光與休閒管理系碩士班,碩士班(日間),,9.0
109,嶺東科技大學,技專校院,10151037,觀光事業科,二專(進修),,1.0
109,弘光科技大學,技專校院,02122003,文化創意產業系,學士班(日間),305.0,74.0
109,弘光科技大學,技專校院,02122003,文化創意產業系,學士班(進修),131.0,17.0
109,弘光科技大學,技專校院,02311038,國際溝通英語系,學士班(日間),182.0,44.0
109,弘光科技大學,技專校院,02311038,國際溝通英語系,學士班(進修),148.0,30.0
109,弘光科技大學,技專校院,04133005,健康事業管理系,學士班(日間),330.0,64.0
109,弘光科技大學,技專校院,04133005,健康事業管理系,學士班(進修),167.0,34.0
109,弘光科技大學,技專校院,04133005,健康事業管理系,碩士班(日間),23.0,
109,弘光科技大學,技專校院,04133005,健康事業管理系碩士班,碩士班(日間),,10.0
109,弘光科技大學,技專校院,05111007,動物保健學士學位學程,學士班(日間),221.0,45.0
109,弘光科技大學,技專校院,05121008,生物科技系,學士班(日間),154.0,37.0
109,弘光科技大學,技專校院,05121008,生物科技系,碩士班(日間),9.0,7.0
109,弘光科技大學,技專校院,05191023,營養系,學士班(日間),329.0,78.0
109,弘光科技大學,技專校院,05191023,營養系,學士班(進修),187.0,43.0
109,弘光科技大學,技專校院,05191024,營養醫學研究所,碩士班(日間),11.0,4.0
109,弘光科技大學,技專校院,06131010,資訊管理系,學士班(日間),311.0,80.0
109,弘光科技大學,技專校院,06131010,資訊管理系,學士班(進修),204.0,34.0
109,弘光科技大學,技專校院,06131011,資訊工程系,學士班(日間),285.0,62.0
109,弘光科技大學,技專校院,06131011,資訊工程系,學士班(進修),137.0,22.0
109,弘光科技大學,技專校院,06131011,資訊工程系智慧型輔助科技碩士班,碩士班(日間),2.0,
109,弘光科技大學,技專校院,07121012,環境工程研究所,碩士在職專班,12.0,5.0
109,弘光科技大學,技專校院,07121012,環境工程研究所,碩士班(日間),14.0,5.0
109,弘光科技大學,技專校院,07121014,環境與安全衛生工程系,學士班(日間),420.0,96.0
109,弘光科技大學,技專校院,07121014,環境與安全衛生工程系,學士班(進修),353.0,78.0
109,弘光科技大學,技專校院,07193015,生物醫學工程系,學士班(日間),326.0,68.0
109,弘光科技大學,技專校院,07211017,食品科技系,學士班(日間),438.0,85.0
109,弘光科技大學,技專校院,07211017,食品科技系,學士班(進修),489.0,104.0
109,弘光科技大學,技專校院,07211017,食品科技系,碩士在職專班,13.0,
109,弘光科技大學,技專校院,07211017,食品科技系,碩士班(日間),15.0,
109,弘光科技大學,技專校院,07211017,食品科技系碩士在職專班,碩士在職專班,,2.0
109,弘光科技大學,技專校院,07211017,食品科技系碩士班,碩士班(日間),,3.0
109,弘光科技大學,技專校院,09131025,學士後護理系,學士班(日間),125.0,39.0
109,弘光科技大學,技專校院,09131025,護理科,五專,260.0,50.0
109,弘光科技大學,技專校院,09131025,護理系,博士班,14.0,
109,弘光科技大學,技專校院,09131025,護理系,學士班(日間),1353.0,484.0
109,弘光科技大學,技專校院,09131025,護理系,學士班(進修),790.0,218.0
109,弘光科技大學,技專校院,09131025,護理系,碩士在職專班,47.0,
109,弘光科技大學,技專校院,09131025,護理系,碩士班(日間),46.0,
109,弘光科技大學,技專校院,09131025,護理系博士班,博士班,,5.0
109,弘光科技大學,技專校院,09131025,護理系碩士在職專班,碩士在職專班,,7.0
109,弘光科技大學,技專校院,09131025,護理系碩士班,碩士班(日間),,4.0
109,弘光科技大學,技專校院,09151020,物理治療系,學士班(日間),476.0,107.0
109,弘光科技大學,技專校院,09153021,語言治療與聽力學系,學士班(日間),201.0,38.0
109,弘光科技大學,技專校院,09211037,老人福利與長期照顧事業系,學士班(日間),331.0,79.0
109,弘光科技大學,技專校院,09211037,老人福利與長期照顧事業系,學士班(進修),160.0,44.0
109,弘光科技大學,技專校院,09211037,老人福利與長期照顧事業系,碩士班(日間),25.0,
109,弘光科技大學,技專校院,09211037,老人福利與長期照顧事業系碩士班,碩士班(日間),,12.0
109,弘光科技大學,技專校院,09221028,幼兒保育系,學士班(日間),367.0,90.0
109,弘光科技大學,技專校院,09221028,幼兒保育系,學士班(進修),209.0,39.0
109,弘光科技大學,技專校院,10121031,化妝品應用科,二專(進修),50.0,21.0
109,弘光科技大學,技專校院,10121031,化妝品應用系,學士班(日間),419.0,88.0
109,弘光科技大學,技專校院,10121031,化妝品應用系,學士班(進修),337.0,78.0
109,弘光科技大學,技專校院,10121031,化妝品應用系,碩士在職專班,20.0,
109,弘光科技大學,技專校院,10121031,化妝品應用系,碩士班(日間),24.0,
109,弘光科技大學,技專校院,10121031,化妝品應用系_香港二技專班,學士班(日間),1.0,1.0
109,弘光科技大學,技專校院,10121031,化妝品應用系碩士在職專班,碩士在職專班,,3.0
109,弘光科技大學,技專校院,10121031,化妝品應用系碩士班,碩士班(日間),,4.0
109,弘光科技大學,技專校院,10121034,美髮造型設計科,二專(進修),80.0,24.0
109,弘光科技大學,技專校院,10121034,美髮造型設計系,學士班(日間),359.0,73.0
109,弘光科技大學,技專校院,10121034,美髮造型設計系,學士班(進修),86.0,40.0
109,弘光科技大學,技專校院,10131029,餐旅管理系,學士班(日間),719.0,165.0
109,弘光科技大學,技專校院,10131029,餐旅管理系,學士班(進修),499.0,119.0
109,弘光科技大學,技專校院,10152030,運動休閒系,學士班(日間),268.0,55.0
109,弘光科技大學,技專校院,10152030,運動休閒系,學士班(進修),201.0,53.0
109,弘光科技大學,技專校院,10221035,職業安全與防災研究所,碩士班(日間),17.0,8.0
109,朝陽科技大學,技專校院,02112003,視覺傳達設計系,學士班(日間),579.0,160.0
109,朝陽科技大學,技專校院,02112003,視覺傳達設計系,學士班(進修),184.0,39.0
109,朝陽科技大學,技專校院,02112003,視覺傳達設計系,碩士班(日間),24.0,3.0
109,朝陽科技大學,技專校院,02112003,視覺傳達設計系_香港二技專班,學士班(日間),7.0,1.0
109,朝陽科技大學,技專校院,02122028,建築系建築及都市設計博士班,博士班,26.0,3.0
109,朝陽科技大學,技專校院,02123004,工業設計系,學士班(日間),502.0,124.0
109,朝陽科技大學,技專校院,02123004,工業設計系,學士班(進修),166.0,42.0
109,朝陽科技大學,技專校院,02123004,工業設計系,碩士在職專班,15.0,
109,朝陽科技大學,技專校院,02123004,工業設計系,碩士班(日間),27.0,10.0
109,朝陽科技大學,技專校院,02123004,工業設計系_香港二技專班,學士班(日間),3.0,1.0
109,朝陽科技大學,技專校院,02311001,應用英語系,學士班(日間),498.0,117.0
109,朝陽科技大學,技專校院,02311001,應用英語系,學士班(進修),115.0,28.0
109,朝陽科技大學,技專校院,02311001,應用英語系,碩士班(日間),26.0,9.0
109,朝陽科技大學,技專校院,02311001,應用英語系(陸生二技),學士班(日間),2.0,
109,朝陽科技大學,技專校院,03211006,傳播藝術系,學士班(日間),530.0,128.0
109,朝陽科技大學,技專校院,03211006,傳播藝術系,學士班(進修),190.0,33.0
109,朝陽科技大學,技專校院,03211006,傳播藝術系_香港二技專班,學士班(日間),7.0,3.0
109,朝陽科技大學,技專校院,04111007,會計系,學士班(日間),638.0,152.0
109,朝陽科技大學,技專校院,04111007,會計系,碩士班(日間),13.0,12.0
109,朝陽科技大學,技專校院,04121010,財務金融系,學士班(日間),671.0,154.0
109,朝陽科技大學,技專校院,04121010,財務金融系,碩士在職專班,21.0,9.0
109,朝陽科技大學,技專校院,04121010,財務金融系,碩士班(日間),11.0,6.0
109,朝陽科技大學,技專校院,04123011,保險金融管理系,學士班(日間),643.0,142.0
109,朝陽科技大學,技專校院,04123011,保險金融管理系,碩士在職專班,36.0,4.0
109,朝陽科技大學,技專校院,04123011,保險金融管理系,碩士班(日間),16.0,13.0
109,朝陽科技大學,技專校院,04131008,企業管理系,學士班(日間),675.0,168.0
109,朝陽科技大學,技專校院,04131008,企業管理系,學士班(進修),194.0,44.0
109,朝陽科技大學,技專校院,04131008,企業管理系,碩士在職專班,35.0,12.0
109,朝陽科技大學,技專校院,04131008,企業管理系,碩士班(日間),35.0,17.0
109,朝陽科技大學,技專校院,04131008,企業管理系(陸生二技),學士班(日間),1.0,
109,朝陽科技大學,技專校院,04131008,企業管理系台灣產業策略發展博士班,博士班,36.0,7.0
109,朝陽科技大學,技專校院,04131008,企業管理系高階產業經營碩士在職專班,碩士在職專班,35.0,14.0
109,朝陽科技大學,技專校院,04132012,行銷與流通管理系,學士班(日間),560.0,127.0
109,朝陽科技大學,技專校院,04132012,行銷與流通管理系,學士班(進修),370.0,80.0
109,朝陽科技大學,技專校院,04132012,行銷與流通管理系,碩士班(日間),20.0,9.0
109,朝陽科技大學,技專校院,04132012,行銷與流通管理系_國際學生產學合作專班,學士班(日間),35.0,
109,朝陽科技大學,技專校院,04199014,銀髮產業管理系,學士班(日間),397.0,82.0
109,朝陽科技大學,技專校院,04199014,銀髮產業管理系,碩士班(日間),24.0,7.0
109,朝陽科技大學,技專校院,05121017,應用化學系生化科技博士班,博士班,16.0,2.0
109,朝陽科技大學,技專校院,05311017,應用化學系,學士班(日間),249.0,39.0
109,朝陽科技大學,技專校院,05311017,應用化學系,碩士在職專班,7.0,3.0
109,朝陽科技大學,技專校院,05311017,應用化學系,碩士班(日間),14.0,5.0
109,朝陽科技大學,技專校院,05311017,應用化學系_國際學生產學合作專班,學士班(日間),20.0,
109,朝陽科技大學,技專校院,05311017,應用化學系生化科技碩士班,碩士班(日間),1.0,
109,朝陽科技大學,技專校院,06111023,資訊與通訊系,學士班(日間),451.0,97.0
109,朝陽科技大學,技專校院,06111023,資訊與通訊系,學士班(進修),1.0,
109,朝陽科技大學,技專校院,06131019,資訊管理系,博士班,24.0,4.0
109,朝陽科技大學,技專校院,06131019,資訊管理系,學士班(日間),736.0,159.0
109,朝陽科技大學,技專校院,06131019,資訊管理系,學士班(進修),117.0,21.0
109,朝陽科技大學,技專校院,06131019,資訊管理系,碩士在職專班,9.0,4.0
109,朝陽科技大學,技專校院,06131019,資訊管理系,碩士班(日間),54.0,22.0
109,朝陽科技大學,技專校院,06132023,資訊與通訊系,碩士班(日間),51.0,15.0
109,朝陽科技大學,技專校院,07121027,環境工程與管理系,學士班(日間),411.0,89.0
109,朝陽科技大學,技專校院,07121027,環境工程與管理系,碩士在職專班,15.0,3.0
109,朝陽科技大學,技專校院,07121027,環境工程與管理系,碩士班(日間),42.0,18.0
109,朝陽科技大學,技專校院,07121027,環境工程與管理系(陸生二技),學士班(日間),1.0,
109,朝陽科技大學,技專校院,07141020,資訊工程系,學士班(日間),492.0,110.0
109,朝陽科技大學,技專校院,07141020,資訊工程系,學士班(進修),94.0,36.0
109,朝陽科技大學,技專校院,07141020,資訊工程系,碩士在職專班,9.0,7.0
109,朝陽科技大學,技專校院,07141020,資訊工程系,碩士班(日間),34.0,15.0
109,朝陽科技大學,技專校院,07141020,資訊工程系(陸生二技),學士班(日間),1.0,
109,朝陽科技大學,技專校院,07162039,航空機械系,學士班(日間),94.0,
109,朝陽科技大學,技專校院,07191026,工業工程與管理系,學士班(日間),433.0,86.0
109,朝陽科技大學,技專校院,07191026,工業工程與管理系,學士班(進修),195.0,55.0
109,朝陽科技大學,技專校院,07191026,工業工程與管理系,碩士在職專班,17.0,2.0
109,朝陽科技大學,技專校院,07191026,工業工程與管理系,碩士班(日間),33.0,11.0
109,朝陽科技大學,技專校院,07191026,工業工程與管理系_國際學生產學合作專班,學士班(日間),55.0,
109,朝陽科技大學,技專校院,07311028,建築系,學士班(日間),459.0,110.0
109,朝陽科技大學,技專校院,07311028,建築系(陸生二技),學士班(日間),4.0,
109,朝陽科技大學,技專校院,07311028,建築系建築及都市設計碩士班,碩士班(日間),26.0,11.0
109,朝陽科技大學,技專校院,07312031,景觀及都市設計系,學士班(日間),341.0,57.0
109,朝陽科技大學,技專校院,07312031,景觀及都市設計系,碩士班(日間),20.0,2.0
109,朝陽科技大學,技專校院,07312031,景觀及都市設計系_香港二技專班,學士班(日間),1.0,1.0
109,朝陽科技大學,技專校院,07321025,營建工程系,博士班,5.0,1.0
109,朝陽科技大學,技專校院,07321025,營建工程系,學士班(日間),487.0,116.0
109,朝陽科技大學,技專校院,07321025,營建工程系,碩士在職專班,13.0,5.0
109,朝陽科技大學,技專校院,07321025,營建工程系,碩士班(日間),36.0,16.0
109,朝陽科技大學,技專校院,09221035,幼兒保育系,學士班(日間),489.0,122.0
109,朝陽科技大學,技專校院,09221035,幼兒保育系,學士班(進修),194.0,34.0
109,朝陽科技大學,技專校院,09221035,幼兒保育系,碩士在職專班,83.0,5.0
109,朝陽科技大學,技專校院,09221035,幼兒保育系,碩士班(日間),49.0,7.0
109,朝陽科技大學,技專校院,09221035,幼兒保育系_學士後學位學程教保員專班,學士班(日間),25.0,9.0
109,朝陽科技大學,技專校院,09231034,社會工作系,學士班(日間),444.0,119.0
109,朝陽科技大學,技專校院,09231034,社會工作系,學士班(進修),114.0,37.0
109,朝陽科技大學,技專校院,09231034,社會工作系,碩士在職專班,22.0,2.0
109,朝陽科技大學,技專校院,09231034,社會工作系,碩士班(日間),29.0,3.0
109,朝陽科技大學,技專校院,10152036,休閒事業管理系,學士班(日間),481.0,110.0
109,朝陽科技大學,技專校院,10152036,休閒事業管理系,學士班(進修),523.0,118.0
109,朝陽科技大學,技專校院,10152036,休閒事業管理系,碩士在職專班,49.0,14.0
109,朝陽科技大學,技專校院,10152036,休閒事業管理系,碩士班(日間),44.0,15.0
109,朝陽科技大學,技專校院,10152036,休閒事業管理系_國際學生產學合作專班,學士班(日間),65.0,
109,朝陽科技大學,技專校院,10152036,休閒事業管理系_香港二技專班,學士班(日間),4.0,
109,東海大學,一般大學,01111001,教育研究所,碩士在職專班,54.0,20.0
109,東海大學,一般大學,01111001,教育研究所,碩士班(日間),42.0,11.0
109,東海大學,一般大學,02123011,工業設計學系,學士班(日間),153.0,21.0
109,東海大學,一般大學,02123011,工業設計學系,碩士在職專班,12.0,
109,東海大學,一般大學,02123011,工業設計學系,碩士班(日間),19.0,3.0
109,東海大學,一般大學,02131002,美術學系,學士班(日間),193.0,29.0
109,東海大學,一般大學,02131002,美術學系,學士班(進修),154.0,30.0
109,東海大學,一般大學,02131002,美術學系,碩士在職專班,80.0,20.0
109,東海大學,一般大學,02131002,美術學系,碩士班(日間),61.0,12.0
109,東海大學,一般大學,02151003,音樂學系,學士班(日間),175.0,36.0
109,東海大學,一般大學,02151003,音樂學系,碩士班(日間),64.0,11.0
109,東海大學,一般大學,02152058,表演藝術與創作碩士學位學程,碩士班(日間),18.0,4.0
109,東海大學,一般大學,02221009,歷史學系,學士班(日間),255.0,52.0
109,東海大學,一般大學,02221009,歷史學系,碩士班(日間),9.0,
109,東海大學,一般大學,02231010,哲學系,博士班,14.0,1.0
109,東海大學,一般大學,02231010,哲學系,學士班(日間),208.0,32.0
109,東海大學,一般大學,02231010,哲學系,碩士在職專班,27.0,5.0
109,東海大學,一般大學,02231010,哲學系,碩士班(日間),24.0,2.0
109,東海大學,一般大學,02311005,外國語文學系,學士班(日間),446.0,109.0
109,東海大學,一般大學,02311005,外國語文學系,碩士班(日間),32.0,4.0
109,東海大學,一般大學,02311007,日本語言文化學系,學士班(日間),441.0,110.0
109,東海大學,一般大學,02311007,日本語言文化學系,碩士班(日間),17.0,1.0
109,東海大學,一般大學,02322004,中國文學系,博士班,20.0,2.0
109,東海大學,一般大學,02322004,中國文學系,學士班(日間),422.0,91.0
109,東海大學,一般大學,02322004,中國文學系,碩士班(日間),44.0,7.0
109,東海大學,一般大學,02323062,華語文教學國際碩士學位學程,碩士班(日間),5.0,
109,東海大學,一般大學,03111012,經濟學系,學士班(日間),570.0,138.0
109,東海大學,一般大學,03111012,經濟學系,碩士班(日間),10.0,3.0
109,東海大學,一般大學,03121013,政治學系,博士班,29.0,4.0
109,東海大學,一般大學,03121013,政治學系,學士班(日間),460.0,109.0
109,東海大學,一般大學,03121013,政治學系,碩士班(日間),21.0,5.0
109,東海大學,一般大學,03141014,社會學系,博士班,39.0,3.0
109,東海大學,一般大學,03141014,社會學系,學士班(日間),428.0,101.0
109,東海大學,一般大學,03141014,社會學系,碩士班(日間),24.0,10.0
109,東海大學,一般大學,04111018,會計學系,學士班(日間),485.0,104.0
109,東海大學,一般大學,04111018,會計學系,碩士在職專班,14.0,2.0
109,東海大學,一般大學,04111018,會計學系,碩士班(日間),30.0,17.0
109,東海大學,一般大學,04121024,財務金融學系,學士班(日間),507.0,118.0
109,東海大學,一般大學,04121024,財務金融學系,碩士在職專班,3.0,
109,東海大學,一般大學,04121024,財務金融學系,碩士班(日間),29.0,15.0
109,東海大學,一般大學,04131019,企業管理學系,學士班(日間),684.0,162.0
109,東海大學,一般大學,04131019,企業管理學系,碩士班(日間),48.0,23.0
109,東海大學,一般大學,04131021,國際學院國際經營管理學位學程,學士班(日間),257.0,55.0
109,東海大學,一般大學,04131025,高階經營管理碩士在職專班,碩士在職專班,396.0,111.0
109,東海大學,一般大學,04131059,國際企業管理碩士學位學程,碩士班(日間),19.0,10.0
109,東海大學,一般大學,04133044,工業工程與經營資訊學系高階醫務工程與管理碩士在職專班,碩士在職專班,43.0,20.0
109,東海大學,一般大學,04134016,行政管理暨政策學系,學士班(日間),289.0,57.0
109,東海大學,一般大學,04134016,行政管理暨政策學系,碩士班(日間),14.0,6.0
109,東海大學,一般大學,04134016,行政管理暨政策學系第三部門碩士在職專班,碩士在職專班,6.0,1.0
109,東海大學,一般大學,04134017,公共事務碩士專班,碩士在職專班,43.0,10.0
109,東海大學,一般大學,04141023,國際經營與貿易學系,學士班(日間),671.0,153.0
109,東海大學,一般大學,04141023,國際經營與貿易學系,碩士班(日間),24.0,8.0
109,東海大學,一般大學,04211027,法律學系,博士班,23.0,2.0
109,東海大學,一般大學,04211027,法律學系,學士班(日間),502.0,123.0
109,東海大學,一般大學,04211027,法律學系,學士班(進修),138.0,17.0
109,東海大學,一般大學,04211027,法律學系,碩士班(日間),124.0,11.0
109,東海大學,一般大學,05111028,生命科學系,博士班,14.0,1.0
109,東海大學,一般大學,05111028,生命科學系,學士班(日間),310.0,56.0
109,東海大學,一般大學,05111028,生命科學系,碩士班(日間),15.0,7.0
109,東海大學,一般大學,05211056,永續科學與工程學士學位學程,學士班(日間),112.0,31.0
109,東海大學,一般大學,05311030,化學系,博士班,13.0,2.0
109,東海大學,一般大學,05311030,化學系,學士班(日間),342.0,78.0
109,東海大學,一般大學,05311030,化學系,碩士班(日間),25.0,4.0
109,東海大學,一般大學,05331032,應用物理學系,博士班,3.0,
109,東海大學,一般大學,05331032,應用物理學系,學士班(日間),215.0,47.0
109,東海大學,一般大學,05331032,應用物理學系,碩士班(日間),11.0,3.0
109,東海大學,一般大學,05411034,應用數學系,學士班(日間),176.0,24.0
109,東海大學,一般大學,05411034,應用數學系,碩士班(日間),9.0,1.0
109,東海大學,一般大學,05421035,統計學系,博士班,5.0,
109,東海大學,一般大學,05421035,統計學系,學士班(日間),399.0,79.0
109,東海大學,一般大學,05421035,統計學系,碩士班(日間),19.0,9.0
109,東海大學,一般大學,06131039,資訊工程學系,學士班(日間),564.0,93.0
109,東海大學,一般大學,06131039,資訊工程學系,學士班(進修),40.0,7.0
109,東海大學,一般大學,06131039,資訊工程學系,碩士在職專班,30.0,6.0
109,東海大學,一般大學,06131039,資訊工程學系,碩士班(日間),50.0,19.0
109,東海大學,一般大學,06133047,數位創新碩士學位學程,碩士班(日間),20.0,1.0
109,東海大學,一般大學,06134036,資訊管理學系,學士班(日間),256.0,51.0
109,東海大學,一般大學,06134036,資訊管理學系,碩士班(日間),23.0,7.0
109,東海大學,一般大學,07111042,化學工程與材料工程學系,博士班,3.0,
109,東海大學,一般大學,07111042,化學工程與材料工程學系,學士班(日間),418.0,103.0
109,東海大學,一般大學,07111042,化學工程與材料工程學系,碩士班(日間),53.0,25.0
109,東海大學,一般大學,07121045,環境科學與工程學系,博士班,9.0,1.0
109,東海大學,一般大學,07121045,環境科學與工程學系,學士班(日間),315.0,68.0
109,東海大學,一般大學,07121045,環境科學與工程學系,碩士班(日間),25.0,3.0
109,東海大學,一般大學,07141037,電機工程學系,學士班(日間),329.0,62.0
109,東海大學,一般大學,07141037,電機工程學系,碩士班(日間),26.0,10.0
109,東海大學,一般大學,07191044,工業工程與經營資訊學系,博士班,29.0,4.0
109,東海大學,一般大學,07191044,工業工程與經營資訊學系,學士班(日間),438.0,112.0
109,東海大學,一般大學,07191044,工業工程與經營資訊學系,碩士班(日間),58.0,24.0
109,東海大學,一般大學,07211052,食品科學系,學士班(日間),383.0,90.0
109,東海大學,一般大學,07211052,食品科學系,碩士班(日間),38.0,10.0
109,東海大學,一般大學,07311048,建築學系,學士班(日間),173.0,33.0
109,東海大學,一般大學,07311048,建築學系,碩士班(日間),62.0,16.0
109,東海大學,一般大學,07312049,景觀學系,學士班(日間),241.0,56.0
109,東海大學,一般大學,07312049,景觀學系,碩士在職專班,21.0,2.0
109,東海大學,一般大學,07312049,景觀學系,碩士班(日間),18.0,6.0
109,東海大學,一般大學,08112051,畜產與生物科技學系,博士班,8.0,1.0
109,東海大學,一般大學,08112051,畜產與生物科技學系,學士班(日間),407.0,98.0
109,東海大學,一般大學,08112051,畜產與生物科技學系,碩士班(日間),18.0,4.0
109,東海大學,一般大學,09199063,高齡健康與運動科學學士學位學程,學士班(日間),33.0,
109,東海大學,一般大學,09231053,社會工作學系,博士班,41.0,10.0
109,東海大學,一般大學,09231053,社會工作學系,學士班(日間),493.0,116.0
109,東海大學,一般大學,09231053,社會工作學系,碩士班(日間),63.0,13.0
109,東海大學,一般大學,10131054,餐旅管理學系,學士班(日間),274.0,56.0
109,東海大學,一般大學,10131054,餐旅管理學系,碩士在職專班,38.0,14.0
109,東海大學,一般大學,10131054,餐旅管理學系,碩士班(日間),13.0,5.0
109,東海大學,一般大學,10152055,運動休閒與健康管理學位學程,學士班(進修),113.0,14.0
109,逢甲大學,一般大學,02122005,創意設計碩士學位學程,碩士班(日間),2.0,1.0
109,逢甲大學,一般大學,02122006,創新設計學士學位學程,學士班(日間),31.0,9.0
109,逢甲大學,一般大學,02124007,室內設計進修學士班,學士班(進修),183.0,27.0
109,逢甲大學,一般大學,02221003,歷史與文物研究所,碩士班(日間),31.0,3.0
109,逢甲大學,一般大學,02311002,外國語文學系,學士班(日間),467.0,105.0
109,逢甲大學,一般大學,02311002,外國語文學系英語文研究碩士班,碩士班(日間),22.0,3.0
109,逢甲大學,一般大學,02322001,中國文學系,博士班,29.0,2.0
109,逢甲大學,一般大學,02322001,中國文學系,學士班(日間),257.0,66.0
109,逢甲大學,一般大學,02322001,中國文學系,碩士在職專班,1.0,
109,逢甲大學,一般大學,02322001,中國文學系,碩士班(日間),25.0,6.0
109,逢甲大學,一般大學,03111009,經濟學系,博士班,4.0,
109,逢甲大學,一般大學,03111009,經濟學系,學士班(日間),447.0,111.0
109,逢甲大學,一般大學,03111009,經濟學系,碩士班(日間),24.0,7.0
109,逢甲大學,一般大學,03111012,合作經濟暨社會事業經營學系,學士班(日間),241.0,60.0
109,逢甲大學,一般大學,03111012,合作經濟暨社會事業經營學系,碩士班(日間),16.0,8.0
109,逢甲大學,一般大學,04111017,會計學系,學士班(日間),766.0,171.0
109,逢甲大學,一般大學,04111017,會計學系,碩士班(日間),42.0,24.0
109,逢甲大學,一般大學,04121025,財務金融學系,學士班(日間),734.0,185.0
109,逢甲大學,一般大學,04121025,財務金融學系,碩士班(日間),33.0,15.0
109,逢甲大學,一般大學,04121026,金融博士學位學程,博士班,45.0,15.0
109,逢甲大學,一般大學,04121026,金融碩士在職學位學程,碩士在職專班,41.0,21.0
109,逢甲大學,一般大學,04121026,金融碩士在職專班,碩士在職專班,6.0,
109,逢甲大學,一般大學,04121028,財務工程與精算學士學位學程,學士班(日間),208.0,45.0
109,逢甲大學,一般大學,04122032,財稅學系,學士班(日間),479.0,113.0
109,逢甲大學,一般大學,04122032,財稅學系,碩士班(日間),21.0,14.0
109,逢甲大學,一般大學,04123029,風險管理與保險學系,學士班(日間),453.0,117.0
109,逢甲大學,一般大學,04123029,風險管理與保險學系,碩士班(日間),40.0,21.0
109,逢甲大學,一般大學,04131019,企業管理學系,學士班(日間),571.0,144.0
109,逢甲大學,一般大學,04131019,企業管理學系,碩士班(日間),41.0,15.0
109,逢甲大學,一般大學,04131020,經營管理碩士在職學位學程,碩士在職專班,336.0,132.0
109,逢甲大學,一般大學,04131020,經營管理碩士在職專班,碩士在職專班,14.0,5.0
109,逢甲大學,一般大學,04131021,國際企業管理學士學位學程(英語專班),學士班(日間),1.0,1.0
109,逢甲大學,一般大學,04131022,國際經營管理碩士學位學程,碩士班(日間),1.0,
109,逢甲大學,一般大學,04131034,西班牙薩拉戈薩大學物流供應鏈管理與創新創業雙碩士學位學程,碩士班(日間),1.0,1.0
109,逢甲大學,一般大學,04134086,土地管理學系,學士班(日間),435.0,108.0
109,逢甲大學,一般大學,04134086,土地管理學系,碩士在職專班,17.0,5.0
109,逢甲大學,一般大學,04134086,土地管理學系,碩士班(日間),25.0,9.0
109,逢甲大學,一般大學,04134097,公共事務與社會創新研究所,碩士在職專班,64.0,12.0
109,逢甲大學,一般大學,04134097,公共事務與社會創新研究所,碩士班(日間),26.0,9.0
109,逢甲大學,一般大學,04141024,國際經營與貿易學系,學士班(日間),780.0,186.0
109,逢甲大學,一般大學,04141024,國際經營與貿易學系,碩士班(日間),39.0,15.0
109,逢甲大學,一般大學,04141024,國際經營與貿易學系國際企業管理全英語學士班,學士班(日間),246.0,47.0
109,逢甲大學,一般大學,04143033,行銷學系,學士班(日間),562.0,141.0
109,逢甲大學,一般大學,04143033,行銷學系全球行銷碩士班,碩士班(日間),12.0,
109,逢甲大學,一般大學,04191014,商學博士學位學程,博士班,121.0,20.0
109,逢甲大學,一般大學,04191014,商學進修學士學位學程,學士班(進修),435.0,64.0
109,逢甲大學,一般大學,04191014,商學進修學士班,學士班(進修),43.0,30.0
109,逢甲大學,一般大學,04191016,商學專業碩士在職學位學程,碩士在職專班,47.0,18.0
109,逢甲大學,一般大學,04191016,商學院商學專業碩士在職專班,碩士在職專班,1.0,
109,逢甲大學,一般大學,04199035,澳洲墨爾本皇家理工大學商學與創新雙學士學位學程,學士班(日間),116.0,27.0
109,逢甲大學,一般大學,04199036,科技管理碩士學位學程,碩士班(日間),13.0,11.0
109,逢甲大學,一般大學,04199037,專案管理碩士在職學位學程,碩士在職專班,59.0,11.0
109,逢甲大學,一般大學,04199037,建設學院專案管理碩士在職專班,碩士在職專班,4.0,2.0
109,逢甲大學,一般大學,04199092,美國加州聖荷西州立大學商學大數據分析雙學士學位學程,學士班(日間),115.0,26.0
109,逢甲大學,一般大學,04199096,建設碩士在職學位學程,碩士在職專班,113.0,31.0
109,逢甲大學,一般大學,04212038,財經法律研究所,碩士在職專班,60.0,11.0
109,逢甲大學,一般大學,04212038,財經法律研究所,碩士班(日間),71.0,17.0
109,逢甲大學,一般大學,05411039,應用數學系,學士班(日間),389.0,74.0
109,逢甲大學,一般大學,05411039,應用數學系,碩士班(日間),11.0,4.0
109,逢甲大學,一般大學,05421040,統計學系,學士班(日間),412.0,87.0
109,逢甲大學,一般大學,05421040,統計學系應用統計博士班,博士班,4.0,1.0
109,逢甲大學,一般大學,05421040,統計學系統計與精算碩士班,碩士班(日間),31.0,16.0
109,逢甲大學,一般大學,06131048,美國加州舊金山州立大學資訊工程雙學士學位學程,學士班(日間),31.0,
109,逢甲大學,一般大學,06131048,資訊工程學系,博士班,28.0,6.0
109,逢甲大學,一般大學,06131048,資訊工程學系,學士班(日間),1028.0,210.0
109,逢甲大學,一般大學,06131048,資訊工程學系,碩士在職專班,2.0,1.0
109,逢甲大學,一般大學,06131048,資訊工程學系,碩士班(日間),104.0,36.0
109,逢甲大學,一般大學,06131055,智慧聯網產業博士學位學程,博士班,5.0,3.0
109,逢甲大學,一般大學,07111068,化學工程學系,博士班,10.0,3.0
109,逢甲大學,一般大學,07111068,化學工程學系,學士班(日間),454.0,105.0
109,逢甲大學,一般大學,07111068,化學工程學系,碩士班(日間),69.0,41.0
109,逢甲大學,一般大學,07112069,材料科學與工程學系,博士班,5.0,1.0
109,逢甲大學,一般大學,07112069,材料科學與工程學系,學士班(日間),438.0,101.0
109,逢甲大學,一般大學,07112069,材料科學與工程學系,碩士班(日間),60.0,20.0
109,逢甲大學,一般大學,07121075,環境工程與科學學系,博士班,13.0,1.0
109,逢甲大學,一般大學,07121075,環境工程與科學學系,學士班(日間),403.0,82.0
109,逢甲大學,一般大學,07121075,環境工程與科學學系,碩士班(日間),38.0,11.0
109,逢甲大學,一般大學,07122077,水利工程與資源保育學系,學士班(日間),370.0,87.0
109,逢甲大學,一般大學,07122077,水利工程與資源保育學系,碩士班(日間),33.0,19.0
109,逢甲大學,一般大學,07132079,綠色能源科技碩士學位學程,碩士班(日間),20.0,10.0
109,逢甲大學,一般大學,07141044,電機工程學系,學士班(日間),605.0,167.0
109,逢甲大學,一般大學,07141044,電機工程學系,碩士班(日間),44.0,20.0
109,逢甲大學,一般大學,07141045,電機與通訊工程博士學位學程,博士班,36.0,5.0
109,逢甲大學,一般大學,07141046,電子工程學系,學士班(日間),485.0,110.0
109,逢甲大學,一般大學,07141046,電子工程學系,碩士班(日間),61.0,27.0
109,逢甲大學,一般大學,07141050,通訊工程學系,學士班(日間),461.0,85.0
109,逢甲大學,一般大學,07141050,通訊工程學系,碩士班(日間),49.0,20.0
109,逢甲大學,一般大學,07141052,自動控制工程學系,學士班(日間),497.0,104.0
109,逢甲大學,一般大學,07141052,自動控制工程學系,碩士班(日間),41.0,12.0
109,逢甲大學,一般大學,07141053,資訊電機工程碩士在職學位學程,碩士在職專班,82.0,11.0
109,逢甲大學,一般大學,07141053,資訊電機工程碩士在職專班,碩士在職專班,12.0,5.0
109,逢甲大學,一般大學,07141054,光電能源與視覺科技碩士在職專班,碩士在職專班,1.0,1.0
109,逢甲大學,一般大學,07141056,資訊電機學院學士班,學士班(日間),113.0,
109,逢甲大學,一般大學,07141095,美國普渡大學電機資訊雙學士學位學程,學士班(日間),65.0,11.0
109,逢甲大學,一般大學,07141099,視光科技碩士在職學位學程,碩士在職專班,6.0,2.0
109,逢甲大學,一般大學,07141101,光電科學與工程學系,學士班(日間),425.0,91.0
109,逢甲大學,一般大學,07141101,光電科學與工程學系,碩士班(日間),35.0,9.0
109,逢甲大學,一般大學,07141107,美國加州聖荷西州立大學工程雙學士學位學程,學士班(日間),38.0,
109,逢甲大學,一般大學,07141112,資通訊與電控產業碩士專班,碩士班(日間),1.0,1.0
109,逢甲大學,一般大學,07151060,機械與航空工程博士學位學程,博士班,35.0,4.0
109,逢甲大學,一般大學,07151061,機械與電腦輔助工程學系,學士班(日間),616.0,151.0
109,逢甲大學,一般大學,07151061,機械與電腦輔助工程學系機械工程碩士在職專班,碩士在職專班,7.0,
109,逢甲大學,一般大學,07151061,機械與電腦輔助工程學系機械工程碩士班,碩士班(日間),50.0,20.0
109,逢甲大學,一般大學,07151062,精密系統設計學士學位學程,學士班(日間),206.0,49.0
109,逢甲大學,一般大學,07151106,創新智慧製造與管理產業碩士專班,碩士班(日間),11.0,3.0
109,逢甲大學,一般大學,07162059,航太與系統工程學系,學士班(日間),503.0,112.0
109,逢甲大學,一般大學,07162059,航太與系統工程學系,碩士班(日間),48.0,19.0
109,逢甲大學,一般大學,07191072,工業工程與系統管理學系,博士班,14.0,3.0
109,逢甲大學,一般大學,07191072,工業工程與系統管理學系,學士班(日間),398.0,88.0
109,逢甲大學,一般大學,07191072,工業工程與系統管理學系,碩士在職專班,4.0,2.0
109,逢甲大學,一般大學,07191072,工業工程與系統管理學系,碩士班(日間),39.0,16.0
109,逢甲大學,一般大學,07192074,纖維與複合材料學系,博士班,20.0,3.0
109,逢甲大學,一般大學,07192074,纖維與複合材料學系,學士班(日間),394.0,86.0
109,逢甲大學,一般大學,07192074,纖維與複合材料學系,碩士在職專班,8.0,3.0
109,逢甲大學,一般大學,07192074,纖維與複合材料學系,碩士班(日間),46.0,20.0
109,逢甲大學,一般大學,07193078,生醫資訊暨生醫工程碩士學位學程,碩士班(日間),9.0,3.0
109,逢甲大學,一般大學,07199080,電聲碩士學位學程,碩士班(日間),27.0,13.0
109,逢甲大學,一般大學,07199098,智能製造與工程管理碩士在職學位學程,碩士在職專班,138.0,33.0
109,逢甲大學,一般大學,07311007,室內設計學士學位學程,學士班(日間),48.0,19.0
109,逢甲大學,一般大學,07311081,建築學士學位學程,學士班(日間),313.0,77.0
109,逢甲大學,一般大學,07311081,建築碩士在職學位學程,碩士在職專班,11.0,2.0
109,逢甲大學,一般大學,07311081,建築碩士學位學程,碩士班(日間),60.0,17.0
109,逢甲大學,一般大學,07311083,建築專業學院學士班,學士班(日間),251.0,
109,逢甲大學,一般大學,07312084,景觀與遊憩碩士學位學程,碩士在職專班,3.0,
109,逢甲大學,一般大學,07312084,景觀與遊憩碩士學位學程,碩士班(日間),7.0,7.0
109,逢甲大學,一般大學,07313087,都市計畫與空間資訊學系,學士班(日間),403.0,90.0
109,逢甲大學,一般大學,07313087,都市計畫與空間資訊學系,碩士在職專班,11.0,2.0
109,逢甲大學,一般大學,07313087,都市計畫與空間資訊學系,碩士班(日間),31.0,17.0
109,逢甲大學,一般大學,07321063,土木工程學系,學士班(日間),435.0,107.0
109,逢甲大學,一般大學,07321063,土木工程學系,碩士在職專班,1.0,
109,逢甲大學,一般大學,07321063,土木工程學系,碩士班(日間),43.0,21.0
109,逢甲大學,一般大學,07321063,土木工程學系營建工程與管理進修學士班,學士班(進修),215.0,40.0
109,逢甲大學,一般大學,07321100,土木水利工程與建設規劃博士學位學程,博士班,56.0,10.0
109,逢甲大學,一般大學,07399102,智慧城市國際碩士學位學程,碩士班(日間),6.0,2.0
109,逢甲大學,一般大學,10411093,運輸與物流學系,學士班(日間),475.0,111.0
109,逢甲大學,一般大學,10411093,運輸與物流學系,碩士在職專班,7.0,4.0
109,逢甲大學,一般大學,10411093,運輸與物流學系,碩士班(日間),35.0,16.0
109,逢甲大學,一般大學,99999094,全校國際生大一不分系學士班,學士班(日間),39.0,
109,逢甲大學,一般大學,99999108,國際雙學士學位學程,學士班(日間),4.0,
109,靜宜大學,一般大學,01111001,教育研究所,碩士在職專班,54.0,8.0
109,靜宜大學,一般大學,01111001,教育研究所,碩士班(日間),30.0,10.0
109,靜宜大學,一般大學,02299040,原住民族文化碩士學位學程,碩士班(日間),15.0,
109,靜宜大學,一般大學,02311004,英國語文學系,學士班(日間),570.0,144.0
109,靜宜大學,一般大學,02311004,英國語文學系,碩士班(日間),22.0,3.0
109,靜宜大學,一般大學,02311005,西班牙語文學系,學士班(日間),446.0,111.0
109,靜宜大學,一般大學,02311005,西班牙語文學系,碩士班(日間),17.0,3.0
109,靜宜大學,一般大學,02311006,日本語文學系,學士班(日間),623.0,145.0
109,靜宜大學,一般大學,02311006,日本語文學系,碩士班(日間),16.0,2.0
109,靜宜大學,一般大學,02311007,寰宇外語教育學士學位學程,學士班(日間),164.0,38.0
109,靜宜大學,一般大學,02321002,台灣文學系,學士班(日間),210.0,33.0
109,靜宜大學,一般大學,02321002,台灣文學系,碩士班(日間),21.0,5.0
109,靜宜大學,一般大學,02322003,中國文學系,學士班(日間),436.0,88.0
109,靜宜大學,一般大學,02322003,中國文學系,碩士在職專班,8.0,3.0
109,靜宜大學,一般大學,02322003,中國文學系,碩士班(日間),21.0,2.0
109,靜宜大學,一般大學,03141038,犯罪防治碩士學位學程,碩士班(日間),21.0,1.0
109,靜宜大學,一般大學,03211008,大眾傳播學系,學士班(日間),304.0,67.0
109,靜宜大學,一般大學,04111011,會計學系,學士班(日間),644.0,160.0
109,靜宜大學,一般大學,04111011,會計學系,碩士班(日間),27.0,19.0
109,靜宜大學,一般大學,04121019,財務金融學系,學士班(日間),679.0,145.0
109,靜宜大學,一般大學,04121019,財務金融學系,碩士班(日間),19.0,18.0
109,靜宜大學,一般大學,04131010,寰宇管理碩士學位學程,碩士班(日間),73.0,33.0
109,靜宜大學,一般大學,04131012,企業管理學系,學士班(日間),660.0,144.0
109,靜宜大學,一般大學,04131012,企業管理學系,碩士班(日間),8.0,4.0
109,靜宜大學,一般大學,04131014,管理學院管理碩士在職專班柬埔寨境外專班,碩士在職專班,8.0,
109,靜宜大學,一般大學,04131014,管理碩士在職專班,碩士在職專班,107.0,35.0
109,靜宜大學,一般大學,04131015,國際企業學系,學士班(日間),704.0,167.0
109,靜宜大學,一般大學,04131015,國際企業學系,碩士班(日間),22.0,10.0
109,靜宜大學,一般大學,04131018,創新與創業管理碩士學位學程,碩士班(日間),11.0,4.0
109,靜宜大學,一般大學,04191010,寰宇管理學士學位學程,學士班(日間),185.0,23.0
109,靜宜大學,一般大學,04211020,法律學士學位學程原住民專班,學士班(日間),17.0,
109,靜宜大學,一般大學,04211020,法律學系,學士班(日間),521.0,91.0
109,靜宜大學,一般大學,04211020,法律學系,碩士在職專班,36.0,3.0
109,靜宜大學,一般大學,04211020,法律學系,碩士班(日間),32.0,3.0
109,靜宜大學,一般大學,05191031,食品營養學系,博士班,26.0,1.0
109,靜宜大學,一般大學,05191031,食品營養學系,學士班(日間),453.0,114.0
109,靜宜大學,一般大學,05191031,食品營養學系,碩士班(日間),38.0,11.0
109,靜宜大學,一般大學,05211021,生態人文學系,碩士班(日間),3.0,
109,靜宜大學,一般大學,05212021,生態人文學系,學士班(日間),193.0,43.0
109,靜宜大學,一般大學,05311023,應用化學系,博士班,12.0,
109,靜宜大學,一般大學,05311023,應用化學系,學士班(日間),387.0,75.0
109,靜宜大學,一般大學,05311023,應用化學系,碩士班(日間),23.0,6.0
109,靜宜大學,一般大學,05499036,財務工程學系,學士班(日間),243.0,73.0
109,靜宜大學,一般大學,05499036,財務工程學系,碩士班(日間),13.0,7.0
109,靜宜大學,一般大學,05499037,資料科學暨大數據分析與應用學系,學士班(日間),300.0,33.0
109,靜宜大學,一般大學,06131027,資訊管理學系,學士班(日間),479.0,82.0
109,靜宜大學,一般大學,06131027,資訊管理學系,碩士班(日間),19.0,7.0
109,靜宜大學,一般大學,06132009,資訊傳播工程學系,學士班(日間),500.0,84.0
109,靜宜大學,一般大學,06132009,資訊傳播工程學系,碩士班(日間),11.0,1.0
109,靜宜大學,一般大學,06134028,資訊學院資訊應用與科技管理碩士在職專班,碩士在職專班,14.0,1.0
109,靜宜大學,一般大學,07141030,資訊工程學系,學士班(日間),477.0,100.0
109,靜宜大學,一般大學,07141030,資訊工程學系,碩士班(日間),7.0,1.0
109,靜宜大學,一般大學,09161035,化粧品科學系,博士班,9.0,
109,靜宜大學,一般大學,09161035,化粧品科學系,學士班(日間),479.0,120.0
109,靜宜大學,一般大學,09161035,化粧品科學系,碩士在職專班,27.0,7.0
109,靜宜大學,一般大學,09161035,化粧品科學系,碩士班(日間),19.0,4.0
109,靜宜大學,一般大學,09231032,社會工作與兒童少年福利學系,學士班(日間),572.0,144.0
109,靜宜大學,一般大學,09231032,社會工作與兒童少年福利學系,碩士在職專班,28.0,8.0
109,靜宜大學,一般大學,09231032,社會工作與兒童少年福利學系,碩士班(日間),47.0,12.0
109,靜宜大學,一般大學,09231041,健康照顧社會工作學士學位學程原住民專班,學士班(日間),40.0,
109,靜宜大學,一般大學,09299039,社會企業與文化創意碩士學位學程,碩士班(日間),39.0,7.0
109,靜宜大學,一般大學,10151034,觀光事業學系,學士班(日間),764.0,179.0
109,靜宜大學,一般大學,10151034,觀光事業學系,碩士在職專班,42.0,7.0
109,靜宜大學,一般大學,10151034,觀光事業學系,碩士班(日間),23.0,6.0
110,中國醫藥大學,一般大學,04133029,醫務管理學系,學士班(日間),76.0,30.0
110,中國醫藥大學,一般大學,04133029,醫務管理學系,碩士在職專班,52.0,16.0
110,中國醫藥大學,一般大學,04133029,醫務管理學系,碩士班(日間),39.0,22.0
110,中國醫藥大學,一般大學,04199058,科技管理碩士學位學程,碩士班(日間),4.0,2.0
110,中國醫藥大學,一般大學,04212057,科技法律碩士學位學程,碩士班(日間),16.0,2.0
110,中國醫藥大學,一般大學,05121043,生物科技學系,博士班,9.0,3.0
110,中國醫藥大學,一般大學,05121043,生物科技學系,學士班(日間),221.0,52.0
110,中國醫藥大學,一般大學,05121043,生物科技學系,碩士班(日間),14.0,9.0
110,中國醫藥大學,一般大學,05121043,生物科技產業博士學位學程,博士班,5.0,
110,中國醫藥大學,一般大學,05191021,營養學系,博士班,7.0,3.0
110,中國醫藥大學,一般大學,05191021,營養學系,學士班(日間),324.0,77.0
110,中國醫藥大學,一般大學,05191021,營養學系,碩士班(日間),46.0,24.0
110,中國醫藥大學,一般大學,06134060,數位健康創新碩士學位學程,碩士班(日間),10.0,2.0
110,中國醫藥大學,一般大學,07193031,生物醫學工程碩士學位學程,碩士班(日間),10.0,2.0
110,中國醫藥大學,一般大學,07193055,醫學工程與復健科技產業博士學位學程,博士班,11.0,1.0
110,中國醫藥大學,一般大學,08411012,中獸醫碩士學位學程,碩士班(日間),2.0,
110,中國醫藥大學,一般大學,09111019,牙醫學系,博士班,15.0,2.0
110,中國醫藥大學,一般大學,09111019,牙醫學系,學士班(日間),309.0,56.0
110,中國醫藥大學,一般大學,09111019,牙醫學系,碩士班(日間),9.0,4.0
110,中國醫藥大學,一般大學,09111019,牙醫學系口腔醫學產業碩士班,碩士班(日間),9.0,5.0
110,中國醫藥大學,一般大學,09121003,生物醫學研究所,博士班,113.0,15.0
110,中國醫藥大學,一般大學,09121003,生物醫學研究所,碩士班(日間),55.0,19.0
110,中國醫藥大學,一般大學,09121004,臨床醫學研究所,博士班,12.0,4.0
110,中國醫藥大學,一般大學,09121006,基礎醫學研究所,博士班,2.0,
110,中國醫藥大學,一般大學,09121014,中醫學系,博士班,38.0,3.0
110,中國醫藥大學,一般大學,09121014,中醫學系,學士班(日間),853.0,121.0
110,中國醫藥大學,一般大學,09121014,中醫學系,碩士班(日間),11.0,1.0
110,中國醫藥大學,一般大學,09121014,學士後中醫學系,學士班(日間),507.0,100.0
110,中國醫藥大學,一般大學,09121016,醫學系,學士班(日間),800.0,135.0
110,中國醫藥大學,一般大學,09121016,醫學系七年制,學士班(日間),1.0,
110,中國醫藥大學,一般大學,09121020,國際生物醫學碩士學位學程,碩士班(日間),8.0,6.0
110,中國醫藥大學,一般大學,09121023,老化醫學博士學位學程,博士班,16.0,3.0
110,中國醫藥大學,一般大學,09121046,中西醫結合研究所,博士班,17.0,2.0
110,中國醫藥大學,一般大學,09121046,中西醫結合研究所,碩士班(日間),6.0,1.0
110,中國醫藥大學,一般大學,09121049,癌症生物與藥物研發博士學位學程,博士班,9.0,3.0
110,中國醫藥大學,一般大學,09121049,癌症生物與藥物研發碩士學位學程,碩士班(日間),3.0,
110,中國醫藥大學,一般大學,09121059,生醫科技產業博士學位學程,博士班,4.0,
110,中國醫藥大學,一般大學,09131045,護理學系,學士班(日間),305.0,75.0
110,中國醫藥大學,一般大學,09131045,護理學系,碩士班(日間),45.0,12.0
110,中國醫藥大學,一般大學,09141017,醫學檢驗生物技術學系,學士班(日間),195.0,56.0
110,中國醫藥大學,一般大學,09141017,醫學檢驗生物技術學系,碩士班(日間),15.0,4.0
110,中國醫藥大學,一般大學,09141032,生物醫學影像暨放射科學學系,學士班(日間),225.0,50.0
110,中國醫藥大學,一般大學,09141032,生物醫學影像暨放射科學學系,碩士班(日間),12.0,5.0
110,中國醫藥大學,一般大學,09151010,物理治療學系,學士班(日間),250.0,52.0
110,中國醫藥大學,一般大學,09151010,物理治療學系復健科學碩士班,碩士班(日間),11.0,6.0
110,中國醫藥大學,一般大學,09159047,運動醫學系,學士班(日間),192.0,40.0
110,中國醫藥大學,一般大學,09159047,運動醫學系,碩士班(日間),5.0,
110,中國醫藥大學,一般大學,09161015,新藥開發研究所,博士班,12.0,2.0
110,中國醫藥大學,一般大學,09161015,新藥開發研究所,碩士班(日間),9.0,2.0
110,中國醫藥大學,一般大學,09161034,藥學系,博士班,21.0,3.0
110,中國醫藥大學,一般大學,09161034,藥學系,學士班(日間),1194.0,212.0
110,中國醫藥大學,一般大學,09161034,藥學系,碩士班(日間),26.0,16.0
110,中國醫藥大學,一般大學,09161039,中國藥學暨中藥資源學系,博士班,12.0,1.0
110,中國醫藥大學,一般大學,09161039,中國藥學暨中藥資源學系,學士班(日間),139.0,31.0
110,中國醫藥大學,一般大學,09161039,中國藥學暨中藥資源學系,碩士班(日間),16.0,8.0
110,中國醫藥大學,一般大學,09161042,藥用化妝品學系,學士班(日間),178.0,37.0
110,中國醫藥大學,一般大學,09161042,藥用化妝品學系,碩士班(日間),20.0,6.0
110,中國醫藥大學,一般大學,09161050,製藥碩士學位學程,碩士班(日間),13.0,4.0
110,中國醫藥大學,一般大學,09161051,生技製藥產業博士學位學程,博士班,5.0,1.0
110,中國醫藥大學,一般大學,09171013,針灸研究所,博士班,11.0,2.0
110,中國醫藥大學,一般大學,09171013,針灸研究所,碩士班(日間),10.0,3.0
110,中國醫藥大學,一般大學,09171048,國際針灸碩士學位學程,碩士班(日間),3.0,
110,中國醫藥大學,一般大學,09191026,公共衛生國際碩士學位學程,碩士班(日間),1.0,
110,中國醫藥大學,一般大學,09191026,公共衛生學系,博士班,79.0,12.0
110,中國醫藥大學,一般大學,09191026,公共衛生學系,學士班(日間),211.0,52.0
110,中國醫藥大學,一般大學,09191026,公共衛生學系,碩士班(日間),45.0,25.0
110,中國醫藥大學,一般大學,09191056,公共衛生學院大一不分系,學士班(日間),150.0,
110,中國醫藥大學,一般大學,09199045,護理學系跨領域長期照護碩士在職專班,碩士在職專班,21.0,3.0
110,中國醫藥大學,一般大學,09199053,食品暨藥物安全碩士學位學程,碩士班(日間),6.0,2.0
110,中國醫藥大學,一般大學,09199054,健康科技產業博士學位學程,博士班,9.0,1.0
110,中國醫藥大學,一般大學,10221038,職業安全與衛生學系,學士班(日間),124.0,36.0
110,中國醫藥大學,一般大學,10221038,職業安全與衛生學系,碩士在職專班,13.0,3.0
110,中國醫藥大學,一般大學,10221038,職業安全與衛生學系,碩士班(日間),17.0,10.0
110,中山醫學大學,一般大學,02311003,應用外國語言學系,學士班(日間),182.0,33.0
110,中山醫學大學,一般大學,03131004,心理學系,學士班(日間),210.0,56.0
110,中山醫學大學,一般大學,03131004,心理學系臨床心理學碩士班,碩士班(日間),70.0,10.0
110,中山醫學大學,一般大學,04133006,醫療產業科技管理學系,學士班(日間),165.0,30.0
110,中山醫學大學,一般大學,04133006,醫療產業科技管理學系,碩士班(日間),14.0,3.0
110,中山醫學大學,一般大學,05121012,生物醫學科學學系,學士班(日間),307.0,65.0
110,中山醫學大學,一般大學,05124012,生物醫學科學學系,碩士班(日間),16.0,7.0
110,中山醫學大學,一般大學,05191026,營養學系,博士班,16.0,
110,中山醫學大學,一般大學,05191026,營養學系,學士班(日間),368.0,78.0
110,中山醫學大學,一般大學,05191026,營養學系,碩士班(日間),50.0,25.0
110,中山醫學大學,一般大學,05399015,醫學應用化學系,學士班(日間),183.0,40.0
110,中山醫學大學,一般大學,05399015,醫學應用化學系,碩士班(日間),8.0,2.0
110,中山醫學大學,一般大學,06131033,醫學資訊學系,學士班(日間),177.0,42.0
110,中山醫學大學,一般大學,06131033,醫學資訊學系,碩士班(日間),7.0,3.0
110,中山醫學大學,一般大學,09111038,牙醫學系,博士班,8.0,1.0
110,中山醫學大學,一般大學,09111038,牙醫學系,學士班(日間),492.0,78.0
110,中山醫學大學,一般大學,09111038,牙醫學系,碩士班(日間),18.0,7.0
110,中山醫學大學,一般大學,09111039,口腔科學研究所,博士班,6.0,2.0
110,中山醫學大學,一般大學,09111039,口腔科學研究所,碩士班(日間),17.0,5.0
110,中山醫學大學,一般大學,09121018,醫學研究所,博士班,115.0,22.0
110,中山醫學大學,一般大學,09121018,醫學研究所,碩士在職專班,1.0,1.0
110,中山醫學大學,一般大學,09121018,醫學研究所,碩士班(日間),84.0,38.0
110,中山醫學大學,一般大學,09121018,醫學系,學士班(日間),827.0,127.0
110,中山醫學大學,一般大學,09121018,醫學系七年制,學士班(日間),1.0,
110,中山醫學大學,一般大學,09131028,護理學系,學士班(日間),427.0,99.0
110,中山醫學大學,一般大學,09131028,護理學系,碩士班(日間),49.0,10.0
110,中山醫學大學,一般大學,09131028,護理學系長期照護碩士在職專班,碩士在職專班,66.0,17.0
110,中山醫學大學,一般大學,09141030,醫學檢驗暨生物技術學系,學士班(日間),324.0,81.0
110,中山醫學大學,一般大學,09141030,醫學檢驗暨生物技術學系,碩士班(日間),12.0,8.0
110,中山醫學大學,一般大學,09141030,醫學科技學院醫學檢驗暨生物技術學系澳門境外碩士在職專班,碩士在職專班,2.0,1.0
110,中山醫學大學,一般大學,09141031,醫學影像暨放射科學系,學士班(日間),305.0,76.0
110,中山醫學大學,一般大學,09141031,醫學影像暨放射科學系,碩士班(日間),15.0,6.0
110,中山醫學大學,一般大學,09141032,視光學系,學士班(日間),229.0,58.0
110,中山醫學大學,一般大學,09141032,視光學系,學士班(進修),122.0,41.0
110,中山醫學大學,一般大學,09141032,視光學系,碩士班(日間),28.0,13.0
110,中山醫學大學,一般大學,09151022,物理治療學系,學士班(日間),232.0,48.0
110,中山醫學大學,一般大學,09151022,物理治療學系,碩士班(日間),11.0,6.0
110,中山醫學大學,一般大學,09152023,職能治療學系,學士班(日間),219.0,53.0
110,中山醫學大學,一般大學,09152023,職能治療學系,碩士班(日間),13.0,2.0
110,中山醫學大學,一般大學,09153024,語言治療與聽力學系,學士班(日間),416.0,101.0
110,中山醫學大學,一般大學,09153024,語言治療與聽力學系,碩士班(日間),48.0,10.0
110,中山醫學大學,一般大學,09191020,公共衛生學系,博士班,33.0,7.0
110,中山醫學大學,一般大學,09191020,公共衛生學系,學士班(日間),263.0,47.0
110,中山醫學大學,一般大學,09191020,公共衛生學系,碩士班(日間),17.0,7.0
110,中山醫學大學,一般大學,09199048,健康管理學院國際健康產業經營管理碩士在職專班,碩士在職專班,94.0,38.0
110,中山醫學大學,一般大學,09231045,醫學社會暨社會工作學系,學士班(日間),381.0,70.0
110,中山醫學大學,一般大學,09231045,醫學社會暨社會工作學系,碩士班(日間),29.0,3.0
110,中山醫學大學,一般大學,10131049,健康產業科技管理學系,學士班(日間),154.0,35.0
110,中山醫學大學,一般大學,10131049,健康產業科技管理學系,碩士班(日間),14.0,5.0
110,中山醫學大學,一般大學,10221021,職業安全衛生學系,學士班(日間),193.0,44.0
110,中山醫學大學,一般大學,10221021,職業安全衛生學系,碩士在職專班,2.0,1.0
110,中山醫學大學,一般大學,10221021,職業安全衛生學系,碩士班(日間),12.0,8.0
110,中臺科技大學,技專校院,01111009,文教事業經營研究所,碩士在職專班,63.0,10.0
110,中臺科技大學,技專校院,01111009,文教事業經營研究所,碩士班(日間),21.0,7.0
110,中臺科技大學,技專校院,01121001,兒童教育暨事業經營系,學士班(日間),259.0,68.0
110,中臺科技大學,技專校院,01121001,兒童教育暨事業經營系,學士班(進修),356.0,136.0
110,中臺科技大學,技專校院,02311002,應用外語系,學士班(日間),191.0,64.0
110,中臺科技大學,技專校院,02311002,應用外語系,學士班(進修),25.0,6.0
110,中臺科技大學,技專校院,04131038,經營管理系,學士班(日間),116.0,40.0
110,中臺科技大學,技專校院,04131038,經營管理系,學士班(進修),39.0,3.0
110,中臺科技大學,技專校院,04133008,醫療暨健康產業管理系,學士班(日間),281.0,91.0
110,中臺科技大學,技專校院,04133008,醫療暨健康產業管理系,學士班(進修),89.0,16.0
110,中臺科技大學,技專校院,04133008,醫療暨健康產業管理系碩士在職專班,碩士在職專班,29.0,13.0
110,中臺科技大學,技專校院,04133008,醫療暨健康產業管理系碩士班,碩士班(日間),11.0,2.0
110,中臺科技大學,技專校院,04143004,行銷管理系,學士班(日間),285.0,84.0
110,中臺科技大學,技專校院,04143004,行銷管理系,學士班(進修),114.0,17.0
110,中臺科技大學,技專校院,06131012,資訊管理系,學士班(日間),231.0,50.0
110,中臺科技大學,技專校院,06131012,資訊管理系,學士班(進修),68.0,19.0
110,中臺科技大學,技專校院,06131037,人工智慧健康管理系,學士班(日間),25.0,
110,中臺科技大學,技專校院,06131037,人工智慧健康管理系,學士班(進修),44.0,
110,中臺科技大學,技專校院,07121013,環境與安全衛生工程系,學士班(日間),237.0,51.0
110,中臺科技大學,技專校院,07121013,環境與安全衛生工程系,學士班(進修),84.0,17.0
110,中臺科技大學,技專校院,07121013,環境與安全衛生工程系碩士班,碩士班(日間),21.0,10.0
110,中臺科技大學,技專校院,07211017,食品科技系,學士班(日間),448.0,110.0
110,中臺科技大學,技專校院,07211017,食品科技系,學士班(進修),231.0,51.0
110,中臺科技大學,技專校院,07211017,食品科技系碩士班,碩士班(日間),9.0,4.0
110,中臺科技大學,技專校院,09111033,牙體技術暨材料系,學士班(日間),483.0,129.0
110,中臺科技大學,技專校院,09111033,牙體技術暨材料系碩士班,碩士班(日間),8.0,4.0
110,中臺科技大學,技專校院,09131020,護理系,學士班(日間),784.0,268.0
110,中臺科技大學,技專校院,09131020,護理系,學士班(進修),931.0,314.0
110,中臺科技大學,技專校院,09131020,護理系碩士在職專班,碩士在職專班,82.0,8.0
110,中臺科技大學,技專校院,09131020,護理系碩士班,碩士班(日間),27.0,5.0
110,中臺科技大學,技專校院,09141028,醫學檢驗生物技術系,學士班(日間),517.0,151.0
110,中臺科技大學,技專校院,09141028,醫學檢驗生物技術系碩士班,碩士班(日間),13.0,8.0
110,中臺科技大學,技專校院,09141029,醫學影像暨放射科學系,學士班(日間),532.0,158.0
110,中臺科技大學,技專校院,09141029,醫學影像暨放射科學系博士班,博士班,9.0,4.0
110,中臺科技大學,技專校院,09141029,醫學影像暨放射科學系碩士在職專班,碩士在職專班,14.0,4.0
110,中臺科技大學,技專校院,09141029,醫學影像暨放射科學系碩士班,碩士班(日間),8.0,3.0
110,中臺科技大學,技專校院,09141030,視光系,學士班(日間),303.0,77.0
110,中臺科技大學,技專校院,09141030,視光系,學士班(進修),136.0,31.0
110,中臺科技大學,技專校院,09211034,老人照顧系,學士班(日間),227.0,57.0
110,中臺科技大學,技專校院,09211034,老人照顧系,學士班(進修),159.0,40.0
110,中臺科技大學,技專校院,09211034,老人照顧系_外國學生產學合作專班,二專(日間),16.0,
110,中臺科技大學,技專校院,09212024,長期照顧碩士在職學位學程,碩士在職專班,78.0,15.0
110,亞洲大學,一般大學,01121001,幼兒教育學系,學士班(日間),375.0,93.0
110,亞洲大學,一般大學,01121001,幼兒教育學系,碩士班(日間),7.0,
110,亞洲大學,一般大學,02112006,視覺傳達設計學系,學士班(日間),422.0,103.0
110,亞洲大學,一般大學,02112006,視覺傳達設計學系,碩士班(日間),18.0,
110,亞洲大學,一般大學,02112007,數位媒體設計學系,博士班,41.0,4.0
110,亞洲大學,一般大學,02112007,數位媒體設計學系,學士班(日間),431.0,100.0
110,亞洲大學,一般大學,02112007,數位媒體設計學系,碩士班(日間),24.0,7.0
110,亞洲大學,一般大學,02112058,創新產業博士學位學程,博士班,6.0,
110,亞洲大學,一般大學,02122004,時尚設計學系,學士班(日間),343.0,83.0
110,亞洲大學,一般大學,02122005,創意設計學院不分系國際設計學士班,學士班(日間),27.0,11.0
110,亞洲大學,一般大學,02123011,創意商品設計學系,學士班(日間),393.0,98.0
110,亞洲大學,一般大學,02123011,創意商品設計學系,學士班(進修),91.0,28.0
110,亞洲大學,一般大學,02123011,創意商品設計學系,碩士班(日間),19.0,7.0
110,亞洲大學,一般大學,02124012,室內設計學系,學士班(日間),258.0,26.0
110,亞洲大學,一般大學,02311002,外國語文學系,學士班(日間),277.0,78.0
110,亞洲大學,一般大學,02311002,外國語文學系,碩士班(日間),28.0,7.0
110,亞洲大學,一般大學,03131013,心理學系,學士班(日間),487.0,101.0
110,亞洲大學,一般大學,03131013,心理學系,碩士班(日間),142.0,24.0
110,亞洲大學,一般大學,03213014,資訊傳播學系,學士班(日間),373.0,88.0
110,亞洲大學,一般大學,03213014,資訊傳播學系,碩士班(日間),17.0,11.0
110,亞洲大學,一般大學,04111015,會計與資訊學系,學士班(日間),268.0,78.0
110,亞洲大學,一般大學,04111015,會計與資訊學系,碩士班(日間),13.0,6.0
110,亞洲大學,一般大學,04121019,財務金融學系,學士班(日間),411.0,100.0
110,亞洲大學,一般大學,04121019,財務金融學系,碩士在職專班,32.0,29.0
110,亞洲大學,一般大學,04121019,財務金融學系,碩士班(日間),15.0,12.0
110,亞洲大學,一般大學,04121020,國際財務金融管理學士學位學程,學士班(日間),21.0,12.0
110,亞洲大學,一般大學,04131017,經營管理學系,博士班,73.0,
110,亞洲大學,一般大學,04131017,經營管理學系,學士班(日間),507.0,128.0
110,亞洲大學,一般大學,04131017,經營管理學系,學士班(進修),124.0,
110,亞洲大學,一般大學,04131017,經營管理學系,碩士在職專班,124.0,85.0
110,亞洲大學,一般大學,04131017,經營管理學系,碩士班(日間),41.0,20.0
110,亞洲大學,一般大學,04131017,經營管理學系企業經濟與策略博士班,博士班,,9.0
110,亞洲大學,一般大學,04131054,創新與創業管理碩士學位學程,碩士班(日間),5.0,2.0
110,亞洲大學,一般大學,04131055,EMBA高階經理碩士在職學位學程,碩士在職專班,12.0,2.0
110,亞洲大學,一般大學,04131059,智慧健康先進管理技術博士學位學程,博士班,7.0,
110,亞洲大學,一般大學,04199018,新興產業策略與發展博士學位學程,博士班,18.0,4.0
110,亞洲大學,一般大學,04199026,管理學院進修學士學位學程,學士班(進修),168.0,67.0
110,亞洲大學,一般大學,04212027,財經法律學系,學士班(日間),367.0,77.0
110,亞洲大學,一般大學,04212027,財經法律學系,碩士班(日間),28.0,5.0
110,亞洲大學,一般大學,05191053,食品營養與保健生技學系,學士班(日間),397.0,95.0
110,亞洲大學,一般大學,05191053,食品營養與保健生技學系,學士班(進修),174.0,33.0
110,亞洲大學,一般大學,05191053,食品營養與保健生技學系,碩士在職專班,29.0,6.0
110,亞洲大學,一般大學,05191053,食品營養與保健生技學系,碩士班(日間),28.0,18.0
110,亞洲大學,一般大學,06111057,人工智慧博士學位學程,博士班,12.0,
110,亞洲大學,一般大學,06134033,行動商務與多媒體應用學系,學士班(日間),342.0,65.0
110,亞洲大學,一般大學,06134033,行動商務與多媒體應用學系,碩士班(日間),12.0,4.0
110,亞洲大學,一般大學,06134037,資訊工程學系,博士班,26.0,9.0
110,亞洲大學,一般大學,06134037,資訊工程學系,學士班(日間),482.0,92.0
110,亞洲大學,一般大學,06134037,資訊工程學系,碩士在職專班,38.0,11.0
110,亞洲大學,一般大學,06134037,資訊工程學系,碩士班(日間),32.0,15.0
110,亞洲大學,一般大學,07193029,生物資訊與醫學工程學系,博士班,15.0,3.0
110,亞洲大學,一般大學,07193029,生物資訊與醫學工程學系,學士班(日間),160.0,27.0
110,亞洲大學,一般大學,07193029,生物資訊與醫學工程學系,碩士在職專班,17.0,7.0
110,亞洲大學,一般大學,07193029,生物資訊與醫學工程學系,碩士班(日間),9.0,5.0
110,亞洲大學,一般大學,08411045,學士後獸醫學系,學士班(日間),161.0,36.0
110,亞洲大學,一般大學,09131046,護理學系,學士班(日間),471.0,116.0
110,亞洲大學,一般大學,09131046,護理學系,碩士在職專班,30.0,
110,亞洲大學,一般大學,09131046,護理學系,碩士班(日間),26.0,2.0
110,亞洲大學,一般大學,09131061,學士後護理學系,學士班(日間),81.0,
110,亞洲大學,一般大學,09141047,視光學系,學士班(日間),373.0,83.0
110,亞洲大學,一般大學,09141060,醫學檢驗暨生物技術學系,學士班(日間),264.0,59.0
110,亞洲大學,一般大學,09141060,醫學檢驗暨生物技術學系,碩士班(日間),11.0,4.0
110,亞洲大學,一般大學,09151056,物理治療學系,學士班(日間),127.0,
110,亞洲大學,一般大學,09152052,職能治療學系,學士班(日間),207.0,46.0
110,亞洲大學,一般大學,09153051,聽力暨語言治療學系,學士班(日間),206.0,47.0
110,亞洲大學,一般大學,09191021,健康產業管理學系,博士班,37.0,10.0
110,亞洲大學,一般大學,09191021,健康產業管理學系,學士班(日間),378.0,84.0
110,亞洲大學,一般大學,09191021,健康產業管理學系,碩士在職專班,70.0,16.0
110,亞洲大學,一般大學,09191021,健康產業管理學系,碩士班(日間),44.0,16.0
110,亞洲大學,一般大學,09231048,社會工作學系,學士班(日間),415.0,94.0
110,亞洲大學,一般大學,09231048,社會工作學系,學士班(進修),166.0,31.0
110,亞洲大學,一般大學,09231048,社會工作學系,碩士班(日間),41.0,7.0
110,亞洲大學,一般大學,10151049,休閒與遊憩管理學系,學士班(日間),419.0,100.0
110,亞洲大學,一般大學,10151049,休閒與遊憩管理學系,學士班(進修),1.0,1.0
110,亞洲大學,一般大學,10151049,休閒與遊憩管理學系,碩士在職專班,74.0,50.0
110,亞洲大學,一般大學,10151049,休閒與遊憩管理學系,碩士班(日間),43.0,23.0
110,修平學校財團法人修平科技大學,技專校院,02112005,數位媒體設計系,學士班(日間),185.0,49.0
110,修平學校財團法人修平科技大學,技專校院,02311003,應用英語系,學士班(日間),115.0,34.0
110,修平學校財團法人修平科技大學,技專校院,02311003,應用英語系,學士班(進修),67.0,31.0
110,修平學校財團法人修平科技大學,技專校院,02311004,應用日語科,二專(進修),1.0,
110,修平學校財團法人修平科技大學,技專校院,02311004,應用日語系,學士班(日間),268.0,50.0
110,修平學校財團法人修平科技大學,技專校院,02311004,應用日語系,學士班(進修),70.0,37.0
110,修平學校財團法人修平科技大學,技專校院,04121011,應用財務金融系,學士班(日間),1.0,
110,修平學校財團法人修平科技大學,技專校院,04131009,國際企業經營科,二專(進修),2.0,
110,修平學校財團法人修平科技大學,技專校院,04131030,企業經營管理系,學士班(日間),173.0,49.0
110,修平學校財團法人修平科技大學,技專校院,04131030,企業經營管理系,學士班(進修),235.0,100.0
110,修平學校財團法人修平科技大學,技專校院,04131030,企業經營管理系_現役軍人營區在職專班,學士班(進修),146.0,26.0
110,修平學校財團法人修平科技大學,技專校院,04132013,行銷與流通管理系,學士班(日間),190.0,52.0
110,修平學校財團法人修平科技大學,技專校院,04132013,行銷與流通管理系,學士班(進修),77.0,16.0
110,修平學校財團法人修平科技大學,技專校院,04199015,人力資源管理與發展系,學士班(日間),155.0,35.0
110,修平學校財團法人修平科技大學,技專校院,04199015,人力資源管理與發展系碩士班,碩士班(日間),38.0,18.0
110,修平學校財團法人修平科技大學,技專校院,06121018,資訊網路技術系,學士班(日間),108.0,23.0
110,修平學校財團法人修平科技大學,技專校院,06131017,資訊管理系,學士班(日間),171.0,41.0
110,修平學校財團法人修平科技大學,技專校院,06131017,資訊管理系,學士班(進修),112.0,28.0
110,修平學校財團法人修平科技大學,技專校院,07141019,電機工程系,學士班(日間),181.0,40.0
110,修平學校財團法人修平科技大學,技專校院,07141019,電機工程系,學士班(進修),255.0,72.0
110,修平學校財團法人修平科技大學,技專校院,07141019,電機工程系碩士班,碩士班(日間),18.0,3.0
110,修平學校財團法人修平科技大學,技專校院,07141020,電子工程系,學士班(日間),164.0,36.0
110,修平學校財團法人修平科技大學,技專校院,07141020,電子工程系,學士班(進修),87.0,32.0
110,修平學校財團法人修平科技大學,技專校院,07151021,機械工程系,學士班(日間),726.0,143.0
110,修平學校財團法人修平科技大學,技專校院,07151021,機械工程系,學士班(進修),802.0,194.0
110,修平學校財團法人修平科技大學,技專校院,07151021,機械工程系(含精密機械與製造科技碩士班)_現役軍人營區在職專班,學士班(進修),51.0,13.0
110,修平學校財團法人修平科技大學,技專校院,07151021,機械工程系精密機械與製造科技碩士班,碩士班(日間),11.0,4.0
110,修平學校財團法人修平科技大學,技專校院,07191026,工業工程與管理系,學士班(日間),111.0,30.0
110,修平學校財團法人修平科技大學,技專校院,07191026,工業工程與管理系,學士班(進修),169.0,61.0
110,修平學校財團法人修平科技大學,技專校院,07191026,工業工程與管理系(含精實生產管理碩士班)_現役軍人營區在職專班,碩士在職專班,23.0,3.0
110,修平學校財團法人修平科技大學,技專校院,07191026,工業工程與管理系_精實生產國際學生產學合作專班,學士班(日間),38.0,38.0
110,修平學校財團法人修平科技大學,技專校院,07191026,工業工程與管理系精實生產管理碩士在職專班,碩士在職專班,17.0,3.0
110,修平學校財團法人修平科技大學,技專校院,07191026,工業工程與管理系精實生產管理碩士班,碩士班(日間),10.0,2.0
110,修平學校財團法人修平科技大學,技專校院,10151029,觀光與遊憩管理系,學士班(日間),247.0,70.0
110,僑光科技大學,技專校院,02122004,生活創意設計系,學士班(日間),359.0,94.0
110,僑光科技大學,技專校院,02122004,生活創意設計系,學士班(進修),258.0,65.0
110,僑光科技大學,技專校院,02123005,電腦輔助工業設計系,學士班(日間),369.0,85.0
110,僑光科技大學,技專校院,02123005,電腦輔助工業設計系,學士班(進修),185.0,29.0
110,僑光科技大學,技專校院,02123005,電腦輔助工業設計系_精密機械加工與設計專班,學士班(日間),36.0,36.0
110,僑光科技大學,技專校院,02123005,電腦輔助工業設計系_精密機械生產製造與管理專班,學士班(進修),26.0,
110,僑光科技大學,技專校院,02311003,應用英語系,學士班(日間),364.0,117.0
110,僑光科技大學,技專校院,02311003,應用英語系,學士班(進修),151.0,37.0
110,僑光科技大學,技專校院,04121013,財務金融系,學士班(日間),450.0,118.0
110,僑光科技大學,技專校院,04121013,財務金融系,學士班(進修),179.0,43.0
110,僑光科技大學,技專校院,04121013,財務金融系碩士班,碩士班(日間),17.0,8.0
110,僑光科技大學,技專校院,04131009,企業管理系,學士班(日間),379.0,108.0
110,僑光科技大學,技專校院,04131009,企業管理系,學士班(進修),352.0,99.0
110,僑光科技大學,技專校院,04131009,企業管理系_工商管理,學士班(日間),18.0,
110,僑光科技大學,技專校院,04131009,企業管理系碩士在職專班,碩士在職專班,18.0,4.0
110,僑光科技大學,技專校院,04131009,企業管理系碩士班,碩士班(日間),15.0,1.0
110,僑光科技大學,技專校院,04132016,行銷與流通管理系,學士班(日間),752.0,191.0
110,僑光科技大學,技專校院,04132016,行銷與流通管理系,學士班(進修),623.0,121.0
110,僑光科技大學,技專校院,04141011,國際貿易系,學士班(日間),417.0,96.0
110,僑光科技大學,技專校院,04141011,國際貿易系,學士班(進修),151.0,35.0
110,僑光科技大學,技專校院,04212018,財經法律系,學士班(日間),336.0,61.0
110,僑光科技大學,技專校院,04212018,財經法律系,學士班(進修),126.0,31.0
110,僑光科技大學,技專校院,06131019,資訊科技系,學士班(日間),409.0,96.0
110,僑光科技大學,技專校院,06131019,資訊科技系,學士班(進修),368.0,83.0
110,僑光科技大學,技專校院,06133021,多媒體與遊戲設計系,學士班(日間),437.0,107.0
110,僑光科技大學,技專校院,06133021,多媒體與遊戲設計系,學士班(進修),180.0,37.0
110,僑光科技大學,技專校院,10131024,餐飲管理系,學士班(日間),668.0,171.0
110,僑光科技大學,技專校院,10131024,餐飲管理系,學士班(進修),559.0,103.0
110,僑光科技大學,技專校院,10131025,旅館與會展管理系,學士班(日間),386.0,111.0
110,僑光科技大學,技專校院,10131025,旅館與會展管理系,學士班(進修),159.0,48.0
110,僑光科技大學,技專校院,10151026,觀光與休閒事業管理系,學士班(日間),519.0,152.0
110,僑光科技大學,技專校院,10151026,觀光與休閒事業管理系,學士班(進修),575.0,125.0
110,國立中興大學,一般大學,01111001,教師專業發展研究所,碩士班(日間),34.0,9.0
110,國立中興大學,一般大學,02221007,歷史學系,博士班,36.0,3.0
110,國立中興大學,一般大學,02221007,歷史學系,學士班(日間),257.0,67.0
110,國立中興大學,一般大學,02221007,歷史學系,碩士在職專班,20.0,4.0
110,國立中興大學,一般大學,02221007,歷史學系,碩士班(日間),39.0,5.0
110,國立中興大學,一般大學,02299008,文化創意產業學士學位學程,學士班(進修),146.0,29.0
110,國立中興大學,一般大學,02311006,外國語文學系,學士班(日間),261.0,68.0
110,國立中興大學,一般大學,02311006,外國語文學系,學士班(進修),237.0,47.0
110,國立中興大學,一般大學,02311006,外國語文學系,碩士班(日間),27.0,5.0
110,國立中興大學,一般大學,02321003,台灣文學與跨國文化研究所,碩士在職專班,31.0,3.0
110,國立中興大學,一般大學,02321003,台灣文學與跨國文化研究所,碩士班(日間),44.0,6.0
110,國立中興大學,一般大學,02321003,台灣文學與跨國文化研究所教師在職進修碩士學位班,碩士在職專班,1.0,1.0
110,國立中興大學,一般大學,02321004,台灣與跨文化研究國際博士學位學程,博士班,9.0,1.0
110,國立中興大學,一般大學,02321103,台灣人文創新學士學位學程,學士班(日間),31.0,
110,國立中興大學,一般大學,02322005,中國文學系,博士班,33.0,5.0
110,國立中興大學,一般大學,02322005,中國文學系,學士班(日間),208.0,53.0
110,國立中興大學,一般大學,02322005,中國文學系,學士班(進修),173.0,40.0
110,國立中興大學,一般大學,02322005,中國文學系,碩士在職專班,33.0,10.0
110,國立中興大學,一般大學,02322005,中國文學系,碩士班(日間),57.0,7.0
110,國立中興大學,一般大學,03111009,應用經濟學系,博士班,30.0,3.0
110,國立中興大學,一般大學,03111009,應用經濟學系,學士班(日間),208.0,48.0
110,國立中興大學,一般大學,03111009,應用經濟學系,碩士在職專班,30.0,12.0
110,國立中興大學,一般大學,03111009,應用經濟學系,碩士班(日間),30.0,16.0
110,國立中興大學,一般大學,03122010,國際政治研究所,博士班,31.0,4.0
110,國立中興大學,一般大學,03122010,國際政治研究所,碩士在職專班,72.0,17.0
110,國立中興大學,一般大學,03122010,國際政治研究所,碩士班(日間),42.0,9.0
110,國立中興大學,一般大學,03222013,圖書資訊學研究所,碩士班(日間),33.0,4.0
110,國立中興大學,一般大學,04111015,會計學系,學士班(日間),180.0,39.0
110,國立中興大學,一般大學,04111015,會計學系,碩士班(日間),49.0,24.0
110,國立中興大學,一般大學,04121019,財務金融學系,博士班,18.0,2.0
110,國立中興大學,一般大學,04121019,財務金融學系,學士班(日間),237.0,62.0
110,國立中興大學,一般大學,04121019,財務金融學系,碩士班(日間),67.0,33.0
110,國立中興大學,一般大學,04131016,企業管理學系,博士班,37.0,4.0
110,國立中興大學,一般大學,04131016,企業管理學系,學士班(日間),250.0,59.0
110,國立中興大學,一般大學,04131016,企業管理學系,碩士班(日間),72.0,29.0
110,國立中興大學,一般大學,04131018,創新產業經營學士學位學程,學士班(進修),184.0,42.0
110,國立中興大學,一般大學,04131097,運動與健康管理研究所,碩士班(日間),22.0,10.0
110,國立中興大學,一般大學,04134011,國家政策與公共事務研究所,碩士在職專班,70.0,25.0
110,國立中興大學,一般大學,04134011,國家政策與公共事務研究所,碩士班(日間),20.0,7.0
110,國立中興大學,一般大學,04143020,行銷學系,學士班(日間),211.0,49.0
110,國立中興大學,一般大學,04143020,行銷學系,碩士班(日間),58.0,23.0
110,國立中興大學,一般大學,04199012,全球事務研究跨洲碩士學位學程,碩士班(日間),37.0,13.0
110,國立中興大學,一般大學,04199021,科技管理研究所,博士班,46.0,4.0
110,國立中興大學,一般大學,04199021,科技管理研究所智慧科技管理碩士在職專班,碩士在職專班,18.0,3.0
110,國立中興大學,一般大學,04199021,科技管理研究所科技管理碩士班,碩士班(日間),39.0,15.0
110,國立中興大學,一般大學,04199021,科技管理研究所電子商務碩士班,碩士班(日間),32.0,13.0
110,國立中興大學,一般大學,04199022,高階經理人碩士在職專班,碩士在職專班,249.0,115.0
110,國立中興大學,一般大學,04199022,高階經理人碩士在職專班兩岸台商組,碩士在職專班,12.0,3.0
110,國立中興大學,一般大學,04199022,高階經理人碩士在職專班越南台商組,碩士在職專班,20.0,13.0
110,國立中興大學,一般大學,04211023,法律學系,學士班(日間),174.0,40.0
110,國立中興大學,一般大學,04211023,法律學系,碩士在職專班,116.0,24.0
110,國立中興大學,一般大學,04211023,法律學系,碩士班(日間),81.0,11.0
110,國立中興大學,一般大學,05111026,生命科學碩士在職專班,碩士在職專班,50.0,16.0
110,國立中興大學,一般大學,05111026,生命科學系,博士班,36.0,4.0
110,國立中興大學,一般大學,05111026,生命科學系,學士班(日間),382.0,99.0
110,國立中興大學,一般大學,05111026,生命科學系,碩士班(日間),114.0,31.0
110,國立中興大學,一般大學,05111029,昆蟲學系,博士班,19.0,1.0
110,國立中興大學,一般大學,05111029,昆蟲學系,學士班(日間),200.0,44.0
110,國立中興大學,一般大學,05111029,昆蟲學系,碩士班(日間),48.0,18.0
110,國立中興大學,一般大學,05121027,生物科技學研究所,博士班,68.0,13.0
110,國立中興大學,一般大學,05121027,生物科技學研究所,碩士班(日間),48.0,16.0
110,國立中興大學,一般大學,05121031,生物科技學士學位學程,學士班(日間),131.0,31.0
110,國立中興大學,一般大學,05121033,分子生物學研究所,博士班,10.0,
110,國立中興大學,一般大學,05121033,分子生物學研究所,碩士班(日間),48.0,13.0
110,國立中興大學,一般大學,05121035,生物醫學研究所,博士班,24.0,4.0
110,國立中興大學,一般大學,05121035,生物醫學研究所,碩士班(日間),30.0,10.0
110,國立中興大學,一般大學,05121037,基因體暨生物資訊學研究所,碩士班(日間),24.0,14.0
110,國立中興大學,一般大學,05123034,生物化學研究所,博士班,6.0,
110,國立中興大學,一般大學,05123034,生物化學研究所,碩士班(日間),28.0,13.0
110,國立中興大學,一般大學,05124038,微生物基因體學博士學位學程,博士班,24.0,4.0
110,國立中興大學,一般大學,05292082,水土保持學系,博士班,27.0,5.0
110,國立中興大學,一般大學,05292082,水土保持學系,學士班(日間),231.0,53.0
110,國立中興大學,一般大學,05292082,水土保持學系,碩士在職專班,52.0,18.0
110,國立中興大學,一般大學,05292082,水土保持學系,碩士班(日間),55.0,23.0
110,國立中興大學,一般大學,05311039,化學系,博士班,15.0,3.0
110,國立中興大學,一般大學,05311039,化學系,學士班(日間),224.0,49.0
110,國立中興大學,一般大學,05311039,化學系,碩士班(日間),153.0,64.0
110,國立中興大學,一般大學,05331040,物理學系,博士班,13.0,3.0
110,國立中興大學,一般大學,05331040,物理學系,學士班(日間),233.0,52.0
110,國立中興大學,一般大學,05331040,物理學系,碩士班(日間),26.0,8.0
110,國立中興大學,一般大學,05331040,物理學系(奈米電子與光電能源)中科碩士在職專班,碩士在職專班,1.0,
110,國立中興大學,一般大學,05331040,物理學系生物物理學碩士班,碩士班(日間),1.0,
110,國立中興大學,一般大學,05331058,奈米科學研究所,碩士班(日間),47.0,18.0
110,國立中興大學,一般大學,05411041,應用數學系,博士班,16.0,
110,國立中興大學,一般大學,05411041,應用數學系,學士班(日間),334.0,71.0
110,國立中興大學,一般大學,05411041,應用數學系,碩士在職專班,41.0,7.0
110,國立中興大學,一般大學,05411041,應用數學系,碩士班(日間),13.0,4.0
110,國立中興大學,一般大學,05411041,應用數學系計算科學碩士班,碩士班(日間),21.0,13.0
110,國立中興大學,一般大學,05421042,統計學研究所,碩士班(日間),39.0,15.0
110,國立中興大學,一般大學,05499101,大數據產學研發博士學位學程,博士班,4.0,1.0
110,國立中興大學,一般大學,06131043,資訊管理學系,學士班(日間),142.0,37.0
110,國立中興大學,一般大學,06131043,資訊管理學系,碩士在職專班,92.0,32.0
110,國立中興大學,一般大學,06131043,資訊管理學系,碩士班(日間),117.0,52.0
110,國立中興大學,一般大學,06131048,資訊科學與工程學系,博士班,35.0,1.0
110,國立中興大學,一般大學,06131048,資訊科學與工程學系,學士班(日間),164.0,43.0
110,國立中興大學,一般大學,06131048,資訊科學與工程學系,碩士在職專班,88.0,16.0
110,國立中興大學,一般大學,06131048,資訊科學與工程學系,碩士班(日間),152.0,66.0
110,國立中興大學,一般大學,06131048,資訊科學與工程學系中科碩士在職專班,碩士在職專班,1.0,1.0
110,國立中興大學,一般大學,06131106,資料科學與資訊計算研究所,碩士班(日間),15.0,
110,國立中興大學,一般大學,06132100,人工智慧與資料科學碩士在職學位學程,碩士在職專班,59.0,13.0
110,國立中興大學,一般大學,07111055,化學工程學系,博士班,3.0,1.0
110,國立中興大學,一般大學,07111055,化學工程學系,學士班(日間),202.0,47.0
110,國立中興大學,一般大學,07111055,化學工程學系,碩士在職專班,57.0,16.0
110,國立中興大學,一般大學,07111055,化學工程學系,碩士班(日間),134.0,54.0
110,國立中興大學,一般大學,07112057,材料科學與工程學系,博士班,36.0,2.0
110,國立中興大學,一般大學,07112057,材料科學與工程學系,學士班(日間),215.0,50.0
110,國立中興大學,一般大學,07112057,材料科學與工程學系,碩士在職專班,101.0,18.0
110,國立中興大學,一般大學,07112057,材料科學與工程學系,碩士班(日間),118.0,53.0
110,國立中興大學,一般大學,07112099,光電材料產業碩士專班,碩士班(日間),1.0,1.0
110,國立中興大學,一般大學,07121059,環境工程學系,博士班,23.0,5.0
110,國立中興大學,一般大學,07121059,環境工程學系,學士班(日間),199.0,47.0
110,國立中興大學,一般大學,07121059,環境工程學系,碩士在職專班,99.0,16.0
110,國立中興大學,一般大學,07121059,環境工程學系,碩士班(日間),86.0,42.0
110,國立中興大學,一般大學,07141045,電機工程學系,博士班,40.0,5.0
110,國立中興大學,一般大學,07141045,電機工程學系,學士班(日間),338.0,93.0
110,國立中興大學,一般大學,07141045,電機工程學系,碩士在職專班,79.0,9.0
110,國立中興大學,一般大學,07141045,電機工程學系,碩士班(日間),205.0,75.0
110,國立中興大學,一般大學,07141046,光電工程研究所,碩士班(日間),30.0,10.0
110,國立中興大學,一般大學,07141049,通訊工程研究所,碩士班(日間),26.0,14.0
110,國立中興大學,一般大學,07141102,電機資訊學院學士班,學士班(日間),59.0,
110,國立中興大學,一般大學,07141C02,光電半導體技術產業碩士專班,碩士班(日間),8.0,5.0
110,國立中興大學,一般大學,07151050,機械工程學系,博士班,15.0,2.0
110,國立中興大學,一般大學,07151050,機械工程學系,學士班(日間),383.0,84.0
110,國立中興大學,一般大學,07151050,機械工程學系,碩士在職專班,99.0,28.0
110,國立中興大學,一般大學,07151050,機械工程學系,碩士班(日間),206.0,76.0
110,國立中興大學,一般大學,07151051,精密工程研究所,博士班,10.0,
110,國立中興大學,一般大學,07151051,精密工程研究所,碩士在職專班,33.0,3.0
110,國立中興大學,一般大學,07151051,精密工程研究所,碩士班(日間),60.0,24.0
110,國立中興大學,一般大學,07151052,生物產業機電工程學系,博士班,18.0,4.0
110,國立中興大學,一般大學,07151052,生物產業機電工程學系,學士班(日間),220.0,48.0
110,國立中興大學,一般大學,07151052,生物產業機電工程學系,碩士班(日間),37.0,16.0
110,國立中興大學,一般大學,07193060,生醫工程研究所,博士班,8.0,
110,國立中興大學,一般大學,07193060,生醫工程研究所,碩士班(日間),30.0,10.0
110,國立中興大學,一般大學,07199107,智慧創意工程學士學位學程,學士班(日間),13.0,
110,國立中興大學,一般大學,07211081,食品暨應用生物科技學系,博士班,19.0,3.0
110,國立中興大學,一般大學,07211081,食品暨應用生物科技學系,學士班(日間),228.0,53.0
110,國立中興大學,一般大學,07211081,食品暨應用生物科技學系,碩士在職專班,52.0,12.0
110,國立中興大學,一般大學,07211081,食品暨應用生物科技學系,碩士班(日間),89.0,36.0
110,國立中興大學,一般大學,07211098,食品安全研究所,碩士班(日間),32.0,16.0
110,國立中興大學,一般大學,07312061,景觀與遊憩學士學位學程,學士班(日間),75.0,17.0
110,國立中興大學,一般大學,07312061,景觀與遊憩碩士學位學程,碩士班(日間),11.0,1.0
110,國立中興大學,一般大學,07321054,土木工程學系,博士班,27.0,5.0
110,國立中興大學,一般大學,07321054,土木工程學系,學士班(日間),358.0,79.0
110,國立中興大學,一般大學,07321054,土木工程學系,碩士在職專班,75.0,22.0
110,國立中興大學,一般大學,07321054,土木工程學系,碩士班(日間),104.0,32.0
110,國立中興大學,一般大學,08111063,農藝學系,博士班,10.0,2.0
110,國立中興大學,一般大學,08111063,農藝學系,學士班(日間),203.0,50.0
110,國立中興大學,一般大學,08111063,農藝學系,碩士班(日間),47.0,15.0
110,國立中興大學,一般大學,08111064,國際農學碩士學位學程,碩士班(日間),24.0,7.0
110,國立中興大學,一般大學,08112066,動物科學系,博士班,22.0,1.0
110,國立中興大學,一般大學,08112066,動物科學系,學士班(日間),212.0,52.0
110,國立中興大學,一般大學,08112066,動物科學系,碩士班(日間),63.0,20.0
110,國立中興大學,一般大學,08121067,園藝學系,博士班,28.0,3.0
110,國立中興大學,一般大學,08121067,園藝學系,學士班(日間),178.0,43.0
110,國立中興大學,一般大學,08121067,園藝學系,碩士班(日間),80.0,29.0
110,國立中興大學,一般大學,08191083,土壤環境科學系,博士班,13.0,1.0
110,國立中興大學,一般大學,08191083,土壤環境科學系,學士班(日間),177.0,46.0
110,國立中興大學,一般大學,08191083,土壤環境科學系,碩士班(日間),32.0,9.0
110,國立中興大學,一般大學,08193076,生物產業管理研究所,碩士班(日間),36.0,7.0
110,國立中興大學,一般大學,08193076,生物產業管理進修學士學位學程,學士班(進修),196.0,48.0
110,國立中興大學,一般大學,08193077,農業企業經營管理碩士在職專班,碩士在職專班,55.0,14.0
110,國立中興大學,一般大學,08193078,國際農企業學士學位學程,學士班(日間),93.0,20.0
110,國立中興大學,一般大學,08193079,農業經濟與行銷碩士學位學程,碩士班(日間),18.0,3.0
110,國立中興大學,一般大學,08194068,植物病理學系,博士班,20.0,2.0
110,國立中興大學,一般大學,08194068,植物病理學系,學士班(日間),202.0,51.0
110,國立中興大學,一般大學,08194068,植物病理學系,碩士班(日間),39.0,13.0
110,國立中興大學,一般大學,08194069,植物醫學暨安全農業碩士學位學程,碩士班(日間),25.0,10.0
110,國立中興大學,一般大學,08211086,森林學系,博士班,27.0,5.0
110,國立中興大學,一般大學,08211086,森林學系,學士班(日間),260.0,62.0
110,國立中興大學,一般大學,08211086,森林學系,碩士班(日間),73.0,22.0
110,國立中興大學,一般大學,08411087,獸醫學系,博士班,27.0,5.0
110,國立中興大學,一般大學,08411087,獸醫學系,學士班(日間),396.0,88.0
110,國立中興大學,一般大學,08411087,獸醫學系,碩士班(日間),69.0,21.0
110,國立中興大學,一般大學,08411089,獸醫病理生物學研究所,博士班,8.0,1.0
110,國立中興大學,一般大學,08411089,獸醫病理生物學研究所,碩士班(日間),14.0,7.0
110,國立中興大學,一般大學,08411092,微生物暨公共衛生學研究所,博士班,8.0,
110,國立中興大學,一般大學,08411092,微生物暨公共衛生學研究所,碩士班(日間),18.0,6.0
110,國立中興大學,一般大學,09121093,轉譯醫學博士學位學程,博士班,29.0,1.0
110,國立中興大學,一般大學,09141094,醫學生物科技博士學位學程,博士班,14.0,
110,國立中興大學,一般大學,09199096,組織工程與再生醫學博士學位學程,博士班,24.0,5.0
110,國立勤益科技大學,技專校院,02299005,文化創意事業系,學士班(日間),212.0,49.0
110,國立勤益科技大學,技專校院,02299005,文化創意事業系碩士班,碩士班(日間),12.0,3.0
110,國立勤益科技大學,技專校院,02311001,應用英語系,學士班(日間),201.0,38.0
110,國立勤益科技大學,技專校院,02311001,應用英語系,學士班(進修),186.0,33.0
110,國立勤益科技大學,技專校院,04131002,企業管理系,學士班(日間),459.0,111.0
110,國立勤益科技大學,技專校院,04131002,企業管理系,學士班(進修),186.0,28.0
110,國立勤益科技大學,技專校院,04131002,企業管理系_智慧製造物流運籌專班,學士班(進修),28.0,
110,國立勤益科技大學,技專校院,04131002,企業管理系碩士在職專班,碩士在職專班,31.0,14.0
110,國立勤益科技大學,技專校院,04131002,企業管理系碩士班,碩士班(日間),47.0,19.0
110,國立勤益科技大學,技專校院,04132003,流通管理科,二專(進修),90.0,46.0
110,國立勤益科技大學,技專校院,04132003,流通管理系,學士班(日間),393.0,95.0
110,國立勤益科技大學,技專校院,04132003,流通管理系,學士班(進修),53.0,27.0
110,國立勤益科技大學,技專校院,04132003,流通管理系碩士在職專班,碩士在職專班,24.0,9.0
110,國立勤益科技大學,技專校院,04132003,流通管理系碩士班,碩士班(日間),24.0,9.0
110,國立勤益科技大學,技專校院,06131010,資訊管理系,學士班(日間),419.0,91.0
110,國立勤益科技大學,技專校院,06131010,資訊管理系,學士班(進修),271.0,42.0
110,國立勤益科技大學,技專校院,06131010,資訊管理系_外國學生專班,學士班(日間),35.0,
110,國立勤益科技大學,技專校院,06131010,資訊管理系_智慧製造與資訊應用專班,學士班(進修),9.0,
110,國立勤益科技大學,技專校院,06131010,資訊管理系_研發管理與資訊應用產業碩士專班,碩士班(日間),57.0,26.0
110,國立勤益科技大學,技專校院,06131010,資訊管理系研發科技與資訊管理碩士在職專班,碩士在職專班,23.0,5.0
110,國立勤益科技大學,技專校院,06131010,資訊管理系碩士班,碩士班(日間),16.0,8.0
110,國立勤益科技大學,技專校院,06131013,資訊工程系,學士班(日間),624.0,110.0
110,國立勤益科技大學,技專校院,06131013,資訊工程系,學士班(進修),223.0,43.0
110,國立勤益科技大學,技專校院,06131013,資訊工程系_雙軌旗艦微科技職類,學士班(進修),14.0,
110,國立勤益科技大學,技專校院,06131013,資訊工程系_雙軌旗艦微電子職類,學士班(進修),7.0,
110,國立勤益科技大學,技專校院,06131013,資訊工程系_電資研發產業碩士專班,碩士班(日間),21.0,12.0
110,國立勤益科技大學,技專校院,06131013,資訊工程系碩士在職專班,碩士在職專班,20.0,7.0
110,國立勤益科技大學,技專校院,06131013,資訊工程系碩士班,碩士班(日間),46.0,12.0
110,國立勤益科技大學,技專校院,07111020,化工與材料工程系,學士班(日間),590.0,146.0
110,國立勤益科技大學,技專校院,07111020,化工與材料工程系,學士班(進修),248.0,53.0
110,國立勤益科技大學,技專校院,07111020,化工與材料工程系_紡織纖維科技專班,學士班(進修),5.0,4.0
110,國立勤益科技大學,技專校院,07111020,化工與材料工程系碩士在職專班,碩士在職專班,7.0,
110,國立勤益科技大學,技專校院,07111020,化工與材料工程系碩士班,碩士班(日間),44.0,25.0
110,國立勤益科技大學,技專校院,07132026,冷凍空調與能源系,學士班(日間),504.0,102.0
110,國立勤益科技大學,技專校院,07132026,冷凍空調與能源系,學士班(進修),365.0,100.0
110,國立勤益科技大學,技專校院,07132026,冷凍空調與能源系_冷凍空調能源產業專班,學士班(進修),58.0,
110,國立勤益科技大學,技專校院,07132026,冷凍空調與能源系_機械工程專班,學士班(日間),90.0,37.0
110,國立勤益科技大學,技專校院,07132026,冷凍空調與能源系_綠能科技產業專班,學士班(進修),13.0,5.0
110,國立勤益科技大學,技專校院,07132026,冷凍空調與能源系碩士在職專班,碩士在職專班,33.0,17.0
110,國立勤益科技大學,技專校院,07132026,冷凍空調與能源系碩士班,碩士班(日間),59.0,29.0
110,國立勤益科技大學,技專校院,07141011,電機工程科,二專(進修),44.0,12.0
110,國立勤益科技大學,技專校院,07141011,電機工程系,學士班(日間),633.0,125.0
110,國立勤益科技大學,技專校院,07141011,電機工程系,學士班(進修),578.0,144.0
110,國立勤益科技大學,技專校院,07141011,電機工程系_電機工程資電國際學生產學合作專班,學士班(日間),35.0,35.0
110,國立勤益科技大學,技專校院,07141011,電機工程系碩士在職專班,碩士在職專班,37.0,10.0
110,國立勤益科技大學,技專校院,07141011,電機工程系碩士班,碩士班(日間),62.0,34.0
110,國立勤益科技大學,技專校院,07141012,電子工程科,二專(進修),48.0,20.0
110,國立勤益科技大學,技專校院,07141012,電子工程系,學士班(日間),733.0,190.0
110,國立勤益科技大學,技專校院,07141012,電子工程系,學士班(進修),326.0,68.0
110,國立勤益科技大學,技專校院,07141012,電子工程系碩士在職專班,碩士在職專班,21.0,5.0
110,國立勤益科技大學,技專校院,07141012,電子工程系碩士班,碩士班(日間),67.0,24.0
110,國立勤益科技大學,技專校院,07141037,前瞻電資科技研究所,博士班,13.0,
110,國立勤益科技大學,技專校院,07151016,機械工程科,二專(進修),71.0,21.0
110,國立勤益科技大學,技專校院,07151016,機械工程系,學士班(日間),748.0,154.0
110,國立勤益科技大學,技專校院,07151016,機械工程系,學士班(進修),588.0,136.0
110,國立勤益科技大學,技專校院,07151016,機械工程系_智慧機械應用專班,學士班(進修),73.0,
110,國立勤益科技大學,技專校院,07151016,機械工程系_水五金智慧製造專班,學士班(進修),27.0,
110,國立勤益科技大學,技專校院,07151016,機械工程系_精密機械國際學生產學合作專班,學士班(日間),31.0,31.0
110,國立勤益科技大學,技專校院,07151016,機械工程系_精密機械產業專班,學士班(進修),13.0,14.0
110,國立勤益科技大學,技專校院,07151016,機械工程系_精密機械產業碩士專班,碩士班(日間),1.0,1.0
110,國立勤益科技大學,技專校院,07151016,機械工程系_雙軌旗艦機電整合職類,學士班(進修),100.0,
110,國立勤益科技大學,技專校院,07151016,機械工程系碩士在職專班,碩士在職專班,44.0,6.0
110,國立勤益科技大學,技專校院,07151016,機械工程系碩士班,碩士班(日間),71.0,22.0
110,國立勤益科技大學,技專校院,07151034,智慧機械與智慧製造產業博士學位學程,博士班,10.0,
110,國立勤益科技大學,技專校院,07191022,工業工程與工程管理系_精實創新研發與管理產業碩士專班,碩士班(日間),1.0,
110,國立勤益科技大學,技專校院,07191022,工業工程與管理科,二專(進修),95.0,26.0
110,國立勤益科技大學,技專校院,07191022,工業工程與管理系,學士班(日間),783.0,165.0
110,國立勤益科技大學,技專校院,07191022,工業工程與管理系,學士班(進修),555.0,152.0
110,國立勤益科技大學,技專校院,07191022,工業工程與管理系_國際學生產學合作專班,學士班(日間),38.0,
110,國立勤益科技大學,技專校院,07191022,工業工程與管理系_智慧製造精實管理產業碩士專班,碩士班(日間),9.0,7.0
110,國立勤益科技大學,技專校院,07191022,工業工程與管理系_生產製造與管理專班,學士班(進修),11.0,7.0
110,國立勤益科技大學,技專校院,07191022,工業工程與管理系碩士在職專班,碩士在職專班,52.0,18.0
110,國立勤益科技大學,技專校院,07191022,工業工程與管理系碩士班,碩士班(日間),48.0,27.0
110,國立勤益科技大學,技專校院,07194024,精密製造科技研究所,博士班,22.0,1.0
110,國立勤益科技大學,技專校院,07199036,智慧製造與資訊應用碩士學位學程,碩士班(日間),6.0,
110,國立勤益科技大學,技專校院,07312029,景觀科,二專(進修),60.0,27.0
110,國立勤益科技大學,技專校院,07312029,景觀系,學士班(日間),183.0,43.0
110,國立勤益科技大學,技專校院,07312029,景觀系碩士班,碩士班(日間),13.0,2.0
110,國立勤益科技大學,技專校院,10152032,休閒產業管理系,學士班(日間),214.0,53.0
110,國立勤益科技大學,技專校院,10152032,休閒產業管理系,學士班(進修),147.0,43.0
110,國立勤益科技大學,技專校院,10152032,休閒產業管理系_外國學生專班,學士班(日間),30.0,
110,國立勤益科技大學,技專校院,10152032,休閒產業管理系_雙軌旗艦工商管理職類,學士班(進修),40.0,
110,國立勤益科技大學,技專校院,10152032,休閒產業管理系碩士班,碩士班(日間),14.0,4.0
110,國立臺中教育大學,一般大學,01111001,教育學系,博士班,44.0,4.0
110,國立臺中教育大學,一般大學,01111001,教育學系,學士班(日間),182.0,48.0
110,國立臺中教育大學,一般大學,01111001,教育學系,碩士班(日間),27.0,3.0
110,國立臺中教育大學,一般大學,01111001,教育學系教育行政與管理碩士在職專班,碩士在職專班,46.0,9.0
110,國立臺中教育大學,一般大學,01111001,教育學系課程與教學碩士在職專班,碩士在職專班,67.0,16.0
110,國立臺中教育大學,一般大學,01111001,教育學系課程與教學碩士班,碩士班(日間),22.0,2.0
110,國立臺中教育大學,一般大學,01111005,教師專業碩士學位學程,碩士班(日間),116.0,38.0
110,國立臺中教育大學,一般大學,01113022,特殊教育學系,學士班(日間),193.0,47.0
110,國立臺中教育大學,一般大學,01113022,特殊教育學系,碩士在職專班,63.0,16.0
110,國立臺中教育大學,一般大學,01113022,特殊教育學系,碩士班(日間),38.0,9.0
110,國立臺中教育大學,一般大學,01114025,高等教育經營管理碩士學位學程,碩士班(日間),23.0,3.0
110,國立臺中教育大學,一般大學,01117028,教育資訊與測驗統計研究所,博士班,33.0,3.0
110,國立臺中教育大學,一般大學,01117028,教育資訊與測驗統計研究所,碩士在職專班,42.0,4.0
110,國立臺中教育大學,一般大學,01117028,教育資訊與測驗統計研究所,碩士班(日間),44.0,11.0
110,國立臺中教育大學,一般大學,01121021,幼兒教育學系,學士班(日間),197.0,49.0
110,國立臺中教育大學,一般大學,01121021,幼兒教育學系,碩士在職專班,49.0,19.0
110,國立臺中教育大學,一般大學,01121021,幼兒教育學系,碩士班(日間),31.0,6.0
110,國立臺中教育大學,一般大學,01121021,幼兒教育學系早期療育碩士在職專班,碩士在職專班,59.0,11.0
110,國立臺中教育大學,一般大學,01121021,幼兒教育學系早期療育碩士班,碩士班(日間),34.0,4.0
110,國立臺中教育大學,一般大學,01131006,語文教育學系,博士班,29.0,3.0
110,國立臺中教育大學,一般大學,01131006,語文教育學系,學士班(日間),188.0,41.0
110,國立臺中教育大學,一般大學,01131006,語文教育學系,碩士在職專班,29.0,6.0
110,國立臺中教育大學,一般大學,01131006,語文教育學系,碩士班(日間),35.0,5.0
110,國立臺中教育大學,一般大學,01131006,語文教育學系華語文教學碩士班,碩士班(日間),36.0,5.0
110,國立臺中教育大學,一般大學,01131008,科學教育與應用學系,學士班(日間),173.0,38.0
110,國立臺中教育大學,一般大學,01131008,科學教育與應用學系,碩士在職專班,31.0,6.0
110,國立臺中教育大學,一般大學,01131008,科學教育與應用學系,碩士班(日間),20.0,5.0
110,國立臺中教育大學,一般大學,01131008,科學教育與應用學系環境教育及管理碩士在職專班,碩士在職專班,30.0,4.0
110,國立臺中教育大學,一般大學,01131008,科學教育與應用學系環境教育及管理碩士班,碩士班(日間),30.0,11.0
110,國立臺中教育大學,一般大學,01131011,數學教育學系,學士班(日間),185.0,39.0
110,國立臺中教育大學,一般大學,01131011,數學教育學系,碩士在職專班,39.0,10.0
110,國立臺中教育大學,一般大學,01131011,數學教育學系,碩士班(日間),29.0,8.0
110,國立臺中教育大學,一般大學,01131019,體育學系,學士班(日間),204.0,53.0
110,國立臺中教育大學,一般大學,01131019,體育學系,碩士在職專班,57.0,10.0
110,國立臺中教育大學,一般大學,01131019,體育學系,碩士班(日間),34.0,7.0
110,國立臺中教育大學,一般大學,01131032,英語學系,碩士班(日間),25.0,8.0
110,國立臺中教育大學,一般大學,02122034,文化創意產業設計與營運學系,學士班(日間),175.0,37.0
110,國立臺中教育大學,一般大學,02131029,美術學系,學士班(日間),181.0,43.0
110,國立臺中教育大學,一般大學,02131029,美術學系,碩士在職專班,79.0,8.0
110,國立臺中教育大學,一般大學,02131029,美術學系,碩士班(日間),50.0,16.0
110,國立臺中教育大學,一般大學,02151030,音樂學系,學士班(日間),156.0,44.0
110,國立臺中教育大學,一般大學,02151030,音樂學系,碩士班(日間),43.0,11.0
110,國立臺中教育大學,一般大學,02311032,英語學系,學士班(日間),208.0,56.0
110,國立臺中教育大學,一般大學,02321031,臺灣語文學系,學士班(日間),181.0,34.0
110,國立臺中教育大學,一般大學,02321031,臺灣語文學系,碩士班(日間),21.0,4.0
110,國立臺中教育大學,一般大學,03131035,諮商與應用心理學系,學士班(日間),181.0,43.0
110,國立臺中教育大學,一般大學,03131035,諮商與應用心理學系,碩士在職專班,57.0,13.0
110,國立臺中教育大學,一般大學,03131035,諮商與應用心理學系,碩士班(日間),68.0,13.0
110,國立臺中教育大學,一般大學,03191037,區域與社會發展學系,學士班(日間),188.0,44.0
110,國立臺中教育大學,一般大學,03191037,區域與社會發展學系,碩士在職專班,62.0,10.0
110,國立臺中教育大學,一般大學,03191037,區域與社會發展學系,碩士班(日間),26.0,7.0
110,國立臺中教育大學,一般大學,04131034,文化創意產業設計與營運學系事業經營管理碩士班,碩士班(日間),40.0,13.0
110,國立臺中教育大學,一般大學,04131039,國際企業學系,學士班(日間),255.0,57.0
110,國立臺中教育大學,一般大學,04131040,管理學院國際經營管理碩士在職專班,碩士在職專班,36.0,16.0
110,國立臺中教育大學,一般大學,04131040,管理學院國際經營管理碩士學位學程,碩士班(日間),10.0,1.0
110,國立臺中教育大學,一般大學,06131042,資訊工程學系,學士班(日間),202.0,45.0
110,國立臺中教育大學,一般大學,06131042,資訊工程學系,碩士班(日間),32.0,7.0
110,國立臺中教育大學,一般大學,06133041,數位內容科技學系,學士班(日間),185.0,40.0
110,國立臺中教育大學,一般大學,06133041,數位內容科技學系,碩士在職專班,37.0,15.0
110,國立臺中教育大學,一般大學,06133041,數位內容科技學系,碩士班(日間),23.0,9.0
110,國立臺中教育大學,一般大學,10151045,永續觀光暨遊憩管理碩士學位學程,碩士班(日間),25.0,6.0
110,國立臺中科技大學,技專校院,02112005,多媒體設計系,學士班(日間),220.0,53.0
110,國立臺中科技大學,技專校院,02112005,多媒體設計系碩士班,碩士班(日間),50.0,15.0
110,國立臺中科技大學,技專校院,02122006,商業設計科,二專(進修),86.0,37.0
110,國立臺中科技大學,技專校院,02122006,商業設計系,學士班(日間),320.0,106.0
110,國立臺中科技大學,技專校院,02122006,商業設計系,學士班(進修),317.0,100.0
110,國立臺中科技大學,技專校院,02122006,商業設計系碩士在職專班,碩士在職專班,41.0,10.0
110,國立臺中科技大學,技專校院,02122006,商業設計系碩士班,碩士班(日間),40.0,7.0
110,國立臺中科技大學,技專校院,02123007,創意商品設計系,學士班(日間),75.0,34.0
110,國立臺中科技大學,技專校院,02123007,創意商品設計菁英班,五專,224.0,39.0
110,國立臺中科技大學,技專校院,02124008,室內設計系,學士班(日間),183.0,41.0
110,國立臺中科技大學,技專校院,02124008,室內設計系,學士班(進修),75.0,28.0
110,國立臺中科技大學,技專校院,02124008,室內設計系碩士班,碩士班(日間),25.0,4.0
110,國立臺中科技大學,技專校院,02311003,應用英語科,二專(進修),92.0,44.0
110,國立臺中科技大學,技專校院,02311003,應用英語科,五專,278.0,38.0
110,國立臺中科技大學,技專校院,02311003,應用英語系,學士班(日間),275.0,90.0
110,國立臺中科技大學,技專校院,02311003,應用英語系,學士班(進修),371.0,107.0
110,國立臺中科技大學,技專校院,02311004,應用日語科,二專(進修),127.0,51.0
110,國立臺中科技大學,技專校院,02311004,應用日語科,五專,263.0,39.0
110,國立臺中科技大學,技專校院,02311004,應用日語系,學士班(日間),273.0,87.0
110,國立臺中科技大學,技專校院,02311004,應用日語系,學士班(進修),197.0,68.0
110,國立臺中科技大學,技專校院,02311004,應用日語系日本市場暨商務策略碩士班,碩士班(日間),26.0,5.0
110,國立臺中科技大學,技專校院,02311049,語文學院_應用資訊日語技優領航專班,學士班(日間),14.0,
110,國立臺中科技大學,技專校院,02322001,應用中文系,學士班(日間),183.0,34.0
110,國立臺中科技大學,技專校院,02322001,應用中文系_多元敘事專才技優領航專班,學士班(日間),13.0,
110,國立臺中科技大學,技專校院,04111012,會計資訊科,五專,419.0,51.0
110,國立臺中科技大學,技專校院,04111012,會計資訊系,學士班(日間),452.0,130.0
110,國立臺中科技大學,技專校院,04111012,會計資訊系,學士班(進修),326.0,90.0
110,國立臺中科技大學,技專校院,04111012,會計資訊系碩士在職專班,碩士在職專班,30.0,11.0
110,國立臺中科技大學,技專校院,04111012,會計資訊系碩士班,碩士班(日間),30.0,17.0
110,國立臺中科技大學,技專校院,04121021,財務金融科,二專(進修),53.0,24.0
110,國立臺中科技大學,技專校院,04121021,財務金融系,學士班(日間),384.0,95.0
110,國立臺中科技大學,技專校院,04121021,財務金融系,學士班(進修),357.0,106.0
110,國立臺中科技大學,技專校院,04121021,財務金融系碩士在職專班,碩士在職專班,36.0,17.0
110,國立臺中科技大學,技專校院,04121021,財務金融系碩士班,碩士班(日間),28.0,10.0
110,國立臺中科技大學,技專校院,04122028,財政稅務系,學士班(日間),388.0,97.0
110,國立臺中科技大學,技專校院,04122028,財政稅務系租稅管理與理財規劃碩士班,碩士班(日間),17.0,4.0
110,國立臺中科技大學,技專校院,04123027,保險金融管理科,五專,416.0,63.0
110,國立臺中科技大學,技專校院,04123027,保險金融管理系,學士班(日間),434.0,126.0
110,國立臺中科技大學,技專校院,04123027,保險金融管理系,學士班(進修),112.0,52.0
110,國立臺中科技大學,技專校院,04123027,保險金融管理系碩士班,碩士班(日間),20.0,7.0
110,國立臺中科技大學,技專校院,04131015,企業管理科,五專,440.0,74.0
110,國立臺中科技大學,技專校院,04131015,企業管理系,學士班(日間),312.0,101.0
110,國立臺中科技大學,技專校院,04131015,企業管理系,學士班(進修),314.0,113.0
110,國立臺中科技大學,技專校院,04131015,企業管理系_智慧及創新營運技優領航專班,學士班(日間),21.0,
110,國立臺中科技大學,技專校院,04131015,企業管理系_經營管理專班,學士班(日間),5.0,3.0
110,國立臺中科技大學,技專校院,04131015,企業管理系碩士在職專班,碩士在職專班,49.0,20.0
110,國立臺中科技大學,技專校院,04131015,企業管理系碩士班,碩士班(日間),26.0,9.0
110,國立臺中科技大學,技專校院,04132029,流通管理系,學士班(日間),296.0,96.0
110,國立臺中科技大學,技專校院,04132029,流通管理系碩士在職專班,碩士在職專班,11.0,
110,國立臺中科技大學,技專校院,04132029,流通管理系碩士班,碩士班(日間),27.0,13.0
110,國立臺中科技大學,技專校院,04141020,國際貿易與經營科,五專,249.0,44.0
110,國立臺中科技大學,技專校院,04141020,國際貿易與經營系,學士班(日間),466.0,137.0
110,國立臺中科技大學,技專校院,04141020,國際貿易與經營系,學士班(進修),464.0,136.0
110,國立臺中科技大學,技專校院,04191009,商業經營科,二專(進修),596.0,204.0
110,國立臺中科技大學,技專校院,04191009,商業經營系,學士班(日間),60.0,28.0
110,國立臺中科技大學,技專校院,05421032,應用統計系,學士班(日間),168.0,37.0
110,國立臺中科技大學,技專校院,06131033,資訊管理科,二專(進修),81.0,27.0
110,國立臺中科技大學,技專校院,06131033,資訊管理科,五專,415.0,65.0
110,國立臺中科技大學,技專校院,06131033,資訊管理系,學士班(日間),404.0,141.0
110,國立臺中科技大學,技專校院,06131033,資訊管理系,學士班(進修),227.0,68.0
110,國立臺中科技大學,技專校院,06131033,資訊管理系_資訊應用菁英班,五專,2.0,
110,國立臺中科技大學,技專校院,06131033,資訊管理系_資訊管理系技優領航專班,學士班(日間),24.0,
110,國立臺中科技大學,技專校院,06131033,資訊管理系碩士在職專班,碩士在職專班,28.0,12.0
110,國立臺中科技大學,技專校院,06131033,資訊管理系碩士班,碩士班(日間),34.0,11.0
110,國立臺中科技大學,技專校院,06132043,人工智慧應用工程學士學位學程,學士班(日間),35.0,
110,國立臺中科技大學,技專校院,07141036,資訊工程科,五專,330.0,
110,國立臺中科技大學,技專校院,07141036,資訊工程系,學士班(日間),326.0,67.0
110,國立臺中科技大學,技專校院,07141036,資訊工程系,學士班(進修),168.0,37.0
110,國立臺中科技大學,技專校院,07141036,資訊工程系_大數據分析與人工智慧產業碩士專班,碩士班(日間),10.0,
110,國立臺中科技大學,技專校院,07141036,資訊工程系碩士在職專班,碩士在職專班,30.0,13.0
110,國立臺中科技大學,技專校院,07141036,資訊工程系碩士班,碩士班(日間),48.0,14.0
110,國立臺中科技大學,技專校院,07191044,智慧生產工程系,學士班(日間),48.0,
110,國立臺中科技大學,技專校院,07191044,智慧生產工程系_智慧生產工程系技優領航專班,學士班(日間),16.0,
110,國立臺中科技大學,技專校院,09131037,護理科,五專,528.0,101.0
110,國立臺中科技大學,技專校院,09131037,護理系,學士班(日間),640.0,213.0
110,國立臺中科技大學,技專校院,09131037,護理系碩士在職專班,碩士在職專班,19.0,
110,國立臺中科技大學,技專校院,09131037,護理系碩士班,碩士班(日間),28.0,8.0
110,國立臺中科技大學,技專校院,09211038,老人服務事業管理系,學士班(日間),246.0,81.0
110,國立臺中科技大學,技專校院,09211038,老人服務事業管理系,學士班(進修),258.0,77.0
110,國立臺中科技大學,技專校院,10121040,美容科,二專(進修),161.0,53.0
110,國立臺中科技大學,技專校院,10121040,美容系,學士班(日間),266.0,83.0
110,國立臺中科技大學,技專校院,10121040,美容系,學士班(進修),214.0,68.0
110,國立臺中科技大學,技專校院,10121040,美容系_美容技優領航專班,學士班(日間),14.0,
110,國立臺中科技大學,技專校院,10121040,美容系碩士班,碩士班(日間),21.0,7.0
110,國立臺中科技大學,技專校院,10151039,休閒事業經營系,學士班(日間),209.0,55.0
110,國立臺中科技大學,技專校院,10151039,休閒事業經營系,學士班(進修),587.0,227.0
110,國立臺灣體育運動大學,一般大學,01141001,體育學系,學士班(日間),407.0,76.0
110,國立臺灣體育運動大學,一般大學,01141001,體育學系,學士班(進修),388.0,81.0
110,國立臺灣體育運動大學,一般大學,01141001,體育學系,碩士在職專班,26.0,4.0
110,國立臺灣體育運動大學,一般大學,01141001,體育學系,碩士班(日間),68.0,10.0
110,國立臺灣體育運動大學,一般大學,02112012,運動資訊與傳播學系,學士班(日間),191.0,46.0
110,國立臺灣體育運動大學,一般大學,02152002,舞蹈學系,學士班(日間),192.0,46.0
110,國立臺灣體育運動大學,一般大學,02152002,舞蹈學系,碩士班(日間),20.0,3.0
110,國立臺灣體育運動大學,一般大學,04199010,運動事業管理學系,學士班(日間),214.0,47.0
110,國立臺灣體育運動大學,一般大學,04199010,運動事業管理學系,碩士在職專班,23.0,6.0
110,國立臺灣體育運動大學,一般大學,04199010,運動事業管理學系,碩士班(日間),27.0,4.0
110,國立臺灣體育運動大學,一般大學,04199010,運動事業管理學系東南亞博士班,博士班,7.0,
110,國立臺灣體育運動大學,一般大學,10141003,競技運動學系,博士班,6.0,
110,國立臺灣體育運動大學,一般大學,10141003,競技運動學系,學士班(日間),228.0,52.0
110,國立臺灣體育運動大學,一般大學,10141003,競技運動學系,碩士在職專班,24.0,4.0
110,國立臺灣體育運動大學,一般大學,10141003,競技運動學系,碩士班(日間),71.0,14.0
110,國立臺灣體育運動大學,一般大學,10141004,球類運動學系,學士班(日間),471.0,95.0
110,國立臺灣體育運動大學,一般大學,10141005,技擊運動學系,學士班(日間),219.0,51.0
110,國立臺灣體育運動大學,一般大學,10142006,運動健康科學學系,學士班(日間),202.0,50.0
110,國立臺灣體育運動大學,一般大學,10142006,運動健康科學學系,碩士班(日間),26.0,4.0
110,國立臺灣體育運動大學,一般大學,10142006,運動健康科學學系碩士班在職學位學程,碩士在職專班,14.0,5.0
110,國立臺灣體育運動大學,一般大學,10152007,休閒運動學系,學士班(日間),222.0,46.0
110,國立臺灣體育運動大學,一般大學,10152008,休閒運動管理研究所,碩士班(日間),48.0,8.0
110,國立臺灣體育運動大學,一般大學,10152008,休閒運動管理碩士在職學位學程,碩士在職專班,27.0,7.0
110,嶺東科技大學,技專校院,02112003,視覺傳達設計系,學士班(日間),692.0,159.0
110,嶺東科技大學,技專校院,02112003,視覺傳達設計系,學士班(進修),187.0,38.0
110,嶺東科技大學,技專校院,02112003,視覺傳達設計系,碩士在職專班,1.0,
110,嶺東科技大學,技專校院,02112003,視覺傳達設計系碩士班,碩士班(日間),18.0,2.0
110,嶺東科技大學,技專校院,02112005,數位媒體設計系,學士班(日間),632.0,112.0
110,嶺東科技大學,技專校院,02112005,數位媒體設計系,學士班(進修),190.0,34.0
110,嶺東科技大學,技專校院,02112005,數位媒體設計系碩士班,碩士班(日間),22.0,3.0
110,嶺東科技大學,技專校院,02122002,流行設計系,學士班(日間),405.0,78.0
110,嶺東科技大學,技專校院,02122002,流行設計系,學士班(進修),253.0,51.0
110,嶺東科技大學,技專校院,02122002,流行設計系碩士班,碩士班(日間),31.0,2.0
110,嶺東科技大學,技專校院,02123008,創意產品設計系,學士班(日間),423.0,89.0
110,嶺東科技大學,技專校院,02123008,創意產品設計系,學士班(進修),145.0,27.0
110,嶺東科技大學,技專校院,02123008,創意產品設計系碩士班,碩士班(日間),5.0,3.0
110,嶺東科技大學,技專校院,02125039,服飾設計系,學士班(日間),247.0,45.0
110,嶺東科技大學,技專校院,02311001,應用外語系,學士班(日間),471.0,107.0
110,嶺東科技大學,技專校院,02311001,應用外語系,學士班(進修),148.0,28.0
110,嶺東科技大學,技專校院,04111010,會計資訊系,學士班(日間),168.0,49.0
110,嶺東科技大學,技專校院,04111010,會計資訊系碩士班,碩士班(日間),13.0,3.0
110,嶺東科技大學,技專校院,04121017,財務金融系,學士班(日間),417.0,112.0
110,嶺東科技大學,技專校院,04121017,財務金融系,學士班(進修),159.0,24.0
110,嶺東科技大學,技專校院,04121017,財務金融系碩士在職專班,碩士在職專班,18.0,8.0
110,嶺東科技大學,技專校院,04121017,財務金融系碩士班,碩士班(日間),15.0,13.0
110,嶺東科技大學,技專校院,04131013,企業管理系,學士班(日間),416.0,94.0
110,嶺東科技大學,技專校院,04131013,企業管理系,學士班(進修),245.0,43.0
110,嶺東科技大學,技專校院,04131013,企業管理系_現役軍人營區在職專班,碩士在職專班,42.0,6.0
110,嶺東科技大學,技專校院,04131013,企業管理系碩士在職專班,碩士在職專班,19.0,9.0
110,嶺東科技大學,技專校院,04131013,企業管理系碩士班,碩士班(日間),11.0,6.0
110,嶺東科技大學,技專校院,04131013,企業管理系高階經營管理碩士在職專班(EMBA),碩士在職專班,61.0,29.0
110,嶺東科技大學,技專校院,04131015,國際企業系,學士班(進修),40.0,
110,嶺東科技大學,技專校院,04131015,國際企業系碩士在職專班,碩士在職專班,15.0,10.0
110,嶺東科技大學,技專校院,04131015,國際企業系碩士班,碩士班(日間),14.0,11.0
110,嶺東科技大學,技專校院,04141015,國際企業系,學士班(日間),645.0,189.0
110,嶺東科技大學,技專校院,04143024,行銷與流通管理系,學士班(日間),631.0,145.0
110,嶺東科技大學,技專校院,04143024,行銷與流通管理系,學士班(進修),233.0,48.0
110,嶺東科技大學,技專校院,04143024,行銷與流通管理系碩士班,碩士班(日間),15.0,10.0
110,嶺東科技大學,技專校院,04199040,時尚經營系,學士班(日間),336.0,66.0
110,嶺東科技大學,技專校院,04199040,時尚經營系,學士班(進修),95.0,
110,嶺東科技大學,技專校院,04212029,財經法律研究所,碩士班(日間),28.0,13.0
110,嶺東科技大學,技專校院,06121031,資訊管理系,學士班(日間),354.0,85.0
110,嶺東科技大學,技專校院,06121031,資訊管理系,碩士在職專班,1.0,1.0
110,嶺東科技大學,技專校院,06131030,資訊科技系,學士班(日間),726.0,184.0
110,嶺東科技大學,技專校院,06131030,資訊科技系,學士班(進修),364.0,67.0
110,嶺東科技大學,技專校院,06131030,資訊科技系碩士班,碩士班(日間),28.0,7.0
110,嶺東科技大學,技專校院,06131031,資訊管理系碩士班,碩士班(日間),22.0,8.0
110,嶺東科技大學,技專校院,06132031,資訊管理系,學士班(進修),166.0,32.0
110,嶺東科技大學,技專校院,09221041,幼兒保育系,學士班(日間),42.0,
110,嶺東科技大學,技專校院,10151036,觀光與休閒管理系,學士班(日間),601.0,145.0
110,嶺東科技大學,技專校院,10151036,觀光與休閒管理系,學士班(進修),426.0,97.0
110,嶺東科技大學,技專校院,10151036,觀光與休閒管理系碩士班,碩士班(日間),17.0,6.0
110,弘光科技大學,技專校院,02122003,文化創意產業系,學士班(日間),280.0,65.0
110,弘光科技大學,技專校院,02122003,文化創意產業系,學士班(進修),126.0,37.0
110,弘光科技大學,技專校院,02311038,國際溝通英語系,學士班(日間),180.0,37.0
110,弘光科技大學,技專校院,02311038,國際溝通英語系,學士班(進修),132.0,29.0
110,弘光科技大學,技專校院,04133005,健康事業管理系,學士班(日間),326.0,76.0
110,弘光科技大學,技專校院,04133005,健康事業管理系,學士班(進修),168.0,33.0
110,弘光科技大學,技專校院,04133005,健康事業管理系碩士班,碩士班(日間),24.0,4.0
110,弘光科技大學,技專校院,05111007,動物保健學士學位學程,學士班(日間),220.0,48.0
110,弘光科技大學,技專校院,05121008,生物科技系,學士班(日間),99.0,33.0
110,弘光科技大學,技專校院,05121008,生物科技系,碩士班(日間),2.0,
110,弘光科技大學,技專校院,05191023,營養系,學士班(日間),323.0,71.0
110,弘光科技大學,技專校院,05191023,營養系,學士班(進修),165.0,31.0
110,弘光科技大學,技專校院,05191023,營養系_香港二技專班,學士班(日間),3.0,
110,弘光科技大學,技專校院,05191024,營養醫學研究所,碩士班(日間),12.0,3.0
110,弘光科技大學,技專校院,06131011,資訊工程系,學士班(日間),304.0,67.0
110,弘光科技大學,技專校院,06131011,資訊工程系,學士班(進修),151.0,21.0
110,弘光科技大學,技專校院,06131011,資訊工程系智慧型輔助科技碩士班,碩士班(日間),2.0,
110,弘光科技大學,技專校院,06133039,多媒體遊戲發展與應用系,學士班(日間),302.0,68.0
110,弘光科技大學,技專校院,06133039,多媒體遊戲發展與應用系,學士班(進修),225.0,21.0
110,弘光科技大學,技專校院,07121012,環境工程研究所,碩士在職專班,14.0,3.0
110,弘光科技大學,技專校院,07121012,環境工程研究所,碩士班(日間),17.0,6.0
110,弘光科技大學,技專校院,07121014,環境與安全衛生工程系,學士班(日間),440.0,94.0
110,弘光科技大學,技專校院,07121014,環境與安全衛生工程系,學士班(進修),344.0,58.0
110,弘光科技大學,技專校院,07193015,生物醫學工程系,學士班(日間),302.0,82.0
110,弘光科技大學,技專校院,07211017,食品科技系,學士班(日間),506.0,106.0
110,弘光科技大學,技專校院,07211017,食品科技系,學士班(進修),463.0,85.0
110,弘光科技大學,技專校院,07211017,食品科技系碩士在職專班,碩士在職專班,16.0,6.0
110,弘光科技大學,技專校院,07211017,食品科技系碩士班,碩士班(日間),17.0,7.0
110,弘光科技大學,技專校院,09131025,學士後護理系,學士班(日間),126.0,43.0
110,弘光科技大學,技專校院,09131025,護理科,五專,260.0,43.0
110,弘光科技大學,技專校院,09131025,護理系,學士班(日間),1403.0,487.0
110,弘光科技大學,技專校院,09131025,護理系,學士班(進修),831.0,223.0
110,弘光科技大學,技專校院,09131025,護理系博士班,博士班,13.0,2.0
110,弘光科技大學,技專校院,09131025,護理系碩士在職專班,碩士在職專班,59.0,14.0
110,弘光科技大學,技專校院,09131025,護理系碩士班,碩士班(日間),54.0,14.0
110,弘光科技大學,技專校院,09151020,物理治療系,學士班(日間),462.0,104.0
110,弘光科技大學,技專校院,09153021,語言治療與聽力學系,學士班(日間),195.0,41.0
110,弘光科技大學,技專校院,09211037,老人福利與長期照顧事業系,學士班(日間),333.0,81.0
110,弘光科技大學,技專校院,09211037,老人福利與長期照顧事業系,學士班(進修),147.0,36.0
110,弘光科技大學,技專校院,09211037,老人福利與長期照顧事業系碩士班,碩士班(日間),23.0,9.0
110,弘光科技大學,技專校院,09221028,幼兒保育系,學士班(日間),374.0,86.0
110,弘光科技大學,技專校院,09221028,幼兒保育系,學士班(進修),222.0,47.0
110,弘光科技大學,技專校院,09221028,幼兒保育系_香港二技專班,學士班(日間),2.0,
110,弘光科技大學,技專校院,10121031,化妝品應用科,二專(進修),42.0,9.0
110,弘光科技大學,技專校院,10121031,化妝品應用系,學士班(日間),434.0,93.0
110,弘光科技大學,技專校院,10121031,化妝品應用系,學士班(進修),303.0,98.0
110,弘光科技大學,技專校院,10121031,化妝品應用系碩士在職專班,碩士在職專班,18.0,3.0
110,弘光科技大學,技專校院,10121031,化妝品應用系碩士班,碩士班(日間),29.0,6.0
110,弘光科技大學,技專校院,10121034,美髮造型設計科,二專(進修),91.0,27.0
110,弘光科技大學,技專校院,10121034,美髮造型設計系,學士班(日間),380.0,83.0
110,弘光科技大學,技專校院,10121034,美髮造型設計系,學士班(進修),85.0,46.0
110,弘光科技大學,技專校院,10131029,餐旅管理系,學士班(日間),693.0,161.0
110,弘光科技大學,技專校院,10131029,餐旅管理系,學士班(進修),456.0,111.0
110,弘光科技大學,技專校院,10152030,運動休閒系,學士班(日間),263.0,67.0
110,弘光科技大學,技專校院,10152030,運動休閒系,學士班(進修),188.0,40.0
110,弘光科技大學,技專校院,10221035,職業安全與防災研究所,碩士班(日間),17.0,7.0
110,朝陽科技大學,技專校院,02112003,視覺傳達設計系,學士班(日間),559.0,142.0
110,朝陽科技大學,技專校院,02112003,視覺傳達設計系,學士班(進修),167.0,32.0
110,朝陽科技大學,技專校院,02112003,視覺傳達設計系_品牌協同設計與國際行銷產業碩士專班,碩士班(日間),1.0,
110,朝陽科技大學,技專校院,02112003,視覺傳達設計系_香港二技專班,學士班(日間),14.0,5.0
110,朝陽科技大學,技專校院,02112003,視覺傳達設計系碩士班,碩士班(日間),22.0,8.0
110,朝陽科技大學,技專校院,02122028,建築系建築及都市設計博士班,博士班,24.0,4.0
110,朝陽科技大學,技專校院,02123004,工業設計系,學士班(日間),490.0,112.0
110,朝陽科技大學,技專校院,02123004,工業設計系,學士班(進修),138.0,32.0
110,朝陽科技大學,技專校院,02123004,工業設計系,碩士在職專班,13.0,4.0
110,朝陽科技大學,技專校院,02123004,工業設計系_香港二技專班,學士班(日間),4.0,1.0
110,朝陽科技大學,技專校院,02123004,工業設計系碩士班,碩士班(日間),25.0,8.0
110,朝陽科技大學,技專校院,02311001,應用英語系,學士班(日間),493.0,111.0
110,朝陽科技大學,技專校院,02311001,應用英語系,學士班(進修),82.0,30.0
110,朝陽科技大學,技專校院,02311001,應用英語系碩士班,碩士班(日間),23.0,6.0
110,朝陽科技大學,技專校院,03211006,傳播藝術系,學士班(日間),506.0,123.0
110,朝陽科技大學,技專校院,03211006,傳播藝術系,學士班(進修),189.0,50.0
110,朝陽科技大學,技專校院,03211006,傳播藝術系_香港二技專班,學士班(日間),11.0,3.0
110,朝陽科技大學,技專校院,04111007,會計系,學士班(日間),574.0,146.0
110,朝陽科技大學,技專校院,04111007,會計系碩士班,碩士班(日間),12.0,9.0
110,朝陽科技大學,技專校院,04121010,財務金融系,學士班(日間),678.0,164.0
110,朝陽科技大學,技專校院,04121010,財務金融系碩士在職專班,碩士在職專班,21.0,7.0
110,朝陽科技大學,技專校院,04121010,財務金融系碩士班,碩士班(日間),17.0,12.0
110,朝陽科技大學,技專校院,04123011,保險金融管理系,學士班(日間),638.0,143.0
110,朝陽科技大學,技專校院,04123011,保險金融管理系碩士在職專班,碩士在職專班,42.0,12.0
110,朝陽科技大學,技專校院,04123011,保險金融管理系碩士班,碩士班(日間),17.0,12.0
110,朝陽科技大學,技專校院,04131008,企業管理系,學士班(日間),674.0,161.0
110,朝陽科技大學,技專校院,04131008,企業管理系,學士班(進修),164.0,36.0
110,朝陽科技大學,技專校院,04131008,企業管理系台灣產業策略發展博士班,博士班,40.0,6.0
110,朝陽科技大學,技專校院,04131008,企業管理系碩士在職專班,碩士在職專班,30.0,10.0
110,朝陽科技大學,技專校院,04131008,企業管理系碩士班,碩士班(日間),34.0,10.0
110,朝陽科技大學,技專校院,04131008,企業管理系高階產業經營碩士在職專班,碩士在職專班,30.0,12.0
110,朝陽科技大學,技專校院,04132012,行銷與流通管理系,學士班(日間),585.0,134.0
110,朝陽科技大學,技專校院,04132012,行銷與流通管理系,學士班(進修),301.0,69.0
110,朝陽科技大學,技專校院,04132012,行銷與流通管理系_國際學生產學合作專班,學士班(日間),73.0,31.0
110,朝陽科技大學,技專校院,04132012,行銷與流通管理系_香港二技專班,學士班(日間),2.0,
110,朝陽科技大學,技專校院,04132012,行銷與流通管理系碩士班,碩士班(日間),18.0,8.0
110,朝陽科技大學,技專校院,04199014,銀髮產業管理系,學士班(日間),415.0,101.0
110,朝陽科技大學,技專校院,04199014,銀髮產業管理系碩士班,碩士班(日間),30.0,11.0
110,朝陽科技大學,技專校院,05121017,應用化學系生化科技博士班,博士班,16.0,4.0
110,朝陽科技大學,技專校院,05311017,應用化學系,學士班(日間),249.0,60.0
110,朝陽科技大學,技專校院,05311017,應用化學系_國際學生產學合作專班,學士班(日間),42.0,11.0
110,朝陽科技大學,技專校院,05311017,應用化學系生化科技碩士班,碩士班(日間),1.0,1.0
110,朝陽科技大學,技專校院,05311017,應用化學系碩士在職專班,碩士在職專班,5.0,
110,朝陽科技大學,技專校院,05311017,應用化學系碩士班,碩士班(日間),12.0,8.0
110,朝陽科技大學,技專校院,06111023,資訊與通訊系,學士班(日間),451.0,108.0
110,朝陽科技大學,技專校院,06131019,資訊管理系,學士班(日間),716.0,177.0
110,朝陽科技大學,技專校院,06131019,資訊管理系,學士班(進修),108.0,22.0
110,朝陽科技大學,技專校院,06131019,資訊管理系博士班,博士班,23.0,3.0
110,朝陽科技大學,技專校院,06131019,資訊管理系碩士在職專班,碩士在職專班,11.0,9.0
110,朝陽科技大學,技專校院,06131019,資訊管理系碩士班,碩士班(日間),44.0,15.0
110,朝陽科技大學,技專校院,06132023,資訊與通訊系碩士班,碩士班(日間),54.0,17.0
110,朝陽科技大學,技專校院,07121027,環境工程與管理系,學士班(日間),402.0,93.0
110,朝陽科技大學,技專校院,07121027,環境工程與管理系,碩士在職專班,12.0,5.0
110,朝陽科技大學,技專校院,07121027,環境工程與管理系碩士班,碩士班(日間),41.0,18.0
110,朝陽科技大學,技專校院,07141020,資訊工程系,學士班(日間),451.0,99.0
110,朝陽科技大學,技專校院,07141020,資訊工程系,學士班(進修),64.0,27.0
110,朝陽科技大學,技專校院,07141020,資訊工程系碩士在職專班,碩士在職專班,7.0,6.0
110,朝陽科技大學,技專校院,07141020,資訊工程系碩士班,碩士班(日間),35.0,17.0
110,朝陽科技大學,技專校院,07162039,航空機械系,學士班(日間),185.0,
110,朝陽科技大學,技專校院,07191026,工業工程與管理系,學士班(日間),427.0,113.0
110,朝陽科技大學,技專校院,07191026,工業工程與管理系,學士班(進修),140.0,50.0
110,朝陽科技大學,技專校院,07191026,工業工程與管理系,碩士在職專班,11.0,1.0
110,朝陽科技大學,技專校院,07191026,工業工程與管理系_國際學生產學合作專班,學士班(日間),82.0,16.0
110,朝陽科技大學,技專校院,07191026,工業工程與管理系碩士班,碩士班(日間),32.0,5.0
110,朝陽科技大學,技專校院,07311028,建築系,學士班(日間),453.0,100.0
110,朝陽科技大學,技專校院,07311028,建築系建築及都市設計碩士班,碩士班(日間),24.0,9.0
110,朝陽科技大學,技專校院,07312031,景觀及都市設計系,學士班(日間),361.0,72.0
110,朝陽科技大學,技專校院,07312031,景觀及都市設計系碩士班,碩士班(日間),23.0,10.0
110,朝陽科技大學,技專校院,07321025,營建工程系,學士班(日間),480.0,127.0
110,朝陽科技大學,技專校院,07321025,營建工程系,碩士在職專班,6.0,1.0
110,朝陽科技大學,技專校院,07321025,營建工程系博士班,博士班,7.0,
110,朝陽科技大學,技專校院,07321025,營建工程系碩士班,碩士班(日間),32.0,13.0
110,朝陽科技大學,技專校院,09221035,幼兒保育系,學士班(日間),472.0,118.0
110,朝陽科技大學,技專校院,09221035,幼兒保育系,學士班(進修),180.0,41.0
110,朝陽科技大學,技專校院,09221035,幼兒保育系_學士後學位學程教保員專班,學士班(日間),16.0,16.0
110,朝陽科技大學,技專校院,09221035,幼兒保育系碩士在職專班,碩士在職專班,86.0,13.0
110,朝陽科技大學,技專校院,09221035,幼兒保育系碩士班,碩士班(日間),52.0,8.0
110,朝陽科技大學,技專校院,09231034,社會工作系,學士班(日間),431.0,105.0
110,朝陽科技大學,技專校院,09231034,社會工作系,學士班(進修),74.0,38.0
110,朝陽科技大學,技專校院,09231034,社會工作系碩士在職專班,碩士在職專班,24.0,4.0
110,朝陽科技大學,技專校院,09231034,社會工作系碩士班,碩士班(日間),30.0,7.0
110,朝陽科技大學,技專校院,10152036,休閒事業管理系,學士班(日間),445.0,96.0
110,朝陽科技大學,技專校院,10152036,休閒事業管理系,學士班(進修),464.0,102.0
110,朝陽科技大學,技專校院,10152036,休閒事業管理系_國際學生產學合作專班,學士班(日間),94.0,18.0
110,朝陽科技大學,技專校院,10152036,休閒事業管理系_香港二技專班,學士班(日間),6.0,4.0
110,朝陽科技大學,技專校院,10152036,休閒事業管理系碩士在職專班,碩士在職專班,41.0,20.0
110,朝陽科技大學,技專校院,10152036,休閒事業管理系碩士班,碩士班(日間),34.0,17.0
110,朝陽科技大學,技專校院,10413040,飛行與民航人員技術系,學士班(日間),43.0,
110,東海大學,一般大學,01111001,教育研究所,碩士在職專班,51.0,23.0
110,東海大學,一般大學,01111001,教育研究所,碩士班(日間),36.0,8.0
110,東海大學,一般大學,02123011,工業設計學系,學士班(日間),161.0,35.0
110,東海大學,一般大學,02123011,工業設計學系,碩士在職專班,18.0,2.0
110,東海大學,一般大學,02123011,工業設計學系,碩士班(日間),21.0,4.0
110,東海大學,一般大學,02131002,美術學系,學士班(日間),207.0,42.0
110,東海大學,一般大學,02131002,美術學系,學士班(進修),144.0,38.0
110,東海大學,一般大學,02131002,美術學系,碩士在職專班,74.0,14.0
110,東海大學,一般大學,02131002,美術學系,碩士班(日間),66.0,11.0
110,東海大學,一般大學,02151003,音樂學系,學士班(日間),179.0,37.0
110,東海大學,一般大學,02151003,音樂學系,碩士班(日間),68.0,22.0
110,東海大學,一般大學,02152058,表演藝術與創作碩士學位學程,碩士班(日間),21.0,1.0
110,東海大學,一般大學,02221009,歷史學系,學士班(日間),248.0,63.0
110,東海大學,一般大學,02221009,歷史學系,碩士班(日間),13.0,
110,東海大學,一般大學,02231010,哲學系,博士班,18.0,1.0
110,東海大學,一般大學,02231010,哲學系,學士班(日間),217.0,38.0
110,東海大學,一般大學,02231010,哲學系,碩士在職專班,25.0,1.0
110,東海大學,一般大學,02231010,哲學系,碩士班(日間),26.0,7.0
110,東海大學,一般大學,02311005,外國語文學系,學士班(日間),434.0,98.0
110,東海大學,一般大學,02311005,外國語文學系,碩士班(日間),37.0,4.0
110,東海大學,一般大學,02311007,日本語言文化學系,學士班(日間),428.0,91.0
110,東海大學,一般大學,02311007,日本語言文化學系,碩士班(日間),19.0,2.0
110,東海大學,一般大學,02322004,中國文學系,博士班,19.0,
110,東海大學,一般大學,02322004,中國文學系,學士班(日間),419.0,88.0
110,東海大學,一般大學,02322004,中國文學系,碩士在職專班,2.0,
110,東海大學,一般大學,02322004,中國文學系,碩士班(日間),44.0,6.0
110,東海大學,一般大學,02323062,華語文教學國際碩士學位學程,碩士班(日間),10.0,
110,東海大學,一般大學,03111012,經濟學系,學士班(日間),549.0,128.0
110,東海大學,一般大學,03111012,經濟學系,學士班(進修),1.0,
110,東海大學,一般大學,03111012,經濟學系,碩士班(日間),15.0,9.0
110,東海大學,一般大學,03121013,政治學系,博士班,33.0,1.0
110,東海大學,一般大學,03121013,政治學系,學士班(日間),445.0,100.0
110,東海大學,一般大學,03121013,政治學系,碩士班(日間),22.0,4.0
110,東海大學,一般大學,03141014,社會學系,博士班,36.0,5.0
110,東海大學,一般大學,03141014,社會學系,學士班(日間),421.0,95.0
110,東海大學,一般大學,03141014,社會學系,碩士班(日間),21.0,3.0
110,東海大學,一般大學,04111018,會計學系,學士班(日間),492.0,131.0
110,東海大學,一般大學,04111018,會計學系,碩士在職專班,8.0,2.0
110,東海大學,一般大學,04111018,會計學系,碩士班(日間),21.0,13.0
110,東海大學,一般大學,04121024,財務金融學系,學士班(日間),498.0,124.0
110,東海大學,一般大學,04121024,財務金融學系,碩士在職專班,3.0,
110,東海大學,一般大學,04121024,財務金融學系,碩士班(日間),31.0,13.0
110,東海大學,一般大學,04131019,企業管理學系,學士班(日間),686.0,149.0
110,東海大學,一般大學,04131019,企業管理學系,碩士班(日間),58.0,19.0
110,東海大學,一般大學,04131021,國際學院國際經營管理學位學程,學士班(日間),268.0,57.0
110,東海大學,一般大學,04131025,高階經營管理碩士在職專班,碩士在職專班,403.0,105.0
110,東海大學,一般大學,04131059,國際企業管理碩士學位學程,碩士班(日間),29.0,9.0
110,東海大學,一般大學,04133044,工業工程與經營資訊學系高階醫務工程與管理碩士在職專班,碩士在職專班,30.0,12.0
110,東海大學,一般大學,04134016,行政管理暨政策學系,學士班(日間),321.0,57.0
110,東海大學,一般大學,04134016,行政管理暨政策學系,碩士班(日間),10.0,3.0
110,東海大學,一般大學,04134016,行政管理暨政策學系第三部門碩士在職專班,碩士在職專班,5.0,
110,東海大學,一般大學,04134017,公共事務碩士專班,碩士在職專班,52.0,13.0
110,東海大學,一般大學,04141023,國際經營與貿易學系,學士班(日間),691.0,165.0
110,東海大學,一般大學,04141023,國際經營與貿易學系,碩士班(日間),29.0,12.0
110,東海大學,一般大學,04211027,法律學系,博士班,23.0,3.0
110,東海大學,一般大學,04211027,法律學系,學士班(日間),519.0,133.0
110,東海大學,一般大學,04211027,法律學系,學士班(進修),141.0,33.0
110,東海大學,一般大學,04211027,法律學系,碩士班(日間),155.0,22.0
110,東海大學,一般大學,05111028,生命科學系,博士班,16.0,2.0
110,東海大學,一般大學,05111028,生命科學系,學士班(日間),338.0,65.0
110,東海大學,一般大學,05111028,生命科學系,碩士班(日間),15.0,9.0
110,東海大學,一般大學,05111061,生物多樣性國際研究生博士學位學程,博士班,2.0,
110,東海大學,一般大學,05123060,生醫暨材料科學國際博士學位學程,博士班,4.0,
110,東海大學,一般大學,05211056,永續科學與工程學士學位學程,學士班(日間),98.0,25.0
110,東海大學,一般大學,05311030,化學系,博士班,11.0,2.0
110,東海大學,一般大學,05311030,化學系,學士班(日間),365.0,85.0
110,東海大學,一般大學,05311030,化學系,碩士班(日間),35.0,18.0
110,東海大學,一般大學,05331032,應用物理學系,博士班,5.0,
110,東海大學,一般大學,05331032,應用物理學系,學士班(日間),211.0,38.0
110,東海大學,一般大學,05331032,應用物理學系,碩士班(日間),10.0,2.0
110,東海大學,一般大學,05411034,應用數學系,學士班(日間),181.0,32.0
110,東海大學,一般大學,05411034,應用數學系,碩士班(日間),11.0,4.0
110,東海大學,一般大學,05421035,統計學系,博士班,6.0,2.0
110,東海大學,一般大學,05421035,統計學系,學士班(日間),406.0,101.0
110,東海大學,一般大學,05421035,統計學系,碩士班(日間),16.0,11.0
110,東海大學,一般大學,06131039,資訊工程學系,學士班(日間),581.0,118.0
110,東海大學,一般大學,06131039,資訊工程學系,學士班(進修),29.0,9.0
110,東海大學,一般大學,06131039,資訊工程學系,碩士在職專班,29.0,7.0
110,東海大學,一般大學,06131039,資訊工程學系,碩士班(日間),42.0,12.0
110,東海大學,一般大學,06133047,數位創新碩士學位學程,碩士班(日間),25.0,2.0
110,東海大學,一般大學,06134036,資訊管理學系,學士班(日間),275.0,57.0
110,東海大學,一般大學,06134036,資訊管理學系,碩士班(日間),35.0,15.0
110,東海大學,一般大學,07111042,化學工程與材料工程學系,博士班,2.0,1.0
110,東海大學,一般大學,07111042,化學工程與材料工程學系,學士班(日間),391.0,105.0
110,東海大學,一般大學,07111042,化學工程與材料工程學系,碩士班(日間),39.0,11.0
110,東海大學,一般大學,07121045,環境科學與工程學系,博士班,8.0,2.0
110,東海大學,一般大學,07121045,環境科學與工程學系,學士班(日間),324.0,74.0
110,東海大學,一般大學,07121045,環境科學與工程學系,碩士班(日間),29.0,14.0
110,東海大學,一般大學,07141037,電機工程學系,學士班(日間),342.0,74.0
110,東海大學,一般大學,07141037,電機工程學系,碩士班(日間),30.0,9.0
110,東海大學,一般大學,07191044,工業工程與經營資訊學系,博士班,30.0,1.0
110,東海大學,一般大學,07191044,工業工程與經營資訊學系,學士班(日間),410.0,104.0
110,東海大學,一般大學,07191044,工業工程與經營資訊學系,碩士班(日間),54.0,20.0
110,東海大學,一般大學,07211052,食品科學系,學士班(日間),382.0,78.0
110,東海大學,一般大學,07211052,食品科學系,碩士班(日間),40.0,13.0
110,東海大學,一般大學,07311048,建築學系,學士班(日間),177.0,27.0
110,東海大學,一般大學,07311048,建築學系,碩士班(日間),57.0,16.0
110,東海大學,一般大學,07312049,景觀學系,學士班(日間),218.0,53.0
110,東海大學,一般大學,07312049,景觀學系,碩士在職專班,26.0,3.0
110,東海大學,一般大學,07312049,景觀學系,碩士班(日間),21.0,3.0
110,東海大學,一般大學,08112051,畜產與生物科技學系,博士班,9.0,
110,東海大學,一般大學,08112051,畜產與生物科技學系,學士班(日間),402.0,100.0
110,東海大學,一般大學,08112051,畜產與生物科技學系,碩士班(日間),15.0,2.0
110,東海大學,一般大學,09199063,高齡健康與運動科學學士學位學程,學士班(日間),74.0,
110,東海大學,一般大學,09231053,社會工作學系,博士班,31.0,7.0
110,東海大學,一般大學,09231053,社會工作學系,學士班(日間),492.0,114.0
110,東海大學,一般大學,09231053,社會工作學系,碩士班(日間),61.0,6.0
110,東海大學,一般大學,10131054,餐旅管理學系,學士班(日間),289.0,68.0
110,東海大學,一般大學,10131054,餐旅管理學系,碩士在職專班,37.0,6.0
110,東海大學,一般大學,10131054,餐旅管理學系,碩士班(日間),13.0,5.0
110,東海大學,一般大學,10152055,運動休閒與健康管理學位學程,學士班(進修),89.0,28.0
110,東海大學,一般大學,99999064,國際學院不分系英語學士班,學士班(日間),8.0,
110,逢甲大學,一般大學,02122005,創意設計碩士學位學程,碩士班(日間),1.0,
110,逢甲大學,一般大學,02122006,創新設計學士學位學程,學士班(日間),18.0,11.0
110,逢甲大學,一般大學,02124007,室內設計進修學士班,學士班(進修),187.0,35.0
110,逢甲大學,一般大學,02221003,歷史與文物研究所,碩士班(日間),27.0,4.0
110,逢甲大學,一般大學,02299105,人文社會學士學位學程,學士班(日間),2.0,
110,逢甲大學,一般大學,02299113,文化與社會創新碩士學位學程,碩士班(日間),17.0,
110,逢甲大學,一般大學,02311002,外國語文學系,學士班(日間),463.0,97.0
110,逢甲大學,一般大學,02311002,外國語文學系英語文研究碩士班,碩士班(日間),31.0,6.0
110,逢甲大學,一般大學,02322001,中國文學系,博士班,32.0,4.0
110,逢甲大學,一般大學,02322001,中國文學系,學士班(日間),238.0,56.0
110,逢甲大學,一般大學,02322001,中國文學系,碩士在職專班,1.0,1.0
110,逢甲大學,一般大學,02322001,中國文學系,碩士班(日間),21.0,2.0
110,逢甲大學,一般大學,03111009,經濟學系,博士班,4.0,
110,逢甲大學,一般大學,03111009,經濟學系,學士班(日間),427.0,88.0
110,逢甲大學,一般大學,03111009,經濟學系,碩士班(日間),27.0,10.0
110,逢甲大學,一般大學,03111012,合作經濟暨社會事業經營學系,學士班(日間),235.0,56.0
110,逢甲大學,一般大學,03111012,合作經濟暨社會事業經營學系,碩士在職專班,1.0,
110,逢甲大學,一般大學,03111012,合作經濟暨社會事業經營學系,碩士班(日間),20.0,13.0
110,逢甲大學,一般大學,04111017,會計學系,學士班(日間),773.0,196.0
110,逢甲大學,一般大學,04111017,會計學系,碩士班(日間),46.0,20.0
110,逢甲大學,一般大學,04121025,財務金融學系,學士班(日間),733.0,190.0
110,逢甲大學,一般大學,04121025,財務金融學系,碩士班(日間),40.0,18.0
110,逢甲大學,一般大學,04121026,金融博士學位學程,博士班,41.0,10.0
110,逢甲大學,一般大學,04121026,金融碩士在職學位學程,碩士在職專班,47.0,15.0
110,逢甲大學,一般大學,04121026,金融碩士在職專班,碩士在職專班,5.0,2.0
110,逢甲大學,一般大學,04121028,財務工程與精算學士學位學程,學士班(日間),216.0,48.0
110,逢甲大學,一般大學,04122032,財稅學系,學士班(日間),479.0,115.0
110,逢甲大學,一般大學,04122032,財稅學系,碩士班(日間),24.0,20.0
110,逢甲大學,一般大學,04123029,風險管理與保險學系,學士班(日間),424.0,96.0
110,逢甲大學,一般大學,04123029,風險管理與保險學系,碩士班(日間),37.0,20.0
110,逢甲大學,一般大學,04131019,企業管理學系,學士班(日間),551.0,135.0
110,逢甲大學,一般大學,04131019,企業管理學系,碩士班(日間),46.0,16.0
110,逢甲大學,一般大學,04131020,經營管理碩士在職學位學程,碩士在職專班,374.0,143.0
110,逢甲大學,一般大學,04131020,經營管理碩士在職專班,碩士在職專班,7.0,2.0
110,逢甲大學,一般大學,04131021,國際企業管理全英語學士學位學程,學士班(日間),64.0,
110,逢甲大學,一般大學,04134086,土地管理學系,學士班(日間),436.0,98.0
110,逢甲大學,一般大學,04134086,土地管理學系,碩士在職專班,8.0,2.0
110,逢甲大學,一般大學,04134086,土地管理學系,碩士班(日間),33.0,7.0
110,逢甲大學,一般大學,04134097,公共事務與社會創新研究所,碩士在職專班,44.0,19.0
110,逢甲大學,一般大學,04134097,公共事務與社會創新研究所,碩士班(日間),14.0,2.0
110,逢甲大學,一般大學,04134097,公共事務與社會創新碩士在職學位學程,碩士在職專班,13.0,
110,逢甲大學,一般大學,04141024,國際經營與貿易學系,學士班(日間),771.0,179.0
110,逢甲大學,一般大學,04141024,國際經營與貿易學系,碩士班(日間),53.0,15.0
110,逢甲大學,一般大學,04141024,國際經營與貿易學系國際企業管理全英語學士班,學士班(日間),193.0,72.0
110,逢甲大學,一般大學,04143033,行銷學系,學士班(日間),553.0,140.0
110,逢甲大學,一般大學,04143033,行銷學系全球行銷碩士班,碩士班(日間),30.0,9.0
110,逢甲大學,一般大學,04191014,商學博士學位學程,博士班,122.0,23.0
110,逢甲大學,一般大學,04191014,商學進修學士學位學程,學士班(進修),457.0,84.0
110,逢甲大學,一般大學,04191014,商學進修學士班,學士班(進修),9.0,5.0
110,逢甲大學,一般大學,04191016,商學專業碩士在職學位學程,碩士在職專班,59.0,18.0
110,逢甲大學,一般大學,04199035,澳洲墨爾本皇家理工大學商學與創新雙學士學位學程,學士班(日間),89.0,6.0
110,逢甲大學,一般大學,04199036,科技管理碩士學位學程,碩士班(日間),2.0,
110,逢甲大學,一般大學,04199037,專案管理碩士在職學位學程,碩士在職專班,74.0,27.0
110,逢甲大學,一般大學,04199037,建設學院專案管理碩士在職專班,碩士在職專班,3.0,1.0
110,逢甲大學,一般大學,04199092,美國加州聖荷西州立大學商學大數據分析雙學士學位學程,學士班(日間),114.0,15.0
110,逢甲大學,一般大學,04199096,建設碩士在職學位學程,碩士在職專班,135.0,38.0
110,逢甲大學,一般大學,04212038,財經法律研究所,碩士在職專班,66.0,9.0
110,逢甲大學,一般大學,04212038,財經法律研究所,碩士班(日間),65.0,10.0
110,逢甲大學,一般大學,05411039,應用數學系,學士班(日間),398.0,83.0
110,逢甲大學,一般大學,05411039,應用數學系,碩士班(日間),9.0,4.0
110,逢甲大學,一般大學,05411114,數據科學碩士學位學程,碩士班(日間),13.0,1.0
110,逢甲大學,一般大學,05421040,統計學系,學士班(日間),418.0,86.0
110,逢甲大學,一般大學,05421040,統計學系應用統計博士班,博士班,3.0,2.0
110,逢甲大學,一般大學,05421040,統計學系統計與精算碩士班,碩士班(日間),36.0,19.0
110,逢甲大學,一般大學,06131048,美國加州舊金山州立大學資訊工程雙學士學位學程,學士班(日間),51.0,
110,逢甲大學,一般大學,06131048,資訊工程學系,博士班,28.0,3.0
110,逢甲大學,一般大學,06131048,資訊工程學系,學士班(日間),1043.0,253.0
110,逢甲大學,一般大學,06131048,資訊工程學系,碩士班(日間),114.0,39.0
110,逢甲大學,一般大學,06131055,智慧聯網產業博士學位學程,博士班,2.0,
110,逢甲大學,一般大學,06134115,人工智慧技術與應用學士學位學程,學士班(日間),46.0,
110,逢甲大學,一般大學,07111068,化學工程學系,博士班,7.0,1.0
110,逢甲大學,一般大學,07111068,化學工程學系,學士班(日間),479.0,110.0
110,逢甲大學,一般大學,07111068,化學工程學系,碩士班(日間),67.0,28.0
110,逢甲大學,一般大學,07112069,材料科學與工程學系,博士班,6.0,1.0
110,逢甲大學,一般大學,07112069,材料科學與工程學系,學士班(日間),459.0,90.0
110,逢甲大學,一般大學,07112069,材料科學與工程學系,碩士班(日間),79.0,37.0
110,逢甲大學,一般大學,07121075,環境工程與科學學系,博士班,15.0,2.0
110,逢甲大學,一般大學,07121075,環境工程與科學學系,學士班(日間),422.0,97.0
110,逢甲大學,一般大學,07121075,環境工程與科學學系,碩士班(日間),51.0,23.0
110,逢甲大學,一般大學,07122077,水利工程與資源保育學系,學士班(日間),357.0,70.0
110,逢甲大學,一般大學,07122077,水利工程與資源保育學系,碩士班(日間),19.0,9.0
110,逢甲大學,一般大學,07132079,綠色能源科技碩士學位學程,碩士班(日間),13.0,6.0
110,逢甲大學,一般大學,07141044,電機工程學系,學士班(日間),593.0,143.0
110,逢甲大學,一般大學,07141044,電機工程學系,碩士班(日間),47.0,14.0
110,逢甲大學,一般大學,07141045,電機與通訊工程博士學位學程,博士班,34.0,5.0
110,逢甲大學,一般大學,07141046,電子工程學系,學士班(日間),527.0,104.0
110,逢甲大學,一般大學,07141046,電子工程學系,碩士班(日間),69.0,25.0
110,逢甲大學,一般大學,07141050,通訊工程學系,學士班(日間),490.0,105.0
110,逢甲大學,一般大學,07141050,通訊工程學系,碩士班(日間),49.0,20.0
110,逢甲大學,一般大學,07141052,自動控制工程學系,學士班(日間),518.0,108.0
110,逢甲大學,一般大學,07141052,自動控制工程學系,碩士班(日間),59.0,26.0
110,逢甲大學,一般大學,07141053,資訊電機工程碩士在職學位學程,碩士在職專班,93.0,24.0
110,逢甲大學,一般大學,07141053,資訊電機工程碩士在職專班,碩士在職專班,5.0,1.0
110,逢甲大學,一般大學,07141056,資訊電機學院學士班,學士班(日間),121.0,
110,逢甲大學,一般大學,07141095,美國普渡大學電機資訊雙學士學位學程,學士班(日間),71.0,11.0
110,逢甲大學,一般大學,07141099,視光科技碩士在職學位學程,碩士在職專班,4.0,2.0
110,逢甲大學,一般大學,07141101,光電科學與工程學系,學士班(日間),437.0,85.0
110,逢甲大學,一般大學,07141101,光電科學與工程學系,碩士班(日間),44.0,13.0
110,逢甲大學,一般大學,07141107,美國加州聖荷西州立大學工程雙學士學位學程,學士班(日間),52.0,
110,逢甲大學,一般大學,07151060,機械與航空工程博士學位學程,博士班,36.0,5.0
110,逢甲大學,一般大學,07151061,機械與電腦輔助工程學系,學士班(日間),581.0,150.0
110,逢甲大學,一般大學,07151061,機械與電腦輔助工程學系機械工程碩士在職專班,碩士在職專班,4.0,
110,逢甲大學,一般大學,07151061,機械與電腦輔助工程學系機械工程碩士班,碩士班(日間),58.0,27.0
110,逢甲大學,一般大學,07151062,精密系統設計學士學位學程,學士班(日間),203.0,50.0
110,逢甲大學,一般大學,07151106,創新智慧製造與管理產業碩士專班,碩士班(日間),11.0,8.0
110,逢甲大學,一般大學,07162059,航太與系統工程學系,學士班(日間),500.0,124.0
110,逢甲大學,一般大學,07162059,航太與系統工程學系,碩士班(日間),51.0,23.0
110,逢甲大學,一般大學,07191072,工業工程與系統管理學系,博士班,11.0,
110,逢甲大學,一般大學,07191072,工業工程與系統管理學系,學士班(日間),415.0,86.0
110,逢甲大學,一般大學,07191072,工業工程與系統管理學系,碩士在職專班,4.0,
110,逢甲大學,一般大學,07191072,工業工程與系統管理學系,碩士班(日間),49.0,22.0
110,逢甲大學,一般大學,07192074,纖維與複合材料學系,博士班,18.0,6.0
110,逢甲大學,一般大學,07192074,纖維與複合材料學系,學士班(日間),368.0,93.0
110,逢甲大學,一般大學,07192074,纖維與複合材料學系,碩士在職專班,3.0,1.0
110,逢甲大學,一般大學,07192074,纖維與複合材料學系,碩士班(日間),54.0,25.0
110,逢甲大學,一般大學,07193078,生醫資訊暨生醫工程碩士學位學程,碩士班(日間),13.0,4.0
110,逢甲大學,一般大學,07199080,電聲碩士學位學程,碩士班(日間),19.0,11.0
110,逢甲大學,一般大學,07199098,智能製造與工程管理碩士在職學位學程,碩士在職專班,153.0,30.0
110,逢甲大學,一般大學,07311007,室內設計學士學位學程,學士班(日間),44.0,14.0
110,逢甲大學,一般大學,07311081,建築學士學位學程,學士班(日間),350.0,111.0
110,逢甲大學,一般大學,07311081,建築碩士在職學位學程,碩士在職專班,9.0,5.0
110,逢甲大學,一般大學,07311081,建築碩士學位學程,碩士班(日間),60.0,13.0
110,逢甲大學,一般大學,07311083,建築專業學院學士班,學士班(日間),236.0,
110,逢甲大學,一般大學,07312084,景觀與遊憩碩士學位學程,碩士在職專班,1.0,
110,逢甲大學,一般大學,07312084,景觀與遊憩碩士學位學程,碩士班(日間),1.0,
110,逢甲大學,一般大學,07313087,都市計畫與空間資訊學系,學士班(日間),411.0,84.0
110,逢甲大學,一般大學,07313087,都市計畫與空間資訊學系,碩士在職專班,5.0,3.0
110,逢甲大學,一般大學,07313087,都市計畫與空間資訊學系,碩士班(日間),34.0,10.0
110,逢甲大學,一般大學,07321063,土木工程學系,學士班(日間),426.0,98.0
110,逢甲大學,一般大學,07321063,土木工程學系,碩士在職專班,1.0,1.0
110,逢甲大學,一般大學,07321063,土木工程學系,碩士班(日間),35.0,10.0
110,逢甲大學,一般大學,07321063,土木工程學系營建工程與管理進修學士班,學士班(進修),233.0,39.0
110,逢甲大學,一般大學,07321100,土木水利工程與建設規劃博士學位學程,博士班,58.0,5.0
110,逢甲大學,一般大學,07399102,智慧城市碩士學位學程,碩士班(日間),21.0,15.0
110,逢甲大學,一般大學,10411093,運輸與物流學系,學士班(日間),477.0,119.0
110,逢甲大學,一般大學,10411093,運輸與物流學系,碩士在職專班,3.0,
110,逢甲大學,一般大學,10411093,運輸與物流學系,碩士班(日間),38.0,12.0
110,逢甲大學,一般大學,99999094,全校國際生大一不分系學士班,學士班(日間),34.0,
110,逢甲大學,一般大學,99999108,國際雙學士學位學程,學士班(日間),15.0,2.0
110,靜宜大學,一般大學,01111001,教育研究所,碩士在職專班,63.0,8.0
110,靜宜大學,一般大學,01111001,教育研究所,碩士班(日間),38.0,5.0
110,靜宜大學,一般大學,02299040,原住民族文化碩士學位學程,碩士班(日間),22.0,
110,靜宜大學,一般大學,02311004,英國語文學系,學士班(日間),501.0,134.0
110,靜宜大學,一般大學,02311004,英國語文學系,碩士班(日間),22.0,4.0
110,靜宜大學,一般大學,02311005,西班牙語文學系,學士班(日間),419.0,95.0
110,靜宜大學,一般大學,02311005,西班牙語文學系,碩士班(日間),25.0,3.0
110,靜宜大學,一般大學,02311006,日本語文學系,學士班(日間),606.0,128.0
110,靜宜大學,一般大學,02311006,日本語文學系,碩士班(日間),17.0,5.0
110,靜宜大學,一般大學,02311007,寰宇外語教育學士學位學程,學士班(日間),144.0,36.0
110,靜宜大學,一般大學,02321002,台灣文學系,學士班(日間),221.0,49.0
110,靜宜大學,一般大學,02321002,台灣文學系,碩士班(日間),19.0,6.0
110,靜宜大學,一般大學,02322003,中國文學系,學士班(日間),442.0,81.0
110,靜宜大學,一般大學,02322003,中國文學系,碩士在職專班,3.0,1.0
110,靜宜大學,一般大學,02322003,中國文學系,碩士班(日間),21.0,3.0
110,靜宜大學,一般大學,03141038,犯罪防治碩士學位學程,碩士班(日間),27.0,7.0
110,靜宜大學,一般大學,03141043,原住民族健康與社會福利博士學位學程,博士班,3.0,
110,靜宜大學,一般大學,03211008,大眾傳播學系,學士班(日間),290.0,63.0
110,靜宜大學,一般大學,04111011,會計學系,學士班(日間),653.0,153.0
110,靜宜大學,一般大學,04111011,會計學系,碩士班(日間),27.0,18.0
110,靜宜大學,一般大學,04121019,財務金融學系,學士班(日間),701.0,145.0
110,靜宜大學,一般大學,04121019,財務金融學系,碩士班(日間),15.0,6.0
110,靜宜大學,一般大學,04131010,寰宇管理碩士學位學程,碩士班(日間),92.0,34.0
110,靜宜大學,一般大學,04131012,企業管理學系,學士班(日間),682.0,145.0
110,靜宜大學,一般大學,04131012,企業管理學系,碩士班(日間),11.0,4.0
110,靜宜大學,一般大學,04131014,管理學院管理碩士在職專班柬埔寨境外專班,碩士在職專班,7.0,3.0
110,靜宜大學,一般大學,04131014,管理碩士在職專班,碩士在職專班,111.0,43.0
110,靜宜大學,一般大學,04131015,國際企業學系,學士班(日間),706.0,171.0
110,靜宜大學,一般大學,04131015,國際企業學系,碩士班(日間),21.0,12.0
110,靜宜大學,一般大學,04131018,創新與創業管理碩士學位學程,碩士班(日間),10.0,3.0
110,靜宜大學,一般大學,04191010,寰宇管理學士學位學程,學士班(日間),182.0,35.0
110,靜宜大學,一般大學,04211020,法律學士學位學程原住民專班,學士班(日間),22.0,
110,靜宜大學,一般大學,04211020,法律學系,學士班(日間),542.0,123.0
110,靜宜大學,一般大學,04211020,法律學系,碩士在職專班,36.0,5.0
110,靜宜大學,一般大學,04211020,法律學系,碩士班(日間),33.0,8.0
110,靜宜大學,一般大學,05191031,食品營養學系,博士班,28.0,1.0
110,靜宜大學,一般大學,05191031,食品營養學系,學士班(日間),443.0,104.0
110,靜宜大學,一般大學,05191031,食品營養學系,碩士班(日間),34.0,10.0
110,靜宜大學,一般大學,05211021,生態人文學系,碩士班(日間),2.0,
110,靜宜大學,一般大學,05212021,生態人文學系,學士班(日間),207.0,40.0
110,靜宜大學,一般大學,05311023,應用化學系,博士班,9.0,
110,靜宜大學,一般大學,05311023,應用化學系,學士班(日間),396.0,72.0
110,靜宜大學,一般大學,05311023,應用化學系,碩士班(日間),22.0,13.0
110,靜宜大學,一般大學,05499036,財務工程學系,學士班(日間),209.0,52.0
110,靜宜大學,一般大學,05499036,財務工程學系,碩士班(日間),18.0,10.0
110,靜宜大學,一般大學,05499037,資料科學暨大數據分析與應用學系,學士班(日間),357.0,63.0
110,靜宜大學,一般大學,06131027,資訊管理學系,學士班(日間),503.0,96.0
110,靜宜大學,一般大學,06131027,資訊管理學系,碩士班(日間),14.0,3.0
110,靜宜大學,一般大學,06132009,資訊傳播工程學系,學士班(日間),528.0,95.0
110,靜宜大學,一般大學,06132009,資訊傳播工程學系,碩士班(日間),10.0,2.0
110,靜宜大學,一般大學,06134028,資訊學院資訊應用與科技管理碩士在職專班,碩士在職專班,17.0,5.0
110,靜宜大學,一般大學,07141030,資訊工程學系,學士班(日間),504.0,93.0
110,靜宜大學,一般大學,07141030,資訊工程學系,碩士班(日間),11.0,2.0
110,靜宜大學,一般大學,07141042,國際資訊學士學位學程,學士班(日間),12.0,
110,靜宜大學,一般大學,09161035,化粧品科學系,博士班,10.0,
110,靜宜大學,一般大學,09161035,化粧品科學系,學士班(日間),485.0,123.0
110,靜宜大學,一般大學,09161035,化粧品科學系,碩士在職專班,29.0,7.0
110,靜宜大學,一般大學,09161035,化粧品科學系,碩士班(日間),26.0,8.0
110,靜宜大學,一般大學,09231032,社會工作與兒童少年福利學系,學士班(日間),575.0,159.0
110,靜宜大學,一般大學,09231032,社會工作與兒童少年福利學系,碩士在職專班,28.0,4.0
110,靜宜大學,一般大學,09231032,社會工作與兒童少年福利學系,碩士班(日間),45.0,12.0
110,靜宜大學,一般大學,09231041,健康照顧社會工作學士學位學程原住民專班,學士班(日間),50.0,
110,靜宜大學,一般大學,09299039,社會企業與文化創意碩士學位學程,碩士班(日間),46.0,11.0
110,靜宜大學,一般大學,10151034,觀光事業學系,學士班(日間),755.0,176.0
110,靜宜大學,一般大學,10151034,觀光事業學系,碩士在職專班,39.0,6.0
110,靜宜大學,一般大學,10151034,觀光事業學系,碩士班(日間),24.0,6.0
110,靜宜大學,一般大學,99999045,國際生大一博雅教育學士學位學程,學士班(日間),3.0,
111,中國醫藥大學,一般大學,04133029,醫務管理學系,學士班(日間),64.0,25.0
111,中國醫藥大學,一般大學,04133029,醫務管理學系,碩士在職專班,44.0,20.0
111,中國醫藥大學,一般大學,04133029,醫務管理學系,碩士班(日間),32.0,13.0
111,中國醫藥大學,一般大學,04199058,科技管理碩士學位學程,碩士班(日間),3.0,1.0
111,中國醫藥大學,一般大學,04212057,科技法律碩士學位學程,碩士班(日間),17.0,6.0
111,中國醫藥大學,一般大學,05121043,生物科技學系,博士班,12.0,1.0
111,中國醫藥大學,一般大學,05121043,生物科技學系,學士班(日間),219.0,40.0
111,中國醫藥大學,一般大學,05121043,生物科技學系,碩士班(日間),11.0,6.0
111,中國醫藥大學,一般大學,05121043,生物科技產業博士學位學程,博士班,6.0,3.0
111,中國醫藥大學,一般大學,05123064,生物化學暨分子生物研究所,碩士班(日間),3.0,
111,中國醫藥大學,一般大學,05191021,營養學系,博士班,8.0,
111,中國醫藥大學,一般大學,05191021,營養學系,學士班(日間),314.0,78.0
111,中國醫藥大學,一般大學,05191021,營養學系,碩士班(日間),39.0,20.0
111,中國醫藥大學,一般大學,06131060,數位健康創新碩士學位學程,碩士班(日間),,5.0
111,中國醫藥大學,一般大學,06134060,數位健康創新碩士學位學程,碩士班(日間),11.0,
111,中國醫藥大學,一般大學,07193031,生物醫學工程學系,學士班(日間),41.0,
111,中國醫藥大學,一般大學,07193031,生物醫學工程碩士學位學程,碩士班(日間),13.0,6.0
111,中國醫藥大學,一般大學,07193055,醫學工程與復健科技產業博士學位學程,博士班,13.0,
111,中國醫藥大學,一般大學,08411012,中獸醫碩士學位學程,碩士班(日間),2.0,
111,中國醫藥大學,一般大學,09111019,牙醫學系,博士班,15.0,5.0
111,中國醫藥大學,一般大學,09111019,牙醫學系,學士班(日間),312.0,52.0
111,中國醫藥大學,一般大學,09111019,牙醫學系,碩士班(日間),8.0,3.0
111,中國醫藥大學,一般大學,09111019,牙醫學系口腔醫學產業碩士班,碩士班(日間),7.0,2.0
111,中國醫藥大學,一般大學,09121003,生物醫學研究所,博士班,126.0,23.0
111,中國醫藥大學,一般大學,09121003,生物醫學研究所,碩士班(日間),52.0,20.0
111,中國醫藥大學,一般大學,09121004,臨床醫學研究所,博士班,8.0,3.0
111,中國醫藥大學,一般大學,09121006,基礎醫學研究所,博士班,1.0,
111,中國醫藥大學,一般大學,09121014,中醫學系,博士班,30.0,9.0
111,中國醫藥大學,一般大學,09121014,中醫學系,學士班(日間),854.0,126.0
111,中國醫藥大學,一般大學,09121014,中醫學系,碩士班(日間),14.0,4.0
111,中國醫藥大學,一般大學,09121014,中醫學系八年制,學士班(日間),1.0,
111,中國醫藥大學,一般大學,09121014,學士後中醫學系,學士班(日間),506.0,102.0
111,中國醫藥大學,一般大學,09121016,醫學系,學士班(日間),792.0,128.0
111,中國醫藥大學,一般大學,09121020,國際生物醫學碩士學位學程,碩士班(日間),7.0,2.0
111,中國醫藥大學,一般大學,09121023,老化醫學博士學位學程,博士班,17.0,2.0
111,中國醫藥大學,一般大學,09121046,中西醫結合研究所,博士班,16.0,4.0
111,中國醫藥大學,一般大學,09121046,中西醫結合研究所,碩士班(日間),9.0,5.0
111,中國醫藥大學,一般大學,09121049,癌症生物與藥物研發博士學位學程,博士班,6.0,
111,中國醫藥大學,一般大學,09121049,癌症生物與藥物研發碩士學位學程,碩士班(日間),6.0,2.0
111,中國醫藥大學,一般大學,09121059,生醫科技產業博士學位學程,博士班,5.0,1.0
111,中國醫藥大學,一般大學,09121063,轉譯醫學暨新藥開發研究所,博士班,15.0,1.0
111,中國醫藥大學,一般大學,09121063,轉譯醫學暨新藥開發研究所,碩士班(日間),15.0,4.0
111,中國醫藥大學,一般大學,09131045,護理學系,學士班(日間),296.0,63.0
111,中國醫藥大學,一般大學,09131045,護理學系,碩士班(日間),42.0,15.0
111,中國醫藥大學,一般大學,09141017,醫學檢驗生物技術學系,學士班(日間),177.0,39.0
111,中國醫藥大學,一般大學,09141017,醫學檢驗生物技術學系,碩士班(日間),15.0,7.0
111,中國醫藥大學,一般大學,09141032,生物醫學影像暨放射科學學系,學士班(日間),232.0,55.0
111,中國醫藥大學,一般大學,09141032,生物醫學影像暨放射科學學系,碩士班(日間),16.0,9.0
111,中國醫藥大學,一般大學,09151010,物理治療學系,學士班(日間),247.0,53.0
111,中國醫藥大學,一般大學,09151010,物理治療學系復健科學碩士班,碩士班(日間),8.0,5.0
111,中國醫藥大學,一般大學,09159047,運動醫學系,學士班(日間),198.0,41.0
111,中國醫藥大學,一般大學,09159047,運動醫學系,碩士班(日間),10.0,3.0
111,中國醫藥大學,一般大學,09161034,藥學系,博士班,22.0,6.0
111,中國醫藥大學,一般大學,09161034,藥學系,學士班(日間),1214.0,210.0
111,中國醫藥大學,一般大學,09161034,藥學系,碩士班(日間),25.0,10.0
111,中國醫藥大學,一般大學,09161039,中國藥學暨中藥資源學系,博士班,15.0,2.0
111,中國醫藥大學,一般大學,09161039,中國藥學暨中藥資源學系,學士班(日間),135.0,29.0
111,中國醫藥大學,一般大學,09161039,中國藥學暨中藥資源學系,碩士班(日間),13.0,7.0
111,中國醫藥大學,一般大學,09161042,藥用化妝品學系,學士班(日間),191.0,43.0
111,中國醫藥大學,一般大學,09161042,藥用化妝品學系,碩士班(日間),23.0,8.0
111,中國醫藥大學,一般大學,09161050,製藥碩士學位學程,碩士班(日間),14.0,8.0
111,中國醫藥大學,一般大學,09161051,生技製藥產業博士學位學程,博士班,3.0,2.0
111,中國醫藥大學,一般大學,09171013,針灸研究所,博士班,12.0,2.0
111,中國醫藥大學,一般大學,09171013,針灸研究所,碩士班(日間),14.0,4.0
111,中國醫藥大學,一般大學,09171048,國際針灸碩士學位學程,碩士班(日間),5.0,3.0
111,中國醫藥大學,一般大學,09191026,公共衛生國際碩士學位學程,碩士班(日間),11.0,1.0
111,中國醫藥大學,一般大學,09191026,公共衛生學系,博士班,68.0,11.0
111,中國醫藥大學,一般大學,09191026,公共衛生學系,學士班(日間),226.0,57.0
111,中國醫藥大學,一般大學,09191026,公共衛生學系,碩士班(日間),36.0,14.0
111,中國醫藥大學,一般大學,09191056,公共衛生學院大一不分系,學士班(日間),146.0,
111,中國醫藥大學,一般大學,09199045,護理學系跨領域長期照護碩士在職專班,碩士在職專班,22.0,
111,中國醫藥大學,一般大學,09199053,食品暨藥物安全碩士學位學程,碩士班(日間),7.0,4.0
111,中國醫藥大學,一般大學,09199054,健康科技產業博士學位學程,博士班,11.0,1.0
111,中國醫藥大學,一般大學,09199065,健康照護學院健康照護科學博士班,博士班,3.0,
111,中國醫藥大學,一般大學,09211045,護理學系跨領域長期照護碩士在職專班,碩士在職專班,,6.0
111,中國醫藥大學,一般大學,10221038,職業安全與衛生學系,學士班(日間),139.0,29.0
111,中國醫藥大學,一般大學,10221038,職業安全與衛生學系,碩士在職專班,17.0,5.0
111,中國醫藥大學,一般大學,10221038,職業安全與衛生學系,碩士班(日間),13.0,9.0
111,中山醫學大學,一般大學,02311003,應用外國語言學系,學士班(日間),165.0,38.0
111,中山醫學大學,一般大學,03131004,心理學系,學士班(日間),217.0,45.0
111,中山醫學大學,一般大學,03131004,心理學系臨床心理學碩士班,碩士班(日間),81.0,27.0
111,中山醫學大學,一般大學,04133006,醫療產業科技管理學系,學士班(日間),185.0,39.0
111,中山醫學大學,一般大學,04133006,醫療產業科技管理學系,碩士班(日間),12.0,9.0
111,中山醫學大學,一般大學,05121012,生物醫學科學學系,學士班(日間),284.0,67.0
111,中山醫學大學,一般大學,05124012,生物醫學科學學系,碩士班(日間),12.0,5.0
111,中山醫學大學,一般大學,05191026,營養學系,博士班,19.0,3.0
111,中山醫學大學,一般大學,05191026,營養學系,學士班(日間),392.0,96.0
111,中山醫學大學,一般大學,05191026,營養學系,碩士班(日間),44.0,21.0
111,中山醫學大學,一般大學,05399015,醫學應用化學系,學士班(日間),183.0,35.0
111,中山醫學大學,一般大學,05399015,醫學應用化學系,碩士班(日間),8.0,4.0
111,中山醫學大學,一般大學,06131033,醫學資訊學系,學士班(日間),183.0,44.0
111,中山醫學大學,一般大學,06131033,醫學資訊學系,碩士班(日間),5.0,1.0
111,中山醫學大學,一般大學,09111038,牙醫學系,博士班,9.0,2.0
111,中山醫學大學,一般大學,09111038,牙醫學系,學士班(日間),481.0,78.0
111,中山醫學大學,一般大學,09111038,牙醫學系,碩士班(日間),19.0,6.0
111,中山醫學大學,一般大學,09111039,口腔科學研究所,博士班,9.0,1.0
111,中山醫學大學,一般大學,09111039,口腔科學研究所,碩士班(日間),17.0,8.0
111,中山醫學大學,一般大學,09121018,醫學研究所,博士班,113.0,31.0
111,中山醫學大學,一般大學,09121018,醫學研究所,碩士班(日間),88.0,35.0
111,中山醫學大學,一般大學,09121018,醫學系,學士班(日間),841.0,129.0
111,中山醫學大學,一般大學,09131028,護理學系,學士班(日間),372.0,96.0
111,中山醫學大學,一般大學,09131028,護理學系,碩士班(日間),57.0,12.0
111,中山醫學大學,一般大學,09131028,護理學系長期照護碩士在職專班,碩士在職專班,69.0,14.0
111,中山醫學大學,一般大學,09141030,醫學檢驗暨生物技術學系,學士班(日間),337.0,76.0
111,中山醫學大學,一般大學,09141030,醫學檢驗暨生物技術學系,碩士班(日間),11.0,6.0
111,中山醫學大學,一般大學,09141030,醫學科技學院醫學檢驗暨生物技術學系澳門境外碩士在職專班,碩士在職專班,1.0,1.0
111,中山醫學大學,一般大學,09141031,醫學影像暨放射科學系,學士班(日間),317.0,73.0
111,中山醫學大學,一般大學,09141031,醫學影像暨放射科學系,碩士班(日間),15.0,5.0
111,中山醫學大學,一般大學,09141032,視光學系,學士班(日間),234.0,56.0
111,中山醫學大學,一般大學,09141032,視光學系,學士班(進修),113.0,37.0
111,中山醫學大學,一般大學,09141032,視光學系,碩士班(日間),28.0,12.0
111,中山醫學大學,一般大學,09151022,物理治療學系,學士班(日間),229.0,60.0
111,中山醫學大學,一般大學,09151022,物理治療學系,碩士班(日間),9.0,2.0
111,中山醫學大學,一般大學,09152023,職能治療學系,學士班(日間),216.0,48.0
111,中山醫學大學,一般大學,09152023,職能治療學系,碩士班(日間),16.0,4.0
111,中山醫學大學,一般大學,09153024,語言治療與聽力學系,學士班(日間),403.0,98.0
111,中山醫學大學,一般大學,09153024,語言治療與聽力學系,碩士班(日間),44.0,7.0
111,中山醫學大學,一般大學,09191020,公共衛生學系,博士班,31.0,4.0
111,中山醫學大學,一般大學,09191020,公共衛生學系,學士班(日間),254.0,55.0
111,中山醫學大學,一般大學,09191020,公共衛生學系,碩士班(日間),21.0,13.0
111,中山醫學大學,一般大學,09199048,健康管理學院國際健康產業經營管理碩士在職專班,碩士在職專班,98.0,39.0
111,中山醫學大學,一般大學,09231045,醫學社會暨社會工作學系,學士班(日間),359.0,79.0
111,中山醫學大學,一般大學,09231045,醫學社會暨社會工作學系,碩士班(日間),29.0,6.0
111,中山醫學大學,一般大學,10131049,健康產業科技管理學系,學士班(日間),140.0,35.0
111,中山醫學大學,一般大學,10131049,健康產業科技管理學系,碩士班(日間),10.0,6.0
111,中山醫學大學,一般大學,10221021,職業安全衛生學系,學士班(日間),191.0,36.0
111,中山醫學大學,一般大學,10221021,職業安全衛生學系,碩士班(日間),11.0,7.0
111,中臺科技大學,技專校院,01111009,文教事業經營研究所,碩士在職專班,67.0,7.0
111,中臺科技大學,技專校院,01111009,文教事業經營研究所,碩士班(日間),24.0,3.0
111,中臺科技大學,技專校院,01121001,兒童教育暨事業經營系,學士班(日間),237.0,65.0
111,中臺科技大學,技專校院,01121001,兒童教育暨事業經營系,學士班(進修),382.0,134.0
111,中臺科技大學,技專校院,02311002,應用外語系,學士班(日間),118.0,57.0
111,中臺科技大學,技專校院,02311002,應用外語系,學士班(進修),19.0,9.0
111,中臺科技大學,技專校院,04131038,經營管理系,學士班(日間),102.0,29.0
111,中臺科技大學,技專校院,04131038,經營管理系,學士班(進修),34.0,6.0
111,中臺科技大學,技專校院,04133008,醫療暨健康產業管理系,學士班(日間),214.0,83.0
111,中臺科技大學,技專校院,04133008,醫療暨健康產業管理系,學士班(進修),61.0,15.0
111,中臺科技大學,技專校院,04133008,醫療暨健康產業管理系碩士在職專班,碩士在職專班,42.0,18.0
111,中臺科技大學,技專校院,04133008,醫療暨健康產業管理系碩士班,碩士班(日間),13.0,7.0
111,中臺科技大學,技專校院,04143004,行銷管理系,學士班(日間),239.0,76.0
111,中臺科技大學,技專校院,04143004,行銷管理系,學士班(進修),129.0,35.0
111,中臺科技大學,技專校院,06131012,資訊管理系,學士班(日間),195.0,75.0
111,中臺科技大學,技專校院,06131012,資訊管理系,學士班(進修),43.0,15.0
111,中臺科技大學,技專校院,06131037,人工智慧健康管理系,學士班(日間),43.0,
111,中臺科技大學,技專校院,06131037,人工智慧健康管理系,學士班(進修),36.0,
111,中臺科技大學,技專校院,07121013,環境與安全衛生工程系,學士班(日間),215.0,51.0
111,中臺科技大學,技專校院,07121013,環境與安全衛生工程系,學士班(進修),76.0,16.0
111,中臺科技大學,技專校院,07121013,環境與安全衛生工程系碩士班,碩士班(日間),17.0,4.0
111,中臺科技大學,技專校院,07211017,食品科技系,學士班(日間),415.0,110.0
111,中臺科技大學,技專校院,07211017,食品科技系,學士班(進修),195.0,55.0
111,中臺科技大學,技專校院,07211017,食品科技系_食品製造僑生專班,學士班(日間),46.0,
111,中臺科技大學,技專校院,07211017,食品科技系碩士班,碩士班(日間),7.0,5.0
111,中臺科技大學,技專校院,09111033,牙體技術暨材料系,學士班(日間),413.0,132.0
111,中臺科技大學,技專校院,09111033,牙體技術暨材料系碩士班,碩士班(日間),7.0,4.0
111,中臺科技大學,技專校院,09131020,護理系,學士班(日間),710.0,244.0
111,中臺科技大學,技專校院,09131020,護理系,學士班(進修),897.0,310.0
111,中臺科技大學,技專校院,09131020,護理系碩士在職專班,碩士在職專班,83.0,11.0
111,中臺科技大學,技專校院,09131020,護理系碩士班,碩士班(日間),26.0,4.0
111,中臺科技大學,技專校院,09141028,醫學檢驗生物技術系,學士班(日間),438.0,146.0
111,中臺科技大學,技專校院,09141028,醫學檢驗生物技術系碩士班,碩士班(日間),13.0,3.0
111,中臺科技大學,技專校院,09141029,醫學影像暨放射科學系,學士班(日間),512.0,113.0
111,中臺科技大學,技專校院,09141029,醫學影像暨放射科學系博士班,博士班,8.0,4.0
111,中臺科技大學,技專校院,09141029,醫學影像暨放射科學系碩士在職專班,碩士在職專班,10.0,6.0
111,中臺科技大學,技專校院,09141029,醫學影像暨放射科學系碩士班,碩士班(日間),12.0,9.0
111,中臺科技大學,技專校院,09141030,視光系,學士班(日間),248.0,67.0
111,中臺科技大學,技專校院,09141030,視光系,學士班(進修),141.0,50.0
111,中臺科技大學,技專校院,09211034,老人照顧科,二專(日間),,11.0
111,中臺科技大學,技專校院,09211034,老人照顧系,學士班(日間),182.0,60.0
111,中臺科技大學,技專校院,09211034,老人照顧系,學士班(進修),169.0,43.0
111,中臺科技大學,技專校院,09211034,老人照顧系_外國學生產學合作專班,二專(日間),14.0,
111,中臺科技大學,技專校院,09212024,長期照顧碩士在職學位學程,碩士在職專班,69.0,16.0
111,亞洲大學,一般大學,01121001,幼兒教育學系,學士班(日間),367.0,86.0
111,亞洲大學,一般大學,01121001,幼兒教育學系,碩士班(日間),14.0,1.0
111,亞洲大學,一般大學,02112006,視覺傳達設計學系,學士班(日間),371.0,90.0
111,亞洲大學,一般大學,02112006,視覺傳達設計學系,碩士班(日間),17.0,7.0
111,亞洲大學,一般大學,02112007,數位媒體設計學系,博士班,36.0,5.0
111,亞洲大學,一般大學,02112007,數位媒體設計學系,學士班(日間),406.0,85.0
111,亞洲大學,一般大學,02112007,數位媒體設計學系,碩士班(日間),23.0,8.0
111,亞洲大學,一般大學,02112058,創新產業博士學位學程,博士班,8.0,1.0
111,亞洲大學,一般大學,02122004,時尚設計學系,學士班(日間),311.0,66.0
111,亞洲大學,一般大學,02122005,創意設計學院不分系國際設計學士班,學士班(日間),16.0,10.0
111,亞洲大學,一般大學,02123011,創意商品設計學系,學士班(日間),345.0,95.0
111,亞洲大學,一般大學,02123011,創意商品設計學系,學士班(進修),67.0,12.0
111,亞洲大學,一般大學,02123011,創意商品設計學系,碩士班(日間),14.0,3.0
111,亞洲大學,一般大學,02124012,室內設計學系,學士班(日間),280.0,50.0
111,亞洲大學,一般大學,02124012,室內設計學系,碩士班(日間),7.0,
111,亞洲大學,一般大學,02311002,外國語文學系,學士班(日間),220.0,59.0
111,亞洲大學,一般大學,02311002,外國語文學系,碩士班(日間),24.0,10.0
111,亞洲大學,一般大學,03131013,心理學系,學士班(日間),485.0,105.0
111,亞洲大學,一般大學,03131013,心理學系,碩士在職專班,16.0,
111,亞洲大學,一般大學,03131013,心理學系,碩士班(日間),149.0,22.0
111,亞洲大學,一般大學,03213014,資訊傳播學系,學士班(日間),357.0,62.0
111,亞洲大學,一般大學,03213014,資訊傳播學系,碩士班(日間),12.0,1.0
111,亞洲大學,一般大學,04111015,會計與資訊學系,學士班(日間),246.0,73.0
111,亞洲大學,一般大學,04111015,會計與資訊學系,碩士班(日間),21.0,12.0
111,亞洲大學,一般大學,04121019,財務金融學系,學士班(日間),409.0,110.0
111,亞洲大學,一般大學,04121019,財務金融學系,碩士在職專班,14.0,11.0
111,亞洲大學,一般大學,04121019,財務金融學系,碩士班(日間),12.0,8.0
111,亞洲大學,一般大學,04121020,國際財務金融管理學士學位學程,學士班(日間),8.0,7.0
111,亞洲大學,一般大學,04131017,經營管理學系,學士班(日間),463.0,117.0
111,亞洲大學,一般大學,04131017,經營管理學系,學士班(進修),125.0,14.0
111,亞洲大學,一般大學,04131017,經營管理學系,碩士在職專班,122.0,85.0
111,亞洲大學,一般大學,04131017,經營管理學系,碩士班(日間),58.0,24.0
111,亞洲大學,一般大學,04131017,經營管理學系企業經濟與策略博士班,博士班,76.0,12.0
111,亞洲大學,一般大學,04131054,創新與創業管理碩士學位學程,碩士班(日間),2.0,1.0
111,亞洲大學,一般大學,04131055,EMBA高階經理碩士在職學位學程,碩士在職專班,11.0,
111,亞洲大學,一般大學,04131059,智慧健康先進管理技術博士學位學程,博士班,10.0,
111,亞洲大學,一般大學,04199018,新興產業策略與發展博士學位學程,博士班,10.0,2.0
111,亞洲大學,一般大學,04199026,管理學院進修學士學位學程,學士班(進修),86.0,38.0
111,亞洲大學,一般大學,04212027,財經法律學系,學士班(日間),355.0,85.0
111,亞洲大學,一般大學,04212027,財經法律學系,碩士班(日間),32.0,9.0
111,亞洲大學,一般大學,05191053,食品營養與保健生技學系,學士班(日間),380.0,79.0
111,亞洲大學,一般大學,05191053,食品營養與保健生技學系,學士班(進修),134.0,32.0
111,亞洲大學,一般大學,05191053,食品營養與保健生技學系,碩士在職專班,18.0,5.0
111,亞洲大學,一般大學,05191053,食品營養與保健生技學系,碩士班(日間),15.0,4.0
111,亞洲大學,一般大學,06111057,人工智慧博士學位學程,博士班,16.0,
111,亞洲大學,一般大學,06134033,行動商務與多媒體應用學系,學士班(日間),333.0,82.0
111,亞洲大學,一般大學,06134033,行動商務與多媒體應用學系,碩士班(日間),7.0,2.0
111,亞洲大學,一般大學,06134037,資訊工程學系,博士班,23.0,5.0
111,亞洲大學,一般大學,06134037,資訊工程學系,學士班(日間),481.0,106.0
111,亞洲大學,一般大學,06134037,資訊工程學系,碩士在職專班,25.0,11.0
111,亞洲大學,一般大學,06134037,資訊工程學系,碩士班(日間),29.0,8.0
111,亞洲大學,一般大學,07193029,生物資訊與醫學工程學系,博士班,18.0,1.0
111,亞洲大學,一般大學,07193029,生物資訊與醫學工程學系,學士班(日間),169.0,34.0
111,亞洲大學,一般大學,07193029,生物資訊與醫學工程學系,碩士在職專班,21.0,4.0
111,亞洲大學,一般大學,07193029,生物資訊與醫學工程學系,碩士班(日間),10.0,2.0
111,亞洲大學,一般大學,08411045,學士後獸醫學系,學士班(日間),169.0,37.0
111,亞洲大學,一般大學,09131046,護理學系,學士班(日間),460.0,98.0
111,亞洲大學,一般大學,09131046,護理學系,碩士在職專班,54.0,
111,亞洲大學,一般大學,09131046,護理學系,碩士班(日間),34.0,4.0
111,亞洲大學,一般大學,09131061,學士後護理學系,學士班(日間),122.0,31.0
111,亞洲大學,一般大學,09141047,視光學系,學士班(日間),359.0,73.0
111,亞洲大學,一般大學,09141060,醫學檢驗暨生物技術學系,學士班(日間),247.0,53.0
111,亞洲大學,一般大學,09141060,醫學檢驗暨生物技術學系,碩士班(日間),12.0,3.0
111,亞洲大學,一般大學,09151056,物理治療學系,學士班(日間),180.0,13.0
111,亞洲大學,一般大學,09152052,職能治療學系,學士班(日間),203.0,54.0
111,亞洲大學,一般大學,09153051,聽力暨語言治療學系,學士班(日間),205.0,49.0
111,亞洲大學,一般大學,09153051,聽力暨語言治療學系,碩士班(日間),15.0,
111,亞洲大學,一般大學,09191021,健康產業管理學系,博士班,33.0,7.0
111,亞洲大學,一般大學,09191021,健康產業管理學系,學士班(日間),365.0,89.0
111,亞洲大學,一般大學,09191021,健康產業管理學系,碩士在職專班,68.0,20.0
111,亞洲大學,一般大學,09191021,健康產業管理學系,碩士班(日間),34.0,8.0
111,亞洲大學,一般大學,09231048,社會工作學系,學士班(日間),395.0,94.0
111,亞洲大學,一般大學,09231048,社會工作學系,學士班(進修),141.0,36.0
111,亞洲大學,一般大學,09231048,社會工作學系,碩士班(日間),62.0,12.0
111,亞洲大學,一般大學,10151049,休閒與遊憩管理學系,學士班(日間),372.0,87.0
111,亞洲大學,一般大學,10151049,休閒與遊憩管理學系,碩士在職專班,71.0,36.0
111,亞洲大學,一般大學,10151049,休閒與遊憩管理學系,碩士班(日間),28.0,12.0
111,修平學校財團法人修平科技大學,技專校院,02112005,數位媒體設計系,學士班(日間),154.0,26.0
111,修平學校財團法人修平科技大學,技專校院,02311003,應用英語系,學士班(日間),61.0,24.0
111,修平學校財團法人修平科技大學,技專校院,02311003,應用英語系,學士班(進修),55.0,29.0
111,修平學校財團法人修平科技大學,技專校院,02311004,應用日語系,學士班(日間),249.0,52.0
111,修平學校財團法人修平科技大學,技專校院,02311004,應用日語系,學士班(進修),47.0,18.0
111,修平學校財團法人修平科技大學,技專校院,04131009,國際企業經營科,二專(進修),2.0,
111,修平學校財團法人修平科技大學,技專校院,04131030,企業經營管理系,學士班(日間),146.0,38.0
111,修平學校財團法人修平科技大學,技專校院,04131030,企業經營管理系,學士班(進修),168.0,53.0
111,修平學校財團法人修平科技大學,技專校院,04131030,企業經營管理系_現役軍人營區在職專班,學士班(進修),174.0,54.0
111,修平學校財團法人修平科技大學,技專校院,04132013,行銷與流通管理系,學士班(日間),140.0,53.0
111,修平學校財團法人修平科技大學,技專校院,04132013,行銷與流通管理系,學士班(進修),70.0,17.0
111,修平學校財團法人修平科技大學,技專校院,04199015,人力資源管理與發展系,學士班(日間),134.0,43.0
111,修平學校財團法人修平科技大學,技專校院,04199015,人力資源管理與發展系碩士班,碩士班(日間),53.0,17.0
111,修平學校財團法人修平科技大學,技專校院,06121018,資訊網路技術系,學士班(日間),79.0,31.0
111,修平學校財團法人修平科技大學,技專校院,06131017,資訊管理系,學士班(日間),158.0,41.0
111,修平學校財團法人修平科技大學,技專校院,06131017,資訊管理系,學士班(進修),93.0,25.0
111,修平學校財團法人修平科技大學,技專校院,07141019,電機工程系,學士班(日間),170.0,52.0
111,修平學校財團法人修平科技大學,技專校院,07141019,電機工程系,學士班(進修),228.0,54.0
111,修平學校財團法人修平科技大學,技專校院,07141019,電機工程系碩士班,碩士班(日間),18.0,5.0
111,修平學校財團法人修平科技大學,技專校院,07141020,電子工程系,學士班(日間),142.0,59.0
111,修平學校財團法人修平科技大學,技專校院,07141020,電子工程系,學士班(進修),51.0,12.0
111,修平學校財團法人修平科技大學,技專校院,07141020,電子工程系_國際學生產學合作專班,學士班(日間),32.0,
111,修平學校財團法人修平科技大學,技專校院,07151021,機械工程系,學士班(日間),630.0,163.0
111,修平學校財團法人修平科技大學,技專校院,07151021,機械工程系,學士班(進修),756.0,189.0
111,修平學校財團法人修平科技大學,技專校院,07151021,機械工程系(含精密機械與製造科技碩士班)_現役軍人營區在職專班,學士班(進修),38.0,22.0
111,修平學校財團法人修平科技大學,技專校院,07151021,機械工程系精密機械與製造科技碩士班,碩士班(日間),9.0,4.0
111,修平學校財團法人修平科技大學,技專校院,07191026,工業工程與管理系,學士班(日間),79.0,26.0
111,修平學校財團法人修平科技大學,技專校院,07191026,工業工程與管理系,學士班(進修),112.0,53.0
111,修平學校財團法人修平科技大學,技專校院,07191026,工業工程與管理系(含精實生產管理碩士班)_現役軍人營區在職專班,碩士在職專班,36.0,9.0
111,修平學校財團法人修平科技大學,技專校院,07191026,工業工程與管理系_國際學生產學合作專班,學士班(日間),92.0,
111,修平學校財團法人修平科技大學,技專校院,07191026,工業工程與管理系精實生產管理碩士在職專班,碩士在職專班,25.0,10.0
111,修平學校財團法人修平科技大學,技專校院,07191026,工業工程與管理系精實生產管理碩士班,碩士班(日間),10.0,1.0
111,修平學校財團法人修平科技大學,技專校院,10151029,觀光與遊憩管理系,學士班(日間),200.0,64.0
111,僑光科技大學,技專校院,02122004,生活創意設計系,學士班(日間),307.0,75.0
111,僑光科技大學,技專校院,02122004,生活創意設計系,學士班(進修),200.0,72.0
111,僑光科技大學,技專校院,02123005,電腦輔助工業設計系,學士班(日間),303.0,86.0
111,僑光科技大學,技專校院,02123005,電腦輔助工業設計系,學士班(進修),144.0,30.0
111,僑光科技大學,技專校院,02123005,電腦輔助工業設計系_精密機械生產製造與管理專班,學士班(進修),23.0,
111,僑光科技大學,技專校院,02311003,應用英語系,學士班(日間),253.0,93.0
111,僑光科技大學,技專校院,02311003,應用英語系,學士班(進修),146.0,40.0
111,僑光科技大學,技專校院,04121013,財務金融系,學士班(日間),433.0,106.0
111,僑光科技大學,技專校院,04121013,財務金融系,學士班(進修),154.0,33.0
111,僑光科技大學,技專校院,04121013,財務金融系碩士班,碩士班(日間),23.0,7.0
111,僑光科技大學,技專校院,04131009,企業管理系,學士班(日間),328.0,94.0
111,僑光科技大學,技專校院,04131009,企業管理系,學士班(進修),260.0,66.0
111,僑光科技大學,技專校院,04131009,企業管理系_工商管理,學士班(日間),18.0,18.0
111,僑光科技大學,技專校院,04131009,企業管理系碩士在職專班,碩士在職專班,33.0,11.0
111,僑光科技大學,技專校院,04131009,企業管理系碩士班,碩士班(日間),21.0,10.0
111,僑光科技大學,技專校院,04132016,行銷與流通管理系,學士班(日間),694.0,186.0
111,僑光科技大學,技專校院,04132016,行銷與流通管理系,學士班(進修),583.0,125.0
111,僑光科技大學,技專校院,04141011,國際貿易系,學士班(日間),345.0,107.0
111,僑光科技大學,技專校院,04141011,國際貿易系,學士班(進修),148.0,38.0
111,僑光科技大學,技專校院,04212018,財經法律系,學士班(日間),358.0,52.0
111,僑光科技大學,技專校院,04212018,財經法律系,學士班(進修),129.0,21.0
111,僑光科技大學,技專校院,06131019,資訊科技系,學士班(日間),377.0,92.0
111,僑光科技大學,技專校院,06131019,資訊科技系,學士班(進修),349.0,99.0
111,僑光科技大學,技專校院,06131019,資訊科技系_國際學生產學合作專班,學士班(日間),33.0,
111,僑光科技大學,技專校院,06131019,資訊科技系碩士班,碩士班(日間),10.0,
111,僑光科技大學,技專校院,06133021,多媒體與遊戲設計系,學士班(日間),378.0,102.0
111,僑光科技大學,技專校院,06133021,多媒體與遊戲設計系,學士班(進修),162.0,54.0
111,僑光科技大學,技專校院,07151028,機械與電腦輔助工程系,學士班(日間),40.0,
111,僑光科技大學,技專校院,07151028,機械與電腦輔助工程系,學士班(進修),45.0,
111,僑光科技大學,技專校院,10131024,餐飲管理系,學士班(日間),635.0,158.0
111,僑光科技大學,技專校院,10131024,餐飲管理系,學士班(進修),555.0,124.0
111,僑光科技大學,技專校院,10131025,旅館與會展管理系,學士班(日間),329.0,97.0
111,僑光科技大學,技專校院,10131025,旅館與會展管理系,學士班(進修),133.0,30.0
111,僑光科技大學,技專校院,10151026,觀光與休閒事業管理系,學士班(日間),440.0,117.0
111,僑光科技大學,技專校院,10151026,觀光與休閒事業管理系,學士班(進修),511.0,109.0
111,國立中興大學,一般大學,01111001,教師專業發展研究所,碩士班(日間),34.0,8.0
111,國立中興大學,一般大學,02221007,歷史學系,博士班,36.0,2.0
111,國立中興大學,一般大學,02221007,歷史學系,學士班(日間),258.0,53.0
111,國立中興大學,一般大學,02221007,歷史學系,碩士在職專班,14.0,1.0
111,國立中興大學,一般大學,02221007,歷史學系,碩士班(日間),42.0,7.0
111,國立中興大學,一般大學,02299109,數位人文與文創產業進修學士學位學程,學士班(進修),148.0,30.0
111,國立中興大學,一般大學,02311006,外國語文學系,學士班(日間),254.0,65.0
111,國立中興大學,一般大學,02311006,外國語文學系,學士班(進修),209.0,48.0
111,國立中興大學,一般大學,02311006,外國語文學系,碩士班(日間),28.0,6.0
111,國立中興大學,一般大學,02321003,台灣文學與跨國文化研究所,碩士在職專班,33.0,5.0
111,國立中興大學,一般大學,02321003,台灣文學與跨國文化研究所,碩士班(日間),37.0,7.0
111,國立中興大學,一般大學,02321004,台灣與跨文化研究國際博士學位學程,博士班,11.0,4.0
111,國立中興大學,一般大學,02321103,台灣人文創新學士學位學程,學士班(日間),44.0,
111,國立中興大學,一般大學,02322005,中國文學系,博士班,25.0,5.0
111,國立中興大學,一般大學,02322005,中國文學系,學士班(日間),212.0,54.0
111,國立中興大學,一般大學,02322005,中國文學系,學士班(進修),164.0,29.0
111,國立中興大學,一般大學,02322005,中國文學系,碩士在職專班,30.0,6.0
111,國立中興大學,一般大學,02322005,中國文學系,碩士班(日間),62.0,13.0
111,國立中興大學,一般大學,03111009,應用經濟學系,博士班,30.0,2.0
111,國立中興大學,一般大學,03111009,應用經濟學系,學士班(日間),218.0,65.0
111,國立中興大學,一般大學,03111009,應用經濟學系,碩士在職專班,32.0,13.0
111,國立中興大學,一般大學,03111009,應用經濟學系,碩士班(日間),30.0,10.0
111,國立中興大學,一般大學,03122010,國際政治研究所,博士班,32.0,3.0
111,國立中興大學,一般大學,03122010,國際政治研究所,碩士在職專班,65.0,16.0
111,國立中興大學,一般大學,03122010,國際政治研究所,碩士班(日間),47.0,14.0
111,國立中興大學,一般大學,03222013,圖書資訊學研究所,碩士班(日間),29.0,1.0
111,國立中興大學,一般大學,04111015,會計學系,學士班(日間),179.0,44.0
111,國立中興大學,一般大學,04111015,會計學系,碩士班(日間),45.0,20.0
111,國立中興大學,一般大學,04121019,財務金融學系,博士班,18.0,
111,國立中興大學,一般大學,04121019,財務金融學系,學士班(日間),229.0,63.0
111,國立中興大學,一般大學,04121019,財務金融學系,碩士班(日間),65.0,27.0
111,國立中興大學,一般大學,04131016,企業管理學系,博士班,36.0,1.0
111,國立中興大學,一般大學,04131016,企業管理學系,學士班(日間),251.0,67.0
111,國立中興大學,一般大學,04131016,企業管理學系,碩士班(日間),75.0,32.0
111,國立中興大學,一般大學,04131018,創新產業經營學士學位學程,學士班(進修),180.0,31.0
111,國立中興大學,一般大學,04131097,運動與健康管理研究所,碩士班(日間),20.0,2.0
111,國立中興大學,一般大學,04134011,國家政策與公共事務研究所,碩士在職專班,66.0,20.0
111,國立中興大學,一般大學,04134011,國家政策與公共事務研究所,碩士班(日間),21.0,6.0
111,國立中興大學,一般大學,04143020,行銷學系,學士班(日間),208.0,57.0
111,國立中興大學,一般大學,04143020,行銷學系,碩士班(日間),60.0,27.0
111,國立中興大學,一般大學,04199012,全球事務研究跨洲碩士學位學程,碩士班(日間),35.0,11.0
111,國立中興大學,一般大學,04199021,科技管理研究所,博士班,52.0,2.0
111,國立中興大學,一般大學,04199021,科技管理研究所智慧科技管理碩士在職專班,碩士在職專班,25.0,4.0
111,國立中興大學,一般大學,04199021,科技管理研究所科技管理碩士班,碩士班(日間),39.0,20.0
111,國立中興大學,一般大學,04199021,科技管理研究所電子商務碩士班,碩士班(日間),35.0,17.0
111,國立中興大學,一般大學,04199022,高階經理人碩士在職專班,碩士在職專班,256.0,110.0
111,國立中興大學,一般大學,04199022,高階經理人碩士在職專班兩岸台商組,碩士在職專班,14.0,3.0
111,國立中興大學,一般大學,04199022,高階經理人碩士在職專班越南台商組,碩士在職專班,19.0,5.0
111,國立中興大學,一般大學,04199022,高階經理人碩士在職專班越南農業管理境外專班,碩士在職專班,2.0,
111,國立中興大學,一般大學,04211023,法律學系,學士班(日間),186.0,47.0
111,國立中興大學,一般大學,04211023,法律學系,碩士在職專班,116.0,23.0
111,國立中興大學,一般大學,04211023,法律學系,碩士班(日間),80.0,13.0
111,國立中興大學,一般大學,05111026,生命科學碩士在職專班,碩士在職專班,40.0,5.0
111,國立中興大學,一般大學,05111026,生命科學系,博士班,36.0,2.0
111,國立中興大學,一般大學,05111026,生命科學系,學士班(日間),378.0,88.0
111,國立中興大學,一般大學,05111026,生命科學系,碩士班(日間),116.0,36.0
111,國立中興大學,一般大學,05111029,昆蟲學系,博士班,18.0,2.0
111,國立中興大學,一般大學,05111029,昆蟲學系,學士班(日間),205.0,39.0
111,國立中興大學,一般大學,05111029,昆蟲學系,碩士班(日間),40.0,17.0
111,國立中興大學,一般大學,05121027,生物科技學研究所,博士班,16.0,2.0
111,國立中興大學,一般大學,05121027,生物科技學研究所,碩士班(日間),55.0,24.0
111,國立中興大學,一般大學,05121031,生物科技學士學位學程,學士班(日間),133.0,31.0
111,國立中興大學,一般大學,05121033,分子生物學研究所,博士班,9.0,2.0
111,國立中興大學,一般大學,05121033,分子生物學研究所,碩士班(日間),49.0,17.0
111,國立中興大學,一般大學,05121035,生物醫學研究所,博士班,25.0,3.0
111,國立中興大學,一般大學,05121035,生物醫學研究所,碩士班(日間),33.0,12.0
111,國立中興大學,一般大學,05121037,基因體暨生物資訊學研究所,碩士班(日間),20.0,8.0
111,國立中興大學,一般大學,05121117,分子與生物農業科學國際研究生博士學位學程,博士班,44.0,5.0
111,國立中興大學,一般大學,05123034,生物化學研究所,博士班,7.0,
111,國立中興大學,一般大學,05123034,生物化學研究所,碩士班(日間),28.0,13.0
111,國立中興大學,一般大學,05124038,微生物基因體學博士學位學程,博士班,24.0,2.0
111,國立中興大學,一般大學,05292082,水土保持學系,博士班,27.0,5.0
111,國立中興大學,一般大學,05292082,水土保持學系,學士班(日間),229.0,50.0
111,國立中興大學,一般大學,05292082,水土保持學系,碩士在職專班,49.0,16.0
111,國立中興大學,一般大學,05292082,水土保持學系,碩士班(日間),55.0,27.0
111,國立中興大學,一般大學,05311039,化學系,博士班,15.0,4.0
111,國立中興大學,一般大學,05311039,化學系,學士班(日間),229.0,49.0
111,國立中興大學,一般大學,05311039,化學系,碩士班(日間),164.0,68.0
111,國立中興大學,一般大學,05331040,物理學系,博士班,12.0,3.0
111,國立中興大學,一般大學,05331040,物理學系,學士班(日間),243.0,57.0
111,國立中興大學,一般大學,05331040,物理學系,碩士班(日間),35.0,12.0
111,國立中興大學,一般大學,05331040,物理學系(奈米電子與光電能源)中科碩士在職專班,碩士在職專班,1.0,
111,國立中興大學,一般大學,05331040,物理學系生物物理學碩士班,碩士班(日間),2.0,
111,國立中興大學,一般大學,05331058,奈米科學研究所,碩士班(日間),55.0,31.0
111,國立中興大學,一般大學,05411041,應用數學系,博士班,16.0,1.0
111,國立中興大學,一般大學,05411041,應用數學系,學士班(日間),337.0,80.0
111,國立中興大學,一般大學,05411041,應用數學系,碩士班(日間),10.0,1.0
111,國立中興大學,一般大學,05411041,應用數學系大數據碩士在職專班,碩士在職專班,41.0,10.0
111,國立中興大學,一般大學,05411041,應用數學系計算科學碩士班,碩士班(日間),9.0,6.0
111,國立中興大學,一般大學,05421042,統計學研究所,碩士班(日間),40.0,20.0
111,國立中興大學,一般大學,05499101,大數據產學研發博士學位學程,博士班,5.0,
111,國立中興大學,一般大學,06131043,資訊管理學系,學士班(日間),136.0,33.0
111,國立中興大學,一般大學,06131043,資訊管理學系,碩士在職專班,91.0,36.0
111,國立中興大學,一般大學,06131043,資訊管理學系,碩士班(日間),116.0,52.0
111,國立中興大學,一般大學,06131106,資料科學與資訊計算研究所,碩士班(日間),29.0,10.0
111,國立中興大學,一般大學,06131108,資訊工程學系,博士班,35.0,7.0
111,國立中興大學,一般大學,06131108,資訊工程學系,學士班(日間),150.0,43.0
111,國立中興大學,一般大學,06131108,資訊工程學系,碩士在職專班,90.0,8.0
111,國立中興大學,一般大學,06131108,資訊工程學系,碩士班(日間),154.0,66.0
111,國立中興大學,一般大學,06132100,人工智慧與資料科學碩士在職學位學程,碩士在職專班,67.0,16.0
111,國立中興大學,一般大學,07111055,化學工程學系,博士班,5.0,
111,國立中興大學,一般大學,07111055,化學工程學系,學士班(日間),213.0,49.0
111,國立中興大學,一般大學,07111055,化學工程學系,碩士在職專班,55.0,9.0
111,國立中興大學,一般大學,07111055,化學工程學系,碩士班(日間),153.0,69.0
111,國立中興大學,一般大學,07112057,材料科學與工程學系,博士班,36.0,6.0
111,國立中興大學,一般大學,07112057,材料科學與工程學系,學士班(日間),233.0,52.0
111,國立中興大學,一般大學,07112057,材料科學與工程學系,碩士在職專班,104.0,17.0
111,國立中興大學,一般大學,07112057,材料科學與工程學系,碩士班(日間),130.0,55.0
111,國立中興大學,一般大學,07121059,環境工程學系,博士班,21.0,1.0
111,國立中興大學,一般大學,07121059,環境工程學系,學士班(日間),202.0,47.0
111,國立中興大學,一般大學,07121059,環境工程學系,碩士在職專班,89.0,19.0
111,國立中興大學,一般大學,07121059,環境工程學系,碩士班(日間),87.0,41.0
111,國立中興大學,一般大學,07141045,電機工程學系,博士班,34.0,2.0
111,國立中興大學,一般大學,07141045,電機工程學系,學士班(日間),323.0,94.0
111,國立中興大學,一般大學,07141045,電機工程學系,碩士在職專班,104.0,12.0
111,國立中興大學,一般大學,07141045,電機工程學系,碩士班(日間),255.0,98.0
111,國立中興大學,一般大學,07141046,光電工程研究所,碩士班(日間),32.0,11.0
111,國立中興大學,一般大學,07141049,通訊工程研究所,碩士班(日間),28.0,9.0
111,國立中興大學,一般大學,07141102,電機資訊學院學士班,學士班(日間),93.0,
111,國立中興大學,一般大學,07141105,電機控制產業碩士專班,碩士班(日間),4.0,
111,國立中興大學,一般大學,07141C02,光電半導體技術產業碩士專班,碩士班(日間),3.0,2.0
111,國立中興大學,一般大學,07151050,機械工程學系,博士班,14.0,
111,國立中興大學,一般大學,07151050,機械工程學系,學士班(日間),394.0,91.0
111,國立中興大學,一般大學,07151050,機械工程學系,碩士在職專班,94.0,10.0
111,國立中興大學,一般大學,07151050,機械工程學系,碩士班(日間),217.0,61.0
111,國立中興大學,一般大學,07151051,精密工程研究所,博士班,12.0,1.0
111,國立中興大學,一般大學,07151051,精密工程研究所,碩士在職專班,42.0,12.0
111,國立中興大學,一般大學,07151051,精密工程研究所,碩士班(日間),72.0,30.0
111,國立中興大學,一般大學,07151052,生物產業機電工程學系,博士班,18.0,2.0
111,國立中興大學,一般大學,07151052,生物產業機電工程學系,學士班(日間),234.0,56.0
111,國立中興大學,一般大學,07151052,生物產業機電工程學系,碩士班(日間),34.0,15.0
111,國立中興大學,一般大學,07193060,生醫工程研究所,博士班,10.0,
111,國立中興大學,一般大學,07193060,生醫工程研究所,碩士班(日間),33.0,13.0
111,國立中興大學,一般大學,07199107,智慧創意工程學士學位學程,學士班(日間),29.0,
111,國立中興大學,一般大學,07211081,食品暨應用生物科技學系,博士班,20.0,2.0
111,國立中興大學,一般大學,07211081,食品暨應用生物科技學系,學士班(日間),222.0,54.0
111,國立中興大學,一般大學,07211081,食品暨應用生物科技學系,碩士在職專班,56.0,14.0
111,國立中興大學,一般大學,07211081,食品暨應用生物科技學系,碩士班(日間),92.0,42.0
111,國立中興大學,一般大學,07211098,食品安全研究所,碩士班(日間),33.0,13.0
111,國立中興大學,一般大學,07312061,景觀與遊憩學士學位學程,學士班(日間),83.0,19.0
111,國立中興大學,一般大學,07312061,景觀與遊憩碩士學位學程,碩士班(日間),15.0,5.0
111,國立中興大學,一般大學,07321054,土木工程學系,博士班,25.0,7.0
111,國立中興大學,一般大學,07321054,土木工程學系,學士班(日間),373.0,71.0
111,國立中興大學,一般大學,07321054,土木工程學系,碩士在職專班,80.0,21.0
111,國立中興大學,一般大學,07321054,土木工程學系,碩士班(日間),122.0,51.0
111,國立中興大學,一般大學,08111063,農藝學系,博士班,11.0,1.0
111,國立中興大學,一般大學,08111063,農藝學系,學士班(日間),200.0,44.0
111,國立中興大學,一般大學,08111063,農藝學系,碩士班(日間),51.0,17.0
111,國立中興大學,一般大學,08111064,國際農學碩士學位學程,碩士班(日間),30.0,13.0
111,國立中興大學,一般大學,08112066,動物科學系,博士班,29.0,1.0
111,國立中興大學,一般大學,08112066,動物科學系,學士班(日間),210.0,51.0
111,國立中興大學,一般大學,08112066,動物科學系,碩士班(日間),67.0,22.0
111,國立中興大學,一般大學,08121067,園藝學系,博士班,29.0,1.0
111,國立中興大學,一般大學,08121067,園藝學系,學士班(日間),178.0,41.0
111,國立中興大學,一般大學,08121067,園藝學系,碩士班(日間),75.0,19.0
111,國立中興大學,一般大學,08191083,土壤環境科學系,博士班,16.0,4.0
111,國立中興大學,一般大學,08191083,土壤環境科學系,學士班(日間),179.0,43.0
111,國立中興大學,一般大學,08191083,土壤環境科學系,碩士班(日間),29.0,8.0
111,國立中興大學,一般大學,08193076,生物產業管理研究所,碩士班(日間),41.0,15.0
111,國立中興大學,一般大學,08193076,生物產業管理進修學士學位學程,學士班(進修),191.0,41.0
111,國立中興大學,一般大學,08193077,農業企業經營管理碩士在職專班,碩士在職專班,58.0,7.0
111,國立中興大學,一般大學,08193078,國際農企業學士學位學程,學士班(日間),96.0,28.0
111,國立中興大學,一般大學,08193079,農業經濟與行銷碩士學位學程,碩士班(日間),22.0,10.0
111,國立中興大學,一般大學,08194068,植物病理學系,博士班,18.0,9.0
111,國立中興大學,一般大學,08194068,植物病理學系,學士班(日間),199.0,52.0
111,國立中興大學,一般大學,08194068,植物病理學系,碩士班(日間),44.0,17.0
111,國立中興大學,一般大學,08194069,植物醫學暨安全農業碩士學位學程,碩士班(日間),25.0,9.0
111,國立中興大學,一般大學,08211086,森林學系,博士班,25.0,1.0
111,國立中興大學,一般大學,08211086,森林學系,學士班(日間),260.0,53.0
111,國立中興大學,一般大學,08211086,森林學系,碩士班(日間),74.0,29.0
111,國立中興大學,一般大學,08411087,獸醫學系,博士班,27.0,2.0
111,國立中興大學,一般大學,08411087,獸醫學系,學士班(日間),378.0,74.0
111,國立中興大學,一般大學,08411087,獸醫學系,碩士班(日間),74.0,33.0
111,國立中興大學,一般大學,08411089,獸醫病理生物學研究所,博士班,7.0,
111,國立中興大學,一般大學,08411089,獸醫病理生物學研究所,碩士班(日間),11.0,1.0
111,國立中興大學,一般大學,08411092,微生物暨公共衛生學研究所,博士班,9.0,
111,國立中興大學,一般大學,08411092,微生物暨公共衛生學研究所,碩士班(日間),21.0,9.0
111,國立中興大學,一般大學,09121093,轉譯醫學博士學位學程,博士班,34.0,
111,國立中興大學,一般大學,09121110,學士後醫學系,學士班(日間),23.0,
111,國立中興大學,一般大學,09141094,醫學生物科技博士學位學程,博士班,18.0,2.0
111,國立中興大學,一般大學,09199096,組織工程與再生醫學博士學位學程,博士班,22.0,1.0
111,國立勤益科技大學,技專校院,02299005,文化創意事業系,學士班(日間),215.0,50.0
111,國立勤益科技大學,技專校院,02299005,文化創意事業系碩士班,碩士班(日間),16.0,6.0
111,國立勤益科技大學,技專校院,02311001,應用英語系,學士班(日間),215.0,46.0
111,國立勤益科技大學,技專校院,02311001,應用英語系,學士班(進修),166.0,39.0
111,國立勤益科技大學,技專校院,04131002,企業管理系,學士班(日間),446.0,103.0
111,國立勤益科技大學,技專校院,04131002,企業管理系,學士班(進修),201.0,49.0
111,國立勤益科技大學,技專校院,04131002,企業管理系_智慧製造物流運籌專班,學士班(進修),56.0,
111,國立勤益科技大學,技專校院,04131002,企業管理系碩士在職專班,碩士在職專班,31.0,13.0
111,國立勤益科技大學,技專校院,04131002,企業管理系碩士班,碩士班(日間),44.0,23.0
111,國立勤益科技大學,技專校院,04132003,流通管理科,二專(進修),55.0,20.0
111,國立勤益科技大學,技專校院,04132003,流通管理系,學士班(日間),412.0,99.0
111,國立勤益科技大學,技專校院,04132003,流通管理系,學士班(進修),48.0,24.0
111,國立勤益科技大學,技專校院,04132003,流通管理系碩士在職專班,碩士在職專班,24.0,14.0
111,國立勤益科技大學,技專校院,04132003,流通管理系碩士班,碩士班(日間),22.0,10.0
111,國立勤益科技大學,技專校院,04199041,健康產業科技研發與管理系_雙軌旗艦工商管理專班,學士班(進修),,16.0
111,國立勤益科技大學,技專校院,06131010,資訊管理系,學士班(日間),404.0,84.0
111,國立勤益科技大學,技專校院,06131010,資訊管理系,學士班(進修),279.0,73.0
111,國立勤益科技大學,技專校院,06131010,資訊管理系_外國學生專班,學士班(日間),35.0,35.0
111,國立勤益科技大學,技專校院,06131010,資訊管理系_智慧產業研發與數據分析產業碩士專班,碩士班(日間),13.0,
111,國立勤益科技大學,技專校院,06131010,資訊管理系_智慧產業資訊應用專班,學士班(進修),12.0,
111,國立勤益科技大學,技專校院,06131010,資訊管理系_智慧製造與資訊應用專班,學士班(進修),9.0,9.0
111,國立勤益科技大學,技專校院,06131010,資訊管理系_研發管理與資訊應用產業碩士專班,碩士班(日間),43.0,21.0
111,國立勤益科技大學,技專校院,06131010,資訊管理系研發科技與資訊管理碩士在職專班,碩士在職專班,23.0,8.0
111,國立勤益科技大學,技專校院,06131010,資訊管理系碩士班,碩士班(日間),18.0,10.0
111,國立勤益科技大學,技專校院,06131013,資訊工程系,學士班(日間),648.0,124.0
111,國立勤益科技大學,技專校院,06131013,資訊工程系,學士班(進修),192.0,41.0
111,國立勤益科技大學,技專校院,06131013,資訊工程系_雙軌旗艦微科技職類,學士班(進修),13.0,10.0
111,國立勤益科技大學,技專校院,06131013,資訊工程系_雙軌旗艦微電子職類,學士班(進修),6.0,
111,國立勤益科技大學,技專校院,06131013,資訊工程系_電資研發產業碩士專班,碩士班(日間),42.0,9.0
111,國立勤益科技大學,技專校院,06131013,資訊工程系碩士在職專班,碩士在職專班,20.0,6.0
111,國立勤益科技大學,技專校院,06131013,資訊工程系碩士班,碩士班(日間),53.0,19.0
111,國立勤益科技大學,技專校院,06132039,人工智慧應用工程系,學士班(日間),51.0,
111,國立勤益科技大學,技專校院,07111020,化工與材料工程系,學士班(日間),604.0,116.0
111,國立勤益科技大學,技專校院,07111020,化工與材料工程系,學士班(進修),229.0,47.0
111,國立勤益科技大學,技專校院,07111020,化工與材料工程系_國際學生產學合作專班,學士班(日間),33.0,
111,國立勤益科技大學,技專校院,07111020,化工與材料工程系_紡織纖維科技專班,學士班(進修),1.0,2.0
111,國立勤益科技大學,技專校院,07111020,化工與材料工程系碩士在職專班,碩士在職專班,12.0,
111,國立勤益科技大學,技專校院,07111020,化工與材料工程系碩士班,碩士班(日間),42.0,13.0
111,國立勤益科技大學,技專校院,07132026,冷凍空調與能源系,學士班(日間),509.0,110.0
111,國立勤益科技大學,技專校院,07132026,冷凍空調與能源系,學士班(進修),340.0,97.0
111,國立勤益科技大學,技專校院,07132026,冷凍空調與能源系_冷凍空調能源產業專班,學士班(進修),72.0,
111,國立勤益科技大學,技專校院,07132026,冷凍空調與能源系_機械工程專班,學士班(日間),51.0,
111,國立勤益科技大學,技專校院,07132026,冷凍空調與能源系_綠能科技產業專班,學士班(進修),6.0,5.0
111,國立勤益科技大學,技專校院,07132026,冷凍空調與能源系碩士在職專班,碩士在職專班,32.0,9.0
111,國立勤益科技大學,技專校院,07132026,冷凍空調與能源系碩士班,碩士班(日間),64.0,27.0
111,國立勤益科技大學,技專校院,07141011,電機工程科,二專(進修),33.0,9.0
111,國立勤益科技大學,技專校院,07141011,電機工程系,學士班(日間),643.0,143.0
111,國立勤益科技大學,技專校院,07141011,電機工程系,學士班(進修),557.0,138.0
111,國立勤益科技大學,技專校院,07141011,電機工程系_機電控制產業碩士專班,碩士班(日間),1.0,1.0
111,國立勤益科技大學,技專校院,07141011,電機工程系_電機工程資電國際學生產學合作專班,學士班(日間),32.0,
111,國立勤益科技大學,技專校院,07141011,電機工程系碩士在職專班,碩士在職專班,37.0,11.0
111,國立勤益科技大學,技專校院,07141011,電機工程系碩士班,碩士班(日間),56.0,25.0
111,國立勤益科技大學,技專校院,07141012,電子工程科,二專(進修),32.0,16.0
111,國立勤益科技大學,技專校院,07141012,電子工程系,學士班(日間),653.0,154.0
111,國立勤益科技大學,技專校院,07141012,電子工程系,學士班(進修),351.0,79.0
111,國立勤益科技大學,技專校院,07141012,電子工程系碩士在職專班,碩士在職專班,21.0,4.0
111,國立勤益科技大學,技專校院,07141012,電子工程系碩士班,碩士班(日間),75.0,29.0
111,國立勤益科技大學,技專校院,07141037,前瞻電資科技研究所,博士班,15.0,
111,國立勤益科技大學,技專校院,07151016,機械工程科,二專(進修),59.0,20.0
111,國立勤益科技大學,技專校院,07151016,機械工程系,學士班(日間),702.0,167.0
111,國立勤益科技大學,技專校院,07151016,機械工程系,學士班(進修),581.0,125.0
111,國立勤益科技大學,技專校院,07151016,機械工程系_國際學生產學合作專班,學士班(日間),65.0,
111,國立勤益科技大學,技專校院,07151016,機械工程系_智慧機械應用專班,學士班(進修),100.0,
111,國立勤益科技大學,技專校院,07151016,機械工程系_水五金智慧製造專班,學士班(進修),18.0,
111,國立勤益科技大學,技專校院,07151016,機械工程系_雙軌旗艦機電整合職類,學士班(進修),131.0,24.0
111,國立勤益科技大學,技專校院,07151016,機械工程系碩士在職專班,碩士在職專班,42.0,5.0
111,國立勤益科技大學,技專校院,07151016,機械工程系碩士班,碩士班(日間),92.0,36.0
111,國立勤益科技大學,技專校院,07151034,智慧機械與智慧製造產業博士學位學程,博士班,13.0,1.0
111,國立勤益科技大學,技專校院,07151038,智慧自動化工程系,學士班(日間),50.0,
111,國立勤益科技大學,技專校院,07191022,工業工程與管理科,二專(進修),67.0,28.0
111,國立勤益科技大學,技專校院,07191022,工業工程與管理系,學士班(日間),794.0,164.0
111,國立勤益科技大學,技專校院,07191022,工業工程與管理系,學士班(進修),542.0,126.0
111,國立勤益科技大學,技專校院,07191022,工業工程與管理系_國際學生產學合作專班,學士班(日間),33.0,
111,國立勤益科技大學,技專校院,07191022,工業工程與管理系_智慧製造精實管理產業碩士專班,碩士班(日間),2.0,2.0
111,國立勤益科技大學,技專校院,07191022,工業工程與管理系_生產製造與管理專班,學士班(進修),2.0,1.0
111,國立勤益科技大學,技專校院,07191022,工業工程與管理系碩士在職專班,碩士在職專班,54.0,20.0
111,國立勤益科技大學,技專校院,07191022,工業工程與管理系碩士班,碩士班(日間),53.0,28.0
111,國立勤益科技大學,技專校院,07194024,精密製造科技研究所,博士班,24.0,2.0
111,國立勤益科技大學,技專校院,07199036,智慧製造與資訊應用國際碩士學位學程,碩士班(日間),,6.0
111,國立勤益科技大學,技專校院,07199036,智慧製造與資訊應用碩士學位學程,碩士班(日間),10.0,
111,國立勤益科技大學,技專校院,07312029,景觀科,二專(進修),48.0,19.0
111,國立勤益科技大學,技專校院,07312029,景觀系,學士班(日間),182.0,28.0
111,國立勤益科技大學,技專校院,07312029,景觀系碩士班,碩士班(日間),12.0,7.0
111,國立勤益科技大學,技專校院,10152032,休閒產業管理系,學士班(日間),198.0,44.0
111,國立勤益科技大學,技專校院,10152032,休閒產業管理系,學士班(進修),131.0,28.0
111,國立勤益科技大學,技專校院,10152032,休閒產業管理系_外國學生專班,學士班(日間),30.0,
111,國立勤益科技大學,技專校院,10152032,休閒產業管理系_雙軌旗艦工商管理職類,學士班(進修),53.0,
111,國立勤益科技大學,技專校院,10152032,休閒產業管理系碩士班,碩士班(日間),20.0,2.0
111,國立臺中教育大學,一般大學,01111001,教育學系,博士班,42.0,2.0
111,國立臺中教育大學,一般大學,01111001,教育學系,學士班(日間),168.0,40.0
111,國立臺中教育大學,一般大學,01111001,教育學系,碩士班(日間),29.0,4.0
111,國立臺中教育大學,一般大學,01111001,教育學系教育行政與管理碩士在職專班,碩士在職專班,57.0,8.0
111,國立臺中教育大學,一般大學,01111001,教育學系課程與教學碩士在職專班,碩士在職專班,67.0,11.0
111,國立臺中教育大學,一般大學,01111001,教育學系課程與教學碩士班,碩士班(日間),26.0,2.0
111,國立臺中教育大學,一般大學,01111005,教師專業碩士學位學程,碩士班(日間),120.0,36.0
111,國立臺中教育大學,一般大學,01113022,特殊教育學系,學士班(日間),185.0,46.0
111,國立臺中教育大學,一般大學,01113022,特殊教育學系,碩士在職專班,58.0,16.0
111,國立臺中教育大學,一般大學,01113022,特殊教育學系,碩士班(日間),43.0,9.0
111,國立臺中教育大學,一般大學,01114025,高等教育經營管理碩士學位學程,碩士班(日間),29.0,4.0
111,國立臺中教育大學,一般大學,01117028,教育資訊與測驗統計研究所,博士班,35.0,4.0
111,國立臺中教育大學,一般大學,01117028,教育資訊與測驗統計研究所,碩士在職專班,37.0,12.0
111,國立臺中教育大學,一般大學,01117028,教育資訊與測驗統計研究所,碩士班(日間),40.0,6.0
111,國立臺中教育大學,一般大學,01121021,幼兒教育學系,學士班(日間),200.0,46.0
111,國立臺中教育大學,一般大學,01121021,幼兒教育學系,碩士在職專班,53.0,15.0
111,國立臺中教育大學,一般大學,01121021,幼兒教育學系,碩士班(日間),34.0,7.0
111,國立臺中教育大學,一般大學,01121021,幼兒教育學系早期療育碩士在職專班,碩士在職專班,51.0,8.0
111,國立臺中教育大學,一般大學,01121021,幼兒教育學系早期療育碩士班,碩士班(日間),39.0,5.0
111,國立臺中教育大學,一般大學,01131006,語文教育學系,博士班,31.0,2.0
111,國立臺中教育大學,一般大學,01131006,語文教育學系,學士班(日間),180.0,40.0
111,國立臺中教育大學,一般大學,01131006,語文教育學系,碩士在職專班,26.0,8.0
111,國立臺中教育大學,一般大學,01131006,語文教育學系,碩士班(日間),32.0,5.0
111,國立臺中教育大學,一般大學,01131006,語文教育學系華語文教學碩士班,碩士班(日間),39.0,6.0
111,國立臺中教育大學,一般大學,01131008,科學教育與應用學系,學士班(日間),174.0,41.0
111,國立臺中教育大學,一般大學,01131008,科學教育與應用學系,碩士在職專班,40.0,6.0
111,國立臺中教育大學,一般大學,01131008,科學教育與應用學系,碩士班(日間),18.0,4.0
111,國立臺中教育大學,一般大學,01131008,科學教育與應用學系環境教育及管理碩士在職專班,碩士在職專班,29.0,5.0
111,國立臺中教育大學,一般大學,01131008,科學教育與應用學系環境教育及管理碩士班,碩士班(日間),27.0,9.0
111,國立臺中教育大學,一般大學,01131011,數學教育學系,學士班(日間),180.0,40.0
111,國立臺中教育大學,一般大學,01131011,數學教育學系,碩士在職專班,30.0,6.0
111,國立臺中教育大學,一般大學,01131011,數學教育學系,碩士班(日間),25.0,3.0
111,國立臺中教育大學,一般大學,01131019,體育學系,學士班(日間),202.0,35.0
111,國立臺中教育大學,一般大學,01131019,體育學系,碩士在職專班,58.0,14.0
111,國立臺中教育大學,一般大學,01131019,體育學系,碩士班(日間),34.0,7.0
111,國立臺中教育大學,一般大學,01131032,英語學系,碩士班(日間),20.0,
111,國立臺中教育大學,一般大學,02122034,文化創意產業設計與營運學系,學士班(日間),188.0,41.0
111,國立臺中教育大學,一般大學,02131029,美術學系,學士班(日間),183.0,42.0
111,國立臺中教育大學,一般大學,02131029,美術學系,碩士在職專班,80.0,14.0
111,國立臺中教育大學,一般大學,02131029,美術學系,碩士班(日間),47.0,9.0
111,國立臺中教育大學,一般大學,02151030,音樂學系,學士班(日間),155.0,37.0
111,國立臺中教育大學,一般大學,02151030,音樂學系,碩士班(日間),42.0,8.0
111,國立臺中教育大學,一般大學,02311032,英語學系,學士班(日間),168.0,44.0
111,國立臺中教育大學,一般大學,02311032,英語學系,碩士班(日間),,5.0
111,國立臺中教育大學,一般大學,02321031,臺灣語文學系,學士班(日間),186.0,35.0
111,國立臺中教育大學,一般大學,02321031,臺灣語文學系,碩士班(日間),18.0,2.0
111,國立臺中教育大學,一般大學,03131035,諮商與應用心理學系,學士班(日間),192.0,41.0
111,國立臺中教育大學,一般大學,03131035,諮商與應用心理學系,碩士在職專班,63.0,11.0
111,國立臺中教育大學,一般大學,03131035,諮商與應用心理學系,碩士班(日間),73.0,22.0
111,國立臺中教育大學,一般大學,03191037,區域與社會發展學系,學士班(日間),191.0,43.0
111,國立臺中教育大學,一般大學,03191037,區域與社會發展學系,碩士在職專班,54.0,12.0
111,國立臺中教育大學,一般大學,03191037,區域與社會發展學系,碩士班(日間),29.0,5.0
111,國立臺中教育大學,一般大學,04131034,文化創意產業設計與營運學系事業經營管理碩士班,碩士班(日間),34.0,14.0
111,國立臺中教育大學,一般大學,04131039,國際企業學系,學士班(日間),263.0,52.0
111,國立臺中教育大學,一般大學,04131040,管理學院國際經營管理碩士在職專班,碩士在職專班,40.0,15.0
111,國立臺中教育大學,一般大學,04131040,管理學院國際經營管理碩士學位學程,碩士班(日間),16.0,6.0
111,國立臺中教育大學,一般大學,06131042,資訊工程學系,學士班(日間),207.0,46.0
111,國立臺中教育大學,一般大學,06131042,資訊工程學系,碩士班(日間),45.0,13.0
111,國立臺中教育大學,一般大學,06133041,數位內容科技學系,學士班(日間),189.0,41.0
111,國立臺中教育大學,一般大學,06133041,數位內容科技學系,碩士在職專班,36.0,19.0
111,國立臺中教育大學,一般大學,06133041,數位內容科技學系,碩士班(日間),19.0,6.0
111,國立臺中教育大學,一般大學,10151045,永續觀光暨遊憩管理碩士學位學程,碩士班(日間),24.0,7.0
111,國立臺中科技大學,技專校院,02112005,多媒體設計系,學士班(日間),220.0,49.0
111,國立臺中科技大學,技專校院,02112005,多媒體設計系碩士班,碩士班(日間),35.0,16.0
111,國立臺中科技大學,技專校院,02122006,商業設計科,二專(進修),69.0,21.0
111,國立臺中科技大學,技專校院,02122006,商業設計系,學士班(日間),313.0,103.0
111,國立臺中科技大學,技專校院,02122006,商業設計系,學士班(進修),290.0,101.0
111,國立臺中科技大學,技專校院,02122006,商業設計系碩士在職專班,碩士在職專班,42.0,10.0
111,國立臺中科技大學,技專校院,02122006,商業設計系碩士班,碩士班(日間),39.0,14.0
111,國立臺中科技大學,技專校院,02123007,創意商品設計系,學士班(日間),76.0,38.0
111,國立臺中科技大學,技專校院,02123007,創意商品設計菁英班,五專,223.0,38.0
111,國立臺中科技大學,技專校院,02124008,室內設計系,學士班(日間),189.0,43.0
111,國立臺中科技大學,技專校院,02124008,室內設計系,學士班(進修),65.0,25.0
111,國立臺中科技大學,技專校院,02124008,室內設計系碩士班,碩士班(日間),27.0,4.0
111,國立臺中科技大學,技專校院,02311003,應用英語科,二專(進修),64.0,20.0
111,國立臺中科技大學,技專校院,02311003,應用英語科,五專,265.0,36.0
111,國立臺中科技大學,技專校院,02311003,應用英語系,學士班(日間),257.0,77.0
111,國立臺中科技大學,技專校院,02311003,應用英語系,學士班(進修),385.0,104.0
111,國立臺中科技大學,技專校院,02311004,應用日語科,二專(進修),128.0,38.0
111,國立臺中科技大學,技專校院,02311004,應用日語科,五專,266.0,42.0
111,國立臺中科技大學,技專校院,02311004,應用日語系,學士班(日間),261.0,53.0
111,國立臺中科技大學,技專校院,02311004,應用日語系,學士班(進修),145.0,76.0
111,國立臺中科技大學,技專校院,02311004,應用日語系日本市場暨商務策略碩士班,碩士班(日間),29.0,8.0
111,國立臺中科技大學,技專校院,02311049,語文學院_應用資訊日語技優領航專班,學士班(日間),27.0,
111,國立臺中科技大學,技專校院,02322001,應用中文系,學士班(日間),193.0,46.0
111,國立臺中科技大學,技專校院,02322001,應用中文系_多元敘事專才技優領航專班,學士班(日間),28.0,
111,國立臺中科技大學,技專校院,04111012,會計資訊科,五專,416.0,62.0
111,國立臺中科技大學,技專校院,04111012,會計資訊系,學士班(日間),437.0,119.0
111,國立臺中科技大學,技專校院,04111012,會計資訊系,學士班(進修),255.0,78.0
111,國立臺中科技大學,技專校院,04111012,會計資訊系碩士在職專班,碩士在職專班,29.0,13.0
111,國立臺中科技大學,技專校院,04111012,會計資訊系碩士班,碩士班(日間),24.0,11.0
111,國立臺中科技大學,技專校院,04121021,財務金融科,二專(進修),52.0,14.0
111,國立臺中科技大學,技專校院,04121021,財務金融系,學士班(日間),371.0,94.0
111,國立臺中科技大學,技專校院,04121021,財務金融系,學士班(進修),345.0,91.0
111,國立臺中科技大學,技專校院,04121021,財務金融系碩士在職專班,碩士在職專班,32.0,16.0
111,國立臺中科技大學,技專校院,04121021,財務金融系碩士班,碩士班(日間),31.0,11.0
111,國立臺中科技大學,技專校院,04122028,財政稅務系,學士班(日間),375.0,84.0
111,國立臺中科技大學,技專校院,04122028,財政稅務系租稅管理與理財規劃碩士班,碩士班(日間),22.0,12.0
111,國立臺中科技大學,技專校院,04123027,保險金融管理科,五專,435.0,65.0
111,國立臺中科技大學,技專校院,04123027,保險金融管理系,學士班(日間),434.0,115.0
111,國立臺中科技大學,技專校院,04123027,保險金融管理系,學士班(進修),85.0,46.0
111,國立臺中科技大學,技專校院,04123027,保險金融管理系碩士班,碩士班(日間),23.0,11.0
111,國立臺中科技大學,技專校院,04131015,企業管理科,五專,460.0,63.0
111,國立臺中科技大學,技專校院,04131015,企業管理系,學士班(日間),303.0,99.0
111,國立臺中科技大學,技專校院,04131015,企業管理系,學士班(進修),358.0,108.0
111,國立臺中科技大學,技專校院,04131015,企業管理系_智慧及創新營運技優領航專班,學士班(日間),48.0,
111,國立臺中科技大學,技專校院,04131015,企業管理系_經營管理專班,學士班(日間),2.0,1.0
111,國立臺中科技大學,技專校院,04131015,企業管理系碩士在職專班,碩士在職專班,54.0,25.0
111,國立臺中科技大學,技專校院,04131015,企業管理系碩士班,碩士班(日間),30.0,12.0
111,國立臺中科技大學,技專校院,04132029,流通管理系,學士班(日間),278.0,86.0
111,國立臺中科技大學,技專校院,04132029,流通管理系碩士在職專班,碩士在職專班,23.0,10.0
111,國立臺中科技大學,技專校院,04132029,流通管理系碩士班,碩士班(日間),26.0,12.0
111,國立臺中科技大學,技專校院,04141020,國際貿易與經營科,五專,251.0,43.0
111,國立臺中科技大學,技專校院,04141020,國際貿易與經營系,學士班(日間),459.0,137.0
111,國立臺中科技大學,技專校院,04141020,國際貿易與經營系,學士班(進修),443.0,117.0
111,國立臺中科技大學,技專校院,04191009,商業經營科,二專(進修),498.0,184.0
111,國立臺中科技大學,技專校院,04191009,商業經營系,學士班(日間),64.0,28.0
111,國立臺中科技大學,技專校院,04191009,商業經營系,學士班(進修),36.0,
111,國立臺中科技大學,技專校院,05421032,應用統計系,學士班(日間),170.0,40.0
111,國立臺中科技大學,技專校院,06131033,資訊管理科,二專(進修),75.0,24.0
111,國立臺中科技大學,技專校院,06131033,資訊管理科,五專,426.0,63.0
111,國立臺中科技大學,技專校院,06131033,資訊管理系,學士班(日間),385.0,126.0
111,國立臺中科技大學,技專校院,06131033,資訊管理系,學士班(進修),219.0,59.0
111,國立臺中科技大學,技專校院,06131033,資訊管理系_資訊應用菁英班,五專,1.0,
111,國立臺中科技大學,技專校院,06131033,資訊管理系_資訊管理系技優領航專班,學士班(日間),25.0,
111,國立臺中科技大學,技專校院,06131033,資訊管理系碩士在職專班,碩士在職專班,29.0,11.0
111,國立臺中科技大學,技專校院,06131033,資訊管理系碩士班,碩士班(日間),41.0,15.0
111,國立臺中科技大學,技專校院,06132043,人工智慧應用工程學士學位學程,學士班(日間),83.0,
111,國立臺中科技大學,技專校院,07141036,資訊工程科,五專,417.0,30.0
111,國立臺中科技大學,技專校院,07141036,資訊工程系,學士班(日間),373.0,55.0
111,國立臺中科技大學,技專校院,07141036,資訊工程系,學士班(進修),159.0,31.0
111,國立臺中科技大學,技專校院,07141036,資訊工程系_大數據分析與人工智慧產業碩士專班,碩士班(日間),10.0,4.0
111,國立臺中科技大學,技專校院,07141036,資訊工程系碩士在職專班,碩士在職專班,27.0,2.0
111,國立臺中科技大學,技專校院,07141036,資訊工程系碩士班,碩士班(日間),50.0,17.0
111,國立臺中科技大學,技專校院,07191044,智慧生產工程系,學士班(日間),99.0,
111,國立臺中科技大學,技專校院,07191044,智慧生產工程系_智慧生產工程系技優領航專班,學士班(日間),30.0,
111,國立臺中科技大學,技專校院,07191044,智慧生產工程系_雙軌訓練旗艦計畫,學士班(日間),21.0,
111,國立臺中科技大學,技專校院,09131037,護理科,五專,534.0,97.0
111,國立臺中科技大學,技專校院,09131037,護理系,學士班(日間),596.0,174.0
111,國立臺中科技大學,技專校院,09131037,護理系碩士在職專班,碩士在職專班,36.0,
111,國立臺中科技大學,技專校院,09131037,護理系碩士班,碩士班(日間),28.0,9.0
111,國立臺中科技大學,技專校院,09211038,老人服務事業管理系,學士班(日間),246.0,75.0
111,國立臺中科技大學,技專校院,09211038,老人服務事業管理系,學士班(進修),270.0,81.0
111,國立臺中科技大學,技專校院,10121040,美容科,二專(進修),121.0,34.0
111,國立臺中科技大學,技專校院,10121040,美容系,學士班(日間),274.0,85.0
111,國立臺中科技大學,技專校院,10121040,美容系,學士班(進修),213.0,63.0
111,國立臺中科技大學,技專校院,10121040,美容系_美容技優領航專班,學士班(日間),34.0,
111,國立臺中科技大學,技專校院,10121040,美容系碩士班,碩士班(日間),24.0,4.0
111,國立臺中科技大學,技專校院,10151039,休閒事業經營系,學士班(日間),188.0,47.0
111,國立臺中科技大學,技專校院,10151039,休閒事業經營系,學士班(進修),556.0,219.0
111,國立臺灣體育運動大學,一般大學,01141001,體育學系,學士班(日間),420.0,76.0
111,國立臺灣體育運動大學,一般大學,01141001,體育學系,學士班(進修),367.0,70.0
111,國立臺灣體育運動大學,一般大學,01141001,體育學系,碩士在職專班,27.0,4.0
111,國立臺灣體育運動大學,一般大學,01141001,體育學系,碩士班(日間),69.0,7.0
111,國立臺灣體育運動大學,一般大學,02112012,運動資訊與傳播學系,學士班(日間),196.0,40.0
111,國立臺灣體育運動大學,一般大學,02152002,舞蹈學系,學士班(日間),201.0,44.0
111,國立臺灣體育運動大學,一般大學,02152002,舞蹈學系,碩士班(日間),25.0,6.0
111,國立臺灣體育運動大學,一般大學,04199010,運動事業管理學系,學士班(日間),212.0,54.0
111,國立臺灣體育運動大學,一般大學,04199010,運動事業管理學系,碩士在職專班,26.0,3.0
111,國立臺灣體育運動大學,一般大學,04199010,運動事業管理學系,碩士班(日間),31.0,8.0
111,國立臺灣體育運動大學,一般大學,04199010,運動事業管理學系東南亞博士班,博士班,5.0,
111,國立臺灣體育運動大學,一般大學,10141003,競技運動學系,博士班,9.0,
111,國立臺灣體育運動大學,一般大學,10141003,競技運動學系,學士班(日間),216.0,42.0
111,國立臺灣體育運動大學,一般大學,10141003,競技運動學系,碩士在職專班,22.0,1.0
111,國立臺灣體育運動大學,一般大學,10141003,競技運動學系,碩士班(日間),69.0,20.0
111,國立臺灣體育運動大學,一般大學,10141004,球類運動學系,學士班(日間),463.0,86.0
111,國立臺灣體育運動大學,一般大學,10141005,技擊運動學系,學士班(日間),223.0,34.0
111,國立臺灣體育運動大學,一般大學,10142006,運動健康科學學系,學士班(日間),200.0,44.0
111,國立臺灣體育運動大學,一般大學,10142006,運動健康科學學系,碩士在職專班,4.0,
111,國立臺灣體育運動大學,一般大學,10142006,運動健康科學學系,碩士班(日間),34.0,8.0
111,國立臺灣體育運動大學,一般大學,10142006,運動健康科學學系碩士班在職學位學程,碩士在職專班,11.0,5.0
111,國立臺灣體育運動大學,一般大學,10152007,休閒運動學系,學士班(日間),220.0,40.0
111,國立臺灣體育運動大學,一般大學,10152007,休閒運動學系,碩士班(日間),45.0,5.0
111,國立臺灣體育運動大學,一般大學,10152008,休閒運動管理碩士在職學位學程,碩士在職專班,27.0,4.0
111,嶺東科技大學,技專校院,02112003,視覺傳達設計系,學士班(日間),679.0,151.0
111,嶺東科技大學,技專校院,02112003,視覺傳達設計系,學士班(進修),166.0,34.0
111,嶺東科技大學,技專校院,02112003,視覺傳達設計系,碩士在職專班,1.0,
111,嶺東科技大學,技專校院,02112003,視覺傳達設計系碩士班,碩士班(日間),16.0,3.0
111,嶺東科技大學,技專校院,02112005,數位媒體設計系,學士班(日間),660.0,137.0
111,嶺東科技大學,技專校院,02112005,數位媒體設計系,學士班(進修),182.0,42.0
111,嶺東科技大學,技專校院,02112005,數位媒體設計系碩士班,碩士班(日間),17.0,1.0
111,嶺東科技大學,技專校院,02122002,流行設計系,學士班(日間),379.0,86.0
111,嶺東科技大學,技專校院,02122002,流行設計系,學士班(進修),212.0,47.0
111,嶺東科技大學,技專校院,02122002,流行設計系碩士班,碩士班(日間),31.0,3.0
111,嶺東科技大學,技專校院,02123008,創意產品設計系,學士班(日間),396.0,95.0
111,嶺東科技大學,技專校院,02123008,創意產品設計系,學士班(進修),132.0,31.0
111,嶺東科技大學,技專校院,02123008,創意產品設計系碩士班,碩士班(日間),10.0,2.0
111,嶺東科技大學,技專校院,02125039,服飾設計系,學士班(日間),190.0,40.0
111,嶺東科技大學,技專校院,02125039,服飾設計系_智慧紡織服飾產學攜手合作專班,學士班(日間),37.0,
111,嶺東科技大學,技專校院,02311001,應用外語系,學士班(日間),462.0,101.0
111,嶺東科技大學,技專校院,02311001,應用外語系,學士班(進修),120.0,21.0
111,嶺東科技大學,技專校院,04111010,會計資訊系,學士班(日間),114.0,43.0
111,嶺東科技大學,技專校院,04111010,會計資訊系碩士班,碩士班(日間),12.0,2.0
111,嶺東科技大學,技專校院,04121017,財務金融系,學士班(日間),339.0,103.0
111,嶺東科技大學,技專校院,04121017,財務金融系,學士班(進修),146.0,23.0
111,嶺東科技大學,技專校院,04121017,財務金融系碩士在職專班,碩士在職專班,17.0,5.0
111,嶺東科技大學,技專校院,04121017,財務金融系碩士班,碩士班(日間),25.0,9.0
111,嶺東科技大學,技專校院,04131013,企業管理系,學士班(日間),366.0,95.0
111,嶺東科技大學,技專校院,04131013,企業管理系,學士班(進修),207.0,44.0
111,嶺東科技大學,技專校院,04131013,企業管理系_現役軍人營區在職專班,碩士在職專班,39.0,15.0
111,嶺東科技大學,技專校院,04131013,企業管理系碩士在職專班,碩士在職專班,20.0,3.0
111,嶺東科技大學,技專校院,04131013,企業管理系碩士班,碩士班(日間),10.0,3.0
111,嶺東科技大學,技專校院,04131013,企業管理系高階經營管理碩士在職專班(EMBA),碩士在職專班,64.0,28.0
111,嶺東科技大學,技專校院,04131015,國際企業系,學士班(進修),54.0,
111,嶺東科技大學,技專校院,04131015,國際企業系碩士在職專班,碩士在職專班,13.0,3.0
111,嶺東科技大學,技專校院,04131015,國際企業系碩士班,碩士班(日間),14.0,6.0
111,嶺東科技大學,技專校院,04141015,國際企業系,學士班(日間),517.0,136.0
111,嶺東科技大學,技專校院,04143024,行銷與流通管理系,學士班(日間),587.0,158.0
111,嶺東科技大學,技專校院,04143024,行銷與流通管理系,學士班(進修),199.0,45.0
111,嶺東科技大學,技專校院,04143024,行銷與流通管理系_雙軌訓練旗艦計畫,學士班(日間),4.0,
111,嶺東科技大學,技專校院,04143024,行銷與流通管理系碩士班,碩士班(日間),12.0,3.0
111,嶺東科技大學,技專校院,04199040,時尚經營系,學士班(日間),342.0,70.0
111,嶺東科技大學,技專校院,04199040,時尚經營系,學士班(進修),124.0,11.0
111,嶺東科技大學,技專校院,04212029,財經法律研究所,碩士班(日間),12.0,11.0
111,嶺東科技大學,技專校院,06121031,資訊管理系,學士班(日間),326.0,85.0
111,嶺東科技大學,技專校院,06131030,資訊科技系,學士班(日間),612.0,175.0
111,嶺東科技大學,技專校院,06131030,資訊科技系,學士班(進修),361.0,68.0
111,嶺東科技大學,技專校院,06131030,資訊科技系碩士班,碩士班(日間),30.0,5.0
111,嶺東科技大學,技專校院,06131031,資訊管理系碩士班,碩士班(日間),14.0,4.0
111,嶺東科技大學,技專校院,06132031,資訊管理系,學士班(進修),152.0,29.0
111,嶺東科技大學,技專校院,09221041,幼兒保育系,學士班(日間),78.0,
111,嶺東科技大學,技專校院,09221041,幼兒保育系,學士班(進修),45.0,
111,嶺東科技大學,技專校院,10151036,觀光與休閒管理系,學士班(日間),522.0,142.0
111,嶺東科技大學,技專校院,10151036,觀光與休閒管理系,學士班(進修),383.0,99.0
111,嶺東科技大學,技專校院,10151036,觀光與休閒管理系碩士班,碩士班(日間),16.0,5.0
111,弘光科技大學,技專校院,02122003,文化創意產業系,學士班(日間),247.0,63.0
111,弘光科技大學,技專校院,02122003,文化創意產業系,學士班(進修),101.0,28.0
111,弘光科技大學,技專校院,02311038,國際溝通英語系,學士班(日間),172.0,31.0
111,弘光科技大學,技專校院,02311038,國際溝通英語系,學士班(進修),118.0,23.0
111,弘光科技大學,技專校院,04133005,健康事業管理系,學士班(日間),311.0,78.0
111,弘光科技大學,技專校院,04133005,健康事業管理系,學士班(進修),172.0,42.0
111,弘光科技大學,技專校院,04133005,健康事業管理系碩士班,碩士班(日間),25.0,10.0
111,弘光科技大學,技專校院,05111007,動物保健學士學位學程,學士班(日間),181.0,48.0
111,弘光科技大學,技專校院,05111007,動物保健系,學士班(日間),58.0,
111,弘光科技大學,技專校院,05111007,動物保健系,學士班(進修),42.0,
111,弘光科技大學,技專校院,05121008,生物科技系,學士班(日間),60.0,33.0
111,弘光科技大學,技專校院,05121008,生物科技系,碩士班(日間),2.0,2.0
111,弘光科技大學,技專校院,05191023,營養系,學士班(日間),320.0,70.0
111,弘光科技大學,技專校院,05191023,營養系,學士班(進修),135.0,29.0
111,弘光科技大學,技專校院,05191023,營養系_香港二技專班,學士班(日間),4.0,3.0
111,弘光科技大學,技專校院,05191023,營養系碩士班,碩士班(日間),7.0,
111,弘光科技大學,技專校院,06131040,智慧科技應用系,學士班(日間),286.0,69.0
111,弘光科技大學,技專校院,06131040,智慧科技應用系,學士班(進修),135.0,25.0
111,弘光科技大學,技專校院,06131040,智慧科技應用系_海外青年技術訓練班,二專(日間),11.0,
111,弘光科技大學,技專校院,06133039,多媒體遊戲發展與應用系,學士班(日間),310.0,58.0
111,弘光科技大學,技專校院,06133039,多媒體遊戲發展與應用系,學士班(進修),218.0,30.0
111,弘光科技大學,技專校院,07121014,環境與安全衛生工程系,學士班(日間),434.0,107.0
111,弘光科技大學,技專校院,07121014,環境與安全衛生工程系,學士班(進修),307.0,71.0
111,弘光科技大學,技專校院,07121014,環境與安全衛生工程系碩士在職專班,碩士在職專班,20.0,7.0
111,弘光科技大學,技專校院,07121014,環境與安全衛生工程系碩士班,碩士班(日間),29.0,13.0
111,弘光科技大學,技專校院,07193015,生物醫學工程系,學士班(日間),255.0,65.0
111,弘光科技大學,技專校院,07211017,食品科技系,學士班(日間),522.0,115.0
111,弘光科技大學,技專校院,07211017,食品科技系,學士班(進修),409.0,91.0
111,弘光科技大學,技專校院,07211017,食品科技系碩士在職專班,碩士在職專班,13.0,7.0
111,弘光科技大學,技專校院,07211017,食品科技系碩士班,碩士班(日間),17.0,5.0
111,弘光科技大學,技專校院,09131025,學士後護理系,學士班(日間),119.0,37.0
111,弘光科技大學,技專校院,09131025,護理科,五專,266.0,50.0
111,弘光科技大學,技專校院,09131025,護理系,學士班(日間),1416.0,478.0
111,弘光科技大學,技專校院,09131025,護理系,學士班(進修),849.0,249.0
111,弘光科技大學,技專校院,09131025,護理系博士班,博士班,15.0,3.0
111,弘光科技大學,技專校院,09131025,護理系碩士在職專班,碩士在職專班,50.0,10.0
111,弘光科技大學,技專校院,09131025,護理系碩士班,碩士班(日間),48.0,7.0
111,弘光科技大學,技專校院,09151020,物理治療系,學士班(日間),440.0,97.0
111,弘光科技大學,技專校院,09153021,語言治療與聽力學系,學士班(日間),195.0,32.0
111,弘光科技大學,技專校院,09211037,老人福利與長期照顧事業系,學士班(日間),305.0,81.0
111,弘光科技大學,技專校院,09211037,老人福利與長期照顧事業系,學士班(進修),149.0,35.0
111,弘光科技大學,技專校院,09211037,老人福利與長期照顧事業系碩士班,碩士班(日間),25.0,11.0
111,弘光科技大學,技專校院,09221028,幼兒保育系,學士班(日間),346.0,93.0
111,弘光科技大學,技專校院,09221028,幼兒保育系,學士班(進修),207.0,57.0
111,弘光科技大學,技專校院,09221028,幼兒保育系_香港二技專班,學士班(日間),2.0,2.0
111,弘光科技大學,技專校院,10121031,化妝品應用科,二專(進修),49.0,15.0
111,弘光科技大學,技專校院,10121031,化妝品應用系,學士班(日間),434.0,106.0
111,弘光科技大學,技專校院,10121031,化妝品應用系,學士班(進修),250.0,83.0
111,弘光科技大學,技專校院,10121031,化妝品應用系_香港二技專班,學士班(日間),1.0,
111,弘光科技大學,技專校院,10121031,化妝品應用系碩士在職專班,碩士在職專班,19.0,5.0
111,弘光科技大學,技專校院,10121031,化妝品應用系碩士班,碩士班(日間),31.0,9.0
111,弘光科技大學,技專校院,10121034,美髮造型設計科,二專(進修),73.0,19.0
111,弘光科技大學,技專校院,10121034,美髮造型設計系,學士班(日間),383.0,73.0
111,弘光科技大學,技專校院,10121034,美髮造型設計系,學士班(進修),61.0,34.0
111,弘光科技大學,技專校院,10131029,餐旅管理系,學士班(日間),653.0,158.0
111,弘光科技大學,技專校院,10131029,餐旅管理系,學士班(進修),395.0,90.0
111,弘光科技大學,技專校院,10152030,運動休閒系,學士班(日間),228.0,47.0
111,弘光科技大學,技專校院,10152030,運動休閒系,學士班(進修),176.0,29.0
111,朝陽科技大學,技專校院,02112003,視覺傳達設計系,學士班(日間),538.0,129.0
111,朝陽科技大學,技專校院,02112003,視覺傳達設計系,學士班(進修),137.0,28.0
111,朝陽科技大學,技專校院,02112003,視覺傳達設計系_品牌協同設計與國際行銷產業碩士專班,碩士班(日間),1.0,
111,朝陽科技大學,技專校院,02112003,視覺傳達設計系_香港二技專班,學士班(日間),14.0,8.0
111,朝陽科技大學,技專校院,02112003,視覺傳達設計系碩士班,碩士班(日間),24.0,6.0
111,朝陽科技大學,技專校院,02122028,建築系建築及都市設計博士班,博士班,24.0,4.0
111,朝陽科技大學,技專校院,02123004,工業設計系,學士班(日間),465.0,112.0
111,朝陽科技大學,技專校院,02123004,工業設計系,學士班(進修),111.0,31.0
111,朝陽科技大學,技專校院,02123004,工業設計系,碩士在職專班,3.0,3.0
111,朝陽科技大學,技專校院,02123004,工業設計系_香港二技專班,學士班(日間),3.0,2.0
111,朝陽科技大學,技專校院,02123004,工業設計系碩士班,碩士班(日間),20.0,3.0
111,朝陽科技大學,技專校院,02311001,應用英語系,學士班(日間),471.0,104.0
111,朝陽科技大學,技專校院,02311001,應用英語系,學士班(進修),38.0,29.0
111,朝陽科技大學,技專校院,02311001,應用英語系碩士班,碩士班(日間),20.0,7.0
111,朝陽科技大學,技專校院,03211006,傳播藝術系,學士班(日間),486.0,130.0
111,朝陽科技大學,技專校院,03211006,傳播藝術系,學士班(進修),159.0,48.0
111,朝陽科技大學,技專校院,03211006,傳播藝術系_香港二技專班,學士班(日間),12.0,4.0
111,朝陽科技大學,技專校院,04111007,會計系,學士班(日間),517.0,138.0
111,朝陽科技大學,技專校院,04111007,會計系碩士班,碩士班(日間),13.0,11.0
111,朝陽科技大學,技專校院,04121010,財務金融系,學士班(日間),669.0,159.0
111,朝陽科技大學,技專校院,04121010,財務金融系碩士在職專班,碩士在職專班,23.0,10.0
111,朝陽科技大學,技專校院,04121010,財務金融系碩士班,碩士班(日間),18.0,12.0
111,朝陽科技大學,技專校院,04123011,保險金融管理系,學士班(日間),611.0,150.0
111,朝陽科技大學,技專校院,04123011,保險金融管理系碩士在職專班,碩士在職專班,36.0,12.0
111,朝陽科技大學,技專校院,04123011,保險金融管理系碩士班,碩士班(日間),20.0,17.0
111,朝陽科技大學,技專校院,04131008,企業管理系,學士班(日間),690.0,152.0
111,朝陽科技大學,技專校院,04131008,企業管理系,學士班(進修),152.0,40.0
111,朝陽科技大學,技專校院,04131008,企業管理系台灣產業策略發展博士班,博士班,42.0,9.0
111,朝陽科技大學,技專校院,04131008,企業管理系碩士在職專班,碩士在職專班,26.0,10.0
111,朝陽科技大學,技專校院,04131008,企業管理系碩士班,碩士班(日間),45.0,13.0
111,朝陽科技大學,技專校院,04131008,企業管理系高階產業經營碩士在職專班,碩士在職專班,27.0,14.0
111,朝陽科技大學,技專校院,04132012,行銷與流通管理系,學士班(日間),584.0,117.0
111,朝陽科技大學,技專校院,04132012,行銷與流通管理系,學士班(進修),235.0,86.0
111,朝陽科技大學,技專校院,04132012,行銷與流通管理系_國際學生產學合作專班,學士班(日間),55.0,
111,朝陽科技大學,技專校院,04132012,行銷與流通管理系_香港二技專班,學士班(日間),5.0,2.0
111,朝陽科技大學,技專校院,04132012,行銷與流通管理系碩士班,碩士班(日間),22.0,15.0
111,朝陽科技大學,技專校院,04199014,銀髮產業管理系,學士班(日間),378.0,
111,朝陽科技大學,技專校院,04199014,銀髮產業管理系碩士班,碩士班(日間),31.0,
111,朝陽科技大學,技專校院,05121017,應用化學系生化科技博士班,博士班,18.0,7.0
111,朝陽科技大學,技專校院,05311017,應用化學系,學士班(日間),228.0,58.0
111,朝陽科技大學,技專校院,05311017,應用化學系_國際學生產學合作專班,學士班(日間),49.0,3.0
111,朝陽科技大學,技專校院,05311017,應用化學系碩士在職專班,碩士在職專班,7.0,3.0
111,朝陽科技大學,技專校院,05311017,應用化學系碩士班,碩士班(日間),8.0,3.0
111,朝陽科技大學,技專校院,06111023,資訊與通訊系,學士班(日間),393.0,102.0
111,朝陽科技大學,技專校院,06111023,資訊與通訊系_香港二技專班,學士班(日間),1.0,
111,朝陽科技大學,技專校院,06131019,資訊管理系,學士班(日間),695.0,174.0
111,朝陽科技大學,技專校院,06131019,資訊管理系,學士班(進修),91.0,24.0
111,朝陽科技大學,技專校院,06131019,資訊管理系_香港二技專班,學士班(日間),1.0,
111,朝陽科技大學,技專校院,06131019,資訊管理系博士班,博士班,19.0,4.0
111,朝陽科技大學,技專校院,06131019,資訊管理系碩士在職專班,碩士在職專班,7.0,2.0
111,朝陽科技大學,技專校院,06131019,資訊管理系碩士班,碩士班(日間),36.0,10.0
111,朝陽科技大學,技專校院,06132023,資訊與通訊系碩士班,碩士班(日間),55.0,18.0
111,朝陽科技大學,技專校院,07121027,環境工程與管理系,學士班(日間),373.0,90.0
111,朝陽科技大學,技專校院,07121027,環境工程與管理系,碩士在職專班,5.0,1.0
111,朝陽科技大學,技專校院,07121027,環境工程與管理系碩士班,碩士班(日間),40.0,17.0
111,朝陽科技大學,技專校院,07141020,資訊工程系,學士班(日間),451.0,100.0
111,朝陽科技大學,技專校院,07141020,資訊工程系,學士班(進修),38.0,28.0
111,朝陽科技大學,技專校院,07141020,資訊工程系碩士在職專班,碩士在職專班,5.0,4.0
111,朝陽科技大學,技專校院,07141020,資訊工程系碩士班,碩士班(日間),40.0,17.0
111,朝陽科技大學,技專校院,07162039,航空機械系,學士班(日間),257.0,27.0
111,朝陽科技大學,技專校院,07191026,工業工程與管理系,學士班(日間),410.0,88.0
111,朝陽科技大學,技專校院,07191026,工業工程與管理系,學士班(進修),118.0,26.0
111,朝陽科技大學,技專校院,07191026,工業工程與管理系,碩士在職專班,5.0,1.0
111,朝陽科技大學,技專校院,07191026,工業工程與管理系_國際學生產學合作專班,學士班(日間),71.0,
111,朝陽科技大學,技專校院,07191026,工業工程與管理系碩士班,碩士班(日間),39.0,7.0
111,朝陽科技大學,技專校院,07311028,建築系,學士班(日間),467.0,100.0
111,朝陽科技大學,技專校院,07311028,建築系建築及都市設計碩士班,碩士班(日間),25.0,10.0
111,朝陽科技大學,技專校院,07312031,景觀及都市設計系,學士班(日間),345.0,71.0
111,朝陽科技大學,技專校院,07312031,景觀及都市設計系碩士班,碩士班(日間),18.0,1.0
111,朝陽科技大學,技專校院,07321025,營建工程系,學士班(日間),447.0,98.0
111,朝陽科技大學,技專校院,07321025,營建工程系,碩士在職專班,5.0,1.0
111,朝陽科技大學,技專校院,07321025,營建工程系博士班,博士班,9.0,
111,朝陽科技大學,技專校院,07321025,營建工程系碩士班,碩士班(日間),37.0,13.0
111,朝陽科技大學,技專校院,09211014,銀髮產業管理系,學士班(日間),,82.0
111,朝陽科技大學,技專校院,09211014,銀髮產業管理系碩士班,碩士班(日間),,5.0
111,朝陽科技大學,技專校院,09221035,幼兒保育系,學士班(日間),468.0,110.0
111,朝陽科技大學,技專校院,09221035,幼兒保育系,學士班(進修),152.0,35.0
111,朝陽科技大學,技專校院,09221035,幼兒保育系碩士在職專班,碩士在職專班,72.0,7.0
111,朝陽科技大學,技專校院,09221035,幼兒保育系碩士班,碩士班(日間),45.0,6.0
111,朝陽科技大學,技專校院,09231034,社會工作系,學士班(日間),399.0,95.0
111,朝陽科技大學,技專校院,09231034,社會工作系,學士班(進修),31.0,20.0
111,朝陽科技大學,技專校院,09231034,社會工作系碩士在職專班,碩士在職專班,21.0,3.0
111,朝陽科技大學,技專校院,09231034,社會工作系碩士班,碩士班(日間),23.0,8.0
111,朝陽科技大學,技專校院,10152036,休閒事業管理系,學士班(日間),426.0,107.0
111,朝陽科技大學,技專校院,10152036,休閒事業管理系,學士班(進修),378.0,102.0
111,朝陽科技大學,技專校院,10152036,休閒事業管理系_國際學生產學合作專班,學士班(日間),87.0,6.0
111,朝陽科技大學,技專校院,10152036,休閒事業管理系_香港二技專班,學士班(日間),3.0,1.0
111,朝陽科技大學,技專校院,10152036,休閒事業管理系碩士在職專班,碩士在職專班,34.0,13.0
111,朝陽科技大學,技專校院,10152036,休閒事業管理系碩士班,碩士班(日間),29.0,6.0
111,朝陽科技大學,技專校院,10413040,飛行與民航人員技術系,學士班(日間),105.0,
111,東海大學,一般大學,01111001,教育研究所,碩士在職專班,44.0,17.0
111,東海大學,一般大學,01111001,教育研究所,碩士班(日間),43.0,13.0
111,東海大學,一般大學,02123011,工業設計學系,學士班(日間),165.0,41.0
111,東海大學,一般大學,02123011,工業設計學系,碩士在職專班,16.0,2.0
111,東海大學,一般大學,02123011,工業設計學系,碩士班(日間),17.0,6.0
111,東海大學,一般大學,02131002,美術學系,學士班(日間),204.0,55.0
111,東海大學,一般大學,02131002,美術學系,學士班(進修),115.0,25.0
111,東海大學,一般大學,02131002,美術學系,碩士在職專班,75.0,7.0
111,東海大學,一般大學,02131002,美術學系,碩士班(日間),68.0,9.0
111,東海大學,一般大學,02151003,音樂學系,學士班(日間),162.0,34.0
111,東海大學,一般大學,02151003,音樂學系,碩士班(日間),68.0,23.0
111,東海大學,一般大學,02152058,表演藝術與創作碩士學位學程,碩士班(日間),17.0,5.0
111,東海大學,一般大學,02221009,歷史學系,學士班(日間),226.0,38.0
111,東海大學,一般大學,02221009,歷史學系,碩士班(日間),18.0,1.0
111,東海大學,一般大學,02231010,哲學系,博士班,18.0,
111,東海大學,一般大學,02231010,哲學系,學士班(日間),195.0,38.0
111,東海大學,一般大學,02231010,哲學系,碩士在職專班,20.0,
111,東海大學,一般大學,02231010,哲學系,碩士班(日間),18.0,2.0
111,東海大學,一般大學,02311005,外國語文學系,學士班(日間),392.0,100.0
111,東海大學,一般大學,02311005,外國語文學系,碩士班(日間),35.0,5.0
111,東海大學,一般大學,02311007,日本語言文化學系,學士班(日間),426.0,90.0
111,東海大學,一般大學,02311007,日本語言文化學系,碩士班(日間),21.0,3.0
111,東海大學,一般大學,02322004,中國文學系,博士班,22.0,
111,東海大學,一般大學,02322004,中國文學系,學士班(日間),394.0,85.0
111,東海大學,一般大學,02322004,中國文學系,碩士在職專班,2.0,1.0
111,東海大學,一般大學,02322004,中國文學系,碩士班(日間),37.0,2.0
111,東海大學,一般大學,02323062,華語文教學國際碩士學位學程,碩士班(日間),19.0,
111,東海大學,一般大學,03111012,經濟學系,學士班(日間),492.0,117.0
111,東海大學,一般大學,03111012,經濟學系,學士班(進修),1.0,
111,東海大學,一般大學,03111012,經濟學系,碩士班(日間),15.0,6.0
111,東海大學,一般大學,03121013,政治學系,博士班,35.0,1.0
111,東海大學,一般大學,03121013,政治學系,學士班(日間),386.0,103.0
111,東海大學,一般大學,03121013,政治學系,碩士班(日間),27.0,4.0
111,東海大學,一般大學,03141014,社會學系,博士班,32.0,1.0
111,東海大學,一般大學,03141014,社會學系,學士班(日間),377.0,100.0
111,東海大學,一般大學,03141014,社會學系,碩士班(日間),31.0,2.0
111,東海大學,一般大學,04111018,會計學系,學士班(日間),462.0,110.0
111,東海大學,一般大學,04111018,會計學系,碩士在職專班,2.0,1.0
111,東海大學,一般大學,04111018,會計學系,碩士班(日間),18.0,9.0
111,東海大學,一般大學,04121024,財務金融學系,學士班(日間),502.0,113.0
111,東海大學,一般大學,04121024,財務金融學系,碩士在職專班,1.0,
111,東海大學,一般大學,04121024,財務金融學系,碩士班(日間),39.0,19.0
111,東海大學,一般大學,04131019,企業管理學系,學士班(日間),683.0,150.0
111,東海大學,一般大學,04131019,企業管理學系,碩士班(日間),65.0,31.0
111,東海大學,一般大學,04131021,國際學院國際經營管理學位學程,學士班(日間),268.0,57.0
111,東海大學,一般大學,04131025,高階經營管理碩士在職專班,碩士在職專班,425.0,134.0
111,東海大學,一般大學,04131059,國際企業管理碩士學位學程,碩士班(日間),53.0,29.0
111,東海大學,一般大學,04133044,工業工程與經營資訊學系高階醫務工程與管理碩士在職專班,碩士在職專班,32.0,6.0
111,東海大學,一般大學,04134016,行政管理暨政策學系,學士班(日間),339.0,88.0
111,東海大學,一般大學,04134016,行政管理暨政策學系,碩士班(日間),13.0,2.0
111,東海大學,一般大學,04134016,行政管理暨政策學系第三部門碩士在職專班,碩士在職專班,5.0,1.0
111,東海大學,一般大學,04134017,公共事務碩士專班,碩士在職專班,49.0,14.0
111,東海大學,一般大學,04141023,國際經營與貿易學系,學士班(日間),636.0,163.0
111,東海大學,一般大學,04141023,國際經營與貿易學系,碩士班(日間),29.0,9.0
111,東海大學,一般大學,04211027,法律學系,博士班,20.0,
111,東海大學,一般大學,04211027,法律學系,學士班(日間),513.0,115.0
111,東海大學,一般大學,04211027,法律學系,學士班(進修),122.0,34.0
111,東海大學,一般大學,04211027,法律學系,碩士班(日間),145.0,14.0
111,東海大學,一般大學,05111028,生命科學系,博士班,16.0,
111,東海大學,一般大學,05111028,生命科學系,學士班(日間),336.0,74.0
111,東海大學,一般大學,05111028,生命科學系,碩士班(日間),13.0,5.0
111,東海大學,一般大學,05111061,生物多樣性國際研究生博士學位學程,博士班,4.0,
111,東海大學,一般大學,05123060,生醫暨材料科學國際博士學位學程,博士班,3.0,
111,東海大學,一般大學,05211065,永續科學與管理學士學位學程,學士班(日間),77.0,17.0
111,東海大學,一般大學,05311030,化學系,博士班,10.0,4.0
111,東海大學,一般大學,05311030,化學系,學士班(日間),353.0,83.0
111,東海大學,一般大學,05311030,化學系,碩士班(日間),27.0,13.0
111,東海大學,一般大學,05331032,應用物理學系,博士班,6.0,3.0
111,東海大學,一般大學,05331032,應用物理學系,學士班(日間),201.0,39.0
111,東海大學,一般大學,05331032,應用物理學系,碩士班(日間),13.0,6.0
111,東海大學,一般大學,05411034,應用數學系,學士班(日間),166.0,35.0
111,東海大學,一般大學,05411034,應用數學系,碩士班(日間),12.0,4.0
111,東海大學,一般大學,05421035,統計學系,博士班,3.0,
111,東海大學,一般大學,05421035,統計學系,學士班(日間),372.0,81.0
111,東海大學,一般大學,05421035,統計學系,碩士班(日間),10.0,5.0
111,東海大學,一般大學,06131039,資訊工程學系,學士班(日間),625.0,143.0
111,東海大學,一般大學,06131039,資訊工程學系,學士班(進修),17.0,9.0
111,東海大學,一般大學,06131039,資訊工程學系,碩士在職專班,22.0,7.0
111,東海大學,一般大學,06131039,資訊工程學系,碩士班(日間),51.0,13.0
111,東海大學,一般大學,06133047,數位創新碩士學位學程,碩士班(日間),32.0,4.0
111,東海大學,一般大學,06134036,資訊管理學系,學士班(日間),267.0,62.0
111,東海大學,一般大學,06134036,資訊管理學系,碩士班(日間),35.0,14.0
111,東海大學,一般大學,07111042,化學工程與材料工程學系,博士班,2.0,
111,東海大學,一般大學,07111042,化學工程與材料工程學系,學士班(日間),348.0,62.0
111,東海大學,一般大學,07111042,化學工程與材料工程學系,碩士班(日間),45.0,15.0
111,東海大學,一般大學,07121045,環境科學與工程學系,博士班,4.0,1.0
111,東海大學,一般大學,07121045,環境科學與工程學系,學士班(日間),311.0,71.0
111,東海大學,一般大學,07121045,環境科學與工程學系,碩士班(日間),27.0,9.0
111,東海大學,一般大學,07141037,電機工程學系,學士班(日間),367.0,84.0
111,東海大學,一般大學,07141037,電機工程學系,碩士班(日間),31.0,14.0
111,東海大學,一般大學,07191044,工業工程與經營資訊學系,博士班,29.0,3.0
111,東海大學,一般大學,07191044,工業工程與經營資訊學系,學士班(日間),383.0,92.0
111,東海大學,一般大學,07191044,工業工程與經營資訊學系,碩士班(日間),59.0,19.0
111,東海大學,一般大學,07211052,食品科學系,學士班(日間),354.0,87.0
111,東海大學,一般大學,07211052,食品科學系,碩士班(日間),40.0,15.0
111,東海大學,一般大學,07311048,建築學系,學士班(日間),181.0,22.0
111,東海大學,一般大學,07311048,建築學系,碩士班(日間),62.0,15.0
111,東海大學,一般大學,07312049,景觀學系,學士班(日間),198.0,49.0
111,東海大學,一般大學,07312049,景觀學系,碩士在職專班,31.0,3.0
111,東海大學,一般大學,07312049,景觀學系,碩士班(日間),24.0,4.0
111,東海大學,一般大學,08112051,畜產與生物科技學系,博士班,10.0,1.0
111,東海大學,一般大學,08112051,畜產與生物科技學系,學士班(日間),385.0,86.0
111,東海大學,一般大學,08112051,畜產與生物科技學系,碩士班(日間),13.0,6.0
111,東海大學,一般大學,09199063,高齡健康與運動科學學士學位學程,學士班(日間),112.0,
111,東海大學,一般大學,09231053,社會工作學系,博士班,26.0,5.0
111,東海大學,一般大學,09231053,社會工作學系,學士班(日間),472.0,108.0
111,東海大學,一般大學,09231053,社會工作學系,碩士班(日間),63.0,10.0
111,東海大學,一般大學,10131054,餐旅管理學系,學士班(日間),257.0,57.0
111,東海大學,一般大學,10131054,餐旅管理學系,碩士在職專班,36.0,2.0
111,東海大學,一般大學,10131054,餐旅管理學系,碩士班(日間),15.0,5.0
111,東海大學,一般大學,10152055,運動休閒與健康管理學位學程,學士班(進修),53.0,29.0
111,東海大學,一般大學,99999064,國際學院不分系英語學士班,學士班(日間),20.0,
111,逢甲大學,一般大學,02122006,創新設計學士學位學程,學士班(日間),3.0,3.0
111,逢甲大學,一般大學,02124007,室內設計進修學士班,學士班(進修),169.0,23.0
111,逢甲大學,一般大學,02221003,歷史與文物研究所,碩士班(日間),25.0,2.0
111,逢甲大學,一般大學,02299105,人文社會學士學位學程,學士班(日間),1.0,
111,逢甲大學,一般大學,02299113,文化與社會創新碩士學位學程,碩士班(日間),30.0,3.0
111,逢甲大學,一般大學,02311002,外國語文學系,學士班(日間),446.0,104.0
111,逢甲大學,一般大學,02311002,外國語文學系英語文研究碩士班,碩士班(日間),31.0,10.0
111,逢甲大學,一般大學,02322001,中國文學系,博士班,30.0,3.0
111,逢甲大學,一般大學,02322001,中國文學系,學士班(日間),228.0,46.0
111,逢甲大學,一般大學,02322001,中國文學系,碩士班(日間),22.0,1.0
111,逢甲大學,一般大學,03111009,經濟學系,博士班,3.0,1.0
111,逢甲大學,一般大學,03111009,經濟學系,學士班(日間),441.0,94.0
111,逢甲大學,一般大學,03111009,經濟學系,碩士班(日間),23.0,4.0
111,逢甲大學,一般大學,03111012,合作經濟暨社會事業經營學系,學士班(日間),235.0,48.0
111,逢甲大學,一般大學,03111012,合作經濟暨社會事業經營學系,碩士班(日間),19.0,9.0
111,逢甲大學,一般大學,04111017,會計學系,學士班(日間),754.0,182.0
111,逢甲大學,一般大學,04111017,會計學系,碩士班(日間),52.0,29.0
111,逢甲大學,一般大學,04121025,財務金融學系,學士班(日間),728.0,176.0
111,逢甲大學,一般大學,04121025,財務金融學系,碩士班(日間),43.0,22.0
111,逢甲大學,一般大學,04121026,金融博士學位學程,博士班,39.0,11.0
111,逢甲大學,一般大學,04121026,金融碩士在職學位學程,碩士在職專班,60.0,24.0
111,逢甲大學,一般大學,04121028,財務工程與精算學士學位學程,學士班(日間),207.0,52.0
111,逢甲大學,一般大學,04122032,財稅學系,學士班(日間),480.0,120.0
111,逢甲大學,一般大學,04122032,財稅學系,碩士班(日間),20.0,17.0
111,逢甲大學,一般大學,04123029,風險管理與保險學系,學士班(日間),417.0,98.0
111,逢甲大學,一般大學,04123029,風險管理與保險學系,碩士班(日間),29.0,12.0
111,逢甲大學,一般大學,04131019,企業管理學系,學士班(日間),559.0,116.0
111,逢甲大學,一般大學,04131019,企業管理學系,碩士班(日間),44.0,15.0
111,逢甲大學,一般大學,04131020,經營管理碩士在職學位學程,碩士在職專班,416.0,166.0
111,逢甲大學,一般大學,04131020,經營管理碩士在職專班,碩士在職專班,3.0,2.0
111,逢甲大學,一般大學,04131021,國際企業管理全英語學士學位學程,學士班(日間),127.0,
111,逢甲大學,一般大學,04134086,土地管理學系,學士班(日間),450.0,101.0
111,逢甲大學,一般大學,04134086,土地管理學系,碩士在職專班,2.0,
111,逢甲大學,一般大學,04134086,土地管理學系,碩士班(日間),36.0,7.0
111,逢甲大學,一般大學,04134097,公共事務與社會創新研究所,碩士在職專班,22.0,5.0
111,逢甲大學,一般大學,04134097,公共事務與社會創新研究所,碩士班(日間),12.0,2.0
111,逢甲大學,一般大學,04134097,公共事務與社會創新碩士在職學位學程,碩士在職專班,11.0,2.0
111,逢甲大學,一般大學,04141024,國際經營與貿易學系,學士班(日間),763.0,195.0
111,逢甲大學,一般大學,04141024,國際經營與貿易學系,碩士班(日間),64.0,24.0
111,逢甲大學,一般大學,04141024,國際經營與貿易學系國際企業管理全英語學士班,學士班(日間),126.0,69.0
111,逢甲大學,一般大學,04143033,行銷學系,學士班(日間),557.0,138.0
111,逢甲大學,一般大學,04143033,行銷學系全球行銷碩士班,碩士班(日間),36.0,15.0
111,逢甲大學,一般大學,04191014,商學博士學位學程,博士班,115.0,21.0
111,逢甲大學,一般大學,04191014,商學進修學士學位學程,學士班(進修),444.0,101.0
111,逢甲大學,一般大學,04191014,商學進修學士班,學士班(進修),2.0,1.0
111,逢甲大學,一般大學,04191014,澳洲昆士蘭大學商學雙學士學位學程,學士班(日間),13.0,
111,逢甲大學,一般大學,04191016,商學專業碩士在職學位學程,碩士在職專班,73.0,29.0
111,逢甲大學,一般大學,04199035,澳洲墨爾本皇家理工大學商學與創新雙學士學位學程,學士班(日間),109.0,15.0
111,逢甲大學,一般大學,04199037,專案管理碩士在職學位學程,碩士在職專班,77.0,24.0
111,逢甲大學,一般大學,04199037,建設學院專案管理碩士在職專班,碩士在職專班,2.0,
111,逢甲大學,一般大學,04199092,美國加州聖荷西州立大學商學大數據分析雙學士學位學程,學士班(日間),113.0,21.0
111,逢甲大學,一般大學,04199096,建設碩士在職學位學程,碩士在職專班,141.0,35.0
111,逢甲大學,一般大學,04212038,財經法律研究所,碩士在職專班,72.0,14.0
111,逢甲大學,一般大學,04212038,財經法律研究所,碩士班(日間),62.0,9.0
111,逢甲大學,一般大學,05411039,應用數學系,學士班(日間),386.0,91.0
111,逢甲大學,一般大學,05411039,應用數學系,碩士班(日間),4.0,1.0
111,逢甲大學,一般大學,05411114,數據科學碩士學位學程,碩士班(日間),27.0,12.0
111,逢甲大學,一般大學,05421040,統計學系,學士班(日間),423.0,96.0
111,逢甲大學,一般大學,05421040,統計學系應用統計博士班,博士班,1.0,1.0
111,逢甲大學,一般大學,05421040,統計學系統計與精算碩士班,碩士班(日間),34.0,16.0
111,逢甲大學,一般大學,06131048,美國加州舊金山州立大學資訊工程雙學士學位學程,學士班(日間),59.0,
111,逢甲大學,一般大學,06131048,資訊工程學系,博士班,28.0,3.0
111,逢甲大學,一般大學,06131048,資訊工程學系,學士班(日間),1010.0,221.0
111,逢甲大學,一般大學,06131048,資訊工程學系,碩士班(日間),126.0,40.0
111,逢甲大學,一般大學,06131055,智慧聯網產業博士學位學程,博士班,2.0,
111,逢甲大學,一般大學,06134115,人工智慧技術與應用學士學位學程,學士班(日間),105.0,
111,逢甲大學,一般大學,07111068,化學工程學系,博士班,8.0,
111,逢甲大學,一般大學,07111068,化學工程學系,學士班(日間),474.0,111.0
111,逢甲大學,一般大學,07111068,化學工程學系,碩士班(日間),80.0,40.0
111,逢甲大學,一般大學,07112069,材料科學與工程學系,博士班,8.0,1.0
111,逢甲大學,一般大學,07112069,材料科學與工程學系,學士班(日間),510.0,114.0
111,逢甲大學,一般大學,07112069,材料科學與工程學系,碩士班(日間),79.0,37.0
111,逢甲大學,一般大學,07121075,環境工程與科學學系,博士班,13.0,2.0
111,逢甲大學,一般大學,07121075,環境工程與科學學系,學士班(日間),416.0,89.0
111,逢甲大學,一般大學,07121075,環境工程與科學學系,碩士班(日間),53.0,21.0
111,逢甲大學,一般大學,07122077,水利工程與資源保育學系,學士班(日間),347.0,87.0
111,逢甲大學,一般大學,07122077,水利工程與資源保育學系,碩士班(日間),12.0,7.0
111,逢甲大學,一般大學,07132079,綠色能源科技碩士學位學程,碩士班(日間),21.0,3.0
111,逢甲大學,一般大學,07141044,電機工程學系,學士班(日間),573.0,144.0
111,逢甲大學,一般大學,07141044,電機工程學系,碩士班(日間),61.0,24.0
111,逢甲大學,一般大學,07141045,電機與通訊工程博士學位學程,博士班,36.0,6.0
111,逢甲大學,一般大學,07141046,電子工程學系,學士班(日間),617.0,118.0
111,逢甲大學,一般大學,07141046,電子工程學系,碩士班(日間),79.0,29.0
111,逢甲大學,一般大學,07141050,通訊工程學系,學士班(日間),508.0,94.0
111,逢甲大學,一般大學,07141050,通訊工程學系,碩士班(日間),57.0,21.0
111,逢甲大學,一般大學,07141052,自動控制工程學系,學士班(日間),534.0,123.0
111,逢甲大學,一般大學,07141052,自動控制工程學系,碩士班(日間),53.0,25.0
111,逢甲大學,一般大學,07141053,資訊電機工程碩士在職學位學程,碩士在職專班,96.0,18.0
111,逢甲大學,一般大學,07141053,資訊電機工程碩士在職專班,碩士在職專班,2.0,1.0
111,逢甲大學,一般大學,07141056,資訊電機學院學士班,學士班(日間),125.0,
111,逢甲大學,一般大學,07141095,美國普渡大學電機資訊雙學士學位學程,學士班(日間),82.0,15.0
111,逢甲大學,一般大學,07141099,視光科技碩士在職學位學程,碩士在職專班,1.0,
111,逢甲大學,一般大學,07141101,光電科學與工程學系,學士班(日間),458.0,97.0
111,逢甲大學,一般大學,07141101,光電科學與工程學系,碩士班(日間),41.0,21.0
111,逢甲大學,一般大學,07141107,美國加州聖荷西州立大學電機工程雙學士學位學程,學士班(日間),62.0,3.0
111,逢甲大學,一般大學,07141112,資通訊與電控產業碩士專班,碩士班(日間),2.0,
111,逢甲大學,一般大學,07151060,機械與航空工程博士學位學程,博士班,39.0,1.0
111,逢甲大學,一般大學,07151061,機械與電腦輔助工程學系,學士班(日間),522.0,150.0
111,逢甲大學,一般大學,07151061,機械與電腦輔助工程學系機械工程碩士在職專班,碩士在職專班,3.0,1.0
111,逢甲大學,一般大學,07151061,機械與電腦輔助工程學系機械工程碩士班,碩士班(日間),56.0,21.0
111,逢甲大學,一般大學,07151062,精密系統設計學士學位學程,學士班(日間),191.0,40.0
111,逢甲大學,一般大學,07151106,創新智慧製造與管理產業碩士專班,碩士班(日間),3.0,3.0
111,逢甲大學,一般大學,07162059,航太與系統工程學系,學士班(日間),479.0,126.0
111,逢甲大學,一般大學,07162059,航太與系統工程學系,碩士班(日間),55.0,24.0
111,逢甲大學,一般大學,07191072,工業工程與系統管理學系,博士班,14.0,
111,逢甲大學,一般大學,07191072,工業工程與系統管理學系,學士班(日間),420.0,98.0
111,逢甲大學,一般大學,07191072,工業工程與系統管理學系,碩士在職專班,4.0,
111,逢甲大學,一般大學,07191072,工業工程與系統管理學系,碩士班(日間),52.0,25.0
111,逢甲大學,一般大學,07192074,纖維與複合材料學系,博士班,14.0,2.0
111,逢甲大學,一般大學,07192074,纖維與複合材料學系,學士班(日間),284.0,78.0
111,逢甲大學,一般大學,07192074,纖維與複合材料學系,碩士在職專班,,1.0
111,逢甲大學,一般大學,07192074,纖維與複合材料學系,碩士班(日間),50.0,28.0
111,逢甲大學,一般大學,07193078,生醫資訊暨生醫工程碩士學位學程,碩士班(日間),15.0,1.0
111,逢甲大學,一般大學,07199080,電聲碩士學位學程,碩士班(日間),17.0,6.0
111,逢甲大學,一般大學,07199098,智能製造與工程管理碩士在職學位學程,碩士在職專班,162.0,29.0
111,逢甲大學,一般大學,07311007,室內設計學士學位學程,學士班(日間),50.0,10.0
111,逢甲大學,一般大學,07311081,建築學士學位學程,學士班(日間),339.0,96.0
111,逢甲大學,一般大學,07311081,建築碩士在職學位學程,碩士在職專班,5.0,1.0
111,逢甲大學,一般大學,07311081,建築碩士學位學程,碩士班(日間),60.0,17.0
111,逢甲大學,一般大學,07311083,建築專業學院學士班,學士班(日間),242.0,
111,逢甲大學,一般大學,07312084,景觀與遊憩碩士學位學程,碩士班(日間),1.0,
111,逢甲大學,一般大學,07313087,都市計畫與空間資訊學系,學士班(日間),402.0,96.0
111,逢甲大學,一般大學,07313087,都市計畫與空間資訊學系,碩士在職專班,4.0,1.0
111,逢甲大學,一般大學,07313087,都市計畫與空間資訊學系,碩士班(日間),31.0,11.0
111,逢甲大學,一般大學,07321063,土木工程學系,學士班(日間),434.0,111.0
111,逢甲大學,一般大學,07321063,土木工程學系,碩士班(日間),22.0,10.0
111,逢甲大學,一般大學,07321063,土木工程學系營建工程與管理進修學士班,學士班(進修),220.0,34.0
111,逢甲大學,一般大學,07399102,智慧城市碩士學位學程,碩士班(日間),11.0,7.0
111,逢甲大學,一般大學,07399116,建設規劃與工程博士學位學程,博士班,65.0,7.0
111,逢甲大學,一般大學,10411093,運輸與物流學系,學士班(日間),462.0,120.0
111,逢甲大學,一般大學,10411093,運輸與物流學系,碩士在職專班,,1.0
111,逢甲大學,一般大學,10411093,運輸與物流學系,碩士班(日間),44.0,18.0
111,逢甲大學,一般大學,99999094,全校國際生大一不分系學士班,學士班(日間),44.0,
111,逢甲大學,一般大學,99999108,國際雙學士學位學程,學士班(日間),26.0,8.0
111,靜宜大學,一般大學,01111001,教育研究所,碩士在職專班,68.0,4.0
111,靜宜大學,一般大學,01111001,教育研究所,碩士班(日間),44.0,6.0
111,靜宜大學,一般大學,02299040,原住民族文化碩士學位學程,碩士班(日間),19.0,5.0
111,靜宜大學,一般大學,02311004,英國語文學系,學士班(日間),442.0,125.0
111,靜宜大學,一般大學,02311004,英國語文學系,碩士班(日間),25.0,4.0
111,靜宜大學,一般大學,02311005,西班牙語文學系,學士班(日間),372.0,68.0
111,靜宜大學,一般大學,02311005,西班牙語文學系,碩士班(日間),33.0,6.0
111,靜宜大學,一般大學,02311006,日本語文學系,學士班(日間),585.0,112.0
111,靜宜大學,一般大學,02311006,日本語文學系,碩士班(日間),19.0,
111,靜宜大學,一般大學,02311007,寰宇外語教育學士學位學程,學士班(日間),134.0,30.0
111,靜宜大學,一般大學,02321002,台灣文學系,學士班(日間),221.0,41.0
111,靜宜大學,一般大學,02321002,台灣文學系,碩士班(日間),18.0,3.0
111,靜宜大學,一般大學,02322003,中國文學系,學士班(日間),395.0,79.0
111,靜宜大學,一般大學,02322003,中國文學系,碩士在職專班,3.0,1.0
111,靜宜大學,一般大學,02322003,中國文學系,碩士班(日間),19.0,
111,靜宜大學,一般大學,03141038,犯罪防治碩士學位學程,碩士班(日間),29.0,7.0
111,靜宜大學,一般大學,03141043,原住民族健康與社會福利博士學位學程,博士班,11.0,
111,靜宜大學,一般大學,03211008,大眾傳播學系,學士班(日間),281.0,66.0
111,靜宜大學,一般大學,04111011,會計學系,學士班(日間),619.0,152.0
111,靜宜大學,一般大學,04111011,會計學系,碩士班(日間),27.0,12.0
111,靜宜大學,一般大學,04121019,財務金融學系,學士班(日間),690.0,164.0
111,靜宜大學,一般大學,04121019,財務金融學系,碩士班(日間),22.0,12.0
111,靜宜大學,一般大學,04131010,寰宇管理碩士學位學程,碩士班(日間),74.0,23.0
111,靜宜大學,一般大學,04131012,企業管理學系,學士班(日間),645.0,135.0
111,靜宜大學,一般大學,04131012,企業管理學系,碩士班(日間),18.0,5.0
111,靜宜大學,一般大學,04131014,管理學院管理碩士在職專班柬埔寨境外專班,碩士在職專班,4.0,1.0
111,靜宜大學,一般大學,04131014,管理碩士在職專班,碩士在職專班,111.0,24.0
111,靜宜大學,一般大學,04131015,國際企業學系,學士班(日間),681.0,161.0
111,靜宜大學,一般大學,04131015,國際企業學系,碩士班(日間),17.0,10.0
111,靜宜大學,一般大學,04131018,創新與創業管理碩士學位學程,碩士班(日間),11.0,6.0
111,靜宜大學,一般大學,04191010,寰宇管理學士學位學程,學士班(日間),202.0,38.0
111,靜宜大學,一般大學,04211020,法律學士學位學程原住民專班,學士班(日間),26.0,4.0
111,靜宜大學,一般大學,04211020,法律學系,學士班(日間),514.0,128.0
111,靜宜大學,一般大學,04211020,法律學系,碩士在職專班,40.0,1.0
111,靜宜大學,一般大學,04211020,法律學系,碩士班(日間),30.0,
111,靜宜大學,一般大學,05191031,食品營養學系,博士班,26.0,3.0
111,靜宜大學,一般大學,05191031,食品營養學系,學士班(日間),397.0,101.0
111,靜宜大學,一般大學,05191031,食品營養學系,碩士班(日間),35.0,11.0
111,靜宜大學,一般大學,05211021,生態人文學系,碩士班(日間),1.0,
111,靜宜大學,一般大學,05212021,生態人文學系,學士班(日間),197.0,30.0
111,靜宜大學,一般大學,05311023,應用化學系,博士班,10.0,
111,靜宜大學,一般大學,05311023,應用化學系,學士班(日間),400.0,84.0
111,靜宜大學,一般大學,05311023,應用化學系,碩士班(日間),16.0,3.0
111,靜宜大學,一般大學,05499036,財務工程學系,學士班(日間),190.0,38.0
111,靜宜大學,一般大學,05499036,財務工程學系,碩士班(日間),18.0,6.0
111,靜宜大學,一般大學,05499037,資料科學暨大數據分析與應用學系,學士班(日間),363.0,71.0
111,靜宜大學,一般大學,06131027,資訊管理學系,學士班(日間),489.0,109.0
111,靜宜大學,一般大學,06131027,資訊管理學系,碩士班(日間),19.0,8.0
111,靜宜大學,一般大學,06132009,資訊傳播工程學系,學士班(日間),519.0,117.0
111,靜宜大學,一般大學,06132009,資訊傳播工程學系,碩士班(日間),11.0,3.0
111,靜宜大學,一般大學,06134028,資訊學院資訊應用與科技管理碩士在職專班,碩士在職專班,13.0,3.0
111,靜宜大學,一般大學,07141030,資訊工程學系,學士班(日間),512.0,92.0
111,靜宜大學,一般大學,07141030,資訊工程學系,碩士班(日間),17.0,5.0
111,靜宜大學,一般大學,07141042,國際資訊學士學位學程,學士班(日間),20.0,
111,靜宜大學,一般大學,09161035,化粧品科學系,博士班,12.0,
111,靜宜大學,一般大學,09161035,化粧品科學系,學士班(日間),452.0,111.0
111,靜宜大學,一般大學,09161035,化粧品科學系,碩士在職專班,27.0,4.0
111,靜宜大學,一般大學,09161035,化粧品科學系,碩士班(日間),33.0,9.0
111,靜宜大學,一般大學,09231032,社會工作與兒童少年福利學系,學士班(日間),534.0,132.0
111,靜宜大學,一般大學,09231032,社會工作與兒童少年福利學系,碩士在職專班,28.0,7.0
111,靜宜大學,一般大學,09231032,社會工作與兒童少年福利學系,碩士班(日間),40.0,12.0
111,靜宜大學,一般大學,09231041,健康照顧社會工作學士學位學程原住民專班,學士班(日間),68.0,7.0
111,靜宜大學,一般大學,09299039,社會企業與文化創意碩士學位學程,碩士班(日間),51.0,10.0
111,靜宜大學,一般大學,10151034,觀光事業學系,學士班(日間),694.0,170.0
111,靜宜大學,一般大學,10151034,觀光事業學系,碩士在職專班,40.0,5.0
111,靜宜大學,一般大學,10151034,觀光事業學系,碩士班(日間),25.0,6.0
112,中國醫藥大學,一般大學,04131058,科技管理碩士學位學程,碩士班(日間),,1.0
112,中國醫藥大學,一般大學,04133029,醫務管理學系,學士班(日間),69.0,19.0
112,中國醫藥大學,一般大學,04133029,醫務管理學系,碩士在職專班,35.0,15.0
112,中國醫藥大學,一般大學,04133029,醫務管理學系,碩士班(日間),35.0,19.0
112,中國醫藥大學,一般大學,04199058,科技管理碩士學位學程,碩士班(日間),2.0,
112,中國醫藥大學,一般大學,04212057,科技法律碩士學位學程,碩士班(日間),17.0,6.0
112,中國醫藥大學,一般大學,05111066,細胞生物學研究所,碩士班(日間),3.0,
112,中國醫藥大學,一般大學,05121043,生物科技學系,博士班,11.0,3.0
112,中國醫藥大學,一般大學,05121043,生物科技學系,學士班(日間),217.0,48.0
112,中國醫藥大學,一般大學,05121043,生物科技學系,碩士班(日間),11.0,3.0
112,中國醫藥大學,一般大學,05121043,生物科技產業博士學位學程,博士班,3.0,
112,中國醫藥大學,一般大學,05123064,生物化學暨分子生物研究所,碩士班(日間),5.0,3.0
112,中國醫藥大學,一般大學,05191021,營養學系,博士班,10.0,
112,中國醫藥大學,一般大學,05191021,營養學系,學士班(日間),300.0,62.0
112,中國醫藥大學,一般大學,05191021,營養學系,碩士班(日間),43.0,17.0
112,中國醫藥大學,一般大學,06131060,數位健康創新碩士學位學程,碩士班(日間),10.0,5.0
112,中國醫藥大學,一般大學,07193031,生物醫學工程學系,學士班(日間),77.0,
112,中國醫藥大學,一般大學,07193031,生物醫學工程碩士學位學程,碩士班(日間),12.0,3.0
112,中國醫藥大學,一般大學,07193055,醫學工程與復健科技產業博士學位學程,博士班,15.0,2.0
112,中國醫藥大學,一般大學,08411012,中獸醫碩士學位學程,碩士班(日間),1.0,1.0
112,中國醫藥大學,一般大學,09111019,牙醫學系,博士班,15.0,1.0
112,中國醫藥大學,一般大學,09111019,牙醫學系,學士班(日間),303.0,43.0
112,中國醫藥大學,一般大學,09111019,牙醫學系,碩士班(日間),10.0,4.0
112,中國醫藥大學,一般大學,09111019,牙醫學系口腔醫學產業碩士班,碩士班(日間),8.0,2.0
112,中國醫藥大學,一般大學,09121003,生物醫學研究所,博士班,124.0,16.0
112,中國醫藥大學,一般大學,09121003,生物醫學研究所,碩士班(日間),45.0,23.0
112,中國醫藥大學,一般大學,09121004,臨床醫學研究所,博士班,4.0,3.0
112,中國醫藥大學,一般大學,09121006,基礎醫學研究所,博士班,1.0,1.0
112,中國醫藥大學,一般大學,09121014,中醫學系,博士班,33.0,5.0
112,中國醫藥大學,一般大學,09121014,中醫學系,學士班(日間),838.0,108.0
112,中國醫藥大學,一般大學,09121014,中醫學系,碩士班(日間),15.0,8.0
112,中國醫藥大學,一般大學,09121014,中醫學系八年制,學士班(日間),1.0,
112,中國醫藥大學,一般大學,09121014,學士後中醫學系,學士班(日間),499.0,101.0
112,中國醫藥大學,一般大學,09121016,醫學系,學士班(日間),802.0,125.0
112,中國醫藥大學,一般大學,09121020,國際生物醫學碩士學位學程,碩士班(日間),6.0,4.0
112,中國醫藥大學,一般大學,09121023,老化醫學博士學位學程,博士班,17.0,1.0
112,中國醫藥大學,一般大學,09121046,中西醫結合研究所,博士班,15.0,2.0
112,中國醫藥大學,一般大學,09121046,中西醫結合研究所,碩士班(日間),11.0,4.0
112,中國醫藥大學,一般大學,09121049,癌症生物與藥物研發博士學位學程,博士班,6.0,2.0
112,中國醫藥大學,一般大學,09121049,癌症生物與藥物研發碩士學位學程,碩士班(日間),2.0,2.0
112,中國醫藥大學,一般大學,09121059,生醫科技產業博士學位學程,博士班,4.0,1.0
112,中國醫藥大學,一般大學,09121063,轉譯醫學暨新藥開發研究所,博士班,13.0,3.0
112,中國醫藥大學,一般大學,09121063,轉譯醫學暨新藥開發研究所,碩士班(日間),16.0,5.0
112,中國醫藥大學,一般大學,09131045,護理學系,學士班(日間),303.0,70.0
112,中國醫藥大學,一般大學,09131045,護理學系,碩士班(日間),38.0,9.0
112,中國醫藥大學,一般大學,09141017,醫學檢驗生物技術學系,學士班(日間),184.0,43.0
112,中國醫藥大學,一般大學,09141017,醫學檢驗生物技術學系,碩士班(日間),12.0,5.0
112,中國醫藥大學,一般大學,09141032,生物醫學影像暨放射科學學系,學士班(日間),224.0,57.0
112,中國醫藥大學,一般大學,09141032,生物醫學影像暨放射科學學系,碩士班(日間),11.0,9.0
112,中國醫藥大學,一般大學,09151010,物理治療學系,學士班(日間),255.0,66.0
112,中國醫藥大學,一般大學,09151010,物理治療學系復健科學碩士班,碩士班(日間),7.0,4.0
112,中國醫藥大學,一般大學,09159047,運動醫學系,學士班(日間),194.0,43.0
112,中國醫藥大學,一般大學,09159047,運動醫學系,碩士班(日間),10.0,4.0
112,中國醫藥大學,一般大學,09161034,藥學系,博士班,18.0,5.0
112,中國醫藥大學,一般大學,09161034,藥學系,學士班(日間),1232.0,228.0
112,中國醫藥大學,一般大學,09161034,藥學系,碩士班(日間),25.0,12.0
112,中國醫藥大學,一般大學,09161034,藥學系六年制,學士班(日間),35.0,
112,中國醫藥大學,一般大學,09161039,中國藥學暨中藥資源學系,博士班,18.0,
112,中國醫藥大學,一般大學,09161039,中國藥學暨中藥資源學系,學士班(日間),133.0,42.0
112,中國醫藥大學,一般大學,09161039,中國藥學暨中藥資源學系,碩士班(日間),11.0,5.0
112,中國醫藥大學,一般大學,09161042,藥用化妝品學系,學士班(日間),188.0,41.0
112,中國醫藥大學,一般大學,09161042,藥用化妝品學系,碩士班(日間),28.0,14.0
112,中國醫藥大學,一般大學,09161050,製藥碩士學位學程,碩士班(日間),11.0,5.0
112,中國醫藥大學,一般大學,09161051,生技製藥產業博士學位學程,博士班,1.0,
112,中國醫藥大學,一般大學,09171013,針灸研究所,博士班,20.0,3.0
112,中國醫藥大學,一般大學,09171013,針灸研究所,碩士班(日間),14.0,3.0
112,中國醫藥大學,一般大學,09171048,國際針灸碩士學位學程,碩士班(日間),5.0,2.0
112,中國醫藥大學,一般大學,09191026,公共衛生國際碩士學位學程,碩士班(日間),8.0,3.0
112,中國醫藥大學,一般大學,09191026,公共衛生學系,博士班,67.0,11.0
112,中國醫藥大學,一般大學,09191026,公共衛生學系,學士班(日間),207.0,66.0
112,中國醫藥大學,一般大學,09191026,公共衛生學系,碩士班(日間),41.0,18.0
112,中國醫藥大學,一般大學,09191056,公共衛生學院大一不分系,學士班(日間),136.0,
112,中國醫藥大學,一般大學,09199053,食品暨藥物安全碩士學位學程,碩士班(日間),8.0,2.0
112,中國醫藥大學,一般大學,09199054,健康科技產業博士學位學程,博士班,13.0,
112,中國醫藥大學,一般大學,09199065,健康照護學院健康照護科學博士班,博士班,8.0,
112,中國醫藥大學,一般大學,09211045,護理學系跨領域長期照護碩士在職專班,碩士在職專班,25.0,6.0
112,中國醫藥大學,一般大學,10221038,職業安全與衛生學系,學士班(日間),159.0,48.0
112,中國醫藥大學,一般大學,10221038,職業安全與衛生學系,碩士在職專班,21.0,7.0
112,中國醫藥大學,一般大學,10221038,職業安全與衛生學系,碩士班(日間),15.0,7.0
112,中山醫學大學,一般大學,02311003,應用外國語言學系,學士班(日間),181.0,37.0
112,中山醫學大學,一般大學,03131004,心理學系,學士班(日間),216.0,49.0
112,中山醫學大學,一般大學,03131004,心理學系臨床心理學碩士班,碩士班(日間),73.0,17.0
112,中山醫學大學,一般大學,04133006,醫療產業科技管理學系,學士班(日間),188.0,38.0
112,中山醫學大學,一般大學,04133006,醫療產業科技管理學系,碩士班(日間),9.0,4.0
112,中山醫學大學,一般大學,05121012,生物醫學科學學系,學士班(日間),309.0,61.0
112,中山醫學大學,一般大學,05124012,生物醫學科學學系,碩士班(日間),12.0,4.0
112,中山醫學大學,一般大學,05191026,營養學系,博士班,16.0,4.0
112,中山醫學大學,一般大學,05191026,營養學系,學士班(日間),387.0,84.0
112,中山醫學大學,一般大學,05191026,營養學系,碩士班(日間),43.0,18.0
112,中山醫學大學,一般大學,05399015,醫學應用化學系,學士班(日間),183.0,44.0
112,中山醫學大學,一般大學,05399015,醫學應用化學系,碩士班(日間),6.0,4.0
112,中山醫學大學,一般大學,06131033,醫學資訊學系,學士班(日間),168.0,33.0
112,中山醫學大學,一般大學,06131033,醫學資訊學系,碩士班(日間),7.0,3.0
112,中山醫學大學,一般大學,09111038,牙醫學系,博士班,9.0,3.0
112,中山醫學大學,一般大學,09111038,牙醫學系,學士班(日間),481.0,79.0
112,中山醫學大學,一般大學,09111038,牙醫學系,碩士班(日間),20.0,8.0
112,中山醫學大學,一般大學,09111039,口腔科學研究所,博士班,9.0,2.0
112,中山醫學大學,一般大學,09111039,口腔科學研究所,碩士班(日間),16.0,4.0
112,中山醫學大學,一般大學,09121018,醫學研究所,博士班,101.0,18.0
112,中山醫學大學,一般大學,09121018,醫學研究所,碩士在職專班,1.0,
112,中山醫學大學,一般大學,09121018,醫學研究所,碩士班(日間),93.0,41.0
112,中山醫學大學,一般大學,09121018,醫學系,學士班(日間),850.0,127.0
112,中山醫學大學,一般大學,09131028,護理學系,學士班(日間),422.0,102.0
112,中山醫學大學,一般大學,09131028,護理學系,碩士班(日間),69.0,13.0
112,中山醫學大學,一般大學,09131028,護理學系長期照護碩士在職專班,碩士在職專班,65.0,14.0
112,中山醫學大學,一般大學,09141030,醫學檢驗暨生物技術學系,學士班(日間),327.0,81.0
112,中山醫學大學,一般大學,09141030,醫學檢驗暨生物技術學系,碩士班(日間),10.0,7.0
112,中山醫學大學,一般大學,09141031,醫學影像暨放射科學系,學士班(日間),313.0,77.0
112,中山醫學大學,一般大學,09141031,醫學影像暨放射科學系,碩士班(日間),20.0,11.0
112,中山醫學大學,一般大學,09141032,視光學系,學士班(日間),236.0,56.0
112,中山醫學大學,一般大學,09141032,視光學系,學士班(進修),116.0,38.0
112,中山醫學大學,一般大學,09141032,視光學系,碩士班(日間),31.0,14.0
112,中山醫學大學,一般大學,09151022,物理治療學系,學士班(日間),226.0,57.0
112,中山醫學大學,一般大學,09151022,物理治療學系,碩士班(日間),7.0,
112,中山醫學大學,一般大學,09152023,職能治療學系,學士班(日間),204.0,51.0
112,中山醫學大學,一般大學,09152023,職能治療學系,碩士班(日間),16.0,3.0
112,中山醫學大學,一般大學,09153024,語言治療與聽力學系,學士班(日間),377.0,89.0
112,中山醫學大學,一般大學,09153024,語言治療與聽力學系,碩士班(日間),49.0,12.0
112,中山醫學大學,一般大學,09191020,公共衛生學系,博士班,30.0,4.0
112,中山醫學大學,一般大學,09191020,公共衛生學系,學士班(日間),286.0,58.0
112,中山醫學大學,一般大學,09191020,公共衛生學系,碩士班(日間),23.0,15.0
112,中山醫學大學,一般大學,09199048,健康管理學院國際健康產業經營管理碩士在職專班,碩士在職專班,84.0,34.0
112,中山醫學大學,一般大學,09231045,醫學社會暨社會工作學系,學士班(日間),387.0,92.0
112,中山醫學大學,一般大學,09231045,醫學社會暨社會工作學系,碩士班(日間),24.0,7.0
112,中山醫學大學,一般大學,10131049,健康產業科技管理學系,學士班(日間),146.0,23.0
112,中山醫學大學,一般大學,10131049,健康產業科技管理學系,碩士班(日間),10.0,6.0
112,中山醫學大學,一般大學,10221021,職業安全衛生學系,學士班(日間),216.0,40.0
112,中山醫學大學,一般大學,10221021,職業安全衛生學系,碩士在職專班,1.0,
112,中山醫學大學,一般大學,10221021,職業安全衛生學系,碩士班(日間),12.0,7.0
112,中臺科技大學,技專校院,01111009,文教事業經營研究所,碩士在職專班,83.0,8.0
112,中臺科技大學,技專校院,01111009,文教事業經營研究所,碩士班(日間),29.0,6.0
112,中臺科技大學,技專校院,01121001,兒童教育暨事業經營系,學士班(日間),208.0,39.0
112,中臺科技大學,技專校院,01121001,兒童教育暨事業經營系,學士班(進修),390.0,160.0
112,中臺科技大學,技專校院,01121001,兒童教育暨事業經營系_學士後學位學程教保員專班,學士班(進修),48.0,
112,中臺科技大學,技專校院,02311002,應用外語系,學士班(日間),52.0,34.0
112,中臺科技大學,技專校院,02311002,應用外語系,學士班(進修),7.0,5.0
112,中臺科技大學,技專校院,04131038,經營管理系,學士班(日間),93.0,14.0
112,中臺科技大學,技專校院,04131038,經營管理系,學士班(進修),48.0,1.0
112,中臺科技大學,技專校院,04133008,醫療暨健康產業管理系,學士班(日間),151.0,
112,中臺科技大學,技專校院,04133008,醫療暨健康產業管理系,學士班(進修),51.0,
112,中臺科技大學,技專校院,04133008,醫療暨健康產業管理系碩士在職專班,碩士在職專班,37.0,
112,中臺科技大學,技專校院,04133008,醫療暨健康產業管理系碩士班,碩士班(日間),11.0,
112,中臺科技大學,技專校院,04143004,行銷管理系,學士班(日間),203.0,39.0
112,中臺科技大學,技專校院,04143004,行銷管理系,學士班(進修),98.0,24.0
112,中臺科技大學,技專校院,06131012,資訊管理系,學士班(日間),157.0,23.0
112,中臺科技大學,技專校院,06131012,資訊管理系,學士班(進修),30.0,6.0
112,中臺科技大學,技專校院,06131037,人工智慧健康管理系,學士班(日間),51.0,5.0
112,中臺科技大學,技專校院,06131037,人工智慧健康管理系,學士班(進修),37.0,6.0
112,中臺科技大學,技專校院,07121013,環境與安全衛生工程系,學士班(日間),205.0,50.0
112,中臺科技大學,技專校院,07121013,環境與安全衛生工程系,學士班(進修),68.0,14.0
112,中臺科技大學,技專校院,07121013,環境與安全衛生工程系碩士班,碩士班(日間),20.0,7.0
112,中臺科技大學,技專校院,07211017,食品科技系,學士班(日間),379.0,81.0
112,中臺科技大學,技專校院,07211017,食品科技系,學士班(進修),157.0,37.0
112,中臺科技大學,技專校院,07211017,食品科技系_食品製造僑生專班,學士班(日間),50.0,
112,中臺科技大學,技專校院,09111033,牙體技術暨材料系,學士班(日間),398.0,109.0
112,中臺科技大學,技專校院,09111033,牙體技術暨材料系碩士班,碩士班(日間),7.0,3.0
112,中臺科技大學,技專校院,09131020,護理系,學士班(日間),661.0,244.0
112,中臺科技大學,技專校院,09131020,護理系,學士班(進修),864.0,315.0
112,中臺科技大學,技專校院,09131020,護理系碩士在職專班,碩士在職專班,97.0,20.0
112,中臺科技大學,技專校院,09131020,護理系碩士班,碩士班(日間),34.0,5.0
112,中臺科技大學,技專校院,09141028,醫學檢驗生物技術系,學士班(日間),394.0,114.0
112,中臺科技大學,技專校院,09141028,醫學檢驗生物技術系碩士班,碩士班(日間),17.0,10.0
112,中臺科技大學,技專校院,09141029,醫學影像暨放射科學系,學士班(日間),488.0,145.0
112,中臺科技大學,技專校院,09141029,醫學影像暨放射科學系博士班,博士班,9.0,2.0
112,中臺科技大學,技專校院,09141029,醫學影像暨放射科學系碩士班,碩士班(日間),10.0,1.0
112,中臺科技大學,技專校院,09141030,視光系,學士班(日間),212.0,35.0
112,中臺科技大學,技專校院,09141030,視光系,學士班(進修),130.0,45.0
112,中臺科技大學,技專校院,09191008,醫療暨健康產業管理系,學士班(日間),,41.0
112,中臺科技大學,技專校院,09191008,醫療暨健康產業管理系,學士班(進修),,21.0
112,中臺科技大學,技專校院,09191008,醫療暨健康產業管理系碩士在職專班,碩士在職專班,,19.0
112,中臺科技大學,技專校院,09191008,醫療暨健康產業管理系碩士班,碩士班(日間),,4.0
112,中臺科技大學,技專校院,09211034,老人照顧系,學士班(日間),131.0,30.0
112,中臺科技大學,技專校院,09211034,老人照顧系,學士班(進修),161.0,42.0
112,中臺科技大學,技專校院,09211034,老人照顧系_外國學生產學合作專班,二專(日間),3.0,2.0
112,中臺科技大學,技專校院,09212024,長期照顧碩士在職學位學程,碩士在職專班,61.0,16.0
112,亞洲大學,一般大學,01121001,幼兒教育學系,學士班(日間),375.0,96.0
112,亞洲大學,一般大學,01121001,幼兒教育學系,碩士班(日間),22.0,1.0
112,亞洲大學,一般大學,02112006,視覺傳達設計學系,學士班(日間),329.0,85.0
112,亞洲大學,一般大學,02112006,視覺傳達設計學系,碩士班(日間),7.0,2.0
112,亞洲大學,一般大學,02112007,數位媒體設計學系,博士班,34.0,1.0
112,亞洲大學,一般大學,02112007,數位媒體設計學系,學士班(日間),402.0,94.0
112,亞洲大學,一般大學,02112007,數位媒體設計學系,碩士班(日間),27.0,2.0
112,亞洲大學,一般大學,02112058,創新產業博士學位學程,博士班,7.0,1.0
112,亞洲大學,一般大學,02122004,時尚設計學系,學士班(日間),284.0,61.0
112,亞洲大學,一般大學,02122005,創意設計學院不分系國際設計學士班,學士班(日間),4.0,
112,亞洲大學,一般大學,02123011,創意商品設計學系,學士班(日間),279.0,74.0
112,亞洲大學,一般大學,02123011,創意商品設計學系,學士班(進修),60.0,7.0
112,亞洲大學,一般大學,02123011,創意商品設計學系,碩士班(日間),15.0,4.0
112,亞洲大學,一般大學,02124012,室內設計學系,學士班(日間),294.0,50.0
112,亞洲大學,一般大學,02124012,室內設計學系,碩士班(日間),14.0,5.0
112,亞洲大學,一般大學,02311002,外國語文學系,學士班(日間),186.0,53.0
112,亞洲大學,一般大學,02311002,外國語文學系,碩士班(日間),21.0,9.0
112,亞洲大學,一般大學,03131013,心理學系,學士班(日間),514.0,91.0
112,亞洲大學,一般大學,03131013,心理學系,碩士在職專班,31.0,2.0
112,亞洲大學,一般大學,03131013,心理學系,碩士班(日間),162.0,38.0
112,亞洲大學,一般大學,03213014,資訊傳播學系,學士班(日間),349.0,86.0
112,亞洲大學,一般大學,03213014,資訊傳播學系,碩士班(日間),18.0,9.0
112,亞洲大學,一般大學,04111015,會計與資訊學系,學士班(日間),227.0,52.0
112,亞洲大學,一般大學,04111015,會計與資訊學系,碩士班(日間),22.0,6.0
112,亞洲大學,一般大學,04121019,財務金融學系,學士班(日間),401.0,89.0
112,亞洲大學,一般大學,04121019,財務金融學系,碩士在職專班,26.0,20.0
112,亞洲大學,一般大學,04121019,財務金融學系,碩士班(日間),17.0,13.0
112,亞洲大學,一般大學,04131017,經營管理學系,學士班(日間),452.0,133.0
112,亞洲大學,一般大學,04131017,經營管理學系,學士班(進修),134.0,7.0
112,亞洲大學,一般大學,04131017,經營管理學系,碩士在職專班,114.0,77.0
112,亞洲大學,一般大學,04131017,經營管理學系,碩士班(日間),56.0,22.0
112,亞洲大學,一般大學,04131017,經營管理學系企業經濟與策略博士班,博士班,84.0,20.0
112,亞洲大學,一般大學,04131055,EMBA高階經理碩士在職學位學程,碩士在職專班,20.0,7.0
112,亞洲大學,一般大學,04131059,智慧健康先進管理技術博士學位學程,博士班,12.0,
112,亞洲大學,一般大學,04199018,新興產業策略與發展博士學位學程,博士班,8.0,
112,亞洲大學,一般大學,04199026,管理學院進修學士學位學程,學士班(進修),41.0,28.0
112,亞洲大學,一般大學,04212027,財經法律學系,學士班(日間),337.0,88.0
112,亞洲大學,一般大學,04212027,財經法律學系,碩士班(日間),31.0,4.0
112,亞洲大學,一般大學,05191053,食品營養與保健生技學系,學士班(日間),400.0,97.0
112,亞洲大學,一般大學,05191053,食品營養與保健生技學系,學士班(進修),103.0,27.0
112,亞洲大學,一般大學,05191053,食品營養與保健生技學系,碩士在職專班,19.0,4.0
112,亞洲大學,一般大學,05191053,食品營養與保健生技學系,碩士班(日間),15.0,3.0
112,亞洲大學,一般大學,06111057,人工智慧博士學位學程,博士班,18.0,
112,亞洲大學,一般大學,06134033,行動商務與多媒體應用學系,學士班(日間),280.0,56.0
112,亞洲大學,一般大學,06134033,行動商務與多媒體應用學系,碩士班(日間),11.0,1.0
112,亞洲大學,一般大學,06134037,資訊工程學系,博士班,16.0,3.0
112,亞洲大學,一般大學,06134037,資訊工程學系,學士班(日間),489.0,86.0
112,亞洲大學,一般大學,06134037,資訊工程學系,碩士在職專班,20.0,7.0
112,亞洲大學,一般大學,06134037,資訊工程學系,碩士班(日間),53.0,9.0
112,亞洲大學,一般大學,07193029,生物資訊與醫學工程學系,博士班,19.0,2.0
112,亞洲大學,一般大學,07193029,生物資訊與醫學工程學系,學士班(日間),211.0,35.0
112,亞洲大學,一般大學,07193029,生物資訊與醫學工程學系,碩士在職專班,34.0,7.0
112,亞洲大學,一般大學,07193029,生物資訊與醫學工程學系,碩士班(日間),13.0,2.0
112,亞洲大學,一般大學,08411045,學士後獸醫學系,學士班(日間),177.0,34.0
112,亞洲大學,一般大學,09131046,護理學系,學士班(日間),532.0,93.0
112,亞洲大學,一般大學,09131046,護理學系,碩士在職專班,60.0,9.0
112,亞洲大學,一般大學,09131046,護理學系,碩士班(日間),31.0,1.0
112,亞洲大學,一般大學,09131061,學士後護理學系,學士班(日間),143.0,44.0
112,亞洲大學,一般大學,09141047,視光學系,學士班(日間),381.0,88.0
112,亞洲大學,一般大學,09141060,醫學檢驗暨生物技術學系,學士班(日間),288.0,52.0
112,亞洲大學,一般大學,09141060,醫學檢驗暨生物技術學系,碩士班(日間),8.0,4.0
112,亞洲大學,一般大學,09151056,物理治療學系,學士班(日間),209.0,37.0
112,亞洲大學,一般大學,09152052,職能治療學系,學士班(日間),237.0,38.0
112,亞洲大學,一般大學,09153051,聽力暨語言治療學系,學士班(日間),239.0,46.0
112,亞洲大學,一般大學,09153051,聽力暨語言治療學系,碩士班(日間),28.0,
112,亞洲大學,一般大學,09191021,健康產業管理學系,博士班,26.0,4.0
112,亞洲大學,一般大學,09191021,健康產業管理學系,學士班(日間),343.0,
112,亞洲大學,一般大學,09191021,健康產業管理學系,碩士在職專班,45.0,
112,亞洲大學,一般大學,09191021,健康產業管理學系,碩士班(日間),43.0,
112,亞洲大學,一般大學,09211021,健康產業管理學系,學士班(日間),,80.0
112,亞洲大學,一般大學,09211021,健康產業管理學系,碩士在職專班,,14.0
112,亞洲大學,一般大學,09211021,健康產業管理學系,碩士班(日間),,11.0
112,亞洲大學,一般大學,09231048,社會工作學系,學士班(日間),398.0,87.0
112,亞洲大學,一般大學,09231048,社會工作學系,學士班(進修),105.0,29.0
112,亞洲大學,一般大學,09231048,社會工作學系,碩士班(日間),61.0,16.0
112,亞洲大學,一般大學,10151049,休閒與遊憩管理學系,學士班(日間),309.0,83.0
112,亞洲大學,一般大學,10151049,休閒與遊憩管理學系,碩士在職專班,58.0,22.0
112,亞洲大學,一般大學,10151049,休閒與遊憩管理學系,碩士班(日間),20.0,12.0
112,修平學校財團法人修平科技大學,技專校院,02112005,數位媒體設計系,學士班(日間),132.0,30.0
112,修平學校財團法人修平科技大學,技專校院,02311003,應用英語系,學士班(日間),28.0,21.0
112,修平學校財團法人修平科技大學,技專校院,02311003,應用英語系,學士班(進修),65.0,16.0
112,修平學校財團法人修平科技大學,技專校院,02311004,應用日語系,學士班(日間),219.0,61.0
112,修平學校財團法人修平科技大學,技專校院,02311004,應用日語系,學士班(進修),62.0,24.0
112,修平學校財團法人修平科技大學,技專校院,04131009,國際企業經營科,二專(進修),2.0,
112,修平學校財團法人修平科技大學,技專校院,04131030,企業經營管理系,學士班(日間),118.0,27.0
112,修平學校財團法人修平科技大學,技專校院,04131030,企業經營管理系,學士班(進修),178.0,62.0
112,修平學校財團法人修平科技大學,技專校院,04131030,企業經營管理系_現役軍人營區在職專班,學士班(進修),122.0,81.0
112,修平學校財團法人修平科技大學,技專校院,04132013,行銷與流通管理系,學士班(日間),78.0,33.0
112,修平學校財團法人修平科技大學,技專校院,04132013,行銷與流通管理系,學士班(進修),46.0,20.0
112,修平學校財團法人修平科技大學,技專校院,04199015,人力資源管理與發展系,學士班(日間),102.0,25.0
112,修平學校財團法人修平科技大學,技專校院,04199015,人力資源管理與發展系碩士班,碩士班(日間),63.0,24.0
112,修平學校財團法人修平科技大學,技專校院,06121018,資訊網路技術系,學士班(日間),42.0,20.0
112,修平學校財團法人修平科技大學,技專校院,06131017,資訊管理系,學士班(日間),137.0,38.0
112,修平學校財團法人修平科技大學,技專校院,06131017,資訊管理系,學士班(進修),100.0,31.0
112,修平學校財團法人修平科技大學,技專校院,06131017,資訊管理系_現役軍人營區在職專班,學士班(進修),17.0,
112,修平學校財團法人修平科技大學,技專校院,07141019,電機工程系,學士班(日間),150.0,41.0
112,修平學校財團法人修平科技大學,技專校院,07141019,電機工程系,學士班(進修),232.0,88.0
112,修平學校財團法人修平科技大學,技專校院,07141019,電機工程系(含碩士班)_國際學生產學合作專班,學士班(日間),60.0,
112,修平學校財團法人修平科技大學,技專校院,07141019,電機工程系(含碩士班)_現役軍人營區在職專班,學士班(進修),15.0,
112,修平學校財團法人修平科技大學,技專校院,07141019,電機工程系碩士班,碩士班(日間),15.0,4.0
112,修平學校財團法人修平科技大學,技專校院,07141020,電子工程系,學士班(日間),101.0,35.0
112,修平學校財團法人修平科技大學,技專校院,07141020,電子工程系,學士班(進修),31.0,4.0
112,修平學校財團法人修平科技大學,技專校院,07141020,電子工程系_國際學生產學合作專班,學士班(日間),96.0,
112,修平學校財團法人修平科技大學,技專校院,07141020,電子工程系_智慧電子技術僑生專班,學士班(日間),38.0,
112,修平學校財團法人修平科技大學,技專校院,07151021,機械工程系,學士班(日間),488.0,149.0
112,修平學校財團法人修平科技大學,技專校院,07151021,機械工程系,學士班(進修),578.0,169.0
112,修平學校財團法人修平科技大學,技專校院,07151021,機械工程系(含精密機械與製造科技碩士班)_現役軍人營區在職專班,學士班(進修),11.0,8.0
112,修平學校財團法人修平科技大學,技專校院,07151021,機械工程系精密機械與製造科技碩士班,碩士班(日間),4.0,2.0
112,修平學校財團法人修平科技大學,技專校院,07191026,工業工程與管理系,學士班(日間),50.0,21.0
112,修平學校財團法人修平科技大學,技專校院,07191026,工業工程與管理系,學士班(進修),94.0,40.0
112,修平學校財團法人修平科技大學,技專校院,07191026,工業工程與管理系(含精實生產管理碩士班)_現役軍人營區在職專班,碩士在職專班,21.0,8.0
112,修平學校財團法人修平科技大學,技專校院,07191026,工業工程與管理系_國際學生產學合作專班,學士班(日間),80.0,
112,修平學校財團法人修平科技大學,技專校院,07191026,工業工程與管理系精實生產管理碩士在職專班,碩士在職專班,34.0,14.0
112,修平學校財團法人修平科技大學,技專校院,07191026,工業工程與管理系精實生產管理碩士班,碩士班(日間),11.0,4.0
112,修平學校財團法人修平科技大學,技專校院,10151029,觀光與遊憩管理系,學士班(日間),172.0,34.0
112,修平學校財團法人修平科技大學,技專校院,10151029,觀光與遊憩管理系_觀光飯店與餐飲服務國際學生產學合作專班,學士班(日間),40.0,
112,僑光科技大學,技專校院,02122004,生活創意設計系,學士班(日間),258.0,82.0
112,僑光科技大學,技專校院,02122004,生活創意設計系,學士班(進修),155.0,46.0
112,僑光科技大學,技專校院,02123005,電腦輔助工業設計系,學士班(日間),198.0,77.0
112,僑光科技大學,技專校院,02123005,電腦輔助工業設計系,學士班(進修),112.0,49.0
112,僑光科技大學,技專校院,02123005,電腦輔助工業設計系_精密機械生產製造與管理專班,學士班(進修),19.0,
112,僑光科技大學,技專校院,02311002,應用外語系,學士班(日間),174.0,57.0
112,僑光科技大學,技專校院,02311002,應用外語系,學士班(進修),90.0,22.0
112,僑光科技大學,技專校院,04121013,財務金融系,學士班(日間),409.0,95.0
112,僑光科技大學,技專校院,04121013,財務金融系,學士班(進修),153.0,38.0
112,僑光科技大學,技專校院,04121013,財務金融系碩士班,碩士班(日間),27.0,15.0
112,僑光科技大學,技專校院,04131009,企業管理系,學士班(日間),288.0,76.0
112,僑光科技大學,技專校院,04131009,企業管理系,學士班(進修),246.0,51.0
112,僑光科技大學,技專校院,04131009,企業管理系碩士在職專班,碩士在職專班,58.0,17.0
112,僑光科技大學,技專校院,04131009,企業管理系碩士班,碩士班(日間),15.0,10.0
112,僑光科技大學,技專校院,04132016,行銷與流通管理系,學士班(日間),618.0,140.0
112,僑光科技大學,技專校院,04132016,行銷與流通管理系,學士班(進修),591.0,144.0
112,僑光科技大學,技專校院,04141011,國際貿易系,學士班(日間),265.0,73.0
112,僑光科技大學,技專校院,04141011,國際貿易系,學士班(進修),113.0,18.0
112,僑光科技大學,技專校院,04212018,財經法律系,學士班(日間),366.0,77.0
112,僑光科技大學,技專校院,04212018,財經法律系,學士班(進修),131.0,19.0
112,僑光科技大學,技專校院,04212018,財經法律系_多元培力專班,學士班(進修),6.0,
112,僑光科技大學,技專校院,06131019,資訊科技系,學士班(日間),332.0,83.0
112,僑光科技大學,技專校院,06131019,資訊科技系,學士班(進修),295.0,53.0
112,僑光科技大學,技專校院,06131019,資訊科技系_國際學生產學合作專班,學士班(日間),64.0,
112,僑光科技大學,技專校院,06131019,資訊科技系_資通訊製造國際學生產學合作專班,學士班(日間),31.0,
112,僑光科技大學,技專校院,06131019,資訊科技系碩士班,碩士班(日間),20.0,10.0
112,僑光科技大學,技專校院,06133021,多媒體與遊戲設計系,學士班(日間),348.0,103.0
112,僑光科技大學,技專校院,06133021,多媒體與遊戲設計系,學士班(進修),148.0,27.0
112,僑光科技大學,技專校院,07151028,機械與電腦輔助工程系,學士班(日間),113.0,
112,僑光科技大學,技專校院,07151028,機械與電腦輔助工程系,學士班(進修),114.0,
112,僑光科技大學,技專校院,07151029,智慧自動化工程系,學士班(日間),24.0,23.0
112,僑光科技大學,技專校院,07151029,智慧自動化工程系,學士班(進修),16.0,15.0
112,僑光科技大學,技專校院,10131024,餐飲管理系,學士班(日間),640.0,171.0
112,僑光科技大學,技專校院,10131024,餐飲管理系,學士班(進修),538.0,118.0
112,僑光科技大學,技專校院,10131024,餐飲管理系_餐飲人才培育管理專班,學士班(日間),59.0,
112,僑光科技大學,技專校院,10131025,旅館與會展管理系,學士班(日間),240.0,76.0
112,僑光科技大學,技專校院,10131025,旅館與會展管理系,學士班(進修),101.0,25.0
112,僑光科技大學,技專校院,10151026,觀光與休閒事業管理系,學士班(日間),429.0,112.0
112,僑光科技大學,技專校院,10151026,觀光與休閒事業管理系,學士班(進修),510.0,111.0
112,國立中興大學,一般大學,01111001,教師專業發展研究所,碩士班(日間),31.0,6.0
112,國立中興大學,一般大學,02221007,歷史學系,博士班,42.0,1.0
112,國立中興大學,一般大學,02221007,歷史學系,學士班(日間),257.0,66.0
112,國立中興大學,一般大學,02221007,歷史學系,碩士在職專班,18.0,2.0
112,國立中興大學,一般大學,02221007,歷史學系,碩士班(日間),39.0,9.0
112,國立中興大學,一般大學,02299109,數位人文與文創產業進修學士學位學程,學士班(進修),140.0,33.0
112,國立中興大學,一般大學,02311006,外國語文學系,學士班(日間),238.0,55.0
112,國立中興大學,一般大學,02311006,外國語文學系,學士班(進修),170.0,37.0
112,國立中興大學,一般大學,02311006,外國語文學系,碩士班(日間),30.0,3.0
112,國立中興大學,一般大學,02321003,台灣文學與跨國文化研究所,碩士在職專班,30.0,8.0
112,國立中興大學,一般大學,02321003,台灣文學與跨國文化研究所,碩士班(日間),42.0,10.0
112,國立中興大學,一般大學,02321004,台灣與跨文化研究國際博士學位學程,博士班,11.0,1.0
112,國立中興大學,一般大學,02321103,台灣人文創新學士學位學程,學士班(日間),68.0,15.0
112,國立中興大學,一般大學,02322005,中國文學系,博士班,28.0,3.0
112,國立中興大學,一般大學,02322005,中國文學系,學士班(日間),205.0,30.0
112,國立中興大學,一般大學,02322005,中國文學系,學士班(進修),148.0,22.0
112,國立中興大學,一般大學,02322005,中國文學系,碩士在職專班,22.0,4.0
112,國立中興大學,一般大學,02322005,中國文學系,碩士班(日間),61.0,13.0
112,國立中興大學,一般大學,03111009,應用經濟學系,博士班,25.0,6.0
112,國立中興大學,一般大學,03111009,應用經濟學系,學士班(日間),200.0,56.0
112,國立中興大學,一般大學,03111009,應用經濟學系,碩士在職專班,33.0,13.0
112,國立中興大學,一般大學,03111009,應用經濟學系,碩士班(日間),33.0,18.0
112,國立中興大學,一般大學,03122010,國際政治研究所,博士班,29.0,3.0
112,國立中興大學,一般大學,03122010,國際政治研究所,碩士在職專班,55.0,18.0
112,國立中興大學,一般大學,03122010,國際政治研究所,碩士班(日間),45.0,22.0
112,國立中興大學,一般大學,03122119,亞洲與中國研究英語碩士學位學程,碩士班(日間),8.0,
112,國立中興大學,一般大學,03222013,圖書資訊學研究所,碩士班(日間),40.0,10.0
112,國立中興大學,一般大學,04111015,會計學系,學士班(日間),176.0,43.0
112,國立中興大學,一般大學,04111015,會計學系,碩士班(日間),46.0,23.0
112,國立中興大學,一般大學,04121019,財務金融學系,博士班,17.0,
112,國立中興大學,一般大學,04121019,財務金融學系,學士班(日間),216.0,44.0
112,國立中興大學,一般大學,04121019,財務金融學系,碩士班(日間),67.0,30.0
112,國立中興大學,一般大學,04131016,企業管理學系,博士班,38.0,5.0
112,國立中興大學,一般大學,04131016,企業管理學系,學士班(日間),236.0,62.0
112,國立中興大學,一般大學,04131016,企業管理學系,碩士班(日間),75.0,31.0
112,國立中興大學,一般大學,04131018,創新產業經營學士學位學程,學士班(進修),184.0,33.0
112,國立中興大學,一般大學,04131097,運動與健康管理研究所,碩士班(日間),27.0,5.0
112,國立中興大學,一般大學,04134011,國家政策與公共事務研究所,碩士在職專班,58.0,20.0
112,國立中興大學,一般大學,04134011,國家政策與公共事務研究所,碩士班(日間),24.0,10.0
112,國立中興大學,一般大學,04143020,行銷學系,學士班(日間),208.0,47.0
112,國立中興大學,一般大學,04143020,行銷學系,碩士班(日間),62.0,23.0
112,國立中興大學,一般大學,04199012,全球事務研究跨洲碩士學位學程,碩士班(日間),40.0,6.0
112,國立中興大學,一般大學,04199021,科技管理研究所,博士班,50.0,5.0
112,國立中興大學,一般大學,04199021,科技管理研究所智慧科技管理碩士在職專班,碩士在職專班,29.0,12.0
112,國立中興大學,一般大學,04199021,科技管理研究所科技管理碩士班,碩士班(日間),37.0,16.0
112,國立中興大學,一般大學,04199021,科技管理研究所電子商務碩士班,碩士班(日間),32.0,11.0
112,國立中興大學,一般大學,04199022,高階經理人碩士在職專班,碩士在職專班,256.0,115.0
112,國立中興大學,一般大學,04199022,高階經理人碩士在職專班兩岸台商組,碩士在職專班,17.0,6.0
112,國立中興大學,一般大學,04199022,高階經理人碩士在職專班越南台商組,碩士在職專班,22.0,11.0
112,國立中興大學,一般大學,04199022,高階經理人碩士在職專班越南農業管理境外專班,碩士在職專班,2.0,1.0
112,國立中興大學,一般大學,04211023,法律學系,學士班(日間),180.0,41.0
112,國立中興大學,一般大學,04211023,法律學系,碩士在職專班,104.0,16.0
112,國立中興大學,一般大學,04211023,法律學系,碩士班(日間),85.0,24.0
112,國立中興大學,一般大學,05111026,生命科學碩士在職專班,碩士在職專班,55.0,18.0
112,國立中興大學,一般大學,05111026,生命科學系,博士班,38.0,4.0
112,國立中興大學,一般大學,05111026,生命科學系,學士班(日間),370.0,87.0
112,國立中興大學,一般大學,05111026,生命科學系,碩士班(日間),108.0,39.0
112,國立中興大學,一般大學,05111029,昆蟲學系,博士班,20.0,3.0
112,國立中興大學,一般大學,05111029,昆蟲學系,學士班(日間),202.0,48.0
112,國立中興大學,一般大學,05111029,昆蟲學系,碩士班(日間),40.0,18.0
112,國立中興大學,一般大學,05121027,生物科技學研究所,博士班,15.0,2.0
112,國立中興大學,一般大學,05121027,生物科技學研究所,碩士班(日間),59.0,25.0
112,國立中興大學,一般大學,05121031,生物科技學士學位學程,學士班(日間),128.0,31.0
112,國立中興大學,一般大學,05121033,分子生物學研究所,博士班,7.0,1.0
112,國立中興大學,一般大學,05121033,分子生物學研究所,碩士班(日間),49.0,19.0
112,國立中興大學,一般大學,05121035,生物醫學研究所,博士班,26.0,2.0
112,國立中興大學,一般大學,05121035,生物醫學研究所,碩士班(日間),37.0,12.0
112,國立中興大學,一般大學,05121037,基因體暨生物資訊學研究所,碩士班(日間),23.0,9.0
112,國立中興大學,一般大學,05121112,特用作物及代謝體碩士學位學程,碩士班(日間),,1.0
112,國立中興大學,一般大學,05121117,分子與生物農業科學國際研究生博士學位學程,博士班,44.0,7.0
112,國立中興大學,一般大學,05121118,生技產業創新研發與管理博士學位學程,博士班,3.0,
112,國立中興大學,一般大學,05123034,生物化學研究所,博士班,9.0,2.0
112,國立中興大學,一般大學,05123034,生物化學研究所,碩士班(日間),27.0,8.0
112,國立中興大學,一般大學,05124038,微生物基因體學博士學位學程,博士班,21.0,2.0
112,國立中興大學,一般大學,05292082,水土保持學系,博士班,28.0,2.0
112,國立中興大學,一般大學,05292082,水土保持學系,學士班(日間),232.0,55.0
112,國立中興大學,一般大學,05292082,水土保持學系,碩士在職專班,55.0,20.0
112,國立中興大學,一般大學,05292082,水土保持學系,碩士班(日間),55.0,27.0
112,國立中興大學,一般大學,05311039,化學系,博士班,11.0,3.0
112,國立中興大學,一般大學,05311039,化學系,學士班(日間),243.0,51.0
112,國立中興大學,一般大學,05311039,化學系,碩士班(日間),168.0,70.0
112,國立中興大學,一般大學,05331040,物理學系,博士班,12.0,1.0
112,國立中興大學,一般大學,05331040,物理學系,學士班(日間),247.0,51.0
112,國立中興大學,一般大學,05331040,物理學系,碩士班(日間),40.0,12.0
112,國立中興大學,一般大學,05331058,奈米科學研究所,碩士班(日間),49.0,23.0
112,國立中興大學,一般大學,05411041,應用數學系,博士班,16.0,1.0
112,國立中興大學,一般大學,05411041,應用數學系,學士班(日間),347.0,79.0
112,國立中興大學,一般大學,05411041,應用數學系,碩士班(日間),17.0,5.0
112,國立中興大學,一般大學,05411041,應用數學系大數據碩士在職專班,碩士在職專班,52.0,12.0
112,國立中興大學,一般大學,05411041,應用數學系計算科學碩士班,碩士班(日間),3.0,3.0
112,國立中興大學,一般大學,05421042,統計學研究所,碩士班(日間),39.0,17.0
112,國立中興大學,一般大學,06131043,資訊管理學系,學士班(日間),131.0,32.0
112,國立中興大學,一般大學,06131043,資訊管理學系,碩士在職專班,79.0,35.0
112,國立中興大學,一般大學,06131043,資訊管理學系,碩士班(日間),105.0,50.0
112,國立中興大學,一般大學,06131101,大數據產學研發博士學位學程,博士班,9.0,1.0
112,國立中興大學,一般大學,06131106,資料科學與資訊計算研究所,碩士班(日間),36.0,14.0
112,國立中興大學,一般大學,06131108,資訊工程學系,博士班,31.0,4.0
112,國立中興大學,一般大學,06131108,資訊工程學系,學士班(日間),139.0,29.0
112,國立中興大學,一般大學,06131108,資訊工程學系,碩士在職專班,105.0,15.0
112,國立中興大學,一般大學,06131108,資訊工程學系,碩士班(日間),160.0,71.0
112,國立中興大學,一般大學,06132100,人工智慧與資料科學碩士在職學位學程,碩士在職專班,74.0,14.0
112,國立中興大學,一般大學,07111055,化學工程學系,博士班,6.0,2.0
112,國立中興大學,一般大學,07111055,化學工程學系,學士班(日間),213.0,47.0
112,國立中興大學,一般大學,07111055,化學工程學系,碩士在職專班,67.0,12.0
112,國立中興大學,一般大學,07111055,化學工程學系,碩士班(日間),153.0,70.0
112,國立中興大學,一般大學,07112057,材料科學與工程學系,博士班,31.0,6.0
112,國立中興大學,一般大學,07112057,材料科學與工程學系,學士班(日間),236.0,60.0
112,國立中興大學,一般大學,07112057,材料科學與工程學系,碩士在職專班,97.0,11.0
112,國立中興大學,一般大學,07112057,材料科學與工程學系,碩士班(日間),139.0,68.0
112,國立中興大學,一般大學,07112113,生物與永續科技碩士學位學程,碩士班(日間),,4.0
112,國立中興大學,一般大學,07121059,環境工程學系,博士班,20.0,6.0
112,國立中興大學,一般大學,07121059,環境工程學系,學士班(日間),198.0,49.0
112,國立中興大學,一般大學,07121059,環境工程學系,碩士在職專班,104.0,27.0
112,國立中興大學,一般大學,07121059,環境工程學系,碩士班(日間),90.0,44.0
112,國立中興大學,一般大學,07141045,電機工程學系,博士班,35.0,5.0
112,國立中興大學,一般大學,07141045,電機工程學系,學士班(日間),288.0,70.0
112,國立中興大學,一般大學,07141045,電機工程學系,碩士在職專班,116.0,23.0
112,國立中興大學,一般大學,07141045,電機工程學系,碩士班(日間),291.0,107.0
112,國立中興大學,一般大學,07141046,光電工程研究所,碩士班(日間),34.0,16.0
112,國立中興大學,一般大學,07141049,通訊工程研究所,碩士班(日間),30.0,15.0
112,國立中興大學,一般大學,07141102,電機資訊學院學士班,學士班(日間),126.0,26.0
112,國立中興大學,一般大學,07141104,電子系統產業碩士專班,碩士班(日間),4.0,
112,國立中興大學,一般大學,07141105,電機控制產業碩士專班,碩士班(日間),3.0,2.0
112,國立中興大學,一般大學,07141116,半導體與綠色科技碩士學位學程,碩士班(日間),,20.0
112,國立中興大學,一般大學,07141120,智慧電動車及綠能科技產業碩士專班,碩士班(日間),15.0,
112,國立中興大學,一般大學,07141C02,光電半導體技術產業碩士專班,碩士班(日間),1.0,1.0
112,國立中興大學,一般大學,07151050,機械工程學系,博士班,20.0,2.0
112,國立中興大學,一般大學,07151050,機械工程學系,學士班(日間),401.0,89.0
112,國立中興大學,一般大學,07151050,機械工程學系,碩士在職專班,105.0,14.0
112,國立中興大學,一般大學,07151050,機械工程學系,碩士班(日間),239.0,81.0
112,國立中興大學,一般大學,07151051,精密工程研究所,博士班,12.0,3.0
112,國立中興大學,一般大學,07151051,精密工程研究所,碩士在職專班,34.0,8.0
112,國立中興大學,一般大學,07151051,精密工程研究所,碩士班(日間),73.0,33.0
112,國立中興大學,一般大學,07151052,生物產業機電工程學系,博士班,15.0,2.0
112,國立中興大學,一般大學,07151052,生物產業機電工程學系,學士班(日間),232.0,50.0
112,國立中興大學,一般大學,07151052,生物產業機電工程學系,碩士班(日間),42.0,13.0
112,國立中興大學,一般大學,07191115,工業與智慧科技碩士學位學程,碩士班(日間),,12.0
112,國立中興大學,一般大學,07193060,生醫工程研究所,博士班,10.0,
112,國立中興大學,一般大學,07193060,生醫工程研究所,碩士班(日間),36.0,16.0
112,國立中興大學,一般大學,07199107,智慧創意工程學士學位學程,學士班(日間),41.0,
112,國立中興大學,一般大學,07211081,食品暨應用生物科技學系,博士班,18.0,2.0
112,國立中興大學,一般大學,07211081,食品暨應用生物科技學系,學士班(日間),215.0,48.0
112,國立中興大學,一般大學,07211081,食品暨應用生物科技學系,碩士在職專班,56.0,14.0
112,國立中興大學,一般大學,07211081,食品暨應用生物科技學系,碩士班(日間),93.0,37.0
112,國立中興大學,一般大學,07211098,食品安全研究所,碩士班(日間),31.0,8.0
112,國立中興大學,一般大學,07312061,景觀與遊憩學士學位學程,學士班(日間),76.0,19.0
112,國立中興大學,一般大學,07312061,景觀與遊憩碩士學位學程,碩士班(日間),14.0,1.0
112,國立中興大學,一般大學,07321054,土木工程學系,博士班,21.0,6.0
112,國立中興大學,一般大學,07321054,土木工程學系,學士班(日間),393.0,105.0
112,國立中興大學,一般大學,07321054,土木工程學系,碩士在職專班,78.0,15.0
112,國立中興大學,一般大學,07321054,土木工程學系,碩士班(日間),119.0,50.0
112,國立中興大學,一般大學,08111063,農藝學系,博士班,11.0,2.0
112,國立中興大學,一般大學,08111063,農藝學系,學士班(日間),196.0,42.0
112,國立中興大學,一般大學,08111063,農藝學系,碩士班(日間),48.0,11.0
112,國立中興大學,一般大學,08111064,國際農學博士學位學程,博士班,19.0,
112,國立中興大學,一般大學,08111064,國際農學碩士學位學程,碩士班(日間),26.0,6.0
112,國立中興大學,一般大學,08112066,動物科學系,博士班,29.0,3.0
112,國立中興大學,一般大學,08112066,動物科學系,學士班(日間),209.0,46.0
112,國立中興大學,一般大學,08112066,動物科學系,碩士班(日間),67.0,28.0
112,國立中興大學,一般大學,08121067,園藝學系,博士班,31.0,5.0
112,國立中興大學,一般大學,08121067,園藝學系,學士班(日間),180.0,45.0
112,國立中興大學,一般大學,08121067,園藝學系,碩士班(日間),78.0,22.0
112,國立中興大學,一般大學,08191083,土壤環境科學系,博士班,14.0,2.0
112,國立中興大學,一般大學,08191083,土壤環境科學系,學士班(日間),184.0,35.0
112,國立中興大學,一般大學,08191083,土壤環境科學系,碩士班(日間),36.0,13.0
112,國立中興大學,一般大學,08193076,生物產業管理研究所,碩士班(日間),36.0,11.0
112,國立中興大學,一般大學,08193076,生物產業管理進修學士學位學程,學士班(進修),186.0,37.0
112,國立中興大學,一般大學,08193077,農業企業經營管理碩士在職專班,碩士在職專班,71.0,15.0
112,國立中興大學,一般大學,08193078,國際農企業學士學位學程,學士班(日間),85.0,20.0
112,國立中興大學,一般大學,08193079,農業經濟與行銷碩士學位學程,碩士班(日間),25.0,10.0
112,國立中興大學,一般大學,08193114,國際精準農企業發展碩士學位學程,碩士班(日間),,1.0
112,國立中興大學,一般大學,08194068,植物病理學系,博士班,12.0,1.0
112,國立中興大學,一般大學,08194068,植物病理學系,學士班(日間),194.0,45.0
112,國立中興大學,一般大學,08194068,植物病理學系,碩士班(日間),42.0,22.0
112,國立中興大學,一般大學,08194069,植物醫學暨安全農業碩士學位學程,碩士班(日間),28.0,9.0
112,國立中興大學,一般大學,08194111,植物保健碩士學位學程,碩士班(日間),,2.0
112,國立中興大學,一般大學,08211086,森林學系,博士班,29.0,4.0
112,國立中興大學,一般大學,08211086,森林學系,學士班(日間),270.0,49.0
112,國立中興大學,一般大學,08211086,森林學系,碩士班(日間),61.0,26.0
112,國立中興大學,一般大學,08411087,獸醫學系,博士班,31.0,1.0
112,國立中興大學,一般大學,08411087,獸醫學系,學士班(日間),372.0,73.0
112,國立中興大學,一般大學,08411087,獸醫學系,碩士班(日間),72.0,27.0
112,國立中興大學,一般大學,08411089,獸醫病理生物學研究所,博士班,10.0,
112,國立中興大學,一般大學,08411089,獸醫病理生物學研究所,碩士班(日間),14.0,5.0
112,國立中興大學,一般大學,08411092,微生物暨公共衛生學研究所,博士班,8.0,4.0
112,國立中興大學,一般大學,08411092,微生物暨公共衛生學研究所,碩士班(日間),18.0,7.0
112,國立中興大學,一般大學,09121093,轉譯醫學博士學位學程,博士班,40.0,5.0
112,國立中興大學,一般大學,09121110,學士後醫學系,學士班(日間),46.0,
112,國立中興大學,一般大學,09141094,醫學生物科技博士學位學程,博士班,21.0,
112,國立中興大學,一般大學,09199096,組織工程與再生醫學博士學位學程,博士班,27.0,5.0
112,國立勤益科技大學,技專校院,02299005,文化創意事業系,學士班(日間),208.0,49.0
112,國立勤益科技大學,技專校院,02299005,文化創意事業系碩士班,碩士班(日間),18.0,5.0
112,國立勤益科技大學,技專校院,02311001,應用英語系,學士班(日間),210.0,49.0
112,國立勤益科技大學,技專校院,02311001,應用英語系,學士班(進修),162.0,28.0
112,國立勤益科技大學,技專校院,04131002,企業管理系,學士班(日間),439.0,106.0
112,國立勤益科技大學,技專校院,04131002,企業管理系,學士班(進修),189.0,40.0
112,國立勤益科技大學,技專校院,04131002,企業管理系_智慧製造物流運籌專班,學士班(進修),81.0,
112,國立勤益科技大學,技專校院,04131002,企業管理系碩士在職專班,碩士在職專班,28.0,12.0
112,國立勤益科技大學,技專校院,04131002,企業管理系碩士班,碩士班(日間),41.0,14.0
112,國立勤益科技大學,技專校院,04132003,流通管理科,二專(進修),40.0,15.0
112,國立勤益科技大學,技專校院,04132003,流通管理系,學士班(日間),395.0,84.0
112,國立勤益科技大學,技專校院,04132003,流通管理系,學士班(進修),38.0,20.0
112,國立勤益科技大學,技專校院,04132003,流通管理系碩士在職專班,碩士在職專班,17.0,9.0
112,國立勤益科技大學,技專校院,04132003,流通管理系碩士班,碩士班(日間),21.0,7.0
112,國立勤益科技大學,技專校院,04199041,健康產業科技研發與管理系,學士班(日間),188.0,51.0
112,國立勤益科技大學,技專校院,04199041,健康產業科技研發與管理系,學士班(進修),126.0,32.0
112,國立勤益科技大學,技專校院,04199041,健康產業科技研發與管理系_外國學生專班,學士班(日間),30.0,
112,國立勤益科技大學,技專校院,04199041,健康產業科技研發與管理系_雙軌旗艦工商管理專班,學士班(進修),34.0,7.0
112,國立勤益科技大學,技專校院,04199041,健康產業科技研發與管理系碩士班,碩士班(日間),28.0,9.0
112,國立勤益科技大學,技專校院,06131010,資訊管理系,學士班(日間),410.0,84.0
112,國立勤益科技大學,技專校院,06131010,資訊管理系,學士班(進修),275.0,37.0
112,國立勤益科技大學,技專校院,06131010,資訊管理系_智慧產業研發與數據分析產業碩士專班,碩士班(日間),17.0,9.0
112,國立勤益科技大學,技專校院,06131010,資訊管理系_智慧產業資訊應用專班,學士班(進修),18.0,
112,國立勤益科技大學,技專校院,06131010,資訊管理系_研發管理與資訊應用產業碩士專班,碩士班(日間),30.0,14.0
112,國立勤益科技大學,技專校院,06131010,資訊管理系研發科技與資訊管理碩士在職專班,碩士在職專班,20.0,8.0
112,國立勤益科技大學,技專校院,06131010,資訊管理系碩士班,碩士班(日間),20.0,8.0
112,國立勤益科技大學,技專校院,06131013,資訊工程系,學士班(日間),616.0,105.0
112,國立勤益科技大學,技專校院,06131013,資訊工程系,學士班(進修),194.0,35.0
112,國立勤益科技大學,技專校院,06131013,資訊工程系_雙軌旗艦微科技職類,學士班(進修),3.0,3.0
112,國立勤益科技大學,技專校院,06131013,資訊工程系_雙軌旗艦微電子職類,學士班(進修),5.0,
112,國立勤益科技大學,技專校院,06131013,資訊工程系_電資研發產業碩士專班,碩士班(日間),32.0,30.0
112,國立勤益科技大學,技專校院,06131013,資訊工程系碩士在職專班,碩士在職專班,24.0,7.0
112,國立勤益科技大學,技專校院,06131013,資訊工程系碩士班,碩士班(日間),54.0,15.0
112,國立勤益科技大學,技專校院,06132039,人工智慧應用工程系,學士班(日間),165.0,
112,國立勤益科技大學,技專校院,06132039,人工智慧應用工程系_智慧科技應用製造專班,學士班(日間),32.0,
112,國立勤益科技大學,技專校院,07111020,化工與材料工程系,學士班(日間),603.0,113.0
112,國立勤益科技大學,技專校院,07111020,化工與材料工程系,學士班(進修),203.0,33.0
112,國立勤益科技大學,技專校院,07111020,化工與材料工程系_先進材料與智慧製造產學攜手專班,學士班(進修),13.0,
112,國立勤益科技大學,技專校院,07111020,化工與材料工程系_國際學生產學合作專班,學士班(日間),72.0,
112,國立勤益科技大學,技專校院,07111020,化工與材料工程系碩士在職專班,碩士在職專班,22.0,5.0
112,國立勤益科技大學,技專校院,07111020,化工與材料工程系碩士班,碩士班(日間),62.0,22.0
112,國立勤益科技大學,技專校院,07132026,冷凍空調與能源系,學士班(日間),497.0,117.0
112,國立勤益科技大學,技專校院,07132026,冷凍空調與能源系,學士班(進修),330.0,86.0
112,國立勤益科技大學,技專校院,07132026,冷凍空調與能源系_冷凍空調能源產業專班,學士班(進修),96.0,14.0
112,國立勤益科技大學,技專校院,07132026,冷凍空調與能源系_機械工程專班,學士班(日間),83.0,51.0
112,國立勤益科技大學,技專校院,07132026,冷凍空調與能源系碩士在職專班,碩士在職專班,38.0,19.0
112,國立勤益科技大學,技專校院,07132026,冷凍空調與能源系碩士班,碩士班(日間),61.0,30.0
112,國立勤益科技大學,技專校院,07141011,電機工程科,二專(進修),41.0,8.0
112,國立勤益科技大學,技專校院,07141011,電機工程系,學士班(日間),632.0,131.0
112,國立勤益科技大學,技專校院,07141011,電機工程系,學士班(進修),535.0,129.0
112,國立勤益科技大學,技專校院,07141011,電機工程系_電機工程資電國際學生產學合作專班,學士班(日間),72.0,
112,國立勤益科技大學,技專校院,07141011,電機工程系碩士在職專班,碩士在職專班,38.0,9.0
112,國立勤益科技大學,技專校院,07141011,電機工程系碩士班,碩士班(日間),57.0,31.0
112,國立勤益科技大學,技專校院,07141012,電子工程科,二專(進修),20.0,5.0
112,國立勤益科技大學,技專校院,07141012,電子工程系,學士班(日間),603.0,166.0
112,國立勤益科技大學,技專校院,07141012,電子工程系,學士班(進修),316.0,81.0
112,國立勤益科技大學,技專校院,07141012,電子工程系碩士在職專班,碩士在職專班,23.0,4.0
112,國立勤益科技大學,技專校院,07141012,電子工程系碩士班,碩士班(日間),79.0,35.0
112,國立勤益科技大學,技專校院,07141037,前瞻電資科技研究所,博士班,18.0,3.0
112,國立勤益科技大學,技專校院,07151016,機械工程科,二專(進修),50.0,22.0
112,國立勤益科技大學,技專校院,07151016,機械工程系,學士班(日間),668.0,159.0
112,國立勤益科技大學,技專校院,07151016,機械工程系,學士班(進修),585.0,125.0
112,國立勤益科技大學,技專校院,07151016,機械工程系_國際學生產學合作專班,學士班(日間),103.0,
112,國立勤益科技大學,技專校院,07151016,機械工程系_智慧機械應用專班,學士班(進修),128.0,19.0
112,國立勤益科技大學,技專校院,07151016,機械工程系_機電整合專班,學士班(進修),34.0,
112,國立勤益科技大學,技專校院,07151016,機械工程系_水五金智慧製造專班,學士班(進修),17.0,15.0
112,國立勤益科技大學,技專校院,07151016,機械工程系_精密機械產業專班,學士班(進修),1.0,
112,國立勤益科技大學,技專校院,07151016,機械工程系_雙軌旗艦機電整合職類,學士班(進修),93.0,34.0
112,國立勤益科技大學,技專校院,07151016,機械工程系碩士在職專班,碩士在職專班,46.0,12.0
112,國立勤益科技大學,技專校院,07151016,機械工程系碩士班,碩士班(日間),92.0,48.0
112,國立勤益科技大學,技專校院,07151034,智慧機械與智慧製造產業博士學位學程,博士班,15.0,
112,國立勤益科技大學,技專校院,07151038,智慧自動化工程系,學士班(日間),180.0,
112,國立勤益科技大學,技專校院,07151038,智慧自動化工程系_智能自動化產業專班,學士班(日間),29.0,
112,國立勤益科技大學,技專校院,07191022,工業工程與管理科,二專(進修),48.0,17.0
112,國立勤益科技大學,技專校院,07191022,工業工程與管理系,學士班(日間),767.0,171.0
112,國立勤益科技大學,技專校院,07191022,工業工程與管理系,學士班(進修),562.0,117.0
112,國立勤益科技大學,技專校院,07191022,工業工程與管理系_國際學生產學合作專班,學士班(日間),32.0,
112,國立勤益科技大學,技專校院,07191022,工業工程與管理系_智慧生產與精實管理專班,學士班(進修),21.0,
112,國立勤益科技大學,技專校院,07191022,工業工程與管理系_智慧製造精實管理產業碩士專班,碩士班(日間),13.0,
112,國立勤益科技大學,技專校院,07191022,工業工程與管理系_生產製造與管理專班,學士班(進修),1.0,1.0
112,國立勤益科技大學,技專校院,07191022,工業工程與管理系碩士在職專班,碩士在職專班,58.0,21.0
112,國立勤益科技大學,技專校院,07191022,工業工程與管理系碩士班,碩士班(日間),55.0,34.0
112,國立勤益科技大學,技專校院,07194024,精密製造科技研究所,博士班,30.0,2.0
112,國立勤益科技大學,技專校院,07199036,智慧製造與資訊應用國際碩士學位學程,碩士班(日間),11.0,1.0
112,國立勤益科技大學,技專校院,07312029,景觀科,二專(進修),42.0,18.0
112,國立勤益科技大學,技專校院,07312029,景觀系,學士班(日間),189.0,47.0
112,國立勤益科技大學,技專校院,07312029,景觀系碩士班,碩士班(日間),11.0,2.0
112,國立臺中教育大學,一般大學,01111001,教育學系,博士班,37.0,1.0
112,國立臺中教育大學,一般大學,01111001,教育學系,學士班(日間),172.0,43.0
112,國立臺中教育大學,一般大學,01111001,教育學系,碩士班(日間),26.0,2.0
112,國立臺中教育大學,一般大學,01111001,教育學系教育行政與管理碩士在職專班,碩士在職專班,46.0,7.0
112,國立臺中教育大學,一般大學,01111001,教育學系課程與教學碩士在職專班,碩士在職專班,66.0,18.0
112,國立臺中教育大學,一般大學,01111001,教育學系課程與教學碩士班,碩士班(日間),30.0,6.0
112,國立臺中教育大學,一般大學,01111005,教師專業碩士學位學程,碩士班(日間),133.0,40.0
112,國立臺中教育大學,一般大學,01113022,特殊教育學系,學士班(日間),183.0,47.0
112,國立臺中教育大學,一般大學,01113022,特殊教育學系,碩士在職專班,59.0,13.0
112,國立臺中教育大學,一般大學,01113022,特殊教育學系,碩士班(日間),45.0,7.0
112,國立臺中教育大學,一般大學,01114025,高等教育經營管理碩士學位學程,碩士班(日間),28.0,6.0
112,國立臺中教育大學,一般大學,01117028,教育資訊與測驗統計研究所,博士班,37.0,1.0
112,國立臺中教育大學,一般大學,01117028,教育資訊與測驗統計研究所,碩士在職專班,31.0,8.0
112,國立臺中教育大學,一般大學,01117028,教育資訊與測驗統計研究所,碩士班(日間),46.0,12.0
112,國立臺中教育大學,一般大學,01121021,幼兒教育學系,學士班(日間),199.0,49.0
112,國立臺中教育大學,一般大學,01121021,幼兒教育學系,碩士在職專班,55.0,18.0
112,國立臺中教育大學,一般大學,01121021,幼兒教育學系,碩士班(日間),34.0,10.0
112,國立臺中教育大學,一般大學,01121021,幼兒教育學系早期療育碩士在職專班,碩士在職專班,44.0,6.0
112,國立臺中教育大學,一般大學,01121021,幼兒教育學系早期療育碩士班,碩士班(日間),44.0,5.0
112,國立臺中教育大學,一般大學,01131006,語文教育學系,博士班,34.0,4.0
112,國立臺中教育大學,一般大學,01131006,語文教育學系,學士班(日間),193.0,47.0
112,國立臺中教育大學,一般大學,01131006,語文教育學系,碩士在職專班,23.0,
112,國立臺中教育大學,一般大學,01131006,語文教育學系,碩士班(日間),30.0,2.0
112,國立臺中教育大學,一般大學,01131006,語文教育學系國民小學教師在職進修教學碩士學位班,碩士在職專班,,8.0
112,國立臺中教育大學,一般大學,01131006,語文教育學系華語文教學碩士班,碩士班(日間),44.0,9.0
112,國立臺中教育大學,一般大學,01131008,科學教育與應用學系,學士班(日間),171.0,39.0
112,國立臺中教育大學,一般大學,01131008,科學教育與應用學系,碩士在職專班,39.0,5.0
112,國立臺中教育大學,一般大學,01131008,科學教育與應用學系,碩士班(日間),20.0,2.0
112,國立臺中教育大學,一般大學,01131008,科學教育與應用學系環境教育及管理碩士在職專班,碩士在職專班,29.0,3.0
112,國立臺中教育大學,一般大學,01131008,科學教育與應用學系環境教育及管理碩士班,碩士班(日間),24.0,7.0
112,國立臺中教育大學,一般大學,01131011,數學教育學系,學士班(日間),190.0,48.0
112,國立臺中教育大學,一般大學,01131011,數學教育學系,碩士在職專班,39.0,6.0
112,國立臺中教育大學,一般大學,01131011,數學教育學系,碩士班(日間),30.0,6.0
112,國立臺中教育大學,一般大學,01131019,體育學系,學士班(日間),213.0,50.0
112,國立臺中教育大學,一般大學,01131019,體育學系,碩士在職專班,60.0,4.0
112,國立臺中教育大學,一般大學,01131019,體育學系,碩士班(日間),34.0,8.0
112,國立臺中教育大學,一般大學,02122034,文化創意產業設計與營運學系,學士班(日間),188.0,31.0
112,國立臺中教育大學,一般大學,02131029,美術學系,學士班(日間),181.0,43.0
112,國立臺中教育大學,一般大學,02131029,美術學系,碩士在職專班,82.0,19.0
112,國立臺中教育大學,一般大學,02131029,美術學系,碩士班(日間),44.0,3.0
112,國立臺中教育大學,一般大學,02151030,音樂學系,學士班(日間),146.0,26.0
112,國立臺中教育大學,一般大學,02151030,音樂學系,碩士班(日間),44.0,11.0
112,國立臺中教育大學,一般大學,02311032,英語學系,學士班(日間),201.0,34.0
112,國立臺中教育大學,一般大學,02311032,英語學系,碩士班(日間),19.0,2.0
112,國立臺中教育大學,一般大學,02321031,臺灣語文學系,學士班(日間),193.0,43.0
112,國立臺中教育大學,一般大學,02321031,臺灣語文學系,碩士班(日間),28.0,4.0
112,國立臺中教育大學,一般大學,03131035,諮商與應用心理學系,學士班(日間),197.0,48.0
112,國立臺中教育大學,一般大學,03131035,諮商與應用心理學系,碩士在職專班,58.0,8.0
112,國立臺中教育大學,一般大學,03131035,諮商與應用心理學系,碩士班(日間),68.0,11.0
112,國立臺中教育大學,一般大學,03191037,區域與社會發展學系,學士班(日間),191.0,46.0
112,國立臺中教育大學,一般大學,03191037,區域與社會發展學系,碩士在職專班,54.0,7.0
112,國立臺中教育大學,一般大學,03191037,區域與社會發展學系,碩士班(日間),26.0,4.0
112,國立臺中教育大學,一般大學,04131034,文化創意產業設計與營運學系事業經營管理碩士班,碩士班(日間),33.0,10.0
112,國立臺中教育大學,一般大學,04131039,國際企業學系,學士班(日間),273.0,57.0
112,國立臺中教育大學,一般大學,04131040,管理學院國際經營管理碩士在職專班,碩士在職專班,47.0,20.0
112,國立臺中教育大學,一般大學,04131040,管理學院國際經營管理碩士學位學程,碩士班(日間),14.0,7.0
112,國立臺中教育大學,一般大學,06131042,資訊工程學系,學士班(日間),202.0,49.0
112,國立臺中教育大學,一般大學,06131042,資訊工程學系,碩士班(日間),46.0,23.0
112,國立臺中教育大學,一般大學,06133041,數位內容科技學系,學士班(日間),190.0,46.0
112,國立臺中教育大學,一般大學,06133041,數位內容科技學系,碩士在職專班,24.0,7.0
112,國立臺中教育大學,一般大學,06133041,數位內容科技學系,碩士班(日間),23.0,5.0
112,國立臺中教育大學,一般大學,10151045,永續觀光暨遊憩管理碩士學位學程,碩士班(日間),30.0,5.0
112,國立臺中科技大學,技專校院,02112005,多媒體設計系,學士班(日間),213.0,47.0
112,國立臺中科技大學,技專校院,02112005,多媒體設計系碩士班,碩士班(日間),36.0,7.0
112,國立臺中科技大學,技專校院,02122006,商業設計科,二專(進修),62.0,30.0
112,國立臺中科技大學,技專校院,02122006,商業設計系,學士班(日間),294.0,89.0
112,國立臺中科技大學,技專校院,02122006,商業設計系,學士班(進修),275.0,80.0
112,國立臺中科技大學,技專校院,02122006,商業設計系碩士在職專班,碩士在職專班,38.0,15.0
112,國立臺中科技大學,技專校院,02122006,商業設計系碩士班,碩士班(日間),44.0,9.0
112,國立臺中科技大學,技專校院,02123007,創意商品設計系,學士班(日間),76.0,33.0
112,國立臺中科技大學,技專校院,02123007,創意商品設計菁英班,五專,225.0,27.0
112,國立臺中科技大學,技專校院,02124008,室內設計系,學士班(日間),193.0,45.0
112,國立臺中科技大學,技專校院,02124008,室內設計系,學士班(進修),67.0,18.0
112,國立臺中科技大學,技專校院,02124008,室內設計系碩士班,碩士班(日間),20.0,2.0
112,國立臺中科技大學,技專校院,02311003,應用英語科,二專(進修),58.0,19.0
112,國立臺中科技大學,技專校院,02311003,應用英語科,五專,261.0,47.0
112,國立臺中科技大學,技專校院,02311003,應用英語系,學士班(日間),228.0,71.0
112,國立臺中科技大學,技專校院,02311003,應用英語系,學士班(進修),406.0,100.0
112,國立臺中科技大學,技專校院,02311004,應用日語科,二專(進修),110.0,35.0
112,國立臺中科技大學,技專校院,02311004,應用日語科,五專,272.0,34.0
112,國立臺中科技大學,技專校院,02311004,應用日語系,學士班(日間),276.0,73.0
112,國立臺中科技大學,技專校院,02311004,應用日語系,學士班(進修),114.0,37.0
112,國立臺中科技大學,技專校院,02311004,應用日語系日本市場暨商務策略碩士班,碩士班(日間),25.0,8.0
112,國立臺中科技大學,技專校院,02311049,語文學院_應用資訊日語技優領航專班,學士班(日間),45.0,
112,國立臺中科技大學,技專校院,02322001,應用中文系,學士班(日間),182.0,41.0
112,國立臺中科技大學,技專校院,02322001,應用中文系_多元敘事專才技優領航專班,學士班(日間),46.0,
112,國立臺中科技大學,技專校院,04111012,會計資訊科,五專,392.0,40.0
112,國立臺中科技大學,技專校院,04111012,會計資訊系,學士班(日間),428.0,110.0
112,國立臺中科技大學,技專校院,04111012,會計資訊系,學士班(進修),241.0,64.0
112,國立臺中科技大學,技專校院,04111012,會計資訊系碩士在職專班,碩士在職專班,20.0,10.0
112,國立臺中科技大學,技專校院,04111012,會計資訊系碩士班,碩士班(日間),24.0,12.0
112,國立臺中科技大學,技專校院,04121021,財務金融科,二專(進修),48.0,20.0
112,國立臺中科技大學,技專校院,04121021,財務金融系,學士班(日間),348.0,88.0
112,國立臺中科技大學,技專校院,04121021,財務金融系,學士班(進修),339.0,69.0
112,國立臺中科技大學,技專校院,04121021,財務金融系碩士在職專班,碩士在職專班,33.0,12.0
112,國立臺中科技大學,技專校院,04121021,財務金融系碩士班,碩士班(日間),23.0,10.0
112,國立臺中科技大學,技專校院,04122028,財政稅務系,學士班(日間),365.0,85.0
112,國立臺中科技大學,技專校院,04122028,財政稅務系租稅管理與理財規劃碩士班,碩士班(日間),22.0,10.0
112,國立臺中科技大學,技專校院,04123027,保險金融管理科,五專,429.0,63.0
112,國立臺中科技大學,技專校院,04123027,保險金融管理系,學士班(日間),428.0,119.0
112,國立臺中科技大學,技專校院,04123027,保險金融管理系,學士班(進修),56.0,3.0
112,國立臺中科技大學,技專校院,04123027,保險金融管理系碩士班,碩士班(日間),21.0,7.0
112,國立臺中科技大學,技專校院,04131015,企業管理科,五專,451.0,67.0
112,國立臺中科技大學,技專校院,04131015,企業管理系,學士班(日間),296.0,97.0
112,國立臺中科技大學,技專校院,04131015,企業管理系,學士班(進修),350.0,138.0
112,國立臺中科技大學,技專校院,04131015,企業管理系_智慧及創新營運技優領航專班,學士班(日間),74.0,
112,國立臺中科技大學,技專校院,04131015,企業管理系碩士在職專班,碩士在職專班,59.0,22.0
112,國立臺中科技大學,技專校院,04131015,企業管理系碩士班,碩士班(日間),28.0,8.0
112,國立臺中科技大學,技專校院,04132029,流通管理系,學士班(日間),272.0,89.0
112,國立臺中科技大學,技專校院,04132029,流通管理系碩士在職專班,碩士在職專班,25.0,9.0
112,國立臺中科技大學,技專校院,04132029,流通管理系碩士班,碩士班(日間),29.0,15.0
112,國立臺中科技大學,技專校院,04141020,國際貿易與經營科,五專,248.0,41.0
112,國立臺中科技大學,技專校院,04141020,國際貿易與經營系,學士班(日間),448.0,124.0
112,國立臺中科技大學,技專校院,04141020,國際貿易與經營系,學士班(進修),430.0,103.0
112,國立臺中科技大學,技專校院,04191009,商業經營科,二專(進修),326.0,159.0
112,國立臺中科技大學,技專校院,04191009,商業經營系,學士班(日間),66.0,32.0
112,國立臺中科技大學,技專校院,04191009,商業經營系,學士班(進修),146.0,
112,國立臺中科技大學,技專校院,05421032,應用統計系,學士班(日間),174.0,40.0
112,國立臺中科技大學,技專校院,06131033,資訊管理科,二專(進修),74.0,27.0
112,國立臺中科技大學,技專校院,06131033,資訊管理科,五專,440.0,67.0
112,國立臺中科技大學,技專校院,06131033,資訊管理系,學士班(日間),373.0,118.0
112,國立臺中科技大學,技專校院,06131033,資訊管理系,學士班(進修),219.0,63.0
112,國立臺中科技大學,技專校院,06131033,資訊管理系_資訊管理系技優領航專班,學士班(日間),25.0,
112,國立臺中科技大學,技專校院,06131033,資訊管理系碩士在職專班,碩士在職專班,33.0,12.0
112,國立臺中科技大學,技專校院,06131033,資訊管理系碩士班,碩士班(日間),41.0,18.0
112,國立臺中科技大學,技專校院,06131050,資訊與流通學院智慧工程博士班,博士班,5.0,
112,國立臺中科技大學,技專校院,06132043,人工智慧應用工程學士學位學程,學士班(日間),121.0,
112,國立臺中科技大學,技專校院,07141036,資訊工程科,五專,465.0,60.0
112,國立臺中科技大學,技專校院,07141036,資訊工程系,學士班(日間),432.0,100.0
112,國立臺中科技大學,技專校院,07141036,資訊工程系,學士班(進修),162.0,37.0
112,國立臺中科技大學,技專校院,07141036,資訊工程系_大數據分析與人工智慧產業碩士專班,碩士班(日間),2.0,1.0
112,國立臺中科技大學,技專校院,07141036,資訊工程系碩士在職專班,碩士在職專班,31.0,6.0
112,國立臺中科技大學,技專校院,07141036,資訊工程系碩士班,碩士班(日間),48.0,18.0
112,國立臺中科技大學,技專校院,07191044,智慧生產工程系,學士班(日間),181.0,
112,國立臺中科技大學,技專校院,07191044,智慧生產工程系_智慧生產工程系技優領航專班,學士班(日間),30.0,
112,國立臺中科技大學,技專校院,07191044,智慧生產工程系_雙軌訓練旗艦計畫,學士班(日間),17.0,
112,國立臺中科技大學,技專校院,09131037,護理科,五專,521.0,90.0
112,國立臺中科技大學,技專校院,09131037,護理系,學士班(日間),599.0,180.0
112,國立臺中科技大學,技專校院,09131037,護理系碩士在職專班,碩士在職專班,43.0,7.0
112,國立臺中科技大學,技專校院,09131037,護理系碩士班,碩士班(日間),27.0,5.0
112,國立臺中科技大學,技專校院,09211038,老人服務事業管理系,學士班(日間),248.0,76.0
112,國立臺中科技大學,技專校院,09211038,老人服務事業管理系,學士班(進修),270.0,92.0
112,國立臺中科技大學,技專校院,10121040,美容科,二專(進修),127.0,46.0
112,國立臺中科技大學,技專校院,10121040,美容系,學士班(日間),264.0,94.0
112,國立臺中科技大學,技專校院,10121040,美容系,學士班(進修),214.0,60.0
112,國立臺中科技大學,技專校院,10121040,美容系_美容技優領航專班,學士班(日間),52.0,
112,國立臺中科技大學,技專校院,10121040,美容系碩士班,碩士班(日間),29.0,9.0
112,國立臺中科技大學,技專校院,10151039,休閒事業經營系,學士班(日間),173.0,55.0
112,國立臺中科技大學,技專校院,10151039,休閒事業經營系,學士班(進修),518.0,202.0
112,國立臺灣體育運動大學,一般大學,01141001,體育學系,學士班(日間),431.0,69.0
112,國立臺灣體育運動大學,一般大學,01141001,體育學系,學士班(進修),348.0,55.0
112,國立臺灣體育運動大學,一般大學,01141001,體育學系,碩士在職專班,32.0,3.0
112,國立臺灣體育運動大學,一般大學,01141001,體育學系,碩士班(日間),77.0,9.0
112,國立臺灣體育運動大學,一般大學,02112012,運動資訊與傳播學系,學士班(日間),199.0,40.0
112,國立臺灣體育運動大學,一般大學,02112012,運動資訊與傳播學系,碩士班(日間),5.0,
112,國立臺灣體育運動大學,一般大學,02152002,舞蹈學系,學士班(日間),203.0,49.0
112,國立臺灣體育運動大學,一般大學,02152002,舞蹈學系,碩士班(日間),29.0,6.0
112,國立臺灣體育運動大學,一般大學,04199010,運動事業管理學系,學士班(日間),207.0,40.0
112,國立臺灣體育運動大學,一般大學,04199010,運動事業管理學系,碩士在職專班,34.0,7.0
112,國立臺灣體育運動大學,一般大學,04199010,運動事業管理學系,碩士班(日間),33.0,10.0
112,國立臺灣體育運動大學,一般大學,04199010,運動事業管理學系東南亞博士班,博士班,6.0,
112,國立臺灣體育運動大學,一般大學,10141003,競技運動學系,博士班,13.0,
112,國立臺灣體育運動大學,一般大學,10141003,競技運動學系,學士班(日間),212.0,40.0
112,國立臺灣體育運動大學,一般大學,10141003,競技運動學系,碩士在職專班,26.0,8.0
112,國立臺灣體育運動大學,一般大學,10141003,競技運動學系,碩士班(日間),65.0,10.0
112,國立臺灣體育運動大學,一般大學,10141004,球類運動學系,學士班(日間),463.0,87.0
112,國立臺灣體育運動大學,一般大學,10141005,技擊運動學系,學士班(日間),225.0,52.0
112,國立臺灣體育運動大學,一般大學,10142006,運動健康科學學系,學士班(日間),198.0,43.0
112,國立臺灣體育運動大學,一般大學,10142006,運動健康科學學系,碩士在職專班,9.0,4.0
112,國立臺灣體育運動大學,一般大學,10142006,運動健康科學學系,碩士班(日間),30.0,4.0
112,國立臺灣體育運動大學,一般大學,10142006,運動健康科學學系碩士班在職學位學程,碩士在職專班,7.0,1.0
112,國立臺灣體育運動大學,一般大學,10152007,休閒運動學系,學士班(日間),218.0,38.0
112,國立臺灣體育運動大學,一般大學,10152007,休閒運動學系,碩士班(日間),48.0,10.0
112,國立臺灣體育運動大學,一般大學,10152008,休閒運動管理碩士在職學位學程,碩士在職專班,31.0,4.0
112,嶺東科技大學,技專校院,02112003,視覺傳達設計系,學士班(日間),637.0,134.0
112,嶺東科技大學,技專校院,02112003,視覺傳達設計系,學士班(進修),158.0,49.0
112,嶺東科技大學,技專校院,02112003,視覺傳達設計系碩士班,碩士班(日間),14.0,3.0
112,嶺東科技大學,技專校院,02112005,數位媒體設計系,學士班(日間),642.0,134.0
112,嶺東科技大學,技專校院,02112005,數位媒體設計系,學士班(進修),162.0,43.0
112,嶺東科技大學,技專校院,02112005,數位媒體設計系碩士班,碩士班(日間),20.0,8.0
112,嶺東科技大學,技專校院,02122002,流行設計系,學士班(日間),292.0,77.0
112,嶺東科技大學,技專校院,02122002,流行設計系,學士班(進修),174.0,38.0
112,嶺東科技大學,技專校院,02122002,流行設計系原住民專班,學士班(日間),34.0,
112,嶺東科技大學,技專校院,02122002,流行設計系碩士班,碩士班(日間),35.0,5.0
112,嶺東科技大學,技專校院,02123008,創意產品設計系,學士班(日間),370.0,85.0
112,嶺東科技大學,技專校院,02123008,創意產品設計系,學士班(進修),116.0,22.0
112,嶺東科技大學,技專校院,02123008,創意產品設計系碩士班,碩士班(日間),12.0,1.0
112,嶺東科技大學,技專校院,02125039,服飾設計系,學士班(日間),178.0,30.0
112,嶺東科技大學,技專校院,02125039,服飾設計系_智慧紡織服飾產學攜手合作專班,學士班(日間),34.0,32.0
112,嶺東科技大學,技專校院,02311001,應用外語系,學士班(日間),422.0,86.0
112,嶺東科技大學,技專校院,02311001,應用外語系,學士班(進修),121.0,18.0
112,嶺東科技大學,技專校院,04111010,會計資訊系,學士班(日間),89.0,26.0
112,嶺東科技大學,技專校院,04111010,會計資訊系碩士班,碩士班(日間),8.0,1.0
112,嶺東科技大學,技專校院,04121017,財務金融系,學士班(日間),252.0,69.0
112,嶺東科技大學,技專校院,04121017,財務金融系,學士班(進修),150.0,33.0
112,嶺東科技大學,技專校院,04121017,財務金融系原住民專班,學士班(日間),31.0,
112,嶺東科技大學,技專校院,04121017,財務金融系碩士在職專班,碩士在職專班,21.0,7.0
112,嶺東科技大學,技專校院,04121017,財務金融系碩士班,碩士班(日間),39.0,23.0
112,嶺東科技大學,技專校院,04131013,企業管理系,學士班(日間),318.0,63.0
112,嶺東科技大學,技專校院,04131013,企業管理系,學士班(進修),185.0,44.0
112,嶺東科技大學,技專校院,04131013,企業管理系_現役軍人營區在職專班,碩士在職專班,26.0,5.0
112,嶺東科技大學,技專校院,04131013,企業管理系碩士在職專班,碩士在職專班,25.0,13.0
112,嶺東科技大學,技專校院,04131013,企業管理系碩士班,碩士班(日間),15.0,5.0
112,嶺東科技大學,技專校院,04131013,企業管理系高階經營管理碩士在職專班(EMBA),碩士在職專班,79.0,31.0
112,嶺東科技大學,技專校院,04131015,國際企業系,學士班(進修),80.0,
112,嶺東科技大學,技專校院,04131015,國際企業系碩士在職專班,碩士在職專班,17.0,5.0
112,嶺東科技大學,技專校院,04131015,國際企業系碩士班,碩士班(日間),17.0,9.0
112,嶺東科技大學,技專校院,04141015,國際企業系,學士班(日間),409.0,125.0
112,嶺東科技大學,技專校院,04143024,行銷與流通管理系,學士班(日間),511.0,99.0
112,嶺東科技大學,技專校院,04143024,行銷與流通管理系,學士班(進修),188.0,46.0
112,嶺東科技大學,技專校院,04143024,行銷與流通管理系_雙軌訓練旗艦計畫,學士班(日間),4.0,3.0
112,嶺東科技大學,技專校院,04143024,行銷與流通管理系碩士班,碩士班(日間),19.0,5.0
112,嶺東科技大學,技專校院,04199040,時尚經營系,學士班(日間),353.0,72.0
112,嶺東科技大學,技專校院,04199040,時尚經營系,學士班(進修),123.0,23.0
112,嶺東科技大學,技專校院,04212029,財經法律研究所,碩士班(日間),,2.0
112,嶺東科技大學,技專校院,06121031,資訊管理系,學士班(日間),298.0,64.0
112,嶺東科技大學,技專校院,06131030,資訊科技系,學士班(日間),504.0,126.0
112,嶺東科技大學,技專校院,06131030,資訊科技系,學士班(進修),310.0,73.0
112,嶺東科技大學,技專校院,06131030,資訊科技系碩士班,碩士班(日間),31.0,3.0
112,嶺東科技大學,技專校院,06131031,資訊管理系碩士班,碩士班(日間),11.0,2.0
112,嶺東科技大學,技專校院,06132031,資訊管理系,學士班(進修),145.0,31.0
112,嶺東科技大學,技專校院,09221041,幼兒保育系,學士班(日間),113.0,
112,嶺東科技大學,技專校院,09221041,幼兒保育系,學士班(進修),94.0,44.0
112,嶺東科技大學,技專校院,10151036,觀光與休閒管理系,學士班(日間),460.0,123.0
112,嶺東科技大學,技專校院,10151036,觀光與休閒管理系,學士班(進修),317.0,95.0
112,嶺東科技大學,技專校院,10151036,觀光與休閒管理系碩士班,碩士班(日間),18.0,3.0
112,弘光科技大學,技專校院,02122041,文化設計與行銷系,學士班(日間),227.0,31.0
112,弘光科技大學,技專校院,02122041,文化設計與行銷系,學士班(進修),93.0,20.0
112,弘光科技大學,技專校院,02311038,國際溝通英語系,學士班(日間),159.0,46.0
112,弘光科技大學,技專校院,02311038,國際溝通英語系,學士班(進修),99.0,25.0
112,弘光科技大學,技專校院,04133005,健康事業管理系,學士班(日間),295.0,76.0
112,弘光科技大學,技專校院,04133005,健康事業管理系,學士班(進修),140.0,37.0
112,弘光科技大學,技專校院,04133005,健康事業管理系碩士班,碩士班(日間),25.0,8.0
112,弘光科技大學,技專校院,05111007,動物保健學士學位學程,學士班(日間),128.0,49.0
112,弘光科技大學,技專校院,05111007,動物保健系,學士班(日間),114.0,
112,弘光科技大學,技專校院,05111007,動物保健系,學士班(進修),91.0,
112,弘光科技大學,技專校院,05121008,生物科技系,學士班(日間),24.0,20.0
112,弘光科技大學,技專校院,05191023,營養系,學士班(日間),315.0,81.0
112,弘光科技大學,技專校院,05191023,營養系,學士班(進修),127.0,27.0
112,弘光科技大學,技專校院,05191023,營養系_香港二技專班,學士班(日間),1.0,1.0
112,弘光科技大學,技專校院,05191023,營養系碩士班,碩士班(日間),11.0,5.0
112,弘光科技大學,技專校院,06131040,智慧科技應用系,學士班(日間),255.0,47.0
112,弘光科技大學,技專校院,06131040,智慧科技應用系,學士班(進修),125.0,25.0
112,弘光科技大學,技專校院,06131040,智慧科技應用系_海外青年技術訓練班,二專(日間),9.0,7.0
112,弘光科技大學,技專校院,06133039,多媒體遊戲發展與應用系,學士班(日間),308.0,61.0
112,弘光科技大學,技專校院,06133039,多媒體遊戲發展與應用系,學士班(進修),209.0,42.0
112,弘光科技大學,技專校院,06133039,多媒體遊戲發展與應用系_香港二技專班,學士班(日間),1.0,
112,弘光科技大學,技專校院,07121014,環境與安全衛生工程系,學士班(日間),437.0,90.0
112,弘光科技大學,技專校院,07121014,環境與安全衛生工程系,學士班(進修),320.0,75.0
112,弘光科技大學,技專校院,07121014,環境與安全衛生工程系_香港二技專班,學士班(日間),1.0,
112,弘光科技大學,技專校院,07121014,環境與安全衛生工程系碩士在職專班,碩士在職專班,20.0,13.0
112,弘光科技大學,技專校院,07121014,環境與安全衛生工程系碩士班,碩士班(日間),22.0,11.0
112,弘光科技大學,技專校院,07193042,醫療器材發展與應用系,學士班(日間),217.0,63.0
112,弘光科技大學,技專校院,07211017,食品科技系,學士班(日間),538.0,119.0
112,弘光科技大學,技專校院,07211017,食品科技系,學士班(進修),365.0,92.0
112,弘光科技大學,技專校院,07211017,食品科技系_海外青年技術訓練班,二專(日間),19.0,
112,弘光科技大學,技專校院,07211017,食品科技系碩士在職專班,碩士在職專班,10.0,3.0
112,弘光科技大學,技專校院,07211017,食品科技系碩士班,碩士班(日間),17.0,8.0
112,弘光科技大學,技專校院,09131025,學士後護理系,學士班(日間),127.0,39.0
112,弘光科技大學,技專校院,09131025,護理科,五專,268.0,54.0
112,弘光科技大學,技專校院,09131025,護理系,學士班(日間),1436.0,519.0
112,弘光科技大學,技專校院,09131025,護理系,學士班(進修),788.0,246.0
112,弘光科技大學,技專校院,09131025,護理系博士班,博士班,16.0,3.0
112,弘光科技大學,技專校院,09131025,護理系碩士在職專班,碩士在職專班,49.0,5.0
112,弘光科技大學,技專校院,09131025,護理系碩士班,碩士班(日間),55.0,11.0
112,弘光科技大學,技專校院,09151020,物理治療系,學士班(日間),418.0,83.0
112,弘光科技大學,技專校院,09153021,語言治療與聽力學系,學士班(日間),192.0,46.0
112,弘光科技大學,技專校院,09211037,老人福利與長期照顧事業系,學士班(日間),280.0,73.0
112,弘光科技大學,技專校院,09211037,老人福利與長期照顧事業系,學士班(進修),142.0,37.0
112,弘光科技大學,技專校院,09211037,老人福利與長期照顧事業系碩士班,碩士班(日間),23.0,9.0
112,弘光科技大學,技專校院,09221028,幼兒保育系,學士班(日間),335.0,81.0
112,弘光科技大學,技專校院,09221028,幼兒保育系,學士班(進修),178.0,43.0
112,弘光科技大學,技專校院,10121031,化妝品應用科,二專(進修),40.0,12.0
112,弘光科技大學,技專校院,10121031,化妝品應用系,學士班(日間),414.0,88.0
112,弘光科技大學,技專校院,10121031,化妝品應用系,學士班(進修),206.0,66.0
112,弘光科技大學,技專校院,10121031,化妝品應用系_香港二技專班,學士班(日間),1.0,1.0
112,弘光科技大學,技專校院,10121031,化妝品應用系碩士在職專班,碩士在職專班,12.0,4.0
112,弘光科技大學,技專校院,10121031,化妝品應用系碩士班,碩士班(日間),28.0,13.0
112,弘光科技大學,技專校院,10121034,美髮造型設計科,二專(進修),59.0,17.0
112,弘光科技大學,技專校院,10121034,美髮造型設計系,學士班(日間),379.0,80.0
112,弘光科技大學,技專校院,10121034,美髮造型設計系,學士班(進修),62.0,24.0
112,弘光科技大學,技專校院,10131029,餐旅管理系,學士班(日間),618.0,165.0
112,弘光科技大學,技專校院,10131029,餐旅管理系,學士班(進修),375.0,95.0
112,弘光科技大學,技專校院,10152030,運動休閒系,學士班(日間),222.0,50.0
112,弘光科技大學,技專校院,10152030,運動休閒系,學士班(進修),150.0,39.0
112,朝陽科技大學,技專校院,02112003,視覺傳達設計系,學士班(日間),519.0,123.0
112,朝陽科技大學,技專校院,02112003,視覺傳達設計系,學士班(進修),110.0,28.0
112,朝陽科技大學,技專校院,02112003,視覺傳達設計系_香港二技專班,學士班(日間),8.0,3.0
112,朝陽科技大學,技專校院,02112003,視覺傳達設計系碩士班,碩士班(日間),25.0,2.0
112,朝陽科技大學,技專校院,02122028,建築系建築及都市設計博士班,博士班,19.0,3.0
112,朝陽科技大學,技專校院,02123004,工業設計系,學士班(日間),456.0,103.0
112,朝陽科技大學,技專校院,02123004,工業設計系,學士班(進修),72.0,27.0
112,朝陽科技大學,技專校院,02123004,工業設計系,碩士在職專班,2.0,2.0
112,朝陽科技大學,技專校院,02123004,工業設計系_香港二技專班,學士班(日間),2.0,1.0
112,朝陽科技大學,技專校院,02123004,工業設計系碩士班,碩士班(日間),18.0,4.0
112,朝陽科技大學,技專校院,02311001,應用英語系,學士班(日間),433.0,115.0
112,朝陽科技大學,技專校院,02311001,應用英語系,學士班(進修),6.0,1.0
112,朝陽科技大學,技專校院,02311001,應用英語系碩士班,碩士班(日間),16.0,2.0
112,朝陽科技大學,技專校院,03211006,傳播藝術系,學士班(日間),451.0,105.0
112,朝陽科技大學,技專校院,03211006,傳播藝術系,學士班(進修),120.0,20.0
112,朝陽科技大學,技專校院,03211006,傳播藝術系_香港二技專班,學士班(日間),8.0,7.0
112,朝陽科技大學,技專校院,04111007,會計系,學士班(日間),444.0,113.0
112,朝陽科技大學,技專校院,04111007,會計系碩士班,碩士班(日間),12.0,10.0
112,朝陽科技大學,技專校院,04121010,財務金融系,學士班(日間),667.0,142.0
112,朝陽科技大學,技專校院,04121010,財務金融系碩士在職專班,碩士在職專班,14.0,6.0
112,朝陽科技大學,技專校院,04121010,財務金融系碩士班,碩士班(日間),17.0,12.0
112,朝陽科技大學,技專校院,04123011,保險金融管理系,學士班(日間),588.0,127.0
112,朝陽科技大學,技專校院,04123011,保險金融管理系碩士在職專班,碩士在職專班,31.0,5.0
112,朝陽科技大學,技專校院,04123011,保險金融管理系碩士班,碩士班(日間),18.0,18.0
112,朝陽科技大學,技專校院,04131008,企業管理系,學士班(日間),717.0,146.0
112,朝陽科技大學,技專校院,04131008,企業管理系,學士班(進修),124.0,24.0
112,朝陽科技大學,技專校院,04131008,企業管理系台灣產業策略發展博士班,博士班,41.0,7.0
112,朝陽科技大學,技專校院,04131008,企業管理系碩士在職專班,碩士在職專班,22.0,6.0
112,朝陽科技大學,技專校院,04131008,企業管理系碩士班,碩士班(日間),52.0,6.0
112,朝陽科技大學,技專校院,04131008,企業管理系高階產業經營碩士在職專班,碩士在職專班,21.0,8.0
112,朝陽科技大學,技專校院,04132012,行銷與流通管理系,學士班(日間),593.0,148.0
112,朝陽科技大學,技專校院,04132012,行銷與流通管理系,學士班(進修),133.0,54.0
112,朝陽科技大學,技專校院,04132012,行銷與流通管理系_國際學生產學合作專班,學士班(日間),87.0,
112,朝陽科技大學,技專校院,04132012,行銷與流通管理系_香港二技專班,學士班(日間),3.0,1.0
112,朝陽科技大學,技專校院,04132012,行銷與流通管理系碩士班,碩士班(日間),20.0,9.0
112,朝陽科技大學,技專校院,05121017,應用化學系生化科技博士班,博士班,14.0,2.0
112,朝陽科技大學,技專校院,05311017,應用化學系,學士班(日間),185.0,39.0
112,朝陽科技大學,技專校院,05311017,應用化學系_國際學生產學合作專班,學士班(日間),71.0,3.0
112,朝陽科技大學,技專校院,05311017,應用化學系碩士在職專班,碩士在職專班,7.0,2.0
112,朝陽科技大學,技專校院,05311017,應用化學系碩士班,碩士班(日間),13.0,6.0
112,朝陽科技大學,技專校院,06111023,資訊與通訊系,學士班(日間),361.0,94.0
112,朝陽科技大學,技專校院,06111023,資訊與通訊系_香港二技專班,學士班(日間),1.0,1.0
112,朝陽科技大學,技專校院,06131019,資訊管理系,學士班(日間),704.0,146.0
112,朝陽科技大學,技專校院,06131019,資訊管理系,學士班(進修),72.0,15.0
112,朝陽科技大學,技專校院,06131019,資訊管理系_香港二技專班,學士班(日間),1.0,
112,朝陽科技大學,技專校院,06131019,資訊管理系博士班,博士班,18.0,6.0
112,朝陽科技大學,技專校院,06131019,資訊管理系碩士在職專班,碩士在職專班,11.0,7.0
112,朝陽科技大學,技專校院,06131019,資訊管理系碩士班,碩士班(日間),39.0,12.0
112,朝陽科技大學,技專校院,06132023,資訊與通訊系碩士班,碩士班(日間),50.0,12.0
112,朝陽科技大學,技專校院,07121027,環境工程與管理系,學士班(日間),349.0,95.0
112,朝陽科技大學,技專校院,07121027,環境工程與管理系,碩士在職專班,3.0,2.0
112,朝陽科技大學,技專校院,07121027,環境工程與管理系碩士班,碩士班(日間),37.0,17.0
112,朝陽科技大學,技專校院,07141020,資訊工程系,學士班(日間),439.0,76.0
112,朝陽科技大學,技專校院,07141020,資訊工程系,學士班(進修),5.0,2.0
112,朝陽科技大學,技專校院,07141020,資訊工程系碩士在職專班,碩士在職專班,6.0,5.0
112,朝陽科技大學,技專校院,07141020,資訊工程系碩士班,碩士班(日間),43.0,13.0
112,朝陽科技大學,技專校院,07162039,航空機械系,學士班(日間),335.0,45.0
112,朝陽科技大學,技專校院,07191026,工業工程與管理系,學士班(日間),403.0,101.0
112,朝陽科技大學,技專校院,07191026,工業工程與管理系,學士班(進修),79.0,23.0
112,朝陽科技大學,技專校院,07191026,工業工程與管理系,碩士在職專班,5.0,2.0
112,朝陽科技大學,技專校院,07191026,工業工程與管理系_國際學生產學合作專班,學士班(日間),95.0,13.0
112,朝陽科技大學,技專校院,07191026,工業工程與管理系碩士班,碩士班(日間),40.0,14.0
112,朝陽科技大學,技專校院,07311028,建築系,學士班(日間),462.0,91.0
112,朝陽科技大學,技專校院,07311028,建築系建築及都市設計碩士班,碩士班(日間),27.0,7.0
112,朝陽科技大學,技專校院,07312031,景觀及都市設計系,學士班(日間),343.0,59.0
112,朝陽科技大學,技專校院,07312031,景觀及都市設計系碩士班,碩士班(日間),26.0,5.0
112,朝陽科技大學,技專校院,07312042,景觀系,學士班(日間),2.0,2.0
112,朝陽科技大學,技專校院,07312043,景觀造園與維護系,學士班(日間),8.0,3.0
112,朝陽科技大學,技專校院,07321025,營建工程系,學士班(日間),452.0,98.0
112,朝陽科技大學,技專校院,07321025,營建工程系,碩士在職專班,5.0,
112,朝陽科技大學,技專校院,07321025,營建工程系博士班,博士班,7.0,3.0
112,朝陽科技大學,技專校院,07321025,營建工程系碩士班,碩士班(日間),39.0,11.0
112,朝陽科技大學,技專校院,09211014,銀髮產業管理系,學士班(日間),331.0,91.0
112,朝陽科技大學,技專校院,09211014,銀髮產業管理系碩士班,碩士班(日間),26.0,4.0
112,朝陽科技大學,技專校院,09221035,幼兒保育系,學士班(日間),457.0,100.0
112,朝陽科技大學,技專校院,09221035,幼兒保育系,學士班(進修),131.0,42.0
112,朝陽科技大學,技專校院,09221035,幼兒保育系碩士在職專班,碩士在職專班,67.0,8.0
112,朝陽科技大學,技專校院,09221035,幼兒保育系碩士班,碩士班(日間),48.0,16.0
112,朝陽科技大學,技專校院,09231034,社會工作系,學士班(日間),367.0,78.0
112,朝陽科技大學,技專校院,09231034,社會工作系,學士班(進修),11.0,4.0
112,朝陽科技大學,技專校院,09231034,社會工作系碩士在職專班,碩士在職專班,21.0,3.0
112,朝陽科技大學,技專校院,09231034,社會工作系碩士班,碩士班(日間),14.0,1.0
112,朝陽科技大學,技專校院,10152036,休閒事業管理系,學士班(日間),396.0,96.0
112,朝陽科技大學,技專校院,10152036,休閒事業管理系,學士班(進修),305.0,72.0
112,朝陽科技大學,技專校院,10152036,休閒事業管理系_國際學生產學合作專班,學士班(日間),110.0,25.0
112,朝陽科技大學,技專校院,10152036,休閒事業管理系_香港二技專班,學士班(日間),1.0,1.0
112,朝陽科技大學,技專校院,10152036,休閒事業管理系碩士在職專班,碩士在職專班,36.0,16.0
112,朝陽科技大學,技專校院,10152036,休閒事業管理系碩士班,碩士班(日間),29.0,10.0
112,朝陽科技大學,技專校院,10413040,飛行與民航人員技術系,學士班(日間),203.0,
112,朝陽科技大學,技專校院,10413041,航空運務系,學士班(日間),54.0,
112,東海大學,一般大學,01111001,教育研究所,碩士在職專班,52.0,11.0
112,東海大學,一般大學,01111001,教育研究所,碩士班(日間),36.0,9.0
112,東海大學,一般大學,02123011,工業設計學系,學士班(日間),158.0,32.0
112,東海大學,一般大學,02123011,工業設計學系,碩士在職專班,14.0,6.0
112,東海大學,一般大學,02123011,工業設計學系,碩士班(日間),13.0,5.0
112,東海大學,一般大學,02131002,美術學系,學士班(日間),189.0,42.0
112,東海大學,一般大學,02131002,美術學系,學士班(進修),113.0,19.0
112,東海大學,一般大學,02131002,美術學系,碩士在職專班,86.0,7.0
112,東海大學,一般大學,02131002,美術學系,碩士班(日間),55.0,14.0
112,東海大學,一般大學,02151003,音樂學系,學士班(日間),151.0,34.0
112,東海大學,一般大學,02151003,音樂學系,碩士班(日間),64.0,13.0
112,東海大學,一般大學,02152058,表演藝術與創作碩士學位學程,碩士班(日間),23.0,4.0
112,東海大學,一般大學,02221009,歷史學系,學士班(日間),238.0,52.0
112,東海大學,一般大學,02221009,歷史學系,碩士班(日間),18.0,1.0
112,東海大學,一般大學,02231010,哲學系,博士班,24.0,2.0
112,東海大學,一般大學,02231010,哲學系,學士班(日間),207.0,41.0
112,東海大學,一般大學,02231010,哲學系,碩士在職專班,24.0,3.0
112,東海大學,一般大學,02231010,哲學系,碩士班(日間),21.0,1.0
112,東海大學,一般大學,02311005,外國語文學系,學士班(日間),421.0,84.0
112,東海大學,一般大學,02311005,外國語文學系,碩士班(日間),36.0,6.0
112,東海大學,一般大學,02311007,日本語言文化學系,學士班(日間),434.0,85.0
112,東海大學,一般大學,02311007,日本語言文化學系,碩士班(日間),23.0,3.0
112,東海大學,一般大學,02322004,中國文學系,博士班,21.0,1.0
112,東海大學,一般大學,02322004,中國文學系,學士班(日間),406.0,87.0
112,東海大學,一般大學,02322004,中國文學系,碩士在職專班,1.0,
112,東海大學,一般大學,02322004,中國文學系,碩士班(日間),42.0,6.0
112,東海大學,一般大學,02323062,華語文教學國際碩士學位學程,碩士班(日間),20.0,3.0
112,東海大學,一般大學,03111012,經濟學系,學士班(日間),512.0,110.0
112,東海大學,一般大學,03111012,經濟學系,碩士班(日間),14.0,8.0
112,東海大學,一般大學,03121013,政治學系,博士班,32.0,9.0
112,東海大學,一般大學,03121013,政治學系,學士班(日間),358.0,81.0
112,東海大學,一般大學,03121013,政治學系,碩士班(日間),27.0,6.0
112,東海大學,一般大學,03141014,社會學系,博士班,36.0,4.0
112,東海大學,一般大學,03141014,社會學系,學士班(日間),372.0,95.0
112,東海大學,一般大學,03141014,社會學系,碩士班(日間),33.0,4.0
112,東海大學,一般大學,04111018,會計學系,學士班(日間),465.0,112.0
112,東海大學,一般大學,04111018,會計學系,碩士在職專班,2.0,4.0
112,東海大學,一般大學,04111018,會計學系,碩士班(日間),24.0,12.0
112,東海大學,一般大學,04121024,財務金融學系,學士班(日間),507.0,115.0
112,東海大學,一般大學,04121024,財務金融學系,碩士在職專班,1.0,1.0
112,東海大學,一般大學,04121024,財務金融學系,碩士班(日間),34.0,10.0
112,東海大學,一般大學,04131019,企業管理學系,學士班(日間),729.0,179.0
112,東海大學,一般大學,04131019,企業管理學系,碩士班(日間),61.0,29.0
112,東海大學,一般大學,04131021,國際學院國際經營管理學位學程,學士班(日間),275.0,59.0
112,東海大學,一般大學,04131025,高階經營管理碩士在職專班,碩士在職專班,390.0,86.0
112,東海大學,一般大學,04131059,國際企業管理碩士學位學程,碩士班(日間),57.0,23.0
112,東海大學,一般大學,04133044,工業工程與經營資訊學系高階醫務工程與管理碩士在職專班,碩士在職專班,40.0,13.0
112,東海大學,一般大學,04134016,行政管理暨政策學系,學士班(日間),364.0,87.0
112,東海大學,一般大學,04134016,行政管理暨政策學系,碩士班(日間),14.0,4.0
112,東海大學,一般大學,04134016,行政管理暨政策學系第三部門碩士在職專班,碩士在職專班,2.0,1.0
112,東海大學,一般大學,04134017,公共事務碩士專班,碩士在職專班,51.0,11.0
112,東海大學,一般大學,04141023,國際經營與貿易學系,學士班(日間),649.0,168.0
112,東海大學,一般大學,04141023,國際經營與貿易學系,碩士班(日間),30.0,16.0
112,東海大學,一般大學,04211027,法律學系,博士班,20.0,1.0
112,東海大學,一般大學,04211027,法律學系,學士班(日間),524.0,125.0
112,東海大學,一般大學,04211027,法律學系,學士班(進修),109.0,17.0
112,東海大學,一般大學,04211027,法律學系,碩士在職專班,12.0,
112,東海大學,一般大學,04211027,法律學系,碩士班(日間),149.0,17.0
112,東海大學,一般大學,05111028,生命科學系,博士班,21.0,6.0
112,東海大學,一般大學,05111028,生命科學系,學士班(日間),348.0,73.0
112,東海大學,一般大學,05111028,生命科學系,碩士班(日間),18.0,10.0
112,東海大學,一般大學,05111061,生物多樣性國際研究生博士學位學程,博士班,7.0,
112,東海大學,一般大學,05123060,生醫暨材料科學國際博士學位學程,博士班,4.0,
112,東海大學,一般大學,05211065,永續科學與管理學士學位學程,學士班(日間),87.0,7.0
112,東海大學,一般大學,05311030,化學系,博士班,9.0,3.0
112,東海大學,一般大學,05311030,化學系,學士班(日間),356.0,75.0
112,東海大學,一般大學,05311030,化學系,碩士班(日間),32.0,12.0
112,東海大學,一般大學,05331032,應用物理學系,博士班,4.0,
112,東海大學,一般大學,05331032,應用物理學系,學士班(日間),202.0,45.0
112,東海大學,一般大學,05331032,應用物理學系,碩士班(日間),9.0,1.0
112,東海大學,一般大學,05411034,應用數學系,學士班(日間),164.0,30.0
112,東海大學,一般大學,05411034,應用數學系,碩士班(日間),12.0,2.0
112,東海大學,一般大學,05421035,統計學系,博士班,4.0,
112,東海大學,一般大學,05421035,統計學系,學士班(日間),375.0,81.0
112,東海大學,一般大學,05421035,統計學系,碩士班(日間),15.0,8.0
112,東海大學,一般大學,06131039,資訊工程學系,學士班(日間),614.0,129.0
112,東海大學,一般大學,06131039,資訊工程學系,學士班(進修),7.0,2.0
112,東海大學,一般大學,06131039,資訊工程學系,碩士在職專班,16.0,7.0
112,東海大學,一般大學,06131039,資訊工程學系,碩士班(日間),63.0,17.0
112,東海大學,一般大學,06133047,數位創新碩士學位學程,碩士班(日間),39.0,9.0
112,東海大學,一般大學,06134036,資訊管理學系,學士班(日間),278.0,65.0
112,東海大學,一般大學,06134036,資訊管理學系,碩士班(日間),37.0,15.0
112,東海大學,一般大學,07111042,化學工程與材料工程學系,博士班,3.0,
112,東海大學,一般大學,07111042,化學工程與材料工程學系,學士班(日間),379.0,77.0
112,東海大學,一般大學,07111042,化學工程與材料工程學系,碩士班(日間),48.0,16.0
112,東海大學,一般大學,07121045,環境科學與工程學系,博士班,4.0,1.0
112,東海大學,一般大學,07121045,環境科學與工程學系,學士班(日間),321.0,80.0
112,東海大學,一般大學,07121045,環境科學與工程學系,碩士班(日間),21.0,8.0
112,東海大學,一般大學,07141037,電機工程學系,學士班(日間),393.0,77.0
112,東海大學,一般大學,07141037,電機工程學系,碩士班(日間),31.0,14.0
112,東海大學,一般大學,07191044,工業工程與經營資訊學系,博士班,29.0,4.0
112,東海大學,一般大學,07191044,工業工程與經營資訊學系,學士班(日間),383.0,90.0
112,東海大學,一般大學,07191044,工業工程與經營資訊學系,碩士班(日間),61.0,27.0
112,東海大學,一般大學,07211052,食品科學系,學士班(日間),369.0,91.0
112,東海大學,一般大學,07211052,食品科學系,碩士班(日間),31.0,5.0
112,東海大學,一般大學,07311048,建築學系,學士班(日間),185.0,33.0
112,東海大學,一般大學,07311048,建築學系,碩士班(日間),51.0,12.0
112,東海大學,一般大學,07312049,景觀學系,學士班(日間),211.0,41.0
112,東海大學,一般大學,07312049,景觀學系,碩士在職專班,31.0,7.0
112,東海大學,一般大學,07312049,景觀學系,碩士班(日間),25.0,6.0
112,東海大學,一般大學,08112051,畜產與生物科技學系,博士班,10.0,2.0
112,東海大學,一般大學,08112051,畜產與生物科技學系,學士班(日間),389.0,80.0
112,東海大學,一般大學,08112051,畜產與生物科技學系,碩士班(日間),10.0,2.0
112,東海大學,一般大學,09199063,高齡健康與運動科學學士學位學程,學士班(日間),155.0,
112,東海大學,一般大學,09211063,高齡健康與運動科學學士學位學程,學士班(日間),,24.0
112,東海大學,一般大學,09231053,社會工作學系,博士班,21.0,4.0
112,東海大學,一般大學,09231053,社會工作學系,學士班(日間),502.0,125.0
112,東海大學,一般大學,09231053,社會工作學系,碩士班(日間),66.0,9.0
112,東海大學,一般大學,10131054,餐旅管理學系,學士班(日間),269.0,68.0
112,東海大學,一般大學,10131054,餐旅管理學系,碩士在職專班,31.0,14.0
112,東海大學,一般大學,10131054,餐旅管理學系,碩士班(日間),16.0,10.0
112,東海大學,一般大學,10152055,運動休閒與健康管理學位學程,學士班(進修),21.0,12.0
112,東海大學,一般大學,99999064,國際學院不分系英語學士班,學士班(日間),12.0,
112,逢甲大學,一般大學,02122006,創新設計學士學位學程,學士班(日間),1.0,1.0
112,逢甲大學,一般大學,02124007,室內設計學士學位學程,學士班(日間),,14.0
112,逢甲大學,一般大學,02124007,室內設計進修學士班,學士班(進修),162.0,26.0
112,逢甲大學,一般大學,02221003,歷史與文物研究所,碩士班(日間),14.0,6.0
112,逢甲大學,一般大學,02299113,文化與社會創新碩士學位學程,碩士班(日間),37.0,9.0
112,逢甲大學,一般大學,02311002,外國語文學系,學士班(日間),426.0,119.0
112,逢甲大學,一般大學,02311002,外國語文學系英語文研究碩士班,碩士班(日間),25.0,7.0
112,逢甲大學,一般大學,02322001,中國文學系,博士班,33.0,1.0
112,逢甲大學,一般大學,02322001,中國文學系,學士班(日間),220.0,48.0
112,逢甲大學,一般大學,02322001,中國文學系,碩士班(日間),25.0,1.0
112,逢甲大學,一般大學,03111009,經濟學系,博士班,2.0,1.0
112,逢甲大學,一般大學,03111009,經濟學系,學士班(日間),448.0,89.0
112,逢甲大學,一般大學,03111009,經濟學系,碩士班(日間),21.0,9.0
112,逢甲大學,一般大學,03111012,合作經濟暨社會事業經營學系,學士班(日間),237.0,54.0
112,逢甲大學,一般大學,03111012,合作經濟暨社會事業經營學系,碩士班(日間),19.0,4.0
112,逢甲大學,一般大學,04111017,會計學系,學士班(日間),741.0,172.0
112,逢甲大學,一般大學,04111017,會計學系,碩士班(日間),41.0,23.0
112,逢甲大學,一般大學,04121025,財務金融學系,學士班(日間),749.0,188.0
112,逢甲大學,一般大學,04121025,財務金融學系,碩士班(日間),41.0,19.0
112,逢甲大學,一般大學,04121026,金融博士學位學程,博士班,38.0,11.0
112,逢甲大學,一般大學,04121026,金融碩士在職學位學程,碩士在職專班,60.0,22.0
112,逢甲大學,一般大學,04121028,財務工程與精算學士學位學程,學士班(日間),210.0,57.0
112,逢甲大學,一般大學,04122032,財稅學系,學士班(日間),471.0,116.0
112,逢甲大學,一般大學,04122032,財稅學系,碩士班(日間),19.0,18.0
112,逢甲大學,一般大學,04123029,風險管理與保險學系,學士班(日間),434.0,100.0
112,逢甲大學,一般大學,04123029,風險管理與保險學系,碩士班(日間),32.0,13.0
112,逢甲大學,一般大學,04131019,企業管理學系,學士班(日間),561.0,115.0
112,逢甲大學,一般大學,04131019,企業管理學系,碩士班(日間),48.0,21.0
112,逢甲大學,一般大學,04131020,經營管理碩士在職學位學程,碩士在職專班,410.0,144.0
112,逢甲大學,一般大學,04131021,國際企業管理全英語學士學位學程,學士班(日間),190.0,6.0
112,逢甲大學,一般大學,04134086,土地管理學系,學士班(日間),464.0,107.0
112,逢甲大學,一般大學,04134086,土地管理學系,碩士在職專班,1.0,
112,逢甲大學,一般大學,04134086,土地管理學系,碩士班(日間),42.0,15.0
112,逢甲大學,一般大學,04134097,公共事務與社會創新研究所,碩士在職專班,14.0,1.0
112,逢甲大學,一般大學,04134097,公共事務與社會創新研究所,碩士班(日間),5.0,
112,逢甲大學,一般大學,04141024,國際經營與貿易學系,學士班(日間),755.0,171.0
112,逢甲大學,一般大學,04141024,國際經營與貿易學系,碩士班(日間),53.0,33.0
112,逢甲大學,一般大學,04141024,國際經營與貿易學系國際企業管理全英語學士班,學士班(日間),54.0,48.0
112,逢甲大學,一般大學,04143033,行銷學系,學士班(日間),548.0,127.0
112,逢甲大學,一般大學,04143033,行銷學系全球行銷碩士班,碩士班(日間),39.0,12.0
112,逢甲大學,一般大學,04191014,商學博士學位學程,博士班,115.0,21.0
112,逢甲大學,一般大學,04191014,商學進修學士學位學程,學士班(進修),391.0,97.0
112,逢甲大學,一般大學,04191014,商學進修學士班,學士班(進修),2.0,2.0
112,逢甲大學,一般大學,04191014,澳洲昆士蘭大學商學雙學士學位學程,學士班(日間),30.0,
112,逢甲大學,一般大學,04191016,商學專業碩士在職學位學程,碩士在職專班,76.0,36.0
112,逢甲大學,一般大學,04199035,澳洲墨爾本皇家理工大學商學與創新雙學士學位學程,學士班(日間),90.0,15.0
112,逢甲大學,一般大學,04199037,專案管理碩士在職學位學程,碩士在職專班,77.0,21.0
112,逢甲大學,一般大學,04199037,建設學院專案管理碩士在職專班,碩士在職專班,1.0,
112,逢甲大學,一般大學,04199092,美國加州聖荷西州立大學商學大數據分析雙學士學位學程,學士班(日間),103.0,19.0
112,逢甲大學,一般大學,04199096,建設碩士在職學位學程,碩士在職專班,154.0,37.0
112,逢甲大學,一般大學,04212038,財經法律研究所,碩士在職專班,76.0,17.0
112,逢甲大學,一般大學,04212038,財經法律研究所,碩士班(日間),57.0,12.0
112,逢甲大學,一般大學,05299119,學士後工程與科學學院淨零智慧永續學士班,學士班(日間),16.0,
112,逢甲大學,一般大學,05411039,應用數學系,學士班(日間),367.0,95.0
112,逢甲大學,一般大學,05411039,應用數學系,碩士班(日間),1.0,1.0
112,逢甲大學,一般大學,05411114,數據科學碩士學位學程,碩士班(日間),25.0,13.0
112,逢甲大學,一般大學,05421040,統計學系,學士班(日間),419.0,90.0
112,逢甲大學,一般大學,05421040,統計學系統計與精算碩士班,碩士班(日間),36.0,14.0
112,逢甲大學,一般大學,06131048,澳洲蒙納許大學資訊工程雙學士學位學程,學士班(日間),10.0,
112,逢甲大學,一般大學,06131048,美國加州舊金山州立大學資訊工程雙學士學位學程,學士班(日間),59.0,5.0
112,逢甲大學,一般大學,06131048,資訊工程學系,博士班,27.0,3.0
112,逢甲大學,一般大學,06131048,資訊工程學系,學士班(日間),998.0,229.0
112,逢甲大學,一般大學,06131048,資訊工程學系,碩士班(日間),129.0,51.0
112,逢甲大學,一般大學,06131055,智慧聯網產業博士學位學程,博士班,2.0,1.0
112,逢甲大學,一般大學,06134115,人工智慧技術與應用學士學位學程,學士班(日間),157.0,
112,逢甲大學,一般大學,07111068,化學工程學系,博士班,9.0,1.0
112,逢甲大學,一般大學,07111068,化學工程學系,學士班(日間),488.0,112.0
112,逢甲大學,一般大學,07111068,化學工程學系,碩士班(日間),82.0,41.0
112,逢甲大學,一般大學,07112069,材料科學與工程學系,博士班,9.0,1.0
112,逢甲大學,一般大學,07112069,材料科學與工程學系,學士班(日間),542.0,120.0
112,逢甲大學,一般大學,07112069,材料科學與工程學系,碩士班(日間),78.0,34.0
112,逢甲大學,一般大學,07121075,環境工程與科學學系,博士班,12.0,2.0
112,逢甲大學,一般大學,07121075,環境工程與科學學系,學士班(日間),412.0,92.0
112,逢甲大學,一般大學,07121075,環境工程與科學學系,碩士班(日間),54.0,21.0
112,逢甲大學,一般大學,07122077,水利工程與資源保育學系,學士班(日間),343.0,74.0
112,逢甲大學,一般大學,07122077,水利工程與資源保育學系,碩士班(日間),18.0,5.0
112,逢甲大學,一般大學,07132079,綠色能源科技碩士學位學程,碩士班(日間),25.0,5.0
112,逢甲大學,一般大學,07141044,電機工程學系,學士班(日間),564.0,150.0
112,逢甲大學,一般大學,07141044,電機工程學系,碩士班(日間),68.0,27.0
112,逢甲大學,一般大學,07141045,電機與通訊工程博士學位學程,博士班,30.0,4.0
112,逢甲大學,一般大學,07141046,電子工程學系,學士班(日間),674.0,139.0
112,逢甲大學,一般大學,07141046,電子工程學系,碩士班(日間),88.0,33.0
112,逢甲大學,一般大學,07141050,通訊工程學系,學士班(日間),534.0,109.0
112,逢甲大學,一般大學,07141050,通訊工程學系,碩士班(日間),65.0,26.0
112,逢甲大學,一般大學,07141052,自動控制工程學系,學士班(日間),541.0,111.0
112,逢甲大學,一般大學,07141052,自動控制工程學系,碩士班(日間),54.0,20.0
112,逢甲大學,一般大學,07141053,資訊電機工程碩士在職學位學程,碩士在職專班,102.0,16.0
112,逢甲大學,一般大學,07141056,資訊電機學院學士班,學士班(日間),116.0,
112,逢甲大學,一般大學,07141095,美國普渡大學電機資訊雙學士學位學程,學士班(日間),79.0,25.0
112,逢甲大學,一般大學,07141101,光電科學與工程學系,學士班(日間),466.0,103.0
112,逢甲大學,一般大學,07141101,光電科學與工程學系,碩士班(日間),46.0,16.0
112,逢甲大學,一般大學,07141107,美國加州聖荷西州立大學電機工程雙學士學位學程,學士班(日間),73.0,6.0
112,逢甲大學,一般大學,07141112,資通訊與電控產業碩士專班,碩士班(日間),3.0,
112,逢甲大學,一般大學,07151060,機械與航空工程博士學位學程,博士班,37.0,4.0
112,逢甲大學,一般大學,07151061,機械與電腦輔助工程學系,學士班(日間),496.0,118.0
112,逢甲大學,一般大學,07151061,機械與電腦輔助工程學系機械工程碩士班,碩士班(日間),59.0,22.0
112,逢甲大學,一般大學,07151062,精密系統設計學士學位學程,學士班(日間),195.0,46.0
112,逢甲大學,一般大學,07162059,航太與系統工程學系,學士班(日間),457.0,110.0
112,逢甲大學,一般大學,07162059,航太與系統工程學系,碩士班(日間),54.0,23.0
112,逢甲大學,一般大學,07162118,太空系統工程碩士學位學程,碩士班(日間),14.0,
112,逢甲大學,一般大學,07191072,工業工程與系統管理學系,博士班,17.0,1.0
112,逢甲大學,一般大學,07191072,工業工程與系統管理學系,學士班(日間),421.0,98.0
112,逢甲大學,一般大學,07191072,工業工程與系統管理學系,碩士在職專班,2.0,
112,逢甲大學,一般大學,07191072,工業工程與系統管理學系,碩士班(日間),45.0,20.0
112,逢甲大學,一般大學,07192074,纖維與複合材料學系,博士班,14.0,1.0
112,逢甲大學,一般大學,07192074,纖維與複合材料學系,學士班(日間),236.0,64.0
112,逢甲大學,一般大學,07192074,纖維與複合材料學系,碩士班(日間),36.0,16.0
112,逢甲大學,一般大學,07193078,生醫資訊暨生醫工程碩士學位學程,碩士班(日間),15.0,5.0
112,逢甲大學,一般大學,07199080,電聲碩士學位學程,碩士班(日間),25.0,7.0
112,逢甲大學,一般大學,07199098,智能製造與工程管理碩士在職學位學程,碩士在職專班,171.0,44.0
112,逢甲大學,一般大學,07311007,室內設計學士學位學程,學士班(日間),51.0,
112,逢甲大學,一般大學,07311081,建築學士學位學程,學士班(日間),348.0,93.0
112,逢甲大學,一般大學,07311081,建築碩士在職學位學程,碩士在職專班,3.0,2.0
112,逢甲大學,一般大學,07311081,建築碩士學位學程,碩士班(日間),53.0,14.0
112,逢甲大學,一般大學,07311083,建築專業學院學士班,學士班(日間),233.0,
112,逢甲大學,一般大學,07313087,都市計畫與空間資訊學系,學士班(日間),378.0,85.0
112,逢甲大學,一般大學,07313087,都市計畫與空間資訊學系,碩士在職專班,4.0,
112,逢甲大學,一般大學,07313087,都市計畫與空間資訊學系,碩士班(日間),36.0,13.0
112,逢甲大學,一般大學,07321063,土木工程學系,學士班(日間),429.0,95.0
112,逢甲大學,一般大學,07321063,土木工程學系,碩士在職專班,1.0,
112,逢甲大學,一般大學,07321063,土木工程學系,碩士班(日間),31.0,6.0
112,逢甲大學,一般大學,07321063,土木工程學系營建工程與管理進修學士班,學士班(進修),221.0,52.0
112,逢甲大學,一般大學,07399102,智慧城市碩士學位學程,碩士班(日間),15.0,5.0
112,逢甲大學,一般大學,07399116,建設規劃與工程博士學位學程,博士班,59.0,5.0
112,逢甲大學,一般大學,10411093,運輸與物流學系,學士班(日間),451.0,107.0
112,逢甲大學,一般大學,10411093,運輸與物流學系,碩士班(日間),41.0,27.0
112,逢甲大學,一般大學,99999094,全校國際生大一不分系學士班,學士班(日間),44.0,
112,逢甲大學,一般大學,99999108,國際雙學士學位學程,學士班(日間),43.0,15.0
112,逢甲大學,一般大學,99999117,社會創新暨永續碩士在職學位學程,碩士在職專班,23.0,3.0
112,靜宜大學,一般大學,01111001,教育研究所,碩士在職專班,75.0,7.0
112,靜宜大學,一般大學,01111001,教育研究所,碩士班(日間),35.0,3.0
112,靜宜大學,一般大學,02299040,原住民族文化碩士學位學程,碩士班(日間),16.0,
112,靜宜大學,一般大學,02311004,英國語文學系,學士班(日間),360.0,102.0
112,靜宜大學,一般大學,02311004,英國語文學系,碩士班(日間),25.0,3.0
112,靜宜大學,一般大學,02311005,西班牙語文學系,學士班(日間),310.0,95.0
112,靜宜大學,一般大學,02311005,西班牙語文學系,碩士班(日間),29.0,5.0
112,靜宜大學,一般大學,02311006,日本語文學系,學士班(日間),605.0,145.0
112,靜宜大學,一般大學,02311006,日本語文學系,碩士班(日間),13.0,1.0
112,靜宜大學,一般大學,02311007,寰宇外語教育學士學位學程,學士班(日間),135.0,31.0
112,靜宜大學,一般大學,02321002,台灣文學系,學士班(日間),192.0,46.0
112,靜宜大學,一般大學,02321002,台灣文學系,碩士班(日間),17.0,2.0
112,靜宜大學,一般大學,02322003,中國文學系,學士班(日間),329.0,95.0
112,靜宜大學,一般大學,02322003,中國文學系,碩士在職專班,1.0,
112,靜宜大學,一般大學,02322003,中國文學系,碩士班(日間),17.0,5.0
112,靜宜大學,一般大學,03141038,犯罪防治碩士學位學程,碩士班(日間),36.0,4.0
112,靜宜大學,一般大學,03141043,原住民族健康與社會福利博士學位學程,博士班,18.0,
112,靜宜大學,一般大學,03211008,大眾傳播學系,學士班(日間),303.0,64.0
112,靜宜大學,一般大學,04111011,會計學系,學士班(日間),542.0,144.0
112,靜宜大學,一般大學,04111011,會計學系,碩士班(日間),31.0,19.0
112,靜宜大學,一般大學,04121019,財務金融學系,學士班(日間),644.0,148.0
112,靜宜大學,一般大學,04121019,財務金融學系,碩士班(日間),19.0,12.0
112,靜宜大學,一般大學,04131010,寰宇管理碩士學位學程,碩士班(日間),84.0,21.0
112,靜宜大學,一般大學,04131012,企業管理學系,學士班(日間),562.0,128.0
112,靜宜大學,一般大學,04131012,企業管理學系,碩士班(日間),21.0,3.0
112,靜宜大學,一般大學,04131014,管理學院管理碩士在職專班柬埔寨境外專班,碩士在職專班,10.0,
112,靜宜大學,一般大學,04131014,管理碩士在職專班,碩士在職專班,141.0,34.0
112,靜宜大學,一般大學,04131015,國際企業學系,學士班(日間),633.0,155.0
112,靜宜大學,一般大學,04131015,國際企業學系,碩士班(日間),19.0,13.0
112,靜宜大學,一般大學,04131018,創新與創業管理碩士學位學程,碩士班(日間),9.0,5.0
112,靜宜大學,一般大學,04191010,寰宇管理學士學位學程,學士班(日間),187.0,41.0
112,靜宜大學,一般大學,04211020,法律學士學位學程原住民專班,學士班(日間),23.0,2.0
112,靜宜大學,一般大學,04211020,法律學系,學士班(日間),507.0,100.0
112,靜宜大學,一般大學,04211020,法律學系,碩士在職專班,34.0,5.0
112,靜宜大學,一般大學,04211020,法律學系,碩士班(日間),32.0,5.0
112,靜宜大學,一般大學,05191031,食品營養學系,博士班,22.0,4.0
112,靜宜大學,一般大學,05191031,食品營養學系,學士班(日間),365.0,97.0
112,靜宜大學,一般大學,05191031,食品營養學系,碩士班(日間),30.0,8.0
112,靜宜大學,一般大學,05211021,生態人文學系,碩士班(日間),1.0,
112,靜宜大學,一般大學,05212021,生態人文學系,學士班(日間),197.0,53.0
112,靜宜大學,一般大學,05311023,應用化學系,博士班,9.0,1.0
112,靜宜大學,一般大學,05311023,應用化學系,學士班(日間),389.0,75.0
112,靜宜大學,一般大學,05311023,應用化學系,碩士班(日間),20.0,8.0
112,靜宜大學,一般大學,05499036,財務工程學系,學士班(日間),213.0,41.0
112,靜宜大學,一般大學,05499036,財務工程學系,碩士班(日間),15.0,10.0
112,靜宜大學,一般大學,05499037,資料科學暨大數據分析與應用學系,學士班(日間),343.0,73.0
112,靜宜大學,一般大學,06131027,資訊管理學系,學士班(日間),430.0,112.0
112,靜宜大學,一般大學,06131027,資訊管理學系,碩士班(日間),16.0,9.0
112,靜宜大學,一般大學,06132009,資訊傳播工程學系,學士班(日間),426.0,109.0
112,靜宜大學,一般大學,06132009,資訊傳播工程學系,碩士班(日間),11.0,3.0
112,靜宜大學,一般大學,06134028,資訊學院資訊應用與科技管理碩士在職專班,碩士在職專班,8.0,
112,靜宜大學,一般大學,07141030,資訊工程學系,學士班(日間),527.0,113.0
112,靜宜大學,一般大學,07141030,資訊工程學系,碩士班(日間),20.0,4.0
112,靜宜大學,一般大學,07141042,國際資訊學士學位學程,學士班(日間),25.0,
112,靜宜大學,一般大學,09161035,化粧品科學系,博士班,12.0,
112,靜宜大學,一般大學,09161035,化粧品科學系,學士班(日間),433.0,105.0
112,靜宜大學,一般大學,09161035,化粧品科學系,碩士在職專班,29.0,5.0
112,靜宜大學,一般大學,09161035,化粧品科學系,碩士班(日間),36.0,11.0
112,靜宜大學,一般大學,09231032,社會工作與兒童少年福利學系,學士班(日間),509.0,144.0
112,靜宜大學,一般大學,09231032,社會工作與兒童少年福利學系,碩士在職專班,36.0,3.0
112,靜宜大學,一般大學,09231032,社會工作與兒童少年福利學系,碩士班(日間),39.0,11.0
112,靜宜大學,一般大學,09231041,健康照顧社會工作學士學位學程原住民專班,學士班(日間),72.0,6.0
112,靜宜大學,一般大學,09299039,社會企業與文化創意碩士學位學程,碩士班(日間),63.0,9.0
112,靜宜大學,一般大學,10151034,觀光事業學系,學士班(日間),611.0,172.0
112,靜宜大學,一般大學,10151034,觀光事業學系,碩士在職專班,42.0,3.0
112,靜宜大學,一般大學,10151034,觀光事業學系,碩士班(日間),24.0,4.0
113,中國醫藥大學,一般大學,04131058,科技管理碩士學位學程,碩士班(日間),4.0,2.0
113,中國醫藥大學,一般大學,04133029,醫務管理學系,學士班(日間),65.0,7.0
113,中國醫藥大學,一般大學,04133029,醫務管理學系,碩士在職專班,36.0,11.0
113,中國醫藥大學,一般大學,04133029,醫務管理學系,碩士班(日間),33.0,16.0
113,中國醫藥大學,一般大學,04212057,科技法律碩士學位學程,碩士班(日間),19.0,2.0
113,中國醫藥大學,一般大學,05111066,細胞生物學研究所,碩士班(日間),4.0,1.0
113,中國醫藥大學,一般大學,05121043,生物科技學系,博士班,22.0,1.0
113,中國醫藥大學,一般大學,05121043,生物科技學系,學士班(日間),212.0,59.0
113,中國醫藥大學,一般大學,05121043,生物科技學系,碩士班(日間),15.0,10.0
113,中國醫藥大學,一般大學,05121043,生物科技產業博士學位學程,博士班,3.0,1.0
113,中國醫藥大學,一般大學,05123064,生物化學暨分子生物研究所,碩士班(日間),4.0,1.0
113,中國醫藥大學,一般大學,05191021,營養學系,博士班,16.0,1.0
113,中國醫藥大學,一般大學,05191021,營養學系,學士班(日間),303.0,84.0
113,中國醫藥大學,一般大學,05191021,營養學系,碩士班(日間),53.0,23.0
113,中國醫藥大學,一般大學,06131060,數位健康創新碩士學位學程,碩士班(日間),7.0,4.0
113,中國醫藥大學,一般大學,06199067,醫療資訊學系,學士班(日間),37.0,
113,中國醫藥大學,一般大學,07193031,生物醫學工程學系,學士班(日間),119.0,
113,中國醫藥大學,一般大學,07193031,生物醫學工程碩士學位學程,碩士班(日間),17.0,10.0
113,中國醫藥大學,一般大學,07193055,醫學工程與復健科技產業博士學位學程,博士班,11.0,
113,中國醫藥大學,一般大學,09111019,牙醫學系,博士班,20.0,3.0
113,中國醫藥大學,一般大學,09111019,牙醫學系,學士班(日間),313.0,50.0
113,中國醫藥大學,一般大學,09111019,牙醫學系,碩士班(日間),8.0,6.0
113,中國醫藥大學,一般大學,09111019,牙醫學系口腔醫學產業碩士班,碩士班(日間),9.0,3.0
113,中國醫藥大學,一般大學,09121003,生物醫學研究所,博士班,135.0,19.0
113,中國醫藥大學,一般大學,09121003,生物醫學研究所,碩士班(日間),36.0,11.0
113,中國醫藥大學,一般大學,09121004,臨床醫學研究所,博士班,,2.0
113,中國醫藥大學,一般大學,09121006,基礎醫學研究所,博士班,1.0,
113,中國醫藥大學,一般大學,09121014,中醫學系,博士班,33.0,6.0
113,中國醫藥大學,一般大學,09121014,中醫學系,學士班(日間),851.0,115.0
113,中國醫藥大學,一般大學,09121014,中醫學系,碩士班(日間),20.0,5.0
113,中國醫藥大學,一般大學,09121014,中醫學系八年制,學士班(日間),1.0,
113,中國醫藥大學,一般大學,09121014,學士後中醫學系,學士班(日間),501.0,96.0
113,中國醫藥大學,一般大學,09121016,醫學系,學士班(日間),804.0,148.0
113,中國醫藥大學,一般大學,09121020,國際生物醫學碩士學位學程,碩士班(日間),7.0,2.0
113,中國醫藥大學,一般大學,09121023,老化醫學博士學位學程,博士班,16.0,2.0
113,中國醫藥大學,一般大學,09121046,中西醫結合研究所,博士班,13.0,2.0
113,中國醫藥大學,一般大學,09121046,中西醫結合研究所,碩士班(日間),8.0,2.0
113,中國醫藥大學,一般大學,09121049,癌症生物與藥物研發博士學位學程,博士班,5.0,
113,中國醫藥大學,一般大學,09121049,癌症生物與藥物研發碩士學位學程,碩士班(日間),2.0,1.0
113,中國醫藥大學,一般大學,09121059,生醫科技產業博士學位學程,博士班,2.0,
113,中國醫藥大學,一般大學,09121063,轉譯醫學暨新藥開發研究所,博士班,14.0,1.0
113,中國醫藥大學,一般大學,09121063,轉譯醫學暨新藥開發研究所,碩士班(日間),15.0,9.0
113,中國醫藥大學,一般大學,09131045,護理學系,學士班(日間),300.0,67.0
113,中國醫藥大學,一般大學,09131045,護理學系,碩士班(日間),46.0,9.0
113,中國醫藥大學,一般大學,09131045,護理學系跨領域長期照護碩士在職專班,碩士在職專班,,2.0
113,中國醫藥大學,一般大學,09141017,醫學檢驗生物技術學系,學士班(日間),182.0,44.0
113,中國醫藥大學,一般大學,09141017,醫學檢驗生物技術學系,碩士班(日間),13.0,3.0
113,中國醫藥大學,一般大學,09141032,生物醫學影像暨放射科學學系,學士班(日間),217.0,56.0
113,中國醫藥大學,一般大學,09141032,生物醫學影像暨放射科學學系,碩士班(日間),8.0,4.0
113,中國醫藥大學,一般大學,09151010,物理治療學系,學士班(日間),255.0,54.0
113,中國醫藥大學,一般大學,09151010,物理治療學系復健科學碩士班,碩士班(日間),8.0,2.0
113,中國醫藥大學,一般大學,09159047,運動醫學系,學士班(日間),185.0,37.0
113,中國醫藥大學,一般大學,09159047,運動醫學系,碩士班(日間),10.0,5.0
113,中國醫藥大學,一般大學,09161034,藥學系,博士班,17.0,6.0
113,中國醫藥大學,一般大學,09161034,藥學系,學士班(日間),1252.0,253.0
113,中國醫藥大學,一般大學,09161034,藥學系,碩士班(日間),31.0,13.0
113,中國醫藥大學,一般大學,09161034,藥學系六年制,學士班(日間),48.0,
113,中國醫藥大學,一般大學,09161039,中國藥學暨中藥資源學系,博士班,21.0,1.0
113,中國醫藥大學,一般大學,09161039,中國藥學暨中藥資源學系,學士班(日間),116.0,25.0
113,中國醫藥大學,一般大學,09161039,中國藥學暨中藥資源學系,碩士班(日間),9.0,3.0
113,中國醫藥大學,一般大學,09161042,藥用化妝品學系,學士班(日間),193.0,44.0
113,中國醫藥大學,一般大學,09161042,藥用化妝品學系,碩士班(日間),20.0,11.0
113,中國醫藥大學,一般大學,09161050,製藥碩士學位學程,碩士班(日間),11.0,5.0
113,中國醫藥大學,一般大學,09161051,生技製藥產業博士學位學程,博士班,1.0,1.0
113,中國醫藥大學,一般大學,09171013,針灸研究所,博士班,23.0,2.0
113,中國醫藥大學,一般大學,09171013,針灸研究所,碩士班(日間),17.0,6.0
113,中國醫藥大學,一般大學,09171048,國際針灸碩士學位學程,碩士班(日間),7.0,3.0
113,中國醫藥大學,一般大學,09191026,公共衛生國際碩士學位學程,碩士班(日間),18.0,6.0
113,中國醫藥大學,一般大學,09191026,公共衛生學系,博士班,62.0,9.0
113,中國醫藥大學,一般大學,09191026,公共衛生學系,學士班(日間),181.0,72.0
113,中國醫藥大學,一般大學,09191026,公共衛生學系,碩士班(日間),41.0,16.0
113,中國醫藥大學,一般大學,09191056,公共衛生學院大一不分系,學士班(日間),143.0,
113,中國醫藥大學,一般大學,09199053,食品暨藥物安全碩士學位學程,碩士班(日間),5.0,5.0
113,中國醫藥大學,一般大學,09199054,健康科技產業博士學位學程,博士班,13.0,3.0
113,中國醫藥大學,一般大學,09199065,健康照護學院健康照護科學博士班,博士班,14.0,
113,中國醫藥大學,一般大學,09211045,護理學系跨領域長期照護碩士在職專班,碩士在職專班,28.0,
113,中國醫藥大學,一般大學,10221038,職業安全與衛生學系,學士班(日間),162.0,47.0
113,中國醫藥大學,一般大學,10221038,職業安全與衛生學系,碩士在職專班,21.0,6.0
113,中國醫藥大學,一般大學,10221038,職業安全與衛生學系,碩士班(日間),20.0,15.0
113,中山醫學大學,一般大學,02311003,應用外國語言學系,學士班(日間),177.0,26.0
113,中山醫學大學,一般大學,03131004,心理學系,學士班(日間),219.0,50.0
113,中山醫學大學,一般大學,03131004,心理學系臨床心理學碩士班,碩士班(日間),73.0,20.0
113,中山醫學大學,一般大學,04133006,醫療產業科技管理學系,學士班(日間),192.0,45.0
113,中山醫學大學,一般大學,04133006,醫療產業科技管理學系,碩士班(日間),11.0,4.0
113,中山醫學大學,一般大學,04133006,醫療產業科技管理學系越南境外碩士專班,碩士班(日間),10.0,
113,中山醫學大學,一般大學,05121012,生物醫學科學學系,學士班(日間),314.0,80.0
113,中山醫學大學,一般大學,05121012,生物醫學科學學系,碩士班(日間),,13.0
113,中山醫學大學,一般大學,05124012,生物醫學科學學系,碩士班(日間),16.0,
113,中山醫學大學,一般大學,05191026,營養學系,博士班,15.0,5.0
113,中山醫學大學,一般大學,05191026,營養學系,學士班(日間),394.0,101.0
113,中山醫學大學,一般大學,05191026,營養學系,碩士班(日間),48.0,21.0
113,中山醫學大學,一般大學,05399015,醫學應用化學系,學士班(日間),178.0,37.0
113,中山醫學大學,一般大學,05399015,醫學應用化學系,碩士班(日間),5.0,1.0
113,中山醫學大學,一般大學,06131033,醫學資訊學系,學士班(日間),182.0,40.0
113,中山醫學大學,一般大學,06131033,醫學資訊學系,碩士班(日間),7.0,5.0
113,中山醫學大學,一般大學,09111038,牙醫學系,博士班,7.0,
113,中山醫學大學,一般大學,09111038,牙醫學系,學士班(日間),481.0,83.0
113,中山醫學大學,一般大學,09111038,牙醫學系,碩士班(日間),17.0,7.0
113,中山醫學大學,一般大學,09111039,口腔科學研究所,博士班,8.0,3.0
113,中山醫學大學,一般大學,09111039,口腔科學研究所,碩士班(日間),16.0,7.0
113,中山醫學大學,一般大學,09121018,醫學研究所,博士班,106.0,20.0
113,中山醫學大學,一般大學,09121018,醫學研究所,碩士班(日間),80.0,43.0
113,中山醫學大學,一般大學,09121018,醫學系,學士班(日間),869.0,140.0
113,中山醫學大學,一般大學,09131028,護理學系,學士班(日間),464.0,110.0
113,中山醫學大學,一般大學,09131028,護理學系,碩士班(日間),63.0,14.0
113,中山醫學大學,一般大學,09131028,護理學系長期照護碩士在職專班,碩士在職專班,68.0,13.0
113,中山醫學大學,一般大學,09141030,醫學檢驗暨生物技術學系,學士班(日間),338.0,86.0
113,中山醫學大學,一般大學,09141030,醫學檢驗暨生物技術學系,碩士班(日間),8.0,1.0
113,中山醫學大學,一般大學,09141031,醫學影像暨放射科學系,學士班(日間),307.0,82.0
113,中山醫學大學,一般大學,09141031,醫學影像暨放射科學系,碩士班(日間),14.0,8.0
113,中山醫學大學,一般大學,09141032,視光學系,學士班(日間),237.0,60.0
113,中山醫學大學,一般大學,09141032,視光學系,學士班(進修),106.0,32.0
113,中山醫學大學,一般大學,09141032,視光學系,碩士班(日間),29.0,12.0
113,中山醫學大學,一般大學,09151022,物理治療學系,學士班(日間),225.0,63.0
113,中山醫學大學,一般大學,09151022,物理治療學系,碩士班(日間),6.0,3.0
113,中山醫學大學,一般大學,09152023,職能治療學系,學士班(日間),190.0,50.0
113,中山醫學大學,一般大學,09152023,職能治療學系,碩士班(日間),17.0,7.0
113,中山醫學大學,一般大學,09153024,語言治療與聽力學系,學士班(日間),394.0,101.0
113,中山醫學大學,一般大學,09153024,語言治療與聽力學系,碩士班(日間),49.0,17.0
113,中山醫學大學,一般大學,09191020,公共衛生學系,博士班,26.0,4.0
113,中山醫學大學,一般大學,09191020,公共衛生學系,學士班(日間),288.0,64.0
113,中山醫學大學,一般大學,09191020,公共衛生學系,碩士班(日間),14.0,7.0
113,中山醫學大學,一般大學,09199048,健康管理學院國際健康產業經營管理碩士在職專班,碩士在職專班,89.0,31.0
113,中山醫學大學,一般大學,09231045,醫學社會暨社會工作學系,學士班(日間),381.0,95.0
113,中山醫學大學,一般大學,09231045,醫學社會暨社會工作學系,碩士班(日間),20.0,11.0
113,中山醫學大學,一般大學,10131049,健康產業科技管理學系,學士班(日間),152.0,31.0
113,中山醫學大學,一般大學,10131049,健康產業科技管理學系,碩士班(日間),9.0,5.0
113,中山醫學大學,一般大學,10221021,職業安全衛生學系,學士班(日間),226.0,57.0
113,中山醫學大學,一般大學,10221021,職業安全衛生學系,碩士在職專班,1.0,
113,中山醫學大學,一般大學,10221021,職業安全衛生學系,碩士班(日間),11.0,5.0
113,中臺科技大學,技專校院,01111009,文教事業經營研究所,碩士在職專班,96.0,18.0
113,中臺科技大學,技專校院,01111009,文教事業經營研究所,碩士班(日間),28.0,11.0
113,中臺科技大學,技專校院,01121001,兒童教育暨事業經營系,學士班(日間),200.0,52.0
113,中臺科技大學,技專校院,01121001,兒童教育暨事業經營系,學士班(進修),384.0,163.0
113,中臺科技大學,技專校院,01121001,兒童教育暨事業經營系_學士後學位學程教保員專班,學士班(進修),96.0,46.0
113,中臺科技大學,技專校院,02311002,應用外語系,學士班(日間),15.0,12.0
113,中臺科技大學,技專校院,02311002,應用外語系,學士班(進修),2.0,2.0
113,中臺科技大學,技專校院,04131038,經營管理系,學士班(日間),96.0,17.0
113,中臺科技大學,技專校院,04131038,經營管理系,學士班(進修),43.0,11.0
113,中臺科技大學,技專校院,04143004,行銷管理系,學士班(日間),216.0,38.0
113,中臺科技大學,技專校院,04143004,行銷管理系,學士班(進修),69.0,11.0
113,中臺科技大學,技專校院,04143004,行銷管理系_國際專修部,學士班(日間),5.0,
113,中臺科技大學,技專校院,06131012,資訊管理系,學士班(日間),201.0,38.0
113,中臺科技大學,技專校院,06131012,資訊管理系,學士班(進修),16.0,6.0
113,中臺科技大學,技專校院,06131012,資訊管理系_國際專修部,學士班(日間),1.0,
113,中臺科技大學,技專校院,06131037,人工智慧健康管理系,學士班(日間),40.0,12.0
113,中臺科技大學,技專校院,06131037,人工智慧健康管理系,學士班(進修),26.0,8.0
113,中臺科技大學,技專校院,07121013,環境與安全衛生工程系,學士班(日間),203.0,33.0
113,中臺科技大學,技專校院,07121013,環境與安全衛生工程系,學士班(進修),70.0,7.0
113,中臺科技大學,技專校院,07121013,環境與安全衛生工程系碩士班,碩士班(日間),24.0,10.0
113,中臺科技大學,技專校院,07211017,食品科技系,學士班(日間),381.0,81.0
113,中臺科技大學,技專校院,07211017,食品科技系,學士班(進修),127.0,27.0
113,中臺科技大學,技專校院,07211017,食品科技系_國際專修部,學士班(日間),4.0,
113,中臺科技大學,技專校院,07211017,食品科技系_食品製造僑生專班,學士班(日間),46.0,
113,中臺科技大學,技專校院,07211017,食品科技系碩士班,碩士班(日間),7.0,1.0
113,中臺科技大學,技專校院,09111033,牙體技術暨材料系,學士班(日間),399.0,87.0
113,中臺科技大學,技專校院,09111033,牙體技術暨材料系碩士班,碩士班(日間),8.0,3.0
113,中臺科技大學,技專校院,09131020,學士後護理系,學士班(日間),42.0,
113,中臺科技大學,技專校院,09131020,護理系,學士班(日間),621.0,243.0
113,中臺科技大學,技專校院,09131020,護理系,學士班(進修),704.0,271.0
113,中臺科技大學,技專校院,09131020,護理系碩士在職專班,碩士在職專班,96.0,13.0
113,中臺科技大學,技專校院,09131020,護理系碩士班,碩士班(日間),34.0,6.0
113,中臺科技大學,技專校院,09141028,醫學檢驗生物技術系,學士班(日間),391.0,108.0
113,中臺科技大學,技專校院,09141028,醫學檢驗生物技術系碩士班,碩士班(日間),13.0,4.0
113,中臺科技大學,技專校院,09141029,醫學影像暨放射科學科,五專,42.0,
113,中臺科技大學,技專校院,09141029,醫學影像暨放射科學系,學士班(日間),414.0,110.0
113,中臺科技大學,技專校院,09141029,醫學影像暨放射科學系博士班,博士班,10.0,2.0
113,中臺科技大學,技專校院,09141029,醫學影像暨放射科學系碩士在職專班,碩士在職專班,,1.0
113,中臺科技大學,技專校院,09141029,醫學影像暨放射科學系碩士班,碩士班(日間),17.0,8.0
113,中臺科技大學,技專校院,09141030,視光系,學士班(日間),220.0,47.0
113,中臺科技大學,技專校院,09141030,視光系,學士班(進修),142.0,41.0
113,中臺科技大學,技專校院,09191008,醫療暨健康產業管理系,學士班(日間),134.0,27.0
113,中臺科技大學,技專校院,09191008,醫療暨健康產業管理系,學士班(進修),30.0,16.0
113,中臺科技大學,技專校院,09191008,醫療暨健康產業管理系碩士在職專班,碩士在職專班,43.0,26.0
113,中臺科技大學,技專校院,09191008,醫療暨健康產業管理系碩士班,碩士班(日間),12.0,9.0
113,中臺科技大學,技專校院,09211039,高齡健康照護系,學士班(日間),116.0,29.0
113,中臺科技大學,技專校院,09211039,高齡健康照護系,學士班(進修),165.0,48.0
113,中臺科技大學,技專校院,09211039,高齡健康照護系_國際專修部,學士班(日間),2.0,
113,中臺科技大學,技專校院,09212024,長期照顧碩士在職學位學程,碩士在職專班,51.0,14.0
113,亞洲大學,一般大學,01121001,幼兒教育學系,學士班(日間),377.0,84.0
113,亞洲大學,一般大學,01121001,幼兒教育學系,碩士在職專班,6.0,
113,亞洲大學,一般大學,01121001,幼兒教育學系,碩士班(日間),26.0,10.0
113,亞洲大學,一般大學,02112007,數位媒體設計學系,博士班,40.0,10.0
113,亞洲大學,一般大學,02112007,數位媒體設計學系,學士班(日間),677.0,180.0
113,亞洲大學,一般大學,02112007,數位媒體設計學系,碩士班(日間),37.0,5.0
113,亞洲大學,一般大學,02112058,創新產業博士學位學程,博士班,7.0,
113,亞洲大學,一般大學,02122004,時尚設計學系,學士班(日間),255.0,53.0
113,亞洲大學,一般大學,02122005,創意設計學院不分系國際設計學士班,學士班(日間),4.0,3.0
113,亞洲大學,一般大學,02123011,創意商品設計學系,學士班(日間),261.0,73.0
113,亞洲大學,一般大學,02123011,創意商品設計學系,學士班(進修),46.0,11.0
113,亞洲大學,一般大學,02123011,創意商品設計學系,碩士班(日間),9.0,5.0
113,亞洲大學,一般大學,02124012,室內設計學系,學士班(日間),273.0,75.0
113,亞洲大學,一般大學,02124012,室內設計學系,碩士班(日間),14.0,6.0
113,亞洲大學,一般大學,02311002,外國語文學系,學士班(日間),178.0,48.0
113,亞洲大學,一般大學,02311002,外國語文學系,碩士班(日間),14.0,4.0
113,亞洲大學,一般大學,03131013,心理學系,學士班(日間),521.0,102.0
113,亞洲大學,一般大學,03131013,心理學系,碩士在職專班,38.0,6.0
113,亞洲大學,一般大學,03131013,心理學系,碩士班(日間),148.0,51.0
113,亞洲大學,一般大學,03213014,資訊傳播學系,學士班(日間),344.0,73.0
113,亞洲大學,一般大學,03213014,資訊傳播學系,碩士班(日間),13.0,3.0
113,亞洲大學,一般大學,04111015,會計與資訊學系,學士班(日間),231.0,57.0
113,亞洲大學,一般大學,04111015,會計與資訊學系,碩士班(日間),18.0,14.0
113,亞洲大學,一般大學,04121019,財務金融學系,學士班(日間),402.0,109.0
113,亞洲大學,一般大學,04121019,財務金融學系,碩士在職專班,30.0,24.0
113,亞洲大學,一般大學,04121019,財務金融學系,碩士班(日間),13.0,6.0
113,亞洲大學,一般大學,04121019,財務金融學系財務金融碩士專班,碩士班(日間),3.0,
113,亞洲大學,一般大學,04131017,經營管理學系,學士班(日間),696.0,165.0
113,亞洲大學,一般大學,04131017,經營管理學系,學士班(進修),128.0,20.0
113,亞洲大學,一般大學,04131017,經營管理學系,碩士在職專班,89.0,41.0
113,亞洲大學,一般大學,04131017,經營管理學系,碩士班(日間),76.0,47.0
113,亞洲大學,一般大學,04131017,經營管理學系企業經濟與策略博士班,博士班,67.0,8.0
113,亞洲大學,一般大學,04131055,EMBA高階經理碩士在職學位學程,碩士在職專班,12.0,12.0
113,亞洲大學,一般大學,04131059,智慧健康先進管理技術博士學位學程,博士班,15.0,
113,亞洲大學,一般大學,04199018,新興產業策略與發展博士學位學程,博士班,3.0,2.0
113,亞洲大學,一般大學,04199026,管理學院進修學士學位學程,學士班(進修),10.0,5.0
113,亞洲大學,一般大學,04212027,財經法律學系,學士班(日間),337.0,80.0
113,亞洲大學,一般大學,04212027,財經法律學系,碩士班(日間),25.0,2.0
113,亞洲大學,一般大學,05191053,食品營養與保健生技學系,學士班(日間),390.0,79.0
113,亞洲大學,一般大學,05191053,食品營養與保健生技學系,學士班(進修),73.0,19.0
113,亞洲大學,一般大學,05191053,食品營養與保健生技學系,碩士在職專班,16.0,3.0
113,亞洲大學,一般大學,05191053,食品營養與保健生技學系,碩士班(日間),12.0,4.0
113,亞洲大學,一般大學,06111057,人工智慧博士學位學程,博士班,17.0,2.0
113,亞洲大學,一般大學,06134033,行動商務與多媒體應用學系,學士班(日間),264.0,69.0
113,亞洲大學,一般大學,06134033,行動商務與多媒體應用學系,碩士班(日間),7.0,1.0
113,亞洲大學,一般大學,06134037,資訊工程學系,博士班,12.0,3.0
113,亞洲大學,一般大學,06134037,資訊工程學系,學士班(日間),538.0,111.0
113,亞洲大學,一般大學,06134037,資訊工程學系,碩士在職專班,15.0,4.0
113,亞洲大學,一般大學,06134037,資訊工程學系,碩士班(日間),37.0,4.0
113,亞洲大學,一般大學,07193029,生物資訊與醫學工程學系,博士班,19.0,1.0
113,亞洲大學,一般大學,07193029,生物資訊與醫學工程學系,學士班(日間),249.0,39.0
113,亞洲大學,一般大學,07193029,生物資訊與醫學工程學系,碩士在職專班,38.0,16.0
113,亞洲大學,一般大學,07193029,生物資訊與醫學工程學系,碩士班(日間),12.0,2.0
113,亞洲大學,一般大學,08411045,學士後獸醫學系,學士班(日間),178.0,31.0
113,亞洲大學,一般大學,09131046,護理學系,學士班(日間),609.0,133.0
113,亞洲大學,一般大學,09131046,護理學系,碩士在職專班,62.0,4.0
113,亞洲大學,一般大學,09131046,護理學系,碩士班(日間),30.0,10.0
113,亞洲大學,一般大學,09131061,學士後護理學系,學士班(日間),138.0,38.0
113,亞洲大學,一般大學,09141047,視光學系,學士班(日間),381.0,83.0
113,亞洲大學,一般大學,09141060,醫學檢驗暨生物技術學系,學士班(日間),319.0,58.0
113,亞洲大學,一般大學,09141060,醫學檢驗暨生物技術學系,碩士班(日間),9.0,2.0
113,亞洲大學,一般大學,09151056,物理治療學系,學士班(日間),222.0,44.0
113,亞洲大學,一般大學,09152052,職能治療學系,學士班(日間),292.0,37.0
113,亞洲大學,一般大學,09153051,聽力暨語言治療學系,學士班(日間),268.0,53.0
113,亞洲大學,一般大學,09153051,聽力暨語言治療學系,碩士班(日間),39.0,2.0
113,亞洲大學,一般大學,09191021,健康產業管理學系,博士班,33.0,1.0
113,亞洲大學,一般大學,09191021,健康產業管理學系,學士班(日間),,85.0
113,亞洲大學,一般大學,09191021,健康產業管理學系,碩士在職專班,,11.0
113,亞洲大學,一般大學,09191021,健康產業管理學系,碩士班(日間),,13.0
113,亞洲大學,一般大學,09211021,健康產業管理學系,學士班(日間),420.0,
113,亞洲大學,一般大學,09211021,健康產業管理學系,碩士在職專班,44.0,
113,亞洲大學,一般大學,09211021,健康產業管理學系,碩士班(日間),32.0,
113,亞洲大學,一般大學,09211025,長期照護學系,學士班(日間),45.0,
113,亞洲大學,一般大學,09231048,社會工作學系,學士班(日間),392.0,109.0
113,亞洲大學,一般大學,09231048,社會工作學系,學士班(進修),71.0,26.0
113,亞洲大學,一般大學,09231048,社會工作學系,碩士班(日間),50.0,18.0
113,修平學校財團法人修平科技大學,技專校院,02112005,數位媒體設計系,學士班(日間),114.0,24.0
113,修平學校財團法人修平科技大學,技專校院,02311003,應用英語系,學士班(日間),5.0,3.0
113,修平學校財團法人修平科技大學,技專校院,02311003,應用英語系,學士班(進修),45.0,43.0
113,修平學校財團法人修平科技大學,技專校院,02311004,應用日語系,學士班(日間),182.0,40.0
113,修平學校財團法人修平科技大學,技專校院,02311004,應用日語系,學士班(進修),79.0,26.0
113,修平學校財團法人修平科技大學,技專校院,04131009,國際企業經營科,二專(進修),2.0,
113,修平學校財團法人修平科技大學,技專校院,04131030,企業經營管理系,學士班(日間),104.0,20.0
113,修平學校財團法人修平科技大學,技專校院,04131030,企業經營管理系,學士班(進修),203.0,54.0
113,修平學校財團法人修平科技大學,技專校院,04131030,企業經營管理系_現役軍人營區在職專班,學士班(進修),44.0,39.0
113,修平學校財團法人修平科技大學,技專校院,04132013,行銷與流通管理系,學士班(日間),36.0,13.0
113,修平學校財團法人修平科技大學,技專校院,04132013,行銷與流通管理系,學士班(進修),18.0,7.0
113,修平學校財團法人修平科技大學,技專校院,04199015,人力資源管理與發展系,學士班(日間),95.0,19.0
113,修平學校財團法人修平科技大學,技專校院,04199015,人力資源管理與發展系碩士班,碩士班(日間),56.0,29.0
113,修平學校財團法人修平科技大學,技專校院,06121018,資訊網路技術系,學士班(日間),19.0,17.0
113,修平學校財團法人修平科技大學,技專校院,06131017,資訊管理系,學士班(日間),110.0,23.0
113,修平學校財團法人修平科技大學,技專校院,06131017,資訊管理系,學士班(進修),96.0,34.0
113,修平學校財團法人修平科技大學,技專校院,06131017,資訊管理系_現役軍人營區在職專班,學士班(進修),15.0,13.0
113,修平學校財團法人修平科技大學,技專校院,07141019,電機工程系,學士班(日間),139.0,29.0
113,修平學校財團法人修平科技大學,技專校院,07141019,電機工程系,學士班(進修),198.0,57.0
113,修平學校財團法人修平科技大學,技專校院,07141019,電機工程系(含碩士班)_國際學生產學合作專班,學士班(日間),45.0,
113,修平學校財團法人修平科技大學,技專校院,07141019,電機工程系(含碩士班)_現役軍人營區在職專班,學士班(進修),10.0,7.0
113,修平學校財團法人修平科技大學,技專校院,07141019,電機工程系碩士班,碩士班(日間),13.0,3.0
113,修平學校財團法人修平科技大學,技專校院,07141020,電子工程系,學士班(日間),71.0,26.0
113,修平學校財團法人修平科技大學,技專校院,07141020,電子工程系,學士班(進修),25.0,6.0
113,修平學校財團法人修平科技大學,技專校院,07141020,電子工程系_國際學生產學合作專班,學士班(日間),100.0,
113,修平學校財團法人修平科技大學,技專校院,07141020,電子工程系_國際專修部,學士班(日間),9.0,
113,修平學校財團法人修平科技大學,技專校院,07141020,電子工程系_智慧電子技術僑生專班,學士班(日間),32.0,
113,修平學校財團法人修平科技大學,技專校院,07151021,機械工程系,學士班(日間),389.0,133.0
113,修平學校財團法人修平科技大學,技專校院,07151021,機械工程系,學士班(進修),458.0,125.0
113,修平學校財團法人修平科技大學,技專校院,07151021,機械工程系(含精密機械與製造科技碩士班)_國際專修部,學士班(日間),32.0,
113,修平學校財團法人修平科技大學,技專校院,07151021,機械工程系(含精密機械與製造科技碩士班)_現役軍人營區在職專班,學士班(進修),1.0,1.0
113,修平學校財團法人修平科技大學,技專校院,07151021,機械工程系精密機械與製造科技碩士班,碩士班(日間),9.0,1.0
113,修平學校財團法人修平科技大學,技專校院,07191026,工業工程與管理系,學士班(日間),27.0,10.0
113,修平學校財團法人修平科技大學,技專校院,07191026,工業工程與管理系,學士班(進修),83.0,45.0
113,修平學校財團法人修平科技大學,技專校院,07191026,工業工程與管理系(含精實生產管理碩士班)_現役軍人營區在職專班,碩士在職專班,9.0,6.0
113,修平學校財團法人修平科技大學,技專校院,07191026,工業工程與管理系_國際學生產學合作專班,學士班(日間),74.0,
113,修平學校財團法人修平科技大學,技專校院,07191026,工業工程與管理系精實生產管理碩士在職專班,碩士在職專班,31.0,8.0
113,修平學校財團法人修平科技大學,技專校院,07191026,工業工程與管理系精實生產管理碩士班,碩士班(日間),11.0,3.0
113,修平學校財團法人修平科技大學,技專校院,10151029,觀光與遊憩管理系,學士班(日間),163.0,23.0
113,修平學校財團法人修平科技大學,技專校院,10151029,觀光與遊憩管理系_國際專修部,學士班(日間),104.0,
113,修平學校財團法人修平科技大學,技專校院,10151029,觀光與遊憩管理系_觀光飯店與餐飲服務國際學生產學合作專班,學士班(日間),102.0,
113,僑光科技大學,技專校院,02122004,生活創意設計系,學士班(日間),218.0,52.0
113,僑光科技大學,技專校院,02122004,生活創意設計系,學士班(進修),93.0,35.0
113,僑光科技大學,技專校院,02123005,電腦輔助工業設計系,學士班(日間),118.0,68.0
113,僑光科技大學,技專校院,02123005,電腦輔助工業設計系,學士班(進修),60.0,40.0
113,僑光科技大學,技專校院,02123005,電腦輔助工業設計系_精密機械生產製造與管理專班,學士班(進修),18.0,16.0
113,僑光科技大學,技專校院,02311002,應用外語系,學士班(日間),139.0,34.0
113,僑光科技大學,技專校院,02311002,應用外語系,學士班(進修),53.0,23.0
113,僑光科技大學,技專校院,04121013,財務金融系,學士班(日間),405.0,113.0
113,僑光科技大學,技專校院,04121013,財務金融系,學士班(進修),148.0,23.0
113,僑光科技大學,技專校院,04121013,財務金融系碩士班,碩士班(日間),30.0,13.0
113,僑光科技大學,技專校院,04131009,企業管理系,學士班(日間),290.0,76.0
113,僑光科技大學,技專校院,04131009,企業管理系,學士班(進修),320.0,60.0
113,僑光科技大學,技專校院,04131009,企業管理系碩士在職專班,碩士在職專班,89.0,48.0
113,僑光科技大學,技專校院,04131009,企業管理系碩士班,碩士班(日間),11.0,3.0
113,僑光科技大學,技專校院,04132016,行銷與流通管理系,學士班(日間),627.0,176.0
113,僑光科技大學,技專校院,04132016,行銷與流通管理系,學士班(進修),539.0,106.0
113,僑光科技大學,技專校院,04141011,國際貿易系,學士班(日間),206.0,67.0
113,僑光科技大學,技專校院,04141011,國際貿易系,學士班(進修),53.0,15.0
113,僑光科技大學,技專校院,04212018,財經法律系,學士班(日間),387.0,86.0
113,僑光科技大學,技專校院,04212018,財經法律系,學士班(進修),112.0,22.0
113,僑光科技大學,技專校院,04212018,財經法律系_多元培力專班,學士班(進修),5.0,3.0
113,僑光科技大學,技專校院,06131019,資訊科技系,學士班(日間),332.0,106.0
113,僑光科技大學,技專校院,06131019,資訊科技系,學士班(進修),301.0,49.0
113,僑光科技大學,技專校院,06131019,資訊科技系_國際學生產學合作專班,學士班(日間),96.0,
113,僑光科技大學,技專校院,06131019,資訊科技系_資通訊製造國際學生產學合作專班,學士班(日間),67.0,
113,僑光科技大學,技專校院,06131019,資訊科技系碩士班,碩士班(日間),24.0,12.0
113,僑光科技大學,技專校院,06133021,多媒體與遊戲設計系,學士班(日間),289.0,73.0
113,僑光科技大學,技專校院,06133021,多媒體與遊戲設計系,學士班(進修),166.0,24.0
113,僑光科技大學,技專校院,07151028,機械與電腦輔助工程系,學士班(日間),213.0,
113,僑光科技大學,技專校院,07151028,機械與電腦輔助工程系,學士班(進修),164.0,
113,僑光科技大學,技專校院,07151029,智慧自動化工程系,學士班(日間),1.0,1.0
113,僑光科技大學,技專校院,10131024,餐飲管理系,學士班(日間),643.0,160.0
113,僑光科技大學,技專校院,10131024,餐飲管理系,學士班(進修),483.0,92.0
113,僑光科技大學,技專校院,10131024,餐飲管理系_餐飲人才培育管理專班,學士班(日間),110.0,
113,僑光科技大學,技專校院,10131025,旅館與會展管理系,學士班(日間),235.0,71.0
113,僑光科技大學,技專校院,10131025,旅館與會展管理系,學士班(進修),100.0,17.0
113,僑光科技大學,技專校院,10151026,觀光與休閒事業管理系,學士班(日間),417.0,109.0
113,僑光科技大學,技專校院,10151026,觀光與休閒事業管理系,學士班(進修),433.0,85.0
113,國立中興大學,一般大學,01111001,教師專業發展研究所,碩士班(日間),25.0,9.0
113,國立中興大學,一般大學,02221007,歷史學系,博士班,45.0,8.0
113,國立中興大學,一般大學,02221007,歷史學系,學士班(日間),248.0,65.0
113,國立中興大學,一般大學,02221007,歷史學系,碩士在職專班,19.0,1.0
113,國立中興大學,一般大學,02221007,歷史學系,碩士班(日間),29.0,4.0
113,國立中興大學,一般大學,02299109,數位人文與文創產業進修學士學位學程,學士班(進修),135.0,25.0
113,國立中興大學,一般大學,02311006,外國語文學系,學士班(日間),240.0,61.0
113,國立中興大學,一般大學,02311006,外國語文學系,學士班(進修),162.0,40.0
113,國立中興大學,一般大學,02311006,外國語文學系,碩士班(日間),24.0,7.0
113,國立中興大學,一般大學,02321003,台灣文學與跨國文化研究所,碩士在職專班,27.0,10.0
113,國立中興大學,一般大學,02321003,台灣文學與跨國文化研究所,碩士班(日間),34.0,9.0
113,國立中興大學,一般大學,02321004,台灣與跨文化研究國際博士學位學程,博士班,13.0,1.0
113,國立中興大學,一般大學,02321103,台灣人文創新學士學位學程,學士班(日間),71.0,15.0
113,國立中興大學,一般大學,02322005,中國文學系,博士班,27.0,9.0
113,國立中興大學,一般大學,02322005,中國文學系,學士班(日間),227.0,55.0
113,國立中興大學,一般大學,02322005,中國文學系,學士班(進修),141.0,37.0
113,國立中興大學,一般大學,02322005,中國文學系,碩士在職專班,21.0,4.0
113,國立中興大學,一般大學,02322005,中國文學系,碩士班(日間),62.0,17.0
113,國立中興大學,一般大學,03111009,應用經濟學系,博士班,22.0,1.0
113,國立中興大學,一般大學,03111009,應用經濟學系,學士班(日間),194.0,46.0
113,國立中興大學,一般大學,03111009,應用經濟學系,碩士在職專班,33.0,14.0
113,國立中興大學,一般大學,03111009,應用經濟學系,碩士班(日間),28.0,12.0
113,國立中興大學,一般大學,03122010,國際政治研究所,博士班,29.0,2.0
113,國立中興大學,一般大學,03122010,國際政治研究所,碩士在職專班,45.0,13.0
113,國立中興大學,一般大學,03122010,國際政治研究所,碩士班(日間),37.0,14.0
113,國立中興大學,一般大學,03122119,亞洲與中國研究英語碩士學位學程,碩士班(日間),15.0,4.0
113,國立中興大學,一般大學,03222013,圖書資訊學研究所,碩士班(日間),35.0,7.0
113,國立中興大學,一般大學,04111015,會計學系,學士班(日間),176.0,41.0
113,國立中興大學,一般大學,04111015,會計學系,碩士班(日間),49.0,21.0
113,國立中興大學,一般大學,04121019,財務金融學系,博士班,21.0,3.0
113,國立中興大學,一般大學,04121019,財務金融學系,學士班(日間),222.0,56.0
113,國立中興大學,一般大學,04121019,財務金融學系,碩士班(日間),64.0,27.0
113,國立中興大學,一般大學,04131016,企業管理學系,博士班,40.0,
113,國立中興大學,一般大學,04131016,企業管理學系,學士班(日間),231.0,51.0
113,國立中興大學,一般大學,04131016,企業管理學系,碩士班(日間),77.0,30.0
113,國立中興大學,一般大學,04131018,創新產業經營學士學位學程,學士班(進修),190.0,30.0
113,國立中興大學,一般大學,04131097,運動與健康管理研究所,碩士班(日間),29.0,5.0
113,國立中興大學,一般大學,04134011,國家政策與公共事務研究所,碩士在職專班,62.0,17.0
113,國立中興大學,一般大學,04134011,國家政策與公共事務研究所,碩士班(日間),25.0,6.0
113,國立中興大學,一般大學,04143020,行銷學系,學士班(日間),221.0,54.0
113,國立中興大學,一般大學,04143020,行銷學系,碩士班(日間),65.0,24.0
113,國立中興大學,一般大學,04199012,全球事務研究跨洲碩士學位學程,碩士班(日間),30.0,13.0
113,國立中興大學,一般大學,04199021,科技管理研究所,博士班,48.0,2.0
113,國立中興大學,一般大學,04199021,科技管理研究所智慧科技管理碩士在職專班,碩士在職專班,25.0,9.0
113,國立中興大學,一般大學,04199021,科技管理研究所科技管理碩士班,碩士班(日間),39.0,12.0
113,國立中興大學,一般大學,04199021,科技管理研究所電子商務碩士班,碩士班(日間),36.0,12.0
113,國立中興大學,一般大學,04199022,高階經理人碩士在職專班,碩士在職專班,261.0,112.0
113,國立中興大學,一般大學,04199022,高階經理人碩士在職專班兩岸台商組,碩士在職專班,25.0,7.0
113,國立中興大學,一般大學,04199022,高階經理人碩士在職專班越南台商組,碩士在職專班,25.0,12.0
113,國立中興大學,一般大學,04211023,法律學系,學士班(日間),189.0,44.0
113,國立中興大學,一般大學,04211023,法律學系,碩士在職專班,101.0,13.0
113,國立中興大學,一般大學,04211023,法律學系,碩士班(日間),75.0,7.0
113,國立中興大學,一般大學,05111026,生命科學碩士在職專班,碩士在職專班,44.0,12.0
113,國立中興大學,一般大學,05111026,生命科學系,博士班,37.0,4.0
113,國立中興大學,一般大學,05111026,生命科學系,學士班(日間),363.0,90.0
113,國立中興大學,一般大學,05111026,生命科學系,碩士班(日間),103.0,21.0
113,國立中興大學,一般大學,05111029,昆蟲學系,博士班,17.0,3.0
113,國立中興大學,一般大學,05111029,昆蟲學系,學士班(日間),200.0,41.0
113,國立中興大學,一般大學,05111029,昆蟲學系,碩士班(日間),40.0,13.0
113,國立中興大學,一般大學,05121027,生物科技學研究所,博士班,18.0,4.0
113,國立中興大學,一般大學,05121027,生物科技學研究所,碩士班(日間),58.0,23.0
113,國立中興大學,一般大學,05121031,生物科技學士學位學程,學士班(日間),128.0,35.0
113,國立中興大學,一般大學,05121033,分子生物學研究所,博士班,11.0,4.0
113,國立中興大學,一般大學,05121033,分子生物學研究所,碩士班(日間),48.0,16.0
113,國立中興大學,一般大學,05121035,生物醫學研究所,博士班,24.0,4.0
113,國立中興大學,一般大學,05121035,生物醫學研究所,碩士班(日間),40.0,14.0
113,國立中興大學,一般大學,05121037,基因體暨生物資訊學研究所,碩士班(日間),22.0,13.0
113,國立中興大學,一般大學,05121112,特用作物及代謝體博士學位學程,博士班,4.0,
113,國立中興大學,一般大學,05121112,特用作物及代謝體碩士學位學程,碩士班(日間),6.0,2.0
113,國立中興大學,一般大學,05121117,分子與生物農業科學國際研究生博士學位學程,博士班,43.0,11.0
113,國立中興大學,一般大學,05121118,生技產業創新研發與管理博士學位學程,博士班,7.0,
113,國立中興大學,一般大學,05121123,精準健康碩士學位學程,碩士班(日間),1.0,
113,國立中興大學,一般大學,05123034,生物化學研究所,博士班,6.0,1.0
113,國立中興大學,一般大學,05123034,生物化學研究所,碩士班(日間),29.0,15.0
113,國立中興大學,一般大學,05124038,微生物基因體學博士學位學程,博士班,22.0,5.0
113,國立中興大學,一般大學,05292082,水土保持學系,博士班,27.0,4.0
113,國立中興大學,一般大學,05292082,水土保持學系,學士班(日間),224.0,48.0
113,國立中興大學,一般大學,05292082,水土保持學系,碩士在職專班,53.0,20.0
113,國立中興大學,一般大學,05292082,水土保持學系,碩士班(日間),57.0,31.0
113,國立中興大學,一般大學,05311039,化學系,博士班,10.0,
113,國立中興大學,一般大學,05311039,化學系,學士班(日間),250.0,58.0
113,國立中興大學,一般大學,05311039,化學系,碩士班(日間),175.0,72.0
113,國立中興大學,一般大學,05331040,物理學系,博士班,17.0,
113,國立中興大學,一般大學,05331040,物理學系,學士班(日間),255.0,63.0
113,國立中興大學,一般大學,05331040,物理學系,碩士班(日間),46.0,16.0
113,國立中興大學,一般大學,05331058,奈米科學研究所,碩士班(日間),54.0,20.0
113,國立中興大學,一般大學,05411041,應用數學系,博士班,17.0,6.0
113,國立中興大學,一般大學,05411041,應用數學系,學士班(日間),352.0,78.0
113,國立中興大學,一般大學,05411041,應用數學系,碩士班(日間),13.0,4.0
113,國立中興大學,一般大學,05411041,應用數學系大數據碩士在職專班,碩士在職專班,53.0,16.0
113,國立中興大學,一般大學,05421042,統計學研究所,碩士班(日間),41.0,20.0
113,國立中興大學,一般大學,06131043,資訊管理學系,學士班(日間),128.0,32.0
113,國立中興大學,一般大學,06131043,資訊管理學系,碩士在職專班,77.0,35.0
113,國立中興大學,一般大學,06131043,資訊管理學系,碩士班(日間),96.0,44.0
113,國立中興大學,一般大學,06131101,大數據產學研發博士學位學程,博士班,11.0,
113,國立中興大學,一般大學,06131106,資料科學與資訊計算研究所,碩士班(日間),45.0,17.0
113,國立中興大學,一般大學,06131108,資訊工程學系,博士班,27.0,6.0
113,國立中興大學,一般大學,06131108,資訊工程學系,學士班(日間),148.0,32.0
113,國立中興大學,一般大學,06131108,資訊工程學系,碩士在職專班,117.0,16.0
113,國立中興大學,一般大學,06131108,資訊工程學系,碩士班(日間),164.0,70.0
113,國立中興大學,一般大學,06132100,人工智慧與資料科學碩士在職學位學程,碩士在職專班,78.0,16.0
113,國立中興大學,一般大學,07111055,化學工程學系,博士班,9.0,
113,國立中興大學,一般大學,07111055,化學工程學系,學士班(日間),211.0,56.0
113,國立中興大學,一般大學,07111055,化學工程學系,碩士在職專班,63.0,17.0
113,國立中興大學,一般大學,07111055,化學工程學系,碩士班(日間),157.0,76.0
113,國立中興大學,一般大學,07111124,化工系產業碩士專班,碩士班(日間),5.0,
113,國立中興大學,一般大學,07112057,材料科學與工程學系,博士班,30.0,7.0
113,國立中興大學,一般大學,07112057,材料科學與工程學系,學士班(日間),225.0,56.0
113,國立中興大學,一般大學,07112057,材料科學與工程學系,碩士在職專班,99.0,18.0
113,國立中興大學,一般大學,07112057,材料科學與工程學系,碩士班(日間),134.0,59.0
113,國立中興大學,一般大學,07112057,材料科學與工程學系工學院半導體國際專班,碩士班(日間),8.0,
113,國立中興大學,一般大學,07112113,生物與永續科技博士學位學程,博士班,5.0,
113,國立中興大學,一般大學,07112113,生物與永續科技碩士學位學程,碩士班(日間),9.0,4.0
113,國立中興大學,一般大學,07112125,材料產業碩士專班,碩士班(日間),3.0,
113,國立中興大學,一般大學,07121059,環境工程學系,博士班,19.0,2.0
113,國立中興大學,一般大學,07121059,環境工程學系,學士班(日間),201.0,47.0
113,國立中興大學,一般大學,07121059,環境工程學系,碩士在職專班,84.0,14.0
113,國立中興大學,一般大學,07121059,環境工程學系,碩士班(日間),92.0,43.0
113,國立中興大學,一般大學,07141045,電機工程學系,博士班,35.0,2.0
113,國立中興大學,一般大學,07141045,電機工程學系,學士班(日間),277.0,68.0
113,國立中興大學,一般大學,07141045,電機工程學系,碩士在職專班,114.0,30.0
113,國立中興大學,一般大學,07141045,電機工程學系,碩士班(日間),323.0,130.0
113,國立中興大學,一般大學,07141046,光電工程研究所,碩士班(日間),31.0,11.0
113,國立中興大學,一般大學,07141049,通訊工程研究所,碩士班(日間),28.0,11.0
113,國立中興大學,一般大學,07141102,電機資訊學院學士班,學士班(日間),131.0,36.0
113,國立中興大學,一般大學,07141104,電子系統產業碩士專班,碩士班(日間),6.0,2.0
113,國立中興大學,一般大學,07141105,電機控制產業碩士專班,碩士班(日間),1.0,
113,國立中興大學,一般大學,07141116,半導體與綠色科技博士學位學程,博士班,10.0,
113,國立中興大學,一般大學,07141116,半導體與綠色科技碩士學位學程,碩士班(日間),43.0,18.0
113,國立中興大學,一般大學,07141120,智慧電動車及綠能科技產業碩士專班,碩士班(日間),25.0,
113,國立中興大學,一般大學,07151050,機械工程學系,博士班,19.0,1.0
113,國立中興大學,一般大學,07151050,機械工程學系,學士班(日間),400.0,87.0
113,國立中興大學,一般大學,07151050,機械工程學系,碩士在職專班,102.0,19.0
113,國立中興大學,一般大學,07151050,機械工程學系,碩士班(日間),254.0,97.0
113,國立中興大學,一般大學,07151051,精密工程研究所,博士班,10.0,2.0
113,國立中興大學,一般大學,07151051,精密工程研究所,碩士在職專班,33.0,3.0
113,國立中興大學,一般大學,07151051,精密工程研究所,碩士班(日間),72.0,35.0
113,國立中興大學,一般大學,07151052,生物產業機電工程學系,博士班,17.0,
113,國立中興大學,一般大學,07151052,生物產業機電工程學系,學士班(日間),232.0,51.0
113,國立中興大學,一般大學,07151052,生物產業機電工程學系,碩士班(日間),57.0,21.0
113,國立中興大學,一般大學,07191115,工業與智慧科技博士學位學程,博士班,13.0,
113,國立中興大學,一般大學,07191115,工業與智慧科技碩士學位學程,碩士班(日間),44.0,18.0
113,國立中興大學,一般大學,07193060,生醫工程研究所,博士班,14.0,2.0
113,國立中興大學,一般大學,07193060,生醫工程研究所,碩士班(日間),34.0,15.0
113,國立中興大學,一般大學,07193060,"生醫工程研究所Intelligence Science, Engineering and Technology Master Degree Program",碩士班(日間),6.0,
113,國立中興大學,一般大學,07199107,智慧創意工程學士學位學程,學士班(日間),56.0,13.0
113,國立中興大學,一般大學,07211081,食品暨應用生物科技學系,博士班,18.0,4.0
113,國立中興大學,一般大學,07211081,食品暨應用生物科技學系,學士班(日間),219.0,57.0
113,國立中興大學,一般大學,07211081,食品暨應用生物科技學系,碩士在職專班,57.0,16.0
113,國立中興大學,一般大學,07211081,食品暨應用生物科技學系,碩士班(日間),96.0,40.0
113,國立中興大學,一般大學,07211098,食品安全研究所,碩士班(日間),36.0,12.0
113,國立中興大學,一般大學,07312061,景觀與遊憩學士學位學程,學士班(日間),77.0,15.0
113,國立中興大學,一般大學,07312061,景觀與遊憩碩士學位學程,碩士班(日間),17.0,10.0
113,國立中興大學,一般大學,07321054,土木工程學系,博士班,17.0,1.0
113,國立中興大學,一般大學,07321054,土木工程學系,學士班(日間),375.0,93.0
113,國立中興大學,一般大學,07321054,土木工程學系,碩士在職專班,84.0,26.0
113,國立中興大學,一般大學,07321054,土木工程學系,碩士班(日間),117.0,56.0
113,國立中興大學,一般大學,08111063,農藝學系,博士班,9.0,
113,國立中興大學,一般大學,08111063,農藝學系,學士班(日間),199.0,44.0
113,國立中興大學,一般大學,08111063,農藝學系,碩士班(日間),55.0,15.0
113,國立中興大學,一般大學,08111064,國際農學博士學位學程,博士班,35.0,
113,國立中興大學,一般大學,08111064,國際農學碩士學位學程,碩士班(日間),36.0,8.0
113,國立中興大學,一般大學,08112066,動物科學系,博士班,26.0,5.0
113,國立中興大學,一般大學,08112066,動物科學系,學士班(日間),206.0,47.0
113,國立中興大學,一般大學,08112066,動物科學系,碩士班(日間),59.0,23.0
113,國立中興大學,一般大學,08121067,園藝學系,博士班,28.0,4.0
113,國立中興大學,一般大學,08121067,園藝學系,學士班(日間),172.0,36.0
113,國立中興大學,一般大學,08121067,園藝學系,碩士班(日間),67.0,26.0
113,國立中興大學,一般大學,08191083,土壤環境科學系,博士班,14.0,2.0
113,國立中興大學,一般大學,08191083,土壤環境科學系,學士班(日間),183.0,45.0
113,國立中興大學,一般大學,08191083,土壤環境科學系,碩士班(日間),32.0,13.0
113,國立中興大學,一般大學,08193076,生物產業管理研究所,碩士班(日間),40.0,9.0
113,國立中興大學,一般大學,08193076,生物產業管理進修學士學位學程,學士班(進修),181.0,36.0
113,國立中興大學,一般大學,08193077,農業企業經營管理碩士在職專班,碩士在職專班,75.0,23.0
113,國立中興大學,一般大學,08193078,國際農企業學士學位學程,學士班(日間),93.0,22.0
113,國立中興大學,一般大學,08193079,農業經濟與行銷碩士學位學程,碩士班(日間),21.0,11.0
113,國立中興大學,一般大學,08193114,國際精準農企業發展博士學位學程,博士班,5.0,
113,國立中興大學,一般大學,08193114,國際精準農企業發展碩士學位學程,碩士班(日間),6.0,4.0
113,國立中興大學,一般大學,08194068,植物病理學系,博士班,13.0,2.0
113,國立中興大學,一般大學,08194068,植物病理學系,學士班(日間),195.0,46.0
113,國立中興大學,一般大學,08194068,植物病理學系,碩士班(日間),30.0,13.0
113,國立中興大學,一般大學,08194069,植物醫學暨安全農業碩士學位學程,碩士班(日間),31.0,11.0
113,國立中興大學,一般大學,08194111,植物保健博士學位學程,博士班,4.0,
113,國立中興大學,一般大學,08194111,植物保健碩士學位學程,碩士班(日間),8.0,1.0
113,國立中興大學,一般大學,08211086,森林學系,博士班,27.0,5.0
113,國立中興大學,一般大學,08211086,森林學系,學士班(日間),271.0,62.0
113,國立中興大學,一般大學,08211086,森林學系,碩士班(日間),49.0,20.0
113,國立中興大學,一般大學,08411087,獸醫學系,博士班,30.0,3.0
113,國立中興大學,一般大學,08411087,獸醫學系,學士班(日間),373.0,70.0
113,國立中興大學,一般大學,08411087,獸醫學系,碩士班(日間),70.0,31.0
113,國立中興大學,一般大學,08411089,獸醫病理生物學研究所,博士班,12.0,
113,國立中興大學,一般大學,08411089,獸醫病理生物學研究所,碩士班(日間),10.0,7.0
113,國立中興大學,一般大學,08411092,微生物暨公共衛生學研究所,博士班,7.0,
113,國立中興大學,一般大學,08411092,微生物暨公共衛生學研究所,碩士班(日間),19.0,8.0
113,國立中興大學,一般大學,09121093,轉譯醫學博士學位學程,博士班,41.0,3.0
113,國立中興大學,一般大學,09121110,學士後醫學系,學士班(日間),69.0,
113,國立中興大學,一般大學,09121121,臨床醫學研究所,碩士班(日間),9.0,
113,國立中興大學,一般大學,09131122,臨床護理研究所,碩士班(日間),13.0,
113,國立中興大學,一般大學,09141094,醫學生物科技博士學位學程,博士班,23.0,2.0
113,國立中興大學,一般大學,09199096,組織工程與再生醫學博士學位學程,博士班,25.0,7.0
113,國立勤益科技大學,技專校院,02299005,文化創意事業系,學士班(日間),208.0,55.0
113,國立勤益科技大學,技專校院,02299005,文化創意事業系碩士班,碩士班(日間),14.0,5.0
113,國立勤益科技大學,技專校院,02311001,應用英語系,學士班(日間),203.0,52.0
113,國立勤益科技大學,技專校院,02311001,應用英語系,學士班(進修),124.0,26.0
113,國立勤益科技大學,技專校院,04131002,企業管理系,學士班(日間),418.0,91.0
113,國立勤益科技大學,技專校院,04131002,企業管理系,學士班(進修),153.0,41.0
113,國立勤益科技大學,技專校院,04131002,企業管理系_智慧製造物流運籌專班,學士班(進修),66.0,19.0
113,國立勤益科技大學,技專校院,04131002,企業管理系碩士在職專班,碩士在職專班,21.0,12.0
113,國立勤益科技大學,技專校院,04131002,企業管理系碩士班,碩士班(日間),53.0,25.0
113,國立勤益科技大學,技專校院,04132003,流通管理科,二專(進修),27.0,12.0
113,國立勤益科技大學,技專校院,04132003,流通管理系,學士班(日間),392.0,84.0
113,國立勤益科技大學,技專校院,04132003,流通管理系,學士班(進修),33.0,16.0
113,國立勤益科技大學,技專校院,04132003,流通管理系碩士在職專班,碩士在職專班,10.0,4.0
113,國立勤益科技大學,技專校院,04132003,流通管理系碩士班,碩士班(日間),34.0,12.0
113,國立勤益科技大學,技專校院,04199041,健康產業科技研發與管理系,學士班(日間),166.0,39.0
113,國立勤益科技大學,技專校院,04199041,健康產業科技研發與管理系,學士班(進修),97.0,29.0
113,國立勤益科技大學,技專校院,04199041,健康產業科技研發與管理系_外國學生專班,學士班(日間),29.0,29.0
113,國立勤益科技大學,技專校院,04199041,健康產業科技研發與管理系_雙軌旗艦工商管理專班,學士班(進修),27.0,10.0
113,國立勤益科技大學,技專校院,04199041,健康產業科技研發與管理系碩士班,碩士班(日間),20.0,8.0
113,國立勤益科技大學,技專校院,06131010,資訊管理系,學士班(日間),407.0,101.0
113,國立勤益科技大學,技專校院,06131010,資訊管理系,學士班(進修),269.0,57.0
113,國立勤益科技大學,技專校院,06131010,資訊管理系_國際專修部,學士班(日間),11.0,
113,國立勤益科技大學,技專校院,06131010,資訊管理系_智慧產業研發與數據分析產業碩士專班,碩士班(日間),8.0,8.0
113,國立勤益科技大學,技專校院,06131010,資訊管理系_智慧產業資訊應用專班,學士班(進修),16.0,
113,國立勤益科技大學,技專校院,06131010,資訊管理系_研發管理與資訊應用產業碩士專班,碩士班(日間),39.0,12.0
113,國立勤益科技大學,技專校院,06131010,資訊管理系研發科技與資訊管理碩士在職專班,碩士在職專班,12.0,6.0
113,國立勤益科技大學,技專校院,06131010,資訊管理系碩士班,碩士班(日間),22.0,11.0
113,國立勤益科技大學,技專校院,06131013,資訊工程系,學士班(日間),590.0,135.0
113,國立勤益科技大學,技專校院,06131013,資訊工程系,學士班(進修),173.0,39.0
113,國立勤益科技大學,技專校院,06131013,資訊工程系_國際學生產學合作專班,學士班(日間),40.0,
113,國立勤益科技大學,技專校院,06131013,資訊工程系_智慧科技僑生專班,學士班(日間),22.0,
113,國立勤益科技大學,技專校院,06131013,資訊工程系_智慧科技產業碩士專班,碩士班(日間),18.0,
113,國立勤益科技大學,技專校院,06131013,資訊工程系_智慧科技菁英專班,學士班(進修),24.0,
113,國立勤益科技大學,技專校院,06131013,資訊工程系_雙軌旗艦微電子職類,學士班(進修),5.0,3.0
113,國立勤益科技大學,技專校院,06131013,資訊工程系_電資研發產業碩士專班,碩士班(日間),3.0,1.0
113,國立勤益科技大學,技專校院,06131013,資訊工程系碩士在職專班,碩士在職專班,26.0,11.0
113,國立勤益科技大學,技專校院,06131013,資訊工程系碩士班,碩士班(日間),65.0,27.0
113,國立勤益科技大學,技專校院,06132039,人工智慧應用工程系,學士班(日間),276.0,
113,國立勤益科技大學,技專校院,06132039,人工智慧應用工程系,學士班(進修),54.0,
113,國立勤益科技大學,技專校院,06132039,人工智慧應用工程系_半導體封測產攜專班,學士班(日間),46.0,
113,國立勤益科技大學,技專校院,06132039,人工智慧應用工程系_國際專修部,學士班(日間),4.0,
113,國立勤益科技大學,技專校院,06132039,人工智慧應用工程系_智慧科技應用製造專班,學士班(日間),21.0,
113,國立勤益科技大學,技專校院,06132039,人工智慧應用工程系_智慧科技應用製造專班,學士班(進修),2.0,
113,國立勤益科技大學,技專校院,07111020,化工與材料工程系,學士班(日間),577.0,109.0
113,國立勤益科技大學,技專校院,07111020,化工與材料工程系,學士班(進修),178.0,38.0
113,國立勤益科技大學,技專校院,07111020,化工與材料工程系_先進材料與智慧製造產學攜手專班,學士班(進修),11.0,
113,國立勤益科技大學,技專校院,07111020,化工與材料工程系_國際學生產學合作專班,學士班(日間),108.0,
113,國立勤益科技大學,技專校院,07111020,化工與材料工程系碩士在職專班,碩士在職專班,21.0,8.0
113,國立勤益科技大學,技專校院,07111020,化工與材料工程系碩士班,碩士班(日間),61.0,34.0
113,國立勤益科技大學,技專校院,07132026,冷凍空調與能源系,學士班(日間),468.0,85.0
113,國立勤益科技大學,技專校院,07132026,冷凍空調與能源系,學士班(進修),278.0,71.0
113,國立勤益科技大學,技專校院,07132026,冷凍空調與能源系_冷凍空調能源產業專班,學士班(進修),99.0,17.0
113,國立勤益科技大學,技專校院,07132026,冷凍空調與能源系_冷凍空調與能源專班,學士班(進修),14.0,
113,國立勤益科技大學,技專校院,07132026,冷凍空調與能源系_國際學生產學合作專班,學士班(日間),50.0,
113,國立勤益科技大學,技專校院,07132026,冷凍空調與能源系_國際專修部,學士班(日間),5.0,
113,國立勤益科技大學,技專校院,07132026,冷凍空調與能源系_機械工程專班,學士班(日間),28.0,
113,國立勤益科技大學,技專校院,07132026,冷凍空調與能源系碩士在職專班,碩士在職專班,36.0,12.0
113,國立勤益科技大學,技專校院,07132026,冷凍空調與能源系碩士班,碩士班(日間),56.0,24.0
113,國立勤益科技大學,技專校院,07141011,電機工程科,二專(進修),49.0,9.0
113,國立勤益科技大學,技專校院,07141011,電機工程系,學士班(日間),623.0,167.0
113,國立勤益科技大學,技專校院,07141011,電機工程系,學士班(進修),486.0,116.0
113,國立勤益科技大學,技專校院,07141011,電機工程系_電機工程資電國際學生產學合作專班,學士班(日間),109.0,
113,國立勤益科技大學,技專校院,07141011,電機工程系_電機跨領域應用專班,學士班(進修),19.0,
113,國立勤益科技大學,技專校院,07141011,電機工程系碩士在職專班,碩士在職專班,34.0,6.0
113,國立勤益科技大學,技專校院,07141011,電機工程系碩士班,碩士班(日間),51.0,24.0
113,國立勤益科技大學,技專校院,07141012,電子工程科,二專(進修),11.0,4.0
113,國立勤益科技大學,技專校院,07141012,電子工程系,學士班(日間),560.0,146.0
113,國立勤益科技大學,技專校院,07141012,電子工程系,學士班(進修),285.0,72.0
113,國立勤益科技大學,技專校院,07141012,電子工程系_國際專修部,學士班(日間),5.0,
113,國立勤益科技大學,技專校院,07141012,電子工程系_智慧機械生產自動化工程師僑生專班,學士班(日間),30.0,
113,國立勤益科技大學,技專校院,07141012,電子工程系碩士在職專班,碩士在職專班,28.0,7.0
113,國立勤益科技大學,技專校院,07141012,電子工程系碩士班,碩士班(日間),83.0,20.0
113,國立勤益科技大學,技專校院,07141037,前瞻電資科技研究所,博士班,17.0,1.0
113,國立勤益科技大學,技專校院,07151016,機械工程科,二專(進修),42.0,18.0
113,國立勤益科技大學,技專校院,07151016,機械工程系,學士班(日間),634.0,168.0
113,國立勤益科技大學,技專校院,07151016,機械工程系,學士班(進修),542.0,125.0
113,國立勤益科技大學,技專校院,07151016,機械工程系_國際學生產學合作專班,學士班(日間),134.0,
113,國立勤益科技大學,技專校院,07151016,機械工程系_工具機與精密模具設計製造專班,學士班(進修),31.0,
113,國立勤益科技大學,技專校院,07151016,機械工程系_智慧機械應用專班,學士班(進修),133.0,28.0
113,國立勤益科技大學,技專校院,07151016,機械工程系_機電整合專班,學士班(進修),26.0,
113,國立勤益科技大學,技專校院,07151016,機械工程系_水五金智慧製造專班,學士班(進修),1.0,
113,國立勤益科技大學,技專校院,07151016,機械工程系_雙軌旗艦機電整合職類,學士班(進修),51.0,20.0
113,國立勤益科技大學,技專校院,07151016,機械工程系碩士在職專班,碩士在職專班,48.0,14.0
113,國立勤益科技大學,技專校院,07151016,機械工程系碩士班,碩士班(日間),82.0,29.0
113,國立勤益科技大學,技專校院,07151034,智慧機械與智慧製造產業博士學位學程,博士班,16.0,1.0
113,國立勤益科技大學,技專校院,07151038,智慧自動化工程系,學士班(日間),311.0,
113,國立勤益科技大學,技專校院,07151038,智慧自動化工程系,學士班(進修),33.0,
113,國立勤益科技大學,技專校院,07151038,智慧自動化工程系_國際專修部,學士班(日間),6.0,
113,國立勤益科技大學,技專校院,07151038,智慧自動化工程系_智能自動化產業專班,學士班(日間),44.0,
113,國立勤益科技大學,技專校院,07191022,工業工程與管理科,二專(進修),47.0,13.0
113,國立勤益科技大學,技專校院,07191022,工業工程與管理系,學士班(日間),728.0,169.0
113,國立勤益科技大學,技專校院,07191022,工業工程與管理系,學士班(進修),525.0,137.0
113,國立勤益科技大學,技專校院,07191022,工業工程與管理系_國際學生產學合作專班,學士班(日間),32.0,27.0
113,國立勤益科技大學,技專校院,07191022,工業工程與管理系_智慧生產與精實管理專班,學士班(進修),25.0,
113,國立勤益科技大學,技專校院,07191022,工業工程與管理系_智慧製造精實管理產業碩士專班,碩士班(日間),12.0,12.0
113,國立勤益科技大學,技專校院,07191022,工業工程與管理系碩士在職專班,碩士在職專班,51.0,27.0
113,國立勤益科技大學,技專校院,07191022,工業工程與管理系碩士班,碩士班(日間),54.0,22.0
113,國立勤益科技大學,技專校院,07194024,精密製造科技研究所,博士班,34.0,6.0
113,國立勤益科技大學,技專校院,07199036,智慧製造與資訊應用國際碩士學位學程,碩士班(日間),14.0,6.0
113,國立勤益科技大學,技專校院,07312029,景觀科,二專(進修),38.0,9.0
113,國立勤益科技大學,技專校院,07312029,景觀系,學士班(日間),175.0,39.0
113,國立勤益科技大學,技專校院,07312029,景觀系碩士班,碩士班(日間),13.0,4.0
113,國立臺中教育大學,一般大學,01111001,教育學系,博士班,36.0,9.0
113,國立臺中教育大學,一般大學,01111001,教育學系,學士班(日間),180.0,41.0
113,國立臺中教育大學,一般大學,01111001,教育學系,碩士班(日間),34.0,6.0
113,國立臺中教育大學,一般大學,01111001,教育學系教育行政與管理碩士在職專班,碩士在職專班,48.0,13.0
113,國立臺中教育大學,一般大學,01111001,教育學系課程與教學碩士在職專班,碩士在職專班,58.0,21.0
113,國立臺中教育大學,一般大學,01111001,教育學系課程與教學碩士班,碩士班(日間),31.0,5.0
113,國立臺中教育大學,一般大學,01111005,教師專業碩士學位學程,碩士班(日間),138.0,44.0
113,國立臺中教育大學,一般大學,01113022,特殊教育學系,學士班(日間),182.0,43.0
113,國立臺中教育大學,一般大學,01113022,特殊教育學系,碩士在職專班,62.0,7.0
113,國立臺中教育大學,一般大學,01113022,特殊教育學系,碩士班(日間),42.0,12.0
113,國立臺中教育大學,一般大學,01114025,高等教育經營管理碩士學位學程,碩士班(日間),26.0,4.0
113,國立臺中教育大學,一般大學,01117028,教育資訊與測驗統計研究所,博士班,44.0,
113,國立臺中教育大學,一般大學,01117028,教育資訊與測驗統計研究所,碩士在職專班,43.0,13.0
113,國立臺中教育大學,一般大學,01117028,教育資訊與測驗統計研究所,碩士班(日間),38.0,11.0
113,國立臺中教育大學,一般大學,01121021,幼兒教育學系,學士班(日間),193.0,44.0
113,國立臺中教育大學,一般大學,01121021,幼兒教育學系,碩士在職專班,53.0,18.0
113,國立臺中教育大學,一般大學,01121021,幼兒教育學系,碩士班(日間),41.0,15.0
113,國立臺中教育大學,一般大學,01121021,幼兒教育學系早期療育碩士在職專班,碩士在職專班,53.0,6.0
113,國立臺中教育大學,一般大學,01121021,幼兒教育學系早期療育碩士班,碩士班(日間),45.0,12.0
113,國立臺中教育大學,一般大學,01131006,語文教育學系,博士班,31.0,4.0
113,國立臺中教育大學,一般大學,01131006,語文教育學系,學士班(日間),194.0,49.0
113,國立臺中教育大學,一般大學,01131006,語文教育學系,碩士班(日間),31.0,5.0
113,國立臺中教育大學,一般大學,01131006,語文教育學系國民小學教師在職進修教學碩士學位班,碩士在職專班,14.0,5.0
113,國立臺中教育大學,一般大學,01131006,語文教育學系華語文教學碩士班,碩士班(日間),48.0,9.0
113,國立臺中教育大學,一般大學,01131008,科學教育與應用學系,學士班(日間),164.0,37.0
113,國立臺中教育大學,一般大學,01131008,科學教育與應用學系,碩士在職專班,34.0,2.0
113,國立臺中教育大學,一般大學,01131008,科學教育與應用學系,碩士班(日間),21.0,5.0
113,國立臺中教育大學,一般大學,01131008,科學教育與應用學系環境教育及管理碩士在職專班,碩士在職專班,32.0,6.0
113,國立臺中教育大學,一般大學,01131008,科學教育與應用學系環境教育及管理碩士班,碩士班(日間),25.0,8.0
113,國立臺中教育大學,一般大學,01131011,數學教育學系,學士班(日間),188.0,40.0
113,國立臺中教育大學,一般大學,01131011,數學教育學系,碩士在職專班,46.0,13.0
113,國立臺中教育大學,一般大學,01131011,數學教育學系,碩士班(日間),24.0,1.0
113,國立臺中教育大學,一般大學,01131019,體育學系,學士班(日間),200.0,36.0
113,國立臺中教育大學,一般大學,01131019,體育學系,碩士在職專班,67.0,28.0
113,國立臺中教育大學,一般大學,01131019,體育學系,碩士班(日間),30.0,10.0
113,國立臺中教育大學,一般大學,02122034,文化創意產業設計與營運學系,學士班(日間),201.0,47.0
113,國立臺中教育大學,一般大學,02122034,文化創意產業設計與營運學系事業經營管理碩士班,碩士班(日間),,14.0
113,國立臺中教育大學,一般大學,02131029,美術學系,學士班(日間),183.0,46.0
113,國立臺中教育大學,一般大學,02131029,美術學系,碩士在職專班,82.0,14.0
113,國立臺中教育大學,一般大學,02131029,美術學系,碩士班(日間),46.0,15.0
113,國立臺中教育大學,一般大學,02151030,音樂學系,學士班(日間),156.0,35.0
113,國立臺中教育大學,一般大學,02151030,音樂學系,碩士班(日間),45.0,9.0
113,國立臺中教育大學,一般大學,02311032,英語學系,學士班(日間),216.0,53.0
113,國立臺中教育大學,一般大學,02311032,英語學系,碩士班(日間),19.0,
113,國立臺中教育大學,一般大學,02321031,臺灣語文學系,學士班(日間),188.0,34.0
113,國立臺中教育大學,一般大學,02321031,臺灣語文學系,碩士班(日間),25.0,5.0
113,國立臺中教育大學,一般大學,03131035,諮商與應用心理學系,學士班(日間),191.0,46.0
113,國立臺中教育大學,一般大學,03131035,諮商與應用心理學系,碩士在職專班,57.0,9.0
113,國立臺中教育大學,一般大學,03131035,諮商與應用心理學系,碩士班(日間),71.0,16.0
113,國立臺中教育大學,一般大學,03191037,區域與社會發展學系,學士班(日間),194.0,39.0
113,國立臺中教育大學,一般大學,03191037,區域與社會發展學系,碩士在職專班,17.0,
113,國立臺中教育大學,一般大學,03191037,區域與社會發展學系,碩士班(日間),25.0,3.0
113,國立臺中教育大學,一般大學,03191037,區域與社會發展學系國民小學教師在職進修教學碩士學位班,碩士在職專班,44.0,10.0
113,國立臺中教育大學,一般大學,04131034,文化創意產業設計與營運學系事業經營管理碩士班,碩士班(日間),36.0,
113,國立臺中教育大學,一般大學,04131039,國際企業學系,學士班(日間),268.0,64.0
113,國立臺中教育大學,一般大學,04131040,管理學院國際經營管理碩士在職專班,碩士在職專班,43.0,18.0
113,國立臺中教育大學,一般大學,04131040,管理學院國際經營管理碩士學位學程,碩士班(日間),18.0,3.0
113,國立臺中教育大學,一般大學,06131042,資訊工程學系,學士班(日間),201.0,46.0
113,國立臺中教育大學,一般大學,06131042,資訊工程學系,碩士班(日間),45.0,19.0
113,國立臺中教育大學,一般大學,06133041,數位內容科技學系,學士班(日間),187.0,42.0
113,國立臺中教育大學,一般大學,06133041,數位內容科技學系,碩士在職專班,23.0,9.0
113,國立臺中教育大學,一般大學,06133041,數位內容科技學系,碩士班(日間),27.0,10.0
113,國立臺中教育大學,一般大學,10151045,永續觀光暨遊憩管理碩士學位學程,碩士班(日間),26.0,2.0
113,國立臺中科技大學,技專校院,02112005,多媒體設計系,學士班(日間),220.0,41.0
113,國立臺中科技大學,技專校院,02112005,多媒體設計系碩士班,碩士班(日間),36.0,16.0
113,國立臺中科技大學,技專校院,02122006,商業設計科,二專(進修),52.0,21.0
113,國立臺中科技大學,技專校院,02122006,商業設計系,學士班(日間),282.0,89.0
113,國立臺中科技大學,技專校院,02122006,商業設計系,學士班(進修),297.0,95.0
113,國立臺中科技大學,技專校院,02122006,商業設計系碩士在職專班,碩士在職專班,31.0,4.0
113,國立臺中科技大學,技專校院,02122006,商業設計系碩士班,碩士班(日間),44.0,14.0
113,國立臺中科技大學,技專校院,02123007,創意商品設計系,學士班(日間),78.0,33.0
113,國立臺中科技大學,技專校院,02123007,創意商品設計菁英班,五專,235.0,45.0
113,國立臺中科技大學,技專校院,02124008,室內設計系,學士班(日間),187.0,35.0
113,國立臺中科技大學,技專校院,02124008,室內設計系,學士班(進修),73.0,18.0
113,國立臺中科技大學,技專校院,02124008,室內設計系碩士班,碩士班(日間),27.0,5.0
113,國立臺中科技大學,技專校院,02311003,應用英語科,二專(進修),55.0,18.0
113,國立臺中科技大學,技專校院,02311003,應用英語科,五專,255.0,39.0
113,國立臺中科技大學,技專校院,02311003,應用英語系,學士班(日間),243.0,60.0
113,國立臺中科技大學,技專校院,02311003,應用英語系,學士班(進修),399.0,112.0
113,國立臺中科技大學,技專校院,02311004,應用日語科,二專(進修),101.0,46.0
113,國立臺中科技大學,技專校院,02311004,應用日語科,五專,262.0,42.0
113,國立臺中科技大學,技專校院,02311004,應用日語系,學士班(日間),264.0,71.0
113,國立臺中科技大學,技專校院,02311004,應用日語系,學士班(進修),96.0,42.0
113,國立臺中科技大學,技專校院,02311004,應用日語系日本市場暨商務策略碩士班,碩士班(日間),21.0,2.0
113,國立臺中科技大學,技專校院,02311047,語文學院_應用資訊日語技優領航專班,學士班(日間),61.0,9.0
113,國立臺中科技大學,技專校院,02322001,應用中文系,學士班(日間),181.0,39.0
113,國立臺中科技大學,技專校院,02322001,應用中文系_多元敘事專才技優領航專班,學士班(日間),60.0,13.0
113,國立臺中科技大學,技專校院,04111012,會計資訊科,五專,391.0,59.0
113,國立臺中科技大學,技專校院,04111012,會計資訊系,學士班(日間),424.0,120.0
113,國立臺中科技大學,技專校院,04111012,會計資訊系,學士班(進修),194.0,54.0
113,國立臺中科技大學,技專校院,04111012,會計資訊系碩士在職專班,碩士在職專班,20.0,9.0
113,國立臺中科技大學,技專校院,04111012,會計資訊系碩士班,碩士班(日間),23.0,9.0
113,國立臺中科技大學,技專校院,04121021,財務金融科,二專(進修),45.0,15.0
113,國立臺中科技大學,技專校院,04121021,財務金融系,學士班(日間),349.0,79.0
113,國立臺中科技大學,技專校院,04121021,財務金融系,學士班(進修),347.0,84.0
113,國立臺中科技大學,技專校院,04121021,財務金融系碩士在職專班,碩士在職專班,40.0,13.0
113,國立臺中科技大學,技專校院,04121021,財務金融系碩士班,碩士班(日間),22.0,11.0
113,國立臺中科技大學,技專校院,04122028,財政稅務系,學士班(日間),350.0,84.0
113,國立臺中科技大學,技專校院,04122028,財政稅務系租稅管理與理財規劃碩士班,碩士班(日間),25.0,12.0
113,國立臺中科技大學,技專校院,04123027,保險金融管理科,五專,425.0,63.0
113,國立臺中科技大學,技專校院,04123027,保險金融管理系,學士班(日間),430.0,120.0
113,國立臺中科技大學,技專校院,04123027,保險金融管理系,學士班(進修),67.0,3.0
113,國立臺中科技大學,技專校院,04123027,保險金融管理系碩士班,碩士班(日間),20.0,9.0
113,國立臺中科技大學,技專校院,04131015,企業管理科,五專,451.0,69.0
113,國立臺中科技大學,技專校院,04131015,企業管理系,學士班(日間),285.0,84.0
113,國立臺中科技大學,技專校院,04131015,企業管理系,學士班(進修),287.0,110.0
113,國立臺中科技大學,技專校院,04131015,企業管理系_智慧及創新營運技優領航專班,學士班(日間),100.0,21.0
113,國立臺中科技大學,技專校院,04131015,企業管理系碩士在職專班,碩士在職專班,63.0,25.0
113,國立臺中科技大學,技專校院,04131015,企業管理系碩士班,碩士班(日間),34.0,10.0
113,國立臺中科技大學,技專校院,04131051,商學院_智慧營運與經營管理外國學生專班,碩士班(日間),3.0,
113,國立臺中科技大學,技專校院,04132029,流通管理系,學士班(日間),267.0,78.0
113,國立臺中科技大學,技專校院,04132029,流通管理系碩士在職專班,碩士在職專班,26.0,8.0
113,國立臺中科技大學,技專校院,04132029,流通管理系碩士班,碩士班(日間),21.0,12.0
113,國立臺中科技大學,技專校院,04141020,國際貿易與經營科,五專,252.0,49.0
113,國立臺中科技大學,技專校院,04141020,國際貿易與經營系,學士班(日間),456.0,122.0
113,國立臺中科技大學,技專校院,04141020,國際貿易與經營系,學士班(進修),363.0,117.0
113,國立臺中科技大學,技專校院,04191009,商業經營科,二專(進修),184.0,64.0
113,國立臺中科技大學,技專校院,04191009,商業經營系,學士班(日間),59.0,27.0
113,國立臺中科技大學,技專校院,04191009,商業經營系,學士班(進修),201.0,
113,國立臺中科技大學,技專校院,05421032,應用統計系,學士班(日間),178.0,25.0
113,國立臺中科技大學,技專校院,06131033,資訊管理科,二專(進修),62.0,33.0
113,國立臺中科技大學,技專校院,06131033,資訊管理科,五專,440.0,72.0
113,國立臺中科技大學,技專校院,06131033,資訊管理系,學士班(日間),392.0,122.0
113,國立臺中科技大學,技專校院,06131033,資訊管理系,學士班(進修),202.0,52.0
113,國立臺中科技大學,技專校院,06131033,資訊管理系_資訊管理系技優領航專班,學士班(日間),25.0,24.0
113,國立臺中科技大學,技專校院,06131033,資訊管理系碩士在職專班,碩士在職專班,37.0,12.0
113,國立臺中科技大學,技專校院,06131033,資訊管理系碩士班,碩士班(日間),34.0,12.0
113,國立臺中科技大學,技專校院,06131050,資訊與流通學院智慧工程博士班,博士班,8.0,
113,國立臺中科技大學,技專校院,06132043,人工智慧應用工程學士學位學程,學士班(日間),162.0,24.0
113,國立臺中科技大學,技專校院,07141036,資訊工程科,五專,474.0,74.0
113,國立臺中科技大學,技專校院,07141036,資訊工程系,學士班(日間),484.0,115.0
113,國立臺中科技大學,技專校院,07141036,資訊工程系,學士班(進修),166.0,38.0
113,國立臺中科技大學,技專校院,07141036,資訊工程系碩士在職專班,碩士在職專班,30.0,7.0
113,國立臺中科技大學,技專校院,07141036,資訊工程系碩士班,碩士班(日間),47.0,18.0
113,國立臺中科技大學,技專校院,07191044,智慧生產工程系,學士班(日間),256.0,30.0
113,國立臺中科技大學,技專校院,07191044,智慧生產工程系_智慧生產工程系技優領航專班,學士班(日間),29.0,12.0
113,國立臺中科技大學,技專校院,07191044,智慧生產工程系_雙軌訓練旗艦計畫,學士班(日間),14.0,
113,國立臺中科技大學,技專校院,09131037,護理科,五專,529.0,105.0
113,國立臺中科技大學,技專校院,09131037,護理系,學士班(日間),586.0,182.0
113,國立臺中科技大學,技專校院,09131037,護理系碩士在職專班,碩士在職專班,42.0,4.0
113,國立臺中科技大學,技專校院,09131037,護理系碩士班,碩士班(日間),22.0,6.0
113,國立臺中科技大學,技專校院,09211038,老人服務事業管理系,學士班(日間),244.0,76.0
113,國立臺中科技大學,技專校院,09211038,老人服務事業管理系,學士班(進修),261.0,81.0
113,國立臺中科技大學,技專校院,10121040,美容科,二專(進修),51.0,36.0
113,國立臺中科技大學,技專校院,10121040,美容系,學士班(日間),244.0,77.0
113,國立臺中科技大學,技專校院,10121040,美容系,學士班(進修),234.0,52.0
113,國立臺中科技大學,技專校院,10121040,美容系_美容技優領航專班,學士班(日間),75.0,13.0
113,國立臺中科技大學,技專校院,10121040,美容系碩士班,碩士班(日間),20.0,4.0
113,國立臺中科技大學,技專校院,10151039,休閒事業經營系,學士班(日間),156.0,40.0
113,國立臺中科技大學,技專校院,10151039,休閒事業經營系,學士班(進修),474.0,195.0
113,國立臺灣體育運動大學,一般大學,01141001,體育學系,學士班(日間),438.0,87.0
113,國立臺灣體育運動大學,一般大學,01141001,體育學系,學士班(進修),323.0,70.0
113,國立臺灣體育運動大學,一般大學,01141001,體育學系,碩士在職專班,37.0,3.0
113,國立臺灣體育運動大學,一般大學,01141001,體育學系,碩士班(日間),77.0,13.0
113,國立臺灣體育運動大學,一般大學,02112012,運動資訊與傳播學系,學士班(日間),202.0,51.0
113,國立臺灣體育運動大學,一般大學,02112012,運動資訊與傳播學系,碩士班(日間),10.0,
113,國立臺灣體育運動大學,一般大學,02152002,舞蹈學系,學士班(日間),187.0,29.0
113,國立臺灣體育運動大學,一般大學,02152002,舞蹈學系,碩士班(日間),30.0,2.0
113,國立臺灣體育運動大學,一般大學,04199010,運動事業管理學系,學士班(日間),212.0,43.0
113,國立臺灣體育運動大學,一般大學,04199010,運動事業管理學系,碩士在職專班,26.0,5.0
113,國立臺灣體育運動大學,一般大學,04199010,運動事業管理學系,碩士班(日間),29.0,4.0
113,國立臺灣體育運動大學,一般大學,04199010,運動事業管理學系東南亞博士班,博士班,8.0,2.0
113,國立臺灣體育運動大學,一般大學,10141003,競技運動學系,博士班,15.0,3.0
113,國立臺灣體育運動大學,一般大學,10141003,競技運動學系,學士班(日間),197.0,42.0
113,國立臺灣體育運動大學,一般大學,10141003,競技運動學系,碩士在職專班,24.0,4.0
113,國立臺灣體育運動大學,一般大學,10141003,競技運動學系,碩士班(日間),61.0,14.0
113,國立臺灣體育運動大學,一般大學,10141004,球類運動學系,學士班(日間),462.0,76.0
113,國立臺灣體育運動大學,一般大學,10141005,技擊運動學系,學士班(日間),218.0,45.0
113,國立臺灣體育運動大學,一般大學,10142006,運動健康科學學系,學士班(日間),202.0,51.0
113,國立臺灣體育運動大學,一般大學,10142006,運動健康科學學系,碩士在職專班,9.0,3.0
113,國立臺灣體育運動大學,一般大學,10142006,運動健康科學學系,碩士班(日間),29.0,9.0
113,國立臺灣體育運動大學,一般大學,10142006,運動健康科學學系碩士班在職學位學程,碩士在職專班,4.0,1.0
113,國立臺灣體育運動大學,一般大學,10152007,休閒運動學系,學士班(日間),220.0,46.0
113,國立臺灣體育運動大學,一般大學,10152007,休閒運動學系,碩士班(日間),42.0,10.0
113,國立臺灣體育運動大學,一般大學,10152008,休閒運動管理碩士在職學位學程,碩士在職專班,28.0,8.0
113,嶺東科技大學,技專校院,02112003,視覺傳達設計系,學士班(日間),624.0,121.0
113,嶺東科技大學,技專校院,02112003,視覺傳達設計系,學士班(進修),112.0,32.0
113,嶺東科技大學,技專校院,02112003,視覺傳達設計系碩士班,碩士班(日間),18.0,3.0
113,嶺東科技大學,技專校院,02112005,數位媒體設計系,學士班(日間),708.0,156.0
113,嶺東科技大學,技專校院,02112005,數位媒體設計系,學士班(進修),163.0,18.0
113,嶺東科技大學,技專校院,02112005,數位媒體設計系碩士班,碩士班(日間),22.0,8.0
113,嶺東科技大學,技專校院,02122002,流行設計系,學士班(日間),317.0,68.0
113,嶺東科技大學,技專校院,02122002,流行設計系,學士班(進修),140.0,35.0
113,嶺東科技大學,技專校院,02122002,流行設計系原住民專班,學士班(日間),,3.0
113,嶺東科技大學,技專校院,02122002,流行設計系碩士班,碩士班(日間),32.0,4.0
113,嶺東科技大學,技專校院,02123008,創意產品設計系,學士班(日間),319.0,79.0
113,嶺東科技大學,技專校院,02123008,創意產品設計系,學士班(進修),103.0,16.0
113,嶺東科技大學,技專校院,02123008,創意產品設計系碩士班,碩士班(日間),13.0,3.0
113,嶺東科技大學,技專校院,02125039,服飾設計系,學士班(日間),202.0,27.0
113,嶺東科技大學,技專校院,02311001,應用外語系,學士班(日間),426.0,89.0
113,嶺東科技大學,技專校院,02311001,應用外語系,學士班(進修),123.0,16.0
113,嶺東科技大學,技專校院,04111010,會計資訊系,學士班(日間),79.0,18.0
113,嶺東科技大學,技專校院,04111010,會計資訊系碩士班,碩士班(日間),12.0,4.0
113,嶺東科技大學,技專校院,04121017,財務金融系,學士班(日間),266.0,66.0
113,嶺東科技大學,技專校院,04121017,財務金融系,學士班(進修),129.0,22.0
113,嶺東科技大學,技專校院,04121017,財務金融系原住民專班,學士班(日間),,5.0
113,嶺東科技大學,技專校院,04121017,財務金融系碩士在職專班,碩士在職專班,19.0,10.0
113,嶺東科技大學,技專校院,04121017,財務金融系碩士班,碩士班(日間),39.0,30.0
113,嶺東科技大學,技專校院,04131013,企業管理系,學士班(日間),300.0,61.0
113,嶺東科技大學,技專校院,04131013,企業管理系,學士班(進修),173.0,33.0
113,嶺東科技大學,技專校院,04131013,企業管理系_現役軍人營區在職專班,碩士在職專班,29.0,10.0
113,嶺東科技大學,技專校院,04131013,企業管理系碩士在職專班,碩士在職專班,20.0,11.0
113,嶺東科技大學,技專校院,04131013,企業管理系碩士班,碩士班(日間),19.0,5.0
113,嶺東科技大學,技專校院,04131013,企業管理系高階經營管理碩士在職專班(EMBA),碩士在職專班,88.0,41.0
113,嶺東科技大學,技專校院,04131015,國際企業系,學士班(進修),100.0,
113,嶺東科技大學,技專校院,04131015,國際企業系碩士在職專班,碩士在職專班,21.0,
113,嶺東科技大學,技專校院,04131015,國際企業系碩士班,碩士班(日間),12.0,
113,嶺東科技大學,技專校院,04141015,國際企業系,學士班(日間),303.0,92.0
113,嶺東科技大學,技專校院,04141015,國際企業系,學士班(進修),,16.0
113,嶺東科技大學,技專校院,04141015,國際企業系碩士在職專班,碩士在職專班,,11.0
113,嶺東科技大學,技專校院,04141015,國際企業系碩士班,碩士班(日間),,5.0
113,嶺東科技大學,技專校院,04143024,行銷與流通管理系,學士班(日間),464.0,129.0
113,嶺東科技大學,技專校院,04143024,行銷與流通管理系,學士班(進修),166.0,25.0
113,嶺東科技大學,技專校院,04143024,行銷與流通管理系碩士班,碩士班(日間),18.0,7.0
113,嶺東科技大學,技專校院,04199040,時尚經營系,學士班(日間),333.0,69.0
113,嶺東科技大學,技專校院,04199040,時尚經營系,學士班(進修),109.0,22.0
113,嶺東科技大學,技專校院,06121031,資訊管理系,學士班(日間),324.0,
113,嶺東科技大學,技專校院,06131030,資訊科技系,學士班(日間),441.0,107.0
113,嶺東科技大學,技專校院,06131030,資訊科技系,學士班(進修),298.0,77.0
113,嶺東科技大學,技專校院,06131030,資訊科技系碩士班,碩士班(日間),32.0,13.0
113,嶺東科技大學,技專校院,06131031,資訊管理系,學士班(日間),,89.0
113,嶺東科技大學,技專校院,06131031,資訊管理系,學士班(進修),,20.0
113,嶺東科技大學,技專校院,06131031,資訊管理系碩士班,碩士班(日間),10.0,3.0
113,嶺東科技大學,技專校院,06132031,資訊管理系,學士班(進修),135.0,
113,嶺東科技大學,技專校院,07151042,智慧製造科技系,學士班(日間),56.0,
113,嶺東科技大學,技專校院,09221041,幼兒保育系,學士班(日間),149.0,27.0
113,嶺東科技大學,技專校院,09221041,幼兒保育系,學士班(進修),161.0,43.0
113,嶺東科技大學,技專校院,10151036,觀光與休閒管理系,學士班(日間),433.0,90.0
113,嶺東科技大學,技專校院,10151036,觀光與休閒管理系,學士班(進修),273.0,57.0
113,嶺東科技大學,技專校院,10151036,觀光與休閒管理系碩士班,碩士班(日間),22.0,4.0
113,弘光科技大學,技專校院,02122041,文化設計與行銷系,學士班(日間),243.0,44.0
113,弘光科技大學,技專校院,02122041,文化設計與行銷系,學士班(進修),93.0,16.0
113,弘光科技大學,技專校院,02311038,國際溝通英語系,學士班(日間),144.0,30.0
113,弘光科技大學,技專校院,02311038,國際溝通英語系,學士班(進修),93.0,21.0
113,弘光科技大學,技專校院,04133005,健康事業管理系,學士班(日間),276.0,59.0
113,弘光科技大學,技專校院,04133005,健康事業管理系,學士班(進修),112.0,29.0
113,弘光科技大學,技專校院,04133005,健康事業管理系碩士班,碩士班(日間),32.0,12.0
113,弘光科技大學,技專校院,05111007,動物保健學士學位學程,學士班(日間),73.0,51.0
113,弘光科技大學,技專校院,05111007,動物保健系,學士班(日間),179.0,
113,弘光科技大學,技專校院,05111007,動物保健系,學士班(進修),166.0,
113,弘光科技大學,技專校院,05121008,生物科技系,學士班(日間),1.0,1.0
113,弘光科技大學,技專校院,05191023,營養系,學士班(日間),294.0,65.0
113,弘光科技大學,技專校院,05191023,營養系,學士班(進修),112.0,20.0
113,弘光科技大學,技專校院,05191023,營養系碩士班,碩士班(日間),14.0,3.0
113,弘光科技大學,技專校院,06131040,智慧科技應用系,學士班(日間),270.0,61.0
113,弘光科技大學,技專校院,06131040,智慧科技應用系,學士班(進修),94.0,26.0
113,弘光科技大學,技專校院,06131040,智慧科技應用系_國際專修部,學士班(日間),3.0,
113,弘光科技大學,技專校院,06131040,智慧科技應用系_海外青年技術訓練班,二專(日間),2.0,1.0
113,弘光科技大學,技專校院,06133039,多媒體遊戲發展與應用系,學士班(日間),299.0,31.0
113,弘光科技大學,技專校院,06133039,多媒體遊戲發展與應用系,學士班(進修),195.0,32.0
113,弘光科技大學,技專校院,06133039,多媒體遊戲發展與應用系_香港二技專班,學士班(日間),1.0,1.0
113,弘光科技大學,技專校院,07121014,環境與安全衛生工程系,學士班(日間),460.0,100.0
113,弘光科技大學,技專校院,07121014,環境與安全衛生工程系,學士班(進修),331.0,64.0
113,弘光科技大學,技專校院,07121014,環境與安全衛生工程系_國際專修部,學士班(日間),1.0,
113,弘光科技大學,技專校院,07121014,環境與安全衛生工程系_香港二技專班,學士班(日間),1.0,1.0
113,弘光科技大學,技專校院,07121014,環境與安全衛生工程系碩士在職專班,碩士在職專班,13.0,1.0
113,弘光科技大學,技專校院,07121014,環境與安全衛生工程系碩士班,碩士班(日間),24.0,8.0
113,弘光科技大學,技專校院,07193042,醫療器材發展與應用系,學士班(日間),176.0,46.0
113,弘光科技大學,技專校院,07211017,食品科技系,學士班(日間),599.0,129.0
113,弘光科技大學,技專校院,07211017,食品科技系,學士班(進修),309.0,79.0
113,弘光科技大學,技專校院,07211017,食品科技系_國際專修部,學士班(日間),7.0,
113,弘光科技大學,技專校院,07211017,食品科技系_海外青年技術訓練班,二專(日間),39.0,12.0
113,弘光科技大學,技專校院,07211017,食品科技系碩士在職專班,碩士在職專班,11.0,2.0
113,弘光科技大學,技專校院,07211017,食品科技系碩士班,碩士班(日間),12.0,4.0
113,弘光科技大學,技專校院,09131025,學士後護理系,學士班(日間),119.0,41.0
113,弘光科技大學,技專校院,09131025,護理科,五專,264.0,47.0
113,弘光科技大學,技專校院,09131025,護理系,學士班(日間),1370.0,516.0
113,弘光科技大學,技專校院,09131025,護理系,學士班(進修),741.0,246.0
113,弘光科技大學,技專校院,09131025,護理系博士班,博士班,17.0,2.0
113,弘光科技大學,技專校院,09131025,護理系碩士在職專班,碩士在職專班,46.0,8.0
113,弘光科技大學,技專校院,09131025,護理系碩士班,碩士班(日間),50.0,11.0
113,弘光科技大學,技專校院,09151020,物理治療系,學士班(日間),412.0,86.0
113,弘光科技大學,技專校院,09153021,語言治療與聽力學系,學士班(日間),191.0,39.0
113,弘光科技大學,技專校院,09211037,老人福利與長期照顧事業系,學士班(日間),278.0,72.0
113,弘光科技大學,技專校院,09211037,老人福利與長期照顧事業系,學士班(進修),137.0,33.0
113,弘光科技大學,技專校院,09211037,老人福利與長期照顧事業系碩士班,碩士班(日間),28.0,10.0
113,弘光科技大學,技專校院,09221028,幼兒保育系,學士班(日間),321.0,84.0
113,弘光科技大學,技專校院,09221028,幼兒保育系,學士班(進修),200.0,34.0
113,弘光科技大學,技專校院,10121031,化妝品應用科,二專(進修),39.0,9.0
113,弘光科技大學,技專校院,10121031,化妝品應用系,學士班(日間),395.0,98.0
113,弘光科技大學,技專校院,10121031,化妝品應用系,學士班(進修),189.0,64.0
113,弘光科技大學,技專校院,10121031,化妝品應用系碩士在職專班,碩士在職專班,12.0,3.0
113,弘光科技大學,技專校院,10121031,化妝品應用系碩士班,碩士班(日間),19.0,4.0
113,弘光科技大學,技專校院,10121034,美髮造型設計科,二專(進修),46.0,16.0
113,弘光科技大學,技專校院,10121034,美髮造型設計系,學士班(日間),366.0,85.0
113,弘光科技大學,技專校院,10121034,美髮造型設計系,學士班(進修),66.0,30.0
113,弘光科技大學,技專校院,10131029,餐旅管理系,學士班(日間),613.0,145.0
113,弘光科技大學,技專校院,10131029,餐旅管理系,學士班(進修),353.0,70.0
113,弘光科技大學,技專校院,10131029,餐旅管理系_國際專修部,學士班(日間),23.0,
113,弘光科技大學,技專校院,10152030,運動休閒系,學士班(日間),197.0,50.0
113,弘光科技大學,技專校院,10152030,運動休閒系,學士班(進修),136.0,38.0
113,弘光科技大學,技專校院,10152043,運動保健與防護系,學士班(日間),13.0,5.0
113,朝陽科技大學,技專校院,02112003,視覺傳達設計系,學士班(日間),528.0,137.0
113,朝陽科技大學,技專校院,02112003,視覺傳達設計系,學士班(進修),79.0,23.0
113,朝陽科技大學,技專校院,02112003,視覺傳達設計系_香港二技專班,學士班(日間),5.0,4.0
113,朝陽科技大學,技專校院,02112003,視覺傳達設計系碩士班,碩士班(日間),21.0,5.0
113,朝陽科技大學,技專校院,02122028,建築系建築及都市設計博士班,博士班,20.0,
113,朝陽科技大學,技專校院,02123004,工業設計系,學士班(日間),448.0,103.0
113,朝陽科技大學,技專校院,02123004,工業設計系,學士班(進修),41.0,10.0
113,朝陽科技大學,技專校院,02123004,工業設計系,碩士在職專班,1.0,
113,朝陽科技大學,技專校院,02123004,工業設計系_香港二技專班,學士班(日間),1.0,
113,朝陽科技大學,技專校院,02123004,工業設計系碩士班,碩士班(日間),23.0,7.0
113,朝陽科技大學,技專校院,02311001,應用英語系,學士班(日間),397.0,82.0
113,朝陽科技大學,技專校院,02311001,應用英語系,學士班(進修),3.0,1.0
113,朝陽科技大學,技專校院,02311001,應用英語系碩士班,碩士班(日間),17.0,7.0
113,朝陽科技大學,技專校院,03211006,傳播藝術系,學士班(日間),461.0,105.0
113,朝陽科技大學,技專校院,03211006,傳播藝術系,學士班(進修),112.0,31.0
113,朝陽科技大學,技專校院,03211006,傳播藝術系_香港二技專班,學士班(日間),2.0,
113,朝陽科技大學,技專校院,04111007,會計系,學士班(日間),386.0,121.0
113,朝陽科技大學,技專校院,04111007,會計系碩士班,碩士班(日間),14.0,13.0
113,朝陽科技大學,技專校院,04121010,財務金融系,學士班(日間),676.0,155.0
113,朝陽科技大學,技專校院,04121010,財務金融系碩士在職專班,碩士在職專班,14.0,4.0
113,朝陽科技大學,技專校院,04121010,財務金融系碩士班,碩士班(日間),14.0,11.0
113,朝陽科技大學,技專校院,04123011,保險金融管理系,學士班(日間),573.0,125.0
113,朝陽科技大學,技專校院,04123011,保險金融管理系碩士在職專班,碩士在職專班,35.0,3.0
113,朝陽科技大學,技專校院,04123011,保險金融管理系碩士班,碩士班(日間),16.0,15.0
113,朝陽科技大學,技專校院,04131008,企業管理系,學士班(日間),734.0,135.0
113,朝陽科技大學,技專校院,04131008,企業管理系,學士班(進修),119.0,27.0
113,朝陽科技大學,技專校院,04131008,企業管理系台灣產業策略發展博士班,博士班,45.0,12.0
113,朝陽科技大學,技專校院,04131008,企業管理系碩士在職專班,碩士在職專班,26.0,5.0
113,朝陽科技大學,技專校院,04131008,企業管理系碩士班,碩士班(日間),61.0,19.0
113,朝陽科技大學,技專校院,04131008,企業管理系高階產業經營碩士在職專班,碩士在職專班,21.0,8.0
113,朝陽科技大學,技專校院,04132012,行銷與流通管理系,學士班(日間),582.0,133.0
113,朝陽科技大學,技專校院,04132012,行銷與流通管理系,學士班(進修),70.0,26.0
113,朝陽科技大學,技專校院,04132012,行銷與流通管理系_國際學生產學合作專班,學士班(日間),101.0,9.0
113,朝陽科技大學,技專校院,04132012,行銷與流通管理系_國際專修部,學士班(日間),82.0,
113,朝陽科技大學,技專校院,04132012,行銷與流通管理系_香港二技專班,學士班(日間),1.0,1.0
113,朝陽科技大學,技專校院,04132012,行銷與流通管理系碩士班,碩士班(日間),34.0,18.0
113,朝陽科技大學,技專校院,05121017,應用化學系生化科技博士班,博士班,14.0,
113,朝陽科技大學,技專校院,05311017,應用化學系,學士班(日間),172.0,43.0
113,朝陽科技大學,技專校院,05311017,應用化學系_國際學生產學合作專班,學士班(日間),83.0,7.0
113,朝陽科技大學,技專校院,05311017,應用化學系碩士在職專班,碩士在職專班,5.0,
113,朝陽科技大學,技專校院,05311017,應用化學系碩士班,碩士班(日間),15.0,3.0
113,朝陽科技大學,技專校院,06111023,資訊與通訊系,學士班(日間),349.0,65.0
113,朝陽科技大學,技專校院,06111023,資訊與通訊系碩士班,碩士班(日間),,17.0
113,朝陽科技大學,技專校院,06131019,資訊管理系,學士班(日間),726.0,161.0
113,朝陽科技大學,技專校院,06131019,資訊管理系,學士班(進修),50.0,11.0
113,朝陽科技大學,技專校院,06131019,資訊管理系_香港二技專班,學士班(日間),1.0,
113,朝陽科技大學,技專校院,06131019,資訊管理系博士班,博士班,17.0,3.0
113,朝陽科技大學,技專校院,06131019,資訊管理系碩士在職專班,碩士在職專班,15.0,13.0
113,朝陽科技大學,技專校院,06131019,資訊管理系碩士班,碩士班(日間),46.0,10.0
113,朝陽科技大學,技專校院,06132023,資訊與通訊系碩士班,碩士班(日間),48.0,
113,朝陽科技大學,技專校院,07121027,環境工程與管理系,學士班(日間),328.0,66.0
113,朝陽科技大學,技專校院,07121027,環境工程與管理系,碩士在職專班,,1.0
113,朝陽科技大學,技專校院,07121027,環境工程與管理系碩士班,碩士班(日間),35.0,16.0
113,朝陽科技大學,技專校院,07141020,資訊工程系,學士班(日間),442.0,72.0
113,朝陽科技大學,技專校院,07141020,資訊工程系,學士班(進修),3.0,2.0
113,朝陽科技大學,技專校院,07141020,資訊工程系碩士在職專班,碩士在職專班,1.0,1.0
113,朝陽科技大學,技專校院,07141020,資訊工程系碩士班,碩士班(日間),42.0,17.0
113,朝陽科技大學,技專校院,07162039,航空機械系,學士班(日間),375.0,72.0
113,朝陽科技大學,技專校院,07162044,航空科技研究所,碩士班(日間),6.0,
113,朝陽科技大學,技專校院,07191026,工業工程與管理系,學士班(日間),385.0,82.0
113,朝陽科技大學,技專校院,07191026,工業工程與管理系,學士班(進修),79.0,12.0
113,朝陽科技大學,技專校院,07191026,工業工程與管理系,碩士在職專班,3.0,
113,朝陽科技大學,技專校院,07191026,工業工程與管理系_國際學生產學合作專班,學士班(日間),95.0,16.0
113,朝陽科技大學,技專校院,07191026,工業工程與管理系_國際專修部,學士班(日間),65.0,
113,朝陽科技大學,技專校院,07191026,工業工程與管理系碩士班,碩士班(日間),31.0,7.0
113,朝陽科技大學,技專校院,07311028,建築系,學士班(日間),482.0,95.0
113,朝陽科技大學,技專校院,07311028,建築系建築及都市設計碩士班,碩士班(日間),28.0,11.0
113,朝陽科技大學,技專校院,07312031,景觀及都市設計系,學士班(日間),355.0,75.0
113,朝陽科技大學,技專校院,07312031,景觀及都市設計系碩士班,碩士班(日間),28.0,13.0
113,朝陽科技大學,技專校院,07312043,景觀造園與維護系,學士班(日間),5.0,5.0
113,朝陽科技大學,技專校院,07321025,營建工程系,學士班(日間),431.0,97.0
113,朝陽科技大學,技專校院,07321025,營建工程系,碩士在職專班,5.0,
113,朝陽科技大學,技專校院,07321025,營建工程系_國際產業人才教育專班,學士班(日間),10.0,
113,朝陽科技大學,技專校院,07321025,營建工程系博士班,博士班,5.0,1.0
113,朝陽科技大學,技專校院,07321025,營建工程系碩士班,碩士班(日間),42.0,12.0
113,朝陽科技大學,技專校院,09211014,銀髮產業管理系,學士班(日間),292.0,83.0
113,朝陽科技大學,技專校院,09211014,銀髮產業管理系碩士班,碩士班(日間),31.0,8.0
113,朝陽科技大學,技專校院,09221035,幼兒保育系,學士班(日間),469.0,113.0
113,朝陽科技大學,技專校院,09221035,幼兒保育系,學士班(進修),88.0,27.0
113,朝陽科技大學,技專校院,09221035,幼兒保育系碩士在職專班,碩士在職專班,59.0,5.0
113,朝陽科技大學,技專校院,09221035,幼兒保育系碩士班,碩士班(日間),38.0,6.0
113,朝陽科技大學,技專校院,09231034,社會工作系,學士班(日間),323.0,75.0
113,朝陽科技大學,技專校院,09231034,社會工作系,學士班(進修),6.0,3.0
113,朝陽科技大學,技專校院,09231034,社會工作系碩士在職專班,碩士在職專班,19.0,3.0
113,朝陽科技大學,技專校院,09231034,社會工作系碩士班,碩士班(日間),18.0,1.0
113,朝陽科技大學,技專校院,10152036,休閒事業管理系,學士班(日間),371.0,87.0
113,朝陽科技大學,技專校院,10152036,休閒事業管理系,學士班(進修),273.0,70.0
113,朝陽科技大學,技專校院,10152036,休閒事業管理系_國際學生產學合作專班,學士班(日間),120.0,10.0
113,朝陽科技大學,技專校院,10152036,休閒事業管理系碩士在職專班,碩士在職專班,34.0,20.0
113,朝陽科技大學,技專校院,10152036,休閒事業管理系碩士班,碩士班(日間),24.0,4.0
113,朝陽科技大學,技專校院,10413040,飛行與民航人員技術系,學士班(日間),300.0,38.0
113,朝陽科技大學,技專校院,10413041,航空運務系,學士班(日間),102.0,
113,東海大學,一般大學,01111001,教育研究所,碩士在職專班,57.0,22.0
113,東海大學,一般大學,01111001,教育研究所,碩士班(日間),30.0,6.0
113,東海大學,一般大學,02123011,工業設計學系,學士班(日間),167.0,32.0
113,東海大學,一般大學,02123011,工業設計學系,碩士在職專班,7.0,
113,東海大學,一般大學,02123011,工業設計學系,碩士班(日間),12.0,1.0
113,東海大學,一般大學,02131002,美術學系,學士班(日間),190.0,40.0
113,東海大學,一般大學,02131002,美術學系,學士班(進修),108.0,20.0
113,東海大學,一般大學,02131002,美術學系,碩士在職專班,83.0,16.0
113,東海大學,一般大學,02131002,美術學系,碩士班(日間),48.0,9.0
113,東海大學,一般大學,02151003,音樂學系,學士班(日間),145.0,41.0
113,東海大學,一般大學,02151003,音樂學系,碩士班(日間),69.0,20.0
113,東海大學,一般大學,02152058,表演藝術與創作碩士學位學程,碩士班(日間),20.0,6.0
113,東海大學,一般大學,02221009,歷史學系,學士班(日間),246.0,45.0
113,東海大學,一般大學,02221009,歷史學系,碩士班(日間),24.0,5.0
113,東海大學,一般大學,02231010,哲學系,博士班,21.0,1.0
113,東海大學,一般大學,02231010,哲學系,學士班(日間),197.0,26.0
113,東海大學,一般大學,02231010,哲學系,碩士在職專班,21.0,4.0
113,東海大學,一般大學,02231010,哲學系,碩士班(日間),23.0,3.0
113,東海大學,一般大學,02311005,外國語文學系,學士班(日間),432.0,90.0
113,東海大學,一般大學,02311005,外國語文學系,碩士班(日間),34.0,10.0
113,東海大學,一般大學,02311007,日本語言文化學系,學士班(日間),446.0,90.0
113,東海大學,一般大學,02311007,日本語言文化學系,碩士班(日間),23.0,7.0
113,東海大學,一般大學,02322004,中國文學系,博士班,20.0,3.0
113,東海大學,一般大學,02322004,中國文學系,學士班(日間),397.0,80.0
113,東海大學,一般大學,02322004,中國文學系,碩士班(日間),37.0,
113,東海大學,一般大學,02323062,華語文教學國際碩士學位學程,碩士班(日間),19.0,5.0
113,東海大學,一般大學,03111012,經濟學系,學士班(日間),508.0,116.0
113,東海大學,一般大學,03111012,經濟學系,碩士班(日間),8.0,2.0
113,東海大學,一般大學,03121013,政治學系,博士班,27.0,2.0
113,東海大學,一般大學,03121013,政治學系,學士班(日間),366.0,95.0
113,東海大學,一般大學,03121013,政治學系,碩士班(日間),26.0,7.0
113,東海大學,一般大學,03141014,社會學系,博士班,35.0,6.0
113,東海大學,一般大學,03141014,社會學系,學士班(日間),344.0,82.0
113,東海大學,一般大學,03141014,社會學系,碩士班(日間),29.0,2.0
113,東海大學,一般大學,04111018,會計學系,學士班(日間),458.0,97.0
113,東海大學,一般大學,04111018,會計學系,碩士在職專班,,1.0
113,東海大學,一般大學,04111018,會計學系,碩士班(日間),25.0,13.0
113,東海大學,一般大學,04121024,財務金融學系,學士班(日間),519.0,121.0
113,東海大學,一般大學,04121024,財務金融學系,碩士在職專班,2.0,1.0
113,東海大學,一般大學,04121024,財務金融學系,碩士班(日間),44.0,18.0
113,東海大學,一般大學,04131019,企業管理學系,學士班(日間),727.0,162.0
113,東海大學,一般大學,04131019,企業管理學系,碩士班(日間),52.0,12.0
113,東海大學,一般大學,04131021,國際學院國際經營管理學位學程,學士班(日間),259.0,63.0
113,東海大學,一般大學,04131025,高階經營管理碩士在職專班,碩士在職專班,379.0,90.0
113,東海大學,一般大學,04131059,國際企業管理碩士學位學程,碩士班(日間),59.0,27.0
113,東海大學,一般大學,04133044,工業工程與經營資訊學系高階醫務工程與管理碩士在職專班,碩士在職專班,40.0,
113,東海大學,一般大學,04134016,行政管理暨政策學系,學士班(日間),364.0,85.0
113,東海大學,一般大學,04134016,行政管理暨政策學系,碩士班(日間),16.0,2.0
113,東海大學,一般大學,04134016,行政管理暨政策學系第三部門碩士在職專班,碩士在職專班,2.0,
113,東海大學,一般大學,04134017,公共事務碩士專班,碩士在職專班,54.0,10.0
113,東海大學,一般大學,04141023,國際經營與貿易學系,學士班(日間),588.0,149.0
113,東海大學,一般大學,04141023,國際經營與貿易學系,碩士班(日間),17.0,10.0
113,東海大學,一般大學,04211027,法律學系,博士班,20.0,1.0
113,東海大學,一般大學,04211027,法律學系,學士班(日間),522.0,126.0
113,東海大學,一般大學,04211027,法律學系,學士班(進修),88.0,17.0
113,東海大學,一般大學,04211027,法律學系,碩士在職專班,34.0,3.0
113,東海大學,一般大學,04211027,法律學系,碩士班(日間),135.0,22.0
113,東海大學,一般大學,05111028,生命科學系,博士班,18.0,2.0
113,東海大學,一般大學,05111028,生命科學系,學士班(日間),339.0,76.0
113,東海大學,一般大學,05111028,生命科學系,碩士班(日間),20.0,5.0
113,東海大學,一般大學,05111061,生物多樣性國際研究生博士學位學程,博士班,9.0,
113,東海大學,一般大學,05123060,生醫暨材料科學國際博士學位學程,博士班,4.0,
113,東海大學,一般大學,05211065,永續科學與管理學士學位學程,學士班(日間),91.0,24.0
113,東海大學,一般大學,05311030,化學系,博士班,7.0,
113,東海大學,一般大學,05311030,化學系,學士班(日間),373.0,72.0
113,東海大學,一般大學,05311030,化學系,碩士班(日間),24.0,10.0
113,東海大學,一般大學,05331032,應用物理學系,博士班,4.0,1.0
113,東海大學,一般大學,05331032,應用物理學系,學士班(日間),205.0,46.0
113,東海大學,一般大學,05331032,應用物理學系,碩士班(日間),14.0,5.0
113,東海大學,一般大學,05411066,智慧計算暨應用數學系,學士班(日間),174.0,40.0
113,東海大學,一般大學,05411066,智慧計算暨應用數學系,碩士班(日間),12.0,5.0
113,東海大學,一般大學,05421035,統計學系,博士班,2.0,
113,東海大學,一般大學,05421035,統計學系,學士班(日間),375.0,83.0
113,東海大學,一般大學,05421035,統計學系,碩士班(日間),15.0,5.0
113,東海大學,一般大學,06131039,資訊工程學系,學士班(日間),632.0,125.0
113,東海大學,一般大學,06131039,資訊工程學系,學士班(進修),4.0,1.0
113,東海大學,一般大學,06131039,資訊工程學系,碩士在職專班,14.0,4.0
113,東海大學,一般大學,06131039,資訊工程學系,碩士班(日間),60.0,22.0
113,東海大學,一般大學,06133047,數位創新碩士學位學程,碩士班(日間),39.0,11.0
113,東海大學,一般大學,06133047,數位創新碩士學位學程數位創新與資訊科技產學碩士專班,碩士班(日間),4.0,
113,東海大學,一般大學,06134036,資訊管理學系,學士班(日間),274.0,63.0
113,東海大學,一般大學,06134036,資訊管理學系,碩士班(日間),37.0,18.0
113,東海大學,一般大學,07111042,化學工程與材料工程學系,博士班,5.0,
113,東海大學,一般大學,07111042,化學工程與材料工程學系,學士班(日間),392.0,76.0
113,東海大學,一般大學,07111042,化學工程與材料工程學系,碩士班(日間),57.0,13.0
113,東海大學,一般大學,07121045,環境科學與工程學系,博士班,3.0,
113,東海大學,一般大學,07121045,環境科學與工程學系,學士班(日間),324.0,71.0
113,東海大學,一般大學,07121045,環境科學與工程學系,碩士班(日間),22.0,5.0
113,東海大學,一般大學,07141037,電機工程學系,學士班(日間),410.0,83.0
113,東海大學,一般大學,07141037,電機工程學系,碩士班(日間),33.0,14.0
113,東海大學,一般大學,07191044,工業工程與經營資訊學系,博士班,36.0,8.0
113,東海大學,一般大學,07191044,工業工程與經營資訊學系,學士班(日間),385.0,76.0
113,東海大學,一般大學,07191044,工業工程與經營資訊學系,碩士班(日間),50.0,20.0
113,東海大學,一般大學,07191044,工業工程與經營資訊學系高階醫務工程與管理碩士在職專班,碩士在職專班,,18.0
113,東海大學,一般大學,07211052,食品科學系,學士班(日間),354.0,85.0
113,東海大學,一般大學,07211052,食品科學系,碩士班(日間),43.0,20.0
113,東海大學,一般大學,07311048,建築學系,學士班(日間),195.0,22.0
113,東海大學,一般大學,07311048,建築學系,碩士班(日間),58.0,14.0
113,東海大學,一般大學,07312049,景觀學系,學士班(日間),207.0,43.0
113,東海大學,一般大學,07312049,景觀學系,碩士在職專班,30.0,6.0
113,東海大學,一般大學,07312049,景觀學系,碩士班(日間),20.0,6.0
113,東海大學,一般大學,08111068,智慧暨精緻農業學位學程,學士班(進修),62.0,23.0
113,東海大學,一般大學,08112051,畜產與生物科技學系,博士班,10.0,
113,東海大學,一般大學,08112051,畜產與生物科技學系,學士班(日間),405.0,99.0
113,東海大學,一般大學,08112051,畜產與生物科技學系,碩士班(日間),14.0,3.0
113,東海大學,一般大學,09211063,高齡健康與運動科學學士學位學程,學士班(日間),163.0,40.0
113,東海大學,一般大學,09231053,社會工作學系,博士班,21.0,3.0
113,東海大學,一般大學,09231053,社會工作學系,學士班(日間),500.0,108.0
113,東海大學,一般大學,09231053,社會工作學系,碩士班(日間),68.0,13.0
113,東海大學,一般大學,10131054,餐旅管理學系,學士班(日間),274.0,64.0
113,東海大學,一般大學,10131054,餐旅管理學系,碩士在職專班,31.0,13.0
113,東海大學,一般大學,10131054,餐旅管理學系,碩士班(日間),8.0,5.0
113,東海大學,一般大學,10152055,運動休閒與健康管理學位學程,學士班(進修),7.0,4.0
113,東海大學,一般大學,99999064,國際學院不分系英語學士班,學士班(日間),26.0,
113,逢甲大學,一般大學,02124007,室內設計學士學位學程,學士班(日間),92.0,11.0
113,逢甲大學,一般大學,02124007,室內設計進修學士班,學士班(進修),135.0,26.0
113,逢甲大學,一般大學,02221003,歷史與文物研究所,碩士班(日間),11.0,4.0
113,逢甲大學,一般大學,02299113,文化與社會創新碩士學位學程,碩士班(日間),31.0,1.0
113,逢甲大學,一般大學,02311002,外國語文學系,學士班(日間),386.0,94.0
113,逢甲大學,一般大學,02311002,外國語文學系英語文研究碩士班,碩士班(日間),23.0,6.0
113,逢甲大學,一般大學,02322001,中國文學系,博士班,34.0,5.0
113,逢甲大學,一般大學,02322001,中國文學系,學士班(日間),217.0,48.0
113,逢甲大學,一般大學,02322001,中國文學系,碩士班(日間),28.0,5.0
113,逢甲大學,一般大學,03111009,經濟學系,博士班,,1.0
113,逢甲大學,一般大學,03111009,經濟學系,學士班(日間),447.0,107.0
113,逢甲大學,一般大學,03111009,經濟學系,碩士班(日間),20.0,5.0
113,逢甲大學,一般大學,03111012,合作經濟暨社會事業經營學系,學士班(日間),248.0,54.0
113,逢甲大學,一般大學,03111012,合作經濟暨社會事業經營學系,碩士班(日間),25.0,10.0
113,逢甲大學,一般大學,04111017,會計學系,學士班(日間),733.0,182.0
113,逢甲大學,一般大學,04111017,會計學系,碩士班(日間),37.0,14.0
113,逢甲大學,一般大學,04121025,財務金融學系,學士班(日間),740.0,178.0
113,逢甲大學,一般大學,04121025,財務金融學系,碩士班(日間),45.0,20.0
113,逢甲大學,一般大學,04121026,金融博士學位學程,博士班,40.0,15.0
113,逢甲大學,一般大學,04121026,金融碩士在職學位學程,碩士在職專班,65.0,26.0
113,逢甲大學,一般大學,04121028,財務工程與精算學士學位學程,學士班(日間),209.0,47.0
113,逢甲大學,一般大學,04122032,財稅學系,學士班(日間),477.0,107.0
113,逢甲大學,一般大學,04122032,財稅學系,碩士班(日間),17.0,14.0
113,逢甲大學,一般大學,04123029,風險管理與保險學系,學士班(日間),427.0,95.0
113,逢甲大學,一般大學,04123029,風險管理與保險學系,碩士班(日間),35.0,16.0
113,逢甲大學,一般大學,04131019,企業管理學系,學士班(日間),573.0,140.0
113,逢甲大學,一般大學,04131019,企業管理學系,碩士班(日間),43.0,20.0
113,逢甲大學,一般大學,04131020,經營管理碩士在職學位學程,碩士在職專班,375.0,171.0
113,逢甲大學,一般大學,04131021,國際企業管理全英語學士學位學程,學士班(日間),240.0,47.0
113,逢甲大學,一般大學,04134086,土地管理學系,學士班(日間),468.0,116.0
113,逢甲大學,一般大學,04134086,土地管理學系,碩士在職專班,1.0,1.0
113,逢甲大學,一般大學,04134086,土地管理學系,碩士班(日間),33.0,9.0
113,逢甲大學,一般大學,04134097,公共事務與社會創新研究所,碩士在職專班,13.0,1.0
113,逢甲大學,一般大學,04134097,公共事務與社會創新研究所,碩士班(日間),5.0,2.0
113,逢甲大學,一般大學,04141024,國際經營與貿易學系,學士班(日間),746.0,180.0
113,逢甲大學,一般大學,04141024,國際經營與貿易學系,碩士班(日間),40.0,13.0
113,逢甲大學,一般大學,04141024,國際經營與貿易學系國際企業管理全英語學士班,學士班(日間),7.0,7.0
113,逢甲大學,一般大學,04143033,行銷學系,學士班(日間),553.0,141.0
113,逢甲大學,一般大學,04143033,行銷學系全球行銷碩士班,碩士班(日間),38.0,15.0
113,逢甲大學,一般大學,04191014,商學博士學位學程,博士班,103.0,23.0
113,逢甲大學,一般大學,04191014,商學進修學士學位學程,學士班(進修),395.0,91.0
113,逢甲大學,一般大學,04191014,澳洲昆士蘭大學商學雙學士學位學程,學士班(日間),47.0,
113,逢甲大學,一般大學,04191016,商學專業碩士在職學位學程,碩士在職專班,70.0,30.0
113,逢甲大學,一般大學,04199035,澳洲墨爾本皇家理工大學商學與創新雙學士學位學程,學士班(日間),89.0,18.0
113,逢甲大學,一般大學,04199037,專案管理碩士在職學位學程,碩士在職專班,88.0,34.0
113,逢甲大學,一般大學,04199092,美國加州聖荷西州立大學商學大數據分析雙學士學位學程,學士班(日間),93.0,23.0
113,逢甲大學,一般大學,04199096,建設碩士在職學位學程,碩士在職專班,162.0,46.0
113,逢甲大學,一般大學,04212038,財經法律研究所,碩士在職專班,68.0,12.0
113,逢甲大學,一般大學,04212038,財經法律研究所,碩士班(日間),57.0,13.0
113,逢甲大學,一般大學,05299119,學士後工程與科學學院淨零智慧永續學士班,學士班(日間),22.0,14.0
113,逢甲大學,一般大學,05411039,應用數學系,學士班(日間),361.0,66.0
113,逢甲大學,一般大學,05411114,數據科學碩士學位學程,碩士班(日間),20.0,9.0
113,逢甲大學,一般大學,05421040,統計學系,學士班(日間),416.0,76.0
113,逢甲大學,一般大學,05421040,統計學系統計與精算碩士班,碩士班(日間),39.0,14.0
113,逢甲大學,一般大學,06131048,澳洲蒙納許大學資訊工程雙學士學位學程,學士班(日間),38.0,
113,逢甲大學,一般大學,06131048,美國加州舊金山州立大學資訊工程雙學士學位學程,學士班(日間),55.0,13.0
113,逢甲大學,一般大學,06131048,資訊工程學系,博士班,31.0,2.0
113,逢甲大學,一般大學,06131048,資訊工程學系,學士班(日間),979.0,234.0
113,逢甲大學,一般大學,06131048,資訊工程學系,碩士班(日間),126.0,49.0
113,逢甲大學,一般大學,06131048,資訊工程學系學士後專班,學士班(日間),16.0,15.0
113,逢甲大學,一般大學,06131055,智慧聯網產業博士學位學程,博士班,1.0,
113,逢甲大學,一般大學,06134115,人工智慧技術與應用學士學位學程,學士班(日間),203.0,43.0
113,逢甲大學,一般大學,07111068,化學工程學系,博士班,10.0,1.0
113,逢甲大學,一般大學,07111068,化學工程學系,學士班(日間),489.0,113.0
113,逢甲大學,一般大學,07111068,化學工程學系,碩士班(日間),81.0,38.0
113,逢甲大學,一般大學,07112069,材料科學與工程學系,博士班,9.0,3.0
113,逢甲大學,一般大學,07112069,材料科學與工程學系,學士班(日間),549.0,141.0
113,逢甲大學,一般大學,07112069,材料科學與工程學系,碩士班(日間),86.0,40.0
113,逢甲大學,一般大學,07121075,環境工程與科學學系,博士班,10.0,1.0
113,逢甲大學,一般大學,07121075,環境工程與科學學系,學士班(日間),423.0,104.0
113,逢甲大學,一般大學,07121075,環境工程與科學學系,碩士班(日間),51.0,19.0
113,逢甲大學,一般大學,07122077,水利工程與資源保育學系,學士班(日間),337.0,78.0
113,逢甲大學,一般大學,07122077,水利工程與資源保育學系,碩士班(日間),17.0,14.0
113,逢甲大學,一般大學,07132079,綠色能源科技碩士學位學程,碩士班(日間),26.0,11.0
113,逢甲大學,一般大學,07141044,電機工程學系,學士班(日間),560.0,116.0
113,逢甲大學,一般大學,07141044,電機工程學系,碩士班(日間),73.0,24.0
113,逢甲大學,一般大學,07141045,電機與通訊工程博士學位學程,博士班,21.0,3.0
113,逢甲大學,一般大學,07141046,電子工程學系,學士班(日間),698.0,172.0
113,逢甲大學,一般大學,07141046,電子工程學系,碩士班(日間),89.0,28.0
113,逢甲大學,一般大學,07141050,通訊工程學系,學士班(日間),535.0,123.0
113,逢甲大學,一般大學,07141050,通訊工程學系,碩士班(日間),66.0,32.0
113,逢甲大學,一般大學,07141052,自動控制工程學系,學士班(日間),556.0,129.0
113,逢甲大學,一般大學,07141052,自動控制工程學系,碩士班(日間),59.0,22.0
113,逢甲大學,一般大學,07141053,資訊電機工程碩士在職學位學程,碩士在職專班,122.0,16.0
113,逢甲大學,一般大學,07141056,資訊電機學院學士班,學士班(日間),119.0,
113,逢甲大學,一般大學,07141095,美國普渡大學電機資訊雙學士學位學程,學士班(日間),53.0,12.0
113,逢甲大學,一般大學,07141099,視光科技碩士在職學位學程,碩士在職專班,,1.0
113,逢甲大學,一般大學,07141101,光電科學與工程學系,學士班(日間),467.0,98.0
113,逢甲大學,一般大學,07141101,光電科學與工程學系,碩士班(日間),51.0,15.0
113,逢甲大學,一般大學,07141107,美國加州聖荷西州立大學電機工程雙學士學位學程,學士班(日間),77.0,10.0
113,逢甲大學,一般大學,07141112,資通訊與電控產業碩士專班,碩士班(日間),5.0,2.0
113,逢甲大學,一般大學,07151060,機械與航空工程博士學位學程,博士班,36.0,5.0
113,逢甲大學,一般大學,07151061,機械與電腦輔助工程學系,學士班(日間),514.0,101.0
113,逢甲大學,一般大學,07151061,機械與電腦輔助工程學系機械工程碩士班,碩士班(日間),66.0,25.0
113,逢甲大學,一般大學,07151062,精密系統設計學士學位學程,學士班(日間),190.0,34.0
113,逢甲大學,一般大學,07162059,航太與系統工程學系,學士班(日間),464.0,104.0
113,逢甲大學,一般大學,07162059,航太與系統工程學系,碩士班(日間),50.0,24.0
113,逢甲大學,一般大學,07162118,太空系統工程碩士學位學程,碩士班(日間),18.0,7.0
113,逢甲大學,一般大學,07191072,工業工程與系統管理學系,博士班,15.0,2.0
113,逢甲大學,一般大學,07191072,工業工程與系統管理學系,學士班(日間),434.0,96.0
113,逢甲大學,一般大學,07191072,工業工程與系統管理學系,碩士班(日間),52.0,22.0
113,逢甲大學,一般大學,07192074,纖維與複合材料學系,博士班,13.0,
113,逢甲大學,一般大學,07192074,纖維與複合材料學系,學士班(日間),199.0,54.0
113,逢甲大學,一般大學,07192074,纖維與複合材料學系,碩士班(日間),28.0,13.0
113,逢甲大學,一般大學,07193078,生醫資訊暨生醫工程碩士學位學程,碩士班(日間),8.0,1.0
113,逢甲大學,一般大學,07199080,電聲碩士學位學程,碩士班(日間),29.0,3.0
113,逢甲大學,一般大學,07199098,智能製造與工程管理碩士在職學位學程,碩士在職專班,158.0,46.0
113,逢甲大學,一般大學,07311081,建築學士學位學程,學士班(日間),363.0,107.0
113,逢甲大學,一般大學,07311081,建築碩士在職學位學程,碩士在職專班,2.0,1.0
113,逢甲大學,一般大學,07311081,建築碩士學位學程,碩士班(日間),63.0,15.0
113,逢甲大學,一般大學,07311083,建築專業學院學士班,學士班(日間),217.0,
113,逢甲大學,一般大學,07313087,都市計畫與空間資訊學系,學士班(日間),375.0,82.0
113,逢甲大學,一般大學,07313087,都市計畫與空間資訊學系,碩士在職專班,4.0,
113,逢甲大學,一般大學,07313087,都市計畫與空間資訊學系,碩士班(日間),43.0,11.0
113,逢甲大學,一般大學,07321063,土木工程學系,學士班(日間),432.0,105.0
113,逢甲大學,一般大學,07321063,土木工程學系,碩士在職專班,1.0,
113,逢甲大學,一般大學,07321063,土木工程學系,碩士班(日間),32.0,9.0
113,逢甲大學,一般大學,07321063,土木工程學系營建工程與管理進修學士班,學士班(進修),220.0,50.0
113,逢甲大學,一般大學,07399102,智慧城市碩士學位學程,碩士班(日間),14.0,9.0
113,逢甲大學,一般大學,07399116,建設規劃與工程博士學位學程,博士班,62.0,13.0
113,逢甲大學,一般大學,10411093,運輸與物流學系,學士班(日間),454.0,108.0
113,逢甲大學,一般大學,10411093,運輸與物流學系,碩士班(日間),27.0,9.0
113,逢甲大學,一般大學,99999094,全校國際生大一不分系學士班,學士班(日間),20.0,
113,逢甲大學,一般大學,99999108,國際雙學士學位學程,學士班(日間),49.0,18.0
113,逢甲大學,一般大學,99999117,社會創新暨永續碩士在職學位學程,碩士在職專班,35.0,5.0
113,靜宜大學,一般大學,01111001,教育研究所,碩士在職專班,92.0,5.0
113,靜宜大學,一般大學,01111001,教育研究所,碩士班(日間),40.0,4.0
113,靜宜大學,一般大學,01116007,寰宇外語教育學士學位學程,學士班(日間),,29.0
113,靜宜大學,一般大學,02299040,原住民族文化碩士學位學程,碩士班(日間),30.0,1.0
113,靜宜大學,一般大學,02311004,英國語文學系,學士班(日間),304.0,90.0
113,靜宜大學,一般大學,02311004,英國語文學系,碩士班(日間),26.0,4.0
113,靜宜大學,一般大學,02311005,西班牙語文學系,學士班(日間),251.0,73.0
113,靜宜大學,一般大學,02311005,西班牙語文學系,碩士班(日間),24.0,7.0
113,靜宜大學,一般大學,02311006,日本語文學系,學士班(日間),554.0,116.0
113,靜宜大學,一般大學,02311006,日本語文學系,碩士班(日間),13.0,3.0
113,靜宜大學,一般大學,02311007,寰宇外語教育學士學位學程,學士班(日間),128.0,
113,靜宜大學,一般大學,02321002,台灣文學系,學士班(日間),182.0,46.0
113,靜宜大學,一般大學,02321002,台灣文學系,碩士班(日間),18.0,2.0
113,靜宜大學,一般大學,02322003,中國文學系,學士班(日間),253.0,68.0
113,靜宜大學,一般大學,02322003,中國文學系,碩士在職專班,1.0,
113,靜宜大學,一般大學,02322003,中國文學系,碩士班(日間),19.0,5.0
113,靜宜大學,一般大學,03141038,犯罪防治碩士學位學程,碩士班(日間),47.0,4.0
113,靜宜大學,一般大學,03141043,原住民族健康與社會福利博士學位學程,博士班,23.0,2.0
113,靜宜大學,一般大學,03211008,大眾傳播學系,學士班(日間),332.0,69.0
113,靜宜大學,一般大學,04111011,會計學系,學士班(日間),483.0,136.0
113,靜宜大學,一般大學,04111011,會計學系,碩士班(日間),28.0,14.0
113,靜宜大學,一般大學,04121019,財務金融學系,學士班(日間),603.0,147.0
113,靜宜大學,一般大學,04121019,財務金融學系,碩士班(日間),18.0,11.0
113,靜宜大學,一般大學,04131010,寰宇管理碩士學位學程,碩士班(日間),77.0,
113,靜宜大學,一般大學,04131012,企業管理學系,學士班(日間),503.0,126.0
113,靜宜大學,一般大學,04131012,企業管理學系,碩士班(日間),26.0,11.0
113,靜宜大學,一般大學,04131014,管理學院管理碩士在職專班柬埔寨境外專班,碩士在職專班,15.0,9.0
113,靜宜大學,一般大學,04131014,管理碩士在職專班,碩士在職專班,156.0,51.0
113,靜宜大學,一般大學,04131015,國際企業學系,學士班(日間),596.0,149.0
113,靜宜大學,一般大學,04131015,國際企業學系,碩士班(日間),21.0,11.0
113,靜宜大學,一般大學,04131018,創新與創業管理碩士學位學程,碩士班(日間),6.0,1.0
113,靜宜大學,一般大學,04191010,寰宇管理學士學位學程,學士班(日間),188.0,43.0
113,靜宜大學,一般大學,04191010,寰宇管理碩士學位學程,碩士班(日間),,32.0
113,靜宜大學,一般大學,04211020,法律學士學位學程原住民專班,學士班(日間),13.0,4.0
113,靜宜大學,一般大學,04211020,法律學系,學士班(日間),555.0,121.0
113,靜宜大學,一般大學,04211020,法律學系,碩士在職專班,24.0,4.0
113,靜宜大學,一般大學,04211020,法律學系,碩士班(日間),29.0,6.0
113,靜宜大學,一般大學,05191031,食品營養學系,博士班,18.0,1.0
113,靜宜大學,一般大學,05191031,食品營養學系,學士班(日間),372.0,95.0
113,靜宜大學,一般大學,05191031,食品營養學系,碩士班(日間),30.0,9.0
113,靜宜大學,一般大學,05212021,生態人文學系,學士班(日間),178.0,50.0
113,靜宜大學,一般大學,05311023,應用化學系,博士班,8.0,2.0
113,靜宜大學,一般大學,05311023,應用化學系,學士班(日間),393.0,84.0
113,靜宜大學,一般大學,05311023,應用化學系,碩士班(日間),17.0,8.0
113,靜宜大學,一般大學,05499036,財務工程學系,學士班(日間),265.0,42.0
113,靜宜大學,一般大學,05499036,財務工程學系,碩士班(日間),15.0,9.0
113,靜宜大學,一般大學,05499037,資料科學暨大數據分析與應用學系,學士班(日間),344.0,88.0
113,靜宜大學,一般大學,06131027,資訊管理學系,學士班(日間),411.0,99.0
113,靜宜大學,一般大學,06131027,資訊管理學系,碩士班(日間),14.0,6.0
113,靜宜大學,一般大學,06132009,資訊傳播工程學系,學士班(日間),386.0,99.0
113,靜宜大學,一般大學,06132009,資訊傳播工程學系,碩士班(日間),12.0,2.0
113,靜宜大學,一般大學,06134028,資訊學院資訊應用與科技管理碩士在職專班,碩士在職專班,6.0,1.0
113,靜宜大學,一般大學,07141030,資訊工程學系,學士班(日間),538.0,109.0
113,靜宜大學,一般大學,07141030,資訊工程學系,碩士班(日間),21.0,9.0
113,靜宜大學,一般大學,07141042,國際資訊學士學位學程,學士班(日間),38.0,8.0
113,靜宜大學,一般大學,09161035,化粧品科學系,博士班,13.0,1.0
113,靜宜大學,一般大學,09161035,化粧品科學系,學士班(日間),415.0,118.0
113,靜宜大學,一般大學,09161035,化粧品科學系,碩士在職專班,25.0,13.0
113,靜宜大學,一般大學,09161035,化粧品科學系,碩士班(日間),30.0,15.0
113,靜宜大學,一般大學,09231032,社會工作與兒童少年福利學系,學士班(日間),486.0,124.0
113,靜宜大學,一般大學,09231032,社會工作與兒童少年福利學系,學士班(進修),41.0,
113,靜宜大學,一般大學,09231032,社會工作與兒童少年福利學系,碩士在職專班,42.0,8.0
113,靜宜大學,一般大學,09231032,社會工作與兒童少年福利學系,碩士班(日間),36.0,3.0
113,靜宜大學,一般大學,09231041,健康照顧社會工作學士學位學程原住民專班,學士班(日間),66.0,10.0
113,靜宜大學,一般大學,09299039,社會企業與文化創意碩士學位學程,碩士班(日間),68.0,15.0
113,靜宜大學,一般大學,10151034,觀光事業學系,學士班(日間),593.0,147.0
113,靜宜大學,一般大學,10151034,觀光事業學系,碩士在職專班,44.0,13.0
113,靜宜大學,一般大學,10151034,觀光事業學系,碩士班(日間),27.0,7.0
114,中國醫藥大學,一般大學,04131058,科技管理碩士學位學程,碩士班(日間),5.0,
114,中國醫藥大學,一般大學,04133029,醫務管理學系,學士班(日間),86.0,
114,中國醫藥大學,一般大學,04133029,醫務管理學系,碩士在職專班,33.0,
114,中國醫藥大學,一般大學,04133029,醫務管理學系,碩士班(日間),26.0,
114,中國醫藥大學,一般大學,04212057,科技法律碩士學位學程,碩士班(日間),19.0,
114,中國醫藥大學,一般大學,05111066,細胞生物學研究所,碩士班(日間),4.0,
114,中國醫藥大學,一般大學,05121043,生物科技學系,博士班,28.0,
114,中國醫藥大學,一般大學,05121043,生物科技學系,學士班(日間),178.0,
114,中國醫藥大學,一般大學,05121043,生物科技學系,碩士班(日間),10.0,
114,中國醫藥大學,一般大學,05121043,生物科技產業博士學位學程,博士班,3.0,
114,中國醫藥大學,一般大學,05123064,生物化學暨分子生物研究所,碩士班(日間),6.0,
114,中國醫藥大學,一般大學,05191021,營養學系,博士班,20.0,
114,中國醫藥大學,一般大學,05191021,營養學系,學士班(日間),277.0,
114,中國醫藥大學,一般大學,05191021,營養學系,碩士班(日間),44.0,
114,中國醫藥大學,一般大學,06131060,數位健康創新碩士學位學程,碩士班(日間),7.0,
114,中國醫藥大學,一般大學,06199067,醫療資訊學系,學士班(日間),82.0,
114,中國醫藥大學,一般大學,07193031,生物醫學工程學系,學士班(日間),159.0,
114,中國醫藥大學,一般大學,07193031,生物醫學工程碩士學位學程,碩士班(日間),8.0,
114,中國醫藥大學,一般大學,07193055,醫學工程與復健科技產業博士學位學程,博士班,11.0,
114,中國醫藥大學,一般大學,09111019,牙醫學系,博士班,21.0,
114,中國醫藥大學,一般大學,09111019,牙醫學系,學士班(日間),319.0,
114,中國醫藥大學,一般大學,09111019,牙醫學系,碩士班(日間),4.0,
114,中國醫藥大學,一般大學,09111019,牙醫學系口腔醫學產業碩士班,碩士班(日間),7.0,
114,中國醫藥大學,一般大學,09121003,生物醫學研究所,博士班,152.0,
114,中國醫藥大學,一般大學,09121003,生物醫學研究所,碩士班(日間),39.0,
114,中國醫藥大學,一般大學,09121006,基礎醫學研究所,博士班,1.0,
114,中國醫藥大學,一般大學,09121014,中醫學系,博士班,29.0,
114,中國醫藥大學,一般大學,09121014,中醫學系,學士班(日間),854.0,
114,中國醫藥大學,一般大學,09121014,中醫學系,碩士班(日間),17.0,
114,中國醫藥大學,一般大學,09121014,學士後中醫學系,學士班(日間),502.0,
114,中國醫藥大學,一般大學,09121016,醫學系,學士班(日間),782.0,
114,中國醫藥大學,一般大學,09121020,國際生物醫學碩士學位學程,碩士班(日間),9.0,
114,中國醫藥大學,一般大學,09121023,老化醫學博士學位學程,博士班,26.0,
114,中國醫藥大學,一般大學,09121046,中西醫結合研究所,博士班,15.0,
114,中國醫藥大學,一般大學,09121046,中西醫結合研究所,碩士班(日間),9.0,
114,中國醫藥大學,一般大學,09121049,癌症生物與藥物研發博士學位學程,博士班,7.0,
114,中國醫藥大學,一般大學,09121049,癌症生物與藥物研發碩士學位學程,碩士班(日間),1.0,
114,中國醫藥大學,一般大學,09121059,生醫科技產業博士學位學程,博士班,1.0,
114,中國醫藥大學,一般大學,09121063,轉譯醫學暨新藥開發研究所,博士班,28.0,
114,中國醫藥大學,一般大學,09121063,轉譯醫學暨新藥開發研究所,碩士班(日間),7.0,
114,中國醫藥大學,一般大學,09131045,護理學系,學士班(日間),309.0,
114,中國醫藥大學,一般大學,09131045,護理學系,碩士班(日間),52.0,
114,中國醫藥大學,一般大學,09131045,護理學系跨領域長期照護碩士在職專班,碩士在職專班,20.0,
114,中國醫藥大學,一般大學,09141017,醫學檢驗生物技術學系,學士班(日間),191.0,
114,中國醫藥大學,一般大學,09141017,醫學檢驗生物技術學系,碩士班(日間),13.0,
114,中國醫藥大學,一般大學,09141032,生物醫學影像暨放射科學學系,學士班(日間),217.0,
114,中國醫藥大學,一般大學,09141032,生物醫學影像暨放射科學學系,碩士班(日間),10.0,
114,中國醫藥大學,一般大學,09151010,物理治療學系,學士班(日間),251.0,
114,中國醫藥大學,一般大學,09151010,物理治療學系復健科學碩士班,碩士班(日間),12.0,
114,中國醫藥大學,一般大學,09159047,運動醫學系,學士班(日間),192.0,
114,中國醫藥大學,一般大學,09159047,運動醫學系,碩士班(日間),11.0,
114,中國醫藥大學,一般大學,09161034,藥學系,博士班,20.0,
114,中國醫藥大學,一般大學,09161034,藥學系,學士班(日間),1248.0,
114,中國醫藥大學,一般大學,09161034,藥學系,碩士班(日間),27.0,
114,中國醫藥大學,一般大學,09161034,藥學系六年制,學士班(日間),54.0,
114,中國醫藥大學,一般大學,09161039,中國藥學暨中藥資源學系,博士班,22.0,
114,中國醫藥大學,一般大學,09161039,中國藥學暨中藥資源學系,學士班(日間),122.0,
114,中國醫藥大學,一般大學,09161039,中國藥學暨中藥資源學系,碩士班(日間),9.0,
114,中國醫藥大學,一般大學,09161042,藥用化妝品學系,學士班(日間),186.0,
114,中國醫藥大學,一般大學,09161042,藥用化妝品學系,碩士班(日間),18.0,
114,中國醫藥大學,一般大學,09161050,製藥碩士學位學程,碩士班(日間),9.0,
114,中國醫藥大學,一般大學,09171013,針灸研究所,博士班,28.0,
114,中國醫藥大學,一般大學,09171013,針灸研究所,碩士班(日間),6.0,
114,中國醫藥大學,一般大學,09171048,國際針灸碩士學位學程,碩士班(日間),6.0,
114,中國醫藥大學,一般大學,09171068,國際整合健康碩士學位學程,碩士班(日間),4.0,
114,中國醫藥大學,一般大學,09191026,公共衛生國際碩士學位學程,碩士班(日間),23.0,
114,中國醫藥大學,一般大學,09191026,公共衛生學系,博士班,61.0,
114,中國醫藥大學,一般大學,09191026,公共衛生學系,學士班(日間),158.0,
114,中國醫藥大學,一般大學,09191026,公共衛生學系,碩士班(日間),37.0,
114,中國醫藥大學,一般大學,09191056,公共衛生學院大一不分系,學士班(日間),128.0,
114,中國醫藥大學,一般大學,09199054,健康科技產業博士學位學程,博士班,13.0,
114,中國醫藥大學,一般大學,09199065,健康照護學院健康照護科學博士班,博士班,25.0,
114,中國醫藥大學,一般大學,10221038,職業安全與衛生學系,學士班(日間),160.0,
114,中國醫藥大學,一般大學,10221038,職業安全與衛生學系,碩士在職專班,20.0,
114,中國醫藥大學,一般大學,10221038,職業安全與衛生學系,碩士班(日間),16.0,
114,中山醫學大學,一般大學,02311003,應用外國語言學系,學士班(日間),191.0,
114,中山醫學大學,一般大學,03131004,心理學系,學士班(日間),213.0,
114,中山醫學大學,一般大學,03131004,心理學系臨床心理學碩士班,碩士班(日間),79.0,
114,中山醫學大學,一般大學,04133006,醫療產業科技管理學系,學士班(日間),190.0,
114,中山醫學大學,一般大學,04133006,醫療產業科技管理學系,碩士班(日間),10.0,
114,中山醫學大學,一般大學,04133006,醫療產業科技管理學系越南境外碩士專班,碩士班(日間),27.0,
114,中山醫學大學,一般大學,05121012,生物醫學科學學系,學士班(日間),298.0,
114,中山醫學大學,一般大學,05121012,生物醫學科學學系,碩士班(日間),11.0,
114,中山醫學大學,一般大學,05191026,營養學系,博士班,13.0,
114,中山醫學大學,一般大學,05191026,營養學系,學士班(日間),394.0,
114,中山醫學大學,一般大學,05191026,營養學系,碩士班(日間),44.0,
114,中山醫學大學,一般大學,05399015,醫學應用化學系,學士班(日間),191.0,
114,中山醫學大學,一般大學,05399015,醫學應用化學系,碩士班(日間),8.0,
114,中山醫學大學,一般大學,06131033,醫學資訊學系,學士班(日間),187.0,
114,中山醫學大學,一般大學,06131033,醫學資訊學系,碩士班(日間),5.0,
114,中山醫學大學,一般大學,09111038,牙醫學系,博士班,9.0,
114,中山醫學大學,一般大學,09111038,牙醫學系,學士班(日間),477.0,
114,中山醫學大學,一般大學,09111038,牙醫學系,碩士班(日間),21.0,
114,中山醫學大學,一般大學,09111039,口腔科學研究所,博士班,7.0,
114,中山醫學大學,一般大學,09111039,口腔科學研究所,碩士班(日間),13.0,
114,中山醫學大學,一般大學,09121018,醫學研究所,博士班,110.0,
114,中山醫學大學,一般大學,09121018,醫學研究所,碩士班(日間),74.0,
114,中山醫學大學,一般大學,09121018,醫學系,學士班(日間),863.0,
114,中山醫學大學,一般大學,09131028,護理學系,學士班(日間),459.0,
114,中山醫學大學,一般大學,09131028,護理學系,碩士班(日間),63.0,
114,中山醫學大學,一般大學,09131028,護理學系長期照護碩士在職專班,碩士在職專班,74.0,
114,中山醫學大學,一般大學,09141030,醫學檢驗暨生物技術學系,學士班(日間),340.0,
114,中山醫學大學,一般大學,09141030,醫學檢驗暨生物技術學系,碩士班(日間),9.0,
114,中山醫學大學,一般大學,09141031,醫學影像暨放射科學系,學士班(日間),297.0,
114,中山醫學大學,一般大學,09141031,醫學影像暨放射科學系,碩士班(日間),13.0,
114,中山醫學大學,一般大學,09141032,視光學系,學士班(日間),229.0,
114,中山醫學大學,一般大學,09141032,視光學系,學士班(進修),109.0,
114,中山醫學大學,一般大學,09141032,視光學系,碩士班(日間),33.0,
114,中山醫學大學,一般大學,09151022,物理治療學系,學士班(日間),216.0,
114,中山醫學大學,一般大學,09151022,物理治療學系,碩士班(日間),9.0,
114,中山醫學大學,一般大學,09152023,職能治療學系,學士班(日間),186.0,
114,中山醫學大學,一般大學,09152023,職能治療學系,碩士班(日間),12.0,
114,中山醫學大學,一般大學,09153024,語言治療與聽力學系,學士班(日間),380.0,
114,中山醫學大學,一般大學,09153024,語言治療與聽力學系,碩士班(日間),42.0,
114,中山醫學大學,一般大學,09191020,公共衛生學系,博士班,27.0,
114,中山醫學大學,一般大學,09191020,公共衛生學系,學士班(日間),287.0,
114,中山醫學大學,一般大學,09191020,公共衛生學系,碩士班(日間),17.0,
114,中山醫學大學,一般大學,09199048,健康管理學院國際健康產業經營管理碩士在職專班,碩士在職專班,97.0,
114,中山醫學大學,一般大學,09231045,醫學社會暨社會工作學系,學士班(日間),363.0,
114,中山醫學大學,一般大學,09231045,醫學社會暨社會工作學系,碩士班(日間),17.0,
114,中山醫學大學,一般大學,10131049,健康產業科技管理學系,學士班(日間),153.0,
114,中山醫學大學,一般大學,10131049,健康產業科技管理學系,碩士班(日間),8.0,
114,中山醫學大學,一般大學,10221021,職業安全衛生學系,學士班(日間),213.0,
114,中山醫學大學,一般大學,10221021,職業安全衛生學系,碩士班(日間),15.0,
114,中臺科技大學,技專校院,01111009,文教事業經營研究所,碩士在職專班,100.0,
114,中臺科技大學,技專校院,01111009,文教事業經營研究所,碩士班(日間),28.0,
114,中臺科技大學,技專校院,01121001,兒童教育暨事業經營系,學士班(日間),166.0,
114,中臺科技大學,技專校院,01121001,兒童教育暨事業經營系,學士班(進修),379.0,
114,中臺科技大學,技專校院,01121001,兒童教育暨事業經營系_學士後學位學程教保員專班,學士班(進修),99.0,
114,中臺科技大學,技專校院,02311002,應用外語系,學士班(日間),3.0,
114,中臺科技大學,技專校院,04131038,經營管理系,學士班(日間),67.0,
114,中臺科技大學,技專校院,04131038,經營管理系,學士班(進修),30.0,
114,中臺科技大學,技專校院,04143004,行銷管理系,學士班(日間),212.0,
114,中臺科技大學,技專校院,04143004,行銷管理系,學士班(進修),77.0,
114,中臺科技大學,技專校院,04143004,行銷管理系_國際專修部,學士班(日間),20.0,
114,中臺科技大學,技專校院,06131012,資訊管理系,學士班(日間),190.0,
114,中臺科技大學,技專校院,06131012,資訊管理系,學士班(進修),20.0,
114,中臺科技大學,技專校院,06131012,資訊管理系_國際專修部,學士班(日間),8.0,
114,中臺科技大學,技專校院,06131037,人工智慧健康管理系,學士班(日間),25.0,
114,中臺科技大學,技專校院,06131037,人工智慧健康管理系,學士班(進修),13.0,
114,中臺科技大學,技專校院,07121013,環境與安全衛生工程系,學士班(日間),216.0,
114,中臺科技大學,技專校院,07121013,環境與安全衛生工程系,學士班(進修),68.0,
114,中臺科技大學,技專校院,07121013,環境與安全衛生工程系_國際學生產學合作專班,學士班(日間),8.0,
114,中臺科技大學,技專校院,07121013,環境與安全衛生工程系碩士班,碩士班(日間),23.0,
114,中臺科技大學,技專校院,07211017,食品科技系,學士班(日間),362.0,
114,中臺科技大學,技專校院,07211017,食品科技系,學士班(進修),98.0,
114,中臺科技大學,技專校院,07211017,食品科技系_國際專修部,學士班(日間),15.0,
114,中臺科技大學,技專校院,07211017,食品科技系_食品製造僑生專班,學士班(日間),72.0,
114,中臺科技大學,技專校院,07211017,食品科技系碩士班,碩士班(日間),10.0,
114,中臺科技大學,技專校院,09111033,牙體技術暨材料系,學士班(日間),404.0,
114,中臺科技大學,技專校院,09111033,牙體技術暨材料系碩士班,碩士班(日間),10.0,
114,中臺科技大學,技專校院,09131020,學士後護理系,學士班(日間),78.0,
114,中臺科技大學,技專校院,09131020,護理系,學士班(日間),573.0,
114,中臺科技大學,技專校院,09131020,護理系,學士班(進修),665.0,
114,中臺科技大學,技專校院,09131020,護理系碩士在職專班,碩士在職專班,105.0,
114,中臺科技大學,技專校院,09131020,護理系碩士班,碩士班(日間),34.0,
114,中臺科技大學,技專校院,09141028,醫學檢驗生物技術系,學士班(日間),418.0,
114,中臺科技大學,技專校院,09141028,醫學檢驗生物技術系碩士班,碩士班(日間),16.0,
114,中臺科技大學,技專校院,09141029,醫學影像暨放射科學科,五專,83.0,
114,中臺科技大學,技專校院,09141029,醫學影像暨放射科學系,學士班(日間),379.0,
114,中臺科技大學,技專校院,09141029,醫學影像暨放射科學系博士班,博士班,13.0,
114,中臺科技大學,技專校院,09141029,醫學影像暨放射科學系碩士班,碩士班(日間),18.0,
114,中臺科技大學,技專校院,09141030,視光系,學士班(日間),218.0,
114,中臺科技大學,技專校院,09141030,視光系,學士班(進修),152.0,
114,中臺科技大學,技專校院,09191008,醫療暨健康產業管理系,學士班(日間),134.0,
114,中臺科技大學,技專校院,09191008,醫療暨健康產業管理系,學士班(進修),9.0,
114,中臺科技大學,技專校院,09191008,醫療暨健康產業管理系碩士在職專班,碩士在職專班,43.0,
114,中臺科技大學,技專校院,09191008,醫療暨健康產業管理系碩士班,碩士班(日間),11.0,
114,中臺科技大學,技專校院,09211039,高齡健康照護系,學士班(日間),110.0,
114,中臺科技大學,技專校院,09211039,高齡健康照護系,學士班(進修),158.0,
114,中臺科技大學,技專校院,09211039,高齡健康照護系_國際學生產學合作專班,學士班(日間),9.0,
114,中臺科技大學,技專校院,09211039,高齡健康照護系_國際專修部,學士班(日間),2.0,
114,中臺科技大學,技專校院,09211039,高齡健康照護系_高齡健康照護產業僑生專班,學士班(日間),11.0,
114,中臺科技大學,技專校院,09212024,長期照顧碩士在職學位學程,碩士在職專班,57.0,
114,亞洲大學,一般大學,01121001,幼兒教育學系,學士班(日間),389.0,
114,亞洲大學,一般大學,01121001,幼兒教育學系,碩士在職專班,3.0,
114,亞洲大學,一般大學,01121001,幼兒教育學系,碩士班(日間),15.0,
114,亞洲大學,一般大學,02112007,數位媒體設計學系,博士班,35.0,
114,亞洲大學,一般大學,02112007,數位媒體設計學系,學士班(日間),610.0,
114,亞洲大學,一般大學,02112007,數位媒體設計學系,碩士班(日間),41.0,
114,亞洲大學,一般大學,02112058,創新產業博士學位學程,博士班,8.0,
114,亞洲大學,一般大學,02122004,時尚設計學系,學士班(日間),239.0,
114,亞洲大學,一般大學,02123011,創意商品設計學系,學士班(日間),236.0,
114,亞洲大學,一般大學,02123011,創意商品設計學系,學士班(進修),36.0,
114,亞洲大學,一般大學,02123011,創意商品設計學系,碩士班(日間),9.0,
114,亞洲大學,一般大學,02124012,室內設計學系,學士班(日間),231.0,
114,亞洲大學,一般大學,02124012,室內設計學系,碩士班(日間),12.0,
114,亞洲大學,一般大學,02311002,外國語文學系,學士班(日間),117.0,
114,亞洲大學,一般大學,02311002,外國語文學系,碩士班(日間),7.0,
114,亞洲大學,一般大學,03131013,心理學系,學士班(日間),539.0,
114,亞洲大學,一般大學,03131013,心理學系,碩士在職專班,44.0,
114,亞洲大學,一般大學,03131013,心理學系,碩士班(日間),129.0,
114,亞洲大學,一般大學,03213014,資訊傳播學系,學士班(日間),342.0,
114,亞洲大學,一般大學,03213014,資訊傳播學系,碩士班(日間),12.0,
114,亞洲大學,一般大學,04111015,會計與資訊學系,學士班(日間),239.0,
114,亞洲大學,一般大學,04111015,會計與資訊學系,碩士班(日間),13.0,
114,亞洲大學,一般大學,04121019,財務金融學系,學士班(日間),408.0,
114,亞洲大學,一般大學,04121019,財務金融學系,碩士在職專班,26.0,
114,亞洲大學,一般大學,04121019,財務金融學系,碩士班(日間),17.0,
114,亞洲大學,一般大學,04121019,財務金融學系114秋季班元大國際產業人才教育財務金融碩士專班,碩士班(日間),2.0,
114,亞洲大學,一般大學,04121019,財務金融學系財務金融碩士專班,碩士班(日間),3.0,
114,亞洲大學,一般大學,04131017,經營管理學系,學士班(日間),668.0,
114,亞洲大學,一般大學,04131017,經營管理學系,學士班(進修),114.0,
114,亞洲大學,一般大學,04131017,經營管理學系,碩士在職專班,82.0,
114,亞洲大學,一般大學,04131017,經營管理學系,碩士班(日間),37.0,
114,亞洲大學,一般大學,04131017,經營管理學系企業經濟與策略博士班,博士班,61.0,
114,亞洲大學,一般大學,04131059,智慧健康先進管理技術博士學位學程,博士班,19.0,
114,亞洲大學,一般大學,04199018,新興產業策略與發展博士學位學程,博士班,1.0,
114,亞洲大學,一般大學,04199026,管理學院進修學士學位學程,學士班(進修),3.0,
114,亞洲大學,一般大學,04212027,財經法律學系,學士班(日間),349.0,
114,亞洲大學,一般大學,04212027,財經法律學系,碩士班(日間),20.0,
114,亞洲大學,一般大學,05191053,食品營養與保健生技學系,學士班(日間),422.0,
114,亞洲大學,一般大學,05191053,食品營養與保健生技學系,學士班(進修),65.0,
114,亞洲大學,一般大學,05191053,食品營養與保健生技學系,碩士在職專班,17.0,
114,亞洲大學,一般大學,05191053,食品營養與保健生技學系,碩士班(日間),11.0,
114,亞洲大學,一般大學,06111057,人工智慧博士學位學程,博士班,16.0,
114,亞洲大學,一般大學,06111057,人工智慧學系,學士班(日間),285.0,
114,亞洲大學,一般大學,06111057,人工智慧學系,碩士班(日間),10.0,
114,亞洲大學,一般大學,06134037,資訊工程學系,博士班,10.0,
114,亞洲大學,一般大學,06134037,資訊工程學系,學士班(日間),537.0,
114,亞洲大學,一般大學,06134037,資訊工程學系,碩士在職專班,13.0,
114,亞洲大學,一般大學,06134037,資訊工程學系,碩士班(日間),37.0,
114,亞洲大學,一般大學,07193029,生物資訊與醫學工程學系,博士班,19.0,
114,亞洲大學,一般大學,07193029,生物資訊與醫學工程學系,學士班(日間),291.0,
114,亞洲大學,一般大學,07193029,生物資訊與醫學工程學系,碩士在職專班,17.0,
114,亞洲大學,一般大學,07193029,生物資訊與醫學工程學系,碩士班(日間),12.0,
114,亞洲大學,一般大學,08411045,學士後獸醫學系,學士班(日間),208.0,
114,亞洲大學,一般大學,09131046,護理學系,學士班(日間),637.0,
114,亞洲大學,一般大學,09131046,護理學系,學士班(進修),32.0,
114,亞洲大學,一般大學,09131046,護理學系,碩士在職專班,63.0,
114,亞洲大學,一般大學,09131046,護理學系,碩士班(日間),35.0,
114,亞洲大學,一般大學,09131061,學士後護理學系,學士班(日間),131.0,
114,亞洲大學,一般大學,09141047,視光學系,學士班(日間),382.0,
114,亞洲大學,一般大學,09141060,醫學檢驗暨生物技術學系,學士班(日間),348.0,
114,亞洲大學,一般大學,09141060,醫學檢驗暨生物技術學系,碩士班(日間),7.0,
114,亞洲大學,一般大學,09151056,物理治療學系,學士班(日間),223.0,
114,亞洲大學,一般大學,09152052,職能治療學系,學士班(日間),352.0,
114,亞洲大學,一般大學,09153051,聽力暨語言治療學系,學士班(日間),291.0,
114,亞洲大學,一般大學,09153051,聽力暨語言治療學系,碩士班(日間),47.0,
114,亞洲大學,一般大學,09191021,健康產業管理學系,博士班,34.0,
114,亞洲大學,一般大學,09191021,健康產業管理學系,學士班(日間),418.0,
114,亞洲大學,一般大學,09191021,健康產業管理學系,碩士在職專班,47.0,
114,亞洲大學,一般大學,09191021,健康產業管理學系,碩士班(日間),26.0,
114,亞洲大學,一般大學,09191025,長期照護學系,學士班(日間),89.0,
114,亞洲大學,一般大學,09231048,社會工作學系,學士班(日間),376.0,
114,亞洲大學,一般大學,09231048,社會工作學系,學士班(進修),61.0,
114,亞洲大學,一般大學,09231048,社會工作學系,碩士班(日間),44.0,
114,修平學校財團法人修平科技大學,技專校院,02112005,數位媒體設計系,學士班(日間),116.0,
114,修平學校財團法人修平科技大學,技專校院,02311003,應用英語系,學士班(進修),1.0,
114,修平學校財團法人修平科技大學,技專校院,02311004,應用日語系,學士班(日間),174.0,
114,修平學校財團法人修平科技大學,技專校院,02311004,應用日語系,學士班(進修),105.0,
114,修平學校財團法人修平科技大學,技專校院,04131030,企業經營管理科,二專(進修),1.0,
114,修平學校財團法人修平科技大學,技專校院,04131030,企業經營管理系,學士班(日間),166.0,
114,修平學校財團法人修平科技大學,技專校院,04131030,企業經營管理系,學士班(進修),233.0,
114,修平學校財團法人修平科技大學,技專校院,04131030,企業經營管理系_現役軍人營區在職專班,學士班(進修),5.0,
114,修平學校財團法人修平科技大學,技專校院,04131030,企業經營管理系人力資源管理碩士班,碩士班(日間),47.0,
114,修平學校財團法人修平科技大學,技專校院,04132013,行銷與流通管理系,學士班(日間),22.0,
114,修平學校財團法人修平科技大學,技專校院,04132013,行銷與流通管理系,學士班(進修),11.0,
114,修平學校財團法人修平科技大學,技專校院,06121018,資訊網路技術系,學士班(日間),2.0,
114,修平學校財團法人修平科技大學,技專校院,06131017,資訊管理系,學士班(日間),89.0,
114,修平學校財團法人修平科技大學,技專校院,06131017,資訊管理系,學士班(進修),64.0,
114,修平學校財團法人修平科技大學,技專校院,06131017,資訊管理系_智慧資訊技術僑生專班,學士班(日間),35.0,
114,修平學校財團法人修平科技大學,技專校院,06131017,資訊管理系_現役軍人營區在職專班,學士班(進修),2.0,
114,修平學校財團法人修平科技大學,技專校院,07141019,電機工程系,學士班(日間),153.0,
114,修平學校財團法人修平科技大學,技專校院,07141019,電機工程系,學士班(進修),177.0,
114,修平學校財團法人修平科技大學,技專校院,07141019,電機工程系(含碩士班)_國際學生產學合作專班,學士班(日間),41.0,
114,修平學校財團法人修平科技大學,技專校院,07141019,電機工程系(含碩士班)_現役軍人營區在職專班,學士班(進修),3.0,
114,修平學校財團法人修平科技大學,技專校院,07141019,電機工程系碩士班,碩士班(日間),13.0,
114,修平學校財團法人修平科技大學,技專校院,07141020,電子工程系,學士班(日間),96.0,
114,修平學校財團法人修平科技大學,技專校院,07141020,電子工程系,學士班(進修),16.0,
114,修平學校財團法人修平科技大學,技專校院,07141020,電子工程系_國際學生產學合作專班,學士班(日間),81.0,
114,修平學校財團法人修平科技大學,技專校院,07141020,電子工程系_國際專修部,學士班(日間),42.0,
114,修平學校財團法人修平科技大學,技專校院,07141020,電子工程系_智慧電子技術僑生專班,學士班(日間),57.0,
114,修平學校財團法人修平科技大學,技專校院,07151021,機械工程系,學士班(日間),277.0,
114,修平學校財團法人修平科技大學,技專校院,07151021,機械工程系,學士班(進修),364.0,
114,修平學校財團法人修平科技大學,技專校院,07151021,機械工程系(含精密機械與製造科技碩士班)_國際專修部,學士班(日間),16.0,
114,修平學校財團法人修平科技大學,技專校院,07151021,機械工程系_國際專修部,學士班(日間),19.0,
114,修平學校財團法人修平科技大學,技專校院,07151021,機械工程系精密機械與製造科技碩士班,碩士班(日間),16.0,
114,修平學校財團法人修平科技大學,技專校院,07161031,智慧車輛系,學士班(日間),27.0,
114,修平學校財團法人修平科技大學,技專校院,07191026,工業工程與管理系,學士班(日間),16.0,
114,修平學校財團法人修平科技大學,技專校院,07191026,工業工程與管理系,學士班(進修),52.0,
114,修平學校財團法人修平科技大學,技專校院,07191026,工業工程與管理系(含精實生產管理碩士班)_現役軍人營區在職專班,碩士在職專班,3.0,
114,修平學校財團法人修平科技大學,技專校院,07191026,工業工程與管理系_國際學生產學合作專班,學士班(日間),68.0,
114,修平學校財團法人修平科技大學,技專校院,07191026,工業工程與管理系精實生產管理碩士在職專班,碩士在職專班,37.0,
114,修平學校財團法人修平科技大學,技專校院,07191026,工業工程與管理系精實生產管理碩士班,碩士班(日間),10.0,
114,修平學校財團法人修平科技大學,技專校院,10151029,觀光與遊憩管理系_國際學生產學合作專班,學士班(日間),53.0,
114,修平學校財團法人修平科技大學,技專校院,10151029,觀光與遊憩管理系_國際專修部,學士班(日間),131.0,
114,修平學校財團法人修平科技大學,技專校院,10151029,觀光與遊憩管理系_觀光飯店與餐飲服務國際學生產學合作專班,學士班(日間),29.0,
114,修平學校財團法人修平科技大學,技專校院,10151032,觀光與餐旅管理系,學士班(日間),155.0,
114,修平學校財團法人修平科技大學,技專校院,10151032,觀光與餐旅管理系_國際學生產學合作專班,學士班(日間),30.0,
114,修平學校財團法人修平科技大學,技專校院,10151032,觀光與餐旅管理系_國際專修部,學士班(日間),55.0,
114,僑光科技大學,技專校院,02122004,生活創意設計系,學士班(日間),199.0,
114,僑光科技大學,技專校院,02122004,生活創意設計系,學士班(進修),57.0,
114,僑光科技大學,技專校院,02123005,電腦輔助工業設計系,學士班(日間),40.0,
114,僑光科技大學,技專校院,02123005,電腦輔助工業設計系,學士班(進修),13.0,
114,僑光科技大學,技專校院,02123005,電腦輔助工業設計系_精密機械生產製造與管理專班,學士班(進修),1.0,
114,僑光科技大學,技專校院,02311002,應用外語系,學士班(日間),124.0,
114,僑光科技大學,技專校院,02311002,應用外語系,學士班(進修),23.0,
114,僑光科技大學,技專校院,04121013,財務金融系,學士班(日間),374.0,
114,僑光科技大學,技專校院,04121013,財務金融系,學士班(進修),135.0,
114,僑光科技大學,技專校院,04121013,財務金融系碩士班,碩士班(日間),30.0,
114,僑光科技大學,技專校院,04131009,企業管理系,學士班(日間),293.0,
114,僑光科技大學,技專校院,04131009,企業管理系,學士班(進修),336.0,
114,僑光科技大學,技專校院,04131009,企業管理系碩士在職專班,碩士在職專班,69.0,
114,僑光科技大學,技專校院,04131009,企業管理系碩士班,碩士班(日間),15.0,
114,僑光科技大學,技專校院,04132016,行銷與流通管理系,學士班(日間),557.0,
114,僑光科技大學,技專校院,04132016,行銷與流通管理系,學士班(進修),445.0,
114,僑光科技大學,技專校院,04141011,國際貿易系,學士班(日間),153.0,
114,僑光科技大學,技專校院,04141011,國際貿易系,學士班(進修),36.0,
114,僑光科技大學,技專校院,04212018,財經法律系,學士班(日間),371.0,
114,僑光科技大學,技專校院,04212018,財經法律系,學士班(進修),109.0,
114,僑光科技大學,技專校院,04212018,財經法律系_多元培力專班,學士班(進修),2.0,
114,僑光科技大學,技專校院,06131019,資訊科技系,學士班(日間),304.0,
114,僑光科技大學,技專校院,06131019,資訊科技系,學士班(進修),321.0,
114,僑光科技大學,技專校院,06131019,資訊科技系_國際學生產學合作專班,學士班(日間),86.0,
114,僑光科技大學,技專校院,06131019,資訊科技系_資通訊製造國際學生產學合作專班,學士班(日間),103.0,
114,僑光科技大學,技專校院,06131019,資訊科技系碩士班,碩士班(日間),29.0,
114,僑光科技大學,技專校院,06133021,多媒體與遊戲設計系,學士班(日間),271.0,
114,僑光科技大學,技專校院,06133021,多媒體與遊戲設計系,學士班(進修),161.0,
114,僑光科技大學,技專校院,07151028,機械與電腦輔助工程系,學士班(日間),329.0,
114,僑光科技大學,技專校院,07151028,機械與電腦輔助工程系,學士班(進修),179.0,
114,僑光科技大學,技專校院,10131024,餐飲管理系,學士班(日間),573.0,
114,僑光科技大學,技專校院,10131024,餐飲管理系,學士班(進修),424.0,
114,僑光科技大學,技專校院,10131024,餐飲管理系_餐飲人才培育管理專班,學士班(日間),104.0,
114,僑光科技大學,技專校院,10131025,旅館與會展管理系,學士班(日間),219.0,
114,僑光科技大學,技專校院,10131025,旅館與會展管理系,學士班(進修),90.0,
114,僑光科技大學,技專校院,10151026,觀光與休閒事業管理系,學士班(日間),375.0,
114,僑光科技大學,技專校院,10151026,觀光與休閒事業管理系,學士班(進修),382.0,
114,國立中興大學,一般大學,01111001,教師專業發展研究所,碩士班(日間),30.0,
114,國立中興大學,一般大學,02221007,歷史學系,博士班,42.0,
114,國立中興大學,一般大學,02221007,歷史學系,學士班(日間),235.0,
114,國立中興大學,一般大學,02221007,歷史學系,碩士在職專班,18.0,
114,國立中興大學,一般大學,02221007,歷史學系,碩士班(日間),34.0,
114,國立中興大學,一般大學,02299109,數位人文與文創產業進修學士學位學程,學士班(進修),125.0,
114,國立中興大學,一般大學,02311006,外國語文學系,學士班(日間),232.0,
114,國立中興大學,一般大學,02311006,外國語文學系,學士班(進修),143.0,
114,國立中興大學,一般大學,02311006,外國語文學系,碩士班(日間),24.0,
114,國立中興大學,一般大學,02321003,台灣文學與跨國文化研究所,碩士在職專班,24.0,
114,國立中興大學,一般大學,02321003,台灣文學與跨國文化研究所,碩士班(日間),27.0,
114,國立中興大學,一般大學,02321004,台灣與跨文化研究國際博士學位學程,博士班,14.0,
114,國立中興大學,一般大學,02321103,台灣人文創新學士學位學程,學士班(日間),74.0,
114,國立中興大學,一般大學,02322005,中國文學系,博士班,22.0,
114,國立中興大學,一般大學,02322005,中國文學系,學士班(日間),221.0,
114,國立中興大學,一般大學,02322005,中國文學系,學士班(進修),127.0,
114,國立中興大學,一般大學,02322005,中國文學系,碩士在職專班,20.0,
114,國立中興大學,一般大學,02322005,中國文學系,碩士班(日間),58.0,
114,國立中興大學,一般大學,03111009,應用經濟學系,博士班,24.0,
114,國立中興大學,一般大學,03111009,應用經濟學系,學士班(日間),211.0,
114,國立中興大學,一般大學,03111009,應用經濟學系,碩士在職專班,33.0,
114,國立中興大學,一般大學,03111009,應用經濟學系,碩士班(日間),32.0,
114,國立中興大學,一般大學,03122010,國際政治研究所,博士班,31.0,
114,國立中興大學,一般大學,03122010,國際政治研究所,碩士在職專班,49.0,
114,國立中興大學,一般大學,03122010,國際政治研究所,碩士班(日間),41.0,
114,國立中興大學,一般大學,03122119,亞洲與中國研究英語碩士學位學程,碩士班(日間),14.0,
114,國立中興大學,一般大學,03222013,圖書資訊學研究所,碩士班(日間),34.0,
114,國立中興大學,一般大學,04111015,會計學系,學士班(日間),179.0,
114,國立中興大學,一般大學,04111015,會計學系,碩士班(日間),51.0,
114,國立中興大學,一般大學,04121019,財務金融學系,博士班,15.0,
114,國立中興大學,一般大學,04121019,財務金融學系,學士班(日間),212.0,
114,國立中興大學,一般大學,04121019,財務金融學系,碩士班(日間),70.0,
114,國立中興大學,一般大學,04131016,企業管理學系,博士班,35.0,
114,國立中興大學,一般大學,04131016,企業管理學系,學士班(日間),245.0,
114,國立中興大學,一般大學,04131016,企業管理學系,碩士班(日間),81.0,
114,國立中興大學,一般大學,04131018,創新產業經營學士學位學程,學士班(進修),183.0,
114,國立中興大學,一般大學,04131097,運動與健康管理研究所,碩士班(日間),31.0,
114,國立中興大學,一般大學,04134011,國家政策與公共事務研究所,碩士在職專班,65.0,
114,國立中興大學,一般大學,04134011,國家政策與公共事務研究所,碩士班(日間),28.0,
114,國立中興大學,一般大學,04143020,行銷學系,學士班(日間),219.0,
114,國立中興大學,一般大學,04143020,行銷學系,碩士班(日間),64.0,
114,國立中興大學,一般大學,04199012,全球事務研究跨洲碩士學位學程,碩士班(日間),17.0,
114,國立中興大學,一般大學,04199021,科技管理研究所,博士班,52.0,
114,國立中興大學,一般大學,04199021,科技管理研究所智慧科技管理碩士在職專班,碩士在職專班,26.0,
114,國立中興大學,一般大學,04199021,科技管理研究所科技管理碩士班,碩士班(日間),45.0,
114,國立中興大學,一般大學,04199021,科技管理研究所電子商務碩士班,碩士班(日間),42.0,
114,國立中興大學,一般大學,04199022,高階經理人碩士在職專班,碩士在職專班,271.0,
114,國立中興大學,一般大學,04199022,高階經理人碩士在職專班兩岸台商組,碩士在職專班,29.0,
114,國立中興大學,一般大學,04199022,高階經理人碩士在職專班越南台商組,碩士在職專班,26.0,
114,國立中興大學,一般大學,04211023,法律學系,學士班(日間),185.0,
114,國立中興大學,一般大學,04211023,法律學系,碩士在職專班,110.0,
114,國立中興大學,一般大學,04211023,法律學系,碩士班(日間),95.0,
114,國立中興大學,一般大學,05111026,生命科學碩士在職專班,碩士在職專班,42.0,
114,國立中興大學,一般大學,05111026,生命科學系,博士班,43.0,
114,國立中興大學,一般大學,05111026,生命科學系,學士班(日間),352.0,
114,國立中興大學,一般大學,05111026,生命科學系,碩士班(日間),105.0,
114,國立中興大學,一般大學,05111029,昆蟲學系,博士班,17.0,
114,國立中興大學,一般大學,05111029,昆蟲學系,學士班(日間),206.0,
114,國立中興大學,一般大學,05111029,昆蟲學系,碩士班(日間),45.0,
114,國立中興大學,一般大學,05111128,跨域創新生技國際博士學位學程,博士班,2.0,
114,國立中興大學,一般大學,05121027,生物科技學研究所,博士班,18.0,
114,國立中興大學,一般大學,05121027,生物科技學研究所,碩士班(日間),54.0,
114,國立中興大學,一般大學,05121031,生物科技學士學位學程,學士班(日間),133.0,
114,國立中興大學,一般大學,05121033,分子生物學研究所,博士班,7.0,
114,國立中興大學,一般大學,05121033,分子生物學研究所,碩士班(日間),46.0,
114,國立中興大學,一般大學,05121035,生物醫學研究所,博士班,25.0,
114,國立中興大學,一般大學,05121035,生物醫學研究所,碩士班(日間),38.0,
114,國立中興大學,一般大學,05121037,基因體暨生物資訊學研究所,碩士班(日間),24.0,
114,國立中興大學,一般大學,05121112,特用作物及代謝體博士學位學程,博士班,6.0,
114,國立中興大學,一般大學,05121112,特用作物及代謝體碩士學位學程,碩士班(日間),9.0,
114,國立中興大學,一般大學,05121117,分子與生物農業科學國際研究生博士學位學程,博士班,41.0,
114,國立中興大學,一般大學,05121118,生技產業創新研發與管理博士學位學程,博士班,10.0,
114,國立中興大學,一般大學,05121123,精準健康碩士學位學程,碩士班(日間),3.0,
114,國立中興大學,一般大學,05122129,植物暨微生物國際碩士學位學程,碩士班(日間),3.0,
114,國立中興大學,一般大學,05123034,生物化學研究所,博士班,6.0,
114,國立中興大學,一般大學,05123034,生物化學研究所,碩士班(日間),26.0,
114,國立中興大學,一般大學,05124038,微生物基因體學博士學位學程,博士班,21.0,
114,國立中興大學,一般大學,05292082,水土保持學系,博士班,23.0,
114,國立中興大學,一般大學,05292082,水土保持學系,學士班(日間),232.0,
114,國立中興大學,一般大學,05292082,水土保持學系,碩士在職專班,51.0,
114,國立中興大學,一般大學,05292082,水土保持學系,碩士班(日間),50.0,
114,國立中興大學,一般大學,05311039,化學系,博士班,9.0,
114,國立中興大學,一般大學,05311039,化學系,學士班(日間),243.0,
114,國立中興大學,一般大學,05311039,化學系,碩士班(日間),176.0,
114,國立中興大學,一般大學,05331040,物理學系,博士班,20.0,
114,國立中興大學,一般大學,05331040,物理學系,學士班(日間),248.0,
114,國立中興大學,一般大學,05331040,物理學系,碩士班(日間),50.0,
114,國立中興大學,一般大學,05331058,奈米科學研究所,碩士班(日間),60.0,
114,國立中興大學,一般大學,05411041,應用數學系,博士班,14.0,
114,國立中興大學,一般大學,05411041,應用數學系,學士班(日間),354.0,
114,國立中興大學,一般大學,05411041,應用數學系,碩士班(日間),15.0,
114,國立中興大學,一般大學,05411041,應用數學系大數據碩士在職專班,碩士在職專班,44.0,
114,國立中興大學,一般大學,05421042,統計學研究所,碩士班(日間),34.0,
114,國立中興大學,一般大學,06131043,資訊管理學系,學士班(日間),121.0,
114,國立中興大學,一般大學,06131043,資訊管理學系,碩士在職專班,75.0,
114,國立中興大學,一般大學,06131043,資訊管理學系,碩士班(日間),97.0,
114,國立中興大學,一般大學,06131101,大數據產學研發博士學位學程,博士班,13.0,
114,國立中興大學,一般大學,06131106,資料科學與資訊計算研究所,碩士班(日間),48.0,
114,國立中興大學,一般大學,06131108,資訊工程學系,博士班,24.0,
114,國立中興大學,一般大學,06131108,資訊工程學系,學士班(日間),160.0,
114,國立中興大學,一般大學,06131108,資訊工程學系,碩士在職專班,121.0,
114,國立中興大學,一般大學,06131108,資訊工程學系,碩士班(日間),164.0,
114,國立中興大學,一般大學,06132100,人工智慧與資料科學碩士在職學位學程,碩士在職專班,89.0,
114,國立中興大學,一般大學,07111055,化學工程學系,博士班,10.0,
114,國立中興大學,一般大學,07111055,化學工程學系,學士班(日間),206.0,
114,國立中興大學,一般大學,07111055,化學工程學系,碩士在職專班,56.0,
114,國立中興大學,一般大學,07111055,化學工程學系,碩士班(日間),151.0,
114,國立中興大學,一般大學,07111124,化工系產業碩士專班,碩士班(日間),5.0,
114,國立中興大學,一般大學,07112057,材料科學與工程學系,博士班,29.0,
114,國立中興大學,一般大學,07112057,材料科學與工程學系,學士班(日間),218.0,
114,國立中興大學,一般大學,07112057,材料科學與工程學系,碩士在職專班,103.0,
114,國立中興大學,一般大學,07112057,材料科學與工程學系,碩士班(日間),141.0,
114,國立中興大學,一般大學,07112057,材料科學與工程學系工學院半導體國際專班,碩士班(日間),8.0,
114,國立中興大學,一般大學,07112113,生物與永續科技博士學位學程,博士班,6.0,
114,國立中興大學,一般大學,07112113,生物與永續科技碩士學位學程,碩士班(日間),6.0,
114,國立中興大學,一般大學,07112125,材料產業碩士專班,碩士班(日間),3.0,
114,國立中興大學,一般大學,07121059,環境工程學系,博士班,20.0,
114,國立中興大學,一般大學,07121059,環境工程學系,學士班(日間),199.0,
114,國立中興大學,一般大學,07121059,環境工程學系,碩士在職專班,86.0,
114,國立中興大學,一般大學,07121059,環境工程學系,碩士班(日間),96.0,
114,國立中興大學,一般大學,07141045,電機工程學系,博士班,38.0,
114,國立中興大學,一般大學,07141045,電機工程學系,學士班(日間),271.0,
114,國立中興大學,一般大學,07141045,電機工程學系,碩士在職專班,104.0,
114,國立中興大學,一般大學,07141045,電機工程學系,碩士班(日間),337.0,
114,國立中興大學,一般大學,07141046,光電工程研究所,碩士班(日間),33.0,
114,國立中興大學,一般大學,07141049,通訊工程研究所,碩士班(日間),32.0,
114,國立中興大學,一般大學,07141102,電機資訊學院學士班,學士班(日間),121.0,
114,國立中興大學,一般大學,07141104,電子系統產業碩士專班,碩士班(日間),9.0,
114,國立中興大學,一般大學,07141105,電機控制產業碩士專班,碩士班(日間),1.0,
114,國立中興大學,一般大學,07141116,半導體與綠色科技博士學位學程,博士班,15.0,
114,國立中興大學,一般大學,07141116,半導體與綠色科技碩士學位學程,碩士班(日間),47.0,
114,國立中興大學,一般大學,07141120,智慧電動車及綠能科技產業碩士專班,碩士班(日間),32.0,
114,國立中興大學,一般大學,07151050,機械工程學系,博士班,17.0,
114,國立中興大學,一般大學,07151050,機械工程學系,學士班(日間),402.0,
114,國立中興大學,一般大學,07151050,機械工程學系,碩士在職專班,91.0,
114,國立中興大學,一般大學,07151050,機械工程學系,碩士班(日間),260.0,
114,國立中興大學,一般大學,07151051,精密工程研究所,博士班,11.0,
114,國立中興大學,一般大學,07151051,精密工程研究所,碩士在職專班,44.0,
114,國立中興大學,一般大學,07151051,精密工程研究所,碩士班(日間),83.0,
114,國立中興大學,一般大學,07151052,生物產業機電工程學系,博士班,24.0,
114,國立中興大學,一般大學,07151052,生物產業機電工程學系,學士班(日間),241.0,
114,國立中興大學,一般大學,07151052,生物產業機電工程學系,碩士班(日間),61.0,
114,國立中興大學,一般大學,07191115,工業與智慧科技博士學位學程,博士班,18.0,
114,國立中興大學,一般大學,07191115,工業與智慧科技碩士學位學程,碩士班(日間),50.0,
114,國立中興大學,一般大學,07193060,生醫工程研究所,博士班,16.0,
114,國立中興大學,一般大學,07193060,生醫工程研究所,碩士班(日間),31.0,
114,國立中興大學,一般大學,07193060,"生醫工程研究所Intelligence Science, Engineering and Technology Master Degree Program",碩士班(日間),6.0,
114,國立中興大學,一般大學,07199107,智慧創意工程學士學位學程,學士班(日間),56.0,
114,國立中興大學,一般大學,07211081,食品暨應用生物科技學系,博士班,17.0,
114,國立中興大學,一般大學,07211081,食品暨應用生物科技學系,學士班(日間),214.0,
114,國立中興大學,一般大學,07211081,食品暨應用生物科技學系,碩士在職專班,57.0,
114,國立中興大學,一般大學,07211081,食品暨應用生物科技學系,碩士班(日間),96.0,
114,國立中興大學,一般大學,07211098,食品安全研究所,碩士班(日間),36.0,
114,國立中興大學,一般大學,07312061,景觀與遊憩學士學位學程,學士班(日間),77.0,
114,國立中興大學,一般大學,07312061,景觀與遊憩碩士學位學程,碩士班(日間),13.0,
114,國立中興大學,一般大學,07321054,土木工程學系,博士班,19.0,
114,國立中興大學,一般大學,07321054,土木工程學系,學士班(日間),384.0,
114,國立中興大學,一般大學,07321054,土木工程學系,碩士在職專班,87.0,
114,國立中興大學,一般大學,07321054,土木工程學系,碩士班(日間),109.0,
114,國立中興大學,一般大學,07321054,土木工程學系114秋季班土木工程國際英語專班,碩士班(日間),9.0,
114,國立中興大學,一般大學,08111063,農藝學系,博士班,10.0,
114,國立中興大學,一般大學,08111063,農藝學系,學士班(日間),195.0,
114,國立中興大學,一般大學,08111063,農藝學系,碩士班(日間),51.0,
114,國立中興大學,一般大學,08111064,國際農學博士學位學程,博士班,41.0,
114,國立中興大學,一般大學,08111064,國際農學碩士學位學程,碩士班(日間),45.0,
114,國立中興大學,一般大學,08112066,動物科學系,博士班,25.0,
114,國立中興大學,一般大學,08112066,動物科學系,學士班(日間),207.0,
114,國立中興大學,一般大學,08112066,動物科學系,碩士班(日間),60.0,
114,國立中興大學,一般大學,08121067,園藝學系,博士班,26.0,
114,國立中興大學,一般大學,08121067,園藝學系,學士班(日間),169.0,
114,國立中興大學,一般大學,08121067,園藝學系,碩士班(日間),55.0,
114,國立中興大學,一般大學,08191083,土壤環境科學系,博士班,15.0,
114,國立中興大學,一般大學,08191083,土壤環境科學系,學士班(日間),168.0,
114,國立中興大學,一般大學,08191083,土壤環境科學系,碩士班(日間),33.0,
114,國立中興大學,一般大學,08193076,生物產業管理研究所,碩士班(日間),43.0,
114,國立中興大學,一般大學,08193076,生物產業管理進修學士學位學程,學士班(進修),163.0,
114,國立中興大學,一般大學,08193077,農業企業經營管理碩士在職專班,碩士在職專班,68.0,
114,國立中興大學,一般大學,08193078,國際農企業學士學位學程,學士班(日間),82.0,
114,國立中興大學,一般大學,08193079,農業經濟與行銷碩士學位學程,碩士班(日間),18.0,
114,國立中興大學,一般大學,08193114,國際精準農企業發展博士學位學程,博士班,7.0,
114,國立中興大學,一般大學,08193114,國際精準農企業發展碩士學位學程,碩士班(日間),7.0,
114,國立中興大學,一般大學,08194068,植物病理學系,博士班,14.0,
114,國立中興大學,一般大學,08194068,植物病理學系,學士班(日間),190.0,
114,國立中興大學,一般大學,08194068,植物病理學系,碩士班(日間),29.0,
114,國立中興大學,一般大學,08194069,植物醫學暨安全農業碩士學位學程,碩士班(日間),32.0,
114,國立中興大學,一般大學,08194111,植物保健博士學位學程,博士班,6.0,
114,國立中興大學,一般大學,08194111,植物保健碩士學位學程,碩士班(日間),10.0,
114,國立中興大學,一般大學,08211086,森林學系,博士班,24.0,
114,國立中興大學,一般大學,08211086,森林學系,學士班(日間),257.0,
114,國立中興大學,一般大學,08211086,森林學系,碩士班(日間),50.0,
114,國立中興大學,一般大學,08411087,獸醫學系,博士班,30.0,
114,國立中興大學,一般大學,08411087,獸醫學系,學士班(日間),399.0,
114,國立中興大學,一般大學,08411087,獸醫學系,碩士班(日間),65.0,
114,國立中興大學,一般大學,08411089,獸醫病理生物學研究所,博士班,10.0,
114,國立中興大學,一般大學,08411089,獸醫病理生物學研究所,碩士班(日間),9.0,
114,國立中興大學,一般大學,08411092,微生物暨公共衛生學研究所,博士班,6.0,
114,國立中興大學,一般大學,08411092,微生物暨公共衛生學研究所,碩士班(日間),19.0,
114,國立中興大學,一般大學,09121093,轉譯醫學博士學位學程,博士班,44.0,
114,國立中興大學,一般大學,09121110,學士後醫學系,學士班(日間),90.0,
114,國立中興大學,一般大學,09121121,臨床醫學研究所,碩士班(日間),10.0,
114,國立中興大學,一般大學,09131122,臨床護理研究所,碩士班(日間),26.0,
114,國立中興大學,一般大學,09141094,醫學生物科技博士學位學程,博士班,20.0,
114,國立中興大學,一般大學,09161127,中醫藥暨新藥開發研究所,碩士班(日間),4.0,
114,國立中興大學,一般大學,09199096,組織工程與再生醫學博士學位學程,博士班,23.0,
114,國立勤益科技大學,技專校院,02299005,文化創意事業系,學士班(日間),195.0,
114,國立勤益科技大學,技專校院,02299005,文化創意事業系碩士班,碩士班(日間),13.0,
114,國立勤益科技大學,技專校院,02311001,應用英語系,學士班(日間),196.0,
114,國立勤益科技大學,技專校院,02311001,應用英語系,學士班(進修),105.0,
114,國立勤益科技大學,技專校院,04131002,企業管理系,學士班(日間),415.0,
114,國立勤益科技大學,技專校院,04131002,企業管理系,學士班(進修),142.0,
114,國立勤益科技大學,技專校院,04131002,企業管理系_智慧製造物流運籌專班,學士班(進修),39.0,
114,國立勤益科技大學,技專校院,04131002,企業管理系碩士在職專班,碩士在職專班,15.0,
114,國立勤益科技大學,技專校院,04131002,企業管理系碩士班,碩士班(日間),61.0,
114,國立勤益科技大學,技專校院,04132003,行銷與流通管理科,二專(進修),24.0,
114,國立勤益科技大學,技專校院,04132003,行銷與流通管理系,學士班(日間),386.0,
114,國立勤益科技大學,技專校院,04132003,行銷與流通管理系,學士班(進修),41.0,
114,國立勤益科技大學,技專校院,04132003,行銷與流通管理系碩士在職專班,碩士在職專班,15.0,
114,國立勤益科技大學,技專校院,04132003,行銷與流通管理系碩士班,碩士班(日間),29.0,
114,國立勤益科技大學,技專校院,04199041,健康產業科技研發與管理系,學士班(日間),161.0,
114,國立勤益科技大學,技專校院,04199041,健康產業科技研發與管理系,學士班(進修),105.0,
114,國立勤益科技大學,技專校院,04199041,健康產業科技研發與管理系_雙軌旗艦工商管理專班,學士班(進修),17.0,
114,國立勤益科技大學,技專校院,04199041,健康產業科技研發與管理系碩士班,碩士班(日間),12.0,
114,國立勤益科技大學,技專校院,06131010,資訊管理系,學士班(日間),401.0,
114,國立勤益科技大學,技專校院,06131010,資訊管理系,學士班(進修),262.0,
114,國立勤益科技大學,技專校院,06131010,資訊管理系_國際專修部,學士班(日間),18.0,
114,國立勤益科技大學,技專校院,06131010,資訊管理系_智慧產業資訊應用專班,學士班(進修),16.0,
114,國立勤益科技大學,技專校院,06131010,資訊管理系_研發管理與資訊應用產業碩士專班,碩士班(日間),22.0,
114,國立勤益科技大學,技專校院,06131010,資訊管理系研發科技與資訊管理碩士在職專班,碩士在職專班,14.0,
114,國立勤益科技大學,技專校院,06131010,資訊管理系碩士班,碩士班(日間),28.0,
114,國立勤益科技大學,技專校院,06131013,資訊工程系,學士班(日間),538.0,
114,國立勤益科技大學,技專校院,06131013,資訊工程系,學士班(進修),170.0,
114,國立勤益科技大學,技專校院,06131013,資訊工程系_國際學生產學合作專班,學士班(日間),79.0,
114,國立勤益科技大學,技專校院,06131013,資訊工程系_智慧科技僑生專班,學士班(日間),17.0,
114,國立勤益科技大學,技專校院,06131013,資訊工程系_智慧科技實務應用專班,學士班(進修),20.0,
114,國立勤益科技大學,技專校院,06131013,資訊工程系_智慧科技產業碩士專班,碩士班(日間),44.0,
114,國立勤益科技大學,技專校院,06131013,資訊工程系_智慧科技菁英專班,學士班(進修),35.0,
114,國立勤益科技大學,技專校院,06131013,資訊工程系_雙軌旗艦微電子職類,學士班(進修),2.0,
114,國立勤益科技大學,技專校院,06131013,資訊工程系_電資研發產業碩士專班,碩士班(日間),1.0,
114,國立勤益科技大學,技專校院,06131013,資訊工程系碩士在職專班,碩士在職專班,26.0,
114,國立勤益科技大學,技專校院,06131013,資訊工程系碩士班,碩士班(日間),68.0,
114,國立勤益科技大學,技專校院,06132039,人工智慧應用工程系,學士班(日間),420.0,
114,國立勤益科技大學,技專校院,06132039,人工智慧應用工程系,學士班(進修),88.0,
114,國立勤益科技大學,技專校院,06132039,人工智慧應用工程系_AI科技應用製造專班,學士班(進修),6.0,
114,國立勤益科技大學,技專校院,06132039,人工智慧應用工程系_半導體封測產攜專班,學士班(日間),43.0,
114,國立勤益科技大學,技專校院,06132039,人工智慧應用工程系_半導體封測產攜專班,學士班(進修),40.0,
114,國立勤益科技大學,技專校院,06132039,人工智慧應用工程系_國際專修部,學士班(日間),5.0,
114,國立勤益科技大學,技專校院,06132039,人工智慧應用工程系_智慧科技應用製造專班,學士班(日間),20.0,
114,國立勤益科技大學,技專校院,06132039,人工智慧應用工程系_智慧科技應用製造專班,學士班(進修),1.0,
114,國立勤益科技大學,技專校院,07111020,化工與材料工程系,學士班(日間),599.0,
114,國立勤益科技大學,技專校院,07111020,化工與材料工程系,學士班(進修),138.0,
114,國立勤益科技大學,技專校院,07111020,化工與材料工程系_先進材料與智慧製造產學攜手專班,學士班(進修),11.0,
114,國立勤益科技大學,技專校院,07111020,化工與材料工程系_國際學生產學合作專班,學士班(日間),108.0,
114,國立勤益科技大學,技專校院,07111020,化工與材料工程系碩士在職專班,碩士在職專班,14.0,
114,國立勤益科技大學,技專校院,07111020,化工與材料工程系碩士班,碩士班(日間),54.0,
114,國立勤益科技大學,技專校院,07132026,冷凍空調與能源系,學士班(日間),500.0,
114,國立勤益科技大學,技專校院,07132026,冷凍空調與能源系,學士班(進修),298.0,
114,國立勤益科技大學,技專校院,07132026,冷凍空調與能源系_冷凍空調能源產業專班,學士班(進修),89.0,
114,國立勤益科技大學,技專校院,07132026,冷凍空調與能源系_冷凍空調與能源專班,學士班(進修),21.0,
114,國立勤益科技大學,技專校院,07132026,冷凍空調與能源系_國際學生產學合作專班,學士班(日間),67.0,
114,國立勤益科技大學,技專校院,07132026,冷凍空調與能源系_國際專修部,學士班(日間),9.0,
114,國立勤益科技大學,技專校院,07132026,冷凍空調與能源系_機械工程專班,學士班(日間),28.0,
114,國立勤益科技大學,技專校院,07132026,冷凍空調與能源系碩士在職專班,碩士在職專班,41.0,
114,國立勤益科技大學,技專校院,07132026,冷凍空調與能源系碩士班,碩士班(日間),51.0,
114,國立勤益科技大學,技專校院,07141011,電機工程科,二專(進修),49.0,
114,國立勤益科技大學,技專校院,07141011,電機工程系,學士班(日間),593.0,
114,國立勤益科技大學,技專校院,07141011,電機工程系,學士班(進修),466.0,
114,國立勤益科技大學,技專校院,07141011,電機工程系_電機工程資電國際學生產學合作專班,學士班(日間),108.0,
114,國立勤益科技大學,技專校院,07141011,電機工程系_電機跨領域半導體暨智慧製造專班,學士班(進修),25.0,
114,國立勤益科技大學,技專校院,07141011,電機工程系_電機跨領域應用專班,學士班(進修),9.0,
114,國立勤益科技大學,技專校院,07141011,電機工程系碩士在職專班,碩士在職專班,31.0,
114,國立勤益科技大學,技專校院,07141011,電機工程系碩士班,碩士班(日間),54.0,
114,國立勤益科技大學,技專校院,07141012,電子工程科,二專(進修),3.0,
114,國立勤益科技大學,技專校院,07141012,電子工程系,學士班(日間),539.0,
114,國立勤益科技大學,技專校院,07141012,電子工程系,學士班(進修),243.0,
114,國立勤益科技大學,技專校院,07141012,電子工程系_國際專修部,學士班(日間),16.0,
114,國立勤益科技大學,技專校院,07141012,電子工程系_智慧機械生產自動化工程師僑生專班,學士班(日間),54.0,
114,國立勤益科技大學,技專校院,07141012,電子工程系_智慧電子技術產業專班,學士班(進修),17.0,
114,國立勤益科技大學,技專校院,07141012,電子工程系碩士在職專班,碩士在職專班,26.0,
114,國立勤益科技大學,技專校院,07141012,電子工程系碩士班,碩士班(日間),103.0,
114,國立勤益科技大學,技專校院,07141037,前瞻電資科技研究所,博士班,22.0,
114,國立勤益科技大學,技專校院,07151016,機械工程科,二專(進修),43.0,
114,國立勤益科技大學,技專校院,07151016,機械工程系,學士班(日間),611.0,
114,國立勤益科技大學,技專校院,07151016,機械工程系,學士班(進修),522.0,
114,國立勤益科技大學,技專校院,07151016,機械工程系_國際學生產學合作專班,學士班(日間),129.0,
114,國立勤益科技大學,技專校院,07151016,機械工程系_工具機與精密模具設計製造專班,學士班(進修),70.0,
114,國立勤益科技大學,技專校院,07151016,機械工程系_智慧機械應用專班,學士班(進修),133.0,
114,國立勤益科技大學,技專校院,07151016,機械工程系_機電整合專班,學士班(進修),22.0,
114,國立勤益科技大學,技專校院,07151016,機械工程系_水五金智慧製造專班,學士班(進修),1.0,
114,國立勤益科技大學,技專校院,07151016,機械工程系_雙軌旗艦機電整合職類,學士班(進修),31.0,
114,國立勤益科技大學,技專校院,07151016,機械工程系碩士在職專班,碩士在職專班,42.0,
114,國立勤益科技大學,技專校院,07151016,機械工程系碩士班,碩士班(日間),91.0,
114,國立勤益科技大學,技專校院,07151034,智慧機械與智慧製造產業博士學位學程,博士班,16.0,
114,國立勤益科技大學,技專校院,07151038,智慧自動化工程系,學士班(日間),434.0,
114,國立勤益科技大學,技專校院,07151038,智慧自動化工程系,學士班(進修),72.0,
114,國立勤益科技大學,技專校院,07151038,智慧自動化工程系_智能自動化產業專班,學士班(日間),36.0,
114,國立勤益科技大學,技專校院,07151038,智慧自動化工程系_機電整合實務專班,學士班(進修),12.0,
114,國立勤益科技大學,技專校院,07191022,工業工程與管理科,二專(進修),43.0,
114,國立勤益科技大學,技專校院,07191022,工業工程與管理系,學士班(日間),698.0,
114,國立勤益科技大學,技專校院,07191022,工業工程與管理系,學士班(進修),505.0,
114,國立勤益科技大學,技專校院,07191022,工業工程與管理系_國際學生產學合作專班,學士班(日間),3.0,
114,國立勤益科技大學,技專校院,07191022,工業工程與管理系_智慧生產與精實管理專班,學士班(進修),24.0,
114,國立勤益科技大學,技專校院,07191022,工業工程與管理系碩士在職專班,碩士在職專班,49.0,
114,國立勤益科技大學,技專校院,07191022,工業工程與管理系碩士班,碩士班(日間),71.0,
114,國立勤益科技大學,技專校院,07194024,精密製造科技研究所,博士班,27.0,
114,國立勤益科技大學,技專校院,07199036,智慧製造與資訊應用國際碩士學位學程,碩士班(日間),26.0,
114,國立勤益科技大學,技專校院,07312029,景觀科,二專(進修),35.0,
114,國立勤益科技大學,技專校院,07312029,景觀系,學士班(日間),164.0,
114,國立勤益科技大學,技專校院,07312029,景觀系碩士班,碩士班(日間),16.0,
114,國立臺中教育大學,一般大學,01111001,教育學系,博士班,42.0,
114,國立臺中教育大學,一般大學,01111001,教育學系,學士班(日間),184.0,
114,國立臺中教育大學,一般大學,01111001,教育學系,碩士班(日間),34.0,
114,國立臺中教育大學,一般大學,01111001,教育學系教育行政與管理碩士在職專班,碩士在職專班,55.0,
114,國立臺中教育大學,一般大學,01111001,教育學系課程與教學碩士在職專班,碩士在職專班,61.0,
114,國立臺中教育大學,一般大學,01111001,教育學系課程與教學碩士班,碩士班(日間),33.0,
114,國立臺中教育大學,一般大學,01111005,教師專業碩士學位學程,碩士班(日間),148.0,
114,國立臺中教育大學,一般大學,01113022,特殊教育學系,學士班(日間),183.0,
114,國立臺中教育大學,一般大學,01113022,特殊教育學系,碩士在職專班,77.0,
114,國立臺中教育大學,一般大學,01113022,特殊教育學系,碩士班(日間),40.0,
114,國立臺中教育大學,一般大學,01114025,高等教育經營管理碩士學位學程,碩士班(日間),30.0,
114,國立臺中教育大學,一般大學,01117028,教育資訊與測驗統計研究所,博士班,34.0,
114,國立臺中教育大學,一般大學,01117028,教育資訊與測驗統計研究所,碩士在職專班,40.0,
114,國立臺中教育大學,一般大學,01117028,教育資訊與測驗統計研究所,碩士班(日間),36.0,
114,國立臺中教育大學,一般大學,01121021,幼兒教育學系,學士班(日間),195.0,
114,國立臺中教育大學,一般大學,01121021,幼兒教育學系,碩士在職專班,51.0,
114,國立臺中教育大學,一般大學,01121021,幼兒教育學系,碩士班(日間),36.0,
114,國立臺中教育大學,一般大學,01121021,幼兒教育學系早期療育碩士在職專班,碩士在職專班,55.0,
114,國立臺中教育大學,一般大學,01121021,幼兒教育學系早期療育碩士班,碩士班(日間),41.0,
114,國立臺中教育大學,一般大學,01131006,語文教育學系,博士班,32.0,
114,國立臺中教育大學,一般大學,01131006,語文教育學系,學士班(日間),191.0,
114,國立臺中教育大學,一般大學,01131006,語文教育學系,碩士在職專班,11.0,
114,國立臺中教育大學,一般大學,01131006,語文教育學系,碩士班(日間),32.0,
114,國立臺中教育大學,一般大學,01131006,語文教育學系國民小學教師在職進修教學碩士學位班,碩士在職專班,7.0,
114,國立臺中教育大學,一般大學,01131006,語文教育學系華語文教學碩士班,碩士班(日間),40.0,
114,國立臺中教育大學,一般大學,01131008,科學教育與應用學系,學士班(日間),167.0,
114,國立臺中教育大學,一般大學,01131008,科學教育與應用學系,碩士在職專班,42.0,
114,國立臺中教育大學,一般大學,01131008,科學教育與應用學系,碩士班(日間),20.0,
114,國立臺中教育大學,一般大學,01131008,科學教育與應用學系環境教育及管理碩士在職專班,碩士在職專班,33.0,
114,國立臺中教育大學,一般大學,01131008,科學教育與應用學系環境教育及管理碩士班,碩士班(日間),27.0,
114,國立臺中教育大學,一般大學,01131011,數學教育學系,學士班(日間),188.0,
114,國立臺中教育大學,一般大學,01131011,數學教育學系,碩士在職專班,37.0,
114,國立臺中教育大學,一般大學,01131011,數學教育學系,碩士班(日間),25.0,
114,國立臺中教育大學,一般大學,01131019,體育學系,學士班(日間),213.0,
114,國立臺中教育大學,一般大學,01131019,體育學系,碩士在職專班,55.0,
114,國立臺中教育大學,一般大學,01131019,體育學系,碩士班(日間),30.0,
114,國立臺中教育大學,一般大學,02122034,文化創意產業設計與營運學系,學士班(日間),206.0,
114,國立臺中教育大學,一般大學,02122034,文化創意產業設計與營運學系事業經營管理碩士班,碩士班(日間),36.0,
114,國立臺中教育大學,一般大學,02131029,美術學系,學士班(日間),176.0,
114,國立臺中教育大學,一般大學,02131029,美術學系,碩士在職專班,85.0,
114,國立臺中教育大學,一般大學,02131029,美術學系,碩士班(日間),47.0,
114,國立臺中教育大學,一般大學,02151030,音樂學系,學士班(日間),142.0,
114,國立臺中教育大學,一般大學,02151030,音樂學系,碩士班(日間),47.0,
114,國立臺中教育大學,一般大學,02311032,英語學系,學士班(日間),202.0,
114,國立臺中教育大學,一般大學,02311032,英語學系,碩士班(日間),28.0,
114,國立臺中教育大學,一般大學,02321031,臺灣語文學系,學士班(日間),189.0,
114,國立臺中教育大學,一般大學,02321031,臺灣語文學系,碩士班(日間),28.0,
114,國立臺中教育大學,一般大學,03131035,諮商與應用心理學系,學士班(日間),195.0,
114,國立臺中教育大學,一般大學,03131035,諮商與應用心理學系,碩士在職專班,59.0,
114,國立臺中教育大學,一般大學,03131035,諮商與應用心理學系,碩士班(日間),73.0,
114,國立臺中教育大學,一般大學,03191037,區域與社會發展學系,學士班(日間),193.0,
114,國立臺中教育大學,一般大學,03191037,區域與社會發展學系,碩士在職專班,30.0,
114,國立臺中教育大學,一般大學,03191037,區域與社會發展學系,碩士班(日間),25.0,
114,國立臺中教育大學,一般大學,03191037,區域與社會發展學系國民小學教師在職進修教學碩士學位班,碩士在職專班,28.0,
114,國立臺中教育大學,一般大學,04131039,國際企業學系,學士班(日間),257.0,
114,國立臺中教育大學,一般大學,04131040,管理學院國際經營管理碩士在職專班,碩士在職專班,42.0,
114,國立臺中教育大學,一般大學,04131040,管理學院國際經營管理碩士學位學程,碩士班(日間),23.0,
114,國立臺中教育大學,一般大學,06131042,資訊工程學系,學士班(日間),206.0,
114,國立臺中教育大學,一般大學,06131042,資訊工程學系,碩士班(日間),43.0,
114,國立臺中教育大學,一般大學,06133041,數位內容科技學系,學士班(日間),192.0,
114,國立臺中教育大學,一般大學,06133041,數位內容科技學系,碩士在職專班,28.0,
114,國立臺中教育大學,一般大學,06133041,數位內容科技學系,碩士班(日間),27.0,
114,國立臺中教育大學,一般大學,10151045,永續觀光暨遊憩管理碩士學位學程,碩士班(日間),31.0,
114,國立臺中教育大學,一般大學,99999046,全校不分系學士學位學程,學士班(日間),15.0,
114,國立臺中科技大學,技專校院,02112005,多媒體設計系,學士班(日間),219.0,
114,國立臺中科技大學,技專校院,02112005,多媒體設計系碩士班,碩士班(日間),33.0,
114,國立臺中科技大學,技專校院,02122006,商業設計科,二專(進修),50.0,
114,國立臺中科技大學,技專校院,02122006,商業設計系,學士班(日間),283.0,
114,國立臺中科技大學,技專校院,02122006,商業設計系,學士班(進修),280.0,
114,國立臺中科技大學,技專校院,02122006,商業設計系碩士在職專班,碩士在職專班,43.0,
114,國立臺中科技大學,技專校院,02122006,商業設計系碩士班,碩士班(日間),41.0,
114,國立臺中科技大學,技專校院,02123007,創意商品設計系,學士班(日間),78.0,
114,國立臺中科技大學,技專校院,02123007,創意商品設計菁英班,五專,235.0,
114,國立臺中科技大學,技專校院,02124008,室內設計系,學士班(日間),189.0,
114,國立臺中科技大學,技專校院,02124008,室內設計系,學士班(進修),85.0,
114,國立臺中科技大學,技專校院,02124008,室內設計系碩士班,碩士班(日間),27.0,
114,國立臺中科技大學,技專校院,02311003,應用英語科,二專(進修),39.0,
114,國立臺中科技大學,技專校院,02311003,應用英語科,五專,261.0,
114,國立臺中科技大學,技專校院,02311003,應用英語系,學士班(日間),264.0,
114,國立臺中科技大學,技專校院,02311003,應用英語系,學士班(進修),405.0,
114,國立臺中科技大學,技專校院,02311004,應用日語科,二專(進修),93.0,
114,國立臺中科技大學,技專校院,02311004,應用日語科,五專,255.0,
114,國立臺中科技大學,技專校院,02311004,應用日語系,學士班(日間),253.0,
114,國立臺中科技大學,技專校院,02311004,應用日語系,學士班(進修),84.0,
114,國立臺中科技大學,技專校院,02311004,應用日語系日本市場暨商務策略碩士班,碩士班(日間),24.0,
114,國立臺中科技大學,技專校院,02311047,語文學院_應用資訊日語技優領航專班,學士班(日間),68.0,
114,國立臺中科技大學,技專校院,02322001,應用中文系,學士班(日間),173.0,
114,國立臺中科技大學,技專校院,02322001,應用中文系_多元敘事專才技優領航專班,學士班(日間),65.0,
114,國立臺中科技大學,技專校院,04111012,會計資訊科,五專,384.0,
114,國立臺中科技大學,技專校院,04111012,會計資訊系,學士班(日間),421.0,
114,國立臺中科技大學,技專校院,04111012,會計資訊系,學士班(進修),173.0,
114,國立臺中科技大學,技專校院,04111012,會計資訊系碩士在職專班,碩士在職專班,20.0,
114,國立臺中科技大學,技專校院,04111012,會計資訊系碩士班,碩士班(日間),24.0,
114,國立臺中科技大學,技專校院,04121021,財務金融科,二專(進修),50.0,
114,國立臺中科技大學,技專校院,04121021,財務金融系,學士班(日間),351.0,
114,國立臺中科技大學,技專校院,04121021,財務金融系,學士班(進修),333.0,
114,國立臺中科技大學,技專校院,04121021,財務金融系碩士在職專班,碩士在職專班,46.0,
114,國立臺中科技大學,技專校院,04121021,財務金融系碩士班,碩士班(日間),23.0,
114,國立臺中科技大學,技專校院,04122028,財政稅務系,學士班(日間),342.0,
114,國立臺中科技大學,技專校院,04122028,財政稅務系租稅管理與理財規劃碩士班,碩士班(日間),23.0,
114,國立臺中科技大學,技專校院,04123027,保險金融管理科,五專,441.0,
114,國立臺中科技大學,技專校院,04123027,保險金融管理系,學士班(日間),426.0,
114,國立臺中科技大學,技專校院,04123027,保險金融管理系,學士班(進修),84.0,
114,國立臺中科技大學,技專校院,04123027,保險金融管理系碩士班,碩士班(日間),23.0,
114,國立臺中科技大學,技專校院,04131015,企業管理科,五專,438.0,
114,國立臺中科技大學,技專校院,04131015,企業管理系,學士班(日間),295.0,
114,國立臺中科技大學,技專校院,04131015,企業管理系,學士班(進修),227.0,
114,國立臺中科技大學,技專校院,04131015,企業管理系_智慧及創新營運技優領航專班,學士班(日間),103.0,
114,國立臺中科技大學,技專校院,04131015,企業管理系碩士在職專班,碩士在職專班,67.0,
114,國立臺中科技大學,技專校院,04131015,企業管理系碩士班,碩士班(日間),35.0,
114,國立臺中科技大學,技專校院,04131051,商學院_智慧營運與經營管理外國學生專班,碩士班(日間),5.0,
114,國立臺中科技大學,技專校院,04132029,流通管理系,學士班(日間),270.0,
114,國立臺中科技大學,技專校院,04132029,流通管理系碩士在職專班,碩士在職專班,21.0,
114,國立臺中科技大學,技專校院,04132029,流通管理系碩士班,碩士班(日間),20.0,
114,國立臺中科技大學,技專校院,04141020,國際貿易與經營科,五專,248.0,
114,國立臺中科技大學,技專校院,04141020,國際貿易與經營系,學士班(日間),482.0,
114,國立臺中科技大學,技專校院,04141020,國際貿易與經營系,學士班(進修),314.0,
114,國立臺中科技大學,技專校院,04191009,商業經營科,二專(進修),139.0,
114,國立臺中科技大學,技專校院,04191009,商業經營系,學士班(日間),63.0,
114,國立臺中科技大學,技專校院,04191009,商業經營系,學士班(進修),245.0,
114,國立臺中科技大學,技專校院,05421032,應用統計系,學士班(日間),185.0,
114,國立臺中科技大學,技專校院,06131033,資訊管理科,二專(進修),50.0,
114,國立臺中科技大學,技專校院,06131033,資訊管理科,五專,440.0,
114,國立臺中科技大學,技專校院,06131033,資訊管理系,學士班(日間),420.0,
114,國立臺中科技大學,技專校院,06131033,資訊管理系,學士班(進修),200.0,
114,國立臺中科技大學,技專校院,06131033,資訊管理系碩士在職專班,碩士在職專班,38.0,
114,國立臺中科技大學,技專校院,06131033,資訊管理系碩士班,碩士班(日間),40.0,
114,國立臺中科技大學,技專校院,06131050,資訊與流通學院智慧工程博士班,博士班,13.0,
114,國立臺中科技大學,技專校院,06132043,人工智慧應用工程學士學位學程,學士班(日間),171.0,
114,國立臺中科技大學,技專校院,07141036,資訊工程科,五專,471.0,
114,國立臺中科技大學,技專校院,07141036,資訊工程系,學士班(日間),528.0,
114,國立臺中科技大學,技專校院,07141036,資訊工程系,學士班(進修),162.0,
114,國立臺中科技大學,技專校院,07141036,資訊工程系碩士在職專班,碩士在職專班,34.0,
114,國立臺中科技大學,技專校院,07141036,資訊工程系碩士班,碩士班(日間),48.0,
114,國立臺中科技大學,技專校院,07191044,智慧生產工程系,學士班(日間),275.0,
114,國立臺中科技大學,技專校院,07191044,智慧生產工程系_智慧生產工程系技優領航專班,學士班(日間),16.0,
114,國立臺中科技大學,技專校院,07191044,智慧生產工程系_雙軌訓練旗艦計畫,學士班(日間),14.0,
114,國立臺中科技大學,技專校院,09131037,學士後護理系,學士班(日間),34.0,
114,國立臺中科技大學,技專校院,09131037,護理科,五專,523.0,
114,國立臺中科技大學,技專校院,09131037,護理系,學士班(日間),582.0,
114,國立臺中科技大學,技專校院,09131037,護理系碩士在職專班,碩士在職專班,58.0,
114,國立臺中科技大學,技專校院,09131037,護理系碩士班,碩士班(日間),26.0,
114,國立臺中科技大學,技專校院,09211038,老人服務事業管理系,學士班(日間),238.0,
114,國立臺中科技大學,技專校院,09211038,老人服務事業管理系,學士班(進修),264.0,
114,國立臺中科技大學,技專校院,10121040,美容科,二專(進修),12.0,
114,國立臺中科技大學,技專校院,10121040,美容系,學士班(日間),239.0,
114,國立臺中科技大學,技專校院,10121040,美容系,學士班(進修),232.0,
114,國立臺中科技大學,技專校院,10121040,美容系_美容技優領航專班,學士班(日間),84.0,
114,國立臺中科技大學,技專校院,10121040,美容系碩士班,碩士班(日間),25.0,
114,國立臺中科技大學,技專校院,10151039,休閒事業經營系,學士班(日間),153.0,
114,國立臺中科技大學,技專校院,10151039,休閒事業經營系,學士班(進修),399.0,
114,國立臺灣體育運動大學,一般大學,01141001,體育學系,學士班(日間),428.0,
114,國立臺灣體育運動大學,一般大學,01141001,體育學系,學士班(進修),298.0,
114,國立臺灣體育運動大學,一般大學,01141001,體育學系,碩士在職專班,35.0,
114,國立臺灣體育運動大學,一般大學,01141001,體育學系,碩士班(日間),69.0,
114,國立臺灣體育運動大學,一般大學,02112012,運動資訊與傳播學系,學士班(日間),196.0,
114,國立臺灣體育運動大學,一般大學,02112012,運動資訊與傳播學系,碩士班(日間),14.0,
114,國立臺灣體育運動大學,一般大學,02152002,舞蹈學系,學士班(日間),201.0,
114,國立臺灣體育運動大學,一般大學,02152002,舞蹈學系,碩士班(日間),31.0,
114,國立臺灣體育運動大學,一般大學,04199010,運動事業管理學系,學士班(日間),210.0,
114,國立臺灣體育運動大學,一般大學,04199010,運動事業管理學系,碩士在職專班,31.0,
114,國立臺灣體育運動大學,一般大學,04199010,運動事業管理學系,碩士班(日間),36.0,
114,國立臺灣體育運動大學,一般大學,04199010,運動事業管理學系東南亞博士班,博士班,6.0,
114,國立臺灣體育運動大學,一般大學,10141003,競技運動學系,博士班,15.0,
114,國立臺灣體育運動大學,一般大學,10141003,競技運動學系,學士班(日間),207.0,
114,國立臺灣體育運動大學,一般大學,10141003,競技運動學系,碩士在職專班,25.0,
114,國立臺灣體育運動大學,一般大學,10141003,競技運動學系,碩士班(日間),57.0,
114,國立臺灣體育運動大學,一般大學,10141004,球類運動學系,學士班(日間),458.0,
114,國立臺灣體育運動大學,一般大學,10141005,技擊運動學系,學士班(日間),212.0,
114,國立臺灣體育運動大學,一般大學,10142006,運動健康科學學系,學士班(日間),189.0,
114,國立臺灣體育運動大學,一般大學,10142006,運動健康科學學系,碩士在職專班,14.0,
114,國立臺灣體育運動大學,一般大學,10142006,運動健康科學學系,碩士班(日間),25.0,
114,國立臺灣體育運動大學,一般大學,10142006,運動健康科學學系碩士班在職學位學程,碩士在職專班,2.0,
114,國立臺灣體育運動大學,一般大學,10152007,休閒運動學系,學士班(日間),220.0,
114,國立臺灣體育運動大學,一般大學,10152007,休閒運動學系,碩士班(日間),38.0,
114,國立臺灣體育運動大學,一般大學,10152008,休閒運動管理碩士在職學位學程,碩士在職專班,31.0,
114,嶺東科技大學,技專校院,02112003,視覺傳達設計系,學士班(日間),597.0,
114,嶺東科技大學,技專校院,02112003,視覺傳達設計系,學士班(進修),89.0,
114,嶺東科技大學,技專校院,02112003,視覺傳達設計系碩士班,碩士班(日間),23.0,
114,嶺東科技大學,技專校院,02112005,數位媒體設計系,學士班(日間),727.0,
114,嶺東科技大學,技專校院,02112005,數位媒體設計系,學士班(進修),168.0,
114,嶺東科技大學,技專校院,02112005,數位媒體設計系碩士班,碩士班(日間),21.0,
114,嶺東科技大學,技專校院,02121043,動漫遊戲美術應用學士學位學程,學士班(日間),39.0,
114,嶺東科技大學,技專校院,02122002,流行設計系,學士班(日間),250.0,
114,嶺東科技大學,技專校院,02122002,流行設計系,學士班(進修),133.0,
114,嶺東科技大學,技專校院,02122002,流行設計系_國際學生產學合作專班,學士班(日間),32.0,
114,嶺東科技大學,技專校院,02122002,流行設計系原住民專班,學士班(日間),42.0,
114,嶺東科技大學,技專校院,02122002,流行設計系碩士班,碩士班(日間),30.0,
114,嶺東科技大學,技專校院,02123008,創意產品設計系,學士班(日間),291.0,
114,嶺東科技大學,技專校院,02123008,創意產品設計系,學士班(進修),105.0,
114,嶺東科技大學,技專校院,02123008,創意產品設計系碩士班,碩士班(日間),13.0,
114,嶺東科技大學,技專校院,02125039,服飾設計系,學士班(日間),221.0,
114,嶺東科技大學,技專校院,02311001,應用外語系,學士班(日間),381.0,
114,嶺東科技大學,技專校院,02311001,應用外語系,學士班(進修),108.0,
114,嶺東科技大學,技專校院,04111010,會計資訊系,學士班(日間),80.0,
114,嶺東科技大學,技專校院,04111010,會計資訊系碩士班,碩士班(日間),7.0,
114,嶺東科技大學,技專校院,04121017,財務金融系,學士班(日間),189.0,
114,嶺東科技大學,技專校院,04121017,財務金融系,學士班(進修),105.0,
114,嶺東科技大學,技專校院,04121017,財務金融系_現役軍人營區在職專班,碩士在職專班,6.0,
114,嶺東科技大學,技專校院,04121017,財務金融系原住民專班,學士班(日間),35.0,
114,嶺東科技大學,技專校院,04121017,財務金融系碩士在職專班,碩士在職專班,19.0,
114,嶺東科技大學,技專校院,04121017,財務金融系碩士班,碩士班(日間),26.0,
114,嶺東科技大學,技專校院,04131013,企業管理系,學士班(日間),290.0,
114,嶺東科技大學,技專校院,04131013,企業管理系,學士班(進修),113.0,
114,嶺東科技大學,技專校院,04131013,企業管理系_現役軍人營區在職專班,碩士在職專班,17.0,
114,嶺東科技大學,技專校院,04131013,企業管理系碩士在職專班,碩士在職專班,18.0,
114,嶺東科技大學,技專校院,04131013,企業管理系碩士班,碩士班(日間),23.0,
114,嶺東科技大學,技專校院,04131013,企業管理系高階經營管理碩士在職專班(EMBA),碩士在職專班,92.0,
114,嶺東科技大學,技專校院,04141015,國際企業系,學士班(日間),225.0,
114,嶺東科技大學,技專校院,04141015,國際企業系,學士班(進修),85.0,
114,嶺東科技大學,技專校院,04141015,國際企業系碩士在職專班,碩士在職專班,18.0,
114,嶺東科技大學,技專校院,04141015,國際企業系碩士班,碩士班(日間),13.0,
114,嶺東科技大學,技專校院,04143024,行銷與流通管理系,學士班(日間),397.0,
114,嶺東科技大學,技專校院,04143024,行銷與流通管理系,學士班(進修),156.0,
114,嶺東科技大學,技專校院,04143024,行銷與流通管理系碩士班,碩士班(日間),18.0,
114,嶺東科技大學,技專校院,04199040,時尚經營系,學士班(日間),338.0,
114,嶺東科技大學,技專校院,04199040,時尚經營系,學士班(進修),89.0,
114,嶺東科技大學,技專校院,06131030,資訊科技系,學士班(日間),421.0,
114,嶺東科技大學,技專校院,06131030,資訊科技系,學士班(進修),221.0,
114,嶺東科技大學,技專校院,06131030,資訊科技系碩士班,碩士班(日間),24.0,
114,嶺東科技大學,技專校院,06131031,資訊管理系,學士班(日間),301.0,
114,嶺東科技大學,技專校院,06131031,資訊管理系,學士班(進修),117.0,
114,嶺東科技大學,技專校院,06131031,資訊管理系碩士班,碩士班(日間),5.0,
114,嶺東科技大學,技專校院,07151042,智慧製造科技系,學士班(日間),152.0,
114,嶺東科技大學,技專校院,07151042,智慧製造科技系,學士班(進修),67.0,
114,嶺東科技大學,技專校院,09221041,幼兒保育系,學士班(日間),160.0,
114,嶺東科技大學,技專校院,09221041,幼兒保育系,學士班(進修),200.0,
114,嶺東科技大學,技專校院,10151036,觀光與休閒管理系,學士班(日間),412.0,
114,嶺東科技大學,技專校院,10151036,觀光與休閒管理系,學士班(進修),281.0,
114,嶺東科技大學,技專校院,10151036,觀光與休閒管理系_國際學生產學合作專班,學士班(日間),78.0,
114,嶺東科技大學,技專校院,10151036,觀光與休閒管理系碩士班,碩士班(日間),28.0,
114,弘光科技大學,技專校院,02122041,文化設計與行銷系,學士班(日間),237.0,
114,弘光科技大學,技專校院,02122041,文化設計與行銷系,學士班(進修),87.0,
114,弘光科技大學,技專校院,02311038,國際溝通英語系,學士班(日間),131.0,
114,弘光科技大學,技專校院,02311038,國際溝通英語系,學士班(進修),84.0,
114,弘光科技大學,技專校院,04133005,健康事業管理系,學士班(日間),268.0,
114,弘光科技大學,技專校院,04133005,健康事業管理系,學士班(進修),107.0,
114,弘光科技大學,技專校院,04133005,健康事業管理系碩士在職專班,碩士在職專班,19.0,
114,弘光科技大學,技專校院,04133005,健康事業管理系碩士班,碩士班(日間),33.0,
114,弘光科技大學,技專校院,05111007,動物保健學士學位學程,學士班(日間),13.0,
114,弘光科技大學,技專校院,05111007,動物保健系,學士班(日間),231.0,
114,弘光科技大學,技專校院,05111007,動物保健系,學士班(進修),207.0,
114,弘光科技大學,技專校院,05121008,生物科技系,學士班(日間),1.0,
114,弘光科技大學,技專校院,05191023,營養系,學士班(日間),291.0,
114,弘光科技大學,技專校院,05191023,營養系,學士班(進修),109.0,
114,弘光科技大學,技專校院,05191023,營養系碩士班,碩士班(日間),17.0,
114,弘光科技大學,技專校院,06131040,智慧科技應用系,學士班(日間),268.0,
114,弘光科技大學,技專校院,06131040,智慧科技應用系,學士班(進修),80.0,
114,弘光科技大學,技專校院,06131040,智慧科技應用系_國際專修部,學士班(日間),93.0,
114,弘光科技大學,技專校院,06133039,多媒體遊戲發展與應用系,學士班(日間),338.0,
114,弘光科技大學,技專校院,06133039,多媒體遊戲發展與應用系,學士班(進修),193.0,
114,弘光科技大學,技專校院,07121014,環境與安全衛生工程系,學士班(日間),462.0,
114,弘光科技大學,技專校院,07121014,環境與安全衛生工程系,學士班(進修),329.0,
114,弘光科技大學,技專校院,07121014,環境與安全衛生工程系_國際專修部,學士班(日間),36.0,
114,弘光科技大學,技專校院,07121014,環境與安全衛生工程系碩士在職專班,碩士在職專班,22.0,
114,弘光科技大學,技專校院,07121014,環境與安全衛生工程系碩士班,碩士班(日間),29.0,
114,弘光科技大學,技專校院,07193042,醫療器材發展與應用系,學士班(日間),158.0,
114,弘光科技大學,技專校院,07211017,食品科技系,學士班(日間),603.0,
114,弘光科技大學,技專校院,07211017,食品科技系,學士班(進修),271.0,
114,弘光科技大學,技專校院,07211017,食品科技系_國際專修部,學士班(日間),53.0,
114,弘光科技大學,技專校院,07211017,食品科技系_海外青年技術訓練班,二專(日間),45.0,
114,弘光科技大學,技專校院,07211017,食品科技系_食品製造產學攜手僑生專班,學士班(日間),45.0,
114,弘光科技大學,技專校院,07211017,食品科技系碩士在職專班,碩士在職專班,13.0,
114,弘光科技大學,技專校院,07211017,食品科技系碩士班,碩士班(日間),11.0,
114,弘光科技大學,技專校院,09131025,學士後護理系,學士班(日間),106.0,
114,弘光科技大學,技專校院,09131025,護理科,五專,270.0,
114,弘光科技大學,技專校院,09131025,護理系,學士班(日間),1348.0,
114,弘光科技大學,技專校院,09131025,護理系,學士班(進修),725.0,
114,弘光科技大學,技專校院,09131025,護理系博士班,博士班,18.0,
114,弘光科技大學,技專校院,09131025,護理系碩士在職專班,碩士在職專班,58.0,
114,弘光科技大學,技專校院,09131025,護理系碩士班,碩士班(日間),49.0,
114,弘光科技大學,技專校院,09151020,物理治療系,學士班(日間),409.0,
114,弘光科技大學,技專校院,09153021,語言治療與聽力學系,學士班(日間),196.0,
114,弘光科技大學,技專校院,09211037,老人福利與長期照顧事業系,學士班(日間),263.0,
114,弘光科技大學,技專校院,09211037,老人福利與長期照顧事業系,學士班(進修),130.0,
114,弘光科技大學,技專校院,09211037,老人福利與長期照顧事業系碩士班,碩士班(日間),28.0,
114,弘光科技大學,技專校院,09221028,幼兒保育系,學士班(日間),316.0,
114,弘光科技大學,技專校院,09221028,幼兒保育系,學士班(進修),226.0,
114,弘光科技大學,技專校院,09221028,幼兒保育系_學士後學位學程教保員專班,學士班(進修),41.0,
114,弘光科技大學,技專校院,10121031,化妝品應用科,二專(進修),37.0,
114,弘光科技大學,技專校院,10121031,化妝品應用系,學士班(日間),375.0,
114,弘光科技大學,技專校院,10121031,化妝品應用系,學士班(進修),153.0,
114,弘光科技大學,技專校院,10121031,化妝品應用系_香港二技專班,學士班(日間),1.0,
114,弘光科技大學,技專校院,10121031,化妝品應用系碩士在職專班,碩士在職專班,20.0,
114,弘光科技大學,技專校院,10121031,化妝品應用系碩士班,碩士班(日間),22.0,
114,弘光科技大學,技專校院,10121034,美髮造型設計科,二專(進修),62.0,
114,弘光科技大學,技專校院,10121034,美髮造型設計系,學士班(日間),358.0,
114,弘光科技大學,技專校院,10121034,美髮造型設計系,學士班(進修),51.0,
114,弘光科技大學,技專校院,10131029,餐旅管理系,學士班(日間),628.0,
114,弘光科技大學,技專校院,10131029,餐旅管理系,學士班(進修),329.0,
114,弘光科技大學,技專校院,10131029,餐旅管理系_國際專修部,學士班(日間),134.0,
114,弘光科技大學,技專校院,10152030,運動休閒系,學士班(日間),180.0,
114,弘光科技大學,技專校院,10152030,運動休閒系,學士班(進修),128.0,
114,弘光科技大學,技專校院,10152043,運動保健與防護系,學士班(日間),7.0,
114,朝陽科技大學,技專校院,02112003,視覺傳達設計系,學士班(日間),519.0,
114,朝陽科技大學,技專校院,02112003,視覺傳達設計系,學士班(進修),35.0,
114,朝陽科技大學,技專校院,02112003,視覺傳達設計系_香港二技專班,學士班(日間),1.0,
114,朝陽科技大學,技專校院,02112003,視覺傳達設計系碩士班,碩士班(日間),16.0,
114,朝陽科技大學,技專校院,02123004,工業設計系,學士班(日間),453.0,
114,朝陽科技大學,技專校院,02123004,工業設計系,學士班(進修),24.0,
114,朝陽科技大學,技專校院,02123004,工業設計系,碩士在職專班,1.0,
114,朝陽科技大學,技專校院,02123004,工業設計系碩士班,碩士班(日間),19.0,
114,朝陽科技大學,技專校院,02311001,應用英語系,學士班(日間),391.0,
114,朝陽科技大學,技專校院,02311001,應用英語系碩士班,碩士班(日間),12.0,
114,朝陽科技大學,技專校院,03211006,傳播藝術系,學士班(日間),485.0,
114,朝陽科技大學,技專校院,03211006,傳播藝術系,學士班(進修),78.0,
114,朝陽科技大學,技專校院,03211006,傳播藝術系_香港二技專班,學士班(日間),2.0,
114,朝陽科技大學,技專校院,04111007,會計系,學士班(日間),326.0,
114,朝陽科技大學,技專校院,04111007,會計系碩士班,碩士班(日間),11.0,
114,朝陽科技大學,技專校院,04121010,財務金融系,學士班(日間),663.0,
114,朝陽科技大學,技專校院,04121010,財務金融系碩士在職專班,碩士在職專班,12.0,
114,朝陽科技大學,技專校院,04121010,財務金融系碩士班,碩士班(日間),15.0,
114,朝陽科技大學,技專校院,04123011,保險金融管理系,學士班(日間),586.0,
114,朝陽科技大學,技專校院,04123011,保險金融管理系碩士在職專班,碩士在職專班,39.0,
114,朝陽科技大學,技專校院,04123011,保險金融管理系碩士班,碩士班(日間),16.0,
114,朝陽科技大學,技專校院,04131008,企業管理系,學士班(日間),748.0,
114,朝陽科技大學,技專校院,04131008,企業管理系,學士班(進修),126.0,
114,朝陽科技大學,技專校院,04131008,企業管理系台灣產業策略發展博士班,博士班,41.0,
114,朝陽科技大學,技專校院,04131008,企業管理系碩士在職專班,碩士在職專班,27.0,
114,朝陽科技大學,技專校院,04131008,企業管理系碩士班,碩士班(日間),69.0,
114,朝陽科技大學,技專校院,04131008,企業管理系高階產業經營碩士在職專班,碩士在職專班,24.0,
114,朝陽科技大學,技專校院,04132012,行銷與流通管理系,學士班(日間),647.0,
114,朝陽科技大學,技專校院,04132012,行銷與流通管理系,學士班(進修),38.0,
114,朝陽科技大學,技專校院,04132012,行銷與流通管理系_國際學生產學合作專班,學士班(日間),111.0,
114,朝陽科技大學,技專校院,04132012,行銷與流通管理系_國際專修部,學士班(日間),77.0,
114,朝陽科技大學,技專校院,04132012,行銷與流通管理系碩士班,碩士班(日間),31.0,
114,朝陽科技大學,技專校院,05311017,應用化學系,學士班(日間),168.0,
114,朝陽科技大學,技專校院,05311017,應用化學系_國際學生產學合作專班,學士班(日間),143.0,
114,朝陽科技大學,技專校院,05311017,應用化學系生化科技博士班,博士班,17.0,
114,朝陽科技大學,技專校院,05311017,應用化學系碩士在職專班,碩士在職專班,9.0,
114,朝陽科技大學,技專校院,05311017,應用化學系碩士班,碩士班(日間),20.0,
114,朝陽科技大學,技專校院,06111023,資訊與通訊系,學士班(日間),366.0,
114,朝陽科技大學,技專校院,06111023,資訊與通訊系_國際產業人才教育專班,碩士班(日間),7.0,
114,朝陽科技大學,技專校院,06111023,資訊與通訊系碩士班,碩士班(日間),52.0,
114,朝陽科技大學,技專校院,06131019,資訊管理系,學士班(日間),742.0,
114,朝陽科技大學,技專校院,06131019,資訊管理系,學士班(進修),33.0,
114,朝陽科技大學,技專校院,06131019,資訊管理系博士班,博士班,19.0,
114,朝陽科技大學,技專校院,06131019,資訊管理系碩士在職專班,碩士在職專班,8.0,
114,朝陽科技大學,技專校院,06131019,資訊管理系碩士班,碩士班(日間),57.0,
114,朝陽科技大學,技專校院,07121027,環境工程與管理系,學士班(日間),323.0,
114,朝陽科技大學,技專校院,07121027,環境工程與管理系,碩士在職專班,1.0,
114,朝陽科技大學,技專校院,07121027,環境工程與管理系_國際產業人才教育專班,碩士班(日間),2.0,
114,朝陽科技大學,技專校院,07121027,環境工程與管理系碩士班,碩士班(日間),30.0,
114,朝陽科技大學,技專校院,07141020,資訊工程系,學士班(日間),465.0,
114,朝陽科技大學,技專校院,07141020,資訊工程系_國際產業人才教育專班,碩士班(日間),6.0,
114,朝陽科技大學,技專校院,07141020,資訊工程系碩士班,碩士班(日間),42.0,
114,朝陽科技大學,技專校院,07162039,航空機械系,學士班(日間),413.0,
114,朝陽科技大學,技專校院,07162044,航空科技研究所,碩士班(日間),10.0,
114,朝陽科技大學,技專校院,07191026,工業工程與管理系,學士班(日間),431.0,
114,朝陽科技大學,技專校院,07191026,工業工程與管理系,學士班(進修),68.0,
114,朝陽科技大學,技專校院,07191026,工業工程與管理系,碩士在職專班,2.0,
114,朝陽科技大學,技專校院,07191026,工業工程與管理系_國際學生產學合作專班,學士班(日間),71.0,
114,朝陽科技大學,技專校院,07191026,工業工程與管理系_國際專修部,學士班(日間),42.0,
114,朝陽科技大學,技專校院,07191026,工業工程與管理系碩士班,碩士班(日間),34.0,
114,朝陽科技大學,技專校院,07311028,建築系,學士班(日間),476.0,
114,朝陽科技大學,技專校院,07311028,建築系建築及都市設計博士班,博士班,18.0,
114,朝陽科技大學,技專校院,07311028,建築系建築及都市設計碩士班,碩士班(日間),18.0,
114,朝陽科技大學,技專校院,07312031,景觀及都市設計系,學士班(日間),350.0,
114,朝陽科技大學,技專校院,07312031,景觀及都市設計系碩士班,碩士班(日間),23.0,
114,朝陽科技大學,技專校院,07321025,營建工程系,學士班(日間),439.0,
114,朝陽科技大學,技專校院,07321025,營建工程系_國際產業人才教育專班,學士班(日間),35.0,
114,朝陽科技大學,技專校院,07321025,營建工程系博士班,博士班,5.0,
114,朝陽科技大學,技專校院,07321025,營建工程系碩士班,碩士班(日間),32.0,
114,朝陽科技大學,技專校院,09211014,銀髮產業管理系,學士班(日間),237.0,
114,朝陽科技大學,技專校院,09211014,銀髮產業管理系碩士班,碩士班(日間),31.0,
114,朝陽科技大學,技專校院,09221035,幼兒保育系,學士班(日間),466.0,
114,朝陽科技大學,技專校院,09221035,幼兒保育系,學士班(進修),54.0,
114,朝陽科技大學,技專校院,09221035,幼兒保育系碩士在職專班,碩士在職專班,61.0,
114,朝陽科技大學,技專校院,09221035,幼兒保育系碩士班,碩士班(日間),38.0,
114,朝陽科技大學,技專校院,09231034,社會工作系,學士班(日間),284.0,
114,朝陽科技大學,技專校院,09231034,社會工作系,學士班(進修),1.0,
114,朝陽科技大學,技專校院,09231034,社會工作系碩士在職專班,碩士在職專班,21.0,
114,朝陽科技大學,技專校院,09231034,社會工作系碩士班,碩士班(日間),21.0,
114,朝陽科技大學,技專校院,10152036,休閒事業管理系,學士班(日間),341.0,
114,朝陽科技大學,技專校院,10152036,休閒事業管理系,學士班(進修),227.0,
114,朝陽科技大學,技專校院,10152036,休閒事業管理系_國際學生產學合作專班,學士班(日間),96.0,
114,朝陽科技大學,技專校院,10152036,休閒事業管理系碩士在職專班,碩士在職專班,19.0,
114,朝陽科技大學,技專校院,10152036,休閒事業管理系碩士班,碩士班(日間),23.0,
114,朝陽科技大學,技專校院,10413040,飛行與民航人員技術系,學士班(日間),377.0,
114,朝陽科技大學,技專校院,10413041,航空運務系,學士班(日間),166.0,
114,東海大學,一般大學,01111001,教育研究所,碩士在職專班,59.0,
114,東海大學,一般大學,01111001,教育研究所,碩士班(日間),29.0,
114,東海大學,一般大學,02123011,工業設計學系,學士班(日間),171.0,
114,東海大學,一般大學,02123011,工業設計學系,碩士在職專班,6.0,
114,東海大學,一般大學,02123011,工業設計學系,碩士班(日間),17.0,
114,東海大學,一般大學,02131002,美術學系,學士班(日間),192.0,
114,東海大學,一般大學,02131002,美術學系,學士班(進修),91.0,
114,東海大學,一般大學,02131002,美術學系,碩士在職專班,85.0,
114,東海大學,一般大學,02131002,美術學系,碩士班(日間),56.0,
114,東海大學,一般大學,02151003,音樂學系,學士班(日間),136.0,
114,東海大學,一般大學,02151003,音樂學系,碩士班(日間),66.0,
114,東海大學,一般大學,02152058,表演藝術與創作碩士學位學程,碩士班(日間),18.0,
114,東海大學,一般大學,02221009,歷史學系,學士班(日間),255.0,
114,東海大學,一般大學,02221009,歷史學系,碩士班(日間),20.0,
114,東海大學,一般大學,02231010,哲學系,博士班,23.0,
114,東海大學,一般大學,02231010,哲學系,學士班(日間),222.0,
114,東海大學,一般大學,02231010,哲學系,碩士在職專班,22.0,
114,東海大學,一般大學,02231010,哲學系,碩士班(日間),19.0,
114,東海大學,一般大學,02299070,博雅學士學位學程,學士班(日間),19.0,
114,東海大學,一般大學,02311005,外國語文學系,學士班(日間),414.0,
114,東海大學,一般大學,02311005,外國語文學系,碩士班(日間),37.0,
114,東海大學,一般大學,02311007,日本語言文化學系,學士班(日間),441.0,
114,東海大學,一般大學,02311007,日本語言文化學系,碩士班(日間),17.0,
114,東海大學,一般大學,02322004,中國文學系,博士班,18.0,
114,東海大學,一般大學,02322004,中國文學系,學士班(日間),404.0,
114,東海大學,一般大學,02322004,中國文學系,碩士班(日間),40.0,
114,東海大學,一般大學,02323062,華語文教學國際碩士學位學程,碩士班(日間),27.0,
114,東海大學,一般大學,03111012,經濟學系,學士班(日間),505.0,
114,東海大學,一般大學,03111012,經濟學系,碩士班(日間),13.0,
114,東海大學,一般大學,03121013,政治學系,博士班,24.0,
114,東海大學,一般大學,03121013,政治學系,學士班(日間),350.0,
114,東海大學,一般大學,03121013,政治學系,碩士班(日間),30.0,
114,東海大學,一般大學,03141014,社會學系,博士班,32.0,
114,東海大學,一般大學,03141014,社會學系,學士班(日間),349.0,
114,東海大學,一般大學,03141014,社會學系,碩士班(日間),31.0,
114,東海大學,一般大學,04111018,會計學系,學士班(日間),457.0,
114,東海大學,一般大學,04111018,會計學系,碩士班(日間),23.0,
114,東海大學,一般大學,04121024,財務金融學系,學士班(日間),508.0,
114,東海大學,一般大學,04121024,財務金融學系,碩士班(日間),40.0,
114,東海大學,一般大學,04131019,企業管理學系,學士班(日間),738.0,
114,東海大學,一般大學,04131019,企業管理學系,碩士班(日間),68.0,
114,東海大學,一般大學,04131021,國際學院國際經營管理學位學程,學士班(日間),251.0,
114,東海大學,一般大學,04131025,高階經營管理碩士在職專班,碩士在職專班,415.0,
114,東海大學,一般大學,04131059,國際企業管理碩士學位學程,碩士班(日間),75.0,
114,東海大學,一般大學,04134016,行政管理暨政策學系,學士班(日間),360.0,
114,東海大學,一般大學,04134016,行政管理暨政策學系,碩士班(日間),18.0,
114,東海大學,一般大學,04134016,行政管理暨政策學系第三部門碩士在職專班,碩士在職專班,3.0,
114,東海大學,一般大學,04134017,公共事務碩士專班,碩士在職專班,51.0,
114,東海大學,一般大學,04141023,國際經營與貿易學系,學士班(日間),554.0,
114,東海大學,一般大學,04141023,國際經營與貿易學系,碩士班(日間),21.0,
114,東海大學,一般大學,04211027,法律學系,博士班,16.0,
114,東海大學,一般大學,04211027,法律學系,學士班(日間),509.0,
114,東海大學,一般大學,04211027,法律學系,學士班(進修),64.0,
114,東海大學,一般大學,04211027,法律學系,碩士在職專班,45.0,
114,東海大學,一般大學,04211027,法律學系,碩士班(日間),124.0,
114,東海大學,一般大學,05111028,生命科學系,博士班,18.0,
114,東海大學,一般大學,05111028,生命科學系,學士班(日間),342.0,
114,東海大學,一般大學,05111028,生命科學系,碩士班(日間),19.0,
114,東海大學,一般大學,05111061,生物多樣性國際研究生博士學位學程,博士班,9.0,
114,東海大學,一般大學,05123060,生醫暨材料科學國際博士學位學程,博士班,5.0,
114,東海大學,一般大學,05211065,永續科學與管理學士學位學程,學士班(日間),88.0,
114,東海大學,一般大學,05311030,化學系,博士班,6.0,
114,東海大學,一般大學,05311030,化學系,學士班(日間),417.0,
114,東海大學,一般大學,05311030,化學系,碩士班(日間),18.0,
114,東海大學,一般大學,05331032,應用物理學系,博士班,3.0,
114,東海大學,一般大學,05331032,應用物理學系,學士班(日間),215.0,
114,東海大學,一般大學,05331032,應用物理學系,碩士班(日間),13.0,
114,東海大學,一般大學,05411066,智慧計算暨應用數學系,學士班(日間),168.0,
114,東海大學,一般大學,05411066,智慧計算暨應用數學系,碩士班(日間),7.0,
114,東海大學,一般大學,05421035,統計學系,博士班,3.0,
114,東海大學,一般大學,05421035,統計學系,學士班(日間),375.0,
114,東海大學,一般大學,05421035,統計學系,碩士班(日間),20.0,
114,東海大學,一般大學,06131039,資訊工程學系,學士班(日間),639.0,
114,東海大學,一般大學,06131039,資訊工程學系,學士班(進修),3.0,
114,東海大學,一般大學,06131039,資訊工程學系,碩士在職專班,10.0,
114,東海大學,一般大學,06131039,資訊工程學系,碩士班(日間),58.0,
114,東海大學,一般大學,06133047,數位創新碩士學位學程,碩士班(日間),40.0,
114,東海大學,一般大學,06133047,數位創新碩士學位學程114秋季班數位創新與資訊科技產學碩士專班,碩士班(日間),2.0,
114,東海大學,一般大學,06133047,數位創新碩士學位學程數位創新與資訊科技產學碩士專班,碩士班(日間),4.0,
114,東海大學,一般大學,06134036,資訊管理學系,學士班(日間),276.0,
114,東海大學,一般大學,06134036,資訊管理學系,碩士班(日間),40.0,
114,東海大學,一般大學,07111042,化學工程與材料工程學系,博士班,6.0,
114,東海大學,一般大學,07111042,化學工程與材料工程學系,學士班(日間),408.0,
114,東海大學,一般大學,07111042,化學工程與材料工程學系,碩士班(日間),63.0,
114,東海大學,一般大學,07111042,化學工程與材料工程學系114秋季班國際半導體碩士專班,碩士班(日間),3.0,
114,東海大學,一般大學,07121045,環境科學與工程學系,博士班,6.0,
114,東海大學,一般大學,07121045,環境科學與工程學系,學士班(日間),315.0,
114,東海大學,一般大學,07121045,環境科學與工程學系,碩士班(日間),28.0,
114,東海大學,一般大學,07141037,電機工程學系,學士班(日間),404.0,
114,東海大學,一般大學,07141037,電機工程學系,碩士班(日間),35.0,
114,東海大學,一般大學,07141069,工學院工程管理碩士在職專班,碩士在職專班,4.0,
114,東海大學,一般大學,07191044,工業工程與經營資訊學系,博士班,32.0,
114,東海大學,一般大學,07191044,工業工程與經營資訊學系,學士班(日間),396.0,
114,東海大學,一般大學,07191044,工業工程與經營資訊學系,碩士班(日間),46.0,
114,東海大學,一般大學,07191044,工業工程與經營資訊學系高階醫務工程與管理碩士在職專班,碩士在職專班,33.0,
114,東海大學,一般大學,07211052,食品科學系,學士班(日間),365.0,
114,東海大學,一般大學,07211052,食品科學系,碩士班(日間),36.0,
114,東海大學,一般大學,07311048,建築學系,學士班(日間),202.0,
114,東海大學,一般大學,07311048,建築學系,碩士班(日間),51.0,
114,東海大學,一般大學,07312049,景觀學系,學士班(日間),206.0,
114,東海大學,一般大學,07312049,景觀學系,碩士在職專班,34.0,
114,東海大學,一般大學,07312049,景觀學系,碩士班(日間),22.0,
114,東海大學,一般大學,08111068,智慧暨精緻農業學位學程,學士班(進修),39.0,
114,東海大學,一般大學,08112051,畜產與生物科技學系,博士班,10.0,
114,東海大學,一般大學,08112051,畜產與生物科技學系,學士班(日間),384.0,
114,東海大學,一般大學,08112051,畜產與生物科技學系,碩士班(日間),14.0,
114,東海大學,一般大學,09211063,高齡健康與運動科學學士學位學程,學士班(日間),169.0,
114,東海大學,一般大學,09211063,高齡健康與運動科學研究所,碩士班(日間),13.0,
114,東海大學,一般大學,09231053,社會工作學系,博士班,21.0,
114,東海大學,一般大學,09231053,社會工作學系,學士班(日間),498.0,
114,東海大學,一般大學,09231053,社會工作學系,碩士班(日間),71.0,
114,東海大學,一般大學,10131054,餐旅管理學系,學士班(日間),264.0,
114,東海大學,一般大學,10131054,餐旅管理學系,碩士在職專班,25.0,
114,東海大學,一般大學,10131054,餐旅管理學系,碩士班(日間),8.0,
114,東海大學,一般大學,10152055,運動休閒與健康管理學位學程,學士班(進修),4.0,
114,東海大學,一般大學,99999064,國際學院不分系英語學士班,學士班(日間),47.0,
114,逢甲大學,一般大學,02124007,室內設計學士學位學程,學士班(日間),143.0,
114,逢甲大學,一般大學,02124007,室內設計進修學士班,學士班(進修),125.0,
114,逢甲大學,一般大學,02191122,澳洲新南威爾斯大學設計雙學士學位學程,學士班(日間),18.0,
114,逢甲大學,一般大學,02221003,歷史與文物研究所,碩士班(日間),7.0,
114,逢甲大學,一般大學,02299113,文化與社會創新碩士學位學程,碩士班(日間),31.0,
114,逢甲大學,一般大學,02311002,外國語文學系,學士班(日間),371.0,
114,逢甲大學,一般大學,02311002,外國語文學系英語文研究碩士班,碩士班(日間),21.0,
114,逢甲大學,一般大學,02322001,中國文學系,博士班,32.0,
114,逢甲大學,一般大學,02322001,中國文學系,學士班(日間),207.0,
114,逢甲大學,一般大學,02322001,中國文學系,碩士班(日間),18.0,
114,逢甲大學,一般大學,03111009,經濟學系,學士班(日間),421.0,
114,逢甲大學,一般大學,03111009,經濟學系,碩士班(日間),22.0,
114,逢甲大學,一般大學,03111012,合作經濟暨社會事業經營學系,學士班(日間),251.0,
114,逢甲大學,一般大學,03111012,合作經濟暨社會事業經營學系,碩士班(日間),23.0,
114,逢甲大學,一般大學,04111017,會計學系,學士班(日間),714.0,
114,逢甲大學,一般大學,04111017,會計學系,碩士班(日間),42.0,
114,逢甲大學,一般大學,04121025,財務金融學系,學士班(日間),747.0,
114,逢甲大學,一般大學,04121025,財務金融學系,碩士班(日間),47.0,
114,逢甲大學,一般大學,04121026,金融博士學位學程,博士班,37.0,
114,逢甲大學,一般大學,04121026,金融碩士在職學位學程,碩士在職專班,67.0,
114,逢甲大學,一般大學,04121028,財務工程與精算學士學位學程,學士班(日間),214.0,
114,逢甲大學,一般大學,04121120,金融學院學士班,學士班(日間),29.0,
114,逢甲大學,一般大學,04122032,財稅學系,學士班(日間),474.0,
114,逢甲大學,一般大學,04122032,財稅學系,碩士班(日間),20.0,
114,逢甲大學,一般大學,04123029,風險管理與保險學系,學士班(日間),414.0,
114,逢甲大學,一般大學,04123029,風險管理與保險學系,碩士班(日間),36.0,
114,逢甲大學,一般大學,04131019,企業管理學系,學士班(日間),530.0,
114,逢甲大學,一般大學,04131019,企業管理學系,碩士班(日間),38.0,
114,逢甲大學,一般大學,04131020,經營管理碩士在職學位學程,碩士在職專班,337.0,
114,逢甲大學,一般大學,04131021,國際企業管理全英語學士學位學程,學士班(日間),254.0,
114,逢甲大學,一般大學,04134086,土地管理學系,學士班(日間),463.0,
114,逢甲大學,一般大學,04134086,土地管理學系,碩士班(日間),37.0,
114,逢甲大學,一般大學,04134097,公共事務與社會創新研究所,碩士在職專班,3.0,
114,逢甲大學,一般大學,04134097,公共事務與社會創新研究所,碩士班(日間),4.0,
114,逢甲大學,一般大學,04141024,國際經營與貿易學系,學士班(日間),742.0,
114,逢甲大學,一般大學,04141024,國際經營與貿易學系,碩士班(日間),52.0,
114,逢甲大學,一般大學,04141024,國際經營與貿易學系國際企業管理全英語學士班,學士班(日間),1.0,
114,逢甲大學,一般大學,04143033,行銷學系,學士班(日間),524.0,
114,逢甲大學,一般大學,04143033,行銷學系全球行銷碩士班,碩士班(日間),42.0,
114,逢甲大學,一般大學,04191014,商學博士學位學程,博士班,92.0,
114,逢甲大學,一般大學,04191014,商學進修學士學位學程,學士班(進修),394.0,
114,逢甲大學,一般大學,04191014,澳洲昆士蘭大學商學雙學士學位學程,學士班(日間),75.0,
114,逢甲大學,一般大學,04191016,商學專業碩士在職學位學程,碩士在職專班,64.0,
114,逢甲大學,一般大學,04199035,澳洲墨爾本皇家理工大學商學與創新雙學士學位學程,學士班(日間),76.0,
114,逢甲大學,一般大學,04199037,專案管理碩士在職學位學程,碩士在職專班,82.0,
114,逢甲大學,一般大學,04199092,美國加州聖荷西州立大學商學大數據分析雙學士學位學程,學士班(日間),84.0,
114,逢甲大學,一般大學,04199096,建設碩士在職學位學程,碩士在職專班,155.0,
114,逢甲大學,一般大學,04212038,財經法律研究所,碩士在職專班,59.0,
114,逢甲大學,一般大學,04212038,財經法律研究所,碩士班(日間),60.0,
114,逢甲大學,一般大學,05299119,學士後工程與科學學院淨零智慧永續學士班,學士班(日間),4.0,
114,逢甲大學,一般大學,05411039,應用數學系,學士班(日間),362.0,
114,逢甲大學,一般大學,05411114,數據科學碩士學位學程,碩士班(日間),24.0,
114,逢甲大學,一般大學,05421040,統計學系,學士班(日間),417.0,
114,逢甲大學,一般大學,05421040,統計學系統計與精算碩士班,碩士班(日間),46.0,
114,逢甲大學,一般大學,06131048,澳洲蒙納許大學資訊工程雙學士學位學程,學士班(日間),55.0,
114,逢甲大學,一般大學,06131048,美國加州舊金山州立大學資訊工程雙學士學位學程,學士班(日間),46.0,
114,逢甲大學,一般大學,06131048,資訊工程學系,博士班,27.0,
114,逢甲大學,一般大學,06131048,資訊工程學系,學士班(日間),979.0,
114,逢甲大學,一般大學,06131048,資訊工程學系,碩士班(日間),127.0,
114,逢甲大學,一般大學,06131048,資訊工程學系學士後專班,學士班(日間),19.0,
114,逢甲大學,一般大學,06131121,資通安全碩士學位學程,碩士班(日間),18.0,
114,逢甲大學,一般大學,06134115,人工智慧技術與應用學士學位學程,學士班(日間),220.0,
114,逢甲大學,一般大學,07111068,化學工程學系,博士班,10.0,
114,逢甲大學,一般大學,07111068,化學工程學系,學士班(日間),510.0,
114,逢甲大學,一般大學,07111068,化學工程學系,碩士班(日間),85.0,
114,逢甲大學,一般大學,07112069,材料科學與工程學系,博士班,11.0,
114,逢甲大學,一般大學,07112069,材料科學與工程學系,學士班(日間),537.0,
114,逢甲大學,一般大學,07112069,材料科學與工程學系,碩士班(日間),84.0,
114,逢甲大學,一般大學,07121075,環境工程與科學學系,博士班,10.0,
114,逢甲大學,一般大學,07121075,環境工程與科學學系,學士班(日間),404.0,
114,逢甲大學,一般大學,07121075,環境工程與科學學系,碩士班(日間),51.0,
114,逢甲大學,一般大學,07122077,水利工程與資源保育學系,學士班(日間),331.0,
114,逢甲大學,一般大學,07122077,水利工程與資源保育學系,碩士班(日間),17.0,
114,逢甲大學,一般大學,07132079,綠色能源科技碩士學位學程,碩士班(日間),31.0,
114,逢甲大學,一般大學,07141044,澳洲昆士蘭大學電機工程雙學士學位學程,學士班(日間),19.0,
114,逢甲大學,一般大學,07141044,電機工程學系,學士班(日間),602.0,
114,逢甲大學,一般大學,07141044,電機工程學系,碩士班(日間),77.0,
114,逢甲大學,一般大學,07141045,電機與通訊工程博士學位學程,博士班,24.0,
114,逢甲大學,一般大學,07141046,電子工程學系,學士班(日間),698.0,
114,逢甲大學,一般大學,07141046,電子工程學系,碩士班(日間),98.0,
114,逢甲大學,一般大學,07141050,通訊工程學系,學士班(日間),515.0,
114,逢甲大學,一般大學,07141050,通訊工程學系,碩士班(日間),60.0,
114,逢甲大學,一般大學,07141052,自動控制工程學系,學士班(日間),534.0,
114,逢甲大學,一般大學,07141052,自動控制工程學系,碩士班(日間),61.0,
114,逢甲大學,一般大學,07141053,資訊電機工程碩士在職學位學程,碩士在職專班,134.0,
114,逢甲大學,一般大學,07141056,資訊電機學院學士班,學士班(日間),114.0,
114,逢甲大學,一般大學,07141095,美國普渡大學電機資訊雙學士學位學程,學士班(日間),35.0,
114,逢甲大學,一般大學,07141101,光電科學與工程學系,學士班(日間),485.0,
114,逢甲大學,一般大學,07141101,光電科學與工程學系,碩士班(日間),57.0,
114,逢甲大學,一般大學,07141107,美國加州聖荷西州立大學電機工程雙學士學位學程,學士班(日間),79.0,
114,逢甲大學,一般大學,07141112,資通訊與電控產業碩士專班,碩士班(日間),8.0,
114,逢甲大學,一般大學,07151060,機械與航空工程博士學位學程,博士班,31.0,
114,逢甲大學,一般大學,07151061,機械與電腦輔助工程學系,學士班(日間),524.0,
114,逢甲大學,一般大學,07151061,機械與電腦輔助工程學系機械工程碩士班,碩士班(日間),66.0,
114,逢甲大學,一般大學,07151062,精密系統設計學士學位學程,學士班(日間),192.0,
114,逢甲大學,一般大學,07162059,航太與系統工程學系,學士班(日間),470.0,
114,逢甲大學,一般大學,07162059,航太與系統工程學系,碩士班(日間),43.0,
114,逢甲大學,一般大學,07162118,太空系統工程碩士學位學程,碩士班(日間),20.0,
114,逢甲大學,一般大學,07191072,工業工程與系統管理學系,博士班,17.0,
114,逢甲大學,一般大學,07191072,工業工程與系統管理學系,學士班(日間),436.0,
114,逢甲大學,一般大學,07191072,工業工程與系統管理學系,碩士班(日間),54.0,
114,逢甲大學,一般大學,07192074,纖維與複合材料學系,博士班,14.0,
114,逢甲大學,一般大學,07192074,纖維與複合材料學系,學士班(日間),176.0,
114,逢甲大學,一般大學,07192074,纖維與複合材料學系,碩士班(日間),28.0,
114,逢甲大學,一般大學,07193078,生醫資訊暨生醫工程碩士學位學程,碩士班(日間),4.0,
114,逢甲大學,一般大學,07199080,電聲碩士學位學程,碩士班(日間),37.0,
114,逢甲大學,一般大學,07199098,智能製造與工程管理碩士在職學位學程,碩士在職專班,150.0,
114,逢甲大學,一般大學,07311081,建築學士學位學程,學士班(日間),443.0,
114,逢甲大學,一般大學,07311081,建築碩士學位學程,碩士班(日間),68.0,
114,逢甲大學,一般大學,07311083,建築專業學院學士班,學士班(日間),92.0,
114,逢甲大學,一般大學,07313087,都市計畫與空間資訊學系,學士班(日間),383.0,
114,逢甲大學,一般大學,07313087,都市計畫與空間資訊學系,碩士在職專班,1.0,
114,逢甲大學,一般大學,07313087,都市計畫與空間資訊學系,碩士班(日間),49.0,
114,逢甲大學,一般大學,07321063,土木工程學系,學士班(日間),422.0,
114,逢甲大學,一般大學,07321063,土木工程學系,碩士班(日間),37.0,
114,逢甲大學,一般大學,07321063,土木工程學系營建工程與管理進修學士班,學士班(進修),230.0,
114,逢甲大學,一般大學,07399102,智慧城市碩士學位學程,碩士班(日間),11.0,
114,逢甲大學,一般大學,07399116,建設規劃與工程博士學位學程,博士班,56.0,
114,逢甲大學,一般大學,10411093,運輸與物流學系,學士班(日間),467.0,
114,逢甲大學,一般大學,10411093,運輸與物流學系,碩士班(日間),39.0,
114,逢甲大學,一般大學,99999094,全校國際生大一不分系學士班,學士班(日間),39.0,
114,逢甲大學,一般大學,99999108,國際雙學士學位學程,學士班(日間),50.0,
114,逢甲大學,一般大學,99999117,社會創新暨永續碩士在職學位學程,碩士在職專班,47.0,
114,靜宜大學,一般大學,01111001,教育研究所,碩士在職專班,95.0,
114,靜宜大學,一般大學,01111001,教育研究所,碩士班(日間),35.0,
114,靜宜大學,一般大學,01116007,寰宇外語教育學士學位學程,學士班(日間),122.0,
114,靜宜大學,一般大學,02299040,原住民族文化碩士學位學程,碩士班(日間),30.0,
114,靜宜大學,一般大學,02311004,英國語文學系,學士班(日間),250.0,
114,靜宜大學,一般大學,02311004,英國語文學系,碩士班(日間),32.0,
114,靜宜大學,一般大學,02311005,西班牙語文學系,學士班(日間),206.0,
114,靜宜大學,一般大學,02311005,西班牙語文學系,碩士班(日間),26.0,
114,靜宜大學,一般大學,02311006,日本語文學系,學士班(日間),541.0,
114,靜宜大學,一般大學,02311006,日本語文學系,碩士班(日間),10.0,
114,靜宜大學,一般大學,02321002,台灣文學系,學士班(日間),172.0,
114,靜宜大學,一般大學,02321002,台灣文學系,碩士班(日間),17.0,
114,靜宜大學,一般大學,02322003,中國文學系,學士班(日間),200.0,
114,靜宜大學,一般大學,02322003,中國文學系,碩士在職專班,1.0,
114,靜宜大學,一般大學,02322003,中國文學系,碩士班(日間),17.0,
114,靜宜大學,一般大學,03141038,犯罪防治學士學位學程原住民專班,學士班(日間),7.0,
114,靜宜大學,一般大學,03141038,犯罪防治碩士學位學程,碩士班(日間),47.0,
114,靜宜大學,一般大學,03141043,原住民族健康與社會福利博士學位學程,博士班,28.0,
114,靜宜大學,一般大學,03211008,大眾傳播學系,學士班(日間),336.0,
114,靜宜大學,一般大學,03213051,智慧媒體與創新科技應用學士學位學程,學士班(日間),23.0,
114,靜宜大學,一般大學,04111011,會計學系,學士班(日間),425.0,
114,靜宜大學,一般大學,04111011,會計學系,碩士班(日間),30.0,
114,靜宜大學,一般大學,04121019,財務金融學系,學士班(日間),570.0,
114,靜宜大學,一般大學,04121019,財務金融學系,碩士班(日間),17.0,
114,靜宜大學,一般大學,04131013,經營管理進修學士班,學士班(進修),17.0,
114,靜宜大學,一般大學,04131014,管理學院管理碩士在職專班柬埔寨境外專班,碩士在職專班,5.0,
114,靜宜大學,一般大學,04131014,管理碩士在職專班,碩士在職專班,154.0,
114,靜宜大學,一般大學,04131015,國際企業學系,學士班(日間),611.0,
114,靜宜大學,一般大學,04131015,國際企業學系,碩士班(日間),26.0,
114,靜宜大學,一般大學,04131018,創新與創業管理碩士學位學程,碩士班(日間),8.0,
114,靜宜大學,一般大學,04131048,行銷與數位經營管理學系,學士班(日間),493.0,
114,靜宜大學,一般大學,04131048,行銷與數位經營管理學系,碩士班(日間),27.0,
114,靜宜大學,一般大學,04191010,寰宇管理學士學位學程,學士班(日間),179.0,
114,靜宜大學,一般大學,04191010,寰宇管理碩士學位學程,碩士班(日間),71.0,
114,靜宜大學,一般大學,04211020,法律學士學位學程原住民專班,學士班(日間),9.0,
114,靜宜大學,一般大學,04211020,法律學系,學士班(日間),568.0,
114,靜宜大學,一般大學,04211020,法律學系,碩士在職專班,24.0,
114,靜宜大學,一般大學,04211020,法律學系,碩士班(日間),31.0,
114,靜宜大學,一般大學,05191031,食品營養學系,博士班,15.0,
114,靜宜大學,一般大學,05191031,食品營養學系,學士班(日間),358.0,
114,靜宜大學,一般大學,05191031,食品營養學系,碩士班(日間),20.0,
114,靜宜大學,一般大學,05211049,永續環境與智慧科技學士學位學程,學士班(日間),28.0,
114,靜宜大學,一般大學,05212021,生態人文學系,學士班(日間),155.0,
114,靜宜大學,一般大學,05311023,應用化學系,博士班,7.0,
114,靜宜大學,一般大學,05311023,應用化學系,學士班(日間),397.0,
114,靜宜大學,一般大學,05311023,應用化學系,碩士班(日間),18.0,
114,靜宜大學,一般大學,05499036,財務工程學系,學士班(日間),313.0,
114,靜宜大學,一般大學,05499036,財務工程學系,碩士班(日間),15.0,
114,靜宜大學,一般大學,05499037,資料科學暨大數據分析與應用學系,學士班(日間),325.0,
114,靜宜大學,一般大學,06131027,資訊管理學系,學士班(日間),430.0,
114,靜宜大學,一般大學,06131027,資訊管理學系,碩士班(日間),8.0,
114,靜宜大學,一般大學,06132047,人工智慧應用學系,學士班(日間),385.0,
114,靜宜大學,一般大學,06132047,人工智慧應用學系,碩士班(日間),18.0,
114,靜宜大學,一般大學,06134028,資訊學院資訊應用與科技管理碩士在職專班,碩士在職專班,6.0,
114,靜宜大學,一般大學,07141030,資訊工程學系,學士班(日間),567.0,
114,靜宜大學,一般大學,07141030,資訊工程學系,碩士班(日間),13.0,
114,靜宜大學,一般大學,07141042,國際資訊學士學位學程,學士班(日間),48.0,
114,靜宜大學,一般大學,07141050,晶片設計學士學位學程,學士班(日間),44.0,
114,靜宜大學,一般大學,09161035,化粧品科學系,博士班,13.0,
114,靜宜大學,一般大學,09161035,化粧品科學系,學士班(日間),404.0,
114,靜宜大學,一般大學,09161035,化粧品科學系,碩士在職專班,22.0,
114,靜宜大學,一般大學,09161035,化粧品科學系,碩士班(日間),27.0,
114,靜宜大學,一般大學,09231032,社會工作與兒童少年福利學系,學士班(日間),489.0,
114,靜宜大學,一般大學,09231032,社會工作與兒童少年福利學系,學士班(進修),83.0,
114,靜宜大學,一般大學,09231032,社會工作與兒童少年福利學系,碩士在職專班,50.0,
114,靜宜大學,一般大學,09231032,社會工作與兒童少年福利學系,碩士班(日間),40.0,
114,靜宜大學,一般大學,09231041,健康照顧社會工作學士學位學程原住民專班,學士班(日間),46.0,
114,靜宜大學,一般大學,09299039,社會企業與文化創意碩士學位學程,碩士班(日間),55.0,
114,靜宜大學,一般大學,10151034,觀光事業學系,學士班(日間),639.0,
114,靜宜大學,一般大學,10151034,觀光事業學系,碩士在職專班,42.0,
114,靜宜大學,一般大學,10151034,觀光事業學系,碩士班(日間),33.0,
