序號,統一編號,公司名稱,公司所在地,資本額,核准變更日期
93,04403862,鴻元生技股份有限公司,臺中市北屯區平安里13鄰崇德路二段128號6樓之2,160000000,1021205
109,04502835,山下有限公司,臺中市北區崇德里崇德路一段532號1樓,5420000,1021206
117,04636840,奕新營造股份有限公司,臺中市西區五權路2-3號5樓,152880000,1021223
124,04718357,狄成遊覽車股份有限公司,臺中市西區公益路367號13樓之4,50000000,1021212
177,05385905,建堡營造有限公司,臺中市北區賴村里梅亭街460號,93300000,1021230
183,05591736,中部通信有限公司,臺中市南區五權南路336號一樓,1000000,1021212
184,05592088,白馬製造股份有限公司,臺中市南屯區寶山里工業區25路16號,20000000,1021216
185,05592762,高銘玻璃企業有限公司,臺中市西屯區大河里永輝路75巷49號,17000000,1021203
189,05693810,申發企業股份有限公司,臺中市大雅區二和里學府路179巷32號,5000000,1021226
190,05693939,三鎰股份有限公司,臺中市神岡區庄前里神林路70巷30號,90775000,1021205
191,05695789,弘冠通運股份有限公司,臺中市梧棲區頂寮里四維中路337號9樓之3,12600000,1021202
192,05698174,味榮食品工業股份有限公司,臺中市豐原區三村里西勢路701號,30000000,1021208
193,05698998,福泰營造股份有限公司,臺中市西屯區西屯路二段256巷6號15樓之5,100000000,1021230
198,05792023,昆陽實業股份有限公司,臺中市清水區下湳里菁埔路290號,23100000,1021230
199,05793677,富騏實業股份有限公司,臺中市梧棲區草湳里梧南路3之1號1樓,16000000,1021227
200,05796772,誠岱機械廠股份有限公司,臺中市大甲區武陵里文曲路173號,210000000,1021226
201,05833191,嘉澤水電工程股份有限公司,臺中市太平區中興里太平28街1號1樓,20000000,1021209
203,05839879,忠宏鋼鐵股份有限公司,臺中市太平區太平里永豐路131巷15號,25000000,1021221
204,05871103,皓強企業有限公司,臺中市豐原區中山路510巷15號7樓,6000000,1021207
207,06076060,樺弘實業股份有限公司,臺中市中區光復路十九號壹樓,1000000,1021231
401,12603456,三信開發合板業股份有限公司,臺中市烏日區溪南路一段506巷160號1樓,15000000,1021221
402,12604074,菁宸科技股份有限公司,臺中市西屯區何源里河南東三街27號2樓,3500000,1021203
407,12607740,全三泰有限公司,臺中市太平區永豐路108巷12弄51號,10350000,1021220
412,12610386,磊技科技股份有限公司,臺中市北屯區北興里南京東路三段63號1樓,5000000,1021210
413,12613124,怡利機電工業有限公司,臺中市太平區太平里新仁路一段44巷8弄50號,6000000,1021221
417,12614643,鼎興盛實業有限公司,臺中市東區東光園路176巷9號1樓,1000000,1021211
418,12616240,聯銘成貿易有限公司,臺中市西區忠誠里大隆路20號4樓之3,5000000,1021230
420,12617162,功貿企業有限公司,臺中市烏日區學田里學田路377巷28號1樓,1000000,1021226
424,12622284,捷隆實業有限公司,臺中市太平區新坪里育德路42巷23號1樓,10000000,1021202
427,12624579,劦宏建材有限公司,臺中市沙鹿區中興路812號,5000000,1021206
441,12647026,台諭自動化科技有限公司,臺中市南屯區文山里寶山六街46-3號1樓　　,7500000,1021226
442,12648947,亞盾科技股份有限公司,臺中市西屯區臺灣大道四段925號12樓之1,2000000,1021202
511,12714474,壹得有限公司,臺中市潭子區頭家東里中山路一段288號,1000000,1021224
520,12721910,豐昱國際股份有限公司,臺中市西屯區何南里臺灣大道二段689號地下1樓之1至之3及9至12樓、東興路三段407號、東興路三段409號2樓之1至13樓之20,330000000,1021230
532,12727528,凱強實業股份有限公司,臺中市烏日區烏日里五光路982號1樓,25000000,1021230
539,12737080,川鑫實業股份有限公司,臺中市太平區德隆里工業二十路65號,19600000,1021209
540,12737363,圳達貿易有限公司,臺中市烏日區仁德里信義街247巷45號1樓,1000000,1021224
541,12739313,中理營造有限公司,臺中市東勢區泰昌里中泰街100巷8號1樓,3000000,1021203
543,12742555,軒暘國際股份有限公司,臺中市西屯區永安里西屯路三段150-36、150-37號1樓　　　　,28800000,1021209
545,12742871,金農興生物科技股份有限公司,臺中市南屯區田心里大墩六街410號1樓,10000000,1021226
550,12756473,金佳德事業股份有限公司,臺中市太平區太平路746號1樓,107723200,1021216
551,12758562,達科利企業有限公司,臺中市南屯區南屯里五權西路二段666號11樓之3,5000000,1021212
552,12758710,全氟密封工業股份有限公司,臺中市烏日區前竹里中山路一段和平巷126號1樓,60000000,1021211
555,12761503,錠鴻企業有限公司,臺中市豐原區豐原里東北街47號1樓,6000000,1021204
560,12767491,士元加油機廠股份有限公司,臺中市南屯區黎明路二段422號1樓,6500000,1021221
563,12772558,桃源戶外有限公司,臺中市南屯區大業里大墩路690號1樓,5000000,1021226
568,12779341,金佰萬廣告工程有限公司,臺中市太平區新坪里10鄰育德路105號1樓,1000000,1021225
569,12780121,翔琦電子有限公司,臺中市西區藍興里大全街122號2樓,5000000,1021219
574,12784891,臺灣納米科技股份有限公司,臺中市西屯區工業區38路292號,208000000,1021223
575,12785765,駿毅營造有限公司,臺中市外埔區中山里中山路441之6號一樓,3000000,1021225
580,12792837,匯恆豐貿易股份有限公司,臺中市南區南和路183之3號,5000000,1021203
582,12795784,七彩湖企業有限公司,臺中市清水區光華路125-1號,2000000,1021222
587,12801532,同佑菸酒股份有限公司,臺中市北區青島路一段26巷20之2號,13000000,1021225
590,12802722,康晟投資股份有限公司,臺中市龍井區新興路25巷1弄5號1樓,1220000,1021225
598,12804475,光軒食品股份有限公司,臺中市大肚區王田里沙田路一段320巷56弄30號,20000000,1021231
600,12808612,馥珅光電股份有限公司,臺中市西屯區協和里工業區四一路30號1樓,30000000,1021205
602,12809507,如亞利國際股份有限公司,臺中市烏日區螺潭里溪南路2段270巷78號,4000000,1021230
607,12816845,富聯營造有限公司,臺中市東區旱溪西路一段50號1樓,10000000,1021217
628,12830564,總圓建設股份有限公司,臺中市南屯區大墩路882號7樓,60000000,1021202
629,12831374,富臣能源股份有限公司,臺中市南區國光里仁和路230號1樓,5000000,1021220
630,12833062,青祐股份有限公司,臺中市北屯區平昌里文心路四段936號11樓之2,29900000,1021206
631,12834338,莨鎧企業有限公司,臺中市龍井區龍津里16鄰中央南路589巷2弄21號,500000,1021215
633,12834843,創盛國際資訊科技有限公司,臺中市西屯區台中港路3段97號12樓之1,5000000,1021230
647,12842267,二零八八資訊科技有限公司,臺中市南屯區永春東一路708號1樓,5000000,1021217
648,12842956,秉誠國際有限公司,臺中市西屯區工業區一路2巷3號3樓之9,6000000,1021220
671,12864199,翔贏通運有限公司,臺中市南屯區田心里南屯路二段408號11樓之11,50000000,1021219
688,12888755,統翔電訊有限公司,臺中市西屯區何南里大墩20街87號1樓,2000000,1021230
694,12898629,金大立食品有限公司,臺中市大雅區西寶里昌平路三段596巷70號1樓,1000000,1021203
695,12898992,艾登美國際股份有限公司,臺中市西區昇平里華美街183號,1000000,1021205
698,12900081,伯佑建設有限公司,臺中市太平區樹德路159號1樓,10000000,1021217
703,12903475,連安科技股份有限公司,臺中市龍井區藝術街195巷2號,1000000,1021225
705,12904208,新馳實業股份有限公司,臺中市西屯區臺灣大道二段715號5樓之3,13800000,1021216
706,12905678,紹凱動能科技股份有限公司,臺中市西屯區工業區十路11號2樓,14000000,1021212
710,12910102,喬淵企劃行銷有限公司,臺中市南屯區文心路一段260號17樓之1,500000,1021211
711,12911165,文笙國際財務管理顧問股份有限公司,臺中市西區中興里公益路161號10樓之4,6000000,1021212
720,12916909,麗合洋人力資源有限公司,臺中市西區吉龍里五權五街151號4樓之4,5000000,1021212
722,12918998,竑竑精密有限公司,臺中市大雅區西寶里昌平路四段56巷8號,5000000,1021203
723,12919624,貿義實業有限公司,臺中市大雅區文雅里中山北路151巷8號1樓,2000000,1021202
732,12928095,優群貿易股份有限公司,臺中市南屯區河南路四段688號12樓之12,40000000,1021230
733,12928320,曜陞精密工業有限公司,臺中市潭子區東寶里雅潭路2段152巷92號1樓,5000000,1021206
734,12929518,仲原模精密有限公司,臺中市豐原區南田里南田街164號,1000000,1021205
738,12930228,佑勤營造有限公司,臺中市西區安龍里林森路212-4號1樓,6000000,1021223
780,12983462,台灣茶師傅企業有限公司,臺中市中區自由路二段88-5號1樓,5000000,1021204
788,12986881,玖杏鴻生技有限公司,臺中市南屯區公益路二段602號2樓,1000000,1021217
794,12992568,威巽興業有限公司,臺中市沙鹿區斗抵里沙田路31之2號,5000000,1021224
804,13004839,艾而企業顧問有限公司,臺中市西區公益路161之4號,500000,1021210
809,13009969,金葵有限公司,臺中市沙鹿區六路里臺灣大道六段926巷38弄25號2樓,1000000,1021216
819,13025052,振鈞建設開發股份有限公司,臺中市南區福順里南平路39之3號1樓,10000000,1021214
826,13027811,戶銓有限公司,臺中市南屯區大光街168-2號,15000000,1021211
828,13030610,鼎鋒木器有限公司,臺中市大雅區學府路23巷18弄20號,1000000,1021218
831,13034242,玉新投資股份有限公司,臺中市西屯區臺灣大道二段910號13樓之1,200000000,1021214
838,13039653,船景企業有限公司,臺中市大里區東湖里長春路96號1樓,1000000,1021216
839,13040080,捷騰商務科技顧問有限公司,臺中市南區忠孝路147巷7號1樓,2000000,1021216
840,13042876,方麒有限公司,臺中市潭子區家興里榮興街21巷3號11樓,5000000,1021205
844,13043896,東虹營造有限公司,臺中市豐原區南陽里永康路65巷32號1樓,3000000,1021205
847,13046227,豐翊閥門工業有限公司,臺中市梧棲區永安里臨港路三段166巷60弄6號,1000000,1021209
851,13050734,綻瑪有限公司,臺中市西屯區寶慶街50巷1號3號2樓,3010000,1021225
852,13052070,清新國際股份有限公司,臺中市烏日區學田里2鄰溫泉路2號,525000000,1021209
859,13057482,東楊財經管理有限公司,臺中市南屯區東興路2段98號8樓,1000000,1021230
865,13063983,大台灣旅遊網股份有限公司,臺中市南區永和里南和一街16巷20號1樓,60000000,1021206
870,13067019,正安保全股份有限公司,臺中市北區健行路375之5號6樓,40000000,1021203
875,13072483,秉誠公寓大廈管理維護有限公司,臺中市霧峰區丁台路316號1樓,10000000,1021203
877,13075714,鉅麟工程股份有限公司,臺中市北區賴興里梅川西路四段227號5樓之1,4200000,1021205
879,13077071,啟樺營造有限公司,臺中市西屯區何南里大聖街491號2樓,3000000,1021218
882,13078796,旭邦工業有限公司,臺中市后里區后里里泉州路4之30巷12號,32000000,1021209
883,13079036,億錢朝富不動產經紀股份有限公司,臺中市西區忠明里中興街277號1樓,10000000,1021209
954,13145057,殷榮實業股份有限公司,臺中市北區漢口路四段367號6樓,20000000,1021223
964,13150425,環聚興業股份有限公司,臺中市大甲區日南里工二路50號,18000000,1021216
996,13186556,興田工程有限公司,臺中市霧峰區振興街98巷10號,6600000,1021218
1021,14043016,南京新星記營造廠有限公司,臺中市西區臺灣大道二段489號27F-2,35000000,1021204
1055,16001808,永慶實業股份有限公司,臺中市北區中清路一段629號2樓,50000000,1021216
1057,16003046,勇源交通有限公司,臺中市神岡區社南里中山路847巷32號1樓,25000000,1021203
1060,16005092,韋綸工程有限公司,臺中市大里區新仁里新仁路一段91巷10號,12000000,1021218
1062,16010715,品宣有限公司,臺中市北屯區崇德六路一段158號10樓,1000000,1021203
1073,16032416,源鴻開發建設有限公司,臺中市潭子區豐興路2段338巷20號,35000000,1021210
1074,16032611,雅可羅企業有限公司,臺中市西屯區逢福里惠來路三段312巷90號1樓,5000000,1021202
1076,16037571,虹祈貿易有限公司,臺中市北區大義街一三五號一樓,5000000,1021227
1081,16048557,金三元科技有限公司,臺中市大肚區沙田路一段320巷56弄29號,15000000,1021205
1082,16050309,日新山川股份有限公司,臺中市大肚區新興里沙田路二段308巷16號,5000000,1021210
1084,16053045,金億晟營造工程有限公司,臺中市西屯區西屯路二段惠北巷5弄1號1樓,22500000,1021205
1090,16057540,勝佑精密工業有限公司,臺中市北屯區北屯路298巷59號1樓,12000000,1021205
1094,16060849,弘宣實業有限公司,臺中市大雅區員林里民生路二段2號,1500000,1021217
1100,16068011,燿新企業股份有限公司,臺中市梧棲區中正里東建路82之1號1樓,5000000,1021210
1106,16076482,朝廷裝璜工程有限公司,臺中市南屯區中和里黎明路一段85巷67號1樓,1500000,1021217
1142,16118407,五福通運有限公司,臺中市西區樂群街94巷11號1樓,30000000,1021219
1197,16188254,複上精機股份有限公司,臺中市豐原區豐榮里信義街155號10樓之2,24000000,1021211
1208,16199822,世輔實業有限公司,臺中市西區向上路一段134號,10000000,1021227
1210,16202375,華格那企業有限公司,臺中市西區公益路130號7樓,1000000,1021205
1212,16205556,音象網路科技股份有限公司,臺中市西區民龍里英才路421號13樓,30000000,1021225
1213,16207745,長園科技實業股份有限公司,臺中市西屯區科雅東路9號,547410000,1021210
1214,16207977,龍進模具有限公司,臺中市太平區永豐路85巷5號,3000000,1021220
1217,16212634,鑫和華股份有限公司,臺中市西區忠明里忠誠街66巷17號1樓,2500000,1021210
1218,16213726,久祐實業股份有限公司,臺中市南屯區春社里永春南路202號1樓,39500000,1021210
1223,16217363,恒岡有限公司,臺中市太平區長億里永成北路128巷21弄3號1樓,3000000,1021216
1224,16217434,承興營造有限公司,臺中市大里區永隆路73號1樓,4500000,1021230
1231,16229327,三富豐實業股份有限公司,臺中市神岡區庄前里神林路70巷21號之1,5000000,1021204
1232,16229608,深波投資股份有限公司,臺中市沙鹿區日新街66號1樓,60000000,1021230
1243,16244805,榮井有限公司,臺中市北屯區大德里平德路18巷33弄10號1樓,10000000,1021205
1246,16247660,翔俊有限公司,臺中市西屯區永安里國安一路111號2樓之1,1000000,1021202
1252,16258265,連成砂石有限公司,臺中市梧棲區草湳里臨港路2段488號2樓,85000000,1021224
1254,16263112,通瑞企業有限公司,臺中市西區臺灣大道二段501號17樓之2,1000000,1021223
1256,16267807,麥思可有限公司,臺中市西屯區何源里河南路16號1樓,2000000,1021220
1258,16268101,朕江生物科技股份有限公司,臺中市西屯區協和里工業區15路8號,64500000,1021224
1261,16272007,久宏國際有限公司,臺中市西屯區工業區六路8號,6000000,1021204
1304,16335586,鍵吉科技股份有限公司,臺中市潭子區大富里民族路三段66號,93956000,1021218
1312,16348956,權信實業股份有限公司,臺中市南屯區文山里文山三街169號1樓,5000000,1021204
1329,16379916,世發數位科技印刷股份有限公司,臺中市西屯區大河里大河街二四號一樓,6000000,1021209
1334,16382460,安台國際傳媒有限公司,臺中市西屯區福安里安和路133號3樓之1,1000000,1021217
1335,16382525,金佳鋒生物科技股份有限公司,臺中市霧峰區南柳里新厝路261巷10弄22號,28000000,1021209
1355,16407336,瑋信通運有限公司,臺中市梧棲區頂寮里臨港路4段860巷17號1樓,30000000,1021230
1359,16409088,來運交通股份有限公司,臺中市北區中達里篤行路333巷28號1樓,25000000,1021230
1360,16409756,翔源輪胎有限公司,臺中市西區向上路一段490號,1000000,1021207
1374,16426122,景燿實業有限公司,臺中市西區昇平里向上路一段105號8樓之3,1500000,1021209
1388,16440757,盛傑營造有限公司,臺中市西屯區何源里華美西街2段311號7樓之2,200000000,1021204
1425,16502773,大得通運事業有限公司,臺中市梧棲區頂寮里臨港路四段860巷17號1樓,29800000,1021231
1430,16504766,觀得室內裝修設計股份有限公司,臺中市西屯區大墩十九街98號1樓,12000000,1021201
1440,16513012,宇駿營造有限公司,臺中市太平區光華里大興十五街47號1樓,3000000,1021211
1444,16519183,福德鴻實業有限公司,臺中市北區太原南二街54號1樓,20000000,1021210
1450,16524881,三元甲水電工程有限公司,臺中市南屯區三義里文心一路397號1樓,2000000,1021223
1453,16527682,華凌光電股份有限公司,臺中市北屯區忠平里敦化路428號10樓及11樓,318095440,1021203
1455,16528612,益玖營造有限公司,臺中市北區賴厝里太原路二段215巷1弄4-2號3樓,3000000,1021213
1457,16529794,三金科學股份有限公司,臺中市南屯區田心里大墩六街410號1樓,5000000,1021226
1462,16539218,營碩機械工業股份有限公司,臺中市外埔區鐵山里長生路788號,12000000,1021205
1471,16553415,久禾投資開發股份有限公司,臺中市西屯區工業區六路8號,16525600,1021211
1476,16557741,力翔營造有限公司,臺中市東區東橋里大興街91號1樓,20000000,1021225
1477,16558544,林昱企業有限公司,臺中市太平區太平里永豐路108巷22號,600000,1021225
1479,16564124,翔宇消防工程股份有限公司,臺中市西屯區福順路217巷5號1樓,10000000,1021210
1480,16566349,佳成環保股份有限公司,臺中市北屯區新平里大鵬路20之1號2樓,5000000,1021210
1484,16568233,日友通運有限公司,臺中市豐原區南陽里安康路20巷74號1樓,25000000,1021217
1489,16575109,久立投資開發股份有限公司,臺中市西屯區工業區六路8號,8000000,1021204
1492,16578345,全超投資股份有限公司,臺中市南區忠明南路787號38樓之2,45000000,1021212
1507,16590896,鴻億生技有限公司,臺中市北屯區松竹里崇德五路146巷38號1樓,5000000,1021210
1546,16645816,飛虎文化事業股份有限公司,臺中市豐原區豐西里中正路460號1樓,3000000,1021225
1550,16651963,聯鑫食品實業有限公司,臺中市北屯區平和里安順一街41號1樓,7000000,1021224
1551,16652055,震虎精密科技股份有限公司,臺中市西屯區協和里工業區35路5號,305000000,1021219
1553,16653287,中陽物流股份有限公司,臺中市西區大隆路20號14樓之1,33000000,1021203
1555,16655279,盈威利實業有限公司,臺中市西屯區福林里福林路31巷62號1樓,500000,1021218
1564,16664897,金化成有限公司,臺中市西區樂群街425號1樓,13300000,1021211
1565,16665517,百駟股份有限公司,臺中市西屯區西屯路二段256巷6號13樓之10,8500000,1021209
1567,16669632,川濟室內裝修設計工程有限公司,臺中市南屯區文心南七路433號1樓,20000000,1021210
1569,16674614,寶順新企業股份有限公司,臺中市西屯區協和里工業區32路7號,18000000,1021213
1570,16675557,鉅台有限公司,臺中市外埔區三崁里二崁路23號,12000000,1021219
1571,16677485,世奇印刷有限公司,臺中市豐原區三村里西勢路289巷6號,2000000,1021220
1573,16680860,王府軒食品股份有限公司,臺中市沙鹿區洛泉里光華路212號1樓　　,10000000,1021209
1583,16693696,詠晟工業有限公司,臺中市神岡區大社里大漢街1巷61號7樓,1000000,1021224
1585,16696011,茂欣投資股份有限公司,臺中市北屯區文心路3段447號15樓之3,40000000,1021225
1587,16697617,九上實業股份有限公司,臺中市南屯區河南路四段458之2號1樓,100000000,1021218
1591,16703580,明昱內衣企業有限公司,臺中市北屯區仁和里山西北一街８７巷８號２樓,6000000,1021203
1593,16704265,高尚害蟲驅除有限公司,臺中市南屯區春社里中台路323巷8號1樓,3000000,1021223
1598,16708608,春竑工業有限公司,臺中市南區光輝一街56號1樓,2000000,1021220
1601,16712125,泳淥玻璃有限公司,臺中市大里區大里里長興二街38號1樓,1000000,1021202
1606,16715565,聯盛康體事業有限公司,臺中市南屯區文心路一段540號8樓之1,10000000,1021216
1611,16722587,上好印刷股份有限公司,臺中市西屯區大河里大河街45號1樓,66000000,1021220
1614,16725521,開元易木業股份有限公司,臺中市豐原區西湳里三豐路967巷187號1樓,6000000,1021216
1616,16727099,豪澄工業股份有限公司,臺中市豐原區北陽里中陽東街140號,3000000,1021213
1619,16729028,金曲音響有限公司,臺中市北區一中街116巷1號1樓,1000000,1021201
1621,16729857,安泰加油站有限公司,臺中市北屯區仁美里崇德十五路40號1樓,25000000,1021226
1622,16730432,吉亦美有限公司,臺中市潭子區東寶里大富路一段23巷68號1樓,1000000,1021213
1624,16731903,倫暘電子有限公司,臺中市潭子區頭家里和平路32巷24號1樓,1000000,1021230
1627,16734492,華郁塑膠有限公司,臺中市大里區新里里德芳一街73號1樓,8000000,1021205
1632,16738531,駿億營造股份有限公司,臺中市潭子區東寶里雅潭路2段399巷132弄22號1樓,6000000,1021212
1640,16746526,美商誠翔國際有限公司,臺中市北屯區松竹里河北路3段179號,2000000,1021205
1654,16756734,德先股份有限公司,臺中市北區健行里忠明路424號15樓之2,500000000,1021210
1699,16803167,昕碁科技股份有限公司,臺中市西屯區西屯路二段256巷6號19樓之10,17640000,1021216
1708,16811906,總達客運股份有限公司,臺中市東區東信里十甲東路220號2樓,80000000,1021216
1723,16832487,三信商業銀行股份有限公司,臺中市中區柳川里公園路32-1號,4919543080,1021212
1734,16851792,正原營造工程有限公司,臺中市北屯區水景里東山路一段156-6號13樓之一,15000000,1021218
1737,16853638,森翰科技有限公司,臺中市北屯區水湳里大連路1段118-1號,6000000,1021220
1739,16854968,富泰科技股份有限公司,臺中市南區五權南路581號1樓,10000000,1021217
1743,16858824,苡勒實業有限公司,臺中市西屯區何南里臺灣大道2段803號1樓,911000,1021210
1745,16859674,亞摩斯有限公司,臺中市西區中興里美村路1段190號1樓,1500000,1021213
1747,16863495,萬年清環境工程股份有限公司,臺中市西屯區惠來里市政南一路12號3樓之1,120000000,1021231
1748,16866789,邑陞營造有限公司,臺中市南屯區豐樂里13鄰文心南三路706號1樓,22500000,1021210
1753,16873578,中南紙器有限公司,臺中市烏日區五光里環中路7段217號,1000000,1021224
1762,16885104,喬崴進科技股份有限公司,臺中市太平區工業17路43號,240000000,1021208
1766,16891936,錦明美紙業有限公司,臺中市東區旱溪里旱溪街32號1樓,10000000,1021227
1767,16892225,壬宏實業有限公司,臺中市北區建成里天祥街208號1樓,9000000,1021203
1770,16893316,特典工具股份有限公司,臺中市大雅區橫山里科雅路8號,96000000,1021206
1790,16920777,一允企業有限公司,臺中市大里區長榮里新南路163巷13號1樓,5000000,1021225
1791,16926317,台展興業股份有限公司,臺中市大里區長榮里大里路75號1樓,8000000,1021229
1792,16929377,瑞昌營造股份有限公司,臺中市西區自治路207巷8號1樓,3000000,1021229
1793,16930966,力得益工業有限公司,臺中市西屯區中清路154巷14號1樓,3000000,1021204
1800,16936429,曦和科技股份有限公司,臺中市西屯區協和里工業區42路51號,10000000,1021217
1803,16938496,科宏聯合股份有限公司,臺中市西屯區工業區三路10號,60000000,1021218
1805,16941295,亞佳精密工業股份有限公司,臺中市潭子區甘蔗里勝利路33號,9800000,1021213
1807,16943420,鴻勁科技股份有限公司,臺中市大雅區中清路三段758巷7號,215866160,1021218
1810,16946411,佳瑪科技有限公司,臺中市西屯區河南路四段111號1樓,1300000,1021225
1815,16950420,芮弗士科技有限公司,臺中市西屯區工業區工業十路5號1樓,5000000,1021202
1818,16953756,集合公寓大廈管理維護股份有限公司,臺中市北區中清路一段447號14樓之5,10000000,1021223
1821,16956698,冠盛紙業股份有限公司,臺中市大里區塗城路493號,5000000,1021230
1822,16957325,圓通速递有限公司,臺中市南屯區大業里大昌街527號1樓,5000000,1021225
1833,16971522,臻玖興業有限公司,臺中市北屯區舊社里松竹路34巷37號1樓,4220000,1021203
1836,16978898,金豐富科技有限公司,臺中市北屯區松明街136巷5號1樓,500000,1021206
1837,16978980,長科資訊股份有限公司,臺中市西屯區西屯路二段256巷6號19樓之1,26000000,1021210
1839,16981599,慶典實業股份有限公司,臺中市南屯區文心路一段378號8樓之8,1000000,1021230
1843,16986686,源順營造股份有限公司,臺中市太平區建國里精美路301巷59號1樓,20000000,1021209
1844,16986834,俊葉企業股份有限公司,臺中市潭子區潭秀里潭富路一段218號1樓,12000000,1021203
1849,16994784,磐拓營造有限公司,臺中市南屯區黎明路二段71巷26號1樓,18000000,1021210
1850,16995502,全景開發多媒體股份有限公司,臺中市梧棲區中華路一段1098號2樓,22300000,1021202
1855,16999388,資鎰實業有限公司,臺中市大雅區雅楓里民生路三段53號1樓,20000000,1021211
1910,20912716,嘉彬汽車貨運股份有限公司,臺中市大甲區西岐里順帆路97號,36000000,1021216
1920,20949880,名甫有限公司,臺中市東區東英六街50號2樓,19000000,1021204
1937,21234481,台灣航空電子股份有限公司,臺中市南屯區工業區20路35號,300000000,1021218
1971,22063112,原光立金屬工業股份有限公司,臺中市潭子區栗林里中山路三段287巷9弄166號,33000000,1021219
1973,22068524,親親育樂股份有限公司,臺中市北區北屯路14號、地下1樓-1、2樓-3、3樓-1、3樓-2、14-1號、14-2號、14-3號,130000000,1021224
1974,22070606,名基營造股份有限公司,臺中市梧棲區中央路二段422之1號1樓,66000000,1021226
1979,22080267,一川企業有限公司,臺中市潭子區大德一路二段14號,28000000,1021219
1982,22083010,易億實業股份有限公司,臺中市西屯區長安路一段85號1樓,28000000,1021210
1989,22090785,龍華木業有限公司,臺中市北區北平路二段169號2樓,20000000,1021204
1991,22091671,汎福金屬工業股份有限公司,臺中市豐原區社皮里大豐路五段66巷32號,7800000,1021226
2007,22121437,何機興業有限公司,臺中市南屯區大墩15街8號,5000000,1021211
2009,22131435,通合工業股份有限公司,臺中市潭子區潭興路二段36巷79號,55000000,1021205
2012,22138893,敬偉機械工程有限公司,臺中市外埔區水美里二崁路660巷30號,50000000,1021202
2013,22140244,大欉塑膠工業有限公司,臺中市太平區建興里鵬儀路348號,11000000,1021204
2024,22177255,台灣薄膜工業股份有限公司,臺中市南屯區工業區24路36號,200000000,1021209
2046,22208567,訊崗資訊股份有限公司,臺中市北屯區后庄里敦化路一段406巷6號1樓,5000000,1021212
2049,22210233,運伸車電股份有限公司,臺中市大里區新仁三街46號1樓,29700000,1021223
2056,22224736,南凱塑膠工業股份有限公司,臺中市大里區東湖里東南路27號,9000000,1021211
2058,22229818,青田科技股份有限公司,臺中市北屯區忠平里平德路162巷3號1樓,80000000,1021228
2060,22236846,瑩泰五金有限公司,臺中市大雅區中山路152號2樓,5000000,1021209
2065,22241616,鼎棖工業股份有限公司,臺中市豐原區東湳里三豐路1022號,5000000,1021209
2066,22242538,通億螺絲有限公司,臺中市南區南平路242號,3000000,1021224
2072,22247098,辰晧電子股份有限公司,臺中市南屯區五權西路三段268號,68000000,1021205
2086,22280238,津谷食品股份有限公司,臺中市西屯區大河里文心路三段179之15號地下室、1、2樓,100000000,1021210
2091,22282518,宇勝冷凍機械有限公司,臺中市大里區塗城路368巷43弄18號1樓,5000000,1021225
2094,22295274,晉得鋼閥股份有限公司,臺中市太平區正光街105號,50000000,1021210
2099,22306125,映興電子股份有限公司,臺中市南屯區工業區19路10號1、2樓,314781500,1021212
2108,22326305,燕明貿易有限公司,臺中市西屯區福科路362巷56號1樓,6000000,1021230
2127,22371075,宗寶企業股份有限公司,臺中市烏日區溪壩里溪南路一段682巷288號,5000000,1021226
2132,22372953,群佑紙器股份有限公司,臺中市清水區槺榔里中央路38巷20號,3500000,1021220
2136,22377893,億承企業股份有限公司,臺中市神岡區圳前里神圳路71-3號1樓,5000000,1021217
2138,22382501,育昌電腦有限公司,臺中市西屯區協和里順和七街30號,1200000,1021204
2151,22399812,錕揚工業股份有限公司,臺中市清水區吳厝里吳厝六街38號,5000000,1021224
2155,22403702,齊益企業股份有限公司,臺中市太平區工業二十路２２號,12680000,1021224
2157,22404884,世唯股份有限公司,臺中市太平區宜欣里富宜路80之1號,28000000,1021223
2158,22406193,全營工業股份有限公司,臺中市西屯區廣福里中清路三段392號10樓,128880000,1021216
2167,22417121,第壹管家綠能科技股份有限公司,臺中市東勢區茂興里石城街198巷113號1樓,5000000,1021203
2178,22436767,眾信實業股份有限公司,臺中市清水區海濱里北五路10號,5000000,1021219
2189,22472947,允立鐵材股份有限公司,臺中市太平區太平里永平路3段92巷18號,30000000,1021215
2192,22475228,崧銘企業股份有限公司,臺中市大里區中興路1段2巷81弄29號1樓,11000000,1021211
2196,22478490,力維股份有限公司,臺中市北屯區經貿一路13巷1號,12500000,1021212
2197,22478533,寶泉食品股份有限公司,臺中市中區自由路2段36號3樓,3000000,1021230
2201,22485909,華鼐有限公司,臺中市南屯區豐樂里文心南五路一段692號1樓,15000000,1021212
2203,22500824,松柏飲料股份有限公司,臺中市北屯區景賢路339號,28000000,1021212
2214,22513905,長發達工業股份有限公司,臺中市大肚區山陽里沙田路三段824巷49號,10000000,1021206
2239,22558661,南昌精密工業股份有限公司,臺中市大里區仁化路679號,9800000,1021225
2240,22558769,金名山光電股份有限公司,臺中市梧棲區永寧里永興路1段546巷27號,547370000,1021225
2246,22565023,盛輪機器廠股份有限公司,臺中市梧棲區經二路45號,28000000,1021225
2248,22567660,優奇印刷有限公司,臺中市神岡區豐洲里豐洲路４１０–２號１樓,10000000,1021220
2266,22589881,新豐遊樂事業有限公司,臺中市豐原區南村里向陽路77之1號、77號9至13樓,40000000,1021205
2271,22594815,林運企業股份有限公司,臺中市西區臺灣大道一段726號4樓之1,29000000,1021220
2272,22605502,鑫輝工業股份有限公司,臺中市大里區仁美路103號,80000000,1021218
2298,22673445,華安電子股份有限公司,臺中市太平區東平里東村八街36號7樓,2500000,1021206
2314,22697930,俊奕工業股份有限公司,臺中市大里區西湖里西柳街32巷13-1號,5000000,1021225
2315,22698620,東瑩製模股份有限公司,臺中市潭子區栗林里豐栗路63巷27號,10000000,1021218
2317,22699661,達群電腦有限公司,臺中市豐原區西安里圓環南路121號1樓,5000000,1021211
2321,22708401,歐栩實業股份有限公司,臺中市潭子區大豐里雅豐街340號1樓,5000000,1021211
2324,22713805,宏意有限公司,臺中市龍井區忠和里中央路三段148號,6500000,1021217
2350,22769645,新祐工業有限公司,臺中市烏日區溪南路二段516巷121弄68號1樓,3000000,1021224
2355,22775040,金昶興企業股份有限公司,臺中市大肚區頂街里沙田路三段103巷1弄4號1樓,5000000,1021216
2356,22776723,奇晏工業股份有限公司,臺中市東區天乙街149巷28號1樓,20000000,1021230
2358,22777336,精一精密工業有限公司,臺中市北屯區昌平東五路90號1樓,1000000,1021226
2363,22785700,嘉繽貨運股份有限公司,臺中市大甲區西岐里順帆路99巷1號,26000000,1021214
2364,22785933,理見設計工程股份有限公司,臺中市西區台灣大道二段536號7樓之1,20000000,1021204
2365,22786905,鈞祥鋼鐵有限公司,臺中市后里區墩南里七星街42號,5000000,1021221
2369,22789375,捷星資訊股份有限公司,臺中市南屯區大業里大進街383號1樓,2000000,1021225
2372,22792792,冠重貿易有限公司,臺中市西屯區台中港路2段122之29巷1弄13號1樓,5000000,1021218
2373,22793265,崇銘機械有限公司,臺中市太平區太平里永豐路108巷12弄31號,5000000,1021211
2376,22804805,國帥工業股份有限公司,臺中市神岡區北庄里溝心路6號,28000000,1021224
2380,22812559,坤益機械股份有限公司,臺中市太平區太平里新仁路1段22巷14號2樓,3500000,1021202
2398,22852833,見得行股份有限公司,臺中市梧棲區中二路288號1樓,180000000,1021213
2429,22905769,維王羽毛廠股份有限公司,臺中市北屯區民德里東山路二段157巷130號,70000000,1021203
2430,22907416,妙春實業股份有限公司,臺中市南屯區寶山里工業區24路4號1樓,230000000,1021216
2438,22918862,津鋒實業有限公司,臺中市南區仁和路275-1號1樓,2000000,1021226
2439,22920001,東光建材股份有限公司,臺中市西屯區漢口路二段225巷7號,10000000,1021227
2441,22924506,太平鋼鐵股份有限公司,臺中市太平區永平路3段296號,7000000,1021218
2445,22931788,重英有限公司,臺中市沙鹿區東晉路清雲巷二七︱六號,2500000,1021219
2447,22936051,雍盛科技股份有限公司,臺中市烏日區前竹里光明路385巷20號,5000000,1021203
2448,22937755,郁盛室內裝修設計有限公司,臺中市西區華美西街一段142號8樓之3,5000000,1021224
2450,22942482,國耀船務代理股份有限公司,臺中市梧棲區下寮里大智路二段281號4樓,9000000,1021209
2457,22949909,鈦享工業股份有限公司,臺中市大里區大衛路30號,2000000,1021219
2462,22954986,寶裕建設有限公司,臺中市西區公正里東興路三段160號6樓之3,50000000,1021225
2469,22959949,尚華建設股份有限公司,臺中市大里區永隆七街200巷13號1樓,180000000,1021206
2471,22962206,兼善企業股份有限公司,臺中市西區忠明里健行路1049號24樓之38,10000000,1021202
2473,22966857,世星企業有限公司,臺中市龍井區新東里新興路25巷2弄23號,5000000,1021205
2478,22971628,倡明電機有限公司,臺中市大肚區福山里沙田路一段428巷81號,10000000,1021209
2480,22973013,全泰砂石股份有限公司,臺中市外埔區中山里中山路441-6號,1000000,1021225
2481,22973978,富上機械股份有限公司,臺中市霧峰區北柳里四德路269之15號,10000000,1021225
2492,22988326,甫興工業股份有限公司,臺中市西屯區工業區33路15號,10000000,1021209
2493,22988374,坤洲塑膠股份有限公司,臺中市沙鹿區居仁里光華路266號,5000000,1021231
2494,22989177,協倫精機股份有限公司,臺中市西屯區協和里工業區三十路2號,15000000,1021216
2496,22992193,鑛溢金屬工業股份有限公司,臺中市西屯區協和里工業區33路7號1樓,20000000,1021211
2499,22998078,竣吉有限公司,臺中市大雅區二和里16鄰學府路99巷1弄1號1樓,1000000,1021202
2504,23009123,貴堂事業有限公司,臺中市清水區南社里鰲峰路186號,1000000,1021216
2522,23062631,弘一齒輪工業股份有限公司,臺中市霧峰區吉峰里吉峰路56巷13號1樓,5000000,1021204
2524,23067354,鎰鼎企業有限公司,臺中市北屯區后庄里中清路114之16號,2000000,1021226
2534,23086459,通曜工業股份有限公司,臺中市烏日區五光路961巷67號,12000000,1021209
2537,23089189,鶴力精密工業股份有限公司,臺中市烏日區太明路53巷20號1樓,25000000,1021229
2538,23089414,台灣滑軌股份有限公司,臺中市龍井區三德里中厝路50巷60弄33-3號,12000000,1021225
2539,23090566,大展熱處理股份有限公司,臺中市西屯區協和里工業區39路60號,10000000,1021229
2541,23093114,金鴻盛紙業股份有限公司,臺中市北區德化街468號1樓,25000000,1021211
2542,23094248,元賀股份有限公司,臺中市豐原區南村里水源路455號,50000000,1021218
2543,23094789,紳和企業有限公司,臺中市外埔區永豐里六分路138號,500000,1021211
2545,23095801,保僑工業有限公司,臺中市后里區墩南里舊社路3之10號,3000000,1021230
2547,23098223,龍營實業有限公司,臺中市北屯區崇德路三段617號1樓,1000000,1021206
2550,23099709,誠達鞋業股份有限公司,臺中市西屯區工業區四二路25號,25000000,1021226
2558,23106981,聰棋企業有限公司,臺中市西屯區工業區33路3號,5000000,1021220
2561,23109170,寶慶園藝工具股份有限公司,臺中市梧棲區興農里中央路一段297號,12000000,1021227
2599,23180623,超達模型引擎有限公司,臺中市北屯區舊社里舊社巷97號,5000000,1021216
2600,23182930,永祺車業股份有限公司,臺中市太平區光興路462巷50號,280000000,1021211
2612,23196998,堡豐工業股份有限公司,臺中市神岡區豐洲里東洲路19巷3號,10600000,1021219
2615,23198449,知己圖書股份有限公司,臺中市西屯區工業區30路1號,13000000,1021210
2623,23208376,合永來機械股份有限公司,臺中市大雅區上楓里民生路三段267巷24號,8500000,1021224
2629,23217403,久泰貿易股份有限公司,臺中市南屯區惠中里大墩十二街385號1樓,5000000,1021210
2639,23234424,立侑機械有限公司,臺中市豐原區南村里文化街56號,28000000,1021230
2640,23234640,倫嘉工業股份有限公司,臺中市豐原區南嵩里水源路115巷105號1樓,18000000,1021218
2641,23236582,嘉宏彫刻股份有限公司,臺中市太平區永平路二段54號,1800000,1021223
2642,23236788,捷信通信器材工程有限公司,臺中市南屯區黎明路一段1101巷3號,2000000,1021223
2654,23263709,建華機電股份有限公司,臺中市南屯區工業區25路25號,30000000,1021218
2655,23265657,尚勇彈簧工業股份有限公司,臺中市神岡區社南里中山路851巷28弄14號,9000000,1021207
2656,23265663,欣瑞機械股份有限公司,臺中市太平區興隆里光興路1266巷13號,5000000,1021218
2658,23268486,芳燦股份有限公司,臺中市南屯區惠中路三段62號1-2樓　,5000000,1021205
2701,23371496,大城建設股份有限公司,臺中市西屯區臺灣大道4段839號6樓,606375000,1021209
2707,23381641,來成塑膠企業股份有限公司,臺中市外埔區水美里水美路227號,10000000,1021209
2722,23403053,首傑藝術事業有限公司,臺中市北區民權路361號12樓,10000000,1021217
2723,23403618,興鋓工業股份有限公司,臺中市龍井區忠和里14鄰海尾路306巷12號,27000000,1021209
2758,23470691,新立投資股份有限公司,臺中市北區金華里三民路三段278號1樓,10000000,1021220
2759,23471880,林鼎實業股份有限公司,臺中市西區臺灣大道二段489號27樓之1,60000000,1021203
2764,23474198,豐農證券股份有限公司,臺中市豐原區水源路669號,200000000,1021211
2766,23477879,裕國機械工業有限公司,臺中市太平區中興路128巷40號,2000000,1021230
2770,23484294,浩穎機械工業股份有限公司,臺中市南屯區豐樂里萬安街57號,6000000,1021225
2774,23491041,雍盛汽車有限公司,臺中市西屯區福和里臺灣大道四段675號1樓,3000000,1021203
2779,23496186,岳昇貿易有限公司,臺中市北區太原路二段215巷1弄5號1樓,9000000,1021209
2783,23499466,永耀存氬焊有限公司,臺中市太平區德隆路131巷11號1樓,1000000,1021226
2804,23536883,聯懋企業有限公司,臺中市西區臺灣大道二段218號12樓之1,5000000,1021202
2807,23544461,兆煒金屬工業有限公司,臺中市南區福陽街13號1樓,20000000,1021219
2811,23550337,勝盟五金有限公司,臺中市霧峰區南柳里新厝路261巷10弄35號,3500000,1021209
2816,23556655,鉿豐鋼模股份有限公司,臺中市大甲區德化里南北四路298巷3號,5000000,1021229
2828,23577434,燕村股份有限公司,臺中市大雅區四德里中清路三段758巷18號1樓,1000000,1021223
2864,23678926,七駿科技股份有限公司,臺中市西屯區協和里工業區35路9號,100000000,1021205
2870,23688121,福松機械工業股份有限公司,臺中市太平區永豐路18巷9號,2000000,1021230
2875,23693193,泰田金屬建材股份有限公司,臺中市南區福平里美村路二段128巷66號1樓,28000000,1021231
2879,23702502,中生機械股份有限公司,臺中市東區東信里振興路443巷38號1樓,23000000,1021201
2890,23719216,鉫鑫企業有限公司,臺中市大里區立仁路242巷23號1樓,2000000,1021206
2891,23719807,億輻實業有限公司,臺中市潭子區栗林里中山路三段493巷23弄14號,5000000,1021205
2922,23792139,合生不銹鋼有限公司,臺中市東區東門里東光園路100巷42弄6號,20000000,1021220
2934,23807169,嘉億資訊有限公司,臺中市北屯區水湳里中清西二街10號4樓,2000000,1021231
2936,23811500,世協電機股份有限公司,臺中市神岡區新庄里和睦路一段599號,147000000,1021225
2938,23817363,台鉅玻璃有限公司,臺中市南區樹義里文心南路737號2樓,5000000,1021231
2939,23820613,科航企業股份有限公司,臺中市南區福興里福平街98號2樓,22000000,1021203
2948,23837608,麗晨企業廠有限公司,臺中市豐原區社皮里社皮路123巷11弄50號,15000000,1021218
2956,23848041,超波科技股份有限公司,臺中市太平區永豐路337巷12號,5000000,1021214
2975,23871605,永恩企業股份有限公司,臺中市南區南門里南門路101號1樓,6000000,1021213
2977,23875124,尚源工業股份有限公司,臺中市外埔區永豐里六分路72號,5000000,1021226
2993,23936614,肇慶企業股份有限公司,臺中市大雅區四德里神林南路513巷13號1樓,5500000,1021218
3008,23973700,莨泰股份有限公司,臺中市大雅區雅環路二段一一三巷一三號一樓之二,5000000,1021212
3009,23975051,晟傑股份有限公司,臺中市南屯區豐富路299巷20號1樓,29000000,1021221
3012,23981407,古銓有限公司,臺中市豐原區豐西里三豐路39號,5000000,1021219
3022,23993826,汎尼士有限公司,臺中市西屯區福雅里福雅路128巷52號3樓,2000000,1021220
3026,23999954,洛漳股份有限公司,臺中市西區民龍里臺灣大道二段239號7樓,20000000,1021209
3036,24204150,巴特有限公司,臺中市西區精誠路122號,3000000,1021224
3037,24204454,捷意公關顧問有限公司,臺中市西區土庫里中美街28巷7-1號4樓,1000000,1021213
3043,24208233,金典資產管理股份有限公司,臺中市西區忠明里健行路1049號16樓之11,1000000,1021226
3047,24210245,毅展精密科技有限公司,臺中市霧峰區吉峰里民生路385號,1000000,1021203
3050,24212638,台灣水再生科技股份有限公司,臺中市西屯區甘肅路二段110號2樓,38500000,1021229
3052,24213138,達鈦科技實業有限公司,臺中市南屯區海德街18-1號1樓,1000000,1021213
3063,24218915,振誠環保有限公司,臺中市梧棲區中央路二段279號1樓,5000000,1021202
3072,24223425,瑞發機械工程有限公司,臺中市龍井區麗水里三港路富美巷8號1樓,2000000,1021205
3082,24226154,保力發科技有限公司,臺中市南區新榮里復興路三段111巷1號10樓之1,3000000,1021223
3086,24229103,昭福洋行貿易有限公司,臺中市北屯區平和里安順東四街11號,3000000,1021225
3090,24229878,駿邦保險代理人股份有限公司,臺中市北屯區松文街69號,3210000,1021206
3093,24230679,御格彩妝有限公司,臺中市西區公平里精誠路41-3號一樓,1000000,1021205
3101,24235610,冠龍精密刀具有限公司,臺中市太平區興隆里光興路1266巷35弄10號1樓,250000,1021228
3106,24238264,宏騰光電股份有限公司,臺中市梧棲區永興路二段378巷25號,441000000,1021218
3107,24238784,益郁實業有限公司,臺中市南屯區永春東二路39號1樓,3000000,1021224
3112,24240959,正大沖網有限公司,臺中市北區建興里永興街46號2樓,6200000,1021224
3118,24244603,穎辰精密機械科技有限公司,臺中市潭子區栗林里祥和路35巷16號,10000000,1021205
3125,24246460,裕力投資股份有限公司,臺中市西屯區工業區九路10號1樓,96000000,1021206
3128,24247876,領航保險代理人有限公司,臺中市南屯區大墩十七街129號2樓,3000000,1021216
3132,24250359,天下數位科技股份有限公司,臺中市北區漢口路四段367號15樓,180320820,1021218
3134,24251033,佳誠永業有限公司,臺中市北區錦祥里26鄰育興街31號5樓,3000000,1021203
3141,24252928,天創管理顧問有限公司,臺中市北區梅川里青島路三段46-1號1樓,1000000,1021219
3147,24255220,思享投資有限公司,臺中市潭子區潭秀里中山路三段11號3樓,1000000,1021209
3151,24257873,方達連興業有限公司,臺中市烏日區健行路254號1樓,500000,1021216
3156,24260069,大京工業股份有限公司,臺中市西屯區市政北一路77號13樓之10,1000000,1021205
3162,24261834,名將石材有限公司,臺中市潭子區勝利六街31號,1000000,1021218
3165,24263191,富吉爾國際產業有限公司,臺中市西屯區四川五街35號1樓,5250000,1021226
3170,24267751,英吉投資有限公司,臺中市西區公館里五權西二街150號,12168000,1021217
3175,24270756,亞馳國際股份有限公司,臺中市西屯區臺灣大道四段925號24樓之3,5000000,1021211
3180,24272234,台灣宣偉股份有限公司,臺中市北屯區仁美里崇德路三段908-1號,10000000,1021213
3193,24280234,炫星賓士汽車股份有限公司,臺中市北區文心路四段196號,5000000,1021213
3195,24281682,橋林國際有限公司,臺中市西區臺灣大道2段573號6樓,10000000,1021210
3196,24282893,晶虹光電股份有限公司,臺中市北屯區中清路105巷4號1樓,11000000,1021202
3200,24285364,風格時尚國際有限公司,臺中市西屯區西墩里環中路二段1233號1樓,3000000,1021206
3206,24289523,岱毅科技有限公司,臺中市梧棲區向上路九段562巷52號,250000,1021210
3219,24296622,曜田國際股份有限公司,臺中市西屯區西苑二街65號1樓,10000000,1021225
3221,24297565,閎迪有限公司,臺中市豐原區下街里中正路258號,250000,1021219
3225,24302119,永躍科技股份有限公司,臺中市西區忠誠里大隆路20號4樓之3,3000000,1021217
3248,24311588,今日實業有限公司,臺中市神岡區大社里大豐北街97巷30弄18號1樓,2000000,1021212
3268,24324937,統源國際資產管理股份有限公司,臺中市豐原區成功路500號,201000000,1021209
3282,24331748,艾科系統科技有限公司,臺中市南屯區大墩14街115號5樓之3,6000000,1021225
3315,24350435,東特興業有限公司,臺中市霧峰區四德里四德路495之1號,5000000,1021216
3320,24351743,承祥實業有限公司,臺中市太平區新坪里育賢路80號3樓,250000,1021221
3333,24357015,大正和儀器股份有限公司,臺中市潭子區潭秀里潭富路一段87巷79號,6000000,1021230
3340,24359082,明祐實業有限公司,臺中市北區崇德里崇興路2段63號1樓,2000000,1021226
3358,24370066,伯悅有限公司,臺中市大里區內元路87巷6號1樓,13000000,1021218
3373,24378264,雷擎科技有限公司,臺中市北區青島西街39號1樓,300000,1021226
3374,24378497,春大霖實業股份有限公司,臺中市西屯區西屯路二段231號,10000000,1021225
3376,24379968,禾星國際貿易有限公司,臺中市北屯區平和里遼陽三街51號3樓,5000000,1021201
3377,24380923,紅摩六感達人有限公司,臺中市北屯區平福里崇德路2段334號1至3樓,600000,1021215
3382,24381768,德城國際農業有限公司,臺中市北屯區北屯路390號10樓之1,5000000,1021219
3387,24384651,富士康廣告有限公司,臺中市北區頂厝里永興街338號14樓,12500000,1021205
3393,24386638,成友投資有限公司,臺中市豐原區西安里瑞安街102號,25905000,1021225
3396,24388919,晁旺工業有限公司,臺中市太平區中興里東平路1062之2號,1000000,1021219
3397,24390112,瑞迪整合事業有限公司,臺中市西區民權路217巷5號1樓,5000000,1021204
3399,24390289,誠安不動產仲介經紀有限公司,臺中市潭子區潭秀里中山路2段388號1之3樓,500000,1021216
3400,24391246,平農肥料有限公司,臺中市清水區鰲峰里大街路觀音巷16之3號1樓,21500000,1021231
3402,24392322,一零四富有開發有限公司,臺中市西屯區大容西街57號3樓之2,3800000,1021228
3409,24395720,優妮國際有限公司,臺中市南屯區三義里河南路四段250號1樓,250000,1021210
3413,24397261,全聯財產保險代理人股份有限公司,臺中市大里區東興里大明路393-8號,3000000,1021226
3415,24399015,億寶建設有限公司,臺中市大里區仁化里仁堤二街98號3樓,1000000,1021203
3417,24400054,豐機國際股份有限公司,臺中市豐原區三豐路857巷55號1樓,8880000,1021217
3435,24409674,精勤精機有限公司,臺中市西屯區工業區四十一路19號,10000000,1021223
3437,24410757,瀚澤工程有限公司,臺中市大肚區遊園路一段72北巷4弄10號1樓,1000000,1021203
3440,24411643,明典興業有限公司,臺中市豐原區東勢里博愛街310巷1號2樓之2,500000,1021201
3451,24418097,台灣明駿國際有限公司,臺中市大肚區新興里沙田路二段132巷79號1樓,15000000,1021226
3452,24418483,兆泰生活事業有限公司,臺中市南屯區公益路2段302號5樓,1200000000,1021225
3455,24420381,嵐雅光學股份有限公司,臺中市大雅區中清路4段280巷41號1樓,8000000,1021202
3462,24422509,順億國際興業有限公司,臺中市南區南門里合作街345號1樓,3500000,1021206
3467,24423211,升盧不動產房屋經紀有限公司,臺中市沙鹿區鹿寮里中山路400-1號1樓,250000,1021218
3468,24423731,明宥開發實業有限公司,臺中市大肚區大明三街149巷10號1樓,4000000,1021206
3475,24426370,瑋沅實業有限公司,臺中市西屯區大福里大鵬路37號5樓,500000,1021212
3479,24427194,鼎新盛鋼品有限公司,臺中市烏日區九德里中華路548號2樓,1000000,1021225
3486,24431900,威銨企業有限公司,臺中市梧棲區頂寮里四維路71巷2號7樓之5,5000000,1021204
3487,24433597,郁萬有限公司,臺中市南區長春里濟世街71-4號,36000,1021225
3494,24437806,傑克魔豆國際有限公司,臺中市豐原區水源路427巷50號,3500000,1021202
3498,24439311,泳村工業有限公司,臺中市清水區中社里15鄰中社路97之55號1樓,5000000,1021219
3510,24445123,永印科技股份有限公司,臺中市太平區工業二十路31號,10000000,1021216
3621,24497450,欣豐國際企業有限公司,臺中市西屯區安和路121-20號2樓,11000000,1021217
3631,24501118,友協開發有限公司,臺中市東區干城里自由路三段10之3號1樓,3000000,1021227
3650,24512993,領賢企業有限公司,臺中市南屯區三和里公益路二段453號4樓,1000000,1021204
3692,24530275,昌沅建設有限公司,臺中市北屯區后庄里中清路二段1062號2樓,1000000,1021226
3697,24530839,捷霸實業有限公司,臺中市太平區建興里鵬儀路322號1樓,3200000,1021228
3700,25000787,寶達開發建設有限公司,臺中市大雅區員林里大林路195巷23-17號1樓,12000000,1021219
3707,25004186,生生生物科技有限公司,臺中市西屯區惠來里39鄰惠中路二段41號1樓,400000,1021217
3714,25008922,德朗醫療器材有限公司,臺中市北屯區舊社巷48號2樓,250000,1021211
3715,25009020,店中王餐飲事業有限公司,臺中市西區忠誠里精明二街55號2樓,6000000,1021225
3720,25011948,仲宇生技有限公司,臺中市南屯區公益路二段617號2樓,5000000,1021212
3721,25012088,茗鈞棋有限公司,臺中市霧峰區萬豐里中正路126巷9-31號1樓,1100000,1021218
3728,25017437,世紀菸酒有限公司,臺中市豐原區社皮里豐原大道1段252號一樓,250000,1021209
3732,25018246,新地王管理顧問有限公司,臺中市南屯區溝墘里惠中路2段169號,25000000,1021224
3736,25020643,保嘉環保有限公司,臺中市北屯區北屯路290巷9號5樓,1000000,1021209
3737,25021798,秀峰戶外有限公司,臺中市北屯區平昌里文心路四段846號,5000000,1021227
3738,25023515,銳揚精密機械股份有限公司,臺中市大里區健民里仁化工十二路27號3樓,90000000,1021218
3743,25025817,旺弘不動產有限公司,臺中市豐原區三村里西勢路429號,1000000,1021204
3745,25029320,誠邦建設股份有限公司,臺中市南區平和里忠明南路935號3樓,20000000,1021220
3746,25029356,極簡國際股份有限公司,臺中市北屯區松竹北二街45巷1號1樓,3500000,1021218
3750,25030939,永瑞豐企業有限公司,臺中市豐原區豐田里豐原大道三段239巷41弄29號1樓,1000000,1021216
3754,25033099,子問創藝國際有限公司,臺中市南區長春里台中路80號1樓,2000000,1021226
3759,25036820,奧特碼科技有限公司,臺中市西屯區福恩里工業區一路96-12號8樓之1,2000000,1021223
3761,25038067,化意設計有限公司,臺中市西屯區惠來里市政路386號8樓之7,2000000,1021206
3762,25038910,九上環機科技有限公司,臺中市大肚區頂街里華山路43號1樓,3600000,1021231
3763,25039143,呈果印刷設計有限公司,臺中市大里區新里里永隆路83號1樓,1000000,1021203
3768,25042484,中一鋼鐵有限公司,臺中市大里區新里里愛心三街32號1樓,1000000,1021227
3769,25042512,錦明美印刷品有限公司,臺中市大里區內新里環中東路六段160號,1000000,1021226
3771,25044531,鑫樂國際織品有限公司,臺中市北屯區同榮里環中路一段1432號1樓,1000000,1021216
3776,25047381,三富鑫企業有限公司,臺中市西屯區福聯里福科路841號,2000000,1021225
3782,25052314,富蘭客林廣告有限公司,臺中市北區梅川里永興街363之3號  ,1000000,1021231
3788,25054798,新點子工程有限公司,臺中市北區梅豐街64號1樓,2000000,1021219
3789,25054827,蕎鶴生物科技有限公司,臺中市北屯區軍功里松竹五路245號1樓,2000000,1021224
3791,25055446,新富貿易有限公司,臺中市西屯區何仁里文心路三段294之6號,3000000,1021206
3796,25057578,宇丰事業有限公司,臺中市太平區育賢路2-8號1樓,3000000,1021227
3799,25058393,富董投資股份有限公司,臺中市西屯區文心路三段241號17樓之5,110000000,1021226
3810,25064374,旭龍生醫電子股份有限公司,臺中市西屯區惠來路三段326號1樓,2260000,1021203
3816,25068456,豪城國際有限公司,臺中市西區公民里五權三街33號1樓,1680000,1021212
3825,25071895,明鐸股份有限公司,臺中市北區進化北路238號9樓之4,1650000,1021202
3826,25072058,索能有限公司,臺中市太平區新坪里育賢路25號1樓,250000,1021205
3828,25073900,雷德光子科技有限公司,臺中市西區忠誠里華美西街1段142號7樓之2,100000,1021227
3837,25078172,豐順開發股份有限公司,臺中市西屯區黎明路3段343巷5號,1000000,1021226
3838,25079215,啓荃股份有限公司,臺中市西屯區臺灣大道四段925號17樓之7,20000000,1021217
3839,25079405,滙益管理顧問有限公司,臺中市南屯區文心路一段378號15樓之11,1000000,1021226
3842,25080487,江森貿易股份有限公司,臺中市北屯區仁美里崇文街22號1樓,1000000,1021206
3847,25084174,禾富行銷有限公司,臺中市北屯區陳平路25巷31號1樓,500000,1021217
3852,25085265,堅鼎勞安有限公司,臺中市大雅區神林南路180巷50號7樓之1,1000000,1021219
3854,25085602,葳夫利德數位行銷有限公司,臺中市西屯區中清路176之1之17號,1000000,1021215
3855,25086139,佳綠能實業有限公司,臺中市豐原區愛國街323之1號,1000000,1021217
3856,25086172,建侑國際有限公司,臺中市神岡區社南里昌平路五段313巷12號1樓,5000000,1021213
3857,25086692,辰偉不動產開發股份有限公司,臺中市北屯區平福里崇德路二段314號1樓,1000000,1021217
3861,25087518,莫菲設計有限公司,臺中市烏日區中山路1段506號,500000,1021226
3863,25087849,加蛋實業有限公司,臺中市大里區永隆里爽文路976號1樓,2000000,1021228
3874,25095566,百穗節能科技股份有限公司,臺中市豐原區東湳里角潭路二段193號2樓,8300000,1021217
3893,25103762,星麗科技實業有限公司,臺中市南區忠明南路760號20樓,1000000,1021220
3953,25134239,紅双囍廣告有限公司,臺中市太平區中山路2段541巷27號,200000,1021211
3962,25139522,奕達數位有限公司,臺中市西屯區臺灣大道二段741號1樓,6000000,1021205
3996,25153116,信越工程有限公司,臺中市太平區樹德一街136巷9弄36號,3000000,1021216
4002,25156676,美味國際股份有限公司,臺中市西區大忠南街56號1樓,3000000,1021226
4003,25156824,兩岸運通有限公司,臺中市梧棲區安仁里臺灣大道九段56號2樓,3000000,1021203
4009,25160290,康盛開發有限公司,臺中市南屯區公益路二段615號9樓之2,2000000,1021214
4011,25161431,東光開發事業股份有限公司,臺中市西屯區臺灣大道三段658號18樓之5,20000000,1021212
4013,25161679,鴻源生技有限公司,臺中市西屯區何仁里寧夏路195-10號11樓,1000000,1021213
4017,25163058,聖文文具股份有限公司,臺中市大雅區四德里義和路86巷15號1樓,2000000,1021218
4018,25163070,嘉豐裝潢有限公司,臺中市北屯區仁美里崇德路三段908-2號,6000000,1021213
4021,25163445,埕境建設有限公司,臺中市西屯區何安里甘州二街31號3樓,17000000,1021202
4027,25167977,保欣機電工程有限公司,臺中市外埔區大東里甲后路866號,1000000,1021217
4028,25168434,健統有限公司,臺中市太平區聖和里長龍路一段220號1樓,28500000,1021219
4030,25169124,晟望科技股份有限公司,臺中市西屯區何明里大有街17號1樓,8000000,1021211
4035,25170396,石博士有限公司,臺中市西區公民里柳川西路二段93號2樓,2000000,1021217
4037,25171016,鑫嘉開發有限公司,臺中市大里區永隆里永隆路525號1樓,3000000,1021206
4039,25172486,智耀科技股份有限公司,臺中市東區東信里環中東路四段900巷13號1樓,3000000,1021218
4041,25172887,福珅通風機械有限公司,臺中市沙鹿區鹿峰里星河路996號1樓,3500000,1021214
4045,25174153,永工程有限公司,臺中市龍井區龍泉里中社路297號,10000000,1021203
4047,25174750,品旭設計工程有限公司,臺中市南屯區豐樂里永春東一路555號1樓,5000000,1021225
4049,25175907,詠隆五金有限公司,臺中市北區崇德里進化北路162號3樓,5000000,1021212
4050,25176758,歐特加科技股份有限公司,臺中市龍井區東海里東海街93巷11號1樓,6000000,1021226
4052,25181099,旭勝國際企業有限公司,臺中市霧峰區本堂里育仁街61號4樓,5000000,1021219
4057,25183435,北湘實業有限公司,臺中市烏日區環中路八段1101號,6000000,1021207
4058,25184096,瑞康整合顧問股份有限公司,臺中市北屯區平田里文心路四段955號18樓之3,3000000,1021206
4059,25184188,威元精密有限公司,臺中市太平區宜佳里宜文街72號1樓,1000000,1021202
4063,25185383,宏海不動產經紀有限公司,臺中市大里區永隆里國光路二段359號1樓,750000,1021220
4064,25185742,威奕小客車租賃有限公司,臺中市西屯區臺灣大道二段718號3樓,5000000,1021210
4076,25190652,精緻保全股份有限公司,臺中市太平區育賢路76號1樓、2樓,40000000,1021205
4080,25194539,日豪食品有限公司,臺中市北屯區平福里熱河路三段18巷21號,1000000,1021202
4082,25196038,茗苙有限公司,臺中市潭子區頭家東里中山路一段406號1樓,12000000,1021202
4125,27246082,新加坡商矽比科亞洲有限公司,臺中市北屯區崇德路2段128號10樓之2,10000000,1021202
4130,27260035,耀顥科技有限公司,臺中市中區綠川西街111號2樓,3000000,1021212
4140,27272975,深洋股份有限公司,臺中市大甲區中山里水源路452巷33弄2之1號,3000000,1021225
4142,27273756,榮蓁科技股份有限公司,臺中市大雅區四德里中清路三段758巷2號,24000000,1021225
4145,27275591,世和事物有限公司,臺中市南區南陽街46巷1弄21號1樓,500000,1021211
4147,27277492,立野整合行銷公關有限公司,臺中市潭子區栗林里祥和路133巷81號1樓,5000000,1021204
4156,27285367,冠譽工業有限公司,臺中市龍井區忠和里向上路八段391號,2000000,1021219
4164,27290474,台灣吉西西有限公司,臺中市神岡區民權路12-3號1樓,6500000,1021223
4165,27292493,中鼎資訊科技有限公司,臺中市南屯區黎明東街４４３號１樓,4800000,1021231
4168,27292613,富邦螺絲有限公司,臺中市霧峰區五福里新埔路250巷157號,6000000,1021225
4178,27304202,海灣水族批發有限公司,臺中市南屯區永春東路807號1樓,2000000,1021213
4183,27308376,俊昇興業股份有限公司,臺中市西區吉龍里美村路一段581號2樓,17000000,1021218
4192,27316093,中榮康國際股份有限公司,臺中市北區崇德路一段629號19樓之2,20000000,1021214
4244,27374282,淨華鋁合金有限公司,臺中市大雅區西寶里中正路35之12號,5000000,1021210
4251,27383402,金順興工程股份有限公司,臺中市西屯區臺灣大道二段910號13樓之1,13000000,1021204
4260,27399283,瑞瑪出版有限公司,臺中市北區中清路一段370號5樓之1,5000000,1021224
4261,27399489,盛東方建設事業股份有限公司,臺中市西屯區何成里大祥街132-7號1樓,30000000,1021216
4262,27400866,詠達國際企業有限公司,臺中市西屯區惠來里臺灣大道三段258號,3000000,1021213
4263,27403815,全面性系統整合科技股份有限公司,臺中市西屯區臺灣大道四段925號7樓之7,22500000,1021225
4270,27410908,里安開發有限公司,臺中市北區錦洲里天祥街28巷70號1樓,760000,1021218
4279,27419632,明良印刷有限公司,臺中市龍井區東海里藝術街231號1樓　,1000000,1021226
4280,27419942,煜翔實業有限公司,臺中市南區平和里忠明南路八九五號一樓,3000000,1021210
4281,27419990,桂晶建材企業有限公司,臺中市西屯區中工三路220之8號1樓,3000000,1021213
4289,27428576,瀚升特殊彩色印刷有限公司,臺中市西屯區大河里長安路一段160號1樓,15000000,1021203
4294,27433986,移動國際貿易有限公司,臺中市神岡區社南里民生路16號1樓,500000,1021230
4301,27438321,三才工程有限公司,臺中市南區復興路二段71巷65弄6號1樓,3000000,1021230
4304,27440001,堅巧室內工程設計有限公司,臺中市西屯區中清路１５１之２７號１樓,1000000,1021217
4315,27450696,日月千禧酒店股份有限公司,臺中市西屯區市政路77號,410000000,1021221
4334,27470243,魔法師童裝有限公司,臺中市北區賴明里天津路二段104-7號1樓,1000000,1021229
4336,27472283,創新服務股份有限公司,臺中市大甲區武曲里大安港路116巷10號,25000000,1021229
4345,27476915,穎展紙器有限公司,臺中市神岡區社口里民權二街265號1樓,1200000,1021213
4346,27477034,煌寶企業有限公司,臺中市南區城隍里建成路1120號1樓,1000000,1021217
4349,27478723,銓聯食品興業有限公司,臺中市西屯區大河里大河１巷５弄４８號１樓,20000000,1021218
4351,27479650,御滿資產管理股份有限公司,臺中市北區新北里雙十路1段121號1樓,677000000,1021210
4353,27481522,東霖國際實業有限公司,臺中市北區自強街32巷9號1樓,1500000,1021202
4365,27496222,佳澄環保工程有限公司,臺中市北區長青里武漢街53號,1000000,1021213
4367,27497762,速配貿易股份有限公司,臺中市南區忠明南路760號33樓,5000000,1021204
4368,27497806,源慶行銷股份有限公司,臺中市北區雙十路1段121號1樓　,100000000,1021219
4370,27501739,台灣日立工機股份有限公司,臺中市大里區仁化里工業十一路140號,100000000,1021218
4373,27502630,常崴實業有限公司,臺中市大雅區大雅里大榮街156號1樓,10000000,1021225
4378,27509556,集威保全股份有限公司,臺中市南區樹德4巷2號,40000000,1021209
4380,27516037,捷騰工程企業有限公司,臺中市西屯區中康街215巷22號1樓,2000000,1021225
4381,27516162,宏順投資股份有限公司,臺中市北區賴福里衛道3街1號1樓,12240000,1021225
4444,27580570,嘉慶國際開發股份有限公司,臺中市北屯區平田里文心路四段955號25樓之1,17300000,1021225
4445,27580945,立鈜照明有限公司,臺中市南屯區文山里五權西路三段1巷223號1樓,35000000,1021216
4460,27593701,金元科技股份有限公司,臺中市西屯區工業區４１路５號,15000000,1021226
4469,27597191,井上企業有限公司,臺中市南區忠明南路758號20樓之3,6000000,1021201
4478,27605410,典泰科技股份有限公司,臺中市北屯區景賢路257號1樓,20000000,1021227
4479,27605517,味丹生物科技股份有限公司,臺中市沙鹿區興安路81號,239270000,1021223
4480,27607389,勗笙石實業有限公司,臺中市大里區瑞城里美村街69巷3號1樓,3000000,1021220
4482,27611243,方舟科技有限公司,臺中市太平區新高里立德街62號6樓,2000000,1021217
4483,27611709,天月人文休閒旅館股份有限公司,臺中市西屯區潮洋里朝馬三街18號,10000000,1021221
4485,27615445,展琪國際綜合科技有限公司,臺中市北區錦祥里北屯路18號11樓之20,10000000,1021226
4491,27621755,靖鎰企業股份有限公司,臺中市梧棲區草湳里經三路51號,50000000,1021231
4504,27638030,辰觀工程有限公司,臺中市北區陝西東二街38號3樓之15,2000000,1021227
4506,27639191,英普連牙科器材股份有限公司,臺中市西區三民西路77號7樓,4000000,1021216
4507,27640774,同心興業有限公司,臺中市烏日區前竹里光明路157巷76弄8號,3500000,1021203
4522,27654100,泓輪國際企業有限公司,臺中市南屯區南屯里五權西路二段666號14樓之4,16000000,1021216
4532,27664156,錦程電機有限公司,臺中市大里區西湖里草堤路100巷11號,13000000,1021227
4534,27666210,普強貿易有限公司,臺中市南區文心南十路115巷2號13樓之1,1000000,1021224
4539,27673578,泰廣科技有限公司,臺中市西屯區西墩里黎明路三段333號1樓,20000000,1021211
4542,27678709,禾鎧科技有限公司,臺中市太平區德隆里德利路1號,500000,1021204
4603,27749401,元坊興業有限公司,臺中市太平區新平路二段151號1樓,2686365,1021225
4629,27772628,綠興科技股份有限公司,臺中市大雅區中清路四段428號,450500000,1021224
4634,27776146,國泰洋酒股份有限公司,臺中市北區五權路235號1樓,262310000,1021223
4635,27777356,喬懋實業有限公司,臺中市東區十甲里東英十二街34號1樓,2000000,1021216
4646,27786192,凡谷興業有限公司,臺中市南屯區大墩十街300號8樓之2,160000000,1021220
4649,27788831,宏科資訊有限公司,臺中市西屯區西屯路二段256巷6號19樓之3,3000000,1021210
4655,27794329,林之林科技股份有限公司,臺中市大雅區二和里雅潭路296之13號,48700000,1021218
4656,27796142,義烊精密工業有限公司,臺中市太平區甲堤路568號,4500000,1021224
4674,27808479,博奇大飯店股份有限公司,臺中市中區雙十路1段5號,2000000,1021220
4678,27811349,紳程有限公司,臺中市清水區南社里南華路6巷77弄46-1號1樓,10000000,1021218
4684,27816490,家地麗國際股份有限公司,臺中市南區建國南路1段242號1樓,1000000,1021220
4686,27817505,綠誠生物科技食品有限公司,臺中市西屯區大河里大河街32巷21號1樓,58000000,1021210
4687,27818103,基石建設股份有限公司,臺中市西屯區市政路500號7樓之6,10000000,1021226
4691,27820065,吉代國際通路有限公司,臺中市北屯區平陽里梅川西路4段291號1樓,5000000,1021212
4692,27820430,大菩提生態休閒有限公司,臺中市新社區永源里中和街一段山腳巷55號,4000000,1021203
4694,27822015,三立鷹架有限公司,臺中市北區賴厝里梅川西路３段３９巷３號,1500000,1021227
4711,27832885,賀真軒有限公司,臺中市豐原區豐南街68巷51號,1000000,1021219
4712,27833408,聯勝生物科技有限公司,臺中市龍井區忠和里中山中路二段102號1樓,800000,1021219
4715,27836051,振得興有限公司,臺中市豐原區陽明里自強南街221號2樓,10000000,1021220
4716,27836411,欣鍠機械工業股份有限公司,臺中市神岡區豐洲里豐洲路412-11號1樓,5000000,1021224
4718,27838353,尚昱恆科技工業有限公司,臺中市太平區德隆里華安街12、16號,10000000,1021225
4721,27844242,能輝貿易有限公司,臺中市大里區中興路二段153巷3號10樓,1000000,1021222
4722,27845002,丰閣建築有限公司,臺中市西區三民西路13號3樓之6,1000000,1021230
4737,27856513,金鋐企業股份有限公司,臺中市南區美村路二段415號1樓,10000000,1021227
4741,27859743,得坤詮營造有限公司,臺中市南屯區東興路一段363號1樓,60000000,1021227
4745,27864247,信泉五金有限公司,臺中市太平區德隆里德興街３８號１樓,1500000,1021209
4754,27872062,將鈞金屬工程有限公司,臺中市梧棲區草湳里自強二街86巷15號,5000000,1021220
4758,27874913,全冠精密機械股份有限公司,臺中市龍井區福田里茄投路福頭崙巷55號1樓,5000000,1021219
4759,27876187,佳紹有限公司,臺中市南屯區向心里豐富路311號2樓,1000000,1021210
4760,27877236,威昇工業有限公司,臺中市大甲區頂店里南北一路102號,8000000,1021203
4770,27881549,達人電腦科技有限公司,臺中市南區仁義街47號1樓,500000,1021212
4775,27886489,環球汽車租賃有限公司,臺中市東區雙十路一段4-5號1樓,5000000,1021223
4778,27889599,三櫻生化科技有限公司,臺中市南屯區豐樂里文心南五路426號1樓,10000000,1021202
4781,27894452,台灣防災股份有限公司,臺中市西屯區港尾里中康街157號1樓,40000000,1021226
4794,27910093,國協科技顧問有限公司,臺中市南屯區大同里東興路二段186號4樓之5,10000000,1021210
4799,27913839,丞凌有限公司,臺中市西區建國北路三段28號1樓,1000000,1021225
4801,27916420,郁順工程有限公司,臺中市西屯區西屯路三段188號,1000000,1021218
4806,27920661,寅豐投資有限公司,臺中市西屯區大聖街467巷10號1樓,35000000,1021225
4811,27925292,英屬維京群島商韋豐利有限公司,臺中市西區臺灣大道2段459號14樓,161000000,1021230
4813,27928072,薩摩亞商知識國際股份有限公司,臺中市西區民龍里英才路530號20樓之2,10000000,1021211
4820,27940499,香港商世界健身事業有限公司,臺中市東區復興路4段186號9樓,111200000,1021209
4885,28000966,金群科技股份有限公司,臺中市沙鹿區鹿寮里中山路535號13樓之4,25000000,1021211
4901,28012338,睿豪資訊科技有限公司,臺中市南屯區永春東路616號1樓,500000,1021202
4902,28013505,佑慶建設股份有限公司,臺中市東區東英五街62號3樓,5000000,1021212
4905,28015139,晨詮國際有限公司,臺中市清水區南社里中華路259號1樓,500000,1021212
4907,28016974,智雅科技有限公司,臺中市北區錦村里進化路342號1樓,3000000,1021220
4911,28021483,紳升企業有限公司,臺中市神岡區豐洲里豐洲路361巷1號,500000,1021205
4913,28023139,明慶科技有限公司,臺中市北區錦祥里北屯路8巷1之3號5樓,4000000,1021226
4916,28024783,祐任生化科技股份有限公司,臺中市西屯區工業區三十四路40-1號,16000000,1021211
4928,28032025,普羅事業股份有限公司,臺中市西屯區協和里安和路14-1號1樓,1000000,1021214
4933,28034776,筌振實業股份有限公司,臺中市霧峰區吉峰里民生路198巷23弄8號,12000000,1021210
4936,28035374,伊麗緹克國際股份有限公司,臺中市北屯區北屯路435之8號,10000000,1021204
4941,28039370,聖邦國際有限公司,臺中市西屯區何仁里文心路三段104號1樓,10000000,1021205
4943,28040329,伸尉企業有限公司,臺中市大里區中興路２段日新巷５３弄９號１樓,500000,1021204
4945,28040783,信瑩自動控制有限公司,臺中市大里區公教街192號1樓,500000,1021202
4950,28044015,統黏裝黏科技有限公司,臺中市豐原區北陽里中陽路537巷5號4樓,1000000,1021226
4952,28047462,曜笙興業有限公司,臺中市太平區中山路1段322巷61-1弄13號1樓,1000000,1021205
4954,28048639,金技貿易有限公司,臺中市南屯區豐樂里東興路一段498號2樓,5000000,1021202
4961,28052577,郁晨實業有限公司,臺中市潭子區復興路二段50巷3弄9號1樓,10000000,1021224
4963,28054033,孚鑫機械科技有限公司,臺中市太平區中政里中興東路28號2樓,500000,1021205
4970,28061294,東方巨龍國際有限公司,臺中市潭子區家興里大通街73巷5號1樓,5000000,1021218
4977,28066256,泉隆鑿井工程有限公司,臺中市南區福田三街111號1樓,10000000,1021205
4980,28071504,東威設計開發有限公司,臺中市清水區武鹿里中央路54-6號,6000000,1021210
4988,28075781,大埔美開發股份有限公司,臺中市西區忠明南路61號11樓,250000000,1021230
4995,28080692,慎昌貿易有限公司,臺中市豐原區田心里合作街37巷56弄6號,1000000,1021212
5001,28083614,展煜實業股份有限公司,臺中市南區和平里復興路2段38之12號12樓,1000000,1021209
5003,28084135,辰暉科技有限公司,臺中市北區一中街237號2樓,1000000,1021204
5005,28085438,大力國際有限公司,臺中市西屯區黎明路三段353號1樓,14000000,1021221
5008,28087560,楠樺國際有限公司,臺中市南屯區大同里大進街1號5樓之2,5000000,1021218
5009,28089504,愛比堤股份有限公司,臺中市龍井區龍泉里沙田路五段龍目井巷76號1樓,20000000,1021219
5016,28099025,羽揚環型變壓器有限公司,臺中市梧棲區永安里中央路一段95號,500000,1021220
5018,28101063,輔德高分子股份有限公司,臺中市外埔區永豐村六分路3之1號,691284000,1021212
5020,28101583,漢新不動產經紀有限公司,臺中市西屯區何厝里漢口路二段11號1樓,1000000,1021223
5027,28104245,廣一五金實業股份有限公司,臺中市北區忠明路211號10樓之5,1000000,1021221
5028,28104759,四通衛浴有限公司,臺中市北屯區敦化路一段452號,1000000,1021202
5031,28106623,天機通信有限公司,臺中市北區大雅路253-1號1樓,1000000,1021219
5034,28111695,力友家俱有限公司,臺中市大雅區上雅里神林南路43巷45號1樓之2,1000000,1021203
5038,28120863,福益資產管理有限公司,臺中市南屯區大業里大昌街460號1樓,7500000,1021226
5043,28124777,日欣安全科技有限公司,臺中市北屯區永定二街５２號１樓,500000,1021211
5050,28127958,聯達工程技術顧問有限公司,臺中市西區忠義街40號,3500000,1021223
5051,28128582,鈺鑫金屬有限公司,臺中市太平區宜欣里宜昌東路23巷49弄11號1樓,8000000,1021210
5052,28130118,合易欣實業有限公司,臺中市西屯區何源里河南路160之1號6樓之2,1000000,1021226
5055,28130736,永鎰電機有限公司,臺中市沙鹿區六路里六合路133號1樓,3000000,1021217
5057,28132495,木蘭食品有限公司,臺中市大雅區民富街１１５號１樓,1000000,1021216
5061,28135535,智拓網路有限公司,臺中市北區明德里太原南二街159號9樓之2,1005000,1021225
5062,28135943,衣皓實業有限公司,臺中市北區新興里太平路21號2樓,3000000,1021230
5065,28138842,台灣高鐵停車場有限公司,臺中市南屯區大業里大墩十七街31號1樓,10000000,1021224
5067,28140848,達美複合材料有限公司,臺中市西屯區上安路138號1樓,5000000,1021220
5071,28142037,立特精密科技有限公司,臺中市豐原區北陽里圓環東路684巷9弄15號1樓,600000,1021202
5074,28143248,泓記實業有限公司,臺中市北區大雅路513號1樓,500000,1021218
5075,28143330,瑞璱有限公司,臺中市北屯區平德里綏遠路２段１５巷１號１樓,1000000,1021211
5086,28151507,集盈科技股份有限公司,臺中市潭子區潭子街3段公廳巷69號1樓,25000000,1021225
5087,28151909,元強聚合保險代理人股份有限公司,臺中市北屯區文心路４段８７３號５樓之１,6000000,1021212
5089,28153982,竣詠投資有限公司,臺中市南屯區五權西路二段666號13樓之2,3100000,1021217
5093,28158706,鴻碩精密機械股份有限公司,臺中市烏日區興祥街167巷18號6樓,1000000,1021218
5105,28168021,立亙有限公司,臺中市大雅區三和里建興路208號1樓,500000,1021209
5177,28227197,台通科技股份有限公司,臺中市大里區金城里塗城路852巷16之4號,200000000,1021229
5212,28310821,全聚寶資源回收有限公司,臺中市北屯區平安里文昌東六街46號1樓,1000000,1021231
5240,28337862,逢甲商務旅館股份有限公司,臺中市西屯區西屯路二段275-2號1樓之1、2樓之1、2樓之2、3樓之1、3樓之2、3樓之2、3樓之3、4樓之1、4樓之2、4樓之3、5樓之1、5樓之2、6樓之1、6樓之2、7樓之1、7樓之2、7樓之3、7樓之4、8樓之1、8樓之2、8樓之3、8樓之4、9樓之1、9樓之2、10樓之1、11樓之1、地下1樓之2、地下1樓之3,81000000,1021204
5245,28340108,駿聯模型股份有限公司,臺中市北屯區水景里景賢南二路126號1樓,5000000,1021212
5249,28342128,茱麗葉精品有限公司,臺中市西區五權西路一段55號,6000000,1021213
5250,28343745,富銘生物科技股份有限公司,臺中市霧峰區南柳里新厝路261巷10弄22號,5000000,1021209
5256,28347550,華達國際海運股份有限公司,臺中市西屯區何仁里天水西街10號1樓,1200000000,1021204
5259,28350230,三緣室內裝修有限公司,臺中市大甲區孟春里通天路207巷101號,500000,1021210
5263,28352552,禾鼎工業有限公司,臺中市大里區仁德里吉祥街61巷22號1樓,500000,1021203
5265,28352954,震合工業有限公司,臺中市北屯區新平里大鵬路76號2樓,4700000,1021225
5266,28353243,廣慶興倉儲物流有限公司,臺中市沙鹿區六路里臺灣大道6段488號,25000000,1021227
5270,28355468,京華煙雲企業股份有限公司,臺中市西區五權七街60號2樓,1500000,1021213
5271,28357162,松峰戶外有限公司,臺中市大里區永隆里國光路二段705號,7000000,1021228
5274,28357851,捷恩麥克生物科技有限公司,臺中市大里區新里里爽文路596號5樓之1,6000000,1021212
5276,28359767,盛大建設股份有限公司,臺中市西屯區華美西街2段311號7樓之1,500000000,1021227
5277,28359886,鈞準科技有限公司,臺中市南區仁和路129巷5號1樓,10000000,1021211
5286,28365557,邑晉企業有限公司,臺中市東區東信里東富街110號1樓,5000000,1021227
5288,28367957,佳圓永業有限公司,臺中市西區公正里公益路363號8樓之8,5000000,1021211
5298,28371951,台灣數位光訊科技股份有限公司,臺中市梧棲區中華路一段1098號1樓,1100000000,1021212
5300,28373177,全腦小哈佛文教有限公司,臺中市北屯區文心路三段447號5樓,5000000,1021223
5303,28374887,茂益工業有限公司,臺中市大雅區上楓里民生路三段58號1樓,500000,1021230
5305,28375984,恒郕科技股份有限公司,臺中市北區建興里衛道路127巷12號1樓,10000000,1021214
5320,28385625,新大華機械股份有限公司,臺中市北區文心路四段182號地下1層之1,5000000,1021203
5327,28391008,康健健康管理顧問股份有限公司,臺中市大里區東興里國光路二段540-2號,10000000,1021220
5329,28392739,榮成興業股份有限公司,臺中市西屯區協和里工業區十路5號1樓,28000000,1021223
5341,28403721,祿旺機電有限公司,臺中市北區賴村里健行路548號1樓,1000000,1021210
5345,28407037,台灣航天開發有限公司,臺中市沙鹿區居仁里臺灣大道七段1050號1樓,500000,1021220
5349,28408599,健猷印刷股份有限公司,臺中市烏日區烏日里環河北路328號2樓,3000000,1021202
5351,28409838,佢霖股份有限公司,臺中市太平區長億里17鄰永成北路128巷21弄1號,3000000,1021226
5360,28429855,瑞士商瑞翔自行車有限公司,臺中市北屯區松竹里河北路179號,500000,1021205
5381,28448311,安椐國際科技有限公司,臺中市西屯區永安里玉門路482號22樓之2,1000000,1021221
5426,28473182,建鈺股份有限公司,臺中市豐原區社皮里圓環西路23號12樓,25000000,1021223
5460,28492218,新野生物科技有限公司,臺中市西屯區何成里文心路二段562-1號3樓之1,500000,1021220
5461,28492527,上稜影像科技有限公司,臺中市大雅區大雅里中清東路69號2樓,500000,1021201
5472,28506022,易立威機電股份有限公司,臺中市霧峰區中正路1281巷2號1樓,10000000,1021217
5473,28506661,威立精密股份有限公司,臺中市太平區永義八街18號,12000000,1021225
5479,28510980,君智科技有限公司,臺中市北屯區東光里20鄰遼寧路一段6之1號5樓,500000,1021230
5480,28511849,豐晨貿易有限公司,臺中市西屯區福星路373號2樓,29500000,1021223
5485,28513327,德福人力仲介有限公司,臺中市西屯區福雅里臺灣大道四段786巷14號1、2樓,5000000,1021230
5492,28517251,順揚汽車零件股份有限公司,臺中市大里區樹王里東興路516號,2000000,1021220
5499,28521380,南賢工程有限公司,臺中市豐原區北陽里向陽路320號3樓,1000000,1021224
5500,28522064,卡順興業有限公司,臺中市南屯區文山北巷5-9號,1000000,1021219
5510,28531704,天雅國際股份有限公司,臺中市南屯區河南路四段730號1樓,5000000,1021204
5515,28534836,中友建材有限公司,臺中市東區東興里建德街３６號,500000,1021224
5521,28537411,民權科技有限公司,臺中市中區柳川里民權路164號,500000,1021212
5526,28542104,柏揚系統科技股份有限公司,臺中市豐原區田心里中山路83號10樓,50000000,1021209
5531,28545622,凱拓廣告工程有限公司,臺中市西屯區西屯路二段105-7號,1000000,1021210
5532,28546214,冠華育樂股份有限公司,臺中市梧棲區中華路一段1098號,471936670,1021203
5535,28548487,丞峰鋼鐵有限公司,臺中市霧峰區霧工三路18號,40000000,1021225
5545,28557133,萬懋建設有限公司,臺中市沙鹿區向上路六段840號1樓,3000000,1021203
5548,28563901,妙春國際股份有限公司,臺中市南屯區工業區24路4號2樓,2000000,1021213
5549,28564036,佳鎮建設股份有限公司,臺中市北屯區平田里瀋陽路3段392號1樓,10000000,1021205
5570,28579018,楊鐵精密股份有限公司,臺中市太平區永平路三段9巷28號,200000000,1021223
5573,28581598,閎彥國際有限公司,臺中市西區臺灣大道二段307號19樓,500000,1021202
5575,28582668,日宏機械有限公司,臺中市烏日區前竹里中山路1段和平巷77號1樓,500000,1021219
5636,28622818,鴻鑫資產管理股份有限公司,臺中市西屯區臺灣大道二段910號13樓之1,234000000,1021224
5638,28623696,日升昌開發建設有限公司,臺中市南屯區文心南三路160號1樓,6000000,1021201
5640,28626069,招財進寶食品有限公司,臺中市大肚區大東里自由路299巷21弄20號1樓,500000,1021226
5645,28627567,雅棋德科技有限公司,臺中市大雅區西寶里昌平路四段282南十一巷15號,6000000,1021226
5648,28630296,永寶科技股份有限公司,臺中市北屯區松安里松安街129號1樓,9000000,1021226
5653,28636186,聯成通訊有限公司,臺中市南區城隍里台中路１６８號１樓,1000000,1021220
5668,28646966,大京全球科技有限公司,臺中市西屯區福中里福中十一街10巷2號1樓,1000000,1021202
5671,28650285,東政科技有限公司,臺中市北區明德里忠太西路74號1樓,1000000,1021222
5672,28650927,佐漢股份有限公司,臺中市南屯區春社里永春南路126號1樓,1000000,1021203
5684,28656339,岠昇興業有限公司,臺中市大雅區西寶里昌平路四段282南七巷31弄7號1樓,1500000,1021230
5689,28659672,群策股份有限公司,臺中市南區樹義5巷137弄28號,10000000,1021230
5702,28668588,凌浦股份有限公司,臺中市烏日區中山路一段369巷15號1樓,10000000,1021216
5703,28670183,榮陞國際事業有限公司,臺中市北屯區敦化路一段599號16樓之16,500000,1021212
5716,28678283,蜜澳國際有限公司,臺中市北屯區進化北路59號2樓,1000000,1021212
5740,28696894,億豐綜合工業股份有限公司,臺中市南屯區同心里五權西路2段236號19樓之1,2500000000,1021218
5788,28722859,騏瑞有限公司,臺中市豐原區南陽路59巷73號1樓,1000000,1021208
5792,28724619,何興企業股份有限公司,臺中市大雅區四德里雅環路一段116號,1000000,1021229
5809,28737109,桑緹亞股份有限公司,臺中市后里區星科路8號,2355000000,1021223
5829,28749978,旭程興業有限公司,臺中市北屯區平和里梅川西路四段286號3樓之1,10050000,1021209
5830,28750382,新和生活科技股份有限公司,臺中市南區積善里五權南路680巷19號1樓,7000000,1021225
5831,28750587,御豐股份有限公司,臺中市西屯區朝貴路101號2樓,5000000,1021203
5837,28752608,和信成建設有限公司,臺中市南區崇倫里忠明南路594號,10000000,1021224
5842,28758265,台灣塑加有限公司,臺中市豐原區南陽里10鄰南陽路301巷40-1號,13000000,1021223
5843,28758271,令家族企業有限公司,臺中市北區新北里一中街217號2樓,10000000,1021225
5846,28759145,貫群精工股份有限公司,臺中市龍井區忠和里8鄰台西南路212巷6號1樓,15000000,1021220
5850,28761058,永倖企業有限公司,臺中市太平區興隆里光興路1266巷11號1樓,1000000,1021218
5855,28764267,翔晟科技有限公司,臺中市太平區太文路71巷69號1樓,500000,1021223
5859,28767980,奕勝康有限公司,臺中市大雅區二和里雅環路一段271巷23號1樓,1000000,1021211
5862,28768833,睿辰工程顧問有限公司,臺中市西區中美街326號,1000000,1021209
5866,28773569,捷揚小客車租賃有限公司,臺中市南屯區大墩十三街23號1樓,5000000,1021220
5869,28776279,賀生開發有限公司,臺中市豐原區大湳里圓環北路1段319號,29500000,1021217
5870,28776290,大器資訊有限公司,臺中市龍井區龍泉里沙田路5段30巷50之2弄6號1樓,500000,1021204
5872,28777404,緗品科技實業有限公司,臺中市北屯區松竹里熱河路三段86號1樓,3300000,1021203
5880,28783588,鑫源晟工程有限公司,臺中市大里區仁德里至善路89號1樓,1000000,1021214
5888,28789773,寶羅國際寵物美容股份有限公司,臺中市北區中清路一段633號2樓,5000000,1021216
5894,28792209,精饌股份有限公司,臺中市西區民龍里臺灣大道二段309號18樓之2,20000000,1021224
5895,28792257,長鴻電信股份有限公司,臺中市烏日區三和里中山路三段336號,27000000,1021204
5896,28793447,賜福科技股份有限公司,臺中市大雅區科雅路33號3樓,544446000,1021209
5904,28800860,力名有限公司,臺中市北區進化路575號2樓之1,3000000,1021225
5907,28802425,宏尚景觀營造有限公司,臺中市梧棲區中正里東建路94號1樓,15000000,1021216
5908,28802895,山水興事業有限公司,臺中市大里區中新里新生路123號1樓,20000000,1021226
5929,28814772,新月餐飲股份有限公司,臺中市西區五權七街60號2樓,35100000,1021203
5933,28816244,新銘泰藥品有限公司,臺中市太平區永豐路327-3號1樓,1000000,1021205
5935,28817193,橋品實業有限公司,臺中市清水區秀水里中清路九段282號1樓,1000000,1021225
5975,28835431,德翰投資有限公司,臺中市大甲區庄美里興安路138號之192,15000000,1021213
6031,28874356,群鋒機械有限公司,臺中市大里區太平里永平路三段52巷38號1樓,5000000,1021223
6035,28876988,威猛巴頓菲爾有限公司,臺中市西屯區協和里工業區三十六路16號,25000000,1021220
6036,28877403,天壇人力顧問有限公司,臺中市西屯區福和里臺灣大道四段925號19樓之5,9000000,1021225
6039,28878917,雲道國際有限公司,臺中市大雅區員林里中清路三段26號1樓,6000000,1021203
6040,28879042,鼎尉科技有限公司,臺中市南區工學一街159號1樓,1000000,1021226
6043,28880272,基信科技股份有限公司,臺中市西屯區青海路2段153號13樓之8,6000000,1021220
6050,28884164,布林系統傢俱有限公司,臺中市西區三民里三民路一段127巷3號,1000000,1021213
6051,28884208,寶龍開發實業有限公司,臺中市西屯區青海路二段153號8樓之7,1000000,1021226
6054,28885255,承維實業有限公司,臺中市神岡區神圳路25-5號1樓,1000000,1021219
6055,28885348,傑思特有限公司,臺中市沙鹿區竹林里中山路36巷6號1樓,2000000,1021224
6056,28885847,亞竣股份有限公司,臺中市西屯區惠來里府會園道169號3樓,25000000,1021230
6065,28890659,富爾泰企業有限公司,臺中市太平區新福里旱溪西路二段168號,20000000,1021204
6066,28890969,吉鎮建設有限公司,臺中市西屯區順和二街48號,3500000,1021218
6072,28895211,璞實實業有限公司,臺中市南區南和路197號1樓,1000000,1021209
6074,28896128,東安生技實業股份有限公司,臺中市西屯區何福里寧夏路132號,55671750,1021201
6076,28897702,矩富企業有限公司,臺中市北區賴興里文心路4段208-1號5樓之2,500000,1021219
6077,28898511,台全興業有限公司,臺中市烏日區憬學街１９號１樓,1000000,1021209
6078,28899075,誼鴻國際智慧財產有限公司,臺中市西屯區大鵬里文心路3段241號9樓之1,900000,1021213
6079,28901115,多勝貿易有限公司,臺中市西區精誠五街10號1樓,5000000,1021225
6088,28905506,賀泰奈米科技有限公司,臺中市中區綠川西街137號9樓之4,5000000,1021218
6104,28913999,懋得有限公司,臺中市太平區鵬儀路318-1號,9500000,1021226
6113,28917518,凌偉股份有限公司,臺中市大甲區武曲里大安港路208號1樓,5000000,1021230
6118,28919966,堤姆維爾品牌形象設計有限公司,臺中市北屯區崇德十路二段298號1樓,1000000,1021226
6124,28922168,台穎系統科技有限公司,臺中市潭子區東寶里大德北路41號1樓,5000000,1021223
6125,28923455,全農保險代理人股份有限公司,臺中市大里區東興里大明路393-8號一樓,3000000,1021226
6130,28925046,優擎科技有限公司,臺中市南屯區三義里干城街328號3樓之1,6000000,1021227
6133,28927712,進優科技有限公司,臺中市豐原區社皮里三角路340、342、344號,10000000,1021219
6151,28937541,六星開發股份有限公司,臺中市南屯區文心路一段186號10樓之9,3000000,1021202
6153,28938204,特羅亞有限公司,臺中市沙鹿區星河路236號1樓,500000,1021205
6156,28939668,和言文化事業有限公司,臺中市南區柳川東路一段86號1樓,500000,1021202
6158,28942397,浤林有限公司,臺中市西區公民里忠仁街70號1樓,500000,1021204
6161,28943902,金長宏興業有限公司,臺中市大里區工業路宏巨二巷2弄51號1樓,1000000,1021220
6162,28944846,佳成建設股份有限公司,臺中市西區臺灣大道二段501號21樓之1,200100000,1021212
6166,28947560,唐鑫有限公司,臺中市西屯區福雅路166號14樓之3,5000000,1021227
6167,28948147,台展科技有限公司,臺中市西區臺灣大道二段285號13樓之2,15000000,1021224
6169,28948836,主力空調設備有限公司,臺中市南屯區楓樹里黎明路一段316號1樓,3000000,1021204
6170,28949384,維盛機械有限公司,臺中市沙鹿區三鹿里向上路七段52號6樓,2000000,1021209
6171,28949645,陳羿冲設計事業有限公司,臺中市西區美村路一段117巷5號1樓,3000000,1021224
6175,28952330,青壤工程股份有限公司,臺中市北區五常里五權路375號9樓,5000000,1021217
6181,28957975,信宥有限公司,臺中市大甲區孟春里中山路二段89號,10000000,1021219
6182,28958910,清和印刷科技有限公司,臺中市后里區太平里四月路63號1樓,500000,1021225
6185,28960351,點子工場國際媒體行銷股份有限公司,臺中市北區中達里華中街25號1樓,2000000,1021216
6189,28963505,味道國際股份有限公司,臺中市西區五權西路一段122號1樓,8000000,1021226
6196,28968749,普力瑪泰克有限公司,臺中市西屯區協和里工業區37路1號,2500000,1021206
6197,28969000,柯林頓工程股份有限公司,臺中市南屯區文心里大墩七街231號2樓,5000000,1021210
6198,28969819,金饌人力仲介有限公司,臺中市西屯區何源里華美西街二段311號9樓之3,7000000,1021228
6212,28983158,英屬安圭拉商豐瑞盛世有限公司,臺中市南屯區大墩十二街292之2號,1010000,1021230
6213,28985732,美商斯貝特自行車股份有限公司,臺中市南屯區工業區18路31號,5250000,1021224
6220,28992972,塞席爾商台品展業有限公司,臺中市西屯區何成里大容西街67號3樓之2,5000000,1021220
6224,29000036,貝里斯商進階教育股份有限公司,臺中市北屯區水湳里文心路3段447號19樓之1,29500000,1021227
6355,29085219,喜多樂國際有限公司,臺中市南屯區同心里南屯路二段342號,1200000,1021224
6362,29087379,司諾奇數位有限公司,臺中市北屯區松強里昌平路二段12之12號一樓,1000000,1021219
6367,29093061,佑澧有限公司,臺中市西屯區上安里至善路58號6樓之2,1000000,1021206
6368,29094569,台灣威諾斯漢機床股份有限公司,臺中市大雅區昌平路四段282北六巷37號,5000000,1021227
6369,29095130,寬德信置業股份有限公司,臺中市西屯區大祥街142號1樓,10000000,1021231
6372,29096905,程暘實業有限公司,臺中市東區樂成里振興路263號1樓,3000000,1021214
6375,29098489,台灣金財產保險代理人股份有限公司,臺中市北區文莊里大雅路57號5樓之5,3000000,1021219
6377,29099348,亞洲慧宇納米科技有限公司,臺中市西區忠誠里臺灣大道二段512號3樓,880000,1021206
6378,29100056,友仁蔘藥有限公司,臺中市南區福田路158巷1號1樓,6250000,1021218
6381,29101983,科恩股份有限公司,臺中市大里區內新里元堤路1段308號,2000000,1021210
6382,29103336,沐田設計研發有限公司,臺中市北屯區安順東一街40號1樓,3000000,1021224
6385,29104829,亞環育樂有限公司,臺中市大雅區上雅里雅環路二段10號1樓,500000,1021212
6396,29110483,藍特貿易有限公司,臺中市西區吉龍里27鄰美村路一段771巷1號3樓之1,1000000,1021217
6408,29118751,宙詳科技有限公司,臺中市南區國光里台中路442號1樓,5000000,1021203
6409,29119055,今機工業股份有限公司,臺中市霧峰區本鄉里草湖路135巷21號1樓,12000000,1021204
6511,29182612,台灣倉敷機械股份有限公司,臺中市后里區后里里1鄰后科南路32號,264000000,1021220
6588,33259508,國光生物科技股份有限公司,臺中市潭子區潭興路1段3號,1858142220,1021203
6591,33323868,新台灣紡織股份有限公司,臺中市沙鹿區居仁里臺灣大道七段955號,41500000,1021228
6633,34118437,研新股份有限公司,臺中市西屯區協和里工業區七路11號,22000000,1021212
6686,34591102,鉅明營造股份有限公司,臺中市南屯區文心路一段521號6樓之10,180000000,1021225
6764,36255575,豐申營造有限公司,臺中市霧峰區中正路37之3號1樓,60000000,1021223
6856,45799944,新興造林股份有限公司,臺中市霧峰區中正路文化巷13號,300000,1021231
6870,47182733,竹揚通運股份有限公司,臺中市大肚區磺溪里文昌二街63號,29500000,1021231
6901,51081292,崧富營造有限公司,臺中市西區東興路三段160號11樓之3,130000000,1021217
6902,51324586,佳隆企業股份有限公司,臺中市南屯區大墩路457號12樓之4,27300000,1021227
6903,51420032,長興塑膠股份有限公司,臺中市北屯區東山路一段369之4號,15000000,1021216
6904,51485604,信泰鋼鐵股份有限公司,臺中市西區忠明里長春街56號1樓,110000000,1021212
6905,51506208,信義美術印刷股份有限公司,臺中市潭子區中山路一段285-2號1樓,20000000,1021203
6906,51644407,朝金股份有限公司,臺中市西區臺灣大道二段409號1樓,1000000,1021225
6907,51798508,源豐精密科技股份有限公司,臺中市西屯區林厝里福雅路679號,180000000,1021209
6908,51804070,輔隆實業股份有限公司,臺中市東區大公街20號1樓,5000000,1021220
6909,51807345,嘉濱大飯店有限公司,"臺中市北區光大里五權路276號1-5樓.272.274號2-5樓,光大里太平路221號2之5樓",10620000,1021231
6910,51809815,台光橡膠塑膠股份有限公司,臺中市中區中華路一段55之2號,8000000,1021203
6912,52217091,仁山實業股份有限公司,臺中市北屯區軍功里軍功路二段550巷28號,4300000,1021209
6913,52225233,清聯交通事業有限公司,臺中市北屯區東山路一段140巷17號1樓,2000000,1021203
6915,52242042,林信義鐵材有限公司,臺中市東區東門里東光園路106號1樓,7500000,1021210
6916,52252505,隆泰鐵工廠有限公司,臺中市北屯區軍和街147號2樓,20000000,1021224
6917,52269105,王泰實業股份有限公司,臺中市南屯區工業區21路19號1樓,37500000,1021212
6918,52271242,大石實業股份有限公司,臺中市大里區仁化路432號,8000000,1021219
6919,52291155,三有樹脂股份有限公司,臺中市中區建國路161號,66000000,1021203
6920,52292345,佳毅企業股份有限公司,臺中市北屯區三光里東山路一段14號2樓,6500000,1021220
6921,52307706,益利泰投資股份有限公司,臺中市中區民權路102號7樓701室,2100000,1021203
6922,52309606,中建開發事業股份有限公司,臺中市西屯區台中港路三段123號27樓之2,48160000,1021212
6923,52327891,利台貨運有限公司,臺中市南區工學三街18號,20000000,1021219
6924,52332043,台中液化石油氣分裝場股份有限公司,臺中市沙鹿區埔子里台灣大道六段226號,29800000,1021213
6925,52336224,三源鐵工廠股份有限公司,臺中市龍井區新東里新興路25巷2弄22號1樓,5000000,1021215
6926,52353530,程泰機械股份有限公司,臺中市西屯區協和里工業區五路13號,967430480,1021226
6927,52408872,臺中河音樂器有限公司,臺中市南屯區南屯里黎明路一段1027號,1000000,1021204
6928,52420094,向隆企業股份有限公司,臺中市太平區永成路99巷10號,20000000,1021226
6929,52434724,日太交通器材股份有限公司,臺中市南區長榮里信義南街167號1樓,3012000,1021218
6930,52449613,元山交通企業有限公司,臺中市南區國光里仁和路239號1樓,5000000,1021223
6931,52451526,台茂工業有限公司,臺中市南屯區文心南二路390號12樓之1,5000000,1021225
6932,52452861,全國大飯店股份有限公司,臺中市西區館前路57號,312000000,1021219
6933,52483175,酪多精生物科技股份有限公司,臺中市大里區大元里國中一路25巷2號1樓,50000000,1021217
6934,52512354,山和實業股份有限公司,臺中市西屯區永安里安林路10號,29800000,1021203
6935,52536454,科宏工業股份有限公司,臺中市西屯區工業區三路14號,120000000,1021218
6936,52556248,中良工業股份有限公司,臺中市大雅區四德里中清路1段128巷8號,271250000,1021213
6937,52562945,金儀國際科技股份有限公司,臺中市北屯區僑孝街65號,7600000,1021203
6938,52571389,皇鎰實業有限公司,臺中市南屯區工業區十九路1號,46000000,1021203
6939,52576201,順基企業有限公司,臺中市沙鹿區六路十街110號1樓,9090000,1021210
6940,52634602,啟德電子股份有限公司,臺中市大里區大元里國中路103號,60000000,1021218
6941,52658097,三羽建材股份有限公司,臺中市北屯區后庄路99號1樓,135000000,1021226
6942,52666673,金潤益食品工業有限公司,臺中市西屯區工業區三十二路67之1號2樓,15000000,1021225
6945,52714226,大軍產業股份有限公司,臺中市霧峰區本堂里樹仁路153之5號1樓,21250000,1021204
6946,52726308,向國實業股份有限公司,臺中市北屯區仁美里崇德九路502號1樓,50000000,1021231
6947,52757548,盛復工業股份有限公司,臺中市南屯區工業區20路7號,217450000,1021219
6948,52790770,大自然食業有限公司,臺中市西區公益里向上路一段218巷23號1樓,3000000,1021230
6949,52801376,岦興紙器股份有限公司,臺中市南屯區寶山里工業區20路8號,38000000,1021206
6950,52803775,朝乾精機工業有限公司,臺中市西屯區河南路二段301巷6號,5000000,1021202
6951,52804155,森鐵鋼鐵股份有限公司,臺中市霧峰區南勢里豐正路431號1樓,90000000,1021211
6952,52804697,峰旭塑膠工業股份有限公司,臺中市南屯區文山里保安三街49號1樓,12000000,1021218
6953,52813289,展源工業股份有限公司,臺中市西屯區協和里工業區八路12號,93800000,1021216
6954,52819235,壯觀帷幕牆股份有限公司,臺中市西屯區何南里精明一街20巷7之1號,80000000,1021205
6955,52821008,貿巨企業股份有限公司,臺中市南屯區文山里精科北路25號,60000000,1021204
6956,52864250,廣力電腦股份有限公司,臺中市西區平和里中華路1段9號1樓,10000000,1021205
6957,52866877,旭震企業股份有限公司,臺中市東區泉源里建成路366號1樓,28000000,1021205
6958,52871082,均記貿易有限公司,臺中市南區福新街23號2樓,20000000,1021226
6959,52883242,日祥工程企業有限公司,臺中市北屯區興安路一段49號1樓,10000000,1021225
6960,52889822,春錫機械工業股份有限公司,臺中市太平區工業路189號1樓,275600000,1021231
6961,52895710,億聯琺瑯股份有限公司,臺中市太平區光隆里光興路699巷90號,28300000,1021223
6962,52899981,捷安鋼鐵有限公司,臺中市太平區德隆里工業18路8號,83800000,1021220
6965,52943425,久鎮實業股份有限公司,臺中市大甲區日南里東二街9號,12000000,1021223
6966,52944233,儒新工具股份有限公司,臺中市太平區光隆里興隆路一段76巷37弄30號1樓,3000000,1021223
6967,52945113,昇岱實業股份有限公司,臺中市南屯區文山里精科三路2號,120000000,1021209
6968,52946345,亨全塑膠工業股份有限公司,臺中市烏日區前竹里光明路385巷22號,5000000,1021203
6969,52949244,天賦工業股份有限公司,臺中市西屯區工業區十五路4號,25000000,1021217
6978,53004928,英屬曼島商洛克福有限公司,臺中市西屯區惠來里西屯路2段150號,0,1021219
6980,53007164,香港商豪雅科技光電 (亞洲) 有限公司,臺中市西屯區市政北一路369號5樓之2,0,1021209
6999,53029420,彩妍美容用品有限公司,臺中市西區後龍里民權路302-7號,1000000,1021219
7002,53031657,綠基國際開發有限公司,臺中市北區大雅路454號9樓之15,5000000,1021211
7005,53033156,艾情瑪琲國際婚紗攝影有限公司,臺中市豐原區頂街里博愛街23、25號1樓,500000,1021218
7007,53034232,金鵬連股份有限公司,臺中市太平區聖和里長龍路一段169巷55號1樓,7210000,1021226
7008,53034388,新航國際企業股份有限公司,臺中市北區榮華街156號1樓,1250000,1021221
7009,53035680,三鼎豐建設股份有限公司,臺中市北屯區平田里文心路4段955號8樓之3,15000000,1021202
7010,53037272,弘鵬投資有限公司,臺中市南屯區惠中里公益路二段185號3樓之2,8000000,1021228
7011,53037300,雙星能量工坊有限公司,臺中市潭子區潭北里人和路16號,1000000,1021204
7012,53038027,隆郢營造股份有限公司,臺中市南屯區永定里南屯路二段870巷27號1樓,10000000,1021216
7013,53038498,昌聖先進材料有限公司,臺中市北屯區柳陽東街64號,20000000,1021209
7019,53041228,巨燊生技國際有限公司,臺中市西屯區市政路386號26樓之1,32000000,1021211
7021,53042330,吉貿生物科技股份有限公司,臺中市西屯區工業區三十八路185之1號2樓,15000000,1021220
7023,53043345,來電科技有限公司,臺中市北屯區敦化路一段406巷22號,1000000,1021210
7025,53045619,信成行國際股份有限公司,臺中市西屯區臺灣大道三段660號18樓之5,10000000,1021215
7029,53047433,庭林建設有限公司,臺中市南屯區公益路二段515號1樓,10000000,1021205
7031,53047757,將程有限公司,臺中市北屯區松竹路二段34巷16弄5號1樓,1000000,1021211
7036,53049967,靜源實業有限公司,臺中市西屯區至善路62號9樓,5000000,1021229
7037,53050582,日升昌營造有限公司,臺中市北屯區新平里中清路二段415巷42號,3000000,1021217
7038,53050773,佳輝工具有限公司,臺中市太平區德隆里德明路90巷73號1樓,5200000,1021223
7040,53051230,渼豐表面處理股份有限公司,臺中市烏日區五光里五光路189巷122號,40000000,1021208
7042,53051999,創貿興業有限公司,臺中市太平區大源十五街9號1樓,1000000,1021211
7044,53052884,漢廷不動產開發有限公司,臺中市南屯區文心里大墩路389號1樓,3200000,1021231
7052,53055019,緯斯特有限公司,臺中市神岡區社南里中山路667巷26弄16號,250000,1021223
7053,53055046,葳佩企業有限公司,臺中市潭子區頭家東里中山路一段352號2樓,235000,1021218
7057,53058091,森譁興業股份有限公司,臺中市西屯區逢甲里西屯路2段256巷6號17樓之6,1000000,1021205
7060,53058873,傑普綠色資通訊科技有限公司,臺中市北屯區文心路四段81號9樓之1,500000,1021227
7061,53059009,順力西科技股份有限公司,臺中市豐原區水源路215巷26號,21056000,1021202
7062,53059036,全鼎財產保險代理人有限公司,臺中市北區金龍里德化街63號1樓,3000000,1021223
7064,53060569,姸珊丰有限公司,臺中市烏日區仁德里信義街229號1樓,1000000,1021219
7065,53061504,育廣開發股份有限公司,臺中市南區福平街53-2號1樓,2000000,1021223
7067,53062932,神禾電訊有限公司,臺中市南區積善里學府路10號,500000,1021225
7069,53063475,中霖車業股份有限公司,臺中市北區錦祥里北屯路26號、26-1號、26-2號,16050000,1021213
7074,53064278,莊中有限公司,臺中市西屯區臺灣大道三段658號8樓之3,2000000,1021224
7079,53067388,石簡國際股份有限公司,臺中市北區立人里陝西二街17號1樓,1000000,1021209
7081,53068730,得閎股份有限公司,臺中市潭子區潭陽里潭子街二段15號2樓,1000000,1021222
7082,53069169,璟慶建設有限公司,臺中市北屯區松和里崇德六路一段207號1樓,25000000,1021230
7086,53070659,松營節能科技股份有限公司,臺中市太平區光隆里光興路733巷30號,20000000,1021211
7087,53072072,你的攝影有限公司,臺中市西區五權西四街118號1樓,1000000,1021223
7089,53072994,東禾家電股份有限公司,臺中市西屯區港尾里中清路154巷55號,10000000,1021209
7090,53073353,元旺不動產經紀有限公司,臺中市沙鹿區福興里鎮南路二段123號,300000,1021218
7091,53074276,拉弗利國際有限公司,臺中市西屯區福科路843號1樓,500000,1021202
7175,53114896,臉工坊美妝生技有限公司,臺中市南屯區三和里大富街192號,5000000,1021231
7225,53129223,成眾英企業有限公司,臺中市南屯區大墩四街283號1樓,1000000,1021225
7226,53129429,奕集股份有限公司,臺中市西屯區永昌二街2號4樓,10000000,1021210
7227,53129835,特漾國際有限公司,臺中市東勢區泰昌里東崎路五段250巷11號1樓,200000,1021205
7233,53133198,紘基冷氣空調有限公司,臺中市大雅區昌平路四段218號,2000000,1021211
7234,53133471,宏基國際有限公司,臺中市烏日區榮泉里中山路三段901號,10000000,1021204
7235,53133578,家逸土地開發股份有限公司,臺中市南區福順里忠明南路787號11樓之1,12000000,1021220
7240,53135920,建興創藝有限公司,臺中市清水區文昌里文昌街18號1樓,1000000,1021228
7244,53138320,百進生技股份有限公司,臺中市北屯區后庄里中清路二段808巷13號1樓,3000000,1021210
7245,53138428,九賀工程有限公司,臺中市沙鹿區三鹿里中興路426號7樓,1000000,1021211
7246,53138525,廣機工業有限公司,臺中市西屯區林厝里西林巷48-26號,2500000,1021218
7247,53139313,兆洋光電有限公司,臺中市南屯區惠中里文心路1段378號14樓之7,1000000,1021226
7248,53141556,益昇隆科技有限公司,臺中市太平區太平里永豐路327巷6號,3800000,1021221
7252,53144076,鼎豐複合玻璃工業有限公司,臺中市潭子區栗林里中山路三段493巷12弄8號,15000000,1021205
7256,53146757,至尚生技股份有限公司,臺中市太平區興隆里光興路1266巷22弄5號,3000000,1021225
7258,53147453,華鑫展示架有限公司,臺中市南屯區惠中里文心路一段336號26樓之1,28000000,1021217
7259,53147931,世榆開發股份有限公司,臺中市豐原區永康路213巷55弄21號3樓,4600000,1021225
7261,53148191,金佑興業股份有限公司,臺中市太平區永平路二段450號,10000000,1021209
7265,53150203,六玳實業有限公司,臺中市西屯區協和里工業區39路49號1樓,2000000,1021224
7266,53150512,富昱食品有限公司,臺中市西屯區美滿街2號1樓,1000000,1021227
7269,53150914,永達利科技股份有限公司,臺中市南屯區寶山里工業區二十一路29號,15000000,1021217
7272,53153969,旨味國際股份有限公司,臺中市西屯區臺灣大道三段62號1樓,5000000,1021224
7273,53154088,浩昇科技有限公司,臺中市中區中山路49巷4號1樓,200000,1021218
7275,53154670,貫華科技有限公司,臺中市西區英才路530號23樓之5,10400000,1021213
7277,53155328,常翔實業股份有限公司,臺中市北屯區后庄里中清路二段1020號5樓,8000000,1021216
7280,53157043,麒龍貿易有限公司,臺中市清水區中央路43巷7號1樓,1000000,1021205
7282,53157402,逸萍企業有限公司,臺中市大肚區蔗廍村遊園路二段77號1樓,1000000,1021205
7283,53157439,金菱貿易有限公司,臺中市北屯區同榮里環中路一段1432號1樓,10000000,1021216
7288,53160589,特美迪國際股份有限公司,臺中市北區淡溝里博館路87號11樓,17800000,1021223
7290,53161052,台灣綠能開發股份有限公司,臺中市南屯區大墩十二街383號1樓,20000000,1021209
7291,53161193,有富股份有限公司,臺中市霧峰區五福里五福路468巷9-7號1樓,1000000,1021205
7295,53161736,鋐威有限公司,臺中市太平區宜昌東路20號,6500000,1021204
7297,53162904,大青節能科技股份有限公司,臺中市大雅區秀山里科雅路38號3樓,300000000,1021225
7300,53164614,美德生物科技有限公司,臺中市西區忠明南路373號,800000,1021209
7309,53168766,允坦科技股份有限公司,臺中市大里區工業十路26號,150000000,1021210
7313,53170593,宜哲生化科技股份有限公司,臺中市北屯區水景里景賢二路460號1樓,3000000,1021217
7320,53172781,九上開發工程有限公司,臺中市南屯區文心里大英西一街70號1樓,1000000,1021217
7321,53173022,橋鴻工程有限公司,臺中市龍井區龍崗里竹師路二段47巷23號1樓,3000000,1021205
7327,53178032,鈞河國際開發有限公司,臺中市太平區中興里太平路836號2樓,1000000,1021224
7349,53187139,相陽科技實業有限公司,臺中市南區南和二街9號2樓,250000,1021221
7463,53240710,旌旗科技有限公司,臺中市北屯區北屯路428號16樓之12,1000000,1021212
7496,53259294,億鎂國際有限公司,臺中市大雅區中清東路37號1樓,13000000,1021230
7497,53259560,惠眾土地開發有限公司,臺中市西屯區何安里臺灣大道2段910號6樓之5,25000000,1021213
7501,53260763,同創物產科技股份有限公司,臺中市南區南和路38巷20號4樓之20,2000000,1021211
7504,53261257,高醫生技股份有限公司,臺中市西區臺灣大道二段285號16樓,5000000,1021224
7507,53262621,兆暘光電股份有限公司,臺中市北區賴旺里文心路四段182號地下1層之1,16500000,1021203
7511,53266680,可薩瑪果有限公司,臺中市南屯區大墩11街386號1樓,12000000,1021202
7513,53267127,豐名工程有限公司,臺中市北屯區松竹里熱河路三段77號1樓,5000000,1021226
7514,53267196,曄鋒企業有限公司,臺中市大雅區和平路185號1樓,1000000,1021209
7517,53269096,成達行銷有限公司,臺中市大雅區忠義里仁愛南路60號,5000000,1021230
7520,53269650,櫻木町創意美食有限公司,臺中市西屯區西安里西安街38號1樓,500000,1021210
7522,53270137,金賞影音科技有限公司,臺中市龍井區龍東里茄投路一段231巷22號,100000,1021224
7525,53272260,典樣有限公司,臺中市北屯區松安里崇德六路一段39號1樓,3000000,1021205
7526,53272281,亞紀有限公司,臺中市大里區景庄街202巷35弄3號,3000000,1021211
7534,53275506,明沅泰工具股份有限公司,臺中市大甲區義和里重義一路25號2樓,20000000,1021211
7537,53277899,慧聚生技股份有限公司,臺中市大里區成功路51巷20號,9000000,1021226
7547,53279897,飛碩國際實業有限公司,臺中市北屯區平心里遼陽四街86號1樓,1000000,1021211
7550,53280775,東林生活實業有限公司,臺中市大里區新里里愛心路110巷5號3樓,2100000,1021205
7554,53282020,璉樺投資有限公司,臺中市北屯區和平里和祥街33巷46號,39050000,1021224
7555,53282605,富邦國際生醫科技有限公司,臺中市西屯區惠來里39鄰惠中路二段41號2樓,1000000,1021217
7559,53283739,和昇昌股份有限公司,臺中市北屯區同平巷2弄41號1樓,12000000,1021202
7561,53285080,雅格生物科技有限公司,臺中市太平區富平路14號,12000000,1021213
7563,53286258,金昌易股份有限公司,臺中市大雅區三和里雅潭路四段95號,200000,1021224
7568,53288122,德士通事業有限公司,臺中市東區十甲東路363號1樓,1000000,1021225
7570,53288782,玉禧投資股份有限公司,臺中市西屯區臺灣大道二段910號5樓之7,29800000,1021218
7573,53289467,寶群塗裝有限公司,臺中市太平區成功里中興東路346巷10號1樓,1000000,1021202
7575,53290197,佑新工程有限公司,臺中市南屯區三和里黎明東街399號9樓之7,100000,1021210
7576,53290204,赫爾思科技股份有限公司,臺中市西屯區大隆路173號3樓,10000000,1021226
7579,53291956,房西資產管理有限公司,臺中市大雅區中清南路94號,2000000,1021209
7580,53292152,彪鼎工程有限公司,臺中市西屯區福雅里永福路22巷30號1樓,2000000,1021219
7586,53294813,日立光電有限公司,臺中市北區頂厝里永興街338號14樓,1000000,1021206
7590,53295398,立晟食品有限公司,臺中市潭子區中山路三段491號一樓,2000000,1021209
7592,53296024,泓錠機電工程有限公司,臺中市沙鹿區自強路175巷110弄11號3樓,10000000,1021204
7594,53296214,渼憶生技股份有限公司,臺中市梧棲區頂寮里14鄰四維中路22號10樓,10000000,1021231
7597,53296501,崧晟科技有限公司,臺中市南區永興里美村南路173巷19號1樓,3000000,1021231
7598,53296755,聯成管理顧問股份有限公司,臺中市南屯區田心里南屯路二段408號11樓之3,3000000,1021211
7601,53298938,鎮宇開發實業股份有限公司,臺中市南屯區三和里河南路四段456之6號4樓,10000000,1021210
7603,53299606,金億發實業有限公司,臺中市龍井區龍泉里沙田路五段400號1樓,3000000,1021209
7604,53300060,瑞得工業股份有限公司,臺中市西區公益路130號3樓,1500000,1021209
7605,53300435,鼎鴻事業有限公司,臺中市南屯區文心路一段66號2樓,500000,1021209
7611,53302433,有晶有限公司,臺中市南區西川里祟倫北街101號1樓,10000000,1021223
7618,53303799,好事多不動產經紀有限公司,臺中市南屯區大墩南路394號1樓,1000000,1021226
7619,53304299,大任科技有限公司,臺中市南屯區永定里黎明路二段50號9樓之1,1000000,1021213
7622,53306584,致益興業有限公司,臺中市南屯區同心里文心路一段186號13樓之5,8500000,1021212
7624,53306986,久安科技有限公司,臺中市大里區新里里德芳一街136號2樓,1000000,1021202
7626,53308838,帝德國際實業股份有限公司,臺中市霧峰區甲寅里錦州路130號1樓,5000000,1021218
7627,53309013,廣虹國際有限公司,臺中市神岡區民權一街56巷15號1樓,50000,1021218
7647,53317061,派通實業有限公司,臺中市豐原區西安里瑞安街102號,5000000,1021210
7750,53359385,凱赫企業股份有限公司,臺中市大雅區文雅里中山北路140號,5000000,1021225
7752,53360572,翰集林股份有限公司,臺中市南屯區三和里黎明路二段382、382之1號,4459000,1021216
7755,53361565,家誠不動產經紀有限公司,臺中市西區中興里美村路一段152號,500000,1021210
7756,53363022,敬順實業股份有限公司,臺中市北屯區北屯路366號9樓之1,5000000,1021212
7757,53363395,久旺國際實業有限公司,臺中市南區國光路363巷28號1樓,400000,1021222
7766,53367717,銳成興業有限公司,臺中市北區賴旺里中清路一段826巷8號5樓,650000,1021223
7767,53367961,兆興齒輪科技股份有限公司,臺中市太平區太平里永豐路157巷13號2樓,3000000,1021203
7772,53370184,天下傳動科技股份有限公司,臺中市大里區大元里國光路一段206-10號,141365200,1021223
7773,53370516,懿祥有限公司,臺中市北屯區新平里中清路99-18號1樓,1000000,1021230
7776,53371901,新偉鋼鐵有限公司,臺中市外埔區水美里二崁路660巷20號,3000000,1021202
7778,53372275,銓達精密科技股份有限公司,臺中市太平區德隆里工業14路8號,100000000,1021224
7783,53373871,大鑫消防器材有限公司,臺中市西屯區協和里工業區四十路33號1F,1000000,1021211
7785,53374225,綠祚生技股份有限公司,臺中市西屯區漢口路二段151號9樓之9,10000000,1021220
7786,53374273,漢鑫技術顧問有限公司,臺中市西屯區福中二街10巷22號2樓,1000000,1021219
7788,53375527,華宙資訊科技有限公司,臺中市西屯區上石里上石路188號3樓之2,2000000,1021230
7789,53375765,金帝堡建設有限公司,臺中市沙鹿區鹿峰里星河路256號1樓,15000000,1021211
7791,53376384,仲成生技有限公司,臺中市南屯區三義里干城街378號2樓,2000000,1021201
7792,53376531,京漾生技事業股份有限公司,臺中市西屯區工業區三十五路3號2樓,11500000,1021226
7798,53379431,沅瑢有限公司,臺中市西屯區協和里工業區四十一路26號,1000000,1021203
7800,53379994,楷茂健康專業有限公司,臺中市北屯區綏遠路2段255號1樓,7000000,1021226
7801,53380401,美翠詩生物科技有限公司,臺中市東區十甲里東英十五街288號8樓之1,5000000,1021207
7805,53382365,晶兆生物能源科技股份有限公司,臺中市北屯區天津路4段157號1樓,20000000,1021223
7806,53382745,大帝國不動產股份有限公司,臺中市南屯區南屯里五權西路二段687號1樓,2000000,1021211
7808,53383110,侑誼實業有限公司,臺中市南屯區豐樂里萬和路一段28-11號1樓,500000,1021204
7816,53385193,創欣國際貿易有限公司,臺中市北區忠明路211號8樓之2,1000000,1021204
7817,53385551,誠鋒國際有限公司,臺中市北區建興里崇德路一段268-1號1樓,6000000,1021202
7827,53392125,永豐成有限公司,臺中市太平區中山里環太東路227號1樓,5000000,1021230
7831,53392455,小鋪眼鏡有限公司,臺中市西屯區西平里文華路158號1樓,1000000,1021215
7834,53397260,千禾國際企業有限公司,臺中市西屯區文心路三段241號21樓之7,2000000,1021218
7840,53402550,後憲保全股份有限公司,臺中市北區忠明路432號6樓之2,40000000,1021230
7844,53404255,宏絃有限公司,臺中市南區美村南路17號1樓,1000000,1021203
7849,53407160,珍居有限公司,臺中市豐原區翁明里直興街253號1樓,2000000,1021203
7852,53408597,飛行人數位設計有限公司,臺中市西區昇平里忠明南路303號6樓之2,5000000,1021211
7956,53468659,台灣李時珍中藥生技股份有限公司,臺中市西區美村路一段36號1樓,10000000,1021210
7961,53470894,合利實業股份有限公司,臺中市南區福順里忠明南路787號10樓,1000000,1021225
7964,53471394,霖陽實業有限公司,臺中市神岡區社南里3鄰昌平路五段313巷12號1樓,2000000,1021216
7965,53473219,萬基開發建設有限公司,臺中市沙鹿區向上路六段842號1樓,3000000,1021204
7966,53473724,富綺生物科技有限公司,臺中市北屯區廍子里仁友巷3弄20號二樓,6000000,1021206
7968,53474836,正揚環球科技有限公司,臺中市西屯區福林里西屯路三段宏福三巷24-10號11樓,5000000,1021224
7969,53474977,智郁開發有限公司,臺中市北屯區平順里大連路三段16號10樓之1,7000000,1021230
7971,53475265,靖信科技股份有限公司,臺中市西區吉龍里五權五街151號5樓之1,3000000,1021224
7974,53477307,台灣美佳品有限公司,臺中市北屯區雷中街27號1樓,7000000,1021212
7975,53477974,新興精密有限公司,臺中市東區十甲里振福路120號,300000,1021202
7977,53478609,迅行科技股份有限公司,臺中市豐原區中山里11鄰博愛街60巷38號4樓之2,5000000,1021211
7979,53478880,十方財神有限公司,臺中市西區昇平里忠明南路303號22樓,1000000,1021216
7980,53478994,易方建設事業有限公司,臺中市大里區東湖里中湖路130巷12弄3號6樓之3,10000000,1021206
7981,53479038,進祐企業有限公司,臺中市北屯區昌平路二段212之1號,2000000,1021230
7983,53479874,洪瑞珍食品有限公司,臺中市中區中山路125-2號1樓；市府路40-2號1樓,200000,1021213
7986,53480458,沛豪國際有限公司,臺中市南屯區豐樂里文心南五路291號1樓,13000000,1021205
7987,53480703,廣建興有限公司,臺中市清水區武鹿里公正路262號1樓,500000,1021209
7992,53484004,詠宇科技有限公司,臺中市神岡區岸裡里大洲路461號2樓,1000000,1021204
7995,53485587,杰立家居有限公司,臺中市北區賴興里文心路四段200號11樓之1,600000,1021209
7996,53485664,迆選有限公司,臺中市南屯區三厝里大墩十一街549號6樓之1,3000000,1021216
7999,53486636,大埕設計股份有限公司,臺中市南區復興路三段264號1樓,1000000,1021206
8000,53486761,三吉和勝有限公司,臺中市西屯區福林里台中港路三段118之59號,3000000,1021213
8002,53487229,瑞力捷科技有限公司,臺中市西區臺灣大道二段181號12樓之7,1000000,1021217
8006,53487585,迅合國際貿易有限公司,臺中市北區梅川里文昌東二街142號1樓,250000,1021212
8008,53488233,誠信法扶諮詢顧問有限公司,臺中市北區賴明里漢口路四段35號6樓2,500000,1021210
8009,53488389,貞業室內裝修設計有限公司,臺中市龍井區新東里臺灣大道五段65號1樓,600000,1021212
8012,53489134,台灣開山壓縮機有限公司,臺中市烏日區北里里太明路成豐巷31號1樓,27500000,1021206
8013,53489161,育晨資訊有限公司,臺中市大里區永隆里環河路235號3樓,300000,1021210
8018,53492659,艾上綠能租賃有限公司,臺中市西屯區臺灣大道二段718號2樓,30000000,1021211
8022,53494615,總鴻國際股份有限公司,臺中市北屯區后庄里后庄路680號一樓,20000000,1021203
8023,53494713,祝興創意有限公司,臺中市清水區客庄路38-1號1樓,11000000,1021223
8027,53497795,榮添肉品股份有限公司,臺中市北屯區昌平東六路317號1樓,10000000,1021225
8028,53498871,勝華國際創意整合行銷股份有限公司,臺中市西屯區漢口路二段138號7樓,1000000,1021209
8031,53499371,飛躍馬刺有限公司,臺中市南區樹義里大慶街二段6之16巷83號,500000,1021218
8032,53499750,梨山賓館股份有限公司,臺中市南區福順里忠明南路787號42樓,70000000,1021219
8035,53501242,博寶興業有限公司,臺中市大雅區西寶里雅潭路三段516巷65號1樓,1516888,1021223
8038,53502360,喬聯技術顧問股份有限公司,臺中市南屯區豐樂里文心南五路一段326號3樓A室,3000000,1021227
8050,53505985,不老苑健康事業有限公司,臺中市西區台中港路一段123號,5000000,1021220
8052,53507371,日機生技股份有限公司,臺中市北區臺灣大道二段340號10樓之3,17000000,1021219
8056,53510642,昌澤機械股份有限公司,臺中市北屯區仁美里長生巷29-8號,29000000,1021227
8058,53512281,天運科技有限公司,臺中市西區忠明里中興街233號9樓之1,14000000,1021224
8060,53512521,申皇國際有限公司,臺中市西屯區何南里大安西街30號1樓,100000,1021218
8064,53514534,蒝野園藝有限公司,臺中市北區賴厝里太原路二段227號7樓之1,3000000,1021227
8069,53516483,崴盛資訊股份有限公司,臺中市西屯區福中里3鄰天保街149號5樓之2,1000000,1021226
8072,53517080,丰悅建築有限公司,臺中市北屯區和平里建和路二段99號,1000000,1021226
8073,53517096,卓南小客車租賃有限公司,臺中市沙鹿區中航路一段169號2樓,5000000,1021216
8074,53517119,天食國際股份有限公司,臺中市西區精誠二十二街34號,4000000,1021217
8276,53598549,碩暉國際有限公司,臺中市北屯區東光路808號13樓,500000,1021217
8282,53599998,臻弘食品有限公司,臺中市大里區立仁里甲堤七街59號1樓,500000,1021223
8284,53600524,萬佳綠能有限公司,臺中市石岡區豐勢路寺前巷6號1樓,16000000,1021230
8286,53600881,程順建設有限公司,臺中市西屯區何成里大墩十九街142-3號1樓,50000000,1021205
8289,53603064,建瑩科技企業股份有限公司,臺中市北屯區平德里青島路三段3號,2000000,1021203
8290,53603070,雙城投資顧問有限公司,臺中市西區民龍里臺灣大道二段285號17樓,16000000,1021202
8291,53603917,鑫業塑膠有限公司,臺中市大雅區文雅里中和路248號1樓,1500000,1021223
8292,53603959,長灃纖維股份有限公司,臺中市沙鹿區西勢里中清路93之10號1樓,6000000,1021231
8293,53604161,永杏企業有限公司,臺中市西屯區青海路二段73號2樓,1000000,1021216
8296,53604562,瑋鉅企管顧問有限公司,臺中市豐原區北陽里豐東路85巷31號1樓,100000,1021203
8299,53606338,明世代有限公司,臺中市外埔區鐵山里長生路249巷1號1樓,35000000,1021213
8301,53607694,櫂和新工程有限公司,臺中市沙鹿區六路里平等十二街31號,3000000,1021212
8303,53609588,川長開發產業有限公司,臺中市豐原區社皮里中正路687-2號,500000,1021203
8308,53610874,瑞瑪國際創執有限公司,臺中市南屯區向心里向心南路892巷3號1樓,100000,1021206
8310,53611141,慶豐不動產經紀有限公司,臺中市南屯區向心里文心南路32號1樓,1000000,1021226
8312,53611661,謝天國際餐飲事業有限公司,臺中市西區昇平里昇平街58號,360000,1021220
8313,53612280,群裕國際貿易有限公司,臺中市潭子區潭秀里中山路二段605巷11號,1000000,1021223
8314,53612367,伸泰科技有限公司,臺中市南區新榮里復興路三段111巷1號10樓之1,5000000,1021223
8315,53612486,常珅機械股份有限公司,臺中市梧棲區草湳里經三路58號,66000000,1021218
8316,53613099,中霖科技有限公司,臺中市北區大雅路27-15號4樓1號,100000,1021209
8317,53614870,民富工程有限公司,臺中市太平區育德路25巷2號,500000,1021202
8319,53616265,振賀營造有限公司,臺中市沙鹿區六路里北勢東路201巷1弄6號2樓,3000000,1021226
8320,53617567,大準實業有限公司,臺中市南屯區向上南路一段265號,11200000,1021210
8322,53617877,豐創國際美學概念有限公司,臺中市西屯區安和路121-20號2樓,1000000,1021216
8323,53617911,龍硯不動產開發有限公司,臺中市西區公正里向上路一段522號1樓,500000,1021229
8324,53618377,震珅工程有限公司,臺中市清水區橋頭里民有路113巷49號1樓,3000000,1021213
8326,53618783,采晴有限公司,臺中市西屯區逢福里河南路二段262號11樓之11,2000000,1021209
8333,53621366,鈺德閣餐飲有限公司,臺中市西屯區惠來里文心路二段207號2樓,21600000,1021223
8336,53622338,剛晟精密機械有限公司,臺中市太平區中興路128巷42號,1000000,1021230
8343,53626735,士昇興業有限公司,臺中市大里區西湖里西湖路339-1巷13號,5000000,1021210
8344,53627066,鑫雅傢飾貿易有限公司,臺中市北屯區同榮里環中路一段1432號2樓,3000000,1021216
8345,53627299,恆太物業管理顧問有限公司,臺中市南屯區田心里五權西路二段389巷22之3號1樓,1000000,1021218
8347,53627973,台寶不動產有限公司,臺中市中區大誠里仁愛街8之4之1號,1000000,1021216
8349,53629536,岱月資訊有限公司,臺中市南區美和街56號4樓之2,3015000,1021211
8350,53629634,金贊製門工業股份有限公司,臺中市烏日區溪南路一段18巷665號,5000000,1021219
8353,53630870,美加國際貿易有限公司,臺中市北屯區陳平里陳平路39巷2號7樓,500000,1021225
8362,53634518,允成新興企業有限公司,臺中市大甲區西岐里順帆路41號,1000000,1021224
8365,53635354,巨冠投資股份有限公司,臺中市西區民龍里台中港路1段201號25樓,10500000,1021204
8367,53635636,巨龍投資股份有限公司,臺中市西區民龍里台中港路1段201號17樓之1,10000000,1021206
8368,53635853,巨晴投資股份有限公司,臺中市西區民龍里台中港路1段201號25樓,10000000,1021205
8369,53635967,承鑫雷射有限公司,臺中市大里區新仁里公教街163巷24號1樓,3000000,1021216
8370,53636950,丁照有限公司,臺中市西屯區至善里上安路155號1樓,2000000,1021218
8372,53637254,寰聖國際實業股份有限公司,臺中市南區忠明南路760號20樓,1000000,1021210
8373,53638943,森美學國際顧問有限公司,臺中市清水區橋頭里中華路643之1號,4000000,1021211
8375,53639020,帥優企業有限公司,臺中市豐原區西安里瑞安街102號,10000000,1021223
8378,53640173,信城資產管理有限公司,臺中市北區健行里民權路586號7樓,2000000,1021227
8387,53641905,東喜堂花園茶館有限公司,臺中市潭子區東寶里雅潭路三段東寶巷9號1樓,1000000,1021218
8396,53648148,雲傑建設有限公司,臺中市北屯區五中巷21號1樓,5000000,1021205
8402,53654128,美商先進有限公司,臺中市西區五權五街151號6樓之2,0,1021212
8405,53656688,大陸商廣東遠東國蘭有限公司,臺中市中區公園路21-5-5號,0,1021209
8409,53660682,大陸商深圳市新云端會展會務有限公司,臺中市中區公園路21-5-5號,0,1021224
8417,53668024,塞席爾商方實有限公司,臺中市西屯區文心路三段241號23樓之1,1000000,1021217
8418,53669749,英國商語正翻譯諮詢社股份有限公司,臺中市大里區新里里愛心三街40號,0,1021205
8425,53676805,英屬維京群島商明洲投資有限公司,臺中市西區三民路1段149號12樓之1,105000000,1021212
8476,53698821,長誠南人力資源顧問有限公司,臺中市西區大隆路20號9樓之7A,5000000,1021228
8495,53706625,豐晴國際美學概念有限公司,臺中市西屯區安和路121-20號2樓,1000000,1021217
8674,53779160,金寶順國際股份有限公司,臺中市梧棲區草湳里臨港路三段596號,28880000,1021206
8676,53779859,谷燁電子有限公司,臺中市南屯區文昌街226巷43號1樓,5000000,1021220
8681,53782453,捷誼實業有限公司,臺中市北屯區平田里遼陽北二街88號1樓,2000000,1021201
8682,53782545,鼎順電器有限公司,臺中市大里區中山路36巷5號2樓,5000000,1021202
8684,53782735,旺福先進有限公司,臺中市北屯區平和里遼陽二街35號2樓,2000000,1021214
8686,53783256,三羚貿易有限公司,臺中市太平區新高里立智街110號13樓之1,200000,1021225
8687,53783782,鼎發國際開發企業股份有限公司,臺中市梧棲區大仁路二段60號1樓,5000000,1021219
8689,53783903,準信土地開發有限公司,臺中市南屯區黎明路一段846-1號1樓,12000000,1021230
8694,53786514,豐安生技開發有限公司,臺中市西區忠明里臺灣大道二號498號17樓之2,3000000,1021204
8697,53787099,日侑晟旅行社有限公司,臺中市沙鹿區北勢里中棲路東明巷16弄16號1樓,6000000,1021224
8706,53791024,力精科技股份有限公司,臺中市西屯區福和里台中港路3段97號7樓之4,3000000,1021212
8709,53791404,資躍貿易有限公司,臺中市西區忠誠里忠義街63號1樓,1000000,1021217
8711,53792071,裕潤有限公司,臺中市西屯區水湳里文心路三段1025號4樓,1800000,1021203
8713,53792939,惠順不動產經紀有限公司,臺中市南屯區惠中路二段152號1樓,3000000,1021216
8715,53793579,瑪露連國際有限公司,臺中市中區光復里臺灣大道一段255號1樓,1500000,1021225
8716,53793796,康渥特材料科技股份有限公司,臺中市西區民龍里臺灣大道二段186號8樓之3,5000000,1021224
8717,53794583,麒豐豐業有限公司,臺中市太平區中興路103巷69號1樓,20000000,1021223
8718,53794747,佳誠冷氣空調有限公司,臺中市南區福順里福陽街39號1樓,3000000,1021227
8721,53795210,雋詠開發建設有限公司,臺中市霧峰區北柳里四德路255巷20號1樓,10000000,1021230
8722,53795289,輝燁建設股份有限公司,臺中市神岡區社口里社口街441號1樓,4000000,1021210
8729,53797913,億鐙科技有限公司,臺中市南屯區三和里公益路二段612-2號1樓,3000000,1021226
8730,53798151,威嘉貿易有限公司,臺中市神岡區神洲路335號,17000000,1021220
8732,53799829,橙鴻投資有限公司,臺中市西區公益路132號3樓,24830000,1021202
8737,53801830,千田資產管理有限公司,臺中市南屯區大同里向上南路一段163號9樓之22,1000000,1021213
8739,53803540,維爾品牌整合行銷設計有限公司,臺中市北屯區崇德十路二段298號1樓,1000000,1021230
8740,53803627,凱泰開發投資股份有限公司,臺中市南屯區文心路一段186號14樓之5,25000000,1021209
8743,53803915,茂碩精密有限公司,臺中市霧峰區北勢里中投西路二段30號1樓,250000,1021217
8745,53806217,云翔科技有限公司,臺中市北屯區平田里文心路四段935號8樓之7,3000000,1021204
8748,53806477,家禾承股份有限公司,臺中市北區淡溝里臺灣大道二段360號5樓之2,8500000,1021224
8750,53807481,鼎震有限公司,臺中市大里區西湖里草堤路158巷35號,350000,1021204
8752,53808926,安遠資通工程有限公司,臺中市西區精誠二十五街2號底層,1000000,1021219
8753,53809066,健群生化科技股份有限公司,臺中市西屯區福順路217巷5號3樓,1500000,1021210
8754,53809087,益兆能源有限公司,臺中市大雅區雅環路二段64巷46弄15號2樓,500000,1021203
8755,53809170,亞尼斯特消防工程有限公司,臺中市南屯區楓樹里楓樹西街168號1樓,1000000,1021202
8757,53810021,中租有限公司,臺中市西屯區臺灣大道二段718號3樓,5000000,1021216
8758,53810958,利建建設有限公司,臺中市南區福興里五權南路185號1樓,25000000,1021212
8759,53811083,豐泰國際營造股份有限公司,臺中市南屯區大墩二街182號1樓,15000000,1021225
8764,53812724,景新環境科技有限公司,臺中市西區臺灣大道二段285號4樓之1,1000000,1021220
8767,53813189,鈦鴻數位有限公司,臺中市西區和龍里臺灣大道二段16號20樓之2,250000,1021220
8768,53814053,金有利開發有限公司,臺中市豐原區社皮里中正路526之5號16樓,8000000,1021217
8770,53814878,富華服裝股份有限公司,臺中市中區大墩里三民路二段91號1、2樓,10000000,1021202
8772,53815264,新豐自動化有限公司,臺中市南屯區文山里保安二街287號1樓,500000,1021226
8776,53816209,沅喆開發股份有限公司,臺中市西區臺灣大道二段412號19樓之5,55000000,1021229
8779,53817235,易觸碰雲端有限公司,臺中市北區健行里忠明路424號地下一層之2,2000000,1021206
8780,53817798,裕喬不動產仲介經紀有限公司,臺中市西屯區至善里逢甲路227號1樓,1000000,1021225
8782,53818023,展達國際貿易有限公司,臺中市西屯區何厝里何厝街146號1樓,1000000,1021217
8783,53818059,智生科技有限公司,臺中市南屯區同心里文心路一段210號3樓之2,3280000,1021206
8784,53818488,元威製冰機設備有限公司,臺中市大里區東湖里長春路167號,500000,1021209
8788,53820858,百歲醫股份有限公司,臺中市西屯區上石里西屯路2段259-3號15樓之10,4700000,1021210
8789,53821104,般若創新科技有限公司,臺中市大雅區振興路41-1號,1000000,1021210
8790,53822737,廣定建設股份有限公司,臺中市北屯區平田里旅順路二段257之5號1樓,3000000,1021218
8792,53823877,澳斯芬國際有限公司,臺中市西屯區市政路105號4樓之5,5000000,1021210
8793,53824101,元達生物科技有限公司,臺中市太平區永隆里光興路556巷41號1樓,10000000,1021218
8796,53824587,禾嵩開發有限公司,臺中市西屯區朝馬三街2號1樓,14000000,1021205
8800,53826467,國際知客實業有限公司,"臺中市西屯區福星北三街33巷56號2樓,56號5樓",13000000,1021210
8801,53826662,鑫誠保全股份有限公司,臺中市北區興進路213號2樓之2,40000000,1021212
8806,53828731,豐樂建設股份有限公司,臺中市潭子區東寶里雅潭路二段399巷132弄22號1樓,7100000,1021212
8808,53829491,朔新實業有限公司,臺中市大里區爽文路198號1樓,200000,1021219
8813,53830574,中興小客車租賃有限公司,臺中市南區城隍里建成路1112號,10000000,1021209
8814,53830716,三多實業有限公司,臺中市南屯區大墩七街47號1樓,1000000,1021207
8816,53831481,豐鈺精密有限公司,臺中市清水區吳厝里和睦路三段208號,2000000,1021217
8822,53836768,新明油壓機械股份有限公司,臺中市太平區太平里新仁路1段44巷8弄42號,6000000,1021225
8824,53837957,鈞暘國際有限公司,臺中市西屯區上安里臺灣大道三段556巷1弄17號一樓,500000,1021225
8831,53843276,華勛不動產開發股份有限公司,臺中市西屯區惠來里市政北一路77號15樓之7,5000000,1021209
8838,53850064,久仁開發實業有限公司,臺中市南屯區大同里大墩六街65巷6號6樓,2000000,1021226
8839,53850698,凱莉開發有限公司,臺中市南屯區五權西路二段455號1樓,3000000,1021217
8841,53851346,漢可科技有限公司,臺中市大甲區日南里幼獅路3號,5000000,1021204
8843,53852247,東越實業有限公司,臺中市東區興大路2號1樓,3000000,1021218
8844,53852865,銓展有限公司,臺中市太平區太平里永豐路400巷15號1樓,1000000,1021227
8850,53856010,軒旺食品有限公司,臺中市神岡區圳堵里福成路28-1號,2000000,1021211
8855,53857566,聖裕科技有限公司,臺中市清水區南社里忠孝西路46號,500000,1021223
8856,53858495,皇嘉股份有限公司,臺中市西區公益路130號11樓,5000000,1021230
8858,53859207,兆瑩科技有限公司,臺中市南屯區大聖街328號1樓,3500000,1021219
8859,53859620,拉菲爾企業股份有限公司,臺中市北區明德里忠明路211號9樓之5,2000000,1021202
8862,53862006,聯合精密科技股份有限公司,臺中市大里區立仁里好來一街132巷2號、4號,20000000,1021214
8863,53862337,凱富有限公司,臺中市西屯區至善里逢甲路225巷42號8樓之5,1000000,1021204
8870,53865361,康舒蓉企業有限公司,臺中市北區南京東路二段104號1樓,5000000,1021225
8873,53866517,茂峰科技有限公司,臺中市太平區建興路275巷28號1樓,1000000,1021210
8875,53867059,大仁生物科技有限公司,臺中市豐原區大湳里大湳街57號1樓,1000000,1021202
8876,53867213,可樂久國際有限公司,臺中市西屯區櫻城三街52號14樓之2,800000,1021230
8880,53867614,明祥興業有限公司,臺中市南屯區寶山五街117之37號1樓,1400000,1021206
8884,53868888,承勗企業有限公司,臺中市西區公正里大昌街251號5樓之1,1000000,1021201
8885,53869090,中達二手汽車有限公司,臺中市烏日區三和里中山路三段456號1樓,5000000,1021226
8887,53869562,天瑞營造工程股份有限公司,臺中市西屯區西平里福星路349號5樓,318000000,1021224
8891,53870651,明字有限公司,臺中市后里區廣福里三豐路36-2號,23000000,1021225
8892,53870688,升盧不動產開發股份有限公司,臺中市沙鹿區北勢東路822號1樓,500000,1021218
8893,53873377,德記雲吞有限公司,臺中市西屯區逢福里惠來路三段278號1樓,100000,1021218
8894,53873518,摩金有限公司,臺中市西屯區何南里臺灣大道二段715號11樓之4,20000000,1021227
8904,53877583,唐鼎熱能工業有限公司,臺中市龍井區新庄里向上路六段380號,3000000,1021230
9149,53959971,冠宏企業有限公司,臺中市南區福興里福中街55號1樓,1000000,1021210
9152,53962223,聯準貿易有限公司,臺中市南區新榮里學府路199號1樓,1000000,1021203
9156,53963588,大慶包裝機械有限公司,臺中市烏日區仁德里信義街229號1樓,1000000,1021218
9157,53963721,惠崧有限公司,臺中市霧峰區甲寅里民生路165-1號1樓,1000000,1021221
9158,53964550,益鼠創意國際行銷有限公司,臺中市西屯區河南路二段262號5樓之8,2000000,1021204
9159,53964762,印象物業開發股份有限公司,臺中市西屯區台中港路3段89巷70號1樓,3000000,1021227
9162,53965164,勝元不動產經紀股份有限公司,臺中市沙鹿區中興路326號1樓,300000,1021218
9165,53965615,立志成功文教事業有限公司,臺中市神岡區社南里民族路43巷11號1樓,3000000,1021217
9168,53966086,巧創國際貿易股份有限公司,臺中市西屯區何德里漢口路二段151號13樓之3,5000000,1021203
9169,53966190,十字牌工具有限公司,臺中市北屯區和平里軍和街439之1號1樓,6000000,1021209
9170,53966277,玉淞實業有限公司,臺中市神岡區神圳路25-5號2樓,1000000,1021219
9171,53966305,上穩勞安有限公司,臺中市神岡區神岡里神圳路25-5號3樓,1000000,1021219
9172,53966375,台灣綠圖工程技術顧問有限公司,臺中市西區公益路161號3樓之5,1000000,1021209
9178,53968346,恒裕開發股份有限公司,臺中市北區三民路三段89巷40-1號1號,10000000,1021225
9179,53968459,淯釧有限公司,臺中市大安區中庄里11鄰興安路306號1樓,2000000,1021204
9183,53968991,聯準有限公司,臺中市豐原區三村里合作街118巷67弄60-4號1樓,1000000,1021230
9185,53969577,和勝網路科技有限公司,臺中市東區東門里東門路33號2樓,1000000,1021211
9187,53970390,非凡創意美食有限公司,臺中市北區雙十路二段105號1樓及107號1樓,29800000,1021209
9192,53972334,全忠信禮儀有限公司,臺中市龍井區東海里藝術南街76號,500000,1021226
9193,53972989,天恩國際貿易有限公司,臺中市東區東信里十甲東路406巷40弄1之1號1樓,1000000,1021231
9199,53974760,廣耀光電股份有限公司,臺中市北區進化北路173號5樓,3000000,1021229
9200,53974776,鴻展開發事業有限公司,臺中市大里區長榮里德芳南路200號1樓,1000000,1021206
9203,53975753,軻林斯國際有限公司,臺中市西屯區福和里福安五街33巷9號1樓,500000,1021230
9206,53976367,金屋馬燒肉有限公司,臺中市西屯區惠來里臺灣大道三段300、302號,1000000,1021214
9212,53978554,日越開發有限公司,臺中市西區公民里林森路140號1樓,10500000,1021225
9213,53979110,福思威特洋菓子事業股份有限公司,臺中市西區吉龍里五權西三街99號,7000000,1021218
9216,53979575,萬富管理顧問有限公司,臺中市西區公正里大進街292號1樓,1000000,1021214
9218,53979929,永立實業有限公司,臺中市西屯區永安里國安一路65-7號13樓之3,11000000,1021218
9219,53979940,升樂晴企業有限公司,臺中市西區吉龍里五權西三街93號,1000000,1021221
9223,53981143,點子王科技有限公司,臺中市南屯區三義里黎明東街505號14樓,3668899,1021202
9229,53983374,日和投資有限公司,臺中市南屯區三和里公益路二段500號12樓之6,5000000,1021218
9230,53984541,阿摩科技有限公司,臺中市龍井區龍岡里5鄰竹師路二段91巷10號1樓,2200000,1021223
9235,53987499,傑爾生行銷資訊股份有限公司,臺中市西區民龍里文化街156號地下層之2,2000000,1021202
9237,53988552,古馳有限公司,臺中市北區梅川里文昌東一街79號2樓,2000000,1021216
9240,53990240,大展餐飲有限公司,臺中市西區吉龍里五權西三街37號,1000000,1021219
9242,53991557,臻鼎興業有限公司,臺中市西屯區青海路2段153號2樓,100000,1021206
9243,53992015,原音國際實業有限公司,臺中市豐原區南陽里安康路95號1樓,200000,1021211
9244,53992107,天璽盛世投資股份有限公司,臺中市北區光大里大雅路58號13樓之2,62400000,1021212
9245,53992134,豐富資源投資有限公司,臺中市東區樂成里東英二街30巷21號1樓,7000000,1021226
9247,53994246,台中眾鈴汽車有限公司,臺中市外埔區二崁路568巷36號,101000000,1021220
9249,53994702,台灣一起購生活事業股份有限公司,臺中市北屯區平心里文心路4段669號3樓之1,2000000,1021217
9250,53994745,臺中快捷巴士股份有限公司,臺中市西區民權路101號1樓,100000000,1021230
9251,53995596,鴻易投資有限公司,臺中市西屯區何福里寧漢一街28號1樓,29000000,1021205
9252,53996027,鼎岳資訊管理顧問有限公司,臺中市西屯區大鵬里文心路3段241號18樓之5,9000000,1021213
9253,53996238,典實資源回收有限公司,臺中市東區樂成里東英二街30巷21號1樓,5000000,1021226
9254,53996589,天晴能源股份有限公司,臺中市潭子區家興里12鄰榮興街121巷7弄11號,10000000,1021209
9255,53996716,錠瑾機械有限公司,臺中市龍井區忠和里工業路174號,3000000,1021227
9257,53998545,冠閎五金有限公司,臺中市大里區東興里大明路123號3樓,1600000,1021217
9258,53998664,精誠綜合事業有限公司,臺中市北區建興里學士路296號2樓,1000000,1021204
9259,53999615,不老傳奇生技股份有限公司,臺中市北屯區廍子里仁友巷3弄20號2樓,3800000,1021206
9260,53999896,鎮合開發有限公司,臺中市后里區三豐路100巷46號1樓,1000000,1021231
9262,54000554,丞晟企業有限公司,臺中市北屯區后庄里敦化路1段406巷2號12樓,500000,1021211
9263,54000885,晉浩建設有限公司,臺中市沙鹿區福興里東晉二街66號1樓,21000000,1021211
9264,54001625,精升有限公司,臺中市大里區金城里金德街27號1樓,3000000,1021223
9265,54001701,寬心國際事業有限公司,臺中市南屯區河南路四段393號,300000,1021202
9267,54002048,福星旅店股份有限公司,臺中市北區中正里中正路371號1樓,15000000,1021223
9268,54002217,富和康國際股份有限公司,臺中市西屯區臺灣大道三段660號13樓之5,9000000,1021203
9269,54002259,享國國際有限公司,臺中市南屯區寶山里工業區二二路6號,5000000,1021221
9270,54002434,冠昇億興業有限公司,臺中市霧峰區北柳里霧工一路16巷46號1樓,500000,1021219
9272,54003927,興中開發有限公司,臺中市南區德義里忠孝路20號1樓,1000000,1021210
9273,54004030,原創行動股份有限公司,臺中市西區中興里公益路161號7樓之10,6000000,1021218
9276,54004762,國成食品有限公司,臺中市北屯區旅順路二段179號1樓,1000000,1021225
9282,54007260,蜃景有限公司,臺中市西屯區市政路480號12樓,100000,1021230
9429,54059626,綠茵生技股份有限公司,臺中市北區綏遠路一段72號2樓,38000000,1021218
9524,54089234,海仕國際貿易有限公司,臺中市潭子區栗林里中山路三段398號1樓,1000000,1021220
9525,54089620,益利環保有限公司,臺中市南屯區寶山里寶山東二街19巷9號七樓之2,1000000,1021223
9535,54093547,夢之堡有限公司,臺中市西區公舘里樂群街348號1樓,70000,1021203
9536,54093595,宜峻塑膠有限公司,臺中市梧棲區永安里向上路九段466巷91號1樓,5000000,1021224
9538,54095545,浩善生物科技股份有限公司,臺中市西屯區潮洋里朝馬二街82號1樓,500000,1021212
9539,54095762,揚森貿易有限公司,臺中市豐原區三豐路742巷151弄7號,1000000,1021205
9544,54097889,昰暟科技有限公司,臺中市北區東光路306號1樓,25000000,1021211
9547,54099599,棠帷國際投資股份有限公司,臺中市西屯區臺灣大道二段756號1樓,75946930,1021211
9555,54102237,美智國際貿易股份有限公司,臺中市大甲區中山里水源路452巷96號,1000000,1021211
9556,54102623,柏榮企業有限公司,臺中市南屯區中和南一巷42號1樓,1000000,1021223
9557,54102638,柏昌企業有限公司,臺中市大里區新仁路三段108巷5號1樓,1000000,1021223
9562,54103947,綠色大帝股份有限公司,臺中市西屯區惠來里市政北七路167號1樓,43000000,1021225
9563,54104039,景弘投資股份有限公司,臺中市西區吉龍里五權西二街126號1樓,21500000,1021205
9564,54104241,敦品時尚國際有限公司,臺中市豐原區成功路49號4樓之3,2500000,1021223
9568,54104896,宥軒新能源有限公司,臺中市大雅區中清路四段237-6號1樓,820000,1021218
9570,54105945,楷越科技股份有限公司,臺中市西區自由路一段101號9樓之8,10000000,1021219
9575,54106331,泰陽健康企業有限公司,臺中市西屯區何德里漢口路二段151號12樓之7,3120000,1021206
9577,54106938,上原興業有限公司,臺中市北區金華里進德北路158巷2號3樓之2,3000000,1021210
9581,54109034,駿誠建設有限公司,臺中市豐原區南陽里保康路48號2樓,500000,1021202
9584,54109920,立祥精密實業有限公司,臺中市龍井區忠和里中央路三段363號1樓,250000,1021205
9587,54110790,旺得寶管理顧問有限公司,臺中市西屯區福科路340巷2號4樓之5,50000,1021206
9589,54111411,宏振貿易有限公司,臺中市南屯區文山里寶山三街35號,6000000,1021202
9592,54111600,宇源建設有限公司,臺中市北屯區大連路三段10號9樓之1,10000000,1021230
9595,54112468,麗誠旅行社有限公司,臺中市南屯區南屯里五權西路二段666號9樓之5,6000000,1021217
9597,54112636,超維汽車實業有限公司,臺中市中區臺灣大道一段222號,5000000,1021226
9598,54113591,虎勤投資事業有限公司,臺中市東區復興路四段150號2樓,3800000,1021221
9603,54115660,真穀農產生技有限公司,臺中市南區忠明南路711號1樓,1000000,1021210
9604,54115922,山不甜國際有限公司,臺中市大雅區神林南路180巷48號6樓之2,100000,1021211
9617,54120919,寶瑪國際汽車有限公司,臺中市太平區新平路一段35巷82弄1號1樓,5000000,1021213
9620,54121608,宇原科技有限公司,臺中市烏日區湖日里新興路636號1樓,100000,1021219
9625,54123486,金東科技有限公司,臺中市南屯區向心里文心南三路358號,1000000,1021227
9627,54124746,汯蔚有限公司,臺中市西區忠明里博館路145號1樓,1000000,1021224
9628,54125013,景麗開發建設有限公司,臺中市神岡區豐洲里東洲路23巷11弄2號1樓,3000000,1021223
9633,54127075,屋馬美食有限公司,臺中市西區公益路111號1樓及模範街37、39號1樓,1000000,1021210
9634,54127624,德盛堂生技股份有限公司,臺中市西屯區福和里安和路121-19號,3000000,1021203
9636,54129215,尚食餐飲股份有限公司,臺中市南屯區三和里大富街192號,20000000,1021230
9639,54130803,金侑企業有限公司,臺中市潭子區潭陽里圓通南路229號1樓,2000000,1021203
9641,54132020,詠靖環保工程股份有限公司,臺中市潭子區東寶里大富路一段68之12號,5000000,1021203
9644,54132577,祥鴻旅行社股份有限公司,臺中市西屯區重慶路8號1樓,9000000,1021206
9645,54133061,鉅冠工業有限公司,臺中市大里區仁化里仁愛路176巷13弄8號1樓,6000000,1021226
9650,54134272,君品室內裝修工程有限公司,臺中市北屯區新平里中清路二段717號1樓,100000,1021217
9652,54135814,郡承股份有限公司,臺中市南屯區惠中里文心路一段378號13樓之6,53000000,1021210
9653,54135856,華揚建設有限公司,臺中市南屯區豐富路299巷20號2樓,500000,1021212
9660,54138283,聖恩國際食品有限公司,臺中市潭子區豐粟路166巷8號,3000000,1021213
9706,54161404,伯仲投資有限公司,臺中市豐原區成功路500號,201000000,1021202
9757,54176271,中彰賓士汽車股份有限公司,臺中市北區賴興里文心路四段196號,67500000,1021201
9842,54201927,安康世界股份有限公司,臺中市西區自由路一段101號9樓之8,5000000,1021213
9868,54212353,斯圖爾國際有限公司,臺中市西屯區河南路二段74巷16號1樓,1150000,1021206
9897,54219969,礽豐食品有限公司,臺中市西區安龍里自立街117-1號2樓,5000000,1021212
9899,54220348,利崙企業有限公司,臺中市烏日區三榮路二段29號1樓,3000000,1021225
9905,54221297,星漾開發企業股份有限公司,臺中市北區新北里錦南街17號，錦新街30號4-9樓，錦新街32號4-9樓,52000000,1021225
9906,54222021,上盟汽缸套股份有限公司,臺中市烏日區五光路復光六巷208號,6000000,1021227
9910,54223387,丰禾實業有限公司,臺中市北屯區東山路一段123巷12弄17號1樓,10000000,1021231
9911,54223915,明水實業有限公司,臺中市北區文心路四段200號5樓之7,1000000,1021210
9913,54225110,祥磐營造有限公司,臺中市大里區瑞城里美村街133巷14號1樓,3000000,1021207
9914,54225147,連寶資訊有限公司,臺中市北屯區松茂里松竹路二段160巷4弄2號,1450000,1021202
9916,54225673,丞信興業有限公司,臺中市沙鹿區鹿峰里星輝路110巷10號,1000000,1021212
9918,54227010,健行汽車有限公司,臺中市北區健行里中清路一段283號,2400000,1021224
9920,54227476,富聖土地開發股份有限公司,臺中市南屯區鎮平里黎明路一段580號1樓,20000000,1021218
9922,54228067,鼎宸泰國際開發股份有限公司,臺中市南屯區三和里惠中路三段10號5樓,30000000,1021202
9923,54228242,百崴環境科技股份有限公司,臺中市北區太原路二段66號5樓,5000000,1021227
9925,54229045,冠廚易料理有限公司,臺中市沙鹿區星河路347-4號,1000000,1021203
9926,54229122,坤欣國際有限公司,臺中市西屯區大隆路66號1樓,1000000,1021225
9929,54229333,禧鴻企業有限公司,臺中市南屯區同心里文心路一段186號14樓之6,240000,1021219
9930,54229636,華鵬影城股份有限公司,臺中市西區臺灣大道二段459號17、18、19樓,29000000,1021230
9931,54229973,草悟股份有限公司,臺中市西區英才路534號,18000000,1021217
9932,54230394,睿格有限公司,臺中市潭子區頭家東里中山路一段290巷22號1樓,500000,1021210
9933,54230508,富洋流通事業股份有限公司,臺中市西屯區協和里順和六街51號6樓之1,6000000,1021219
9937,54231838,成勝生物科技有限公司,臺中市北屯區中清路二段146巷28號1樓,5000000,1021211
9942,54235692,卡樂環球有限公司,臺中市西屯區逢甲里西屯路二段272之7號2樓,50000,1021204
9951,54238451,尚捷建設有限公司,臺中市清水區海濱里海濱路324-25號1樓,10000000,1021205
9957,54240549,弘恩人本有限公司,臺中市西屯區何成里文心路二段562-1號2樓之1(202室),5000000,1021223
9958,54241414,千里尋芳貿易有限公司,臺中市西區利民里康樂街6-2號1樓,200000,1021219
9960,54241625,旭屋實業有限公司,臺中市北區賴村里梅亭街305號1樓,1000000,1021203
9961,54241786,誠石不動產仲介有限公司,臺中市沙鹿區三鹿里向上路六段736號1樓,600000,1021210
9962,54241809,太平洋國際智權有限公司,臺中市西區臺灣大道二段285號17樓,1000000,1021205
9966,54242770,吉銳杶有限公司,臺中市西屯區何成里大墩18街189號3樓之1,1000000,1021227
9967,54242862,中區休閒娛樂有限公司,臺中市中區自由路二段135號地下1樓,200000,1021204
9972,54246620,春穗建設有限公司,臺中市潭子區頭家里頭家路198號1樓,1000000,1021204
9973,54246728,淘寶有限公司,臺中市北區崇德里太原路三段68號1樓,500000,1021224
9975,54247780,皇順企業股份有限公司,臺中市大甲區庄美里興安路142-3號1樓,250000,1021212
9977,54248015,東運國際有限公司,臺中市西屯區文心路3段11巷37號1樓,1000000,1021226
9983,54249788,昶嘉裝璜材料有限公司,臺中市北區緩遠路一段26之9號,1000000,1021214
9985,54250428,成邦有限公司,臺中市南區美和街66巷7號1樓,4000000,1021216
9986,54250530,正生國際有限公司,臺中市北區錦祥里錦祥街11號1樓,30000000,1021211
9987,54250692,毅駿不動產有限公司,臺中市北屯區進化北路72號,1500000,1021212
9989,54251019,亞洲威網數位科技有限公司,臺中市北屯區平福里崇德路二段252號9樓,20000000,1021206
9990,54251284,亞昇精密機械有限公司,臺中市神岡區中山路667巷91-2號,1000000,1021209
9994,54252452,大眼睛油料有限公司,臺中市南屯區南屯里惠德街327號1樓,1000000,1021212
9997,54253369,鈞盛國際有限公司,臺中市西區民權路185號8樓之11,1000000,1021206
10000,54254917,禾碩室內裝修有限公司,臺中市南屯區豐樂里文心南五路一段102號1樓,1000000,1021205
10001,54255042,六度創造設計有限公司,臺中市北屯區昌平路二段156巷30號,240000,1021202
10004,54257132,豐睿旅行社事業有限公司,臺中市南屯區鎮平里黎明路一段500號2樓,6000000,1021204
10005,54257689,鈦郝企業有限公司,臺中市梧棲區博愛路6巷1號1樓,5000000,1021218
10011,54260137,晉鼎煜國際股份有限公司,臺中市潭子區栗林里豐栗路63巷19號,1000000,1021206
10012,54260517,柏康貿易有限公司,臺中市西屯區漢口路二段151號9樓之1,1000000,1021226
10013,54260663,巨陽建設股份有限公司,臺中市南屯區豐樂里文心南五路一段326號2樓(A室),20000000,1021228
10015,54261282,旭烽有限公司,臺中市大甲區義和里重義三路42號1樓,1500000,1021214
10017,54261620,上鼎廣告有限公司,臺中市西屯區永安里國安一路31之1號10樓之3,500000,1021209
10018,54261656,寬驣設計有限公司,臺中市南屯區大興里東興路二段25巷28號1樓,1000000,1021204
10019,54261950,羅以文化事業有限公司,臺中市北屯區天津路三段67號4樓,3000000,1021211
10020,54262085,遠田有限公司,臺中市大肚區中和里南榮路460號1樓,3000000,1021224
10022,54262472,群楷投資有限公司,臺中市西區公平里7鄰忠明南路118號12樓之7,80000000,1021216
10025,54263660,佑富有限公司,臺中市烏日區九德里中華路203巷2弄6號,1000000,1021218
10026,54263824,營昌營造股份有限公司,臺中市北屯區崇德路二段128號9樓之5,10000000,1021217
10027,54264963,樂喜數位科技有限公司,臺中市北區頂厝里崇德路一段631號20樓,500000,1021231
10029,54264984,松品網路科技有限公司,臺中市西屯區何成里文心路二段598號5樓之3,1000000,1021205
10032,54265920,省力產業有限公司,臺中市南區新榮里新華街182號5樓,6000000,1021204
10033,54265962,省利堆高機有限公司,臺中市南區新榮里新華街182號5樓,3000000,1021205
10034,54266245,富樂康國際有限公司,臺中市北區健行里健行路664巷5號,200000,1021206
10037,54267342,儀宣投資有限公司,臺中市西區安龍里忠仁街58號1樓,80000000,1021216
10038,54267363,亞里卡吶科技有限公司,臺中市潭子區潭陽里潭興路三段15號4樓之2,500000,1021228
10039,54267666,緩慢文旅股份有限公司,臺中市西屯區潮洋里朝富路232號3樓,15000000,1021216
10040,54267928,安婕投資有限公司,臺中市北區三民路三段50-6號1樓,80000000,1021216
10148,54309589,榮毅興業有限公司,臺中市大里區仁化里14鄰善化路158巷19號4樓,1000000,1021226
10323,54399553,宇鴻國際興業有限公司,臺中市東區十甲北一街47號6樓,1000000,1021204
10324,54399961,胤齊建業開發有限公司,臺中市北屯區興安路二段226號地下室,17000000,1021206
10325,54500116,寬珍實業有限公司,臺中市太平區宜佳里宜佳街9巷24號4樓,280000,1021223
10326,54500489,可麗開發有限公司,臺中市西屯區大墩二十街116號6樓之2,200000,1021205
10422,54538540,張立蓉開發建設有限公司,臺中市北屯區平興里北屯路360號17樓之1,100000,1021219
10449,54579534,壹鼎通科技有限公司,臺中市南屯區大墩12街310號1樓,1000000,1021211
10450,54580271,川唐生化科技有限公司,臺中市北屯區天津路三段67號2樓,700000,1021225
10451,54580758,大拓建設股份有限公司,臺中市清水區西社里中華路319號1樓,2000000,1021204
10452,54581222,凱納股份有限公司,臺中市大雅區秀山五路82之39號,12000000,1021210
10453,54581362,佑丞精密有限公司,臺中市北屯區水景里景和東街352號12樓之2,1000000,1021226
10454,54581671,有豐建設開發股份有限公司,臺中市西區忠明南路40號10樓,15000000,1021205
10455,54582165,元城營造股份有限公司,臺中市西屯區臺灣大道四段839號18樓,45000000,1021205
10456,54582720,有益金屬有限公司,臺中市霧峰區本堂里育群路187號1樓,500000,1021226
10457,54582833,榮晟企業有限公司,臺中市烏日區前竹里中山路一段和平巷71號,2000000,1021203
10458,54583256,經緯土地開發股份有限公司,臺中市龍井區向上路六段162號1樓,15000000,1021210
10459,54583376,馥格堡股份有限公司,臺中市西區忠明里美村路一段22號3F,8000000,1021223
10460,54583489,樺裕貿易有限公司,臺中市南屯區黎明路二段71巷16號7樓,100000,1021203
10461,54584699,龍穎生技股份有限公司,臺中市北區北屯路47巷2弄19號1樓,1000000,1021210
10462,54585368,圳哲有限公司,臺中市北屯區昌平路二段金寶巷82號1樓,1000000,1021209
10463,54585986,華鈨精密有限公司,臺中市大里區西湖路359-8號,500000,1021205
10464,54586036,達米蟲國際有限公司,臺中市西屯區黎明路二段972巷40號,3000000,1021211
10465,54586205,陳允寶泉食品股份有限公司,臺中市中區自由路二段36號1樓,13100000,1021230
10466,54586768,廣善科技有限公司,臺中市太平區太平里大興一街33號1樓,500000,1021209
10467,54587372,鎧鐽車業股份有限公司,臺中市南區福平里美村路二段186號11樓之2,10500000,1021220
10468,54587458,領導先峰股份有限公司,臺中市北屯區崇德二路二段225號,7000000,1021206
10469,54588007,山屋通商有限公司,臺中市南屯區惠中里文心路一段378號8樓之1,1000000,1021218
10470,54588132,鍋無二餐飲有限公司,臺中市豐原區中陽里圓環東路511號1樓,250000,1021202
10471,54588203,弘智投資股份有限公司,臺中市西區大忠里五權西路1段257號14樓之2,12000000,1021206
10472,54588604,堡盛工業有限公司,臺中市東區東門里旱溪西路一段177巷7號,500000,1021217
10473,54588631,新井貿易有限公司,臺中市大雅區大雅里大榮街147號1樓,500000,1021209
10474,54589511,寶地旺不動產開發有限公司,臺中市大里區瑞城里塗城路306號1樓,250000,1021209
10475,54589907,金杉寶生物科技股份有限公司,臺中市大雅區員林里大林路335號,1000000,1021217
10476,54590806,錦富建設有限公司,臺中市沙鹿區鎮南路二段74號1樓,26100000,1021201
10477,54590881,廣富租賃有限公司,臺中市西區藍興里南屯路一段9-1號,300000,1021212
10478,54591191,八度廣角整合行銷有限公司,臺中市西屯區何德里大信街60號2樓,1000000,1021202
10479,54591431,弘廉國際有限公司,臺中市南屯區文山里文山三街70-3號5樓,300000,1021213
10480,54591495,墨力國際股份有限公司,臺中市豐原區北陽里向陽路376巷16號1樓,10000000,1021218
10481,54592516,長彬資訊有限公司,臺中市西屯區何成里文心路二段562-1號3樓之1,100000,1021213
10482,54592656,仲友開發有限公司,臺中市南區平和里忠明南路935號1樓,1000000,1021208
10483,54593016,寶承投資有限公司,臺中市西區忠誠里華美西街1段142號13樓之2,35000000,1021203
10484,54593260,大全捲門有限公司,臺中市大甲區順天里復興路36號,600000,1021220
10485,54594269,秉陽科技股份有限公司,臺中市潭子區大豐里雅豐街270號1樓,1000000,1021212
10486,54594681,台灣塔建設有限公司,臺中市東區東橋里建德街269號1樓,10000000,1021212
10487,54595210,亞興人力仲介有限公司,臺中市北屯區平順里昌平路一段400號5樓之1,5000000,1021203
10488,54595801,上鴻國際投資股份有限公司,臺中市西區大全街74號5樓,1000000,1021209
10489,54595859,強陞不動產有限公司,臺中市北屯區中清路二段711號1樓,1000000,1021220
10490,54596180,善知識文教有限公司,臺中市大里區長榮里新南路112號,300000,1021210
10491,54596750,辰家精密工業有限公司,臺中市大里區大里路73號1樓,35000000,1021231
10492,54597738,鼎欣實業有限公司,臺中市北屯區平昌里崇興路一段162號1樓,1000000,1021205
10493,54598650,名鎧有限公司,臺中市南屯區大業里東興路三段239號8樓之5,30000000,1021231
10494,54599320,布拉格美容有限公司,臺中市西屯區文心路三段115號1、2樓,200000,1021223
10495,54599460,泰之境美容有限公司,臺中市西屯區福雅里臺灣大道四段782號1樓,2000000,1021227
10496,54599980,長科系統服務股份有限公司,臺中市南屯區惠中里文心路一段332號25樓之1,26000000,1021224
10497,54600121,永鑽國際投資有限公司,臺中市大甲區文武路10-26號,1000000,1021216
10498,54600207,合家徵信有限公司,臺中市北區明德里西屯路1段409-2號2樓,800000,1021205
10499,54600229,恒都投資有限公司,臺中市大甲區文武路20號,1000000,1021216
10500,54600255,景興國際投資有限公司,臺中市大甲區中山路一段908巷99號,1000000,1021216
10501,54600277,振順開發有限公司,臺中市西屯區大業里大墩路700號11樓之1,59800000,1021218
10502,54600419,星海欣投資有限公司,臺中市大甲區新政路328巷19號,1000000,1021213
10503,54600425,耀豐國際投資有限公司,臺中市大甲區民生路5號,1000000,1021213
10504,54600430,澤鋒投資有限公司,臺中市外埔區甲后路新城一巷100弄20號,1000000,1021213
10505,54600488,富恩科技有限公司,臺中市潭子區潭富二街61號,4000000,1021204
10506,54600494,泰億國際投資有限公司,臺中市西屯區惠中路一段133號15樓之2,1000000,1021213
10507,54601022,清新金屬有限公司,臺中市豐原區西湳里葫蘆墩四街80號2樓,500000,1021203
10508,54601965,昌興海產有限公司,臺中市北區崇德路一段631號6樓之1,1000000,1021210
10509,54602042,順銘鑫企業有限公司,臺中市東區東信里樂業路520巷24號,500000,1021209
10510,54602253,轉點數碼科技有限公司,臺中市北區淡溝里13鄰台灣大道二段340號5樓之2,1000000,1021229
10511,54602346,熱戀國際有限公司,臺中市西屯區臺灣大道四段1358號12樓,5500000,1021220
10512,54602508,豪森國際股份有限公司,臺中市北屯區水景里東山路一段207巷41號,20000000,1021211
10513,54602606,永漢貿易有限公司,臺中市烏日區九德里長春街201巷24號1樓,1000000,1021213
10514,54602628,建碩科技有限公司,臺中市沙鹿區福興里鎮南路二段153號,1000000,1021229
10515,54602768,特仕得實業有限公司,臺中市東區東信里東英三街2號1樓,1000000,1021204
10516,54603268,大江經貿有限公司,臺中市烏日區榮泉里榮泉路39巷28號,1000000,1021226
10517,54603470,鑫大金屬有限公司,臺中市外埔區水美里二崁路588巷37號,5000000,1021203
10518,54603561,銀柱兩岸經貿股份有限公司,臺中市大里區國光路二段500號9樓之2,5200000,1021224
10519,54603979,全大鑫建設股份有限公司,臺中市南屯區大進街1號6樓之2,2000000,1021230
10520,54604013,億燦科技工業有限公司,臺中市大雅區上楓里民生路四段341號,5000000,1021217
10521,54604034,森一企業有限公司,臺中市大里區長榮里中興路二段153巷7號6樓,20000000,1021219
10522,54604891,允晟開發股份有限公司,臺中市南屯區寶山里五權西路三段123號2樓,1000000,1021220
10523,54604920,親佳開發股份有限公司,臺中市南屯區寶山里五權西路三段123號4樓,1000000,1021220
10524,54605012,芎蕉坑食品有限公司,臺中市南屯區南屯里五權西路二段666號7樓之5,100000,1021223
10525,54605168,魔髮獅股份有限公司,臺中市西屯區大容西街67號3樓之2,1000000,1021225
10526,54605603,弘菖投資股份有限公司,臺中市大甲區義和一街39號1樓,30000000,1021223
10527,54605625,寶澤投資股份有限公司,臺中市大甲區義和一街41號1樓,30000000,1021220
10528,54606357,鴻海發開發股份有限公司,臺中市南區福順里南陽街96號1樓,5000000,1021203
10605,55621708,協興電機工業股份有限公司,臺中市后里區后里里三豐路344之2號,60000000,1021217
10606,55626302,大銘汽車貨運股份有限公司,臺中市大雅區員林里中清路三段25號,29890000,1021205
10607,55633155,大昇化工股份有限公司,臺中市后里區公館里三豐路445之1號,10000000,1021210
10608,55640466,履昌皮革業股份有限公司,臺中市神岡區北庄里中山路893巷10號1樓,19100000,1021213
10609,55644076,立榮機電工業股份有限公司,臺中市神岡區北庄里北庄路3號,9500000,1021223
10610,55644224,大越金屬工業股份有限公司,臺中市大雅區六寶里中清路4段590號,30000000,1021230
10611,55646829,富進塗料工業有限公司,臺中市神岡區社南里中山路667巷23號,8000000,1021231
10612,55648349,高宏機械工業股份有限公司,臺中市豐原區田心里大明路11號2樓,6750000,1021215
10613,55658253,東龍工業股份有限公司,臺中市豐原區三村里西勢路550號,50000000,1021208
10614,55683387,泰慶紡織股份有限公司,臺中市清水區下湳里中山路402巷36號,416000000,1021209
10615,55709730,六磊實業股份有限公司,臺中市大甲區日南里經國路2542巷10弄28號,26000000,1021205
10616,55718787,偉新紙器工業有限公司,臺中市大甲區新美里永順街15號,1200000,1021231
10617,55737285,楠洲股份有限公司,臺中市太平區中平里中平9街185巷18號,1700000,1021225
10618,55771163,國洲紙器廠股份有限公司,臺中市東勢區豐勢路225號1樓,5000000,1021223
10619,55777363,民義企業有限公司,臺中市石岡區石岡里豐勢路1291號,5480000,1021226
10621,55797522,鉦記工業股份有限公司,臺中市石岡區萬興里豐勢路689號,95890000,1021226
10622,55821419,明源工業股份有限公司,臺中市潭子區頭家里中山路一段257號,120000000,1021210
10623,55823084,生原家電股份有限公司,臺中市豐原區南村里水源路490號,15000000,1021218
10624,55823351,大豐膠囊工業股份有限公司,臺中市潭子區中山路3段203號,157000000,1021204
10625,55830873,瑞豐木工廠有限公司,臺中市豐原區社皮里中正路737巷31號,2000000,1021229
10626,55834316,協洲塑膠企業股份有限公司,臺中市豐原區鎌村里鎌村路271巷79號,15000000,1021231
10627,55840942,和協建設股份有限公司,臺中市豐原區豐田里田心路2段152巷8號2樓,20000000,1021203
10628,55842483,音宗企業股份有限公司,臺中市豐原區田心里大光街16號,6000000,1021205
10629,55842842,永大明儀器股份有限公司,臺中市潭子區栗林里中山路三段493巷23弄73號,15000000,1021231
10630,55852475,弓毅機械工業有限公司,臺中市豐原區三豐路721巷40弄9號,5000000,1021212
10631,55852828,利茗機械股份有限公司,臺中市潭子區潭富路一段144巷33弄1號,360000000,1021225
10632,55861235,沅渼生物科技股份有限公司,臺中市豐原區三村里三和路398-1號,39000000,1021220
10633,55870375,精華金屬製品有限公司,臺中市大里區萬安路103號1樓,500000,1021220
10634,55877264,名山工業股份有限公司,臺中市霧峰區五福里五福路138號1樓,60000000,1021211
10636,55893813,丁台工業有限公司,臺中市霧峰區丁台路346號1樓,5000000,1021210
10639,55916386,立原家電股份有限公司,臺中市豐原區南村里豐原大道五段198號,26000000,1021219
10640,55918856,仕興機械工業股份有限公司,臺中市神岡區神洲里大洲路86號,79000000,1021208
10641,55929072,明明鋁業股份有限公司,臺中市后里區泰安里福美路5-3號,200000000,1021230
10642,55939509,宏泰造漆有限公司,臺中市神岡區社南里昌平路五段356號1樓,5000000,1021205
10643,55940436,儀昌實業股份有限公司,臺中市豐原區朴子里豐勢路二段1126巷12號,13000000,1021216
10644,55947825,曜維膠業有限公司,臺中市潭子區中山路3段367號1樓,8000000,1021230
10645,55953494,將凱電機股份有限公司,臺中市神岡區豐洲里神洲路317號,25000000,1021205
10646,55964372,特傑營造股份有限公司,臺中市北區健行里健行路766巷18號1樓,100000000,1021231
10647,55971583,宏名鑄造廠股份有限公司,臺中市潭子區栗林里中山路三段287巷9弄154號,30000000,1021209
10648,55974929,特發交通股份有限公司,臺中市潭子區大豐里潭富路2段161巷2弄12號1樓,20000000,1021203
10649,55975119,立勤鋼鐵股份有限公司,臺中市神岡區北庄里中山路1029號,145000000,1021217
10650,55993123,進盛機械工業股份有限公司,臺中市豐原區東湳里三豐路700巷1弄3號,6880000,1021216
10651,55998008,建機工業股份有限公司,臺中市豐原區南村里水源路492巷5之3號,63991600,1021212
10652,55998632,晟暉水電工程有限公司,臺中市豐原區中陽里直興街45號,12000000,1021225
10653,55998648,朝盟股份有限公司,臺中市大甲區日南里東一街10號,19000000,1021213
10654,56103133,李兄弟事業股份有限公司,臺中市沙鹿區斗抵里沙田路25號,6000000,1021221
10655,56624859,名信企業股份有限公司,臺中市沙鹿區西勢里中航路一段410號,5000000,1021204
10656,56625029,良紗紡織股份有限公司,臺中市梧棲區草湳里梧南路6-2號,16000000,1021223
10657,56628573,明源橡膠工業股份有限公司,臺中市梧棲區永安里向上路九段467號,75000000,1021221
10658,56651840,永源報關有限公司,臺中市梧棲區頂寮里臨港路4段760巷1號,3000000,1021225
10659,56653880,竣驜企業股份有限公司,臺中市外埔區鐵山里長生路253號,5000000,1021211
10660,56654500,今國光學工業股份有限公司,臺中市梧棲區永安里014鄰向上路9段562巷91號,1625756810,1021217
10661,56668217,健禾實業有限公司,臺中市龍井區龍津里三港路322號,1000000,1021223
10662,56673844,茂彰運動護具股份有限公司,臺中市清水區秀水里中央路49之21號,27000000,1021220
10663,56685551,瑞旭塑膠工業股份有限公司,臺中市沙鹿區埔子里正英三街39號,5000000,1021230
10664,56701601,陸鋒交通股份有限公司,臺中市梧棲區南簡里大智路一段698號2樓,29600000,1021219
10665,56714839,芙蕾媞股份有限公司,臺中市外埔區水美里水美路27號,7400000,1021217
10666,56807702,昱元機械工業有限公司,臺中市豐原區翁明里圓環北路2段317巷9弄16號,5000000,1021226
10667,57046202,永裕電化工業股份有限公司,臺中市烏日區慶光路1036號1樓,2000000,1021212
10668,57084802,亞洲農藝有限公司,臺中市太平區中興路38號,6000000,1021231
10669,57198191,廣原實業股份有限公司,臺中市大肚區王田里興中路63號,40000000,1021203
10670,57229292,聯福紡織股份有限公司,臺中市西區華美西街一段66號1樓,18000000,1021211
10672,58019034,大旭實業股份有限公司,臺中市西屯區黎明路三段515號1樓,34000000,1021216
10677,58648603,台灣山二股份有限公司,臺中市西屯區巿政路386號24樓之1,200000000,1021230
10686,59066864,明彰企業有限公司,臺中市北區崇德路一段577號之17,5000000,1021231
10708,59342616,鏗能股份有限公司,臺中市大肚區頂街里沙田路三段245巷75號,7500000,1021223
10758,66525718,宏羽營造股份有限公司,臺中市西區忠誠里臺灣大道2段501號19樓之2,237000000,1021206
10942,70488010,芊卉國際園藝股份有限公司,臺中市南屯區溝墘里大墩十三街21號1樓,120000000,1021227
10943,70489398,龍升印刷有限公司,臺中市南區西川里忠明南路696巷5號1樓,2000000,1021205
10947,70492041,長裕複合物流股份有限公司,臺中市西區大隆路20號7樓之7,24670500,1021203
10954,70498191,台灣新邦實業有限公司,臺中市南區美村南路17號2樓,10000000,1021220
10955,70499065,美伸汽車興業有限公司,臺中市大雅區中清路三段885巷5號,5000000,1021229
10959,70500128,漢杞工程股份有限公司,臺中市大里區大元里環中東路七段42巷22號,29500000,1021203
10961,70503779,技冠科技網路工程顧問有限公司,臺中市龍井區新東里臺灣大道五段3巷42弄7號1樓,8100000,1021203
10964,70505995,名錞營造有限公司,臺中市北區漢陽街76號1樓,3000000,1021227
10967,70508901,得雲精密工業有限公司,臺中市大里區瑞城里中興路一段26巷11之6號,21000000,1021227
10970,70515950,唐融廢棄物清除股份有限公司,臺中市大里區塗城里三民一街23巷8號,5000000,1021212
10973,70519442,羚羊傳播有限公司,臺中市西區中美街446號4樓,1200000,1021213
10979,70525887,鑫意科技有限公司,臺中市西屯區協和里工業區31路12之3號,29000000,1021231
10984,70532563,源毅泰企業有限公司,臺中市神岡區神林路70巷17弄15號,5000000,1021225
11026,70589678,元金砂礫股份有限公司,臺中市北區文莊里英才路179號1樓,29800000,1021224
11029,70591751,翔固營造有限公司,臺中市南屯區五權西路二段772號,5800000,1021219
11030,70593224,立晟照明企業有限公司,臺中市南屯區文山里五權西路三段1巷224-10號,40000000,1021202
11037,70599450,世界光照明股份有限公司,臺中市北區建成里東光路342巷1之1號1樓,28000000,1021217
11048,70614115,東澄工業有限公司,臺中市神岡區大富路156巷21號1樓,5000000,1021218
11050,70617350,旭格科技有限公司,臺中市霧峰區自強路144號,1000000,1021230
11051,70617416,登晏膠業有限公司,臺中市潭子區中山路三段367號2樓,1000000,1021230
11054,70624964,啟竣建設股份有限公司,臺中市南屯區大墩三街91號1樓,1000000,1021201
11055,70625339,五角企業有限公司,臺中市大雅區六寶里中清路四段512號,3000000,1021220
11056,70625371,晨星出版有限公司,臺中市西屯區大有街13號1樓,5000000,1021220
11058,70627646,冠佑營造股份有限公司,臺中市北屯區大德里平德路59巷8號1樓,28000000,1021204
11061,70628378,亞斯克生技股份有限公司,臺中市西區公民里柳川西路二段95號,10000000,1021220
11062,70629807,汎群公寓大廈管理維護股份有限公司,臺中市北屯區后庄里新興路16巷6號1樓,10000000,1021213
11065,70631640,昆進有限公司,臺中市太平區建成街195號1樓,20000000,1021220
11072,70639559,鈺民有限公司,臺中市南區福中街11號1樓,10500000,1021211
11074,70643250,儷翔國際有限公司,臺中市豐原區東陽里東陽路150號2樓,730000,1021216
11079,70646427,寶仁土石開發有限公司,臺中市西屯區龍門路127號2樓,20600000,1021218
11085,70653003,三禹工業有限公司,臺中市太平區太平里合利街63號1樓,17000000,1021218
11086,70653566,總茂環保股份有限公司,臺中市西屯區廣福里中清路三段430號,90000000,1021226
11087,70654657,僑真國際有限公司,臺中市西屯區何明里大有街109號2樓,6000000,1021203
11094,70659180,增達營造有限公司,臺中市西區大忠里五權西六街20巷66號4樓,18000000,1021209
11103,70669912,環成企業有限公司,臺中市梧棲區臨港路三段960號,20000000,1021209
11114,70689804,世冠旅行社股份有限公司,臺中市北區博館路92號二樓,8000000,1021210
11117,70691935,德信昌有限公司,臺中市潭子區栗林里祥和路100號1樓,3000000,1021215
11119,70693645,誠遠營造有限公司,臺中市北區文心路四段212號5樓-1,7000000,1021225
11121,70697157,全美速達有限公司,臺中市西屯區惠來里河南路四段73號1樓,5000000,1021224
11124,70699893,雅堤國際開發有限公司,臺中市北區邱厝里大雅路120號1樓,3000000,1021231
11127,70704523,連鼎工程顧問有限公司,臺中市霧峰區本堂里育仁街19號1樓,10000000,1021212
11130,70711003,勗富有限公司,臺中市南屯區新生里新德街181號1樓,4250000,1021213
11132,70714177,麥格納服裝有限公司,臺中市南屯區大墩路916號2樓,1000000,1021230
11136,70719096,華攝氏廣告設計有限公司,臺中市西屯區何安里甘州二街8號1樓,1000000,1021227
11139,70722846,宏尹達有限公司,臺中市西區民生里14鄰綠川西街20號1樓,15000000,1021205
11141,70725246,京佑久有限公司,臺中市大里區永隆里爽文路916號1樓,50000000,1021218
11150,70733098,豪盛營造有限公司,臺中市烏日區中山路一段495巷17號,3000000,1021224
11151,70733560,領先視聽科技有限公司,臺中市北屯區河北路二段111號11樓之3,1000000,1021219
11156,70740892,貝威爾國際有限公司,臺中市北屯區平興里北屯路366號19樓之1,15000000,1021224
11157,70742863,鋒佶有限公司,臺中市太平區中興里東平路777巷17號二樓,1000000,1021226
11211,70848676,台灣電氣硝子股份有限公司,臺中市梧棲區緯六路6號,210000000,1021205
11214,70849366,技迪科技股份有限公司,臺中市梧棲區經三路8號,194000000,1021224
11256,75064259,井田製藥工業股份有限公司,臺中市大甲區日南里工九路9號,90000000,1021227
11316,79953797,瑞興實業有限公司,臺中市豐原區圓環南路96巷24號,20000000,1021220
11322,79955845,揚大國際有限公司,臺中市南屯區文山里寶山五街70號1樓,9000000,1021203
11324,79959510,展振營造有限公司,臺中市潭子區頭家里得天街91巷11號1樓,11680000,1021206
11330,79962183,龍族環保工程有限公司,臺中市北屯區進化路664號1樓,1200000,1021202
11334,79964801,亦誠不動產經紀有限公司,臺中市南屯區河南路四段439號1樓　,500000,1021209
11337,79966532,隨豐冷凍股份有限公司,臺中市西屯區大河街57號,28000000,1021218
11343,79969405,中華兩岸經貿股份有限公司,臺中市西屯區何成里大墩十八街195號3樓之2,3000000,1021224
11346,79971789,浩捍實業股份有限公司,臺中市南屯區豐樂里萬安街21號1樓,13000000,1021211
11352,79975363,超級數位科技出版股份有限公司,臺中市中區綠川里綠川東街32號7樓之22,20000000,1021203
11353,79976481,一等機械有限公司,臺中市西屯區福聯里一鄰臺灣大道四段1422號　,5000000,1021230
11358,79985427,登傑營造股份有限公司,臺中市烏日區湖日里新興路628號1樓,29400000,1021226
11359,79986565,隔減震有限公司,臺中市西區華美西街一段137號3樓之4,6000000,1021205
11367,79994002,高笠機械有限公司,臺中市烏日區中山路三段1113號1樓,1000000,1021211
11369,79994713,明冠內衣企業有限公司,臺中市北屯區仁和里山西北一街87巷8號4樓,5000000,1021202
11371,79996613,力弘科技股份有限公司,臺中市南屯區豐樂里黎明路一段830號,4000000,1021202
11377,80007906,群義不動產經紀股份有限公司,臺中市南屯區文心路1段424號1樓　,191000000,1021218
11378,80007981,標準投資有限公司,臺中市北屯區平安里文心路4段696號25樓,180000000,1021206
11383,80014033,尚信承企業股份有限公司,臺中市南屯區文心路一段521號6樓之7,23000000,1021226
11389,80026312,台灣日東光學股份有限公司,臺中市大雅區中部科學工業園區科雅西路7號,568003000,1021223
11395,80036986,萬神殿國際渡假村開發股份有限公司,臺中市南區忠明南路789號12樓,60000000,1021219
11403,80042930,輝昌機電有限公司,臺中市西屯區大河里大河街106號1、2樓,5000000,1021201
11404,80044135,星冠企劃傳媒有限公司,臺中市潭子區栗林里中山路三段493巷23弄79號1樓,5000000,1021219
11410,80048483,宗毓服裝開發有限公司,臺中市北屯區平順里安順東十街90號1樓,500000,1021202
11412,80049743,紳緯塑膠有限公司,臺中市新社區中正里中正街53號1樓,6250000,1021226
11414,80052789,壯化毒生物科技有限公司,臺中市沙鹿區斗抵里7鄰天仁街30巷19號,12000000,1021226
11418,80056357,佳禾五金股份有限公司,臺中市清水區南社里民族路二段322號,3000000,1021225
11421,80058361,高品生物科技管理顧問股份有限公司,臺中市北區崇德路一段258號,52300000,1021218
11424,80063414,康淳科技股份有限公司,臺中市南屯區文山里精科五路31號3樓,71000000,1021209
11425,80063603,先達科技股份有限公司,臺中市西屯區協和里工業區38路210號7樓之3,5000000,1021216
11434,80068868,泰茂營造有限公司,臺中市太平區太平十八街21號1樓,5200000,1021204
11435,80069352,章祐五金有限公司,臺中市龍井區龍西里中央南路81號,500000,1021204
11453,80087112,金潤益企業股份有限公司,臺中市北屯區進化北路33號2樓,5000000,1021227
11456,80089408,昇勇營造有限公司,臺中市北屯區水湳里大連北街28號1樓,3000000,1021225
11461,80093682,鄴成工業有限公司,臺中市北屯區新興路29號1樓,2000000,1021227
11464,80095345,川友科技模型有限公司,臺中市北區陜西東五街71號1樓,8000000,1021203
11465,80095400,首鑽精密機械有限公司,臺中市豐原區南村里水源路283巷76弄3號,13000000,1021204
11473,80103035,瑞億企業有限公司,臺中市南區工學里德富路261號,1000000,1021204
11489,80118023,薰衣草森林股份有限公司,臺中市西屯區潮洋里朝富路232號2樓,27770000,1021202
11494,80124215,鼎躍投資股份有限公司,臺中市北區錦洲里進化路564號,32320000,1021221
11500,80131546,永承貿易有限公司,臺中市大里區東湖路127巷3弄7號1樓,5000000,1021219
11501,80132860,巧合塑膠股份有限公司,臺中市龍井區忠和里工業路190號　,5000000,1021218
11505,80138421,太陽堂傳統糕餅有限公司,臺中市南區福田路91號2樓,6000000,1021225
11507,80142831,昱緯車體有限公司,臺中市大里區東湖里東南路161巷12弄8號,1000000,1021212
11509,80145788,勤豐科技有限公司,臺中市神岡區社南里昌平路五段420號,3000000,1021213
11578,80209608,奇美開發有限公司,臺中市北區賴興里天津路2段125之1、125之2號,1900000,1021226
11587,80223221,豐寶遊覽車客運股份有限公司,臺中市豐原區育才街61號3樓,50000000,1021211
11592,80226487,鑫唯水電工程有限公司,臺中市西屯區西平里烈美街142號1樓,7000000,1021209
11595,80228627,太泰有限公司,臺中市南屯區向心里京展街190號11樓之1,500000,1021216
11596,80229631,仁侑工業股份有限公司,臺中市太平區工業十九路6號1樓,110000000,1021213
11599,80231637,弘新精密股份有限公司,臺中市北區明德里太原路一段406號1樓,200000000,1021212
11610,80239292,臺灣裘貝有限公司,臺中市西區吉龍里五權西四街59巷10號1樓,5000000,1021211
11611,80239568,全福泰實業有限公司,臺中市東區十甲里樂業路311巷10號1樓,2500000,1021219
11622,80244746,祐鉅實業有限公司,臺中市西屯區惠來里西屯路二段208巷2弄2號1樓,2000000,1021211
11626,80247693,桂亞國際股份有限公司,臺中市西區美村路1段36號3樓之5,29000000,1021206
11627,80248320,聯想不動產仲介經紀有限公司,臺中市南屯區文心路一段502號一、二樓,1000000,1021229
11637,80253884,大懋股份有限公司,臺中市潭子區潭陽里圓通南路114巷3弄7號,41700000,1021206
11703,80308924,虹開企業有限公司,臺中市龍井區新東里遊園南路319巷153之1號,5000000,1021212
11709,80312878,華勝自動化有限公司,臺中市潭子區甘蔗里勝利二街98巷7號1樓,10000000,1021225
11712,80316522,瑞盛機械電機工程有限公司,臺中市龍井區龍津里中央路一段3巷168號3樓,1000000,1021205
11714,80317521,奇崴食品有限公司,臺中市西屯區何明里漢口路二段98號2樓,30000000,1021202
11731,80348566,新生資產管理股份有限公司,臺中市南屯區大英街306號,83000000,1021204
11767,80392020,冠奇有限公司,臺中市神岡區岸裡里大豐路28號1樓,10000000,1021219
11772,80395342,鼎峰自動化股份有限公司,臺中市梧棲區草湳里港埠路一段235號,110000000,1021230
11774,80396659,彩暉木業有限公司,臺中市大雅區文雅里12鄰中山北路236號1樓　,3000000,1021224
11778,80398158,中興動產鑑價有限公司,臺中市西區公民里林森路154號1樓,600000,1021209
11779,80398185,旺勤工業有限公司,臺中市大肚區沙田路一段320巷56弄1號1樓,25000000,1021211
11785,80408629,勤業投資股份有限公司,臺中市西屯區臺灣大道三段658號8樓之3,40000000,1021219
11789,80415142,心義不動產仲介經紀有限公司,臺中市西屯區臺灣大道四段768號1樓,900000,1021211
11791,80415966,昱豐開發實業股份有限公司,臺中市西區美村路一段502號6樓之1,25000000,1021204
11798,80421762,金長隆印刷品有限公司,臺中市大里區內新里環中東路六段158號,2000000,1021226
11799,80421828,學習工場數位科技股份有限公司,臺中市南區復興路一段270號6樓,18440000,1021209
11805,80429645,里仁加油站有限公司,臺中市豐原區東湳里三豐路1012號,5000000,1021211
11811,80432016,睿瑩精密機械股份有限公司,臺中市潭子區福仁里新興路一段281巷25號,30000000,1021217
11817,80441752,活力純淨水有限公司,臺中市西屯區市政路668號2樓,4500000,1021203
11821,80447215,勤豐磁磚有限公司,臺中市潭子區嘉仁里仁愛路2段98號,3000000,1021216
11828,80449939,錡譽股份有限公司,臺中市南屯區向心南路906巷9號1樓,5000000,1021209
11831,80452949,大雋室內設計股份有限公司,臺中市西區忠誠里臺灣大道二段536號十樓之1,1000000,1021220
11832,80453644,悅築建設股份有限公司,臺中市南屯區五權西路二段666號9樓之9,29990000,1021202
11838,80460379,君良投資顧問有限公司,臺中市西屯區福恩里工業區一路58巷1號6樓之2,80000000,1021210
11839,80460552,光禹精密有限公司,臺中市大里區仁化里工業九路6號,7000000,1021226
11840,80460862,鈑藝實業有限公司,臺中市南屯區溝墘里大墩十三街18-3號2樓,1000000,1021210
11846,80466612,力瑪科技股份有限公司,臺中市南屯區精科中路22號2樓,38000000,1021206
11848,80467696,華揚精密機械股份有限公司,臺中市烏日區東園里溪南路一段506巷316弄151號,5000000,1021215
11849,80467719,樂禧國際股份有限公司,臺中市西區昇平里民生路481號1樓,5000000,1021225
11853,80473901,麥克優仕全方位設計有限公司,臺中市南區建成路1564號1樓,500000,1021209
11855,80474205,鷹揚公寓大廈管理維護股份有限公司,臺中市南屯區大墩一街42號地下1層之25,10000000,1021212
11859,80475730,國隆國際有限公司,臺中市北屯區中清路二段682號一樓,10000000,1021230
11862,80480380,安德國際企業有限公司,臺中市南屯區大誠里大墩一街20號一樓,500000,1021212
11863,80480585,如崴科技股份有限公司,臺中市神岡區神洲里豐工南路58號,10000000,1021231
11893,80522115,宏合精研股份有限公司,臺中市大肚區沙田路3段245巷81之36號,20000000,1021210
11925,80550511,松美系統傢具有限公司,臺中市西屯區港尾里中清路二段1499號,2500000,1021227
11929,80552519,米樂國際事業股份有限公司,臺中市西屯區臺灣大道三段658號18樓之5,5000000,1021218
11930,80552736,寶隆風管工程有限公司,臺中市大里區新生路176號,2000000,1021224
11937,80558942,晉隆億企業有限公司,臺中市神岡區溪洲里神洲路852巷6號,1000000,1021226
11939,80559484,精鵬機械股份有限公司,臺中市龍井區竹坑里3鄰茄投路一段85巷25號,28000000,1021227
11940,80559920,九鉅企業有限公司,臺中市龍井區忠和里工業路182巷20號1樓,3000000,1021224
11945,80563353,宜庭科技有限公司,臺中市豐原區豐田里南陽路59巷100弄18號,1000000,1021214
11954,80570919,千木企業有限公司,臺中市南屯區文山里保安六街133號1樓,1000000,1021203
11957,80573113,惠朋國際股份有限公司,臺中市西屯區府會園道179號21樓,60000000,1021201
11963,80579741,勝立資通股份有限公司,臺中市西屯區何明里大有街81號1樓,5000000,1021204
11965,80582128,聯迅科技有限公司,臺中市北區中山路429巷14號1樓,3000000,1021223
11966,80583750,冠陞實業有限公司,臺中市沙鹿區公明里中清路信義巷6-45號1樓,20000000,1021216
11971,80587566,森田藥粧股份有限公司,臺中市南屯區三和里永春東七路878-57號,39525000,1021225
11976,80589852,千裕宏股份有限公司,臺中市太平區中興里東平路882號,20000000,1021201
11979,80591230,華豐禮儀股份有限公司,臺中市西區後龍里五權路56-5號,30000000,1021227
11983,80593841,維鯨旅行社有限公司,臺中市北屯區舊社里北屯路441之18號1樓,8000000,1021225
11984,80594026,元明食品股份有限公司,臺中市西屯區潮洋里朝富路18之2號1樓,10000000,1021230
11986,80595279,聖國精密科技股份有限公司,臺中市大里區仁德里仁化路675號1樓,9600000,1021225
11990,80598487,金旺盛國際建設有限公司,臺中市大里區德芳路二段160號1樓,5000000,1021212
12000,80608529,群凱廣告事業有限公司,臺中市西屯區東山路一段218巷5弄19號1樓,1000000,1021206
12003,80611812,元懋有限公司,臺中市東區十甲里十甲北二街60號1樓,500000,1021202
12015,80621403,晶鎂機械工業股份有限公司,臺中市大肚區大肚里福利路133巷17號1樓,2000000,1021224
12027,80632794,立豐榮實業有限公司,臺中市西區英才路501號5樓,5000000,1021223
12031,80636172,東京佑齒輪有限公司,臺中市霧峰區四德里四德路579號1樓,1000000,1021230
12039,80642667,興誠服務管理有限公司,臺中市西屯區何源里河南路170號5樓之4,5000000,1021204
12042,80643498,第一儲媒科技有限公司,臺中市中區繼光街70號1樓,1000000,1021210
12043,80644166,鉅達科技有限公司,臺中市西區公德里精誠二十八街25號1樓,1200000,1021202
12047,80646039,上杰自動化科技有限公司,臺中市清水區西社里中清路九段15號1樓,1000000,1021230
12111,80700434,盛隆開發股份有限公司,臺中市南區三民西路351號,10000000,1021211
12112,80700482,圖馬克有限公司,臺中市神岡區三社路269號,30000000,1021230
12113,80702257,永捷藥品股份有限公司,臺中市西屯區潮洋里黎明路二段860巷51號1樓,10000000,1021225
12115,80705439,君鼎建設股份有限公司,臺中市南屯區大墩二街186號,45000000,1021203
12119,80707350,滙鑫國際實業有限公司,臺中市南屯區大同里東興路二段184號1樓,40000000,1021223
12129,80711137,蓓醴股份有限公司,臺中市北屯區后庄里后庄七街5號,5000000,1021203
12133,80718217,日榮興實業有限公司,臺中市潭子區栗林里豐栗路37號,11200000,1021206
12134,80718737,圓佳資訊有限公司,臺中市西屯區工業區一路2巷3號5樓之3,500000,1021226
12139,80722676,喬登多媒體科技股份有限公司,臺中市西區臺灣大道二段573號6樓,10000000,1021210
12140,80722991,棟廣精密有限公司,臺中市潭子區和平路33巷18號8樓之2,500000,1021220
12143,80730057,豐鑫塑膠企業有限公司,臺中市梧棲區永安里向上路九段351巷6號　,2000000,1021217
12145,80732647,銘政興業科技有限公司,臺中市南區和平里復興路二段48號1樓,5000000,1021205
12154,80742379,富麗昇有限公司,臺中市北屯區仁美里崇武街90號1樓,1100000,1021211
12221,84077164,勇帥股份有限公司,臺中市豐原區圓環南路110號,18000000,1021223
12222,84077262,曹聖科技建材有限公司,臺中市西屯區潮洋里朝貴路104號1樓,6000000,1021231
12225,84082125,進郁工業有限公司,臺中市大甲區文曲里中山路一段72巷6號,1000000,1021219
12230,84089746,緯騰實業有限公司,臺中市豐原區西湳里三豐路675巷6之3號,5000000,1021213
12264,84157005,興鋼精機廠股份有限公司,臺中市神岡區社南里昌平路五段113號,10000000,1021225
12275,84178108,富萊德有限公司,臺中市東區力行路83之2號,4000000,1021211
12277,84178846,帝旺營造股份有限公司,臺中市北區太原北路130號3樓之1,10000000,1021226
12278,84180511,慶濠建設股份有限公司,臺中市烏日區溪埧里溪南路一段279號1樓,25000000,1021229
12286,84187417,沈氏通訊股份有限公司,臺中市南屯區大墩十街216號1樓,3000000,1021227
12295,84200100,鑫昌成有限公司,臺中市大里區健民里仁化路221巷46號,3000000,1021204
12296,84201852,大大旅行社有限公司,臺中市南屯區南屯路2段408號11樓之11,10000000,1021210
12297,84203134,耀盛鞋業有限公司,臺中市大雅區西寶里昌平路四段558巷90弄7號,1000000,1021217
12299,84207379,九川建築企業股份有限公司,臺中市北屯區松竹里崇德路2段416號5樓之4,25000000,1021231
12308,84218214,達弘精機股份有限公司,臺中市豐原區西湳里文賢街32巷10號,1000000,1021212
12310,84227831,標準國際測繪儀器有限公司,臺中市南屯區南屯里五權西路2段666號10樓之8 ,16000000,1021214
12317,84246197,聯雲企業股份有限公司,臺中市南區工學北路56號12樓之1,6000000,1021223
12318,84246915,駿鑫有限公司,臺中市太平區中興里東平路715巷8弄2號,5000000,1021209
12319,84247225,承益建設股份有限公司,臺中市西區中山路469號1樓,30000000,1021211
12344,84307594,創華股份有限公司,臺中市太平區德隆里工業十八路1-1號,5000000,1021223
12345,84308405,台灣荏原艾利特機械股份有限公司,臺中市西屯區工業區42路1號,100000000,1021219
12352,84317615,開笙有限公司,臺中市東區東橋里大智路461號1樓,1000000,1021218
12373,84343254,印九一數位印刷有限公司,臺中市北屯區忠平里雷中街91巷1號1樓,5000000,1021217
12380,84347765,東鈦企業有限公司,臺中市大肚區頂街里沙田路三段245巷81-7號,40000000,1021226
12386,84358734,百原通風工程有限公司,臺中市烏日區光明里10鄰五光路復光五巷11號1樓,12000000,1021213
12388,84361610,彩峰塑膠股份有限公司,臺中市潭子區新田里龍興三莊127-2號,5000000,1021229
12395,84370863,政鈺機械股份有限公司,臺中市梧棲區草湳里永興路2段362巷28號,90000000,1021226
12397,84379750,凡大實業有限公司,臺中市南區南門里國光路三九九號,500000,1021224
12403,84388511,天才實業開發股份有限公司,臺中市西區臺灣大道一段726號4樓之5,60000000,1021221
12404,84390235,至翔工業有限公司,臺中市外埔區大東里大馬路庄內巷3號,1000000,1021217
12408,84393253,山杰有限公司,臺中市神岡區社南里中山路851巷35弄25號1樓,5000000,1021218
12414,84399799,崇鈺機電股份有限公司,臺中市霧峰區中正里中正路940巷29之9號,5000000,1021219
12415,84401417,昶鴻興實業有限公司,臺中市南區積善里五權南路680巷68弄12號1樓,6000000,1021225
12417,84404414,銓鋕工程股份有限公司,臺中市太平區育仁南路２７巷１號,2000000,1021229
12421,84414980,金靖實業股份有限公司,臺中市神岡區社南里中山路847巷14號,2000000,1021202
12422,84416018,永吉水電工程有限公司,臺中市南屯區大墩路67號1樓,2000000,1021204
12427,84428112,桂林建設有限公司,臺中市潭子區和平路129巷22弄15號1樓,15000000,1021223
12441,84449741,嘉達貨運有限公司,臺中市大甲區西岐里順帆路97之1號,30000000,1021205
12464,84509705,永壕工業有限公司,臺中市龍井區新庄里學園路59巷1弄9號1樓,1000000,1021224
12470,84514453,信昌合板有限公司,臺中市南區懷寧街206號1樓,20000000,1021204
12472,84516332,弘煦股份有限公司,臺中市西屯區何成里大容東街90號9樓之2,6000000,1021219
12476,84519984,崧銓實業有限公司,臺中市西區和龍里篤信街58號,5000000,1021204
12478,84521497,翔飛事業有限公司,臺中市北區明德里太原二街15號1樓,30000000,1021218
12479,84521877,康威信金屬有限公司,臺中市潭子區頭家里得福街188號5樓,2000000,1021216
12483,84527582,豐源加油站有限公司,臺中市豐原區田心里中山路82號,9000000,1021211
12488,84534253,中友加油站股份有限公司,臺中市東區精武東路42號1樓,10000000,1021206
12490,84539460,和富建設股份有限公司,臺中市烏日區中山路一段619號1樓,500000,1021210
12496,84548144,大嶺合板有限公司,臺中市南屯區文心南一路84號1樓,25200000,1021219
12506,84565678,冠震工業股份有限公司,臺中市南區光輝街11號1樓,3000000,1021203
12523,84596855,泓文貿易有限公司,臺中市西區忠仁街87號3樓,3000000,1021223
12526,84605616,億昇行水電材料有限公司,臺中市潭子區潭陽里潭子街二段76巷10號,8000000,1021205
12528,84606875,吉泰鋼鐵有限公司,臺中市沙鹿區鹿寮里三條圳二街130號1樓,5000000,1021220
12533,84613756,中龍鋼鐵股份有限公司,臺中市龍井區龍昌路100號,86125861230,1021211
12536,84617280,佑陞營造股份有限公司,臺中市大里區西榮路152巷36號1樓,3000000,1021218
12540,84620763,日銪股份有限公司,臺中市豐原區翁子里豐勢路一段414號,10000000,1021223
12541,84624584,東禹營造有限公司,臺中市北屯區遼陽五街89號1樓,8000000,1021203
12544,84631229,博星建設股份有限公司,臺中市北區民權路559號10樓之2,50000000,1021226
12553,84647165,崇泰空調有限公司,臺中市潭子區甘蔗里興華一路241巷13弄10號1樓,3000000,1021218
12558,84652265,安適感室內裝潢設計有限公司,臺中市西屯區臺灣大道四段786巷40號1樓,2000000,1021225
12560,84660737,堂容企業有限公司,臺中市烏日區北里里太明路53巷10號,3000000,1021207
12564,84665085,庭得益工程股份有限公司,臺中市西屯區臺灣大道四段786巷40號,3000000,1021225
12565,84666789,禾林企業有限公司,臺中市北區崇德里北興街194號2樓,3000000,1021203
12566,84669667,喬博建設開發股份有限公司,臺中市沙鹿區臺灣大道七段1050號1樓,8000000,1021212
12573,84682330,仂馳金屬工業股份有限公司,臺中市神岡區豐洲里豐工中路16號,24000000,1021216
12581,84695757,睿高工程有限公司,臺中市大雅區員林里大林路52之3號,1000000,1021221
12582,84697621,欣億昌工業股份有限公司,臺中市大里區健民里仁化工十二路37號,29000000,1021224
12601,84711551,源通明交通事業股份有限公司,臺中市西區後龍里中山路467-1號1樓,29900000,1021202
12651,84809908,隆業興科技有限公司,臺中市北屯區中清路二段1250巷158弄59號,5000000,1021204
12666,84832324,東屋營造股份有限公司,臺中市南區崇倫街76號1樓,28500000,1021216
12671,84845025,巧悅美容有限公司,臺中市西屯區福聯里福科路901巷9號1樓,1000000,1021231
12672,84845377,捷欣企業股份有限公司,臺中市西屯區港尾里中清路三段550號1樓,171000000,1021223
12676,84854706,鋒銓齒輪股份有限公司,臺中市太平區中興里東平路777巷17號1樓,5000000,1021226
12679,84864866,金保國石業有限公司,臺中市西屯區龍潭里環中路3段998-1號,10000000,1021221
12680,84865154,典匠有限公司,臺中市神岡區豐工路807號2樓,2000000,1021203
12682,84869784,勁越精密股份有限公司,臺中市梧棲區港南路2段465巷36號,45000000,1021216
12689,84875081,志合營造股份有限公司,臺中市北屯區四平路238巷15號1樓,75000000,1021206
12692,84878593,浤泉建設股份有限公司,臺中市西屯區西安街130巷9號1樓,100000000,1021205
12694,84879045,大銘加油站股份有限公司,臺中市北屯區崇德路3段1000號,5000000,1021231
12696,84881513,侑詮企業有限公司,臺中市潭子區東寶里昌平路三段492巷170弄29號,1000000,1021211
12710,84892928,松鋒交通企業有限公司,臺中市烏日區烏日里公園路336號1樓,25000000,1021206
12737,84955839,裕得商行股份有限公司,臺中市南屯區文心路一段73號7樓之2,9000000,1021228
12738,84956160,三榮塑膠製品工業有限公司,臺中市梧棲區頂寮里大仁路二段369號4樓之8,21500000,1021219
12741,84959624,金緯應用材料股份有限公司,臺中市龍井區工業路246巷26號,45000000,1021206
12742,84961348,川岳冷凍空調工程有限公司,臺中市北屯區興安路二段461巷55弄17號1樓,5000000,1021204
12743,84965148,九壽實業股份有限公司,臺中市梧棲區自立二街123號,198968000,1021231
12745,84966012,金長威有限公司,臺中市西屯區長安路一段46巷24號1樓,4600000,1021231
12750,84976356,樂山營造有限公司,臺中市清水區五權東路17巷59弄45號1樓,3000000,1021230
12751,84980181,展固營造工程股份有限公司,臺中市西屯區福雅里臺灣大道四段786巷40號,15000000,1021218
12754,84983119,巨曜投資股份有限公司,臺中市北屯區北屯里崇興路一段50號,20000000,1021224
12755,84983217,可特利精機廠股份有限公司,臺中市神岡區圳前里中山路1377巷56號一樓,2000000,1021224
12756,84983814,帝傑工程有限公司,臺中市大里區中新里中興路二段240巷29號3樓,5000000,1021203
12759,84990821,和利鴻實業股份有限公司,臺中市大里區西榮里西榮路84之3號,5000000,1021207
12760,84991271,伸隆股份有限公司,臺中市大里區大元里國中一路9號1樓,2000000,1021218
12761,84992948,擇億實業有限公司,臺中市大里區健民里仁化路221巷42號,5000000,1021230
12762,84993398,鉦鑫有限公司,臺中市大肚區王田里沙田路一段320巷32之8號,10000000,1021206
12815,86071263,東籐科技股份有限公司,臺中市龍井區蚵寮路267號,68000000,1021207
12816,86071382,金薪工業有限公司,臺中市東區東門里東光園路100巷56弄31號1樓,2500000,1021204
12820,86075325,擎歐企業股份有限公司,臺中市西屯區逢福里河南路2段262號7樓之11,10000000,1021221
12822,86078300,美強企業有限公司,臺中市梧棲區永安里向上路九段322巷32號,15000000,1021223
12824,86081488,豐洲工業股份有限公司,臺中市大里區國中一路46巷46號,5000000,1021224
12826,86091423,元嘉汽車股份有限公司,臺中市沙鹿區晉江里臺灣大道七段372號,150680000,1021203
12829,86093549,烱立工業有限公司,臺中市南區和平里永南街66巷10號,61000000,1021229
12832,86097735,瑞隆服裝股份有限公司,臺中市東區十甲里東英路447號,5000000,1021225
12834,86104829,詠聖精密工業股份有限公司,臺中市龍井區竹坑里沙田路四段90號,1000000,1021220
12837,86107543,濟詮開發企業股份有限公司,臺中市梧棲區草湳里建國北街217巷86號,5000000,1021224
12839,86108655,采禾設計事業有限公司,臺中市大甲區江南里東西五路一段189巷7號,500000,1021226
12849,86114946,皇連實業股份有限公司,臺中市西屯區協和里工業區四十二路33號,2000000,1021230
12864,86139313,泉順貿易股份有限公司,臺中市南屯區三厝里三和街138號1樓,5000000,1021216
12884,86180467,大統氧氣行有限公司,臺中市大里區塗城里光正路212巷20號,3000000,1021230
12888,86182367,豐鎧工業股份有限公司,臺中市外埔區水美里二崁路588巷18號,15500000,1021202
12892,86186899,佳鑫模具股份有限公司,臺中市大里區仁化里工業九路142號,21350000,1021230
12893,86188257,驛站企業股份有限公司,臺中市南區忠明南路760號33樓,31799350,1021205
12902,86214889,旭鴻泡綿實業有限公司,臺中市北屯區水景里景和東街75號1樓,5000000,1021210
12903,86217372,金輝配件有限公司,臺中市豐原區北陽里中陽路210巷17號1樓,10000000,1021219
12904,86218323,東吳特殊電線企業有限公司,臺中市北屯區軍福十二路17號1樓,5000000,1021226
12907,86228434,賢隆精密工業股份有限公司,臺中市大雅區橫山里中山三路56號,30000000,1021209
12911,86235934,奧林匹克國際有限公司,臺中市西屯區青海路1段142號1樓,10000000,1021209
12914,86242463,顥記實業股份有限公司,臺中市北屯區水景里軍福11路531號1樓,5000000,1021225
12916,86244265,精元電腦股份有限公司,臺中市大雅區上楓里中正路188之1號,3637803280,1021204
12920,86250505,崧平有限公司,臺中市南屯區精誠南路135巷29號1樓,2000000,1021218
12922,86253138,泰聖營造股份有限公司,臺中市西區和龍里西屯路一段106號1樓,20000000,1021226
12925,86257802,永洪貿易有限公司,臺中市南區忠明南路789號28樓,135000000,1021210
12926,86258507,佳新帆布業有限公司,臺中市霧峰區本鄉里草湖路135巷18號1樓,10000000,1021203
12930,86263446,全偉精機企業股份有限公司,臺中市清水區南社里南社路301巷85之5號　,5000000,1021204
12935,86273900,維祥股份有限公司,臺中市后里區聯合里水門路44號,500000,1021206
12936,86274942,大裕塑膠股份有限公司,臺中市大雅區橫山里永和路六甲巷10-13號,24000000,1021223
12959,86334195,積陽企業有限公司,臺中市西屯區大墩十八街132號2樓,10000000,1021230
12961,86335568,精豪興企業股份有限公司,臺中市烏日區五光路635號1樓,5000000,1021218
12972,86364991,宇祥營造股份有限公司,臺中市北區忠明路502之1號4樓之2,80000000,1021212
12975,86369378,宏龍建設股份有限公司,臺中市南屯區南屯路二段408號6樓之2,25000000,1021209
12982,86378600,寶典建設股份有限公司,臺中市西屯區何南里東興路三段381號7樓之2,35000000,1021218
13001,86397521,元振興五金工業股份有限公司,臺中市太平區太平里永平路三段132巷101號1樓,10000000,1021219
13018,86430325,新振發食品有限公司,臺中市豐原區圳寮里豐洲路40之5號,9000000,1021219
13022,86433266,峰義工業有限公司,臺中市神岡區大洲路42巷13號,1000000,1021218
13038,86482913,亞昕資訊股份有限公司,臺中市西區忠明南路270號12樓之2,28000000,1021219
13064,86531490,益佃五金行有限公司,臺中市東區振興路254之2號1樓,16000000,1021205
13067,86538677,隆岳水電工程有限公司,臺中市北屯區松安里興安路二段405巷62號1樓,10000000,1021210
13072,86546629,永大理貨有限公司,臺中市梧棲區中正里中興路324號1樓,9000000,1021219
13077,86553424,旭瑞工業股份有限公司,臺中市烏日區光明里五光路961巷15-7號1樓,30000000,1021210
13079,86556484,億豐電器有限公司,臺中市西區向上路1段48號1樓,1500000,1021209
13087,86567546,旺益建設有限公司,臺中市西區中山路四七一號,25000000,1021223
13089,86574342,吉旺企業管理顧問有限公司,臺中市東區復興路四段53號10樓之2,1000000,1021211
13090,86575525,昇譽實業股份有限公司,臺中市豐原區中陽里南陽路474號,10000000,1021218
13097,86599913,世茂電子分色製版有限公司,臺中市西屯區大河里大河一巷3弄6號1樓,28000000,1021225
13100,86606225,淞揚企業有限公司,臺中市神岡區社南里中山路851巷37弄12號,5000000,1021210
13103,86614077,東億機械企業有限公司,臺中市烏日區新興路101號,5000000,1021206
13106,86617686,羽陽行實業有限公司,臺中市北屯區和祥六街15號1樓,5000000,1021210
13114,86627707,新大實業有限公司,臺中市南屯區文心南三路120巷28之3號1樓,1000000,1021210
13116,86629830,巨岦工業股份有限公司,臺中市太平區興隆里興隆路一段70巷86號,8000000,1021226
13121,86637156,京王旅行社股份有限公司,臺中市西區五權五街151號6樓之3,15000000,1021204
13122,86639008,岳紘實業股份有限公司,臺中市南屯區寶山一街152號10樓之1,5000000,1021225
13128,86657791,莊峰榮化工企業有限公司,臺中市西區三民路一段68號1樓,39000000,1021225
13130,86660959,岱華電子股份有限公司,臺中市梧棲區大庄里信義街31巷11號1樓,8000000,1021218
13132,86665321,立燁藥業股份有限公司,臺中市西區公益北街22號1樓,6000000,1021205
13133,86665504,久興螺絲股份有限公司,臺中市霧峰區五福里五福路571號,2000000,1021219
13134,86667046,鈺鎧科技股份有限公司,臺中市西屯區協和里工業區三十六路29號1、2、3樓,226089260,1021216
13138,86681639,建湖股份有限公司,臺中市西區臺灣大道二段105號6樓,5000000,1021223
13149,86698012,圖美都企業開發有限公司,臺中市大里區永明街１７０號１樓,2000000,1021213
13167,86763884,禕億工程有限公司,臺中市神岡區神岡里中山路1516號,3500000,1021216
13170,86769727,源陽電料有限公司,臺中市神岡區豐洲里豐洲路456巷26弄20號1樓,5000000,1021224
13172,86781052,海博生技股份有限公司,臺中市南屯區五權西路2段131號9樓之3,10000000,1021229
13173,86781742,齊錦螺絲企業有限公司,臺中市大雅區六寶里月祥路772巷2號1樓,5000000,1021213
13180,86791592,國品實業股份有限公司,臺中市大雅區六寶里中清路4段766號,100000000,1021230
13187,86799243,佳生砂石企業股份有限公司,臺中市大雅區昌平路三段620巷29號,123000000,1021203
13189,86800537,台灣杰億興業有限公司,臺中市西屯區逢福里福上巷251弄34號1樓,5000000,1021225
13191,86802198,榮昇冷氣空調有限公司,臺中市大雅區橫山里永和路六甲巷12-1號,2000000,1021218
13198,86816664,首鋒玻璃股份有限公司,臺中市太平區中平里成功東路146號1樓,6200000,1021218
13204,86825312,弘邦技術股份有限公司,臺中市西屯區中工二路190號9樓,50000000,1021210
13205,86830080,全宏營造股份有限公司,臺中市西區後龍街50-1號,50000000,1021212
13206,86830650,三峻企業有限公司,臺中市大雅區大雅里學府路250巷97弄34號,2000000,1021218
13254,86948969,享御鈿工業社股份有限公司,臺中市神岡區社南里中山路851巷37弄27號,5000000,1021224
13257,86957988,昊瑩股份有限公司,臺中市沙鹿區鹿峰里中山路田尾巷112號1樓,5000000,1021221
13259,86960941,井帝工程股份有限公司,臺中市南區福田三街111號1樓,15000000,1021205
13261,86968182,群祐機械股份有限公司,臺中市南屯區春社里永春南路202號1樓,90000000,1021205
13266,86977942,精代齒輪機械股份有限公司,臺中市西屯區何明里大弘街38號1樓,5000000,1021229
13274,86988103,首席國際企業有限公司,臺中市南屯區公益路二段117號1、2樓,20000000,1021231
13277,86997412,懋成企業有限公司,臺中市西屯區協和里工業區四十路59之1號,6000000,1021225
13294,89209381,良誼股份有限公司,臺中市大甲區孟春里中山路二段56號,1000000,1021207
13295,89211318,偉鎮營造有限公司,臺中市梧棲區四維中路24號10樓,22500000,1021205
13296,89215308,旭鼎工業股份有限公司,臺中市太平區宜欣里宜昌東路43號,40000000,1021205
13297,89220196,經融企業財務顧問有限公司,臺中市南區忠明南路760號23樓,5000000,1021223
13298,89220365,松鴻交通企業有限公司,臺中市烏日區榮泉里榮泉路99巷18號,25000000,1021205
13301,89223659,善勝國際股份有限公司,臺中市西屯區工業區三十七路17之8號1樓,70000000,1021231
13310,89232545,影響力廣告有限公司,臺中市西屯區美滿街18巷16號1樓,1000000,1021223
13311,89235851,華皇國際股份有限公司,臺中市北屯區崇興路一段117號1樓,5000000,1021230
13320,89245041,永昇鐵網有限公司,臺中市西區日盛街15號2樓,20000000,1021213
13321,89247511,長平建設有限公司,臺中市太平區宜欣里新平路二段13號,20000000,1021213
13323,89254499,五湖四海營造股份有限公司,臺中市太平區中和街138號1樓,22500000,1021230
13351,89306118,九代傳播股份有限公司,臺中市豐原區田心路二段247巷29弄2號,5000000,1021225
13355,89311180,禾登木業股份有限公司,臺中市烏日區中華路96巷41弄3號,5000000,1021212
13356,89312033,昇昌厚企業有限公司,臺中市烏日區中山路二段211號1樓,5000000,1021225
13358,89313053,久毅建設股份有限公司,臺中市西屯區西墩里黎明路三段348號10樓,25000000,1021227
13362,89317924,益泰安股份有限公司,臺中市北區梅亭街513巷7號1樓,11990000,1021209
13366,89322784,新太原通運股份有限公司,臺中市梧棲區南簡里大智路一段698號1樓,30000000,1021219
13367,89323756,安富塑膠有限公司,臺中市龍井區龍津里龍津街153巷23弄16號,1000000,1021202
13369,89326114,桑岦企業有限公司,臺中市西屯區工業區十路5號1樓,5000000,1021201
13373,89327922,清水電機工業有限公司,臺中市清水區武鹿里平等東路56號2樓,500000,1021229
13380,89337935,盛原電氣工程有限公司,臺中市龍井區新東里遊園南路269巷42號1樓,1000000,1021205
13386,89339856,盛筌實業股份有限公司,臺中市北屯區仁和里永和巷41之1號,3500000,1021209
13387,89341473,昌鈺興業有限公司,臺中市北屯區熱河路2段9號1樓,16000000,1021223
13390,89343269,坤騰室內裝修設計工程有限公司,臺中市北屯區雷中街18巷35號5樓之2,1000000,1021203
13393,89347357,卓彥企業股份有限公司,臺中市西區土庫里五權五街237巷28號1樓,5750000,1021223
13394,89347602,東浦精密光電股份有限公司,臺中市西屯區台中港路3段123號17樓之6,948085010,1021225
13396,89353076,鉅原營造有限公司,臺中市龍井區遊園北路549巷1弄6號,22500000,1021216
13399,89356714,威鋒科技有限公司,臺中市南屯區文心南五路638號1樓,5000000,1021213
13404,89360858,上新鐵材有限公司,臺中市東區進化路205巷7之9號1樓,12000000,1021226
13405,89361619,咏昌交通有限公司,臺中市潭子區頭家里和平路38號2樓,25000000,1021218
13410,89365002,兆宣營造股份有限公司,臺中市南區美村南路17號2樓,10000000,1021205
13412,89369817,久工炫企業有限公司,臺中市大里區中興路一段216巷28號1樓,5000000,1021229
13414,89370624,美德立生活事業有限公司,臺中市南區美村南路107巷58號1樓　,20000000,1021227
13419,89382425,和嵩金屬建材有限公司,臺中市西屯區台中港路三段108-6號4樓之6,50000000,1021221
13426,89387625,雍然有限公司,臺中市南區德義里國光路216號1、2樓,1000000,1021220
13436,89396906,人山建設股份有限公司,臺中市南屯區同心里文心路一段218號24樓之1,25000000,1021214
13486,89488243,元建進工業有限公司,臺中市大雅區大楓里昌平路四段633巷2號,5000000,1021217
13488,89491140,宇進鑫貨櫃有限公司,臺中市神岡區新庄里中平路245號,30000000,1021218
13490,89494300,冠達工程顧問有限公司,臺中市南區南門路59巷88弄7號1樓,1000000,1021227
13492,89501816,明和超音波工業股份有限公司,臺中市西區樂群街254號1樓,5000000,1021216
13497,89515889,上翔實業有限公司,臺中市大里區德芳路二段110巷1號1樓,15000000,1021229
13504,89534653,信耀股份有限公司,臺中市神岡區北庄里中山路1024巷27號,1200000,1021218
13508,89543858,川德營造有限公司,臺中市南區南平路296號8樓之3,10000000,1021205
13509,89545069,群獻興業股份有限公司,臺中市北區忠明路200號5樓之2,23100000,1021210
13516,89554502,宏益投資股份有限公司,臺中市南屯區文心路一段218號24樓之1,4500000,1021216
13517,89554685,祥贊輪胎有限公司,臺中市南屯區溝墘里公益路二段180號,5000000,1021225
13518,89554714,宏山投資股份有限公司,臺中市南屯區文心路一段218號24樓之1,4500000,1021215
13519,89554968,宏全投資股份有限公司,臺中市南屯區大墩路170號8樓,4500000,1021214
13520,89554989,宏通投資股份有限公司,臺中市南屯區同心里文心路一段218號地下一樓之2,4500000,1021213
13524,89560075,暘洲股份有限公司,臺中市太平區東平路375巷70號1樓,5000000,1021226
13535,89568935,由記企業有限公司,臺中市南屯區大業里大昌街442-1號1樓,5000000,1021205
13536,89570377,杰申企業股份有限公司,臺中市大雅區四德里中清路一段128巷11號1樓,50000000,1021204
13539,89571919,泰有營造股份有限公司,臺中市北屯區文心路四段81號19樓,300000000,1021206
13544,89576007,蒔欣園藝有限公司,臺中市潭子區潭陽里潭興路二段332巷21弄12號1樓,3000000,1021225
13548,89583014,富強股份有限公司,臺中市豐原區西湳里三豐路937-3號1樓,1000000,1021221
13549,89584533,翊綺藝術有限公司,臺中市南區忠明南路761號1樓,1000000,1021210
13581,89643786,捷陳電腦資訊有限公司,臺中市烏日區榮泉里三榮十六路126號　,5000000,1021203
13584,89649655,達穎精機有限公司,臺中市大里區樹王里東興路501巷5號,5000000,1021222
13589,89658014,協正金屬實業有限公司,臺中市大里區新仁里新仁二街55號,5000000,1021225
13593,89662312,統辰有限公司,臺中市霧峰區吉峰里中正路1281巷9號1樓,5000000,1021204
13600,89679904,昱德股份有限公司,臺中市西屯區永昌二街62號2樓,29000000,1021205
13601,89679931,新家建設開發有限公司,臺中市南區平和里南平一街35號地下2層,16000000,1021203
13603,89681211,富傑建設開發股份有限公司,臺中市西屯區何安里四川路59號1樓,14000000,1021202
13611,89687138,林源建設股份有限公司,臺中市西區臺灣大道二段489號27樓之2,35000000,1021204
13614,89694026,丞旻精密工業股份有限公司,臺中市豐原區南村里水源路473巷16號,5000000,1021226
13616,89695290,銀蕨企業有限公司,臺中市豐原區翁子里豐勢路一段577巷2號1樓,5000000,1021230
13621,89707556,世域工程有限公司,臺中市太平區振福路521號1樓,2000000,1021223
13627,89713972,躍逞企業有限公司,臺中市大里區大元里大衛路45號,25000000,1021203
13630,89718759,水流站有限公司,臺中市西屯區西墩里10鄰漢翔路339號九樓之2,10000000,1021212
13631,89721332,祥興極品有限公司,臺中市梧棲區頂寮里十四鄰四維路71巷6號,500000,1021204
13634,89727151,金廣上股份有限公司,臺中市太平區興隆路一段70巷76號,2000000,1021228
13635,89731789,瑞青股份有限公司,臺中市東區十甲北二街13號1樓,1000000,1021213
13643,89742815,中章機械工程有限公司,臺中市西屯區西安街40號1樓,3000000,1021226
13657,89768589,亞蘭特藥品有限公司,臺中市霧峰區中正里振興西街16號1樓,1000000,1021206
13664,89789022,大誠管理顧問股份有限公司,臺中市北區金華里興進路213號2樓之1,6000000,1021221
13666,89796059,永春不動產經紀業股份有限公司,臺中市西屯區何仁里寧夏路195之6號,10000000,1021209
13667,89798198,微程式資訊股份有限公司,臺中市西屯區逢福里河南路二段262號11樓之8,270578450,1021204
13670,89802221,逸陞機械有限公司,臺中市烏日區長春街373巷41號1樓,15000000,1021212
13679,89813938,敬茂營造工程有限公司,臺中市東區旱溪西路一段260巷1弄10號1樓,3000000,1021225
13684,89821233,賢興實業股份有限公司,臺中市豐原區北陽路339巷16號,5000000,1021202
13686,89822850,協益人力仲介有限公司,臺中市北區賴福里中清路一段500號1樓,8000000,1021217
13690,89827004,欣鼎盛實業有限公司,臺中市大里區西湖里西湖路187巷126號、128號,1000000,1021210
13695,89834791,龍貓營造股份有限公司,臺中市北區金華里雙十路二段73號6樓,5000000,1021212
13696,89835686,達慶通運股份有限公司,臺中市太平區福隆里光興路1493號1樓,27000000,1021212
13697,89836812,科韋精密工業股份有限公司,臺中市太平區長安路467巷12號1樓,1000000,1021203
13698,89837431,大砌營造股份有限公司,臺中市西屯區文心路二段598號11樓,60000000,1021211
13700,89839705,鎰鐙企業有限公司,臺中市梧棲區永安里向上路九段351巷2號,2000000,1021217
13704,89847705,大源投資有限公司,臺中市西區臺灣大道二段489號27樓之1,250000000,1021204
13721,89867770,宏曄金屬股份有限公司,臺中市豐原區朴子里豐勢路二段535巷85號,6000000,1021225
13728,89885209,冠宭有限公司,臺中市北屯區河北一街113號1樓,1000000,1021225
13730,89886066,德大機械股份有限公司,臺中市神岡區北庄里中山路1066號,50000000,1021211
13732,89890998,豐企業股份有限公司,臺中市龍井區蚵寮路275號,182000000,1021230
13733,89894523,峰欣機器油壓有限公司,臺中市東區振興路168-5號,5000000,1021216
13736,89899273,皇佳交通器材有限公司,臺中市西區公館里懷寧街167號1樓,1000000,1021224
13743,89907230,曄源興業有限公司,臺中市烏日區北里里太明路成豐巷42之7號,5000000,1021204
13744,89907463,昊陞企業股份有限公司,臺中市烏日區溪南路一段506巷578號1樓,5000000,1021220
13745,89910066,長濱企業有限公司,臺中市豐原區西湳里三豐路903巷6弄1號,5000000,1021206
13778,89982912,吉碩車業股份有限公司,臺中市神岡區新庄里溪頭路282號,15000000,1021216
13786,89990461,久倫環資電子股份有限公司,臺中市西屯區惠來里巿政北一路77號7樓之9、11、13,50000000,1021219
13802,93150405,東益遊覽汽車股份有限公司,臺中市西區民生路466號,29500000,1021219
13833,96866234,順煒企業有限公司,臺中市大雅區員林里大明街15號,1000000,1021225
13834,96867418,長橋營造有限公司,臺中市后里區墩東里三豐路199巷19弄90號1樓,15000000,1021219
13839,96870005,鼎富隆精密機械股份有限公司,臺中市潭子區民族路一段332-7號,15000000,1021201
13850,96890071,合利興企業有限公司,臺中市豐原區社皮里中正路555巷9號6樓,15000000,1021219
13851,96890939,百巨營造股份有限公司,臺中市北屯區松強里松竹路2段300巷7弄24號,3000000,1021231
13852,96891037,芃昌企業有限公司,臺中市豐原區三村里大明路115號,5000000,1021203
13856,96898165,臻實測量工程有限公司,臺中市南屯區文心南五路一段720號2樓,6000000,1021227
13864,96904217,上楓加油站股份有限公司,臺中市大雅區上楓里民生路4段239號,28800000,1021205
13868,96909141,梓華榮物流有限公司,臺中市北區英士路135號1樓,25000000,1021226
13871,96915431,亦佐實業有限公司,臺中市龍井區忠和里工業路188巷11-3號,22000000,1021216
13903,96985153,加銳企業有限公司,臺中市南屯區楓樹里楓樹東街627號1樓,10000000,1021203
13910,96994147,維泰電子股份有限公司,臺中市西屯區工業區一路58巷11弄31號,5000000,1021218
13911,96994174,精凌模型事業有限公司,臺中市西屯區協和里工業區38路185之2號,20000000,1021229
13917,97008561,玖利鋼鐵有限公司,臺中市龍井區忠和里工業路182巷5號,5000000,1021217
13919,97011910,和成五金工具有限公司,臺中市烏日區學田里學田路山頂巷32號,5000000,1021224
13922,97013494,台昇投資企業有限公司,臺中市梧棲區頂寮里四維中路22號10樓,25000000,1021220
13936,97026532,禾固營造有限公司,臺中市西區公正里東興路3段152號4樓,3000000,1021230
13941,97031325,泯瑞電訊企業有限公司,臺中市北區賴旺里青島西街29號,2000000,1021210
13946,97037377,優成科技企業股份有限公司,臺中市西屯區何安里甘州一街8號1樓,10000000,1021202
13949,97039918,策新企業股份有限公司,臺中市西區公館里柳川東路二段57號,25000000,1021216
13955,97050407,仁鴻資訊有限公司,臺中市西屯區何仁里17鄰永昌街45號1樓,12000000,1021219
13963,97058479,中冠君企業有限公司,臺中市沙鹿區公明里忠貞路102之1號1樓,5000000,1021202
13964,97059619,偉盛通信工程有限公司,臺中市東區十甲里十甲路299號1樓,3500000,1021213
13965,97060432,奕傑電子股份有限公司,臺中市大里區仁化里工業十路2號2樓,42698350,1021202
13970,97065443,義哲工業股份有限公司,臺中市神岡區大富路116號,60000000,1021211
13975,97071206,鍾誠投資股份有限公司,臺中市西區精誠五街27號,20000000,1021211
13978,97073669,佑龍開發建設有限公司,臺中市大雅區大雅路231號1樓,25000000,1021230
13981,97076639,儀鼎科技有限公司,臺中市北區漢口路四段367號6樓,5000000,1021223
14030,97160544,漢翔航空工業股份有限公司,臺中市西屯區西平里24鄰漢翔路1號,9082614280,1021210
14040,97174300,漢盛開發實業股份有限公司,臺中市西屯區何源里華美西街2段311號7樓之2,580000000,1021224
14052,97187683,台灣金利嘉金屬工業有限公司,臺中市太平區永成里永成北路66巷41號,5000000,1021219
14059,97197676,塑名揚有限公司,臺中市后里區義里里甲后路190巷25號,2500000,1021217
14066,97204304,金泰朝有限公司,臺中市大里區瑞城里塗城路304巷180號1樓,5000000,1021223
14067,97204509,威王有限公司,臺中市豐原區南村里南村路35號3樓,500000,1021226
14070,97206719,總曜營造有限公司,臺中市沙鹿區向上路六段840號2樓,10000000,1021217
14071,97207077,馬蓋先國際開發有限公司,臺中市中區臺灣大道一段318號1樓,500000,1021216
14074,97213660,亞日亞企業有限公司,臺中市西屯區工業區38路280號,29000000,1021223
14075,97216195,元資精密股份有限公司,臺中市豐原區南嵩里水源路115巷105號2樓,6000000,1021217
14080,97231610,聖詮科技股份有限公司,臺中市南屯區工業區20路36號1樓,500000000,1021211
14097,97256956,東驊印刷企業股份有限公司,臺中市南屯區新生里筏子東街一段168號,1000000,1021211
14098,97258217,中連通運股份有限公司,臺中市北屯區水湳里大連路一段102號1樓,30000000,1021225
14102,97265821,岳龍興業股份有限公司,臺中市西屯區工業區九路10號1樓,50000000,1021227
14105,97269869,尚鉦金屬工業有限公司,臺中市豐原區翁明里圓環北路二段329巷33號,11000000,1021224
14106,97270562,山本亞力實業有限公司,臺中市烏日區溪福路128巷31號,5000000,1021218
14109,97279607,良銪有限公司,臺中市太平區建國里鵬儀路312巷5號,500000,1021203
14146,97336543,盛笙股份有限公司,臺中市大雅區上雅里中清東路290號,9750000,1021211
14149,97340223,福野工業股份有限公司,臺中市南屯區中和北一巷1弄11號1樓,10000000,1021213
14152,97342952,民族路加油站股份有限公司,臺中市西區後龍里五權路105號,15000000,1021225
14157,97345661,恆慕國際設計有限公司,臺中市西屯區上石里西屯路二段259-3號14樓之16,8000000,1021227
14158,97345705,學士開發股份有限公司,臺中市西屯區大隆路168之2號3樓,113000000,1021206
14159,97345711,金智鴻有限公司,臺中市梧棲區安仁里臺灣大道九段460巷8號1樓,1200000,1021230
14162,97349511,科冠國際股份有限公司,臺中市南區福興里福平街98號1樓,18000000,1021204
14163,97351142,瑞浤營造有限公司,臺中市沙鹿區南勢里南斗路51巷23號2樓,8000000,1021214
14168,97356646,宛箕有限公司,臺中市大肚區王田里沙田路1段208巷74之9號,3000000,1021206
14169,97360058,泰昱興業有限公司,臺中市大里區國光路二段264號1樓,5000000,1021202
14171,97361633,亨鑫有限公司,臺中市西區忠明南路16號12樓之8,2800000,1021225
14172,97363175,恆詣搬運機械有限公司,臺中市神岡區新庄里和睦路一段930巷40號,1000000,1021203
14175,97366406,貝力科技實業有限公司,臺中市東區旱溪里旱溪五街48巷17號1樓,5000000,1021210
14177,97368381,合勤風險管理諮詢服務股份有限公司,臺中市南屯區東興路二段210號2樓,2000000,1021215
14180,97370605,聯安開發機械有限公司,臺中市大雅區文雅里中清路三段1023巷32號1樓,500000,1021230
14182,97374503,林園國際股份有限公司,臺中市西區臺灣大道一段726號4樓之1,10000000,1021225
14183,97374546,立成峰股份有限公司,臺中市大安區龜壳里溪洲路72巷17號,1000000,1021226
14184,97375643,睿鍇建設有限公司,臺中市大肚區遊園路一段117號,25000000,1021217
14188,97377939,建展營造股份有限公司,臺中市大里區東昇里益民路１段４１號１樓,5000000,1021223
14192,97382932,家湧泉有限公司,臺中市豐原區中陽里豐陽路52號6樓之4,5000000,1021213
14195,97384100,璨鵬機電有限公司,臺中市西屯區上石路57巷10號1樓,6000000,1021204
14197,97384349,泓源精機股份有限公司,臺中市豐原區南村里南村路16之1號6樓,5000000,1021218
14202,97392050,伸都營造工程有限公司,臺中市東區東信街78號,25000000,1021205
14203,97400734,億鈞有限公司,臺中市潭子區大豐里潭富路2段194巷66號,3000000,1021216
14210,97410043,九川營造工程企業股份有限公司,臺中市北屯區松竹里崇德路二段416號5樓之4,100000000,1021230
14214,97413843,大銀微系統股份有限公司,臺中市南屯區文山里精科路7號,736501870,1021204
14222,97421153,糶驤有限公司,臺中市南區建國南路2段155號12樓之1,1000000,1021231
14256,97485228,威全營造工程有限公司,臺中市南屯區永春東三路253巷10號1樓,6000000,1021212
14257,97486009,鍾碩機械工業有限公司,臺中市大甲區中山里開元路46號1樓,2000000,1021206
14263,97490897,宏成裕實業有限公司,臺中市南屯區永春東三路110巷45號1樓,5000000,1021219
14268,97508828,健峯木業有限公司,臺中市大肚區蔗廍里中蔗路2之41號,5000000,1021210
14269,97513218,台灣麗偉電腦機械股份有限公司,臺中市西屯區協和里工業區33路23號,613469250,1021213
14270,97514027,元大紙器廠股份有限公司,臺中市烏日區烏日里三民街170號,3210000,1021230
14271,97524263,天工精密股份有限公司,臺中市太平區太平里新仁路一段44巷8弄24號1樓,50000000,1021205
14272,97530286,帛勝工業有限公司,臺中市大里區仁化里仁愛路190巷29弄25號,10000000,1021225
14273,97538359,三能食品器具股份有限公司,臺中市大里區仁化里工業八路58號,30000000,1021219
14274,97539765,中章企業有限公司,臺中市大里區祥興里喬城路84巷15號,1000000,1021219
14275,97552696,台詠化工有限公司,臺中市大肚區沙田路1段710巷47號,23000000,1021203
14276,97557714,三傑興業股份有限公司,臺中市大里區中興路二段73之17號,29000000,1021209
14277,97562316,崧傑工業股份有限公司,臺中市太平區太平23街3巷20號1樓,12000000,1021221
14278,97566707,順捷股份有限公司,臺中市大雅區東大路二段910巷1號,120000000,1021219
14279,97569747,七隆鍛品工業股份有限公司,臺中市太平區永成路116號,16000000,1021211
14280,97570287,聯燕企業有限公司,臺中市大里區瑞城里瑞和街135巷17號,10000000,1021223
14281,97584557,啟允塑膠工業股份有限公司,臺中市太平區光興路1586號,18000000,1021217
