序號,統一編號,公司名稱,公司所在地,資本額,核准變更日期
29,02949000,上億紙器股份有限公司,臺中市烏日區中山路一段265巷7號,10000000,1020620
30,02998162,原鉦工業有限公司,臺中市大里區夏田里頂厝路26號1樓,8000000,1020626
88,04391438,總欣實業股份有限公司,臺中市神岡區神岡里中山路1598-7號,20000000,1020625
141,04820347,台灣京濱化油器股份有限公司,臺中市西屯區協和里工業區七路7號,267750000,1020618
155,04993847,汎怡國際有限公司,臺中市沙鹿區南勢里南昌路42巷1號,5000000,1020626
179,05379565,友勵藥業有限公司,臺中市西屯區至善里台中港路2段128-3號9樓之3,20000000,1020613
180,05385905,建堡營造有限公司,臺中市北區賴村里梅亭街460號,93300000,1020627
188,05796772,誠岱機械廠股份有限公司,臺中市大甲區武陵里文曲路173號,150000000,1020625
189,05807124,翊弘金屬業股份有限公司,臺中市大甲區日南里幼九路13號,8000000,1020606
190,05832257,太利企業股份有限公司,臺中市霧峰區錦州路352巷7號,22000000,1020617
191,05832881,具佳工業股份有限公司,臺中市大里區仁化里工業十二路31號,30000000,1020628
192,05871808,新鋒木工廠有限公司,臺中市東勢區泰昌里東崎路5段299號,5000000,1020617
209,07541918,豐客旅行社股份有限公司,臺中市豐原區三民路46號2樓,3000000,1020607
235,09411150,順曾企業有限公司,臺中市西區臺灣大道二段512號3樓,5000000,1020606
243,09464775,巨翔興業股份有限公司,臺中市大肚區王田里沙田路一段36-9號1樓,15000000,1020626
409,12614329,辛威股份有限公司,臺中市神岡區溪洲里民權路35巷3號1樓,5000000,1020626
413,12617613,群順綠能股份有限公司,臺中市西區大進街306號2樓,1386000,1020621
427,12634985,新富加油站股份有限公司,臺中市南屯區新生里環中路四段88號,29000000,1020618
433,12640564,潤達精密股份有限公司,臺中市豐原區豐圳里成功路566巷13號,5000000,1020613
434,12640804,佳浚企業有限公司,臺中市西屯區永安里西屯路3段108號2樓,5000000,1020617
439,12646075,興元印刷有限公司,臺中市太平區東平路727號1樓,10000000,1020618
444,12649312,科晟實業股份有限公司,臺中市西區雙龍里大和路67號2樓,20000000,1020607
466,12671067,精鴻科技股份有限公司,臺中市西屯區朝馬二街8號1樓,30000000,1020625
502,12707656,松林教育事業股份有限公司,臺中市西區中興里中興街183號4樓之1,38000000,1020621
503,12708803,壹圓國際股份有限公司,臺中市西屯區市政路500號11樓之3,12000000,1020604
506,12711589,東碁國際有限公司,臺中市北區賴厝里太原路二段66號7樓,10000000,1020621
511,12718372,家裡蹲創意印刷股份有限公司,臺中市西屯區大河街8號4樓,50000000,1020617
513,12720068,碧茂科技股份有限公司,臺中市潭子區潭秀里北環路15號地下2樓,285240000,1020625
517,12725660,翔合鞋業有限公司,臺中市南區樹義里樹義5巷137弄87號1樓,28000000,1020606
520,12726719,欣恆陽股份有限公司,臺中市大雅區員林里大林路322巷17之1號,5000000,1020606
531,12738813,茂華展業有限公司,臺中市南區復興路三段523號1樓,3800000,1020607
533,12740022,中科大飯店股份有限公司,臺中市北屯區平福里旅順路二段7號1至19樓,24000000,1020628
535,12741113,鑫宏昌股份有限公司,臺中市梧棲區草湳里自立路345號,30000000,1020605
537,12744054,達震精密科技有限公司,臺中市大里區自強街29巷15號,6600000,1020617
541,12747496,大勝加油站有限公司,臺中市大里區大明路482號1樓,120000000,1020620
545,12751189,廷帛企業有限公司,臺中市南區美村路二段186號6樓之4　　,2500000,1020621
546,12751815,錦芳美食料理有限公司,臺中市潭子區栗林里中山路三段396、398號,1800000,1020617
549,12754600,貫瑋實業有限公司,臺中市南區工學一街207號1樓,6000000,1020628
550,12758211,綠晶靈實業有限公司,臺中市西區民龍里台中港路1段160-1號6樓,1000000,1020619
552,12764396,奇盟國際有限公司,臺中市大雅區四德里雅環路一段112號,5000000,1020604
553,12765108,木之都有限公司,臺中市梧棲區文化里民生街2之57號1樓,10000000,1020620
561,12772558,桃源戶外有限公司,臺中市南屯區大業里大墩路690號1樓,5000000,1020604
566,12777815,甘全生物科技有限公司,臺中市北區淡溝里育德路178號1樓,5000000,1020603
574,12790459,傑能系統工程股份有限公司,臺中市太平區振福路413巷6弄6號1樓,8000000,1020611
582,12796881,詠冠群企業有限公司,臺中市南區美村南路39巷16號1樓,1000000,1020618
591,12814065,文淇國際股份有限公司,臺中市西區大進街304號1樓,15500000,1020624
594,12816541,展毅建材股份有限公司,臺中市南屯區大墩西一街１４號１樓,10000000,1020617
597,12819420,酉實有限公司,臺中市大里區東興里永興路219號,5000000,1020613
601,12822591,詮勝國際股份有限公司,臺中市大甲區日南里工一路11號,36600000,1020618
608,12828672,喜樂之泉股份有限公司,臺中市北區錦平里中華路二段179之3號1樓,27000000,1020611
609,12829460,保勝營造有限公司,臺中市沙鹿區埔子里24鄰正德路180巷26號1樓,7000000,1020619
619,12841302,福億通訊股份有限公司,臺中市南區復興路1段270號8樓,76924100,1020619
624,12845692,茂群管理顧問有限公司,臺中市西屯區台中港路2段60之8號5樓之2,2000000,1020625
627,12847431,東竟消防實業有限公司,臺中市潭子區甘蔗里勝利二街107號1樓,10000000,1020627
657,12883908,紘遠實業有限公司,臺中市西區自立街117之1號1樓,6200000,1020603
658,12884809,老公正實業有限公司,臺中市梧棲區文華街194巷15號1樓,500000,1020619
664,12889121,艋庫拉制震股份有限公司,臺中市太平區正光街197巷15號,2000000,1020614
666,12890605,智誠實業股份有限公司,臺中市梧棲區下寮里居仁街250號1樓,60517000,1020626
668,12893791,永農整合展覽事業有限公司,臺中市烏日區螺潭里環中路八段1219巷78弄9號,12000000,1020611
671,12898070,巨鷗科技股份有限公司,臺中市西屯區大鵬里文心路三段241號5樓之2,15700000,1020628
672,12898509,詠冠策略行銷顧問有限公司,臺中市西區民生里建國路71號1-2樓,1000000,1020603
679,12905852,蜜源實業有限公司,臺中市南區福順里忠明南路787號9樓,29000000,1020628
683,12908372,高比麗營造有限公司,臺中市清水區西社里海濱路51巷12號1樓,10000000,1020618
685,12910790,捷敏有限公司,臺中市潭子區得天街12號1樓,2000000,1020619
690,12916149,朝振嘉實業有限公司,臺中市太平區福隆里東方二街22巷7號1樓,500000,1020613
691,12916491,合勝經營規劃有限公司,臺中市豐原區中興里成功路62號2樓,3500000,1020628
696,12921868,鈺臨有限公司,臺中市北屯區平昌里崇興路1段158號4樓,10000000,1020614
745,12981470,翔勝鎂股份有限公司,臺中市烏日區溪南路1段680巷160弄36號1樓,3500000,1020613
751,12989070,佳興國際科技有限公司,臺中市大里區大里里大里路501巷16弄22號,20000000,1020607
752,12989228,安祺人力仲介有限公司,臺中市大雅區上雅里雅環路2段276號,5000000,1020617
758,13002635,天晟運輸股份有限公司,臺中市北屯區熱河路三段182號1樓,25000000,1020607
760,13004346,尚立國際股份有限公司,臺中市大雅區中清路四段278號1樓,240000000,1020626
761,13005540,福碩科技實業股份有限公司,臺中市大雅區龍善二街16號,168000000,1020621
765,13011971,坤照有限公司,臺中市烏日區五光里五光路189巷72號1樓,3000000,1020620
772,13021730,水天使股份有限公司,臺中市豐原區鐮村路326巷23-5號,1000000,1020625
779,13027404,藝術家建設股份有限公司,臺中市太平區新興路61號1樓,25000000,1020606
780,13028213,亞捷國際貿易有限公司,臺中市北區明新里太原八街70號1樓,1000000,1020611
782,13031483,佳葦科技印刷有限公司,臺中市西屯區永輝路93號,10000000,1020624
783,13033428,上央島有限公司,臺中市大甲區江南里東西七路一段99巷19號1樓,1000000,1020620
784,13035447,美吉斯機電技術服務有限公司,臺中市南屯區東興東街65號13樓之3,1000000,1020626
785,13035880,利士多國際有限公司,臺中市烏日區環中路八段615號,60000000,1020628
787,13037352,巨熊有限公司,臺中市北區大德街182號1樓,500000,1020624
790,13045249,利灃實業有限公司,臺中市北屯區東山路一段三七巷二弄六號一樓,500000,1020610
792,13046325,明勝創精密刀具有限公司,臺中市豐原區翁子里豐勢路一段475號,3890000,1020620
795,13047318,原裕貿易有限公司,臺中市太平區建國里成功路395巷49號2樓,1000000,1020628
796,13047470,碼析企業有限公司,臺中市西屯區朝馬二街8號1樓,3000000,1020606
797,13047675,傑斯丁創意織品有限公司,臺中市烏日區烏日里光日路7號10樓之3,1000000,1020627
804,13059828,宇證實業有限公司,臺中市北區三民路三段10號6樓,60000000,1020628
813,13069852,靖旺有限公司,臺中市東區樂成里東光園路528號,12000000,1020607
819,13072028,程好企業有限公司,臺中市神岡區神洲里光啟路103-1號,660000,1020626
823,13076447,宏運不銹鋼有限公司,臺中市太平區宜欣里溪洲路77巷11號,7000000,1020625
938,14005060,優立貿易股份有限公司,臺中市西屯區台灣大道四段839號10樓及847號10樓,29500000,1020611
940,14043016,南京新星記營造廠有限公司,臺中市西區臺灣大道二段489號27F-2,35000000,1020619
976,16028736,總興有限公司,臺中市豐原區北湳里圓環北路2段223巷16弄16號,2500000,1020618
980,16034316,廣青企業有限公司,臺中市南區工學里德富路279巷5號一樓,1000000,1020613
984,16035877,萬泰文具有限公司,臺中市西屯區上石里智惠街146號1樓,2000000,1020618
996,16055260,榮進廚具有限公司,臺中市南區德義里建成路1567之1號1樓,1000000,1020624
997,16057540,勝佑精密工業有限公司,臺中市北屯區北屯路298巷59號1樓,7500000,1020624
1006,16074169,捷騰股份有限公司,臺中市西區土庫里華美街51巷9-1號1樓,10000000,1020621
1007,16075759,大觀營造工程有限公司,臺中市北區台灣大道一段672號,3000000,1020628
1011,16082061,躍華環保企業股份有限公司,臺中市霧峰區北岸路36巷32之8號1樓,11000000,1020606
1084,16196748,晶榮實業有限公司,臺中市神岡區豐洲里神洲路1號1樓,2000000,1020618
1085,16198648,原誼工業股份有限公司,臺中市烏日區溪南路二段68巷250弄102號,5000000,1020620
1089,16204705,承業模具有限公司,臺中市神岡區豐洲里豐洲路656號,1000000,1020621
1091,16209589,信速通運股份有限公司,臺中市西屯區臺灣大道四段925號23樓之2,48300000,1020617
1096,16212846,捷鵬事業有限公司,臺中市清水區南社里中華路183號1樓,10000000,1020620
1098,16214099,順天加油站股份有限公司,臺中市大甲區新美里經國路97號,5000000,1020628
1104,16244066,豐國廢棄物回收有限公司,臺中市神岡區豐洲路135巷1弄79號,1000000,1020614
1116,16253521,先鍠企業股份有限公司,臺中市南區樹義里工學北路157號1樓,5000000,1020618
1118,16255540,昱晉企業有限公司,臺中市太平區中平路22巷28號,1000000,1020617
1119,16257060,乙隆企業股份有限公司,臺中市西區公館里三民路1段27巷5號1樓,5000000,1020603
1126,16268411,圓麗建設有限公司,臺中市清水區靈泉里鎮南街翠屏巷2-1號,25000000,1020621
1128,16275073,敦裕營造股份有限公司,臺中市南屯區豐樂里永平路409號1樓,4000000,1020610
1129,16276159,百事成開發實業有限公司,臺中市中區中山里綠川東街32號12樓之14,17000000,1020625
1171,16350299,伍邑工程有限公司,臺中市南屯區同心里大墩五街327號1樓,3000000,1020621
1172,16351472,洽裕開發工程有限公司,臺中市沙鹿區斗抵里天仁街8號,1000000,1020613
1176,16355800,祐綸實業有限公司,臺中市后里區墩南里三豐路67號,5500000,1020626
1182,16367072,友銓玻璃有限公司,臺中市大雅區二和里學府路99巷2弄7號1樓,500000,1020607
1190,16383658,鈺大貿易股份有限公司,臺中市烏日區溪埧里溪南路一段671巷63號1樓,9220000,1020628
1192,16387269,達祺興有限公司,臺中市烏日區九德里長春街429號1樓,3000000,1020617
1197,16402326,慶暐工程有限公司,臺中市大雅區四德里學府路23巷18弄19號4樓之2,2000000,1020610
1200,16410563,金石獎建設股份有限公司,臺中市西區大和路22號5樓之1、5樓之2、5樓之3,25000000,1020627
1204,16420936,鼎綸塑膠工業有限公司,臺中市大里區永隆里東興路239號,2000000,1020617
1208,16426018,台灣艾國企業有限公司,臺中市沙鹿區六路里台灣大道六段926巷7弄38號1樓,17000000,1020624
1242,16448343,保勝投資股份有限公司,臺中市西區台中港路1段160-1號36樓,1762594000,1020619
1270,16494583,德盛營造有限公司,臺中市大甲區孟春里臨江路46之33號1樓,3000000,1020605
1272,16497770,饗宴餐飲事業有限公司,臺中市南區高工路168號,1200000,1020618
1276,16500240,呈祥國際精機有限公司,臺中市豐原區翁社里豐年路100號,1000000,1020606
1281,16503680,璟技工程實業股份有限公司,臺中市西屯區何南里精誠路50巷32號,10000000,1020605
1282,16505408,泓騰交通股份有限公司,臺中市大雅區民生路3段358號1樓,25000000,1020619
1286,16512864,明璟實業有限公司,臺中市大甲區青年路127號,40000000,1020614
1287,16513250,興旺房屋仲介有限公司,臺中市大里區國光里德芳南路387號1樓,500000,1020628
1299,16527199,岦成貿易企業有限公司,臺中市北屯區北興里國強街205巷29號1樓,1000000,1020605
1314,16547104,慈心顧問企業股份有限公司,臺中市西區公正里向上路一段522號2樓,5000000,1020604
1316,16547884,騰畿企業有限公司,臺中市南區南門里忠明南路1240巷7號1樓,8000000,1020628
1319,16551438,鴻僖室內裝修工程有限公司,臺中市北屯區平昌里文昌東九街77號1樓,1000000,1020621
1328,16570110,芃威投資開發股份有限公司,臺中市南屯區三和街132號1樓,75000000,1020627
1330,16571820,銅熊立有限公司,臺中市南屯區中和里黎明路1段173巷28號,20000000,1020607
1333,16576297,崇智精密工業有限公司,臺中市東區東光園路100巷6弄131號1樓,600000,1020618
1336,16577675,美捷士企業有限公司,臺中市外埔區大同里重光路92-9號,5000000,1020627
1337,16577964,華築營造有限公司,臺中市南屯區中和里黎明路一段81號1樓,3000000,1020605
1338,16579718,國車裝潢有限公司,臺中市潭子區復興路一段140巷11號1樓,1000000,1020624
1383,16660626,桶王企業有限公司,臺中市大肚區永和里永和街57之1號2樓,5000000,1020624
1386,16664123,翔裕國際科技有限公司,臺中市南區信義南街２９２號１樓,5000000,1020626
1389,16668612,三鈺實業有限公司,臺中市沙鹿區埔子里正義路100號,5000000,1020604
1390,16669582,悟群有限公司,臺中市太平區宜昌東路96號1樓,2000000,1020618
1392,16672334,臻誠實業股份有限公司,臺中市豐原區中山路99巷12弄14號1樓,10000000,1020611
1393,16672376,聯將作營造股份有限公司,臺中市北區淡溝里臺灣大道二段360號22樓之5,10000000,1020618
1394,16673684,威宏貿易有限公司,臺中市南屯區東興路二段186號7樓之2,2300000,1020614
1395,16674467,元順印刷有限公司,臺中市太平區東平路731號1樓,10000000,1020618
1397,16676964,金鴻程工程有限公司,臺中市北區健行里忠太東路58-1號1樓,10000000,1020625
1400,16682121,磐鉅營造有限公司,臺中市西屯區福科路535巷16號2樓,15000000,1020613
1408,16695385,春輝投資股份有限公司,臺中市大里區成功路391號7樓,52859440,1020607
1409,16697834,勁暘汽車有限公司,臺中市烏日區五光里五光路95號,1000000,1020605
1417,16718964,瑞晨實業有限公司,臺中市太平區新坪里育誠街29號1樓,10000000,1020628
1419,16721433,瑩右企業有限公司,臺中市大里區國光路二段624巷37號1樓,5000000,1020614
1420,16722947,成益自行車有限公司,臺中市大甲區平安里忠孝街122巷8號1樓,500000,1020614
1424,16728718,吉峰交通有限公司,臺中市霧峰區萬豐里中正路146巷61弄5號1樓,25000000,1020618
1427,16731869,振堡建設股份有限公司,臺中市清水區橋頭里民治三街65號1樓,200000000,1020613
1485,16818555,山汰科技企業有限公司,臺中市北屯區水景里三甲東街261號1樓,350000000,1020628
1491,16832487,三信商業銀行股份有限公司,臺中市中區公園路32-1號,4247338330,1020610
1493,16832727,雅適國際股份有限公司,臺中市大雅區雅潭路四段303號,217450000,1020628
1504,16862593,鼎晶營造股份有限公司,臺中市潭子區雅豐街226巷18弄28號1樓,3000000,1020621
1506,16863495,萬年清環境工程股份有限公司,臺中市西屯區市政南一路12號3樓之1,80000000,1020625
1512,16872831,慶祥光波股份有限公司,臺中市潭子區豐興路二段龍興巷23之6號,25000000,1020625
1513,16873819,美佳利國際事業股份有限公司,臺中市西屯區文心路3段131號1樓,8300000,1020628
1516,16877131,韋僑科技股份有限公司,臺中市大里區仁化里工業九路1號,310500000,1020624
1526,16885477,李記企業股份有限公司,臺中市東區十甲里一心北街13巷1號1樓,3000000,1020605
1531,16891393,呈家企業有限公司,臺中市西屯區逢甲路３１１號１樓,1500000,1020619
1534,16895279,仁惠交通有限公司,臺中市西區中興里公正路161號,25000000,1020628
1536,16897811,辰奕有限公司,臺中市豐原區中正路555巷7號1樓,3000000,1020620
1543,16907872,鑫盟開發股份有限公司,臺中市北屯區安順東三街32號1樓,1000000,1020618
1547,16911010,大將作事業股份有限公司,臺中市大里區西榮路291號1樓及地下1層,10000000,1020628
1553,16920881,寰聲興業有限公司,臺中市大甲區江南里和平路416-1號,10000000,1020617
1561,16936671,比堤國際股份有限公司,臺中市北屯區松茂里松竹北路151號1樓,5000000,1020603
1562,16938290,澤興工業股份有限公司,臺中市大甲區義和里重義三路26巷76號,5168000,1020617
1566,16942484,愛利克企業有限公司,臺中市北區博館路89號9樓之1,15000000,1020628
1568,16945356,治群藥業股份有限公司,臺中市西區大進街306號1樓,1760000,1020621
1573,16949846,甫尚有限公司,臺中市潭子區甘蔗里勝利路101號2樓,1000000,1020621
1577,16961398,強盛藥業有限公司,臺中市西區精誠十六街３９號３樓之３,5000000,1020604
1582,16963868,悅翎有限公司,臺中市西屯區西屯路二段208巷2弄4號3樓,1000000,1020619
1584,16967745,錢威投資股份有限公司,臺中市西屯區文心路三段159號4樓,407000000,1020605
1598,16981599,慶典實業股份有限公司,臺中市南屯區文心路一段378號8樓之8,1000000,1020626
1599,16983196,嘉天下營造有限公司,臺中市北區文昌東二街48號1樓,10000000,1020628
1602,16993716,矩將科技有限公司,臺中市太平區鵬儀路296巷8號1樓,11000000,1020626
1604,16999269,晏陽精密工業有限公司,臺中市大肚區永和里溪洲路305號1樓,6000000,1020625
1605,16999388,資鎰實業有限公司,臺中市大雅區雅楓里民生路三段53號1樓,9000000,1020610
1606,16999789,力鍀工業股份有限公司,臺中市大里區瑞城里中興路1段2巷81弄91號,6000000,1020620
1648,20833240,洪業有限公司,臺中市大雅區大雅里建德街21號1樓,8000000,1020606
1714,22069690,詠勤實業有限公司,臺中市北區南京東路2段127號2樓,25000000,1020620
1715,22071176,井一工業股份有限公司,臺中市烏日區東園里溪南路一段18號785弄151-1號,5000000,1020605
1722,22082531,弘琦企業股份有限公司,臺中市西屯區福順路217巷12號,5000000,1020617
1723,22085495,隆友企業有限公司,臺中市西區中興里向上北路169號,2000000,1020607
1739,22100284,億威電子系統股份有限公司,臺中市潭子區台中加工出口區南二路16之1號,319497050,1020621
1740,22100398,勝華科技股份有限公司,臺中市潭子區潭秀里台中加工出口區建國路10號,18477784150,1020606
1754,22121984,德金營造股份有限公司,臺中市大里區國光路二段259號5樓之3,100000000,1020618
1765,22136305,台中魚市場股份有限公司,臺中市南屯區環中路四段2號,10000000,1020605
1771,22154963,寶徠企業股份有限公司,臺中市北區進化路575號13樓之1,24500000,1020619
1786,22202613,順盈橡膠工業股份有限公司,臺中市霧峰區南勢里豐正路工業巷2號,12900000,1020628
1791,22208617,成佶實業股份有限公司,臺中市豐原區朴子里朴子街501號,1500000,1020618
1796,22213941,志彥工業有限公司,臺中市大雅區員林里雅環路三段大明2巷１０號,3000000,1020604
1797,22216503,國昌金屬工業股份有限公司,臺中市豐原區南田里6鄰富陽路330號,12000000,1020610
1800,22222759,台杰建設股份有限公司,臺中市南區復興路二段79-2號4樓,29880000,1020624
1802,22229248,長陞有限公司,臺中市西區安龍里民權路185號4樓之7,5000000,1020618
1804,22234925,台中市肉品市場股份有限公司,臺中市北區建成里興進路1號,3000000,1020603
1806,22240763,寬泰機械股份有限公司,臺中市烏日區烏日里永春東三南路3號,33000000,1020611
1808,22243924,嘉銘模具股份有限公司,臺中市東區東門里東光園路101號1樓,3000000,1020626
1823,22271245,景豐塑膠股份有限公司,臺中市霧峰區民生路198巷31號2樓,5000000,1020627
1829,22294633,大育營造有限公司,臺中市北區大雅路45號11樓之2,24000000,1020625
1832,22300810,舜益工業股份有限公司,臺中市西屯區協和里工業區35路32號,36000000,1020627
1833,22301085,振國精密機械股份有限公司,臺中市神岡區三角里大富路98巷28號,5000000,1020617
1834,22301825,先進光電科技股份有限公司,臺中市大雅區科雅路33號2樓,786170000,1020626
1835,22302084,鉦尚金屬工業股份有限公司,臺中市大里區新里里德芳路二段109號,23800000,1020628
1836,22303197,廣太塑膠實業股份有限公司,臺中市龍井區忠和里海尾路310巷6號,3000000,1020621
1837,22304267,鼎三企業股份有限公司,臺中市梧棲區永寧里永興路1段212號,5000000,1020613
1838,22314531,苰聚塑膠機械股份有限公司,臺中市沙鹿區斗抵里斗潭路92號,5000000,1020614
1860,22395007,成上企業有限公司,臺中市霧峰區吉峰里吉峰路38之1號,5000000,1020611
1861,22396792,政伸企業股份有限公司,臺中市西屯區工業區十二路6號,401000000,1020603
1862,22397960,百納塑膠股份有限公司,臺中市南屯區寶山里工業區23路28之2號,90006000,1020625
1890,22478365,遠上機械股份有限公司,臺中市大雅區四德里中山十二路13號,1000000,1020619
1892,22479955,大寶塗料股份有限公司,臺中市太平區德隆里工業十六路26號,12000000,1020628
1904,22515333,品一電機有限公司,臺中市霧峰區豐正路工業巷9號　　　　　　　　　　　　　　　　　　　　　　,5000000,1020606
1930,22558769,金名山光電股份有限公司,臺中市梧棲區永寧里永興路1段546巷27號,547370000,1020628
1935,22566536,大萊小客車租賃有限公司,臺中市西區民權路185號14樓之15,10000000,1020624
1938,22569317,順天百貨股份有限公司,臺中市大甲區朝陽里文武路26之2號,28000000,1020617
1941,22581987,怡昇工業股份有限公司,臺中市西屯區工業區40路2之1號,25000000,1020617
1973,22661530,中國生化科技股份有限公司,臺中市西屯區工業區協和里三十三路10號,168000000,1020610
1987,22674731,源富隆油壓機械有限公司,臺中市北區東成路93號,1000000,1020626
1988,22675008,今榜文具印刷廠股份有限公司,臺中市西屯區何安里四川路102號1樓,2000000,1020604
1989,22683133,巨全金屬工業股份有限公司,臺中市大甲區日南里幼九路11號,25000000,1020621
1990,22686069,王順造紙興業股份有限公司,臺中市太平區宜昌東路158號1樓,20000000,1020628
1993,22693759,家傑企業股份有限公司,臺中市東區東光園路103號1樓,2000000,1020618
1997,22708394,安奕精密工業股份有限公司,臺中市霧峰區北柳里四德路376巷65-6號,8000000,1020617
2014,22764965,順天建設股份有限公司,臺中市西屯區文心路2段201號3樓,2338846780,1020620
2018,22772085,臺灣蓮特精密股份有限公司,臺中市豐原區翁子里豐勢路1段332號,7000000,1020626
2026,22787340,東海通股份有限公司,臺中市龍井區新庒里新庒街一段132號1樓,6000000,1020624
2028,22791273,聯安通信電子有限公司,臺中市東區東英八街149號,1000000,1020618
2030,22793498,健發廢棄物清理有限公司,臺中市北屯區軍福十九路301號2樓,20000000,1020621
2033,22799280,馨必特企業有限公司,臺中市西區大忠里忠明南路270號7樓之3,6000000,1020613
2036,22804586,昱泓實業股份有限公司,臺中市西屯區工業區一路2巷3號6樓之9,5000000,1020628
2037,22805065,承鋼機械股份有限公司,臺中市神岡區岸裡里大豐路五段295巷56弄6號,6000000,1020618
2039,22807177,弘典企業有限公司,臺中市大里區內新里新仁路二段258號,5000000,1020617
2040,22810166,高旗工業股份有限公司,臺中市太平區建國里鵬儀路332號1樓,6000000,1020627
2044,22817273,龍邦國際興業股份有限公司,臺中市西區台中港路1段160-1號36樓,5632142900,1020617
2078,22907318,協聖營造股份有限公司,臺中市西屯區大容東街90號12樓,100000000,1020628
2083,22920403,良苙機械股份有限公司,臺中市大雅區秀山里雅秀路247號,20000000,1020613
2086,22923416,高祥不銹鋼企業有限公司,臺中市南區江川里建成路一七七九號,2000000,1020610
2091,22932105,穩贏有限公司,臺中市豐原區三豐路972巷19號,1000000,1020627
2092,22933272,財進電機股份有限公司,臺中市大甲區朝陽里民生路1號,50000000,1020613
2094,22933907,朝崧企業股份有限公司,臺中市潭子區大豐里潭富路二段160巷12弄6之8號1樓,11000000,1020628
2095,22936572,凱亮金屬股份有限公司,臺中市大肚區新興里沙田路二段308巷12號,6000000,1020614
2110,22966857,世星企業有限公司,臺中市龍井區新東里新興路25巷2弄23號,5000000,1020618
2114,22981858,生富工業有限公司,臺中市沙鹿區南勢里南斗路31巷3號,5000000,1020628
2115,22991841,達輝機械有限公司,臺中市霧峰區吉峰里民生路198巷26弄7號,10000000,1020628
2118,22996135,晉易精密工業股份有限公司,臺中市霧峰區本堂里樹仁路189號,5000000,1020604
2121,23000707,鴿德貿易股份有限公司,臺中市西屯區逢甲里福上巷龍欣三弄25號1樓,6000000,1020614
2122,23001895,普發工業股份有限公司,臺中市南屯區文山里精科七路6號,60000000,1020621
2125,23006370,興揚精密工業股份有限公司,臺中市太平區德隆里工業17路7號,16000000,1020607
2158,23079632,穎異企業股份有限公司,臺中市東區振興路410巷53號1樓,5000000,1020606
2160,23082242,衆程科技股份有限公司,臺中市后里區公館里三豐路500號,73000000,1020605
2167,23097147,中電焊接機電有限公司,臺中市烏日區螺潭里太明路成豐巷163-8號1樓,8000000,1020620
2170,23101655,國揚通信有限公司,臺中市后里區福音路35號1樓,1000000,1020611
2171,23103181,佶峰實業有限公司,臺中市豐原區東陽里東陽路106巷11弄20號,5000000,1020621
2172,23104421,瑞惶工業股份有限公司,臺中市西屯區協和里工業區41路6號,18000000,1020617
2174,23105630,振漢資訊股份有限公司,臺中市西屯區甘河路82號1樓,1000000,1020628
2176,23107481,中瀚資訊事業股份有限公司,臺中市西屯區黎明路三段338號1樓,20000000,1020607
2178,23113940,台灣櫻花股份有限公司,臺中市大雅區雅潭路4段436號,2764014850,1020621
2209,23176108,基鉦新實業有限公司,臺中市西屯區港尾里同志巷23-1號1樓,5000000,1020606
2212,23181968,豹王有限公司,臺中市北屯區東山路一段218巷6之7弄1之2號,5000000,1020621
2216,23192310,穎纖實業股份有限公司,臺中市外埔區鐵山里長生路336號,6000000,1020604
2217,23198905,健通藥品有限公司,臺中市北區大雅路453之1號(2樓),4000000,1020617
2241,23233332,智傑工業有限公司,臺中市西屯區工業區36路50-2號,12000000,1020625
2243,23235444,吉全木業有限公司,臺中市南屯區五權西路二段四五二號,5500000,1020627
2244,23237695,連文企業有限公司,臺中市西屯區臺灣大道三段525號1樓,28000000,1020611
2245,23240930,茂村水電工程有限公司,臺中市南區忠明南路669號1樓,10000000,1020624
2249,23247498,嘉沂布業有限公司,臺中市霧峰區吉峰里民生路２９６巷７４弄４號,7500000,1020617
2252,23253202,沂承有限公司,臺中市西區英士路77號4樓之1,4000000,1020617
2254,23257798,清海化學工業有限公司,臺中市東區建興街66號1樓,5000000,1020621
2255,23258585,玉雪股份有限公司,臺中市北區錦平里育才北路69號2樓,72000000,1020626
2258,23266086,三洋貨運有限公司,臺中市東勢區中新街58號,29000000,1020614
2261,23274987,美又美食品有限公司,臺中市西屯區環河路211號1樓,40000000,1020618
2265,23281777,喬詮金屬設計有限公司,臺中市西屯區臺灣大道四段767號11樓之2,6000000,1020605
2294,23367227,椏牛有限公司,臺中市大里區長榮里中興路2段139號1樓,6000000,1020607
2295,23367774,明椿電氣機械股份有限公司,臺中市大里區健民里仁化路158號,60000000,1020607
2296,23368767,昇拓企業有限公司,臺中市神岡區國豐路一段176號1樓,5500000,1020605
2298,23375182,世模科技股份有限公司,臺中市大雅區秀山里科雅路40號5樓,24000000,1020610
2299,23375818,茂釧企業股份有限公司,臺中市神岡區東洲路247巷49之3號,5000000,1020626
2300,23378414,艾維士小客車租賃股份有限公司,臺中市西屯區台中港路二段22-19號1、2樓,176000000,1020617
2302,23381635,三普環境分析股份有限公司,臺中市西屯區四川東街20號,25080000,1020626
2310,23397242,喬登工業股份有限公司,臺中市神岡區社南里中山路667巷38號,10000000,1020607
2332,23471880,林鼎實業股份有限公司,臺中市西區臺灣大道二段489號27樓之1,60000000,1020620
2361,23533730,金豐證券股份有限公司,臺中市豐原區中山路481號,238000000,1020603
2366,23542870,信業科技股份有限公司,臺中市南區樹德里大慶街2段31巷9、11號,30000000,1020620
2374,23552855,長懋實業有限公司,臺中市大里區東榮路35巷34弄4號1樓,1000000,1020628
2375,23553236,漢秉機械股份有限公司,臺中市大里區大元里國中路3巷16號1樓,6000000,1020618
2376,23553664,山亞環境科技股份有限公司,臺中市西屯區大有街154號　,5000000,1020607
2381,23572557,玉晶光電股份有限公司,臺中市大雅區科雅東路1號,995990630,1020626
2427,23672486,大亞起重工程有限公司,臺中市沙鹿區鹿寮里福德路60巷6號1樓,3000000,1020604
2434,23690610,林泉工程開發有限公司,臺中市西區向上路一段79巷30號1樓,2000000,1020605
2437,23699909,顯冠股份有限公司,臺中市神岡區民權一街183號1樓,5000000,1020626
2438,23700883,銀泰科技股份有限公司,臺中市神岡區大富路20巷71號,1000000000,1020626
2440,23706747,鉅鑫實業股份有限公司,臺中市南區南門里南門路30號,12000000,1020613
2441,23709060,金永鑫實業股份有限公司,臺中市南區福興里和昌街291號1樓,77000000,1020605
2445,23719285,喬展工業股份有限公司,臺中市神岡區社南里中山路667巷40號,10000000,1020624
2447,23721260,祐福廢棄物清理股份有限公司,臺中市霧峰區北柳里四德路443之6號2樓,5000000,1020607
2463,23777658,精創機械股份有限公司,臺中市龍井區茄投路一段85巷21號,10000000,1020606
2465,23779993,遠恆機械有限公司,臺中市沙鹿區埔子里屏西路古月東巷33號,3000000,1020610
2468,23790890,僑宏工業股份有限公司,臺中市梧棲區永安里港南路2段466巷25號,8000000,1020610
2469,23792686,正豐梭管股份有限公司,臺中市神岡區溪洲里民權路40之1號,5000000,1020625
2470,23795522,川睦建設開發股份有限公司,臺中市南屯區豐樂里文心南六路171巷34號1樓,55000000,1020626
2473,23802571,薌園生技股份有限公司,臺中市西區台灣大道二段101號9樓,67629300,1020603
2475,23809510,譽欣工業股份有限公司,臺中市東區十甲東路150號1樓,16800000,1020617
2478,23817363,台鉅玻璃有限公司,臺中市南區樹義里文心南路737號2樓,27000000,1020626
2496,23848513,高藤運動器材有限公司,臺中市豐原區南嵩里北陽路397巷17號,5000000,1020606
2498,23853450,中國上優科技股份有限公司,臺中市西屯區惠來里府會園道179號18樓,20000000,1020606
2505,23873483,達曜工業股份有限公司,臺中市西區三民里公館路132-1號1樓,10000000,1020618
2535,23942762,捷徑企業股份有限公司,臺中市西屯區至善里逢甲路253巷51號1樓,5000000,1020603
2541,23950713,詠記螺絲實業有限公司,臺中市大里區仁德里25鄰仁化路823巷9號,1000000,1020628
2545,23959221,感心生技股份有限公司,臺中市西屯區何厝里漢口路一段37號3樓,1000000,1020613
2546,23962014,長昇工程有限公司,臺中市南屯區田心里五權西路2段441號1樓,7000000,1020624
2549,23967658,源名企業有限公司,臺中市清水區和睦路三段130巷25號,9000000,1020611
2562,24200936,炫品貿易有限公司,臺中市太平區建國里精美一街42巷19號1樓,3000000,1020621
2569,24204855,宇富超臨界萃取有限公司,臺中市豐原區南陽里圓環東路369號1樓,5000000,1020625
2573,24207396,鑽譽企業有限公司,臺中市太平區長億一街55號3樓,5000000,1020607
2574,24207656,辛巴展業有限公司,臺中市北區進化北路430巷40號,1000000,1020621
2578,24209628,恩達生技股份有限公司,臺中市大甲區中山路1段1191號,72000000,1020617
2584,24218605,泓韻有限公司,臺中市南屯區文心路一段218號5樓之3,6500000,1020603
2587,24219750,傑果事業有限公司,臺中市豐原區南陽路436號1樓,3000000,1020625
2588,24221995,兆鑫投資股份有限公司,臺中市太平區長安路23號1樓,29800000,1020626
2589,24223558,優源科技股份有限公司,臺中市大雅區秀山里科雅路42號5樓,41000000,1020617
2596,24227013,宜里油漆有限公司,臺中市西屯區何德里甘肅路一段77號1樓,1000000,1020611
2603,24234485,展陞科技股份有限公司,臺中市大里區樹王里文心南路1273巷338號1樓,6000000,1020619
2609,24237785,金豪機械有限公司,臺中市大安區海墘里東西九路260號1樓,300000,1020620
2610,24237976,湧源工業有限公司,臺中市西屯區烈美街38號1樓,1000000,1020606
2623,24243323,侑昌精密工具有限公司,臺中市北屯區軍功里軍福十九路309號1樓,3000000,1020628
2624,24244505,翔鑫科技股份有限公司,臺中市南屯區工業區二四路32-1號3樓,15000000,1020624
2626,24245259,家天下實業有限公司,臺中市西屯區大河里甘肅路二段82號1樓,5000000,1020606
2628,24245743,群化科技股份有限公司,臺中市大雅區上雅里雅環路2段259號1樓,5000000,1020605
2634,24248333,生翰國際有限公司,臺中市西屯區福林里福雅路137巷7號1樓,1000000,1020606
2635,24250745,大郡建研有限公司,臺中市大里區東興里益民路2段357巷7號7樓之2,990000,1020604
2646,24258079,頎茂光電股份有限公司,臺中市霧峰區霧工三路3號,100000000,1020624
2647,24258697,美澤元國際貿易有限公司,臺中市西屯區臺灣大道三段540號7樓之5,3000000,1020621
2652,24261320,勁聲汽車材料有限公司,臺中市西屯區中清路155之145號,1000000,1020607
2655,24263571,亮節科技股份有限公司,臺中市龍井區東海里藝術街75號1樓,29000000,1020606
2659,24264473,裕麒有限公司,臺中市烏日區公園路616號1樓,5000000,1020618
2660,24264591,陽光車手國際有限公司,臺中市北區賴興里文心路四段200號8樓之5,5000000,1020621
2670,24269575,耀泉商業有限公司,臺中市清水區南社里南社路351-2號1樓,11000000,1020626
2671,24269913,伍億貿易有限公司,臺中市東區建智街20號2樓,500000,1020617
2677,24274850,銘金企業有限公司,臺中市烏日區五光里環河路1段1036巷20號1樓,2000000,1020604
2679,24276560,溥源電機股份有限公司,臺中市大甲區江南里東西七路一段310號1樓,5000000,1020613
2685,24281249,弘乙立實業有限公司,臺中市南屯區鎮平里筏子東街一段62號1樓,250000,1020624
2687,24283422,茂鉅工程科技有限公司,臺中市大雅區三和里春亭一街17號,5000000,1020627
2689,24285364,風格時尚國際有限公司,臺中市西屯區西墩里環中路二段1229號1樓,3000000,1020606
2693,24287010,巨業工藝股份有限公司,臺中市豐原區北陽里豐東路211號1樓,5000000,1020619
2700,24288968,睿欣實業股份有限公司,臺中市南區永興里美村南路303巷28弄12號1樓,1000000,1020604
2711,24296088,健展資訊有限公司,臺中市潭子區福仁里大新路80巷7號1樓,3000000,1020628
2713,24297158,金益來工程有限公司,臺中市北屯區軍功里環中東路二段188號1樓,3000000,1020604
2761,24324937,統源國際資產管理股份有限公司,臺中市豐原區成功路500號,201000000,1020604
2781,24338566,安倫保險經紀人股份有限公司,臺中市大里區新芳路22號1樓,3000000,1020628
2805,24352932,康泰事業股份有限公司,臺中市中區中正路243號1樓,58000000,1020626
2809,24355305,翊昇鴕鳥生物科技有限公司,臺中市大里區大明里中興路2段671巷110號1樓,15000000,1020621
2819,24360834,柏緹創意國際有限公司,臺中市沙鹿區中棲路167號1樓,7004000,1020628
2821,24363086,旺承電子有限公司,臺中市大甲區中山路二段918之210號1樓,6680000,1020627
2832,24372347,鑫發科技股份有限公司,臺中市豐原區社皮里中正路510巷21號1樓,1000000,1020621
2834,24372971,仟竣實業有限公司,臺中市潭子區東寶里雅潭路2段190巷78弄37號2樓,5000000,1020606
2839,24376287,和我設計有限公司,臺中市中區興中街66號1樓,2250000,1020628
2843,24378222,鮮立方生技企業有限公司,臺中市豐原區社皮里中正路695巷10號13樓之1,2550000,1020619
2845,24378503,艾菲克創意科技有限公司,臺中市豐原區北陽路125號1樓,3000000,1020606
2856,24384651,富士康廣告有限公司,臺中市北區錦祥里育興街26號1樓,12500000,1020620
2858,24386975,盛丰源科技股份有限公司,臺中市西屯區河南路四段113號1樓,5000000,1020619
2870,24393032,米洛喬治投資股份有限公司,臺中市南屯區文心路一段186號15樓之10,9300000,1020627
2877,24396875,高承實業有限公司,臺中市北屯區后庄里后庄北路18號1樓,500000,1020627
2880,24399198,閔煒股份有限公司,臺中市太平區新高里中山路四段28巷17弄22號,5000000,1020613
2881,24399465,永久開發管理顧問有限公司,臺中市北屯區平興里興安路二段15號4樓之2,500000,1020628
2884,24402709,冠銘科技股份有限公司,臺中市沙鹿區西勢里中山路4號,12500000,1020619
2887,24404501,利冠精密有限公司,臺中市北屯區平福里大連路二段252號1樓,2000000,1020610
2888,24404848,尚鼎資產管理顧問有限公司,臺中市南區樹德里6鄰大慶街二段9巷33弄5號,500000,1020604
2892,24407177,滙隆科技有限公司,臺中市龍井區忠和里蚵寮路332號,1000000,1020603
2899,24409674,精勤精機有限公司,臺中市西屯區福和里福安六街12號,10000000,1020614
2901,24410089,寬達重車有限公司,臺中市梧棲區草湳里臨港路3段388號,300000,1020626
2906,24411545,中鼎興業有限公司,臺中市南屯區文昌街189號1樓,80000000,1020624
2907,24411762,旭輝防蝕科技股份有限公司,臺中市北區賴明里漢口路四段35號11樓,5000000,1020624
2911,24414135,翔凱國際有限公司,臺中市南屯區東興路二段186號7樓之2,300000,1020614
2916,24415916,興岳貿易股份有限公司,臺中市神岡區豐洲里豐洲路299號1樓,12000000,1020617
2926,24420312,冠揚有限公司,臺中市太平區新福里11鄰新福路87巷39號,2500000,1020625
2931,24423211,升盧不動產房屋經紀有限公司,臺中市沙鹿區鹿寮里中山路400-1號1樓,250000,1020620
2936,24426998,茂祥不動產有限公司,臺中市西區華美西街一段142號13樓之2,405000000,1020611
2937,24428428,慶兆投資股份有限公司,臺中市豐原區北陽里圓環東路548號1樓,327777780,1020614
2941,24428882,帝利科技有限公司,臺中市霧峰區新厝路187號,60000,1020603
2945,24429714,永麗環境實業有限公司,臺中市大甲區文武里順天路425號,2000000,1020619
2947,24429910,伊梅森科技有限公司,臺中市北屯區松勇里松竹路2段86巷79號1樓,2000000,1020617
2950,24430965,達毓投資股份有限公司,臺中市南區忠明南路789號27樓,48000000,1020614
2954,24433479,詠恩企業有限公司,臺中市北區明新里漢陽街110號3樓之1,10050000,1020605
2958,24437931,威富建設開發有限公司,臺中市南屯區黎明路一段818號,10000000,1020604
2964,24441273,臺旅船務代理股份有限公司,臺中市北屯區北屯路189號二樓,12000000,1020603
2965,24441668,銀座優貿易有限公司,臺中市西區公益路327號,5000000,1020627
2970,24444237,廣源文具有限公司,臺中市北屯區平田里大連路三段110號1樓,300000,1020604
2972,24445756,奕豊國際有限公司,臺中市北屯區平安里崇德路二段130號13樓,1000000,1020626
2973,24445904,烤狀猿餐飲有限公司,臺中市西屯區大鵬里成都路317號,1000000,1020614
2983,24453100,台灣美罩科技股份有限公司,臺中市大雅區秀山里科雅路28號4樓,12860000,1020614
3012,24470327,腓利門股份有限公司,臺中市西屯區何南里台灣大道二段783號,25000000,1020628
3073,24497326,輝創科技股份有限公司,臺中市中區光復里民權路102號8樓之7,1000000,1020611
3130,24531886,大河美術有限公司,臺中市大墩十九街176號9樓之2,500000,1020628
3132,25000724,利梧有限公司,臺中市東勢區中正路316號,1000000,1020605
3137,25002173,嘉韋科技有限公司,臺中市太平區平安里精美路116巷1號1樓,1000000,1020617
3144,25004828,仲台科技有限公司,臺中市大雅區文雅里中山北路476號1樓,300000,1020606
3147,25005565,將能數位行銷有限公司,臺中市西區民龍里英才路530號9樓之3,200000,1020605
3153,25008845,高明生物科技股份有限公司,臺中市太平區中興里東平路715巷8弄6號,8000000,1020619
3154,25009181,灃緯工程有限公司,臺中市南區工學路126巷5號1樓,10000000,1020603
3160,25012427,大鈞廣告有限公司,臺中市西屯區何源里河南東四街40之8號,1000000,1020626
3172,25021798,秀峰戶外有限公司,臺中市北屯區平昌里文心路四段846號,5000000,1020604
3176,25025078,勝騏企業有限公司,臺中市西區民生里自由路一段101號8樓之6,2000000,1020606
3178,25027821,昌泰營造有限公司,臺中市東區東門里東門路109巷5號1樓,4000000,1020628
3186,25033318,金采聯合有限公司,臺中市南屯區南屯里五權西路二段666號9樓之10,1000000,1020607
3190,25038405,矞勝實業有限公司,臺中市太平區中源街5巷7號1樓,1000000,1020617
3191,25038828,祺縉國際管理顧問有限公司,臺中市西區大墩十街49號,500000,1020626
3192,25039116,御童國際有限公司,臺中市南屯區大聖街308號1樓,500000,1020617
3194,25040599,東勢肉品有限公司,臺中市豐原區南村里圓環東路741號1樓,588888,1020621
3195,25041041,宏生貿易有限公司,臺中市大里區向學一路12號1樓,300000,1020613
3201,25045980,鮮麥鮮營酒業股份有限公司,臺中市北區進化北路416號,12000000,1020610
3206,25047707,友福環保科技有限公司,臺中市北屯區熱河路三段91巷1號1樓,1400000,1020626
3207,25048311,美樂福國際時尚有限公司,臺中市西區大墩十街31號1樓,1500000,1020628
3208,25048826,祥柏建設開發有限公司,臺中市西區藍興里公館路117號2樓,10000000,1020620
3212,25053741,創先進投資顧問有限公司,臺中市西屯區何南里臺灣大道二段783號,22000000,1020614
3218,25056803,松葳貿易股份有限公司,臺中市中區公園里自由路二段9之4之1號,650000,1020625
3223,25058247,皇家生技有限公司,臺中市西區公正里東興路三段150號4樓,600000,1020620
3225,25058865,惟德休閒事業有限公司,臺中市大里區立德里立中街73號1樓,2500000,1020627
3228,25060905,瀚翔國際企業有限公司,臺中市西區忠誠里大隆路20號7樓之6,10000000,1020617
3230,25062615,易盟科技股份有限公司,臺中市神岡區神洲里豐洲路1025巷29號,13000000,1020621
3234,25065697,永進滾筒科技有限公司,臺中市北區一中街133號4樓,15000000,1020610
3235,25066014,標志有限公司,臺中市北屯區平和里瀋陽路二段161號1樓,1000000,1020626
3239,25068293,鉅盛開發實業有限公司,臺中市南屯區文心路一段186號11樓之10,1000000,1020611
3240,25069238,河南資源回收有限公司,臺中市西屯區大河里大河街32巷16號,500000,1020626
3241,25070376,和盟科技有限公司,臺中市太平區太平里永豐路291巷10弄1號,1000000,1020617
3245,25073492,京庚健康世界股份有限公司,臺中市潭子區潭富路2段160巷1號,54500000,1020618
3253,25080825,麥司沃克有限公司,臺中市西區中興里中興街169號,1000000,1020605
3254,25080959,學海實業股份有限公司,臺中市南屯區文心路一段324號13樓之2,10380000,1020606
3255,25082226,盛兆京實業有限公司,臺中市西區公正里大墩12街11號3樓,2000000,1020621
3259,25083597,丹野國際股份有限公司,臺中市豐原區陽明里南陽路南陽市場10號1樓,10000000,1020628
3260,25083718,大豐精密有限公司,臺中市太平區永平路3段132巷116號,10000000,1020627
3274,25091702,台灣日脈貿易股份有限公司,臺中市西屯區工業區38路210號7樓之3,45013100,1020610
3276,25092218,亞懋興業有限公司,臺中市南屯區大誠里大墩二街46號7樓之2,5110000,1020603
3279,25095192,昱品美食股份有限公司,臺中市太平區新仁路一段22巷71之3號,15000000,1020624
3280,25095518,銨泰企業股份有限公司,臺中市沙鹿區明德路420號1樓,22000000,1020619
3281,25095622,松瓚科技股份有限公司,臺中市太平區中興里永義八街28號,63000000,1020617
3283,25096122,台灣政融生物科技有限公司,臺中市南屯區大墩十二街439號1樓,1000000,1020619
3288,25097430,百智興業有限公司,臺中市北區自強街44號,2000000,1020604
3289,25098178,錩輝鋼鐵有限公司,臺中市霧峰區吉峰里民生路198巷26弄9號,15000000,1020628
3295,25099660,基德醫療儀器有限公司,臺中市南區江川里建成路1713巷6號10樓之1,300000,1020613
3320,25110742,雞本享受國際食品有限公司,臺中市北區漢口路四段202號6樓,5000000,1020618
3344,25123182,興利達工程有限公司,臺中市南區福田路50巷2號1樓,1000000,1020619
3411,25150949,廣論不動產股份有限公司,臺中市南屯區文心路一段175號1樓,2000000,1020611
3414,25152860,秀蟬有限公司,臺中市北區賴福里太原路二段6號1樓,2000000,1020603
3415,25153354,豐繽生技開發有限公司,臺中市太平區中興里永義路71號1樓,100000,1020621
3417,25153544,亞立室內裝修設計有限公司,臺中市大雅區員林里中清路三段110號2樓,1000000,1020607
3420,25154403,元菘有限公司,臺中市南區工學里德富路386號10樓之2,3000000,1020621
3421,25154446,三槐工業有限公司,臺中市沙鹿區三鹿里自強路147號1樓,3600000,1020618
3427,25156280,品嘉開發實業有限公司,臺中市西屯區上仁街72號1樓,2500000,1020628
3429,25157865,菓森林創作藝術有限公司,臺中市沙鹿區福興里沙田路18號1樓,5000000,1020617
3438,25161761,新渼五金有限公司,臺中市潭子區雅潭路二段152巷90弄3號9樓,6000000,1020619
3444,25164140,金鸛投資有限公司,臺中市北屯區北興街43號2樓,5000000,1020618
3445,25164900,整創科技股份有限公司,臺中市南屯區文心路一段218號16樓之2,1000000,1020624
3448,25166457,宥泰投資有限公司,臺中市大雅區橫山里中科路1088號,123600000,1020618
3452,25169686,得暉國際貿易有限公司,臺中市北屯區松和里昌平路二段4巷33號1樓,20000000,1020626
3453,25169840,東剛精密機械有限公司,臺中市沙鹿區自立路206號1樓,4600000,1020603
3457,25173458,台灣泰崧精品企業股份有限公司,臺中市南屯區永春東一路788巷15號1樓,30000000,1020607
3458,25174034,佐佑手有限公司,臺中市大雅區六寶里和平路83號1樓,100000,1020626
3461,25176477,展望管理顧問有限公司,臺中市大里區國光路二段702-6號,1000000,1020621
3462,25177927,丞泰建設開發有限公司,臺中市外埔區大同里六分路362號1樓,17000000,1020607
3475,25189923,初日精密機電有限公司,臺中市大里區福德路32號,1000000,1020613
3478,25192429,德加美生醫股份有限公司,臺中市北區國瑞街96號1樓,1000000,1020603
3482,25194046,楓茂工程有限公司,臺中市南屯區永定里文昌街227巷50號1樓,2000000,1020625
3483,25194094,有成不動產有限公司,臺中市西區公正里公益路363號5樓之3,500000,1020613
3488,25195713,金禾麥廣告有限公司,臺中市北屯區平陽里大連路2段65號,2000000,1020611
3489,25196473,紘福不銹鋼工業有限公司,臺中市大甲區日南里19鄰工二路1之2號,22000000,1020613
3494,25197803,愷樂企業股份有限公司,臺中市大甲區庄美里興安路70-1號1樓,2000000,1020610
3495,25198578,豐複建設有限公司,臺中市南區崇倫北街50號1樓,3000000,1020624
3526,27235959,美商伊斯頓股份有限公司,臺中市南屯區大墩11街338號8樓之1,5000000,1020606
3546,27265453,安普琪科技股份有限公司,臺中市南屯區惠中路三段69號10樓,1000000,1020624
3549,27267092,柯芬園建設股份有限公司,臺中市南屯區大英街309號1樓,50000000,1020614
3550,27267831,新鴻基資產顧問有限公司,臺中市北屯區平心里文心路四段669號3樓之3,2500000,1020627
3552,27268368,雲之瀑有限公司,臺中市南屯區南屯路二段408號10樓之3,15000000,1020611
3558,27275184,大日建設股份有限公司,臺中市西區台中港路一段302號12樓之1,25000000,1020605
3569,27286318,瀚陞財務管理有限公司,臺中市北區錦祥里梅亭東街1號1樓,2000000,1020619
3574,27289820,昌鈺科技有限公司,臺中市北區漢口南一街45號1樓,500000,1020607
3581,27300070,鈞祥精密工業股份有限公司,臺中市霧峰區吉峰里自強路312號1樓,1000000,1020613
3585,27304245,合毅精密股份有限公司,臺中市大雅區三和村雅潭路296-3號,8000000,1020618
3644,27356088,晉群興業有限公司,臺中市大里區瑞城里中興路一段281弄52號,8000000,1020617
3670,27381880,彩鈺金屬有限公司,臺中市潭子區大豐路三段43巷22弄31號1樓,5000000,1020621
3671,27382282,百昱建設股份有限公司,臺中市大里區國光路二段500號7樓之1,30000000,1020619
3678,27388244,新中科事業股份有限公司,臺中市北屯區平福里旅順路2段1、5號地下一層,1200000,1020628
3680,27389638,智力光電股份有限公司,臺中市潭子區福仁里新興路一段304巷17號,6060000,1020610
3681,27391233,富晟嘉建設股份有限公司,臺中市西屯區惠來里惠中路二段59號1樓,5000000,1020628
3686,27399328,快可力實業有限公司,臺中市大雅區三和里龍善二街120號,500000,1020626
3689,27403364,隆翼有限公司,臺中市沙鹿區六路里平等七街22號1樓,6000000,1020627
3691,27405068,奕達科技股份有限公司,臺中市神岡區岸裡里大富路61巷45號,1000000,1020613
3694,27412315,卡醲國際有限公司,臺中市西區精誠十六街37號2樓,2700000,1020607
3695,27414123,酷必得電子商務股份有限公司,臺中市西屯區文心路三段159號3樓,37000000,1020605
3699,27418991,洺豪實業股份有限公司,臺中市霧峰區舊正里北岸路36巷32-8號2樓,5000000,1020606
3701,27420814,中萘實業股份有限公司,臺中市西區五權西路一段257號11樓之1,5000000,1020613
3705,27423755,利豐化工有限公司,臺中市清水區文昌里文昌街78之1號1樓,500000,1020613
3706,27423848,曜良工業有限公司,臺中市大里區新仁里新仁四街28號1樓,1000000,1020605
3708,27424699,事宜事有限公司,臺中市西區公民里忠仁街84號2樓,3000000,1020628
3714,27431729,嘉昱光電科技股份有限公司,臺中市西屯區工業區五路14號,50000000,1020621
3718,27435437,奧拓微碼科技股份有限公司,臺中市西屯區惠來里府會園道179號19樓,1000000,1020613
3720,27436695,安慶物業管理有限公司,臺中市北區賴明里漢口路四段35號9樓之1,1000000,1020604
3721,27437842,佑誠建設有限公司,臺中市大里區爽文路1077號,12000000,1020613
3722,27438011,浩筌企業有限公司,臺中市北區賴厝里太原路二段225號,10000000,1020614
3724,27442676,益里科技有限公司,臺中市北屯區軍功里軍功路2段850巷32弄9號2樓,10000000,1020624
3729,27446595,品昕機械工業股份有限公司,臺中市太平區宜欣里富平路16號,3000000,1020624
3730,27448159,榮行國際貿易股份有限公司,臺中市南屯區同心里文心路1段186號12樓之7,12000000,1020628
3737,27454567,歐權科技股份有限公司,臺中市西屯區工業區42路17號,72000000,1020624
3744,27465656,幸福烘焙有限公司,臺中市南屯區大業路189號1樓　,500000,1020621
3746,27471019,上鈺實業有限公司,臺中市太平區長億里長億六街56巷10號1樓,700000,1020604
3754,27476041,力耕實業有限公司,臺中市南區南門里國光路365巷10號1樓,1000000,1020618
3755,27476886,中衛保全股份有限公司,臺中市北屯區平興里北屯路360號17樓之2,40000000,1020626
3756,27478723,銓聯食品興業有限公司,臺中市西屯區大河里大河１巷５弄４８號１樓,20000000,1020626
3760,27481234,群興自動化設備有限公司,臺中市霧峰區舊正里光明路95號,3000000,1020611
3761,27483227,毅一建設股份有限公司,臺中市南屯區大墩二街182號2樓,45000000,1020628
3764,27489806,瑞基海洋生物科技股份有限公司,臺中市西屯區科園二路19號,303000000,1020619
3766,27490297,合十建設有限公司,臺中市西區東昇里樂群街152號1樓,30000000,1020619
3768,27491541,永湖股份有限公司,臺中市神岡區大富路156巷17之2號,12000000,1020621
3775,27498973,祺益科技有限公司,臺中市西屯區東大路一段30巷13號9樓之5,2000000,1020613
3777,27499987,紅發汽車有限公司,臺中市烏日區中山路3段759號1樓,3000000,1020625
3780,27501246,勝琳環保有限公司,臺中市西屯區協和里安和路27之17號1樓,3000000,1020611
3789,27505073,凱軒門實業有限公司,臺中市神岡區庄後里大圳路２８之１號１樓,3000000,1020611
3797,27511390,發格自動化股份有限公司,臺中市南屯區田心里大墩四街386號,3000000,1020625
3799,27512362,松葳有限公司,臺中市南屯區精誠南路135巷29號2樓,2000000,1020625
3800,27516352,駿湧廣告有限公司,臺中市南屯區永春東二路246號,5000000,1020603
3801,27518598,國興電工股份有限公司,臺中市南屯區寶山里工業區23路28之1號2樓,380000000,1020625
3841,27553932,易利達環保科技股份有限公司,臺中市北區進化北路238號14樓之1,25700000,1020614
3853,27562849,曜德生技展業有限公司,臺中市北區健行里忠明路424地下一層之2號,3000000,1020625
3886,27604123,駿豐生物科技企業有限公司,臺中市北屯區松勇里松明街95巷2號1樓,1000000,1020628
3889,27604931,丞泰進出口有限公司,臺中市西屯區惠來里市政路500號15樓之6,3000000,1020607
3890,27605410,典泰科技股份有限公司,臺中市北屯區景賢路257號1樓,20000000,1020624
3891,27605517,味丹生物科技股份有限公司,臺中市沙鹿區興安路81號,239270000,1020604
3893,27607775,仁和發建設有限公司,臺中市西屯區大弘街９１號１樓,5000000,1020628
3895,27611052,忠明物業管理服務有限公司,臺中市沙鹿區南勢里鎮南路2段89號1樓,3000000,1020603
3896,27611089,欣佳金屬有限公司,臺中市太平區東平里成功路４０２巷２２號１樓,1000000,1020603
3897,27611784,馥味鮮食品有限公司,臺中市大里區仁化路23號1樓,600000,1020619
3898,27612377,永勝億企業有限公司,臺中市大里區仁化路1087號,5000000,1020619
3901,27616373,瀝生實業有限公司,臺中市太平區新光里新高東路51號,5000000,1020605
3920,27636912,仁誠企管顧問股份有限公司,臺中市外埔區大東里甲東路36巷39號1樓,1000000,1020613
3921,27639474,皓宇設計有限公司,臺中市北屯區松強里崇德八路一段134號,1800000,1020627
3928,27646405,高君商業有限公司,臺中市西屯區福上巷233之2號1樓,500000,1020621
3931,27649590,承祐化工有限公司,臺中市西屯區重慶路338號13樓之3,3000000,1020614
3933,27652911,谷德赫斯有限公司,臺中市神岡區豐洲里五權路８８巷１４０弄２６號,500000,1020621
3937,27654679,廣懋環保資源有限公司,臺中市北屯區平興里平興街129號1樓,20000000,1020611
3942,27661209,中一木業國際有限公司,臺中市南屯區田心里惠德街218號2樓,1000000,1020624
3945,27665084,賜銘祥有限公司,臺中市外埔區大同里甲后路興龍六巷86號,500000,1020607
3946,27665275,威士特室內設計有限公司,臺中市東區十甲里東英七街30號11樓之2,600000,1020618
3948,27666767,金嬴企業有限公司,臺中市烏日區螺潭里溪南路2段388巷86號,1000000,1020619
3949,27667490,正原機械有限公司,臺中市南屯區鎮平里新民巷1-7號之2,500000,1020619
3955,27674106,王將資產有限公司,臺中市北區益華街１４７號１樓,8880000,1020619
3957,27679539,鉅展印刷事業有限公司,臺中市南區工學里文心南十路169號1樓,1000000,1020626
3958,27679658,鼎鴻影像設計有限公司,臺中市西屯區台灣大道2段360號24樓之3,6500000,1020614
3967,27703123,提碁股份有限公司,臺中市西區大隆路20號4樓之6,28000000,1020626
4045,27774581,濠強企業有限公司,臺中市豐原區北陽里南陽路298巷24號5樓,1000000,1020607
4048,27775553,大里藍有限公司,臺中市大里區中興路二段８９號１樓,3000000,1020614
4051,27780943,興忠自動化科技有限公司,臺中市神岡區大社里豐社路39號2樓,500000,1020627
4058,27788327,長宏國際企業有限公司,臺中市沙鹿區竹林里賢正街50號1樓,1000000,1020626
4060,27789748,聯豐精密科技開發股份有限公司,臺中市大肚區頂街里大德二街34號2樓,100000000,1020610
4061,27793449,正久能源股份有限公司,臺中市南區永興里工學二街151巷30號,21000000,1020626
4062,27795565,海評企業有限公司,臺中市南屯區三和里大墩十二街649號1樓,2000000,1020606
4065,27797058,鼎峰油壓有限公司,臺中市大里區國中路４９１號,5000000,1020628
4068,27803093,鼎極國際海鮮有限公司,臺中市南屯區大業里大墩路676號,10000000,1020618
4069,27806161,君國豐有限公司,臺中市清水區田寮里三田路14之7號1樓,1000000,1020610
4072,27808512,廣詔企業有限公司,臺中市大里區仁德里四育街36號,6000000,1020605
4076,27817505,綠誠生物科技食品有限公司,臺中市西屯區大河里大河街32巷21號1樓,30000000,1020610
4078,27818103,基石建設股份有限公司,臺中市西屯區市政路500號7樓之6,10000000,1020624
4088,27827953,美伊股份有限公司,臺中市西屯區惠中二街26號3樓,1000000,1020627
4090,27829517,得利企有限公司,臺中市梧棲區興農里中華路一段762巷3號,500000,1020624
4092,27830726,台糖建設股份有限公司,臺中市西區民龍里模範街３１巷９之１號１樓,26000000,1020624
4093,27833202,巨馬開發實業有限公司,臺中市南屯區黎明路一段202號,5000000,1020619
4094,27836469,福元生技有限公司,臺中市西區日興街105號1樓,5000000,1020613
4098,27837853,隼澤企業有限公司,臺中市霧峰區育群路115號1樓,1000000,1020625
4106,27848459,友捷企業股份有限公司,臺中市西屯區上安里上明一街46號,2000000,1020603
4108,27849289,名儀精密科技有限公司,臺中市南屯區文心路一段３７８號８樓之６,1000000,1020621
4109,27850187,鈺竣鈑金工業有限公司,臺中市大雅區三和里建興路152巷7號3樓之3,5200000,1020603
4111,27851685,三久食品股份有限公司,臺中市霧峰區南勢里豐正路工業巷6弄63號,28800000,1020627
4116,27856915,新高投資股份有限公司,臺中市西屯區惠來里府會園道179號18樓,28333340,1020611
4122,27862472,富將工程股份有限公司,臺中市北區梅川西路4段227號5樓之1,6000000,1020619
4123,27865724,君豐建設股份有限公司,臺中市南屯區大墩二街182號,40000000,1020628
4124,27866054,亞邦系統科技股份有限公司,臺中市大甲區武曲里大安港路208號,22000000,1020626
4127,27867498,富毅鋁業有限公司,臺中市東區旱溪街256號,5000000,1020624
4146,27890343,寶之泉生化科技有限公司,臺中市豐原區頂街里中正路103號1樓,10000000,1020607
4157,27904445,金浩實業有限公司,臺中市龍井區新東里新興路59巷2號1樓,3000000,1020621
4167,27915999,永大興業有限公司,臺中市大雅區民生路一段228號1樓,1000000,1020617
4168,27916857,吉宏企業管理顧問有限公司,臺中市豐原區南田里南田街47-1號1樓,500000,1020628
4176,27932998,美商肯帛股份有限公司,臺中市西屯區福中里中工二路150號1~2樓,1000000,1020621
4178,27940499,香港商世界健身事業有限公司,臺中市東區復興路4段186號9樓,111200000,1020610
4221,27981673,泰威保險經紀人股份有限公司,臺中市西區台灣大道二段181號8樓之7,3000000,1020627
4236,27995677,健康希望生物科技股份有限公司,臺中市北區大雅路105巷9號,1000000,1020614
4259,28015356,恆生生物科技有限公司,臺中市南屯區向心里文心南路二段429號1樓,2000000,1020603
4261,28018760,誼冠鋼品有限公司,臺中市中區綠川西街185號1樓,10000000,1020626
4269,28027326,明磁科技工業有限公司,臺中市大雅區四德里永興路2-8號1樓,1000000,1020628
4278,28037725,竣奕建設股份有限公司,臺中市北屯區山西北一街86號1樓,10000000,1020613
4286,28049356,全壕營造有限公司,臺中市沙鹿區斗抵里天仁街48號1樓,10000000,1020626
4287,28049406,峰允展科技股份有限公司,臺中市烏日區學田路245號1樓,24500000,1020628
4291,28054391,鋇立得科技股份有限公司,臺中市潭子區栗林里中山路3段459號,10810000,1020624
4294,28057432,江古田實業有限公司,臺中市豐原區豐圳里豐社路169號,1050000,1020627
4296,28060921,于萱有限公司,臺中市太平區長安六街7號3樓,4000000,1020614
4301,28064291,萬向精密股份有限公司,臺中市南區樹德里復興北路431巷18號,60000000,1020614
4309,28075683,將同美食事業有限公司,臺中市南屯區田心里南屯路二段408號5樓之2,3000000,1020606
4311,28076888,双吉畜產有限公司,臺中市神岡區新庄里新興北路81號,25000000,1020627
4312,28077562,汶承實業有限公司,臺中市南屯區春社里嶺東路80巷23號1樓,500000,1020605
4314,28077893,存樸實業有限公司,臺中市龍井區國際街113號2樓,500000,1020624
4319,28084183,旻裕企業有限公司,臺中市太平區心光里樹德八街２０巷１５號１樓,3000000,1020604
4322,28087251,午陽資產管理股份有限公司,臺中市西屯區文心路三段159號3樓,400000000,1020605
4324,28088012,通祥工業有限公司,臺中市神岡區庄後里大圳路29-3號1樓,1000000,1020620
4332,28092901,峻盛企業有限公司,臺中市太平區東平路715巷11號1樓,600000,1020614
4344,28110507,鈺徠實業有限公司,臺中市西區中興里中美街228之2號3樓,500000,1020626
4358,28124072,瑞鎰紡織股份有限公司,臺中市清水區武鹿里平等東路16巷8號1樓,6000000,1020628
4363,28129891,康勝國際股份有限公司,臺中市西區民龍里臺灣大道2段220號5樓-1,10000000,1020610
4365,28131600,天璽工業有限公司,臺中市大安區東安里福東一路46巷3號,500000,1020624
4370,28135535,智拓網路有限公司,臺中市北區明德里太原南二街159號9樓之2,2000000,1020604
4371,28137421,豐漾企業有限公司,臺中市霧峰區吉峰里吉峰路100之3號1樓,5000000,1020628
4372,28138033,安翌工業有限公司,臺中市大肚區頂街里沙田路三段245巷81-31號,1000000,1020621
4374,28139407,冠興達實業有限公司,臺中市大里區仁愛路160巷137號1樓,5000000,1020625
4377,28141425,得霖企業有限公司,臺中市西屯區永安里永康街58號,530000,1020619
4379,28142705,松岩精研股份有限公司,臺中市霧峰區中正路1265巷12弄3號1樓,21975000,1020624
4380,28143036,瑞富廣告企劃有限公司,臺中市西屯區朝富路１７６號３樓,1000000,1020613
4384,28145581,邑宣國際開發有限公司,臺中市西屯區福雅里永福路22巷96號1樓,5000000,1020617
4385,28146152,華富昌科技有限公司,臺中市潭子區潭富路一段73號,5000000,1020618
4389,28147639,鼎越國際有限公司,臺中市北屯區平陽里綏遠路二段230號1樓,1000000,1020606
4399,28156279,誠寶房屋仲介有限公司,臺中市西屯區上石里青海路2段224號1樓,1000000,1020606
4404,28160766,啟順金屬有限公司,臺中市太平區興隆路1段41號,1800000,1020604
4406,28161168,熱帶國際貿易有限公司,臺中市東區大智路108-8號1樓,500000,1020605
4415,28167509,良嶸工程有限公司,臺中市太平區永成里永昌街34號1樓,1000000,1020614
4416,28167536,鉅竹工程有限公司,臺中市南屯區向上路三段33號6樓,1000000,1020610
4501,28230242,大典工業有限公司,臺中市烏日區光明里五光路846號,2000000,1020628
4535,28310499,精晟科技股份有限公司,臺中市梧棲區草湳里自強四街183號,15000000,1020606
4536,28310651,博宸企業有限公司,臺中市南屯區大業里大墩路830號2樓,2000000,1020610
4548,28320670,耐典實業有限公司,臺中市北區柳陽西街1-10號4樓,5000000,1020606
4551,28321067,燁新投資有限公司,臺中市西屯區惠來里文心一路168號6樓,28000000,1020628
4552,28323945,宇澤建設有限公司,臺中市豐原區西湳里20鄰豐原大道七段1號,25000000,1020626
4554,28324698,詠翊科技有限公司,臺中市潭子區東寶里大豐路一段188-9號,10000000,1020611
4560,28331614,立健機械科技股份有限公司,臺中市神岡區神岡里神岡路158之6號1樓,20000000,1020628
4563,28332872,昱程科技股份有限公司,臺中市大雅區秀山里科雅路36號1樓,91181360,1020624
4566,28334289,建發加油站有限公司,臺中市梧棲區頂寮里港埠路二段433號1樓,15000000,1020607
4569,28340542,百富工業有限公司,臺中市東區建仁街27號1樓,500000,1020613
4571,28341943,由非設計有限公司,臺中市龍井區藝術北街13號,1300000,1020613
4578,28345671,炁水生物科技有限公司,臺中市西區美村路一段743號3樓,1000000,1020620
4579,28346460,行動羽翼股份有限公司,臺中市南屯區豐樂里文心南五路36號,3000000,1020611
4581,28348523,馳寶科技股份有限公司,臺中市南屯區黎明東街90號,12960000,1020625
4591,28354643,九達國際人力股份有限公司,臺中市西屯區大墩20街116號5樓之2,10000000,1020617
4594,28359915,健研生物科技有限公司,臺中市西屯區成都路14號2樓,5000000,1020618
4602,28369580,尚昱資產鑑定有限公司,臺中市南屯區保安三街121號,5000000,1020605
4603,28371951,台灣數位光訊科技股份有限公司,臺中市梧棲區中華路一段1098號1樓,404088010,1020606
4606,28376647,松德鞋業貿易有限公司,臺中市北區賴興里天津路二段165號,1000000,1020628
4607,28377738,台灣保險代理人股份有限公司,臺中市大里區仁德里仁愛路16號1樓,3000000,1020613
4617,28384718,宥旭國際有限公司,臺中市西區公益里向上北路284巷7號1樓,20000000,1020617
4623,28390900,連線科技股份有限公司,臺中市大甲區武曲里大安港路208號2樓,10000000,1020626
4626,28391773,金坐特殊鋼股份有限公司,臺中市大里區健民里仁化工十二路129號,28000000,1020627
4629,28392891,易世股份有限公司,臺中市西區公正里向上南路1段166之8號,2322270,1020610
4631,28394125,泓電自動化有限公司,臺中市西屯區協和里工業區三六路38號,10000000,1020619
4633,28396708,碳能科技股份有限公司,臺中市烏日區學田路48號,194921700,1020625
4640,28404123,東保實業有限公司,臺中市西屯區永安里國安一路235巷2號,16000000,1020628
4641,28404622,來達國際行銷股份有限公司,臺中市北區賴村里學士路255號9樓,1000000,1020624
4643,28408113,健康村自然養生小鋪有限公司,臺中市北屯區文昌東五街39巷18號1樓,1500000,1020619
4702,28462609,泡泡書房出版有限公司,臺中市北屯區北京里7鄰進化北路24巷8弄6之4號,500000,1020603
4751,28503051,銳豐開發有限公司,臺中市西屯區何福里寧夏東六街49號7樓之5,3500000,1020603
4752,28503236,上邑工程有限公司,臺中市南屯區萬安街63號1樓,1000000,1020621
4757,28509323,品冠行銷股份有限公司,臺中市沙鹿區錦華街17號2樓,280000000,1020626
4762,28511046,銳陽工業有限公司,臺中市太平區永成里長億六街79巷93號1樓,10000000,1020628
4766,28512501,天醫生醫股份有限公司,臺中市北區賴村里學士路257號3樓,51090000,1020625
4772,28519027,大晟資產管理顧問有限公司,臺中市西屯區文心路3段241號22樓之2、23樓之2,5500000,1020607
4774,28519075,音寶國際股份有限公司,臺中市太平區溪洲西路28號1樓,10000000,1020628
4778,28521380,南賢工程有限公司,臺中市豐原區朴子里豐勢路二段1109號1樓,1000000,1020621
4779,28522775,江陸有限公司,臺中市西區五權西六街98號1樓,8000000,1020626
4786,28527151,琦玉國際有限公司,臺中市西屯區協和里工業區十路3號1樓,250000000,1020624
4791,28533421,華銳精機股份有限公司,臺中市神岡區神洲里4鄰大明路181巷11號,28200000,1020611
4797,28537566,力瑋建設股份有限公司,臺中市南區南平路296號5樓之3,10000000,1020625
4798,28538832,普羅香頌國際有限公司,臺中市北屯區綏遠路2段257號2樓,1000000,1020607
4799,28538967,鑫岳石材有限公司,臺中市梧棲區經二路1號,55000000,1020620
4802,28539918,金溢源企業有限公司,臺中市豐原區社皮里成功路169號5樓,1000000,1020610
4810,28543336,賢達紙業有限公司,臺中市南屯區永春東七路681之2號,10000000,1020607
4823,28557350,陶源茗有限公司,臺中市南區忠明南路758號17樓,5000000,1020626
4825,28558554,統一徵信有限公司,臺中市西區民龍里台中港路1段198號2樓之1,1000000,1020603
4833,28565035,華浩科技股份有限公司,臺中市大雅區中清路1段185號1樓,20000000,1020606
4836,28566386,勝詠銓股份有限公司,臺中市大里區仁化里工業路79巷29號,5000000,1020617
4842,28570446,酈豐營造有限公司,臺中市西屯區何安里青海路一段99號6樓,3000000,1020628
4843,28572275,志典金屬有限公司,臺中市梧棲區大庄里文明街31巷1號1樓,18000000,1020628
4850,28575907,馨穩企業有限公司,臺中市神岡區神洲里神洲路607號,8000000,1020619
4853,28579191,北鉅精機股份有限公司,臺中市南屯區春社里精科東路5之1號,88000000,1020627
4855,28580492,舜昕工業有限公司,臺中市外埔區大東里甲后路新城八巷1弄12號1樓,13000000,1020607
4857,28581035,亞媄國際有限公司,臺中市潭子區頭家東里11鄰中山路一段232號,1000000,1020619
4859,28582631,台灣惠蓀咖啡有限公司,臺中市西區華美街494號1樓,2000000,1020606
4861,28584309,金仕發拍賣有限公司,臺中市西區民生里綠川西街4號1樓,5000000,1020620
4868,28590111,士燿國際股份有限公司,臺中市西屯區市政路386號18樓之6、之7、之8,25000000,1020614
4916,28626645,銍晟機電工程有限公司,臺中市梧棲區草湳里自強二街28巷46號1樓,6000000,1020627
4917,28627460,永民金屬鐵作有限公司,臺中市烏日區烏日里五光路１０５８巷１３號,1000000,1020626
4921,28630964,久富鑫工業有限公司,臺中市烏日區烏日里中山路二段48號1樓,1000000,1020613
4926,28634997,堃詥實業有限公司,臺中市龍井區龍津里三港路310號,5890000,1020603
4927,28637468,恩迪恩有限公司,臺中市南屯區文心路一段46-8號1樓,1000000,1020604
4930,28638902,卜力寶有限公司,臺中市豐原區翁社里豐年路109巷65號1樓,6000000,1020618
4935,28643709,新玉實業股份有限公司,臺中市神岡區溪洲里2鄰神洲路772號,5000000,1020619
4936,28643784,沛美生醫科技股份有限公司,臺中市霧峰區吉峰路112號,60000000,1020628
4938,28645299,尚舜科技有限公司,臺中市大安區中庄里南埔路78巷68號1樓,5000000,1020625
4946,28649979,浩志科技有限公司,臺中市北屯區東山路1段238巷12號1樓,2000000,1020606
4950,28651910,馬力強有限公司,臺中市豐原區南陽里南陽路301巷17號,10000000,1020624
4952,28652116,茂益紙業有限公司,臺中市大里區西湖里草湖路217號,600000,1020611
4958,28655562,牙博士口腔衛生用品有限公司,臺中市西區民龍里文化街156號地下層之2,1000000,1020607
4964,28660690,亞能聚科技有限公司,臺中市潭子區大豐里潭富路二段288號,6000000,1020619
4965,28662091,佳禾人力仲介有限公司,臺中市北屯區興安路2段142巷41號1樓,7000000,1020614
4971,28664653,伊生坊有限公司,臺中市豐原區南陽里永康路211巷86號7樓,1500000,1020628
4973,28666744,萬宏國際事業有限公司,臺中市西屯區何厝里四川路87巷80號1樓,1000000,1020626
4977,28670402,瑞登生物科技有限公司,臺中市南屯區文心路一段186號10樓之7,5000000,1020627
5065,28722859,騏瑞有限公司,臺中市豐原區南陽路59巷73號1樓,1000000,1020607
5066,28724619,何興企業股份有限公司,臺中市大雅區四德里雅環路一段116號,1000000,1020614
5074,28734525,騰煬企業有限公司,臺中市豐原區東湳里角潭路二段195巷2號,3000000,1020628
5084,28745662,源承企業股份有限公司,臺中市南區愛國街29號1樓,17000000,1020627
5089,28750496,三友精工有限公司,臺中市梧棲區頂寮里12鄰大仁路二段277巷28號4樓之8,1000000,1020620
5090,28751214,厚昌菸酒有限公司,臺中市東區東勢里精武路161號1樓,1000000,1020606
5093,28752121,宏福樂活股份有限公司,臺中市南屯區工業區二十六路2號,12000000,1020610
5095,28752608,永順發房屋建設有限公司,臺中市南屯區精誠路674號,10000000,1020604
5099,28760543,蕎美國際貿易股份有限公司,臺中市太平區新坪里育仁路110巷8弄6號1樓,500000,1020624
5103,28764626,銘菘磚業有限公司,臺中市潭子區福仁里大新路1之56號1樓,2000000,1020604
5105,28766265,展鐸實業有限公司,臺中市太平區中山路一段183號1樓,3000000,1020624
5109,28767124,互瑞生技股份有限公司,臺中市北屯區四平路51巷7號,6000000,1020611
5114,28774342,玖國貿易有限公司,臺中市北區賴厝里綏遠路一段26號7樓之6,13800000,1020628
5117,28776720,立崴石材有限公司,臺中市大甲區中山里水源路452巷17弄1號1樓,500000,1020619
5121,28779199,長隆發工程有限公司,臺中市龍井區田中里龍北路176號,500000,1020605
5128,28786847,廉正行銷顧問有限公司,臺中市北屯區平順里昌平路一段400號9樓之2,1000000,1020613
5131,28788795,威利達有限公司,臺中市太平區平安里太平六街53號,760000,1020624
5132,28789078,必力肯投資股份有限公司,臺中市大里區仁化里工業11路147號1樓,16000000,1020611
5141,28795965,聯積砂石實業有限公司,臺中市太平區中山路2段107巷2弄22號1樓,10000000,1020605
5142,28796140,騰煬冷凍食品有限公司,臺中市東勢區福隆里福昌街56巷2號,2500000,1020618
5143,28796697,永隆精密有限公司,臺中市大肚區福山里沙田路1段428巷91號,5000000,1020628
5145,28798392,添達有限公司,臺中市北屯區平興里平興街60號1樓,500000,1020611
5155,28808666,后豐商務會館股份有限公司,臺中市神岡區豐洲里五權路128號2至7樓,15950000,1020611
5160,28810425,金腦博士實驗室有限公司,臺中市東區旱溪東路一段347號,12000000,1020619
5166,28816791,廣晟工程有限公司,臺中市烏日區前竹里光明路157巷32號1樓,5000000,1020610
5168,28819782,加恩精密有限公司,臺中市大里區健民里鳳凰路164巷41弄30-5號,500000,1020617
5188,28832130,正洋資訊顧問有限公司,臺中市豐原區豐田里田心路2段145巷16號,500000,1020604
5246,28870529,東帝遊覽車客運有限公司,臺中市龍井區東海里藝術北街133號1樓,50000000,1020626
5253,28876544,和長鴻企業有限公司,臺中市太平區新興路233號1樓,1000000,1020628
5255,28878141,廣泰展業有限公司,臺中市龍井區忠和里台西南路212號,120000000,1020628
5257,28879824,永恆欣業有限公司,臺中市北區金龍里10鄰德化街81號1樓,1000000,1020606
5260,28881589,得立精密有限公司,臺中市大里區東興里東榮路442-11號,1000000,1020624
5262,28883221,配穎科技有限公司,臺中市西區後龍里民權路233之3號1樓,1000000,1020619
5264,28883587,時位空間設計有限公司,臺中市西屯區何德里漢口路二段151號11樓之9,1000000,1020605
5269,28888582,大東開發有限公司,臺中市西區忠誠里華美西街一段142號6樓之3,500000,1020603
5279,28899764,星海生物科技有限公司,臺中市東區東橋里建功街65號1樓,5000000,1020619
5290,28906478,台科發生技股份有限公司,臺中市東勢區北興里豐勢路513號1樓,25000000,1020606
5303,28920149,天馬健康產業股份有限公司,臺中市南區福新街12之1號,87883630,1020614
5304,28922603,展康國際有機股份有限公司,臺中市太平區永成里永富街110號1樓,1000000,1020614
5309,28924335,鈺瓏有限公司,臺中市太平區中山路三段67巷62弄1號1樓,2000000,1020625
5310,28924481,達利鴻精機股份有限公司,臺中市沙鹿區南勢里鎮南路2段55巷130號1樓,26000000,1020621
5312,28925475,雷尼紹股份有限公司,臺中市南屯區文心路一段218號18樓之1,3000000,1020625
5313,28926214,菁智科技股份有限公司,臺中市北區太原南二街159號9樓之1,20000000,1020611
5315,28926903,富安琦實業有限公司,臺中市豐原區中陽里豐陽路52號6樓之3,500000,1020606
5317,28927662,鋥祥工業有限公司,臺中市太平區興隆里光興路1266巷131弄28號,2000000,1020605
5323,28933019,全球餐飲發展有限公司,臺中市北區崇德路一段256巷3-48號5樓,500000,1020610
5327,28935163,娟妮斯手工香皂設計有限公司,臺中市大里區益民路２段５７巷５１號１樓,500000,1020618
5330,28936634,尊溢國際股份有限公司,臺中市神岡區岸裡里大豐北街52巷5號1樓,1000000,1020614
5333,28942410,行國冷凍空調科技有限公司,臺中市北屯區東山路一段123巷29號1樓,3000000,1020604
5336,28943902,金長宏興業有限公司,臺中市大里區工業路宏巨2巷2弄51號1樓,1000000,1020606
5340,28945628,樺欣建設有限公司,臺中市太平區大興六街92巷8號1樓,12000000,1020603
5344,28947864,創意組合科技有限公司,臺中市西區大隆路21號1樓,3000000,1020628
5353,28953979,榮泰蘭藝股份有限公司,臺中市南區大慶街一段257-8號1樓,3000000,1020621
5356,28954457,日日順工程有限公司,臺中市烏日區仁德街２巷８號１樓,1000000,1020603
5359,28955511,和光國際企業有限公司,臺中市南屯區河南路4段488之2號10樓,500000,1020625
5361,28957124,崴振五金有限公司,臺中市烏日區溪埧里溪南路１段４８０號,6000000,1020603
5362,28958215,醫舟管理顧問股份有限公司,臺中市北區五權路377號2樓,48000000,1020619
5369,28962203,鴻海醫療器材股份有限公司,臺中市潭子區頭張路2段75號8樓,5000000,1020611
5380,28967018,創頡精密工業有限公司,臺中市太平區太平里永豐路永新巷20號1樓,1200000,1020626
5405,28999779,英屬維京群島商永盛置業股份有限公司,臺中市西區英才路530號20樓之2,5000000,1020625
5481,29054118,品觀國際事業有限公司,臺中市潭子區大通街93巷87弄42-1號,500000,1020607
5521,29082557,展猷實業股份有限公司,臺中市霧峰區南柳里霧工一路66號,50000000,1020619
5526,29085323,久福營造有限公司,臺中市北屯區水景里景和東街２２８號１樓,20000000,1020613
5532,29091346,苰文企業有限公司,臺中市大里區練武路５３巷２０號1樓,500000,1020628
5533,29093203,蜂彩衣究有限公司,臺中市北區錦洲里國泰街88號4樓之2,500000,1020611
5534,29094553,龍潭路實業有限公司,臺中市大里區新仁里新仁七街３之１號１樓,18250000,1020619
5536,29095005,崴芳國際有限公司,臺中市西屯區文心路3段297號2樓,500000,1020618
5537,29095384,品匠屋股份有限公司,臺中市西屯區潮洋里朝富二街20號1樓,1000000,1020621
5546,29099327,利益得有限公司,臺中市西屯區工業區八路19號及19號之1,500000,1020607
5559,29108374,宏興鞋材有限公司,臺中市沙鹿區三鹿里保成路198巷82號,1000000,1020614
5562,29109752,宏茂工程有限公司,臺中市南屯區文心路一段186號4樓之8,10000000,1020628
5567,29112124,羿東精密工業有限公司,臺中市南屯區春社里永春南路430巷68-5號1樓,2000000,1020603
5568,29112314,泰和光電股份有限公司,臺中市西屯區工業區七路15號,76810000,1020614
5574,29117373,伊肯多媒體整合行銷有限公司,臺中市西屯區何成里文心路二段566之13號21樓之1,250000,1020618
5575,29117922,觀察者科技股份有限公司,臺中市南屯區文心南三路725號之13號2樓,50000000,1020617
5579,29119196,展萬建設有限公司,臺中市大里區立德里立中街25號1樓,15000000,1020620
5581,29119365,昱成消防工程有限公司,臺中市南屯區永定里黎明路2段21巷26號,5000000,1020611
5583,29119766,潔塵拭有限公司,臺中市南屯區三義里市政南二路161號,1000000,1020617
5584,29120172,網新投資股份有限公司,臺中市西屯區文心路三段159號6樓,1000000,1020605
5585,29120314,全聖投資股份有限公司,臺中市西屯區文心路3段159號4樓,1000000,1020605
5594,29124825,綠野藝術設計有限公司,臺中市大里區新里里德芳路2段11號1樓,1000000,1020604
5677,29172895,順酆國際股份有限公司,臺中市南屯區大墩四街490號1樓,5000000,1020607
5695,29182660,森勁電力股份有限公司,臺中市西屯區中科路1號,263700000,1020613
5766,33759790,友彰交通股份有限公司,臺中市大肚區遊園路二段170巷55號1樓,28800000,1020624
5866,35552226,龍門煤氣有限公司,臺中市北屯區大連北街24巷53號1樓,500000,1020603
5970,45910546,瑞助營造股份有限公司,臺中市西區台中港路1段160-1號36樓,460719500,1020625
6005,51008342,水湳交通有限公司,臺中市西屯區安和路27之17號1樓,3000000,1020611
6007,51073906,大豐麵粉廠股份有限公司,臺中市東區東光園路345號,60840000,1020604
6008,51074905,三櫻企業股份有限公司,臺中市梧棲區草湳里經三路47號,444985000,1020628
6009,51083735,中國之友股份有限公司,臺中市龍井區新東里遊園南路249號一樓,5000000,1020617
6010,51230151,全安交通事業股份有限公司,臺中市西屯區安和路27之17號1樓,3500000,1020613
6011,51280905,年豐棧企業股份有限公司,臺中市西屯區協和里工業八路2號,46500000,1020607
6012,51436203,立忠交通事業有限公司,臺中市北區建德里國強街10號1樓,2500000,1020628
6013,51479700,南洋交通有限公司,臺中市西屯區安和路27之17號1樓,4000000,1020613
6014,51622662,勝武煤氣有限公司,臺中市北屯區后庄七街136巷30號1樓,1200000,1020627
6015,51625437,偉利紙業股份有限公司,臺中市南屯區大墩十街262號20樓之1,17000000,1020624
6016,51652709,盛香堂股份有限公司,臺中市南區建國南路1段112號,95768000,1020626
6017,51673015,復新煤氣有限公司,臺中市西區三民西路43號一樓,800000,1020628
6018,51681606,順榮貿易股份有限公司,"臺中市東區仁和路463之3,之4號1樓",29000000,1020618
6019,51710996,源昌木業製材股份有限公司,臺中市西區臺灣大道二段489號27樓之1,104000000,1020619
6020,51798508,源豐精密科技股份有限公司,臺中市西屯區林厝里福雅路679號,140000000,1020620
6021,51808750,臺中實業股份有限公司,臺中市西區自由路1段101號13樓之3,60000000,1020627
6022,51813607,臺中氧氣股份有限公司,臺中市南區復興路1段57號,10000000,1020628
6023,51815801,瑞岱企業股份有限公司,臺中市東區復興路4段301號2樓,3500000,1020606
6024,51871205,臺灣化學板股份有限公司,臺中市南區復興路二段79-2號1樓,220000000,1020625
6025,51932266,藍天不動產租賃股份有限公司,臺中市中區公園里市府路65號1樓,4000000,1020618
6026,51968518,寶島大飯店股份有限公司,臺中市中區中山路27號,18000000,1020627
6027,52205118,理想汽車租賃事業有限公司,臺中市北屯區崇德三路57號1樓,4000000,1020624
6028,52207208,明高工程股份有限公司,臺中市西區博館路279號,102944210,1020610
6029,52212217,主新德科技股份有限公司,臺中市大雅區科雅2路6號,261000000,1020619
6030,52215919,立大木業股份有限公司,臺中市西屯區大河里福上巷130號,6000000,1020603
6031,52222480,春雨企業股份有限公司,臺中市神岡區神岡里神圳路32號,21000000,1020621
6032,52224403,金門運輸股份有限公司,臺中市沙鹿區埔子里臺灣大道六段226號,10000000,1020618
6033,52240380,中帥交通事業有限公司,臺中市西屯區安和路27之17號1樓,2000000,1020613
6034,52241923,中航交通有限公司,臺中市西屯區安和路27之17號1樓,2000000,1020611
6035,52246011,中華塑合板工業股份有限公司,臺中市西區忠明南路100號,60000000,1020625
6036,52250838,大發塗料股份有限公司,臺中市中區平等街69號,10000000,1020613
6037,52260152,培力藥品工業股份有限公司,臺中市西屯區工業區六路11號,115840000,1020624
6038,52268915,久隆汽車貨運股份有限公司,臺中市南區城隍里忠孝路139號3樓,20000000,1020628
6039,52276393,又興環保工程有限公司,臺中市北屯區三和里東光路858號,500000,1020613
6041,52282450,漢寶農畜產企業股份有限公司,臺中市烏日區中山路3段102號2樓,360000000,1020607
6042,52332043,台中液化石油氣分裝場股份有限公司,臺中市沙鹿區埔子里台灣大道六段226號,29800000,1020618
6043,52354355,元晟電化有限公司,臺中市北屯區進化北路12號1樓,5000000,1020614
6044,52366676,三豐爐業有限公司,臺中市西區昇平里民生路449號,5000000,1020618
6045,52384098,明祿工業股份有限公司,臺中市太平區新仁路一段22巷65號,5000000,1020624
6046,52430059,立堡企業有限公司,臺中市南區建成路1199號,5000000,1020603
6047,52438046,弘達儀器股份有限公司,臺中市西屯區協和里工業區十一路17號,80000000,1020604
6048,52444618,台灣賓士化工股份有限公司,臺中市南區樹德里7鄰建國南路1段110號,34600000,1020627
6049,52449493,瑞駿企業股份有限公司,臺中市北區剪祥里進化路５７５號２樓之１,10000000,1020606
6050,52456634,瑞易企業股份有限公司,臺中市南屯區永定里南屯路二段七○一號,7000000,1020627
6051,52471023,省力企業有限公司,臺中市南區新華街186號1樓,5000000,1020610
6052,52480867,美傑環保股份有限公司,臺中市北屯區水湳里麻園西街92號1樓,15000000,1020605
6053,52509512,元扶企業股份有限公司,臺中市霧峰區峰谷路668號,180000000,1020613
6055,52537432,弘岱實業股份有限公司,臺中市霧峰區南柳里霧工六路1號2樓,5000000,1020610
6056,52539092,祥賀實業股份有限公司,臺中市西區公平里精誠路105之1號八樓之1,25000000,1020606
6057,52539488,詰泰機械股份有限公司,臺中市烏日區螺潭里慶光路80之30號,12000000,1020607
6058,52549681,陸誼實業股份有限公司,臺中市西區民龍里台中港路1段255號8樓1室,10000000,1020607
6059,52567322,大昌電熱有限公司,臺中市太平區宜欣里仁和街33-1巷9弄16號1樓,5000000,1020611
6060,52577320,磐龍液壓工業有限公司,臺中市北屯區崇德二路二段141號1樓,29000000,1020617
6061,52590175,拓凱實業股份有限公司,臺中市南屯區工業區20路18號,819000000,1020624
6063,52623416,仲泰精密科技股份有限公司,臺中市西屯區中清路197之19號1樓,13000000,1020610
6064,52634820,平安交通事業有限公司,臺中市西屯區安和路27之17號1樓,3000000,1020611
6065,52657739,佳益帆布有限公司,臺中市西屯區港尾里中清路180巷50弄13號1樓,7000000,1020627
6066,52669284,建安商業機器有限公司,臺中市東區建中街124號1樓,3000000,1020614
6067,52670825,利真實業有限公司,臺中市南區積善里興大路396巷60號1樓,1000000,1020626
6068,52753108,百容電子股份有限公司,臺中市南屯區寶山里工業區25路20號,1133338070,1020625
6069,52784171,邦泰複合材料股份有限公司,臺中市潭子區豐興路2段龍興巷23號之6,2019021070,1020619
6070,52809927,偉孚興業股份有限公司,臺中市西屯區協和里工業區五路4號,81639480,1020611
6071,52810121,正元造林股份有限公司,臺中市西屯區惠來里臺中港路二段78之10號3樓,10000000,1020618
6072,52811070,政翔精密股份有限公司,臺中市西屯區台中港路2段128之3號13樓之2,402488480,1020626
6073,52815548,台灣福曼莎股份有限公司,臺中市西屯區中清路201之1號,20000000,1020619
6074,52854204,照鴻貿易有限公司,臺中市西區廣民里自治街7號1樓,10000000,1020619
6075,52858270,志輝塑膠股份有限公司,臺中市大里區瑞城里中興路一段２巷８１弄１０１號,5000000,1020607
6076,52875123,台杰股份有限公司,臺中市南區復興路二段79-1號1樓,29880000,1020628
6077,52892072,原山花邊鈕扣有限公司,臺中市西區大忠南街91號1樓,5000000,1020610
6078,52899981,捷安鋼鐵有限公司,臺中市太平區德隆里工業18路8號,73800000,1020613
6080,52928016,頂味香股份有限公司,臺中市西屯區福恩里台中港路三段181號,2400000,1020611
6081,52944661,永友全電熱設備股份有限公司,臺中市烏日區仁德里信義街359巷18號1樓,5000000,1020614
6082,52947745,先佑企業股份有限公司,臺中市南區和平里五權南路499號1樓,10000000,1020618
6087,53004906,永信國際投資控股股份有限公司,臺中市大甲區中山路1段1191號,2537361750,1020628
6089,53007158,薩摩亞商崴瑞開發有限公司,臺中市西區精誠二十街10號6樓,0,1020624
6108,53030046,聚合鑫創意整合行銷有限公司,臺中市北區太原路三段78之11號,3000000,1020603
6113,53034042,營隊王創意事業有限公司,臺中市豐原區頂街里向陽路33號1樓,2000000,1020611
6114,53034107,聯捷系統有限公司,臺中市西屯區港尾里中清路154巷40號地下室,5000000,1020605
6119,53037478,平成建設股份有限公司,臺中市北區明德里太原北路130號4樓之1,1000000,1020607
6125,53039118,羽翔精密有限公司,臺中市北屯區松茂里松竹二路160巷6之3號7樓,3000000,1020620
6127,53039638,沅倢藥業有限公司,臺中市烏日區湖日里榮泰街153號,1000000,1020607
6132,53040804,鈺盛全球工業有限公司,臺中市大雅區秀山里上山路211號,3200000,1020628
6133,53041228,巨燊生技國際有限公司,臺中市西屯區何南里大墩20街118號4樓之2,20000000,1020606
6134,53041521,期崧有限公司,臺中市西區忠誠里忠明路74巷1弄6號3樓,1000000,1020606
6136,53043470,侑禾工程有限公司,臺中市北屯區景賢南一路79號1樓,880000,1020619
6138,53043611,吉維那環保科技股份有限公司,臺中市大里區西湖路189號,100000000,1020618
6140,53044506,九鼎保全股份有限公司,臺中市西屯區市政北二路312號1-4樓,40000000,1020610
6144,53046835,展銳股份有限公司,臺中市南屯區惠中路三段69號10樓,1000000,1020619
6149,53048926,采豐生技貿易有限公司,臺中市北屯區平福里安順東七街69號1樓,500000,1020606
6155,53052532,大方廣興業有限公司,臺中市大里區西湖里1鄰大峯路130巷15號1樓,1000000,1020607
6159,53054519,煌翔廚具股份有限公司,臺中市潭子區大富路二段12之10號1樓,5000000,1020621
6160,53054829,尚記不動產經紀有限公司,臺中市西屯區臺灣大道二段767號1樓,1000000,1020603
6163,53055637,瑞法貿易有限公司,臺中市南屯區大興里大墩一街57巷7號1樓,5500000,1020621
6164,53056397,尚郁企業管理顧問有限公司,臺中市西區華美街63號,1000000,1020613
6165,53056452,東方美建設股份有限公司,臺中市豐原區豐原大道5段1號3樓,10000000,1020606
6166,53056707,祥博開發股份有限公司,臺中市西屯區台中港路二段60之8號8樓之5,21110000,1020603
6171,53059660,華美林有限公司,臺中市梧棲區大村里文明街242巷33弄14號1樓,600000,1020627
6172,53059866,阡群開發股份有限公司,臺中市南屯區文山里文山五街150號,5000000,1020614
6177,53061878,華敬樂活股份有限公司,臺中市北區頂厝里崇德路一段631號17樓之1,10000000,1020628
6179,53062095,采威品牌形象設計有限公司,臺中市南屯區溝墘里大墩十四街310巷20號1樓,500000,1020624
6182,53064827,品信營造廠有限公司,臺中市北區北平路1段85號2樓,6000000,1020604
6190,53067161,沅田科技有限公司,臺中市潭子區得天南街51巷2號,2000000,1020610
6191,53068181,天璽國際企業有限公司,臺中市西屯區至善里青海路2段331號1樓,5000000,1020607
6193,53069098,鉅亨不動產有限公司,臺中市豐原區社皮里成功路363號1樓,600000,1020624
6195,53070102,愛家精品旅店股份有限公司,臺中市梧棲區大仁路二段291巷10號,55000000,1020620
6201,53073353,元旺不動產經紀有限公司,臺中市沙鹿區福興里鎮南路二段123號,300000,1020620
6204,53073902,台童有限公司,臺中市大里區塗城路304巷28弄12號,500000,1020606
6206,53074064,鴻銘自動化科技股份有限公司,臺中市大里區大元里國中一路70號,3000000,1020614
6208,53074780,瀚詠企業有限公司,臺中市西屯區潮洋里河南路三段120號3樓,2000000,1020603
6216,53077800,精豐興業有限公司,臺中市南屯區田心里向心路64號,3000000,1020625
6219,53078651,嘉勝股份有限公司,臺中市神岡區圳堵里成功路251號,6000000,1020626
6220,53078694,傑得教育事業有限公司,臺中市北屯區崇德路2段128號13樓之3,1100000,1020625
6348,53129321,佑誠電子股份有限公司,臺中市北區健行里忠明路424地下1層之2號,10000000,1020611
6349,53130360,鑫永進橡膠科技有限公司,臺中市豐原區社皮里中正路898號,5000000,1020610
6350,53130713,億泰特殊鋼股份有限公司,臺中市大里區仁化工十二路129號2樓,1000000,1020627
6355,53131847,棨翔數位娛樂有限公司,臺中市南區和平里東興路一段20號21樓之3,10000000,1020618
6357,53133042,大喜不動產有限公司,臺中市東區泉源里建成路342之2號2樓,888888,1020611
6358,53133654,紫盛科技有限公司,臺中市南屯區春社里忠勇路12之1之1號,1000000,1020613
6359,53134611,鑫利興實業有限公司,臺中市西屯區何厝里漢口路一段37號2樓,3000000,1020604
6364,53137011,比恩德科技有限公司,臺中市北屯區平興里遼寧路一段51巷48號,3000000,1020628
6366,53137552,陽晟物業管理顧問有限公司,臺中市北區明新里太原路一段532號10樓之2,200000,1020619
6369,53139284,客德企業有限公司,臺中市大里區仁德里四育街36號,3000000,1020610
6371,53140732,三賀有限公司,臺中市大里區益民路二段301號2樓,3000000,1020610
6373,53141824,瑪琪亞朵有限公司,臺中市西屯區工業區九路10號1樓,6000000,1020625
6375,53142491,震澤精密機械股份有限公司,臺中市北屯區和福路115號1樓,30000000,1020611
6376,53143013,發翔廣國際有限公司,臺中市北屯區北屯路439之17巷6號1樓,2200000,1020614
6377,53143273,亞倫科技工程有限公司,臺中市太平區永隆里光興路401巷30弄9號,5000000,1020611
6379,53143999,讚美開發實業有限公司,臺中市北區錦祥里德化街25號1樓,3000000,1020619
6380,53144580,和奕醫療器材有限公司,臺中市烏日區九德里長春街496巷13號1樓,3285888,1020618
6381,53144673,程邦鑫有限公司,臺中市太平區振武路162號1樓,3000000,1020611
6383,53144929,護仕實業有限公司,臺中市西屯區上安里上安路18巷1號3樓之3,3000000,1020626
6386,53146763,樂泉興業有限公司,臺中市太平區德隆里光德路141號,8000000,1020619
6388,53147361,臺灣快樂傳動工業有限公司,臺中市太平區平安里永豐路永新巷15號,3000000,1020617
6390,53147398,誠燁實業有限公司,臺中市北屯區水湳里文心路四段83號14樓,5000000,1020628
6394,53149678,正昌能源有限公司,臺中市霧峰區本堂里樹仁路151巷5號1樓,6000000,1020611
6396,53149987,紳秝實業有限公司,臺中市南區工學一街179巷10號1樓,5000000,1020617
6397,53150180,金聖泰科技有限公司,臺中市南屯區春社里精科東路5之1號,28500000,1020627
6398,53151701,綠芽影音有限公司,臺中市西屯區忠義街73號10樓之2,3000000,1020604
6402,53153948,三棲聯合工程有限公司,臺中市北屯區軍功路二段260號1樓,1000000,1020611
6404,53154427,新倚食品有限公司,臺中市南屯區楓樹里楓樹六街175號,500000,1020628
6414,53159627,第一聯科股份有限公司,臺中市西區公德里精誠二十五街2號底層A904,3000000,1020606
6415,53160357,智信網路科技有限公司,臺中市東區東南里自強南街6巷2號5樓之2,605000,1020627
6417,53161052,台灣綠能開發股份有限公司,臺中市南屯區大墩十二街383號1樓,20000000,1020607
6425,53166943,吉威精密冷凍科技有限公司,臺中市大里區德芳路一段88巷21號1樓,1000000,1020614
6427,53168105,昆祐建設有限公司,臺中市西區東興路三段160號11樓之3,25000000,1020628
6429,53169316,林武湖樂器有限公司,臺中市大里區國光里德芳南路461號1樓,1000000,1020605
6433,53171278,帕波帝國際股份有限公司,臺中市西區吉龍里五權五街151號4樓之7,10000000,1020624
6436,53174465,大東機械工程有限公司,臺中市西屯區潮洋里朝貴一街140號1樓,1200000,1020621
6437,53174958,台灣福薪股份有限公司,臺中市南屯區豐樂里文心南五路662號1樓,2000000,1020628
6460,53188003,中華商城工商網業有限公司,臺中市西屯區文華路52號,200000,1020613
6585,53261073,萬軍開發有限公司,臺中市西屯區何成里大墩十八街183號3樓之1,6000000,1020607
6587,53263451,詩逸有限公司,臺中市西區民龍里梅川西路二段17號1樓,600000,1020619
6588,53264894,全曜儀器有限公司,臺中市西屯區工業區一路98巷33弄25號1樓,1000000,1020605
6598,53269928,盛採堂本草生技有限公司,臺中市西區民龍里文化街156號地下層之2,200000,1020627
6599,53270164,鑫宏展國際股份有限公司,臺中市南區和平里忠明南路760號9樓,10000000,1020626
6601,53271179,騰躍投資股份有限公司,臺中市南區和平里忠明南路760號9樓,10000000,1020627
6603,53271614,可奇國際有限公司,臺中市西區昇平里忠明南路303號4樓之1,4000000,1020611
6604,53271754,宏悅工程有限公司,臺中市大安區福住里東西五路138巷33號1樓,2000000,1020603
6607,53274345,天文海船務代理有限公司,臺中市梧棲區頂寮里臨港路三段762號9樓,11000000,1020610
6608,53274485,金順吉貿易有限公司,臺中市西屯區福中里天保街150巷56號2樓,5000000,1020604
6610,53276821,欣超國際事業股份有限公司,臺中市西區忠明里博館路117號8樓之1,11000000,1020610
6611,53277645,台灣嘉能氣體科技有限公司,臺中市西屯區至善里1鄰西屯路2段293巷42號,5000000,1020603
6616,53278911,鴻聖金屬有限公司,臺中市大里區大里里東里路20巷30號1樓,500000,1020619
6623,53280613,辰康生物科技有限公司,臺中市烏日區前竹里中山路一段和平巷132號2樓,1000000,1020628
6625,53281140,士威國際有限公司,臺中市大里區國中路178號,1400000,1020627
6626,53282788,志駿工業有限公司,臺中市烏日區北里里太明路35-2號,8000000,1020620
6629,53283463,家葳企業有限公司,臺中市大里區長榮里益民路二段230巷3號1樓,1000000,1020605
6630,53283597,傣燒燒烤屋有限公司,臺中市西區中興里美村路一段248號1樓,200000,1020618
6632,53286834,高屏矽能電力股份有限公司,臺中市西屯區台中港路二段128-2號8樓之5,177500000,1020627
6638,53290773,錫發有限公司,臺中市大里區大元里國中一路46巷48號,1000000,1020607
6643,53293878,魔方數位有限公司,臺中市龍井區東海里藝術南街3巷15號2樓,3100000,1020628
6644,53293906,達美國際物流事業股份有限公司,臺中市北區頂厝里進化北路336巷8號1樓,5000000,1020604
6645,53294813,日立光電有限公司,臺中市北區錦祥里育興街26號1樓,1000000,1020620
6647,53295025,艾可特國際貿易有限公司,臺中市北屯區瀋陽路一段82之4號1樓,1030000,1020611
6648,53295833,精誠不動產股份有限公司,臺中市北區建興里學士路296號1樓,1000000,1020624
6650,53296312,品道國際有限公司,臺中市南屯區楓樹里楓樹西一街1之7號2樓,4500000,1020625
6652,53296657,振順科技企業有限公司,臺中市神岡區東洲路247巷49之2號,3000000,1020626
6653,53297255,歡喜天地工程股份有限公司,臺中市清水區清水里光華路90號2樓,8800000,1020626
6657,53300245,愛多力有限公司,臺中市西屯區西林巷62號1樓,2480000,1020606
6659,53302546,富群工程顧問有限公司,臺中市南屯區三厝里黎明東街160之7號1樓,3000000,1020626
6663,53303860,英普隆科技股份有限公司,臺中市大里區大元里國光路1段3號1樓,3600000,1020618
6664,53304164,綠立生醫國際股份有限公司,臺中市南區長榮里復興路三段314號2樓,5666000,1020628
6665,53304755,和康建設股份有限公司,臺中市北屯區松和里松和街115號1樓,1000000,1020624
6669,53306141,紅皇后股份有限公司,臺中市北屯區平心里文心路四段669號3樓之3,6000000,1020626
6670,53306867,捷美精密工業有限公司,臺中市潭子區東寶里大豐路一段240號,15000000,1020619
6723,53325484,友享股份有限公司,臺中市西區民龍里台灣大道二段220號8樓,6300000,1020628
6813,53359701,金宥不動產有限公司,臺中市西屯區福星路120號1樓及122號1、2樓,1000000,1020625
6814,53360377,益田建材有限公司,臺中市后里區義里里甲后路197號1樓,10000000,1020605
6815,53360572,翰集林不動產股份有限公司,臺中市南屯區三厝里惠中路三段82號,4459000,1020621
6817,53361798,水雲端股份有限公司,臺中市西屯區潮洋里青海南街159號,100000000,1020619
6821,53363959,碩億不動產經紀有限公司,臺中市北區建興里健行路418號1樓,1000000,1020628
6824,53365083,耀輝不動產有限公司,臺中市北區三民路三段210-15號1樓,3500000,1020625
6829,53367765,艾樂瑪餐飲有限公司,臺中市西區忠明里健行路1001-1號,1000000,1020614
6833,53370184,天下傳動科技股份有限公司,臺中市大里區大元里國光路一段206-10號,127110000,1020613
6836,53372275,銓達精密科技股份有限公司,臺中市太平區德隆里工業14路8號,100000000,1020627
6843,53374225,綠祚生技有限公司,臺中市西屯區漢口路二段151號9樓之9,10000000,1020603
6845,53376841,上桓資訊有限公司,臺中市西區後龍里福龍路街16號1樓,5000000,1020627
6847,53378257,百雲科技有限公司,臺中市南屯區文心南七路210號1樓,1250000,1020625
6849,53378518,台灣百度人力資源管理顧問有限公司,臺中市大雅區橫山里永和路112-6號1樓,15000000,1020628
6853,53380134,北屯路加油站有限公司,臺中市北區金龍里北屯路39號,5000000,1020621
6854,53380423,爺特國際有限公司,臺中市大里區長榮里大里路59-5號1樓,2100000,1020605
6856,53380731,飛特威訊股份有限公司,臺中市北區頂厝里永興街226號1樓,2000000,1020610
6858,53381204,翔創企業有限公司,臺中市西區忠明里館前路16號25樓之3,5000000,1020604
6860,53382061,家和通商有限公司,臺中市太平區光隆里光興路597巷26號1樓,100000,1020619
6869,53389579,基石投資有限公司,臺中市西屯區福和里福安三街19-1號1樓,10000000,1020617
6871,53389825,世康生技有限公司,臺中市潭子區東寶里大富路一段80-8號,10000000,1020606
6873,53390225,唐舍空間規劃股份有限公司,臺中市西屯區長安路一段46巷29號1樓,300000,1020611
6874,53390837,合億資訊股份有限公司,臺中市太平區光華里大興路435號1樓,1000000,1020613
6876,53391028,京誠股份有限公司,臺中市西屯區惠來里文心路3段47號,15420000,1020617
6880,53392639,童馨國際事業有限公司,臺中市南區工學路146巷5號1樓,5000000,1020625
6881,53393047,承勁科技有限公司,臺中市東勢區石城街石山巷58之12號1樓,5000000,1020618
6885,53395354,京廣營造有限公司,臺中市西屯區永福路21巷6號,3000000,1020613
6888,53395875,杰瑪股份有限公司,臺中市大肚區王田里沙田路1段208巷60號,50000000,1020628
6891,53397867,二三七小客車租賃有限公司,臺中市南屯區楓樹巷95號1樓,10000000,1020617
6892,53398009,世豪光電股份有限公司,臺中市龍井區竹師路一段260巷19弄41號6樓之9,1000000,1020619
6894,53398676,正浩精密有限公司,臺中市太平區聖和里長龍路一段672號,4000000,1020626
6895,53399823,聚潁科技有限公司,臺中市豐原區田心里育仁路142巷28號1樓,15000000,1020624
6897,53400764,聚成建設股份有限公司,臺中市北屯區倡和巷1號1樓,5000000,1020613
6903,53404939,享鈺紙器工業有限公司,臺中市太平區豐年里大源十二街36號1樓,1500000,1020621
6906,53408029,翊鈞工業有限公司,臺中市清水區南社里中正北街70號1樓,2000000,1020607
6907,53408822,皓哲生物科技有限公司,臺中市南屯區大興里東興路一段665巷27號1樓,10000000,1020618
6981,53452235,水力大動能科技股份有限公司,臺中市大雅區民生路四段139巷67號,15000000,1020613
7021,53473203,九福國際人力仲介有限公司,臺中市西屯區國安一路135號,5000000,1020620
7022,53473724,富綺生物科技有限公司,臺中市北屯區平和里山西路二段222號5樓,6000000,1020625
7027,53476124,金鳳凰娛樂事業股份有限公司,臺中市梧棲區大智路二段172號1樓,2000000,1020624
7030,53477670,寶順土地開發股份有限公司,臺中市西區華美西街一段142號6樓之3,5000000,1020620
7032,53478312,昌立聯合開發股份有限公司,臺中市大雅區西寶里中正路171-1號2樓,10000000,1020627
7033,53478571,睿聚開發股份有限公司,臺中市西屯區四川路87巷36號,7500000,1020613
7035,53479950,睿益空間設計有限公司,臺中市南屯區惠中路三段80號10樓之3,1000000,1020625
7039,53482420,同曜國際有限公司,臺中市太平區宜欣里宜欣一路129號1樓,500000,1020606
7041,53485405,百承展業有限公司,臺中市潭子區中山路一段287號1樓,2160000,1020625
7042,53485664,迆選有限公司,臺中市南屯區三厝里大墩十一街549號6樓之1,1000000,1020617
7043,53486045,欣崴國際有限公司,臺中市北屯區軍功里松竹路一段858巷18號2樓,5000000,1020621
7044,53486777,穎銳有限公司,臺中市北屯區水湳里大連北街2巷45號1樓,1500000,1020626
7047,53488304,彩奕資訊有限公司,臺中市大雅區二和里雅環路一段291號1樓,500000,1020627
7049,53488965,杏苑餐飲有限公司,臺中市西屯區寧夏路79號3樓之1,200000,1020621
7053,53491005,誠義不動產經紀有限公司,臺中市南屯區大業里大業路185號,1000000,1020617
7061,53493427,好匠屋股份有限公司,臺中市西區中興里向上北路159號,1000000,1020621
7062,53493572,旭立文具有限公司,臺中市烏日區溪壩里溪南路一段460巷128之1號1樓,1000000,1020604
7069,53496114,成靖有限公司,臺中市北屯區瀋陽路二段161號1樓,1000000,1020626
7071,53496509,明奕複合材料有限公司,臺中市沙鹿區三鹿里保順路141號1樓,3000000,1020628
7074,53497676,心祈光境顧問有限公司,臺中市西屯區何明里漢口路2段16號,500000,1020625
7075,53497937,展颺科技有限公司,臺中市大里區日新里中興路二段日新巷58弄20號1樓,2000000,1020607
7076,53498485,禾昌玻璃有限公司,臺中市北屯區軍福十二路218號,2000000,1020625
7078,53500911,豪峰科技股份有限公司,臺中市豐原區南陽里保康路87-16號,2000000,1020613
7079,53500996,龍峰機械股份有限公司,臺中市南區樹德里樹德四巷7-4號1樓,17000000,1020621
7080,53501051,金馬庄國際有限公司,臺中市豐原區中陽里向陽路170巷8號1、2樓,500000,1020617
7083,53504613,鑫大埔生技實業股份有限公司,臺中市大甲區文武里三民路221號1樓,8000000,1020604
7088,53505752,呈享實業有限公司,臺中市神岡區豐洲里國豐路1段123號1樓,500000,1020603
7089,53508603,上錦騰開發建設有限公司,臺中市北區文莊里五權路255號1樓,3000000,1020628
7094,53510571,威宇精品國際有限公司,臺中市西屯區協和里工業區34路3號,3500000,1020610
7097,53512064,龍寶山物業管理顧問有限公司,臺中市北區賴厝里漢口路四段202號6樓A10室,5000000,1020607
7098,53512424,金上宏有限公司,臺中市太平區太平里太平路317巷21號,3000000,1020618
7101,53514669,鴻洋國際商務諮詢顧問有限公司,臺中市西屯區工業32路68號3樓,500000,1020628
7103,53515533,文才投資有限公司,臺中市西屯區工業區一路68號3樓之1,29500000,1020625
7107,53516245,鼎鳴科技股份有限公司,臺中市豐原區北陽里13鄰中陽路566號,1000000,1020625
7108,53516553,和萬文化事業有限公司,臺中市南屯區南屯里南屯路二段567號1樓,200000,1020605
7110,53517032,亞能光電科技股份有限公司,臺中市潭子區大豐里潭富路二段288號,12250000,1020611
7112,53517976,芳芯企業有限公司,臺中市龍井區東海里藝術北街178巷28號1樓,3500000,1020626
7291,53597865,羅家大舖有限公司,臺中市北區長青里武昌路220號1樓,100000,1020607
7294,53599580,土星投資股份有限公司,臺中市南屯區文心里大英街183巷10號,5000000,1020617
7297,53602656,至邦不動產開發有限公司,臺中市西屯區惠來里府會園道23號1樓,1000000,1020610
7298,53602868,宇清田設計工程有限公司,臺中市中區光復里民族路100號1樓,1000000,1020624
7301,53603607,哈布童鞋有限公司,臺中市南區永興里工學一街187號,100000,1020620
7303,53603682,九九網通股份有限公司,臺中市龍井區東海里東海街72巷13弄8號1樓,5000000,1020605
7304,53603873,華安科技有限公司,臺中市潭子區家興里榮興街146號,1000000,1020614
7309,53606528,歆晴精密有限公司,臺中市西屯區永安里國安一路111號10樓之1,600000,1020628
7312,53607815,虹沛有限公司,臺中市潭子區頭張路一段91巷36號4樓,500000,1020621
7314,53608151,展譽職涯管理顧問有限公司,臺中市中區大墩里三民路二段46號10樓之1,5000000,1020628
7318,53610001,淇稼商務管理顧問有限公司,臺中市南屯區大同里大進街104號1樓,100000,1020624
7319,53610332,城堡冷氣有限公司,臺中市北屯區軍功里軍榮五街227巷3弄22號2樓,3000000,1020604
7322,53611156,大默企業有限公司,臺中市西區吉龍里五權西四街57號3樓,10000000,1020606
7324,53612417,旭承國際開發有限公司,臺中市太平區豐年里大源路108號,300000,1020610
7325,53612824,科美克工業有限公司,臺中市西屯區西屯路二段126巷68號1樓,1000000,1020621
7327,53613149,得來素企業有限公司,臺中市潭子區大豐里潭富路二段101號1樓,5000000,1020627
7342,53618778,有豐開發股份有限公司,臺中市西區忠誠里忠明南路40、42號10樓,20000000,1020619
7347,53621979,裕森建設有限公司,臺中市豐原區三村里豐原大道1段625街12號3樓,30800000,1020613
7348,53622365,三越鋁業有限公司,臺中市大甲區江南里東西七路一段166巷3號,1500000,1020619
7352,53625905,聚豐土地開發股份有限公司,臺中市西區忠誠里華美西街一段142號11樓之3,5000000,1020619
7354,53627538,丞諾顧問有限公司,臺中市北區賴福里太原路二段222巷12之1號,500000,1020626
7361,53631879,耀昇能源科技有限公司,臺中市南區平和里新和街13號,3000000,1020607
7364,53633378,喬大星有限公司,臺中市西屯區大墩18街189號3樓之1,1850000,1020625
7365,53633790,元富開發有限公司,臺中市西區公正里公益路367號5樓之4,10000000,1020605
7369,53636966,建鈞興業有限公司,臺中市大里區西湖里景庄街202巷37號,500000,1020617
7370,53637374,潔瑞清潔有限公司,臺中市西區和龍里日興街100號4樓之3,200000,1020621
7373,53638232,東東食品有限公司,臺中市北區漢口路四段202號6樓,6000000,1020618
7374,53639582,協珍貿易有限公司,臺中市南屯區鎮平里筏子東街一段58號1樓,500000,1020624
7375,53639794,進益投資股份有限公司,臺中市西區民權路211之5號4樓之4,25000000,1020603
7378,53640173,信城資產管理有限公司,臺中市北區健行里民權路586號7樓,2000000,1020624
7379,53640309,摩爾整合有限公司,臺中市豐原區水源路611巷24弄4號3樓,300000,1020628
7385,53642236,星龍貿易有限公司,臺中市西區中興里公益路130號3樓,1000000,1020619
7386,53642279,環球皇家保全股份有限公司,臺中市北屯區平田里遼陽五街12號1樓,40000000,1020610
7390,53645022,利燁工程有限公司,臺中市東勢區本街南片巷13之6號1樓,2000000,1020604
7397,53648111,丫博士應用科技股份有限公司,臺中市龍井區東海街72巷13弄8號2樓,1000000,1020606
7399,53648787,精竑有限公司,臺中市梧棲區草湳里建國北街552號1樓,1000000,1020620
7410,53658546,貝里斯商勝楓國際有限公司,臺中市后里區月眉里雲頭路18-8號,15000000,1020619
7414,53659735,佳尚股份有限公司,臺中市梧棲區中華路1段1098號,1807605440,1020614
7418,53662680,英屬安圭拉群島商兆昌國際有限公司,臺中市南屯區大墩四街559號9樓之3,500000,1020603
7432,53668946,台中商銀綜合證券股份有限公司,臺中市中區民族路45號1、2樓,850000000,1020617
7474,53700468,元誠亞洲科技有限公司,臺中市東區大勇街26號1樓,1000000,1020627
7658,53779936,智愛眼鏡有限公司,臺中市南屯區大業里大墩路578號1樓,500000,1020620
7659,53780292,永盛國際置業股份有限公司,臺中市西區英才路530號20樓之5,5000000,1020610
7660,53780954,勝宏精密科技股份有限公司,臺中市大里區日新里福大路41號1樓,3000000,1020628
7661,53781052,新平開發工程有限公司,臺中市北區賴村里尚德街110號1樓,500000,1020614
7666,53783713,台品生技有限公司,臺中市西區林森路30-1號1樓,2500000,1020619
7670,53785183,建豐資產有限公司,臺中市東區十甲里長福路356號1樓,100000,1020626
7671,53785450,台邑餐飲有限公司,臺中市清水區吳厝里和睦路三段50巷20號,10000000,1020614
7677,53789596,納高有限公司,臺中市西屯區惠來里市政北一路1號4樓,300000,1020606
7683,53793249,原億化工有限公司,臺中市霧峰區樹仁路105號1樓,2000000,1020618
7689,53797370,畢麥斯科技有限公司,臺中市西區民龍里臺灣大道二段186號15樓之1,5000000,1020603
7691,53798119,博耕國際有限公司,臺中市西屯區何仁里永昌三街29號1樓,2000000,1020605
7692,53798286,安捷力國際股份有限公司,臺中市中區大誠里中正路271號8樓之1,30000000,1020613
7694,53798547,兆和豐科技股份有限公司,臺中市西區忠誠里博館三街136號1樓,2000000,1020610
7699,53800023,身姿律事業有限公司,臺中市南區工學一街206號1樓,3000000,1020610
7700,53801682,進昇能源股份有限公司,臺中市西屯區黎明路三段348號9樓,10000000,1020620
7701,53801732,峻琳環保科技有限公司,臺中市烏日區烏日里民族街2號1樓,2000000,1020606
7702,53802057,寶銨企業股份有限公司,臺中市龍井區忠和里台西南路251巷1號,24000000,1020619
7703,53802325,大昇實業有限公司,臺中市北區健行里華富街79號,6000000,1020619
7704,53802845,弘創有限公司,臺中市西區公益路367號7樓之1,2000000,1020611
7707,53805028,新糧設計有限公司,臺中市南屯區河南路四段456-6號1樓,1000000,1020606
7710,53805701,台灣黃金農場國際股份有限公司,臺中市西區民龍里臺灣大道2段220號5樓之1,10000000,1020611
7711,53805863,盟律科技股份有限公司,臺中市南屯區文心路一段218號16樓之2,1500000,1020610
7714,53806292,王品威秀婚紗攝影有限公司,臺中市中區大墩里公園路18號,2000000,1020618
7718,53807709,邦普開發有限公司,臺中市龍井區東海街192號1樓,3800000,1020627
7719,53808192,金寶國際通路股份有限公司,臺中市潭子區中山路二段135號6樓之3,3000000,1020607
7724,53810330,康金綠能科技股份有限公司,臺中市南區國光里仁和路292號5樓之6,1700000,1020614
7726,53810887,極速空力有限公司,臺中市大雅區橫山里永和路118-25號,2000000,1020614
7731,53812055,柘勉工程有限公司,臺中市龍井區東海里遊園北路375號1樓,1000000,1020620
7732,53812750,安天納有限公司,臺中市西屯區潮洋里朝馬七街17號3樓,650000,1020611
7733,53812787,大禾國際建築有限公司,臺中市西屯區何南里東興路三段381號6樓之1,16300000,1020625
7738,53813815,耕銪國際股份有限公司,臺中市西屯區永安里國安一路119號2樓,12000000,1020614
7740,53816382,崴聯精密有限公司,臺中市北屯區軍功里軍功路二段391號1樓,15000000,1020619
7749,53820323,弘晟企業有限公司,臺中市西屯區福和里福安二街16號1樓,1000000,1020628
7750,53820689,廣聚企業管理顧問有限公司,臺中市西屯區大墩十九街166號,300000,1020614
7753,53821667,毅興科技有限公司,臺中市北屯區仁愛里水湳路111巷2之2號,5000000,1020626
7754,53822624,和井田友嘉精機股份有限公司,臺中市西屯區協和里工業區一路133號3樓,40000000,1020624
7755,53822693,富陪美國際有限公司,臺中市沙鹿區中園街112號2樓,1000000,1020618
7758,53823877,澳斯芬國際有限公司,臺中市西屯區市政路105號4樓之5,5000000,1020610
7763,53827352,銆舜企業有限公司,臺中市大雅區中和六路62-1號1樓,1000000,1020613
7765,53828198,哈樂維創意休閒有限公司,臺中市西區公平里忠明南路110號14樓之5,2000000,1020618
7769,53829513,大麥屋股份有限公司,臺中市大里區國光路二段417號,17000000,1020628
7770,53829865,鼎笠國際有限公司,臺中市西區吉龍里五權五街151號8樓之4,2000000,1020607
7774,53832257,佑訊有限公司,臺中市南屯區永春南路888巷153號1樓,2000000,1020607
7776,53832860,翔瑞建設有限公司,臺中市大肚區大東里沙田路二段470巷57號1樓,10000000,1020624
7777,53833565,群郁機械工程有限公司,臺中市北區頂厝里進化北路238號4樓之2,5000000,1020610
7779,53834537,屋日房屋有限公司,臺中市南屯區黎明路一段272號1樓,1000000,1020627
7782,53835304,雷虎生技股份有限公司,臺中市西屯區協和里工業區六路7號2樓,200500000,1020614
7788,53837400,東縈水電工程有限公司,臺中市潭子區福仁里中山路二段152號,2000000,1020606
7796,53843000,精宏科技有限公司,臺中市豐原區西湳里葫蘆墩一街208號3樓,3000000,1020607
7801,53846105,雲舞實業有限公司,臺中市南屯區惠中里文心路一段306號3樓之3,5000000,1020628
7807,53847836,上鼎租車有限公司,臺中市北區興進路126號1樓,15000000,1020626
7808,53848194,巨人膠帶有限公司,臺中市大雅區雅潭路4段420號2樓,1000000,1020613
7809,53848589,金員有限公司,臺中市北屯區熱河路二段97號1樓,5000000,1020620
7810,53848878,合康國際實業有限公司,臺中市大雅區二和村雅潭路298-5號1樓,2000000,1020617
7811,53849145,喜多麗植原生技有限公司,臺中市北區健行里忠明路432號11樓之2,3000000,1020619
7812,53849216,順堂建設股份有限公司,臺中市大里區環中東路六段520巷2弄8號1樓,20000000,1020614
7815,53851774,艾美靚國際行銷有限公司,臺中市烏日區九德里中華路154巷19弄1號1樓,2000000,1020626
7822,53856665,優利股份有限公司,臺中市大里區爽文路835號4樓,1000000,1020603
7823,53857101,正一開發有限公司,臺中市北屯區三光里太原路3段411號地下室,1000000,1020627
7825,53859889,金亮宇開發產業股份有限公司,臺中市大里區塗城里光正路65巷19號2樓,5000000,1020625
7826,53859972,王元亨實業有限公司,臺中市西屯區惠來里惠中路76-4號1樓,10000000,1020627
7827,53859993,典醞酒坊有限公司,臺中市西區大忠南街39號1樓,1000000,1020626
7831,53861718,中信友誠有限公司,臺中市北屯區安順東六街39號,2014000,1020605
7834,53862836,瑞展國際金屬有限公司,臺中市太平區太平里永豐路310號之8,10000000,1020626
7839,53864118,佑豐資產管理股份有限公司,臺中市神岡區社南里中山路667巷62弄2之2號1樓,28000000,1020618
7843,53864980,森錩國際有限公司,臺中市西區五權西路一段237號15樓之1,5000000,1020606
7845,53865496,丞陞科技工程有限公司,臺中市霧峰區吉峰西路19巷13號1樓,10000000,1020605
7848,53865741,慕川不動產有限公司,臺中市西區後龍里向上路一段25號1樓,1500000,1020627
7850,53867213,可樂久國際有限公司,臺中市西屯區櫻城三街52號14樓之2,800000,1020606
7851,53867403,派瑞斯有限公司,臺中市中區繼光里繼光街73號,200000,1020627
7855,53869090,烏日二手汽車有限公司,臺中市烏日區三和里中山路三段456號1樓,5000000,1020617
7856,53869248,響亮世界股份有限公司,臺中市西區土庫里五權西路一段237號9樓之3,5000000,1020606
7857,53869253,富順不動產經紀有限公司,臺中市西屯區何安里青海路二段33號1樓,500000,1020621
7858,53869628,晟達機械有限公司,臺中市神岡區溪洲里神洲路716巷82號,1000000,1020606
7860,53870688,升盧不動產開發股份有限公司,臺中市沙鹿區北勢東路822號1樓,500000,1020621
7863,53873046,川澐建設有限公司,臺中市潭子區頭家東里中興北路7號1樓,10000000,1020611
7864,53874349,台灣金紅牛生物科技有限公司,臺中市西屯區上德里上石路66號1樓,2000000,1020625
7865,53877009,婞運草生物科技實業有限公司,臺中市新社區興社街四段48號1樓,3000000,1020628
7866,53877161,伸澔科技有限公司,臺中市大甲區西岐里如意路33巷1號1樓,1500000,1020617
7868,53878627,協銘企業有限公司,臺中市北區健行里忠明路248號1樓,3000000,1020617
7870,53878990,新旺國際興業有限公司,臺中市北屯區崇德路二段252號11樓,1000000,1020625
7970,53913461,合邁國際有限公司,臺中市西屯區港尾里中康街202號,2100000,1020621
7978,53915593,喆丰股份有限公司,臺中市神岡區神洲里大洲路36號1樓,3000000,1020626
8020,53926331,芭依珊餐飲有限公司,臺中市北區民權路552號1樓,2000000,1020604
8118,53960920,立盛不動產有限公司,臺中市龍井區山腳里中山一路一段西巷243弄26號1樓,1000000,1020613
8122,53961322,葳琳國際有限公司,臺中市南區西川里三民西路236-3號1樓,1000000,1020614
8124,53961977,台灣勁勝營造工程有限公司,臺中市太平區長億里永安街66巷12號1樓,3000000,1020605
8130,53965045,德明管理顧問有限公司,臺中市西區三民里公館路138號6樓,1000000,1020628
8131,53965164,勝元不動產經紀股份有限公司,臺中市沙鹿區中興路326號1樓,300000,1020621
8133,53967249,聖颺國際有限公司,臺中市北區賴旺里文心路四段182號地下一層之1,500000,1020613
8141,53971068,多客國際事業股份有限公司,臺中市西屯區弘孝路27號一樓,3000000,1020624
8142,53971927,精工空間設計有限公司,臺中市西區公民里五廊街36號6樓,50000,1020607
8143,53971975,奇邑谷企業有限公司,臺中市西屯區何德里大信街50號5樓之2,1000000,1020606
8144,53972453,嚴選有限公司,臺中市梧棲區居仁街76號,150000,1020607
8145,53972502,華光國際人力仲介有限公司,臺中市太平區永成里永成北路183號1樓,5000000,1020626
8147,53972833,立群開發食品有限公司,臺中市南屯區楓樹里互愛巷9號1樓,1000000,1020610
8150,53974641,道邦國際電機有限公司,臺中市豐原區南田里富陽路121巷31號1樓,5000000,1020611
8152,53975183,祺韻國際有限公司,臺中市北區台灣大道一段672號,1000000,1020628
8156,53977160,隆倈廣告工程有限公司,臺中市南屯區永春東二路246號,5000000,1020606
8160,53978554,日越開發有限公司,臺中市西區公民里林森路140號1樓,500000,1020614
8162,53978891,勝彰科技股份有限公司,臺中市南屯區黎明東街199號1樓,3000000,1020613
8170,53984177,德綸動能有限公司,臺中市西區和龍里梅川東路二段3號5樓之12,1000000,1020603
8173,53985387,臻陽建設股份有限公司,臺中市北屯區北興里三光巷52弄5號1樓,3000000,1020618
8174,53986365,晶漾國際企業有限公司,臺中市西屯區何成里文心路二段562-1號2樓之1及3樓之1,2000000,1020606
8178,53987977,文發企業有限公司,臺中市大里區瑞城里中興路一段2巷81弄52號,500000,1020605
8179,53988096,金豐盛食品股份有限公司,臺中市烏日區高鐵路一段1號,150000000,1020628
8185,53989406,皇宸有限公司,臺中市東區德興一街52巷1號2樓,300000,1020627
8186,53989530,展又有限公司,臺中市東區德興一街52巷1號4樓,300000,1020627
8188,53990190,青瓦投資有限公司,臺中市西區五權八街109號1樓,5000000,1020611
8189,53990240,董月花巧膳有限公司,臺中市西區五權西三街37號,1000000,1020627
8190,53990950,大程不動產開發股份有限公司,臺中市西區公正里公益路367號4樓之3,7000000,1020617
8191,53991108,日禾食研國際股份有限公司,臺中市西屯區中清西二街92巷16弄10號1樓,500000,1020614
8192,53991705,酉廿一日食品有限公司,臺中市太平區新吉里新民路43號5樓,382000,1020624
8193,53991727,吉發不動產仲介經紀有限公司,臺中市北區梅川里青島路3段4號1樓,500000,1020619
8196,53992508,嘉達興五金有限公司,臺中市太平區太平里永豐路98號,2000000,1020617
8197,53992991,喜達有限公司,臺中市南區樹義里福田二街116號,5000000,1020614
8199,53993470,宇福工程有限公司,臺中市大里區西榮里東明路175巷96號4樓,5000000,1020624
8202,53994132,佑新欣業有限公司,臺中市北區梅亭街452號1樓,1000000,1020626
8203,53994999,萬茂有限公司,臺中市大甲區日南里中山路2段757-3號1樓,2000000,1020603
8207,53995907,衛豐事業有限公司,臺中市北區長青里武昌路220號1樓,300000,1020617
8209,53996434,進盈土木包工業有限公司,臺中市東勢區東崎路五段472號1樓,800000,1020628
8212,53998123,允升科技有限公司,臺中市西屯區福和里台中港路三段123號12樓之9,500000,1020613
8213,53998714,輝宏有限公司,臺中市南區永興里工學路59巷49號,1000000,1020625
8216,53999489,滬蘴生技有限公司,臺中市梧棲區永安里臨港路三段166巷28號1樓,2000000,1020627
8219,54000251,盛睿有限公司,臺中市北區賴旺里北平路2段57號1樓,5000000,1020603
8222,54000870,神岳綜合有限公司,臺中市北區忠明路139號1樓,500000,1020611
8223,54000999,福蓮國際有限公司,臺中市南區永和里南和一街15巷6號1樓,3000000,1020625
8224,54001929,億佶國際有限公司,臺中市北屯區平順里大連路三段16號10樓之1,1000000,1020610
8228,54003264,富大土地開發股份有限公司,臺中市大里區新仁路2段257號1樓,15000000,1020628
8231,54004123,君挺有限公司,臺中市大里區大里里大里路455巷7號1樓,3000000,1020620
8234,54006608,鼎鼎生物高科技有限公司,臺中市南屯區豐樂里文心南五路350巷18號1樓,3000000,1020607
8236,54007352,宸欣開發有限公司,臺中市后里區三豐路100巷46號1樓,500000,1020617
8237,54007732,禎如餐飲企業有限公司,臺中市北區育德里大德街84巷1號1樓,1000000,1020621
8269,54020361,康宇生技有限公司,臺中市南屯區東興路二段186號12樓之4,100000,1020613
8361,54061691,和昶能源有限公司,臺中市烏日區光明里五光路535號1樓,20000000,1020607
8395,54090302,宇樺達有限公司,臺中市清水區高西里高美路721巷31之8號,1000000,1020620
8398,54090648,柏林開發工程有限公司,臺中市龍井區藝術街107巷9號1樓,28000000,1020621
8402,54091956,泰易不動產開發股份有限公司,臺中市西屯區國安一路161號2樓,10000000,1020613
8404,54092821,鑫饕國際食品有限公司,臺中市霧峰區樹仁路171號1樓,1200000,1020613
8405,54093167,霸姿有限公司,臺中市北區明德里太原南二街90號1樓,300000,1020613
8408,54094356,車麗徠汽車美容有限公司,臺中市南屯區三義里文心一路388號,1000000,1020610
8412,54096354,冠棋木業有限公司,臺中市豐原區南陽里南陽路125號1樓,500000,1020606
8415,54098120,柏普恩資訊有限公司,臺中市西屯區工業區一路68號3樓之1,1000000,1020625
8417,54099388,富成鋁業有限公司,臺中市豐原區鐮村里鐮村路326巷19-5號,1000000,1020614
8422,54101461,紫禁城精品汽車旅館有限公司,臺中市南屯區惠文路318號,28000000,1020621
8426,54102124,宇輝土地開發有限公司,臺中市西區民龍里台灣大道二段181號6樓之21,160000,1020611
8427,54102222,朋滿第茶業有限公司,臺中市北屯區崇德十一路47號1樓,2500000,1020604
8430,54104191,一呈實業有限公司,臺中市西屯區內江街102號1樓,2000000,1020619
8432,54104713,宗杰有限公司,臺中市后里區墩北里月湖路86號,1500000,1020604
8433,54105353,宏羚企業有限公司,臺中市大雅區大雅里中清路2段175巷1號1樓,1000000,1020618
8439,54107943,佳禾作物科學股份有限公司,臺中市西屯區河南路170號2樓之4,35000000,1020603
8444,54108653,太豐廣告有限公司,臺中市西區民權路239號10樓,10000000,1020603
8446,54110341,永豐富地產開發股份有限公司,臺中市北屯區水湳里文心路三段1025號10樓,3000000,1020620
8447,54110525,宸懿有限公司,臺中市豐原區南嵩里水源路南坑巷28-5號,66000,1020619
8449,54111067,元璿廣告有限公司,臺中市大里區長榮里中興路二段249巷13弄7號1樓,200000,1020606
8450,54111502,福邦開發投資股份有限公司,臺中市大雅區大楓里10鄰前村路128號,15000000,1020628
8451,54111622,光磊網路科技股份有限公司,臺中市西區土庫里忠明南路499號8樓,28000000,1020614
8453,54112571,惠馨健康事業有限公司,臺中市烏日區中山路二段77號1樓,2000000,1020611
8454,54112642,懋邦有限公司,臺中市大里區東湖里國寶街48巷7號1樓,1000000,1020628
8456,54113332,秉協有限公司,臺中市北區金龍里金龍街106號1樓,500000,1020628
8459,54114212,金毓科技有限公司,臺中市大肚區沙田路一段320巷33-32號1樓,3000000,1020606
8463,54116648,有容有限公司,臺中市西屯區惠來里文七街137號1樓,1000000,1020617
8474,54119639,詩品國際有限公司,臺中市西區中興里中興街123號4樓之2,1000000,1020611
8478,54121993,金日美建設有限公司,臺中市大甲區中山里甲后路53-51號,10000000,1020628
8482,54123818,星月大地休閒事業有限公司,臺中市外埔區六分路34號1樓,20000000,1020626
8485,54124886,天寶真菌生技有限公司,臺中市南區崇倫里建國南路一段264號1樓,1000000,1020617
8490,54126738,久裕興實業有限公司,臺中市北屯區三光里北屯路212巷9號3樓,2000000,1020603
8492,54126890,廣田樹木有限公司,臺中市西區華美街494號1樓,2000000,1020606
8498,54130986,白金實業有限公司,臺中市北區進化北路168號地下一層之2,3000000,1020603
8504,54132577,祥鴻旅行社股份有限公司,臺中市西屯區何安里重慶路8號1樓-2樓,9000000,1020628
8506,54133506,磐鉅不動產經紀有限公司,臺中市北屯區松竹路一段959號1樓,1200000,1020621
8508,54134913,泓儒機械工業有限公司,臺中市神岡區神州里大明路191巷92號,1000000,1020603
8512,54136399,臺灣一零一有限公司,臺中市西屯區惠來里市政路101號1樓,1000000,1020603
8513,54136686,古塵流冒險運動有限公司,臺中市南區永和里五權南路446號,2000000,1020625
8516,54137691,安耐美國際智慧節能科技工程有限公司,臺中市北區建興里永興街98巷7號1樓,10000000,1020626
8517,54137714,德武國際企業有限公司,臺中市西區民生里自由路一段101號8樓之6,1000000,1020606
8522,54139348,發金大有限公司,臺中市北屯區東山路二段157巷137號,1000000,1020624
8635,54178799,伊斯登化學有限公司,臺中市石岡區萬安里和平街38號3樓,1000000,1020604
8715,54225575,奧迪斯保全股份有限公司,臺中市西屯區上安里台中港路二段122之18號13樓,40000000,1020617
8716,54225667,兆商科技有限公司,臺中市西區中興里公益路132號7樓,1000000,1020614
8717,54225688,大有俥車業有限公司,臺中市北屯區軍功里軍和街227巷15弄58號1樓,5000000,1020607
8724,54228340,鎮泰實業有限公司,臺中市豐原區東陽里東陽路80號2樓,1000000,1020614
8725,54229636,華鵬影城股份有限公司,臺中市西區臺灣大道二段459號17、18、19樓,29000000,1020605
8726,54229684,鼎義開發建設有限公司,臺中市西屯區英才路530號12樓之3,30000000,1020627
8727,54230824,山治有限公司,臺中市南屯區南屯路二段415巷25弄5號,8000000,1020628
8730,54231422,富森興業有限公司,臺中市南屯區大墩14街115號3樓之6,2000000,1020618
8731,54232061,諾亞電機科技有限公司,臺中市西屯區西屯路二段256巷6號12樓之1,500000,1020611
8733,54232409,華創生技有限公司,臺中市北區文心路四段182號地下一層之1,1000000,1020613
8736,54232983,和康小客車租賃有限公司,臺中市沙鹿區中清路43-2號1樓,5000000,1020605
8740,54235172,只園有限公司,臺中市西區双龍里模範街40巷22號,2000000,1020605
8741,54236762,聖笠實業有限公司,臺中市南區永和里南和二街11號1樓,1000000,1020621
8742,54236806,至廣工程企業有限公司,臺中市清水區南社里忠孝西路111號,1000000,1020605
8743,54236860,霧世紀環保節能企業有限公司,臺中市大里區內新街78號1樓,1000000,1020624
8744,54237039,安第卡有限公司,臺中市南屯區豐樂里文心南五路336號,8500000,1020619
8747,54239233,茂林實驗室設備有限公司,臺中市西區土庫里五權一街162巷2弄1號1樓,2000000,1020624
8752,54240533,信越企業有限公司,臺中市大雅區信義路115巷2號之1,200000,1020617
8754,54240750,駿誠物業有限公司,臺中市西屯區何仁里文心路三段236號8樓,5000000,1020628
8757,54241809,太平洋國際智權有限公司,臺中市南區和平里忠明南路760號21樓A6,3200000,1020621
8758,54241884,晶智圓富禪謦有限公司,臺中市西屯區上安里上安路84巷3號1.2樓,1000000,1020621
8763,54243692,鼎聚網路股份有限公司,臺中市西屯區何德里大信街60號4樓之2,500000,1020613
8765,54245376,錫華有限公司,臺中市西區忠明里美村路一段52巷28號1樓,138800000,1020627
8767,54246847,寶臨實業有限公司,臺中市南屯區楓樹里互愛巷5弄12號,10000000,1020607
8770,54247748,威勝儀器有限公司,臺中市烏日區大同路3號1樓,600000,1020604
8772,54248107,梧狄有限公司,臺中市大甲區中山里水源路452巷33弄2之1號,11000000,1020606
8775,54248943,翊翔有限公司,臺中市南屯區文心路一段186號16樓之8,50000,1020604
8776,54249210,戰式有限公司,臺中市大安區福興里興安路257號,11000000,1020617
8780,54249513,秀妮兒國際股份有限公司,臺中市中區光復里平等街32號1樓,14800000,1020625
8785,54251720,永發汽車零件有限公司,臺中市西屯區協和里安和路103號11-1號,500000,1020605
8786,54251947,睿鍠有限公司,臺中市太平區新吉里4鄰新平路三段97號1樓,1050000,1020610
8787,54252122,藝大畫材有限公司,臺中市豐原區朴子里豐勢路2段535巷76號,1000000,1020610
8788,54252137,中台植物種苗有限公司,臺中市東勢區中寧里公園路34號1樓,150000,1020606
8789,54252241,伽居不動產經紀有限公司,臺中市烏日區烏日里新興路49號1樓,1000000,1020610
8790,54252592,富巨國際企業有限公司,臺中市大里區新里里德芳路二段21號1樓,10000000,1020626
8791,54252798,歐盛國際實業有限公司,臺中市沙鹿區鹿寮里光華路420號2樓,300000,1020617
8794,54254563,慶鎂實業有限公司,臺中市大甲區經國路2151巷22弄3號,300000,1020620
8795,54255042,六度創造設計有限公司,臺中市北屯區昌平路二段156巷30號,240000,1020613
8796,54255275,東崎一號有限公司,臺中市西屯區何成里大墩十八街191號1樓,1000000,1020618
8799,54256106,久億工業有限公司,臺中市潭子區潭秀里南門街175號,2000000,1020604
8801,54256387,鈺盛工業有限公司,臺中市北屯區舊社里北屯路439之17巷6號1樓,1000000,1020617
8804,54258569,永恆之都有限公司,臺中市北屯區松竹里崇德五路130、132號,1000000,1020604
8806,54265787,友崴股份有限公司,臺中市中區民權路216號10樓之1,10000000,1020621
8843,54501678,協復興土地建築有限公司,臺中市北屯區北屯路166號,100000,1020628
8845,55286654,源民安企業股份有限公司,臺中市豐原區翁子里豐勢路2段477巷6號,28000000,1020617
8846,55397201,豐原汽車客運股份有限公司,臺中市豐原區三民路46號,392369940,1020621
8847,55621708,協興電機工業股份有限公司,臺中市后里區后里里三豐路344之2號,60000000,1020606
8849,55675513,東北橡膠股份有限公司,臺中市沙鹿區沙田路39之2號,19600000,1020628
8850,55680591,巨業交通股份有限公司,臺中市沙鹿區和平街2號,100000000,1020627
8851,55685462,宏記冷凍食品股份有限公司,臺中市外埔區水美里水美路仁美巷29號,21500000,1020613
8852,55712974,大瀚船務代理股份有限公司,臺中市梧棲區頂寮里大仁路二段353巷8號8樓之1,14000000,1020625
8853,55718533,欽成營造股份有限公司,臺中市大甲區光明路58號1樓,200000000,1020626
8855,55743152,中新營造有限公司,臺中市南屯區鎮平里黎明路一段580號1樓,100000000,1020625
8856,55743723,環球混凝土工業股份有限公司,臺中市烏日區中山路一段665號,132328680,1020606
8857,55754185,伸興工業股份有限公司,臺中市太平區永成路78號,516691730,1020620
8858,55794617,億臨企業股份有限公司,臺中市東勢區新盛里東關路564之1號,6000000,1020624
8859,55797699,飛發營造有限公司,臺中市東勢區東崎路5段472號,22500000,1020610
8860,55800765,爵邦企業股份有限公司,臺中市東勢區東崎路五段486號,4000000,1020611
8861,55802264,溢泰廚品業股份有限公司,臺中市豐原區翁社里豐年路125巷70號,20000000,1020628
8862,55820164,聯東木業股份有限公司,臺中市后里區舊圳路3之5號1樓,5000000,1020610
8863,55822775,景基企業有限公司,臺中市豐原區社皮里中正路654巷30弄2號1樓,700000,1020625
8864,55832561,怡晉實業股份有限公司,臺中市西屯區何成里大墩19街186號5樓之1,19000000,1020626
8865,55844356,聖記機械工業有限公司,臺中市神岡區岸裡里大豐路5段455巷13號,3500000,1020614
8866,55848584,福裕事業股份有限公司,臺中市大雅區龍善二街12號,768803000,1020624
8867,55861235,沅渼生物科技股份有限公司,臺中市豐原區三村里三和路398-1號,39000000,1020627
8868,55872697,大將作工業股份有限公司,臺中市西屯區文心路三段241號8樓之2,250000000,1020627
8869,55878518,隆典實業股份有限公司,臺中市太平區工業20路82、86號,313466000,1020628
8870,55887517,全穎精密工業股份有限公司,臺中市烏日區前竹里中山路一段229巷36弄1號,83490000,1020625
8871,55907632,元貝實業股份有限公司,臺中市潭子區東寶里大富路一段27號,16000000,1020621
8872,55913888,裕豐運輸股份有限公司,臺中市烏日區五光里五光路144-3號,29000000,1020610
8874,55923561,金享車業股份有限公司,臺中市神岡區豐洲里豐洲路198巷5號,147000000,1020614
8875,55933977,振鴻木業股份有限公司,臺中市大雅區四德里中山路277號,5000000,1020617
8876,55934899,捷新工業股份有限公司,臺中市大里區東湖里草湖路286號,3000000,1020607
8877,55936019,長風工業股份有限公司,臺中市后里區廣福里三豐路36-1號,38000000,1020603
8878,55941028,益樺通運有限公司,臺中市潭子區大豐里雅豐街287巷10號,12000000,1020627
8879,55954753,佳增企業有限公司,臺中市豐原區南陽里南陽路239號,6000000,1020627
8880,55959722,杏友藥品股份有限公司,臺中市北屯區文心路三段1027號5樓,2000000,1020610
8881,55965528,何榮工業股份有限公司,臺中市豐原區北陽里南陽路綠山巷112弄18號,5000000,1020628
8882,55971514,日堡全球精密科技股份有限公司,臺中市神岡區北庄里中山路1010巷1-3號,65362000,1020618
8883,55978256,迪堡國際股份有限公司,臺中市神岡區神洲里大明路191巷42號,5500000,1020604
8884,55978278,丸榮機械股份有限公司,臺中市神岡區豐洲里豐洲路301巷9-2號,23600000,1020607
8885,55996796,亞拓電器股份有限公司,臺中市豐原區水源路345號,200000000,1020605
8886,56009003,大甲製粉廠股份有限公司,臺中市大甲區南陽里中山路一段792號,39027910,1020626
8887,56065601,永信藥品工業股份有限公司,臺中市大甲區中山路1段1191號,2537361750,1020627
8888,56615319,大甲永和機械工業股份有限公司,臺中市大甲區日南里幼獅路69號,424250000,1020628
8889,56620559,永日化學工業股份有限公司,臺中市大甲區日南里幼獅路59、61號,423734430,1020624
8890,56625344,上福全球科技股份有限公司,臺中市梧棲區自強路50號,910887400,1020613
8891,56658858,讚品工業股份有限公司,臺中市沙鹿區興仁里光華路41號,10000000,1020603
8892,56660502,中嘉交通有限公司,臺中市大甲區南陽里中山路一段590號2樓,10000000,1020626
8893,56667414,陳福益營造股份有限公司,臺中市龍井區龍西里茄投路147號,100000000,1020614
8894,56677898,臺膠實業股份有限公司,臺中市大雅區三和里雅潭路4段335號,29000000,1020611
8895,56686926,大詠紡織廠股份有限公司,臺中市清水區橋頭里高美路231巷11號,10000000,1020604
8897,56694067,嘉陽鑄造工業股份有限公司,臺中市梧棲區草湳里自立二街129號,28000000,1020617
8898,56700477,倉德企業股份有限公司,臺中市清水區下湳里三田路1-2號,12000000,1020607
8899,56712157,台栗特殊印刷廠有限公司,臺中市梧棲區中正里文化路二段316號,500000,1020619
8900,56801860,金壕工業股份有限公司,臺中市潭子區栗林里安和路５６號,6000000,1020603
8901,56807040,鋁台精機廠股份有限公司,臺中市神岡區新庄里溪頭路172號,80000000,1020603
8902,57145006,國興麵粉廠股份有限公司,臺中市大肚區福山里沙田路1段373號,63180000,1020603
8903,57146146,華光工業股份有限公司,臺中市大里區東南里東南路25、27、29號,11000000,1020628
8904,57168268,葉山塑膠工業股份有限公司,臺中市烏日區三和里學田路45號,25000000,1020604
8905,57196840,台灣車樂美縫衣機股份有限公司,臺中市霧峰區吉峰里吉峰路101號,300000000,1020605
8906,57506113,萬瑞汽車貨運有限公司,臺中市東勢區新盛里東關路613-7號,29000000,1020605
8916,59135139,環湖貨運股份有限公司,臺中市南屯區文心里向上南路一段294號1樓,24000000,1020624
8924,59285777,全聖營造工程股份有限公司,臺中市太平區宜昌里中山路三段25巷26弄26號1樓,40000000,1020618
8931,59411824,仁有通運股份有限公司,臺中市中區綠川東街110號2樓之2,29000000,1020627
8960,64984250,信榮營造工程有限公司,臺中市北區賴厝里漢口路4段178號2樓,100000000,1020621
8966,66341514,勝義發營造股份有限公司,臺中市清水區南社里民族路二段322號,100000000,1020628
9015,70356186,防潮家股份有限公司,臺中市大里區西榮里西榮路８０巷２號１樓,5000000,1020610
9058,70410105,永盛昌營造有限公司,臺中市南區南平路296號9樓之2,12000000,1020603
9117,70486202,晉宇營造股份有限公司,臺中市梧棲區頂寮里四維路85巷29號8樓之1,60000000,1020606
9119,70488475,寶文股份有限公司,臺中市北屯區后庄七街1之3號1樓,5000000,1020624
9123,70494477,騰毓企業有限公司,臺中市豐原區北陽里南陽路２號,500000,1020618
9125,70495602,煜昇營造有限公司,臺中市東勢區下城里東關路396-6號1樓,29900000,1020621
9128,70499579,巃記電機有限公司,臺中市太平區德隆路82巷88號1樓,12000000,1020627
9129,70499993,冠輝汽車有限公司,臺中市西屯區何仁里文心路3段188號,5000000,1020610
9133,70507255,龍興營造工程有限公司,臺中市太平區德隆里光德路249巷3號,3001000,1020624
9134,70509649,力將水電工程有限公司,臺中市太平區永平里中平路46號3樓,3500000,1020620
9136,70517367,新業建設股份有限公司,臺中市西屯區文心路2段598號11樓,181000000,1020603
9138,70521616,浤鼎資訊股份有限公司,臺中市西屯區大福里長安路二段317巷7號1樓,5000000,1020611
9141,70525084,諾雅國際股份有限公司,臺中市太平區宜佳街25號3樓,5000000,1020614
9144,70527673,錦輪企業有限公司,臺中市西區模範街54號,1700000,1020605
9187,70586167,臨安有限公司,臺中市西屯區上石里上石路186號3樓之2,1000000,1020624
9190,70591443,成肯國際事業有限公司,臺中市西屯區何成里大容東街142號1樓,2500000,1020628
9197,70605832,寶急開發股份有限公司,臺中市南屯區溝墘里公益路二段51號16樓,201000000,1020620
9198,70606121,永曄精密有限公司,臺中市大里區美村街7號1樓,5000000,1020627
9200,70608520,界升工業股份有限公司,臺中市烏日區學田里學田路342號2樓,20000000,1020624
9218,70633289,祥盛交通股份有限公司,臺中市烏日區學田里學田路便行巷32弄42號1樓,25000000,1020617
9220,70640492,弘莉有限公司,臺中市南屯區南屯里三和街67號9樓之3,5000000,1020611
9227,70660145,昱登營造有限公司,臺中市西屯區何仁里洛陽路111巷9弄3號1樓,10000000,1020624
9228,70661411,日崟興業股份有限公司,臺中市西屯區協和里工業區32路13之1號,20000000,1020628
9229,70662447,利佳宣生化科技有限公司,臺中市大肚區沙田路一段320巷56弄26號1，2樓,5000000,1020617
9236,70673296,雪莉亞企業有限公司,臺中市南區復興路三段509號1樓,5000000,1020620
9240,70678551,其宏貿易有限公司,臺中市豐原區鎌村里鎌村路690巷2號,500000,1020610
9242,70682062,聯福儀器有限公司,臺中市烏日區前竹里中山路一段和平巷132號1樓,5000000,1020628
9243,70682611,九牧機械有限公司,臺中市大雅區龍善二街150之2號,1000000,1020607
9255,70700189,禾悅電機股份有限公司,臺中市潭子區大富里民族路3段65-1號,16000000,1020625
9257,70700744,明德通運有限公司,臺中市梧棲區草湳里建國南街26巷10號,25000000,1020614
9259,70701808,大和好鋁門窗有限公司,臺中市大甲區江南里東西七路一段166巷3號,1000000,1020619
9265,70716231,鑫龍鋼鐵股份有限公司,臺中市清水區橋頭里五權路78號1樓,36000000,1020617
9271,70723401,發統企業股份有限公司,臺中市西屯區協和里工業區13路8號,42000000,1020604
9278,70730212,和嬴精工股份有限公司,臺中市神岡區庄前路36號,116182710,1020606
9279,70730281,白紗科技印刷股份有限公司,臺中市太平區祥順路1段116號,445340800,1020621
9281,70734126,存世營造有限公司,臺中市西區忠明里台中港路一段302號8樓之5,11000000,1020614
9289,70741647,勝霖藥品股份有限公司,臺中市豐原區豐榮里三民路188號、190巷2-2號1樓,185957470,1020626
9290,70741837,谷瑩企業股份有限公司,臺中市清水區楊厝里和睦路二段608號,1000000,1020620
9298,70748276,新鉅科技股份有限公司,臺中市外埔區甲東路35、37號,866449600,1020626
9362,72039551,高章營造股份有限公司,臺中市西區民龍里民權路239號3樓,201000000,1020626
9383,73689096,午陽企業股份有限公司,臺中市西屯區文心路三段159號6樓,150000000,1020617
9430,79194727,亞洲鋁材有限公司,臺中市北屯區水湳里大連西路42之1號1樓,20000000,1020618
9443,79953396,翼晟國際有限公司,臺中市大里區長榮里和平街10巷10號1樓,580000,1020611
9445,79957415,大寬藥品股份有限公司,臺中市南屯區向學路53號1樓,1200000,1020614
9451,79962352,吉安廣告企劃有限公司,臺中市龍井區新東里台中港路63號1樓,1000000,1020626
9454,79969572,展懿國際貿易股份有限公司,臺中市太平區長億里長億六街79巷10弄6號,1000000,1020613
9456,79974049,大潤通運有限公司,臺中市梧棲區草湳里臨港路二段488號2樓,55000000,1020620
9457,79974765,凱立化工有限公司,臺中市南區美村路二段278號1樓,2000000,1020618
9459,79975379,言昇國際事業有限公司,臺中市沙鹿區六路里台灣大道六段926巷7弄40號1樓,23000000,1020624
9461,79975841,源林工程股份有限公司,臺中市南屯區大墩西一街１０號１樓,10000000,1020611
9471,79986734,京觀品牌設計有限公司,臺中市西區藍興里大全街118號,1000000,1020603
9472,79987261,信亮企業有限公司,臺中市清水區東山里神清路98之12號,30000000,1020626
9473,79987902,至鵬企業有限公司,臺中市大里區環中東路六段206.208號1樓,1000000,1020605
9482,79996389,元盛事業有限公司,臺中市大雅區上雅里民生路1段31號1樓,500000,1020614
9483,79996515,允辰投資股份有限公司,臺中市大里區西榮路152巷42號1樓,20000000,1020619
9484,79996682,豐禾資訊科技企業有限公司,臺中市北屯區三和里東山路1段138巷45號1樓,8000000,1020610
9488,80000761,新大陸開發企業有限公司,臺中市太平區新福里中山路四段96巷6號1樓,5500000,1020611
9494,80007666,美塑彩妍國際有限公司,臺中市西區公益里忠明南路225號1樓,500000,1020628
9496,80007906,群義不動產經紀股份有限公司,臺中市南屯區文心路1段424號1樓　,180000000,1020605
9501,80012204,渥世達有限公司,臺中市潭子區大豐里大豐路3段77巷3號1樓,2000000,1020626
9507,80018116,大領實業有限公司,臺中市西屯區福和里中工三路46號Ｂ1樓之1,1000000,1020625
9514,80026312,台灣日東光學股份有限公司,臺中市大雅區中部科學工業園區科雅西路7號,568003000,1020626
9530,80057911,有成科技環保有限公司,臺中市南區樹義里福田二街268巷7號1樓,3000000,1020624
9534,80061507,天發水電工程有限公司,臺中市北區健行里梅亭街586之1號,7000000,1020627
9545,80078839,全雙工程有限公司,臺中市烏日區五光路復光六巷70號,20000000,1020627
9548,80082159,健鼎能源科技有限公司,臺中市西區民生路447號1樓,1000000,1020619
9557,80089961,金峰碩有限公司,臺中市大里區永隆里永隆九街37巷2號2樓,1000000,1020614
9559,80090910,鐵人有限公司,臺中市北區一中街107號1樓,3000000,1020618
9563,80099497,忠朋食品有限公司,臺中市南屯區豐樂里文心南一路93號2樓,10000000,1020626
9564,80100142,琥盛工程顧問有限公司,臺中市南屯區大墩五街88號,1200000,1020628
9566,80104055,得芬股份有限公司,臺中市大里區大元里國中一路25巷16號,23710000,1020625
9567,80104132,鋁匠實業有限公司,臺中市大里區新里里大里路406巷8號2樓,10000000,1020617
9578,80118749,晨禎營造股份有限公司,臺中市北區五常里五權路375號5樓,200000000,1020628
9580,80124377,瑭豐開發股份有限公司,臺中市西區公正里東興路三段160號13樓之3,87400000,1020604
9586,80134059,永信環球國際貿易有限公司,臺中市南屯區同心里向心南路906巷53號2樓之1,4000000,1020604
9588,80135542,廣奕建設股份有限公司,臺中市南區西川一路143號1樓,6000000,1020604
9589,80135819,圓寶國際有限公司,臺中市西區均安街119號2樓,500000,1020604
9591,80137491,永裕泰節能企業有限公司,臺中市東區東信里環中東路四段920號1樓,5000000,1020613
9594,80140593,達網通網路科技股份有限公司,臺中市南區忠明南路760號12樓,7000000,1020627
9602,80150711,亞太菁英股份有限公司,臺中市南屯區文山里精科北路7號,206350000,1020620
9631,80185628,御康股份有限公司,臺中市北區篤行路337巷15號,80000000,1020614
9638,80200803,翊興金屬股份有限公司,臺中市大肚區新興里沙田路2段2巷27號1樓,2000000,1020624
9651,80207587,群喜汽車事業股份有限公司,臺中市沙鹿區居仁里中棲路300號,72000000,1020628
9661,80218450,晉國工程顧問有限公司,臺中市北區立人里華美街二段262號6樓之3,1000000,1020624
9665,80219697,均佳生物科技有限公司,臺中市大里區大元里內元路160號1樓,10000000,1020606
9668,80220934,雅太營造工程有限公司,臺中市大雅區上雅里神林南路43巷20號1樓,3000000,1020617
9671,80226705,春鴻營造有限公司,臺中市南屯區向心里文心南路38號1樓,8000000,1020604
9672,80227704,忠北企業有限公司,臺中市豐原區南陽里24鄰保康路66巷26號8樓,500000,1020625
9673,80228181,大賈建設股份有限公司,臺中市北屯區崇德路三段1號,25000000,1020621
9681,80242509,友力科技股份有限公司,臺中市潭子區家福里頭張路一段117巷49號1樓,1000000,1020604
9682,80244252,府祐股份有限公司,臺中市大里區新里里國光路二段159號1樓,4500000,1020610
9692,80253250,軒鉅國際企業有限公司,臺中市南區民意街69-3號,10000000,1020628
9703,80269400,維創電子股份有限公司,臺中市中區民權路102號8樓之7,9759240,1020627
9739,80310225,華廣生技股份有限公司,臺中市南區大慶街二段100號,439467940,1020620
9740,80310554,太陽系數位科技有限公司,臺中市南屯區大業里大聖街201-1號7樓,1000000,1020614
9743,80315376,湘澤企業有限公司,臺中市西屯區惠來里市政北一路77號15樓之10,5000000,1020619
9744,80318155,禾軒地產經紀有限公司,臺中市北屯區文心路四段９３９號１樓,1000000,1020619
9746,80324136,臺灣康迪生物科技有限公司,臺中市潭子區東寶里雅潭路二段399巷200號,12000000,1020610
9799,80389138,大眾五金有限公司,臺中市大里區瑞城里塗城路340號1樓,11000000,1020606
9802,80389778,朝科大科技實業股份有限公司,臺中市大里區內新里新仁路2段259號4樓,1000000,1020620
9803,80392289,龍宇環管有限公司,臺中市南屯區豐樂里昌明巷61號1樓,3000000,1020614
9804,80392979,儷野大飯店股份有限公司,臺中市和平區武陵路3-16號,55660000,1020621
9807,80396692,欣興輪胎有限公司,臺中市沙鹿區中山路457號,500000,1020610
9812,80405600,蘭陽生物科技股份有限公司,臺中市新社區協成里興義街300號1樓,1500000,1020626
9816,80409583,昇皇科技有限公司,臺中市南區學府路189號3樓之12,5000000,1020625
9818,80413284,長利奈米生物科技股份有限公司,臺中市北屯區平興里北屯路366號9樓之2,28000000,1020626
9819,80415966,昱豐開發實業股份有限公司,臺中市西區美村路一段502號6樓之1,25000000,1020603
9827,80420665,禾裕工程企業有限公司,臺中市清水區西社里三民路2段91巷30弄22號,1000000,1020624
9828,80420861,環中路加油站股份有限公司,臺中市西屯區西墩里環中路2段1286號,25000000,1020607
9829,80422376,橘子灣企業有限公司,臺中市潭子區甘蔗里勝利一街57巷16號,1000000,1020604
9832,80429217,玉禾企業有限公司,臺中市北屯區松竹里崇德六路71號一樓,600000,1020604
9833,80431537,鎂鋒有限公司,臺中市西屯區嶺東路855-1號2樓,1000000,1020620
9834,80431760,凱豐機械股份有限公司,臺中市西屯區協和里工業區三一路19號,16000000,1020610
9837,80433113,承麗實業有限公司,臺中市南屯區楓和路676號1樓,3000000,1020627
9842,80437069,大和輪胎有限公司,臺中市南屯區同心里五權西路二段320號,5000000,1020628
9845,80442582,元創國際企業有限公司,臺中市北區賴明里大雅路470巷10號1樓,1000000,1020627
9846,80442823,義豐昌國際事業有限公司,臺中市豐原區朴子里國豐路三段100巷88號,200000,1020621
9848,80445700,日盛牛肉股份有限公司,臺中市北區新北里雙十路二段23號1及2樓、北區新北里錦新街3號1及2樓,29331000,1020614
9857,80458704,祥舜有限公司,臺中市龍井區新庄里新興路231號1樓,1000000,1020625
9866,80466612,力瑪科技股份有限公司,臺中市南屯區精科中路22號2樓,35000000,1020627
9871,80474660,正意食品股份有限公司,臺中市霧峰區四德路136巷53號,20000000,1020628
9873,80475892,祥豐麵粉有限公司,臺中市東區旱溪西路一段502號　,5000000,1020606
9884,80484533,豐達利企業有限公司,臺中市北屯區中清路149-10號1樓,1000000,1020618
9887,80487089,進嘉石材有限公司,臺中市北區賴福里梅川東路三段55號2樓,10000000,1020626
9895,80500479,台灣英特科人力股份有限公司,臺中市沙鹿區鹿寮里中山路531號,10000000,1020604
9899,80504881,保育環工科技股份有限公司,臺中市東區自由路三段12號10樓,6000000,1020607
9914,80527499,長鋐興業股份有限公司,臺中市清水區橋頭里民治東路269巷12號1樓,30000000,1020625
9925,80539116,超鼎企業有限公司,臺中市北屯區安順東二街38號1樓,2000000,1020621
9938,80548184,匠澤機械股份有限公司,臺中市西屯區協和里工業區35路50號,192764020,1020610
9940,80552026,德峙機械股份有限公司,臺中市南區復興路2段147號1樓,30000000,1020617
9948,80558605,大本瑩有限公司,臺中市烏日區太明路6之15號B棟,500000,1020607
9950,80559153,嘉文投資有限公司,臺中市南區民生路14巷15號1樓,3000000,1020625
9955,80563229,達權投資股份有限公司,臺中市南區忠明南路789號27樓之1　　　,196000000,1020613
9959,80566990,鴻章洗衣企業有限公司,臺中市北屯區軍功里軍功路二段391號1樓,3000000,1020628
9963,80571190,佳銓科技有限公司,臺中市大甲區西岐里順帆路127之2號,18000000,1020617
9964,80571396,展瑩股份有限公司,臺中市西區公民里忠勤街57號1樓,1000000,1020621
9965,80571728,茗宏企業有限公司,臺中市潭子區人和路24號1樓,10000000,1020627
9972,80579685,久禾光電股份有限公司,臺中市西屯區工業區六路8號3樓,234540000,1020617
9975,80583034,啟文精密工業股份有限公司,臺中市烏日區慶光路98之10號,36000000,1020628
9981,80589044,美佑建設股份有限公司,臺中市西屯區文心路3段241號23樓之1,1000000,1020611
9983,80590289,艾瑪通訊有限公司,臺中市西屯區福雅里永福路155-1號1樓,1000000,1020618
9984,80591674,德金建設股份有限公司,臺中市大里區國光路二段259號5樓之3,26780000,1020618
9985,80591745,庫克利數位科技有限公司,臺中市西屯區文心路三段212號1樓,1000000,1020617
9987,80593125,偉信股份有限公司,臺中市太平區中興里東平路715巷6號1樓,10000000,1020624
9997,80598487,金旺盛國際建設有限公司,臺中市大里區德芳路2段160號1樓,25000000,1020620
10002,80601188,朝陽影像科技股份有限公司,臺中市西屯區工業區31路12之3號,126000000,1020628
10010,80612565,元大開發有限公司,臺中市沙鹿區鹿寮里成功東街50號1樓,500000,1020620
10014,80614677,達誠興業有限公司,臺中市大里區長榮里中興路二段107巷8號1樓,6000000,1020618
10015,80615042,源久承精密有限公司,臺中市太平區長億里長億五街65號1樓,5000000,1020628
10028,80623850,鉅禾商行科技有限公司,臺中市北屯區平田里遼寧路一段1號1樓,15000000,1020610
10034,80634049,昌懋工業科技股份有限公司,臺中市太平區德隆里工業17路2號,10000000,1020614
10035,80634060,台金科技股份有限公司,臺中市西屯區中部科學工業園區科園一路3號,130000000,1020613
10039,80635764,船井電通股份有限公司,臺中市豐原區翁子里豐勢路一段457號1樓,28000000,1020627
10044,80638896,華利鋼鐵有限公司,臺中市霧峰區舊正里中正路2巷2號,130000000,1020626
10045,80640274,高檔貨國際有限公司,臺中市大里區愛心路71號1樓,1000000,1020603
10049,80646896,德億發企業有限公司,臺中市南屯區黎明路一段148巷45號1樓,5000000,1020621
10098,80690040,碩成科技股份有限公司,臺中市大里區新生西路181巷26號,10000000,1020619
10121,80711615,欣旻工業研發股份有限公司,臺中市太平區永豐路108巷30號1樓,60000000,1020607
10125,80715529,先鋒精密鈑金工業股份有限公司,臺中市烏日區光明里五光路復光六巷63弄12號,3000000,1020617
10127,80715957,卡通屋企業有限公司,臺中市北區新北里育才街29號1樓,4000000,1020614
10129,80718259,維特外語顧問有限公司,臺中市北屯區平福里崇德路二段256號6樓,4000000,1020620
10134,80721043,昆美有限公司,臺中市西區安龍里五權路2之46號5樓之2,20000000,1020610
10137,80723247,創華國際實業有限公司,臺中市西屯區大祥街8號3樓,500000,1020620
10138,80723653,中南海不動產經紀有限公司,臺中市龍井區新東里新興路96之29號,2000000,1020611
10139,80724317,創新印象科技有限公司,臺中市豐原區田心里中山路244號1樓,1000000,1020617
10140,80725033,君揚建設股份有限公司,臺中市南區復興路一段207巷17-11號1樓,15000000,1020610
10149,80730508,祺榮企業有限公司,臺中市烏日區光明里五光路復光3巷125號1樓,1000000,1020603
10150,80730866,敦富開發股份有限公司,臺中市南屯區豐樂里永平路409號1樓,21800000,1020610
10151,80733836,博緯企業有限公司,臺中市北區健行里華信街5號1樓,5000000,1020619
10155,80740007,廣昇金屬有限公司,臺中市豐原區南村里豐東路466號1樓,1000000,1020619
10162,80749372,哲園建設有限公司,臺中市南屯區三和里黎明東街508號1樓,25000000,1020628
10163,80749773,奕達精機股份有限公司,臺中市太平區中平里精美一街55巷25號1樓,41500000,1020618
10221,84081202,台灣富利業環保工程股份有限公司,臺中市南屯區向心路29號1樓,20000000,1020611
10223,84084101,同偉行有限公司,臺中市潭子區東寶里大富路一段40號,4000000,1020627
10226,84085615,源協全企業有限公司,臺中市西區土庫里存中街40號1樓,1000000,1020613
10227,84086522,集泉塑膠工業股份有限公司,臺中市霧峰區民生路198巷31號3樓,68003000,1020627
10229,84089350,鏈興水電材料有限公司,臺中市西區吉龍里美村路1段659號1樓,2000000,1020628
10231,84094369,華豫寧股份有限公司,臺中市北區進化北路238號4樓之8,331025090,1020628
10263,84151662,佳楠有限公司,臺中市西屯區西平里西安街277巷25弄17之3號,1000000,1020621
10269,84163365,家來建設有限公司,臺中市清水區學園街７０號,25000000,1020613
10276,84184517,富翊室內裝修工程有限公司,臺中市北區金華里雙十路二段203號1樓,1000000,1020603
10282,84190102,永自強工業有限公司,臺中市北屯區北屯路298巷26弄1號1樓,5000000,1020603
10284,84194825,政倫有限公司,臺中市豐原區南田里南田街297號,5000000,1020607
10285,84196871,機太股份有限公司,臺中市南區樹義里福田二街336號,160000000,1020619
10287,84200100,鑫昌成有限公司,臺中市大里區健民里仁化路221巷46號,3000000,1020628
10288,84201403,聯誠金屬工業股份有限公司,臺中市大甲區日南里東六街23號,29800000,1020621
10289,84203021,鈺踊工業有限公司,臺中市太平區鵬儀路329號1樓,5000000,1020627
10290,84207722,均泰實業股份有限公司,臺中市豐原區豐圳里成功路635巷34號1樓,25000000,1020611
10292,84215151,旭汶實業有限公司,臺中市神岡區岸裡里中山路238巷7-2號,6000000,1020621
10295,84222391,金裕營造有限公司,臺中市西區民龍里民權路303號1樓,15000000,1020620
10297,84224644,悅騰建設股份有限公司,臺中市大里區福大路50號,201000000,1020614
10304,84245845,長鴻企管顧問股份有限公司,臺中市西區安龍里民權路185號12樓之9,3300000,1020606
10305,84245900,創方有限公司,臺中市大里區仁化里仁慈街三九三號壹樓,10000000,1020618
10332,84310492,台灣產健股份有限公司,臺中市西屯區文心路3段296之1號1樓,28000000,1020620
10349,84346816,大瑞營造股份有限公司,臺中市北屯區平田里文心路四段936號8樓之1,60000000,1020607
10350,84355574,協輇國際股份有限公司,臺中市潭子區福仁里復興路一段2號6樓,5000000,1020621
10359,84370717,高琤塑膠工業有限公司,臺中市東區東光園路一○○巷六弄一七三號,5000000,1020610
10362,84375494,正豐空壓機有限公司,臺中市大甲區孟春里經國路1732號1樓,5000000,1020614
10366,84381480,大吉電話材料有限公司,臺中市北區青島路一段35之1號,6000000,1020624
10374,84414243,鉅同有限公司,臺中市太平區德隆里工業十七路37號,5000000,1020603
10375,84419866,金昌牙科材料有限公司,臺中市北區大義街38號1樓,1000000,1020628
10377,84425683,嘉祐鋁業股份有限公司,臺中市神岡區豐洲里豐工南路28號,50000000,1020614
10405,84513790,東億貿易股份有限公司,臺中市烏日區溪埧里溪南路一段263巷78號1樓,11000000,1020610
10406,84515191,愷越企業有限公司,臺中市南屯區文心南三路207巷2號,60100000,1020627
10412,84526958,久育營造有限公司,臺中市北屯區東山路一段156之6號7樓之1,15000000,1020605
10413,84527680,召和實業有限公司,臺中市北區頂厝里進化北路280巷10號1樓,1000000,1020614
10418,84546173,民碩有限公司,臺中市豐原區社皮里中正路685巷2弄16號,2000000,1020627
10426,84568372,人信泰股份有限公司,臺中市太平區宜昌里富宜路232巷27號,62220000,1020621
10430,84573558,和吉星有限公司,臺中市潭子區家福里得天南街2號,1000000,1020605
10434,84579173,振煜工業股份有限公司,臺中市龍井區忠和里西濱路三段237號,15000000,1020606
10438,84589046,歐俐極品企業有限公司,臺中市西區公正里東興路三段272號1樓,2500000,1020613
10440,84590276,榆生貿易有限公司,臺中市西區廣民里自治街7號1樓,10000000,1020614
10441,84594940,綺利五金有限公司,臺中市豐原區南村里豐勢路1段66號,1000000,1020621
10451,84630426,王品餐飲股份有限公司,臺中市西區台中港路一段160號29樓,747455180,1020614
10454,84634598,鑫潮昇塑膠股份有限公司,臺中市龍井區東海里遊園北路336巷13號1樓,6000000,1020617
10461,84648538,寶鶴工程有限公司,臺中市南屯區春社里永春南路17號1樓,11000000,1020619
10470,84664516,享泰鋼鐵有限公司,臺中市南屯區楓樹里樂田巷2之30之3號1樓,10000000,1020625
10472,84668750,正貿企業股份有限公司,臺中市南屯區新生里筏子東街一段169號1樓,10000000,1020603
10475,84673803,大方消防器材有限公司,臺中市清水區橋頭里民治五街103號,5000000,1020605
10476,84677126,東電研工業股份有限公司,臺中市大里區健民里仁化工三路250號,20000000,1020610
10477,84677266,亞迪爾企業有限公司,臺中市龍井區龍津里三港路145巷21號,15000000,1020628
10484,84697381,偉順股份有限公司,臺中市大雅區神林路一段36巷2號,10000000,1020627
10485,84697684,融達有限公司,臺中市大里區華城街51巷11號1樓,2000000,1020619
10488,84701370,佑億有限公司,臺中市大甲區江南里南北一路132號,1000000,1020621
10524,84794877,金益山文具企業有限公司,臺中市大里區仁福街126號,15000000,1020624
10529,84796544,生兆化工有限公司,臺中市霧峰區舊正里中正路2巷2號,10000000,1020605
10535,84812495,富鴻企業有限公司,臺中市北屯區平順里安順東九街65號1樓,6000000,1020628
10540,84820848,久禾達工業股份有限公司,臺中市潭子區福仁里潭興路2段63巷6號1樓,50000000,1020607
10542,84823704,誠寶廣告企劃股份有限公司,臺中市北屯區平和里遼陽二街17號1樓,3000000,1020626
10544,84830402,昶行企業有限公司,臺中市大里區東湖里東南路148巷34弄3號,2000000,1020605
10547,84833034,富勤油漆工程有限公司,臺中市西屯區上德里青海路二段193巷3之1號,5000000,1020610
10549,84833920,奕呈工業有限公司,臺中市太平區建國里鵬儀路296巷16弄13-15號,5000000,1020613
10553,84846571,東方金屬有限公司,臺中市沙鹿區三鹿里保順路35號1樓,8000000,1020626
10554,84848070,金頂旅行社有限公司,臺中市西屯區西屯路二段251-5號,10000000,1020607
10567,84864471,弘大國際事業有限公司,臺中市北區忠太東路80號2樓,3000000,1020606
10569,84871374,彥安實業股份有限公司,臺中市烏日區溪壩里溪南路一段599號,12000000,1020607
10580,84890528,鴻運營造有限公司,臺中市清水區橋頭里民治三街65號1樓,200200000,1020613
10619,84967716,富錡企業股份有限公司,臺中市大雅區鳳鳴路26號1樓,5000000,1020613
10622,84971606,象元印刷事業股份有限公司,臺中市南屯區楓樹里環中路五段458之1號,15000000,1020621
10626,84982815,中匯投資股份有限公司,臺中市西區忠明南路100號,195000000,1020625
10633,84990619,星奕通信工程有限公司,臺中市北屯區旅順路二段380號6樓,1000000,1020628
10635,84995699,晉宇室內裝修興業有限公司,臺中市霧峰區萬豐里中正路228之1號1樓,5000000,1020621
10636,84996780,德曜投資股份有限公司,臺中市豐原區中正路166號1樓,16000000,1020607
10649,85840188,欣成旅行社有限公司,臺中市豐原區民生街78號1樓,7000000,1020618
10681,86072495,首鋼實業股份有限公司,臺中市大里區工業十一路175號,20000000,1020617
10683,86074493,全重股份有限公司,臺中市東區旱溪里自由路四段121巷9號1樓,5000000,1020618
10685,86079429,晟功領機械股份有限公司,臺中市烏日區中山路3段508號1樓,5000000,1020626
10686,86081380,路新企業有限公司,臺中市南區忠孝路１６５巷１１號１樓,5000000,1020604
10693,86100534,上益資訊有限公司,臺中市北屯區瀋陽路一段88號1樓,1000000,1020628
10694,86103455,東興儀器有限公司,臺中市南屯區大興里東興東街22巷5號,5000000,1020618
10697,86121067,誠友開發股份有限公司,臺中市太平區大興路361號,600000000,1020621
10700,86121741,中賓停車場股份有限公司,臺中市北區三民路三段167之1號（地下2樓）,180000000,1020625
10701,86122185,協利貨櫃通運股份有限公司,臺中市南屯區向上南路一段294號1樓,36000000,1020624
10702,86122278,弘邦股份有限公司,臺中市西屯區惠來里府會園道179號19樓,365000000,1020605
10719,86175788,詮技企業有限公司,臺中市西區公平里公益北街26號,3000000,1020607
10731,86198473,建銘營造股份有限公司,臺中市北屯區崇德路二段128號5樓之1,100000000,1020625
10735,86210342,瑪科隆股份有限公司,臺中市西區忠明南路303號24樓之2,64500000,1020628
10736,86210758,南海岸企業有限公司,臺中市北屯區和平里東山路一段369-32號1樓,6720000,1020619
10742,86219358,柯泰精機工業股份有限公司,臺中市大甲區義和里中山路一段312號1樓,5000000,1020626
10744,86220910,冠旺實業股份有限公司,臺中市豐原區大湳里三豐路335號,8320800,1020625
10746,86221495,昇助螺絲有限公司,臺中市太平區中平里中興路113巷13弄3號,5000000,1020607
10748,86225648,中元企業股份有限公司,臺中市東區十甲里十甲巷30弄11號1樓,40000000,1020624
10754,86240009,長銀企業股份有限公司,臺中市南區樹義里福田三街113巷10弄10號1樓,8000000,1020605
10757,86241611,成豐五金有限公司,臺中市神岡區社口里中山路478巷56號,1000000,1020617
10758,86242463,顥記實業股份有限公司,臺中市北屯區水景里軍福11路531號1樓,5000000,1020626
10763,86253876,寶慶文化科技股份有限公司,臺中市南區忠明南路580巷9號1樓,12000000,1020625
10764,86255706,大晟營造股份有限公司,臺中市西屯區台中港路三段107號6樓,180000000,1020628
10766,86258318,冠林營造股份有限公司,臺中市西屯區漢口路二段138號6樓,35000000,1020621
10772,86272418,弘彬企業有限公司,臺中市沙鹿區鎮南路永福巷91號,2000000,1020604
10790,86318667,廣祐財務管理顧問有限公司,臺中市南區南昌街40號,500000,1020611
10793,86328779,凱風印刷事業有限公司,臺中市北屯區松竹里崇德三路102號1樓,2000000,1020624
10800,86349140,磁合電機股份有限公司,臺中市北區東光二街10巷1號,6000000,1020626
10808,86369378,宏龍建設股份有限公司,臺中市南屯區南屯路二段408號6樓之2,25000000,1020628
10832,86410974,尚億昌塑膠股份有限公司,臺中市豐原區西湳里三豐路885巷1之3號,2000000,1020628
10834,86414606,麥方國際有限公司,臺中市西區民龍里西屯路一段125號1樓,5000000,1020604
10837,86419623,州邦企業有限公司,臺中市西屯區寧夏東二街26號1樓,10000000,1020607
10842,86426440,長昆水電工程有限公司,臺中市北區德化街136號1樓,2000000,1020610
10844,86434048,嘉賢機械工業股份有限公司,臺中市梧棲區永安里港南路二段238巷49號,5000000,1020617
10845,86434602,慶明皮革有限公司,臺中市烏日區仁德里信義街一九三巷二四弄一二號,5000000,1020604
10883,86527215,盟豐輪胎有限公司,臺中市清水區海賓里臨港路五段522號,2000000,1020627
10893,86553418,大寶貿易股份有限公司,臺中市太平區德隆里10鄰工業16路22號,36000000,1020628
10894,86553634,駟鑫企業有限公司,臺中市潭子區東寶里大豐路一段205-1號1樓,5000000,1020628
10895,86553682,銓勝實業有限公司,臺中市中區大誠里中正路285號,8000000,1020620
10902,86578473,保塑美工業有限公司,臺中市豐原區翁明里圓環北路二段317巷59號,5000000,1020607
10906,86590949,群元印刷事業有限公司,臺中市大肚區遊園路二段189號1樓,1000000,1020610
10912,86608589,台灣寶山國際股份有限公司,臺中市石岡區萬安里豐勢路1089號,5000000,1020614
10914,86616011,惠傑工業股份有限公司,臺中市豐原區鎌村里鎌村路271巷79號,15000000,1020613
10917,86617932,永鎰實業股份有限公司,臺中市神岡區溪洲里神洲路731號,39000000,1020624
10918,86619116,福濟股份有限公司,臺中市豐原區西安里成功路227號1樓,4000000,1020614
10924,86626209,璽園建設有限公司,臺中市大里區內新里新仁路二段262號1樓,25000000,1020624
10926,86635256,春源企業有限公司,臺中市豐原區翁明里圓環北路二段317巷9弄22號,1000000,1020620
10933,86645846,弘詳石材實業有限公司,臺中市烏日區學田里學田路379號1樓,5000000,1020626
10934,86648695,佳永商業機器有限公司,臺中市北區健行里忠明路424號17樓之4,5000000,1020624
10938,86664580,晶德科技廠股份有限公司,臺中市梧棲區草湳里永興路2段378巷35號,25500000,1020617
10939,86665032,福霖園藝有限公司,臺中市南屯區南屯里黎明路一段1008號1樓,10000000,1020628
10944,86680287,立璉企業有限公司,臺中市大里區仁化里仁堤路40號1樓,1000000,1020605
10967,86743190,山淳企業有限公司,臺中市梧棲區頂寮里臨港路三段830之1號4樓,10000000,1020620
10969,86749835,裕安豐工程有限公司,臺中市北屯區大德里雷中街32巷55號2樓,6000000,1020613
10973,86757291,博大科技股份有限公司,臺中市南屯區工業區22路36號,600441350,1020628
10981,86783299,星彰實業股份有限公司,臺中市南屯區大墩六街264號1樓,2000000,1020624
10984,86788105,信為精密股份有限公司,臺中市南區信義南街292號1樓,5000000,1020626
10986,86792993,社口張犂記本店實業股份有限公司,臺中市神岡區社口里中山路520號,10200000,1020607
10988,86794681,伸保水電工程股份有限公司,臺中市南屯區同心里大墩二街188號1樓,6000000,1020618
10989,86795979,金石砂石股份有限公司,臺中市西屯區協和里安和路水尾巷1-12號1樓,7000000,1020605
10992,86798666,臺威股份有限公司,臺中市南區頂橋三巷21之1號1樓,25000000,1020628
10995,86803915,聖家室內裝修設計工程有限公司,臺中市清水區中社里中社路97之526號,1500000,1020611
10997,86815145,德人建設事業股份有限公司,臺中市大里區中新里現岱路18號3樓,25000000,1020613
11000,86824448,育義有限公司,臺中市神岡區岸裡里大豐路五段455巷19號,5000000,1020619
11004,86831291,龍濱企業有限公司,臺中市龍井區忠和里中央路三段7號,1000000,1020606
11007,86836438,樺助有限公司,臺中市神岡區豐洲路135巷1弄112號,2000000,1020614
11008,86837112,銳格精機股份有限公司,臺中市神岡區中山路851巷35弄39號,8000000,1020613
11041,86930026,喬領企業有限公司,臺中市西屯區潮洋里朝馬一街32號1樓,40000000,1020624
11043,86939906,埔豊實業股份有限公司,臺中市東勢區慶福里東關街82號,5000000,1020606
11044,86940039,恒泰國際貿易股份有限公司,臺中市豐原區翁子里豐勢路2段477巷6號,6000000,1020613
11055,86971476,銘佳建設開發股份有限公司,臺中市豐原區北陽里中陽東街68號1樓,25000000,1020610
11056,86975000,庭盛實業股份有限公司,臺中市東區十甲里自由路四段312號8樓,5000000,1020611
11057,86975310,建田金屬實業有限公司,臺中市太平區成功東路301巷13號4樓,5000000,1020627
11059,86976459,井盛營造工程股份有限公司,臺中市北屯區平心里遼陽四街118號1樓,25800000,1020617
11061,86978702,健鴻藥品有限公司,臺中市西屯區何源里河南東二街64號2樓,3000000,1020614
11065,86985112,富憶企業有限公司,臺中市大肚區頂街里沙田路三段250號,10000000,1020620
11066,86986506,宗達企業股份有限公司,臺中市外埔區廍子里土城路230號,5000000,1020603
11078,89201607,中大冷凍材料股份有限公司,臺中市太平區建興里鵬儀路327號1樓,8000000,1020627
11083,89217328,富仲企業股份有限公司,臺中市豐原區南田里水源路258巷79號2樓,15000000,1020628
11092,89226184,卡齊全有限公司,臺中市南屯區文山里保安三街13號1樓,5000000,1020621
11096,89233832,晉湧有限公司,臺中市北屯區仁和里后庄路980巷11弄15號1樓,5000000,1020627
11102,89244845,愷樂實業有限公司,臺中市北屯區平田里瀋陽路三段381號1樓,5000000,1020624
11131,89305048,智安開發設計有限公司,臺中市北屯區水景里水景街88巷7號2樓,500000,1020628
11137,89323329,佳根機械工業股份有限公司,臺中市太平區興隆里東方二街18巷9弄7號1樓,3000000,1020611
11140,89325430,隆典工程有限公司,臺中市南屯區田心里惠德街98號1樓,3000000,1020621
11141,89326753,鍇興工業股份有限公司,臺中市霧峰區板橋路68之1號,50000000,1020607
11142,89333591,敬東科技股份有限公司,臺中市霧峰區本堂里育群路195號1樓,35000000,1020618
11146,89343438,大鋼友金屬股份有限公司,臺中市大里區東興里永興路232巷45號,90000000,1020619
11152,89361619,咏昌交通有限公司,臺中市潭子區頭家里和平路38號2樓,30000000,1020619
11154,89364566,萬展汽車貨運有限公司,臺中市東勢區新盛里東關路613-7號1樓,25000000,1020610
11158,89375938,鏈興企業有限公司,臺中市大里區東興里永興路157巷11號2樓,5000000,1020604
11160,89376922,家家買企業股份有限公司,臺中市南屯區豐樂里文心南三路790號1樓,20000000,1020619
11188,89430453,儒灃企業有限公司,臺中市西區大進街151巷2號3樓之6,1000000,1020627
11229,89503357,丞謚鞋業股份有限公司,臺中市豐原區南村里水源路427巷52號,5000000,1020618
11234,89510890,訊捷有限公司,臺中市大雅區上楓里民生路3段415巷23號1樓,2000000,1020624
11236,89516846,展成精密工業有限公司,臺中市東區大興街89號1樓,12000000,1020627
11240,89531332,五協工程有限公司,臺中市南屯區大墩五街327號1樓,3000000,1020621
11241,89535105,福河音響有限公司,臺中市神岡區社南里三社路417號1樓,5000000,1020621
11242,89536060,申伸鋼鐵工業有限公司,臺中市清水區下湳里菁埔路260號,3000000,1020626
11245,89544054,文氏有限公司,臺中市太平區太平路89號,1000000,1020605
11253,89552032,宏諾股份有限公司,臺中市南區南平路169號11樓之2,5000000,1020624
11259,89567226,琨貿有限公司,臺中市神岡區社口里民權一街169巷8號,1000000,1020624
11262,89570377,杰申企業股份有限公司,臺中市大雅區四德里中清路１段１２８巷１１號１樓,50000000,1020617
11264,89578080,賽環科技股份有限公司,臺中市東區忠孝路264號,10000000,1020610
11267,89584392,明章實業有限公司,臺中市東區東信里東英路180號1樓,1000000,1020614
11289,89639100,牧廸股份有限公司,臺中市潭子區聚興里豐興路一段2巷3號1樓,5000000,1020624
11301,89660314,昇廷有限公司,臺中市大雅區員林里大林路191巷36號,1000000,1020620
11303,89665943,上學電氣有限公司,臺中市東區東信里振興路４４３巷４弄１１號１樓,1000000,1020611
11312,89675983,博視科學教育事業有限公司,臺中市西屯區林厝里福雅路656-2號1樓,6000000,1020619
11313,89676012,旻昌建設有限公司,臺中市太平區宜欣一路45號1樓,25000000,1020611
11320,89687138,林源建設股份有限公司,臺中市西區臺灣大道二段489號27樓之2,35000000,1020620
11325,89696782,慶億油壓機械有限公司,臺中市太平區宜欣里宜欣四街29號1樓,5000000,1020621
11330,89709251,好廣貿易股份有限公司,臺中市南區西川里柳川西路一段9號,26000000,1020628
11332,89709597,煜詠企業有限公司,臺中市北屯區柳陽東街131巷26號1樓,500000,1020610
11354,89773318,吉航股份有限公司,臺中市豐原區北陽里中陽路224號,5000000,1020628
11356,89773838,裕鉦壹工業有限公司,臺中市大肚區沙田路一段320巷50之3號,1000000,1020619
11358,89775527,群佑國際人才仲介股份有限公司,臺中市清水區南社里中華路302號,10000000,1020610
11359,89779988,永定工業股份有限公司,臺中市南區江川里復興園路37號,1000000,1020603
11361,89780599,華菱冷凍設備有限公司,臺中市西屯區福雅路256巷20-2號,10000000,1020628
11365,89789064,祐昌電機有限公司,臺中市西區忠明里美村路１段４３號８樓之１３,1000000,1020611
11368,89792899,宥興興業有限公司,臺中市大里區永隆里永隆路315號1樓,15000000,1020617
11369,89793601,望勝工程有限公司,臺中市南區福順里復興路二段99巷16弄32號1樓,10000000,1020628
11373,89808029,德雙直動股份有限公司,臺中市南屯區春社里同安南巷3之18號1樓,5500000,1020620
11375,89814583,擎億保全股份有限公司,臺中市北區崇德路一段631號11樓之3,40000000,1020606
11376,89817462,盛發消防工程有限公司,臺中市北屯區東山路一段50巷74號1樓,3000000,1020627
11379,89824365,新輯實業有限公司,臺中市梧棲區中正里居仁街217巷2號,1000000,1020607
11381,89828340,田崟企業股份有限公司,臺中市神岡區神岡里中山路1363之5號,6000000,1020603
11383,89838023,偉旻營造有限公司,臺中市西區五權五街58號1樓,22500000,1020620
11387,89847705,大源投資有限公司,臺中市西區臺灣大道二段489號27樓之1,250000000,1020619
11391,89861255,聲威保全股份有限公司,臺中市南屯區保安五街216號1樓,40000000,1020614
11395,89875069,誠裕模具股份有限公司,臺中市太平區精美路166巷38號,38000000,1020603
11410,89921556,嘉太電氣工程有限公司,臺中市大雅區上雅里神林南路43巷20號1樓,3650000,1020621
11437,89984123,儒壕企業有限公司,臺中市北屯區平和里瀋陽路二段135號1樓,30000000,1020628
11440,89988795,歐鼎衛浴股份有限公司,臺中市大里區大智路792號2樓,20000000,1020627
11441,89991412,專明工業股份有限公司,臺中市大甲區日南里青年路137號,5000000,1020624
11444,89995780,總澄企業有限公司,臺中市大里區瑞城里中興路1段2巷205弄8號,1500000,1020614
11454,93701695,政裕營造股份有限公司,臺中市北區淡溝里臺灣大道二段360號22樓之5,30000000,1020618
11464,96860294,勇興交通有限公司,臺中市神岡區社口里民權二街45巷19號1樓,25000000,1020624
11471,96870440,益暉實業有限公司,臺中市大里區仁化里仁美路137巷27號、29號,46000000,1020620
11473,96871969,詠忠工業股份有限公司,臺中市太平區永隆里光興路556巷81號1樓,5000000,1020619
11475,96873517,丹麗益業股份有限公司,臺中市霧峰區吉峰里吉峰路133巷2弄6號,10000000,1020606
11479,96881241,原冠工程有限公司,臺中市太平區新吉里新吉路54巷29號1樓,2000000,1020614
11480,96884726,家憲營造有限公司,臺中市龍井區龍泉里沙田路五段386號2樓,3000000,1020604
11482,96889068,日綺股份有限公司,臺中市龍井區忠和里工業路182巷36號,10000000,1020610
11483,96889877,台塑調理有限公司,臺中市太平區中和街461號1樓,5000000,1020627
11485,96892660,正桓工業有限公司,臺中市大甲區頂店里錦上街29巷17號,25000000,1020610
11489,96894581,政舜印刷事業有限公司,臺中市南屯區豐樂里文心南二路461號,12000000,1020624
11490,96895961,來穎企業有限公司,臺中市大雅區員林里雅環路三段19巷13號1樓,5000000,1020619
11491,96898307,好友食品機械有限公司,臺中市后里區泰安里安眉路26之9號1樓,6000000,1020620
11493,96902463,仂運工業有限公司,臺中市潭子區大豐路一段246號,2000000,1020604
11499,96916939,安心飲企業有限公司,臺中市清水區槺榔里鰲峰路589之3號,1000000,1020624
11511,96952224,義環實業有限公司,臺中市太平區鵬儀路327號,500000,1020627
11524,96970790,台灣奧利安產業股份有限公司,臺中市龍井區忠和里海尾路242號,40000000,1020628
11537,96985040,明德貨櫃通運有限公司,臺中市梧棲區草湳里建國南街２６巷１０號１樓,30000000,1020611
11543,96991606,展詮企業有限公司,臺中市西屯區永安里福雅路337號1樓,500000,1020621
11550,97008056,崴傑五金股份有限公司,臺中市南區樹義里復興路一段23號,24000000,1020610
11560,97019645,定興投資股份有限公司,臺中市西屯區惠文七街90號1樓,50000000,1020619
11561,97019650,允聯國際有限公司,臺中市北屯區青島路三段95號2樓,20000000,1020611
11567,97028861,富捷貿易有限公司,臺中市南區長春里濟世街72號,5000000,1020627
11572,97033082,廣夏工程有限公司,臺中市潭子區東寶里大富路一段2巷21弄8號1樓,3000000,1020613
11574,97033386,貝力實業有限公司,臺中市南區德祥街51號,5000000,1020619
11576,97037215,鑫全資訊開發股份有限公司,臺中市北屯區忠平里敦化路462號10樓,10000000,1020628
11578,97038208,中台灣營造股份有限公司,臺中市西屯區工業區一路2巷3號7樓之2,100000000,1020617
11584,97049802,磊高營造股份有限公司,臺中市龍井區龍西里茄投路147之1號1樓,13200000,1020614
11586,97053404,仁化加油站股份有限公司,臺中市大里區仁化里仁化路686號,10000000,1020613
11587,97055418,正璿精密實業股份有限公司,臺中市烏日區溪南路一段680巷199號,86500000,1020628
11589,97058040,宜模企業股份有限公司,臺中市太平區中興里永義二街29號1樓,10350000,1020607
11594,97070430,群勝營造有限公司,臺中市西屯區福和里福安五街33巷3號1樓,3000000,1020611
11595,97073416,偉技機電股份有限公司,臺中市東區一心街386號,8000000,1020626
11647,97171107,豐盟有線電視股份有限公司,臺中市豐原區圓環南路193號12樓,739955270,1020621
11661,97186474,戽美營造有限公司,臺中市東勢區新盛里豐勢路2-1號1樓,22500000,1020605
11667,97194729,哲哲的店有限公司,臺中市北區新北里太平路２２號３樓,1000000,1020618
11670,97199251,米堤汽車旅舘有限公司,臺中市西屯區惠來里河南路3段301號,6000000,1020607
11672,97203059,隆頤工業有限公司,臺中市神岡區社南里中山路851巷35弄11號,1000000,1020626
11679,97215983,吾家房屋仲介有限公司,臺中市西屯區上石里青海路2段208號1樓,1000000,1020606
11682,97226763,盛方源科技股份有限公司,臺中市南屯區河南路四段220號1樓,20000000,1020621
11683,97230719,日恒營建有限公司,臺中市西區忠明里台中港路1段302號12樓之1,28000000,1020614
11688,97241130,林億實業股份有限公司,臺中市南屯區三和里惠中路3段36號12樓,195000000,1020614
11705,97274363,雙冠生技股份有限公司,臺中市西屯區何南里大墩路942號2樓,19000000,1020606
11738,97342587,中興農業化學有限公司,臺中市南區福平里光輝一街62號1樓,1000000,1020614
11742,97348702,任我遊網路科技股份有限公司,臺中市北區文莊里大雅路45號5樓,50000000,1020624
11743,97357928,中暘管理顧問股份有限公司,臺中市西屯區工業區一路2巷3號5樓之3,8289540,1020611
11746,97361562,龍閣機械有限公司,臺中市豐原區西安里圓環南路158號,5000000,1020617
11748,97369207,昇旺國際實業有限公司,臺中市南區積善里五權南路680巷28弄19號1樓,7000000,1020620
11749,97372322,福賢營造有限公司,臺中市霧峰區南勢里北岸路80之14號1樓,3000000,1020611
11752,97382530,家樂寶企業有限公司,臺中市西區忠誠里忠明路32號2樓,10000000,1020621
11756,97390855,良峻工業股份有限公司,臺中市西屯區工業區36路49號,29000000,1020621
11766,97413800,上千鋼鐵股份有限公司,臺中市太平區福隆里光興路1463巷42弄61號1樓,20000000,1020628
11788,97447647,富旺國際開發股份有限公司,臺中市西區大隆路20號4樓之5,1565507830,1020607
11808,97490720,暉晟工程有限公司,臺中市太平區長安路313巷27號2樓,7000000,1020627
11813,97506791,愛地雅工業股份有限公司,臺中市梧棲區草湳里港埠路1段497號,1349397990,1020624
11814,97531047,耀順工業股份有限公司,臺中市霧峰區南勢里豐正路工業巷6弄7號,12000000,1020628
11815,97536401,大新製刀股份有限公司,臺中市太平區建興里鵬儀路317、319號,6000000,1020614
11816,97540263,家聯企業有限公司,臺中市太平區新光里新高東路12巷7號,1000000,1020603
11817,97550965,貴群實業股份有限公司,臺中市霧峰區四德路611號,70000000,1020628
11818,97578176,宥信交通股份有限公司,臺中市神岡區社口里民權二街45巷19號3樓,10000000,1020626
11819,97580118,威興鑄造工業有限公司,臺中市太平區中興里東平路９５０號,10000000,1020621
11820,97590122,台氟科技股份有限公司,臺中市西屯區工業區七路28號,520000000,1020611
11823,97750767,明虹玻璃股份有限公司,臺中市太平區東平路715巷8弄3號,5000000,1020628
11824,97751359,福濱樂器有限公司,臺中市東區十甲里振福路100巷2號1樓,5000000,1020605
