序號,統一編號,公司名稱,公司所在地,資本額,核准變更日期
36,02895911,昆富工業股份有限公司,臺中市外埔區大同里甲后路332號1樓,136000000,1031118
38,02948240,拓冠股份有限公司,臺中市北屯區文心路四段698號14樓之2,5000000,1031127
39,02998281,昌錦企業股份有限公司,臺中市西屯區協和里工業區42路33號,5000000,1031104
75,04259584,宏昌散熱器股份有限公司,臺中市大雅區三和里春亭二街6號,6000000,1031103
195,05382415,上立汽車股份有限公司,臺中市西屯區文心路三段137號,180000000,1031124
198,05596417,中志有限公司,臺中市南屯區同心里大墩西一街14號5樓,5000000,1031110
205,05753725,仕盟機械工業股份有限公司,臺中市豐原區南嵩里水源路115巷42號,28000000,1031121
206,05841050,賢經企業股份有限公司,臺中市大里區立新街88號1樓,70000000,1031113
317,12168600,朝田企業股份有限公司,臺中市西屯區大有五街45號1樓,14000000,1031118
390,12603456,三信開發合板業股份有限公司,臺中市烏日區溪南路一段506巷160號1樓,15000000,1031127
392,12604074,菁宸科技股份有限公司,臺中市西屯區何源里河南東三街27號2樓,3500000,1031119
403,12616852,便利屋實業有限公司,臺中市北區錦祥里育強街98號,1000000,1031124
408,12621145,甫浩股份有限公司,臺中市北屯區后庄三街217巷28號1樓,16000000,1031120
409,12621882,協益勝企業有限公司,臺中市太平區太平里新仁路1段22巷71號1樓,10000000,1031105
410,12622067,久弘文化事業有限公司,臺中市大里區新里里永隆一街82號3樓,600000,1031117
416,12637982,惠權通信有限公司,臺中市北區健行里中清路一段325號7樓之10,1000000,1031124
445,12677724,台灣比菲多食品股份有限公司,臺中市北區淡溝里臺灣大道二段360號5樓之1,506819690,1031105
466,12707656,美林藝術文創股份有限公司,臺中市西區中興里中興街183號4樓之1,70904070,1031119
487,12739783,捷豹聯合科技股份有限公司,臺中市大雅區西寶里昌平路四段490號,18800000,1031117
490,12743371,金德信不動產仲介經紀有限公司,臺中市西屯區福科路332號,600000,1031113
492,12745883,麗太科技股份有限公司,臺中市龍井區忠和里西濱路三段25號,45000000,1031113
493,12747496,大勝加油站有限公司,臺中市大里區大明路482號1樓,120000000,1031117
500,12762088,台大加油站股份有限公司,臺中市南區城隍里建成路1060號,30000000,1031113
507,12774057,華麗金銀樓股份有限公司,臺中市南屯區溝墘里大墩路769號1樓　,10000000,1031127
508,12774916,勝睿實業有限公司,臺中市北區金華里興進路213號7樓之1,1000000,1031121
515,12780635,樹德企業股份有限公司,臺中市南屯區向上路二段330之6號1樓　,111600000,1031112
516,12782922,優聖美有限公司,臺中市西屯區寧夏路221之1號1樓,1000000,1031122
517,12786814,日越國際有限公司,臺中市南屯區三厝里惠中路3段56巷18號1樓,12600000,1031112
532,12802429,伊豆開發股份有限公司,臺中市北屯區梅川西路四段282號11樓,15000000,1031107
535,12806430,鉅宏不銹鋼有限公司,臺中市梧棲區永安里向上路九段562巷88號,1000000,1031117
538,12811362,丞慶汽車有限公司,臺中市南屯區豐樂里文心南路302號1樓,20000000,1031107
542,12815711,聯和木業有限公司,臺中市大里區立仁里甲堤七街10號,15000000,1031120
550,12826978,群崴營造股份有限公司,臺中市北屯區和平里軍功東街96巷22號2樓,8000000,1031111
551,12828461,松賦精密研磨有限公司,臺中市太平區中興里新平路一段二七九巷七一號一樓,500000,1031120
552,12828791,緯鑫金屬股份有限公司,臺中市北屯區文心路四段955號15樓之4,4000000,1031126
554,12831091,丞雄實業有限公司,臺中市大里區永隆里永隆三街70號1樓,6000000,1031124
559,12842490,永舜營造股份有限公司,臺中市西屯區西屯路二段256巷6號7樓之2,15000000,1031113
564,12849487,力龍國際股份有限公司,臺中市西屯區福和里臺灣大道四段767號10樓之2,10000000,1031112
569,12856830,新社農業生物科技股份有限公司,臺中市新社區協成里協中街167-1號,619000000,1031107
591,12895572,嘉里興業股份有限公司,臺中市神岡區中山路801-21號,10000000,1031120
596,12903572,神航企業有限公司,臺中市南區福田三街113巷19之2號1樓,2500000,1031121
601,12906769,捷迅科技有限公司,臺中市大里區國光路二段540之3號2樓,5000000,1031124
604,12913305,百立威國際股份有限公司,臺中市北區長青里武漢街73號1樓　,5000000,1031103
606,12914418,詠宸膠膜廠有限公司,臺中市太平區立德街71號1樓,1200000,1031108
609,12916197,承究實業有限公司,臺中市梧棲區頂寮里四維東路149巷10號1樓,5000000,1031125
622,12939473,豐利國際有限公司,臺中市太平區宜佳街8巷39號1樓,10000000,1031114
654,12985433,喜雅圖國際事業有限公司,臺中市西屯區大河里大河一巷三弄6號,1000000,1031128
661,12993433,玉潞企業有限公司,臺中市北屯區崇德六路22號8樓之2,5000000,1031105
668,12997825,佶擎機械有限公司,臺中市西屯區福雅里福順路225號1樓,11000000,1031111
669,12998747,羅布森股份有限公司,臺中市西區大忠里五權西路一段257號13樓之2,42000000,1031112
673,13005324,偉潤科技股份有限公司,臺中市西屯區工業區38路210號7樓之12,45872100,1031117
684,13015940,菲適德國際事業有限公司,臺中市西區忠誠里大隆路20號7樓之7,3000000,1031118
689,13023364,生技公元國際有限公司,臺中市西屯區逢甲里河南路二段262號6樓之3,5000000,1031112
693,13028255,長辰國際股份有限公司,臺中市潭子區東寶里大明一路８０號,18000000,1031112
694,13031982,金車停車事業有限公司,臺中市西屯區何源里華美西街二段311號5樓之1,5000000,1031119
697,13036023,銘得汽車修配有限公司,臺中市西屯區西屯路二段251-4號1樓,1000000,1031114
700,13046107,旺毅企業有限公司,臺中市大肚區自強里中沙路164巷1弄101號,15000000,1031119
705,13051163,仁徠貿易有限公司,臺中市西區中興里公益路155巷102號,30000000,1031111
707,13052070,清新國際股份有限公司,臺中市烏日區學田里2鄰溫泉路2號,525000000,1031112
711,13059828,佳明生技有限公司,臺中市西屯區文心路二段201號20樓之6,1000000,1031126
716,13064771,欣欣龍精密工業有限公司,臺中市神岡區豐洲里神洲路350號,36000000,1031125
719,13068220,萬得發有限公司,臺中市大雅區中清路四段821號,5000000,1031121
722,13078493,科葆企業有限公司,臺中市豐原區三豐路332之1號,1000000,1031105
724,13080580,川庫有限公司,臺中市龍井區新庄里新興路226巷42號　,3000000,1031127
827,16005298,金時代興業有限公司,臺中市大雅區上楓里民生路四段136巷115弄32號1樓,5000000,1031103
831,16007248,向興資訊工業股份有限公司,臺中市西屯區市政北二路238號19樓之3,14000000,1031125
842,16030613,益昇貿易股份有限公司,臺中市北屯區文心路四段81號13樓之1,5000000,1031112
843,16031943,福星利華酒業股份有限公司,臺中市大肚區頂街里沙田路3段245巷64號,10000000,1031105
847,16044216,高豐室內裝修設計有限公司,臺中市西屯區潮洋里21鄰朝馬一街28號9樓之1,1000000,1031105
850,16055753,新展金屬工業有限公司,臺中市大雅區員林里大林路271巷32之8號,2000000,1031125
865,16072351,昱星實業有限公司,臺中市北區中達里梅川西路三段188巷5號1樓,5000000,1031121
867,16078897,立郅有限公司,臺中市太平區建興路22巷12弄3號1樓,5000000,1031104
868,16082061,躍華環保企業股份有限公司,臺中市北屯區松安街277號1樓,11000000,1031122
873,16091857,博建營造有限公司,臺中市龍井區東海里遊園北路478巷9號1樓,3000000,1031121
895,16127671,東玄營造有限公司,臺中市大肚區文昌路一段141號,3000000,1031112
907,16145452,加登精密科技股份有限公司,臺中市龍井區龍門路36號,5000000,1031107
929,16188254,複上精機股份有限公司,臺中市豐原區豐榮里信義街155號10樓之2,24000000,1031103
930,16192861,德昌國際投資股份有限公司,臺中市西區公民里五權三街45號,60000000,1031117
948,16237446,聖禾工程顧問股份有限公司,臺中市南屯區黎明路一段985巷67之1號,6350690,1031107
949,16237662,珈傑企業股份有限公司,臺中市大里區仁化里工業十二路37號,5000000,1031108
951,16241384,優蕙企業有限公司,臺中市太平區永成里長億六街79巷59之2號1樓,5000000,1031120
954,16247660,翔俊有限公司,臺中市西屯區福瑞里福瑞街108號15樓之1,1000000,1031125
961,16266960,永康投資有限公司,臺中市西屯區文心路二段598號11樓,1000000,1031110
965,16273245,欣岳工程有限公司,臺中市北區金龍里益華街25號2樓,10000000,1031110
968,16275692,上源水電工程有限公司,臺中市南區樹義里大慶街一段257之9號1樓,2000000,1031105
974,16277431,佑成精機企業有限公司,臺中市豐原區水源路387號,1000000,1031127
1004,16333525,鉅得生技股份有限公司,臺中市西屯區漢口路二段140號5樓,10000000,1031104
1007,16340201,立智國際股份有限公司,臺中市南屯區田心里文心路一段73號5樓之2,2000000,1031126
1008,16341258,大集投資股份有限公司,臺中市北區忠太東路8號1樓,80000000,1031117
1017,16355800,祐綸實業有限公司,臺中市后里區墩南里三豐路67號,5500000,1031125
1018,16358757,威典國際貿易有限公司,臺中市沙鹿區竹林里光華路391巷142號1樓,5000000,1031121
1021,16364857,聯純科技股份有限公司,臺中市西屯區協和里工業區12路9號1樓,50000000,1031114
1027,16379211,台日興五金有限公司,臺中市南區復興路三段109-3號1樓,2000000,1031113
1030,16382525,金佳鋒生物科技股份有限公司,臺中市霧峰區南柳里新厝路261巷10弄22號,28000000,1031117
1031,16387182,津華食品有限公司,臺中市西屯區何仁里洛陽路111巷21弄3號1樓,10000000,1031112
1035,16396083,點鑫產業股份有限公司,臺中市太平區建國里鵬儀路366巷1弄1號2樓,20000000,1031111
1037,16402304,綿國坊寢俱有限公司,臺中市梧棲區大村里港埠路一段852號,10000000,1031111
1043,16416546,鑫瑞豐興業股份有限公司,臺中市神岡區岸裡里中山路1號,5000000,1031111
1044,16418565,基育有限公司,臺中市大里區內新里新和街68號,1000000,1031111
1051,16426707,鉅鑫空調工程股份有限公司,臺中市南區南和里工學三街27號,10000000,1031127
1052,16429274,力丞電腦有限公司,臺中市豐原區大湳里三豐路332之1號1樓,5000000,1031104
1062,16447013,埔里牧場事業股份有限公司,臺中市西屯區臺灣大道四段925號27樓之2,270000000,1031114
1080,16471884,華展遊覽有限公司,臺中市東區東信里十甲東路220號1樓,50000000,1031124
1089,16482593,群昌廣告事業股份有限公司,臺中市南屯區河南路四段690巷3號,3300000,1031114
1092,16487371,琪豐國際有限公司,臺中市豐原區合作街37巷68號1樓,3000000,1031117
1097,16494438,僑齡機械工程有限公司,臺中市清水區中社里中社路97之148號,5000000,1031121
1103,16502789,金川坊有限公司,臺中市南屯區文山里嶺東路71號,1000000,1031122
1104,16508756,珈鼎精密工業股份有限公司,臺中市大里區瑞城里中興路一段26巷16號,8000000,1031105
1105,16511627,臺灣精閥股份有限公司,臺中市西區臺灣大道二段285號26樓之5,120000000,1031113
1106,16513580,御成工業有限公司,臺中市烏日區前竹里仁義街2號,30000000,1031113
1114,16525663,富裕利有限公司,臺中市烏日區湖日里新興路431號1樓,4580000,1031103
1116,16528839,企佑營造有限公司,臺中市沙鹿區鹿寮里賢孝街51號2樓,25000000,1031113
1122,16550888,德芳加油站股份有限公司,臺中市大里區大里里德芳南路251號,36000000,1031103
1124,16555743,華士欣精密機械有限公司,臺中市大里區新里里新興路99巷16弄70號1樓,1000000,1031107
1125,16557019,國益通運有限公司,臺中市烏日區榮泉里榮泉路71號1樓,25000000,1031113
1163,16647048,信甲國際股份有限公司,臺中市大甲區岷山里中山路1段976之3號,5000000,1031113
1165,16652055,震虎精密科技股份有限公司,臺中市西屯區協和里工業區35路5號,365000000,1031117
1169,16664539,賢億實業有限公司,臺中市霧峰區五福路408號2樓,500000,1031113
1170,16668628,僑大實業股份有限公司,臺中市西屯區台中港路三段123號20樓之3,20000000,1031111
1174,16672159,博益有限公司,臺中市北區金龍里健行路62號1樓,5000000,1031111
1185,16680539,晶宇生物科技實業股份有限公司,臺中市太平區大里工業區工業十九路6號四樓,382919340,1031119
1187,16683304,慶山建設股份有限公司,臺中市豐原區南村里豐陽路138號3樓,150000000,1031118
1188,16684802,育晟國際文化有限公司,臺中市大里區新里里永隆一街82號3樓,600000,1031127
1189,16685339,精安國際有限公司,臺中市西屯區市政北二路238號24樓之2,1000000,1031120
1195,16697433,展欣環保工程股份有限公司,臺中市東區東信里振興路280巷20-2號,58800000,1031117
1196,16698849,橋王投資顧問企業股份有限公司,臺中市北屯區大坑里東山路二段77之11號2樓,25000000,1031113
1200,16704357,陽碩科技股份有限公司,臺中市西屯區西屯路二段256巷6號14樓之1,5000000,1031103
1202,16707447,凱鈺興業股份有限公司,臺中市大雅區上楓里神林南路189號1樓,18000000,1031120
1211,16727801,宏新鞋業有限公司,臺中市豐原區社皮里豐原大道一段256號1樓,2300000,1031124
1235,16755361,康元美生物科技興業股份有限公司,臺中市西屯區華美西街二段317號,20000000,1031103
1237,16760580,寰宇先進科技有限公司,臺中市西屯區市政北二路236號22樓之2,5000000,1031121
1250,16782965,生之源國際股份有限公司,臺中市西屯區大容西街51號3樓之2,1000000,1031124
1275,16830848,顧德生物科技股份有限公司,臺中市西屯區協和里工業區三十四路38號,361250000,1031112
1285,16859014,信展冷凍設備有限公司,臺中市南屯區黎明路一段965巷42之1號1樓,5000000,1031119
1292,16862593,鼎晶營造股份有限公司,臺中市豐原區西安里西勢路50號1樓,3000000,1031110
1293,16863495,萬年清環境工程股份有限公司,臺中市西屯區惠來里市政南一路12號3樓之1,150000000,1031117
1294,16864797,台灣微轉股份有限公司,臺中市神岡區社南里中山路847巷2弄2號,94500000,1031104
1300,16872852,佑實股份有限公司,臺中市北區德化街588巷18號1樓,28000000,1031112
1302,16873867,新偉科技股份有限公司,臺中市烏日區新興路6號,11250000,1031121
1310,16882211,勝風格通風工業股份有限公司,臺中市大甲區日南里經國路2498號,10000000,1031117
1311,16883746,佑發營造股份有限公司,臺中市北區崇德路一段629號19樓之2,3000000,1031117
1319,16905951,權威創意行銷有限公司,臺中市西區五權西四街128號2樓,4500000,1031110
1327,16923120,喜沃投資股份有限公司,臺中市沙鹿區鹿寮里福人街35號1樓,21800000,1031124
1330,16927379,優貝克材料股份有限公司,臺中市大雅區科雅路37號1樓,64126000,1031120
1340,16940612,理虹工程顧問股份有限公司,臺中市西屯區市政北二路236號15樓之2,50000000,1031110
1343,16942864,泉宇建設股份有限公司,臺中市西屯區潮洋里朝馬二街5號2樓,25000000,1031114
1346,16947972,金大正有限公司,臺中市清水區南寧里三民路一段33號,16000000,1031127
1350,16958725,黃金布拉格鋼琴電子琴有限公司,臺中市西區公館路187號1樓,5000000,1031118
1353,16961030,弘旺藥品有限公司,臺中市豐原區中正路631號1樓,3000000,1031105
1357,16967098,弘斌輪胎有限公司,臺中市西區公館里三民路一段29之4號1樓,19000000,1031114
1359,16967983,新曜機械有限公司,臺中市太平區中興里永平路二段521巷134號1樓,10000000,1031127
1361,16971728,眾至資訊股份有限公司,臺中市西屯區西屯路二段256巷6號3樓之2及6號3樓之6,10000000,1031113
1362,16972965,福橋塑膠實業股份有限公司,臺中市太平區新仁路1段44巷8弄22號,2500000,1031121
1364,16979720,真愛地球太陽能有限公司,臺中市北屯區和平里和順路493號1樓,2000000,1031125
1367,16990886,佑順發機械股份有限公司,臺中市南屯區工業區20路6號1樓,50000000,1031111
1374,18595209,新亞裕通運有限公司,臺中市南屯區永定里南屯路二段870巷23號2樓,50000000,1031128
1448,22040012,嘉登國際有限公司,臺中市西屯區大墩二十街118號7樓之2,15000000,1031121
1453,22058096,優程工業股份有限公司,臺中市豐原區東湳里三豐路742巷16-1號,15000000,1031126
1461,22068524,親親育樂股份有限公司,臺中市北區北屯路14號、地下1樓-1、2樓-3、3樓-1、3樓-2、14-1號、14-2號、14-3號,130000000,1031103
1464,22071823,昇憶工業股份有限公司,臺中市大甲區龍泉里北堤西路298號1樓,3000000,1031112
1465,22077729,裕在有限公司,臺中市西屯區福安里2鄰福裕路175號1樓,15000000,1031124
1473,22099218,華邦電子股份有限公司,臺中市大雅區科雅1路8號,36949821930,1031120
1488,22110240,臺隆手套實業股份有限公司,臺中市后里區三豐路391巷28號,10000000,1031118
1490,22115391,瑞揚金屬股份有限公司,臺中市大肚區大東里仁德路六六東二巷13號1樓,30000000,1031112
1542,22278063,唯誠實業股份有限公司,臺中市東區東信里振興路412巷88號,10000000,1031119
1551,22294752,右記企業有限公司,臺中市西屯區福和里福安五街25巷22號,6000000,1031117
1559,22314912,和豐企業有限公司,臺中市大肚區營埔里營埔二街22號,2000000,1031120
1580,22361843,菩能國際股份有限公司,臺中市西屯區文心路三段241號13樓之5,5000000,1031121
1585,22369134,百億鋁業股份有限公司,臺中市大雅區員林里大林路291巷25號,15000000,1031124
1588,22374354,上稻股份有限公司,臺中市大雅區四德里中山路287號,26000000,1031127
1603,22406118,福鑫機械股份有限公司,臺中市東區東英里樂業路439號1樓,15000000,1031119
1607,22412977,倖和股份有限公司,臺中市中區綠川東街20號2樓之1,10000000,1031107
1630,22472236,宇豐營造股份有限公司,臺中市中區柳川里興中街60-4號1樓,25000000,1031114
1632,22477020,易佳企業有限公司,臺中市烏日區螺潭里太明路成豐巷215弄60號1樓,6000000,1031120
1637,22493422,鉦元企業有限公司,臺中市太平區宜欣里宜昌東路146號,14000000,1031104
1638,22493540,鉅浩有限公司,臺中市北屯區松竹路三段117號1樓,13000000,1031105
1639,22495890,台灣泰基股份有限公司,臺中市大里區仁化里工業十一路162號,50000000,1031112
1642,22506019,湧景企業有限公司,臺中市豐原區東陽里東陽路106巷11弄21號,5000000,1031111
1654,22542042,幼華國際股份有限公司,臺中市北屯區文昌三街55號1樓,10000000,1031114
1660,22562449,發揚通信電器有限公司,臺中市東勢區中寧里本街258號,5000000,1031127
1669,22579005,溢賢工業有限公司,臺中市大雅區員林里大林路182巷6號,5000000,1031103
1673,22589806,美來企業股份有限公司,臺中市北區五常里五權路377號1樓、8至11樓,150000000,1031104
1676,22596980,國嘉製藥工業股份有限公司,臺中市大甲區日南里工十路2號,240000000,1031128
1677,22598805,宥誠汽車車體有限公司,臺中市烏日區光明路162巷18號,6000000,1031120
1678,22599852,商富企業股份有限公司,臺中市沙鹿區興安里興安路80巷11號,5000000,1031124
1705,22667443,坤聯營造股份有限公司,臺中市西屯區文心路二段201號15樓之8,120000000,1031124
1706,22667767,勝暉營造有限公司,臺中市西區五權五街118號1樓,22500000,1031125
1745,22766400,聯和投資股份有限公司,臺中市梧棲區大智路二段432號,100000000,1031107
1746,22771229,希華晶體科技股份有限公司,臺中市潭子區中山路3段111巷1-1號,1580210220,1031120
1748,22779138,悍將精密工業股份有限公司,臺中市南區福田三街300號,5000000,1031119
1749,22780557,博仁實業股份有限公司,臺中市南區樹義里福田二街336號1樓,5000000,1031127
1750,22781508,展辰工業股份有限公司,臺中市大里區仁化里工業十二路21號,10000000,1031105
1752,22781991,葳達實業有限公司,臺中市大甲區武陵里興安路321巷99號,5000000,1031119
1753,22783554,常準機械有限公司,臺中市潭子區豐興路二段龍興巷23之26號1樓　,5000000,1031110
1760,22802861,富田電機股份有限公司,臺中市神岡區豐洲里豐洲路301巷2-1號,260000000,1031113
1762,22807269,萬代好文化育樂股份有限公司,臺中市中區綠川西街135號4樓之1、4樓之2,28000000,1031104
1767,22812122,三川印刷企業有限公司,臺中市大里區仁福二街13號,1000000,1031121
1802,22909580,恒昶精密工業股份有限公司,臺中市太平區鵬儀路461巷3號,4700000,1031125
1807,22915020,宏技機電顧問股份有限公司,臺中市北區陜西東一街48號,5000000,1031127
1808,22916626,台灣科敏股份有限公司,臺中市西區公益路161號7樓之4,39900000,1031111
1811,22921439,車亭企業股份有限公司,臺中市南區忠明南路760號33樓,114000000,1031106
1812,22921613,萬昌工業有限公司,臺中市豐原區南村里圓環東路892巷2弄1號,5000000,1031125
1814,22926687,仲統股份有限公司,臺中市北屯區熱河路三段99號,10000000,1031119
1817,22929690,行家珠寶企業有限公司,臺中市北區長青里武昌路128號1樓,7500000,1031112
1818,22929946,尉揚企業有限公司,臺中市北區中清路一段880巷19號1樓,5000000,1031124
1819,22932359,百得機械工業股份有限公司,臺中市太平區太平里永豐路327巷1號1樓,5000000,1031127
1823,22940034,金昌製網工業有限公司,臺中市豐原區翁子里豐勢路一段570巷16弄32號,5000000,1031117
1836,22961207,于欣機械有限公司,臺中市南屯區文山里精科七路16號,28000000,1031124
1842,22978426,東煌水電工程有限公司,臺中市南區工學北路246號1樓,5000000,1031121
1844,22984546,鈦揚企業股份有限公司,臺中市大甲區日南里工一路16號,29000000,1031120
1846,22990532,冠宙資訊系統有限公司,臺中市北屯區東光里旱溪西路三段163號1樓,5000000,1031125
1850,22997697,伍將機械工業股份有限公司,臺中市神岡區圳前里圳岸路5號,150486000,1031125
1852,23005837,丸東有限公司,臺中市龍井區麗水里三港路水裡港巷20之1號,3000000,1031104
1854,23011845,雷龍投資股份有限公司,臺中市西屯區潮洋里臺灣大道三段699號20樓之9,35000000,1031118
1874,23072785,真健機械股份有限公司,臺中市南屯區永春路24-6號,15000000,1031104
1875,23074524,惠綸膠業股份有限公司,臺中市北區建興里崇德路一段147之2號1樓,10000000,1031112
1882,23086649,哈伯精密工業有限公司,臺中市太平區工業二十路77號,123000000,1031120
1883,23088463,兆宏塑膠股份有限公司,臺中市大里區大元里國中路215號1樓,25000000,1031120
1887,23094985,球新工業有限公司,臺中市神岡區溪洲里溪洲路241號,5000000,1031125
1889,23096554,唯得實業股份有限公司,臺中市北屯區平福里崇德路二段278號5樓之5,5000000,1031124
1896,23101640,明澍水電工程有限公司,臺中市大里區仁堤二街85號1樓,2000000,1031127
1910,23151394,見樺企業有限公司,臺中市大肚區頂街里大德四街3號1樓,10000000,1031128
1914,23170076,青鋒工業有限公司,臺中市大里區中興路二段65巷66號,5000000,1031111
1921,23185388,紘原工業有限公司,臺中市烏日區中山路一段229巷27號,30000000,1031125
1923,23192634,國寶電器股份有限公司,臺中市大里區工業十一路185號,50000000,1031117
1927,23197315,進隆工業有限公司,臺中市神岡區圳堵里和睦路一段61巷27號,500000,1031103
1940,23236582,嘉宏彫刻股份有限公司,臺中市太平區永平路二段54號,1800000,1031105
1943,23248638,快捷機械股份有限公司,臺中市神岡區溪洲里溪洲路157巷28號1樓,325944650,1031104
1953,23270286,勝煌股份有限公司,臺中市大安區龜売里溪洲路100號,5000000,1031104
1985,23363480,昇茂金屬股份有限公司,臺中市西屯區工業區34路28號,235000000,1031113
1986,23364707,捷楊塑膠股份有限公司,臺中市龍井區忠和里台西南路220巷4號,2000000,1031118
1987,23367660,薪豐壓鑄股份有限公司,臺中市太平區太平里永豐路永新巷9號,2000000,1031122
1991,23379146,岱娜電子工業股份有限公司,臺中市梧棲區草湳里港埠路一段821巷2號,5000000,1031125
1993,23381614,崇谷工業股份有限公司,臺中市霧峰區四德路275巷65弄7號1樓,29000000,1031120
1994,23386478,林氏建材有限公司,臺中市南屯區河南路四段445號1樓,22000000,1031127
1997,23390281,永翌製模股份有限公司,臺中市太平區永義路235巷52號,15000000,1031105
2017,23447469,莅敏實業有限公司,臺中市西屯區工業區一路2巷3號9樓之1,18000000,1031121
2034,23500421,萬國管線工程有限公司,臺中市大雅區上楓里民富街54號,2000000,1031104
2045,23537996,耕坊行股份有限公司,臺中市西屯區協和里工業區16路5號,71120000,1031112
2046,23538242,柏瑞實業股份有限公司,臺中市南屯區三和里惠中路3段10號6樓,10000000,1031106
2047,23539447,台灣歐原股份有限公司,臺中市西屯區市政北二路238號24樓之2,15000000,1031120
2049,23552807,山泉企業有限公司,臺中市石岡區九房里豐勢路860巷7號,6000000,1031113
2051,23556297,大里交通有限公司,臺中市大里區祥興里大興街2巷1弄1號1樓,1400000,1031127
2057,23574128,宏濠股份有限公司,臺中市大安區東安里福東二路33號,1000000,1031119
2062,23580992,銓元有限公司,臺中市西區公德里精誠22街10號1樓,6000000,1031124
2064,23584441,新益建材有限公司,臺中市北屯區昌平路二段210號,8000000,1031127
2088,23636813,馬上發國際企業股份有限公司,臺中市西區忠明南路270號20樓之1、之2、之3,1969240000,1031121
2105,23678735,巨翁電機有限公司,臺中市后里區聯合里三重三路105號,5000000,1031113
2106,23678926,七駿科技股份有限公司,臺中市西屯區協和里工業區35路9號,100000000,1031119
2117,23694616,力鋼股份有限公司,臺中市西屯區工業區32路78號,65000000,1031111
2120,23699133,飛領電機顧問股份有限公司,臺中市南屯區春社里忠勇路19之68號2樓,12000000,1031125
2121,23700413,力貞實業有限公司,臺中市烏日區螺潭里太明路成豐巷189號,1000000,1031125
2124,23703452,僑威機械股份有限公司,臺中市龍井區忠和里西濱路三段19號,5000000,1031125
2125,23706633,大信砂石股份有限公司,臺中市梧棲區臨港路四段752號1樓,90000000,1031112
2126,23707324,助瑋塑膠股份有限公司,臺中市清水區下湳里中山路539之4號,7200000,1031127
2128,23712403,長富金屬有限公司,臺中市南屯區大興里東興路一段665巷2號1樓,8000000,1031122
2129,23712776,桂鉦機械股份有限公司,臺中市烏日區南里里溪南路三段345巷85弄32號1樓,21000000,1031105
2138,23735807,暐倫國際事業有限公司,臺中市南屯區溝墘里大墩路707號7樓,5000000,1031127
2159,23804249,佳茂國際股份有限公司,臺中市清水區國姓里三美路81巷59號,12000000,1031103
2160,23807034,奇龍工業股份有限公司,臺中市神岡區庄後里厚生路148號,200000000,1031110
2161,23810609,泗得工業股份有限公司,臺中市太平區太平里永豐路132巷4號1樓,5000000,1031105
2163,23816293,主典興業股份有限公司,臺中市大里區東興路511號1樓,28000000,1031127
2164,23817363,台鉅玻璃有限公司,臺中市南區樹義里文心南路737號2樓,18000000,1031105
2165,23819334,永兆五金有限公司,臺中市大里區爽文路375號,5000000,1031120
2167,23824097,中友百貨股份有限公司,臺中市西屯區福和里臺灣大道4段925號28樓之2,3974306000,1031125
2180,23833552,昇辰企業有限公司,臺中市北區文昌東一街2號1樓,27000000,1031110
2183,23841032,振昌水電工程有限公司,臺中市北區淡溝里博館東街10巷16號5樓,12000000,1031117
2186,23852086,港富五金股份有限公司,臺中市梧棲區仁美街169巷2弄5號,6000000,1031126
2189,23862459,展良機械工業股份有限公司,臺中市東區東門里東光園路100巷34弄1號1樓,5000000,1031119
2194,23876094,王品電腦資訊股份有限公司,臺中市南屯區永定里黎明路二段十四號,6000000,1031127
2195,23877235,田源貿易有限公司,臺中市豐原區北湳里圓環北路二段223巷5號,5000000,1031121
2214,23926518,宏軒企業有限公司,臺中市西屯區河南路二段262號13樓之13,50000000,1031120
2220,23944895,慶陽事務用品有限公司,臺中市大雅區大雅里大雅路85號,1000000,1031105
2223,23951810,杰和實業股份有限公司,臺中市豐原區西湳里三豐路957-11號1樓,16000000,1031125
2227,23971180,立超工業股份有限公司,臺中市大雅區大雅里民生路一段65巷3號,5000000,1031127
2232,23975051,晟傑股份有限公司,臺中市南屯區豐富路299巷20號1樓,29000000,1031104
2233,23982573,台灣巨波有限公司,臺中市烏日區烏日里中山路二段昌明巷15號1樓,6000000,1031122
2235,23983947,同泰電子科技股份有限公司,臺中市大甲區青年路123號,800000000,1031111
2246,24200458,合揆工業有限公司,臺中市北屯區大連路1段56-10號5樓,5000000,1031111
2250,24201077,椿霖機械有限公司,臺中市太平區永平路三段227巷8號,5000000,1031117
2252,24202028,振嘉室內裝修有限公司,臺中市西屯區臺灣大道四段671巷1弄65號,8000000,1031121
2253,24202884,佑成消防工程有限公司,臺中市龍井區龍泉里南社路一段122號1樓,500000,1031108
2254,24203589,雅柏國際貿易有限公司,臺中市大里區中新里新生路116號1樓,1000000,1031121
2255,24203791,豐雅酒坊有限公司,臺中市北屯區太原路三段111巷1號3樓,250000,1031125
2256,24203912,元鴻興有限公司,臺中市清水區菁埔里菁埔路165之7號,5000000,1031125
2260,24207451,竣品室內裝修有限公司,臺中市太平區東和里東平路58巷1號,1000000,1031128
2261,24207656,辛巴展業有限公司,臺中市北區進化北路430巷40號,1000000,1031118
2263,24209303,艾瑪國際貿易有限公司,臺中市北屯區崇德路一段631號18樓之2,4000000,1031110
2265,24212258,慶澤生化科技股份有限公司,臺中市大里區瑞城里瑞和街135巷15號,6000000,1031114
2267,24214690,勝康鋼鐵有限公司,臺中市太平區德隆里工業十六路30號,3600000,1031125
2268,24214729,力清環境科技有限公司,臺中市大雅區中山路75號,3000000,1031119
2269,24215086,竹山有限公司,臺中市大里區內新里內新街47之3號2樓,500000,1031118
2271,24218008,藥聯生技股份有限公司,臺中市西屯區朝馬七街40號2樓,84272900,1031119
2273,24219983,可美投資有限公司,臺中市西區安龍里英才路589巷7號8樓,18760000,1031113
2276,24222930,易流企業股份有限公司,臺中市太平區德興街71號1樓,1000000,1031117
2279,24226295,城耀資訊有限公司,臺中市西屯區福中里中工二路92號11樓之2,250000,1031126
2284,24231044,祐贊國際有限公司,臺中市大雅區西寶里昌平路四段282南十三巷45弄52號,1000000,1031119
2288,24234400,倢偉工程有限公司,臺中市西屯區上安里上仁街159巷22號2樓,5000000,1031117
2289,24234909,大原堂國際事業有限公司,臺中市南屯區文心里向心路109號22樓之10,1500000,1031121
2290,24235148,藍海物業管理顧問有限公司,臺中市北區邱厝里健行路371-5號6樓,1000000,1031111
2307,24249419,欣聯不動產仲介經紀有限公司,臺中市大肚區大東里沙田路二段497號,500000,1031124
2309,24249847,龍馬精機股份有限公司,臺中市后里區聯合里三線路26之4號,25000000,1031113
2313,24253139,合鼎儀器設備工程有限公司,臺中市西區建國北路二段110號1樓,1500000,1031122
2314,24254094,祥宏投資有限公司,臺中市梧棲區臺灣大道九段82號,2000000,1031121
2316,24254600,三甲有限公司,臺中市西區向上路一段28號1樓,300000,1031104
2320,24257070,松品科技有限公司,臺中市太平區鵬儀路235號1樓,5500000,1031114
2323,24258205,醫盛股份有限公司,臺中市北區永興街43之2號,2500000,1031112
2324,24259181,藍海保全股份有限公司,臺中市北區邱厝里健行路373之5號,40000000,1031120
2329,24267751,英吉投資有限公司,臺中市西區公館里五權西二街150號,12168000,1031107
2332,24270101,高昌企管顧問有限公司,臺中市東區十甲東路302號1樓,1000000,1031110
2338,24274900,天鈾機械有限公司,臺中市霧峰區本堂里成功路240號7樓,3000000,1031124
2341,24278096,普強土木工程有限公司,臺中市大肚區王田里興和路188巷29弄11號1樓,800000,1031120
2354,24285619,迅捷整合科技有限公司,臺中市大里區西湖里草堤路225號,5000000,1031103
2359,24290681,統帥公寓大廈管理維護有限公司,臺中市北屯區天津路三段67號6樓,10000000,1031107
2360,24291014,峻榮精密科技股份有限公司,臺中市北屯區舊社巷31號,1000000,1031127
2361,24292301,郁承實業有限公司,臺中市大里區永隆里環河路235號2樓,3000000,1031111
2366,24297410,廣記興業股份有限公司,臺中市太平區太平里永豐路108巷12之30弄9號1樓,10000000,1031103
2436,24351477,台灣原住民梨山工程有限公司,臺中市和平區中興路四段167號,1000000,1031118
2441,24354039,海森互動有限公司,臺中市大里區仁德里仁化路741號1樓,5000000,1031117
2444,24358339,好當家有限公司,臺中市霧峰區五福里五福路148巷136號,500000,1031103
2462,24370066,伯悅有限公司,臺中市大里區內元路87巷6號1樓,21800000,1031117
2465,24371868,龍寶節能冷氣有限公司,臺中市北屯區仁和里四平路417巷7號,500000,1031113
2478,24383576,藍海公寓大廈管理維護有限公司,臺中市北區邱厝里健行路371之5號,10000000,1031111
2480,24384651,富士康廣告有限公司,臺中市北區頂厝里永興街338號14樓,12500000,1031114
2493,24395854,日月燒烤餐廳有限公司,臺中市西區中興里美村路一段177號1樓,3000000,1031127
2496,24398402,裕盛建設股份有限公司,臺中市西區忠誠里臺灣大道二段536號6樓,1000000,1031113
2497,24399042,和築企業股份有限公司,臺中市北區梅川西路三段66號4樓-8,2000000,1031119
2499,24400857,群聚科技股份有限公司,臺中市大雅區員林里神林路一段171巷76號2樓,10000000,1031120
2500,24401737,揚晟瀝青股份有限公司,臺中市沙鹿區福至路50巷3號1樓,5000000,1031106
2503,24408106,鉅恒投資有限公司,臺中市西區公益路139號1樓,50000000,1031105
2504,24408302,聖元科技有限公司,臺中市西區民龍里英才路506號2樓,5000000,1031110
2506,24410089,寬達重車有限公司,臺中市大甲區銅安里長壽路51之8號1樓,300000,1031118
2507,24410807,友達晶材股份有限公司,臺中市后里區后科路2段335號,2328178000,1031107
2510,24412100,聚福發實業有限公司,臺中市北區邱厝里中清路一段228號1樓,2000000,1031121
2512,24413179,日騰文具有限公司,臺中市烏日區溪埧里溪南路一段578號,200000,1031110
2516,24414917,橙品國際企業有限公司,臺中市后里區公安路一段301號1樓,3000000,1031118
2518,24415556,嘉鎮有限公司,臺中市大里區光正路71號,2000000,1031125
2520,24420381,嵐雅光學股份有限公司,臺中市大雅區中清路4段860巷41號1樓,10000000,1031112
2521,24420621,統宇精密股份有限公司,臺中市太平區中興里永平路二段476巷100弄17號,6000000,1031111
2522,24420690,辰宇光電科技股份有限公司,臺中市大雅區科雅路41號3樓,25000000,1031103
2523,24421608,立灃食品股份有限公司,臺中市太平區光隆里興隆路一段80之1號,15000000,1031124
2528,24426723,旭田科技有限公司,臺中市豐原區圓環東路145巷12弄16號1樓,300000,1031126
2530,24427194,鼎新盛鋼品有限公司,臺中市烏日區前竹里光明路162巷83號,7000000,1031114
2531,24427552,樹立電能科技有限公司,臺中市大肚區成功里文昌路3段324巷79弄1號,500000,1031125
2537,24433885,姿博科技有限公司,臺中市西屯區逢甲里西屯路二段256巷6號14樓之5,1000000,1031118
2544,24438615,網銀國際股份有限公司,臺中市西屯區市政北二路238號28樓之1,315000000,1031104
2631,24497450,欣豐國際企業有限公司,臺中市西屯區漢口路二段151號14樓之1,11000000,1031111
2801,24572632,三度角影像傳媒有限公司,臺中市北區明德里太原北路130號3樓之1,510000,1031124
2824,24578517,捷創金屬製造有限公司,臺中市西屯區福中里中工二路192號6樓,2000000,1031112
2825,24578734,肯悅有限公司,臺中市南屯區中和里南光路46巷2弄11號1樓,200000,1031120
2826,24579403,金芝陵食品有限公司,臺中市中區大墩里三民路二段173號1樓,200000,1031112
2827,24579847,諭興實業有限公司,臺中市北屯區平心里文心路四段669號3樓之3,5168888,1031114
2828,24580197,新明國際有限公司,臺中市南屯區南屯里五權西路二段666號8樓之5,3000000,1031120
2829,24580400,靖準實業有限公司,臺中市大里區仁化里仁愛路176巷31號1樓,1700000,1031127
2830,24580746,鑫得開發有限公司,臺中市南屯區文心南五路一段209號,10000000,1031113
2831,24580859,智光先進有限公司,臺中市東區干城里福立街34號1樓,2000000,1031114
2832,24581750,佶裕企業有限公司,臺中市沙鹿區埔子里正英13街79號2樓,3000000,1031104
2833,24581978,大陞科技企業有限公司,臺中市西屯區永安里國安一路206巷12號4樓之2,1000000,1031119
2834,24582738,楓興國際有限公司,臺中市南屯區楓樹里永春東三路137號1樓,29000000,1031114
2835,24583770,太平之星視聽歌唱有限公司,臺中市東區東信里東英路203號2樓之1,2600000,1031113
2836,24585025,新大發喜宴會有限公司,臺中市龍井區龍泉里沙田路五段386號2樓,200000,1031124
2837,24585398,台生興業有限公司,臺中市梧棲區頂寮里四維東路88號1樓,2300000,1031119
2838,24585708,樹根投資股份有限公司,臺中市西屯區大河里甘河路56號1樓,35000000,1031103
2839,24586137,高嘉工業股份有限公司,臺中市大雅區橫山里永和路8之9號,1000000,1031112
2840,24586235,歐韻有限公司,臺中市北屯區柳陽西街124號,10000000,1031112
2841,24586853,承德資產管理股份有限公司,臺中市西區忠明南路303號12樓之4,2000000,1031128
2842,24587044,千碩室內設計有限公司,臺中市南屯區田心里文心路一段157號1樓,1000000,1031120
2843,24587092,弘冠精密機械有限公司,臺中市北屯區同榮里中清路二段1226巷76弄17號1樓,2000000,1031111
2844,24587109,強普精密股份有限公司,臺中市烏日區螺潭里環中路八段1121巷15弄88號,20000000,1031127
2845,24587311,發芽不動產經紀有限公司,臺中市太平區新興路137號1至2樓,600000,1031105
2846,24587419,喬晨生物科技有限公司,臺中市西屯區何南里大墩十九街6-4號,1000000,1031124
2847,24587728,亮倢企業有限公司,臺中市南區和平里復興路二段74之11號2樓,2100000,1031111
2848,24587852,旭富鞋業開發有限公司,臺中市南屯區文心南二路392號9樓之1,500000,1031125
2849,24587902,昇達國際事業有限公司,臺中市北區賴明里中清路一段626號1樓,5000000,1031125
2850,24588183,湛明食品有限公司,臺中市北區自強街37巷12號1樓,50000,1031104
2851,24588304,金鴻禧實業有限公司,臺中市西區中興里公正路99號1之3樓及中興街146號1之3樓,1000000,1031110
2852,24589697,草根甜企業有限公司,臺中市潭子區甘蔗里勝利路77號1樓,2000000,1031120
2854,24589943,時漾國際有限公司,臺中市南屯區三和里大墩十一街812號1樓,400000,1031118
2855,24589964,捷明科技股份有限公司,臺中市大雅區三和里建興路38巷17號1樓,10000000,1031117
2856,24590300,育田建設有限公司,臺中市南屯區大誠里東興路二段70號2樓,6000000,1031106
2857,24590462,天享文化開發有限公司,臺中市龍井區田中里舊車路44號2樓,1000000,1031117
2859,24591434,立淞建設有限公司,臺中市豐原區頂街里豐勢路一段12號13樓,10000000,1031111
2860,24591568,千里馬國際事業股份有限公司,臺中市西屯區市政路500號11樓之6,3000000,1031119
2861,24593242,力旭精密有限公司,臺中市烏日區三和里中山路三段349號1樓,6000000,1031114
2862,24593334,厚峰有限公司,臺中市南區平和里美村南路23巷4號1樓,1500000,1031125
2863,24594262,金禾室內裝修有限公司,臺中市潭子區聚興里潭興路一段331巷9號,900000,1031105
2864,24594642,全盈企業有限公司,臺中市清水區楊厝里和睦路二段486號,1000000,1031110
2865,24595810,星星炸雞有限公司,臺中市北區新北里一中街179巷6號1樓,510000,1031114
2866,24596228,巨鼎國際管理顧問有限公司,臺中市西屯區大容西街51號3樓之2,1500000,1031103
2867,24596661,竣盛服務事業有限公司,臺中市北區明新里中清路一段447號13樓之6,1000000,1031125
2868,24597021,滙瑜建設開發有限公司,臺中市西區民龍里臺灣大道二段220號31樓,2000000,1031112
2869,24597423,世合股份有限公司,臺中市大甲區日南里東六街17號,1000000,1031113
2870,24597514,亞洲生藥技術有限公司,臺中市南屯區大墩四街261之11號,100000,1031112
2871,24598226,台灣史密斯汽車股份有限公司,臺中市太平區中平九街128號1樓,280000,1031110
2872,24598345,叡昇電子股份有限公司,臺中市太平區太平里永成路62號,36000000,1031103
2874,24599219,鼎好科技有限公司,臺中市西屯區何南里臺灣大道二段633號4樓之5,4000000,1031118
2875,24599267,主緹有限公司,臺中市西屯區何成里大恩街32號9樓之1,200000,1031121
2876,24599344,豐育不動產經紀有限公司,臺中市大里區西榮里光榮街36號1樓,500000,1031107
2877,24599457,久仲環保顧問有限公司,臺中市西屯區協和里工業區一路98之130號3樓,1500000,1031104
2878,24599581,富楙系統家具有限公司,臺中市北屯區太順二街27號1樓,1000000,1031125
2879,24599739,普爾發開發股份有限公司,臺中市北屯區平德里文昌東五街15號1樓,5000000,1031119
2880,24600145,樂物文創股份有限公司,臺中市太平區宜佳里宜文街9號5樓,800000,1031105
2881,24600356,圓善人本有限公司,臺中市北屯區后庄里中清路二段1022號1樓,3000000,1031114
2882,24600692,旭騰策進科技有限公司,臺中市北區賴旺里文心路四段182號地下1層之1,6000000,1031124
2883,24601221,廷香有限公司,臺中市太平區光隆里興隆路一段70巷63號,2000000,1031126
2884,24601658,豪德重機工程有限公司,臺中市大里區仁德里成功二路69號1樓,4300000,1031106
2885,24601828,誠寶資產管理有限公司,臺中市西屯區上石里青海路二段210號3樓,10000000,1031118
2886,24601849,迪恩有限公司,臺中市北區光大里中清路一段100號13樓之3,500000,1031125
2887,24601947,安榮國際有限公司,臺中市北屯區進化北路24巷8弄2之2號,300000,1031120
2888,24602039,金沪鮮貿易有限公司,臺中市北區東成三街162號1樓,5000000,1031110
2889,24602220,振豐能源有限公司,臺中市霧峰區丁台里南仟巷145弄5號,1000000,1031107
2890,24602235,井初實業有限公司,臺中市北屯區松竹五路222號1樓,6000000,1031125
2891,24602306,宇然股份有限公司,臺中市北區中清路一段652號4樓之7,500000,1031105
2892,24602360,寶程科技有限公司,臺中市大安區東安里福東一路48號1樓,5000000,1031107
2893,24602734,立昌人力仲介有限公司,臺中市大里區仁德里仁化路671號2樓,5000000,1031114
2894,24603240,如芳國際有限公司,臺中市西屯區河南路二段24號,1000000,1031104
2895,24603683,名遠有限公司,臺中市南區福平里懷寧街191號2樓,500000,1031112
2896,24603797,銅錵涮涮火鍋店有限公司,臺中市潭子區甘蔗里勝利九街99巷5號1樓,10000000,1031113
2897,24604228,守泰有限公司,臺中市大肚區福山里沙田路一段418之3號1樓,3000000,1031112
2898,24604233,澄渟貿易有限公司,臺中市北區賴村里尚德街108號1樓,1000000,1031120
2899,24604418,金台灣乳豬有限公司,臺中市西屯區福雅里永福路130號7樓之14,500000,1031127
2900,24604584,名角有限公司,臺中市外埔區大東里甲后路755巷4弄12號,500000,1031125
2901,24605090,天力有限公司,臺中市沙鹿區三路里向上路七段1號1樓,600000,1031121
2902,24605789,鉅磐建設股份有限公司,臺中市南屯區惠中里文心路一段324號9樓之2,36000000,1031110
2903,24605824,權宥實業有限公司,臺中市西屯區西屯路三段159之17號4樓之3,1000000,1031127
2904,24605970,群釩科技股份有限公司,臺中市西屯區福林里福康路68號6樓,2700000,1031125
2905,24606823,興紹有限公司,臺中市烏日區仁德里信義街337巷5號1樓,500000,1031110
2906,24607034,正龍貿易有限公司,臺中市太平區新坪里建和路一段19巷1號1樓,3000000,1031106
2907,24607365,五餅二魚國際企業有限公司,臺中市東區東信里東英二街142巷8號1樓,1000000,1031118
2908,24607479,卓越小客車租賃有限公司,臺中市大里區東明路175巷78號3樓,18000000,1031128
2909,24607484,鑫祥順企業有限公司,臺中市霧峰區四德里四德路503巷33號1樓,1000000,1031105
2910,24607597,三美文化事業有限公司,臺中市大甲區朝陽里民生路13號,1000000,1031118
2911,24607647,杰絲實業有限公司,臺中市西屯區福恩里工業區一路58巷11弄48號1樓,10000000,1031128
2912,24607920,網城在線有限公司,臺中市西區藍興里五權路2之196號4樓,500000,1031128
2913,24607935,伊雷克國際企業有限公司,臺中市豐原區文化街76號2樓,3000000,1031110
3017,24645699,喬福營造股份有限公司,臺中市中區綠川里綠川東街32號9樓之23,22500000,1031118
3028,24648133,家耘實業有限公司,臺中市西屯區忠誠里公益路174巷177號1樓,2000000,1031118
3029,24648154,虹貫企業有限公司,臺中市西區忠誠里公益路174巷177號1樓,2000000,1031118
3138,24745445,台灣英達國際進出口貿易有限公司,臺中市沙鹿區埔子里正英路272號,300000,1031105
3143,24746107,易付寶財金資訊股份有限公司,臺中市西屯區台灣大道三段658號19樓之3,50000000,1031126
3209,24818559,永樹精密科技有限公司,臺中市豐原區南田里水源路258巷81弄34號1樓,5000000,1031103
3210,24819473,宥軒投資有限公司,臺中市西屯區惠來里市政北五路8號9樓之3,8000000,1031107
3211,24820909,台灣卡爾博物業有限公司,臺中市烏日區烏日里新興路136號1樓,8000000,1031120
3212,24821506,名山土地開發有限公司,臺中市南屯區惠中路三段75號,5000000,1031119
3215,25003736,阿官國際餐飲股份有限公司,臺中市西屯區朝富路248號,35000000,1031125
3219,25008818,佳衛實業股份有限公司,臺中市豐原區中正路448號1樓,5000000,1031117
3222,25012756,正和木業有限公司,臺中市大里區仁愛路160巷101號,6000000,1031120
3228,25021191,鎮隆整合行銷企業有限公司,臺中市西屯區天水東街18號,13300000,1031106
3229,25021349,紘光科技實業有限公司,臺中市北區大湖里精武路422號2樓,3300000,1031112
3234,25026153,富陽能開發股份有限公司,臺中市大里區祥興里吉善二街47號,1000000,1031125
3235,25027527,喬鋒發展事業股份有限公司,臺中市西屯區惠來里市政北一路77號9樓之10,2000000,1031128
3237,25028461,御鼎節能科技股份有限公司,臺中市烏日區光明里五光路復光六巷141號,8010000,1031120
3255,25042581,逯育斯事業有限公司,臺中市潭子區甘蔗里環中路一段258巷6號1樓,500000,1031105
3256,25043879,惠宸實業有限公司,臺中市太平區長億里永和街21號3樓,1000000,1031125
3259,25046101,深耕發展農業股份有限公司,臺中市太平區山田路26巷5號1樓,25000000,1031112
3262,25047087,學海無疆有限公司,臺中市南屯區同心里文心路一段186號7樓之11,500000,1031125
3269,25052948,欣中瓦斯管路設備有限公司,臺中市西屯區惠來里市政北一路77號5樓之10,500000,1031124
3270,25054170,尚大病媒防治有限公司,臺中市西屯區中康街215巷8號,5000000,1031105
3277,25056515,星源生物科技股份有限公司,臺中市東區旱溪西路一段285號1樓,10000000,1031105
3279,25056753,禾太國際投資有限公司,臺中市西屯區何南里東興路3段381號7樓之3,29000000,1031110
3281,25057578,宇丰事業有限公司,臺中市南屯區大墩四街321號地下一層,3000000,1031106
3284,25059392,鉅登開發實業有限公司,臺中市北區錦祥里興進路230號10樓之3,1000000,1031127
3286,25062734,九龍開發事業有限公司,臺中市北屯區旅順路二段372號1樓,2000000,1031110
3293,25065697,永進滾筒科技有限公司,臺中市北區一中街133號4樓,15000000,1031120
3295,25066226,步世得整合行銷有限公司,臺中市太平區新興里樹德路212號2樓,180000,1031104
3297,25067007,群廣精密有限公司,臺中市北屯區天津路三段67號6樓,2000000,1031114
3299,25069672,富而康電機科技有限公司,臺中市后里區墩南里舊社路2之2號,5000000,1031113
3301,25071234,高興產業有限公司,臺中市神岡區溪洲里豐洲路1611號,300000,1031125
3302,25071348,禾盛國際有限公司,臺中市北區賴興里文昌東一街242號1樓,1000000,1031110
3304,25071608,惠三投資有限公司,臺中市北區大德街13巷20號2樓,30000000,1031112
3305,25071656,成穩投資有限公司,臺中市北區大德街13巷20號2樓,30000000,1031112
3315,25076701,禾益佳股份有限公司,臺中市大肚區新興里沙田路二段361之1號,41000000,1031124
3316,25077146,台享國際汽車有限公司,臺中市北屯區中清路二段968號1樓,2000000,1031106
3321,25080959,學海實業股份有限公司,臺中市西區中興里公益路201號7樓,20380000,1031120
3336,25091549,締勝國際有限公司,臺中市豐原區南田里水源路192巷81弄9號1樓,250000,1031125
3338,25092012,京動投資有限公司,臺中市北屯區平福里大連路二段200號1樓,6000000,1031114
3339,25092688,悠享投資有限公司,臺中市南區仁義街72之8號3樓之1,8880000,1031126
3340,25092977,中御建設股份有限公司,臺中市南區長榮里公理街72-2號,5000000,1031126
3341,25093429,柏宏管理顧問有限公司,臺中市北區新北里尊賢街20號1樓,10000000,1031113
3342,25095313,天鵝脖子街有限公司,臺中市西屯區港尾里中清路二段1250巷61弄10號,2000000,1031127
3343,25096191,日博有限公司,臺中市大里區東興里東明路233號3樓,6200000,1031127
3345,25096988,永峰工業有限公司,臺中市北屯區后庄里新興路6巷9號3樓,3000000,1031106
3346,25097038,睿陽國際股份有限公司,臺中市潭子區中山路二段135號13樓之3,20000000,1031111
3369,25116582,金盉事業有限公司,臺中市東勢區本街1巷117號,2000000,1031127
3429,25150949,廣論不動產股份有限公司,臺中市北區進化北路238號6樓之2,2000000,1031111
3430,25151692,聯益防災系統科技有限公司,臺中市南屯區楓樹里互榮巷29之5號1樓,1000000,1031121
3432,25151996,兆謙事業有限公司,臺中市南區樹德二巷12號,14000000,1031117
3434,25153642,六方基品牌顧問有限公司,臺中市西屯區何成里大恩街7號10樓之3,1000000,1031126
3436,25154380,宥順生活百貨有限公司,臺中市西屯區福順路829號,1000000,1031128
3438,25155661,大新機械股份有限公司,臺中市西屯區工業區十路1號,25000000,1031113
3439,25156161,福澤食品科技股份有限公司,臺中市西屯區福雅里福祥街11號5樓之1,12000000,1031118
3442,25157318,揚鴻傢飾有限公司,臺中市北區長青里武昌路192號1樓,500000,1031126
3443,25158077,律品風險顧問有限公司,臺中市西區三民里三民路一段159號6樓,100000,1031106
3451,25164253,威力旅行社有限公司,臺中市南屯區文山里向上路五段102號1樓,10000000,1031119
3457,25166549,傑斯克國際有限公司,臺中市南屯區大同里東興路二段186號地下1層1號,100000,1031124
3459,25168407,澄堂公投資股份有限公司,臺中市中區綠川里民族路29號1樓,3500000,1031111
3460,25169840,東剛精密機械有限公司,臺中市沙鹿區自立路206號1樓,10000000,1031117
3462,25171085,宇勝生物科技股份有限公司,臺中市北區淡溝里臺灣大道二段340號10樓之1,10000000,1031125
3467,25175391,佑宜昌工業有限公司,臺中市大雅區雅環一街93號1樓,2150000,1031127
3471,25177068,兆閎工業有限公司,臺中市豐原區南田里南田街174巷2-1號1樓,10000000,1031103
3472,25179798,橙心國際企業有限公司,臺中市北屯區平興里北屯路366號11樓之1,5000000,1031117
3474,25180747,景程不動產經紀有限公司,臺中市南屯區大業里東興路三段195號1樓,580000,1031104
3475,25180991,昱美包裝事業股份有限公司,臺中市西屯區工業區41路20號,38000000,1031127
3476,25181653,鉌豐開發股份有限公司,臺中市西屯區上德里上石路96號1樓,10000000,1031120
3479,25182787,金橋工具有限公司,臺中市大里區東昇路188之19號,5000000,1031104
3481,25184217,瑞翔科技玻璃有限公司,臺中市神岡區承德路175巷10號,1500000,1031105
3483,25186257,跨媒體合作平台有限公司,臺中市北區建德里天祥街118號1樓,1000000,1031127
3485,25187050,品順建設股份有限公司,臺中市西區大忠里五權西路一段257號9樓之1,8500000,1031107
3486,25187777,太甲生技有限公司,臺中市西屯區福和里臺灣大道四段925號9樓之1,5000000,1031119
3488,25188473,永泰豐科技股份有限公司,臺中市豐原區南嵩里水源路81號1樓,60000000,1031111
3490,25189249,府穅室內裝修有限公司,臺中市北屯區平田里文心路四段955號18樓之3,1000000,1031104
3491,25189331,開騰設計有限公司,臺中市南區工學里工學路155巷6號2樓之1,1000000,1031107
3493,25191646,益群研磨材料有限公司,臺中市霧峰區本鄉里草湖路177號,10000000,1031120
3494,25192080,順邁塑膠工業有限公司,臺中市大里區西湖里西湖路187巷298號,2000000,1031106
3503,27058010,健康化學製藥股份有限公司,臺中市大甲區日南里幼四路12號,10660000,1031121
3542,27264047,尚典建設股份有限公司,臺中市西區三民里15鄰公舘路114號1樓,12000000,1031112
3559,27281236,地球村興業股份有限公司,臺中市南區忠明南路760號33樓,250000000,1031105
3562,27284542,揚澄冷鍛有限公司,臺中市太平區太平里新仁路一段44巷8之1弄5號,5500000,1031126
3564,27284971,本士有限公司,臺中市南區工學里德富路450號1樓,5000000,1031118
3568,27295816,正宜汽車有限公司,臺中市后里區眉山里甲后路1139巷12之12號,5000000,1031113
3572,27304499,康普森貿易有限公司,臺中市北區青島路三段138號1樓,10000000,1031120
3576,27309889,新和辦公傢俱有限公司,臺中市大雅區科雅路373之6號,3000000,1031124
3611,27343471,黑潮環境生態顧問有限公司,臺中市南區永和里五權南路548號1樓,5000000,1031121
3641,27372334,真新企業股份有限公司,臺中市烏日區湖日里中山路二段312號1樓,5000000,1031113
3642,27375058,集璟工程顧問有限公司,臺中市豐原區大明路161號1樓,2000000,1031124
3644,27378148,金和昕貿易有限公司,臺中市北區興進路149號1樓,1000000,1031105
3647,27380046,晶葉酵素生物科技股份有限公司,臺中市西屯區協和里工業區三十二路86號1樓,15000000,1031119
3649,27382001,閱讀開發股份有限公司,臺中市沙鹿區晉江里臺灣大道六段1085號3樓,4000000,1031118
3650,27382282,百昱建設股份有限公司,臺中市大里區國光路二段500號7樓之1,30000000,1031111
3651,27385605,多本機電股份有限公司,臺中市大肚區頂街里大德二街１９號１樓,20000000,1031113
3655,27387884,崧運模具有限公司,臺中市潭子區栗林里中山路三段493巷2號,5000000,1031107
3656,27389285,義世代名品國際有限公司,臺中市南屯區三厝里河南路4段616號1樓　,5000000,1031117
3657,27390403,冠翔事業有限公司,臺中市神岡區庄前里神林路70巷38之1號1樓,5000000,1031112
3662,27393529,官欣妮企業有限公司,臺中市太平區建國里精美路226號1樓,500000,1031113
3667,27396342,勝霖實業股份有限公司,臺中市外埔區水美里水美路285巷7， 9號,5000000,1031117
3672,27401181,伊吉邦建設有限公司,臺中市梧棲區臺灣大道八段466號1樓,1000000,1031126
3677,27406382,台日研精密科技股份有限公司,臺中市大雅區四德里神林南路549號1樓,1000000,1031126
3686,27414046,捷司特國際股份有限公司,臺中市西屯區潮洋里8鄰市政北二路238號29樓之5,5000000,1031105
3690,27417584,哈日館實業有限公司,臺中市北屯區東山路一段192巷5弄1號1樓,10000000,1031120
3699,27429224,完美女人國際貿易有限公司,臺中市北屯區崇德二路二段60號1樓,1000000,1031125
3705,27438321,一點利建設有限公司,臺中市南區復興路二段71巷65弄6號1樓,3000000,1031126
3706,27440277,洋田實業有限公司,臺中市南屯區同心里文心路1段186號10樓之2,15000000,1031105
3717,27453899,華鶴設計有限公司,臺中市北區太原路二段271號1樓,1000000,1031117
3719,27457608,唐宸衛浴有限公司,臺中市西區忠誠里忠明路六五號一樓　　,2000000,1031105
3722,27458389,永峻國際開發有限公司,臺中市太平區新福里振福路215巷19號1樓,5000000,1031119
3726,27465163,東霖鞋業有限公司,臺中市沙鹿區六路里六路十一街69號1樓,10000000,1031120
3732,27473467,大能寰宇科技有限公司,臺中市梧棲區中正里中和街140巷2之1號1樓,1000000,1031127
3733,27473797,萬項百貨有限公司,臺中市西屯區文華路5巷30號2樓,1000000,1031108
3734,27474590,清松建設有限公司,臺中市西屯區臺灣大道四段927號1樓,3000000,1031124
3736,27479482,晉佑科技股份有限公司,臺中市大雅區大林路120巷10號1樓,12300000,1031103
3740,27480306,承峰儀器有限公司,臺中市大里區日新里吉隆路17巷25號,3000000,1031113
3741,27480684,瑞承製模股份有限公司,臺中市北區民權路540巷15號1樓,2000000,1031105
3742,27481608,容翊醬園有限公司,臺中市西屯區西屯路二段208巷10弄3號1樓,3000000,1031103
3747,27488932,和興保全股份有限公司,臺中市北屯區平安里文心路四段750-5號,40000000,1031127
3748,27492817,禾康消防股份有限公司,臺中市西屯區至善里光明路52-18號,60000000,1031112
3749,27492865,柏科立股份有限公司,臺中市大雅區四德里龍善一街8號,9800000,1031114
3754,27501273,富邑水電工程股份有限公司,臺中市西區臺灣大道二段501號10樓之2,200100000,1031118
3755,27502603,上新生物科技有限公司,臺中市北屯區平心里瀋陽路三段12號7樓之1,30000000,1031120
3760,27508607,台福瓦斯企業有限公司,臺中市烏日區三和里中山路三段325號1樓,1000000,1031103
3771,27528961,動力生技股份有限公司,臺中市西屯區文心路二段201號18樓之1,30000000,1031127
3804,27554448,兆光國際股份有限公司,臺中市南屯區公益路2段302號5樓,619580000,1031118
3808,27563690,台灣促參顧問有限公司,臺中市西區忠誠里臺灣大道二段573號7樓,1000000,1031122
3823,27580305,俞仁企業股份有限公司,臺中市梧棲區大通路16號,80000000,1031125
3828,27587356,承真科技有限公司,臺中市霧峰區北柳里四德路376巷82號,500000,1031119
3830,27591062,億峰富企業有限公司,臺中市南屯區寶山里文山南巷6-8號,6000000,1031125
3833,27597431,守一氣動工業有限公司,臺中市太平區中興里永義八街35號,20000000,1031112
3835,27598993,肯利整合行銷股份有限公司,臺中市東區十甲里自由路四段312號3樓,1000000,1031113
3836,27600013,鈞陽系統整合有限公司,臺中市豐原區合作街118巷67弄62-12號,5000000,1031127
3839,27600745,睿創開發有限公司,臺中市西區忠誠里華美西街一段137號4樓之1,1000000,1031117
3840,27601913,橙的電子股份有限公司,臺中市大雅區科雅路29號5樓,153282500,1031104
3842,27605410,典泰科技股份有限公司,臺中市北屯區景賢路257號1樓,20000000,1031104
3843,27605495,雅苑科技實業有限公司,臺中市西屯區西墩里環中路二段1088號,8000000,1031111
3846,27608330,鉅加企業有限公司,臺中市北區明德里忠太東路85巷8號4樓之10,5000000,1031127
3847,27608471,鈺盛數位科技有限公司,臺中市南屯區京展街233號,1000000,1031127
3857,27624893,偉正興業有限公司,臺中市東區十甲里旱溪街272巷8號1樓,500000,1031119
3860,27631016,鈺晟科技沖壓有限公司,臺中市豐原區南田里南田街273號1樓,3000000,1031125
3863,27631493,煜瑋貿易股份有限公司,臺中市豐原區鐮村里鐮村路405號,12000000,1031127
3872,27643110,富樂投資股份有限公司,臺中市大里區益民路二段181巷26弄5號1樓,75760000,1031117
3874,27645840,飛達國際智慧有限公司,臺中市潭子區潭興路一段8之23號1樓,1000000,1031103
3875,27647185,潽旺工程有限公司,臺中市大里區立德里自強街92號1樓,10000000,1031121
3881,27654283,慶銘資訊有限公司,臺中市清水區秀水里民享一街50號1樓,15000000,1031111
3884,27657768,嘉辰國際貿易有限公司,臺中市北屯區軍福十九路406號1樓,3000000,1031121
3889,27665084,賜銘祥有限公司,臺中市外埔區大同里甲后路興龍六巷86號,500000,1031126
3890,27667175,優尼肯股份有限公司,臺中市南屯區文心路一段378號20樓之2,5000000,1031114
3891,27667597,恩光有限公司,臺中市西屯區港尾里環中路一段2490號,10000000,1031107
3895,27670988,四海塑膠有限公司,臺中市南屯區春社里永春南路82巷3號1樓,4000000,1031114
3899,27673140,今元軒有限公司,臺中市豐原區社皮里社興三街9號,500000,1031113
3900,27673155,勝棋機械有限公司,臺中市潭子區潭北里潭子街3段公廳巷57號之1,600000,1031114
3995,27772161,京匯股份有限公司,臺中市大里區東明路533號1樓,10000000,1031119
4001,27784379,志相蔘藥有限公司,臺中市北屯區水湳里大連北街5號1樓,500000,1031124
4002,27784737,予成特殊潤滑有限公司,臺中市西屯區惠來里惠安巷114號1樓,1700000,1031125
4003,27785980,吉祥生物科技有限公司,臺中市烏日區溪南路一段728號3樓,2000000,1031119
4005,27787241,嘉碩資訊有限公司,臺中市太平區新坪里育德路3巷20號1樓,1000000,1031125
4022,27812712,阿秋大肥鵝股份有限公司,臺中市西屯區朝富路258號,100000000,1031127
4025,27815350,全永欣科技股份有限公司,臺中市烏日區溪壩里環中路八段860巷21號1樓,12500000,1031127
4026,27815703,華驛科技有限公司,臺中市豐原區田心路二段272巷106號1樓,5000000,1031114
4028,27816858,中騰融通有限公司,臺中市神岡區社南里中山路749號1樓,8000000,1031110
4032,27819807,鴻禧國際興業有限公司,臺中市西屯區廣福里中科路1731號,30000000,1031113
4033,27821206,太璽有限公司,臺中市西區篤信街43巷27號1樓,500000,1031125
4036,27824225,敦陽數位設計有限公司,臺中市北屯區平安里熱河路二段25號3樓,1000000,1031107
4038,27824793,傑富精機有限公司,臺中市大甲區武陵里重義三路13巷135號,1000000,1031127
4043,27831730,寶康企業有限公司,臺中市大雅區員林里大林路211巷12-1號,5000000,1031126
4047,27838353,尚昱恆科技工業有限公司,臺中市太平區德隆里華安街12、16號,10000000,1031111
4052,27844947,新秀家居股份有限公司,臺中市西屯區市政北一路1號3樓,15000000,1031114
4062,27857506,詠合興機械股份有限公司,臺中市大雅區上楓里德勝路17巷1號1樓,5200000,1031114
4064,27858694,至廣發工業有限公司,臺中市西屯區漢口路二段19-3號1樓,10000000,1031114
4065,27859461,汗王有限公司,臺中市潭子區嘉仁里旱溪西路七段489號,2000000,1031119
4067,27861369,丞育汽車事業有限公司,臺中市大里區立中街100號,500000,1031111
4073,27865724,君豐建設股份有限公司,臺中市南屯區大墩二街182號,40000000,1031125
4077,27866786,思高國際有限公司,臺中市大雅區六寶里10鄰中清路四段821號,2000000,1031112
4079,27875976,楓格數位印刷有限公司,臺中市神岡區神洲里國豐路一段25號,1020000,1031114
4080,27876139,麗鯨工業有限公司,臺中市神岡區庄後里大圳路29之12號一樓,5000000,1031125
4082,27877897,齊威國際股份有限公司,臺中市大甲區日南里幼獅路43號,17000000,1031118
4092,27889599,三櫻生化科技有限公司,臺中市南屯區豐樂里文心南五路一段426號1樓,10000000,1031119
4094,27892026,台灣所立克有限公司,臺中市豐原區大湳里大仁街22巷13號1樓,2000000,1031119
4098,27897090,路得營養生活健康有限公司,臺中市大甲區孔門里孔雀路66號,5000000,1031124
4108,27915858,高緯科技有限公司,臺中市大里區祥興里大智路520號1樓,2200000,1031111
4111,27917271,育專投資股份有限公司,臺中市豐原區合作街55號2樓,20000000,1031111
4112,27917321,祚偉投資股份有限公司,臺中市豐原區合作街55號2樓,20000000,1031111
4113,27918665,笠宏國際貿易有限公司,臺中市沙鹿區斗抵里太平路12之5號,2200000,1031117
4116,27919003,勝晴投資有限公司,臺中市南區忠明南路759巷20號,29000000,1031104
4129,27940499,香港商世界健身事業有限公司,臺中市東區復興路4段186號9樓,111200000,1031119
4161,27981673,泰威保險經紀人股份有限公司,臺中市大里區現岱路136號,3000000,1031113
4189,28018760,誼冠鋼品有限公司,臺中市中區綠川西街185號1樓,25000000,1031106
4191,28020739,新亞裕旅行社有限公司,臺中市南屯區永定里南屯路二段870巷23號1樓,6000000,1031125
4193,28021863,昱峰營造股份有限公司,臺中市大安區松雅里大安港路５４２號１樓,10000000,1031110
4197,28024171,振記國際有限公司,臺中市北屯區平安里柳陽西街11號1樓,5000000,1031126
4201,28030574,給得國際股份有限公司,臺中市豐原區中興里成功路131巷38號1樓,10000000,1031110
4203,28030835,八爪魚專業服務有限公司,臺中市東區十甲東路302號1樓,2000000,1031127
4205,28032947,千兵府建設有限公司,臺中市清水區南社里中正北街九七巷１號１樓,3000000,1031127
4207,28034157,雅思股份有限公司,臺中市太平區建功街68號,18000000,1031107
4213,28038941,威啟股份有限公司,臺中市西屯區臺灣大道二段689號6樓,310000000,1031124
4219,28047322,和順鞋業國際有限公司,臺中市中區中華里中華路一段43號1、2樓,5500000,1031120
4223,28050894,亞睿企管顧問有限公司,臺中市北屯區東山路一段91巷23號1樓,3000000,1031106
4230,28056601,凱綸國際有限公司,臺中市西屯區何成里大容東街66號5樓,1000000,1031103
4245,28075488,林園通運有限公司,臺中市霧峰區峰堤路689號,50000000,1031113
4248,28076888,双吉畜產有限公司,臺中市神岡區新庄里新興北路81號,25000000,1031104
4249,28077824,宜松傢俱有限公司,臺中市神岡區圳堵里神清路336之10號,14070000,1031126
4250,28078598,誠運小客車租賃有限公司,臺中市大里區國光路二段775號1樓,5000000,1031124
4253,28084331,貝堡郡生活事業有限公司,臺中市西屯區惠來里市政北一路77號5樓之9,9000000,1031127
4256,28087251,午資開發股份有限公司,臺中市西屯區文心路三段159號3樓,400000000,1031113
4261,28098047,智耀有限公司,臺中市西屯區大墩十九街186號7樓之2,30000000,1031112
4265,28102540,全酉股份有限公司,臺中市潭子區潭秀里中山路二段607號,18000000,1031127
4283,28122763,佳宏研發有限公司,臺中市大雅區秀山里平和二路100號,600000,1031126
4287,28127113,信義屋不動產經紀有限公司,臺中市豐原區社皮里社皮路55號1樓,2000000,1031114
4289,28128886,錩國際有限公司,臺中市南區復興北路432巷8號,1000000,1031125
4294,28133494,宏亞工程顧問有限公司,臺中市豐原區北湳里圓環北路二段32號2樓,1000000,1031111
4309,28159120,鈺鑫事業有限公司,臺中市北區東成三街146號,1000000,1031118
4407,28310218,富棋實業有限公司,臺中市北區中清路一段473巷8號1樓,1000000,1031103
4409,28310441,協發機電消防工程有限公司,臺中市西屯區廣福路180巷7之27號1樓,6000000,1031113
4410,28310499,精晟科技股份有限公司,臺中市梧棲區草湳里自強四街183號,15000000,1031103
4413,28312285,廣泰不動產有限公司,臺中市大雅區中清路一段263號1樓,500000,1031120
4414,28313685,綠色環工科技有限公司,臺中市西區忠明里美村路一段102巷16號1樓,5000000,1031125
4417,28320530,寶順興開發實業股份有限公司,臺中市南屯區大聖街338號,80000000,1031113
4425,28337146,慶翎股份有限公司,臺中市西屯區何成里大墩十八街189號3樓之2,1000000,1031118
4427,28337666,振豪紙業股份有限公司,臺中市南屯區中和里黎明路1段395巷27號2樓,20000000,1031103
4435,28348312,億金旺實業有限公司,臺中市大里區新里里永隆路33號1樓,1000000,1031124
4439,28353237,瑪堤興業有限公司,臺中市神岡區大社里大裡街100巷23號1樓,3600000,1031119
4445,28356059,鑫贊企業有限公司,臺中市大肚區大東里3鄰仁德路2號1樓,5000000,1031118
4446,28356804,靖昌科技有限公司,臺中市神岡區北庄里中車路2-5號,3000000,1031126
4451,28359696,圓香國際企業股份有限公司,臺中市烏日區前竹里光明路157巷78號,5000000,1031105
4457,28366303,奇瓦迪眼鏡股份有限公司,臺中市南屯區南屯里黎明路1段1031號3樓,8000000,1031105
4460,28367921,宜昌機械工具股份有限公司,臺中市豐原區鎌村里鎌村路465巷102號,5000000,1031125
4470,28379264,傑太企業有限公司,臺中市西屯區惠來里市政北七路175號9樓之5,1000000,1031124
4472,28382205,豐允暘室內裝修有限公司,臺中市西屯區大河里美滿東三巷35號1樓,1000000,1031103
4476,28384983,萊優事業有限公司,臺中市南屯區大同里大墩四街42號1樓,8000000,1031125
4484,28391106,大豐益建設股份有限公司,臺中市北屯區東山路1段138巷8弄1號1樓,106000000,1031120
4486,28391605,印鎂超企業有限公司,臺中市南區樹德里復興北路475號,29960000,1031121
4494,28400175,硬派國際有限公司,臺中市北區太原路二段66號4樓,2090000,1031111
4503,28406831,蘭夏精品旅館事業有限公司,臺中市南屯區大墩十一街333號,6000000,1031112
4506,28409099,國亮國際企業有限公司,臺中市西屯區惠來里市政路500號20樓之1,5000000,1031105
4544,28473182,建鈺股份有限公司,臺中市西屯區漢口路二段151號12樓之2,25000000,1031127
4554,28481346,台灣樺捷企業有限公司,臺中市北區崇德路一段629號19樓之2,500000,1031105
4557,28484673,甜河谷醫藥生技股份有限公司,臺中市南屯區同心里8鄰文心路一段218號8樓之3,28000000,1031111
4564,28490485,上川精密機械股份有限公司,臺中市南區西川里大忠南街220號1樓,30000000,1031119
4569,28496729,筠蕊霆食品有限公司,臺中市豐原區圓環東路122號,10000000,1031103
4571,28499845,韓進國際企業股份有限公司,臺中市西區忠誠里精明一街70號3樓,5000000,1031118
4572,28502530,易泰豐企業有限公司,臺中市大里區永隆里環河路157號1樓,4000000,1031105
4574,28503539,喜來有限公司,臺中市太平區新吉里22鄰育仁南路1號1樓,500000,1031120
4576,28505614,吉合工程有限公司,臺中市中區大誠里中山路271號1樓,500000,1031107
4577,28507198,尼荳興業有限公司,臺中市南屯區豐樂里文心南三路970號1樓,500000,1031118
4587,28519244,龍騰系統科技股份有限公司,臺中市大里區永隆里大明路460號8樓之2,1000000,1031112
4592,28524669,佑牧生物科技股份有限公司,臺中市大肚區沙田路三段245巷68之8號3樓,130000000,1031128
4605,28542076,滬豐企業有限公司,臺中市梧棲區永安里臨港路三段166巷28號,1000000,1031126
4606,28545159,弘來精密工業有限公司,臺中市大雅區上楓里民生路三段330號,6000000,1031104
4608,28546381,昆帝有限公司,臺中市太平區太平里永平路三段5號1樓,7000000,1031107
4609,28547327,庭揚科技股份有限公司,臺中市大雅區大林路211巷17之6號1樓,1000000,1031114
4610,28547620,福聖興業有限公司,臺中市龍井區忠和里工業路188巷8號,600000,1031110
4614,28551519,鑫鉅振貿易有限公司,臺中市清水區國姓里臨港路七段291號,6000000,1031121
4616,28552593,凱冠科技有限公司,臺中市西屯區福中里福中二街22號1樓,10000000,1031120
4626,28566506,晉頎有限公司,臺中市西屯區協和里工業區五路12號,29000000,1031127
4628,28568589,欣旺宏建設股份有限公司,臺中市西屯區上安里臺灣大道三段540號12樓之2,5000000,1031125
4637,28576379,盛盟股份有限公司,臺中市南屯區春社里精科東路5號,100000000,1031104
4639,28576835,晉遠精密實業有限公司,臺中市大雅區六寶里和平路173-2號,7500000,1031110
4640,28578658,拾夢國際有限公司,臺中市潭子區大富里民族路三段260巷23號,500000,1031103
4650,28590055,亞孟仕創意休閒有限公司,臺中市西屯區福科路557巷3號1樓,1000000,1031121
4680,28614556,真河堂有限公司,臺中市北區中華路2段116號、116-1號,5000000,1031124
4690,28620298,乙辰興業有限公司,臺中市潭子區嘉仁里嘉豐路96巷96之1號,1000000,1031126
4695,28625759,劦翊實業有限公司,臺中市大里區永隆里爽文路765號1樓,14106247,1031117
4699,28631984,肯作室內裝修工程有限公司,臺中市烏日區仁德街2巷38號1樓,1000000,1031127
4711,28645832,馥鈺企業有限公司,臺中市豐原區南嵩里北陽路437號1樓,3000000,1031127
4714,28647563,聖崴材料有限公司,臺中市大雅區上雅里學府路415巷20號6樓之2,8000000,1031118
4716,28649529,青沅有限公司,臺中市南屯區南光路24號1樓,500000,1031104
4722,28655562,華新生物科技有限公司,臺中市北屯區平和里遼陽三街51號1樓,5000000,1031120
4724,28658266,福朗基國際開發有限公司,臺中市西屯區福和里臺灣大道四段847號11樓,1000000,1031107
4732,28666977,承達水泥有限公司,臺中市南區美村路二段109巷11號1樓,16380000,1031117
4754,28696894,億豐綜合工業股份有限公司,臺中市南屯區同心里五權西路2段236號19樓之1,2571875000,1031114
4774,28718150,智研生技股份有限公司,臺中市太平區永成里永成北路226號1樓,80000000,1031117
4778,28727876,健立機械股份有限公司,臺中市豐原區大順街82號1樓,5000000,1031104
4779,28731479,長程保險經紀人股份有限公司,臺中市西屯區逢甲里西屯路二段256巷6號5樓之8,3000000,1031107
4781,28733027,尚紘地磅有限公司,臺中市烏日區烏日里五光路987號,500000,1031119
4785,28737109,桑緹亞股份有限公司,臺中市后里區星科路8號,2360100000,1031124
4787,28739423,宏昌化研有限公司,臺中市霧峰區本鄉里林森路798號1樓,1000000,1031119
4799,28747887,台灣熊實業有限公司,臺中市大里區塗城路304巷28弄27-1號,5000000,1031118
4803,28753542,吉良科技有限公司,臺中市太平區太平里太平二十三街10號,19000000,1031105
4809,28758265,台灣塑加有限公司,臺中市豐原區南陽里10鄰南陽路301巷40-1號,10000000,1031124
4823,28771915,潤亞科技股份有限公司,臺中市龍井區龍崗里沙田路四段682號2樓,20000000,1031127
4826,28775139,龐德生技有限公司,臺中市西屯區福和里臺灣大道四段925號9樓之1,5000000,1031119
4828,28776279,賀生開發有限公司,臺中市豐原區大湳里圓環北路1段319號,29500000,1031103
4834,28783953,帝宇不動產開發有限公司,臺中市西屯區惠來里市政北二路33號,33800000,1031101
4839,28787141,老身生技工廠有限公司,臺中市東區振興路297號1樓,1000000,1031117
4840,28787331,大滷桶國際有限公司,臺中市北屯區景賢二路157號1樓,10000000,1031119
4842,28790429,田豐空油壓有限公司,臺中市太平區新福里振福路211號1樓,2000000,1031104
4847,28792926,久鼎廣告有限公司,臺中市西屯區西墩里西屯路三段53巷2弄15號1樓,500000,1031119
4851,28800539,錸速得股份有限公司,臺中市西區公民里忠信街27號2樓,1000000,1031118
4854,28801679,家碩防火建材有限公司,臺中市西屯區惠來里市政路500號19樓之8,11000000,1031112
4859,28807033,三岡科技有限公司,臺中市大甲區平安里仁愛街109號,3500000,1031114
4861,28807907,大瑭貿易股份有限公司,臺中市北屯區松竹里熱河路三段71號1樓,3000000,1031104
4862,28808666,后豐商務會館股份有限公司,臺中市神岡區豐洲里五權路128號2至7樓,5000000,1031128
4869,28813106,君泰工業有限公司,臺中市大雅區田心二街27號1樓,1500000,1031111
4870,28814251,蕎鑫實業股份有限公司,臺中市大里區永隆路516號1樓、2樓,6000000,1031105
4872,28816188,富允家有限公司,臺中市北屯區水景里東山路一段147巷2號1樓,1000000,1031117
4873,28816791,廣晟工程有限公司,臺中市烏日區前竹里光明路157巷32號1樓,5000000,1031119
4874,28817834,法蔓國際股份有限公司,臺中市西區臺灣大道二段297號4樓,11000000,1031107
4934,28873526,鑫世界廣告股份有限公司,臺中市北屯區平心里昌平路一段95之8號5樓之2,2500000,1031124
4935,28876039,玖裕營造有限公司,臺中市太平區大勇街19-4號,10000000,1031113
4953,28901311,湛覲空間設計有限公司,臺中市南屯區黎明里干城街297號1樓,2000000,1031121
4959,28904555,新鎧誠投資股份有限公司,臺中市北區臺灣大道二段340號8樓之1,86000000,1031103
4967,28908291,利豐酒業股份有限公司,臺中市大肚區頂街里沙田路三段245巷64號2樓,3000000,1031111
4973,28912400,采庭國際有限公司,臺中市西區公平里大業路32號1樓,27000000,1031112
4976,28914723,達成興科技有限公司,臺中市西屯區臺灣大道四段767號6樓之3,1000000,1031103
4978,28918002,昱益實業有限公司,臺中市后里區墩西里月湖路40號1樓,1000000,1031119
4983,28924617,億嶸科技股份有限公司,臺中市太平區永平路二段476巷126弄6號,5000000,1031107
4985,28925475,雷尼紹股份有限公司,臺中市南屯區文心路一段218號18樓之1,3000000,1031103
4996,28936830,良昊科技有限公司,臺中市霧峰區南柳里新厝路99巷6弄6號,2000000,1031107
5003,28943781,寶豐公寓大廈管理維護有限公司,臺中市南區南和里工學路146巷1號1樓,10000000,1031111
5004,28943902,金長宏興業有限公司,臺中市大里區工業路宏巨二巷2弄51號1樓,5000000,1031104
5007,28946128,億亮工業股份有限公司,臺中市北區中清路一段420號3樓,120000000,1031126
5009,28947288,巨叡光學科技有限公司,臺中市豐原區南村里水源路395巷40號1樓,38400000,1031119
5010,28947864,創意組合科技有限公司,臺中市西區大隆路21號1樓,6000000,1031120
5011,28948152,群岳有限公司,臺中市西屯區福林里玉門路370巷8號,25000000,1031110
5012,28948619,慶澤化學有限公司,臺中市北屯區平安里文心路四段698號6樓之2,3000000,1031122
5013,28948673,勤和國際開發有限公司,臺中市西區三民路一段50巷8號2樓,5000000,1031121
5014,28948842,勁龍鋼鐵成型有限公司,臺中市烏日區北里里太明路成豐巷51號,3000000,1031106
5018,28954978,立寶衛浴有限公司,臺中市豐原區南陽里豐原大道三段495號1、2、3樓,15000000,1031120
5019,28955625,豐兆乾健康有限公司,臺中市北區錦祥里進化路575號15樓之1,2000000,1031119
5025,28959404,亞特控制系統股份有限公司,臺中市西屯區中工二路230號,20000000,1031105
5028,28962674,進化開發股份有限公司,臺中市大肚區王田里沙田路一段320巷50之5號,8000000,1031111
5032,28966377,丞翔實業有限公司,臺中市太平區坪林路59之1號1樓,500000,1031107
5033,28967299,鈺原有限公司,臺中市大里區東湖里中湖路20號1樓,1000000,1031119
5092,29032142,聯勝保險代理人有限公司,臺中市中區民族路92號6樓之2,3000000,1031128
5185,29091535,旺興工程有限公司,臺中市霧峰區民生路288巷2號1樓,3000000,1031113
5190,29094110,喬筠股份有限公司,臺中市北區陝西路24號1樓,3000000,1031122
5192,29094316,開玉實業有限公司,臺中市潭子區潭陽里潭興路2段325號1樓,500000,1031125
5195,29099558,皓程環保有限公司,臺中市大肚區蔗廍里太平路1巷3弄41之2號,1000000,1031128
5210,29113067,金展精密科技工業股份有限公司,臺中市烏日區東園里溪南路一段460巷221號,38500000,1031127
5221,29119718,金川源金屬股份有限公司,臺中市北區五權路501巷40號,10000000,1031113
5228,29126226,展慶豐塑膠有限公司,臺中市霧峰區甲寅里德維街11巷2號1樓,1000000,1031110
5298,29182893,大鴻先進科技股份有限公司,臺中市后里區后科南路88號,600000000,1031117
5491,38400391,今大營造股份有限公司,臺中市大甲區文武里育英路176巷4號,105000000,1031111
5583,51009166,大立機器工業股份有限公司,臺中市霧峰區南勢里豐正路工業巷3號,181800000,1031106
5584,51075480,中宏交通事業股份有限公司,臺中市西屯區河南路52號1樓,26000000,1031117
5585,51222407,承興木業股份有限公司,臺中市西屯區廣福里光明路204之18號,26000000,1031125
5586,51236922,坤裕精機股份有限公司,臺中市南屯區春社里精科路8號,100000000,1031113
5587,51312913,金隆記工業股份有限公司,臺中市西區文化街148號,12000000,1031112
5588,51314927,東新交通企業有限公司,臺中市西區平和里柳川東路二段156號1樓,5000000,1031117
5589,51328576,金星塑膠製品工業有限公司,臺中市東區東信里東英路五六巷一四號,5000000,1031119
5590,51437006,東藝影視事業股份有限公司,臺中市北屯區中清路108-20號,8000000,1031107
5591,51652406,華美企業股份有限公司,臺中市中區光復里光復路62號,15000000,1031104
5592,51701954,源大中機械廠股份有限公司,臺中市南區樹義里復興路一段81號,39000000,1031111
5593,51798508,源豐精密科技股份有限公司,臺中市西屯區林厝里福雅路679號,220000000,1031104
5594,51807056,台灣村田股份有限公司,臺中市西屯區中清路三段451號,270000000,1031113
5595,51809343,僑光鐵工廠股份有限公司,臺中市南屯區文山里精科七路2號,25500000,1031127
5596,51817006,台中汽車客運股份有限公司,臺中市中區三民路二段25號,270000000,1031107
5597,51933315,晉惠塑膠工業股份有限公司,臺中市烏日區前竹里中山路一段和平巷63號,120000000,1031117
5598,51938402,聯美興業股份有限公司,臺中市中區光復里巿府路161號,20000000,1031104
5599,52236908,安琪兒實業股份有限公司,臺中市大里區大衛路36號,15000000,1031120
5600,52237343,健行交通股份有限公司,臺中市大里區祥興里大興街2巷1弄1號1樓,4000000,1031128
5601,52264848,和大工業股份有限公司,臺中市大里區仁化路115號,2322402970,1031119
5602,52309606,中建開發事業股份有限公司,臺中市西屯區臺灣大道四段925號27樓之2,48160000,1031107
5604,52365472,青德鋼鐵股份有限公司,臺中市霧峰區吉峰里吉峰路61號,19500000,1031114
5605,52438046,弘達儀器股份有限公司,臺中市西屯區協和里工業區十一路17號,130000000,1031125
5606,52442978,敬統實業股份有限公司,臺中市南屯區工業區21路18號,9510000,1031121
5607,52456445,立宜營造股份有限公司,臺中市西屯區寶慶街30巷20號8樓之3,22500000,1031113
5608,52467560,原欣工業股份有限公司,臺中市北屯區松勇里松竹路二段86巷5號2樓,10200000,1031111
5609,52475338,智高實業股份有限公司,臺中市西區忠明里臺灣大道二段406號7樓之2、3、5,31250000,1031126
5610,52507198,金例貿易有限公司,臺中市北區文昌一街96號1樓,250000000,1031114
5611,52509365,右翔通運股份有限公司,臺中市豐原區西安里安和路22號,20000000,1031110
5612,52517787,大佶機電股份有限公司,臺中市大里區日新里福大路43巷20弄1號,11000000,1031106
5613,52522199,聚意股份有限公司,臺中市太平區建興里鵬儀路354號,10000000,1031113
5614,52524703,功陽精機股份有限公司,臺中市太平區宜欣里富宜路190巷19號,50000000,1031110
5615,52556248,中良工業股份有限公司,臺中市大雅區中清路三段758巷8號,471250000,1031105
5616,52571389,皇鎰實業有限公司,臺中市南屯區工業區十九路1號,46000000,1031105
5617,52579072,和和機械股份有限公司,臺中市南屯區春社里精科東路3號,368630000,1031126
5619,52603312,中屋營造工程股份有限公司,臺中市西屯區臺灣大道四段925號27樓之2,160000000,1031103
5621,52621402,康百世科技股份有限公司,臺中市西區土庫里華美街100號6樓,8400000,1031119
5622,52674499,祥安鋼鐵工業股份有限公司,臺中市大里區工業二十路9號,36150000,1031127
5623,52691151,台中禮儀有限公司,臺中市北區金龍里崇德路一段80巷7號1樓,1200000,1031107
5625,52759813,和陞電機工業股份有限公司,臺中市烏日區螺潭里慶光路80之15號,28000000,1031110
5626,52801376,岦興紙器股份有限公司,臺中市南屯區寶山里工業區20路8號,50000000,1031119
5627,52803965,建亮工程有限公司,臺中市大里區東湖里東南路163號1樓,10000000,1031114
5628,52813611,中瑞工程股份有限公司,臺中市西屯區烈美街190號1樓,157500000,1031110
5629,52817428,嘉祥美術印刷有限公司,臺中市沙鹿區清泉里清泉路43號,38000000,1031127
5630,52888751,宜勤包裝股份有限公司,臺中市北屯區松竹里崇德六路一段31巷30號,10000000,1031104
5631,52907259,昌樺實業有限公司,臺中市潭子區東寶里大富路1段80之8號,5000000,1031119
5632,52918431,上吉運輸股份有限公司,臺中市烏日區九德里中山路一段120號1樓,21000000,1031125
5633,52930667,三風食品工業股份有限公司,臺中市大雅區大楓里民富街114號,20000000,1031126
5634,52932172,邦農企業有限公司,臺中市北區賴村里五常街232號1樓,2000000,1031111
5635,52941025,盈元機械股份有限公司,臺中市東區大興街87號,15000000,1031104
5636,52950797,速進機電工業股份有限公司,臺中市西屯區河南路二段79號,12000000,1031127
5652,53017120,澳商塔斯曼股份有限公司,臺中市西屯區朝馬五街21號,1000000,1031113
5655,53018612,日商福神股份有限公司,臺中市南區福順里忠明南路787號37樓,0,1031124
5670,53035577,創世紀事業有限公司,臺中市西屯區漢口路二段151號15樓之2,2000000,1031118
5673,53037097,寶家麗生醫科技股份有限公司,臺中市沙鹿區興仁里沙田路60之4號1樓,3300000,1031113
5674,53037499,茂盈精密股份有限公司,臺中市烏日區北里里溪南路二段466號,18000000,1031111
5676,53037857,安擎實業股份有限公司,臺中市西屯區工業區一路58巷10弄35號1樓,3000000,1031105
5684,53040403,侑迅有限公司,臺中市北屯區瀋陽路三段253號5樓,1000000,1031111
5687,53042079,連泓工程有限公司,臺中市大雅區文雅里中山北路250號1樓,200000,1031124
5691,53044148,領航生技股份有限公司,臺中市西區民龍里西屯路一段135-5號2樓,3590000,1031107
5693,53045218,立超不銹鋼有限公司,臺中市烏日區五光里環中路七段168-12號,10000000,1031111
5701,53049170,聯鴻開發國際有限公司,臺中市北屯區文心路三段447號8樓之2,600000,1031112
5704,53054829,尚記不動產經紀有限公司,臺中市西屯區臺灣大道二段767號1樓,1000000,1031104
5719,53068491,隆和國際貿易有限公司,臺中市龍井區新興路22巷1弄6號1樓,1000000,1031104
5720,53069317,廷晁企業有限公司,臺中市南屯區豐樂里東興路一段503之2號1樓,500000,1031104
5724,53073327,鑫達利廣告股份有限公司,臺中市北屯區平心里昌平路一段95-8號5樓之2,500000,1031105
5732,53076963,家宏人力仲介有限公司,臺中市南屯區永春東一路861號1樓,5000000,1031105
5826,53129883,香蕉船創造力有限公司,臺中市西屯區福林里福林路9號,4000000,1031118
5828,53130360,鑫永進橡膠科技有限公司,臺中市豐原區社皮里中正路898號,5000000,1031120
5830,53132727,大新展業有限公司,臺中市南區平和里南平路50號1樓,3000000,1031107
5831,53132965,臺灣數位版權股份有限公司,臺中市西區公益路161號11樓之7,1000000,1031127
5833,53134730,和立堡建設股份有限公司,臺中市南屯區五權西路二段666號9樓之4,22500000,1031107
5835,53135490,鉅發投資有限公司,臺中市北區明德里太原路一段470號,500000,1031104
5841,53139144,鍀盈自動控制有限公司,臺中市大肚區沙田路一段2巷30之2號1樓,3000000,1031110
5845,53141330,成龍國際有限公司,臺中市北區中清路一段447號15樓之2,1000000,1031106
5847,53144147,雲鼎餐飲有限公司,臺中市西屯區何德里寧夏路79號8樓之2,250000,1031104
5850,53145407,福容廣告企劃有限公司,臺中市西屯區上安路84巷12號6樓之1,800000,1031107
5854,53146953,甲翌開發事業有限公司,臺中市西屯區大河里文心路三段167之7號10樓,50000000,1031125
5857,53147448,惠國停車場股份有限公司,臺中市西屯區西墩里黎明路三段133號9樓之2,5000000,1031111
5859,53148066,祝噯吃實業有限公司,臺中市神岡區社口里社口街161號,2000000,1031119
5860,53148164,金剛機械有限公司,臺中市太平區光明路9之32號1樓,700000,1031119
5867,53154088,浩昇科技有限公司,臺中市中區中山路49巷4號1樓,1200000,1031124
5878,53160650,昇揚樂器有限公司,臺中市后里區月眉里月湖路149號,300000,1031105
5882,53162658,大洋洲室內裝修有限公司,臺中市龍井區東海里遠東街22號8樓,1000000,1031106
5883,53163018,力邦電機股份有限公司,臺中市大里區國光路一段206之18號,2000000,1031124
5887,53163973,亦丰車業有限公司,臺中市南區永興里工學二街275巷7號1樓,5000000,1031111
5891,53165493,冠亞石業有限公司,臺中市大里區東湖里北湖街207號,1000000,1031127
5893,53165938,久合信有限公司,臺中市烏日區溪南路一段988巷180弄171之1號1樓,400000,1031119
5896,53168554,建峰食品有限公司,臺中市東區東光園路100巷6弄76號1樓,3000000,1031110
5901,53172179,穩鑽工程有限公司,臺中市大里區新仁路三段84巷17弄15號1樓,1000000,1031104
5902,53175703,密德克機械有限公司,臺中市北屯區三光里三光一街160號14樓之1,500000,1031114
5903,53175936,寬泰置業股份有限公司,臺中市西區吉龍里五權五街151號7樓之6,50000000,1031104
5920,53182351,集邦聯合製造股份有限公司,臺中市外埔區水美里二崁路706巷11號,15000000,1031113
5946,53197312,賀菩貿易有限公司,臺中市神岡區社口里中山路928號,65000000,1031110
6011,53245047,異威電能科技股份有限公司,臺中市西屯區至善里19鄰臺灣大道三段658號9樓之5,43700000,1031117
6038,53261307,一森科技有限公司,臺中市大雅區清陽路89號,100000,1031128
6041,53262306,圓蔓企業有限公司,臺中市大里區大里街3號2樓,3500000,1031125
6045,53265227,微向空間有限公司,臺中市南屯區同心里文心路一段186號12樓之4,300000,1031119
6046,53265492,巨積精密技術有限公司,臺中市太平區太平里永豐路108巷12之23弄38號1樓,20000000,1031105
6048,53266204,全越貿易有限公司,臺中市北屯區平安里崇德路一段578號4樓之1,1000000,1031112
6059,53275359,鈕斯勃貿易股份有限公司,臺中市北區五常里五順街42巷1號1樓,10000000,1031114
6063,53279849,錩翰有限公司,臺中市太平區新福十六街42號1樓,300000,1031127
6072,53283007,東攻工業股份有限公司,臺中市豐原區社皮里豐社路245-3號1樓,3600000,1031122
6074,53284300,瑞源豆類股份有限公司,臺中市梧棲區草湳里緯六路15號,29000000,1031126
6075,53285737,豪振國際股份有限公司,臺中市南屯區中和里黎明路一段395巷27號2樓,5000000,1031104
6076,53285820,華納廣告有限公司,臺中市北區賴興里梅川西路四段197巷1號1樓,1000000,1031126
6078,53287643,展瑋開發股份有限公司,臺中市沙鹿區晉江里臺灣大道七段121號3樓,17000000,1031119
6079,53287783,加點設計有限公司,臺中市西區民龍里西屯路一段147-13號,800000,1031125
6081,53288713,鴻鈊生活事業有限公司,臺中市南區南和一街11巷23號1樓,1000000,1031127
6087,53293146,娃娃國企業有限公司,臺中市龍井區工業路173巷2號,3100000,1031103
6091,53296930,植心音樂藝術有限公司,臺中市北屯區平福里大連路二段241號1樓,1000000,1031121
6095,53299177,金鴻運不動產經紀有限公司,臺中市北屯區文心路四段520號1樓,3000000,1031126
6099,53303279,良宸股份有限公司,臺中市北區長青里陝西八街11號1樓,1000000,1031114
6101,53304164,綠立生醫國際股份有限公司,臺中市南區長榮里復興路三段314號2樓,5666000,1031127
6102,53304241,龍藏環境景觀設計有限公司,臺中市南區德義里建成路1569之1號3樓,1000000,1031117
6103,53305023,靜宜會館開發股份有限公司,臺中市沙鹿區六路里南陽路163號,10000000,1031119
6112,53308838,帝德國際實業股份有限公司,臺中市南屯區大誠里五權西路二段131號8樓之2,5000000,1031120
6137,53320093,煜笙國際事業有限公司,臺中市北區忠明二街41之1號3樓,5000000,1031106
6218,53359420,采宏茗茶有限公司,臺中市大里區大元里內元路153巷6號1樓,600000,1031108
6222,53362065,至優網有限公司,臺中市南區永興里高工路275號2樓,500000,1031107
6226,53364599,法英國際有限公司,臺中市西屯區漢成一街31號1樓,5000000,1031104
6227,53364726,唯勤電機有限公司,臺中市豐原區翁子里豐勢路一段457號3樓,3000000,1031105
6233,53369150,和司特股份有限公司,臺中市西屯區福中里中工二路192號14樓,15000000,1031124
6234,53369594,金曄國際有限公司,臺中市北區西屯路一段226-1號1樓,200000,1031113
6235,53370375,鼎泰鑫實業股份有限公司,臺中市西屯區至善里青海路二段337號1樓,20000000,1031112
6241,53375435,華祐科技有限公司,臺中市大雅區大雅里中清東路227巷8號1樓,300000,1031127
6243,53377285,凌翰實業有限公司,臺中市西區公民里貴和街177號1樓,5000000,1031124
6245,53379116,普羅大眾有限公司,臺中市西屯區何源里華美西街二段311號8樓之4,5000000,1031126
6249,53382148,中時科技人文雜誌有限公司,臺中市北區中清路一段447號15樓之2,1000000,1031106
6251,53383462,盈納國際實業有限公司,臺中市南區忠明南路586號1樓,2000000,1031110
6254,53385497,台灣康医藥品生技股份有限公司,臺中市北區學士路255號6樓,4000000,1031122
6261,53390409,堡威營造有限公司,臺中市大里區東興里永興路200號1樓,3000000,1031105
6262,53390506,宜興開發興業有限公司,臺中市西屯區西墩里上安北街32號、36號、36號2樓,12100000,1031113
6266,53392053,鉑源地產有限公司,臺中市北屯區敦化路一段400號1樓,5000000,1031119
6269,53393779,立鼎企業股份有限公司,臺中市北區賴福里中清路一段416號4樓,5000000,1031107
6274,53397732,中郡建設股份有限公司,臺中市西區忠明里健行路1049號7樓,45000000,1031111
6277,53401503,象神國際企業有限公司,臺中市北區五權路257號1樓,4500000,1031114
6280,53403523,宜威電路設計有限公司,臺中市大雅區忠義里月祥路502巷6號2樓,3800000,1031105
6281,53404071,東興電子地磅製造有限公司,臺中市烏日區光明里五光路880號1樓,1000000,1031120
6285,53406726,久裕漁具有限公司,臺中市南區樹義里福田三街167號1樓,2000000,1031125
6357,53466857,地天泰科技材料股份有限公司,臺中市太平區建興北路29號1樓,500000,1031107
6368,53472302,松德科技有限公司,臺中市大肚區成功里文昌路三段2巷193弄41號,1000000,1031122
6369,53472990,鈞暉興業股份有限公司,臺中市大里區樹王里樹王路50-7號,5000000,1031117
6370,53473739,金壕金屬有限公司,臺中市烏日區溪埧里溪南路一段238巷8弄36號2樓,12000000,1031104
6371,53474701,依赫流行精品服飾有限公司,臺中市南屯區大同里大進西街26號1樓,1000000,1031112
6372,53474723,尚虹流行精品服飾有限公司,臺中市南屯區大同里大進西街18號1樓,1000000,1031112
6375,53477670,寶順土地開發股份有限公司,臺中市西區華美西街一段142號11樓之3,5000000,1031110
6376,53478312,昌立聯合開發股份有限公司,臺中市大雅區西寶里昌平路四段252號2樓,10000000,1031127
6378,53479537,贊宇精密有限公司,臺中市南區美村南路107巷38號2樓之1,2500000,1031125
6381,53484270,劦紘企業有限公司,臺中市豐原區翁子里豐東路557號,4000000,1031128
6384,53487473,威力馬國際事業股份有限公司,臺中市西屯區何安里臺灣大道二段910號5樓之7,6000000,1031124
6385,53488310,翔新光電科技實業有限公司,臺中市東區十甲路415號8樓之2,1000000,1031128
6388,53489134,台灣開山壓縮機有限公司,臺中市烏日區北里里太明路成豐巷31號1樓,119300000,1031120
6391,53490033,普利崴股份有限公司,臺中市西屯區何成里大墩十九街186號8樓之1,1500000,1031119
6393,53490884,睿杰天平國際開發有限公司,臺中市大里區國光路二段548號1樓,2000000,1031104
6398,53496135,恆鈦精機股份有限公司,臺中市大里區大元里國中路3巷10號,12000000,1031126
6399,53497802,瑞亞環保有限公司,臺中市豐原區翁社里豐年路259巷23號1樓,2000000,1031105
6400,53499415,吉鈦焊材有限公司,臺中市大肚區瑞井里遊園路一段3巷2弄26號1樓,3000000,1031127
6405,53502875,亞森食品有限公司,臺中市西屯區何成里大墩十九街203之1號1樓,500000,1031117
6406,53503332,冠丹生物科技股份有限公司,臺中市北區明德里忠明路409號2樓,5000000,1031125
6407,53503425,欣錠五金工業有限公司,臺中市大里區中興路二段日新巷79弄47號1樓,6000000,1031104
6410,53505795,立緯精密工業有限公司,臺中市太平區光興路142號1樓,1000000,1031122
6416,53512064,龍寶山物業管理顧問有限公司,臺中市南屯區田心里大墩四街321號地下1層,5000000,1031111
6422,53516701,唐鋒數位有限公司,臺中市西屯區潮洋里市政北二路238號16樓之5,500000,1031124
6423,53516857,日隆鑿井工程有限公司,臺中市大甲區文武里德興路35號,5000000,1031110
6498,53548746,派仕科技有限公司,臺中市北屯區北屯路366號7樓之1,5500000,1031128
6586,53602369,宇沺光照明工業有限公司,臺中市北屯區和平里建和路二段160號,2500000,1031127
6588,53603091,台灣群鼎資訊管理顧問有限公司,臺中市大里區東興里大明路393-8號,1000000,1031120
6591,53605582,開億機械有限公司,臺中市北區立人里14鄰華美街二段246號12樓之7,3000000,1031107
6595,53608238,錦虹有限公司,臺中市北屯區和平里環中東路二段167號1樓,1000000,1031106
6599,53611162,聯合不動產經紀有限公司,臺中市北屯區陳平里中清路72之18、72之19號,1000000,1031112
6602,53612227,水明漾園藝綠化有限公司,臺中市北屯區后庄里后庄北路218號1樓,2000000,1031124
6608,53619066,田訊精密工業有限公司,臺中市東區東信里東英路15號(1樓),1000000,1031104
6611,53619925,中礦發展股份有限公司,臺中市西區民權路229巷21之2號,20000000,1031124
6613,53621984,藝鑫行銷有限公司,臺中市北屯區松勇里北屯路471巷18號1樓,3000000,1031107
6614,53622386,晟騰投資有限公司,臺中市豐原區西湳里仁洲街91號1樓,13800000,1031127
6615,53622695,觀吉欣綠能科技股份有限公司,臺中市南屯區豐樂里豐安街156號1樓,5000000,1031108
6616,53622908,碩德科技環保有限公司,臺中市大里區爽文路538巷52號,8000000,1031117
6621,53625243,春秋工程事業有限公司,臺中市南區福順里美村路二段182號,5000000,1031119
6623,53626691,大助電子材料有限公司,臺中市西屯區何安里四川二街30號2樓之1,588000,1031104
6627,53629732,締堡國際有限公司,臺中市南屯區豐樂里文心南五路一段301號1樓,2000000,1031126
6628,53629959,冠軍國際開發有限公司,臺中市西區公民里五廊街98之4號3樓,500000,1031111
6630,53630105,惠來不動產經紀有限公司,臺中市西屯區惠來里台灣大道三段38號,3000000,1031111
6637,53633638,銳美不動產代銷事業有限公司,臺中市南屯區惠中里大聖街25號7樓之2,1688888,1031104
6638,53634171,新社森林股份有限公司,臺中市新社區中和里中興路20號,19551550,1031110
6641,53635495,騛訊有限公司,臺中市沙鹿區中山路49之1號1樓,1000000,1031117
6643,53635919,松茂投資股份有限公司,臺中市西區臺灣大道二段307號4樓,15000000,1031119
6647,53639197,致承有限公司,臺中市豐原區田心里豐南街85巷30號1樓,3000000,1031120
6648,53639794,進益投資股份有限公司,臺中市西區民權路211之5號4樓之4,29800000,1031124
6650,53640650,豐裕景觀股份有限公司,臺中市中區光復里民族路92號3樓之2,29800000,1031117
6658,53645466,蠻牛股份有限公司,臺中市南區忠明南路760號33樓,50000000,1031103
6661,53646676,承一貿易有限公司,臺中市西屯區黎明路三段353號2樓,1000000,1031126
6662,53646916,竑立貿易有限公司,臺中市北區太原路1段480號1樓,5000000,1031113
6663,53648148,雲傑建設有限公司,臺中市北屯區中清路二段362巷27號1樓,5000000,1031117
6667,53649771,英屬維京群島商鉅得國際有限公司,臺中市北屯區平安里崇德路2段130號6樓,5000000,1031105
6668,53652563,英屬維京群島商利勝投資股份有限公司,臺中市西屯區何成里臺灣大道2段831號1樓,250000,1031120
6671,53653676,香港商寰彪發展服務有限公司,臺中市北屯區文心路4段669號4樓之1,5000000,1031105
6673,53654350,韓商三票股份有限公司,臺中市北屯區安順四街26號,500000,1031111
6682,53663766,香港商法亞太產品測試有限公司,臺中市西區忠明南路325號3樓之5,0,1031118
6710,53685184,凱月飯店事業股份有限公司,臺中市東區新庄里大智路63-2號1樓,50000000,1031111
6737,53701635,永富發科技有限公司,臺中市南區工學一街177號10樓之5,1000000,1031107
6746,53706625,豐晴國際美學概念有限公司,臺中市西屯區漢口路二段151號14樓之1,1000000,1031117
6869,53780510,根本開發建設有限公司,臺中市太平區宜昌里宜欣一街51號1樓,5000000,1031120
6874,53783994,立辰室內裝修工程有限公司,臺中市霧峰區本鄉里光明街89號1樓,500000,1031119
6877,53784332,雷米波伊投資有限公司,臺中市西區公平里大業路32號2樓,1000000,1031107
6879,53786155,金帝盛股份有限公司,臺中市西屯區何福里寧夏東二街2之1號1樓,1000000,1031105
6880,53786958,中江實業有限公司,臺中市西區忠明里健行路1049號27樓之14,2000000,1031105
6881,53787366,欣磐石設計有限公司,臺中市西屯區何安里四川路32號1樓,600000,1031117
6886,53791241,承智生醫有限公司,臺中市南屯區三義里黎明路二段452號地下一樓,3000000,1031119
6888,53793613,森岳股份有限公司,臺中市潭子區豐栗路85號,20000000,1031106
6890,53794248,雅儷仕國際股份有限公司,臺中市太平區富平路13巷13號,200000,1031127
6898,53799399,大囍門國際有限公司,臺中市西屯區逢甲里福星路468號1樓,220000,1031128
6899,53799428,久能工程有限公司,臺中市北屯區仁美里豐樂路12-7號1樓,2000000,1031103
6903,53802824,周摩實業有限公司,臺中市西屯區上德里青海路二段153號9樓之1,2160000,1031104
6908,53808926,安遠資通工程有限公司,臺中市南屯區田心里大墩四街321號地下一層,1000000,1031107
6909,53811020,天材農產股份有限公司,臺中市西屯區福安里15鄰臺灣大道四段839號13樓,500000,1031104
6911,53811274,利誠實業有限公司,臺中市西屯區河南路二段40-2號1樓,3000000,1031124
6916,53816186,萊特休閒事業有限公司,臺中市西區東興路三段160號9樓之1,5000000,1031103
6918,53817538,創準機械股份有限公司,臺中市太平區太平里永豐路124號,10000000,1031118
6920,53819959,網眼科技股份有限公司,臺中市西屯區惠來里市政路500號24樓之8,600000,1031125
6921,53820392,智揚科技股份有限公司,臺中市北屯區平德里文心路四段478號5樓,80000000,1031117
6927,53823551,台灣比亞迪電動車業股份有限公司,臺中市西屯區至善里19鄰臺灣大道三段658號9樓之5,47000000,1031119
6934,53827803,峻捷倡國際有限公司,臺中市沙鹿區鹿寮里福安街18號1樓,298000,1031127
6936,53828253,新三興機械工業有限公司,臺中市南區有恆街117號1樓,5000000,1031125
6937,53828269,麥克機器實業有限公司,臺中市霧峰區中正路1281巷12號1樓,15000000,1031106
6941,53830482,品易食品有限公司,臺中市南屯區大誠里大墩一街60號1樓,500000,1031104
6946,53833164,愛佩斯休閒娛樂有限公司,臺中市中區光復路99號2樓,700000,1031119
6950,53834537,屋日房屋有限公司,臺中市南屯區黎明路一段272號1樓,1000000,1031105
6952,53835310,美家人力資源有限公司,臺中市東區三賢街166號1樓,10000000,1031113
6958,53838800,亞固建設股份有限公司,臺中市南屯區大業里大墩路702號1樓,10000000,1031112
6959,53839337,為騰企業有限公司,臺中市太平區新坪里育仁路30號1樓,5000,1031120
6961,53839462,鴻寬傢俱有限公司,臺中市南屯區文山里向上路五段511-1號,500000,1031125
6962,53839701,普鑫科技股份有限公司,臺中市東區東信里振興路412巷32-1號,10000000,1031118
6967,53842425,連鼎建設有限公司,臺中市南區工學里工學路155巷15弄16號1樓,1000000,1031121
6969,53842939,法樂齊有限公司,臺中市西區忠明里中興街239號1樓,450000,1031110
6970,53843374,達欣實業有限公司,臺中市西屯區何福里寧漢街6號,5000000,1031120
6974,53849145,喜多麗植原生技有限公司,臺中市北屯區和平里東山路一段459之12號,3000000,1031119
6975,53850698,凱莉開發有限公司,臺中市西區大忠南街120號1樓,3000000,1031126
6977,53851562,梵谷國際行銷有限公司,臺中市北屯區忠平里敦化路一段473號11樓,7000000,1031117
6978,53851752,泓棖木業有限公司,臺中市梧棲區大村里文心街150號1樓,3000000,1031126
6979,53854028,多米國際有限公司,臺中市梧棲區大庄里信義街18巷19號1樓,5000000,1031112
6983,53855510,野葉樂活有限公司,臺中市北屯區水景里軍榮5街21號2樓,500000,1031125
6985,53856089,上心有限公司,臺中市大里區長榮里德芳南路210號1樓,5000000,1031127
6990,53857828,長邑開發有限公司,臺中市大里區東湖里中興路一段29號1樓,200000,1031126
6991,53859136,昱勝國際開發有限公司,臺中市西屯區至善里逢甲路225巷18號1樓,250000,1031106
6992,53859760,勝騏餐飲有限公司,臺中市大雅區四德里中山北路3號2樓,15000000,1031104
6993,53860393,寶鴻電機有限公司,臺中市西屯區福安里福安路55巷3號22樓之5,3320000,1031104
6994,53860653,榮豐國際開發有限公司,臺中市沙鹿區竹林里七賢路27巷2號1樓,5000000,1031121
6996,53862195,權聖不動產經紀業有限公司,臺中市西屯區西墩里黎明路3段200號1樓,1000000,1031112
6998,53863048,加齡健康事業股份有限公司,臺中市南屯區大正街6號1樓,1000000,1031118
7001,53863672,分子撞擊股份有限公司,臺中市南屯區同心里南屯路二段290號1樓,6000000,1031122
7004,53867179,豐鎂鋼材有限公司,臺中市太平區成功里成功路281號,4000000,1031120
7006,53867699,高僑國際文教股份有限公司,臺中市西屯區上安里上安路41號4樓,20000000,1031119
7007,53867749,凱焱鐵板燒有限公司,臺中市南屯區大誠里五權西路二段171號1樓,5000000,1031113
7011,53871315,沐石空間設計有限公司,臺中市南區平和里美和街66巷9號1樓,2500000,1031107
7012,53873952,欣展瓦斯設備股份有限公司,臺中市西區忠誠里太原路一段184之6號1樓,2000000,1031125
7015,53876297,永添承有限公司,臺中市南屯區大墩一街42號地下1層之13,500000,1031125
7018,53878555,悠可股份有限公司,臺中市西屯區福瑞里福強街117號24樓之3,2714000,1031106
7020,53878990,新旺國際興業有限公司,臺中市北屯區崇德路二段252號11樓,6287949,1031113
7188,53955399,商一專門有限公司,臺中市西屯區潮洋里11鄰臺灣大道三段699號3樓之11,1000000,1031124
7200,53961110,裕庭建設股份有限公司,臺中市沙鹿區興安里斗潭路285巷32號1樓,12600000,1031114
7201,53961548,一城系統櫥櫃企業有限公司,臺中市烏日區溪壩里環中路八段787巷15號,2000000,1031112
7203,53961765,天裕工程有限公司,臺中市南屯區新生里永春路21號,1150000,1031127
7205,53964550,益鼠創意國際行銷有限公司,臺中市西屯區河南路二段262號10樓之11,2000000,1031104
7214,53966918,磐昊電子有限公司,臺中市大雅區三和里15鄰龍善二街159號,7000000,1031127
7218,53969056,韓氏企業有限公司,臺中市烏日區健行路300號1樓,500000,1031110
7222,53972159,金磚精密工業股份有限公司,臺中市烏日區太明路159號1樓,20000000,1031106
7224,53972989,天恩國際貿易有限公司,臺中市東區東信里十甲東路406巷40弄1之1號1樓,6000000,1031119
7225,53974749,儀立鑫企業股份有限公司,臺中市烏日區北里里溪南路二段648號1樓,6000000,1031105
7229,53975389,福合緣生命禮儀有限公司,臺中市北區賴村里學士路255號7樓,5000000,1031120
7232,53976129,出雲山莊有限公司,臺中市和平區中坑里雪山路出雲巷21之2號,6000000,1031110
7234,53979420,阿瑪杰克科技有限公司,臺中市西區民生里自由路一段130號,1000000,1031107
7236,53980643,金磚文具有限公司,臺中市潭子區中山路二段325號,5000000,1031124
7237,53980714,泳億國際工業有限公司,臺中市西區公德里精誠28街17號,2000000,1031125
7239,53981045,台灣中通汽車實業有限公司,臺中市西屯區協和里工業區二路11號,30000000,1031117
7240,53981116,吉品茗有限公司,臺中市西屯區永安里福雅路271之9號,500000,1031126
7244,53983521,碩豐開發建設有限公司,臺中市西區忠誠里臺灣大道二段573號6樓,6000000,1031106
7246,53984628,日涵開發股份有限公司,臺中市龍井區新東里新興路51之6號2樓,23000000,1031110
7249,53985106,凱登國際美甲有限公司,臺中市北屯區北屯路180巷10號1樓,1000000,1031117
7250,53985540,大君鴻科技有限公司,臺中市大肚區沙田路一段320巷56弄20號,30000000,1031119
7257,53989047,永捷科技材料股份有限公司,臺中市西屯區西墩里僑光路51號1樓,10000000,1031119
7261,53989335,好幫手有限公司,臺中市西區建國北路三段53號1樓,1000000,1031119
7263,53991114,太山不動產有限公司,臺中市石岡區萬興里豐勢路845之1號1樓,300000,1031106
7266,53993226,新絲路知識貿易有限公司,臺中市西屯區惠來里河南路四段79號3樓,7500000,1031112
7267,53993984,常達興業有限公司,臺中市北屯區仁和里山西北二街79號,5000000,1031119
7270,53996363,春昱豐國際有限公司,臺中市北屯區文心路四段669號16樓之3,200000,1031128
7274,53998411,全能興有限公司,臺中市南屯區大墩十七街129號2樓,2500000,1031118
7275,53998664,精誠綜合事業有限公司,臺中市北區建興里學士路296號2樓,1000000,1031103
7276,53998799,聯安傳播企劃有限公司,臺中市西屯區何源里河南東二街37號1樓,500000,1031117
7278,53999235,大禾力精密機械有限公司,臺中市南屯區大墩二街86號3樓,1000000,1031104
7279,53999919,凱盛有限公司,臺中市西屯區何厝里四川路97號1樓,1000000,1031121
7281,54000359,福元儀典生命禮儀有限公司,臺中市北區錦祥里育祥街32號1樓,1000000,1031119
7283,54001688,花彤餐飲有限公司,臺中市西區公德里公益路331號1樓,2000000,1031118
7284,54002217,富和康國際股份有限公司,臺中市西屯區臺灣大道三段660號13樓之5,9000000,1031122
7290,54005782,佳昕有限公司,臺中市北區新興里精武路231號1樓,50000,1031128
7292,54007352,宸欣開發股份有限公司,臺中市西區大隆路20號11樓之6,100000000,1031106
7446,54090160,匯爾達管理顧問有限公司,臺中市南屯區大同里東興路二段186號地下一層1號,1000000,1031128
7447,54090318,墨品室內裝修有限公司,臺中市大雅區大楓里民豐街53號,1000000,1031106
7448,54090387,宇權工程有限公司,臺中市西屯區永安里福雅路213巷37號2樓,500000,1031106
7449,54090582,宏太國際投資有限公司,臺中市西屯區何南里東興路三段381號7樓之3,29000000,1031111
7450,54092815,巨富工程有限公司,臺中市西屯區大弘六街2號1樓,3000000,1031112
7454,54093482,羽灃國際貿易有限公司,臺中市南屯區田心里惠中路三段359號1樓,1000000,1031118
7458,54094898,書緯科技有限公司,臺中市后里區甲后路1038號1樓,10000000,1031111
7459,54096896,佳震工程有限公司,臺中市北區賴村里德化街395號1樓,500000,1031103
7461,54097733,寶僑開發有限公司,臺中市北屯區水湳里中清路2之45號1樓,2000000,1031106
7467,54100982,富麗農業科技股份有限公司,臺中市大里區大元里大衛路26號1樓,7000000,1031113
7472,54102356,佳聯盛企業有限公司,臺中市太平區中政里永平南路10、12、16、18、26號,3000000,1031105
7473,54102623,柏榮企業有限公司,臺中市南屯區中和南一巷42號1樓,1000000,1031119
7474,54102638,柏昌企業有限公司,臺中市大里區新仁路三段108巷5號1樓,1000000,1031118
7475,54104690,祥順金屬工程有限公司,臺中市潭子區東寶里雅潭路二段152巷111弄9號1樓,7000000,1031124
7476,54104729,愛家不動產經紀有限公司,臺中市西屯區惠來里府會園道21號1樓,1600000,1031118
7477,54104967,遠見開發事業有限公司,臺中市南屯區大同里大墩路192號4樓,1000000,1031128
7479,54105749,洽富實業股份有限公司,臺中市沙鹿區大同街33號,400000000,1031117
7480,54105945,楷越科技股份有限公司,臺中市西區自由路一段101號9樓之8,25000000,1031124
7481,54106402,詠安人力仲介有限公司,臺中市西屯區上安里上安路60-6號1樓之5,10000000,1031105
7482,54106851,東川文化創藝有限公司,臺中市北屯區水湳里文心路三段445巷2之3號,500000,1031114
7488,54109273,鼎泰鑫開發股份有限公司,臺中市西屯區至善里青海路二段343號1樓,20000000,1031110
7492,54110546,寶盛材料科技股份有限公司,臺中市潭子區中山路三段11號,40000000,1031103
7493,54111411,宏振貿易有限公司,臺中市南屯區文山里寶山三街35號,6000000,1031110
7494,54113115,雙融國際財務顧問有限公司,臺中市西區五權五街151號8樓之3,50000,1031118
7498,54115872,竑翰建設有限公司,臺中市霧峰區本堂里大同路129號1樓,3000000,1031117
7499,54116859,萬興不動產股份有限公司,臺中市大里區國光里德芳南路428號2樓,12000000,1031110
7501,54118104,和總建設有限公司,臺中市潭子區栗林里福林路三段389號1樓,10000000,1031114
7503,54119429,邁斯有限公司,臺中市潭子區甘蔗里環中路一段258巷6號1樓,1800000,1031105
7504,54119602,聖傑板模有限公司,臺中市太平區興隆里興隆路59號1樓,1000000,1031103
7506,54120100,味美電子商務股份有限公司,臺中市豐原區北陽里豐東路68巷7弄1號,500000,1031120
7508,54121065,名鑫廣告有限公司,臺中市梧棲區南簡里長春路37號1樓,500000,1031125
7509,54121179,冠晟汽車有限公司,臺中市西屯區黎明路三段318號9樓之7,1000000,1031117
7510,54121918,方客特有限公司,臺中市大甲區大甲里鎮瀾街158號,500000,1031114
7513,54124886,天寶真菌生技有限公司,臺中市南區崇倫里建國南路一段264號1樓,1000000,1031125
7518,54126821,台盈國際事業股份有限公司,臺中市西屯區惠來里市政路157、159號,20000000,1031121
7522,54130557,尚勇汽車有限公司,臺中市南屯區永定里永春路28之1號,5000000,1031120
7523,54130698,崴瑒興業有限公司,臺中市潭子區復興路一段64號1樓,1000000,1031107
7525,54130888,宏誠不動產經紀有限公司,臺中市北屯區平陽里崇德路2段263號1樓,500000,1031103
7527,54131280,恆宜科技有限公司,臺中市北區明德里忠太東路80號,100000,1031121
7528,54131583,吉鍵股份有限公司,臺中市烏日區螺潭里溪南路一段988巷410號,4000000,1031125
7529,54131654,亞設生技有限公司,臺中市南區高工路58號6樓之2,200000,1031104
7530,54132128,歐奇朵國際花卉有限公司,臺中市西屯區何源里合江街88號2樓之2,2000000,1031112
7531,54132393,富旭工程實業有限公司,臺中市北屯區平德里天津路三段67號2樓,1000000,1031113
7532,54132838,台灣凱優動態有限公司,臺中市潭子區潭陽里圓通南路258號5樓,5000000,1031103
7534,54133506,磐鉅不動產經紀有限公司,臺中市北屯區松竹路一段959號1樓,1200000,1031111
7535,54133750,祥和企業有限公司,臺中市神岡區中正路44號1樓,500000,1031110
7538,54134343,漾拓國際股份有限公司,臺中市北屯區平安里崇德路二段128號17樓之2,11000000,1031119
7540,54135455,麗喬不動產開發有限公司,臺中市西屯區朝富路38之2號1樓,1000000,1031110
7541,54135814,郡承股份有限公司,臺中市南屯區惠中里文心路一段378號13樓之6,53000000,1031110
7542,54136270,欣加揚有限公司,臺中市潭子區頭家東里中興北路58號1樓,800000,1031104
7543,54136308,殺殺國際行銷有限公司,臺中市南屯區大墩路151號6樓之6,500000,1031110
7544,54136623,嘉蒂斯國際有限公司,臺中市南屯區楓樹里環中路五段700之25號,1000000,1031103
7545,54136807,奇里安有限公司,臺中市北區明新里中清路一段447號14樓之2,500000,1031125
7546,54137480,智晟國際行銷有限公司,臺中市太平區大興二十一街232號2樓,5000000,1031105
7548,54139001,睿詮營造有限公司,臺中市霧峰區北柳里霧工一路62號,3000000,1031124
7654,54201927,安康世界股份有限公司,臺中市西區自由路一段101號9樓之8,20000000,1031119
7678,54211925,頂尖綠能開發科技股份有限公司,臺中市烏日區榮泉里健行南路23號1樓,1000000,1031106
7702,54219476,偉立有限公司,臺中市烏日區北里里溪南路二段466號,2000000,1031119
7706,54220403,康納企業有限公司,臺中市西區忠明里美村路一段92號1樓,205000,1031125
7710,54221058,臺灣農業開發有限公司,臺中市南屯區大同里東興路二段186號4樓之3,9208487,1031114
7711,54221846,千宇科技有限公司,臺中市北屯區平安里崇德路二段130號13樓,500000,1031107
7713,54223041,兆品投資股份有限公司,臺中市西屯區華美西街二段311號7樓之2,30000000,1031128
7717,54224816,侑群建設有限公司,臺中市西區藍興里樂群街262號1樓,20000000,1031125
7718,54224920,長虹開發投資有限公司,臺中市南屯區三厝里永春東7路738巷20號1樓,10000000,1031113
7719,54225456,大標實業有限公司,臺中市南屯區文心路一段186號13樓之9,6000000,1031113
7720,54226595,維翔樂活事業股份有限公司,臺中市太平區宜欣里富平路13巷11及13號,10000000,1031127
7723,54230839,為大國際有限公司,臺中市神岡區北庄里中山路1194號一樓,200000,1031113
7725,54231675,崇貿工程企業有限公司,臺中市北區太原六街20號,5000000,1031118
7726,54232689,寶盛珠寶有限公司,臺中市北屯區平安里文昌東七街56巷26號2樓之2,100000,1031112
7730,54233940,冠美開發建設有限公司,臺中市西屯區何成里大容東一街37號,10500000,1031112
7731,54234173,沅大貿易有限公司,臺中市龍井區藝術北街8巷2號7樓之3,2400000,1031119
7739,54240549,弘恩人本有限公司,臺中市西屯區何成里文心路二段562-1號2樓之1(202室),5000000,1031119
7743,54241884,晶智圓富禪謦有限公司,臺中市西區和龍里篤行路184號4樓之3,4000000,1031118
7750,54251355,裕鉦創意有限公司,臺中市北屯區后庄里敦化路一段598號6樓之3,500000,1031110
7758,54257668,宏啓國際有限公司,臺中市北區博館二街38號1樓,600000,1031125
7760,54258435,桔墅建設有限公司,臺中市潭子區勝利路162號3樓,5000000,1031120
7764,54260158,萬年清投資股份有限公司,臺中市西屯區惠來里市政南一路12號3樓之1,34000000,1031120
7766,54261620,上鼎廣告有限公司,臺中市西屯區永安里國安一路31之1號10樓之3,500000,1031119
7772,54265034,初果國際有限公司,臺中市南區崇倫里8鄰崇倫街118號,800000,1031126
7773,54265409,采悅國際有限公司,臺中市大里區仁德里仁愛路13號1樓,500000,1031119
7775,54265528,侑呈企業有限公司,臺中市大里區健民里鳳凰路89號1樓,6000000,1031125
7779,54268551,美聯資產管理股份有限公司,臺中市霧峰區吉峰里吉峰路132巷7弄31號1樓,2000000,1031114
7780,54268736,谷和伍味科技有限公司,臺中市北屯區仁美里長生巷23之5號1樓,1000000,1031125
7831,54293881,金順峰建設有限公司,臺中市北區精武路422號,30000000,1031114
7836,54296120,艾維斯科技股份有限公司,臺中市西屯區臺灣大道四段847號11樓,3000000,1031126
7919,54327968,雲門益生科技有限公司,臺中市龍井區東海里遠東街28號2樓,1200000,1031103
8042,54376257,英屬維京群島商傳奇亞太有限公司,臺中市西屯區工業區三十八路210號5樓之10,51000000,1031126
8053,54383742,義大利商西門子鋼鐵工業科技有限公司,臺中市西屯區工業區三十四路40-2號,500000,1031126
8061,54391118,英屬維京群島商中陽國際股份有限公司,臺中市西屯區文心路3段159號3樓,100000,1031112
8064,54399239,嘉仕達物業管理顧問有限公司,臺中市北屯區柳陽東街131巷10號,1000000,1031111
8066,54399414,銘夏興業有限公司,臺中市中區光復里中山路166號3樓,1000000,1031125
8067,54399420,文夏實業有限公司,臺中市中區光復里中山路166號3樓,1000000,1031125
8100,54516291,宏義營造股份有限公司,臺中市潭子區福仁里新興路一段167巷18號2樓,15000000,1031114
8209,54579176,正恆科儀有限公司,臺中市西區五權八街131號1樓,1000000,1031127
8210,54579957,璽達生物科技有限公司,臺中市后里區墩西里公安路130巷4號1樓,250000,1031120
8211,54580096,青岩建設有限公司,臺中市北屯區松和里松和街33號10樓之1,10000000,1031103
8212,54580125,昭羿生醫科技有限公司,臺中市西屯區大墩十八街195號3樓之2,1000000,1031113
8213,54580589,海峽兩岸雙贏投資顧問有限公司,臺中市大里區東興里國光路二段500號9樓之4,1000000,1031107
8214,54580645,台灣製茶廠股份有限公司,臺中市西屯區大河里甘河路40號1樓,16800000,1031110
8215,54580672,世綻實業有限公司,臺中市潭子區中興北路162號1樓,3001000,1031111
8216,54582123,沛揚應用材料有限公司,臺中市西屯區大鵬里長安路二段71巷88弄30號1樓,250000,1031104
8217,54582209,富鼎昇實業有限公司,臺中市龍井區工業路182巷43之1號1樓,16000000,1031112
8218,54582242,水準有限公司,臺中市西屯區大鵬里文心路三段219號5樓之1,20000000,1031126
8219,54582355,軒翰工程有限公司,臺中市大肚區營埔里船頭三街118巷11號,2000000,1031120
8220,54582783,長日勝綠能科技股份有限公司,臺中市霧峰區吉峰里錦州路348巷1號1樓,5000000,1031125
8221,54582860,世淵文化傳播有限公司,臺中市沙鹿區鹿峰里中山路618-5號1樓,3000000,1031118
8222,54583354,準天事業股份有限公司,臺中市北屯區文心路四段815號1樓,2000000,1031120
8223,54583426,新樣國際有限公司,臺中市南區復興路2段157巷11號3樓之2,1000000,1031103
8224,54583740,雅邇發營造股份有限公司,臺中市大里區金城里中興路一段272巷24號1樓,4000000,1031111
8225,54583777,雋燿通訊科技有限公司,臺中市北區錦祥里北屯路14號2樓之2,1000000,1031125
8226,54584213,御膳餐飲有限公司,臺中市南區建成路1920號,2000000,1031118
8228,54586036,達米蟲國際股份有限公司,臺中市西屯區黎明路二段972巷40號,5000000,1031128
8229,54586248,泰祥有限公司,臺中市中區大誠里大誠街79號,300000,1031127
8230,54587062,絢彩家企業有限公司,臺中市大甲區薰風里水源路2之8號1樓,1000000,1031118
8231,54588920,京銳視覺股份有限公司,臺中市沙鹿區公明里忠貞路102之8巷9號1樓,3500000,1031117
8232,54588935,澄陽科技股份有限公司,臺中市南屯區大業里大聖街209號4樓,2500000,1031118
8234,54589499,薪宸生物科技有限公司,臺中市北屯區和平里軍功東街35號1樓,3000000,1031120
8235,54589738,特成無患子生技有限公司,臺中市西區公正里大同街240號1樓,1500000,1031107
8236,54589929,尚雅婚禮有限公司,臺中市中區大墩里三民路二段124號,300000,1031126
8238,54591349,運陞實業有限公司,臺中市潭子區環中路一段189之1號,27000000,1031112
8239,54591827,雋業科技有限公司,臺中市大甲區日南里東二街22號,49000000,1031121
8240,54592369,伊美肌國際事業有限公司,臺中市北區梅川西路三段66號11樓,1000000,1031117
8241,54592488,籟笙國際有限公司,臺中市西屯區漢口路二段233號1樓,1000000,1031127
8242,54592950,勁創工程有限公司,臺中市大里區大里街16之5號,500000,1031107
8243,54593466,素人廚房有限公司,臺中市北屯區同榮里更生巷232號1樓,6000000,1031127
8244,54593493,鑫二昶企業有限公司,臺中市太平區德隆里工業十八路3號,11800000,1031113
8245,54593923,權興公寓大廈管理維護有限公司,臺中市潭子區頭家里得天街91巷29號3樓,10000000,1031118
8246,54593965,阿木大眾餐館企業有限公司,臺中市東勢區東安里中山路69號,10000000,1031119
8247,54594649,亞太國際資產有限公司,臺中市西屯區何成里大墩路949之6號,10000000,1031120
8248,54595133,展亨企業有限公司,臺中市潭子區頭家里和平路60巷18號1樓,1000000,1031127
8249,54595582,中旅發展有限公司,臺中市中區成功路11號1樓,37000000,1031128
8250,54596273,奕廷建設開發有限公司,臺中市西屯區何德里漢口路二段109號2樓,500000,1031125
8251,54596631,鑫富泰工程有限公司,臺中市西區民生北路90號5樓,4200000,1031119
8252,54596689,冠益土地開發有限公司,臺中市潭子區潭秀里中山路二段388號2樓,1000000,1031103
8253,54597272,九湛企業有限公司,臺中市西區民龍里文化街156號地下層之2,3000000,1031125
8254,54597391,諾達投資有限公司,臺中市北區平德里青島路三段91號3樓,50000000,1031112
8255,54598504,宏固人力資源有限公司,臺中市中區臺灣大道一段79號3樓,7000000,1031111
8256,54599095,力泰股份有限公司,臺中市大肚區瑞井里遊園路一段72北巷4弄16號1樓,1800000,1031127
8257,54599145,豐州國際有限公司,臺中市北屯區遼陽三街51號1樓,2000000,1031120
8258,54599530,金水建材有限公司,臺中市烏日區溪南路二段175號1樓,13000000,1031125
8259,54599736,朝羱科技有限公司,臺中市西屯區福雅路656之1號,8000000,1031127
8260,54600065,杏豫國際有限公司,臺中市南區建國南路三段120號3樓之2,1000000,1031105
8261,54600537,台灣楊員外國際貿易有限公司,臺中市南屯區環中路四段395號,1000000,1031106
8262,54600585,盛茂有限公司,臺中市南區福順里忠明南路789號8樓,800000,1031127
8263,54601000,植上股份有限公司,臺中市西屯區惠來里市政北一路77號15樓之10,1000000,1031127
8264,54601091,瘋樂透數位科技有限公司,臺中市西屯區何成里文心路二段562之1號2樓之1,1000000,1031118
8265,54601297,昶泳鑫國際有限公司,臺中市西區吉龍里美村路一段806號7樓之9,5000000,1031119
8266,54601487,寶晟有限公司,臺中市太平區宜欣里宜欣一路129號1樓,1000000,1031107
8267,54601515,飛特複材股份有限公司,臺中市大肚區社腳里3鄰沙田路一段774巷64號,1750000,1031106
8268,54602253,轉點數碼科技有限公司,臺中市南區福順里忠明南路789號41樓,1000000,1031107
8269,54602471,富麗餐飲有限公司,臺中市西屯區何安里臺灣大道二段960號,500000,1031111
8270,54602535,毛屋寵物精品有限公司,臺中市南區復興路二段113號,2000000,1031105
8271,54603099,聚懋投資有限公司,臺中市南屯區春社里永春北路79號9樓,6000000,1031112
8272,54603181,盛禾投資有限公司,臺中市北區錦平里中華路二段199號2樓,4500000,1031110
8273,54603268,農繪農產加工廠有限公司,臺中市烏日區榮泉里榮泉路39巷28號,1000000,1031124
8274,54603470,鑫大金屬有限公司,臺中市外埔區水美里二崁路588巷37號,5000000,1031112
8275,54603561,銀柱兩岸經貿股份有限公司,臺中市大里區國光路二段500號9樓之4,5200000,1031111
8276,54603632,迪禾旅行社有限公司,臺中市北屯區水湳里中清路二段7號4樓,6000000,1031110
8277,54604267,鉦元精密科技股份有限公司,臺中市太平區建興里鵬儀路459號1樓,10000000,1031105
8278,54604371,梁山樂客創意音樂有限公司,臺中市北區錦南街36之1號,1000000,1031118
8279,54605300,獅子岳有限公司,臺中市龍井區臺灣大道五段23之19號,26000000,1031111
8281,54606498,楷璿國際有限公司,臺中市西區大忠里忠明南路340巷2弄8號1樓,500000,1031101
8282,54606624,樹璽文化創藝有限公司,臺中市東區振興路412巷50號3樓,2000000,1031124
8283,54607089,世鼎生技股份有限公司,臺中市潭子區栗林里中山路三段355巷8號,6000000,1031127
8285,54608411,采明化粧品有限公司,臺中市西屯區大河一巷3弄20號1樓,500000,1031119
8286,54609072,茗辰有限公司,臺中市大里區東昇里新仁路二段161號1樓,500000,1031105
8287,54609093,富利望國際有限公司,臺中市大里區仁化里仁美路92巷8號,6000000,1031113
8319,54624030,尚成能源科技有限公司,臺中市西屯區工業區四十一路17之2號,10000000,1031112
8350,54639033,晉溢工程有限公司,臺中市烏日區九德里中華路286號1樓,1000000,1031128
8484,54687484,值信有限公司,臺中市西區忠誠街32號1、2樓,500000,1031126
8495,54693514,仲達光電股份有限公司,臺中市后里區后科南路2號,10000000,1031107
8583,54727839,森垣數位科技有限公司,臺中市西屯區臺灣大道四段1086號1樓,100000,1031106
8608,54739201,佰憶人本有限公司,臺中市中區公園里自由路二段9之8之11號,5000000,1031121
8609,54739482,宏晉企業有限公司,臺中市潭子區新田里豐興路二段410之1號1樓,1000000,1031106
8610,54740100,亞威空間管理顧問有限公司,臺中市西區忠明里博館路117號地下一樓,1000000,1031113
8611,54742389,台灣五洲商旅有限公司,臺中市中區綠川西街135號10樓之1,5000000,1031105
8612,54742830,韓美國際企業股份有限公司,臺中市西區忠誠里精明一街70號2樓,1000000,1031107
8613,54743248,昇基科技有限公司,臺中市北區賴村里尚德街107巷6號1樓,1000000,1031110
8614,54743660,新穎科技有限公司,臺中市潭子區家興里中山路一段13之9號1樓,300000,1031113
8615,54745196,聚合生技有限公司,臺中市東區東英里自由路四段411號1樓,1000000,1031124
8616,54745837,黑潮國際有限公司,臺中市北區中清路一段138號1樓,2000000,1031112
8617,54746147,滋味館餐飲事業有限公司,臺中市南屯區田心里惠文路265號,2000000,1031103
8618,54746580,洲際營造股份有限公司,臺中市南區德義里忠孝路83之1號1樓,3000000,1031105
8619,54746625,福潤尼國際有限公司,臺中市北屯區水湳里文心路四段83號11樓,250000,1031128
8620,54747125,海爾思生物科技有限公司,臺中市北屯區平田里文心路四段935號20樓之2,5000000,1031110
8623,54747666,金恆遠實業有限公司,臺中市北屯區松勇里松義街158-15號,3000000,1031105
8624,54747976,永金堆高機有限公司,臺中市龍井區龍津里三港路145巷71號1樓,1000000,1031113
8625,54748222,東鉅機械有限公司,臺中市大里區大里里大里街7巷20號2樓,10000000,1031111
8626,54748709,立承精密實業有限公司,臺中市大里區立德里立中五街31號1樓,1800000,1031124
8627,54749209,墨剛興業有限公司,臺中市南區樹義里復興路一段152巷2號2樓,5000000,1031105
8628,54749257,農富興業有限公司,臺中市西屯區何德里寧夏路89巷28號2樓,5000000,1031113
8629,54749685,上誠材料科技有限公司,臺中市南屯區同心里文心路一段186號4樓之12,5000000,1031117
8630,54750107,睿鼎資產管理顧問有限公司,臺中市西屯區潮洋里市政北二路236號26樓之1,20000000,1031106
8631,54750129,筱葉投資股份有限公司,臺中市南屯區文心路一段378號17樓之1,20000000,1031125
8632,54750232,立登科技顧問股份有限公司,臺中市大雅區民生路四段139巷74號1樓,1000000,1031124
8633,54751387,豫立文教有限公司,臺中市太平區宜昌路512號1樓,300000,1031105
8634,54751555,賀祥有限公司,臺中市沙鹿區自強路389巷3弄2號1樓,3000000,1031125
8635,54751561,智輝科技有限公司,臺中市北區賴村里尚德街107巷6號1樓,600000,1031112
8636,54752652,有誠建設有限公司,臺中市北屯區平順里大連路三段16號11樓之1,12500000,1031124
8637,54752766,勝鼎有限公司,臺中市南屯區工業區23路35號2樓,23000000,1031117
8638,54752787,亞蔓達國際生醫有限公司,臺中市西區公正里東興路三段73號,2000000,1031124
8639,54753815,視鏡科技有限公司,臺中市西屯區福雅里福雅路128巷47號,8000000,1031124
8640,54754265,大恆建設有限公司,臺中市南區文心南路888號10樓之6,25000000,1031106
8641,54755010,坤泰工業有限公司,臺中市沙鹿區南昌路42巷1號1樓,1000000,1031114
8642,54755264,寶華石材開發有限公司,臺中市梧棲區草湳里臨港路3段960號2樓,20000000,1031119
8643,54755601,環球保全股份有限公司,臺中市北區漢口路四段35號3樓之1,40000000,1031124
8644,54755671,昇諺實業有限公司,臺中市豐原區豐西里11鄰忠孝街105巷43號1樓,500000,1031127
8646,54757185,九福有限公司,臺中市大雅區四德里雅環路一段173巷25號1樓,5000000,1031105
8647,54757381,永寶資產管理有限公司,臺中市大甲區文武里中山路一段1075號2樓,1000000,1031112
8648,54757615,盛開股份有限公司,臺中市南屯區公益路二段51號13樓,300000000,1031117
8649,54758488,順之素國際有限公司,臺中市烏日區榮泉里榮泉路99巷28弄37號1樓,1000000,1031125
8652,54759796,福氣工業股份有限公司,臺中市太平區中源街5巷11號1樓,6700000,1031117
8653,54759846,金呈和有限公司,臺中市西區昇平里民生路442號1樓,25000000,1031127
8654,54761195,台塑人力資源管理顧問有限公司,臺中市大里區永隆里永大街283號1樓,5000000,1031105
8655,54761391,聖軍不動產經紀有限公司,臺中市西屯區惠來里府會園道21號3樓,1000000,1031117
8656,54761977,景山公投資有限公司,臺中市南區復興路三段415號,5000000,1031107
8657,54763200,婇妍有限公司,臺中市西區公德里精誠二十九街23號3樓之5,1500000,1031118
8658,54763335,旅人租租車興業股份有限公司,臺中市北屯區平安里文心路四段692-1號5樓,10000000,1031128
8659,54763433,富阪興業有限公司,臺中市烏日區光明里五光路復光六巷208號,1000000,1031120
8660,54764361,乙壬開發工程有限公司,臺中市后里區太平里四月路63號1樓,500000,1031127
8661,54764741,羅賓號娛樂事業有限公司,臺中市南屯區惠中里文心路一段306號13樓,16000000,1031128
8662,54766023,由申甲文教事業有限公司,臺中市北區健行路581號4樓之1,7000000,1031113
8663,54766311,崧元生技有限公司,臺中市北屯區后庄七街175號1樓,1000000,1031119
8665,54767141,康佳生技有限公司,臺中市西區臺灣大道二段186號14樓之2,1000000,1031110
8666,54767825,興泰建設有限公司,臺中市新社區中和街四段382號1樓,16500000,1031103
8667,54768079,朝陽物業有限公司,臺中市西區民生里建國路71號4樓,100000,1031122
8668,54768198,永續事業股份有限公司,臺中市南屯區公益路二段871號3樓,29000000,1031113
8669,54768248,名軒企業有限公司,臺中市后里區義里里大山路156號1樓,150000,1031105
8670,54769056,辰揚室內裝修工程有限公司,臺中市北區北平路二段30巷1之3號,10000000,1031124
8710,54788618,值庶國際科技有限公司,臺中市西屯區福林里臺灣大道四段1086號,100000,1031119
8784,55052902,金銓交通有限公司,臺中市大里區祥興里大興街2巷1弄1號1樓,3000000,1031128
8785,55078001,永豐原木業股份有限公司,臺中市豐原區翁子里豐勢路一段480號,10000000,1031111
8786,55174031,保勝光學股份有限公司,臺中市潭子區台中加工出口區建國路14號,259640530,1031128
8787,55337295,台灣京三股份有限公司,臺中市潭子區潭秀里建國路3-1號,12500000,1031121
8788,55640310,振成產業股份有限公司,臺中市豐原區榮春街242號1樓,19000000,1031105
8789,55644218,溪泉電器股份有限公司,臺中市西屯區協和里工業區八路19號,90000000,1031108
8790,55645526,勝源機械股份有限公司,臺中市大肚區沙田路一段662巷20號,138000000,1031106
8791,55653638,久鐵工業股份有限公司,臺中市神岡區神洲里神洲路621號,83400000,1031105
8792,55664332,旭本機械廠股份有限公司,臺中市豐原區南田里富陽路351號,15000000,1031126
8793,55676533,久輪精機股份有限公司,臺中市外埔區三崁里甲后路79號,20000000,1031105
8794,55699135,特偉工業股份有限公司,臺中市大甲區日南里工一路24號,20000000,1031110
8798,55779003,豐勢通運有限公司,臺中市西屯區協和里工業區二路11號,25000000,1031128
8799,55781492,汶山企業股份有限公司,臺中市和平區博愛里東關路一段溫泉巷16號,206500000,1031113
8800,55823351,大豐膠囊工業股份有限公司,臺中市潭子區中山路三段203號,188000000,1031107
8801,55845290,天葆化學工業股份有限公司,臺中市豐原區翁子里豐勢路二段480巷37號,29000000,1031127
8802,55850461,功農企業有限公司,臺中市大雅區六寶里清陽二路69號,3000000,1031120
8803,55860405,一進汽車貨運有限公司,臺中市豐原區合作街118巷67弄4號1樓,15000000,1031113
8804,55874246,嘉竑企業股份有限公司,臺中市大里區大元里國中二路七號,24000000,1031124
8805,55875982,固浩企業股份有限公司,臺中市霧峰區吉峰里吉峰西路二一號,28000000,1031120
8806,55878355,長伸鐵工廠有限公司,臺中市太平區太平里新仁路一段四○巷五號,12000000,1031119
8807,55879832,宇明泰化工股份有限公司,臺中市太平區興隆里興隆路一段39巷31號,80000000,1031110
8808,55892878,甘農股份有限公司,臺中市霧峰區五福里五福路557號,72000000,1031119
8809,55893813,丁台工業有限公司,臺中市霧峰區丁台路346號1樓,5000000,1031114
8810,55914319,巨邦工業股份有限公司,臺中市豐原區大光街3巷3號,110000000,1031110
8811,55921894,亞洲光學股份有限公司,臺中市潭子區台中加工出口區南二路22-3號,2810839010,1031121
8812,55929039,功盛製鞋企業股份有限公司,臺中市后里區后里里三豐路212巷5號,11000000,1031117
8813,55932490,建造金屬工業股份有限公司,臺中市大雅區上楓里中正路172之10號1樓,240000000,1031127
8814,55942764,久裕興業科技股份有限公司,臺中市大雅區西寶里昌平路四段462巷9號,353000000,1031111
8815,55951587,光星骨科復健器材股份有限公司,臺中市神岡區溪洲里豐洲路1096號,362100000,1031122
8816,55959808,立勤股份有限公司,臺中市潭子區中山路二段345號,22000000,1031125
8817,55963444,協瞬企業股份有限公司,臺中市潭子區福仁里圓通南路81巷18號6樓,10000000,1031126
8818,55964197,綸泰企業股份有限公司,臺中市神岡區中山路667巷28號,100000000,1031103
8819,55982646,金像工業有限公司,臺中市神岡區三角里三社路75號,3000000,1031124
8820,55988249,塑佳國際股份有限公司,臺中市潭子區潭秀里潭富路一段162號,25000000,1031106
8821,56004008,大方汽車貨運有限公司,臺中市梧棲區臨港路四段750號2樓,15000000,1031112
8822,56039219,日南紡織股份有限公司,臺中市大甲區幼獅路29號,1611860000,1031127
8823,56615319,大甲永和機械工業股份有限公司,臺中市大甲區日南里幼獅路69號,424250000,1031118
8825,56627440,心源工業股份有限公司,臺中市清水區高美路231巷15號,60000000,1031104
8826,56650125,劦紳企業有限公司,臺中市梧棲區永安里14鄰臨港路三段166巷38號,1000000,1031127
8827,56651877,鐶琪塑膠股份有限公司,臺中市梧棲區自立路356號,205000000,1031113
8828,56660904,龍雲鑄造股份有限公司,臺中市大甲區日南里幼獅路63號,25500000,1031112
8829,56676336,忠雄建材有限公司,臺中市沙鹿區四平街53號,5000000,1031120
8830,56685187,晉偉環保工程有限公司,臺中市沙鹿區晉江里晉文路138號,5000000,1031126
8831,56708858,家豐工業股份有限公司,臺中市沙鹿區西勢里中航路一段645巷16號,28100000,1031119
8832,56802397,新山塑膠工業股份有限公司,臺中市豐原區北湳里大順街8巷159號,10000000,1031121
8833,56802880,臺灣打火機股份有限公司,臺中市霧峰區本堂里育賢路二巷五號四樓,20000000,1031128
8834,56806773,和友紙器股份有限公司,臺中市豐原區南嵩里水源路127號,7000000,1031127
8835,56807040,鋁台精機廠股份有限公司,臺中市神岡區新庄里溪頭路172號,100000000,1031117
8837,57001697,三久股份有限公司,臺中市霧峰區吉峰里民生路396號,168000000,1031127
8838,57001900,三五興產有限公司,臺中市霧峰區萊園路80巷25號,2500000,1031110
8839,57007307,三明塑膠股份有限公司,臺中市大里區中興路一段26巷8號,28000000,1031113
8840,57015411,中港煤氣有限公司,臺中市大肚區社腳里沙田路一段718號1樓,3500000,1031111
8841,57032707,功力化學工業股份有限公司,臺中市太平區新平路一段196號,117000000,1031127
8842,57104700,英全化學工業股份有限公司,臺中市太平區太平路676號,623000000,1031118
8852,59234356,銘記企業有限公司,臺中市太平區豐年里大源九街20號,1800000,1031126
8873,59372408,頌強實業有限公司,臺中市南屯區南屯里五權西路二段666號6樓之3,20000000,1031125
8883,60289420,麗明營造股份有限公司,臺中市西屯區府會園道169號4樓,1000000000,1031106
8889,61779776,勝鴻交通有限公司,臺中市南區五權南路508號2樓,28000000,1031106
8894,64157076,石峰企業股份有限公司,臺中市西屯區惠來里市政路386號16樓之8,10000000,1031106
8994,70423381,上鶴人本美學股份有限公司,臺中市北區崇德里北興街121號1樓,30000000,1031114
9038,70496171,太暐國際股份有限公司,臺中市南區德祥街55號,3000000,1031120
9039,70497355,和昌營造有限公司,臺中市沙鹿區忠貞路347號2樓,5000000,1031120
9044,70509654,潽洛海味有限公司,臺中市北屯區水景里東山路一段192巷66號1樓,5000000,1031120
9045,70512790,泰風企業有限公司,臺中市北屯區仁美里崇仁街58巷9號,5000000,1031124
9046,70513854,韶陽科技股份有限公司,臺中市潭子區潭陽里潭興路2段36巷89號,371666350,1031125
9048,70514880,勝州有限公司,臺中市太平區德隆里光德路207號,2000000,1031118
9051,70524590,掌櫃生活藝術有限公司,臺中市豐原區中山路385號1樓,1500000,1031110
9057,70541628,富求達醫療器材科技股份有限公司,臺中市北區北屯路73巷4號1樓,1000000,1031119
9061,70552574,棕茂科技股份有限公司,臺中市西區英才路530號10樓之1,30000000,1031113
9085,70587834,誠太金屬股份有限公司,臺中市大里區健民里仁化工一路150號,29250000,1031106
9089,70593603,比隆欣企業有限公司,臺中市大里區大元里國中路217號,26000000,1031106
9090,70599872,皇億皮革有限公司,臺中市龍井區新東里新興路22巷1弄6號1樓,1500000,1031104
9092,70603193,麥克貿易有限公司,臺中市西區民權路301號2樓,500000,1031127
9094,70604593,遠宏管理顧問股份有限公司,臺中市北屯區松安里興安路二段212號11樓,2000000,1031127
9097,70607297,博特聯有限公司,臺中市北區忠明七街9號1樓,3000000,1031105
9098,70609035,台華精技股份有限公司,臺中市西屯區大墩20街169號1樓,70000000,1031113
9099,70611406,桂佑工程事業有限公司,臺中市梧棲區福德里忠義路156號1樓,5000000,1031118
9101,70615607,志勝環保工程有限公司,臺中市南區樹德里德富路138號7樓之7,5000000,1031117
9104,70620973,沅亨國際開發有限公司,臺中市梧棲區草湳里自強一街12巷47號1樓,10000000,1031121
9109,70627646,冠佑營造股份有限公司,臺中市北屯區大德里平德路59巷8號1樓,28000000,1031111
9116,70639559,鈺民有限公司,臺中市南區福中街11號1樓,10500000,1031110
9118,70642288,荃越文具有限公司,臺中市北屯區松明街151號,1000000,1031105
9119,70642631,寰宇精密股份有限公司,臺中市神岡區神洲里神洲路458巷21號,26800000,1031117
9122,70650060,志慶有限公司,臺中市大里區大里里長興一街88號1樓,2000000,1031112
9128,70657296,智順科技股份有限公司,臺中市南屯區文山里精科八路36號,90000000,1031113
9136,70674112,富比世保全股份有限公司,臺中市北區永興街298巷8號1樓,40000000,1031126
9140,70675891,釩泰研究創新股份有限公司,臺中市南屯區文山里文山九街72號1樓,12232700,1031119
9147,70687910,向勁機械有限公司,臺中市北屯區松竹里崇德五路47號1樓,3000000,1031125
9150,70694377,瑋碩建設股份有限公司,臺中市沙鹿區臺灣大道六段1085號2樓,25000000,1031118
9153,70699893,雅堤國際開發有限公司,臺中市北區邱厝里中清路一段228號1樓,3000000,1031120
9158,70701912,篷鑫工業有限公司,臺中市太平區永豐路347號,3000000,1031120
9163,70708817,鑫鋒九實業有限公司,臺中市南區積善里五權南路656巷3-1號,500000,1031118
9164,70709512,粉紅星球有限公司,臺中市北屯區松茂里松竹路二段160巷8之3號3樓,500000,1031119
9171,70719573,麗心旅館股份有限公司,臺中市北區長青里陜西路117號1、2樓,66000000,1031106
9172,70724696,奇展實業有限公司,臺中市大雅區忠義里清泉路2巷74號1樓,2000000,1031125
9176,70734809,晶禧科技股份有限公司,臺中市南屯區寶山里工業區20路46號,70000000,1031124
9177,70737833,永祥春實業有限公司,臺中市南屯區春社里永春路35之8號,5000000,1031122
9220,70834336,光緯國際有限公司,臺中市南屯區同心里文心路一段186號19樓之6,500000,1031122
9296,79956485,昇輝科技股份有限公司,臺中市太平區宜欣路57巷21號1樓,5000000,1031104
9297,79957153,睿益工業股份有限公司,臺中市大甲區日南里工九路16號,12000000,1031111
9303,79973105,啟和興業有限公司,臺中市龍井區忠和里工業路248號,6000000,1031112
9307,79978690,明匠工程有限公司,臺中市南區五權南路169號6樓之3,5000000,1031119
9314,79987207,技勤科技股份有限公司,臺中市太平區富宜路138號,1000000,1031119
9318,79992412,智積國際股份有限公司,臺中市南屯區惠德街218號3樓,1000000,1031128
9320,80000087,聞鼎國際有限公司,臺中市北屯區文心路四段698號21樓之1,20000000,1031105
9322,80000896,景賀室內設計工程有限公司,臺中市西屯區美滿東三巷35號1樓,6000000,1031104
9323,80001282,銘安科技股份有限公司,臺中市太平區宜欣里宜昌東路23巷4號,36000000,1031103
9324,80002043,司技科技有限公司,臺中市西區英才路497號2樓,1000000,1031111
9329,80013914,同賀建設有限公司,臺中市北區健行路371之13號,25000000,1031117
9330,80014033,尚信承企業股份有限公司,臺中市南屯區文心路一段521號6樓之7,23000000,1031119
9331,80019656,錩毅股份有限公司,臺中市豐原區東湳里國豐路二段557號,5000000,1031124
9336,80036986,萬神殿國際渡假村開發股份有限公司,臺中市南區忠明南路789號12樓,60000000,1031120
9337,80037015,雄風工程顧問有限公司,臺中市西屯區寶慶街31號1樓,25000000,1031125
9343,80046318,浩維國際貿易有限公司,臺中市大里區新芳路105號1樓,6000000,1031112
9344,80046859,橙慶興業股份有限公司,臺中市北區健行里德化街688號1樓,4800000,1031121
9350,80051992,上熙企業有限公司,臺中市西區精忠街39號2樓,500000,1031119
9352,80064309,成大興汽車有限公司,臺中市龍井區新庄里遊園南路366號　,600000,1031125
9355,80066165,馬維貿易有限公司,臺中市西屯區逢福里慶和街32號2樓,1000000,1031118
9356,80071575,大流通茶葉產銷股份有限公司,臺中市南區積善里五權南路618號3樓之1,10000000,1031112
9357,80072390,永喬發塑膠有限公司,臺中市沙鹿區福興里鎮南路二段215巷47號1樓,3000000,1031117
9361,80078269,賀捷實業有限公司,臺中市北屯區國強街290巷6號1樓,1000000,1031112
9367,80089456,生活家建設有限公司,臺中市西區中興里公益路155巷100號1樓,10000000,1031106
9369,80093439,東泰國際有限公司,臺中市北屯區松茂里松義街193號1樓,1000000,1031117
9377,80107356,誼卡科技顧問股份有限公司,臺中市北屯區水湳里文心路四段83號13樓,23500000,1031125
9383,80111289,魯班開發股份有限公司,臺中市西屯區何源里華美西街二段311號5樓之1,15000000,1031118
9389,80118749,晨禎營造股份有限公司,臺中市北區五常里五權路375號5樓,120000000,1031112
9393,80126261,禪譜科技股份有限公司,臺中市南區樹德里大慶街二段47之2號1樓,13400000,1031114
9401,80139456,長久國際實業股份有限公司,臺中市北區中清路一段89號7樓之1,30000000,1031111
9419,80166559,碩園文化有限公司,臺中市北區錦祥里進化路575號11樓之2,3000000,1031104
9448,80207587,群喜汽車事業股份有限公司,臺中市沙鹿區居仁里臺灣大道七段922號,72000000,1031113
9464,80234249,宏廣製麵廠有限公司,臺中市霧峰區南柳里新厝路261巷10弄8號,600000,1031125
9473,80248314,善福緣生技有限公司,臺中市北屯區山西北一街58號1樓,5000000,1031112
9525,80317830,汎奇國際股份有限公司,臺中市西屯區臺灣大道二段659號9樓,23000000,1031103
9534,80327387,綠色小鎮健康事業股份有限公司,臺中市北屯區文心路四段692之1號3樓,221134000,1031125
9566,80396166,旺林國際有限公司,臺中市北屯區舊社里僑孝街32巷23號2樓,8000000,1031127
9567,80398426,昱倫生物科技股份有限公司,臺中市大雅區民生路三段180巷15號2樓、3樓,30000000,1031121
9568,80401935,尚淵科技股份有限公司,臺中市太平區宜欣里宜昌東路104號1樓,20424000,1031103
9569,80403271,炘展企業有限公司,臺中市豐原區豐西街77號,8000000,1031119
9574,80409253,鎂承企業股份有限公司,臺中市烏日區九德里中山路一段678號1樓,30000000,1031114
9578,80414262,程暘科技有限公司,臺中市太平區宜欣里宜欣十街39號3樓,5000000,1031104
9579,80414729,翔瀚開發實業有限公司,臺中市西屯區甘肅路二段28號1樓,500000,1031128
9580,80415924,英育喜股份有限公司,臺中市豐原區圓環北路二段329巷48號,10000000,1031127
9585,80420905,惠舜工業股份有限公司,臺中市豐原區南村里水源路477號,3000000,1031122
9596,80432016,睿瑩精密機械股份有限公司,臺中市潭子區福仁里新興路一段281巷25號,30000000,1031126
9608,80447051,居美不動產仲介經紀有限公司,臺中市西區東興路三段100號1至3樓　　,900000,1031111
9615,80455586,業信砂石有限公司,臺中市梧棲區臨港路四段750號3樓,7500000,1031112
9618,80463501,沐夏旅館事業股份有限公司,臺中市西屯區潮洋里市政北七路279號,6000000,1031112
9623,80468941,大樹防災實業有限公司,臺中市北區崇德路一段500巷19-3號,500000,1031104
9624,80469580,豐兆化工有限公司,臺中市霧峰區五福路528號1樓,1000000,1031127
9631,80481233,亞格齒輪企業股份有限公司,臺中市大里區國中路十股巷57號1樓,50000000,1031117
9632,80485688,一進實業有限公司,臺中市豐原區合作街118巷67弄4號1樓,6000000,1031114
9675,80548184,匠澤機械股份有限公司,臺中市西屯區協和里工業區35路50號,192764020,1031126
9678,80555760,吉祐機械有限公司,臺中市太平區中興里永義二街37號,1000000,1031106
9680,80559956,欣馳營造有限公司,臺中市石岡區石岡里石岡街101號,3000000,1031126
9681,80562919,自然霧有限公司,臺中市豐原區大明路６號,12990000,1031119
9682,80563023,富育貿易有限公司,臺中市大里區東昇里環中東路六段16巷22號1樓,5000000,1031104
9683,80564769,銓洪建設有限公司,臺中市北屯區進化路658之2號2樓,30000000,1031108
9687,80573107,惠騰實業股份有限公司,臺中市西屯區府會園道179號20樓,232000000,1031121
9693,80580178,翔騰通運有限公司,臺中市神岡區社口里社口街499巷22號1樓,50000000,1031126
9694,80583941,鈺堃食品機械企業有限公司,臺中市南區忠孝路192號1樓,10000000,1031113
9702,80594503,協泰機械有限公司,臺中市大里區仁化里成功二路252巷21號1樓,5600000,1031113
9710,80606037,哈利路亞國際有限公司,臺中市大里區塗城路243號1樓,500000,1031105
9717,80617323,十分健康食品有限公司,臺中市北屯區東光路772號2樓,7500000,1031111
9718,80618786,台灣三優精密股份有限公司,臺中市西屯區工業區一路127-3號2樓,30000000,1031127
9732,80635547,翔特精密機械有限公司,臺中市太平區新平路一段279巷58號1樓,10000000,1031107
9735,80639277,巨金有限公司,臺中市北屯區四民里昌平路二段60之1號1樓,4000000,1031111
9742,80644715,大河懋聯有限公司,臺中市龍井區東海里遊園北路529號1樓,17000000,1031113
9776,80700357,傑瑞藥品股份有限公司,臺中市北區進化北路131號5樓,1000000,1031125
9780,80706015,巨偉資訊有限公司,臺中市西屯區中清路三段550號5樓,500000,1031104
9790,80725033,君揚建設股份有限公司,臺中市北區進化北路365號地下1樓,20000000,1031117
9794,80728637,上益精密有限公司,臺中市太平區宜欣一路１１４號１樓,9085000,1031104
9800,80737306,協進展有限公司,臺中市豐原區田心里育英路56巷14弄2號5樓之1,500000,1031104
9807,80741527,祈達實業有限公司,臺中市西屯區大河里河南路二段82號1樓,3000000,1031111
9808,80743314,銓鼎科技股份有限公司,臺中市南區三民西路212號,20000000,1031117
9809,80746699,味盟食品有限公司,臺中市太平區中政里中興路55之11號1樓,10000000,1031112
9868,84071231,永合豐開發股份有限公司,臺中市南屯區工業區一八路29號,28000000,1031112
9873,84080365,景安股份有限公司,臺中市西屯區福和里臺灣大道四段767號10樓之1,28000000,1031113
9897,84159518,富麒機械有限公司,臺中市大甲區西岐里順帆路29號,5000000,1031103
9902,84179129,金萬全實業有限公司,臺中市北區賴旺里中清路一段880巷18號1樓,5000000,1031103
9904,84180625,中工工業股份有限公司,臺中市大肚區新興里新興街56號,18000000,1031122
9906,84186959,三芝悅家飾有限公司,臺中市大雅區橫山里中科路900號1樓,5000000,1031118
9911,84215976,優鞋實業有限公司,臺中市龍井區龍泉里沙田路五段98巷114號,5000000,1031111
9917,84238470,桑妮兒內衣有限公司,臺中市沙鹿區埔子里正英五街45號,1000000,1031121
9919,84246443,盈捷科技股份有限公司,臺中市太平區工業十五路27號,5000000,1031103
9920,84246751,瑞信工業有限公司,臺中市霧峰區民生路364巷48號,12000000,1031106
9945,84319607,昱苔企業有限公司,臺中市西區福龍里福龍街39號1樓,5000000,1031122
9951,84347998,慶璉實業股份有限公司,臺中市烏日區九德里中山路1段九如巷7號1樓,29800000,1031124
9952,84349150,隆德發興業股份有限公司,臺中市南屯區東興路二段186號5樓之4,60000000,1031111
9954,84354081,永翔工程顧問有限公司,臺中市南區高工路265巷46弄13號1樓,3000000,1031106
9956,84357502,峻榮機械股份有限公司,臺中市北屯區舊社里舊社巷31號,3000000,1031127
9960,84364237,精馳電子有限公司,臺中市豐原區豐原里東北街25巷10號1樓,5000000,1031104
9961,84367213,原億昌機械股份有限公司,臺中市東區旱溪東路一段78巷20號1樓,25000000,1031104
9968,84377958,傳奇土木包工業股份有限公司,臺中市西屯區臺灣大道四段927號,6000000,1031107
9979,84406172,合展國際興業股份有限公司,臺中市西區臺灣大道二段309號16樓之2,80650000,1031125
9983,84408946,萊陽工業有限公司,臺中市大里區立仁一路208號,1000000,1031104
9987,84421568,維泰營造廠股份有限公司,臺中市北屯區東山路一段385之9號1樓,6000000,1031118
9989,84424642,財崧精機廠股份有限公司,臺中市豐原區南嵩里水源路115巷97號,5000000,1031110
9993,84431952,至信實業股份有限公司,臺中市潭子區大豐里大豐路三段250之2號,5500000,1031121
9994,84433754,愛烙達股份有限公司,臺中市西屯區協和里工業區32路68號,66244240,1031111
10002,84446239,餘興堂交通股份有限公司,臺中市梧棲區臨港路四段752號,29700000,1031112
10029,84512928,台二股份有限公司,臺中市梧棲區永安里向上路九段321巷23號,25000000,1031114
10030,84517249,辰豐實業有限公司,臺中市西屯區中清路二段1241號,16000000,1031117
10036,84535197,嘉逢工業股份有限公司,臺中市烏日區溪南路二段68巷368弄10號,5000000,1031127
10038,84537842,達順有限公司,臺中市豐原區育仁路114巷17號2樓之2,28000000,1031104
10044,84552152,安美環保科技股份有限公司,臺中市西屯區協和里工業區38路210號7樓之1,18188430,1031125
10051,84560224,裕珍馨食品股份有限公司,臺中市大甲區薰風里光明路67號,20000000,1031127
10054,84562829,東新工業股份有限公司,臺中市石岡區九房里豐勢路955號,42000000,1031126
10059,84577457,昊特企業有限公司,臺中市潭子區栗林里中山路三段555號,6000000,1031127
10067,84599044,長坊建設股份有限公司,臺中市西區臺灣大道二段285號11樓之1,25000000,1031117
10074,84614925,興萬隆企業股份有限公司,臺中市清水區南寧里文昌街67號,5000000,1031126
10075,84617937,國喬股份有限公司,臺中市北屯區三合街32號1樓,6000000,1031121
10077,84623699,揚振企業有限公司,臺中市龍井區龍泉里龍社路41巷25號1樓,12000000,1031120
10080,84638378,大勝砂石股份有限公司,臺中市梧棲區臨港路四段750號1樓,5000000,1031112
10082,84646692,定來有限公司,臺中市大肚區社腳里沙田路二段2巷68-1號,1000000,1031103
10083,84648397,誼興貿易有限公司,臺中市西區吉龍里五權五街125號,5000000,1031111
10085,84650111,宏昇水泥製品股份有限公司,臺中市大甲區太白里通天路12號,6000000,1031120
10090,84660785,新鎮五金興業有限公司,臺中市神岡區庄前里庄前路43號,2000000,1031125
10092,84663896,統豪貿易股份有限公司,臺中市豐原區田心里圓環東路114巷38號1樓,15000000,1031106
10096,84672781,松環貿易有限公司,臺中市大里區仁化路100巷11之1號,5000000,1031105
10114,84710899,承益通運有限公司,臺中市烏日區溪壩里溪南路一段680巷41號1樓,30000000,1031127
10138,84792076,宗億汽車有限公司,臺中市烏日區五光路575號,900000,1031118
10139,84794383,孟宏工程有限公司,臺中市北屯區昌平路二段176號1樓,1000000,1031118
10143,84798917,佑戰五金有限公司,臺中市后里區聯合里三重三路117號,5000000,1031114
10147,84805403,大肚電業有限公司,臺中市大肚區頂街里沙田路二段727號,1000000,1031127
10148,84811279,元良貿易有限公司,臺中市北區文昌東二街124號1樓,18000000,1031125
10165,84843390,盈祥股份有限公司,臺中市南屯區黎明路一段964號1樓,1000000,1031121
10167,84845947,弘力數位股份有限公司,臺中市西區民龍里日進街110號6樓之12,10000000,1031107
10173,84863043,國永通運股份有限公司,臺中市西屯區福雅路19號1樓,29800000,1031127
10176,84873817,谷明投資股份有限公司,臺中市北屯區文昌東七街60號1樓,248000000,1031113
10212,84952066,容克光機科技股份有限公司,臺中市神岡區豐洲里豐工南路32號,80600000,1031110
10213,84957864,得洋營造有限公司,臺中市太平區新高里立功路83號1樓,10000000,1031113
10216,84972561,慶城營造有限公司,臺中市北屯區中清路二段1226巷8弄8號2樓,30000000,1031124
10226,84995749,鉅邑科技股份有限公司,臺中市西屯區福中里福中二街16巷17號1樓,5500000,1031104
10227,84997752,傑敏營造股份有限公司,臺中市北區漢陽街84號1樓,3000000,1031127
10252,86017368,長久富貴國際股份有限公司,臺中市北區中清路一段89號7樓之5,5000000,1031111
10260,86032831,真正好興業有限公司,臺中市豐原區下街里三豐路152號,10000000,1031106
10267,86071622,巨鼎鍊水工程有限公司,臺中市北屯區大連路三段21巷7號1樓,20000000,1031110
10271,86085549,森地木材有限公司,臺中市龍井區竹坑里沙田路四段262巷7號,2000000,1031107
10273,86092020,集圓科技工業股份有限公司,臺中市大里區仁化里工業十一路128號,91000000,1031117
10278,86099852,將城工程股份有限公司,臺中市北屯區北平路四段152號,10000000,1031119
10281,86110202,舜由股份有限公司,臺中市后里區墩東里平安路79號,7000000,1031105
10299,86182009,宇廷營造有限公司,臺中市北屯區中清路１０６之９巷１１號,6000000,1031112
10303,86195222,百德機械股份有限公司,臺中市大甲區工六路3號,352500000,1031107
10307,86207888,忠泰股份有限公司,臺中市北區建興里大義街130巷7之2號,5000000,1031117
10312,86219250,臺裕營造有限公司,臺中市南屯區文心路一段186號17樓之4,50000000,1031112
10316,86228434,賢隆精密工業股份有限公司,臺中市大雅區橫山里中山三路56號,30000000,1031124
10317,86228477,慶華紙業有限公司,臺中市沙鹿區鹿寮里中山路502巷11號,1000000,1031125
10320,86232872,超茗工業有限公司,臺中市太平區宜欣里宜昌東路90巷11之1號1樓,5000000,1031105
10330,86246453,岳暘工業股份有限公司,臺中市豐原區南陽里永康路213巷55弄15之2號1樓,30000000,1031113
10334,86256297,地廣不動產經紀業股份有限公司,臺中市北屯區崇德路二段316號1樓,1000000,1031103
10339,86266719,誠益企業有限公司,臺中市太平區育仁南路41號1樓,1000000,1031125
10361,86348938,堯柏貿易股份有限公司,臺中市沙鹿區鹿寮里中山路378巷14號,5000000,1031118
10363,86352762,星辰精密機械有限公司,臺中市豐原區豐南街240巷138號1樓,5000000,1031125
10365,86354826,鎮興塑膠有限公司,臺中市大里區新仁里新仁六街三三號,2000000,1031125
10377,86386756,茹絲葵食品企業股份有限公司,臺中市西區臺灣大道二段501號26樓之1、2,19489000,1031107
10384,86416576,大境企業有限公司,臺中市西區太原路一段198號1樓,3000000,1031128
10385,86418722,原鵬塑膠股份有限公司,臺中市大里區中興路二段63號1樓,1000000,1031124
10390,86427671,鴻太實業有限公司,臺中市太平區大富街19巷1號　　,10000000,1031103
10430,86522458,香港商創聯國際有限公司,臺中市西屯區台中港路3段111號5樓,5000000,1031118
10439,86543377,天朗企業股份有限公司,臺中市潭子區祥和路35巷9號1樓,29800000,1031111
10440,86543432,江海精機廠有限公司,臺中市北屯區北坑巷11之1號,5000000,1031125
10445,86554275,岠騰企業股份有限公司,臺中市豐原區鐮村里鐮村路39巷52弄59號,5000000,1031104
10449,86558032,穗陽機械有限公司,臺中市大甲區庄美里大安港路137巷40號,6000000,1031112
10450,86558075,萬里香餐廳有限公司,臺中市霧峰區六股里中正路480號,1000000,1031119
10452,86565553,傑品企業股份有限公司,臺中市大里區仁化里工業十二路35號,5000000,1031107
10453,86567172,啟發機電技術顧問有限公司,臺中市沙鹿區居仁里中山路415巷2號,6000000,1031120
10454,86575187,汎瑋企業股份有限公司,臺中市西屯區工業區42路9號,40000000,1031122
10470,86626860,中華客家土樓開發股份有限公司,臺中市豐原區田心里4鄰圓環東路152號2樓,11200000,1031105
10471,86627349,三本工具實業股份有限公司,臺中市大里區大元里大衛路18巷5號,5100000,1031113
10474,86640027,聚合發建設股份有限公司,臺中市西屯區文心路二段201號15樓之3,220600000,1031117
10477,86645493,上久億實業股份有限公司,臺中市西屯區福科路657號,7000000,1031112
10478,86645944,層峰營造股份有限公司,臺中市西區和龍里博館二街230號5樓,25000000,1031118
10482,86653943,英勛工業有限公司,臺中市太平區鵬儀路296巷9弄2號,2000000,1031121
10486,86667046,鈺鎧科技股份有限公司,臺中市南屯區精科東路15號,226089260,1031110
10491,86676903,東元建材有限公司,臺中市后里區聯合里三重三路115號,25000000,1031113
10493,86678297,台祥鋼業股份有限公司,臺中市太平區永豐路51號1樓,15000000,1031125
10497,86685430,日南建設股份有限公司,臺中市大肚區遊園路二段175之5號,88600000,1031124
10499,86687747,餘慶堂交通事業股份有限公司,臺中市梧棲區臨港路四段750號,29700000,1031112
10500,86688160,皇陞交通股份有限公司,臺中市梧棲區文化路一段343號,30000000,1031121
10526,86762914,傑大油壓工業股份有限公司,臺中市大里區健民里仁化路125巷18弄2號,5000000,1031118
10530,86780743,咸丞興業股份有限公司,臺中市西屯區成都路276號1樓,20000000,1031125
10532,86784826,光志機械有限公司,臺中市清水區田寮里高美路212號之11,5000000,1031126
10535,86790123,優力邦企業有限公司,臺中市烏日區溪埧里溪南路一段585號,500000,1031111
10536,86791592,國品實業股份有限公司,臺中市大雅區六寶里中清路四段768號,100000000,1031121
10537,86794681,伸保水電工程股份有限公司,臺中市南屯區同心里大墩二街188號1樓,6000000,1031118
10539,86800446,禮農事業有限公司,臺中市西屯區文心路三段68號1樓,3000000,1031121
10543,86822173,通業技研股份有限公司,臺中市西屯區何源里重慶路343號,50000000,1031114
10549,86832664,成佩興業有限公司,臺中市大雅區大雅里永和路149巷19號,5000000,1031127
10552,86839202,欣泰通信有限公司,臺中市南區樹德里東興路一段135號,5000000,1031127
10590,86972480,萬國人力仲介股份有限公司,臺中市南屯區大誠里東興路二段98號7樓,10000000,1031120
10595,86992599,豈林物業管理顧問有限公司,臺中市西區華美街269號2樓,10000000,1031107
10609,89208046,能匠自動化機械股份有限公司,臺中市西屯區逢甲里西屯路二段256巷6號14樓之6,40000000,1031127
10611,89208778,采逸實業有限公司,臺中市南屯區永春東三路41之3號1樓,3500000,1031126
10617,89224427,伽串電子股份有限公司,臺中市東區十甲里東英路409號1樓,5000000,1031105
10623,89232159,功展通訊有限公司,臺中市西屯區協和里順和二街8號1樓,3000000,1031117
10652,89299448,穩尚塑膠有限公司,臺中市清水區清水里中山路37巷34號,5000000,1031111
10653,89300091,建源砂石有限公司,臺中市霧峰區五福里五福路505號,3000000,1031113
10656,89315828,孟義工程有限公司,臺中市西屯區何南里大恩街40號2樓,50000000,1031122
10657,89317163,富誠營造股份有限公司,臺中市西區忠誠里華美西街一段186號2樓,18000000,1031111
10666,89333847,元立電信工程股份有限公司,臺中市外埔區大東里甲后路新城七巷103號1樓,5000000,1031127
10669,89342584,廣樺資訊股份有限公司,臺中市西屯區河南路二段262號8樓之6,12000000,1031106
10672,89349756,翔厚實業有限公司,臺中市北區賴村里學士路283號1樓,5000000,1031126
10674,89358369,飛凌科技有限公司,臺中市北區新興里三民路三段77號12樓之2,5000000,1031120
10676,89360674,鉦弘企業股份有限公司,臺中市太平區太平里永平路三段58號,1000000,1031121
10677,89364405,一點利股份有限公司,臺中市北區淡溝里民權路361號4樓,10000000,1031107
10678,89365636,景林正記實業有限公司,臺中市神岡區神圳路81之1號,7000000,1031111
10679,89366889,虹盛電氣工程實業有限公司,臺中市霧峰區南勢里北岸路64巷55弄7號1樓,8000000,1031103
10681,89369014,勇輝營造股份有限公司,臺中市大甲區孟春里經國路1746號1樓,50600000,1031111
10684,89373782,天鈞顧問股份有限公司,臺中市南屯區寶山里嶺東路916之13號2樓之2,50000000,1031107
10685,89374380,台灣維順工業股份有限公司,臺中市南屯區工業區25路6號,117000000,1031120
10687,89377675,美淳香料股份有限公司,臺中市西屯區協和里工業區39路41號1樓,75000000,1031104
10694,89396906,人山建設股份有限公司,臺中市南屯區同心里文心路一段218號24樓之1,150000000,1031106
10746,89503173,僑耐有限公司,臺中市霧峰區萬豐里中正路131號,50000000,1031126
10752,89508000,巨邦交通有限公司,臺中市大肚區太平路一巷1弄7號,28000000,1031120
10755,89520861,新大陸實業有限公司,臺中市大里區永隆九街136巷1號2樓,1000000,1031121
10756,89535490,品凱實業股份有限公司,臺中市霧峰區四德里四德路品凱巷2號,50000000,1031117
10757,89538089,德翰醫療器材有限公司,臺中市大雅區四德里學府路76巷67號1樓,3000000,1031104
10759,89543739,盛貿通運股份有限公司,臺中市霧峰區坑口村復興路2段126巷18號1樓,28800000,1031110
10760,89544110,呈陞精密工業股份有限公司,臺中市大里區中興路一段230巷33弄20號,23000000,1031119
10762,89551673,洽春化工有限公司,臺中市北屯區四平路37巷5號1樓,1000000,1031124
10763,89555805,仟祐發條有限公司,臺中市烏日區長春街598巷1號1樓,1000000,1031114
10771,89574465,商鈺有限公司,臺中市大雅區員林里大林路130-4號,5000000,1031120
10772,89578080,賽環科技股份有限公司,臺中市東區忠孝路264號,10000000,1031121
10777,89585300,通用不銹鋼有限公司,臺中市梧棲區永安里向上路九段322巷39號,29000000,1031104
10778,89586217,潔屋股份有限公司,臺中市南屯區寶山里工業區十八路26號2樓,20000000,1031113
10795,89650884,崇揚營造有限公司,臺中市南屯區大誠里東興西街11號2樓之33,30000000,1031125
10799,89663473,弗斯特科技股份有限公司,臺中市西區民龍里英才路506號1樓,10000000,1031125
10805,89676012,旻昌建設有限公司,臺中市太平區宜欣一路45號1樓,25000000,1031124
10807,89685151,虹嘉科技股份有限公司,臺中市北屯區同榮里豐樂五街9號1樓,10000000,1031107
10808,89686124,盛源水電工程有限公司,臺中市大甲區新美里新美街57巷15號,5000000,1031113
10817,89710481,友祥紙器有限公司,臺中市烏日區烏日里公園路375號1樓,1000000,1031117
10821,89717301,德芫股份有限公司,臺中市大肚區新興里沙田路二段132巷1弄6號,25000000,1031127
10823,89719069,世聖精機股份有限公司,臺中市豐原區南村里水源路418號,15000000,1031104
10830,89729307,彩富實業股份有限公司,臺中市西屯區黎明路二段964號1樓,5000000,1031104
10832,89735841,豪倫國際有限公司,臺中市大甲區中山里甲東路575巷6號1樓,5000000,1031117
10835,89736530,偉盛鋁門窗有限公司,臺中市南區南平路32號1樓,1000000,1031125
10849,89782870,宏基貿易有限公司,臺中市南屯區大墩一街198號1樓,5000000,1031124
10850,89784531,敏振貿易股份有限公司,臺中市西區民龍里臺灣大道二段309號23樓,5000000,1031103
10856,89797888,加勤物流資材股份有限公司,臺中市西區公民里五權路2之122號2樓,16000000,1031111
10857,89800096,可瑞提夫國際有限公司,臺中市北屯區后庄里后庄七街260巷18弄18號1樓,1000000,1031104
10859,89802783,員合有限公司,臺中市霧峰區振興街98巷8號1樓,1000000,1031119
10864,89812001,松齡環保工程股份有限公司,臺中市大里區立德里甲園街191號1樓,3000000,1031119
10874,89843742,萬寶資訊開發有限公司,臺中市沙鹿區斗抵里天池街120號,2000000,1031107
10879,89855057,瑞震室內裝修工程有限公司,臺中市南屯區大興里東興路二段25巷16號1樓,3000000,1031125
10880,89856719,承源印刷股份有限公司,臺中市西屯區永安里國安一路67-2號15樓之3,28000000,1031106
10883,89867096,大翰翔企業股份有限公司,臺中市南屯區五權西路二段681號2樓,19380000,1031112
10896,89914859,磐富營造股份有限公司,臺中市西屯區市政路386號15樓之8,100000000,1031114
10897,89916505,金天水企業股份有限公司,臺中市南屯區溝墘里文心路一段526號1樓,10000000,1031122
10899,89920536,朝馬建材有限公司,臺中市西屯區至善里黎明路三段42號1樓,2000000,1031127
10900,89923999,嘉誼有限公司,臺中市北屯區三光里北屯路315號,1000000,1031103
10912,89944657,鉅泉實業有限公司,臺中市大雅區中清路一段128巷1號,3000000,1031118
10922,89971746,玄任實業股份有限公司,臺中市北區頂厝里崇德路一段629號19樓之2,15840000,1031106
10925,89980891,聖富工業股份有限公司,臺中市大里區大里里瓦磘路48之8號,10000000,1031125
10926,89982791,義力營造股份有限公司,臺中市北屯區水景里軍福十一路553號1樓,230000000,1031120
10952,96873621,京倫投資股份有限公司,臺中市豐原區豐東路85巷36號,73000000,1031117
10954,96877598,邑嘉汽車股份有限公司,臺中市西區忠誠里臺灣大道二段536號8樓之2,6800000,1031120
10955,96880334,上可口實業有限公司,臺中市北屯區崇德路三段317巷124弄14號1樓,51000000,1031120
10956,96880545,潤森有限公司,臺中市東區十甲路431號4樓之2,20000000,1031127
10969,96911110,聯生生技股份有限公司,臺中市西屯區大河里甘河路91號2樓,13000000,1031106
10970,96915431,亦佐實業有限公司,臺中市龍井區忠和里工業路188巷11之3號,24200000,1031114
10978,96919696,程發五金有限公司,臺中市豐原區中陽里圓環東路683號1樓,2000000,1031111
10998,96998087,立譽國際科技有限公司,臺中市南屯區田心里文心路一段73號4樓之1,5000000,1031127
11001,96999044,璉進實業有限公司,臺中市大里區新仁里新仁三街19號1樓,5000000,1031114
11004,97001624,中一油股份有限公司,臺中市沙鹿區三民路400號,25000000,1031113
11010,97014091,紳立通運股份有限公司,臺中市北屯區崇德路3段168號2樓,25000000,1031122
11024,97049556,貫煜工業股份有限公司,臺中市霧峰區霧工六路3之1號,29000000,1031105
11025,97050011,文介有限公司,臺中市北屯區水湳里大連北街24巷44號1樓,5000000,1031120
11029,97059081,新懋鋁業股份有限公司,臺中市南屯區工業區25路19號,100000000,1031111
11040,97107083,鴻傑工程股份有限公司,臺中市西屯區黎明路三段348號9樓,42000000,1031110
11060,97160544,漢翔航空工業股份有限公司,臺中市西屯區西平里24鄰漢翔路1號,9082614280,1031120
11066,97173528,台灣佳光電訊股份有限公司,臺中市梧棲區中華路1段1098號,1250000000,1031126
11074,97183259,綠鏡企業有限公司,臺中市北屯區后庄路9巷18號2樓,5000000,1031105
11078,97191440,大甲車業有限公司,臺中市大安區永安里東西四路一段80巷3號,5000000,1031117
11084,97212830,泰萬億企業有限公司,臺中市豐原區西湳里三豐路675巷16弄35號,10000000,1031107
11097,97254492,勝廣精密工業股份有限公司,臺中市南屯區工業區二十一路6號,15000000,1031117
11098,97254583,豪聯環保科技股份有限公司,臺中市西屯區何仁里文心路三段296之1號10樓,40000000,1031125
11108,97279304,鶴峻實業有限公司,臺中市豐原區社皮里中正路737巷17號1樓,5000000,1031103
11110,97283095,中葉電腦股份有限公司,臺中市西區民龍里英才路433號2樓,20000000,1031125
11148,97349300,高佑工程有限公司,臺中市大雅區大林路211巷17之6號1樓,500000,1031113
11150,97358481,侑信開發實業有限公司,臺中市南屯區文心路一段218號22樓之1,60000000,1031106
11153,97363127,客喜康企業股份有限公司,臺中市西區藍興里三民路一段103號4樓之1,100000000,1031111
11159,97375812,佶佶亞運動用品有限公司,臺中市西屯區潮洋里朝馬路152號,5000000,1031105
11162,97381188,耕典保險代理人有限公司,臺中市北屯區平昌里天津路四段253號1樓,5000000,1031113
11163,97381244,凡宇國際有限公司,臺中市西區中興里公益路155巷102號2樓,5000000,1031112
11165,97383783,中理工程有限公司,臺中市東勢區泰昌里中泰街100巷8號1樓,5000000,1031128
11166,97388204,騏一企業股份有限公司,臺中市豐原區南田里水源路192巷82弄27號,5000000,1031105
11170,97398147,玄大股份有限公司,臺中市北屯區中清路二段415巷46號1樓,3000000,1031110
11174,97401966,運聯旅行社有限公司,臺中市中區建國路77號1樓,12500000,1031105
11175,97410613,作富企業有限公司,臺中市豐原區南嵩里北陽路437號1樓,5000000,1031127
11178,97415808,上響傳播有限公司,臺中市外埔區永豐里六分路20號,1200000,1031112
11183,97422075,宗美衛浴設備企業有限公司,臺中市南屯區大墩六街93號1樓,15000000,1031114
11193,97447647,富旺國際開發股份有限公司,臺中市西區大隆路20號4樓之5,1499903020,1031127
11214,97480504,晟溢建設有限公司,臺中市潭子區榮興街138號,25000000,1031113
11220,97499763,惠得投資股份有限公司,臺中市北區忠太東路8號1樓,110000000,1031114
11221,97503078,皇州企業股份有限公司,臺中市大里區瑞城里瑞和街135巷15號,1000000,1031117
11222,97529507,銓晟企業有限公司,臺中市霧峰區本鄉里草湖路33號1樓,10000000,1031106
11223,97543590,立仲機械股份有限公司,臺中市烏日區螺潭里慶光路99之1號1樓,88000000,1031125
11224,97550000,台瑋企業股份有限公司,臺中市梧棲區草湳里臨港路三段168巷55號,112000000,1031113
11225,97558761,中傑鞋業股份有限公司,臺中市大雅區六寶里中清路四段628號,86000000,1031107
11226,97564335,元威精機股份有限公司,臺中市大里區至聖路25巷16號1樓,8000000,1031117
11227,97568888,朝陽油壓機械股份有限公司,臺中市南區大慶街二段61之1號1樓,14000000,1031118
11228,97570408,合信鋼模塑膠股份有限公司,臺中市霧峰區民生路198巷31號1樓,10000000,1031124
11229,97571618,辰鎣機械廠有限公司,臺中市大里區瑞城里塗城路304巷28弄20號,20000000,1031103
11230,97599051,王鼎工業有限公司,臺中市大里區仁慈街38號1樓,6000000,1031103
