序號,統一編號,公司名稱,公司所在地,資本額,核准變更日期
158,05591258,怡聚發條股份有限公司,臺中市后里區后里里后科路2段329號,190000000,1030327
162,05693889,永鑫營造有限公司,臺中市神岡區神岡路36號,3000000,1030318
163,05696507,立彥鐵工股份有限公司,臺中市潭子區栗林里祥和路106巷41號1樓,5000000,1030321
167,05831166,偉詮企業股份有限公司,臺中市太平區鵬儀路296巷16弄6號,11000000,1030304
168,05831399,利徠實業股份有限公司,臺中市太平區建國里鵬儀路326巷4號,51800000,1030303
169,05835613,力梅工業股份有限公司,臺中市東區十甲路二一八巷六號一樓,6000000,1030325
170,05838246,環隴工業股份有限公司,臺中市太平區太平里永豐路372號,16000000,1030314
172,05841093,順宗工業股份有限公司,臺中市太平區太平里合利街一段42號,10000000,1030317
202,07842506,凱傑橡膠股份有限公司,臺中市北區錦祥里北屯路18號11樓之16,2000000,1030321
350,12626319,環協工程顧問有限公司,臺中市西屯區臺灣大道四段767號12樓之4,16000000,1030305
354,12637441,倍思達經營管理顧問有限公司,臺中市南區福順里忠明南路789號41樓,22500000,1030312
357,12643767,生產力保全股份有限公司,臺中市南屯區文心路1段306號地下一層之一,40000000,1030327
400,12716418,綠王股份有限公司,臺中市北屯區東光里北屯路298巷26弄30號1樓,1000000,1030317
404,12721377,仟峻有限公司,臺中市梧棲區四維中路205巷6號1樓,1000000,1030327
405,12722426,嘉誼實業顧問有限公司,臺中市西區自由路一段101號14樓之4,5000000,1030307
407,12724965,至邦企業股份有限公司,臺中市南屯區工業區二十一路20號1樓,5000000,1030324
412,12736456,昱晟有限公司,臺中市南區樹德里德富路92號1樓,3000000,1030312
413,12737080,川鑫實業股份有限公司,臺中市太平區德隆里工業二十路65號,19600000,1030314
414,12740022,中科大飯店股份有限公司,臺中市北屯區平福里旅順路二段7號1至19樓,24000000,1030321
416,12740705,揚高包裝材料有限公司,臺中市清水區靈泉里鎮北街12之4號一樓,10000000,1030321
422,12766042,好明亮國際科技股份有限公司,臺中市南屯區南屯路二段986之1號,10000000,1030305
434,12793456,柏妮絲地材科技股份有限公司,臺中市后里區后里里三豐路三泉巷30號　,3000000,1030304
439,12797164,安賚倫科技股份有限公司,臺中市西區忠明南路270號4樓之3,22710000,1030307
444,12800724,弘榮光罩股份有限公司,臺中市大雅區中部科學工業園區橫山村13鄰通山路13號,1774541340,1030312
447,12801786,忠泰投資股份有限公司,臺中市北區三民路三段374號1樓,5000000,1030317
449,12804496,耕元實業股份有限公司,臺中市東區東信里振興路443巷4弄11號1樓,5000000,1030310
450,12805404,臺麒投資股份有限公司,臺中市北區太平路42之1號2樓,15000000,1030325
452,12806537,凱新紙業有限公司,臺中市神岡區大社里大漢街142巷5號,5000000,1030324
458,12818225,翰丞科技股份有限公司,臺中市北區淡溝里博館東街48號地下室1樓,1000000,1030312
459,12818365,達聚塑膠有限公司,臺中市外埔區水美里二崁路706巷71號,2000000,1030314
460,12819717,和行系統科技股份有限公司,臺中市北屯區崇德二路二段38號1樓,5000000,1030313
462,12820708,康富成生技股份有限公司,臺中市北屯區天津路三段67號4樓,1000000,1030305
463,12821312,萬樣鋼模有限公司,臺中市太平區德隆里光德路23號,10000000,1030327
465,12825605,世龍精模有限公司,臺中市東區東橋里建智街114號1樓,10000000,1030320
466,12826267,盛毅有限公司,臺中市豐原區翁社里豐年路109巷79號,10000000,1030311
468,12826978,群崴營造股份有限公司,臺中市北屯區和平里軍功東街九十六巷22號1樓,6000000,1030327
481,12842082,岳怡企業有限公司,臺中市大里區新芳路32號1樓,5000000,1030305
482,12842267,二零八八資訊科技有限公司,臺中市南屯區永春東一路708號1樓,5000000,1030317
484,12845362,暐岦影像科技有限公司,臺中市南屯區黎明東街71號5樓,1000000,1030325
524,12888208,臺崙實業有限公司,臺中市外埔區水美里二崁路458號,10000000,1030324
526,12889121,艋庫拉制震股份有限公司,臺中市太平區正光街197巷15號,12000000,1030306
527,12892272,逆轉生命科技有限公司,臺中市北屯區舊社里旱溪西路3段298號1樓,10000000,1030320
529,12896740,廣翔旅行社股份有限公司,臺中市豐原區社皮路67號1樓,6000000,1030314
539,12910686,宜興管理顧問股份有限公司,臺中市北屯區后庄里后庄路250巷56號1樓,26000000,1030313
542,12913641,利德工貿股份有限公司,臺中市大里區東興里國光路2段500號4樓之3,5000000,1030317
545,12919639,弘義工程實業有限公司,臺中市西屯區港尾里同志巷71之3弄10號1樓,2000000,1030319
547,12924226,彥宣機械事業有限公司,臺中市西屯區潮洋里臺灣大道三段683號3樓之2,10000000,1030303
551,12928285,蕙生企業有限公司,臺中市西區博館路123號2樓,3750000,1030312
553,12929257,听昇企業有限公司,臺中市后里區后里里泉州路1-10號,42500000,1030303
593,12988831,優力多實業股份有限公司,臺中市西區大忠里五權西路一段257號8樓之3,8000000,1030320
601,12999372,成偉食品股份有限公司,臺中市梧棲區自立一街178號,251000000,1030313
603,13003938,富丞旅行社有限公司,臺中市西屯區上石里台灣大道三段540號14樓之3,6000000,1030318
619,13021730,水天使股份有限公司,臺中市豐原區鐮村路326巷23-5號,1000000,1030325
620,13022077,華均有限公司,臺中市西屯區潮洋里朝馬二街71號1樓,4000000,1030312
621,13022317,九億冷凍空調有限公司,臺中市大甲區德化里南北五路142號,10000000,1030311
629,13027299,餐御宴食品有限公司,臺中市大甲區日南里工七路26號,40000000,1030328
632,13028804,威泰配管材料有限公司,臺中市烏日區烏日里環河北路272號9樓,3000000,1030331
640,13035312,田豐不動產仲介開發有限公司,臺中市大里區永隆二街188號,500000,1030318
650,13043571,旭貿興業有限公司,臺中市梧棲區永安里向上路九段322巷23號1樓,6600000,1030320
652,13047247,浩瀚開發建設股份有限公司,臺中市西區臺灣大道二段501號16樓之1,200100000,1030319
656,13051635,湘田建設有限公司,臺中市西區民龍里英才路530號22樓之2,20000000,1030320
671,13066709,資雅堂企劃有限公司,臺中市西屯區長安路一段83號2樓,3500000,1030305
672,13070909,澤慶環保工程有限公司,臺中市太平區新吉里新平路三段211號1樓,500000,1030311
674,13072929,亞特克實業有限公司,臺中市龍井區東海里遊園北路426號1樓,3000000,1030324
678,13075670,新智庫文化股份有限公司,臺中市西屯區何福里寧夏東一街29號2樓之6,1000000,1030328
679,13075714,鉅麟工程股份有限公司,臺中市南區福順里南昌街60號13樓,4200000,1030324
683,13079900,豪昇塑膠股份有限公司,臺中市梧棲區草湳里梧南路6-3號,10000000,1030324
786,14003078,星瑞企業股份有限公司,臺中市西屯區惠來里市政路386號14樓之5,8000000,1030312
832,16017787,滿唐采建設有限公司,臺中市西屯區臺灣大道二段910號6樓之5,46000000,1030306
838,16038360,崇舜股份有限公司,臺中市西屯區工業區33路14號,60000000,1030326
839,16042012,高勵捷工業股份有限公司,臺中市豐原區北陽里豐東路250巷19之2號,3000000,1030327
841,16053045,金億晟營造工程有限公司,臺中市西屯區西屯路二段惠北巷5弄1號1樓,22500000,1030328
842,16062564,京易有限公司,臺中市太平區中興里二十鄰東平路七一五巷七弄十五號一樓,5000000,1030325
847,16074219,宜府建設股份有限公司,臺中市西區忠仁街42號1樓,25000000,1030317
849,16075836,啟讚營造股份有限公司,臺中市北區文莊里大雅路45號9樓,24000000,1030307
855,16085969,群健有線電視股份有限公司,臺中市北屯區文心路4段934號12樓之1、之2及936號12樓之1,2581283930,1030328
911,16188162,貝佳實業有限公司,臺中市太平區中興里永平路二段100號,10000000,1030306
913,16196079,海揚國際文教股份有限公司,臺中市北區永興街176巷7之3號4樓,10000000,1030307
918,16205078,昌輝食品有限公司,臺中市北屯區遼陽五街七十號一樓,5000000,1030328
919,16209286,宜庭有限公司,臺中市北區華美街二段262號8樓之1,5000000,1030318
922,16217188,匠材有限公司,臺中市烏日區中山路三段589巷13號1樓,6000000,1030320
925,16222719,立瑋科技有限公司,臺中市南屯區三厝里三和街２６號１樓,5000000,1030319
931,16233700,翔傑科技股份有限公司,臺中市西屯區上明一街56號1樓,5000000,1030327
936,16244410,豪珍食品有限公司,臺中市西屯區逢甲路223號12樓之2,2000000,1030325
941,16253563,東佳成工業股份有限公司,臺中市豐原區豐田里田心路二段99巷68號,5000000,1030321
943,16257694,喜多泉企業有限公司,臺中市沙鹿區北勢東路翠華巷８０弄４３號,3000000,1030325
949,16271464,昌合營造股份有限公司,臺中市龍井區遠東街194巷11號1樓,3000000,1030303
952,16274011,競爭利企劃有限公司,臺中市北區陜西東四街一五五號一樓,1000000,1030312
974,16333460,華裕通信科技有限公司,臺中市北屯區東山路一段311之2號1樓,2000000,1030314
979,16341356,優仕通科技有限公司,臺中市北屯區松竹路三段119號1樓,1000000,1030313
984,16351472,洽裕開發工程有限公司,臺中市沙鹿區斗抵里天仁街8號,3000000,1030313
989,16364907,玫瑰共和國際事業有限公司,臺中市龍井區藝術北街31號1樓,2500000,1030318
990,16366095,惇惠實業有限公司,臺中市大肚區頂街里沙田路三段245巷81之33號1樓,6000000,1030321
993,16372343,達農企業有限公司,臺中市石岡區萬安里金順街62號,5000000,1030325
997,16375593,高鋒國際科技股份有限公司,臺中市南屯區文心南三路945號1樓,23000000,1030303
1007,16399835,嘉慶國際興業股份有限公司,臺中市西區五權西五街85-1號1樓,10200000,1030306
1016,16418495,津葆科技股份有限公司,臺中市大雅區橫山里永和路8-20號,30000000,1030317
1022,16430337,大安聯合消防股份有限公司,臺中市西屯區逢福里櫻城一街55號1樓,20000000,1030314
1066,16509410,慕容科技有限公司,臺中市大里區新仁里新仁七街38之6號1樓,3000000,1030328
1068,16511106,鑫立得興業股份有限公司,臺中市西區民龍里日盛街19號1樓,50000000,1030318
1069,16512506,宏岱交通有限公司,臺中市大里區新里里大里二街一八八號一樓,25000000,1030321
1071,16521195,易桓精密工業股份有限公司,臺中市豐原區東湳里角潭路二段169號,20000000,1030312
1073,16529295,緯達國貿有限公司,臺中市北屯區平安里熱河路2段23號8樓,500000,1030312
1074,16530862,伍盛企業有限公司,臺中市豐原區社皮里大豐路五段418號,1000000,1030310
1076,16533848,鑫泰成有限公司,臺中市東區振興路266巷55號,3000000,1030305
1083,16552680,鑫旭工業股份有限公司,臺中市龍井區新東里遊園南路411號,5000000,1030303
1088,16566615,岡田有限公司,臺中市豐原區西湳里豐北街68號1樓,500000,1030312
1094,16576992,耒陽工業有限公司,臺中市太平區新仁路一段2巷8號,1000000,1030303
1128,16634705,合富國際股份有限公司,臺中市西屯區協和里工業區37路42號,45000000,1030328
1131,16643438,古德溫文化事業有限公司,臺中市西屯區工業區一路58巷11弄52號1樓,5000000,1030313
1146,16675108,渲筠實業有限公司,臺中市西區貴和街212號1樓,500000,1030318
1147,16676444,彩鎮企業有限公司,臺中市梧棲區文華街二八巷二八號,3500000,1030304
1161,16704167,嶸昌鋼鐵有限公司,臺中市西區土庫里忠明南路499號17樓,20000000,1030307
1165,16709640,易利陽企業股份有限公司,臺中市南屯區田心里大墩六街425-23號1樓,5000000,1030314
1180,16739118,承益全工程有限公司,臺中市潭子區甘蔗里甘水路2段183巷6-3號1樓,3000000,1030326
1237,16832487,三信商業銀行股份有限公司,臺中市中區柳川里公園路32-1號,4919543080,1030318
1248,16856142,台灣商美股份有限公司,臺中市北屯區水湳里文心路3段447號6樓之2,22000000,1030326
1256,16860716,東哲不動產仲介經紀業有限公司,臺中市北屯區平福里崇德路二段318、320號1樓,5000000,1030325
1259,16863811,屏仕建設股份有限公司,臺中市西屯區臺灣大道三段540號12樓之3,68000000,1030305
1261,16867112,高棣工業股份有限公司,臺中市太平區太平里永成路60巷21號,15000000,1030320
1267,16875696,中侑室內裝修有限公司,臺中市神岡區社口里文昌街328號,10000000,1030305
1270,16879377,亞律國際企業有限公司,臺中市南屯區惠中里文心路一段324號3樓之2,500000,1030320
1272,16883128,旺群資訊有限公司,臺中市烏日區九德里中山路一段330號1樓,1000000,1030318
1275,16890985,濠巨峰企業有限公司,臺中市神岡區社南里中山路507巷13號,500000,1030303
1278,16905740,博昌企業有限公司,臺中市后里區墩東里福德路176巷1弄12號1樓,1000000,1030320
1280,16911383,惠仲地產有限公司,臺中市沙鹿區埔子里正英路１１號之１４（1樓）,500000,1030311
1283,16916633,帥慶家具有限公司,臺中市北屯區同榮里環中路一段1486號,5000000,1030318
1287,16922353,勝家景觀設計工程有限公司,臺中市北屯區仁美里豐樂路10之12巷60號1樓,25000000,1030306
1292,16934196,興銓實業有限公司,臺中市大里區德芳路1段103號1樓,28000000,1030313
1293,16935596,和豐國際有限公司,臺中市北區賴福里進化北路392-2號8樓之2,20000000,1030311
1294,16936504,銧達科技股份有限公司,臺中市梧棲區福德里博愛路130巷52號1樓,16000000,1030314
1296,16936899,聖立通運股份有限公司,臺中市南屯區向心里文心南二路200號4樓,25000000,1030320
1297,16937362,宗玖機械工業有限公司,臺中市后里區公館里中社莊5號,10000000,1030320
1298,16937377,傳忠企業有限公司,臺中市北區崇德里崇興路二段99號1樓,5000000,1030310
1300,16939544,甫嘉機械股份有限公司,臺中市太平區太平里合利街一段23號1樓,30000000,1030318
1303,16944434,瑞君企業有限公司,臺中市東區復興路四段100號11樓之1及12樓之1,6000000,1030328
1304,16945757,崇德村興業股份有限公司,臺中市北屯區松竹里河北路三段111號1樓,6000000,1030305
1307,16948488,郁欽營造股份有限公司,臺中市大甲區庄美里興安路28號,25000000,1030328
1314,16957599,維誠有限公司,臺中市太平區宜欣二街12號一樓,1000000,1030303
1325,16963918,精湛投資股份有限公司,臺中市西屯區巿政北一路77號8樓之16,50000000,1030326
1335,16979215,大台中國際有限公司,臺中市烏日區興祥街30巷7號1樓,5000000,1030328
1337,16983631,神韻有限公司,臺中市西屯區大容西街153號,1000000,1030303
1340,16988707,言展營造有限公司,臺中市西屯區福科路535巷16號1樓,26000000,1030313
1347,16993498,忠港貨運有限公司,臺中市沙鹿區犁分里中清路七段379號,25000000,1030327
1348,16995833,美鉅股份有限公司,臺中市大肚區沙田路3段245巷81號,58023800,1030304
1427,22079108,喬國工業有限公司,臺中市太平區建國里鵬儀路三四二巷四號,20000000,1030311
1428,22082526,久玖鋼鐵股份有限公司,臺中市神岡區神洲里大洲路52號,10000000,1030313
1440,22102298,福懋油脂股份有限公司,臺中市大肚區沙田路1段453號,2014364100,1030304
1443,22103487,佶恆實業股份有限公司,臺中市太平區德隆里工業廿路53號,55000000,1030312
1448,22114560,思薇爾國際股份有限公司,臺中市北屯區北屯路三六六號六樓之一,666323090,1030305
1452,22120367,勤鎮鐵材有限公司,臺中市西區忠誠里忠明南路43號1樓,28000000,1030312
1455,22132618,旭裕不銹鋼有限公司,臺中市太平區東平路777巷9號,5000000,1030305
1465,22177255,台灣薄膜工業股份有限公司,臺中市南屯區工業區24路36號,270000000,1030310
1476,22215841,珈昂有限公司,臺中市南區積善里五權南一路九七號一樓,3000000,1030319
1478,22224074,莉達實業有限公司,臺中市大肚區瑞井里遊園路一段70巷107之3號,5000000,1030324
1483,22243924,嘉銘模具股份有限公司,臺中市東區東門里東光園路101號1樓,3000000,1030313
1498,22278606,先捷實業股份有限公司,臺中市西屯區工業區一路58巷11弄43號1樓,10000000,1030320
1503,22291544,佶成機械工業有限公司,臺中市龍井區竹坑里茄投路1段85巷12號,5000000,1030324
1504,22294633,大育營造有限公司,臺中市北區中清路一段79號11樓之2,24000000,1030320
1506,22295274,晉得鋼閥股份有限公司,臺中市太平區正光街105號,50000000,1030304
1507,22297195,鈞隆實業股份有限公司,臺中市南區大慶街2段55號1樓,5000000,1030325
1508,22304421,邦晟工業股份有限公司,臺中市龍井區竹坑里茄投路一段85巷39號,25000000,1030313
1530,22368064,依聯工業股份有限公司,臺中市后里區太平里四月路32-2號1樓,36000000,1030307
1540,22384938,民益汽車修配廠股份有限公司,臺中市西屯區大河里甘肅路2段68號,15000000,1030318
1541,22394838,科誠企業股份有限公司,臺中市北屯區水景里和順路300號1樓,20000000,1030325
1550,22417121,第壹管家綠能科技股份有限公司,臺中市東勢區茂興里石城街198巷113號1樓,5000000,1030319
1552,22419140,一榮投資股份有限公司,臺中市西區雲龍里模範街40巷4號1樓,177800000,1030319
1564,22477680,佳鋒企業有限公司,臺中市豐原區豐田里豐原大道三段286巷58弄80之8號,5000000,1030326
1569,22485838,系格工業股份有限公司,臺中市大雅區大雅里學府路316號,8060000,1030321
1577,22500824,松柏飲料股份有限公司,臺中市北屯區景賢路339號,30000000,1030324
1580,22505335,嶠豐企業有限公司,臺中市外埔區水美里二崁路588巷32號,5000000,1030314
1582,22507262,銧太工業有限公司,臺中市潭子區聚興里豐興路一段1巷26號1樓,10000000,1030325
1607,22562742,青島小客車租賃有限公司,臺中市南屯區五權西路二段770號1樓,5000000,1030321
1608,22562975,伸源電機有限公司,臺中市神岡區中山路989巷1之12號,8000000,1030311
1618,22586651,名揚工業有限公司,臺中市外埔區大東里大馬路莊內巷7號,5000000,1030305
1619,22593061,櫻王興業有限公司,臺中市太平區大興路360號1樓,500000,1030324
1621,22596264,國棠實業股份有限公司,臺中市大里區仁義路132號1樓,5000000,1030318
1622,22597658,亞和機械股份有限公司,臺中市大肚區王田里沙田路一段320巷33之30號,5000000,1030318
1624,22601105,向榮工業股份有限公司,臺中市太平區永平路3段92巷2號,11000000,1030303
1627,22604481,和昌針車廠股份有限公司,臺中市大肚區營埔里營埔三街56號,5000000,1030307
1664,22667767,勝暉營造有限公司,臺中市西區五權五街118號1樓,26000000,1030321
1666,22675041,仁山加油站股份有限公司,臺中市西區忠明南路434號,13000000,1030304
1669,22679551,台亞群業有限公司,臺中市豐原區圳寮里圓環西路234號,1000000,1030320
1677,22712593,鉅豐鐵工廠股份有限公司,臺中市豐原區鐮村里鐮村路472巷63-1號,12000000,1030303
1692,22751336,清新科技股份有限公司,臺中市西屯區協和里工業區三十路3號,60000000,1030306
1699,22778314,春廷行股份有限公司,臺中市東區忠孝路207、209號,3000000,1030311
1706,22791935,震昱電腦有限公司,臺中市北區大雅路600號1樓,6000000,1030306
1719,22812122,三川印刷企業有限公司,臺中市霧峰區民生路二三九之一二號,1000000,1030318
1720,22816181,友笠電機有限公司,臺中市南屯區大興里東興路二段14號,5500000,1030326
1753,22916175,巨倫機械股份有限公司,臺中市太平區永豐路18巷11號,10000000,1030327
1754,22916512,展輝工業有限公司,臺中市龍井區龍津里蚵寮路328號,10000000,1030310
1757,22921070,豐禾鞋業股份有限公司,臺中市大雅區橫山里永和路111-4號,2000000,1030324
1764,22928550,翔和工業有限公司,臺中市梧棲區永安里向上路九段465巷35弄5號,3000000,1030327
1766,22931561,山野電機工業股份有限公司,臺中市龍井區龍津里三港路355巷81號1樓,167214780,1030319
1778,22950969,凱烽股份有限公司,臺中市北屯區仁和里山西北二街99號,10000000,1030328
1796,22996228,偉舜製模有限公司,臺中市南區樹義里福田三街329號,4000000,1030318
1797,22997697,伍將機械工業股份有限公司,臺中市神岡區圳前里圳岸路5號,150486000,1030328
1808,23042158,瑞佳企業股份有限公司,臺中市西屯區巿政北一路77號5樓之6,34000000,1030317
1818,23062837,金樹橡膠股份有限公司,臺中市神岡區神洲路391號1樓,5000000,1030312
1824,23082186,大方租賃股份有限公司,臺中市豐原區豐田里豐原大道二段381號1樓,10000000,1030326
1826,23090398,廣倫興業股份有限公司,臺中市太平區太平里永平路三段252號,10000000,1030327
1836,23112864,忠龍實業股份有限公司,臺中市西區忠明路97號3樓,35000000,1030326
1843,23131356,東元旅行社股份有限公司,臺中市北區忠明路211號8樓之5,10000000,1030317
1857,23187203,四方水電工程股份有限公司,臺中市豐原區社皮里成功路352號,6000000,1030304
1859,23191059,沛毅工業股份有限公司,臺中市大雅區員林里雅環路三段55號,35000000,1030324
1860,23191419,龍川企業有限公司,臺中市北區光大里五權路312號,4000000,1030326
1861,23194133,千譽工業股份有限公司,臺中市外埔區大同里后寮路8號,3000000,1030310
1864,23201578,靖偉旅行社有限公司,臺中市豐原區豐北街417巷26號1樓,15000000,1030321
1865,23203604,明仁醫藥股份有限公司,臺中市西屯區大鵬里長安路二段131巷3-5號11樓,5000000,1030318
1869,23208158,甲上自動控制機械有限公司,臺中市烏日區五光里五光路169號,8000000,1030307
1873,23214665,帝緯系統整合股份有限公司,臺中市西屯區福和里臺灣大道四段925號十四樓之2,28638000,1030311
1888,23237463,咏勝塑膠印刷股份有限公司,臺中市太平區永義九街17號,6000000,1030305
1890,23239173,任翔有限公司,臺中市西屯區西屯路三段141巷19號1樓,5000000,1030312
1891,23241430,健忠機械工業有限公司,臺中市豐原區三豐路721巷40弄21號,6000000,1030310
1896,23257592,勇昕工業有限公司,臺中市東區天乙街37巷32、34號1樓,3000000,1030327
1902,23269289,珍源有限公司,臺中市大里區立仁路115巷16號,2000000,1030327
1906,23276036,宏國印刷事業股份有限公司,臺中市西屯區協和里工業區36路34號,45000000,1030304
1911,23291070,鐵碳企業有限公司,臺中市梧棲區經一路20號,100000000,1030331
1920,23332348,運多臨企業股份有限公司,臺中市南屯區大進街490號9樓之4,15000000,1030331
1928,23368696,裕圓股份有限公司,臺中市大甲區文曲里東安路428號,5000000,1030306
1932,23381635,三普環境分析股份有限公司,臺中市西屯區四川東街20號,25080000,1030327
1933,23382445,先峰電業工程有限公司,臺中市南區高工路386巷25號1樓,5000000,1030314
1942,23395342,啟昇製模有限公司,臺中市豐原區北陽里南陽路58巷305號,1000000,1030327
1945,23407488,禾宏企業股份有限公司,臺中市太平區中興里東平路七一五巷四一號,1000000,1030317
1957,23444815,榮寶塑膠工業有限公司,臺中市沙鹿區三鹿里自立路115號1樓,26000000,1030331
1976,23511709,青輔實業股份有限公司,臺中市梧棲區草湳里梧南路11-2號,154130000,1030328
1978,23515178,精誠機械貿易股份有限公司,臺中市西區精誠十八街42號,5000000,1030311
1988,23536188,倫祥實業股份有限公司,臺中市大雅區四德里中清路三段758巷30號,6000000,1030318
1989,23536194,瑞斯特股份有限公司,臺中市大甲區文武里經國路758號4樓,12528000,1030304
1993,23551862,樺懋興業股份有限公司,臺中市烏日區烏日里公園路276號1樓,20000000,1030325
2000,23574485,國光能源開發股份有限公司,臺中市神岡區北庄里中山路1029之5號,2200000,1030328
2034,23683651,佳益科技材料股份有限公司,臺中市清水區下湳里中山路396號,138000000,1030314
2043,23708800,三豪裝潢工程有限公司,臺中市北屯區太原路3段1025-1號,5000000,1030325
2045,23711707,統謚家電有限公司,臺中市梧棲區中正里中和街175號,2000000,1030317
2054,23729636,友諾股份有限公司,臺中市梧棲區北環路27號,20000000,1030324
2081,23790580,偉筌工業有限公司,臺中市后里區舊社里三重西路67巷108號,5000000,1030321
2083,23802832,佑麗康企業有限公司,臺中市外埔區水美里二崁路689號,7000000,1030326
2089,23831148,中安營造股份有限公司,臺中市西屯區寶慶街30巷9號3樓之18,20000000,1030318
2090,23837608,麗晨企業廠有限公司,臺中市豐原區社皮里社皮路123巷11弄50號,29990000,1030304
2091,23841032,振昌水電工程有限公司,臺中市大里區大里里長興三街16號1樓,12000000,1030314
2101,23864317,冠喬彩色印刷股份有限公司,臺中市豐原區田心里田心路二段272巷52-1號,5000000,1030327
2104,23876453,法鼎企管顧問有限公司,臺中市西區臺灣大道二段186號21樓之1,6000000,1030312
2112,23903228,總格實業股份有限公司,臺中市西屯區工業區37路11號,220388000,1030317
2124,23933736,生產力建設股份有限公司,臺中市南屯區惠中里文心路1段306號地下一層之2,196800000,1030317
2126,23939507,新維彩色印刷有限公司,臺中市北屯區昌平路三段101巷189號1樓,7000000,1030318
2130,23960260,威沅企業有限公司,臺中市西屯區大鵬里長安二段71巷22號1樓,1000000,1030313
2131,23961079,本昌有限公司,臺中市霧峰區本鄉里振祥街81號,6000000,1030313
2133,23969038,凱廚企業有限公司,臺中市西區昇平里忠明南路339號1樓,5000000,1030328
2137,23975051,晟傑股份有限公司,臺中市南屯區豐富路299巷20號1樓,29000000,1030310
2138,23978629,芝山資訊有限公司,臺中市北區東成三街228號4樓之15,10000000,1030318
2141,23994521,恆固股份有限公司,臺中市西屯區何南里東興路3段381號4樓之1,48000000,1030311
2144,24200458,合揆工業有限公司,臺中市北屯區大連路1段56-10號5樓,5000000,1030317
2145,24200844,豪展興業有限公司,臺中市大里區塗城路852巷6弄23號1樓,500000,1030313
2149,24203461,順祐有限公司,臺中市太平區建興里正誠街28巷7號,1000000,1030304
2151,24207945,祐全生物科技有限公司,臺中市霧峰區五福里五福路842巷8號1樓,28000000,1030331
2154,24210907,大勝系統工程股份有限公司,臺中市北屯區仁和里四平路238巷308號2樓,5000000,1030318
2161,24215115,福鈴科技有限公司,臺中市豐原區西勢里西勢路157巷6號1樓,10000000,1030324
2165,24218513,葆力華國際貿易有限公司,臺中市西屯區逢甲里福上巷235弄5號1樓,15000000,1030326
2168,24219787,松泉國際有限公司,臺中市沙鹿區三鹿里向上路七段753號,10500000,1030305
2169,24220187,捷客立科技有限公司,臺中市北屯區東山路一段481號1樓,2000000,1030325
2173,24227479,鼎翰光電股份有限公司,臺中市大里區仁化里仁義路140號,20000000,1030321
2176,24231620,佳用有限公司,臺中市龍井區三港路水裡港巷21之67號,1500000,1030303
2184,24239257,桂林企業有限公司,臺中市烏日區溪南路三段503巷85弄82號,5250000,1030311
2190,24243652,科宇科技有限公司,臺中市龍井區龍津里中央路一段165巷79號,1000000,1030319
2194,24245856,台中檢測有限公司,臺中市大雅區四德里中清路三段696號1樓,5600000,1030319
2200,24247051,帝詠科技有限公司,臺中市北屯區松勇里松竹北路65號1樓,2000000,1030314
2201,24247313,杰采國際行銷有限公司,臺中市南區復興北路357號1樓,3250000,1030326
2202,24247926,歐豐小型賽車場有限公司,臺中市北屯區安順四街38號5樓之6,250000,1030320
2203,24248988,新幹線花園酒店股份有限公司,臺中市南屯區寶山里工業區十八路29號,42000000,1030304
2204,24249662,達亞科技有限公司,臺中市大里區立元路98號1樓,5200000,1030304
2206,24251300,英仕奇能源科技股份有限公司,臺中市南區平和里美村南路39巷10號1樓,12000000,1030304
2212,24255333,億盛開發股份有限公司,臺中市西屯區何南里臺灣大道二段689號5樓,10000000,1030313
2216,24256558,旭昶商貿有限公司,臺中市大里區瑞城里塗城路453號2樓,1000000,1030320
2217,24258633,康希生物科技股份有限公司,臺中市霧峰區振興街90號1樓,21000000,1030314
2218,24258681,盈舜興業有限公司,臺中市北屯區軍和街16之2號1樓,6500000,1030303
2222,24263777,忠誠公寓大廈管理維護有限公司,臺中市北屯區平順里昌平路一段388號7樓之1,10000000,1030310
2223,24264065,開特利實業有限公司,臺中市西屯區河南路二段40-12號3樓,1000000,1030318
2226,24264451,宥旺不動產經紀有限公司,臺中市南屯區文心路一段421號3樓,250000,1030327
2228,24268098,祥順百貨有限公司,臺中市北屯區平和里崇德路二段219號1樓,2000000,1030311
2240,24275387,詰弘有限公司,臺中市梧棲區頂寮里大仁路二段353巷1號8樓之2,5000000,1030311
2241,24276029,順伊有限公司,臺中市外埔區三崁里五穀路161號,1000000,1030319
2245,24280044,元焜有限公司,臺中市烏日區溪尾里溪岸路4-1號,12000000,1030319
2246,24280234,炫星賓士汽車股份有限公司,臺中市北區文心路四段196號,5000000,1030324
2249,24283422,茂鉅工程科技有限公司,臺中市南屯區文心路一段302號2樓,5000000,1030319
2251,24286119,鉅鎧科技有限公司,臺中市西屯區文心路3段236號8樓,500000,1030324
2253,24287145,豐利富股份有限公司,臺中市西區向上路一段343號4樓,56000000,1030324
2254,24290943,川飛工業有限公司,臺中市大雅區雅楓街3號,1750000,1030306
2255,24291598,博銳特股份有限公司,臺中市太平區永成路78號1樓,40000000,1030319
2256,24292153,暄瑩科技有限公司,臺中市南屯區大業里東興路三段161號6樓,1000000,1030331
2264,24296382,鴻誠物業股份有限公司,臺中市北屯區文心路四段698號14樓之2,1000000,1030325
2363,24354925,段落有限公司,臺中市西區民龍里臺灣大道二段186號14樓之2,500000,1030321
2371,24357280,金鏄地產有限公司,臺中市南屯區三義里河南路四段198號1樓,1000000,1030320
2374,24358062,海藻王生技有限公司,臺中市豐原區南村里南村路41號1樓,5000000,1030303
2382,24364944,飛愷股份有限公司,臺中市烏日區五光路805巷26弄13號1樓,2500000,1030313
2385,24369841,高暘工業有限公司,臺中市龍井區龍津里三港路500巷85號,2000000,1030328
2390,24371683,翕澤科技有限公司,臺中市西屯區何成里文心路二段598號9樓之3,3000000,1030320
2403,24381768,德城國際農業有限公司,臺中市北屯區北屯路390號10樓之3,8000000,1030324
2406,24384239,美加健康生技有限公司,臺中市西區忠明南路303號27樓,20000000,1030321
2408,24385357,阡悅企業有限公司,臺中市梧棲區仁美街135巷116號1樓,5000000,1030320
2419,24389678,瓏鎗有限公司,臺中市南屯區大墩十四街188號2樓,300000,1030321
2428,24395117,振豐空調工程有限公司,臺中市北區太原南二街6號1樓,2000000,1030306
2443,24401862,寶焌實業有限公司,臺中市西屯區何源里成都路173號1樓,5000000,1030314
2444,24402010,尼克國際餐飲有限公司,臺中市西區土庫里美村路一段564巷6號1樓,3000000,1030304
2446,24405115,律豐科技顧問股份有限公司,臺中市北區頂厝里崇德路一段629號15樓之4,5000000,1030319
2448,24405831,穩達開發有限公司,臺中市清水區田寮里中華路703號1樓,300000,1030305
2452,24408886,大禾生物科技有限公司,臺中市南屯區豐樂里文心南三路795號1樓,500000,1030306
2454,24410807,友達晶材股份有限公司,臺中市后里區后科路2段335號,11750000000,1030304
2455,24411138,富品土木包工業有限公司,臺中市沙鹿區公明里中清路六段261巷58號1樓,800000,1030326
2460,24414917,橙品國際企業有限公司,臺中市后里區公安路一段301號1樓,3000000,1030331
2463,24415556,嘉鎮有限公司,臺中市大里區光正路71號,2000000,1030312
2464,24415649,雋業建設開發有限公司,臺中市南屯區文心路一段378號7樓之4,25000000,1030324
2466,24416767,享雨有限公司,臺中市西屯區西屯路三段139-9號1樓,6000000,1030324
2476,24430120,千易科技工程有限公司,臺中市沙鹿區福興里東晉路143號1樓,3000000,1030327
2478,24431211,廣力美實業有限公司,臺中市大肚區太平路一巷59號,250000,1030320
2482,24432577,速可達車業有限公司,臺中市西屯區上石里西屯路二段269-46號1樓,14000000,1030324
2485,24433668,精實實業股份有限公司,臺中市烏日區三榮路1段483號1樓,3000000,1030326
2486,24434033,果果糖股份有限公司,臺中市西區公館里三民西路86號,2600000,1030319
2489,24434961,寶島國際木藝品有限公司,臺中市外埔區水美里二崁路566號,3000000,1030327
2491,24435390,金沛投資股份有限公司,臺中市北區進化北路231之8號,39560000,1030324
2496,24437019,銓家鋼構有限公司,臺中市太平區鵬儀路214巷1弄18號,3000000,1030327
2497,24437931,威富建設開發有限公司,臺中市南屯區南屯里三和街65號6樓之6,10000000,1030307
2498,24438517,普揚科技顧問股份有限公司,臺中市大里區中興路一段2巷205弄58號1樓,2500000,1030327
2499,24438615,網銀國際股份有限公司,臺中市西屯區臺灣大道三段660號6樓之2,315000000,1030305
2504,24440041,緯益資訊有限公司,臺中市大里區祥興里1鄰亞洲街167-3號,650000,1030311
2513,24444102,新世光綠能科技股份有限公司,臺中市南屯區公益路二段527號3樓,5000000,1030310
2540,24462071,火星國際娛樂事業有限公司,臺中市豐原區中正路526之9號10樓,1000000,1030326
2656,24521037,翔騰機械工程有限公司,臺中市沙鹿區福興里福至路180巷1號1樓,1000000,1030307
2657,24522726,立華豐興業有限公司,臺中市西屯區大河里河南路二段40-12號2樓,1000000,1030328
2678,25002461,創易豐國際股份有限公司,臺中市東區台中路151號,4000000,1030319
2692,25010309,亞士達鞋業有限公司,臺中市北屯區平德里北平路三段75-9號1樓,3000000,1030310
2696,25011270,沅祐企業有限公司,臺中市豐原區社皮里社皮路123巷11弄50號1樓,10000000,1030304
2698,25011721,遠崴保全股份有限公司,臺中市西區華美街190號1至4樓,40000000,1030312
2699,25012502,辰安精密工業有限公司,臺中市北屯區中清西二街16巷10號1樓,1000000,1030327
2710,25022683,双丞實業有限公司,臺中市北區賴明里大雅路460-10號1樓,100000,1030328
2713,25023682,桐友利實業有限公司,臺中市霧峰區五福里中投東路二段450號,52000000,1030306
2716,25027033,五九一八有限公司,臺中市北區中清路一段609號,250000,1030307
2717,25027603,九連顧問股份有限公司,臺中市西區双龍里向上路一段36號7樓之1,5000000,1030313
2725,25030282,榮翔科技有限公司,臺中市大甲區日南里東一街16號,12000000,1030306
2726,25030656,敬益建設股份有限公司,臺中市北區錦祥街27號1樓,11000000,1030305
2728,25032508,澍美學設計工程有限公司,臺中市北屯區松竹五路21號14樓之6,500000,1030324
2734,25035596,宏國生技有限公司,臺中市西屯區協和里工業區四十一路26號,10000000,1030312
2736,25037145,金霖文教事業有限公司,臺中市西區昇平里忠明南路303號2樓,1000000,1030307
2743,25040599,東勢肉品有限公司,臺中市豐原區南村里圓環東路741號1樓,588888,1030305
2745,25041909,統賀家股份有限公司,臺中市東區東門里東光園路86巷92號1樓,3000000,1030326
2748,25044722,昱登科技有限公司,臺中市后里區墩東里三豐路199巷1弄11號,750000,1030313
2750,25046313,淨觀國際事業有限公司,臺中市南屯區豐樂里永春東路800號,10000000,1030328
2751,25046741,森一電機有限公司,臺中市南屯區永定里文昌街227巷92號1樓,2000000,1030325
2752,25047354,祥旺科技照明有限公司,臺中市北屯區軍功里東山路一段218巷5弄8-4號1樓,2500000,1030313
2754,25049000,樂居工程有限公司,臺中市大雅區西寶里中正路186-25號1樓,380000,1030310
2760,25051645,祥瑞資安科技有限公司,臺中市南屯區大聖街199號1樓,1000000,1030318
2763,25055797,坤儀企業股份有限公司,臺中市烏日區中山路3段314號,13000000,1030310
2765,25056803,松葳貿易股份有限公司,臺中市中區公園里自由路二段9之4之1號,650000,1030310
2769,25059962,巨業房地開發有限公司,臺中市北區建興里崇德路1段163號,1000000,1030321
2770,25060320,玖嶧企業有限公司,臺中市大雅區上楓里5鄰民生路四段333巷105號1樓,3000000,1030320
2771,25060834,蔚仲工程企業有限公司,臺中市北屯區同榮里中清路二段1226巷30弄20號1樓,2000000,1030314
2772,25062220,溫克羅夫生物科技有限公司,臺中市烏日區中山路一段508號1樓,1000000,1030306
2773,25062538,源溢股份有限公司,臺中市南屯區文山里精科八路38號2樓,29000000,1030307
2786,25071190,品宥投資股份有限公司,臺中市南屯區文山里忠勇路91之1號,206000000,1030304
2788,25072037,大福神好運事業有限公司,臺中市南屯區大業里大聖街192號2樓,5500000,1030326
2789,25074197,寵愛美妍企業有限公司,臺中市西屯區何源里內江街106號3樓,1000000,1030304
2791,25074936,金自然有限公司,臺中市龍井區龍泉里龍社路43號1樓,500000,1030317
2808,25089993,老二茶舖有限公司,臺中市西區昇平里華美街103巷5號6樓之1,1000000,1030331
2811,25091512,新紀元精密科技有限公司,臺中市大里區西湖里景庄街202巷33-6號,2000000,1030317
2817,25095144,坤修有限公司,臺中市南屯區同心里大墩西二街24號1樓,1000000,1030304
2820,25098331,家有興工程有限公司,臺中市大里區仁化里工業路宏巨一巷6弄32號1樓,3000000,1030321
2918,25151314,迦碩事業有限公司,臺中市北區錦新街30號10樓,3000000,1030328
2922,25153045,弘森工程有限公司,臺中市大里區大明里大明路54號1樓,200000,1030306
2930,25158153,國桀科技有限公司,臺中市潭子區甘蔗里勝利十一街12號1樓,1000000,1030314
2932,25159287,雅帆達國際有限公司,臺中市南屯區永春東一路695號1樓,100000,1030311
2946,25165680,婕奕工程股份有限公司,臺中市南區長榮里國光路120號2樓,15000000,1030318
2947,25165794,惠文營造有限公司,臺中市西屯區何安里臺灣大道二段910號6樓之6,6000000,1030320
2952,25168899,洺緯企業有限公司,臺中市西區樂群街409號5樓之3,5000000,1030327
2957,25170311,元捷廣告股份有限公司,臺中市北區中清路一段79號8樓,2500000,1030320
2958,25171085,宇勝生物科技股份有限公司,臺中市北區淡溝里臺灣大道二段340號7樓之1,10000000,1030325
2961,25172232,福風股份有限公司,臺中市西屯區協和里工業區十六路7號1樓,6800000,1030320
2962,25172325,旭日不動產經紀有限公司,臺中市南屯區三義里惠來路一段1號,1000000,1030306
2968,25178600,新日綠建材股份有限公司,臺中市西屯區大墩二十街90號1樓,13300000,1030303
2975,25182392,郁銓國際醫學美容有限公司,臺中市北區永定一街30號4樓之1,1100000,1030313
2976,25183300,良欣氣體股份有限公司,臺中市外埔區水美里二崁路588巷22號,29700000,1030305
2977,25184096,瑞康整合顧問股份有限公司,臺中市北區淡溝里博館路88號6樓之1,3000000,1030328
2978,25184286,台灣矽研股份有限公司,臺中市北區梅川西路三段66號11樓之5,10000000,1030311
2980,25186539,峻鋐水泥壓送機械有限公司,臺中市烏日區仁德里文德街186號1樓,500000,1030312
2981,25187050,品順建設股份有限公司,臺中市西區大忠里五權西路一段257號9樓之1,25000000,1030310
2983,25187684,季康實業股份有限公司,臺中市烏日區中華路201號4樓,2000000,1030321
2985,25188516,彭哥不動產經紀有限公司,臺中市太平區中平里中平九街21號1樓,1000000,1030319
2988,25189769,興義百貨有限公司,臺中市豐原區富春里中正路271號1樓,270000,1030311
2990,25191771,安吉富有限公司,臺中市南屯區文心南五路312號6樓,3000000,1030318
3000,25198802,品法有限公司,臺中市神岡區社南里中山路667巷87號1樓,500000,1030331
3002,27058010,健康化學製藥股份有限公司,臺中市大甲區日南里幼四路12號,10000000,1030318
3009,27206440,威侖小客車租賃股份有限公司,臺中市太平區新光路57-17號1樓,25000000,1030312
3021,27217805,勝凱科技有限公司,臺中市西屯區大祥街10號2樓,20000000,1030320
3046,27272715,康富生技中心股份有限公司,臺中市北區學士路257號12樓,300000000,1030317
3047,27273926,名曜織品傢飾有限公司,臺中市大里區大智路609巷26弄8號1樓,500000,1030321
3048,27275163,利駿貿易有限公司,臺中市南屯區大業里公益路二段51號11樓,5000000,1030307
3049,27277269,全明開發股份有限公司,臺中市西屯區何源里16鄰成都路282號,156000000,1030327
3050,27277818,怡賀科技有限公司,臺中市北屯區東光路852巷18號1樓,5000000,1030328
3055,27280068,閎茂實業有限公司,臺中市外埔區三崁里二崁一路212號,1600000,1030324
3056,27282523,松原精密機械股份有限公司,臺中市大雅區西寶里昌平路四段478號1樓,5000000,1030324
3060,27285161,興源機械工業有限公司,臺中市清水區下湳里菁埔路198號,168000000,1030328
3071,27294725,廣霖金屬有限公司,臺中市豐原區南陽里安康路20巷39弄3號1樓,1000000,1030317
3080,27304499,康普森貿易有限公司,臺中市北區青島路三段138號1樓,10000000,1030331
3081,27304527,一磊有限公司,臺中市西區民龍里模範街31巷9-2號1樓,1000000,1030321
3090,27312126,永弘源精密機械股份有限公司,臺中市西屯區協和里工業區三十五路63號,60000000,1030307
3146,27370151,鋐基手工具股份有限公司,臺中市龍井區忠和里工業路216巷66弄1號,29000000,1030319
3151,27372714,集思得利電力能源股份有限公司,臺中市南屯區大同里東興路二段186號5樓之4,3000000,1030324
3158,27381050,德傑股份有限公司,臺中市南屯區工業區21路26號,5000000,1030306
3162,27388244,新中科事業股份有限公司,臺中市北屯區平福里旅順路2段1、5號地下一層,1200000,1030321
3163,27388820,鼎富力建設實業股份有限公司,臺中市南屯區文心路一段306號地下1層之3,25000000,1030317
3167,27395147,信長工業有限公司,臺中市太平區太平里永豐路１０８巷２３號,10000000,1030331
3170,27398502,湶洲有限公司,臺中市大里區國光里永興路78號1樓,1000000,1030331
3174,27405932,保安酒業股份有限公司,臺中市大肚區沙田路三段245巷70號1樓,6000000,1030313
3181,27413601,科創光電股份有限公司,臺中市潭子區福仁里新興路一段304巷19號,10000000,1030319
3187,27417000,鼎威開發股份有限公司,臺中市大雅區四德里神林南路641巷1號8樓之7,80000000,1030331
3191,27422123,飛祥實業有限公司,臺中市南屯區豐樂里文心南二路449號2樓,10000000,1030327
3193,27427197,宜展五金有限公司,臺中市太平區光興路1568巷32號,2500000,1030304
3200,27432451,君偉建設股份有限公司,臺中市大里區甲園街149巷6號1樓,10000000,1030303
3208,27443886,祐興工業股份有限公司,臺中市大安區中庄里埔頭路22巷5號,1000000,1030324
3212,27450210,圓竣工業股份有限公司,臺中市烏日區螺潭里慶光路98之20號,5000000,1030303
3222,27462594,千美建設有限公司,臺中市西屯區何安里何厝街67巷9號1樓,3000000,1030320
3226,27465380,英僑製帽有限公司,臺中市西屯區西林巷9-5號1樓,500000,1030313
3227,27466487,亞洲萬昌有限公司,臺中市南區樹德里文心南路623巷16號,5000000,1030311
3229,27469082,中國泛亞股份有限公司,臺中市北區太原路1段476號6樓之2,5000000,1030327
3235,27481348,承逸機電工程有限公司,臺中市北屯區平德里天津路三段67號2樓,10000000,1030307
3237,27485695,欣諾德股份有限公司,臺中市神岡區庄後里10鄰厚生路78-2號,12000000,1030311
3238,27486435,境外有限公司,臺中市豐原區西安里瑞安街102號,500000,1030318
3249,27495125,超音音響有限公司,臺中市南區崇倫里忠明南路731號1樓,500000,1030331
3258,27509768,得麗精業有限公司,臺中市大里區大元里國中一路46巷56號,10500000,1030327
3266,27514988,喬聖地板有限公司,臺中市北屯區水湳里中清東一街4號1樓,4500000,1030327
3267,27516352,駿湧廣告有限公司,臺中市南屯區永春東二路246號,28000000,1030312
3325,27582606,烽鈿企業有限公司,臺中市外埔區水美里二崁路588巷16號,3000000,1030304
3326,27584040,敏政工業有限公司,臺中市大肚區沙田路２段１３２巷８０弄２４０號,15000000,1030325
3328,27588405,晏城股份有限公司,臺中市西屯區廣福里中清路三段399號,1000000,1030311
3330,27590660,尚億不動產經紀業有限公司,臺中市西屯區何厝里漢口路二段43號1樓,500000,1030305
3333,27598467,台灣費斯科技股份有限公司,臺中市南屯區大業里公益路2段51號10樓,33000000,1030321
3339,27607557,顧達有限公司,臺中市大肚區大東里育英路127號,6800000,1030319
3348,27620658,歐閣系統櫥櫃有限公司,臺中市大雅區中山路一號,1000000,1030328
3361,27636906,光雄精密股份有限公司,臺中市烏日區中山路三段677號4樓,1380000,1030324
3364,27638144,三惠製材所有限公司,臺中市沙鹿區頂街里沙田路三段245巷81之20號,12000000,1030321
3366,27640367,汽巴嘉基國際有限公司,臺中市西區存中街60號1樓,1050000,1030311
3372,27643738,源鍀五金企業有限公司,臺中市霧峰區北柳里四德路386之2號1樓,500000,1030310
3374,27644259,登威音響股份有限公司,臺中市霧峰區五福路388號,43000000,1030327
3377,27647734,康鼎旅行社股份有限公司,臺中市北屯區文心路4段936號8樓之2,8000000,1030305
3380,27652124,萬邦外貿有限公司,臺中市西屯區福和里臺灣大道四段925號15樓之2,11000000,1030324
3382,27652911,谷德赫斯有限公司,臺中市神岡區溪洲里豐洲路1701號1樓,5000000,1030326
3385,27655430,普世達股份有限公司,臺中市西區忠仁街８８號１樓,10000000,1030321
3398,27669764,豪慶投資有限公司,臺中市大里區環中東路六段572號1樓,12500000,1030306
3400,27671924,荃翊科技有限公司,臺中市豐原區三村里同心街59號1樓,500000,1030311
3401,27673205,弘芯股份有限公司,臺中市南區樹德里復興路一段207巷52號1樓,10010000,1030325
3402,27674823,永勝開發工程有限公司,臺中市北屯區水湳里大連路一段83巷24號1樓,500000,1030321
3407,27678659,弘斌消防企業有限公司,臺中市烏日區仁德里信義街105巷36號1樓,10000000,1030320
3408,27679778,久德塑膠企業有限公司,臺中市東區建智街27號1樓,1500000,1030326
3452,27730542,五福保險代理人有限公司,臺中市中區光復里民族路92號6樓之2,3000000,1030328
3490,27778947,新篙企業有限公司,臺中市西屯區何仁里天水東街３３號１樓,500000,1030307
3499,27786637,大中裝璜工程有限公司,臺中市北區育德里育德路１０１號１樓,1000000,1030307
3500,27786854,台灣數位頻道股份有限公司,臺中市西屯區重慶路289之4號1樓,10000000,1030328
3505,27795571,唯光科技有限公司,臺中市北屯區水湳里文心路3段447號21樓,12000000,1030326
3508,27799719,芫儂食品股份有限公司,臺中市西屯區大洲街102號1樓,3000000,1030317
3511,27801481,港口宮有限公司,臺中市梧棲區四維中路337號10樓之1,20000000,1030331
3512,27804348,捷訊通訊科技有限公司,臺中市北屯區后庄里后庄七街282巷66號1樓,2600000,1030314
3514,27804683,豐國強開發股份有限公司,臺中市梧棲區頂寮里臨港路四段796號9樓,20100000,1030317
3524,27819193,阡揚科技股份有限公司,臺中市太平區建國里鵬儀路445號1樓,4000000,1030312
3533,27828952,勝睿企業有限公司,臺中市北屯區平田里瀋陽路三段247號1樓,15000000,1030305
3535,27829951,台灣歐測驗證科技股份有限公司,臺中市沙鹿區犁分里中山路19巷13號1樓,1000000,1030317
3538,27838473,安富國際建設股份有限公司,臺中市南屯區惠文路363號19樓之1,25000000,1030326
3539,27838500,安富聯合投資有限公司,臺中市南屯區惠文路363號19樓之1,5000000,1030326
3540,27838608,光碩系統有限公司,臺中市北區忠明路200號4樓之3,1200000,1030321
3551,27849289,名儀精密科技有限公司,臺中市南屯區惠中里文心路一段378號22樓之2,1000000,1030306
3558,27857787,熱鍵電腦有限公司,臺中市豐原區豐榮里三民路162號1樓,1000000,1030320
3563,27864464,奧林匹亞事業有限公司,臺中市烏日區榮泉里健行路154號1樓,500000,1030313
3570,27876139,麗鯨工業有限公司,臺中市神岡區庄後里大圳路29之12號一樓,500000,1030317
3575,27877691,好士連資產管理有限公司,臺中市西區吉龍里五權七街60號2樓,2000000,1030324
3576,27880485,浥匠國際有限公司,臺中市太平區長安路295巷36號3樓,1000000,1030312
3587,27896000,豪山全球投資股份有限公司,臺中市潭子區復興路一段35號10樓,105300000,1030306
3591,27897330,祐鈞有限公司,臺中市潭子區甘蔗里勝利五街10號,1000000,1030305
3598,27906295,方吉有限公司,臺中市大里區國光里德芳路一段278號1樓,3000000,1030325
3606,27915365,在陞工業有限公司,臺中市南屯區大墩六街319巷46號1樓,5000000,1030325
3608,27920424,豐裕園藝工具有限公司,臺中市龍井區田中里龍北路350巷19號1樓,500000,1030306
3620,27938466,英屬維京群島商悠立科技股份有限公司,臺中市西區英才路510號3樓之1,5000000,1030313
3690,28012105,豐田塑膠工業有限公司,臺中市龍井區忠和里工業路177巷6號,10000000,1030314
3696,28021435,金達奕建設股份有限公司,臺中市梧棲區草湳里文昌路773巷9號,11600000,1030306
3709,28042086,水相餐飲有限公司,臺中市西屯區惠中路一段117號1、2、3樓,5800000,1030313
3720,28061484,世震實業有限公司,臺中市太平區振福路97號9樓之11,1000000,1030306
3724,28064665,羅氏藝文設計有限公司,臺中市西屯區何源里華美西街二段205號1樓,500000,1030320
3726,28067939,嘉誠空油壓有限公司,臺中市豐原區田心里育英路134巷16弄13之3號1樓,500000,1030324
3735,28073067,常華生命科研有限公司,臺中市南屯區豐樂里文心南二路469號1樓,3000000,1030317
3736,28076851,三富生技有限公司,臺中市西區公德里精誠25街2號底層,500000,1030312
3757,28101084,斯坦德企業有限公司,臺中市大雅區四德里中清路三段708號,6000000,1030326
3760,28102669,里得國際有限公司,臺中市潭子區家興里大通街93巷75弄2號,2000000,1030320
3765,28104792,和軒園股份有限公司,臺中市太平區新光里樹德路101之5號,4000000,1030303
3779,28121357,展全塑膠股份有限公司,臺中市大里區樹王里萬安路92號,11000000,1030312
3781,28122709,精奈股份有限公司,臺中市西屯區協和里工業區32路55號1、2樓,40000000,1030324
3782,28122861,起陞興業有限公司,臺中市外埔區水美里山美路451巷51號,3000000,1030320
3784,28131600,天璽工業有限公司,臺中市大甲區義和里中山路一段635號,500000,1030325
3788,28135818,富詠科技有限公司,臺中市太平區宜昌里宜昌路535巷10弄2號1樓,2000000,1030324
3789,28135943,衣皓實業有限公司,臺中市北區新興里太平路21號2樓,5000000,1030326
3794,28141810,坤陽溫度控制有限公司,臺中市太平區成功里成功東路４１２巷９弄９號２樓,500000,1030310
3796,28145175,東暉資產開發有限公司,臺中市北屯區北平路四段97號1樓,500000,1030313
3797,28145745,自強冷氣有限公司,臺中市北屯區后庄路485號1樓,500000,1030331
3805,28151751,永翰林業股份有限公司,臺中市西區公民里林森路150號1樓,1000000,1030328
3808,28155551,景鼎石材有限公司,臺中市梧棲區臨港路三段842巷11號,1000000,1030311
3811,28159120,鈺鑫事業有限公司,臺中市北區東成三街146號,1000000,1030318
3818,28166229,波力直流燈企業有限公司,臺中市大里區中興路一段26巷11-7號,2000000,1030321
3922,28310842,衣柔時裝有限公司,臺中市潭子區頭家東里中山路一段298-1號2樓,1000000,1030303
3923,28313881,台聯文教事業有限公司,臺中市西屯區何成里大容東街68號,1000000,1030306
3924,28314501,百鹿興建設股份有限公司,臺中市西區忠誠里明禮街4-3號1樓,15000000,1030327
3927,28316445,德碩公寓大廈管理維護股份有限公司,臺中市南屯區三厝里大富街98號4樓,10000000,1030325
3933,28320530,寶順興建設股份有限公司,臺中市南屯區大聖街338號,80000000,1030305
3935,28321600,大田機械工業股份有限公司,臺中市大雅區二和里雅環路1段289巷12號1樓,5000000,1030319
3937,28323121,旺金有限公司,臺中市沙鹿區鹿寮里光華路432號1樓,5000000,1030306
3941,28328667,芊逸旅行社有限公司,臺中市大里區仁化路780號1樓,6200000,1030314
3942,28329877,樹懋股份有限公司,臺中市北屯區仁美里昌平東五路140號1樓,15000000,1030320
3949,28333824,明驛實業有限公司,臺中市西屯區河南路二段476之1號,5000000,1030331
3955,28337933,安敦能源技術有限公司,臺中市神岡區中山路614巷142號1樓,1000000,1030304
3961,28346279,冠妍企業有限公司,臺中市西區華美街135號7樓之2,1000000,1030326
3974,28356059,鑫贊企業有限公司,臺中市南區樹義里福田路77巷26號1樓,5000000,1030324
3977,28359464,坤廣國際貿易有限公司,臺中市北屯區文心路三段447號19樓之2,43000000,1030313
3982,28365471,亦郁嘉企業有限公司,臺中市太平區新光路60號1樓,2000000,1030310
3983,28368581,奔馳資產管理有限公司,臺中市中區大誠里仁愛街33號1樓,5000000,1030319
3984,28369110,至順工程有限公司,臺中市北區長青里大雅路473-2號2樓,2000000,1030310
3986,28373177,全腦小哈佛文教有限公司,臺中市北區崇德路一段579號7樓之2,5000000,1030319
3993,28385625,新大華機械股份有限公司,臺中市北區文心路四段182號地下1層之1,5000000,1030306
3997,28388046,秋山堂企業有限公司,臺中市西屯區朝富一街1號4樓,500000,1030314
4006,28398754,艾立顧問有限公司,臺中市北屯區松竹路三段67號3樓之2,500000,1030311
4007,28399557,禾富開發事業有限公司,臺中市西區貴和街19號1樓,2000000,1030327
4009,28400175,硬派國際有限公司,臺中市北區太原路二段66號4樓,500000,1030304
4014,28404593,沅田國際有限公司,臺中市大里區光正路17巷18-2號1樓,500000,1030328
4018,28409892,羅頓貿易有限公司,臺中市北區青島路3段136號1樓,10000000,1030331
4029,28434148,馬紹爾群島商國鈞有限公司,臺中市西屯區市政北一路77號7樓之12,0,1030324
4101,28490788,西河節能工程企業有限公司,臺中市北屯區大連路３段１６號１０樓之２,1000000,1030312
4104,28493336,可富投資股份有限公司,臺中市大里區仁德里仁愛路27號,10000000,1030318
4111,28496729,筠蕊霆食品有限公司,臺中市豐原區圓環東路122號,10000000,1030317
4130,28506655,銓鎰精密科技有限公司,臺中市潭子區甘蔗里甘水路二段306之1號,18000000,1030314
4131,28506830,呈悅工業有限公司,臺中市豐原區東洲路186巷30號,2600000,1030312
4132,28508149,元帥旅行社股份有限公司,臺中市西區中興里公益路161號11樓之3,8000000,1030318
4140,28512501,天醫生醫股份有限公司,臺中市北區賴村里學士路257號3樓,51090000,1030317
4141,28513311,榮美園事業有限公司,臺中市東區十甲里6鄰振福路38號1樓,3000000,1030328
4144,28514206,創睿汽車有限公司,臺中市沙鹿區竹林里台灣大道七段766號,5000000,1030317
4147,28516437,鴻奕投資有限公司,臺中市大雅區中清路三段758巷7號3樓,16000000,1030312
4149,28517203,佑偉投資股份有限公司,臺中市大肚區頂街里大德二街39號1樓,18500000,1030314
4151,28518076,台灣美光記憶體股份有限公司,臺中市后里區三豐路429-1號,29451000000,1030326
4158,28524181,長金貿易有限公司,臺中市太平區東方一街1巷40號1樓,68980000,1030307
4160,28526884,帛昇建設有限公司,臺中市太平區中山路四段108號1樓,8000000,1030326
4169,28532106,品源國際股份有限公司,臺中市大雅區中和路56-1號,5000000,1030328
4178,28539446,蒲菲科技有限公司,臺中市大甲區頂店里大智街169號1樓,1000000,1030319
4181,28542174,宏芮企業股份有限公司,臺中市北屯區松竹北二街１５３號２樓,1000000,1030307
4182,28542694,佺益工業股份有限公司,臺中市太平區太平里永成路99巷4號1樓,3000000,1030306
4188,28549612,禾承公寓大廈管理維護有限公司,臺中市南屯區大同里大墩五街160號1樓,10000000,1030326
4190,28550271,冠鈞工業有限公司,臺中市烏日區前竹里中山路一段和平巷116號1樓,5000000,1030311
4193,28556514,惠普禮品有限公司,臺中市北屯區松竹里崇德六路20號8樓之1,5000000,1030326
4203,28565274,名孚水上運動用品有限公司,臺中市大里區立仁里新仁路一段217巷18號,3000000,1030328
4204,28566999,展興電業有限公司,臺中市大雅區上楓里民族街210號,1000000,1030313
4206,28568407,萬豐生物科技股份有限公司,臺中市西屯區西屯路三段宏福1巷32號1樓,2000000,1030321
4212,28573696,信竑投資股份有限公司,臺中市西區公益路333號10樓之2,7500000,1030325
4214,28576737,三好事業有限公司,臺中市西屯區長安路一段83號3樓,4500000,1030320
4223,28584309,金仕發拍賣有限公司,臺中市西區民生里綠川西街4號1樓,5000000,1030313
4230,28588728,富承開發工程有限公司,臺中市霧峰區南柳里新厝路161號,5000000,1030317
4235,28590061,我形我色有限公司,臺中市南屯區向心里永春東路365號1樓,4000000,1030324
4272,28627187,穎宏興業股份有限公司,臺中市清水區南社里南社路137之1號,20000000,1030325
4282,28636720,全嘉汽車有限公司,臺中市霧峰區吉峰里吉峰路58號,1000000,1030306
4287,28647178,東燊事業有限公司,臺中市東勢區延平里豐勢路256號1樓,50000000,1030312
4293,28651806,耀電企業股份有限公司,臺中市西屯區重慶路111巷4號1樓,1000000,1030326
4299,28654389,金恩生物科技有限公司,臺中市北屯區水景里東山路一段156之11巷10號1樓,5000000,1030331
4301,28656083,芳鄰國際搬家有限公司,臺中市南區永興里工學一街179巷12號1樓,10000000,1030313
4303,28659841,胤福股份有限公司,臺中市大雅區大楓里前村路162號,110000000,1030327
4305,28661868,碧勝有限公司,臺中市神岡區新庄里中平路222巷5號,17000000,1030324
4311,28664443,豐茂食品有限公司,臺中市西屯區大河里長安路一段152號,10000000,1030326
4317,28670304,富維技術股份有限公司,臺中市北區金華里雙十路二段101號4樓之5,30000000,1030311
4359,28705388,紘典有限公司,臺中市太平區宜欣十街12巷33號1樓,8500000,1030307
4377,28717271,數位思維股份有限公司,臺中市西屯區台灣大道四段925號14樓之2,5000000,1030311
4384,28725048,國聯全日物業管理顧問股份有限公司,臺中市西屯區何南里東興路3段381號4樓之1,2000000,1030312
4386,28725413,亞園食品有限公司,臺中市太平區中興路43號,4000000,1030306
4388,28728523,興豐工業有限公司,臺中市外埔區水美里二崁路670巷75號,6000000,1030306
4390,28732913,豐華欣業股份有限公司,臺中市北屯區旱溪東路3段82號,25000000,1030303
4395,28735545,鉅銘科技有限公司,臺中市豐原區翁子里豐勢路2段290巷50弄2號1樓,5000000,1030321
4396,28735600,伊蕾服飾股份有限公司,臺中市南屯區南屯路二段290號5樓之1,30000000,1030326
4397,28735637,巨誠建設股份有限公司,臺中市西區大忠里五權西路一段257號8樓之3,29900000,1030318
4401,28739015,如鈺企業有限公司,臺中市南區南和里忠明南路918號20樓之1,500000,1030303
4408,28746661,鴻濟投資有限公司,臺中市大雅區中清路三段758巷7號3樓,8000000,1030311
4414,28750171,寶興盛建設有限公司,臺中市大里區向善街119號1樓,29000000,1030319
4416,28750670,承運資源回收有限公司,臺中市豐原區市政路38巷55號,1000000,1030324
4422,28755886,好士特家具有限公司,臺中市北屯區環中路1段1060號,10000000,1030327
4424,28757553,仕肯科技有限公司,臺中市太平區宜昌里宜昌路535巷10弄2號2樓,1000000,1030325
4425,28758477,永宏家具股份有限公司,臺中市大肚區遊園路二段203巷3弄42號1樓,10000000,1030320
4441,28770198,博淂聚實業有限公司,臺中市霧峰區錦榮里樟公北巷56弄11號1樓,10000000,1030320
4451,28779058,弘晹工程實業有限公司,臺中市西屯區港尾里同志巷71之3弄10號1樓,1000000,1030320
4453,28780920,成航科技有限公司,臺中市大安區中庄里中松路64號,600000,1030327
4454,28781033,禾豚實業有限公司,臺中市西區公益路188之2號,9000000,1030325
4457,28782835,紀泰有限公司,臺中市西區中興里公益路161號9樓之3,25000000,1030321
4459,28783638,浩欣科技有限公司,臺中市沙鹿區犁分里中山路19巷13號,1000000,1030311
4461,28785185,全家汽車有限公司,臺中市南屯區南屯里永春東路１０９２號１樓,1000000,1030306
4464,28788768,王子設計有限公司,臺中市南屯區向上路三段61之5號,1000000,1030304
4475,28797133,廣晉貿易有限公司,臺中市北屯區忠平里陳平路９９號１樓,3000000,1030320
4476,28797295,映昇消防安全設備有限公司,臺中市烏日區仁德里信義街105巷36號2樓,1000000,1030321
4488,28805555,中南餐廳有限公司,臺中市東區干城里南京路127號1-2樓,500000,1030303
4489,28805675,品業食品企業有限公司,臺中市大里區仁德里仁禮街36號,7000000,1030307
4492,28807195,寶佳美國際股份有限公司,臺中市西區忠誠里華美西街一段137號10樓之2,5000000,1030327
4493,28808666,后豐商務會館股份有限公司,臺中市神岡區豐洲里五權路128號2至7樓,15950000,1030326
4494,28809567,太睿建設股份有限公司,臺中市西區民權路239號11樓,50000000,1030303
4505,28816244,新銘泰藥品有限公司,臺中市太平區永豐路327-3號1樓,1000000,1030303
4506,28816265,彩奕科技有限公司,臺中市南屯區文心路一段378號14樓之1,5000000,1030311
4600,28872054,龍寶生命禮儀股份有限公司,臺中市北區光大里大雅路58號11樓之3,30000000,1030303
4602,28873482,桀豪機械工業有限公司,臺中市潭子區大豐里潭富路二段86巷2號,1000000,1030306
4607,28877240,頂程國際股份有限公司,臺中市南區文心南路546之3號,13000000,1030310
4613,28881624,育才文化國際股份有限公司,臺中市北區錦洲里富強街113號1樓,6000000,1030313
4620,28883854,利家樂國際貿易有限公司,臺中市西區藍興里大全街118號,1000000,1030320
4626,28889055,鴻泰生技有限公司,臺中市北屯區文心路4段127號1至2樓,8500000,1030317
4633,28895009,台中空廚股份有限公司,臺中市西屯區協和里工業區十三路2號,40000000,1030305
4639,28896823,達崴投資有限公司,臺中市南屯區文山里精科五路38號3樓,12000000,1030305
4657,28918381,寶鏵玻璃有限公司,臺中市北區長青里武昌路116號1樓,1000000,1030324
4665,28924335,鈺瓏有限公司,臺中市太平區中山路三段67巷62弄1號1樓,2000000,1030310
4666,28924481,達利鴻精機股份有限公司,臺中市沙鹿區南勢里鎮南路2段55巷130號1樓,29000000,1030312
4669,28926354,婕湄貿易有限公司,臺中市大雅區二和里神林南路313巷15弄1號1樓,5000000,1030324
4679,28932601,南冠貿易有限公司,臺中市太平區長億里永和街38號1樓,500000,1030326
4682,28936732,國鈞砂石企業股份有限公司,臺中市神岡區新庄里4鄰溪頭路522號,20500000,1030303
4688,28944070,征翰機械工程有限公司,臺中市沙鹿區鹿峰里星河路304-10號,29000000,1030318
4691,28945227,鑫發不動產經紀有限公司,臺中市西屯區上石里青海路2段246-18號1樓,2000000,1030310
4693,28945845,金允成企業有限公司,臺中市大甲區西岐里順帆路51巷3號,1000000,1030327
4696,28949309,馨美傢國際股份有限公司,臺中市西區吉龍里五權二街35號,25000000,1030326
4697,28950327,鎔新實業有限公司,臺中市霧峰區霧工三路16號,1000000,1030314
4698,28950678,厚田科技有限公司,臺中市北屯區熱河路三段124號1樓,9000000,1030319
4701,28951402,富居國際貿易有限公司,臺中市西屯區何明里大有二街４號,5000000,1030319
4707,28954978,立寶衛浴有限公司,臺中市豐原區南陽里豐原大道三段495號1、2、3樓,10000000,1030313
4715,28962935,福爾摩沙港灣工程有限公司,臺中市大甲區武曲里大安港路152號,10000000,1030310
4716,28963499,笠茗茶業有限公司,臺中市北區賴興里文昌東二街10號,2500000,1030317
4717,28964407,三信銀保險經紀人股份有限公司,臺中市北區進化路580號6樓,5000000,1030304
4718,28969819,金饌人力仲介有限公司,臺中市西屯區何源里華美西街二段311號9樓之3,7000000,1030312
4743,28999412,英屬維京群島商亞貝科技有限公司,臺中市北區中清路一段686號1樓,500000,1030314
4752,29006221,統承工程有限公司,臺中市沙鹿區福興里福至路180巷1號1樓,5000000,1030307
4827,29049973,林可威爾國際股份有限公司,臺中市北區淡溝里博館東街38號,1000000,1030331
4881,29080571,台山采有限公司,臺中市北屯區平安里北平路四段57號1樓,1000000,1030312
4882,29080946,怡得國際有限公司,臺中市北區健行里忠明路432號7樓之1,3000000,1030303
4887,29082830,東永霖工程有限公司,臺中市北區賴興里文昌東二街10號1樓,6000000,1030318
4893,29086955,安泰洋酒有限公司,臺中市南屯區溝墘里大業路279號1樓,500000,1030328
4901,29093604,宇宏育樂開發有限公司,臺中市大里區中興路2段153巷17號5樓,10000000,1030318
4904,29095130,寬德信置業股份有限公司,臺中市北區崇德路一段579號10樓之3,10000000,1030317
4905,29095455,東晙有限公司,臺中市南屯區向心里文心南二路200號4樓,5000000,1030331
4906,29095618,心約定婚禮顧問有限公司,臺中市北區漢口路三段62號,1000000,1030320
4910,29102511,尚虹不動產有限公司,臺中市潭子區潭北里人和路42號1樓,500000,1030324
4916,29110961,永烜機械科技有限公司,臺中市潭子區甘蔗里勝利十三街76號,25000000,1030303
4921,29112573,五銓工程有限公司,臺中市西屯區文心路二段562-1號7樓之1,500000,1030328
4931,29126197,新視野多媒體行銷設計有限公司,臺中市西區吉龍里五權五街151號5樓之6,300000,1030313
4953,29139947,榮華國際門鎖有限公司,臺中市北屯區水湳里大連北街2巷47號1樓,1000000,1030314
4998,29163538,士承企業有限公司,臺中市霧峰區吉峰西路74巷75號1樓,4000000,1030324
5037,29182373,台灣樫山股份有限公司,臺中市西屯區科園一路1- 2號,250000000,1030312
5039,29185483,台灣奧瑟亞新材料科技股份有限公司,臺中市梧棲區草湳里南環路12號,20000000,1030306
5042,29186096,大裕生技製藥股份有限公司,臺中市梧棲區草湳里大觀路6號4樓402室,300000000,1030310
5043,29186336,台灣普拉材料股份有限公司,臺中市南區忠明南路758號28樓,75000000,1030310
5047,29725616,華崇實業股份有限公司,臺中市沙鹿區清泉里忠貞路324號,15000000,1030307
5129,33820795,亞都營造股份有限公司,臺中市北屯區平心里安順四街21號1樓,22500000,1030318
5192,35883598,鞋美工業股份有限公司,臺中市大肚區頂街里華山路380號,50000000,1030325
5272,45086740,協勵營造股份有限公司,臺中市北區太原北路130號4樓之3,51500000,1030314
5299,51010620,大里煤氣供應中心有限公司,臺中市西屯區中清路二段1246號1樓,1200000,1030310
5300,51197006,永祥汽車貨運股份有限公司,臺中市東區精武路177號3樓之1,6000000,1030318
5301,51317213,幸利行有限公司,臺中市西區美村路一段438號2樓,3000000,1030317
5302,51471405,哈林精機廠股份有限公司,臺中市龍井區忠和里西濱路三段213號,24000000,1030328
5303,51816908,台中商業銀行股份有限公司,臺中市西區民權路87號,25677845550,1030331
5304,51968518,寶島大飯店股份有限公司,臺中市中區中山路27號,18000000,1030319
5305,52204151,同德金屬工業有限公司,臺中市南區仁和路204號,5000000,1030314
5306,52240993,伯舟工程有限公司,臺中市西區雲龍里模範街二四巷二號一樓,5200000,1030319
5307,52260152,培力藥品工業股份有限公司,臺中市西屯區工業區六路11號,125000000,1030327
5308,52307121,科成企業股份有限公司,臺中市北屯區水景里東山路1段210巷12弄27之1號,5000000,1030326
5309,52309296,連昌食品有限公司,臺中市西區美村路一段438號2樓,3200000,1030317
5310,52322164,榮坤工業有限公司,臺中市太平區太平里永豐路329號,5000000,1030304
5311,52330782,安固實業股份有限公司,臺中市東區互助街7號1樓,26000000,1030310
5312,52336224,三源興業股份有限公司,臺中市龍井區新東里新興路25巷2弄22號1樓,5000000,1030327
5313,52352758,啟貿企業有限公司,臺中市大雅區三和里仁和北路62號1樓,10000000,1030313
5315,52439713,冠球彩色印刷股份有限公司,臺中市西屯區協和里工業區36路46號,150000000,1030303
5317,52475506,人和汽車股份有限公司,臺中市北屯區三九七號,1000000,1030318
5318,52502779,岳鉅實業股份有限公司,臺中市西屯區中清路三段460號,21000000,1030326
5319,52512642,金菱裝潢企業有限公司,臺中市西屯區何安里四川一街48號2樓,10500000,1030311
5320,52519976,水王有限公司,臺中市南屯區南屯路二段128號,600000,1030319
5321,52547494,豊鏹企業股份有限公司,臺中市南區美村南路108巷17號,20000000,1030318
5322,52564612,阡威國際股份有限公司,臺中市西屯區福上巷183號,5600000,1030326
5324,52623197,國照理化實業股份有限公司,臺中市烏日區五光里五光路189巷112號,14000000,1030328
5326,52690168,詮興電機有限公司,臺中市南區仁和1街96號,9000000,1030317
5327,52704640,天梯防水防熱企業有限公司,臺中市西屯區西墩里西林巷5之48號1樓,7200000,1030311
5328,52708688,豐瀛貿易有限公司,臺中市北屯區中清路二段966號,5000000,1030321
5330,52755627,福祿壽三仙製藥廠有限公司,臺中市南屯區新生里南屯路三段新生東巷4號1樓,50000000,1030319
5331,52759145,宇浤企業股份有限公司,臺中市南屯區溝墘里大容東街12號7樓2室,12000000,1030326
5332,52784051,春宇鋼鐵股份有限公司,臺中市東區忠孝路205號,8900000,1030328
5333,52784171,邦泰複合材料股份有限公司,臺中市潭子區豐興路2段龍興巷23號之6,1203063910,1030304
5334,52788824,貿傑實業股份有限公司,臺中市大里區仁化里成功二路250號,15000000,1030328
5335,52822175,鋭精工業有限公司,臺中市西屯區廣福里西林巷30之51號,3000000,1030312
5336,52870350,建翊被服股份有限公司,臺中市東區東南里進化路一四六號一樓,5000000,1030327
5337,52886780,寧茂企業股份有限公司,臺中市西屯區工業區33路17號1樓,180000000,1030303
5338,52917545,普勵企業股份有限公司,臺中市西區精誠九街14巷14號1樓,12600000,1030314
5339,52926586,天營有限公司,臺中市西區柳川東路二段63巷27號1樓,10000000,1030320
5345,53003110,澳大利亞商普思迅科技股份有限公司,臺中市南屯區大墩十二街292-1號,5000000,1030317
5361,53019437,汶萊商優洛普特克亞洲股份有限公司,臺中市潭子區大豐路3段72號,1000000,1030307
5372,53030670,溢竑有限公司,臺中市大安區南埔里南埔路229-1號,2000000,1030320
5381,53035324,宇鴻投資有限公司,臺中市太平區新坪里樹孝路528號,200000,1030305
5383,53036631,表帥科技有限公司,臺中市豐原區西湳里豐原大道七段169號1樓,500000,1030325
5384,53036695,新峰生物科技股份有限公司,臺中市豐原區朴子里朴子街364巷23號,5000000,1030317
5385,53037385,台灣普萊姆有限公司,臺中市沙鹿區竹林里臺灣大道七段662號1樓,1000000,1030317
5388,53038413,順路股份有限公司,臺中市龍井區龍泉里龍社路51巷8號1樓,4000000,1030318
5390,53039399,恩霖實業有限公司,臺中市潭子區潭富路二段81巷15號4樓,5000000,1030307
5395,53041796,一木一屋國際貿易有限公司,臺中市北屯區環中路一段200之1號,2000000,1030320
5397,53043160,政翔機械股份有限公司,臺中市大甲區薰風里順天路66號1樓,1000000,1030328
5401,53045646,美樂高股份有限公司,臺中市潭子區崇德路4段170巷1弄26號,288000000,1030313
5403,53048094,台灣迪卡儂有限公司,臺中市南屯區大墩南路379號,186000000,1030305
5405,53048215,美麗屋建材股份有限公司,臺中市北區文莊里英士路106巷15號1樓,4000000,1030305
5413,53052532,大方廣興業有限公司,臺中市大里區西湖里1鄰大峯路130巷15號1樓,1000000,1030319
5415,53054736,台灣日世有限公司,臺中市西區昇平里向上南路一段99號1樓,2000000,1030318
5419,53058058,永尉保全股份有限公司,臺中市北屯區北屯路455-6號,40000000,1030325
5420,53059710,昇維有限公司,臺中市太平區永平路三段9巷36號,1000000,1030314
5421,53059866,阡群開發股份有限公司,臺中市南屯區文山里文山五街150號,5000000,1030317
5423,53060771,澤煌行銷有限公司,臺中市南區福平里美村路二段186號5樓之4,1000000,1030304
5424,53062807,澋藤實業有限公司,臺中市西屯區大河里美滿街51號1樓,2000000,1030304
5426,53063088,三多仕開發股份有限公司,臺中市西屯區臺灣大道三段540號12樓之2,10000000,1030311
5427,53063242,合豐實業有限公司,臺中市北區文昌東二街15號2樓,10000000,1030312
5431,53064811,成安國際事業有限公司,臺中市龍井區國際街216號1樓,500000,1030312
5435,53066402,巨光機械有限公司,臺中市太平區中興里永義二街61巷10號1樓,600000,1030317
5436,53067893,呈弈精密工業有限公司,臺中市大里區大元里大衛路48之8號1樓,1000000,1030324
5441,53071094,玖兆京開發有限公司,臺中市北區新興里三民路三段52號1樓、2樓、3樓,3600000,1030303
5443,53071995,弼富光電科技股份有限公司,臺中市后里區墩北里大圳路601號1樓,10000000,1030324
5448,53075015,川王生技股份有限公司,臺中市西屯區中清路三段309號1樓,1000000,1030328
5449,53075129,鉅騰冷氣科技有限公司,臺中市南屯區萬和路一段22-4號,1000000,1030311
5450,53075182,夏楓股份有限公司,臺中市西區精誠路296號298號1、2樓,4500000,1030331
5454,53077040,頫達科技股份有限公司,臺中市神岡區社口里社口街42巷20號,7500000,1030325
5455,53077626,好美國際旅行社有限公司,臺中市西區忠明里博館路117號9樓之2,8000000,1030310
5457,53078202,科林不動產有限公司,臺中市北區賴旺里中清路一段866號1樓,1000000,1030306
5459,53078879,嘉貫企業有限公司,臺中市烏日區螺潭里太明路成豐巷215弄60號1樓,1000000,1030320
5563,53129384,小野技術服務有限公司,臺中市潭子區圓通南路258號5樓,1350000,1030321
5574,53134008,新內外有限公司,臺中市南屯區文山里保安五街66-1號,1000000,1030327
5575,53134719,統創不動產經紀有限公司,臺中市大雅區文雅里中清路四段15號1樓,1000000,1030304
5577,53135273,天使網訊有限公司,臺中市北區賴旺里文心路四段182號B1之2,1000000,1030328
5581,53135983,鋐菱汽車實業股份有限公司,臺中市大里區西湖里13鄰草堤路101巷16號,50000000,1030324
5584,53139144,鍀盈自動控制有限公司,臺中市烏日區建國路371號1樓,2000000,1030310
5586,53142324,玉山資產管理顧問股份有限公司,臺中市北屯區水湳里文心路三段447號13樓之1,30000000,1030311
5587,53143323,振宇消防安全設備有限公司,臺中市龍井區龍泉里龍社路560號1樓,1000000,1030324
5589,53144646,廣銓紙業有限公司,臺中市北區賴厝里梅川西路三段66號7樓,2000000,1030313
5590,53144842,大晉人力資源管理顧問有限公司,臺中市大甲區仁愛街382號,5000000,1030303
5591,53145259,長泰精密有限公司,臺中市外埔區六分里六分路六支巷46號,20000000,1030324
5607,53155354,釩帝國際有限公司,臺中市南區長榮里愛國街40號2樓,1000000,1030314
5610,53157775,呈育整合行銷有限公司,臺中市南區美村路二段186號6F-1,300000,1030327
5615,53159921,蓋茲藤風貿易有限公司,臺中市北屯區后庄里后庄七街76號1樓,1000000,1030318
5617,53160096,永勝不動產有限公司,臺中市北屯區文心路四段201號1樓,500000,1030325
5619,53160589,特美迪國際股份有限公司,臺中市北區淡溝里博館路87號11樓,17800000,1030313
5634,53166090,家瑪國際室內裝修工程有限公司,臺中市西區土庫里忠明南路385號2樓,10000000,1030326
5636,53167577,旭弘資訊有限公司,臺中市南區福興里福新街32號1樓,500000,1030312
5637,53168267,環誠企業有限公司,臺中市大雅區三和里仁和北路66號1樓,1680000,1030312
5643,53171220,傑輔國際有限公司,臺中市西區五權西三街127號9樓,1000000,1030311
5648,53173607,觀點投資有限公司,臺中市南屯區公益路2段51號21樓B2、B3、B4,3000000,1030325
5649,53174459,碩展不動產事業股份有限公司,臺中市南屯區文心路1段378號7樓之4,3000000,1030325
5651,53175252,永頌開發股份有限公司,臺中市西屯區惠來里市政路386號19樓之1,42000000,1030311
5652,53175979,松青旅行社有限公司,臺中市北屯區中清路二段515巷16弄10號3樓,3000000,1030328
5654,53176800,活力點子企業有限公司,臺中市南屯區忠勇路23之16號1樓,1000000,1030327
5656,53177239,總味食品有限公司,臺中市大甲區頂店里大發路139號,5000000,1030311
5657,53177929,綠屋家居有限公司,臺中市北屯區環中路一段1548號1樓,1000000,1030318
5694,53198810,馬可波國際有限公司,臺中市龍井區東海里遠東街193巷1號3樓,500000,1030325
5713,53206972,鴻宇國際科技股份有限公司,臺中市北區忠明路522號1樓,20000000,1030314
5790,53240710,旌旗科技有限公司,臺中市北屯區北屯路390號3樓之3,1000000,1030305
5806,53248678,生堯砥研有限公司,臺中市北區賴興里文心路四段200號10樓之8,3000000,1030319
5828,53259920,中華環境檢測股份有限公司,臺中市東區東信里一心街160巷7號1樓,2000000,1030326
5831,53261279,立東開發有限公司,臺中市潭子區甘蔗里勝利三街52號1樓,6000000,1030326
5832,53261587,金旺材料科技股份有限公司,臺中市北區五常里五權路399號2樓,3000000,1030324
5834,53262306,圓蔓企業有限公司,臺中市大里區大里街3號2樓,500000,1030306
5840,53264796,詠順室內裝修有限公司,臺中市太平區新坪里育才路118巷32號1樓,50000,1030325
5842,53266197,美綺食品有限公司,臺中市東區東信里樂業路450號,2000000,1030318
5843,53266990,精準生物科技有限公司,臺中市南屯區大墩十一街346巷11號1樓,3000000,1030311
5844,53267127,豐名工程有限公司,臺中市北屯區松竹里熱河路三段77號1樓,5000000,1030306
5850,53268322,海滬資訊有限公司,臺中市西屯區惠來里市政路500號25樓之6,1000000,1030303
5853,53269080,東太陽汽車國際企業股份有限公司,臺中市潭子區東寶里崇德路四段368-2號,21000000,1030314
5854,53269151,佑君有限公司,臺中市霧峰區環河路一段550號,1000000,1030314
5858,53271889,惠虹廣告事業有限公司,臺中市北區賴福里太原路二段88號10樓之6,500000,1030314
5861,53275153,一哥科技股份有限公司,臺中市北屯區文心路四段203號1樓,27500000,1030320
5874,53282176,雄富土木包工業有限公司,臺中市西屯區國安一路208巷7號,800000,1030319
5878,53283490,安富土地開發股份有限公司,臺中市西區忠明南路42號10樓,700000,1030304
5880,53283647,楊塔鼎有限公司,臺中市大里區中興路二段346巷14-3號,800000,1030303
5890,53288262,昱晟電腦科技有限公司,臺中市東區進化路278-3號,50000,1030312
5893,53289473,祐昕技術顧問股份有限公司,臺中市北區中清路一段100號10樓之2,6000000,1030328
5895,53290871,世洋工程股份有限公司,臺中市南區長榮里國光路120號1樓,15000000,1030318
5900,53295209,兆兆空間設計有限公司,臺中市南屯區黎明里干城街240巷3弄39號1樓,1000000,1030327
5901,53295411,鎧叡投資有限公司,臺中市東區東英里三賢街28號,14000000,1030317
5902,53295854,宏福保全股份有限公司,臺中市東區東英里東英十街208號,40000000,1030324
5903,53295989,創鑫方程式股份有限公司,臺中市西屯區漢成六街51號1樓,1000000,1030306
5904,53296312,品道國際有限公司,臺中市南屯區楓樹里楓樹西一街1之7號2樓,4500000,1030305
5909,53298873,汎晟車業有限公司,臺中市南屯區豐樂里黎明路一段892號1樓,2000000,1030324
5910,53298938,鎮宇開發實業股份有限公司,臺中市南屯區三和里河南路四段456之6號4樓,10000000,1030320
5912,53300815,松野股份有限公司,臺中市神岡區社口里中山路614巷142號1樓,1000000,1030303
5916,53303989,午賀有限公司,臺中市潭子區潭陽里中山路二段155號2樓,250000,1030319
5918,53304376,永荃投資股份有限公司,臺中市南屯區文心路一段218號23樓之2,1000000,1030320
5921,53305966,育紘國際文教有限公司,臺中市南屯區永定里黎明路二段71巷38號1樓,2800000,1030327
5922,53306141,紅皇后股份有限公司,臺中市北屯區平心里文心路四段669號3樓之3,6000000,1030326
6029,53359202,天天見麵食品股份有限公司,臺中市南屯區大業里大墩十二街126號,180000000,1030304
6030,53359293,亞薩公關顧問有限公司,臺中市大雅區上楓里民生路四段136巷39號,500000,1030331
6031,53359435,冠聖生化科技股份有限公司,臺中市大里區東湖里中興路一段1巷1弄2之1號,5000000,1030306
6032,53359499,方程空間設計有限公司,臺中市西屯區至善里至善路65巷8號1樓,3000000,1030325
6039,53362467,九聚股份有限公司,臺中市南屯區三厝里大富街98號1樓,30000000,1030304
6042,53363846,興詮國際服務有限公司,臺中市北區賴旺里青島路一段6號2樓之3,2000000,1030304
6043,53364182,柏儒科技有限公司,臺中市南區崇倫北街19巷22號1樓,250000,1030311
6046,53366371,汐茂材料科技有限公司,臺中市大甲區幼獅路63之1號,1000000,1030312
6049,53366800,宗愷通運有限公司,臺中市梧棲區興農里中華路一段762巷5號1樓,25000000,1030313
6054,53367765,艾樂瑪餐飲有限公司,臺中市西區公正里向上南路1段223號4樓之1,1000000,1030303
6055,53368510,公聯營造股份有限公司,臺中市北區文莊里中清路一段79號13樓之2,22500000,1030320
6058,53370993,遠鐸建設開發股份有限公司,臺中市西區華美西街1段137號6樓之2,20000000,1030320
6060,53372401,銓德精密有限公司,臺中市豐原區朴子里朴子街409巷22弄8號,600000,1030331
6065,53373979,仕捷國際股份有限公司,臺中市太平區大興里大興六街17號,5000000,1030304
6068,53375879,日上鋼鐵有限公司,臺中市南屯區寶山里寶山東二街10號5樓之1,30000000,1030325
6069,53376498,伏臨有限公司,臺中市烏日區烏日里新興路79號11樓,1000000,1030331
6070,53376841,上桓資訊有限公司,臺中市北區新興里三民路三段89巷22號6樓,5000000,1030326
6076,53382647,艾爾麗清潔事業有限公司,臺中市西區和龍里梅川東路二段3號6樓之2,500000,1030324
6077,53382750,迪恩國際股份有限公司,臺中市大甲區順天路35號1樓,1000000,1030325
6078,53383028,祥英國際有限公司,臺中市北區文莊里中清路一段79號5樓,500000,1030304
6082,53385525,百帝爾國際有限公司,臺中市北區文莊里五權路251號2樓,5000000,1030305
6085,53386587,昊瑋國際有限公司,臺中市西屯區何成里文心路二段598號9樓之3,5000000,1030321
6086,53387050,尚緹室內裝修有限公司,臺中市西區中美街84號,1000000,1030320
6087,53387495,杰祥實業有限公司,臺中市大甲區幸福里長安路安和巷100號,1100000,1030327
6090,53388240,豪鼎國際貿易有限公司,臺中市大里區瑞和街60巷8弄22號1樓,1000000,1030326
6092,53388945,晶貝有限公司,臺中市西屯區臺灣大道二段715號6樓之3,3000000,1030313
6095,53392390,尚義電器有限公司,臺中市神岡區豐洲里豐洲路466之5號1樓,10000,1030319
6096,53393172,亞帝昇生物科技有限公司,臺中市西屯區青海路一段99號7樓,15000000,1030331
6097,53393779,尚益企業股份有限公司,臺中市北區臺灣大道二段340號3樓之1,5000000,1030311
6106,53400027,健宗實業有限公司,臺中市太平區育德路26巷28號1樓,2000000,1030320
6109,53401829,富筌建設有限公司,臺中市梧棲區大村里文昌路223號1樓,6800000,1030305
6111,53402067,侑嘉詮企業有限公司,臺中市北屯區后庄里中清路112-108號,1200000,1030318
6117,53407801,今景建設有限公司,臺中市北區大義街107號1樓,5000000,1030307
6118,53408750,辰翼貿易有限公司,臺中市太平區新興二街33號1樓,1006800,1030311
6154,53430057,慧新有限公司,臺中市西屯區大河里河南路二段40-12號3樓,3000000,1030331
6174,53450476,和亙股份有限公司,臺中市潭子區潭富路二段101號,2500000,1030325
6175,53450686,清淨綠能科技股份有限公司,臺中市西區忠明南路16號7樓之5,5000000,1030317
6210,53470114,利全精密有限公司,臺中市大雅區西寶里中正路186之2號,8000000,1030305
6211,53470120,佳洋工業有限公司,臺中市神岡區神岡里中正南街80巷5號1樓,3600000,1030306
6218,53475808,鴻揚技研股份有限公司,臺中市烏日區東園里溪南路一段988巷180弄171號1樓,1200000,1030318
6223,53479109,玉山峰能源科技股份有限公司,臺中市中區大墩里臺灣大道一段329號11樓之6,10000000,1030326
6224,53479380,蓓瑞娜醫化科技有限公司,臺中市北區錦祥里進化路575號6樓之5,500000,1030314
6225,53479396,順陽科技有限公司,臺中市大雅區員林里神林路一段9巷8弄33號1樓,3000000,1030328
6227,53479966,裕銖生物科技有限公司,臺中市北區賴村里大德街155號,1000000,1030319
6233,53484004,詠宇科技有限公司,臺中市神岡區岸裡里大洲路461號2樓,5000000,1030320
6235,53484503,昹晨國際有限公司,臺中市大甲區孔門里育德路118號,9000000,1030327
6249,53490168,崇恩人本有限公司,臺中市北屯區三光里北屯路289-2號1樓,5000000,1030313
6250,53490456,極上品茶業股份有限公司,臺中市北區中清路一段447號20樓之1,20000000,1030303
6252,53492145,龍豫實業有限公司,臺中市西區三民西路98號1樓,2000000,1030303
6254,53492659,艾上綠能租賃有限公司,臺中市西屯區臺灣大道二段718號2樓,30000000,1030324
6256,53494713,祝興創意有限公司,臺中市清水區客庄路38-1號1樓,11000000,1030326
6257,53494967,魔法家有限公司,臺中市北區中正里臺灣大道一段667號1、2樓,8000000,1030304
6261,53495895,勝豪有限公司,臺中市西屯區逢福里文華路77-5號2樓,1000000,1030304
6263,53497057,竤煬企業有限公司,臺中市東勢區中嵙里東崎路四段398巷99弄85號,500000,1030326
6274,53504156,昇奕營造股份有限公司,臺中市西屯區大墩二十街151號,3000000,1030326
6278,53507371,日機生技股份有限公司,臺中市北區臺灣大道二段340號10樓之3,17000000,1030325
6279,53507484,治勝有限公司,臺中市西區吉龍里五權五街151號7樓之6,200000,1030310
6280,53508033,徠記食品企業有限公司,臺中市西屯區甘肅路二段48號1樓,50000,1030324
6281,53508580,昶德科技股份有限公司,臺中市豐原區田心里圓環東路126巷33弄20號1樓,6000000,1030325
6282,53508651,上鴻展業有限公司,臺中市梧棲區興農里興國路153之6號1樓,2050000,1030313
6287,53510571,威宇精品國際有限公司,臺中市南屯區寶山里工業區二十二路38號,23500000,1030317
6288,53510777,亞太光電股份有限公司,臺中市潭子區安和路69號,742850980,1030327
6291,53511810,衛元堂貿易有限公司,臺中市南區南門里忠明南路1310號3樓,5000000,1030327
6292,53512064,龍寶山物業管理顧問有限公司,臺中市西區公德里精誠二十五街2號底層A907室,5000000,1030313
6293,53512120,祥發肉品有限公司,臺中市大里區永隆里大明路567號,20000000,1030320
6294,53512310,水相法義餐飲有限公司,臺中市西屯區惠來里惠中路一段117號3樓,1160000,1030313
6295,53512509,鼎豐傢俱生活館有限公司,臺中市大雅區橫山里永和路118-30號,1000000,1030319
6296,53512521,申皇國際有限公司,臺中市西屯區何南里大安西街30號1樓,5100000,1030326
6323,53529488,日上創意科技有限公司,臺中市北區育德里健行路581號4樓之5,50000,1030320
6391,53555990,沛訓國際教育訓練股份有限公司,臺中市西區民龍里臺灣大道二段309號12樓之1,5000000,1030328
6398,53560895,台灣東柏藝術有限公司,臺中市西區公德里精誠二十五街2號底層,100000,1030307
6459,53594950,圓滿得到有限公司,臺中市太平區中興里永義路71號1樓,1000000,1030312
6470,53599272,原榮貿易有限公司,臺中市南屯區黎明路2段428號15樓之1,500000,1030303
6471,53599462,羅力衛浴股份有限公司,臺中市西區英才路517號及519號1樓,13000000,1030314
6479,53602543,亞太碳管理顧問有限公司,臺中市大里區仁禮街32號1樓,6000000,1030325
6481,53602760,讚億科技股份有限公司,臺中市神岡區溪洲里神洲路791號,600000,1030306
6482,53602868,宇清田設計工程有限公司,臺中市中區光復里民族路100號1樓,1000000,1030324
6487,53606338,明世代有限公司,臺中市外埔區鐵山里長生路249巷1號1樓,65000000,1030313
6492,53609567,華大崴格科技有限公司,臺中市北區頂厝里漢口路四段318巷14號1樓,1000000,1030312
6493,53610001,淇稼商務管理顧問有限公司,臺中市南屯區大同里大進街104號1樓,100000,1030312
6496,53611542,安卓資訊股份有限公司,臺中市西屯區東大路一段668號7樓之5,4000000,1030310
6498,53612802,諾亞國際實業有限公司,臺中市西屯區何厝里甘州街42號,150000,1030314
6502,53614175,薰衣草實業有限公司,臺中市北區賴福里進化北路378-31號1、2樓，378-32號1、2樓,100000,1030324
6504,53615603,奧迪斯高級物業管理顧問有限公司,臺中市西屯區何安里洛陽路32號2樓,11000000,1030318
6515,53620351,開富力建設開發股份有限公司,臺中市南屯區文心路1段306號地下一層之4,75000000,1030326
6524,53622870,發條橘子雲端行銷股份有限公司,臺中市東區立德東街33號2樓,8650000,1030318
6526,53623836,崴絲頓有限公司,臺中市大里區永隆里爽文路1030號,3000000,1030324
6528,53624363,暘山建設股份有限公司,臺中市東區東南街98號1樓,10000000,1030327
6530,53625617,登睿彩藝有限公司,臺中市烏日區溪壩里環中路八段680巷18號,5000000,1030331
6531,53625790,允誠精密工業股份有限公司,臺中市外埔區大同里甲后路391號1樓,6000000,1030319
6540,53633927,駿德精密機械有限公司,臺中市北屯區舊社里北屯路426之3巷20號4樓,5000000,1030326
6543,53636311,旖威國際有限公司,臺中市西區後龍里民權路231-1號3樓,1000000,1030310
6544,53637064,衍昇有限公司,臺中市神岡區中正路24-1號1樓,1000000,1030310
6549,53637374,潔瑞清潔有限公司,臺中市西區和龍里日興街100號4樓之3,3200000,1030327
6550,53637472,精竑工程有限公司,臺中市梧棲區南簡里大德路167號1樓,1000000,1030328
6552,53638009,鼎豐精密企業有限公司,臺中市神岡區豐洲里東洲路137之12號一樓,500000,1030304
6553,53638021,寶誠事業有限公司,臺中市神岡區豐洲里東洲路137之16號1樓,500000,1030304
6554,53638802,康堤生物科技有限公司,臺中市南區南平路2-19號1樓,1000000,1030318
6560,53640075,惠興廣告事業有限公司,臺中市西屯區忠明里館前路12號4樓之3,1000000,1030318
6562,53641010,歐德紳科技有限公司,臺中市南屯區楓樹里樂田巷4-6號1樓,100000,1030331
6570,53643988,昀達不動產有限公司,臺中市沙鹿區福興里鎮南路二段411號,300000,1030311
6573,53646887,冠霆建材有限公司,臺中市潭子區雅豐街151號1樓,5000000,1030326
6575,53647197,金牌不動產有限公司,臺中市大雅區雅環路二段132-1號,200000,1030321
6582,53650116,英屬開曼群島商駿吉控股股份有限公司,臺中市北屯區平和里遼陽一街25號2樓,0,1030324
6587,53653296,大陸商深圳市明邦會展會務服務有限公司,臺中市中區公園路21-5-5號5樓,0,1030321
6590,53653824,香港商有為創意整合行銷有限公司,臺中市南屯區溝漧里文心路1段521號5樓,29500000,1030312
6593,53656245,大陸商深圳台之旅會展會務服務有限公司,臺中市中區公園路21-5-5號5樓,0,1030303
6620,53668946,台中商銀綜合證券股份有限公司,臺中市中區民族路45號1、2樓,1500000000,1030314
6746,53732709,桉本興業有限公司,臺中市西屯區何厝街47號1樓,1100000,1030319
6876,53779513,瘋氣球株會社股份有限公司,臺中市中區大墩里三民路二段179號,1000000,1030303
6879,53780482,遠宇工業有限公司,臺中市太平區鵬儀路107巷2弄6號1樓,3000000,1030327
6880,53780954,勝宏精密科技股份有限公司,臺中市大里區日新里福大路41號1樓,8000000,1030318
6885,53784804,醫緹國際有限公司,臺中市西屯區青海路一段54號2樓,1000000,1030305
6886,53784945,航泰旅行社有限公司,臺中市西區和龍里臺灣大道一段726號7樓之1,6000000,1030331
6889,53786177,極星工程有限公司,臺中市龍井區臨港東路一段155巷171弄15號1樓,1000000,1030320
6891,53786562,佳立資訊有限公司,臺中市大雅區六寶里中清路四段811巷8弄7號1樓,50000,1030327
6893,53788323,丞旭生技有限公司,臺中市北區賴村里中清路一段372號3樓,1000000,1030321
6894,53788674,富橋企業有限公司,臺中市大雅區橫山里中和路56-1號1樓,3000000,1030317
6897,53789126,崇富不動產開發有限公司,臺中市豐原區豐原大道一段620號1樓,5000000,1030320
6900,53790539,奇宏先進有限公司,臺中市大甲區工九路40號,1000000,1030320
6902,53792109,根本科技有限公司,臺中市北屯區文心路四段83號14樓,510000,1030318
6904,53794866,久上科技股份有限公司,臺中市神岡區中正南街46號1樓,15000000,1030304
6906,53795746,青石營造有限公司,臺中市豐原區中陽里8鄰直興街66號1樓,10000000,1030328
6907,53796061,雄天旅行社有限公司,臺中市東區十甲里長福路376號1樓,6000000,1030327
6908,53796230,貫達水泥壓送機械有限公司,臺中市沙鹿區鹿寮里星美五街79號1樓,1000000,1030324
6910,53796983,帆船科技有限公司,臺中市西屯區上德里青海路二段209號10樓之5,4000000,1030321
6913,53797322,鑫如意金屬實業有限公司,臺中市大里區立德里立中六街68號1樓,5000000,1030331
6915,53797913,億鐙科技有限公司,臺中市南屯區田心里大墩六街289號1樓,3000000,1030319
6916,53797929,禾豐頤實業有限公司,臺中市中區三民路二段46號8樓之1,1000000,1030310
6917,53799341,弘立工程實業有限公司,臺中市大雅區員林里大林路425巷17之4號1樓,1000000,1030320
6926,53804745,立恆富國際有限公司,臺中市大雅區大雅里中清路三段1012號2樓,1000000,1030305
6930,53805792,草木言設計開發有限公司,臺中市烏日區三和里三榮七路30巷20號1樓,5000000,1030304
6932,53806568,三創精密有限公司,臺中市烏日區烏日里公園路352巷2號1樓,1500000,1030321
6934,53807193,巴斯客實業有限公司,臺中市神岡區溪洲里豐洲路1020巷21號,3500000,1030318
6937,53807840,有量電子有限公司,臺中市西屯區大祥街10號3樓,10000000,1030320
6938,53807953,震泰自動化科技有限公司,臺中市太平區建國里建成街198號,5000000,1030317
6939,53808833,宇臣環保有限公司,臺中市外埔區六分里水頭一路333號1樓,1000000,1030317
6940,53809262,易陞營造有限公司,臺中市龍井區龍泉里15鄰沙田路五段30巷50之2弄14號,3000000,1030327
6941,53810633,達億消防有限公司,臺中市大里區仁德里慈善路138巷20號1樓,3250000,1030327
6942,53810887,極速空力有限公司,臺中市大雅區橫山里永和路118-25號,2000000,1030306
6943,53810991,統瀚科技實業有限公司,臺中市東區合作里力行路45號3樓,500000,1030325
6944,53811422,信偉開發建設有限公司,臺中市大甲區新美里新美街37號1樓,16000000,1030317
6945,53812105,富期緯有限公司,臺中市大雅區員林村大林路195巷23之3號1樓,4000000,1030306
6947,53813287,伊麗莎白物業管理顧問股份有限公司,臺中市西區忠明里中美街471號1-9樓,29500000,1030324
6948,53813456,永豐嘉樂寶股份有限公司,臺中市北屯區崇德路三段618號2樓,10000000,1030312
6949,53813478,立慶捲門有限公司,臺中市清水區臨江里鎮平路22之14號,500000,1030305
6952,53815996,愛剋智慧科技股份有限公司,臺中市豐原區大順街8巷147號,10000000,1030311
6953,53816593,寶鈞建設開發有限公司,臺中市西區東興路三段160號6樓之3,1000000,1030324
6954,53817333,照林有限公司,臺中市西區平和里中華路一段1號6樓之9,500000,1030310
6957,53817798,裕喬不動產仲介經紀有限公司,臺中市西屯區西墩里黎明路三段186號1樓,1000000,1030320
6963,53823243,揚宸工業有限公司,臺中市南區樹義路88號,1000000,1030304
6965,53824355,瑞華清潔有限公司,臺中市西區大昌街188號1樓,3300000,1030327
6966,53824539,遠晟公寓大廈管理維護有限公司,臺中市北區文莊里10鄰中清路一段79號15樓,10000000,1030311
6968,53825729,一駖數位整合行銷股份有限公司,臺中市北區健行路581號5樓之6,500000,1030318
6973,53828401,納尼亞餐廳有限公司,臺中市南屯區大業里公益路二段21號1樓,3000000,1030317
6977,53829984,特達利科技發展有限公司,臺中市大雅區民生路三段180巷16號2樓,4000000,1030328
6981,53832046,璟隆工業股份有限公司,臺中市沙鹿區斗抵里沙田路1-6號,5000000,1030313
6985,53834706,豪佑科技有限公司,臺中市西屯區何源里河南東三街26號1樓,100000,1030327
6990,53838652,聖翔通訊科技有限公司,臺中市大里區仁化里仁美路85巷25號1樓,2000000,1030311
6993,53840741,浩瀚文教科技有限公司,臺中市南區南門里南門路168號2樓,1000000,1030326
6995,53842683,沅鋒精密有限公司,臺中市潭子區大富里大富路3段33巷117弄5號,1000000,1030328
7000,53847097,宥順機械有限公司,臺中市大里區瑞城里光明路138號,1000000,1030320
7003,53847879,鉦嘉科技有限公司,臺中市東區東信里振興路412巷116號1樓,300000,1030306
7005,53848357,帛鑫農事科技有限公司,臺中市北屯區安順東九街41號2樓,5500000,1030312
7006,53848716,振霖投資股份有限公司,臺中市西屯區何仁里長安路一段46巷17號1樓,500000,1030318
7007,53848743,羽妍實業有限公司,臺中市東區進化路90之2號1樓,250000,1030319
7010,53851508,聚悅建設股份有限公司,臺中市西區華美西街1段137號4樓之4,20000000,1030328
7012,53852719,夏爾國際語言有限公司,臺中市西區安龍里英才路641號1樓,2000000,1030327
7013,53852871,立新盛有限公司,臺中市神岡區新庄里和睦路282號2樓,500000,1030314
7014,53853956,亞諾建材有限公司,臺中市北屯區和平里軍福十三路279號,4880000,1030313
7015,53854028,多米國際有限公司,臺中市北區梅川西路三段66號5樓,5000000,1030319
7018,53855151,朗安貿易有限公司,臺中市西屯區漢口路二段151號13樓之8,2000000,1030331
7019,53855321,永敦有限公司,臺中市北區新興里三民路3段54巷4號1樓,500000,1030314
7026,53858024,冠群管理顧問有限公司,臺中市西區建國路21號1樓,1000000,1030326
7027,53859086,美生鮮企業有限公司,臺中市太平區新福路771號,1000000,1030321
7029,53860133,彪勝機電工程有限公司,臺中市大肚區頂街里大明一街58巷10-1號1樓,2000000,1030307
7032,53861061,鋒尚髮業國際有限公司,臺中市烏日區三和里高鐵路一段68號1、2樓,1000000,1030328
7034,53861301,富禮韻貿易有限公司,臺中市西區忠明南路237號4樓之2,5200000,1030318
7035,53861576,首恆國際有限公司,臺中市北區健行里忠明路424號2樓之1,5000000,1030317
7038,53862723,華植生技投資有限公司,臺中市北區忠明路502之7號3樓之4,100000,1030311
7042,53864264,和聚建設有限公司,臺中市西屯區何仁里永昌街35號,10000000,1030327
7046,53865600,鴻昇達工程實業有限公司,臺中市西屯區福聯里福順路916號,2000000,1030325
7047,53866663,利群興業股份有限公司,臺中市大里區中新里德芳南路78號2樓之1,1000000,1030324
7049,53867614,明祥興業有限公司,臺中市南屯區文心路一段163號1樓,1400000,1030320
7057,53871841,泓海貿易有限公司,臺中市太平區新光里樹德一街48巷23弄27號,1000000,1030327
7058,53872428,沅鼎國際事業股份有限公司,臺中市北區新北里一中街231號,1000000,1030305
7059,53872709,康普陞企業有限公司,臺中市大里區西湖里草堤路158巷13弄1號,1000000,1030303
7061,53873518,摩金有限公司,臺中市西屯區何南里臺灣大道二段715號11樓之4,20000000,1030328
7062,53873833,惠城廣告事業有限公司,臺中市南區南門里合作街328號3樓,1000000,1030319
7063,53873952,欣展瓦斯設備股份有限公司,臺中市西區忠誠里太原路一段184之6號1樓,2000000,1030328
7064,53873989,台灣小巴租車有限公司,臺中市南屯區文心南二路431號1樓,5000000,1030305
7065,53874827,鶴展實業有限公司,臺中市沙鹿區鹿峰里中清路八段526號1樓,1000000,1030328
7068,53876331,宏霖有限公司,臺中市大里區仁化里仁愛路176巷13弄35號1樓,3000000,1030318
7074,53878491,順溢國際有限公司,臺中市南屯區文山里寶山三街3號7樓之3,500000,1030311
7130,53900091,蜜思妍彩國際事業有限公司,臺中市后里區墩南里舊圳路54號,5000000,1030304
7132,53900901,憲宏投資有限公司,臺中市東區精武街39巷49號,2000000,1030310
7304,53960365,鼎霖醫療器材有限公司,臺中市西區公益路130號3樓,6600000,1030321
7307,53963031,柏榮生醫有限公司,臺中市西區台灣大道二段181號11樓之3,1000000,1030327
7308,53964159,明揚智慧科技有限公司,臺中市太平區新高里廣三街70巷9號1樓,500000,1030319
7309,53966086,巧創國際貿易股份有限公司,臺中市西屯區何德里漢口路二段151號13樓之3,5000000,1030317
7311,53966516,幄勝國際企業有限公司,臺中市西區民龍里文化街156號地下層之2,5500000,1030306
7313,53966810,德易生活有限公司,臺中市北屯區松勇里3鄰松義街192號1樓,500000,1030310
7314,53967135,艾美人力資源管理顧問有限公司,臺中市西區公平里華美西街1段6號2樓,5000000,1030327
7316,53968134,嘉詠科技管理顧問有限公司,臺中市霧峰區萊園里萊園路139巷2號,7000000,1030331
7318,53970602,三優力不動產開發股份有限公司,臺中市西屯區永安里安林路3-19號1樓,50000000,1030325
7320,53971877,涼山能源再生實業有限公司,臺中市東勢區慶東里東關路290-21號1樓,1000000,1030319
7326,53976373,永宏宜企業有限公司,臺中市大甲區西崎里順帆路25巷5之2號,5588000,1030320
7327,53976583,亞洲電訊有限公司,臺中市北屯區文心路四段81號9樓之1,2000000,1030331
7328,53976628,安可線上有限公司,臺中市南屯區黎明里干城街217號,3800000,1030320
7330,53977751,東嶺科技實業有限公司,臺中市龍井區忠和里海尾路46巷47弄6號1樓,2000000,1030326
7332,53977963,京城車業有限公司,臺中市西屯區何仁里西屯路二段126巷43-3號,500000,1030313
7334,53978941,上吉順科技有限公司,臺中市南屯區同安南巷7-2號1樓,300000,1030326
7335,53979300,宏利源有限公司,臺中市北區賴村里中清路一段352號1樓,500000,1030326
7336,53979998,炬昊創意管理顧問有限公司,臺中市西屯區國安一路123號2樓,100000,1030304
7337,53980025,紳曜企業有限公司,臺中市西屯區港尾里中康街67號1樓,12000000,1030311
7339,53980469,貿勇貿易有限公司,臺中市西屯區寧夏路89巷28號2樓,5200000,1030304
7342,53981538,德美斯精密機械有限公司,臺中市南屯區黎明路二段50號12樓之11,800000,1030310
7344,53981798,賀緹股份有限公司,臺中市北區公園路182之4號5樓,200000000,1030310
7346,53983971,冠富工程有限公司,臺中市大雅區二和里神林南路313巷17弄4號2樓,8500000,1030318
7349,53984900,台灣嘉龜鋼業有限公司,臺中市西區忠明南路16號12樓之9,3500000,1030318
7352,53986196,啟全科技有限公司,臺中市后里區后里里新興街29巷20號1樓,1000000,1030307
7353,53986793,聯勝食品有限公司,臺中市南屯區豐樂里文心南一路95號1樓,10000000,1030321
7354,53987667,昱鼎國際科技有限公司,臺中市大甲區文武里信義路283號,1000000,1030312
7355,53987940,最自然生物科技股份有限公司,臺中市北屯區廍子里廍子巷5-11號3樓,20000000,1030312
7358,53988722,金杉生物科技有限公司,臺中市北屯區后庄路175號1樓,1000000,1030311
7359,53988954,登暘實業有限公司,臺中市西屯區中康街215巷26號1樓,1000000,1030317
7363,53990635,偉裕生技股份有限公司,臺中市西區忠誠里忠明南路99號,29580000,1030324
7366,53991178,昶盛工業有限公司,臺中市大雅區西寶里雅潭路46-6號,800000,1030327
7367,53992134,豐富資源投資有限公司,臺中市東區大元里內元路141號1樓,7000000,1030319
7368,53992182,新世界娛樂科技有限公司,臺中市西屯區惠來里市政路386號11樓之8 ,1000000,1030326
7371,53992752,杰恒有限公司,臺中市北屯區松強里山西路三段192號5樓之11,250000,1030307
7374,53992991,喜達有限公司,臺中市東區十甲里二聖街22號1樓,5000000,1030307
7376,53995012,宇誠商旅股份有限公司,臺中市南屯區大業路498號2樓,40000000,1030311
7377,53995961,廣輝光學儀器有限公司,臺中市豐原區北陽里中陽路323巷8弄3號1樓,1500000,1030325
7379,53996238,典實資源回收有限公司,臺中市大里區內新里新明路7號,5000000,1030319
7380,53996363,春昱豐國際有限公司,臺中市西區臺灣大道二段536號地下一層A區,200000,1030313
7385,53998334,百大富儀國際有限公司,臺中市西屯區福雅里福科路362巷48號,1000000,1030327
7387,53999039,品沐股份有限公司,臺中市北屯區平德里崇德路二段55號6樓之3,5000000,1030326
7389,53999087,偉澤科技有限公司,臺中市西屯區何南里東興路三段381號3樓之4,3000000,1030320
7391,54000111,捷昇國際語文事業有限公司,臺中市西區中興里公益路130號6樓,100000,1030318
7395,54002666,福爾摩沙國際有限公司,臺中市潭子區頭張路一段117巷35號2樓,1200000,1030306
7398,54004046,大采廚房企業股份有限公司,臺中市西區土庫里美村路一段556號1樓,6000000,1030306
7401,54006023,趨境聯合設計工程有限公司,臺中市北區中清路一段715號,1100000,1030317
7405,54006656,弘大工程股份有限公司,臺中市南屯區鎮平里黎明路一段450-1號,10000000,1030306
7408,54007682,詠昌開發有限公司,臺中市龍井區龍崗里沙田路4段614號1樓,9000000,1030306
7412,54008872,品安旅行社有限公司,臺中市梧棲區福德里博愛路108號1樓,6000000,1030303
7413,54008937,神盾全球貿易有限公司,臺中市北屯區遼寧路一段31巷4號2樓之1,1200000,1030317
7555,54067127,本草灝原有限公司,臺中市東區大智路198號1樓,200000,1030320
7582,54073486,凱碁國際有限公司,臺中市大里區新里里3鄰三興街23號,3000000,1030318
7620,54089620,益利環保有限公司,臺中市南屯區寶山里寶山東二街19巷9號七樓之2,1000000,1030319
7627,54095117,和風寵物有限公司,臺中市豐原區中興里三村路30巷22號1樓,1600000,1030306
7628,54095313,睛華光學眼鏡有限公司,臺中市沙鹿區晉江里北勢東路507-12號1樓,1000000,1030306
7631,54095762,揚森貿易有限公司,臺中市豐原區三豐路742巷151弄7號,1000000,1030317
7632,54096360,鴻甲運動事業股份有限公司,臺中市神岡區社口里中山路928號3樓,30000000,1030321
7634,54099872,統創土地開發有限公司,臺中市大雅區文雅里中清路四段15號2樓,1000000,1030304
7637,54101618,台灣愛迪生創意科技股份有限公司,臺中市西區公益里公益路223號地下1樓,79600000,1030313
7638,54101624,誌陽科技股份有限公司,臺中市北區崇德路一段631號20樓,5500000,1030310
7641,54103622,嘉豐詮科技有限公司,臺中市西屯區永安里國安一路65-3號4樓之2,1000000,1030327
7643,54104896,宥軒新能源有限公司,臺中市大雅區六寶里中清路四段825號1樓,820000,1030327
7645,54106228,滙宏股份有限公司,臺中市豐原區豐田里豐原大道二段367號1樓,3000000,1030331
7646,54106753,軒揚工業有限公司,臺中市大甲區西岐里順帆路51巷3-1號,1000000,1030327
7648,54108210,京美土地開發股份有限公司,臺中市西區忠誠里忠明南路40號10樓,35000000,1030320
7651,54110757,優提創藝有限公司,臺中市西區華美街384號9樓之1,5000000,1030314
7654,54111355,非易工程技術顧問有限公司,臺中市南區工學一街173巷15號,3000000,1030318
7655,54111691,台灣名品網路科技股份有限公司,臺中市北區錦祥里進化路575號9樓之3,1000000,1030317
7656,54112278,金鉌投資有限公司,臺中市清水區西社里15鄰中清路9段17號1樓,7260000,1030310
7659,54113277,昱融精密工業有限公司,臺中市后里區眉山里甲后路1112之1號,500000,1030303
7662,54114395,哈維斯特國際企業有限公司,臺中市北屯區平安里文心路4段692之1號5樓,11200000,1030304
7665,54115155,勝景實業有限公司,臺中市南區工學北路208號,5000000,1030325
7671,54116210,傳承全球股份有限公司,臺中市烏日區太明路2巷1弄8號,10000000,1030307
7673,54116393,果桐國際貿易有限公司,臺中市南區大慶街二段11之26號,2000000,1030326
7674,54116648,有容有限公司,臺中市西屯區惠來里文七街137號1樓,1000000,1030304
7677,54118189,台灣恩娜滋有限公司,臺中市南屯區惠中里大光街38號6樓,1000000,1030318
7683,54119498,雲起廣告有限公司,臺中市南屯區大業里大墩十二街188號4樓,5000000,1030327
7684,54119639,詩品國際有限公司,臺中市西區中興里中興街123號4樓之2,5000000,1030310
7687,54120896,秉勝國際企業有限公司,臺中市太平區建國里建成街148巷36號,500000,1030324
7691,54122439,承達股份有限公司,臺中市西屯區何成里大墩十八街195號3樓之2,1000000,1030326
7692,54122753,騰也藝術有限公司,臺中市北屯區水湳里大連西路56巷11號1樓,4000000,1030304
7695,54123182,維隆建材有限公司,臺中市沙鹿區忠貞路191-1號1樓,1000000,1030304
7698,54123916,萬向國際實業有限公司,臺中市太平區光隆里光興路637巷41號,1000000,1030325
7700,54124176,麗的國際股份有限公司,臺中市南區忠明南路758號36樓,10000000,1030325
7702,54124598,麗龍貿易股份有限公司,臺中市北區頂厝里崇德路一段647號地下室之1,3010000,1030318
7703,54124632,百分百冷凍空調材料有限公司,臺中市北屯區同榮里中清路二段1250巷176弄21號1樓,1000000,1030306
7704,54124746,汯蔚有限公司,臺中市西區忠明里博館路145號1樓,1000000,1030319
7709,54125604,漁小路國際有限公司,臺中市梧棲區福德里中央路二段281號,2000000,1030325
7715,54128428,展帆國際股份有限公司,臺中市北區明德里華美街二段82號8樓之25,100000,1030306
7716,54128546,俥來貸有限公司,臺中市南區忠明南路787號41樓,500000,1030313
7719,54128834,有茂企業有限公司,臺中市潭子區中山路二段585、587、589、591、593、595、597號,1000000,1030312
7720,54129186,建成整合行銷有限公司,臺中市東區東英路604號1樓,1000000,1030326
7722,54130120,點聿工程有限公司,臺中市南屯區中和里黎明路一段85巷38之2號1樓,500000,1030325
7726,54131275,鼎鋒廣告開發股份有限公司,臺中市北區賴旺里青島路一段26-6號1樓,1000000,1030303
7727,54131351,昕辰實業有限公司,臺中市太平區大仁街63號1樓,500000,1030303
7728,54132675,旌燁營造有限公司,臺中市南屯區文心路1段73號5樓之3,13000000,1030317
7729,54133225,佶德有限公司,臺中市北屯區文心路四段634號9樓之1,600000,1030321
7734,54133837,羿瑞有限公司,臺中市西屯區何厝街67巷30號5樓之3,1000000,1030318
7735,54133885,鈊旺科技有限公司,臺中市北區健行里忠明路424號2樓之1,1000000,1030317
7736,54134553,辰洧企業有限公司,臺中市北屯區廍子里廍子巷87-1號1樓,500000,1030317
7738,54135173,臻里創意開發有限公司,臺中市西區廣民里自治街30號2樓,1000000,1030313
7739,54135526,威翔航空科技股份有限公司,臺中市西屯區科園一路5號,400000000,1030319
7740,54135568,昶星股份有限公司,臺中市南區福順里忠明南路787號38樓之2,50000000,1030313
7746,54136948,永朔實業有限公司,臺中市西屯區成都路118號4樓,7000000,1030318
7747,54137910,玉美研檢驗科技股份有限公司,臺中市大肚區南榮路101號,300000,1030303
7751,54139017,戰鬥武士有限公司,臺中市大雅區大雅里中清東路242號2樓,200000,1030331
7865,54179256,醺饗有限公司,臺中市北區育才北路65號,4000000,1030321
7878,54181372,奇億股份有限公司,臺中市南屯區黎明東街96號之1號7樓,1000000,1030321
7893,54183527,承峰國際藝術股份有限公司,臺中市西區博館路117號10樓之2,15000000,1030325
7922,54193692,繫情事業股份有限公司,臺中市西屯區何仁里文心路三段155-1號7樓,5000000,1030324
7996,54215648,創意原型科技有限公司,臺中市北區頂厝里崇德路一段631號6樓之1,2500000,1030313
8013,54219243,甫基精密有限公司,臺中市豐原區南陽里永康路91號1樓,2900000,1030319
8014,54219460,至辰精密有限公司,臺中市梧棲區居仁街6號1樓,500000,1030325
8015,54219476,偉立有限公司,臺中市烏日區北里里溪南路二段466號,2000000,1030319
8016,54220348,利崙企業有限公司,臺中市西區忠義街8巷21號1樓,3000000,1030305
8017,54221374,中興凡而工業有限公司,臺中市西屯區市政路500號12樓之3,2000000,1030317
8018,54221466,傑盟雲端科技有限公司,臺中市西屯區何成里大容西街67號2樓之2,1000000,1030319
8021,54222211,金緯綠建材有限公司,臺中市潭子區大豐里大豐路2段122巷15之3號6樓,1200000,1030310
8023,54223020,奇享創意行銷有限公司,臺中市南屯區大興里南屯路二段202號1樓,300000,1030319
8027,54224652,潔奇生活魔坊有限公司,臺中市南屯區黎明里干城街116巷1弄1號1樓,500000,1030321
8029,54225511,青來數位科技股份有限公司,臺中市北區文心路四段200號9樓之8,2500000,1030331
8030,54226201,順富發開發有限公司,臺中市北屯區中清路二段675號1樓,3000000,1030321
8034,54227476,富聖土地開發股份有限公司,臺中市南屯區鎮平里黎明路一段580號1樓,25000000,1030317
8036,54228117,沛立購網路科技有限公司,臺中市北屯區平心里文心路四段671號2樓,2000000,1030318
8039,54229875,元心建設股份有限公司,臺中市北屯區平心里安順東九街17號1、2樓,15000000,1030328
8040,54229973,草悟股份有限公司,臺中市西區英才路534號,29800000,1030313
8044,54232750,奇暘國際貿易有限公司,臺中市西屯區何安里臺灣大道二段910號8樓之7,5000000,1030306
8045,54232870,晶山廣告有限公司,臺中市清水區南社里鰲峰二街142號1樓,2000000,1030317
8046,54232891,禾葡創業投資股份有限公司,臺中市東區東英六街6號1樓,1000000,1030328
8049,54234336,智盈工程有限公司,臺中市沙鹿區中航路一段598巷2號1樓,30000,1030313
8051,54236290,三展開發有限公司,臺中市北屯區后庄里后庄七街226巷20號1樓,5400000,1030331
8055,54237707,翔騰興業有限公司,臺中市北區中清路一段79號6樓,500000,1030318
8056,54237755,雅威建設有限公司,臺中市神岡區文昌街369號1樓,15000000,1030319
8060,54240421,乘騎國際物流有限公司,臺中市南區平和里南平一街19號,5000000,1030324
8062,54240772,聯群開發有限公司,臺中市南屯區大業里大進街536-12號6樓,2000000,1030317
8067,54245143,龍昇航空工業有限公司,臺中市北屯區太原路三段429號三樓,1000000,1030306
8072,54246656,巧富科技工業股份有限公司,臺中市神岡區神洲里光啟路34號,600000,1030317
8076,54247796,海雅億有限公司,臺中市北屯區北屯里青島路四段234巷6號7樓之5,200000,1030328
8079,54249318,瑪丹瑪思國際開發有限公司,臺中市北區賴村里大雅路238號3樓,1000000,1030314
8081,54250187,利百加國際貿易有限公司,臺中市西屯區市政北三路133號3樓之2,1650000,1030303
8086,54252592,富巨國際企業有限公司,臺中市大里區新里里德芳路二段21號1樓,10000000,1030312
8087,54252707,榛冠鈞國際開發有限公司,臺中市西屯區永安里福雅路255-15號,3000000,1030317
8090,54253403,杰思湯尼顧問有限公司,臺中市西屯區龍潭里龍洋巷17-13號,50000,1030331
8095,54256056,普賢國際能源股份有限公司,臺中市西區公民里五權路2-113號5樓,16000000,1030328
8096,54256491,正喬企業有限公司,臺中市大里區至聖路19號1樓,1000000,1030326
8097,54257689,鈦郝企業有限公司,臺中市梧棲區博愛路6巷1號1樓,5000000,1030311
8100,54258505,西那不落有限公司,臺中市南屯區大業里公益路二段20號,1000000,1030303
8104,54260214,歐特捷實業股份有限公司,臺中市西屯區協和里工業區三十七路22號,60000000,1030303
8110,54263090,富泰臻國際股份有限公司,臺中市西屯區河南路二段173號2樓,10000000,1030311
8114,54263802,威璟國際生醫股份有限公司,臺中市西屯區大祥街8號2樓,2000000,1030328
8118,54265533,華旺文創有限公司,臺中市北區淡溝里臺灣大道二段360號13樓之5,1000000,1030328
8119,54265554,吉瑩工程有限公司,臺中市大里區新仁七街3-1號,1000000,1030313
8121,54266293,尚鼎紙業有限公司,臺中市南區永興里高工路178號6樓之1,200000,1030319
8123,54266456,馨金股份有限公司,臺中市西區公德里大忠街64號1樓,200000,1030305
8124,54266569,瑞鈞企業有限公司,臺中市大肚區王田里沙田路一段2巷35號1樓,20000,1030310
8130,54268150,巔峰企管顧問有限公司,臺中市西區東興路三段152號9樓,100000,1030303
8138,54272181,日方有限公司,臺中市北區賴興里文心路四段200號10樓之8,500000,1030319
8313,54341048,笑士力有限公司,臺中市南屯區五權西路二段666號9樓之7,500000,1030320
8355,54352425,安貝思國際有限公司,臺中市西屯區工業區三五路70號,2000000,1030303
8383,54359200,我在創作有限公司,臺中市烏日區榮泉里三榮十六路1巷190弄1號,500000,1030320
8442,54500565,惠饌餐飲有限公司,臺中市南屯區惠中里大富街80號,1000000,1030306
8444,54500657,旋轉木馬文化創意股份有限公司,臺中市西區土庫里存中街35號1樓,1000000,1030319
8448,54502698,澄品生活實業有限公司,臺中市霧峰區五福里五福西路88號,1000000,1030305
8459,54506569,興國土地開發股份有限公司,臺中市西屯區台灣大道二段781之5號,1000000,1030312
8561,54539463,國際通路投資有限公司,臺中市北屯區平田里文心路四段955號23樓之1,10000000,1030314
8614,54579318,固德麗生物科技有限公司,臺中市西屯區何福里寧夏路174號,2400000,1030307
8615,54579886,遠菱機電工程有限公司,臺中市大里區中興路二段671巷8弄18號14樓,2000000,1030311
8616,54580173,肆玖壹肆整合行銷有限公司,臺中市北屯區軍功里軍榮二街97巷9號,3200000,1030328
8617,54580482,凰鈺國際有限公司,臺中市北屯區平興里遼寧路1段128號4樓,5000000,1030320
8618,54580808,欣樂工程有限公司,臺中市太平區成功里復興街50巷2號1樓,1000000,1030304
8619,54581519,蘭洛國際有限公司,臺中市西屯區上安里上明三街14號1樓,1000000,1030313
8620,54581671,有豐建設開發股份有限公司,臺中市西區忠明南路40號10樓,100000,1030311
8621,54582778,力申管理顧問有限公司,臺中市北區明德里忠明三街25號,1000000,1030307
8622,54582881,力承科技有限公司,臺中市神岡區豐洲路611之2號,4000000,1030317
8623,54583360,貴如油有限公司,臺中市太平區永平路二段320-1號,6000000,1030313
8624,54583586,大展拖吊股份有限公司,臺中市南屯區中和里黎明路一段157巷51-12號6樓,14000000,1030310
8625,54584038,睿駿實業有限公司,臺中市豐原區豐田里田心路2段272巷34號,1000000,1030304
8626,54584353,台灣岡田特材股份有限公司,臺中市西屯區文心路2段201號14樓之3,8000000,1030311
8627,54584706,晟松有限公司,臺中市大雅區大楓里前村路82巷50號1樓,1000000,1030306
8628,54585276,翔富科技有限公司,臺中市外埔區大同里二崁一路19號,2000000,1030325
8629,54585331,鐿展實業有限公司,臺中市沙鹿區三鹿里向上路六段772號7樓之7,2000000,1030312
8630,54585493,嘉誠投資有限公司,臺中市西區大進街159號12樓之1,25000000,1030304
8631,54585515,晨和企業有限公司,臺中市西屯區華美西街二段217號11樓之1,300000,1030320
8632,54585542,盛發欣業有限公司,臺中市大雅區永和路118-33號,3000000,1030328
8633,54586417,德星光電有限公司,臺中市潭子區潭秀里潭富路一段17巷11號1樓,300000,1030304
8634,54586599,鼎鈦實業有限公司,臺中市北屯區同榮里環中路一段1208-3號,3000000,1030310
8635,54586649,易立得國際開發有限公司,臺中市西屯區永安里國安一路63號2樓,18000000,1030305
8636,54586681,台能能源開發有限公司,臺中市太平區新高里育才路436號,1000000,1030326
8637,54587529,三旬國際餐飲有限公司,臺中市大里區金城里中興路一段268號8樓,1000000,1030314
8638,54587865,明旭成科技有限公司,臺中市外埔區三崁里二崁路221巷5號1樓,500000,1030310
8639,54588061,沅洲有限公司,臺中市北屯區水景里松竹五路165號11樓之3,500000,1030305
8640,54588421,百川水產養殖有限公司,臺中市石岡區豐勢路1巷4號1樓,1000000,1030320
8641,54588463,祺家建設股份有限公司,臺中市北區立人里華美街二段262號4樓之3,7000000,1030317
8642,54589548,旭日東見文創娛樂事業股份有限公司,臺中市西區大忠里忠明南路270號18樓之4,30100000,1030314
8643,54589982,昶昇不動產實業有限公司,臺中市西屯區何厝里漢口路二段45號1樓,5000000,1030317
8644,54590502,士達開發股份有限公司,臺中市沙鹿區向上路七段28號1樓,12000000,1030331
8645,54590670,詮鈦保全股份有限公司,臺中市北屯區忠平里敦化路一段499號1樓,40000000,1030314
8646,54590849,英鋒國際實業有限公司,臺中市大里區祥興里亞洲街204號1樓,1000000,1030311
8647,54591431,弘廉國際有限公司,臺中市南屯區文山里文山三街70-3號5樓,1300000,1030307
8648,54591734,崧凱有限公司,臺中市大雅區民豐街101號1樓,3600000,1030304
8649,54591740,睿昇影音有限公司,臺中市南屯區五權西路二段666號13樓之2,500000,1030324
8650,54591827,雋業科技有限公司,臺中市大甲區日南里東二街22號,29000000,1030304
8651,54591880,惠陞食品有限公司,臺中市大里區慈善路138巷18號,10000000,1030326
8652,54592522,霖鼎開發建設有限公司,臺中市豐原區北陽里同安街163號1樓,18520000,1030312
8653,54592543,聯創國際開發股份有限公司,臺中市烏日區前竹里中山路一段265巷12號,5000000,1030331
8654,54592797,璽豆有限公司,臺中市北屯區平安里文心路4段698號4樓之3,300000,1030310
8655,54592950,勁創工程有限公司,臺中市大里區大里街16-5號,500000,1030317
8656,54593183,昱達爐業有限公司,臺中市大里區新仁里新仁三街42號2樓,5000000,1030314
8657,54593228,海博精密有限公司,臺中市神岡區圳前路47之6號1樓,20000000,1030311
8658,54593254,湛梅鞋坊有限公司,臺中市西區臺灣大道二段99巷1之1號1樓,1500000,1030306
8659,54593493,鑫二昶企業有限公司,臺中市太平區德隆里工業十八路3號,6000000,1030327
8660,54593819,尚杰國際企業有限公司,臺中市南屯區南屯里南屯路二段798巷8號1樓,2000000,1030307
8661,54594042,中國通網絡科技有限公司,臺中市北區太原八街65號1樓,30000,1030320
8662,54594177,立帆資訊有限公司,臺中市西屯區何成里大容西街51號3樓之2,5000000,1030320
8663,54594556,彬彬洋行有限公司,臺中市西屯區惠來里市政路500號22樓之5,1000000,1030328
8664,54594578,鴻鈦精密有限公司,臺中市大里區國中一路46巷11號,3000000,1030331
8665,54594612,鴻湖重機械有限公司,臺中市豐原區三村里豐栗路787號1樓,1000000,1030331
8666,54594633,門神科技有限公司,臺中市烏日區溪埧里溪南路一段506巷469-5號,3000000,1030305
8667,54594937,景曄科技有限公司,臺中市潭子區東寶里大德北路2巷3號3樓,3000000,1030318
8668,54595154,豐業廣告企劃有限公司,臺中市梧棲區港埠路一段501號1樓,1000000,1030303
8669,54595817,光宇電能股份有限公司,臺中市梧棲區自立路39號,62000000,1030324
8670,54595823,侑宸國際有限公司,臺中市西屯區西屯路二段259之3號6樓之6,5000000,1030307
8671,54596338,麗華科技有限公司,臺中市北區健行里忠明路424號2樓之1,300000,1030317
8672,54596631,鑫富泰工程有限公司,臺中市西區民生北路90號5樓,1000000,1030327
8673,54596724,群瀧食品有限公司,臺中市北區金龍街42之6號7樓,1000000,1030331
8674,54597266,鈺璽國際有限公司,臺中市西屯區惠來里文心路二段201號12樓之7,15000000,1030314
8675,54597391,諾達生技有限公司,臺中市北區青島路三段138號1樓,20000000,1030331
8676,54597630,旭統食品有限公司,臺中市西屯區何南里大安西街60巷1號1樓,1000000,1030304
8677,54597646,鴻成公寓大廈管理維護有限公司,臺中市北屯區文心路四段698號14樓之2,10000000,1030328
8678,54597759,長慧環境科技有限公司,臺中市南屯區南屯里河南路4段688號8樓之15,2000000,1030303
8679,54598265,呈安有限公司,臺中市太平區中山路三段137號1樓,2000000,1030326
8680,54598315,允晨設計科技有限公司,臺中市西屯區西墩里黎明路三段389號,6000000,1030314
8681,54599320,布拉格美容有限公司,臺中市西屯區文心路三段115號1、2樓,200000,1030305
8682,54599378,駿茂生物科技有限公司,臺中市西區博館路117號5樓之2,6000000,1030320
8683,54599460,泰之境美容有限公司,臺中市西屯區福雅里臺灣大道四段782號,2000000,1030317
8684,54599659,廣豐室內裝修有限公司,臺中市北屯區平德里天津路三段35號1樓,3000000,1030328
8685,54599665,鼎寶生物科技有限公司,臺中市西屯區西屯路二段63-2號1樓,5000000,1030326
8686,54599709,連溢實業有限公司,臺中市大甲區頂店里中山路一段1299巷38號,1000000,1030310
8688,54601135,世界物業有限公司,臺中市沙鹿區三鹿里向上路六段776號1樓,300000,1030304
8689,54601297,昶泳鑫國際有限公司,臺中市西區吉龍里美村路一段806號7樓之9,5000000,1030324
8690,54601830,僪升有限公司,臺中市太平區建成街110巷61號1樓,500000,1030320
8691,54602107,知世創意傳媒有限公司,臺中市西屯區西屯路二段273-5號2樓,3000000,1030312
8692,54602465,富鎰工業有限公司,臺中市神岡區溪洲里豐洲路960巷83之1號1樓,1000000,1030328
8693,54603339,頂集國際有限公司,臺中市龍井區向上路六段443號,3000000,1030326
8694,54603422,健安國際有限公司,臺中市后里區月眉里雲頭路11-20號,1000000,1030307
8695,54603561,銀柱兩岸經貿股份有限公司,臺中市大里區國光路二段500號9樓之2,5200000,1030303
8696,54603577,智能科研股份有限公司,臺中市西屯區福中里福中十五街13巷4號1樓,1100000,1030326
8697,54603598,田莊投資股份有限公司,臺中市南區德義里忠孝路83-2號2樓,4825296,1030320
8698,54604251,柏境科技有限公司,臺中市大里區日新里福大路41號2樓,1000000,1030314
8699,54604323,冠臻工業有限公司,臺中市大里區西湖路63號1樓,100000,1030328
8700,54605723,晟揚資訊有限公司,臺中市霧峰區吉峰里吉峰路36巷3號1樓,1000000,1030303
8701,54605857,茂煜建設有限公司,臺中市大肚區遊園路二段144號1樓,20000000,1030317
8702,54606032,茂桓建設有限公司,臺中市大肚區遊園路二段144號2樓,20000000,1030313
8703,54606119,億興旺不動產有限公司,臺中市西屯區惠來里市政路386號10樓之8,300000000,1030312
8704,54606321,高藝整合行銷有限公司,臺中市北屯區松竹路二段50巷13號1樓,500000,1030310
8706,54606878,奔馳生技有限公司,臺中市豐原區直興街239號6樓之3,6600000,1030311
8707,54607481,禾安投資開發有限公司,臺中市南屯區文心南三路230巷3之1號1樓,28000000,1030325
8708,54607721,大唐盛世地產開發股份有限公司,臺中市西區忠明里博館路117號3樓之3,5000000,1030305
8709,54607790,澕興企業有限公司,臺中市北屯區陳平里中清路二段678號1樓,1000000,1030310
8710,54608051,秉豐有限公司,臺中市東區東門里天乙街140巷53號1樓,500000,1030310
8711,54608741,澤昕實業有限公司,臺中市南區德吉街309之3號7樓之2,2500000,1030319
8712,54608854,志光教育科技股份有限公司,臺中市中區綠川里綠川東街32號3樓之3,200000000,1030311
8713,54609050,貝利尼有限公司,臺中市中區柳川里公園路32-2號,220000,1030321
8877,54677789,出發吧國際教育顧問有限公司,臺中市北區文心路四段182號地下1層之1,800000,1030328
8917,54739315,維京全球貿易有限公司,臺中市西區忠明里長春街25巷2號2樓,3000000,1030312
8918,54740565,咨爾多國際有限公司,臺中市北屯區平德里文昌東五街15號1樓,5000000,1030326
8919,54740663,佳運開發有限公司,臺中市西區忠明南路303號十四樓之5,3000000,1030328
8920,54740946,璦儷國際有限公司,臺中市西屯區協和里工業區十六路2-1號1樓,500000,1030305
8921,54741115,康博健康生技股份有限公司,臺中市南屯區文心南一路38號1樓,29000000,1030327
8922,54741184,澐達貿易有限公司,臺中市西屯區何成里大祥街10號1樓,2000000,1030327
8923,54741733,皇杏管理顧問有限公司,臺中市北區賴興里文昌東二街118號1樓,600000,1030311
8924,54741852,久鼎不動產經紀有限公司,臺中市沙鹿區竹林里臺灣大道七段726號,1000000,1030328
8925,54742064,上贏興業有限公司,臺中市南屯區大興里精誠路730號1樓,500000,1030307
8926,54742199,中央精工有限公司,臺中市太平區中興里永平路二段476巷100弄15號,1000000,1030306
8927,54742352,肯新股份有限公司,臺中市龍井區沙田路5段98巷58號1樓,500000,1030303
8928,54742418,八八八國際有限公司,臺中市北屯區舊社里北屯路388之8號,500000,1030331
8929,54742825,護立美美學館有限公司,臺中市西屯區朝富路142之1號1樓,1000000,1030326
8930,54742901,銓祥科技股份有限公司,臺中市南屯區文山里精科八路38號,66000000,1030327
8931,54743583,雲康科技有限公司,臺中市大雅區橫山里永和路118之38號1樓,3600000,1030312
8932,54743747,鼎越機械有限公司,臺中市神岡區神洲路350號,4000000,1030312
8933,54745225,峰翊投資股份有限公司,臺中市北屯區文心路四段845號10樓,230000000,1030304
8934,54745576,杏承國際有限公司,臺中市大里區西湖里草堤路158巷13弄臨20號,1000000,1030317
8935,54745668,非卡科技人文有限公司,臺中市潭子區甘蔗里勝利二街108號1樓,2000000,1030319
8936,54745983,眾康生活科技股份有限公司,臺中市北區崇德里太原路三段47號,2500000,1030305
8937,54746189,幸福屋家居有限公司,臺中市大里區國光路二段165號1樓,1000000,1030317
8938,54746239,美媞實業有限公司,臺中市南屯區同心里大墩六街243號4樓,200000,1030304
8939,54746456,鋒霖顧問有限公司,臺中市清水區槺榔二街99號,600000,1030304
8940,54746821,儷肌美國際美容有限公司,臺中市東區十甲里自由路四段267號1樓,5000000,1030303
8941,54748102,紳曜不動產經紀有限公司,臺中市西屯區港尾里中康街67號1樓,10000000,1030303
8942,54748813,天聖國際企業有限公司,臺中市南區復興路三段318號11樓,3000000,1030307
8943,54749067,欣懋環保有限公司,臺中市南屯區文山里文山三街51巷6號2樓,150000,1030310
8944,54749762,協晶有限公司,臺中市北屯區平德里天津路三段67號2樓,5000000,1030320
8945,54749947,台灣神農社會企業股份有限公司,臺中市北區崇德路一段631號6樓之1,3000000,1030306
8946,54749989,王品果業有限公司,臺中市北屯區平陽里安順一街19號1樓,1000000,1030314
8947,54750057,今弘國際股份有限公司,臺中市西屯區工業區六路8號4樓,57500000,1030305
8948,54750084,北極熊興業股份有限公司,臺中市西屯區何福里寧夏東一街21號1樓,1000000,1030314
8949,54750275,長生國際興業有限公司,臺中市大肚區大東里自由路222巷26號2樓,1000000,1030314
8950,54750325,富康工業股份有限公司,臺中市大里區新仁里新仁四街18號,10000000,1030320
8951,54750633,奇遇旅行社有限公司,臺中市西屯區文華路150巷33號,6000000,1030311
8952,54750789,中華全能人力派遣有限公司,臺中市大雅區大楓村雅楓街99巷2弄13號6樓,200000,1030321
8953,54751289,財佑機械實業股份有限公司,臺中市大里區內新里益民路一段492巷21號1樓,15000000,1030320
8954,54751669,蘭桂有限公司,臺中市太平區宜福街23-5號5樓,500000,1030321
8955,54757333,開興國際實業有限公司,臺中市西屯區福科路468號4樓之1,100000,1030326
9021,55004395,大雅興業股份有限公司,臺中市大雅區上雅里中清東路316號,28000000,1030320
9023,55628961,良友工具股份有限公司,臺中市神岡區社南里昌平路五段191號,15000000,1030310
9024,55637384,全豐泰企業股份有限公司,臺中市豐原區中山里中正路167巷3號,3200000,1030325
9025,55663761,洽興鐵工廠股份有限公司,臺中市大雅區四德里中清路三段708號,12000000,1030320
9026,55698494,嶝山興業股份有限公司,臺中市清水區南寧里中清路八段715號1樓,23200000,1030305
9027,55701744,雷星企業股份有限公司,臺中市梧棲區草南里港埠路1段233巷33號,16500000,1030312
9028,55712046,明昌國際工業股份有限公司,臺中市外埔區大東里大馬路354號,226000000,1030312
9029,55726674,依新塑膠工業股份有限公司,臺中市大肚區沙田路1段428巷100號1樓,17000000,1030306
9030,55769960,松怡環保設備科技股份有限公司,臺中市太平區中興里永平路二段123巷21號,6000000,1030305
9031,55800765,爵邦企業股份有限公司,臺中市東勢區東崎路五段486號,4000000,1030321
9032,55820164,聯東木業股份有限公司,臺中市后里區舊圳路3之5號1樓,5000000,1030325
9033,55837778,承鋒鑄造工業股份有限公司,臺中市豐原區南村里水源路343巷6之1號,360000000,1030312
9034,55845290,天葆化學工業股份有限公司,臺中市豐原區翁子里豐勢路二段480巷37號,29000000,1030321
9035,55853853,廣穎機械工業股份有限公司,臺中市豐原區翁子里豐勢路二段283號,28000000,1030314
9036,55860405,一進汽車貨運有限公司,臺中市豐原區安和路26號,15000000,1030304
9037,55867907,裕方木業股份有限公司,臺中市大雅區四德里中清路三段758巷17號,9000000,1030328
9038,55872697,大將作工業股份有限公司,臺中市北區淡溝里臺灣大道二段360號22樓之1,250000000,1030324
9040,55923561,金享車業股份有限公司,臺中市神岡區豐洲里豐洲路198巷5號,147000000,1030325
9041,55923936,治威股份有限公司,臺中市潭子區新田里豐興路二段338巷12-1號,74600000,1030317
9042,55929072,明明鋁業股份有限公司,臺中市后里區泰安里福美路5-3號,200000000,1030328
9043,55946190,拓建企業股份有限公司,臺中市北屯區瀋陽路二段188號1樓,9000000,1030328
9044,55962450,峰信實業股份有限公司,臺中市大雅區員林里雅環路三段70巷9弄3號,5000000,1030311
9045,55964801,華裕行股份有限公司,臺中市大雅區三和里義和路6之6號,10000000,1030312
9046,55966239,世倉工業股份有限公司,臺中市大雅區上雅里民生路1段260號,10400000,1030319
9047,55966651,愛得電子股份有限公司,臺中市神岡區社南里中山路667巷65號,15450000,1030313
9048,55969637,總碩興業股份有限公司,臺中市神岡區豐洲里豐洲路412之5號,10000000,1030305
9049,55977806,德泉工程有限公司,臺中市潭子區潭子街三段潭秀巷55號,3000000,1030327
9050,55978642,三發製網股份有限公司,臺中市大雅區上雅里民生路一段264號,106600000,1030319
9051,55989346,宗賢機電股份有限公司,臺中市后里區三豐路87之3號,20000000,1030304
9052,55997486,合烽企業有限公司,臺中市豐原區東陽里東陽路山壽巷6號,10000000,1030327
9053,56009003,大甲製粉廠股份有限公司,臺中市大甲區薰風里中山路一段911之1號1樓,39027910,1030321
9054,56011802,大成化學工業股份有限公司,臺中市外埔區三崁里二崁一路266巷28號,21000000,1030314
9055,56186014,洽發企業股份有限公司,臺中市清水區南寧里中清路八段715號,351839430,1030305
9056,56204049,威輪工業股份有限公司,臺中市大甲區中山路2段325號,200000000,1030321
9057,56289953,佳輝汽車貨運有限公司,臺中市清水區南寧里中清路八段663號,8000000,1030325
9058,56293817,金鼎盛交通有限公司,臺中市中區綠川里光復路13之2號1樓,5500000,1030310
9059,56625576,傳裕企業股份有限公司,臺中市龍井區工業路177巷18號,22000000,1030324
9060,56630310,一勝電話器材有限公司,臺中市大甲區水源路９６號,2100000,1030305
9061,56633528,璉興鐵工廠有限公司,臺中市梧棲區永安里向上路九段378號,1000000,1030324
9062,56635027,泉勝木工股份有限公司,臺中市外埔區水美里二崁路636號,68000000,1030304
9063,56642358,鎧全鐵材製品股份有限公司,臺中市外埔區水美里二崁路568巷25號,106000000,1030306
9064,56663711,展鴻塑膠股份有限公司,臺中市龍井區忠和里中央路3段381號,5000000,1030305
9066,56694643,台萬工業股份有限公司,臺中市大甲區重義三路56號,150000000,1030303
9067,56704086,聖豐木業股份有限公司,臺中市外埔區三崁里二崁路301巷8號,10000000,1030304
9068,56706520,徵坤企業股份有限公司,臺中市龍井區忠和里工業路177巷13號,2000000,1030324
9069,56713509,峰義企業有限公司,臺中市清水區楊厝里和睦路二段606號,3000000,1030317
9070,56720023,程盛機械股份有限公司,臺中市大安區福住里東西5路二段220巷9號,10000000,1030310
9071,56800644,宗松實業股份有限公司,臺中市大雅區上楓里楓林街255號,8000000,1030320
9072,57007307,三明塑膠股份有限公司,臺中市大里區中興路一段26巷8號,28000000,1030311
9073,57046202,永裕電化工業股份有限公司,臺中市烏日區慶光路1036號1樓,2000000,1030318
9074,57073951,東興振業股份有限公司,臺中市西屯區大墩十九街30號1樓,200504000,1030317
9075,57198191,廣原實業股份有限公司,臺中市大肚區王田里興中路63號,40000000,1030310
9076,57506113,萬瑞汽車貨運有限公司,臺中市東勢區新盛里東關路613-7號,29000000,1030317
9085,59063487,豪山國際股份有限公司,臺中市潭子區栗林里1鄰豐栗路100巷88弄1號,500000000,1030326
9115,60316088,太盟實業股份有限公司,臺中市大甲區日南里中山路二段918之103號,29000000,1030311
9123,61946205,凱麗營造股份有限公司,臺中市北屯區文心路四段750之11號,50000000,1030319
9143,66478412,源陞交通有限公司,臺中市梧棲區文化路二段180號1樓,20200000,1030303
9226,70411759,冠興工程有限公司,臺中市東區振興路412巷59號1樓,3000000,1030313
9278,70494477,瓘鑫企業有限公司,臺中市豐原區北陽里南陽路２號,680000,1030331
9282,70500582,東頤國際實業有限公司,臺中市西屯區忠誠里臺灣大道二段573號4樓,10000000,1030328
9286,70505067,易拍好股份有限公司,臺中市西區綠川西街4號1樓,10000000,1030325
9293,70515065,唐岦企業股份有限公司,臺中市北屯區仁和里松竹路3段8號1樓,83600000,1030314
9296,70517009,玖憶營造工程有限公司,臺中市北區中清路一段880巷6弄22號,3000000,1030325
9298,70518669,采衣服飾有限公司,臺中市西屯區福雅路50巷10號1樓,5000000,1030321
9306,70534772,佳平企業有限公司,臺中市南屯區忠勇路77之2號1樓,3000000,1030318
9348,70589381,達豐餘企業有限公司,臺中市大里區塗城里光正路212巷21弄27號1樓,1000000,1030325
9359,70601379,永旭管理顧問有限公司,臺中市中區大墩里三民路二段46號7樓之1,1000000,1030325
9363,70602862,太平洋旅行社股份有限公司,臺中市西區公益路367號3樓之1,29500000,1030321
9365,70606311,玄興科技股份有限公司,臺中市西屯區工業區十六路7號2樓,10000000,1030317
9367,70613050,中友國際興業有限公司,臺中市西屯區工業區一路98之11號7樓之3,1000000,1030318
9373,70625730,大耀鐘錶有限公司,臺中市北區頂厝里漢口路四段388號1樓,1000000,1030320
9378,70630500,穎聖工程有限公司,臺中市東區尚武路20號1樓,1000000,1030314
9380,70631578,百盟機械股份有限公司,臺中市南屯區豐樂里萬和路一段35-7號1樓,3000000,1030303
9388,70638550,天福橋國際股份有限公司,臺中市西屯區福和里台中港路三段107號13樓,17000000,1030303
9397,70650006,晉得益精密鑄造股份有限公司,臺中市太平區正光街93號,8000000,1030303
9404,70654946,針葉林室內裝修有限公司,臺中市西屯區何仁里長安路一段29巷16弄6號1樓,3000000,1030321
9405,70656607,日飛騰企業有限公司,臺中市外埔區三崁里五穀路161號1樓,500000,1030326
9409,70661334,東頤汽車有限公司,臺中市梧棲區文化里中興路105號1樓,1000000,1030304
9412,70666669,鼎侑工程顧問有限公司,臺中市北屯區天津路4段287號1樓,1000000,1030326
9413,70666957,台灣味群工業股份有限公司,臺中市大甲區日南里台中幼獅工業區工七路6號,60000000,1030310
9417,70667843,迦南健康事業有限公司,臺中市南區德祥街六七巷一七號一樓,1000000,1030328
9420,70672058,久福工程實業有限公司,臺中市北屯區景和東街222號1樓,13000000,1030325
9430,70681303,新都興資訊股份有限公司,臺中市南屯區溝墘里文心路一段540號11樓,5000000,1030306
9434,70687566,北題有限公司,臺中市西屯區環中路二段646號,1000000,1030325
9439,70692408,賀詠企業有限公司,臺中市豐原區陽明里圓環東路163號1樓,3000000,1030311
9443,70710525,倫聖國際事業股份有限公司,臺中市北屯區中清路二段1146號3樓,1000000,1030327
9446,70714493,百聲有限公司,臺中市南屯區豐樂里萬和路一段35-7號1樓,3000000,1030314
9447,70715937,上富華股份有限公司,臺中市大里區國光里大勝街9號1樓,10000000,1030304
9450,70721276,業格股份有限公司,臺中市豐原區田心里合作街76巷36號,1000000,1030303
9456,70729973,忻藝室內裝修設計股份有限公司,臺中市西屯區大隆路167號4樓之1,3040000,1030328
9457,70730281,白紗科技印刷股份有限公司,臺中市太平區祥順路1段116號,486816880,1030331
9458,70730825,天福海運承攬運送有限公司,臺中市西屯區台中港路3段107號13樓,87300000,1030328
9470,70742625,元福營造有限公司,臺中市沙鹿區北勢里北中六街121巷15號1樓,3000000,1030310
9477,70761919,香港商傑比達有限公司,臺中市北屯區北屯路366號14樓,5000000,1030310
9592,79950454,忠利敬業股份有限公司,臺中市外埔區大東里甲后路761號1樓,10000000,1030318
9596,79956056,臻富國際有限公司,臺中市太平區樹德一街52號1樓,500000,1030311
9599,79959315,愛買樂生活事業股份有限公司,臺中市外埔區大東里甲后l836號1樓,10000000,1030320
9600,79959531,弘宇燈飾有限公司,臺中市大里區東興里爽文路923號1樓,6000000,1030324
9604,79963752,長業投資股份有限公司,臺中市南屯區文心路1段378號7樓之4,3000000,1030324
9605,79963964,鴻鑫公寓大廈管理維護有限公司,臺中市北屯區文心路四段698號14樓之2,10000000,1030328
9620,79985545,志岱企業股份有限公司,臺中市南屯區大同里大墩六街14巷2號1樓,2049040,1030318
9631,79998133,振銘實業有限公司,臺中市霧峰區自強路184號1樓,2000000,1030321
9643,80021506,日商鷹野股份有限公司,臺中市西屯區臺灣大道4段839號15樓,0,1030303
9650,80039837,宇進科技有限公司,臺中市西屯區文心路三段219號4樓之2,8000000,1030321
9651,80039941,誠石建設股份有限公司,臺中市北屯區崇德路三段1號,50000000,1030303
9657,80046675,太一精密工業有限公司,臺中市大里區新忠路36號1樓,10000000,1030311
9658,80046859,橙慶興業股份有限公司,臺中市北區淡溝里育德路218號1樓,4800000,1030313
9661,80048651,震泰塑膠有限公司,臺中市太平區中興里永義二街61巷2號1樓,1000000,1030314
9663,80049217,彥根實業有限公司,臺中市豐原區圓環南路158號1樓,10000000,1030328
9667,80058881,元運有限公司,臺中市北區文莊里英土路106巷14之3號,1000000,1030328
9675,80070225,炳昌五金有限公司,臺中市北屯區敦化路一段435號,20000000,1030303
9681,80081763,醫能生物科技股份有限公司,臺中市西區東興路3段128號2樓,44050000,1030321
9691,80097723,秦偉電機股份有限公司,臺中市豐原區豐圳里成功路612巷14號,40000000,1030320
9697,80103844,宜成泰有限公司,臺中市大甲區武曲里橫圳街273號,5000000,1030314
9698,80104338,神聿文創有限公司,臺中市大雅區大雅里中清路三段1036號,500000,1030331
9700,80106552,中苣企業有限公司,臺中市清水區南社里中華路101巷28號1樓,5000000,1030310
9703,80108968,廷鑫金屬股份有限公司,臺中市南屯區同心里文心路一段218號23樓之2,115900000,1030304
9707,80111675,達麗有限公司,臺中市太平區太平里永豐路142號,10000000,1030304
9709,80115200,秋欣股份有限公司,臺中市北區賴村里健行路518巷21號1樓,10000000,1030319
9714,80122856,錦邑興業有限公司,臺中市太平區太平里永平路三段22號1樓,2000000,1030304
9715,80123200,貴冠閥業股份有限公司,臺中市大里區東湖里東南路73巷1號,10000000,1030310
9716,80123638,東群營造有限公司,臺中市豐原區南陽里19鄰永康路213巷55弄15之16號,3000000,1030306
9718,80126001,定勝有限公司,臺中市烏日區烏日里五光路1000巷32號1樓　,500000,1030313
9719,80127466,樸真國際股份有限公司,臺中市西區忠明南路42號5樓,1000000,1030305
9723,80132860,巧合塑膠股份有限公司,臺中市龍井區忠和里工業路190號　,15000000,1030311
9728,80139815,正圍貿易有限公司,臺中市梧棲區臺灣大道九段171號2樓,2000000,1030324
9771,80207539,拿舍國際有限公司,臺中市北區太平路173號1樓,1000000,1030306
9776,80210871,敬豐營造有限公司,臺中市南屯區楓樹里楓和路676號1樓,3000000,1030331
9784,80221928,波力國際股份有限公司,臺中市大里區中興路一段26巷11-7號,5600000,1030321
9786,80223616,宇亮機電消防科技有限公司,臺中市北區金龍里北屯路57號2樓,2000000,1030321
9793,80233473,冠宇化學有限公司,臺中市西區忠明南路303號20樓,2000000,1030313
9796,80235599,易銘工程有限公司,臺中市大肚區大東里沙田路二段468號1樓,1000000,1030306
9810,80249691,御品歡有限公司,臺中市西屯區西安街277巷6－5號1樓,24000000,1030314
9817,80257707,禾仲貿易股份有限公司,臺中市南屯區文心路一段218號23樓之2,2000000,1030320
9848,80308467,得寶生態科技有限公司,臺中市西屯區上明一街2之6號1樓,1000000,1030317
9850,80310225,華廣生技股份有限公司,臺中市南區大慶街二段100號,439467940,1030312
9852,80315376,湘澤企業有限公司,臺中市太平區中政里中興東路78號1樓,5000000,1030312
9859,80321546,全霖企業有限公司,臺中市東勢區北興里公園路130號1樓,1000000,1030331
9862,80324115,永裕實化股份有限公司,臺中市烏日區慶光路1036號1樓,5000000,1030318
9866,80326351,憲昌股份有限公司,臺中市大肚區大肚里文昌路1段90號1樓,10000000,1030306
9910,80394765,尊龍公寓大廈管理維護股份有限公司,臺中市北區忠明路520號2樓,10000000,1030321
9912,80396335,華勝工程顧問有限公司,臺中市大里區永隆八街239號1樓,2900000,1030313
9914,80400035,伯崢國際股份有限公司,臺中市北區忠明路211號6樓之4,2000000,1030306
9916,80402076,台科食品原料有限公司,臺中市西屯區甘州五街25-10號,1000000,1030313
9921,80412335,聖弘精密有限公司,臺中市大甲區甲后路152號1樓,5000000,1030305
9922,80413236,政翔興業有限公司,臺中市西屯區協和里順和八街６５號１樓,1000000,1030310
9925,80421405,葳格建設股份有限公司,臺中市西屯區何安里臺灣大道二段898號5樓,20000000,1030324
9929,80427273,永智顧問有限公司,臺中市大里區金城里向學一路3號1樓,10000000,1030325
9936,80431760,凱豐機械股份有限公司,臺中市西屯區協和里工業區三一路19號,50000000,1030328
9938,80436651,吉園實業有限公司,臺中市北屯區水景里軍榮五街3號1樓,2000000,1030307
9942,80438200,太翊室內設計有限公司,臺中市北區錦祥里育興街2號,2000000,1030312
9945,80444884,穀山事業股份有限公司,臺中市北屯區文心路四段81號9樓之1,2000000,1030312
9948,80450105,鴻誠清潔有限公司,臺中市北屯區文心路四段698號14樓之2,1000000,1030325
9950,80451483,晨歐貿易有限公司,臺中市西區忠誠里大隆路20號5樓之6,1000000,1030328
9951,80451792,超群雅國際行銷有限公司,臺中市西屯區福和里臺灣大道四段767號9樓之1,2000000,1030306
9956,80454989,立韋實業有限公司,臺中市龍井區福田里3鄰茄投路福頭崙巷13號1樓,1000000,1030317
9969,80471100,新三鐵實業有限公司,臺中市南區永興里工學一街二四七號二樓,3000000,1030305
9974,80478618,采蘿股份有限公司,臺中市北區雙十路二段101號5樓之6,5000000,1030313
9975,80481748,匯溢股份有限公司,臺中市西屯區環中路二段646號,1000000,1030325
9977,80482330,鋒穎企管顧問股份有限公司,臺中市大里區永隆里東榮路576號1樓,10000000,1030324
9981,80484436,寶來建設股份有限公司,臺中市北區頂厝里崇德路一段629號11樓之1,20000000,1030311
9983,80485688,一進實業有限公司,臺中市豐原區安和路26號1樓,6000000,1030303
9984,80486434,多森國際有限公司,臺中市南屯區大墩二街17號1樓,3000000,1030326
10035,80548184,匠澤機械股份有限公司,臺中市西屯區協和里工業區35路50號,192764020,1030318
10037,80550940,豐穀建設開發股份有限公司,臺中市西屯區河南路二段262號12樓之7,30000000,1030326
10042,80557330,伸運工業有限公司,臺中市龍井區南寮里中沙路南寮巷2弄30號1樓,12000000,1030311
10053,80566422,豐合能源股份有限公司,臺中市神岡區豐洲里神洲路320號,10000000,1030327
10054,80566627,福氣汽車材料有限公司,臺中市南屯區文心里向上南路一段277號1樓,1000000,1030326
10058,80568287,絃和企業有限公司,臺中市西區公民里五權路1之67號9樓之2,3000000,1030311
10059,80570235,銓利科技有限公司,臺中市北屯區東光里東山路一段91巷19號1樓,1000000,1030314
10063,80574485,華美軒企業有限公司,臺中市神岡區神洲里豐洲路960巷46號,5000000,1030319
10077,80591196,侑達實業有限公司,臺中市后里區舊社里三線路3-3號,15000000,1030310
10081,80601075,建綸科技股份有限公司,臺中市太平區中興里中興路128巷37號1樓,16800000,1030311
10096,80615269,力大企業管理股份有限公司,臺中市北屯區文心路四段750-7號,1200000,1030312
10112,80631922,碩享科技有限公司,臺中市北屯區平安里崇德路二段130號9樓,1000000,1030331
10115,80636052,桂品國際貿易有限公司,臺中市北區六合里篤行路119之1號2樓,7600000,1030325
10118,80638896,華利鋼鐵有限公司,臺中市霧峰區舊正里中正路2巷2號,130000000,1030317
10126,80643504,良御國際股份有限公司,臺中市梧棲區福德里中華路二段260號1樓 ,18000000,1030325
10127,80644139,活意行銷企管顧問有限公司,臺中市南屯區大誠里東興路二段69巷11號,3000000,1030320
10141,80657844,台灣精美科技股份有限公司,臺中市梧棲區經三路42號,30000000,1030318
10179,80701476,利騏企業有限公司,臺中市豐原區西安里圓環南路199巷5號1樓,28000000,1030303
10182,80705368,采庭建設有限公司,臺中市南屯區文心路一段73號5樓之3,20000000,1030313
10189,80711690,光子健康創新股份有限公司,臺中市西屯區工業區十六路7號2樓,1000000,1030314
10190,80715892,典閣珠寶有限公司,臺中市西區吉龍里南屯路一段130號,3500000,1030327
10191,80716750,捷貿德國際有限公司,臺中市北區崇德里崇德路一段524號1樓,600000,1030328
10192,80717857,義昇科技有限公司,臺中市神岡區社南里10鄰中山路847巷3號,500000,1030310
10208,80734151,琍達保全系統設備有限公司,臺中市南屯區大同里大墩五街160號1樓,1000000,1030327
10209,80738121,利河伯精品有限公司,臺中市大里區上興街二段51巷7號1樓,1000000,1030317
10214,80747347,井太營造有限公司,臺中市西屯區何明里大弘三街17號1樓,10000000,1030307
10217,80749773,奕達精機股份有限公司,臺中市太平區中平里精美一街55巷25號1樓,41500000,1030313
10265,84082618,美日成實業有限公司,臺中市大里區大里里大里路493、495號,5000000,1030317
10266,84086522,集泉塑膠工業股份有限公司,臺中市霧峰區民生路198巷31號3樓,91282000,1030304
10269,84090960,亞成廣告有限公司,臺中市北屯區水景里景和東街189號1樓,500000,1030325
10272,84094369,華豫寧股份有限公司,臺中市北區進化北路238號4樓之8,331025090,1030303
10290,84151017,益源隆股份有限公司,臺中市潭子區東寶里民族路一段402號,5000000,1030321
10293,84164272,揚得機械工業有限公司,臺中市大肚區瑞井里遊園路一段124巷45號,5000000,1030317
10296,84176045,星沅實業有限公司,臺中市北屯區軍功里環中東路二段82號1樓,1680000,1030317
10303,84193874,凰琪印製有限公司,臺中市南區福平里美村路二段一二四巷八三號一樓,1200000,1030319
10305,84198218,承煜工程股份有限公司,臺中市神岡區三角里大富路185號,10000000,1030328
10307,84200559,泰益冷凍有限公司,臺中市大雅區六寶里10鄰中清路4段773巷17號,2000000,1030314
10309,84204302,傳啟資訊股份有限公司,臺中市西屯區逢福里河南路二段262號3樓之11,20000000,1030321
10367,84367163,鼎勝工業股份有限公司,臺中市豐原區北陽里圓環東路604號,5000000,1030314
10369,84373947,輝揚工程有限公司,臺中市龍井區竹師路二段6巷13號1樓,5000000,1030307
10370,84380089,飛達力實業股份有限公司,臺中市南屯區大進街490號9樓之3,6000000,1030328
10377,84396104,昌勝食品有限公司,臺中市北區益華街6、8號,2000000,1030319
10389,84425369,晉雨機械股份有限公司,臺中市南屯區豐樂里永平路421巷59之2號2樓,5000000,1030319
10390,84426901,日盛興木業有限公司,臺中市南屯區豐樂里永順路458號3樓,4600000,1030314
10391,84430243,協記精密工業股份有限公司,臺中市霧峰區甲寅里林森路947號,29000000,1030311
10392,84430644,國權科技有限公司,臺中市豐原區西安里圓環南路134號,500000,1030303
10393,84431952,至信實業股份有限公司,臺中市潭子區東寶里大豐路2段151巷14號,5500000,1030320
10396,84434769,富靖實業有限公司,臺中市西屯區福上巷八二號一樓,1000000,1030311
10397,84437175,祺錩機械工業有限公司,臺中市烏日區中山路一段229巷35號1樓,12000000,1030306
10399,84439357,廣聯顧問有限公司,臺中市豐原區西勢路47巷14號1樓,500000,1030324
10425,84508749,盈聚塑膠企業有限公司,臺中市霧峰區吉峰里吉峰路六七巷二弄十六號,1000000,1030326
10429,84534697,駿茂興業股份有限公司,臺中市大里區樹王里東興路501巷19號,5000000,1030328
10443,84558775,峻吉塑膠股份有限公司,臺中市大里區吉善一街九四號,1000000,1030311
10446,84563806,昇發銘企業有限公司,臺中市大里區新里里愛心路58號1樓,3000000,1030304
10450,84571849,永順油漆有限公司,臺中市潭子區福仁里環中東路一段203號1樓,2000000,1030321
10453,84586907,裕鉦實業有限公司,臺中市豐原區社皮里中正路900號,4000000,1030326
10458,84601225,宗融精密企業有限公司,臺中市大雅區四德里中清路三段758巷29號,6000000,1030307
10462,84612665,銓鴻營造工程有限公司,臺中市梧棲區建國北街288號1樓,19500000,1030321
10467,84648397,誼興貿易有限公司,臺中市西區吉龍里五權五街125號,5000000,1030304
10470,84659915,三捷輪企業有限公司,臺中市東區東南里自強南街6巷3號1樓,15500000,1030317
10481,84691555,新健築電腦管理顧問股份有限公司,臺中市北屯區平安里柳陽西街11號7樓,10000000,1030306
10483,84693462,呈凱塑膠股份有限公司,臺中市豐原區翁明里直興街164號,5000000,1030326
10486,84696355,大頌實業股份有限公司,臺中市南屯區文山里精科二路9號,158000000,1030324
10488,84700652,磊橋營造有限公司,臺中市霧峰區中正路453號1樓,3000000,1030306
10526,84800575,忠進營造有限公司,臺中市太平區樹孝路274巷51號2樓,29000000,1030320
10530,84809230,鼎旺營造股份有限公司,臺中市西屯區文心路三段219號5樓之1,50000000,1030327
10531,84809908,隆業興科技有限公司,臺中市西屯區中康街137號,5000000,1030318
10532,84812283,明靜清潔打腊有限公司,臺中市西屯區大祥街13號16樓之2,1000000,1030310
10533,84814901,高抗股份有限公司,臺中市霧峰區五福路412巷12號1樓,10000000,1030321
10538,84833365,睿億貿易有限公司,臺中市大甲區日南里東六街16號,26000000,1030321
10539,84834723,縉寶汽車有限公司,"臺中市大里區樹王里福德路88巷1,3號",500000,1030331
10541,84838642,上禾通信事業有限公司,臺中市西屯區西安街40號1樓,1000000,1030331
10542,84839641,振朝有限公司,臺中市龍井區新東村綠園路57號,5500000,1030319
10543,84847500,翔瑞成企業有限公司,臺中市梧棲區草湳里臨港路三段168巷149弄9號,26000000,1030318
10548,84854706,鋒銓齒輪股份有限公司,臺中市太平區中興里永平路二段476巷126弄15號一樓,5000000,1030326
10550,84855677,中邑營造股份有限公司,臺中市南屯區文山里保安3街68號2樓,25000000,1030304
10553,84861848,又豪實業股份有限公司,臺中市西屯區工業區36路21號,6000000,1030304
10586,84957344,裕毛屋營造股份有限公司,臺中市東勢區東坑路58巷33號1樓,22500000,1030311
10587,84957793,富美特企業股份有限公司,臺中市南屯區工業區二十一路20號1樓,19000000,1030325
10589,84964979,勝進玻璃有限公司,臺中市北屯區遼寧路1段308號2樓,10000000,1030310
10591,84971943,勵冠機械板金股份有限公司,臺中市神岡區豐洲里東洲路247巷38之2號1樓,5000000,1030320
10592,84978713,得彩廣告企劃有限公司,臺中市北屯區瀋陽路3段33-1號2樓,2000000,1030319
10637,86094532,晶基實業股份有限公司,臺中市豐原區豐原里隆豐街六六巷一號,6500000,1030317
10640,86099380,富堡實業有限公司,臺中市北屯區昌平路1段400號7樓之2,2200000,1030326
10641,86100648,詠詳實業股份有限公司,臺中市南屯區嶺東路80巷21之2號1樓,10000000,1030318
10642,86111130,弘新鞋業股份有限公司,臺中市霧峰區北勢里豐正路502之1號1樓,5000000,1030304
10643,86111949,良豐機械股份有限公司,臺中市大甲區日南里東一街3號,19000000,1030327
10644,86114880,鉅堡工業股份有限公司,臺中市大里區長榮里德芳南路316號2樓,500000,1030324
10646,86116819,台昌營造有限公司,臺中市北屯區平順里昌平路一段388號11樓之2,125000000,1030319
10668,86184647,烽楠製模股份有限公司,臺中市太平區永平南路35巷5號1樓,10000000,1030304
10671,86189777,彰廣自動控制有限公司,臺中市烏日區九德里長春街331號1樓,5000000,1030312
10673,86201603,記源工業股份有限公司,臺中市大里區西湖里大峰路293巷62號,10000000,1030314
10674,86201723,振泓工業股份有限公司,臺中市西屯區協和里工業區一四路14號,3000000,1030317
10676,86202321,奇興室內裝修設計工程有限公司,臺中市西屯區朝馬五街20號1樓,2000000,1030305
10680,86219998,名瀚營造股份有限公司,臺中市西區五權一街144號1樓,7500000,1030325
10687,86244032,鎰菖實業股份有限公司,臺中市梧棲區草湳里永興路二段378巷13號,10000000,1030312
10688,86244820,盛薪實業有限公司,臺中市潭子區潭興路二段332巷104弄27號,5000000,1030310
10689,86248662,資興興業有限公司,臺中市西屯區福雅里3鄰福順路255巷17號,16800000,1030312
10692,86258703,海宏電業有限公司,臺中市清水區槺榔里臨港路5段182巷5號,5000000,1030320
10694,86259484,欣陽工程股份有限公司,臺中市大里區瑞城里中興路1段140巷48號,29000000,1030326
10699,86268012,全賢實業有限公司,臺中市外埔區水美里二崁路671號,2000000,1030326
10716,86315063,達能貿易股份有限公司,臺中市西屯區何厝里何厝東一街3號1樓,5000000,1030304
10717,86315090,國鑫公寓大廈管理維護股份有限公司,臺中市西屯區何南里東興路3段381號4樓之1,32000000,1030311
10746,86396826,宜祥興業股份有限公司,臺中市大肚區新興里溪洲路100號,10000000,1030325
10754,86415529,泰元企業有限公司,臺中市西屯區福祥街18巷6號1樓,9000000,1030324
10759,86436117,中信化工股份有限公司,臺中市南屯區豐樂里豐安街33號1樓,5000000,1030327
10783,86517743,京綸建設股份有限公司,臺中市西區和龍里台中港路一段12號13樓,220000000,1030314
10791,86533379,嘉舜營造股份有限公司,臺中市西區五權西路一段257號14樓之1,15000000,1030318
10801,86545298,日信營造有限公司,臺中市外埔區三崁里二崁路221巷5號1樓,6000000,1030321
10802,86550019,濠欣建設有限公司,臺中市北屯區平安里漢口路5段33號1樓,25000000,1030304
10804,86552895,雷雲國際股份有限公司,臺中市梧棲區港埠路1段233巷33號,29400000,1030312
10808,86558568,昶發螺絲有限公司,臺中市大里區塗城路852巷22弄6號,25000000,1030327
10813,86577880,恒隆興實業股份有限公司,臺中市大里區大元里環中東路七段42巷12號1樓,5000000,1030306
10816,86584691,秋霖機械股份有限公司,臺中市烏日區烏日里五光路930巷48號,5000000,1030314
10819,86589485,鋐輪工業股份有限公司,臺中市大甲區東二街10號,59000000,1030320
10830,86628776,宇順紙業有限公司,臺中市潭子區豐興路一段1巷32弄1號,5500000,1030326
10831,86631168,駿翔資訊科技股份有限公司,臺中市北屯區四平路46號二樓,5000000,1030326
10834,86637389,展煜營造有限公司,臺中市東勢區新盛街377號,23000000,1030328
10839,86652584,樺耀股份有限公司,臺中市豐原區中正路687之10號,10000000,1030306
10840,86653275,佑江工業股份有限公司,臺中市大雅區四德里中清路三段758巷28號1樓,5000000,1030305
10842,86660959,岱華電子股份有限公司,臺中市梧棲區永寧里永興路一段630巷87弄1號1樓,8000000,1030304
10846,86665271,遠誠電機股份有限公司,臺中市西屯區重慶路338號14樓之3,8000000,1030326
10848,86677945,易利可股份有限公司,臺中市東區東橋里建功街22號1樓,5000000,1030303
10851,86686894,友灃交通股份有限公司,臺中市清水區中華路101巷22號,30000000,1030326
10869,86753078,冠群資訊有限公司,臺中市西區民生里20鄰建國路21號,10000000,1030319
10870,86757378,大雅電氣工程有限公司,臺中市大雅區上雅里雅潭路二段64巷66弄1號,45760000,1030311
10877,86770864,義薪機電器材有限公司,臺中市北屯區建和路一段101號,1000000,1030303
10879,86782432,瑞絃科技有限公司,臺中市太平區新城里樹孝路38號1樓,1000000,1030320
10880,86783235,環璟科技有限公司,臺中市西屯區福恩里工業區一路12號6樓之5,15000000,1030317
10887,86800403,興展企業有限公司,臺中市大里區工業路68號1樓,50000000,1030312
10890,86805651,祐群有限公司,臺中市西屯區何德里寧夏路113號1樓,6000000,1030304
10893,86806981,啟興精密工業股份有限公司,臺中市大里區公教街131巷1號1樓,1260000,1030318
10896,86817474,世佑壁紙股份有限公司,臺中市西屯區工業區一路118號,66000000,1030307
10906,86835753,寶晶股份有限公司,臺中市西屯區西安里光明路52之45號,66000000,1030324
10908,86838386,一唐工程服務股份有限公司,臺中市北屯區文昌東五街39巷18號1樓,5000000,1030311
10911,86840720,永東泰工業股份有限公司,臺中市后里區墩南里舊社路4之6號,5000000,1030324
10944,86929338,陸盛營造股份有限公司,臺中市西屯區何成里大容東街90號5樓之1,25000000,1030319
10947,86936210,全福營造廠股份有限公司,臺中市西屯區臺灣大道三段540號12樓之2,3000000,1030304
10957,86955840,上裕國際事業有限公司,臺中市南屯區文山里保安二街277號1樓,5000000,1030305
10960,86968182,群祐機械股份有限公司,臺中市南屯區文山里精科東路11號,90000000,1030313
10963,86984465,鈤研砂布紙股份有限公司,臺中市西屯區協和里工業區41路3號,23370000,1030317
10971,89209973,久洋機械股份有限公司,臺中市潭子區栗林里民生街197號,12000000,1030325
10972,89211318,偉鎮營造有限公司,臺中市梧棲區四維中路24號10樓,27500000,1030324
10974,89211871,諠宜股份有限公司,臺中市西區臺灣大道二段220號37樓,296100000,1030304
10978,89229979,圓周律工業股份有限公司,臺中市神岡區社口里中山路742巷24弄43號,5000000,1030311
10981,89242086,哲瑋企業有限公司,臺中市后里區義里里甲后路138巷8之7號,1000000,1030328
10982,89242776,有達營造有限公司,臺中市清水區海濱里臨港路5段538巷15號1樓,15000000,1030318
10983,89243331,京漢廣告事業有限公司,臺中市西屯區朝馬二街92號1樓,1000000,1030307
10986,89250114,衛訊影視傳播有限公司,臺中市北屯區大連路一段289號1樓,6600000,1030305
10987,89251562,仲聯企業有限公司,臺中市北屯區平昌里天津路四段309號7樓之5,8400000,1030311
11014,89305407,超鴻百貨股份有限公司,臺中市大甲區新政路86號,12000000,1030303
11023,89332811,穎億股份有限公司,臺中市外埔區水美里二崁路588巷12號,5000000,1030325
11027,89339151,進旌工業股份有限公司,臺中市大肚區成功里文昌路三段1巷151號,4000000,1030305
11038,89358810,蓮騰科技股份有限公司,臺中市南屯區公益路二段五一號一六樓,1000000,1030311
11044,89369464,中偕企業有限公司,臺中市龍井區東海里遊園北路549巷1弄11號1樓,5000000,1030325
11047,89370048,歐伊汽車材料有限公司,臺中市梧棲區臺灣大道九段171號1樓,19000000,1030324
11051,89373782,天鈞顧問股份有限公司,臺中市南屯區寶山里嶺東路916之13號2樓之2,50000000,1030324
11092,89454258,聯劦科技有限公司,臺中市沙鹿區六路里六路十六街8號1樓,2000000,1030319
11107,89496855,安全力士股份有限公司,臺中市北屯區平昌里天津路四段294之1號,5000000,1030321
11108,89507706,豐揚壓克力有限公司,臺中市豐原區豐田里豐原大道三段215號,6500000,1030328
11113,89513572,寶弘工業股份有限公司,臺中市大甲區岷山里中山路一段986巷12號,5000000,1030320
11117,89522755,銘錩環保機械有限公司,臺中市豐原區翁子里豐勢路一段577巷38弄9號,1000000,1030314
11130,89554340,宗洲有限公司,臺中市外埔區三崁里二崁路333巷9號1樓,5000000,1030321
11131,89555354,譙國開發股份有限公司,臺中市西區中興里中興街183號12樓,35000000,1030303
11132,89555636,富統工業股份有限公司,臺中市梧棲區永安里向上路九段381巷45號,20000000,1030320
11134,89558253,冠諾實業有限公司,臺中市西屯區環中路二段646號,3000000,1030325
11140,89570159,新鎮營造有限公司,臺中市北屯區崇德六路1段207號1樓,22500000,1030312
11164,89638165,允誠股份有限公司,臺中市大雅區中清路四段858號,56000000,1030311
11166,89639170,大雅電機技術顧問有限公司,臺中市大雅區上雅里雅環路二段64巷66弄1號,9000000,1030311
11167,89639636,圳威企業有限公司,臺中市西屯區港尾里中清路二段1250巷158弄12號1樓,5000000,1030305
11169,89647832,斐達企業有限公司,臺中市北屯區松竹里崇德路二段460號15樓,5000000,1030307
11172,89652790,鉅虹建設股份有限公司,臺中市北屯區文心路三段447號8樓之3,200000000,1030327
11174,89666582,玉弦有限公司,臺中市霧峰區吉峰路124之1號1樓,2000000,1030319
11189,89687236,正馬實業有限公司,臺中市北屯區中清路二段1166巷28弄12號1樓,6000000,1030310
11193,89696903,福祿多股份有限公司,臺中市西屯區臺灣大道四段936號8樓之6,15000000,1030311
11195,89701440,大任建設開發有限公司,臺中市北區頂厝里崇德路一段629號11樓之1,29600000,1030331
11202,89724318,益順橡膠有限公司,臺中市霧峰區四德里新埔路119巷5號,5000000,1030304
11204,89728150,宗聖營造有限公司,臺中市西區公平里大業北路30號一樓,3000000,1030321
11207,89731063,農昌農具廠有限公司,臺中市龍井區田中里龍北路118巷26號,5000000,1030328
11208,89735933,美達通信有限公司,臺中市清水區橋頭里鎮新路90號1樓,500000,1030325
11226,89783723,中翊科技有限公司,臺中市南屯區豐樂里文心南二路449號1樓,10000000,1030328
11230,89788298,台灣羅莉亞股份有限公司,臺中市豐原區社皮里中正路508號,5500000,1030313
11238,89815838,耀陞食品股份有限公司,臺中市大肚區營埔里營埔一街2號,31000000,1030305
11241,89823247,笙豐科技企業有限公司,臺中市潭子區環中東路一段103號1樓,1000000,1030311
11245,89826011,佐登妮絲國際股份有限公司,臺中市北區賴旺里中清路一段812號、816號,130000000,1030328
11248,89839986,永日昌企業有限公司,臺中市東區育英路82之20號1樓,5000000,1030313
11275,89895558,坦德人才仲介股份有限公司,臺中市西區忠明南路42號7樓,10000000,1030326
11279,89909589,強躍實業股份有限公司,臺中市烏日區中山路一段和平巷128號,8000000,1030320
11294,89938206,鑫達快遞股份有限公司,臺中市南屯區春社里忠勇路19之33號8樓,25000000,1030319
11315,89997703,金同利有限公司,臺中市沙鹿區居仁里中山路302號1樓,3000000,1030307
11338,96853126,鈦郁工業股份有限公司,臺中市后里區聯合里三重二路288號,36000000,1030306
11339,96854188,宏宇國際開發有限公司,臺中市西區民龍里臺灣大道二段285號14樓之2,5000000,1030305
11347,96875944,中韋企業股份有限公司,臺中市北屯區水湳里文心路四段81號10樓之1,5000000,1030314
11348,96884227,芳鄰公寓大廈管理維護股份有限公司,臺中市南屯區惠中里文心路1段306號地下一層之4,25000000,1030327
11349,96886230,標點工程有限公司,臺中市龍井區遠東街100巷15號1樓,1000000,1030320
11356,96904265,弘建企業有限公司,臺中市梧棲區草湳里建國西街四十巷七號,5000000,1030325
11357,96908826,合升國際貿易股份有限公司,臺中市西區忠明里博館路101號2樓之2,5000000,1030326
11396,96985457,地豐有限公司,臺中市大雅區員林里中清路四段70巷18號1樓,5000000,1030312
11404,96996671,優美技貿易股份有限公司,臺中市北屯區平安里崇德路二段128號14樓之5,5000000,1030317
11418,97025864,峻禾企業有限公司,臺中市西屯區福科路428巷8號1樓,5000000,1030318
11420,97037550,一協茂鐵網有限公司,臺中市潭子區大富里民族路二段301巷1-13號,5000000,1030319
11431,97069882,八展營造股份有限公司,臺中市太平區立德街118號1樓,22500000,1030317
11432,97071542,百發投資股份有限公司,臺中市西區忠誠里明智街33號1樓,50000000,1030313
11467,97160544,漢翔航空工業股份有限公司,臺中市西屯區西平里24鄰漢翔路1號,9082614280,1030320
11486,97191954,生產力工程股份有限公司,臺中市南屯區惠中里文心路1段306號地下一層之3,8000000,1030326
11491,97197084,錦域工業有限公司,臺中市烏日區北里里太明路67巷11號,5000000,1030317
11493,97200573,軒崧科技有限公司,臺中市北區金龍里北屯路57號1樓,2900000,1030321
11499,97218969,安哲企業有限公司,臺中市大里區仁化路２２１巷１９號,500000,1030317
11500,97219046,九思實業有限公司,臺中市南屯區大正街35號1樓,5000000,1030304
11501,97221872,鴻玖企業有限公司,臺中市大里區永隆里永隆三街八號一樓　,1000000,1030311
11502,97222443,尚恆金屬工業有限公司,臺中市太平區鵬儀路342巷6弄4號1樓,10000000,1030331
11506,97227427,驛萬企業有限公司,臺中市南區美村路2段186號6樓之3,5000000,1030312
11507,97228501,麥可工業有限公司,臺中市大雅區員林里中清路三段十六巷廿二弄三號,3000000,1030320
11511,97231858,晶品大飯店股份有限公司,臺中市西區向上路一段95號11樓至14樓,6600000,1030325
11518,97250735,利揚資產管理股份有限公司,臺中市大雅區四德里中清路三段839號,24515400,1030313
11521,97258315,洋基電信股份有限公司,臺中市南區文心南十路115巷7號1樓,15000000,1030314
11522,97264554,和田益股份有限公司,臺中市豐原區三村里合作街118巷25號,1000000,1030320
11525,97272077,一統電機有限公司,臺中市霧峰區南柳里柳豐路342號1樓,5000000,1030303
11527,97275588,豐盈營造有限公司,臺中市霧峰區成功路102巷6號1樓,10000000,1030313
11560,97345705,學士開發股份有限公司,臺中市西屯區大隆路168之2號3樓,113000000,1030320
11561,97348652,陸弘營造有限公司,臺中市大里區永隆五街123號1樓,19500000,1030324
11564,97353205,任一股份有限公司,臺中市東區三賢街2號1樓,5000000,1030304
11565,97355772,明威科技有限公司,臺中市大里區永隆路301號,1000000,1030307
11569,97367307,合煜消防安全設備有限公司,臺中市南區崇倫街139號1樓,18000000,1030314
11570,97372580,聯信營造有限公司,臺中市西區貴和街15號3樓,3000000,1030314
11571,97375643,睿鍇建設有限公司,臺中市大肚區遊園路一段117號,35000000,1030319
11572,97375812,佶佶亞運動用品有限公司,臺中市西屯區潮洋里朝貴一街36號1樓,5000000,1030325
11581,97406765,鈺上實業有限公司,臺中市大雅區文雅里中山北路428號,5000000,1030304
11582,97407461,尚宏營造有限公司,臺中市北區中清路一段89號8樓之6,10000000,1030313
11583,97408237,鴻茂塑膠有限公司,臺中市大雅區六寶里中清路五段103號,5000000,1030312
11584,97412479,弘萬貿易股份有限公司,臺中市沙鹿區19鄰光華路517號,5000000,1030324
11590,97422081,曄泰通信科技有限公司,臺中市太平區坪林里中山路二段七九號,2000000,1030317
11606,97447647,富旺國際開發股份有限公司,臺中市西區大隆路20號4樓之5,1575561440,1030326
11627,97488977,仲信大飯店股份有限公司,臺中市北屯區后庄路(268號、270號、306號)1至13樓,60000000,1030303
11630,97490566,中友旅行社有限公司,臺中市西區公館路105號7樓之2,6000000,1030307
11635,97507784,坤隆行實業股份有限公司,臺中市大里區工業14路38號,60000000,1030324
11636,97521033,易利興業股份有限公司,臺中市大里區祥興里大興街17巷22號,3000000,1030318
11637,97523026,誠原機械廠股份有限公司,臺中市太平區永義五街21號,20100000,1030311
11638,97532545,銓寶工業股份有限公司,臺中市烏日區榮泉里中山路三段688之1號,194000000,1030307
11639,97532778,盟聖企業股份有限公司,臺中市太平區宜欣里溪洲路120號,10000000,1030325
11640,97561920,彰陽工業有限公司,臺中市太平區永成路77之1號,25000000,1030321
11641,97567889,燦霸工業股份有限公司,臺中市大里區中興路一段230巷33弄10號1樓,5000000,1030325
11642,97574050,聖清企業有限公司,臺中市霧峰區甲寅里草湖路１００號,500000,1030305
11643,97575467,銳泰精密工具股份有限公司,臺中市太平區坪林里中山路1段162巷51-1號,41800000,1030311
11647,97750295,晟堅企業股份有限公司,臺中市大里區大元里國中路102號,27500000,1030325
11648,97751885,吉昇樂器有限公司,臺中市太平區中平路順昌巷37號,5000000,1030324
