序號,統一編號,公司名稱,公司所在地,資本額,核准變更日期
28,02949178,冠舟企業有限公司,臺中市北屯區松茂里松竹路二段105號1樓,5000000,1040902
183,05260594,禾承企業有限公司,臺中市北區自強一街19號1樓,5000000,1040924
188,05592088,白馬製造股份有限公司,臺中市南屯區寶山里工業區25路16號,20000000,1040910
192,05693044,宏樺興業股份有限公司,臺中市潭子區大豐里潭富路2段81巷9弄6號,20000000,1040916
199,05795788,勝瓏包裝事業有限公司,臺中市沙鹿區埔子里明秀一街65號,12000000,1040908
200,05831840,欽元造機股份有限公司,臺中市大里區內新里新仁路2段241巷1號,10000000,1040915
201,05833523,長驥企業有限公司,臺中市太平區新光路60號1樓,5000000,1040922
202,05838816,至光工具股份有限公司,臺中市大里區大元里國中一路46巷88號,35000000,1040908
203,05871103,皓強企業有限公司,臺中市石岡區萬仙街18之1號1樓,6000000,1040915
208,06031228,陽伸工業股份有限公司,臺中市東區天乙街68號,2000000,1040909
218,07231006,亞細亞貿易有限公司,臺中市西屯區協和里工業區32路72號1樓,20000000,1040917
367,12610999,榮崧工業有限公司,臺中市豐原區翁明里東北街618號,22200000,1040923
373,12621145,甫浩股份有限公司,臺中市北屯區庄美街153號,29000000,1040910
389,12646949,積豪科技股份有限公司,臺中市南區樹德里文心南路661號3樓,35000000,1040916
391,12648030,歐群科技股份有限公司,臺中市霧峰區六股里豐正路386巷8號,50000000,1040925
432,12702575,高市高爾夫股份有限公司,臺中市南屯區保安五街201號1樓,114000000,1040910
435,12705897,聖陽環保工程有限公司,臺中市太平區長億里長億東三街41號2樓,1000000,1040903
441,12715163,聯迎股份有限公司,臺中市大里區塗城路368巷14號,12500000,1040930
443,12716901,銓盈藝文科技股份有限公司,臺中市潭子區潭子街三段公廳巷69號3樓,60000000,1040914
447,12721355,品澄系統股份有限公司,臺中市北屯區陳平路65巷123弄4號4樓之1,2000000,1040911
448,12726324,傑力國際股份有限公司,臺中市龍井區龍泉里龍社路100巷3弄3號1樓,1850000,1040903
449,12729928,台灣科以比股份有限公司,臺中市西屯區臺灣大道四段671巷8號1樓,6700000,1040911
453,12737363,圳達貿易有限公司,臺中市烏日區仁德里信義街247巷45號1樓,1000000,1040909
457,12742703,揚諺精機股份有限公司,臺中市龍井區忠和里工業路246巷12號,60000000,1040909
459,12745271,竑穗興業有限公司,臺中市大里區永隆里3鄰永隆路595號1樓,135000000,1040907
464,12749092,群民實業股份有限公司,臺中市西屯區福康路89號1樓,8000000,1040914
475,12763875,泛洋科技有限公司,臺中市東區東信里東英五街82號1樓,1500000,1040921
477,12766330,亞斯威肯有限公司,臺中市西屯區大隆路168之2號,28000000,1040910
479,12773661,全茗股份有限公司,臺中市大肚區新興里6鄰沙田路二段102巷19弄5號,20000000,1040914
482,12775963,祥致實業有限公司,臺中市西屯區逢福里惠來路三段206之1巷42號,1000000,1040904
484,12780635,樹德企業股份有限公司,臺中市南屯區向上路二段330之6號1樓　,146600000,1040923
486,12783801,隆興禮儀有限公司,臺中市豐原區豐西里豐社路64巷4號1樓,1000000,1040915
490,12789045,油順通工業有限公司,臺中市大里區仁德里四維街7巷24號1樓,1000000,1040921
494,12792864,海思貝藝術有限公司,臺中市西區忠誠里精誠路19號地下一層之2,1000000,1040904
496,12796926,中壹資訊有限公司,臺中市南屯區大同里東興路二段186號5樓之5,5000000,1040910
501,12800908,聯勝光電股份有限公司,臺中市西屯區科園三路8號,286493400,1040904
502,12801619,岠峰企業有限公司,臺中市大雅區昌平路三段713號,10000000,1040902
503,12802130,玉蓮華實業有限公司,臺中市北屯區大德里平德路150號3樓,1000000,1040914
507,12811362,丞慶汽車有限公司,臺中市南屯區豐樂里文心南路302號1樓,28000000,1040925
511,12816541,展毅建材股份有限公司,臺中市南屯區三厝里益昌五街56號1樓,10000000,1040914
516,12820215,尚品消防工程有限公司,臺中市大里區祥興里吉善一街25號1樓,10000000,1040925
518,12823613,定欣有限公司,臺中市太平區永平路二段476巷152弄18號,10000000,1040923
521,12827239,妙果食品股份有限公司,臺中市大里區大元里國中一路31號1樓,20500000,1040918
523,12828672,喜樂之泉股份有限公司,臺中市北區錦平里中華路二段179之3號1樓,30000000,1040903
526,12833598,圓古有限公司,臺中市南屯區永春路42之66號,1300000,1040923
530,12836595,聖祐食品有限公司,臺中市西屯區福林里福科路620巷18弄22號,5000000,1040904
534,12844716,永立聖生技有限公司,臺中市大雅區雅楓里德勝路106巷10號,10000000,1040902
540,12854740,金鼎聯合科技纖維股份有限公司,臺中市豐原區東北街195號,186388440,1040907
560,12890197,晶賀科技有限公司,臺中市烏日區溪南路二段201號2樓,10000000,1040904
561,12890598,傑米國際股份有限公司,臺中市西屯區西平里西安街132號2樓,1000000,1040922
572,12902454,勁強加油站有限公司,臺中市太平區太平里永豐路三００號,3000000,1040909
573,12903762,台璣國際有限公司,臺中市西屯區惠來里市政北一路77號5樓之3,500000,1040908
574,12904087,圖框實業有限公司,臺中市南區文心南路901巷33號4樓之2,5000000,1040930
582,12918717,貿易眼國際股份有限公司,臺中市西屯區何源里文心路三段508號1-2樓,5000000,1040908
586,12922091,雙穩健包裝機械有限公司,臺中市大里區新仁里立仁路95巷30號1樓,1000000,1040928
591,12929518,仲原模精密有限公司,臺中市豐原區南田里南田街164號,1000000,1040915
636,12985779,瀚升精密機械有限公司,臺中市大雅區雅楓里德勝路81號1樓,12000000,1040908
647,12993433,鈺豐國際企業有限公司,臺中市北屯區崇德六路22號8樓之2,5000000,1040907
659,13003521,玖毅營造有限公司,臺中市梧棲區大庄里文雅街72號1樓,3000000,1040922
668,13023097,日成文化事業有限公司,臺中市西屯區何安里青海路一段151號1樓,3100000,1040902
669,13023224,宏洲不動產仲介經紀有限公司,臺中市大里區至善路195號1樓,700000,1040917
678,13037472,信輝五金有限公司,臺中市神岡區圳前里圳岸路一號,500000,1040915
682,13041503,信望愛不動產有限公司,臺中市北屯區中清路二段1062號1樓,500000,1040904
689,13054062,仁鼎營造有限公司,臺中市北屯區崇德十路一段552號2樓,3000000,1040924
698,13070719,曜星企管顧問有限公司,臺中市潭子區頭家里得福街132號1樓,5000000,1040911
705,13078043,圓大不動產經紀有限公司,臺中市西屯區何成里大墩十八街87號1樓,500000,1040921
706,13080385,宏緯國際實業有限公司,臺中市大甲區孟春里經國路1796號1樓,500000,1040911
763,13149878,南敦工程有限公司,臺中市龍井區龍津里蚵寮路255巷54弄11號1樓,20000000,1040923
821,15852533,遠東冶金股份有限公司,臺中市大甲區日南里幼一路6號,7800000,1040911
835,16017739,僑隆興股份有限公司,臺中市烏日區中山路三段176號,80000000,1040924
836,16021374,元翔塑膠股份有限公司,臺中市潭子區聚興里興豐山莊東五巷13號,7500000,1040923
847,16033359,久木有限公司,臺中市神岡區岸裡里岸興街28號1樓,5000000,1040903
850,16035650,巨力工業股份有限公司,臺中市潭子區潭陽里中山路二段283巷1弄6號,29600000,1040921
856,16045067,樂可樂食品股份有限公司,臺中市潭子區栗林里祥和路106巷21號3樓,5000000,1040918
864,16066457,開原報關股份有限公司,臺中市西區民龍里臺灣大道二段218號4樓,5000000,1040909
866,16070038,民翔環境生態研究有限公司,臺中市北區賴旺里青島路一段22號1樓,2000000,1040923
868,16072140,合美豐企業有限公司,臺中市東勢區下新里東蘭路西門巷三號一樓,5000000,1040918
936,16208907,豐邨建設股份有限公司,臺中市豐原區南村里水源路709號1樓,10000000,1040910
937,16209434,日歐企業有限公司,臺中市北區金龍里健行路180號1樓,5000000,1040930
938,16211121,松穎不動產有限公司,臺中市西屯區黎明路3段690號1樓,10000000,1040924
941,16213726,久祐實業股份有限公司,臺中市南屯區寶山六街22號1樓,39500000,1040910
942,16214062,捷順研磨材料有限公司,臺中市霧峰區本鄉里草湖路135巷53號1樓,5000000,1040903
945,16221465,匡助資訊股份有限公司,臺中市東區十甲東路186號1樓,5000000,1040916
946,16221752,龍穴酒坊有限公司,臺中市西屯區河南路一段56號,3000000,1040907
950,16226692,卡力佳企業有限公司,臺中市北區五順街9號1樓,5000000,1040917
956,16246424,阿牛工程有限公司,臺中市太平區光興路2282號1樓,2000000,1040923
970,16268637,宏碁企業股份有限公司,臺中市中區公園里市府路20號1樓,8000000,1040916
1007,16350452,百得通信有限公司,臺中市大雅區建德街39號,1000000,1040908
1008,16351775,菱山鑄造材料有限公司,臺中市東區十甲里東英十街十二號一樓,5000000,1040903
1012,16358356,長峻國際貿易有限公司,臺中市北屯區廍子里軍福九路186號2樓,5000000,1040924
1023,16379818,帝樂旅行社有限公司,臺中市西屯區何厝里四川路87巷21號,11000000,1040925
1035,16397864,長樵企業股份有限公司,臺中市東區振興里建成路792號1樓,5000000,1040908
1038,16402682,茂聚興工業有限公司,臺中市西屯區福安里福泰街113號1樓,3000000,1040907
1041,16413908,德通開發有限公司,臺中市大肚區王福街750巷48號,1000000,1040923
1090,16487371,琪豐國際有限公司,臺中市南區德義里忠孝路64之9號,3000000,1040904
1096,16499736,士欣資訊管理股份有限公司,臺中市北區五權路190號14樓之3,13500000,1040903
1101,16504463,沅基塑膠股份有限公司,臺中市梧棲區草湳里南環路22號,106799000,1040925
1109,16513574,穎鑫石材有限公司,臺中市南屯區東興路二段一八六號八樓之六,10000000,1040901
1110,16513603,陸豪科技有限公司,臺中市南屯區文心南五路675號1樓,4000000,1040916
1111,16520575,相品建設股份有限公司,臺中市潭子區頭家里中山路一段362巷35弄12號1樓,25000000,1040903
1112,16524881,三元甲水電工程有限公司,臺中市南屯區春社里永春北路73號4樓,2000000,1040910
1115,16528372,期新實業有限公司,臺中市烏日區仁德里信義街309巷6號1樓,1000000,1040901
1121,16549102,天台砂石股份有限公司,臺中市大雅區東大路二段975號1樓,14250000,1040909
1123,16553174,三佳電腦有限公司,臺中市北區德化街678之2號1樓,6000000,1040921
1124,16553549,瑞銘五金興業有限公司,臺中市烏日區九德里中山路一段178號1樓,5000000,1040909
1125,16553787,金美實業有限公司,臺中市東勢區新盛里東關路625之36號1樓,1000000,1040918
1128,16557376,裕唐汽車股份有限公司,臺中市北屯區仁和里松竹路三段8號1樓,200000000,1040911
1133,16570343,國際庫板興業有限公司,臺中市西屯區福中里中工二路78號1樓,3000000,1040921
1140,16578231,崧維實業股份有限公司,臺中市豐原區合作街76巷21號1樓,10000000,1040901
1175,16641537,和徠企業有限公司,臺中市潭子區潭陽里光陽路34號,1000000,1040907
1177,16643916,正鑫科技興業有限公司,臺中市北屯區遼陽五街93之3號4樓,2000000,1040924
1181,16650893,景祺機械工業有限公司,臺中市大安區中庄里南海路104巷31號1樓,2000000,1040902
1184,16653224,豐嵃工程企業有限公司,臺中市南屯區永順路688號2樓,3000000,1040923
1186,16660409,國炬企業有限公司,臺中市大里區大明里中興路二段671巷8弄5號14樓,5000000,1040902
1195,16686695,坤郁營造有限公司,臺中市太平區新平路三段160巷9號1樓,3000000,1040907
1198,16687786,正豐祭祀用品有限公司,臺中市大雅區橫山里永和路六甲巷4之11號1樓,5000000,1040914
1205,16697927,平宇塑膠實業有限公司,臺中市大里區瑞城里中興路一段26巷55號,4500000,1040923
1209,16701133,德春國際股份有限公司,臺中市梧棲區草湳里緯四路8號,70000000,1040922
1213,16703890,天翔通信有限公司,臺中市北區漢口路3段77號1樓,5000000,1040907
1214,16704357,陽碩科技股份有限公司,臺中市西屯區西屯路二段256巷6號14樓之1,5000000,1040924
1220,16718556,優式國際股份有限公司,臺中市豐原區田心里大明路63號,15000000,1040921
1221,16719767,全瑩國際股份有限公司,臺中市潭子區大富路三段45巷3號,20000000,1040914
1222,16722587,上好印刷股份有限公司,臺中市西屯區大河里大河街45號1樓,84150000,1040903
1226,16728718,吉峰交通有限公司,臺中市霧峰區萬豐里中正路146巷61弄5號1樓,25000000,1040915
1227,16729028,金曲音響有限公司,臺中市北區雙十路二段47之4號1樓,1000000,1040917
1234,16737553,盟豐機械有限公司,臺中市太平區鵬儀路461巷15號1樓,2000000,1040917
1238,16744457,竣閔投資股份有限公司,臺中市西屯區工業區一路98之32號2樓,176000000,1040911
1255,16771382,尚穩環保科技股份有限公司,臺中市西屯區臺灣大道四段2088號,130000000,1040908
1313,16844792,達發投資股份有限公司,臺中市西區臺灣大道二段285號19樓之1,180000000,1040916
1319,16863495,萬年清環境工程股份有限公司,臺中市西屯區惠來里市政南一路12號3樓之1,150000000,1040904
1322,16864276,耀鑽營造股份有限公司,臺中市北屯區水景里景賢路312號1樓,3000000,1040915
1330,16876272,金大誠企業有限公司,臺中市東區建興街76號1樓,28000000,1040903
1337,16897684,威鈦機械股份有限公司,臺中市梧棲區興農里中央路一段292之3號,10000000,1040921
1357,16912030,廣合發企業有限公司,臺中市西區忠明里健行路964巷76號7樓之2,1000000,1040917
1360,16916535,達昀國際股份有限公司,臺中市大雅區龍善二街20號,15000000,1040917
1361,16917035,頌曜工程有限公司,臺中市北屯區三光里北屯路210號7樓之23,3000000,1040925
1365,16921375,勁松營造有限公司,臺中市霧峰區本堂里育群路113號1樓,6000000,1040902
1374,16937721,鉑德製網工業股份有限公司,臺中市神岡區社口里社口街26號　,5000000,1040925
1378,16941295,亞佳精密工業股份有限公司,臺中市潭子區甘蔗里勝利路33號,9800000,1040909
1384,16959935,聯恆精密機械股份有限公司,臺中市太平區德隆里工業十五路35號,100000000,1040921
1386,16961973,台輝環保工程有限公司,臺中市龍井區三港路水裡港巷22之1號1樓,1000000,1040908
1398,16985005,全民通電訊有限公司,臺中市北區進化北路303號1樓,3000000,1040904
1446,20845885,其履股份有限公司,臺中市西區大忠里忠明南路270號9樓之2,25000000,1040928
1475,20982120,鑽全實業股份有限公司,臺中市西屯區工業區36路24號,1379606400,1040911
1500,22053183,松讚實業股份有限公司,臺中市豐原區南村里水源路395巷24號,100000000,1040916
1506,22064132,興泰預拌混凝土股份有限公司,臺中市石岡區和盛里豐勢路1巷60號1樓　,89495000,1040921
1509,22068524,親親育樂股份有限公司,臺中市北區北屯路14號、地下1樓-1、2樓-3、3樓-1、3樓-2、14-1號、14-2號、14-3號,130000000,1040902
1512,22077235,臺灣防火板股份有限公司,臺中市西屯區工業區35路2-2號,47000000,1040902
1513,22077734,海峰機械工業股份有限公司,臺中市神岡區新庄里19鄰和睦路一段742巷21號,50000000,1040916
1514,22081759,瑞于自動化有限公司,臺中市南屯區永春東路303號1樓,5000000,1040917
1538,22103183,長伸印刷器材有限公司,臺中市北屯區廍子里軍福九路186號2樓,5000000,1040924
1539,22105529,迪晟工業有限公司,臺中市豐原區北陽里南陽路58巷288號,5000000,1040904
1546,22130415,百強工業有限公司,臺中市豐原區南嵩里水源路115巷68弄12號,5000000,1040918
1548,22134496,嘉能印刷事業有限公司,臺中市北區梅川東路三段一三六號,1000000,1040921
1557,22175469,颱鑫實業有限公司,臺中市豐原區豐南街92巷26弄7之5號,10000000,1040911
1573,22219852,巧助實業有限公司,臺中市潭子區潭陽里圓通南路94巷29號,5000000,1040915
1577,22228114,橋鋒機械廠股份有限公司,臺中市太平區鵬儀路320巷14弄1號,65000000,1040901
1580,22245063,台茂高分子科學股份有限公司,臺中市大肚區社腳里沙田路一段854巷67之1號,45000000,1040904
1585,22268369,馨向企業管理顧問有限公司,臺中市北區德化街130巷13號5樓之3,5000000,1040901
1588,22271385,合翔塑膠股份有限公司,臺中市后里區仁里里圳寮路48號,5000000,1040918
1595,22275306,呈順有限公司,臺中市霧峰區吉峰里民生路210巷1號1樓,1000000,1040910
1600,22289126,台茂農業股份有限公司,臺中市大肚區社腳里沙田路一段854巷67之1號,58000000,1040917
1601,22294325,陽基營造股份有限公司,臺中市北屯區崇德路2段250號6樓,22500000,1040918
1609,22303582,余達工業股份有限公司,臺中市太平區德隆里工業十四路8號,60000000,1040901
1612,22309066,泰田實業股份有限公司,臺中市清水區海風里和睦路二段95巷22號,20000000,1040908
1621,22340019,台灣發那科股份有限公司,臺中市西屯區協和里工業區16路10號,1448190000,1040911
1635,22370239,大具企業股份有限公司,臺中市霧峰區甲寅里自強路97之3號,10000000,1040923
1641,22384156,剪刀莊實業股份有限公司,臺中市北屯區同榮路292號1樓,3500000,1040916
1649,22398573,石昇實業股份有限公司,臺中市龍井區忠和里工業路166號,7000000,1040902
1653,22413510,生合企業股份有限公司,臺中市東區東信里振興路412巷110號1樓,2000000,1040923
1655,22415545,紀順機電工業股份有限公司,臺中市烏日區北里里太明路成豐巷46之9號,27000000,1040917
1656,22415735,錦億網版有限公司,臺中市大里區仁德里至善路232號,20000000,1040915
1674,22474868,楷林藝彩企業有限公司,臺中市西屯區協和里工業區三十二路57號1樓,56000000,1040914
1675,22478490,力維股份有限公司,臺中市北屯區經貿一路13巷1號,12500000,1040915
1676,22479955,大寶塗料股份有限公司,臺中市太平區德隆里工業十六路26號,12000000,1040924
1680,22493318,三他工業有限公司,臺中市大里區瑞城里中興路一段2巷81弄55號,3000000,1040901
1681,22499832,櫻騰實業有限公司,臺中市西屯區何南里臺灣大道二段777巷2弄6號1樓,15000000,1040915
1683,22500818,育聰實業有限公司,臺中市大肚區王田里王福街2巷26號,5000000,1040925
1686,22505335,嶠豐企業有限公司,臺中市外埔區水美里二崁路588巷32號,5000000,1040914
1705,22557754,廣得利膠囊股份有限公司,臺中市大雅區民生路三段180巷15號,60000000,1040910
1706,22560391,詠貿塑膠有限公司,臺中市南屯區大英西一街53號1樓,5000000,1040920
1709,22568295,誠鑫股份有限公司,臺中市大里區仁化路221巷27號,5000000,1040923
1714,22578293,恩澤企業有限公司,臺中市清水區南社里星海路105巷27號,500000,1040918
1719,22585560,貝爾國際資訊股份有限公司,臺中市北屯區麻園西街58號1樓,5000000,1040915
1720,22585999,慶福電機工業有限公司,臺中市龍井區龍津街245巷10號,20000000,1040909
1722,22589806,美來企業股份有限公司,臺中市北區五常里五權路377號1樓、8至11樓,150000000,1040902
1725,22597658,亞和機械股份有限公司,臺中市大肚區王田里沙田路一段320巷33之30號,5000000,1040909
1764,22666275,高銘皮件實業股份有限公司,臺中市豐原區豐圳里成功路623號,3000000,1040904
1768,22673986,廣達混凝土股份有限公司,臺中市南屯區工業區二十路20號,165000000,1040907
1769,22674367,東發電機股份有限公司,臺中市豐原區朴子里朴子街450號,6000000,1040918
1772,22682296,帝杰工業股份有限公司,臺中市豐原區鐮村路465巷64弄95號,5000000,1040901
1777,22699326,國裕實業股份有限公司,臺中市大甲區日南里中山路二段918-103號1樓,12000000,1040924
1779,22703813,台新包裝材料股份有限公司,臺中市西屯區協和里工業區28路406號,39600000,1040914
1780,22704926,呈昕機械工業股份有限公司,臺中市大里區樹王里福德路51號1樓,10000000,1040904
1806,22764965,順天建設股份有限公司,臺中市西屯區文心路2段201號3樓,2530908190,1040917
1807,22768499,日南自動化有限公司,臺中市豐原區北陽里中陽路277巷8號,5000000,1040924
1810,22777510,高鼎精密材料股份有限公司,臺中市南屯區工業區二十一路35號1樓,300000000,1040925
1815,22793672,泰樂旅行社有限公司,臺中市中區臺灣大道一段501號7樓之3,6000000,1040910
1816,22795762,富達旅行社股份有限公司,臺中市西屯區文心路三段236號10樓,11000000,1040914
1818,22800054,龍銀交通股份有限公司,臺中市大甲區岷山里水源路567號,16000000,1040904
1820,22807269,萬代好文化育樂股份有限公司,臺中市北區明德里太原路一段474號,28000000,1040902
1822,22810784,康樂旅行社股份有限公司,臺中市西區公民里林森路154號1樓,3000000,1040917
1823,22815710,金頌企業股份有限公司,臺中市西屯區工業區三七路18號1樓、2樓,110000000,1040925
1824,22815850,松亞工業股份有限公司,臺中市潭子區頭家東里中山路一段480巷13號　,25000000,1040915
1856,22909575,麗嘉企業股份有限公司,臺中市大甲區日南里幼九路六號一樓,10000000,1040910
1857,22909792,高暉工業有限公司,臺中市大里區中興路2段73之10號,6000000,1040923
1858,22909890,勝品科技股份有限公司,臺中市神岡區社南里社南街5巷30號1樓,60000000,1040922
1863,22920678,程偉企業有限公司,臺中市大里區東湖里景庄街146號,1700000,1040925
1872,22933580,銀鴻鋁業股份有限公司,臺中市大肚區福山里王福街1040號,24500000,1040922
1882,22942188,東成加油站股份有限公司,臺中市東勢區慶福里慶福里東關街206之2號,20000000,1040909
1893,22961972,鎂光熱處理廠股份有限公司,臺中市神岡區三角里大富路112號,20000000,1040915
1894,22967244,增泰砂石股份有限公司,臺中市石岡區和盛里豐勢路1巷臨58號,27000000,1040923
1899,22981668,東豐閣股份有限公司,臺中市西屯區福恩里工業區一路60之2號6樓之5,36000000,1040904
1903,22990266,鼎舜實業股份有限公司,臺中市神岡區豐洲里豐洲路299號,15000000,1040904
1904,22990293,信濃營造股份有限公司,臺中市西屯區華美西街二段311號13樓之2,100000000,1040923
1906,22994100,汎倫實業股份有限公司,臺中市大雅區秀山里平和一路11號,5100000,1040917
1910,22998422,三景塑膠實業股份有限公司,臺中市烏日區光明里五光路805巷26號,30000000,1040915
1919,23006821,東廈企業股份有限公司,臺中市豐原區田心里中山路45號,12000000,1040916
1937,23062793,台環木業股份有限公司,臺中市西屯區永安里西林巷29-7號,5000000,1040904
1942,23075880,欣余企業有限公司,臺中市大肚區王田里王福街530巷75號,5000000,1040922
1946,23081911,良紀機械企業有限公司,臺中市豐原區三村里大明路179號1樓,1000000,1040923
1949,23083967,懋億企業股份有限公司,臺中市豐原區翁明里豐勢路一段232號,6000000,1040904
1954,23096225,超智三溫暖器材有限公司,臺中市大雅區二和里神林南路239號1樓,1000000,1040907
1955,23096371,維亮機械股份有限公司,臺中市大里區夏田里國中路468號,8000000,1040903
1956,23097202,日昶機械股份有限公司,臺中市豐原區南田里水源路192巷57之20號,2000000,1040922
1963,23110084,運騰工業股份有限公司,臺中市太平區永平路二段9巷2號,20000000,1040904
1965,23113033,華太建設股份有限公司,臺中市西區中興街229號12樓,170000000,1040918
1989,23171482,太元展農業科技開發有限公司,臺中市烏日區螺潭里溪南路二段68巷295弄11號1樓,15000000,1040921
1992,23181019,弘興模具股份有限公司,臺中市潭子區潭陽里潭興路二段261巷33號,3600000,1040915
1998,23191425,國都大飯店股份有限公司,臺中市梧棲區大智路二段346號,80000000,1040923
2003,23211490,勝昌塗料股份有限公司,臺中市大里區瑞城里中興路一段2巷81弄31號,6000000,1040904
2015,23226873,台灣贊和股份有限公司,臺中市東區東光園路282之1號1樓,13864000,1040924
2021,23245294,恩喜益研磨材料有限公司,臺中市霧峰區本鄉里草湖路179號,18000000,1040902
2023,23249290,富億機械有限公司,臺中市東區喬城一街136號1樓,5000000,1040903
2028,23265679,力詮興業股份有限公司,臺中市梧棲區永安里港埠路一段147號,5000000,1040923
2031,23269507,采石積廣告事業有限公司,臺中市西區土庫里美村路一段566號12樓之3,1000000,1040923
2065,23367850,三協資訊股份有限公司,臺中市南區福平里美村路2段186號3樓之1,30000000,1040915
2069,23381641,來成塑膠企業股份有限公司,臺中市外埔區水美里水美路227號,10000000,1040902
2076,23399500,健筌塑膠有限公司,臺中市大甲區南陽里水源路13巷20弄2號,5000000,1040908
2080,23409922,六贏股份有限公司,臺中市龍井區中社一街132號1樓,2000000,1040924
2114,23474198,豐農證券股份有限公司,臺中市豐原區水源路669號,200000000,1040908
2121,23491160,辰鉅表面處理股份有限公司,臺中市烏日區溪南路一段126巷395弄328號,10000000,1040918
2124,23503047,上銀科技股份有限公司,臺中市南屯區文山里精科路7號,2692784560,1040902
2126,23515661,佳鈦工業股份有限公司,臺中市太平區鵬儀路296巷6弄78號,14300000,1040923
2132,23526457,台灣佳思克股份有限公司,臺中市大雅區永和路112之20號1樓,9000000,1040918
2142,23553860,琇盟生技股份有限公司,臺中市南屯區豐樂里文心南五路247號1樓,5000000,1040911
2164,23641822,鄉林建設事業股份有限公司,臺中市西區忠明里臺灣大道2段408號1樓,8823100000,1040902
2182,23688662,錩達企業股份有限公司,臺中市潭子區嘉仁里光陽路200號,29000000,1040907
2188,23703452,僑威機械股份有限公司,臺中市龍井區忠和里西濱路三段19號,5000000,1040918
2189,23704190,勝美紙業股份有限公司,臺中市豐原區三村里合作街160巷2弄6號,2500000,1040916
2193,23709300,里陽汽車股份有限公司,臺中市大里區大元里國光路一段78號,20000000,1040924
2202,23737805,偉茲國際貿易股份有限公司,臺中市南區福平里忠明南路787號4樓,5000000,1040916
2224,23781153,江宮商事股份有限公司,臺中市西區大業北路11號1樓,20000000,1040921
2226,23785989,彰盈有限公司,臺中市東勢區新盛里東關路640之8號1樓,5000000,1040904
2227,23788326,加成興業有限公司,臺中市大肚區王田里王福街135號,2000000,1040921
2231,23796640,迎佳試驗儀器股份有限公司,臺中市南區樹義6巷6之3號,6000000,1040915
2233,23802050,捷勵國際股份有限公司,臺中市北屯區東光里北屯路294號,35000000,1040915
2237,23817976,歐麗姿特國際事業有限公司,臺中市北區華美街2段320號1樓,5000000,1040923
2246,23832929,翔昱電機有限公司,臺中市太平區建和街11巷6號1樓,2000000,1040915
2247,23836283,閤祥重機械有限公司,臺中市西屯區廣福里中清路三段323號1樓,1000000,1040925
2250,23841146,超飛實業股份有限公司,臺中市北區明德里忠明路211號6樓之2,20000000,1040915
2255,23852585,天稘生物科技股份有限公司,臺中市西屯區天水中街4號1樓,10000000,1040917
2259,23872409,鋒吉機械股份有限公司,臺中市神岡區神洲里神洲路458巷5號1樓,5000000,1040909
2288,23933052,鉦旺企業股份有限公司,臺中市霧峰區丁台里丁台路525之1號,5000000,1040924
2291,23942799,江岱電機行股份有限公司,臺中市大甲區義和里中山路1段745號,25500000,1040920
2293,23948983,業豐營造有限公司,臺中市北區民權路559號11樓之3,42500000,1040917
2319,24203223,易珈生技股份有限公司,臺中市南區忠明南路787號27樓,10500000,1040925
2321,24204124,豐正貿易有限公司,臺中市南區五權南路646號1樓,2000000,1040924
2325,24206621,旭瑞興業股份有限公司,臺中市南區福順里忠明南路795之2號12樓,2800000,1040923
2328,24208901,弘凌科技股份有限公司,臺中市南屯區東興路一段466號1樓,3000000,1040902
2347,24225232,天使花園國際有限公司,臺中市西屯區惠來里河南路四段215號1樓,1000000,1040923
2354,24236884,毅達精密影像科技股份有限公司,臺中市大雅區大楓里民富街78號,10000000,1040907
2355,24238264,宏騰光電股份有限公司,臺中市梧棲區永興路二段378巷25號,580000000,1040925
2356,24238601,禾盛環保事業有限公司,臺中市烏日區烏日里民權街88號1樓,1000000,1040916
2366,24244006,家煒企業有限公司,臺中市太平區新福路572號,500000,1040907
2367,24245119,優寶貝教育文化股份有限公司,臺中市南屯區惠中里文心路一段371號4樓,2000000,1040924
2376,24250581,康和登科技股份有限公司,臺中市南屯區文心南二路433號,15000000,1040903
2383,24254334,佳亨投資有限公司,臺中市西屯區太原路1段11號1樓,45000000,1040925
2386,24255333,億盛開發股份有限公司,臺中市西屯區何南里臺灣大道二段689號5樓,10000000,1040909
2390,24258704,博智銳科技有限公司,臺中市大甲區順帆路152號,5000000,1040904
2394,24261378,麗美砂石企業有限公司,臺中市豐原區東湳里三豐路662巷59弄8號,500000,1040923
2397,24265796,京滬國際實業有限公司,臺中市大雅區四德里中清東路39號1樓,3000000,1040903
2400,24268800,統信肉品有限公司,臺中市西屯區廣福路207號,7500000,1040904
2401,24269441,伍正工業股份有限公司,臺中市烏日區九德里中華路385巷15號,5000000,1040922
2404,24274900,天鈾機械有限公司,臺中市霧峰區本堂里林森路435號,3000000,1040922
2406,24276479,創浩整合行銷股份有限公司,臺中市南區忠明南路767號,1000000,1040915
2410,24281971,秀景企業股份有限公司,臺中市大雅區忠義里清泉路27號1樓,2000000,1040911
2412,24283534,一生不動產經紀有限公司,臺中市西屯區青海路二段490號1樓,250000,1040930
2414,24285527,一世不動產經紀有限公司,臺中市南屯區大墩路273號1樓,250000,1040925
2465,24330353,鴻鉅建設股份有限公司,臺中市西區大隆路20號6樓之7,50000000,1040903
2488,24345834,印雜有限公司,臺中市烏日區長春街165巷10號,500000,1040923
2497,24353117,明宙投資股份有限公司,臺中市外埔區鐵山里長生路249巷1號1樓,51800000,1040914
2514,24367962,鋐陽生物科技有限公司,臺中市北區崇德路一段631號14樓之2,1000000,1040923
2516,24369265,威竑實業有限公司,臺中市西屯區廣福里中科路1727號,5000000,1040901
2517,24369856,美尼亞國際有限公司,臺中市西屯區西墩里黎明路3段163、165、167號1樓,30000000,1040908
2519,24373015,瑞信醫療器材有限公司,臺中市太平區宜佳里宜安街46號1樓,5000000,1040921
2523,24374892,合棋文化事業有限公司,臺中市北屯區軍功里東山路1段231號,3000000,1040902
2528,24377238,全中五金有限公司,臺中市潭子區中山路二段241巷50號1樓,1000000,1040923
2540,24389608,維駿工業股份有限公司,臺中市大里區大元里現岱路16巷6弄5號1樓,5000000,1040901
2541,24389706,錸富國際科技有限公司,臺中市沙鹿區南勢里鎮南路1段369巷21號3樓,250000,1040921
2555,24397044,嘉太東有限公司,臺中市中區公園里民族路64號2樓之3,3000000,1040903
2557,24399015,萬潤建設有限公司,臺中市西區五權西二街150號1樓,29000000,1040904
2581,24415916,興岳貿易股份有限公司,臺中市神岡區豐洲里豐洲路299號1樓,12000000,1040908
2582,24416387,琍達國際企業有限公司,臺中市西屯區大鵬里文心路3段241號2樓之1,10000000,1040924
2588,24423211,升盧不動產房屋經紀有限公司,臺中市清水區民安路339號1樓,250000,1040907
2591,24424886,冠承機械有限公司,臺中市大里區東湖里利民街7巷40號1樓,3600000,1040901
2596,24430780,威柏網路行銷有限公司,臺中市西屯區逢福里文華路永新巷北一弄10號,500000,1040917
2604,24433267,首岳資訊網路股份有限公司,臺中市北區文心路四段200號8樓之1,5000000,1040916
2608,24437067,泓星興業有限公司,臺中市北屯區松竹里熱河路三段149號1樓,3000000,1040907
2610,24438495,新力不動產開發有限公司,臺中市西屯區惠來里惠中路二段72號2樓,300000,1040912
2611,24438615,網銀國際股份有限公司,臺中市西屯區市政北二路238號28樓之1,325000000,1040909
2613,24438811,連奕興業有限公司,臺中市龍井區新東里遊園南路97號1樓,1000000,1040922
2632,24453116,証翔鋼材事業有限公司,臺中市南區瑞豐街90號2樓,10000000,1040924
2864,24569242,台善生技股份有限公司,臺中市西屯區協和里工業區38路62號,5000000,1040902
2905,24579023,台灣勁越能源科技股份有限公司,臺中市南屯區豐功路36號1樓,2000000,1040917
2906,24579852,燦宇國際有限公司,臺中市北區北區光大里五權路190號10樓之6,2000000,1040903
2907,24580632,喬健建設有限公司,臺中市大里區祥興里大智路492巷10號1樓,21000000,1040918
2908,24581962,樂高人力派遣有限公司,臺中市北屯區山西路二段222號3樓,300000,1040917
2909,24582293,大海岸投資股份有限公司,臺中市西區臺灣大道二段285號19樓之1,16000000,1040916
2910,24582759,博立科技有限公司,臺中市南屯區三義里黎明東街507號9樓,1000000,1040921
2911,24583357,永安堂國際生物科技有限公司,臺中市北屯區安順東二街67號,5000000,1040916
2912,24584503,翔順電器有限公司,臺中市大里區永隆里爽文路975號一樓,1000000,1040915
2913,24584953,九采國際事業有限公司,臺中市西屯區惠來里市政路500號24樓之8,1000000,1040910
2914,24585334,澄品廣告有限公司,臺中市西區藍興里三民路一段103號7樓之2,1100000,1040902
2915,24586501,俊宇開發有限公司,臺中市太平區樹孝路76號1樓,1000000,1040916
2916,24586805,歐力士興業有限公司,臺中市南屯區南屯里文昌街169號2樓,2100000,1040923
2917,24587017,磐石體育有限公司,臺中市大里區西湖里草湖路131巷9弄2號1樓,5000000,1040923
2918,24587261,宅盛不動產開發有限公司,臺中市太平區樹孝路274巷24號1樓,1000000,1040901
2919,24588347,晁銘電機工程有限公司,臺中市梧棲區頂寮里港埠路二段431巷53號,2000000,1040918
2920,24588661,晉陞企業有限公司,臺中市烏日區五光路550之1號,100000,1040915
2921,24588846,永翔國際有限公司,臺中市南區福興里福新街33-1號1樓,2000000,1040924
2922,24589232,凱竣有限公司,臺中市北區賴福里中清路一段430號1樓,2000000,1040922
2923,24589303,欣泰工貿有限公司,臺中市北區健行里忠明路424號6樓之1,2000000,1040907
2924,24590174,喜寶跨境電子商務股份有限公司,臺中市大里區大元里國中路176巷2弄11號1樓,5000000,1040903
2925,24590195,泰沂建設股份有限公司,臺中市北區頂厝里崇德路一段579號10樓之1,10000000,1040925
2927,24590884,光巨科技股份有限公司,臺中市大里區大峰路293巷8號,1000000,1040916
2929,24591722,邦迪貿易有限公司,臺中市清水區槺榔里中橫十三路28號1樓,5000000,1040901
2930,24591928,馬來阿里生物科技有限公司,臺中市南區永興里工學二街217號8樓之2,2000000,1040907
2931,24592588,栢愷國際有限公司,臺中市大雅區橫山里永和路六甲巷15之18號,300000,1040911
2932,24592911,佳緣雲端國際有限公司,臺中市南區福順里忠明南路787號10樓,2000000,1040910
2933,24593209,完美境界國際有限公司,臺中市西區民龍里臺灣大道二段285號12樓之1,7800000,1040907
2934,24594087,冠麟工程有限公司,臺中市南屯區同心里文心路一段186號11樓之10,1000000,1040923
2935,24594354,郁特里洛形象設計有限公司,臺中市西屯區皇城街71號,100000,1040922
2936,24594468,旅人驛國際股份有限公司,臺中市北區淡溝里臺灣大道二段360號14樓之3,5000000,1040910
2937,24594642,全盈企業有限公司,臺中市清水區楊厝里和睦路二段486號,1000000,1040907
2938,24594869,群英創意媒體股份有限公司,臺中市南區福順里忠明南路789號11樓之1,3100000,1040903
2939,24594951,錸諾實業有限公司,臺中市西屯區何厝里漢口路二段27巷4號1樓,5000000,1040909
2940,24595190,永麒地產有限公司,臺中市西屯區何南里大墩路958號1樓,1000000,1040915
2941,24595537,頂將國際行銷有限公司,臺中市南區福順里忠明南路789號11樓之1,2000000,1040914
2942,24595543,鋒穎貿易股份有限公司,臺中市大甲區經國路1001號1樓,5000000,1040908
2943,24595733,辰昱工業有限公司,臺中市南屯區文昌街189號2樓,1000000,1040915
2944,24595804,綠開發股份有限公司,臺中市西屯區何成里大容東一街37號,10050000,1040922
2945,24596304,懷親企業股份有限公司,臺中市西區臺灣大道二段285號7樓之3,2000000,1040910
2946,24597227,林佳邦貿易有限公司,臺中市外埔區中山里大馬路238號,500000,1040901
2947,24597401,颺得資訊有限公司,臺中市北區光大里五權路190號12樓之7,1000000,1040924
2948,24597465,朋隆投資股份有限公司,臺中市大雅區員林里雅環路三段大明一巷31號,5000000,1040909
2949,24597726,綠恩有機農業有限公司,臺中市南屯區大業路180號6樓之5,5000000,1040923
2950,24597768,大榮工程有限公司,臺中市西區公正里公益路363號9樓之7,3000000,1040903
2951,24597866,遠雄貨運股份有限公司,臺中市大雅區文雅里中和三路73號,25000000,1040901
2952,24597985,樹伴文創有限公司,臺中市北屯區仁美里28鄰豐樂路32-2號附5一樓,1000000,1040909
2953,24598226,台灣史密斯汽車股份有限公司,臺中市太平區中平九街128號1樓,1000000,1040928
2954,24598295,米沃有限公司,臺中市中區公園里民族路64號9樓之7,500000,1040915
2956,24598669,尹諾威國際有限公司,臺中市清水區下湳里中山路438之8號,2000000,1040918
2957,24599203,錦楊有限公司,臺中市北區中清路一段676號1樓,1500000,1040902
2958,24599273,固特優科技工程有限公司,臺中市西屯區福和里臺灣大道四段671巷10號1樓,1000000,1040925
2959,24599891,新錡資訊有限公司,臺中市西區忠誠里臺灣大道二段501號22樓之1,500000,1040923
2960,24601019,武霖茶藝有限公司,臺中市南區和平里南平路2之19號1樓,1000000,1040914
2961,24601192,今日油壓機械有限公司,臺中市南屯區黎明路一段1086巷37之1弄8號1樓,1000000,1040916
2962,24601518,合浦科技有限公司,臺中市大里區大元里大衛路43號2樓,2000000,1040916
2963,24601550,奧特商業股份有限公司,臺中市西屯區文心路二段201號16樓之8,1000000,1040921
2964,24601593,長昌機械有限公司,臺中市大雅區春亭二街16號1樓,1000000,1040901
2965,24601881,展毅機械有限公司,臺中市南屯區文山里文山十街63號4樓之1,1800000,1040908
2966,24603516,沙崙玫瑰健康事業有限公司,臺中市東勢區新盛里東坑路133巷30號,500000,1040901
2967,24603706,多芳資訊科技有限公司,臺中市太平區中山里中源街3巷22號1樓,1000000,1040930
2968,24603776,馥東有限公司,臺中市太平區宜昌里中山路三段1巷56弄3號1樓,4000000,1040908
2969,24604183,勝炘科技有限公司,臺中市后里區眉山里三月路16之25號,3000000,1040916
2970,24604402,永佳工程有限公司,臺中市北屯區松竹里熱河路三段69巷8號,500000,1040910
2972,24605042,樂山環保服務有限公司,臺中市豐原區中陽路439巷27號1樓,5500000,1040930
2973,24605541,大竑建設股份有限公司,臺中市西區大忠南街33號,5000000,1040914
2974,24605839,卡特琳娜國際珠寶股份有限公司,臺中市西屯區至善路121巷15號1樓,5000000,1040924
2975,24605887,駿燿國際貿易有限公司,臺中市烏日區溪埧里溪南路一段506巷68號,1000000,1040924
2976,24605970,群釩科技股份有限公司,臺中市烏日區溪尾里溪岸路4之1號,6000000,1040909
2977,24606730,麥味屋餐飲股份有限公司,臺中市南屯區三和里河南路四段462號,10000000,1040909
2978,24607082,鑫順傑工程有限公司,臺中市霧峰區四德里四德路503巷33號1樓,1000000,1040908
2979,24607365,五餅二魚國際企業有限公司,臺中市西屯區至善里至善路121巷15號1樓,1000000,1040922
3020,24625856,宸祐國際有限公司,臺中市西區三民西路68號1樓,1000000,1040923
3487,24795697,美商畢沃特股份有限公司,臺中市太平區宜欣里溪洲路130巷2號,775000,1040916
3490,24819092,手拉生活股份有限公司,臺中市北區崇德路一段479號1樓、2樓,25000000,1040918
3491,24819585,聚龍陶瓷有限公司,臺中市北區賴厝里太原路二段225號1樓,2000000,1040916
3492,24819641,永結同心投資股份有限公司,臺中市北區健行里忠明路502之7號3樓之3,3500000,1040924
3493,24820387,高原豐機械有限公司,臺中市神岡區豐洲里前寮路85之5號1樓,2000000,1040921
3494,24820751,欣富發企業有限公司,臺中市南屯區大同里大墩七街47號1樓,2000000,1040910
3495,24820817,汯騰股份有限公司,臺中市北屯區松義街186號6樓,3000000,1040925
3496,24821040,佶羱科技有限公司,臺中市南屯區大墩四街321號地下一層,14000000,1040917
3497,24821793,源豐不動產有限公司,臺中市大里區甲堤南路72號1樓,1000000,1040918
3498,24821837,強伸科技有限公司,臺中市北屯區后庄里中清路二段796號4樓,100000,1040921
3499,24823027,中嘉國際企業有限公司,臺中市北區頂厝里崇德路一段629號19樓之2,8000000,1040916
3500,24823315,派脆客有限公司,臺中市大肚區社腳里沙田路一段710巷21之6號1樓,500000,1040924
3501,24823912,嘉三國際有限公司,臺中市霧峰區甲寅里林森路971之6號,10000000,1040911
3502,24824187,佰辰貿易有限公司,臺中市北區賴旺里青島西街41之1號1樓,1000000,1040923
3503,24824905,水城市科技淨水有限公司,臺中市南區永興里工學一街167巷1號1樓,200000,1040922
3504,24825263,鵲絲旅店有限公司,臺中市西屯區西平里福星路232號1樓,50000000,1040904
3505,24825572,尚容國際實業有限公司,臺中市西屯區市政北二路236號11樓之6,1000000,1040901
3506,24826045,星斗雲國際旅行社有限公司,臺中市東區旱溪西路一段221號1樓,8000000,1040921
3507,24826468,七澄建築有限公司,臺中市西區臺灣大道二段501號18樓之1,1500000,1040907
3509,24826782,惠青工程有限公司,臺中市南屯區寶山里嶺東路916之3號5樓之26,1000000,1040917
3510,24827121,御采堂生技食品有限公司,臺中市西區公舘里民興街105號1樓,5000000,1040910
3511,24827467,聚邦開發有限公司,臺中市西區大隆路20號13樓之2,5000000,1040917
3512,24827733,台灣樂思購國際有限公司,臺中市北屯區東光里東山路一段143之5號1樓,120000,1040923
3513,24827760,宇新機車材料有限公司,臺中市豐原區社皮里中正路737巷15號,1200000,1040923
3514,24828424,富毓自動控制有限公司,臺中市烏日區溪埧里環中路八段600之5號,1600000,1040908
3515,24828466,靚德生醫科技股份有限公司,臺中市西屯區福和里臺灣大道四段847號11樓,13000000,1040908
3516,24829508,趣遊國際旅行社有限公司,臺中市西區民龍里臺灣大道二段218號12樓之2,6000000,1040911
3517,24829747,奇葳有限公司,臺中市大雅區六寶里中清路四段773巷53號1樓,6000000,1040914
3518,24831286,創新改革國際工業有限公司,臺中市北區建成里東城路86號1樓,100000,1040901
3519,24831700,元心科技有限公司,臺中市烏日區五光里環中路七段345巷9號1樓,1000000,1040922
3520,24831737,台豐運搬設備股份有限公司,臺中市大雅區神林路一段269號,911748000,1040915
3521,24832308,壹旺有限公司,臺中市北屯區水湳里文心路四段81號9樓之1,1200000,1040907
3522,24832530,隆星精貿有限公司,臺中市南屯區田心里大墩四街321號地下一層,300000,1040903
3523,24833019,寶信生醫股份有限公司,臺中市大里區金城里中興路一段大明巷18弄31號1樓,5000000,1040923
3524,24833165,星羽電子商務有限公司,臺中市南屯區公益路二段61號14樓之2,100000,1040909
3525,24833670,永琦企業有限公司,臺中市東區十甲路35巷6弄14號,1500000,1040914
3526,24834306,叱吒創意行銷有限公司,臺中市大甲區武曲里大安港路417號1樓,1000000,1040923
3527,24834360,恩恒實業有限公司,臺中市大甲區建興里如意路25之22號,1000000,1040925
3528,24835754,傳億國際開發有限公司,臺中市南屯區豐樂里文心南二路500號1樓,1500000,1040922
3529,24836888,亮澤有限公司,臺中市大里區夏田里國中路476號,13000000,1040904
3530,24837161,家耕國際有限公司,臺中市西屯區上安里上安路48號3樓,3200000,1040907
3531,24837535,允川國際實業有限公司,臺中市北區健行里健行路918號,500000,1040911
3532,24837726,慧德資訊有限公司,臺中市沙鹿區北勢里2鄰英才路141號,1000000,1040922
3533,24837789,國際亮點科技股份有限公司,臺中市清水區東山里神清路89號,15000000,1040925
3534,24838289,大月國際股份有限公司,臺中市太平區樹孝路274巷12號7樓,250000,1040924
3535,24839288,禾旺實業有限公司,臺中市北區立人里華美街二段262號5樓之3,80000,1040914
3536,24839317,丞妍企業有限公司,臺中市豐原區西湳里三豐路799巷245號1樓,5000000,1040902
3537,24839457,佳賀資產股份有限公司,臺中市中區市府路38號3樓,60000000,1040923
3538,24839885,金鑰皇冠國際聯網股份有限公司,臺中市西區民龍里臺灣大道二段186號10樓之1,12718000,1040925
3539,24840193,盟耿聯科技有限公司,臺中市大里區永隆里永隆三街181巷3號,1700000,1040923
3540,24841117,健揚有限公司,臺中市外埔區大東里甲東路36巷51弄43號,500000,1040901
3541,24842559,巾玉國際有限公司,臺中市北區五權路251號1樓,3000000,1040921
3542,24842615,藍品有限公司,臺中市北屯區平福里大連路二段50號,600000,1040924
3543,24842805,鑫綠食品有限公司,臺中市東區振興路406號,3000000,1040928
3544,24843157,博宇國際企業有限公司,臺中市南屯區東興路二段186號地下一層1號,5000000,1040916
3545,24843591,星豐全球國際有限公司,臺中市中區公園里民族路46號7樓之5,500000,1040914
3546,24845562,奇異一品有限公司,臺中市北區錦平里五權路398號,1600000,1040902
3547,24845893,捷強光電股份有限公司,臺中市沙鹿區埔子里屏西路296號1樓,2000000,1040907
3548,24846181,無山有限公司,臺中市南屯區豐樂里文心南五路一段318號1樓,2000000,1040914
3549,24846561,樂育學文創有限公司,臺中市西區忠誠里臺灣大道二段501號18樓之2,5000000,1040911
3550,24847251,嘉和瓦斯有限公司,臺中市大甲區孟春里經國路1788巷27弄15號1樓,500000,1040902
3551,24847689,星冠科技股份有限公司,臺中市大雅區橫山里中山一路76號,4000000,1040903
3552,24847816,新美國際管理顧問有限公司,臺中市西區民龍里民權路364號,7000000,1040902
3556,24849672,元菱有限公司,臺中市南區工學二街115巷17號2樓之1,500000,1040907
3649,24888920,昱浩企業有限公司,臺中市北屯區旅順路一段97之3號,2000000,1040925
3665,24894697,益鋐不銹鋼有限公司,臺中市霧峰區萬豐里中正路145之2號,800000,1040917
3935,25000787,寶達開發建設有限公司,臺中市大雅區員林里大林路195巷23之17號1樓,12000000,1040918
3946,25009823,泉佑開發有限公司,臺中市西屯區朝馬二街5號2樓,25000000,1040914
3951,25015901,晶雅裝潢科技有限公司,臺中市龍井區新東里大順街134巷13號1樓,250000,1040901
3955,25019174,豆花開了股份有限公司,臺中市沙鹿區鹿寮里成功東街111號3樓,10000000,1040907
3960,25020502,達鉅貿易有限公司,臺中市西屯區何福里寧夏東六街51號1樓,1000000,1040904
3967,25023297,郁和國際有限公司,臺中市豐原區社皮里中正路526之3號15樓,100000,1040904
3968,25024021,梧湟有限公司,臺中市新社區新社里中和街4段345巷20號1樓,1800000,1040915
3971,25025056,亦農企業有限公司,臺中市東勢區新盛里新盛街396巷32號1樓,600000,1040917
3975,25027821,昌泰營造有限公司,臺中市北區金龍里金龍街38號,4000000,1040908
3989,25037089,五九一企業有限公司,臺中市北屯區軍功路一段467之1號,1000000,1040918
3990,25037145,金霖文化事業有限公司,臺中市西區昇平里忠明南路303號2樓,1000000,1040923
3994,25038947,精隼研磨實業股份有限公司,臺中市太平區中興里永義路160號1樓,6000000,1040914
4005,25046572,財源發企業有限公司,臺中市東勢區福隆里東和街316號1樓,14900000,1040915
4009,25050272,柏克來科技有限公司,臺中市西屯區工業區一路66之3號,3000000,1040908
4010,25052784,睿環科技有限公司,臺中市豐原區互助街91巷5號,5000000,1040915
4012,25053432,竣宇工業有限公司,臺中市霧峰區五福里五福西路288號,5000000,1040930
4017,25056135,伊諾華科技有限公司,臺中市北區賴厝里梅川西路三段66號5樓,2000000,1040922
4019,25058393,富董投資股份有限公司,臺中市西屯區文心路三段241號17樓之5,110000000,1040903
4027,25063109,宏酇企業有限公司,臺中市沙鹿區鹿寮里光榮街83巷30號1樓,50000000,1040908
4031,25067219,忏玥食品有限公司,臺中市龍井區新庄里中沙路新庄仔巷1之56號,1000000,1040903
4034,25068723,飛特立工業有限公司,臺中市西區忠誠里忠明南路62號5樓之2,6000000,1040901
4049,25080466,鵬程開發有限公司,臺中市西區忠誠里華美西街一段186號1樓,25000000,1040918
4060,25088018,禧岳不動產股份有限公司,臺中市南屯區惠中里惠中路三段15號,1000000,1040914
4074,25098894,長圓輪胎有限公司,臺中市南屯區大興里東興路一段575號1樓,500000,1040904
4076,25099182,鑫峰有限公司,臺中市西屯區太原路一段177號1樓,1000000,1040909
4091,25111165,以聖有限公司,臺中市南屯區文山三街37號11樓之2,8500000,1040901
4144,25154874,奇聖投資有限公司,臺中市西屯區惠來里市政路386號20樓之8,500000,1040903
4146,25157387,美日晟實業有限公司,臺中市大里區大里路485號,2500000,1040909
4147,25158127,上鴻達廣告事業有限公司,臺中市西區大隆路20號6樓之9,3000000,1040922
4148,25158180,億華砂石有限公司,臺中市烏日區南里里溪南路三段418巷210號,12000000,1040902
4151,25159126,松詮國際有限公司,臺中市北屯區仁和里梅川東路五段318號1樓,500000,1040925
4157,25160355,大雨食品有限公司,臺中市北區文莊里中清路一段53號4樓之2,2000000,1040910
4159,25164090,艮品有限公司,臺中市霧峰區四德里北豐路76巷31號1樓,500000,1040916
4164,25165886,侑昇工業股份有限公司,臺中市烏日區環中路八段680巷32號,5000000,1040904
4167,25170229,宏傑音響有限公司,臺中市太平區光興路91巷35號1樓,500000,1040909
4169,25170641,輔原貿易股份有限公司,臺中市西屯區福和里福安五街21號1樓,2000000,1040914
4175,25175266,京港科技有限公司,臺中市西屯區廣福里廣福路277號1樓,2000000,1040915
4180,25176259,久郡地產投資有限公司,臺中市大里區內新街頂庄巷13號1樓,2000000,1040915
4182,25177052,康廷建設有限公司,臺中市北區長青里陜西八街8號,45000000,1040914
4184,25178236,子路投資有限公司,臺中市南屯區大墩路775號7樓之1,2000000,1040914
4185,25178355,蓮薪蓉有限公司,臺中市太平區正光街202號1樓,3000000,1040907
4187,25178952,國慶行銷有限公司,臺中市東區十甲里自由路四段313號1樓,500000,1040923
4188,25179002,海麥斯科技有限公司,臺中市西屯區工業區一路2巷3號7樓之4,6000000,1040917
4189,25180676,申舍室內裝修設計有限公司,臺中市北區健行里忠明路266號1樓,1000000,1040918
4194,25184096,瑞康整合顧問股份有限公司,臺中市北區忠明路424地下一層之2號,3000000,1040910
4197,25187853,彩色寧菠國際有限公司,臺中市北屯區天津路四段275號9樓,8000000,1040921
4202,25190870,詳芳營造有限公司,臺中市南屯區大墩路716號4樓之12,10000000,1040901
4204,25192504,協力塗裝有限公司,臺中市南區樹義里樹義路43號1樓,3000000,1040903
4206,25196240,立家紙業有限公司,臺中市大肚區王田里王福街646號1樓,1000000,1040930
4209,25199464,鑫睿溢實業有限公司,臺中市大甲區奉化里賢仁路51之3號,4000000,1040915
4212,27200240,白藜蘆醇生技股份有限公司,臺中市西區忠誠里台中港路1段393號8樓之3,3000000,1040924
4215,27202681,鼎立資產管理股份有限公司,臺中市大里區大里里10鄰瓦磘路48之1號,28000000,1040925
4257,27272975,深洋股份有限公司,臺中市大甲區中山里水源路452巷33弄2之1號,3000000,1040915
4258,27273171,益聖精機股份有限公司,臺中市豐原區北陽里中陽路277巷8號,1000000,1040922
4260,27279597,通寧科技貿易股份有限公司,臺中市豐原區中興里大明路178巷1號1樓,5000000,1040901
4268,27288630,亞洲紙品包裝有限公司,臺中市南屯區工業區二三路28號1樓,5000000,1040918
4273,27290919,大河建設資產開發有限公司,臺中市南屯區惠中里大墩11街303號2樓,25000000,1040923
4276,27294675,山億工業有限公司,臺中市大里區愛心二街五一號二樓,2000000,1040922
4277,27295301,僑亞科技有限公司,臺中市北屯區水景里水景街73號,1000000,1040921
4278,27296625,鈞維實業有限公司,臺中市龍井區新庄里新仁路45巷11號1樓,160000000,1040922
4279,27296630,上弘生物科技股份有限公司,臺中市南區和平里忠明南路760號28樓,5000000,1040901
4280,27297309,錸能科技股份有限公司,臺中市北屯區文心路三段447號17樓,5000000,1040901
4281,27297336,義源國際貿易有限公司,臺中市北屯區廍子里環太東路736號1樓,6000000,1040914
4288,27304961,優綱德級國際有限公司,臺中市南屯區惠中里文心路1段378號22樓之3,15700000,1040904
4303,27331088,牧場發股份有限公司,臺中市北區臺灣大道二段360號5樓之3,15000000,1040915
4310,27338343,加利利開發股份有限公司,臺中市中區綠川西街137號8樓之2,28000000,1040901
4316,27347167,禧提億實業有限公司,臺中市西屯區市政路500號19樓之7,1000000,1040916
4339,27372714,集思得利電力能源股份有限公司,臺中市南屯區大同里東興路二段186號5樓之4,3000000,1040904
4340,27373093,長安開發建設股份有限公司,臺中市西區中美街15號,10000000,1040901
4349,27377865,宏銳實業有限公司,臺中市北區太原路一段456之4號1樓,500000,1040909
4350,27379110,東昇開發實業有限公司,臺中市豐原區南陽里保康路一五三號一樓,2500000,1040918
4351,27379792,松興機械工業有限公司,臺中市后里區墩東里福德路一一二號一樓　,1000000,1040901
4354,27382282,百昱建設股份有限公司,臺中市大里區國光路二段500號7樓之1,30000000,1040924
4356,27385154,瑞騰生物科技有限公司,臺中市南屯區文心路一段186號10樓之7,4000000,1040910
4367,27400606,秦鼎工業有限公司,臺中市南區平和里新和街4號1樓,1000000,1040903
4381,27418991,洺豪實業股份有限公司,臺中市霧峰區舊正里北岸路36巷32之8號2樓,5000000,1040903
4382,27419669,進吉興業有限公司,臺中市南屯區寶山里嶺東路916之17號1樓,11000000,1040916
4383,27420130,詠盛興建設有限公司,臺中市北屯區松竹五路38號1樓,10000000,1040916
4391,27428576,瀚升特殊彩色印刷有限公司,臺中市大雅區雅楓里德勝路81號2樓,33000000,1040907
4394,27432966,思為美人文科技有限公司,臺中市南屯區河南路4段340號1樓,500000,1040922
4407,27445907,萬河事業有限公司,臺中市西區忠誠里臺灣大道2段573號5樓,26000000,1040909
4409,27447341,美燦有限公司,臺中市北屯區梅川西路四段286號8樓之2,500000,1040923
4411,27450984,金湧發有限公司,臺中市南區樹義里福田一街90巷13號1樓,5000000,1040902
4420,27458521,啟勝興業有限公司,臺中市北區篤行路333巷40弄3之4號,500000,1040923
4421,27459839,優之築景觀工程有限公司,臺中市太平區宜欣里仁和街28之1巷10號1樓,1000000,1040917
4422,27460343,炘起企業有限公司,臺中市南屯區寶山里工業區23路18號,19000000,1040917
4426,27466819,益華興業有限公司,臺中市北區明德里31鄰忠太東路85巷8號4樓之4,5000000,1040930
4429,27467471,普羅生化科技股份有限公司,臺中市豐原區社皮里成功路356巷5號,15000000,1040910
4432,27470320,元弘草本科研有限公司,臺中市北區崇德路一段631號14樓之2,10000000,1040924
4441,27479856,駿勝工程有限公司,臺中市大里區新里里爽文路338號1樓,1000000,1040922
4442,27479960,金本位有限公司,臺中市龍井區麗水里三港路田仔內巷10之6號1樓,1000000,1040902
4449,27486218,元鍵科技有限公司,臺中市烏日區仁德里文德街160巷30號1樓,1000000,1040917
4452,27493294,高鐵保全股份有限公司,臺中市北屯區舊社里北屯路390號11樓之3,40000000,1040910
4454,27495125,超音音響有限公司,臺中市南區崇倫里忠明南路731號1樓,2500000,1040916
4464,27508698,晉茂營造有限公司,臺中市后里區墩南里四村路2之15號1樓,13000000,1040901
4466,27511407,馬克精密股份有限公司,臺中市西區公正里向上南路一段166號12樓之6,1000000,1040925
4527,27563690,台灣促參顧問有限公司,臺中市西區忠誠里臺灣大道二段573號7樓,1000000,1040917
4547,27589397,尖兵科技有限公司,臺中市太平區新福里5鄰振福路213號,1000000,1040910
4548,27593391,德祺實業有限公司,臺中市南區樹義里福田路１２３巷３３號１樓,5000000,1040908
4551,27595779,采禾造園有限公司,臺中市烏日區東園里溪南路一段126巷211弄1號1樓,3000000,1040930
4552,27596876,宏展土地開發顧問有限公司,臺中市豐原區北陽里南陽路綠山巷170號,1000000,1040925
4558,27600745,睿創開發有限公司,臺中市西區忠誠里華美西街一段137號4樓之1,1000000,1040925
4573,27618479,生活能量有限公司,臺中市北區淡溝里英才路396號8樓之3,1200000,1040914
4578,27630348,程瑋聯通有限公司,臺中市西屯區環中路二段1036巷65號1樓,1000000,1040903
4580,27632227,壬順建設有限公司,臺中市豐原區南嵩里水源路7巷65之1號1樓,10000000,1040922
4583,27634077,嘎嘎屋貿易有限公司,臺中市北屯區同榮里同榮路228號1樓,500000,1040921
4588,27639278,紅旗國際企業股份有限公司,臺中市梧棲區民和路一段500號1樓,1000000,1040902
4595,27646799,鼓泰有限公司,臺中市大里區東湖里中山路22號1樓,500000,1040901
4599,27654410,安峰工業股份有限公司,臺中市太平區德隆里德明路159巷21號1樓,5000000,1040916
4600,27656698,輊盛企業有限公司,臺中市東區十甲路64巷1號1樓,3200000,1040903
4601,27657155,天成筆墨有限公司,臺中市西屯區河南路四段191號4樓之1,1000000,1040925
4604,27659935,富翔科技管理顧問有限公司,臺中市神岡區社南里社南街5巷30號2樓,6000000,1040923
4605,27661926,晶茂資訊科技股份有限公司,臺中市北區健行路371之11號,10000000,1040907
4606,27662426,立媄國際股份有限公司,臺中市西屯區大河里永輝路37號1樓,5000000,1040909
4616,27676239,尼克實業有限公司,臺中市太平區永平里新平路一段126巷33號1樓,500000,1040910
4664,27739831,優個兒股份有限公司,臺中市北區臺灣大道二段360號5樓之1,3900000,1040923
4690,27773128,高玄國際有限公司,臺中市太平區新福路1150號,5000000,1040916
4692,27774739,嘉偉行銷有限公司,臺中市南屯區寶山里工業區二三路25號一樓,2000000,1040921
4693,27774750,詮瀧企業有限公司,臺中市太平區新仁路1段44巷5之2弄6號,500000,1040903
4702,27788044,進豪盈企業股份有限公司,臺中市東區東門里天乙街149巷26號1樓,12000000,1040930
4704,27789613,中美本草生技股份有限公司,臺中市東勢區粵寧里豐勢路584號1樓,1000000,1040922
4709,27796163,億霖國際有限公司,臺中市西屯區大墩路980號,1000000,1040918
4714,27799268,成應機械工業股份有限公司,臺中市大里區國中路165號,5000000,1040902
4716,27803848,迎渼企業有限公司,臺中市西區五權西路一段271號1之2樓,1000000,1040909
4721,27806253,品香事業有限公司,臺中市大雅區六寶里中清路四段767號,600000,1040904
4730,27818103,基石建設股份有限公司,臺中市西屯區市政路500號7樓之6,10000000,1040916
4732,27821944,鼎鎮實業有限公司,臺中市大肚區磺溪里文昌二街30巷1號1樓,10000000,1040908
4740,27833152,鼎龍鋁業有限公司,臺中市霧峰區本堂里育德路26巷25號1樓,5000000,1040923
4752,27846847,蒙在鍋裡有限公司,臺中市西屯區西屯路三段269、271號1樓,2000000,1040923
4754,27851685,三久食品股份有限公司,臺中市霧峰區南勢里峰東路268號,28800000,1040917
4767,27862493,日健生活事業股份有限公司,臺中市西區臺灣大道二段218號17樓,6000000,1040930
4768,27863676,圓滿意禮儀有限公司,臺中市南區長春里愛國街91之3號,2000000,1040916
4787,27886050,貫聯國際數位行銷有限公司,臺中市中區光復路149號3樓,500000,1040917
4788,27886501,美天樂環球工業股份有限公司,臺中市龍井區東海里藝術街19巷10號1樓,15800000,1040925
4790,27887298,藏寶投資有限公司,臺中市北區頂厝里崇德路一段631號6樓之1,500000,1040901
4793,27891770,璞仁建設股份有限公司,臺中市南屯區惠中里大墩十一街338號3樓之2,120000000,1040901
4799,27894328,舜德工業有限公司,臺中市南區福田三街115號2樓,1000000,1040915
4801,27897681,兌其有限公司,臺中市沙鹿區西勢里中航路一段541巷22號,1000000,1040915
4811,27915858,高緯科技有限公司,臺中市烏日區光明里環河路二段350號,12000000,1040916
4813,27916060,宏鎧鐵材有限公司,臺中市太平區新英街2之2號1樓,10000000,1040903
4815,27917862,鉅偉機械股份有限公司,臺中市大里區西湖里大峰路293巷25弄1號,5000000,1040902
4879,28017410,承諺投資有限公司,臺中市西區公平里大業路45號1樓,5000000,1040910
4894,28035466,靚品室內裝修有限公司,臺中市沙鹿區正義路361號1樓,3000000,1040921
4896,28038978,大娛國際股份有限公司,臺中市西屯區臺灣大道二段689號8樓,25000000,1040909
4903,28048568,政鍾水電工程有限公司,臺中市大里區新里里樹王路48號1樓,3000000,1040923
4904,28048758,振美股份有限公司,臺中市大雅區忠義里清泉路31號1樓,2000000,1040910
4907,28052318,豐盈本草生技股份有限公司,臺中市北屯區松安里修齊街23號1樓,5000000,1040916
4909,28052577,郁晨實業有限公司,臺中市潭子區復興路二段50巷3弄9號1樓,10000000,1040917
4911,28054272,名苓室內設計有限公司,臺中市北屯區崇德路二段459號,1000000,1040925
4920,28060696,強瀚科技股份有限公司,臺中市南屯區文心南一路85號1樓,3000000,1040910
4929,28070744,光怡科技有限公司,臺中市烏日區烏日里五光路1058巷47號1樓,1000000,1040914
4935,28076629,陀飛輪精機股份有限公司,臺中市南屯區中和里中和北二巷26號1樓,22000000,1040923
4939,28078598,誠運小客車租賃有限公司,臺中市大里區國光路二段775號1樓,10000000,1040909
4941,28081502,中揚資訊有限公司,臺中市西屯區福和里福安五街29號,6000000,1040909
4943,28085009,盛詠榮企業有限公司,臺中市太平區新光路57之3號1樓,8000000,1040925
4950,28094730,益行國際有限公司,臺中市豐原區成功路479巷24號1樓,3000000,1040914
4974,28122692,上益木業有限公司,臺中市大里區瑞城里塗城路433巷63號1樓,5000000,1040902
4978,28128014,工房顧問有限公司,臺中市太平區育仁路135號1樓,1000000,1040909
4979,28130736,永鎰電機有限公司,臺中市沙鹿區六路里六合路133號1樓,3000000,1040921
4988,28141868,元拓建設有限公司,臺中市西屯區西屯路2段256巷6號7樓之8,10000000,1040930
4992,28144730,安住建築產業工貿有限公司,臺中市南區美村路二段345號1樓,2900000,1040916
5003,28153532,鴻諭藥品生技股份有限公司,臺中市大雅區科雅路32號5樓,50000000,1040915
5011,28162069,新帛有限公司,臺中市南屯區田心里向心路46巷15弄28號1樓,2500000,1040915
5014,28166092,園庄貿易有限公司,臺中市大雅區三和里義和路8號,12000000,1040921
5015,28169268,居正國際股份有限公司,臺中市西區三民路1段103號12樓之1,2000000,1040928
5040,28186338,全鴻網路科技興業有限公司,臺中市西區公益路127號2樓,10000000,1040909
5056,28198072,華聯國際商務股份有限公司,臺中市西區民龍里臺灣大道二段307號23樓,5000000,1040921
5138,28313860,聖佑工業有限公司,臺中市潭子區栗林里豐栗路63巷19號,6300000,1040910
5139,28314426,夏禾空間設計有限公司,臺中市南屯區文心路一段218號22樓之3,2000000,1040910
5141,28315591,龍廷土木包工業有限公司,臺中市豐原區豐田里田心路二段272巷91號1樓,3600000,1040908
5142,28316640,宇勝工程顧問有限公司,臺中市西屯區福林里福科路517號4樓之1,3000000,1040902
5144,28320601,理德企業資產評價有限公司,臺中市南屯區文心路一段378號10樓之1,1000000,1040915
5155,28329650,光群車業股份有限公司,臺中市西區吉龍里五權五街71號,29500000,1040923
5159,28332135,銓祐實業有限公司,臺中市西屯區何福里太原路1段259號1樓,1500000,1040923
5167,28338010,承鋒工業有限公司,臺中市太平區宜佳里宜昌路１６號,1000000,1040917
5170,28342561,弘罡營造工程有限公司,臺中市烏日區三和里三榮六路50巷7號,26000000,1040902
5175,28347448,心特股份有限公司,臺中市北屯區廍子里軍福十三路36之69號1樓,2300000,1040908
5187,28358649,鑫悅國際有限公司,臺中市東區振興里大勇街127號1樓,5000000,1040924
5190,28359696,圓香國際企業股份有限公司,臺中市烏日區前竹里光明路157巷78號,5000000,1040923
5194,28363354,中歆企業有限公司,臺中市南屯區惠中里惠文路363號1樓,51000000,1040904
5195,28364190,德士國際實業有限公司,臺中市豐原區豐東路29號1樓,3500000,1040917
5196,28365310,柏維斯數位科技有限公司,臺中市南區樹德里德吉街151號2樓,2200000,1040909
5200,28367062,四維冷氣興業有限公司,臺中市北屯區同榮里中清路二段1226巷16弄12號1樓,11000000,1040921
5208,28377603,山貿科技有限公司,臺中市潭子區大豐里大豐路三段119巷8號1樓,5000000,1040911
5213,28382444,星視野精密機械股份有限公司,臺中市烏日區五光路607巷59號,71500000,1040904
5215,28382922,鉅勝砂石有限公司,臺中市烏日區南里里溪南路3段418巷210號,5800000,1040902
5218,28385478,易映企業有限公司,臺中市北屯區后庄里后庄路81號1樓,3600000,1040902
5221,28388209,東喬興業股份有限公司,臺中市神岡區新庄里和睦路315號,30000000,1040909
5224,28390330,安信展業有限公司,臺中市霧峰區五福里峰堤路761號1樓,10000000,1040922
5228,28393097,伸浩電子有限公司,臺中市梧棲區興農里中央路一段337之1號1樓,10000000,1040921
5240,28403877,德安展業有限公司,臺中市北屯區新平里大德巷36弄11號,5000000,1040902
5242,28404931,穎豐順實業有限公司,臺中市西區民權路233巷5之1號1樓,5000000,1040901
5244,28408747,台灣尼奧克斯生物科技股份有限公司,臺中市北屯區平德里文昌東五街16號1樓,20000000,1040911
5309,28491203,雅客來企業有限公司,臺中市神岡區社口里大圳路26之6號,2000000,1040924
5310,28491267,小肥牛餐飲事業有限公司,臺中市大雅區四德里義和路46巷1號1樓,1000000,1040922
5315,28493808,鼎洋工業有限公司,臺中市大里區仁化里13鄰仁慈街409號,5000000,1040917
5325,28510428,華納企劃行銷有限公司,臺中市西屯區福恩里工業區一路2巷19號11樓之2,1000000,1040921
5327,28511904,媽咪小站有限公司,臺中市外埔區大東里甲后路新城6巷22號,1000000,1040921
5334,28516443,佐和陶瓷國際有限公司,臺中市北屯區新興路18巷80號1樓,500000,1040910
5337,28519027,大晟資產管理顧問有限公司,臺中市西屯區文心路3段241號22樓之2、23樓之2,5500000,1040916
5341,28520517,禾人有限公司,臺中市烏日區三和里三榮路一段487巷2號1樓,500000,1040905
5345,28522281,雅宏精品服飾有限公司,臺中市大肚區自強里遊園路二段203巷3弄23號2樓,5000000,1040923
5346,28523459,泰格爾創意設計有限公司,臺中市北屯區平和里安順東二街13號1樓,3000000,1040907
5348,28525127,旭澤消防科技有限公司,臺中市南屯區文心里文山五街89號,5000000,1040924
5349,28525843,豐耕不動產經紀有限公司,臺中市北區賴村里進化北路391號1樓,700000,1040917
5354,28535716,唐門科技文化事業有限公司,臺中市烏日區烏日里新興路169號,3000000,1040910
5358,28540767,矽鼎科技有限公司,臺中市大安區西安里1鄰大安港路800號1樓,2800000,1040915
5359,28541203,祥普實業有限公司,臺中市北屯區水景里19鄰東山路一段207巷18號,1500000,1040910
5362,28542929,聯威數位科技有限公司,臺中市東區自由路三段12號,1000000,1040908
5365,28546381,昆帝有限公司,臺中市太平區太平里永平路三段5號1樓,7000000,1040910
5368,28547895,寶信精密工業有限公司,臺中市大里區新仁里新仁三街37號,5000000,1040922
5372,28549795,活設計國際創意有限公司,臺中市南屯區南屯里黎明東街68之1號1樓,3100000,1040902
5374,28551481,晨暉有限公司,臺中市南區崇倫里崇倫街183巷22號1樓,3000000,1040904
5379,28555114,寶鯨建設股份有限公司,臺中市西屯區逢福里河南路二段262號11樓之12 ,43000000,1040902
5382,28556275,速克立股份有限公司,臺中市神岡區北庄里中山路991號,50000000,1040924
5384,28557470,友正興有限公司,臺中市大里區中興路二段846巷20號1樓,2500000,1040917
5386,28560094,芳晟開發股份有限公司,臺中市西屯區文華路138巷31號等,30100000,1040915
5389,28563233,客都食品有限公司,臺中市太平區太平里永豐路266巷3號1樓,3000000,1040916
5390,28566908,展躍工程有限公司,臺中市烏日區九德里中華路499號1樓,500000,1040917
5399,28575131,安徠科技有限公司,臺中市南屯區工業區二十二路45號1樓,20000000,1040921
5412,28587811,巧藝廣告事業股份有限公司,臺中市南屯區向上路三段67號5樓之1,6000000,1040923
5435,28609809,南鋒機械工程有限公司,臺中市梧棲區大庄里中央路一段705之8號1樓,5000000,1040916
5440,28620852,碩陽數位科技有限公司,臺中市北屯區文心路四段696號4樓之1,10000000,1040908
5455,28635497,牙博士生物科技有限公司,臺中市北屯區平和里遼陽三街51號2樓,5000000,1040915
5457,28637137,承鼎源砂石業股份有限公司,臺中市太平區永隆里太堤東路115號,10000000,1040908
5458,28640983,久生國際有限公司,臺中市豐原區南田里水源路192巷19號之7,2500000,1040901
5462,28643383,順鷺實業有限公司,臺中市北屯區松勇里松明街14號1樓,5000000,1040921
5463,28643736,尚禾金屬設計有限公司,臺中市大里區樹王里樹王路200號1樓,1000000,1040921
5464,28643757,富棋文化事業有限公司,臺中市南屯區大誠里五權西路二段61號,3000000,1040903
5467,28644881,宜東精密有限公司,臺中市神岡區圳前里中山路1602號,500000,1040915
5475,28653993,和根有興業有限公司,臺中市北區明德里忠明路181號1樓,500000,1040921
5482,28658879,咔年國際股份有限公司,臺中市西屯區福和里福安七街16之2號,20000000,1040923
5488,28666462,崴達投資有限公司,臺中市東區東英路650號1樓,29000000,1040901
5501,28678713,後碧湖股份有限公司,臺中市西屯區何南里臺灣大道二段689號5樓,5000000,1040909
5550,28723512,永鉅精密科技股份有限公司,臺中市南區西川里大忠南街258號1樓,60000000,1040908
5554,28725413,富星有限公司,臺中市南屯區田心里惠中路三段361號5樓,4000000,1040903
5559,28730210,久慶金屬興業有限公司,臺中市大雅區雅楓里德勝路17巷2號1樓,5000000,1040915
5565,28734428,駿逸旅行社有限公司,臺中市潭子區豐興路一段192巷122號1樓,10000000,1040930
5569,28743904,浩煌企業有限公司,臺中市東勢區上城里東關路367巷111號1樓,600000,1040922
5572,28747508,詮耀工程有限公司,臺中市北區建成里東光東街81號15樓之9,500000,1040908
5575,28750209,和易成有限公司,臺中市潭子區大豐里潭富路二段81巷42號,10000000,1040916
5576,28750762,伊成採購服務科技股份有限公司,臺中市西區公德里精誠二十一街38號2樓,5000000,1040914
5586,28757104,信益投資股份有限公司,臺中市龍井區新東里遊園南路421號,107100000,1040915
5588,28757651,鈞悅實業股份有限公司,臺中市龍井區東海里藝術北街92號2樓,2000000,1040916
5589,28757744,芫崧食品有限公司,臺中市大甲區順天里光明路172號1樓,600000,1040923
5590,28758407,迪科思軟體股份有限公司,臺中市西屯區上石里湳子巷9弄6號1樓,1000000,1040907
5593,28762789,景祥凱工業股份有限公司,臺中市西屯區東大路一段721號,23000000,1040911
5598,28767736,驊達人力開發有限公司,臺中市西屯區臺灣大道四段771號9樓,10000000,1040902
5599,28767742,世佳電業有限公司,臺中市太平區新光里新福路783號1樓,1000000,1040917
5600,28769397,三玄開發股份有限公司,臺中市北區青島路1段20號1樓,1000000,1040916
5603,28771921,玉京堂數位科技有限公司,臺中市西區廣民里大全街29號,5000000,1040911
5605,28772983,味覺生機股份有限公司,臺中市大雅區三和里義和路8號2樓,12000000,1040921
5610,28778071,歐漾國際貿易有限公司,臺中市南屯區公益路二段61號14樓之3,14000000,1040921
5619,28784947,喫茶實業有限公司,臺中市西屯區西屯路二段10之3號2樓,1000000,1040924
5622,28790440,四季不動產股份有限公司,臺中市西屯區福林里台中港路三段120-51號,1000000,1040923
5628,28795037,上詠國際精品有限公司,臺中市神岡區福庄街47號,2000000,1040904
5631,28799300,台中銀保險經紀人股份有限公司,臺中市西區民權路87號8樓,500000000,1040922
5641,28804438,連瑩投資有限公司,臺中市大里區西柳街31號,20000000,1040916
5646,28808785,翊高金屬工業有限公司,臺中市神岡區社南里中山路８５１巷３５弄３０號１樓,1000000,1040924
5650,28810706,聯航貿易有限公司,臺中市大雅區員林里神林路一段146巷35號3樓,1000000,1040916
5653,28815771,耕發科技有限公司,臺中市西屯區永安里國安一路231巷6號6樓之5,5000000,1040921
5654,28816547,禾家豐營造有限公司,臺中市北屯區仁和里崇德十路二段68號,3000000,1040904
5701,28857390,陽天科技股份有限公司,臺中市烏日區九德里中華路611號14樓之19,20000000,1040901
5713,28870909,日麗開發建設股份有限公司,臺中市西區華美西街一段137號9樓之1,10000000,1040907
5714,28872478,萬神殿全球資產管理服務股份有限公司,臺中市南區福順里忠明南路787號13樓之1,120000000,1040924
5715,28873814,頎蹟科技有限公司,臺中市北屯區仁和里四平路387巷67號1樓,12000000,1040917
5718,28877240,頂程國際股份有限公司,臺中市南區文心南路546之3號,49200000,1040922
5721,28878536,道揚國際有限公司,臺中市大里區永隆里永隆三街132號1樓,500000,1040910
5722,28878613,宇強光電科技股份有限公司,臺中市大雅區鳳鳴路1之6號,9000000,1040917
5725,28880293,盛億欣業股份有限公司,臺中市東勢區延平里14鄰第一橫街52號1樓,5000000,1040902
5731,28886199,澄睿亨股份有限公司,臺中市西屯區大鵬里文心路三段241號4樓之2,10000000,1040903
5752,28903943,東南能源股份有限公司,臺中市西區公舘里三民西路78號2樓,24500000,1040917
5753,28904372,富璟文化事業有限公司,臺中市北屯區平心里文心路4段739號1樓,3000000,1040902
5754,28904915,毓亞圓投資股份有限公司,臺中市西區中興街233號11樓之5,1500000,1040915
5755,28904990,宥椿實業有限公司,臺中市東區旱溪東路1段335號4樓,2000000,1040923
5757,28905739,根本文創事業有限公司,臺中市梧棲區草湳里港埠路一段653號1樓,2000000,1040914
5759,28907271,寧泰科技股份有限公司,臺中市北屯區平興里遼寧路1段290號2樓,18000000,1040916
5761,28908601,鴻泰工業有限公司,臺中市太平區宜欣二路143號1樓,3600000,1040915
5770,28917242,唯勤電子有限公司,臺中市太平區光華里長安七街40巷6號2樓,1000000,1040910
5771,28919375,元彩實業有限公司,臺中市大里區益民路2段357巷10號2樓,3000000,1040908
5772,28920859,森富軟體設計有限公司,臺中市南屯區文心南二路380號1樓,1000000,1040908
5773,28921273,明杉室內裝修工程有限公司,臺中市烏日區九德里明禮街9號1樓,1000000,1040902
5777,28922478,蜜寶時尚品味有限公司,臺中市北區英才路333號3樓,3000000,1040917
5778,28925334,振洋防火科技有限公司,臺中市龍井區龍津里三港路322號,12000000,1040909
5780,28926729,三月希圖設計有限公司,臺中市西屯區惠來里洛陽路125巷75號,1000000,1040910
5783,28927662,台治工業有限公司,臺中市太平區興隆里光興路1266巷131弄28號,2000000,1040925
5787,28929726,尚緣企業有限公司,臺中市西屯區寧夏西七街48號1樓,500000,1040916
5793,28934024,友聯螺紋工具股份有限公司,臺中市潭子區栗林里豐栗路106號,1000000,1040916
5797,28936450,鴻運手工具股份有限公司,臺中市太平區德隆里工業十九路5號,16000000,1040918
5803,28944661,總裁生物科技股份有限公司,臺中市中區市府路83號1樓、2樓之1之2,10000000,1040917
5807,28949666,東雄貿易有限公司,臺中市西屯區逢福里慶和街54-10號1樓,3500000,1040923
5809,28952330,青壤工程股份有限公司,臺中市西屯區福安里安和路168號3樓之1,5000000,1040925
5814,28956791,天眼衛星科技股份有限公司,臺中市西屯區西平里西安街277巷25弄30號1樓,5000000,1040918
5839,28983896,新加坡商嘉昇企業有限公司,臺中市西屯區四川路87巷29號1樓,0,1040925
5869,29011152,禾鑫高科股份有限公司,臺中市西屯區大墩十八街189號3樓之2,15000000,1040910
5961,29085766,常亨資訊股份有限公司,臺中市西屯區永昌街47號,3000000,1040901
5966,29088243,昇暉管理顧問有限公司,臺中市南屯區文山里文山二街43號2樓,15000000,1040914
5969,29090938,奇洋貿易有限公司,臺中市南屯區豐樂里文心南五路一段209號,1000000,1040907
5974,29093604,宇宏育樂開發有限公司,臺中市大里區中興路2段153巷17號5樓,10000000,1040922
5982,29101983,科恩股份有限公司,臺中市大里區內新里環中東路六段176號,1000000,1040923
5987,29105685,讚鋒機械廠股份有限公司,臺中市太平區鵬儀路296巷6弄33號,10000000,1040902
5989,29107213,俐瑋工具有限公司,臺中市烏日區北里里太明路211巷88號,5000000,1040908
5993,29109562,采倢國際貿易有限公司,臺中市西屯區大墩路933號,5000000,1040925
5996,29112089,敦業廣告企劃有限公司,臺中市西區美村路一段632號4樓,2000000,1040925
5999,29112692,大大國際興業有限公司,臺中市龍井區忠和里中山中路二段307號1樓,700000,1040917
6001,29114663,新保利國際科技股份有限公司,臺中市西屯區惠來里市政路386號20樓之8,12000000,1040922
6002,29116775,江翊股份有限公司,臺中市北區五權路401之1號11樓,40000000,1040909
6013,29122919,旭陽國際精機股份有限公司,臺中市豐原區豐田里豐南街92巷216號,199600000,1040921
6016,29126823,英格萊股份有限公司,臺中市西屯區西安里福星北一街76號,20000000,1040908
6017,29128688,達美生技股份有限公司,臺中市北區淡溝里臺灣大道二段360號10樓之2,2000000,1040922
6053,29152700,震通股份有限公司,臺中市南屯區鎮平里黎明路一段450-1號,60000000,1040918
6100,29186201,良素生技股份有限公司,臺中市西屯區惠來里市政南一路12號3樓之2,16000000,1040907
6102,29530112,天然煤氣有限公司,臺中市大里區新仁里立仁路33之7號,3000000,1040907
6117,30924402,階梯股份有限公司,臺中市西屯區河南路二段262號4樓之3,100000000,1040903
6126,30979594,旻亮企業有限公司,臺中市北區錦祥里育樂街20號,2000000,1040918
6139,31250880,平安歸通運股份有限公司,臺中市豐原區萬順一街19巷51號2樓,39990000,1040903
6220,34630457,豪昱營造股份有限公司,臺中市西屯區至善路18巷3號及5號1樓,200000000,1040910
6265,36017510,上一工業股份有限公司,臺中市西屯區協和里工業區九路20號,34000000,1040925
6373,42579192,綠霖室內裝修有限公司,臺中市北屯區三光里北屯路210號13樓之5,10000000,1040914
6568,47043613,應華工業股份有限公司,臺中市潭子區雅潭路2段56號,595975710,1040910
6581,47282395,華輿貨運有限公司,臺中市西屯區何成里大容西街63號18樓之1,10261300,1040914
6590,49675810,錦標營造股份有限公司,臺中市北區臺灣大道二段360號13樓之1,120000000,1040916
6604,51046205,三貴實業股份有限公司,臺中市南區台中路520號,20000000,1040907
6605,51156645,永安凡而機器廠股份有限公司,臺中市潭子區中山路三段27號,50000000,1040902
6606,51166524,永新機械工業股份有限公司,臺中市西屯區中清路二段1358號,4000000,1040909
6607,51193402,北海大飯店有限公司,臺中市北區中清路一段286、288號,3000000,1040915
6608,51326774,欣中天然氣股份有限公司,臺中市西屯區天水中街36號,1733724190,1040904
6609,51500106,精傑股份有限公司,臺中市西屯區工業區三十四路35號3樓,29000000,1040902
6610,51526561,泰陽橡膠廠股份有限公司,臺中市太平區新仁路一段22巷63號,31000000,1040930
6611,51701954,源大中機械廠股份有限公司,臺中市南區樹義里復興路一段81號,68000000,1040924
6612,51736314,達盈實業股份有限公司,臺中市南區公理街55號1樓,500000,1040910
6613,51816908,台中商業銀行股份有限公司,臺中市西區民權路87號,30340027130,1040917
6614,51842700,豪宮大飯店有限公司,臺中市中區光復路115號,2000000,1040921
6615,51911136,興光熱處理廠股份有限公司,臺中市西屯區協和里工業區十四路3號,150600000,1040917
6616,52203110,益全機械工業股份有限公司,臺中市西屯區工業區九路8號,98580000,1040908
6618,52337390,台茂奈米生化股份有限公司,臺中市大肚區王田里王福街1號,78000000,1040908
6619,52347361,喬山健康科技股份有限公司,臺中市大雅區忠義里東大路2段999號,3040166170,1040924
6621,52371707,萬宙鞋業股份有限公司,臺中市南區福順里忠明南路787號29樓,40000000,1040901
6622,52384098,明祿工業股份有限公司,臺中市太平區新仁路一段22巷65號,25000000,1040908
6623,52408459,忠美家具工業股份有限公司,臺中市北區崇德路一段532號1樓,19620000,1040907
6624,52451526,台茂工業有限公司,臺中市南屯區文心南二路390號12樓之1,5000000,1040907
6625,52468420,山太工具股份有限公司,臺中市東區建德街153巷6號,5000000,1040930
6626,52490083,沛伸企業有限公司,臺中市西區公館里三民西路139號,10000000,1040923
6627,52520559,弘宇股份有限公司,臺中市南區大慶街二段31巷5號,5000000,1040914
6628,52522992,集賢大旅社股份有限公司,臺中市中區中山路17之7之1及17之8之1號,2000000,1040907
6629,52549681,陸誼實業股份有限公司,臺中市西區民龍里館前路55號8樓之1,10000000,1040901
6630,52579684,傑笠企業股份有限公司,臺中市西屯區府會園道179號10樓之2,5000000,1040914
6631,52602876,逢宜營造股份有限公司,臺中市西屯區西屯路三段宏安巷11弄3號1樓,100000000,1040925
6633,52626048,耐力實業有限公司,臺中市西區公舘里民興街156號1樓,3000000,1040917
6634,52630628,車記企業有限公司,臺中市南區積善里永東街75號,5000000,1040914
6635,52631892,今榜化工有限公司,臺中市北屯區軍功里東山路1段238巷34弄19號1樓,2000000,1040925
6636,52657695,妙法實業股份有限公司,臺中市西區公益路130號6樓,6000000,1040922
6637,52679699,和櫻記實業有限公司,臺中市南屯區豐樂里東興路一段439號1樓,5000000,1040925
6638,52708630,宏宜木器股份有限公司,臺中市北屯區水景里東山路一段186之3號,20000000,1040930
6639,52719313,台輝油壓工業有限公司,臺中市太平區宜欣里宜昌東路130巷9之1號,10000000,1040911
6640,52724370,錩憶企業有限公司,臺中市太平區宜欣里宜昌東路130巷1號,1000000,1040925
6641,52758764,峰星投資股份有限公司,臺中市南區美村路二段341號2樓,43350000,1040901
6642,52759433,金悅成木業股份有限公司,臺中市大雅區橫山里中山路66號,15000000,1040910
6643,52761634,恆伸照相器材有限公司,臺中市南屯區大同里大墩六街133號1樓,29000000,1040910
6644,52796129,元信紙器有限公司,臺中市西區三民路一段50巷8號17樓之32,500000,1040914
6645,52813886,展華化學工業股份有限公司,臺中市西屯區工業區十二路1號,50000000,1040910
6646,52823619,當生股份有限公司,臺中市西屯區內江街37號,10000000,1040915
6647,52824201,茂新印刷股份有限公司,臺中市大雅區民生路3段111巷13號,25000000,1040925
6648,52872630,伯暉企業有限公司,臺中市南區和平里南平路2之16號,5000000,1040909
6650,52933974,金水晶珠寶銀樓有限公司,臺中市中區繼光里中山路54號,1000000,1040925
6651,52935179,技合精工實業有限公司,臺中市西屯區西屯路三段90之20號,7990000,1040911
6652,52937227,景昇國際行銷有限公司,臺中市龍井區東海里藝術北街185號1樓,5000000,1040909
6658,53004906,永信國際投資控股股份有限公司,臺中市大甲區中山路1段1191號,2664229830,1040918
6661,53011202,貝里斯商威風科技股份有限公司,臺中市南屯區大墩六街232號15樓之5,1000000,1040921
6666,53016810,加拿大商銳斯飛斯股份有限公司,臺中市大雅區中山一路31號,500000,1040909
6688,53035957,盛潤企業股份有限公司,臺中市西屯區惠來里市政路500號13樓之2,5000000,1040910
6690,53036484,珺豪珠寶有限公司,臺中市中區大墩里成功路221號,300000,1040923
6695,53038167,沅尚有限公司,臺中市大里區工業二路86號1樓,2000000,1040904
6698,53039877,亞昇閥業股份有限公司,臺中市北區中清路一段89號14樓之9,10000000,1040916
6699,53039953,東群工業有限公司,臺中市豐原區北湳里大順街8巷85號1樓,2500000,1040924
6702,53042330,吉貿生物科技股份有限公司,臺中市西屯區工業區三十八路185之1號2樓,15000000,1040916
6709,53045646,美樂高股份有限公司,臺中市潭子區崇德路4段170巷1弄26號,288000000,1040903
6712,53046906,崇文室內裝修設計有限公司,臺中市北區賴興里文昌一街98之2號2樓,6000000,1040911
6713,53048849,聖久鼎實業有限公司,臺中市大肚區成功里文昌路三段162巷107弄38號,4000000,1040916
6714,53049609,惠裕有限公司,臺中市大里區大明路391之7號,1000000,1040918
6715,53049988,麗莎貝拉有限公司,臺中市中區大墩里三民路二段114號1樓,1000000,1040911
6716,53050582,日升昌營造有限公司,臺中市北屯區新平里中清路二段415巷42號,3000000,1040910
6720,53052414,大晟開發建設有限公司,臺中市西屯區文心路三段241號22樓之2,10000000,1040916
6725,53054736,台灣日世有限公司,臺中市西區昇平里向上南路一段99號2樓,2000000,1040916
6727,53055849,威典電控有限公司,臺中市西區安龍里自治街170巷19號1樓,5000000,1040915
6731,53056973,杏壺實業有限公司,臺中市北屯區松竹路三段57號一樓,5000000,1040903
6744,53065902,合碁精密工業有限公司,臺中市潭子區潭陽路178巷19號,6800000,1040930
6745,53066260,奕勝精化實業有限公司,臺中市北屯區文心路四段696號21樓之3,5600000,1040921
6746,53066445,承品磁磚工坊有限公司,臺中市南屯區龍富路三段9號,1600000,1040914
6749,53069822,鼎甲廣告有限公司,臺中市北區青島路一段6號6樓之10,1000000,1040907
6750,53070530,宥德興業有限公司,臺中市東勢區廣興里中興街42號,6000000,1040909
6751,53073065,吉美禮儀有限公司,臺中市大肚區王田里王福街5巷20號1樓,1000000,1040923
6755,53076274,東叡興企業有限公司,臺中市豐原區北陽里南陽路58巷288號,5000000,1040903
6756,53077007,艾麗慕禾股份有限公司,臺中市西屯區協和里工業區32路68號3樓,10000000,1040902
6808,53109269,乳之初牧場股份有限公司,臺中市北區臺灣大道二段360號5樓之2,40000000,1040911
6840,53128104,環球四方實業有限公司,臺中市南區工學里德富路378號1樓,800000,1040908
6843,53129194,聰一土木包工業有限公司,臺中市東勢區新盛里東關路629-26號1樓,5000000,1040901
6858,53136483,和翔貿易有限公司,臺中市神岡區社南里昌平路五段321號,50000,1040907
6859,53136821,豐安小客車租賃有限公司,臺中市神岡區中山路652巷1弄2號1樓,5000000,1040915
6863,53139144,鍀盈自動控制有限公司,臺中市大肚區王福街2巷31弄10號1樓,3000000,1040922
6871,53144646,廣銓紙業有限公司,臺中市南屯區文心路一段186號14樓之5,5000000,1040916
6875,53148158,珩暢實業有限公司,臺中市東區建興街13號1樓,2000000,1040901
6878,53150941,瀚菱精密股份有限公司,臺中市西屯區福林里2鄰福順路333號4樓之9,5000000,1040909
6879,53151239,天帝生物科技有限公司,臺中市南屯區永定里三和街161號1樓,1000000,1040907
6885,53155354,釩帝國際有限公司,臺中市南區長榮里愛國街40號2樓,3000000,1040916
6887,53156467,誠易營造股份有限公司,臺中市北區錦祥里9鄰北屯路14號7樓之10,3000000,1040907
6888,53156683,侑峰營造股份有限公司,臺中市西屯區市政北一路77號8樓之12,22500000,1040903
6891,53157254,佳允工業有限公司,臺中市南區江川里永南街25號1樓,12000000,1040909
6892,53160624,津沙有限公司,臺中市北區賴厝里綏遠路一段2號5樓之5,2000000,1040925
6893,53160912,禾興科技有限公司,臺中市烏日區螺潭里溪南路二段388巷146弄13號,2000000,1040904
6896,53162904,大青節能科技股份有限公司,臺中市大雅區秀山里科雅路38號3樓,500000000,1040904
6897,53163066,米格納廣告事業有限公司,臺中市北區健行里華富街77號1樓,5000000,1040903
6900,53164939,聖佑科技有限公司,臺中市外埔區大同里甲后路354巷29號1樓,2000000,1040910
6901,53165368,安聯綠能股份有限公司,臺中市東區東興里建興街37號1樓,450000,1040907
6905,53166916,旭發興業有限公司,臺中市潭子區復興路一段50巷57號1樓,2000000,1040924
6908,53167773,千虹科技有限公司,臺中市西屯區中工二路192號6樓,300000,1040923
6910,53168007,騏勵開發股份有限公司,臺中市大肚區頂街里萬興路116號,5000000,1040922
6912,53171170,年鴻國際貿易有限公司,臺中市大雅區六寶里中清路四段643號1樓,5000000,1040921
6918,53176359,中邑機電工程股份有限公司,臺中市南屯區文山里保安三街68號2樓,3000000,1040921
7027,53259246,承祥機電工程有限公司,臺中市太平區新坪里育仁路30號4樓,5000000,1040923
7031,53262256,兆鈜開發建設有限公司,臺中市豐原區北陽里南陽路綠山巷120弄16號1樓,1000000,1040917
7033,53264536,琦溢國際有限公司,臺中市豐原區鎌村里鎌村路465巷64弄113號,1000000,1040917
7035,53266990,台灣有機棉創新科技有限公司,臺中市南屯區三義里黎明東街561之6號7樓,5000000,1040922
7039,53268245,禾谷實業有限公司,臺中市北屯區崇德路二段3之4號,1500000,1040924
7044,53276435,菘懋全球有限公司,臺中市神岡區中山路751號1樓,250000,1040910
7047,53277265,永豐行銷有限公司,臺中市潭子區東寶里雅潭路三段9之3號,6000000,1040918
7052,53279279,新創不動產開發有限公司,臺中市西屯區惠來里惠中路二段72號1樓,300000,1040924
7054,53279833,統釗工程有限公司,臺中市太平區東平里中和街342巷19弄48號,1000000,1040915
7065,53287974,有恭有限公司,臺中市南屯區三和里大富街215號1樓,3880000,1040918
7069,53291273,惠農光明興業股份有限公司,臺中市西屯區林厝里西平南巷16號,7000000,1040930
7073,53293878,魔方數位有限公司,臺中市西屯區大鵬里文心路三段241號5樓之5,3100000,1040918
7080,53295209,兆兆空間設計有限公司,臺中市南屯區黎明里干城街240巷3弄39號1樓,1000000,1040911
7081,53296328,元璨國際有限公司,臺中市西區藍興里樂群街239號11樓,25000,1040918
7086,53301080,潮港城事業股份有限公司,臺中市南屯區環中路四段2號3、4樓,150000000,1040909
7088,53302068,百大文教事業股份有限公司,臺中市西屯區上石里青海路二段214號1樓,1000000,1040901
7090,53302829,凱儷大舞廳有限公司,臺中市中區公園路17號地下一層,1000000,1040903
7095,53307248,中華聯合股份有限公司,臺中市西區民龍里臺灣大道二段307號26樓,6000000,1040921
7099,53308838,帝德國際實業股份有限公司,臺中市南屯區大誠里五權西路二段131號8樓之2,5000000,1040925
7100,53308909,一法有限公司,臺中市大里區夏田里中投西路三段167之5號,1000000,1040902
7101,53308990,艾泊汀國際股份有限公司,臺中市西區公德里精誠三十街11號2樓之4,1250000,1040909
7102,53309180,磐豐實業股份有限公司,臺中市西屯區漢口路二段138號9樓,10000000,1040923
7105,53310145,磐旭投資股份有限公司,臺中市西屯區漢口路二段138號9樓,1000000,1040923
7177,53351200,安盛生物科技有限公司,臺中市后里區后里里泉州路14-22號,2000000,1040916
7189,53355992,向陽生物科技股份有限公司,臺中市南區積善里五權南路680巷28弄22號1樓,1250000,1040902
7196,53360340,鴻達先科科技有限公司,臺中市西屯區何明里太原路一段185號1樓,50000,1040907
7197,53361278,臺灣德復有限公司,臺中市梧棲區頂寮里四維路71巷2號8樓之5,1000000,1040907
7198,53361592,源正開發科技有限公司,臺中市南區樹義里福田路87號2樓,5000000,1040910
7203,53363867,元太利開發有限公司,臺中市北屯區仁合里崇德十路2段310巷53號1樓,23000000,1040902
7210,53367527,欣和精密有限公司,臺中市西屯區臺灣大道四段936號8樓之3,5000000,1040907
7212,53368700,家旺不動產開發有限公司,臺中市西區東昇里林森路91號1樓,600000,1040918
7214,53369089,大騏有限公司,臺中市北區綏遠路一段26之9號,3000000,1040914
7219,53369980,廣豐塑膠製品有限公司,臺中市北屯區平興里遼寧路一段160巷22號6樓,400000,1040915
7225,53373957,田屋科技有限公司,臺中市太平區長億六街79巷62號1樓,13000000,1040903
7228,53374533,東溪森林餐飲有限公司,臺中市西屯區西屯路2段282巷49號1樓,500000,1040922
7229,53374626,聯亭餐飲有限公司,臺中市西區公正里精誠路338號,2000000,1040924
7238,53381252,合美健企業有限公司,臺中市南區和平里工學三街35號1樓,1000000,1040917
7241,53383147,環隴精密工業有限公司,臺中市大里區大明里東興路52巷17號1樓,1000000,1040921
7243,53384384,大維砂石有限公司,臺中市南屯區大誠里東興東街44號3樓之1,5000000,1040902
7247,53387164,馥品大飯店有限公司,臺中市北區賴厝里漢口路四段86號地下一層、地下二層、一樓至十二樓,20000000,1040910
7248,53390506,宜興開發創意生活股份有限公司,臺中市西屯區西墩里上安北街32號、36號、36號2樓,34100000,1040917
7251,53392498,中亟實業有限公司,臺中市南區和平里忠明南路758號13樓,1000000,1040917
7255,53394377,溢洲興業有限公司,臺中市大雅區文雅里中清路三段1195號10樓之1,6000000,1040911
7263,53399817,桂園建設有限公司,臺中市大甲區日南里青三路4巷38號1樓,1000000,1040901
7265,53401406,雲太電信股份有限公司,臺中市北區淡溝里博館東街38號,5500000,1040903
7266,53401519,臻酷設計有限公司,臺中市神岡區社口里文昌街326號1樓,1000000,1040918
7269,53402550,後憲保全股份有限公司,臺中市北區忠明路432號6樓之2,40000000,1040918
7272,53403684,宏鎰事業有限公司,臺中市南屯區大同里精誠路474號1樓,30000,1040923
7292,53422394,天使資本顧問股份有限公司,臺中市西屯區市政路500號14樓之1,7000000,1040917
7349,53471021,珍宸企業有限公司,臺中市烏日區溪埧里溪南路一段506巷68之7號,8000000,1040917
7351,53473822,台灣賽福動力精密機械有限公司,臺中市太平區中興里永平路二段476巷126弄22號1樓,5000000,1040925
7352,53475053,富甲鋁業有限公司,臺中市霧峰區本堂里育德路26巷17號,3000000,1040923
7353,53475217,新富國際實業有限公司,臺中市北屯區東山路一段192巷5弄1號1樓,2000000,1040914
7357,53476948,全聯新股份有限公司,臺中市西屯區協和里工業區一路98之129號2樓,12000000,1040902
7358,53477138,力沛有限公司,臺中市烏日區仁德里僑仁街37號13樓之2,1000000,1040923
7360,53477290,光承企業股份有限公司,臺中市南屯區同心里文心路一段186號16樓之13,700000,1040904
7367,53483764,永弘精密有限公司,臺中市大雅區橫山里振興二路41號1樓,3000000,1040917
7370,53485931,廣進矽能電力股份有限公司,臺中市西區民龍里臺灣大道二段186號22樓之5,52000000,1040903
7371,53486100,承荃有限公司,臺中市潭子區潭陽里復興路二段57巷4號,700000,1040915
7379,53492095,牧田實業有限公司,臺中市中區中正路235號,1000000,1040916
7383,53493215,漢澤寰宇股份有限公司,臺中市北區立人里陜西路99號2樓,20000000,1040921
7387,53494713,祝興創意有限公司,臺中市清水區頂湳里客庄路38之1號1樓,11000000,1040911
7389,53499772,一一一乙乙乙一一一乙乙丁安心徵信有限公司,臺中市大雅區六寶里月祥路770號1樓,500000,1040923
7392,53504037,司豐豪磊有限公司,臺中市北區榮華街32號1樓,850000,1040910
7400,53509722,貞德實業有限公司,臺中市東區十甲里十甲路174巷2號1樓,6500000,1040914
7402,53511396,後憲公寓大廈管理維護股份有限公司,臺中市北區健行里忠明路432號6樓之2,15000000,1040921
7403,53512120,祥發肉品有限公司,臺中市西區吉龍里美村路一段668號2樓,1000000,1040916
7407,53513471,崧辰工業有限公司,臺中市南屯區文昌街189號1樓,1000000,1040915
7412,53515668,振音硬體整合有限公司,臺中市南區南和一街1巷19號1樓,500000,1040930
7417,53517069,泰揚能潤滑油科技有限公司,臺中市西區民生里自由路一段148號6樓,10000000,1040916
7557,53601397,金豐電機有限公司,臺中市大里區大里路481巷2弄52號1樓,2000000,1040916
7558,53601919,佰霖國際貿易有限公司,臺中市潭子區潭興路三段83號2樓,520000,1040923
7560,53603183,新盛不動產開發有限公司,臺中市西屯區惠來里惠中路二段72號3樓,300000,1040914
7563,53606230,大正水電企業有限公司,臺中市大里區新仁里公教街17號1樓,1000000,1040917
7565,53607759,康提有限公司,臺中市北區淡溝里臺灣大道二段340號3樓之3,500000,1040917
7570,53610656,信基不動產有限公司,臺中市北區進化路577之1、577之2號,500000,1040904
7572,53614180,金囋股份有限公司,臺中市南區忠明南路760號33樓,465000000,1040924
7573,53614870,民富工程有限公司,臺中市太平區育德路25巷2號,3000000,1040907
7577,53618427,月鯨有限公司,臺中市中區民權路78號3樓,50000,1040910
7581,53621458,八達置業國際地產有限公司,臺中市西屯區何成里大隆路188號1樓,1000000,1040921
7588,53628213,大有環保科技股份有限公司,臺中市南屯區大興里東興東街24巷1號,30000000,1040923
7589,53629613,慈惠堂生技股份有限公司,臺中市大里區中興路二段94號3樓,120000000,1040924
7590,53629748,泳信豪有限公司,臺中市大安區龜壳里中松路273號2樓,500000,1040923
7595,53635333,龍城不動產業有限公司,臺中市太平區太平里永豐路268之6號2樓,43500000,1040916
7598,53638710,奕墅建設有限公司,臺中市東區旱溪西路一段50號2樓,1000000,1040917
7601,53641813,服科資訊有限公司,臺中市南屯區五權西路二段665號5樓之7,3000000,1040922
7602,53642405,駿森金屬工業有限公司,臺中市北屯區東光里北屯路298巷26弄6之2號1樓,200000,1040901
7607,53647133,嘉德兄弟投資有限公司,臺中市霧峰區萊園里萊園路139巷2號1樓,37500000,1040901
7608,53647942,新愛國際股份有限公司,臺中市南屯區東興路三段185號3樓,8000000,1040916
7620,53660037,法商洛圖科技有限公司,臺中市大雅區東大路二段910巷6號,5000000,1040910
7622,53662794,百慕達商順富國際股份有限公司,臺中市西屯區福和里臺灣大道4段925號10樓之6,10000000,1040911
7628,53668919,日商三共股份有限公司,臺中市西屯區協和里工業區四十路25號,5000000,1040921
7629,53669656,日商田島股份有限公司,臺中市北區台灣大道2段360號13樓之3,0,1040907
7649,53685184,凱月飯店事業股份有限公司,臺中市東區新庄里大智路63-2號1樓,55000000,1040908
7675,53701537,琦玉設計工程顧問有限公司,臺中市南屯區文心路一段186號16樓之12,1000000,1040924
7806,53780510,根本開發建設有限公司,臺中市太平區宜昌里宜欣一街51號1樓,5000000,1040923
7812,53788647,星光大道美食世界股份有限公司,臺中市西屯區西墩里福科路86號、88號,55000000,1040911
7814,53790622,祐聖鋼鐵股份有限公司,臺中市大里區西湖里西湖路320巷29弄10號,5000000,1040918
7816,53793304,鴻瑞興營造有限公司,臺中市豐原區圓環南路96巷24號,3000000,1040916
7817,53793374,一揚設計企業有限公司,臺中市大肚區王田里王福街430巷23弄91號1樓,3000000,1040923
7818,53793682,峰霈國際有限公司,臺中市南屯區大同里大墩五街46號1樓,500000,1040921
7821,53794633,全球光學股份有限公司,臺中市西屯區何成里大墩十八街195號3樓之2,150000000,1040903
7822,53794866,九上科技股份有限公司,臺中市神岡區中正南街46號1樓,24000000,1040914
7832,53800993,品宏殯葬禮儀有限公司,臺中市北屯區軍和街507之1號1樓,200000,1040907
7834,53803507,百生利企業有限公司,臺中市北屯區崇德路二段252號6樓,5000000,1040924
7837,53805961,安欣國際有限公司,臺中市大里區樹王里文心南路1125巷20號1樓,10000000,1040916
7842,53807953,震泰自動化科技有限公司,臺中市太平區建國里建成街198號,15000000,1040928
7846,53809137,威皇投資顧問股份有限公司,臺中市西區英才路530號23樓之2,500000,1040916
7852,53813370,應聯科技有限公司,臺中市西屯區逢甲里福上巷321之1號2樓,2000000,1040925
7855,53816257,生展生鮮蔬果股份有限公司,臺中市大里區仁德里仁化路711號,19500000,1040917
7859,53817951,源慶國際投資股份有限公司,臺中市豐原區中山里復興路87號2樓,20000000,1040924
7864,53822238,宏發冷氣空調實業有限公司,臺中市太平區大興路248號1樓,1000000,1040910
7865,53822342,鴻達製袋有限公司,臺中市潭子區栗林里民生街40巷16弄16號1樓,500000,1040921
7878,53829226,台冠明國際有限公司,臺中市北屯區后庄路232號2樓,250000,1040904
7885,53835249,澄品大閘蟹有限公司,臺中市南屯區大墩八街11號1樓,1100000,1040901
7886,53835304,雷虎生技股份有限公司,臺中市西屯區協和里工業區六路7號2樓,240500000,1040901
7887,53835310,美家人力資源有限公司,臺中市東區三賢街166號1樓,10000000,1040925
7889,53836319,廣澤源能源科技股份有限公司,臺中市神岡區圳堵里圳岸路45號,1000000,1040910
7893,53839266,宏晟開發建設有限公司,臺中市西區吉龍里五權西二街48號1樓,20000000,1040901
7899,53841431,謐境室內裝修有限公司,臺中市西屯區何德里甘肅路一段27巷4號,1000000,1040901
7902,53842635,耕雲智慧生活科技有限公司,臺中市南區福興里南平路296號6樓之3,10000000,1040930
7908,53846105,雲舞實業股份有限公司,臺中市南屯區惠中里文心路一段306號3樓之3,42000000,1040902
7914,53849216,順堂建設股份有限公司,臺中市大里區新芳路38號1樓,29500000,1040925
7916,53850135,聖堂數位有限公司,臺中市中區綠川里臺灣大道一段79號7樓,1800000,1040925
7921,53853935,品村洋酒有限公司,臺中市北區賴福里中清路一段418號1樓,300000,1040922
7922,53854174,和興開發建設有限公司,臺中市南屯區精誠路674號,500000,1040915
7924,53854792,泰利消防工業有限公司,臺中市豐原區鎌村里鎌村路326巷23之2號,1500000,1040930
7927,53856145,習慣領域股份有限公司,臺中市南屯區文心路一段306號4樓之3,2500000,1040916
7931,53858875,逢甲住進股份有限公司,臺中市西屯區逢福里文華路20號之8,1000000,1040901
7932,53859620,拉菲爾企業股份有限公司,臺中市北區明德里忠明路211號9樓之5,2000000,1040923
7933,53861169,元合亞環保科技有限公司,臺中市北屯區三光里三光巷49之1號,5000000,1040925
7939,53864264,和聚建設有限公司,臺中市西屯區何仁里永昌街35號,10000000,1040923
7940,53864980,森錩國際有限公司,臺中市西區五權西路一段237號15樓之1,5000000,1040904
7943,53866761,向雲科技股份有限公司,臺中市太平區新光里旱溪東路二段178號2樓,22000000,1040903
7944,53866930,順晟發開發有限公司,臺中市北屯區梅川東路五段472號,1000000,1040911
7947,53868206,順鴻翔有限公司,臺中市西區東興路三段278號1樓,5000000,1040917
7951,53869253,光華不動產有限公司,臺中市西屯區何安里青海路2段33號1樓,1800000,1040923
7954,53871413,臻譽國際有限公司,臺中市南屯區向上南路一段287號1樓,1000000,1040903
7955,53872102,順上家企業有限公司,臺中市潭子區福仁里復興路一段1巷8號,1000000,1040908
7958,53873637,邑泰小客車租賃有限公司,臺中市北區中清路一段347號3樓,5000000,1040911
7960,53874087,天亞國際有限公司,臺中市南屯區田心里惠文路258號1樓,5000000,1040904
7966,53876971,百醫醫材科技股份有限公司,臺中市西區英才路530號20樓之6,36000000,1040903
7968,53878176,東晉國際實業有限公司,臺中市西區公舘里三民西路118號1樓,6000000,1040902
7971,53879105,福泰紡織股份有限公司,臺中市梧棲區港埠路1段237號,70000000,1040904
8010,53901471,金星有限公司,臺中市沙鹿區南勢里自由路95巷22之22號1樓,300000,1040914
8016,53909635,正子國際有限公司,臺中市西區大全街58巷7之1號2樓,1000000,1040904
8127,53958115,日銨貿易有限公司,臺中市霧峰區吉峰里17鄰吉峰路100-16號,500000,1040930
8131,53959439,協益機械板金有限公司,臺中市太平區新坪里育仁路57號,500000,1040915
8132,53959888,泰大升國際有限公司,臺中市北屯區水景里東山路一段191之2號3樓,500000,1040902
8133,53960180,宏達發實業有限公司,臺中市西屯區潮洋里市政北二路236號25樓之2,3000000,1040930
8134,53960581,元順塑膠興業有限公司,臺中市豐原區陽明里田心路一段197之1號1樓,1000000,1040922
8135,53960858,桀翔冷氣空調工程有限公司,臺中市南區樹義里福田路218號,200000,1040917
8136,53961701,吾幫土智慧生活有限公司,臺中市太平區東平里東村六街22巷37號5樓之1,66000000,1040921
8138,53962510,昇發有限公司,臺中市大甲區新美里光明路187巷16號1樓,29500000,1040921
8140,53963124,芬朵行銷有限公司,臺中市北屯區北屯里興安路1段30號7樓之3,6000000,1040915
8141,53963927,和上租賃有限公司,臺中市西屯區福恩里工業區一路30號1樓,5000000,1040918
8143,53966001,鉦誠精密科技有限公司,臺中市龍井區遊園南路319巷45弄20號1樓,1000000,1040923
8145,53968134,嘉詠科技管理顧問有限公司,臺中市霧峰區萊園里萊園路139巷2號,7000000,1040901
8146,53970238,大德榮軸承有限公司,臺中市西區公民里公館路242號1樓,5000000,1040901
8147,53972159,金磚精密工業股份有限公司,臺中市烏日區太明路159號1樓,20000000,1040916
8148,53972313,群陽建設股份有限公司,臺中市東區東信里東信街78號2樓,50000000,1040922
8149,53972616,晉易仟國際有限公司,臺中市烏日區公園路333巷3弄1號1樓,2000000,1040916
8153,53974614,凱博數位有限公司,臺中市大里區永隆里爽文路975號2樓,1000000,1040916
8155,53974641,道邦國際電機有限公司,臺中市豐原區南田里富陽路121巷31號1樓,18000000,1040904
8156,53974776,翔展國際開發有限公司,臺中市南區忠明南路935號3樓,1000000,1040918
8170,53985324,家富美建設股份有限公司,臺中市大里區德芳路一段378號1樓,9900000,1040923
8171,53985540,大君鴻科技有限公司,臺中市大肚區王田里王福街750巷20號,30000000,1040917
8174,53986386,賢隱生技有限公司,臺中市北區立人里陜西路105號2樓,1000000,1040908
8176,53987527,九麟不動產有限公司,臺中市大里區東榮路229號1、2樓,1000000,1040910
8178,53988130,東升不動產經紀有限公司,臺中市南屯區大墩十一街818號1樓,500000,1040917
8180,53989264,展銓科技有限公司,臺中市西屯區廣福里廣福路261巷12號,5000000,1040908
8181,53989807,欣峰禾有限公司,臺中市大甲區頂店里大發路135號,2500000,1040907
8184,53990430,雲舞開發股份有限公司,臺中市南屯區惠中里文心路一段306號3樓之3,20000000,1040917
8187,53992394,東楠文教事業有限公司,臺中市大里區仁化里工業一路77號,200000,1040921
8188,53992401,日冠不動產有限公司,臺中市南屯區三和里公益路二段487號,1000000,1040907
8189,53992768,圖斯特國際行銷有限公司,臺中市大里區塗城路852巷6弄32號1樓,4500000,1040904
8191,53994745,臺中快捷巴士股份有限公司,臺中市西區民權路101號1樓,200000000,1040916
8194,53996027,鼎岳資訊管理顧問有限公司,臺中市西屯區市政北二路236號26樓之1,20000000,1040925
8196,53998762,羽澤室內裝修設計有限公司,臺中市西區公德里精誠路189號1樓,2000000,1040914
8198,54000787,喜滿家企業有限公司,臺中市南屯區南屯路二段408號9樓之2,2000000,1040921
8204,54003335,鑫嘉建設股份有限公司,臺中市北屯區水景里景賢路312號1樓,10000000,1040914
8206,54003927,興中開發有限公司,臺中市南區德義里忠孝路20號1樓,20000000,1040902
8208,54004720,中均禮儀有限公司,臺中市大里區新仁里立仁路91號1樓,6600000,1040901
8209,54006430,駿宏燈光音響有限公司,臺中市大里區樹王里文心南路1125巷20號1樓,6000000,1040917
8211,54007304,嘉沅貿易有限公司,臺中市南屯區寶山里工業區二三路25號三樓,5000000,1040922
8252,54030451,欣訢企業有限公司,臺中市沙鹿區中清路六段180巷7號,1000000,1040925
8299,54059626,綠茵生技股份有限公司,臺中市大雅區科雅路43號5樓,132500000,1040907
8370,54090302,宇樺達有限公司,臺中市清水區高西里高美路721巷31之8號,3500000,1040916
8373,54091317,鵬奕實業有限公司,臺中市北屯區和平里東山路一段367之18巷2號13樓,1000000,1040918
8377,54094285,玉茂企業有限公司,臺中市北屯區安順東二街38號1樓,300000,1040907
8378,54094399,國際通路科技有限公司,臺中市北屯區平田里文心路4段955號23樓之1,5000000,1040915
8380,54095117,和風寵物有限公司,臺中市潭子區豐栗路63巷23號1樓,5000000,1040901
8381,54095186,沛祐工業有限公司,臺中市豐原區大湳里三豐路222巷10號1樓,15000000,1040914
8382,54096185,奇泓工程有限公司,臺中市豐原區翁明里圓環北路二段314巷1弄8號3樓,3000000,1040908
8386,54097109,文生熱處理股份有限公司,臺中市西屯區工業區31路3號,72000000,1040924
8390,54098775,立捷生物科技有限公司,臺中市南區平和里南平路140號2樓,5000000,1040921
8392,54100505,捷一資訊服務股份有限公司,臺中市西屯區逢福里福上巷214弄74號1樓,1300000,1040917
8396,54105255,凱仕特科技股份有限公司,臺中市沙鹿區中山路127之11號1樓,1000000,1040917
8400,54108464,三英行銷股份有限公司,臺中市大肚區王田里興中路55號,15000000,1040923
8403,54111502,福邦開發投資股份有限公司,臺中市神岡區社南里社南街5巷30號2樓,15000000,1040925
8410,54115227,豪樂邁企業有限公司,臺中市清水區高南里高美路475之1號,3000000,1040910
8414,54119005,佳晉有限公司,臺中市大里區至聖路5號1樓,1000000,1040912
8415,54119650,磐隆石材有限公司,臺中市南屯區河南路4段350巷12號11樓之9,3000000,1040901
8418,54121558,鑫大順建設股份有限公司,臺中市南區長榮里愛國街47號5樓,15000000,1040923
8419,54121570,珍尼克國際有限公司,臺中市北區錦平里五權路406、408號,3000000,1040918
8420,54122276,大佬爺國際貿易有限公司,臺中市沙鹿區南勢里南斗路31巷52號1樓,100000,1040904
8423,54123697,台盈有限公司,臺中市大雅區德勝路106巷8號,1000000,1040921
8428,54126815,菘葆企業有限公司,臺中市潭子區福仁里大新路79巷102之6號,2000000,1040904
8430,54127125,亞洲信成有限公司,臺中市大雅區中清路四段627巷1號,200000,1040924
8431,54127455,建展電子有限公司,臺中市南屯區三和里公益路二段615-5號7樓之1,2000000,1040908
8434,54131459,久醇食品有限公司,臺中市大甲區頂店里南北一路108巷6號,5000000,1040909
8435,54132491,景亮科技有限公司,臺中市西區五權一街154號1樓,500000,1040915
8437,54133409,力森有限公司,臺中市北區長青里漢陽街38號1樓,200000,1040903
8438,54133506,磐鉅不動產經紀有限公司,臺中市北屯區松竹路一段959號1樓,1200000,1040918
8463,54161220,漢田室內裝修有限公司,臺中市北區中華路二段173巷53號,2000000,1040903
8518,54183527,承峰國際藝術股份有限公司,臺中市西區臺灣大道二段307號9樓之2,15000000,1040904
8542,54193692,繫情事業股份有限公司,臺中市北區崇德里北興街121號2樓,12000000,1040921
8557,54201927,安康世界股份有限公司,臺中市南屯區同心里文心路一段186號12樓之2,40000000,1040922
8584,54214789,德笙國際醫材有限公司,臺中市大肚區蔗廍里遊園路二段79巷35弄21號1樓,1000000,1040902
8595,54219736,祐全資訊有限公司,臺中市霧峰區北柳里四德路250號1樓,600000,1040909
8600,54222021,上盟汽缸套股份有限公司,臺中市烏日區五光路復光六巷208號,6000000,1040923
8601,54222063,日月展金屬有限公司,臺中市大里區仁美路159巷19號,200000,1040930
8608,54225821,駟丞生物科技股份有限公司,臺中市霧峰區北柳里四德路412巷66號1樓,22200000,1040911
8610,54228806,尚陞營造有限公司,臺中市梧棲區頂寮里四維路71巷2號4樓之1,3000000,1040914
8617,54236502,全自然國際事業有限公司,臺中市西區民龍里臺灣大道二段220號14樓,1000000,1040923
8619,54237517,承一建設股份有限公司,臺中市南屯區豐樂里萬和路一段30之39號1樓,13000000,1040916
8620,54237621,雷電光能有限公司,臺中市大里區塗城里塗城路29號1樓,32000000,1040921
8622,54238939,金緻保全股份有限公司,臺中市南區福興里復興路三段2巷3弄12號1樓,40000000,1040916
8623,54239536,鉅大開發有限公司,臺中市西區大忠里忠明南路270號4樓之3,15000000,1040904
8625,54240196,鴻碩有限公司,臺中市烏日區三榮路二段436號,3050000,1040922
8626,54240512,翰橙國際有限公司,臺中市大甲區新美里永順街126號1樓,6000000,1040917
8628,54243237,耘鑫有限公司,臺中市大雅區二和里田心二街54號1樓,1000000,1040924
8629,54243258,耘達利有限公司,臺中市大雅區二和里田心二街54號1樓,1000000,1040924
8631,54246419,台灣芳吉絲國際股份有限公司,臺中市南區長春里濟世街69之3號,5000000,1040902
8635,54248423,歐迪斯有限公司,臺中市大安區福興里興安路257號,1000000,1040915
8636,54249534,錦億印刷有限公司,臺中市霧峰區甲寅里中正路1173巷27號1樓,5000000,1040901
8637,54249577,里奕廣告有限公司,臺中市烏日區中華路21巷28號2樓,500000,1040909
8639,54250406,埕境室內裝修工程有限公司,臺中市大里區新里里國光路二段103巷2號1樓,1000000,1040904
8640,54250530,正生國際有限公司,臺中市北區賴旺里青島路1段41號1樓,30000000,1040923
8641,54251209,辰翔光電科技股份有限公司,臺中市烏日區長春街223號6樓,10000000,1040909
8643,54251518,勝晟國際有限公司,臺中市豐原區三村里合作街160巷38之3號1樓,2100000,1040924
8645,54252538,洋基果子生活光電有限公司,臺中市西屯區福聯里國際街16號,1000000,1040903
8656,54260158,萬年清投資股份有限公司,臺中市西屯區惠來里市政南一路12號3樓之1,25000000,1040914
8658,54260538,晉億人力資源有限公司,臺中市北屯區北興里太原路三段562號7樓,5000000,1040921
8659,54261109,潤鈦鑫有限公司,臺中市大雅區上楓里樹德街96巷38號1樓,100000,1040903
8661,54263084,龍門永業有限公司,臺中市南區福順里新和街205號,1000000,1040918
8662,54263438,劼思國際有限公司,臺中市西屯區西平里福興北路47號1樓,3000000,1040917
8668,54265175,樂射國際有限公司,臺中市烏日區仁德里興學街21巷6號,5000000,1040903
8669,54265739,晟煜科技有限公司,臺中市南屯區大業里大進街373號5樓之1,10000000,1040924
8672,54267321,美之源有限公司,臺中市西屯區至善里至善路67號7樓之3,300000,1040912
8679,54268617,頭家潤滑油有限公司,臺中市大肚區遊園路一段105之18號1樓,2500000,1040906
8729,54293881,柏群開發實業有限公司,臺中市北區精武路422號,30000000,1040925
8774,54313578,本圓有限公司,臺中市南屯區大同里東興路二段243號6樓,300000,1040911
8898,54374238,大陸商京士頓(廈門)酒店管理有限公司,臺中市南屯區大容西街2號6樓,0,1040918
8913,54390933,英屬維京群島商新邁實業有限公司,臺中市西屯區何南里精明路22號5樓之1,1000000,1040904
8915,54391031,英屬維京群島商富美聚國際有限公司,臺中市西屯區大祥街10號2樓,10000000,1040908
8951,54514717,加博科技有限公司,臺中市大肚區頂街里大德七街16號,250000,1040914
9107,54579653,松醇沉香企業股份有限公司,臺中市北區文心路四段182號地下第一層2,5000000,1040909
9108,54579788,凱達牙科器材有限公司,臺中市西屯區福和里福安三街30號1樓,1000000,1040915
9109,54580130,孝親企業股份有限公司,臺中市東區健智街63巷15號3號之3,2000000,1040910
9110,54580271,川唐生化科技有限公司,臺中市北區崇德路一段629號19樓之2,700000,1040924
9111,54580997,捷暘科技股份有限公司,臺中市大雅區橫山里4鄰永和路11-3號,3000000,1040908
9112,54581052,後憲物業管理顧問股份有限公司,臺中市北區健行里忠明路432號6樓之1,2000000,1040918
9113,54581428,樂鑫企業有限公司,臺中市東區東門里東門路159號1樓,200000,1040902
9114,54581715,世新國際人力資源有限公司,臺中市西屯區逢甲里西屯路二段256巷6號16樓之5,5000000,1040902
9115,54581721,元將營造工程有限公司,臺中市西屯區逢甲里西屯路二段256巷6號7樓之8,3000000,1040902
9116,54583586,大展拖吊股份有限公司,臺中市西區公舘里三民路一段41號,14000000,1040908
9117,54583896,漢霖綜合事業有限公司,臺中市北區賴厝里梅川西路三段65號9樓,2000000,1040905
9118,54584038,睿駿實業有限公司,臺中市北屯區水湳里大連路一段54巷1號,5000000,1040921
9119,54584332,老巴有限公司,臺中市西屯區西平里逢甲路20巷25號2樓,150000,1040903
9120,54584945,卡氏崔網路流通股份有限公司,臺中市西屯區何南里臺灣大道二段781之4號,1440000,1040918
9121,54584972,臻穎投資有限公司,臺中市西屯區惠來里市政南一路12號3樓之2,5000000,1040911
9122,54585959,雲翔國際旅館股份有限公司,臺中市南屯區三厝里向上路三段221號4樓,75000000,1040921
9123,54586084,壽園企業股份有限公司,臺中市北屯區松安里7鄰崇德六路一段31巷17號1樓,2000000,1040921
9124,54586697,元瑋科技有限公司,臺中市太平區東平路267巷7號1樓,500000,1040923
9125,54586866,岱櫻企業股份有限公司,臺中市龍井區向上路六段1號,5000000,1040910
9126,54586964,台灣筆業股份有限公司,臺中市大甲區武曲里大安港路116巷13號2樓,32000000,1040911
9127,54587963,聖家科技股份有限公司,臺中市大雅區二和里雅環路一段276巷25號1樓,3000000,1040921
9128,54589012,塔吉輪胎有限公司,臺中市西屯區中工二路77號,500000,1040901
9129,54589694,沐樺實業有限公司,臺中市潭子區福仁里合作街38巷2號,5000000,1040923
9130,54589982,昶昇不動產實業有限公司,臺中市西屯區何厝里漢口路二段45號1樓,5000000,1040930
9131,54590854,智源綠能科技有限公司,臺中市南區南門里南門路36號1樓,1000000,1040918
9132,54590860,鑫奕城有限公司,臺中市大里區西湖里草湖路389巷2號,3000000,1040915
9133,54591410,泰豐農場有限公司,臺中市神岡區圳堵里成功路45巷11號,5000000,1040902
9134,54591679,傑淯有限公司,臺中市大肚區王田里王福街512號1樓,1000000,1040922
9135,54591734,崧凱有限公司,臺中市大雅區民豐街101號1樓,3600000,1040921
9136,54591919,明揚精密工業有限公司,臺中市大安區永安里東西三路380號,368000,1040911
9137,54591994,丰上工業股份有限公司,臺中市神岡區社南里中山路851巷35弄37號1樓,39000000,1040914
9139,54592656,仲友開發有限公司,臺中市南區平和里忠明南路935號1樓,1000000,1040921
9140,54592966,興都有限公司,臺中市南屯區寶山里忠勇路80之26號2樓,10000000,1040902
9141,54593352,麻雀驛站庭園有限公司,臺中市沙鹿區晉江里晉文路29巷6號1樓,1000000,1040908
9142,54593830,艾芮卡投資有限公司,臺中市西屯區市政南一路12號3樓之2,5000000,1040907
9143,54593917,詮鑫影音科技有限公司,臺中市南區樹義里樹義路2號,1000000,1040925
9144,54594556,彬彬洋行有限公司,臺中市西屯區惠來里市政路500號22樓之5,10000000,1040922
9145,54594649,亞太國際資產有限公司,臺中市西屯區何成里大墩路949之6號,10000000,1040904
9146,54595210,亞興人力仲介有限公司,臺中市南區福平里美村路二段106巷29號1樓,5000000,1040911
9147,54595627,曼特食品股份有限公司,臺中市東區東英里東英路578之1號1樓,12000000,1040914
9149,54595963,崧岩建材有限公司,臺中市南屯區大興里精誠路742號1樓,2000000,1040910
9150,54596169,聚懋實業有限公司,臺中市太平區永隆里七星路85巷5號1樓,500000,1040922
9151,54597337,久禾空間設計有限公司,臺中市南屯區文心路一段218號22樓之3,2000000,1040910
9152,54597765,黑雷資本投資有限公司,臺中市潭子區栗林里中山路三段501號2樓,1000000,1040910
9153,54598357,金碩國際有限公司,臺中市西屯區潮洋里市政北二路236號24樓之2,1000000,1040925
9154,54598693,基盛建設開發有限公司,臺中市南區五權南路728號1樓,10000000,1040904
9155,54599736,朝羱科技有限公司,臺中市西屯區福雅路656之1號,14000000,1040916
9156,54600157,泓麟不動產有限公司,臺中市西屯區惠中路二段50號1樓,1000000,1040909
9157,54600380,方鼎廣告企業有限公司,臺中市南屯區大墩路249號14樓之2,500000,1040910
9158,54600847,燦華投資股份有限公司,臺中市西屯區逢甲里寶慶街30巷9號7樓之16,71000000,1040903
9159,54600924,米氏友管理顧問有限公司,臺中市梧棲區福德里忠信路29號1樓,1000000,1040907
9161,54601819,量能不動產經紀有限公司,臺中市大里區立中六街18號1樓,500000,1040901
9162,54602227,金萬益不動產有限公司,臺中市西屯區大河里福上巷116號1樓,1000000,1040901
9163,54602471,富麗餐飲有限公司,臺中市西屯區何安里臺灣大道二段960號,500000,1040908
9164,54602774,綋奇實業有限公司,臺中市豐原區朴子里朴子街395巷5號1樓,2000000,1040911
9165,54603106,昇日旺建設有限公司,臺中市后里區甲后路30巷21之1號1樓,2000000,1040904
9166,54604800,泰沂開發有限公司,臺中市北區頂厝里崇德路一段579號10樓之1,2000000,1040930
9167,54605152,連文國際有限公司,臺中市北屯區陳平里中清路二段552巷8弄7號1樓,8000000,1040908
9168,54605287,勝懋國際企業有限公司,臺中市太平區聖和里光興路2206號,1000000,1040911
9169,54605667,圓程科技股份有限公司,臺中市太平區新光里11鄰新高東路31號1樓,1000000,1040914
9170,54606841,活力兄弟股份有限公司,臺中市西區五權西四街170號1樓,31500000,1040921
9171,54606933,鴻馨工業股份有限公司,臺中市龍井區忠和里海尾路256巷12號,17000000,1040909
9172,54607567,致冠雲端有限公司,臺中市太平區新城里新明街69巷27號,8888,1040908
9173,54607601,裕民保險經紀人股份有限公司,臺中市西屯區成都路279號地下一樓之10,3000000,1040914
9174,54607784,安逸國際有限公司,臺中市北區頂厝里崇德路一段629號19樓之2,6600000,1040923
9175,54607953,日佳文化事業有限公司,臺中市北屯區仁美里豐樂路10之33號1樓,600000,1040907
9176,54608334,天鑽建設有限公司,臺中市北區健行里忠明路424地下一層之2號,3000000,1040911
9177,54609093,富利望國際有限公司,臺中市大里區仁化里仁美路92巷8號,6000000,1040914
9262,54651943,蕎麥櫻有限公司,臺中市西區美村路一段39之5號4樓,3000000,1040908
9302,54669227,新領域國際網絡服務有限公司,臺中市西屯區潮洋里市政北二路236號25樓之5,3000000,1040904
9456,54741500,台灣九龍山建設有限公司,臺中市北區賴明里青島路二段29號1樓,5000000,1040907
9457,54742732,玩到贏國際行銷有限公司,臺中市東區建興街13號1樓,2000000,1040903
9458,54742901,銓祥科技股份有限公司,臺中市南屯區文山里精科八路38號,101000000,1040915
9459,54743850,紘逸實業有限公司,臺中市西屯區何安里臺灣大道二段910號10樓之1,4000000,1040917
9460,54746619,永龍實業股份有限公司,臺中市大肚區南榮路297號,30000000,1040915
9461,54747504,千實文教事業股份有限公司,臺中市北區陝西八街8號,22000000,1040916
9462,54747912,非凡光電科技有限公司,臺中市南屯區同心里大墩四街244-1號3樓,2000000,1040916
9463,54749714,好飾國際貿易有限公司,臺中市北屯區平興里柳陽東街71號1樓,2000000,1040930
9464,54749812,笙邦實業有限公司,臺中市西屯區何厝里漢口路二段9號1樓,500000,1040922
9465,54751653,億昌冷凍肉品有限公司,臺中市西屯區廣福里西林巷41之2號,500000,1040904
9466,54751817,宥勝紙業有限公司,臺中市烏日區溪埧里溪南路一段238巷85弄16號,6100000,1040908
9467,54752077,愛特顧問有限公司,臺中市西區明義街63號1樓,500000,1040922
9468,54752610,迪緯水電企業有限公司,臺中市梧棲區福德里光復路196號1樓,10000000,1040901
9469,54752750,東太陽建設開發股份有限公司,臺中市潭子區東寶里崇德路四段105號,5000000,1040924
9470,54753049,巫吉工程有限公司,臺中市太平區成功里8鄰成功東路299號,1000000,1040921
9471,54753224,名世科技有限公司,臺中市西屯區何仁里西屯路二段130號1樓,500000,1040904
9472,54753370,合勤不動產仲介有限公司,臺中市北屯區中清路二段591號1樓,300000,1040922
9473,54753667,成德科技有限公司,臺中市大里區立德里立仁路198號1樓,300000,1040915
9474,54753673,昇裕精密工業有限公司,臺中市大里區塗城里塗城路84巷7號1樓,3000000,1040928
9475,54753890,新雅生物科技有限公司,臺中市北屯區平昌里文心路四段934號地下一樓,3000000,1040923
9476,54754048,森楠實業有限公司,臺中市大雅區忠義里仁愛南路55號,100000,1040910
9477,54755270,幸欣國際演藝事業有限公司,臺中市南屯區文心南七路218號1樓,880000,1040916
9478,54756030,喬依行銷顧問股份有限公司,臺中市北屯區水湳里文心路四段81號8樓之2,10000000,1040918
9479,54756637,鴻億國際生技有限公司,臺中市東區東英里自由路四段411號1樓,10000000,1040911
9480,54757093,極峰國際物業股份有限公司,臺中市南區長榮里愛國街47號5樓,1000000,1040904
9481,54758157,台灣標普有限公司,臺中市南屯區惠中里文心路一段378號20樓之5,10000000,1040909
9482,54758972,玩邑有限公司,臺中市南屯區向心里永春東路620號1樓,2700000,1040923
9483,54759661,永禎地產有限公司,臺中市南屯區同心里文心路一段46之11號,1000000,1040922
9484,54760225,常綠國際企業有限公司,臺中市西區臺灣大道二段307號9樓之2,3000000,1040902
9485,54760864,酷購國際有限公司,臺中市北屯區仁和里崇德路三段161號,4000000,1040901
9486,54760885,京賀企業有限公司,臺中市東區泉源里建成路340-1號,5000000,1040902
9487,54760935,沅德空間設計有限公司,臺中市西屯區何南里精誠路14號4樓之4,2000000,1040902
9488,54762271,慶霖雷射股份有限公司,臺中市龍井區龍津里三港路427巷32號,10500000,1040925
9489,54762455,皇瑞石股份有限公司,臺中市北區華美街二段312號,50000000,1040911
9490,54762602,宜利紗時尚創新設計有限公司,臺中市北屯區軍功里松竹二路121號1樓,1000000,1040914
9491,54762650,宏美旅行社有限公司,臺中市西屯區西平里文華路162巷42號1、2樓,6000000,1040918
9493,54763784,大瓦室內裝修有限公司,臺中市南屯區南屯里黎明東街90號,600000,1040918
9494,54764720,宏聲國樂器有限公司,臺中市大里區大元里國光路一段7之1號1樓,11200000,1040914
9495,54764741,羅賓斯國際事業股份有限公司,臺中市南屯區惠中里文心路一段306號13樓,16000000,1040921
9496,54765024,怡鑫人力資源有限公司,臺中市北屯區后庄路250巷56號1樓,12000000,1040925
9497,54765122,鐵牛實業有限公司,臺中市北屯區平和里崇德路二段199號3樓之2,1000000,1040903
9498,54766017,台灣史密斯工業股份有限公司,臺中市霧峰區豐正路工業巷10號,29300000,1040908
9500,54767819,小薔巧思設計有限公司,臺中市北區興進路200號2樓,200000,1040924
9501,54768367,安心管理顧問有限公司,臺中市北區梅川西路三段66號9樓,1000000,1040930
9502,54768471,寶祥洋行有限公司,臺中市西屯區工業區九路10號1樓,100000,1040924
9503,54768520,台灣費雪運動行銷有限公司,臺中市北屯區仁美里豐樂路10之33號1樓,500000,1040907
9504,54768676,金鴻興科技工程有限公司,臺中市西屯區朝貴一街98號,10000000,1040923
9505,54768802,宜謙營造工程有限公司,臺中市清水區秀水里民享路337號1樓,10000000,1040901
9596,54812173,峰作金屬有限公司,臺中市神岡區後庄里中車路13之28號,16720000,1040915
9706,54881451,御粹生物科技股份有限公司,臺中市大里區永隆里永隆路567號1樓,500000,1040902
9707,54881924,歐斯麥特企業有限公司,臺中市霧峰區南勢里丁台路681-10號1樓,20000000,1040922
9708,54881950,國斌建設股份有限公司,臺中市西屯區何南里臺灣大道二段781之2號,20000000,1040924
9709,54882418,智聯光電有限公司,臺中市東區東南里自強南街19號1樓,1000000,1040904
9710,54882901,碩豐不動產開發有限公司,臺中市西區忠誠里臺灣大道二段573號6樓,1000000,1040908
9712,54884112,聯岳資訊顧問有限公司,臺中市北屯區東山路二段77之11號,1000000,1040907
9713,54884921,源振工程有限公司,臺中市北區健行里華富街12號1樓,2000000,1040917
9716,54886462,樂承不動產有限公司,臺中市西屯區西墩里黎明路三段135號1樓,1750000,1040911
9717,54886575,廣霖不動產有限公司,臺中市太平區新興二街112號1樓,1000000,1040922
9718,54886580,弘霖事業有限公司,臺中市大甲區文武里育英路122號1樓,1000000,1040908
9719,54887271,銳思創意有限公司,臺中市南區積善里五權南路614巷3弄1之2號,1000000,1040914
9720,54887883,順琪實業有限公司,臺中市潭子區大豐里崇德路五段439號2樓,1000000,1040910
9721,54888383,坦前科技股份有限公司,臺中市西屯區臺灣大道三段660號13樓之2,24000000,1040916
9723,54889046,銓宇實業有限公司,臺中市太平區光興路1463巷42弄22號,10000000,1040901
9724,54889377,白鯨娛樂科技股份有限公司,臺中市西屯區惠來里文心路二段201號12樓之7,40000000,1040921
9725,54889931,松吟租賃有限公司,臺中市北區天津路一段120號1樓,1000000,1040918
9726,54890629,佳昌精密有限公司,臺中市大里區西湖里西柳街40號,1000000,1040903
9727,54890640,德鈺建設股份有限公司,臺中市西屯區惠來里市政北一路66號13樓,20000000,1040924
9728,54890819,美特發有限公司,臺中市東區建智街108號1樓,800000,1040910
9729,54891583,唯家企業有限公司,臺中市烏日區九德里長春街347巷22號1樓,501000,1040902
9730,54891752,沅慶精密有限公司,臺中市豐原區南嵩里水源路247巷12號1樓,2000000,1040910
9731,54892008,禾新自動化有限公司,臺中市南屯區大業里大進街536之22號三樓,1500000,1040922
9732,54892160,握沃貿易股份有限公司,臺中市西屯區上石里青海路二段292之1號1至3樓,5000000,1040921
9733,54893132,長恆小客車租賃有限公司,臺中市南區國光路66號1樓,10000000,1040922
9734,54894104,珍盛真有限公司,臺中市西屯區西平里福星北三街10號1樓,1500000,1040907
9736,54894625,寬揚興業有限公司,臺中市大里區立德里自強街29巷15號4樓之2,1000000,1040923
9737,54895119,禾嘉國際有限公司,臺中市太平區德隆里德興街136巷59號1樓,500000,1040902
9738,54895188,金尚藝品有限公司,臺中市西屯區逢甲路19巷17之3號1樓,200000,1040924
9739,54895342,鴻鑫電子科技有限公司,臺中市南屯區向上路五段128號1樓,300000,1040918
9740,54895407,合駿有限公司,臺中市神岡區大社里大漢街1巷36號1樓,990000,1040925
9741,54895666,金丞投資有限公司,臺中市西屯區工業區五路13號1樓,445943000,1040903
9742,54895954,宗瀚投資有限公司,臺中市西屯區工業區五路13號1樓,499556000,1040904
9743,54896378,震宏科技有限公司,臺中市清水區頂湳路4之6號1樓,1000000,1040918
9744,54896665,仁沂有限公司,臺中市大里區仁化里仁美路22號1樓,1000000,1040901
9745,54897405,賽菲羅斯科技股份有限公司,臺中市西屯區至善里臺灣大道三段660號13樓之5,2000000,1040912
9746,54897496,中錸機械科技有限公司,臺中市烏日區中山路三段登寺巷142號1樓,2000000,1040907
9747,54898360,家家網購股份有限公司,臺中市北區賴興里文心路四段208之1號7樓之2,630000,1040902
9748,54898410,正雄餐飲有限公司,臺中市南屯區文心南三路230巷17之1號1樓,300000,1040922
9749,54898501,奧爾國際有限公司,臺中市南屯區大業路307號4樓,1000000,1040914
9750,54898615,續茄貿易有限公司,臺中市南屯區同心里文心路一段186號14樓之7,500000,1040917
9751,54898798,全聚建設開發有限公司,臺中市潭子區潭陽里興華二路78號7樓,3000000,1040903
9752,54898875,燦輝生技有限公司,臺中市北區梅川西路三段65號8樓,500000,1040915
9753,54899473,瑪斯洛國際有限公司,臺中市潭子區福仁里復興路一段3號4樓,100000,1040923
9754,54899754,吉特科技有限公司,臺中市潭子區祥和路133巷35號1樓,8000000,1040916
9755,54900582,福利王股份有限公司,臺中市南屯區大同里大墩路188號4樓,4000000,1040914
9756,54900605,博斯美學有限公司,臺中市西屯區福恩里工業區一路96之3號2樓,1000000,1040914
9757,54900767,名吉有限公司,臺中市太平區長億里永和街68號,1000000,1040925
9758,54900921,謙悅科技有限公司,臺中市南屯區惠中里惠文路536號6樓之1,10000000,1040908
9759,54900984,慈太環境科技有限公司,臺中市烏日區仁德街119號1樓,800000,1040915
9760,54901219,文華資產管理股份有限公司,臺中市西屯區文華路150巷52號3樓之1,30000000,1040925
9761,54901668,廣弘食品有限公司,臺中市西屯區何南里精誠路50巷26號1樓,500000,1040903
9762,54901695,源裕興工業有限公司,臺中市大甲區日南里中山路二段745巷23號1樓,500000,1040907
9763,54901739,欣興物業管理顧問有限公司,臺中市南區復興路二段71巷65弄20號1樓,200000,1040910
9764,54902358,小農實業有限公司,臺中市北區太原路二段106號1樓,3000000,1040915
9765,54902651,中友沐月有限公司,臺中市北區金龍里梅亭街90巷3弄22號1樓,5000000,1040922
9766,54903292,易得寶有限公司,臺中市西屯區大鵬里文心路三段241號11樓之3,2000000,1040911
9767,54903841,京鼎創新股份有限公司,臺中市北屯區仁和里崇德十路一段552號1樓,50000000,1040921
9768,54903862,頂豐工程有限公司,臺中市西屯區青海路二段288號,6000000,1040910
9769,54904193,丰碩國際股份有限公司,臺中市南屯區寶山里工業區二三路1號1樓,5000000,1040905
9770,54904686,嘉城國際有限公司,臺中市烏日區三和里站區二路8號,3000000,1040911
9771,54904855,高攏健康管理顧問股份有限公司,臺中市東區東義街6巷6號1樓,100000,1040902
9772,54905236,錦億製版有限公司,臺中市霧峰區甲寅里中正路1173巷27號2樓,500000,1040915
9773,54905714,誠創投資股份有限公司,臺中市西區台灣大道2段536號5樓之3 ,421100000,1040924
9774,54905783,家鑫企業有限公司,臺中市東區東門里建德街418巷16弄33號1樓,1500000,1040901
9775,54906039,九和人力資源有限公司,臺中市西屯區大恩街93號1樓,5000000,1040915
9776,54906214,隱藏食堂有限公司,臺中市南屯區向心南路892巷20號1樓,4000000,1040916
9777,54906523,薪迪食品有限公司,臺中市大肚區王福街87號1樓,1000000,1040901
9778,54906663,榮陞廚衛有限公司,臺中市大里區爽文路447號1樓,1000000,1040905
9779,54906740,良好設計有限公司,臺中市南區國光里仁和路115號1樓,500000,1040910
9780,54906988,喜多利投資有限公司,臺中市龍井區新庄里中沙路新庄仔巷1號1樓,6000000,1040911
9782,54908037,瑪莎贏國際液晶有限公司,臺中市后里區義里里甲后路138巷30號,500000,1040909
9783,54908424,南陽貿易有限公司,臺中市東區東興里台中路401號8樓,1000000,1040909
9784,54908607,萬能光電科技有限公司,臺中市大里區金城里塗城路673巷6弄15號1樓,3000000,1040917
9785,54908634,喜來樂旅行社有限公司,臺中市北屯區松竹北路109號1樓,3000000,1040917
9786,54908830,進燈工程有限公司,臺中市太平區光華里大興路629號1樓,1000000,1040930
9787,55056800,民安化學工業股份有限公司,臺中市豐原區朴子里豐勢路2段1005號,20000000,1040904
9789,55370408,潭陽產業股份有限公司,臺中市潭子區潭子街一段31巷86號,28000000,1040915
9790,55621708,協興電機工業股份有限公司,臺中市后里區后里里三豐路344之2號,60000000,1040923
9791,55658253,東龍工業股份有限公司,臺中市豐原區三村里西勢路550號,50000000,1040920
9793,55667464,臻鏈實業有限公司,臺中市大雅區上楓里民生路四段340號,5000000,1040916
9794,55692956,欣昌遊覽車股份有限公司,臺中市霧峰區樹仁路158之1號1樓,29500000,1040923
9795,55701505,蔡清秀木業有限公司,臺中市清水區南寧里海濱路26之1號,3000000,1040909
9796,55712046,明昌國際工業股份有限公司,臺中市外埔區大東里大馬路354號,255800000,1040914
9797,55728618,正晟化學工業有限公司,臺中市烏日區五光里五光路27號,6400000,1040908
9798,55729118,祥升實業股份有限公司,臺中市大里區福德路61號,5000000,1040923
9799,55731769,時高國際有限公司,臺中市霧峰區南勢里北岸路51之1號1樓,10000000,1040911
9800,55738290,三晃股份有限公司,臺中市大里區仁美路139號,836769770,1040922
9801,55755712,象鼻山育樂業股份有限公司,臺中市霧峰區象鼻路19號,45000000,1040902
9802,55757079,葆昌興業股份有限公司,臺中市太平區宜欣里富宜路191號,16800000,1040923
9803,55777363,民義企業有限公司,臺中市豐原區水源路中坑巷81號1樓,5480000,1040914
9804,55783029,光國股份有限公司,臺中市新社區新社里中和街四段221巷47號,300000000,1040904
9805,55785758,豐港實業股份有限公司,臺中市石岡區和盛里豐勢路33號,17000000,1040917
9806,55795123,順裕實業廠股份有限公司,臺中市新社區中正里中和街5段72號,10000000,1040907
9807,55798472,宮源營造工程股份有限公司,臺中市北區健行路373之11號,100000000,1040907
9808,55825837,昌倫股份有限公司,臺中市大雅區四德里中清路三段711號,4000000,1040916
9809,55833837,定輪實業股份有限公司,臺中市后里區義里里甲后路108巷10號,6000000,1040907
9810,55886171,勇達工業股份有限公司,臺中市太平區新仁路一段22巷83號,22680000,1040923
9811,55886398,振豐機器廠股份有限公司,臺中市大里區仁化里工業十四路32號,11000000,1040911
9812,55896662,光越精機股份有限公司,臺中市西屯區協和里工業區七路18號2樓,30000000,1040901
9813,55904987,優廉機器有限公司,臺中市潭子區栗林里豐栗路118號,15000000,1040916
9814,55913888,裕豐運輸股份有限公司,臺中市烏日區南里里溪南路三段418巷210號,29000000,1040915
9815,55914887,永潭企業有限公司,臺中市潭子區頭家里中山路一段216號,5000000,1040903
9816,55932077,萌盛企業有限公司,臺中市豐原區中興里三村路104巷21號,5000000,1040918
9817,55932490,建造金屬工業股份有限公司,臺中市神岡區新庄里中平路215號1樓,240000000,1040924
9818,55953494,將凱電機股份有限公司,臺中市神岡區豐洲里神洲路317號,25000000,1040925
9819,55958527,盈棟鐵工廠有限公司,臺中市豐原區翁子里豐勢路一段585巷1號,10000000,1040910
9820,55959434,伍泰矽鋼工業股份有限公司,臺中市神岡區溪洲里福民路11巷7號,6000000,1040903
9821,55963612,台灣力母股份有限公司,臺中市大甲區幸福里東明路144號,10000000,1040906
9822,55964372,特傑營造股份有限公司,臺中市北區健行里健行路766巷18號1樓,100000000,1040915
9823,55969637,總碩興業股份有限公司,臺中市神岡區豐洲里豐洲路412之5號,10000000,1040924
9824,55975119,立勤鋼鐵股份有限公司,臺中市神岡區北庄里中山路1029號,154135000,1040904
9825,55977539,富雄鋼模廠股份有限公司,臺中市潭子區新田里豐興路二段338巷7號,12800000,1040917
9826,55978777,任陽企業股份有限公司,臺中市豐原區北湳里大順街8巷149號,12000000,1040901
9827,55982771,伯鑫工具股份有限公司,臺中市神岡區社口里中山路360巷28弄35號,150000000,1040921
9828,55983407,天珉企業有限公司,臺中市豐原區三村里三村路122巷17號,5000000,1040916
9829,56289031,裕昌生物科技股份有限公司,臺中市梧棲區中興路378號,28360000,1040916
9830,56654749,正港通運企業有限公司,臺中市梧棲區安仁里臺灣大道九段80號,22000000,1040918
9831,56675076,新意鍛造工業股份有限公司,臺中市梧棲區草湳里自立路202號,4000000,1040925
9834,56696781,承欣實業有限公司,臺中市梧棲區中正里中和街90號1樓,1200000,1040922
9835,56697402,承漢國際股份有限公司,臺中市梧棲區頂寮里臨港路四段860巷17號2樓,27950000,1040902
9836,56702192,廣謚工業股份有限公司,臺中市清水區南社里鰲新路61巷20號,5000000,1040924
9837,56703782,特偉貿易股份有限公司,臺中市大甲區庄美里文武路207號,90000000,1040921
9838,56811585,豐順汽車貨運股份有限公司,臺中市豐原區南村里文化街42號,25000000,1040902
9839,57215142,德昌食品股份有限公司,臺中市大里區仁化路756號,161000000,1040903
9840,57239910,霸力樹脂化學工廠股份有限公司,臺中市太平區德隆里工業十七路30號,29000000,1040918
9849,58648809,台灣三笠化學工業股份有限公司,臺中市中區民權路102號7樓之2,18000000,1040914
9868,59234362,彰榮企業有限公司,臺中市西區昇平里昇平街18號1樓,800000,1040923
9884,59353423,橋椿金屬股份有限公司,臺中市西屯區市政路386號22樓之1、之3、之5、之6、之7、之8及23樓之1、之3、之5、之6、之7、之8,1634046120,1040916
9904,61268818,豐榮汽車客運股份有限公司,臺中市西屯區協和里工業區二路11號,110000000,1040908
9940,66648129,連信營造有限公司,臺中市沙鹿區鹿峰里27鄰中山路780號,29970000,1040902
10006,70377823,優肯科技股份有限公司,臺中市后里區后里里后科南路26號,100176670,1040918
10070,70490091,未脂企業有限公司,臺中市南屯區楓樹里楓樹西街169號1樓,2000000,1040921
10073,70491726,偉瓏包裝股份有限公司,臺中市太平區光興路1352巷5號,30000000,1040912
10086,70516613,五木精密工業股份有限公司,臺中市大肚區王福街750巷40號1樓,5000000,1040917
10144,70594434,棋展電子股份有限公司,臺中市北區梅亭街416-2號,6000000,1040911
10156,70606157,大師全球不動產開發股份有限公司,臺中市西屯區河南路四段161號1樓,1000000,1040915
10161,70611905,民証金屬企業有限公司,臺中市大肚區新興里新興街58號,5000000,1040925
10169,70628011,宇諾陳國際有限公司,臺中市東區富仁里雙十路1段4之33號9樓之4,6000000,1040902
10174,70637406,詮達文教事業股份有限公司,臺中市南屯區大同里精誠路504號,10000000,1040904
10179,70646989,宜悅國際有限公司,臺中市西區廣民里大華街6號1樓,6000000,1040925
10189,70663781,鴻友投資有限公司,臺中市南屯區文山里精科一路3號3樓,5000000,1040904
10207,70687278,輯億科技有限公司,臺中市大肚區社腳里沙田路一段854巷57之1號,3000000,1040920
10208,70688946,裕民汽車股份有限公司,臺中市西屯區工業區三十六路27號,245000000,1040914
10211,70695860,易發交通有限公司,臺中市大里區東湖里仁化路1127號1樓,25000000,1040924
10217,70701808,大和好鋁門窗有限公司,臺中市大甲區江南里東西七路一段166巷3號,1000000,1040911
10220,70707704,台灣快密刀科技有限公司,臺中市大里區樹王里中投西路3段979號,10000000,1040922
10232,70721537,淞揚有限公司,臺中市太平區廍仔坑路35號2樓,5500000,1040914
10250,70736905,裕霖環境科技有限公司,臺中市西屯區福和里福安六街23號,1000000,1040923
10254,70741105,國崴資訊股份有限公司,臺中市南屯區文心南三路946號1樓,2000000,1040922
10255,70741702,亞徹廣告工程有限公司,臺中市西屯區同志巷50-1號1樓,1500000,1040902
10256,70742884,僑林餐飲事業股份有限公司,臺中市西屯區臺灣大道三段33號,120000000,1040923
10382,79959531,弘曜實業有限公司,臺中市大里區中興路一段2巷25弄8號及10號,7000000,1040917
10385,79962297,幼虎科技股份有限公司,臺中市烏日區五光路301號1樓,10000000,1040916
10389,79964470,笙陽開發建設有限公司,臺中市潭子區勝利十三街15號地下1樓,20000000,1040908
10406,79993192,新然美容有限公司,臺中市南區和平里南平路3之4號2樓,1000000,1040914
10409,79997021,台灣聯合火業股份有限公司,臺中市梧棲區南簡里中央路二段465號1樓,29880000,1040903
10412,80000087,聞鼎國際有限公司,臺中市北屯區文心路四段698號21樓之1,30000000,1040923
10414,80000729,天賦自動化倉儲設備股份有限公司,臺中市西屯區工業區一五路4號,10000000,1040910
10430,80038083,新隆貿易股份有限公司,臺中市大里區西湖里西湖路187巷69之6號,10000000,1040906
10434,80044260,群祿企業有限公司,臺中市大里區中新里現岱路98號1樓,5000000,1040908
10443,80049357,泳祥實業有限公司,臺中市豐原區東湳里三豐路566巷64號1樓,3500000,1040924
10444,80049568,儀佳傳動科技有限公司,臺中市烏日區三和里三榮路二段19巷26號1樓,41000000,1040904
10445,80049737,為泰紡織股份有限公司,臺中市梧棲區永興路2段336巷2號1樓,12000000,1040914
10448,80051584,峯勗營造有限公司,臺中市西屯區福和里福安六街59巷12號1樓,3000000,1040923
10457,80061350,騰姩實業股份有限公司,臺中市西區臺灣大道二段170號2樓,93063180,1040917
10461,80065193,幸甫開發實業有限公司,臺中市南屯區河南路四段356號5樓,26000000,1040907
10462,80065588,富裕精密工業股份有限公司,臺中市南區樹義里樹義6巷5-1號1樓,5000000,1040916
10476,80077959,瑞寬塑膠有限公司,臺中市豐原區北陽里南陽路58巷267號,500000,1040930
10480,80081406,尚季企業有限公司,臺中市霧峰區舊正里北岸路五巷五號,500000,1040925
10486,80084950,威錄精密企業有限公司,臺中市神岡區庄前里3鄰神林路75之2號,5000000,1040915
10492,80092966,欣西格林股份有限公司,臺中市外埔區水美里二崁路638號,21000000,1040925
10493,80095387,喬鎂機械股份有限公司,臺中市豐原區鎌村里鎌村路95號,6000000,1040902
10494,80098933,上永晉建設股份有限公司,臺中市西屯區何源里重慶路378號1樓,30000000,1040910
10503,80108968,廷鑫金屬股份有限公司,臺中市南屯區同心里文心路一段218號23樓之2,123900000,1040910
10504,80111513,全台砂石股份有限公司,臺中市大雅區東大路二段975號2樓,15000000,1040910
10511,80117571,慶恆營造有限公司,臺中市太平區環太東路221之3號1樓,3000000,1040902
10512,80118591,登禾營造股份有限公司,臺中市南屯區溝墘里大墩十七街91號2樓之23,3000000,1040912
10517,80123031,十二次元股份有限公司,臺中市南屯區大興里南屯路二段177號1樓,10000000,1040923
10520,80127682,明日森林股份有限公司,臺中市西屯區潮洋里朝富路232號1樓,8500000,1040916
10522,80131546,永承貿易有限公司,臺中市大里區東湖路127巷3弄7號1樓,5000000,1040918
10523,80131898,大鉅興業有限公司,臺中市大里區益民路二段357巷10號1樓,3000000,1040915
10585,80205997,盟豐紙業股份有限公司,臺中市南屯區中和里中和巷4之49號1樓,10000000,1040915
10587,80210154,英盛製模有限公司,臺中市太平區永豐路85巷22號,1000000,1040925
10591,80212998,智勝科技股份有限公司,臺中市西屯區協和里工業區9路12號,190000000,1040923
10595,80218450,晉國工程顧問有限公司,臺中市北屯區水湳里文心路三段1023號5樓,20000000,1040921
10604,80226894,陞昇科技股份有限公司,臺中市南區復興路3段222號2樓之2,10000000,1040907
10606,80231192,緯謙有限公司,臺中市西區臺灣大道二段16號15樓之3,1000000,1040910
10611,80234971,皇將科技股份有限公司,臺中市大里區仁化里工業九路190號,310360820,1040909
10621,80244112,惠友建設股份有限公司,臺中市西區美村路一段632號6樓,100000000,1040904
10624,80249073,納威實業有限公司,臺中市北屯區東山路一段210巷29弄3號1樓,1000000,1040910
10625,80249186,達誠投資股份有限公司,臺中市西區臺灣大道二段285號19樓之1,51000000,1040918
10663,80302576,大地再造股份有限公司,臺中市西區自由路一段110號7樓,10000000,1040921
10670,80315489,全微精密股份有限公司,臺中市西屯區科園二路12號,91600000,1040911
10684,80326084,吉德實業有限公司,臺中市南區和平里忠明南路758號13樓,8000000,1040916
10720,80390536,億震行有限公司,臺中市北區錦祥里興進路218巷18號1樓,2000000,1040930
10728,80398185,旺勤工業有限公司,臺中市大肚區沙田路一段320巷56弄1號1樓,45000000,1040922
10729,80398360,千里眼精密部件股份有限公司,臺中市大雅區田心街8號,75000000,1040924
10734,80403271,炘展企業有限公司,臺中市豐原區豐西街77號,8000000,1040907
10736,80408590,恆得益興業有限公司,臺中市北屯區水景里軍福七路491號,20000000,1040907
10745,80420546,凱柏精密機械股份有限公司,臺中市南屯區精科一路12號,402012200,1040910
10746,80420665,禾裕工程企業有限公司,臺中市清水區西社里中清路九段91巷30弄22號,1000000,1040903
10748,80423332,金弘昇工程有限公司,臺中市梧棲區頂寮里四維路104號5樓之1,28000000,1040925
10749,80425090,造雨人科技股份有限公司,臺中市東區樂成里東英二街30巷21號1樓,5000000,1040902
10750,80425839,藍吉有限公司,臺中市清水區國姓里三美路27之28號1樓,500000,1040911
10751,80427219,台灣招東股份有限公司,臺中市大雅區建興路45巷2號1樓,4000000,1040901
10757,80431760,凱豐機械股份有限公司,臺中市西屯區協和里工業區三一路19號,50000000,1040918
10758,80435484,金欣興企業有限公司,臺中市梧棲區草湳里港埠路一段805號1樓,5000000,1040904
10766,80451060,邱四德實業股份有限公司,臺中市北區梅亭街492號1樓　,1000000,1040914
10767,80454989,立韋實業有限公司,臺中市龍井區福田里3鄰茄投路福頭崙巷13號1樓,1000000,1040918
10768,80459274,銓安安全系統有限公司,臺中市西屯區臺灣大道三段650巷2弄7號1樓,2000000,1040917
10773,80464044,湧智貿易有限公司,臺中市北屯區松竹路一段922之2號,5000000,1040922
10775,80467008,祐誠藥品有限公司,臺中市南區樹德里東興路一段129號1樓,500000,1040916
10781,80473331,喬大國際有限公司,臺中市南屯區文心路一段378號11樓之7,5000000,1040918
10783,80474660,正意食品股份有限公司,臺中市霧峰區四德路136巷53號,40000000,1040916
10785,80476610,崴巨企業有限公司,臺中市南屯區干城街98號1樓,1000000,1040904
10786,80476843,金佑發企業股份有限公司,臺中市霧峰區北柳里霧工三路13號,16000000,1040909
10789,80481135,銓鴻環境工程有限公司,臺中市東區東信里振興路365號1樓,9000000,1040925
10858,80562919,自然霧有限公司,臺中市豐原區大明路6號,12990000,1040910
10859,80562988,名倉有限公司,臺中市東區東英六街76巷8號1樓,3000000,1040925
10860,80563229,達權投資股份有限公司,臺中市西區臺灣大道二段285號19樓之1,196000000,1040920
10862,80567610,正效實業有限公司,臺中市太平區仁和街26號1樓,1000000,1040902
10863,80567864,奇鋒資訊有限公司,臺中市北區金龍里金龍街四二號一樓,500000,1040903
10867,80572634,耀鴻廣告有限公司,臺中市清水區西社里鎮新一街50號,1000000,1040930
10868,80573747,允翔實業有限公司,臺中市太平區宜欣里仁和街28之1巷10號1樓,1000000,1040916
10870,80579685,久禾光電股份有限公司,臺中市西屯區工業區六路8號3樓,317010200,1040902
10874,80591885,允帥有限公司,臺中市西屯區臺灣大道四段958號,6000000,1040901
10880,80608529,群凱廣告事業有限公司,臺中市西屯區東山路一段218巷5弄19號1樓,1000000,1040908
10885,80611003,溪泉建材股份有限公司,臺中市烏日區學田里學田路便行巷31號1樓,20000000,1040911
10890,80619785,新漾運動用品有限公司,臺中市霧峰區四德路609號1樓,6000000,1040917
10908,80635835,悅洋實業股份有限公司,臺中市龍井區東海里藝術北街92號1樓,8000000,1040916
10910,80637448,中二高加油站有限公司,臺中市霧峰區五福里中投西路二段436號1樓,6000000,1040912
10917,80644341,能高興有限公司,臺中市南屯區大墩路775號7樓之1,6000000,1040914
10954,80677145,台灣大食品股份有限公司,臺中市清水區海濱里北堤路35號,822749360,1040901
10979,80703523,德隆精密有限公司,臺中市太平區永豐路137巷4號,1000000,1040909
10989,80715422,安信科技有限公司,臺中市大肚區王福街750巷56號,13500000,1040922
10993,80718693,瑞銓實業股份有限公司,臺中市大雅區大雅里雅環路二段69號1樓,12000000,1040907
10997,80722676,喬登多媒體科技股份有限公司,臺中市西區昇平里忠明南路303號21樓之3,10000000,1040930
10998,80724317,創新印象科技有限公司,臺中市豐原區田心里中山路244號1樓,1000000,1040907
11003,80731464,全滿固開發股份有限公司,臺中市西區三民路一段103號12樓之1,1000000,1040915
11008,80737376,彩光王生物科技股份有限公司,臺中市東勢區延平里豐勢路214巷2號,2500000,1040917
11013,80743314,銓鼎科技股份有限公司,臺中市南區三民西路212號,20000000,1040921
11017,80748774,尉將科技股份有限公司,臺中市西屯區櫻城一街59之5號1樓,5000000,1040923
11073,84081929,武田營造工程股份有限公司,臺中市大里區中興路二段438之10號,400000000,1040917
11074,84082770,崴晉工業有限公司,臺中市后里區厚里里九甲七路162號,5000000,1040902
11079,84094332,金享餘塑膠股份有限公司,臺中市外埔區鐵山里長生路810號,6000000,1040909
11113,84176024,文發水電工程有限公司,臺中市新社區新社里中和街四段78號,10000000,1040918
11118,84185332,立研精密工業股份有限公司,臺中市大里區大元里國光路一段206之4號,5000000,1040924
11120,84185939,淩義金屬工業股份有限公司,臺中市梧棲區大智路一段330巷175號,1000000,1040903
11121,84186873,峰興機械股份有限公司,臺中市太平區新平路一段279巷53號,25000000,1040916
11125,84204801,韻心企業有限公司,臺中市豐原區南村里豐勢路1段102巷1號,37500000,1040917
11126,84207722,均泰實業股份有限公司,臺中市豐原區豐圳里成功路635巷34號1樓,25000000,1040930
11130,84212318,開名電機股份有限公司,臺中市潭子區甘蔗里勝利五街38號4樓,24000000,1040924
11132,84214701,若森環境工程股份有限公司,臺中市南屯區向心里文心南二路412之1號1樓,2000000,1040910
11135,84225405,日東門窗實業有限公司,臺中市西屯區協和里工業區31路30之5號,12800000,1040923
11140,84231835,喬立建設開發股份有限公司,臺中市西屯區上安路130號1樓,203680000,1040923
11145,84240601,冠領企業有限公司,臺中市大里區仁化里仁愛路10巷26號1樓,5000000,1040902
11152,84254702,義高企業股份有限公司,臺中市西屯區臺灣大道4段966號16樓,735000000,1040924
11167,84309278,海德漢股份有限公司,臺中市西屯區協和里工業區33路29號,60000000,1040921
11181,84361610,彩峰塑膠股份有限公司,臺中市豐原區鎌村路310號,5000000,1040922
11196,84405363,廣偉興業有限公司,臺中市太平區樹德一街168號1樓,5000000,1040930
11199,84410083,米緹廚具股份有限公司,臺中市大里區工業十一路171號,6000000,1040916
11200,84420569,灰傢俬實業有限公司,臺中市北屯區軍福七路158號1樓之11,500000,1040909
11208,84446202,朝陽人壽保險股份有限公司,臺中市西區五權路2-3號12樓,7600000000,1040910
11209,84451491,長坊投資股份有限公司,臺中市西屯區協和里工業區七路18號2樓,98000000,1040902
11229,84512048,泰緯五金有限公司,臺中市梧棲區臺灣大道八段606號,500000,1040918
11242,84544739,凱宜企業有限公司,臺中市神岡區豐洲里前寮路84之6號,6600000,1040915
11245,84549143,峰群工程有限公司,臺中市大里區東里路47號,5000000,1040921
11246,84552152,安美環保科技股份有限公司,臺中市西屯區協和里工業區38路210號7樓之1,21141050,1040904
11253,84559182,富森商行股份有限公司,臺中市北區明德里太原八街22號1樓,3810000,1040918
11255,84560809,尚仟國際有限公司,臺中市北屯區平安里崇德路二段28號18樓,2000000,1040901
11256,84561650,正杰工業股份有限公司,臺中市太平區鵬儀路296巷16弄8號,4000000,1040916
11258,84563257,炱昌實業有限公司,臺中市石岡區和盛里豐勢路1巷6之6號,700000,1040921
11263,84569908,新廣業股份有限公司,臺中市神岡區中山路312號,100000000,1040921
11266,84578842,仕峯工業有限公司,臺中市后里區墩南里枋寮路17號之3,500000,1040921
11273,84597904,生發化學生技股份有限公司,臺中市霧峰區北柳里霧工三路11號,28000000,1040910
11281,84627891,貫勝企業股份有限公司,臺中市西屯區漢翔路518號2樓,12000000,1040902
11289,84659470,大硯國際生活有限公司,臺中市北區賴村里中清路一段372號9樓,7000000,1040921
11290,84659577,冠軍鷹架有限公司,臺中市大里區仁德里仁愛路10巷26號2樓,5000000,1040902
11295,84677245,健業模具廠有限公司,臺中市龍井區竹坑里茄投路1段85巷8號,5000000,1040907
11298,84679362,鉦強企業股份有限公司,臺中市西屯區何仁里洛陽路136號2樓,15000000,1040907
11299,84681162,樹蒲設計有限公司,臺中市北屯區平田里遼陽北二街39號　　　　　,1000000,1040904
11303,84692230,鉅泰建設股份有限公司,臺中市北屯區文心路4段698號11樓之2,40000000,1040915
11314,84711052,福峰交通股份有限公司,臺中市大肚區遊園路2段79巷58弄41號,29000000,1040915
11344,84797494,金凱利有限公司,臺中市烏日區九德里興華街180號1樓,5000000,1040918
11349,84806439,易成興業股份有限公司,臺中市豐原區翁明里豐勢路一段577巷138號,1000000,1040911
11350,84806542,承鋒智慧股份有限公司,臺中市豐原區北陽里豐東路220巷17號,28000000,1040930
11358,84839451,妙華國際開發實業股份有限公司,臺中市西屯區四川一街47號1樓,5000000,1040925
11363,84861349,美尚企業有限公司,臺中市霧峰區吉峰里民生路391巷2弄63號1樓,5000000,1040916
11372,84875688,雅而大科技股份有限公司,臺中市龍井區三港路355巷125號,12000000,1040902
11373,84876618,鑫日正工業股份有限公司,臺中市大肚區頂街里榮華街57號,55000000,1040908
11374,84878215,泓工程有限公司,臺中市北區東光路230號1樓,5000000,1040915
11375,84881181,建園營造有限公司,臺中市南屯區大墩五街172號,15000000,1040910
11412,84986354,宏宸富企業有限公司,臺中市東勢區東坑路中和巷42號,1000000,1040907
11414,84988389,佶鑫模具股份有限公司,臺中市大里區永明街37巷1號2樓,5000000,1040930
11415,84991125,鍀發交通有限公司,臺中市大里區東湖里仁化路1125號1樓,25000000,1040925
11470,86105539,海德威電子工業股份有限公司,臺中市西屯區台灣大道四段925號14樓之6,334262720,1040910
11474,86112004,佳篁印刷有限公司,臺中市西屯區福上巷183號,28000000,1040911
11478,86114565,日益電機股份有限公司,臺中市烏日區五光路746巷28號,28928000,1040921
11501,86179412,晉爵精機股份有限公司,臺中市大里區大里二街53號2樓,245800000,1040924
11505,86192251,吾鎮企業有限公司,臺中市豐原區社皮里社皮路41巷51號,5000000,1040921
11510,86203715,連億化工股份有限公司,臺中市西屯區大河里甘河路88號1樓,3000000,1040902
11520,86228434,賢隆精密工業股份有限公司,臺中市大雅區橫山里中山三路56號,30000000,1040914
11523,86230558,彰億營造工程有限公司,臺中市西區大忠南街91號1樓,100000000,1040901
11528,86241393,力厚工業股份有限公司,臺中市太平區太平里新仁路一段22巷67號,5000000,1040907
11530,86244265,精元電腦股份有限公司,臺中市大雅區大楓里昌平路4段475號,3631833280,1040923
11531,86244568,祥勝機械工業股份有限公司,臺中市太平區宜欣里宜昌東路51號,5000000,1040915
11534,86250934,聯聚貿易股份有限公司,臺中市西屯區惠來里府會園道188號,30000000,1040924
11535,86252659,川市機械工業股份有限公司,臺中市神岡區神洲里溪洲路101號,1000000,1040909
11538,86257802,刷樂國際股份有限公司,臺中市南區忠明南路789號28樓,135000000,1040916
11540,86260855,國淇機械股份有限公司,臺中市大里區仁化里工業十二路18號1樓,14400000,1040903
11542,86263699,頂恒橡膠股份有限公司,臺中市豐原區東湳里三豐路742巷285弄2號,8000000,1040907
11562,86329030,誠榮機械工業有限公司,臺中市外埔區馬鳴里大馬路74號,4000000,1040910
11566,86338164,金友聯工業股份有限公司,臺中市潭子區栗林里豐栗路138號,5000000,1040916
11570,86348043,廣隆營造股份有限公司,臺中市霧峰區四德路443之11號2樓,100000000,1040924
11572,86350814,金芫鋼鐵有限公司,臺中市豐原區南村里水源路434號,13100000,1040922
11579,86374891,智新精模股份有限公司,臺中市神岡區神洲里五鄰大明路81巷50號,3000000,1040921
11592,86389769,林仕電腦有限公司,臺中市北區永興街8號一樓,1000000,1040903
11598,86414090,丹統投資股份有限公司,臺中市沙鹿區大同街18之3號,27000000,1040916
11602,86423703,蕙達行企業有限公司,臺中市北屯區四平路238巷178號1樓,5000000,1040916
11605,86434862,三采水電工程有限公司,臺中市南屯區向上路二段451號7樓,2000000,1040921
11625,86493469,環麒國際有限公司,臺中市西區後龍里臺灣大道二段101號11樓,17000000,1040916
11633,86517743,京綸建設股份有限公司,臺中市北區錦祥里進化路577之8號2樓之2,220000000,1040901
11644,86533814,大中詠股份有限公司,臺中市北區中清路一段416號11樓,50000000,1040923
11650,86553418,大寶貿易股份有限公司,臺中市太平區德隆里10鄰工業16路22號,36000000,1040924
11654,86556196,和利機械股份有限公司,臺中市烏日區螺潭里太明路成豐巷352之8號,2000000,1040907
11656,86558960,詠盛興股份有限公司,臺中市大里區仁化路701巷16號,15000000,1040930
11665,86591004,英尉工業有限公司,臺中市豐原區東湳里三豐路992巷5號1樓,5000000,1040903
11672,86599913,世茂電子分色製版有限公司,臺中市西屯區大河里大河一巷3弄6號1樓,28000000,1040901
11677,86627299,乃霖企業有限公司,臺中市大里區祥興里大智路551號,5000000,1040914
11685,86659708,嘉明機械股份有限公司,臺中市北屯區平和里柳陽西街97巷10-1號2樓,50000000,1040922
11689,86667046,鈺鎧科技股份有限公司,臺中市南屯區精科東路15號,279827110,1040909
11694,86680625,盛吉實業股份有限公司,臺中市西屯區工業區一路60號1樓,3000000,1040925
11697,86687107,駿豐隆運輸股份有限公司,臺中市龍井區中山二路一段43巷18號1樓,30000000,1040909
11723,86760520,景楊實業有限公司,臺中市神岡區大社里大洲路217巷96號,5000000,1040916
11727,86765150,世益五金工具有限公司,臺中市潭子區東寶里民族路一段332之18號,1000000,1040916
11732,86784017,東嵩營造有限公司,臺中市南區樹德里復興北路783號,29800000,1040930
11735,86787746,新緯建築開發股份有限公司,臺中市東區復興路四段231-2號2樓,70000000,1040914
11738,86791592,國品實業股份有限公司,臺中市大雅區六寶里中清路四段768號,100000000,1040902
11741,86803529,愛迪生機電技術顧問股份有限公司,臺中市南屯區保安三街70號一樓,5000000,1040918
11786,86941656,代宇電子實業股份有限公司,臺中市大雅區四德里中清路三段709號,155500000,1040909
11790,86952870,益菖車體股份有限公司,臺中市烏日區五光路復光二巷65號,5000000,1040902
11798,86971709,台灣黑手工場企業有限公司,臺中市北屯區平田里柳陽東街59號1樓,6000000,1040921
11799,86972480,萬國人力仲介股份有限公司,臺中市南屯區大誠里東興路二段98號7樓,20000000,1040910
11806,86993963,太平外勞仲介有限公司,臺中市北區忠明路424號3樓之1,7560000,1040908
11825,89233973,熾優機械股份有限公司,臺中市西屯區協和里工業區42路13號,55000000,1040924
11829,89245886,益頤廢鐵有限公司,臺中市南區積善里興大路316巷6號1樓,5000000,1040901
11831,89247863,裕鑫開發企業股份有限公司,臺中市龍井區忠和里台西南路228巷36弄19號,5000000,1040911
11843,89290191,乙吉營造股份有限公司,臺中市西區大業北路29號,50000000,1040901
11846,89296548,泓祈實業有限公司,臺中市沙鹿區犁分里七賢路四四三︱一號,1000000,1040922
11866,89342655,亞聯國際有限公司,臺中市西屯區臺灣大道四段925號6樓之5,5000000,1040916
11870,89356524,巨宬紙器機械有限公司,臺中市東區旱溪西路190巷56號1樓,5000000,1040925
11878,89374754,澄翔工業股份有限公司,臺中市潭子區潭秀里潭富路一段165號,15000000,1040916
11892,89389341,斐樂股份有限公司,臺中市北屯區文心路4段556號2樓,145000000,1040901
11897,89398405,台灣御牧股份有限公司,臺中市潭子區中山路3段37號,50000000,1040902
11933,89468274,亞得克股份有限公司,臺中市北屯區三甲東街223巷3號,6749400,1040901
11945,89501371,仁福工程有限公司,臺中市北屯區熱河路三段91巷1號1樓,2000000,1040925
11953,89521290,國佑實業有限公司,臺中市東區三賢街156號1樓,2000000,1040916
11957,89535288,銘汎有限公司,臺中市南屯區楓樹里楓和路685號15樓,5000000,1040917
11960,89542751,玖毅工業有限公司,臺中市梧棲區中央路2段168之6號,500000,1040902
11963,89548328,翌登工業有限公司,臺中市后里區聯合里三重三路221號,1200000,1040922
11966,89550745,世商企業有限公司,臺中市烏日區學田里學田路便行巷22號1樓,500000,1040909
11968,89551012,仲杏儀器有限公司,臺中市東勢區延平里本街一巷79號1樓,1000000,1040918
11983,89583648,泗鏹有限公司,臺中市北屯區中清路二段742巷35號5樓,5000000,1040909
12010,89638720,揚雅國際股份有限公司,臺中市神岡區神岡里神清路54巷3號,1000000,1040915
12017,89654903,心蜜股份有限公司,臺中市豐原區豐田里4鄰豐南街92巷258弄10號,5000000,1040910
12018,89656249,展行有限公司,臺中市西屯區中工三路59巷6號1樓,1000000,1040918
12020,89660291,富士康保險代理人股份有限公司,臺中市北區頂厝里永興街338號14樓,5000000,1040917
12024,89668857,棋道文化事業股份有限公司,臺中市南屯區大墩九街1號1樓,3000000,1040901
12029,89688018,望春風廣播股份有限公司,臺中市南區忠明南路789號38樓之1,19900000,1040924
12030,89689494,欣雅客運股份有限公司,臺中市霧峰區林森路718號1樓,30000000,1040922
12035,89695833,巨榜鋼鐵股份有限公司,臺中市南區大慶街一段261號,80300000,1040908
12039,89712880,三景科技興業有限公司,臺中市霧峰區四德里新埔路七二之五號一樓,1700000,1040925
12040,89713179,益大里企業有限公司,臺中市大里區永隆里大明路576號3樓之1,5000000,1040909
12042,89717301,德芫股份有限公司,臺中市大肚區新興里沙田路二段132巷1弄6號,30000000,1040908
12045,89721614,順利螺絲有限公司,臺中市大里區西湖里西湖一街17號1樓,1000000,1040925
12047,89722135,白金旅行社股份有限公司,臺中市西區和龍里臺灣大道二段2號11樓之2,6000000,1040925
12080,89802221,逸陞機械有限公司,臺中市烏日區五光路189巷138號,29000000,1040911
12084,89808816,允聖通企業有限公司,臺中市新社區協成里協中街99號1樓,1000000,1040918
12085,89813228,莊晴企業管理顧問有限公司,臺中市大甲區孟春里通天路226號,500000,1040916
12093,89836340,久大資訊網路股份有限公司,臺中市西屯區大鵬里文心路三段241號17樓之1,712267130,1040925
12095,89838023,偉旻營造有限公司,臺中市西區五權五街58號1樓,22500000,1040924
12101,89852489,國緯營造股份有限公司,臺中市西區後龍里民權路213巷8號1樓,50000000,1040930
12107,89867096,大翰翔企業股份有限公司,臺中市南屯區文山里精科六路11號,19380000,1040904
12109,89868476,全台興鐵材有限公司,臺中市北屯區軍功里軍榮一街17巷1號2樓,25000000,1040909
12111,89873409,友倫工業股份有限公司,臺中市大甲區日南里青年路121號,75000000,1040925
12117,89894740,全昇旅行社股份有限公司,臺中市梧棲區頂寮里四維西路110號10樓之2、之3,10000000,1040904
12122,89902805,三達纖維有限公司,臺中市西屯區林厝里安林路35之12號1樓,5000000,1040917
12126,89917650,龍心傢俱有限公司,臺中市太平區新高里立行街45、47號,500000,1040924
12137,89938206,鑫達快遞股份有限公司,臺中市南屯區春社里忠勇路19之33號8樓,25000000,1040925
12159,89980724,中豐興業有限公司,臺中市龍井區麗水里三港路田仔內巷10之6號2樓,13000000,1040904
12161,89984123,儒壕企業有限公司,臺中市北屯區平和里瀋陽路二段135號1樓,35000000,1040921
12169,89998359,達通貨運股份有限公司,臺中市大雅區神林南路129巷1弄35號1樓,29608000,1040924
12198,96852689,環瓏工業有限公司,臺中市太平區太平里永豐路370號1樓,5000000,1040923
12208,96883894,承瑛企業有限公司,臺中市西屯區何源里漢成六街46號地下1樓之2,5000000,1040907
12210,96885056,慶澄企業有限公司,臺中市沙鹿區斗抵里斗潭路103號,24000000,1040917
12214,96887456,盟鑫工業股份有限公司,臺中市梧棲區草湳里經三路33號,680000000,1040907
12225,96916614,易百樣企業有限公司,臺中市霧峰區甲寅里草湖路六八號一樓,5000000,1040922
12230,96919730,景成消防工程有限公司,臺中市北區國強街27號,1000000,1040903
12253,96974830,桑裕企業股份有限公司,臺中市西區華美街135號底1層之2,8998000,1040924
12255,96982091,信辰工程有限公司,臺中市太平區光興路1432巷20弄6號1樓,1000000,1040914
12257,96991660,浤業有限公司,臺中市東勢區新盛里東關路630之21號,1500000,1040917
12262,96998087,立譽國際科技有限公司,臺中市南屯區田心里文心路一段73號4樓之1,5000000,1040902
12278,97034765,名亨釜有限公司,臺中市南屯區三和里黎明東街433號11樓之12,3000000,1040901
12282,97041436,騰遠營造有限公司,臺中市西屯區上德里上石路12號1樓,22500000,1040909
12290,97059081,新懋鋁業股份有限公司,臺中市南屯區工業區25路19號,120000000,1040903
12293,97063439,台灣繼手股份有限公司,臺中市北區頂厝里進化北路289號1樓,5000000,1040921
12350,97182060,盛達企業股份有限公司,臺中市西屯區工業區三十五路31號1樓,60000000,1040924
12362,97209271,基發興業股份有限公司,臺中市后里區后里里泉州路12號1樓,5000000,1040909
12371,97229425,鑫利隆實業有限公司,臺中市神岡區庄前路41之7號,5000000,1040904
12373,97231858,晶品大飯店股份有限公司,臺中市西區向上路一段95號11樓至14樓,21600000,1040908
12379,97240287,界鑫營造股份有限公司,臺中市南屯區永春東一路788巷6號1樓,18000000,1040901
12386,97248422,鋒剛實業股份有限公司,臺中市北屯區東山路一段四十巷一弄七號,15000000,1040915
12395,97265110,英宏營造有限公司,臺中市東區台中路71巷12號,23000000,1040925
12396,97266188,歐特企業有限公司,臺中市大雅區二和里雅潭路四段666號9樓之2,5000000,1040903
12397,97268025,磯慶實業股份有限公司,臺中市霧峰區坑口里中正路557巷21之1號1樓,50000000,1040914
12433,97342876,大錸開發股份有限公司,臺中市西屯區市政北一路77號11樓之6,35000000,1040923
12434,97343501,茀華實業股份有限公司,臺中市西屯區大鵬里文心路三段241號4樓之2,14979000,1040911
12435,97343827,坤揚營造有限公司,臺中市太平區新福里新福路66巷15弄1號2樓,15000000,1040911
12442,97354204,黛安娜企業股份有限公司,臺中市南區大慶街一段259之3號,7680000,1040925
12464,97399820,螺距研磨有限公司,臺中市豐原區豐年路109巷92弄22號,1000000,1040902
12467,97417221,東宏昌企業股份有限公司,臺中市神岡區神州里豐洲路698號,1000000,1040914
12470,97424876,舜久企業有限公司,臺中市大肚區興和路185巷26號1樓,5000000,1040921
12484,97447647,富旺國際開發股份有限公司,臺中市西區大隆路20號4樓之5,1758712760,1040902
12494,97465004,金商交通有限公司,臺中市梧棲區文化里中和街18巷16弄7號1樓,25000000,1040923
12503,97484699,升音實業有限公司,臺中市西區忠誠里博館路240號1樓,3500000,1040924
12511,97496174,翔元自動化機械有限公司,臺中市神岡區三角里中興路123巷36號,45000000,1040909
12513,97496800,長廷投資股份有限公司,臺中市西屯區協和里工業區七路18號2樓,1000000,1040902
12515,97497477,昌典塑膠股份有限公司,臺中市大里區大元里內元路31號,5000000,1040901
12517,97512766,吉應機械工業股份有限公司,臺中市大里區國中二路10號,20000000,1040902
12518,97514080,物理農業機械股份有限公司,臺中市霧峰區錦州路449號,60000000,1040921
12519,97557714,三傑興業股份有限公司,臺中市大里區中興路二段73之17號,29000000,1040901
12520,97565812,國利實業有限公司,臺中市烏日區湖日里公園路732號1樓,2700000,1040911
12521,97567889,燦霸工業股份有限公司,臺中市大里區中興路一段230巷33弄10號1樓,5000000,1040902
12522,97630102,品見築營造股份有限公司,臺中市北區光大里太平路211號1樓,29500000,1040909
