序號,統一編號,公司名稱,公司所在地,資本額,核准變更日期
1,00000000,復華廣告有限公司,臺中市中區錦上里平等街５６巷１號,500000,1040701
46,01864974,漢忠營造股份有限公司,臺中市西屯區西墩里黎明路三段133號9樓之1,22500000,1040703
261,04852662,商登貿易有限公司,臺中市西區臺灣大道二段186號13樓之1,19000000,1040703
317,05478045,寶嘉實業有限公司,臺中市北區青島路一段406巷7號,2000000,1040708
322,05693939,三鎰股份有限公司,臺中市神岡區庄前里神林路70巷30號,90775000,1040715
323,05710022,太平洋汽門工業股份有限公司,臺中市西屯區工業區7路5號,225000000,1040703
325,06032367,壯鋼機械股份有限公司,臺中市西屯區工業區12路4號,20000000,1040707
326,06036069,大有齒輪有限公司,臺中市南區江川里美村路二段385號,6000000,1040722
498,12107371,欣全實業股份有限公司,臺中市霧峰區中正路561號,1008101760,1040728
554,12298006,荷商耐基股份有限公司,臺中市北屯區文心路3段447號28樓,1078800,1040708
643,12615967,瑞仕汽車有限公司,臺中市北區太原路二段14號1樓,1000000,1040715
646,12616971,易真科技有限公司,臺中市西區吉龍里五權八街172號9樓之4,5000000,1040720
647,12617655,弘旺實業有限公司,臺中市清水區國姓里三美路13之5號,2000000,1040706
648,12617846,大毅建設股份有限公司,臺中市北屯區崇德路三段1號,280000000,1040701
665,12641037,海量數位工程股份有限公司,臺中市南屯區田心里大墩四街477號,200000000,1040716
666,12642084,統鉦精密工業股份有限公司,臺中市南區樹義里1鄰樹義六巷5之1號、5之15號,23000000,1040706
670,12646949,積豪科技股份有限公司,臺中市南區樹德里文心南路661號3樓,35000000,1040729
713,12684577,晶極光電科技股份有限公司,臺中市潭子區潭秀里南二路16之3號,32805000,1040707
722,12700133,玄力貿易有限公司,臺中市東勢區南平里第三橫街18號1樓,2500000,1040710
724,12702575,高市高爾夫股份有限公司,臺中市南屯區保安五街201號1樓,73000000,1040723
740,12718387,王哥營造有限公司,臺中市霧峰區吉峰里吉峰路131之10號1樓,3000000,1040704
766,12739067,富譯工業有限公司,臺中市清水區高北里護岸路128-21號,2000000,1040707
767,12739783,捷豹聯合科技股份有限公司,臺中市大雅區西寶里昌平路四段490號,18800000,1040714
790,12770469,勝國昌實業有限公司,臺中市西屯區漢口路2段151號13樓之7,1000000,1040722
793,12773661,全茗股份有限公司,臺中市大肚區新興里6鄰沙田路二段102巷19弄5號,20000000,1040717
796,12775464,祥順貿易有限公司,臺中市大里區慈善路138巷18號1樓,5000000,1040706
801,12782916,名隆事業有限公司,臺中市北區明德里太原北路130號5樓之2,1000000,1040706
802,12782922,優聖美有限公司,臺中市西屯區何仁里寧夏路221號,1000000,1040727
817,12797100,金富成室內裝潢有限公司,臺中市潭子區雅潭路三段東寶巷11號1樓,1000000,1040727
823,12800908,聯勝光電股份有限公司,臺中市西屯區科園三路8號,2864933950,1040708
828,12805170,德麒營造有限公司,臺中市豐原區信義街60號7樓,3000000,1040713
831,12809443,鎧邦營造股份有限公司,臺中市后里區義德里中興街158巷3號,3000000,1040730
840,12819081,金研鈦光電股份有限公司,臺中市潭子區栗林里豐栗路63巷31號,10320000,1040728
843,12826978,群崴營造股份有限公司,臺中市北屯區和平里軍功東街96巷22號2樓,8000000,1040730
848,12833555,神葳科技股份有限公司,臺中市南屯區向心里文心南一路29號,6000000,1040708
849,12833915,潔發工程企業有限公司,臺中市大里區瑞城里瑞城一街155號1樓,5000000,1040721
850,12834457,鉦得有限公司,臺中市西屯區中康二街10號1樓,5800000,1040702
856,12844498,川智股份有限公司,臺中市后里區中和里犁份路3之1號,5000000,1040706
859,12847241,滿庭芳汽車旅館股份有限公司,臺中市霧峰區四德路443之11號1樓,10000000,1040713
901,12885103,沅紘企業有限公司,臺中市大里區德芳南路70號1樓,3500000,1040730
917,12900202,和佳工業股份有限公司,臺中市大安區頂安里東西二路138之8號1樓,64030000,1040716
923,12905852,蜜源實業有限公司,臺中市西屯區後龍里大和路33號底1層之1,29000000,1040701
926,12908611,德盁營造有限公司,臺中市龍井區龍津里中央路一段238巷9弄5號1樓,3000000,1040701
927,12910264,合盈光電科技股份有限公司,臺中市大雅區科雅路18號,147500000,1040714
931,12919841,醫薔科儀有限公司,臺中市南屯區豐樂里文心南二路467號1樓,2000000,1040708
938,12927032,富登工程有限公司,臺中市太平區光華里大興路505號2樓,1000000,1040721
942,12929257,听昇企業有限公司,臺中市大雅區上楓里鳳鳴路12之2號1樓,32500000,1040703
989,12981274,古街餐飲事業有限公司,臺中市北區學士路二六一號一樓,1000000,1040713
992,12984005,群鷹翔國土資源航空股份有限公司,臺中市沙鹿區西勢里中航路一段168號,73500000,1040702
998,12984981,鑫壕鋁業有限公司,臺中市神岡區北庄里中山路1426巷11號,9000000,1040702
1003,12990576,杜威海外教育股份有限公司,臺中市南屯區五權西路二段666號14樓之1,20000000,1040709
1014,12999865,毅豐開發有限公司,臺中市西屯區何安里文心路三段161號,500000,1040701
1017,13005540,福碩科技實業股份有限公司,臺中市大雅區龍善二街16號,212800000,1040701
1020,13009095,通盤企業有限公司,臺中市北屯區平和里綏遠路二段259號2樓　,2000000,1040723
1022,13013909,源達貿易有限公司,臺中市西屯區工業一路2巷3號5樓之10,20000000,1040706
1024,13016103,侑圓科技股份有限公司,臺中市外埔區大東里甲后路858巷64號1樓,5000000,1040729
1030,13022702,明源科技有限公司,臺中市太平區大興十街5巷8號1樓,5000000,1040715
1033,13025659,大新科技企業有限公司,臺中市大里區大里里瓦磘路75巷19號1樓,5500000,1040703
1034,13026067,宜傑事業有限公司,臺中市豐原區中陽里自強街122號,8500000,1040723
1035,13030007,泰締科技股份有限公司,臺中市西屯區工業區38路210號4樓之5,13010000,1040717
1042,13038296,台灣捷米奈股份有限公司,臺中市南屯區文心南三路733號1樓,1000000,1040728
1046,13041383,祥新網路工程有限公司,臺中市龍井區忠和里工業路53巷4號,3500000,1040716
1055,13055013,德駿國際有限公司,臺中市沙鹿區洛泉里16鄰中山路196巷36號,2000000,1040701
1064,13061676,豐碩廣告事業有限公司,臺中市西區永成街33號1樓,6000000,1040715
1069,13065119,得勛股份有限公司,臺中市大甲區義和里重義三路26巷60號,5000000,1040708
1072,13067995,耀際興業有限公司,臺中市西區忠明南路404號1樓,1000000,1040722
1074,13076707,富強森生技有限公司,臺中市太平區勤益里中山路１段232巷18號1樓,5000000,1040716
1078,13079900,豪昇塑膠股份有限公司,臺中市梧棲區草湳里梧南路6之3號,10000000,1040729
1157,13165834,生活智慧王管理顧問有限公司,臺中市西屯區何源里華美西街二段311號9樓之3,1000000,1040728
1199,14066903,元對國際股份有限公司,臺中市北區進化北路238號12樓之1,26000000,1040729
1202,14091071,龍谷觀光事業股份有限公司,臺中市和平區博愛里東關路一段138號,160000000,1040710
1255,16026420,加達快企業有限公司,臺中市北區文莊里英士路96之3號,1200000,1040721
1256,16028068,鉅國投資股份有限公司,臺中市西屯區福和里臺灣大道四段839號20樓,10000000,1040714
1264,16038805,王記資源回收有限公司,臺中市西屯區長安路二段70巷5號1樓,5000000,1040707
1265,16041478,俊易企業有限公司,臺中市北屯區北屯路298巷51號,5000000,1040713
1269,16045186,格來捲門有限公司,臺中市烏日區螺潭里環中路八段1514號,1000000,1040707
1274,16063711,湘揚興業有限公司,臺中市北屯區昌平路一段21巷1號1樓,5000000,1040727
1279,16066457,開原報關股份有限公司,臺中市西區民龍里臺灣大道二段218號4樓,5000000,1040704
1293,16086030,友新開發股份有限公司,臺中市西屯區臺灣大道四段925號27樓之2,500000,1040708
1352,16142899,薪象投資股份有限公司,臺中市北屯區文心路四段698號15樓之1,20000000,1040703
1374,16181490,惠嘉電實業股份有限公司,臺中市外埔區水美里二崁路588巷10號,220000000,1040709
1404,16229327,三富豐實業股份有限公司,臺中市神岡區庄前里神林路70巷21號之1,5000000,1040715
1408,16237585,玥強企業有限公司,臺中市潭子區栗林里中山路三段305巷73號1樓,1500000,1040707
1415,16253711,心想室成實業股份有限公司,臺中市北區光大里中清路一段100號15樓之1,37500000,1040702
1420,16257940,寶成報關股份有限公司,臺中市梧棲區八德路84號3樓之5,5000000,1040703
1435,16276094,采欣建材有限公司,臺中市豐原區南陽里永康路6號1樓,1200000,1040720
1479,16333763,百合投資股份有限公司,臺中市南屯區工業區25路20號1樓,198000000,1040707
1484,16338057,亞森室內裝修工程有限公司,臺中市西屯區大鵬里長安路二段71巷9弄8號2樓,10000000,1040708
1486,16340217,嘉中建設有限公司,臺中市大雅區大雅里學府路250巷82弄20號1樓,25000000,1040728
1490,16341829,巨拓營造業有限公司,臺中市西屯區大鵬里長安路二段71巷9弄50號4樓之1,13000000,1040728
1494,16358412,瑞發國際企業有限公司,臺中市梧棲區南簡里民和五街55號1樓,2000000,1040715
1498,16362041,大椿建設有限公司,臺中市大里區永隆里永隆路380號1樓,25000000,1040724
1501,16363055,喆安貿易股份有限公司,臺中市大里區益民路二段89巷34號1樓,5000000,1040703
1505,16367192,仕紀實業有限公司,臺中市西屯區工業區八路5之1號1樓,3000000,1040702
1516,16381645,俊威實業股份有限公司,臺中市中區綠川里民族路23號7樓之5,5000000,1040707
1530,16400426,和益良實業有限公司,臺中市大里區瑞城里中興路一段2巷205弄40號1樓,6000000,1040717
1536,16410563,金石獎建設股份有限公司,臺中市西區大和路22號5樓之1、5樓之2、5樓之3,25000000,1040703
1545,16424594,金葉精工實業有限公司,臺中市大安區福住里南北六路100巷12號1樓,70000000,1040716
1569,16447013,埔里牧場事業股份有限公司,臺中市西屯區臺灣大道四段925號27樓之2,270000000,1040714
1607,16497006,昇融工業股份有限公司,臺中市北區賴興里文昌東二街16號2樓,3000000,1040729
1609,16498820,昌盛電機廠有限公司,臺中市外埔區永豐里六分路93之1號,1000000,1040727
1616,16512581,威松營造股份有限公司,臺中市南屯區三義里河南路四段356號4樓,22500000,1040717
1617,16514862,智昱股份有限公司,臺中市北區明德里太原四街11號2樓,200000000,1040716
1619,16516995,螢助有限公司,臺中市北區自強街43巷42號1樓,5000000,1040706
1621,16520575,相品建設股份有限公司,臺中市潭子區頭家里中山路一段362巷35弄12號1樓,25000000,1040729
1624,16523840,慶泰營造有限公司,臺中市龍井區竹坑里竹師路一段210巷3號1樓,3000000,1040728
1627,16533397,互園企業有限公司,臺中市太平區長億北街92號1樓,2500000,1040720
1635,16547104,慈心顧問企業股份有限公司,臺中市西區公正里向上路一段522號2樓,5000000,1040723
1637,16549813,善德生化科技股份有限公司,臺中市西區五權路1之67號10樓之1,400000000,1040713
1649,16566523,正大禮儀有限公司,臺中市北區柳川西路四段46號1樓,2000000,1040709
1651,16570548,博繪科技有限公司,臺中市西屯區大河里福上巷197弄13號1樓,5000000,1040715
1652,16571820,銅熊立有限公司,臺中市南屯區中和里黎明路一段173巷28號,20000000,1040727
1719,16639877,台糖營造股份有限公司,臺中市西區模範街31巷9之1號1樓,100000000,1040714
1721,16643438,古德溫文化事業有限公司,臺中市南屯區文心南三路942號1樓,5000000,1040717
1722,16643675,豐光科技股份有限公司,臺中市西屯區工業區38路210號3樓之12,25000000,1040724
1724,16644801,台灣新霆股份有限公司,臺中市大里區健民里鳳凰路164巷15號,8000000,1040714
1725,16645816,飛虎文化事業股份有限公司,臺中市豐原區豐西里中正路460號1樓,3000000,1040730
1729,16652055,震虎精密科技股份有限公司,臺中市西屯區協和里工業區35路5號,365000000,1040723
1736,16654933,冠君國際有限公司,臺中市豐原區南田里富陽路237號,5000000,1040708
1742,16667395,新生加油站股份有限公司,臺中市南屯區新生里五權西路二段1260號1樓,38000000,1040709
1747,16670671,金永村企業有限公司,臺中市西區向上路一段79巷80弄12號1樓,5000000,1040729
1749,16672411,鉅葉國際股份有限公司,臺中市北區頂厝里崇德路一段631號8樓之2,12000000,1040702
1762,16692520,慧道商業有限公司,臺中市大肚區福山里沙田路一段428巷10號1樓,1000000,1040729
1765,16696011,茂欣投資股份有限公司,臺中市北屯區文心路三段447號17樓,40000000,1040720
1773,16704357,陽碩科技股份有限公司,臺中市西屯區西屯路二段256巷6號14樓之1,5000000,1040717
1774,16704482,富裕發企業有限公司,臺中市潭子區大富里潭富路3段57-1號,5200000,1040715
1778,16709000,精元醫藥生技股份有限公司,臺中市北區文心路四段208之1號6樓之1,5000000,1040728
1779,16709228,易廣傑科技有限公司,臺中市清水區橋頭里中華路450號,5000000,1040707
1785,16714637,裕桓機械股份有限公司,臺中市神岡區神洲里神洲北路88號,40000000,1040703
1787,16720883,吉翔餐具有限公司,臺中市西區五權路2之193號,500000,1040717
1797,16739118,承益全工程有限公司,臺中市潭子區甘蔗里甘水路二段183巷6之3號1樓,12000000,1040702
1870,16818555,山汰科技股份有限公司,臺中市北屯區水景里三甲東街261號1樓,400000000,1040727
1881,16832064,凱督國際股份有限公司,臺中市潭子區頭家里中山路一段223號,126000000,1040706
1895,16851343,長隆順股份有限公司,臺中市中區三民路二段145號8樓之5,5000000,1040721
1898,16853834,吉泰來有限公司,臺中市大里區永隆一街253巷11弄11號1樓,1000000,1040706
1904,16864092,慶廣進精密工業有限公司,臺中市烏日區九德里九德街152號1樓,500000,1040720
1906,16870432,順召企業有限公司,臺中市大雅區四德里中清路三段758巷1號,2500000,1040720
1915,16879932,虹聚營造有限公司,臺中市北屯區平德里天津路三段48之4號,3000000,1040722
1916,16880136,百士佳股份有限公司,臺中市西屯區工業區三十六路5號,29900000,1040723
1918,16885104,喬崴進科技股份有限公司,臺中市太平區工業17路43號,406400000,1040714
1923,16892512,祥寶科技股份有限公司,臺中市西區忠明南路303號7樓,23000000,1040724
1924,16895193,資識科技股份有限公司,臺中市西屯區青海路二段246之13號2樓,14000000,1040702
1925,16895200,上永富股份有限公司,臺中市大雅區文雅里中清路三段1195號9樓之3,1000000,1040717
1926,16895279,仁惠交通有限公司,臺中市西區中興里公正路161號,25000000,1040701
1947,16915135,金龍俊科技股份有限公司,臺中市潭子區東寶里雅潭路3段28號,12000000,1040722
1948,16916675,建基營造股份有限公司,臺中市西屯區何德里寧夏西一街14號1樓,100000000,1040728
1949,16919603,安德烈有限公司,臺中市沙鹿區南昌路36巷20號1樓,500000,1040710
1954,16924021,特威力汽車修配股份有限公司,臺中市龍井區台西南路253號,5000000,1040708
1956,16925020,德鑫不動產經紀有限公司,臺中市西屯區西屯路三段57之1號1樓,1000000,1040723
1958,16926490,浚鋒機械工業有限公司,臺中市潭子區東寶里雅潭路二段152巷15弄18號1樓,500000,1040715
1959,16926597,頂立水族工程有限公司,臺中市大里區新里里大里路438之58號,5000000,1040729
1961,16928363,巨邦國際開發有限公司,臺中市大肚區大東里仁德路66巷11號,25000000,1040730
1964,16930282,大宇國際電器有限公司,臺中市南屯區文山里精科三路8號,30000000,1040731
1969,16932296,萱諭實業股份有限公司,臺中市石岡區豐勢路693號,1680000,1040707
1974,16940731,帷豐製模有限公司,臺中市后里區義里里甲后路282巷18號,3000000,1040709
1982,16948987,千昊鋼鐵興業股份有限公司,臺中市西屯區何仁里長安路一段55號,8000000,1040727
1990,16957514,米利商品開發股份有限公司,臺中市西屯區文心路三段241號13樓之6,1500000,1040701
2005,16971754,仁里營造工程有限公司,臺中市清水區橋頭里鎮新五街55號1樓,28000000,1040709
2017,16987931,網雲數位有限公司,臺中市西屯區鵬程里逢大路57號17樓之1,1000000,1040702
2025,16997494,永碇模具有限公司,臺中市后里區后里里泉州路4之30巷1號1樓,1000000,1040720
2026,16997733,展譽金屬股份有限公司,臺中市后里區墩東里復興街56號1樓,42000000,1040707
2068,20780031,及福企業有限公司,臺中市梧棲區信義街102巷62號,5000000,1040730
2109,20982120,鑽全實業股份有限公司,臺中市西屯區工業區36路24號,1532896000,1040715
2125,21234481,台灣航空電子股份有限公司,臺中市南屯區工業區20路35號,300000000,1040707
2171,22063416,般若科技股份有限公司,臺中市西屯區工業區三十五路37號1樓,450760420,1040701
2176,22076664,泳慶工業股份有限公司,臺中市大安區西安里大安港路926號,18000000,1040714
2180,22081667,長青衣車企業股份有限公司,臺中市太平區長龍路二段7號,20000000,1040713
2185,22090618,興頡企業股份有限公司,臺中市太平區成功里成功路368號,16000000,1040706
2190,22099218,華邦電子股份有限公司,臺中市大雅區科雅1路8號,36949821930,1040716
2205,22100144,台灣小原光學股份有限公司,臺中市潭子區台中加工出口區西環路4-1號,40000000,1040706
2206,22100398,勝華科技股份有限公司,臺中市潭子區潭秀里台中加工出口區建國路10號,20477784150,1040709
2207,22100566,久正光電股份有限公司,臺中市西屯區協和里工業區六路8號,1621732210,1040720
2214,22102298,福懋油脂股份有限公司,臺中市大肚區沙田路1段453號,2187030510,1040724
2222,22108764,運通車業科技股份有限公司,臺中市豐原區北陽里南陽路222號,5000000,1040706
2232,22132814,德昌營造股份有限公司,臺中市北區五常里五權路401之1號,1516607610,1040708
2235,22136305,台中魚市場股份有限公司,臺中市南屯區環中路四段2號,10000000,1040707
2251,22177255,台灣薄膜工業股份有限公司,臺中市南屯區工業區24路36號,465000000,1040714
2289,22249785,鉗泰鐵工廠股份有限公司,臺中市太平區興隆路一段76巷55號1樓,34000000,1040722
2307,22271168,景詮木器業有限公司,臺中市大雅區上楓里民族街88號,5000000,1040701
2309,22273068,晟金允工業有限公司,臺中市后里區后里里新興街13號,5000000,1040720
2310,22273742,耕欣企業股份有限公司,臺中市清水區南寧里光華路117巷5弄3號1樓,5000000,1040702
2313,22276614,富塋股份有限公司,臺中市大肚區山陽里沙田路3段538巷400號1樓,52400000,1040723
2318,22280700,慶樺鋼製家具有限公司,臺中市東區進化路201之2號,6000000,1040702
2322,22282453,祥允興業股份有限公司,臺中市豐原區田心里圓環東路101號1樓、101之1號1樓,8000000,1040730
2329,22295345,韋岦精密股份有限公司,臺中市南屯區惠中里文心路一段378號19樓之6,13000000,1040702
2331,22296549,源興車體有限公司,臺中市龍井區忠和里臨港路二段48號,10000000,1040716
2332,22296745,劦存機械有限公司,臺中市南區永興里文心南路916號,15000000,1040717
2336,22301825,先進光電科技股份有限公司,臺中市大雅區科雅路33號2樓,933780000,1040701
2345,22307709,裕雅實業股份有限公司,臺中市北區長青里武昌路116號,20000000,1040715
2349,22314265,新慶化學企業股份有限公司,臺中市西區英才路530號19樓之2,50000000,1040708
2358,22321694,杜菲企業股份有限公司,臺中市北屯區文心路三段447號17樓,20000000,1040723
2364,22335992,晉先貿易股份有限公司,臺中市南屯區田心里五權西路二段442號1樓,5000000,1040702
2385,22381101,冠裕機械股份有限公司,臺中市神岡區神洲里神洲北路82號,5000000,1040702
2388,22385177,麒傑實業股份有限公司,臺中市北屯區仁美十巷89之2號,700000,1040701
2404,22408690,朝璋廢鐵企業有限公司,臺中市南區積善里興大路316巷9號1樓　　,8000000,1040721
2407,22412863,佶鋒企業股份有限公司,臺中市大里區新仁里立仁路157巷1弄1之2號,3000000,1040724
2425,22447526,廷鑫興業股份有限公司,臺中市南屯區文心路1段218號23樓之1,850000000,1040727
2440,22480910,賓瑋興業股份有限公司,臺中市南區樹義里福田三街322號,19000000,1040728
2444,22489270,舜光電鍍廠股份有限公司,臺中市西屯區福上巷96號,10000000,1040720
2448,22495842,金膠企業有限公司,臺中市大里區國中路176巷28號,5000000,1040722
2457,22515333,品一電機有限公司,臺中市霧峰區豐正路工業巷9號　　　　　　　　　　　　　　　　　　　　　　,5000000,1040701
2458,22517331,詠釧股份有限公司,臺中市太平區德隆里工業十九路3號,95000000,1040713
2487,22556811,委豔機械板金企業有限公司,臺中市太平區永成路79號,20000000,1040721
2489,22559654,興和耐火工業股份有限公司,臺中市烏日區北里里太明路成豐巷108號,15000000,1040730
2491,22562742,青島小客車租賃有限公司,臺中市西屯區黎明路三段106號1樓,5000000,1040728
2509,22591438,皇鳴實業股份有限公司,臺中市太平區合利街10巷5號,1000000,1040702
2512,22597382,維利金屬工業股份有限公司,臺中市太平區太平里永豐路177號,5000000,1040728
2513,22597968,合瑩工業股份有限公司,臺中市神岡區三角里大富路287之20號,5000000,1040728
2556,22679638,騰崧機械股份有限公司,臺中市潭子區潭北里潭子街３段５８號１樓,6000000,1040723
2566,22693913,煌興企業有限公司,臺中市太平區建國里鵬儀路307號,9000000,1040729
2571,22705045,香榭大飯店股份有限公司,臺中市西區民龍里西屯路一段175(1至6樓)、173、175之1號,5000000,1040724
2576,22713919,全宏齒輪工業股份有限公司,臺中市南區和平里復興路二段71巷31弄6號、65弄21、23號,136000000,1040701
2579,22718013,坤茂貿易有限公司,臺中市西區民生里自由路一段101號7樓之7,5000000,1040706
2609,22769645,新祐工業有限公司,臺中市南區德祥街15巷16號4樓之3,3000000,1040731
2615,22778258,顯祥工業股份有限公司,臺中市大安區東安里福東一路一三七號,1000000,1040727
2630,22802861,富田電機股份有限公司,臺中市神岡區豐洲里豐工南路18號,285235260,1040714
2632,22807752,隆喆精密工業股份有限公司,臺中市西屯區工業區41路16號1樓,20000000,1040723
2637,22815303,金樹木業有限公司,臺中市南屯區永春路38號,2000000,1040714
2642,22819125,中部汽車股份有限公司,臺中市南區復興路1段369號1樓,750000000,1040721
2650,22822640,宏興麵粉廠股份有限公司,臺中市大肚區福山里沙田路一段369號,76500000,1040723
2695,22917977,龍相實業股份有限公司,臺中市北屯區平德里天津路三段76號,5000000,1040727
2697,22922015,常誠電腦股份有限公司,臺中市西屯區福安里福安十一街20號,1300000,1040715
2699,22923485,毅航實業有限公司,臺中市后里區枋寮路1之6號,500000,1040704
2702,22925723,一全工業股份有限公司,臺中市大安區海墘里東西九路268號1樓,26000000,1040715
2704,22927617,展頌股份有限公司,臺中市西屯區市政路386號19樓之6,1537279020,1040703
2708,22929185,三星製帽有限公司,臺中市清水區菁埔里菁埔路113號,5000000,1040707
2711,22931561,山野電機工業股份有限公司,臺中市龍井區龍津里三港路355巷81號1樓,240000000,1040702
2716,22943623,帝榕紡織股份有限公司,臺中市梧棲區中華路一段578號3樓,27000000,1040716
2722,22950314,聯盛機電工業股份有限公司,臺中市大里區仁化路225號,30698550,1040714
2742,22965386,功智實業有限公司,臺中市西區忠義街61號,5000000,1040707
2745,22969236,弘穎塑膠股份有限公司,臺中市清水區槺榔里民安路365巷50號,2000000,1040703
2747,22972915,鉦和機械有限公司,臺中市豐原區中山路59巷1弄68號,5000000,1040701
2751,22976399,和宣企業股份有限公司,臺中市西屯區大鵬里文心路三段241號4樓之3,5000000,1040728
2757,22983413,勝豐耐火保溫有限公司,臺中市大里區大元里國光路一段159巷8號1樓,5000000,1040722
2759,22988352,禔福紙業股份有限公司,臺中市西屯區工業區36路52號,36000000,1040724
2765,23009123,貴堂事業有限公司,臺中市清水區南社里鰲峰路186號,1000000,1040707
2802,23075283,旭春股份有限公司,臺中市新社區中正里中和街五段123號,85000000,1040722
2804,23079112,泰慶機械五金有限公司,臺中市烏日區北里里太明路成豐巷48-1號,5000000,1040701
2809,23086649,哈伯精密股份有限公司,臺中市太平區工業二十路77號,78000000,1040722
2814,23094232,大江土地開發股份有限公司,臺中市烏日區湖日里榮泰街140號1樓,6000000,1040720
2817,23098265,皇瀚實業有限公司,臺中市北屯區平德路62巷10弄8號1樓,5000000,1040730
2824,23111648,寶盛證券股份有限公司,臺中市北屯區北興街43號1、2樓,312000000,1040716
2829,23113940,台灣櫻花股份有限公司,臺中市大雅區雅潭路4段436號,2764014850,1040708
2831,23116313,久樘開發股份有限公司,臺中市神岡區社南里民生路27之3號,50000000,1040730
2835,23121575,大順發企業股份有限公司,臺中市西屯區臺灣大道二段910號13樓之1,300000000,1040702
2865,23187203,四方水電工程股份有限公司,臺中市豐原區田心里中山路87號10樓之2,6000000,1040713
2868,23190262,詰捷實業有限公司,臺中市南區樹義里福田三街335號,2000000,1040724
2869,23191585,振興電子企業有限公司,臺中市南屯區大墩十四街308號2樓之2,5000000,1040728
2870,23192677,中二股份有限公司,臺中市烏日區光明里五光路682之27號,3000000,1040702
2872,23194470,億佶工業股份有限公司,臺中市大里區國光路一段206-6號,10000000,1040713
2886,23213722,達迪實業有限公司,臺中市南屯區豐樂里永春東一路788巷13號1樓,5000000,1040723
2887,23214665,帝緯系統整合股份有限公司,臺中市西屯區臺灣大道四段925號14樓之2,28638000,1040728
2888,23216241,駿龍實業股份有限公司,臺中市西屯區成都路190號,20000000,1040702
2918,23229843,佳蜂養蜂園有限公司,臺中市霧峰區甲寅里德維街8巷41號,5000000,1040702
2922,23239440,明瑟工業有限公司,臺中市大安區頂安里東西一路70巷2號,500000,1040721
2924,23241071,勇順企業股份有限公司,臺中市神岡區神洲里大洲路108巷28號,2100000,1040723
2926,23247912,鎮家堡企業股份有限公司,臺中市大里區大里路423號,10000000,1040720
2928,23261934,長譽工業股份有限公司,臺中市外埔區六分里六分路六支巷46號,25980000,1040706
2933,23269627,銘興螺絲有限公司,臺中市東區東勢里進化路201之3號,1000000,1040716
2934,23270146,威向電機技術顧問股份有限公司,臺中市南屯區文心路一段186號18樓之9,12000000,1040727
2938,23271807,福星小客車租賃股份有限公司,臺中市西屯區朝貴一街82之2號1樓,15000000,1040707
2939,23276373,輝庭企業股份有限公司,臺中市西屯區文心路二段598號13樓之1、14樓,110000000,1040724
2957,23316918,利百加管理顧問股份有限公司,臺中市東區東光園路64巷79號,10000000,1040729
2976,23368794,伯佳塑膠機械股份有限公司,臺中市太平區太平里永豐路67巷11號1樓,60000000,1040706
2979,23374395,通福企業股份有限公司,臺中市太平區建國里鵬儀路296巷6弄62號,6000000,1040730
2981,23377908,維聯企業股份有限公司,臺中市南區樹德里建國南路一段66號,3000000,1040729
3001,23411286,利到創新科技股份有限公司,臺中市神岡區福庄街47號,5000000,1040702
3002,23412004,卜大實業股份有限公司,臺中市清水區海風里和睦路二段118號,135594680,1040701
3008,23416141,木玉實業股份有限公司,臺中市西區臺灣大道二段16號1樓,35000000,1040729
3022,23436603,台灣普奕有限公司,臺中市北屯區平安里天津路四段150號1樓,5000000,1040728
3025,23443267,七洋空油壓工業股份有限公司,臺中市南區福順里忠明南路789號24樓,100000000,1040722
3051,23476816,碩頂精密工業股份有限公司,臺中市西屯區長安路一段61之10號1樓,28000000,1040720
3054,23482253,漢育工業股份有限公司,臺中市西屯區惠來里市政路386號13樓之1,235000000,1040715
3056,23491582,龍崗實業股份有限公司,臺中市南屯區豐樂里文心南六路20巷3號1樓,11000000,1040703
3061,23498591,達富國際股份有限公司,臺中市西區昇平里民生路559號1樓,50600000,1040708
3063,23503047,上銀科技股份有限公司,臺中市南屯區文山里精科路7號,2614353940,1040702
3065,23504361,達運精密工業股份有限公司,臺中市大雅區民生路3段313巷45號,7499671140,1040715
3069,23509149,統群國際貿易有限公司,臺中市清水區南社里鰲峰路161巷50號之37,5050000,1040703
3072,23511757,昌岱工業有限公司,臺中市太平區太平里合利街34號,60000000,1040702
3075,23517909,金錪家具有限公司,臺中市北屯區東光里北屯路298巷26弄28號1樓,3600000,1040723
3076,23519293,駐點企業股份有限公司,臺中市神岡區庄前里神林路19巷1號,6000000,1040710
3079,23520587,弘紹企業有限公司,臺中市北屯區北屯路308號1樓,10000000,1040709
3080,23521684,卜威工業股份有限公司,臺中市大甲區日南里青年路147號,350000000,1040723
3100,23537996,耕坊行股份有限公司,臺中市西屯區協和里工業區十六路5號,71120000,1040708
3108,23572971,統富金屬有限公司,臺中市北屯區松和里崇德六路一段151巷2弄7號1樓,1000000,1040709
3111,23579600,漢賓企業有限公司,臺中市東區旱溪里自由路四段110號1樓,3000000,1040701
3144,23636692,三上建設開發股份有限公司,臺中市北區賴村里學士路255號13樓A室,35000000,1040709
3149,23638116,東穎股份有限公司,臺中市西區廣民里大華街12號,100000000,1040727
3154,23641822,鄉林建設事業股份有限公司,臺中市西區忠明里臺灣大道2段408號1樓,8021000000,1040721
3155,23641978,裕國冷凍冷藏股份有限公司,臺中市西屯區協和里工業區二路3號,1194400000,1040713
3177,23700883,銀泰科技股份有限公司,臺中市神岡區大富路20巷71號,1000000000,1040706
3183,23709771,林望有限公司,臺中市南屯區大墩二街149號1樓,7500000,1040708
3186,23712868,耿舜企業股份有限公司,臺中市西屯區協和里工業區32路60號,29500000,1040716
3217,23773610,自東股份有限公司,臺中市太平區中興里新平路一段50號,5000000,1040717
3241,23824097,中友百貨股份有限公司,臺中市西屯區福和里臺灣大道4段925號28樓之2,3974306000,1040730
3256,23828615,佳龍發展系統股份有限公司,臺中市西屯區工業區37路12之1號,30000000,1040714
3258,23832625,今口香調理食品股份有限公司,臺中市太平區太平里甲堤路608號,356000000,1040724
3260,23833384,錠發工業股份有限公司,臺中市西屯區福上巷185號,26800000,1040727
3262,23844100,澳勵企業有限公司,臺中市南屯區春安里春安路57巷76號,6500000,1040730
3263,23845017,光彩塗料有限公司,臺中市太平區長安八街25號1樓,1800000,1040716
3269,23852277,尚詠企業有限公司,臺中市太平區新高里立功路83號1樓,8000000,1040714
3271,23862583,中盟旅行社股份有限公司,臺中市西區公益路367號5樓之3,8000000,1040727
3274,23868284,長益營造股份有限公司,臺中市北區賴旺里青島西街60號,52000000,1040706
3290,23899287,利科光學股份有限公司,臺中市神岡區大富路20巷66、68號,221700000,1040708
3295,23903228,總格精密股份有限公司,臺中市梧棲區草湳里經二路33號,43000000,1040716
3309,23926518,宏軒企業有限公司,臺中市西屯區河南路二段262號13樓之13,50000000,1040703
3320,23939675,晁隆實業有限公司,臺中市神岡區豐洲里國豐路一段179號1樓,1000000,1040706
3321,23940379,俊宏機械股份有限公司,臺中市太平區太平里永豐路67巷6號1樓,5000000,1040706
3327,23946872,欽鼎實業有限公司,臺中市潭子區甘蔗里興華一路360巷21號1樓,6000000,1040723
3332,23957764,優凡塑膠股份有限公司,臺中市豐原區北湳里大順街九巷一號,2000000,1040714
3336,23966975,中區科技工程股份有限公司,臺中市北屯區陳平里陳平一街7號,10000000,1040717
3346,23981259,大安生醫股份有限公司,臺中市大里區健民里仁化工三路128號,20000000,1040707
3347,23982089,東峰營造股份有限公司,臺中市南屯區向上南路一段163號3樓之3,20000000,1040722
3349,23983502,興太化學製藥股份有限公司,臺中市西區梅川西路一段23號5樓,422000000,1040714
3351,23983947,同泰電子科技股份有限公司,臺中市大甲區青年路123號,800000000,1040713
3378,24206087,鵬坤電機工業有限公司,臺中市神岡區社南里中山路851巷51弄5號1樓,2000000,1040708
3384,24211259,豊峻有限公司,臺中市太平區東和里東平路308巷53之1弄11號,1000000,1040706
3391,24215683,台灣矽能能源股份有限公司,臺中市西屯區臺灣大道三段658號9樓之5,308793250,1040707
3394,24216233,則重有限公司,臺中市西區昇平里中美街115號4樓,1000000,1040702
3408,24228462,泳富豪有限公司,臺中市大安區龜売里中松路273號,30000000,1040708
3412,24233253,翔萌通訊有限公司,臺中市北區健行里健行路922號1樓,3600000,1040703
3414,24233330,台易購網路商務有限公司,臺中市沙鹿區四平街110號1樓,1000000,1040727
3416,24234041,坤傑室內裝修工程有限公司,臺中市南屯區豐樂里文心南五路260巷10弄57號2樓,1000000,1040723
3422,24235999,增澤科技股份有限公司,臺中市西屯區福恩里工業區一路70號10樓A室,122746770,1040701
3426,24238721,基能科技股份有限公司,臺中市西區土庫里華美街51巷10號1樓,10000000,1040709
3434,24244168,晶晏國際企業有限公司,臺中市大肚區福山里沙田路一段428巷5弄1號1樓,2000000,1040724
3437,24248903,泰松投資股份有限公司,臺中市西屯區天水東街10號1樓,50000000,1040723
3439,24250225,藤園實業有限公司,臺中市北屯區松竹里崇德六路310號,1000000,1040717
3444,24253270,誠星科技有限公司,臺中市北屯區東山里濁水巷6號1樓,6400000,1040729
3446,24254854,晴石見股份有限公司,臺中市南區永興里高工路162號3樓,12500000,1040727
3452,24259675,富士康物業管理顧問股份有限公司,臺中市西區東興路三段160號7樓之3,92000000,1040723
3456,24261594,趨視廣告有限公司,臺中市西屯區何源里重慶路403號,3500000,1040724
3466,24266768,博凱工程有限公司,臺中市南屯區中和里中和北一巷1號1樓,1000000,1040724
3472,24272234,台灣宣偉股份有限公司,臺中市北屯區仁美里崇德路三段908之1號,12000000,1040710
3473,24273851,東鑫車業股份有限公司,臺中市大甲區頂店里大發路152號,4500000,1040720
3474,24273959,寰宇國際文教有限公司,臺中市西屯區河南路二段492之1號,11350000,1040722
3475,24275056,福德資源有限公司,臺中市南屯區三和里黎明路二段425號16樓之5,500000,1040720
3482,24277060,捌號文創事業有限公司,臺中市西區五權西六街165巷8號3樓之9,1000000,1040722
3485,24279665,永豐國際文化事業有限公司,臺中市西屯區何德里寧夏西三街32號1樓,2000000,1040722
3489,24282346,革芯科技有限公司,臺中市大肚區大肚里福利路152巷40號,2000000,1040703
3495,24287406,台內本島酒業有限公司,臺中市神岡區三角里大豐路128號,500000,1040713
3501,24289158,白象文化事業有限公司,臺中市南區和平里美村二段392、394號1樓,8000000,1040713
3510,24292386,鉅鎰工程有限公司,臺中市西屯區福順路137號18樓之5,23000000,1040715
3512,24294413,怡昌興業股份有限公司,臺中市西區昇平里民生路436號1樓,5000000,1040721
3518,24295861,恆宇國際事業有限公司,臺中市西屯區櫻花路66號,5000000,1040714
3568,24324937,統源國際資產管理股份有限公司,臺中市豐原區成功路500號,201000000,1040720
3627,24360449,竣陽實業有限公司,臺中市烏日區五光里五光路157號1樓,1000000,1040720
3630,24363038,淞頂股份有限公司,臺中市龍井區龍津里12鄰三港路355巷143號,1000000,1040724
3642,24366128,台灣毅鑫生物技術有限公司,臺中市南區福興里南平路338巷5弄22號1樓,2200000,1040716
3646,24370474,優強倉儲設備有限公司,臺中市大里區夏田里國中路十股巷73弄56號,2000000,1040724
3649,24376293,愛地球健康事業股份有限公司,臺中市北區淡溝里英才路396號11樓之2,10000000,1040727
3651,24377883,三美生物科技有限公司,臺中市清水區南社里忠孝西路6號,300000,1040708
3666,24384532,三星國際機械股份有限公司,臺中市南屯區惠中里大墩十一街338號2樓之1,28000000,1040715
3668,24384998,唯誠國際有限公司,臺中市豐原區三村里三和路51號1樓,3000000,1040702
3673,24386757,靈寶工業有限公司,臺中市大里區大峰路370號1樓,1000000,1040727
3682,24394742,禎翊生技有限公司,臺中市大里區中興路二段232巷6號1樓,1000000,1040703
3704,24407177,滙隆科技有限公司,臺中市龍井區忠和里蚵寮路332號,1000000,1040715
3707,24408252,鑫揚機電技術檢驗有限公司,臺中市大里區立德里自立路41號1樓,5000000,1040722
3711,24411290,快樂開發有限公司,臺中市西屯區大有二街31號1樓,1000000,1040722
3715,24414022,大和屋有限公司,臺中市大里區中興路二段2之1號,1500000,1040709
3720,24417323,朋匯玻璃工程有限公司,臺中市西區民生里法院前街2之1號,10000000,1040721
3726,24423731,明宥開發實業有限公司,臺中市大肚區大明三街149巷10號1樓,4000000,1040703
3730,24428004,光達國際生醫科技股份有限公司,臺中市豐原區中陽里向陽路255號3樓,12000000,1040729
3732,24429361,景順生物科技有限公司,臺中市北屯區北興里南京東路三段22號1樓,100000,1040710
3733,24429904,迴響音樂展演空間藝文有限公司,臺中市西屯區上德里河南路2段429號地下1樓之1,1000000,1040706
3750,24441956,欣鉦企業有限公司,臺中市大肚區王田里王福街476巷31弄8號,2000000,1040727
3752,24443194,大金風機有限公司,臺中市東區東英十五街198號1樓,11000000,1040710
3848,24487919,時尚之印股份有限公司,臺中市西屯區長安路二段131巷3之8號4樓,3000000,1040713
3891,24508105,豐迎企業股份有限公司,臺中市大雅區學府路428巷34號,2300000,1040730
3923,24530541,宏丞機械工業有限公司,臺中市潭子區潭富路一段181號,6500000,1040723
3925,24531210,新而雅建設股份有限公司,臺中市沙鹿區福鹿街56號2樓,20000000,1040729
4000,24554655,富百利投資有限公司,臺中市北區忠明路200號4樓之3,100000000,1040720
4044,24565153,赫鼎有限公司,臺中市大安區西安里大安港路902號,250000,1040709
4065,24570705,忠奈科技有限公司,臺中市西屯區西安街277巷33號1樓,6999080,1040706
4071,24571373,愛美運動器材股份有限公司,臺中市南屯區大同里東興路二段186號地下1層1號,100000,1040709
4101,24579109,旺辰國際貿易股份有限公司,臺中市大里區永隆里東榮路537號1樓,1000000,1040714
4103,24579564,沛立購股份有限公司,臺中市北屯區平心里文心路四段671號2樓,5000000,1040728
4104,24579749,昭國國際開發有限公司,臺中市南屯區中和里黎明路一段51號2樓,1000000,1040730
4105,24580529,禾禾自動化股份有限公司,臺中市石岡區金星里石岡街金川巷5之2號,5000000,1040730
4106,24580653,日升發工程有限公司,臺中市北屯區新平里中清路二段415巷9號1樓,1000000,1040720
4107,24580703,弘洲數位科技有限公司,臺中市潭子區嘉仁里光陽路173巷40號1樓,10000000,1040720
4108,24581415,大石食品科技股份有限公司,臺中市沙鹿區三鹿里保寧路22巷26號10樓,1000000,1040706
4109,24582152,美麗島多媒體股份有限公司,臺中市西區公正里東興路三段160號8樓之3,2000000,1040702
4110,24582505,幸運火花創意有限公司,臺中市北區武昌路155號,2000000,1040723
4111,24582575,吉甫貿易有限公司,臺中市大里區日新里吉隆路6之4號6樓,2000000,1040723
4112,24582673,冠宏不動產仲介經紀有限公司,臺中市烏日區榮泉里三榮路二段217號,1000000,1040721
4113,24584118,晨宇光科技股份有限公司,臺中市大雅區二和里神林南路292巷45號,8000000,1040730
4114,24584588,以晴甜點設計有限公司,臺中市西屯區大容西街19號1樓,1000000,1040727
4115,24584715,超正齒輪科技有限公司,臺中市豐原區中興里大明路174號1樓,10000000,1040709
4116,24584905,恒勤科技股份有限公司,臺中市梧棲區頂寮里四維東路116號8樓之5,10000000,1040715
4117,24585171,長豐國際建設開發股份有限公司,臺中市南屯區惠中里大墩十一街390號1樓,5000000,1040713
4118,24585329,宇承有限公司,臺中市外埔區水美里水美路285巷86號1樓,500000,1040707
4119,24585377,森暉水電股份有限公司,臺中市霧峰區吉峰里吉峰路194號1樓,500000,1040730
4120,24585382,沈白空間室內裝修設計有限公司,臺中市西屯區甘肅路一段27巷13號2樓,300000,1040723
4121,24585974,威達節能科技有限公司,臺中市西屯區何成里大容西街67號3樓之2,3000000,1040727
4122,24586158,楓邑國際股份有限公司,臺中市豐原區中山里信義街60號6、7樓,5000000,1040728
4123,24586170,荃宏應用材料股份有限公司,臺中市北屯區松安里松和街90號,5000000,1040717
4124,24586299,藍天投資顧問股份有限公司,臺中市西區藍興里樂群街270號3樓之5,12000000,1040716
4125,24586805,歐力士興業有限公司,臺中市南屯區南屯里文昌街169號2樓,100000,1040722
4126,24586967,悅陞國際有限公司,臺中市西屯區惠來里市政北一路322號2樓之2,10000000,1040721
4127,24587136,亞洲細胞生物科技有限公司,臺中市北區太原路二段66號5樓,5000000,1040703
4128,24587369,豐晉科技有限公司,臺中市大肚區瑞井里遊園路一段103巷2號1樓,3000000,1040731
4129,24587380,聯逸股份有限公司,臺中市西屯區惠來里市政路500號26樓之7,20000000,1040707
4130,24588108,永續電子有限公司,臺中市北屯區軍福十六路275號13樓之5,1000000,1040723
4131,24588199,恆貿貿易有限公司,臺中市梧棲區中正路466號1樓,800000,1040714
4132,24588439,毅銓有限公司,臺中市大里區樹王里樹王路50之10之6號,300000,1040715
4133,24588894,佳昌機械股份有限公司,臺中市大肚區頂街里沙田路三段244巷9-1號1樓,12000000,1040727
4135,24589768,星樂整合行銷有限公司,臺中市北區頂厝里永興街340號6樓,200000,1040715
4136,24590076,信一辦公傢俱有限公司,臺中市南屯區豐樂里大墩南路185號,760000,1040723
4137,24590110,景翰整合行銷有限公司,臺中市西屯區福恩里工業區一路70號2樓,1000000,1040706
4138,24590435,詠撰企業有限公司,臺中市北屯區陳平路65巷53號1樓,2000000,1040728
4139,24590462,天享文化開發有限公司,臺中市龍井區田中里舊車路44號2樓,1000000,1040724
4140,24590738,昇錸有限公司,臺中市北區光大里中清路一段100號13樓之3,360000,1040713
4141,24591223,東海電國際有限公司,臺中市西屯區福聯里福順路889號1樓,1000000,1040707
4142,24591672,橋龍資訊科技有限公司,臺中市北屯區水湳里文心路四段81號9樓之1,1000000,1040722
4143,24591716,禾倫國際股份有限公司,臺中市北區崇德路一段629號7樓之2,1000000,1040702
4144,24592187,東鼎精機有限公司,臺中市潭子區潭陽里潭興路二段332巷21弄16號1樓,450000,1040717
4146,24594609,禾唐工程顧問有限公司,臺中市北區賴興里文心路四段200號11樓之8,3000000,1040728
4147,24594755,潞名堂國際股份有限公司,臺中市西屯區港尾里中康街197號7樓之2,500000,1040706
4148,24594896,長振股份有限公司,臺中市西屯區福雅里臺灣大道四段936號11樓之2,10000000,1040713
4149,24594919,富盛商旅有限公司,臺中市西屯區何安里四川路138號,80000000,1040715
4150,24595121,竣維有限公司,臺中市太平區光隆里正光街201巷16之14號,350000,1040722
4152,24595728,豐森數位科技有限公司,臺中市南屯區田心里大墩四街321號地下一層,100000,1040706
4153,24595797,龍騰國際行銷有限公司,臺中市北區賴福里進化北路392之2號6樓之2,200000,1040722
4154,24596183,豪技實業有限公司,臺中市太平區成功路107巷3號,2000000,1040717
4155,24596281,宅盛不動產經紀有限公司,臺中市太平區中山路四段108號1樓,1000000,1040702
4157,24597373,傳奇數位科技有限公司,臺中市南屯區文心路一段218號18樓之3,2000000,1040729
4158,24597731,瑞昌盛塑膠有限公司,臺中市西屯區文心路三段296號9樓,200000,1040721
4159,24598696,金促米創意有限公司,臺中市神岡區豐洲路570號1樓,6000000,1040709
4160,24598892,滐于科技有限公司,臺中市北區進化路577之6號,1000000,1040727
4161,24599153,和道屋股份有限公司,臺中市西屯區朝富路2號2樓,22205370,1040721
4162,24599702,樸玉股份有限公司,臺中市北區文心路四段182號地下一層之1,9000000,1040727
4163,24599864,新影科技有限公司,臺中市西屯區黎明路二段848號2樓,3050000,1040727
4164,24599870,鼎詠股份有限公司,臺中市大里區永明街37巷10號3樓,30000000,1040715
4165,24599935,宅需要網路國際有限公司,臺中市太平區樹德九街102號,200000,1040722
4166,24600335,珩利有限公司,臺中市北屯區北平路四段101之3號2樓,900000,1040713
4168,24600573,饌世界股份有限公司,臺中市南屯區向心里向心南路927號1樓,5000000,1040714
4169,24601480,易婕生物科技有限公司,臺中市北屯區新北里三民路三段210之1號,5000000,1040709
4170,24602663,御墅企業有限公司,臺中市豐原區岸裡里大洲路438號1樓,300000,1040724
4171,24603065,寶興盛食品有限公司,臺中市太平區新興里新安街212號,3000000,1040714
4172,24603403,祐盛實業有限公司,臺中市潭子區大豐里9鄰潭富路二段33號1樓,3000000,1040702
4173,24604085,敦展文教事業有限公司,臺中市大里區光榮街169號1樓,1000000,1040702
4175,24604450,佳立企業有限公司,臺中市沙鹿區六路十三街85號1樓,30000,1040710
4176,24605084,想像力多媒體傳播行銷有限公司,臺中市南區南門里忠明南路1298號1樓,5000000,1040711
4178,24605514,定昱工業有限公司,臺中市太平區太平里太平二十一街9巷5號1樓,5000000,1040715
4179,24605541,大竑建設股份有限公司,臺中市西區大忠南街33號,5000000,1040723
4180,24605937,科達鑫有限公司,臺中市大安區海墘里大安港路1180巷21號1樓,300000,1040714
4182,24606963,輕輕國際有限公司,臺中市豐原區西安里西勢路114巷62弄19號1樓,500000,1040703
4183,24607111,政廣生物科技有限公司,臺中市大里區東興里益民路二段356號1樓,500000,1040717
4184,24607885,曼迪亞倫股份有限公司,臺中市北區錦祥里進化路575號地下1層之1,10000000,1040706
4185,24607978,玖成鐵工廠有限公司,臺中市神岡區豐洲里東洲路191號,1000000,1040720
4288,24636657,貝爾塔有限公司,臺中市西屯區惠來里市政路500號4樓之3,500000,1040722
4300,24639471,義大設計廣告有限公司,臺中市霧峰區民生路296巷18弄35號1樓,1000000,1040728
4317,24644241,晁富國際股份有限公司,臺中市烏日區溪埧里太明路成豐巷470弄10號,27000000,1040727
4352,24655041,台灣石墨烯股份有限公司,臺中市西區中興街229號3樓,20000000,1040708
4387,24666363,中華彌勒投資企業股份有限公司,臺中市北屯區松茂里松竹路二段166之2號,100000,1040703
4507,24703959,相宜企業有限公司,臺中市北區賴旺里文心路四段182號地下第1層2,200000,1040723
4663,24757624,崇鼎興業有限公司,臺中市北屯區陳平路136巷10號,6000000,1040728
4820,24792734,薩摩亞商商盛有限公司,臺中市潭子區潭興路2段332巷21弄14號1樓,5000000,1040706
4824,24818636,石門山綠資本有限公司,臺中市西屯區福雅里臺灣大道四段812號,500000,1040703
4825,24818903,國洺企業有限公司,臺中市南屯區同心里文心路一段186號17樓之6,13000000,1040707
4826,24819142,精算租車汽車租賃有限公司,臺中市南屯區東興路三段239號1樓,5000000,1040731
4827,24819635,新普林科技有限公司,臺中市北區文心路四段182號地下一層之一,1400000,1040721
4828,24819918,台灣羅納德國際有限公司,臺中市東區一心街315之2號1樓,500000,1040722
4829,24820112,意脈整合設計有限公司,臺中市北區光大里五權路190號10樓之7,200000,1040710
4830,24821077,威邦生技有限公司,臺中市西屯區臺灣大道三段660號9樓之2,1000000,1040723
4831,24821105,宥展開發有限公司,臺中市大里區新里里愛心三街20號3樓,14000000,1040730
4832,24821219,宥華開發有限公司,臺中市大里區立仁里好來一街24巷7號1樓,16000000,1040717
4833,24821674,恆泰環保科技有限公司,臺中市北屯區平安里文心路四段696號14樓之3,3000000,1040707
4834,24821739,寶斗龍建設有限公司,臺中市西屯區潮洋里市政路666號1樓,10000000,1040723
4835,24822532,銀元氣屋股份有限公司,臺中市北區健行里西屯路一段301號,20000000,1040709
4836,24822630,駿閎科技股份有限公司,臺中市神岡區社南里中山路667巷46弄17號,5000000,1040729
4837,24822998,雲盛康生技實業有限公司,臺中市北區立人里北平三街12之3號,700000,1040729
4838,24823027,中嘉國際企業有限公司,臺中市北區崇德路一段629號15樓之2,8000000,1040715
4839,24823146,鼎億投資股份有限公司,臺中市北屯區平順里昌平路一段388號7樓之2,5000000,1040720
4841,24823883,優力國際企業有限公司,臺中市南屯區五權西路二段666號7樓之9,1000000,1040727
4842,24824102,中杏國際有限公司,臺中市西區健行路1049號27樓之33,60000,1040723
4845,24825263,鵲絲旅店有限公司,臺中市西屯區西平里福星路232號1樓,43500000,1040716
4846,24825453,加斯特科技股份有限公司,臺中市西屯區惠來里市政路500號8樓之7,25000000,1040708
4847,24826045,星斗雲國際旅行社有限公司,臺中市東區旱溪西路一段221號1樓,7000000,1040721
4848,24826426,東海藝城開發有限公司,臺中市龍井區東海里國際街85號2樓,6000000,1040714
4850,24826761,建欣租賃有限公司,臺中市大里區永大街77巷33號,500000,1040721
4851,24827419,連氏事業有限公司,臺中市南屯區文山里忠勇路52之275巷79之1號,1000000,1040728
4852,24827473,弘鉅鈑烤中心有限公司,臺中市南屯區寶山里向上路五段598之16號,150000,1040722
4854,24828867,晨晨國際有限公司,臺中市大里區永隆里爽文路747號,2000000,1040727
4855,24828917,宥畇有限公司,臺中市北屯區三光里文昌東十二街55號,1000000,1040703
4856,24829107,巨品建設有限公司,臺中市烏日區仁德里仁德街82號,5000000,1040702
4857,24829155,六書堂數位學習股份有限公司,臺中市北區臺灣大道二段360號25樓之2,6000000,1040722
4858,24830483,台灣奇異研發有限公司,臺中市東區十甲里東英路481號1樓,100000,1040723
4859,24830738,多米尼克有限公司,臺中市西屯區何成里大墩十八街195號3樓之2,520000,1040715
4860,24831547,美朵美學有限公司,臺中市南屯區向心里大墩南路439號1-2樓,100000,1040707
4861,24831758,星倪國際有限公司,臺中市潭子區和平路69巷36號1樓,100000,1040727
4862,24832010,橙漢投資股份有限公司,臺中市大甲區中山里甲后路177之13號1樓,27000000,1040706
4863,24832341,尚蒔豐股份有限公司,臺中市西區忠明南路62號4樓之1,1200000,1040720
4864,24832412,皮卡噗股份有限公司,臺中市南區南和二街9號1樓、11號1樓,2100000,1040715
4865,24832503,創慎管理顧問有限公司,臺中市西區臺灣大道二段181號6樓之9,1000000,1040715
4866,24833290,德昌資產管理有限公司,臺中市北區賴村里進化北路365號20樓之3,10000000,1040709
4867,24833566,豐禾自然科技有限公司,臺中市南屯區大墩十一街338號3樓之3,1000000,1040724
4868,24834214,磐盈投資股份有限公司,臺中市西區忠誠里臺灣大道二段536號5樓之1,1000000,1040717
4869,24834615,巨洋節能科技有限公司,臺中市太平區永平里東平路475號1樓,11000000,1040729
4870,24834946,晶湛科技有限公司,臺中市豐原區北湳里圓環北路二段72號1樓,500000,1040728
4871,24835121,樂活租車有限公司,臺中市潭子區中山路二段550號1樓,10000000,1040727
4872,24835282,元創科技有限公司,臺中市北區頂厝里崇德路一段629號19樓之2,1000000,1040706
4873,24835348,森活食品股份有限公司,臺中市西屯區工業區一路121號4樓,3000000,1040728
4874,24835558,金進豐實業有限公司,臺中市后里區九甲七路258號,500000,1040730
4875,24835868,帷豐漋有限公司,臺中市后里區甲后路282巷18號,3000000,1040709
4876,24835874,百應網路科技股份有限公司,臺中市西區忠明南路303號14樓之5,1000000,1040722
4877,24835889,九玖雲端有限公司,臺中市西屯區潮洋里市政北二路236號21樓之6,1000000,1040707
4878,24836162,賓豐興業有限公司,臺中市西屯區協和里工業區三八路58號2樓,300000,1040731
4879,24836206,艾爾巴通訊有限公司,臺中市西屯區漢口路二段37號1樓,50000,1040717
4880,24836374,曼夫雷德有限公司,臺中市后里區眉山里公安路332號1樓,1000000,1040710
4881,24836888,亮澤有限公司,臺中市大里區夏田里國中路476號,1000000,1040706
4882,24837057,新橋管理顧問有限公司,臺中市西區民龍里臺灣大道二段285號20樓,2000000,1040717
4883,24837269,順全國際開發有限公司,臺中市南屯區寶山東一街8號,5000000,1040728
4884,24837514,立君有限公司,臺中市西區忠明里中美街602號1樓,6500000,1040730
4885,24839908,冠宏廚具有限公司,臺中市大肚區文昌路三段1巷95弄6號1樓,6000000,1040709
4886,24840095,水長流科技有限公司,臺中市北屯區平和里瀋陽路二段34號1樓,200000,1040701
4887,24840102,住旺事業有限公司,臺中市南屯區向心南路789號1、2樓,1000000,1040706
4888,24840270,承峰企管顧問股份有限公司,臺中市北區健行里忠太東路56號8樓之8,5000000,1040717
4889,24840519,方成圓國際有限公司,臺中市南屯區同心里大墩五街302號1樓,1000000,1040729
4890,24841025,草悟道旅館股份有限公司,臺中市西區民龍里英才路512號6樓,25000000,1040731
4891,24842143,台灣通明科技有限公司,臺中市西屯區朝貴一街146號1樓,20000000,1040729
4892,24843142,宣庭有限公司,臺中市西屯區寧夏路47號,500000,1040722
4893,24843500,紅蕃有限公司,臺中市豐原區復興路2號地下1樓,2000000,1040730
4894,24843804,揚星精密有限公司,臺中市西屯區何福里寧夏東一街21號1樓,3000000,1040713
4895,24843945,天水映創意行銷有限公司,臺中市南屯區惠中里文心路一段378號14樓之1,1000000,1040707
4896,24845107,晟桂草本科研股份有限公司,臺中市西區忠明南路499號5樓,10000000,1040724
4897,24845964,以羅欣實業有限公司,臺中市潭子區甘蔗里勝利12街87巷1號1樓,2000000,1040710
4898,24846014,京湛國際股份有限公司,臺中市西屯區潮洋里朝富路38號1-2樓及38-1號1-2樓,8000000,1040724
4899,24846226,興強倫精機有限公司,臺中市北屯區水湳里大連西路20巷23號1樓,3000000,1040709
4900,24846295,萬大精密股份有限公司,臺中市南屯區三厝街123號8樓之1,2000000,1040723
4901,24846318,焦點裝潢工程有限公司,臺中市太平區立智街10號15樓之1,1000000,1040707
4902,24846513,台灣綠城市科技有限公司,臺中市西區忠誠里臺灣大道二段548號,200000,1040701
4903,24847007,福浩貿易有限公司,臺中市北屯區平德里崇德路二段51號4樓之1,1000000,1040714
4904,24847668,優品正源有限公司,臺中市北屯區平順里安順東十街108號1樓,500000,1040713
4905,24847739,奇芽科技有限公司,臺中市西區民龍里文化街156號地下層之2,50000,1040727
4910,24850522,鐶益生物科技有限公司,臺中市西區後龍里大和路33號底1層之2,9000000,1040702
4980,24872639,通湛營造股份有限公司,臺中市西屯區惠來里市政北一路77號8樓之16,22500000,1040720
5046,24894697,豐凱不銹鋼有限公司,臺中市霧峰區萬豐里中正路145之2號,800000,1040708
5058,24897625,宥榛行銷有限公司,臺中市北區頂厝里崇德路一段629號7樓之1-2,300000,1040721
5123,24940897,蓮水華時裝有限公司,臺中市西屯區何源里漢成街139號1樓,1000000,1040716
5311,25004257,宇盛醫療器材股份有限公司,臺中市西屯區福恩里工業區一路6巷12號3樓,20000000,1040723
5312,25004587,源名塑膠工業有限公司,臺中市清水區和睦路三段156號,250000,1040713
5320,25009078,光遠心國際股份有限公司,臺中市西屯區福聯里福順路832號,61000000,1040707
5324,25011270,沅祐貿易有限公司,臺中市豐原區社皮里社皮路123巷11弄50號1樓,10000000,1040706
5325,25011617,全隆模板有限公司,臺中市大雅區雅環路一段173巷1號1樓,5250000,1040720
5326,25014537,天使奇肌生活美學國際有限公司,臺中市龍井區新庄里遊園南路342號1樓,500000,1040710
5327,25014614,昕懋營造有限公司,臺中市北屯區太順二街41號4樓之3,10017000,1040706
5329,25015727,紅獅子國際有限公司,臺中市西區公益里公益路221號9樓之6,3000000,1040724
5332,25017892,三金源股份有限公司,臺中市北區錦平里三民路三段203之2號2樓 ,35000000,1040727
5333,25018371,洋志實業有限公司,臺中市南屯區公益路二段61號4樓之3,100000,1040701
5335,25019174,豆花開了股份有限公司,臺中市南屯區田心里大墩四街321號地下1層,10000000,1040715
5337,25022451,村懋建設有限公司,臺中市沙鹿區福興里鎮南路二段299巷17號1樓,5000000,1040720
5339,25023276,肯默整合設計有限公司,臺中市西屯區上安里至善路18巷13號,25000000,1040730
5340,25025627,九七科技股份有限公司,臺中市西屯區工業區38路210號3樓之6,70000000,1040728
5341,25025817,旺弘不動產有限公司,臺中市豐原區三村里西勢路429號,1000000,1040727
5342,25026180,璞晶實業有限公司,臺中市南區福田三街85號2樓,3000000,1040720
5343,25027049,奧林匹亞文創股份有限公司,臺中市北區新北里尊賢街9號13樓,19750000,1040723
5345,25027343,九聖建設股份有限公司,臺中市豐原區圓環北路一段120號1樓,12000000,1040714
5346,25028259,元偉勝企業有限公司,臺中市大里區健民里仁化路221巷15號,23400000,1040714
5349,25028791,得銓機械有限公司,臺中市潭子區栗林里中山路三段350號,2000000,1040731
5351,25029356,極簡國際股份有限公司,臺中市北區梅川西路四段211巷1號1樓,3500000,1040723
5355,25030699,裕華化學有限公司,臺中市北屯區水景里太原路三段609號1樓,1000000,1040722
5356,25030733,黃金生活國際事業有限公司,臺中市北區淡溝里英才路396號5樓之2,10000000,1040701
5359,25034750,蒔陽國際有限公司,臺中市西屯區至善里逢甲路227號10樓之1,1000000,1040730
5361,25035596,宏國生技有限公司,臺中市西屯區協和里工業區四十一路26號,25000000,1040720
5364,25037010,鍵棋實業有限公司,臺中市大里區仁化里仁慈街312號1樓,10000000,1040723
5367,25039713,飪珍記實業有限公司,臺中市太平區中興里永平路二段476巷108號1樓,5000000,1040707
5373,25042739,好家庭不動產有限公司,臺中市南屯區文山里文山九街72號2樓,1300000,1040708
5377,25046284,大騏開發實業有限公司,臺中市太平區新平路三段401號1樓,3000000,1040727
5379,25048121,久泰開發股份有限公司,臺中市西區臺灣大道二段309號22樓之2,29000000,1040707
5385,25053171,創健建設股份有限公司,臺中市南屯區春社里永春北路55號2樓,50000000,1040717
5387,25053670,隆德空調工程有限公司,臺中市北屯區平福里安順東七街3號1樓,2000000,1040706
5388,25054565,滙晟國際事業有限公司,臺中市西區中興里公益路132號3樓,5000000,1040709
5393,25058289,贏大有限公司,臺中市大雅區秀山二路31巷17號1樓,1000000,1040729
5394,25059175,長泓能源科技股份有限公司,臺中市南屯區南屯里五權西路二段666號10樓之6,1140400000,1040715
5395,25061849,吉生科技有限公司,臺中市南屯區同心里文心路一段186號6樓之8,1000000,1040716
5398,25063369,海暐股份有限公司,臺中市大雅區西寶里昌平路四段252號2樓,10000000,1040713
5402,25064509,久申營造有限公司,臺中市大甲區孟春里經國路1796號1樓,5000000,1040729
5405,25067219,忏玥食品有限公司,臺中市豐原區鐮村里鐮村路107巷102弄136號1樓,1000000,1040716
5407,25068420,哲誠工業股份有限公司,臺中市梧棲區草湳里永興路二段378巷27號,177000000,1040720
5408,25068723,飛特立工業有限公司,臺中市西區忠誠里忠明南路62號5樓之2,6000000,1040728
5409,25068786,台灣海難救護股份有限公司,臺中市梧棲區四維西路107號,20060000,1040706
5412,25069770,巨蛋屋國際股份有限公司,臺中市南區福興里五權南路193號1樓,1000000,1040715
5414,25070832,佳晉國際實業有限公司,臺中市南屯區大光街102號,13500000,1040728
5418,25073423,睿賓機械工業有限公司,臺中市神岡區溪洲里神洲路852巷5弄8號1樓,500000,1040720
5420,25073583,琦鑫機械有限公司,臺中市大里區健民里鳳凰路164巷17號,5000000,1040715
5421,25073958,宏恩救護車有限公司,臺中市北區金龍里三民路三段315巷13號一樓,6000000,1040728
5438,25081401,啓閤建設開發股份有限公司,臺中市大甲區順天里光明路142之1號1樓,5000000,1040722
5449,25092879,仁品開發企業股份有限公司,臺中市西屯區西墩里黎明路三段133號3樓之1,25000000,1040721
5459,25097311,晨豐光電股份有限公司,臺中市西屯區工業區三路10之1號,448500000,1040708
5464,25099198,山謙企業股份有限公司,臺中市西屯區廣興巷18之1號,30000000,1040727
5547,25138501,晨譽投資股份有限公司,臺中市西區臺灣大道二段501號20樓之1,150000000,1040707
5574,25147332,五都停車場股份有限公司,臺中市烏日區榮泰街100巷12號8樓之1,35000000,1040716
5579,25150027,一鼎春營造有限公司,臺中市大雅區秀山里秀山五路51號1樓,9000000,1040729
5584,25153087,信堅精密工業有限公司,臺中市南屯區文山里精科八路40號,10000000,1040710
5589,25157719,泓辰興業有限公司,臺中市豐原區西湳里豐原大道七段220號,250000,1040728
5592,25159857,沅宸國際股份有限公司,臺中市東區育英路37之1號,7100000,1040720
5593,25160030,銓宸科技有限公司,臺中市大雅區三和里2鄰昌平路四段91巷20號1樓,12000000,1040706
5597,25164731,森宥企業有限公司,臺中市沙鹿區中清路六段282巷56號1樓,2000000,1040722
5599,25166077,金元展工業有限公司,臺中市北屯區水景里軍功路一段346之2號,1000000,1040729
5602,25169594,宏威德建設開發有限公司,臺中市南區平和里和昌街145號1樓,5000000,1040729
5609,25174127,慧岡企業有限公司,臺中市東區東英里東英十二街129號1樓,6000000,1040724
5610,25176048,大裕生技興業有限公司,臺中市西屯區惠來里府會園道179號19樓,90000000,1040723
5619,25179967,倍爾麗生物科技有限公司,臺中市西屯區何德里漢口路二段151號15樓之3,1000000,1040702
5623,25181099,旭勝國際企業有限公司,臺中市西區忠明里博館路117號底一層,5000000,1040701
5627,25183462,糖欣科技興業有限公司,臺中市北屯區松安里興安路二段167巷32號2樓,660000,1040703
5634,25188473,永泰豐科技股份有限公司,臺中市豐原區南嵩里水源路81號1樓,60000000,1040720
5638,25192265,左右出版有限公司,臺中市清水區北寧里北寧街12號1樓,1000000,1040715
5641,25196109,鴻岡工業有限公司,臺中市北區賴旺里文心路四段182號地下第1層2,28000000,1040706
5642,25196157,冠碩科技有限公司,臺中市豐原區豐圳里成功路652號1樓,20000000,1040716
5646,25197326,視新物業管理顧問有限公司,臺中市北屯區松和里松和街191巷72號1樓,2000000,1040714
5647,25197825,致恩企業有限公司,臺中市西區日新街39號1樓,3000000,1040716
5667,27221863,金佑興企業有限公司,臺中市龍井區忠和里臨港路二段46號,20000000,1040729
5686,27246082,新加坡商矽比科亞洲有限公司,臺中市北屯區崇德路2段128號10樓之2,10000000,1040717
5691,27260112,威霆開發有限公司,臺中市西區忠誠里精誠路21號3樓之2,1000000,1040717
5701,27274782,茂冠印刷設計有限公司,臺中市南區忠明南路943號6樓,1000000,1040730
5706,27280004,立山聯通有限公司,臺中市南屯區文山里寶山三街33號1樓,8000000,1040714
5707,27280187,偕盈實業有限公司,臺中市南區柳川西路一段41號,1000000,1040708
5712,27282164,鑫三豐起重工程企業有限公司,臺中市潭子區頭家里和平路85號1樓,3000000,1040710
5732,27292521,匯達生技有限公司,臺中市北區錦村里自強街41巷41號,5000000,1040724
5734,27293900,百事威廣告事業有限公司,臺中市北屯區和平里松竹路一段383號1樓,1000000,1040729
5736,27294176,承旺雷射有限公司,臺中市大里區仁化里鳳凰路43號1樓,1000000,1040730
5737,27297309,錸能科技股份有限公司,臺中市北屯區文心路三段447號17樓,5000000,1040720
5742,27304202,柡春水族批發有限公司,臺中市南屯區新生里永春路32之3號,2000000,1040701
5744,27306530,繽紛景觀資材有限公司,臺中市豐原區南陽路346之1號2樓,5000000,1040708
5746,27306855,鉅烽科技股份有限公司,臺中市潭子區祥和路35巷5號,29000000,1040716
5751,27308729,子永實業有限公司,臺中市南屯區文心路一段74號1樓,22500000,1040729
5752,27309754,慶源精密有限公司,臺中市東區東門里東光園路100巷56弄2號,1000000,1040721
5753,27310318,太安可服飾事業股份有限公司,臺中市清水區民治三街128之1號,80000000,1040729
5819,27361836,包山包海數位股份有限公司,臺中市西屯區上德里青海路二段209之19號,7700000,1040702
5829,27372334,真新企業股份有限公司,臺中市烏日區湖日里中山路二段312號1樓,5000000,1040729
5845,27383493,上頡金屬股份有限公司,臺中市大里區大里里大里路453號1樓,15000000,1040716
5849,27390847,龍翩真空科技股份有限公司,臺中市梧棲區大通路2號,255000000,1040710
5854,27394554,弘鎧金屬有限公司,臺中市豐原區東湳里角潭路2段113巷16號,2500000,1040714
5855,27395358,鑫豐機械起重工程有限公司,臺中市潭子區頭家里和平路85號1樓,5000000,1040713
5859,27402365,宏泉資產管理股份有限公司,臺中市北屯區北屯路407-2號2樓,115000000,1040701
5861,27404130,名遠機械有限公司,臺中市潭子區大豐里潭富路二段160巷12弄18之10號1樓,5000000,1040709
5866,27406382,台日研精密科技股份有限公司,臺中市大雅區四德里神林南路549號1樓,6000000,1040703
5881,27422123,飛祥實業有限公司,臺中市南屯區豐樂里文心南二路449號2樓,10000000,1040720
5887,27429527,紐曼德科技有限公司,臺中市西區英才路470巷17號2樓,3000000,1040723
5889,27432017,汘鋒工業股份有限公司,臺中市外埔區永豐里外埔路68號　,6000000,1040713
5891,27436371,富麗自然生物科技有限公司,臺中市北區進化路577之8號11樓之6,500000,1040724
5896,27445651,奕京科技有限公司,臺中市南屯區向心南路906巷11號1樓,6000000,1040722
5908,27450751,好家庭藝術股份有限公司,臺中市南區忠明南路789號37樓,1000000,1040721
5909,27451528,美高美容顧問有限公司,臺中市南屯區田心里大墩七街327號2樓之1,5750000,1040731
5915,27457207,亞瑟士商事股份有限公司,臺中市西區中興里公益路161號12樓之6,64548800,1040714
5920,27463593,全鈦股份有限公司,臺中市太平區華安街100巷18號1樓,1000000,1040723
5922,27465017,開發精密有限公司,臺中市梧棲區文化里中興路67巷28弄10號1樓,5000000,1040701
5924,27465353,葳潤鋼鐵股份有限公司,臺中市烏日區溪南路二段183號,15000000,1040720
5925,27466070,台灣真空龍國際科技股份有限公司,臺中市西區公益路161號13樓之7、8、9,5000000,1040701
5933,27474640,星歐光學股份有限公司,臺中市南屯區工業區23路14號2樓,700000000,1040715
5937,27480452,財園投資有限公司,臺中市西區中正路476號4樓之7,2500000,1040723
5939,27482000,廣嘉宏股份有限公司,臺中市太平區光興路128巷12弄36號1樓,2000000,1040707
5942,27483401,理明光學股份有限公司,臺中市潭子區大新路80巷28號1樓,25000000,1040720
5944,27486343,金利鋐企業有限公司,臺中市烏日區五光里五光路189巷16弄23號1樓,1000000,1040727
5945,27486511,超聯興業有限公司,臺中市霧峰區五福里五福西路171號,5000000,1040727
5950,27492730,暉捷科技股份有限公司,臺中市西屯區惠來里市政北一路77號5樓之1,5000000,1040729
5957,27496975,伊斯達影像科技有限公司,臺中市南屯區文心南三路1111巷2號1樓,1000000,1040707
5958,27501739,台灣日立工機股份有限公司,臺中市大里區仁化里工業十一路140號,100000000,1040715
5972,27510511,富易達保險經紀人股份有限公司,臺中市西屯區大墩十九街186號13樓之1,24000000,1040716
5974,27510580,昌浚企業有限公司,臺中市大雅區雅楓里民生路三段64巷18號1樓,600000,1040724
5979,27518598,國興電工股份有限公司,臺中市南屯區寶山里工業區二十五路20號4樓,300000000,1040701
6050,27571354,政欣科技有限公司,臺中市南屯區大誠里大墩一街42號地下一層之23之1,3000000,1040723
6057,27580558,翔天電子實業有限公司,臺中市大里區仁化工十二路97號3樓,5000000,1040703
6059,27583181,三夏精機股份有限公司,臺中市南屯區精科七路1號,57000000,1040703
6064,27584652,旭陽電子有限公司,臺中市豐原區田心路二段267東巷48號,3500000,1040703
6066,27585033,勝山機械有限公司,臺中市潭子區潭秀里南門街117號,500000,1040716
6073,27587216,大江國際事務股份有限公司,臺中市烏日區湖日里榮泰街140號1樓,1000000,1040722
6082,27601625,耀昇機電科技管理服務有限公司,臺中市東區東興里興大路11號13樓,5000000,1040727
6083,27601913,橙的電子股份有限公司,臺中市大雅區科雅路29號5樓,183939000,1040716
6086,27606305,三盟科技企業有限公司,臺中市南區興大路40號1樓,300000,1040701
6091,27607748,美日實業股份有限公司,臺中市烏日區九德里中華路366號1樓,8800000,1040730
6093,27611074,圓資材有限公司,臺中市西屯區協和里協和南巷25之11號,1000000,1040717
6098,27612881,陽光能量事業顧問有限公司,臺中市北區陝西路２２號１樓,1000000,1040723
6100,27614591,嘉振有限公司,臺中市太平區太平二十街72號1樓,2000000,1040709
6102,27617149,美食達人股份有限公司,臺中市南屯區工業區23路35號,959087270,1040723
6104,27619006,鑫寶投資有限公司,臺中市西屯區長安路二段131巷3之7號2樓,10000000,1040707
6116,27634576,台倫投資有限公司,臺中市神岡區岸裡里大豐路五段505號1樓,85767000,1040728
6124,27639474,皓宇設計有限公司,臺中市北屯區松強里崇德八路一段134號,1800000,1040715
6130,27652004,福順工業股份有限公司,臺中市大雅區四德里龍善二街16號,10000000,1040729
6133,27653931,歐陽欣業有限公司,臺中市西區大忠里大忠南街117號,1000000,1040702
6135,27654376,重威實業有限公司,臺中市大里區仁化里仁慈街100號1樓,670000,1040720
6138,27657612,杉澤有限公司,臺中市南區忠明南路708號,1000000,1040721
6149,27665057,立誠電腦資訊有限公司,臺中市大雅區四德里學府路76巷3號1樓,5000000,1040714
6151,27667040,潤格美股份有限公司,臺中市北屯區平順里安順東十街100號1樓,10000000,1040728
6251,27774077,欣詮工業有限公司,臺中市太平區宜昌里宜昌路497巷6號1樓,5200000,1040723
6254,27777166,侑源企業有限公司,臺中市南屯區大墩路57號,500000,1040731
6255,27777216,寶裕投資股份有限公司,臺中市北區太原北路130號10樓之1,6600000,1040708
6260,27782837,揚恩科技有限公司,臺中市神岡區北庄里中山路1010巷2之5號,20000000,1040707
6262,27784167,鈺世國際有限公司,臺中市潭子區甘蔗里勝利一街17號5樓之1,500000,1040716
6267,27788380,隆翰興業有限公司,臺中市北屯區三和里東山路一段146之29號5樓　　　　　　　　　　　　　　　　　　　　　　　　　　,500000,1040729
6272,27792429,佑鑫鋁玻工程有限公司,臺中市北屯區平興里興安路2段17-1號1樓,5000000,1040703
6277,27796190,華星通運有限公司,臺中市梧棲區頂寮里四維西路115號1樓,30000000,1040728
6280,27799921,向應機械工業股份有限公司,臺中市大里區國中路171號,20000000,1040714
6282,27801481,港口宮有限公司,臺中市梧棲區四維中路337號10樓之1,20000000,1040727
6284,27804950,禾立群有限公司,臺中市西區民龍里英才路449號4樓,80000000,1040724
6295,27819118,宏威應用材料股份有限公司,臺中市霧峰區坑口里新生路15號1樓,13000000,1040715
6296,27819807,鴻禧國際興業有限公司,臺中市西屯區廣福里中科路1731號,30000000,1040717
6299,27824267,康寶餐飲股份有限公司,臺中市南屯區大墩路395號1樓,5000000,1040708
6301,27824843,寶德人力資源顧問有限公司,臺中市梧棲區草湳里自強三街33號1樓,15000000,1040722
6302,27825619,華妮雅國際有限公司,臺中市太平區樹孝路8號6樓之15,5000000,1040724
6305,27829087,廣晶體科技股份有限公司,臺中市南屯區向心里永春東路３２９號４樓,10000000,1040701
6315,27842103,益鴻有限公司,臺中市后里區義德里甲后路282巷18之1號,3000000,1040710
6320,27846847,蒙在鍋裡有限公司,臺中市西屯區西屯路三段269、271號1樓,2000000,1040710
6332,27860707,佳格萊加油站股份有限公司,臺中市沙鹿區三鹿里向上路七段301號,8000000,1040708
6337,27863824,歐肯得股份有限公司,臺中市西區民龍里公益路133、135號,32700000,1040711
6345,27869117,宏得國際有限公司,臺中市烏日區溪埧里溪南路一段986巷148號,5000000,1040723
6361,27890462,信主房屋仲介有限公司,臺中市北區學士路232號,680000,1040727
6362,27890505,巧昇國際股份有限公司,臺中市西區五權路1之67號11樓之2,10000000,1040721
6366,27893691,宗恩不動產經紀股份有限公司,臺中市北屯區平福里大連路二段202號1樓,1300000,1040727
6367,27894376,髮漾生技有限公司,臺中市西屯區福和里天保街1巷2之3號4樓,1000000,1040724
6373,27897514,盛錸實業有限公司,臺中市南區正義街133巷8號1樓,2000000,1040707
6379,27902328,奕慶機械廠有限公司,臺中市神岡區庄後里六張路9號1樓,20000000,1040701
6381,27903874,全新塑膠有限公司,臺中市沙鹿區興安里興安路80巷28號,6000000,1040703
6392,27911972,海洲交通有限公司,臺中市豐原區豐東路220巷24號1樓,50000000,1040715
6463,27981673,泰威保險經紀人股份有限公司,臺中市大里區現岱路136號,3000000,1040722
6496,28015412,日昇機械有限公司,臺中市太平區建興里建興路295號,1500000,1040707
6500,28019563,天堡貿易有限公司,臺中市西區忠誠里精誠三街33號1樓,60000000,1040701
6505,28021977,詠悅食品有限公司,臺中市北屯區昌平路二段12之15巷34號,8000000,1040730
6515,28030510,剛瑋有限公司,臺中市中區光復里中正路161巷13號,10000000,1040703
6534,28051140,石集實業股份有限公司,臺中市西屯區福中九街33巷13號1樓,5000000,1040709
6535,28051373,和鑽投資股份有限公司,臺中市大里區瑞城里成功路391號7樓,178510000,1040728
6536,28052149,台灣愛德克斯汽車零件股份有限公司,臺中市西屯區工業區三路3號1樓,16000000,1040707
6545,28058404,舜發環保有限公司,臺中市北屯區仁愛里大連北街122巷10-3號,500000,1040714
6547,28062028,仁山開發企業股份有限公司,臺中市西屯區西墩里黎明路三段133號3樓之1,201000000,1040714
6549,28064975,帝捷國際有限公司,臺中市西區公正里精誠路382之2號4樓,3000000,1040703
6562,28077211,建發電動氣動工具有限公司,臺中市東區建功街171之2號2樓,5000000,1040716
6564,28079787,上玄貿易有限公司,臺中市大里區國光路二段583號1樓,3000000,1040727
6568,28083451,英傑工程有限公司,臺中市大雅區西寶里雅潭路三段355巷63號1樓,5000000,1040715
6570,28085042,良邦精技股份有限公司,臺中市北屯區松山街159號1樓,1000000,1040715
6581,28095484,鼎峰金屬有限公司,臺中市北區北屯路26號4樓之13,1500000,1040713
6586,28097650,進鉦工程有限公司,臺中市神岡區山皮里光復路276巷37號,900000,1040707
6590,28101063,輔德高分子股份有限公司,臺中市外埔區永豐村六分路3之1號,691284000,1040701
6595,28105455,飛龍攝影有限公司,臺中市豐原區豐西里中正路４６０號１樓,500000,1040728
6598,28108333,萬鈞科技股份有限公司,臺中市霧峰區本鄉里林森路949巷42號,45000000,1040724
6607,28112272,世界中心科技股份有限公司,臺中市梧棲區經三路1號,252130000,1040717
6615,28113217,台積太陽能股份有限公司,臺中市大雅區橫山里13鄰科雅西路5號,2938177940,1040703
6620,28121357,展全塑膠股份有限公司,臺中市大里區樹王里萬安路92號,11000000,1040730
6622,28123448,精呈科技股份有限公司,臺中市神岡區豐工三路10號,133100000,1040709
6624,28124002,丞宏精密有限公司,臺中市大里區新仁里新仁三街35號,4000000,1040723
6625,28127922,時羿國際有限公司,臺中市北區美德街60之2號,1200000,1040722
6626,28128443,義全有限公司,臺中市霧峰區丁台路582號1樓,3200000,1040715
6628,28129512,清順五金有限公司,臺中市南區長春里愛國街95號1樓,1000000,1040717
6636,28134867,均普國際有限公司,臺中市西屯區市政北三路113號3樓,10000000,1040729
6637,28136268,寶晨器材有限公司,臺中市西屯區甘州街43之1號1樓,5000000,1040714
6638,28138033,安翌工業有限公司,臺中市大肚區頂街里沙田路三段245巷81之31號,1000000,1040729
6644,28140299,寶唐建設股份有限公司,臺中市西屯區至善里上安路173巷1號1F,14000000,1040706
6647,28141419,帝發有限公司,臺中市北區中正路412號2樓,5000000,1040723
6648,28141585,宥康工業有限公司,臺中市太平區德隆里工業十五路23號,15000000,1040710
6656,28145772,弘奧股份有限公司,臺中市霧峰區本鄉里振德街180號1樓,1000000,1040708
6658,28147785,量子生物科技有限公司,臺中市南屯區永春路11-8號,5000000,1040714
6660,28149550,天賀科技股份有限公司,臺中市梧棲區草湳里建國北街226號1樓,27000000,1040720
6667,28154883,超煜實業股份有限公司,臺中市西屯區臺灣大道四段1332號1樓,2000000,1040722
6668,28156475,福瑞通運股份有限公司,臺中市梧棲區自立二街122號,120000000,1040701
6675,28162666,風緻精品旅館事業有限公司,臺中市大里區永隆里永隆路428號,6000000,1040721
6680,28165925,曜通貿易股份有限公司,臺中市西屯區福雅里福祥街11號5樓之1,25000000,1040717
6681,28166348,統領餐飲股份有限公司,臺中市北屯區瀋陽路二段143號,5000000,1040707
6705,28186338,全鴻網路科技興業有限公司,臺中市西區公益路127號1樓,10000000,1040709
6725,28195195,及泰有限公司,臺中市梧棲區信義街102巷62號,3000000,1040717
6741,28204336,宇祿科技股份有限公司,臺中市東區振興里台中路163號2樓,22000000,1040723
6828,28313952,研恆科技股份有限公司,臺中市西屯區西屯路二段256巷6號12樓之10,45500000,1040714
6829,28314381,田舍室內裝修設計工程有限公司,臺中市南區福順里南陽街71號1樓,5000000,1040721
6832,28317675,益健行興業有限公司,臺中市豐原區豐圳里成功路608號1樓,1000000,1040715
6835,28319647,弘玖科技有限公司,臺中市南屯區永春東七路642號2樓,1000000,1040710
6840,28323213,奇山興業股份有限公司,臺中市北區頂厝里進化北路238號4樓之7,11000000,1040731
6844,28327793,松誼貿易有限公司,臺中市梧棲區民生街2之55號,10000000,1040701
6856,28342252,益新科技有限公司,臺中市霧峰區北柳里霧工一路16巷1號1樓,5000000,1040706
6860,28345687,金宇科技股份有限公司,臺中市西屯區工業區38路210號4樓之2,17000000,1040714
6861,28347088,勇泰電信工程有限公司,臺中市太平區新坪里育賢路146號12樓,2000000,1040716
6865,28352321,石恒科技股份有限公司,臺中市豐原區南嵩里水源路147號,129000000,1040706
6869,28354263,勝綸國際有限公司,臺中市大雅區雅楓里德勝路76號,1000000,1040720
6870,28358492,安佳國際消防實業有限公司,臺中市太平區光華里長安路320號1樓,5000000,1040722
6879,28367627,統達翔有限公司,臺中市北區健行里華興街47巷21號1樓,1000000,1040708
6885,28369580,尚昱投資顧問有限公司,臺中市南屯區保安三街121號,10000000,1040706
6890,28371951,台灣數位光訊科技股份有限公司,臺中市西屯區文心路2段201號6樓之6,1115000000,1040721
6893,28372754,歐樂室內裝修有限公司,臺中市北屯區三和里東山路一段140巷2弄24之4號1樓,2000000,1040714
6894,28373395,良運環保科技有限公司,臺中市神岡區神岡里神圳路25之6號,1000000,1040722
6901,28384490,金鍏實業有限公司,臺中市潭子區民族路一段312巷97之5號1樓,500000,1040707
6922,28401738,新昌複合材料股份有限公司,臺中市太平區工業二十路82號,27970000,1040716
6925,28404616,奕俐股份有限公司,臺中市沙鹿區竹林里中山路紅竹巷11之30號1樓,5000000,1040713
6926,28404799,威泰醫療器材股份有限公司,臺中市西屯區福恩里工業區一路6巷12號4樓,20000000,1040730
6927,28406706,友詮興業有限公司,臺中市北區博館路88號11樓之2,3000000,1040721
6932,28408970,盛利實業股份有限公司,臺中市西區臺灣大道二段105號5樓,1200000,1040721
6948,28432704,貝里斯商翰欣國際有限公司,臺中市西區忠誠里忠明南路40號11樓,0,1040702
6957,28441921,立川生技開發有限公司,臺中市南區復興北路567巷12號,2000000,1040724
7002,28469814,鑽程工程股份有限公司,臺中市潭子區潭陽里潭子街一段6巷1號1樓,50000000,1040707
7033,28485363,大同電信股份有限公司,臺中市西屯區文心路3段159號3樓,3000000000,1040721
7043,28490422,鉦鑫實業有限公司,臺中市太平區光隆里興隆路一段70巷65之1號,1000000,1040703
7054,28499845,韓進國際企業股份有限公司,臺中市西區忠誠里精明一街70號3樓,5000000,1040728
7059,28506326,日華金典國際酒店股份有限公司,臺中市西區健行路1049號底1層、底2層、1樓(門廳)、11樓、15樓、16樓之1,1950000000,1040722
7060,28509323,品冠行銷股份有限公司,臺中市沙鹿區錦華街17號2樓,280000000,1040710
7061,28511968,逸昇建設有限公司,臺中市神岡區圳堵里和睦路一段61巷27號,10000000,1040730
7065,28513380,亞士發有限公司,臺中市西區精誠十五街14號1樓,500000,1040707
7069,28517251,順揚汽車零件股份有限公司,臺中市大里區樹王里東興路516號,5000000,1040721
7071,28519666,玖浚企業有限公司,臺中市北屯區平陽里安順北一街49號,5200000,1040730
7073,28522064,卡順興業有限公司,臺中市南屯區文山北巷3-17號,1000000,1040723
7075,28522775,江陸有限公司,臺中市烏日區環中路八段1187號1樓,8000000,1040701
7076,28523021,巨懋餐具有限公司,臺中市太平區中山路三段106號2樓,2000000,1040715
7077,28524339,億泓工業股份有限公司,臺中市大里區國光路一段206之5號,3000000,1040711
7080,28525132,大永通商股份有限公司,臺中市梧棲區自立一街200號2樓,15000000,1040721
7086,28527151,琦玉國際有限公司,臺中市西屯區協和里工業區十路3號1樓,350000000,1040715
7091,28532106,皇翼股份有限公司,臺中市神岡區岸裡里大豐路五段295巷56弄5號,5000000,1040710
7092,28532794,全國物業管理股份有限公司,臺中市西區公益路68號底二層,10000000,1040713
7101,28541386,合升精密機械股份有限公司,臺中市龍井區龍西里龍門路100之2號,58200000,1040714
7102,28543440,璽貿實業股份有限公司,臺中市南屯區大墩路521號12樓之1,6000000,1040716
7107,28545622,凱拓廣告工程有限公司,臺中市南屯區大墩四街321號地下1層,1000000,1040708
7114,28548732,幾何國際開發股份有限公司,臺中市豐原區水源路597號1樓,1000000,1040713
7115,28549351,東方龍餐飲有限公司,臺中市南屯區公益路二段271之1號,6000000,1040717
7130,28559955,仲晟實業有限公司,臺中市西屯區何仁里長安路一段96號1樓,500000,1040707
7131,28560094,文華資產管理股份有限公司,臺中市西屯區文華路138巷31號等,100000,1040707
7136,28565210,明佳亮科技有限公司,臺中市西屯區港尾里中康街197號3樓之3,5000000,1040716
7138,28566689,翟品有限公司,臺中市西屯區何厝里臺灣大道二段786號1樓,7500000,1040720
7140,28567879,精銳精密機械工業股份有限公司,臺中市外埔區六分里水頭一路100巷68號,1200000,1040720
7144,28571120,美錡國際股份有限公司,臺中市南屯區五權西路二段501號6樓,6000000,1040729
7148,28576883,宏境科技股份有限公司,臺中市西屯區工業區38路210號2樓之12,32537500,1040720
7158,28581062,雍派設計工程有限公司,臺中市大里區夏田里中投東路三段360巷81號1樓,500000,1040710
7161,28581605,鑫龍精密股份有限公司,臺中市北屯區松安里松安街125巷3號1樓,5000100,1040730
7173,28587143,正昇動力科技有限公司,臺中市龍井區忠和里台西南路256巷28弄9號,500000,1040724
7175,28588570,日康精密科技有限公司,臺中市豐原區中陽里同安街53號1樓,3500000,1040703
7208,28621640,金昌金屬有限公司,臺中市北屯區昌平路三段51巷31號,5000000,1040724
7213,28624576,中佑資訊有限公司,臺中市西屯區潮洋里市政北二路236號36樓之1,155000000,1040707
7217,28627166,上友文教事業有限公司,臺中市東區自強街24巷10號1樓,1000000,1040730
7218,28627567,雅棋德科技有限公司,臺中市大雅區西寶里昌平路四段282南十一巷15號,6000000,1040703
7222,28632246,郡龍建設股份有限公司,臺中市南屯區向上南路一段163號10樓之24,16000000,1040706
7224,28632626,欣鈺鑫投資股份有限公司,臺中市西區平和里林森路145號2樓,10000000,1040720
7232,28640111,達識企業有限公司,臺中市西屯區何成里大墩十八街195號3樓之2,1280000,1040722
7236,28641483,育聖工程有限公司,臺中市西屯區臺灣大道三段690號5樓,1000000,1040702
7242,28644524,領御國際顧問有限公司,臺中市太平區樹孝路510號2樓,2000000,1040703
7249,28651025,銘順投資有限公司,臺中市西屯區福雅路50巷8號2樓,13620000,1040727
7257,28656393,美誼游泳池股份有限公司,臺中市西區五權西路一段224號,4000000,1040702
7260,28658060,盈德切削科技有限公司,臺中市南屯區向心里豐富路300巷4號1樓,1000000,1040707
7268,28665689,溪尾環保股份有限公司,臺中市烏日區慶光路69之8號,6000000,1040721
7343,28717271,數位思維股份有限公司,臺中市西屯區台灣大道四段925號14樓之2,6946000,1040729
7351,28725075,正鎰數位有限公司,臺中市大里區東湖里長春路115巷9弄8之7號7樓,3000000,1040728
7353,28726617,仁悅開發企業股份有限公司,臺中市西屯區西墩里黎明路三段133號9樓之1,201000000,1040721
7358,28730422,笠勝工業有限公司,臺中市大雅區民生路四段139巷52號1樓,3000000,1040728
7360,28731365,萬昌精密有限公司,臺中市霧峰區丁台里丁台路528號,2000000,1040728
7361,28731479,長程保險經紀人股份有限公司,臺中市西屯區逢甲里西屯路二段256巷6號5樓之8,3000000,1040708
7363,28733770,啟崴企業有限公司,臺中市北屯區松和里松和街191巷70號1樓,3000000,1040721
7364,28734428,駿逸旅行社有限公司,臺中市北區德化街117號1樓,10000000,1040724
7368,28737109,桑緹亞股份有限公司,臺中市后里區星科路8號,2360100000,1040708
7370,28740940,喆爾鉅企業有限公司,臺中市西屯區櫻城二街18號,5000000,1040703
7374,28743453,輔佳材料科技股份有限公司,臺中市大雅區秀山里科雅路28號5樓,22000000,1040710
7376,28744185,隆達揚有限公司,臺中市西屯區何福里寧夏東八街21號1樓,1000000,1040716
7378,28746249,詮宸鈑金工業有限公司,臺中市南屯區中和里中和北一巷1弄16號1樓,2000000,1040728
7394,28758271,令家族企業有限公司,臺中市西屯區福恩里工業區一路66之2號2樓,10000000,1040722
7399,28762465,富久土地開發股份有限公司,臺中市西屯區臺灣大道二段910號4樓之6,100000000,1040702
7402,28766342,惠信建設股份有限公司,臺中市南屯區豐樂里文心南五路一段330號4樓之1,350000000,1040702
7403,28768171,益廷廢鐵有限公司,臺中市南區積善里興大路316巷13號1樓,2000000,1040721
7409,28773596,曜凌光電股份有限公司,臺中市大雅區秀山里科雅路25號5樓,220000000,1040709
7412,28774363,華穎有限公司,臺中市南屯區文山里忠勇路91之34號1樓,1000000,1040716
7415,28778092,綠欣物業有限公司,臺中市西區三民路一段50巷8號2樓,500000,1040723
7417,28779108,廣晉機械有限公司,臺中市清水區南社里南新路201巷17號,1000000,1040723
7421,28785354,坤泰先進國際股份有限公司,臺中市南屯區田心里京展街226號1樓,7500000,1040703
7432,28792209,精饌股份有限公司,臺中市西區民龍里臺灣大道二段307號5樓,65000000,1040729
7434,28793903,東風國際旅行社股份有限公司,臺中市西屯區工業一路90號,10000000,1040716
7435,28795661,東方龍事業有限公司,臺中市北區美德街351號1樓,500000,1040727
7448,28811058,百特醫學科技有限公司,臺中市西區華美西街一段142號7樓之2,20000000,1040722
7479,28832552,中央智庫投資股份有限公司,臺中市北屯區平安里文心路四段696號16樓之1,100000000,1040713
7546,28877585,創意整合科技有限公司,臺中市西屯區河南路2段262號5樓之10,9000000,1040710
7554,28887818,鴻鋐實業有限公司,臺中市大里區長榮里德芳路1段231巷2號1樓,1000000,1040702
7559,28891670,芬陀利有限公司,臺中市西屯區惠來里市政路500號23樓之3,1000000,1040724
7566,28893425,閤嘉馨實業有限公司,臺中市大里區新里里永隆二街101號1樓,1000000,1040708
7571,28895660,頂通貿易股份有限公司,臺中市北區頂厝里進化北路238號4樓之6,1000000,1040728
7572,28895704,鉅泰國際有限公司,臺中市北屯區水湳里大連路一段133號1樓,3000000,1040708
7579,28901115,多勝貿易有限公司,臺中市西區精誠五街10號1樓,25000000,1040710
7586,28906131,宗旺工程有限公司,臺中市大雅區橫山里永和路三甲巷2號3樓,1000000,1040708
7589,28908503,百匯興業有限公司,臺中市西區五權五街151號7樓之6,500000,1040729
7590,28908898,阿湯哥食品有限公司,臺中市北屯區仁美里豐樂路26之13之1號,1000000,1040724
7591,28909067,郁廷裝潢工程股份有限公司,臺中市南屯區五權西路二段666號8樓之2,1000000,1040706
7601,28914028,東大電業工程股份有限公司,臺中市北屯區綏遠路二段72號6樓之1,30000000,1040709
7605,28915188,高鉅科技股份有限公司,臺中市西屯區市政北二路236號26樓之2,30000000,1040729
7606,28915618,超寶光電科技股份有限公司,臺中市南屯區工業區二十一路29號1樓,28000000,1040703
7608,28916139,承泰峰國際有限公司,臺中市神岡區神岡東街40號1樓,10500000,1040723
7616,28922266,耀華興業有限公司,臺中市神岡區三角里崇德路38之1號,5000000,1040710
7617,28922879,航耀報關有限公司,臺中市梧棲區頂寮里中橫十路147號1樓,6000000,1040727
7620,28923455,全農保險代理人股份有限公司,臺中市大里區東興里大明路393-8號,3000000,1040701
7629,28928141,嘉豐機械工業有限公司,臺中市神岡區岸裡里大豐路五段295巷28弄20號,25000000,1040728
7635,28931309,宇鴻牙科器材科技有限公司,臺中市北屯區昌平路二段4巷2弄27號1樓,500000,1040727
7639,28932709,耀盛科技資訊股份有限公司,臺中市西區民龍里臺灣大道二段186號11樓之1,5000000,1040701
7658,28943620,國瑩生物科技股份有限公司,臺中市霧峰區民生路220號,29990000,1040728
7659,28943902,金長宏興業有限公司,臺中市大里區工業路宏巨二巷2弄51號1樓,5000000,1040723
7670,28954484,廷漢科技有限公司,臺中市北屯區新平里中清路二段961號1樓,1000000,1040717
7673,28956949,康崴事務機器有限公司,臺中市潭子區頭家東里中興北路10號1樓,500000,1040722
7675,28958144,植日有限公司,臺中市西屯區工業區一路6巷26弄23-3號,1000000,1040724
7680,28964954,誠盟電科技股份有限公司,臺中市西屯區工業區一路12號1樓,29000000,1040723
7684,28967410,百博創意科技股份有限公司,臺中市北區健行里忠明路200號11樓,30000000,1040714
7693,28983158,英屬安圭拉商豐瑞盛世有限公司,臺中市南屯區大墩十二街292之4號,1010000,1040722
7702,28994275,英屬開曼群島商崇佑精密金屬股份有限公司,臺中市西區美村路1段771巷10之1號,6470000,1040707
7707,28998286,塞席爾商星鑽國際有限公司,臺中市豐原區西安里西勢路114巷62弄19號1樓,0,1040715
7708,28999102,香港商舜宇光學海外有限公司,臺中市西屯區至善路69號1樓,0,1040713
7881,29103666,圓孟居不動產經紀有限公司,臺中市西屯區青海路二段316號,500000,1040707
7884,29105279,自然多點股份有限公司,臺中市西屯區西平里福星路309號3樓,2200000,1040722
7886,29106283,科榮網路資訊有限公司,臺中市太平區新光里樹德路99巷12號,5000000,1040709
7893,29109943,銓鴻有限公司,臺中市大肚區新興里沙田路二段383之1號,10000000,1040707
7895,29110483,藍特貿易有限公司,臺中市西區吉龍里27鄰美村路一段771巷1號3樓之1,15000000,1040715
7897,29112692,大大國際興業有限公司,臺中市龍井區忠和里中山中路二段307號1樓,700000,1040703
7901,29113221,鑫德貿易有限公司,臺中市南屯區大業里大進街536之16號8樓,1000000,1040728
7908,29116212,富帝九工程有限公司,臺中市龍井區忠和里中央路3段61巷16號1樓,10000000,1040722
7917,29121377,愛倪加加有限公司,臺中市霧峰區本堂里中正路577之3號,2450000,1040728
7921,29124825,綠野有限公司,臺中市大里區新里里德芳路二段11號1樓,3500000,1040729
7922,29124944,國寶食品有限公司,臺中市西區篤行路191號1樓,750000,1040716
8007,29182373,台灣樫山股份有限公司,臺中市西屯區科園一路1- 2號,100000000,1040723
8008,29182660,森勁電力股份有限公司,臺中市西屯區中科路1號,386858590,1040715
8035,30864734,尚時實業股份有限公司,臺中市大雅區員林里神林路1段162巷22號,5000000,1040717
8044,30899261,成霖企業股份有限公司,臺中市潭子區潭秀里建國路22號,3543042240,1040707
8091,31229487,晉達國際股份有限公司,臺中市南屯區工業區24路32之1號,38800000,1040706
8116,33323868,新台灣紡織股份有限公司,臺中市沙鹿區居仁里臺灣大道七段955號,41500000,1040708
8382,42574339,晟碩研磨有限公司,臺中市大甲區銅安里長壽路6號,1000000,1040716
8497,46264460,南華水泥股份有限公司,臺中市龍井區臨港路二段90號,261440000,1040707
8566,51017118,大越藝術印刷廠股份有限公司,臺中市西屯區長安路一段75之20號1樓,10000000,1040730
8567,51054909,大發金屬工業股份有限公司,臺中市中區平等街69號1樓,33000000,1040729
8568,51115700,元美染織股份有限公司,臺中市北屯區東光里16鄰北屯路298巷79號,8000000,1040717
8569,51231778,裕德交通事業有限公司,臺中市西屯區上德里智惠街83號1樓,5000000,1040703
8570,51234115,光隆股份有限公司,臺中市大雅區西寶里雅潭路三段472號,370000000,1040704
8571,51319401,東大塑膠廠股份有限公司,臺中市東區東英路629號1樓,27500000,1040728
8572,51386702,威石東股份有限公司,臺中市中區中山路253號,12000000,1040721
8575,51709132,義和煤氣有限公司,臺中市南區忠明南路六○六號,3000000,1040729
8576,51802691,台灣油研股份有限公司,臺中市西屯區工業區七路12號,90000000,1040723
8577,51805373,福太煤氣有限公司,臺中市東區立德街24號1樓,500000,1040710
8578,51807056,台灣村田股份有限公司,臺中市西屯區中清路三段451號,270000000,1040716
8579,51816908,台中商業銀行股份有限公司,臺中市西區民權路87號,28515063090,1040706
8580,51911712,興農股份有限公司,臺中市西區梅川西路1段23號1樓,3436907310,1040721
8581,52223143,稻香建設股份有限公司,臺中市西區安龍里梅川西路一段23號1樓,451000000,1040701
8582,52242444,台灣自來水股份有限公司,臺中市北區樂英里14鄰雙十路2段2之1號,137500000000,1040723
8583,52275704,新協發毛刷工業股份有限公司,臺中市南區福順里美村路二段240號1樓,10000000,1040702
8584,52295455,金龍鐵工廠股份有限公司,臺中市南屯區工業區22路14號,19032000,1040706
8585,52307500,慶鴻機電工業股份有限公司,臺中市南屯區文山里精科一路3號,540386000,1040713
8586,52309606,中建開發事業股份有限公司,臺中市西屯區臺灣大道四段925號27樓之2,48160000,1040707
8587,52311700,家鄉事業股份有限公司,臺中市西屯區工業區三路18號,180000000,1040701
8588,52335344,銓國家具裝潢股份有限公司,臺中市東區十甲里東英七街30號11樓之2,3200000,1040729
8589,52336224,三源興業股份有限公司,臺中市龍井區新東里新興路25巷2弄27之2號1樓,5000000,1040723
8590,52347361,喬山健康科技股份有限公司,臺中市大雅區忠義里東大路2段999號,3024172700,1040702
8591,52353095,永輝興電機工業股份有限公司,臺中市西屯區永輝路55號,86000000,1040702
8592,52353530,程泰機械股份有限公司,臺中市西屯區協和里工業區五路13號,1000323390,1040728
8593,52369287,晉明交通股份有限公司,臺中市南區城隍里忠孝路139號2樓,8000000,1040714
8594,52375605,美律實業股份有限公司,臺中市南屯區寶山里工業區二十三路22號,1850273230,1040720
8595,52391289,仁友汽車客運股份有限公司,臺中市中區綠川東街110號2樓1號,100000000,1040709
8596,52393553,裕強特殊金屬股份有限公司,臺中市大里區樹王里181之5號,4560000,1040706
8597,52400800,台昌彩藝工業股份有限公司,臺中市西屯區工業區36路48號1、2、3樓,50000000,1040729
8598,52404572,國教儀器企業有限公司,臺中市東區旱溪里進化路78之5號1樓,11000000,1040706
8599,52452861,全國大飯店股份有限公司,臺中市西區館前路57號,312000000,1040710
8600,52459920,忠音企業有限公司,臺中市南屯區南屯路二段860巷38號,5000000,1040708
8601,52464141,統力興業股份有限公司,臺中市西屯區協和里工業區三十一路26之1號1樓,12000000,1040721
8602,52466339,威辰實業股份有限公司,臺中市東區自由路三段51號,8800000,1040720
8604,52485672,上通通信電機有限公司,臺中市南區南門里國光路457號1樓,3000000,1040720
8606,52491983,家進工業股份有限公司,臺中市大雅區四德里中清路三段729號,36000000,1040728
8607,52499866,中港大飯店股份有限公司,臺中市西區臺灣大道一段709號,29920000,1040706
8608,52509512,元扶企業股份有限公司,臺中市霧峰區峰谷路668號,180000000,1040715
8609,52531958,櫻欣興業有限公司,臺中市大雅區橫山里中科路1088、1090號,42900000,1040723
8610,52532078,香山籐業股份有限公司,臺中市西屯區大河里大河街35號,28000000,1040729
8611,52554255,永竹化工股份有限公司,臺中市南區平和里美村南路55號1樓,42000000,1040702
8612,52596179,久石工業股份有限公司,臺中市東區天乙街37巷1號,4000000,1040720
8613,52614009,三緯企業股份有限公司,臺中市南屯區文心路一段449號,60000000,1040710
8614,52634363,萊利實業股份有限公司,臺中市南區平和里美村南路39巷13號,30000000,1040702
8615,52647450,昭升精機廠股份有限公司,臺中市太平區永豐路327巷19號,5000000,1040730
8616,52670661,敬樺實業股份有限公司,臺中市南屯區寶山里工業區二三路11號,28000000,1040713
8617,52672372,守巧工業股份有限公司,臺中市東區和平街254號,20000000,1040728
8618,52691547,善品科技股份有限公司,臺中市大里區仁化路219號,300201000,1040707
8619,52696141,串源水電有限公司,臺中市北屯區水景里水景街88巷23號1樓,10000000,1040720
8620,52726378,慶榮塗料有限公司,臺中市北屯區遼寧路二段96號1樓,10000000,1040720
8621,52753108,百容電子股份有限公司,臺中市南屯區寶山里工業區25路20號,1133338070,1040706
8622,52757548,盛復工業股份有限公司,臺中市南屯區工業區20路7號,309750000,1040728
8623,52786115,正宬五金股份有限公司,臺中市南區忠孝路41號,15000000,1040708
8624,52795705,建君企業有限公司,臺中市北區進化路473號,5000000,1040727
8625,52803472,新烽科技股份有限公司,臺中市太平區太平里新仁路一段22巷98號,52000000,1040728
8626,52804155,森鐵鋼鐵股份有限公司,臺中市霧峰區南勢里豐正路431號1樓,90000000,1040702
8627,52811070,政翔精密股份有限公司,臺中市西屯區臺灣大道三段660號13樓之2,800000000,1040702
8628,52816862,茂異實業股份有限公司,臺中市霧峰區中正路1295之1號,18000000,1040710
8629,52822983,超峰快遞股份有限公司,臺中市西屯區臺灣大道四段925號23樓之3,215000000,1040728
8630,52856879,東佳機器工業有限公司,臺中市烏日區光明路385巷10號,12000000,1040717
8631,52870393,元泰紙業有限公司,臺中市東區合作里自強街5巷2號4樓之2,3600000,1040729
8632,52871082,均記貿易有限公司,臺中市南屯區田心里五權西路二段382號1樓及382之1號,20000000,1040730
8633,52872364,伯寰股份有限公司,臺中市南屯區南屯里南屯路二段820巷2號1樓,15000000,1040720
8634,52879492,南洲實業股份有限公司,臺中市西屯區協和里工業區三十五路24號,12000000,1040723
8640,53003499,香港商瑞帕拉有限公司,臺中市西屯區府會園道179號15樓,5000000,1040722
8643,53004906,永信國際投資控股股份有限公司,臺中市大甲區中山路1段1191號,2537361750,1040720
8654,53017888,美商蕎鑫股份有限公司,臺中市西區模範街1巷21號,5000000,1040731
8662,53024017,香港商雙金馬有限公司,臺中市東區十甲里十甲北街62巷2號,0,1040730
8664,53025515,英屬維京群島商曦光有限公司,臺中市西屯區永昌街35號,50000000,1040727
8668,53029168,金祥正建設有限公司,臺中市霧峰區本堂里仁義路58號1樓,10000000,1040728
8675,53031523,佳萬資產鑑定有限公司,臺中市南區工學路126巷21號1樓,284900,1040720
8676,53034520,銓瑞國際事業有限公司,臺中市西屯區逢福里河南路二段131號,200000,1040701
8681,53039187,昶富鋼業有限公司,臺中市南區永和里南和一街2號8樓之1,10000000,1040727
8682,53040059,一五精密科技有限公司,臺中市豐原區東湳里三豐路742巷218弄11號1樓,1500000,1040720
8685,53041070,福昌欣業有限公司,臺中市烏日區溪埧里溪南路一段363之1號,10000000,1040721
8690,53041521,期崧有限公司,臺中市西區忠誠里忠明路74巷1弄6號3樓,1000000,1040714
8692,53042747,威創自動化有限公司,臺中市北屯區中清路二段1128巷22號2樓,1060000,1040709
8694,53043154,大墩國際文教股份有限公司,臺中市西區三民里三民路一段174號5樓,2300000,1040707
8697,53044098,橙宇企業有限公司,臺中市大里區中新里現岱路31之1號1樓,5000000,1040727
8700,53048094,台灣迪卡儂有限公司,臺中市南屯區大墩南路379號,456000000,1040702
8703,53050582,日升昌營造有限公司,臺中市北屯區新平里中清路二段415巷42號,3000000,1040720
8707,53051273,鈺昇精密有限公司,臺中市大雅區上楓里鳳鳴路12之2號2樓,16000000,1040703
8708,53052081,皇億傢飾布有限公司,臺中市西屯區何德里寧夏西三街41號1樓,800000,1040729
8712,53054519,煌翔廚具股份有限公司,臺中市潭子區大富路二段12之10號1樓,10000000,1040704
8714,53054855,耀達電腦股份有限公司,臺中市北區永興街338號12樓,55764000,1040729
8715,53055019,緯斯特有限公司,臺中市神岡區社南里中山路667巷26弄16號,3000000,1040707
8717,53055382,寰昕設計工程有限公司,臺中市西屯區惠來里西屯路二段138號2樓,5000000,1040710
8720,53059009,順力西科技股份有限公司,臺中市豐原區水源路215巷26號,24307800,1040702
8721,53059036,全鼎財產保險代理人有限公司,臺中市北區金龍里德化街63號1樓,3000000,1040701
8724,53062139,天將五金有限公司,臺中市大雅區六寶里中清路四段480號1樓,1000000,1040717
8725,53062193,宏原精密工業有限公司,臺中市豐原區朴子里朴子街352巷13號,3000000,1040730
8726,53062243,永正國際實業股份有限公司,臺中市西屯區惠來里市政路539號11樓之1,5000000,1040703
8728,53062932,神禾電訊有限公司,臺中市南區積善里學府路10號,500000,1040710
8732,53066780,同翔實業有限公司,臺中市太平區永平路二段449號,2000000,1040709
8734,53068437,正東機械工業有限公司,臺中市大甲區日南里中山路二段912巷3-1號,500000,1040724
8736,53069891,宇菘有限公司,臺中市西屯區何源里成都路192號1樓,2000000,1040717
8738,53070530,宥德興業有限公司,臺中市東勢區廣興里中興街42號,3000000,1040723
8739,53071019,冠恒廢鐵有限公司,臺中市南區積善里興大路316巷13號2樓,2000000,1040721
8742,53072262,源昌油品有限公司,臺中市沙鹿區清泉里清泉路16之3號1樓,1000000,1040723
8757,53077040,頫達科技股份有限公司,臺中市潭子區栗林里祥和路56號1樓,7500000,1040727
8758,53077082,橙意資訊有限公司,臺中市沙鹿區鹿寮里福鹿街38號1樓,1000000,1040710
8759,53078202,科林不動產有限公司,臺中市西屯區大河里文心路三段181之1號1樓,1000000,1040715
8844,53115608,國璽投資股份有限公司,臺中市南屯區向上南路一段167號14樓,82000000,1040714
8862,53127463,一分耕電影製作有限公司,臺中市豐原區隆豐街58巷28弄14號1樓,2000000,1040714
8870,53132965,臺灣數位版權股份有限公司,臺中市西區公益路161號11樓之1,1000000,1040716
8872,53133471,宏基國際有限公司,臺中市烏日區榮泉里中山路三段901號,10000000,1040727
8874,53135512,鴻津國際有限公司,臺中市烏日區東園里溪南路一段126巷58之2號,200000,1040729
8876,53136408,建聖工業有限公司,臺中市外埔區大馬路346號,250000,1040709
8879,53137440,勝聚國際股份有限公司,臺中市西區民龍里臺灣大道2段186號7樓之5,100000000,1040709
8880,53137568,巨浪設計有限公司,臺中市大雅區六寶里中清路五段79巷12號1樓,500000,1040729
8882,53137899,九福門實業有限公司,臺中市大安區中庄里中山南路517巷2號1樓,1000000,1040727
8884,53138709,迪化街窗簾有限公司,臺中市北屯區同榮里環中路一段1962號1樓,1000000,1040724
8887,53142491,震澤精密機械股份有限公司,臺中市北屯區和福路115號1樓,30000000,1040714
8889,53144189,香巴拉王朝國際行銷有限公司,臺中市豐原區南陽里12鄰安康路7號10樓之6,100000,1040710
8895,53147263,欣恩科技有限公司,臺中市沙鹿區斗抵里沙田路仁安巷8號1樓,2000000,1040720
8898,53148066,祝噯吃實業有限公司,臺中市神岡區社南里社南街5巷25號,2000000,1040701
8899,53148116,創衣世紀開發有限公司,臺中市梧棲區福德里大智路一段851號1樓,5000000,1040716
8901,53148559,光啟廣告有限公司,臺中市西屯區協和里協和南巷7號1樓,5000000,1040703
8903,53149678,正昌能源有限公司,臺中市霧峰區本堂里樹仁路151巷5號1樓,6000000,1040724
8905,53150935,陳石城國際開發有限公司,臺中市梧棲區中和街140巷2之1號,1000000,1040708
8909,53154572,萊信企業有限公司,臺中市大雅區雅楓里民生路三段64巷18號1樓,5000000,1040722
8910,53155360,鉅淳企業有限公司,臺中市西屯區何成里臺灣大道二段833巷7之1號,2000000,1040721
8911,53155636,杉滕科技有限公司,臺中市西屯區工業區三八路210號3樓之9,1000000,1040717
8913,53156868,柏創科技有限公司,臺中市西屯區福雅路128巷61號1樓,2800000,1040717
8916,53158649,穎顓實業有限公司,臺中市大雅區橫山里中山六路5號1樓,2000000,1040727
8918,53158958,金立田磁磚有限公司,臺中市北屯區庄美街72號1樓,1000000,1040713
8919,53159598,玉鑫精機有限公司,臺中市大雅區大楓里德勝路214號,2600000,1040716
8920,53161052,台灣綠能開發股份有限公司,臺中市南屯區大墩十二街383號1樓,20000000,1040720
8924,53163214,明昕科技股份有限公司,臺中市南區長榮里復興路三段222號2樓之1,1000000,1040717
8925,53163853,盛順貿易有限公司,臺中市南屯區黎明東街96號10樓,1000000,1040720
8927,53164092,拓樸建設開發有限公司,臺中市南屯區永春東一路555號,16000000,1040713
8932,53168105,昆祐建設股份有限公司,臺中市西區東興路三段160號11樓之3,25000000,1040710
8938,53170405,叡冠精密科技股份有限公司,臺中市大雅區四德里龍善三街3號,6000000,1040730
8940,53170593,宏偉生物科技股份有限公司,臺中市西屯區潮洋里市政北二路238號22樓之5,3000000,1040730
9038,53232789,易沛網路科技有限公司,臺中市西區大隆路20號13樓之4,10000000,1040724
9058,53248678,生堯砥研有限公司,臺中市北區賴興里文心路四段200號10樓之8,3000000,1040710
9090,53271213,薩迦股份有限公司,臺中市大雅區大雅里雅潭路四段833號1樓,1000000,1040703
9094,53272310,新東精密有限公司,臺中市北屯區同榮里同榮一街222號1樓,600000,1040706
9096,53273654,鈺采文化事業有限公司,臺中市大甲區文武里信義路232號1樓,1500000,1040723
9103,53274909,立宗科技有限公司,臺中市北屯區大德里中清路二段280巷28弄13號,2000000,1040728
9107,53280260,水娃娃國際有限公司,臺中市西屯區大河里甘河路91號3樓,800000,1040720
9110,53282274,友茗坊茶業有限公司,臺中市南屯區大同里大墩七街60號1樓,500000,1040717
9114,53285737,豪振國際股份有限公司,臺中市南屯區中和里黎明路一段395巷27號2樓,5000000,1040706
9118,53288100,大業藝術文化有限公司,臺中市南屯區三義里大業路518號1樓,500000,1040728
9123,53293238,築築空間室內裝修有限公司,臺中市龍井區藝術街15巷9號1樓,1000000,1040713
9126,53294638,嘉福起重工程有限公司,臺中市沙鹿區埔子里正德路201巷51號1樓,2000000,1040716
9129,53295600,耘家國際事業有限公司,臺中市西屯區何源里漢口路二段257號2樓,5000000,1040706
9131,53296214,渼憶生技股份有限公司,臺中市梧棲區頂寮里14鄰四維中路24號10樓,22000000,1040702
9132,53296782,美言有限公司,臺中市北區立人里華美街二段262號5樓之3,250000,1040703
9135,53297656,台灣片岡股份有限公司,臺中市南屯區大墩一街30號1樓,3800000,1040730
9141,53300723,米可定律有限公司,臺中市西屯區至善里臺灣大道三段686巷18號10樓,50000,1040730
9144,53303876,常怡國際有限公司,臺中市南屯區南屯里大墩四街567號6樓之2,4000000,1040709
9152,53308350,佶川環境科技有限公司,臺中市西屯區漢翔路518號4樓,9100000,1040708
9154,53308892,笙鈦有限公司,臺中市太平區東平路870號,10000000,1040730
9165,53314310,卓茂科技股份有限公司,臺中市北屯區平安里崇德路二段128號17樓之2,65700000,1040701
9225,53346609,愷昶國際有限公司,臺中市潭子區東寶里崇德路五段168之5號,1000000,1040707
9274,53362065,至優網有限公司,臺中市西區建國北路三段51號1樓,6500000,1040730
9277,53365231,艾其斯國際行銷有限公司,臺中市北屯區和平里和祥街185巷37號2樓,5000000,1040710
9278,53365838,丞玥設計股份有限公司,臺中市北屯區水湳里大連北街42號1樓,8000000,1040703
9283,53368201,碁特國際股份有限公司,臺中市大甲區幼獅路47號,10000000,1040728
9284,53368238,日泰建材有限公司,臺中市西區向上北路147號1樓,10000000,1040717
9286,53368814,沃爾斯國際有限公司,臺中市西區忠明南路16號9樓之2,10000000,1040703
9287,53369010,百達電池實業有限公司,臺中市東區十甲里自由路四段188號1樓,3000000,1040729
9288,53369877,日日豪興業有限公司,臺中市北屯區仁美里豐樂路17巷18弄51號,500000,1040722
9300,53377898,伯克萊有限公司,臺中市北區文莊里英才路179號1樓,10000000,1040708
9303,53379431,沅瑢有限公司,臺中市西屯區協和里工業區四十一路26號,15000000,1040728
9309,53384238,聖竣有限公司,臺中市西屯區大墩十九街225號3樓,1000000,1040721
9312,53385320,新鉅實業有限公司,臺中市潭子區家興里中山路一段17之3號3樓之2,1000000,1040727
9317,53387523,翔超土木包工業有限公司,臺中市清水區南社里鰲新路145巷45號1樓,1000000,1040716
9320,53389607,華益裝潢工程有限公司,臺中市西屯區大福里長安路二段235之2號2樓,10000000,1040710
9323,53390837,合億資訊股份有限公司,臺中市太平區光華里大興路435號1樓,1000000,1040723
9324,53390891,豊禾股份有限公司,臺中市南區國光里仁和路183號1樓,3000000,1040730
9329,53392737,翊睦建設有限公司,臺中市烏日區五光路157號,20000000,1040720
9331,53393362,原品實業股份有限公司,臺中市西區五權西路一段73號1樓,21000000,1040701
9333,53393530,祐成開發股份有限公司,臺中市東區立德街192號2樓,20000000,1040723
9339,53400223,絃澅國際影音有限公司,臺中市北屯區東山路一段220巷100號1樓,250000,1040729
9340,53401004,陽明國際實業有限公司,臺中市西屯區西墩里漢翔路519號1樓,1000000,1040720
9341,53401308,玉峰有限公司,臺中市西屯區大隆路167號2樓,500000,1040723
9351,53405199,源崑吉工業有限公司,臺中市大里區仁化里工業八路50號,10000000,1040716
9353,53405677,寬吉木業有限公司,臺中市北屯區安順東五街43號1樓,1000000,1040714
9357,53407801,今景建設有限公司,臺中市北區大義街107號1樓,6800000,1040728
9358,53408301,大恆光電科技股份有限公司,臺中市豐原區北湳里圓環北路二段100號,2000000,1040703
9451,53469313,帕朗圖酒坊有限公司,臺中市豐原區信義街158號1樓,250000,1040731
9455,53470395,鈞莉有限公司,臺中市霧峰區坑口里仁德巷12弄39號,2060000,1040728
9460,53473914,澄攝實業有限公司,臺中市北區博館路66號1樓,300000,1040703
9463,53475217,新富國際實業有限公司,臺中市北屯區東山路一段192巷5弄1號1樓,2000000,1040702
9470,53479001,連福能源股份有限公司,臺中市西區華美西街一段66號1樓,1717000,1040727
9477,53483005,亮奕企業有限公司,臺中市北區進化北路378之39號2樓,1000000,1040729
9478,53483336,翔冠精密工業有限公司,臺中市烏日區北里里太明路成豐巷98-2號,1000000,1040727
9480,53484004,詠宇科技有限公司,臺中市神岡區岸裡里大洲路461號2樓,10000000,1040724
9483,53485881,九聯百貨有限公司,臺中市后里區后里里三豐路198號,500000,1040723
9500,53499528,宬品不動產有限公司,臺中市潭子區中山路二段295號1樓,600000,1040715
9507,53500840,敦偉建設有限公司,臺中市梧棲區永安里永興路一段559巷120之12號1樓,5000000,1040729
9517,53505471,多益禧實業有限公司,臺中市南屯區田心里大墩四街321號地下1層,500000,1040728
9519,53506041,榮美事業有限公司,臺中市西區五權五街151號5樓之2,2000000,1040730
9525,53509785,可捷貿易有限公司,臺中市西屯區市政北三路143號1樓,20000000,1040713
9532,53513417,萬寶來股份有限公司,臺中市西屯區大河一巷3弄28號1樓,15000000,1040706
9533,53514252,台銘國際開發有限公司,臺中市南屯區三厝里黎明東街160之16號1樓,7000000,1040730
9535,53515533,文才投資有限公司,臺中市西屯區工業區一路68號3樓之1,29500000,1040707
9536,53515631,廣達紡織科技股份有限公司,臺中市清水區南社里鰲新路145巷1號1樓,6000000,1040730
9538,53515891,眾富應用興業有限公司,臺中市龍井區忠和里台西南路228巷40弄2號1樓,2000000,1040722
9542,53516553,和萬文化事業有限公司,臺中市南屯區南屯里南屯路二段626號1樓,200000,1040721
9549,53518905,昱堂鑽石有限公司,臺中市西區忠明里中興街285巷11號1樓,1000000,1040716
9748,53600094,鑫華富汽車股份有限公司,臺中市潭子區大豐里崇德路五段485之2號,5000000,1040709
9749,53601262,宏瑋團膳有限公司,臺中市大肚區太平路8巷62之15號1樓,5000000,1040708
9753,53603368,緣隆貿易有限公司,臺中市西區昇平里向上路一段269號9樓之2,800000,1040717
9760,53606230,大正水電企業有限公司,臺中市大里區新仁里公教街17號1樓,1000000,1040717
9762,53607738,駐宅股份有限公司,臺中市西屯區櫻城五街32號1樓,42000000,1040708
9770,53612057,亞士通電工科技有限公司,臺中市西屯區何安里西屯路二段吉本巷5號1樓,7000000,1040707
9774,53613350,育強室內裝修工程有限公司,臺中市北區長青里武漢街88號1樓,3000000,1040722
9778,53616032,彩新健康事業股份有限公司,臺中市南屯區精誠路732號1樓,210000000,1040715
9780,53616384,百納水資源股份有限公司,臺中市西屯區工業區31路18之1號,29000000,1040721
9789,53621984,藝鑫行銷有限公司,臺中市北屯區松勇里北屯路471巷18號1樓,6000000,1040728
9790,53622962,雲山企業有限公司,臺中市北屯區軍功里軍南二街33號1樓,3000000,1040710
9793,53623603,詰安企業有限公司,臺中市大里區立仁里甲堤二街1號,3000000,1040707
9795,53624125,馨羽有限公司,臺中市南屯區三義里河南路四段156號,1000000,1040729
9796,53624770,林本堂股份有限公司,臺中市中區自由路二段51號1樓,10000,1040728
9797,53624856,立祥宜泰企業股份有限公司,臺中市北屯區安順東八街40號地下室,2000000,1040706
9798,53626307,玄亨興業有限公司,臺中市東勢區東關路566之12號,7500000,1040721
9802,53631815,龍馬精密科技股份有限公司,臺中市潭子區東寶里雅潭路二段395之1號,28200000,1040722
9803,53631907,摩根國際顧問有限公司,臺中市北區進化北路392-2號3樓之2,500000,1040716
9807,53634518,允成新興企業有限公司,臺中市大甲區西岐里順帆路41號,1000000,1040714
9808,53635919,松茂投資股份有限公司,臺中市西區臺灣大道二段307號4樓,35000000,1040701
9809,53636375,鑫園國際有限公司,臺中市西區民權路219號5樓之6,6300000,1040701
9810,53636728,宏福商貿有限公司,臺中市西屯區西平南巷3之10號1樓,1000000,1040721
9812,53637254,寰聖國際實業股份有限公司,臺中市南區忠明南路760號20樓,301200000,1040717
9816,53637938,艾爾文企業有限公司,臺中市南屯區三義里黎明路二段428號13樓之5,6000000,1040703
9817,53638177,晶鴻機電有限公司,臺中市北屯區水景里軍福九路423號1樓,12000000,1040706
9818,53638465,嘉程國際有限公司,臺中市沙鹿區竹林里中山路26之8號,200000,1040729
9821,53640716,鴻源環保有限公司,臺中市大甲區中山里水源路452巷125號1樓,2000000,1040729
9837,53653042,香港商香港康協貿易有限公司,臺中市西區昇平里忠明南路303號15樓之2,1000000,1040723
9862,53673194,貝里斯商香榭麗舍國際股份有限公司,臺中市南屯區大墩六街232號15樓之5,500000,1040722
9869,53677261,荷蘭商希諾德有限公司,臺中市南屯區大墩十一街338號7樓之2,500000,1040728
10021,53741974,東潁生技股份有限公司,臺中市西區忠明南路303號18樓之3,12325600,1040707
10051,53756650,禮得實業股份有限公司,臺中市南屯區大墩路787號2樓,1000000,1040720
10116,53781270,大心生命事業有限公司,臺中市北屯區崇德路二段51號4樓之3,1000000,1040710
10117,53782550,弘彬展業有限公司,臺中市大里區新仁里新仁路一段105巷28號1樓,500000,1040723
10118,53783571,尚懋股份有限公司,臺中市龍井區山腳里龍山街133號7樓,1750000,1040730
10119,53784804,醫緹國際有限公司,臺中市西屯區青海路一段54號2樓,5000000,1040723
10121,53785851,佑達生技股份有限公司,臺中市中區綠川里臺灣大道一段31號10樓之6,1010000,1040716
10122,53786155,金帝盛股份有限公司,臺中市西屯區何福里寧夏東二街2之1號1樓,5000000,1040715
10127,53789370,喬苡事業有限公司,臺中市西屯區何德里寧夏西七街10號2樓,50000,1040708
10128,53789435,麥斯可米有限公司,臺中市霧峰區吉峰里吉峰路88之1號,500000,1040720
10134,53791404,資躍貿易有限公司,臺中市西區忠誠里忠義街63號1樓,1000000,1040702
10135,53791951,日勝建設有限公司,臺中市龍井區田中里龍北路58號1樓,6000000,1040728
10140,53794535,普惠得科技有限公司,臺中市大安區西安里大安港路926號,3000000,1040705
10142,53795020,佳樹國際有限公司,臺中市豐原區南陽里圓環東路230巷18號1樓,600000,1040728
10146,53797385,凱毅節能有限公司,臺中市大里區東明路147巷107-4號,500000,1040701
10149,53798552,總潤開發有限公司,臺中市東區十甲里自由路四段236巷2弄4號,7000000,1040730
10150,53798589,鈞豪有限公司,臺中市大里區草堤路158巷13弄臨12號1樓,10000000,1040720
10165,53806286,亞里士精密企業有限公司,臺中市大雅區員林里神林路一段529號,5000000,1040701
10168,53806672,傑崴生醫科技有限公司,臺中市北區頂厝里北興街296巷5號3樓之3,30000000,1040731
10169,53806862,超威力科技行銷有限公司,臺中市北區長青里漢口路三段189號7樓,500000,1040701
10172,53807594,鼎富開發事業股份有限公司,臺中市南屯區文心里文心路一段274號21樓,1000000,1040707
10174,53808094,大亞建設實業有限公司,臺中市東區樂成里旱溪西路一段280號1樓,12500000,1040730
10175,53808910,鎵禾建設開發股份有限公司,臺中市豐原區北陽里中陽東街68號1樓,10000000,1040702
10178,53811083,豐泰國際營造股份有限公司,臺中市南屯區大墩二街182號1樓,15000000,1040724
10180,53811464,欣福利有限公司,臺中市中區綠川里綠川西街181號1樓,2000000,1040707
10181,53811485,東敞布業有限公司,臺中市清水區南社里民和路二段236號,1000000,1040723
10183,53812301,伊勢舍建設開發有限公司,臺中市北區健行里健行路906巷17號1樓,2500000,1040703
10189,53815399,仕大精密有限公司,臺中市潭子區聚興里潭興路興豐山莊東三巷9號2樓,1800000,1040715
10190,53816209,沅喆開發股份有限公司,臺中市西區臺灣大道二段412號19樓之5,55000000,1040727
10193,53817951,源慶投資顧問股份有限公司,臺中市豐原區中山里復興路87號2樓,20000000,1040707
10194,53818728,合盛興實業有限公司,臺中市東區大智路427號7樓之1,2000000,1040702
10195,53818902,鎮順科技股份有限公司,臺中市霧峰區北柳里四德路335之1號,7200000,1040730
10197,53819629,泓陞工業股份有限公司,臺中市東區十甲東路499號1樓,1500000,1040717
10198,53819959,網眼科技股份有限公司,臺中市西屯區惠來里市政路500號24樓之8,600000,1040722
10199,53819965,心田有限公司,臺中市中區中山路72號1樓,30000000,1040714
10201,53820843,金銳鋸業有限公司,臺中市豐原區豐原里豐中路32巷20號1樓,500000,1040713
10208,53823757,瑪雅國際貿易股份有限公司,臺中市南屯區向心里向心南路954號1樓,54500000,1040707
10211,53827108,萬合營造有限公司,臺中市霧峰區峰谷路47號,6600000,1040729
10217,53830531,台灣伊原科技股份有限公司,臺中市西區忠誠里明義街79號1樓2樓,10000000,1040709
10218,53830589,這一鍋餐飲股份有限公司,臺中市南屯區工業區23路35號2樓,255000000,1040706
10221,53832741,統聯聯合巴士股份有限公司,臺中市中區建國路145號,52000000,1040724
10222,53832897,泰御建設股份有限公司,臺中市南屯區精科三路3號3樓,60000000,1040729
10224,53833609,三川事業有限公司,臺中市北屯區軍功里東山路一段238巷37號1樓,1200000,1040717
10227,53834213,奧美肯貿易有限公司,臺中市北屯區平心里熱河路二段200號3樓之2,200000,1040709
10236,53839126,啟綾國際工程有限公司,臺中市西屯區福聯里福順路869號,3000000,1040709
10240,53840361,上順有限公司,臺中市南屯區永春路11之9號,2020000,1040728
10247,53843037,宇聖國際創研有限公司,臺中市南區西川里崇倫北街19巷29號1樓,1000000,1040708
10248,53843374,達欣實業有限公司,臺中市東勢區南平里第三橫街18號1樓,5000000,1040715
10253,53847483,易展數位科技股份有限公司,臺中市西區忠明南路270號10樓之2,2000000,1040724
10258,53849216,順堂建設股份有限公司,臺中市大里區新芳路38號1樓,20000000,1040729
10260,53850557,鴻億精密股份有限公司,臺中市潭子區潭陽里潭興路二段86號,1000000,1040731
10261,53850992,騎士公寓大廈管理維護有限公司,臺中市北屯區平陽里安順東二街69號1樓,10000000,1040706
10262,53851134,慶峰股份有限公司,臺中市龍井區沙田路六段203號2樓,10000000,1040722
10263,53851330,五八五不動產有限公司,臺中市北屯區平心里旅順路二段122號1樓,1000000,1040701
10264,53851508,聚悅建設股份有限公司,臺中市西區華美西街一段137號4樓之4,20000000,1040707
10270,53853800,安新租賃有限公司,臺中市西屯區漢成四街8之4號,10000000,1040724
10277,53856074,肆方網路科技有限公司,臺中市南區永興里高工路276號7樓,600000,1040706
10280,53857236,開泰建設有限公司,臺中市北屯區舊社里北屯路439之17巷8號1樓,5000000,1040709
10283,53858740,舍利寶股份有限公司,臺中市霧峰區本堂里26鄰林森路701號,5000000,1040717
10287,53862028,大運建設股份有限公司,臺中市西屯區臺灣大道四段847號6樓之2,25000000,1040715
10291,53863384,果氏國際企業有限公司,臺中市南屯區大墩五街350號2樓,5000000,1040707
10292,53863899,東螣興業有限公司,臺中市大雅區大雅里大榮街157號2樓,500000,1040727
10296,53865616,盛得企業有限公司,臺中市后里區太平里公館路10之5號1樓,5000000,1040717
10298,53865806,點石綠能科技股份有限公司,臺中市烏日區溪南路二段270巷100弄65號,1000000,1040706
10300,53867868,維津生技有限公司,臺中市潭子區東寶里昌平路三段168巷37號,250000,1040727
10306,53870913,立翔嘉泰股份有限公司,臺中市北屯區平心里安順東八街40號地下室,1000000,1040706
10308,53871223,哈林投資股份有限公司,臺中市龍井區忠和里西濱路三段213號1樓,29600000,1040702
10309,53871309,優力創意行銷有限公司,臺中市西屯區永安里安林路3之19號1樓,500000,1040703
10318,53875918,福容投資股份有限公司,臺中市北區淡溝里美德街466號1樓,18000000,1040710
10322,53877985,元堡資產管理有限公司,臺中市北屯區平和里文心路四段277號2樓,2500000,1040713
10451,53933142,台灣高岳電機股份有限公司,臺中市大雅區科雅路48號1樓,60000000,1040721
10517,53960365,鼎霖醫療器材有限公司,臺中市北屯區平安里文心路四段696號8樓之2,20000000,1040716
10518,53960554,亞洲生化科技股份有限公司,臺中市北區太原路二段66號4樓,25000000,1040703
10522,53961723,高昀開發股份有限公司,臺中市南屯區寶山里五權西路三段123號3樓,3160000,1040711
10524,53963193,福雨自來有限公司,臺中市西區大忠里五權五街246巷15弄38號1樓,3010000,1040723
10526,53964828,樸實創意設計有限公司,臺中市南區南門路59巷65弄11號1樓,5000000,1040705
10528,53964989,奕川精密股份有限公司,臺中市霧峰區吉峰路67巷2弄1號1樓,10000000,1040714
10537,53969696,尚威國際開發股份有限公司,臺中市西屯區何安里臺灣大道二段898號4樓,25000000,1040727
10539,53970602,三優力建築事業股份有限公司,臺中市西屯區永安里安林路3之19號1樓,50000000,1040702
10546,53974950,宇泰國際實業有限公司,臺中市南屯區同心里文心路一段46之9號1樓,5000000,1040701
10547,53976373,永宏宜企業有限公司,臺中市大甲區西崎里順帆路25巷5之2號,5588000,1040723
10549,53977149,永旭瓦斯器具有限公司,臺中市西屯區何源里成都路320號1樓,6000000,1040708
10551,53977632,昌磊貿易有限公司,臺中市西屯區何成里大容西街51號3樓之2,1000000,1040727
10557,53979977,蓮旺食品股份有限公司,臺中市龍井區新東里新興路1巷1號,30000000,1040723
10567,53985274,鑫捷工業有限公司,臺中市龍井區龍崗里沙田路四段598巷50號1樓,2700000,1040721
10568,53985387,臻陽建設股份有限公司,臺中市西區三民里三民路一段170號6樓之1,3000000,1040708
10569,53986560,和潤生金股份有限公司,臺中市西屯區林厝里中科路1151號1樓,100000000,1040720
10574,53988981,永承新國際企業有限公司,臺中市西屯區台中港路三段97號12樓之3,12000000,1040720
10575,53989172,笠凱有限公司,臺中市北屯區平興里遼寧路一段160巷40號4樓,250000,1040708
10578,53991584,侑鋒實業有限公司,臺中市大安區福住里東西五路一段432號1樓,1000000,1040717
10580,53991748,岱爾室內裝修設計有限公司,臺中市南屯區大誠里11鄰大墩一街42號地下一層之26,800000,1040717
10583,53992768,圖斯特國際行銷有限公司,臺中市大里區塗城路852巷6弄32號1樓,3000000,1040727
10587,53993247,樂好市行銷有限公司,臺中市南屯區東興路二段180號2樓,500000,1040723
10589,53994745,臺中快捷巴士股份有限公司,臺中市西區民權路101號1樓,170000000,1040727
10590,53995420,巨雍建設有限公司,臺中市西屯區逢福里河南路二段262號8樓之2,5000000,1040707
10593,53999039,品沐股份有限公司,臺中市西區忠誠里華美西街一段161之2號4樓,5000000,1040720
10600,54001245,貝斯特無塵室工程有限公司,臺中市大甲區武曲里橫圳街215之3號1樓,5000000,1040707
10601,54001408,速茂榮企業有限公司,臺中市南屯區大誠里大墩二街93號1樓,5000000,1040722
10605,54003709,星月之星有限公司,臺中市后里區眉山里甲后路1024號,3000000,1040730
10607,54004046,大采廚房企業股份有限公司,臺中市西區土庫里美村路一段556號1樓,6000000,1040701
10608,54004518,晶宇股份有限公司,臺中市大雅區雅楓里德勝路137巷11號1樓,2500000,1040723
10610,54005208,福碩管理顧問股份有限公司,臺中市烏日區長春街131號1樓,24000000,1040714
10615,54007521,全新有限公司,臺中市北屯區文心路四段698號14樓之1,500000,1040721
10751,54068619,耀翔環保有限公司,臺中市霧峰區北勢里丁台路721-1號,200000,1040730
10756,54069693,和椿潤滑軸承有限公司,臺中市豐原區豐圳里成功路622號6樓,5000000,1040729
10814,54089585,富瑞昇實業股份有限公司,臺中市西區土庫里五權西五街88巷44號1樓,16000000,1040720
10815,54090577,菁饌生技股份有限公司,臺中市豐原區三村里豐原大道一段643號1樓,10000000,1040706
10817,54092505,山琳有限公司,臺中市南區崇倫里三民西路285號1樓,12000000,1040717
10822,54096397,松頂嵐月有限公司,臺中市南區和平里忠明南路758號8樓,1000000,1040724
10823,54096740,環宇數位有限公司,臺中市霧峰區五福里五福路388號,8000000,1040706
10824,54096896,佳震工程有限公司,臺中市北區賴村里德化街395號1樓,500000,1040703
10827,54098120,柏普恩資訊有限公司,臺中市西屯區工業區一路68號3樓之1,1000000,1040707
10830,54099599,棠帷國際投資股份有限公司,臺中市西屯區臺灣大道二段756號1樓,75946930,1040720
10833,54100982,富麗農業科技股份有限公司,臺中市大里區大元里大衛路26號1樓,10000000,1040729
10837,54102573,原傳食品有限公司,臺中市西屯區宏福五巷24號4樓之2,1000000,1040715
10838,54102709,東昌興有限公司,臺中市烏日區東園里溪南路一段238巷138之7號,7400000,1040716
10844,54105375,園丞有限公司,臺中市西屯區至善里至善路121巷9號1樓,50000,1040727
10849,54108295,鮮福農產企業有限公司,臺中市南屯區中和里黎明路一段37巷3弄27號1樓,3000000,1040702
10850,54108491,圓柏投資有限公司,臺中市外埔區水美里水美路仁美巷66號1樓,3000000,1040704
10851,54108788,格橘設計有限公司,臺中市南屯區大墩十七街127號1樓,1000000,1040720
10852,54109506,青見設計事業有限公司,臺中市西屯區河南路二段262號10樓之5,1000000,1040706
10853,54110736,悠克拉席有限公司,臺中市北區進化路575號9樓之1,1000000,1040701
10856,54111340,尚洋精雕實業有限公司,臺中市南屯區文山三街166號1樓,5000000,1040724
10857,54111685,泳展新有限公司,臺中市大安區龜壳里中松路273之1號,20000000,1040708
10858,54112734,良星貿易有限公司,臺中市北區頂厝里崇德路一段629號19樓之2,500000,1040702
10859,54113179,聚德企業管理顧問股份有限公司,臺中市西區中興里中興街183號9樓之2,2000000,1040724
10864,54116422,富苑有限公司,臺中市西屯區青海路二段318號1樓,2000000,1040731
10868,54118667,高易自動化有限公司,臺中市大雅區四德里雅環路一段106巷10之11號1樓,1000000,1040715
10870,54120299,盛安機械工程有限公司,臺中市大里區新仁里公教街17號1樓,1000000,1040717
10872,54121419,黛麗兒有限公司,臺中市大里區大元里國光路一段159巷11之9號,5000000,1040720
10873,54121537,和昭企業有限公司,臺中市南屯區向心里文心南三路306號2樓,1000000,1040723
10874,54121924,宥禕有限公司,臺中市太平區建興里鵬儀路342巷2號,3000000,1040715
10875,54122424,丞威資訊科技有限公司,臺中市西區吉龍里五權五街151號4樓之4,200000,1040722
10876,54122923,久大行銷顧問股份有限公司,臺中市西屯區文心路三段241號17樓之5,17231110,1040716
10878,54123325,鎂瑞股份有限公司,臺中市東區精武路217巷80號6樓,2000000,1040707
10880,54124936,璟綻科技股份有限公司,臺中市北屯區后庄北路152號1樓,3000000,1040707
10887,54128638,禾盛建設有限公司,臺中市西屯區何成里文心路二段566之16號21樓之1,26000000,1040701
10890,54129881,金富豪實業有限公司,臺中市北屯區和平里和祥街205巷106號1樓,3000000,1040727
10902,54137242,久信建設有限公司,臺中市北屯區東山路一段503巷36弄8號1樓,10000000,1040730
10903,54137313,登御股份有限公司,臺中市西區臺灣大道二段489號20樓之1,40010000,1040717
10904,54137989,富安土地開發股份有限公司,臺中市西屯區臺灣大道二段910號4樓之6,45000000,1040707
10948,54162396,台灣納美仕電子材料股份有限公司,臺中市北區臺灣大道二段360號10樓之3,16000000,1040706
11102,54219285,和中汽車股份有限公司,臺中市南區復興路一段289號,88536000,1040721
11105,54221120,仟越消防科技有限公司,臺中市清水區清水里星海三街119號1樓,2000000,1040715
11106,54222508,益盛科技有限公司,臺中市南屯區文山里寶山二街42-5號1樓,3000000,1040730
11111,54225081,雅沐貿易有限公司,臺中市東區東信里十甲東路406巷40弄1之1號1樓,5000000,1040702
11113,54226292,慶合成產品實業有限公司,臺中市大雅區二和里雅潭路四段600巷55弄3號1樓,1100000,1040727
11117,54227953,阿釩達實業有限公司,臺中市豐原區社皮里大豐路五段21號,2000000,1040709
11118,54228720,久禾食品有限公司,臺中市烏日區前竹里光明路157巷62弄10號,1000000,1040706
11120,54229973,草悟股份有限公司,臺中市西區英才路534號,29800000,1040727
11121,54230205,華藏旅行社有限公司,臺中市北區原子街50號1樓,6000000,1040713
11122,54230866,鴻築實業有限公司,臺中市西屯區惠來里市政路500號7樓之2,3000000,1040702
11123,54231416,盛興順意國際開發有限公司,臺中市大里區愛心路3號1樓,5000000,1040706
11127,54232891,杰穗企業管理顧問股份有限公司,臺中市東區東英六街6號1樓,2500000,1040701
11130,54233929,裕洋聯運股份有限公司,臺中市北區博館路89號6樓之1,7500000,1040703
11133,54236502,愛地球國際事業有限公司,臺中市北區明德里太原南二街155號1樓,1000000,1040721
11138,54238190,水之源企業股份有限公司,臺中市西屯區市政南一路12號3樓之2,78000000,1040713
11139,54238425,星智得綠能源股份有限公司,臺中市豐原區豐西里豐西街128號,200000,1040730
11141,54238754,熊泰營造有限公司,臺中市北屯區東山路一段503巷36弄8號1樓,3000000,1040729
11145,54242413,揚城開發建設有限公司,臺中市北屯區崇德路二段130號7樓,3000000,1040701
11146,54242770,吉銳杶工程有限公司,臺中市西屯區大墩十八街189號3樓之1,1000000,1040707
11147,54242841,朝陽生命服務有限公司,臺中市北區文莊里中清路一段89號3樓,1000000,1040730
11148,54242912,永安立環境維護有限公司,臺中市南屯區五權五街397號1樓,1000000,1040730
11149,54242976,雅豐房屋有限公司,臺中市大雅區雅環路一段322號1樓,3000000,1040727
11150,54243187,史威技漁具設計有限公司,臺中市潭子區中山路三段11號,4000000,1040717
11154,54245241,萬通汽車有限公司,臺中市西屯區港尾里環中路一段2280號1樓,5000000,1040723
11156,54245517,雙喜國際有限公司,臺中市清水區南社里中正北街97巷9號,3000000,1040720
11157,54246023,宏為科技開發有限公司,臺中市南屯區同心里南屯路二段258之1號5樓,2000000,1040708
11159,54246614,晟銘小客車租賃有限公司,臺中市北區興進路126號1樓,5000000,1040704
11160,54247249,阿波羅精機股份有限公司,臺中市大里區西湖里草堤路101巷18號,5000000,1040720
11163,54247439,誠偉鋼鐵科技有限公司,臺中市大里區瑞城里向學路62巷43號1樓,8000000,1040729
11166,54248346,喜客實業股份有限公司,臺中市西區土庫里五權一街99號,4932000,1040722
11170,54248649,立德實業有限公司,臺中市南區樹德里復興北路361號3樓之2,2200000,1040731
11174,54249632,宜翊室內裝修設計有限公司,臺中市北區文莊里12鄰中清路一段25巷7號3樓,1000000,1040722
11178,54251664,海旺國際股份有限公司,臺中市大里區金城里向學路59巷24號6樓,5000000,1040720
11182,54253261,廣築網路開發有限公司,臺中市大里區樹王里福德路86-1號1樓,1000000,1040727
11183,54253966,鑫鴻福廚具有限公司,臺中市北屯區四民里后庄路877號1樓,1000000,1040723
11186,54255155,俐興不動產經紀有限公司,臺中市南屯區東興路二段6號1樓,1000000,1040717
11188,54255486,圓城資產管理有限公司,臺中市北區陝西東二街38號2樓之9,2000000,1040701
11189,54256464,創意數位有限公司,臺中市豐原區豐榮里三豐路158號1樓,2000000,1040714
11190,54256534,晉達多媒體科技有限公司,臺中市南屯區三義里市政南二路161號,5600000,1040708
11191,54256627,樹王生物科技股份有限公司,臺中市北屯區文心路三段447號29樓,10000000,1040709
11192,54257512,青鋒精密工業股份有限公司,臺中市東區東門南街51巷22號1樓,6400000,1040710
11194,54258202,庫機國際開發股份有限公司,臺中市西屯區大鵬里文心路三段241號8樓之2,5000000,1040709
11197,54259146,新格生技股份有限公司,臺中市北屯區文心路四段955號12樓之5,10000000,1040710
11198,54259666,叁陸零數位科技有限公司,臺中市西屯區潮洋里市政北二路236號14樓之5、14樓之6,200000,1040714
11201,54261614,宣品建設有限公司,臺中市梧棲區大庄里中央路一段707號1樓,25000000,1040728
11202,54261868,敦泰開發建設企業有限公司,臺中市西屯區市政路386號16樓之1,100000000,1040717
11203,54262732,昱誠不動產有限公司,臺中市北屯區平和里文心路四段277號1樓,2500000,1040714
11205,54263211,冠翰科技股份有限公司,臺中市南屯區惠中里大墩11街338號5樓之1,5000000,1040702
11208,54263795,鼎強浪板有限公司,臺中市南區崇倫里忠明南路730巷58之1號1樓,5000000,1040723
11211,54265061,杉益有限公司,臺中市北屯區松竹里崇德二路二段40號1樓,1000000,1040723
11212,54266245,富樂康國際有限公司,臺中市北區長青里陝西東三街43號1樓,200000,1040717
11217,54267666,緩慢文旅股份有限公司,臺中市西屯區潮洋里朝富路232號3樓,15000000,1040702
11514,54396937,澳洲商艾萊門窗股份有限公司,臺中市西屯區市政路500號11樓之1,5550000,1040701
11520,54399266,圓夢建設企業股份有限公司,臺中市西屯區臺灣大道三段658號19樓之3,7500000,1040721
11521,54399553,宇鴻國際興業有限公司,臺中市北屯區昌平路二段4巷2弄27號1樓,1000000,1040707
11525,54500220,順陽整合工業有限公司,臺中市東區信義街250號1樓,1000000,1040702
11530,54502418,保訊企業有限公司,臺中市大雅區橫山里永和路101-13號1樓,600000,1040708
11533,54503248,陽陞企業有限公司,臺中市豐原區豐勢路一段326號,1000000,1040727
11752,54579648,崧展精機有限公司,臺中市龍井區向上路六段443號,5000000,1040707
11753,54580666,聖富國際股份有限公司,臺中市南區大慶街一段301號1樓,1000000,1040717
11754,54581285,豐譽有限公司,臺中市南屯區公益路二段61號6樓之1,1000000,1040708
11755,54581601,金松科技有限公司,臺中市北屯區綏遠路二段15巷9-1號,200000,1040724
11756,54581905,潔邑柔包裝設計有限公司,臺中市大甲區庄美里大安港路293巷2號,50000,1040716
11757,54582030,台灣順發針車設備有限公司,臺中市北屯區建和路二段79號1樓,10000000,1040714
11758,54585775,隆禾工程有限公司,臺中市霧峰區蘭生街62號4樓,300000,1040727
11759,54586964,台灣筆業股份有限公司,臺中市大甲區武曲里大安港路116巷13號2樓,32000000,1040729
11760,54587669,永續雲端有限公司,臺中市西屯區福恩里工業區一路2巷3號10樓之6,3000000,1040727
11761,54588013,詠縉鋼鋁有限公司,臺中市烏日區溪埧里環中路八段680巷3號,1000000,1040721
11762,54588766,杰祥有限公司,臺中市南屯區同心里文心路一段186號18樓之9,1500000,1040729
11763,54588891,律達顧問有限公司,臺中市北屯區平安里崇德路二段28號19樓,200000,1040701
11764,54589548,旭日東見文創娛樂事業股份有限公司,臺中市西區大忠里忠明南路270號18樓之4,30100000,1040701
11766,54589884,青騰工程有限公司,臺中市烏日區北里里太明路290巷12號1樓,4200000,1040708
11767,54590138,爾雅生化科技有限公司,臺中市西區中興里中興街199號2樓之2,500000,1040703
11768,54590159,睿康生醫股份有限公司,臺中市西屯區何德里漢口路二段151號11樓之5、11樓之6,22570000,1040714
11770,54590587,萬和家不動產有限公司,臺中市南屯區向心里南屯路二段349號1樓,500000,1040729
11771,54590616,藍海精密工業有限公司,臺中市沙鹿區鹿寮里福德路62號1樓,13000000,1040720
11772,54591256,明星徵信有限公司,臺中市清水區橋頭里民治東路271巷33號1樓,1000000,1040714
11773,54591538,京贊投資股份有限公司,臺中市西屯區臺灣大道三段660號13樓之2,95000000,1040720
11774,54591559,凱橙國際有限公司,臺中市西區昇平里向上路一段79巷8號19樓,300000,1040731
11775,54591761,三個傻瓜股份有限公司,臺中市西屯區福林里西屯路三段179號1樓,7000000,1040703
11776,54591777,鈞揚精密有限公司,臺中市大雅區忠義里東大路二段1099巷7號1樓,1000000,1040716
11777,54591827,雋業科技有限公司,臺中市大甲區日南里東二街22號,80000000,1040706
11778,54592136,韓亞貿易有限公司,臺中市西屯區港尾里中康街144號1樓,4000000,1040713
11779,54592924,耀揚食品有限公司,臺中市西屯區福雅里福順路255巷18號1樓,4500000,1040721
11780,54592939,邦城科技股份有限公司,臺中市西屯區福和里臺灣大道四段847號11樓,12000000,1040723
11781,54593402,旭原興業有限公司,臺中市南屯區文心南七路26號1樓,6000000,1040702
11782,54593655,承灃建設股份有限公司,臺中市南區崇倫里忠明南路730巷24之4號1樓,10000000,1040728
11783,54594079,鈞登國際貿易有限公司,臺中市北屯區松明街27巷30號1樓,5000000,1040728
11784,54594248,鼎鑫企業管理顧問有限公司,臺中市西區吉龍里五權五街151號8樓之3,1000000,1040730
11785,54594303,協全工業有限公司,臺中市烏日區溪南路三段32號1樓,300000,1040727
11786,54594747,富昇科技有限公司,臺中市豐原區西安里圓環南路128號1樓,500000,1040706
11787,54594789,上睿金屬建材有限公司,臺中市沙鹿區鹿峰里中山路中峰巷1號1樓,2000000,1040706
11788,54595210,亞興人力仲介有限公司,臺中市南區工學里大慶街一段130巷14號1樓,5000000,1040721
11789,54595767,寶基科技股份有限公司,臺中市南屯區大業里公益路二段1號2樓,12000000,1040710
11790,54597553,愛斯精品國際有限公司,臺中市西區昇平里向上路一段89號1樓,2000000,1040708
11791,54599074,龍興不動產仲介有限公司,臺中市清水區南社里民和路二段260號1樓,500000,1040702
11792,54599742,皮馬士有限公司,臺中市北區太原路二段17號1樓,2000000,1040706
11793,54599927,銳昇興業有限公司,臺中市神岡區溪洲里民權路8之1號,9000000,1040728
11794,54600277,振順開發有限公司,臺中市西區後龍里五權路105號,179800000,1040715
11795,54600804,智富國際股份有限公司,臺中市南屯區大誠里五權西路二段131號10樓之2,5500000,1040720
11796,54600810,弘昌有限公司,臺中市烏日區東園里溪南路一段682巷276號1樓,100000,1040706
11798,54602325,米羅生活科技開發有限公司,臺中市北屯區松茂里松山街158號1樓,10000000,1040730
11799,54602599,白日夢創意開發股份有限公司,臺中市太平區坪林里坪林路36-3號1樓,500000,1040713
11800,54603464,迎加有限公司,臺中市東區東英路40號1樓,500000,1040722
11801,54604772,立德欣業有限公司,臺中市東區新庄里立德街49號1樓,2000000,1040701
11802,54605287,勝懋國際企業有限公司,臺中市西屯區惠來路三段198之5號2樓之1,1000000,1040708
11803,54605511,奕鋇國際貿易有限公司,臺中市南屯區大業里大墩路726號2樓,2000000,1040701
11804,54606286,樺媁有限公司,臺中市北區明德里太原路1段490號11樓之3,40000000,1040715
11805,54606624,樹璽文化創藝有限公司,臺中市東區振興路412巷50號3樓,2000000,1040707
11806,54606841,歐地實業有限公司,臺中市西區五權西四街170號,3000000,1040729
11807,54607193,福植田有限公司,臺中市太平區新興里新福路1148號1樓,3000000,1040722
11808,54608215,大旺國際實業股份有限公司,臺中市西屯區臺灣大道三段660號18樓之5,15000000,1040706
11809,54608496,富聖實業有限公司,臺中市沙鹿區六路里南陽路335號,250000,1040717
11810,54608622,柏德科技有限公司,臺中市北屯區平順里大連路三段16號5樓之1,5000000,1040713
11811,54608756,飛冠有限公司,臺中市東勢區隆興里東坑路東福巷55號1樓,200000,1040722
11812,54608783,立鵬有限公司,臺中市大雅區西寶里雅潭路三段412巷65弄16號1樓,5000000,1040722
11813,54608854,志光教育科技股份有限公司,臺中市中區綠川里綠川東街32號3樓之3,151690000,1040727
11814,54608876,艾爾絲生技股份有限公司,臺中市西屯區潮洋里市政北二路238號24樓之5,2000000,1040731
11815,54609100,磊城開發國際股份有限公司,臺中市烏日區前竹里光明路262號,21000000,1040730
11816,54609158,康廷藝術創作團隊股份有限公司,臺中市北屯區和祥街210號1樓,6000000,1040714
12184,54739265,嘟拿芝有限公司,臺中市西區藍興里樂群街270號13樓之7,500000,1040702
12185,54739700,達富工程有限公司,臺中市東區泉源里建成路340之1號1樓,2020000,1040717
12186,54740312,歐訓有限公司,臺中市大里區新仁里公教街60巷29號1樓,2000000,1040730
12187,54740333,歐肯妮有機生技有限公司,臺中市潭子區大豐里大豐路三段128號,1000000,1040723
12188,54740679,聯樺文教事業有限公司,臺中市大肚區遊園路二段203巷3弄40號1樓,1000000,1040721
12189,54740755,江生行企業有限公司,臺中市西區精誠五街10號2樓,5000000,1040713
12190,54741895,誼榕建設有限公司,臺中市烏日區仁德里文德街126號1樓,5000000,1040727
12191,54742043,麥克鴻業有限公司,臺中市豐原區豐原大道七段227號2樓,13800000,1040724
12192,54742418,八八八國際貿易股份有限公司,臺中市西屯區鵬程里文華路32號8樓之5,8500000,1040730
12193,54742472,康熙健康事業股份有限公司,臺中市西區精誠路307之1號3樓,4000000,1040710
12194,54742640,雷星光束股份有限公司,臺中市南屯區精科東路9號,1670000,1040710
12195,54742727,歐昇創意股份有限公司,臺中市烏日區前竹里中山路一段和平巷136號1樓,500000,1040720
12196,54742830,韓美國際企業股份有限公司,臺中市西區忠誠里精明一街70號2樓,1000000,1040728
12197,54742851,津通工程有限公司,臺中市南區樹德里大慶街二段11之5巷20號1樓,1000000,1040727
12198,54743057,歐萊亞股份有限公司,臺中市北區建成里東光五街15號1樓,1000000,1040703
12199,54743084,定昇衛浴有限公司,臺中市大里區永隆里國光路二段563號,1000000,1040717
12200,54743155,標網通訊有限公司,臺中市南屯區三和里黎明路二段363號1樓,500000,1040705
12201,54743514,瑞源商號股份有限公司,臺中市神岡區社口里中山路928號2樓,600000000,1040709
12202,54746462,大森展業有限公司,臺中市烏日區五光里五光路189巷112之2號,1000000,1040715
12203,54746977,利基開發建設股份有限公司,臺中市霧峰區甲寅里民生路166之2號1樓,8000000,1040726
12204,54747201,聯捷電通有限公司,臺中市東區東門里東門南街29號1樓,5000000,1040701
12205,54747259,友煜達營造有限公司,臺中市大里區金城里塗城路852巷9號1樓,5000000,1040707
12206,54747531,原心有限公司,臺中市西屯區至善路57號6樓之1,200000,1040707
12207,54747814,慈願有限公司,臺中市潭子區豐興路一段88號B1F,2000000,1040723
12208,54748530,上宸有限公司,臺中市北屯區后庄里后庄三街212巷6號,1000000,1040703
12209,54748601,時大工業有限公司,臺中市太平區大興二十二街140號,2036000,1040728
12210,54748692,東易芯清潔服務有限公司,臺中市太平區宜佳街9巷33號3樓,150000,1040715
12211,54749329,駿澔建設有限公司,臺中市北區漢口路三段1號,3000000,1040706
12212,54749355,申隆科技股份有限公司,臺中市北區太原八街71號2樓,10000000,1040724
12214,54749762,協晶有限公司,臺中市南屯區文心里大墩六街232號11樓之3,5000000,1040716
12215,54749947,台灣神農社會企業股份有限公司,臺中市西屯區科園路21號,20000000,1040716
12216,54750459,恩悅建設股份有限公司,臺中市北屯區平順里安順東十街12號,10000000,1040727
12217,54750697,樂荳有限公司,臺中市北區建興里學士路292巷24號一樓,200000,1040729
12218,54750752,和平工程有限公司,臺中市龍井區忠和里中央路三段71號1樓,10000000,1040721
12219,54750893,頤心堂有限公司,臺中市西屯區福雅里西屯路三段157巷15號1樓,3600000,1040720
12220,54751289,財佑機械實業股份有限公司,臺中市大里區大元里大衛路50之1號1樓,15000000,1040713
12221,54751422,德源鑫有限公司,臺中市大里區新里里新興路64號,2000000,1040723
12222,54752421,艾歐尼克斯亞洲先進材料股份有限公司,臺中市南屯區精科三路2號3樓,10000000,1040727
12223,54752695,澳美開發有限公司,臺中市北屯區平安里崇德路二段26號21樓,1000000,1040707
12224,54752718,潔昕管理顧問有限公司,臺中市西區忠誠里8鄰公益路174巷183號,1000000,1040730
12225,54752837,台榮建設股份有限公司,臺中市清水區秀水里中社路22之3號1樓,2000000,1040717
12226,54753152,立新國際股份有限公司,臺中市北屯區文心路四段955號18樓之3,500000,1040717
12227,54753195,新鴻觀實業有限公司,臺中市西屯區至善里青海路二段331號1樓,2000000,1040708
12228,54753505,麗晶文具有限公司,臺中市大里區塗城路827、829號,6000000,1040728
12229,54753771,剛業有限公司,臺中市大里區國中路489號1樓,2000000,1040720
12230,54753809,昱米潮流有限公司,臺中市豐原區中山里博愛街60巷49號1樓,5000000,1040702
12231,54753890,新雅生物科技有限公司,臺中市北屯區平昌里文心路四段934號地下一樓,3000000,1040722
12232,54753977,信阜不動產仲介經紀有限公司,臺中市西屯區惠來里河南路四段75號1樓,1000000,1040722
12233,54754602,立縈工程有限公司,臺中市大雅區大雅里26鄰中清東路117巷7號,300000,1040714
12234,54754835,裕東國際投資有限公司,臺中市西屯區文心路一段378號12樓之4,50000000,1040707
12235,54756518,捷侑人力派遣有限公司,臺中市東勢區福隆里東坑路506號1樓,1500000,1040701
12236,54756622,宏駿科技股份有限公司,臺中市南屯區文心路一段186號16樓之10,1250000,1040721
12237,54756691,飛梭精密股份有限公司,臺中市大里區健民里仁化工十路38號,74150000,1040701
12238,54756756,堂騰建築開發有限公司,臺中市南區福田二街22巷17號4樓,20000000,1040710
12239,54757122,創新冷凍食品有限公司,臺中市西屯區福林里西屯路三段179號1樓,1000000,1040703
12240,54757571,鼎寶全球股份有限公司,臺中市西屯區何成里大隆路167號2樓,2000000,1040715
12241,54759114,思賢投資顧問有限公司,臺中市南區復興路二段71巷52之5號7樓,1000000,1040728
12243,54759796,福氣工業股份有限公司,臺中市太平區中源街5巷11號1樓,12000000,1040710
12244,54760040,申鈦企業有限公司,臺中市西屯區何安里四川三街24號1樓,1000000,1040701
12245,54760153,元大汽車有限公司,臺中市西屯區福安里西屯路三段79-33號,5000000,1040714
12246,54760219,美安建設有限公司,臺中市大安區東安里中山南路79巷14弄8號1樓,6000000,1040714
12247,54760288,富信建設股份有限公司,臺中市南區新榮里信義南街109號11樓之3,34000000,1040701
12248,54760371,泰欣生物科技有限公司,臺中市潭子區和平路69巷12號,500000,1040703
12249,54760479,宏晨有限公司,臺中市大里區東湖里長春路115巷35弄9號5樓,7000000,1040709
12250,54760816,和億生活股份有限公司,臺中市西屯區臺灣大道四段998號2樓,40000000,1040728
12251,54760999,德合鋼鐵股份有限公司,臺中市西屯區福恩里工業區一路66之2號1樓,1000000,1040722
12252,54761174,有羽工程有限公司,臺中市太平區中政里永平南路40巷5號3樓之28,300000,1040729
12253,54762005,盛偉國際科技有限公司,臺中市西區公館里三民西路98之1號1樓,1000000,1040728
12254,54762547,京喬企業有限公司,臺中市豐原區西安里成功路240號1樓,1000000,1040720
12256,54762841,相達材料股份有限公司,臺中市大雅區民生路三段313巷41號4樓,1916045140,1040729
12257,54763187,繁星創意整合國際有限公司,臺中市北區民龍里臺灣大道二段181號11樓之11,40000,1040721
12258,54763834,立綸餐飲有限公司,臺中市西區安龍里民權路185號7樓之1,1000000,1040720
12259,54763969,嘉越科技有限公司,臺中市南屯區惠中里大英街375號,5000000,1040715
12260,54764290,天合工業有限公司,臺中市西區双龍里英才路501號6樓,1000000,1040701
12261,54764876,辰宇國際企業股份有限公司,臺中市大里區金城里16鄰上興街一段35號,460000000,1040730
12262,54764897,柏竣生技有限公司,臺中市太平區聖和里長龍路一段60號1樓,7000000,1040721
12263,54765875,精實物業管理顧問有限公司,臺中市中區平等街1號7樓,1000000,1040730
12264,54766017,台灣史密斯工業股份有限公司,臺中市霧峰區豐正路工業巷10號,29300000,1040709
12265,54766522,紘禎工程有限公司,臺中市沙鹿區三鹿里保安路22號,500000,1040707
12266,54766656,益隆科技有限公司,臺中市大肚區頂街里大明三街52巷6號1樓,3300000,1040728
12267,54766706,威昌光電有限公司,臺中市太平區樹孝路321巷11號2樓,5000000,1040702
12268,54766993,元樺營造工程有限公司,臺中市北屯區松茂里松山街158號1樓,3000000,1040731
12269,54767450,嘉履美食有限公司,臺中市龍井區新東里新興路東興巷4號,6000000,1040724
12270,54767493,承毅國際企業有限公司,臺中市西區公民里五權路1之67號5樓,1000000,1040727
12271,54767629,德瑞實業有限公司,臺中市西屯區港尾里中清路二段1298號2樓,100000,1040728
12273,54768009,上鼎邑國際企業有限公司,臺中市南屯區南屯里河南路四段690巷3號5樓,3000000,1040706
12274,54768198,永續事業股份有限公司,臺中市南屯區公益路二段871號3樓,80000000,1040730
12275,54768394,上鼎管理顧問有限公司,臺中市西區忠明里臺灣大道二段482巷50號一樓,1000000,1040701
12276,54768676,金鴻興科技工程有限公司,臺中市西屯區朝貴一街98號,10000000,1040724
12277,54768937,和庭豐有限公司,臺中市北屯區和祥五街32號1樓,600000,1040708
12278,54768970,展裕建設有限公司,臺中市外埔區大同里18鄰甲后路243號1樓,10000000,1040729
12279,54769020,西岸國際貿易有限公司,臺中市南屯區大同里大昌街112巷5號1樓,5000000,1040730
12280,54769035,音象管理顧問股份有限公司,臺中市西區民龍里臺灣大道二段239號13樓,500000,1040721
12281,54769133,海峽互信國際貿易股份有限公司,臺中市西區臺灣大道二段309號11樓之1,5882000,1040730
12308,54777393,蕎依萊芙有限公司,臺中市西屯區大河里櫻花路74巷22號1樓,500000,1040724
12331,54788315,高位國際開發股份有限公司,臺中市西屯區市政北七路175號14樓之3,2000000,1040730
12485,54881902,經緯興業有限公司,臺中市南屯區大業路307號4樓,2000000,1040729
12486,54882281,郡生工程有限公司,臺中市北屯區和平里東山路一段381之10號1樓,2000000,1040706
12487,54882584,放送美食有限公司,臺中市南屯區寶山里工業區23路30號1樓,10000000,1040708
12488,54883198,喜舊國際有限公司,臺中市潭子區潭富路二段88號,369999,1040703
12489,54883417,達眾投資控股有限公司,臺中市南屯區楓樹里楓香街10號1樓,5000000,1040722
12491,54883726,天工方舟行銷設計股份有限公司,臺中市西屯區協和里工業區三十六路46號2樓,1800000,1040701
12492,54884295,昇創廣告有限公司,臺中市西屯區何源里重慶路403號,2000000,1040724
12493,54884540,華右開發有限公司,臺中市北區建興里崇德路一段163號1樓,5000000,1040729
12494,54884984,法盾建設股份有限公司,臺中市豐原區中陽里9鄰自成街10巷43號,10000000,1040721
12495,54885132,毅展電通有限公司,臺中市北區育德里健行路581號5樓之2,1010000,1040701
12496,54885180,迪兒思國際有限公司,臺中市南區樹義里大慶街二段7巷23號7樓,200000,1040710
12497,54885317,華杰國際有限公司,臺中市北區新興里三民路三段54巷4號2樓,5000000,1040715
12500,54885674,夯寶整合行銷有限公司,臺中市東區東南里南京東路一段336號,1150000,1040723
12501,54886370,華煒國際開發有限公司,臺中市西區民權路233巷5之2號1樓,29000000,1040713
12502,54886907,泰勒工程顧問有限公司,臺中市西屯區上石路12號3樓之1,2000000,1040707
12503,54886982,喬凡娜珠寶有限公司,臺中市中區大誠里公園路87之6之2號,400000,1040703
12504,54887005,正勛有限公司,臺中市烏日區溪南路一段680巷199號2樓,30000000,1040722
12505,54887103,合企有限公司,臺中市北屯區平和里遼陽一街100號1樓,300000,1040709
12506,54888258,匠采工程有限公司,臺中市大里區東湖里長春路63巷1弄16號1樓,1000000,1040703
12507,54888861,拍拍攝影有限公司,臺中市大肚區大東里仁德路66東一巷12弄39號1樓,500000,1040703
12508,54889215,泓廣物業管理顧問有限公司,臺中市南區樹義里文心南路901巷26號1樓,1000000,1040716
12509,54889340,好事連連國際開發有限公司,臺中市豐原區豐圳里建成路103巷12號1樓,3000000,1040704
12510,54890058,沃爵國際股份有限公司,臺中市南屯區豐樂里文心南五路一段323號之15、16,2500000,1040709
12511,54890135,東浚企業有限公司,臺中市西屯區漢成六街40號2樓,1000000,1040717
12512,54890228,瀚銘工程有限公司,臺中市梧棲區下寮里居仁街60巷9號3樓,100000,1040710
12513,54890233,聯洋建材股份有限公司,臺中市西屯區福雅路621號,20000000,1040723
12514,54890368,長洲食品股份有限公司,臺中市太平區興隆里光興路1112之1號1樓,20000000,1040714
12515,54890450,森光設計有限公司,臺中市北區明德里太原五街24號3樓之2,1000000,1040717
12516,54890846,美活家有限公司,臺中市西屯區福林里臺灣大道四段1158號11樓之3,600000,1040722
12517,54891063,暘益股份有限公司,臺中市西屯區何成里大祥街8號3樓,1000000,1040707
12518,54891319,壹貳參燒烤有限公司,臺中市南區崇倫里三民西路321號,1200000,1040730
12519,54891325,大立佳製造有限公司,臺中市龍井區龍泉里龍新路215巷7弄31號1樓,2000000,1040717
12520,54891599,樂得物流有限公司,臺中市西屯區惠來里臺灣大道三段286號1樓,500000,1040717
12521,54892106,格茂投資股份有限公司,臺中市西區民龍里文化街156號地下層之1,20000000,1040702
12522,54892210,躍宸國際汽車有限公司,臺中市北屯區建和路二段166號,5000000,1040730
12523,54892817,康有為有限公司,臺中市太平區工業路215號2樓,40000000,1040706
12524,54892957,富茂精機股份有限公司,臺中市神岡區神林路70巷6之6號,40000000,1040713
12525,54893668,佳鋐精密有限公司,臺中市大雅區三和里春亭二街60之1號,1000000,1040703
12526,54894809,珂邇國際有限公司,臺中市沙鹿區六路里北勢東路208號1樓,210000,1040720
12528,54895455,詮順工業有限公司,臺中市大甲區德化里東西六路一段430巷5號,2000000,1040715
12529,54895743,芮嘉國際餐飲有限公司,臺中市西區公平里精誠路150號,500000,1040717
12530,54895785,瑞能數據策略有限公司,臺中市西屯區何明里忠義街73號9樓之3,500000,1040720
12531,54896010,台灣迦南科技有限公司,臺中市潭子區榮興街57巷20號12樓,1000000,1040702
12533,54897685,智谷科技有限公司,臺中市大雅區三和里義和路7之46號1樓,500000,1040703
12534,54897714,合域設計有限公司,臺中市大里區新里里永隆一街88號3樓,250000,1040729
12535,54897783,木冓設計有限公司,臺中市大里區新里里永隆一街88號3樓,250000,1040728
12536,54897952,谷聲園藝有限公司,臺中市大里區塗城里光正路215號1樓,250000,1040730
12537,54898241,靚水股份有限公司,臺中市南屯區五權西路二段666號14樓之1,10000000,1040706
12538,54898592,萬澤鑫國際投資股份有限公司,臺中市東區東英十三街25之1號,27500000,1040722
12539,54903292,易得寶有限公司,臺中市太平區平安里鵬儀路32巷7號1樓,2000000,1040720
12540,55051523,永進機械工業股份有限公司,臺中市神岡區新庄里和睦路1段888號,566780000,1040716
12541,55226832,啟盛機械工廠有限公司,臺中市后里區墩東里公安路一段304號,13000000,1040723
12543,55389357,豐興鋼鐵股份有限公司,臺中市后里區甲后路702號,5815994240,1040701
12545,55633388,泰興紙業有限公司,臺中市豐原區中山里博愛街60巷6號,2000000,1040702
12546,55635787,台灣琭旦股份有限公司,臺中市潭子區台中加工出口區南環路十一號,118000000,1040707
12547,55692626,群將工業股份有限公司,臺中市大甲區幸福里長安路福祥巷58號,15000000,1040720
12548,55698500,全昌股份有限公司,臺中市大甲區日南里幼獅路73號,20000000,1040702
12549,55703145,凱力實業股份有限公司,臺中市龍井區忠和村海尾路256巷20號,12000000,1040710
12550,55709669,東盟通運報關股份有限公司,臺中市梧棲區中興路239號,6000000,1040717
12551,55721690,三永興業股份有限公司,臺中市大肚區沙田路2段132巷48號,20000000,1040709
12552,55753616,景益企業有限公司,臺中市太平區富宜路220號1樓,6000000,1040707
12553,55754185,伸興工業股份有限公司,臺中市太平區永成路78號,605526310,1040709
12554,55758366,鉅展工業有限公司,臺中市沙鹿區中山路36巷27號,1000000,1040727
12555,55762729,友勝工業股份有限公司,臺中市烏日區五光路501號,200008650,1040724
12556,55764402,儒億鑄造股份有限公司,臺中市大里區內新街頂庄巷66弄17號,3000000,1040702
12557,55832561,怡晉實業股份有限公司,臺中市西屯區何成里大墩十九街186號5樓之1,19000000,1040728
12558,55843482,大加立塑膠工業有限公司,臺中市豐原區南陽路綠山巷81弄19號,2000000,1040723
12559,55848584,福裕事業股份有限公司,臺中市大雅區龍善二街12號,768803000,1040703
12560,55857746,高鋒工業股份有限公司,臺中市大雅區科雅路16號,1080106890,1040702
12561,55867907,裕方木業股份有限公司,臺中市大雅區大楓里昌平路四段397號,9000000,1040703
12562,55873008,多元搬運機械有限公司,臺中市太平區中山路三段1巷17號,5000000,1040728
12563,55876167,今強金屬工業股份有限公司,臺中市太平區中山路一段182巷6號,13001000,1040722
12564,55877911,澤燕企業股份有限公司,臺中市大肚區新興里沙田路二段2巷7號,15000000,1040714
12566,55882962,瑞昌彩藝股份有限公司,臺中市南屯區工業區21路47號,48000000,1040710
12567,55883934,協櫻精密工業股份有限公司,臺中市霧峰區南勢里豐正路405號,20000000,1040729
12568,55884130,吉邦實業股份有限公司,臺中市太平區太平里永成路99巷16號,78045000,1040722
12569,55901476,中北塗料企業股份有限公司,臺中市豐原區角潭路二段25之1號,42000000,1040727
12570,55906578,準線國際股份有限公司,臺中市神岡區神岡里中山路1598號,10000000,1040710
12571,55910025,樺羽紙器印刷股份有限公司,臺中市大雅區大楓里前村路81號,25000000,1040721
12572,55918716,旭利紙器股份有限公司,臺中市神岡區中山路1562號,12500000,1040708
12573,55919031,敦南營造有限公司,臺中市西屯區市政路386號16樓之1,22500000,1040723
12574,55931366,巧而盛企業股份有限公司,臺中市潭子區嘉仁里仁愛路二段142之1號,10000000,1040716
12575,55936762,長信金屬工業股份有限公司,臺中市豐原區南村里水源路627號,9000000,1040729
12576,55942764,久裕興業科技股份有限公司,臺中市大雅區西寶里昌平路四段462巷9號,353000000,1040707
12577,55946810,明太網版印刷機械股份有限公司,臺中市潭子區頭家東里中山路一段218號,10000000,1040709
12578,55965082,隆安農業資材有限公司,臺中市豐原區社皮里社皮路123巷5弄110號,1000000,1040707
12579,55991201,力錩機械股份有限公司,臺中市豐原區鎌村里鎌村路465巷34號,80000000,1040710
12580,55993138,臺灣福龍有限公司,臺中市豐原區西湳里三豐路691號,5000000,1040717
12581,56038719,五雲交通有限公司,臺中市西屯區智惠街83號1樓,2000000,1040703
12582,56054251,巨大機械工業股份有限公司,臺中市大甲區龍泉里順帆路19號,3750646260,1040707
12583,56109517,沙鹿交通股份有限公司,臺中市沙鹿區興安里大同街37號,15000000,1040724
12584,56186014,洽發企業股份有限公司,臺中市清水區南寧里中清路八段715號,387023370,1040716
12586,56349214,福大材料科技股份有限公司,臺中市梧棲區港埠路1段237號,459918300,1040716
12587,56612404,鼎隆實業股份有限公司,臺中市清水區高東里護岸路150號,10000000,1040729
12588,56613473,泰誼企業股份有限公司,臺中市清水區武鹿里海濱路267之9號1樓,16000000,1040713
12589,56614640,光泰文具股份有限公司,臺中市大甲區孟春里中山路二段57號,5000000,1040730
12590,56625029,良紗紡織股份有限公司,臺中市梧棲區草湳里梧南路6之2號,16000000,1040707
12591,56636258,昌鋐企業股份有限公司,臺中市龍井區龍津里觀光路208巷87號,8000000,1040721
12592,56639712,東舜水電工程有限公司,臺中市梧棲區建國北街151巷65號,21000000,1040720
12593,56647500,昇義實業股份有限公司,臺中市清水區菁埔路二九八號,2000000,1040727
12594,56647776,新來豐企業股份有限公司,臺中市梧棲區草湳里自立路339號,6000000,1040708
12595,56650722,蜜蘭實業股份有限公司,臺中市南屯區臺灣大道二段340號5樓之1,9880000,1040708
12596,56657719,豪建塑膠股份有限公司,臺中市梧棲區草湳里自強路128號,12000000,1040729
12597,56659110,青海實業股份有限公司,臺中市梧棲區自強路15號,100000000,1040710
12598,56676194,華元食品股份有限公司,臺中市梧棲區草湳里自立二街392號,189400000,1040702
12599,56690647,旭東機械工業股份有限公司,臺中市后里區后科南路30號,720000000,1040716
12600,56691857,誌陽企業股份有限公司,臺中市大甲區日南里幼獅路17號,6000000,1040716
12601,56693665,遠立行工業股份有限公司,臺中市梧棲區草湳里臨港路三段628號,106400000,1040728
12602,56697206,詩展企業股份有限公司,臺中市龍井區工業路188巷15號,8000000,1040728
12603,56700981,永義生有限公司,臺中市大甲區西岐里順帆路30號,6000000,1040714
12604,56710361,雄豐興業有限公司,臺中市外埔區鐵山里長生路370號,5000000,1040716
12605,56811620,豐原農產品股份有限公司,臺中市豐原區豐圳里豐原大道八段369號,1000000,1040729
12606,57001697,三久股份有限公司,臺中市霧峰區吉峰里民生路396號,520000000,1040731
12607,57074608,金永勝鋼鐵股份有限公司,臺中市烏日區中山路一段678號,189000000,1040713
12608,57074895,宗達工業股份有限公司,臺中市大里區仁德里1鄰仁化路251號,93000000,1040701
12610,57206208,僑聯食品加工廠股份有限公司,臺中市太平區中平路34號,25000000,1040723
12614,58176511,宏全國際股份有限公司,臺中市西屯區工業區二路6號,3098478790,1040721
12656,59411824,仁有通運股份有限公司,臺中市中區綠川東街110號2樓之2,29000000,1040707
12672,60289420,麗明營造股份有限公司,臺中市西屯區府會園道169號4樓,1050000000,1040720
12675,60296533,祥展營造股份有限公司,臺中市西屯區大洲街111號,60000000,1040728
12690,61784790,太平洋化粧品股份有限公司,臺中市豐原區豐圳里成功路620號7樓之1,5100000,1040728
12721,66341514,勝義發營造股份有限公司,臺中市清水區南社里民族路二段322號,100000000,1040730
12802,70360061,好用人力仲介有限公司,臺中市西屯區櫻城二街9號1樓,19000000,1040702
12807,70364947,宏運企管顧問有限公司,臺中市東區練武路173號3樓,1000000,1040707
12921,70499579,巃記電機有限公司,臺中市太平區德隆路82巷88號1樓,17000000,1040707
12933,70513600,延國精密工業股份有限公司,臺中市大里區仁化里四育街一五號,3000000,1040717
12935,70513854,韶陽科技股份有限公司,臺中市潭子區潭陽里潭興路2段36巷89號,411457520,1040723
12938,70521313,伯康健康科技有限公司,臺中市大里區利民街7巷22號1樓,500000,1040717
12945,70527858,金御龍展業股份有限公司,臺中市西區公平里精誠十一街9號1樓,5000000,1040707
12946,70529321,加得利加油站股份有限公司,臺中市中區柳川西路三段2號,26000000,1040717
13027,70593012,易利昌有限公司,臺中市南屯區楓樹里黎明路1段162號1樓,1200000,1040702
13029,70595898,碧碩股份有限公司,臺中市西區公正里精誠路156、158號1樓,12000000,1040728
13030,70596019,瑞富國際投資股份有限公司,臺中市南屯區大墩一街57巷19號1樓,92000000,1040714
13032,70598966,采威國際資訊股份有限公司,臺中市南屯區公益路二段51號24樓,80000000,1040709
13036,70602758,成瑞騰實業有限公司,臺中市烏日區學田里學田路山頂巷28之2號,2000000,1040720
13039,70606311,玄興科技股份有限公司,臺中市西區後龍里民權路233巷7號4樓之2,10000000,1040713
13043,70611834,立任環保清潔有限公司,臺中市北屯區軍和街505號2樓,1000000,1040708
13046,70615395,寶鎮光電科技股份有限公司,臺中市梧棲區草湳里自立三街63號,79200000,1040716
13056,70630184,上研機電股份有限公司,臺中市南屯區惠中里大墩十街266號14樓之3,35000000,1040715
13059,70637243,智羽科技股份有限公司,臺中市西屯區港尾里中康街159號1樓,10000000,1040714
13063,70640514,三園機械股份有限公司,臺中市太平區永成北路66巷37號,1500000,1040723
13069,70649297,鑫合億營造有限公司,臺中市西屯區天水東街12號6樓之3,6000000,1040720
13070,70652139,鎰聖油壓機械有限公司,臺中市大雅區員林里神林路一段268巷36之2號1樓,2000000,1040720
13071,70653566,總茂環保股份有限公司,臺中市西屯區廣福里中清路三段430號,90000000,1040706
13075,70658204,揚笙開發企業有限公司,臺中市南屯區南屯里河南路四段688號8樓之3,5000000,1040702
13082,70668976,玻色子科技股份有限公司,臺中市西屯區福中里中工二路188號4樓,10000000,1040703
13084,70670191,閎基營造有限公司,臺中市太平區中興路77之9號1樓,9000000,1040706
13086,70670805,啟宇營造工程股份有限公司,臺中市南屯區春社里永春北路55號3樓,100000000,1040720
13091,70675891,釩泰研究創新股份有限公司,臺中市南屯區文山里文山九街72號1樓,16782700,1040713
13093,70676976,億權車料有限公司,臺中市大甲區文武里育德路288號,2500000,1040727
13102,70688946,裕民汽車股份有限公司,臺中市西屯區工業區三十六路27號,245000000,1040721
13109,70693618,尚喬雷射科技股份有限公司,臺中市西屯區工業區34路6號1樓,88880000,1040708
13110,70694736,加豐紡織品有限公司,臺中市梧棲區草湳里臨港路三段168巷149弄26號1樓,8000000,1040703
13116,70697993,興祐實業有限公司,臺中市潭子區大豐里潭富路二段29號1樓,5000000,1040702
13121,70705966,台鈞開發股份有限公司,臺中市南屯區文心南七路208號1樓,7000000,1040713
13122,70708746,雙餘實業有限公司,臺中市北屯區平安里文心路四段696號18樓之1,15000000,1040716
13124,70711658,異網資訊股份有限公司,臺中市南屯區大同里大進西街49號1樓,29453170,1040730
13130,70719074,豐泰興業股份有限公司,臺中市大肚區永和里文昌路一段136號1樓,45000000,1040709
13140,70730212,和嬴精工股份有限公司,臺中市神岡區庄前路36號,119668190,1040708
13150,70739889,銘馳營造有限公司,臺中市南區三民西路238之1號,3000000,1040706
13152,70742884,僑林餐飲事業股份有限公司,臺中市西屯區臺灣大道三段33號,120000000,1040701
13157,70748276,新鉅科技股份有限公司,臺中市外埔區甲東路35、37號,1016449600,1040709
13161,70751341,廣大投資股份有限公司,臺中市南屯區工業區25路20號1樓,150000000,1040708
13187,70768645,遠東綜合開發股份有限公司,臺中市西區民生里自由路1段101號20樓,2200000000,1040716
13278,70848036,台灣特格股份有限公司,臺中市梧棲區中港加工出口區緯五路六號,600000000,1040703
13280,70848227,台群國際股份有限公司,臺中市太平區勤益里中山路一段182巷6號,25000000,1040727
13282,70848465,世華包裝國際股份有限公司,臺中市西屯區中工三路59巷8號1樓,5433600,1040729
13286,70849892,岳達貿易有限公司,臺中市豐原區中正路2之1號2樓,1000000,1040720
13410,79952544,普威力股份有限公司,臺中市沙鹿區興仁里沙田路48之16號,5000000,1040723
13415,79956909,貝格股份有限公司,臺中市西屯區福中里中工二路358號2樓,1000000,1040721
13416,79959005,長毅機械工業有限公司,臺中市龍井區麗水里三港路田仔內巷１０號,5500000,1040727
13419,79962992,精創國際有限公司,臺中市外埔區水美里水美路仁美巷66號1樓,10000000,1040710
13420,79963606,名泉投資有限公司,臺中市西區臺灣大道二段179巷12號1樓,67860000,1040713
13421,79965479,彩博創意材料有限公司,臺中市霧峰區萬豐里中正路108之9號,10000000,1040727
13422,79965581,冠毅工業股份有限公司,臺中市東區東信里樂業路508巷5號1樓,5000000,1040708
13423,79965695,齊力隆營造有限公司,臺中市西區利民里康樂街6之3號1樓,3000000,1040708
13424,79969263,廣宇成企業有限公司,臺中市神岡區大社里大漢街181巷25號2樓,20000000,1040717
13425,79970542,餐飲行家企業有限公司,臺中市西區後龍里民權路225巷11號1樓,7000000,1040709
13433,79978586,上詮資訊有限公司,臺中市南屯區向心里海德街32號1樓,2000000,1040715
13437,79981858,台方企業有限公司,臺中市大肚區新興里沙田路二段132巷7弄29之1號1樓,1000000,1040721
13448,79997021,台灣聯合火業股份有限公司,臺中市梧棲區南簡里中央路二段465號1樓,30000000,1040721
13449,79997747,大榮生物科技股份有限公司,臺中市太平區建國里鵬儀路296巷16弄10號,13540000,1040716
13452,80001282,銘安科技股份有限公司,臺中市太平區宜欣里宜昌東路23巷4號,118045640,1040730
13454,80007791,譚英雄餐飲事業有限公司,臺中市西屯區工業區六路18之1號3樓,7000000,1040707
13460,80014076,昇帝實業有限公司,臺中市西屯區弘孝路45巷1號1樓,1000000,1040727
13485,80038957,鎧將建設有限公司,臺中市北區太原北路130號3樓之4,35000000,1040716
13486,80039941,誠石建設股份有限公司,臺中市北屯區崇德路三段1號,50000000,1040727
13487,80039956,佶慶工業有限公司,臺中市龍井區龍津里蚵寮路251巷132號,8000000,1040707
13492,80044780,金博士運動用品有限公司,臺中市西屯區何南里大墩十九街203號,1000000,1040722
13494,80048651,震泰塑膠有限公司,臺中市太平區中興里永義二街61巷2號1樓,1000000,1040709
13496,80050733,昶泳行銷顧問股份有限公司,臺中市大里區立仁路162號1樓,10000000,1040709
13501,80055836,聖杰國際股份有限公司,臺中市大雅區上雅里雅環一街20號1樓,120400000,1040720
13511,80068902,歐玟國際股份有限公司,臺中市神岡區豐洲里豐洲路446號,5000000,1040721
13513,80070301,嵩富興機械股份有限公司,臺中市神岡區豐洲里神洲路330巷15弄33號,15000000,1040708
13518,80072808,冠誠機械有限公司,臺中市潭子區潭陽里潭興路二段297巷7號2樓,5000000,1040711
13521,80076190,永春泉生醫管理股份有限公司,臺中市北屯區和平里東山路一段308號、308號2樓,120000000,1040702
13537,80088338,東鐶企業股份有限公司,臺中市東區復興路四段218之7號1樓　,6000000,1040707
13541,80094731,漢賞室內裝修工程有限公司,臺中市豐原區西安里圓環南路149號1樓,5000000,1040709
13547,80100939,隆融投資股份有限公司,臺中市西區公德里精誠路107號2樓,13500000,1040728
13550,80102280,喬富紳實業股份有限公司,臺中市西屯區何德里寧夏西三街38號1樓,1500000,1040710
13551,80104111,震達科技股份有限公司,臺中市南屯區文心路一段521號7樓之3,5000000,1040717
13555,80105651,鉅朋企業股份有限公司,臺中市東區東信里樂業路520巷16號,5000000,1040702
13559,80107460,燦鑫投資股份有限公司,臺中市北區德化街78號1樓,10000000,1040709
13568,80119629,大晟投資有限公司,臺中市西屯區惠中路一段133號3樓之6,85000000,1040729
13571,80124361,威沃尼斯有限公司,臺中市北區德化街621號1樓,500000,1040701
13573,80125988,進鎰投資股份有限公司,臺中市西區公德里精誠路107號2樓,48500000,1040728
13575,80126179,環球禮儀有限公司,臺中市大里區國光里國光路二段240號1樓,1500000,1040709
13578,80127682,明日森林股份有限公司,臺中市西屯區潮洋里朝富路232號1樓,8500000,1040729
13582,80133381,永隆科技股份有限公司,臺中市霧峰區吉峰里吉峰路114號,385550000,1040706
13585,80135212,寶凰營造股份有限公司,臺中市西區昇平里中興街38號,10000000,1040708
13591,80139131,東印興業有限公司,臺中市龍井區新庄里都會南街301號,500000,1040701
13592,80139929,可力爾有限公司,臺中市潭子區東寶里崇德路五段37號,1000000,1040707
13594,80144486,青天点子國際工業股份有限公司,臺中市龍井區東海里藝術街19巷10號1樓,29800000,1040713
13621,80167656,宜山國際有限公司,臺中市豐原區翁社里豐年路109巷92弄28號,5000000,1040701
13668,80211604,戈鐙企業有限公司,臺中市西屯區華美西街二段383號1樓,560000,1040707
13670,80212603,普麗事業有限公司,臺中市西區吉龍里五權五街151號5樓之1,1000000,1040730
13672,80213589,北海精密科技股份有限公司,臺中市潭子區栗林里中山路三段287巷10號1樓,11800000,1040727
13673,80215876,車健有限公司,臺中市南屯區文山里寶山三街3號10樓之1,8000000,1040729
13674,80215968,昌鈺機械工業有限公司,臺中市南屯區嶺東南路23號1樓,2500000,1040724
13679,80221315,荃振股份有限公司,臺中市西屯區何南里大聖街491號1樓,8000000,1040724
13680,80221413,易霈資訊數位科技股份有限公司,臺中市大里區中山路26之1號,5000000,1040703
13689,80228838,亞斯科投資股份有限公司,臺中市西區五權西路一段257號15樓之1,9120000,1040717
13694,80233369,鉅達科技檢驗有限公司,臺中市沙鹿區六路十一街106巷26號1樓,500000,1040728
13698,80234971,皇將科技股份有限公司,臺中市大里區仁化里工業九路190號,296996000,1040714
13700,80238907,凱威科技有限公司,臺中市南區福順里忠明南路769號10樓之2,1000000,1040728
13702,80242466,勝興科技股份有限公司,臺中市西區臺灣大道二段181號9樓之7,14000000,1040710
13703,80243839,仁美開發企業股份有限公司,臺中市西屯區西墩里黎明路三段133號9樓之2,201000000,1040721
13774,80310983,普羅工業有限公司,臺中市沙鹿區福興里東晉路211號,500000,1040702
13834,80386006,台灣歐娜股份有限公司,臺中市西屯區長安路二段131巷3之8號4樓,5000000,1040713
13837,80392247,首為企業有限公司,臺中市東區東興里建興街27號1樓,10000000,1040713
13850,80411379,維同股份有限公司,臺中市北屯區文心路三段447號17樓,10000000,1040720
13853,80413101,寶晟企管顧問有限公司,臺中市南屯區同心里大英街37號1樓,7000000,1040731
13855,80415430,豐邦科技有限公司,臺中市大甲區頂店里中山路一段1283號1樓,2000000,1040714
13856,80416352,巨東寶廣告工程有限公司,臺中市南區仁義街68號1樓,500000,1040721
13860,80422684,栩佳布業有限公司,臺中市豐原區社皮里中正路685巷6弄2之1號,5500000,1040703
13862,80426112,千甲聚頤資產開發有限公司,臺中市豐原區翁明里水源路745號1樓　,10000000,1040717
13873,80432753,中一電工科技股份有限公司,臺中市東區東興里立德東街33號3樓,1000000,1040722
13878,80436195,雲水茶業股份有限公司,臺中市北屯區河北路2段89號1樓,4460000,1040727
13881,80440992,裕元花園酒店股份有限公司,臺中市西屯區臺灣大道四段610號,100000000,1040710
13882,80441330,海維斯國際有限公司,臺中市北屯區平福里大連路二段60號10樓之1,3000000,1040723
13887,80445309,金勝豐國際有限公司,臺中市東區東門里天乙街149巷20號1樓,2000000,1040720
13888,80446243,穗豐釀酒股份有限公司,臺中市大甲區頂店里中山路一段1158巷6之13號,3000000,1040703
13890,80447828,士頡有限公司,臺中市東勢區中嵙里東崎路四段180巷22號,6000000,1040714
13891,80448777,達音創研股份有限公司,臺中市大里區西湖里草堤路158巷28號,28980000,1040720
13895,80453644,悅築建設股份有限公司,臺中市南屯區五權西路二段666號9樓之9,50000000,1040714
13905,80466423,澤盛印刷事業有限公司,臺中市北屯區后庄里后庄七街59號5樓之1,1000000,1040727
13906,80466774,奕宏科技有限公司,臺中市后里區墩北里富春路154之5號1樓,3000000,1040710
13907,80467289,八豐盟有限公司,臺中市南屯區三義里大業路569號地下1樓之1,5000000,1040720
13909,80468941,大樹防災實業有限公司,臺中市北區崇德路一段500巷19之3號,500000,1040702
13915,80474556,聖一環保工程有限公司,臺中市北屯區軍和街505號1樓,1000000,1040708
13925,80484512,焜富企業有限公司,臺中市南區樹義里福田二街258號1樓,1000000,1040728
13978,80538600,立荷國際有限公司,臺中市北屯區昌平東五路160號2樓,5000000,1040701
13991,80549304,詩丹朵爾生物科技有限公司,臺中市西屯區永輝路100號,2000000,1040723
14000,80559386,華爾興業有限公司,臺中市西區民生北路153號2樓,10000000,1040722
14025,80582128,聯迅科技有限公司,臺中市北區中山路429巷14號1樓,3000000,1040728
14031,80589852,千裕宏股份有限公司,臺中市太平區中興里東平路882號,20000000,1040728
14041,80600673,佳信國際有限公司,臺中市西屯區西墩里上墩東街129號2樓,20000000,1040702
14044,80601223,全翊塑膠股份有限公司,臺中市北區崇德路一段629號19樓之2,5000000,1040723
14045,80601899,日麗營造股份有限公司,臺中市北屯區后庄路860巷29號1樓,3000000,1040706
14054,80613255,高山青興業有限公司,臺中市霧峰區草湖路135巷18號1樓,5000000,1040710
14057,80616675,維多利亞時尚珠寶股份有限公司,臺中市西區安龍里五權路2之76號1樓,16000000,1040723
14059,80617689,常風國際有限公司,臺中市梧棲區大庄里文華街118巷40號1樓,1000000,1040717
14066,80624160,悅盛投資股份有限公司,臺中市西區公德里精誠路107號2樓,20000000,1040731
14069,80626337,大穎食品股份有限公司,臺中市大甲區薰風里光明路67號2樓,100000000,1040727
14087,80637904,展隆興業股份有限公司,臺中市西區模範街12巷16號,21000000,1040729
14089,80638755,茂翔貿易股份有限公司,臺中市北屯區后庒里后庒一街75號3樓之1,10000000,1040716
14090,80641843,鋐源投資股份有限公司,臺中市大肚區大肚里育英路105號1樓,64000000,1040702
14147,80700434,盛隆開發股份有限公司,臺中市南屯區大同里東興路二段186號6樓之2,10000000,1040705
14152,80703122,奧普有限公司,臺中市南屯區田心里文心路一段89、91號,4000000,1040722
14153,80703586,中仁室內裝修工程有限公司,臺中市西屯區至善路101巷21號,500000,1040729
14154,80703919,永富展業有限公司,臺中市太平區華安街148號,1000000,1040723
14161,80715529,先鋒精密鈑金工業股份有限公司,臺中市沙鹿區沙田路15之1號2樓,3000000,1040716
14168,80720017,原凱服飾有限公司,臺中市南屯區豐樂里永春東路851號1樓,2300000,1040721
14170,80720451,大於實業有限公司,臺中市南屯區楓樹里楓香街9號1樓,1000000,1040717
14176,80722654,常廣股份有限公司,臺中市大甲區日南里工一路29號,156000000,1040716
14177,80722676,喬登多媒體科技股份有限公司,臺中市西區臺灣大道二段573號6樓,10000000,1040703
14183,80727052,湯姆隆實業股份有限公司,臺中市大甲區日南里工六路5號,32630000,1040707
14188,80732631,凱凱美麗產業有限公司,臺中市西區忠誠里精誠五街3號1樓,600000,1040722
14189,80732647,銘政興業科技有限公司,臺中市南區和平里復興路二段48號1樓,5000000,1040710
14191,80735150,清順興有限公司,臺中市南區長春里愛國街90號1樓,1000000,1040717
14195,80737050,鈞閔紙器股份有限公司,臺中市潭子區頭家里得天街57號,1000000,1040716
14207,80748991,愷力企業有限公司,臺中市南區福興里福平街98號3樓,5000000,1040730
14250,83408476,易陽運輸股份有限公司,臺中市潭子區東寶里大德一路60號1樓,25000000,1040701
14272,84094369,華豫寧股份有限公司,臺中市北區進化北路238號4樓之8,331025090,1040711
14273,84096177,裕鉦有限公司,臺中市西屯區何源里華美西街二段447號1樓,3000000,1040729
14285,84122914,溋溢有限公司,臺中市太平區新坪里新平路三段346巷35弄7號,5000000,1040722
14313,84161134,英豪建設有限公司,臺中市北區建興里德化街188號1樓,25000000,1040717
14320,84175046,昱德工業有限公司,臺中市大里區工業11路117號　,15000000,1040714
14321,84176143,名佳企業有限公司,臺中市外埔區大東里甲東路69號,1000000,1040730
14322,84176381,富田隆企業有限公司,臺中市大里區仁愛路19巷11號,1000000,1040703
14324,84184501,沅展營造股份有限公司,臺中市梧棲區福德里中央路二段277號1樓,15000000,1040702
14332,84211486,奇磊文化有限公司,臺中市北區賴旺里文心路四段182號地下第1層2,6000000,1040715
14333,84213560,金興建材實業有限公司,臺中市神岡區北庄里中山路1120之1號,900000,1040723
14337,84221007,昱美裝潢工程有限公司,臺中市潭子區大富里大富路三段33巷31弄7號1樓,5000000,1040729
14340,84224644,悅騰建設股份有限公司,臺中市南屯區田心里文心路一段73號11樓之1,201000000,1040707
14349,84240476,正和砂石開發工業股份有限公司,臺中市后里區義里里12鄰甲后路108巷35弄27號,78000000,1040706
14414,84340475,聯線實業有限公司,臺中市西屯區福興路188號1樓,4200000,1040723
14424,84356659,韻華景觀事業有限公司,臺中市西區中興里公益路一三二號九樓,12000000,1040702
14430,84373518,詠鑫開發有限公司,臺中市石岡區和盛里豐勢路71號1樓,5000000,1040730
14431,84375240,宜一企業有限公司,臺中市潭子區豐興路一段437巷2弄10號2樓,5000000,1040724
14435,84377958,傳奇土木包工業股份有限公司,臺中市西屯區臺灣大道四段927號,6000000,1040707
14441,84387800,浤凱企業股份有限公司,臺中市梧棲區永興路二段335巷21號,5000000,1040713
14442,84388028,崑吉精密工業股份有限公司,臺中市大里區大元里國光路一段159巷12之11號,5000000,1040717
14447,84402204,模得發工業股份有限公司,臺中市豐原區南田街229號,66000000,1040713
14455,84427161,興冠全機械股份有限公司,臺中市外埔區水美里二崁路568巷9號,5000000,1040706
14458,84429148,聯立煌營造股份有限公司,臺中市西屯區寶慶街27號1樓,15000000,1040728
14462,84435211,福好實業有限公司,臺中市大里區樹王里樹王路340之1號1樓,10000000,1040723
14477,84463546,旭浦企業股份有限公司,臺中市西屯區河南路二段262號13樓之11,35000000,1040703
14507,84508261,佳能工程有限公司,臺中市太平區育仁路129號1樓,10000000,1040720
14508,84511569,長昶企業有限公司,臺中市太平區立功路83號2樓,3000000,1040716
14516,84546173,民碩有限公司,臺中市豐原區社皮里中正路685巷2弄16號,2000000,1040723
14522,84560224,裕珍馨食品股份有限公司,臺中市大甲區薰風里光明路67號,20000000,1040727
14530,84572925,帛億興業股份有限公司,臺中市大雅區員林里神林路1段178號,5000000,1040729
14535,84575107,賦明有限公司,臺中市沙鹿區北勢里北勢東路翠華巷80弄58號,5000000,1040714
14537,84582629,源帛環保科技股份有限公司,臺中市北屯區仁和里四平路238巷25巷3樓之1,5000000,1040710
14538,84583346,統徠企業有限公司,臺中市龍井區新庄里臺灣大道六段75號,29000000,1040721
14541,84586765,泉祥水電工程有限公司,臺中市太平區東和里中山路一段85號1樓,7000000,1040729
14543,84589670,登發室內裝璜工程有限公司,臺中市大雅區六寶里和平路121號,1000000,1040723
14561,84614615,筌盛實業股份有限公司,臺中市東區建仁街27號1樓,25000000,1040723
14562,84615184,群融實業有限公司,臺中市西屯區四川三街20號1樓,1000000,1040707
14563,84619301,富達克企業有限公司,臺中市北區賴村里梅亭街440號1樓,10000000,1040707
14571,84630426,王品餐飲股份有限公司,臺中市西區民龍里台灣大道2段218號29樓,769878830,1040727
14573,84645764,庚協化工股份有限公司,臺中市神岡區新庄里新興路51巷5號,5000000,1040701
14580,84667817,金龍和工業股份有限公司,臺中市太平區建成街242號1樓,5000000,1040702
14581,84668484,薪曜機械有限公司,臺中市烏日區太明路211巷15號,3000000,1040727
14588,84678928,上紘股份有限公司,臺中市后里區義里里甲后路108巷35弄30號,10000000,1040728
14593,84693548,錩弘金屬工業股份有限公司,臺中市龍井區工業路192號1樓,10000000,1040716
14595,84694814,格愛陞有限公司,臺中市豐原區中陽里惠陽街91號,20000000,1040713
14606,84706488,捷偉企業股份有限公司,臺中市北區三民路三段167之1號（地下2樓）,20000000,1040713
14653,84793841,向陽營造工程有限公司,臺中市西屯區福安里福裕路175號1樓,40000000,1040724
14658,84797889,志禹實業有限公司,臺中市北屯區同榮里環中路一段1032巷73號,3500000,1040723
14661,84805810,和勤營造股份有限公司,臺中市北屯區北屯路390號6樓之3,27500000,1040717
14670,84825576,泰德門金屬有限公司,臺中市東區東英里十甲東路476號,10000000,1040714
14671,84828222,美立德科技實業股份有限公司,臺中市潭子區東寶里崇德路五段56巷128之1號,16000000,1040701
14673,84834723,縉寶汽車有限公司,臺中市大里區樹王里福德路88巷1號、3號,500000,1040730
14676,84840680,亞當國際股份有限公司,臺中市北區淡溝里英才路387之2號3樓,5000000,1040706
14679,84847500,翔瑞成企業有限公司,臺中市梧棲區草湳里臨港路三段168巷149弄9號,26000000,1040720
14684,84868048,史丹福企管顧問股份有限公司,臺中市北區太原北路130號9樓之2,500000,1040706
14690,84876618,鑫日正工業股份有限公司,臺中市大肚區頂街里榮華街57號,55000000,1040710
14691,84877551,展祐工業股份有限公司,臺中市大安區南庄里南埔路198巷23號　,1000000,1040714
14692,84878067,台中廣播股份有限公司,臺中市西區忠誠里臺灣大道二段489號21樓之3,63250000,1040703
14696,84886989,慶字建設股份有限公司,臺中市北區賴福里進化北路392之2號5樓之2,42000000,1040710
14697,84888086,每日廣播事業股份有限公司,臺中市西區五權路1之67號7樓之1,60000000,1040729
14700,84891505,崧隆有限公司,臺中市梧棲區草湳里自立二街117號1樓,3000000,1040702
14746,84962655,達鈺塑膠工業股份有限公司,臺中市太平區工業十五路46號,5000000,1040723
14753,84977186,瑞聯洗衣器材股份有限公司,臺中市北區陜西五街18號6樓之7號,5000000,1040722
14823,86069288,銢信鋸片股份有限公司,臺中市豐原區西湳里文賢街32巷17號,1000000,1040720
14826,86073121,諦瑩實業有限公司,臺中市沙鹿區鹿峰里中山路580巷9號,1000000,1040722
14833,86085288,首府鋼鐵有限公司,臺中市西屯區上明三街18號8樓之2,12000000,1040710
14843,86108796,美佳聲樂器有限公司,臺中市神岡區社南里昌平路五段382巷6弄1號1樓,8000000,1040721
14845,86113968,鉅暐科技股份有限公司,臺中市潭子區祥和路35巷3號,5000000,1040716
14846,86114278,育崧營造有限公司,臺中市北區華興街57之5號1樓,15000000,1040706
14882,86197452,松岩精密股份有限公司,臺中市大里區塗城路109巷3號,5000000,1040730
14886,86211594,晁群有限公司,臺中市神岡區豐工中路39號,75000000,1040722
14891,86224303,安仂實業有限公司,臺中市西區忠誠里精誠路5號,1000000,1040727
14896,86238215,顥泰工業股份有限公司,臺中市大里區工業十一路109號,5000000,1040728
14902,86252659,川市機械工業股份有限公司,臺中市神岡區神洲里溪洲路101號,5000000,1040710
14906,86255706,大晟營造股份有限公司,臺中市西屯區臺灣大道四段839號6樓,180000000,1040715
14915,86274942,大裕塑膠股份有限公司,臺中市大雅區橫山里永和路六甲巷10之13號,24000000,1040702
14934,86329284,至合體育用品有限公司,臺中市烏日區螺潭里溪南路二段347巷58弄36號1樓,5000000,1040722
14943,86349140,磁合電機股份有限公司,臺中市北區東光二街10巷1號,6000000,1040728
14945,86353925,育昇有限公司,臺中市南區福興里福東街59巷10號1樓,5000000,1040727
14950,86364991,宇祥營造股份有限公司,臺中市北區忠明路502之1號4樓之2,80000000,1040724
14958,86379333,嘉隆投資股份有限公司,臺中市北區健行路373之9號,2700000,1040707
14967,86384743,葛蘭富泵浦股份有限公司,臺中市西區民權路219號7樓,10000000,1040723
14976,86392498,琇煇實業有限公司,臺中市南屯區豐樂里文心南五路一段247號1樓,5000000,1040730
14980,86396826,宜祥興業股份有限公司,臺中市大肚區新興里溪洲路100號,10000000,1040708
14985,86404781,茂綱實業股份有限公司,臺中市清水區東山里神清路87號,22000000,1040701
15013,86471704,啟暘貿易有限公司,臺中市南屯區田心里南屯路二段290號9樓之1,5000000,1040730
15048,86525835,后里實業有限公司,臺中市后里區后里里成功路1號2樓,5000000,1040713
15050,86533379,海峰營造股份有限公司,臺中市西屯區何福里漢口路二段140號7樓,15000000,1040722
15052,86533737,歐仕科技股份有限公司,臺中市南屯區三厝街118號1樓,5000000,1040702
15054,86534118,岳樺實業股份有限公司,臺中市太平區太平里新仁路一段22巷111號,5000000,1040710
15061,86548295,永嘉企業有限公司,臺中市大肚區永順里文昌路二段474號,1000000,1040716
15062,86551832,研將企業有限公司,臺中市豐原區北陽里南陽路綠山巷126弄17號1樓,5000000,1040727
15067,86565961,丸品設計工程股份有限公司,臺中市北屯區舊社里北屯路388之11號,12000000,1040709
15073,86584572,邁利多國際開發股份有限公司,臺中市北屯區北興里南京東路三段22號1樓,5000000,1040710
15075,86594635,統立工程股份有限公司,臺中市南屯區豐樂里文心南七路10號3樓之1,55000000,1040720
15076,86597350,竣益工業股份有限公司,臺中市外埔區永豐里外埔路66號,24000000,1040713
15077,86606273,帝一開發貿易股份有限公司,臺中市神岡區大社里大漢街62號9樓,10000000,1040707
15078,86607174,增大股份有限公司,臺中市南區工學里德富路289巷12號,29500000,1040701
15081,86610184,鑫鋓工業有限公司,臺中市清水區槺榔里中央路24之2號,500000,1040729
15084,86619116,福濟股份有限公司,臺中市豐原區西安里成功路227號1樓,4000000,1040701
15086,86623456,寶輝建設股份有限公司,臺中市南屯區大業里公益路二段51號16樓,150000000,1040720
15091,86629867,顏浩興業有限公司,臺中市大雅區西寶里昌平路三段699巷3號,5000000,1040730
15095,86636826,千賀寢具有限公司,臺中市沙鹿區興仁里四平街74號,1000000,1040707
15096,86638161,人傑科技有限公司,臺中市北區賴村里進化北路363號19樓之7,4100000,1040716
15107,86667046,鈺鎧科技股份有限公司,臺中市南屯區精科東路15號,233189260,1040706
15111,86673758,祥綾螺絲有限公司,臺中市大里區祥興里喬城路81號1樓,3000000,1040720
15117,86684452,達新投資股份有限公司,臺中市西屯區何德里寧夏西三街5號1樓,18000000,1040731
15125,86687107,駿豐隆運輸股份有限公司,臺中市龍井區中山二路一段43巷18號1樓,30000000,1040729
15134,86700452,三鋒機器工業股份有限公司,臺中市大里區工業十一路155號1樓,50000000,1040720
15174,86783495,東楠景觀顧問有限公司,臺中市南屯區文心里大英西一街105號5樓之1,5000000,1040701
15182,86799243,佳生砂石企業股份有限公司,臺中市大雅區昌平路三段620巷29號,123000000,1040720
15191,86813619,信富紡織科技股份有限公司,臺中市清水區下湳里中山路525之3號,72000000,1040716
15194,86817755,順昇營造有限公司,臺中市西屯區惠中路一段133號3樓之6,100000000,1040729
15198,86822173,通業技研股份有限公司,臺中市西屯區何源里重慶路343號,60000000,1040723
15199,86825312,弘邦技術股份有限公司,臺中市西屯區中工二路190號9樓,22500000,1040715
15237,86927710,美商恆旭實業股份有限公司,臺中市大甲區日南里工二路10號1、2樓,37000000,1040713
15242,86935155,偉慶豐企業股份有限公司,臺中市大里區金城里上興街二段32號1樓,15000000,1040706
15244,86937442,康普士資訊有限公司,臺中市西區公民里五權路1之67號5樓,5000000,1040709
15251,86947321,鎮國營造有限公司,臺中市大里區東明路175巷104號1樓,5000000,1040715
15261,86965354,鋼達有限公司,臺中市神岡區北庄里中山路1255號,5000000,1040730
15262,86966001,誠營塑膠股份有限公司,臺中市太平區新平路一段279巷67號,5000000,1040716
15263,86966419,協辰興業有限公司,臺中市大里區大里路238之4號,5000000,1040730
15267,86970949,宏鎮企業有限公司,臺中市東勢區中嵙里東崎路四段283號,3000000,1040701
15268,86972480,萬國人力仲介股份有限公司,臺中市南屯區大誠里東興路二段98號7樓,20000000,1040706
15276,86981306,夏姿麗股份有限公司,臺中市沙鹿區北勢里北中五街1巷20號,5000000,1040729
15280,86992660,驊毅企業有限公司,臺中市清水區下湳里菁埔路228號,5000000,1040715
15302,89211226,日讚廣告有限公司,臺中市西屯區何源里漢成六街46號地下1樓之2,2000000,1040701
15305,89212674,有信營造股份有限公司,臺中市南屯區大墩二街242號,14000000,1040709
15313,89229268,巨匠電氣工程有限公司,臺中市梧棲區頂寮里大仁路二段353巷6號5樓之1,13000000,1040707
15317,89237274,福泉達有限公司,臺中市神岡區社南街5巷21號2樓,25000000,1040723
15339,89293015,孟凱股份有限公司,臺中市神岡區社口里中山路960之1號,5000000,1040701
15340,89296049,邦騰工業股份有限公司,臺中市霧峰區四德路554之1號1樓,5000000,1040702
15341,89296054,新知富企業有限公司,臺中市西區忠明里健行路1049號24樓之27,1000000,1040722
15344,89298285,立澄企業有限公司,臺中市北屯區平田里瀋陽路三段260號1樓,2000000,1040728
15347,89300091,建源砂石有限公司,臺中市霧峰區五福里五福路505號,3000000,1040701
15348,89300753,忻邦科技股份有限公司,臺中市北屯區梅川東路五段468號,10000000,1040716
15350,89306270,上傑電子股份有限公司,臺中市南屯區寶山里工業區18路13號,79100000,1040706
15352,89313271,羅記股份有限公司,臺中市西區臺灣大道二段285號8樓之3,12000000,1040713
15356,89317157,耀晟裝潢建材有限公司,臺中市西屯區上德里智惠街84號1樓,3000000,1040724
15372,89336393,弘保貿易有限公司,臺中市南屯區大光街102號1樓,5000000,1040721
15379,89347602,東浦精密光電股份有限公司,臺中市西區臺灣大道2段307號4樓,995489260,1040708
15383,89353961,吉珍屋洋行有限公司,臺中市西屯區何仁里文心路三段294號1樓,10000000,1040722
15386,89356051,仲翔精機股份有限公司,臺中市大里區夏田里夏元路4之2號,5000000,1040729
15391,89360082,村鴻股份有限公司,臺中市后里區月眉里月湖東路186巷23號,5000000,1040729
15400,89373306,夆孟企業有限公司,臺中市神岡區新庄里和睦路一段537巷49號1樓,10000000,1040713
15406,89385984,台灣寶樂股份有限公司,臺中市南區樹義里大慶街二段6之16巷73號1樓,6000000,1040714
15417,89397308,美閣股份有限公司,臺中市南屯區惠中路三段2號,20000000,1040708
15475,89489398,騰翊機械有限公司,臺中市太平區聖和里長龍路一段中山巷83號1樓,1600000,1040724
15477,89492247,達越企業股份有限公司,臺中市大里區愛心路20號1樓,10000000,1040728
15484,89521046,立淮企業有限公司,臺中市東區自由路四段319號1樓,500000,1040730
15488,89528370,佳樂消防安全設備有限公司,臺中市大甲區經國路2698號,5200000,1040722
15492,89542393,容拓營造股份有限公司,臺中市西屯區文心路三段296號10樓,40000000,1040714
15495,89543920,大千廣播電台股份有限公司,臺中市西區臺灣大道二段309號22樓之2,67000000,1040707
15504,89553969,興維有限公司,臺中市神岡區社南里昌平路五段237巷179號1樓,2000000,1040728
15505,89554307,冠億通訊有限公司,臺中市南屯區春社里忠勇路33-5號1樓,841811,1040715
15506,89555636,富統工業股份有限公司,臺中市梧棲區永安里向上路九段381巷45號,20000000,1040701
15508,89561145,百東實業股份有限公司,臺中市豐原區東陽里東陽路泉州巷30弄1號1樓,5000000,1040706
15514,89578069,良成塑膠股份有限公司,臺中市大里區新仁路三段223巷23號1樓,29000000,1040702
15521,89596101,臺灣亞銳士股份有限公司,臺中市西屯區台灣大道四段839號6樓,753519210,1040708
15558,89654024,安居建設開發股份有限公司,臺中市烏日區烏日里光日路52號,100000000,1040727
15560,89662328,全端企業有限公司,臺中市霧峰區四德里四德南路29號,2000000,1040706
15567,89674513,啟榮工程有限公司,臺中市大里區中新里錦華街32號1樓,5000000,1040721
15568,89675597,東方包裝股份有限公司,臺中市南屯區寶山里工業區23路28號1、2樓,50000000,1040724
15571,89682817,上華工程顧問有限公司,臺中市西區中興里公益路132號9樓,12000000,1040702
15578,89699795,銳福噴砂股份有限公司,臺中市大里區仁化里工業十一路136號1樓,40000000,1040722
15589,89722450,詠翊興股份有限公司,臺中市西區民龍里1鄰臺灣大道二段220號26號,5000000,1040730
15591,89725908,巧宜企業有限公司,臺中市外埔區大同里中山路157號1樓,1000000,1040716
15597,89736665,竹永盛有限公司,臺中市龍井區忠和里台西南路228巷40弄5號1樓,3000000,1040724
15602,89753919,君聖實業有限公司,臺中市西屯區福林里2鄰福順路333號10樓-9,1000000,1040720
15614,89780134,邦詮實業股份有限公司,臺中市烏日區健行南路21號,5000000,1040717
15620,89790920,新盛輝機械股份有限公司,臺中市烏日區溪南路一段715巷12號1樓,10000000,1040728
15625,89806465,中衛聯合開發股份有限公司,臺中市西區大業北路34號1樓,10000000,1040717
15627,89815252,揚波股份有限公司,臺中市豐原區下街里三豐路150號2樓,399000000,1040720
15628,89815838,耀陞食品股份有限公司,臺中市大肚區營埔里營埔一街2號,31000000,1040723
15629,89816196,金瑞泓企業股份有限公司,臺中市南屯區田心里大墩六街311號1樓,7000000,1040724
15630,89819617,好家庭廣播股份有限公司,臺中市南區忠明南路789號37樓,50000000,1040722
15636,89834027,力偕實業股份有限公司,臺中市大里區仁化里工業九路176號,55500000,1040720
15640,89842808,科權科技股份有限公司,臺中市太平區頭汴里長龍路二段5號1樓,5000000,1040713
15646,89854727,丞漢營造有限公司,臺中市西屯區何成里大墩十九街142號1樓,18600000,1040702
15654,89865077,邦立傑股份有限公司,臺中市東區十甲里十甲東路542號1樓,5000000,1040729
15659,89875069,誠裕模具股份有限公司,臺中市太平區精美路166巷38號,50000000,1040724
15672,89911255,浩聖通訊有限公司,臺中市北屯區進化北路63號7樓之1,2000000,1040724
15673,89911327,鍵昌工程有限公司,臺中市北屯區平田里瀋陽路三段334號3樓,5000000,1040723
15715,89978810,國傳企業有限公司,臺中市豐原區南陽路210之2號,1000000,1040717
15719,89984398,鎔利興業股份有限公司,臺中市潭子區祥和路33號,286800000,1040721
15732,90350554,六千實業有限公司,臺中市沙鹿區清泉里清泉路11號,500000,1040701
15737,90773934,宏誠開發營造股份有限公司,臺中市西屯區何成里大容西街57號2樓之2,100000000,1040722
15771,96860837,伸駿企業有限公司,臺中市南區建國南路二段150巷7號,6000000,1040707
15773,96862455,德磬建材有限公司,臺中市梧棲區大村里文心街81巷33號1樓,1000000,1040729
15776,96863898,芝緣實業有限公司,臺中市東勢區新盛里東坑路133巷7號,1000000,1040722
15780,96867183,月眉國際開發股份有限公司,臺中市后里區福容路3號,4051000000,1040709
15781,96870906,舜億營造有限公司,臺中市南屯區大同里大墩路184巷19號,80000000,1040702
15786,96873256,鼎藝國際股份有限公司,臺中市豐原區東湳里角潭路二段119巷12號,7050000,1040707
15788,96880545,潤森有限公司,臺中市北區立人里華美街二段262號5樓之3,20000000,1040724
15792,96889068,日綺股份有限公司,臺中市龍井區忠和里工業路182巷36號,10000000,1040701
15812,96916776,飛浦實業股份有限公司,臺中市太平區太平里永豐路195巷17號,20000000,1040715
15858,96979510,台灣幸榮股份有限公司,臺中市大肚區沙田路三段245巷69號,65000000,1040714
15863,96987716,暔北通運有限公司,臺中市西區公館里建國北路二段141號2樓,25000000,1040716
15873,96996237,洋昇企業有限公司,臺中市南屯區大墩十三街11號1樓,5000000,1040720
15885,97019645,定興投資股份有限公司,臺中市西屯區市政南一路38號2樓,50000000,1040728
15891,97032979,嘉陞原實業有限公司,臺中市龍井區忠和里工業路216巷43弄6號,3000000,1040708
15892,97033082,廣夏工程有限公司,臺中市潭子區東寶里大富路一段2巷21弄8號1樓,3000000,1040704
15896,97039918,策新企業股份有限公司,臺中市西區公館里柳川東路二段57號,25000000,1040701
15902,97049991,廣模精密工業股份有限公司,臺中市霧峰區吉峰路62號,5000000,1040721
15905,97055418,正璿精密實業股份有限公司,臺中市烏日區溪南路一段680巷199號,86500000,1040722
15907,97062889,合興通食品股份有限公司,臺中市南區樹義里樹義六巷5之20號1樓,23000000,1040729
15917,97071846,旭光箔膜科技股份有限公司,臺中市南屯區寶山里工業區十八路5號,193028000,1040715
15928,97099746,聖僑資訊事業股份有限公司,臺中市北屯區水湳里文心路三段445巷2號,50000000,1040730
15977,97160544,漢翔航空工業股份有限公司,臺中市西屯區西平里24鄰漢翔路1號,9082614280,1040723
16004,97174358,大屯有線電視股份有限公司,臺中市大里區國光路1段68號,630000000,1040727
16021,97184270,允翔交通股份有限公司,臺中市沙鹿區興安里大同街35巷16號1樓,25000000,1040729
16022,97186967,中美強科技股份有限公司,臺中市神岡區中山路851巷42號,185297200,1040706
16026,97192460,永大數位動力股份有限公司,臺中市西屯區西屯路2段256巷6號22樓之2,190000000,1040706
16037,97209954,穎龍建設開發有限公司,臺中市大雅區四德里中清路一段三六五號,25000000,1040724
16040,97216322,茂興企業有限公司,臺中市豐原區南陽里圓環東路440巷5號,10000000,1040721
16042,97220043,弘爺國際企業股份有限公司,臺中市烏日區溪埧里溪福路128巷50號2樓,28000000,1040715
16055,97251116,三衛金屬工業股份有限公司,臺中市大安區西安里東西八路35號,28000000,1040724
16112,97334475,天天通電訊有限公司,臺中市北區中清路一段447號12樓之6,5000000,1040722
16115,97338330,順尚有限公司,臺中市北屯區和平里和祥街231號,5000000,1040729
16116,97339106,美廣環境管理股份有限公司,臺中市南屯區五權五街397號1樓,3000000,1040730
16117,97341010,池原有限公司,臺中市豐原區北陽里中陽東街116號1樓,5000000,1040709
16122,97349511,科冠國際股份有限公司,臺中市南區福興里福平街98號1樓,18000000,1040715
16127,97359778,瑩格五金有限公司,臺中市大甲區岷山里中山路一段908巷10之45號,1000000,1040729
16128,97360120,億鳴水電工程有限公司,臺中市烏日區溪埧里溪南路一段460巷135弄36號1樓,15000000,1040716
16137,97373856,神鐿有限公司,臺中市西屯區何安里何厝街101之13號1樓,5000000,1040728
16143,97381650,熊信營造有限公司,臺中市北屯區東山路一段503巷36弄8號1樓,22500000,1040729
16146,97384707,歐舍咖啡有限公司,臺中市西區安龍里五權路14號2樓,3000000,1040714
16155,97413626,仕元機械股份有限公司,臺中市太平區永平路三段66號,110000000,1040714
16156,97413843,大銀微系統股份有限公司,臺中市南屯區春社里精科中路6號,753033920,1040715
16157,97414147,崎盛實業有限公司,臺中市豐原區社皮路293巷130之3號1樓,5000000,1040728
16164,97421034,建源工程企業有限公司,臺中市南屯區溝墘里大墩路484號,60000000,1040715
16167,97422075,宗美衛浴設備企業有限公司,臺中市大里區大里里大里路481巷2弄47號,15000000,1040717
16168,97427065,明佳文化事業有限公司,臺中市北屯區忠平里陳平路65巷140弄19號1樓,5000000,1040727
16184,97447647,富旺國際開發股份有限公司,臺中市西區大隆路20號4樓之5,1755486520,1040706
16195,97456758,太通科技有限公司,臺中市北屯區進化北路63號7樓之1,6000000,1040723
16224,97500749,游林企業有限公司,臺中市大里區健民里仁化路二二一巷二三號一樓,5000000,1040727
16225,97506791,愛地雅工業股份有限公司,臺中市梧棲區草湳里港埠路1段497號,1486827320,1040720
16226,97507784,坤隆行實業股份有限公司,臺中市大里區工業十四路38號,60000000,1040727
16227,97514722,康宜多生物科技股份有限公司,臺中市西屯區林厝里西林巷62號1樓,200000,1040721
16228,97515882,展宇金屬工廠有限公司,臺中市大里區大元里大衛路51號,6000000,1040702
16229,97520323,超吉工業股份有限公司,臺中市大里區瑞城里瑞和街27巷26號1樓,28880000,1040729
16230,97537400,鼎正工具股份有限公司,臺中市太平區中興里永義路26號,60000000,1040715
16231,97545210,新歷芳企業股份有限公司,臺中市霧峰區吉峰里吉峰路31號,56000000,1040713
16232,97568326,佳鍊工業股份有限公司,臺中市大里區大衛路37巷12號,7400000,1040708
16233,97575446,傑安工業股份有限公司,臺中市太平區永豐路131巷13之1號,5000000,1040707
16234,97579739,雯理產業股份有限公司,臺中市大里區塗城里塗城路53號,2000000,1040721
16235,97586400,慶立工業股份有限公司,臺中市霧峰區南勢里豐正路工業巷10號,28000000,1040713
16236,97590122,台氟科技股份有限公司,臺中市西屯區工業區七路28號,520000000,1040724
16244,97750886,耀信塑膠有限公司,臺中市大肚區蔗廍里中蔗路1之36號,1000000,1040708
