序號,統一編號,公司名稱,公司所在地,資本額,核准變更日期
27,02996208,長捷興業有限公司,臺中市北區金華里進德北路一三八號,1000000,1050921
42,03354907,振興貿易股份有限公司,臺中市西屯區協和里工業區32路72號2、3樓,20000000,1050926
101,04404503,美好興業股份有限公司,臺中市西區吉龍里五權二街8號,50000000,1050905
146,04827138,車王電子股份有限公司,臺中市大雅區文雅里20鄰中清路4段85號,985474860,1050909
174,05089290,名匠企業有限公司,臺中市北屯區天津路4段122號1樓,10150000,1050912
186,05383408,儂泰貿易有限公司,臺中市北區原子街22之3號1樓,5000000,1050930
194,05692713,享易工業有限公司,臺中市神岡區社南里中山路851巷51弄45號1樓,5000000,1050907
195,05693939,三鎰股份有限公司,臺中市神岡區庄前里神林路70巷30號,90775000,1050910
199,05796576,毅勳凡而工業股份有限公司,臺中市龍井區忠和里海尾路240巷5號,80000000,1050913
200,05831399,利徠實業股份有限公司,臺中市太平區建國里鵬儀路326巷4號,100000000,1050907
201,05836177,英輝興業股份有限公司,臺中市太平區宜欣里溪洲路130巷3弄10號,15000000,1050921
202,06033226,玉智電子企業有限公司,臺中市大里區大元里國光路一段61號,5000000,1050914
209,07231006,亞細亞貿易股份有限公司,臺中市西屯區協和里工業區32路72號1樓,20000000,1050926
287,11821861,僑光貿易有限公司,臺中市南區福順里南昌街46號,5000000,1050926
365,12606382,車流科技有限公司,臺中市西屯區福安三街20之1號1樓,5000000,1050929
369,12609347,艨凱國際有限公司,臺中市北屯區松強里松竹路2段362-10號,1000000,1050924
372,12612476,天誠公寓大廈管理維護股份有限公司,臺中市北區興進路213號2樓之1,10000000,1050926
378,12617120,新藝環保企業有限公司,臺中市豐原區豐西里忠孝街61號,500000,1050926
383,12624579,劦宏建材有限公司,臺中市龍井區田中里龍北路46巷9號1樓,5000000,1050906
384,12625521,永大霖企業股份有限公司,臺中市太平區德隆里工業二十路67號,34200000,1050922
386,12629878,德華營造有限公司,臺中市西屯區惠來里市政北一路77號7樓之16,3000000,1050904
387,12629907,昇宏環保事業有限公司,臺中市大里區塗城里光正路114巷10號,1000000,1050924
389,12630658,永豐德實業有限公司,臺中市南區福田三街八七巷三七號一樓,1000000,1050919
398,12639089,福永實業有限公司,臺中市北屯區雷中街３２巷７號１樓,1000000,1050922
400,12640712,瑞油有限公司,臺中市北屯區三和里東山路1段146巷17號1樓,5000000,1050919
403,12643767,生產力保全股份有限公司,臺中市南屯區文心路1段306號地下一層之一,40000000,1050908
405,12644626,宇傑建設有限公司,臺中市南屯區大業路498號2樓,25000000,1050923
447,12701007,紹捷工業有限公司,臺中市大雅區上楓里民生路四段一三六巷七七號,1000000,1050906
449,12702575,高市高爾夫股份有限公司,臺中市南屯區保安五街201號1樓,114000000,1050901
450,12703011,大義加油站股份有限公司,臺中市大里區內新里中興路二段186號,16800000,1050920
451,12706988,旺旺投資股份有限公司,臺中市東勢區北興里豐勢路五五七號,10000000,1050906
453,12710028,永勝工程顧問有限公司,臺中市太平區育賢路一○○號一樓,2000000,1050902
455,12710821,永祿實業有限公司,臺中市大里區健民里仁化路１２５巷８弄５號１樓,5000000,1050920
457,12713290,健璟實業股份有限公司,臺中市太平區光華里長安路233巷6號,17920000,1050926
460,12716120,浤宇國際企業有限公司,臺中市北區賴村里中清路一段372號4樓,3000000,1050929
463,12718372,家裡蹲創意印刷股份有限公司,臺中市西屯區大河街8號4樓,50000000,1050905
464,12718680,萬得五金工具有限公司,臺中市太平區頭汴里長龍路二段636巷20號　　,2000000,1050913
466,12721974,順玹木業股份有限公司,臺中市沙鹿區中山路永安巷65號1樓,5000000,1050924
468,12724199,鑫將作室內裝修股份有限公司,臺中市北區淡溝里館前路19號11樓之１,6000000,1050912
471,12726274,台灣基礎開發科技股份有限公司,臺中市大里區國光路1段68號,781782690,1050930
472,12728701,銓錸國際有限公司,臺中市西區後龍里梅川東路二段8號1樓　,2000000,1050913
474,12730571,全揚油化有限公司,臺中市北區健行里西屯路一段412巷1弄8號,1000000,1050902
482,12735512,忠義機電有限公司,臺中市太平區新光里立功路87號1樓,6000000,1050921
485,12738193,頡俐有限公司,臺中市東區富台里自由路三段171號1樓,1000000,1050912
486,12739664,舜泓五金有限公司,臺中市大甲區中山里甲后路五段335巷117號,500000,1050920
489,12740796,華甲企業股份有限公司,臺中市西屯區龍門一街178號2樓,80000000,1050909
491,12742703,揚諺精機股份有限公司,臺中市龍井區忠和里工業路246巷12號,60000000,1050919
492,12744343,大壹營造有限公司,臺中市大里區至善路38號1樓,5000000,1050926
503,12753757,名豐生物科技有限公司,臺中市南屯區大墩二街213號1樓,1000000,1050920
505,12756353,六月雪國際有限公司,臺中市清水區靈泉里四鄰文昌街一之三號一樓　,1000000,1050912
506,12756500,宗和冷凍空調有限公司,臺中市大里區東興里永興路157巷33號1樓,3000000,1050926
511,12765058,上億消防事業有限公司,臺中市北區健行里梅亭街606之2號,1000000,1050909
515,12768843,慶臻實業有限公司,臺中市東區建德街61號2樓,20000000,1050923
518,12772728,正文技術顧問有限公司,臺中市南區大忠南街246號,1000000,1050921
521,12776479,永來鑫實業有限公司,臺中市西屯區市政北一路77號12樓之9,1000000,1050910
523,12780585,山大興冷氣工業有限公司,臺中市豐原區南陽里南陽路215巷202號3樓,2000000,1050921
529,12796496,和諠實業有限公司,臺中市外埔區三崁里甲后路101號,600000,1050913
531,12799085,新城廣告工程有限公司,臺中市沙鹿區西勢里中航路一段420巷15號1樓,2000000,1050910
547,12811362,丞慶汽車股份有限公司,臺中市南屯區豐樂里文心南六路302號1樓,28000000,1050906
555,12819673,優凱特企業有限公司,臺中市北屯區平興里柳陽東街75號8樓,5000000,1050908
558,12821093,曜德科技股份有限公司,臺中市西屯區上石里上明三街7號1樓　,5000000,1050913
559,12822924,匯揚不動產經紀實業有限公司,臺中市北屯區文心路4段290號1樓,500000,1050922
560,12824900,帝納克國際有限公司,臺中市南區忠明南路760號25樓,5000000,1050929
562,12830353,健誼興業有限公司,臺中市東區東興里建中街113號1樓,2000000,1050908
564,12831677,玖沛企業有限公司,臺中市北屯區安順北一街49號,3000000,1050907
568,12836434,台新電業工程有限公司,臺中市梧棲區永興路一段650巷78之1號1樓,1000000,1050912
569,12837588,上禾立生物科技股份有限公司,臺中市西屯區工業區38路210號4樓之5,60000000,1050920
572,12838762,志璟實業有限公司,臺中市北區頂厝里永興街298巷1弄8號1樓,28600000,1050912
574,12841871,徠通科技股份有限公司,臺中市南屯區文山里18鄰精科路20號,251386710,1050925
577,12844384,丞鉅科技有限公司,臺中市大里區內新里中新街33號1樓,5000000,1050901
582,12848966,力頓國際有限公司,臺中市南屯區文心南三路679號1樓,5000000,1050903
583,12849233,仁人國際股份有限公司,臺中市西屯區逢甲路253巷33號,1100000,1050914
584,12849402,億海室內裝修有限公司,臺中市大雅區秀山里秀山路288號1樓,10000000,1050907
605,12881459,台灣九沃國際實業有限公司,臺中市南屯區文山里嶺東路752號2樓,6500000,1050926
606,12881887,聖磊實業有限公司,臺中市南屯區新生里筏子東街一段167號1樓,2000000,1050902
613,12892667,協禾事務機器有限公司,臺中市北區育德路七七號,1000000,1050913
615,12893791,永農整合展覽事業有限公司,臺中市烏日區螺潭里環中路八段1219巷78弄9號,12000000,1050906
616,12896018,曜琳事業有限公司,臺中市大肚區沙田路一段918巷17之1弄9號1樓,1000000,1050920
622,12904241,益安投資股份有限公司,臺中市西屯區惠來里文心一路168號4樓,50000000,1050913
623,12905282,亞瑞國際有限公司,臺中市大里區永隆里永大街240號1樓,5000000,1050914
625,12905852,蜜源實業有限公司,臺中市西區後龍里大和路33號底1層之1,29000000,1050926
626,12906260,虎嘯企業有限公司,臺中市西區土庫里美村路一段576巷30號3樓,12000000,1050913
632,12911778,永川模型科技有限公司,臺中市南屯區田心里五權西路二段473號1樓,1100000,1050914
642,12924154,方圓聯合室內裝修有限公司,臺中市南區福興里南平路296號5樓之1,10000000,1050919
644,12924773,漢恒企業有限公司,臺中市烏日區仁德里文德街160巷9號1樓,12000000,1050920
648,12927315,愛克斯資訊有限公司,臺中市龍井區新東里臺灣大道五段3巷30弄30、36號1樓,3000000,1050921
660,12936638,明氏股份有限公司,臺中市西屯區工業區30路14號1、2樓,2000000,1050913
691,12982864,宇寬營造有限公司,臺中市烏日區溪南路三段102號1樓,23000000,1050910
692,12987896,羿勝有限公司,臺中市清水區中社里中社路97-43號,1000000,1050902
700,12998535,馥坊投資有限公司,臺中市西屯區惠來里河南路三段169號13樓之1,41300000,1050906
702,12999680,永明汽車材料有限公司,臺中市龍井區龍津里臨港東路二段150巷30弄5號,500000,1050913
707,13003938,富丞旅行社有限公司,臺中市西屯區臺灣大道三段540號14樓之3,6000000,1050910
709,13004681,客樂實業股份有限公司,臺中市西屯區何源里成都路168號1樓,2680000,1050919
714,13007060,郁展營造有限公司,臺中市外埔區土城里6鄰土城西路118號,3000000,1050906
715,13007929,上荏企業有限公司,臺中市豐原區陽明里中興路21號1樓,10000000,1050910
718,13012541,奇基生物科技有限公司,臺中市大里區東興里國光路二段七０四之九號,5000000,1050921
721,13015527,艾斯可投資有限公司,臺中市西屯區福恩里工業區一路2巷3號11樓之4,28000000,1050906
723,13019100,成越鋁業有限公司,臺中市西屯區廣福路272巷1之2號,5000000,1050929
726,13020795,上齊醫藥生技有限公司,臺中市烏日區烏日里三民街157號1樓,1000000,1050909
727,13022196,興加生活科技有限公司,臺中市沙鹿區保成路19號,5000000,1050913
734,13029629,峰葆實業有限公司,臺中市沙鹿區鹿峰里錦衣街150號2樓,3000000,1050909
735,13030098,帕洛瑪有限公司,臺中市豐原區三和路354巷194號1樓,5000000,1050904
738,13033428,上央島有限公司,臺中市大甲區江南里東西七路一段99巷19號1樓,1000000,1050920
739,13033525,科亞得實業有限公司,臺中市大里區大里路96號1樓,1000000,1050902
740,13033692,弼鈞興業有限公司,臺中市南屯區豐樂里萬和路一段35之18號,500000,1050908
742,13036109,富可鞋業有限公司,臺中市西屯區寧夏路38號1樓,1000000,1050906
744,13036754,久盛興業股份有限公司,臺中市大里區長榮里德芳南路282號8樓之5,25000000,1050910
745,13037064,鼎隆國際商業有限公司,臺中市西屯區台中港路二段124號1至7樓,6000000,1050907
746,13037135,睿誌整合行銷傳播有限公司,臺中市西屯區西安里逢明街29巷42號1樓,5000000,1050929
750,13040568,升暉精密工業有限公司,臺中市神岡區豐洲里10鄰豐洲路332巷19之6號,3000000,1050905
751,13040693,鉅耕科技有限公司,臺中市西屯區上德里青海路二段源通巷38弄3號1樓,500000,1050929
752,13041709,大中華國際事業股份有限公司,臺中市西區博館路117號4樓之1,5000000,1050926
757,13046839,龍新電機有限公司,臺中市烏日區五光路930巷37弄13號,3030000,1050914
758,13047247,浩瀚開發建設股份有限公司,臺中市西區臺灣大道二段501號16樓之1,200100000,1050921
759,13047416,仕家不動產有限公司,臺中市大雅區上楓里神林南路159號1樓,1000000,1050906
761,13051163,仁徠貿易有限公司,臺中市西區中興里公益路155巷102號,30000000,1050926
764,13053036,舒爽生化科技股份有限公司,臺中市南區忠明南路787號18樓之1,21110000,1050906
765,13053063,勵林貿易有限公司,臺中市神岡區豐洲里東洲路247巷80號,1000000,1050907
769,13060803,贊勝營造有限公司,臺中市豐原區北陽里豐東路304巷31號2樓,10000000,1050906
772,13064857,詠慶不動產經紀有限公司,臺中市太平區十甲路623號1樓,500000,1050924
777,13071843,佰欣食品有限公司,臺中市大甲區岷山里甲后路192之1號,2500000,1050921
780,13073743,維紳企業有限公司,臺中市太平區中山路二段100巷22弄7號1樓,5000000,1050902
784,13075783,新耀營造有限公司,臺中市外埔區鐵山里長生路四八一號一樓,3000000,1050901
785,13077071,啟樺營造有限公司,臺中市西屯區何南里大聖街491號2樓,3000000,1050924
786,13077109,永芳印刷有限公司,臺中市北屯區平興里崇德二路一段130號1樓,2400000,1050905
787,13078091,太鼓實業有限公司,臺中市大肚區瑞井里遊園路一段72北巷4弄12號1樓,4000000,1050912
788,13078368,明湊股份有限公司,臺中市北區英才路148號1樓,2000000,1050901
789,13078867,保視力股份有限公司,臺中市清水區中興里光復街30之1號2樓,2000000,1050913
790,13079465,力豪實業有限公司,臺中市西區民龍里民權路307號1樓,5000000,1050913
812,13099928,齊欣國際有限公司,臺中市烏日區永春東三南路97號一樓,5000000,1050910
835,13131785,加貝多實業有限公司,臺中市南區樹義里文心南路745之7號2樓之1,1000000,1050902
845,13151254,耀寬營造有限公司,臺中市南屯區大墩路716號4樓之12,22500000,1050907
883,16005092,韋綸工程有限公司,臺中市大里區新仁里新仁路一段91巷10號,12000000,1050908
884,16008268,承豐空調工程有限公司,臺中市大肚區沙田路一段854巷113之1號1樓,2000000,1050905
889,16017766,台中華美街担仔麵有限公司,臺中市西屯區何源里六鄰華美西街二段215號,6200000,1050922
890,16018287,言錞有限公司,臺中市北屯區安順東七街18號1樓,3000000,1050912
893,16027363,新益鋼機械有限公司,臺中市太平區永義十二街9號1樓,500000,1050913
894,16029067,鉦翊興業有限公司,臺中市北屯區水景里水景街126巷15弄3號,1000000,1050923
896,16032909,必優德建設有限公司,臺中市北區錦洲里國豐街160號1樓,75000000,1050908
901,16038360,崇舜股份有限公司,臺中市西屯區工業區33路14號,60000000,1050908
902,16044692,桂辰企業有限公司,臺中市潭子區甘蔗里勝利六街1號5樓,5000000,1050919
904,16046066,兆遠鋼鐵股份有限公司,臺中市豐原區東湳里三豐路二段198巷13號,100000000,1050926
905,16048297,易晟機械工業有限公司,臺中市大安區永安里東西四路400巷6號,3000000,1050926
906,16048803,崴園實業有限公司,臺中市北屯區仁美里豐樂路3巷2弄22號1樓,1000000,1050914
909,16052046,東茂有限公司,臺中市東勢區北興里公園路118號1樓,3000000,1050921
910,16053024,至鋒工程顧問有限公司,臺中市西屯區大墩十八街189號2樓-1,1000000,1050909
911,16054754,丁水興廢棄物清除有限公司,臺中市大里區三民一街10巷34號1樓,5000000,1050926
912,16054987,廷炬營造有限公司,臺中市西屯區至善里逢甲路225巷23號1樓,3000000,1050924
914,16057801,台灣順力發有限公司,臺中市太平區永平路二段318號,5000000,1050912
919,16060382,圓隆室內裝修工程有限公司,臺中市大里區新里里愛心三街2號,5000000,1050902
920,16061805,米奇汽車旅舘有限公司,臺中市南屯區三厝里五權西路2段855號,5000000,1050907
923,16066029,永嘉盛包裝材料企業有限公司,臺中市西屯區何源里漢成街二七｜三號一樓,1000000,1050906
938,16089780,友盟事業股份有限公司,臺中市北區三民路三段167之1號（地下2樓）,500000,1050907
969,16159700,茂森國際實業有限公司,臺中市沙鹿區正德路321巷19弄6號,5000000,1050907
972,16170867,三扇有限公司,臺中市南區福順里忠明南路７８９號８樓,5000000,1050910
981,16182316,虹陽電腦實業有限公司,臺中市大里區塗城路二九四號一樓,6500000,1050901
987,16188584,鈞龍機械工業有限公司,臺中市后里區中和里民間路10號,25000000,1050910
988,16193587,凰群實業有限公司,臺中市西區双龍里英才路497號四樓之2,5000000,1050907
991,16195760,擎美股份有限公司,臺中市北區崇德八路一段83號1樓,20000000,1050912
993,16203446,康泰柏企業有限公司,臺中市北屯區松竹五路一段291巷13號1樓,500000,1050921
998,16207421,威亞照明設備有限公司,臺中市豐原區社皮里社興二街5號1樓,1000000,1050901
1000,16208075,沅泰投資股份有限公司,臺中市南屯區向上南路一段163號3樓之3,28000000,1050909
1004,16214175,銓鴻紙品有限公司,臺中市南區和平里南平路35-15號1樓,2500000,1050920
1012,16229184,正淯企業有限公司,臺中市南屯區黎明路2段186號1樓　,1000000,1050926
1014,16229327,三富豐實業股份有限公司,臺中市神岡區庄前里神林路70巷21號之1,5000000,1050912
1020,16233069,全盛螺絲五金企業有限公司,臺中市神岡區和睦路311號,1000000,1050914
1025,16237662,珈傑企業股份有限公司,臺中市大里區仁化里工業十二路37號,5000000,1050923
1028,16240770,一新工程有限公司,臺中市西屯區福安里臺灣大道四段16巷398號,5000000,1050903
1031,16247486,奕杰企業有限公司,臺中市南屯區大誠里大墩一街26號1樓,2000000,1050907
1033,16249575,喬和室內設計工程有限公司,臺中市北屯區東光路716號1樓,1000000,1050925
1034,16250329,信愷工業有限公司,臺中市大甲區太白里通天路52之2號,1000000,1050907
1036,16254248,偉恩營造有限公司,臺中市大雅區二和里雅環路1段289巷9號1樓,29000000,1050909
1037,16255210,翔錮實業有限公司,臺中市太平區新平路二段262號,2000000,1050905
1038,16255540,昱晉企業有限公司,臺中市太平區中平路22巷28號,1000000,1050903
1046,16268968,真道投資股份有限公司,臺中市西區臺灣大道二段501號20樓之1,29000000,1050920
1052,16279867,克維特有限公司,臺中市外埔區大東里甲后路五段130巷46弄20號,30000000,1050913
1081,16339680,福威國際企業有限公司,臺中市南屯區黎明路一段一六六巷二之九號一樓,500000,1050908
1085,16342432,秉新實業有限公司,臺中市豐原區南村里北陽一街92號1樓,2000000,1050926
1086,16343951,全陞企業有限公司,臺中市霧峰區甲寅里林森路982號7樓之3,3000000,1050921
1088,16350214,哲堃營造有限公司,臺中市沙鹿區鹿寮里中山路３８８–２號１樓,6000000,1050907
1097,16363301,弦鋒工業有限公司,臺中市北屯區三甲東街258號,2000000,1050905
1098,16364907,玫瑰共和國際事業有限公司,臺中市龍井區藝術北街31號1樓,2500000,1050912
1106,16371506,得寶鐘錶工業有限公司,臺中市大甲區中山里水源路257號,5000000,1050914
1111,16375432,兆展機械有限公司,臺中市大甲區太白里通天路31之5號,1000000,1050913
1113,16379916,世發數位科技印刷股份有限公司,臺中市西屯區大河里大河街24號1樓,10300000,1050914
1114,16381238,鼎三營造有限公司,臺中市清水區橋頭里民有路120巷22號1樓,10000000,1050905
1116,16381743,元寶山珠寶銀樓有限公司,臺中市大甲區順天里順天路191號,1000000,1050907
1117,16385229,村長開發有限公司,臺中市烏日區前竹里光明路157巷42弄13號1樓,5000000,1050908
1122,16393092,源寶源企業股份有限公司,臺中市南屯區大正街5-3號1樓,5000000,1050906
1124,16395078,冠群順有限公司,臺中市南屯區文心南７路６８號１樓,1000000,1050901
1125,16396083,點鑫產業股份有限公司,臺中市太平區建國里鵬儀路366巷1弄1號2樓,20000000,1050923
1126,16399342,信篁企業有限公司,臺中市南區樹義里福田路77巷108號2樓,2000000,1050921
1129,16403606,緯達營造有限公司,臺中市神岡區北庄里中山路1252之17號,3000000,1050921
1130,16404491,旭政有限公司,臺中市沙鹿區斗抵里斗潭路文光巷39弄4號,2000000,1050912
1131,16404823,古東金屬工業有限公司,臺中市清水區菁埔里中山路564-12號1樓,5000000,1050905
1132,16406097,齊力營造工程股份有限公司,臺中市豐原區南陽里圓環東路240號1樓,3000000,1050913
1134,16409088,來運交通股份有限公司,臺中市北區健行里忠明路424地下一層之2號,25000000,1050913
1139,16420020,吉辛企業有限公司,臺中市南區三民西路299號3樓,5000000,1050912
1140,16425030,大中興企業股份有限公司,臺中市西屯區何南里精明二街9號1樓,10000000,1050920
1141,16425398,煜益鋁業股份有限公司,臺中市龍井區忠和里海尾路278巷9號,186750000,1050909
1142,16426707,鉅鑫空調工程股份有限公司,臺中市南區南和里工學三街27號,10000000,1050929
1143,16427446,秉華科技有限公司,臺中市龍井區遠東街133巷8號1樓,5000000,1050905
1144,16427564,荃林興業股份有限公司,臺中市豐原區府前街143巷3號2樓,15000000,1050907
1145,16428445,運捷通信有限公司,臺中市西區柳川東路二段93巷17號1樓,5000000,1050908
1146,16428590,金美清潔有限公司,臺中市烏日區溪埧里福泰街72號1樓,500000,1050906
1147,16429367,曾琴實業有限公司,臺中市西區公益里向上北路229-2號1樓,1000000,1050910
1163,16448293,裕鵬物流股份有限公司,臺中市西區五權三街45號1樓,160000000,1050920
1164,16449201,艾科盟國際有限公司,臺中市后里區三豐路四段130巷19號,20000000,1050901
1165,16449928,金棠科技股份有限公司,臺中市西屯區工業區七路20號,1714959090,1050929
1176,16494319,源大竹有限公司,臺中市潭子區福仁里大新路1號之11,1000000,1050902
1177,16496689,明潔裝潢有限公司,臺中市南屯區田心里向心路55號1樓,500000,1050925
1179,16499840,榮倚毛筆有限公司,臺中市大里區立仁里合信街2巷8號1樓,3000000,1050908
1180,16500348,琮信有限公司,臺中市沙鹿區斗抵里斗潭路55之2號,20000000,1050913
1181,16501297,金裕企業有限公司,臺中市大里區中新里環中東路六段440號1樓,1000000,1050909
1182,16502367,世旻汽車實業有限公司,臺中市南屯區楓樹里黎明路一段362之23號1樓,3000000,1050909
1187,16508170,揚峯慶股份有限公司,臺中市西區忠誠里大隆路二十號一四樓之一,210000000,1050929
1188,16509570,日碩實業股份有限公司,臺中市西區後龍里梅川西路一段137號1樓,228231220,1050909
1189,16510140,大有投資股份有限公司,臺中市西屯區臺灣大道四段839號6樓,20000000,1050906
1190,16514877,興億宏實業有限公司,臺中市沙鹿區清泉里清泉路37ー4號,500000,1050921
1193,16517191,長寬高營造有限公司,臺中市太平區長億里永康街九九號一樓,3000000,1050912
1196,16518425,品康企業有限公司,臺中市南屯區向心里向心南路905巷14號1樓,5000000,1050905
1198,16519450,呈易電信工程有限公司,臺中市北屯區四民里水湳路151之13號1樓,15500000,1050919
1199,16521651,宏利國際商務有限公司,臺中市西屯區何德里漢口路二段151號10樓之8,7660000,1050907
1202,16523335,東營工程有限公司,臺中市大甲區中山里甲后路五段453巷72號,5000000,1050926
1205,16526451,京傣企業股份有限公司,臺中市梧棲區臺灣大道八段699號3樓,15000000,1050913
1207,16527682,華凌光電股份有限公司,臺中市北屯區忠平里敦化路一段509號10樓及11樓,400000000,1050908
1208,16528893,班馬科技有限公司,臺中市烏日區烏日里大同五街25號1樓,1000000,1050924
1209,16529295,緯達國貿有限公司,臺中市北屯區平安里熱河路2段23號8樓,500000,1050903
1210,16529491,加讚水電工程有限公司,臺中市南屯區南屯里黎明路一段1100巷27號1樓,3000000,1050909
1211,16529669,富承室內裝潢工程有限公司,臺中市南屯區大同里精誠路544號1樓,10000000,1050913
1214,16533690,惠來谷關溫泉會館股份有限公司,臺中市和平區東關路一段溫泉巷10號,150000000,1050913
1217,16540159,金富石油股份有限公司,臺中市梧棲區大智路二段370巷47號,12000000,1050910
1221,16547218,正鼎石業有限公司,臺中市西屯區何源里河南路一段88號1樓,3000000,1050908
1224,16550888,德芳加油站股份有限公司,臺中市大里區大里里德芳南路251號,36000000,1050912
1227,16556291,鉅諺精密儀器股份有限公司,臺中市龍井區忠和里工業路216巷25號,29800000,1050919
1228,16557170,博臻股份有限公司,臺中市西區大隆路20號14樓之1,247500000,1050902
1229,16559614,勝禹企業有限公司,臺中市北區錦村里興進路39號1樓,1000000,1050901
1239,16568830,泛國投資股份有限公司,臺中市北屯區旅順路二段40號1樓,17500000,1050928
1240,16571883,坤雲國際電訊有限公司,臺中市北屯區平陽里大連路一段307號1樓,5000000,1050907
1244,16576796,高登投資有限公司,臺中市南區福南街93號1樓,29000000,1050909
1276,16634705,合富國際股份有限公司,臺中市西屯區協和里工業區37路42號,80000000,1050908
1279,16647384,寶中宏實業有限公司,臺中市北區新北里錦新街70-3號1樓,1000000,1050901
1284,16656067,台化工程有限公司,臺中市南區工學里德富路269號1樓,3000000,1050924
1285,16657489,安勝工程有限公司,臺中市石岡區石岡里石岡街112號1樓,10000000,1050909
1287,16662531,台泓貿易有限公司,臺中市梧棲區草湳里建國北街340號1樓,5000000,1050921
1291,16666207,異種企業有限公司,臺中市烏日區九德里長春街72號1樓,1000000,1050926
1292,16669823,銘揚文化事業有限公司,臺中市南區五權南路535號1樓,500000,1050910
1293,16671279,慶唐機電工程有限公司,臺中市南屯區豐樂里東興路一段355號1樓,1000000,1050901
1296,16673375,富鈺鋼鐵工程有限公司,臺中市梧棲區文化里梧棲路66號,10000000,1050914
1297,16673636,三新甲有限公司,臺中市霧峰區五福里五福西路306之3號,3000000,1050923
1298,16674993,水沙連投資有限公司,臺中市南屯區公益路二段一三一號,1000000,1050919
1300,16682608,祥盛普企業有限公司,臺中市清水區橋頭里民治路19號,2000000,1050902
1301,16683992,潔麟貿易有限公司,臺中市北區金華里錦華街66號,3000000,1050905
1314,16697834,勁楊國際有限公司,臺中市烏日區五光里五光路95號,1000000,1050926
1316,16701154,健富儀器有限公司,臺中市北屯區大連路三段16號11樓之2,12000000,1050909
1317,16703580,明昱內衣企業有限公司,臺中市北屯區仁和里山西北一街８７巷８號２樓,6000000,1050912
1320,16712498,唯昌木業有限公司,臺中市神岡區社口里社口街225號1樓,3000000,1050926
1327,16721433,瑩右企業有限公司,臺中市大里區國光路二段624巷37號1樓,5000000,1050905
1328,16725705,益嘉度量衡有限公司,臺中市南區美村路二段202號1樓,1500000,1050926
1333,16730067,漢諾瓦室內設計有限公司,臺中市西屯區文心路三段299號1樓,5000000,1050926
1334,16730952,志明工具有限公司,臺中市南區南和里2鄰工學北路43號,500000,1050922
1335,16733450,萬霖企業有限公司,臺中市中區綠川西街135號7樓之1、之2,3000000,1050913
1336,16734606,鋐州工程有限公司,臺中市霧峰區峰谷里峰谷路155之15號,5000000,1050901
1384,16818555,山汰科技股份有限公司,臺中市北屯區水景里三甲東街261號1樓,400000000,1050901
1399,16861686,東榮多媒體實業有限公司,臺中市北屯區大德里平德路一巷48號1樓,1000000,1050907
1400,16863495,萬年清環境工程股份有限公司,臺中市西屯區惠來里市政南一路12號3樓之1,150000000,1050913
1403,16869110,啟元交通事業有限公司,臺中市梧棲區福德里忠孝街137號1樓,25000000,1050919
1406,16872781,城市廣播股份有限公司,臺中市南區忠明南路758號28樓,60000000,1050905
1411,16876718,佳境工業有限公司,臺中市北區錦洲里天祥街28巷58號1樓,1000000,1050901
1415,16878716,勝新發企業有限公司,臺中市大雅區文雅里中山北路470巷1號,1000000,1050907
1417,16882090,瑋易實業有限公司,臺中市太平區永成里長億六街126巷25號1樓,1000000,1050920
1429,16898591,金嬋有限公司,臺中市大甲區中山里甲后路79號,2000000,1050920
1437,16914939,有全新企業有限公司,臺中市霧峰區甲寅里德維街118號1樓,2000000,1050920
1438,16915000,小葫蘆清潔工程有限公司,臺中市西區公館里柳川東路2段76巷8號3樓,720000,1050910
1442,16924583,宇翔國際事業有限公司,臺中市北屯區平安里文昌東六街60號2樓,3500000,1050914
1446,16932839,奇美室內裝修有限公司,臺中市龍井區東海里遊園北路613號1樓,3000000,1050912
1448,16934127,美齊富有限公司,臺中市南屯區田心里五權西路二段481號1樓,10500000,1050926
1451,16935499,鰱巍實業有限公司,臺中市西屯區福星路124號1樓,1000000,1050907
1452,16936080,鈞格營造有限公司,臺中市西屯區潮洋里朝貴一街110號1樓,10000000,1050903
1454,16948136,逸泉實業有限公司,臺中市西屯區西屯路二段256巷6號15樓之6,2000000,1050919
1455,16948488,郁欽營造股份有限公司,臺中市大甲區庄美里興安路28號,25000000,1050901
1457,16952530,宇勝環保服務有限公司,臺中市南屯區春社里嶺東南路37之30號1樓,1000000,1050908
1458,16953427,詮印有限公司,臺中市西屯區福中十五街10巷17號1樓,500000,1050907
1459,16958534,陵陽精密工業有限公司,臺中市大里區仁禮街7號1樓,3000000,1050906
1460,16966400,大北企業有限公司,臺中市北屯區中清路112之92號1樓,3500000,1050914
1461,16968250,成懋科技有限公司,臺中市大里區東榮路55巷42弄18號1樓　,1000000,1050906
1464,16972254,展鈺興業有限公司,臺中市沙鹿區斗抵里沙田路31之2號,2000000,1050902
1468,16977440,行家小客車租賃有限公司,臺中市南屯區田心里惠文路三一八號一樓,5000000,1050909
1474,16983956,東夌有限公司,臺中市龍井區忠和里海尾路278巷33弄18號,5000000,1050906
1476,16989966,亞誌企業有限公司,臺中市大甲區奉化里賢仁路51之6號,5500000,1050921
1477,16990886,佑順發機械股份有限公司,臺中市南屯區工業區20路6號1樓,57500000,1050912
1479,16992239,金戶春營造工程有限公司,臺中市西區公正里大進街159號8樓之6,3000000,1050926
1490,18896731,培聖企業有限公司,臺中市中區大墩里光復路169號,3000000,1050920
1512,20830975,宇慶化工股份有限公司,臺中市大甲區三民路288號1樓,15000000,1050905
1514,20833614,春菖貿易有限公司,臺中市西屯區天水西二街35號3樓,15000000,1050924
1531,20902843,崧傑股份有限公司,臺中市北屯區北屯路366號12樓之1,29000000,1050923
1547,21233666,吉嘉電子股份有限公司,臺中市潭子區祥和路47號5樓,166320000,1050920
1552,22001756,御泉事業股份有限公司,臺中市大里區國光路二段500號6樓之1,150000000,1050905
1570,22053091,旭倉金屬企業有限公司,臺中市大甲區文武里育英路文化巷18號,5000000,1050909
1571,22053677,鴻光木工刀具股份有限公司,臺中市西屯區西屯路二段282巷10號1樓,5000000,1050901
1574,22063112,原光立金屬工業股份有限公司,臺中市潭子區栗林里中山路三段287巷9弄166號,33000000,1050909
1576,22063416,般若科技股份有限公司,臺中市西屯區工業區三十五路37號1樓,452760420,1050909
1577,22066223,國紫不銹鋼建材有限公司,臺中市清水區秀水里華江南街一段57號1樓,5000000,1050920
1585,22082835,信鈦實業有限公司,臺中市北屯區四民里四平路392號1樓,5000000,1050910
1588,22088303,聖貽空油壓有限公司,臺中市豐原區中山路286號,5100000,1050913
1593,22101220,上靖光電股份有限公司,臺中市潭子區潭秀里建國路11-2號,40000000,1050914
1604,22108639,豐彬製模股份有限公司,臺中市烏日區前竹里仁義街6號,14110000,1050907
1605,22109320,有頂實業有限公司,臺中市潭子區大豐里潭富路二段81巷13號1樓,5000000,1050913
1607,22115940,卡是香有限公司,臺中市大里區仁化里仁化路775號,3000000,1050906
1614,22137331,釧裕實業廠有限公司,臺中市豐原區豐南街240巷139弄33號,5000000,1050909
1633,22204669,土山貿易有限公司,臺中市南區美村路二段186號5樓之3,7000000,1050913
1638,22209432,新晨工業股份有限公司,臺中市太平區光華里長安路493巷15弄8號,5000000,1050905
1639,22212582,洽發實業股份有限公司,臺中市沙鹿區鎮南路二段650號,5000000,1050923
1640,22213267,萬鐙金屬有限公司,臺中市烏日區烏日里新興路16號,28000000,1050910
1648,22224736,南凱塑膠工業股份有限公司,臺中市大里區東湖里東南路27號,9000000,1050920
1650,22229520,毅大光學股份有限公司,臺中市潭子區栗林里豐栗路109號,6000000,1050921
1652,22242170,年晟企業有限公司,臺中市龍井區高園路二三八巷二八弄九號,4000000,1050920
1654,22247098,辰晧電子股份有限公司,臺中市南屯區五權西路三段268號,68000000,1050925
1663,22280238,津谷食品股份有限公司,臺中市西屯區大河里文心路三段179之15號地下室、1、2樓,100000000,1050905
1664,22280357,星來企業有限公司,臺中市豐原區豐田里田心路二段482號,5000000,1050926
1667,22283734,榮際實業股份有限公司,臺中市新社區協成里興隆街70號,25100000,1050921
1671,22293395,明煜工業股份有限公司,臺中市豐原區北陽里南陽路17號,5000000,1050921
1673,22294205,盟傑工業股份有限公司,臺中市后里區墩南里公安路一段31號一樓,6000000,1050929
1674,22295366,南綸工業有限公司,臺中市霧峰區草湖路135巷1弄68號,8800000,1050903
1676,22297364,鼎佳企業股份有限公司,臺中市潭子區栗林里中山路三段287巷9弄96號2樓,5000000,1050909
1677,22301846,昌園股份有限公司,臺中市北屯區三和里東山路一段138巷28號1樓,21000000,1050929
1679,22304718,金弘鑄機股份有限公司,臺中市東區東英路383之1號,6000000,1050930
1681,22305688,捷大服務實業股份有限公司,臺中市北屯區三和里東光路842號1樓,15000000,1050920
1684,22310985,台韻塑膠泡棉有限公司,臺中市梧棲區自立路110號,5500000,1050926
1685,22311669,忠峰木藝有限公司,臺中市太平區宜欣里宜昌東路23巷11號,4200000,1050906
1686,22313890,磊泰興業有限公司,臺中市南屯區南屯里五權西路二段666號9樓之6,6000000,1050922
1687,22314315,仲鎂醫療器材有限公司,臺中市外埔區三崁里三崁路５３之一號,3000000,1050907
1696,22336248,弘商企業管理顧問有限公司,臺中市北區忠明路424號5樓之2,3500000,1050913
1698,22340019,台灣發那科股份有限公司,臺中市西屯區協和里工業區16路10號,1448190000,1050920
1711,22373340,明鋒交通股份有限公司,臺中市梧棲區南簡里大智路一段698號1樓,25000000,1050912
1713,22375419,永聖精密機械股份有限公司,臺中市西屯區協和里工業區36路50之1號,24300000,1050905
1714,22375826,忠瑩股份有限公司,臺中市東區台中路325號5樓,28000000,1050901
1718,22385417,品帥紙器廠股份有限公司,臺中市新社區中正里中和街五段68號,23500000,1050919
1719,22385937,環陽音響工程有限公司,臺中市南屯區萬和路一段31-26號1樓,26500000,1050914
1723,22400509,沙鹿鐘錶股份有限公司,臺中市沙鹿區沙田路177號1樓,8000000,1050923
1726,22407778,赫德有限公司,臺中市太平區新坪里育德路60巷18號2樓,7000000,1050912
1734,22447526,廷鑫興業股份有限公司,臺中市南屯區文心路1段218號23樓之1,496161720,1050921
1755,22485838,系格工業股份有限公司,臺中市大雅區員林里中清路四段93號,12000000,1050901
1757,22489715,毅易工業有限公司,臺中市東區進德路34之2號,5000000,1050902
1758,22491851,龍宏工業有限公司,臺中市龍井區三德里中厝路137巷2號,5000000,1050906
1762,22502421,德旺國際股份有限公司,臺中市潭子區甘蔗里勝利八街33巷12號2樓,3000000,1050913
1769,22510695,元普塑膠企業有限公司,臺中市烏日區中山路三段1371號,8000000,1050905
1771,22516142,期峰股份有限公司,臺中市豐原區中陽里中陽路一四三號,5000000,1050906
1776,22556930,聯全製線廠有限公司,臺中市梧棲區大村里文昌路446號,2000000,1050925
1779,22560548,泰宇全弘電鍍股份有限公司,臺中市西屯區大河里永輝路89巷15號,5000000,1050923
1788,22575872,鍀崴工業股份有限公司,臺中市太平區長龍路2段636巷17號,35000000,1050913
1794,22586532,順楓塑膠鞋楦股份有限公司,臺中市太平區鵬儀路312巷9號,5220000,1050920
1796,22591325,峻緻實業股份有限公司,臺中市神岡區大社里豐社路69號,1000000,1050922
1801,22598447,涪源企業股份有限公司,臺中市太平區太平里合利街27號1樓,29000000,1050921
1803,22600529,良圖企業股份有限公司,臺中市太平區長億里太平三街61號,5000000,1050929
1804,22602147,星佑鑄造有限公司,臺中市沙鹿區埔子里鎮南路一段237號,1000000,1050919
1806,22605904,建台電子企業有限公司,臺中市西區公正里東興路三段十一巷十五號一樓,15000000,1050924
1815,22641676,創造坊企業有限公司,臺中市南屯區惠文路249巷18號1樓,5000000,1050920
1818,22654735,英茂資訊股份有限公司,臺中市西屯區協和里工業區一路128號1、2樓,149895900,1050905
1832,22670329,豐承實業有限公司,臺中市北屯區東山路一段147巷30弄6號1樓,5000000,1050921
1833,22672543,建中通信有限公司,臺中市南屯區溝墘里文心路一段468號1樓,6000000,1050922
1835,22679638,騰崧機械股份有限公司,臺中市潭子區潭北里潭子街３段５８號１樓,6000000,1050907
1836,22681374,昶安機械工業有限公司,臺中市霧峰區南柳里霧工七路8號,80000000,1050913
1844,22695980,柔鄉實業有限公司,臺中市清水區秀水里公正路16巷37號,5000000,1050920
1849,22710595,詮鋒金屬有限公司,臺中市烏日區光明里五光路復光6巷55號,5000000,1050913
1875,22767082,越有股份有限公司,臺中市龍井區忠和里台西南路220巷36號,15000000,1050906
1878,22770538,彰益興業股份有限公司,臺中市潭子區環中東路一段107號1樓,5000000,1050920
1879,22771213,榮照工業股份有限公司,臺中市南屯區大墩四街425號1樓,15000000,1050909
1880,22773824,匯展電子工業股份有限公司,臺中市梧棲區永安里向上路九段466巷27號,28800000,1050926
1884,22777309,友銓有限公司,臺中市大肚區中和里興和路95號,1000000,1050920
1885,22780640,一本興業有限公司,臺中市清水區南社里南新路212號4樓,5000000,1050901
1887,22784189,心郁企業股份有限公司,臺中市梧棲區草湳里建國北街248號,20000000,1050926
1890,22789311,重光加油站股份有限公司,臺中市西區公益里向上路一段272號,16000000,1050907
1891,22789918,宏懋國際股份有限公司,臺中市西區民權路185號8樓10室,100000000,1050912
1892,22790936,志亞油壓五金有限公司,臺中市大里區新仁里立仁路157巷1弄100號1樓,10000000,1050910
1894,22792202,台暉企業股份有限公司,臺中市后里區厚里里九甲六路357號,8000000,1050922
1896,22804805,國帥工業股份有限公司,臺中市神岡區北庄里溝心路6號,28000000,1050920
1900,22816507,劦記有限公司,臺中市南屯區永春東路493號1樓,5000000,1050909
1918,22889141,台灣寶橋股份有限公司,臺中市南屯區寶山里工業區二十四路3號,199000000,1050901
1928,22916626,台灣科敏股份有限公司,臺中市西區公益路161號7樓之4,39900000,1050929
1929,22918336,準力機械股份有限公司,臺中市北屯區水景里東山路一段192巷27號,20000000,1050924
1930,22918912,銘煇機器五金有限公司,臺中市豐原區翁明里豐勢路一段321號1樓,1000000,1050920
1938,22929690,行家珠寶企業有限公司,臺中市北區長青里武昌路128號1樓,7500000,1050926
1940,22934429,鑫禾豐企業有限公司,臺中市大甲區中山路一段908巷10之71號,2000000,1050921
1943,22944904,鑫憶工業有限公司,臺中市西屯區龍潭里龍洋巷45–3號,12000000,1050924
1953,22960586,綠邦食品生技股份有限公司,臺中市北屯區安順東七街64號2樓,16000000,1050926
1954,22961972,鎂光熱處理廠股份有限公司,臺中市神岡區三角里大富路112號,20000000,1050923
1956,22965273,慶奇企業股份有限公司,臺中市潭子區潭陽里福潭路402號,5000000,1050909
1957,22967125,佳昕興業股份有限公司,臺中市大雅區員林里神林路一段343巷17號,12000000,1050922
1958,22968320,鑫麟企業有限公司,臺中市西屯區臺灣大道2段910號7樓之7,5000000,1050906
1961,22971599,加貿工業股份有限公司,臺中市大雅區六寶里中清路五段79巷12號,19000000,1050914
1963,22977236,梧濟工業股份有限公司,臺中市南屯區工業20路1號,500000000,1050909
1966,22984546,鈦揚企業股份有限公司,臺中市大甲區日南里工一路16號,29000000,1050913
1973,23004915,中膠塑膠興業有限公司,臺中市北屯區松竹南街40號3樓,20000000,1050905
1999,23078943,芙恩苾麗品有限公司,臺中市北區忠明路424號12樓之1,5000000,1050905
2001,23085590,日統塑膠廠有限公司,臺中市霧峰區舊正里新豐路157號,5000000,1050907
2006,23090566,大展熱處理股份有限公司,臺中市大肚區新興里沙田路二段2巷11之2號,10000000,1050910
2011,23105630,振漢資訊股份有限公司,臺中市西屯區甘河路82號1樓,1000000,1050920
2013,23111648,寶盛證券股份有限公司,臺中市北屯區北興街43號1、2樓,312000000,1050908
2014,23111653,中傑開發股份有限公司,臺中市西屯區臺灣大道四段925號27樓之2,500000,1050908
2017,23113940,台灣櫻花股份有限公司,臺中市大雅區雅潭路4段436號,2211211880,1050910
2051,23198460,元成螺絲企業有限公司,臺中市北屯區北平路四段193號1樓,5000000,1050909
2054,23206047,本行實業有限公司,臺中市太平區建國里鵬儀路四四七號,1000000,1050926
2055,23208404,利誠股份有限公司,臺中市后里區墩南里三豐路三段125巷38號,1000000,1050912
2070,23229034,得加商業設計印刷有限公司,臺中市北區賴厝里青島西街20號,5000000,1050921
2072,23233924,大漣企業有限公司,臺中市大甲區朝陽里民生路53巷4號,5000000,1050922
2073,23234395,高農工業有限公司,臺中市大里區新里里永隆路120號1樓,5000000,1050920
2075,23237718,正詠資訊股份有限公司,臺中市西屯區弘孝路219、221號1樓,5500000,1050909
2076,23237724,志昌油業有限公司,臺中市太平區聖和里光興路2246號1樓,10000000,1050919
2080,23245344,春毅鐵工廠有限公司,臺中市豐原區翁社里豐年路34號,1000000,1050909
2082,23250113,綋伸企業有限公司,臺中市大肚區磺溪里文昌路二段123號,6000000,1050901
2083,23250583,建新國際股份有限公司,臺中市梧棲區臺灣大道9段150號,734499380,1050929
2084,23250681,尚陽企業有限公司,臺中市大雅區三和里龍善二街195號,7000000,1050920
2086,23257798,清海化學工業有限公司,臺中市東區建興街66號1樓,5000000,1050928
2090,23271807,福星小客車租賃股份有限公司,臺中市西屯區朝貴一街82之2號1樓,15000000,1050905
2117,23363480,昇茂金屬股份有限公司,臺中市西屯區工業區34路28號,188000000,1050926
2118,23364045,建壯企業股份有限公司,臺中市神岡區三角里三社路53巷15號,3300000,1050919
2122,23372333,舜鼎實業有限公司,臺中市龍井區台西南路228巷13弄10號,42000000,1050921
2129,23390141,森鋒實業有限公司,臺中市豐原區豐圳里圓環西路175巷6號1樓,6600000,1050913
2131,23392794,衡昌實業股份有限公司,臺中市潭子區甘蔗里勝利五街19號,5000000,1050929
2133,23396975,華光齒輪有限公司,臺中市大里區工業11路150號,5000000,1050930
2137,23405257,旭正機械股份有限公司,臺中市清水區東山里神清路2之161號,50000000,1050912
2140,23412948,宗豐貿易有限公司,臺中市東區東南里東光路168號1樓,10000000,1050912
2148,23444815,榮寶建設有限公司,臺中市沙鹿區三鹿里自立路153號1樓,26000000,1050912
2161,23476816,碩頂精密工業股份有限公司,臺中市西屯區長安路一段61之10號1樓,28000000,1050922
2169,23489024,金陞營造有限公司,臺中市南屯區大業里公益路二段51號10樓,90000000,1050904
2170,23489811,昱隆機械工業有限公司,臺中市龍井區竹坑里沙田路四段177之3號,1000000,1050909
2172,23493738,順興建材有限公司,臺中市大甲區中山路二段251號　,5000000,1050907
2174,23498797,聖大彩色印刷有限公司,臺中市沙鹿區埔子里正義路66號,2500000,1050902
2176,23502666,億灃森實業有限公司,臺中市南屯區向心南路905巷7號1樓,15000000,1050924
2178,23503047,上銀科技股份有限公司,臺中市南屯區文山里精科路7號,2746640260,1050921
2180,23511757,昌岱工業有限公司,臺中市太平區太平里合利街34號,60000000,1050914
2182,23522044,強農興業有限公司,臺中市西屯區成都路137號1樓,5000000,1050907
2197,23543879,融達貿易有限公司,臺中市進化路575號16樓之2,3800000,1050906
2200,23559301,祐嘉科技照明有限公司,臺中市大里區愛心路一四二巷六號一樓,6000000,1050909
2203,23568126,遠新股份有限公司,臺中市東勢區南平里東關路七段360號1樓,10400000,1050910
2207,23574302,仲聯建設股份有限公司,臺中市北區漢口路四段202號7樓,25000000,1050909
2209,23574703,展訊通信有限公司,臺中市烏日區東園里3鄰溪南路一段506巷526弄98號,1000000,1050902
2210,23575180,達久有限公司,臺中市南區南門里國光路455號1樓,1000000,1050909
2212,23578412,祥櫻貿易有限公司,臺中市北區文莊里英才路163號1樓　,5000000,1050926
2217,23583132,美喬木業有限公司,臺中市神岡區社口里八德路525號1樓,5000000,1050914
2234,23644638,龍邑工程顧問股份有限公司,臺中市南屯區三和里惠中路三段10號7樓,20000000,1050929
2238,23688662,錩達企業股份有限公司,臺中市潭子區嘉仁里光陽路200號,29000000,1050907
2240,23695988,映泰工廠有限公司,臺中市西屯區大河里福上巷181弄16號1樓,2500000,1050906
2241,23699197,翔誠有限公司,臺中市烏日區烏日里大同六街31弄1號1樓,2500000,1050912
2242,23704163,德將實業有限公司,臺中市石岡區九房里豐勢路九房巷九五號,1000000,1050906
2247,23708800,三豪裝潢工程有限公司,臺中市北屯區太原路3段1025-1號,5000000,1050902
2249,23712776,桂鉦機械股份有限公司,臺中市烏日區南里里溪南路三段345巷85弄32號1樓,21000000,1050919
2250,23713705,營欣特殊機件工業有限公司,臺中市大肚區營埔里營埔三街59號,2000000,1050920
2252,23716962,長鴻汽車股份有限公司,臺中市太平區永平路二段296號,20000000,1050906
2254,23719216,鉫鑫企業有限公司,臺中市大里區立仁路242巷23號1樓,2000000,1050919
2270,23772703,傑賓紙器有限公司,臺中市大里區東湖里中山路1巷1弄4號,6000000,1050914
2271,23773175,坤明印刷設計有限公司,臺中市南屯區同心里大墩西一街11號6樓之11,2000000,1050901
2273,23777398,錡異機電股份有限公司,臺中市龍井區新仁路22巷11號,10000000,1050904
2286,23795706,銓昌工業有限公司,臺中市清水區武鹿里華江南街二段20號,3000000,1050909
2289,23798865,辰洲企業有限公司,臺中市大里區大里路466之2巷30號,1000000,1050919
2290,23803543,東榮油壓冷却器有限公司,臺中市南區樹義路35號,6000000,1050920
2292,23818519,崧貿金屬有限公司,臺中市豐原區陽明里圓環東路145巷2號,1000000,1050909
2295,23825271,香港商寰彪有限公司,臺中市北屯區文心路四段669號4樓之1,4000000,1050921
2297,23833384,錠發工業股份有限公司,臺中市西屯區福上巷185號,26800000,1050926
2298,23837608,麗晨企業廠有限公司,臺中市豐原區社皮里社皮路123巷11弄50號,85000000,1050913
2299,23837895,技全精機股份有限公司,臺中市太平區德隆里德隆路122巷12號,10000000,1050920
2302,23843257,暉盤紙品上光有限公司,臺中市西屯區大河里長安路一段65之1號,3000000,1050925
2306,23858357,生凱有限公司,臺中市北屯區水湳里大連北街24巷27號1樓,5000000,1050902
2307,23858899,上玖企業有限公司,臺中市南區城隍里忠孝路142號,1500000,1050907
2309,23861120,鍵群實業股份有限公司,臺中市西區台中港路一段133號12樓之12,5000000,1050922
2310,23861260,佶盛塑膠廠股份有限公司,臺中市太平區光興路４３８巷１２號,4000000,1050913
2312,23866130,明喜企業有限公司,臺中市東區東信里旱溪東路一段311號1樓,5000000,1050920
2327,23899287,利科光學股份有限公司,臺中市神岡區大富路20巷66、68號,221700000,1050912
2332,23907619,豐原高爾夫企業有限公司,臺中市豐原區翁子里豐勢路一段506號,5000000,1050926
2353,23939507,新維彩色印刷有限公司,臺中市北屯區昌平路三段101巷189號1樓,7000000,1050914
2357,23945135,順宬有限公司,臺中市太平區東汴里山田路67巷5號,5000000,1050930
2363,23961599,勁祥空調有限公司,臺中市北屯區松竹路二段395之6號,10000000,1050901
2366,23965217,中交國際通商有限公司,臺中市北屯區松竹南街40號1樓,5000000,1050907
2369,23967329,君合工業股份有限公司,臺中市南屯區工業區十八路31號,200000000,1050929
2370,23967897,仁富機械五金有限公司,臺中市南區江川里建成路1812號1樓,5000000,1050912
2372,23969109,台灣新凱股份有限公司,臺中市北屯區太安中街29號1樓,5000000,1050901
2374,23972603,証誠工業股份有限公司,臺中市西屯區協和里順和一街131號1樓,2660000,1050923
2376,23973053,弘肯企業有限公司,臺中市大肚區中沙路一六四巷七弄一○二號,5000000,1050905
2381,23979401,洋佑企業有限公司,臺中市烏日區螺潭里環中路八段1093號1樓,5000000,1050903
2382,23980337,升暉企業有限公司,臺中市北區東成路155號,5000000,1050919
2392,24202054,鉅文廣告行銷服務有限公司,臺中市大里區東興里永興路231號1樓,1000000,1050919
2395,24203223,易珈生技股份有限公司,臺中市南區忠明南路787號27樓,10500000,1050908
2398,24204877,彰騏有限公司,臺中市東區東門里天乙街37巷51號1樓,500000,1050919
2399,24204882,豐聚室內裝修設計有限公司,臺中市西屯區大墩十九街186號11樓之1,7000000,1050922
2401,24205334,豐御空間設計工程有限公司,臺中市潭子區仁愛路二段247號1樓,1000000,1050913
2403,24205860,弘城土木包工業有限公司,臺中市南區樹義里福田一街98巷1號1樓,1000000,1050905
2405,24207591,鈺基投資有限公司,臺中市大安區松雅里大安港路653號1樓,108000000,1050903
2406,24208825,弘裕機械有限公司,臺中市清水區仁愛北路４７巷１０號１樓,1000000,1050913
2407,24208901,弘凌科技股份有限公司,臺中市南屯區東興路一段466號1樓,3000000,1050902
2414,24213279,和俊實業有限公司,臺中市北屯區軍功路一段530號1樓,5000000,1050923
2420,24219415,鼎晉益企業有限公司,臺中市北區建成里東光三街26巷10號1樓,1500000,1050906
2425,24222299,江氏國際有限公司,臺中市大甲區中山里水源路317號,1200000,1050925
2432,24231781,日澤國際實業有限公司,臺中市南區樹義里文心南路695號1樓,1000000,1050921
2433,24232493,象丞工業有限公司,臺中市東區和平街228巷17弄27之4之2號,1000000,1050921
2435,24234529,谷濟實業有限公司,臺中市南屯區春社里忠勇路24之1號1樓,500000,1050908
2438,24235148,藍海物業管理顧問有限公司,臺中市北區邱厝里健行路371之5號6樓,1000000,1050926
2441,24235999,增澤科技股份有限公司,臺中市西屯區福恩里工業區一路70號10樓A室,124576770,1050901
2445,24239720,光樺科技股份有限公司,臺中市東區大振街153號1樓,1000000,1050929
2446,24240521,鑫貝斯股份有限公司,臺中市太平區宜昌東路21號2樓,3000000,1050925
2449,24243442,德益科技股份有限公司,臺中市南區國光里台中路412號3樓,6000000,1050902
2451,24243941,普安禮儀有限公司,臺中市東區建功街81號4樓之1,1000000,1050920
2456,24248690,鴻海物業管理顧問有限公司,臺中市北區忠明三街25號2樓,500000,1050920
2458,24248798,英琪漢實業有限公司,臺中市大里區塗城路680號1樓,250000,1050910
2461,24251147,晴虹實業有限公司,臺中市西區土庫里忠明南路413號1樓,2000000,1050909
2463,24252027,精英會館有限公司,臺中市豐原區西湳里葫蘆墩三街88號二樓,500000,1050909
2464,24252053,祐嘉唯企業有限公司,臺中市豐原區南村里水源路473巷18號,2000000,1050922
2471,24256190,進德五金有限公司,臺中市南屯區黎明路二段109號,250000,1050907
2472,24257888,瀚林環保科技有限公司,臺中市大里區內新里環中東路六段316巷3號1樓,8000000,1050905
2475,24259181,藍海保全股份有限公司,臺中市北區邱厝里健行路373之5號,40000000,1050913
2476,24259485,泰裕資源處理有限公司,臺中市龍井區龍泉里中社七街98巷9號,3000000,1050907
2477,24259513,曼迪尼投資有限公司,臺中市南屯區同心里文心路一段186號16樓之3,29000000,1050923
2478,24259680,和毅建材有限公司,臺中市東勢區詒福里上城街323號1樓,5000000,1050923
2479,24260434,誠大機械有限公司,臺中市大里區永隆里永隆三街72號2樓,4500000,1050929
2481,24261530,裕勝鋼鐵有限公司,臺中市大甲區武陵里文曲路178號1樓,3000000,1050907
2483,24262209,快易達國際有限公司,臺中市潭子區栗林里祥和新莊東三巷10號1樓,3000000,1050919
2492,24270290,易融開發實業有限公司,臺中市南屯區永定里五權西路二段772號1樓,30000000,1050910
2493,24270453,明廣精密有限公司,臺中市潭子區潭陽里復興路2段50巷3弄18號1樓,250000,1050905
2495,24272207,亞仕塑膠工業有限公司,臺中市霧峰區四德里北豐路25號1樓,500000,1050902
2496,24272430,領宇實業有限公司,臺中市龍井區東海街65巷1號4樓,250000,1050905
2497,24272516,金英自動化電機有限公司,臺中市太平區太平里中南路19號,250000,1050909
2498,24273851,東鑫車業股份有限公司,臺中市大甲區頂店里大發路152號,4500000,1050926
2499,24273923,西緹國際有限公司,臺中市西區双龍里向上路一段27之17號1樓,1500000,1050902
2500,24273959,寰宇國際文教有限公司,臺中市西屯區河南路二段492之1號,11350000,1050912
2503,24278096,普強土木工程有限公司,臺中市大肚區王田里興和路188巷29弄11號1樓,800000,1050921
2505,24279216,嘉士德國際有限公司,臺中市西區公正里向上南路一段210號,1000000,1050923
2506,24279264,台茂精密科技有限公司,臺中市大雅區上楓里民生路四段281巷26號1樓,1000000,1050905
2507,24279948,居次元有限公司,臺中市龍井區臺灣大道五段3巷62弄50號1樓,1840000,1050906
2510,24281472,超越智慧財產權有限公司,臺中市西屯區上德里青海路二段153號7樓之7,250000,1050907
2512,24284007,御寶霖有限公司,臺中市梧棲區博愛路39之20號1樓,500000,1050930
2514,24284490,樂益投資有限公司,臺中市南屯區大墩四街559號8樓之3,15000000,1050901
2517,24286151,錦林有限公司,臺中市西屯區福雅里台中港路三段世斌一巷12號1樓,1000000,1050909
2518,24286321,昇葉科技有限公司,臺中市南區愛國街51號,1495000,1050922
2520,24287216,憙懋企業有限公司,臺中市南屯區豐樂里永春東1路710號2樓,500000,1050925
2521,24287335,展躍投資有限公司,臺中市豐原區東湳里三豐路722號2樓,66140000,1050926
2524,24289827,敬業廣告材料有限公司,臺中市東區旱溪東路1段201號1樓,1000000,1050910
2526,24291859,獅王國際衣帽有限公司,臺中市西區土庫里美村路一段564巷3號1樓,1000000,1050908
2529,24293174,友鑫工程有限公司,臺中市北屯區平德里文心路四段288號10樓之17,5000000,1050902
2531,24296117,鴻飛國際股份有限公司,臺中市北屯區平心里瀋陽路三段75之3號,29700000,1050922
2533,24297158,金益來工程有限公司,臺中市北屯區軍功里環中東路二段188號1樓,3000000,1050909
2575,24332253,英展工程有限公司,臺中市西屯區上安里河南路二段470號5樓之2,1000000,1050923
2612,24350435,東特興業有限公司,臺中市霧峰區本鄉里林森路949巷46號,5000000,1050902
2614,24356135,呈耀有限公司,臺中市豐原區大湳里源豐路243巷36號1樓,1000000,1050926
2615,24357021,台灣芝華仕國際有限公司,臺中市北屯區旱溪西路三段307巷21號,1000000,1050926
2616,24357367,巧恬興業有限公司,臺中市西屯區福上巷290弄11號1樓,29000000,1050907
2619,24358339,好當家有限公司,臺中市霧峰區五福里五福路148巷136號,500000,1050921
2621,24362798,山林一有限公司,臺中市東勢區延平里豐勢路324號1樓,1000000,1050914
2625,24365438,新濡實業有限公司,臺中市西屯區協和里工業區32路76之1號,20000000,1050919
2628,24366387,賽澳紐企業有限公司,臺中市大里區永興路232巷35號,1000000,1050908
2639,24376809,梨山實業有限公司,臺中市和平區梨山里中正路80號,250000,1050923
2642,24379313,和夏有限公司,臺中市太平區太平路197巷13號1樓,300000,1050921
2643,24380037,緩慢投資股份有限公司,臺中市西屯區潮洋里朝富路232號2樓,21000000,1050913
2644,24380677,富士比科技有限公司,臺中市豐原區豐田里南陽路59巷41弄7號1樓,500000,1050920
2645,24381465,福慧豐有限公司,臺中市太平區福隆里光興路1886號1樓,1000000,1050926
2646,24381970,傑衛科技有限公司,臺中市東勢區東安里本街202號1樓,500000,1050926
2649,24382990,穩大土木工程有限公司,臺中市太平區宜佳里宜佳街30巷11弄12號3樓,800000,1050901
2650,24383576,藍海公寓大廈管理維護有限公司,臺中市北區邱厝里健行路371之5號,10000000,1050923
2658,24390561,博宇電機有限公司,臺中市南屯區文山里寶山5街68號,1000000,1050910
2663,24394378,華昱建材有限公司,臺中市北區明德里忠明路361號1樓,3500000,1050919
2664,24394736,宇亨國際股份有限公司,臺中市西屯區何成里大容西街51號15樓之2,500000,1050926
2676,24401976,豪鮮國際貿易有限公司,臺中市梧棲區下竂里梧北路87巷2號1樓,500000,1050929
2680,24403587,禾同機械工業有限公司,臺中市豐原區南田里南田街177號,1000000,1050906
2681,24404256,茗貫農產品有限公司,臺中市南屯區文心南三路41之7號1樓,250000,1050909
2685,24407090,宏威國際實業有限公司,臺中市南屯區大興里大墩南路400號1樓、2樓,15000000,1050923
2693,24411572,壹零參直購樂資訊有限公司,臺中市西區三民路1段103號1樓,5000000,1050922
2697,24415916,興岳貿易股份有限公司,臺中市神岡區豐洲里豐洲路299號1樓,12000000,1050909
2700,24417098,居玖屋系統設計有限公司,臺中市北屯區崇德五路82號1樓,500000,1050921
2711,24429566,顥昌物業管理顧問有限公司,臺中市西屯區上安里上安路11巷43號5樓之1,500000,1050919
2713,24430162,元輝工程有限公司,臺中市太平區新吉里新民路26巷2號4樓之3,2000000,1050901
2714,24430206,御翔順股份有限公司,臺中市神岡區中山路821號1樓,28000000,1050908
2715,24430711,詠富鈺捲門有限公司,臺中市太平區德隆里德興街100號,1200000,1050926
2719,24431726,律瀚創新策略有限公司,臺中市南區永興里工學一街173巷6號,1000000,1050929
2720,24432942,銓豐展業科技有限公司,臺中市北區成功路395號1樓,2000000,1050908
2728,24438468,漢迪沃克有限公司,臺中市大里區西榮里西榮路152巷9之5號,60000,1050905
2729,24439157,見和木業有限公司,臺中市龍井區龍泉里觀光路136巷117號,1000000,1050901
2730,24440252,臻果室內裝修有限公司,臺中市西屯區福安里福安路55巷3號9樓之1,3000000,1050912
2731,24440605,強登運動用品有限公司,臺中市南屯區向上路二段432之2號,500000,1050922
2734,24442977,衛視有限公司,臺中市南屯區黎明路一段1055號1樓  ,250000,1050903
2739,24446158,雙新國際有限公司,臺中市潭子區東寶里大豐路一段186巷8號,3000000,1050930
2750,24456774,達可國際有限公司,臺中市北屯區仁和里四平路238巷21號1樓,500000,1050908
2753,24460616,廣角生活研發有限公司,臺中市北屯區松勇里松竹北路89號1樓,15000000,1050913
2774,24475006,睿立濠國際有限公司,臺中市西屯區大容東街90號9樓之1,6100000,1050920
2816,24504348,艾法諾科技有限公司,臺中市西屯區市政路386號13樓之2,11000000,1050926
2828,24531957,池泰慶車業有限公司,臺中市東勢區延平里東關路七段178號1樓,500000,1050921
2934,24578185,三桶洋酒有限公司,臺中市西屯區上安里至善路36號1樓,15000000,1050920
2935,24578191,宏勝能源有限公司,臺中市南區工學二街151巷30號1樓,10000000,1050921
2936,24578431,潤居室內裝修工程有限公司,臺中市新社區中正里中正街28之2號1樓,500000,1050919
2937,24579023,台灣勁越能源科技股份有限公司,臺中市南屯區豐功路36號1樓,2000000,1050913
2938,24579240,順彰五金實業有限公司,臺中市南屯區大興里永春東路125號3樓,300000,1050901
2939,24579473,達信精密科技有限公司,臺中市烏日區溪埧里溪南路一段263巷27號1樓,500000,1050923
2940,24579781,壹閎興業有限公司,臺中市沙鹿區三鹿里自立路198巷37號1樓,3000000,1050914
2941,24579847,諭興實業有限公司,臺中市北屯區平心里文心路四段669號3樓之3,5168888,1050923
2942,24580350,上新舞台音響有限公司,臺中市大雅區秀山里秀山五路51之1號,2250000,1050912
2943,24580464,次方有限公司,臺中市西屯區何厝里四川路87巷45號,200000,1050919
2944,24580470,大猷工程有限公司,臺中市北區長青里陝西八街2號9樓之3,1000000,1050929
2945,24580605,新萬利國際美食有限公司,臺中市西屯區福雅里福雅路128巷69號1樓,5000000,1050919
2946,24580838,永大興建設有限公司,臺中市大甲區孟春里中山路二段321之1號,5000000,1050914
2947,24580942,元太開發有限公司,臺中市南屯區三和里黎明路二段279號2樓,2000000,1050901
2948,24581034,印辛有限公司,臺中市西屯區精誠路6號1樓,5000000,1050929
2949,24581251,世一資產管理有限公司,臺中市南屯區大業里大進街382號,5000000,1050901
2950,24581941,侑佺國際有限公司,臺中市南屯區文山里文山三街125號5樓之1,1000000,1050912
2951,24582060,打瞌睡休閒事業有限公司,臺中市西屯區西平里西安街277巷13弄4號1樓,3000000,1050907
2952,24582126,上鑫有限公司,臺中市大里區福大路63號,5000000,1050922
2953,24582580,正強精密企業有限公司,臺中市北區中清路一段108號3樓之7,1000000,1050926
2954,24583510,裕百合國際貿易股份有限公司,臺中市后里區眉山里三月路8之3號,5000000,1050903
2955,24583758,順邑建築開發有限公司,臺中市豐原區民生里田心路一段125巷1號1樓,3000000,1050901
2956,24583899,華邁國際有限公司,臺中市潭子區合作街29號1樓,2000000,1050914
2957,24583949,上鼎國際實業有限公司,臺中市北屯區水湳里文心路三段1023號9樓,3000000,1050902
2958,24584216,力鴻捷精密有限公司,臺中市潭子區新田里豐興路二段117號1樓,1000000,1050926
2959,24585123,力碩電訊科技有限公司,臺中市南屯區惠中里大英街297號8樓,900000,1050919
2960,24585186,仟亞精密有限公司,臺中市神岡區三角里三社路241巷53號1樓,1000000,1050901
2961,24585398,台生興業有限公司,臺中市梧棲區頂寮里四維東路88號1樓,4500000,1050905
2962,24586410,頂尖人力仲介有限公司,臺中市北區賴興里山西路二段95號1樓,5000000,1050925
2963,24586811,政好企業有限公司,臺中市北屯區文心路四段750號地下室之一,2000000,1050920
2964,24586967,悅陞國際有限公司,臺中市南屯區三和里公益路二段709號,10000000,1050909
2965,24587229,上則科技有限公司,臺中市沙鹿區六路里南陽路439號2樓,157000,1050909
2966,24587945,庭豐工程有限公司,臺中市西屯區福雅路125號2樓,3000000,1050902
2967,24588135,一廣銀櫃股份有限公司,臺中市中區繼光里臺灣大道一段100號11樓之1,5000000,1050901
2968,24588228,聚美有限公司,臺中市太平區新興里太順路537號,1000000,1050910
2969,24588352,弘旭企業有限公司,臺中市北屯區平陽里旅順路一段98之2號1樓,250000,1050914
2970,24588374,博孕健康事業有限公司,臺中市西屯區福林里福雅路143號2樓,1000000,1050901
2971,24588851,信鑫興業股份有限公司,臺中市西屯區府會園道169號6樓,10000000,1050909
2972,24588873,鑫傳電訊股份有限公司,臺中市西屯區府會園道169號6樓,10000000,1050913
2974,24589107,鉅旺有限公司,臺中市西屯區何南里大墩十九街110號1樓,2000000,1050908
2975,24589232,凱竣有限公司,臺中市北區青島路二段24號2樓,2000000,1050920
2976,24589346,惠誠不動產企業有限公司,臺中市北區健行里西屯路一段414、416號1樓,1000000,1050920
2977,24589520,曄暘科技有限公司,臺中市北屯區北平路四段53號,2000000,1050901
2978,24589628,佳和辰有限公司,臺中市南屯區大誠里東興西街11號8樓之29,500000,1050905
2979,24590060,泰極利有限公司,臺中市西屯區逢甲里寶慶街50巷13號9樓之16,500000,1050912
2981,24590569,申成建設有限公司,臺中市神岡區五權路88巷7弄6號1樓,7030000,1050919
2982,24590836,跨戉運動器材企業有限公司,臺中市西屯區何成里大容東街90號8樓,500000,1050929
2983,24591167,奕興金建設有限公司,臺中市大甲區日南里青年路43號,6000000,1050912
2984,24591764,昇優企業有限公司,臺中市西屯區廣福里廣福路352巷92號1樓,1000000,1050901
2985,24591933,艾氏企業有限公司,臺中市南區永和里美村南路140號1樓,5000000,1050913
2986,24592145,日芙股份有限公司,臺中市南屯區公益路二段500號6樓之8,500000,1050912
2987,24592497,鴻緯精密有限公司,臺中市豐原區鎌村路626號,100000,1050907
2988,24593171,千力勝國際有限公司,臺中市神岡區庄前里三民南路333巷75之1號2樓,5000000,1050908
2989,24593427,紘宇實業有限公司,臺中市南屯區大興里東興路一段571號1樓,6000000,1050901
2990,24593518,優昇貿易有限公司,臺中市北屯區旅順路一段100號1樓,3000000,1050906
2991,24594050,盛新顧問股份有限公司,臺中市西屯區何明里大弘三街80號,1000000,1050902
2992,24594452,彤安傢俱有限公司,臺中市北屯區仁和里崇德路三段112號2樓,500000,1050919
2993,24595092,家慶不動產經紀有限公司,臺中市西屯區西墩里黎明路三段131號,500000,1050922
2994,24595430,人文雜誌出版有限公司,臺中市北區頂厝里崇德路一段629號17樓之4,1000000,1050907
2995,24595993,銓城土地開發有限公司,臺中市西區安龍里忠仁街151巷4號1樓,500000,1050905
2996,24596249,育昇企業有限公司,臺中市南屯區黎明路一段37巷126號1樓,100000,1050921
2997,24596698,星展人力管理顧問股份有限公司,臺中市北區文心路四段210之5號1樓,5000000,1050919
2998,24597057,何荷菩提有限公司,臺中市南屯區三和里黎明路二段335巷9號1樓,1000000,1050905
2999,24597556,國際知客會館實業有限公司,臺中市西屯區上石里西屯路二段259-3號13樓之12,29000000,1050906
3000,24597795,無事嚴選飲品有限公司,臺中市北區長青里武昌路153號,7000000,1050921
3001,24597970,佳群食品有限公司,臺中市北屯區平德里綏遠路二段15巷17號1樓,500000,1050922
3002,24598176,宜萊德國際貿易有限公司,臺中市南區學府路168巷5號9樓之1,1000000,1050921
3003,24598696,金促米創意有限公司,臺中市神岡區豐洲路570號1樓,13500000,1050902
3004,24598725,邦秦科技有限公司,臺中市西區民龍里英才路506號,1200000,1050921
3005,24598823,七期市政汽機車網路拍賣有限公司,臺中市南屯區南屯里五權西路二段666號7樓之9,588000,1050914
3006,24598984,愛台灣自由行租賃有限公司,臺中市太平區坪林路57之6號1樓,5000000,1050929
3007,24599421,台中緩慢覺旅股份有限公司,臺中市北屯區民政里北坑巷21-22號,10000000,1050926
3009,24600166,達盛興地產有限公司,臺中市太平區廍子里太原路三段1367號,5000000,1050922
3010,24600320,冠鴻實業有限公司,臺中市潭子區大豐里崇德路五段261號,500000,1050906
3011,24600840,智鼎工程顧問有限公司,臺中市西屯區何福里重慶路278號,200000,1050912
3012,24601355,普林建設開發股份有限公司,臺中市石岡區萬安里豐勢路1111號1樓,5000000,1050913
3013,24601496,花千樹股份有限公司,臺中市西屯區潮洋里朝富路232號4樓,5000000,1050910
3014,24601812,香帥餐廳有限公司,臺中市大雅區二和里雅潭路四段678號1樓,5000000,1050903
3015,24603115,光影視覺設計有限公司,臺中市潭子區潭北里潭子街三段公廳巷47號1樓,1000000,1050922
3016,24603179,連山科技有限公司,臺中市西屯區逢甲路72巷2號1樓,2000000,1050905
3017,24603831,捷睿廣告行銷有限公司,臺中市西屯區潮洋里市政北二路238號14樓之1,3000000,1050922
3018,24603868,武之牛極品企業有限公司,臺中市南屯區豐樂里永春東路803號,3000000,1050907
3019,24604064,灃瀅國際有限公司,臺中市大里區長榮里德芳南路282號11樓之3,1000000,1050929
3020,24604228,守泰有限公司,臺中市大肚區福山里沙田路一段418之3號1樓,3000000,1050914
3021,24604445,宸展貿易股份有限公司,臺中市大里區夏田里中投西路三段409巷1號1樓,8750000,1050926
3022,24604613,凹嗚親子有限公司,臺中市北屯區青島路三段155號2樓,8000000,1050912
3023,24604732,硯豐空間設計有限公司,臺中市沙鹿區鹿寮里光榮街83巷11號1樓,2000000,1050913
3024,24605057,慶泓水產有限公司,臺中市東區振興路375巷69號,3000000,1050921
3025,24605063,鴻翔設計有限公司,臺中市南屯區溝墘里大英街495號7樓,10000,1050919
3026,24605140,潤佳工程有限公司,臺中市沙鹿區公明里樂群新莊97號,1000000,1050919
3027,24605182,太勝科技企業有限公司,臺中市大安區龜壳里龜壳路210巷10號1樓,700000,1050908
3028,24605556,鼎臣國際貿易有限公司,臺中市西屯區福安里臺灣大道四段847號11樓,1000000,1050922
3029,24605731,柔光草原有限公司,臺中市南區福平里美村路二段186號1樓,12000000,1050921
3030,24605958,群佑精密機械股份有限公司,臺中市大雅區員林里神林路一段231巷1弄30號1樓,1500000,1050919
3031,24606324,浩昌有限公司,臺中市沙鹿區三鹿里保寧路98號,200000,1050901
3032,24606458,昇活有限公司,臺中市南屯區向心南路906巷29號,100000,1050921
3033,24606703,京旺國際股份有限公司,臺中市烏日區以春街121巷1號,1000000,1050912
3034,24606823,興紹有限公司,臺中市烏日區仁德里信義街337巷5號1樓,500000,1050903
3035,24607230,源三峰農機股份有限公司,臺中市豐原區南村里水源路608號,1000000,1050921
3036,24607484,鑫祥順企業有限公司,臺中市太平區中山里中山路二段477巷186弄29號1樓,1000000,1050923
3037,24607533,帝恩酵素生物科技有限公司,臺中市豐原區西安里西勢路114巷17號1樓,5000000,1050906
3038,24607870,寶聯重機械企業有限公司,臺中市豐原區西湳里國豐路一段531之1號1樓,100000,1050923
3039,24608049,昇帝復康租車有限公司,臺中市西屯區弘孝路251巷2號1樓,10000000,1050909
3041,24610262,彌陀光電有限公司,臺中市北屯區中清路二段362巷20號1樓,1000000,1050908
3065,24621486,中元有限公司,臺中市東區自由路四段317號1樓,500000,1050913
3110,24641053,天長地久國際有限公司,臺中市北屯區松竹里崇德七路190號6樓,1000000,1050913
3206,24710332,蕥樂企業有限公司,臺中市南屯區永春東一路786號,500000,1050922
3362,24770605,向揚實業股份有限公司,臺中市西屯區河南路二段45號5樓,21000000,1050920
3412,24795438,英屬維京群島商京投有限公司,臺中市西屯區市政路386號35樓之3,47000000,1050914
3416,24797288,新加坡商圖傑億科半導體股份有限公司,臺中市西區民龍里公益路155巷9號10樓之1,5100000,1050905
3426,24802000,英屬維京群島商巨景投資有限公司,臺中市沙鹿區自強路355巷20弄1號,20000000,1050912
3429,24805870,美商福陸工程有限公司,臺中市西區臺灣大道2段218號28樓,5000000,1050902
3438,24818283,吉賀事業有限公司,臺中市北屯區平陽里崇德路二段295號1樓,1000000,1050912
3439,24818740,精捷順股份有限公司,臺中市后里區厚里里后里路72之1號,10000000,1050909
3440,24818805,盛綻資管有限公司,臺中市太平區永成里長億路56-2號1樓,1000000,1050906
3441,24818880,普希股份有限公司,臺中市西屯區潮洋里朝富路232號4樓,1000000,1050914
3442,24819109,伊妃帆有限公司,臺中市北區明德里太原路一段396號1樓、396之1號1樓,1000000,1050912
3443,24819115,樹森股份有限公司,臺中市西屯區潮洋里朝富路232號4樓,1000000,1050919
3444,24819868,沅展投資有限公司,臺中市大雅區橫山里中山三路81號,9000000,1050912
3445,24820112,意脈文化事業有限公司,臺中市西屯區府會園道179號3樓,200000,1050923
3446,24820160,宏崴科技有限公司,臺中市龍井區龍泉里龍社七街5號1樓,2000000,1050908
3447,24820534,洗旺國際有限公司,臺中市大里區仁化路452號,7500000,1050909
3448,24820859,伊克格國際股份有限公司,臺中市南屯區永春南路888巷363號,3000000,1050923
3449,24820921,泉友實業有限公司,臺中市西屯區何厝東二街93之1號5樓之3,4350000,1050906
3450,24821490,美宣有限公司,臺中市大肚區自治路64巷24號1樓,8000000,1050912
3451,24821647,珈妘國際有限公司,臺中市大里區內新里東榮路一段126號5樓之9,1000000,1050906
3452,24821702,禮運國際有限公司,臺中市大肚區自強里中沙路164巷7弄98號1樓,500000,1050919
3453,24821822,峰益工程有限公司,臺中市烏日區螺潭里溪南路二段68巷126弄46號,1000000,1050909
3454,24822131,芮鼎工業有限公司,臺中市清水區民有路216巷12號1樓,3000000,1050906
3455,24822478,詠麒工程有限公司,臺中市梧棲區大村里文明街91巷32號,500000,1050919
3456,24822771,聖奇林工程有限公司,臺中市梧棲區大村里文明街91巷32之2號,500000,1050919
3457,24822955,安德森貿易有限公司,臺中市北區光大里五權路190號10樓之3,5000000,1050923
3459,24823151,華翼電子有限公司,臺中市西屯區福雅里福順路227巷5號5樓,1000000,1050905
3460,24823440,昱彤實業有限公司,臺中市大肚區大東里自由路216號1樓,2000000,1050929
3461,24823504,管先生有限公司,臺中市西區廣民里樂群街18之3號1樓,300000,1050925
3462,24823574,默森有限公司,臺中市西屯區櫻城五街33號2樓之1,5000000,1050908
3463,24823856,同登有限公司,臺中市北屯區軍福十三路117號1樓,1000000,1050906
3464,24824004,柏昌木業有限公司,臺中市烏日區五光里環河路一段1036巷46號,2000000,1050924
3465,24824659,云古美術有限公司,臺中市南屯區大同里東興路二段229號3樓之2,1000000,1050926
3466,24825138,新藝家居有限公司,臺中市北屯區松竹里河北三街17號14樓之1,600000,1050921
3467,24825881,榮森景觀設計有限公司,臺中市沙鹿區興安里興安路33之4號1樓,500000,1050907
3468,24826039,億鎮物流有限公司,臺中市大雅區大雅裡大林路292巷16號,500000,1050921
3469,24826241,鏡秀眼鏡有限公司,臺中市北區中清路一段297號,1500000,1050912
3470,24826283,嘉盛家具有限公司,臺中市大甲區武曲里橫圳街63號1樓,5000000,1050910
3471,24826349,展鈺人力仲介有限公司,臺中市西區藍興里仁福街73巷9號1樓,5000000,1050925
3472,24827614,金宸實業有限公司,臺中市沙鹿區六路里臺灣大道六段896號1樓,1000000,1050906
3473,24828037,捷特醫療器材有限公司,臺中市南屯區三和街128之2號5樓之2,100000,1050919
3474,24828563,寶瑜科技有限公司,臺中市大雅區大雅里大榮街106巷15號1樓,100000,1050913
3475,24828846,發竑不動產經紀有限公司,臺中市烏日區仁德里中山路一段559號1樓、561號1樓,1000000,1050922
3476,24828992,大安雷射有限公司,臺中市大安區海墘里1鄰大安港路1125號1樓,5000000,1050920
3477,24829681,碁財工業有限公司,臺中市北區文莊里中清路一段89號15樓之6,28000000,1050926
3478,24829774,瀛海科技有限公司,臺中市潭子區崇德路四段170巷1弄35號2樓,500000,1050919
3479,24830012,品錠金屬有限公司,臺中市大里區仁化里工業路宏巨巷32號1樓,2000000,1050901
3480,24830060,星辰有限公司,臺中市東區東門里建德街418巷16弄16號1樓,1000000,1050910
3481,24830081,金司立股份有限公司,臺中市北區頂厝里進化北路289號1樓,3000000,1050905
3482,24830322,宗隆有限公司,臺中市北區錦平里育才北路69號2樓,27000000,1050907
3483,24830408,鋐成科技有限公司,臺中市北區賴村里健行路518巷29號1樓,200000,1050914
3484,24830441,正發木業有限公司,臺中市神岡區大社里大漢街67號7樓,500000,1050912
3485,24830836,維特國際教育有限公司,臺中市北屯區崇德路二段256號6樓,4100000,1050920
3486,24831080,冞豆國際股份有限公司,臺中市南區永興里工學二街195號1樓,400000,1050919
3487,24831201,暹邏有限公司,臺中市大甲區義和里中山路一段552之1號,1000000,1050912
3488,24831265,阿曼達國際貿易有限公司,臺中市南屯區懷德街63巷10號1樓,1000000,1050906
3489,24831357,亦丰小客車租賃有限公司,臺中市南區工學二街275巷7號1樓,20000000,1050906
3490,24831429,穩晟租賃有限公司,臺中市潭子區得天街91巷68號1樓,1000000,1050907
3491,24831455,連安管理顧問有限公司,臺中市西區五權五街235號1樓,500000,1050905
3492,24831526,長鴻先進事業股份有限公司,臺中市西區忠明南路270號20樓之3,2000000,1050912
3493,24831693,展英生技股份有限公司,臺中市西區忠明南路499號5樓,183500000,1050926
3494,24831700,元心科技有限公司,臺中市烏日區五光里環中路七段345巷9號1樓,1000000,1050913
3495,24831949,宥青國際有限公司,臺中市太平區福隆里光興路1295號,3000000,1050919
3496,24832150,信益冷凍有限公司,臺中市烏日區仁德里麻園東二街27號4樓,1000000,1050912
3497,24832172,總發科技工業有限公司,臺中市西屯區福雅里永福路33之1號,1200000,1050909
3498,24832216,金旺盛有限公司,臺中市大里區仁化里仁化路730號,1200000,1050906
3499,24832362,安頡設計工程有限公司,臺中市西屯區上安里上明三街20號4樓之2,1000000,1050913
3500,24832665,九睿有限公司,臺中市大里區西湖里景庄街202巷31之3號,1000000,1050906
3501,24833003,尚大貿易實業有限公司,臺中市北屯區文心路四段776號1樓,500000,1050905
3502,24833192,亞提通印刷設計有限公司,臺中市南區工學里德富路390號9樓之1,200000,1050910
3503,24833307,富達羅機械有限公司,臺中市大雅區橫山里振興路161號1樓,3200000,1050921
3504,24833524,新豐國際有限公司,臺中市西屯區港尾里中康二街14號1樓,320000000,1050920
3505,24833799,群星光電有限公司,臺中市東區東門里振興路246巷54號,4000000,1050901
3506,24833995,羽鴻有限公司,臺中市西區民龍里英才路449號1樓,500000,1050919
3508,24834707,天璽資產管理有限公司,臺中市北屯區平心里昌平路一段95之8號6樓之3,2000000,1050926
3509,24834729,禾豐樂企業有限公司,臺中市南屯區文山里文山九街66號1樓,1000000,1050914
3511,24835305,碩盟實業有限公司,臺中市北屯區三甲東街269號1樓,300000,1050926
3512,24835332,靖翊運動科技股份有限公司,臺中市西區大進街202號5樓之1,7500000,1050926
3513,24835728,泰豪實業有限公司,臺中市北屯區水景里旱溪東路三段90號1樓,500000,1050906
3514,24835804,喬禾生醫股份有限公司,臺中市太平區永平路二段476巷100弄12號1樓,10000000,1050919
3515,24835972,鉆盈切削刀具有限公司,臺中市太平區中興里東平路715巷7弄13號1樓,2000000,1050921
3516,24836058,寧宇科技有限公司,臺中市西屯區林厝里福林路531號,300000,1050920
3517,24836114,協丞工程有限公司,臺中市大里區西湖里西湖路219巷128號1樓,2000000,1050902
3518,24836796,沁衛有限公司,臺中市南屯區文山里保安六街139號8樓之11,400000,1050921
3519,24836819,美詩特股份有限公司,臺中市東區東光路204之3巷4號1樓,300000,1050910
3520,24837084,鉌亞大興業股份有限公司,臺中市西區忠誠里華美西街一段137號10樓之1,1500000,1050926
3521,24837205,上裕汽車零件有限公司,臺中市霧峰區本鄉里草溪西路90號1樓,1000000,1050921
3522,24837296,格斯科技有限公司,臺中市后里區義里里甲后路一段136巷35弄22號1樓,1000000,1050909
3523,24837325,格緻有限公司,臺中市西屯區潮洋里市政北二路236號26樓之5,1000000,1050926
3524,24837492,響印藝術有限公司,臺中市霧峰區吉峰里吉峰路87之6號2樓,2000000,1050913
3525,24837747,飛好實業有限公司,臺中市北區忠明路419號1樓,3000000,1050914
3526,24837937,始道夫科技有限公司,臺中市太平區光興路1770號1樓,100000,1050902
3527,24838366,克瑞橙國際有限公司,臺中市大雅區西寶里昌平路四段282南二巷23號1樓,100000,1050914
3528,24838577,聞鼎企業有限公司,臺中市北屯區文心路四段698號21樓之1,500000,1050913
3529,24838751,敏新有限公司,臺中市神岡區神洲里神洲路546號1樓,1000000,1050902
3530,24838871,鼎邑水電工程有限公司,臺中市外埔區土城里土城路255號1樓,1000000,1050922
3531,24838892,台瘋物語國際貿易有限公司,臺中市后里區義德里甲后路329巷1號1樓,1000000,1050922
3532,24838921,潘臣多媒體國際有限公司,臺中市西屯區潮洋里朝富路213號8樓之3,8000000,1050926
3533,24839338,森然國際設計有限公司,臺中市西屯區永安里安林路10之7號1樓,1000000,1050909
3534,24839739,連頡有限公司,臺中市潭子區福仁里新興路一段234巷20弄16號,500000,1050914
3535,24840270,承峰企管顧問股份有限公司,臺中市南屯區文心路一段186號18樓之10,5000000,1050912
3536,24840291,實踐佳不動產經紀有限公司,臺中市南區工學里復興路一段418號1樓,1000000,1050926
3537,24840481,好仕多國際有限公司,臺中市沙鹿區六路里臺灣大道六段926巷38弄69號1樓,1000000,1050924
3539,24841209,銳遠建設有限公司,臺中市北區英才路366號1樓,86000000,1050905
3540,24841643,統億自動化科技有限公司,臺中市西屯區上德里青海路二段193巷20號1樓,500000,1050902
3541,24841926,景源生物科技有限公司,臺中市北屯區平安里文心路四段750號地下室之1、752號地下室,1000000,1050907
3542,24842306,伊諾起思教育股份有限公司,臺中市南屯區大墩十二街296號2樓,5000000,1050921
3543,24843001,銘銓貿易有限公司,臺中市太平區永成里永富街112之1號1樓,2000000,1050920
3544,24843261,日振昇企業有限公司,臺中市龍井區竹坑里中華路一段13號,3000000,1050901
3545,24843446,景園設計有限公司,臺中市北屯區平心里熱河路二段167之6號,1000000,1050908
3546,24843902,辰龍旺國際食品股份有限公司,臺中市西屯區河南路二段27號,50000000,1050922
3547,24845015,嘉漾國際貿易有限公司,臺中市南屯區干城街115巷4弄15號1樓,1000000,1050920
3548,24845042,全奕通訊有限公司,臺中市北區健行里健行路766巷60號12樓1,100000,1050924
3549,24845227,千元億科技有限公司,臺中市北屯區東光里東山路一段43巷23弄11號1樓,500000,1050908
3550,24845520,鑫虢國際有限公司,臺中市南屯區豐樂里文心南五路一段201號10樓之11,2000000,1050919
3551,24846160,葡京茶餐廳有限公司,臺中市西屯區西平里福星路324之1號1樓,2000000,1050929
3552,24846696,吉力國際實業有限公司,臺中市豐原區府前街61之2號1樓,500000,1050921
3553,24847196,茂橙有限公司,臺中市西屯區大福里大鵬路43巷31號1樓,1000000,1050901
3554,24847323,可瑞達科技有限公司,臺中市北屯區文心路四段955號18樓之3,1000000,1050909
3555,24847576,北岸咖啡工坊有限公司,臺中市西區精誠二十一街40號,200000,1050910
3557,24847858,錦隆消防科技有限公司,臺中市神岡區社南里民生路28巷5號1樓,500000,1050919
3586,24860850,佳聖實業有限公司,臺中市南屯區大墩四街321號地下一層,10000000,1050913
3665,24894042,鴻維生物科技有限公司,臺中市南區平和里新和街165號1樓,1000000,1050912
3914,24978823,台灣綠金家園有限公司,臺中市南屯區文山里文山三街70-3號5樓,1000000,1050922
3920,25000800,力普國際開發有限公司,臺中市南區國光里瑞豐街79號1樓,300000,1050926
3923,25001033,松岡生物科技有限公司,臺中市西區三民路一段36號18樓之13,500000,1050908
3925,25003047,采邑綠建築有限公司,臺中市北區文莊里中清路一段89號3樓,10000000,1050912
3926,25003172,金久順有限公司,臺中市南屯區大墩十二街312號1樓,23800000,1050901
3929,25004849,偉光國際有限公司,臺中市東區東橋里仁和路482號1樓,6000000,1050901
3930,25005137,中龍加油站股份有限公司,臺中市龍井區新庄里向上路六段650號,10000000,1050921
3933,25005586,美林全球投資股份有限公司,臺中市西屯區朝富路99號8樓之1,377630910,1050913
3934,25006564,達陽電業有限公司,臺中市北區文昌東一街42之1號2樓,3690000,1050909
3936,25007281,比亞設計有限公司,臺中市中區大誠里柳川西路三段23之5之1號 ,500000,1050920
3937,25009078,光遠心國際股份有限公司,臺中市西屯區福聯里福順路832號,85200000,1050902
3938,25009627,吉洋食品有限公司,臺中市太平區中興里永平路二段378號1樓,500000,1050905
3941,25011671,高陞金屬有限公司,臺中市太平區中平路26巷28號,5000000,1050908
3942,25013050,廣荃科技有限公司,臺中市大雅區雅楓里民豐街143號,2000000,1050907
3950,25020566,超順利股份有限公司,臺中市北區明新里太原路一段532號6樓之2,27200000,1050921
3952,25022179,橙樺設計有限公司,臺中市西區公平里大業北路10號,1000000,1050930
3957,25024015,楹鑫有限公司,臺中市東勢區新盛里東關路572號,500000,1050909
3959,25026512,上發起重工程有限公司,臺中市北屯區平德里青島路3段21號1樓,168888,1050923
3960,25026597,鑫富康生物科技有限公司,臺中市梧棲區大村里文雅街189號1樓,250000,1050930
3962,25029356,極簡國際股份有限公司,臺中市北區梅川西路四段211巷1號1樓,3500000,1050912
3965,25032459,正鎧光電股份有限公司,臺中市大里區仁德里四育街25號,5000000,1050905
3966,25032850,正霖科技企業有限公司,臺中市北屯區軍功里軍榮五街247號1樓,500000,1050920
3969,25037145,金霖文化事業有限公司,臺中市西區昇平里忠明南路303號2樓,1000000,1050910
3971,25038019,皇星汽車有限公司,臺中市潭子區頭張路一段150號,1000000,1050920
3975,25040280,泰田興業有限公司,臺中市清水區海風里和睦路二段95巷22號1樓,2000000,1050921
3976,25040991,協承傳動有限公司,臺中市西屯區福中里福中六街48號,6000000,1050926
3979,25041909,統賀家股份有限公司,臺中市東區東門里東光園路86巷92號1樓,3000000,1050905
3986,25046616,廣至環球有限公司,臺中市梧棲區居仁街68號,5000000,1050912
3988,25047495,上富國際股份有限公司,臺中市龍井區田中里舊車路3巷14號1樓,2000000,1050919
3993,25051194,世彩有限公司,臺中市大雅區神林路一段540巷46之1號,2000000,1050907
3994,25051271,世紀中台企業有限公司,臺中市北屯區仁美里昌平東五路136號1樓,500000,1050901
3995,25051687,傑福國際顧問有限公司,臺中市沙鹿區洛泉里中正街12號,250000,1050909
3997,25053762,立擴機電有限公司,臺中市北屯區松勇里松竹路二段86巷28弄21-1號,6000000,1050922
3998,25054853,填充站國際有限公司,臺中市太平區成功里建興路10號1樓,2000000,1050908
4000,25055733,哈林串燒美食有限公司,臺中市西區雙龍里向上路一段52號,250000,1050923
4002,25056830,中捷科技有限公司,臺中市南屯區三義里河南路4段176號2樓,300000,1050926
4003,25057325,嘉宇實業有限公司,臺中市豐原區中陽里直興街33號1樓,5000000,1050901
4004,25057599,華洋聯通有限公司,臺中市南屯區文心路一段186號15樓之13,3000000,1050910
4008,25059506,奕勵事業有限公司,臺中市南屯區五權西路二段666號13樓之8,1000000,1050922
4010,25061171,泰鍺國際有限公司,臺中市南屯區惠中里大光街141號4樓,250000,1050923
4011,25062066,昱威生物科技有限公司,臺中市北區賴福里進化北路378之25號1樓,1000000,1050901
4012,25063213,新明龍開發有限公司,臺中市龍井區新庄里中沙路新庄仔巷31之1號1樓,1500000,1050907
4013,25063240,福順開發實業股份有限公司,臺中市烏日區健行南路25號6樓之2,66660000,1050922
4014,25064206,弘煜科技事業股份有限公司,臺中市西區臺灣大道二段186號15樓之2,140220000,1050921
4015,25064402,捷云貿易有限公司,臺中市龍井區龍東里茄投路56號1樓,500000,1050906
4016,25064613,謙和廣告有限公司,臺中市北屯區軍功里東山路一段218巷6之7弄2號13樓之1,1000000,1050905
4017,25064873,宏強實業有限公司,臺中市北區中清路一段447號7樓之1,1000000,1050902
4019,25065471,玄煌股份有限公司,臺中市沙鹿區公明里忠貞路102之8巷1號1樓,6000000,1050913
4020,25065520,奕威工業有限公司,臺中市南區大慶街二段58巷15弄6號,5000000,1050921
4022,25066400,長奇工程有限公司,臺中市北屯區大德里平德路122巷16號1樓,10000000,1050909
4023,25066703,吉嘉事業有限公司,臺中市西屯區西安街277巷4弄5號1樓,300000,1050913
4025,25068358,葳橋生技有限公司,臺中市北屯區建和路一段99號,2500000,1050912
4027,25068884,台凰工程有限公司,臺中市潭子區聚興里興豐山莊東一巷33號1樓,300000,1050912
4030,25071608,惠三投資有限公司,臺中市北區大德街13巷20號2樓,30000000,1050906
4031,25071656,成穩投資有限公司,臺中市北區大德街13巷20號2樓,30000000,1050909
4032,25071852,富苑科技股份有限公司,臺中市南屯區三義里黎明東街561之6號3樓,3000000,1050922
4033,25072796,尚祐管理顧問股份有限公司,臺中市北屯區東山路1段199巷13號1樓,400000,1050908
4037,25073958,宏恩救護車有限公司,臺中市北屯區軍功里軍和街85之2號1樓,6000000,1050920
4040,25077384,啓碁建設股份有限公司,臺中市清水區西社里鰲峰一街146號1樓,2000000,1050902
4041,25078031,杜果科技有限公司,臺中市太平區大興里文林街37巷20號1樓,500000,1050910
4042,25078356,香芸有限公司,臺中市北屯區崇德路三段317巷81號1樓,5000000,1050926
4047,25082859,傳宗食品有限公司,臺中市大雅區大楓里民富街109號,27500000,1050919
4048,25084168,雅杰國際貿易有限公司,臺中市西區土庫里五權西路一段215號,5000000,1050910
4050,25085835,千山投資股份有限公司,臺中市梧棲區大村里文明街66巷56號1樓,21600000,1050909
4052,25086428,瑟瑞克斯科技股份有限公司,臺中市北區文莊里10鄰中清路一段79號6樓,250000,1050922
4057,25090318,潭佳精密科技股份有限公司,臺中市神岡區中山路805號1樓,72000000,1050920
4059,25091013,根園建設股份有限公司,臺中市西區英才路530號17樓之2,10000000,1050919
4062,25093574,齊國砂石有限公司,臺中市東勢區泰昌里東崎路五段488號,5000000,1050905
4063,25093981,正燁成研有限公司,臺中市北屯區軍功東街81號1樓,3680000,1050906
4066,25097754,重宜有限公司,臺中市西區中興里公益路124巷13號,500000,1050914
4069,25098395,菁富生物科技有限公司,臺中市北屯區環中路一段1032巷77-7號,3000000,1050908
4070,25098894,長圓輪胎有限公司,臺中市南屯區大興里東興路一段575號1樓,500000,1050913
4071,25099887,尤碩企業有限公司,臺中市大里區大元里國中二路3號,3000000,1050926
4113,25122661,一品極國際股份有限公司,臺中市西屯區上石路37號,500000,1050908
4120,25125077,一葉葉設計有限公司,臺中市西屯區大墩十八街195號3樓之1,100000,1050910
4159,25150146,永舜環保有限公司,臺中市北屯區仁愛里大連北街122巷10之3號,500000,1050901
4160,25150722,豐鈺建設股份有限公司,臺中市神岡區社南里民族路68號3樓,25000000,1050910
4161,25151187,健達生物科技有限公司,臺中市北區文心路四段200號7樓之5,1000000,1050907
4163,25152405,禮陽科技有限公司,臺中市北區中清路一段372號3樓,500000,1050922
4165,25152995,嘉慶消防有限公司,臺中市北屯區平興街138號7樓,1000000,1050926
4167,25153116,信越工程有限公司,臺中市太平區樹德一街136巷9弄36號,3000000,1050929
4169,25154522,詠嘉營造有限公司,臺中市西屯區大墩二十街116號2樓之2,10100000,1050905
4172,25156275,台中鐵架有限公司,臺中市北屯區軍功里松竹路一段957巷16號1樓,1000000,1050919
4174,25157746,御菓子國際烘焙食品有限公司,臺中市沙鹿區斗抵里太平路52之1號1樓,600000,1050919
4176,25157936,利匯豐有限公司,臺中市西屯區天水西一街7號1樓,1000000,1050912
4177,25157957,凌科生活科技有限公司,臺中市東區東英路354號1樓,2000000,1050906
4179,25158920,律明科技有限公司,臺中市西屯區何德里甘肅路一段102號4樓之1,1000000,1050922
4180,25159189,紅人創意有限公司,臺中市后里區聯合里水門路44號,200000,1050920
4181,25160290,康盛開發有限公司,臺中市南屯區公益路二段615號9樓之2,2000000,1050923
4186,25163803,金冠興科技工業有限公司,臺中市后里區中和里民間路10號1樓,500000,1050909
4187,25163830,晶富國際有限公司,臺中市龍井區新東里遊園南路143巷1弄22號1樓,3000000,1050912
4188,25164227,全安科技建材工廠有限公司,臺中市沙鹿區斗抵里沙田路31號1樓,32000000,1050920
4190,25164752,佑鑫產業有限公司,臺中市神岡區大社里大漢街63巷12號3樓,200000,1050901
4191,25165534,久廣企業有限公司,臺中市豐原區翁子里豐勢路二段290巷50弄72號,1000000,1050923
4192,25166457,宥泰投資有限公司,臺中市大雅區橫山里中科路1088號,127926000,1050910
4193,25166816,安嘉鵬企業有限公司,臺中市后里區眉山里甲后路1152巷3弄9號,19000,1050912
4195,25167977,保欣冷凍空調有限公司,臺中市外埔區大東里甲后路866號,2000000,1050905
4197,25170086,御網電子商務科技股份有限公司,臺中市東區東門里旱溪西路一段223號,5000000,1050902
4200,25172205,優耐客有限公司,臺中市西屯區福和里福安五街21號1樓,3000000,1050909
4201,25172319,焌榕實業有限公司,臺中市大里區東湖里長春路115巷9弄2-3號,500000,1050913
4204,25173416,連美投資有限公司,臺中市南屯區文心南三路388號3樓之2,40000000,1050906
4207,25175174,松業有限公司,臺中市北區賴旺里北平路二段78號1樓,3600000,1050913
4208,25175505,昶瓚企業有限公司,臺中市外埔區三崁里三崁路80號1樓,5000000,1050925
4210,25177721,雅瑪益國際開發有限公司,臺中市沙鹿區興安里斗潭路285巷34號1樓,200000,1050919
4211,25178849,贊賀汽車材料有限公司,臺中市大里區德芳一街166號,200000,1050901
4218,25184700,淇品食品有限公司,臺中市東區東橋里大智路461號,1000000,1050919
4219,25184716,志昇食品有限公司,臺中市大甲區岷山里金華西路83號1樓,500000,1050921
4220,25187474,天牆科技有限公司,臺中市北屯區三光里北屯路180巷6號5樓之3,1000000,1050906
4221,25187538,鄭杏泰生技食品有限公司,臺中市南屯區寶山里17鄰工業區18路18號2樓,12000000,1050901
4223,25187896,清筑空間設計有限公司,臺中市西屯區惠來里惠來路3段122號12樓之6,1200000,1050912
4225,25188213,娣格國際有限公司,臺中市北區南京東路二段123之1號1樓,1000000,1050919
4226,25189249,府穅室內裝修有限公司,臺中市西屯區上安里上明一街50號1樓,1000000,1050912
4229,25190359,冠崴百貨有限公司,臺中市西屯區西安里光明路70號,270000,1050901
4230,25190978,光潔環保科技有限公司,臺中市西區後龍里福龍街61號1樓,1000000,1050923
4231,25191152,豪昱淨水設備有限公司,臺中市烏日區前竹里光明路157巷52號,5000000,1050912
4233,25191857,郁錞國際貿易有限公司,臺中市龍井區新東里新興路22巷1弄1之16號1樓,250000,1050913
4238,25194030,葛洛伯時有限公司,臺中市南屯區向上路3段33號4樓,5000000,1050912
4239,25194405,優勢餐飲企業股份有限公司,臺中市太平區大興十五街50巷37弄2號1樓,140000000,1050928
4241,25197825,致恩企業有限公司,臺中市中區三民路二段183巷13號1樓,3000000,1050908
4257,27257138,香港商龐巴迪動力產品亞洲有限公司,臺中市西區公益路367號6樓之2,0,1050914
4258,27261317,亞仕德有限公司,臺中市大里區國光路一段一二三號一樓,1000000,1050909
4260,27269747,廣藝莊建設事業有限公司,臺中市南區福順里新和街168巷2弄22號1樓,4000000,1050926
4262,27270131,鴻略科技股份有限公司,臺中市大雅區科雅路30號4~5樓,30000000,1050914
4263,27271455,普羅仕興業股份有限公司,臺中市大雅區秀山里平和二路27號1樓,15000000,1050920
4265,27275277,存真傳播有限公司,臺中市太平區永平里大勇街19之8號5樓,1500000,1050919
4268,27280320,中科鋼鐵股份有限公司,臺中市大里區仁化里仁美路159巷16號,133000000,1050910
4271,27285303,立霸有限公司,臺中市豐原區北陽里豐東路26之8號1樓,1500000,1050922
4272,27285367,冠譽工業有限公司,臺中市龍井區忠和里向上路八段391號,2000000,1050929
4275,27285958,昶興國際貿易有限公司,臺中市神岡區社口里文昌街171號,4000000,1050914
4277,27286886,仟年機械有限公司,臺中市潭子區勝利十二街８７巷４５弄１號１樓,1000000,1050929
4278,27288646,佑恩有限公司,臺中市南區光輝一街79號1樓,500000,1050920
4280,27290039,上乙環保企業有限公司,臺中市梧棲區大村里立德街143巷76號,5000000,1050902
4281,27290474,台灣吉西西有限公司,臺中市神岡區民權路12-3號1樓,6500000,1050906
4282,27292368,祐麒建設有限公司,臺中市豐原區南陽里永康路95號1樓,5000000,1050929
4286,27298102,鉅利興實業有限公司,臺中市梧棲區草湳里文昌路773巷3號,1000000,1050906
4291,27303864,巨匠視覺工程有限公司,臺中市梧棲區永安里永興路一段351號1樓,1000000,1050929
4294,27310318,太安可服飾事業股份有限公司,臺中市清水區民治三街128之1號,80000000,1050929
4330,27354791,拉布拉多實業有限公司,臺中市南屯區惠光里大光街138號3樓之3,1000000,1050923
4346,27375487,家侑有限公司,臺中市大里區仁化里工業二路60號2樓之1,3000000,1050908
4349,27378695,宏邦水科技企業有限公司,臺中市潭子區東寶里大德北路139號1樓,1000000,1050906
4357,27387511,珊樺竣企業有限公司,臺中市太平區光華里長安路７３號１樓,500000,1050923
4360,27387884,崧運模具有限公司,臺中市潭子區栗林里中山路三段493巷2號,5000000,1050901
4362,27392232,卯詮工業有限公司,臺中市神岡區三角里三社路273巷26之28號1樓,1000000,1050905
4365,27397882,有乾行銷有限公司,臺中市南屯區三厝里大墩十一街785號,1000000,1050920
4366,27401859,郁詳實業股份有限公司,臺中市烏日區北里里太明路成豐巷196號,6000000,1050908
4370,27412053,新揚光學科技有限公司,臺中市南屯區大墩六街218號4樓之1,7200000,1050926
4371,27414518,溢群有限公司,臺中市北區金華里雙十路二段38巷4-2號1樓,1000000,1050919
4372,27414910,永嘉塑膠有限公司,臺中市神岡區三角里三社路17號　,1200000,1050905
4375,27417923,坤錩國際有限公司,臺中市豐原區西安里西平街7號1樓,1500000,1050926
4376,27418818,宇格資訊有限公司,臺中市北屯區瀋陽北路13巷49號,600000,1050905
4379,27419669,進吉興業有限公司,臺中市南屯區寶山里嶺東路916之17號1樓,11000000,1050901
4381,27420053,大精銳管理顧問有限公司,臺中市太平區永平里大勇街19之5號9樓,1000000,1050902
4382,27421671,盛虹實業有限公司,臺中市太平區大源十八街41號1樓,10500000,1050920
4383,27423045,懋源淨水有限公司,臺中市清水區中華路366號,1000000,1050906
4385,27425120,鐿錩國際有限公司,臺中市南屯區溝墘里大墩十四街190之1號7樓,7500000,1050921
4391,27428793,氏熙珈琲國際股份有限公司,臺中市南屯區大興里文心南三路238號1樓,5000000,1050901
4392,27429961,三喜資材有限公司,臺中市南區福順里忠明南路789號8樓,500000,1050910
4396,27433986,移動國際貿易有限公司,臺中市神岡區社南里民生路16號1樓,500000,1050914
4397,27434253,超聯科技股份有限公司,臺中市大甲區工七路28號1樓,20000000,1050909
4398,27434423,豐華工程有限公司,臺中市北屯區軍公里軍榮街388號2樓,1000000,1050908
4400,27438434,真實興業有限公司,臺中市南區大慶街一段130巷2之1號,1000000,1050926
4403,27442155,晉鋅實業有限公司,臺中市太平區大源二十八街24號1樓,2000000,1050905
4405,27442660,瑞德奧開發股份有限公司,臺中市西屯區文心路三段238號9樓,40000000,1050909
4413,27449045,伊立科技有限公司,臺中市大里區國光里大里路一四二號一樓,5000000,1050923
4415,27450605,佳典禮品有限公司,臺中市大甲區大甲里中山路一段937號1樓,2000000,1050907
4416,27451463,朋瑜企業有限公司,臺中市豐原區田心路二段267巷37弄32號2樓,5000000,1050921
4421,27454671,百家珍茗有限公司,臺中市南區永和街61號1樓,500000,1050928
4422,27454975,威利鯨精業有限公司,臺中市北屯區仁和里四平路387巷64號,2000000,1050901
4425,27456256,傑亞科技有限公司,臺中市霧峰區甲寅里民生路165-2號1樓,500000,1050921
4427,27458938,台茂全球通股份有限公司,臺中市大肚區王田里王福街1號,10000000,1050908
4429,27461814,中山視光有限公司,臺中市南區大慶街二段15之2號1樓,1000000,1050906
4430,27463019,多貿赫有限公司,臺中市南屯區寶山里文山北巷5-11號,3000000,1050920
4431,27463284,宇傑鋼鋁業有限公司,臺中市大里區長榮里新南路137號,1000000,1050905
4432,27464397,德控科技有限公司,臺中市大甲區甲后路55之1號,1000000,1050926
4436,27476507,騏安企管顧問有限公司,臺中市清水區西社里鎮新南路123號1樓,500000,1050923
4438,27477668,怡翔有限公司,臺中市太平區光明里中山路二段412-8號7樓,2000000,1050908
4440,27479069,凱嘉宏企業有限公司,臺中市沙鹿區竹林里中山路60巷27號,6000000,1050919
4441,27479440,瑞鵬投資有限公司,臺中市南屯區文山里精科一路3號2樓,6000000,1050905
4445,27484627,茂盛設計開發有限公司,臺中市南屯區同心里大墩二街166號1樓,2000000,1050909
4446,27486478,御峰企業有限公司,臺中市西屯區福中里中工二路188號8樓,5000000,1050929
4448,27487589,寶辰工業有限公司,臺中市太平區興隆里興隆路1段76巷37弄17號1樓,3000000,1050921
4451,27490389,曲成實業有限公司,臺中市西區東昇里樂群街152號1樓,30000000,1050908
4452,27490536,今兆投資有限公司,臺中市西屯區朝富路213號20樓之8,34400000,1050905
4453,27490732,尚蓁有限公司,臺中市北區頂厝里崇德路一段627號1樓,500000,1050913
4457,27492915,一心國際科技有限公司,臺中市西區公正里大同街162號1樓,6000000,1050921
4462,27495357,亦笙嬰兒用品有限公司,臺中市北區賴旺里北平路2段21號1樓,500000,1050906
4463,27495770,苣韋有限公司,臺中市豐原區翁子里豐勢路二段480巷37號,500000,1050902
4466,27498024,秉豐精密有限公司,臺中市龍井區新庄里九鄰新庄街二段２３巷１弄１５號,5000000,1050912
4468,27499585,芭杜服飾有限公司,臺中市西屯區精明一街五六號一樓,1000000,1050908
4469,27499781,健銓醫院管理顧問有限公司,臺中市外埔區大同里甲后路興龍六巷五八號,600000,1050906
4472,27501891,栩暉有限公司,臺中市沙鹿區埔子里鎮南路一段201號,1000000,1050909
4475,27506039,晉舜國際開發有限公司,臺中市北屯區仁和里崇德路三段317巷30號1樓,24000000,1050924
4477,27507522,藍眼科技有限公司,臺中市北區文心路四段200號7樓之3,11500000,1050910
4479,27508677,勝捷複材科技股份有限公司,臺中市西屯區臺灣大道二段792號1樓,6000000,1050908
4480,27509009,禾味食品有限公司,臺中市西屯區何安里四川路18號,5000000,1050909
4486,27516162,宏順投資股份有限公司,臺中市北區賴福里衛道3街1號1樓,12240000,1050909
4487,27516352,駿湧廣告有限公司,臺中市南屯區永春東二路246號,23000000,1050926
4488,27516395,志祥興業有限公司,臺中市清水區武鹿里公正路222巷2弄16號,5000000,1050906
4489,27518112,芝瑩企業有限公司,臺中市豐原區中陽里向陽路197、199號1樓,9000000,1050919
4554,27580255,東侲科技有限公司,臺中市大甲區興安路217巷5號,5000000,1050914
4564,27589122,登峯鍛造工業有限公司,臺中市梧棲區永安里向上路九段322巷29號,5000000,1050922
4567,27590818,金展工程有限公司,臺中市東勢區茂興里石城街198巷140號,5000000,1050909
4572,27600246,翰銓醫材生技有限公司,臺中市大里區永隆里爽文路１０４７號１樓,3000000,1050906
4581,27609252,日振金屬有限公司,臺中市大雅區三和里龍善二街75號1樓,1000000,1050913
4591,27615439,湧興生物科技有限公司,臺中市南屯區文山里寶山六街2號1樓,500000,1050907
4596,27621489,台灣鷹野股份有限公司,臺中市西屯區臺灣大道四段839號15樓,20000000,1050902
4598,27622852,眾智數位科技有限公司,臺中市沙鹿區福安街65號3樓,1000000,1050919
4599,27623402,豪樂門娛樂有限公司,臺中市中區柳川西路三段23號4樓之1,500000,1050913
4610,27635385,任達興業有限公司,臺中市北屯區同榮路４５號１樓,1000000,1050924
4618,27641112,金晶精密實業有限公司,臺中市太平區宜昌東路107號1樓,3000000,1050909
4620,27642013,宏強自動控制有限公司,臺中市潭子區聚興里興豐山莊189號,600000,1050920
4621,27643224,里博智財科技有限公司,臺中市西區公益路１６１號５樓之１１,500000,1050909
4628,27652124,萬邦外貿有限公司,臺中市西屯區福和里臺灣大道四段925號15樓之2,11000000,1050905
4629,27652150,凱健富實業有限公司,臺中市北屯區水景里東山路一段191巷10號1樓,1000000,1050921
4636,27662925,明芳汽車材料有限公司,臺中市沙鹿區竹林里三民路121號,500000,1050921
4638,27665795,榮昌技研工業有限公司,臺中市大里區塗城里三民二街６６巷１號１樓,500000,1050926
4641,27667175,優尼肯股份有限公司,臺中市南屯區文心路一段378號20樓之2,5000000,1050901
4644,27670122,和園企業有限公司,臺中市神岡區豐洲里豐洲路332巷21之1號1樓,500000,1050919
4646,27671396,力達廣告有限公司,臺中市北屯區平和里瀋陽路1段57號2樓,1000000,1050919
4647,27672732,詠隆電業有限公司,臺中市太平區新光路56巷19號1樓,1000000,1050905
4648,27673155,勝棋機械有限公司,臺中市潭子區潭北里潭子街三段公廳巷58之2號,600000,1050906
4652,27676456,昱芸有限公司,臺中市西區向上路一段526號1、2樓,3000000,1050914
4655,27678412,和鋒土地開發股份有限公司,臺中市西屯區上德里智惠街86號1樓,82500000,1050924
4656,27678709,禾鎧科技有限公司,臺中市太平區德隆里德利路1號,500000,1050903
4732,27774549,鑫門自動門有限公司,臺中市太平區建國里建成街３１０巷１３號１樓,500000,1050906
4735,27775343,新活力健康事業有限公司,臺中市南屯區三和里河南路四段421號,500000,1050905
4738,27777216,寶裕投資股份有限公司,臺中市北區太原北路130號10樓之1,15000000,1050910
4741,27778778,喬凡堤斯國際有限公司,臺中市西屯區西平里逢甲路77號1樓,1000000,1050921
4743,27779426,大成人力有限公司,臺中市北屯區熱河路３段１３３號１樓,500000,1050922
4746,27780681,台中生物科技有限公司,臺中市南屯區田心里惠文路318號,1000000,1050909
4747,27780970,三圓興業有限公司,臺中市北區原子街156號,7000000,1050922
4748,27781324,億鐙企業有限公司,臺中市神岡區溪洲里福民路115巷55號,500000,1050913
4749,27782528,好貨專賣開發有限公司,臺中市西屯區四川路156號11樓之2,5000000,1050921
4757,27788895,新益國際有限公司,臺中市南屯區市政南二路189巷5號,3500000,1050921
4759,27790365,水天投資股份有限公司,臺中市西屯區環河路156之1號1樓,146676080,1050906
4760,27790787,銘豐保溫工程有限公司,臺中市大里區仁愛路６４號１樓,2000000,1050924
4761,27792574,大都會行銷整合有限公司,臺中市后里區敦北里四村路171號1樓,1000000,1050914
4766,27794355,拓程開發實業股份有限公司,臺中市西屯區青海路二段242-33號及台中市西屯區青海路二段242-33號3樓之1、3樓之3、3樓之5至3樓之12、4樓之1、4樓之2、4樓之5至4樓之11、5樓之1、5樓之2、5樓之9至5樓之12、6樓之1、6樓之2、6樓之5至6樓之9、7樓之1、7樓之3、7樓之5至7樓之12、8樓之1至8樓之12、9樓之1至9樓之12、10樓之1至10樓之12、11樓之1至11樓之12、12樓之1、12樓之2、12樓之5至12樓之12,5500000,1050920
4769,27797661,庭廣實業有限公司,臺中市太平區育才路１１８巷３３號１樓,1000000,1050902
4776,27801166,和欣錩企業有限公司,臺中市太平區中平里鵬儀路4號1樓,1000000,1050920
4777,27801497,悟纈有限公司,臺中市梧棲區四維中路337號10樓之2號,10000000,1050926
4779,27802046,台灣東洋蘭運銷有限公司,臺中市東勢區延平里東關路七段115號,500000,1050920
4783,27804017,和智有限公司,臺中市清水區橋頭里17鄰民有路178號,500000,1050912
4790,27812327,新全勝鹽品有限公司,臺中市豐原區社皮里一心路246號,2000000,1050925
4792,27814275,佳瑜企業有限公司,臺中市西屯區西平里西安街145號地下1樓,5000000,1050921
4794,27816739,駿陞汽車材料有限公司,臺中市南屯區豐樂里文心南三路29號1樓,600000,1050914
4796,27819807,鴻禧國際興業股份有限公司,臺中市西區民龍里臺灣大道二段307號9樓之2,30000000,1050910
4797,27820558,貝克莉有限公司,臺中市南屯區大業路275號1樓,3900000,1050905
4798,27821260,金泰元實業有限公司,臺中市南屯區黎明東街561之1號2樓,1000000,1050929
4799,27821959,曜宏汽車股份有限公司,臺中市太平區永平里中平路73號,1200000,1050922
4800,27822606,建新事務機器有限公司,臺中市南屯區大同里東興路二段186號8樓之6,1000000,1050913
4803,27825462,宇烽有限公司,臺中市西屯區何德里甘州六街１５號１樓,1000000,1050909
4806,27826379,崴鴻有限公司,臺中市大里區新里里永隆二街89巷12弄2號1樓,6000000,1050913
4808,27828307,華基生物科技有限公司,臺中市西屯區文心路三段236號3樓,3000000,1050930
4813,27836469,福元生技有限公司,臺中市西區日興街103號1樓,5000000,1050902
4815,27839830,晉通塑膠有限公司,臺中市北屯區平興里遼寧路１段１９８號４樓,10000000,1050906
4817,27840941,元生文化事業有限公司,臺中市北區賴村里五常街220號8樓之1,500000,1050920
4821,27843573,阿華師茶業股份有限公司,臺中市大里區夏田里中投西路三段409巷2號,10000000,1050901
4822,27844209,銓泰精密有限公司,臺中市霧峰區峰谷里峰谷路１５５之１２號１樓,500000,1050923
4827,27848492,欣采印刷事業有限公司,臺中市南區福平里光輝街51巷16號1樓,1000000,1050908
4828,27849176,福仁實業股份有限公司,臺中市龍井區蚵寮路273號,74500000,1050929
4829,27849437,穎鑫機械有限公司,臺中市龍井區忠和里工業路１８２巷２號,2000000,1050901
4831,27850258,宸嶧國際有限公司,臺中市西區模範街72號1樓,10000000,1050908
4835,27853902,巨琩有限公司,臺中市東區東英九街27號1樓,2000000,1050908
4839,27856817,東益冷凍空調有限公司,臺中市北屯區舊社里北屯路439之17巷2弄5號16樓之2,5000000,1050924
4840,27858694,至廣發工業有限公司,臺中市西屯區漢口路二段19-3號1樓,10000000,1050909
4841,27860988,萬閤廣告企劃事業有限公司,臺中市西區忠誠里臺灣大道二段573號5樓,2000000,1050902
4845,27866147,台灣坂商有限公司,臺中市北屯區修齊街１７巷１６號１樓,1440000,1050906
4849,27868736,盛柏企業有限公司,臺中市北區立人里陝西路63號7樓之2,7000000,1050909
4854,27872577,龍勝奉工業有限公司,臺中市太平區宜欣里溪洲路７７巷４號１樓,500000,1050920
4856,27874913,全冠精密機械股份有限公司,臺中市龍井區福田里茄投路福頭崙巷55號1樓,5000000,1050926
4862,27882836,朝勻有限公司,臺中市西區精誠3街27號5F,500000,1050901
4863,27883835,科銓實業有限公司,臺中市南區高工路265巷21弄6號1樓,1000000,1050929
4870,27889752,美健有限公司,臺中市大甲區日南里幼獅路１５號,500000,1050930
4872,27891568,壹荳服飾行有限公司,臺中市豐原區中山里中正路129巷1號,1000000,1050926
4878,27896677,合鈞實業有限公司,臺中市潭子區甘蔗里勝利三街96巷10號1樓,500000,1050926
4886,27903184,中塘企業有限公司,臺中市烏日區烏日里新興路228號1樓,500000,1050912
4892,27907870,綋雅實業有限公司,臺中市大雅區員林里大明街27號1樓,1000000,1050912
4895,27910426,正隆國際開發股份有限公司,臺中市南區大慶街一段257之7巷2號1樓,1000000,1050905
4896,27919159,瀅琳實業有限公司,臺中市東區東興里建中街39號1樓,500000,1050921
4906,27940499,香港商世界健身事業有限公司,臺中市西區臺灣大道2段489號22樓,111200000,1050905
4933,27979450,協健投資股份有限公司,臺中市西屯區朝富路99號八樓之1,265000000,1050909
4964,28014552,裕發科技股份有限公司,臺中市烏日區長春街583巷16號,3000000,1050922
4965,28015378,德遠開發有限公司,臺中市南屯區大富街98號1樓,9000000,1050920
4966,28016685,鎔揚實業有限公司,臺中市北屯區仁和里山西北二街39號,10000000,1050910
4967,28016974,智雅科技有限公司,臺中市北區梅亭街282號1樓,5000000,1050922
4973,28020013,永斌實業有限公司,臺中市豐原區三豐路799巷133弄2之1號1樓,500000,1050920
4974,28020463,暉篁上光廠有限公司,臺中市西屯區大河里大河街42巷9號,3000000,1050920
4977,28021863,昱峰營造股份有限公司,臺中市大安區松雅里大安港路542號1樓,10000000,1050914
4978,28023807,正鋼科技股份有限公司,臺中市南屯區文山里精科北路17號,30000000,1050912
4982,28026305,盈淞營造事業有限公司,臺中市大里區內新街66號2樓,42000000,1050920
4983,28027178,新統興業有限公司,臺中市東區旱溪西路一段190巷51號1樓,1000000,1050906
4986,28030568,普銳士實業有限公司,臺中市南區樹德里德吉街307之1號6樓之1,1000000,1050929
4987,28030770,鴻昇生化科技股份有限公司,臺中市西區忠明南路３０３號２１樓之２,5000000,1050910
4988,28030878,全懋貿易股份有限公司,臺中市南屯區永定里南屯路二段896號1樓,1000000,1050929
4995,28033875,順傑精密機械有限公司,臺中市太平區光興路1730號1樓,3000000,1050913
4996,28034261,沅益工業有限公司,臺中市大里區仁美路159巷17號,2500000,1050902
4998,28036556,三晃生物科技股份有限公司,臺中市南屯區文心路一段378號6樓之2,75000000,1050912
4999,28037979,永翔事務機器有限公司,臺中市南區忠孝路７８之３號,1000000,1050907
5004,28040361,新倫企業有限公司,臺中市北屯區僑孝街１６０巷３０號１樓,1000000,1050923
5006,28041283,昱升精密工業有限公司,臺中市大雅區四德里中山12路7號,1500000,1050919
5009,28043281,三色卡實業有限公司,臺中市神岡區庄後里厚生路130號,1000000,1050924
5010,28044036,見安營造股份有限公司,臺中市北區五權路375號9樓,33100000,1050919
5014,28048639,金技貿易有限公司,臺中市南屯區豐樂里東興路一段498號2樓,5000000,1050929
5018,28050894,亞睿企管顧問有限公司,臺中市北屯區東山路一段91巷23號1樓,1000000,1050901
5019,28051134,守翊國際有限公司,臺中市大里區大明路111號11樓,10000000,1050907
5020,28051155,堃崴有限公司,臺中市豐原區永康路213巷39弄8號,600000,1050907
5022,28052725,安興保全股份有限公司,臺中市北區中清路一段369號8樓之2,40000000,1050902
5026,28054322,意達吉淨化科技有限公司,臺中市東區十甲東路698號1樓,5000000,1050901
5027,28054391,鋇立得科技股份有限公司,臺中市潭子區栗林里中山路三段459號,10810000,1050903
5029,28056882,律瀚科技股份有限公司,臺中市南區永興里工學一街173巷6號,2000000,1050926
5033,28060014,晟淵精密科技有限公司,臺中市潭子區栗林里民生街228號,5000000,1050901
5037,28063315,峻豐有限公司,臺中市北屯區平興里北屯路366號9樓之1,1000000,1050905
5038,28063574,雅嵐股份有限公司,臺中市南屯區楓樹里楓樂巷1-25之1號,25500000,1050912
5043,28069275,阡鈺實業股份有限公司,臺中市大肚區成功里文昌路三段162巷107弄45號,3000000,1050919
5044,28072399,禾堤有限公司,臺中市西區中美街28巷15號1樓,1100000,1050930
5048,28073947,御博生物科技有限公司,臺中市西區永安街28號1樓,5000000,1050930
5049,28074002,富珵保險經紀人有限公司,臺中市西屯區長安路二段71巷33弄6號,6000000,1050919
5051,28075488,振茂通運有限公司,臺中市霧峰區峰堤路689號,50000000,1050926
5053,28078703,必艾奇亞洲有限公司,臺中市大雅區中山路70號、80號,7000000,1050919
5055,28079576,創意烘焙資源食品廠有限公司,臺中市大里區仁化里仁慈街１０８號,1000000,1050921
5056,28082241,明掄國際事業有限公司,臺中市南區福順里忠明南路793之1號7樓,500000,1050907
5059,28084536,九華科技有限公司,臺中市西區土庫里美村路一段540號7樓之1,500000,1050920
5063,28087246,鑫速潔有限公司,臺中市西區福龍街56號1樓,1000000,1050924
5065,28088441,全富製鞋有限公司,臺中市潭子區聚興里潭興路1段183號1樓,500000,1050912
5068,28090278,信錤實業有限公司,臺中市梧棲區大村里中央路一段576之4號,2000000,1050910
5074,28095581,盛和興工程有限公司,臺中市太平區新坪里新平路3段269巷23號,5000000,1050901
5077,28097666,清奇空間設計有限公司,臺中市西屯區何厝里何厝東二街23號9樓之1,7000000,1050908
5082,28102632,弘琮塑膠有限公司,臺中市大里區中興路二段706巷6號1樓,2000000,1050909
5084,28105429,祥懋資訊有限公司,臺中市西屯區福和里中工三路158號一樓,3000000,1050923
5086,28106546,唯銘紙器有限公司,臺中市大里區仁德里仁化路701巷16號2樓,2000000,1050913
5087,28109121,京綵有限公司,臺中市西區五權西六街１３６巷１４號１樓,1000000,1050919
5089,28109311,銳吉科技有限公司,臺中市沙鹿區六路里十一街60號2樓,1000000,1050920
5090,28109902,賀多龍科技有限公司,臺中市北區明新里漢口路三段162號2樓,5000000,1050923
5092,28112272,世界中心科技股份有限公司,臺中市梧棲區經三路1號,277343000,1050922
5098,28120857,金品坊珠寶銀樓有限公司,臺中市大雅區大雅里大雅路10號1樓,500000,1050908
5100,28125071,峰易科技工業有限公司,臺中市沙鹿區洛泉里光華路247巷11號1樓,500000,1050914
5103,28129457,炬竑貿易有限公司,臺中市大里區東明路320巷11號,5000000,1050913
5106,28133918,松下精工有限公司,臺中市太平區宜佳里宜佳街41巷11號11樓,3000000,1050929
5107,28135113,凱豐機電工程有限公司,臺中市南區福順里南昌街52號1樓,3000000,1050921
5108,28135839,新榮發投資有限公司,臺中市梧棲區文華街194巷3號,29500000,1050929
5110,28137273,永科國際貿易有限公司,臺中市烏日區烏日里公園路３２２巷１５號１樓,5000000,1050919
5113,28140404,美仁數位科技有限公司,臺中市太平區光華里8鄰長安八街21號5樓,1000000,1050914
5115,28144289,鎰源興業有限公司,臺中市神岡區溪洲里溪洲路439號,2000000,1050909
5116,28146293,桔子科技工程有限公司,臺中市潭子區東寶里大豐一路56號,2500000,1050920
5119,28154384,一畝田戶外有限公司,臺中市豐原區社皮里中正路615號,2000000,1050926
5121,28157880,謙誠科技有限公司,臺中市北屯區東山路倡和巷22弄10號,1000000,1050920
5129,28165925,曜通貿易股份有限公司,臺中市西屯區福雅里福祥街11號5樓之1,25000000,1050910
5198,28310218,富棋實業有限公司,臺中市北區中清路一段473巷8號1樓,1000000,1050919
5201,28312285,廣泰不動產有限公司,臺中市大雅區中清路一段263號1樓,500000,1050907
5213,28319920,中國國際財務股份有限公司,臺中市西屯區福和里台中港路3段107號13樓,1000000,1050914
5215,28321067,燁新投資有限公司,臺中市西屯區惠來里文心一路168號6樓,28000000,1050907
5218,28322761,中台管理顧問有限公司,臺中市北屯區舊社巷48號1樓,1000000,1050912
5220,28323662,班澤空間設計有限公司,臺中市西屯區惠來里惠中路二段38號4樓之1,1000000,1050924
5222,28324206,第三腦全腦潛能開發國際股份有限公司,臺中市北屯區北京里天祥街3號1樓,8000000,1050906
5228,28327061,久楨實業有限公司,臺中市東區振興路296巷21弄6號,1000000,1050901
5229,28327920,協承興實業有限公司,臺中市大雅區四德里中清路三段780號1樓,10000000,1050910
5232,28331537,裕昇工程顧問有限公司,臺中市西屯區西屯路二段256巷6號10樓之1,3000000,1050920
5241,28337146,慶翎股份有限公司,臺中市西屯區何成里大墩十八街189號3樓之2,1000000,1050905
5242,28338834,遠雄投資股份有限公司,臺中市北屯區旅順路二段40號2樓,8750000,1050922
5244,28340923,中瑩汽車玻璃有限公司,臺中市南屯區向心里文心南一路71號,1000000,1050905
5246,28343061,凱樂媒體資訊有限公司,臺中市龍井區遊園南路101巷62號2樓,1000000,1050901
5248,28344364,梨子咖啡館有限公司,臺中市西屯區玉門路370巷28號,12000000,1050912
5254,28346433,忠懋自動化有限公司,臺中市太平區宜欣里宜昌路111巷9號1樓,1000000,1050924
5255,28347735,葡吉洋行有限公司,臺中市西屯區惠來里河南路４段103號,6000000,1050921
5258,28350359,肯的創意廣告有限公司,臺中市梧棲區南簡里長春路5-2號1樓,3000000,1050923
5262,28352321,石恒科技股份有限公司,臺中市豐原區南嵩里水源路147號,129000000,1050923
5263,28352758,明威開發工程有限公司,臺中市大里區大元里環河路一段12號,10000000,1050909
5265,28353980,美灣貿易有限公司,臺中市西屯區甘州二街31號2樓,5000000,1050903
5266,28354411,泰力得營造工程有限公司,臺中市梧棲區頂寮里四維路85巷29號8樓之1,25000000,1050909
5271,28360547,樂鴻冷凍食品有限公司,臺中市大里區大元里大衛一街10號,10000000,1050913
5274,28365085,正鼎生物科技股份有限公司,臺中市大里區健民里仁化工十六路60號,23550000,1050901
5275,28366303,奇瓦迪眼鏡股份有限公司,臺中市南屯區南屯里黎明路1段1031號3樓,8000000,1050901
5278,28368370,和毅工程有限公司,臺中市西屯區何福里寧漢一街14號1樓,500000,1050921
5279,28369110,至順工程有限公司,臺中市西區柳川東路二段35巷21號1樓,2000000,1050921
5280,28369202,理全資訊有限公司,臺中市北屯區長生巷2之35號1樓,1000000,1050919
5282,28369580,尚昱投資顧問有限公司,臺中市南屯區保安三街121號,10000000,1050919
5283,28369744,得進有限公司,臺中市大雅區民豐街109巷10號1樓,500000,1050901
5289,28373509,苰丞企業有限公司,臺中市大里區健民里校前路22號1樓,1000000,1050922
5291,28374893,亮晶晶清潔工程有限公司,臺中市太平區東村八街51號,500000,1050909
5294,28378912,廣榮科技材料有限公司,臺中市西屯區上安里上明一街10號1樓,600000,1050922
5298,28381233,萬崴實業有限公司,臺中市南屯區新生里筏子東街一段167號1樓,1000000,1050908
5301,28383400,富裕開發投資股份有限公司,臺中市西區公正里東興路三段160號8樓之3,28000000,1050907
5306,28387074,侑助工程有限公司,臺中市大里區瑞城里成功路393號5樓,3000000,1050910
5307,28387476,豐銂工業股份有限公司,臺中市神岡區庄前里庄前路1號,10000000,1050909
5308,28388101,正心資產鑑定股份有限公司,臺中市西屯區林厝里福林路452號1樓,2000000,1050921
5311,28391632,新朝工業有限公司,臺中市太平區富平路38巷8-1號1樓,1000000,1050920
5312,28393821,合昱有限公司,臺中市豐原區東湳里豐原大道六段670號1樓,2000000,1050902
5313,28395877,凱風機械有限公司,臺中市北區賴旺里青島一街33-2號,2000000,1050913
5315,28397642,捷聖科技有限公司,臺中市東區十甲里旱溪東路一段420號1樓,500000,1050908
5317,28400273,凱特食尚股份有限公司,臺中市烏日區中山路一段349號3樓,9000000,1050909
5320,28400822,訊力康有限公司,臺中市大里區大明里益民路二段391巷20弄9號1樓,5000000,1050930
5324,28404448,丞邑實業有限公司,臺中市北區建成里東光東街39號1樓,3000000,1050921
5325,28404453,安鈦科技有限公司,臺中市西屯區潮洋里黎明路二段940號1樓,500000,1050921
5326,28404806,鋐霖配管有限公司,臺中市大雅區員林里神林路一段102-2號1樓,30000000,1050902
5332,28415439,英屬維京群島商歐圓有限公司,臺中市西屯區台灣大道3段540號14樓之1,0,1050929
5337,28419548,薩摩亞商恆冠國際有限公司,臺中市北區忠明路200號4樓之3,0,1050914
5390,28488045,順源資產管理股份有限公司,臺中市西屯區臺灣大道二段910號5樓之7,840000000,1050907
5392,28493434,東風開發有限公司,臺中市烏日區前竹里光明路321號,5000000,1050905
5394,28495714,都盟國際有限公司,臺中市大里區仁德里慈德路47號2樓,3000000,1050903
5398,28498780,御海實業股份有限公司,臺中市南區樹義里樹義路268號15樓之1,1000000,1050919
5399,28499079,新豪鍛造工業有限公司,臺中市梧棲區草湳里自立路202號,1200000,1050913
5401,28500982,源泉淨化科技有限公司,臺中市烏日區烏日里44鄰大同路36號,500000,1050929
5403,28501878,弘隆環保服務有限公司,臺中市龍井區東海里東海街186號1樓,20000000,1050912
5404,28504262,潭子醫療用品有限公司,臺中市潭子區頭家里得天街69巷9弄5號1樓,500000,1050912
5406,28505044,匯宇豐國際有限公司,臺中市大雅區大雅里學府路250巷16號1樓,3000000,1050907
5407,28505473,久悅貿易有限公司,臺中市南屯區大墩十四街257號1樓,10000000,1050901
5408,28505804,宥達金屬有限公司,臺中市北屯區軍功里東山路一段238巷58弄18號,1500000,1050901
5410,28509739,鼎霖國際有限公司,臺中市太平區頭汴里長龍路二段336巷1號,1000000,1050930
5411,28510089,伊斯坦堡中東美食有限公司,臺中市西區五權西三街105號,5000000,1050925
5412,28510320,慶順汽車股份有限公司,臺中市太平區中興里太平路806號,40000000,1050906
5415,28513255,聚鑫機械有限公司,臺中市太平區光華里長安路23號,20000000,1050913
5422,28518033,大理實廣告事業有限公司,臺中市西屯區至善里臺灣大道3段686之1號3樓,2500000,1050923
5426,28519498,泓強電氣工程有限公司,臺中市梧棲區草湳里建國北街192之1號,1000000,1050923
5429,28521017,高峰藥品材料股份有限公司,臺中市西區土庫里忠明南路499號20樓,10000000,1050920
5433,28525597,盟巨精密工業有限公司,臺中市北屯區軍功里軍和街９１之１號２樓,1000000,1050901
5436,28528861,精銘興業有限公司,臺中市南屯區文心南六路１３７號１樓,1000000,1050906
5438,28530634,利合投資有限公司,臺中市梧棲區文華街194巷3號1樓,29500000,1050921
5439,28530727,恩比歐科技有限公司,臺中市南區平和里美和街56號4樓之2,1000000,1050902
5440,28532703,一真法界有限公司,臺中市北屯區仁美里仁美10巷80號1樓,1000000,1050921
5441,28532823,太熙建設有限公司,臺中市豐原區西安里圓環南路193號7樓,10000000,1050906
5443,28533864,朝貴工程有限公司,臺中市大里區大里里大里街7巷4號1樓,1000000,1050909
5444,28534266,得敦有限公司,臺中市大里區美村街48號,500000,1050910
5445,28537236,寶利萊實業有限公司,臺中市大肚區成功里文昌路三段121號,20000000,1050901
5447,28537881,鉅登電機有限公司,臺中市北屯區仁美里豐樂路17巷13弄29號1樓,1000000,1050901
5449,28538376,草本屋國際事業有限公司,臺中市北區文莊里中清路一段89號15樓之2,5000000,1050912
5450,28539430,協信印刷有限公司,臺中市南屯區文山里寶山二街４３號１樓,1200000,1050921
5451,28540268,中圓泰有限公司,臺中市大甲區武曲里橫圳街61號,5000000,1050913
5452,28540274,皇城投資股份有限公司,臺中市北屯區熱河路二段226號1樓,16000000,1050923
5453,28542104,柏揚系統科技股份有限公司,臺中市豐原區田心里中山路83號10樓,50000000,1050912
5455,28542358,藝術碼科技有限公司,臺中市南屯區豐樂里豐順街１８１巷７號１樓,3000000,1050906
5468,28551519,鑫鉅振工業有限公司,臺中市清水區國姓里臨港路七段291號,15300000,1050905
5471,28552572,喬沺鋁業有限公司,臺中市南區永興里工學一街173巷11號,1000000,1050910
5472,28553559,晶寶晟科技有限公司,臺中市后里區義里里甲后路108巷47弄23號,15000000,1050926
5476,28556227,榮興理貨有限公司,臺中市霧峰區丁台里南阡巷158號1樓,1000000,1050912
5478,28557865,三泰五金製造有限公司,臺中市大肚區福山里沙田路１段４２８巷９弄１５號之１,3000000,1050922
5480,28559907,達觀科技有限公司,臺中市西屯區中清路三段307巷20號4樓,2000000,1050909
5487,28563613,福報企業有限公司,臺中市西屯區福科路327號1樓,5000000,1050903
5488,28566344,采富開發企業有限公司,臺中市西區東興路三段25號2樓,1500000,1050920
5490,28566386,勝詠銓股份有限公司,臺中市大里區仁化里工業路79巷29號,5000000,1050919
5498,28571183,寶美建設股份有限公司,臺中市西屯區潮洋里市政北二路238號18樓之1,60000000,1050908
5503,28575420,欣諭有限公司,臺中市大里區長春路178巷5弄10號1樓,6000000,1050923
5505,28575940,杉野產業有限公司,臺中市太平區坪林里中山路二段122號1樓,500000,1050912
5506,28577855,泉湧美術印刷企業有限公司,臺中市北區賴村里健行路574號2樓,1000000,1050924
5509,28578995,韋哲興業有限公司,臺中市豐原區大明路126號1樓,1000000,1050908
5510,28579191,北鉅精機股份有限公司,臺中市南屯區春社里精科東路5之1號,241000000,1050901
5514,28581062,雍派設計工程有限公司,臺中市大里區大里里大里路455巷99號,500000,1050921
5516,28583934,艾克森數位設計有限公司,臺中市北屯區松竹里崇德路二段447號9樓之15,2000000,1050908
5520,28587397,三智機械有限公司,臺中市北區雙十路2段58－4號2樓,1000000,1050922
5522,28589395,彩嘉有限公司,臺中市北屯區水景里景賢五路41號2樓,500000,1050901
5525,28598198,櫻花貿易有限公司,臺中市西區忠明南路16號12樓之9,250000,1050912
5534,28623099,偉梵投資有限公司,臺中市西區五權路１–２０６號１樓,8000000,1050906
5537,28624604,晴天精密有限公司,臺中市神岡區大漢街1巷45號4樓,500000,1050920
5540,28626119,歐德焊接切割有限公司,臺中市北區六合里中正路372巷28號1樓,1500000,1050913
5541,28626321,道登室內裝修有限公司,臺中市西區懷寧街59號1樓  ,500000,1050905
5542,28627010,翊成汽車有限公司,臺中市大里區新仁里新仁七街6巷7號1樓,3500000,1050922
5543,28627519,鑫圓投資有限公司,臺中市西屯區至善里上安路119號2樓,50000000,1050912
5544,28627779,泰順機械有限公司,臺中市東區天乙街140巷21號1樓,500000,1050910
5545,28628209,明煬企業有限公司,臺中市龍井區龍泉里南社路二段107號1樓,1500000,1050914
5546,28628398,立揚國際企業有限公司,臺中市東區自由路3段171號2樓之1,5000000,1050908
5549,28631324,高全工業有限公司,臺中市豐原區三村里豐原大道一段687號3樓,2000000,1050926
5550,28631491,宏蒝有限公司,臺中市大雅區民豐街143號1樓,500000,1050902
5551,28631513,美昕貿易有限公司,臺中市南區忠明南路586號3樓,500000,1050910
5552,28631675,聖宸資訊有限公司,臺中市石岡區和盛街和盛巷35弄52號,500000,1050924
5553,28632294,晉福國際貿易有限公司,臺中市北屯區松勇里松明街68號4樓,1000000,1050901
5555,28634722,杏星興業有限公司,臺中市大里區東湖里東湖路30號1樓,1000000,1050905
5561,28639058,承德生命事業股份有限公司,臺中市北區文莊里中清路一段89號3樓,25000000,1050921
5563,28642244,中原國際專利商標有限公司,臺中市北屯區崇德路２段５３號４樓,500000,1050920
5568,28645663,中庸汽車有限公司,臺中市后里區后里里三豐路四段118號1樓,500000,1050906
5571,28648872,鉅鈤室內裝修有限公司,臺中市梧棲區大村里立德街２２９巷３３號１樓,3000000,1050913
5576,28651427,勝鴻機電有限公司,臺中市北區太原路一段502-4號,3000000,1050924
5577,28652381,鋐海國際股份有限公司,臺中市南屯區文心路一段324號4樓之1,6000000,1050921
5579,28653918,沛高實業有限公司,臺中市太平區東平里中和街338號1樓,10000000,1050924
5581,28655556,梅翠風力工程有限公司,臺中市外埔區水美里二崁路706巷11號,10000000,1050907
5584,28663612,超悅科技實業有限公司,臺中市北區漢口路四段35號12樓,2000000,1050913
5610,28681885,勝鈞生物科技股份有限公司,臺中市北區光大里五權路190號12樓之1,10000000,1050909
5639,28717271,數位思維股份有限公司,臺中市北屯區文心路四段83號16樓,6946000,1050929
5642,28720901,川綺資產管理股份有限公司,臺中市北區博館路15號1樓,6000000,1050922
5646,28722675,威爾斯寵物村有限公司,臺中市太平區宜昌東路23巷51號1樓,5000000,1050920
5652,28726519,東峰農產有限公司,臺中市大里區立仁里新仁路一段217巷47號4樓,5000000,1050920
5653,28726927,紘麒實業有限公司,臺中市南屯區大興里東興路一段571號1樓,8000000,1050901
5655,28727881,默克集成企業股份有限公司,臺中市西區臺灣大道二段307號6樓之1,29000000,1050913
5656,28728087,豪麥餐飲有限公司,臺中市西屯區惠來里巿政路20號1樓,7000000,1050901
5657,28728262,博群淨水科技有限公司,臺中市烏日區光明里五光路復光四巷53-2號1樓,6000000,1050926
5664,28732414,埕億精密工業有限公司,臺中市潭子區甘蔗里興華一路372巷47號7樓,500000,1050909
5665,28732955,易鴻廣告有限公司,臺中市北區健行里健行路780號1樓,500000,1050906
5669,28737564,聚寶鼎開發股份有限公司,臺中市南屯區萬和路2段41-1號1樓,2000000,1050905
5671,28738557,金永順鋼構有限公司,臺中市太平區永成里永成北路128巷28號3樓,1000000,1050914
5673,28738851,大敦金屬有限公司,臺中市太平區新坪里育賢路74號1樓,500000,1050914
5675,28741933,群貿管理顧問有限公司,臺中市梧棲區南簡里民樂路23號,500000,1050919
5676,28743405,友達音樂有限公司,臺中市南屯區文心路一段214號9樓之2,1000000,1050901
5677,28743453,輔佳材料科技股份有限公司,臺中市大甲區中山路一段898巷114號,22000000,1050914
5685,28747248,源宸企業有限公司,臺中市南區永興里高工路265巷22號1樓,2000000,1050905
5686,28747578,威冠散熱實業有限公司,臺中市神岡區北庄里北庄路24號1樓,7500000,1050905
5689,28750209,和易成有限公司,臺中市大雅區員林里神林路一段32號,10000000,1050921
5691,28751039,豐洲工程開發有限公司,臺中市北屯區軍福18路306號,10000000,1050906
5695,28755871,台灣達富汽車有限公司,臺中市西屯區福聯里臺灣大道五段224號,5000000,1050908
5702,28763801,旺得富國際有限公司,臺中市沙鹿區光榮街１３號１樓,6000000,1050906
5711,28773060,藤田機械有限公司,臺中市太平區文林街70號,500000,1050914
5712,28773596,曜凌光電股份有限公司,臺中市大雅區秀山里科雅路25號5樓,220000000,1050922
5715,28776290,大器資訊有限公司,臺中市龍井區龍泉里沙田路五段30巷50之2弄6號1樓,500000,1050913
5718,28779450,彤樺室內裝修有限公司,臺中市豐原區田心里成功路16號,500000,1050919
5723,28782194,加創企業有限公司,臺中市西屯區何仁里重慶路289之10號,1000000,1050919
5726,28787206,龍晟科技有限公司,臺中市南屯區向心里豐富路299巷25號1樓,5000000,1050920
5728,28788275,科爾資訊有限公司,臺中市東區東福路9巷29號1樓,12000000,1050929
5730,28788612,源楨國際有限公司,臺中市北區雙十路二段127號1、3樓,500000,1050909
5731,28790429,田豐空油壓有限公司,臺中市太平區新福里振福路211號1樓,2000000,1050914
5732,28791264,容合有限公司,臺中市南屯區干城街145巷6弄15號1樓,1000000,1050924
5736,28792209,精饌股份有限公司,臺中市西區民龍里臺灣大道二段307號5樓,65000000,1050919
5739,28793684,慶豐紙器有限公司,臺中市后里區厚里里柑宅路35巷13號1樓,1000000,1050909
5741,28794380,安德生物科技股份有限公司,臺中市西屯區福林里玉門路50巷5之1號,5000000,1050919
5743,28797247,安建展業有限公司,臺中市西區安龍里忠仁街75巷1號3樓之7,10500000,1050914
5745,28798457,立偉金屬建材有限公司,臺中市大里區新里里永大街77巷33號1樓,1000000,1050902
5746,28798549,眾達資訊股份有限公司,臺中市西區民龍里台中港路一段199號19樓,1000000,1050919
5747,28798581,順源科技有限公司,臺中市大里區中新里環中東路六段520巷2弄12號1樓,15000000,1050913
5748,28798652,和鑫行銷顧問實業有限公司,臺中市太平區新高里立功路111號1樓,500000,1050902
5749,28799033,峻邑木業有限公司,臺中市大雅區中和路58號,13000000,1050919
5750,28800088,恆罡科技有限公司,臺中市烏日區中山路一段445巷6號1樓,1000000,1050925
5756,28809567,太睿建設股份有限公司,臺中市西區民權路239號11樓,50000000,1050907
5760,28811521,辰浩國際行銷有限公司,臺中市龍井區新庄里新庄街二段23巷7號1樓,1000000,1050929
5762,28813577,益鋅實業有限公司,臺中市清水區國姓里三美路81巷115號,1000000,1050904
5765,28815250,元禾精機有限公司,臺中市后里區舊社里三重路8號,1000000,1050910
5769,28818762,嘉賀科技有限公司,臺中市南屯區南屯里五權西路2段666號10樓之8,3000000,1050912
5770,28818952,展光光電科技股份有限公司,臺中市北屯區四平路238巷356號2樓,13900000,1050902
5833,28870909,日麗開發建設股份有限公司,臺中市西區華美西街一段137號9樓之1,20000000,1050913
5834,28870990,右禾機電有限公司,臺中市霧峰區北勢里1鄰北豐路268巷10號1樓,1000000,1050910
5838,28876306,寶蕾樂活服務有限公司,臺中市潭子區潭陽里福潭路399巷15號,1000000,1050909
5841,28878634,向陽居有限公司,臺中市北屯區新平里中清路二段515巷21號3樓之6,2000000,1050922
5842,28878851,業專工程有限公司,臺中市大里區東興里永興路310號1樓,3000000,1050921
5844,28879459,賀宜倫有限公司,臺中市西屯區大河里美滿東一巷6號1樓,3000000,1050922
5847,28880884,沃德企業股份有限公司,臺中市北屯區水湳里文心路四段81號5樓之1,15000000,1050929
5848,28881997,春景景物設計有限公司,臺中市南屯區豐樂里文心南五路一段515號1樓,500000,1050919
5849,28882118,博士寶電商股份有限公司,臺中市潭子區福仁里復興路一段21號10樓之3,10000000,1050926
5852,28883778,解構室內設計有限公司,臺中市北屯區后庄里庄美街109號1樓,500000,1050910
5853,28883849,日友環球有限公司,臺中市西區健行路1049號29樓之19,500000,1050912
5856,28885348,傑思特有限公司,臺中市沙鹿區竹林里中山路36巷6號1樓,2000000,1050924
5857,28885831,馬波斯精密股份有限公司,臺中市南區復興路二段120之3號4樓,5000000,1050921
5859,28887916,秦彼諾國際有限公司,臺中市豐原區民生里府前街137巷13、15號,500000,1050913
5863,28889479,坤亮工程有限公司,臺中市大肚區福山里王福街948巷85號,3000000,1050920
5866,28892621,賀岡有限公司,臺中市潭子區潭秀里南門街101號1樓,500000,1050907
5868,28893804,檜登有限公司,臺中市大里區東興路63號2樓,1000000,1050910
5872,28896892,昆聚投資有限公司,臺中市太平區新平路一段35巷70弄1號1樓,29800000,1050914
5873,28897196,承毅企業管理顧問有限公司,臺中市清水區南社里信義三街39號,500000,1050919
5875,28897288,展菁企業有限公司,臺中市太平區光明里大興十一街125巷19號1樓,1000000,1050909
5876,28898218,亞德博投資股份有限公司,臺中市大里區仁化里工業十路26號2樓,29000000,1050909
5880,28900208,原大五金實業有限公司,臺中市大里區塗城里三民二街57巷75號1樓,600000,1050905
5881,28900214,晨森室內裝修有限公司,臺中市潭子區聚興里興豐山莊51之6號,2666000,1050909
5882,28900333,三合機械有限公司,臺中市沙鹿區犁分里七賢南路49-3號,500000,1050901
5885,28902070,冠群傳播股份有限公司,臺中市北區臺灣大道二段340號4樓之3,20000000,1050914
5886,28902769,佳仁科技有限公司,臺中市大里區新仁里4鄰新仁三街25號1樓,500000,1050920
5887,28903774,冠德食品有限公司,臺中市南屯區大英街45號1樓,5000000,1050908
5889,28904767,龍吟殯葬禮儀實業有限公司,臺中市大里區長興一街32號1樓,500000,1050901
5890,28905317,信立科技有限公司,臺中市潭子區甘蔗里潭興路３段８９號１樓,3000000,1050902
5892,28907259,旭洋實業有限公司,臺中市龍井區蚵寮路251巷308號,6000000,1050912
5898,28912582,普勵特有限公司,臺中市清水區下湳里荷園街111巷23號1樓,500000,1050910
5900,28913999,懋得有限公司,臺中市太平區鵬儀路318-1號,28880000,1050910
5901,28914049,富蘭克林保險經紀人股份有限公司,臺中市北區長青里陝西六街19之1號,3000000,1050923
5902,28915574,大睿廣告企劃有限公司,臺中市潭子區大富路１段２巷１２號５樓,1000000,1050914
5906,28916399,信誠商業有限公司,臺中市大雅區員林里大林路３２１巷２５號１樓,1000000,1050906
5907,28917931,正德地板有限公司,臺中市西屯區何源里成都路178號,5000000,1050913
5908,28918066,大鋒國際有限公司,臺中市大里區新仁一街14號1樓,1000000,1050903
5911,28919760,三林茶業有限公司,臺中市南屯區黎明路１段２３４號１樓,2000000,1050919
5912,28920181,聲寶室內裝修工程有限公司,臺中市大里區新仁里公教街131巷2號1樓,3000000,1050907
5916,28922961,阿里巴巴國際渡假股份有限公司,臺中市西屯區逢明街29巷48號1樓,10000000,1050923
5917,28924004,同亞貿易有限公司,臺中市大里區東湖里國寶街48巷33弄6號2樓,2000000,1050907
5918,28924742,心之芳庭股份有限公司,臺中市北屯區民政里北坑巷21-22、21-23號,70373260,1050909
5919,28924882,藍碁圖書股份有限公司,臺中市北區三民路三段88號,20000000,1050913
5922,28925138,龍鼎保險代理人股份有限公司,臺中市北區太原路一段532號7樓之2,3000000,1050924
5923,28926039,技勤機械股份有限公司,臺中市太平區宜欣里富宜路３２號,2000000,1050901
5926,28927728,真品空間藝術有限公司,臺中市南屯區干城街243巷3弄16號1樓,500000,1050908
5927,28927733,灥鑫企業有限公司,臺中市神岡區社口里文昌街177號1樓,3000000,1050908
5929,28928613,中龍事業有限公司,臺中市北區金龍里三民路三段315巷7號1樓,3000000,1050929
5930,28931032,直務室內裝修有限公司,臺中市西屯區逢甲里西屯路二段256巷6號16樓之2,5000000,1050905
5931,28931624,松昱科技有限公司,臺中市太平區新高里樹德八街103號1樓,1000000,1050903
5937,28936233,洋晨不動產仲介經紀有限公司,臺中市后里區三豐路三段179號1樓,5000000,1050926
5938,28936959,乂迪生科技股份有限公司,臺中市南屯區五權西路二段666號9樓之1,50000000,1050905
5939,28937943,昌碩投資有限公司,臺中市豐原區豐原大道一段595街31號2樓,500000,1050919
5947,28944846,佳成建設股份有限公司,臺中市西區臺灣大道二段501號21樓之1,200100000,1050923
5949,28946921,一心環保科技有限公司,臺中市北屯區松竹路二段76巷12弄30號2樓,1000000,1050912
5951,28951304,盛鼎開發有限公司,臺中市西屯區潮洋里朝馬七街7號1樓,12000000,1050913
5952,28951515,鼎旺休閒開發事業股份有限公司,臺中市西區後龍里梅川西路一段81號1樓,10000000,1050905
5955,28953416,宸宏貿易有限公司,臺中市東區富仁里復興路5段196號1樓,1000000,1050924
5956,28956791,天眼衛星科技股份有限公司,臺中市西屯區何仁里文心路三段159號3樓,10400000,1050908
5958,28958101,鼎榮有限公司,臺中市大里區新里里永大街63號1樓,500000,1050905
5962,28963049,正華包裝有限公司,臺中市神岡區社口里中山路956-12號,2000000,1050901
5968,28966643,品誠實業有限公司,臺中市大雅區振興二路8號,1000000,1050903
5971,28969466,昱鈞科技有限公司,臺中市潭子區大豐路3段186巷8號2樓,1000000,1050930
6030,29057071,福爾摩莎整合行銷有限公司,臺中市西區忠誠里華美西街一段142號13樓之3,8000000,1050926
6047,29070052,原味鮮生物科技股份有限公司,臺中市西屯區福中里中工二路146號4樓,20000000,1050906
6062,29082233,寶華人力資源顧問股份有限公司,臺中市北屯區文心路三段447號13樓之2,42000000,1050921
6063,29083556,倖福設計工程有限公司,臺中市北屯區同榮里同榮路２５３巷１８號１樓,3000000,1050908
6066,29084561,優橱室內裝修有限公司,臺中市南屯區大墩十一街808號1樓,500000,1050908
6069,29088200,威利斯國際股份有限公司,臺中市西區忠明南路303號21樓之2,1000000,1050909
6075,29090732,昇鴻構造有限公司,臺中市北區建德里天祥街140號1樓,3800000,1050922
6077,29093061,佑澧有限公司,臺中市西屯區上安里至善路58號6樓之2,1000000,1050919
6078,29093251,統威網路科技有限公司,臺中市霧峰區本堂里林森路612號1樓,18000000,1050925
6079,29094527,帝磐國際有限公司,臺中市東區十甲里自由路四段302號3樓,11000000,1050920
6085,29097382,金箔創意有限公司,臺中市西屯區文心路三段20號3樓之1,2530000,1050923
6086,29098283,米嚕喜商拓通路股份有限公司,臺中市北區明德里忠明路211號4樓之5,10000000,1050919
6087,29098376,海逢愛不釋手有限公司,臺中市南屯區公益路二段871號1、2樓,1000000,1050901
6093,29101415,昀鼎汽車有限公司,臺中市太平區中興里東平路717號,2600000,1050920
6095,29102202,科蕙企業有限公司,臺中市南屯區春社東巷3弄2號1樓,1000000,1050913
6100,29108162,慶成裝璜有限公司,臺中市梧棲區興農里中華路一段900巷2弄13號,250000,1050925
6103,29108851,微丼實業有限公司,臺中市北區錦祥里北屯路26號3樓之11,6000000,1050930
6108,29110792,懋鑫貿易有限公司,臺中市北區建德里富強街33號1樓,2000000,1050920
6110,29111167,安適貿易有限公司,臺中市大里區永隆五街123號1樓,10000000,1050901
6113,29112623,聖揚開發有限公司,臺中市龍井區東海里遠東街60號之2   一樓,20000000,1050913
6114,29112813,瀚雅實業有限公司,臺中市東區東門路28巷27號1樓,8000000,1050901
6116,29114066,太乙國寶牛樟芝有限公司,臺中市潭子區福仁里福貴路38巷8弄9號1樓,13000000,1050922
6118,29114426,岡達創意無限國際股份有限公司,臺中市西屯區福聯里福順路830號,2000000,1050908
6121,29114930,立上鴻實業有限公司,臺中市南屯區五權西路２段４９８號１樓,1000000,1050905
6122,29115683,昱萬興業有限公司,臺中市西屯區精明二街5號1樓,5000000,1050922
6123,29116634,廣唐企業有限公司,臺中市潭子區栗林里祥和路172巷48號1樓,250000,1050913
6124,29117417,柏菖科技有限公司,臺中市西屯區福林里福雅路65巷20號1樓,2000000,1050914
6127,29121313,展鋐工程有限公司,臺中市西區藍興里大全街98-3號1樓,5000000,1050914
6129,29122397,喬鈺有限公司,臺中市太平區新吉里新平路三段160巷43號1樓,2000000,1050913
6130,29122447,金元順行銷有限公司,臺中市大肚區頂街里大德一街5號1樓,250000,1050922
6136,29126133,益百通股份有限公司,臺中市西屯區福雅里永福路9號1、2樓,2000000,1050910
6138,29126268,健康卡片發明家有限公司,臺中市南區永南街11號4樓,500000,1050907
6141,29127956,承毅健康科技有限公司,臺中市南屯區市政南二路161號1樓,5000000,1050920
6143,29129075,元太能源科技股份有限公司,臺中市北區中清路一段447號13樓之3,2000000,1050910
6172,29155517,和速貸有限公司,臺中市西屯區何南里精誠路14號7樓之2,500000,1050908
6208,29182628,凱鋒工業股份有限公司,臺中市大雅區秀山里科雅路16號,50000000,1050919
6217,29529157,日電煤氣有限公司,臺中市大里區美群路七二號一樓,3600000,1050919
6236,30945574,鹿特實業有限公司,臺中市南屯區惠中里文心路一段306號10樓之2,3500000,1050922
6327,34721935,宏臨營造股份有限公司,臺中市西屯區市政路402號10樓之6,22500000,1050906
6394,38108207,新美商標織造廠有限公司,臺中市大甲區日南里工一路14號,18000000,1050909
6395,38400391,今大營造股份有限公司,臺中市大甲區文武里育英路176巷4號,105000000,1050913
6677,42655629,寰宇科技服務有限公司,臺中市西屯區文心路二段546號5樓之2,3000000,1050929
6691,42660329,好好創意生活股份有限公司,臺中市西屯區潮洋里朝富路232號2樓,10000000,1050919
6692,42660806,里元建設股份有限公司,臺中市南屯區大業里大進街490號4樓之2,20000000,1050919
6693,42661122,凱御國際股份有限公司,臺中市北區太原北路130號10樓之3,66500000,1050920
6694,42661376,葡門國際有限公司,臺中市南屯區三義里河南路四段261號,8000000,1050914
6695,42661827,斯圖加特國際汽車有限公司,臺中市南區和平里忠明南路760號26樓,10000000,1050902
6696,42661946,天燦貿易有限公司,臺中市北區淡溝里臺灣大道二段360號14樓之3,6000000,1050921
6697,42662261,元柏投資有限公司,臺中市南屯區大同里東興路二段186號地下一層1號,10000000,1050923
6698,42662847,臺灣味道商行有限公司,臺中市南區崇倫里柳川西路一段27號1樓,200000,1050905
6699,42663986,域清科技有限公司,臺中市北區立人里華美街二段262號7樓之2,5000000,1050930
6700,42664009,品熠管理顧問有限公司,臺中市北屯區平和里瀋陽路二段175號12樓之18,3500000,1050906
6701,42664922,幸福諸事會社有限公司,臺中市北區立人里華美街二段262號5樓之3,1000000,1050919
6702,42665529,甜在興國際企業有限公司,臺中市北區一中街8號2樓,2000000,1050929
6704,42665963,波菲詩美妝有限公司,臺中市豐原區中興里成功路108號1樓,5000000,1050902
6705,42665979,國昌企業有限公司,臺中市清水區東山里神清路98之6號,1000000,1050902
6706,42666219,活力寶貝國際有限公司,臺中市北區賴福里太原路二段66號2樓,5000000,1050919
6708,42666554,悠遊旅棧股份有限公司,臺中市西區後龍里民生北路126號2樓,44000000,1050926
6709,42666631,台灣麥森實業有限公司,臺中市太平區東和里中和街397號,500000,1050930
6710,42666800,達冠國際開發有限公司,臺中市北區賴村里中清路一段372號3樓,10000,1050923
6711,42666816,沁月國際股份有限公司,臺中市南屯區大墩四街321號地下1層,500000,1050921
6712,42666914,康威生技有限公司,臺中市烏日區溪南路二段270巷62號,500000,1050902
6713,42666920,臻善美投資股份有限公司,臺中市北區崇德路一段631號7樓之2,4010000,1050923
6716,42667759,大鐘投資股份有限公司,臺中市西屯區福和里臺灣大道四段925號14樓之3,35000000,1050914
6717,42668238,凱威興業有限公司,臺中市龍井區藝術街107巷9號1樓,5000000,1050929
6719,42668618,洪岑記貿易有限公司,臺中市西區後龍里梅川西路一段79號,500000,1050926
6721,42669497,御川物業有限公司,臺中市北屯區平安里文心路四段696號14樓之1,5000000,1050906
6722,42669503,富利友投資顧問有限公司,臺中市西區公館里五權西二街150號1樓,500000,1050909
6723,42669980,銀髮園事業有限公司,臺中市大里區東興里國光路二段500號13樓之1,5000000,1050913
6724,42670065,文曄企業有限公司,臺中市大雅區三和里雅潭路180號1樓,60000,1050901
6725,42670353,鋐硯企業有限公司,臺中市沙鹿區北勢里東晉一街101之1號1樓,1000000,1050926
6726,42671509,鈺眾外勞仲介有限公司,臺中市南屯區向心里文心南一路1號2樓,5000000,1050912
6727,42671938,權宇勞基顧問有限公司,臺中市西區民龍里臺灣大道二段285號20樓,1500000,1050922
6728,42672269,永泰豐實業有限公司,臺中市西區五權西二街150號2樓,25000000,1050913
6729,42673957,兆豐國際有限公司,臺中市潭子區雅潭路二段85之1號,8000000,1050904
6730,42674148,城市村落股份有限公司,臺中市北區太原路一段492號6樓之1,12000000,1050919
6731,42674956,裕唐有限公司,臺中市霧峰區本鄉里草湖路135巷1弄32號1樓,290000,1050919
6732,42675110,字翔光復有限公司,臺中市霧峰區中正里振興街27號9樓之3,1000000,1050929
6734,42676672,瑞昌金屬工業有限公司,臺中市烏日區螺潭里溪南路二段68巷62號,7500000,1050906
6736,42677665,弘予企業有限公司,臺中市南區福平里美村路二段106巷29號2樓,500000,1050929
6737,42677905,聯讚精密股份有限公司,臺中市北屯區軍功路二段391號,30000000,1050920
6738,42677953,吉米家有限公司,臺中市北區長青里陜西路25號1樓,2000000,1050912
6739,42678340,凱滋有限公司,臺中市南區德義里學府路88之1號7樓之3,200000,1050908
6740,42679328,啟銓場域工程有限公司,臺中市大里區東昇里益民路一段78巷23號1樓,500000,1050913
6741,42680232,丸一鰻屋有限公司,臺中市北屯區松強里昌平三街61號,600000,1050909
6742,42680253,濎鋒國際有限公司,臺中市西區臺灣大道二段501號18樓之2,1000000,1050906
6744,42681437,詠婕國際事業有限公司,臺中市北區立人里華美街二段262號5樓之3,100000,1050922
6745,42681725,富盟國際事業有限公司,臺中市北屯區松勇里松明街9巷42號1樓,15850000,1050901
6746,42682111,水釋能國際貿易有限公司,臺中市南屯區大墩四街321號地下一層,350000,1050922
6748,42683569,新全運租車有限公司,臺中市龍井區中央路一段3巷160號6樓,10000000,1050920
6749,42684309,合十有限公司,臺中市西區華美西街一段141號,100000,1050920
6750,42684791,崧展工業有限公司,臺中市東區振興路280巷14號1樓,2000000,1050913
6751,42685068,頂尖數位國際有限公司,臺中市西區臺灣大道二段186號4樓之2,5000000,1050929
6752,42685454,寶德管理顧問有限公司,臺中市梧棲區草湳里自強三街22號1樓,5000000,1050923
6753,42685898,喬衍科技工程有限公司,臺中市南屯區黎明路一段310之2號11樓,5000000,1050902
6754,42685948,藍鵲事業有限公司,臺中市西屯區永昌三街7之4號,1000000,1050905
6755,42686025,臻錠重機械有限公司,臺中市后里區三豐路三段929巷8號1樓,5010000,1050922
6756,42686279,泛太率能股份有限公司,臺中市太平區中平里中平九街128號1樓,5000000,1050902
6757,42686545,金宏昇有限公司,臺中市西屯區協和里工業區三一路26-2號,580000,1050922
6758,42686587,今瑛有限公司,臺中市西區後龍里均安街125號,10000000,1050919
6759,42686806,視聯網數位科技有限公司,臺中市南區忠明南路896號5樓之1,1000000,1050929
6760,42688712,豐業水電有限公司,臺中市北屯區松茂里松竹路二段107巷66之6號,300000,1050913
6761,42688733,維通科技有限公司,臺中市北屯區平順里昌平路一段388號5樓之1,1000000,1050923
6762,42689037,高新鷹架企業有限公司,臺中市烏日區烏日里大同路26號1樓,1000000,1050901
6763,42689212,冠捷科技股份有限公司,臺中市大雅區四德里中清路三段819巷8號,15000000,1050920
6764,42689331,力元電機工業股份有限公司,臺中市太平區宜欣里富平路19號1樓,20000000,1050914
6766,42689515,富躍精密有限公司,臺中市烏日區東園里溪南路一段460巷358弄230號1樓,4800000,1050901
6767,42689563,遠山信有限公司,臺中市沙鹿區埔子里正順路21巷29號1樓,200000,1050919
6768,42690034,守承模板有限公司,臺中市清水區田寮里菁埔路87號1樓,2000000,1050902
6825,42716999,欣龍物業管理顧問有限公司,臺中市北屯區平田里旅順路二段352之2號,1000000,1050926
7048,42861070,雷普國際股份有限公司,臺中市神岡區庄前里神林路61之1號,5000000,1050920
7080,42870351,國聖金屬工程有限公司,臺中市豐原區東湳里三豐路二段396巷89號1樓,1000000,1050921
7081,42870768,雷董資產管理顧問有限公司,臺中市西區民生里自由路一段106號2樓之1,1000000,1050930
7082,42871128,艾可米遊戲股份有限公司,臺中市西區臺灣大道二段501號8樓之2,20000000,1050905
7083,42871387,璞乙有限公司,臺中市霧峰區坑口里和平路17號,1100000,1050906
7084,42871725,大喜企業有限公司,臺中市烏日區榮泉里中山路三段733號,1000000,1050929
7085,42871990,和沂工程有限公司,臺中市神岡區豐洲里東洲一街61號1樓,300000,1050901
7086,42872127,皇食餐飲事業有限公司,臺中市南屯區惠中里大光街133號1、2樓,3000000,1050909
7087,42872695,丞亦有限公司,臺中市西區公益路161號3樓之4,10000000,1050902
7089,42873076,辰威科技股份有限公司,臺中市東區天乙街149巷1號,14800000,1050907
7090,42874743,宏騰企業有限公司,臺中市東勢區新盛里東關路六段657號1樓,1000000,1050923
7091,42875742,宇善工程有限公司,臺中市東區東橋里大興街134號1樓,2000000,1050902
7092,42876469,愛團購數位行銷股份有限公司,臺中市北屯區和順三街58號,2000000,1050929
7093,42876947,尚宏木藝實業有限公司,臺中市潭子區潭北里福潭路870巷23號1樓,260000,1050921
7094,42877397,覺佳有限公司,臺中市北區錦洲里進化路428號1樓,1400000,1050926
7095,42877431,陸駿業國際有限公司,臺中市南屯區黎明東街350號8樓之5,6200000,1050902
7097,42878585,迦南地美語有限公司,臺中市南屯區同心里大墩路151號4樓之2,500000,1050926
7098,42878902,掌旺之星貿易事業有限公司,臺中市南屯區永定里永春路11之6號,400000,1050922
7099,42879705,起圓有限公司,臺中市大甲區朝陽里中山路一段1007巷1號1樓,6000000,1050908
7100,42881189,新博軟體開發股份有限公司,臺中市西屯區朝富路213號6樓之7,14000000,1050910
7101,42881322,雄義人力派遣有限公司,臺中市龍井區遠東街114巷19號1樓,60000,1050913
7102,42881532,寈揚有限公司,臺中市霧峰區坑口里中正路564之2號,500000,1050902
7103,42881630,今悅來有限公司,臺中市豐原區南村里向陽路77號4樓,1000000,1050909
7104,42882005,米格魯之王有限公司,臺中市北屯區文昌東十二街17號,200000,1050921
7105,42883089,上陞有限公司,臺中市大里區健民里久居街70巷11號2樓,150000,1050906
7106,42883139,雍盛不動產開發有限公司,臺中市南區崇倫里南忠明南路602號1樓,25000000,1050905
7107,42884003,邦利有限公司,臺中市東勢區延平里本街1巷30號1樓,5000000,1050902
7112,43064502,塞席爾商百鈞企業有限公司,臺中市大里區永隆七街70號1樓,3000000,1050913
7238,43905300,昱福建設有限公司,臺中市大里區金城里萬壽街62號一樓,1000000,1050921
7334,45086740,協勵營造股份有限公司,臺中市北區太原北路130號4樓之3,51500000,1050909
7339,45093637,台灣尼日有限公司,臺中市西屯區惠來里府會園道179號3樓,6000000,1050906
7360,45106561,東普傳媒股份有限公司,臺中市北屯區平田里文心路四段955號23樓之1,3000000,1050906
7380,45118166,崍諾科技有限公司,臺中市北區漢口路四段35號11樓,12000000,1050921
7386,45119209,優佳生技有限公司,臺中市豐原區朴子里朴子街542號1樓,200000,1050909
7420,45145760,秒賣數位行銷有限公司,臺中市大里區瑞城里塗城路541巷28號,168000,1050909
7421,45146141,聖昌租賃國際有限公司,臺中市中區公園里臺灣大道一段249號1樓,50000000,1050921
7422,45147129,青力企業有限公司,臺中市大里區永隆二街3號1樓,1000000,1050921
7423,45147248,喬月有限公司,臺中市太平區新平路3段346巷25弄6號1樓,1000000,1050902
7424,45147937,深度投資股份有限公司,臺中市西區吉龍里五權西路1段73號2樓,500000,1050921
7425,45148176,智泉多媒體行銷有限公司,臺中市西區忠誠里華美西街一段80號2樓,1000000,1050923
7426,45148204,智彙國際事業有限公司,臺中市北屯區軍功里旱溪東路三段91號2樓,4000000,1050902
7427,45148302,興富發投資有限公司,臺中市潭子區福仁里復興路一段21號10樓之3,8888888,1050921
7428,45149013,浲裕實業有限公司,臺中市南屯區向上路三段67號6樓之6,1000000,1050914
7429,45149127,東億科技電商有限公司,臺中市大里區東興里國光路二段500號7樓之2,1000000,1050912
7430,45149301,鑫達小客車租賃有限公司,臺中市西屯區至善里青海路二段431號,5000000,1050905
7431,45149317,阿密巴精密工業有限公司,臺中市烏日區環河路一段862巷110弄21之15號,4500000,1050908
7432,45185571,皓恩有限公司,臺中市西屯區重慶路260號2樓,2000000,1050908
7433,45186369,永駿包裝有限公司,臺中市后里區中和里和興路55巷5之3號1樓,400000,1050902
7434,45191546,真善美創新投資有限公司,臺中市南區福順里忠明南路789號7樓,10000000,1050930
7435,45191721,泓溢窗簾設計有限公司,臺中市西區五權路2-80號1樓,1000000,1050901
7437,45192735,互祐營造有限公司,臺中市西區大忠街98號二樓,5000000,1050901
7438,45193571,麗璟物業有限公司,臺中市西屯區平安里文心路四段750之5號,1000000,1050921
7439,45194683,朵拉時尚造型有限公司,臺中市烏日區中山路三段239號,1000000,1050923
7440,45195016,冠瀅有限公司,臺中市豐原區南陽里保康路143號1樓,1000000,1050912
7441,45197653,富樂雅實業有限公司,臺中市西屯區大隆路168之2號,1000000,1050913
7442,45876239,鈞鉞科技有限公司,臺中市東區振興里忠孝路290巷1之7號1樓,29500000,1050926
7443,45876765,冠麟有限公司,臺中市西區昇平街43號4樓之4,1000000,1050908
7444,45877217,千吉投資股份有限公司,臺中市西區公德里向上南路一段137樓1樓,2000000,1050920
7445,45877672,上玄企業有限公司,臺中市南屯區大誠里大墩二街85號,1000000,1050910
7446,45877933,台灣腸道微菌生技股份有限公司,臺中市西屯區臺灣大道四段771號10樓,10,1050908
7447,45878573,義合投資有限公司,臺中市東區振興里忠孝路290巷1之7號1樓,29075000,1050923
7448,45878588,德天投資有限公司,臺中市東區振興里忠孝路290巷1之7號1樓,29300000,1050926
7449,45879171,財德投資有限公司,臺中市東區振興里忠孝路290巷1之7號3樓,77000000,1050922
7450,45879284,三迴茶食品有限公司,臺中市中區中華里中華路一段69號1樓,1000000,1050901
7451,45879600,群英數位行銷有限公司,臺中市南區正氣街15之1號,500000,1050913
7452,45879714,兆鎧國際有限公司,臺中市南屯區大誠里五權西路二段38號1樓,5000000,1050922
7453,45879720,酷快訂有限公司,臺中市南屯區惠中里文心路一段378號12樓之5,30000,1050922
7454,45879812,弼得龍有限公司,臺中市北區錦洲里進化路560號1樓,4000000,1050907
7455,45879989,萬寓企業有限公司,臺中市西屯區福田里安和路168號10樓之1,9000000,1050920
7456,45880424,易瀅資訊科技有限公司,臺中市太平區頭汴里長龍路二段407號1樓,200000,1050907
7457,45880613,日昇國際綠能股份有限公司,臺中市西屯區惠來里市政路386號14樓之8,10000000,1050906
7458,45881916,元墨數位科技有限公司,臺中市中區綠川里中山路49巷1號2樓,1200000,1050923
7459,45882226,傳說科技股份有限公司,臺中市南屯區大墩六街112號1樓,30000000,1050929
7460,45882794,大陸物業管理顧問有限公司,臺中市北屯區平安里崇德路二段128號14樓之2,6000000,1050920
7461,45883111,一人一樹生物科技股份有限公司,臺中市北屯區文心路三段447號4樓,10000000,1050902
7462,45883175,十全食美餐飲事業有限公司,臺中市西區公益里忠明南路237號9樓之4,1000000,1050906
7463,45885011,明羽國際股份有限公司,臺中市西屯區潮洋里朝富路213號15樓之7,22500000,1050920
7465,45885188,景益實業股份有限公司,臺中市霧峰區吉峰里民生路229之11號1樓,20000000,1050928
7466,45885379,慕森概念有限公司,臺中市西區公館里懷寧街141號,2000000,1050930
7467,45886546,三英有限公司,臺中市西屯區大隆路167號2樓,480000,1050906
7468,45886551,萊明雷射科技有限公司,臺中市西屯區上德里弘孝路19號12樓之1,5000000,1050923
7469,45887897,九星通運股份有限公司,臺中市大雅區橫山里永和路六甲巷13之5號,8000000,1050922
7470,45888072,君業實業有限公司,臺中市北區新興里太平路77號1樓,6000000,1050914
7471,45888122,康明世界股份有限公司,臺中市西屯區潮洋里市政北二路236號24樓之3,20000000,1050908
7472,45888376,悅宏材料有限公司,臺中市西屯區福瑞街138巷18號1樓,1100000,1050907
7473,45888755,程新金屬有限公司,臺中市潭子區福潭路606巷20號2樓,300000,1050921
7474,45889993,南士選有限公司,臺中市大里區中新里環中東路六段340號,500000,1050905
7475,45890387,齊勝精密有限公司,臺中市東區東南里東南街95號4樓之12,100000,1050906
7476,45890598,秉冠投資有限公司,臺中市霧峰區四德里四德南路19之19號1樓,25000000,1050919
7477,45890746,聯智資訊有限公司,臺中市西屯區福和里臺灣大道四段847號11樓,200000,1050907
7552,47069107,紀崴國際有限公司,臺中市西區民龍里臺灣大道二段307號6樓之1,1000000,1050930
7603,49675810,錦標營造股份有限公司,臺中市北區臺灣大道二段360號13樓之1,120000000,1050910
7604,49683570,苑裡煤氣有限公司,臺中市太平區大興里1鄰大興路60號,3200000,1050906
7607,49727789,承億通運事業股份有限公司,臺中市清水區槺榔里臨港路五段136號1樓,10000000,1050901
7609,49772910,日泰營造有限公司,臺中市大甲區太白里通天路8之1號,36600000,1050907
7612,50547716,鎰發交通有限公司,臺中市大里區東湖里仁化路1127號2樓,10000000,1050906
7614,51017118,大越藝術印刷廠股份有限公司,臺中市西屯區長安路一段75之20號1樓,10000000,1050926
7615,51154879,本豐企業股份有限公司,臺中市西區精美街24號,6000000,1050904
7616,51156217,北洲汽車交通事業股份有限公司,臺中市龍井區龍社七街7號1樓,4000000,1050905
7617,51232361,和雅電業工程有限公司,臺中市烏日區溪南路二段321巷19號1樓,3000000,1050922
7618,51236492,同正實業股份有限公司,臺中市南屯區楓樹里楓和路752號,6000000,1050905
7619,51236922,坤裕精機股份有限公司,臺中市南屯區春社里精科路8號,100000000,1050926
7620,51252008,全亞洲製藥廠股份有限公司,臺中市南區復興路1段1之1號,6000000,1050901
7621,51321357,協鴻工業股份有限公司,臺中市西屯區工業區六路6號,700000000,1050926
7622,51326774,欣中天然氣股份有限公司,臺中市西屯區天水中街36號,1803073160,1050909
7623,51386702,威石東股份有限公司,臺中市大肚區南榮路59號1樓,12000000,1050912
7624,51436409,金豐五金股份有限公司,臺中市東區新庄里互助街9號1樓,13000000,1050920
7625,51446265,帥帥有限公司,臺中市西屯區何源里華美西街二段433號,600000,1050926
7626,51569316,健發木業工廠有限公司,臺中市北屯區舊社里北屯路446-1號1樓,5000000,1050926
7628,51807056,台灣村田股份有限公司,臺中市西屯區中清路三段451號,270000000,1050920
7629,51811609,彰化商業銀行股份有限公司,臺中市中區自由路2段38號,89647625890,1050914
7630,51816908,台中商業銀行股份有限公司,臺中市西區民權路87號,32381307600,1050908
7631,51933315,晉惠塑膠工業股份有限公司,臺中市烏日區前竹里中山路一段和平巷63號,120000000,1050925
7646,52222186,六七八交通事業有限公司,臺中市西區永成街33號,2000000,1050929
7658,52271242,大石實業股份有限公司,臺中市大里區仁化路432號,16000000,1050905
7660,52274487,大田油壓機工業股份有限公司,臺中市霧峰區豐正路工業巷15號,166000000,1050905
7664,52277512,聯龍企業有限公司,臺中市大雅區六寶里中清路四段816號1樓,12000000,1050901
7666,52288953,帝元股份有限公司,臺中市東區東南里東光路192之1號1樓,11000000,1050919
7667,52289897,亞佳企業有限公司,臺中市北區五權路586號,5000000,1050926
7674,52311700,家鄉事業股份有限公司,臺中市西屯區工業區三路18號,180000000,1050909
7678,52330468,中秋鞋業有限公司,臺中市南屯區南屯里河南路四段690巷5之5號11樓,1200000,1050929
7679,52332368,宜興塑膠廠有限公司,臺中市大肚區福山里沙田路一段428巷8弄8號1樓,3000000,1050922
7680,52353530,程泰機械股份有限公司,臺中市西屯區協和里工業區五路13號,1103633720,1050930
7681,52354355,元晟電化有限公司,臺中市北屯區進化北路12號1樓,5000000,1050919
7682,52354691,儒峰鑄造工業股份有限公司,臺中市烏日區前竹里光明路349號,22000000,1050909
7683,52360125,隆記五金號股份有限公司,臺中市西區自由路一段118號,3000000,1050923
7684,52367268,總安汽車有限公司,臺中市南區工學北路11號,15000000,1050910
7685,52375540,霖懋企業有限公司,臺中市南屯區忠勇路21號,3000000,1050901
7686,52388566,大淵油壓自動控制有限公司,臺中市太平區德興街109巷6號1樓,6000000,1050908
7687,52426013,裕隆機械廠有限公司,臺中市北屯區軍功路二段９１號,3000000,1050909
7688,52429898,大宙金屬工業股份有限公司,臺中市南屯區工業區二三路2號,20000000,1050919
7689,52430826,新裕原機器廠股份有限公司,臺中市西屯區協和里工業區40路8號,28000000,1050901
7691,52467560,原欣工業股份有限公司,臺中市北屯區松勇里松竹路二段86巷5號2樓,10200000,1050912
7692,52468786,進展機械股份有限公司,臺中市太平區坪林里中山路二段122號,5000000,1050912
7693,52469096,調嘉顏料股份有限公司,臺中市西屯區上安里臺灣大道三段508號,6500000,1050929
7694,52473042,福春貿易有限公司,臺中市太平區宜欣里宜昌東路23巷7號,5000000,1050909
7695,52495897,衛乙機械工業股份有限公司,臺中市北屯區北屯路409之6號,25000000,1050906
7696,52506888,富加堡機械股份有限公司,臺中市北屯區東山路一段140巷79號,8750000,1050905
7697,52520798,裕苑企業有限公司,臺中市西區五權路2之199號一樓,5000000,1050921
7698,52525597,向得行興業股份有限公司,臺中市西屯區河南路二段101號,20150000,1050926
7699,52532470,亞企實業有限公司,臺中市西區忠誠里大隆路20號8樓之8,5000000,1050920
7700,52538869,順兆化學工業股份有限公司,臺中市大雅區四德里中清路三段758巷1號,28500000,1050920
7701,52577314,偉特精密工業有限公司,臺中市北區天祥街186號,7000000,1050909
7702,52582891,星橋國際展演有限公司,臺中市西屯區西安里逢明街29巷42號1樓,5000000,1050920
7703,52593525,偉功印刷製版股份有限公司,臺中市南區樹德二巷12號,25000000,1050920
7704,52594947,必尊通商實業有限公司,臺中市北屯區文心路四段936號9樓之1,7600000,1050901
7705,52596473,坤寶電機科技股份有限公司,臺中市西屯區漢口路一段26號1樓,12000000,1050905
7706,52610989,成欣實業有限公司,臺中市南屯區永春路5之57號1樓,2000000,1050906
7707,52611262,順功展業股份有限公司,臺中市南屯區田心里惠文南街267號,5000000,1050929
7708,52621402,康百世科技股份有限公司,臺中市西區土庫里華美街100號6樓,8400000,1050901
7709,52626666,元錄機械股份有限公司,臺中市太平區新仁路1段22巷69號,28000000,1050902
7710,52632674,大冠晟印刷有限公司,臺中市西屯區何源里華美西街二段373之1號1樓,5000000,1050913
7711,52636067,億川鐵工所股份有限公司,臺中市南區德義里忠孝路83之3號1樓,17640000,1050912
7712,52644545,臺遠企業股份有限公司,臺中市北屯區平心里崇德路2段180號2樓,5000000,1050926
7713,52648887,新生企業管理顧問有限公司,臺中市北區健行里忠明路200號6樓之1、之2,3500000,1050906
7714,52659440,特通工業有限公司,臺中市南區崇倫北街102號,3500000,1050921
7715,52667363,石稜實業有限公司,臺中市北區福樂街10號1樓,5000000,1050924
7716,52675309,鉅建企業有限公司,臺中市南區復興里有恆街96號,8000000,1050901
7718,52691547,善品科技股份有限公司,臺中市大里區仁化路219號,300201000,1050920
7719,52706788,台展電熱股份有限公司,臺中市烏日區溪壩里環中路8段62號,5000000,1050901
7720,52714990,大益鞋業股份有限公司,臺中市北屯區東山路一段138巷12號1至3樓,186000000,1050920
7721,52757456,吾友塑膠廠股份有限公司,臺中市南屯區南屯里南美街29號,10000000,1050925
7722,52757548,盛復工業股份有限公司,臺中市南屯區工業區20路7號,310650000,1050906
7723,52788492,洪氏生化科技股份有限公司,臺中市南屯區文山里工業區二五路27號1樓,20000000,1050913
7724,52791898,證達企業有限公司,臺中市北區山西路2段135號1樓,800000,1050909
7725,52801729,本土股份有限公司,臺中市大里區金城里四育街45號,107000000,1050907
7726,52806409,東國貿易股份有限公司,臺中市西屯區何南里精明一街18號,2000000,1050922
7727,52809709,林紀企業有限公司,臺中市大雅區月祥路一八三之七六號,1000000,1050921
7728,52811070,元創精密車業股份有限公司,臺中市西屯區朝富路213號4樓之7,800000000,1050926
7729,52811613,中源機電顧問股份有限公司,臺中市西屯區烈美街188號1樓,60000000,1050930
7730,52821008,貿巨企業股份有限公司,臺中市南屯區文山里精科北路25號,90000000,1050910
7731,52823929,健農企業有限公司,臺中市清水區秀水里民享五街80號1樓,6000000,1050912
7732,52852043,維豐水電工程有限公司,臺中市南屯區田心里文心南二路436號1樓,10000000,1050920
7733,52853508,東海工程顧問有限公司,臺中市東區東南街73號1樓,8000000,1050902
7734,52857223,漢光金屬企業有限公司,臺中市南區福平里光輝街45號,10550000,1050912
7735,52862197,瑩久企業股份有限公司,臺中市西區忠明里中興街285巷1號1、2樓,270000000,1050919
7736,52873899,華克精密工業股份有限公司,臺中市中區精武路5巷3之3號1樓,5000000,1050901
7737,52903789,運昌興業有限公司,臺中市東區建德街132號1樓,9100000,1050922
7738,52907618,唐裕木業股份有限公司,臺中市北屯區新平里中清路二段735號,5000000,1050901
7739,52923954,友連資訊事務機器有限公司,臺中市北屯區遼陽四街一二二號,5000000,1050908
7740,52928944,通勁有限公司,臺中市太平區大興三街76號1樓,10000000,1050926
7741,53000922,英屬維京群島商運泰股份有限公司,臺中市大雅區雅楓村民豐街143號1樓,0,1050913
7748,53006691,英屬維京群島商尼爾桑工業有限公司,臺中市西區館前路55號10樓之11,150000,1050913
7749,53008157,英屬維京群島商福盛國際有限公司,臺中市南屯區向上南路1段163號9樓之6,60000000,1050930
7756,53019035,瑞士商自行車製造股份有限公司,臺中市西屯區文心路2段201號10樓之3,0,1050926
7766,53030088,瀧鋼有限公司,臺中市西區公益路174巷233號2樓,1000000,1050924
7770,53031349,大君精密有限公司,臺中市大里區健民里健行路248巷46號2樓,1000000,1050902
7771,53031410,越檉有限公司,臺中市東勢區北興里正二街32號,1200000,1050919
7772,53031447,顏老五國際有限公司,臺中市清水區南社里南社路351之2號1樓,6000000,1050908
7774,53033260,永津穎有限公司,臺中市神岡區社口里社口街462巷12號壹樓,500000,1050906
7779,53037033,富呈投資股份有限公司,臺中市西屯區惠來路三段206之1巷37號2樓,8300000,1050923
7780,53037765,品心餐飲有限公司,臺中市大里區新里里國光路2段221號,1000000,1050905
7782,53038413,順路股份有限公司,臺中市龍井區龍泉里龍社路51巷8號1樓,4000000,1050929
7786,53040543,兆安機械有限公司,臺中市清水區神清路98之6號,10100000,1050920
7787,53040558,振達精密有限公司,臺中市大雅區東大路二段1100巷1號1樓,5000000,1050921
7789,53041515,固特國際有限公司,臺中市豐原區三豐路721巷19號1樓,500000,1050908
7791,53041867,安邦地產有限公司,臺中市北屯區新平里中清路二段719號1樓,2300000,1050921
7794,53042789,合宥企業有限公司,臺中市北區忠明路317號1樓,500000,1050913
7795,53043529,佶宥實業有限公司,臺中市烏日區北里里太明路成豐巷230號,2000000,1050910
7797,53044962,風火投資有限公司,臺中市西屯區何南里臺灣大道2段783號1樓,33900000,1050924
7799,53045744,鈺晶應用科技股份有限公司,臺中市大里區瑞城里瑞城二街72-1號1樓,3000000,1050912
7800,53045961,岳衡工程企業有限公司,臺中市南屯區大誠里大墩二街56號3樓,3750000,1050913
7801,53047709,展域有限公司,臺中市南屯區大興里東興路二段8號1樓,500000,1050906
7802,53047736,海德霖建設有限公司,臺中市北屯區后庄里中清路112之43之1號,10000000,1050930
7805,53051920,坤律企業有限公司,臺中市南區國光路85號4樓之2,500000,1050909
7808,53055643,華鈺光纖科技有限公司,臺中市太平區光興路556巷59號1樓,1100000,1050923
7809,53056397,尚郁企業管理顧問有限公司,臺中市南屯區永春東路868號1之2樓,1000000,1050922
7811,53059084,錩鼎工程有限公司,臺中市梧棲區永興路一段559巷120之5號1樓,1000000,1050905
7812,53060744,申振機械廠有限公司,臺中市太平區中興里中興路128巷9-1號,1000000,1050923
7814,53061027,祈威科技有限公司,臺中市北區大雅路57號11樓之10,1000000,1050921
7816,53062953,達駿不銹鋼企業有限公司,臺中市大里區東興里光榮街17號1樓,300000,1050920
7817,53063088,三多仕開發股份有限公司,臺中市西屯區臺灣大道三段540號12樓之2,10000000,1050921
7818,53063221,宏昇紙業有限公司,臺中市北區長青里漢口路3段19號4樓,500000,1050901
7827,53065516,昇曄電子有限公司,臺中市大里區德芳南三街18號2樓,1000000,1050913
7829,53065902,合碁精密工業有限公司,臺中市潭子區潭陽路178巷19號,16800000,1050901
7831,53066260,奕勝精化實業有限公司,臺中市西屯區市政北二路238號11樓之3,7100000,1050907
7832,53066347,好修科技股份有限公司,臺中市大肚區華山路380號,120000000,1050906
7833,53067232,建新金屬有限公司,臺中市南屯區惠文南街261巷15號9樓,1000000,1050905
7836,53069246,瑩昌投資有限公司,臺中市北屯區軍榮五街23號1樓,34939800,1050921
7837,53069695,思派德科技有限公司,臺中市北屯區東光里北屯路298巷26弄24之1號,1000000,1050903
7838,53069766,秉冠國際有限公司,臺中市大肚區王田里王福街617號一樓,1000000,1050925
7841,53071926,群雄不動產經紀有限公司,臺中市南屯區文山里向上路五段150號,500000,1050926
7842,53072072,你的攝影有限公司,臺中市西區五權西四街118號1樓,1000000,1050921
7843,53072191,吉翔電機工程有限公司,臺中市霧峰區吉峰里吉峰西路74巷7號1樓,2000000,1050901
7844,53072517,瑋誠資產管理股份有限公司,臺中市豐原區社皮里中正路540號1樓,23000000,1050912
7845,53072592,世鎰鍛品工業有限公司,臺中市太平區東平路741巷2弄15號,15000000,1050914
7847,53074114,松河有限公司,臺中市大里區大里里長興一街56號1樓,500000,1050901
7849,53075768,以勒餐飲事業有限公司,臺中市豐原區陽明里陽明街82巷1號1樓,500000,1050910
7850,53075866,芮迪甌媒體傳播有限公司,臺中市北區頂厝里崇德路一段631號11樓之1,3000000,1050910
7851,53076274,東叡興企業有限公司,臺中市豐原區北陽里南陽路58巷288號,5000000,1050901
7853,53077864,亞洲管理顧問股份有限公司,臺中市北區梅川西路三段66號8樓之8,1000000,1050922
7854,53078414,全虹消防工程有限公司,臺中市南屯區黎明路1段230巷2弄14號1樓,1000000,1050913
7864,53087624,展逸生技有限公司,臺中市南屯區大業里大墩十二街102號9樓,10000000,1050910
7921,53117802,金發威科技有限公司,臺中市大甲區日南里14鄰中山路二段918之87號,3000000,1050910
7939,53128097,京丞資源國際有限公司,臺中市西區市府路39號9樓之1,5000000,1050902
7943,53129899,金立興工程有限公司,臺中市太平區永泰街13號1樓,6000000,1050902
7944,53129912,常揚企業有限公司,臺中市南屯區三義里大業路582號14樓之2,250000,1050919
7945,53130404,尊品茶葉有限公司,臺中市大肚區磺溪里文昌2街60巷7弄17號,500000,1050903
7946,53130925,廣泓企業有限公司,臺中市北屯區天津路四段32號1樓,300000,1050902
7947,53131136,尚揚工業有限公司,臺中市太平區精美路392號1樓,1000000,1050920
7950,53132450,群策行銷有限公司,臺中市西區公正里東興路3段160號6樓之3,300000,1050906
7952,53134366,采風醫美股份有限公司,臺中市西屯區惠來里市政路386號6樓之7,30000000,1050920
7957,53136408,建聖工業有限公司,臺中市外埔區大馬路346號,250000,1050921
7958,53137693,金覲覺貿易有限公司,臺中市西區台中港路1段152號15樓之1,200000,1050913
7959,53138665,乙柏有限公司,臺中市北屯區后庄北路135號1樓,1100000,1050926
7960,53139329,順利室內裝修工程有限公司,臺中市北屯區雷中街91巷18號1樓,2000000,1050901
7961,53139778,甜露露國際貿易有限公司,臺中市東勢區南平里東關路7段376號1樓,1000000,1050923
7963,53140445,美式口食品有限公司,臺中市龍井區遊園南路317號1樓,5000000,1050910
7966,53142555,豐勢鐘錶有限公司,臺中市東勢區豐勢路494號,3000000,1050902
7967,53142719,泰特樂有限公司,臺中市霧峰區霧工一路50巷20號1樓,300000,1050920
7968,53142979,法奇科技有限公司,臺中市西屯區上德里上石路115號1樓,1000000,1050903
7969,53143631,昕億實業有限公司,臺中市太平區東汴里山田路116巷15號,1000000,1050924
7971,53144287,九湛國際有限公司,臺中市梧棲區福德里中央路二段289巷10號1樓,1200000,1050921
7973,53145309,聚聯開發建設股份有限公司,臺中市北區賴厝里漢口路四段202號7樓,20000000,1050909
7978,53147361,臺灣快樂傳動工業股份有限公司,臺中市太平區太平里永豐路157巷13號2樓,12857390,1050905
7979,53147432,多向思考文教有限公司,臺中市太平區坪林里中山路二段115號4樓,300000,1050907
7982,53149500,晟廷有限公司,臺中市大里區新興路99巷79號,500000,1050913
7983,53149537,偉峻科技有限公司,臺中市大甲區奉化里賢仁路110號,2000000,1050922
7987,53151250,明昌盛工業有限公司,臺中市大里區塗城里塗城路43號,1000000,1050925
7990,53153264,振桐實業有限公司,臺中市大肚區頂街里大德一街11號,1000000,1050919
7991,53153383,合芹視聽歌唱有限公司,臺中市大里區內新里新明路30號1樓,1500000,1050908
7993,53155143,巽揚建設有限公司,臺中市北區文心路四段208之1號12樓之1,25000000,1050914
7994,53155328,常翔實業股份有限公司,臺中市北屯區后庄里中清路二段1020號5樓,8000000,1050919
7997,53156874,鼎欣室內裝修工程有限公司,臺中市南屯區三厝里河南路四段506號15樓,5000000,1050914
7999,53157634,祥青室內裝修工程有限公司,臺中市北屯區昌平路二段12之12號1樓,1680000,1050929
8001,53158319,正捷投資有限公司,臺中市北屯區后庄里32鄰敦化路598號9樓之1,1000000,1050905
8003,53160080,尚和管理顧問股份有限公司,臺中市北屯區崇德二路一段30之5號1樓,600000,1050910
8004,53161052,台灣綠能開發股份有限公司,臺中市豐原區成功路500號,20000000,1050928
8005,53161428,嘉修工程有限公司,臺中市北屯區軍和街227巷4之8號1樓,5100000,1050905
8006,53161709,禾力建設股份有限公司,臺中市北屯區水景里軍福十一路553號3樓之1,6000000,1050902
8007,53162171,普立奇科技股份有限公司,臺中市烏日區烏日里公園路351號1樓,5000000,1050902
8011,53164092,拓樸建設開發有限公司,臺中市南屯區永春東一路555號,4000000,1050929
8012,53164213,合曼實業有限公司,臺中市太平區中和街313巷26號1樓,1680000,1050907
8013,53164403,東睿國際有限公司,臺中市北區賴村里進化北路383號1樓,500000,1050907
8014,53164683,喬祺生化科技有限公司,臺中市大里區內新街15之6號8樓,20000000,1050919
8016,53165986,三棵樹有限公司,臺中市西屯區文心路三段230號地下室,3000000,1050905
8017,53166090,家瑪國際室內裝修工程有限公司,臺中市西區土庫里忠明南路385號2樓,10000000,1050901
8021,53167844,奇瀧德國際有限公司,臺中市南屯區文山里保安五街98號2樓,5000000,1050901
8022,53167892,亞太興實業有限公司,臺中市西屯區上石里上安路39巷8號1樓,3000000,1050909
8024,53168479,丞隆香業有限公司,臺中市清水區楊厝里頂三庄路131號,2000000,1050905
8027,53169420,群宸國際實業有限公司,臺中市南區文林街7號1樓,300000,1050908
8034,53173542,陸豐順廣告企劃有限公司,臺中市外埔區大東里甲后路755巷2弄36號1樓,500000,1050906
8035,53174269,台灣先進化學工業有限公司,臺中市東區新庄里大智路3之1號3樓,5000000,1050921
8041,53175979,松青旅行社有限公司,臺中市北屯區中清路二段515巷16弄10號3樓,6000000,1050905
8046,53177929,綠屋家居有限公司,臺中市北屯區環中路一段1548號1樓,1000000,1050925
8048,53177982,格斯肯銳品牌設計有限公司,臺中市西區精誠七街12號1樓,5000000,1050922
8079,53203412,瑩成企業有限公司,臺中市烏日區東園里慶光路868巷173號,4200000,1050905
8105,53227478,品菘有限公司,臺中市烏日區三榮路二段23號,1000000,1050919
8113,53248678,生堯砥研有限公司,臺中市北區賴興里文心路四段200號10樓之8,3000000,1050908
8116,53259294,億鎂國際有限公司,臺中市大雅區中清東路37號1樓,13000000,1050923
8120,53260882,赫里翁國際股份有限公司,臺中市西屯區福瑞里福強街115號15樓之2,1500000,1050920
8121,53261003,雲控科技有限公司,臺中市南屯區同心里文心路一段186號10樓之2,1000000,1050929
8122,53261236,台灣一圓空衛工程股份有限公司,臺中市梧棲區下寮里居仁街266號1樓,8000000,1050907
8123,53261279,立東開發有限公司,臺中市潭子區甘蔗里勝利三街52號1樓,3600000,1050905
8124,53262306,圓蔓企業有限公司,臺中市大里區大里街3號2樓,3500000,1050926
8125,53264466,竺興有限公司,臺中市太平區新興里太興路7號,5000000,1050923
8126,53264640,品陞股份有限公司,臺中市太平區宜佳里宜佳街9巷19號1樓,1000000,1050920
8130,53266746,群益開發生技有限公司,臺中市北屯區后庄里中清路110-28號2樓,5000000,1050906
8132,53267674,上彩廣告科技有限公司,臺中市東區東興里台中路329號1樓,1000000,1050906
8136,53268765,旻鑫室內裝修工程有限公司,臺中市豐原區豐西里忠孝街79巷16號5樓之2,2000000,1050923
8137,53269151,佑君有限公司,臺中市大里區仁德里仁化路701巷28號,11000000,1050922
8141,53270495,晴暄實業有限公司,臺中市烏日區溪埧里環中路八段896號1樓,10000000,1050914
8142,53270571,傑采投資股份有限公司,臺中市西屯區何成里大祥街12號3樓,80000000,1050919
8143,53270621,守美科技有限公司,臺中市大甲區日南里3鄰經國路2438巷23弄11號1樓,200000,1050920
8144,53271044,格利特投資有限公司,臺中市西屯區福中十六街8號1樓,16000000,1050929
8145,53271537,環資光達股份有限公司,臺中市北區進化路340之2號,6000000,1050922
8146,53272206,新特力國際有限公司,臺中市南屯區豐樂里豐富路199號4樓之15,250000,1050907
8147,53272894,智邦材料股份有限公司,臺中市外埔區三崁里二崁路110號,28000000,1050902
8148,53272959,橙寬國際行銷有限公司,臺中市北區中達里篤行路366號1樓,800000,1050909
8151,53274176,軒華國際有限公司,臺中市潭子區潭陽里福潭路402號2樓,100000,1050912
8152,53274197,新詠原實業有限公司,臺中市潭子區東寶里崇德路五段256號,300000,1050912
8153,53274339,良憲實業有限公司,臺中市北屯區同榮里環中路一段662巷23號,5250000,1050901
8154,53274534,山河苑國際有限公司,臺中市南屯區大墩七街329號,1000000,1050905
8155,53274838,翰謦有限公司,臺中市太平區建興里鵬儀路339號1樓,1000000,1050908
8156,53274984,固鮮生物科技股份有限公司,臺中市西屯區福中里中工二路146號4樓,10000000,1050906
8157,53275301,銳特數位設計有限公司,臺中市北區賴村里大德街103號1樓,200000,1050909
8158,53275837,加霖國際有限公司,臺中市潭子區家興里中山路一段7巷31號11樓,1000000,1050926
8161,53277899,慧聚生技股份有限公司,臺中市南區福順里忠明南路787號7樓,9000000,1050926
8164,53278948,唐笙工程有限公司,臺中市北屯區三光里北屯路240巷92號11樓,300000,1050923
8166,53279088,蘭虹空間設計有限公司,臺中市南屯區向心里永春東路558號,1000000,1050907
8167,53279138,坤陞塑膠企業有限公司,臺中市大里區西柳街66巷36號,5000000,1050907
8171,53280557,力基機械有限公司,臺中市清水區槺榔里鰲峰路660號1樓,300000,1050923
8174,53282534,元立富工程有限公司,臺中市太平區永隆里光興路600巷7號,200000,1050912
8175,53282788,志駿工業有限公司,臺中市烏日區北里里太明路35-2號,8000000,1050902
8179,53284630,聯興發實業有限公司,臺中市北屯區松茂里松山街162號3樓之1,10000000,1050912
8180,53285883,鈦鈿禾峯實業有限公司,臺中市北屯區平德里文昌東五街26號1樓,300000,1050923
8181,53287159,芊華廣告企業有限公司,臺中市龍井區新庄里學園路24號1樓,1000000,1050907
8182,53287783,加點設計有限公司,臺中市西區民龍里西屯路一段147之13號,800000,1050914
8187,53291288,欣禾峰有限公司,臺中市豐原區東湳里三豐路818號1樓,3000000,1050919
8189,53292913,立德消防工程有限公司,臺中市西屯區工業一路58巷33弄33號10樓之1,5020000,1050913
8191,53293639,雷將軍實業有限公司,臺中市北屯區松竹路二段368號13樓之6,1000000,1050901
8194,53293841,水源路加油站股份有限公司,臺中市豐原區南村里圓環東路850號,5000000,1050926
8198,53294573,全聚盛貿易有限公司,臺中市西區公館里三民西路141巷7號1樓,500000,1050921
8200,53297207,璽室國際室內裝修有限公司,臺中市西區公益里中美街323號1樓,6740000,1050910
8201,53297430,旺溢企業有限公司,臺中市外埔區水美里二崁路588巷33號,1000000,1050902
8204,53297868,玉米田戶外休閒有限公司,臺中市沙鹿區興仁里沙田路58號1樓,3000000,1050908
8205,53298395,唯申土木包工有限公司,臺中市北屯區北屯里崇興路一段38號1樓,3000000,1050923
8206,53298487,友廣貿易有限公司,臺中市南屯區豐樂里文心南一路96號2樓,500000,1050920
8207,53298629,文美全球投資股份有限公司,臺中市西屯區朝富路99號8樓之1,1000000,1050913
8209,53298748,金毅達實業股份有限公司,臺中市大甲區日南里幼六路16號,60000000,1050914
8210,53299107,呈藝整合行銷有限公司,臺中市北區賴福里大德街237號3樓,1000000,1050921
8211,53299654,茗嘉鼎實業股份有限公司,臺中市大雅區前村路442號2樓,2000000,1050901
8212,53300097,廣營興業有限公司,臺中市西區公民里金山路52號1樓,500000,1050920
8215,53300580,正合興業有限公司,臺中市北屯區天津路四段276-1號,600000,1050925
8216,53301151,和信資產管理股份有限公司,臺中市大甲區武曲里大安港路208號2樓,200000000,1050903
8217,53301363,大勝電池有限公司,臺中市大雅區文雅里中山北路569號1樓,1000000,1050912
8219,53301552,大林生活科技股份有限公司,臺中市大肚區沙田路二段780號3樓,20110000,1050919
8220,53301743,建葳科技能源有限公司,臺中市龍井區三德里中央路二段111巷2號4號,1000000,1050925
8221,53302671,台灣日電產新寶股份有限公司,臺中市西屯區臺灣大道四段925號14樓之1,6000000,1050926
8226,53305086,鑫南光有限公司,臺中市太平區新坪里新平路三段346巷31號1樓,500000,1050902
8228,53306780,京晏國際有限公司,臺中市西區五權路1之23號,17500000,1050908
8229,53307009,樂成環境資源有限公司,臺中市北屯區北平路四段101-1號,200000,1050924
8231,53307612,富郁投資有限公司,臺中市西屯區精誠路14號6樓之8,1000000,1050901
8233,53307937,佳采育樂股份有限公司,臺中市梧棲區中華路一段1098號2樓,55000000,1050914
8313,53360708,東風行股份有限公司,臺中市南屯區向上南路一段163號9樓之22,6000000,1050920
8316,53361565,家誠不動產經紀有限公司,臺中市北區頂厝里進化北路282號2樓,500000,1050920
8317,53361919,鴻慶資產鑑定有限公司,臺中市潭子區東寶里大德二路40號1樓,1000000,1050925
8318,53363613,雄勳有限公司,臺中市大里區金城里塗城路648號2樓,1000000,1050909
8321,53365534,冠辰數位有限公司,臺中市北屯區松竹五路33之5號1樓,1000000,1050920
8323,53366843,前見國際貿易有限公司,臺中市西屯區福中里中工二路146號4樓,1000000,1050907
8324,53367104,育成生命禮儀有限公司,臺中市龍井區新東里新興路96之8號,3000000,1050921
8326,53367821,彪鉅有限公司,臺中市北屯區軍功里松竹路一段759號1樓,3200000,1050909
8328,53370229,益源事業股份有限公司,臺中市太平區德隆里德安街95號,25000000,1050923
8329,53371521,良恆木業有限公司,臺中市太平區永成北路54號1樓,1000000,1050920
8331,53373160,總宇精密機械有限公司,臺中市潭子區福仁里新興路一段288巷20弄25號1樓,1000000,1050926
8334,53373915,登祥富實業有限公司,臺中市大雅區員林里大林路271巷37之1號1樓,800000,1050901
8335,53374007,揚陞建設開發有限公司,臺中市北屯區平安里漢口路五段33號4樓,30000000,1050921
8336,53374273,漢鑫技術顧問有限公司,臺中市西屯區福中二街10巷22號2樓,1000000,1050920
8337,53374386,番花正開整合設計有限公司,臺中市南屯區永春南路61巷19號12樓之1,1000000,1050926
8338,53375511,銫蔻科技有限公司,臺中市潭子區大智街15巷11號1樓,500000,1050905
8339,53375998,承陣裝潢工程有限公司,臺中市沙鹿區埔子里正德路120巷臨8號,2000000,1050914
8340,53376223,仂仁企業有限公司,臺中市太平區樹孝路319號11樓,1000000,1050923
8342,53376758,玖芳資產管理股份有限公司,臺中市西屯區福星北路18號,130000000,1050923
8346,53380985,日達工程有限公司,臺中市后里區眉山里甲后路1120巷19號1樓,2000000,1050926
8349,53385412,大自然車業有限公司,臺中市南區工學二街225號1樓,300000,1050923
8350,53385659,紘達新塑膠有限公司,臺中市太平區工業十七路6號,5000000,1050905
8351,53386355,興隆資源有限公司,臺中市大甲區朝陽里中山路一段1021巷3號,3600000,1050914
8352,53386989,健蓁精密刀模股份有限公司,臺中市西屯區協和里工業區34路21號,30000000,1050914
8353,53388311,卡比卡國際貿易有限公司,臺中市太平區新光里振文路51號1樓,1500000,1050922
8359,53389992,傑米斯股份有限公司,臺中市龍井區新興路40-3-3號2樓,2000000,1050912
8362,53391272,利緯塑膠企業有限公司,臺中市北屯區水景里景和東街251號1樓,3000000,1050925
8365,53392960,忠正保全股份有限公司,臺中市北屯區平順里旅順路二段187號1樓,40000000,1050922
8369,53393948,邑曲科技有限公司,臺中市大甲區中山里甲后路146號1樓,200000,1050920
8370,53395621,桔安資訊有限公司,臺中市北屯區太原路三段464巷11號1樓,1600000,1050909
8371,53395713,愛馨有限公司,臺中市南區台中路80號2樓,500000,1050914
8372,53395782,菲凡達國際有限公司,臺中市沙鹿區鹿寮里中山路561巷14號1樓,6000000,1050913
8373,53396369,立峰貿易有限公司,臺中市北屯區同榮里新興路95號4樓,500000,1050913
8374,53396831,新生氣體有限公司,臺中市豐原區圓環南路175號1樓,1000000,1050921
8376,53397959,富穎企業有限公司,臺中市南區美村路二段128巷32號1樓,1000000,1050909
8377,53398177,松園苑開發有限公司,臺中市沙鹿區埔子里正英十三街128號,1000000,1050926
8379,53399725,新瀅精密有限公司,臺中市后里區新興街68號1樓,500000,1050909
8381,53400808,陸水班冷凍肉品有限公司,臺中市梧棲區永興路一段402巷179號1樓,48000000,1050921
8390,53402854,嘉壟音響有限公司,臺中市北屯區平田里遼陽北一街17號1樓,1000000,1050912
8391,53404678,金鋁光鋁業有限公司,臺中市大里區東昇里益民路一段21號一樓,1000000,1050901
8392,53405199,源崑吉工業有限公司,臺中市大里區仁化里工業八路50號,10000000,1050908
8394,53406134,峻和國際貿易有限公司,臺中市大里區中興路一段2巷51弄2號1樓,5000000,1050926
8395,53406275,博醫國際有限公司,臺中市北屯區崇德路一段586之1號,6000000,1050920
8396,53406943,圓興不動產仲介有限公司,臺中市東勢區東關路七段360號,300000,1050908
8397,53407470,友川工業有限公司,臺中市烏日區溪南路一段575巷21號1樓,500000,1050908
8398,53407979,得力開發實業有限公司,臺中市西屯區市政路402號28樓之3,2000000,1050912
8400,53408750,辰翼貿易有限公司,臺中市太平區新興二街33號1樓,1006800,1050926
8472,53469209,達志國際股份有限公司,臺中市南屯區大誠里五權西路二段131號10樓之3,4000000,1050901
8473,53469263,涵館汽車旅館有限公司,臺中市南屯區惠弘街169號,81840000,1050919
8477,53470732,永昌泰工程有限公司,臺中市外埔區大東里甲后路725號2樓,1000000,1050920
8478,53470923,伯銘工業有限公司,臺中市大里區西湖里西湖路401號,500000,1050912
8481,53471438,霆展顧問有限公司,臺中市太平區中山路二段499巷68號,3000000,1050914
8483,53474701,依赫流行精品服飾有限公司,臺中市南屯區大同里大進西街26號1樓,4000000,1050909
8485,53477355,淳粹文化事業有限公司,臺中市西屯區福上巷241弄4號5樓之9,1000000,1050926
8490,53479494,德興精密有限公司,臺中市太平區平安里太平六街23號1樓,1000000,1050920
8493,53480719,齊樂行食品有限公司,臺中市霧峰區五福里中投西路二段460號,800000,1050908
8496,53481484,全運小客車租賃有限公司,臺中市北屯區經貿一路108巷192號1樓,15000000,1050923
8497,53481554,德寶行銷有限公司,臺中市西區忠明里美村路一段39之5號,1000000,1050920
8498,53483928,鼎鎧行銷國際有限公司,臺中市南區福興里福中街22巷8號1樓,150000,1050909
8500,53485025,明基國際科技有限公司,臺中市西屯區福聯里福順路859號1樓,2000000,1050907
8503,53485518,名利小客車租賃有限公司,臺中市西屯區寧夏東三街17-1號5樓之5,5000000,1050919
8504,53485637,聯灃貿易有限公司,臺中市南屯區東興路二段59號1樓,1000000,1050921
8505,53485876,寶傑開發有限公司,臺中市神岡區和睦路129之1號1樓,2000000,1050914
8506,53485881,九聯百貨有限公司,臺中市后里區后里里三豐路四段108號,500000,1050907
8508,53486241,日鴻衛材有限公司,臺中市東區東英路598號1樓,500000,1050902
8509,53486349,翔順儀器有限公司,臺中市南區樹德里大慶街二段9巷120號壹樓,500000,1050921
8510,53486376,慈鴻生命事業有限公司,臺中市北區大雅路57號3樓,200000,1050902
8511,53486930,亮昕企業有限公司,臺中市大肚區沙田路一段587號2樓,10000000,1050914
8513,53490006,倍斯特隔熱紙有限公司,臺中市南屯區同心里大墩路55號1樓,1000000,1050919
8514,53490239,博凱工業有限公司,臺中市大里區健民里久居街81巷2號1樓,3200000,1050912
8517,53492145,龍豫實業有限公司,臺中市大里區爽文路336號,2000000,1050921
8519,53492314,誠佳開發實業有限公司,臺中市南區崇倫里忠明南路604號1樓,1000000,1050910
8524,53494299,朔盟有限公司,臺中市豐原區田心里合作街43號1樓,1000000,1050919
8527,53494713,祝興創意有限公司,臺中市清水區頂湳里客庄路38之1號1樓,11000000,1050920
8532,53496135,恆鈦精機股份有限公司,臺中市大里區大元里國中路3巷10號,5200000,1050929
8536,53498485,禾昌玻璃有限公司,臺中市北屯區軍福十二路218號,2000000,1050926
8539,53500139,亞博開發有限公司,臺中市北區頂厝里崇德路一段629號14樓之1,5000000,1050906
8541,53500996,龍峰機械股份有限公司,臺中市神岡區神洲里豐洲路901巷17之1號1樓,17000000,1050906
8543,53501550,品味建築股份有限公司,臺中市西屯區政和路146號,10000000,1050905
8548,53504212,亞建實業有限公司,臺中市西區公平里忠明南路116號6樓之8,5000000,1050924
8549,53506252,佑專有限公司,臺中市西屯區文心路三段241號23樓之1,5000000,1050926
8551,53507371,日機生技股份有限公司,臺中市北區臺灣大道二段340號10樓之2,17000000,1050922
8553,53507941,日升玻璃有限公司,臺中市北屯區水景里太原路三段877號1樓,500000,1050922
8554,53508060,程一空間設計有限公司,臺中市西區昇平里民生路496巷1號1樓,1000000,1050921
8558,53511207,再興金屬有限公司,臺中市龍井區忠和里中央路三段77巷50弄32號1樓,500000,1050908
8559,53511375,宥龍工程有限公司,臺中市沙鹿區三鹿里保安路22號1樓,2000000,1050902
8560,53511656,馨慧國際有限公司,臺中市南區樹義路268號14樓之1 ,50000,1050920
8561,53511810,衛元堂貿易有限公司,臺中市南區南門里忠明南路1310號3樓,5000000,1050905
8562,53511831,弘宬不動產經紀業有限公司,臺中市北區民權路472之5號1樓,1000000,1050929
8570,53513900,寧鉅實業有限公司,臺中市西區吉龍里五權五街151號4樓之7,500000,1050912
8571,53514555,丹曼精品咖啡有限公司,臺中市西屯區逢甲里福上巷290弄6號1樓,3000000,1050921
8572,53514957,浚瑜有限公司,臺中市西屯區工業區36路30號2樓,1000000,1050922
8573,53514963,亦崧有限公司,臺中市西屯區工業區36路30號2樓,1000000,1050910
8576,53516420,立廚股份有限公司,臺中市清水區光華路118之1號1樓,3000000,1050919
8579,53517841,享育有限公司,臺中市大里區國光里德芳路一段278號1樓,3000000,1050905
8684,53599456,鉅鈊科技股份有限公司,臺中市東勢區石城街39巷16號1樓,5000000,1050909
8686,53600881,程順建設有限公司,臺中市西屯區何成里大墩十九街142-3號1樓,50000000,1050906
8687,53602467,歐穩科技有限公司,臺中市北區崇德里進化北路一三二號一樓,5000000,1050905
8689,53603607,哈布童鞋有限公司,臺中市北區賴旺里青島西街100號1樓,2000000,1050910
8692,53604351,元泰國際投資有限公司,臺中市北區文心路四段208-1號13樓之2,278399424,1050921
8693,53605154,亞冠國際貿易有限公司,臺中市北區頂厝里崇德路一段629號19樓之2,200000,1050909
8695,53605817,芳銳國際有限公司,臺中市太平區長億里永祥街8號1樓,1000000,1050906
8697,53606581,廣撰實業有限公司,臺中市西屯區何安二巷3之2弄3號1樓,5000000,1050901
8700,53607646,捷麗自動化科技有限公司,臺中市北區忠明路502之7號7樓之3,1000000,1050905
8701,53607694,櫂和新室內裝修工程有限公司,臺中市沙鹿區六路里平等十二街31號,10000000,1050901
8707,53610451,鼎峯生物科技有限公司,臺中市西區華美西街一段137號三樓之1,3000000,1050908
8709,53610966,金勇傑精密科技股份有限公司,臺中市大甲區龍泉里北堤西路297號,10000000,1050920
8711,53611206,傑米羅實業有限公司,臺中市南區新榮里信義南街81巷46號,600000,1050913
8712,53611487,毅宸投資有限公司,臺中市西屯區惠來路三段74巷17號1樓,15000000,1050913
8718,53614175,薰衣草實業有限公司,臺中市北區賴福里進化北路378-31號1、2樓，378-32號1、2樓,100000,1050922
8719,53614338,銓兆盛企業有限公司,臺中市西屯區文心路二段201號20樓之5,1000000,1050902
8720,53614885,傑士特有限公司,臺中市沙鹿區北勢東路509號1樓,900000,1050919
8723,53615842,明華興業股份有限公司,臺中市西區民龍里模範街31巷15號1樓,1880000,1050926
8727,53620535,翰律國際智權有限公司,臺中市南屯區惠中里文心路一段324號3樓之2,1000000,1050924
8728,53620802,緯洲報關企業有限公司,臺中市梧棲區頂寮里八德路82之1號6樓之8,5000000,1050908
8729,53621345,京彩股份有限公司,臺中市西屯區福科路26號1樓,29800000,1050923
8735,53623076,熱賣達康有限公司,臺中市潭子區頭家里得天街91巷19弄3號1樓,100000,1050922
8736,53623625,維真助聽器材有限公司,臺中市北區崇德里崇德路ㄧ段538號1樓,2000000,1050922
8737,53624194,龍坊工程有限公司,臺中市龍井區龍東里文昌路412巷33號1樓,10000000,1050901
8738,53624357,譜飛迅企業有限公司,臺中市大里區瑞城里塗城路304巷34號1樓,1000000,1050909
8741,53624856,立祥宜泰企業股份有限公司,臺中市北屯區安順東八街40號地下室,2000000,1050912
8743,53625617,登睿彩藝有限公司,臺中市烏日區溪壩里環中路八段680巷18號,5000000,1050913
8744,53625779,承詣科技有限公司,臺中市北屯區松竹里崇德路二段447號12樓之2,2050000,1050923
8745,53625790,允誠精密工業股份有限公司,臺中市外埔區大同里甲后路391號1樓,6000000,1050902
8746,53626257,廣源氣體有限公司,臺中市南區長榮里信義南街202號5樓之3,500000,1050909
8747,53626572,行勝有限公司,臺中市西屯區惠來里惠來路3段74巷8-1號,6000000,1050920
8748,53626756,祥峻木業有限公司,臺中市后里區墩西里月湖路40號一樓,500000,1050909
8749,53627376,綠築空間設計有限公司,臺中市烏日區九德里長春街165巷25號1樓,500000,1050909
8750,53628059,莆詰實業有限公司,臺中市烏日區溪南路一段126巷211弄7號,1000000,1050910
8751,53628706,有禾投資有限公司,臺中市神岡區大社里豐社路218號2樓,8500000,1050909
8752,53629212,元真環境設計有限公司,臺中市龍井區遠東街81巷1之56號12樓,1000000,1050908
8753,53629640,信凱建設有限公司,臺中市沙鹿區竹林里臺灣大道七段562巷11號1樓,3000000,1050909
8754,53630225,五華環保實業有限公司,臺中市北屯區軍功里軍榮五街145號1樓,2500000,1050901
8757,53630941,潤鴻科技有限公司,臺中市東勢區慶東里慶東街28之2號,1000000,1050905
8759,53633118,宸漢實業有限公司,臺中市東區新庄里復興路四段19號一樓,1000000,1050922
8761,53634159,宗盛模具有限公司,臺中市清水區海濱里海濱路343號1樓,500000,1050930
8762,53634171,新社森林股份有限公司,臺中市新社區中和里中興街20號,19551550,1050906
8764,53635278,寶意投資股份有限公司,臺中市西屯區臺灣大道四段600號13樓,10000000,1050908
8765,53635299,寶暉投資股份有限公司,臺中市西屯區台灣大道四段600號13樓,10000000,1050930
8766,53635333,龍城不動產業有限公司,臺中市太平區太平里永豐路268之6號2樓,70000000,1050907
8767,53635489,丞昭工程有限公司,臺中市沙鹿區三鹿里自強路421-7號1樓,200000,1050926
8768,53635609,誠雲科技股份有限公司,臺中市西屯區工業區一路12號1樓,4000000,1050920
8770,53637064,衍昇有限公司,臺中市神岡區三民南路13號1樓,1000000,1050914
8773,53638654,立川有限公司,臺中市外埔區三崁里甲后路89號,500000,1050913
8774,53638795,諾達實業有限公司,臺中市梧棲區台灣大道八段698號,300000,1050926
8775,53639416,嘉紡貿易有限公司,臺中市清水區中華路613-3號1樓,2000000,1050912
8776,53639458,源東北工程有限公司,臺中市豐原區北陽里豐東路207巷13號1樓,1000000,1050901
8778,53639823,菘輝有限公司,臺中市大甲區文武里育英路219號,10000000,1050908
8780,53640321,這是設計說話有限公司,臺中市西屯區上安里上明一街52號4樓之2,1000000,1050906
8781,53641882,金石匠建設開發有限公司,臺中市大里區立仁里好來七街39之6號,5168888,1050920
8783,53642242,登豐國際事業有限公司,臺中市西屯區福順路142號1樓,1000000,1050902
8786,53642952,盈碩印刷企業有限公司,臺中市烏日區九德里中華路203巷3弄2號1樓,1000000,1050907
8787,53645472,德川國際開發股份有限公司,臺中市南屯區東興路二段186號2樓,6800000,1050922
8794,53648858,新采食品有限公司,臺中市大甲區大甲里順天路202號1樓,1000000,1050930
8795,53648891,晉偉電機有限公司,臺中市南屯區大興里東興路二段3巷40號1樓,1500000,1050921
8801,53653676,香港商寰彪發展服務有限公司,臺中市北屯區文心路4段669號4樓之1,5000000,1050922
8825,53677776,英屬開曼群島商巴斯洛時尚股份有限公司,臺中市北屯區同榮里環中路1段1032巷77-1號1樓,25000000,1050901
8922,53748723,昭陽實業股份有限公司,臺中市北屯區松竹五路二段265巷12號1樓,10000000,1050906
8937,53755977,鼎運國際旅行社有限公司,臺中市西屯區大信街56號7樓之1,6000000,1050910
8981,53781010,燈明有限公司,臺中市大里區西湖路187巷87號,200000,1050909
8982,53781476,立崴冷氣有限公司,臺中市北屯區后庄里敦化路一段450巷82弄30號,5000000,1050912
8986,53782897,荃美科技股份有限公司,臺中市霧峰區新豐路157號1樓,1000000,1050906
8987,53782989,米林生化科技股份有限公司,臺中市豐原區社皮里豐原大道一段165號,18000000,1050906
8988,53783517,建敦科技有限公司,臺中市南區國光里建成路1089號3樓之3,1000000,1050908
8989,53783571,尚懋股份有限公司,臺中市龍井區山腳里龍山街133號7樓,1750000,1050928
8991,53784184,高騰國際有限公司,臺中市南屯區豐樂里文心南三路537之2號4樓,1000000,1050909
8992,53784298,正傑紙業有限公司,臺中市烏日區溪壩里溪南路一段986巷156號1樓,500000,1050901
8993,53785276,慶圓國際有限公司,臺中市北區忠明路200號4樓之3,2000000,1050910
8995,53786253,緹淅實業有限公司,臺中市西區公益里中美街323號2樓,500000,1050913
9000,53789337,晶可企業有限公司,臺中市沙鹿區三鹿里自強路812號1樓,1000000,1050912
9003,53790329,青宸有限公司,臺中市太平區太和路一段57之6號,500000,1050906
9004,53790685,天軍有限公司,臺中市神岡區豐洲里東洲路79巷67號1樓,1000000,1050905
9009,53792467,世吉不動產有限公司,臺中市豐原區西勢路155號1樓,500000,1050926
9010,53793557,泓邦企業有限公司,臺中市北屯區松勇里松山街4號1樓,1000000,1050907
9015,53795078,日揚工業有限公司,臺中市太平區光興路733巷13號1樓,3000000,1050909
9018,53796230,貫達水泥壓送機械有限公司,臺中市梧棲區立德街290巷19弄10號1樓,1000000,1050902
9019,53796772,揚集汽車有限公司,臺中市南屯區五權西路二段866-1號1樓,5000000,1050910
9024,53799721,捷科工程有限公司,臺中市西區公正里大昌街218號7樓之1,1000000,1050907
9026,53799840,橙豐投資有限公司,臺中市西區公益路132號3樓,24600000,1050905
9030,53802991,威相實業有限公司,臺中市大雅區員林里大林路140巷48-1號一樓,1000000,1050914
9032,53804203,白馬山生物科技有限公司,臺中市東勢區北興里豐勢路559號1樓,20000000,1050905
9033,53804219,正學房仲事業有限公司,臺中市東勢區南平里第二橫街12號1樓,500000,1050924
9034,53804576,倍麗捷精密機械有限公司,臺中市大里區塗城路735巷3弄17號1樓,25000000,1050901
9039,53807243,薩得爾企業有限公司,臺中市后里區義里里甲后路一段136巷8號,500000,1050905
9040,53807709,邦普開發有限公司,臺中市北屯區文心路四段698號4樓之3,5000000,1050907
9041,53808833,宇臣環保有限公司,臺中市外埔區六分里水頭一路333號1樓,1000000,1050908
9045,53809538,吉保肯國際有限公司,臺中市南屯區豐樂里豐偉路66號11樓之1,2000000,1050907
9046,53810394,新展管理顧問有限公司,臺中市中區綠川里綠川東街32號7樓之13,100000,1050907
9048,53810991,統瀚科技實業有限公司,臺中市東區合作里力行路45號3樓,500000,1050921
9050,53811555,大釜建設開發有限公司,臺中市南屯區豐樂里永春東一路551號,5500000,1050923
9055,53814737,瑩玉國際股份有限公司,臺中市豐原區北陽里豐原大道四段285號1樓,2000000,1050920
9058,53816003,圓周家具設計有限公司,臺中市大里區西湖里草湖路141號1樓,1600000,1050912
9062,53819297,六堅通訊有限公司,臺中市沙鹿區晉江里北勢東路528號一樓,500000,1050908
9064,53819819,隆鈦鋁業有限公司,臺中市南區樹義里福田二街22巷25號,600000,1050907
9065,53820647,晁鴻科技有限公司,臺中市大里區大里路466之2巷20號1樓,5000000,1050906
9066,53820962,上昇創研有限公司,臺中市龍井區忠和里工業路216巷26號,5000000,1050910
9067,53821456,捷舜興業有限公司,臺中市西屯區永安里玉門路271號9樓之2,1000000,1050920
9069,53821717,米米實業有限公司,臺中市南屯區文心路一段46之1號1、2樓,10000000,1050912
9070,53821857,鼎茂昌工業股份有限公司,臺中市烏日區溪尾里溪岸路4-1號,5000000,1050921
9071,53822672,昌群整合機電有限公司,臺中市北屯區松竹路二段34巷34號1樓,6000000,1050909
9074,53824117,天頂光電有限公司,臺中市南屯區三厝里黎明東街163號7樓之3,1000000,1050912
9075,53824242,星展設計國際有限公司,臺中市北屯區松強里山西路三段206號1樓,1000000,1050919
9076,53824355,瑞華清潔有限公司,臺中市西區大昌街188號1樓,3300000,1050919
9080,53826038,采亦得國際企業有限公司,臺中市豐原區豐原大道四段515號1樓,3000000,1050901
9083,53826516,豐嘉有限公司,臺中市北屯區仁美里長生巷33之3號,150000,1050922
9084,53826662,鑫誠保全股份有限公司,臺中市北區興進路213號2樓之2,40000000,1050923
9085,53827108,萬合營造有限公司,臺中市霧峰區峰谷路47號,12600000,1050929
9089,53828866,鴻達運通貿易有限公司,臺中市南屯區田心里惠德街212號1樓,1000000,1050923
9095,53832088,品庠捲門有限公司,臺中市北屯區敦化路1段459號1樓,50000,1050901
9098,53833679,星翔鴻科技實業有限公司,臺中市北屯區崇德路二段128號4樓之2,1000000,1050909
9099,53833832,御品品牌規劃有限公司,臺中市南屯區惠中里大墩十二街476號2樓,10000000,1050902
9100,53834614,豐凱生技有限公司,臺中市北屯區文心路四段83號14樓,1000000,1050929
9102,53835162,東芳龍國際貿易有限公司,臺中市西屯區四川一街46號1樓,3000000,1050914
9103,53835769,榮盛機械工程有限公司,臺中市沙鹿區三鹿裡向上路七段52號6樓,500000,1050910
9106,53836129,新勝璋精業有限公司,臺中市潭子區潭秀里潭富路一段17巷10號,300000,1050926
9108,53837675,雅格貝司室內裝修工程有限公司,臺中市豐原區豐南街228號2樓,1000000,1050901
9111,53839625,居安泰保全股份有限公司,臺中市西屯區福和里臺灣大道四段847號14樓,40000000,1050913
9112,53839771,樂維科技有限公司,臺中市北區頂厝里崇德路一段579號9樓之1,5000000,1050926
9113,53840432,鼎聲實業有限公司,臺中市大肚區頂街里沙田路3段245巷80-3號1樓,500000,1050905
9114,53841262,台灣通小客車租賃有限公司,臺中市西屯區青海路二段433號1樓,5000000,1050920
9115,53841381,德聯生物科技有限公司,臺中市南屯區同心里南屯路二段290號7樓之3,200000,1050929
9116,53841495,中苑室內裝修設計有限公司,臺中市豐原區社皮里社皮路110號1樓,300000,1050902
9117,53841782,坤鑫不動產經紀有限公司,臺中市沙鹿區三鹿里向上路六段790號1樓,1000000,1050905
9118,53843661,新納企業有限公司,臺中市大里區大元里中興路二段110巷18號1樓,3000000,1050926
9119,53843732,臻圓研磨實業有限公司,臺中市豐原區西勢里瑞安街26號1樓,8000000,1050909
9120,53845078,六姐妹餅舖有限公司,臺中市西屯區何安里臺灣大道二段936號1樓,500000,1050920
9121,53845154,銓隆機械有限公司,臺中市太平區太平里永豐路永新巷6弄1號1樓,1000000,1050912
9122,53845366,太順億科貿有限公司,臺中市西區忠明里中興街233號十一樓之6,200000,1050921
9124,53845751,富宸水電工程有限公司,臺中市潭子區民族路三段99巷50弄16號1樓,1000000,1050921
9125,53846061,瑞麒魁寶有限公司,臺中市西區精誠七街16-1號1樓,800000,1050930
9126,53846338,家和不動產有限公司,臺中市后里區大圳路639號1樓,600000,1050912
9127,53847028,無為有限公司,臺中市東區大勇街173號6樓,6000000,1050926
9128,53847667,允助工程有限公司,臺中市豐原區東陽里東陽路130巷22弄65號1樓,3000000,1050922
9129,53847815,城翊科技有限公司,臺中市霧峰區中正路924巷12號1樓,5000000,1050906
9131,53850557,鴻億精密股份有限公司,臺中市潭子區潭陽里潭興路二段86號,3000000,1050901
9133,53851465,青園建設股份有限公司,臺中市西區博館二街230號2樓,75000000,1050909
9137,53852871,立新盛有限公司,臺中市神岡區新庄里和睦路282號2樓,500000,1050908
9138,53853111,十月國際有限公司,臺中市北屯區同榮里同榮路239巷35號1樓,3000000,1050907
9140,53854131,金大發不動產經紀業有限公司,臺中市太平區東平路564號1樓,1000000,1050920
9141,53854239,裕鴻包裝有限公司,臺中市南區南平路35-15號1樓,300000,1050914
9142,53854532,伊勝實業有限公司,臺中市太平區永成里永成北路92號1樓,1800000,1050913
9143,53854569,三起國際貿易有限公司,臺中市南區國光里建成路1475號1樓,500000,1050929
9147,53856187,弘原貿易有限公司,臺中市西屯區惠來里市政南一路99號,15000000,1050921
9152,53859966,玳羣科技股份有限公司,臺中市大里區永隆一街128巷31弄9號3樓,6000000,1050905
9153,53859972,王元亨實業有限公司,臺中市西屯區上石里青海路二段208號3樓,20000000,1050906
9154,53860176,立翔開發企業有限公司,臺中市神岡區社南里中山路667巷46弄14號,250000,1050905
9155,53860393,寶鴻電機有限公司,臺中市西屯區福安里福安路55巷3號22樓之5,3320000,1050923
9156,53860909,振儀國際有限公司,臺中市太平區育德路17號1樓,1000000,1050902
9157,53861055,永盛昌開發工程股份有限公司,臺中市西屯區何福里寧夏路232號11樓,3000000,1050921
9158,53861251,林湖投資股份有限公司,臺中市西屯區朝富路99號8樓之1,1000000,1050910
9160,53862028,大運建設股份有限公司,臺中市西屯區臺灣大道四段847號6樓之2,25000000,1050930
9161,53863048,加齡健康事業股份有限公司,臺中市南屯區大正街6號1樓,1000000,1050921
9164,53865708,福順精密紡織有限公司,臺中市大肚區磺溪里文昌二街159號1樓,3600000,1050909
9165,53866306,高島國際建設有限公司,臺中市北屯區水景里東山路一段156-6號5樓之1,10000000,1050901
9167,53867419,振翔企業有限公司,臺中市北屯區新平里中清路新平巷28號7樓,1000000,1050901
9168,53868141,大田機電有限公司,臺中市北區育德里健行路443號9樓之21,1000000,1050908
9170,53868727,奇香食品生技有限公司,臺中市南屯區大業里大業路192號12樓之3,200000,1050913
9171,53868819,軍陶有限公司,臺中市神岡區神洲里光啟路123之3號,1000000,1050923
9173,53869562,天瑞營造工程股份有限公司,臺中市西屯區西平里福星路349號5樓,318000000,1050922
9174,53870913,立翔嘉泰股份有限公司,臺中市北屯區平心里安順東八街40號地下室,1000000,1050912
9175,53870977,世宇自動化工程有限公司,臺中市大里區永隆里2鄰永隆九街65號9樓之2,200000,1050913
9178,53873046,川澐建設有限公司,臺中市潭子區頭家東里中興北路7號1樓,10000000,1050919
9180,53873242,哲秀有限公司,臺中市西屯區上德里河南路二段429號14樓之2,350000,1050920
9181,53873432,環霖國際有限公司,臺中市東勢區北興里豐勢路535號1樓,300000,1050906
9182,53874164,禾麗康生技股份有限公司,臺中市大雅區六寶里中清路四段767號,5100000,1050919
9184,53874621,晨發工程企業有限公司,臺中市后里區后里里三豐路四段56號1樓,2000000,1050922
9185,53874663,世民有限公司,臺中市中區大誠里成功路306巷5號,300000,1050924
9188,53875277,厚裕興業有限公司,臺中市烏日區環中路八段680巷36弄38號,10000000,1050907
9190,53875831,稷豐工業有限公司,臺中市龍井區新東里遊園南路319巷153-3號,3000000,1050920
9192,53877795,捷行輪胎精品企業有限公司,臺中市西屯區福安里西屯路三段79之39號,4200000,1050914
9194,53877900,至誠國際開發有限公司,臺中市豐原區育英路81號1樓,5000000,1050919
9195,53878035,圳嶸工程股份有限公司,臺中市大肚區自強里遊園路二段133巷8號1樓,2000000,1050913
9197,53878387,佳泰五金有限公司,臺中市太平區光明路13之1號1樓,500000,1050926
9211,53900901,憲宏投資有限公司,臺中市東區精武路39巷49號,2000000,1050909
9225,53913461,合邁國際有限公司,臺中市潭子區合作街29號1樓,3600000,1050914
9229,53915593,喆丰股份有限公司,臺中市神岡區社南里中山路851巷35弄37號1樓,3000000,1050906
9244,53920717,東京皮件企劃有限公司,臺中市北屯區平陽里安順東二街32之2號,1000000,1050921
9313,53959450,穀谷畝有限公司,臺中市沙鹿區臺灣大道七段432巷66弄26號4樓,1016800,1050906
9315,53960956,典夏有限公司,臺中市西屯區惠來里市政南二路27-5號1樓,1000000,1050919
9317,53962568,靜岡有限公司,臺中市北區金龍里德化街96之15號,1000000,1050926
9321,53964242,佐坤企業有限公司,臺中市南屯區南屯里文昌街150號5樓之2,1000000,1050909
9322,53964340,寶程鋼業有限公司,臺中市大里區國光里16鄰德芳南一街52巷8號2F,10000000,1050920
9324,53965164,勝元不動產經紀股份有限公司,臺中市沙鹿區向上路六段826號1樓,300000,1050909
9325,53965468,駿鴻磁淨節能有限公司,臺中市北區梅川里漢口路四段361號,515000,1050901
9326,53965805,新北庄興業有限公司,臺中市豐原區社皮里一心路108號1樓,500000,1050921
9327,53965853,福興精密有限公司,臺中市南區福興里復興路3段2巷3弄10號,1500000,1050908
9328,53965903,勻博數位設計印刷有限公司,臺中市北區錦村里興進路117之1號6樓之5,500000,1050906
9329,53966092,秉辰電機興業有限公司,臺中市北屯區豐樂路11之10號1樓,2000000,1050909
9330,53966810,德易生活有限公司,臺中市北屯區平順里崇德二路一段189號1樓,4600000,1050909
9331,53966939,嘉源昌有限公司,臺中市北屯區忠平里敦化路一段575號5樓之1,10000000,1050913
9332,53968991,聯準有限公司,臺中市豐原區三村里合作街118巷67弄60-4號1樓,1000000,1050912
9337,53972340,長興交通器材有限公司,臺中市東區建勇街28號,200000,1050926
9338,53972799,寬埕建設股份有限公司,臺中市西屯區何源里華美西街二段311號5樓之1,29000000,1050906
9339,53972989,天恩國際貿易有限公司,臺中市北屯區祥順路二段415號,10000000,1050908
9344,53974500,楨銫有限公司,臺中市北屯區仁美里長生巷26之30號1樓,2500000,1050921
9346,53974993,勝綋企業有限公司,臺中市西屯區逢甲里福星路654巷18號1樓,1000000,1050910
9349,53975521,中台灣石材有限公司,臺中市東勢區下新里粵寧街44號,3000000,1050906
9351,53979006,泰峰工程有限公司,臺中市西屯區福中里福中十一街11巷16號1樓,500000,1050912
9356,53981158,城太科技有限公司,臺中市西屯區大墩十八街195號3樓之2,4000000,1050908
9357,53981729,報國團拓展訓練事業有限公司,臺中市潭子區潭陽里中山路二段283巷2號2樓,6000000,1050912
9359,53983825,瑞豐吊桿機械有限公司,臺中市龍井區中沙路新庄仔巷60號1樓,100000,1050901
9370,53987738,台灣特耐磨實業有限公司,臺中市西區中美街434號1樓,500000,1050908
9372,53988292,金合鑫建設有限公司,臺中市后里區月眉里二圳路698巷8號1樓,5000000,1050926
9377,53989948,眾慶建設有限公司,臺中市西區民龍里臺灣大道二段186號3樓之1,1000000,1050909
9378,53990712,上準企業有限公司,臺中市西屯區櫻城一街66號5樓之2,5000000,1050908
9379,53990749,倍仕特企業有限公司,臺中市南區樹義里樹義五街63號,1000000,1050912
9380,53991085,圓德有限公司,臺中市中區光復路62巷1號,500000,1050926
9384,53993632,三采紙業有限公司,臺中市神岡區社南里中山路851巷51弄1號,6000000,1050906
9385,53993773,日法鐵板燒有限公司,臺中市西區忠誠里精誠路5-3號1樓,500000,1050912
9386,53994203,禾乙富股份有限公司,臺中市潭子區東寶里大德北路151號1樓,600000,1050921
9387,53994512,天冠有限公司,臺中市西區藍興里自由路一段19之6號,5000000,1050907
9388,53994787,天祥珠寶有限公司,臺中市北區新北里三民路三段246號1樓,1000000,1050913
9389,53994837,得百倍國際名品有限公司,臺中市龍井區東海里國際街154巷5號3樓,300000,1050930
9391,53995955,元丰勇食品有限公司,臺中市和平區南勢里東關路三段199-1號1樓,200000,1050907
9392,53997383,匯鼎國際開發有限公司,臺中市南屯區大墩二街186號1樓,20000000,1050925
9393,53997567,聚鼎國際開發有限公司,臺中市南區柳川東路一段23號1樓,20000000,1050909
9398,54001168,欣郝國際有限公司,臺中市大肚區蔗里遊園路二段125號1樓,1000000,1050921
9400,54001532,鐛隆工業有限公司,臺中市大安區永安里東西三路143號,200000,1050922
9401,54001694,天創實業有限公司,臺中市烏日區榮泉里健行北路100號4樓之2,1000000,1050923
9402,54001771,皮蒙特餐飲有限公司,臺中市西屯區何成里大墩二十街167號,1300000,1050912
9404,54002384,好容國際貿易有限公司,臺中市南屯區豐樂里永春東一路710號2樓,600000,1050912
9407,54004778,微創整合行銷有限公司,臺中市大甲區銅安里順帆路156之23號1樓,2000000,1050925
9408,54004989,昌禾投資事業有限公司,臺中市北區漢口路四段220之1號3樓,10000000,1050905
9409,54005143,陞燦有限公司,臺中市北屯區梅川東路4段105號15樓之1,1000000,1050913
9410,54005431,獻文文具有限公司,臺中市大里區永隆里永明街258號1樓,1000000,1050909
9411,54005452,田鑫產業有限公司,臺中市大雅區大雅里民興街57號4樓,23000000,1050929
9413,54005621,星際音響有限公司,臺中市大里區大元里國光路一段119號1樓,150000,1050914
9415,54006311,纖米股份有限公司,臺中市西屯區逢甲路253巷47號2樓,39336100,1050921
9416,54006451,達健國際生技有限公司,臺中市北屯區旅順路二段216號1樓,200000,1050906
9422,54007682,詠昌開發有限公司,臺中市龍井區龍崗里沙田路4段614號1樓,9000000,1050921
9423,54008697,皇鼎不動產經紀股份有限公司,臺中市南屯區黎明路一段1079號2樓,1700000,1050908
9534,54068619,耀翔環保有限公司,臺中市霧峰區北勢里丁台路721-1號,1400000,1050923
9569,54089190,巧麗屋家飾設計有限公司,臺中市西屯區西墩里環中路二段906號,1000000,1050901
9570,54089585,富瑞昇實業股份有限公司,臺中市北屯區后庄里敦化路一段598號16樓之3,28000000,1050921
9571,54090274,尚煇工程有限公司,臺中市大安區永安里東西四路二段162巷1號,1000000,1050912
9572,54090788,上圓室內裝修設計有限公司,臺中市烏日區環河路五段250號5樓之3,1000000,1050923
9573,54090859,樹頭投資有限公司,臺中市西區公益路141號2樓,25000000,1050908
9575,54091800,冠品投資股份有限公司,臺中市南屯區新生里向上路3段505號,25000000,1050910
9577,54092651,星晨投資股份有限公司,臺中市西區臺灣大道二段501號10樓之2,29000000,1050921
9578,54092786,昕旺建設有限公司,臺中市南屯區惠中里大正街6號2樓之1,10000000,1050905
9579,54093482,羽灃國際貿易有限公司,臺中市南屯區田心里惠中路三段359號1樓,1000000,1050929
9581,54095165,智剛科技有限公司,臺中市霧峰區北柳里四德路268巷1號1樓,200000,1050914
9583,54095284,禾詰企業有限公司,臺中市豐原區陽明里中興路21號2樓,10000000,1050902
9584,54095355,分子設計有限公司,臺中市南屯區大墩四街399號,30000000,1050921
9585,54095361,天籟歌坊有限公司,臺中市西屯區寧夏路79號10樓之2,220000,1050923
9586,54095637,匯億數位有限公司,臺中市潭子區甘蔗里勝利六街53號1樓,500000,1050908
9587,54095658,得福土地開發有限公司,臺中市南區和平里復興路二段18-2號1樓,1000000,1050907
9591,54096707,冠榤開發有限公司,臺中市霧峰區六股里4鄰峰谷路22號,50000,1050926
9592,54097179,上景磁磚有限公司,臺中市北屯區軍功里松竹路一段763號,5280000,1050907
9596,54097924,桂岑科技有限公司,臺中市潭子區勝利六街5號7樓,1000000,1050919
9602,54100575,莛逸企業有限公司,臺中市霧峰區甲寅里振興路155號4樓之1,120000,1050910
9603,54100603,草山境室內裝潢設計有限公司,臺中市西區吉龍里南屯路一段150之1號1樓,1500000,1050912
9607,54101309,富安祥有限公司,臺中市西屯區林厝里中科路1151號1樓,45000000,1050914
9610,54101618,台灣愛迪生創意科技股份有限公司,臺中市西區公益里公益路223號地下1樓,139600000,1050902
9611,54101841,天圓廣告有限公司,臺中市北屯區松竹里崇德二路二段308號8樓之5,1000000,1050910
9612,54102216,寶裕第二投資股份有限公司,臺中市北區明德里太原北路130號10樓之1,80000000,1050922
9615,54103377,優思資文創設計有限公司,臺中市西屯區朝富路213號20樓之9,8950000,1050906
9616,54103735,鉅視科技股份有限公司,臺中市烏日區中山路三段404號1樓,7500000,1050919
9619,54104930,雄山事業有限公司,臺中市西區公館里柳川東路二段76巷8號3樓,500000,1050909
9621,54105797,寶齡嬰童用品有限公司,臺中市西區中興里美村路一段260號1樓,500000,1050910
9622,54107107,浤洋投資股份有限公司,臺中市西區臺灣大道二段536號8樓之1,15100000,1050920
9623,54107401,森田科資訊有限公司,臺中市西區民龍里英才路506號2樓,220000,1050929
9624,54107492,久大塗裝工程有限公司,臺中市南屯區寶山里寶山五街152號1樓,1000000,1050902
9625,54108393,英特塑膠股份有限公司,臺中市沙鹿區中山路61巷46號2樓,5000000,1050910
9626,54109359,新旺生物科技股份有限公司,臺中市西屯區大墩十九街186號5樓之2,1000000,1050909
9627,54109745,翊瀚工程有限公司,臺中市西屯區西墩里西屯路3段48號1樓,3000000,1050921
9632,54112256,鴻翔投資有限公司,臺中市沙鹿區斗抵里斗潭路153之11號1樓,16885000,1050901
9633,54112278,金鉌投資有限公司,臺中市清水區西社里15鄰中清路9段17號1樓,7260000,1050920
9636,54114509,峻昇塗料有限公司,臺中市霧峰區中投東路一段460巷15號1樓,1000000,1050906
9641,54116210,傳承全球股份有限公司,臺中市烏日區太明路2巷1弄8號,10000000,1050912
9643,54116422,富苑有限公司,臺中市西屯區惠來里惠中路18巷11號,2000000,1050923
9644,54116979,新飛工業有限公司,臺中市清水區高南里港埠路五段177號1樓,2000000,1050922
9646,54117858,順輝國際貿易有限公司,臺中市潭子區豐興路一段571號2樓,500000,1050926
9650,54120158,午大工業有限公司,臺中市大里區東湖里東南路18巷15號,1000000,1050919
9652,54120853,元成精科有限公司,臺中市南區崇倫里三民西路343-1號7樓,500000,1050913
9655,54121038,承慶生醫有限公司,臺中市西區公館里五權西二街156-1號1樓,1000000,1050907
9656,54121179,增達玻璃有限公司,臺中市北屯區柳陽東街77號1樓,1000000,1050914
9657,54121375,雷神數位遊戲股份有限公司,臺中市西區台中港路一段152號5樓之2,10000000,1050902
9658,54121678,富虢有限公司,臺中市東勢區粵寧里東蘭路69之15號1樓,100000,1050924
9660,54122395,台灣大道商務中心有限公司,臺中市北屯區中清路二段715號1樓,1000000,1050926
9661,54123916,萬向國際實業有限公司,臺中市南區樹德里文心南路651號,9000000,1050908
9664,54124921,兆創整合行銷有限公司,臺中市北屯區忠平里陳平路65巷8弄7號1樓,100000,1050906
9665,54126553,振鑫盛實業有限公司,臺中市太平區中興里東平路715巷43號,1000000,1050908
9667,54126667,金錦銘投資股份有限公司,臺中市西區臺灣大道二段536號8樓之1,13000000,1050913
9669,54128264,布莉歐烘焙有限公司,臺中市東區新庄里台中路103號1樓、103號2樓之1、107號1樓,3000000,1050912
9672,54129030,多福實業有限公司,臺中市北區大湖里大湖街34號1樓,4000000,1050910
9674,54129708,欣欣事業有限公司,臺中市北區錦祥里北屯路18號13樓之18,12360000,1050906
9676,54131704,富城廣告事業有限公司,臺中市北屯區松安里興安路二段353號1樓,1000000,1050914
9678,54132112,崴盟機械有限公司,臺中市西屯區福林里福科路525號11樓之2,1000000,1050921
9679,54132252,宏穎運動事業有限公司,臺中市南區台中路156-1號2樓,500000,1050924
9682,54133148,柏飛機電有限公司,臺中市南區國光里仁和路121巷2號5樓之2,1400000,1050907
9683,54133219,震翔監測工程有限公司,臺中市南區南門里忠明南路1219號6樓之1,2000000,1050909
9685,54134337,佶琮有限公司,臺中市大安區頂安里東西二路137號,1000000,1050910
9688,54135814,郡承股份有限公司,臺中市西區民龍里臺灣大道二段307號6樓之1,53000000,1050913
9773,54199160,仲伸企業有限公司,臺中市大里區東榮路一段126號7樓之1,500000,1050912
9780,54211024,雲漾旅館股份有限公司,臺中市中區大誠里公園路36號,25000000,1050920
9784,54219378,康洲教育顧問有限公司,臺中市南屯區文心路一段378號16樓之1,500000,1050901
9786,54220255,鎰通商業有限公司,臺中市太平區太平里新仁路一段22巷104號,1000000,1050920
9787,54221162,仁碩科技有限公司,臺中市大甲區中山路二段1127-3號,400000,1050910
9792,54222795,巨勳企業有限公司,臺中市大雅區上楓里民生路四段161巷131號1樓,3550000,1050926
9794,54224225,冠昱教育科技股份有限公司,臺中市大里區仁化里至善路8巷19弄17號1樓,60000000,1050920
9795,54225081,雅沐貿易有限公司,臺中市北屯區和平里祥順路二段415號5樓,10000000,1050919
9796,54225224,晁豐企業有限公司,臺中市西屯區慶和街59號,1000000,1050905
9798,54225483,龍樹國際貿易有限公司,臺中市龍井區東海里遠東街201巷2弄7號1樓,800000,1050905
9800,54225575,奧迪斯保全股份有限公司,臺中市西屯區何安里洛陽路32號1樓,40000000,1050921
9802,54225786,聿創土木包工業有限公司,臺中市北屯區松竹里崇德路二段447號5樓之20,5000000,1050921
9804,54226130,雲川建設有限公司,臺中市東區東門里東光園路64巷99號1樓,4000000,1050930
9808,54227406,乃弘音樂餐飲有限公司,臺中市西屯區逢甲里寶慶街50巷20號,200000,1050913
9811,54228221,隆乙建設有限公司,臺中市北區文心路四段208之1號12樓之1,25000000,1050908
9812,54228329,中研國際股份有限公司,臺中市北屯區崇德路二段26號4樓,5000000,1050923
9815,54229636,華鵬影城股份有限公司,臺中市西區臺灣大道二段459號17、18、19樓,62000000,1050913
9816,54230789,幸福梨子事業有限公司,臺中市北屯區崇德路3段1號,20000000,1050912
9817,54230818,三樂廣告有限公司,臺中市北區建興里崇德路一段268號12樓之8,250000,1050926
9822,54232267,康妮國際企業股份有限公司,臺中市西區臺灣大道二段307號23樓,10000000,1050920
9823,54232560,鼎泓水電有限公司,臺中市潭子區東寶里崇德路四段170巷36-5號,200000,1050921
9824,54232822,鼎銓工程有限公司,臺中市北屯區北屯路409之39號7樓,200000,1050902
9825,54232864,奕政有限公司,臺中市潭子區甘蔗里環中路一段189之10號,1000000,1050907
9827,54233420,品樂芙國際企業有限公司,臺中市北屯區平心里崇德路二段168號8樓之6,500000,1050913
9829,54234357,尚虹通訊器材有限公司,臺中市豐原區田心里大明路6號1樓,500000,1050920
9830,54234547,東海蓮心冰有限公司,臺中市龍井區新東里新興路1巷1號,100000,1050920
9832,54236051,榮盛生態科技有限公司,臺中市西區民生里繼光街8巷2弄6號7樓,1050000,1050912
9836,54237333,滿滿溢國際貿易有限公司,臺中市北屯區松竹五路75巷11號1樓,2400000,1050919
9838,54238494,京展有限公司,臺中市沙鹿區公明里忠貞路246巷62弄18號1樓,1000000,1050901
9842,54239613,東締生物科技有限公司,臺中市東勢區中寧里文化街115巷32號1樓,5000000,1050909
9844,54241786,誠石不動產仲介有限公司,臺中市沙鹿區三鹿里向上路六段736號1樓,600000,1050901
9846,54242928,攀升貿易有限公司,臺中市西屯區何成里大墩18街195號3樓之2,500000,1050907
9851,54245805,香山有限公司,臺中市南屯區寶山里工業區22路53號2樓,500000,1050912
9852,54246614,晟銘小客車租賃有限公司,臺中市西屯區臺灣大道二段718號3樓,5000000,1050906
9853,54246852,烤吧股份有限公司,臺中市西區民龍里英才路530號13樓之1,9600000,1050926
9854,54246902,詳和國際有限公司,臺中市霧峰區吉峰里吉峰路32巷1號1樓,2500000,1050913
9855,54247803,泳禾建設有限公司,臺中市外埔區六分路中興巷20-3號1樓,5000000,1050922
9857,54248090,眾聖汽車有限公司,臺中市北屯區瀋陽路三段71號,10000000,1050922
9860,54249582,台義有限公司,臺中市神岡區豐洲里神洲路35巷16號一樓,8000000,1050905
9862,54250623,國慧布業有限公司,臺中市北屯區三甲東街31號1樓,660000,1050907
9863,54250829,安心健康國際實業有限公司,臺中市北屯區松勇里松竹北路111號1樓,200000,1050908
9866,54251685,鴻懋有限公司,臺中市北屯區大連路一段185號2樓,3000000,1050901
9868,54252262,天沐室內裝修設計工程有限公司,臺中市后里區泰安里福興路105-39號1樓,500000,1050926
9869,54252517,鑫聯投資有限公司,臺中市西區忠明路41號1樓,20000000,1050902
9870,54252592,富巨國際企業有限公司,臺中市南屯區田心里大墩四街321號地下一層,10000000,1050901
9871,54253298,保乘有限公司,臺中市太平區頭汴里長龍路二段48號1樓,1000000,1050903
9872,54253403,杰思湯尼顧問有限公司,臺中市西屯區龍潭里龍洋巷17-13號,50000,1050903
9874,54254705,台慈軸承有限公司,臺中市北屯區水湳里文心路四段83號19樓,1000000,1050901
9876,54254867,元亨利國際開發股份有限公司,臺中市南屯區大同里東興路二段186號2樓,16000000,1050922
9877,54255964,富裕家不動產開發有限公司,臺中市西區忠明里美村路一段68號1樓,1000000,1050909
9879,54257766,良瑞室內裝修設計工程有限公司,臺中市梧棲區頂寮里港埠路二段275號,330000,1050926
9880,54258603,皇呈國際有限公司,臺中市北區進化北路164號2樓,200000,1050901
9881,54258765,東建安全網有限公司,臺中市龍井區龍津里蚵寮路311號1樓,1000000,1050913
9883,54258977,東澄有限公司,臺中市沙鹿區成功東街77號1樓,250000,1050905
9884,54260072,唐門精密有限公司,臺中市大雅區大楓里雅楓街99巷3弄15號1樓,1000000,1050919
9885,54261403,樺芳貿易有限公司,臺中市南屯區東興路一段665巷37號1樓,500000,1050919
9886,54261902,德安生命禮儀有限公司,臺中市西屯區何源里內江街106號4樓,50000,1050907
9887,54262206,隆和沅國際生技開發有限公司,臺中市南屯區文心南五路一段350巷18號1樓,3969000,1050906
9889,54263090,富泰臻國際股份有限公司,臺中市西屯區河南路二段173號2樓,10000000,1050913
9891,54263802,威璟國際生醫股份有限公司,臺中市南屯區同心里文心路一段186號15樓之13,5000000,1050913
9894,54265409,采悅國際股份有限公司,臺中市南區永興里工學一街193號,24000000,1050914
9895,54265533,華旺環球有限公司,臺中市北區淡溝里臺灣大道二段360號13樓之5,1300000,1050906
9896,54266738,舜泰企業有限公司,臺中市西區昇平里昇平街142號,1000000,1050912
9897,54266809,華信汽車租賃有限公司,臺中市潭子區福仁里圓通南路43號2樓,10000000,1050920
9899,54267666,緩慢文旅股份有限公司,臺中市西屯區潮洋里朝富路232號3樓,24100000,1050926
9901,54268052,究境空間設計有限公司,臺中市大里區中山路185號,1000000,1050905
9903,54268721,大湧建設有限公司,臺中市太平區大興路511號1樓,6000000,1050906
9963,54312959,璿鼎有限公司,臺中市南區建國南路一段245號13樓之5,200000,1050907
9967,54313578,本圓有限公司,臺中市大甲區武曲里大安港路349-5號1樓,300000,1050920
9980,54317722,威煦科技有限公司,臺中市南屯區大墩四街321號地下一層,5000000,1050912
10133,54388036,汶萊商開合精密科技股份有限公司,臺中市神岡區豐洲里大洲路157號1樓,23260000,1050913
10157,54399202,太晶生技有限公司,臺中市南屯區文山里保安五街138號1樓,100000,1050910
10158,54500903,益泰滑軌有限公司,臺中市太平區光華里大興十五街31號,2000000,1050926
10159,54501537,博荃資訊科技有限公司,臺中市南區樹義里大慶街一段257之23號1樓,1000000,1050924
10160,54501662,長智貿易股份有限公司,臺中市西屯區大容東街90號8樓,8000000,1050921
10162,54501776,十邑國際貿易有限公司,臺中市西屯區林厝里中科路1019號,5000000,1050901
10189,54515595,高鼎國際企業有限公司,臺中市西屯區天水東街35號1樓,9000000,1050921
10308,54579540,磐燁建設股份有限公司,臺中市烏日區弘德街18巷16號1樓,15000000,1050923
10309,54579794,承紘事業有限公司,臺中市西區公平里精誠十一街24號4樓之2,8000000,1050910
10310,54579871,佑家工程顧問有限公司,臺中市大里區仁化里16鄰善化路169號1樓,500000,1050901
10311,54580032,億利特企業有限公司,臺中市南屯區惠中里文心路1段378號19樓之3,500000,1050926
10312,54580167,倡陞有限公司,臺中市中區三民路二段17巷25號1樓,1000000,1050908
10313,54580201,鑫崈科技企業有限公司,臺中市東區振興里建成路630巷10號1樓,500000,1050909
10314,54581068,其孜投資有限公司,臺中市梧棲區大庄里中央路一段683巷26弄20號1樓,8121510,1050901
10315,54581089,順麗室內裝修有限公司,臺中市太平區永豐路323號1樓,100000,1050926
10316,54581399,善水整合行銷有限公司,臺中市西屯區何成里文心路二段562之1號3樓之1,100000,1050901
10317,54582257,儀易企業有限公司,臺中市南區長榮里信義南街202號10樓之10,200000,1050910
10318,54582735,聖樺資訊有限公司,臺中市西區中興里公益路130號3樓,5000000,1050919
10319,54582833,榮晟企業有限公司,臺中市烏日區前竹里中山路一段和平巷71號,10000000,1050902
10320,54582897,震興不動產經紀有限公司,臺中市南區福興里五權南路213號1樓,500000,1050908
10321,54583122,華進室內設計有限公司,臺中市大里區內新里新光路90號1樓,500000,1050922
10322,54583220,禾鈊有限公司,臺中市太平區永平路二段320-1號,8000000,1050901
10323,54583235,竣嵩翰有限公司,臺中市太平區永平路二段320-1號,3000000,1050906
10324,54583349,禾嘉馨有限公司,臺中市太平區永平路2段320-1號,10000000,1050901
10325,54583376,馥格堡股份有限公司,臺中市西區忠明里美村路一段22號1樓、3樓,50000000,1050901
10326,54583875,忠晟開發有限公司,臺中市太平區新光里樹德路170號1樓,300000,1050913
10327,54583973,陽明材料科技有限公司,臺中市大里區立仁路371號1樓,5000000,1050921
10328,54584136,得天科技有限公司,臺中市太平區德隆里德利路110巷15號1樓,200000,1050920
10329,54584516,康士達百貨有限公司,臺中市梧棲區中正里文化路二段336號1樓,500000,1050914
10330,54584847,成勲工業有限公司,臺中市清水區西寧里五權東路17巷62號1樓,500000,1050906
10331,54584868,偉能精密工業有限公司,臺中市東區東信里振興路262巷25號,2000000,1050913
10332,54585016,源宏實業有限公司,臺中市大雅區大雅里永興路137號2樓,3600000,1050920
10333,54585058,宸暐有限公司,臺中市潭子區頭家里13鄰和平路33巷21號2樓之1,200000,1050923
10334,54585923,冠翊國際有限公司,臺中市北區明新里太原九街8號1樓,500000,1050919
10335,54585992,德金國際行銷有限公司,臺中市西屯區文心路二段201號20樓之3,20000000,1050905
10336,54586015,臻鈺建設有限公司,臺中市清水區橋頭里高美路299巷23-2號1樓,1500000,1050922
10337,54586021,鼎御國際實業有限公司,臺中市北屯區崇德路二段130號5樓,4000000,1050901
10338,54586296,品寬管理顧問有限公司,臺中市北屯區興安路一段144號1樓,400000,1050919
10339,54587437,群智醫院管理顧問有限公司,臺中市南屯區大墩四街321號地下1層,100000,1050926
10340,54587730,好鄰居國際不動產有限公司,臺中市沙鹿區居仁里臺灣大道七段872號,6000000,1050920
10341,54587746,弘太工業股份有限公司,臺中市大甲區日南里19鄰幼獅路15之1號,40000000,1050922
10342,54588674,延宇資訊股份有限公司,臺中市西屯區寶慶街50巷13號3樓之2,5000000,1050921
10343,54588837,力弘機電有限公司,臺中市西區後龍里民生北路80之1號1樓,600000,1050906
10344,54588978,悟控有限公司,臺中市大安區西安里大安港路926號,1000000,1050903
10345,54589076,大國建設有限公司,臺中市豐原區圓環南路193號7樓之1,1000000,1050926
10346,54589174,日久股份有限公司,臺中市大里區立仁里甲堤七街80號1樓,2000000,1050922
10347,54589625,宇創興業有限公司,臺中市潭子區栗林里祥和新莊東三巷21號1樓,1000000,1050902
10348,54589651,品創建設事業有限公司,臺中市西區五廊街29之7號1樓,3000000,1050902
10349,54589821,暘順精密工業有限公司,臺中市神岡區中山路1010巷4之1號,1000000,1050913
10350,54590088,眀桀馨生物科技有限公司,臺中市西區公益里華美街257號1樓,100000,1050901
10351,54590209,拓樸網路股份有限公司,臺中市北區建興里健行路360號2樓之3,30000000,1050910
10352,54590329,原旭國際貿易有限公司,臺中市南屯區大同里大同街45號1樓,1000000,1050902
10353,54591039,駿榮有限公司,臺中市霧峰區吉峰路56巷25號1樓,500000,1050910
10354,54591185,安士達保全股份有限公司,臺中市南屯區田心里向心路107之2號1樓,40000000,1050922
10355,54591256,明星徵信有限公司,臺中市西屯區何成里文心路二段562之1號3樓之1,1000000,1050919
10356,54591262,承泰本能開發管理顧問有限公司,臺中市北區淡溝里臺灣大道二段340號5樓之2,500000,1050912
10357,54591404,天琛開發有限公司,臺中市北屯區平田里遼陽五街136號一樓,500000,1050905
10358,54592038,嘉祥土地開發有限公司,臺中市大肚區自強里8鄰遊園路二段170巷62號1樓,1000000,1050910
10359,54592311,豐源華環保科技有限公司,臺中市大里區上興街一段36巷3號1樓,500000,1050907
10360,54592522,霖鼎開發建設有限公司,臺中市豐原區西安里安和路26號2樓,5000000,1050922
10361,54592635,樂活全球實業股份有限公司,臺中市南區忠明南路758號38樓,10000000,1050922
10362,54593000,旭笙有限公司,臺中市東區東門里天乙街60號1樓,300000,1050907
10363,54593043,軒鈺有限公司,臺中市烏日區學田路便行巷32弄16號3樓,5000000,1050919
10364,54593058,垣聿科技有限公司,臺中市太平區永豐路157巷33號2樓,2300000,1050921
10365,54593233,鎂豐有限公司,臺中市南區樹義路156號1樓,50000,1050926
10366,54593374,雙囍婚宴會館有限公司,臺中市南屯區田心里大墩七街361號1樓、363號1樓、365號1樓,2000000,1050912
10367,54593402,旭原興業有限公司,臺中市南屯區文心南七路28號1樓,6000000,1050922
10368,54593971,昇昌鞋業有限公司,臺中市南屯區豐樂里文心南三路979號,500000,1050913
10369,54594134,台芝電氣股份有限公司,臺中市南屯區工業23路7號,25000000,1050910
10370,54594155,皇嶧國際有限公司,臺中市南屯區向心里文心南三路358號1樓,1000000,1050913
10371,54594578,鴻鈦精密有限公司,臺中市大里區國中一路46巷11號,3000000,1050909
10373,54594900,露滴有限公司,臺中市北區忠太西路39號1、2樓,4000000,1050909
10374,54595197,宥鑫科技有限公司,臺中市龍井區忠和里中央路三段270號,2000000,1050921
10375,54595252,玉園人文有限公司,臺中市清水區靈泉里大街路71-14號1樓,1000000,1050913
10376,54595366,証富工程有限公司,臺中市西屯區永安里安林路6號1樓,1000000,1050923
10377,54595422,艾瑞斯科技有限公司,臺中市東區十甲里東英九街20號1樓,500000,1050919
10378,54595470,錦禾金屬有限公司,臺中市大里區西湖里草堤路265巷16號1樓,500000,1050919
10379,54595730,立傑興業有限公司,臺中市豐原區豐田里豐原大道三段286巷136弄47號,2000000,1050908
10380,54595788,統一淨水有限公司,臺中市北屯區松勇里松明街64號,100000,1050905
10381,54596479,竣詠泰企業有限公司,臺中市西屯區中清路43巷國泰五弄18號1樓,300000,1050920
10382,54596914,帝麗有限公司,臺中市潭子區大新路79巷100之20號,1000000,1050921
10383,54597049,七個小日子有限公司,臺中市北屯區仁和里崇德路三段1號,2000000,1050914
10384,54597435,魔鬼氣球有限公司,臺中市西屯區福雅里福雅路118號1樓,1000000,1050913
10385,54597580,盈億生物科技有限公司,臺中市北屯區水景里水景街88巷16號1樓,1000000,1050922
10386,54597863,大巧廣告行銷有限公司,臺中市西屯區福順路142號1樓,21000000,1050909
10387,54598032,鯤鵬犁記有限公司,臺中市北區賴旺里中清路一段788號2樓,8000000,1050907
10388,54598292,鮮樂園企業有限公司,臺中市南屯區三厝里黎明路229號1樓,1000000,1050912
10389,54599270,行寶島旅行社股份有限公司,臺中市西屯區文心路三段241號3樓之3,6000000,1050920
10390,54599519,欽鐽工程有限公司,臺中市太平區坪林里中山路二段129巷18號1樓,10000000,1050913
10391,54600023,堅順不動產有限公司,臺中市大甲區中山路一段719號1樓,300000,1050930
10392,54600375,茂錫有限公司,臺中市清水區南社里忠孝路200巷92弄6號1樓,100000,1050930
10393,54600585,盛茂有限公司,臺中市南區福順里忠明南路789號8樓,800000,1050902
10394,54600852,廣德興環保有限公司,臺中市東區三賢街148號1樓,2000000,1050920
10395,54601297,昶泳鑫國際有限公司,臺中市西區吉龍里美村路一段806號7樓之9,5000000,1050913
10396,54601536,誠恭興業有限公司,臺中市南區文心南路546之2號,11000000,1050919
10397,54601698,新羽服飾有限公司,臺中市北屯區平福里大連路二段225號1樓,250000,1050907
10398,54601971,宏合有限公司,臺中市大肚區沙田路三段245巷81之36號,5000000,1050921
10399,54602057,偉銘鋁業有限公司,臺中市南屯區豐樂里文心南六路312號10樓之2,1000000,1050901
10400,54602275,大龐汽車有限公司,臺中市北屯區平陽里綏遠路二段255號5樓之1,2000000,1050905
10401,54602280,萬達布業有限公司,臺中市潭子區聚興里潭興路一段331巷7-1號,1500000,1050923
10402,54602514,興錩機械工業有限公司,臺中市清水區東山里神清路6之18號,6000000,1050921
10403,54602731,光丞消防科技有限公司,臺中市西屯區永安里西屯路三段80之6號1樓,1000000,1050926
10404,54602845,利基工程有限公司,臺中市豐原區社皮里社皮路123巷11弄30號1樓,3000000,1050901
10405,54602872,東筳貿易有限公司,臺中市中區建國路103號2樓,500000,1050926
10406,54604153,俐崴廣告有限公司,臺中市南屯區文山里忠勇路52-275巷79號2樓,300000,1050919
10407,54604301,原民不動產股份有限公司,臺中市北屯區平心里瀋陽路三段62號1樓,500000,1050912
10408,54604512,萬登富有限公司,臺中市西屯區逢福里河南路二段262號7樓之6,500000,1050910
10409,54604576,詮勝榮有限公司,臺中市西屯區逢福里河南路二段262號4樓之2,500000,1050912
10410,54604750,吉成國際企業有限公司,臺中市南屯區大同里大墩六街18號1樓,1000000,1050912
10411,54605081,宇力鑫生技股份有限公司,臺中市北屯區平和里文心路四段141之3號,30000000,1050929
10412,54605195,榮信有限公司,臺中市太平區長億里長億九街40號1樓,320000,1050921
10413,54605287,勝懋國際企業有限公司,臺中市西屯區福恩里工業區一路58巷10弄21號1樓,1000000,1050907
10414,54605316,勝緯精密有限公司,臺中市豐原區東陽路405號1樓,1500000,1050921
10415,54606130,愛錸設計有限公司,臺中市南屯區溝墘里大墩十七街137號8樓,500000,1050902
10416,54606201,三雅環境有限公司,臺中市神岡區庄後里中車路13之5號,1000000,1050920
10417,54606271,名上有限公司,臺中市南屯區田心里大墩四街321號地下1層,500000,1050921
10418,54606407,時光對白旅棧有限公司,臺中市西屯區西平里福星北三街35號,1000000,1050912
10419,54606413,日月軒國際有限公司,臺中市南屯區文心南三路230巷3之1號1樓,500000,1050925
10420,54606455,珍宇有限公司,臺中市西區華美西街一段16號3樓之3,300000,1050907
10421,54607118,汯益開發有限公司,臺中市北區文心路四段208之1號12樓之1,20000000,1050913
10422,54607573,旺勝已生化國際有限公司,臺中市神岡區豐洲路135巷1弄15號1樓,2000000,1050926
10423,54608123,富園建設有限公司,臺中市大肚區大東里自由路127號1樓,2960000,1050923
10424,54608138,天賜建設開發有限公司,臺中市南屯區豐樂里永春東一路551號,15000000,1050922
10425,54608209,翔証貿易有限公司,臺中市北屯區水湳里大連路1段56號3樓,500000,1050906
10426,54608263,寶翔室內裝修工程有限公司,臺中市南屯區南屯里永春東路1116號1樓,1000000,1050922
10427,54608411,采明化粧品有限公司,臺中市南屯區田心里大墩四街321號地下1層,500000,1050908
10428,54608502,全虹旅行社有限公司,臺中市北區邱厝里英才路126號1樓,6000000,1050929
10429,54608778,皇瑞建設有限公司,臺中市西屯區福恩里工業區一路72巷70號1樓,10100000,1050921
10430,54609100,磊城國際股份有限公司,臺中市烏日區前竹里光明路262號,26000000,1050926
10515,54677514,研埕生物科技股份有限公司,臺中市東區富仁里自由路三段3號9樓之2,2000000,1050913
10626,54739201,佰憶人本有限公司,臺中市中區公園里自由路二段9之8之11號,5000000,1050901
10627,54739835,臺灣主題旅宿發展股份有限公司,臺中市西屯區潮洋里朝富路232號4樓,40000000,1050926
10628,54740278,非凡飲酒有限公司,臺中市中區繼光里繼光街67號1樓,200000,1050908
10629,54740592,上禾田企業有限公司,臺中市東區東英里東英十二街113號2樓,500000,1050921
10630,54740896,東芝視覺廣告有限公司,臺中市南屯區大業里大墩十二街102號2樓,1400000,1050914
10631,54741234,展源工程有限公司,臺中市大里區永隆里永隆路453巷53號1樓,6000000,1050919
10632,54741353,大魚寵物有限公司,臺中市大里區永隆里國光路二段505號,20000000,1050919
10633,54741683,圓發運輸有限公司,臺中市太平區永成里長億路18號3樓,2000000,1050901
10634,54741781,一代冷氣空調有限公司,臺中市大里區永隆里爽文路786號1樓,500000,1050922
10635,54741797,同裕有限公司,臺中市梧棲區南簡里民和路一段421巷2號1樓,60000,1050905
10636,54741939,東原室內裝修設計有限公司,臺中市南區平和里永南街58號1樓,500000,1050902
10637,54742000,圓迪國際有限公司,臺中市北區三民路三段10號12號,1000000,1050928
10638,54742016,振洋金屬科技有限公司,臺中市大里區西湖里振興路6號,600000,1050906
10639,54742141,立崧食品有限公司,臺中市北區忠明路175號3樓,6000000,1050901
10640,54743090,百里城市設計工作有限公司,臺中市東區東光園路64巷14號1樓,1000000,1050913
10641,54743182,昱勝精密有限公司,臺中市梧棲區大庄里信義街102巷106號1樓,3500000,1050906
10642,54743211,奇果文創工業股份有限公司,臺中市沙鹿區斗抵里沙田路仁安巷40號1樓,2000000,1050925
10643,54743660,新穎科技有限公司,臺中市北屯區平德里天津路三段133號1樓,300000,1050909
10644,54743887,恆湧室內裝修有限公司,臺中市北屯區同榮里新興路29號1樓,5000000,1050908
10645,54745273,太瑞工程有限公司,臺中市后里區南村路400巷19號1樓,500000,1050901
10646,54745626,裕蓁農業生技有限公司,臺中市北屯區松和里松竹路二段337巷2之1號1樓,500000,1050908
10647,54745695,泰安綠舟股份有限公司,臺中市西屯區市政北一路77號12樓之6,202500000,1050926
10648,54746152,知越貿易有限公司,臺中市西區公益路130號3樓,50000,1050919
10649,54746322,愛心進行銷設計股份有限公司,臺中市烏日區太明路成豐巷380之3號,18800000,1050919
10650,54746478,永沛運動器材有限公司,臺中市潭子區潭陽里潭陽路2-9號1樓,2000000,1050907
10651,54746483,中美生技醫藥股份有限公司,臺中市北區臺灣大道二段360號13樓之5,30000000,1050902
10652,54746667,孟樺投資有限公司,臺中市豐原區北陽里向陽路320號10樓之1,2500000,1050907
10653,54747526,泓震國際有限公司,臺中市西屯區何成里大祥街10號3樓,1000000,1050930
10654,54747835,綠豐生化股份有限公司,臺中市西屯區福科路620巷19弄23號1樓,5000000,1050930
10655,54748285,奧樂美特有限公司,臺中市北屯區仁和里崇德九路568號,1000000,1050913
10656,54748742,新大豐實業有限公司,臺中市清水區楊厝里楊厝一街65巷8號,1000000,1050926
10657,54749025,睿碩國際有限公司,臺中市西屯區逢甲里西屯路二段256巷6號7樓之6,100000,1050904
10658,54749432,圓周室內裝修有限公司,臺中市北屯區北坑巷16號,750000,1050912
10659,54749691,長典創新管理顧問有限公司,臺中市大里區長榮里大里路38巷10號1樓,100000,1050921
10660,54749833,友程實業有限公司,臺中市北屯區山西北一街82號1樓,5000000,1050924
10661,54750063,聿磊國際智產權有限公司,臺中市南屯區大墩路367號20樓,1500000,1050906
10662,54750599,以思視覺品牌顧問有限公司,臺中市北區賴旺里青島西街17號,500000,1050905
10663,54750726,米爾可娛樂企劃有限公司,臺中市西區大忠里7鄰忠明南路270號17樓之1,100000,1050904
10664,54751056,苡瑞國際有限公司,臺中市西屯區市政路500號16樓之3,15000000,1050920
10665,54751339,愛得利國際股份有限公司,臺中市南區工學里文心南路888號7樓之9,10000000,1050921
10666,54751470,維果有限公司,臺中市豐原區西湳里豐原大道七段101號,1000000,1050904
10667,54751605,嘉南水果有限公司,臺中市西屯區何成里大洲街102號1樓,6650000,1050902
10668,54752127,康程空間設計有限公司,臺中市西屯區惠來里洛陽路125巷41號7樓之1,3000000,1050912
10669,54752457,東玖科技有限公司,臺中市南屯區惠中路三段69號9樓,2000000,1050922
10670,54752463,霧森實業有限公司,臺中市西區五權一街24號,200000,1050923
10671,54752506,大喆整合室內裝修有限公司,臺中市西屯區上安里至善路38巷58號,6000000,1050913
10672,54752581,超越地板有限公司,臺中市沙鹿區福興里鎮南路福嘉巷31號,3000000,1050907
10673,54752837,台榮建設股份有限公司,臺中市清水區秀水里中社路22之3號1樓,2000000,1050920
10674,54752858,譽順企業有限公司,臺中市太平區東村十二街31巷10弄10號1樓,2000000,1050912
10675,54752870,艾瑪生技有限公司,臺中市南屯區惠中里大墩11街334號1樓,1000000,1050920
10676,54753287,智朗五金股份有限公司,臺中市烏日區溪壩里太明路成豐巷331號,2000000,1050902
10677,54753343,悅沐養生會館有限公司,臺中市龍井區向上路六段312號,1600000,1050905
10678,54753364,佳恩塑膠有限公司,臺中市豐原區豐南街51巷17號1樓,2000000,1050913
10679,54753414,大琳貿易有限公司,臺中市烏日區五光路35巷18號1樓,1000000,1050905
10680,54753596,緯田企業有限公司,臺中市南屯區文山里忠勇路52之213號14樓,2000000,1050924
10681,54753625,圖萌思實業有限公司,臺中市北屯區安順東二街28-2號,1000000,1050920
10682,54753809,昱米潮流有限公司,臺中市豐原區中山里博愛街60巷49號1樓,5000000,1050902
10683,54753929,正誠有限公司,臺中市豐原區中正路176號3樓,20000000,1050921
10684,54754011,振業建設有限公司,臺中市北屯區松強里昌平東五路26之6號,4000000,1050912
10685,54754309,順易農業科技有限公司,臺中市大雅區上楓里民生路四段18號1樓,1000000,1050908
10686,54754547,浤立工程有限公司,臺中市西區昇平里民生路424號5樓之2,5000000,1050924
10687,54754716,長邑實業有限公司,臺中市外埔區大東里大馬路460號,1600000,1050922
10688,54755004,崴森實業有限公司,臺中市北屯區松竹里崇德六路3號,800000,1050912
10689,54755139,阡寶傢俱股份有限公司,臺中市南屯區文心路一段421號1、2樓,3000000,1050920
10690,54755980,名宏不動產股份有限公司,臺中市西屯區惠來路二段238號1樓,1000000,1050907
10691,54756263,美佳玻璃有限公司,臺中市清水區南社里民和路二段331號,2000000,1050919
10692,54756664,晴天工程有限公司,臺中市北區賴旺里文心路四段182號地下一層之一,1000000,1050922
10693,54756714,招財謝海產有限公司,臺中市西屯區協和里安和路38-13號,1000000,1050901
10694,54756735,優伊實業有限公司,臺中市西屯區福恩里工業區一路58巷11弄18號,2000000,1050926
10695,54756854,德醫健康事業有限公司,臺中市西屯區林厝里敬德街8號地下1樓之1,500000,1050912
10696,54757495,宏祥人力派遣有限公司,臺中市北屯區后庄里后庄北路159號1樓,5000000,1050926
10697,54757538,飛馬先進科技有限公司,臺中市南屯區大業里大墩十四街170號3樓,2500000,1050907
10698,54757586,才鄉清潔有限公司,臺中市太平區東和里東村八街13巷9號5樓,1000000,1050908
10699,54757592,春吉鋁業科技股份有限公司,臺中市神岡區新庄里和睦路一段786號1樓,20000000,1050906
10700,54757663,采興設計工程有限公司,臺中市西屯區西墩里黎明路三段102號1樓,500000,1050908
10701,54758142,聯基開發有限公司,臺中市北屯區正道街62號1樓,2000000,1050922
10702,54758207,台邦企業股份有限公司,臺中市南區德義里建成路1569號2樓,3000000,1050926
10703,54758380,丞坊文教事業有限公司,臺中市潭子區福仁里新興路一段167巷12號1樓,1000000,1050930
10704,54758473,康德仕國際股份有限公司,臺中市大里區永隆里大明路423-1號1樓,4900000,1050921
10706,54758889,平價屋企業有限公司,臺中市南區南陽街47號1樓,4000000,1050913
10707,54758895,普銳國際有限公司,臺中市豐原區西安里西安街91巷3號5樓,1000000,1050913
10708,54759971,中友保全股份有限公司,臺中市北區金龍里三民路三段313號7樓之1,40000000,1050922
10709,54759992,芮加生物科技股份有限公司,臺中市西屯區何成里大容東街90號7樓之1,6930000,1050907
10710,54760323,微思映像製作有限公司,臺中市豐原區大湳里三豐路294號,1200000,1050907
10711,54760479,宏晨有限公司,臺中市大里區東湖里長春路115巷35弄9號5樓,7000000,1050922
10712,54760549,新安數位有限公司,臺中市中區成功路10號10樓之9,500000,1050901
10713,54760816,和億生活股份有限公司,臺中市西屯區臺灣大道四段998號2樓,166000000,1050926
10714,54761385,藍圖工程有限公司,臺中市大甲區新美里興安路55巷11號1樓,500000,1050910
10715,54761717,松登有限公司,臺中市烏日區溪壩里溪南路一段605巷30號1樓,1000000,1050912
10716,54761771,宏誠機電工程有限公司,臺中市大雅區神林路一段268巷22號1樓,100000,1050905
10717,54762146,家旭有限公司,臺中市西區民龍里大仁街30號7樓之1,3000000,1050912
10718,54762693,里銨資產股份有限公司,臺中市北屯區軍功里東山路一段218巷8弄20號1樓,5000000,1050923
10719,54762743,和佳成有限公司,臺中市后里區廣福里三豐路3段736號1樓,2060000,1050930
10720,54762791,艾芮卡家居設計有限公司,臺中市南屯區新生里龍富路四段268號,5000000,1050922
10721,54763341,泓毅貿易有限公司,臺中市南屯區惠中里大進街295之5號14樓,100000,1050913
10722,54763594,欣利企業有限公司,臺中市南屯區黎明路一段37巷126號1樓,1000000,1050923
10723,54763829,宇鄉建設有限公司,臺中市北屯區水湳里瀋陽北路13巷59號7樓,12000000,1050912
10725,54764290,天合工業有限公司,臺中市西區双龍里英才路501號6樓,1000000,1050926
10726,54764572,超湛國際生技事業股份有限公司,臺中市西區双龍里英才路501號7樓,10000000,1050921
10727,54764741,羅賓斯國際事業股份有限公司,臺中市南屯區大興里文心南三路208號,27500000,1050919
10728,54765122,鐵牛實業有限公司,臺中市北屯區平和里崇德路二段199號3樓之2,1000000,1050922
10729,54765777,欣隆資訊有限公司,臺中市大里區光榮街56號3樓,1000000,1050905
10730,54765903,森富旺環保有限公司,臺中市潭子區大新路40巷17號1樓,1000000,1050901
10731,54765994,京庚國際有限公司,臺中市潭子區潭富路二段160巷1號,5000000,1050901
10732,54766086,宇宣國際美學概念有限公司,臺中市北區錦平里三民路三段133之1號,2000000,1050909
10733,54766425,弘煜貿易有限公司,臺中市太平區新高里中山路四段28巷17弄14號3樓第5室,1000000,1050902
10734,54766516,祥慶投資有限公司,臺中市清水區中山路402巷1號,1000000,1050906
10735,54766728,百科企業有限公司,臺中市大里區西榮里新仁路三段84巷10弄1號1樓,100000,1050909
10736,54766852,銘冠機械有限公司,臺中市豐原區東陽里東陽路294號1樓,1000000,1050913
10737,54766945,鴻承投資股份有限公司,臺中市西區中美街6號7樓之1,15000000,1050908
10738,54767183,全日精品服飾有限公司,臺中市北區三民路三段84號,600000,1050914
10739,54767331,晉昌不動產有限公司,臺中市西屯區寧夏路199號地下二樓,1000000,1050901
10740,54768198,永續事業股份有限公司,臺中市南屯區公益路二段783號,80000000,1050902
10741,54768319,喜埕有限公司,臺中市西區民權路229巷43號,1500000,1050902
10742,54768459,銳可實業有限公司,臺中市東區東橋里大智路341號13樓之2,1000000,1050914
10743,54768520,台灣費雪運動行銷有限公司,臺中市北屯區仁美里豐樂路10之33號1樓,2000000,1050922
10745,54768958,無限管理顧問有限公司,臺中市南屯區寶山五街117之3號,500000,1050905
10746,54769014,印象行玻璃設計有限公司,臺中市西屯區港尾里同志巷65-5號1樓,200000,1050908
10782,54782781,易肯威國際有限公司,臺中市大里區樹王里11鄰東興路307號1樓,500000,1050908
10857,54818063,鴻杰陞國際股份有限公司,臺中市南區南平路94號1樓,2000000,1050902
10967,54881564,全球看傳媒有限公司,臺中市西區臺灣大道二段16號8樓,5000000,1050921
10968,54881810,峰創飛有限公司,臺中市西區安龍里忠仁街169-1號,1200000,1050904
10969,54881826,滙斯特有限公司,臺中市北屯區仁和里四平路238巷13號5樓之2,500000,1050910
10970,54881874,關東國際整合行銷有限公司,臺中市東勢區新盛里東關路627號1樓之3,1000000,1050923
10971,54882178,信豪商業有限公司,臺中市烏日區三和里高鐵路一段5號3樓,1000000,1050921
10972,54882228,黑潮數位有限公司,臺中市南區城隍里濟世街102號1樓,500000,1050907
10973,54882249,旭日欣有限公司,臺中市北區中清路一段435號1樓,500000,1050908
10974,54882682,勝安營造股份有限公司,臺中市豐原區中正路342號1樓,3000000,1050929
10975,54882803,紘綻管理顧問有限公司,臺中市西屯區潮洋里朝富路213號15樓之3,3500000,1050907
10976,54882938,佑泓貿易有限公司,臺中市西屯區協和里順和八街27號1樓,2000000,1050906
10977,54883253,立晨國際科技有限公司,臺中市大雅區四德里學府路76巷1號1樓,10000000,1050909
10978,54883296,鑫毅興業有限公司,臺中市豐原區西湳里葫蘆墩一街208號,500000,1050930
10979,54883459,天華不動產有限公司,臺中市東勢區北興里豐勢路513號1樓,500000,1050919
10980,54883818,新僑工業股份有限公司,臺中市南屯區寶山里工業區二十二路6號,120000000,1050906
10981,54883958,商合滙科技股份有限公司,臺中市西屯區大河里長安路一段83號4樓,4000000,1050920
10982,54884318,群恒工業有限公司,臺中市神岡區三角里中興路123巷30號,10000000,1050929
10983,54884366,鴻勁精密股份有限公司,臺中市大雅區四德里中清路三段758巷17號,41417350,1050921
10984,54884577,鈞翔租賃有限公司,臺中市沙鹿區中航路一段169號1樓,5000000,1050926
10985,54884730,大蘋果美食有限公司,臺中市大甲區新美里順天路117號,2000000,1050907
10986,54884936,逢甲文創開發有限公司,臺中市西屯區逢福里慶和街56之1號1樓,300000,1050901
10987,54884963,龍泰行銷事業有限公司,臺中市北區中清路一段150巷10弄10號2樓,200000,1050913
10988,54885246,美晟輝國際有限公司,臺中市東區十甲里自由路四段202號1樓,200000,1050903
10989,54886337,華峯國際有限公司,臺中市南區南門里忠明南路1288巷16弄11號1樓,1000000,1050921
10990,54886408,國際蒙特梭利教育管理顧問有限公司,臺中市太平區永成里太平五街99號1樓,1000000,1050904
10991,54886786,金漪有限公司,臺中市大甲區龍泉里中山路二段907號1樓,500000,1050913
10992,54886863,葉綠源生物科技有限公司,臺中市北屯區平和里梅川東路四段95號6樓之1,2000000,1050914
10993,54887096,新元自動化股份有限公司,臺中市南區南和路32號4樓之32,6000000,1050906
10994,54887146,台灣中食安科技股份有限公司,臺中市西區貴和街30號,29750000,1050920
10995,54887151,台灣媒體行銷股份有限公司,臺中市西區公益路161號14樓之10,3000970,1050908
10996,54888530,金合實業有限公司,臺中市龍井區龍津里三港路427巷7號,2000000,1050908
10997,54889469,來趣旅行社有限公司,臺中市大里區東昇里益民路一段78巷30號1樓,3000000,1050921
10998,54889799,騰宇電腦資訊國際有限公司,臺中市西屯區潮洋里市政北二路238號15樓之1,6000000,1050922
10999,54889910,禾雅精品服飾有限公司,臺中市北區錦祥里進化路575號地下1層之1,500000,1050905
11000,54889952,森宏貿易有限公司,臺中市北屯區軍福十六路273號14樓之7,1500000,1050921
11001,54890402,竑昇股份有限公司,臺中市烏日區溪埧里溪福路101巷161弄16號1樓,2000000,1050910
11002,54890677,默問股份有限公司,臺中市北屯區松義街158之15號1樓,1200000,1050901
11003,54890901,前鋒設計有限公司,臺中市豐原區北陽里11鄰中陽路323巷8弄9號1樓,2000000,1050913
11004,54890938,德昌手工藝品有限公司,臺中市中區大墩里三民路二段74巷1號6樓之1,500000,1050905
11005,54891134,天心居服企業有限公司,臺中市大里區立仁里新仁路一段217巷70號,1000000,1050908
11006,54891155,豪水飲水設備有限公司,臺中市東勢區泰昌里中泰街50巷2號1樓,100000,1050921
11007,54891438,節能王儲熱儲冷容器設備有限公司,臺中市南屯區寶山里五權西路三段1之3號1樓,3000000,1050909
11008,54891768,竟揚有限公司,臺中市大里區立仁里新仁路一段217巷63號5樓,10000000,1050901
11009,54891893,大同生活家行銷企劃有限公司,臺中市西區大隆路20號12樓之4,1000000,1050913
11010,54891985,利傑工業有限公司,臺中市霧峰區北柳里四德路191巷9之1號1樓,500000,1050914
11011,54892437,亞新承實業有限公司,臺中市霧峰區吉峰里民生路412巷130號1樓,500000,1050905
11012,54892669,玄三通路整合股份有限公司,臺中市西屯區潮洋里黎明路二段787號,5800000,1050912
11013,54892767,大裕紙袋股份有限公司,臺中市大雅區橫山里永和路六甲巷14之10號,10000000,1050921
11015,54893301,圓圓猿餐飲有限公司,臺中市大里區國光里大里路118、120號,5000000,1050905
11016,54893626,怡慶管理顧問有限公司,臺中市北屯區仁和里崇德路三段317巷124弄26號1樓,500000,1050908
11017,54893739,珈葳國際生技有限公司,臺中市太平區永成里永成北路157號一樓,300000,1050909
11018,54894006,巨盛室內裝修工程股份有限公司,臺中市南屯區文心南五路一段260巷11號,10000000,1050914
11019,54894765,英飛有限公司,臺中市北區淡溝里臺灣大道二段360號27樓之3,500000,1050921
11020,54895716,泰諾科技有限公司,臺中市西屯區安和路168號4樓之1,500000,1050926
11022,54896530,巨禾室內裝修設計有限公司,臺中市南區永和里南和路142巷9號1樓,5000000,1050923
11023,54896905,百晟實業有限公司,臺中市神岡區新庄里新興路212號,5000000,1050919
11024,54897361,銳揚國際貿易有限公司,臺中市太平區新吉里新平路三段69巷36弄12號1樓,15000000,1050913
11025,54898875,燦輝生技有限公司,臺中市北區中清路一段680號1樓,500000,1050906
11026,54900149,東昇高空車股份有限公司,臺中市烏日區北里里太明路成豐巷101弄52號1樓,5000000,1050914
11027,54900289,翔昇國際興業有限公司,臺中市霧峰區柳豐路266號1樓,200000,1050901
11028,54901180,進舜有限公司,臺中市太平區永成里長億二街45巷8弄9號1樓,1000000,1050926
11029,54901457,巨威雷射科技有限公司,臺中市豐原區南陽里永康路91號,2000000,1050922
11030,54901695,源裕興工業有限公司,臺中市大甲區日南里中山路二段745巷23號1樓,500000,1050919
11031,54901908,大通機械有限公司,臺中市太平區新高里立功路423號1樓,5000000,1050910
11032,54902358,小農實業股份有限公司,臺中市北區太原路二段106號1樓,7500000,1050913
11033,54902977,源川國際股份有限公司,臺中市西屯區臺灣大道二段633號7樓之1,1000000,1050929
11034,54903005,進翰國際有限公司,臺中市太平區新光里新福路797號1樓,5000000,1050922
11035,54903151,風擎股份有限公司,臺中市潭子區潭陽里圓通南路194巷3號1樓,1500000,1050914
11036,54903238,源嘉興工業有限公司,臺中市大甲區日南里中山路二段745巷21號1樓,8000000,1050901
11037,54903390,沐風有限公司,臺中市西屯區工業區一路98之28號1樓,220000,1050910
11038,54904567,豐禾地產開發有限公司,臺中市南屯區向心里南屯路二段333號1樓,5000000,1050921
11040,54904932,長新生醫國際股份有限公司,臺中市西區忠誠里臺灣大道二段573號5樓,150000000,1050920
11041,54906684,冠禎食品股份有限公司,臺中市太平區太平里永平路3段132巷106號,15000000,1050912
11042,54906811,亞哥有限公司,臺中市大雅區秀山里上山五路18巷68號,200000,1050922
11043,54907488,歐卡爾健康社企股份有限公司,臺中市霧峰區柳豐路85巷28號1樓,2000000,1050910
11044,54907564,律岳有限公司,臺中市太平區光德路247巷29弄8號1樓,1000000,1050926
11045,54907902,愛的影響力國際有限公司,臺中市西區大業北路21之1號3樓,70000,1050922
11046,54907993,台灣眼鏡股份有限公司,臺中市南屯區惠中里大墩12街296號3樓,4000000,1050901
11047,54908901,恆達機電工程有限公司,臺中市西區昇平里福人街76號2樓,20000000,1050923
11048,54908938,晨詠科技股份有限公司,臺中市太平區中興里永平路二段476巷100弄15號,500000,1050906
11049,54910126,賀澤工程有限公司,臺中市西屯區逢甲路20巷37號4樓之3,1000000,1050901
11050,54910420,皇冠物業管理顧問有限公司,臺中市西區日興街100之9號5樓,2500000,1050919
11051,54910723,伊登禾雅國際有限公司,臺中市北屯區平陽里綏遠路二段222號9樓,5000000,1050909
11052,54910815,柏玥貿易股份有限公司,臺中市清水區中山路539之37號,20000000,1050901
11053,54910929,福氣實業有限公司,臺中市西屯區四川路129號,10000000,1050906
11068,55028811,元裕企業有限公司,臺中市豐原區陽明里府前街85之2號,2000000,1050925
11069,55204669,上釗順企業股份有限公司,臺中市大雅區大雅路132巷3-3號1樓,2000000,1050920
11070,55286654,源民安企業股份有限公司,臺中市豐原區翁子里豐勢路2段477巷6號,28000000,1050909
11071,55287513,新北海企業股份有限公司,臺中市大雅區西寶里昌平路四段252號,28500000,1050929
11072,55396701,益昌豐原股份有限公司,臺中市豐原區南村里水源路610號,1200000,1050922
11073,55621708,協興電機工業股份有限公司,臺中市后里區后里里三豐路四段318號,60000000,1050923
11074,55631868,張鐵工廠股份有限公司,臺中市后里區廣福里三豐路三段686巷68號,19800000,1050905
11075,55636651,中台強力磁石股份有限公司,臺中市潭子區潭秀里南環路13號,17550000,1050907
11076,55640466,履昌皮革業股份有限公司,臺中市神岡區北庄里中山路893巷10號1樓,19100000,1050902
11077,55650111,三程實業股份有限公司,臺中市豐原區豐田里豐原大道三段286巷6號,5000000,1050926
11078,55664332,旭本國際精密機械股份有限公司,臺中市豐原區南田里富陽路351號,15000000,1050921
11079,55666113,富國螺絲有限公司,臺中市神岡區豐洲里文賢街二三巷六八號,1000000,1050921
11080,55674802,青水彩色印刷股份有限公司,臺中市清水區下湳里中山路539之10號,22000000,1050921
11081,55678808,力大機械廠股份有限公司,臺中市清水區下湳里中山路539之2號,5000000,1050901
11082,55712046,明昌國際工業股份有限公司,臺中市外埔區大東里大馬路354號,268800000,1050901
11083,55712670,中榮興業股份有限公司,臺中市梧棲區中正里東建路95號,3000000,1050920
11084,55718533,欽成營造股份有限公司,臺中市大甲區光明路58號1樓,255000000,1050913
11085,55719097,谷興實業股份有限公司,臺中市沙鹿區福興里東晉路133號,14200000,1050925
11086,55736912,幸記工業股份有限公司,臺中市烏日區學田里學田路342號,185000000,1050901
11087,55748425,潤鴻企業股份有限公司,臺中市大肚區永和里文昌路1段151巷2號1樓,8000000,1050905
11088,55756563,財福企業有限公司,臺中市烏日區溪南路二段270巷65弄60號,5000000,1050912
11089,55777363,民義企業有限公司,臺中市豐原區水源路中坑巷81號1樓,5480000,1050912
11091,55793568,華立水電材料股份有限公司,臺中市東勢區粵寧里東蘭街54之4附1號,35163980,1050901
11092,55794617,億臨企業股份有限公司,臺中市東勢區新盛里東關路六段657號,6000000,1050926
11093,55797522,鉦記工業股份有限公司,臺中市石岡區萬興里豐勢路689號,95890000,1050907
11100,55872599,大里工業股份有限公司,臺中市烏日區前竹里6鄰中山路一段和平巷130號,6000000,1050919
11109,55879832,宇明泰化工股份有限公司,臺中市太平區興隆里興隆路一段39巷31號,80000000,1050908
11110,55880036,企美氣體股份有限公司,臺中市烏日區五光里五光路189巷72號,11000000,1050919
11112,55886398,振豐機器廠股份有限公司,臺中市大里區仁化里工業十四路32號,11000000,1050913
11115,55892878,甘農股份有限公司,臺中市霧峰區五福里五福路557號,72000000,1050906
11118,55901476,中北塗料企業股份有限公司,臺中市豐原區角潭路二段25之1號,42000000,1050919
11120,55911930,松品機械廠有限公司,臺中市潭子區新田里豐興路二段龍興巷22之5號,5000000,1050910
11121,55918716,旭利紙器股份有限公司,臺中市神岡區中山路1562號,12500000,1050906
11122,55919594,劦晟特殊鑄造股份有限公司,臺中市后里區眉山里甲后路三段98號,6000000,1050929
11123,55923936,治威股份有限公司,臺中市潭子區新田里豐興路二段338巷12-1號,74600000,1050910
11124,55947347,遠山機械工業股份有限公司,臺中市大雅區橫山里中山五路27號,108513000,1050901
11125,55957127,滙常工業股份有限公司,臺中市豐原區南村里豐東路351號,25800000,1050919
11126,55958527,盈棟鐵工廠有限公司,臺中市豐原區翁子里豐勢路一段585巷1號,10000000,1050912
11127,55960235,楊成木業廠股份有限公司,臺中市神岡區豐洲里前寮路54號,3000000,1050906
11128,55964372,特傑營造股份有限公司,臺中市北區健行里健行路766巷18號1樓,100000000,1050920
11129,55966717,敬傑實業股份有限公司,臺中市豐原區大湳里大勇街56號,5000000,1050901
11130,55968270,泓興製網有限公司,臺中市豐原區豐勢路一段379巷16號,5000000,1050912
11131,55970016,東豐木業股份有限公司,臺中市豐原區北陽里南陽路2號,5000000,1050909
11132,55975119,立勤鋼鐵股份有限公司,臺中市神岡區北庄里中山路1029號,163383100,1050907
11133,55978642,三發製網股份有限公司,臺中市大雅區上雅里民生路一段264號,159900000,1050919
11134,55993340,正信煤氣股份有限公司,臺中市大雅區月祥路700號,2000000,1050912
11135,55996846,昉興實業有限公司,臺中市潭子區嘉仁里光陽路219號,3000000,1050908
11136,55998372,釤勝機械工業股份有限公司,臺中市豐原區南嵩里北陽路339巷25號,10000000,1050929
11137,56014300,大昌紙業股份有限公司,臺中市龍井區竹坑里沙田路4段238號,198360000,1050906
11138,56133306,協芳實業股份有限公司,臺中市清水區下湳里菁埔路192號,27000000,1050923
11139,56210400,泰和製粉廠股份有限公司,臺中市大肚區頂街里紙廠路60號,175000000,1050908
11140,56227107,清水塑膠廠股份有限公司,臺中市清水區鰲峰里2鄰光明路46號,6000000,1050912
11141,56272622,新代塑膠工業股份有限公司,臺中市清水區南寧里中清路八段633號,6000000,1050930
11142,56337414,台西紡織股份有限公司,臺中市龍井區忠和里中央路三段383號,2100000,1050902
11143,56611566,郭天送呢帽有限公司,臺中市大甲區經國路2375巷62號,5000000,1050925
11144,56612621,裕麟工業股份有限公司,臺中市大安區中庄里興安路277巷8號,10000000,1050902
11145,56618316,佳益營造有限公司,臺中市沙鹿區中山路永安巷111號,50000000,1050901
11147,56650862,鋐光實業股份有限公司,臺中市外埔區鐵山里長生路816號,266600000,1050922
11148,56655732,春霖工業股份有限公司,臺中市龍井區忠和里海尾路256巷25號,10000000,1050922
11149,56668217,健禾實業有限公司,臺中市龍井區龍津里三港路322號,1000000,1050919
11150,56668618,寶記不銹鋼工業有限公司,臺中市外埔區大東里甲后路五段308號,1000000,1050913
11151,56670213,梅豐企業有限公司,臺中市大甲區頂店里中山路一段1148號,15000000,1050920
11152,56683272,駿澧企業有限公司,臺中市大甲區庄美里大安港路217號,3600000,1050913
11153,56687495,育通塑膠有限公司,臺中市梧棲區草湳里臨港路三段168巷149弄35號,2500000,1050909
11154,56700981,永義生有限公司,臺中市大甲區西岐里順帆路30號,6000000,1050908
11155,56709420,久勝汽車企業有限公司,臺中市大甲區頂店里東西八路一段22號,1000000,1050906
11156,56710849,中晟交通股份有限公司,臺中市大甲區南陽里中山路一段590號1樓,10000000,1050910
11157,56711220,世裕營造股份有限公司,臺中市北屯區軍福十一路521號1樓,29500000,1050914
11158,56711869,永坤塑膠廠有限公司,臺中市龍井區龍崗里祥瑞街77號,14000000,1050920
11159,56714774,源慶網版印刷有限公司,臺中市外埔區水美里后寮路38號,2000000,1050919
11160,56718011,伍信實業有限公司,臺中市大甲區義和里文曲路598巷5號,1000000,1050909
11161,56804120,永順企業廠股份有限公司,臺中市神岡區社南里中山路667巷26弄38號,15000000,1050922
11162,56807251,誌揚木業有限公司,臺中市后里區厚里里九甲七路216巷75號,7000000,1050923
11163,56810853,喬茂精模工業股份有限公司,臺中市潭子區新田里豐興路二段418號,36000000,1050921
11164,56812563,芊卉種苗股份有限公司,臺中市后里區舊社里三重中路128號,10000000,1050922
11165,57001417,三裕塑膠股份有限公司,臺中市大里區西榮里新仁路三段17號,6000000,1050902
11166,57032707,功力化學工業股份有限公司,臺中市太平區新平路一段196號,117000000,1050906
11167,57074895,宗達工業股份有限公司,臺中市大里區仁德里1鄰仁化路251號,93000000,1050922
11168,57239828,振隆塑膠紡織股份有限公司,臺中市烏日區中山路三段314號,20000000,1050912
11169,57655112,新豐冷凍股份有限公司,臺中市石岡區萬興里豐勢路699號,27000000,1050921
11175,59039918,明大化學製藥股份有限公司,臺中市外埔區水美里水美路52號,25000000,1050929
11178,59063487,豪山國際股份有限公司,臺中市潭子區栗林里豐栗路100巷88弄1號,250000000,1050913
11182,59125110,弘祥木業有限公司,臺中市北區五順街42巷12號,1800000,1050914
11190,59285777,全聖營造工程股份有限公司,臺中市太平區宜昌里中山路三段25巷26弄26號1樓,40000000,1050921
11199,59741515,柏帝生醫科技有限公司,臺中市西區民龍里臺灣大道二段285號20樓,500000,1050902
11201,59762308,吉都商務股份有限公司,臺中市霧峰區本堂里樹仁路81號1樓,2000000,1050908
11202,59764707,友亮旅行社有限公司,臺中市烏日區公園路352巷12號5樓,6000000,1050901
11203,59765826,錠威鞋業有限公司,臺中市大安區龜売里中山南路780號,1000000,1050902
11204,59777421,震廣國際有限公司,臺中市霧峰區本堂里林森路710號,500000,1050909
11205,59793718,永盛興國際有限公司,臺中市北區三民路三段142之1號1樓、2樓,600000,1050926
11206,59830404,尚穩物流有限公司,臺中市西區民權路185號8樓之1,100000,1050929
11207,59837510,合果有限公司,臺中市南屯區楓樹里楓樂巷1-25之1號,5000000,1050902
11208,59840424,鑫釉珠寶設計有限公司,臺中市西屯區臺灣大道三段660號19樓之1,1000000,1050902
11209,59848404,麒詮投資股份有限公司,臺中市北區健行里9鄰華富街3號,29020000,1050923
11210,59854405,逸展國際有限公司,臺中市北屯區和平里祥順路二段338巷43號1樓,100000,1050912
11211,59862524,林德生醫科技有限公司,臺中市南區和平里忠明南路758號20樓,2000000,1050913
11213,60204909,詩薇蒂有限公司,臺中市豐原區鎌村里鎌村一街2巷3號1樓,1000000,1050907
11216,60222245,郃錠照明設計有限公司,臺中市太平區德隆里德興街81號,200000,1050926
11223,61771535,鐵山營造工程有限公司,臺中市北區錦華街44號1樓,130000000,1050925
11272,66499824,正嘉造紙股份有限公司,臺中市后里區眉山里公安路227號,26000000,1050920
11399,70479504,玉銓股份有限公司,臺中市西屯區惠來里市政路386號6樓之7,15000000,1050919
11405,70486126,住茂建設股份有限公司,臺中市梧棲區頂寮里八德路98巷16號1樓,25000000,1050907
11407,70488010,芊卉國際園藝股份有限公司,臺中市南屯區溝墘里大墩十三街21號1樓,120000000,1050919
11410,70489088,証達利企業有限公司,臺中市大雅區員林里大林路241巷33-3號,500000,1050906
11420,70506241,鏵碩工程有限公司,臺中市南屯區溝墘里大川街50之5號1樓,10000000,1050913
11426,70508825,宜欣國際實業有限公司,臺中市北屯區北屯里昌平路一段21巷4弄8號1樓,2000000,1050920
11427,70510343,宏耀投資開發股份有限公司,臺中市中區繼光里繼光路166號,13000000,1050930
11431,70515234,傑誠實業有限公司,臺中市大里區東湖里草湖路１３４號１樓,5100000,1050920
11433,70515699,鍵源金屬股份有限公司,臺中市神岡區社南里中山路885號,6000000,1050923
11434,70518513,住茂營造有限公司,臺中市梧棲區頂寮里八德路98巷16號1樓,6000000,1050926
11435,70518669,采衣服飾有限公司,臺中市西屯區福雅路50巷10號1樓,5000000,1050905
11436,70524297,得寶生技有限公司,臺中市西屯區上明一街2之6號1樓,15000000,1050921
11437,70525486,喬僖股份有限公司,臺中市西屯區惠來里巿政北一路77號15樓之2,11000000,1050909
11439,70530740,仕鋮工程有限公司,臺中市南屯區楓樹里楓平路531號1樓,1000000,1050919
11441,70535111,大閱室內裝修設計工程有限公司,臺中市南屯區文心里大英街153-1號1樓,500000,1050907
11484,70586201,固鍀五金工業有限公司,臺中市沙鹿區鹿寮里錦華街43號1樓,3000000,1050912
11485,70589299,淼意工程實業有限公司,臺中市南區興大路82號1樓,500000,1050909
11486,70589517,久鼎建設股份有限公司,臺中市大里區德芳路二段135號,15000000,1050905
11487,70590599,賓士光學有限公司,臺中市北屯區北京里北屯路185號三樓,3000000,1050901
11489,70593110,東堂山營造工程有限公司,臺中市大雅區上楓里楓林街195巷3號1樓,3000000,1050902
11492,70594434,棋展電子股份有限公司,臺中市大雅區科雅路6號,6000000,1050905
11493,70596019,瑞富國際投資股份有限公司,臺中市南屯區大墩一街57巷19號1樓,92000000,1050913
11494,70596051,彰一齒輪有限公司,臺中市大里區仁化里仁美路45巷56弄2號1樓,1000000,1050926
11495,70597642,碧豐國際投資股份有限公司,臺中市西屯區西平里至善路234巷10號1樓,59000000,1050906
11498,70602820,金展佑機電有限公司,臺中市西區土庫里五權西六街一三六巷十號三樓之四,2000000,1050914
11503,70610265,泉成衛材有限公司,臺中市南區國光里台中路356號1樓,25000000,1050908
11504,70612088,寶瑞國際有限公司,臺中市北區大雅路62之1號2樓,5000000,1050925
11506,70614749,鼎誠資訊股份有限公司,臺中市西區民權路239號17樓,14040000,1050929
11507,70614889,丘富企業有限公司,臺中市北屯區仁美里豐樂路1-5號1樓,500000,1050922
11508,70617149,詠源環保工程有限公司,臺中市北區中清路一段３２５號五樓之７,5000000,1050909
11509,70617437,潭子山葉樂器有限公司,臺中市潭子區潭陽里圓通南路181號1樓,600000,1050930
11510,70617507,四維機械廠有限公司,臺中市西屯區何仁里文心路三段１０５號１樓,3000000,1050908
11512,70617648,鐠適保實業股份有限公司,臺中市西屯區何仁里文心路三段236、238號2樓,100000000,1050929
11513,70618098,總來國際股份有限公司,臺中市大甲區孟春里通天路200巷24號,5000000,1050922
11514,70619955,竹必佳股份有限公司,臺中市西屯區惠來里巿政北一路七七號十五樓之二,28000000,1050929
11522,70625273,唐巨企業有限公司,臺中市西屯區大恩街50號1樓,10000000,1050924
11526,70633464,文雅傢俱有限公司,臺中市北屯區大連北街46巷26號1樓　,20000000,1050926
11527,70635765,雋侑室內裝修設計有限公司,臺中市南屯區豐樂里永春東一路825號5樓,1000000,1050913
11529,70641696,盛吉交通有限公司,臺中市龍井區新東里遊園南路319巷72號,25000000,1050921
11531,70644758,信豪工程有限公司,臺中市神岡區三角里三社路143巷1號1樓,3000000,1050901
11535,70651531,寶惟傑實業有限公司,臺中市外埔區甲后路三段792巷47弄9號,5000000,1050922
11537,70652399,旭恆營造有限公司,臺中市潭子區東寶里雅豐街86號1樓,3000000,1050926
11539,70653072,克美快速印刷有限公司,臺中市南區樹義一街１０號,3000000,1050903
11546,70663760,舜鵬投資有限公司,臺中市南屯區文山里精科一路3號3樓,5000000,1050924
11547,70663781,鴻友投資有限公司,臺中市南屯區文山里精科一路3號3樓,5000000,1050902
11549,70665654,春鼎工程顧問有限公司,臺中市北區中達街8號一樓,5000000,1050925
11550,70666817,台灣柏釧企業股份有限公司,臺中市霧峰區南柳里霧工六路10號1、2、3樓,350000000,1050909
11561,70677151,泛德利實業有限公司,臺中市西屯區福恩里工業區一路58巷33弄33號10樓之6,10600000,1050912
11562,70677259,富三企業有限公司,臺中市中區東墩里公園路8號1樓,3000000,1050922
11564,70679411,新祐企業股份有限公司,臺中市大雅區三和里建興路45巷5號1樓,5000000,1050928
11567,70681303,新都興資訊股份有限公司,臺中市南屯區溝墘里文心路一段540號11樓,10000000,1050912
11569,70683272,凱信投資股份有限公司,臺中市西區民龍里台中港路一段一五二號四樓之三,2000000,1050926
11574,70686073,承技營造有限公司,臺中市霧峰區本堂里大同路129號1樓,4000000,1050913
11578,70687910,向勁機械有限公司,臺中市北屯區松竹里崇德五路47號1樓,3000000,1050921
11580,70689109,葦蒔工程設計有限公司,臺中市大雅區橫山里中山二路29號1樓,5000000,1050920
11581,70689282,祥僖股份有限公司,臺中市西屯區巿政北一路七七號一五樓之二,10400000,1050909
11583,70690561,保承企業有限公司,臺中市西屯區工業區一路72巷68號3樓之1,1000000,1050926
11586,70693835,貴旺有限公司,臺中市北區西屯路一段404號1樓,5000000,1050908
11588,70695741,晶舜科技股份有限公司,臺中市龍井區台西南路二五六巷三二弄三號,5000000,1050902
11589,70696431,沂昌禮品有限公司,臺中市后里區后里里甲后路一段511號,500000,1050926
11590,70696565,百花股份有限公司,臺中市清水區清水里光明路15號3樓,6000000,1050920
11591,70696729,儀諧有限公司,臺中市太平區中興里永義二街26號1樓,500000,1050905
11592,70697543,喆凱五金有限公司,臺中市東區樂業路188巷33號 ,1000000,1050929
11593,70699893,雅堤國際開發有限公司,臺中市北區邱厝里中清路一段228號1樓,3000000,1050922
11596,70704523,連鼎工程顧問有限公司,臺中市南區工學里工學路155巷15弄16號,10000000,1050913
11597,70705966,台鈞開發股份有限公司,臺中市南屯區文心南七路208號1樓,7000000,1050906
11603,70722796,禾康商務旅館企業有限公司,臺中市北屯區大德里四平路35號5、6樓,11000000,1050906
11605,70726884,捷歆企業有限公司,臺中市東區東英里東英十二街18號1樓,1000000,1050922
11608,70730825,天福海運承攬運送有限公司,臺中市西屯區臺灣大道四段839號13樓,87300000,1050921
11617,70739889,鼎鎰營造有限公司,臺中市南屯區同心里大墩一街284巷9號1樓,3000000,1050901
11618,70739966,金秀貿易股份有限公司,臺中市大里區國光里永興路71號1樓,15000000,1050922
11621,70741800,銳全金屬有限公司,臺中市霧峰區本鄉里草湖路215巷17號1樓,5200000,1050923
11622,70742189,晟晉鋼鐵有限公司,臺中市大里區塗城里三民一街24巷9號,3000000,1050901
11625,70743671,暘軒股份有限公司,臺中市南區德義里忠孝路６６巷１號４樓,1000000,1050910
11626,70751341,廣大投資股份有限公司,臺中市南屯區工業區25路20號1樓,150000000,1050914
11666,70832576,金有利生化股份有限公司,臺中市太平區長億里太平三街145號1樓,120000000,1050930
11721,76303721,太鼎營造股份有限公司,臺中市豐原區鐮村一街29巷1號1樓,42000000,1050913
11726,79950454,忠利敬業股份有限公司,臺中市外埔區大東里23鄰甲后路五段137號1樓,10000000,1050913
11730,79955373,重慶國際有限公司,臺中市豐原區西勢路377號1樓,2000000,1050912
11734,79959125,慈福投資股份有限公司,臺中市沙鹿區鎮南路二段535號2樓,1600000,1050906
11737,79962135,成笙貿易有限公司,臺中市太平區新興里新福路1150號,20000000,1050912
11749,79976932,真工設計工程股份有限公司,臺中市南屯區干城街243巷3弄16號1樓,5000000,1050907
11751,79979121,皇佳營造有限公司,臺中市龍井區龍津街38號2樓,4000000,1050902
11758,79988070,耕暉企業有限公司,臺中市西屯區中工二路52號1樓,1000000,1050910
11759,79989198,圓華油品企業有限公司,臺中市烏日區五光里五光路432號1樓,5000000,1050901
11760,79991125,並日實業有限公司,臺中市西屯區協和南巷3之3號3樓,36000000,1050926
11764,79994713,明冠內衣企業有限公司,臺中市北屯區仁和里山西北一街87巷8號4樓,5000000,1050925
11766,79997747,大榮生物科技股份有限公司,臺中市太平區建國里鵬儀路296巷16弄10號,14330000,1050921
11769,79998921,三金龍股份有限公司,臺中市豐原區東湳里三豐路566巷65弄29號1樓,15000000,1050912
11770,80000002,省錢家具有限公司,臺中市烏日區新興路四六一號,1500000,1050901
11773,80003319,信皇日用品有限公司,臺中市后里區義里里甲后路329巷1弄21號,1000000,1050906
11775,80004274,聯鋮企業有限公司,臺中市龍井區東海里東海街145巷9號1樓,500000,1050924
11777,80006250,康靈國際有限公司,臺中市東區旱溪里旱溪五街58號1樓,3000000,1050914
11781,80012979,全益消防設備有限公司,臺中市西屯區何成里大容東街二０六號三樓,3000000,1050923
11786,80024546,英屬蓋曼群島商味丹國際有限公司,臺中市沙鹿區錦華街18號,10000000,1050907
11793,80037155,王全興業有限公司,臺中市南屯區豐樂里文心南三路1111巷20號1樓,10000000,1050905
11799,80039891,誠立國際有限公司,臺中市西區民權路185號13樓之3,1000000,1050905
11801,80040855,易興工程有限公司,臺中市大甲區新美里光明路119巷66之1號,2000000,1050910
11804,80043781,飛樂興業有限公司,臺中市豐原區豐田里豐南街46號,2000000,1050913
11805,80044070,翊安實業有限公司,臺中市霧峰區樹仁路199號1樓,10000000,1050920
11806,80046437,三源興股份有限公司,臺中市大里區仁化工二路135號,62500000,1050923
11808,80047610,星世紀有限公司,臺中市潭子區福潭路382號1樓,2010000,1050920
11811,80049568,儀佳傳動科技有限公司,臺中市烏日區三和里三榮路二段19巷26號1樓,50000000,1050901
11812,80052346,家禾電器有限公司,臺中市北屯區平心里瀋陽路三段73號1樓,1000000,1050912
11814,80053555,新蕥檢測儀器有限公司,臺中市龍井區田中里9鄰龍北路391巷116號1樓,2000000,1050912
11816,80055370,聚和投資有限公司,臺中市西區土庫里福人街121巷1號1樓,5500000,1050919
11817,80056878,佳欣租賃有限公司,臺中市北區漢口路三段200號1樓,1000000,1050923
11820,80058658,龍山禮儀有限公司,臺中市南區城隍里忠孝路161-3號,1000000,1050922
11824,80061984,冠超營造有限公司,臺中市龍井區田中里臨港東路1段126號,3000000,1050909
11827,80063580,民利機電工業有限公司,臺中市豐原區豐圳里建成路107號1樓,6000000,1050919
11828,80064103,鼎冠室內裝修有限公司,臺中市西屯區何德里寧夏西一街12號1樓,10000000,1050905
11830,80069655,文川國際有限公司,臺中市西屯區福中里福中一五街一三巷一○號一樓　,5000000,1050909
11836,80072933,柏科有限公司,臺中市豐原區三村里西勢路289巷7號,500000,1050906
11840,80078063,祥瑞瓦斯有限公司,臺中市霧峰區坑口里復興路二段83號1樓,500000,1050921
11842,80079041,艾瑪特有限公司,臺中市烏日區五光路548號,2000000,1050926
11845,80081172,菲比樂斯貿易有限公司,臺中市大甲區鎮政路6號1樓,500000,1050909
11852,80086660,馬旺股份有限公司,臺中市沙鹿區犁分里中山路24號之72,5800000,1050926
11856,80087339,美瑞嘉貿易有限公司,臺中市南屯區黎明東街205號1樓,1000000,1050921
11857,80090405,儕達建設有限公司,臺中市西區五權路1之67號18樓之2,25000000,1050901
11860,80092987,震懋工程技術顧問有限公司,臺中市沙鹿區成功東街１４０巷１０號１樓,1000000,1050905
11866,80097580,滬庭企業有限公司,臺中市東勢區粵寧里粵寧街17之6號一樓,500000,1050913
11867,80098048,雅築企業有限公司,臺中市西屯區上安里上明一街40、42號1樓,1000000,1050905
11870,80100142,琥盛工程顧問有限公司,臺中市南屯區大墩五街88號,1200000,1050906
11872,80101212,和鑫菸酒有限公司,臺中市大甲區平安里信義路一五八號,1000000,1050921
11876,80104506,宥鑫企劃有限公司,臺中市西區忠誠里大隆路20號10樓之9,10000000,1050913
11877,80104816,川虹聯合企業有限公司,臺中市北區興進路76巷4號,1000000,1050913
11878,80106194,井利工程有限公司,臺中市西屯區何德里甘州六街57號,1000000,1050914
11879,80107356,誼卡科技顧問股份有限公司,臺中市北屯區水湳里文心路四段83號13樓,28200000,1050922
11880,80107497,精昱營造有限公司,臺中市北區長青里陝西東四街16號2樓,3000000,1050905
11886,80111675,達麗有限公司,臺中市太平區太平里永豐路142號,10000000,1050921
11890,80112837,龍騰數位有限公司,臺中市大里區大智路565巷13之9號,5000000,1050923
11893,80115546,全聯富企業有限公司,臺中市大雅區大楓里德勝路17巷2之1號1樓,15000000,1050920
11894,80117158,樺穎有限公司,臺中市清水區文昌里中山路三二九號壹、貳樓,500000,1050907
11895,80117869,華綺資訊顧問股份有限公司,臺中市北區頂厝里進化北路238號9樓之5,8000000,1050919
11896,80118023,薰衣草森林股份有限公司,臺中市西屯區潮洋里朝富路232號2樓,30770000,1050913
11897,80118749,晨禎營造股份有限公司,臺中市北區五常里五權路375號5樓,120000000,1050920
11900,80121511,旺利資源回收有限公司,臺中市北屯區東光路858號2樓,500000,1050921
11904,80124215,鼎躍投資股份有限公司,臺中市北區錦洲里進化路564號,32320000,1050919
11905,80124545,弘聖國際有限公司,臺中市北屯區松茂里遼寧路一段520號,2500000,1050924
11910,80127682,明日森林股份有限公司,臺中市西屯區潮洋里朝富路232號1樓,8500000,1050914
11912,80127986,建鋒精密工業有限公司,臺中市豐原區豐田里豐南街九二巷四三號,1000000,1050903
11914,80129632,尚登營造有限公司,臺中市大里區喬城路一一三巷十六號,3000000,1050919
11919,80137176,高儀科技有限公司,臺中市南區永和里五權南路552號1樓,10000000,1050902
11921,80141517,豐禾形象策略有限公司,臺中市南屯區三和里黎明路二段359之2號1樓,5500000,1050908
11935,80158122,鼎青工程有限公司,臺中市西屯區福林里西屯路三段159之11巷16號4樓之3,1000000,1050921
11976,80205906,振佑電子股份有限公司,臺中市太平區新吉里新平路三段69巷36弄12號1樓,8000000,1050914
11979,80208811,佶銘有限公司,臺中市南屯區大興里東興路二段3巷50號1樓,1000000,1050920
11983,80210871,敬豐營造有限公司,臺中市南屯區楓樹里楓和路676號1樓,3000000,1050921
11984,80215003,嵩濠五金機械有限公司,臺中市潭子區栗林里民生街120號,1000000,1050906
11992,80232100,久恩科技有限公司,臺中市南區福田三街167號1樓,3000000,1050905
11995,80233656,全立工程顧問有限公司,臺中市潭子區頭家東里頭張東路86巷3號1樓,5000000,1050901
11997,80235155,椿莊有限公司,臺中市西區健行路1010號1樓　,29880000,1050907
11999,80238293,蒼生生物應用技術有限公司,臺中市大里區永隆里永隆六街10號1樓,5000000,1050906
12001,80241092,豐秋醫療儀器有限公司,臺中市北區育德里五常街148號1樓,3000000,1050926
12004,80242120,威泰照明有限公司,臺中市大雅區西寶里雅潭路三段537號,8000000,1050921
12005,80244632,伯盛科技有限公司,臺中市龍井區龍泉里龍社路22巷5弄2-1號1樓,2000000,1050912
12006,80245560,安美潔有限公司,臺中市南屯區文昌街227巷62號1樓,5000000,1050901
12009,80249756,福爾摩莎酒莊有限公司,臺中市大肚區王田里沙田路一段二五五號一樓,1000000,1050902
12010,80250303,价弘實業有限公司,臺中市北區學士路185號12樓,10000000,1050906
12012,80253836,雅太實業有限公司,臺中市大里區東湖里仁化路782號1樓,1000000,1050905
12016,80256989,治水企業股份有限公司,臺中市大甲區孟春里經國路1756號,18000000,1050925
12063,80308380,鑫福廚品股份有限公司,臺中市大里區健民里仁化工十六路30號1樓,10000000,1050902
12064,80308467,得寶生態科技有限公司,臺中市西屯區上明一街2之6號1樓,1000000,1050912
12068,80317796,傑瑞管理顧問有限公司,臺中市西屯區重慶路433號1樓,1000000,1050920
12078,80323740,上揚資訊有限公司,臺中市西屯區福恩里工業一路68號4樓之2,1000000,1050901
12080,80324797,源立興業有限公司,臺中市北屯區松強里10鄰興安路二段461巷33號8樓,500000,1050909
12081,80325091,虹彩藝特殊印刷有限公司,臺中市大里區慈善路156號2樓,5000000,1050901
12101,80391752,泓明科技股份有限公司,臺中市太平區建國里精美路328號,5000000,1050906
12102,80394765,尊龍公寓大廈管理維護股份有限公司,臺中市北區中清路一段369號8樓之1,10000000,1050920
12103,80395531,唯可有限公司,臺中市西屯區何源里河南東一街25號8樓,10000000,1050920
12105,80398220,穩勝水電工程企業有限公司,臺中市太平區樹孝路109號4樓,2000000,1050922
12107,80400936,崴鼎彩色印刷有限公司,臺中市南區樹德里大慶街二段55之5號1樓,12000000,1050912
12109,80402152,巨響貿易有限公司,臺中市大里區德芳路一段85巷36號1樓,500000,1050909
12114,80407327,吳金店有限公司,臺中市太平區東平路五一九號一樓,2000000,1050930
12115,80407804,享龍景觀工程有限公司,臺中市南區工學里19鄰德富路269號5樓,3000000,1050919
12118,80410033,信寶股份有限公司,臺中市潭子區頭家里和平路34號1樓,15000000,1050912
12120,80411379,維同股份有限公司,臺中市北屯區文心路三段447號17樓,10000000,1050926
12121,80411764,茶茂有限公司,臺中市西區向上路一段432號一樓,500000,1050913
12128,80419251,立新精密刀具有限公司,臺中市烏日區學田里學田路443號1樓,38000000,1050906
12129,80419800,蘿雅蒂詩國際開發股份有限公司,臺中市西區民龍里臺灣大道二段220號6、7樓,2340000,1050920
12131,80422170,心德斯有限公司,臺中市潭子區復興路二段70號1樓,500000,1050912
12135,80426443,松杭企業有限公司,臺中市清水區靈泉里新興路12之4號一樓,2000000,1050907
12137,80426823,埴鈁藝術有限公司,臺中市西屯區台灣大道三段528號11樓,1700000,1050901
12138,80427668,薪盛行銷有限公司,臺中市北區光大里五權路１９０號９樓之７,1000000,1050909
12141,80432016,睿瑩精密機械股份有限公司,臺中市潭子區福仁里合作街38巷68號,30000000,1050926
12142,80432753,中一電工科技股份有限公司,臺中市東區東興里立德東街33號3樓,60000000,1050912
12143,80433063,合威語音科技企業有限公司,臺中市西區民龍里台中港路1段198號7樓之3,1000000,1050901
12144,80433113,承麗實業有限公司,臺中市南屯區楓和路676號1樓,3000000,1050921
12146,80435098,蜜麗特生物科技有限公司,臺中市西屯區何厝街6巷13號1樓,1500000,1050905
12148,80435978,博鈞科技股份有限公司,臺中市西屯區何成里文心路二段562-1號2樓之1,4000000,1050922
12149,80437238,唐采文化事業有限公司,臺中市北屯區平德里河北路二段71號,1000000,1050907
12151,80439448,晁揚室內裝修實業有限公司,臺中市北屯區松茂里松義街68號1樓,5000000,1050920
12152,80446047,杏彬貿易有限公司,臺中市中區柳川里民族路189號1樓,3000000,1050907
12153,80448586,國喬金屬有限公司,臺中市烏日區光明路157巷68弄18號1樓,500000,1050922
12154,80449375,龍興生化國際股份有限公司,臺中市神岡區豐洲里豐洲路456巷28號,40000000,1050910
12164,80460552,光禹精密有限公司,臺中市大里區仁化里工業九路6號,7000000,1050924
12167,80465830,源延昌實業有限公司,臺中市太平區宜昌路9號,2000000,1050905
12171,80473613,台運科股份有限公司,臺中市北區華美街2段262號3樓之2,10000000,1050919
12174,80477189,皇畊有限公司,臺中市神岡區社口里29鄰社口街542巷10號,1000000,1050910
12176,80479659,久如投資開發有限公司,臺中市南屯區寶山里五權西路三段123號1樓,28500000,1050912
12179,80482330,鋒穎企管顧問股份有限公司,臺中市大里區永隆里東榮路576號1樓,10000000,1050926
12181,80483696,東尚彩藝包裝有限公司,臺中市西屯區福雅里福泰街88號1樓,500000,1050912
12195,80499260,合惠國際有限公司,臺中市南屯區三厝里永春東七路790號1樓,1000000,1050920
12231,80551878,居興設計工程有限公司,臺中市南屯區南屯路二段四三０巷二０號,500000,1050907
12239,80563728,創安投資有限公司,臺中市北區天津路2段81號1樓,10000000,1050920
12240,80564206,康林國際事業股份有限公司,臺中市西區忠明里博館路117號8樓之2,50000000,1050903
12241,80564515,銘珈實業有限公司,臺中市豐原區三村里三和路394號,5000000,1050913
12245,80568569,永德工業有限公司,臺中市神岡區神岡里神清路13號1樓,1000000,1050906
12250,80572091,弘業不動產有限公司,臺中市西屯區福雅里福泰街121號1樓,500000,1050920
12252,80572944,煜機實業有限公司,臺中市大甲區文曲里東安路128之5號,500000,1050912
12253,80574611,劉正企業有限公司,臺中市南屯區何南里大墩十九街28號1樓,1000000,1050905
12254,80574921,海功建設有限公司,臺中市西區民龍里大和路22號5樓之1,10000000,1050909
12257,80578068,財登玻璃有限公司,臺中市北區明德里太原三街６號１樓,500000,1050913
12258,80579073,日霸國際有限公司,臺中市北區青島路1段2號4樓之1,3000000,1050901
12261,80581991,原邑環境規劃顧問有限公司,臺中市西區民龍里臺灣大道二段307號6樓之1,6800000,1050926
12266,80590859,現力國際有限公司,臺中市西區双龍里向上路一段75號11樓,6600000,1050907
12267,80592006,笙振有限公司,臺中市烏日區東園里溪南路一段238巷267號1樓,500000,1050902
12269,80592548,宏騏工業股份有限公司,臺中市霧峰區中正路258號,2000000,1050914
12273,80595475,鉅城資訊股份有限公司,臺中市南屯區保安十街218號1樓,5000000,1050905
12274,80596072,泉瀛行銷實業有限公司,臺中市南屯區大墩四街389號1樓,1000000,1050923
12276,80598297,海德崴貿易有限公司,臺中市龍井區龍崗里沙田路四段682號1樓,1000000,1050909
12285,80607134,臻品國際有限公司,臺中市南區和平里南平路35號1樓,1200000,1050920
12286,80607492,尚侑室內裝修設計有限公司,臺中市太平區大源一街14號,3000000,1050913
12288,80611329,松奇國際貿易有限公司,臺中市豐原區社皮里豐原大道1段281號,10000000,1050922
12290,80613109,綠碁環境事業有限公司,臺中市南屯區鎮平里水碓巷24-1號2樓,5000000,1050905
12292,80615893,知文堂創意研銷有限公司,臺中市太平區東方一街33號1樓,1000000,1050901
12294,80617359,正源畜產實業有限公司,臺中市北屯區陳平路65巷123弄4號5樓之2,10000000,1050920
12297,80620740,敦祥建設股份有限公司,臺中市北屯區松和街137巷18號1樓,29000000,1050920
12298,80621163,愛迪生設計研發有限公司,臺中市西屯區工業區十五路8之1號2樓,1000000,1050901
12302,80621656,元泰室內裝修工程有限公司,臺中市西屯區大墩十九街162之1號1樓,1000000,1050907
12303,80621810,印原有限公司,臺中市南屯區文心南五路651號1樓,1000000,1050923
12305,80623063,旭竣有限公司,臺中市潭子區福仁里大新路一五號,500000,1050913
12306,80623583,金得意旅行社有限公司,臺中市清水區清水里中清路八段612號1樓,8000000,1050924
12308,80626575,綠機生活科技有限公司,臺中市西屯區惠來里市政路500號8樓之7,5000000,1050914
12310,80630043,盛民興有限公司,臺中市太平區中山路二段366號2樓,500000,1050909
12311,80632767,金士頓國際事業有限公司,臺中市北屯區中清路二段226號1樓,500000,1050920
12312,80632936,政豐氣動工業股份有限公司,臺中市南區文心南路839號1樓,2000000,1050919
12314,80635103,數位廣告事業有限公司,臺中市東區大興街119號2樓,1000000,1050910
12318,80637691,誼達有限公司,臺中市北屯區后庄路980巷9弄28號1樓,1000000,1050921
12320,80638426,秋農工程有限公司,臺中市北屯區遼寧路一段357巷37號1樓,1000000,1050920
12321,80638896,華利鋼鐵有限公司,臺中市霧峰區舊正里中正路2巷2號,130000000,1050909
12327,80643201,優質文教事業有限公司,臺中市南屯區惠中里文心路一段294號1之5樓,2093782,1050910
12330,80647157,駿通砂石有限公司,臺中市南屯區文山里寶山三街５９號１樓,3000000,1050914
12345,80657844,台灣神鋼科研股份有限公司,臺中市梧棲區經三路42號,30000000,1050929
12385,80703164,全友建設股份有限公司,臺中市西屯區安和路168號11樓之3,5000000,1050926
12387,80704327,王柯實業有限公司,臺中市外埔區大東里甲后路五段258巷52號,500000,1050920
12393,80707014,浩程企業股份有限公司,臺中市北區健行里民權路544號1樓,6000000,1050921
12395,80708858,宏奎科技有限公司,臺中市北屯區仁和里松竹北二街107號1樓,500000,1050909
12398,80712179,維克斯實業有限公司,臺中市西區和龍里日興街109號3樓,1000000,1050926
12399,80712591,富偉興業有限公司,臺中市烏日區湖日里新興路447-1號,5000000,1050907
12401,80714845,利盈玩具企業有限公司,臺中市太平區新仁路一段二二巷五號,3000000,1050901
12407,80721439,睿唐室內裝修工程有限公司,臺中市西屯區河南路二段147號2樓,5000000,1050905
12418,80736329,昇旺精密工業有限公司,臺中市太平區永成北路219巷85號,1000000,1050902
12419,80736593,達揚建材有限公司,臺中市西區忠誠里忠明路71號,1000000,1050930
12420,80736828,銪聯鋼鐵有限公司,臺中市烏日區湖日里新興路335之17號1樓,10000000,1050923
12422,80737452,隆誠投資有限公司,臺中市北區北屯路26號12樓之9,28000000,1050920
12430,80741744,寰宇機械有限公司,臺中市北屯區東光里北屯路266之10號1樓,1000000,1050909
12431,80742379,富麗昇有限公司,臺中市北屯區仁美里崇武街90號1樓,1100000,1050905
12432,80743378,盛翊工業有限公司,臺中市后里區聯合里三重三路213號1樓,1200000,1050914
12433,80744475,恩實有限公司,臺中市南屯區公益路二段61號10樓之1,5000000,1050901
12436,80748205,金泓達模具有限公司,臺中市太平區平安里精美路108號1樓,1000000,1050929
12451,83408476,易陽運輸股份有限公司,臺中市潭子區東寶里大德一路60號1樓,25000000,1050913
12454,83620580,永宬營造股份有限公司,臺中市南區新榮里學府路146巷11號1樓,25000000,1050913
12457,84070937,正億企管顧問股份有限公司,臺中市西區公正里大同街265巷9號,16800000,1050921
12486,84161535,堯勳有限公司,臺中市北屯區仁和里昌平路二段31之31號1樓,500000,1050926
12487,84164300,華燦企業管理顧問股份有限公司,臺中市南區合作街348號1樓,1000000,1050907
12491,84172483,呈潔環保工程股份有限公司,臺中市北屯區同榮里同榮路239巷31號1樓,15000000,1050909
12499,84197766,茗宇室內裝修設計有限公司,臺中市西屯區惠來路3段250號1樓,2000000,1050912
12501,84200734,汎晨工業有限公司,臺中市北屯區松明街9巷2號,5000000,1050912
12502,84200973,大元水電工程有限公司,臺中市霧峰區吉峰里民生路247之7號1樓,3000000,1050906
12503,84206322,煒翰實業有限公司,臺中市太平區中山路三段25巷26弄23號,3000000,1050908
12505,84207407,源祿有限公司,臺中市太平區太平里新仁路一段二二巷六九之一號,5000000,1050907
12506,84207716,松耀印刷企業有限公司,臺中市北區錦洲里國豐街129號1樓,5000000,1050924
12509,84211681,禾詳不銹鋼工程有限公司,臺中市南屯區楓樹里楓樹西街351巷46號1樓,1000000,1050912
12515,84228352,東助建設股份有限公司,臺中市西區長春街52號,25000000,1050922
12516,84230879,金永力股份有限公司,臺中市太平區太平里永豐路108巷12之23弄13號,1000000,1050909
12517,84234761,揚昇營造有限公司,臺中市西屯區臺灣大道二段910號6樓之5,10000000,1050920
12518,84241405,天秝企業有限公司,臺中市東區東門里東光園路217號1樓,5000000,1050914
12519,84250163,佳信食品工業股份有限公司,臺中市梧棲區草湳里自立三街69號,60000000,1050906
12541,84309050,康柏股份有限公司,臺中市西屯區臺灣大道四段847號18樓,5000000,1050923
12545,84342564,興創工業股份有限公司,臺中市南區復興北路431巷2號,5000000,1050902
12551,84349686,德爵國際企業有限公司,臺中市北區文昌東二街190號1樓,2500000,1050912
12552,84351774,熊友建設股份有限公司,臺中市西區民龍里台中港路一段185號16樓,25000000,1050930
12555,84357572,東吉家具有限公司,臺中市潭子區東寶里雅潭路二段158號,1000000,1050930
12558,84365313,青山冷氣工程有限公司,臺中市大甲區幸福里黎明路168號,10000000,1050902
12561,84373947,輝揚工程有限公司,臺中市龍井區龍崗里竹師路二段6巷13號1樓,5000000,1050909
12562,84377726,大暉輪業有限公司,臺中市大里區仁化路392號,1000000,1050901
12563,84378393,長發旅行社有限公司,臺中市西區公益里忠明南路193號1樓,6000000,1050901
12565,84382256,俋泰有限公司,臺中市北區明德里忠明路327-1號1樓,1000000,1050924
12572,84399812,家莉國際有限公司,臺中市西屯區港尾里中康一街14巷7號1樓,1000000,1050909
12574,84400819,森達利興業有限公司,臺中市東區忠孝路290巷15號,1000000,1050907
12575,84403858,駿榮水電工程有限公司,臺中市梧棲區興農里中央路1段316號,5000000,1050919
12579,84424657,漢廣廣告事業有限公司,臺中市北屯區松竹里１５鄰熱河路３段９３巷４２弄６號１樓,1120000,1050924
12580,84425369,晉雨機械股份有限公司,臺中市南屯區豐樂里永平路421巷59之2號2樓,5000000,1050920
12583,84426135,洺昌企業有限公司,臺中市大雅區西寶里昌平路三段600巷5號1樓,5000000,1050920
12585,84431637,博承有限公司,臺中市西區昇平里向上路一段219號四樓之12,3000000,1050914
12586,84438316,登烽股份有限公司,臺中市大里區國中一路46巷78號1樓,5000000,1050926
12587,84439357,廣聯顧問有限公司,臺中市豐原區西勢路47巷14號1樓,500000,1050909
12614,84502196,上礱國際有限公司,臺中市北屯區松竹五路二段330號1樓、2樓,5000000,1050921
12616,84503316,七興實業股份有限公司,臺中市豐原區西湳里三豐路799巷58號,8000000,1050903
12619,84511821,振德電氣有限公司,臺中市西屯區林厝里西林巷48之23號,2000000,1050906
12621,84512928,台二股份有限公司,臺中市梧棲區永安里向上路九段321巷23號,25000000,1050905
12623,84521454,莊鴻盛企業有限公司,臺中市大肚區瑞井里遊園路一段61號,3000000,1050902
12631,84530910,優聖盟電機有限公司,臺中市豐原區三和路354巷97弄42之1號1樓,1000000,1050901
12632,84531072,俋定錡有限公司,臺中市西屯區巿政路６１０號１樓,1060000,1050901
12635,84540585,得雅農產品有限公司,臺中市南屯區大墩四街261之7號3樓,5168000,1050906
12636,84544724,鎰聲企業有限公司,臺中市大里區東昇里14鄰新仁路2段167號,1000000,1050923
12637,84546194,騎美有限公司,臺中市大里區中新里現岱路３１–５號２樓,5000000,1050905
12647,84577082,乙兆營造有限公司,臺中市南區和平里忠明南路760號25樓,15000000,1050923
12648,84577816,直興輪業有限公司,臺中市太平區長億里長億路60號1樓,1000000,1050902
12649,84582000,鉅振企業股份有限公司,臺中市清水區國姓里臨港路七段291號,16000000,1050901
12651,84587960,振謚興業有限公司,臺中市烏日區九德里九德街88巷2號,3000000,1050922
12652,84591893,航欣企業有限公司,臺中市西區忠誠里忠義街62號1樓,1500000,1050929
12653,84597165,福璟食品有限公司,臺中市西屯區福安里福中六街28號1樓,2000000,1050919
12654,84597926,嘉方企業有限公司,臺中市大里區西湖里1鄰草湖路95巷52弄1號1樓,3000000,1050912
12661,84610836,泰豪車業有限公司,臺中市北區賴村里進化北路421號1樓、423號1樓、425號1樓,1000000,1050903
12663,84613756,中龍鋼鐵股份有限公司,臺中市龍井區龍昌路100號,86125861230,1050906
12664,84614447,彰年發機械股份有限公司,臺中市太平區永平路2段123巷41號1樓,10300000,1050922
12670,84628441,嘉揚電子工業股份有限公司,臺中市大雅區秀山里秀山路307號,29500000,1050909
12671,84629027,樺權企業有限公司,臺中市清水區高美路720-28號1樓,3000000,1050921
12672,84634470,金金城實業有限公司,臺中市北屯區同榮里同榮路262號一樓,6000000,1050920
12674,84640487,通力伍通工業有限公司,臺中市大甲區江南里南北一路205號,3000000,1050906
12683,84664282,宜鑫加油站股份有限公司,臺中市太平區新光里中山路四段20號1樓,5000000,1050929
12684,84664516,享泰鋼鐵有限公司,臺中市烏日區環河路一段862巷56號1樓,20000000,1050920
12685,84667128,婀娜伊有限公司,臺中市西屯區何南里大安街十八號十樓之三,6000000,1050907
12688,84670974,金利興精密企業有限公司,臺中市清水區高南里港埠路五段177號,52000000,1050926
12690,84675648,翔渝實業股份有限公司,臺中市北屯區廍子里太順路21號1樓,8300000,1050909
12692,84677126,東電研工業股份有限公司,臺中市大里區健民里仁化工三路250號,20000000,1050908
12693,84679911,亦杰有限公司,臺中市南屯區永春東路692號1樓,1000000,1050925
12695,84686080,大泉冷凍空調有限公司,臺中市豐原區民生里中興路三三巷三九號一樓,1000000,1050905
12697,84689827,盛昌遠機械股份有限公司,臺中市后里區公館里安眉路63之11號,5000000,1050920
12700,84696860,易興鋼鐵興業有限公司,臺中市東區振興路246巷4號2樓,10000000,1050919
12701,84697381,偉順股份有限公司,臺中市大雅區神林路一段36巷2號,10000000,1050913
12702,84698810,紫成實業有限公司,臺中市神岡區社南里昌平路五段313巷22弄13號1樓,3000000,1050922
12707,84706488,捷偉企業股份有限公司,臺中市北區三民路三段167之1號（地下2樓）,20000000,1050909
12709,84706924,台灣榮禾物流有限公司,臺中市西屯區大福里長安路二段154號1樓,30000000,1050909
12711,84708021,展欣通運股份有限公司,臺中市沙鹿區興安里斗潭路341巷41弄6號1樓,30000000,1050919
12743,84793321,佳家有限公司,臺中市南區文林街１４號１樓,5000000,1050923
12748,84810932,台灣泰全工業有限公司,臺中市大雅區三和里龍善一街120巷6號1樓,5000000,1050907
12750,84815471,永琳塑膠工業有限公司,臺中市烏日區九德里中山路一段520號,5000000,1050913
12751,84817180,茱銘有限公司,臺中市太平區宜欣里宜昌東路115號,20000000,1050908
12754,84820642,豪星工業有限公司,臺中市烏日區光明里五光路805巷9號,30000000,1050926
12755,84821353,聖凡妮國際股份有限公司,臺中市西區忠明南路303號21樓之1,5000000,1050913
12756,84822579,益有有限公司,臺中市烏日區烏日里光日路199號1樓,5000000,1050922
12757,84822727,峯彰工業股份有限公司,臺中市太平區太平里永豐路85巷1號1樓,2000000,1050902
12758,84827434,盛霖興業股份有限公司,臺中市神岡區社南里中山路667巷31號,10000000,1050908
12759,84829600,智昇企業有限公司,臺中市大雅區民生路1段258號,1000000,1050909
12762,84831991,昭輝金屬實業有限公司,臺中市南屯區田心里惠中路三段三九三之二號六樓,1000000,1050921
12763,84832598,光奕企業股份有限公司,臺中市東區東興里立德東街33號1樓,24000000,1050906
12765,84836139,明門資訊有限公司,臺中市中區柳川里興中街115號1樓,1000000,1050902
12769,84841787,長恆事務機器有限公司,臺中市南屯區大同里大進街27巷1號,5000000,1050910
12772,84846050,鋒暘工業股份有限公司,臺中市霧峰區吉峰里吉峰路67巷2弄6號1樓,5000000,1050920
12773,84846185,吉翔起重工程有限公司,臺中市龍井區忠和里龍昌路26巷200號,13350000,1050901
12778,84860931,佑直旺營造有限公司,臺中市豐原區南嵩里水源路7巷257號1樓,3000000,1050905
12780,84865154,典匠股份有限公司,臺中市神岡區豐工路807號2樓,22000000,1050926
12781,84867316,十誠工業股份有限公司,臺中市西屯區協和里工業區四十路33號1樓,6000000,1050912
12784,84877095,林陳科技有限公司,臺中市西區自由路一段24號1樓,5000000,1050926
12787,84882604,六巧交通股份有限公司,臺中市梧棲區南簡里大智路一段698號2樓,29500000,1050905
12788,84883060,譯倫工業有限公司,臺中市太平區永豐路195巷2號,10000000,1050910
12794,84889584,愛法柏絲有限公司,臺中市北屯區安順二街26號,3000000,1050907
12797,84896059,模里西斯商德沙有限公司,臺中市西屯區朝富路213號20樓之8,10000000,1050908
12822,84952501,弘林營造有限公司,臺中市西區昇平里中興街38號1樓,22500000,1050905
12824,84959624,金緯應用材料股份有限公司,臺中市龍井區工業路246巷26號,45000000,1050922
12830,84966625,神強資訊股份有限公司,臺中市西屯區福聯里福順路821巷57號1樓、2樓,7500000,1050912
12832,84975217,東富食品機械有限公司,臺中市西屯區臺灣大道四段671巷13號1樓,5000000,1050920
12834,84980719,金吉益企業股份有限公司,臺中市龍井區忠和里工業路173巷37號,10000000,1050925
12837,84983119,巨曜投資股份有限公司,臺中市北屯區北屯里崇興路一段50號,20000000,1050919
12839,84990630,佶發工業股份有限公司,臺中市南區復興路二段120之12號2樓,5500000,1050901
12840,84991271,伸隆股份有限公司,臺中市大里區大元里國中一路9號1樓,2000000,1050905
12841,84993783,益谷有限公司,臺中市大里區立仁路222巷56號,5000000,1050926
12842,84995071,大丸精機股份有限公司,臺中市大里區瑞城里塗城路256號,29000000,1050902
12851,85840188,欣成旅行社有限公司,臺中市豐原區民生街78號1樓,7000000,1050905
12853,85912274,華將營造工程有限公司,臺中市太平區東和里東村十二街31巷10弄10號1樓,22500000,1050913
12865,86037701,元磁特殊金屬有限公司,臺中市神岡區溪洲里神洲路716巷67號,7500000,1050909
12874,86082374,陸禾建設股份有限公司,臺中市西屯區上石北二巷13號,25000000,1050906
12879,86092020,集圓科技工業股份有限公司,臺中市大里區仁化里工業11路128號,91000000,1050901
12883,86108108,峻鵬企業有限公司,臺中市南屯區永春東一路807巷88號1樓,5000000,1050913
12885,86110202,舜由股份有限公司,臺中市后里區墩東里平安路79號,7000000,1050909
12904,86175788,詮技企業有限公司,臺中市西區公平里公益北街26號,3000000,1050922
12905,86184392,北皇塑膠有限公司,臺中市東區精武路二巷一三號,5000000,1050930
12908,86189468,綺利企業有限公司,臺中市神岡區豐洲里前寮路68之5號,5000000,1050930
12909,86189777,彰廣自動控制有限公司,臺中市烏日區九德里長春街331號1樓,5000000,1050914
12910,86194785,格吉有限公司,臺中市梧棲區大庄里中棲路一段740巷2弄10號,200000,1050920
12911,86197404,溢泓電機有限公司,臺中市神岡區大洲路175巷31號,15000000,1050901
12919,86216303,長太營造股份有限公司,臺中市北區館前路19號6樓之3,42000000,1050926
12921,86221360,建步有限公司,臺中市龍井區龍泉里龍新路１５３巷１２弄３６號,6000000,1050907
12922,86221501,星展電動工具有限公司,臺中市東區旱溪里旱溪三街30號1樓,4910000,1050913
12926,86226153,詠浩工業有限公司,臺中市北屯區平和里瀋陽路二段48號1樓,10000000,1050907
12927,86228434,賢隆精密工業股份有限公司,臺中市大雅區橫山里中山三路56號,35000000,1050923
12930,86237406,中部工程有限公司,臺中市大肚區社腳里沙田路一段722號,2000000,1050908
12932,86242288,晉城投資股份有限公司,臺中市西屯區臺灣大道四段839號6樓,20000000,1050913
12933,86242301,瑩瞬機械工業股份有限公司,臺中市后里區義里里甲后路一段136巷162弄5號,15000000,1050922
12937,86253448,杰堡工業股份有限公司,臺中市太平區中興里太平28街9巷5號1樓,5000000,1050923
12940,86258605,拉風廣告企業有限公司,臺中市神岡區岸裡村大洲路438號1樓,5000000,1050907
12941,86264162,家恒企業有限公司,臺中市南區平和里新和街34號,5000000,1050923
12943,86268189,東虹實業股份有限公司,臺中市東區樂成里建成路４９５號,80000000,1050923
12944,86269119,傑鋒文化事業有限公司,臺中市南屯區向心里豐富路299巷25號1樓,5000000,1050921
12945,86269672,瑞鎰紙器股份有限公司,臺中市南屯區楓樹東街426號,3000000,1050909
12950,86282210,華綺貿易有限公司,臺中市潭子區嘉仁里福貴路988號1樓,1000000,1050921
12967,86344378,聯通實業有限公司,臺中市北區明德里忠太西路81號3樓之1,1000000,1050912
12968,86349161,欣龍空調工程有限公司,臺中市沙鹿區星河路205號,5000000,1050910
12969,86356346,上吉科技工程有限公司,臺中市東區興大路13號1樓,12000000,1050922
12971,86361988,穩懋實業股份有限公司,臺中市太平區太平十二街41號一樓,5000000,1050920
12975,86370564,傑合製模有限公司,臺中市太平區長億五街35號,3650000,1050902
12987,86387137,上富木箱有限公司,臺中市西區公民里忠信街36號1樓,5000000,1050909
12988,86391441,億喬建設股份有限公司,臺中市南區西川里忠明南路480號13樓,25000000,1050926
12994,86405640,昌炘股份有限公司,臺中市大里區大元里國中路41號,6000000,1050912
12995,86408055,鉅生工業有限公司,臺中市大甲區日南里中山路二段918之78號,1000000,1050922
12997,86411143,大愚電業工程有限公司,臺中市北屯區安順二街58之1號1樓,1500000,1050906
12999,86427671,鴻太實業有限公司,臺中市太平區大富街19巷1號　　,10000000,1050914
13024,86511163,世世興五金股份有限公司,臺中市北屯區平興里北屯路366號12樓之2,25000000,1050922
13029,86517552,良韋有限公司,臺中市西屯區福雅里臺灣大道四段936號5樓之5,35000000,1050923
13034,86525602,肯尼實業有限公司,臺中市外埔區甲后路3段600巷38號,15000000,1050905
13035,86525650,濠誠有限公司,臺中市梧棲區草湳里自強三街82號,3000000,1050929
13038,86531800,勝越塑膠有限公司,臺中市烏日區前竹里光明路362號,5000000,1050926
13044,86540603,海蔦輪業有限公司,臺中市北屯區北屯路236-6號,3000000,1050920
13046,86542406,上捷興業有限公司,臺中市大甲區經國路2702號,2000000,1050922
13047,86543094,欣樺股份有限公司,臺中市大雅區雅環一街18號1樓,10000000,1050930
13050,86550974,慶鑫工業股份有限公司,臺中市大安區中庄里興安路271號,10000000,1050914
13053,86558032,穗陽機械有限公司,臺中市大甲區庄美里大安港路137巷40號,6000000,1050902
13054,86561212,長冠彩藝有限公司,臺中市清水區高北里海口北路78之8號1樓,1000000,1050920
13055,86564772,葆琦有限公司,臺中市大里區新里里永興路11-4號,2000000,1050921
13056,86565553,傑品企業股份有限公司,臺中市大里區仁化里工業12路35號,5000000,1050923
13058,86567052,鑫園建設股份有限公司,臺中市北區館前路19號6樓之2,30000000,1050921
13064,86572153,光得工業股份有限公司,臺中市神岡區岸裡里大洲路395巷5號,5000000,1050923
13068,86583671,德全汽車有限公司,臺中市新社區中正里東新路二段31巷2號,500000,1050919
13070,86585452,彥伯貿易有限公司,臺中市大甲區順天路202號,5000000,1050909
13074,86593798,榮駿興業有限公司,臺中市大雅區大楓里前村東路27號,5000000,1050905
13075,86600025,巧豐資訊股份有限公司,臺中市南區東興路一段109號1樓,24000000,1050909
13077,86602591,東誠鐵工廠有限公司,臺中市豐原區豐原里中正路29巷3號,5000000,1050909
13078,86603579,達統國際通商股份有限公司,臺中市西屯區華美西街二段311號8樓之3,17000000,1050914
13080,86605838,弘昇國際有限公司,臺中市北屯區旅順路一段154號1樓,5060000,1050924
13083,86607842,豪鎰興業有限公司,臺中市北區梅川西街四段203號一樓,5000000,1050912
13085,86610184,鑫鋓工業有限公司,臺中市清水區槺榔里中央路24之2號,500000,1050922
13087,86616912,喜伯企業有限公司,臺中市西區公正里精誠22街31、33號1樓,10000000,1050914
13090,86623456,寶輝建設股份有限公司,臺中市南屯區大業里公益路二段51號16樓,150000000,1050920
13091,86629851,凌科企業有限公司,臺中市大里區瑞城里塗城路541巷35號,1000000,1050906
13098,86639252,台揚捲門工業有限公司,臺中市大甲區平安里仁愛街157號,1000000,1050922
13100,86645281,豪倫鐘錶有限公司,臺中市大甲區中山里甲東路575巷6號地下一樓,5000000,1050922
13102,86654387,朕峰工業有限公司,臺中市潭子區甘蔗里潭興路三段77號,2000000,1050907
13104,86654942,振福源企業有限公司,臺中市西屯區何安里四川路106號1樓,10000000,1050909
13105,86656391,億盈實業股份有限公司,臺中市神岡區社南里中山路851巷37弄29號,5500000,1050902
13106,86657357,久陞昌企業有限公司,臺中市大雅區雅潭路四段661巷30號,20000000,1050914
13109,86667046,鈺鎧科技股份有限公司,臺中市南屯區精科東路15號,335792530,1050914
13115,86686058,宗園建設股份有限公司,臺中市西區樂群街82號１樓,60000000,1050919
13120,86688942,星漢投資股份有限公司,臺中市西屯區大容西街199巷15號1樓,76200000,1050920
13139,86750945,勝鴻水電工程有限公司,臺中市大甲區育英路一○九號,1000000,1050912
13140,86752839,群鴻企業有限公司,臺中市大里區德芳路１段２７０號１樓,5000000,1050930
13146,86768712,藏龍國際開發股份有限公司,臺中市大雅區德勝路106巷10號1樓,5000000,1050905
13154,86778280,綸山實業有限公司,臺中市南屯區寶山五街一○五號一樓,5000000,1050905
13155,86778964,凱大工程有限公司,臺中市大雅區四德里神林南路537號2樓,6000000,1050905
13156,86779176,世宏工業有限公司,臺中市霧峰區南勢里北岸路58-1號,1000000,1050912
13160,86787725,通利香業有限公司,臺中市清水區楊厝里楊厝一街43巷50號1樓,5000000,1050909
13161,86788581,鴻台工程顧問有限公司,臺中市西區忠明南路40號8樓,1000000,1050921
13162,86789054,東方龍機電有限公司,臺中市南區福田三街316號,5000000,1050912
13164,86793374,千利亨有限公司,臺中市北區三民路三段345號,5000000,1050926
13170,86801923,隆鑫通信有限公司,臺中市大里區東湖里公園街425巷110號1樓,2000000,1050922
13171,86803128,安晉石材有限公司,臺中市北屯區陳平里中清路二段552巷21弄8號1樓,6300000,1050907
13173,86814510,浩盛事務機器有限公司,臺中市豐原區豐圳里成功路572號,1000000,1050909
13174,86815145,德人建設事業股份有限公司,臺中市大里區現岱路18號3樓,25000000,1050920
13175,86815665,普立通訊工程有限公司,臺中市潭子區家福里得福街58巷5號,5000000,1050901
13176,86822173,通業技研股份有限公司,臺中市西屯區何源里重慶路343號,72000000,1050920
13180,86833951,准祥企業有限公司,臺中市南屯區楓樹里楓和路696號1樓,3600000,1050910
13182,86836269,鼎川建設股份有限公司,臺中市沙鹿區中清路六段263巷62號,35000000,1050908
13183,86836752,冠榮工業有限公司,臺中市太平區中興里東平路741巷2弄18號1樓,1000000,1050920
13185,86839364,昆陞機械有限公司,臺中市龍井區忠和里海尾路306巷46號,58000000,1050929
13217,86933353,丁福興業有限公司,臺中市南區崇倫里崇倫街72巷21號1樓,5000000,1050902
13218,86933467,暢茂實業有限公司,臺中市北屯區昌平路二段46之1號1樓,5000000,1050914
13222,86953239,長立儀器有限公司,臺中市北屯區豐樂路8之24號1樓,5000000,1050913
13223,86959780,華貿企業有限公司,臺中市西區英才路530號16樓之1,27500000,1050901
13232,86977730,翔育科技有限公司,臺中市龍井區忠和里工業路216巷52號1樓,5000000,1050923
13233,86978153,同益機電技術顧問有限公司,臺中市大里區新義路236號2樓,5000000,1050924
13236,86982229,添成企業有限公司,臺中市沙鹿區福興里福成路36號,1000000,1050908
13237,86983992,鉅瑋實業有限公司,臺中市南屯區工業區二四路九號,35000000,1050920
13239,86988912,棋健德股份有限公司,臺中市大肚區沙田路二段780號3樓,29000000,1050905
13242,86992351,維也納國際教育事業有限公司,臺中市豐原區社皮里中正路814-9號,500000,1050913
13243,86995744,川聖園藝事業股份有限公司,臺中市大里區內新里內新街29巷15號,5000000,1050930
13245,86998756,瑞嵐工程股份有限公司,臺中市大里區新里里德芳路一段331號,30000000,1050920
13250,89204610,長弘工程顧問股份有限公司,臺中市西區自立街25巷10之4號1樓,1500000,1050905
13259,89211345,東豐刀具有限公司,臺中市太平區太平里永平路三段227巷30號,1700000,1050909
13260,89211372,耕笠工程有限公司,臺中市南屯區南屯里黎明路ㄧ段965巷50號1樓,6000000,1050922
13262,89211892,鼎璨實業有限公司,臺中市龍井區忠和里中山二路二段4號2樓,1000000,1050907
13263,89212061,精美彩色印刷股份有限公司,臺中市大雅區六寶里5鄰和平路193之1號,2000000,1050919
13264,89216405,諾力企業股份有限公司,臺中市北區長青里武昌路181之2號1樓,1000000,1050906
13266,89219085,高揚資訊股份有限公司,臺中市南屯區五權西路二段666號6樓之8,11000000,1050913
13268,89225713,永長興木業有限公司,臺中市神岡區北庄里北庄路84號1樓,1000000,1050919
13269,89226451,旭通模具有限公司,臺中市南屯區文山里保安三街63號1樓,1000000,1050905
13270,89227249,萬通通運有限公司,臺中市梧棲區中正里文化路二段270號2樓,30000000,1050902
13271,89228227,馥達實業有限公司,臺中市大里區永隆路293號1樓,3000000,1050909
13272,89228752,百一香食品有限公司,臺中市霧峰區南柳里霧工七路12號1樓,27000000,1050921
13274,89231790,理和建設股份有限公司,臺中市西屯區上安里上安路88號1樓,25000000,1050926
13276,89239879,凱聯資訊有限公司,臺中市西屯區逢福里惠來路3段206號5樓之1,1000000,1050906
13278,89244423,威克曼國際有限公司,臺中市南屯區文心路一段186號8樓之9,5000000,1050902
13280,89288435,利宬工業有限公司,臺中市霧峰區吉峰里吉峰路56巷6號,1000000,1050913
13281,89288569,協佃企業有限公司,臺中市北屯區松勇里北屯路473巷6弄21號1樓,5000000,1050921
13283,89289461,得億眼鏡有限公司,臺中市北區中清路一段796號1樓,2200000,1050906
13285,89299094,旺聖工業股份有限公司,臺中市大里區大里里大里路501巷16弄10號1樓,2000000,1050920
13292,89314047,德穎汽車配件有限公司,臺中市南區高工南路200號1樓,2000000,1050919
13295,89323221,新黑松有限公司,臺中市大肚區王福街678巷6號1樓,1000000,1050905
13297,89325570,新虎將機械工業股份有限公司,臺中市外埔區六分里水頭一路100巷66號,200000000,1050906
13299,89326310,珍慶生技包裝有限公司,臺中市大里區仁化里工業九路37號,5000000,1050908
13303,89335346,笠森股份有限公司,臺中市西區忠誠里6鄰精誠九街14巷16號1樓,2000000,1050901
13306,89341939,潔祥環保工程有限公司,臺中市豐原區南村里文化街83號1樓,5000000,1050908
13308,89343492,一代家電有限公司,臺中市南區江川里五權南路290號,5000000,1050920
13312,89350182,駿業企管顧問股份有限公司,臺中市西屯區福中十六街19號1樓,5000000,1050920
13313,89350296,虢慶興業有限公司,臺中市神岡區社南里中山路667巷32弄13之3號,1000000,1050913
13317,89353961,吉珍屋洋行有限公司,臺中市西屯區何仁里文心路三段294號1樓,10000000,1050905
13320,89358369,飛凌科技有限公司,臺中市北區新興里三民路三段77號12樓之2,5000000,1050912
13321,89360528,丞都工程有限公司,臺中市西屯區何南里大墩十九街142號1樓,3000000,1050921
13323,89361759,海南實業有限公司,臺中市清水區橋頭里民治東路239號,2000000,1050922
13325,89364566,萬展汽車貨運有限公司,臺中市東勢區新盛里東關路613-7號1樓,25000000,1050922
13329,89384401,神彩飛揚服飾設計有限公司,臺中市北屯區后庄里后庄一街7號1樓,500000,1050907
13331,89389341,斐樂股份有限公司,臺中市北屯區文心路四段556號2樓,300000000,1050919
13333,89397308,美閣股份有限公司,臺中市南屯區五權西路二段1111號,20000000,1050923
13351,89457516,穩達運通股份有限公司,臺中市北屯區梅川東路4段15巷2號,7500000,1050921
13364,89492582,格緻裝潢設計有限公司,臺中市潭子區民族路二段48巷25號1樓,1000000,1050905
13365,89493175,鉅晴實業有限公司,臺中市太平區頭汴里長龍路二段76號1樓,5000000,1050909
13366,89496031,柔潔有限公司,臺中市大甲區幸福里長安路安和巷6號,5000000,1050906
13367,89496497,詮盛資訊有限公司,臺中市霧峰區吉峰里民生路296巷18弄17號一樓,1000000,1050926
13372,89507847,久昕興業有限公司,臺中市梧棲區頂寮里八德路24號5樓之9　,2000000,1050912
13374,89509280,明通環保工程有限公司,臺中市清水區清水里星海三街一一九號,10000000,1050921
13377,89514586,嘉典工業股份有限公司,臺中市神岡區成功路23號,20000000,1050909
13381,89525248,達益精機股份有限公司,臺中市南區長榮里愛國街49巷2號1樓,27000000,1050924
13384,89536054,巨勝鋼鐵股份有限公司,臺中市太平區中興里永義路45號,10000000,1050928
13388,89545069,群獻興業股份有限公司,臺中市北區忠明路200號5樓之2,23100000,1050922
13389,89545151,富舜水電材料有限公司,臺中市北屯區平昌里興安路１段１３８號１樓,1000000,1050905
13392,89547778,得利美有限公司,臺中市南區樹義里文心南路841巷11號1樓　,500000,1050923
13393,89548328,翌登工業有限公司,臺中市后里區聯合里三重三路221號,1200000,1050912
13394,89548495,興懋營造股份有限公司,臺中市梧棲區福德里福德街184號1樓,15000000,1050909
13396,89551857,吉安順營造工程股份有限公司,臺中市西屯區福雅里臺灣大道四段786巷15號1樓,15000000,1050926
13399,89553237,呈明影像科技有限公司,臺中市西區忠明南路270號14樓之1,8000000,1050912
13402,89557923,呈得有限公司,臺中市西屯區何源里漢成五街28號7樓之1,10000000,1050901
13405,89565395,伸凰有限公司,臺中市北屯區軍福九路568號,5000000,1050920
13408,89568013,郡嘉精密股份有限公司,臺中市神岡區社南里中山路851巷28弄4號,15000000,1050906
13412,89577717,統釩室內裝修企業有限公司,臺中市東區十甲里自由路四段220號1樓,2000000,1050910
13430,89630136,昶裕國際實業有限公司,臺中市西屯區永安里國安一路101號,5000000,1050907
13432,89643765,敬岱鋼材有限公司,臺中市東區東英二街108號,13500000,1050903
13433,89644928,志益水材有限公司,臺中市豐原區豐田里豐原大道三段286巷6號,2000000,1050912
13434,89645074,中港佳音樂器有限公司,臺中市西屯區福安里臺灣大道700號,640000,1050908
13437,89647137,崑筌電機有限公司,臺中市北屯區仁美里昌平路二段44之3號1樓,5000000,1050920
13438,89647431,威震水電工程有限公司,臺中市北屯區和平里軍和街493之1號1樓,3000000,1050909
13444,89665943,上學電氣有限公司,臺中市東區東信里振興路４４３巷４弄１１號１樓,1000000,1050902
13453,89672466,振詮機器工業股份有限公司,臺中市大里區草堤路101巷27號,1000000,1050905
13457,89680819,車寶貝汽車百貨股份有限公司,臺中市南屯區新生里五權西路二段1125號,16600000,1050914
13459,89683153,西蒙企業有限公司,臺中市南屯區文心路一段378號15樓之8,5000000,1050923
13467,89702118,佳合興實業有限公司,臺中市西屯區大鵬里文心路三段241號14樓之5,5000000,1050908
13468,89702166,伸輝股份有限公司,臺中市北屯區平興里大連路3段97號1樓,5000000,1050910
13474,89710193,升鵬工業有限公司,臺中市后里區太平里太平路32之1號,2000000,1050921
13476,89713972,躍逞企業有限公司,臺中市大里區大元里大衛路45號,25000000,1050910
13477,89715508,傑晰有限公司,臺中市北區文昌東二街72號1樓,3000000,1050908
13478,89717301,德芫股份有限公司,臺中市大肚區新興里沙田路二段132巷1弄6號,30000000,1050924
13481,89720565,輪堡有限公司,臺中市大肚區新興里沙田路2段185號,1000000,1050901
13491,89773020,中台灣廣播電台股份有限公司,臺中市西屯區福和里臺灣大道四段925號5樓之5,5000000,1050909
13492,89774421,鈱舜機械有限公司,臺中市豐原區北陽里南陽路58巷135號,1250000,1050909
13493,89774739,竝新塑膠纖維股份有限公司,臺中市龍井區忠和里工業路188巷20號,65000000,1050909
13494,89775195,欣采國際股份有限公司,臺中市西區美村路1段620巷35號1樓,5000000,1050908
13497,89780134,邦詮實業股份有限公司,臺中市烏日區健行南路21號,5000000,1050906
13499,89781680,鬥惠股份有限公司,臺中市北區健行路556號1樓,3000000,1050922
13500,89782793,層層貿易股份有限公司,臺中市大甲區孟春里通天路200巷22號,7300000,1050924
13501,89783575,亞太城化工有限公司,臺中市龍井區龍崗里沙田路四段680號,3000000,1050906
13506,89794051,采億印刷有限公司,臺中市大里區新仁里立仁路305號1樓,1000000,1050920
13507,89795903,漢村股份有限公司,臺中市西屯區上石里河南路2段341號，西屯路2段255之8號,90000000,1050905
13508,89795930,綠人環保工程有限公司,臺中市大甲區銅安里長壽路39之5號1樓,5000000,1050908
13511,89799669,佳鑫拖吊有限公司,臺中市神岡區社口里民權二街65巷5號,3000000,1050903
13514,89804369,群奕企業有限公司,臺中市北屯區瀋陽路三段一三二號一樓,5000000,1050901
13516,89805228,映真有限公司,臺中市西區中興里向上北路147號1樓,3000000,1050906
13517,89805326,中宏運動器材有限公司,臺中市梧棲區頂寮里四維西路43號,5000000,1050926
13518,89806985,駿驊交通有限公司,臺中市梧棲區南簡里大智路一段698號3樓,25000000,1050914
13520,89813466,樂潔白實業有限公司,臺中市大雅區二和里雅潭路四段408號,15000000,1050912
13522,89822394,昶全網品有限公司,臺中市東區東南里自強南街六巷13號,1000000,1050926
13528,89837431,大砌營造股份有限公司,臺中市西屯區安和路168號11樓之1,60000000,1050914
13530,89841651,中志實業股份有限公司,臺中市大雅區二和里雅潭路四段482號,26800000,1050922
13532,89843644,淞億水電工程有限公司,臺中市潭子區民族路１段４０巷１號１樓,5000000,1050902
13539,89853993,可得實業有限公司,臺中市東區建德街418巷14號1樓,1000000,1050922
13540,89854331,有進五金有限公司,臺中市豐原區翁子里4鄰豐勢路二段438號1樓,1000000,1050923
13541,89857436,元廣資訊有限公司,臺中市北屯區松安里松和街146號1樓,1000000,1050923
13542,89857560,金家寶工業有限公司,臺中市大雅區員林里大林路335號,5000000,1050906
13544,89864008,益富建材有限公司,臺中市北屯區平福里熱河路三段五一號一樓,1000000,1050923
13550,89877144,閎崴金屬建材有限公司,臺中市大里區三民二街66巷27號,5000000,1050903
13552,89878740,四季百貨股份有限公司,臺中市龍井區新東里新興路17號1之3樓地下一樓,60000000,1050906
13553,89883574,和佳利有限公司,臺中市后里區義德里三豐路四段90巷21號,1000000,1050919
13554,89885257,祐昌有限公司,臺中市潭子區東寶里大豐路2段151巷21號,1000000,1050923
13557,89888304,瑞宜營造有限公司,臺中市和平區博愛里東關路一段113號1樓,3000000,1050912
13565,89898366,金台展有限公司,臺中市沙鹿區北勢里北勢二街27號,5000000,1050919
13566,89899273,皇佳交通器材有限公司,臺中市西區公館里懷寧街167號1樓,1000000,1050906
13568,89903831,潔安環保工程有限公司,臺中市大安區海墘里東西八路二段176號,7000000,1050926
13573,89925743,十方大川工程有限公司,臺中市豐原區陽明里樂天街65號,1000000,1050921
13574,89926932,享偉佳股份有限公司,臺中市東區復興路4段138巷5號之2壹樓,5250000,1050922
13595,89970438,菁修企業有限公司,臺中市東區樂業路515巷23弄3號1樓,5000000,1050912
13601,89978781,盈眾廣告有限公司,臺中市西屯區福星路608號1樓,1000000,1050912
13602,89980891,聖富工業股份有限公司,臺中市大里區大里里瓦磘路48之8號,10000000,1050913
13604,89990434,鈞越科技有限公司,臺中市西區英才路435號2樓,8000000,1050919
13631,96863460,金富水電材料有限公司,臺中市西區美村路一段786號1樓,1000000,1050909
13635,96874683,翔安食品機械有限公司,臺中市南屯區三厝里大墩十一街617號1樓,1000000,1050906
13639,96883304,映虹實業有限公司,臺中市大肚區自強里中沙路70巷15號1樓,5000000,1050908
13641,96884227,芳鄰公寓大廈管理維護股份有限公司,臺中市南屯區惠中里文心路一段306號地下一層之4,25000000,1050906
13642,96886739,禎佶祥實業股份有限公司,臺中市大雅區秀山里雅秀路99號,75000000,1050906
13643,96887364,金將普實業有限公司,臺中市北屯區新平里虎一巷18之6號1樓,10500000,1050926
13645,96887759,特威力國際環保工程有限公司,臺中市太平區長龍路一段569號一樓,3600000,1050908
13648,96892090,永春加油站股份有限公司,臺中市南屯區永春路42之37號1樓,5000000,1050906
13650,96896743,如電實業股份有限公司,臺中市北區崇德路一段631號15樓之2,10000000,1050908
13651,96899832,金上盛工業有限公司,臺中市太平區中興里太平路778巷23號,5000000,1050912
13653,96907002,樺慶國際有限公司,臺中市南屯區春社里永春南路430巷107-1號,5000000,1050901
13655,96909135,超立榮實業有限公司,臺中市西屯區福上巷214弄22號1樓,5000000,1050913
13657,96912666,澤豐機械有限公司,臺中市神岡區新庄里中平路347巷20號,5000000,1050923
13661,96916327,豐全營造工程有限公司,臺中市西屯區中工三路89之2號,25000000,1050902
13662,96917753,長興電腦顧問股份有限公司,臺中市太平區新福里15鄰新福路52巷12號三樓,2000000,1050901
13691,96979510,台灣幸榮股份有限公司,臺中市大肚區沙田路三段245巷69號,65000000,1050925
13693,96982091,信辰工程有限公司,臺中市太平區光興路1432巷20弄6號1樓,1000000,1050913
13695,96991438,銅翌機械有限公司,臺中市后里區厚里里九甲二路263號,5000000,1050923
13696,96993549,南廷工程顧問有限公司,臺中市北區立人里華美街二段262號4樓之3,3000000,1050919
13700,96996503,權峻股份有限公司,臺中市東區東南里旱溪西路1段538號地下一層之1,25000000,1050905
13705,97008491,毅全防水工程有限公司,臺中市太平區豐年里大源二街18號1樓,500000,1050921
13707,97008801,仕豐企業有限公司,臺中市梧棲區興農里中華路一段679號,6000000,1050929
13710,97010948,建堯消防工程有限公司,臺中市南區復興路二段99巷8號1樓,3000000,1050923
13711,97013918,原泉企業有限公司,臺中市東區十甲路二○八巷一之二號一樓,1000000,1050906
13716,97016491,金合泰風管有限公司,臺中市北屯區松和里昌平路二段國泰巷2號1樓,3000000,1050901
13720,97020122,中禹工程有限公司,臺中市西區忠勤街337號1樓,1000000,1050924
13723,97030803,祥胤企業有限公司,臺中市北屯區北屯路429號1樓,5000000,1050909
13724,97034110,統翊工業有限公司,臺中市大雅區秀山里上山二路32號,8500000,1050901
13725,97038517,御城水電工程有限公司,臺中市大里區向學路62巷23號1樓,3000000,1050922
13735,97049802,磊高營造股份有限公司,臺中市龍井區龍西里茄投路147之1號1樓,13200000,1050919
13736,97050011,文介空壓機實業有限公司,臺中市北屯區水湳里大連北街24巷44號1樓,5000000,1050907
13739,97052799,具材彈簧有限公司,臺中市霧峰區本鄉里林森路八二八號一樓,1000000,1050910
13743,97062086,金鼎立工業股份有限公司,臺中市大甲區建興里臨江路一六○號,5000000,1050906
13744,97062852,峻豐企業股份有限公司,臺中市神岡區社南里民生路119號,10000000,1050920
13747,97064900,狼頭有限公司,臺中市南屯區黎明路一段828號1樓,5000000,1050907
13748,97066442,北屯圓環股份有限公司,臺中市北區金龍里北屯路39號,6000000,1050912
13751,97070558,帝甸有限公司,臺中市大肚區王田里沙田路一段320巷33之9號,5000000,1050919
13752,97071846,旭光箔膜科技股份有限公司,臺中市南屯區寶山里工業區十八路5號,193028000,1050901
13753,97073844,誠繹國際企業有限公司,臺中市南屯區南屯里河南路四段680號1樓,10000000,1050907
13754,97075998,高質有限公司,臺中市大肚區沙田路一段20之1號1樓,500000,1050910
13755,97077932,神助營造工程有限公司,臺中市清水區星海一街２９號１樓,3000000,1050905
13757,97084722,豐楊股份有限公司,臺中市西區大昌街189號2樓,5000000,1050908
13760,97086947,百鳴音響有限公司,臺中市西屯區國安一路208巷11號1樓,10000000,1050923
13790,97173528,台灣佳光電訊股份有限公司,臺中市梧棲區中華路1段1080號,1250000000,1050901
13796,97181029,新聯美興業有限公司,臺中市東區十甲里東英十二街58號1樓,5000000,1050922
13799,97189731,陞駻機械有限公司,臺中市西屯區西墩北巷4-5號,5000000,1050922
13800,97190738,佶展股份有限公司,臺中市南屯區大興里東興路二段3巷50號1樓,3000000,1050920
13801,97191954,生產力工程股份有限公司,臺中市南屯區惠中里文心路1段306號地下一層之3,8000000,1050907
13803,97200736,達義企業有限公司,臺中市北屯區旱溪西路三段286巷48弄6號1樓,500000,1050926
13807,97211065,中美玻璃有限公司,臺中市北屯區天津路四段127號1樓,5000000,1050919
13813,97219236,達興資源回收有限公司,臺中市太平區新平路二段129號1樓,5000000,1050909
13814,97223724,益巨實業有限公司,臺中市大甲區中山里水源路362號,2000000,1050907
13816,97225321,永勝利企業有限公司,臺中市南區積善里五權南路680巷7號1樓,500000,1050908
13819,97227427,驛萬企業有限公司,臺中市南區美村路2段186號6樓之3,5000000,1050923
13821,97231273,照喨工程股份有限公司,臺中市大里區大元里中興路２段５８巷２３號,6600000,1050907
13822,97234898,冠勝機械有限公司,臺中市太平區太平里永豐路108巷12之30弄2之1號,2000000,1050910
13828,97244235,英得麗工業有限公司,臺中市東區樂業路119號1樓,5000000,1050914
13830,97245213,弘岡實業有限公司,臺中市大雅區大雅里雅環路二段113巷19號1樓之17,182040000,1050914
13833,97250735,利揚資產管理股份有限公司,臺中市西區臺灣大道二段501號18樓之2,24515400,1050910
13834,97252121,信達水電工程有限公司,臺中市大里區西村路3之4號1樓,10000000,1050929
13840,97261825,中弘營造有限公司,臺中市大里區福大路21巷1弄3號1樓,3000000,1050905
13844,97264528,泥強營造有限公司,臺中市太平區勤益里中山路一段188巷2-1號1樓,3000000,1050901
13848,97268833,大崴服飾開發有限公司,臺中市北區文武街29號1樓,2000000,1050906
13850,97273483,閤閣閥業有限公司,臺中市霧峰區吉峰里吉峰路132巷7弄9號1樓,5000000,1050910
13851,97275861,弘邦汽車有限公司,臺中市新社區東新街二段31巷29之1號,1000000,1050923
13863,97305443,稟坤營造有限公司,臺中市西屯區大河里富強巷1弄6號1樓,3000000,1050921
13879,97335707,立可新有限公司,臺中市豐原區翁明里明興街6號,1000000,1050906
13885,97342448,廣健興業有限公司,臺中市太平區鵬儀路二九六巷十六弄四號,5000000,1050901
13887,97350299,采宏資訊有限公司,臺中市神岡區北庄里11鄰中山路1143號1樓,1000000,1050902
13889,97352233,詒盛實業有限公司,臺中市烏日區溪壩里溪南路山一段790號1樓,5000000,1050905
13894,97356723,新社金麟企業有限公司,臺中市東勢區東新里勢林街216號1樓,1000000,1050926
13898,97358095,琮勝資訊有限公司,臺中市大里區中新里中興路二段348號1樓,1000000,1050902
13899,97359382,驥合資訊有限公司,臺中市大里區內新里益民路1段209巷22弄1號1樓,1000000,1050914
13900,97360199,橋宇科技有限公司,臺中市中區綠川里中山路49巷5號1樓,5000000,1050928
13901,97360971,群展企業管理顧問有限公司,臺中市西區民生里自由路一段148號11樓,5000000,1050919
13902,97361107,采金有限公司,臺中市大雅區三和里雅環路一段177號,5000000,1050901
13904,97363674,鑫煥精密有限公司,臺中市潭子區福仁里圓通南路93巷6號,2000000,1050907
13905,97364110,鈞吉禾工業有限公司,臺中市大里區仁化里仁美路159巷15弄5號,3600000,1050922
13910,97375812,佶佶亞運動用品有限公司,臺中市西屯區潮洋里朝馬路152號,5000000,1050905
13913,97377939,建展營造股份有限公司,臺中市大里區東昇里益民路一段41號1樓,5000000,1050906
13915,97379063,謹菖鋼品有限公司,臺中市南屯區大光街168-2號,8000000,1050901
13916,97380131,億昇照明有限公司,臺中市大里區瑞城里中興路一段26巷12之9號,5000000,1050919
13920,97394894,三階工程顧問有限公司,臺中市清水區南社里民族路二段394號1樓,5500000,1050901
13924,97401873,環際有限公司,臺中市西區臺灣大道二段220號9樓,10000000,1050920
13925,97401966,運聯旅行社有限公司,臺中市中區建國路77號1樓,12500000,1050913
13926,97402402,欣開發實業有限公司,臺中市南區樹義里福義路32號1樓,4250000,1050905
13927,97403280,淳高實業有限公司,臺中市后里區后里里三豐路411巷41號1樓,5000000,1050909
13929,97405858,鼎震工業有限公司,臺中市東區天乙街153之5號,1000000,1050906
13930,97406300,大蕓實業有限公司,臺中市北區北平路二段7之2號,5000000,1050907
13932,97406625,虹興機械股份有限公司,臺中市大里區瑞城里瑞城一街210巷7號,25000000,1050924
13937,97408911,主將建設有限公司,臺中市后里區墩東里民生路92號1樓,25000000,1050902
13942,97422955,鍾歷企業有限公司,臺中市太平區成功東路288號,4500000,1050912
13981,97487555,聖眾汽車有限公司,臺中市西屯區甘肅路二段86號,10000000,1050919
13983,97489934,名伯勝企業有限公司,臺中市烏日區光明里五光路復光六巷67號,2000000,1050907
13988,97494710,全進營造有限公司,臺中市大里區現岱路5號7樓,15000000,1050913
13992,97510991,通臺自動控制工業有限公司,臺中市烏日區中山路1段265巷2號,5000000,1050902
13993,97517919,誠豐車行有限公司,臺中市霧峰區甲寅里中正路1157號,4000000,1050906
13994,97522167,恒佶工業有限公司,臺中市大雅區大雅里雅環路二段120巷31號,15000000,1050920
13995,97522835,上齊企業有限公司,臺中市大里區日新里中興路二段日新巷48弄9號,11000000,1050906
13996,97523911,湘盈電子股份有限公司,臺中市霧峰區吉峰里吉峰東路57之2號,6000000,1050921
13997,97526558,淳力機械有限公司,臺中市太平區中和街90巷10號,5000000,1050922
13998,97550297,豐憲企業股份有限公司,臺中市太平區太平六街37號,5100000,1050926
13999,97555912,元發交通有限公司,臺中市龍井區工業路20巷21號1樓,15000000,1050901
14000,97569227,達一工業有限公司,臺中市霧峰區北柳里四德路329號,5000000,1050901
14001,97569583,松岳工業股份有限公司,臺中市太平區永平路二段四七六巷一五七弄六號,3600000,1050924
14002,97574811,上惠農化有限公司,臺中市東勢區延平里東關路七段40號,3200000,1050907
14003,97579702,連富塑膠有限公司,臺中市龍井區龍西里茄投路112號,5000000,1050920
14004,97590072,雕藝企業有限公司,臺中市烏日區烏日里新興路265號,5800000,1050910
14005,97597379,天祺實業有限公司,臺中市北屯區三甲東街7號,15000000,1050906
14006,97599051,王鼎工業有限公司,臺中市大里區仁慈街38號1樓,6000000,1050926
