序號,統一編號,公司名稱,公司所在地,資本額,核准變更日期
157,02948023,一誠工業有限公司,臺中市北屯區軍功里軍功路2段850巷42之1號,5000000,1050503
158,02948494,恒昇貿易有限公司,臺中市西屯區何南里大墩二十街116號3樓之1,5000000,1050513
159,02998281,昌錦企業股份有限公司,臺中市西屯區協和里工業區42路33號,5000000,1050526
284,04391438,總欣實業股份有限公司,臺中市神岡區神岡里中山路1598-7號,20000000,1050509
287,04395379,凱傑國際股份有限公司,臺中市南屯區田心里五權西路2段501號8樓,50000000,1050509
384,04737684,新晃化工有限公司,臺中市外埔區中山里大馬路一五五號,5000000,1050504
442,04887515,聖欣石材有限公司,臺中市太平區中平九街156號1樓,7000000,1050501
449,04925243,源盛塑膠股份有限公司,臺中市烏日區榮泉里中山路三段720號,11172900,1050517
489,05085098,聯欣石礦股份有限公司,臺中市北區青島路一段26巷13之1號,10000000,1050521
512,05161139,大豐儀器有限公司,臺中市北屯區和平里和祥七街71號1樓,5000000,1050519
513,05162123,三埔企業有限公司,臺中市南屯區大墩十三街8號8樓,5000000,1050526
527,05375168,曜揚企業股份有限公司,臺中市太平區立德街101號1樓,1080000,1050506
528,05382415,上立汽車股份有限公司,臺中市西屯區文心路三段137號,180000000,1050523
529,05385150,鑽成電機有限公司,臺中市大里區國中1路25巷11弄15號,10000000,1050516
531,05386637,精將實業有限公司,臺中市西屯區合江街25號1樓,5000000,1050503
556,05592910,明益工業有限公司,臺中市大雅區中山十二路十九號一、二樓,5000000,1050514
565,05693889,永鑫營造有限公司,臺中市神岡區神岡路36號,3000000,1050519
566,05696507,立彥鐵工股份有限公司,臺中市潭子區栗林里祥和路106巷41號1樓,5000000,1050519
567,05696719,科仁企業有限公司,臺中市豐原區三村里合作街118巷67弄1號1樓,10000000,1050528
568,05697668,豐源育樂有限公司,臺中市豐原區中山里中正路137號,23000000,1050512
569,05697941,大豐包裝材料有限公司,臺中市豐原區鐮村里鐮村路165號,10000000,1050504
581,05750240,順閔實業股份有限公司,臺中市潭子區福仁里新興路一段222巷4號,15000000,1050512
582,05750776,聖弦企業有限公司,臺中市神岡區社南里三社路四二八號,6200000,1050516
583,05754225,金翁油品有限公司,臺中市豐原區圳寮里圓環北路一段16號,2000000,1050524
584,05791191,銘鍾實業股份有限公司,臺中市大甲區武曲里橫圳街93號,5000000,1050511
585,05797717,健福印刷有限公司,臺中市大甲區薰風里順天路62巷2號,500000,1050519
586,05801228,洽蓁美企業有限公司,臺中市梧棲區下寮里築港路22號,5000000,1050527
587,05807124,翊弘金屬業股份有限公司,臺中市大甲區日南里幼九路13號,8000000,1050511
588,05831124,威雷工業有限公司,臺中市霧峰區丁台路154號,1000000,1050511
590,05831953,大禾塑膠股份有限公司,臺中市大里區仁化里工業九路160號1樓,20000000,1050522
591,05832257,太利企業股份有限公司,臺中市霧峰區錦州路352巷7號,22000000,1050506
592,05838251,冠謙企業有限公司,臺中市大肚區王田里王福街530巷65號1樓,5000000,1050509
593,05838359,彰昕工業股份有限公司,臺中市神岡區豐洲里豐工中路12號,25000000,1050510
594,05841050,賢經企業股份有限公司,臺中市大里區立新街88號1樓,70000000,1050509
602,06032660,台灣双葉工業股份有限公司,臺中市大里區健民里仁化工三路85號1樓,20000000,1050511
603,06034745,怡堡精機股份有限公司,臺中市西屯區協和里工業區38路187號,29000000,1050530
604,06035667,一珍食品有限公司,臺中市太平區宜昌東路178巷7號,5000000,1050520
605,06036130,炳森有限公司,臺中市東區東英路２３巷２之１號,5000000,1050529
606,06211559,助元健康食品工業有限公司,臺中市霧峰區本鄉里草湖路135巷1弄46號,5000000,1050520
619,06809352,龍友實業有限公司,臺中市西屯區工業區一路二巷三號六樓之八,5000000,1050529
696,08057217,伸原機械有限公司,臺中市大里區仁化路221巷51號,8000000,1050520
718,09445031,仙寶富企業有限公司,臺中市大甲區中山里甲后路一四一巷一二七號,8000000,1050502
788,11595106,國生交通股份有限公司,臺中市梧棲區頂寮里大仁路2段277巷28號4樓之10,25000000,1050511
789,11614602,婦友股份有限公司,臺中市豐原區翁社里豐年路86號,29500000,1050517
854,12173786,展欣貿易有限公司,臺中市西屯區巿政北一路77號8樓之8,5000000,1050516
921,12329866,松昂貿易有限公司,臺中市北屯區雷中街25巷30號,5000000,1050513
949,12388941,陽明數位科技股份有限公司,臺中市大里區中湖路130巷22號1樓,100000000,1050525
1050,12605010,耿勝工業有限公司,臺中市大安區福住里南北六路一一一巷一○號,5000000,1050529
1052,12605898,姿妳生化科技股份有限公司,臺中市北區頂厝里進化北路261號1、2樓,6000000,1050511
1054,12606025,富久廣告工程事業有限公司,臺中市太平區新光里新光路68-8號4樓,1000000,1050522
1060,12607853,良玄企業有限公司,臺中市太平區德隆路202巷22號,5000000,1050513
1062,12608261,誼暻工業有限公司,臺中市豐原區南田里水源路192巷57之1之1號,3000000,1050516
1065,12608564,元大環保工程有限公司,臺中市大里區上興街二段五一巷四二號一樓,5000000,1050519
1075,12612032,華越興實業有限公司,臺中市霧峰區北柳里四德路406號1樓,5000000,1050512
1079,12612906,龍明豊有限公司,臺中市西區公正里精誠11街33號1樓,5000000,1050529
1081,12613166,喬達企業有限公司,臺中市北區錦和里三民路3段217號6樓之17,500000,1050530
1089,12616282,翰霆營造有限公司,臺中市大里區瑞城里中興路1段2巷159弄21號2樓,11000000,1050502
1093,12616677,騰煇電器有限公司,臺中市沙鹿區興安里大同街8之1號,500000,1050514
1105,12617846,大毅建設股份有限公司,臺中市北屯區崇德路三段1號,360000000,1050502
1113,12621546,源源成有限公司,臺中市太平區長億里永和街四號一樓,3500000,1050507
1119,12622897,華統圖書有限公司,臺中市西屯區漢成街65號1樓,3000000,1050513
1122,12623447,上邑貿易有限公司,臺中市大肚區大肚里福利路118巷3號1樓,3000000,1050521
1125,12624579,劦宏建材有限公司,臺中市沙鹿區三鹿里向上路七段612號,5000000,1050525
1134,12626015,歐御醫療器材實業有限公司,臺中市西區公益里忠明南路239號3樓,5056000,1050509
1140,12628977,天富染料有限公司,臺中市北屯區同榮里同榮路232巷29號1樓,1000000,1050509
1149,12632023,久全富紙器有限公司,臺中市烏日區溪南路三段852號1樓,5000000,1050518
1151,12633655,慶仁建設股份有限公司,臺中市西區五權西三街79號1樓,100000000,1050516
1152,12633873,森泉企業股份有限公司,臺中市南區仁和路276號,88000000,1050521
1166,12639237,曾記國際有限公司,臺中市太平區大興路90號1樓　,500000,1050505
1167,12639834,政俐工業有限公司,臺中市梧棲區永安里中華路一段281號,1000000,1050502
1172,12641310,君霖機械有限公司,臺中市太平區平安里精美路198號1樓,5000000,1050504
1176,12642845,廣英資訊電子商務有限公司,臺中市龍井區東海里藝術南街13號一樓,1000000,1050505
1187,12646976,華洋國際有限公司,臺中市大甲區頂店里中山路1段1130-1號1樓,4000000,1050509
1323,12700035,元珹工業有限公司,臺中市后里區舊社里4鄰舊社路95-18號,5000000,1050506
1326,12702343,振東國土測繪有限公司,臺中市潭子區潭陽路30巷8號,2000000,1050523
1328,12702575,高市高爾夫股份有限公司,臺中市南屯區保安五街201號1樓,114000000,1050519
1337,12705799,統一創作實業有限公司,臺中市大里區新里里永明街170號1樓,1000000,1050512
1345,12709752,成基營造工程有限公司,臺中市西區昇平里中興街47號,10000000,1050512
1348,12710625,惠昌機械廠有限公司,臺中市東區東門里東門路一○一號一樓,1000000,1050503
1349,12711645,呂氏栢記雪花齋實業有限公司,臺中市西區民生里民權路31號,500000,1050514
1350,12711808,領先文化企業有限公司,臺中市北屯區崇德二路一段12號1樓,1000000,1050506
1355,12712671,國倫營造有限公司,臺中市太平區東平里東平路636號7樓,5000000,1050503
1360,12715754,福龍國際有限公司,臺中市北屯區陳平里敦化路三一七號一樓,5500000,1050522
1362,12716249,展大砂石有限公司,臺中市北區崇興路二段二巷一號三樓,1000000,1050522
1363,12716424,野馬企業股份有限公司,臺中市梧棲區港埠路一段31號,18000000,1050517
1367,12717198,羅賓森實業有限公司,臺中市潭子區頭家里得天街91巷66號一樓,500000,1050512
1368,12717438,咨鋒精密工業有限公司,臺中市神岡區社南里民生路50巷40號,5000000,1050524
1370,12718112,富康保險經紀人股份有限公司,臺中市西區臺灣大道二段285號23樓之2,6000000,1050509
1372,12718844,宏噠工業有限公司,臺中市神岡區豐洲里神洲路130巷23之6號1樓,15000000,1050514
1375,12719180,立仰實業有限公司,臺中市大肚區頂街里大明二街99號1樓　,5000000,1050507
1378,12721910,豐昱國際股份有限公司,臺中市西屯區何南里臺灣大道二段689號地下1樓之1至之3及9至12樓、東興路三段407號、東興路三段409號2樓之1至13樓之20,400000000,1050505
1380,12722609,奉申實業有限公司,臺中市大雅區員林里神林路一段二一七巷一五號一樓,500000,1050523
1384,12723678,宜達通開發股份有限公司,臺中市神岡區大社里豐社路128號,7000000,1050509
1388,12724753,馬吉克工業有限公司,臺中市烏日區北里里太明路211巷75號1樓,3000000,1050530
1397,12725351,華成百貨企業有限公司,臺中市北屯區東山路1段210巷9號1樓,5000000,1050524
1399,12726582,捷升空調工程有限公司,臺中市南區建成路1143號1樓,10000000,1050526
1400,12726719,欣恆陽股份有限公司,臺中市大雅區員林里大林路322巷17之1號,5000000,1050517
1406,12728651,亦世家裝璜工程有限公司,臺中市霧峰區復興路二段59號1樓,5000000,1050517
1409,12729997,正宗投資股份有限公司,臺中市北屯區松安里松和街136巷2號1樓,123000000,1050520
1410,12730559,大昌製本裝訂有限公司,臺中市北屯區瀋陽路三段三七一號一樓,5000000,1050510
1413,12730713,立任機械有限公司,臺中市烏日區九德里長春街五八三巷二二號一樓,6000000,1050531
1414,12730930,文心機電工業有限公司,臺中市烏日區螺潭里溪南路二段388巷82號,10000000,1050518
1429,12736651,台億新精機有限公司,臺中市沙鹿區六路里平等十街113巷1號,3080000,1050519
1432,12737785,南投消防設備工程管理顧問有限公司,臺中市西區公正里華美西街一段28號1樓,5000000,1050517
1434,12737808,鑫連盛有限公司,臺中市大里區瑞城里塗城路451巷13號一樓,1000000,1050506
1439,12739284,佳果多實業有限公司,臺中市豐原區水源路9巷161號1樓,10000000,1050512
1440,12740022,中科大飯店股份有限公司,臺中市北屯區平福里旅順路二段7號1至19樓,24000000,1050528
1444,12742149,展悅營造有限公司,臺中市太平區豐年里大源十五街60號1樓,3000000,1050520
1447,12742680,鳳宇營造有限公司,臺中市西屯區上石路30巷22號1樓,9000000,1050525
1451,12743479,仟郁交通有限公司,臺中市東勢區泰昌里泰昌二街32號1樓,29000000,1050530
1454,12744272,永潤發企業有限公司,臺中市西屯區何成里大隆路１７６號３樓,2000000,1050509
1459,12745595,威啟工業有限公司,臺中市大里區新里里文芳街55號1樓,1000000,1050526
1464,12745883,麗太科技股份有限公司,臺中市龍井區忠和里西濱路三段25號,45000000,1050502
1471,12747496,大勝加油站有限公司,臺中市大里區大明路482號1樓,120000000,1050516
1473,12748538,觀見川石室內裝修設計有限公司,臺中市中區三民路二段37號4樓之6,4000000,1050502
1483,12750822,捷晉企業有限公司,臺中市沙鹿區埔子里正英路96號,2000000,1050514
1485,12751189,廷帛企業有限公司,臺中市南區美村路二段186號6樓之4　　,2500000,1050519
1487,12751815,錦芳美食料理有限公司,臺中市潭子區栗林里中山路三段396、398號,1800000,1050512
1489,12752080,森之佳國際有限公司,臺中市大甲區通天路71號,2000000,1050525
1491,12752363,侑成營造有限公司,臺中市大里區內新里益民路一段209巷41弄9號1樓,6000000,1050505
1496,12754307,吉工房企業有限公司,臺中市南屯區黎明路1段832號1樓,6000000,1050523
1497,12754910,勝傑興木業有限公司,臺中市神岡區大社里大漢街53巷3號,500000,1050510
1502,12756781,開勝國際有限公司,臺中市南屯區大墩13街18號1樓,1000000,1050519
1506,12757466,吳氏碳化鎢股份有限公司,臺中市西屯區協和里安和西路77號2樓之2,29000000,1050510
1509,12757888,大如運通國際有限公司,臺中市南屯區京展街242號,5000000,1050530
1510,12758084,高屹有限公司,臺中市南屯區豐樂里豐安街158號1樓,5000000,1050504
1511,12758423,甲旺營造工程股份有限公司,臺中市北屯區軍功里旱溪東路3段91號1樓,10000000,1050527
1514,12758900,綠緣企業有限公司,臺中市西屯區工業區一路58巷11弄27號1樓,3000000,1050511
1519,12761200,欣益廣企業有限公司,臺中市西區公民里五權四街38號,10000000,1050521
1526,12764184,合家仁實業有限公司,臺中市大里區內新里中興路二段476號1樓,500000,1050523
1535,12766227,大翔交通有限公司,臺中市梧棲區草湳里臨港路三段960號,25000000,1050520
1544,12768837,御品營造有限公司,臺中市北區明新里忠明路485巷21弄16號1樓,3000000,1050509
1547,12769934,邦奇興業有限公司,臺中市潭子區東寶里民族路1段312巷26弄15號1樓,500000,1050519
1548,12770876,文宏有限公司,臺中市沙鹿區沙鹿里中正街正平巷二之二號,500000,1050526
1557,12773058,勝幄消防安全設備有限公司,臺中市南屯區大同里大墩七街30號,3000000,1050505
1558,12773070,東旭貿易有限公司,臺中市南屯區田心里惠心街115號1樓,7000000,1050504
1583,12779341,金佰萬廣告工程有限公司,臺中市太平區新坪里10鄰育德路105號1樓,1000000,1050525
1584,12780109,淂點有限公司,臺中市外埔區六分路六支巷35之2號,3000000,1050516
1586,12780874,威迅國際股份有限公司,臺中市南區美村路2段148巷1號1樓,9600000,1050506
1595,12783008,家維實業有限公司,臺中市北區漢口路四段287巷15號1樓,5000000,1050503
1599,12783801,隆興禮儀有限公司,臺中市豐原區豐西里豐社路64巷4號1樓,1000000,1050501
1606,12785667,郁珺有限公司,臺中市沙鹿區鹿寮里賢義街97號,500000,1050513
1607,12785765,駿毅營造有限公司,臺中市外埔區中山里中山路441之6號一樓,3000000,1050530
1610,12786814,日越國際有限公司,臺中市南屯區三厝里惠中路3段56巷18號1樓,22600000,1050511
1612,12787314,遠中通信有限公司,臺中市烏日區仁德里中山路1段377號1樓,6000000,1050528
1614,12787644,董逸有限公司,臺中市后里區中和里民間路十號,1000000,1050526
1617,12788453,喬鈜機械有限公司,臺中市南屯區文心南五路一段528號1樓,12000000,1050520
1619,12789679,比德凱帝企業管理顧問有限公司,臺中市沙鹿區六路里六路十六街一二號,500000,1050520
1622,12790839,大邦交通有限公司,臺中市梧棲區臨港路三段960號,25000000,1050517
1623,12791696,梓涵電子有限公司,臺中市南區福順里復興路二段99巷46之1號1樓,3500000,1050503
1625,12792533,永貿消防企業有限公司,臺中市大里區永興路224號,1000000,1050520
1627,12792837,匯恆豐貿易股份有限公司,臺中市南區南和路183之3號,5000000,1050519
1630,12793744,世興旅行社有限公司,臺中市南屯區大業里公益路二段61號5樓之2,35000000,1050505
1632,12794032,同光有限公司,臺中市西區吉龍里五權一街32號1樓,3000000,1050526
1633,12794151,松板控制器材有限公司,臺中市東區東英里東英路606號1樓　　,2000000,1050502
1638,12795320,陽舜實業有限公司,臺中市大里區慈德路310巷12弄7號,3000000,1050517
1639,12795497,春億景觀工程有限公司,臺中市大里區立德里立中五街61號1樓,1000000,1050523
1644,12796799,鑫彪機械股份有限公司,臺中市大安區永安里1鄰東西四路80巷8號,3000000,1050506
1664,12801940,金吉興鋼鐵有限公司,臺中市霧峰區舊正里北岸路三七號,3000000,1050523
1670,12804670,鉅錀科技股份有限公司,臺中市東區東英路407號1樓,1000000,1050522
1671,12804881,葳葆實業有限公司,臺中市南區合作街240號一樓,5000000,1050513
1674,12806327,蒔瑞有限公司,臺中市沙鹿區六路三街23號1樓,1000000,1050522
1675,12806451,聖銓工程有限公司,臺中市北區賴厝里永興街315巷8號1樓,12000000,1050531
1676,12806543,九源環境工程有限公司,臺中市北屯區松竹北一街53號1樓,5000000,1050503
1687,12809160,永旭昇企業有限公司,臺中市霧峰區吉峰里民生路208之2號1樓,6000000,1050523
1690,12809871,晨勝實業有限公司,臺中市龍井區龍津里20鄰中央路一段238巷12弄7號1樓,1000000,1050513
1691,12810265,存億有限公司,臺中市南區五權南路189號1樓,2500000,1050513
1698,12812708,衍舟實業有限公司,臺中市龍井區龍津里三港路326巷12號,4000000,1050526
1700,12813050,一正工商財稅管理顧問有限公司,臺中市北區中華路2段130-1號2樓,23680000,1050524
1702,12813410,木利營造有限公司,臺中市清水區南社里信義路33號1樓,10000000,1050528
1705,12814425,和順裕汽車有限公司,臺中市太平區太平路七二六號一樓,3800000,1050507
1710,12816021,允泰國際企業有限公司,臺中市南屯區同安南巷21之8號,1000000,1050528
1711,12816845,富聯營造有限公司,臺中市東區旱溪西路一段50號1樓,10000000,1050514
1712,12817231,金品富工業有限公司,臺中市太平區新仁路一段22巷90號,6000000,1050523
1716,12819420,酉實有限公司,臺中市大里區東興里永興路219號,5000000,1050518
1722,12822213,新阿杜風味有限公司,臺中市南屯區文心路1段538-1號1樓,2000000,1050517
1723,12822889,泓升企業有限公司,臺中市清水區下湳里中山路539之8號1樓,1000000,1050524
1725,12823249,汶德電腦事務用品有限公司,臺中市北屯區豐樂路17巷13弄31號1樓,2000000,1050523
1733,12826105,艾瑞思實業有限公司,臺中市神岡區中山路851巷35弄24號1樓,2500000,1050502
1736,12826908,現代印章印材有限公司,臺中市大雅區二和里神林南路292巷1弄2號1樓,5000000,1050502
1737,12827012,達盈投資股份有限公司,臺中市北屯區遼陽六街64號1樓,33000000,1050523
1742,12828146,翕勤實業有限公司,臺中市南區福興里永和街125巷16弄9號1樓,1000000,1050512
1744,12828309,立環科技股份有限公司,臺中市西區樂群街91號1樓,10000000,1050504
1746,12828589,共和新工業股份有限公司,臺中市西屯區台中港路3段123號10樓之2,10000000,1050510
1747,12828624,日煌空油壓機械有限公司,臺中市北屯區安順東四街30號1樓,1000000,1050510
1749,12828933,芳露實業有限公司,臺中市霧峰區四德北路85巷3-16號,500000,1050514
1751,12829790,元登汽車有限公司,臺中市北屯區三光里東光路八一六號三樓,1000000,1050509
1752,12829840,澤永祥國際有限公司,臺中市北屯區水湳路建昌巷7弄80號1樓,500000,1050510
1757,12831141,純品生活國際有限公司,臺中市北屯區豐樂五街35號1樓,500000,1050513
1759,12832401,力源水處理工程有限公司,臺中市北屯區水湳里文心路四段八一號八樓之一,5000000,1050519
1763,12833653,干邑興業有限公司,臺中市西屯區何德里大信街56號1樓,1000000,1050526
1769,12834745,佑倉營造有限公司,臺中市霧峰區萊園里萊園路１４１巷１弄１２號,3000000,1050510
1774,12835759,凱伯興業有限公司,臺中市烏日區公園路422號1樓,1000000,1050526
1776,12836286,力訓科技有限公司,臺中市西屯區福恩里工業區一路2巷3號6樓之2,20000000,1050516
1779,12837721,今元由實業股份有限公司,臺中市沙鹿區中山路24之30號　,30000000,1050528
1784,12839143,禮勝有限公司,臺中市梧棲區南簡路28號,5000000,1050524
1790,12840508,椲達紙業有限公司,臺中市豐原區田心里圓環東路85號1樓,15000000,1050520
1793,12841197,峰泰環保工程有限公司,臺中市太平區德隆路146巷17號1樓　,6000000,1050516
1797,12842267,二零八八資訊科技有限公司,臺中市南屯區永春東一路708號1樓,5000000,1050503
1802,12842956,秉誠國際有限公司,臺中市西屯區工業區一路2巷3號3樓之9,6000000,1050520
1806,12844949,艾飛爾國際有限公司,臺中市西區大進街151巷4號,5000000,1050505
1811,12845623,大錦營造工程有限公司,臺中市南區福興里南平路296號九樓之3,3000000,1050529
1812,12846377,立崴國際有限公司,臺中市神岡區社南里中山路667巷127-2號1樓,1000000,1050522
1817,12847122,富薪實業有限公司,臺中市沙鹿區斗抵里沙田路斗南巷83弄1號1樓,600000,1050528
1821,12848380,景翊美廣告工程有限公司,臺中市南屯區南屯路二段207-2號8樓,500000,1050516
1823,12848972,典亮環保有限公司,臺中市沙鹿區興仁里四平街20號1樓,1000000,1050509
1886,12881009,宸來洋酒企業有限公司,臺中市西區公正里東興路3段17號,4000000,1050520
1887,12881113,杰仕企業有限公司,臺中市大里區三民二街５７巷５７號１樓,1000000,1050524
1899,12885574,聚鴻有限公司,臺中市西屯區惠來里西屯路二段180巷25號,500000,1050504
1901,12886089,長隆人力資源股份有限公司,臺中市北區忠明路200號2樓,30000000,1050505
1904,12887783,鉅峰企業有限公司,臺中市南屯區春社里永春南路343號1樓,5000000,1050522
1905,12888024,富勻有限公司,臺中市北區長青里武昌路66號1樓,1000000,1050521
1907,12889065,山普利斯有限公司,臺中市沙鹿區正德路149巷5號,1000000,1050512
1915,12892759,京倢股份有限公司,臺中市西屯區福和里臺灣大道四段671巷1弄77號1樓,2000000,1050528
1918,12893027,富裕勝有限公司,臺中市大里區仁德里至善路11號1樓,1000000,1050524
1920,12893785,盛瑞泰精密工業有限公司,臺中市太平區宜昌東路１８２號,6500000,1050521
1921,12893791,永農整合展覽事業有限公司,臺中市烏日區螺潭里環中路八段1219巷78弄9號,12000000,1050516
1922,12894567,浚威企業有限公司,臺中市西屯區惠來里市政路105號2樓之1,22560000,1050514
1923,12894721,陽線紙製品興業有限公司,臺中市南屯區豐樂里文心南二路481號1樓,1000000,1050521
1926,12895236,永聰工業有限公司,臺中市梧棲區大庄里光明東街64號,1600000,1050517
1928,12895799,和河企業有限公司,臺中市西屯區港尾里中清路二段1250巷7號1樓,1000000,1050502
1934,12898162,成聚股份有限公司,臺中市南屯區三厝里大富街98號3樓,9000000,1050507
1935,12898228,東良營造有限公司,臺中市北屯區三和里東山路一段146之27號6樓,3000000,1050526
1936,12898509,詠冠策略行銷顧問有限公司,臺中市中區大墩里三民路二段29號2樓之1,1000000,1050511
1939,12898753,品致企業有限公司,臺中市太平區德隆里光德路195號1樓,20000000,1050526
1940,12899351,永立營造有限公司,臺中市烏日區烏日里大同路19號1樓,25000000,1050516
1944,12899747,天地遊戶外股份有限公司,臺中市南屯區五權西路二段316號1樓,5000000,1050506
1945,12900575,揚網科技有限公司,臺中市北屯區平昌里柳陽東街45號6樓之5,2000000,1050517
1954,12902969,富維科技有限公司,臺中市西區東昇里樂群街109-1號1樓,1000000,1050504
1956,12903144,技明水處理工程有限公司,臺中市西屯區惠來里青海路二段49巷28號1樓,5000000,1050519
1957,12903159,新佳龍工程有限公司,臺中市龍井區南寮里遊園南路四九八巷二０弄七號一樓,3000000,1050514
1959,12903664,程泰汽車科技有限公司,臺中市豐原區中陽里自強街82號1樓,500000,1050530
1960,12903708,春橋企業有限公司,臺中市大里區仁堤路３８號１樓,6000000,1050526
1962,12904208,新馳實業股份有限公司,臺中市西屯區臺灣大道二段715號5樓之3,13800000,1050504
1975,12907303,大方廣國際設計有限公司,臺中市南屯區同心里文心路一段218號14樓之6,5500000,1050510
1976,12907471,旻瑜實業有限公司,臺中市西屯區何仁里永昌3街48號1樓　,1000000,1050506
1978,12908372,高比麗營造有限公司,臺中市清水區西社里海濱路51巷12號1樓,10000000,1050503
1982,12908611,德盁營造有限公司,臺中市龍井區龍津里中央路一段238巷9弄5號1樓,3000000,1050524
1983,12908823,東海國際有限公司,臺中市清水區和睦路三段250號1樓,1000000,1050518
1999,12913902,立邦興投資股份有限公司,臺中市西屯區文華路138巷6號2樓,20000000,1050511
2007,12916149,朝振嘉實業有限公司,臺中市北屯區橫坑巷46之9號1樓,10000000,1050516
2017,12919271,利淇國際有限公司,臺中市南屯區三和里永春東七路880號5樓之3,1000000,1050509
2019,12919624,貿義實業有限公司,臺中市大雅區文雅里中山北路151巷8號1樓,2000000,1050505
2021,12919862,依達有限公司,臺中市西屯區寧夏東二街14號1樓,12490000,1050516
2024,12920312,惠鼎營造有限公司,臺中市西區五權西路一段237號8樓之1,6000000,1050520
2033,12923063,勁陽車業股份有限公司,臺中市南屯區大墩五街82號1樓,20250000,1050512
2036,12923606,工俱家企業有限公司,臺中市東區東英里東英十街67號1樓,19500000,1050528
2038,12924226,彥宣機械事業有限公司,臺中市西屯區潮洋里臺灣大道三段683號3樓之2,10000000,1050513
2045,12925317,漢德威企業有限公司,臺中市大里區大衛路四一號一樓,16000000,1050504
2046,12925323,果子町有限公司,臺中市太平區中平里中興路55之11號2樓,25000000,1050519
2047,12925344,亞斯伯實業有限公司,臺中市豐原區北陽里豐東路90號1樓,1000000,1050505
2049,12925891,展楊金屬有限公司,臺中市烏日區光明路162巷15號1樓,2000000,1050518
2058,12929405,瑞壕環保工程有限公司,臺中市潭子區圓通南路81巷7號,6000000,1050506
2059,12929453,棹揚實業有限公司,臺中市豐原區豐圳里成功路635巷70號1樓,1000000,1050524
2062,12930769,長新貿企業有限公司,臺中市北屯區仁美里昌平東五路498號1樓,30000000,1050506
2063,12930938,程新科技有限公司,臺中市西區藍興里仁福街80號1樓,5000000,1050510
2133,12970591,利滙科技股份有限公司,臺中市大雅區中清路三段839號2樓,50000000,1050506
2160,12981014,玩偶的家實業股份有限公司,臺中市豐原區西湳里葫蘆墩一街309號,10000000,1050506
2163,12981366,大典事務機器有限公司,臺中市豐原區中山路220之5號5樓之3,1000000,1050521
2164,12981534,百索網路科技有限公司,臺中市南屯區向上南路一段287號1樓,16000000,1050530
2165,12981892,竣盛水電工程有限公司,臺中市大里區立德里甲堤南路99號一樓,2000000,1050518
2170,12982983,塑懋機械有限公司,臺中市東區十甲東路359號,10000000,1050516
2171,12983907,良友營造有限公司,臺中市潭子區福仁里圓通南路81巷7號1樓,3000000,1050502
2172,12985124,鴻勝興有限公司,臺中市大里區新仁三街17號,1000000,1050528
2175,12985270,紹鼎光電科技有限公司,臺中市太平區平安里精美路113號1樓,2000000,1050524
2178,12986432,松柏國際事業有限公司,臺中市北屯區平昌里天津路４段２５３號,1000000,1050531
2183,12988966,韋佶實業有限公司,臺中市大里區新仁里新仁七街12號,5000000,1050505
2184,12989297,栩皓有限公司,臺中市烏日區學田路便行巷256號1樓,1000000,1050511
2189,12990576,杜威海外教育股份有限公司,臺中市南屯區五權西路二段666號14樓之1,20000000,1050512
2191,12990908,玖興工業有限公司,臺中市梧棲區草湳里梧南路6-8號,3000000,1050505
2195,12992960,廣台金屬有限公司,臺中市南區忠明南路580巷19號2樓,1000000,1050525
2196,12993187,宏晟國際企業有限公司,臺中市西屯區青海路二段源通巷38弄2之1號1樓,500000,1050525
2198,12993573,凱特力貿易有限公司,臺中市南屯區永定里黎明路2段71巷35號1樓,3500000,1050517
2204,12994974,樺豐顧問有限公司,臺中市南屯區大誠里大墩一街42號地下一層之30,1000000,1050526
2205,12995185,雄霸工程有限公司,臺中市西屯區福安里福中一街四九號一樓,5000000,1050502
2212,12997000,御隆食品有限公司,臺中市太平區中和街102巷3號1樓,500000,1050502
2214,12997297,慈元貿易有限公司,臺中市大雅區上楓里雅楓街54號,1000000,1050529
2220,12999529,湧鑫營造有限公司,臺中市大里區樹王里樹王路340號,3000000,1050511
2222,12999865,毅豐開發有限公司,臺中市西屯區何安里文心路三段161號,500000,1050526
2228,13001404,豐合汽車有限公司,臺中市豐原區南陽里圓環東路292號,2000000,1050518
2231,13002635,天晟運輸股份有限公司,臺中市北屯區熱河路三段182號1樓,25000000,1050512
2234,13003233,慶沅實業股份有限公司,臺中市大雅區上楓里雅楓街156號,5000000,1050506
2249,13007049,協泰利企業有限公司,臺中市西屯區市政路604巷31號1樓,880000,1050504
2254,13008069,宏維玻璃有限公司,臺中市北屯區北興里南京東路三段33號1樓,1000000,1050505
2260,13009383,馨盛營造有限公司,臺中市南屯區大同里大墩七街141號1樓,10909747,1050517
2263,13009975,協和商業有限公司,臺中市梧棲區中正里中興路324號1樓,2400000,1050523
2265,13010543,鑫茂機械工業股份有限公司,臺中市大里區仁化路676號,95000000,1050513
2270,13011769,瑞踴企業有限公司,臺中市神岡區神洲路七八二號,1000000,1050507
2271,13012556,美信精密科技有限公司,臺中市太平區新福路851號,500000,1050524
2274,13013773,益基室內裝修有限公司,臺中市北屯區松安里崇德六路一段17號1樓,5000000,1050530
2279,13014695,好師傅居家服務有限公司,臺中市烏日區建國路333號1樓,7500000,1050504
2281,13015097,玖毅五金股份有限公司,臺中市烏日區溪南路一段506巷578號,15000000,1050521
2285,13016201,隆源工程有限公司,臺中市西區公民里五廊街151號1樓,1000000,1050516
2292,13017638,富麒營造有限公司,臺中市潭子區聚興里16鄰潭興路一段17巷13之146號,3000000,1050510
2296,13018236,紫陽營造有限公司,臺中市大肚區蔗廍里中蔗路二巷3弄16號1樓,3000000,1050523
2299,13018566,成興科技股份有限公司,臺中市龍井區東海里國際街183號2樓,3000000,1050509
2302,13019404,力碁盟國際有限公司,臺中市南屯區三厝里向上路三段71號1樓,5000000,1050509
2309,13021773,及周有限公司,臺中市大里區東興里國光路二段四九一號一樓,2000000,1050510
2311,13022267,上竹精密機械有限公司,臺中市潭子區大豐里潭富路二段101號1樓,500000,1050519
2312,13022365,葦達營造有限公司,臺中市西屯區四川三街67號1樓,7500000,1050526
2323,13028760,艾爾發智能企業有限公司,臺中市西屯區福林里台中港路三段128巷20號7樓之1,5000000,1050506
2326,13029091,超級家族數位資訊股份有限公司,臺中市南屯區溝墘里大業路370號2樓,15000000,1050523
2330,13029521,月眉加油站有限公司,臺中市后里區眉山里甲后路一一三七號,5000000,1050525
2333,13030077,寬敏實業有限公司,臺中市南屯區向上南路一段163號2樓之4,2000000,1050504
2338,13030610,鼎鋒木器有限公司,臺中市大雅區學府路23巷18弄20號,1000000,1050511
2342,13031786,東勢汽車修理有限公司,臺中市東勢區中寧里公園路27號1樓,1000000,1050525
2344,13032687,玖鶴實業有限公司,臺中市南屯區大川街60號2樓,5000000,1050504
2352,13034550,德眾工程顧問股份有限公司,臺中市北區北興街175號2樓,11000000,1050505
2354,13035100,威樂音響有限公司,臺中市西屯區福上巷１８１弄８號１樓,500000,1050519
2355,13035994,正翰紙業有限公司,臺中市烏日區九德里中華路96巷43號1樓,500000,1050531
2358,13037487,金一昌工業有限公司,臺中市大里區大里路499號,1000000,1050530
2360,13037732,三興鐵工廠有限公司,臺中市南區國光路１３４巷１５號,10000000,1050518
2368,13039653,船景企業有限公司,臺中市大里區東湖里長春路96號1樓,1000000,1050511
2372,13040981,亞利士實業有限公司,臺中市大甲區義和里重義二路159號,500000,1050502
2378,13042067,聖展營造有限公司,臺中市大里區健民里健民路39巷15號1樓,3000000,1050510
2380,13042741,龍景揚實業有限公司,臺中市大肚區頂街里華昌街225巷13弄5號1樓,2000000,1050516
2385,13044059,豐興科技資源有限公司,臺中市清水區橋頭里五權東路99號　,5000000,1050524
2391,13046177,宜欣事務機器有限公司,臺中市神岡區神岡路77號1樓,7000000,1050509
2394,13046958,利成營造有限公司,臺中市西區公平里精美街37號1樓,3000000,1050526
2397,13048251,日永旭興業有限公司,臺中市南屯區黎明路二段71巷32弄9號,1000000,1050502
2399,13048941,利陽興業有限公司,臺中市大雅區四德里龍善三街一八號,2000000,1050510
2400,13049104,良信勇科技有限公司,臺中市西區華美西街一段137號2樓,10000000,1050510
2407,13050397,新崮有限公司,臺中市南屯區大墩路880號7樓,1000000,1050523
2413,13052368,聚祥工程顧問有限公司,臺中市西區公益里忠明南路237號12樓之2,1000000,1050525
2414,13052705,凱蒂餐飲調理食品有限公司,臺中市潭子區南門街75號,10500000,1050506
2420,13056358,鴻銘機械有限公司,臺中市豐原區豐東路168巷12號,6000000,1050505
2424,13057482,東楊整合行銷有限公司,臺中市南屯區東興路二段98號8樓,6000000,1050523
2429,13059144,聯盛科技有限公司,臺中市南屯區豐樂里文心南二路465號,2000000,1050516
2433,13059762,上合美生活風尚有限公司,臺中市北屯區平順里安順東十街11號1樓,1000000,1050509
2434,13059828,佳明生技有限公司,臺中市西屯區文心路二段201號20樓之6,1000000,1050510
2437,13060466,宏昇禮儀有限公司,臺中市大里區國光里德芳南路281號1樓,2000000,1050513
2440,13061211,原產地國際食品有限公司,臺中市烏日區烏日里大同三街38號1樓,5000000,1050525
2448,13064842,台灣誠力藥業有限公司,臺中市南屯區南屯里黎明路一段1086巷10號1樓,2000000,1050521
2450,13065618,黑龍江建設有限公司,臺中市霧峰區中正路一二二四巷十七弄十二號一樓,10000000,1050511
2451,13066095,允正貿易有限公司,臺中市南屯區大墩十四街285號3樓,500000,1050518
2455,13066709,資雅堂企劃有限公司,臺中市西屯區長安路一段83號2樓,6500000,1050525
2456,13067003,趙威企業有限公司,臺中市梧棲區文化里民生街6巷23號,26000000,1050520
2458,13068994,精智國際企業有限公司,臺中市大里區東興路九二巷二○號一樓,500000,1050503
2459,13069023,神鈦科技有限公司,臺中市南屯區三和里黎明路二段282號1樓,3500000,1050502
2463,13069733,善利有限公司,臺中市太平區宜佳里宜佳街8巷28號1樓,9200000,1050512
2465,13070318,鋐達工程有限公司,臺中市太平區溪洲西路17號1樓,500000,1050523
2470,13072239,昶泰機械有限公司,臺中市北屯區后庄里后庄七街二０二巷六號,1000000,1050514
2471,13072483,秉誠公寓大廈管理維護有限公司,臺中市霧峰區丁台路316號1樓,10000000,1050516
2473,13073238,龍鼎科技有限公司,臺中市豐原區大湳里大仁街11號1樓,1000000,1050518
2475,13073363,茂勝工業有限公司,臺中市北屯區軍福十八路320號1樓,1000000,1050502
2476,13073737,杉河企業有限公司,臺中市清水區橋頭里民有路一二五巷二七號,1000000,1050521
2478,13074270,寶琳醫療用品有限公司,臺中市北區學士路246之1號1樓,2800000,1050523
2480,13075144,貴冠科技有限公司,臺中市大雅區雅環路1段300巷1弄10號1樓,15000000,1050513
2482,13075778,上齊視覺形象設計有限公司,臺中市西區四維街29號1樓,2800000,1050502
2483,13076066,急食鮮調理食品有限公司,臺中市太平區鵬儀路296巷6弄45號,20000000,1050512
2486,13076880,振太國際機械有限公司,臺中市太平區永豐路一五七巷九號,1000000,1050521
2494,13080527,裕泰科技開發有限公司,臺中市潭子區聚興里潭興路一段一七巷十四之三七號二樓,500000,1050513
2520,13093121,綠欣園藝有限公司,臺中市大里區西榮里西榮路138巷9號6樓,8000000,1050510
2549,13103161,國科股份有限公司,臺中市西屯區協和里工業區32路30號,10000000,1050516
2582,13117242,永豐海商事業有限公司,臺中市南屯區鎮平里黎明路一段753之2號,500000,1050501
2590,13120204,金城科技電檢股份有限公司,臺中市南屯區黎明路二段91巷1號1樓,5000000,1050509
2609,13129009,齊可有限公司,臺中市西屯區惠中里文心路一段378號16樓之3,1500000,1050520
2647,13148195,康新光電科技有限公司,臺中市大里區東湖里垂統街118號1樓,5000000,1050524
2665,14002296,大霸股份有限公司,臺中市大甲區文武里雁門路240號,20000000,1050526
2677,14043016,南京新星記營造廠有限公司,臺中市西區臺灣大道二段489號27樓之2,35000000,1050523
2707,15078841,北大煤氣有限公司,臺中市龍井區龍崗里沙田路四段680號,6000000,1050501
2771,16000701,意城不銹鋼有限公司,臺中市南屯區楓樹里楓樹西一街１９號１樓,1000000,1050513
2788,16005298,金時代興業有限公司,臺中市大雅區上楓里民生路四段136巷115弄32號1樓,5000000,1050531
2789,16005425,宏帝實業有限公司,臺中市烏日區仁德里仁德街四十號一樓,2000000,1050503
2790,16005585,敬田工業有限公司,臺中市大肚區頂街里華昌街235號,1000000,1050518
2806,16013945,億雙企業有限公司,臺中市南區福興里復興路三段12號1、2樓,1000000,1050518
2809,16014373,大風實業有限公司,臺中市太平區大興十五街58巷30號1樓,1000000,1050517
2811,16015303,奕澤電機有限公司,臺中市大里區文心南路1273巷338號1樓,3000000,1050514
2815,16015795,安鳳企業有限公司,臺中市大肚區蔗    里太平路廿七號,5000000,1050517
2816,16016077,鑫億錩有限公司,臺中市西屯區工業區三十一路5號2樓,2000000,1050514
2818,16016387,暢琉有限公司,臺中市豐原區陽明里自強南街177號,5000000,1050519
2819,16017392,呈達工程有限公司,臺中市潭子區大富路一段二巷二二弄五二號一樓,5000000,1050517
2827,16019259,咏謚企業有限公司,臺中市潭子區潭陽里潭子街一段31巷7號,1000000,1050509
2831,16019764,加宏機械有限公司,臺中市大雅區橫山里永和路六甲巷5之8號,5500000,1050526
2839,16022629,紅橋實業有限公司,臺中市大雅區二和里神林南路349號,10000000,1050518
2846,16026890,德森興企業有限公司,臺中市太平區太平里永豐路157巷14號1樓,1000000,1050517
2847,16027384,新瑩興機械工業有限公司,臺中市烏日區長春街五○號一樓,2000000,1050512
2849,16027906,大峰加油站有限公司,臺中市大里區大峰路415號,12000000,1050517
2854,16030352,上陽開發室內裝修工程有限公司,臺中市南屯區大同里南屯路2段138號2樓,6000000,1050514
2856,16032014,建強科技有限公司,臺中市北屯區文心路四段81號12樓之2,1000000,1050511
2859,16033013,宏進電器工程有限公司,臺中市北區北興街129號1樓,5000000,1050502
2860,16033127,服杏企業有限公司,臺中市西屯區長安路1段29巷16弄17號2樓,22000000,1050518
2861,16033153,赫虹有限公司,臺中市北屯區水景里水景街39巷22號1樓,5000000,1050510
2862,16033246,良展行有限公司,臺中市南屯區萬和路一段七○號一樓,5000000,1050519
2864,16034104,光輪輪胎有限公司,臺中市后里區后里里三豐路302號,2000000,1050527
2876,16038312,順天機械有限公司,臺中市南區福興里永和街一二五巷三四號,1000000,1050519
2877,16038869,育樺股份有限公司,臺中市太平區成功路343號,5000000,1050528
2883,16039712,星汯企業有限公司,臺中市中區大誠街33之1號,1000000,1050518
2885,16040978,學能股份有限公司,臺中市豐原區東陽里東陽路156號,5000000,1050504
2887,16041272,三得國際有限公司,臺中市北屯區后庄里庄美路121號,2000000,1050517
2890,16042646,得盈開發有限公司,臺中市南屯區大墩十七街137號10樓,5000000,1050515
2893,16043342,巧合紙器有限公司,臺中市龍井區忠和里台西南路二二八巷十五號,1000000,1050524
2901,16048183,軒倫企業有限公司,臺中市神岡區庄後里福庄街136巷18號,500000,1050514
2907,16050933,金昌國際有限公司,臺中市神岡區神洲里神洲路506巷7弄1號,2000000,1050511
2916,16055753,新展金屬工業有限公司,臺中市大雅區員林里大林路271巷32之8號,2000000,1050526
2932,16059483,倢美企業股份有限公司,臺中市北屯區東光里北屯路298巷3之3號1樓,16000000,1050503
2936,16060849,弘宣實業有限公司,臺中市大雅區員林里民生路二段2號,1500000,1050530
2937,16060947,軒佑有限公司,臺中市潭子區潭陽里潭興路二段450號1號,3000000,1050503
2938,16061354,玄元顧問實業有限公司,臺中市南屯區文心南五路一段658號1樓,1000000,1050509
2939,16061642,將發有限公司,臺中市大雅區大雅里學府路三五九巷二六號,3000000,1050503
2944,16062451,正友國際有限公司,臺中市大雅區雅楓里神林南路115巷33號1樓,5000000,1050516
2946,16062873,名人水族器材有限公司,臺中市大雅區文雅里中山北路473巷64號1樓,5000000,1050523
2948,16063872,錚聯企業有限公司,臺中市梧棲區中央路一段643巷32弄7號,1000000,1050520
2950,16064211,國洲營造股份有限公司,臺中市南區正義街251號,50000000,1050530
2951,16064492,同哲有限公司,臺中市大里區國光里至聖路81號1樓,3000000,1050518
2954,16064839,潗成貿易有限公司,臺中市西屯區惠來里惠安巷114號1樓,5000000,1050503
2956,16066148,勝森建築板模有限公司,臺中市大甲區孟春里中山路二段321之2號,1000000,1050514
2969,16072768,承鋒工程有限公司,臺中市南屯區楓樹里楓樹東街450號1樓,500000,1050524
2973,16073680,恒鋐五金有限公司,臺中市東區東門里東門路163號1樓,20500100,1050517
3127,16185067,碁榮科技股份有限公司,臺中市烏日區溪南路1段680巷368弄10號1樓,5000000,1050520
3128,16185236,旻采實業有限公司,臺中市大里區東興里興大南街三三號一樓,1200000,1050516
3131,16185947,國鐽金屬工業有限公司,臺中市豐原區南村里水源路258巷7弄18號,1000000,1050511
3135,16188162,貝佳實業有限公司,臺中市太平區中興里永平路二段100號,10000000,1050509
3136,16188254,複上精機股份有限公司,臺中市豐原區豐榮里信義街155號10樓之2,24000000,1050531
3137,16188542,亞昇開發有限公司,臺中市大里區健民里鳳凰路206號1樓,2000000,1050531
3138,16188584,鈞龍機械工業有限公司,臺中市后里區中和里民間路10號,25000000,1050523
3140,16189372,祐盛營造有限公司,臺中市西屯區大弘三街８０號,15000000,1050503
3145,16191130,乙全汽車材料有限公司,臺中市西區公舘路124號1樓,600000,1050521
3147,16191595,成洋工業股份有限公司,臺中市太平區宜昌東路162號,16000000,1050513
3152,16193643,中南加油站股份有限公司,臺中市大甲區孟春里經國路2205號,21000000,1050503
3169,16198648,原誼工業股份有限公司,臺中市烏日區溪南路二段68巷250弄102號,5000000,1050520
3173,16199386,易鑫醫管股份有限公司,臺中市北屯區中清路一段407號4樓,122000000,1050514
3180,16201496,岱搌工業有限公司,臺中市南屯區文心南一路89號1樓,5000000,1050517
3185,16202544,苡立實業有限公司,臺中市大里區仁德里至善路5號,4000000,1050518
3192,16204199,韃明企業有限公司,臺中市大里區仁化路二二一巷四九號,1000000,1050526
3193,16204260,權威投資股份有限公司,臺中市西區土庫里忠明南路386號一樓,20000000,1050512
3195,16204774,石蒝化工有限公司,臺中市南屯區黎明路一段242巷19弄16號1樓,5000000,1050517
3196,16205090,唐毅機械有限公司,臺中市南屯區黎明路一段九六五巷五六號一樓,5000000,1050519
3197,16205296,桔田企業有限公司,臺中市大里區大智路552號1樓,5000000,1050506
3203,16206730,群廣有限公司,臺中市西屯區逢甲路225巷12號2樓,1000000,1050505
3204,16206936,宗佶有限公司,臺中市霧峰區南柳里新厝路230號,1000000,1050504
3207,16207745,長園科技實業股份有限公司,臺中市西屯區科雅東路9號,556465710,1050523
3221,16213958,朝陽系統整合有限公司,臺中市西屯區大鵬里文心路3段241號21樓之6,5000000,1050502
3222,16214210,昱聚有限公司,臺中市西區五權五街187號1樓,5000000,1050520
3233,16217032,立聖美術印刷有限公司,臺中市西屯區大河街64號1樓,5000000,1050518
3234,16217363,恒岡有限公司,臺中市太平區長億里永成北路128巷21弄3號1樓,3000000,1050509
3239,16219215,昇桔工業有限公司,臺中市大肚區王田里沙田路一段320巷33-15號,1000000,1050529
3245,16221009,奕境室內設計工程有限公司,臺中市南屯區向心里豐富路300巷58號,3000000,1050515
3247,16222014,洽發商務有限公司,臺中市沙鹿區沙鹿里大同街99號1樓,25000000,1050525
3250,16223463,昌鑫國際有限公司,臺中市神岡區神洲里神洲北路10巷12號,2000000,1050511
3253,16224483,美德投資股份有限公司,臺中市沙鹿區錦華街14號3樓,20000000,1050530
3262,16227679,富榆科技股份有限公司,臺中市潭子區栗林里民生街131巷20號,3000000,1050512
3263,16228848,高棋投資股份有限公司,臺中市沙鹿區錦華街１９號３樓,30000000,1050525
3264,16228930,同安投資股份有限公司,臺中市沙鹿區錦華街14號2樓,9000000,1050531
3269,16230772,俊鐽企業有限公司,臺中市西區公平里精誠十四街17號1樓,2000000,1050519
3279,16233785,永餘芳實業有限公司,臺中市大雅區橫山里中山路68號,5000000,1050523
3281,16234258,楊記投資股份有限公司,臺中市沙鹿區錦華街19號2樓,75000000,1050526
3282,16234659,皇品投資股份有限公司,臺中市沙鹿區錦華街19號1樓,30000000,1050525
3285,16235708,琦鋒金屬有限公司,臺中市沙鹿區斗抵里沙田路13-3號,1000000,1050525
3287,16236100,傳棋工業股份有限公司,臺中市大肚區新興里沙田路二段383號,5000000,1050514
3290,16237831,昌朋崎實業有限公司,臺中市南屯區干城街318巷11號1樓,5000000,1050525
3293,16238331,今網資訊科技股份有限公司,臺中市北區太原北路130號10樓之1,20000000,1050516
3298,16240358,懋昇精密工業股份有限公司,臺中市梧棲區永安里臨港路二段8號,3000000,1050523
3300,16241167,菩星有限公司,臺中市西區民龍里台中港路一段133號11樓之22,5000000,1050524
3301,16241172,栓懋興業有限公司,臺中市大雅區上楓里樹德街142巷7號1樓,5000000,1050523
3309,16244988,鎧壕企業有限公司,臺中市烏日區光明里光明路90號1樓,2000000,1050503
3312,16245488,蓉姿晏有限公司,臺中市潭子區潭陽里甘水路一段62號,10000000,1050519
3316,16246938,普星機械工業有限公司,臺中市豐原區東陽里東陽路69巷20號,10000000,1050509
3319,16247845,我的有限公司,臺中市北屯區仁和里昌平路二段四五之八號一樓,1000000,1050507
3323,16249029,臺灣張鋼電機有限公司,臺中市豐原區南田里富陽路235巷170弄16號1樓,5000000,1050523
3327,16252178,俊達機械有限公司,臺中市烏日區北里里太明路53巷2號,1000000,1050509
3328,16252261,上光膠業有限公司,臺中市南區樹義里福田三街87巷11號2樓,500000,1050524
3330,16253368,葳沃科技有限公司,臺中市北區漢口路四段287巷15號1樓,1000000,1050504
3332,16254367,久大吉有限公司,臺中市南屯區大同里大墩五街30號1樓,2500000,1050511
3334,16254818,欽翔企業有限公司,臺中市神岡區溪洲里豐洲路1501號1樓,10000000,1050520
3335,16254922,亞濃實業有限公司,臺中市北區中達里英才路170巷8之1號,5000000,1050526
3337,16255576,陞樺塗裝有限公司,臺中市太平區太平九街135號1樓,3000000,1050526
3338,16255605,寰華貴金屬有限公司,臺中市西區大忠街三三號地下一層,500000,1050509
3340,16256251,激暢事業有限公司,臺中市中區大誠街一一二號一樓,1000000,1050510
3345,16259399,晴烽有限公司,臺中市豐原區豐田里豐南街九二巷一○三弄一號,1000000,1050526
3368,16266223,晟訊股份有限公司,臺中市南區福平里美村路2段238巷3號1樓,1000000,1050517
3369,16266434,銓瑩電機有限公司,臺中市太平區大興里文林街52巷8號,5000000,1050527
3371,16267031,宏晉防水工程有限公司,臺中市北屯區松安里崇德六路一段77號1樓　,1000000,1050513
3379,16270269,國眾環保工程有限公司,臺中市西屯區黎明路三段二四八巷七號一樓,1000000,1050525
3389,16273126,克翔企業有限公司,臺中市南屯區春社里嶺東路80巷37號1樓,500000,1050520
3391,16273809,東益萊興業有限公司,臺中市東勢區東關街清平巷1之7號1樓,1000000,1050523
3392,16273815,昇量實業有限公司,臺中市西區樂群街50之1號1樓,3000000,1050510
3410,16279016,利敦有限公司,臺中市西屯區西屯路二段二五九之三號十樓之十一,2000000,1050518
3412,16279183,大增工業有限公司,臺中市太平區光隆里光興路890巷52號,2000000,1050516
3414,16279542,元豪食品有限公司,臺中市北區淡溝里大仁街80號1樓,1000000,1050509
3416,16279774,喬富模具企業有限公司,臺中市沙鹿區埔子里正義路52號,500000,1050518
3503,16332779,金群營造有限公司,臺中市東勢區東新里東蘭路20-78號1樓,80000000,1050517
3513,16334474,振裕工程有限公司,臺中市東區東英里三賢街191號1樓,6000000,1050504
3518,16336184,啟順開發顧問有限公司,臺中市西屯區國安一路67之2號8樓之2,5000000,1050523
3520,16336488,德記布業有限公司,臺中市梧棲區港埠路二段316巷19號,5000000,1050503
3523,16337228,憶富宣科技股份有限公司,臺中市太平區坪林里中山路二段100巷24弄20號1樓,1000000,1050518
3529,16339077,村良有限公司,臺中市太平區光華里大興二一街101號,2000000,1050505
3534,16339990,商捷實業股份有限公司,臺中市北屯區同榮路420號1樓,1000000,1050518
3541,16341834,一飛國際有限公司,臺中市西屯區福中里福中八街42巷10號1樓,5000000,1050519
3544,16342637,富樹印刷實業有限公司,臺中市北區華興街75號1樓,2000000,1050521
3545,16342783,俐麒企業有限公司,臺中市北屯區平德路59巷17號1樓,9000000,1050504
3547,16343452,偉金工業有限公司,臺中市大里區新仁一街121號1樓,500000,1050523
3554,16345819,詠剛機械工業有限公司,臺中市東區東門里旱溪西路一段190巷64號1樓,3000000,1050502
3562,16348647,台坦國貿有限公司,臺中市西屯區西屯路二段256巷6號12樓之6,2000000,1050518
3573,16350657,利戎營造有限公司,臺中市烏日區信義街一七五號二樓,3000000,1050524
3575,16351261,鉅益實業股份有限公司,臺中市南屯區精誠南路143號1樓,550000,1050508
3583,16354870,成岳生醫有限公司,臺中市南屯區向心里永春東路270號1樓,5000000,1050523
3585,16355668,宜信環保工程有限公司,臺中市太平區永隆里光興路300號,15000000,1050517
3587,16355864,拓韋企業有限公司,臺中市龍井區新東里新興路25巷38之1號,6000000,1050501
3594,16358670,金時捷機械股份有限公司,臺中市神岡區神洲里豐洲路1025巷66號,5000000,1050530
3595,16358742,廣晉營造有限公司,臺中市梧棲區港埠路一段887號1樓,6000000,1050524
3600,16360515,威仲塑膠有限公司,臺中市大里區西湖里西湖路320巷1號1樓,1000000,1050523
3601,16360851,鐘穩興業有限公司,臺中市大雅區員林里大林路322巷17-11號,2000000,1050503
3603,16362226,賢達機械有限公司,臺中市大里區國光里大里二街105號,6000000,1050506
3613,16364553,琮穎電機有限公司,臺中市西屯區何安里四川五街9之3號,1000000,1050506
3615,16365130,春洲機械工業有限公司,臺中市大雅區上楓里民生路四段139巷114號,1000000,1050516
3619,16366291,省豐企業有限公司,臺中市豐原區豐田里豐南街二二九號,3000000,1050510
3620,16366503,順憶營造股份有限公司,臺中市大雅區大雅里永和路207號1樓,15000000,1050503
3621,16367072,友銓玻璃有限公司,臺中市大雅區二和里學府路99巷2弄7號1樓,500000,1050522
3629,16371626,和欣泰實業有限公司,臺中市潭子區栗林里祥和路106巷57弄13號1樓,2000000,1050519
3630,16371652,宇見科技有限公司,臺中市南屯區中和巷4之19號4樓,500000,1050507
3632,16372343,達農企業有限公司,臺中市石岡區萬安里金順街62號,5000000,1050526
3641,16375593,高鋒國際科技股份有限公司,臺中市南屯區文心南三路945號1樓,23000000,1050513
3644,16376312,發捷工業有限公司,臺中市神岡區岸裡里大豐路五段295巷88號,1000000,1050518
3648,16377396,立威冷凍空調工程有限公司,臺中市清水區橋頭里民治五街一○九號一樓,5000000,1050523
3649,16378135,凌勁有限公司,臺中市西屯區何成里大墩十七街74號6樓,2000000,1050506
3650,16378753,視爵光學科技有限公司,臺中市大里區國光里大里二街153號1樓,2200000,1050530
3655,16380081,華豐亭實業有限公司,臺中市西區華美街３７６號１樓,1000000,1050526
3663,16383714,茂原企業有限公司,臺中市南區南門里合作街375號1樓,1000000,1050516
3669,16384164,東言金元寶企業有限公司,臺中市龍井區新庄里新庄街一段９６巷９６弄７５號１樓,2000000,1050502
3670,16384179,全一儀器有限公司,臺中市中區民權路140號1樓,6000000,1050530
3679,16386058,揚程機械有限公司,臺中市南屯區黎明路2段248巷2弄5號1樓,1000000,1050512
3681,16386373,博浤有限公司,臺中市東區東英里自由路四段362號1樓,2000000,1050504
3684,16387887,志鄞有限公司,臺中市東區建成路七八九號一樓,1000000,1050502
3688,16391051,佐祥電子有限公司,臺中市大里區新生西路183號,5000000,1050509
3689,16392426,萬昇加油站企業有限公司,臺中市沙鹿區竹林里三民路三一號,5000000,1050517
3691,16392967,雅松森室內裝潢有限公司,臺中市西屯區福雅里福科路340巷10號1樓,500000,1050523
3693,16393728,冠電股份有限公司,臺中市南屯區文心路1段378號15樓之10,6000000,1050513
3694,16394135,仕璽廣告設計有限公司,臺中市南區西川里忠明南路504號,2200000,1050505
3700,16396669,黑吉機械有限公司,臺中市太平區長億四街三一巷二號一樓,5000000,1050522
3702,16397153,葫蘆墩機械有限公司,臺中市潭子區東寶里雅豐街76巷29弄9號3樓,3000000,1050504
3704,16397962,鉅精實業有限公司,臺中市烏日區烏日里民族街62號1樓,5000000,1050511
3708,16399315,艾尔國際有限公司,臺中市北屯區廍子里廍子路630巷11號2樓,1000000,1050510
3713,16400570,維星生技有限公司,臺中市北區育德里大德街６３巷１號１樓,5000000,1050513
3723,16404160,隆信交通事業有限公司,臺中市大里區仁德里仁愛路62號2樓,25000000,1050520
3724,16404632,友晟百貨企業有限公司,臺中市西區藍興里公館路一五九號一樓,1000000,1050513
3725,16404746,建利開發企業股份有限公司,臺中市清水區槺榔里信義二街140號1樓,2000000,1050513
3729,16406511,川正齒輪有限公司,臺中市東區東門路廿八巷四○號一樓,1000000,1050518
3730,16406744,元大報關有限公司,臺中市梧棲區文化里中興路一二七巷五五號一樓,5000000,1050524
3731,16407429,吉通富有限公司,臺中市太平區新福十街33號,1000000,1050518
3733,16407981,東益報關股份有限公司,臺中市梧棲區四維東路149巷2號,5000000,1050504
3736,16409854,聖閎實業有限公司,臺中市烏日區前竹里光明路１５７巷６８弄１號,500000,1050518
3737,16411084,祥舜工業有限公司,臺中市大里區仁化工二路181號,15000000,1050531
3740,16411839,進庭水電工程有限公司,臺中市西屯區何安里洛陽路九四號一樓,3000000,1050504
3750,16414239,崇晟水電工程有限公司,臺中市豐原區翁社里豐年路162巷11號1樓,5000000,1050505
3761,16417762,漢允企業有限公司,臺中市西屯區福中里福中八街33巷9號1樓,5000000,1050512
3769,16422316,喜圓逢有限公司,臺中市大肚區太平路43巷33號,2000000,1050517
3771,16423223,日安東營造有限公司,臺中市南屯區大英西一街11號20樓之1,21000000,1050509
3774,16423928,蒲吉克有限公司,臺中市豐原區西湳里豐洲路123巷4號1樓,1000000,1050509
3776,16424428,信旺有限公司,臺中市太平區宜欣一街51號4樓,500000,1050516
3783,16427699,捷智工業有限公司,臺中市后里區墩南里七星街22號,3000000,1050518
3785,16428629,春風得意旅行社有限公司,臺中市中區光復路151號8樓之4,6000000,1050509
3786,16428634,誼泰昌工業有限公司,臺中市大里區仁福一街10號1樓,8000000,1050501
3787,16428846,東篙機械有限公司,臺中市潭子區大豐里潭富路二段185號,1000000,1050528
3844,16481118,昱承精密工業有限公司,臺中市太平區太平里合利街1段32號1樓,2000000,1050513
3846,16481314,騰詳電機有限公司,臺中市潭子區頭家里和平路16巷21號,1000000,1050531
3847,16481594,田豐廣告事業有限公司,臺中市南區西川里南屯路一段三○五巷十七號一樓,1000000,1050524
3848,16481686,衡發實業有限公司,臺中市大雅區二和里雅潭路四段377巷20號,8000000,1050509
3851,16481996,松輝營造有限公司,臺中市北屯區平昌里文心路四段936號11樓之2,6000000,1050524
3856,16484781,南北通加油站股份有限公司,臺中市北屯區同榮里環中路一段1200號,30000000,1050517
3858,16485774,龍營鞋業有限公司,臺中市豐原區社皮里社皮路二六巷六號,1000000,1050510
3862,16488132,美又健國際有限公司,臺中市西屯區重慶路二八九之二號,1000000,1050526
3864,16488386,全球彈簧有限公司,臺中市太平區永豐路101號,3000000,1050511
3872,16491404,全益通訊科技有限公司,臺中市東區振興路369之32號1樓,1000000,1050502
3887,16497287,永協昌資源回收有限公司,臺中市神岡區溪洲里溪洲路468號1樓,5000000,1050529
3895,16500353,沅昇木業有限公司,臺中市神岡區神洲里溪洲路一五五號,5000000,1050526
3906,16503366,欣工興業有限公司,臺中市南屯區文山里精科七路13號4樓,23000000,1050527
3908,16503598,煒訊資訊科技有限公司,臺中市豐原區北湳里角潭路一段37號1樓,5000000,1050512
3910,16504132,閤桀不動產經紀業有限公司,臺中市西區美村路１段５４８號１樓,1000000,1050502
3913,16505300,景富莊企業有限公司,臺中市北屯區太原路三段991之1號,1000000,1050521
3914,16505408,泓騰交通股份有限公司,臺中市大雅區民生路3段358號1樓,25000000,1050503
3927,16508756,珈鼎精密工業股份有限公司,臺中市大里區瑞城里中興路一段26巷16號,8000000,1050512
3929,16509179,珈欣事務機器有限公司,臺中市南屯區向心路105之4號1樓,1000000,1050513
3933,16510486,蓮樺食品有限公司,臺中市西區忠明里華美街三六六號一樓,1000000,1050520
3935,16512908,勝淂有限公司,臺中市東區東門里天乙街五八號一樓,1000000,1050531
3938,16513435,永呈商業發展有限公司,臺中市東區東興里建新街32號,3500000,1050517
3949,16517636,捷楓室內裝修有限公司,臺中市烏日區烏日里大同路48號1樓,8000000,1050506
3952,16517713,名璜五金有限公司,臺中市北屯區昌平路一段一○五號一樓,600000,1050505
3959,16519780,莊誠有限公司,臺中市北屯區同榮里環中路一段1400號,3000000,1050512
3962,16520421,金源憶有限公司,臺中市烏日區烏日里大同二街46號1樓,500000,1050506
3965,16520908,葳權工業有限公司,臺中市梧棲區草湳里梧南路6之6號,4800000,1050524
3966,16521195,易桓精密工業股份有限公司,臺中市豐原區東湳里角潭路二段169號,20000000,1050513
3976,16524622,大光長榮機械股份有限公司,臺中市大里區仁化里工業路77號,183215080,1050509
3981,16525143,顧格貿易股份有限公司,臺中市北區賴興里文心路四段200號3樓之6,5000000,1050514
3989,16527199,岦成貿易企業有限公司,臺中市北屯區北興里國強街205巷29號1樓,1000000,1050501
4003,16530764,柏揚餐飲設備有限公司,臺中市北屯區平安里青島路4段50之1號2樓,12000000,1050520
4004,16531187,瑩佳興業股份有限公司,臺中市北區健行里西屯路一段462號1樓,3000000,1050504
4006,16532165,群福塑膠股份有限公司,臺中市東區東光園路86巷95弄27號1樓,6000000,1050509
4008,16532587,順帆企業有限公司,臺中市南屯區春社里忠勇路52之31號1樓,1000000,1050519
4009,16533100,伊仕特國際股份有限公司,臺中市神岡區中山路742巷26之2號,16335000,1050525
4010,16533615,吉邦通運股份有限公司,臺中市梧棲區臨港路四段662巷8號,25000000,1050530
4011,16533848,鑫泰成有限公司,臺中市東區振興路246巷55號,3000000,1050509
4012,16534001,政潤企業有限公司,臺中市烏日區溪壩里溪福路101巷161弄36號,1000000,1050519
4015,16535326,科普科技股份有限公司,臺中市東區旱溪里進化路52號1樓,50000000,1050505
4027,16539527,黛宇數位科技股份有限公司,臺中市北屯區后庄里中清路112巷67弄3號1樓,10000000,1050502
4029,16539688,高碲設計傳播有限公司,臺中市南屯區豐樂里文心南五路一段632號1樓,5000000,1050523
4033,16541903,友康股份有限公司,臺中市南區復興路一段271號1樓,1000000,1050513
4039,16543439,十地有限公司,臺中市西屯區潮洋里朝貴一街15號1樓,1000000,1050519
4044,16544372,鐙盛有限公司,臺中市東區東興里建興街6號1樓,1000000,1050526
4045,16544958,航泰企業有限公司,臺中市霧峰區本鄉里草湖路135巷39號一樓,3000000,1050512
4050,16546344,台聖營造工程有限公司,臺中市大安區溪洲路69巷17號1樓,15000000,1050511
4051,16546490,同泰汽車有限公司,臺中市北屯區仁和里昌平路二段金寶巷12號1樓,500000,1050524
4063,16550212,葛雷特企業有限公司,臺中市北屯區新平里大鵬路52號3樓之1,500000,1050517
4065,16550450,藝堂室內設計工程有限公司,臺中市北屯區熱河路二段89號1樓,1000000,1050503
4073,16553787,金美實業有限公司,臺中市東勢區新盛里東關路625之36號1樓,1000000,1050513
4078,16555743,華士欣精密機械有限公司,臺中市大里區新里里新興路99巷16弄70號1樓,1000000,1050510
4079,16556200,志岩有限公司,臺中市潭子區中山路一段274巷3號1樓,700000,1050523
4093,16559826,盛菖油壓機械有限公司,臺中市大里區夏田里國中路419號1樓,5000000,1050511
4094,16559950,石聖國際貿易有限公司,臺中市西區精誠路332巷36號1樓,70000000,1050523
4103,16563954,味佳香食品廠有限公司,臺中市大里區西湖路281巷27號,3000000,1050526
4108,16565221,百野企業有限公司,臺中市西屯區福和里福安九街21巷10號,5000000,1050504
4128,16574349,旭宏精機有限公司,臺中市太平區富平路10號1樓,8000000,1050502
4133,16576542,裕薰實業有限公司,臺中市大甲區庄美里新政路385號1樓,1000000,1050513
4134,16576584,世旺泰工業有限公司,臺中市烏日區東園里溪南路一段18巷868弄35號1樓,1000000,1050503
4137,16579512,來順益企業有限公司,臺中市大里區新仁里新仁路一段69之7號1樓,3500000,1050525
4141,16580623,映技資訊有限公司,臺中市西區英才路470巷1號1樓,1000000,1050509
4165,16595750,首特科技股份有限公司,臺中市梧棲區文明街326巷43號1樓,46000000,1050526
4232,16641001,昊偉企業有限公司,臺中市沙鹿區鹿寮里中棲路三條圳巷85弄54號2樓,1000000,1050512
4234,16642389,永富盈雷射雕刻品有限公司,臺中市太平區永義路225巷9號,1000000,1050504
4237,16643562,乾和有限公司,臺中市神岡區社南里三社路381巷49號1樓,5000000,1050510
4238,16643802,多喜田食品有限公司,臺中市南屯區南屯路二段80號1樓,10000000,1050526
4247,16648010,生產力數位國際股份有限公司,臺中市南屯區惠中里文心路1段306號地下一層之4,40000000,1050506
4249,16648433,太平行商業系統股份有限公司,臺中市大里區國光里文隆街9號,2800000,1050524
4260,16651865,玄原企業有限公司,臺中市西區中興里美村路一段236巷22號1樓,21308888,1050510
4265,16654568,鼎齊實業有限公司,臺中市北區進化路575號14樓之5,5000000,1050503
4268,16658121,贊上楓實業有限公司,臺中市大雅區上楓里民生路三段三○一巷十四號,5000000,1050520
4276,16660230,騏榮企業有限公司,臺中市太平區永豐路327巷15號1樓,1000000,1050525
4277,16660983,義祐有限公司,臺中市霧峰區本堂里樹仁路六號,5000000,1050518
4289,16664735,海祺實業有限公司,臺中市南屯區南屯里河南路四段728號1樓,1720000,1050503
4292,16665495,溢康企業股份有限公司,臺中市神岡區圳堵里和陸路一段212巷36號,3000000,1050519
4297,16668612,三鈺實業有限公司,臺中市沙鹿區埔子里正義路100號,5000000,1050505
4304,16672019,苙丞廣告有限公司,臺中市烏日區太明路三五七之七號,1000000,1050517
4305,16672313,崇猷有限公司,臺中市龍井區東海里臺灣大道五段232號1樓,1000000,1050517
4306,16672334,臻誠實業股份有限公司,臺中市豐原區中山路99巷12弄14號1樓,10000000,1050510
4311,16673684,威宏貿易有限公司,臺中市南屯區東興路二段186號7樓之2,2300000,1050511
4312,16674403,松通實業有限公司,臺中市太平區工業十五路20號,5000000,1050525
4313,16674641,源進有限公司,臺中市北屯區平興里北屯路360號9樓之2,1000000,1050525
4318,16677056,囍德有限公司,臺中市沙鹿區沙鹿里日新街115號1樓,25000000,1050513
4320,16677485,世奇印刷有限公司,臺中市豐原區三村里西勢路289巷6號,2000000,1050513
4326,16679224,大安禮儀有限公司,臺中市中區柳川里成功路288號一樓,1000000,1050516
4331,16680756,框景實業有限公司,臺中市南屯區大昌街526號1樓,5000000,1050502
4334,16681397,宇瑞醫療器材有限公司,臺中市南屯區大業里大墩17街23號1樓,5000000,1050516
4337,16682121,磐鉅營造有限公司,臺中市西屯區福科路535巷16號2樓,15000000,1050501
4339,16682608,祥盛普企業有限公司,臺中市清水區橋頭里民治路一九號,2000000,1050503
4341,16683064,忠成機械工業有限公司,臺中市神岡區岸裡里大洲路320號,1000000,1050529
4343,16683753,工固股份有限公司,臺中市龍井區工業路250號,24000000,1050517
4350,16685149,參益有限公司,臺中市南屯區大進街67號1樓,10000000,1050514
4351,16685339,精安國際有限公司,臺中市西屯區市政北二路238號24樓之2,3500000,1050506
4354,16687765,仁利實業有限公司,臺中市西屯區龍富路五段267號1樓,5000000,1050526
4363,16689047,三井石油製品有限公司,臺中市西區土庫里五權西六街136巷10號4樓之4,5000000,1050526
4365,16689861,楠錩企業有限公司,臺中市西屯區何厝里大有街114號1樓,1000000,1050517
4370,16691986,嘉澎塑膠有限公司,臺中市大雅區四德里神林南路513巷13號1樓,10000000,1050505
4372,16692979,棋鎂企業股份有限公司,臺中市大里區國光里大里二街190號1樓,5000000,1050518
4381,16696552,凰景文化事業有限公司,臺中市北屯區文心路三段1027號11樓,5000000,1050509
4383,16696856,涉谷有限公司,臺中市北屯區景賢三路15號1樓,5000000,1050509
4386,16697497,艾斯薇國際開發股份有限公司,臺中市南屯區大聖街194號1樓　,5000000,1050505
4396,16700021,建昱彈簧有限公司,臺中市太平區中平九街6號1樓,1000000,1050517
4419,16708608,春竑工業有限公司,臺中市南區光輝一街56號1樓,2000000,1050520
4420,16708620,仁信報關股份有限公司,臺中市梧棲區頂寮里四維中路157巷1號5樓,5000000,1050507
4421,16708662,野美投資實業有限公司,臺中市西屯區河南路3段120號9樓,700500000,1050511
4424,16709578,茛延企業有限公司,臺中市大甲區龍泉里臨江路一四○號,1000000,1050505
4426,16710914,立全營造有限公司,臺中市大里區內新里環中東路六段228號1樓,7000000,1050509
4432,16712531,巨毅金屬工業股份有限公司,臺中市大甲區日南里工九路52號,10000000,1050512
4434,16714427,尚鑫有限公司,臺中市南屯區文山里文山九街110號,1000000,1050507
4436,16714587,晟欣實業有限公司,臺中市潭子區民族路二段48巷33號,1000000,1050529
4442,16717310,圓富模型企業有限公司,臺中市大里區東興里永興路157巷28號,500000,1050517
4446,16717992,豐得工程顧問有限公司,臺中市南屯區萬和路一段31之19號1樓,1000000,1050512
4451,16719886,質優印刷設計有限公司,臺中市南屯區黎明路1段965巷58弄13號1樓,5000000,1050502
4454,16720808,悅弘盛投資股份有限公司,臺中市西屯區文心路2段201號15樓之7,59000000,1050519
4455,16720841,托福多輪胎有限公司,臺中市豐原區東湳里三豐路980號一樓,1000000,1050520
4456,16720949,廣懋源工業有限公司,臺中市龍井區新庄里新興路103號1樓,1000000,1050530
4457,16720975,祥贏精密有限公司,臺中市大里區仁化里仁慈街98號1樓,2500000,1050505
4462,16722947,成益自行車有限公司,臺中市大甲區平安里忠孝街122巷8號1樓,500000,1050503
4465,16724282,程德營造有限公司,臺中市西屯區西屯路二段256巷6號10樓之8,3000000,1050524
4472,16726227,卉多實業有限公司,臺中市南屯區南屯里黎明路一段1100巷19號1樓,20000000,1050523
4493,16732971,河北運輸有限公司,臺中市烏日區三和里學田路便行巷121弄25之8號,25000000,1050502
4495,16733450,萬霖企業有限公司,臺中市中區綠川西街一三五號七樓之一、之二,3000000,1050516
4501,16736359,長伸產業自動化機械有限公司,臺中市太平區中興里永平路2段513號,2000000,1050514
4502,16736914,鉅馨工業有限公司,臺中市大里區國光路一段159巷1號1樓,5000000,1050526
4505,16739377,萊璉鋼鐵有限公司,臺中市霧峰區豐正路工業巷1號,100000000,1050513
4514,16748854,台昇國際股份有限公司,臺中市北區文心路四段200號13樓之2,36000000,1050519
4526,16759681,百利旅行社股份有限公司,臺中市西區忠明里中美街427號1樓,6000000,1050509
4621,16831749,奧鐸股份有限公司,臺中市西區臺灣大道二段218號28樓,21000000,1050524
4650,16851815,合韋有限公司,臺中市太平區光華里長安１１街６８巷６０號１樓,5000000,1050530
4664,16854051,任穎實業有限公司,臺中市西屯區工業區一路54之1號,600000,1050530
4665,16854170,龍毅欣國際貿易股份有限公司,臺中市豐原區東勢里育才街21號,10000000,1050516
4667,16854897,丞營有限公司,臺中市大里區西湖路439號1樓,2000000,1050518
4673,16857682,富貴營造有限公司,臺中市北屯區平安里熱河路二段九號一樓,15000000,1050519
4684,16860188,藍陽交通有限公司,臺中市西屯區臺灣大道四段786巷16號1樓,25000000,1050519
4685,16860357,涪原工業股份有限公司,臺中市北屯區東山路一段291之1號2樓,5000000,1050519
4693,16863256,永正新有限公司,臺中市豐原區三村里三和路578巷3號,1000000,1050514
4700,16865705,松采室內裝修設計有限公司,臺中市豐原區下街里仁愛街23巷20號2樓,3000000,1050505
4701,16865825,正劦有限公司,臺中市大安區龜売里中山南路810號　,10000000,1050510
4706,16867289,如本實業有限公司,臺中市大里區新仁路１段９１巷４７弄５０號１樓,1000000,1050525
4709,16868055,奧大利汽車旅館股份有限公司,臺中市西區忠明南路206號,14000000,1050523
4711,16869131,盈定科技有限公司,臺中市北區文心路四段200號5樓之5,3000000,1050524
4715,16870334,萬碩機械有限公司,臺中市大甲區庄美里興安路126巷13號,500000,1050502
4718,16871185,博宇有限公司,臺中市南屯區干城街145巷8弄9號,2000000,1050530
4720,16871349,耶底底亞國際事業有限公司,臺中市東區東英路２６５號１樓,2000000,1050523
4729,16875106,大懿來汽車有限公司,臺中市西區大忠里五權五街246巷15弄43號1樓,2000000,1050516
4734,16875936,利安達通運有限公司,臺中市西屯區福雅路197巷27號1樓,25000000,1050521
4735,16875978,國光通運有限公司,臺中市清水區南社里鰲峰路385巷15號,25000000,1050526
4744,16877202,均旺企業有限公司,臺中市西區忠誠里忠明南路16號9樓之3 ,5000000,1050520
4749,16879285,金鼎豐工程有限公司,臺中市太平區太平三街50號1樓,5000000,1050503
4755,16882900,合作加油站有限公司,臺中市豐原區三村里西勢路495號,5000000,1050514
4756,16882937,現代管家公寓大廈管理維護股份有限公司,臺中市北區進化北路238號18樓之3,10400000,1050525
4762,16885104,喬崴進科技股份有限公司,臺中市太平區工業17路43號,406400000,1050520
4765,16885667,豪堂投資股份有限公司,臺中市西屯區文華路138巷6號2樓,30000000,1050520
4767,16886743,特創電子有限公司,臺中市潭子區福仁里新興路一段310號1樓,1000000,1050506
4769,16887073,動力自動化工程有限公司,臺中市南屯區永春東七路636號,500000,1050523
4772,16887638,奈米技研有限公司,臺中市霧峰區峰谷路３６０巷１１號,3000000,1050514
4780,16890985,濠巨峰企業有限公司,臺中市神岡區社南里中山路507巷13號,500000,1050516
4783,16892528,德信發企業有限公司,臺中市南屯區大墩六街425號1樓,12000000,1050529
4785,16892962,振吉螺絲工廠有限公司,臺中市太平區平安里鵬儀路238巷2弄1號,650000,1050517
4788,16893688,權勤消防安全設備有限公司,臺中市太平區大興十一街10號1樓,2000000,1050505
4792,16895314,宏延貨運有限公司,臺中市太平區坪林里大興一六街5號1樓,25000000,1050506
4799,16899120,永筑股份有限公司,臺中市梧棲區永安里臨港路二段8號,12000000,1050517
4804,16901857,融旺鋁業有限公司,臺中市北區天津一街47號1樓,6000000,1050525
4807,16902624,上鎧交通有限公司,臺中市梧棲區臨港路三段960號,29800000,1050517
4809,16903362,祥捷服飾有限公司,臺中市東區東光園路163巷11號1樓,5000000,1050529
4812,16903855,視覺觀國際廣告事業有限公司,臺中市北區金龍里三民路三段241之1號1樓,500000,1050506
4822,16908556,凱將生物科技股份有限公司,臺中市西屯區工業區一路98巷33弄31號,10000000,1050511
4824,16909416,悅仕特投資股份有限公司,臺中市梧棲區八德路22巷33號1樓,111880960,1050506
4828,16910808,愷陞企業有限公司,臺中市南區福平里美村路二段106巷69弄6號1樓,1000000,1050502
4830,16911383,惠仲地產有限公司,臺中市沙鹿區埔子里正英路１１號之１４（1樓）,500000,1050520
4831,16912030,廣合發企業有限公司,臺中市西區忠明里健行路964巷76號7樓之2,1000000,1050526
4833,16912334,珀翔塑膠有限公司,臺中市太平區新坪里育英街５９號６樓,5000000,1050512
4840,16913707,大慶海事工程有限公司,臺中市沙鹿區中山路141巷2號1樓,12000000,1050524
4841,16913869,日月明國際股份有限公司,臺中市石岡區九房里豐勢路山下巷39號,11500000,1050509
4845,16914987,忠仕金屬股份有限公司,臺中市東區東信里一心街279號1樓,72600000,1050516
4849,16916161,杰順工程有限公司,臺中市神岡區社口里社口街237巷17號1樓,9000000,1050512
4850,16916818,歐氏投資股份有限公司,臺中市清水區中山路238號2樓,91774900,1050518
4852,16917485,丙午林企業有限公司,臺中市大里區仁德里文化街159號,1000000,1050503
4853,16917529,結新實業股份有限公司,臺中市太平區中山路3段1巷48號,10000000,1050503
4866,16920897,纋祥有限公司,臺中市龍井區遠東街二○一巷八號一樓,2000000,1050525
4869,16921299,堤程工程有限公司,臺中市北屯區松茂里松義街88號1樓,1000000,1050511
4873,16923120,喜沃投資股份有限公司,臺中市沙鹿區鹿寮里福人街35號1樓,91881370,1050506
4881,16926111,聯弘有限公司,臺中市大甲區順天里信義路38之3號,500000,1050505
4890,16927505,邑登有限公司,臺中市西區美村路一段188巷17號1樓,3000000,1050516
4893,16928048,黃石公園汽車旅館股份有限公司,臺中市北區太原路二段3號及5號,5000000,1050528
4897,16929834,鼎耀資訊有限公司,臺中市北屯區東光路852巷18號1樓,15000000,1050523
4901,16930282,大宇國際電器有限公司,臺中市南屯區文山里精科三路8號,45400000,1050503
4906,16931867,基展科技有限公司,臺中市豐原區東湳里三豐路884巷16-1號1樓,1000000,1050526
4908,16932274,辰罡工業股份有限公司,臺中市東區東門路54巷16號1樓,2000000,1050504
4913,16933020,宏晟室內裝修工程有限公司,臺中市梧棲區大仁路一段343巷92號1樓,1000000,1050511
4915,16933197,名祥交通企業有限公司,臺中市豐原區南陽里安康路20巷74號1樓,25000000,1050526
4918,16933751,孚茂企業有限公司,臺中市大里區光正路134巷131號1樓,3000000,1050516
4919,16934034,醇芳實業有限公司,臺中市梧棲區草湳里自立路48號,1000000,1050515
4920,16934111,漢赫有限公司,臺中市太平區中山路一段二九七巷三○號,1000000,1050521
4925,16935379,興銲有限公司,臺中市大里區吉隆路四巷18號,1000000,1050520
4929,16936899,聖立通運股份有限公司,臺中市南屯區向心里文心南二路200號4樓,25000000,1050518
4937,16939678,新扭力股份有限公司,臺中市梧棲區永安里永興路1段41號,6000000,1050516
4939,16940731,帷豐製模有限公司,臺中市后里區義里里甲后路282巷18號,3000000,1050510
4951,16945052,生溢號有限公司,臺中市北屯區松順一街17號2樓,1000000,1050521
4957,16947869,豪利來鞋業有限公司,臺中市北屯區松強里山西路三段192號5樓之2,5000000,1050522
4958,16947972,金大正有限公司,臺中市清水區南社里南新路76號,16000000,1050504
4960,16948234,勁美有限公司,臺中市大甲區文武里八德街五二巷一八號壹樓,5000000,1050523
4963,16948847,鑫澤科技有限公司,臺中市豐原區南陽里保康路八八號一樓,1500000,1050523
4964,16949727,長榮興營造有限公司,臺中市梧棲區頂寮里四維路85巷29號8樓之1,22500000,1050518
4965,16949867,晉弘模具企業有限公司,臺中市太平區新福路556號,3000000,1050511
4967,16950420,芮弗士科技有限公司,臺中市西屯區協和里工業七路15號,5000000,1050526
4970,16950717,品誠企業管理顧問有限公司,臺中市北區雙十路二段一○一號二樓之三,500000,1050523
4971,16950836,佶亮行有限公司,臺中市太平區新城里樹孝路67巷6號1樓,500000,1050505
4973,16951103,港伸企業有限公司,臺中市北屯區仁和里松竹北二街106號4樓,1000000,1050503
4978,16955353,玉煇雷射科技有限公司,臺中市神岡區社口里中山路930號,10000000,1050523
4979,16956260,鋼瑞企業有限公司,臺中市沙鹿區興仁里四平街20號,15000000,1050510
4983,16958725,黃金布拉格鋼琴電子琴有限公司,臺中市西區公館路187號1樓,5000000,1050519
4984,16959029,栗隆有限公司,臺中市潭子區栗林里中山路三段425號,3500000,1050523
4986,16959196,正曜營造有限公司,臺中市大里區長榮里德芳南一街167巷28號1樓,3000000,1050520
4987,16959370,世昱珽有限公司,臺中市北區賴興里北平路二段30巷12之2號3樓,3000000,1050519
4998,16962782,亞美窗飾有限公司,臺中市豐原區北陽里豐東路7巷2弄3號2樓,6000000,1050521
5001,16964563,盈昶國際有限公司,臺中市梧棲區永安里中央路1段97之2號1樓,12000000,1050502
5003,16967230,瑋呈營造有限公司,臺中市龍井區新庄里中沙路新庄仔巷43之9號,10000000,1050531
5005,16967533,凱翰有限公司,臺中市北屯區北屯里昌平路1段21巷8號,2000000,1050529
5015,16969737,詠詮有限公司,臺中市沙鹿區興安路60巷3弄118號,5000000,1050509
5018,16969949,車朋企業有限公司,臺中市東區東門里旱溪西路一段一九○巷五六號一樓,1000000,1050520
5019,16969981,錦勝隆消防工程有限公司,臺中市潭子區潭陽里圓通南路229號1樓,1500000,1050510
5028,16971754,仁里營造工程有限公司,臺中市清水區橋頭里鎮新五街55號1樓,28000000,1050525
5031,16972509,峻億塑膠有限公司,臺中市清水區下湳里菁埔路11號,5000000,1050525
5036,16974909,直原有限公司,臺中市太平區永豐路108巷12-23弄26號1樓,5000000,1050516
5037,16975528,慧利有限公司,臺中市北屯區旅順路一段181號1樓,5000000,1050523
5040,16976293,丞佳實業有限公司,臺中市東區東福路13之1號1樓,5000000,1050503
5048,16978980,長科資訊股份有限公司,臺中市西屯區西屯路二段256巷6號19樓之1,26000000,1050521
5049,16979215,大台中國際有限公司,臺中市烏日區興祥街30巷7號1樓,5000000,1050520
5055,16980584,睦茗精密齒輪股份有限公司,臺中市潭子區栗林里中山路三段313號1樓,200000000,1050525
5058,16982957,瀚尊實業有限公司,臺中市太平區新福里中山路四段216號,1000000,1050517
5064,16987931,網雲數位有限公司,臺中市西屯區鵬程里逢大路57號17樓之1,1000000,1050525
5075,16991338,秋谷股份有限公司,臺中市西屯區朝馬三街十三號四樓,26000000,1050526
5079,16993716,矩將科技有限公司,臺中市太平區鵬儀路296巷8號1樓,11000000,1050519
5080,16993877,鼎益電腦資訊有限公司,臺中市北區健行里博館路1號1樓,1000000,1050518
5085,16995278,精冠國際有限公司,臺中市大雅區神林南路641巷1號8樓之5,1000000,1050504
5091,16997163,后豐通信有限公司,臺中市后里區三豐路295號1樓,1600000,1050513
5096,16999388,資鎰實業有限公司,臺中市大雅區雅楓里民生路三段180巷14號1樓,20000000,1050506
5104,18595209,新亞裕通運有限公司,臺中市南屯區永定里南屯路二段870巷23號2樓,66000000,1050517
5114,18896731,培聖企業有限公司,臺中市中區大墩里光復路169號,3000000,1050513
5120,19133655,聯大股份有限公司,臺中市西屯區西墩里光明路57之25之1號1樓,1000000,1050517
5176,20806779,勝騰興業有限公司,臺中市潭子區甘蔗里勝利路100號8樓之2,1000000,1050527
5204,20861857,關友股份有限公司,臺中市大甲區日南里工一路28號,228000000,1050511
5219,20895821,高發有限公司,臺中市西區土庫里忠明南路270號14樓之2,10000000,1050511
5271,21216391,源鑅實業有限公司,臺中市西區四維街119號8樓,5000000,1050504
5304,22001756,御泉事業股份有限公司,臺中市大里區國光路二段500號6樓之1,45000000,1050514
5319,22011608,宏盧工程有限公司,臺中市北屯區天津路四段145之2號3樓,6000000,1050523
5354,22053873,名星電機股份有限公司,臺中市太平區豐年里大源五街13號1樓,5000000,1050510
5357,22055128,溪昌工業有限公司,臺中市神岡區庄後里大圳路41號,6000000,1050506
5365,22058791,乾義興業有限公司,臺中市東區十甲里旱溪街463號,30000000,1050524
5373,22061992,準高好鋁業股份有限公司,臺中市神岡區三角里大豐路四段256號一樓,7500000,1050517
5375,22062818,玄丑塑膠有限公司,臺中市大里區長榮里中興路二段197號,5000000,1050514
5377,22064294,龍格工業有限公司,臺中市石岡區萬安里石城街58-6號1樓,7000000,1050506
5379,22066954,瑞泰塑膠染色有限公司,臺中市太平區東平里成功路340巷5號1樓,3000000,1050502
5384,22069663,立翰印刷廠有限公司,臺中市大雅區四德里23鄰學府路101巷30號,1500000,1050507
5386,22070465,復勝興業有限公司,臺中市豐原區南田里水源路208號,5000000,1050502
5387,22070606,名基營造股份有限公司,臺中市梧棲區中央路二段422之1號1樓,66000000,1050513
5390,22071099,士益工業有限公司,臺中市豐原區鎌村里鎌村路605巷29號,6000000,1050512
5394,22072652,鋐偉塑膠有限公司,臺中市東區天乙街37巷64、66號1樓,5000000,1050513
5399,22073511,塔木德國際旅館有限公司,臺中市北區湖北里柳川西路4段1號10樓,2700000,1050517
5400,22074238,秋豐電鍍股份有限公司,臺中市大雅區員林里神林路1段9巷12號,13000000,1050518
5401,22074429,久景企業有限公司,臺中市南區仁義街189巷6號1樓,1000000,1050512
5404,22075829,茂進工業有限公司,臺中市太平區宜欣里溪洲西路60號1樓,11000000,1050531
5416,22077951,奇良製網廠有限公司,臺中市大雅區民生路3段36北巷41號,3000000,1050513
5422,22082075,銘隆企業有限公司,臺中市南區福田三街87巷8號,1000000,1050514
5430,22088535,良深工業有限公司,臺中市東區建德街377號,5000000,1050507
5435,22089485,星國電機有限公司,臺中市中區中華路一段99號4樓之1,5000000,1050520
5436,22089582,連威工業股份有限公司,臺中市大肚區新興里沙田路二段2巷21之1號,5000000,1050507
5449,22100284,億威電子系統股份有限公司,臺中市潭子區台中加工出口區南二路16之1號,369497050,1050523
5450,22100405,光聯科技股份有限公司,臺中市潭子區台中加工出口區建國路12號,1063518320,1050523
5461,22105083,榮尚木業有限公司,臺中市西屯區安林路46號,1000000,1050518
5462,22105416,壯欣鋼品股份有限公司,臺中市西屯區何成里大洲街80號1樓,18000000,1050523
5464,22107028,資育五金有限公司,臺中市中區繼光街162-3-1號,2000000,1050506
5465,22107104,隆泉股份有限公司,臺中市大雅區秀山五路89號,1000000,1050523
5467,22107836,歡喜您內衣有限公司,臺中市沙鹿區沙田路46號之3,6000000,1050519
5474,22111711,彰昱自動網版印刷機械有限公司,臺中市西屯區協和里工業區三五路16之2號,5000000,1050522
5480,22114344,國林農機有限公司,臺中市東勢區延平里中正路150號1樓,1000000,1050515
5482,22115245,如陽電機股份有限公司,臺中市南區福田路123巷53號1樓,5001000,1050527
5486,22117320,吾達工業股份有限公司,臺中市西屯區西屯路二段282巷28弄12、14、16號,10000000,1050516
5488,22118398,茂龍興業股份有限公司,臺中市北屯區同榮路219巷28號1樓,3000000,1050530
5494,22122153,金耀工業股份有限公司,臺中市太平區德隆里工業路188號1樓,190000000,1050503
5495,22122294,暹達實業有限公司,臺中市大肚區王田里沙田路一段320巷18號,5000000,1050525
5496,22123759,漢蓁企業有限公司,臺中市大里區成功二路１２４號１樓,5000000,1050521
5498,22124103,景中工業有限公司,臺中市大里區夏田里國中路竹圍巷29號,2000000,1050521
5502,22125953,嘉騰有限公司,臺中市北屯區敦化路351號7樓之3,5000000,1050526
5510,22129212,億宇企業有限公司,臺中市外埔區大同里中山路101號一樓,2100000,1050515
5513,22130415,百強工業有限公司,臺中市豐原區南嵩里水源路115巷68弄12號,5000000,1050512
5515,22131420,嶠丞企業股份有限公司,臺中市北屯區三甲東街180號1樓,10000000,1050516
5520,22134496,嘉能印刷事業有限公司,臺中市北區梅川東路3段136號,1000000,1050522
5525,22134876,泰芳機械股份有限公司,臺中市大里區東昇里內新街83巷6號1樓　,12000000,1050523
5530,22137022,臺懋事業有限公司,臺中市太平區太平里永豐路311巷7號,7000000,1050517
5532,22137304,瀧一企業有限公司,臺中市西區和龍里西屯路一段58之1號1樓,5000000,1050505
5533,22138211,銘凱鋼模有限公司,臺中市北屯區仁和里四平路296號1樓,5000000,1050510
5535,22139387,忠真有限公司,臺中市沙鹿區四平街156號,500000,1050529
5598,22203612,建誼工業股份有限公司,臺中市大甲區武曲里橫圳街89號,1600000,1050519
5601,22204817,顯建水電衛材有限公司,臺中市東區建成路706號,7500000,1050511
5602,22204823,詠盛鋁業股份有限公司,臺中市太平區長億二街36號,15000000,1050511
5607,22207217,僑南有限公司,臺中市大甲區頂店里東西七路1段63號,50000000,1050510
5608,22207954,生豐五金零件有限公司,臺中市后里區后里里新興街74號1樓,5000000,1050503
5610,22208314,崑鈺實業有限公司,臺中市清水區南社里中正北街118號,5500000,1050514
5620,22212302,益宏工具股份有限公司,臺中市南屯區工業區20路15號,16000000,1050505
5622,22213610,保島汽車實業股份有限公司,臺中市豐原區翁明里圓環北路二段365、367號,3500000,1050513
5625,22214202,沅龍企業有限公司,臺中市豐原區東湳里三豐路六九四巷三九號,3000000,1050519
5631,22216503,國昌金屬工業股份有限公司,臺中市豐原區南田里6鄰富陽路330號,12000000,1050513
5633,22218805,宇祥網版塗料股份有限公司,臺中市豐原區南陽里圓環東路270號,4800000,1050510
5635,22219332,森山企業股份有限公司,臺中市大雅區上楓里民生路3段267巷10號,30000000,1050530
5642,22221554,佰憶園企業有限公司,臺中市西屯區福安里臺灣大道四段328號,1050000,1050511
5644,22222499,民記企業有限公司,臺中市豐原區朴子里豐勢路二段535巷97弄5號,2000000,1050504
5648,22227451,加值國際實業有限公司,臺中市西區民生里自由路一段101號13樓之4,12500000,1050517
5654,22229633,佑鑫膠業有限公司,臺中市西屯區龍洋巷45號1樓,6000000,1050517
5655,22230744,稑盛企業有限公司,臺中市大里區亞洲街一八一號,1000000,1050510
5668,22236310,猛牛實業有限公司,臺中市東區旱溪西路一段二七四號一樓,2000000,1050519
5670,22236846,瑩泰五金有限公司,臺中市大雅區中山路152號2樓,5000000,1050504
5674,22237774,湧健工業有限公司,臺中市西屯區西墩里光明路189號,5000000,1050506
5675,22238160,狀元醬油股份有限公司,臺中市大肚區沙田路一段388巷35之9號,30000000,1050512
5676,22238422,迪佑企業有限公司,臺中市西屯區福中八街33巷4號1樓,5500000,1050503
5679,22240433,景鴻實業股份有限公司,臺中市梧棲區永安里向上路九段322巷51號1樓,5000000,1050506
5684,22242220,久年塑膠有限公司,臺中市北區漢口路三段39號,10000000,1050504
5687,22242919,癸茂企業有限公司,臺中市大里區夏田里夏元路二號一樓,1000000,1050519
5692,22244402,傳響音影工程設計有限公司,臺中市北屯區北屯里進化北路五三巷三之四號五樓,5000000,1050510
5697,22246485,聖賀企業有限公司,臺中市潭子區大豐里潭富路二段161巷2弄4號,5000000,1050529
5700,22247040,國倫彩藝印刷有限公司,臺中市西屯區大河里甘河路36號1樓,1000000,1050505
5701,22247338,美葛儂妮化粧品股份有限公司,臺中市太平區新高里樹德八街80巷10號,36000000,1050506
5705,22249785,鉗泰鐵工廠股份有限公司,臺中市太平區興隆路一段76巷55號1樓,34000000,1050504
5711,22270392,協誠營造股份有限公司,臺中市西屯區大鵬里文心路三段241號5樓之6,210000000,1050525
5712,22270837,鎰光企業股份有限公司,臺中市太平區太平里永平路三段132巷6號,5000000,1050513
5713,22271060,俊準精密工業有限公司,臺中市潭子區大富里大富路3段165巷4之1號1樓,7000000,1050513
5724,22278606,先捷實業股份有限公司,臺中市西屯區工業區一路58巷11弄43號1樓,20000000,1050511
5729,22281790,合勝熱處理股份有限公司,臺中市太平區東平路741巷8號1樓,35000000,1050509
5730,22281905,中敏印刷企業有限公司,臺中市北屯區平心里文心路4段673號22樓之1,5000000,1050513
5734,22283679,中徽實業有限公司,臺中市北區健行里忠明路424號16樓4室,10000000,1050520
5735,22283734,榮際實業股份有限公司,臺中市新社區協成里興隆街70號,25000000,1050504
5737,22284017,敬豐行農業資材有限公司,臺中市西區向上路1段2之5號,5000000,1050509
5739,22286182,僑加企業有限公司,臺中市西區忠明里中美街四一九巷二號,5000000,1050513
5743,22287078,益翔工業有限公司,臺中市大雅區員林里神林路一段二七號,1000000,1050508
5745,22287696,台屋工業有限公司,臺中市太平區中興里東平路七一五巷七弄四號一樓,5000000,1050502
5747,22288246,湘順實業有限公司,臺中市潭子區東寶里雅豐街76巷23號,5000000,1050506
5749,22289977,佳昱實業有限公司,臺中市東區振興路358巷53號1樓,5000000,1050510
5756,22295197,廷豐五金有限公司,臺中市東區泉源里樂業路84號,10000000,1050525
5761,22297097,川久機電有限公司,臺中市南區德鑫街36號1樓,10000000,1050525
5769,22303921,鄉源木器業有限公司,臺中市神岡區昌平路五段100號,40000000,1050504
5774,22306238,鍵豐工業股份有限公司,臺中市清水區海風里和睦路二段10號,105000000,1050526
5776,22307270,智侊企業有限公司,臺中市西屯區安和路一三三之三號,5000000,1050511
5781,22309782,進興農具股份有限公司,臺中市大里區大衛路22號,5000000,1050511
5782,22310367,崑明鋼鐵股份有限公司,臺中市豐原區翁明里明興街7號,10000000,1050518
5783,22310937,開翔實業有限公司,臺中市太平區中興里永平路二段476巷126弄26號1樓,12000000,1050527
5786,22312246,綠的工業有限公司,臺中市梧棲區中正里居仁街217巷34號,15000000,1050524
5790,22314568,春天電機有限公司,臺中市南區忠明南路520號,2650000,1050523
5791,22314743,德銓精機股份有限公司,臺中市潭子區栗林里中山路3段287巷9弄162號,6000000,1050504
5792,22314976,龍成塑膠廠股份有限公司,臺中市清水區海濱里海濱路四一七之一號,16000000,1050517
5796,22317018,誠洋企業有限公司,臺中市東區旱溪里旱溪六街133號1樓,8000000,1050529
5873,22370239,大具企業股份有限公司,臺中市霧峰區甲寅里自強路97之3號,10000000,1050526
5878,22371883,力久家具股份有限公司,臺中市神岡區庄後里厚生路117之7號1樓,15000000,1050518
5880,22374426,鼎聖機械有限公司,臺中市神岡區豐洲里神洲路130巷23-7號,23000000,1050527
5882,22374869,賦申有限公司,臺中市西區五權西二街78號2樓,95000000,1050530
5885,22375136,實全工業有限公司,臺中市太平區太平里永豐路157巷21號,5000000,1050512
5886,22375380,允隆合貼有限公司,臺中市大甲區平安里文武路278巷4號,1500000,1050509
5889,22376043,凱聲電機有限公司,臺中市北屯區和平里軍福十七路78號1樓,10000000,1050505
5895,22380399,贏豐紙業有限公司,臺中市南區樹德3巷40號1樓,5000000,1050501
5899,22380861,同洋鋼鐵有限公司,臺中市太平區工業十五路48號,18000000,1050523
5901,22381144,晟祥股份有限公司,臺中市潭子區栗林里中山路三段二八七巷四六號,5000000,1050531
5907,22382501,育昌電腦有限公司,臺中市西屯區協和里順和七街30號,1200000,1050529
5911,22384395,聖友家具有限公司,臺中市太平區宜欣里宜昌東路33號,5000000,1050520
5912,22384959,明輝股份有限公司,臺中市大肚區新興里新興街60號1樓,7500000,1050526
5914,22385296,升嘉工業股份有限公司,臺中市大里區新里里上田街31之5號,13628740,1050531
5915,22385541,勝允工業有限公司,臺中市大肚區中和里南榮路440號,6000000,1050506
5917,22387040,北平精密企業有限公司,臺中市西屯區工業區32路71號,15000000,1050520
5927,22391467,正曜有限公司,臺中市大里區中新里中興路二段336號,3000000,1050509
5933,22394008,皓涵國際貿易有限公司,臺中市北屯區文心路4段696號10樓之1,11000000,1050501
5935,22395077,寬亮工業有限公司,臺中市東區東信里振興路412巷47-2號,5000000,1050525
5939,22396630,忠樑精密股份有限公司,臺中市東區東門里東光園路86巷41弄1號2號1樓,3600000,1050514
5944,22399123,助協合金鋼品有限公司,臺中市豐原區朴子里朴子街296巷3號,4550000,1050519
5945,22399812,錕揚工業股份有限公司,臺中市清水區吳厝里吳厝六街38號,5000000,1050513
5948,22400085,駿吉實業股份有限公司,臺中市北屯區遼陽一街25號,5000000,1050511
5954,22402491,建煜工業股份有限公司,臺中市霧峰區吉峰里吉峰路63號,82000000,1050514
5956,22403512,凱裕興業股份有限公司,臺中市霧峰區吉峰里中正路1224巷3號,1500000,1050526
5961,22405618,宗懋貿易有限公司,臺中市南屯區文心路一段186號18樓之1,5400000,1050520
5962,22406031,政相工業有限公司,臺中市潭子區福仁里大新路1之21號1樓,15000000,1050524
5965,22407138,嘉駿工業有限公司,臺中市龍井區忠和里海尾路256巷6號,14600000,1050526
5975,22411301,傑利有限公司,臺中市大里區祥興里大智路550號,1000000,1050524
5979,22412081,馨鴻實業股份有限公司,臺中市豐原區豐圳里成功路六三○巷一○號,800000,1050527
5985,22415448,羽合機械股份有限公司,臺中市神岡區豐洲里神洲路86巷13號,15000000,1050502
5988,22416328,鑫禾興業有限公司,臺中市太平區新福里振福路55號1樓,8000000,1050518
5991,22417375,辰法企業有限公司,臺中市梧棲區永安里永興路一段417號,4200000,1050519
5998,22421053,長德運輸股份有限公司,臺中市梧棲區頂寮里臨港路四段888號3樓,33000000,1050505
6003,22423799,盛昌企業有限公司,臺中市南區樹德里7鄰建國南路1段110號,7000000,1050518
6026,22437442,和企股份有限公司,臺中市西屯區台灣大道四段925號10樓之2,10000000,1050526
6082,22480405,感測企業有限公司,臺中市北區大湖里精武路578號1樓,3000000,1050525
6083,22480593,鹿谷油壓工業有限公司,臺中市北區自強街45巷66之2號1樓,5000000,1050513
6084,22480708,達易企業有限公司,臺中市北屯區南京東路三段99號,2000000,1050519
6090,22481586,協銳精密工業股份有限公司,臺中市大里區健民里仁化工十二路27號1樓,70000000,1050510
6094,22483114,良記電氣實業有限公司,臺中市西屯區甘州六街16號,5000000,1050517
6097,22483851,財佑企業有限公司,臺中市大里區大元里國中路260號,10100000,1050518
6099,22485838,系格工業股份有限公司,臺中市大雅區員林里中清路四段93號,12000000,1050504
6100,22486772,豐億鋼珠有限公司,臺中市豐原區南田里水源路192巷104-21號,1000000,1050502
6107,22488716,如益實業股份有限公司,臺中市西屯區大洲街120號1樓,11000000,1050514
6108,22488878,倪統有限公司,臺中市太平區永平里建興北路45巷15號1樓,1000000,1050526
6116,22492774,仁通紙器有限公司,臺中市太平區宜欣里富宜路74號,1000000,1050510
6117,22492802,杉和有限公司,臺中市大里區仁化里仁福一街16號,3000000,1050520
6118,22493561,展暉工業有限公司,臺中市大甲區武陵里文曲路81之2號,5000000,1050525
6120,22494506,隆綸塑膠有限公司,臺中市沙鹿區三鹿里向上路七段176巷12號,6000000,1050518
6121,22495527,巍鎮企業有限公司,臺中市北屯區九龍街167號,3000000,1050526
6123,22496053,怡盛不銹鋼有限公司,臺中市大里區東興里東明路三六六號,10000000,1050511
6126,22496650,伍鈦實業有限公司,臺中市西屯區何安里重慶路101之2號,5000000,1050520
6131,22497975,登群企業有限公司,臺中市神岡區豐洲里豐洲路三○一巷九之三號,1000000,1050509
6132,22498952,成育企業有限公司,臺中市大肚區頂街里沙田路三段二六○巷一弄五號,10000000,1050517
6135,22500346,肯進工業股份有限公司,臺中市豐原區豐田里豐南街92巷303號,5000000,1050523
6136,22500818,育聰實業有限公司,臺中市大肚區王田里王福街2巷26號,5000000,1050521
6139,22503076,尚品塑膠股份有限公司,臺中市南屯區工業區21路9號,28800000,1050518
6140,22503168,益豪金屬股份有限公司,臺中市烏日區光明里五光路913之1號,28800000,1050518
6142,22503667,基棟鐵工廠股份有限公司,臺中市太平區建國里精美路462號,2000000,1050504
6146,22507039,大可除蟲有限公司,臺中市北屯區松竹路二段107巷58號1樓,3000000,1050527
6147,22507306,慶澤水電工程有限公司,臺中市潭子區潭陽里潭子街1段31巷31號,3000000,1050513
6150,22507571,鴻林塑膠有限公司,臺中市烏日區前竹里仁義街二○號,1000000,1050509
6151,22507636,益堂塑膠工業股份有限公司,臺中市西屯區協和里工業區40路25號,5000000,1050530
6152,22508023,台灣歐寶貿易有限公司,臺中市中區民權路216號8樓之1,10000000,1050510
6156,22510344,勇晟油壓五金有限公司,臺中市豐原區田心里圓環東路６７號１樓,10000000,1050514
6158,22511060,東慶文化有限公司,臺中市西區自治街43號1樓,5000000,1050518
6165,22513525,協營塑膠上光有限公司,臺中市南區和平里工學路150-1號,5000000,1050503
6167,22513905,長發達工業股份有限公司,臺中市大肚區山陽里沙田路三段824巷49號,10000000,1050530
6177,22517590,中峰機械股份有限公司,臺中市梧棲區自強路一二二號,5000000,1050528
6180,22518248,裕佳塑膠工業有限公司,臺中市清水區中央路39之1號,5000000,1050513
6183,22519936,德富化工股份有限公司,臺中市西屯區工業區三十六路10之1號,25000000,1050530
6185,22520808,毅蒔實業有限公司,臺中市大里區金城里中興路1段230巷33弄22號,10000000,1050518
6186,22520814,德技工業有限公司,臺中市烏日區五光里五光路138號,15000000,1050502
6189,22521270,樺祈企業股份有限公司,臺中市豐原區南田里水源路192巷83號,1000000,1050518
6192,22521692,鋒記工業股份有限公司,臺中市神岡區圳堵里神清路283之1號,5000000,1050503
6228,22564684,燕華電腦綉花股份有限公司,臺中市豐原區西湳里三豐路539巷42之1號,6400000,1050523
6230,22565706,總上企業有限公司,臺中市北屯區松茂里松義街157號1樓,28000000,1050502
6232,22566590,光曜工業有限公司,臺中市豐原區南陽里安康路30號,5000000,1050525
6233,22567107,台偉切削刀具有限公司,臺中市龍井區新庄里中沙路新庄仔巷43之3號,12500000,1050528
6241,22568295,誠鑫股份有限公司,臺中市大里區仁化路221巷27號,5000000,1050528
6242,22569082,明溪工業有限公司,臺中市烏日區溪埧里環中路八段501巷139號,10100000,1050526
6245,22569978,吉豐鋁器股份有限公司,臺中市豐原區社皮里社皮路293巷53號,5000000,1050504
6250,22573620,久倫塑膠有限公司,臺中市梧棲區永安里中央路1段39號,2000000,1050502
6257,22575872,鍀崴工業股份有限公司,臺中市太平區長龍路2段636巷17號,35000000,1050524
6259,22576231,嘉洺實業有限公司,臺中市潭子區福仁里興華一路142巷20號1樓,15000000,1050520
6261,22576886,瑞峯超硬刀具有限公司,臺中市南區大慶街2段49之26號1樓,5000000,1050519
6262,22576979,詠凱水電工程有限公司,臺中市南屯區五權西路２段1057號1樓,2000000,1050506
6267,22579119,肇力機電有限公司,臺中市南屯區三厝里永春東七路760號1樓,5000000,1050501
6269,22580087,璟耀實業有限公司,臺中市西屯區何南里大安街41號1樓,5000000,1050510
6274,22584062,歡榮實業有限公司,臺中市沙鹿區鹿峰里中清路八段496號,5000000,1050520
6276,22584289,合弘企業管理顧問有限公司,臺中市西區永安街八一號二樓,2000000,1050510
6282,22585560,貝爾國際資訊股份有限公司,臺中市北屯區麻園西街58號1樓,5000000,1050508
6288,22586625,錫源工業有限公司,臺中市潭子區大富路三段197巷3號,8000000,1050516
6297,22590016,大安資源科技有限公司,臺中市大甲區新美里光明路201號,15000000,1050524
6307,22596980,國嘉製藥工業股份有限公司,臺中市大甲區日南里工十路2號,240000000,1050511
6309,22598306,秋保工業有限公司,臺中市神岡區豐洲里東洲路290號,5000000,1050515
6311,22599852,商富企業股份有限公司,臺中市梧棲區永寧里永興路一段402巷59號1樓,5000000,1050530
6401,22665830,宇虹國際企業股份有限公司,臺中市豐原區翁明里東興街44號,5000000,1050519
6403,22667696,龍忠工業有限公司,臺中市龍井區忠和里高園路238巷46號,5000000,1050519
6404,22667719,聖大化工有限公司,臺中市北屯區平德路106巷8號,5000000,1050518
6414,22675035,科宇塑膠工業股份有限公司,臺中市外埔區六分里甲后路56之1號,8000000,1050506
6418,22676772,立鋼股份有限公司,臺中市神岡區岸裡里大富路61巷89號,3200000,1050517
6422,22678103,偉達車業有限公司,臺中市大里區日新里中興路二段612、614號1樓,1400000,1050520
6423,22678770,洪記印刷有限公司,臺中市西區明智街25號1樓,12000000,1050525
6428,22682388,旭生塑膠有限公司,臺中市沙鹿區中山路76巷60號,5000000,1050506
6430,22684175,崇利實業有限公司,臺中市東區東信里振興路412巷86弄11號1樓,5000000,1050521
6433,22684415,鴻亞輪胎五金有限公司,臺中市豐原區水源路7巷237號,5000000,1050514
6434,22684576,伸安貿易有限公司,臺中市北區賴村里大德街151巷3號,5000000,1050529
6435,22685126,巨陞電機通信有限公司,臺中市大里區永隆里東榮路642號2樓,3000000,1050516
6436,22685667,鋁瑋有限公司,臺中市烏日區中山路1段184巷16號,2000000,1050530
6439,22686461,群億彩藝股份有限公司,臺中市梧棲區經一路38號,70000000,1050512
6443,22688778,富和企業有限公司,臺中市東區信義街一○一號,8000000,1050518
6445,22690319,逢大電業工程股份有限公司,臺中市北屯區平德里天津路三段60號,20000000,1050504
6447,22690964,東坤企業有限公司,臺中市南區西川里崇倫北街46號1樓,1500000,1050520
6448,22691788,中來實業有限公司,臺中市豐原區中陽里同安街105巷6號1樓,5000000,1050526
6464,22697397,大童機械股份有限公司,臺中市東區東門里旱溪西路一段178號,10000000,1050517
6465,22697592,英展交通股份有限公司,臺中市豐原區北湳里圓環北路二段143號14樓之2,12000000,1050517
6468,22698620,東瑩製模股份有限公司,臺中市潭子區栗林里豐栗路63巷27號,10000000,1050504
6469,22698918,錦玉機械工業有限公司,臺中市神岡區豐洲路三○一巷一七號一樓,5000000,1050511
6470,22699493,全柏企業有限公司,臺中市龍井區新東里新興路25巷15號1樓,5000000,1050518
6474,22701266,豪鵬企業有限公司,臺中市西屯區協和里安和西路77號2樓之1,5000000,1050505
6476,22702194,裕德工程企業有限公司,臺中市北區金龍里益華街六四號壹樓,15000000,1050502
6478,22702764,德優鑄造股份有限公司,臺中市后里區墩南里南村路三二號,5000000,1050511
6481,22703378,三鵬企業股份有限公司,臺中市大雅區大雅里學府路403巷30號,10000000,1050502
6486,22705410,山裕機械有限公司,臺中市大雅區忠義里月祥路一六號,5000000,1050524
6493,22707698,有巢實業有限公司,臺中市潭子區嘉仁里嘉豐路四三二巷廿七號,5000000,1050504
6494,22708747,大業齒輪股份有限公司,臺中市東區東光園路100巷6弄52號,6600000,1050507
6497,22710379,增財工業齒輪股份有限公司,臺中市太平區光隆里正光街201巷16-5號,3000000,1050511
6503,22713755,福華工具有限公司,臺中市神岡區神岡鄉社南村民生路六七巷十五號,3700000,1050523
6525,22739729,中安工程企業有限公司,臺中市北區明德里太原路1段392號4樓之1,3000000,1050530
6544,22752068,浩天資訊股份有限公司,臺中市西屯區文心路三段238號10樓,5000000,1050511
6552,22763446,芙瑞實業股份有限公司,臺中市大雅區神林南路312巷5弄15號,29000000,1050503
6565,22772536,隆程興業有限公司,臺中市西屯區福中十一街45巷23號1樓,20000000,1050510
6568,22773471,宇鋒工業有限公司,臺中市神岡區神洲里豐洲路716號,5000000,1050504
6569,22773628,日發軟木有限公司,臺中市西屯區協和里安和路31-3號1樓,1000000,1050530
6574,22776532,金源吉興業有限公司,臺中市梧棲區港埠路二段三一六巷一九號,500000,1050503
6575,22777336,精一精密工業有限公司,臺中市北屯區昌平東五路90號1樓,1000000,1050518
6576,22777883,五環企業管理顧問有限公司,臺中市北區中清路一段726巷6號5樓之11,3000000,1050512
6581,22779637,升發企業有限公司,臺中市太平區太平路778巷2號,5000000,1050518
6584,22783512,棋楠企業有限公司,臺中市西區忠誠里忠明南路五三號一樓,5000000,1050523
6585,22783554,常準機械有限公司,臺中市潭子區豐興路二段龍興巷23之26號1樓　,5000000,1050509
6588,22784189,心郁企業股份有限公司,臺中市梧棲區草湳里建國北街248號,20000000,1050517
6594,22787340,東海通股份有限公司,臺中市龍井區新庒里新庒街一段132號1樓,6000000,1050508
6596,22788988,立詠企業有限公司,臺中市大雅區橫山里永和路一一之五號,2000000,1050524
6607,22794166,永興塑膠股份有限公司,臺中市神岡區社南里中山路667巷41號,18000000,1050509
6609,22795171,信億油漆企業有限公司,臺中市西屯區何南里大墩路930號1樓,2000000,1050516
6612,22796220,日晉精機有限公司,臺中市豐原區西安里西平街47號,1000000,1050523
6622,22800147,鉦鎔實業有限公司,臺中市后里區后里里新興街七四號,5000000,1050503
6624,22800694,伯溫生技有限公司,臺中市北區忠明路169號2樓,16000000,1050531
6632,22804143,邦友貿易有限公司,臺中市大雅區前村東路三一巷廿九之三號,5000000,1050516
6633,22804328,宏仰貿易有限公司,臺中市南屯區春社里同安西巷146號,6000000,1050519
6634,22804636,長龍機械股份有限公司,臺中市后里區義里里甲后路138巷20號1樓,8000000,1050529
6636,22805065,承鋼機械股份有限公司,臺中市神岡區岸裡里大豐路五段295巷56弄6號,6000000,1050513
6637,22805261,聖譽油壓機器有限公司,臺中市烏日區太明路67巷14號,8000000,1050528
6653,22810193,鳴馬實業有限公司,臺中市南屯區惠中路三段35號1樓,5000000,1050520
6659,22812354,新象電器有限公司,臺中市南屯區五權西路二段四一八號一樓,600000,1050518
6664,22815417,達建實業股份有限公司,臺中市南屯區田心里向心路131號1樓,7500000,1050527
6666,22815660,迪選租賃有限公司,臺中市潭子區崇德路五段68號1樓,10000000,1050518
6668,22816387,飛騰塑膠有限公司,臺中市沙鹿區光華路422號1樓,5000000,1050531
6678,22820122,德原投資股份有限公司,臺中市西區五權六街51號,150000000,1050505
6689,22853517,裕毛屋企業股份有限公司,臺中市西區公正里公益路150、152號,1000100,1050513
6693,22853690,台灣日油股份有限公司,臺中市大肚區社腳里沙田路1段854巷67之3號,50000000,1050525
6710,22875343,順隆汽車裝潢有限公司,臺中市潭子區甘蔗里勝利九街2號,1000000,1050512
6717,22883456,昌隆科技股份有限公司,臺中市豐原區豐原大道四段305號2樓,25000000,1050529
6729,22892238,璟唐貿易股份有限公司,臺中市南屯區和昌街182號,5000000,1050517
6741,22898232,金池企業有限公司,臺中市北區進化北路238號13樓之3,10000000,1050507
6746,22904207,成功包裝材料有限公司,臺中市烏日區興祥街七○巷二號,6000000,1050501
6754,22907366,永勝企業股份有限公司,臺中市梧棲區草湳里自強路120號,10000000,1050528
6755,22907416,妙春實業股份有限公司,臺中市南屯區寶山里工業區24路4號1樓,230000000,1050513
6761,22909765,皇霖化工原料有限公司,臺中市南屯區五權西路二段60之2號1樓,3000000,1050507
6762,22909982,厚嘉工業有限公司,臺中市太平區宜昌東路5巷18號,6000000,1050502
6774,22912874,威麥企業有限公司,臺中市龍井區竹坑里沙田路四段166號,5000000,1050526
6776,22913108,旻傑企業股份有限公司,臺中市大里區仁化路125巷20號,5000000,1050523
6779,22913629,艷陽通商有限公司,臺中市大里區塗城里光正路１２９巷３５之１號１樓,5000000,1050505
6783,22916175,巨倫機械股份有限公司,臺中市太平區永豐路18巷11號,10000000,1050527
6792,22921439,車亭企業股份有限公司,臺中市南區忠明南路760號33樓,467400000,1050512
6795,22923056,榮慶實業有限公司,臺中市大里區永興路205巷58號1樓,5000000,1050526
6809,22928284,高瑋興業股份有限公司,臺中市神岡區豐洲里豐洲路301巷1之3號,5000000,1050517
6813,22929185,三星製帽有限公司,臺中市清水區菁埔里菁埔路113號,5000000,1050524
6815,22929495,岡全企業有限公司,臺中市外埔區六分里水頭一路99巷28號,5000000,1050502
6817,22929967,知源空壓油壓五金有限公司,臺中市東區自由路4段299號1樓,5000000,1050526
6824,22933322,維泰興業有限公司,臺中市南區樹義五巷17之2號,5000000,1050520
6830,22936051,雍盛科技股份有限公司,臺中市烏日區前竹里光明路385巷20號,5000000,1050516
6837,22938348,日里榮企業有限公司,臺中市后里區后里里甲后路501巷19號,13000000,1050521
6838,22938380,絖鉅機械有限公司,臺中市豐原區鎌村里鎌村路210巷27號,1000000,1050506
6847,22940392,仕強精密工業有限公司,臺中市西屯區何厝街40號,1000000,1050519
6850,22941272,仲球機械股份有限公司,臺中市神岡區豐洲里大洲路13號,3560000,1050519
6852,22941863,展楹企業有限公司,臺中市豐原區田心里育英路130號,5000000,1050510
6858,22943525,富源農產品有限公司,臺中市霧峰區北柳里柳豐路五六號,5000000,1050510
6870,22949767,永曜螺絲有限公司,臺中市東區大智路352號一樓,5000000,1050509
6873,22950905,龍和股份有限公司,臺中市龍井區忠和里中山中路二段136號　,1000000,1050525
6875,22952410,友文印刷材料有限公司,臺中市龍井區忠和里高園路118巷20號,5000000,1050524
6876,22952973,至良工業股份有限公司,臺中市南屯區春社里中台路73巷11-1號,5000000,1050505
6889,22960191,斌豐實業有限公司,臺中市豐原區富春里中正路261號,3000000,1050518
6894,22962091,建仁事務機器有限公司,臺中市南區永興里美村南路251號1樓,1500000,1050519
6901,22965273,慶奇企業股份有限公司,臺中市潭子區潭陽里潭興路2段300號,5000000,1050512
6903,22968172,勝豊工業股份有限公司,臺中市北屯區北屯路471巷32弄31號,7000000,1050518
6905,22968671,瑋城興業有限公司,臺中市大甲區義和里中山路一段609巷27號,6600000,1050519
6912,22972133,炫均電機股份有限公司,臺中市石岡區土牛里豐勢路國校巷45號,1500000,1050525
6914,22973463,名力精密鋼模股份有限公司,臺中市西屯區工業區三十六路13號,15000000,1050519
6915,22973528,永造企業有限公司,臺中市梧棲區永安里中央路1段31之1號,1000000,1050526
6918,22974553,富山商行有限公司,臺中市梧棲區大庄里文雅街60巷7號1樓,2000000,1050510
6919,22974580,油興企業股份有限公司,臺中市梧棲區頂寮里四維路71巷2號4樓之2,5000000,1050506
6922,22974955,豪崧企業有限公司,臺中市梧棲區福德里福德街19巷5號,1000000,1050517
6924,22975413,永美銘版有限公司,臺中市潭子區栗林里中山路三段287巷9弄164之2號,5000000,1050503
6925,22975949,堃揚工業股份有限公司,臺中市太平區宜欣里中山路三段19巷36號,12000000,1050525
6926,22977117,奇鍇製模有限公司,臺中市大甲區岷山里中山路一段908巷10之63號,1200000,1050524
6927,22977236,梧濟工業股份有限公司,臺中市南屯區工業20路1號,500000000,1050504
6929,22977518,朝昇工業有限公司,臺中市大甲區武曲里大安港路116巷43號,3000000,1050513
6934,22979776,陽湖企業有限公司,臺中市南屯區忠勇路一○七之七號一五樓之二,5000000,1050519
6937,22981040,銘滿企業股份有限公司,臺中市龍井區忠和里海尾路306巷10號,10000000,1050516
6942,22984617,東聯造紙股份有限公司,臺中市后里區公安路227號,26000000,1050519
6943,22984638,呈欣工業股份有限公司,臺中市西屯區大河里大河街60巷21號1樓,5000000,1050511
6945,22985616,韋輪實業有限公司,臺中市太平區新坪里樹孝路542-2號1樓,5000000,1050526
6949,22988331,勝信紙器股份有限公司,臺中市豐原區西湳里東洲路186巷11號,5000000,1050502
6950,22988352,禔福紙業股份有限公司,臺中市西屯區工業區36路52號,36000000,1050505
6956,22992671,明格金屬股份有限公司,臺中市豐原區南村里水源路395巷9號,5000000,1050505
6957,22993778,世曄實業股份有限公司,臺中市豐原區鐮村里鐮村路405之3號,28000000,1050513
6958,22993952,昱琦興業有限公司,臺中市西屯區大墩20街131號2樓,5000000,1050516
6960,22994495,美實有限公司,臺中市南屯區田心里大墩一街241之8號4樓,5000000,1050524
6962,22996135,晉易精密工業股份有限公司,臺中市霧峰區本堂里樹仁路189號,5000000,1050527
6964,22998014,美立固精機廠股份有限公司,臺中市外埔區水美里14鄰二崁路568巷30號,20100000,1050530
6966,22998871,全富機械股份有限公司,臺中市梧棲區草湳里梧南路65號,1000000,1050520
6969,22999822,英順工業有限公司,臺中市南區永興里工學一街239巷3號1樓,5000000,1050530
6970,23000360,健谷工業有限公司,臺中市龍井區龍岡里沙田路四段五八四號二樓,4000000,1050502
6978,23003079,僑駿彈簧五金工業有限公司,臺中市龍井區忠和里工業路一八二巷三二號,5000000,1050512
6979,23004231,后庄工業股份有限公司,臺中市北屯區庄內巷8之2號1樓,1000000,1050517
6981,23004318,祥僑輪業有限公司,臺中市太平區平安里太平路120號,5000000,1050504
7035,23042158,瑞佳企業股份有限公司,臺中市西屯區巿政北一路77號5樓之6,34000000,1050505
7057,23056595,安鈦工業股份有限公司,臺中市東區旱溪里進化路54號1樓,26000000,1050502
7070,23061611,金交利精密股份有限公司,臺中市西屯區工業區二八路123號,5000000,1050513
7073,23062533,曜宇機械股份有限公司,臺中市大雅區上楓里民生路三段267巷16號,15000000,1050531
7079,23066600,冠威不銹鋼有限公司,臺中市南屯區豐樂里豐安街一六二號一樓,1000000,1050524
7085,23069445,啟越工業有限公司,臺中市豐原區田心里豐南街51巷19弄52號,1000000,1050527
7086,23070251,吉元有限公司,臺中市梧棲區永安里向上路九段322巷45號,600000,1050513
7088,23070421,啟佑工業有限公司,臺中市潭子區潭北里人和路216巷131號,5000000,1050517
7090,23071189,宏桓企業有限公司,臺中市東區樂成里長福路257-1號1樓,2600000,1050518
7091,23071202,全嶸工業有限公司,臺中市大雅區秀山里秀山11路128號,5000000,1050523
7093,23071786,杰貿實業有限公司,臺中市清水區國姓里中央北路12號1樓,10000000,1050505
7102,23075713,東正起重工程有限公司,臺中市豐原區南村里文村街30之3號,5000000,1050515
7103,23075729,綺星有限公司,臺中市梧棲區永安里向上路九段382巷46號,1200000,1050513
7107,23077466,日懋科技有限公司,臺中市南屯區溝墘里大墩11街140號,5000000,1050519
7108,23077846,寬業有限公司,臺中市北屯區子里太和路二段83號1-2樓,20000000,1050524
7110,23077971,詮泰工業有限公司,臺中市東區東門里東光園路86巷41弄24號1樓,2000000,1050511
7112,23079767,永續五金有限公司,臺中市大雅區六寶里中清路四段831巷8號,1000000,1050509
7116,23081052,馹隆企業股份有限公司,臺中市豐原區北湳里豐中路176號,20000000,1050509
7118,23081503,王門企業有限公司,臺中市大甲區庄美里蔣公路293號之7 二樓,5000000,1050526
7120,23081784,通宏工業有限公司,臺中市豐原區朴子里朴子街262巷11號,800000,1050506
7124,23082670,正金揚機械廠有限公司,臺中市大里區國中一路25巷25弄2號,1000000,1050511
7127,23083946,旭珀機械業有限公司,臺中市石岡區金星里石岡街金川巷二○號,10000000,1050516
7130,23084635,升威有限公司,臺中市南區忠明南路七二三號一樓,7000000,1050518
7134,23086789,矩大電機股份有限公司,臺中市西屯區工業區三十五路16之1號1樓,10000000,1050513
7135,23087746,士銓企業有限公司,臺中市豐原區三村里三和路三五四巷九七弄三︱一號　,5000000,1050507
7140,23090496,偉羚企業有限公司,臺中市太平區建興路四八巷六號七樓之三,1000000,1050527
7141,23091452,民豐汽車事業股份有限公司,臺中市大甲區武曲里大安港路126號,10000000,1050516
7142,23091565,世揚國際股份有限公司,臺中市西屯區工業區31路12-1號,20000000,1050523
7146,23093487,家達工業股份有限公司,臺中市大里區仁化里工業11路148號,5100000,1050519
7148,23094681,冠彰汽車科技有限公司,臺中市南屯區文山里嶺東路109-3號1樓,2000000,1050526
7149,23095801,保僑工業有限公司,臺中市后里區墩南里舊社路3之10號,3000000,1050526
7152,23098271,億存企業股份有限公司,臺中市烏日區光明里五光路復光6巷129號1樓,10000000,1050510
7159,23101796,滿弓企業有限公司,臺中市西屯區至善路65巷26號壹樓,10000000,1050525
7160,23102036,金協國際實業有限公司,臺中市北區華美街二段八二號八樓之四,5000000,1050519
7165,23104479,懋森實業有限公司,臺中市大雅區上楓里樹德街142巷7號,28000000,1050521
7171,23105619,崇欽工業有限公司,臺中市太平區德隆里華安街100巷3弄19號,5000000,1050517
7172,23105625,高分能企業有限公司,臺中市東區東門里天乙街102號1樓,1050000,1050526
7176,23106981,聰棋企業有限公司,臺中市西屯區工業區33路3號,5000000,1050505
7192,23115031,尚德投資股份有限公司,臺中市中區民族路217號,25000000,1050530
7193,23115320,聯合建築經理股份有限公司,臺中市北區臺灣大道二段340號5樓之3,11178300,1050517
7219,23145513,全諾實業有限公司,臺中市南屯區五權西路二段666號13樓之8,10000000,1050527
7227,23153415,愛瑪瑞實業股份有限公司,臺中市大里區仁化里仁化路692號,70000000,1050519
7252,23168043,裕通企業股份有限公司,臺中市北屯區崇德路3段477號,160000000,1050503
7253,23168803,金徠居工業股份有限公司,臺中市南區樹義里福田三街312號,13000000,1050526
7254,23168830,山玉農業機械有限公司,臺中市霧峰區丁台里丁台路451巷74號,1500000,1050506
7257,23169486,漢璋貿易有限公司,臺中市南區五權南路二六四巷一一號,5000000,1050525
7260,23169845,悅竣股份有限公司,臺中市霧峰區舊正里光明路92巷6之11號1樓,10000000,1050504
7261,23170076,青鋒工業有限公司,臺中市大里區中興路二段65巷66號,5000000,1050523
7265,23170929,仕增工業有限公司,臺中市南屯區楓樹里樂田巷二之一三號,1000000,1050511
7266,23172150,弘碁精密工業股份有限公司,臺中市霧峰區新厝路261巷10弄32號,4000000,1050519
7274,23177964,益華電機有限公司,臺中市北屯區松竹里崇德二路二段272號1樓,1000000,1050505
7275,23178719,信韋行電動工具有限公司,臺中市東區東信里十甲東路399號1樓,4000000,1050524
7276,23179061,鴻府機械實業有限公司,臺中市東區東英里十甲東路448號1樓,1000000,1050504
7279,23179837,恒誌銅鋁金屬有限公司,臺中市東區東興里建成路729號,5000000,1050517
7282,23180567,世國水電工程有限公司,臺中市潭子區家興里中山路一段1巷15號1樓,3000000,1050510
7283,23180617,禾壹塑膠科技有限公司,臺中市清水區秀水里海濱路183之1號,5000000,1050520
7285,23182930,永祺車業股份有限公司,臺中市太平區光興路462巷50號,280000000,1050516
7287,23184108,鐘大機械有限公司,臺中市東區長福路一八八號一樓,5000000,1050529
7297,23188667,穩盈鈑金工業股份有限公司,臺中市神岡區神洲里豐洲路689巷38號1樓,12000000,1050520
7301,23192000,昇益肥料有限公司,臺中市潭子區東寶里雅豐街72號,1000000,1050516
7302,23192521,大峰銘版有限公司,臺中市烏日區溪壩里福泰街73巷22號1樓,1000000,1050529
7304,23194154,漢崟企業有限公司,臺中市大里區國中一路25巷11弄1號,3000000,1050520
7308,23197574,國宇實業有限公司,臺中市潭子區甘蔗里興華一路523號1樓,1500000,1050511
7309,23197589,運順企業有限公司,臺中市烏日區榮泉里中山路三段一三八七號,5000000,1050513
7310,23198139,明泉有限公司,臺中市神岡區社南里中山路八四五號,5000000,1050501
7317,23200022,精銳銑床配件有限公司,臺中市霧峰區民生路412巷72弄9號一樓,5000000,1050512
7318,23200509,威強企業有限公司,臺中市清水區下湳里中山路396號之4,6000000,1050509
7319,23201802,金宏不銹鋼材有限公司,臺中市梧棲區永安里向上路九段562巷20號1樓,98000000,1050514
7320,23201818,福輪精機股份有限公司,臺中市大里區樹王路407號1樓,3000000,1050525
7324,23203288,國迪金屬股份有限公司,臺中市龍井區田中里舊車路福壽巷68號,5000000,1050524
7325,23203409,大衛空調冷凍有限公司,臺中市西區公正里向上南路一段206號,10200000,1050510
7326,23205027,從安企業有限公司,臺中市烏日區五光里環中路七段229號2樓,7000000,1050512
7331,23207643,榮顯企業有限公司,臺中市外埔區水美里水美路281巷15號,3000000,1050526
7333,23208235,盈錫精密工業股份有限公司,臺中市北屯區崇德六路一段31巷26號,136000000,1050518
7335,23209369,立傑實業有限公司,臺中市大里區中興路一段2巷263弄5號1樓,5000000,1050503
7338,23209868,穎昌鞋業股份有限公司,臺中市大里區慈德路91號1樓,25000000,1050505
7348,23213693,鑫岱電機有限公司,臺中市北屯區松竹北路一二二號一樓,10000000,1050515
7351,23214665,帝緯系統整合股份有限公司,臺中市西屯區臺灣大道四段925號14樓之2,20000000,1050506
7356,23217500,紅笛企業有限公司,臺中市北屯區瀋陽路1段72號,5000000,1050528
7377,23225945,台灣奧林巴斯股份有限公司,臺中市西屯區協和里工業區三十八路210號2樓之6,25000000,1050524
7386,23229766,宏達製刀企業股份有限公司,臺中市神岡區岸裡里大富路20巷58號,10000000,1050512
7396,23234640,倫嘉工業股份有限公司,臺中市豐原區南嵩里水源路115巷105號1樓,18000000,1050502
7397,23234803,利鋼機械工業股份有限公司,臺中市大里區仁化里工業十二路7號,18000000,1050524
7398,23234819,伯偉加油站實業有限公司,臺中市北區頂厝里進化北路309號,5000000,1050516
7402,23236400,長鴻不動產經紀有限公司,臺中市豐原區豐西里中正路四三四號,1000000,1050520
7411,23241760,大鐺鑄造有限公司,臺中市霧峰區豐正路工業巷12號1樓,10000000,1050519
7413,23242711,樺嶸有限公司,臺中市豐原區社皮里社皮路185巷50號,5000000,1050506
7417,23246857,超王科技股份有限公司,臺中市西屯區協和里工業區33路18號,51870000,1050524
7420,23247482,廣獲企業有限公司,臺中市大雅區文化路145號1樓,12000000,1050530
7423,23247976,裕勇工業股份有限公司,臺中市霧峰區四德里新埔路124號,5000000,1050521
7427,23249658,華訊自動化機電有限公司,臺中市沙鹿區沙鹿鎮光華路一五號,2000000,1050513
7428,23250280,弘洋欣業股份有限公司,臺中市西區安龍里五權路6-2號1樓,3500000,1050519
7432,23251226,辛吉工程有限公司,臺中市大里區萬壽街35號1樓,10000000,1050519
7438,23253511,世斌消防興業有限公司,臺中市大里區東明路294號,1000000,1050505
7439,23254027,鋒達工業有限公司,臺中市東區旱溪西路一段190巷55號1樓,6000000,1050504
7441,23254482,永荃塑膠股份有限公司,臺中市大甲區庄美里大安港路241號,5000000,1050528
7444,23255139,驈輝企業股份有限公司,臺中市烏日區螺潭里溪南路2段388巷86號,6000000,1050501
7446,23255692,昇煒金屬工業有限公司,臺中市太平區建國里鵬儀路296巷6弄59號1樓,5000000,1050529
7453,23257185,永固金屬建材有限公司,臺中市南區大慶街2段49之35號,25000000,1050513
7461,23262336,台峯股份有限公司,臺中市后里區墩北里甲后路647-16號,5600000,1050524
7469,23264931,高成機械有限公司,臺中市大雅區文雅里中山北路286巷16號,5000000,1050513
7470,23265164,克珍企業股份有限公司,臺中市豐原區南田里南田街285號,33000000,1050523
7472,23265663,欣瑞機械股份有限公司,臺中市太平區興隆里光興路1266巷13號,5000000,1050519
7474,23265903,富甲紙器有限公司,臺中市大甲區長安路廿一號之五,1000000,1050509
7475,23266086,三洋貨運有限公司,臺中市東勢區北興里公園路130號1樓,29000000,1050506
7479,23267374,喬盛建材股份有限公司,臺中市西屯區何仁里長安路一段53號1樓,5000000,1050514
7481,23268351,恒捷工業股份有限公司,臺中市西屯區廣興巷16之3號,5000000,1050520
7482,23268394,鴻昇木業股份有限公司,臺中市神岡區溪洲里溪洲路246巷15弄8號,5000000,1050503
7483,23268444,永聖研磨有限公司,臺中市豐原區鐮村里鐮村路472巷62號,5000000,1050524
7486,23269632,三綾實業有限公司,臺中市大肚區王田里沙田路一段85號,3000000,1050523
7487,23269648,協穩精密工業股份有限公司,臺中市烏日區光明里五光路682號,5000000,1050505
7490,23270146,威向電機技術顧問股份有限公司,臺中市南屯區文心路一段186號18樓之9,12000000,1050525
7493,23271525,鑫成工業有限公司,臺中市太平區成功東路一四八號,5000000,1050519
7494,23271546,大豐皮革有限公司,臺中市烏日區九德里中山路一段60號,5000000,1050506
7496,23272209,野猛工業有限公司,臺中市大里區大里里大里路115號,5000000,1050527
7501,23273360,偉舜有限公司,臺中市東區建德街418巷41號1樓,2000000,1050502
7504,23275424,普登機械工業有限公司,臺中市潭子區東寶里雅潭路二段232號1樓,2500000,1050512
7505,23275445,國浩交通器材有限公司,臺中市北屯區昌平路二段四巷二弄二三號,1000000,1050517
7507,23276922,銘謙企業有限公司,臺中市清水區神清路86之12號1樓,13000000,1050509
7550,23312878,萬伯貿易有限公司,臺中市北屯區平田里文心路四段九三六號九樓之二,10000000,1050525
7578,23363475,億淂實業有限公司,臺中市北屯區仁愛里水湳路121之15號1樓,5000000,1050509
7584,23368099,廣迪股份有限公司,臺中市龍井區龍東里茄投路29號,1000000,1050527
7591,23371783,盛將有限公司,臺中市大里區西湖路7巷11號,5000000,1050520
7592,23373044,光宏保溫有限公司,臺中市烏日區湖日里新興路465號1樓,3400000,1050516
7593,23373163,華全精機股份有限公司,臺中市烏日區前竹里仁義街五號,5000000,1050509
7594,23373190,德建塑膠股份有限公司,臺中市豐原區北陽里豐東路220巷21弄10號,5000000,1050527
7597,23376561,金座旅館有限公司,臺中市北區六合里成功路469號1至7樓,24000000,1050510
7604,23378553,詮優實業有限公司,臺中市神岡區三角里大豐路五段81號,1000000,1050503
7605,23379429,政營工業股份有限公司,臺中市太平區新仁路1段22巷83號之3，1樓,8000000,1050511
7606,23379455,凱桀精密工業股份有限公司,臺中市大里區夏田里國中路607巷12號,10000000,1050529
7608,23380072,昌典企業有限公司,臺中市大里區立仁里好來六街六巷1號1樓,10000000,1050523
7609,23380220,合元建築材料有限公司,臺中市潭子區潭北里人和路37巷28弄8號,5000000,1050512
7610,23380827,寶暉有限公司,臺中市大里區樹王里樹王路50-9號,5950000,1050516
7614,23385626,大振興工業有限公司,臺中市神岡區社口里社口街10巷8號,500000,1050506
7617,23386110,富商企業股份有限公司,臺中市太平區永義路13號1樓,6000000,1050509
7621,23388095,祥園實業有限公司,臺中市太平區新坪里樹孝路463號1樓,6000000,1050524
7622,23389600,仙菓有限公司,臺中市北屯區國校巷28號1樓,10000000,1050524
7623,23389622,能裕銘版企業有限公司,臺中市太平區建成街369號,1000000,1050505
7629,23391628,富聖紙器興業有限公司,臺中市大里區仁化里善化路124號,1500000,1050506
7636,23393800,仟曜塑膠股份有限公司,臺中市太平區宜昌東路108號,10000000,1050518
7638,23395201,祿爵工業有限公司,臺中市大肚區頂街里沙田路3段244巷16號,1500000,1050512
7641,23397756,章正企業有限公司,臺中市神岡區社南里中山路427號,5000000,1050514
7642,23397947,立竑企業有限公司,臺中市大里區永隆里永隆八街221號1樓,10000000,1050505
7647,23401512,友竹股份有限公司,臺中市北屯區天津路三段166號1樓,24000000,1050529
7653,23403032,宗記實業股份有限公司,臺中市南區西川里西川一路191巷6號,1000000,1050525
7657,23404623,盟漢塑膠股份有限公司,臺中市大雅區三和里建興路215號1樓,2000000,1050530
7659,23405257,旭正機械股份有限公司,臺中市清水區東山里神清路2之161號,30000000,1050530
7664,23407889,立盛機械股份有限公司,臺中市大里區工業十路23號1樓,28000000,1050512
7676,23412692,帥昌企業有限公司,臺中市西屯區福和里福安三街20號8樓,22000000,1050517
7677,23412953,江山彩色有限公司,臺中市南屯區溝墘里大墩十一街128號1樓,1000000,1050521
7716,23455946,鈺豐貿易股份有限公司,臺中市西屯區協和里工業六路25號1樓,50000000,1050519
7735,23470691,新立投資股份有限公司,臺中市北區金華里三民路三段278號1樓,10000000,1050510
7740,23471930,立揚建設股份有限公司,臺中市北區三民路三段94巷11之2號,35000000,1050527
7741,23474198,豐農證券股份有限公司,臺中市豐原區水源路669號,200000000,1050503
7744,23475181,佑星塑膠有限公司,臺中市大雅區上雅里民生路一段13巷12號,5000000,1050518
7746,23475794,長碁室內裝修設計有限公司,臺中市神岡區社南里中山路667巷50號,1000000,1050504
7748,23477060,天下公寓大廈管理維護股份有限公司,臺中市南屯區大進街1號6樓之2,10000000,1050525
7751,23478130,科霆工業股份有限公司,臺中市豐原區三村里三和路349巷1號,12000000,1050523
7752,23480831,興盛實業有限公司,臺中市后里區舊社里舊社路一五之五號,5000000,1050519
7753,23481212,仲台企業管理顧問有限公司,臺中市北屯區舊社里舊社巷48號,1000000,1050517
7756,23482155,歆驊企業有限公司,臺中市北區忠明六街八號,5000000,1050513
7758,23482465,三揚貿易有限公司,臺中市清水區海濱里臨港路五段498號,10000000,1050505
7762,23485006,嘉豐製線有限公司,臺中市南區大慶街1段257之3巷13號1樓,1000000,1050512
7764,23485759,鈞鎰鐵工廠有限公司,臺中市龍井區三德里中厝路6巷20號,15000000,1050502
7765,23486321,新榮水電工程有限公司,臺中市北屯區東山路一段189號,2000000,1050514
7767,23487095,君梵有限公司,臺中市西區忠明里中興街245號,28000000,1050526
7768,23487399,長冠化工有限公司,臺中市太平區新福里樹德一街13巷3號1樓,7000000,1050506
7780,23494906,年盈清潔有限公司,臺中市南屯區豐樂里南屯路二段415巷2號壹樓,10000000,1050518
7782,23495460,瑞酈塑膠股份有限公司,臺中市大里區吉善一街59號,1000000,1050519
7784,23496138,健倫精機股份有限公司,臺中市沙鹿區埔子里鎮慶街13巷23號,10000000,1050519
7786,23496572,大慶織帶廠有限公司,臺中市清水區南社里南社路99之36號,10000000,1050504
7788,23498115,廣謀駿實業有限公司,臺中市西屯區大河里美滿東三巷28號1樓,900000,1050531
7789,23499212,順杰企業有限公司,臺中市太平區宜欣里宜欣十街17號,5000000,1050505
7796,23503784,逸展實業股份有限公司,臺中市沙鹿區錦華街18號,136000000,1050513
7802,23505690,棠安消防實業有限公司,臺中市北屯區文昌三街七九號一樓,20000000,1050509
7806,23507705,立川精機有限公司,臺中市大雅區上楓里民生路4段333巷65號,5000000,1050516
7812,23509149,統群國際貿易有限公司,臺中市清水區南社里鰲峰路161巷50號之37,5050000,1050524
7814,23510265,閎偉工業有限公司,臺中市大甲區頂店里大發路182號,5000000,1050509
7818,23512377,慕恒實業有限公司,臺中市北區錦洲里進化路480、482號1樓,500000,1050511
7830,23517154,嘉路股份有限公司,臺中市東區旱溪街57號,5000000,1050504
7834,23518409,捷采印刷事業股份有限公司,臺中市西屯區工業區31路1-1號,120000000,1050528
7841,23521426,中傑空調冷凍有限公司,臺中市南區福興里福東街40號1樓,5000000,1050530
7842,23522092,楊名國際股份有限公司,臺中市大里區國寶街36巷2號2樓,10000000,1050519
7844,23522380,承意汽車有限公司,臺中市潭子區中山路1段480巷6號,5000000,1050504
7848,23524508,豐德機械工業有限公司,臺中市烏日區五光路復光三巷160號1樓,5000000,1050527
7867,23533730,豐德證券股份有限公司,臺中市豐原區中山路481號,238000000,1050513
7875,23537996,耕坊行股份有限公司,臺中市西屯區協和里工業區十六路5號,71120000,1050520
7879,23539431,重壽機械工業股份有限公司,臺中市大甲區義和里中山路一段458號之8,5000000,1050504
7880,23539447,台灣歐原股份有限公司,臺中市西屯區市政北二路238號24樓之2,25000000,1050506
7886,23541703,首席帆布實業有限公司,臺中市西區東昇里朝陽街32號,5000000,1050511
7890,23542822,龍幃工業有限公司,臺中市太平區宜欣里宜昌東路111巷2號,4000000,1050524
7891,23544363,廣容科技股份有限公司,臺中市南屯區寶山里工業區25路20號4樓,48000000,1050518
7894,23545166,長城營造股份有限公司,臺中市南屯區同心里大墩西一街22號1樓,60000000,1050525
7899,23546572,徠發機械股份有限公司,臺中市龍井區遊園北路1之1號,1000000,1050522
7901,23548699,主群電機廠工業股份有限公司,臺中市神岡區神洲里大洲路146號,5000000,1050520
7906,23551883,中正實業有限公司,臺中市龍井區忠和里台西南路256巷30弄20號,2000000,1050513
7910,23553860,琇盟生技股份有限公司,臺中市南屯區豐樂里文心南五路247號1樓,5000000,1050503
7912,23554967,栗林木工廠有限公司,臺中市潭子區栗林里中山路三段305巷59之4號,5000000,1050526
7914,23556233,全晟國際開發有限公司,臺中市清水區西社里鎮新南路109巷18號,6000000,1050516
7915,23556450,英明船務代理有限公司,臺中市梧棲區中正里文化路二段一三○號二樓,10000000,1050513
7917,23556655,鉿豐鋼模股份有限公司,臺中市大甲區德化里南北四路298巷3號,5000000,1050519
7923,23559034,正詮工業有限公司,臺中市大雅區神林路一段225號,25000000,1050514
7936,23565330,楊昌企業有限公司,臺中市烏日區三和里學田路100號1樓,5000000,1050524
7937,23565768,政良鋁合金熱處理有限公司,臺中市神岡區新庄里溪頭路95號,5820000,1050509
7940,23568126,遠新股份有限公司,臺中市東勢區中正路256號1樓,10400000,1050528
7941,23569096,亨信化工股份有限公司,臺中市北區文昌東二街75號3樓,5000000,1050513
7942,23569151,亮美特殊印刷有限公司,臺中市大里區環中東路七段42巷2號,2100000,1050506
7946,23570100,向日五金企業有限公司,臺中市大里區瑞城里向學一路170巷30號1樓,5000000,1050520
7948,23571706,詠馨工業有限公司,臺中市太平區太平里新仁路一段22巷99號,2000000,1050526
7952,23574210,啟益有限公司,臺中市烏日區三和里中山路３段１６０－１號,10000000,1050522
7955,23574598,企理企業有限公司,臺中市北區育德里篤行路377之11號1樓,5000000,1050517
7956,23574773,大弘機械有限公司,臺中市太平區宜欣里富平路37巷22號,1000000,1050522
7959,23575490,富陽木工藝有限公司,臺中市豐原區北陽里向陽路315號5樓,5000000,1050517
7962,23576266,松頡股份有限公司,臺中市太平區太平里永豐路201號,3000000,1050526
7965,23577384,盟大建設股份有限公司,臺中市梧棲區大村里文心街170號1樓,7000000,1050531
7970,23580992,銓元有限公司,臺中市西區公德里精誠22街10號1樓,6000000,1050520
7972,23581824,如益企業股份有限公司,臺中市沙鹿區公明里中清路六段261巷51號,10000000,1050523
7976,23583745,天雍企業有限公司,臺中市烏日區大同路7號3樓,5000000,1050522
7978,23584701,大立欣業有限公司,臺中市北區賴厝里中清路一段546號,2000000,1050525
7980,23585080,長耿精密鋼模有限公司,臺中市西屯區大河街16號,3000000,1050516
7983,23585700,育存美術特殊印刷有限公司,臺中市大安區海墘里中山北路89巷2號,1000000,1050509
8035,23636813,馬上發國際企業股份有限公司,臺中市西區忠明南路270號20樓之1、之2、之3,1969240000,1050513
8044,23672486,大亞起重工程有限公司,臺中市沙鹿區鹿寮里福德路60巷6號1樓,3000000,1050503
8045,23672768,造峰工業股份有限公司,臺中市烏日區前竹里仁義街41號,1000000,1050523
8049,23674800,勝迦企業有限公司,臺中市北屯區平興里興安路二段142巷12號1樓,2000000,1050502
8050,23675028,長益車業有限公司,臺中市霧峰區中正路606號1樓,1000000,1050505
8051,23675316,新勝板金股份有限公司,臺中市南屯區寶山里工業區18路1號,5000000,1050520
8053,23677709,動態音響燈光工程有限公司,臺中市大里區樹王里樹王路八八巷二三號二樓,1000000,1050510
8054,23677790,新益貿易股份有限公司,臺中市北區進化路565號3樓,5000000,1050506
8056,23680161,良榮股份有限公司,臺中市大甲區新美里經國路299巷31號,5000000,1050503
8058,23680578,豐郡膠業有限公司,臺中市北屯區旅順路二段228號1樓,1000000,1050505
8062,23682610,慶霖工業股份有限公司,臺中市大甲區頂店里東西七路一段69號,10000000,1050525
8063,23682724,興道有限公司,臺中市北屯區崇德路二段330號,1000000,1050504
8066,23683569,桂僑貿易有限公司,臺中市清水區海濱里臨港路五段498號1樓,6000000,1050511
8068,23684080,湯晟企業股份有限公司,臺中市西屯區工業區31路8號,60000000,1050507
8075,23687988,賀臨企業股份有限公司,臺中市中區大誠里臺灣大道一段501號8樓之1,4000000,1050527
8080,23689992,益協工業有限公司,臺中市太平區長億里新仁路1段2巷5號,5000000,1050514
8086,23692048,顏昌興業有限公司,臺中市北屯區軍功里軍榮三街98號1樓,10000000,1050517
8089,23693004,喬苑企業有限公司,臺中市豐原區北陽里豐東路222號,3000000,1050518
8096,23696311,東正生物科技股份有限公司,臺中市太平區建國里鵬儀路461巷28號,6200000,1050513
8104,23699909,顯冠股份有限公司,臺中市神岡區民權一街183號1樓,5000000,1050513
8107,23700259,拓盛工業有限公司,臺中市太平區福隆里光興路1571號,5000000,1050512
8112,23701594,旻燕實業有限公司,臺中市西屯區漢成街63號1樓,6000000,1050527
8116,23702398,大圓水電企業有限公司,臺中市北區賴厝里太原路二段213之1號2樓,6000000,1050503
8128,23706280,坤旺環保工程股份有限公司,臺中市龍井區龍西里龍門路43巷45弄8號,20000000,1050526
8129,23706747,鉅鑫實業股份有限公司,臺中市南區南門里南門路30號,12000000,1050504
8132,23707909,振復工業股份有限公司,臺中市太平區德隆里工業十五路22號1樓,5000000,1050503
8136,23708914,楓城工業有限公司,臺中市南區積善里頂橋三巷60號,5000000,1050529
8137,23709505,禾瑄興業有限公司,臺中市西屯區寧夏東一街2號2樓,5000000,1050512
8143,23712277,高僑自動化科技股份有限公司,臺中市大甲區工七路1號,714341410,1050505
8145,23713986,陞佑企業股份有限公司,臺中市大里區西湖里草堤路101巷33號1樓,2000000,1050523
8152,23716528,傑樂國際股份有限公司,臺中市南區國光路3之1號1樓,10000000,1050525
8154,23717717,允泰齒輪機械股份有限公司,臺中市大雅區西寶里昌平路三段596巷62號1樓,55000000,1050503
8156,23718342,高煇企業股份有限公司,臺中市太平區合利街6號,5000000,1050505
8159,23719877,佳秀廚具股份有限公司,臺中市大雅區員林里大林路373巷31號之1,5000000,1050513
8166,23721347,臺億國際有限公司,臺中市外埔區大同里中山路258巷1弄10號1樓,10000000,1050520
8168,23721557,特侑貿易股份有限公司,臺中市大里區公園街425巷118號1樓,11000000,1050514
8175,23729636,友諾股份有限公司,臺中市梧棲區北環路27號,20000000,1050513
8219,23773013,相億鋁業有限公司,臺中市豐原區豐田里豐南街92巷69弄7號,6000000,1050525
8223,23774364,雅勃士實業股份有限公司,臺中市神岡區社南里中山路667巷32弄21號,5000000,1050513
8228,23777518,船井塗料有限公司,臺中市大里區長春路92號,5000000,1050511
8239,23780400,信達機械廠有限公司,臺中市神岡區社口里社口街390巷5號,5000000,1050510
8243,23783119,晟詠企業有限公司,臺中市南區美村南路94巷28號1樓,6000000,1050517
8247,23784481,益久實業有限公司,臺中市西屯區中工二路３０２號１樓,3000000,1050514
8256,23787972,泰順印花有限公司,臺中市龍井區中山一路一段18巷28號,2000000,1050510
8262,23790890,僑宏工業股份有限公司,臺中市梧棲區永安里向上路九段466巷25號,8000000,1050512
8271,23794143,泓達工業有限公司,臺中市大甲區德化里東西五路一段366號,1000000,1050505
8275,23794988,韋勝鋼管家具有限公司,臺中市神岡區溪洲里溪洲路247巷16號,6000000,1050527
8277,23795522,川睦建設開發股份有限公司,臺中市南屯區豐樂里文心南三路799號1樓,55000000,1050506
8279,23795874,穎賜實業有限公司,臺中市大肚區頂街里自由路451號12樓,5000000,1050516
8282,23796917,禮鑫有限公司,臺中市清水區中華路五六四巷二號一樓,60000000,1050523
8287,23798324,八錦工業股份有限公司,臺中市太平區光華里大興七街18號1樓,5000000,1050518
8290,23803044,綺謚有限公司,臺中市梧棲區永安里向上路九段352巷45號,500000,1050513
8299,23807034,奇龍工業股份有限公司,臺中市神岡區庄後里厚生路148號,250000000,1050516
8301,23807169,嘉億資訊有限公司,臺中市北屯區水湳里中清西二街10號4樓,2000000,1050506
8302,23808060,岑益儀器股份有限公司,臺中市霧峰區民生路229之11號1樓,5000000,1050525
8305,23808723,廣文印刷有限公司,臺中市西屯區智惠街131巷8號,3000000,1050516
8310,23810994,聖酆工業有限公司,臺中市豐原區翁社里豐年路２１８巷６號,5000000,1050510
8312,23814669,綉龍實業有限公司,臺中市太平區華安街１００巷１０號,500000,1050504
8322,23821916,德士馬有限公司,臺中市西屯區何南里大墩十九街111號1樓,4000000,1050523
8333,23830274,允家企業有限公司,臺中市大里區大衛路48之10號,1000000,1050502
8338,23831920,濟業營造工程有限公司,臺中市南區高工路132巷16號1樓,100000000,1050530
8343,23834237,蜜聖工廠有限公司,臺中市西屯區協和南巷16號,6000000,1050523
8349,23837641,啟鵬企業有限公司,臺中市北屯區和平里軍福16路358-5號1樓,3500000,1050523
8350,23837804,仕霸工業股份有限公司,臺中市大雅區民生路3段267巷28號,36880000,1050518
8352,23839079,玄基貿易有限公司,臺中市西屯區福中里中工二路146號3樓,5000000,1050530
8353,23839211,坤利有限公司,臺中市潭子區新興路一段288巷20弄29號1樓,6000000,1050530
8357,23842166,源昱工業有限公司,臺中市清水區南社里南華路九十巷三號一樓,2000000,1050512
8367,23845826,世通股份有限公司,臺中市潭子區潭秀里潭富路一段240號,5000000,1050519
8371,23846613,信帆企業有限公司,臺中市東區旱溪里旱溪西路一段453號,7000000,1050517
8376,23849554,喬大工程顧問有限公司,臺中市北區賴厝里太原路２段２０３號１樓,1000000,1050523
8380,23851679,全量工業股份有限公司,臺中市豐原區豐東路622號,65577880,1050528
8383,23853986,昇鋕工業有限公司,臺中市大甲區武曲里大安港路116巷43號,4000000,1050513
8384,23854161,釱雅化工機械有限公司,臺中市大雅區大楓里前村路476號,5000000,1050501
8388,23856843,大根重機股份有限公司,臺中市西屯區西墩里環中路二段1060之1號,5000000,1050520
8392,23859026,四乘六股份有限公司,臺中市霧峰區本堂里文化巷29之7號,5000000,1050504
8397,23861613,徠卡企業有限公司,臺中市北屯區平田里崇德路二段三二二號一樓,5000000,1050510
8398,23861986,太裕營造股份有限公司,臺中市西區臺灣大道二段408號2樓,110000000,1050502
8405,23867715,宗伯實業有限公司,臺中市梧棲區草湳里自立四街25號,9500000,1050517
8406,23867736,弘裕橡膠模具股份有限公司,臺中市豐原區翁社里豐年路139巷32號,2000000,1050512
8407,23868947,帝晟工業有限公司,臺中市神岡區社南里中山路667巷37弄10號,7000000,1050530
8410,23870916,長峯精密鋼模股份有限公司,臺中市后里區后里里泉州路23巷2弄2號,5000000,1050511
8412,23873300,永錩興業有限公司,臺中市南區崇倫街183巷71號1樓,3000000,1050526
8414,23875124,尚源工業股份有限公司,臺中市外埔區永豐里六分路72號,5000000,1050525
8496,23938401,新田加油站股份有限公司,臺中市潭子區新田里豐興路2段376號,15000000,1050513
8504,23942762,捷徑企業股份有限公司,臺中市西屯區至善里逢甲路253巷51號1樓,5000000,1050510
8517,23950072,厚達電業股份有限公司,臺中市神岡區神洲里豐工中路78號,24000000,1050530
8526,23955484,協鏹工業股份有限公司,臺中市潭子區潭秀里潭富路一段144巷20號,5000000,1050519
8530,23957700,金歐傳播有限公司,臺中市南屯區溝墘里文心路一段三○六號十樓之五之六,10000000,1050512
8532,23958356,台灣冷凍企業有限公司,臺中市北屯區大連北街46巷33號1樓,5000000,1050519
8534,23959073,寬和股份有限公司,臺中市后里區墩東里公安路1段76巷1號,6000000,1050505
8536,23959334,大壕工業有限公司,臺中市大肚區營埔里船頭三街121巷49號,5000000,1050503
8537,23959714,世豐精密金屬股份有限公司,臺中市太平區宜欣里富宜路75號,45000000,1050513
8538,23959897,錦模不銹鋼有限公司,臺中市南區五權南路746巷10號1樓,20000000,1050510
8539,23960037,巨順螺絲有限公司,臺中市東區振興路367號壹樓,29000000,1050516
8540,23961057,連成橡膠股份有限公司,臺中市大里區仁化里仁福街101號1樓,5000000,1050520
8541,23961401,統威營造股份有限公司,臺中市清水區橋頭里民有路157巷5號1樓,32000000,1050525
8542,23961633,鴻利工程有限公司,臺中市后里區墩北里大圳路492號1樓,1000000,1050521
8545,23961943,美光上光褙紙有限公司,臺中市沙鹿區南勢里南斗路152巷8號,3000000,1050502
8546,23962350,讚譽實業股份有限公司,臺中市西區忠明路78號1樓,9000000,1050511
8548,23962788,詮福拉鏈股份有限公司,臺中市大肚區文昌路二段132巷五號,5000000,1050517
8549,23963203,侑芳企業股份有限公司,臺中市大甲區日南里工七路12號,6000000,1050503
8554,23965223,泰冠塑膠股份有限公司,臺中市大里區仁化里工業11路189號,5000000,1050519
8557,23965976,根在企業股份有限公司,臺中市清水區西寧里五權東路35號1樓,6000000,1050514
8558,23967186,俋安企業有限公司,臺中市東區建德街418巷33號1樓,3200000,1050526
8559,23968158,弘圳工業股份有限公司,臺中市大雅區雅楓里民生路3段163號,5000000,1050523
8562,23968679,葳晉興業有限公司,臺中市西屯區黎明路三段28巷11號1樓,6000000,1050505
8564,23968880,固伯企業有限公司,臺中市西區精誠十七街29號1樓,5000000,1050525
8570,23971055,協得鑿井工程有限公司,臺中市西屯區大有西街2號1樓,5000000,1050526
8573,23971668,東喬實業有限公司,臺中市潭子區潭秀里潭富路一段220號,7500000,1050504
8575,23973906,華特塑膠有限公司,臺中市太平區東和里東村路172號,2600000,1050502
8576,23975995,中島鋼鐵有限公司,臺中市大雅區中山北路四七三巷五八號一樓,5000000,1050530
8586,23981820,懿宏機車有限公司,臺中市大里區內新里益民路一段209號一樓,1000000,1050514
8588,23983502,興太化學股份有限公司,臺中市大肚區南榮路107號,422000000,1050520
8591,23985071,富宇建設股份有限公司,臺中市西屯區潮洋里市政北二路236號19樓之1,800000000,1050531
8603,23993826,汎尼士有限公司,臺中市西屯區福雅里福雅路128巷52號3樓,2000000,1050512
8622,24200083,利承工程有限公司,臺中市大里區美村街91號1樓,3000000,1050510
8624,24200324,金滿國際貿易有限公司,臺中市神岡區豐洲里豐洲路60號1樓,1000000,1050520
8627,24201013,祥邑科技設備有限公司,臺中市南屯區田心里惠心街168號1樓,5000000,1050503
8628,24201077,椿霖機械有限公司,臺中市太平區永平路三段227巷8號,5000000,1050510
8629,24201148,創維電子有限公司,臺中市西屯區福和里臺灣大道4段771號5樓,10000000,1050526
8631,24201415,富億科技有限公司,臺中市東區東橋里仁和路472號1樓,500000,1050516
8633,24201581,亞仕大科技股份有限公司,臺中市北區長青里陜西八街8號1樓,1000000,1050501
8636,24201891,長月几實業有限公司,臺中市豐原區中陽里同安街49巷7號,1000000,1050516
8637,24202104,志崧不動產有限公司,臺中市大里區永隆里國光路二段571號1樓,1000000,1050527
8642,24202884,佑成消防工程有限公司,臺中市龍井區龍泉里南社路一段122號1樓,500000,1050525
8643,24203429,双德金屬有限公司,臺中市大雅區橫山里永和路11之10號,500000,1050502
8644,24203461,順祐有限公司,臺中市太平區建興里正誠街28巷7號,1000000,1050517
8650,24204139,長裕檢驗有限公司,臺中市南區長榮里國光路5-1號2樓,1000000,1050516
8658,24206018,永富豪室內裝修有限公司,臺中市潭子區東寶里大豐路1段45巷2號1樓,500000,1050524
8659,24206220,漢威科技廣告有限公司,臺中市北屯區松強里昌平路二段12之25號1樓,1000000,1050516
8660,24206919,聖豐兩岸貿易有限公司,臺中市西屯區協和里安和路6-26號,1000000,1050509
8664,24207494,展貿有限公司,臺中市西屯區何成里大容東街66號8樓,1000000,1050520
8667,24208141,永大鉅科技有限公司,臺中市南區南平路１１５號１樓,500000,1050523
8674,24209628,恩達生技股份有限公司,臺中市大甲區中山路一段1191號,172000000,1050519
8681,24211498,虹運塑膠企業有限公司,臺中市神岡區岸裡里大富路147巷5號1樓,2000000,1050520
8686,24212118,鑫群廣告企劃有限公司,臺中市南屯區五權西路二段758號3樓,25000000,1050516
8692,24212813,惟晴企業有限公司,臺中市龍井區新興路５巷１８號,250000,1050526
8694,24213030,玖泰豐股份有限公司,臺中市大肚區育英路26號,1000000,1050527
8701,24214621,崎湟科技有限公司,臺中市太平區太平里永豐路永新巷16弄12號,500000,1050505
8708,24215543,唐觀電子商務有限公司,臺中市南區國光路85號1樓,5000000,1050506
8730,24218915,振誠環保有限公司,臺中市梧棲區中央路二段279號1樓,5000000,1050512
8732,24219219,炎珍廢鐵有限公司,臺中市太平區新和街１７巷６號１樓,1000000,1050511
8735,24220406,合歆貿易有限公司,臺中市沙鹿區北勢里鎮南路二段340號1樓,10000000,1050525
8740,24221566,鋒岳有限公司,臺中市沙鹿區福興里福成路100巷68號,250000,1050510
8743,24221670,頂隆食品有限公司,臺中市大雅區三和里龍善二街186巷9號1樓,500000,1050510
8745,24221904,鍵銓有限公司,臺中市豐原區田心里中山路59巷1弄54號1樓,10000000,1050527
8751,24223109,圻美企業有限公司,臺中市北區忠明路424號16樓之1之1,5000000,1050513
8753,24223488,宏樺商業有限公司,臺中市北區德化街275號1樓,500000,1050501
8754,24223522,茂閎工業有限公司,臺中市豐原區翁明里豐勢路一段267號1樓,2500000,1050519
8755,24223585,欣錡自動機械有限公司,臺中市潭子區聚興里豐興路１段３５０巷２之２號３樓,250000,1050526
8761,24224542,寶鉅投資股份有限公司,臺中市西區大隆路20號8樓之6,161000000,1050505
8767,24225090,一森手工烘焙有限公司,臺中市東區十甲里十甲路247之1號1樓,2800000,1050519
8768,24225253,臣禾有限公司,臺中市豐原區豐圳里8鄰圓環西路175巷20號1樓,5000000,1050517
8773,24226295,城耀資訊有限公司,臺中市西屯區福中里中工二路92號11樓之2,250000,1050503
8775,24226540,億營開發股份有限公司,臺中市南屯區大業路472號,1000000,1050525
8795,24229595,協利傢俱設計有限公司,臺中市北屯區陳平里陳平路39巷37號1樓,2000000,1050524
8797,24229764,力軒開發有限公司,臺中市北屯區軍功里松竹五路268號5樓之2,2500000,1050501
8803,24231059,育才國際文化事業有限公司,臺中市南區樹義里復興路一段267巷25號,500000,1050514
8804,24231255,興康棉有限公司,臺中市西區五權六街79之4號1樓,1500000,1050521
8805,24231327,瀚泰資訊有限公司,臺中市豐原區隆豐街42巷5號1樓,250000,1050501
8808,24231712,慶銘發實業有限公司,臺中市太平區東和里東村八街45號3樓之12,1000000,1050527
8817,24232944,魔法媽咪家事清潔有限公司,臺中市北屯區松和里松竹路2段383-5號,500000,1050503
8818,24233486,史美客有限公司,臺中市沙鹿區六路里十三街85號,500000,1050519
8825,24234485,展陞科技股份有限公司,臺中市大里區樹王里文心南路1273巷338號1樓,6000000,1050518
8834,24236857,宥豪事業有限公司,臺中市潭子區得福街113巷29號1樓,3000000,1050523
8840,24237976,湧源工業有限公司,臺中市西屯區烈美街38號1樓,1000000,1050511
8842,24238264,宏騰光電股份有限公司,臺中市梧棲區永興路二段378巷25號,580000000,1050530
8843,24238362,富鉅建材有限公司,臺中市烏日區榮泉里中山路三段630號1樓,300000,1050502
8852,24239453,康呈科技工程股份有限公司,臺中市潭子區頭家里大成街1巷109號,65000000,1050510
8862,24242611,興上有限公司,臺中市太平區新城里新明街59巷7弄10號1樓,2000000,1050531
8863,24242648,京采印刷科技有限公司,臺中市南區西川一路149之3號1樓,1000000,1050519
8868,24243772,瑞鴻企管顧問有限公司,臺中市潭子區家福里頭張路2段89巷63號,500000,1050510
8874,24245032,幼美科技有限公司,臺中市大里區大里路31-1號1樓,1000000,1050502
8875,24245048,幻象創意燈飾股份有限公司,臺中市梧棲區南簡里中央路2段362巷11號1樓,5000000,1050525
8882,24246686,弘宜能源技術服務股份有限公司,臺中市西區昇平里中美街54號1樓,13000000,1050513
8883,24246757,盛穎有限公司,臺中市太平區新光里新福路568巷12號1樓,1000000,1050518
8887,24247926,歐豐小型賽車場有限公司,臺中市北屯區安順四街38號5樓之6,250000,1050509
8888,24248024,中立刀模有限公司,臺中市西屯區甘河路43號1樓,1000000,1050526
8894,24248761,鼎翌興業有限公司,臺中市大里區瑞城二街27巷27號,500000,1050523
8898,24249298,阡兆實業有限公司,臺中市太平區新福里振福路266巷2號1樓,600000,1050525
8900,24249516,富源生化科技有限公司,臺中市霧峰區萬豐里中正路146巷61弄3號1樓,1000000,1050502
8902,24249781,威昕機械工業有限公司,臺中市大里區樹王里樹王路405巷6號,5000000,1050518
8904,24249987,文將玻璃工程有限公司,臺中市西屯區何仁里洛陽路125巷11號,1300000,1050523
8905,24250111,海納勁科技股份有限公司,臺中市東區公園東路166號14樓之3,20000000,1050517
8908,24250597,瑞育生技醫藥有限公司,臺中市南區江川里五權南路220號1樓,500000,1050517
8915,24252238,中榮穀物興業有限公司,臺中市大里區祥興里喬城路66巷24號1樓,16000000,1050507
8922,24253829,慶華物業管理顧問有限公司,臺中市南屯區大業里公益路二段61號4樓之2,10000000,1050519
8923,24253834,藍光多媒體有限公司,臺中市西區民龍里臺灣大道二段285號11樓之3,7000000,1050511
8924,24253932,泰力士實業有限公司,臺中市西屯區西屯路2段126巷54號2樓,1000000,1050517
8927,24254658,里粧有限公司,臺中市大里區國光里東榮路431號1樓,250000,1050518
8931,24254881,唐靚企業有限公司,臺中市北屯區長生巷2之25號1樓,500000,1050514
8934,24255474,金環敖有限公司,臺中市北屯區和平里和祥七街71號1樓,250000,1050513
8937,24256229,鑫易有限公司,臺中市西屯區逢甲路225巷12號2樓,1000000,1050520
8939,24256712,長佳展業有限公司,臺中市太平區宜昌東路5巷31弄34號1樓,250000,1050514
8941,24256852,穎鴻工業有限公司,臺中市神岡區豐洲里豐洲路556號1樓,700000,1050504
8942,24257228,成興油壓有限公司,臺中市烏日區前竹里光明路298-2號1樓,500000,1050519
8944,24257424,愛蓮堂興業有限公司,臺中市清水區南社里南社路355之1號,3000000,1050521
8947,24257803,冠泓重機械有限公司,臺中市后里區后里里成功路123號一樓,2500000,1050522
8950,24258562,幻知曲股份有限公司,臺中市后里區公館里三豐路445之1號,15000000,1050521
8954,24260455,東憶有限公司,臺中市大雅區民生路4段127號1樓,1000000,1050529
8957,24260883,鼎鈞數位行銷有限公司,臺中市南屯區文心路一段540號4樓之1,11300000,1050523
8962,24261834,名將石材有限公司,臺中市潭子區勝利六街31號,1000000,1050516
8963,24261840,慶霖不動產有限公司,臺中市南屯區大隆路103號1樓,600000,1050518
8966,24261882,鼎旺不動產有限公司,臺中市北屯區天津路三段35之1號,500000,1050520
8967,24262046,新僑聯開發股份有限公司,臺中市東區十甲里東英十五街260巷17號1樓,16000000,1050523
8969,24262812,韋星企業有限公司,臺中市大肚區王田里王福街490號1樓,3000000,1050523
8974,24263621,永盛機電工程有限公司,臺中市大里區益民路一段112巷36號1樓,2000000,1050526
8975,24263875,禾欣技研有限公司,臺中市神岡區社南里中山路851巷37弄32號1樓,300000,1050506
8978,24264157,新益暘國際有限公司,臺中市沙鹿區星輝路50號1樓,2000000,1050526
8980,24264620,久億光電科技有限公司,臺中市南屯區豐樂里黎明路一段820號,13000000,1050527
8982,24264831,鉅伸工業有限公司,臺中市大里區瑞和街147巷11號2樓,2000000,1050511
8983,24265016,長青六金有限公司,臺中市東勢區延平里豐勢路248號1樓,1000000,1050514
8984,24265085,詠彥國際開發有限公司,臺中市北區明德里忠明路211號7樓之1,5000000,1050528
8986,24265395,金盈精密工業有限公司,臺中市大雅區橫山里中山3路81號,500000,1050510
8987,24265682,鼎申機械股份有限公司,臺中市神岡區大社里大漢街34-1號4樓,3500000,1050519
8992,24266726,龍創有限公司,臺中市大里區仁化里成功二路243號1樓,4500000,1050502
8993,24266991,寶霖投資有限公司,臺中市西區大隆路20號8樓之6,230000000,1050506
9012,24268772,華鈊密封有限公司,臺中市北屯區安順二街46號1樓,1000000,1050514
9013,24268800,統信肉品有限公司,臺中市西屯區廣福路207號,12000000,1050510
9014,24268837,圓可有限公司,臺中市西區中興街122巷12號1樓,500000,1050509
9016,24269097,匡集有限公司,臺中市南屯區春社里忠勇路12-23號8樓,1000000,1050509
9019,24269322,泰霖生物科技有限公司,臺中市北屯區北興里北華街174號1樓,1000000,1050516
9022,24269821,俊響有限公司,臺中市南區西川里大忠南街223號4樓,2500000,1050505
9024,24270165,程鑫廣告有限公司,臺中市西區美村路1段632號3樓,1000000,1050514
9027,24270806,寰奇機電有限公司,臺中市西區藍興里公館路217號1樓,1000000,1050510
9029,24271517,科達數位科技有限公司,臺中市豐原區西湳里三豐路877巷3號1樓,500000,1050523
9032,24272163,仲冠生技有限公司,臺中市清水區南寧里海濱路37號,1000000,1050529
9034,24272311,慧豐土木包工業有限公司,臺中市沙鹿區清泉里忠貞路347號,3000000,1050524
9035,24272467,泰瑞食品有限公司,臺中市豐原區豐田里永康路346巷18號1樓,500000,1050524
9038,24272620,宏典科技有限公司,臺中市大里區健民里仁化工三路100號,15000000,1050524
9041,24272950,大將水車工程有限公司,臺中市潭子區東寶里雅豐街110巷42號,1000000,1050510
9042,24273064,仕展科技有限公司,臺中市后里區仁里里圳寮路92-3號1樓,700000,1050509
9050,24274649,耀群工程有限公司,臺中市新社區大南里中和街2段212巷17號,500000,1050523
9054,24275181,松記研磨有限公司,臺中市南區正義街18之1號1樓,8000000,1050511
9057,24275703,名鴻工業有限公司,臺中市大里區樹王里萬安路77號,1000000,1050519
9059,24276169,健洪科技有限公司,臺中市豐原區田心里大光街30巷15號1樓,1000000,1050517
9060,24276317,駿盛機械有限公司,臺中市潭子區東寶里雅潭路二段152巷52號1樓,250000,1050505
9065,24276837,榮昌泰科技有限公司,臺中市潭子區大豐里潭富二街59巷2號9樓之3,5000000,1050524
9072,24277300,味之軒整合食材行銷有限公司,臺中市太平區建興路152號,2000000,1050510
9074,24277907,川漁有限公司,臺中市西區利民里府後街15號1樓,5000000,1050513
9076,24278379,武鎮企業有限公司,臺中市大肚區營埔里營埔一街93號1樓,1000000,1050519
9084,24280380,永加工程有限公司,臺中市大雅區雅環路1段300巷20弄6號2樓,5000000,1050509
9088,24281233,歐克利企業有限公司,臺中市龍井區忠和村工業路173巷56號1樓,3000000,1050518
9092,24282824,鈞上科技有限公司,臺中市北屯區青島路4段205號9樓,1000000,1050530
9095,24283154,寰邑室內設計有限公司,臺中市北區梅川里梅川西路四段165號,1000000,1050514
9100,24284560,酉順有限公司,臺中市霧峰區四德里新埔路41之6號,1000000,1050516
9103,24285723,艾樂活貿易股份有限公司,臺中市南屯區豐樂里豐安街60號(辦公室用),500000,1050519
9106,24285955,玠好企業有限公司,臺中市大里區長興三街43號1樓,500000,1050526
9108,24286504,康鑫光電有限公司,臺中市中區柳川西路三段24巷3號1樓,900000,1050506
9110,24286574,本昇有限公司,臺中市東區振興路437巷135號一樓,250000,1050529
9114,24287291,興政工業有限公司,臺中市太平區光德路375巷110之5號,900000,1050506
9117,24288572,弘嘉貿易有限公司,臺中市西屯區潮洋里黎明路二段783號,1000000,1050529
9118,24288833,昱格科技有限公司,臺中市霧峰區萬豐里中正路228巷51號1樓,2000000,1050509
9119,24288968,睿欣實業股份有限公司,臺中市南區永興里美村南路303巷28弄12號1樓,5000000,1050503
9128,24290681,統帥公寓大廈管理維護有限公司,臺中市西區向上南路一段223號2樓之6,10000000,1050529
9135,24292724,聯宏精緻鍛造有限公司,臺中市西屯區何安里何厝街71之13號,1000000,1050518
9136,24292739,岳玲有限公司,臺中市豐原區南村里直興街129巷1號3樓之1,3250000,1050512
9137,24292870,聚量企業有限公司,臺中市大里區仁提二街47巷1號1樓,500000,1050527
9139,24293603,橘子布著色有限公司,臺中市東區東英里東英路392號3樓,10000000,1050518
9141,24294103,大統技研汽車有限公司,臺中市豐原區翁子里1鄰豐勢路2段848號,500000,1050510
9148,24295877,坤泰企業股份有限公司,臺中市豐原區豐田里豐南街66巷8號,2000000,1050506
9155,24297018,必安斯有限公司,臺中市南屯區忠勇路52之60號7樓,3000000,1050506
9156,24297143,艾妮善有限公司,臺中市北區中華路二段179之5號1樓,250000,1050507
9158,24297397,廣懋精密工業有限公司,臺中市北屯區北屯里漢口路五段192號,250000,1050511
9162,24298918,富得投資有限公司,臺中市西屯區長安路二段317巷11號1樓,39000000,1050528
9374,24348419,聯盈策略整合股份有限公司,臺中市北區賴村里中清路一段370號3樓,5000000,1050523
9380,24350049,夯創意文藝事業股份有限公司,臺中市北區進化北路367號7樓之10,500000,1050511
9389,24352378,大寬包裝設計有限公司,臺中市西屯區大福里13鄰長安路二段210巷52號一樓,300000,1050505
9390,24352497,大通高科技有限公司,臺中市北區進化北路88號1樓,1000000,1050514
9391,24352665,加亞設計工程有限公司,臺中市西屯區何德里大信街60號8樓之1,500000,1050523
9393,24352861,翊程精機有限公司,臺中市大里區夏田里中投東路三段468-5號,250000,1050517
9394,24352932,康泰事業股份有限公司,臺中市中區臺灣大道一段431號1樓,58000000,1050516
9398,24353691,高典家具有限公司,臺中市神岡區豐洲里豐洲路256巷20號1樓,250000,1050528
9399,24353708,新齊科技有限公司,臺中市清水區清水里中山路44-3號,500000,1050524
9405,24354636,富楊工程有限公司,臺中市龍井區東海街153號1樓,500000,1050512
9409,24355213,九慶工程顧問有限公司,臺中市西區中興街229號7樓,500000,1050514
9412,24355902,精禾科技股份有限公司,臺中市西屯區福中二街10巷22號1樓,8000000,1050517
9413,24356276,昌益汽車有限公司,臺中市潭子區東寶里崇德路四段90之2號,1000000,1050530
9418,24357850,友振科技有限公司,臺中市西屯區西平南巷6-2號1樓,3000000,1050507
9421,24358062,海藻王生技有限公司,臺中市豐原區南村里南村路41號1樓,5000000,1050520
9428,24358921,保德勝企業有限公司,臺中市東區東英里精武東路156號1樓,5000000,1050528
9429,24359082,明祐實業有限公司,臺中市北區崇德里崇興路2段63號1樓,2000000,1050516
9432,24359822,隆翔茶業股份有限公司,臺中市霧峰區吉峰里錦州路350巷8號1樓,1000000,1050509
9433,24359920,品誠國際有限公司,臺中市北區忠明路258號2樓,5000000,1050511
9436,24360031,鉅壙企業有限公司,臺中市大里區東湖里中湖路130巷12弄2號1樓,500000,1050514
9439,24360715,鑫捷科技股份有限公司,臺中市西屯區潮洋里市政北二路238號17樓之3,10000000,1050502
9443,24362093,遠茵企業股份有限公司,臺中市南屯區南屯里五權西路2段666號15樓之2,25300000,1050512
9444,24362713,旺潔貿易有限公司,臺中市大里區成功路45號1樓,250000,1050511
9445,24363065,林家香食品有限公司,臺中市西屯區廣福里廣福路352巷70號2樓,29000000,1050516
9446,24363136,祥裕水電工程有限公司,臺中市東區進化路168巷72號1樓,12000000,1050506
9447,24363207,冠映多媒體傳播有限公司,臺中市北屯區安順東7街98號1樓,1000000,1050512
9448,24363430,彪興國際事業有限公司,臺中市西屯區福上巷龍欣1弄7號1樓,1000000,1050514
9449,24363656,山玖企業有限公司,臺中市龍井區田中里龍北路391巷96弄47號,1000000,1050504
9452,24364206,鑫世豐有限公司,臺中市西區向上路一段5號之1壹樓,5000000,1050531
9464,24369321,綠花園工程有限公司,臺中市北區崇德里榮華街158巷13號1樓,1000000,1050518
9478,24371038,睿豐自動化有限公司,臺中市南屯區向心里永春東路690號1樓,5000000,1050518
9479,24371184,采妃豔企業有限公司,臺中市大里區國光里14鄰勝利二路250號,500000,1050530
9481,24371516,欣瑩生技有限公司,臺中市北區文心路四段200號5樓之5,6000000,1050519
9487,24372347,鑫發科技股份有限公司,臺中市潭子區潭秀里雅潭路一段218號1樓,8000000,1050504
9493,24373556,元立昌工程有限公司,臺中市大雅區二和里學府路大智巷25號1樓,3000000,1050529
9495,24373893,苙荃企業有限公司,臺中市北區山西路一段26號1樓,1000000,1050520
9497,24374160,卡樂創意行銷有限公司,臺中市西區五權西四街57號4樓,2000000,1050528
9499,24374540,富璟工程顧問有限公司,臺中市西屯區逢福里河南路2段262號9樓之1,1000000,1050513
9503,24375463,湘虹有限公司,臺中市北屯區平安里青島路四段1號1樓,1000000,1050504
9509,24377315,緯登照明有限公司,臺中市南屯區文心里大英街162號1樓,500000,1050523
9511,24377552,廣強興工程有限公司,臺中市大甲區日南里14鄰中山路二段918-83號,1200000,1050506
9514,24377808,上運精密有限公司,臺中市東區東門里六順路8號1樓,300000,1050510
9515,24378362,詠眾實業股份有限公司,臺中市北屯區遼陽北二街42之4號,500000,1050506
9516,24378503,艾菲克創意科技有限公司,臺中市豐原區北陽路125號1樓,3000000,1050518
9520,24379257,宏桀工程有限公司,臺中市大雅區大楓里民富街159號1樓,1000000,1050519
9523,24380037,緩慢投資股份有限公司,臺中市西屯區潮洋里朝富路232號2樓,21000000,1050523
9526,24380402,景嵐裝潢工程有限公司,臺中市太平區坪林里中山路二段17巷28號1樓,250000,1050531
9530,24381205,群聚興業有限公司,臺中市北區臺灣大道二段340號9樓之5,1500000,1050513
9533,24382008,廣富工程有限公司,臺中市南屯區文山里保安一街205巷3號1樓,1000000,1050531
9534,24382274,廣信消防工程有限公司,臺中市北屯區豐樂北二路125號,1000000,1050526
9536,24382339,瀧澤顧問有限公司,臺中市沙鹿區台灣大道七段423巷17號1樓,250000,1050502
9540,24382773,緻達電機有限公司,臺中市潭子區家興里中興路111號7樓,2000000,1050503
9541,24382823,東大勝科技有限公司,臺中市西區後龍里民生北路140號1樓,10000000,1050516
9543,24383077,菁庭食品有限公司,臺中市南區建成路1175巷2之1號1樓,500000,1050519
9545,24383338,興泉發科技有限公司,臺中市北屯區北平路四段207號1樓,5500000,1050517
9551,24384603,阡琪電業工程有限公司,臺中市豐原區豐田里豐田路94號1樓,3000000,1050512
9553,24384651,富士康廣告有限公司,臺中市北區頂厝里永興街338號14樓,12500000,1050502
9554,24384934,能馳國際有限公司,臺中市南屯區三厝里永春東七路760號1樓,6000000,1050511
9556,24385477,農恩生物科技有限公司,臺中市南區學府路148號1樓,500000,1050516
9562,24386638,成友投資有限公司,臺中市豐原區西安里瑞安街102號,25905000,1050502
9565,24387593,兆宏精密有限公司,臺中市潭子區圓通南路23巷43號1樓,2000000,1050518
9569,24388164,高儀國際有限公司,臺中市南區永東街17號1樓,1000000,1050514
9570,24388185,伊仕特科技有限公司,臺中市大里區東興里大明路395之6號,1000000,1050519
9571,24388220,春嬌房屋仲介有限公司,臺中市大雅區民生路二段16號1樓,1500000,1050519
9576,24389234,壹零零玖意念設計有限公司,臺中市西區大忠里大忠南街6號1樓,2000000,1050509
9577,24389500,麗東實業有限公司,臺中市南屯區文山九街122號1樓,500000,1050514
9579,24390014,聚威資訊有限公司,臺中市西區英才路497號1樓,3100000,1050505
9580,24390318,川海生化科技有限公司,臺中市大雅區上楓里前村路208之1號1樓,3000000,1050507
9591,24392580,欣毅汽車材料有限公司,臺中市北屯區松明街113號一樓,1000000,1050516
9592,24392667,澤翔汽車零件有限公司,臺中市潭子區栗林里祥和路106巷37號1樓,500000,1050518
9604,24394551,將盟國際貿易有限公司,臺中市后里區義里里甲后路219巷12號1樓,1000000,1050521
9608,24394927,合鑽行有限公司,臺中市豐原區社皮里52鄰社皮路57號1樓,600000,1050523
9614,24395453,祥宸有限公司,臺中市西屯區福雅里福祥街21號1樓,800000,1050528
9616,24395637,炬耀系統整合有限公司,臺中市南區永和里五權南路584號1樓,1000000,1050505
9617,24395643,鉅寶精密工業有限公司,臺中市神岡區社口里社口街127巷26號1樓,1200000,1050524
9620,24396002,廣陽工程有限公司,臺中市大甲區中山路一段979號,250000,1050504
9631,24398212,益禾農產有限公司,臺中市北屯區東山路一段140巷2-1號1樓,3000000,1050519
9638,24399084,松下資訊科技有限公司,臺中市南區福興里復興路三段10號1樓及2樓,6000000,1050506
9639,24399438,登裕機械有限公司,臺中市后里區墩南里昭宗路5之6號,5000000,1050503
9640,24399985,向上國際科技股份有限公司,臺中市北區健行路360號4樓之1、2、3、4、5,68175000,1050530
9650,24401841,馬汀企業有限公司,臺中市西屯區惠來路3段52巷55號1樓,250000,1050526
9653,24403117,磐橙國際有限公司,臺中市南屯區嶺東路916之13號7樓之1,1000000,1050526
9659,24404592,高速國際物流有限公司,臺中市大雅區六寶里光復路9之50號1樓,3000000,1050515
9663,24404869,航瑞國際有限公司,臺中市北屯區平安里文昌三街17號,7500000,1050509
9664,24404946,健睿實業有限公司,臺中市北屯區柳陽西街93巷12號14樓,500000,1050527
9665,24404994,創意美學有限公司,臺中市西屯區潮洋里朝富路280號,1000000,1050512
9666,24405092,正豐自動化有限公司,臺中市南屯區中和里南光路45巷57號1樓,1600000,1050526
9667,24405635,長泓資訊有限公司,臺中市北屯區平順里大連路三段10號7樓之2,1000000,1050523
9671,24406584,峰聖精密工業有限公司,臺中市大肚區頂街里沙田路3段245巷81-24號,1500000,1050505
9675,24407351,大麗開發建築有限公司,臺中市南屯區三厝里黎明東街209號1樓,5800000,1050512
9676,24407535,力岡國際有限公司,臺中市龍井區龍泉里沙田路5段203巷5號1樓,500000,1050519
9677,24407633,保麗捷環保科技有限公司,臺中市后里區中和里10鄰犁份路20號,250000,1050516
9679,24407726,立祥國際開發股份有限公司,臺中市烏日區仁德里15鄰中山路一段511號6樓,6000000,1050523
9680,24408106,鉅恒投資有限公司,臺中市西區公益路139號1樓,50000000,1050527
9682,24408886,大禾生物科技有限公司,臺中市南屯區豐樂里黎明路一段842號1樓,500000,1050506
9684,24408990,龍興水泥壓送機械有限公司,臺中市大雅區橫山里永和路六甲巷4之6號,1000000,1050502
9696,24410807,友達晶材股份有限公司,臺中市后里區后科路2段335號,4026595890,1050513
9697,24410829,宗螢工業股份有限公司,臺中市太平區新仁路一段22巷96號,5680000,1050512
9701,24411545,中鼎興業有限公司,臺中市南屯區文昌街189號1樓,145000000,1050526
9702,24411762,旭輝防蝕科技股份有限公司,臺中市北區漢口路四段35號11樓,5000000,1050516
9707,24412973,樹太老餐飲事業有限公司,臺中市南區樹義路61號3樓,1000000,1050502
9715,24414493,大永食品有限公司,臺中市東區十甲東路677號,2000000,1050518
9725,24416106,歐源科技有限公司,臺中市西屯區潮洋里朝富一街57號1樓,500000,1050524
9728,24416767,享雨有限公司,臺中市西屯區西屯路三段139-9號1樓,6000000,1050523
9740,24418879,銓美國際企業有限公司,臺中市西區中興里向上北路137號3樓,6000000,1050502
9747,24421044,里禾事業股份有限公司,臺中市北屯區和平里東山路一段296、296-1號1樓,2400000,1050523
9749,24421261,宏宇興實業有限公司,臺中市太平區新吉里新明街52號1樓,10000,1050528
9750,24421728,正倫生技有限公司,臺中市霧峰區舊正里中正路24號2樓,250000,1050526
9752,24422091,上楓汽車有限公司,臺中市大雅區上楓里民族街61號1樓,500000,1050525
9758,24423704,雅典景觀工程有限公司,臺中市南屯區大英街108號1樓,450000,1050524
9773,24426104,晶品鑫文化事業有限公司,臺中市太平區中山路四段26之5號,2000000,1050501
9780,24426998,茂祥不動產有限公司,臺中市西區華美西街一段142號13樓之2,405000000,1050502
9787,24428644,勁錩企業有限公司,臺中市霧峰區本堂里蘭生街58號4樓,10000000,1050511
9793,24429952,川耘廬室內裝修有限公司,臺中市西區土庫里五權一街101號7樓之3,500000,1050517
9798,24431211,廣力美實業有限公司,臺中市大肚區太平路一巷59號,250000,1050502
9799,24431319,松伯投資股份有限公司,臺中市西屯區惠來里惠來路3段74巷17號1樓,70000000,1050512
9802,24431681,佑欣室內裝修有限公司,臺中市太平區中平路26巷4號1樓,500000,1050517
9806,24432540,伯錩金屬企業有限公司,臺中市西區公平里大業路25號12樓之5,500000,1050510
9807,24432577,速可達車業有限公司,臺中市西屯區上石里西屯路二段269之46號1樓、269之47號1樓,26000000,1050504
9809,24432979,科倫斯軟體股份有限公司,臺中市西區中誠里臺灣大道二段573號6樓,500000,1050505
9810,24433098,巽崑設計有限公司,臺中市南屯區同心里大墩西一街21巷46號1樓,200000,1050527
9814,24433490,勁勇貿易有限公司,臺中市北屯區旱溪東路三段36號1樓,1000000,1050524
9816,24433718,神旺國際有限公司,臺中市北屯區瀋陽路三段204號1樓,1000000,1050523
9817,24433885,姿博科技有限公司,臺中市西屯區逢甲里西屯路二段256巷6號14樓之5,1000000,1050505
9823,24434809,澤橋動能科技股份有限公司,臺中市西屯區文心路三段173-2號,8200000,1050517
9825,24435217,啓容有限公司,臺中市南屯區文山里精科六路1號,10000000,1050506
9831,24437073,以勒電腦科技有限公司,臺中市太平區中山路二段154巷48弄16號1樓,1000000,1050503
9838,24438869,晶晶髮業有限公司,臺中市北區三民路三段198號1樓,1000000,1050511
9843,24439683,弘莆科技資訊有限公司,臺中市霧峰區甲寅里自強路81巷20號1樓,1200000,1050527
9852,24441668,銀座優貿易有限公司,臺中市西區公益路327號,5000000,1050517
9863,24443510,逸通工程有限公司,臺中市大里區大元里內元路87巷12號1樓,1000000,1050528
9865,24443672,珈昇企業有限公司,臺中市神岡區庄前里三民南路252號,500000,1050519
9870,24444216,創億空間設計有限公司,臺中市神岡區社南里中山路667巷62弄18之1號,300000,1050518
9875,24445550,芊華國際有限公司,臺中市神岡區三社路390巷36號1樓,3000000,1050520
9876,24445685,宏威室內裝修有限公司,臺中市東勢區隆興里東坑路705巷1號,1000000,1050527
9878,24445904,烤狀猿餐飲有限公司,臺中市太平區永隆里光興路531號1樓,5000000,1050518
9975,24476618,懷鴈投資有限公司,臺中市西屯區文心路二段201號18樓之1,20000000,1050523
10074,24530676,矩陣開發管理顧問有限公司,臺中市西屯區上安路84巷7號地下1樓之1,3000000,1050523
10075,24530943,政馭實業有限公司,臺中市北屯區和平里東山路一段503巷22號2樓,5000000,1050503
10076,24530985,台灣形象策略有限公司,臺中市西屯區福林里福康路56號12樓之1,1000000,1050516
10078,24531886,大河美術有限公司,臺中市大墩十九街176號9樓之2,500000,1050518
10172,24550216,和諧投資股份有限公司,臺中市南屯區向上路三段201號4樓,168500000,1050523
10240,24561071,北海素材有限公司,臺中市北區北興街163號6樓,500000,1050516
10284,24570418,翔昱自動化有限公司,臺中市沙鹿區福田南街98號1樓,200000,1050506
10326,24578262,尚圓科技有限公司,臺中市烏日區長春街172巷31弄10號1樓,600000,1050503
10327,24578299,捷盟機械科技有限公司,臺中市潭子區大富里大富路三段33巷118弄6號,1500000,1050513
10328,24578404,簡單保養化粧品有限公司,臺中市豐原區社皮里成功路356巷5號2樓,500000,1050506
10329,24578571,往前設計開發有限公司,臺中市南區國光里仁和路280號10樓,300000,1050526
10330,24578586,群媄裝潢工程有限公司,臺中市南屯區同心里大墩一街280號1樓,3000000,1050510
10331,24578609,森林養生會館有限公司,臺中市沙鹿區興安里6鄰大同街30-1號,1000000,1050519
10332,24578761,羽茜生技有限公司,臺中市太平區中山路一段376巷24號1樓,168000,1050525
10333,24578805,菩提乘國際有限公司,臺中市北區賴村里中清路一段370號10樓之2,1000000,1050509
10334,24578832,正銘翰企業有限公司,臺中市北區東成三街296號3樓之14,680000,1050521
10335,24578925,寬昊有限公司,臺中市潭子區大豐里雅豐街282巷31號1樓,1000000,1050509
10336,24578946,嘉盛機械企業有限公司,臺中市大里區瑞城里塗城路304巷28弄16之6號1樓,1000000,1050530
10337,24578973,義紘工業有限公司,臺中市烏日區環中路八段680巷2-1號,250000,1050505
10338,24579375,大榮電動車股份有限公司,臺中市南區樹德里建國南路一段96號1樓,3000000,1050512
10339,24579488,旭進工業有限公司,臺中市神岡區岸裡里中山路150巷75之8號1樓,1000000,1050518
10340,24579494,秉鑫設計製作有限公司,臺中市潭子區嘉仁里光陽路193號2樓,1000000,1050516
10341,24579516,宏聚國際科技有限公司,臺中市太平區太平里永豐路79號2樓,3000000,1050528
10342,24579641,葳丰實業有限公司,臺中市北屯區松強里山西路三段290號1樓,5000000,1050530
10343,24579678,寶權科技機械有限公司,臺中市大雅區雅楓里德勝路2號,3000000,1050519
10344,24579706,三采室內設計有限公司,臺中市潭子區甘蔗里環中路一段258巷43號1樓,3000000,1050501
10345,24579749,昭國國際開發有限公司,臺中市南屯區中和里黎明路一段51號2樓,1000000,1050516
10346,24579760,神洲電子商務有限公司,臺中市西屯區惠來里市政路500號8樓之2,500000,1050519
10347,24579804,耀揚國際貿易有限公司,臺中市大肚區王福街650號1樓,2000000,1050526
10348,24580133,家誠不動產開發有限公司,臺中市太平區中平里中平路161號,600000,1050526
10349,24580176,鴻慶資產管理股份有限公司,臺中市西屯區上德里臺灣大道三段386號1樓,40000000,1050509
10350,24580268,御奇有限公司,臺中市大肚區頂街里育樂街17巷23號,1000000,1050502
10351,24580350,上新舞台音響有限公司,臺中市大雅區秀山里秀山五路82之28號,2250000,1050528
10352,24580648,展逸工程有限公司,臺中市清水區武鹿里公正路242號1樓,1000000,1050513
10353,24580696,鉅象國際有限公司,臺中市大雅區橫山里振興路128號1樓,2000000,1050504
10354,24580773,千力工程有限公司,臺中市西屯區烈美街75巷5號1樓,300000,1050506
10355,24580788,浩鑫罄鐘佛具有限公司,臺中市大雅區橫山里永和路六甲巷1-5號,150000,1050510
10356,24580794,永濬食品實業有限公司,臺中市北區建興里學士路236巷6號1耬,3000000,1050505
10357,24580892,復時國際有限公司,臺中市西區吉龍里五權新二巷9號,2000000,1050526
10358,24581013,元祥醫藥生技股份有限公司,臺中市烏日區溪埧里溪南路一段728號2樓,2000000,1050508
10359,24581061,仲耘有限公司,臺中市大里區勝利二路272號1樓,2000000,1050504
10360,24581267,協群光電科技有限公司,臺中市東區東南里東南街94號8樓,2900000,1050512
10361,24581528,萬鴻食品有限公司,臺中市潭子區大富里民族路三段258號,1000000,1050510
10362,24581554,倉義實業有限公司,臺中市后里區泰安里福興路13-3號1樓,2500000,1050510
10363,24581576,富彥商貿有限公司,臺中市南屯區惠中里公益路二段185號4樓之7,5000000,1050525
10364,24581581,欣采國際企業有限公司,臺中市西區公舘里三民路一段50巷8號13樓之53,1000000,1050504
10365,24581689,呈庠有限公司,臺中市太平區長億里永和街21號4樓,200000,1050531
10366,24581914,雅堤建設股份有限公司,臺中市北屯區新平里中清路二段415巷25號2樓,8000000,1050517
10367,24582006,台灣公主遊艇股份有限公司,臺中市西屯區惠來里市政北七路147號,110000000,1050518
10368,24582322,忠穎工程有限公司,臺中市北區建興里衛道路87-3號,2000000,1050508
10369,24582364,富永昇工程有限公司,臺中市西屯區福星路100號1樓,1000000,1050517
10370,24582646,宏億電子科技有限公司,臺中市北區中清路一段630號1樓,10000000,1050522
10371,24582701,尊翔實業有限公司,臺中市大里區塗城里18鄰光明路20之23巷22號1樓,200000,1050513
10372,24582738,楓興國際有限公司,臺中市南屯區楓樹里環中路五段700之1號,29000000,1050525
10373,24582792,雍升企業有限公司,臺中市大肚區福山里沙田路一段524巷12號1樓,1000000,1050519
10374,24583032,佑德生命事業有限公司,臺中市烏日區東園里溪南路一段238巷252號1樓,1000000,1050511
10375,24583595,媄光貿易有限公司,臺中市大甲區日南里黎明路3之15號,1000000,1050516
10376,24583624,永晉模具工業有限公司,臺中市大里區仁化里仁愛路160巷76號1樓,1200000,1050521
10377,24583808,連慶不動產有限公司,臺中市大里區立德里甲堤南路37號1樓,1000000,1050503
10378,24583906,結廬室內裝修工程有限公司,臺中市烏日區榮泉里健行南路9號12樓之2,100000,1050505
10379,24583949,上鼎國際實業有限公司,臺中市北屯區水湳里文心路三段1023號9樓,3000000,1050502
10380,24584047,德宇國際有限公司,臺中市西屯區福恩里工業區一路98巷29號1樓,5000000,1050510
10381,24584102,立信生物科技有限公司,臺中市潭子區聚興里豐興路一段192巷111號1樓,5000000,1050530
10382,24584187,敦璟開發股份有限公司,臺中市南屯區大業里大業路184號1樓及2樓,3000000,1050505
10383,24584291,上雍國際有限公司,臺中市豐原區社皮里中正路510巷21號1樓,800000,1050505
10384,24584314,貝斯門有限公司,臺中市西區臺灣大道二段536號地下1層,600000,1050520
10385,24584362,南極星建設有限公司,臺中市霧峰區吉峰里吉峰路128-5號,10000000,1050523
10386,24584406,正強投資有限公司,臺中市南屯區大墩一街23號2樓,12000000,1050518
10387,24584412,昶立建設有限公司,臺中市沙鹿區六路里平等一街63號1樓,15000000,1050527
10388,24584573,虹橋文創有限公司,臺中市龍井區山腳里中山二路一段45號,2000000,1050519
10389,24584601,鎧鉅資訊有限公司,臺中市西屯區何成里大容西街51號3樓之2,2000000,1050524
10390,24584742,君越國際有限公司,臺中市南屯區五權西路二段673號1樓,1000000,1050525
10391,24584861,衣匠服飾有限公司,臺中市北區賴明里天津路二段56號1樓,500000,1050519
10392,24584996,鉅祥貿易有限公司,臺中市北屯區遼陽一街23號1樓,500000,1050503
10393,24585123,力碩電訊科技有限公司,臺中市北區長青里陜西八街2號3樓之5,900000,1050518
10394,24585144,鈞蘴裝潢有限公司,臺中市北區華美二街262號5樓之3,200000,1050530
10395,24585427,侑亮工業有限公司,臺中市西屯區林厝里福雅路678巷12-1號,2000000,1050506
10396,24585469,侑昕有限公司,臺中市大里區東興里益民路二段320號1樓,1000000,1050511
10397,24585480,元和興有限公司,臺中市西屯區惠來里櫻城三街11-1號,5000000,1050509
10398,24585518,啾大大有限公司,臺中市南屯區文心路一段182號20樓之1,300000,1050501
10399,24585587,穎豐開發股份有限公司,臺中市西屯區臺灣大道四段925號18樓之1,5000000,1050528
10400,24585762,頂貿企業有限公司,臺中市豐原區北湳里角潭路一段79巷13號2樓,1000000,1050513
10401,24585778,億築陽有限公司,臺中市南區工學里樹義一巷13-6號2樓,1000000,1050510
10402,24585926,琍好貿易有限公司,臺中市太平區宜欣里宜昌東路5巷31弄45號3樓,1000000,1050508
10403,24585995,炬豪企業有限公司,臺中市南區樹義里福田二街82號4樓,200000,1050509
10404,24586241,旺信科技有限公司,臺中市龍井區山腳里沙田路六段東巷97號1樓,500000,1050516
10405,24586328,沐槳有限公司,臺中市南屯區惠中里大觀路21號,5000000,1050509
10406,24586397,米多多興業有限公司,臺中市南屯區大進街488號2樓,10000000,1050513
10407,24586468,柯記洽裕開發工程有限公司,臺中市沙鹿區斗抵里沙田路17-32號,1000000,1050502
10408,24586729,奕成聯通有限公司,臺中市南屯區同心里文心路一段186號13樓之2,1000000,1050519
10410,24586930,三創建業有限公司,臺中市北屯區平和里梅川東路四段112號1樓,300000,1050524
10411,24587446,晟揚產業有限公司,臺中市沙鹿區埔子里鎮南路一段338巷9號,2000000,1050525
10412,24587451,英奇科技有限公司,臺中市新社區中正里中和街五段66-2號,10000,1050528
10413,24587522,閎振有限公司,臺中市南屯區永定里南屯路二段900巷50號4樓之11,1000000,1050526
10414,24587683,協金企管顧問有限公司,臺中市北區六合里臺灣大道一段642號,1000000,1050511
10415,24587760,大將軍興業有限公司,臺中市大里區新里里大新街29號1樓,100000,1050513
10416,24587797,宇盛動力有限公司,臺中市西屯區大福里中清西二街86號2樓之2,600000,1050507
10417,24587831,馬基品牌企劃設計有限公司,臺中市東區建智街48號1樓,1000000,1050506
10418,24587889,鴻猷企業有限公司,臺中市南屯區三義里黎明路二段532-6號,5000000,1050526
10419,24587939,桀狄森土木包工業有限公司,臺中市西屯區何厝街71之21號3樓之2,800000,1050527
10420,24587993,忠開工業有限公司,臺中市北屯區松勇里松義街110號1樓,1000000,1050514
10421,24588070,東益五金實業有限公司,臺中市東區東英里樂業路467號1樓,5000000,1050512
10422,24588254,毅大軸承有限公司,臺中市霧峰區錦州路461巷11號1樓,1500000,1050510
10423,24588368,李錦明儀測服務有限公司,臺中市西區三民里三民路一段149-1號1樓,500000,1050519
10424,24588542,台宗美而香有限公司,臺中市西區公民里五廊街98-5號,1500000,1050520
10425,24588698,天隆信有限公司,臺中市龍井區龍泉里沙田路五段33號,1000000,1050509
10426,24588769,亦詮有限公司,臺中市南屯區楓樹里樂田巷9之23號,3000000,1050512
10427,24588846,永翔國際有限公司,臺中市南區福興里福新街33之1號1樓,2000000,1050522
10428,24588867,丹尼爾工業有限公司,臺中市太平區永豐路266巷2-2號1樓,1000000,1050524
10429,24588923,鼎樺精密有限公司,臺中市神岡區庄後里厚生路115之1號1樓,5000000,1050519
10430,24588986,立春投資股份有限公司,臺中市西區四維街30號7樓,32000000,1050519
10431,24589182,潤勝科技有限公司,臺中市北屯區平和里山西路2段222號5樓,2000000,1050519
10432,24589319,凱德國際開發有限公司,臺中市西屯區上德里上石路116號1樓,4000000,1050520
10433,24589556,黑馬德有限公司,臺中市西區臺灣大道二段285號20樓,500000,1050525
10434,24589654,正名教育事業有限公司,臺中市南屯區向心里永春東路497號1樓,1000000,1050510
10435,24589704,上賜有限公司,臺中市太平區太平十街48號1樓,600000,1050511
10436,24589839,鵝牌科技有限公司,臺中市沙鹿區清泉里東大路二段1536號,1000000,1050502
10437,24590012,聯鑫投資有限公司,臺中市大甲區雁門路347巷16號1樓,6000000,1050523
10438,24590081,森陽有限公司,臺中市清水區南社里忠孝二街50巷23號1樓,600000,1050530
10439,24590110,景翰整合行銷有限公司,臺中市西區大忠里大忠南街69號1樓,1000000,1050529
10440,24590322,智群企業有限公司,臺中市梧棲區頂寮里四維中路157巷1號5樓,1000000,1050507
10441,24590441,彥宣企業有限公司,臺中市沙鹿區埔子里正英路13巷1-1號1樓,700000,1050502
10442,24590548,雙穩營造有限公司,臺中市西屯區大信街60號4樓之1,3000000,1050517
10443,24590717,智富盒子股份有限公司,臺中市北區新北里錦南街19之23號2樓,6000000,1050512
10444,24590879,永和冷凍空調科技有限公司,臺中市大里區祥興里大智路536號13樓,2000000,1050524
10445,24590961,群天科技有限公司,臺中市大雅區大楓里民生路三段428巷21號1樓,1000000,1050523
10446,24591053,禾豐工業有限公司,臺中市大肚區大肚里紙廠路57號1樓,1000000,1050502
10447,24591119,大信立材料有限公司,臺中市南區樹義里福田二街28號1樓,2000000,1050525
10448,24591238,三川通科技有限公司,臺中市霧峰區北柳里國中路68之12號1樓,500000,1050524
10449,24591271,百弘室內裝修工程有限公司,臺中市潭子區頭家里頭家路192巷8號1樓,500000,1050519
10450,24591292,美瑞迪恩有限公司,臺中市南屯區同心里文心路一段218號6樓之5,1000000,1050525
10451,24591574,栩生有限公司,臺中市西屯區何成里大容西街67號3樓之2,1000000,1050504
10452,24591883,厚權實業有限公司,臺中市大里區益民路二段438巷21號,500000,1050504
10453,24591899,六洽有限公司,臺中市龍井區忠和里海尾路240巷28弄1號,500000,1050514
10454,24591912,技鴻機械有限公司,臺中市烏日區溪埧里溪南路一段357巷131號,5000000,1050529
10455,24591933,艾氏企業有限公司,臺中市南區永和里美村南路140號1樓,5000000,1050506
10457,24592124,逢右實業有限公司,臺中市西屯區逢甲里文華路11號,16672000,1050530
10458,24592200,永峰有限公司,臺中市大雅區秀山里秀山七路89號1樓,2000000,1050530
10459,24592308,昱銘汽車拖吊有限公司,臺中市龍井區東海里遠東街159號1樓,200000,1050515
10460,24592412,達仁環保科技有限公司,臺中市大肚區王田里王福街2巷20號1樓,1000000,1050512
10461,24592686,長鋅工業有限公司,臺中市清水區海風里舊庄路5巷2號1樓,100000,1050506
10462,24592709,秉強工業有限公司,臺中市大雅區大楓里民權街39巷1號10樓之2,500000,1050531
10463,24592763,柄昇企業有限公司,臺中市大里區永隆里永隆五街67號,1000000,1050503
10464,24592927,荷葉室內裝修設計工程有限公司,臺中市西區東昇里樂群街164號1樓,1000000,1050513
10465,24592996,英格岩開發有限公司,臺中市南屯區文心路一段378號26樓之1,10000000,1050514
10466,24593088,億德泰營造有限公司,臺中市北區賴興里文心路四段218號2樓,3000000,1050518
10467,24593221,嘉浤營造有限公司,臺中市烏日區民生街76號1樓,3000000,1050525
10468,24593313,昕創投資股份有限公司,臺中市南區長榮里濟世街7號,6000000,1050528
10469,24593469,東潁企業有限公司,臺中市霧峰區錦州路463巷31號,500000,1050505
10470,24593518,優昇貿易有限公司,臺中市北屯區和平里軍福九路418號1樓,200000,1050506
10471,24593539,臺岡工程有限公司,臺中市太平區宜昌里中山路三段81巷48號1樓,1000000,1050505
10472,24593600,禾汯國際有限公司,臺中市神岡區豐洲里神洲路159巷50號,88000,1050513
10473,24593658,皮克網路有限公司,臺中市豐原區西安里中正路411號4樓,600000,1050529
10474,24594100,福源將企業有限公司,臺中市西屯區西屯路三段宏恩2巷1號1樓,2500000,1050511
10475,24594501,京督營造有限公司,臺中市大雅區上楓里民生路三段493號1樓,3000000,1050518
10476,24594544,鼎富鑫工程有限公司,臺中市中區大誠里民族路190號1樓,800000,1050529
10477,24594848,利全不動產仲介有限公司,臺中市豐原區中山路124號1樓,500000,1050516
10478,24594925,啟昌工程有限公司,臺中市太平區中興里永平路二段476巷179號2樓,1000000,1050518
10479,24594994,訊暉科技有限公司,臺中市潭子區東寶里大富路一段28之27號,500000,1050510
10480,24595071,右鑫鋁業工程有限公司,臺中市北屯區太和六街45號,5000000,1050513
10481,24595092,家慶不動產經紀有限公司,臺中市西屯區西墩里黎明路三段131號,500000,1050505
10482,24595163,仁得國際開發有限公司,臺中市西屯區工業區38路176號1樓,5000000,1050520
10483,24595591,萬科有限公司,臺中市神岡區溪洲里神洲路701巷59號1樓,2000000,1050513
10484,24595662,品薌茶葉有限公司,臺中市南區樹義里文心南路747號14樓之3,6000000,1050521
10485,24595945,喬登展業有限公司,臺中市大里區長春路39巷17弄11號2樓,800000,1050516
10486,24596037,八錢餐飲有限公司,臺中市南屯區大業里公益路二段25號、25之1號、25號2樓,3800000,1050505
10487,24596064,陞泓金屬企業有限公司,臺中市南區工學里工學路155巷6號3樓之1,900000,1050511
10488,24596162,鼎碩電子雕刻有限公司,臺中市烏日區光明里五光路805巷21-1號,1000000,1050520
10489,24596199,雋穗餐飲有限公司,臺中市北區頂厝里漢口路四段389號,3800000,1050505
10490,24596326,譽豐建設有限公司,臺中市豐原區北陽里南陽路184巷35號1樓,1000000,1050520
10491,24596347,聖捷實業有限公司,臺中市沙鹿區竹林里光華路470巷10號1樓,100000,1050517
10492,24596557,泰新企業有限公司,臺中市中區柳川里民權路164號22樓之28,1000000,1050506
10493,24596661,竣盛服務事業有限公司,臺中市北區明新里中清路一段447號13樓之6,1000000,1050519
10494,24596971,舞賀有限公司,臺中市西區公民里五權西一街61號,1000000,1050514
10495,24596986,宜晟國際有限公司,臺中市龍井區新庄里新興路247巷11號,500000,1050513
10496,24597015,施潔人力資源管理顧問有限公司,臺中市沙鹿區北勢里北勢東路658巷11號1樓,500000,1050504
10497,24597090,富師建設有限公司,臺中市霧峰區四德里丁台路56號1樓,500000,1050518
10498,24597351,浩群資訊有限公司,臺中市北區新興里三民路三段89巷22號6樓,10000000,1050511
10499,24597417,紘宇開發有限公司,臺中市太平區光華里長安路446巷1號1樓,1000000,1050512
10500,24597459,孫悟空廣告設計有限公司,臺中市豐原區社皮里中正路687-5號1樓,200000,1050511
10501,24597660,華正科技有限公司,臺中市西屯區協和里工業區四十路6號2樓,1000000,1050507
10502,24597697,宜長宏有限公司,臺中市烏日區學田路369號,500000,1050521
10503,24597710,蒝富有限公司,臺中市西區五權路1之150號17樓之2,1000000,1050521
10504,24597845,旭昇能源科技有限公司,臺中市大里區德芳路二段98號1樓,1000000,1050518
10505,24597958,高將國際股份有限公司,臺中市神岡區社南里中山路851巷37弄17號,20000000,1050526
10506,24598112,原泰立工業有限公司,臺中市神岡區社口里中山路886巷17號,1000000,1050502
10507,24598268,金星照明有限公司,臺中市南屯區楓樹里環中路五段700之9號,5500000,1050524
10508,24598387,中杏投資有限公司,臺中市西區健行路1049號27樓之33,85000,1050518
10510,24598669,尹諾威國際有限公司,臺中市清水區下湳里中山路438之8號,2000000,1050524
10511,24598703,宏銓不銹鋼有限公司,臺中市大里區瑞城里塗城路304巷55-5號1樓,3000000,1050514
10512,24598794,晉展義企業有限公司,臺中市北區頂厝里崇德路一段645巷45號1樓,1000000,1050509
10513,24599007,台灣璽時有限公司,臺中市南屯區溝墘里大墩十三街11號4樓,1000000,1050517
10514,24599111,見真有限公司,臺中市西區藍興里五權路2之201號,700000,1050509
10515,24599225,利崙事業有限公司,臺中市龍井區龍西里茄投路138號1樓,2000000,1050510
10516,24599246,富有康有限公司,臺中市大里區東興里大明路293號,1000000,1050519
10517,24599251,力捷國際資訊有限公司,臺中市西屯區市政路500號26樓之6,300000,1050514
10518,24599288,翔宇精密有限公司,臺中市大安區東安里南埔路122號1樓,2000000,1050502
10519,24599294,慶元有限公司,臺中市龍井區遊園南路450巷58弄4號1樓,200000,1050523
10520,24599371,安富麗國際有限公司,臺中市西屯區朝富一街56號1樓,100000,1050521
10521,24599457,久仲環保顧問有限公司,臺中市西屯區協和里工業區一路98之130號3樓,1500000,1050502
10522,24599647,台灣景陽科技有限公司,臺中市北區頂厝里永興街348號5樓,1000000,1050521
10523,24599668,高豐光電有限公司,臺中市神岡區民生路115號,1000000,1050523
10524,24599800,光慧國際事業有限公司,臺中市西屯區何南里精誠路14號5樓之4,5000000,1050526
10525,24599858,紅火科技有限公司,臺中市西屯區上安里臺灣大道三段528號8樓,100000,1050520
10526,24599885,高鼎興業有限公司,臺中市大里區健民里仁化工十九路79號,20000000,1050514
10527,24599956,一品琚室內裝修有限公司,臺中市北屯區軍功里東山路一段225之16巷2之3號,1000000,1050502
10528,24600118,莫特國際設計有限公司,臺中市北區賴村里梅亭街289號1樓,1020000,1050510
10529,24600285,威成工程顧問有限公司,臺中市南屯區文心南三路713號2樓,1000000,1050520
10530,24600406,捷順精密有限公司,臺中市潭子區東寶里大富路一段48號1樓,2500000,1050519
10531,24600412,鼎乾實業有限公司,臺中市南屯區豐樂里文心南三路945號1樓,5000000,1050530
10532,24600519,源品良行股份有限公司,臺中市北屯區和平里和順路421號1樓,1000000,1050503
10533,24600525,明功電力股份有限公司,臺中市豐原區南陽路426號,5000000,1050509
10534,24600638,易樂有限公司,臺中市西屯區逢福里福上巷216弄9號2樓,200000,1050530
10535,24600659,資本起重工程有限公司,臺中市沙鹿區埔子里正順路21巷65號,200000,1050521
10536,24600671,味芳國際股份有限公司,臺中市西屯區福星北路18號1樓,10000000,1050504
10537,24600829,井上餐飲有限公司,臺中市西區公平里公益路276號、精美街17號、精美街17號2樓,3000000,1050513
10538,24601003,介華工業有限公司,臺中市太平區永豐路268號,14000000,1050526
10539,24601046,華成水產有限公司,臺中市烏日區環河北路278號1樓,2000000,1050530
10540,24601138,寰宇科技顧問有限公司,臺中市南屯區溝墘里文心路一段556號7樓,5000000,1050517
10541,24601159,東起視聽歌唱有限公司,臺中市中區大誠里柳川西路三段16號8樓之1,500000,1050509
10542,24601313,偉智精密有限公司,臺中市梧棲區文化里民生街20之14號1樓,600000,1050502
10543,24601361,景康實業有限公司,臺中市清水區橋頭里中華路609之5號1樓,5000000,1050520
10544,24601524,固德旺實業有限公司,臺中市豐原區西勢路425號1樓,1000000,1050504
10545,24601600,千陞工業有限公司,臺中市大雅區西寶里昌平路四段686巷66號,500000,1050528
10546,24601622,運達能源有限公司,臺中市西屯區甘河路12號,2000000,1050524
10547,24601637,銓昱有限公司,臺中市大雅區上楓里楓林街410巷1之1號1樓,100000,1050523
10548,24601685,奕佳室內裝修有限公司,臺中市大甲區福德里順帆路216-10號,500000,1050510
10549,24601691,匯盛不動產有限公司,臺中市霧峰區北柳里國中路9號1樓,1000000,1050530
10550,24601720,百益不動產經紀股份有限公司,臺中市大里區長榮里中興路二段103之1號2樓,1000000,1050526
10551,24601783,柏亞廣告有限公司,臺中市清水區橋頭里民有路216巷2號1樓,500000,1050519
10552,24601828,誠寶資產管理有限公司,臺中市西屯區上石里青海路二段210號3樓,10000000,1050510
10553,24601904,興大有限公司,臺中市潭子區豐興路一段441號1樓,500000,1050502
10554,24601931,鴻瑀國際有限公司,臺中市中區大墩里三民路二段17巷2號3樓之1,2500000,1050526
10555,24601968,八德工業股份有限公司,臺中市大雅區雅楓里民生路三段36南巷47弄20號1樓,1000000,1050523
10556,24602002,德寶實業有限公司,臺中市北屯區大德里平德路96巷17弄2之1號1樓,500000,1050506
10557,24602087,亨美食品有限公司,臺中市神岡區庄前里神林路70巷46之8號1樓,1000000,1050529
10558,24602093,鑫菖通創新產業育成中心有限公司,臺中市北屯區平興里北屯路366號15樓,5000000,1050531
10559,24602116,森隆有限公司,臺中市北屯區水景里軍福九路600號13樓之1,1000000,1050518
10560,24602185,華鑫營造有限公司,臺中市西區安龍里自治街207巷30號1樓,3000000,1050511
10561,24602208,小歆氣體燃料導管有限公司,臺中市霧峰區坑口里中正路634-1號1樓,2000000,1050511
10562,24602328,兌誠實業有限公司,臺中市南屯區大業里大進街536之10號4樓,500000,1050524
10563,24602333,歐翠德消防設備有限公司,臺中市北屯區平田里文心路四段955號10樓之5,2000000,1050518
10564,24602517,上瑋生物科技有限公司,臺中市北屯區東山路二段69之29號1樓,300000,1050509
10565,24602798,正昇開發實業有限公司,臺中市北區梅川里梅川西路四段147之1號6樓之1,1000000,1050510
10566,24602811,三和研磨材料有限公司,臺中市烏日區太明北路3之2號1樓,1000000,1050526
10567,24602988,廣和享實業有限公司,臺中市沙鹿區埔子里北勢東路155巷43號1樓,500000,1050502
10568,24603038,安豐機電工程有限公司,臺中市南區永和里五權南路506號1樓,2000000,1050511
10569,24603059,台灣芮亞企業有限公司,臺中市北區明德里太原南二街15號1樓,2000000,1050506
10570,24603163,銘智電腦有限公司,臺中市南屯區大墩十四街307號1樓,3000000,1050503
10571,24603332,雅風精品百貨有限公司,臺中市北屯區平田里文心路四段955號18樓之3,100000,1050518
10572,24603369,益曄塗料有限公司,臺中市西屯區福和里臺灣大道四段925號12樓之1,6000000,1050517
10573,24603380,展意營造有限公司,臺中市外埔區大同里18鄰甲后路243號1樓,5000000,1050506
10574,24603473,友立汽車有限公司,臺中市潭子區崇德路四段2號,600000,1050512
10575,24603641,名震工程有限公司,臺中市北區建成里東成路140號1樓,1000000,1050524
10576,24603699,康盛置業投資有限公司,臺中市南屯區公益路二段51號12樓,26000000,1050524
10577,24603826,大可豐金屬建材有限公司,臺中市大里區國光里勝利二路25號1樓,16000000,1050525
10578,24604000,喜穗餐飲有限公司,臺中市南屯區溝墘里文心路一段536號,3000000,1050513
10579,24604022,厚貿科技有限公司,臺中市南區長榮里復興路三段327號,2000000,1050524
10580,24604064,浥誠國際有限公司,臺中市南區福順里忠明南路789號39樓之1,1000000,1050521
10581,24604254,國程金屬工業有限公司,臺中市太平區太平里永平路三段132巷46號1樓,1000000,1050504
10582,24604466,竣騰紡織股份有限公司,臺中市梧棲區草湳里永興路二段378巷2號,15000000,1050530
10583,24604563,鼎昌廣告企業有限公司,臺中市西屯區上石里河南路二段345號1樓,600000,1050506
10584,24604607,直欣企業有限公司,臺中市西區公益路130號3樓,2000000,1050524
10585,24604780,鐸賺有限公司,臺中市東區復興路四段186號10樓,2000000,1050502
10586,24604803,舜皇地產有限公司,臺中市大雅區二和里雅潭路四段637號1樓,500000,1050503
10587,24604825,傲盛國際行銷有限公司,臺中市西屯區何德里大信街60號7樓之2,5000000,1050513
10588,24604888,羅奇尼企業有限公司,臺中市東區自強南街5巷23號1樓,3000000,1050505
10589,24604959,景宏景觀有限公司,臺中市龍井區新庄里遊園南路242巷24號1樓,2000000,1050517
10590,24605036,日麗能源有限公司,臺中市南區崇倫里忠明南路730巷22號10樓之2,500000,1050526
10591,24605107,御鉦有限公司,臺中市北區賴興里文昌東二街89之2號,250000,1050509
10592,24605113,千鐿生醫科技股份有限公司,臺中市大雅區科雅路25號2樓,45000000,1050526
10593,24605401,元立方開發有限公司,臺中市西屯區何源里河南東四街17號1樓,5000000,1050518
10594,24605508,青田蛋品有限公司,臺中市北屯區昌平里太原路三段111巷6號4樓,3000000,1050509
10595,24605612,亨潤有限公司,臺中市西屯區何成里臺灣大道二段827號2樓、829號2樓,1000000,1050517
10596,24605649,萬達國際行銷有限公司,臺中市西屯區文心路三段241號14樓之8,1000000,1050504
10597,24605795,宜鈞科技有限公司,臺中市大里區仁德里7鄰吉祥街31巷2號2樓,1000000,1050505
10598,24605802,和洛貿易有限公司,臺中市北區邱厝里健行路371-10號11樓,2000000,1050503
10599,24605872,卓倫貿易有限公司,臺中市南屯區田心里文心路一段21號24樓之2,50000,1050512
10600,24605958,群佑精密機械股份有限公司,臺中市大雅區員林里神林路一段231巷1弄30號1樓,1500000,1050530
10601,24605985,永吉盛工程有限公司,臺中市神岡區庄前里神林路12巷31號1樓,2000000,1050519
10602,24606197,好曖設計有限公司,臺中市中區中山路170號1樓及地下一樓,1000000,1050508
10603,24606231,仟翊建設股份有限公司,臺中市大甲區日南里青一路6巷16號1樓,5000000,1050503
10604,24606464,廣憬建築企業有限公司,臺中市烏日區公園路332號,300000,1050517
10605,24606838,謹晟有限公司,臺中市霧峰區南柳里新厝路108號1樓,3000000,1050519
10606,24607196,君澤玲有限公司,臺中市南屯區溝墘里大業路301號,1000000,1050519
10607,24607219,松揚精密模具有限公司,臺中市太平區光興路1568巷32號,2500000,1050504
10608,24607359,崧運投資有限公司,臺中市潭子區栗林里中山路三段493巷2號,5000000,1050518
10609,24607392,輝鴻國際興業有限公司,臺中市大里區永隆里永隆路155號1樓,1000000,1050514
10610,24607816,耀勝冷凍空調有限公司,臺中市太平區新安街68巷28號1樓,2000000,1050501
10611,24607858,誠嘉精密有限公司,臺中市大里區忠孝路132巷6號,4000000,1050508
10612,24607870,寶聯重機械企業有限公司,臺中市豐原區陽明里南陽路435號13樓,100000,1050530
10613,24607885,曼迪亞倫股份有限公司,臺中市北區錦祥里進化路575號地下1層之1,10000000,1050512
10614,24608054,鴻銳工程有限公司,臺中市梧棲區大村里文心街97號1樓,100000,1050519
10615,24608147,嘉泰實業有限公司,臺中市龍井區龍津里蚵寮路155號,1000000,1050519
10616,24608168,鋐鑫投資有限公司,臺中市南屯區新生里新富五街92號1樓,11000000,1050524
10809,24631864,嘉通物聯網科技股份有限公司,臺中市西區臺灣大道二段545號8樓之1,15000000,1050520
10887,24642671,馬安國際有限公司,臺中市大里區立仁里好來六街21號一樓,5000000,1050509
10990,24655387,森田日本料理股份有限公司,臺中市大甲區平安里經國路500號1樓,1200000,1050501
11004,24657483,欣利杰寵物食品國際有限公司,臺中市后里區后里里三豐路212巷16號,5000000,1050518
11009,24660207,捷威小客車租賃有限公司,臺中市西屯區市政南一路365號1樓,5000000,1050520
11012,24664294,富達陽能源科技有限公司,臺中市后里區內東路330號,8000000,1050504
11110,24701100,利佳人力資源有限公司,臺中市北區頂厝里崇德路一段631號7樓之2,5000000,1050526
11120,24702656,利榤有限公司,臺中市大肚區王田里王福街530巷200號,500000,1050512
11388,24744810,震信系統股份有限公司,臺中市西區臺灣大道二段285號20樓,15000000,1050527
11395,24746107,易付寶財金資訊股份有限公司,臺中市西屯區太原路一段177號,50000000,1050524
11526,24767279,如珊有限公司,臺中市西屯區市政路169號35樓之2,10000000,1050525
11535,24768447,京兆豐生機股份有限公司,臺中市西區臺灣大道二段341號,20000000,1050511
11536,24768468,愛上咖啡館股份有限公司,臺中市西區臺灣大道二段341號,20000000,1050518
11671,24791171,澳商永智木業股份有限公司,臺中市西區臺灣大道2段181號12樓之9,0,1050525
11704,24807027,馬紹爾群島商信星企業有限公司,臺中市北屯區松竹五路68巷1號1樓,0,1050520
11714,24818349,亞鼎精密機械有限公司,臺中市大里區仁美路159巷15弄3號,10000000,1050509
11715,24818381,強翌木業有限公司,臺中市神岡區新庄里溪頭路52之2號,1000000,1050528
11716,24818642,律活有限公司,臺中市西屯區何成里臺灣大道二段827號1樓，829號1樓,300000,1050530
11717,24818880,普希股份有限公司,臺中市西屯區潮洋里朝富路232號4樓,1000000,1050519
11718,24818951,嘉誠金屬有限公司,臺中市北屯區松強里山西路三段192號7樓之1,200000,1050511
11719,24818967,尚吉實業有限公司,臺中市大肚區頂街里大明四街24號1樓,500000,1050526
11720,24819109,伊妃帆有限公司,臺中市北區明德里太原路一段396號1樓、396-1號1樓,1000000,1050527
11721,24819115,樹森股份有限公司,臺中市西屯區潮洋里朝富路232號4樓,1000000,1050519
11722,24819179,國捷有限公司,臺中市太平區建興里建成街222號1樓,300000,1050511
11723,24819327,御將創意有限公司,臺中市西屯區文華路162巷11號1樓,200000,1050503
11724,24819494,路加永康有限公司,臺中市東區振興里台中路131號5樓,500000,1050524
11725,24819608,寶島口福餐飲事業有限公司,臺中市西區中興里公正路133號1樓,500000,1050505
11726,24819972,新凱企業有限公司,臺中市西屯區漢口路二段21之1號1樓,5000000,1050516
11727,24820181,迪璟企業有限公司,臺中市西屯區上石里西屯路二段273之5號2樓,12000000,1050516
11728,24820197,樺欣工業有限公司,臺中市北屯區仁和里后庄路868號1樓,20000000,1050503
11729,24820318,瑞銘鋼鋁有限公司,臺中市霧峰區中正路1265巷1弄7號1樓,500000,1050528
11730,24820366,新泰誠建材有限公司,臺中市大里區東湖里東湖路19號1樓,3000000,1050518
11731,24820393,品綠羲華創意生活有限公司,臺中市梧棲區草湳里梧南路168之32號1樓,5000000,1050519
11732,24820605,晨裕國際有限公司,臺中市沙鹿區竹林里中山路36巷40號1樓,2000000,1050526
11733,24820627,新匯隆汽車有限公司,臺中市北屯區后庄北路207號11樓之１,3600000,1050523
11734,24820632,東栯有限公司,臺中市豐原區葫蘆墩一街313號1樓,2000000,1050504
11735,24820794,綠容包裝有限公司,臺中市太平區成功路395巷53號2樓,100000,1050502
11736,24821034,佳新資產股份有限公司,臺中市中區市府路40號1樓,1000000,1050528
11737,24821230,澤美國際開發有限公司,臺中市北屯區文心路四段83號19樓,1000000,1050523
11738,24821273,百岳國際登山嚮導有限公司,臺中市西屯區永安里西屯路三段166之35號3樓,50000,1050502
11739,24821421,駿達汽車修配廠有限公司,臺中市梧棲區草湳里臨港路三段388號,300000,1050520
11740,24822049,奇點有限公司,臺中市南屯區豐偉路87號1樓,500000,1050530
11741,24822131,芮鼎工業有限公司,臺中市清水區中華路629、631號,3000000,1050511
11742,24822287,愛木者工坊設計有限公司,臺中市烏日區前竹里中山路一段265巷2號1樓,2500000,1050502
11743,24822420,統元國際企業有限公司,臺中市太平區振福路463號1樓,2000000,1050514
11744,24822646,鼎松工程有限公司,臺中市大里區新仁里公教街51巷2號,500000,1050518
11745,24822694,社興實業有限公司,臺中市豐原區社皮里社興五街17號,250000,1050525
11746,24822977,璽膳企業有限公司,臺中市西屯區廣福路207號,5000000,1050527
11747,24823048,龐大精機有限公司,臺中市神岡區社口里社口街95號1樓,5000000,1050524
11748,24823167,寶誠不動產開發經紀有限公司,臺中市西屯區惠來里市政路500號28樓之8,5000000,1050517
11749,24823336,中二廚有限公司,臺中市東區十甲里旱溪街340號1樓,1000000,1050510
11750,24823429,力全冷氣空調有限公司,臺中市北屯區景賢二路496號1樓,5000000,1050503
11751,24823510,傑笙音響有限公司,臺中市南區西川里崇倫北街48號1樓,500000,1050510
11752,24823639,和鑑有限公司,臺中市烏日區前竹里中山路一段和平巷115號1樓,400000,1050504
11753,24823737,大秝室內裝修設計有限公司,臺中市南區永和里南和路38巷50號,500000,1050510
11754,24824237,百佳珍名生物科技有限公司,臺中市南區平和里美和街34號1樓,1000000,1050519
11755,24824270,永樂達企業有限公司,臺中市沙鹿區賢義街57巷21號1樓,200000,1050514
11756,24824481,積益企業有限公司,臺中市大里區仁慈街2巷11號1樓,2000000,1050516
11757,24824525,金宥富精密有限公司,臺中市大里區塗城里塗城路151巷39號2樓,1000000,1050502
11758,24824644,邑旺不動產經紀業有限公司,臺中市南屯區五權西路二段379號1樓,500000,1050516
11759,24824692,大好大餐飲事業有限公司,臺中市西屯區上德里河南路二段463之1號及465號1至2樓,5530000,1050509
11760,24824980,伊思達有限公司,臺中市西屯區惠來路三段258號4樓,4000000,1050523
11761,24825003,傑克資訊有限公司,臺中市南屯區永順路606號1樓,500000,1050503
11762,24825046,擷禾室內設計有限公司,臺中市西區公平里精誠十一街3號1樓,1000000,1050516
11763,24825088,遠又準有限公司,臺中市南區新榮里復興路三段133號1樓,200000,1050506
11764,24825242,豪邁休閒事業有限公司,臺中市大雅區員林里雅環路三段大明一巷39號1樓,2000000,1050525
11765,24825263,鵲絲旅店有限公司,臺中市西屯區西平里福星路232號1樓,28000000,1050509
11766,24825290,立柏泰有限公司,臺中市豐原區角潭路二段67巷2號1樓,1000000,1050515
11767,24825448,敦華科技有限公司,臺中市東區東英里十甲路422號7樓之1,500000,1050513
11769,24825714,喬發五金企業有限公司,臺中市大里區金城里文化街106巷7號1樓,1200000,1050524
11770,24825952,銓興塑膠有限公司,臺中市梧棲區永安里永興路一段545巷202號,5000000,1050516
11771,24826002,總順食品有限公司,臺中市太平區太平里合利街33巷11號1樓,1000000,1050507
11772,24826158,揮鴻實業有限公司,臺中市龍井區遠東街80巷3之1號1樓,1000000,1050501
11773,24826262,錫安數位印刷有限公司,臺中市北區明新里太原九街10號3樓之9,1000000,1050510
11774,24826973,康生健康科技有限公司,臺中市烏日區環中路八段615號,5000000,1050529
11775,24827001,剴泰工程實業有限公司,臺中市東區東橋里大智路341號5樓之6,1000000,1050521
11776,24827163,穩饌企業有限公司,臺中市南屯區三和里黎明路二段427號12樓之3,500000,1050508
11777,24827369,久樘營造有限公司,臺中市北屯區太祥路266號1樓,3000000,1050516
11778,24827396,永騰鷹架有限公司,臺中市北屯區水湳里文心路四段83號14樓,50000,1050518
11780,24827516,弘康有限公司,臺中市潭子區潭興路二段297巷20號2樓,300000,1050516
11781,24827570,三泉實業有限公司,臺中市北屯區松竹里熱河路三段114號1樓,580000,1050517
11782,24827608,賢隆精密國際有限公司,臺中市大雅區橫山里中山三路81號,500000,1050510
11783,24827797,寰亞汽車有限公司,臺中市神岡區庄後里大圳路57-1號,1000000,1050527
11784,24828043,三方有限公司,臺中市南區樹義里文心南路841巷8號1樓,1000000,1050502
11785,24828085,裘德科技有限公司,臺中市西區大忠里忠明南路270號20樓之3,3000000,1050519
11786,24828135,達比資訊有限公司,臺中市大里區瑞城里中興路一段26巷93弄63號,1000000,1050525
11787,24828199,禾宸興業有限公司,臺中市西屯區市政路500號19樓之1,3000000,1050511
11788,24828310,祐錡有限公司,臺中市太平區新平路一段126巷19弄6號1樓,500000,1050502
11789,24828326,路易斯皮件有限公司,臺中市西屯區永安里西屯路三段164之17號7樓,500000,1050521
11790,24828445,貝斯企業有限公司,臺中市南屯區三和里河南路四段460號14樓之5,5000000,1050527
11791,24828515,大樹不動產經紀有限公司,臺中市大雅區民生路一段267號1樓,1000000,1050528
11792,24828613,萬苙有限公司,臺中市烏日區九德里興祥街188巷1號1樓,1000000,1050527
11793,24828640,寶圓興業有限公司,臺中市南屯區文山里嶺東路800號1樓,2000000,1050527
11794,24828655,廷鈺工業有限公司,臺中市豐原區西湳里豐原大道七段162巷235號,800000,1050523
11795,24828677,啟東五金興業有限公司,臺中市豐原區北陽里豐東路7巷13號,1000000,1050509
11796,24828705,星銘企業有限公司,臺中市南屯區黎明東街506號4樓之1,250000,1050506
11797,24828803,瑞瓏實業有限公司,臺中市大里區樹王里文心南路1191巷25號,1000000,1050512
11798,24828873,聚威生技有限公司,臺中市中區大墩里臺灣大道一段388號4樓之8,5000000,1050509
11799,24829155,六書堂數位學習股份有限公司,臺中市北區臺灣大道二段360號25樓之2,6000000,1050517
11800,24829205,隆棋工業有限公司,臺中市東區東信里振興路437巷51之5號1樓,2680000,1050510
11801,24829253,成侑投資有限公司,臺中市大里區德芳路二段155之3號2樓,500000,1050506
11802,24829367,汎鋼實業有限公司,臺中市北區光大里五權路190號11樓之3,5000000,1050521
11803,24829459,惠鈞工程有限公司,臺中市北區崇德路一段500巷8號1樓,300000,1050524
11805,24829752,德恩生醫股份有限公司,臺中市北區頂厝里崇德路一段629號19樓之2,1580000,1050517
11806,24829850,富誠塑膠有限公司,臺中市大里區西湖里大峰路473巷32弄3號,500000,1050526
11807,24829866,允和機械有限公司,臺中市北區中達里英才路217巷2弄6號3樓,4200000,1050514
11808,24830104,緯鴻貿易有限公司,臺中市太平區太平里永豐路132巷2號2樓,10000000,1050513
11809,24830126,敦遠國際有限公司,臺中市豐原區北陽里綠山二街38號1樓,2800000,1050525
11810,24830189,銓浤科技有限公司,臺中市大甲區經國路1876號,1000000,1050527
11811,24830499,萬里開發股份有限公司,臺中市南屯區惠中里文心路一段378號25樓之3,1000000,1050523
11812,24830505,天映有限公司,臺中市大甲區順天里順天路199號1樓,500000,1050530
11813,24830511,僑佑精工股份有限公司,臺中市大雅區雅楓里民生路三段267巷36號,20000000,1050509
11814,24830553,台灣嘉姿生技有限公司,臺中市西屯區福恩里工業區一路66之17號1樓,500000,1050516
11815,24830821,晴田生活實業有限公司,臺中市東區十甲里自由路四段216號1樓,4000000,1050518
11816,24830955,冠僖工程有限公司,臺中市南區南昌街48號1樓,5000000,1050527
11817,24831223,圓羿工程企業有限公司,臺中市東勢區新盛里新盛街396巷17號1樓,500000,1050524
11818,24831413,福康開發建設有限公司,臺中市沙鹿區洛泉里四平街172號1樓,3000000,1050519
11819,24831997,銨達有限公司,臺中市豐原區朴子里豐勢路二段535巷76號,1000000,1050509
11820,24832378,宏騏物業有限公司,臺中市北區長青里武昌路41巷6號1樓,5000000,1050516
11821,24832383,意順精密工業有限公司,臺中市西屯區西平里西安街108巷10號1樓,1000000,1050514
11822,24832428,嘉禾科技有限公司,臺中市北區頂厝里崇德路一段629號19樓之2,300000,1050517
11823,24832519,速爾達國際有限公司,臺中市太平區永成北路66巷1弄25號1樓,5000000,1050509
11824,24832588,彩虹喬有限公司,臺中市沙鹿區七賢路339號1樓,1000000,1050522
11825,24832721,冠贏興業有限公司,臺中市西屯區惠來里市政路386號11樓之8,100000,1050517
11826,24832975,皇程消防安全設備有限公司,臺中市北屯區水湳里9鄰文心路三段445巷4號3樓,1000000,1050526
11827,24833046,澤泰貿易有限公司,臺中市大肚區自強里遊園路二段170巷2號1樓,1000000,1050527
11828,24833088,金霖機械工業有限公司,臺中市梧棲區大庄里信義街60巷21號1樓,1000000,1050511
11829,24833144,明日月食品有限公司,臺中市潭子區家福里頭張路一段117巷20弄1號1樓,500000,1050522
11830,24833329,垣里有限公司,臺中市西屯區福瑞里福強街117號2樓之3,5000000,1050523
11831,24833361,鴻晟洋水產有限公司,臺中市南屯區大興里大墩南路390號4樓,2000000,1050514
11832,24833405,承豪機械有限公司,臺中市神岡區社口里中山路308巷16號1樓,3200000,1050504
11833,24833427,居安心科技檢驗股份有限公司,臺中市大里區永隆里國光路二段751號1樓,2000000,1050530
11834,24833453,傳泓工程有限公司,臺中市潭子區福仁里大新路23巷3號1樓,750000,1050519
11835,24833480,裕準實業有限公司,臺中市大雅區大雅里大榮街157號3樓,7000000,1050504
11836,24833502,科佶富有限公司,臺中市西屯區福和里臺灣大道四段767號3樓之5,1000000,1050517
11837,24833778,力正電腦有限公司,臺中市豐原區中興里三村路30巷1弄10號,200000,1050522
11838,24833828,益端國際股份有限公司,臺中市西屯區福恩里工業區一路2巷3號6樓之4,8000000,1050517
11839,24834002,海克租賃有限公司,臺中市潭子區崇德路四段273號,5000000,1050511
11840,24834024,乾鎰實業有限公司,臺中市東區長福路265號1樓,5000000,1050521
11841,24834072,海峽兩岸美食文化有限公司,臺中市大里區金城里中興路一段382巷31號4樓,500000,1050503
11842,24834312,安福捷租賃有限公司,臺中市烏日區三和里中山路三段456號1樓,5000000,1050525
11843,24834565,豐順企業有限公司,臺中市潭子區大豐路一段188之15號,500000,1050508
11844,24834586,康日有限公司,臺中市西屯區何成里大容西街51號3樓之2,6000000,1050518
11845,24834832,柔伊國際有限公司,臺中市西區忠明里華美街398號1樓,500000,1050505
11846,24834848,昇展開發有限公司,臺中市北屯區崇德六路22號12樓之1,500000,1050509
11847,24834973,新福爾摩莎國際有限公司,臺中市中區綠川里綠川西街137號11樓之4,15000000,1050517
11848,24835092,士維工程有限公司,臺中市大里區塗城里塗城路349之5號1樓,1000000,1050505
11849,24835229,稷德食品有限公司,臺中市西屯區永安里西屯路三段148之43號,1000000,1050511
11850,24835327,宇寅國際有限公司,臺中市太平區育仁路63號4樓,3000000,1050506
11851,24835543,常彋室內裝修有限公司,臺中市西屯區寶慶街18巷13號9樓,100000,1050530
11852,24835558,金進豐實業有限公司,臺中市后里區九甲七路258號,500000,1050517
11853,24835635,寀登有限公司,臺中市西區藍興里三民路一段103號7樓之1,2000000,1050502
11854,24835641,布森設計有限公司,臺中市南屯區楓樹里環中路五段199-7號,500000,1050513
11855,24835678,世和工程有限公司,臺中市西屯區何成里大隆路167號2樓,3000000,1050502
11856,24835706,彪駿實業有限公司,臺中市南區永興里美村南路191巷42號1樓,2500000,1050505
11857,24835754,傳億國際開發有限公司,臺中市外埔區大同里甲后路興龍六巷2號1樓,1500000,1050518
11858,24835889,九玖雲端有限公司,臺中市西屯區潮洋里市政北二路236號21樓之6,1000000,1050505
11859,24836016,育德不動產開發有限公司,臺中市大甲區育德路170號1樓,300000,1050516
11860,24836091,好兒喜有限公司,臺中市南區國光里仁和路225巷2號壹樓,100000,1050506
11861,24836108,伊芙美國際美容事業有限公司,臺中市南屯區大進街551號下二層之1,5000000,1050525
11862,24836254,佳篁企業有限公司,臺中市北區賴村里德化街395號,500000,1050530
11863,24836368,新威工業有限公司,臺中市太平區太平里合利街50號,7150000,1050502
11864,24836472,生命泉源有限公司,臺中市北屯區平興里遼寧路一段51巷36號1樓,1000000,1050523
11865,24836803,成旺貿易有限公司,臺中市大雅區西寶里昌平路三段596巷57號1樓,1000000,1050511
11866,24836867,林見室內裝修有限公司,臺中市大肚區新興里新興街29號1樓,200000,1050519
11867,24836894,源浤金屬有限公司,臺中市西屯區何福里大信街36之2號,500000,1050523
11868,24836944,兆盛興照明設計有限公司,臺中市北區賴厝里梅川西路三段66號7樓,200000,1050517
11869,24836959,迎眾企業有限公司,臺中市西區民龍里文化街156號底一層之2,300000,1050520
11870,24836965,榮豐精密有限公司,臺中市太平區永豐路123巷13號,500000,1050511
11871,24836986,金鳴投資有限公司,臺中市南區福田三街113巷13號1樓,500000,1050519
11872,24837015,森揚投資有限公司,臺中市西屯區黎明路二段950號2樓,500000,1050512
11873,24837079,嘉豐國際有限公司,臺中市大肚區大東里仁德路66東1巷8弄27號1樓,600000,1050509
11874,24837198,富有工程有限公司,臺中市梧棲區大村里23鄰文明街268號1樓,10000000,1050525
11875,24837205,上裕汽車零件有限公司,臺中市霧峰區本鄉里草溪西路90號1樓,1000000,1050523
11876,24837253,鴻泱有限公司,臺中市龍井區龍泉里龍新路153巷32弄31號1樓,5000000,1050531
11877,24837541,宜彰電子有限公司,臺中市梧棲區大庄里和平街112巷45號1樓,1000000,1050523
11878,24837612,宏威達通訊有限公司,臺中市北屯區平心里昌平路一段274號1樓,500000,1050512
11879,24837628,鑫業達有限公司,臺中市龍井區竹坑里竹師路一段260巷19弄43號1樓,510000,1050517
11880,24837654,一元回收科技有限公司,臺中市大肚區溪洲路100號1樓,2000000,1050527
11881,24837697,聯芳友開發有限公司,臺中市北屯區和平里東山路一段379之39號2樓,500000,1050510
11882,24837710,宏聚化學有限公司,臺中市中區民族路64號9樓之8,1000000,1050527
11883,24837747,飛好實業有限公司,臺中市北區忠明路419號,3000000,1050524
11884,24837893,麗境室內設計有限公司,臺中市南屯區河南路四段726號1樓,1000000,1050507
11885,24838149,貝瑪林有限公司,臺中市南區福新街150號1樓,300000,1050510
11886,24838176,倍賜特生醫科技有限公司,臺中市潭子區甘蔗里勝利五街52巷5號1樓,1000000,1050519
11887,24838231,黑人企業有限公司,臺中市清水區國姓里臨港路七段389號,3000000,1050509
11888,24838252,台灣優墊振業有限公司,臺中市南區工學里德富路426巷14號1樓,3000000,1050518
11889,24838339,沐研致善應用材料有限公司,臺中市大甲區中山路二段國中巷1號1樓,1000000,1050530
11890,24838491,鑫佳豐有限公司,臺中市大里區仁化里善化路166巷76弄22號1樓,100000,1050524
11891,24838507,順鴻泰實業有限公司,臺中市北屯區舊社里北屯路471巷23號1樓,1000000,1050519
11892,24838909,幸福食品有限公司,臺中市大里區永隆里永隆七街123號1樓,5000000,1050524
11893,24839061,美學苑有限公司,臺中市西屯區何厝里臺灣大道二段730號3樓,1000000,1050506
11894,24839105,勤健生醫有限公司,臺中市北屯區和平里軍和街336巷26號1樓,1000000,1050519
11895,24839111,仁崧科技股份有限公司,臺中市梧棲區中正路572號1樓,8500000,1050512
11897,24839267,威誼科技有限公司,臺中市西屯區福雅里福科路362巷58號1樓,500000,1050503
11898,24839386,吉堡有限公司,臺中市沙鹿區公明里忠貞路102之8巷9號1樓,200000,1050520
11899,24839512,吉茂建設股份有限公司,臺中市西屯區河南路二段484號2樓,1200000,1050524
11900,24839724,碩望投資有限公司,臺中市南屯區永春南路56巷23之2號1樓,1000000,1050519
11901,24839864,迅昇國際有限公司,臺中市西區藍興里樂群街266號二樓,500000,1050505
11902,24839885,金鑰皇冠國際聯網股份有限公司,臺中市西區民龍里臺灣大道二段186號10樓之1,5495400,1050517
11903,24839914,佐宸廣告有限公司,臺中市南區崇倫街160巷5號1樓,1680000,1050503
11904,24840026,呈鋼工業有限公司,臺中市大雅區員林里中清路四段378號,1000000,1050509
11905,24840193,盟耿聯科技有限公司,臺中市大里區東湖里忠孝路132巷3號1樓,1700000,1050518
11906,24840530,國楊開發建設股份有限公司,臺中市西屯區惠來里市政路500號18樓之8,4000000,1050509
11907,24840546,青之森設計有限公司,臺中市西屯區港尾里中清路三段97號1樓,1000000,1050530
11908,24840709,寶雅傢俱有限公司,臺中市北屯區軍功里松竹路一段716號1樓,500000,1050504
11909,24840932,竣昇工程有限公司,臺中市西屯區重慶路322號15樓之3,500000,1050521
11910,24841030,馨圓餐飲有限公司,臺中市潭子區東寶里大德北路145巷8號1樓,3000000,1050513
11911,24841067,現代之窗有限公司,臺中市豐原區中陽里直興街74巷2號1樓,150000,1050522
11912,24841088,耕稼園有限公司,臺中市大里區永隆里大明路366巷32號1樓,250000,1050517
11913,24841171,力拓精密工業有限公司,臺中市豐原區豐原大道七段162巷252弄83號,500000,1050513
11914,24841340,米潔晞布藝傢飾有限公司,臺中市西屯區何源里河南路一段96號1樓,1000000,1050504
11915,24841411,蒂沅臻有限公司,臺中市西屯區潮洋里黎明路二段923號1樓,500000,1050502
11916,24841453,台灣生機會有限公司,臺中市北區明德里太原南二街155號2樓,1000000,1050504
11917,24841518,寓堡機電有限公司,臺中市北屯區松和里昌平路二段10巷72弄77-3號,500000,1050518
11918,24841524,峻業有限公司,臺中市太平區溪洲路36號4樓,5000000,1050516
11919,24841714,松洋工程有限公司,臺中市西屯區長安路二段71巷9弄50號2樓,330000,1050528
11920,24841720,維格禮儀有限公司,臺中市龍井區水裡社街一段427巷33號2樓,200000,1050529
11921,24841783,帝泰企業有限公司,臺中市太平區新高里立功路341巷9號1樓,500000,1050526
11922,24841876,宏勝機械科技有限公司,臺中市神岡區社南里中山路851巷35弄36號1樓,210000,1050507
11923,24841931,耘碩投資有限公司,臺中市清水區海濱里臨港路六段152號1樓,3000000,1050518
11924,24841952,台灣恩歐匹油泵股份有限公司,臺中市北屯區平福里崇德路二段250號18樓,10400000,1050505
11925,24842066,竣聖科技有限公司,臺中市西屯區上石里上石路171號11樓之3,5000000,1050512
11926,24842087,壹參玖伍食品有限公司,臺中市西區土庫里存中街61巷1號1樓,1200000,1050517
11927,24842122,菄海消防有限公司,臺中市沙鹿區鹿寮里中山路533號11樓之1,200000,1050512
11928,24842220,清陽開發實業有限公司,臺中市龍井區龍泉里龍社路41巷15號,500000,1050520
11929,24842262,祥樺物聯有限公司,臺中市西屯區上德里上石路90號3樓之3,300000,1050519
11930,24842381,廣輔實業股份有限公司,臺中市西屯區西屯路三段宏福三巷9號16樓之1,1000000,1050525
11931,24842544,歐蔚實業有限公司,臺中市大雅區秀山路133之15號1樓,1000000,1050526
11932,24842609,金諺不動產仲介經紀有限公司,臺中市大肚區大東里沙田路二段497號1樓,500000,1050529
11933,24842642,鑫福星實業有限公司,臺中市南區長春里復興路三段363號7樓之3,300000,1050507
11934,24843092,皇喬投資股份有限公司,臺中市西屯區潮洋里朝富路213號30樓之6,80000000,1050503
11935,24843109,寶喜國際有限公司,臺中市西屯區臺灣大道二段633號4樓之5,1000000,1050511
11936,24843255,晶橙玻璃工程有限公司,臺中市南屯區南屯里文昌街148號4樓之3,500000,1050506
11937,24843662,凱樂思有限公司,臺中市西屯區福強街113號5樓之5,1100000,1050524
11938,24843699,省豐產業機械有限公司,臺中市潭子區仁愛路二段60號1樓,3000000,1050510
11939,24843749,唯創實業有限公司,臺中市大里區長榮里德芳南路306巷6號10樓,500000,1050527
11940,24843754,亞蕾特國際有限公司,臺中市南區工學里德富路426巷14號1樓,3000000,1050518
11941,24843760,羽田國際事業有限公司,臺中市豐原區田心里大明路23號3樓,500000,1050527
11942,24843868,丞銀精密股份有限公司,臺中市大安區西安里東西八路二段39-1號1樓,1000000,1050512
11943,24843889,寬億企業有限公司,臺中市大里區長榮里新生西路109號5樓,1000000,1050519
11944,24843939,長安聯合實業有限公司,臺中市太平區光華里長安路428號1樓,200000,1050504
11945,24845161,大欣城黃金珠寶有限公司,臺中市太平區宜昌里十甲路613號1樓,50000,1050527
11946,24845296,聖祐精密企業有限公司,臺中市烏日區中華路612巷35號1樓,1500000,1050523
11947,24845578,健琥國際有限公司,臺中市龍井區三德里14鄰中厝路107巷32弄21號2樓,5000000,1050513
11948,24845583,台灣妝點時尚有限公司,臺中市西屯區上明一街74號,100000,1050518
11949,24845697,溙安有限公司,臺中市南區福田路77巷10號1樓,1000000,1050526
11950,24845789,聲揚娛樂有限公司,臺中市北區忠太東路117之8號1樓,5000000,1050530
11951,24845824,永承婚禮有限公司,臺中市西屯區臺灣大道四段786巷46號2樓,1000000,1050530
11952,24845887,銘元工程行有限公司,臺中市大里區大里里爽文路122號1樓,800000,1050525
11953,24846056,承緯自動控制有限公司,臺中市大里區健民里鳯凰路164巷6號一樓,500000,1050508
11954,24846149,鍾氏產品研發有限公司,臺中市東勢區茂興里石城街200號1樓,300000,1050502
11955,24846274,上鎂興業有限公司,臺中市南屯區寶山里忠勇路105之20號10樓,500000,1050526
11956,24846324,無無一生事業有限公司,臺中市南屯區豐樂里文心南五路一段320號1樓,55555,1050506
11957,24846350,老沅豐生物科技有限公司,臺中市太平區育賢路97號1樓,1000000,1050517
11958,24846400,毅樺國際有限公司,臺中市大里區仁德里仁化路575號2樓,500000,1050525
11959,24846491,詠有有限公司,臺中市西區大忠里五權五街246巷15弄37號1樓,700000,1050506
11960,24846529,鼎壹國際有限公司,臺中市南屯區溝墘里大業路284號2樓,1000000,1050517
11961,24846540,泛新開發有限公司,臺中市西屯區何成里大墩十八街195號3樓之2,500000,1050517
11962,24846555,圓鼎金屬工程有限公司,臺中市潭子區潭陽里圓通南路278號8樓,200000,1050509
11963,24846669,群義食品有限公司,臺中市霧峰區本鄉里振興街105號1樓,500000,1050513
11964,24846680,恒義事業有限公司,臺中市南屯區文心里向心路109號11樓之10,500000,1050512
11965,24846719,時禾傢飾有限公司,臺中市西區健行路964巷32號1樓,3000000,1050526
11966,24846921,羣鷹企業有限公司,臺中市外埔區水美里水美路5號1樓,3000000,1050527
11967,24846963,維心機械有限公司,臺中市南區樹義里福田二街62號1樓,5000000,1050506
11968,24847029,三月食品有限公司,臺中市大甲區薰風里順天路8號1樓,100000,1050505
11969,24847246,太原汽車有限公司,臺中市大里區樹王里文心南路1301號,3000000,1050523
11970,24847436,永元勝工業有限公司,臺中市東區東信里振興路358巷40號1樓,1000000,1050506
11971,24847554,健廷有限公司,臺中市北區頂厝里崇德路一段629號19樓之2,1000000,1050528
11972,24847787,佳鎂綠能科技股份有限公司,臺中市潭子區福仁里合作街97號7樓之2,5000000,1050525
11973,24847793,金聖重機械有限公司,臺中市北屯區和祥七街166之5號1樓,300000,1050509
11974,24847843,大盛行銷國際貿易有限公司,臺中市霧峰區南柳里新厝路261巷10弄6-1號1樓,100000,1050513
11975,24847908,冠沛實業有限公司,臺中市北屯區大連路一段56之1號1樓,1000000,1050520
11976,24848049,龍馬國際貿易有限公司,臺中市大里區仁化里善化路177號1樓,2000000,1050513
11977,24848097,嘉科士股份有限公司,臺中市北屯區東山路一段207巷33號1樓,5000000,1050505
12013,24853056,立鑫金屬建材有限公司,臺中市西區大忠里大忠南街105號3樓,1000000,1050530
12030,24855857,瑞鉌科技有限公司,臺中市西區公民里五權三街46號3樓之2,1000000,1050505
12119,24866496,莅安有限公司,臺中市霧峰區四德北路37號1樓,6200000,1050525
12127,24867517,宥維生技股份有限公司,臺中市南區新和街165號1樓,3200000,1050530
12364,24897625,宥榛行銷有限公司,臺中市北區頂厝里崇德路一段629號7樓之1-2,300000,1050505
12389,24901141,全威科技能源有限公司,臺中市南區福順里忠明南路787號37樓,1000000,1050524
12687,24967425,北海道櫻花物產有限公司,臺中市西區美村路一段39-5號4樓,500000,1050511
12691,24968162,仕霖有限公司,臺中市豐原區南陽里保康路66巷26號7樓,1000000,1050506
12726,24975240,佳禾興有限公司,臺中市大雅區員林里神林路一段36巷6弄30號,1000000,1050505
12744,24989883,炬力奈米科技有限公司,臺中市北區華興街103號1樓,3000000,1050524
12746,25000055,森杰有限公司,臺中市大里區新里里愛心三街66號3樓,8250000,1050517
12752,25001603,嘉銓保全股份有限公司,臺中市西屯區何安里重慶路99號3樓之1,40000000,1050522
12756,25002292,久業生技有限公司,臺中市西屯區福恩里工業區一路98巷7弄40號,5000000,1050530
12758,25003124,億而豪實業有限公司,臺中市北屯區敦化路一段493號3樓之2,1000000,1050502
12774,25005137,中龍加油站股份有限公司,臺中市龍井區新庄里向上路六段650號,10000000,1050504
12778,25005734,瑞允百貨企業有限公司,臺中市沙鹿區六路里平等一街90號,5000000,1050513
12781,25006656,中聯五金有限公司,臺中市豐原區南村里水源路532號,5000000,1050509
12797,25009507,格有實業有限公司,臺中市西區昇平街21號,250000,1050529
12799,25009871,就醬子有限公司,臺中市西區昇平里忠明南路303號4樓之1,6000000,1050525
12801,25010173,全向貿易股份有限公司,臺中市霧峰區中投東路二段398號,8000000,1050512
12806,25010737,新柏投資有限公司,臺中市南屯區向上路三段33號4樓,29800000,1050527
12808,25011216,觀宇水電工程有限公司,臺中市大里區鳳凰路65號1樓,2000000,1050530
12810,25011497,順域工程有限公司,臺中市北屯區松和里昌平路二段2巷40號一樓,1000000,1050508
12811,25011721,遠崴保全股份有限公司,臺中市西區華美街190號1至4樓,40000000,1050516
12812,25012019,庫點子文創資訊產業有限公司,臺中市西屯區福中里中工二路120號1樓,5000000,1050509
12813,25012257,誠石資訊有限公司,臺中市北區金龍里梅亭街40號1樓,300000,1050501
12814,25012411,聿軒國際有限公司,臺中市大里區東興里東明路175巷28號1樓,250000,1050514
12815,25012881,達翊機械有限公司,臺中市大里區立德里立中六街42號2樓,20120000,1050519
12816,25012968,輝創意攝影有限公司,臺中市西區忠義街51巷7號5樓,1000000,1050512
12823,25014446,艾利達企業有限公司,臺中市北屯區安順四街38號1樓,1000000,1050525
12824,25014467,長堤室內裝修有限公司,臺中市潭子區潭陽里圓通南路94巷30號1樓,1000000,1050526
12825,25014868,本草家股份有限公司,臺中市清水區和睦路一段1000巷75弄25號,5000000,1050525
12831,25016388,威霆塑膠企業有限公司,臺中市大雅區西寶里昌平路四段282巷289號1樓,250000,1050523
12838,25018148,徉鑫工程企業有限公司,臺中市后里區后里里泉州路5-3號1樓,3000000,1050503
12853,25021468,新葳格國際旅行社有限公司,臺中市南屯區永定里南屯路二段870巷23號3樓,6000000,1050517
12855,25021713,安潔家事生活有限公司,臺中市北屯區崇德七路130號1樓,300000,1050514
12867,25024562,欣安利有限公司,臺中市北屯區水湳里大連路一段227號2樓,2000000,1050526
12874,25025817,旺弘不動產有限公司,臺中市豐原區三村里西勢路429號,1000000,1050501
12876,25026153,富陽能開發股份有限公司,臺中市大里區祥興里吉善二街47號,15000000,1050510
12881,25027033,五九一八有限公司,臺中市北區中清路一段609號,250000,1050531
12885,25028125,安信兒有限公司,臺中市太平區平安里太平路190號1樓,500000,1050519
12886,25028259,元偉勝企業有限公司,臺中市大里區健民里仁化路221巷15號,23400000,1050517
12890,25028455,晨龍網路遊戲科技有限公司,臺中市大雅區神林南路197巷36號1樓,2000000,1050511
12891,25028808,益多開發有限公司,臺中市西區和龍里篤信街43巷28號1樓,2000000,1050517
12893,25029193,力晶建設有限公司,臺中市沙鹿區埔子里正英二街58號,10000000,1050519
12896,25029530,茂盛水科技有限公司,臺中市神岡區大社里大洲路323號1樓,700000,1050523
12899,25029877,龍登國際企業有限公司,臺中市潭子區大通街22巷8號,7000000,1050517
12903,25030939,永瑞豐企業有限公司,臺中市豐原區豐田里豐原大道三段239巷41弄29號1樓,1000000,1050520
12904,25031022,朔志企業有限公司,臺中市南區城隍里忠孝路101號2樓,600000,1050526
12905,25031563,安順起重機械有限公司,臺中市北屯區北屯路435之14號,1000000,1050513
12911,25032134,浩為有限公司,臺中市北區自強街47巷17號1樓,1000000,1050525
12917,25033099,一國際創藝有限公司,臺中市南區長春里台中路80號1樓,2000000,1050505
12918,25033154,大展商業有限公司,臺中市神岡區豐洲里豐工路808號,10000000,1050507
12922,25033680,旭伸有限公司,臺中市西區民權路185號5樓之14,1000000,1050513
12927,25034745,富達醫療儀器有限公司,臺中市神岡區社口里社口街449號1樓,500000,1050510
12930,25035771,創意未來科技股份有限公司,臺中市北屯區舊社里北屯路426之3巷3號1樓,10000000,1050513
12934,25036194,定營科技有限公司,臺中市北屯區河北路二段81號2樓,2500000,1050510
12935,25036407,益生醫學股份有限公司,臺中市西區西屯路一段135-5號1樓,2190000,1050517
12940,25037258,安捷服務有限公司,臺中市東區東英里精武東路156號2樓,1000000,1050527
12944,25038051,原邦科技有限公司,臺中市龍井區新庄里學園路172號1樓,600000,1050513
12948,25039087,瑞奇冷凍空調工程有限公司,臺中市潭子區東寶里崇德路四段170巷51弄7號1樓,4000000,1050503
12949,25039312,佺美生物科技有限公司,臺中市西屯區福雅路188號7樓,5000000,1050502
12952,25039474,佳盟精模工業有限公司,臺中市神岡區岸裡里大豐路五段295巷88號,500000,1050517
12953,25039615,台新物流有限公司,臺中市大雅區大楓里前村路377巷37號,2000000,1050519
12958,25040599,東勢肉品有限公司,臺中市豐原區南村里圓環東路741號1樓,588888,1050513
12964,25041886,耕豐有限公司,臺中市豐原區合作街41號1樓,1000000,1050523
12965,25041942,飛馬鑽石企業有限公司,臺中市西屯區文心路二段201號20樓之5,5200000,1050518
12968,25042604,可立穩科技股份有限公司,臺中市烏日區前竹里仁義街42號,50000000,1050516
12975,25044119,希琳達生技企業有限公司,臺中市西區安龍里梅川西路1段67號2樓,3700000,1050509
12977,25044265,大新土地開發股份有限公司,臺中市南屯區永春路32之6號1樓,1500000,1050528
12978,25044461,和昕精密科技有限公司,臺中市神岡區三和路131巷26號1樓,12000000,1050519
12979,25044531,鑫樂國際織品有限公司,臺中市北屯區同榮里環中路一段1432號1樓,1000000,1050514
12980,25044547,彣健有限公司,臺中市神岡區社南里昌平路五段321號,1000000,1050525
12984,25045026,鮪勝水產有限公司,臺中市西屯區逢福里福上巷251弄54號10樓之2 ,6500000,1050509
12986,25045308,大都會開發房屋仲介有限公司,臺中市北屯區山西北一街82號1樓,5000000,1050518
12987,25045736,峻廷工業有限公司,臺中市太平區太平里合利街1段6號1樓,1000000,1050519
12993,25046313,淨觀國際事業有限公司,臺中市南屯區豐樂里永春東路800號,10000000,1050524
12994,25046355,羽生有限公司,臺中市太平區新吉里新平路三段206巷17號1樓,1000000,1050504
13004,25048017,盈亮工業有限公司,臺中市太平區永平路三段92巷36號,10000000,1050524
13006,25048207,泓春景觀設計有限公司,臺中市南區樹義里福田二街413號,1000000,1050504
13011,25048570,富強金網有限公司,臺中市西屯區永安里西屯路三段164之17號9樓,5000000,1050509
13017,25050272,柏克來科技有限公司,臺中市西屯區四川路87巷50之1號10樓之2,3000000,1050513
13021,25051477,興謹有限公司,臺中市梧棲區興農里中央路一段372號,2500000,1050523
13026,25052258,能健生技有限公司,臺中市北區賴興里文昌一街100號2樓,300000,1050528
13028,25052671,豐鐿企業有限公司,臺中市太平區永平路三段132巷55弄11號2樓,8000000,1050527
13032,25053307,蒲耘廣告有限公司,臺中市西屯區港尾里中清路二段1386巷21弄11號1樓,500000,1050510
13042,25054489,大元帝國國際開發貿易有限公司,臺中市大里區永隆里爽文路1008號1樓,1000000,1050518
13043,25054571,綠昇貿易行銷有限公司,臺中市沙鹿區中山路141巷9號1樓,5000000,1050519
13044,25054707,康諾國際股份有限公司,臺中市豐原區翁子里豐勢路2段58號1樓,500000,1050517
13045,25054805,良聚建設實業股份有限公司,臺中市潭子區潭陽里潭陽路1號1樓,20000000,1050526
13047,25054880,加貝資訊有限公司,臺中市南屯區春社里忠勇路52之77號8樓,300000,1050517
13055,25055950,毅德機械股份有限公司,臺中市神岡區神洲里豐洲路960巷48號,40000000,1050511
13056,25056199,富律企業有限公司,臺中市大安區中庄里中松路52號,1000000,1050525
13057,25056304,嶸霖有限公司,臺中市大肚區大肚里華昌街10號1樓,5000000,1050516
13059,25056521,歐捷國際興業有限公司,臺中市大里區西湖里草湖路131巷9弄29號2樓,9200000,1050523
13060,25056753,禾太國際投資有限公司,臺中市西屯區何南里東興路3段381號7樓之3,29000000,1050526
13063,25057275,大田興精密實業有限公司,臺中市大里區草湖路497之12號,1000000,1050525
13064,25057346,世勱營造有限公司,臺中市西屯區西墩里黎明路三段268號1樓,3000000,1050520
13066,25057578,宇丰事業有限公司,臺中市南屯區大墩四街321號地下一層,3000000,1050525
13067,25057599,華洋聯通有限公司,臺中市南屯區文心路一段186號5樓之12,3000000,1050519
13072,25058268,微展光電有限公司,臺中市沙鹿區六路里平等一街10巷13號,500000,1050505
13073,25058318,育晟環保科技有限公司,臺中市神岡區豐洲里豐洲路15巷1之1號1樓,1000000,1050520
13078,25059061,宸翔汽車有限公司,臺中市南屯區新生里環中路四段245號,200000,1050528
13079,25059077,上陞磊營造有限公司,臺中市清水區南社里中正北街97巷1號,10000000,1050521
13080,25059702,志庫塑膠有限公司,臺中市梧棲區興農里中央路一段337號,3000000,1050505
13082,25060320,玖嶧企業有限公司,臺中市大雅區上楓里5鄰民生路四段333巷105號1樓,3000000,1050504
13089,25061643,鋒揚實業股份有限公司,臺中市西屯區惠來里櫻城三街29號,22400000,1050517
13090,25061783,勤米國際有限公司,臺中市梧棲區永安里永興路一段545巷210號1樓,5000000,1050518
13094,25062045,兆昆企業有限公司,臺中市龍井區龍東里舊車路89-4號1樓,250000,1050506
13095,25062360,建雲國際電子有限公司,臺中市南屯區五權西路二段666號9樓之2,250000,1050517
13096,25062381,騏勝實業有限公司,臺中市梧棲區大村里文雅街161號1樓,400000,1050505
13103,25063500,樺岑室內裝修有限公司,臺中市南屯區文山里忠勇路52之225號1樓,250000,1050512
13107,25063874,昱詮國際有限公司,臺中市西屯區惠來里西屯路二段惠北巷6弄6號,1000000,1050523
13109,25064374,旭龍生醫電子股份有限公司,臺中市西屯區惠來路三段326號1樓,3650000,1050526
13110,25064418,禮愫有限公司,臺中市北區英才路102巷27號1樓,300000,1050510
13112,25065232,造允股份有限公司,臺中市南屯區寶山五街48號1樓,2000000,1050503
13114,25066149,緁容國際有限公司,臺中市西區公益里向上北路284巷7號1樓,1000000,1050512
13127,25067689,宗勁企業有限公司,臺中市龍井區新庄里新庄街2段120巷17弄11號,500000,1050509
13132,25068370,元亨行銷企劃有限公司,臺中市西區安龍里民生路142-1號8樓,1200000,1050509
13134,25068884,台凰工程有限公司,臺中市霧峰區坑口里復興四街18號1樓,300000,1050509
13137,25069265,廣源鑫機電工程有限公司,臺中市南屯區田心里大墩六街297號1樓,3000000,1050517
13142,25069743,君怡有限公司,臺中市烏日區北里里太明路成豐巷166弄87號1樓,1000000,1050510
13148,25070930,一鑫辦公家具設備有限公司,臺中市西區安龍里忠勤街339號,300000,1050524
13151,25071184,永惠建材實業有限公司,臺中市西屯區福聯里福聯街26號9樓之3,1000000,1050519
13154,25072070,寶璽實業有限公司,臺中市西區中興里美村路一段236巷22號2樓,15000000,1050510
13155,25072141,曜榮工程有限公司,臺中市神岡區大富路35巷1弄12號1樓,1000000,1050530
13161,25073140,金品精機廠有限公司,臺中市龍井區忠和里台西南路254號,500000,1050514
13163,25073492,京庚健康世界股份有限公司,臺中市潭子區潭富路二段160巷1號,54500000,1050525
13168,25074268,威德佳企業有限公司,臺中市北屯區松山街195號1樓,15000000,1050504
13173,25075301,有隆工業有限公司,臺中市南屯區豐樂里萬安街24號1樓,1000000,1050519
13177,25075652,峰晟工程有限公司,臺中市北屯區文昌東七街56巷26號7樓之1,3000000,1050502
13181,25076152,麒碩科技有限公司,臺中市太平區富宜路224號1樓,3000000,1050507
13183,25076532,友達通訊有限公司,臺中市龍井區東海里國際街142號1樓,1000000,1050510
13192,25078665,安心居不動產經紀有限公司,臺中市西屯區青海路二段203號1、2樓,1000000,1050525
13194,25078932,祥恩科技有限公司,臺中市西屯區福順路639號,1000000,1050504
13195,25079290,星錡國際旅行社有限公司,臺中市西屯區何南里大墩二十街118號6樓之2,10000000,1050506
13203,25080326,省誠車業有限公司,臺中市西屯區港尾里中清路三段501號,1200000,1050519
13205,25080466,鵬程開發有限公司,臺中市西區忠誠里華美西街一段186號1樓,25000000,1050516
13212,25081991,泰亨玩具有限公司,臺中市西屯區至善路174巷9弄9號1樓,1000000,1050518
13214,25082400,辛揚水電工程有限公司,臺中市烏日區烏日里大同路55號1樓,3000000,1050505
13216,25082823,宅便修科技有限公司,臺中市西屯區福聯里福瑞街66巷1號1樓,1000000,1050510
13217,25082859,傳宗食品有限公司,臺中市大雅區大楓里民富街109號,25000000,1050512
13226,25083689,東昱開發有限公司,臺中市南區福平里美村路二段50號6樓之2,1500000,1050524
13229,25084688,名翔工業有限公司,臺中市烏日區光明路157巷36弄17號1樓,800000,1050524
13230,25084863,景澤生物科技股份有限公司,臺中市西屯區潮洋里市政北二路238號10樓之2、之3,60000000,1050520
13231,25084955,和果野松有限公司,臺中市豐原區三村里11鄰互助街8號1樓,1000000,1050516
13232,25084998,凱銓投資股份有限公司,臺中市東區東門里振興路180號,29800000,1050517
13237,25085960,神越有限公司,臺中市南區五權南路169號14樓之2,300000,1050503
13238,25086139,佳綠能實業有限公司,臺中市豐原區愛國街323之1號,1000000,1050520
13252,25089261,世翰科技有限公司,臺中市北屯區崇德二路二段98號1樓,500000,1050516
13254,25089754,金裕宬實業有限公司,臺中市大雅區二和里雅環路1段299巷3號1樓,500000,1050509
13255,25090008,台灣百岳科技有限公司,臺中市南屯區豐樂里豐安街156-2號1樓,3000000,1050528
13258,25090422,奕銓機電科技有限公司,臺中市東區東信里旱溪東路一段336巷7號1樓,5000000,1050511
13259,25090632,曆陽工程有限公司,臺中市南屯區三厝里黎明東街163號七樓之5,300000,1050526
13264,25091421,住寅建設有限公司,臺中市西區土庫里忠明南路411號1樓,25000000,1050518
13266,25092012,京動投資有限公司,臺中市北屯區平福里大連路二段200號1樓,6000000,1050515
13267,25092028,旗揚投資有限公司,臺中市南屯區田心里大墩六街350巷6號2樓之3 ,18100000,1050517
13269,25092131,永阜投資有限公司,臺中市沙鹿區光華路338號1樓,10000000,1050508
13272,25093504,恆雄工業有限公司,臺中市潭子區聚興里豐興路一段272之1號,2000000,1050504
13274,25094237,宇邡科技有限公司,臺中市北區樂英里精武路234號,1000000,1050517
13283,25096559,阿力馬有限公司,臺中市大甲區武曲里新政路340號1樓,500000,1050505
13285,25096679,安泰兒有限公司,臺中市神岡區神岡里中山路1458號1樓,360000,1050514
13288,25097163,優佳寶有限公司,臺中市大里區東明路175巷32之4號,250000,1050525
13292,25098374,關聖有限公司,臺中市南屯區黎明路1段1052-2號1樓,500000,1050527
13299,25099964,高航旅行社有限公司,臺中市南區南和里工學五街130之13號2樓,7000000,1050510
13371,25116788,宸和景觀設計有限公司,臺中市南屯區永春南路56巷8號2樓,3000000,1050523
13437,25134239,紅双囍廣告有限公司,臺中市太平區中山路2段541巷27號,200000,1050517
13439,25134358,蓋婭國際有限公司,臺中市西屯區大安街18號8樓之2,200000,1050506
13505,25149872,金美事業有限公司,臺中市北區青島西街67號1樓,500000,1050519
13506,25150011,宇陽印刷事業有限公司,臺中市南區樹義五巷137弄57號6樓,500000,1050526
13507,25150119,新戰企業有限公司,臺中市潭子區栗林里中山路3段480號1樓,500000,1050511
13515,25151270,俗俗賣企業有限公司,臺中市潭子區甘蔗里雅潭路一段65號,5000000,1050517
13525,25152361,天碩電網科技股份有限公司,臺中市南區忠明南路789號41樓,12500000,1050520
13526,25152411,奕百鑫有限公司,臺中市豐原區南陽里南陽路59巷23-11號,100000,1050526
13529,25152658,桓煒工業有限公司,臺中市潭子區東寶里民族路一段21-8號,1000000,1050519
13530,25152806,新美食材家有限公司,臺中市大里區仁化路575號1樓,5000000,1050530
13532,25152881,比爾士行銷有限公司,臺中市南屯區永定里黎明路2段71巷3號1樓,300000,1050503
13533,25152947,華相建設股份有限公司,臺中市西區英才路501號3樓,100000000,1050502
13535,25153354,豐繽生技開發有限公司,臺中市太平區中興里永義路71號1樓,100000,1050512
13538,25153967,果核國際設計有限公司,臺中市西區中興里向上北路105巷6號1樓,100000,1050530
13539,25154163,勁盈實業有限公司,臺中市神岡區社南里社南街5巷62號,3000000,1050520
13540,25154403,元菘有限公司,臺中市南區工學里德富路386號10樓之2,3000000,1050517
13544,25154585,采綸溫室國際有限公司,臺中市后里區太平里太平路9號,500000,1050517
13547,25155515,美光光電有限公司,臺中市豐原區南田里南田街113巷20弄35之5號1樓,2000000,1050519
13549,25155986,薇美國際生物科技有限公司,臺中市大里區永興路270巷2號1樓,1000000,1050507
13554,25156866,喬珞有限公司,臺中市大安區東西三路380號1樓,1000000,1050507
13557,25157318,揚鴻傢飾有限公司,臺中市北區長青里武昌路192號1樓,500000,1050511
13558,25157464,揚晟貿易有限公司,臺中市西屯區潮洋里朝富路213號5樓之3,500000,1050525
13560,25157823,惠秉瑩有限公司,臺中市龍井區龍門路80巷17號1樓,2000000,1050512
13564,25158442,立誠管理顧問有限公司,臺中市豐原區豐田里豐南街240巷139弄55號1樓,1000000,1050519
13566,25158978,岳彥企業有限公司,臺中市北屯區松竹三路108號1樓,200000,1050530
13568,25159250,緯綸生化有限公司,臺中市南區福順里南陽街93號5樓之1,670000,1050503
13575,25160377,威菁國際有限公司,臺中市梧棲區三條圳一街83號1樓,1800000,1050517
13578,25161191,銘豐興業有限公司,臺中市豐原區翁子里豐勢路2段245巷5號,1000000,1050502
13583,25162109,合緣工藝有限公司,臺中市東區東英里十甲東路550號1樓,300000,1050524
13585,25162353,捷聯精密有限公司,臺中市烏日區南里里溪南路三段108號1樓,100000,1050505
13591,25163070,嘉豐裝潢有限公司,臺中市北屯區仁美里崇德路三段908-2號,6000000,1050506
13592,25163120,溢登有限公司,臺中市南屯區大墩路463號14樓之8,400000,1050510
13597,25163944,錦琪實業有限公司,臺中市神岡區北庄里北庄路8-1號1樓,500000,1050502
13598,25163965,碁業整合創意策略有限公司,臺中市西區臺灣大道二段573號7樓,10000000,1050518
13599,25164275,天上人間視聽歌唱有限公司,臺中市北區中清路一段53號9樓之1,200000,1050522
13600,25164388,生旺不銹鋼有限公司,臺中市神岡區三角里三社路282號,2000000,1050530
13604,25164937,金順億建設有限公司,臺中市霧峰區本堂里林森路608號1樓,25000000,1050523
13612,25165936,元升國際有限公司,臺中市南屯區溝墘里大墩十七街103號1樓,50000,1050509
13619,25166457,宥泰投資有限公司,臺中市大雅區橫山里中科路1088號,123600000,1050510
13624,25167511,放映線廣告有限公司,臺中市北區賴厝里梅川西路三段65號9樓,300000,1050523
13626,25167667,臺麟工程有限公司,臺中市北屯區平田里瀋陽路3段227號1樓,5000000,1050502
13630,25168173,福保精密工業有限公司,臺中市神岡區溪洲里神洲路789巷33-1號,1000000,1050523
13632,25168201,鈞翊精技有限公司,臺中市神岡區三角村崇德路38號,4000000,1050525
13633,25168244,奕丞科技股份有限公司,臺中市豐原區南村里水源路473巷16號,15000000,1050503
13636,25169004,達詠興業有限公司,臺中市大里區仁美路137巷20號1樓,5000000,1050528
13643,25170121,東和漢工程有限公司,臺中市大雅區中清路三段999號12樓之3,300000,1050512
13646,25170678,翔凌科技電信有限公司,臺中市南區美村南路187號2樓,10000000,1050518
13649,25170945,寶彩有限公司,臺中市西屯區何安里四川路36號1樓,500000,1050524
13655,25172492,臻順企業有限公司,臺中市東區東興里建興街14號1樓,1000000,1050524
13657,25172697,普義淨化科技有限公司,臺中市東區十甲東路706號1樓,2000000,1050514
13658,25172789,信揚瓦斯有限公司,臺中市清水區西社里鎮新南路158號1樓,300000,1050527
13660,25172970,維格仕有限公司,臺中市南屯區黎明東街502號1樓,1000000,1050513
13661,25172991,寶菘化工有限公司,臺中市梧棲區南簡里港埠路二段328巷9號1樓,1000000,1050505
13663,25173035,正琥有限公司,臺中市大里區新仁里新仁路1段105巷5號1樓,500000,1050528
13665,25173909,宇駿鈑金有限公司,臺中市北屯區建功巷28之2之1號1樓,500000,1050504
13666,25173936,格子數位科技有限公司,臺中市南屯區大同里大墩七街5號2樓,500000,1050525
13668,25174196,傳斯美德有限公司,臺中市南屯區三義里河南路4段376號2樓,1200000,1050502
13669,25174246,証隆實業有限公司,臺中市太平區建國里鵬儀路296巷6弄59號2樓,1000000,1050529
13673,25174549,和豪國際有限公司,臺中市南屯區大墩十一街541號1樓,3000000,1050531
13675,25174787,龍進有限公司,臺中市新社區新社里中和街四段380巷1號1樓,11000000,1050513
13676,25174870,弘展傳播有限公司,臺中市南區新榮里復興路3段205號1樓,200000,1050519
13677,25174962,永強生技有限公司,臺中市北屯區平和里安順二街12號,1000000,1050503
13680,25175420,愛家光電有限公司,臺中市沙鹿區晉江里臺灣大道7段138號,3900000,1050512
13686,25176032,一零二文具有限公司,臺中市北區中清路一段387、389、391號,5000000,1050526
13688,25176259,久郡地產投資有限公司,臺中市大里區內新街頂庄巷13號1樓,2000000,1050506
13692,25176461,佳客來五金股份有限公司,臺中市大里區永隆里國光路二段541號,5000000,1050511
13693,25176477,展望管理顧問有限公司,臺中市大里區國光路二段702之6號,1000000,1050520
13695,25176645,新凱工程有限公司,臺中市北屯區漢口路二段21之1號1樓,5000000,1050510
13696,25176770,杏鴻生物科技有限公司,臺中市北屯區仁和里山西北二街128號1樓,500000,1050526
13697,25176928,勝驊興業有限公司,臺中市西區忠明路107號1樓,1000000,1050503
13700,25177166,尚和國際行銷有限公司,臺中市大里區立仁里好來七街33號1樓,1000000,1050519
13701,25177216,凱沛企業有限公司,臺中市龍井區忠和里台西南路220巷2號,300000,1050514
13706,25178003,東玖紙業有限公司,臺中市大肚區福利路118巷4號,4100000,1050520
13712,25179002,海麥斯科技有限公司,臺中市西屯區工業區一路2巷3號7樓之4,6000000,1050519
13713,25179143,嘉風興業有限公司,臺中市霧峰區甲寅里中正路1221巷20號,1500000,1050520
13715,25179404,玉鈞機械有限公司,臺中市北屯區松竹路二段362-20號1樓,1000000,1050502
13716,25179636,卡斯伯有限公司,臺中市北區賴福里11鄰梅川西路3段106巷5號1樓,1000000,1050504
13717,25179729,科西嘉汽車有限公司,臺中市南屯區大墩南路228號1樓,1000000,1050506
13718,25179761,溥誠實業有限公司,臺中市東區立德街106號1樓,2000000,1050502
13719,25179880,茂登生化科技有限公司,臺中市烏日區榮泉里健行路296號1樓,7000000,1050527
13723,25180401,高夆汽車有限公司,臺中市后里區眉山里1鄰店後莊24號,500000,1050519
13729,25180866,光慧美企業有限公司,臺中市南區福平里光輝街132號1樓,300000,1050524
13730,25181078,天登義有限公司,臺中市北屯區新平里中平路752號,5000000,1050506
13731,25181099,旭勝國際企業有限公司,臺中市西區忠明里博館路117號底一層,5000000,1050504
13732,25181176,日進國際有限公司,臺中市大雅區員林里神林路一段123巷19弄20號1樓,3000000,1050510
13734,25181372,建富包裝實業有限公司,臺中市西區後龍里民權路229巷21號2樓之3,300000,1050524
13735,25181470,廣欣製刀有限公司,臺中市西區吉龍里五權五街151號4樓之7,1000000,1050523
13741,25182479,錄威有限公司,臺中市大甲區頂店里錦上街125巷21弄12號1樓,500000,1050523
13747,25183370,尚昇彩繪有限公司,臺中市大雅區西寶里中正路花眉巷11號,1500000,1050512
13749,25184005,富勝五金有限公司,臺中市清水區西寧里五權東路48巷2弄8號2樓,500000,1050516
13750,25184096,全球聯網電子商務股份有限公司,臺中市西區五廊街114號1樓,3000000,1050509
13752,25184363,椏薇化粧品有限公司,臺中市南區南和里工學路126巷38號2樓,200000,1050514
13753,25184455,伯彥貿易有限公司,臺中市霧峰區本堂里中正路687號,500000,1050529
13754,25184933,玻西亞珠寶有限公司,臺中市北區金龍里北屯路21號,5000000,1050509
13757,25185166,亮心精密有限公司,臺中市潭子區福仁里中山路2段71之16號,9000000,1050505
13761,25185877,煌易醫療儀器有限公司,臺中市大雅區橫山里永和路5-5號1樓,300000,1050504
13767,25187024,巧輔通運有限公司,臺中市清水區槺榔里臨海路165號1樓,1460000,1050530
13768,25187164,丞泰工安股份有限公司,臺中市西屯區福雅路185號1樓,2000000,1050527
13769,25187679,穎茂不動產經紀有限公司,臺中市東區東英里十甲路373號1樓,1880000,1050511
13771,25187853,彩色寧菠國際有限公司,臺中市北屯區天津路四段275號9樓,8000000,1050517
13774,25188059,大佶開發有限公司,臺中市梧棲區草湳里自強一街90巷29號,300000,1050517
13785,25188950,將作投資股份有限公司,臺中市北區淡溝里臺灣大道二段360號22樓之1,29500000,1050518
13787,25190371,俊華建設股份有限公司,臺中市北區明德里太原南二街36號1樓,25300000,1050503
13792,25191272,台創機械有限公司,臺中市豐原區朴子街506號,1000000,1050501
13793,25191358,宮廷行銷有限公司,臺中市南區樹德里東興路一段89號7樓,1080000,1050505
13794,25191370,銜鈺電腦有限公司,臺中市南屯區文山里文山九街108號1樓,1000000,1050509
13796,25191884,旭成冷氣風管工程有限公司,臺中市南區福平里美村路2段109巷16號1樓,1000000,1050525
13798,25192053,崴盛科技有限公司,臺中市大里區東興里益民路二段261巷39號1樓,1000000,1050518
13799,25192069,京艷網路科技股份有限公司,臺中市大里區六桂路64號,2000000,1050516
13802,25192498,欣宣股份有限公司,臺中市北區建成里東成二街65號1樓,2000000,1050520
13807,25193010,百創貿易有限公司,臺中市大雅區上楓里民生路四段218巷12弄5號1樓,1080000,1050530
13810,25193497,高工實業有限公司,臺中市南區崇倫里崇倫街71巷10號1樓,500000,1050519
13812,25193932,日光節能科技有限公司,臺中市北屯區忠平里陳平一街76巷2號,5000000,1050506
13813,25194046,楓茂工程有限公司,臺中市南屯區永定里文昌街227巷50號1樓,2000000,1050525
13817,25194664,兆羿工程有限公司,臺中市大肚區營埔里營埔一街121號,1000000,1050519
13818,25194685,養生堂德寶生技有限公司,臺中市東區旱溪里旱溪二街15號1樓,1000000,1050526
13820,25195066,尚詮國際有限公司,臺中市沙鹿區公明里中清路2號之20（一樓）,500000,1050518
13821,25195495,新盛商業有限公司,臺中市西區模範市場2巷50號,2200000,1050525
13823,25195734,博視有限公司,臺中市西屯區林厝里福雅路656-2號1樓,500000,1050514
13824,25195777,玖豐預拌混凝土有限公司,臺中市大甲區文武里雁門路230號1樓,6000000,1050530
13826,25196038,茗苙有限公司,臺中市潭子區頭家東里中山路一段406號1樓,20000000,1050506
13827,25196184,亞可辛科技有限公司,臺中市神岡區社南里社南街5巷31號,5000000,1050509
13828,25196473,紘福不銹鋼工業有限公司,臺中市大甲區日南里19鄰工二路1之2號,22000000,1050510
13833,25196706,勁太企業有限公司,臺中市大雅區上楓里樹德街192巷50號1樓,1000000,1050518
13834,25196902,興曜丞有限公司,臺中市神岡區豐洲里豐洲路468號,500000,1050511
13835,25196972,橘町投資股份有限公司,臺中市西屯區上明三街20號10樓之2,40000000,1050513
13842,25198113,金順展業有限公司,臺中市神岡區光復路146巷20之1號1樓,10000000,1050521
13845,25198541,陞龍機械有限公司,臺中市大肚區社腳里沙田路一段673號,1000000,1050514
13847,25198802,品法有限公司,臺中市神岡區社南里中山路667巷87號1樓,500000,1050518
13850,25199485,敏力升企業有限公司,臺中市霧峰區豐正路386巷20號1樓,3000000,1050521
13851,25199823,强勝泵浦科技有限公司,臺中市南區德鑫街36號1樓,2600000,1050517
13856,27127760,王矣營造股份有限公司,臺中市西屯區台灣大道四段600號6樓之1,77000000,1050504
13882,27257138,香港商龐巴迪動力產品亞洲有限公司,臺中市西區公益路367號6樓之2,0,1050513
13887,27260345,上允科技工程有限公司,臺中市大里區樹王里福德路55巷12號1樓,500000,1050518
13891,27261127,朝堃有限公司,臺中市大里區仁愛路160巷20號1樓,5000000,1050529
13892,27261323,伸宜興生技有限公司,臺中市南屯區大業里大墩十四街188號8樓,3000000,1050510
13894,27261604,基捷有限公司,臺中市西屯區福雅路678巷12之1號,500000,1050506
13898,27263244,連華實業有限公司,臺中市北屯區敦化路一段406巷7弄10號1樓,1000000,1050517
13900,27263883,喬陽消防工程有限公司,臺中市西屯區上石里青海路二段284之2號3樓之1,2000000,1050516
13901,27264095,高榮工業有限公司,臺中市神岡區神洲里大明路223之6號,500000,1050505
13906,27265637,偉維企業管理顧問有限公司,臺中市西區英才路四九九號四樓　,1000000,1050512
13912,27266973,富陽科技有限公司,臺中市西屯區洛陽街125巷5號1樓,1000000,1050509
13915,27267403,富鍀準科技有限公司,臺中市大里區頂厝路30號,500000,1050516
13917,27267635,龍族國際有限公司,臺中市北屯區水湳里中清路二段130號2樓,1000000,1050510
13919,27268141,欣泰全有限公司,臺中市南屯區豐樂里文心南五路一段201號2樓之3,2000000,1050518
13921,27268310,勁揚實業有限公司,臺中市神岡區神洲里神洲路381號,5000000,1050515
13922,27268472,鈦伊有限公司,臺中市豐原區田心路二段二四七巷六號一樓,1000000,1050524
13925,27268753,創思國際開發有限公司,臺中市北區新興里三民路三段九二之三號地下一層,1000000,1050523
13931,27269970,龍龍國際貿易有限公司,臺中市南屯區豐樂里文心南五路一段350巷42號,1000000,1050525
13933,27270765,精宏空油壓有限公司,臺中市南屯區新生里新德街172號1樓,3000000,1050512
13935,27271461,鹽之華有限公司,臺中市西區五權西四街114號1樓,500000,1050519
13936,27271510,合興事業有限公司,臺中市清水區南社里鰲峰路161巷60號之11一樓,2500000,1050530
13938,27272285,遠東搬運起重有限公司,臺中市大雅區六寶里中清路五段97巷2弄10號1樓,500000,1050524
13944,27273377,佑沂企業有限公司,臺中市北區立人里華美街2段262號8樓之2,6000000,1050520
13946,27273735,環德光電股份有限公司,臺中市潭子區圓通南路258號4樓,10000000,1050503
13947,27273854,侑勁企業有限公司,臺中市大里區翠堤路24號2樓,1000000,1050524
13950,27275570,馥琳生化科技有限公司,臺中市西區公益路九一號二樓,1000000,1050513
13956,27277818,怡賀科技有限公司,臺中市北屯區東光路852巷18號1樓,5000000,1050523
13960,27278725,大瑀營造股份有限公司,臺中市南屯區惠中里文心路一段292號1樓,3000000,1050528
13965,27279323,米提爾食品有限公司,臺中市北屯區大連路二段26號1樓,4000000,1050524
13969,27279837,久毅金屬有限公司,臺中市北屯區松勇里松竹北路81號,1000000,1050522
13977,27280807,恆鋒工業有限公司,臺中市東區振興路二八四巷九號一樓,1400000,1050505
13979,27281051,定倫股份有限公司,臺中市大里區內新里新和街14號1樓,1000000,1050512
13980,27281236,地球村興業股份有限公司,臺中市南區忠明南路760號33樓,250000000,1050512
13982,27281279,德加美國際有限公司,臺中市南區三民西路262號1樓,500000,1050514
13983,27281708,盈邑有限公司,臺中市清水區橋頭里五權路46巷22號1樓,5000000,1050529
13985,27282729,麗得資訊顧問有限公司,臺中市西屯區西屯路二段256巷6號10樓之8,1000000,1050518
13990,27283781,鴻圖國際事業有限公司,臺中市西區民權路239號18樓,10800000,1050524
13994,27284711,樂群通國際有限公司,臺中市西區平和里樂群街88號1樓,2000000,1050527
13998,27286653,元鼎生物科技有限公司,臺中市新社區華豐街三村巷50號1樓,1000000,1050519
14009,27289069,蜜媞國際有限公司,臺中市南區西川里三民西路二七八號一樓,1000000,1050521
14010,27289130,有傑壓克力有限公司,臺中市北屯區建軍二街56號一樓,1000000,1050514
14017,27291966,中華富邦資產管理股份有限公司,臺中市北區中清路一段79號5樓,1000000,1050502
14020,27292493,中鼎資訊科技有限公司,臺中市南屯區黎明東街４４３號１樓,4800000,1050517
14022,27292607,東億環保實業有限公司,臺中市龍井區龍津里蚵寮路255巷52號,25000000,1050502
14029,27294703,吉利桂有限公司,臺中市西屯區西墩里西屯路三段53巷21之6號1樓,1000000,1050525
14030,27294817,拓亞塑膠股份有限公司,臺中市霧峰區萬豐里中正路228巷27號1樓　,5000000,1050510
14034,27295908,艾克斯達科技有限公司,臺中市北屯區水景里景賢路二五七號一樓,2000000,1050506
14041,27297407,源德開發有限公司,臺中市北屯區安順東七街20號1樓,1000000,1050512
14050,27299756,創益有限公司,臺中市龍井區新庄里學園路59巷1弄22號,5000000,1050519
14063,27304012,均佑有限公司,臺中市梧棲區文化里雲集街三九號一樓,1000000,1050517
14066,27304527,一磊有限公司,臺中市西區民龍里模範街31巷9-2號1樓,5000000,1050525
14069,27305167,佶立人力仲介有限公司,臺中市北區民權路559號10樓之1,5000000,1050512
14070,27305217,啟安財產保險代理人有限公司,臺中市南屯區大同里大墩7街39號1樓,3000000,1050509
14071,27305286,永將不動產有限公司,臺中市豐原區南陽里永康路263號1樓,1000000,1050516
14072,27305862,弘寓不動產仲介經紀有限公司,臺中市大甲區庄美里興安路四○號,500000,1050526
14073,27306102,飛龍消防工程有限公司,臺中市北屯區平和里9鄰梅川西路四段286號16樓,1000000,1050523
14078,27306525,連宏工業有限公司,臺中市太平區建興里鵬儀路342巷5號1樓,2000000,1050518
14086,27308734,長紘精密工業股份有限公司,臺中市大里區大元里國中一路46巷16號1樓,5000000,1050513
14090,27309826,安泰鐵工廠有限公司,臺中市豐原區北陽里南陽路綠山巷三七號,1000000,1050511
14237,27370244,永欣機械工業有限公司,臺中市太平區太平里永豐路291巷8號,2000000,1050504
14238,27370666,荃盛益鋼模有限公司,臺中市東區東門里東光園路一○○巷六弄一一五號一樓,600000,1050504
14239,27370883,立桀機械股份有限公司,臺中市大里區工業十路22號,10000000,1050503
14242,27371320,瓏諨國際有限公司,臺中市西區忠誠里忠義街38巷1弄11號1樓,1000000,1050526
14247,27372952,國瑋工業有限公司,臺中市梧棲區草湳里梧南路1之10號,10000000,1050525
14260,27376303,陸旺畜產實業有限公司,臺中市北區天津路一段134號2樓之2,12000000,1050514
14265,27377865,宏銳實業有限公司,臺中市北區太原路一段456之4號1樓,500000,1050530
14269,27378724,明潁有限公司,臺中市大里區中興路二段69-11號,500000,1050505
14271,27379054,庚竣有限公司,臺中市大里區金城里塗城路763巷69、71號,3900000,1050517
14272,27379126,勗中企業有限公司,臺中市北屯區仁和里四平路３８７巷３３號１樓,2000000,1050504
14273,27379717,雅捷國際有限公司,臺中市大里區中興路一段361號1樓,500000,1050518
14278,27381621,久銳股份有限公司,臺中市神岡區北庄路25-1號1樓,13000000,1050526
14279,27382229,世埼股份有限公司,臺中市后里區墩東里文明路58號,2740000,1050530
14281,27382924,原鉅實業有限公司,臺中市神岡區豐洲里豐洲路163巷15號1樓,1000000,1050514
14282,27383445,禾勤房屋仲介有限公司,臺中市南屯區文心路一段三七八號十四樓之八,1000000,1050526
14291,27385268,禾逸電子有限公司,臺中市大里區大元里中興路二段光榮巷23號1樓,5000000,1050510
14292,27385534,鈺祥工業有限公司,臺中市豐原區豐榮里信義街一五七巷二○號,500000,1050524
14299,27387792,東林機電有限公司,臺中市南屯區文山里保安六街一三○號,5000000,1050509
14302,27388244,新中科事業股份有限公司,臺中市北屯區平福里旅順路2段1、5號地下一層,1200000,1050528
14305,27388687,傑利科技有限公司,臺中市南屯區文山里保安二街150號1樓,1000000,1050524
14307,27389790,正祺食品企業有限公司,臺中市南區文心南路901巷5號9樓之2,1000000,1050513
14311,27390403,冠翔事業有限公司,臺中市神岡區庄前里神林路70巷38之1號1樓,5000000,1050514
14312,27390419,新凱銘版網印有限公司,臺中市西屯區河南路2段87號1、2樓,6000000,1050517
14317,27391917,智圖數位科技有限公司,臺中市西屯區福恩里工業區一路2巷3號10樓之1,3000000,1050511
14324,27393366,富泉純水有限公司,臺中市大里區西榮里西榮路83號1樓,5000000,1050514
14325,27393458,巨筠有限公司,臺中市北區長青里陜西八街24號5樓之4,500000,1050516
14328,27394288,元佑土木包工業有限公司,臺中市南區國光里台中路392號1樓,800000,1050526
14332,27395189,進利雷射有限公司,臺中市南屯區永定里黎明路二段21巷42號1樓,1000000,1050510
14334,27395738,樹寶實業有限公司,臺中市外埔區大同里中山路90巷8號,500000,1050514
14338,27396912,三豐資產管理顧問股份有限公司,臺中市南屯區溝墘里大業路370號2樓,5000000,1050528
14341,27397525,泓基貿易有限公司,臺中市沙鹿區竹林中山路61巷54號1樓,1000000,1050514
14346,27398995,博琝實業有限公司,臺中市清水區南社里鰲峰路161巷86之2號,20000000,1050511
14349,27399328,快可力實業有限公司,臺中市大雅區三和里龍善二街120號,500000,1050501
14350,27400134,友華投資股份有限公司,臺中市西屯區工業區14路1號1樓,25096000,1050517
14359,27402359,祥鈺建設有限公司,臺中市潭子區潭陽里潭陽路25號2樓,10000000,1050526
14360,27402365,宏泉資產管理股份有限公司,臺中市北屯區北屯路407-2號2樓,115000000,1050523
14363,27402800,喬皓科技有限公司,臺中市北區益華街55號1樓,500000,1050512
14366,27403364,隆翼有限公司,臺中市龍井區忠和里臨港路二段56號,16000000,1050512
14367,27403414,千夙廣告印刷事業有限公司,臺中市潭子區栗林里中山路三段四九三巷廿三弄八一號,1000000,1050523
14369,27403759,崧富工業有限公司,臺中市潭子區中山路一段一巷78號1樓,4000000,1050521
14370,27403879,勝合工業有限公司,臺中市東勢區新盛里東關路民安巷33之5號1樓,1000000,1050512
14371,27404167,立錩有限公司,臺中市神岡區大洲路三七一號一樓,500000,1050520
14379,27407066,康晴統合管理顧問有限公司,臺中市西屯區何德里大信街60號7樓之1,1000000,1050509
14382,27407565,星宣五金有限公司,臺中市太平區永義九街四十六號一樓,500000,1050530
14385,27408425,勛斌企業股份有限公司,臺中市西屯區福中十六街七巷六號1樓,3000000,1050504
14389,27411511,昌展貿易有限公司,臺中市東區樂成里旱溪西路一段二七六號一樓,1000000,1050502
14392,27412407,松林工程顧問有限公司,臺中市東區自由路四段314號6樓,500000,1050503
14399,27413399,擴達實業有限公司,臺中市西屯區福安路55巷3號5樓之1,5000000,1050502
14401,27413567,信承科技有限公司,臺中市北屯區旅順路2段258號1樓,2000000,1050517
14405,27415404,精咨有限公司,臺中市西屯區惠來里市政北一路77號14樓之6,500000,1050508
14407,27415848,昇興興業有限公司,臺中市太平區太平里永平路三段10號1樓,3000000,1050526
14409,27416375,俊音有限公司,臺中市龍井區新庄里新興路231號1樓,3500000,1050505
14425,27420862,普鉅資訊有限公司,臺中市烏日區烏日里永春東三南路95巷12號1樓,500000,1050504
14427,27421840,福展開發股份有限公司,臺中市西區公民里五權路2之130號1樓,60000000,1050519
14428,27422073,庚京資訊有限公司,臺中市龍井區藝術街39巷3號1樓之2,1000000,1050506
14432,27423185,宅成家欣裝潢有限公司,臺中市南區工學里高工路128之1號1樓,500000,1050524
14434,27423755,利豐化工有限公司,臺中市清水區文昌街78之1號1樓,500000,1050526
14435,27423827,興邑工程有限公司,臺中市大里區內新里鐵路街40巷1號1樓,500000,1050525
14436,27423848,曜良工業有限公司,臺中市大里區新仁里新仁四街28號1樓,1000000,1050505
14440,27424699,一零一國際通商股份有限公司,臺中市西區公民里忠仁街84號2樓,3000000,1050530
14446,27427295,晉恩企業有限公司,臺中市外埔區三崁里甲后路興中二巷37號,15000000,1050510
14449,27427865,科捷資訊用品有限公司,臺中市大雅區學府路四０三巷一八號,2000000,1050520
14451,27429189,昶盛消防企業有限公司,臺中市西屯區西平里西安街277巷4弄5號1樓,1000000,1050519
14455,27430067,集電自動化有限公司,臺中市大肚區沙田路一段三二０巷二十號一樓,500000,1050524
14460,27432380,昱展工業有限公司,臺中市豐原區南田里水源路192巷63之5號,5000000,1050516
14463,27432826,銘順精密機械有限公司,臺中市潭子區甘蔗里興華一路四○五巷一二弄七號一樓,2000000,1050510
14464,27433347,達恩盛有限公司,臺中市后里區義里里甲后路二一九巷八五號,1000000,1050510
14466,27433888,立海貿易有限公司,臺中市西屯區國安一路235巷18號8樓之2,8000000,1050503
14479,27437646,旭成漆業有限公司,臺中市豐原區豐田里豐原大道2段375號,1000000,1050513
14483,27437842,佑誠建設有限公司,臺中市大里區爽文路1077號,12000000,1050505
14484,27437890,淘花源文化事業股份有限公司,臺中市西屯區大河里永輝路83號1樓,3000000,1050504
14487,27439031,傑笙真空科技股份有限公司,臺中市南屯區楓樹里黎明路1段235號1樓,11880000,1050503
14497,27442346,育仟企業有限公司,臺中市潭子區東寶里大富路一段27號之2,1000000,1050528
14499,27442633,鉝順實業有限公司,臺中市神岡區神洲路70號1樓,6000000,1050519
14501,27443513,銓格企業有限公司,臺中市北屯區安順四街38號1樓,1000000,1050521
14504,27443794,夏都汽車旅館有限公司,臺中市北區太原路２段６８號,10000000,1050513
14509,27445651,奕京科技有限公司,臺中市南屯區向心南路906巷11號1樓,6000000,1050514
14510,27445913,毓正鈑金工業有限公司,臺中市大肚區頂街里沙田路3段260巷1弄1號1樓,5500000,1050517
14511,27445961,必路得企業有限公司,臺中市西區後龍里向上路1段5號2樓之2,13500000,1050503
14512,27446027,高揚工業有限公司,臺中市太平區宜欣里中山路3段19巷38號1樓,500000,1050523
14514,27446440,勝禾豐通風工業有限公司,臺中市中區柳川里成功路268巷36號6樓之1,3000000,1050509
14515,27446595,品昕機械工業股份有限公司,臺中市太平區宜欣里富平路16號,3000000,1050527
14519,27447172,榮祥皮件有限公司,臺中市神岡區圳前里圳前路35之5號,1000000,1050529
14520,27447362,伊錪實業有限公司,臺中市太平區正光街197巷11號1樓,2000000,1050526
14526,27449137,大銡行工業有限公司,臺中市南區樹義里樹義五巷八四號一樓,1200000,1050524
14534,27450696,日月千禧酒店股份有限公司,臺中市西屯區市政路77號,700000000,1050523
14538,27450865,佑職實業有限公司,臺中市西屯區福林里福康路六二號一樓,500000,1050510
14540,27451132,坤成禮儀有限公司,臺中市神岡區神岡里神岡路67巷7號,1000000,1050512
14541,27451674,續業企業有限公司,臺中市北屯區平德里青島路三段205號1樓,20000000,1050519
14542,27451858,騰耀五金工業有限公司,臺中市南區工學三街15巷9號1樓,1000000,1050517
14546,27452414,培麗國際實業有限公司,臺中市南屯區大興里永春東路134號1樓,1000000,1050530
14548,27452863,銓泰建造水電工程有限公司,臺中市西區東興路三段三七號一樓,2000000,1050518
14551,27453624,聖罡新文明有限公司,臺中市南區福田二街22巷8號,500000,1050506
14552,27453737,麗濬企業有限公司,臺中市潭子區中山路一段460號1樓,2000000,1050507
14557,27455088,信新科技股份有限公司,臺中市北屯區崇德十路二段150號,5000000,1050511
14568,27458135,櫂和昌建材有限公司,臺中市沙鹿區六路里平等十二街31號,10000000,1050509
14570,27458260,中杏實業股份有限公司,臺中市西區臺灣大道二段181號6樓之5,2000000,1050506
14581,27460408,源信工業有限公司,臺中市東區東光園路100巷42弄20號,1000000,1050510
14582,27460441,騎拿國際有限公司,臺中市南屯區豐樂里豐昌街40號1樓,5000000,1050509
14585,27461552,信全事業有限公司,臺中市西屯區永昌一街17之2號一樓,1000000,1050518
14589,27462270,中科關務有限公司,臺中市西屯區福聯里福科路863號1樓,5000000,1050506
14598,27464447,和安實業有限公司,臺中市豐原區北湳里圓環北路二段58號,3000000,1050509
14602,27465380,英僑製帽有限公司,臺中市西屯區西林巷9-5號1樓,500000,1050531
14610,27468154,力盟貿易有限公司,臺中市南區公理街６５巷６號１樓,1000000,1050524
14616,27469230,鴻偉投資股份有限公司,臺中市南屯區惠文路249巷2號,12500000,1050511
14622,27470052,詠舜國際有限公司,臺中市龍井區忠和里海尾路278巷21號,5000000,1050510
14625,27470378,遠和通信有限公司,臺中市外埔區甲后路704號1樓,500000,1050504
14627,27470742,萱豐生物科技有限公司,臺中市南屯區田心里惠心街136號1樓,5000000,1050517
14630,27471144,群巨建設有限公司,臺中市南區和昌街一八八號一樓,1000000,1050520
14636,27472283,創新服務股份有限公司,臺中市大甲區武曲里大安港路116巷10號,38680000,1050512
14637,27472571,坤隆有限公司,臺中市大肚區山陽里沙田路3段734巷68號,6000000,1050520
14640,27473430,台綸有限公司,臺中市大雅區大楓里前村路377巷37號,5000000,1050515
14641,27473939,鐘壹科技有限公司,臺中市大里區仁德里仁化路795號1樓,1000000,1050504
14643,27475182,美日商國際有限公司,臺中市西屯區福和里台中港路三段101號3樓,15000000,1050504
14648,27476041,力耕實業有限公司,臺中市南區南門里國光路365巷10號1樓,1000000,1050521
14649,27476128,青山醫療器材有限公司,臺中市大甲區德化里南北三路48號1樓,2000000,1050529
14651,27476675,展維興業有限公司,臺中市西區忠誠里忠明南路16號12樓之3,3000000,1050517
14652,27476703,協誠通運興業有限公司,臺中市北屯區昌平路二段19-19號,3000000,1050511
14653,27476767,登豐開發實業有限公司,臺中市大雅區二和里學府路125巷56號,1000000,1050502
14656,27477549,鋇爾通信有限公司,臺中市沙鹿區洛泉里二鄰中山路180號,1000000,1050509
14657,27477668,怡翔有限公司,臺中市大里區永隆五街９５號１樓,2000000,1050510
14661,27478441,頎勝機械工程有限公司,臺中市龍井區竹坑里竹師路一段136巷3號1樓,5000000,1050513
14664,27478907,依蝶國際服飾有限公司,臺中市西區大忠里忠明南路２７０號１４樓之３,6000000,1050503
14672,27481311,上禾電子有限公司,臺中市南屯區溝墘里大墩十四街358號5樓,3000000,1050526
14682,27484470,尚麒企業有限公司,臺中市外埔區水美里水美路233巷7號,4000000,1050511
14690,27486651,立吉資訊有限公司,臺中市神岡區社口里中山路七九二號一樓,500000,1050520
14694,27487568,普立瑪有限公司,臺中市大甲區孟春里通天路265號2樓,500000,1050506
14700,27489411,益豐材料科技有限公司,臺中市南區樹義里福田路77巷82號2樓,1000000,1050506
14701,27489432,全景科技有限公司,臺中市北屯區綏遠路二段16號2樓,5000000,1050525
14702,27489860,凱多企業有限公司,臺中市北屯區陳平路117巷25號1樓,500000,1050506
14705,27490395,聯翔國際旅行社有限公司,臺中市西區公益里忠明南路237號5樓之3,33000000,1050513
14706,27490521,逢翔有限公司,臺中市太平區德興街95號1樓,500000,1050527
14709,27491303,光煜有限公司,臺中市豐原區南田里水源路二五八巷八一弄三︱二號,1000000,1050524
14711,27492247,玉誠企業有限公司,臺中市太平區新平路3段210巷2號1樓,1000000,1050528
14714,27492703,典宥企業有限公司,臺中市大里區西湖里草湖路一六五號一樓,500000,1050514
14716,27492957,三立工業原料有限公司,臺中市大雅區六寶里月祥路932巷6號,1000000,1050523
14717,27493718,群鈦實業有限公司,臺中市東區振興路358巷26號1樓,1000000,1050511
14720,27494619,美康健生技有限公司,臺中市西屯區寧夏路一九五之二號,1000000,1050526
14722,27494651,柏叡自動化科技有限公司,臺中市南屯區向心里永春東路690號1樓,5000000,1050520
14724,27495292,政承企業有限公司,臺中市北屯區天津路四段261巷9號1樓,500000,1050520
14727,27496010,价宏機械有限公司,臺中市清水區橋頭里橋江南街70巷18號,500000,1050520
14729,27496118,鼎蒞實業有限公司,臺中市神岡區大漢街六九號七樓,1000000,1050506
14730,27496145,樺研科技有限公司,臺中市霧峰區坑口里中正路五八二號,1000000,1050509
14735,27496975,伊斯達影像科技有限公司,臺中市南屯區文心南三路1111巷2號1樓,1000000,1050513
14737,27497138,飛輪精密企業有限公司,臺中市大里區夏田里國中路502號,500000,1050505
14739,27497670,聖鑫發工業有限公司,臺中市龍井區忠和里海尾路240巷38號,1000000,1050514
14741,27498376,力浮有限公司,臺中市太平區中山路2段285巷1弄18號,3000000,1050519
14742,27498538,易傢俬國際有限公司,臺中市西屯區福林里福科路500號,2000000,1050527
14747,27499564,盈誠興業有限公司,臺中市大里區好來五街137號1樓,1000000,1050501
14756,27501246,勝琳環保有限公司,臺中市西屯區協和里安和路27之17號1樓,3000000,1050523
14757,27501409,駿崙生物科技有限公司,臺中市南屯區田心里惠心街150號1樓,500000,1050516
14761,27502955,正港興國際有限公司,臺中市大雅區六寶里文化路一○二巷四二號,1000000,1050529
14764,27503434,劦曜國際有限公司,臺中市南區樹義里福田一街65巷8號1樓,6000000,1050513
14768,27504356,人展有限公司,臺中市東區東英里東英路618號3樓,500000,1050506
14777,27506777,亞恩帝工業有限公司,臺中市豐原區北湳里圓環北路二段204巷46號1樓,500000,1050519
14780,27506925,匯盈紙業有限公司,臺中市西屯區西安街18巷33之3號,10000000,1050521
14782,27507831,欣合信股份有限公司,臺中市中區臺灣大道一段206號1樓,11000000,1050504
14794,27511363,連慶事業有限公司,臺中市太平區中興里太平路776號,1000000,1050529
14799,27513670,創馨資訊科技有限公司,臺中市北區賴明里中清路一段650號1樓,500000,1050510
14803,27514087,東岳國際有限公司,臺中市北屯區昌平東二路95號1樓,500000,1050521
14804,27514501,欣榮人力管理有限公司,臺中市豐原區育英路100巷28弄18號1樓,10000000,1050530
14806,27514988,喬聖地板有限公司,臺中市北屯區水湳里中清東一街4號1樓,4500000,1050529
14809,27515277,明裕工業有限公司,臺中市大雅區六寶里中清路四段283之3號,500000,1050506
14812,27516037,捷騰工程企業有限公司,臺中市西屯區中康街215巷22號1樓,2000000,1050506
14815,27516509,祥逸國際股份有限公司,臺中市南屯區文心路1段173號1樓,5000000,1050505
14817,27517583,協昌機械有限公司,臺中市大里區永隆里永隆路５９１巷１１號１樓,5000000,1050511
14819,27518083,信之友有限公司,臺中市北區民權路五二二號一樓,3000000,1050505
14820,27518133,富達醫藥生技有限公司,臺中市南區工學二街一一五巷十五號,5000000,1050528
14823,27519288,新利珍有限公司,臺中市太平區宜欣里中山路三段67巷40號,12000000,1050506
14825,27519597,全誠食品有限公司,臺中市豐原區翁子里豐勢路二段75號,10000000,1050506
14826,27519843,浤正企業有限公司,臺中市梧棲區下寮里中和街303號,1000000,1050502
14988,27580678,君梵投資有限公司,臺中市西區中興街二四五號三樓,11400000,1050526
14989,27580945,立鈜照明有限公司,臺中市南屯區文山里五權西路三段1巷223號1樓,35000000,1050519
14990,27581022,鑫權威國際有限公司,臺中市西屯區中康街215巷30號1樓,1000000,1050509
14991,27581070,藍鯨創意廣告有限公司,臺中市西屯區朝馬二街5號2樓,500000,1050526
14992,27581281,鉅興機械有限公司,臺中市烏日區中山路一段213號,1000000,1050521
15001,27583416,金星餐盒食品有限公司,臺中市豐原區東陽里東陽路83號,10000000,1050530
15004,27584040,敏政工業有限公司,臺中市大肚區沙田路二段132巷80弄240號,15000000,1050530
15006,27584843,鴻寶興業有限公司,臺中市太平區太平里太平23街12號1樓,29100000,1050528
15008,27585250,永裕生物科技有限公司,臺中市龍井區山腳里八鄰中山二路一段東巷186號,1000000,1050511
15010,27585532,中奇勝資訊股份有限公司,臺中市南屯區惠中里文心路一段378號17樓之5,1000000,1050519
15015,27586103,皇瑋科技企業有限公司,臺中市大安區大安港路1073號,1000000,1050530
15016,27586321,詰祥有限公司,臺中市豐原區北陽里中陽路二二九巷九號二樓,15880000,1050526
15018,27587406,米璽國際有限公司,臺中市北區健行里忠太西路40巷12之1號2樓,5000000,1050512
15022,27589066,金湯海味有限公司,臺中市西區向上路1段468號1樓　,5000000,1050514
15033,27591062,億峰富企業有限公司,臺中市南屯區寶山里文山南巷6-8號,6000000,1050518
15036,27591719,一廣科技有限公司,臺中市大肚區頂街里華昌街78號1樓,10000000,1050519
15037,27591751,岳肯企業有限公司,臺中市西區中美街４１９巷２號,1200000,1050516
15043,27593033,禾欣空調有限公司,臺中市北屯區雷中街19巷34弄45號1樓,2000000,1050530
15048,27593857,宇恒貿易有限公司,臺中市外埔區中山路２２０巷３號１樓,5000000,1050516
15061,27596876,宏展土地開發顧問有限公司,臺中市西屯區福星路162號13樓之2,1000000,1050519
15063,27597973,弘凱科技有限公司,臺中市東區東門里天乙街37巷2之1號　,1000000,1050513
15067,27598467,台灣費斯科技股份有限公司,臺中市烏日區前竹里光明路331號,33000000,1050503
15068,27598678,綠帝園藝工具有限公司,臺中市豐原區豐田里豐南街92巷251弄25號,10000000,1050505
15074,27600148,漢宸室內設計有限公司,臺中市南屯區公益路二段627號1樓,2000000,1050523
15080,27602048,承捷有限公司,臺中市大雅區雅環路２段２５５巷１７號,500000,1050525
15082,27602194,帝陽企業有限公司,臺中市南區永興里高工二街75號,1000000,1050526
15084,27602650,好穀好麥生機實業股份有限公司,臺中市西屯區福聯里福聯街15巷9號11樓之55,1000000,1050503
15092,27604860,歐亞光能源科技股份有限公司,臺中市西屯區工業區38路208號,1000000,1050503
15097,27606136,康貝客室內裝修股份有限公司,臺中市南屯區永定里三和街113號1樓,3000000,1050505
15103,27607542,宇泰工業有限公司,臺中市東區十甲里一心北街17號1樓,500000,1050518
15104,27608155,順里發企業有限公司,臺中市后里區墩北里甲后路715號,6000000,1050527
15118,27610862,吉育五金有限公司,臺中市大里區中興路２段日新巷79弄80號1樓,500000,1050525
15119,27611052,忠明物業管理服務有限公司,臺中市沙鹿區南勢里鎮南路2段89號1樓,3000000,1050527
15121,27611709,天月人文休閒旅館股份有限公司,臺中市西屯區潮洋里朝馬三街18號,10000000,1050526
15123,27612398,崧竣有限公司,臺中市太平區德隆里光興路128巷12弄19號1樓,1000000,1050531
15127,27613087,茂實行企業股份有限公司,臺中市沙鹿區興仁里四平街54之1號,15000000,1050506
15128,27613185,塑豐興業有限公司,臺中市南屯區惠中里惠中路三段11號2樓,5000000,1050513
15134,27613903,榮利工程開發興業有限公司,臺中市西區後龍里梅川東路一段79號2樓,1000000,1050509
15135,27613930,三能隱形眼鏡有限公司,臺中市北區育才街３５號１樓,2000000,1050513
15142,27614987,明利機械企業股份有限公司,臺中市沙鹿區北勢東路７１４巷６號１樓,1000000,1050522
15147,27616205,昇益隆有限公司,臺中市大雅區學府路大智巷３９號１樓,500000,1050530
15148,27616747,鍵欣有限公司,臺中市豐原區圓環東路140巷11號,8000000,1050509
15150,27617231,禾森實業有限公司,臺中市潭子區栗林里中山路三段329-1號,4800000,1050523
15154,27618409,欽發五金鋼索有限公司,臺中市大里區永隆二街202號1樓,1000000,1050511
15170,27620828,鼎上軒有限公司,臺中市北屯區太和三街6號2樓,1000000,1050513
15184,27623607,利安興理貨有限公司,臺中市梧棲區頂寮里八德路８４號３樓之６,1000000,1050528
15189,27624697,系泰機電有限公司,臺中市西屯區上安路18巷7號,18000000,1050530
15192,27624937,永鑫發工程有限公司,臺中市豐原區三村里西勢路283號1樓,1000000,1050506
15197,27625730,以力數位行銷有限公司,臺中市西區五權三街241號1-2樓,3500000,1050526
15199,27626512,明星機電工程有限公司,臺中市大里區大元里內元路192號1樓,500000,1050523
15200,27626554,鴻億興企業有限公司,臺中市北屯區中清路13巷8弄36號1樓,3000000,1050520
15201,27626766,台灣長榮泰有限公司,臺中市南屯區豐樂里向心南路169巷22號1樓,500000,1050517
15202,27627701,東宏製本有限公司,臺中市北區健行里華興街142號,20000000,1050530
15212,27630017,愛康有限公司,臺中市西屯區工業區一路58巷10弄47號1樓,2000000,1050527
15216,27630570,詠勝機械工業有限公司,臺中市太平區宜昌東路160巷12號1樓,6000000,1050525
15217,27630585,天誠企業管理有限公司,臺中市西屯區大福里大鵬路市場4巷4弄5號1樓,1000000,1050512
15219,27630966,茂詮開發實業有限公司,臺中市潭子區潭陽里潭興路三段70號,500000,1050516
15221,27631727,富鑫菓菜有限公司,臺中市潭子區東寶里大富路一段80號,16000000,1050513
15226,27633226,港都漁村有限公司,臺中市清水區秀水里五權南路96號,4000000,1050503
15229,27633838,旅清國際股份有限公司,臺中市北區忠太東路89號,6000000,1050512
15232,27634457,德楷健康科技股份有限公司,臺中市北區賴福里衛道六街27號1樓,6000000,1050521
15237,27636413,庄佑企業有限公司,臺中市北屯區同榮里同榮路３６８號１樓,5000000,1050527
15244,27638101,水銑有限公司,臺中市大雅區中正路１６５之１７號,3000000,1050504
15261,27641252,品宣貿易有限公司,臺中市烏日區明德街76號1樓,2000000,1050530
15262,27641416,大甲事務資訊有限公司,臺中市大甲區中山里水源路422號,500000,1050506
15265,27642533,育晟資訊有限公司,臺中市東區東英路６５０號,10000000,1050510
15267,27642668,馬軍有限公司,臺中市南屯區永春東３路３８１巷２５號１樓,600000,1050512
15268,27642750,事務通文具百貨有限公司,臺中市豐原區南嵩里長壽路北二巷1號1樓,1000000,1050519
15269,27642793,周想行實業有限公司,臺中市大里區德芳南三街２２巷２號２樓,2000000,1050516
15278,27643738,源鍀五金企業有限公司,臺中市霧峰區北柳里四德路386之2號1樓,500000,1050519
15284,27644595,英吉機械有限公司,臺中市太平區華安街100巷24號1樓,1000000,1050526
15286,27644912,小林事業有限公司,臺中市梧棲區中正里頂橫街43巷15弄5之3號,1000000,1050512
15288,27645601,航通企業有限公司,臺中市北屯區遼陽４街７９號１樓,1000000,1050505
15290,27646144,政部有限公司,臺中市西屯區福和里臺灣大道4段671巷68號1樓,1000000,1050510
15293,27646496,集善流通事業有限公司,臺中市太平區大興１９街７巷３號１樓,1000000,1050510
15295,27647143,千益精密有限公司,臺中市太平區光隆里光興路832巷70號1樓,2200000,1050514
15298,27647565,勤創實業有限公司,臺中市后里區墩北里大圳路611號1樓,1000000,1050523
15301,27648425,泰富應用科技有限公司,臺中市北屯區陳平一街32號,1000000,1050506
15302,27649141,鼎裕機械有限公司,臺中市太平區永豐路永新巷３９號,1000000,1050504
15304,27649347,文欣塑膠工業有限公司,臺中市大里區國中一路４６巷３６號,1000000,1050511
15309,27651167,順車閥業股份有限公司,臺中市太平區大興里大興十六街49號,8000000,1050525
15331,27655543,廣誠不織布有限公司,臺中市沙鹿區三鹿里保成六街７０號　　　　　　　　　　　　　　　　　　　　,500000,1050525
15332,27655852,雅勝廣告企劃有限公司,臺中市西區公館里建國北路2段135號1樓,500000,1050513
15337,27656938,鎧鎰精機有限公司,臺中市龍井區新庄里遊園南路２３２號,5000000,1050509
15341,27658696,榮順五金有限公司,臺中市潭子區栗林里中山路３段３３８號１樓,1000000,1050511
15343,27659180,宏達織蓆有限公司,臺中市清水區下湳里菁埔路212號,500000,1050524
15344,27659554,芃禾有限公司,臺中市北屯區松竹五路21號二樓之1,1000000,1050531
15346,27659983,正義砂石有限公司,臺中市烏日區溪南路一段271巷16號1樓,5000000,1050515
15351,27660497,新泰銅鋁有限公司,臺中市東區旱溪里自由路４段１０９巷１６號１樓,1000000,1050506
15355,27661209,中一木業國際有限公司,臺中市南屯區田心里惠德街218號2樓,1000000,1050504
15357,27662050,浤奇塑膠有限公司,臺中市神岡區圳堵里成功路45巷9號1樓,500000,1050520
15358,27662087,寶盈國際財經行銷有限公司,臺中市西屯區逢甲里河南路二段327號4樓之6,2000000,1050530
15359,27662158,凱伸工程有限公司,臺中市沙鹿區興仁里沙田路84號1樓,3000000,1050524
15361,27662381,侑隆塑膠工業有限公司,臺中市大里區樹王里東興路613號,500000,1050518
15366,27663277,弘業國際有限公司,臺中市西屯區何源里河南路1段88號1樓,1000000,1050521
15372,27664901,師生文化事業有限公司,臺中市北區天津路一段209號1樓,500000,1050514
15373,27664938,川印企業有限公司,臺中市神岡區豐洲里豐洲路456巷26弄28號,1500000,1050506
15374,27664971,記定有限公司,臺中市神岡區大社里大漢街１２７巷１０號１樓,1000000,1050524
15379,27667251,金車王股份有限公司,臺中市北區明德里忠明五街33號1樓,6000000,1050517
15386,27668863,正旭汽車材料有限公司,臺中市豐原區大湳里豐中路１２３號１樓,1000000,1050525
15387,27669785,清浤建設開發有限公司,臺中市沙鹿區南勢里南斗路51巷23號1樓,15000000,1050516
15388,27670185,伸嘉機械有限公司,臺中市潭子區勝利12街87巷3號1樓,1000000,1050527
15390,27670713,金日鑫實業有限公司,臺中市大里區新仁三街33號1樓,3000000,1050523
15392,27671038,卉晟企業有限公司,臺中市南屯區惠中里大觀路209號1樓,1000000,1050516
15396,27672000,昆誠水電有限公司,臺中市霧峰區北柳里四德路２８２之１０號,2000000,1050527
15397,27672705,金田景觀實業有限公司,臺中市西區公德里精誠20街49號2樓,10000000,1050508
15400,27673155,勝棋機械有限公司,臺中市潭子區潭北里潭子街3段公廳巷57號之1,600000,1050517
15401,27673583,偉成國際鞋業有限公司,臺中市后里區墩南里七星街16號,1000000,1050505
15409,27675105,立杰珠寶有限公司,臺中市大里區內新里中興路二段562號1樓,5000000,1050523
15413,27675549,廣錡科技有限公司,臺中市南區平和里和昌街９７號１樓,5000000,1050502
15423,27678428,晨柏美材有限公司,臺中市豐原區翁子里富陽路235巷255號1樓,3000000,1050508
15428,27679735,迅佳有限公司,臺中市北區博館路65巷9弄12號1樓,500000,1050505
15429,27679778,久德塑膠企業有限公司,臺中市東區建智街27號1樓,1500000,1050514
15430,27679854,雙林國際有限公司,臺中市大里區新里里永隆二街145號,10500000,1050519
15431,27679881,永立傑興業有限公司,臺中市烏日區烏日里大同路１９號１樓,500000,1050516
15436,27705564,守誠工程有限公司,臺中市清水區田寮里菁埔路87號,1000000,1050512
15451,27716339,康瑞特生技股份有限公司,臺中市北區健行里忠明路424地下1層之2號,1000000,1050521
15590,27772269,畢肯市場研究股份有限公司,臺中市北區淡溝里博館路88號10樓之2,3000000,1050523
15598,27774506,鑫象科技有限公司,臺中市大雅區橫山里振興路128號1樓,2000000,1050504
15600,27774631,安業建設有限公司,臺中市北區健行里華興街43號1樓,25000000,1050511
15603,27775272,水世界實業有限公司,臺中市南屯區楓樹里黎明路１段３００號１樓,1600000,1050504
15605,27775842,遠東超冷科技有限公司,臺中市南屯區春社里忠勇路8-3號,2000000,1050518
15609,27776856,一方室內裝修設計有限公司,臺中市北區賴厝里太原路二段215巷1弄18號,500000,1050524
15616,27777166,侑源企業有限公司,臺中市南屯區大墩路57號,500000,1050523
15619,27778051,艾莉森投資股份有限公司,臺中市西區民龍里民權路239號18樓,38000000,1050518
15621,27778432,優全實業有限公司,臺中市潭子區潭北里人和路１４１號１樓,500000,1050524
15625,27779360,太鉑企業有限公司,臺中市大甲區文武里雁門路149號,600000,1050508
15626,27779798,裕豐傢俱企業有限公司,臺中市烏日區溪南路二段68巷368弄125號,3000000,1050526
15627,27780084,尚永紡業有限公司,臺中市梧棲區光華西街1號1樓,500000,1050525
15632,27780731,世鈺工業有限公司,臺中市大里區明德街明德巷１３號１樓,5000000,1050519
15634,27781555,辰昇工業有限公司,臺中市清水區橋頭里民有路120巷9弄38號一樓,500000,1050520
15635,27781909,盈泉資源回收有限公司,臺中市大里區新仁里新仁七街10號1樓,5000000,1050512
15636,27782225,超興建材有限公司,臺中市北區日進街13號1樓,500000,1050518
15637,27782484,捷力精密機械股份有限公司,臺中市南屯區精科東路5號,70000000,1050517
15639,27782689,弘鼎寢具百貨有限公司,臺中市大雅區三和里建興路140巷2號1樓,2200000,1050523
15641,27782914,儂凱企業有限公司,臺中市太平區太平路205號,1000000,1050516
15649,27785335,鉅準有限公司,臺中市大里區塗城里成功路12巷52弄3號1樓,1000000,1050518
15656,27785877,巨益工程有限公司,臺中市清水區中社里中社路97-235號1樓,2000000,1050520
15661,27786952,錫德實業有限公司,臺中市西屯區西平南巷9-8號,10000000,1050517
15665,27788109,岑益精密工業股份有限公司,臺中市霧峰區民生路229之12號1樓,10000000,1050523
15666,27788327,長宏國際企業有限公司,臺中市沙鹿區竹林里賢正街50號1樓,1000000,1050513
15667,27788494,萬麗福有限公司,臺中市后里區墩北里文化路６４巷３３號,3500000,1050517
15681,27791435,利裕順製帽有限公司,臺中市大安區永安里東西四路二段251號,2000000,1050517
15682,27791456,拓者文化有限公司,臺中市西區臺灣大道二段285號20樓,3000000,1050513
15687,27791771,三銳國際有限公司,臺中市北區建成里東成三街416號1樓,4700000,1050518
15689,27792119,東鼎精密有限公司,臺中市大雅區雅環路2段171巷3號,8600000,1050516
15701,27795544,林原國際有限公司,臺中市大雅區六寶里中清路四段６６巷４２號二樓,2000000,1050527
15705,27796889,三能國際企業有限公司,臺中市北區長青里漢陽街8號1樓,10000000,1050517
15706,27797058,鼎峰油壓有限公司,臺中市大里區國中路４９１號,5000000,1050527
15710,27798330,鼎盛金屬有限公司,臺中市潭子區家福里大通街151號1樓,2000000,1050524
15712,27798922,勝德工業股份有限公司,臺中市西屯區工業區32路67號1樓、2樓,12000000,1050513
15716,27799485,祥安防災設備有限公司,臺中市南屯區萬和路二段31之20號1樓,5000000,1050503
15718,27799703,勵豐興業有限公司,臺中市南屯區永順路688號2樓,10000000,1050512
15719,27799817,川承股份有限公司,臺中市西屯區甘州五街64號1樓,5000000,1050519
15721,27800130,建隆精機股份有限公司,臺中市大甲區武曲里橫圳街95號,1200000,1050504
15725,27801150,宏金銘版有限公司,臺中市大肚區瑞井里遊園路一段69巷24號1樓,500000,1050506
15729,27802475,合辰工程有限公司,臺中市南屯區永定里南屯路二段900巷50之6號1樓,1000000,1050516
15730,27803354,豐澤管理股份有限公司,臺中市北區北屯路26號5樓之12,10000000,1050525
15732,27804282,欣仕發企業有限公司,臺中市大肚區頂街里沙田路三段245巷97號,2000000,1050505
15733,27804348,捷訊通訊科技有限公司,臺中市北屯區后庄里后庄七街282巷66號1樓,2600000,1050517
15737,27805199,如意天遞國際有限公司,臺中市西屯區何源里河南東五街16號1樓,7500000,1050527
15740,27805775,協隆勝實業有限公司,臺中市神岡區北庄里林厝路40之1號,3000000,1050523
15742,27806140,擷隆企業有限公司,臺中市大里區內新里逹明路36號6樓,4000000,1050528
15743,27806161,君國豐有限公司,臺中市清水區田寮里三田路14之7號1樓,1000000,1050506
15747,27806556,傑寶電腦實業有限公司,臺中市南屯區文心里大墩８街２２號１樓,5000000,1050529
15748,27806802,慶鋒興業股份有限公司,臺中市神岡區神洲里豐工南路68、70號,10000000,1050505
15751,27807561,康得貿易有限公司,臺中市西屯區朝貴路236號1樓,3000000,1050526
15752,27807627,高格調有限公司,臺中市西屯區工業區３７路４９號１樓,500000,1050504
15753,27807915,鴻宇興科技有限公司,臺中市大甲區日南里幼五路22號,5000000,1050530
15754,27808251,德春實業有限公司,臺中市北屯區松茂里松明街１５２巷２號１樓,1680000,1050502
15767,27811137,豐樂加油站有限公司,臺中市北屯區仁美里崇德路三段595號,5000000,1050526
15770,27811880,欣群廣告企劃有限公司,臺中市沙鹿區中山路533號11樓之3,1000000,1050513
15772,27812430,青石建設有限公司,臺中市豐原區中陽里直興街６６號１樓,1000000,1050511
15774,27812678,曉陽貿易有限公司,臺中市大里區立中三街45號1樓,10000000,1050530
15775,27812966,大進橡膠鞋業有限公司,臺中市清水區秀水里海濱路168號之12一樓,500000,1050526
15776,27813557,光達塑膠有限公司,臺中市大雅區二和里雅潭路四段572號1樓,900000,1050504
15778,27813846,暘鎧科技企業有限公司,臺中市沙鹿區鹿峰里中山路580巷9號2樓,5000000,1050519
15781,27813917,廣銍企業有限公司,臺中市太平區太平23街27號1樓,3000000,1050519
15783,27814303,集品咖啡有限公司,臺中市潭子區甘蔗里勝利路１０號１樓,500000,1050516
15788,27816273,詠振資通科技有限公司,臺中市太平區中平九街１４１巷９號１樓,2000000,1050504
15796,27817337,大任不動產經紀有限公司,臺中市沙鹿區鹿寮里中山路３８６之２號１樓,500000,1050528
15798,27817792,茶湯會股份有限公司,臺中市北區學士路161號3樓,4000000,1050516
15799,27817809,向陽春汽車實業有限公司,臺中市南屯區豐樂里黎明路一段783之1號,1000000,1050511
15803,27819460,環暉國際實業有限公司,臺中市西區昇平里民生路561號7F-3,5000000,1050524
15826,27824652,升大股份有限公司,臺中市太平區中山路三段19巷7號,1200000,1050517
15827,27824793,傑富精機有限公司,臺中市大甲區武陵里重義三路13巷135號,1000000,1050513
15834,27826526,來富工程有限公司,臺中市清水區秀水里中社路48之51號,500000,1050514
15838,27827911,速品科技有限公司,臺中市北屯區水湳里大連路一段66巷54號1樓,1000000,1050530
15839,27827996,甲稚有限公司,臺中市潭子區潭陽路５９巷１６號２樓,500000,1050530
15845,27829517,得利企有限公司,臺中市梧棲區興農里中華路一段762巷3號,500000,1050503
15846,27829690,國際過濾工業有限公司,臺中市龍井區竹坑里中華路一段15號,5000000,1050516
15847,27829713,亞明股份有限公司,臺中市北區錦南街4之1號1樓,1000000,1050505
15854,27831020,元誠機械有限公司,臺中市太平區德隆里德明路215-3號,1000000,1050523
15856,27831730,寶康企業有限公司,臺中市大雅區員林里大林路211巷12-1號,5000000,1050523
15857,27831794,響得系統工程有限公司,臺中市北屯區和平里環中東路二段105號1樓,500000,1050520
15863,27833364,浤詮有限公司,臺中市梧棲區頂寮里四維路22巷9號1樓,500000,1050505
15865,27833955,立捷服飾有限公司,臺中市大里區中新里中興路二段372號2樓,1000000,1050519
15867,27834011,嘉銨生物科技有限公司,臺中市大甲區庄美里興安路138-248號1樓,2000000,1050526
15869,27834976,贊銘實業有限公司,臺中市東區振興路412巷181號1樓,1000000,1050516
15871,27836144,良冠生化科技有限公司,臺中市大里區健民里仁化工十路13號,20000000,1050504
15880,27839249,歐亞研發科技股份有限公司,臺中市西屯區工業區38路206號,310000000,1050505
15883,27839705,堂圓有限公司,臺中市太平區新平路三段106號1樓,1000000,1050523
15887,27839923,志粒有限公司,臺中市南屯區南屯里萬和路一段70號1樓,12000000,1050519
15888,27840225,亞洲消防股份有限公司,臺中市后里區太平里四月路47之8號,20000000,1050526
15894,27842103,益鴻有限公司,臺中市后里區義德里甲后路282巷18之1號,3000000,1050512
15895,27842363,益誠起重工程有限公司,臺中市清水區南社里鰲峰路３８５巷１１號,1000000,1050509
15902,27844708,翰柏工程有限公司,臺中市梧棲區文華街28巷13弄14號,2000000,1050518
15904,27845002,丰閣建築有限公司,臺中市西區三民西路13號3樓之6,1000000,1050511
15905,27845615,久鼎工程技術顧問有限公司,臺中市西屯區何仁里寧夏路229號9樓之1,500000,1050518
15908,27845663,統饌食品有限公司,臺中市南屯區向心路６８巷１０號１樓,560000,1050511
15910,27847395,信隆五金有限公司,臺中市大肚區王田里沙田路１段１５０號１樓,2000000,1050519
15911,27847472,律豐工業股份有限公司,臺中市西屯區工業區39路52號3樓,50000000,1050516
15918,27849794,桑多麗國際有限公司,臺中市神岡區社口里社口街４８１號,1000000,1050529
15924,27851067,明湖工程有限公司,臺中市清水區清水里星海一街33號,5000000,1050511
15927,27851664,真宏旅行社有限公司,臺中市梧棲區四維路８５巷２９號２樓,6000000,1050525
15933,27852755,鼎石精密有限公司,臺中市烏日區北里里太明路70號,3000000,1050519
15935,27853277,承洋壓克力有限公司,臺中市豐原區圓環北路２段３２０號　　,500000,1050527
15936,27853311,元証企業有限公司,臺中市潭子區栗林里豐栗路63巷58號,23000000,1050520
15940,27853868,錡泰企業有限公司,臺中市太平區建成街３６０巷２０號１樓,2000000,1050525
15947,27855612,晅暘科技有限公司,臺中市南屯區文心路一段70號1樓,2000000,1050522
15952,27856128,暢鴻電器工程有限公司,臺中市西屯區何安里四川二街11號1樓,1000000,1050511
15966,27858097,灃益實業股份有限公司,臺中市東區東信里旱溪東路一段219號,3000000,1050502
15970,27860164,益峰機械有限公司,臺中市太平區長安東路53巷36號,1600000,1050514
15979,27862037,利信車體有限公司,臺中市梧棲區草湳里建國東街130號,2000000,1050502
15981,27862114,淳鈆企業有限公司,臺中市大肚區沙田路二段284巷14號,500000,1050523
15982,27862135,隆成印刷有限公司,臺中市大里區至善路１６７號,1000000,1050516
15984,27863057,吉慶機械實業有限公司,臺中市潭子區雅潭路二段152巷76弄35號1樓,1000000,1050523
15986,27863367,晟啓實業有限公司,臺中市沙鹿區六路里臺灣大道六段852號,3000000,1050518
15987,27863486,沅奕程有限公司,臺中市神岡區豐洲里神洲路262巷10號,1000000,1050504
15988,27864464,奧林匹亞事業有限公司,臺中市烏日區榮泉里健行路154號1樓,500000,1050512
15992,27865225,日詮實業有限公司,臺中市大雅區上雅里神林南路43巷2弄25號,6000000,1050524
15994,27865436,高垣工業有限公司,臺中市烏日區九德里中山路一段40號1樓,1000000,1050511
15998,27866054,亞邦系統科技股份有限公司,臺中市大甲區武曲里大安港路208號,22000000,1050507
15999,27866527,獨奏心靈傢俬股份有限公司,臺中市西屯區惠來里惠中路二段46號1樓,1000000,1050530
16004,27866771,鍀興企業有限公司,臺中市烏日區前竹里光明路399巷13號,660000,1050524
16015,27870206,緯恩整合行銷傳播有限公司,臺中市南屯區文心路一段218號16樓之1,1000000,1050527
16021,27872696,上誼精密工業有限公司,臺中市北屯區昌平路２段４巷２弄２０號１樓,500000,1050506
16024,27873392,俊蒼科技有限公司,臺中市烏日區中山路三段599號1樓,1000000,1050520
16028,27873652,智將科技股份有限公司,臺中市大雅區上楓里民生路4段333巷66號,3500000,1050524
16033,27874012,爐仔味西餐醬汁美食有限公司,臺中市北區邱厝里大義街26巷6號1樓,500000,1050506
16034,27874131,信芳工程有限公司,臺中市南區美村南路17號3樓,1000000,1050523
16036,27874456,濟源木業有限公司,臺中市霧峰區吉峰路１１６巷２３之２號,500000,1050520
16043,27875976,楓格數位印刷有限公司,臺中市神岡區神洲里國豐路一段25號,1020000,1050505
16046,27876356,豐盛農產有限公司,臺中市大甲區南北五路４之１號,1000000,1050517
16049,27876721,裕德廣告企劃有限公司,臺中市北屯區軍功里東山路一段220之10號13樓,1000000,1050502
16051,27877123,長鋐鮮花股份有限公司,臺中市西屯區港尾里中康街199號1樓,4000000,1050511
16060,27879712,加賀首璽餐飲股份有限公司,臺中市西區利民里府後街15號1樓,86860000,1050509
16064,27880339,庚福交通器材有限公司,臺中市龍井區竹坑里中華路一段255號,1000000,1050513
16065,27880437,力昶企業有限公司,臺中市大里區大里里大里路２４１號１樓,3000000,1050509
16066,27880746,鴻誠保全股份有限公司,臺中市北屯區文心路4段696號21樓之2,40000000,1050527
16071,27881858,寬點實業有限公司,臺中市西屯區協和里工業區38路92號1樓,3000000,1050512
16073,27882110,富兆實業有限公司,臺中市西屯區黎明路二段950號4樓,1500000,1050512
16081,27883201,魏爾有限公司,臺中市清水區西社里鰲峰路１９０巷６號,1500000,1050527
16089,27884969,元泰建材有限公司,臺中市大里區立仁里好來一街１０７號,1000000,1050525
16095,27886474,煌德不動產租賃有限公司,臺中市西區公益路１５５巷１３號,5000000,1050514
16096,27886565,利釩股份有限公司,臺中市南區工學二街115巷8號1樓,2000000,1050527
16102,27888753,超奕鑫實業有限公司,臺中市神岡區豐工三路5號,13500000,1050530
16107,27889303,達克生物科技有限公司,臺中市北區明德里忠明六街３６號１樓,1000000,1050518
16109,27889465,竹林餐飲有限公司,臺中市沙鹿區竹林里中山路３２之９號,680000,1050519
16114,27891146,昱碩自動化系統有限公司,臺中市沙鹿區鹿峰里中山路６７３巷１８號,500000,1050518
16119,27892546,忠森有限公司,臺中市龍井區忠和里工業路252巷46號,2000000,1050526
16121,27893334,柏仁興業有限公司,臺中市西區公館路126號1樓,8000000,1050519
16127,27894312,光倫輪業有限公司,臺中市后里區民生路187號,500000,1050511
16134,27895207,珍愛一生時尚金店有限公司,臺中市西屯區西屯路二段331號1樓,3000000,1050501
16138,27895451,秀屋國際經紀傳播有限公司,臺中市南屯區溝乾里大富街２號１樓,3000000,1050523
16143,27896310,雅米科技股份有限公司,臺中市梧棲區草湳里自立路386號2樓,29990000,1050524
16146,27896775,真旺國際食材有限公司,臺中市西區中興里中興八巷2號1樓,14000000,1050518
16151,27897330,祐鈞有限公司,臺中市潭子區甘蔗里勝利五街10號,1000000,1050508
16152,27897535,有秸企業有限公司,臺中市烏日區溪南路一段460巷376弄60號1樓,1200000,1050510
16153,27897660,誠信發房地產有限公司,臺中市豐原區西湳里三豐路539巷6號1樓,2000000,1050528
16156,27898160,合階國際有限公司,臺中市太平區中山路二段477巷70號1樓,500000,1050511
16160,27898534,煜可有限公司,臺中市北屯區后庄里中清路112之88號,1000000,1050527
16168,27901101,耐特數位科技股份有限公司,臺中市西區公德里忠明南路138號13樓之5,25000000,1050527
16169,27901171,南陽資源回收有限公司,臺中市沙鹿區南勢里南昌路98號1樓,1000000,1050513
16171,27901453,百世服裝有限公司,臺中市北屯區天津路４段８３號１樓,500000,1050519
16172,27901469,穎泰科技有限公司,臺中市烏日區大同路176號1樓,1000000,1050512
16175,27902559,禾京企業管理有限公司,臺中市豐原區西勢路157巷3弄13號2樓,1000000,1050501
16180,27904016,中田企業股份有限公司,臺中市沙鹿區福成路68巷66號1樓,5000000,1050525
16192,27907626,佳群系統整合有限公司,臺中市西區民龍里臺灣大道二段181號12樓之5,10000000,1050509
16196,27908548,勁翔科技有限公司,臺中市大里區東興里東明路442號1樓,5000000,1050512
16197,27908884,日源科技有限公司,臺中市大肚區蔗部里中蔗路３巷８弄３１號１樓,4200000,1050518
16200,27909693,詠泰豐國際通運有限公司,臺中市大雅區中科路902號,7500000,1050525
16203,27910220,紅不讓電腦宅急修有限公司,臺中市北屯區軍功里東山路一段275號1樓,500000,1050506
16207,27911255,力捷能源科技有限公司,臺中市大肚區社腳里沙田路一段918巷3弄37號1樓,500000,1050512
16208,27911712,傑鼎運動器材有限公司,臺中市北區錦村里自強街52巷1號,5000000,1050512
16210,27912803,明霖投資股份有限公司,臺中市北區文莊里中清路一段79號13樓之2,141000000,1050525
16214,27915230,住久建設開發有限公司,臺中市北區中清路一段89號12樓之6至12樓之7,15000000,1050517
16222,27916977,雲和設計工程有限公司,臺中市西屯區寧夏東三街17號1樓,500000,1050502
16225,27917053,聯昌行石材科技發展有限公司,臺中市清水區武鹿里五權路４５０號１樓,5000000,1050514
16229,27918172,天賀飲水機企業有限公司,臺中市豐原區三村里豐原大道1段689號1樓,500000,1050504
16231,27918665,笠宏國際貿易有限公司,臺中市沙鹿區斗抵里太平路12之5號,2200000,1050509
16238,27920395,鋐鼎鋼構有限公司,臺中市龍井區忠和里海尾路278巷33弄4之1號,5000000,1050510
16239,27920424,豐裕園藝工具有限公司,臺中市龍井區田中里龍北路350巷19號1樓,500000,1050518
16246,27921839,達崴實業有限公司,臺中市豐原區社皮里中正路749巷11號1樓,1000000,1050526
16255,27940499,香港商世界健身事業有限公司,臺中市東區復興路4段186號9樓,111200000,1050520
16266,27953894,粉絲谷資訊股份有限公司,臺中市西區忠明里博館路117號7樓之1,10000000,1050503
16438,28013505,佑慶建設股份有限公司,臺中市東區東英五街62號3樓,5000000,1050511
16440,28014223,佑晟開發建設有限公司,臺中市西區五權西二街48號1樓,29000000,1050523
16441,28014552,裕發科技股份有限公司,臺中市烏日區長春街583巷16號,3000000,1050517
16442,28014645,傣慶開發工程有限公司,臺中市北屯區松安里修齊街13巷16號1樓,3000000,1050525
16447,28016453,玳得國際有限公司,臺中市北屯區熱河路3段165號1樓,2000000,1050526
16450,28018157,雅本企業有限公司,臺中市沙鹿區埔子里正義路８６號,1000000,1050512
16451,28018380,昌峻國際有限公司,臺中市沙鹿區福德路134號1之3樓,500000,1050530
16452,28018591,崧賀工程有限公司,臺中市太平區光華里大興十三街93巷52號1樓,500000,1050504
16460,28020175,后里薩克斯風玩家館有限公司,臺中市后里區墩北里民生路324號,5000000,1050517
16461,28020196,唐觀貿易有限公司,臺中市南區學府路135巷2弄15號1樓,5000000,1050506
16464,28020739,新亞裕旅行社有限公司,臺中市南屯區永定里南屯路二段870巷23號1樓,6000000,1050514
16465,28021049,穎新寢飾有限公司,臺中市梧棲區大庄里中央路一段919巷7號1樓,2000000,1050520
16467,28021272,誼富國際資產管理有限公司,臺中市北區中清路一段372號3樓,5000000,1050526
16468,28021435,金達奕建設股份有限公司,臺中市梧棲區草湳里文昌路773巷9號,11600000,1050519
16469,28021913,元發國際有限公司,臺中市北區賴福里大德街249巷1號1樓,5000000,1050514
16470,28022384,茗登興業有限公司,臺中市北區賴興里山西路２段１２５號,1000000,1050520
16475,28026207,澤康興業有限公司,臺中市潭子區大豐里雅豐街160巷27號1樓,1000000,1050530
16476,28026488,建豪環保企業有限公司,臺中市潭子區嘉仁里嘉豐路1巷2弄5號1樓,2500000,1050516
16480,28027135,元瑞五金商行有限公司,臺中市豐原區西安里成功路213號,500000,1050530
16483,28028113,力憬企業有限公司,臺中市西區和龍里中正路476號6樓之4,4000000,1050527
16492,28029400,群明投資有限公司,臺中市北屯區麻園西街60號1樓,60000000,1050519
16497,28030053,眾誠人力仲介有限公司,臺中市北區東光二街1號,5000000,1050518
16500,28030722,祥富環保有限公司,臺中市清水區南社里信義路１３８號,500000,1050503
16501,28030856,升偉有限公司,臺中市南屯區南屯里黎明路一段1086巷23之1弄7號3樓,500000,1050512
16512,28033143,享典工業有限公司,臺中市太平區永平路二段556號,2000000,1050504
16517,28034157,雅思股份有限公司,臺中市太平區建功街68號,18000000,1050511
16519,28034570,七一七實業有限公司,臺中市太平區中政里中平路順昌巷65弄14號1樓,1000000,1050505
16524,28035557,禾金實業有限公司,臺中市大雅區四德里龍善三街７號,3000000,1050513
16525,28035819,閤康保險經紀人股份有限公司,臺中市西屯區大鵬里文心路三段241號16樓之10,3000000,1050520
16531,28037669,詠群貿易有限公司,臺中市大里區仁化里仁愛路１７６巷５７號１樓,1000000,1050518
16536,28038338,童心有限公司,臺中市西屯區環中路三段868號,8500000,1050511
16540,28039619,富茂電器有限公司,臺中市南屯區河南路4段218號1樓,1000000,1050526
16542,28040783,信瑩自動控制有限公司,臺中市大里區公教街192號1樓,500000,1050514
16545,28041214,軒裕整合開發有限公司,臺中市北屯區軍功里松竹五路268號5樓之2,5000000,1050514
16556,28044583,品冠現代畜產股份有限公司,臺中市西屯區林厝里福雅路555號,12500000,1050509
16563,28046288,連總科技工程有限公司,臺中市南屯區大誠里大墩一街４２號７樓之２,1000000,1050514
16565,28046506,弘恩科技股份有限公司,臺中市潭子區東寶里大德二路37號,3500000,1050504
16573,28048949,維瀚生化科技有限公司,臺中市西屯區福和里中工三路190號2樓,3000000,1050519
16578,28049948,紹全科技有限公司,臺中市北區篤行路３７７-５號１樓,500000,1050502
16586,28051021,鈿欣企業有限公司,臺中市豐原區北湳里圓環北路2段10巷8號1樓,1000000,1050516
16588,28051325,孟益精密機械有限公司,臺中市潭子區潭北里人和路216巷47弄3號1樓,2000000,1050525
16596,28052231,金暉盛工業有限公司,臺中市豐原區三豐路675巷16弄25之8號,6660000,1050512
16597,28052393,昌邦實業有限公司,臺中市新社區大南里中和街二段一村巷４８號４樓,4000000,1050509
16602,28055477,正順科技有限公司,臺中市烏日區前竹里中山路一段229巷22弄11號1樓,5500000,1050504
16604,28055510,松峻國際有限公司,臺中市沙鹿區福德路167號2樓,1500000,1050530
16616,28057566,亨通語音科技有限公司,臺中市潭子區家興里中山路一段21號2樓,1000000,1050513
16618,28057989,全榮包裝材料有限公司,臺中市東區東英里樂業路489號1樓,500000,1050518
16621,28059001,力宝金屬有限公司,臺中市后里區泰安里安眉路２９號,1000000,1050513
16623,28059190,瞬麗國際有限公司,臺中市南屯區永定里永春路22-11號1樓,1000000,1050511
16631,28061294,東方巨龍國際有限公司,臺中市潭子區家興里大通街73巷5號1樓,5000000,1050527
16637,28063498,大自然草本生技有限公司,臺中市西屯區何福里寧夏東二街66號1樓,1500000,1050520
16657,28066761,微聚生工股份有限公司,臺中市大肚區新興里沙田路二段276號,25000000,1050519
16659,28067332,尚鈺五金工業有限公司,臺中市后里區墩南里舊圳路１０之１７號１樓,2000000,1050512
16662,28067706,上展室內裝修工程有限公司,臺中市烏日區永春東路116號1樓,1000000,1050520
16666,28068698,尚暘國際環保事業有限公司,臺中市西區美村路１段４３０號２樓,500000,1050512
16667,28068705,鼎旺聯合企業有限公司,臺中市北屯區同榮里同榮路２０９號１樓,1000000,1050528
16668,28068992,大帥國際有限公司,臺中市北屯區平德里天津路3段152號4樓之1,1000000,1050513
16669,28069599,永辰工業有限公司,臺中市大里區仁化里仁美路137巷30號,5000000,1050525
16677,28070651,中陽公寓大廈管理維護有限公司,臺中市北區大雅路337號16樓之3,10000000,1050527
16680,28071504,東威設計開發有限公司,臺中市清水區武鹿里中央路54-6號,6000000,1050518
16682,28072145,建生紙業有限公司,臺中市北屯區軍和街455巷18號1樓,1000000,1050505
16683,28072237,愷鉅生技有限公司,臺中市南屯區干城街116巷10弄15號,2000000,1050531
16686,28072497,禾冠設計顧問有限公司,臺中市南區五權南路１９３號１樓,500000,1050514
16692,28074354,三優利興業有限公司,臺中市西屯區福雅里臺灣大道四段840號1樓,1000000,1050526
16700,28075924,富臨投資有限公司,臺中市中區自由路２段１０３號１樓,454450000,1050528
16707,28076536,亞翎科技材料有限公司,臺中市大里區四育街9號1樓,5000000,1050517
16710,28076727,力群捲門有限公司,臺中市后里區廣福里內東路廣成巷49號1樓,1000000,1050527
16716,28077660,高証有限公司,臺中市豐原區自強南街258號1樓,1000000,1050513
16717,28077789,日光郡生物科技有限公司,臺中市大肚區磺溪里文昌二街140巷46號,15000000,1050519
16722,28078345,欣盛科技股份有限公司,臺中市太平區永豐路３４５號,13000000,1050530
16724,28078598,誠運小客車租賃有限公司,臺中市大里區永隆里國光路二段359號1樓,10000000,1050504
16726,28078767,展盛汽車修配有限公司,臺中市大里區仁化路671號1樓,500000,1050523
16727,28078957,鍵麟鴻科技有限公司,臺中市太平區長億里太平七街83號,5000000,1050518
16729,28079175,誠尚生物科技有限公司,臺中市西區五權一街１３號１樓,500000,1050530
16730,28079604,金聖峰育樂開發股份有限公司,臺中市北區頂厝里青島路三段220號1樓,12000000,1050530
16731,28080004,揚立機電有限公司,臺中市北區立人里北平一街３２號,1000000,1050509
16732,28080089,祥渝有限公司,臺中市豐原區鎌村里鎌村路302號1樓,1000000,1050524
16736,28080861,源順除蟲有限公司,臺中市西區華美街２４６號壹樓,500000,1050503
16748,28083332,駿隆行銷有限公司,臺中市北屯區仁美里崇德１２路６００號,1000000,1050519
16766,28087251,午資開發股份有限公司,臺中市西區綠川西街2之7號3樓,1200000000,1050525
16772,28088456,天保門防火工程有限公司,臺中市霧峰區本堂里林森路410巷5號1樓,4500000,1050518
16775,28088998,翊豐通風有限公司,臺中市大里區大元里大里街16巷7號1樓,10000000,1050519
16779,28090410,順利塑膠實業有限公司,臺中市太平區宜佳里宜佳街8巷25號1樓,5000000,1050524
16781,28090636,一二三電訊有限公司,臺中市西屯區臺灣大道二段690號1樓,2000000,1050527
16783,28090755,圓五行興業有限公司,臺中市大里區好來一街131號1樓,3000000,1050506
16785,28091564,晟翔傢俱有限公司,臺中市太平區育才路85號1樓,1000000,1050516
16786,28092590,丞謙有限公司,臺中市西區大隆路20號10樓之5,500000,1050518
16789,28092888,旻鴻企業有限公司,臺中市大肚區大明四街４７號１樓,1000000,1050511
16790,28093465,帛築傢飾織品有限公司,臺中市北屯區舊社里北屯路439之13號1樓,6000000,1050509
16796,28096033,台信貿易有限公司,臺中市南區南陽街92號1樓,2500000,1050526
16797,28096266,迦格國際有限公司,臺中市梧棲區頂寮里八德路82-1號7樓之5,5000000,1050511
16798,28096511,津琳國際有限公司,臺中市北屯區后庄里后庄二街１２１號１樓,1000000,1050512
16803,28097096,尚大精密有限公司,臺中市大雅區員林里大林路121巷13之3號1樓,1000000,1050503
16806,28097672,統帥物業管理顧問有限公司,臺中市西區公正里向上南路一段223號2樓之6,1000000,1050524
16809,28098047,智耀有限公司,臺中市西屯區朝富路213號13樓之11,30000000,1050505
16811,28098497,容庭工程開發有限公司,臺中市龍井區中山一路1段62巷8之1弄30之3號1樓,500000,1050517
16816,28099735,岳森光電科技有限公司,臺中市潭子區福仁里復興路一段228號1樓,2000000,1050518
16822,28100584,永三和重機械有限公司,臺中市豐原區南陽里圓環東路200號1樓,9600000,1050520
16825,28101155,釧越有限公司,臺中市烏日區溪埧里溪南路一段２６８號１樓,500000,1050530
16826,28101373,駿展精密股份有限公司,臺中市大雅區秀山里秀山路381巷16號,3000000,1050514
16828,28102008,有岑有限公司,臺中市霧峰區自強路66號1樓,500000,1050513
16829,28102197,皇庭有限公司,臺中市潭子區家興里榮興街83巷27號10樓,500000,1050526
16831,28102387,力興隆有限公司,臺中市大里區東興路612巷3號1樓,1000000,1050512
16834,28103463,羿榮股份有限公司,臺中市南屯區楓樹里楓樹南街223號1樓,15000000,1050519
16842,28105589,元隆車業有限公司,臺中市西區和龍里五權路183號1樓及183之1號1樓,500000,1050505
16845,28106594,齊圓企業有限公司,臺中市龍井區東海里藝術街70號3樓,500000,1050519
16848,28107587,森鴻空調有限公司,臺中市北屯區熱河路三段84號1樓,5000000,1050502
16851,28108039,文珍實業有限公司,臺中市西區存中街161巷1號,5000000,1050505
16858,28109852,國益重機械有限公司,臺中市豐原區翁子里豐勢路二段585號,6600000,1050524
16865,28111695,力友家俱有限公司,臺中市大雅區上雅里神林南路43巷45號1樓之2,1000000,1050510
16882,28121173,普瑞事業有限公司,臺中市清水區槺榔里臨港路五段182巷30號1樓,2000000,1050528
16891,28123480,加耐力密封件工業股份有限公司,臺中市東區建成路782號1樓,3000000,1050509
16892,28123849,海達泳池管理有限公司,臺中市外埔區大東里甲后路新城１１巷２１號１樓,500000,1050505
16894,28124039,錫泓貿易有限公司,臺中市南區平和里新和街154巷50號1樓,1000000,1050524
16896,28124740,台京精密機械有限公司,臺中市豐原區中興里三村路１０４巷２２號１樓,500000,1050523
16898,28124832,綠瑩生物科技有限公司,臺中市北區大德街158巷3號2樓,1000000,1050506
16901,28125945,士唯環境科技有限公司,臺中市西區自治街30號2樓,6000000,1050521
16905,28126846,力助工程有限公司,臺中市清水區南社里鰲峰路358號3樓,5000000,1050521
16908,28127113,信義屋不動產經紀有限公司,臺中市豐原區社皮里社皮路55號1樓,2000000,1050524
16909,28127866,銀慶企業股份有限公司,臺中市大里區仁德里慈善路111巷6號1樓,10000000,1050502
16911,28128458,逍遙閣有限公司,臺中市南屯區惠中路三段173號3樓,600000,1050518
16914,28128817,三順發實業有限公司,臺中市西區臺灣大道2段150號,500000,1050521
16917,28129978,永合心有限公司,臺中市北屯區三和里東山路一段146之35號1樓,1000000,1050509
16918,28129983,富鈺環保有限公司,臺中市大肚區頂街里沙田路３段２５４號１樓,2000000,1050503
16919,28130573,衣倫有限公司,臺中市西屯區惠來里河南路4段65號1樓,1000000,1050506
16923,28131518,柒賢國際有限公司,臺中市南屯區文心南五路一段350巷21號1樓,5000000,1050509
16924,28131685,旭奕實業有限公司,臺中市大里區大成街25號1樓,5000000,1050503
16927,28131849,鴻謚鑫工程有限公司,臺中市潭子區勝利九街８５號１樓,3000000,1050516
16928,28131974,正運物流股份有限公司,臺中市西屯區何德里甘州六街30號,1000000,1050503
16929,28132045,寬翔工程有限公司,臺中市烏日區中華路２９４巷１６弄１２號１樓,1000000,1050514
16934,28133451,世瑋工業有限公司,臺中市太平區德明路３２９號,1000000,1050525
16936,28134634,欣隆藥業有限公司,臺中市北區賴村里五常街１８２號,500000,1050525
16938,28135599,大眾興盛有限公司,臺中市潭子區家福里頭張路1段13巷27號1樓,5000000,1050530
16943,28137626,高瑞不動產股份有限公司,臺中市北區文心路四段212號10樓之2,3000000,1050509
16944,28137647,寬庭石材實業有限公司,臺中市南屯區大誠里精誠路656號1樓,3000000,1050527
16945,28137718,華中照明企業有限公司,臺中市大里區中興路１段７８號,500000,1050520
16947,28138287,黃金甲環保科技有限公司,臺中市西屯區中康街215巷3號,5600000,1050517
16950,28139407,冠興達實業有限公司,臺中市大里區仁愛路160巷137號1樓,5000000,1050523
16952,28140066,家醫國際生化股份有限公司,臺中市西屯區協和里工業區三十四路52號1樓,7589000,1050517
16955,28140636,吉美鞋材有限公司,臺中市烏日區九德里長春街598巷47號1樓,1000000,1050520
16961,28142297,詠輝工程實業有限公司,臺中市后里區墩東里文明路90號1樓,500000,1050525
16962,28142493,大忠工程有限公司,臺中市清水區南社里忠孝路２００巷７６號,500000,1050519
16963,28142509,金暐電化有限公司,臺中市太平區成功里成功路440號1樓,1000000,1050509
16966,28143330,瑞璱有限公司,臺中市北屯區平德里綏遠路２段１５巷１號１樓,1000000,1050509
16968,28144062,百宜紙器有限公司,臺中市大里區塗城里光正路134巷141弄37號,2000000,1050508
16971,28144788,愛迪斯國際有限公司,臺中市清水區建國路102號5樓之2,500000,1050502
16972,28144794,浤琩進有限公司,臺中市沙鹿區南勢里南斗路230號1樓,500000,1050521
16973,28145040,法境蓮坊有限公司,臺中市大雅區雅楓街62號1樓,500000,1050529
16974,28145180,金富源實業有限公司,臺中市沙鹿區福興里鎮南路永福巷1號,3000000,1050516
16976,28145745,自強冷氣有限公司,臺中市北屯區后庄路485號1樓,500000,1050516
16977,28145787,捷暢國際股份有限公司,臺中市東區東信里樂業路490號1樓,5000000,1050506
16978,28146316,上德特殊美術企業有限公司,臺中市大里區中興路２段５０巷２０號１樓,500000,1050520
16981,28147119,三崴國際有限公司,臺中市南屯區田心里大墩6街350巷6號2樓之3,3000000,1050517
16985,28148953,鑫欣隆有限公司,臺中市龍井區海尾路278巷27-1號1樓,1000000,1050523
16987,28149600,川喬科技工程有限公司,臺中市北屯區同榮里環中路一段1828之1號,12000000,1050506
16989,28150079,鍵淮有機股份有限公司,臺中市南屯區五權西路三段1巷165之1號1樓,6150000,1050519
16994,28150535,環景建築股份有限公司,臺中市南屯區惠中里大正街6號2樓之2,12000000,1050521
16995,28150633,隆達冷凍空調有限公司,臺中市南屯區楓平路701號1樓,5000000,1050523
17003,28152479,愛菲爾室內裝潢有限公司,臺中市西區美村路一段580號1樓,2000000,1050504
17005,28152626,詮鑫國際有限公司,臺中市梧棲區中正里仁美街135巷33弄7號1樓,1000000,1050505
17015,28154835,美味王食品工業有限公司,臺中市大里區健民里仁化工三路113號,3500000,1050527
17017,28155551,景鼎石材有限公司,臺中市梧棲區臨港路四段906巷11號,1000000,1050528
17018,28155736,洛洋電子有限公司,臺中市西屯區洛陽路124號1樓,5000000,1050517
17021,28156279,誠寶房屋仲介有限公司,臺中市西屯區上石里青海路二段210號1樓,1000000,1050501
17027,28157431,安晟資訊企業有限公司,臺中市北區民權路325之1號,1000000,1050512
17032,28157925,達勝興業有限公司,臺中市烏日區九德里中華路４７６號１樓,1000000,1050517
17037,28158641,銀鼎實業有限公司,臺中市南屯區大同里大進街61號1樓,1500000,1050525
17038,28158760,玖鈺科技有限公司,臺中市烏日區北里里太明路253號,6000000,1050519
17045,28160484,達博廣告有限公司,臺中市北區錦平里三民路三段133-5號3樓,500000,1050517
17050,28161322,登信室內設計有限公司,臺中市北區頂厝里太原路二段292號1樓,1000000,1050504
17054,28162130,銳濠企業有限公司,臺中市大里區塗城路１０９巷１２號１樓,500000,1050523
17056,28162407,詮欣冷凍空調工程有限公司,臺中市南區崇倫北街１０１號,2000000,1050505
17057,28162618,翔舜廣告事業有限公司,臺中市西屯區何成里大墩十八街183號18樓之1,1000000,1050519
17065,28164257,國鵬國際有限公司,臺中市大里區仁德里金山街51號1樓,1000000,1050514
17068,28164973,麥達康食品有限公司,臺中市西屯區中清路二段1241號2樓,500000,1050524
17069,28165018,華方科技有限公司,臺中市西屯區協和里工業區31路22號1樓,22000000,1050504
17071,28165988,劦振企業有限公司,臺中市潭子區甘蔗里甘水路二段189之6號,12000000,1050525
17077,28168459,正新電業有限公司,臺中市西屯區西安里烈美街179號1樓,1000000,1050509
17078,28168752,天康淨化水科技有限公司,臺中市北屯區北京里北屯路163號,1000000,1050525
17230,28218057,博鑫國際企業有限公司,臺中市北屯區和祥街252號,5000000,1050512
17264,28230209,瑞飛科技有限公司,臺中市南屯區文山九街91號1樓,1000000,1050528
17280,28311526,祐奇健康科技股份有限公司,臺中市霧峰區吉峰里中正路1265巷20號,29000000,1050501
17281,28311687,秉禾實業有限公司,臺中市大里區東湖里國寶街9號6樓,1000000,1050524
17283,28311791,緯彥實業有限公司,臺中市大甲區順天里三民路36號1樓,3000000,1050503
17285,28312433,永立傑工程有限公司,臺中市烏日區烏日里大同五街19號1樓,500000,1050516
17286,28312715,定號有限公司,臺中市西屯區烈美街２５號１樓,3000000,1050524
17289,28313123,全志事業有限公司,臺中市外埔區鐵山里長生路251號,1000000,1050506
17290,28313307,弘毅化妝品有限公司,臺中市大雅區四德村17鄰中山五路28號,600000,1050524
17292,28313854,裕鼎科技有限公司,臺中市南屯區文心路一段378號20樓之3、4,12000000,1050511
17293,28313952,研恆科技股份有限公司,臺中市北區崇德路一段631號7樓之2,45500000,1050518
17294,28314381,田舍室內裝修設計工程有限公司,臺中市南區福順里南陽街71號1樓,5000000,1050503
17296,28314468,東冠貿易有限公司,臺中市北區青島路一段377巷7號1樓,2000000,1050511
17304,28316450,弘國綫割實業有限公司,臺中市梧棲區南簡里民和路二段21號1樓,3000000,1050525
17306,28317140,靖達有限公司,臺中市后里區后里里三豐路355巷11號1樓,1000000,1050530
17307,28317211,黛門髮妝有限公司,臺中市潭子區福仁里中山路2段85、87號,1000000,1050516
17309,28317704,德李企業有限公司,臺中市南屯區三和里黎明東街399號11樓之10,500000,1050518
17312,28319230,淂鍵生技有限公司,臺中市南屯區楓樹里25鄰楓樹南街225之20號,500000,1050519
17316,28319689,宏智科技股份有限公司,臺中市神岡區大社里豐社路27號1樓,1000000,1050517
17321,28320481,明園營造有限公司,臺中市北屯區仁友巷72號1樓,3000000,1050511
17323,28320715,佑良精密有限公司,臺中市豐原區豐田里南陽路59巷100弄29之5號,2000000,1050510
17326,28322426,宏道金屬工業有限公司,臺中市烏日區公園一街１３６號１樓,3000000,1050530
17342,28326464,星辰工業有限公司,臺中市潭子區聚興里興豐山莊57號1樓,520000,1050516
17344,28326674,波灣投資有限公司,臺中市中區綠川西街178號1樓,964054890,1050513
17348,28326886,長築土木工程有限公司,臺中市南屯區南屯里五權西路2段666號7樓之6,1000000,1050513
17349,28327597,豐和投資有限公司,臺中市中區綠川西街178號1樓,968699000,1050525
17351,28327750,禾瑞國際有限公司,臺中市北屯區安順東一街60號1樓,16000000,1050511
17358,28329531,其沅實業有限公司,臺中市龍井區三德里中央路2段268巷8弄12號2樓之3,500000,1050523
17359,28329602,協力旺食品有限公司,臺中市北區錦村里南京東路2段17號1樓,3000000,1050520
17368,28332872,昱程科技股份有限公司,臺中市大雅區秀山里科雅路36號1樓,83664170,1050503
17370,28333205,天源輪具有限公司,臺中市外埔區三崁里三崁路33號,10000000,1050525
17378,28335977,元創力品牌包裝設計有限公司,臺中市北屯區大連路三段10號3樓之2,2000000,1050511
17379,28336033,博涵科技工程股份有限公司,臺中市南區樹義里大慶街1段81-1號1樓,7000000,1050512
17381,28336271,程都旅行社有限公司,臺中市大甲區育德路302巷12號1樓,6000000,1050520
17386,28337074,美林林業有限公司,臺中市豐原區豐原里中正路１６號３樓,5000000,1050520
17390,28337666,振豪紙業股份有限公司,臺中市南屯區中和里黎明路一段395巷27號2樓,20000000,1050527
17394,28338377,富立達投資有限公司,臺中市中區自由路2段103號1樓,876200000,1050518
17397,28338829,旭茂建材有限公司,臺中市北屯區松安里崇德六路１段３０巷３３號,880000,1050529
17404,28340206,銓浩實業有限公司,臺中市南區國光路365巷14號1樓,500000,1050520
17406,28340368,瀚陞科技有限公司,臺中市烏日區中山路一段520號1樓,5000000,1050516
17407,28340389,鉅頂企業有限公司,臺中市沙鹿區竹林里中山路142-2號1樓,500000,1050529
17410,28340542,百富工業有限公司,臺中市東區建仁街27號1樓,500000,1050525
17412,28340872,艾康實業有限公司,臺中市南屯區豐樂里文心南三路1111巷18號1樓,500000,1050517
17420,28343484,芳宜管理顧問有限公司,臺中市烏日區烏日里大同二街72號1樓,500000,1050502
17424,28344456,騰康健國際有限公司,臺中市北屯區軍功里軍功路二段550巷27之1號1樓,660000,1050528
17432,28345862,數泓科技股份有限公司,臺中市潭子區潭秀里北環路15-1號,94500000,1050526
17439,28348360,艾氏巴爾精密科技有限公司,臺中市烏日區溪南路三段503巷116弄200號1樓,880000,1050512
17441,28348827,禾翔工業有限公司,臺中市豐原區南嵩里水源路71巷9號1樓,1000000,1050510
17442,28349374,華岳企業有限公司,臺中市大雅區上雅里雅環路2段86巷52號1樓,500000,1050517
17444,28350251,永昇測量有限公司,臺中市豐原區北湳里圓環北路二段141號15樓之1,1000000,1050523
17446,28350999,林偉開發股份有限公司,臺中市西區大隆路20號13樓之7,50000000,1050528
17447,28351097,欣松合企業有限公司,臺中市北區明新里太原北路168號1樓,1000000,1050514
17448,28351717,鉅禾工業有限公司,臺中市神岡區社南里中山路667巷26弄6號,50000000,1050516
17453,28352119,康太國際科技有限公司,臺中市南屯區惠中里文心路一段378號6樓之2,1500000,1050526
17462,28355447,詮鴻工程檢驗科技有限公司,臺中市大肚區王田里王福街142號,4000000,1050511
17463,28355565,竑茂模具有限公司,臺中市大里區仁慈街90號1樓,500000,1050517
17470,28356889,順達保險經紀人股份有限公司,臺中市西區昇平街36號1樓,3000000,1050503
17472,28357439,暐特嵂科技有限公司,臺中市北屯區文心路四段671號2樓,1000000,1050530
17474,28357542,智詮精密工業有限公司,臺中市潭子區大富里大富路3段219巷36號1樓,2000000,1050503
17482,28358704,富豐工程顧問股份有限公司,臺中市南屯區黎明路一段1100巷12號,5000000,1050503
17483,28359464,坤廣國際貿易有限公司,臺中市北屯區文心路三段447號19樓之2,43000000,1050514
17484,28359767,盛大建設股份有限公司,臺中市西屯區潮洋里市政北二路236號19樓之1,500000000,1050530
17487,28361193,晨崴企業有限公司,臺中市北區太原八街102號1樓,10000000,1050530
17488,28361335,玖時風企業有限公司,臺中市北屯區和平里和祥七街71巷1樓,500000,1050512
17491,28361572,炬拓科技有限公司,臺中市烏日區九德里興祥街90巷47號1樓,3000000,1050531
17493,28361790,歐閣廣告有限公司,臺中市太平區新光路68之7號1樓,1000000,1050525
17494,28362117,盛鑫廣告企劃有限公司,臺中市西屯區福聯里福順路909號1樓,1000000,1050502
17499,28362897,良沛企業有限公司,臺中市南屯區同心里大墩六街239號4樓之5,1500000,1050529
17501,28363592,東閱實業有限公司,臺中市北區德村里德化街395號1樓,1000000,1050530
17507,28364902,尚全興業有限公司,臺中市北屯區北屯路499號1樓,5000000,1050509
17509,28365331,孚伸企業有限公司,臺中市東勢區東關路628之28號,2000000,1050516
17511,28365867,威立特科技有限公司,臺中市東區富仁里富榮街27號1樓,1000000,1050507
17514,28366280,采捷彩色印刷有限公司,臺中市潭子區栗林里民生街134巷1弄11號1樓,3000000,1050504
17517,28366839,博客印有限公司,臺中市南屯區大墩12街127號1樓,500000,1050530
17518,28366850,晶通貿易有限公司,臺中市南區南門里南門路８５號３樓,6000000,1050530
17522,28367751,奇鑫有限公司,臺中市豐原區南村里水源路416號,1000000,1050516
17524,28368457,玖太機械有限公司,臺中市后里區墩東里文明路21之1號1樓,500000,1050522
17525,28368478,葳肯開發有限公司,臺中市北屯區松強里山西路三段290號1樓,5000000,1050525
17526,28368560,宇盛環保機械有限公司,臺中市西屯區逢甲路２２５巷１２號１樓,1000000,1050511
17532,28369104,金吉祥家業股份有限公司,臺中市潭子區頭家里和平路87巷12號2樓,2200000,1050510
17535,28369391,黃河精密股份有限公司,臺中市豐原區南陽里永康路211巷60號8樓之1,10000000,1050508
17537,28369580,尚昱投資顧問有限公司,臺中市南屯區保安三街121號,10000000,1050506
17539,28370046,光翰科技有限公司,臺中市西區中美街324號1樓,4500000,1050524
17542,28370860,錦墩機械有限公司,臺中市豐原區西勢路114巷62弄2號1樓,1000000,1050511
17543,28370995,志春有限公司,臺中市大里區仁德里至善路8巷32號,1000000,1050517
17544,28371299,汎華實業股份有限公司,臺中市烏日區仁德里興祥街19巷39弄10號1樓,12000000,1050505
17545,28371360,原象室內裝修設計有限公司,臺中市東區練武路12號1樓,1000000,1050523
17548,28371729,帝璟建設股份有限公司,臺中市西屯區西平里福星北路62號,85000000,1050503
17553,28372635,奇甫環保實業有限公司,臺中市大里區中山路35號1樓,3000000,1050521
17556,28373584,耀漢國際股份有限公司,臺中市西屯區至善里臺灣大道三段688巷38號1樓,5000000,1050530
17557,28373705,鴻佑機械鈑金有限公司,臺中市大肚區蔗廍里中蔗路11號,6000000,1050503
17558,28374036,夏宇國際企業有限公司,臺中市豐原區西勢路150號1樓,10000000,1050509
17559,28374079,詮鑫金屬傢俱有限公司,臺中市豐原區南田里水源路192巷57之10號,1000000,1050523
17562,28374660,詠順開發股份有限公司,臺中市東區東信里東英五街56號3樓,5000000,1050511
17564,28374943,創邑科技有限公司,臺中市西屯區西墩里上安路226號8樓之3,7500000,1050505
17566,28375226,宇泰光電有限公司,臺中市豐原區西安里安和路22號1樓,2000000,1050504
17568,28375957,建荃鋼構企業有限公司,臺中市豐原區北陽路450巷102弄30號1樓,500000,1050503
17569,28376127,勝益投資有限公司,臺中市南屯區南屯里永春東路1092號3樓,3000000,1050513
17571,28376479,鏵隆五金有限公司,臺中市梧棲區草湳里建國北街31巷40號1樓,5000000,1050512
17574,28377603,山貿科技有限公司,臺中市潭子區大豐里大豐路三段119巷8號1樓,5000000,1050524
17575,28377884,勇冠資源回收有限公司,臺中市西屯區西安街101號1樓,600000,1050521
17579,28379264,傑太企業有限公司,臺中市西屯區惠來里市政北七路175號9樓之5,1000000,1050518
17580,28379617,立成塑膠模具有限公司,臺中市豐原區三村里西勢路253巷9號,1000000,1050512
17583,28380403,睿豐建設有限公司,臺中市烏日區烏日里大同路２３號,500000,1050523
17596,28383751,神電興業有限公司,臺中市大里區德芳南路471巷50號1樓,5000000,1050511
17599,28384718,宥旭國際有限公司,臺中市西區公益里向上北路284巷7號1樓,20000000,1050517
17600,28384870,凱米國際有限公司,臺中市北屯區雷中街61巷14弄6號1樓,1000000,1050523
17605,28386027,永欣清潔有限公司,臺中市北區永興街6號1樓,3000000,1050514
17607,28386146,佑昌事業有限公司,臺中市豐原區南嵩里水源路89號,500000,1050512
17621,28388290,金宏昌機械有限公司,臺中市東區十甲里十甲北街45號1樓,1000000,1050516
17624,28388518,順珩企業有限公司,臺中市大肚區大東里自由路218號7樓,3000000,1050529
17626,28389066,威士美國際有限公司,臺中市南屯區南光路46巷10號1樓,3000000,1050522
17630,28389951,穩穎投資股份有限公司,臺中市北屯區進化北路33號2樓,1000000,1050518
17632,28390612,艾居有限公司,臺中市南屯區文心南五路一段360號1樓,500000,1050514
17633,28390649,億鈺工業有限公司,臺中市太平區新福里新福路２７號４樓,1100000,1050530
17634,28390900,連線科技股份有限公司,臺中市大甲區武曲里大安港路208號2樓,10000000,1050510
17635,28391605,印鎂超企業有限公司,臺中市南區樹德里復興北路475號,29960000,1050505
17640,28393527,登越工程有限公司,臺中市梧棲區頂寮里四維中路224巷3號1樓,10000000,1050523
17641,28393575,揚翊精密機械有限公司,臺中市霧峰區南柳里霧工六路12號,3000000,1050511
17647,28394595,義群科技股份有限公司,臺中市潭子區甘蔗里勝利三街100號1樓,90050000,1050528
17650,28396117,七元素藝術創作有限公司,臺中市西屯區西安里逢甲路200巷37號,1000000,1050513
17651,28396186,鴻曜五金實業有限公司,臺中市北屯區崇興路一段61號1樓,1000000,1050506
17657,28396762,水村電有限公司,臺中市大里區慈德路310巷11號,2000000,1050503
17658,28396926,毅軒工程有限公司,臺中市大甲區新美里光明路261巷2號1樓,1000000,1050523
17661,28398059,宏承科技建材有限公司,臺中市潭子區大成街132巷1號1樓,3000000,1050502
17664,28398902,順集成股份有限公司,臺中市大肚區王田里興和路285巷8號,9500000,1050530
17669,28400338,辛圓企業有限公司,臺中市南屯區寶山五街58號1樓,27000000,1050508
17672,28401364,名鋒塑膠股份有限公司,臺中市大雅區員林里大林路292巷2號,6000000,1050510
17678,28402390,一福搬家貨運有限公司,臺中市太平區新光路新生50巷18號,10000000,1050518
17679,28402552,東曄生物科技有限公司,臺中市龍井區藝術街84號3樓,500000,1050518
17690,28405002,昱盛電機有限公司,臺中市太平區宜欣里宜昌東路172號1樓,5000000,1050507
17692,28405349,小森國際有限公司,臺中市北區大湖里大湖街65號1樓,1000000,1050519
17697,28406706,友詮興業有限公司,臺中市北區博館路88號11樓之2,6000000,1050512
17705,28407959,大馬冷凍空調工程有限公司,臺中市大雅區上楓里民族街89號1樓,2000000,1050507
17715,28409083,欣學英資訊有限公司,臺中市大里區立仁三路25號1樓,7000000,1050520
17717,28410075,玖如電信有限公司,臺中市沙鹿區沙鹿里沙田路170號1樓,500000,1050501
17750,28444960,奇庚實業有限公司,臺中市南屯區大同里大進街75號4樓,5000000,1050519
17909,28493384,元祿亦有限公司,臺中市霧峰區吉峰里吉峰路67巷2弄19號,10000000,1050519
17910,28493440,允田精密工業有限公司,臺中市清水區西社里鰲峰一街128號1樓,500000,1050517
17911,28493574,丙慶企業有限公司,臺中市清水區橋頭里橋江北街一段78巷30號1樓,1000000,1050506
17916,28494200,威鋒國際企業有限公司,臺中市豐原區水源路南坑巷63號,1000000,1050504
17917,28494399,皓盈實業有限公司,臺中市太平區永義路126號1樓,5000000,1050526
17918,28494779,世月開發股份有限公司,臺中市南屯區文心路1段218號4樓之6,30000000,1050516
17922,28495762,哈德森遊艇股份有限公司,臺中市北屯區文心路3段447號30樓之1,17000000,1050526
17931,28499346,承邦工程顧問有限公司,臺中市南屯區三厝里大富街108之2號,2000000,1050517
17934,28499866,成峻實業有限公司,臺中市豐原區鎌村路472巷42號,1000000,1050526
17935,28500076,弘達機電工程有限公司,臺中市豐原區南村里7鄰直興街129巷24號5樓之1,1000000,1050523
17943,28500998,金源富室內裝修有限公司,臺中市石岡區石岡里豐勢路１２４８號,3000000,1050525
17951,28502567,立霖基建設有限公司,臺中市后里區墩南里南村路400巷8號1樓,3000000,1050509
17955,28502975,咬一口音樂有限公司,臺中市北區東光路424號7樓,1000000,1050522
17962,28503539,喜來有限公司,臺中市太平區新吉里22鄰育仁南路1號1樓,500000,1050510
17972,28505109,廣大鐵業有限公司,臺中市東區十甲東路120號1樓,2000000,1050531
17976,28505614,吉合工程有限公司,臺中市中區大誠里中山路271號1樓,500000,1050519
17980,28506022,易立威機電股份有限公司,臺中市大雅區永和路六甲巷10之11號,10000000,1050509
17984,28506640,晏豐精機有限公司,臺中市大肚區南榮路412號1樓,2000000,1050506
17985,28506655,銓鎰精密科技有限公司,臺中市潭子區甘蔗里甘水路二段306之1號,18000000,1050525
17990,28507514,精銳國際行銷股份有限公司,臺中市南區國光路88號5樓之1,2000000,1050502
17992,28507599,泰盛塗裝工程有限公司,臺中市烏日區湖日里榮泰街133號1樓,1500000,1050513
17993,28508534,宏裕彈簧五金有限公司,臺中市潭子區嘉仁里旱溪西路七段89號,1000000,1050514
17994,28508915,原野聲學有限公司,臺中市北屯區大連路一段355號1樓,5000000,1050510
17998,28509442,進益精密有限公司,臺中市太平區東平里東平路618巷17號6樓,3000000,1050510
18001,28509739,鼎霖國際有限公司,臺中市太平區中興里永義路139巷7號1樓,1000000,1050518
18004,28510074,東弘科技工程有限公司,臺中市沙鹿區臺灣大道六段926巷38弄57號1樓,5000000,1050516
18005,28510237,神光顏料有限公司,臺中市北屯區松竹路一段373號1樓,1000000,1050518
18006,28510399,繼業建設有限公司,臺中市南區工學里高工路132巷16號1樓,1000000,1050523
18009,28511067,萬大酵素生物科技股份有限公司,臺中市潭子區福仁里中山路2段49號,15000000,1050506
18010,28511123,永鉦電機有限公司,臺中市西屯區大河里美滿街18巷2號1樓,1000000,1050517
18011,28511159,勝元室內裝修有限公司,臺中市西區臺灣大道二段218號8樓之2,10000000,1050524
18013,28511658,益利富股份有限公司,臺中市龍井區龍崗里竹師路二段76巷3號1樓,1000000,1050512
18015,28511849,豐晨貿易股份有限公司,臺中市西屯區大容東街90號9樓之2,29500000,1050502
18016,28511910,紅如意有限公司,臺中市神岡區庄前里神林路90巷1-35號2樓,500000,1050518
18017,28512256,禾勝精密工具有限公司,臺中市大里區立德里立信街22巷1號1樓,5000000,1050517
18022,28513327,德福人力仲介有限公司,臺中市西屯區福雅里臺灣大道四段786巷14號1、2樓,5000000,1050512
18030,28514297,蘇妃美學生技顧問有限公司,臺中市西區民龍里臺灣大道2段375號10樓之3,500000,1050512
18032,28515107,廣福建材有限公司,臺中市霧峰區南柳里福新路２９６號,500000,1050505
18034,28516372,震東興實業有限公司,臺中市北區漢口路3段55巷13號1樓,5000000,1050526
18040,28518033,大理實廣告事業有限公司,臺中市西屯區至善里臺灣大道3段686之1號3樓,2500000,1050510
18048,28519292,永鼎利機械有限公司,臺中市太平區建興里鵬儀路425號,2000000,1050513
18058,28522493,優士達科技有限公司,臺中市北屯區三光里北屯路232之10號12樓,3500000,1050531
18059,28523057,海根精密有限公司,臺中市神岡區三角里大富路247-2號,10000000,1050510
18061,28523269,宥威貿易有限公司,臺中市北區梅川里漢口路四段353號4樓,5000000,1050523
18062,28523296,華宥建材有限公司,臺中市北屯區環中路1段1566號,10000000,1050518
18063,28523514,冠霖粘劑有限公司,臺中市神岡區社南里中山路725之2號,6000000,1050505
18064,28523520,華瑞興業有限公司,臺中市烏日區學田路便行巷121弄25之8號1樓,1000000,1050521
18070,28525105,春榞有限公司,臺中市豐原區西安里圓環南路103號1樓,1000000,1050511
18071,28525251,威霖精密科技股份有限公司,臺中市東區十甲里東英八街65號,3000000,1050523
18072,28525442,歐迪特國際有限公司,臺中市豐原區社皮里中正路647號,2000000,1050519
18073,28525626,慕都實業有限公司,臺中市潭子區東寶里大德北路45-2號,1000000,1050519
18075,28526603,臣浬投資有限公司,臺中市太平區中山路一段376巷24號1樓,1000000,1050526
18080,28527027,天富人力有限公司,臺中市西屯區文心路二段566之1號3樓之1,17000000,1050505
18092,28530424,活樂食品有限公司,臺中市北區中清路一段657號,10000000,1050517
18094,28530607,東訓有限公司,臺中市太平區平安里1鄰鵬儀路214巷6弄8-21號,500000,1050516
18095,28530613,大德興國際事業股份有限公司,臺中市西區藍興里三民路一段103號12樓之2 ,50000000,1050510
18096,28530661,鼎集環保有限公司,臺中市豐原區西湳里三豐路５６７號１樓,2000000,1050513
18097,28531438,天立照明有限公司,臺中市南區正氣街8號4樓,1000000,1050502
18104,28532485,貫鼎有限公司,臺中市南屯區豐富路205之1號1樓,500000,1050516
18106,28533386,采宏投資有限公司,臺中市太平區大勇街129號1樓,10000000,1050528
18111,28533983,忠韋國際貿易有限公司,臺中市太平區新光里振文路47號1樓,12000000,1050506
18113,28534266,得敦有限公司,臺中市南區有恆街128號1樓,500000,1050503
18114,28534499,家昕有限公司,臺中市西區中興街285巷13弄3號1樓,1500000,1050511
18119,28534879,臺威建材有限公司,臺中市西屯區何源里成都路152號1樓,5000000,1050514
18122,28535547,欣翬有限公司,臺中市清水區鰲峰路46巷9之18號,700000,1050510
18128,28537279,厚佳有限公司,臺中市潭子區豐興路一段441號1樓,500000,1050503
18131,28537587,金富源企業有限公司,臺中市潭子區甘蔗里環中路一段189之7號,2000000,1050520
18138,28539234,三多有企業有限公司,臺中市豐原區豐田里田心路2段267東巷45號,550000,1050526
18142,28539446,蒲菲科技有限公司,臺中市大甲區頂店里大智街169號1樓,1000000,1050517
18143,28539467,國富科技有限公司,臺中市神岡區大豐路42巷56弄8號,4000000,1050523
18146,28540252,安普士國際有限公司,臺中市潭子區福仁里新興路1段288巷30弄2號,1000000,1050530
18147,28540393,大肚永勝有限公司,臺中市大肚區新興里沙田路2段102巷35號,6000000,1050503
18149,28540719,垣瑞工業有限公司,臺中市大雅區四德里中山八路102號,500000,1050529
18151,28541132,三力複合材料有限公司,臺中市沙鹿區晉江里臺灣大道7段167號1樓,500000,1050510
18152,28541169,淇展實業有限公司,臺中市北屯區平福里大連路二段236號1樓,3000000,1050517
18154,28541463,艾莉森傢飾有限公司,臺中市西屯區天保街150巷7號1樓,1000000,1050511
18156,28542076,滬豐企業有限公司,臺中市梧棲區永安里臨港路三段166巷28號,1000000,1050519
18158,28542126,宏光興業有限公司,臺中市大里區東興路78巷1號1樓,4500000,1050517
18159,28542694,佺益工業股份有限公司,臺中市太平區太平里永成路99巷4號1樓,3000000,1050509
18161,28543379,凱國有限公司,臺中市潭子區潭陽里甘水路一段75號1樓,10500000,1050510
18170,28544790,仲悅國際有限公司,臺中市北區進化北路392之2號12樓之1,3000000,1050503
18172,28544975,博通國際資訊股份有限公司,臺中市南屯區大業里公益路二段51號21樓(A2室),5000000,1050518
18173,28545073,河誠工業有限公司,臺中市潭子區栗林里祥和路35巷28號,3000000,1050525
18186,28547121,展利欣實業有限公司,臺中市西屯區惠來里市政北一路77號8樓之14,3000000,1050511
18187,28547327,庭揚科技股份有限公司,臺中市大雅區大林路211巷17之6號1樓,1000000,1050516
18189,28547620,福聖興業有限公司,臺中市龍井區忠和里工業路188巷8號,600000,1050517
18196,28549090,普施特科技有限公司,臺中市神岡區三社路138號1樓,2500000,1050524
18197,28549205,兆立機械有限公司,臺中市龍井區麗水里三港路水裡港巷21之10號,1000000,1050506
18199,28549839,勝埜有限公司,臺中市大安區西安里東西七路52號,600000,1050516
18200,28550271,冠鈞工業有限公司,臺中市烏日區前竹里中山路一段和平巷116號1樓,5000000,1050526
18208,28552756,惠鑽銓國際有限公司,臺中市西區公館里樂群街424號1樓,29000000,1050506
18209,28552778,奇買國際股份有限公司,臺中市神岡區大漢街31巷16弄13號3樓,5000000,1050505
18214,28554826,九泰光電科技有限公司,臺中市烏日區光明路216號1樓,25000000,1050503
18215,28555016,崴勝旅行社有限公司,臺中市西區東昇里貴和街21號1樓,6000000,1050518
18221,28556090,奈鼎科技有限公司,臺中市大雅區中清路3段758巷17號2樓,1000000,1050528
18222,28556253,亞億機械有限公司,臺中市龍井區東海里遠東街200巷7號1樓,2875000,1050526
18224,28556583,榮信科技有限公司,臺中市西區三民路1段149號3樓之1,1500000,1050511
18225,28556599,鵬騫企業有限公司,臺中市豐原區中正路654巷10之5號2樓,1000000,1050502
18228,28557154,昱基企業有限公司,臺中市西屯區河南路２段３０９號４樓,29500000,1050530
18229,28557176,金茂錡企業有限公司,臺中市潭子區潭陽里光陽路124巷8號9樓,500000,1050512
18232,28557507,佑欣管理顧問股份有限公司,臺中市東區東信里東英五街62號2樓,50000000,1050509
18240,28558772,磨玉人翡翠珠寶有限公司,臺中市西屯區福安里臺灣大道四段600號1樓,1000000,1050514
18245,28559982,如舍室內裝修有限公司,臺中市西屯區天水西一街1號1樓,1000000,1050508
18255,28563212,思維環境科技有限公司,臺中市西屯區天水西街2之1號,10000000,1050517
18257,28563613,福報企業有限公司,臺中市西屯區福科路327號1樓,5000000,1050520
18258,28563819,國碼資通有限公司,臺中市西屯區廣福里廣福路290-3號,5000000,1050502
18261,28564319,秋金鐵工廠有限公司,臺中市清水區武鹿里海濱路２６７之１０號１樓,3000000,1050519
18263,28564599,宸詮興業有限公司,臺中市大里區新仁四街23號1樓,680000,1050503
18275,28568504,富磯企業有限公司,臺中市西區大忠里大忠南街96巷1號2樓,2500000,1050523
18286,28570121,億佳室內裝修工程有限公司,臺中市北屯區后庄一街65號,1000000,1050531
18294,28570945,鑫陽國際股份有限公司,臺中市北屯區崇德路2段28號3樓,15000000,1050529
18295,28571016,加宇企業有限公司,臺中市大雅區六寶里中清路四段851巷3弄5號,3000000,1050509
18299,28571965,豐鼎興業有限公司,臺中市北區三民路3段201巷29號1-3樓,500000,1050526
18300,28572155,明坤科技有限公司,臺中市北屯區平安里崇德路二段128號11樓之5,15500000,1050525
18302,28572423,金祥瑞電子有限公司,臺中市豐原區南陽路215巷49號1樓,500000,1050525
18303,28572633,可樂停車場股份有限公司,臺中市西區存中街44號2樓,5000000,1050526
18308,28573534,寶碁科技有限公司,臺中市潭子區福仁里新興路一段288巷20弄20號1樓,500000,1050519
18310,28573696,信竑投資股份有限公司,臺中市西區公益路333號10樓之2,7500000,1050525
18319,28575955,益強儀器有限公司,臺中市西屯區逢福里櫻城一街60號1樓,2000000,1050526
18322,28576336,捷文實業有限公司,臺中市豐原區豐田里田心路二段247巷30弄2號,5010000,1050518
18324,28576477,易控電機有限公司,臺中市潭子區栗林里祥和路158號1樓,1500000,1050523
18327,28576883,宏境科技股份有限公司,臺中市西屯區中工二路150號,34037500,1050511
18328,28577102,鼎順發股份有限公司,臺中市太平區太平里永成北路219巷91號,2000000,1050502
18330,28577784,聖豐金屬有限公司,臺中市太平區太平２３街７號,1000000,1050505
18334,28578171,振易科技有限公司,臺中市潭子區甘蔗里勝利十二街70巷10號1樓,1000000,1050516
18336,28578664,亞力山大氣體力學有限公司,臺中市霧峰區育賢路55巷11號2樓,3000000,1050527
18338,28579087,健鐿實業有限公司,臺中市北屯區軍和街227巷4-3-1號,2000000,1050529
18343,28579592,新民汽車有限公司,臺中市太平區新明街13號,800000,1050509
18348,28580514,百騏開發股份有限公司,臺中市東區東信里東英五街58號3樓,15000000,1050509
18349,28580943,玖川冷凍水產有限公司,臺中市西屯區永安里安林路16-6號1樓,12000000,1050514
18353,28581416,詠登有限公司,臺中市太平區興隆里光興路１３５２巷４２號１樓,6666666,1050519
18354,28581598,閎彥國際有限公司,臺中市西區臺灣大道二段307號19樓,2500000,1050510
18358,28582631,台灣惠蓀咖啡有限公司,臺中市西區華美街494號1樓,2000000,1050502
18367,28584390,兆義新實業有限公司,臺中市北屯區新平里中平路509巷70弄1號,500000,1050516
18372,28585840,藍麒科技股份有限公司,臺中市清水區南寧里鰲峰路64號1樓,100000000,1050505
18373,28585932,和生環保有限公司,臺中市烏日區五光路436號,2000000,1050530
18392,28589959,伊莉莎白旅行社有限公司,臺中市南屯區文心路１段３７８號１５樓之５,6000000,1050512
18395,28590098,亞律達有限公司,臺中市大安區中庄里中山南路456號,3000000,1050514
18410,28620467,樺橙機電工程有限公司,臺中市烏日區五光路五中巷81號1樓,10000000,1050527
18414,28621352,欣菱實業有限公司,臺中市西屯區中康街239號1樓,500000,1050506
18420,28622394,益友元有限公司,臺中市太平區中山路１段１６２巷３０弄１７號１樓,1000000,1050520
18422,28623632,大有企業有限公司,臺中市南屯區文山里文山九街82號1樓,1000000,1050513
18427,28624610,采鑫國際科技有限公司,臺中市石岡區土牛里豐勢路慈雲巷19之3號,5000000,1050519
18429,28624724,鼎楓投資有限公司,臺中市大肚區磺溪里文昌二街128號,2500000,1050505
18430,28624864,吉賦企業有限公司,臺中市豐原區北陽里北陽路450巷86號,5000000,1050529
18441,28626645,銍晟機電工程有限公司,臺中市梧棲區草湳里自強二街28巷46號1樓,6000000,1050529
18442,28626758,立彩建設有限公司,臺中市西區英才路530號22樓之2,25000000,1050519
18443,28627010,翊成汽車有限公司,臺中市大里區新仁里新仁七街6巷7號1樓,3500000,1050524
18444,28627124,永竣儀器貿易有限公司,臺中市南屯區永定里永春東路1381號1樓,1000000,1050517
18445,28627335,大度山戶外有限公司,臺中市龍井區新東里臺灣大道五段45號2樓,1000000,1050505
18450,28628117,晨昌健康科技行銷有限公司,臺中市大雅區神林南路197巷30號,10000000,1050516
18464,28630964,久富鑫工業有限公司,臺中市烏日區烏日里中山路二段48號1樓,1000000,1050520
18466,28631366,瑿岱資材股份有限公司,臺中市西屯區大鵬里文心路三段241號11樓之1,1000000,1050518
18470,28632506,假期泳健股份有限公司,臺中市西屯區何安里青海路1段130-1號,1000000,1050509
18472,28633033,金格科技股份有限公司,臺中市大里區仁化里工業十二路38號,18321500,1050510
18484,28634624,豈鑫有限公司,臺中市南屯區文心南五路一段360號1樓,1000000,1050516
18485,28634758,鴻陽電工群有限公司,臺中市西區太原路一段116號,2000000,1050526
18486,28634835,振佑開發有限公司,臺中市梧棲區草湳里臺灣大道9段435號,1000000,1050511
18489,28635840,勁馬有限公司,臺中市梧棲區居仁街320巷27號1樓,8000000,1050526
18494,28636587,金宏億室內裝修有限公司,臺中市南區復興路二段71巷65弄42號1樓,2500000,1050518
18495,28636897,奧斯柏國際有限公司,臺中市烏日區溪南路一段126巷211弄2號1樓,3000000,1050502
18503,28638038,鑫寶物業管理有限公司,臺中市北屯區柳陽西街142號1樓,3000000,1050511
18504,28638086,福祥寵物用品有限公司,臺中市大雅區六寶里中清路四段861巷98號1樓,5000000,1050523
18511,28639064,鴻海精機有限公司,臺中市東區東光園路１００巷６弄１８３號１樓,1000000,1050530
18514,28640013,誠軒金屬有限公司,臺中市神岡區庄後里厚生路６４號１樓,1000000,1050504
18517,28640490,吉舜工程有限公司,臺中市西屯區黎明路三段12號1樓,500000,1050512
18519,28640843,旭辰興業有限公司,臺中市后里區太平里四月路76巷3弄32號1樓,1000000,1050521
18523,28641456,匠冠數位系統工程有限公司,臺中市北屯區松竹五路45號1樓,1000000,1050525
18524,28641511,寶戎企業有限公司,臺中市大里區日新里中興路二段日新巷48弄55之3號,1000000,1050510
18526,28642011,東昱企業有限公司,臺中市神岡區大社里大漢街31巷16弄2號2樓,1000000,1050521
18530,28643089,永興邦實業有限公司,臺中市太平區新光里樹德一街４８巷１３弄１１號,500000,1050513
18531,28643095,英弘實業有限公司,臺中市太平區新光里樹德一街４８巷１３弄１１號２樓,500000,1050513
18535,28643709,新玉實業股份有限公司,臺中市神岡區溪洲里2鄰神洲路772號,5000000,1050504
18537,28644192,鑽銓科技有限公司,臺中市南屯區文心路一段186號19樓之6,3500000,1050523
18538,28644236,賀昶興業有限公司,臺中市梧棲區大庄里信義街３２巷２５號１樓,1000000,1050512
18539,28644480,永鑫精密有限公司,臺中市后里區后里路129之2號1樓,1000000,1050506
18541,28645426,金泰峯景觀有限公司,臺中市北區文莊里英士路106巷15號1樓,3000000,1050504
18542,28645592,勁豪工業有限公司,臺中市豐原區豐田里豐南街240巷333弄27號1樓,600000,1050513
18544,28645663,中庸汽車有限公司,臺中市后里區后里里三豐路206號1樓,500000,1050506
18545,28645832,馥鈺企業有限公司,臺中市豐原區南嵩里北陽路437號1樓,3000000,1050527
18546,28646229,建禾不動產經紀業有限公司,臺中市西屯區文心路３段８０號１樓,1000000,1050506
18550,28646874,邑泓電信有限公司,臺中市大肚區大肚里沙田路2段585號1樓,1000000,1050501
18552,28646966,大京全球科技有限公司,臺中市西屯區福中里福中十一街10巷2號1樓,3000000,1050520
18558,28647613,至全有限公司,臺中市北區新北里錦新街90巷11號1樓,1000000,1050530
18562,28647992,台盛開發有限公司,臺中市大肚區瑞井里遊園路1段87巷2弄3號1樓,500000,1050504
18563,28648465,壹兆有限公司,臺中市南區永和街１２５巷１２號１樓,1000000,1050509
18569,28649366,均越精密有限公司,臺中市外埔區大東里甲東路33巷22號,1000000,1050523
18570,28649577,加信投資有限公司,臺中市中區民權路114號1樓,27000000,1050513
18571,28649653,禾機企業股份有限公司,臺中市潭子區栗林里豐栗路129號,4000000,1050506
18579,28651453,韋崙投資有限公司,臺中市西屯區工業區34路35號3樓,60000000,1050513
18581,28651735,健吾貿易有限公司,臺中市潭子區頭家里頭家路10號1樓,500000,1050525
18582,28651910,馬力強有限公司,臺中市豐原區南陽里南陽路301巷17號,10000000,1050528
18586,28652116,茂益紙業有限公司,臺中市大里區西湖里草湖路217號,600000,1050503
18590,28652468,吉捷欣國際股份有限公司,臺中市西屯區協和里工業區31路1號,1000000,1050503
18591,28652495,鼎正精密有限公司,臺中市烏日區北里里太明路70號,1000000,1050512
18593,28652707,苼程有限公司,臺中市東區東信里振興路280巷77號,500000,1050527
18612,28655697,雅頌國際有限公司,臺中市大里區成功二路２５２巷９號１樓,1000000,1050513
18613,28655795,酩創意設計有限公司,臺中市北屯區平和里瀋陽路2段26號1樓,500000,1050530
18614,28656083,芳鄰國際搬家有限公司,臺中市南區永興里工學一街179巷12號1樓,10000000,1050524
18618,28656339,岠昇興業有限公司,臺中市大雅區西寶里昌平路四段282南七巷31弄7號1樓,1500000,1050503
18620,28656696,佑達報關股份有限公司,臺中市梧棲區頂寮里八德路82-1號7樓之8,5000000,1050508
18628,28658478,思創盛整合顧問股份有限公司,臺中市西屯區上安路11巷46號1樓,5000000,1050520
18631,28659217,得威興業有限公司,臺中市西屯區上安里臺灣大道三段556巷1弄11號2樓,1000000,1050518
18639,28660713,郃茂機械有限公司,臺中市豐原區西安里西勢路166巷14號1樓,5000000,1050519
18649,28662613,崧富廚櫃有限公司,臺中市南屯區大墩四街321號地下一層,1000000,1050530
18653,28663134,鋐霖科技設計有限公司,臺中市沙鹿區洛泉里文昌街57號5樓,500000,1050502
18658,28663964,茂耘精密工業有限公司,臺中市神岡區三角里中山路241巷57號,10000000,1050524
18671,28666548,晨宇體育事業有限公司,臺中市東勢區泰昌里圓樓前街56巷9號2樓,500000,1050506
18672,28666815,錦昇金屬有限公司,臺中市烏日區光明里五光路896號1樓,70000000,1050513
18673,28666955,權毅保全股份有限公司,臺中市潭子區頭家里得天街91巷29號,40000000,1050526
18675,28667461,全成精密有限公司,臺中市西屯區環中路二段1036巷65號1樓,1000000,1050506
18678,28667602,元崴企業有限公司,臺中市太平區樹德九街109巷20號1樓,500000,1050503
18683,28668588,凌浦股份有限公司,臺中市烏日區中山路一段369巷15號1樓,10000000,1050502
18685,28668644,上優世環境科技有限公司,臺中市潭子區中山路2段510號1樓,1000000,1050509
18689,28669502,佳樺機電有限公司,臺中市北區建成里東光8街25號1樓,1000000,1050505
18712,28676594,鎂翼有限公司,臺中市龍井區遠東街30號8樓,1000000,1050517
18763,28694811,普誠國際有限公司,臺中市西區中興里公益路161號4樓之11,2000000,1050511
18861,28720590,泰極美企業有限公司,臺中市大里區仁化工三路120號,6000000,1050526
18868,28722014,冠盛冷氣企業有限公司,臺中市北區淡溝里博館路51號1樓,500000,1050506
18876,28724934,芃瑞機電有限公司,臺中市神岡區社南里中山路667巷37弄65號1樓,3000000,1050510
18878,28725217,輝騰空壓有限公司,臺中市大里區塗城里光正路235巷6號,1000000,1050504
18879,28725238,葳鎮貿易有限公司,臺中市北屯區軍功里軍功路二段490之1號,500000,1050510
18880,28725286,中農保險經紀人股份有限公司,臺中市西區和龍里臺灣大道二段2號12樓之3,3000000,1050524
18882,28725899,聯德廣告有限公司,臺中市大里區東興里永興路205巷2號,5000000,1050521
18891,28727714,桑溶時裝制服專業設計有限公司,臺中市南屯區向心里永春東路606號,10000000,1050516
18894,28728523,興豐工業有限公司,臺中市外埔區水美里二崁路670巷75號,6000000,1050512
18895,28728565,榮隆生技有限公司,臺中市西區忠誠里太原路1段18號2樓,1500000,1050530
18896,28728571,元集企業有限公司,臺中市西屯區福恩里工業區一路98巷21號,1000000,1050518
18898,28729240,傳祐工業有限公司,臺中市龍井區工業路177巷17之5號,1000000,1050524
18899,28729446,金鑽投資有限公司,臺中市潭子區勝利六街17號12樓,10000000,1050516
18905,28730149,懋鑫事業有限公司,臺中市北屯區平德里河北路二段69號,1000000,1050528
18906,28730252,藝菲燈光音響有限公司,臺中市西區五權五街151號7樓之3,500000,1050509
18907,28730274,益明工程有限公司,臺中市大里區永明街167巷20弄8號1樓,500000,1050503
18909,28730393,黃金海岸加油站有限公司,臺中市清水區武鹿里1鄰港埠路四段288號,3600000,1050505
18910,28730540,祥吉精密機械有限公司,臺中市太平區宜昌路465巷41號1樓,500000,1050502
18913,28731365,萬昌精密有限公司,臺中市霧峰區丁台里丁台路528號,2000000,1050509
18914,28731371,榆園環境設計有限公司,臺中市北屯區平順里昌平路1段400號8樓之1,600000,1050516
18916,28732147,光毅電子有限公司,臺中市南區德富路426巷27號,500000,1050520
18917,28732189,御詮有限公司,臺中市太平區新興里新福路1156巷68號1樓,1000000,1050518
18922,28732580,和麟五金有限公司,臺中市太平區樹德路290號,3000000,1050505
18924,28732955,易鴻廣告有限公司,臺中市北區健行里健行路780號1樓,500000,1050512
18934,28735329,貴花香生研有機有限公司,臺中市大里區國光里至聖路22巷12號3樓,500000,1050528
18936,28735616,華茂蒝設計企劃有限公司,臺中市大里區樹王路130-1號1樓,500000,1050513
18937,28735637,巨誠建設股份有限公司,臺中市西區大忠里五權西路一段257號8樓之3,29900000,1050517
18938,28735799,正捷勝實業有限公司,臺中市北屯區松竹北路118號1樓,1000000,1050524
18943,28736559,力久咖啡有限公司,臺中市西區大忠里存中街165號1樓,500000,1050518
18944,28736684,福岡化工有限公司,臺中市梧棲區四維中路246號,500000,1050520
18951,28738000,五號音樂有限公司,臺中市南屯區大容東街5號,500000,1050518
18955,28738563,仁享創意有限公司,臺中市大里區仁美路137巷38號,10000000,1050526
18957,28738992,廣崴工程有限公司,臺中市西屯區福瑞街66巷7號7樓之2,2000000,1050527
18962,28739514,創麗機械工業有限公司,臺中市大甲區幸福里東明路133號,3800000,1050516
18970,28740929,仲優工業有限公司,臺中市太平區東平路７１５巷７弄１２號１樓,1000000,1050514
18973,28741265,政俊紙業有限公司,臺中市大里區新里里德芳一街37號1樓,500000,1050505
18974,28741407,巨成科技有限公司,臺中市南屯區豐樂里永平路395巷30號1樓,3000000,1050503
18978,28742715,超媒體管家企業有限公司,臺中市沙鹿區洛泉里光華路212號1樓,5000000,1050529
18980,28743046,三豐泰土木包工業有限公司,臺中市豐原區三豐路903巷17弄3號1樓,5000000,1050506
18985,28744143,浩瑋興業有限公司,臺中市北區賴村里梅亭街307號1樓,1500000,1050514
18988,28744559,基揚機械有限公司,臺中市南區崇倫里崇倫街66巷33號1樓,3000000,1050521
18989,28744740,原藝科技有限公司,臺中市神岡區東洲路247巷38-12號,1000000,1050520
18995,28745488,能新投資股份有限公司,臺中市北區大德街13巷20號4樓,5500000,1050505
19000,28746661,鴻濟投資有限公司,臺中市大雅區中清路三段758巷7號3樓,28000000,1050505
19002,28746917,杰銘投資有限公司,臺中市北屯區東山路一段207巷25弄6號1樓,27000000,1050519
19003,28746959,承羿有限公司,臺中市神岡區神岡里神清路24號1樓,10000000,1050519
19007,28747872,日日鑫科技有限公司,臺中市大里區長榮里新生西路106號1樓,2000000,1050514
19008,28747887,台灣熊實業有限公司,臺中市大里區塗城路304巷28弄27-1號,5000000,1050530
19009,28747970,元宏鋁業有限公司,臺中市潭子區家興里中山路一段15巷1號15樓,500000,1050516
19012,28748817,惟仕企業有限公司,臺中市東區東信里振興路280巷31號1樓,3000000,1050521
19017,28749908,弘達水產有限公司,臺中市東區新庒里和平街267號1樓,1650000,1050526
19019,28750812,寶崍科技有限公司,臺中市大里區樹王里樹王路50-10號,1000000,1050502
19024,28751544,鴻榮營造有限公司,臺中市太平區長億六街79巷10弄6號1樓,3000000,1050528
19030,28752467,旻佑機械有限公司,臺中市北區長青里陝西東三街50號1樓,3000000,1050530
19033,28753281,雀石國際有限公司,臺中市南屯區三義里河南路四段150-10號1樓,1000000,1050504
19034,28753542,吉良科技有限公司,臺中市太平區太平里太平二十三街10號,19000000,1050526
19042,28755387,茵必盛有限公司,臺中市清水區中社里建國路132號7樓之2,5000000,1050505
19044,28755703,禾聖事業有限公司,臺中市霧峰區中正里萊園路15之8號1樓,500000,1050513
19047,28756273,華城室內裝修工程有限公司,臺中市北屯區安順東七街96號1樓,3000000,1050526
19050,28756787,興和人造石有限公司,臺中市大肚區沙田路一段428巷37之11號1樓,1000000,1050524
19055,28757603,璟躍工程有限公司,臺中市南區信義南街59號1樓,1000000,1050514
19056,28757667,蕃茄村企業有限公司,臺中市潭子區東寶里雅潭路2段282號1樓,10000000,1050506
19061,28758384,冠隆昌有限公司,臺中市大里區東湖里中湖路165號1樓,1000000,1050514
19064,28758700,澄舜企業有限公司,臺中市南區信義南街137號4樓,1000000,1050505
19069,28759692,昱鋐工程有限公司,臺中市西屯區潮洋里朝馬一街30之3號1樓,1000000,1050516
19070,28760121,鉅盛發企業股份有限公司,臺中市大肚區大東里沙田路二段558巷32號,2000000,1050528
19071,28760375,禧樹景觀股份有限公司,臺中市大雅區文雅里永和路富貴四巷5號1樓,16000000,1050502
19073,28761058,永倖企業有限公司,臺中市太平區興隆里光興路1266巷11號1樓,1000000,1050519
19075,28761634,薪能量文化事業有限公司,臺中市大里區爽文路６９２號３樓,3200000,1050519
19077,28761846,誠斌企業有限公司,臺中市北屯區軍功路２段２５６巷１３號１樓,2000000,1050526
19080,28762541,盈宏國際開發有限公司,臺中市南屯區大墩六街43號1樓,5000000,1050519
19083,28763751,程盛有限公司,臺中市烏日區中山路一段557號2樓,1000000,1050524
19086,28764793,玉安興業有限公司,臺中市西屯區福安里福安路3號3樓,2000000,1050523
19089,28765688,宏富機械有限公司,臺中市豐原區東湳里三豐路７４２巷６弄６號１樓,2000000,1050521
19092,28766096,至鋼裝潢材料有限公司,臺中市西區忠明南路123號1樓,2000000,1050530
19093,28766103,晉城國際貿易有限公司,臺中市南屯區文心南三路535號,5000000,1050505
19094,28766292,寶翎科技應用材料有限公司,臺中市大雅區員林里大林路291巷17之3號1樓,500000,1050530
19100,28767124,互瑞生技股份有限公司,臺中市北屯區四平路51巷7號,6000000,1050506
19102,28767546,協盛空油壓有限公司,臺中市豐原區西湳里三豐路675巷5弄2號1樓,3000000,1050507
19103,28767779,磐欣有限公司,臺中市豐原區圓環南路１９９巷３８號,500000,1050530
19105,28768904,鈞鴻同步科技有限公司,臺中市豐原區東湳里三豐路566巷143弄41-13號,1000000,1050513
19107,28769143,鎂加有限公司,臺中市龍井區遠東街133巷18號2樓,500000,1050514
19108,28769404,鼎旺金屬有限公司,臺中市豐原區西安里瑞興路１０１號１樓,1000000,1050521
19109,28769538,台本田行有限公司,臺中市清水區槺榔里港口路200巷91號1樓,500000,1050520
19111,28770134,安進興業有限公司,臺中市北屯區北屯里漢口路５段１９２號１樓,1000000,1050510
19112,28770269,台灣熱盾有限公司,臺中市南屯區寶山東二街9號,8000000,1050520
19115,28770726,百彩企業有限公司,臺中市大里區東榮路640巷41號1樓,3000000,1050514
19124,28771725,同立科技有限公司,臺中市北區建興里榮華街80號1樓,3000000,1050524
19128,28772392,承藝廣告實業有限公司,臺中市西區精誠路225號1樓,1000000,1050524
19130,28772870,威品科技有限公司,臺中市神岡區三角里大富路88號1樓,1000000,1050519
19132,28773104,阡富精密工業有限公司,臺中市后里區民生路99巷2弄2號1樓,5000000,1050514
19140,28774429,京美生化科技股份有限公司,臺中市南屯區寶山里工業區二四路32號3樓,5000000,1050528
19144,28775399,巨騰規劃設計有限公司,臺中市龍井區新東里新興路45巷2之2號1樓,1000000,1050511
19146,28775551,廣益開發實業有限公司,臺中市北屯區水景里松竹五路66號1樓,3000000,1050526
19150,28776377,笠成有限公司,臺中市西屯區福中里福中三街10巷5號1樓,500000,1050511
19151,28776720,立崴石材有限公司,臺中市大甲區中山里水源路452巷17弄1號1樓,500000,1050529
19154,28776968,九岱設計製作有限公司,臺中市龍井區東海里國際街277號1樓,5000000,1050509
19157,28778086,新濱食品有限公司,臺中市烏日區九德里中華路229號1樓,12000000,1050509
19159,28778494,久聖資訊用品有限公司,臺中市大里區西湖里西湖路407號,1000000,1050525
19161,28779064,仲威資訊有限公司,臺中市西區民龍里台中港路１段１５２號６樓之３,1000000,1050512
19164,28779888,翔林科技有限公司,臺中市北屯區山西中街106巷22號2樓,10000000,1050505
19171,28781287,全曜工業股份有限公司,臺中市南區福順里復興路二段99巷42號1樓,3000000,1050502
19172,28781358,頂詠國際有限公司,臺中市大里區東昇里益民路1段78巷18號1樓,1000000,1050503
19173,28781364,上立生物科技股份有限公司,臺中市西屯區工業區三八路210號3樓之7,20000000,1050519
19174,28781385,宗鑫開發實業有限公司,臺中市北區中清路一段79號9樓,20000000,1050527
19181,28782841,湘篷精密研磨有限公司,臺中市后里區后里里泉州路23巷2弄3號1樓,2500000,1050504
19184,28783969,遠展國際貿易有限公司,臺中市梧棲區大庄里臺灣大道八段790巷2弄1號,2000000,1050526
19186,28784480,信一禮贈品有限公司,臺中市南屯區永定里文昌街206巷28號,1000000,1050524
19189,28785185,全家汽車有限公司,臺中市南屯區南屯里永春東路１０９２號１樓,1000000,1050517
19192,28785832,巧思園工程有限公司,臺中市北屯區軍功里松竹路一段799巷2號1樓,1000000,1050505
19197,28786396,富達盛世國際開發有限公司,臺中市大里區國光路二段500號9樓之2,9000000,1050504
19200,28787281,綠林生物科技股份有限公司,臺中市北屯區仁美里昌平東三路58號2樓,42500000,1050502
19203,28787819,新承建設有限公司,臺中市南屯區公益路二段51號21樓B3,20000000,1050508
19207,28788388,金鑽國際旅行社有限公司,臺中市西區忠明長春街50號,6000000,1050524
19211,28788768,王子設計有限公司,臺中市南屯區向上路三段61之5號,1000000,1050510
19212,28789302,頂尖設計有限公司,臺中市西屯區潮洋里朝貴路66號1樓,1000000,1050503
19216,28789984,普托國際行銷有限公司,臺中市大里區三民二街59巷25號,1000000,1050514
19221,28790912,向生醫療器材有限公司,臺中市北屯區水湳里大連路1段227號1樓,2000000,1050517
19224,28791264,容合有限公司,臺中市南屯區干城街145巷6弄15號1樓,1000000,1050524
19228,28792088,福帝工程有限公司,臺中市大肚區蔗廍里遊園路一段169之1號,1000000,1050511
19239,28793848,首誠工業有限公司,臺中市豐原區鎌村里鎌村一街7巷12號1樓,3000000,1050525
19240,28793967,祺荃企業有限公司,臺中市南屯區春安里忠勇路17-60巷43號1樓,3000000,1050509
19247,28795472,群展興業有限公司,臺中市西屯區福聯街22巷3號,500000,1050526
19253,28795965,聯積砂石實業股份有限公司,臺中市太平區中山路2段107巷2弄22號1樓,10000000,1050511
19254,28796140,騰煬冷凍食品有限公司,臺中市東勢區福隆里福昌街56巷2號,2500000,1050525
19256,28796556,漢坤工業有限公司,臺中市大肚區瑞井里遊園路一段66之11號,2000000,1050524
19258,28796633,豐泰開發資產有限公司,臺中市豐原區豐田里田心路2段87號1樓,10000000,1050519
19260,28796985,慧安禮儀有限公司,臺中市石岡區萬安里大智街2巷3之1號,500000,1050525
19261,28797160,傑銳精密機械有限公司,臺中市南屯區豐樂里永春東一路881號2樓,10000000,1050510
19262,28797247,安建展業有限公司,臺中市西區安龍里忠仁街75巷1號3樓之7,500000,1050519
19263,28797669,金來成企業有限公司,臺中市北屯區太和三街69號1樓,3000000,1050509
19266,28798528,歐芬堡有限公司,臺中市西屯區美滿街17巷18號1樓,5000000,1050526
19268,28799532,婕克環境科技有限公司,臺中市西屯區協和里工業區38路210號4樓之6,8000000,1050514
19271,28800475,宏湶欣業有限公司,臺中市霧峰區四德里中投東路2段170之3號,500000,1050509
19277,28802516,台碩不動產經紀有限公司,臺中市大里區永隆里國光路2段567號1樓,1700000,1050516
19279,28802635,東泰國際興業有限公司,臺中市大里區塗城路761巷35號1樓,1000000,1050516
19281,28802826,海盟資訊有限公司,臺中市大甲區薰風里光明路13號,5000000,1050512
19289,28803579,僑格室內裝修工程有限公司,臺中市烏日區烏日里民權街17巷40號1樓,2000000,1050502
19290,28803732,茂鐽有限公司,臺中市北屯區北屯里崇興路一段76號,3000000,1050511
19295,28804578,龍成國際開發有限公司,臺中市潭子區中山路2段307號1樓,1000000,1050518
19301,28805302,君曄有限公司,臺中市西屯區福雅里臺灣大道四段786巷20號3樓,1000000,1050504
19312,28807717,塔塔食品有限公司,臺中市南屯區大業路398號1樓,500000,1050527
19316,28808666,后豐商務會館股份有限公司,臺中市神岡區豐洲里五權路128號2至7樓,5000000,1050528
19336,28813154,實福來有限公司,臺中市霧峰區光明路158-5號,5000000,1050503
19340,28813794,阿明師實業股份有限公司,臺中市北屯區水湳里中清路二段118號,1000000,1050503
19341,28814169,齊軒室內裝修設計有限公司,臺中市北區梅川西路三段121號1樓,8000000,1050518
19343,28814463,葳竑精密科技有限公司,臺中市清水區橋頭里民享路１２９號１樓,1500000,1050530
19347,28815435,大詮不動產仲介經紀有限公司,臺中市南屯區文心南三路362號1樓,3000000,1050503
19351,28815717,億智實業有限公司,臺中市大雅區前村東路18號,500000,1050510
19356,28815982,至曜工程有限公司,臺中市太平區中興路１２８巷６號２樓,5000000,1050520
19357,28816259,韋創科技有限公司,臺中市南屯區大同街31號2樓,2000000,1050523
19358,28816315,協晟國際通商有限公司,臺中市太平區新光里樹德路116號1樓,2000000,1050502
19359,28816547,禾家豐營造有限公司,臺中市北屯區仁和里崇德十路二段68號,3000000,1050503
19361,28816693,宜瑪科技股份有限公司,臺中市神岡區中山路851巷51弄35號1樓,5000000,1050516
19362,28816791,廣晟工程有限公司,臺中市烏日區前竹里光明路157巷32號1樓,5000000,1050502
19363,28817530,富恩土木包工業股份有限公司,臺中市西區臺灣大道二段501號21樓之1,5000000,1050510
19364,28817757,逸華國際貿易有限公司,臺中市西屯區西平里福星路184號2樓,500000,1050519
19366,28818025,伸美汽車有限公司,臺中市西區忠勤街305號1樓,2200000,1050523
19369,28818496,宜碩生技有限公司,臺中市南屯區三義里大業路566號,1000000,1050531
19406,28828889,立勤事業有限公司,臺中市北區頂厝里進化北路238號11樓之3,1000000,1050513
19505,28858829,安順裝卸股份有限公司,臺中市龍井區麗水里南堤路10號,800000000,1050517
19558,28870915,聯福實業有限公司,臺中市梧棲區建國北街219號,20000000,1050502
19561,28871338,紳揚廣告工程有限公司,臺中市大里區東南路148巷34弄5號1樓,1000000,1050501
19564,28872293,杰睿實業有限公司,臺中市大里區東南路１９１巷１１號１樓,1000000,1050506
19567,28872548,鑫毅精密有限公司,臺中市霧峰區五福里五福路482號,1000000,1050511
19568,28872879,冠瑜資訊有限公司,臺中市南區國光里仁和一街33號2樓,3586760,1050507
19573,28873504,晉德工業有限公司,臺中市神岡區社南里昌平路五段237巷185號,3000000,1050504
19575,28874172,多輪多國際有限公司,臺中市大雅區大楓里民富街88號1樓,1118999,1050502
19579,28874948,連逸事業有限公司,臺中市北屯區北祥街４１號１樓,1000000,1050518
19582,28875947,高捷駿有限公司,臺中市北區忠明七街９號１樓,3000000,1050520
19584,28876544,和長鴻企業有限公司,臺中市太平區新興路233號1樓,1000000,1050502
19585,28877017,寶瑩室內規劃有限公司,臺中市大里區文心南路1162號,500000,1050520
19591,28877403,天壇人力顧問有限公司,臺中市西屯區福和里臺灣大道四段925號19樓之5,9000000,1050509
19593,28877614,千申有限公司,臺中市北區賴旺里青島路1段44-4號1樓,500000,1050523
19604,28879330,鴻福齒輪有限公司,臺中市東區東門里東福二街55號1樓,1250000,1050530
19612,28880499,欣普室內設計有限公司,臺中市西區吉龍里五權新二巷9號,1000000,1050523
19623,28882285,阿蘭貝爾有限公司,臺中市北區金龍街38號,2000000,1050520
19625,28882686,上汯銓實業有限公司,臺中市神岡區新庄里和睦路一段537巷51號,5000000,1050531
19626,28882784,永方興業有限公司,臺中市霧峰區錦州路401巷18號1樓,1500000,1050527
19633,28884642,宇宏生醫有限公司,臺中市南屯區大業里大聖街289號1樓,500000,1050501
19636,28884869,士邦氣動工具有限公司,臺中市豐原區西湳里三豐路877巷74弄28號1樓,3000000,1050502
19637,28884973,昱鑫應材有限公司,臺中市西屯區港尾里中清路二段1250巷102弄2號2樓,2000000,1050505
19638,28885065,和畯有限公司,臺中市北屯區大德里中清路二段362巷6弄21號1樓,1000000,1050516
19644,28885847,亞竣股份有限公司,臺中市北屯區文心路四段621號1樓,25000000,1050516
19645,28886114,安得照明有限公司,臺中市南區忠明南路787號19樓之1,5000000,1050526
19648,28886297,安政實業有限公司,臺中市西區公館里南屯路１段３１巷１號１樓,500000,1050510
19650,28886515,采居創意傢飾有限公司,臺中市西屯區寧夏路195之11號,500000,1050528
19654,28887084,政威鋼構實業有限公司,臺中市烏日區螺潭里太明路成豐巷378-3號1樓,3000000,1050516
19660,28889127,橙豐有限公司,臺中市大里區好來一街32號1樓,500000,1050509
19672,28890969,吉鎮建設有限公司,臺中市西屯區順和二街48號,3500000,1050507
19673,28891405,龍成興業有限公司,臺中市南屯區豐樂里向心南路795號,5000000,1050530
19675,28891572,鴻懋工程企業有限公司,臺中市后里區月眉里雲頭路42-19號1樓,1000000,1050506
19679,28892191,皇駒國際有限公司,臺中市南屯區龍富路四段535、537號,10000000,1050523
19680,28892468,高德機械有限公司,臺中市北屯區后庄七街136巷41號,1000000,1050502
19683,28893403,聚富建設有限公司,臺中市西屯區四川五街27之6號7樓之3,25000000,1050505
19687,28893754,尚相企業有限公司,臺中市大里區永隆里永大街４８３號１樓,1000000,1050512
19688,28893804,帝彰有限公司,臺中市大里區東興路６３號２樓,1000000,1050503
19696,28895205,志茂科技工程企業有限公司,臺中市太平區新平路一段138巷30弄19號5樓,3000000,1050509
19697,28895752,生愷商業股份有限公司,臺中市神岡區三角里大豐路四段256號,5000000,1050523
19701,28896675,德鋼船用五金有限公司,臺中市太平區新仁路一段2巷16號,1000000,1050520
19705,28897816,欣華成企業有限公司,臺中市烏日區溪壩里環中路8段500-39號,1000000,1050516
19714,28900426,皇錦科技工程有限公司,臺中市豐原區朴子里朴子街395巷7號,2000000,1050508
19716,28900805,亞峰光電科技有限公司,臺中市北區太原路二段275號1樓,5000000,1050514
19720,28901396,太捷科技企業有限公司,臺中市西屯區黎明路2段918號,8000000,1050525
19726,28902590,太元昌貿易有限公司,臺中市大肚區蔗廍里太平路７巷１–８號１樓,500000,1050518
19728,28902655,達友鋼鐵有限公司,臺中市南區信義南街191號2樓,3000000,1050510
19729,28903079,長盟不動產有限公司,臺中市東勢區三民街242號1樓,500000,1050523
19732,28903964,太陽堂烘焙食品有限公司,臺中市南屯區豐樂里文心南五路一段643號1樓,10000000,1050504
19739,28905294,元守企業有限公司,臺中市大里區永興路122號,1000000,1050506
19744,28906245,丞源工業有限公司,臺中市神岡區庄前里神林路70巷38-2號1樓,1000000,1050524
19749,28907011,盛幃有限公司,臺中市烏日區中山路一段557號2樓,1000000,1050521
19750,28907119,安心居空間設計有限公司,臺中市南區美村南路191巷32號1樓,10000000,1050502
19751,28907173,力贏有限公司,臺中市潭子區甘蔗里勝利13街53號1樓,500000,1050513
19758,28907933,鉅鑫機電顧問有限公司,臺中市太平區太平里太平路657巷2號1樓,5000000,1050514
19770,28910183,寅嘉精密科技有限公司,臺中市潭子區潭秀里中山路三段13巷15號2樓,2000000,1050519
19772,28910493,冠義有限公司,臺中市大雅區三和里建興路20巷5號,1000000,1050502
19777,28911107,金星汽車有限公司,臺中市梧棲區下寮里臨港路四段376號,30000000,1050528
19778,28911155,臻豪齒輪有限公司,臺中市南屯區文心路1段218號7樓之2,10000000,1050526
19781,28911556,玖鈦精密有限公司,臺中市太平區太平里永豐路108巷12之23弄9號1樓,1000000,1050523
19785,28912540,新鋐洋精密工具有限公司,臺中市豐原區東湳里三豐路742巷372號,10000000,1050513
19786,28912675,郁達精密有限公司,臺中市大肚區瑞井里瑞井路118巷32弄3號1樓,600000,1050530
19787,28912696,永全起重機械有限公司,臺中市豐原區西湳里三豐路675巷17號1樓,1000000,1050517
19788,28912990,品冠豬肉製品股份有限公司,臺中市西屯區林厝里安林路50-2號2樓,2500000,1050512
19791,28913750,阿迪多貿易有限公司,臺中市南區南和二街21號,1000000,1050514
19792,28913864,溫野菜實業有限公司,臺中市南區樹義路61號2樓,2000000,1050506
19795,28914337,永昇開發工程有限公司,臺中市南屯區黎明路二段488巷23號1樓,700000,1050506
19797,28914483,志添貿易有限公司,臺中市西屯區福雅里福科路340巷2號11樓之17,1000000,1050505
19799,28915130,成有實業有限公司,臺中市沙鹿區洛泉里中山路159巷6號1樓,5000000,1050513
19801,28915407,全豐管理顧問有限公司,臺中市大里區國光里德芳南路337號,5000000,1050507
19802,28915482,昱景傳播視訊有限公司,臺中市西區公民里民生路161號2樓,1200000,1050521
19806,28916314,勝富室內裝修工程有限公司,臺中市北區健行里忠明路256號1樓,3000000,1050510
19813,28917989,阿富師食品股份有限公司,臺中市霧峰區北柳里柳豐路2號1樓,2600000,1050519
19816,28919902,丰采開發有限公司,臺中市豐原區田心里中山路199號1樓,1000000,1050526
19822,28920669,新銳數位科技有限公司,臺中市南屯區河南路四段350巷12號12樓之10,3000000,1050526
19826,28921225,璞境設計工程有限公司,臺中市西屯區上德里上石路105號,2000000,1050519
19829,28922250,銳泉電機有限公司,臺中市潭子區福仁里復興路1段109號1樓,1000000,1050519
19833,28922955,德擎企業有限公司,臺中市太平區德明路145巷6號1樓,500000,1050504
19836,28923238,臻德機械企業有限公司,臺中市大里區瑞城里向學一路127號1樓,3000000,1050518
19837,28923504,長展國際有限公司,臺中市后里區月眉里雲頭路42之2號,500000,1050514
19838,28923693,洪發商務有限公司,臺中市沙鹿區大同街130號1樓,500000,1050525
19841,28924314,深植行銷有限公司,臺中市西屯區永昌街98號,500000,1050519
19843,28924530,鴻福鑫有限公司,臺中市北區三民路三段92-3號10樓,10000000,1050526
19844,28924573,勇志國際有限公司,臺中市南屯區東興路１段５８７號１樓,1000000,1050522
19845,28924617,億嶸科技股份有限公司,臺中市北屯區祥順七街17號2樓,50000000,1050519
19855,28927706,葳群廣告有限公司,臺中市西區昇平里民生路486號1樓,1000000,1050504
19859,28928304,捷葆光電科技有限公司,臺中市西區五權三街270號,1000000,1050530
19860,28928374,均典洋酒有限公司,臺中市西屯區何德里寧夏路217號1樓,1000000,1050519
19861,28928402,軒榮鋁業有限公司,臺中市豐原區北陽里北陽路320巷15號,1000000,1050521
19862,28928584,冠霖藥業有限公司,臺中市西屯區何成里大隆路169號3樓,1000000,1050506
19864,28928629,承泓實業有限公司,臺中市潭子區栗林里民生街212號1樓,500000,1050503
19874,28930717,怡鴻織造有限公司,臺中市南區工學北路１３６號１樓,1000000,1050516
19877,28931645,保世潔有限公司,臺中市北屯區崇德十六路281號2樓,500000,1050523
19878,28931666,拓盛科技有限公司,臺中市北屯區平心里文心路四段669號4樓之2,4000000,1050519
19883,28932399,久品星科技有限公司,臺中市北屯區大德里雷中街66-1號1樓,1000000,1050519
19884,28932601,南冠貿易有限公司,臺中市太平區長億里永和街38號1樓,500000,1050502
19886,28933019,全球餐飲發展有限公司,臺中市北區崇德路一段256巷3之48號5樓,500000,1050509
19890,28933566,航欣營造股份有限公司,臺中市大安區松雅里大安港路536號1樓,11400000,1050511
19892,28933854,禾舜五金實業有限公司,臺中市龍井區新庄里遊園南路298號,500000,1050518
19895,28934571,佶利亞有限公司,臺中市梧棲區大村里中央路1段582之28號,1000000,1050502
19901,28936310,永立穩工程有限公司,臺中市南區樹義五街92號,1000000,1050516
19903,28936542,滙徠實業有限公司,臺中市神岡區大洲路301號,1000000,1050521
19904,28936732,國鈞砂石企業股份有限公司,臺中市神岡區新庄里4鄰溪頭路522號,20500000,1050508
19909,28937789,永年機電有限公司,臺中市烏日區螺潭里太明路成豐巷３１８號１樓,500000,1050528
19912,28938160,弦明有限公司,臺中市潭子區栗林里豐栗路115號1樓,1000000,1050519
19915,28938680,威昊資訊有限公司,臺中市南屯區文心路一段186號17樓之2,500000,1050530
19917,28939077,青年智庫企業管理顧問有限公司,臺中市西屯區何成里大墩十八街195號3樓之2,2000000,1050510
19919,28939180,成達研磨精機廠有限公司,臺中市東區建德街405號一樓,2000000,1050530
19922,28939668,和言文化事業有限公司,臺中市南區柳川東路一段86號1樓,500000,1050530
19924,28940095,比勃洛國際有限公司,臺中市西區民權路304巷9號1樓,5000000,1050520
19927,28940406,源鴻企管顧問有限公司,臺中市南屯區大業里公益路二段61號17樓,2000000,1050510
19943,28943305,竹伸有限公司,臺中市南區明德街59號,8000000,1050525
19947,28943797,振興租賃有限公司,臺中市北區金華里雙十路2段38巷4之4號1樓,600000,1050502
19949,28944326,璟峰機電股份有限公司,臺中市大里區祥興里吉善一街29號1樓,5000000,1050524
19951,28944521,同心舍企業有限公司,臺中市大里區永隆里環河路223號1樓,1000000,1050503
19952,28944732,高興國際建設開發有限公司,臺中市東區東信里東英五街77號1樓,15000000,1050519
19958,28946915,瑞記生技有限公司,臺中市豐原區西湳里19鄰仁洲街151號,500000,1050516
19970,28949390,振富山工程有限公司,臺中市沙鹿區北勢里臺灣大道七段401號1樓,1000000,1050503
19975,28950868,微笑元素創意概念有限公司,臺中市大里區塗城路304巷28弄27之2號,4500000,1050512
19977,28951304,盛鼎開發有限公司,臺中市西屯區潮洋里朝馬七街7號1樓,12000000,1050524
19988,28953400,潭子蘭園有限公司,臺中市潭子區潭陽里中山路二段391巷3號1樓,14000000,1050518
19989,28953513,鈞超工程有限公司,臺中市大雅區員林里大雅路272巷16號1樓,3000000,1050509
19992,28954175,富明紙業有限公司,臺中市神岡區圳前里神清路156號,500000,1050514
19996,28954457,日日順工程有限公司,臺中市烏日區文德街8號1樓,1000000,1050516
20001,28954978,立寶衛浴有限公司,臺中市豐原區南陽里豐原大道三段495號1、2、3樓,15000000,1050519
20004,28956292,真境設計工程有限公司,臺中市南屯區東興路二段98號6樓,500000,1050519
20009,28957166,冠德國際智慧財產權有限公司,臺中市西屯區河南路二段262號3樓之5,1000000,1050512
20010,28957383,泰隆興電業工程有限公司,臺中市梧棲區大村里中央路一段683巷5號1樓,2000000,1050503
20012,28957551,日岩生物科技有限公司,臺中市西區大忠里五權五街２４６巷２２號１樓,500000,1050510
20014,28958094,漢磊資訊有限公司,臺中市南屯區河南路四段460號13樓之2,700000,1050507
20016,28958545,永森泰木業有限公司,臺中市后里區厚里里民生路1號,1000000,1050502
20022,28959404,亞特控制系統股份有限公司,臺中市大甲區大安港路116巷10號3樓,20000000,1050520
20029,28960578,華誠工程顧問有限公司,臺中市龍井區中山一路一段62巷8之2弄1號1樓,500000,1050521
20032,28960937,青騰國際有限公司,臺中市北區尊賢街7號11樓,3000000,1050519
20041,28962153,鈞鴻興業有限公司,臺中市北區中清路一段605號1樓,2000000,1050520
20046,28964096,穩貿科技有限公司,臺中市神岡區社口里八德路九如巷298之1號一樓,500000,1050518
20047,28964201,濬揚電料有限公司,臺中市西區永成街１１號１樓,500000,1050520
20049,28964238,立德精密科技有限公司,臺中市北屯區三甲東街285號1樓,5000000,1050522
20059,28966382,聚將土地開發有限公司,臺中市西屯區西墩里黎明路三段465之2號1樓,1500000,1050523
20062,28967707,靖原機械有限公司,臺中市太平區光隆里東光街58號1樓,5500000,1050521
20072,28969825,盈棟機械鈑金有限公司,臺中市豐原區翁子里豐勢路一段585巷52號,2000000,1050530
20074,28975559,美商特結國際股份有限公司,臺中市南屯區文心里大墩六街232號15樓之5,10000000,1050525
20105,29009613,琞定企業有限公司,臺中市沙鹿區正德路149巷1號1樓,5500000,1050521
20283,29081403,弘聖醫療儀器有限公司,臺中市北屯區遼陽五街20號1樓,1000000,1050513
20284,29081728,宇聖精密有限公司,臺中市北屯區仁美里長生巷36-11號,4000000,1050516
20289,29082590,達樂士有限公司,臺中市西區五權六街61巷5號1樓,500000,1050512
20293,29082901,邦程有限公司,臺中市北屯區仁美里豐樂路１７巷１３弄３０號１樓,3000000,1050514
20294,29082992,千高台視覺設計有限公司,臺中市西屯區福雅里西屯路３段１５５巷１號１樓,1500000,1050525
20298,29083795,尚旺精密股份有限公司,臺中市太平區永隆里正光街236巷7號,1000000,1050519
20300,29084422,精良欣業有限公司,臺中市太平區宜欣二路174號2樓,500000,1050523
20304,29084653,中城不動產開發有限公司,臺中市北屯區軍功路1段463號,500000,1050527
20309,29085787,博康醫療器材有限公司,臺中市沙鹿區三鹿里自立路198巷21號,600000,1050517
20315,29086370,莧橙環境有限公司,臺中市太平區新平路3段258巷10號1樓,1000000,1050503
20317,29086667,緯恩興業有限公司,臺中市南屯區同心里文心路１段２１８號１６樓之１,2000000,1050527
20318,29086836,甫兆企業有限公司,臺中市大里區瑞城里向學一路168巷21號1樓,1000000,1050513
20320,29086955,安泰洋酒有限公司,臺中市南屯區溝墘里大業路279號1樓,500000,1050509
20322,29087700,安際實業有限公司,臺中市龍井區東海里東海街93巷36號1樓,1000000,1050518
20324,29087954,利瑞可貿易有限公司,臺中市西屯區大河里河南路２段１１２號,1000000,1050512
20328,29088567,台灣新潤有限公司,臺中市南屯區南屯里黎明東街47號1樓,1500000,1050525
20330,29089019,光舶實業有限公司,臺中市烏日區五光路８５號１樓,2000000,1050525
20332,29089236,英傑鎖業有限公司,臺中市南區大慶街2段11之35號1樓,1000000,1050511
20334,29089340,金徠居油壓工廠有限公司,臺中市南區樹義里福田三街310號1樓,1000000,1050520
20336,29089587,優麗國際管理系統驗證股份有限公司,臺中市豐原區圓環西路23號8樓,11320000,1050506
20338,29090938,奇洋貿易有限公司,臺中市西屯區西墩里黎明路三段690號1樓,3000000,1050506
20340,29091346,苰文企業有限公司,臺中市大里區練武路５３巷２０號1樓,500000,1050518
20342,29091465,雙立潔有限公司,臺中市大雅區上楓里民生路三段509號1樓,3000000,1050518
20348,29092160,臺麗展演工程有限公司,臺中市南區福平里懷寧街185號1樓,1000000,1050510
20354,29093061,佑澧有限公司,臺中市西屯區上安里至善路58號6樓之2,1000000,1050523
20358,29094287,牧口環保科技有限公司,臺中市北屯區松勇里松竹路二段86巷68弄5號1樓,1000000,1050527
20365,29095238,正德工程顧問有限公司,臺中市北屯區文昌三街55號1樓,1000000,1050516
20367,29095429,光宇輪胎有限公司,臺中市南屯區大墩路713號1樓,1000000,1050511
20369,29095455,東晙股份有限公司,臺中市南屯區向心里文心南二路200號4樓,20000000,1050517
20370,29095504,友全化成有限公司,臺中市太平區光興路600巷40號1樓,500000,1050506
20371,29095899,佳泰商貿有限公司,臺中市東區東英里東英六街51號1樓,1000000,1050504
20377,29096905,程暘實業有限公司,臺中市東區樂成里振興路263號1樓,3000000,1050520
20378,29097165,武信有限公司,臺中市南區永南街85號一樓,3000000,1050509
20383,29097876,康普頓生物科技有限公司,臺中市北區忠明路200號9樓,1000000,1050510
20389,29098919,有起營造工程有限公司,臺中市太平區旱溪東路二段308巷2-1號1樓,10000000,1050516
20394,29100252,翔聚企業股份有限公司,臺中市西區五權西四街57號4樓,1000000,1050510
20399,29101457,誌發密封件有限公司,臺中市烏日區九德里興祥街188巷19號2樓,500000,1050528
20400,29101597,錩普金屬有限公司,臺中市神岡區社南里社南街5巷35號,500000,1050516
20404,29102168,威頓資訊有限公司,臺中市外埔區水美里山美路451巷159號,1000000,1050514
20406,29102414,高原隆國際有限公司,臺中市南屯區龍富十八路252之2號1樓,10000000,1050514
20407,29102619,國際得利捲門金屬建材有限公司,臺中市北區賴旺里文心路4段182號14樓之13,3000000,1050520
20409,29103048,佳佶建設有限公司,臺中市清水區南社里民族路2段152號1樓,6000000,1050515
20412,29104460,屋馬日式燒肉有限公司,臺中市南屯區溝墘里文心路一段436號,50000000,1050504
20413,29104588,方舟系統傢俱有限公司,臺中市西屯區四川路87巷46號,2500000,1050517
20421,29106262,翔竣興業有限公司,臺中市南區建國南路2段128號2樓,1000000,1050509
20426,29107662,奇酷有限公司,臺中市南屯區向心路70號1樓,6000000,1050501
20436,29109628,弘凱工業有限公司,臺中市大肚區王田里沙田路一段320巷55號,5000000,1050510
20438,29109752,宏茂工程有限公司,臺中市南屯區文心路一段186號4樓之8,10000000,1050519
20439,29109845,吉的全球精密有限公司,臺中市潭子區東寶里民族路一段332-2號,3000000,1050517
20443,29110462,業碩股份有限公司,臺中市東區旱溪西路一段256號1樓,2000000,1050530
20446,29110879,生活空間室內設計有限公司,臺中市西區華美街２６號１樓,500000,1050509
20449,29111568,嘉晟木業有限公司,臺中市清水區海風里海風一街20號,3000000,1050522
20451,29111878,鎧謚機械有限公司,臺中市龍井區山腳里沙田路6段東巷10號1樓,500000,1050502
20455,29112124,羿東精密工業有限公司,臺中市南屯區春社里永春南路430巷68-5號1樓,2000000,1050512
20459,29112573,五銓工程有限公司,臺中市西屯區文心路二段562-1號7樓之1,2500000,1050519
20466,29113453,戰馬科技有限公司,臺中市大里區樹王里樹王路439巷36號,6000000,1050509
20472,29114208,席丹麗奢華有限公司,臺中市西屯區天保街150巷7號3樓,2000000,1050511
20477,29114586,律鼎股份有限公司,臺中市南屯區大墩十四街115號3樓之6,1000000,1050517
20478,29114592,方元欽工業有限公司,臺中市豐原區南村里水源路600-2號,1100000,1050530
20493,29117633,昇祐有限公司,臺中市西區梅川東路1段79號2樓,5000000,1050507
20505,29120601,萬鑫管理顧問有限公司,臺中市西區忠誠里華美西街一段142號13樓之1,250000,1050505
20509,29121171,小山田產業有限公司,臺中市清水區東山里神清路13之17號,10000000,1050512
20511,29121340,德黃科技有限公司,臺中市南屯區三和里黎明東街399號11樓之10,500000,1050518
20512,29121355,喜得有限公司,臺中市南屯區文心南五路283號1樓,1000000,1050520
20514,29121708,濟億工業有限公司,臺中市梧棲區向上路九段381巷45號,1000000,1050518
20517,29122426,上誱有限公司,臺中市北區錦新街71號1樓,1000000,1050530
20520,29123071,水森林國際有限公司,臺中市北屯區崇德十路二段66號,10000000,1050512
20525,29123918,德神科技有限公司,臺中市清水區西寧里12鄰五權東路48巷2弄18號2樓,500000,1050512
20526,29124698,禾久有限公司,臺中市大雅區雅楓街96號1樓,1000000,1050505
20531,29125330,果嶺鞋業有限公司,臺中市豐原區朴子里豐勢路2段1199號,500000,1050520
20537,29126274,台亞環保科技有限公司,臺中市北屯區同榮里中康街259巷37號,2000000,1050506
20539,29127098,榮楷投資有限公司,臺中市北屯區水景里軍仁街59之5號1樓,28000000,1050507
20540,29127267,承竑實業有限公司,臺中市豐原區中陽里同安街98號1樓,2000000,1050528
20541,29127338,聚合國際貿易有限公司,臺中市豐原區東湳里角潭路2段79號1樓,3000000,1050530
20551,29128478,愷旋企業有限公司,臺中市大肚區王田里沙田路1段22巷9號,500000,1050516
20553,29128857,觀天科技有限公司,臺中市南區國光路405號1樓,2000000,1050514
20555,29129286,凱旭安可餐飲有限公司,臺中市沙鹿區居仁里光華路２７６號１樓,250000,1050517
20562,29130328,傑弘貿易有限公司,臺中市豐原區田心里合作街29巷8號1樓,1000000,1050515
20607,29139329,利多金屬實業有限公司,臺中市南屯區三厝里向上路3段67號5樓之1,1000000,1050525
20655,29147708,巴布薩音像故事農場有限公司,臺中市西區公舘路209號,8000000,1050516
20837,29182275,法液空電子設備股份有限公司,臺中市大雅區科雅路28號3樓,66200000,1050504
20838,29182373,台灣樫山股份有限公司,臺中市西屯區科園一路1- 2號,100000000,1050525
20839,29182388,信元製藥股份有限公司,臺中市西屯區科園2路3號,60000000,1050512
20840,29182612,台灣倉敷機械股份有限公司,臺中市后里區后里里1鄰后科南路32號,264000000,1050518
20841,29182943,長禹精密科技股份有限公司,臺中市大雅區中科路6號6樓8室,5000000,1050504
20844,29186096,大裕生技製藥股份有限公司,臺中市梧棲區草湳里經一路49號,500000000,1050523
20855,30011948,慶燦企業有限公司,臺中市大安區東安里四鄰福東一路九四號,500000,1050526
20925,30984421,世朗貿易股份有限公司,臺中市神岡區社南里社南街5巷62號,5000000,1050504
20983,31298934,上瑋工業有限公司,臺中市大甲區日南里幼獅路一三號,25000000,1050509
21119,34145244,尚憶貨運企業股份有限公司,臺中市南屯區向心里永春東路335號1樓,20000000,1050525
21133,34191470,詠泰彈簧洋床有限公司,臺中市太平區平安里精美路166巷18號1樓,1000000,1050517
21245,34523920,新視野視訊股份有限公司,臺中市南屯區文山里嶺東路107之1號,13000000,1050513
21289,34628425,羅門興業有限公司,臺中市龍井區遊園南路450巷58弄23號1樓,1000000,1050525
21321,34676214,聯旗保險代理人股份有限公司,臺中市西區和龍里臺灣大道二段2號3樓之1,14500000,1050522
21416,35883598,鞋美工業股份有限公司,臺中市大肚區頂街里華山路380號,50000000,1050514
21421,35891957,慶泰樹脂化學股份有限公司,臺中市大甲區日南里工二路50號,401757690,1050505
21665,38433533,賀美士實業有限公司,臺中市北屯區昌平路二段一○巷七二弄一０五之二號五樓,500000,1050505
21824,42592532,威渥國際有限公司,臺中市西區大墩十街55-1號1樓,5000000,1050509
21831,42595025,酵果實族有限公司,臺中市西區忠誠里大隆路20號13樓之3,1000000,1050510
21836,42597184,青騰國際建設有限公司,臺中市外埔區甲東路36巷16弄6號1樓,8500000,1050523
21838,42598509,藝智數位股份有限公司,臺中市西屯區臺灣大道三段540號7樓之2,2500000,1050525
21958,42635997,綠寶食股份有限公司,臺中市南屯區公益路二段653號,7000000,1050529
21998,42649438,千味淳股份有限公司,臺中市南屯區惠中路二段146號,10000000,1050510
22002,42650949,吉好佳冷凍食品有限公司,臺中市龍井區東海里東海街72巷13弄106號,100000,1050514
22037,42660329,好好創意生活股份有限公司,臺中市西屯區潮洋里朝富路232號2樓,10000000,1050525
22038,42661087,築本國際設計有限公司,臺中市大里區新里里永隆一街88號3樓,500000,1050520
22039,42661474,十時室內裝修設計有限公司,臺中市西區精誠十四街21號1樓,500000,1050513
22040,42661896,咕唧設計有限公司,臺中市后里區墩北里中山路136號2樓,50000,1050518
22041,42663803,斯米爾國際有限公司,臺中市南區德富路430號,200000,1050509
22042,42664177,宜康發展有限公司,臺中市大雅區上雅里民生路一段133巷2號4樓之2,6000000,1050518
22043,42664991,金譽有限公司,臺中市大雅區上雅里民生路一段133巷2號4樓之2,6000000,1050518
22044,42665746,鎂鏵陞有限公司,臺中市神岡區岸裡里中山路206號1樓,150000,1050519
22045,42665773,宇躍投資股份有限公司,臺中市西屯區工業區九路10號1樓,185000000,1050527
22046,42666148,米可音樂有限公司,臺中市西屯區國安一路97號6樓之1,1000000,1050517
22048,42666294,概棧有限公司,臺中市太平區旱溪東路二段172號1樓,2088888,1050513
22049,42667012,億鑫土木包工業有限公司,臺中市外埔區三崁里二崁路201巷9號1樓,3000000,1050502
22051,42667575,杰慶投資有限公司,臺中市西屯區文心路二段560之8號2樓之2,20000000,1050531
22052,42667792,晉亨工程有限公司,臺中市大雅區永興路118號3樓,2000000,1050517
22053,42669617,亞侑科技有限公司,臺中市北區金龍里榮華街54號1樓,1000000,1050518
22054,42670190,佈棋科技有限公司,臺中市西屯區何厝里何厝東二街23號7樓之10,5000000,1050513
22055,42670305,艾伯特國際服飾有限公司,臺中市后里區后里里三豐路274號1樓,200000,1050521
22056,42670733,瑞安精密有限公司,臺中市南屯區文心路一段186號12樓之3,1000000,1050510
22057,42670776,永億鑫國際貿易有限公司,臺中市南區工學里高工路93號3樓,2500000,1050516
22059,42671326,嘉百業企劃有限公司,臺中市新社區協成里協中街118號1號,1000000,1050524
22061,42671515,全廣機電工程有限公司,臺中市大肚區蔗廍里太平路36之1號,2000000,1050524
22062,42671607,晁耀不動產有限公司,臺中市北屯區仁和里崇德十路一段485號1樓,1000000,1050524
22063,42671846,鐵牛有限公司,臺中市北屯區松強里松竹路二段346巷18號2樓之2,500000,1050505
22064,42672177,鴻盟科技有限公司,臺中市大里區新仁里公教街60巷29號1樓,3700000,1050502
22065,42672660,富美實業有限公司,臺中市北區立人里華美街二段262號5樓之3,12000000,1050511
22066,42673730,嘉禾不動產有限公司,臺中市西屯區上安里至善路42號8樓之1,400000,1050502
22068,42673915,心兌國際股份有限公司,臺中市潭子區大德一路二段48巷1號1樓,10000000,1050509
22069,42674392,恒達企業有限公司,臺中市南區福順里復興路二段78號8樓,11500000,1050502
22070,42674822,邦躍汽車材料有限公司,臺中市北屯區平昌里柳陽東街45號10樓之3,2000000,1050518
22071,42675694,密斯有限公司,臺中市北屯區平安里文心路四段750號地下室之1,6000000,1050528
22072,42675857,聯濤科技有限公司,臺中市神岡區中興路123巷30號,500000,1050506
22073,42676194,麥田行銷管理顧問有限公司,臺中市北區新北里尊賢街7號16樓,300000,1050514
22074,42676413,新銳國際餐飲股份有限公司,臺中市北區建德里國泰街36號1樓,5000000,1050509
22075,42678019,尚將工程有限公司,臺中市烏日區烏日里五光路1058巷51號1樓,2000000,1050509
22076,42678046,右升科技有限公司,臺中市太平區福隆里東方一街25號1樓,600000,1050524
22077,42679143,津誠建設有限公司,臺中市西區五權五街58號2樓,20000000,1050527
22078,42679214,太生實業股份有限公司,臺中市北屯區平田里文心路四段955號15樓之1,1000000,1050523
22079,42679299,匯鍟國際有限公司,臺中市西區和龍里臺灣大道二段2號5樓之2,500000,1050505
22080,42679946,大媽資訊有限公司,臺中市西區華美西街一段195巷2弄8號1樓,500000,1050501
22081,42680486,豐晨機械科技有限公司,臺中市豐原區翁社里豐年路275之1號,6000000,1050527
22082,42680514,惠宇金屬工程有限公司,臺中市南屯區大同里東興路二段210號3樓,1680000,1050502
22083,42680541,自然爲本生研有限公司,臺中市太平區中山里中山路二段277號1樓,3000000,1050518
22086,42681289,達客林食品有限公司,臺中市龍井區東海里遊園北路178巷7號1樓,300000,1050524
22087,42681627,巨力數位科技有限公司,臺中市西屯區何南里臺灣大道二段633號7樓之5,5000000,1050502
22088,42681963,茶金時代餐飲有限公司,臺中市西屯區潮洋里黎明路三段3號1樓,2000000,1050520
22089,42682007,振雷科技股份有限公司,臺中市東區東橋里建功街21號,3000000,1050503
22090,42682055,新思咖啡有限公司,臺中市北區建德里國泰街36號1樓,3000000,1050513
22091,42682415,安至有限公司,臺中市西區昇平里中美街86號2樓,500000,1050519
22092,42682816,永豐興建設有限公司,臺中市后里區厚里里成功路311巷1號1樓,5000000,1050518
22093,42683239,易利訊聯網傳媒有限公司,臺中市西區和龍里臺灣大道二段2號14樓之1,3000000,1050523
22094,42683596,弘翔國際有限公司,臺中市西屯區至善路153巷12號,1000000,1050512
22095,42684309,合十有限公司,臺中市西區華美西街一段141號,100000,1050502
22096,42685406,好好喝湯健康實業有限公司,臺中市北屯區松茂里松竹北路182號1樓,1000000,1050512
22097,42685601,穀哥食品工業股份有限公司,臺中市大里區中興路一段2巷51弄5號,3990000,1050512
22098,42686279,泛太率能股份有限公司,臺中市太平區中平里中平九街128號1樓,1500000,1050520
22099,42686290,耕富國際開發有限公司,臺中市西屯區何仁里寧夏路195之8號9樓,3250000,1050525
22100,42686670,禾楓事業有限公司,臺中市西區大忠南街5號2樓,5000000,1050525
22101,42686685,盈家興業有限公司,臺中市北區文武街2之9號,600000,1050523
22102,42688234,廣聯資訊科技有限公司,臺中市西屯區永安里永安一巷45弄16號1樓,2000000,1050527
22103,42688396,顧品文教有限公司,臺中市潭子區甘蔗里興華一路376號4樓,200000,1050507
22352,42832060,路口科技股份有限公司,臺中市北區育德里健行路581號5樓之2,10000000,1050520
22397,42841482,晟立興業有限公司,臺中市北屯區昌平路一段95之8號8樓之1,10000000,1050526
22469,42860826,大新管理顧問股份有限公司,臺中市南屯區南屯里五權西路二段660號11樓之1,1000000,1050530
22482,42863788,中農國際有限公司,臺中市南屯區惠中路3段30號,1000000,1050503
22486,42870887,一鼎豐餐飲股份有限公司,臺中市西屯區漢口路二段138號8樓,11000000,1050506
22487,42871416,台中威鼎立實業有限公司,臺中市北屯區松竹里崇德路二段490號1樓,3000000,1050513
22488,42871561,千勝股份有限公司,臺中市西屯區文心路三段159號1樓,30000000,1050530
22489,42871582,軒味餐飲有限公司,臺中市大雅區文雅里中清路三段997巷16號8樓,3000000,1050504
22490,42871746,弘豐實業有限公司,臺中市東勢區東蘭路163之10號,10000000,1050525
22491,42873391,昭瑞投資有限公司,臺中市西區藍興里仁福街53號2樓,76000000,1050516
22492,42873651,嘉大供應鏈有限公司,臺中市西屯區何仁里天水東街48號1樓,3000000,1050525
22493,42874595,裕利得國際股份有限公司,臺中市南區福平里復興路二段155之1號1樓,5000000,1050514
22494,42874997,達可特科技有限公司,臺中市大里區益民路二段77號1樓,1100000,1050519
22495,42875095,共享經濟電商股份有限公司,臺中市北屯區平安里文心路四段696號16樓之1,1000000,1050509
22496,42875145,光崴有限公司,臺中市西屯區和德里甘肅路一段21號1樓,100000,1050509
22497,42875927,兆風企業有限公司,臺中市南區文心南路901巷29號3樓之1,50000,1050524
22498,42876003,品和有限公司,臺中市西屯區何成里文心路二段562之1號3樓之1,500000,1050527
22499,42876242,未來電影國際有限公司,臺中市霧峰區信義路19之4號,100000,1050523
22500,42876989,天御食品科技股份有限公司,臺中市大甲區重義二路151號3樓,30000000,1050506
22501,42877523,長森生物科技有限公司,臺中市北屯區軍功里軍榮街201號1樓,12000000,1050504
22502,42877565,一本有限公司,臺中市西屯區永安里西屯路三段164之9號2樓,500000,1050512
22503,42877615,彤燁國際有限公司,臺中市北區頂厝里崇德路一段631號18樓之3,5000000,1050511
22504,42878001,弘恩投資顧問有限公司,臺中市龍井區東海里東海街186號1樓,10000000,1050504
22505,42878038,真全國際貿易有限公司,臺中市外埔區甲后路736號1樓,3380000,1050511
22506,42878136,奕築企業有限公司,臺中市北屯區軍功里軍和街108號1樓,350000,1050504
22507,42878728,彼艾思有限公司,臺中市龍井區國際街135號,6000000,1050504
22508,42878749,海怪水產有限公司,臺中市南區崇倫里忠明南路730巷23號19樓之3,1000000,1050501
22509,42878754,柔墨有限公司,臺中市南屯區向上路二段316號,1000000,1050524
22510,42878831,金爵茶餐廳股份有限公司,臺中市西區公正里東興路三段107號1樓,500000,1050505
22511,42879000,宇盛不動產經紀有限公司,臺中市太平區樹孝路448號1樓,600000,1050530
22761,45145446,華泰大投資有限公司,臺中市西區大忠南街50號3樓之2,15000000,1050518
22762,45145781,元鈺科技有限公司,臺中市大雅區大楓里昌平路四段713號1樓,4000000,1050523
22763,45145797,詠凌投資有限公司,臺中市北區育才北路92號2樓,1000000,1050527
22764,45145987,金美子美食有限公司,臺中市北屯區遼寧路一段520號10樓,1500000,1050525
22765,45147275,久游企業有限公司,臺中市北區文莊里中清路1段89號15樓之5,100000,1050505
22766,45148289,有點創意公關顧問有限公司,臺中市南屯區東興路一段469號2樓,2000000,1050510
22767,45148458,泰榮實業有限公司,臺中市西區後龍里臺灣大道一段726號3樓之11,100000,1050511
22768,45148470,久豐裕有限公司,臺中市豐原區三村里三和路2號,200000,1050509
22769,45148529,飛創力有限公司,臺中市北區文武街5巷12之2號3樓,250000,1050511
22770,45148627,志杰貿易有限公司,臺中市大里區日新路255號1樓,1000000,1050505
22771,45149230,昭宏興業有限公司,臺中市北區立人里北平路一段82之3號,1000000,1050509
22772,45149935,漢諹系統科技有限公司,臺中市西屯區西屯路三段150之30巷10號,10000000,1050516
22783,45167932,偉加興水電企業有限公司,臺中市北屯區東山路一段35之8號1樓,10000000,1050523
22785,45188021,台西漁村風味餐廳有限公司,臺中市南屯區大興里大墩南路456號,700000,1050518
22786,45190069,群本股份有限公司,臺中市大里區夏田里中投西路三段213號,13000000,1050525
22787,45190639,稻禾國際事業有限公司,臺中市南屯區惠文路269號1樓,1000000,1050521
22788,45191243,日豆有限公司,臺中市北屯區平陽里大連路一段297號1樓,1000000,1050519
22789,45191481,普安國際股份有限公司,臺中市龍井區遠東街209巷29號1樓,6000000,1050519
22790,45191573,司迪夫科技有限公司,臺中市北屯區陳平里中清路二段496號三樓之1,500000,1050527
22791,45191594,新捷航空科技有限公司,臺中市南屯區向心里文心南一路33號1樓,8800000,1050524
22792,45191623,蒙兀國際有限公司,臺中市北區育德里育德路60號1樓,5000000,1050524
22793,45877981,展崗保全股份有限公司,臺中市神岡區庄後里中車路81號1樓,40000000,1050519
22794,45879968,亞通不動產投資股份有限公司,臺中市中區綠川里綠川東街32號9樓之23,15000000,1050502
22937,49675620,德同營造股份有限公司,臺中市龍井區沙田路五段龍目井巷128弄13號1樓,62500000,1050510
22961,50550492,上揚交通股份有限公司,臺中市西屯區福雅里福順路250巷5號1樓,25000000,1050503
22962,51010620,大里煤氣供應中心有限公司,臺中市西屯區中清路二段1246號1樓,1200000,1050520
22963,51059003,豐年流通事業股份有限公司,臺中市大肚區南榮路59號1樓,14200000,1050512
22964,51090004,中央製冰股份有限公司,臺中市中區光復路182號,1200000,1050505
22965,51139301,天源義記機械股份有限公司,臺中市南屯區五權西路3段188號,264000000,1050504
22966,51160280,全發實業有限公司,臺中市潭子區東寶里大富路一段68-11號,2000000,1050517
22967,51162225,永光網絡科技有限公司,臺中市西屯區何安里四川東街14號1樓,1500000,1050512
22968,51230785,合昇企業有限公司,臺中市東區振興里建成路682號1樓,3500000,1050510
22969,51232361,和雅電業工程有限公司,臺中市大里區新仁路一段217巷78號5樓,3000000,1050504
22970,51275500,安輪運通股份有限公司,臺中市北區賴興里文昌東二街80號,32000000,1050517
22971,51324657,明海文具印刷有限公司,臺中市東區建成路644號,3000000,1050519
22972,51386702,威石東股份有限公司,臺中市中區中山路253號,12000000,1050526
22973,51447623,建發興貿易有限公司,臺中市南區復興路三段519號,5000000,1050514
22974,51471806,哈林企業股份有限公司,臺中市西屯區協和里工業區十一路8號,150000000,1050518
22975,51528075,盈人煤氣有限公司,臺中市北屯區北興里北華街182號1樓　,3000000,1050513
22976,51579503,大承通運股份有限公司,臺中市梧棲區臨港路四段662巷8號,25000000,1050502
22977,51620518,富國精版印刷廠股份有限公司,臺中市西區五權西一街111號1樓,9960000,1050504
22978,51709132,義和煤氣有限公司,臺中市南區崇倫里忠明南路六○六號,3000000,1050501
22979,51735906,五虎唱片影視廠有限公司,臺中市南區大慶街二段三一巷九號二樓,5000000,1050529
22980,51773106,達新實業有限公司,臺中市北屯區同榮里同榮路217號1樓,1000000,1050516
22981,51798508,源豐精密科技股份有限公司,臺中市西屯區林厝里福雅路679號,220000000,1050506
22982,51804017,福記自動控制機器有限公司,臺中市東區進化路213號1樓,3000000,1050519
22983,51950860,豐村精密科技股份有限公司,臺中市西屯區林厝里福雅路677號1樓,72000000,1050504
22984,52205659,進益螺絲企業有限公司,臺中市南區復興路3段497巷2號,3000000,1050511
22985,52211863,台灣水電商行有限公司,臺中市南區福順里平順街130號,2500000,1050520
22986,52212217,主新德科技股份有限公司,臺中市神岡區豐洲里豐工路808號,261000000,1050518
22987,52217846,聯明事務機器有限公司,臺中市南屯區永春東路1045號1樓,2000000,1050521
22988,52222931,和春股份有限公司,臺中市烏日區前竹里中山路一段265巷26號,8000000,1050519
22989,52224641,錦隆印刷廠股份有限公司,臺中市南區和昌街268巷10號2樓,16180000,1050513
22990,52238758,達音實業股份有限公司,臺中市霧峰區吉峰里中正路1265巷15號2樓,90000000,1050506
22991,52239052,銀航通運有限公司,臺中市西區柳川東路二段五六號二樓,16000000,1050514
22992,52241923,中航交通有限公司,臺中市西屯區安和路27之17號1樓,2000000,1050523
22993,52242155,源永興隆工業股份有限公司,臺中市西屯區林厝里安林路49-6號1樓,10000000,1050526
22994,52242444,台灣自來水股份有限公司,臺中市北區樂英里14鄰雙十路2段2之1號,137500000000,1050513
22995,52256988,台音貿易有限公司,臺中市南屯區惠中里大墩十二街398號,20000000,1050527
22996,52257229,龍睿企業有限公司,臺中市西區福龍街15號1樓,2000000,1050526
22997,52261357,天理生物科技有限公司,臺中市外埔區水美里水美路147號,2000000,1050502
22998,52262617,大銓天然業股份有限公司,臺中市南屯區永春東路1000之20號8樓,7000000,1050501
22999,52273488,精電工程有限公司,臺中市東區東橋里建智街58號,2600000,1050504
23000,52276393,又興環保工程有限公司,臺中市北屯區三和里東光路858號,500000,1050520
23001,52302033,永田源機械工業股份有限公司,臺中市南區工學三街15巷25號1樓,10000000,1050526
23002,52308347,臺灣三嵩工業有限公司,臺中市北區長青里陜西東一街17號1樓,10000000,1050523
23003,52308629,專用化工股份有限公司,臺中市西區模範街18巷3號3樓,5000000,1050520
23004,52308634,大興包裝器材有限公司,臺中市西區後龍里福龍街69號,3030000,1050519
23006,52327891,利台貨運有限公司,臺中市南區工學三街18號,20000000,1050509
23007,52337960,金有記企業股份有限公司,臺中市太平區永豐路195巷3號,28000000,1050512
23008,52351239,三合車刀有限公司,臺中市東區振興路268號,5000000,1050517
23009,52353736,億威國際有限公司,臺中市北區忠明路451號,5000000,1050528
23010,52365472,青德鋼鐵股份有限公司,臺中市霧峰區吉峰里吉峰路61號,19500000,1050525
23011,52368610,見成油封工業有限公司,臺中市南區長春里復興路3段525號,3000000,1050518
23012,52370550,福蒝化工原料有限公司,臺中市南屯區文心路一段56號2樓,5250000,1050510
23014,52382731,廣琪印刷事業有限公司,臺中市南區樹義里福田三街318號,5000000,1050523
23015,52397349,游技機械工業有限公司,臺中市西屯區協和里工業區31路30號,10000000,1050524
23016,52408514,皇慶國際貿易有限公司,臺中市西區安龍里民權路185號10樓之8,5000000,1050503
23018,52416177,祐林企業股份有限公司,臺中市南屯區大業里大昌街520號1樓,29000000,1050528
23019,52420094,向隆企業股份有限公司,臺中市太平區永成路99巷10號,20000000,1050510
23020,52422945,傑助企業有限公司,臺中市西屯區福恩里工業區1路70號9樓,12000000,1050525
23021,52428949,助泰實業股份有限公司,臺中市大里區光正路109號,5000000,1050512
23022,52439404,愛萊時尚旅館有限公司,臺中市西區五權路2之55號2之7樓,3700000,1050526
23024,52451429,大豐泡綿股份有限公司,臺中市大里區大元里國中二路16號,37700000,1050506
23025,52451878,東詒電器有限公司,臺中市東區力行路174號,2000000,1050505
23026,52456326,常豐興業有限公司,臺中市北屯區三光里三光一街13號,600000,1050517
23027,52456542,國安鑽探企業有限公司,臺中市北屯區松茂里松義街８８號１樓,5000000,1050510
23028,52462489,霓霓氣體有限公司,臺中市大里區爽文路1208號1樓,6000000,1050513
23029,52464584,一哲事務機器有限公司,臺中市西區美村路一段125號一樓,5000000,1050523
23030,52468857,隆彩顏料有限公司,臺中市南屯區東興東街107號1樓,5000000,1050521
23031,52471564,金益成精密股份有限公司,臺中市太平區正光街197巷20號,105300000,1050510
23032,52471797,悅然有限公司,臺中市東區建中街128號1樓,3000000,1050530
23033,52473036,恒安製藥工業股份有限公司,臺中市西屯區協和里工業區一路101號,10000000,1050520
23034,52473084,台灣青木股份有限公司,臺中市東區旱溪街61巷5號,10000000,1050506
23035,52473985,泳泉工業有限公司,臺中市北屯區舊社里北屯路中映巷21弄5號,3000000,1050522
23036,52476293,三鎰水電工程有限公司,臺中市西屯區大信街60號5樓之3,12000000,1050529
23037,52478089,強生營造股份有限公司,臺中市西區中山路467之2號1樓,100000000,1050518
23038,52480536,東銓建設開發有限公司,臺中市南區忠孝路一七七號,20000000,1050524
23039,52481084,精通精密工業股份有限公司,臺中市東區建仁街9號1樓,10000000,1050503
23040,52483098,豐中膠業有限公司,臺中市南區復興路三段513號1樓,5000000,1050520
23041,52483457,協大佛具有限公司,臺中市西屯區廣福里中清路三段225巷12弄17號,9000000,1050507
23042,52484934,泉寶電機股份有限公司,臺中市東區天乙街149巷1號,28000000,1050503
23043,52484982,泰豪鋼鐵股份有限公司,臺中市烏日區光明里五光路913之1號1樓,170720000,1050516
23044,52490176,寰良有限公司,臺中市南區江川里新榮街50號,5000000,1050505
23045,52498698,盛章工業有限公司,臺中市太平區正誠街101號,5000000,1050503
23046,52504235,森品興業有限公司,臺中市東區東英里喬城一街131巷5號1樓,2000000,1050525
23047,52504559,中通電信實業有限公司,臺中市西區樂群街417號1樓,1200000,1050503
23048,52505733,谷彬有限公司,臺中市南區五權南路201號,10000000,1050520
23049,52508696,輪俥股份有限公司,臺中市太平區德隆里工業二十路36號,20000000,1050525
23050,52509386,俊益鋼鐵股份有限公司,臺中市大里區工業9路9號,30000000,1050518
23051,52509935,冠益交通器材有限公司,臺中市西區東昇里樂群街234號1樓,3000000,1050506
23052,52512642,金菱裝潢企業有限公司,臺中市西屯區何安里四川一街48號2樓,10500000,1050514
23053,52515991,潤音樂器有限公司,臺中市西屯區青海路二段173號1樓,6000000,1050516
23054,52522803,漢威儀器有限公司,臺中市北區健行路四八八號,15000000,1050509
23055,52527482,嘉星幌裝潢有限公司,臺中市南區五權南路680巷84弄14號,8000000,1050524
23056,52531958,櫻欣興業有限公司,臺中市大雅區橫山里中科路1088、1090號,42900000,1050511
23057,52536911,洋聖有限公司,臺中市后里區義里里甲后路109巷1弄5號,5000000,1050504
23059,52546734,憶昇實業有限公司,臺中市南屯區寶山里工業區22路9號,6000000,1050502
23060,52547494,豊鏹企業股份有限公司,臺中市大里區長榮里新生西路109號5樓,20000000,1050506
23061,52547683,大愚企業有限公司,臺中市大里區新里里爽文路628號1樓,5000000,1050512
23062,52554157,辰偉工業股份有限公司,臺中市西屯區長安路1段63號,10000000,1050519
23064,52556401,誠益興業股份有限公司,臺中市東區喬城一街142之1號1樓,8000000,1050502
23065,52565302,正典行企業股份有限公司,臺中市北區明德里太原北路130號3樓之2,11800000,1050511
23066,52566793,東鑫汽車貨運有限公司,臺中市南區永南街51號1樓,25000000,1050510
23067,52568048,公園企業有限公司,臺中市中區光復路101號,4000000,1050517
23068,52568949,榮順環保企業有限公司,臺中市北屯區平安里天津路4段31號1樓,20000000,1050504
23069,52570585,東印鍋爐五金有限公司,臺中市西區民權路312巷6號,3000000,1050502
23070,52572535,千威機械五金有限公司,臺中市西區綠川西街12號,2500000,1050524
23071,52583961,高標企業有限公司,臺中市北區淡溝里英才路348號,5000000,1050525
23072,52588044,豐上機械貿易股份有限公司,臺中市烏日區三和里中山路三段128號1樓,3000000,1050506
23073,52589748,天孟山企業有限公司,臺中市西區樂群街288號12樓之1,5000000,1050520
23074,52596847,諒奇股份有限公司,臺中市西區後龍里民權路231之1號3樓,70220000,1050513
23075,52600032,國竣金屬工業有限公司,臺中市太平區太平里永平路三段132巷48號,6000000,1050505
23076,52605156,鶴誠企業有限公司,臺中市南屯區豐富路２０３之１號１樓,6000000,1050530
23077,52605368,寶島貿易有限公司,臺中市南區忠明南路857號1樓,5000000,1050504
23079,52608978,強興電業股份有限公司,臺中市南屯區市政南二路191號1樓,6000000,1050506
23080,52610377,嘉豪有限公司,臺中市北區成功路437號,10000000,1050513
23081,52611087,勝光熱處理工業有限公司,臺中市南區樹德里大慶街二段98巷45號,5000000,1050517
23082,52611262,順功展業股份有限公司,臺中市南屯區田心里田心北四巷7之1號,5000000,1050525
23083,52612972,忠柏企業股份有限公司,臺中市西區公館路190號1樓,29800000,1050520
23084,52633343,成昶有限公司,臺中市北區進化路667號1樓,5000000,1050519
23085,52635855,其昇工業股份有限公司,臺中市太平區永豐路85巷4號,10000000,1050510
23086,52638939,益銓興業有限公司,臺中市北屯區松竹北路131號,16000000,1050526
23087,52639000,興農育樂股份有限公司,臺中市大雅區通山路46號1、2樓,195000000,1050509
23088,52640822,達佑電機股份有限公司,臺中市北區東成三街428號,5000000,1050506
23089,52641441,安強工業有限公司,臺中市大雅區中山七路3號,1000000,1050506
23090,52644448,華美實業有限公司,臺中市北區榮華街九四巷一弄一二號,1000000,1050505
23091,52660299,坤德企業有限公司,臺中市西區大全街154巷28號1樓,5000000,1050513
23092,52663774,中區機電技術顧問有限公司,臺中市北區賴厝里太原路二段63號1樓,8000000,1050514
23093,52665288,貿山機器工業股份有限公司,臺中市太平區宜昌東路45號,50000000,1050519
23094,52668118,瑞格電子股份有限公司,臺中市潭子區栗林里豐栗路29號1樓,60000000,1050505
23095,52672210,合厚企業有限公司,臺中市烏日區光明路162巷65號,3000000,1050517
23097,52677735,盛原有限公司,臺中市中區大墩里三民路２段１號６樓之２,2000000,1050511
23098,52677741,富郡興業有限公司,臺中市北區太原三街11號1樓,15000000,1050519
23099,52689373,允辰機械工業有限公司,臺中市南區德富路426巷10號,10000000,1050501
23100,52696466,翔坤企業有限公司,臺中市西區建國北路二段一四○號二樓,5000000,1050514
23101,52696959,捷獅實業股份有限公司,臺中市南屯區中和里中和北2巷2號1樓,110000000,1050506
23102,52702501,榕鋒實業有限公司,臺中市西區東昇里柳川東路二段103號4樓,5000000,1050516
23103,52712661,具英企業有限公司,臺中市太平區新平路3段346巷7弄12號1樓,1000000,1050504
23104,52713556,富隆企業有限公司,臺中市北屯區平順里安順東九街65號,10000000,1050517
23105,52716836,鼎峰不銹鋼有限公司,臺中市南區樹德里大慶街二段49之51號,6000000,1050519
23107,52719496,豐丞膠業有限公司,臺中市北屯區昌平路一段30之11號一樓,5000000,1050509
23108,52722422,帝團股份有限公司,臺中市北屯區仁和里昌平路二段31巷2弄8號1樓,10000000,1050503
23109,52724147,寰翰電子股份有限公司,臺中市北屯區松安里崇德六路一段147號1樓,5000000,1050504
23110,52725498,勤大股份有限公司,臺中市潭子區大豐里大豐路三段210-1號,5000000,1050503
23111,52725976,進豐橡膠工業有限公司,臺中市北屯區松山街五六號,5000000,1050517
23112,52751832,宏葉水電實業有限公司,臺中市西區存中街158號,8000000,1050511
23113,52753058,銘洋書包製品廠有限公司,臺中市南屯區中和里黎明路一段375號,3000000,1050513
23114,52755345,歐巨實業有限公司,臺中市南屯區楓樹里楓樹西街152號1樓,5000000,1050506
23115,52755366,禾木股份有限公司,臺中市北屯區平陽里安順東一街60號1樓,21600000,1050527
23116,52755669,同益脫水機有限公司,臺中市南屯區永定里永定巷16號1樓,4000000,1050505
23117,52756246,大府實業股份有限公司,臺中市南屯區文山里工業區廿二路十一號,5000000,1050506
23118,52759709,銘鎰紙器有限公司,臺中市南屯區田心里惠心街115號1樓,4000000,1050504
23119,52759898,旺欉鋁業有限公司,臺中市大甲區日南里東二街31號,30000000,1050524
23120,52761629,山友社實業有限公司,臺中市南屯區五權五街352號1樓,3000000,1050506
23121,52761873,小金博士實業有限公司,臺中市南屯區黎明路一段一○三一號,5000000,1050517
23122,52782835,代合實業有限公司,臺中市中區台灣大道一段561號,3000000,1050523
23123,52783503,寶島機電顧問股份有限公司,臺中市北區梅亭街514巷22號,5500000,1050512
23124,52784637,佳信醫療儀器有限公司,臺中市東區東興里台中路二四七號二樓,3500000,1050530
23125,52785087,呈興企業有限公司,臺中市北屯區崇興路1段12號1樓,5000000,1050506
23126,52800593,聖騰股份有限公司,臺中市西屯區福中里福中九街33巷15號1樓,30000000,1050519
23127,52800600,瑩昌五金有限公司,臺中市西屯區甘肅路一段89之1號,10000000,1050504
23128,52801360,仲億工業股份有限公司,臺中市西屯區福上巷171之4號1樓,12000000,1050506
23129,52804155,森鐵鋼鐵股份有限公司,臺中市霧峰區南勢里豐正路431號1樓,90000000,1050513
23130,52805247,和協工程技術顧問有限公司,臺中市西區東興路三段一五二號十樓,10000000,1050509
23131,52805773,舒柏興業有限公司,臺中市北區梅川西路三段三五巷三三號,5000000,1050512
23132,52811070,元創精密車業股份有限公司,臺中市西屯區朝富路213號4樓之7,800000000,1050516
23133,52813458,維明企業股份有限公司,臺中市大雅區上楓里民豐街117號1樓,53000000,1050516
23134,52813582,瑩輝興業股份有限公司,臺中市西屯區寧夏路195之10號11樓,25000000,1050518
23135,52813838,威旺興業有限公司,臺中市西區華美西街一段158號2樓,5000000,1050516
23136,52814251,光鉛企業股份有限公司,臺中市西屯區合江街21號,5000000,1050520
23137,52816510,高岳油漆工程有限公司,臺中市西屯區上石里上仁街141巷16號1樓,3000000,1050517
23138,52817546,匡偉印刷有限公司,臺中市西屯區河南東3街25號,6000000,1050529
23139,52818117,國倫銘板工業有限公司,臺中市西屯區大河里甘肅路2段54號1樓,5000000,1050501
23141,52822983,超峰快遞股份有限公司,臺中市西屯區臺灣大道四段925號23樓之3,215000000,1050509
23142,52823836,維堃企業股份有限公司,臺中市西屯區大河1巷5弄51號,5000000,1050523
23143,52824146,大詠鋁業股份有限公司,臺中市西屯區協和里工業區10路6號,18000000,1050502
23144,52856646,峯茂食品精機廠股份有限公司,臺中市東區振興路344巷8號,2000000,1050502
23145,52872771,樺萱企業有限公司,臺中市東區東門里東光園路100巷51號1樓,4100000,1050529
23146,52874671,晟龍企業股份有限公司,臺中市西區梅川東路二段3號8樓之2,5000000,1050523
23147,52875448,捷岱企業有限公司,臺中市南區復興路2段52號1樓,10000000,1050520
23148,52880110,德華齋有限公司,臺中市北區邱厝里中清路一段212號1樓,5000000,1050529
23149,52885804,元陞企業股份有限公司,臺中市大里區永隆里東榮路642號1樓,37000000,1050514
23150,52891313,盈信儀器有限公司,臺中市南屯區大業里大墩路874號,5000000,1050524
23151,52892586,岡韋印刷企業股份有限公司,臺中市西屯區協和里工業區十六路1號,150000000,1050516
23152,52894162,德嘉上光有限公司,臺中市烏日區建國路669巷6號1樓,1000000,1050505
23153,52896979,政威工程設計有限公司,臺中市西屯區西屯路二段二五六巷六號九樓之一,5000000,1050523
23154,52898408,富翌文化事業有限公司,臺中市西屯區何源里漢成街12號1樓,3000000,1050517
23156,52903388,三可工程股份有限公司,臺中市西區公民里五廊街20號,16000000,1050520
23157,52904669,瑩欣工業有限公司,臺中市西區大同街210巷20號1樓,5000000,1050519
23158,52906266,真永實業有限公司,臺中市西區昇平里中興街47號,15000000,1050513
23160,52907259,昌樺實業有限公司,臺中市潭子區東寶里大富路1段80之8號,5000000,1050513
23162,52918431,上吉運輸股份有限公司,臺中市烏日區九德里中山路一段120號1樓,21000000,1050510
23163,52920730,屹華貿易有限公司,臺中市北屯區北屯路三六六號一六樓之二,5000000,1050510
23164,52933566,東峰建設股份有限公司,臺中市南屯區向上南路1段163號3樓之1,17000000,1050502
23165,52935305,總宜實業有限公司,臺中市西屯區河南路二段301巷22號1樓,40000000,1050501
23166,52937227,森德世紀興業有限公司,臺中市西區大昌街194號,5000000,1050513
23167,52938210,星亞電子有限公司,臺中市西屯區逢甲里櫻城一街六一號一樓,12000000,1050512
23168,52940378,千力金刃有限公司,臺中市北屯區水景里倡和巷22號1樓,1000000,1050502
23169,52943425,久鎮實業股份有限公司,臺中市大甲區日南里東二街9號,12000000,1050519
23170,52945649,精達熱處理股份有限公司,臺中市烏日區前竹里中山路一段229巷41號,12000000,1050516
23171,52948343,鉅盟有限公司,臺中市北區陜西二街26號7樓之2,5000000,1050505
23172,52948391,嘉瑩鎖匙鍊有限公司,臺中市東區東門路28巷26號壹樓,6000000,1050526
23173,52948688,倧億有限公司,臺中市東區十甲東路四三九號一樓,5000000,1050507
23174,52948940,億超企業有限公司,臺中市南區福興里福新街164號1樓,5000000,1050523
23180,53006192,貝里斯商締結國際顧問有限公司,臺中市南屯區文心里大墩六街232號15樓之5,500000,1050525
23196,53018704,貝里斯商華大興業有限公司,臺中市北區錦祥里進化路575號8樓之3,3000000,1050520
23208,53029646,淳境景觀設計有限公司,臺中市西區東昇里朝陽街41號1樓 ,5000000,1050503
23210,53030025,勤裕科技股份有限公司,臺中市豐原區翁社里15鄰豐年路139巷32號,1500000,1050512
23214,53030186,伸詠生物科技有限公司,臺中市霧峰區丁台里丁台路545號1樓,1000000,1050511
23216,53030257,大金國開發企業有限公司,臺中市北屯區崇德路二段278號7樓之1,8699999,1050512
23220,53030854,偉元科技有限公司,臺中市大雅區秀山里秀山二路31巷9號,2300000,1050525
23221,53030952,大寶興實業有限公司,臺中市北屯區文心路四段955號23樓之1,1005000,1050530
23224,53031592,博特出版事業有限公司,臺中市北區衛道路63巷1號1樓,250000,1050509
23227,53032282,阿旺澄國際美食有限公司,臺中市神岡區豐洲里豐洲路225巷25號,350000,1050525
23228,53032348,建豐事業有限公司,臺中市南屯區三義里黎明路二段426號6樓之1,3500000,1050509
23229,53032353,定昱科技有限公司,臺中市潭子區家興里榮興街49號8樓,100000,1050524
23230,53032494,康銘事業科技有限公司,臺中市烏日區環中路八段615號,5000000,1050525
23233,53032749,智慧寶有限公司,臺中市神岡區三角里承德路8巷15號,1000000,1050510
23235,53033395,峰茂光學企業有限公司,臺中市南區崇倫里建國南路1段245號10樓之3,1000000,1050514
23236,53033613,眾來科技工程有限公司,臺中市南屯區大誠里大墩二街46號,500000,1050529
23239,53033888,漢恩科技有限公司,臺中市北區淡溝里英才路396號9樓之2,2000000,1050516
23240,53034394,優特比有限公司,臺中市西區後龍里中山路483號6樓之1,1200000,1050505
23242,53034535,帝鐸國際有限公司,臺中市北屯區松義街330巷23號1樓,250000,1050529
23243,53034985,歐邁嘉國際有限公司,臺中市南屯區大誠里東興西街76號1樓,1000000,1050519
23248,53036479,豐洋企業有限公司,臺中市南區南和路175之1號12樓之1,200000,1050514
23250,53036695,新峰生物科技股份有限公司,臺中市豐原區朴子里朴子街364巷23號,5000000,1050510
23251,53036816,毅騰物業管理顧問有限公司,臺中市北區尊賢街7號20樓,11000000,1050516
23253,53036941,兆正有限公司,臺中市東區東信里振興路280巷50號1樓,1500000,1050510
23257,53037499,茂盈精密股份有限公司,臺中市烏日區北里里溪南路二段466號,18000000,1050526
23259,53037890,首阜開發有限公司,臺中市西區柳川西路二段128號1樓,3000000,1050505
23263,53038624,禾羚企業有限公司,臺中市大雅區神林南路173巷1弄10號3樓,1000000,1050513
23268,53039047,得宏精機有限公司,臺中市烏日區太明路53巷12號3樓,3000000,1050512
23271,53039399,恩霖實業有限公司,臺中市潭子區潭富路二段81巷15號4樓,5000000,1050528
23275,53039911,源商不動產經紀有限公司,臺中市北屯區崇德路2段6號1樓,1000000,1050524
23276,53040023,豪昇興業有限公司,臺中市太平區建國里建興路154號,1000000,1050525
23278,53040804,鈺盛全球工業有限公司,臺中市大雅區秀山里上山路211號,3200000,1050511
23283,53041819,吉承生物科技有限公司,臺中市霧峰區吉峰里民生路247號1樓,1000000,1050516
23285,53041888,彬成皮件有限公司,臺中市北屯區天津路三段157號1樓,1000000,1050530
23286,53041938,宏洋冷氣空調工程有限公司,臺中市大雅區員林里大林路337巷25號,3000000,1050525
23287,53042079,連泓工程有限公司,臺中市大雅區文雅里中山北路250號1樓,200000,1050530
23289,53042325,欣泉鋼鐵股份有限公司,臺中市西屯區櫻城三街29號,7000000,1050518
23291,53042459,辰峰整合工程有限公司,臺中市大里區新里里永隆二街29號1樓,1000000,1050520
23294,53043078,上禾食品機械有限公司,臺中市大雅區員林里神林路1段540巷79-8號1樓,300000,1050517
23303,53044560,盈萬有限公司,臺中市烏日區烏日里公園路396巷40號1樓,500000,1050503
23307,53044920,凰廷貿易有限公司,臺中市北屯區松安里崇德六路一段59號9樓,2000000,1050524
23308,53045370,奧立德實業有限公司,臺中市西屯區港尾里中康街208號4樓之16,1000000,1050527
23310,53045483,威廉科研有限公司,臺中市沙鹿區埔子里正德路291巷45弄16號1樓,1000000,1050510
23314,53046645,捷沅有限公司,臺中市霧峰區樹仁路121巷2號8樓之7,500000,1050511
23319,53047898,雙誠不動產仲介有限公司,臺中市潭子區中山路1段236號1樓,500000,1050510
23323,53049571,勝泰生技有限公司,臺中市潭子區甘蔗里勝利八街53巷69弄43號1樓,500000,1050507
23326,53049761,台灣好利旺產業有限公司,臺中市龍井區忠和里海尾路242號2樓  ,2000000,1050526
23328,53049973,金永昌開發有限公司,臺中市北屯區軍功里軍福十九路6號,6000000,1050518
23332,53050582,日升昌營造有限公司,臺中市北屯區新平里中清路二段415巷42號,3000000,1050516
23335,53051631,邦拓實業有限公司,臺中市豐原區朴子里朴子街262巷1號1樓,2000000,1050502
23344,53052673,玖億國際開發有限公司,臺中市太平區德隆里德明路318號1樓,500000,1050521
23352,53053906,維摩工程設計有限公司,臺中市外埔區大同里中山路114巷12號2樓,800000,1050506
23357,53054665,奇穎設計顧問有限公司,臺中市北區大仁街55號1樓,2000000,1050516
23358,53054721,亞締建材有限公司,臺中市南屯區大墩四街140號1樓,1000000,1050523
23359,53054911,元佳科技有限公司,臺中市清水區南社里鰲峰路141巷57號1樓,300000,1050523
23360,53055025,上耀輪業有限公司,臺中市清水區秀水里海濱路180之1號1樓,8000000,1050521
23361,53055051,瑞鴻電通有限公司,臺中市南區樹義里復興路一段83號1樓,1600000,1050513
23363,53055159,森博有限公司,臺中市大里區天寶街20號1樓,1000000,1050529
23366,53055377,馥梅琳生化有限公司,臺中市西區公益路91號4樓,25000000,1050513
23368,53055799,台淨科技有限公司,臺中市大雅區員林里神林路1段85號,2000000,1050523
23371,53056397,尚郁企業管理顧問有限公司,臺中市西區華美街63號,1000000,1050511
23373,53056615,永大王企業有限公司,臺中市南屯區大同里大進街63號4樓,1000000,1050501
23381,53057776,金龍星科技開發有限公司,臺中市大雅區雅潭路四段508號1樓,1000000,1050502
23385,53058959,永聖五金實業有限公司,臺中市東區旱溪五街66號1樓,500000,1050517
23386,53059113,凱盈商業有限公司,臺中市龍井區新東里新興路11巷17號1樓,1000000,1050519
23388,53059227,有勝金屬有限公司,臺中市大雅區神林南路43巷68號1樓,500000,1050509
23390,53059417,璠澐生技有限公司,臺中市大里區仁化里工業路宏巨二巷2弄24號1樓,1500000,1050520
23393,53059768,金曲獎視聽歌唱有限公司,臺中市中區公園里市府路152號1樓,1000000,1050523
23394,53059893,資峯工業有限公司,臺中市西屯區龍洋巷42之2號1樓,2000000,1050525
23397,53060218,竣國企業有限公司,臺中市后里區仁里里永興路11號2樓,5000000,1050514
23398,53060420,晟田貿易有限公司,臺中市西屯區何德里大信街62號9樓之1,500000,1050502
23399,53060569,姸珊丰有限公司,臺中市烏日區仁德里信義街229號1樓,1000000,1050509
23400,53060619,柏得捷設計有限公司,臺中市西屯區惠來里西屯路2段208巷10弄17號1樓,300000,1050506
23402,53060815,九勇實業有限公司,臺中市南屯區大興里東興東街26巷14號1樓,500000,1050518
23403,53060929,得迅有限公司,臺中市西屯區工業區28路301號,600000,1050531
23405,53060955,志磊企業有限公司,臺中市沙鹿區保安路55巷11號2樓,2000000,1050506
23406,53060961,時常實業有限公司,臺中市霧峰區坑口里中正路565-12號,1000000,1050529
23407,53060998,寶利發興業有限公司,臺中市北屯區文心路四段528號10樓之10,500000,1050523
23408,53061053,鉦融石材有限公司,臺中市豐原區中陽里愛國街107號,500000,1050504
23409,53061292,亮海企業有限公司,臺中市梧棲區四維東路149巷20號7樓,2000000,1050507
23410,53061357,哲欣景觀有限公司,臺中市東勢區新盛里新盛街511號1樓,500000,1050523
23411,53061384,得福不動產仲介經紀有限公司,臺中市南區和平里復興路二段18之2號2樓,1000000,1050523
23419,53062095,采威品牌形象設計有限公司,臺中市南屯區溝墘里大墩十四街310巷20號1樓,500000,1050523
23420,53062102,禾全機電有限公司,臺中市南屯區精科八路42號,10000000,1050516
23421,53062412,利欣精密工業股份有限公司,臺中市神岡區大富路323號,40000000,1050527
23426,53062953,達駿不銹鋼企業有限公司,臺中市大里區東興里光榮街17號1樓,300000,1050504
23435,53064875,康家科技有限公司,臺中市潭子區東寶里昌平路三段492巷250號1樓,1000000,1050512
23436,53065240,榮郁國際有限公司,臺中市東區十甲東路188號1樓,500000,1050506
23437,53065781,祥賀廣告科技有限公司,臺中市東區東英里十甲東路740號1樓,3050000,1050506
23440,53066439,萬事達產品研發有限公司,臺中市西屯區逢甲路19巷16號,1000000,1050504
23445,53066819,亞服國際有限公司,臺中市北屯區平德里崇德路二段5之3號,1000000,1050529
23446,53067079,昇恆科技股份有限公司,臺中市烏日區太明路211巷88號1樓,10000000,1050523
23457,53068491,隆和國際貿易有限公司,臺中市龍井區新興路22巷1弄6號1樓,1000000,1050528
23458,53068534,震鑫事業有限公司,臺中市豐原區南陽里南陽路299-33號,500000,1050516
23459,53068561,和昇茶業有限公司,臺中市北區中清路一段100號13樓之3,250000,1050509
23460,53068767,兆富開發有限公司,臺中市南區福順里忠明南路795-1號2樓,1000000,1050526
23461,53068788,巨森機械企業有限公司,臺中市梧棲區大庄里文雅街128巷87號1樓,3000000,1050505
23463,53068865,益順泰實業有限公司,臺中市霧峰區四德里峰堤路683號,5000000,1050517
23464,53068871,捷勝貿易有限公司,臺中市太平區仁和街4巷33號1樓,100000,1050525
23466,53069169,璟慶建設有限公司,臺中市北屯區松和里崇德六路一段207號1樓,25000000,1050505
23468,53069317,廷晁企業有限公司,臺中市南屯區豐樂里東興路一段503之2號1樓,500000,1050529
23470,53069365,德茂工程顧問有限公司,臺中市豐原區三豐路57巷23號1樓,1000000,1050512
23472,53069576,豐廷工程有限公司,臺中市西屯區大鵬里長安路二段71巷68號5樓,10000000,1050525
23473,53070010,亞傑貿易有限公司,臺中市清水區西社里華江北街20巷1號,200000,1050524
23477,53070460,臻果國際室內裝修有限公司,臺中市西屯區惠來里洛陽路125巷49號,2000000,1050522
23481,53070969,環成科技有限公司,臺中市東區東信里振興路412巷50-1號1樓,1000000,1050526
23483,53071171,鼎億資訊產業有限公司,臺中市東區十甲東路258號,500000,1050514
23484,53071221,譽達貿易有限公司,臺中市北區賴旺里中清路一段880巷7號2樓,1000000,1050525
23489,53072262,源昌油品有限公司,臺中市沙鹿區清泉里清泉路16之3號1樓,1000000,1050514
23490,53072565,拉菲洋酒有限公司,臺中市大雅區雅潭路四段502號1樓,1000000,1050520
23491,53072642,億洋泰有限公司,臺中市太平區太平里永平路三段40號1樓,1000000,1050520
23492,53072848,昌勝機械有限公司,臺中市南屯區春社里永春南路430巷68之11號,1000000,1050523
23494,53073213,豐億傢俱有限公司,臺中市南屯區惠中里惠中路三段79-1號1樓,2050000,1050523
23496,53073353,元旺不動產經紀有限公司,臺中市沙鹿區福興里鎮南路二段123號,300000,1050520
23497,53073403,廷和機械有限公司,臺中市沙鹿區三鹿里中園街116號1樓,150000,1050512
23499,53073678,小林酒事業有限公司,臺中市西區中興里美村路一段237、239號1樓,20000000,1050514
23501,53073831,晨弘有限公司,臺中市南區永興里工學一街167巷13號1樓,1680000,1050511
23505,53074655,伸宇精密科技有限公司,臺中市豐原區南村里水源路427巷39號,3000000,1050513
23507,53074923,頡欣工業有限公司,臺中市南屯區大墩十四街190之1號4樓,3000000,1050525
23514,53075704,國揚五金有限公司,臺中市太平區光明里大興11街149號1樓,500000,1050507
23515,53075839,崴傑國際實業有限公司,臺中市南屯區永春東一路788巷2之1號,6000000,1050510
23516,53076008,大水建設有限公司,臺中市南屯區大墩路775號15樓之2,20000000,1050508
23519,53076507,元立喬實業有限公司,臺中市西屯區何南里大墩路936號2樓,1000000,1050510
23520,53076555,真好科技有限公司,臺中市大里區合信街62號1樓,2200000,1050515
23524,53077415,泓銘室內裝修有限公司,臺中市東區樂成里育英路88號1樓,10000000,1050512
23525,53077626,好美國際旅行社有限公司,臺中市西區忠明里博館路117號9樓之2,8000000,1050524
23526,53077674,富鈺精品有限公司,臺中市南區南和一街11巷11號1樓,500000,1050526
23529,53078006,菖桂原生園藥材有限公司,臺中市西區五權四街38號1樓,5000000,1050512
23533,53078370,力格機械有限公司,臺中市豐原區社皮里大豐路五段230巷28弄30號1樓,1000000,1050513
23534,53078385,笛格企業有限公司,臺中市豐原區民生里府前街93巷36號1樓,2600000,1050504
23538,53078842,固德生化科技有限公司,臺中市南區積善里仁義街134號1樓,1000000,1050509
23540,53078955,元德網路科技有限公司,臺中市北屯區水景里松竹五路68巷2號1樓,500000,1050510
23698,53116542,元利資產管理股份有限公司,臺中市南屯區文心南一路40號4樓,26400000,1050510
23770,53129820,聲捷通信有限公司,臺中市神岡區民生路12號1樓,300000,1050504
23772,53130299,福豐玉石有限公司,臺中市西屯區天水西一街35號1樓,5000000,1050524
23773,53130360,鑫永進橡膠科技有限公司,臺中市神岡區神洲里豐工中路86號,5000000,1050530
23779,53132114,稼璟系統櫥櫃有限公司,臺中市南區南和里工學路146巷28號1樓,1000000,1050514
23780,53132141,谷運有限公司,臺中市太平區光明里中山路2段412-8號7樓,500000,1050510
23787,53133036,友好科技有限公司,臺中市大里區塗城路456巷16號,3000000,1050511
23789,53133090,理想家綠能科技有限公司,臺中市大里區立新街265巷2號1樓,300000,1050529
23794,53133654,紫盛科技有限公司,臺中市南屯區春社里忠勇路12之1之1號,1000000,1050502
23795,53133660,崧偉科技有限公司,臺中市潭子區栗林里中山路三段305巷21號1樓,500000,1050511
23796,53133704,洋齊興業有限公司,臺中市太平區太平里永豐路157巷13號1樓,2500000,1050516
23800,53134252,偉能汽車零件股份有限公司,臺中市豐原區鐮村里鐮村路465巷29號,2000000,1050511
23801,53134366,采風醫美股份有限公司,臺中市西屯區惠來里市政路386號6樓之7,30000000,1050523
23802,53134470,祥禎有限公司,臺中市后里區墩北里8鄰富春路154號,500000,1050519
23808,53136272,亮瑄美妝有限公司,臺中市龍井區東海里遠東街81巷1-59號2樓,1000000,1050503
23812,53136929,燁金行有限公司,臺中市大里區中新里德芳南路182巷2號2樓,500000,1050502
23815,53137552,陽晟物業管理顧問有限公司,臺中市北區明新里太原路一段532號10樓之2,200000,1050507
23817,53137899,九福門實業有限公司,臺中市大安區中庄里中山南路517巷2號1樓,1000000,1050509
23818,53138031,互揚投資有限公司,臺中市西區後龍里民權路229巷12號1樓,80000000,1050518
23820,53138118,力中鐵材有限公司,臺中市豐原區豐圳里福德路2之2號,5000000,1050508
23823,53138525,廣機工業有限公司,臺中市西屯區林厝里西林巷48-26號,2500000,1050530
23826,53138975,永錩精密工業有限公司,臺中市南屯區永春南路430巷68之5號1樓,3000000,1050511
23827,53138980,春豐文創有限公司,臺中市北屯區軍功里軍功路二段347巷33號1樓,2000000,1050507
23828,53139138,鴻印實業有限公司,臺中市潭子區聚興里豐興路一段577巷31號一樓,1000000,1050504
23832,53139566,辰豐製袋有限公司,臺中市西屯區福安里福順路142號3樓之1,300000,1050520
23834,53139714,紅頂國際商務旅館有限公司,臺中市北區大湖里柳川西路四段1號12樓1號、2號,500000,1050517
23838,53140521,豪冠精密有限公司,臺中市南屯區樂田巷1-16-9號1樓,2000000,1050510
23839,53141134,櫻桃餐飲有限公司,臺中市西屯區寧夏路79號11樓之2,300000,1050523
23841,53141774,居屋有限公司,臺中市烏日區仁德里中山路一段339號2樓,3000000,1050519
23843,53142345,澄居空間設計有限公司,臺中市西區忠誠里忠義街8巷21號1樓,1000000,1050509
23845,53142669,采築開發有限公司,臺中市沙鹿區三鹿里保安路55巷11號2樓,3000000,1050506
23848,53143098,旭威寵物用品有限公司,臺中市大雅區文雅里中山北路473巷64號2樓,5000000,1050525
23859,53145259,長泰精密有限公司,臺中市大甲區庄美里興安路130之1號,20000000,1050510
23862,53145764,承昌國際貿易有限公司,臺中市北區五常街261巷9號1樓,5000000,1050530
23868,53146742,葆明有限公司,臺中市西區五廊街124號6樓之1,500000,1050520
23872,53147427,核宇科技有限公司,臺中市西屯區天水西一街3號1樓,3200000,1050501
23877,53148024,呈源營造有限公司,臺中市潭子區大智街1巷28之2號1樓,3000000,1050512
23878,53148045,瑞萊旺不動產有限公司,臺中市大里區新生西路196號1樓,600000,1050523
23879,53148066,祝噯吃實業有限公司,臺中市神岡區社南里社南街5巷25號,2000000,1050504
23881,53148191,金佑興業股份有限公司,臺中市太平區永平路二段450號,10000000,1050516
23882,53148256,東皇不動產經紀股份有限公司,臺中市大里區長榮里中興路2段103之1號1樓,1000000,1050523
23886,53149987,紳秝實業有限公司,臺中市南區工學一街179巷10號1樓,5000000,1050529
23887,53150105,舶婕工程有限公司,臺中市西區忠明里美村路一段102巷20號1樓,1000000,1050526
23889,53150359,南瓜馬車優品有限公司,臺中市潭子區大豐里大豐路三段215號,3000000,1050519
23893,53150983,晨祐科技有限公司,臺中市大里區新里里長興一街13號1樓,755000,1050526
23896,53151625,慶飛生物科技有限公司,臺中市神岡區溪洲里豐洲路1550巷117號1樓,500000,1050528
23897,53152429,原德飯店股份有限公司,臺中市西屯區西屯路2段200號,30000000,1050525
23900,53152722,大英生物科技有限公司,臺中市北屯區崇德路2段437號2樓,1000000,1050516
23901,53152906,尤迦室內裝修有限公司,臺中市南屯區南屯里黎明東街68-2號1樓,1000000,1050525
23905,53153341,玟和有限公司,臺中市大里區東湖里公園街421巷32號9樓,1000000,1050518
23906,53153399,盛源科技有限公司,臺中市太平區興隆里光興路1352巷33號1樓,1200000,1050513
23910,53153898,誠力不動產有限公司,臺中市南屯區南屯里黎明路一段1086巷10號1樓,5000000,1050517
23912,53154290,銓威玻璃工程有限公司,臺中市西屯區何德里寧夏西三街54號1樓,2000000,1050510
23913,53154382,紅綃投資有限公司,臺中市北區育德里育德路100號3樓之5,2000000,1050516
23918,53155360,鉅淳企業有限公司,臺中市西屯區何成里臺灣大道二段833巷7之1號,2000000,1050502
23924,53155967,佳均資訊有限公司,臺中市東區富仁里富榮街73號1樓,500000,1050510
23926,53156234,豐助有限公司,臺中市潭子區大富里民族路3段258-2號1樓,200000,1050514
23931,53156826,玖泰五金有限公司,臺中市大甲區朝陽里中山路一段1023號,4000000,1050506
23937,53157418,奕峰建材有限公司,臺中市大里區東湖里東湖路21號1樓,2000000,1050527
23938,53157439,金菱貿易有限公司,臺中市北屯區同榮里環中路一段1432號1樓,10000000,1050514
23940,53158084,顥天科技有限公司,臺中市北屯區平心里遼陽四街116號5樓之1,5000000,1050521
23941,53158303,邦盛工程有限公司,臺中市大雅區六寶里中清路四段860巷1號1樓,2000000,1050519
23946,53158845,喬宇工程技術顧問有限公司,臺中市豐原區南嵩里水源路9巷189號1樓,500000,1050520
23947,53158916,萬華生技有限公司,臺中市北區賴興里文心路四段208之1號7樓之2,250000,1050506
23956,53160547,達雄科技有限公司,臺中市西區民龍里英才路510號底一層之1,4000000,1050518
23957,53161335,聖凡有限公司,臺中市大肚區大東里仁德路131巷5號1樓,500000,1050513
23967,53162658,大洋洲室內裝修有限公司,臺中市龍井區東海里遠東街22號8樓,1000000,1050505
23969,53162974,錦戊防鬆螺絲有限公司,臺中市大甲區日南里經國路2532號1樓,1000000,1050505
23971,53163299,阡利工業有限公司,臺中市太平區永成路71-1號,2000000,1050509
23975,53163740,帝旺數位刀具有限公司,臺中市太平區振福路65巷10號1樓,3200000,1050527
23977,53163919,裕褣窗簾設計有限公司,臺中市太平區光華里長安路313巷28號1樓,500000,1050506
23980,53164425,昭綸工業有限公司,臺中市梧棲區永安里向上路9段321巷21號1樓,29000000,1050506
23981,53164585,境鋐紙器有限公司,臺中市潭子區東寶里大德南路13號,1000000,1050516
23987,53165439,京懋有限公司,臺中市南屯區楓樹里永春東二路41號1樓,1000000,1050510
23992,53165888,玖華成企業有限公司,臺中市大里區塗城里光正路134巷134號,1000000,1050512
23996,53167014,環麗廢棄物清除有限公司,臺中市沙鹿區埔子里屏西路97號,3500000,1050511
24001,53169343,聖齊股份有限公司,臺中市大里區新里里永隆一街298巷16號1樓,2400000,1050509
24007,53170643,八聖國際有限公司,臺中市霧峰區峰谷里峰谷路360巷5號,1760000,1050504
24008,53170670,台灣麥特工業有限公司,臺中市太平區新仁路一段44巷5之2弄3號1樓,1000000,1050510
24012,53171072,偉霸事業有限公司,臺中市東區東信里十甲東路406巷21號1樓,3000000,1050518
24013,53171798,禾唐船務代理有限公司,臺中市梧棲區頂寮里八德路84號3樓之6,10500000,1050520
24022,53173183,炟坤數位有限公司,臺中市北區國泰街98巷1號3樓,1000000,1050511
24023,53173402,盟豪照明企業有限公司,臺中市北屯區平順里大連路三段10號5樓之1,300000,1050504
24024,53173418,優德精密研磨股份有限公司,臺中市神岡區豐洲里神洲路66巷27號,3000000,1050524
24025,53173439,勝隆科技有限公司,臺中市沙鹿區北勢東路168號1樓,2000000,1050521
24026,53173655,宬葳有限公司,臺中市潭子區頭家東里中山路一段406號1樓,3000000,1050509
24027,53173944,伍建精密有限公司,臺中市大雅區上楓里民生路四段333巷95號,2500000,1050517
24028,53173986,聚豐塑膠有限公司,臺中市清水區槺榔里中央路38巷2弄16號1樓,500000,1050501
24029,53174182,徽立各有限公司,臺中市石岡區石岡里石岡街106號1樓,300000,1050503
24031,53174253,嘉荷路司有限公司,臺中市西屯區青海路二段240之1號9樓之2,10000000,1050526
24032,53174922,漢嘉工程有限公司,臺中市南區工學北路65號6樓之1,500000,1050523
24034,53175252,永頌開發股份有限公司,臺中市西屯區惠來里市政路386號19樓之1,6720000,1050513
24035,53175416,杰出有限公司,臺中市南區樹義里復興路一段258號1樓,500000,1050527
24039,53175788,冠霖精密有限公司,臺中市太平區光興路537號,6200000,1050514
24040,53175915,哲昌工程有限公司,臺中市大雅區永和路128之3號1樓,2000000,1050517
24041,53176034,特爾國際有限公司,臺中市西屯區永安里安林路14-4號1樓,3000000,1050513
24044,53176442,致勝塑膠有限公司,臺中市龍井區忠和里工業路182巷7號,5000000,1050503
24047,53176787,昂駿實業有限公司,臺中市清水區臨江里鎮平路10號,1000000,1050514
24050,53177316,瑞春興業有限公司,臺中市龍井區龍東里舊車路111號1樓,500000,1050502
24235,53215613,臺崙貨運有限公司,臺中市大雅區雅環路二段64巷47號1樓,25000000,1050513
24319,53259225,采義科技有限公司,臺中市南屯區三和里河南路四段456之12號11樓,6000000,1050513
24320,53259359,威華國際有限公司,臺中市神岡區三社路390巷36號2樓,5000000,1050513
24321,53259421,冠昱機電工程有限公司,臺中市大肚區大明一街58巷5-1號,1000000,1050502
24324,53259999,鎧鴻科技有限公司,臺中市神岡區神洲里大洲路42巷21號,2000000,1050505
24327,53260335,名遠廣告有限公司,臺中市西區忠誠里大隆路20號7樓之7,2000000,1050524
24331,53261051,超鮮國際有限公司,臺中市龍井區三德里中央路二段149巷53弄2號1樓,5000000,1050514
24332,53261094,億鏵環保有限公司,臺中市外埔區三崁里甲后路41-10號1樓,1000000,1050515
24333,53261101,美奇室內裝修有限公司,臺中市西屯區上安里上明一街2號1樓,1000000,1050530
24334,53261622,昌利豐企業有限公司,臺中市北屯區后庄里中清路二段1022號1樓,1000000,1050505
24337,53262404,辰鑫精密機械廠有限公司,臺中市大里區塗城路304巷28弄20號,5000000,1050506
24339,53262544,德利葳股份有限公司,臺中市大里區國中路495巷2號,50000,1050527
24344,53262967,穎輪國際有限公司,臺中市大雅區二和里神林南路225巷23弄10號4樓,500000,1050513
24345,53262988,安鎂國際有限公司,臺中市北區英才路262巷17號1樓,1000000,1050502
24349,53263852,銳奇資科有限公司,臺中市北區育德里健行路581號4樓之6,3000000,1050511
24351,53264374,銘京有限公司,臺中市豐原區北湳里豐中路134號1樓,500000,1050519
24353,53264634,台灣之光國際有限公司,臺中市南屯區三厝里大富街111號,5000000,1050527
24355,53264894,全曜儀器有限公司,臺中市南區復興北路565號1樓,1000000,1050512
24359,53265438,盛鋐企業有限公司,臺中市霧峰區四德里新埔路198號,1000000,1050522
24360,53265471,榮承發工程顧問股份有限公司,臺中市西屯區東大路一段663號,5000000,1050528
24361,53265492,巨積精密技術有限公司,臺中市太平區太平里永豐路108巷12之23弄38號1樓,20000000,1050503
24363,53265752,承昱管理顧問有限公司,臺中市西區柳川西路二段43號1樓,500000,1050511
24364,53265887,正豐不銹鋼工業有限公司,臺中市西屯區工業區36路43號3樓,20000000,1050518
24365,53266268,貫群建設有限公司,臺中市北屯區同榮里更生巷212號1樓,6500000,1050517
24372,53268842,寬遠科技有限公司,臺中市西屯區潮洋里朝富路126號1樓,1000000,1050505
24373,53268890,誠吉科技有限公司,臺中市東區東門里天乙街140巷32號1樓,1500000,1050505
24376,53269151,佑君有限公司,臺中市大里區仁德里仁化路701巷28號,11000000,1050523
24377,53269201,東金金屬有限公司,臺中市大里區樹王里東興路305號1樓,4000000,1050503
24379,53269379,給奇創造股份有限公司,臺中市西區公德里忠明南路138號5樓之3,42000000,1050509
24385,53270306,聯鑽企業有限公司,臺中市西屯區福雅里福科路362巷36號2樓,500000,1050523
24388,53270571,傑采投資股份有限公司,臺中市西屯區何成里大祥街12號3樓,80000000,1050528
24390,53270729,鴻銘精密科技有限公司,臺中市大安區西安里東西七路二段52號1樓,5000000,1050511
24392,53270848,緩慢石梯坪有限公司,臺中市西屯區潮洋里朝富路232號1樓,2000000,1050525
24394,53271059,為安工程有限公司,臺中市太平區新坪里育才路46號,500000,1050505
24396,53271754,宏悅工程有限公司,臺中市大安區福住里東西五路二段138巷33號1樓,5000000,1050505
24406,53273459,兆盛網路事業有限公司,臺中市南屯區五權西路2段666號7樓之4,250000,1050518
24408,53273649,尚洋起重工程有限公司,臺中市神岡區岸裡里中山路150巷89號1樓,1500000,1050521
24409,53273654,鈺采文化事業有限公司,臺中市大甲區文武里信義路232號1樓,1500000,1050514
24411,53274176,軒華國際有限公司,臺中市潭子區潭陽里潭興路2段300號2樓,100000,1050511
24412,53274350,澳盛貿易有限公司,臺中市北區頂厝里進化北路229號6樓,750000,1050511
24414,53274507,廣略管理顧問有限公司,臺中市西區双龍里模範街3巷5號1樓,8000000,1050511
24415,53274725,捷森電池有限公司,臺中市北屯區北京里進化北路18號1樓,300000,1050520
24416,53275077,勝騰工業有限公司,臺中市大里區仁德里仁禮街14號1樓,1000000,1050516
24418,53275506,明沅泰工具股份有限公司,臺中市大甲區義和里重義一路25號2樓,20000000,1050506
24419,53275549,馥鈺珠寶有限公司,臺中市南屯區溝墘里文心路一段456號1樓,5000000,1050510
24424,53276343,維成儀器有限公司,臺中市南屯區文山里寶山六街46之1號1樓,1000000,1050530
24425,53276548,台灣網購客服有限公司,臺中市北屯區東山路一段384巷118之1號1樓,1050000,1050510
24430,53277069,銧傣科技有限公司,臺中市南區南平路228號,4500000,1050511
24431,53277429,葡森有限公司,臺中市北屯區陳平里陳平路11巷15號4樓,50000,1050530
24432,53277498,寬容建設有限公司,臺中市北區健行里華興街43號1樓,1000000,1050511
24436,53278399,福豐寶石有限公司,臺中市西屯區天水西一街35號2樓,1000000,1050524
24437,53278497,祥溢科技有限公司,臺中市大雅區橫山里上山路66號1樓,600000,1050504
24438,53278594,福科生技股份有限公司,臺中市北屯區平順里柳陽西街67號1樓,10000000,1050530
24439,53278671,變色龍印刷設計有限公司,臺中市南屯區大同里大墩六街5號1樓,100000,1050529
24440,53278692,達成國際實業有限公司,臺中市西屯區河南路2段12號2樓,9000000,1050517
24441,53278709,固電科技有限公司,臺中市大里區金城里中興路一段382巷10號1樓,2000000,1050520
24443,53278996,上楙有限公司,臺中市西區昇平里忠明南路303號6樓之3,1000000,1050523
24449,53280331,迦拿有限公司,臺中市北屯區平安里天津路四段6號,250000,1050517
24451,53280629,興樺生技股份有限公司,臺中市潭子區潭興路三段87號1樓,15000000,1050506
24464,53282176,雄富土木包工業有限公司,臺中市西屯區國安一路208巷7號,800000,1050526
24465,53282231,玖珵貿易有限公司,臺中市大里區西榮里西榮路138巷9號六樓,3000000,1050524
24467,53282464,峻良精密有限公司,臺中市東區東門里東光園路64巷31號1樓,1000000,1050502
24472,53283457,家穎興業有限公司,臺中市北屯區崇德二路二段308號,2000000,1050529
24473,53283463,家葳企業有限公司,臺中市大里區長榮里益民路二段230巷3號1樓,1000000,1050511
24474,53283554,登豐廣告材料有限公司,臺中市西屯區廣福里中科路1366-6號,1000000,1050512
24475,53283772,欣富康實業有限公司,臺中市北屯區水景里景賢南一路76巷6號1樓,12600000,1050516
24480,53285151,如來科技有限公司,臺中市北區中清路一段79號6樓,500000,1050525
24484,53285624,小武國際有限公司,臺中市東區十全街96號2樓,3000000,1050531
24485,53285672,翃睿國際有限公司,臺中市大雅區橫山里永和路8-25號,1000000,1050517
24486,53285687,光閎工業有限公司,臺中市霧峰區四德里丁台路157之1號,5000000,1050523
24488,53285933,安欣機械股份有限公司,臺中市北屯區安順東五街42號1樓,10000000,1050527
24495,53286481,創新產品設計有限公司,臺中市南區德義里仁和路7號1樓,500000,1050531
24496,53286659,六度空間室內裝修有限公司,臺中市霧峰區舊正里豐正路72號1樓,3000000,1050520
24499,53287101,龍昭實業有限公司,臺中市西區公德里大忠街36號7樓之3,250000,1050505
24501,53287221,九鬼食品有限公司,臺中市北區漢口路四段202號1、2樓,500000,1050511
24503,53287340,呈欣科技有限公司,臺中市后里區墩北里文化路48號1樓,100000,1050510
24506,53287496,泓益精密有限公司,臺中市太平區永平南路100號1樓,3000000,1050503
24508,53287735,樂藝有限公司,臺中市西區中興里公益路130號6樓,1000000,1050502
24509,53287876,頤養膳房有限公司,臺中市西屯區福雅里福雅路60號,3800000,1050511
24513,53288973,京漢國際驗證有限公司,臺中市北區建成里東光七街8號1樓,1000000,1050526
24517,53289760,康元國際貿易有限公司,臺中市潭子區大豐里14鄰大豐東二街127號7樓,300000,1050524
24519,53290226,伊爾瑪科技有限公司,臺中市北區賴厝里梅川西路三段66號10樓,1000000,1050528
24520,53290339,新利盛貿易有限公司,臺中市西屯區何源里漢成七街21號1樓,1000000,1050506
24522,53290632,晶彩印刷有限公司,臺中市西屯區協和里安和路1之8巷32-1號,10000000,1050506
24523,53290773,錫發有限公司,臺中市大里區大元里國中一路46巷48號,1000000,1050529
24524,53290915,正佳商業有限公司,臺中市北區邱厝里健行路441-12號,1400000,1050511
24525,53291175,廣達機械有限公司,臺中市北屯區水景里景中巷9號1樓,1000000,1050514
24529,53292028,銳展技研有限公司,臺中市烏日區螺潭里溪南路二段263號1樓,7000000,1050517
24533,53293363,峻譯工業有限公司,臺中市東區十甲東路152號1樓,1000000,1050521
24534,53293461,喬杰科技有限公司,臺中市神岡區大社里大漢街181巷33號1樓,3000000,1050506
24537,53293814,大雅汽車有限公司,臺中市大雅區大雅里中清南路118號,1500000,1050502
24541,53294671,長寬高室內裝修有限公司,臺中市北區賴興里文昌東一街14號1樓,500000,1050502
24542,53294813,日立光電有限公司,臺中市北區頂厝里永興街338號14樓,1000000,1050514
24545,53295411,鎧叡投資有限公司,臺中市東區東英里三賢街28號,14000000,1050511
24549,53295989,創鑫方程式股份有限公司,臺中市沙鹿區臺灣大道六段777號1樓,1700000,1050519
24550,53296024,泓錠機電工程有限公司,臺中市沙鹿區自強路175巷110弄11號3樓,10000000,1050516
24551,53296122,宗祐興業股份有限公司,臺中市太平區大興十一街11巷20號1樓,1000000,1050527
24553,53296262,睿達電業有限公司,臺中市梧棲區永寧里永寧路36巷34號1樓,5000000,1050512
24554,53296798,晟賀工業有限公司,臺中市東區東英六街33巷3號1樓,5000000,1050512
24557,53296930,植心音樂藝術有限公司,臺中市北屯區平福里崇德一路106號1樓,1000000,1050520
24564,53298563,盛孚管理顧問有限公司,臺中市西屯區河南路二段351巷6號1樓,500000,1050524
24565,53298803,視界國際廣告有限公司,臺中市中區三民路二段131號2樓,2000000,1050520
24569,53299303,鉅崴機電有限公司,臺中市北區太原路二段88號8樓之13,100000,1050518
24580,53301960,立成開發工業有限公司,臺中市南屯區豐樂里文心南五路一段408號2樓,3000000,1050522
24583,53302742,勇冠科技有限公司,臺中市烏日區烏日里環河北路256號,1000000,1050530
24585,53303067,實見空間設計有限公司,臺中市西區向上北路105巷12號1樓,1000000,1050520
24586,53303073,菘騏科技有限公司,臺中市南屯區文心南三路1111巷37號1樓,2500000,1050506
24591,53303828,宜達印刷有限公司,臺中市大里區仁德里仁化路701巷21號,6000000,1050521
24596,53304642,宥鴻有限公司,臺中市南區樹義里復興路一段191號1樓,10000000,1050517
24597,53304798,櫟莊園有限公司,臺中市西屯區上安里臺灣大道三段556巷1弄10號2樓,500000,1050506
24602,53305059,藍鯨運動器材有限公司,臺中市豐原區豐南街278巷35號1樓,1000000,1050520
24603,53305109,德康國際貿易有限公司,臺中市北屯區頂厝里崇德路一段535號1樓,4000000,1050524
24609,53305635,湧益工程有限公司,臺中市南區永興里工學二街111號11樓之3,1000000,1050501
24610,53305656,益齊機械工程有限公司,臺中市太平區光隆里光明路65之5號1樓,1000000,1050523
24611,53305776,永盛金屬門窗有限公司,臺中市清水區裕嘉里高美路315巷20-1號1樓,5000000,1050510
24615,53305993,貞澄有限公司,臺中市北屯區北京里太原路三段110號,1200000,1050507
24616,53306206,兆藝不動產經紀有限公司,臺中市南屯區南屯路二段263號1樓,250000,1050526
24617,53306233,維騏捲門有限公司,臺中市豐原區西湳里豐北街278巷5號1樓,200000,1050514
24621,53306917,宗益工業有限公司,臺中市太平區永豐路55巷2之1號,1000000,1050504
24623,53307367,鴻鼎工業有限公司,臺中市神岡區三角里承德路175巷3號,5100000,1050516
24628,53307991,育聖技研實業有限公司,臺中市神岡區神林路90巷19-16號1樓,5000000,1050523
24629,53308041,昱浩工業有限公司,臺中市大甲區日南里青三路9巷27號,1300000,1050510
24631,53308507,豪科能源科技有限公司,臺中市清水區鰲峰路393號,1000000,1050525
24632,53308513,有發環保有限公司,臺中市大雅區員林里神林路一段231巷1弄42號,300000,1050520
24633,53308605,寶才食品有限公司,臺中市豐原區富春里中正路249號1樓,500000,1050527
24635,53309098,克美有限公司,臺中市大雅區大楓里雅楓街109號,500000,1050523
24638,53311524,誌翃國際事業有限公司,臺中市北屯區大連路3段63號1樓,5000000,1050505
24681,53320093,煜笙國際事業有限公司,臺中市北區忠明二街41之1號3樓,5000000,1050505
24688,53322803,台灣俊逸投資有限公司,臺中市潭子區東寶里雅潭路3段東寶巷159號,4200000,1050519
24750,53337257,新城發工程有限公司,臺中市西屯區大墩十八街136號8樓之1,1000000,1050517
24755,53338919,聚遠建設開發股份有限公司,臺中市西屯區文心路二段201號15樓之5,10000000,1050501
24832,53359420,采宏茗茶有限公司,臺中市大里區大元里內元路153巷6號1樓,600000,1050511
24834,53359738,思博凱資訊科技有限公司,臺中市沙鹿區斗抵里天仁街20巷16號1樓,1000000,1050503
24836,53359940,翔騰化學有限公司,臺中市沙鹿區福至路80巷42號1樓,1000000,1050520
24838,53360025,子上有限公司,臺中市南屯區豐富路199號5樓之7,350000,1050502
24840,53360257,哈囉科技有限公司,臺中市東區東信里十甲東路101號1樓,300000,1050510
24843,53360735,翊錦企業有限公司,臺中市太平區太平十八街61號1樓,1000000,1050516
24844,53360762,精湛清潔有限公司,臺中市豐原區直興街237號8樓之5,200000,1050516
24846,53360812,訊銓通整合系統科技有限公司,臺中市北區明新里忠明路539號1樓,3000000,1050524
24847,53360833,豐田企業管理顧問有限公司,臺中市北區忠明路424號17樓之3,1000000,1050512
24848,53360926,百益資訊有限公司,臺中市豐原區豐田里豐南街240巷339弄39號1樓,200000,1050518
24849,53360952,淂紘食品有限公司,臺中市豐原區富春里中正路249號1樓,300000,1050527
24850,53361066,立橋自動化有限公司,臺中市西屯區安和路168號7樓之5,23000000,1050510
24854,53361489,森浩實業有限公司,臺中市北區新北里一中街160-18號3樓,250000,1050506
24860,53362810,敬隆翔系統管路工程有限公司,臺中市太平區光明里大興三街68巷5號1樓,1000000,1050513
24867,53363640,詠菘有限公司,臺中市烏日區湖日里新興路廣惠一巷20號,1000000,1050518
24869,53363971,嘉得工業股份有限公司,臺中市大雅區永和路101之10號,5000000,1050526
24870,53363986,國際歐美有限公司,臺中市北屯區文心路四段698號7樓之2,5680000,1050517
24875,53364633,一燁行有限公司,臺中市中區光復里成功路179號4樓,500000,1050502
24876,53364726,唯勤電機有限公司,臺中市豐原區翁子里豐勢路一段457號3樓,3000000,1050505
24883,53365886,敬珈企業有限公司,臺中市大肚區大東里仁德路66東一巷8弄30號1樓,1000000,1050503
24885,53366105,永隆行服裝有限公司,臺中市大里區永隆路377號1樓,3500000,1050503
24886,53366549,全盈精密科技股份有限公司,臺中市大雅區中科路1128號,5000000,1050519
24890,53366750,可銳企業有限公司,臺中市西區梅亭街671號1樓,500000,1050523
24893,53367012,諦羅斯特有限公司,臺中市西區精誠六街22號1樓,1500000,1050524
24898,53367575,和源興企業有限公司,臺中市霧峰區本堂里仁義路68-2號1樓,5000000,1050511
24902,53368238,日泰建材有限公司,臺中市西區向上北路147號1樓,10000000,1050530
24904,53368455,寶谷電子有限公司,臺中市大雅區三和里雅潭路四段38巷17號1樓,5000000,1050516
24907,53368835,岩谷企業有限公司,臺中市南區崇倫里建國南路一段262號13樓之3,1000000,1050502
24913,53369291,上吉品建設有限公司,臺中市大雅區中清路一段142號2樓,1000000,1050529
24914,53369335,八琥桐事業有限公司,臺中市大里區永隆一街230巷18號,1000000,1050518
24915,53369433,合益刀具有限公司,臺中市太平區建國里鵬儀路296巷6弄29號1樓,3000000,1050519
24917,53370092,丸肥海鮮有限公司,臺中市南區建成路1201號1樓,5500000,1050514
24920,53370558,昱創營造有限公司,臺中市大里區長興三街56號1樓,3000000,1050519
24922,53371016,海越食品有限公司,臺中市太平區中興里永義八街2號,2000000,1050516
24923,53371135,中聯百貨有限公司,臺中市東勢區延平里豐勢路107號,5000000,1050511
24924,53371162,王瑪開發有限公司,臺中市大肚區頂街里華昌街200號1樓,200000,1050524
24926,53371352,為勤土地開發有限公司,臺中市大甲區文武路272號2樓,500000,1050526
24933,53372401,銓德精密有限公司,臺中市豐原區朴子里朴子街409巷22弄8號,600000,1050523
24934,53372520,富源動力開發有限公司,臺中市北屯區水景里景中巷8-1號,300000,1050518
24938,53373817,揚名輪胎館有限公司,臺中市北區賴村里衛道路284-3號1樓,200000,1050530
24940,53373990,宇田玻璃工程有限公司,臺中市北屯區東光路746號1樓,1000000,1050502
24941,53374055,莘禾國際行銷有限公司,臺中市北區新北里尊賢街7號16樓,1000000,1050523
24942,53374105,旭懋科技有限公司,臺中市西屯區臺灣大道四段925號15樓之3,5000000,1050529
24949,53375049,舒妃婷興業有限公司,臺中市南屯區大墩路178號2樓,1000000,1050502
24954,53375694,詠慶精密工業有限公司,臺中市大里區仁德里仁化路701巷25號1樓,1000000,1050523
24957,53376384,仲成生技有限公司,臺中市南屯區三義里干城街378號2樓,2000000,1050522
24961,53377665,矩典實業有限公司,臺中市南屯區文山里文山三街51巷2號1樓,200000,1050517
24963,53377980,侑栓企業有限公司,臺中市大里區金城里上興街二段54巷3號1樓,3000000,1050518
24964,53378046,長虹機電有限公司,臺中市太平區建興路164號1樓,6000000,1050518
24965,53378067,涵森有限公司,臺中市南屯區黎明路一段304號3樓,1000000,1050517
24966,53378159,和興國際事業有限公司,臺中市北屯區松和里松文街29號1樓,500000,1050519
24969,53378714,見豪科技有限公司,臺中市東區東門里建功街159號1樓,500000,1050520
24971,53378806,連勝塗裝有限公司,臺中市霧峰區萊園里萊園路141巷7弄2號1樓,500000,1050525
24972,53378854,和潤國際有限公司,臺中市烏日區烏日里新興路100號1樓,500000,1050517
24983,53380036,世棋有限公司,臺中市西區五權五街193號1樓,1000000,1050503
24984,53380063,玉安消防科技有限公司,臺中市太平區中山路1段162巷30弄1號1樓,200000,1050513
24985,53380205,全成精密企業有限公司,臺中市太平區德興街136巷120號一樓,5000000,1050528
24986,53380269,旭雅國際有限公司,臺中市霧峰區錦州路97號1樓,500000,1050525
24991,53381582,伊利達投資股份有限公司,臺中市大里區仁化里工業10路26號2樓,45144000,1050513
24994,53382365,晶兆生物能源科技股份有限公司,臺中市北屯區天津路4段157號1樓,60000000,1050513
25001,53383786,剛強投資有限公司,臺中市南屯區三和里大墩十二街607號1樓,500000,1050525
25002,53383940,小楓玲視聽歌唱有限公司,臺中市中區柳川西路三段16號6樓之2,200000,1050520
25006,53384568,精峰機械有限公司,臺中市龍井區龍津里三港路185巷38-2號,5000000,1050509
25009,53384700,龍錩開發有限公司,臺中市西區吉龍里五權五街151號7樓之3,5000000,1050523
25014,53385291,泉勝皇有限公司,臺中市霧峰區四德里新埔路76-1號,250000,1050509
25015,53385383,鑫富御建設有限公司,臺中市大里區大里里爽文路122號1樓,5000000,1050514
25016,53385567,翰鑫工業有限公司,臺中市北屯區文昌東八街21之1號2樓,2000000,1050519
25017,53385665,吉宏食品有限公司,臺中市龍井區忠和里西濱路三段201號,5000000,1050504
25018,53385692,亮品企業有限公司,臺中市大里區西湖里西湖路395號,2000000,1050518
25020,53386094,強遠有限公司,臺中市西屯區逢福里逢甲路169號1樓,1000000,1050516
25022,53386411,錏業塑膠科技有限公司,臺中市太平區太平里永豐路122號,2500000,1050506
25027,53387024,佳宜醫療器材有限公司,臺中市太平區大富街19巷21號1樓,1000000,1050517
25030,53387381,長宏精密科技有限公司,臺中市后里區柑宅路2之10號,1000000,1050504
25035,53388874,宏憶機電有限公司,臺中市東勢區明正里東蘭路永盛巷47號1樓,680000,1050504
25036,53388972,宜宏工業有限公司,臺中市豐原區社皮里中正路695巷8號13樓之1,2000000,1050523
25039,53389162,梓勳有限公司,臺中市北區頂厝里漢口路四段326號2樓,13842446,1050514
25045,53389579,基石國際有限公司,臺中市西屯區福和里福安三街19之1號1樓,10000000,1050506
25057,53391625,寶雄精密工業有限公司,臺中市潭子區大富里大富路2段85-6號,500000,1050510
25058,53391701,蘇菲有限公司,臺中市西區向上路一段32號,1000000,1050531
25062,53392080,顯光實業有限公司,臺中市南區福田三街87巷11號1樓,500000,1050525
25065,53392379,偉沃有限公司,臺中市西區公益里公益路221號8樓之3,250000,1050503
25066,53392461,全聯土地開發有限公司,臺中市北區長青里天津路一段202號1樓,2000000,1050518
25068,53392808,皇復有限公司,臺中市龍井區海尾路256巷16號1樓,1000000,1050517
25071,53393172,亞帝昇生物科技有限公司,臺中市西屯區青海路一段99號7樓,15000000,1050524
25075,53393686,茹安投資有限公司,臺中市西區忠明南路138號5樓之3,21000000,1050510
25078,53393784,建騰工業有限公司,臺中市神岡區豐洲里神洲路262巷1號,500000,1050531
25080,53394600,金生香有限公司,臺中市南屯區南屯里萬和路2段7號1樓,5000000,1050523
25083,53396071,協駿工業有限公司,臺中市太平區東平里中和街75巷21號1樓,200000,1050514
25084,53396473,亞雷科技有限公司,臺中市北屯區大連路三段21巷13號1樓,1000000,1050530
25086,53396749,慶旺精密工業有限公司,臺中市大里區樹王路439巷13號,1000000,1050511
25089,53397260,千禾國際企業有限公司,臺中市西屯區文心路三段241號21樓之7,2000000,1050519
25091,53397515,有興五金有限公司,臺中市北屯區陳平里中清路二段766號,5000000,1050517
25093,53397634,吉洛仕國際企業有限公司,臺中市西區公正里公益路349號1樓,2500000,1050518
25098,53398697,福樂樂器有限公司,臺中市北區錦洲里梅豐街74號1樓,250000,1050525
25099,53398710,信強科技有限公司,臺中市豐原區三村里西勢路702號,3000000,1050509
25101,53399083,詠民企業有限公司,臺中市西屯區福和里福安三街30號四樓,1000000,1050506
25102,53399372,亞竺國際股份有限公司,臺中市西屯區市政北一路77號10樓之11,100000000,1050528
25104,53399794,躍昇不動產經紀業有限公司,臺中市西區公平里東興路3段186號1樓,2000000,1050526
25107,53400151,統贊有限公司,臺中市南屯區田心里向心路68巷10號,1500000,1050511
25109,53400899,煌吉鋼鋁有限公司,臺中市大雅區上楓里楓林街183號1樓,500000,1050509
25120,53402524,勝淯工程有限公司,臺中市大肚區蔗廍里太平路7巷1弄47號1樓,300000,1050512
25121,53402539,弘新環保科技有限公司,臺中市烏日區信義街247巷11弄9號1樓,2000000,1050519
25122,53402664,佑錡工業有限公司,臺中市大里區大元里國中一路25巷38號1樓,1000000,1050518
25127,53403262,聯鴻動漫科技有限公司,臺中市西屯區福和里15鄰臺灣大道四段767號10樓之5,10000000,1050502
25128,53403410,元虹建設有限公司,臺中市大里區工業一路23號,3000000,1050505
25130,53403734,富林特國際開發有限公司,臺中市南屯區三厝里惠中路三段54號3樓,15000000,1050504
25131,53404163,歐力維環保有限公司,臺中市南區德義里忠孝路68巷15號1樓,600000,1050516
25132,53404179,國靖新科技有限公司,臺中市北屯區軍福十八路223號1樓,300000,1050530
25138,53404902,安柏德瑞國際事業有限公司,臺中市北區明德里忠明路163號1樓,500000,1050529
25143,53405923,歌羅希恩有限公司,臺中市北區德化街621號1樓,500000,1050531
25146,53407289,凱克博實業有限公司,臺中市西區公益路349號7樓之12,1000000,1050503
25148,53407318,里亞有限公司,臺中市大里區國光路2段358號1樓、2樓,1500000,1050511
25156,53408169,創立發國際有限公司,臺中市東區振興里互助街124號1樓,20000000,1050530
25159,53408652,安禾精密工業有限公司,臺中市神岡區神洲里豐洲路916巷38弄23號,10000000,1050505
25161,53408908,森田興機械有限公司,臺中市太平區太平里16鄰永豐路253巷1號,1000000,1050507
25289,53431181,吉成工程顧問股份有限公司,臺中市西屯區大容東街66號4樓,18506000,1050531
25293,53431605,中成瑄鋼鐵事業有限公司,臺中市西屯區潮洋里臺灣大道三段683號3樓之2,3000000,1050506
25347,53450476,和亙股份有限公司,臺中市潭子區潭富路二段101號,2500000,1050516
25447,53470037,襄合工業有限公司,臺中市豐原區鎌村里鎌村路106巷28號,4000000,1050518
25448,53470228,定緯建設開發有限公司,臺中市南屯區永春東二路260號1樓,6000000,1050510
25449,53470326,登弘股份有限公司,臺中市烏日區太明路115之1號,5000000,1050525
25450,53470493,全球電動機械有限公司,臺中市后里區太平里四月路47-7號,1000000,1050511
25451,53470509,馨富建設有限公司,臺中市大雅區學府路404巷5號1樓,25000000,1050519
25453,53470613,奇昱數位有限公司,臺中市大里區東湖里中湖路8巷5弄20號,3500000,1050503
25455,53470732,永昌泰工程有限公司,臺中市外埔區大東里甲后路725號2樓,1000000,1050510
25457,53471129,銘均貿易有限公司,臺中市潭子區潭陽里大智街15巷2弄9號5樓,1000000,1050503
25458,53471140,嶺東高爾夫有限公司,臺中市西屯區龍潭里環中路三段850號,5000000,1050518
25460,53471839,穎宸實業有限公司,臺中市大里區鳳凰路164巷47之3號1樓,10000000,1050502
25462,53472302,松德科技有限公司,臺中市大肚區成功里文昌路三段2巷193弄41號,1000000,1050513
25463,53472464,泰山鷹架有限公司,臺中市梧棲區大庄里臺灣大道八段568號,1800000,1050522
25464,53472513,博樺有限公司,臺中市大雅區六寶里中清路四段811巷5弄6號1樓,300000,1050517
25466,53473034,鑫立金屬有限公司,臺中市大肚區仁德路66東一巷12弄26號1樓,1500000,1050527
25468,53473288,台灣三和金屬建材有限公司,臺中市沙鹿區犁分里中山路19號1樓,5000000,1050528
25469,53473301,育方實業有限公司,臺中市潭子區栗林里吉林街39巷3號1樓,3000000,1050505
25471,53473371,榮居建設有限公司,臺中市大甲區龍泉里臨江路83巷8-1號,2000000,1050520
25473,53474532,塔木德國際開發有限公司,臺中市北區大湖里公園路130號,6000000,1050517
25478,53475173,九溢食品有限公司,臺中市南屯區黎明路二段209號1樓,500000,1050516
25480,53475477,法爾有限公司,臺中市大雅區西村路9之59號,500000,1050530
25482,53475618,長峰國際有限公司,臺中市北區錦村里自強街45巷42號2樓,3000000,1050518
25484,53475906,宇竣資訊有限公司,臺中市大肚區大肚里文昌路1段28號1樓,3000000,1050519
25486,53476216,九州土木工程有限公司,臺中市南區南和里工學五街122之6號1樓,1000000,1050519
25488,53476383,宏泰興鞋業有限公司,臺中市豐原區南陽路50巷2弄5號,500000,1050523
25490,53476594,銀河線上股份有限公司,臺中市北屯區文心路四段83號14樓,30000000,1050524
25495,53477186,米斯國際有限公司,臺中市外埔區大東里甲東路29號,15000000,1050505
25501,53477783,佳橋建設有限公司,臺中市北屯區松和里崇德二路一段242號1樓,1000000,1050506
25503,53477974,新興精密有限公司,臺中市東區十甲里振福路120號,300000,1050506
25506,53478066,正賀實業有限公司,臺中市西屯區工業區一路96之6號4樓之2,2000000,1050529
25510,53478489,翊捷精密機械有限公司,臺中市清水區頂湳里中山路562-3號1樓,2500000,1050513
25511,53478559,金旺盛建設有限公司,臺中市大里區大明路575號2樓,3000000,1050503
25518,53479380,蓓瑞娜醫化科技有限公司,臺中市北區錦祥里進化路575號6樓之5,500000,1050506
25526,53480289,設群多媒體有限公司,臺中市西區民隆里文化街156號地下層之2,500000,1050520
25527,53480345,允盛銑床有限公司,臺中市太平區太平里永豐路157巷39弄4號,1000000,1050502
25529,53480886,亞泰五金有限公司,臺中市后里區太平里四月路47-5號,2500000,1050518
25531,53481132,伊立省節能科技股份有限公司,臺中市清水區南社里南社路137之3號,6000000,1050504
25532,53481301,自我品味開發有限公司,臺中市豐原區田心里中山路59號1樓,200000,1050513
25534,53481506,聖鏵投資有限公司,臺中市南區國光里瑞豐街95號1樓,1000000,1050511
25536,53481870,澔鋅安全管理顧問有限公司,臺中市北屯區舊社里北屯路428號8樓之11,200000,1050511
25537,53481935,友聯工業有限公司,臺中市烏日區溪壩里溪南路1段605巷100號,500000,1050503
25538,53481962,泰熙有限公司,臺中市北屯區松竹里松竹路2段709號,1000000,1050512
25539,53482370,祐薪金屬企業有限公司,臺中市豐原區三村里大明路229之21號1樓,1000000,1050529
25540,53482673,冠荏機械工程有限公司,臺中市大肚區大東里仁德路66東一巷13弄6號1樓,1000000,1050519
25545,53483188,鈵珈科技有限公司,臺中市南屯區南光路45巷34號1樓,1000000,1050509
25546,53483363,瑪地板工程有限公司,臺中市北屯區軍功里松竹路1段763號,1000000,1050518
25549,53483595,泉庄數位有限公司,臺中市南屯區楓樹里楓樹南街225巷1弄16號1樓,100000,1050506
25552,53484026,廣通機械有限公司,臺中市東勢區泰興里石城街石嵙巷255號1樓,2250000,1050526
25556,53484659,松助貿易有限公司,臺中市北區賴厝里太原路二段41號3樓,2000000,1050518
25558,53484948,宸和事業有限公司,臺中市烏日區九德里九德街58巷56號1樓,1100000,1050505
25560,53485334,辛酉國際有限公司,臺中市東區合作里自強街6巷23號1樓,5000000,1050517
25561,53485572,富鼎家具有限公司,臺中市北屯區仁美里崇德路三段891-5號,1000000,1050523
25562,53486002,京虹實業有限公司,臺中市北屯區廍子里軍福七路36號8樓之15,3000000,1050531
25563,53486262,聚勝貿易有限公司,臺中市北屯區東山路一段207巷18號1樓,1000000,1050513
25564,53486354,喬翊工業有限公司,臺中市神岡區岸裡里大富路20巷10號,2000000,1050513
25565,53486360,樹利有限公司,臺中市大里區仁化里成功二路281號1樓,1000000,1050502
25571,53487467,昱弘興業有限公司,臺中市西屯區何南里大墩二十街88-1號7樓之2,3000000,1050524
25573,53487966,運達工業有限公司,臺中市大里區東湖里忠孝路132巷5號,3000000,1050525
25575,53488141,璞潤空間計劃有限公司,臺中市西屯區何福里重慶路276號1樓,1500000,1050509
25577,53488233,誠信法扶諮詢顧問有限公司,臺中市北區文莊里中清路一段89號15樓之7,500000,1050525
25578,53488310,翔新光電科技實業有限公司,臺中市東區十甲路415號8樓之2,1000000,1050519
25579,53488389,貞業室內裝修設計有限公司,臺中市龍井區新東里臺灣大道五段65號1樓,600000,1050516
25584,53489562,大美投資股份有限公司,臺中市西區臺灣大道二段501號20樓之1,3575602000,1050518
25586,53490195,向昌營造有限公司,臺中市大雅區上楓里民生路三段345巷17號2樓 ,6000000,1050525
25590,53490809,逢春實業有限公司,臺中市西屯區朝馬三街13號3樓,500000,1050519
25593,53491146,鑫東欣工程企業有限公司,臺中市大里區新里里新興路99巷16弄86號1樓,1000000,1050528
25595,53491217,食儀天韻有限公司,臺中市西屯區福和里中工三路208號2樓,400000,1050530
25597,53491737,丞昱不動產有限公司,臺中市大里區東榮路610號1樓,1800000,1050503
25598,53491785,樺一科技有限公司,臺中市清水區橋頭里民有路112號1樓,500000,1050506
25604,53492551,邑達精密有限公司,臺中市后里區墩東里20鄰成功路359號1樓,2000000,1050519
25607,53492911,杏宜國際有限公司,臺中市西區廣民里樂群街54之1號1樓,1000000,1050523
25609,53493279,霆耀科技有限公司,臺中市大里區仁化路221巷36號1樓,5000000,1050517
25610,53493355,冠學實業有限公司,臺中市北區梅亭街301號1樓,1000000,1050525
25611,53493469,寰馳國際開發有限公司,臺中市大里區金城里中興路一段382巷1號1樓,5000000,1050526
25613,53493658,昇豐自動控制器材有限公司,臺中市北屯區大德里平德路103巷12號1樓,500000,1050503
25614,53493756,冠林景觀有限公司,臺中市西區民龍里模範街31巷9之2號地下室一層,1000000,1050523
25615,53494256,金兆元股份有限公司,臺中市大雅區秀山里平和路7號1樓,6000000,1050518
25616,53494328,鈴谷工業有限公司,臺中市沙鹿區六路里平等路125號1樓,3000000,1050502
25617,53495213,喆璽開發建設有限公司,臺中市東區精武路157號4樓之1,3000000,1050527
25623,53496206,色彩學廣告有限公司,臺中市北屯區廍子里軍福十三路36之33號地下一樓,1000000,1050510
25628,53496493,鑫震國際貿易有限公司,臺中市沙鹿區鹿峰里中山路616號2樓,1000000,1050505
25630,53497021,漢成國際事業有限公司,臺中市龍井區國際街216號1樓,500000,1050527
25634,53497296,元晟開發有限公司,臺中市沙鹿區中山路537-1號1樓,500000,1050502
25638,53497649,宏鈦工業股份有限公司,臺中市豐原區豐榮里三民路163號2樓,30000000,1050514
25639,53497752,新展壓克力有限公司,臺中市東區東光路176號,2000000,1050525
25641,53498204,邑明企業有限公司,臺中市北屯區后庄北路161巷19號1樓,1000000,1050523
25643,53499111,隨富冷凍股份有限公司,臺中市西屯區協和里工業區一路102號,50000000,1050504
25644,53499148,福緣興有限公司,臺中市北屯區軍福七路36號11樓之6,1000000,1050510
25645,53499371,飛躍馬刺有限公司,臺中市南區樹義里大慶街二段6之16巷83號,500000,1050513
25646,53499512,興源昌企業有限公司,臺中市南屯區楓樹里永春東三路107巷26號1樓,1000000,1050518
25647,53499560,喬泰光電實業有限公司,臺中市后里區福德路290號1樓,1000000,1050519
25648,53499581,盈昇工業有限公司,臺中市霧峰區舊正里新豐路42號,2900000,1050523
25649,53499668,首富印刷有限公司,臺中市西屯區何安里四川三街54號,500000,1050513
25650,53499864,媖業科技有限公司,臺中市清水區港口路200巷21之5號1樓,1500000,1050516
25651,53499914,惠誠冷氣電器有限公司,臺中市北區立人里北平二街6號1樓,1800000,1050513
25652,53499983,合晟興業有限公司,臺中市豐原區社皮里社皮路71號1樓,1000000,1050521
25653,53500026,傳奇音響工程有限公司,臺中市南屯區永春東一路807巷36號1樓,2000000,1050512
25654,53500139,亞博開發有限公司,臺中市北區頂厝里崇德路一段629號14樓之1,500000,1050503
25656,53500335,康乾盛世有限公司,臺中市北屯區水景里東山路一段156-6號13樓之1,2000000,1050511
25660,53501165,北美洲保險經紀人有限公司,臺中市北區頂厝里崇德路一段579號6樓之3,3000000,1050513
25661,53501242,博寶興業有限公司,臺中市大雅區西寶里雅潭路三段516巷65號1樓,1516888,1050514
25667,53501833,喜悅生物科技有限公司,臺中市豐原區社皮里社皮路41巷20弄6號2樓,10000000,1050505
25668,53501968,倢成有限公司,臺中市大雅區上楓里民生路四段139巷60號1樓,2800000,1050513
25669,53502381,正昇開發事業有限公司,臺中市西屯區上安里上明一街10號1樓,380000,1050510
25670,53502397,祥鋐切削刀具有限公司,臺中市大里區瑞城里瑞和街135巷13號,25000000,1050515
25672,53502559,筑鑫有限公司,臺中市西區民生里居仁街10號7樓,1000000,1050511
25673,53502621,全麟實業有限公司,臺中市大里區西湖里草堤路265巷26號,2000000,1050531
25677,53502896,群穩貿易有限公司,臺中市大肚區福山里沙田路一段388巷8號1樓,500000,1050526
25678,53503023,樂新塑膠企業有限公司,臺中市大雅區六寶里中清路四段919號,1000000,1050510
25679,53503327,泰科科技有限公司,臺中市潭子區頭家東里中山路一段182號1樓,1000000,1050503
25681,53503776,春先生創意設計有限公司,臺中市北屯區三光里北屯路240巷62之1號,3100000,1050517
25683,53504000,杉彩事業有限公司,臺中市烏日區烏日里新興路156號1樓,1000000,1050504
25685,53504183,邦成國際貿易有限公司,臺中市北屯區東山路二段65巷16號,28000000,1050501
25686,53504249,如新科技有限公司,臺中市西屯區永安里安林路15號3樓,500000,1050501
25687,53504542,承洋國際海洋有限公司,臺中市大里區新里里愛心三街66號1樓,2000000,1050518
25688,53504557,御裳國際貿易有限公司,臺中市太平區中山里中山路二段499巷36號1樓,1000000,1050502
25694,53504938,今日工商電務綜合有限公司,臺中市北屯區崇德路三段317巷124弄16號1樓,500000,1050506
25696,53505269,能通科技有限公司,臺中市大里區新仁路一段183巷9號1樓,500000,1050519
25697,53505296,鑫寶磊有限公司,臺中市太平區頭汴里北田路30巷32號1樓,1000000,1050504
25698,53505325,品暉有限公司,臺中市龍井區中社八街98號1樓,2000000,1050519
25702,53505747,群勝鑽石企業有限公司,臺中市豐原區田心里育英路33號1樓,1000000,1050503
25703,53505752,呈享實業有限公司,臺中市神岡區豐洲里國豐路1段123號1樓,500000,1050526
25705,53506014,誠陞貿易有限公司,臺中市北屯區松勇里松竹路二段76巷12弄48號4樓,2000000,1050516
25711,53506990,丞恩國際有限公司,臺中市大雅區四德里雅環路一段112號2樓,1000000,1050513
25715,53507196,承錠國際有限公司,臺中市東區富榮街57號2樓,1000000,1050514
25718,53507463,興源裝潢有限公司,臺中市潭子區家福里大通街105之5號,660000,1050506
25722,53508033,徠記食品企業有限公司,臺中市西屯區甘肅路二段48號1樓,50000,1050513
25723,53508097,巨萬樂器有限公司,臺中市太平區中和街457巷35號1樓,500000,1050503
25724,53508189,班利文有限公司,臺中市太平區長億里太平路87巷9號1樓,1000000,1050506
25726,53508408,梵煬室內空間設計有限公司,臺中市西屯區何仁里重慶路159號1樓,200000,1050525
25728,53508723,泓展興業有限公司,臺中市太平區中平里中平九街109巷46號1樓,1000000,1050511
25729,53509286,薪福有限公司,臺中市西屯區廣福里中科路1366-1號,500000,1050518
25732,53509455,中華活動資源整合有限公司,臺中市西屯區台灣大道三段556巷1弄16號1樓,300000,1050520
25733,53509672,顧屋實業有限公司,臺中市西屯區逢甲里西屯路二段282巷28弄19號,500000,1050512
25735,53510474,必紘有限公司,臺中市太平區建國里精美路438號2樓,100000,1050529
25737,53510571,威宇精品國際有限公司,臺中市南屯區寶山里工業區二十二路38號,23500000,1050524
25741,53511059,美食達人精品國際有限公司,臺中市南區西川里南屯路一段305巷16號1樓,2000000,1050514
25742,53511179,衍泰營造有限公司,臺中市烏日區中山路一段184巷22號1樓,3000000,1050505
25745,53511425,大崴開發有限公司,臺中市霧峰區林森路891巷22號,2000000,1050519
25749,53511781,旭強裝潢工程有限公司,臺中市潭子區東寶里大豐路一段157巷6-11號1樓,1000000,1050506
25754,53512183,尚京奇廣告有限公司,臺中市西屯區西平里華夏巷西5弄11號1樓,2000000,1050525
25756,53512424,金上宏有限公司,臺中市太平區太平里太平路317巷23號1樓,3000000,1050510
25759,53512613,台拓有限公司,臺中市大雅區永和路富貴四巷11號1樓,1000000,1050518
25762,53512732,均寶科技有限公司,臺中市豐原區三和路354巷198之1號1樓,2000000,1050528
25766,53513731,宥昇開發有限公司,臺中市北屯區長生一街69號9樓之3,2000000,1050517
25768,53513768,倍仕特國際有限公司,臺中市大里區立德里立中三街31號1樓,500000,1050528
25774,53514339,聖崴高精密科技有限公司,臺中市東區東門里東福一街32號1樓,1000000,1050511
25775,53514801,創新富科技有限公司,臺中市大里區新里里新興路149號1樓,1000000,1050509
25778,53515273,禾太國際有限公司,臺中市西屯區大鵬里文心路三段241號9樓之10,8000000,1050521
25782,53515560,鼎元工業有限公司,臺中市神岡區岸裡里大富路61巷94號,3000000,1050516
25784,53515858,自然光工業股份有限公司,臺中市大雅區神林路一段202-1號,5000000,1050510
25786,53516218,協振興機械有限公司,臺中市東區東門里東光園路100巷6弄63號,1000000,1050516
25788,53516456,益昇五金有限公司,臺中市霧峰區萬豐里中正路176巷35-2號1樓,500000,1050517
25789,53517080,丰悅建築有限公司,臺中市南屯區五權西路二段918號1樓,10000000,1050523
25798,53517976,芳芯企業有限公司,臺中市龍井區東海里藝術北街178巷28號1樓,3500000,1050520
25800,53518291,立安吊車工程有限公司,臺中市梧棲區中正里仁美街67巷42號2樓,5000000,1050523
25801,53518362,新豐鞋業有限公司,臺中市梧棲區大庄里中正路165巷15號,260000,1050504
25827,53524688,首彰國際有限公司,臺中市清水區海濱里北橫七路7號,1000000,1050513
25834,53526715,台灣中華蠟業有限公司,臺中市清水區海濱里北橫七路7號,140761240,1050517
25864,53535469,博大環球創業投資股份有限公司,臺中市南區懷寧街155巷18號1樓,6000000,1050517
25968,53562021,維西杰有限公司,臺中市北區臺灣大道二段360號4樓之2,4000000,1050517
26011,53599364,昰展有限公司,臺中市大里區永隆里永隆八街168巷2號5樓,2500000,1050516
26013,53599792,鼎龍開發有限公司,臺中市北區忠太東路117之8號1樓,5000000,1050529
26014,53599934,頂能科技有限公司,臺中市西區忠誠里臺灣大道二段501號18樓之1,300000,1050525
26015,53599998,臻弘食品有限公司,臺中市大里區立仁里甲堤七街59號1樓,500000,1050510
26017,53600236,揚名國際行銷有限公司,臺中市西屯區臺灣大道四段1270號6樓之7,1000000,1050511
26019,53600329,捷昇金屬有限公司,臺中市南屯區寶山里寶山東二街12號3樓之3,500000,1050518
26020,53600539,名越國際有限公司,臺中市大里區仁化里仁化路316巷10號1樓,500000,1050518
26023,53601468,寶徠興企業有限公司,臺中市清水區菁埔里19鄰甲南路108號1樓,3000000,1050523
26024,53601489,倫華有限公司,臺中市太平區聖和里長龍路一段內城1巷52號1樓,1000000,1050520
26025,53601495,金好康行銷股份有限公司,臺中市西區民龍里臺灣大道二段307號7樓,1050000,1050521
26028,53601988,格肯貿易有限公司,臺中市西屯區何成里大容西街67號3樓之2,500000,1050520
26032,53602966,政銓企業有限公司,臺中市西屯區福聯里西屯路三段173-23號,1000000,1050524
26033,53602987,品昇企業有限公司,臺中市南區和平里復興路二段71巷27號,1000000,1050503
26039,53603682,九九網通股份有限公司,臺中市龍井區東海里東海街72巷13弄8號1樓,15000000,1050516
26043,53603986,亞迅企業有限公司,臺中市西區民龍里台中港路一段199號19樓,250000,1050524
26044,53604280,品臻餐飲有限公司,臺中市南屯區溝墘里公益路二段138號,3600000,1050511
26045,53604606,綠金王生技股份有限公司,臺中市北屯區舊社里北屯路418號1樓,9500000,1050513
26049,53604985,順誠科技有限公司,臺中市神岡區庄後里大圳路36之2號,1000000,1050520
26054,53605485,綠氟科技股份有限公司,臺中市太平區工業十五路20號,5000000,1050527
26055,53605823,千敬建設有限公司,臺中市大甲區文武里三民路265號,1000000,1050509
26057,53606077,富丞建設有限公司,臺中市豐原區永康路263號1樓,3000000,1050523
26062,53606956,裕太機械有限公司,臺中市大雅區西村路9-69號,3000000,1050529
26063,53607076,研鎂生技有限公司,臺中市沙鹿區北勢里北勢東路翠華巷50弄21號1樓,1000000,1050517
26066,53607619,德安物業管理顧問有限公司,臺中市東區十甲里東英路447號3樓,1000000,1050523
26067,53607821,辰品科技有限公司,臺中市大里區樹王里文心南路1273巷338號1樓,1000000,1050514
26079,53609200,大力光實業有限公司,臺中市大肚區永和里永和路68號1樓,2000000,1050529
26080,53609530,央雨室內裝修設計工程有限公司,臺中市南屯區南屯里永春東路1026號,5000000,1050528
26081,53609546,衍成科技有限公司,臺中市西屯區大河里福上巷38號1樓,1000000,1050511
26082,53609784,源裕環保有限公司,臺中市霧峰區樹仁路121巷2號10樓之7,1000000,1050518
26083,53609905,采楹建設股份有限公司,臺中市龍井區龍泉里中社路303號1樓,20000000,1050504
26084,53609932,峰辰科技有限公司,臺中市潭子區大豐東三街138巷27號1樓,1000000,1050506
26087,53611058,鈞將有限公司,臺中市豐原區安康路20巷39弄6號1樓,300000,1050527
26088,53611212,岱融國際有限公司,臺中市大里區大元路78-7號1樓,1000000,1050503
26090,53611971,日月觀建設有限公司,臺中市烏日區三和里中山路三段379號4樓,20000000,1050525
26091,53612036,森拓全球科技有限公司,臺中市豐原區豐田里豐南街278巷15號1樓,500000,1050518
26092,53612253,福米樂有限公司,臺中市西屯區福林里福林路78號1樓,1000000,1050529
26094,53612319,錦毓勲實業有限公司,臺中市東區興大路2號1樓,1000000,1050516
26096,53612520,超峰國際貿易有限公司,臺中市南屯區大聖街40號1樓,500000,1050506
26097,53612824,科美克工業有限公司,臺中市西屯區西屯路二段126巷68號1樓,1000000,1050520
26098,53612845,嵐田貿易有限公司,臺中市北屯區平德里河北路二段89號1樓,500000,1050526
26106,53614180,金囋股份有限公司,臺中市南區忠明南路760號33樓,465000000,1050513
26108,53614793,紐渥客財務管理顧問有限公司,臺中市西屯區大鵬里文心路三段241號16樓之10,1200000,1050524
26110,53614914,台灣凱崴國際髮品有限公司,臺中市太平區勤益里1鄰中山路一段148-2號1樓,100000,1050513
26116,53616384,百納水資源股份有限公司,臺中市西屯區工業區31路18之1號,29000000,1050528
26121,53616997,立炘營造有限公司,臺中市東勢區新盛里新盛街389號1樓,6000000,1050516
26122,53617089,信堡營造有限公司,臺中市西區臺灣大道二段218號8樓之2,3000000,1050524
26124,53617551,有聯五金有限公司,臺中市豐原區南陽里圓環東路335號,500000,1050517
26130,53618828,勤美管理顧問有限公司,臺中市豐原區田心里大明路23號1樓,80000,1050527
26132,53618968,竣威國際工業有限公司,臺中市北屯區水景里景南巷7-2號,500000,1050504
26134,53619002,三泰重機械有限公司,臺中市豐原區南田里富陽路235巷200之17號2樓,2000000,1050527
26136,53619609,兆登國際奈米塗料有限公司,臺中市西屯區何南里大隆路86巷8號1樓,300000,1050509
26140,53620211,百晟重機械有限公司,臺中市后里區墩北里大興路160號一樓,500000,1050519
26150,53621675,億利成精密有限公司,臺中市沙鹿區三鹿里中園街146號一樓,1000000,1050509
26151,53622007,冠易室內設計有限公司,臺中市西屯區上安路11巷13號1樓,1000000,1050501
26152,53622013,富丞裝潢工程有限公司,臺中市西屯區上安路11巷13號2樓,1000000,1050501
26153,53622246,幾木朵生物科技有限公司,臺中市潭子區東寶里大明一路81號2樓,1000000,1050510
26156,53622506,源巨互聯網有限公司,臺中市西屯區河南路一段90號1樓,13200000,1050504
26157,53623168,莫兒方國際文教有限公司,臺中市西屯區何厝東一街3號2樓,1000000,1050529
26159,53623385,長仁能源股份有限公司,臺中市北屯區中康街259巷58號1樓,1200000,1050519
26160,53623462,曜進工業有限公司,臺中市南區樹義里福田一街65巷8號1樓,600000,1050516
26161,53623759,元合餐飲股份有限公司,臺中市大肚區沙田路1段453號,50000000,1050526
26162,53623765,奕承科技有限公司,臺中市北屯區同榮里崇德路三段1111巷31弄58號2樓,8000000,1050516
26164,53623890,史崔克雷國際有限公司,臺中市西區大忠里忠明南路270號4樓之3,90000,1050525
26167,53624130,宏元國際有限公司,臺中市北區光大里中清路一段150巷10弄5號5樓,500000,1050517
26170,53624835,奇亞金國際有限公司,臺中市梧棲區永安里向上路八段1009巷15號,3000000,1050506
26172,53624997,歐士有限公司,臺中市大里區永隆里爽文路1120號1樓,3500000,1050520
26177,53625617,登睿彩藝有限公司,臺中市烏日區溪壩里環中路八段680巷18號,5000000,1050505
26183,53626756,祥峻木業有限公司,臺中市后里區墩西里月湖路40號一樓,500000,1050526
26185,53627024,星悅旅館有限公司,臺中市中區繼光街123號2至6樓,500000,1050520
26186,53627066,鑫雅傢飾貿易有限公司,臺中市北屯區同榮里環中路一段1432號2樓,3000000,1050514
26187,53627559,歡喜投資有限公司,臺中市南屯區田心里大墩六街350巷6號2樓之3,30000000,1050508
26190,53627832,仁村建設有限公司,臺中市清水區橋頭里鎮新五街55號1樓,28000000,1050525
26191,53628229,帝沅製刀有限公司,臺中市豐原區社皮里社皮路61號6樓,100000,1050503
26192,53628234,永昶環保實業有限公司,臺中市豐原區鎌村里鎌村路465巷64弄108號1樓,1000000,1050522
26193,53628543,永鴻裕貿易有限公司,臺中市西屯區至善里青海路二段365號13樓之7,3000000,1050502
26198,53629304,銓昇德科技有限公司,臺中市大里區仁化里工業路宏巨一巷2弄17號1樓,5000000,1050513
26202,53630153,原味設計有限公司,臺中市潭子區頭家東里大成街11巷2號1樓,1000000,1050518
26203,53630528,全韻文化企業股份有限公司,臺中市西屯區福雅里福雅路128巷11號1樓,3000000,1050509
26204,53630604,國威光電有限公司,臺中市南屯區大同里大墩六街29號1樓,500000,1050517
26205,53630787,和鼎國際有限公司,臺中市西屯區西平里文華路150巷13號1樓,1000000,1050506
26210,53631147,安雅豐貿易有限公司,臺中市石岡區梅子里豐勢路和順巷24之2號,458000,1050509
26212,53631701,宥盛機械有限公司,臺中市大里區夏田里夏元路12號,2000000,1050520
26213,53632053,慶華南汽車有限公司,臺中市烏日區三和里中山路三段239號,2000000,1050530
26214,53632390,裕祐有限公司,臺中市梧棲區永安里永興路一段265巷159號1樓,220000,1050512
26216,53633320,嘉凰建設股份有限公司,臺中市大里區大明路393之12號,112000000,1050503
26217,53633428,中陽物業管理顧問有限公司,臺中市北屯區大雅路337號16樓之3,3000000,1050527
26221,53634876,五蘊環境科技有限公司,臺中市西屯區中康街215巷3號,5000000,1050507
26227,53635734,尚豪食品生技有限公司,臺中市南屯區文心路一段186號8樓之1,1000000,1050518
26229,53636184,晉有通風工業有限公司,臺中市梧棲區大庄里信義街124巷9號,2000000,1050529
26233,53636332,美佳照明有限公司,臺中市西屯區上德里智惠街131巷55號1樓,2000000,1050502
26239,53636966,建鈞興業有限公司,臺中市大里區西湖里景庄街202巷37號,500000,1050515
26247,53637682,丰偉環保科技股份有限公司,臺中市龍井區工業路246巷19號,60000000,1050511
26249,53637867,綺潔有限公司,臺中市西屯區上德里青海路2段153號12樓之8,200000,1050511
26250,53638232,東東食品有限公司,臺中市北區漢口路四段202號6樓,6000000,1050503
26257,53639078,鑫豔國際貿易有限公司,臺中市東區十甲東路383號1樓,2000000,1050527
26259,53639400,中原家具有限公司,臺中市北屯區松竹路二段302號,250000,1050526
26261,53639582,協珍貿易有限公司,臺中市南屯區鎮平里筏子東街一段58號1樓,500000,1050507
26262,53639669,全晟數位系統有限公司,臺中市大里區益民路二段288-1號4樓,100000,1050518
26263,53639838,新洋開發有限公司,臺中市豐原區西安里瑞興路66巷8號1樓,100000,1050506
26264,53640146,瑞升資訊科技有限公司,臺中市南屯區東興路二段114號5樓,5000000,1050529
26265,53640309,摩爾整合有限公司,臺中市豐原區水源路611巷24弄4號3樓,300000,1050524
26266,53640407,久昌工業有限公司,臺中市潭子區東寶里雅潭路三段東寶巷161號,300000,1050513
26267,53640510,嘉運國際開發有限公司,臺中市西屯區何仁里洛陽路154號,3000000,1050522
26268,53640595,嘉昕環保有限公司,臺中市沙鹿區三鹿里自強路437號1樓,900000,1050530
26269,53640693,品冠國際行銷有限公司,臺中市北區錦祥里進化路575號9樓之5,5000000,1050513
26271,53640954,震富興業有限公司,臺中市北區賴興里文昌東一街278號1樓,500000,1050521
26281,53642974,全球五金有限公司,臺中市太平區太平里永豐路105號,1000000,1050511
26282,53643143,駿秦企業有限公司,臺中市大里區大元里元正路17號二樓,500000,1050524
26285,53643306,四季開發興業有限公司,臺中市潭子區大豐路一段188之2號,500000,1050509
26287,53643782,佳客來六金量販有限公司,臺中市北屯區軍功里軍功路二段125之1號,5500000,1050510
26291,53645249,威舜電子材料有限公司,臺中市中區繼光里中山路63號1樓,1000000,1050511
26297,53645705,后里金工業有限公司,臺中市后里區泰安里福美路3號1樓,2000000,1050513
26302,53646438,佳昂工業股份有限公司,臺中市大雅區四德里龍善三街16號,5000000,1050531
26303,53646465,艾美食品有限公司,臺中市西區安龍里五權路2-21號1樓,2500000,1050526
26304,53646562,逵馥企業有限公司,臺中市大里區日新路469號1樓,200000,1050518
26305,53646681,台灣風光股份有限公司,臺中市梧棲區八德路37號3樓,20000000,1050502
26310,53647725,升加實業有限公司,臺中市北屯區平順里昌平路一段400號8樓之2,1500000,1050529
26312,53648111,丫博士應用科技股份有限公司,臺中市西屯區臺灣大道四段767號六樓之3,11000000,1050511
26316,53648787,昱展企業有限公司,臺中市梧棲區草湳里建國北街552號1樓,1000000,1050519
26331,53668946,台中銀證券股份有限公司,臺中市中區民族路45號1、2樓,1500000000,1050512
26351,53677776,英屬開曼群島商巴斯洛時尚股份有限公司,臺中市北屯區昌平路3段10巷2號,25000000,1050513
26445,53696274,萬歐萬有限公司,臺中市西區公益路161號10樓之2,2000000,1050520
26536,53711937,巨邦人力資源顧問有限公司,臺中市西區公益路161號10樓之2,5000000,1050512
26598,53724187,光世代工程有限公司,臺中市太平區大興十九街1巷2號1樓,2000000,1050512
26629,53728698,和寅精緻農產有限公司,臺中市西區英才路445號11樓之1,5000000,1050502
26840,53779197,永錠自動控制有限公司,臺中市后里區后里里后里路10巷17之3號1樓,2000000,1050517
26841,53779295,鍾雅涵設計有限公司,臺中市西區土庫里1鄰華美街43號,500000,1050507
26843,53779611,財德利香業有限公司,臺中市清水區楊厝里頂三庄路82號1樓,1500000,1050503
26844,53779703,元鐵有限公司,臺中市南屯區豐富路205之1號4樓,500000,1050512
26845,53779979,明興冷凍工程有限公司,臺中市太平區光隆里光興路729號2樓,2000000,1050514
26850,53781031,台灣蘇晶股份有限公司,臺中市大雅區科雅路27.29號1樓,39000000,1050503
26851,53781150,全泰油壓機械有限公司,臺中市大里區大里街31巷1弄18之5號1樓,2200000,1050524
26852,53781428,有億五金有限公司,臺中市北屯區平田里興安路一段269號,500000,1050509
26853,53781594,瑾鴻精密有限公司,臺中市大雅區四德里義和路30之8號1樓,1000000,1050513
26858,53782307,蒸道地有限公司,臺中市梧棲區文化里文化路二段107號1樓,200000,1050517
26862,53782502,二元有限公司,臺中市北屯區崇德十一路90號1樓,500000,1050501
26866,53783241,承勳工業有限公司,臺中市太平區宜欣里溪洲路87巷19、21號,1000000,1050517
26868,53783994,立辰室內裝修工程有限公司,臺中市南屯區田心里文心路一段73號7樓之1,500000,1050513
26870,53784332,雷米波伊投資有限公司,臺中市西區公平里大業路32號2樓,1000000,1050520
26872,53784797,德發國際有限公司,臺中市大里區大里里大里路中里巷6之1號1樓,1100000,1050530
26878,53785732,鈦川企業有限公司,臺中市神岡區神洲里光啟路115號,500000,1050503
26885,53786438,普永科技有限公司,臺中市南屯區文心一路402號6樓之5,5000000,1050531
26887,53787366,欣磐石設計有限公司,臺中市西屯區何安里四川路32號1樓,5000000,1050502
26889,53787437,典進家具股份有限公司,臺中市北區明新里中清路一段417號1樓、2樓,2000000,1050526
26891,53787703,第壹電子有限公司,臺中市豐原區北陽里圓環東路646巷36號1樓,3000000,1050510
26892,53787730,詠利環保有限公司,臺中市大里區仁化里成功二路185號2樓,1000000,1050504
26896,53788597,新益興業有限公司,臺中市烏日區九德里長春街165巷16弄10號1樓,1000000,1050504
26898,53788647,星光大道美食世界股份有限公司,臺中市西屯區西墩里福科路86號、88號,55000000,1050510
26899,53788837,立澤設計顧問有限公司,臺中市烏日區榮泉里中山路三段630號1樓,300000,1050502
26902,53789168,源榮有限公司,臺中市霧峰區仁德巷12弄29號1樓,500000,1050519
26903,53789266,沐業室內裝修設計工程有限公司,臺中市南屯區大興里文心南三路124號1樓,3000000,1050518
26908,53789842,凱佳精密有限公司,臺中市潭子區潭秀里中山路三段13巷15號1樓,1000000,1050531
26909,53790030,新浪海國際事業股份有限公司,臺中市西屯區大河里文心路三段167之7號10樓,10000000,1050525
26917,53791452,酷碰網資訊有限公司,臺中市烏日區烏日里建國路333號1樓,1000000,1050506
26918,53791609,天洋天有限公司,臺中市西屯區至善里至善路121巷12號1樓,1000000,1050520
26923,53792001,梨山高有限公司,臺中市和平區棃山里22鄰復興路4號,10000000,1050523
26924,53792065,三和室內裝修設計工程有限公司,臺中市西區公益里公正路301號1樓,1500000,1050523
26926,53792585,寶宸泓有限公司,臺中市大里區草堤路233巷46號,5000000,1050516
26932,53792924,凱友包裝機械有限公司,臺中市西屯區福雅里福順路227巷7號1樓,200000,1050526
26938,53793557,泓邦企業有限公司,臺中市北屯區松勇里松山街4號1樓,1000000,1050510
26941,53793796,康渥特材料科技股份有限公司,臺中市西區民龍里臺灣大道二段186號8樓之3,10000000,1050501
26942,53793894,泰丞消防工程有限公司,臺中市東區東英里十全街50巷42號1樓,2000000,1050524
26944,53794351,傑克科技有限公司,臺中市北區文昌東一街306巷5號,3000000,1050520
26950,53795387,淀宬科技有限公司,臺中市豐原區朴子街335號,1000000,1050505
26952,53795746,青石營造有限公司,臺中市豐原區中陽里8鄰直興街66號1樓,10000000,1050509
26955,53796576,家肯環保科技有限公司,臺中市西屯區協和里工業區一路98之130號3樓,8000000,1050502
26957,53796837,偉丞工程有限公司,臺中市潭子區頭張路一段117巷92號,7000000,1050520
26958,53796864,鼎富祥有限公司,臺中市西屯區何仁里洛陽路106號1樓,500000,1050504
26960,53797104,格林儀器有限公司,臺中市西區和龍里篤行路182號1樓,2500000,1050523
26961,53797391,吉祥精密科技有限公司,臺中市北屯區水湳里麻園西街95號1樓,1000000,1050510
26962,53797548,長浤工程有限公司,臺中市神岡區庄後里厚生路120號1樓,100000,1050502
26964,53797929,禾豐頤實業有限公司,臺中市南屯區大業里公益路二段61號13樓之1,1200000,1050504
26965,53797998,聖偉印刷有限公司,臺中市北屯區敦化路467巷22號1樓,1000000,1050503
26972,53799861,浩展水產有限公司,臺中市北屯區東光里東山路一段91巷33號4樓之1,2000000,1050510
26985,53801613,基富有限公司,臺中市西屯區西屯路二段260之13之6號7樓,3500000,1050524
26986,53801873,佳昇醫療器材有限公司,臺中市北屯區昌平路一段156號9樓,100000,1050516
26987,53801938,冠詮國際有限公司,臺中市神岡區社口里中山路360巷10弄58號1樓,4600000,1050504
26989,53802140,可翰科技有限公司,臺中市南屯區田心里南屯路二段408號11樓之1,1000000,1050504
27001,53803507,百生利企業有限公司,臺中市北屯區崇德路二段252號6樓,5000000,1050525
27002,53803725,尼國有限公司,臺中市北屯區北屯路439-4號1樓,1000000,1050513
27003,53803730,達學空油壓設備有限公司,臺中市大里區內新里鐵路街38號1樓,1500000,1050516
27015,53805857,大江綠色工廠股份有限公司,臺中市烏日區榮泰街140號1樓,3000000,1050518
27017,53806005,南捷科技有限公司,臺中市南屯區文山里寶山六街56號,1000000,1050524
27018,53806048,吉日創意有限公司,臺中市豐原區鎌村里鎌村路596號1樓,5000000,1050529
27019,53806510,微柏電子科技有限公司,臺中市豐原區中陽里豐陽路52號5樓之1,1000000,1050523
27021,53806666,藍天智權有限公司,臺中市西區公館里三民路一段39巷3弄9號3樓之4,250000,1050502
27023,53806737,家信不動產經紀有限公司,臺中市北區頂厝里進化北路282號1樓,500000,1050510
27024,53806743,美朵醫美國際股份有限公司,臺中市南屯區南屯里黎明路一段1106號2樓,1000000,1050520
27026,53807102,沅味國際貿易有限公司,臺中市南屯區寶山里工業區24路27號3樓,5000000,1050517
27031,53807383,佰二歲行銷有限公司,臺中市西屯區何厝里四川路184號1樓,10000000,1050506
27033,53807481,鼎震有限公司,臺中市大里區西湖里草堤路158巷35號,350000,1050525
27034,53807594,鼎富開發事業股份有限公司,臺中市南屯區文心里文心路一段274號21樓,1000000,1050507
27037,53807953,震泰自動化科技有限公司,臺中市太平區建國里建成街198號,15000000,1050507
27042,53808334,緯華工程企業有限公司,臺中市沙鹿區自強路780巷3弄19號1樓,500000,1050525
27043,53808453,長宏興業有限公司,臺中市太平區豐年里大源十五街23號1樓,2000000,1050509
27045,53808910,鎵禾建設開發股份有限公司,臺中市豐原區北湳里圓環北路二段14號1樓,10000000,1050504
27046,53809087,益兆能源有限公司,臺中市大雅區雅環路二段64巷46弄15號2樓,1400000,1050506
27047,53809349,勝新有限公司,臺中市東區東英里東英十街103號1樓,4000000,1050505
27048,53809538,吉保肯國際有限公司,臺中市南屯區豐樂里豐偉路66號11樓之1,600000,1050518
27051,53810211,三熹堂新創有限公司,臺中市北屯區水湳里文心路四段83號14樓,1000000,1050526
27052,53810319,大越傑樂國際有限公司,臺中市西屯區惠來里市政路386號18樓之1,5000000,1050531
27053,53810599,華山工具有限公司,臺中市潭子區新田里龍興三莊127之19號,1000000,1050502
27061,53811422,信偉開發建設有限公司,臺中市大甲區新美里新美街37號1樓,16000000,1050530
27062,53811458,鼎盛精密企業有限公司,臺中市北屯區遼陽六街16號1樓,600000,1050525
27063,53811485,東敞布業有限公司,臺中市清水區南社里民和路二段236號,1000000,1050524
27064,53811801,熙元實業有限公司,臺中市大里區大元里大衛路37巷5號,500000,1050514
27066,53812169,聯協金屬有限公司,臺中市大甲區南陽里中山路一段604號1樓,300000,1050526
27074,53813316,航商科技有限公司,臺中市太平區成功里建興路48巷6號10樓之4,3000000,1050505
27077,53814265,翰維聯通有限公司,臺中市沙鹿區正英十三街126號1樓,500000,1050512
27078,53814510,曜揚精密有限公司,臺中市霧峰區北柳里柳豐路141巷24號1樓,1000000,1050524
27080,53815010,權盛國際企業有限公司,臺中市北區光大里中清路一段100號13樓之5,1000000,1050509
27083,53815264,新豐自動化有限公司,臺中市南屯區文山里保安二街287號1樓,500000,1050503
27085,53816030,晟邑廣告企劃有限公司,臺中市北屯區仁和里松竹北二街51號12樓之5,200000,1050501
27088,53816257,生展生鮮蔬果股份有限公司,臺中市大里區仁德里仁化路711號,19500000,1050524
27089,53816475,金順海味有限公司,臺中市新社區東新路三段9巷2弄37號1樓,3000000,1050514
27090,53816480,維品開發有限公司,臺中市南屯區大墩四街421號1樓,3000000,1050516
27092,53817093,海鷗鐘錶有限公司,臺中市中區光復路62巷2號1樓,3000000,1050514
27094,53817299,駿億精密機械廠有限公司,臺中市太平區光興路2172號,3000000,1050513
27095,53817333,照林有限公司,臺中市西區平和里中華路一段1號6樓之9,500000,1050517
27100,53818001,京冠精密有限公司,臺中市烏日區螺潭里太明路成豐巷232號,1000000,1050521
27101,53818092,翔鋒精密有限公司,臺中市豐原區豐田里市政路38巷43號1樓,36000,1050511
27102,53818136,伊籐發國際有限公司,臺中市中區大墩里中山路239號1樓,2000000,1050508
27104,53818190,新通精密雷射有限公司,臺中市南區樹義里大慶街二段6-16巷13號1樓,3560000,1050518
27108,53818522,莫爾設計有限公司,臺中市南區西川里三民西路218號,8000000,1050523
27109,53818712,德威工程有限公司,臺中市西區藍興里公舘路117號1樓,10000000,1050526
27111,53818945,愛達普生有限公司,臺中市西屯區西墩里15鄰黎明路三段248巷5號,500000,1050517
27112,53819389,達勛聯通有限公司,臺中市大雅區大楓里雅楓街69號1樓,1000000,1050514
27113,53819873,集業百貨有限公司,臺中市太平區宜昌里宜欣路61號1樓,300000,1050516
27127,53822315,鑽石有限公司,臺中市西屯區青海南街77號3樓,300000,1050520
27128,53822379,貴妃視聽歌唱有限公司,臺中市西屯區青海南街77號5樓,300000,1050520
27129,53822384,派拉蒙有限公司,臺中市西屯區青海南街77號4樓,300000,1050520
27130,53822390,凱撒視聽歌唱有限公司,臺中市西屯區青海南街77號,300000,1050520
27131,53822407,維也納有限公司,臺中市西屯區青海南街77號7樓,300000,1050520
27132,53822434,鋒鑽機械股份有限公司,臺中市豐原區北湳里角潭路一段107巷5號1樓,10000000,1050520
27133,53822552,金富隆實業有限公司,臺中市沙鹿區竹林里賢忠街66號1樓,4000000,1050514
27135,53822878,品正塗裝有限公司,臺中市大里區東湖里長春路115巷9弄16之3號,500000,1050511
27136,53823118,惢立德有限公司,臺中市西區忠明里中興街285巷13弄9號,500000,1050520
27137,53823124,亞柔威進出口有限公司,臺中市西屯區惠來里市政北一路21號7樓之5,1000000,1050505
27138,53823243,揚宸工業有限公司,臺中市南區樹義路88號,1000000,1050517
27140,53823378,立崴飾品有限公司,臺中市北區光大里五權路325號3樓之2,2000000,1050511
27142,53823898,毅光有限公司,臺中市東區十甲東路185號1樓,1000000,1050524
27147,53824159,欣建科技有限公司,臺中市北區頂厝里崇德路一段579號8樓之1,5000000,1050520
27148,53824165,歐立普實業有限公司,臺中市大雅區仁和路276號1樓,1000000,1050517
27149,53824171,展億實業有限公司,臺中市西區民龍里臺灣大道二段181號12樓之13,5000000,1050516
27151,53824279,燕山景觀有限公司,臺中市南區南平路83號1樓,5300000,1050502
27152,53824539,遠晟公寓大廈管理維護有限公司,臺中市北區文莊里10鄰中清路一段79號15樓,10000000,1050509
27153,53824587,禾嵩開發有限公司,臺中市西屯區朝馬三街2號1樓,29800000,1050503
27155,53825024,上格食品有限公司,臺中市豐原區大湳里豐中路95號1樓,1500000,1050503
27162,53826419,緇方聚興業有限公司,臺中市潭子區大豐里崇德路五段560之6號1樓,10000000,1050512
27165,53826706,威宏機電工程有限公司,臺中市北區建德里國豐街2號,5000000,1050523
27166,53827374,伍駿有限公司,臺中市西區五權路20號1樓、2樓,1500000,1050511
27168,53827472,維嘉斯國際有限公司,臺中市北區忠明路432號9樓之1,1000000,1050505
27172,53827803,峻捷倡國際有限公司,臺中市沙鹿區鹿寮里福安街18號1樓,298000,1050527
27174,53827923,昶岳科技有限公司,臺中市豐原區翁明里圓環北路二段306號,500000,1050514
27183,53828818,巨豐捲門有限公司,臺中市太平區永隆里3鄰光興路692巷18號1樓,30000,1050530
27186,53829035,林博健康實業有限公司,臺中市南屯區黎明東街221號1樓,3000000,1050502
27187,53829056,逢甲有限公司,臺中市西屯區西平里逢甲路31號1樓,300000,1050526
27197,53829696,新曄電機實業有限公司,臺中市豐原區社皮里西勢四街6號1樓,200000,1050526
27198,53829725,種子咖啡有限公司,臺中市西屯區福康路136號1樓,1500000,1050507
27204,53830125,又允實業有限公司,臺中市神岡區社口里15鄰社口街95號1樓,5000000,1050524
27209,53831308,寬興傢俱有限公司,臺中市北屯區軍功里軍功路二段602號1樓,500000,1050510
27210,53831460,明億木業有限公司,臺中市石岡區豐勢路1315號1樓,1000000,1050501
27215,53832502,億昇儀器有限公司,臺中市南屯區大業里大墩路892號,200000,1050513
27216,53832545,花匠事業有限公司,臺中市北屯區軍功里松竹路一段550-1號3樓,1000000,1050518
27221,53833404,鉅泰消防安全設備有限公司,臺中市南區福平里復興路二段203號,300000,1050518
27222,53833592,青露精密有限公司,臺中市大里區新仁里3鄰新仁二街21號1樓,2000000,1050506
27226,53833988,浩業營造工程有限公司,臺中市烏日區湖日里17鄰榮泰街99號1樓,3000000,1050520
27228,53834234,正祥實業有限公司,臺中市烏日區湖日里新興路425號5樓之4,500000,1050512
27230,53834874,金惠昇有限公司,臺中市北屯區平陽里旅順路一段54號,500000,1050506
27236,53835819,歐邁隆國際有限公司,臺中市西屯區何安里何厝街103號,1000000,1050505
27237,53835965,台中旅館管理顧問有限公司,臺中市北區光大里五權路317號1-12樓,100000,1050523
27238,53836248,鑫昕有限公司,臺中市西區忠明南路112之3號,5000000,1050516
27242,53837289,美加美精品有限公司,臺中市潭子區潭陽里潭興路二段495巷1號1樓,500000,1050519
27254,53839532,祥隆國際貿易有限公司,臺中市南區愛國街88巷46號1樓,500000,1050514
27255,53839575,咏川精密有限公司,臺中市外埔區大同里甲后路203巷99號,1500000,1050527
27257,53839765,宇羿實業有限公司,臺中市潭子區大富里民族路三段98號2樓,1000000,1050523
27265,53841024,樂樂教育顧問有限公司,臺中市西區忠明南路16號4樓之7,200000,1050505
27272,53842255,鼎烽化學科技實業有限公司,臺中市龍井區新庄里遊園南路314巷43號1樓,200000,1050513
27274,53842635,耕雲智慧生活科技有限公司,臺中市南區福興里南平路296號5樓之2,10000000,1050504
27275,53842924,若愚國際有限公司,臺中市南屯區大富街215之7號,1000000,1050524
27278,53843254,晴睿貿易有限公司,臺中市豐原區互助街68號,1000000,1050506
27279,53843634,發宇企業有限公司,臺中市南屯區環中路四段110號1樓,5000000,1050517
27280,53843661,新納企業有限公司,臺中市大里區大元里中興路二段110巷18號1樓,1000000,1050524
27282,53843711,田僑仔不動產有限公司,臺中市南屯區五權西路二段513號1樓,1000000,1050514
27289,53846225,二井一有限公司,臺中市北區中清路一段551號1樓,500000,1050516
27290,53846415,富盛開發工程有限公司,臺中市東區東光園路33巷6號1樓,1000000,1050527
27299,53846908,五財電器有限公司,臺中市北屯區平興里平興街81號1樓,1000000,1050520
27301,53846983,翊豐展業有限公司,臺中市西區五權三街46號2樓之2,1000000,1050530
27302,53847060,峰海科技股份有限公司,臺中市南區樹義里福田二街361號2樓,3000000,1050511
27303,53847152,偉詮容器有限公司,臺中市太平區東和里中和街405巷16號1樓,200000,1050531
27304,53847224,擊壤營造有限公司,臺中市烏日區仁德里信義街193巷71號1樓,3000000,1050516
27309,53847651,鴻搌環保有限公司,臺中市沙鹿區興仁里興仁街20號,5000000,1050516
27311,53847879,鉦嘉科技有限公司,臺中市東區東信里振興路412巷116號1樓,300000,1050523
27313,53848510,冠昌企業有限公司,臺中市大里區中投東路三段469號1樓,500000,1050501
27319,53849927,廣承電腦科技有限公司,臺中市南屯區黎明里干城街116巷4弄15號1樓,500000,1050530
27327,53851248,崴登室內裝修工程有限公司,臺中市烏日區三和里三榮路一段375號4樓之2,300000,1050510
27328,53851269,紘明暘印業有限公司,臺中市北區賴村里中清路一段372號9樓,1000000,1050505
27334,53852160,上群企管顧問有限公司,臺中市西區民權路185號7樓之1,1000000,1050503
27337,53852507,凱味有限公司,臺中市東區新庄里復興路4段134號1樓,100000,1050518
27344,53853626,辰霖節能科技有限公司,臺中市南區工學里工學北路345號1樓,10000000,1050517
27345,53853668,匯朗貿易有限公司,臺中市大里區西榮里中興路二段367號2樓,100000,1050517
27346,53853745,明耀鑫國際有限公司,臺中市南屯區文心南一路17號1樓,1000000,1050517
27348,53853956,亞諾建材有限公司,臺中市北屯區和平里軍福十三路279號,4880000,1050529
27349,53853983,大台中防災工程有限公司,臺中市大肚區王田里沙田路一段125號,1000000,1050509
27350,53854028,多米國際有限公司,臺中市梧棲區大庄里信義街18巷19號1樓,5000000,1050502
27353,53854337,溫蒂富國際有限公司,臺中市南屯區溝墘里大墩十五街2號10樓之3,300000,1050504
27354,53854527,尊典國際文化藝術有限公司,臺中市西屯區何南里大墩十九街52之1號,1000000,1050505
27356,53854884,鑫皓精密有限公司,臺中市大肚區蔗廍里蔗南路六巷1弄7號1樓,1000000,1050504
27358,53855053,精銳包裝實業有限公司,臺中市北屯區崇興路一段109號2樓,1000000,1050517
27359,53855075,松宇精密有限公司,臺中市霧峰區北勢里北豐路306號,7000000,1050517
27360,53855547,禾縕工程顧問有限公司,臺中市北屯區松強里崇德九路369號四樓之13,2000000,1050520
27361,53855700,悅盛國際行銷有限公司,臺中市西屯區甘肅路一段89號,2000000,1050502
27365,53856102,鴻城不動產顧問有限公司,臺中市西屯區市政路682號1樓,100000,1050529
27367,53856222,峻銘汽車拖吊有限公司,臺中市清水區莊敬路180巷11號1樓,250000,1050505
27368,53856356,速馬國際有限公司,臺中市潭子區大新路80巷21弄2號2樓,5000000,1050527
27373,53856840,邑將工程有限公司,臺中市北區立人里陝西三街18號1樓,300000,1050520
27376,53857046,宜萊國際有限公司,臺中市霧峰區本堂里育德路26巷20號1樓,5000000,1050518
27377,53857088,正隆開發企業有限公司,臺中市沙鹿區六路里南陽路411號1樓,680000,1050509
27381,53857756,靓圓媛精品服飾有限公司,臺中市北區賴興里天津路二段133號1樓,200000,1050516
27382,53857778,浩博國際顧問有限公司,臺中市北區明德里太原路一段476號11樓之1,100000,1050521
27383,53858164,富達整合行銷有限公司,臺中市西屯區何成里大隆路179號3樓,1000000,1050530
27386,53858410,翔鋮國際廚品有限公司,臺中市北屯區陳平里敦化路348號9樓之1,2000000,1050510
27393,53859213,洧康國際寵物有限公司,臺中市大里區大里里瓦路42號,1000000,1050523
27397,53859895,天遠休閒事業有限公司,臺中市龍井區忠和里中央路三段302號1樓,1000000,1050519
27398,53860154,鼎泰昌建設事業有限公司,臺中市豐原區東湳里三豐路566巷25號2樓,5000000,1050520
27399,53860725,福順堂金屬有限公司,臺中市大肚區王田里沙田路一段30-2號1樓,5000000,1050503
27400,53860801,喬翰建設股份有限公司,臺中市西區公正里東興路三段160號11樓之1,5000000,1050524
27401,53860838,詠美建設股份有限公司,臺中市太平區永隆里光興路658號2樓,5000000,1050530
27404,53861061,鋒尚髮業國際有限公司,臺中市烏日區三和里高鐵路一段68號1、2樓,1000000,1050503
27405,53861127,艾樂比創意設計有限公司,臺中市南區樹德里德祥街15巷9號9樓之3,30000,1050514
27407,53861301,富禮韻貿易有限公司,臺中市北區五權路190號10樓之2,5200000,1050516
27410,53861576,首恆國際有限公司,臺中市北區健行里忠明路424號2樓之1,5000000,1050513
27412,53861891,宗營實業有限公司,臺中市大里區國光里大里路208號1樓,2000000,1050518
27413,53861908,天晴時尚影像有限公司,臺中市西屯區何福里寧漢二街11號,2000000,1050523
27420,53863146,劦力國際開發有限公司,臺中市東區建德街390號1樓,5000000,1050520
27422,53863363,捷崴單車精品有限公司,臺中市北屯區水景里東山路一段185號,200000,1050511
27423,53863693,祥祐建設有限公司,臺中市西區向上南路一段241號3樓,10000000,1050516
27424,53863785,禾磊有限公司,臺中市東區振興里立德街177號2樓,1800000,1050506
27425,53863960,朋榮有限公司,臺中市潭子區潭陽里光陽路173巷11號,500000,1050526
27427,53864601,煜震科技有限公司,臺中市南屯區文昌街226巷54號1樓,1000000,1050510
27431,53865361,康舒蓉企業有限公司,臺中市北區南京東路二段104號1樓,5000000,1050513
27435,53866283,竹記有限公司,臺中市東區新庄里大公街43號2樓,5000000,1050526
27441,53867369,有大實業有限公司,臺中市太平區旱溪東路二段308巷2-1號2樓,10000000,1050526
27442,53867749,凱焱鐵板燒有限公司,臺中市南屯區大誠里五權西路二段171號1樓,5000000,1050509
27449,53868563,竣馳科技有限公司,臺中市潭子區大豐里大豐東三街138巷31號,5000000,1050506
27451,53868819,軍陶有限公司,臺中市神岡區神洲里光啟路123之3號,1000000,1050513
27455,53869090,中達國際車業有限公司,臺中市烏日區三和里中山路三段456號1樓,5000000,1050503
27459,53869492,富昱木業有限公司,臺中市大里區健民里練武路40巷38號,1050000,1050521
27462,53869710,富豪國際大飯店有限公司,臺中市北區五權路317號1樓,1000000,1050525
27464,53870028,四季風情會館有限公司,臺中市東區和平街158巷7號1樓,1000000,1050525
27465,53870076,上新新能源科技有限公司,臺中市北屯區平心里瀋陽路三段12號7樓之1,2000000,1050524
27466,53870097,多富利生活百貨有限公司,臺中市西屯區福康路89-1號,3000000,1050516
27467,53870104,有喜事業有限公司,臺中市太平區旱溪東路二段308巷35號1樓,10000000,1050520
27468,53870174,撰碼資訊有限公司,臺中市北屯區東山路一段238巷22弄7號1樓,500000,1050514
27471,53870738,艾德網路有限公司,臺中市南屯區忠勇路107之20號1樓,196000,1050530
27474,53871384,樂築不動產有限公司,臺中市西屯區上仁街120號,500000,1050524
27476,53872068,完美造型國際有限公司,臺中市大肚區沙田路一段854巷205號1樓,100000,1050518
27480,53872503,竑緯企業有限公司,臺中市大肚區頂街里大明二街61號1樓,5000000,1050509
27481,53872551,真翊設計有限公司,臺中市大里區仁愛路190巷29弄19號2樓,200000,1050526
27482,53872813,鈞嶺科技有限公司,臺中市大里區東興里大成街49號1樓,1000000,1050511
27485,53873030,啟照有限公司,臺中市北屯區軍功里軍功路二段256巷3號1樓,1000000,1050505
27489,53873833,惠城廣告事業有限公司,臺中市南區南門里合作街328號3樓,1000000,1050516
27491,53873910,東吉林開發有限公司,臺中市西區華美西街一段186號2樓,500000,1050526
27492,53873931,居希室內設計有限公司,臺中市西屯區何南里東興路三段381號7樓之3,1000000,1050528
27494,53874684,昱宸生化科技有限公司,臺中市潭子區大豐里潭富路二段81巷15號3之4樓,2000000,1050528
27503,53875797,吉進營造有限公司,臺中市豐原區西湳里三豐路539巷39號1樓,3000000,1050504
27504,53875993,祥全投資有限公司,臺中市后里區墩東里仁和路11號之1,29000000,1050518
27505,53876424,古亨實業有限公司,臺中市龍井區沙田路四段76號,2000000,1050526
27508,53877227,健源精密企業有限公司,臺中市后里區中興街115巷1弄32號1樓,1500000,1050520
27510,53877583,唐鼎熱能工業有限公司,臺中市大肚區中和里南榮路412號,3000000,1050525
27511,53877633,花兒花花有限公司,臺中市西區土庫里五權西六街105號1樓,1000000,1050503
27512,53877676,宇竣建設有限公司,臺中市梧棲區頂寮里四維東路149巷26號1樓,3000000,1050527
27515,53878099,泓傑機械有限公司,臺中市太平區華安街80號,3000000,1050514
27521,53878491,順溢國際有限公司,臺中市南屯區文山里寶山三街3號7樓之3,500000,1050502
27523,53878865,展林建設有限公司,臺中市豐原區豐年路139巷54號,1000000,1050518
27525,53879061,銘發企業有限公司,臺中市大雅區六寶里清陽一路137巷2號,2020000,1050519
27531,53894318,恆懋開發國際有限公司,臺中市西屯區永安里國安一路51之2號14樓之1,1000000,1050501
27738,53959629,寶霖科技有限公司,臺中市沙鹿區埔子里鎮南路一段180號1樓,2000000,1050502
27741,53960365,鼎霖醫療器材有限公司,臺中市北屯區平安里文心路四段696號8樓之2,30000000,1050503
27742,53960891,晨廣科技有限公司,臺中市潭子區大豐里大豐路3段43巷1弄2號1樓,200000,1050503
27743,53960920,立盛不動產股份有限公司,臺中市清水區南社里鰲峰路371巷2號1樓,1000000,1050531
27746,53961527,元閣建設有限公司,臺中市豐原區合作街37巷14號1樓,3000000,1050522
27747,53961651,展聚精密科技有限公司,臺中市太平區太平里永豐路79號1樓,2000000,1050528
27749,53961723,高昀開發股份有限公司,臺中市南屯區寶山里五權西路三段123號3樓,3160000,1050505
27753,53962482,三勝食品有限公司,臺中市南屯區五權五街330號7樓之3,80000,1050517
27757,53963068,嘉晉旅行社股份有限公司,臺中市北區健行里忠明路200號5樓之3,6000000,1050505
27760,53963497,金元興科技有限公司,臺中市大里區日新里福大路24巷38號2樓,1000000,1050520
27761,53963588,大慶包裝機械有限公司,臺中市烏日區仁德里信義街229號1樓,1000000,1050522
27762,53963594,光泰眼鏡科技有限公司,臺中市西屯區漢口路二段322號1樓,500000,1050530
27763,53963721,惠崧有限公司,臺中市霧峰區甲寅里民生路165-1號1樓,1000000,1050505
27764,53963834,上玉凰有限公司,臺中市大雅區西寶里昌平路四段282北三巷16號1樓,1500000,1050521
27766,53964355,昌昆有限公司,臺中市南區南平路69號1樓,1000000,1050530
27767,53964616,富雋刀剪有限公司,臺中市東區東門里天乙街37巷62號1樓,200000,1050505
27773,53966190,十字牌工具股份有限公司,臺中市潭子區豐興路二段338巷29弄8號,20000000,1050518
27776,53966591,昶翌電機有限公司,臺中市烏日區九德里長春街90巷3號1樓,500000,1050513
27779,53966776,日庶澱粉有限公司,臺中市神岡區大洲路299-1號1樓,345000,1050526
27780,53967178,萬隆工業股份有限公司,臺中市太平區光隆里興隆路一段216號,1000000,1050506
27781,53967493,鴻展特材有限公司,臺中市西區昇平里忠明南路303號9樓,2000000,1050520
27782,53967629,庭固有限公司,臺中市大里區永隆里永大街638號,5000000,1050503
27790,53968578,英銓機械有限公司,臺中市太平區永隆里正光街188巷26號,2000000,1050511
27791,53968583,赤兔馬實業有限公司,臺中市西屯區何仁里文心路三段155之1號7樓,1000000,1050505
27793,53968747,喬立有限公司,臺中市潭子區大豐里潭富路二段290號,1000000,1050529
27794,53968774,宣佑建設有限公司,臺中市梧棲區永安里中央路一段6-1號,5000000,1050502
27799,53969416,眾安科技有限公司,臺中市北區東成路47巷6號2樓之17,2000000,1050511
27802,53969611,品冠生物科技有限公司,臺中市大里區新里里大里路230號1樓,5000000,1050510
27803,53969794,漢揚有限公司,臺中市北區進化北路234巷11號1樓,500000,1050524
27804,53970151,實驗家工程有限公司,臺中市北區明德里太原一街9號1樓,10000000,1050524
27809,53970770,三采鼎建材有限公司,臺中市烏日區五光里五光路189巷128-12號,5000000,1050529
27810,53970820,吉吉有限公司,臺中市南區德義里學府路79號地下1層,300000,1050505
27811,53971124,東震之聲有限公司,臺中市南屯區惠中里文心路1段429號2樓,2000000,1050525
27812,53971216,舶登股份有限公司,臺中市西屯區市政路386號10樓之6,10000000,1050523
27813,53971291,互順有限公司,臺中市南屯區三義里黎明路二段534號1樓,3000000,1050521
27815,53971503,承藝景觀有限公司,臺中市北區明德里太原南二街151號1樓,1000000,1050514
27816,53971530,冠鈞鈑金股份有限公司,臺中市龍井區三德里中央路二段111巷2號,5000000,1050502
27819,53971898,音悅國際有限公司,臺中市西區忠誠里忠明路22號1樓,1000000,1050506
27821,53972138,一邸雅士有限公司,臺中市大里區現岱路39號6樓之2,300000,1050502
27822,53972290,宏基精品有限公司,臺中市潭子區栗林里祥和路172巷5號1樓,300000,1050504
27825,53972854,首姿有限公司,臺中市南屯區三厝里河南路四段476號1樓,500000,1050517
27826,53972995,潤康室內裝修有限公司,臺中市大雅區橫山里振興路162之1號1樓,1000000,1050506
27833,53973707,均諶有限公司,臺中市大雅區秀山里秀山五路59號1樓,10000000,1050506
27836,53974213,鼎聿國際有限公司,臺中市西屯區大墩十八街195號3樓之2,1000000,1050516
27837,53974327,尚點有限公司,臺中市南屯區田心里惠心街127號1樓,500000,1050527
27838,53974348,優馳國際貿易有限公司,臺中市西屯區臺灣大道三段76號6樓之3,1000000,1050503
27840,53974776,翔展國際開發有限公司,臺中市南區忠明南路935號3樓,1000000,1050510
27842,53974852,聚人不動產經紀有限公司,臺中市西區向上路一段27之20號壹樓,1000000,1050516
27843,53974966,綠之興有限公司,臺中市東勢區泰昌里東崎路五段307號,1000000,1050517
27845,53975085,丞鴻貿易有限公司,臺中市大雅區六寶里中清路四段861巷98號,5000000,1050524
27846,53975374,全昶光學有限公司,臺中市太平區福隆里光興路1377巷6號1樓,350000,1050502
27848,53975711,果實數位有限公司,臺中市西屯區何厝里四川路87巷5號,5000000,1050524
27851,53976042,北暘精密有限公司,臺中市豐原區北陽里北陽路320巷23弄31號1樓,1000000,1050523
27852,53976303,成恩創意設計有限公司,臺中市清水區裕嘉里高美路376巷5-1號1樓,1000000,1050501
27858,53977491,泰昌行國際有限公司,臺中市豐原區豐原里隆豐街103號,500000,1050509
27860,53977719,迪禾五金有限公司,臺中市大甲區幸福里東明路49-1號,500000,1050505
27861,53977751,東嶺科技實業有限公司,臺中市龍井區忠和里海尾路46巷47弄6號1樓,2000000,1050507
27862,53978148,尚弘廣告科技有限公司,臺中市豐原區社皮里大社街50號1樓,100000,1050510
27863,53978463,富裕機械有限公司,臺中市北區文昌東二街101號5樓,1000000,1050530
27864,53978512,佳物仕創意有限公司,臺中市大肚區大東里育英路90號1樓,1000000,1050503
27866,53978554,日越開發有限公司,臺中市南屯區大進街339號,18500000,1050524
27867,53978668,允逢企業有限公司,臺中市南屯區溝漧里大墩十六街40之1號8樓,1000000,1050520
27869,53979300,宏利源有限公司,臺中市北區賴村里中清路一段352號1樓,500000,1050514
27873,53980171,鼎曜貿易有限公司,臺中市大里區中興路一段168號2樓,250000,1050525
27874,53980593,創新水電有限公司,臺中市外埔區水美里二崁路57-3號,5000000,1050524
27877,53980952,酉鑫實業有限公司,臺中市東勢區新盛里東坑路29號,1000000,1050525
27878,53981283,瑭鍏有限公司,臺中市大雅區橫山里永和路8-22號,1000000,1050517
27879,53981360,上仕宜有限公司,臺中市西屯區環中路3段998之2號,1000000,1050518
27881,53981707,白面東實業有限公司,臺中市東區建成路675號2樓,10000000,1050516
27882,53981761,創暐自動控制有限公司,臺中市大里區金城里上興街二段68巷1-1號1樓,1000000,1050513
27885,53981925,昌霖電器企業有限公司,臺中市南區工學里復與興路一段466號1樓,1000000,1050523
27890,53982683,福爾摩沙文創股份有限公司,臺中市西區臺灣大道二段220號12樓,5000000,1050527
27898,53983727,琦麗建材有限公司,臺中市太平區太平里永豐路261號,5000000,1050528
27902,53984140,錦町企劃有限公司,臺中市中區光復里平等街56巷16號1樓,1000000,1050509
27903,53984346,天祐鋼鐵有限公司,臺中市南屯區三和里永春東七路878-56號1樓,600000,1050504
27909,53985485,廣成不動產經紀股份有限公司,臺中市大里區東湖里中興路1段173之37號1樓,1000000,1050524
27912,53985746,昆鉅實業有限公司,臺中市烏日區仁德里麻園東二街30號1樓,2000000,1050524
27913,53985886,品虹橋餐廳有限公司,臺中市西區五權西三街95、97號,2000000,1050513
27923,53987202,長虹電梯興業有限公司,臺中市潭子區頭家里得天街42號1樓,6000000,1050513
27924,53987483,閃閃國際有限公司,臺中市大里區祥興里永東街3號1樓,500000,1050509
27929,53988722,金杉生物科技有限公司,臺中市北屯區后庄路175號1樓,1000000,1050512
27930,53988758,貝利材料有限公司,臺中市后里區后里里三豐路94號1樓,1000000,1050518
27934,53990298,崴浤科技股份有限公司,臺中市北屯區崇德路二段130號3樓,10160000,1050505
27937,53990620,益揚營造工程有限公司,臺中市梧棲區臨港路四段372號1樓,10000000,1050527
27938,53990656,佳田企業有限公司,臺中市西屯區工業區三十二路36號2樓,500000,1050510
27939,53991466,晟功精密驅動有限公司,臺中市南區德富路66號1樓,1200000,1050523
27941,53991705,酉廿一日食品有限公司,臺中市太平區新吉里新民路43號5樓,382000,1050504
27943,53991992,成立開發有限公司,臺中市西屯區惠來路二段240號1樓,200000,1050522
27944,53992021,巨東實業有限公司,臺中市太平區長龍路二段361之1號1樓,1000000,1050520
27945,53992140,台灣光技精密機械有限公司,臺中市西屯區協和里工業區38路210號6樓之12,10000000,1050512
27946,53992319,萬金金屬有限公司,臺中市大里區西湖里西湖路142-2號,500000,1050506
27948,53992520,禾凱科技有限公司,臺中市大雅區大楓里前村路208號1樓,1000000,1050507
27950,53992818,大勝藥品有限公司,臺中市北屯區新平里中清路二段453號1樓,1000000,1050523
27952,53992991,喜達有限公司,臺中市東區十甲里二聖街22號1樓,5000000,1050525
27953,53993160,揚築工程有限公司,臺中市沙鹿區北勢里北勢東路翠華巷50弄2-1號2樓,10000000,1050518
27954,53993204,詠峻實業有限公司,臺中市大雅區上楓里民族街66巷6號1樓,15000000,1050504
27955,53993226,新絲路知識貿易有限公司,臺中市西屯區惠來里河南路四段79號3樓,7500000,1050514
27956,53993231,上禾髮業國際有限公司,臺中市西屯區惠來里臺灣大道三段32號1樓,1000000,1050511
27960,53993393,台灣愛遊行銷有限公司,臺中市豐原區直興街205號6樓之2,5000000,1050511
27962,53993892,京軒室內裝修設計工程有限公司,臺中市西區臺灣大道二段406號6樓之1,5000000,1050506
27963,53993936,安傑工程有限公司,臺中市太平區坪林里中山路二段100巷51弄7號2樓,500000,1050504
27966,53994230,合翊科技有限公司,臺中市豐原區鎌村里鎌村路456號1樓,1000000,1050511
27968,53994323,慶昌水電工程有限公司,臺中市南屯區田心里田心北三巷1弄9號1樓,2000000,1050516
27971,53994739,立宬科技有限公司,臺中市霧峰區中正路837號2樓,1000000,1050520
27972,53994745,臺中快捷巴士股份有限公司,臺中市西區民權路101號1樓,200000000,1050506
27973,53994962,東林文化事業有限公司,臺中市中區民權路100號6樓之1,1000000,1050509
27975,53995316,菁展精品企業有限公司,臺中市烏日區九德里長春街148號1樓,200000,1050519
27976,53995358,為順工程有限公司,臺中市大里區仁化里仁堤二街80號1樓,1000000,1050505
27978,53995907,衛豐事業有限公司,臺中市北區長青里武昌路220號1樓,4500000,1050506
27980,53996434,進盈土木包工業有限公司,臺中市東勢區東崎路五段472號1樓,800000,1050525
27981,53996461,蓁鋒國際多媒體有限公司,臺中市北屯區東山路一段220巷100號1樓,250000,1050520
27982,53996624,鈺暘有限公司,臺中市北屯區平昌里北平路4段123號2樓之2,2000000,1050512
27984,53996722,祥鑫五金工業有限公司,臺中市清水區東山里神清路2之20號1樓,5000000,1050517
27986,53996960,香賀建設有限公司,臺中市太平區光興路1490號2樓,5000000,1050516
27990,53997200,安新家不動產經紀有限公司,臺中市西屯區福星路198號1．2樓,1000000,1050530
27996,53998502,全聯建材有限公司,臺中市東區東信里東英五街77號1樓,15000000,1050504
27997,53998587,珈美有限公司,臺中市西區後龍里福龍街15號二樓,1000000,1050517
28000,53998968,裕成冷氣工程有限公司,臺中市西屯區上安里臺灣大道三段556巷35號1樓,1000000,1050506
28004,53999241,宇豪貿易股份有限公司,臺中市大里區長榮里東榮路35巷38號1樓,5000000,1050518
28007,53999798,立謙管理顧問有限公司,臺中市南區南和里工學北路99號1樓,100000,1050510
28008,53999827,鴻揚自動化有限公司,臺中市烏日區螺潭里慶光路70-29號1樓,2000000,1050530
28009,53999919,凱盛有限公司,臺中市北屯區陳平里雷中街112巷10號1樓,1000000,1050525
28013,54000554,丞晟企業有限公司,臺中市北屯區后庄里敦化路1段406巷2號12樓,500000,1050510
28014,54000652,金色博士生活文化創意國際股份有限公司,臺中市西屯區上安里至善路78號1樓,1000000,1050505
28015,54000870,神岳綜合有限公司,臺中市北區忠明路139號1樓,500000,1050501
28016,54000962,程加有限公司,臺中市太平區太平里合利街11號1樓,200000,1050519
28021,54002321,更欣企業有限公司,臺中市太平區太平里永平路三段132巷109號1樓,600000,1050530
28022,54002413,昊漢刺繡藝品有限公司,臺中市北區五常里五權路515號1樓,2000000,1050524
28024,54002510,園邸不動產有限公司,臺中市西屯區市政路101號,1000000,1050503
28029,54003335,鑫嘉建設股份有限公司,臺中市北屯區水景里景賢路312號1樓,25000000,1050531
28030,54003383,都樂旅館股份有限公司,臺中市西屯區福安里臺灣大道四段458號,12000000,1050512
28031,54003588,大盒子設計工程有限公司,臺中市西屯區黎明路二段950號3樓,1000000,1050512
28032,54003617,大眼睛光學眼鏡有限公司,臺中市北屯區平心里遼陽四街49號1樓,200000,1050510
28033,54003671,景富有限公司,臺中市北區綏遠路一段26-8號,3000000,1050506
28035,54004138,旺通廣告有限公司,臺中市西區公正里大進街141號1樓,200000,1050523
28036,54004165,威怡科技有限公司,臺中市太平區宜欣里宜昌東路105號,500000,1050519
28037,54004221,舜錥五金有限公司,臺中市神岡區神岡里三民南路360-1號,1000000,1050525
28039,54005208,福碩管理顧問股份有限公司,臺中市烏日區長春街131號1樓,24000000,1050520
28043,54005663,湧盈工程有限公司,臺中市中區大墩里臺灣大道一段329號5樓之2,10000000,1050510
28044,54005880,頂晉文創藝術有限公司,臺中市南屯區文心里大墩六街208號1樓,3000000,1050526
28047,54006234,哇嗚數位創意股份有限公司,臺中市南區福興里美村路283號2樓,1000000,1050525
28049,54006488,登富有限公司,臺中市太平區宜欣里宜欣二路100號1樓,1000000,1050520
28051,54006656,弘大工程股份有限公司,臺中市南屯區鎮平里黎明路一段450之1號,10000000,1050531
28052,54006728,秉紳雲端科技有限公司,臺中市北屯區崇德路二段130號14樓,4000000,1050502
28053,54006749,赫杰國際貿易有限公司,臺中市大安區松雅里大安港路542號1樓,6000000,1050503
28054,54007389,中新土木包工業有限公司,臺中市南區南和一街6巷11號,880000,1050501
28056,54007590,買多樂企業有限公司,臺中市北屯區四平路35之1號1樓,1000000,1050502
28061,54008161,久田精密工業有限公司,臺中市神岡區豐洲里東洲路105巷40之5號,2200000,1050518
28062,54008417,禾全精密科技有限公司,臺中市潭子區甘蔗里興華一路141巷91弄6號4樓,1200000,1050526
28063,54008535,程泰塑膠有限公司,臺中市梧棲區中華路1段677之1號,2000000,1050519
28065,54008681,峰茂五金有限公司,臺中市大里區東興里立興街14號1樓,1000000,1050502
28068,54008802,大紘精密有限公司,臺中市東區東英里東英路538號1樓,1000000,1050526
28071,54008900,宜廣有限公司,臺中市太平區福隆里東方一街8巷28號1樓,250000,1050517
28072,54009041,和成來企業有限公司,臺中市神岡區豐洲里豐洲路447號,200000,1050530
28073,54009112,歐貿展業有限公司,臺中市南屯區大墩一街280號1樓,1000000,1050520
28296,54048375,鮮味家有限公司,臺中市大雅區員林里神林路一段36巷6弄30號,3000000,1050510
28480,54077639,百亭企業有限公司,臺中市北區中清路一段89號15樓之2,500000,1050512
28534,54084152,台灣積層製造股份有限公司,臺中市大甲區武曲里大安港路116巷10號1樓,50000000,1050530
28564,54089071,京欣商旅有限公司,臺中市西區忠誠里臺灣大道二段501號18樓之1,3000000,1050525
28565,54089163,慶維水電工程有限公司,臺中市沙鹿區北勢里東晉二街236號1樓,3000000,1050522
28566,54089234,海仕國際貿易有限公司,臺中市潭子區栗林里中山路三段398號1樓,1000000,1050513
28567,54089375,上郡環保事業有限公司,臺中市大肚區磺溪里文昌二街140巷48號,1000000,1050519
28568,54089516,興正新有限公司,臺中市大里區永興路221號1樓,5000000,1050510
28570,54089683,立得精密工業有限公司,臺中市豐原區三村里三和路354巷89號1樓,10000000,1050526
28571,54090056,御泰田窗飾材料有限公司,臺中市南屯區豐樂里文心南五路1段431號1樓,500000,1050504
28572,54090112,新流超商事業有限公司,臺中市大雅區四德里神林南路539巷5號1樓,250000,1050518
28573,54090247,陸賢建設有限公司,臺中市霧峰區南柳里福新路292號1樓,13000000,1050504
28575,54090577,菁饌生技股份有限公司,臺中市豐原區三村里豐原大道一段643號1樓,13000000,1050526
28576,54090582,宏太國際投資有限公司,臺中市西屯區何南里東興路三段381號7樓之3,29000000,1050526
28577,54090675,金能科技實業有限公司,臺中市南屯區同心里文心路一段186號4樓之9,1000000,1050503
28578,54090892,台新上光有限公司,臺中市烏日區溪埧里溪福路280巷28號,10000000,1050505
28581,54091843,昶廣城建設有限公司,臺中市大肚區磺溪里文昌二街140巷36號,3700000,1050526
28587,54092195,大立兆投資股份有限公司,臺中市西屯區工業區14路1號,9550000,1050516
28588,54092343,德宇室內裝修設計工程有限公司,臺中市北屯區北屯里昌平路一段21巷8號2樓,3000000,1050529
28591,54092483,金豆工業有限公司,臺中市霧峰區本堂里成功路248號1樓,2000000,1050505
28594,54092717,鈿洋科技有限公司,臺中市潭子區潭陽里甘水路一段75號1樓,1000000,1050510
28601,54093217,金鴻偉建設有限公司,臺中市梧棲區大村里文明街66巷2號1樓,12600000,1050523
28607,54094200,翔奕有限公司,臺中市潭子區東寶里大豐路一段188之12號,100000,1050521
28611,54094588,美麗佳人國際有限公司,臺中市北區英才路102巷33號1樓,500000,1050521
28613,54094742,瑞鋒環保實業有限公司,臺中市南屯區黎明路一段85巷42號1樓,5000000,1050512
28619,54095828,峻輝有限公司,臺中市大雅區六寶里中清路四段600巷5號6樓之2,500000,1050518
28621,54096072,申偉模具企業有限公司,臺中市大里區立新一街92號1樓,1000000,1050503
28623,54096208,音樂城市樂器有限公司,臺中市豐原區南村里水源路427巷16號,3000000,1050510
28625,54096349,富郁機電工程有限公司,臺中市北屯區熱河路一段75號1樓,2000000,1050519
28626,54096360,鴻甲運動事業股份有限公司,臺中市神岡區社口里中山路928號3樓,900000000,1050530
28630,54096848,凡瑞有限公司,臺中市北屯區平昌里17鄰昌平路一段48號,250000,1050505
28632,54097261,鋐德國際事業有限公司,臺中市北屯區松竹路二段160巷3弄25之2號,5000000,1050514
28633,54097327,吉聯工業有限公司,臺中市大雅區三和里龍善一街120巷6號2樓,1000000,1050520
28641,54098281,和群工程有限公司,臺中市中區大誠里中華路2段43之1號1樓,400000,1050512
28642,54098536,弘強企劃有限公司,臺中市西屯區上安里上安路18巷76號,2000000,1050514
28643,54098613,鼎盛包裝材料有限公司,臺中市西屯區福中里福中十五街7號1樓,1000000,1050510
28644,54098698,得潔工程有限公司,臺中市大里區西榮里東明路62號1樓,200000,1050509
28645,54099015,有名堂花藝設計有限公司,臺中市北屯區水湳里大連北街66巷29號1樓,500000,1050519
28648,54099161,捷彬科技有限公司,臺中市南區南和里忠明南路1086號3樓之3,500000,1050517
28650,54099351,捷湧小客車租賃有限公司,臺中市北屯區平興街138號5樓,5000000,1050529
28653,54099578,禾品室內裝修工程有限公司,臺中市北屯區平和里瀋陽路一段84之3號1樓,1000000,1050520
28656,54100147,澄欣國際有限公司,臺中市沙鹿區興安里天香新村16號1樓,1000000,1050503
28660,54100478,釧佑國際企業有限公司,臺中市大里區大里路501巷26號,3000000,1050502
28661,54100575,莛逸企業有限公司,臺中市太平區宜欣一路115號1樓,120000,1050525
28664,54101315,翰億菸酒有限公司,臺中市石岡區龍興里萬仙街仙塘坪巷69號,200000,1050506
28667,54101547,一城市網際網路有限公司,臺中市中區綠川里綠川西街115之2之1號,200000,1050517
28668,54101624,誌陽科技股份有限公司,臺中市北區崇德路一段631號20樓,11000000,1050504
28671,54101743,暐誠國際有限公司,臺中市南屯區三厝里大富街115-3號1樓,5000000,1050510
28672,54101785,百匡投資有限公司,臺中市大里區瑞城里美村街13號1樓,16000000,1050503
28677,54102356,佳聯盛企業有限公司,臺中市太平區中政里永平南路10、12、16、18、26號,3000000,1050521
28680,54102927,多客有限公司,臺中市南屯區東興路二段356號1樓,200000,1050518
28685,54103741,黑芙尼有限公司,臺中市大甲區德化里南北四路296號,1000000,1050509
28687,54104122,享諨有限公司,臺中市西屯區青海路一段36號1樓,200000,1050510
28688,54104164,富聚開發有限公司,臺中市西屯區四川五街27之6號7樓之3,10000000,1050504
28689,54104191,一呈實業有限公司,臺中市西屯區內江街102號1樓,2000000,1050503
28690,54104349,菖鋐精密有限公司,臺中市豐原區葫蘆墩二街146號1樓,3000000,1050503
28693,54104690,祥順金屬工程有限公司,臺中市太平區育仁路180號1樓,7000000,1050518
28694,54104729,愛家不動產經紀有限公司,臺中市西屯區惠來里府會園道21號1樓,1600000,1050517
28698,54105184,長悅設計有限公司,臺中市南屯區文心路一段198號2樓,500000,1050516
28701,54105635,佰亨租賃有限公司,臺中市潭子區甘蔗里環中路一段189-13號,200000,1050510
28702,54105641,祥達興業有限公司,臺中市北屯區仁和里崇德路十路二段118號,10500000,1050516
28703,54105712,果和智選設計有限公司,臺中市北區建成里東成路156號1樓,1000000,1050530
28704,54105945,楷越科技股份有限公司,臺中市西區自由路一段101號9樓之8,70000000,1050510
28707,54106439,鴻海管理顧問有限公司,臺中市南區西川里三民西路236之3號1樓,5000000,1050525
28708,54106557,新環通訊工程有限公司,臺中市西屯區永福路21巷2號,1000000,1050524
28709,54106732,勝酆精密有限公司,臺中市太平區光華里大興十五街61號1樓,3000000,1050506
28713,54107227,家博士生物科技有限公司,臺中市北屯區松竹里松竹路二段705號12之1,100000,1050502
28716,54107578,養瀧酒藏有限公司,臺中市西屯區福聯里臺灣大道四段1316號,1000000,1050519
28717,54107866,田甲木作工程有限公司,臺中市太平區長龍路3段81號1樓,500000,1050512
28718,54107937,典冠企管顧問有限公司,臺中市北區中清路一段79號5樓,8000000,1050509
28721,54108056,臻鴻工程顧問有限公司,臺中市西屯區福強街111號16樓之2,5000000,1050529
28724,54108231,聚鑫水電材料有限公司,臺中市北區英才路343號1樓,2000000,1050510
28726,54108730,愉康美企業有限公司,臺中市南屯區五權西路二段666號14樓之7,5000000,1050529
28729,54109415,昱盛國際企業股份有限公司,臺中市西區忠明南路303號14樓之2,22500000,1050521
28730,54109766,呈聯科技有限公司,臺中市大雅區橫山里中山二路5號,5000000,1050502
28731,54109864,康提實業有限公司,臺中市南區西川里柳川東路一段80號,200000,1050513
28739,54111279,宥昆企業有限公司,臺中市西屯區廣福里廣福路352巷8弄35號1樓,5000000,1050510
28744,54111685,泳展新有限公司,臺中市大安區龜壳里中松路273之1號,20000000,1050509
28753,54112848,瑄寶投資有限公司,臺中市北屯區同榮路209號1樓,10700000,1050526
28759,54113430,茂發不銹鋼有限公司,臺中市烏日區中山路三段511號,500000,1050519
28761,54113683,立丞崴股份有限公司,臺中市北屯區仁美里崇德十一路37號5樓之1,5000000,1050525
28767,54114310,史耐普有限公司,臺中市南屯區豐樂里文心南三路539號3樓之2,250000,1050506
28770,54114634,采庭人力派遣有限公司,臺中市西屯區大墩18街195號3樓之2,250000,1050520
28773,54115155,勝景實業有限公司,臺中市南區工學北路208號,5000000,1050529
28776,54115612,碁城有限公司,臺中市清水區忠孝路126巷6弄16號1樓,800000,1050519
28777,54115839,睿琪顧問有限公司,臺中市北區明新里中清路一段447號4樓之2,50000,1050513
28780,54116393,果桐國際貿易有限公司,臺中市西區臺灣大道二段307號6樓之1,2000000,1050528
28785,54116725,冠宏起重工程有限公司,臺中市大里區甲園一街23號1樓,500000,1050505
28786,54116871,丹華生技食品有限公司,臺中市沙鹿區鹿寮里光榮街90巷15號,2168000,1050503
28788,54117034,華相投資股份有限公司,臺中市西區台灣大道二段186號5樓之1,10000000,1050513
28789,54117127,喬琳生物科技有限公司,臺中市西屯區逢甲里福上巷235弄4號2樓,200000,1050506
28791,54117175,鉅燿資訊科技有限公司,臺中市北區健行里民權路559號8樓之3,1000000,1050510
28792,54117421,品客咖啡股份有限公司,臺中市北屯區崇德七路121號、121-1號、121-1號2樓,3000000,1050504
28793,54117528,齊洋水產生技有限公司,臺中市西屯區福雅里臺灣大道四段786巷14號1樓,2000000,1050519
28798,54118358,正創達有限公司,臺中市南區城隍里正氣街14號3樓,300000,1050524
28799,54118575,舜溢燈飾照明有限公司,臺中市大雅區西村路12-10號,194000,1050502
28801,54118842,新幹線汽車股份有限公司,臺中市南區三民西路250號,10500000,1050505
28804,54119357,美賓投資有限公司,臺中市潭子區東寶里雅豐街110巷38號1樓,36000000,1050506
28807,54119552,喬昇國際精品有限公司,臺中市北區新北里一中街162號2樓,300000,1050503
28809,54119928,台名工程有限公司,臺中市中區大墩里臺灣大道1段329號5樓之1,10000000,1050510
28812,54120100,味美電子商務股份有限公司,臺中市豐原區北陽里豐東路68巷7弄1號,500000,1050520
28814,54120214,大有印象有限公司,臺中市南屯區文山里文山九街82號1樓,1000000,1050524
28818,54120609,德昱廚具企業有限公司,臺中市西區五權西路一段135號1樓,20000000,1050518
28819,54120642,國敬建設股份有限公司,臺中市西屯區西墩里黎明路三段348號7樓,15000000,1050521
28826,54121939,康馳工業股份有限公司,臺中市潭子區潭秀里潭富路一段144巷30號,15000000,1050505
28831,54122584,瓏昇保全股份有限公司,臺中市西屯區大墩二十街118號2樓之1,40000000,1050506
28832,54122732,均聯科技有限公司,臺中市烏日區仁德里信義街193巷14號1樓,5000000,1050512
28835,54123036,泰昌行國際運輸有限公司,臺中市豐原區豐原里隆豐街103號,7500000,1050509
28840,54123401,育新數位科技有限公司,臺中市南區永興里26鄰工學一街197巷21號1樓,1000000,1050524
28842,54123520,探索家先進材料有限公司,臺中市東區振興里互助街112號1樓,3000000,1050526
28843,54123654,迅鴻科技有限公司,臺中市豐原區陽明里明政街9號,1500000,1050506
28845,54123943,喬碩機械有限公司,臺中市潭子區栗林里豐栗路133巷15號,1000000,1050529
28847,54124274,得銳國際有限公司,臺中市北區臺灣大道二段360號7樓之5,5000000,1050504
28850,54124529,潤泰源有限公司,臺中市大甲區順天里蔣公路231巷10號,500000,1050510
28851,54124788,御豐建設有限公司,臺中市豐原區南陽里圓環東路303號1樓,1000000,1050515
28852,54124865,塔木德商務飯店股份有限公司,臺中市中區中山路175巷15號,45000000,1050525
28864,54126890,廣田樹木有限公司,臺中市西區華美街494號1樓,2000000,1050502
28865,54126982,佶定有限公司,臺中市沙鹿區竹林里光華路302巷41號1樓,3000000,1050530
28868,54127103,最鑫實業有限公司,臺中市南屯區楓樹里楓和路681號6樓,1000000,1050530
28871,54127309,九聯科技有限公司,臺中市南區福興里20鄰南平路228號,9000000,1050517
28872,54127315,舶益貿易股份有限公司,臺中市西屯區市政路386號10樓之6,10000000,1050518
28875,54127841,彼安特有限公司,臺中市南屯區文山里精科三路8號,500000,1050516
28878,54128454,歐原汽車材料有限公司,臺中市豐原區西湳里豐北街262號,3000000,1050527
28879,54128546,俥來貸有限公司,臺中市南區忠明南路789號4樓,500000,1050525
28880,54128594,新盛五金有限公司,臺中市大雅區西寶里昌平路三段689巷18弄98號2樓,500000,1050506
28881,54128898,祥裕開發貿易有限公司,臺中市東區東門里東門路5巷19號1樓,7000000,1050530
28883,54129030,多福實業有限公司,臺中市北區大湖里大湖街34號1樓,4000000,1050526
28886,54129550,澄果行銷有限公司,臺中市北區建興里崇德路一段256巷2號10樓之1,1000000,1050518
28889,54129783,安閎機械有限公司,臺中市豐原區三村里協力街35號1樓,3000000,1050527
28892,54130254,豐美建設有限公司,臺中市南屯區永春東七路730號,25000000,1050529
28895,54131269,泰辰有限公司,臺中市潭子區大豐里崇德路五段449巷13號,1500000,1050517
28896,54131275,鼎鋒廣告開發股份有限公司,臺中市北區賴旺里青島路一段26-6號1樓,1000000,1050518
28899,54131401,滙豐聚建設有限公司,臺中市豐原區田心路二段76號2樓,5000000,1050518
28900,54131438,富羽鵬企業有限公司,臺中市大里區永東街41號1樓,1000000,1050526
28901,54131612,新峻有限公司,臺中市梧棲區南簡里光復路489巷17號1樓,200000,1050522
28902,54131681,新銳管理顧問股份有限公司,臺中市北區淡溝里臺灣大道二段360號19樓之2,5000000,1050517
28908,54133034,松益工業有限公司,臺中市太平區太平里永豐路108巷10號,1000000,1050504
28909,54133082,澤依國際有限公司,臺中市北區金龍里梅亭街24巷13號1樓,1000000,1050524
28910,54133392,尚何記實業有限公司,臺中市南屯區同心里大墩五街346號,100000,1050510
28911,54133885,鈊旺科技有限公司,臺中市北區健行里忠明路424號2樓之1,1000000,1050509
28913,54134272,君品室內裝修工程有限公司,臺中市北屯區中清路二段479巷6號1樓,100000,1050527
28916,54134575,博捷智慧科技有限公司,臺中市南屯區文山里保安三街92號1樓,1000000,1050518
28919,54134884,大豐國際倉儲有限公司,臺中市北屯區同榮里崇德路三段1111巷31弄43號1樓,500000,1050528
28923,54135434,雲創科技工程有限公司,臺中市南區德祥街15巷20號7樓之5,300000,1050516
28926,54136187,緯碩精密有限公司,臺中市大里區大元里中元東路10巷16號1樓,500000,1050521
28928,54136362,宗德國際開發有限公司,臺中市太平區新坪里育才路45號2樓,5000000,1050513
28929,54136383,展劭有限公司,臺中市北屯區文昌東三街89號1樓,3000000,1050524
28930,54136497,台灣羅佳科技有限公司,臺中市神岡區大漢街147巷32號1樓,507660,1050506
28931,54136503,易成交通器材有限公司,臺中市南區有恆街42號1樓,1000000,1050511
28938,54137593,肯諾比企業有限公司,臺中市西屯區廣福里中科路1331號,1000000,1050523
28940,54137664,瀚昇貿易有限公司,臺中市北屯區松安里崇德六路一段31巷36號1樓,3000000,1050505
28941,54137691,安耐美國際智慧節能科技工程有限公司,臺中市北區建興里永興街98巷7號1樓,10000000,1050518
28943,54138185,綠林科技有限公司,臺中市大雅區上楓里民族街39號2樓,50000,1050523
28945,54138397,檸檬湖企業有限公司,臺中市西區民龍里英才路510號底一層之2（B37櫃）,1020000,1050514
28951,54138853,傑斯威登有限公司,臺中市北屯區崇德十路一段465號1樓,3000000,1050530
28952,54138973,漢威精密有限公司,臺中市神岡區豐洲里前寮路34-2號,500000,1050514
29034,54165838,世久投資股份有限公司,臺中市南屯區三厝里向上路三段201號4樓,228000000,1050518
29084,54176271,中彰賓士汽車股份有限公司,臺中市南屯區向上路三段201號,150000000,1050518
29170,54214578,所羅娜企業有限公司,臺中市北區尊賢街2之3號,500000,1050529
29173,54219476,偉立有限公司,臺中市烏日區北里里溪南路二段466號,2000000,1050524
29174,54219525,永淳興業有限公司,臺中市大里區夏田里國中路515號1樓,2000000,1050520
29176,54219877,夏麗絲國際有限公司,臺中市南屯區文心路一段428號2樓,5000000,1050509
29180,54220430,溢泳小客車租賃有限公司,臺中市沙鹿區三鹿里向上路七段321號1樓,5000000,1050510
29185,54221206,恆昕物業管理顧問有限公司,臺中市西屯區何成里大墩18街195號3樓之2,1000000,1050511
29187,54221509,禾祥投資股份有限公司,臺中市西屯區潮洋里市政北二路236號19樓之6,265000000,1050525
29191,54222541,聯陞國際通運有限公司,臺中市北區賴旺里北平路2段2-3號4樓,1000000,1050520
29192,54222660,入矩雕塑有限公司,臺中市東區東信里振興路412巷60號,1300000,1050524
29193,54222752,立鈿有限公司,臺中市太平區光隆里光興路890南巷3弄12號1樓,1500000,1050510
29194,54222845,旺德阜國際有限公司,臺中市大肚區頂街里大德一街73號1樓,5000000,1050517
29195,54222985,家叡有限公司,臺中市西區吉龍里五權七街125巷10號8樓,250000,1050524
29196,54223041,兆品投資股份有限公司,臺中市西屯區潮洋里市政北二路236號19樓之6,795000000,1050531
29197,54223801,創元石材有限公司,臺中市北屯區和平里和順路706號1樓,1000000,1050517
29202,54224180,萬越廣告有限公司,臺中市潭子區頭家里和平路131號1樓,2000000,1050510
29203,54224246,承豐資訊科技有限公司,臺中市南區復興路二段71巷7-4號1樓,500000,1050520
29205,54224816,侑群建設有限公司,臺中市西區藍興里樂群街262號1樓,20000000,1050517
29206,54224999,威慶開發股份有限公司,臺中市西區五權西三街81號2樓,5000000,1050517
29213,54226173,宏信玻璃有限公司,臺中市西區忠明里中美街374號1樓,200000,1050510
29214,54226265,三一木箱有限公司,臺中市南屯區春社里中台路317巷11號1樓,1000000,1050528
29220,54226820,源慶機械設備有限公司,臺中市西屯區福恩里工業區一路98之24號6樓之1,5000000,1050526
29222,54226976,展裕空油壓機械有限公司,臺中市太平區永平路二段203號,2000000,1050525
29223,54227047,謙揚生物科技股份有限公司,臺中市北區頂厝里進化北路238號12樓之1,5000000,1050511
29228,54227476,富聖土地開發股份有限公司,臺中市南屯區黎明路一段580號1樓,60000000,1050517
29235,54228616,千鈺貿易有限公司,臺中市烏日區三榮十五路11號4樓之2,500000,1050520
29236,54228685,明太室內裝修有限公司,臺中市西屯區上安里上明三街12號,1000000,1050505
29238,54228904,強兢實業有限公司,臺中市東區自由路4段378號1樓,1200000,1050514
29239,54229039,兆皇投資股份有限公司,臺中市西屯區潮洋里市政北二路236號19樓之6,716000000,1050524
29240,54229045,冠廚易料理有限公司,臺中市沙鹿區星河路347-4號,1000000,1050531
29242,54229116,聖賢國際貿易有限公司,臺中市大里區仁化里向善街105號1樓,5000000,1050517
29244,54229468,亞鋐有限公司,臺中市西屯區中康街215巷12弄2號2樓,500000,1050524
29248,54230325,至成科技有限公司,臺中市烏日區九德里興祥街191巷21號5樓,1000000,1050511
29250,54230541,東明自動控制有限公司,臺中市大里區瑞城里瑞和街60巷8弄11號1樓,1000000,1050506
29255,54231366,世旺不動產經紀有限公司,臺中市東區精武東路62號1樓,1000000,1050510
29256,54231534,鼎旺精密工業有限公司,臺中市沙鹿區興安里17鄰大同街28-1號4樓,5000000,1050525
29260,54232359,窗朵實業有限公司,臺中市西屯區福聯里福瑞街27巷16號16樓之2,1500000,1050505
29261,54232484,天禾美學室內裝修設計有限公司,臺中市霧峰區育群路262號1樓,500000,1050511
29263,54232920,傑永興儀器有限公司,臺中市北屯區仁和里豐樂一街3號1樓,1000000,1050530
29264,54233049,愛美格工程設計有限公司,臺中市太平區宜佳里宜平路76號4樓,1000000,1050524
29269,54234096,建元建設開發股份有限公司,臺中市北區明德里太原南二街36號1樓,10000000,1050519
29270,54234315,隆瑩貿易有限公司,臺中市潭子區東寶里雅潭路二段399巷10號,5000000,1050525
29276,54235341,弘裕資訊股份有限公司,臺中市西屯區惠來里府會園道179號12樓之3,1000000,1050503
29282,54236159,悠久建築股份有限公司,臺中市北區中清路一段89號12樓之8,5000000,1050512
29284,54236186,超序有限公司,臺中市太平區新興里太興路13號,1000000,1050505
29288,54236518,圓明園餐廳有限公司,臺中市豐原區南村里圓環東路842號,10000000,1050520
29290,54236643,台中瑞興織嘜有限公司,臺中市大甲區工二路6之1號,1000000,1050530
29294,54237684,峰富科技有限公司,臺中市西屯區林厝里西平南巷5弄16號1樓,1000000,1050520
29295,54237755,雅威建設有限公司,臺中市神岡區文昌街369號1樓,15000000,1050523
29296,54237761,富晟電子有限公司,臺中市大甲區錦上街113號1樓,2000000,1050524
29297,54237805,旺弘實業股份有限公司,臺中市大甲區平安里信義路121號1樓,120000000,1050524
29299,54238451,尚捷建設有限公司,臺中市清水區海濱里海濱路324-25號1樓,10000000,1050502
29306,54239439,意象室內設計有限公司,臺中市北區光大里太平路166號1樓,500000,1050504
29307,54239584,鋒碩有限公司,臺中市太平區中山里中山路二段451號4樓,50000,1050513
29308,54239727,富群資訊有限公司,臺中市北屯區四平路51巷1-2號,1000000,1050516
29313,54240230,永泰益興業有限公司,臺中市大雅區昌平路四段282巷321號,3000000,1050519
29315,54240718,久連資產管理有限公司,臺中市烏日區慶光路1016號1樓,580000,1050509
29316,54240772,聯群開發有限公司,臺中市南屯區大業里大進街536-12號6樓,2000000,1050526
29320,54242075,久福機電工程有限公司,臺中市太平區永平里永平路一段99巷7號1樓,1000000,1050507
29321,54242223,禾海有限公司,臺中市大甲區中山里水源路211號1樓,300000,1050527
29324,54243095,安禾資訊有限公司,臺中市北區進化路485號1樓,2000000,1050513
29326,54243270,稷豐食品有限公司,臺中市西屯區福林里西屯路三段283號1樓,1000000,1050511
29327,54243428,高鑫有限公司,臺中市西屯區環河路26號1樓,4000000,1050509
29330,54243671,振暐國際有限公司,臺中市大里區塗城里塗城路196巷2弄23號1樓,2000000,1050530
29331,54243692,鼎聚網路股份有限公司,臺中市西屯區何德里寧夏路89巷6號2樓,500000,1050528
29335,54245376,錫華有限公司,臺中市西區忠明里美村路一段52巷28號1樓,138800000,1050511
29339,54245848,火把行銷顧問有限公司,臺中市大里區中新里新生路171巷18弄11號4樓,1000000,1050502
29343,54246163,吉星有限公司,臺中市大里區新仁里立仁路393巷15號1樓,2000000,1050525
29344,54246234,丞軒實業有限公司,臺中市霧峰區四德里四德路488之1號1樓,1000000,1050530
29346,54246683,鼎一建設開發有限公司,臺中市南屯區五權西路二段666號9樓之9,3000000,1050513
29352,54247509,揚平實業有限公司,臺中市潭子區頭家里得天街61號1樓,100000,1050511
29353,54247542,松璞室內裝修有限公司,臺中市南屯區三和里河南路四段456之9號3樓,1000000,1050516
29354,54247780,皇順企業股份有限公司,臺中市大甲區庄美里興安路142之3號1樓,5000000,1050506
29358,54248090,眾聖汽車有限公司,臺中市北屯區瀋陽路三段71號,10000000,1050528
29360,54248486,桓譽精密有限公司,臺中市豐原區豐田里豐南街278巷5號1樓,1000000,1050504
29361,54248578,金準實業有限公司,臺中市西區土庫里忠明南路270號3樓,200000,1050519
29364,54248731,邁斯特醫療儀器有限公司,臺中市南屯區大業里大墩十四街115號3樓之1,5000000,1050506
29367,54249274,博策網路行銷有限公司,臺中市南屯區大同里大同街56號1樓,80000,1050511
29371,54249561,進福工程有限公司,臺中市北區大雅路57號3樓,1000000,1050512
29376,54250362,有春企業有限公司,臺中市西屯區何厝里何厝街88之2號1樓,203000,1050506
29377,54250551,聯穎企業有限公司,臺中市北屯區中清路二段741號1樓,300000,1050523
29380,54250996,壯膽國際有限公司,臺中市南屯區三和里大墩十二街607號1樓,1000000,1050523
29388,54252039,豐盛機械有限公司,臺中市北屯區平田里文心路四段955號10樓之5,10000000,1050516
29390,54252299,開念室內裝修設計有限公司,臺中市西屯區大石里中平路421巷6弄10號,500000,1050513
29391,54252354,臣平工程有限公司,臺中市北屯區東光里北屯路298巷26弄38號1樓,5000000,1050519
29395,54252740,威雄工程有限公司,臺中市太平區宜欣里宜欣二路18號1樓,3000000,1050506
29401,54253240,家昌建設有限公司,臺中市大雅區二和里雅潭路四段805巷25弄23號2樓,10000000,1050526
29407,54253804,捷可星國際貿易有限公司,臺中市西屯區櫻城一街61號1樓,500000,1050530
29408,54253924,聯城建設股份有限公司,臺中市北屯區水景街41號1樓,10000000,1050530
29409,54253993,懋勝有限公司,臺中市大里區瑞城里中興路一段2巷81弄22號1樓,2000000,1050510
29410,54254000,泓樹開發建設有限公司,臺中市北屯區平安里崇德路二段130號15樓,20000000,1050511
29414,54254590,漢冠企業有限公司,臺中市潭子區聚興里興豐山莊103號,1200000,1050512
29416,54254923,鑫福順有限公司,臺中市西屯區福中里福中十一街11巷5號1樓,5500000,1050506
29417,54254938,龍籐地產開發有限公司,臺中市大雅區二和里雅潭路四段708號1樓,1000000,1050525
29420,54255227,丞瑋國際有限公司,臺中市霧峰區北柳里四德路274之2號1樓,8000000,1050502
29427,54255985,樸仁不動產經紀有限公司,臺中市北屯區水景里景賢路306號1樓,100000,1050523
29431,54256112,創鑫發實業有限公司,臺中市太平區宜欣里富宜路146巷7號,10000000,1050530
29433,54256470,新振陞工程有限公司,臺中市豐原區田心里育仁路114巷15號3樓之1,500000,1050513
29435,54256534,晉達多媒體科技有限公司,臺中市南屯區三義里市政南二路161號,5600000,1050519
29436,54256540,永竹科技有限公司,臺中市北屯區仁和里四平路238巷17號1樓,15000000,1050520
29437,54256957,冠裕數位有限公司,臺中市中區大墩里台灣大道一段362號2樓,6000000,1050527
29439,54257273,邑維防潮科技有限公司,臺中市大肚區沙田路三段245巷81之26號,4000000,1050509
29441,54257652,昱維不動產有限公司,臺中市西屯區國安一路169號,1000000,1050516
29444,54257908,捷爾國際精品貿易有限公司,臺中市西屯區潮洋里黎明路二段970號1樓,8000000,1050529
29446,54258287,昶印紙業有限公司,臺中市太平區太平十三街5之5號,1000000,1050516
29447,54258420,精研工業有限公司,臺中市霧峰區吉峰路56巷5號1樓,3000000,1050526
29449,54258569,永恆之都有限公司,臺中市北區健行里忠明路502號1樓,1000000,1050511
29453,54259407,利錄有限公司,臺中市西屯區和平里復興路二段16號,1300000,1050527
29455,54259687,如蒂有限公司,臺中市南區工學路66之3號13樓,500000,1050519
29456,54260283,有正行工程設計有限公司,臺中市北屯區昌平路二段48號2樓,1000000,1050502
29458,54260452,聖益工程有限公司,臺中市北區賴厝里永興街315巷10之1號1樓,3000000,1050530
29459,54260489,琦威機械實業有限公司,臺中市神岡區神洲里9鄰豐洲路1025巷28號,2800000,1050526
29461,54260713,鈞成工程有限公司,臺中市南區樹義里福田二街415號1樓,2000000,1050530
29462,54260946,享泰實業有限公司,臺中市北區文莊里文武街2號4樓之1,5000000,1050518
29465,54261282,旭烽有限公司,臺中市外埔區大東里大馬路498號1樓,1500000,1050525
29468,54262043,恩嬡國際股份有限公司,臺中市烏日區光日路7號11樓之2,2000000,1050505
29470,54262206,隆和沅國際生技開發有限公司,臺中市南屯區文心南五路350巷18號1樓,3969000,1050518
29473,54262521,漢青國際股份有限公司,臺中市南屯區文心南一路40號1樓,55000000,1050505
29475,54262727,誠億富建設有限公司,臺中市太平區勤益里中山路一段159巷60號1樓,3000000,1050524
29476,54263015,又正投資股份有限公司,臺中市西區臺灣大道二段285號20樓,20000000,1050524
29478,54263296,富崎國際有限公司,臺中市豐原區豐榮里信義街155號9樓之1,600000,1050516
29484,54263964,珅震實業有限公司,臺中市神岡區神洲里大明路217號,5000000,1050530
29487,54264106,光宏工程有限公司,臺中市潭子區潭富路一段64巷15號3樓,1000000,1050503
29489,54264226,龍橋科技有限公司,臺中市西屯區何成里文心路二段562之1號3樓之1,1300000,1050527
29493,54264909,台中愛戀旅店有限公司,臺中市北區錦祥里錦祥街22號1樓,3000000,1050501
29494,54264915,駿耀科技有限公司,臺中市豐原區北陽里北陽路450巷100弄3號1樓,100000,1050506
29495,54265631,澤明有限公司,臺中市南屯區大進街669號,500000,1050525
29496,54266033,崧捷科技有限公司,臺中市南屯區溝墘里大英街485號7樓,500000,1050521
29497,54266420,喬豐機械有限公司,臺中市神岡區中山路1584之6號1樓,5000000,1050516
29498,54266575,領航節能科技有限公司,臺中市西屯區上石里上石路201號2樓,500000,1050523
29501,54266701,帝寶國際車業有限公司,臺中市南屯區新生里向上路三段488號,5000000,1050506
29503,54267271,家禾流通股份有限公司,臺中市北區淡溝里臺灣大道二段360號5樓之2,60000000,1050501
29505,54267429,秋紅谷建設股份有限公司,臺中市北區中清路一段79號5樓,5000000,1050510
29509,54268095,詠旺綜合建材有限公司,臺中市北屯區太順路7號1樓,3000000,1050519
29513,54268779,三茶織品傢飾有限公司,臺中市南屯區南屯里河南路四段670號1樓,2100000,1050518
29515,54269073,岩田國際有限公司,臺中市北區賴厝里梅川西路三段65號2樓,1000000,1050511
29516,54269088,今日水處理設備有限公司,臺中市南屯區鎮平里鎮平巷26號1樓,8000000,1050509
29784,54308049,廣駿貿易有限公司,臺中市東區興大路13號七樓,300000,1050507
30003,54350593,豪得國際旅行社股份有限公司,臺中市西屯區臺灣大道二段715號5樓之2,7000000,1050511
30055,54359200,我在創作有限公司,臺中市烏日區榮泉里三榮十六路1巷190弄1號,500000,1050518
30143,54391905,新加坡商特榮有限公司,臺中市南區福平里美村路2段186號11樓之2,6900000,1050516
30155,54399272,冠泰有限公司,臺中市龍井區忠和里西濱路三段237號,1000000,1050514
30157,54399580,富緯科技材料有限公司,臺中市大雅區上雅里雅環路2段281巷2號,1000000,1050506
30162,54500565,惠饌餐飲有限公司,臺中市南屯區惠中里大富街80號,10000000,1050518
30163,54500679,伍廣工業有限公司,臺中市大甲區德化里東西七路一段328號,250000,1050516
30164,54500740,盈佳企業有限公司,臺中市南屯區楓樹里楓樹東街460號,1000000,1050530
30165,54501017,毅鑫有限公司,臺中市石岡區金星里石岡街金川巷10之19號,1000000,1050525
30166,54501092,展宏建設有限公司,臺中市大里區立德里立中街25號1樓,35000000,1050523
30167,54501121,喜歡文創有限公司,臺中市北區文莊里中清路一段89號3樓,300000,1050519
30169,54501396,荃潤貿易有限公司,臺中市豐原區三豐路799巷59號1樓,1000000,1050513
30325,54524341,台秀建設有限公司,臺中市西屯區上安里上安路11巷43號8樓之3,6500000,1050505
30328,54525242,林財投資有限公司,臺中市西區忠明南路42號10樓,100000000,1050506
30462,54546393,樂蒙貿易有限公司,臺中市北區賴村里中清路一段372號3樓,880000,1050523
30469,54547013,先決影像製作有限公司,臺中市北屯區中清路72-13-4號,1200000,1050512
30718,54579210,朝森國際有限公司,臺中市西屯區西屯路二段208巷10弄17號1樓,1000000,1050505
30719,54579268,尊一不動產開發有限公司,臺中市龍井區新庄里遊園南路282號1樓,3600000,1050527
30720,54579295,科駿有限公司,臺中市大肚區新興里溪洲路45號,2000000,1050513
30721,54579416,喬鎂特國際有限公司,臺中市北屯區仁和里27鄰山西南一街128號4樓,200000,1050524
30722,54579555,升丰室內裝修有限公司,臺中市大肚區瑞井里遊園路一段134號1樓,300000,1050530
30723,54579561,有志租賃有限公司,臺中市大里區永隆里爽文路793號1樓,5000000,1050520
30724,54579680,雅居樂建設有限公司,臺中市豐原區東湳里三豐路884巷20弄8之4號2樓,16000000,1050523
30725,54579751,好蘊設計有限公司,臺中市西屯區何安里台灣大道二段888號4樓之10,1000000,1050518
30726,54580069,席真藝術有限公司,臺中市西屯區福和里臺灣大道四段925號7樓之2,12000000,1050523
30728,54580526,萬洲農產行有限公司,臺中市霧峰區四德里5鄰新埔路43巷20號1樓,1000000,1050524
30729,54580878,儀銓興業有限公司,臺中市梧棲區草湳里港埠路一段551號2樓,10000000,1050523
30730,54581356,榮順生技有限公司,臺中市太平區太平一街90號1樓,1000000,1050507
30731,54581519,蘭洛國際有限公司,臺中市大里區東興里14鄰國光路二段500號7樓之3,1000000,1050511
30732,54581659,銓萬五金行有限公司,臺中市北屯區松茂里遼寧路一段512號10樓,100000,1050517
30733,54581665,仙園國際有限公司,臺中市北屯區和平里環中東路二段288號,280000,1050516
30734,54581742,奎斯德有限公司,臺中市大里區健民里仁化工三路113號1樓,1000000,1050515
30735,54581829,弘宇空間設計有限公司,臺中市北屯區安順東七街82號1樓,1000000,1050512
30736,54581969,源豐衛浴實業有限公司,臺中市北屯區東光里北屯路298巷4之10號1樓,1000000,1050513
30737,54582334,三偉實業有限公司,臺中市大雅區西寶里昌平路三段596巷39號,1000000,1050520
30738,54582469,新旺櫥櫃有限公司,臺中市西屯區福和里安和路121之19之1號1樓,1000000,1050519
30739,54582524,尊情化妝品有限公司,臺中市南區南和里工學路126巷38號1樓,300000,1050514
30740,54582550,立久建設有限公司,臺中市南區和平里復興路二段71巷66號1樓,6000000,1050518
30741,54582572,菖晟實業有限公司,臺中市梧棲區大村里中華路一段979巷156號1樓,100000,1050520
30742,54582799,樂誼國際有限公司,臺中市清水區南寧里光華路118-1號1樓,150000,1050519
30743,54582833,榮晟企業有限公司,臺中市烏日區前竹里中山路一段和平巷71號,10000000,1050516
30744,54583333,德銘貿易有限公司,臺中市北區英才路266號1樓,1000000,1050502
30745,54583397,銓笙音響有限公司,臺中市北區建興里德化街258-2號,2000000,1050523
30746,54583642,育賢國際貿易有限公司,臺中市太平區新坪里育賢路6號1樓,1000000,1050525
30747,54583798,駿赫國際有限公司,臺中市北屯區仁和里崇德九路666號1樓,1000000,1050516
30748,54583880,競毅實業有限公司,臺中市烏日區大同路50號1樓,5000000,1050519
30749,54583925,名証機械有限公司,臺中市神岡區光啓路276號,2000000,1050516
30750,54583973,陽明材料科技有限公司,臺中市大里區仁化路100巷11號,5000000,1050522
30751,54584311,王圓科技有限公司,臺中市南區永興里南和路187號2樓,1280000,1050512
30752,54584375,聖捷友國際有限公司,臺中市后里區義里里甲后路106號1樓,5000000,1050513
30753,54584591,信泓工業有限公司,臺中市神岡區社南里中山路667巷62弄18-3號,800000,1050518
30754,54584683,威爾森國際企業有限公司,臺中市北區育德里篤行路377之6號1樓,500000,1050526
30755,54585228,冠竑不動產有限公司,臺中市北屯區昌平路一段33號1樓,1000000,1050530
30756,54585249,天而企業有限公司,臺中市西屯區廣福里中清路199巷12弄18號,1000000,1050526
30757,54585260,蕾醍實業有限公司,臺中市東區東南里東南街62號1樓,500000,1050523
30758,54585584,澄昌廚具櫥櫃有限公司,臺中市南屯區三厝里向上路三段75號1樓,2000000,1050520
30759,54585727,大翊設計有限公司,臺中市西屯區福中里福中七街9巷6號1樓,500000,1050527
30760,54586269,大立佶有限公司,臺中市烏日區五光路復光三巷90號,2400000,1050518
30761,54586275,萬勝鴻實業有限公司,臺中市大雅區西寶里昌平路四段282北二巷30號,1200000,1050509
30762,54586280,華豐企業有限公司,臺中市西區昇平里忠明南路303號23樓之5,5000000,1050520
30763,54586388,凱翔廚具有限公司,臺中市豐原區南陽里南陽路299之32號1樓,6000000,1050520
30764,54586401,齊營建設股份有限公司,臺中市西屯區何仁里文心路三段238號7樓,37000000,1050513
30765,54586583,騰田木型實業有限公司,臺中市神岡區豐洲里前寮路53-12號1樓,880000,1050517
30766,54586599,鼎鈦實業有限公司,臺中市神岡區新庄里新興路188號,3000000,1050529
30767,54586710,景得易科技有限公司,臺中市太平區聖和里長龍路一段內城一巷15號1樓,300000,1050509
30768,54587041,印首科技有限公司,臺中市西屯區安和路187之3號,1000000,1050506
30769,54587133,旭曄工程有限公司,臺中市沙鹿區三鹿里向上路七段12號8樓,500000,1050522
30770,54587160,原金太乙工業有限公司,臺中市外埔區大同里甲后路225號,600000,1050519
30771,54587400,淞禾裝潢工程有限公司,臺中市大里區永大街92號1樓,300000,1050518
30772,54587669,永續雲端有限公司,臺中市西屯區福恩里工業區一路2巷3號10樓之6,3000000,1050510
30773,54587680,友詮科技有限公司,臺中市西區公正里大墩十街63號1樓,500000,1050503
30774,54587746,騰譽工業有限公司,臺中市大甲區日南里19鄰幼獅路15之1號,40000000,1050531
30775,54587921,品毅精密有限公司,臺中市豐原區東湳里三豐路742巷218弄11號1樓,1000000,1050513
30776,54587936,葉鋒有限公司,臺中市大肚區磺溪里文昌二街83巷3號1樓,1800000,1050518
30777,54587957,龍籐建設有限公司,臺中市西屯區西墩里黎明路三段391號,3000000,1050526
30778,54588040,緻佳鋁業科技有限公司,臺中市太平區興隆里光興路1352巷51號1樓,6600000,1050511
30779,54588132,鍋無二餐飲有限公司,臺中市豐原區中陽里圓環東路511號1樓,250000,1050518
30780,54588169,全成不動產有限公司,臺中市南屯區永春東路1085號1樓,500000,1050518
30781,54588409,上銳實業有限公司,臺中市沙鹿區六路里北勢東路196號1樓,500000,1050511
30782,54588484,新富筑建設股份有限公司,臺中市南屯區大同里東興路二段186號6樓之6,11000000,1050525
30783,54588560,安吉工程顧問有限公司,臺中市西區中興里公益路161號3樓之5,1000000,1050505
30784,54588956,聖嘉工業有限公司,臺中市大里區仁德里文化街172號1樓,2500000,1050526
30785,54589028,銓財工程有限公司,臺中市大里區新仁七街38之2號1樓,250000,1050524
30786,54589152,宜家建材有限公司,臺中市北屯區軍福十三路18號1樓,5000000,1050511
30787,54589250,大漢消防工業有限公司,臺中市豐原區鎌村里鎌村路326巷23之2號,1000000,1050523
30788,54589266,錢潮餐飲有限公司,臺中市西屯區朝馬路7號,10000000,1050523
30789,54589293,中達投資有限公司,臺中市西屯區何源里河南東一街38號,11250000,1050516
30790,54589322,晉祥雲端科技有限公司,臺中市南屯區楓樹里黎明路一段230巷2弄4號1樓,5000000,1050524
30791,54589435,杰成不動產有限公司,臺中市南區福平里建國南路二段170號1樓,2500000,1050518
30792,54589478,安心建設開發有限公司,臺中市西屯區福和里12鄰中工三路95號1樓,1000000,1050523
30793,54589625,宇創塑料有限公司,臺中市潭子區栗林里祥和新莊東三巷21號1樓,1000000,1050517
30794,54589630,滄浪科技有限公司,臺中市南區福順里忠明南路787號5樓,1000000,1050502
30795,54589863,鼎祐建材有限公司,臺中市西區向上路一段17巷3號1樓,2000000,1050521
30796,54590003,新捷達投資有限公司,臺中市西屯區工業區38路210號5樓-11,11062500,1050514
30797,54590025,加欣工程有限公司,臺中市北屯區民德里東山路二段241之1號1樓,1000000,1050526
30798,54590159,睿康生醫股份有限公司,臺中市南區樹義路8號,22570000,1050506
30799,54590209,拓樸網路股份有限公司,臺中市西區忠誠里臺灣大道二段501號18樓之2,30000000,1050520
30800,54590236,久順環保有限公司,臺中市烏日區北里里太明路成豐巷101弄54號1樓,1000000,1050523
30801,54590593,良發有限公司,臺中市太平區太平二十街53巷5號一樓,1000000,1050529
30802,54590876,立城有限公司,臺中市西區民生北路151號1樓,1000000,1050512
30803,54590910,昊漢科技股份有限公司,臺中市豐原區鐮村里鐮村路465巷64弄161號1樓,3880000,1050505
30804,54590989,岳新五金有限公司,臺中市烏日區北里里太明路176號,5000000,1050517
30805,54591072,利宇建設有限公司,臺中市清水區鰲峰一街26號1樓,1020000,1050526
30806,54591087,嘉億鋁業有限公司,臺中市西屯區惠來路三段72號1樓,10000000,1050521
30807,54591208,雄澤科技有限公司,臺中市烏日區東園里慶光路868巷179號,1500000,1050507
30808,54591474,雲鳥有限公司,臺中市北屯區仁和里崇德九路570號一樓,3300000,1050511
30809,54591729,葉綠宿股份有限公司,臺中市西屯區西屯路二段287號2樓,25000000,1050506
30810,54591880,惠陞食品有限公司,臺中市大里區慈善路138巷18號,10000000,1050513
30811,54592369,四維跨域營銷有限公司,臺中市潭子區家福里頭張路二段63號,1000000,1050524
30812,54592380,台宮機械有限公司,臺中市北屯區平田里遼陽五街95號,300000,1050520
30813,54592662,典亮景觀設計有限公司,臺中市西屯區臺灣大道三段72號14樓之１,100000,1050525
30814,54592749,承潤工程有限公司,臺中市大雅區雅環路三段大明二巷37號1樓,2000000,1050510
30815,54592776,津豐國際有限公司,臺中市南屯區寶山里忠勇路80-25號1樓,3000000,1050531
30816,54592950,勁創工程有限公司,臺中市大里區大里街16之5號,3000000,1050520
30817,54593037,寶禧建設股份有限公司,臺中市西屯區市政路66號1樓,120000000,1050524
30818,54593085,帝網有限公司,臺中市北區忠明路347號,500000,1050502
30819,54593162,丹聯生技股份有限公司,臺中市沙鹿區大同街18之3號1樓,60000000,1050526
30820,54593260,大全捲門有限公司,臺中市大甲區孔門里文武路53號 ,600000,1050516
30821,54593368,大暙建設有限公司,臺中市烏日區螺潭里慶光路79-17號1樓,12000000,1050530
30822,54593780,玄祥不動產經紀有限公司,臺中市南屯區永春東路859號1樓,500000,1050521
30823,54593888,鋐翔國際有限公司,臺中市外埔區甲后路新城8巷1弄60號1樓,1500000,1050518
30824,54594021,笑哈哈幸福企業有限公司,臺中市西屯區福科路956號1樓,500000,1050519
30825,54594182,精膜科技股份有限公司,臺中市南屯區文山三街166號1樓,86000000,1050510
30826,54594232,優吉仕國際有限公司,臺中市豐原區翁明里東興街12號1樓,1000000,1050504
30827,54594394,博昌餐飲有限公司,臺中市梧棲區下寮里文化路二段393號,3000000,1050505
30828,54594726,丞泰豐企業有限公司,臺中市西屯區港尾里中清路二段1250巷102弄2號1樓,2000000,1050511
30829,54595106,金宏元有限公司,臺中市太平區平安里鵬儀路214巷3弄9號1樓,200000,1050505
30830,54595133,展亨企業有限公司,臺中市潭子區頭家里和平路60巷18號1樓,1000000,1050520
30831,54595154,豐業廣告企劃有限公司,臺中市梧棲區港埠路一段501號1樓,1000000,1050512
30832,54595210,亞興人力仲介有限公司,臺中市南區崇倫里忠明南路730巷46號8樓之1,5000000,1050512
30833,54595289,小米影像製作有限公司,臺中市大雅區永和路132-3號1樓,1200000,1050525
30834,54595324,肯信國際人力仲介有限公司,臺中市大里區東榮路292號1樓,5000000,1050517
30835,54595598,益品光企業有限公司,臺中市南屯區大墩五街267號1樓,5000000,1050509
30836,54595680,坦吉國際精品有限公司,臺中市西屯區工業區一路98之11號12樓之1,340000,1050519
30837,54595817,光宇材料股份有限公司,臺中市西屯區市政北二路236號9樓之1,410855190,1050517
30838,54595859,強陞有限公司,臺中市北屯區中清路二段711號1樓,1000000,1050521
30839,54596061,生全有限公司,臺中市東區建勇街24之2號1樓,500000,1050518
30840,54596148,新井室內裝修設計有限公司,臺中市西屯區安和路121之19之1號,6000000,1050509
30841,54596267,明泰冷氣有限公司,臺中市北區梅豐街93號1樓,200000,1050511
30842,54596421,新牧有限公司,臺中市西區五權七街60號2樓,500000,1050524
30843,54596457,元美科技工程有限公司,臺中市西區平和里中華路一段1-7號14樓之16,500000,1050509
30844,54596668,富喬克投資有限公司,臺中市龍井區竹坑里6鄰茄投路1段1巷6號2樓,20000000,1050526
30845,54596718,樹人文教有限公司,臺中市太平區新城里樹孝路16號4樓,300000,1050506
30846,54596766,暉巨國際科技有限公司,臺中市西屯區西安里西苑路29號9樓之3,2000000,1050521
30847,54596864,德馬拿貿易有限公司,臺中市西區五權西五街131號4樓,100000,1050509
30848,54596920,高佳聯木業有限公司,臺中市西屯區林厝里安林路49-6號1樓,1000000,1050526
30849,54596935,嘉喜生技有限公司,臺中市大雅區三和里龍善街185號,2500000,1050526
30850,54596956,利鋮實業有限公司,臺中市霧峰區四德路72號1樓,5000000,1050517
30851,54597126,金益鋐機械有限公司,臺中市大里區新里里青松街10號2樓,2000000,1050509
30852,54597195,鉅龍科技有限公司,臺中市南區城隍里42鄰信義南街249號3樓,1000000,1050529
30853,54597218,金鴻發金屬有限公司,臺中市大雅區西寶里昌平路四段282北二巷30號,450000,1050516
30854,54597293,聯侑汽車材料有限公司,臺中市梧棲區南簡里長春路165巷46號1樓,250000,1050517
30855,54597316,鼎珺實業有限公司,臺中市豐原區西湳里豐北街248號1樓,1000000,1050529
30856,54597364,允豐收生物科技股份有限公司,臺中市豐原區豐榮里三民路163號2樓,2500000,1050517
30857,54597385,勵富實業有限公司,臺中市梧棲區頂寮里港埠路二段431巷53號1樓,700000,1050502
30858,54597505,華宇電腦資訊有限公司,臺中市大雅區六寶里中清路四段303號1樓,5000000,1050516
30859,54597532,閎勝實業有限公司,臺中市大雅區雅環路一段106巷8之13號1樓,300000,1050509
30860,54597673,板築有限公司,臺中市北屯區建和路一段101號9樓之1,300000,1050528
30861,54598096,叡達貿易有限公司,臺中市北屯區平昌里柳陽東街45號10樓之5,500000,1050505
30862,54598589,全球商通有限公司,臺中市西區民龍里臺灣大道二段307號6樓之1,500000,1050527
30863,54598716,中與興業有限公司,臺中市西屯區何安里四川東街39號2樓,1000000,1050518
30864,54598976,峰翊機械有限公司,臺中市豐原區文昌街95巷26號1樓,1000000,1050510
30865,54599172,慧利國際股份有限公司,臺中市西區公館路267號10樓之1,1000000,1050512
30866,54599291,程得工業有限公司,臺中市大里區大里里爽文路108號1樓,150000,1050513
30867,54599314,豐昕數位有限公司,臺中市潭子區大豐里潭富路二段143號1樓,1500000,1050521
30868,54599481,捷盛通訊有限公司,臺中市西區吉龍里五權五街80號1樓,1500000,1050527
30869,54599567,喜樂通運有限公司,臺中市西屯區何成里大祥街10號2樓,5000000,1050524
30870,54599588,鈺永堂工程有限公司,臺中市北區長青里陝西四街40之2號3樓,3800000,1050521
30871,54599623,啟勝企業有限公司,臺中市神岡區庄前里庄前路60巷30號1樓,800000,1050516
30872,54599671,榮倫有限公司,臺中市大里區瑞城里中興路一段26巷59號,10000000,1050511
30873,54599757,川森室內裝修有限公司,臺中市神岡區岸裡二街38號1樓,100000,1050512
30874,54599784,心成顧問有限公司,臺中市北區淡溝里13鄰臺灣大道二段340號9樓之2,500000,1050526
30875,54599813,建崴開發有限公司,臺中市烏日區仁德里信義街141巷29號1樓,2000000,1050509
30876,54599905,福康瑞生技股份有限公司,臺中市北區頂厝里崇德路一段629號19樓之2,1500000,1050502
30877,54600353,潤富有限公司,臺中市北區金龍里梅亭街78號1樓,1000000,1050502
30878,54600516,立鉌科技有限公司,臺中市豐原區翁明里直興街239號5樓之1,6000000,1050527
30879,54600608,吉將工程有限公司,臺中市北屯區東光里北屯路375號1樓,500000,1050509
30880,54600641,延陵國際有限公司,臺中市大里區大里路433巷1-1號1樓,1000000,1050526
30881,54600678,飾鵬國際貿易有限公司,臺中市豐原區中山里中正路149號1樓,1500000,1050524
30882,54600889,瑞迪輪胎有限公司,臺中市沙鹿區向上路七段32號4樓,4000000,1050513
30883,54601183,鉅木實業有限公司,臺中市西屯區福中里福中十六街5巷32號1樓,3000000,1050511
30884,54601199,呈泰有限公司,臺中市西屯區何成里大墩十八街195號3樓之2,1000000,1050510
30885,54601304,世天資訊有限公司,臺中市西屯區市政路500號12樓之7,200000,1050516
30886,54601368,華茂實業有限公司,臺中市烏日區仁德里信義街247巷73號1樓,2000000,1050516
30887,54601629,傳章廣告有限公司,臺中市烏日區太明路308巷44號1樓,1000000,1050526
30888,54601661,餘富有限公司,臺中市西區昇平里中美街121巷10號5樓,1000000,1050520
30889,54601888,太堉企業有限公司,臺中市南區工學里德富路386號10樓之2,1000000,1050517
30890,54601901,杰煇系統科技有限公司,臺中市北屯區水湳里大連北街2巷68號1樓,1000000,1050505
30891,54602036,隆億投資股份有限公司,臺中市西屯區市政北六路16號27樓之2,620000000,1050524
30892,54602541,華東資產管理有限公司,臺中市北屯區平安里文心路四段692-1號地下一樓,100000,1050512
30894,54602660,彩宸國際股份有限公司,臺中市西區民龍里館前路55號5樓之7,1000000,1050525
30895,54603231,聯傑有限公司,臺中市南屯區三和里黎明路二段302號3樓之7,200000,1050517
30896,54603324,緻衡工程實業有限公司,臺中市大里區祥興里中興路二段822巷8弄26號2樓,1000000,1050509
30897,54603387,高苑建設有限公司,臺中市北區六合里臺灣大道一段640號1樓,10000000,1050511
30898,54603513,福展科技實業有限公司,臺中市清水區民有路285巷9號1樓,10000000,1050503
30899,54603534,柏鴻營造有限公司,臺中市梧棲區仁美街255巷20號1樓,6000000,1050525
30900,54603605,璞居室內裝修有限公司,臺中市北屯區平陽里旅順路一段20號,1000000,1050503
30901,54603648,鈺廣百貨有限公司,臺中市西屯區惠中路二段48號1樓,1000000,1050502
30902,54603703,金順企業有限公司,臺中市烏日區前竹里中山路一段229巷22弄11號2樓,500000,1050519
30903,54603730,薰衣草休閒有限公司,臺中市新社區協成里協中街158之1號,1000000,1050503
30904,54603773,侑銳有限公司,臺中市南屯區田心里大墩六街393-16號1樓,7000000,1050521
30905,54603788,開沅堂生技有限公司,臺中市西屯區何成里大墩十八街195號3樓之2,1000000,1050530
30906,54603936,久湛股份有限公司,臺中市西屯區福恩里工業區一路98巷7弄40號,15000000,1050519
30907,54604029,金大利企業有限公司,臺中市烏日區北里里太明路成豐巷100之2號2樓,1000000,1050526
30908,54604077,承億企業有限公司,臺中市大肚區頂街里大明四街82號1樓,1000000,1050505
30909,54604111,大金展業有限公司,臺中市北區東光路414號1樓,200000,1050512
30910,54604132,法莉普設計有限公司,臺中市龍井區東海里遠東街193巷1號3樓,550000,1050531
30911,54604196,亞聖實業有限公司,臺中市北屯區軍功里松竹五路258號2樓,300000,1050510
30912,54604371,梁山樂客創意音樂有限公司,臺中市北區錦南街36之1號,1000000,1050502
30913,54604528,凱仕特國際有限公司,臺中市西屯區長安路一段124-5號,5000000,1050521
30914,54604647,興富揚建設有限公司,臺中市南屯區三厝里向上路二段328號1樓,3000000,1050518
30915,54604668,彥均庫柏科技有限公司,臺中市西屯區中清路二段1386巷88號1樓,500000,1050509
30916,54604674,聖凱國際開發股份有限公司,臺中市北區忠明路200號12樓,22000000,1050502
30917,54604695,誠鎰開發有限公司,臺中市豐原區南村里水源路599巷8號1樓,1000000,1050521
30918,54604962,豪泰豐廣告有限公司,臺中市東區東南街56號1樓,200000,1050526
30919,54605131,永智興工程有限公司,臺中市大肚區太平路一巷一弄13號1樓,100000,1050509
30920,54605224,淺草風國際有限公司,臺中市南區工學路126巷15號4樓之1,5000000,1050524
30921,54605250,加比豆豆國際有限公司,臺中市西區藍興里建國北路3段35號2樓,3000000,1050519
30922,54605337,萊茂企業有限公司,臺中市潭子區甘蔗里潭興路三段83號1樓,2000000,1050510
30923,54605358,九九開發科技有限公司,臺中市西屯區臺灣大道四段767號6樓之3,5000000,1050525
30924,54605478,福邑工程開發有限公司,臺中市龍井區竹師路一段136巷3號1樓,2000000,1050513
30925,54605619,嘉翔實業有限公司,臺中市西屯區福科路519號10樓之2,6500000,1050509
30926,54605836,于碩科技有限公司,臺中市龍井區龍泉里沙田路五段253巷10弄2號1樓,1000000,1050518
30927,54605940,寬明有限公司,臺中市后里區墩南里三豐路139-23號,3000000,1050516
30928,54605998,燊鑫不動產有限公司,臺中市北區建興里學士路276號1樓,1000000,1050517
30929,54606321,高藝整合行銷有限公司,臺中市西區和龍里臺灣大道二段2號5樓之2,3000000,1050518
30930,54606342,宇銳工程有限公司,臺中市霧峰區本鄉里振興街98巷10號3樓,2000000,1050525
30931,54606531,盛煜開發有限公司,臺中市西區臺灣大道二段218號8樓之2,5000000,1050517
30933,54606743,普將運動股份有限公司,臺中市北區賴明里山西路二段8巷26號1樓,36000000,1050530
30934,54606933,鴻馨工業股份有限公司,臺中市龍井區忠和里海尾路256巷12號,23000000,1050501
30935,54607068,福爾摩沙國際旅館管理顧問有限公司,臺中市北區六合里福龍街99號之1,31800000,1050510
30936,54607243,宏勝眼鏡有限公司,臺中市北屯區昌平路一段296號,200000,1050527
30937,54607551,亦利企業有限公司,臺中市大里區永隆里爽文路1175號2樓,2000000,1050524
30938,54607594,和楙工程有限公司,臺中市南區西川里大忠南街249號1樓,2000000,1050516
30939,54607813,吉城石材有限公司,臺中市北區德化街147號3樓,1000000,1050516
30940,54607834,威華股份有限公司,臺中市東區十甲里二聖街147號1樓,3000000,1050526
30941,54607969,居城市有限公司,臺中市北區六合里篤行路105號1樓,500000,1050526
30942,54607980,幸福久住宅事業有限公司,臺中市北區頂厝里漢口路四段322號2樓,9222600,1050516
30943,54608003,昌豐金屬有限公司,臺中市霧峰區北勢里丁台路632巷59號,10000000,1050505
30944,54608123,富園建設有限公司,臺中市大肚區大東里自由路127號1樓,29600000,1050505
30945,54608171,荷語應用材料有限公司,臺中市東勢區福隆里福昌街27巷35號,500000,1050514
30946,54608469,依柏鋼索企業有限公司,臺中市西屯區港尾里中康街215巷40號1樓,2000000,1050508
30947,54608762,裕鑫興業有限公司,臺中市大里區西湖里西湖路178巷100號,600000,1050527
30948,54608806,幸福家實業有限公司,臺中市西屯區西平里文華路150巷28號1樓,1000000,1050512
30949,54608931,雲寬科技文化有限公司,臺中市潭子區東寶里大豐路一段157巷3號1樓,5000000,1050519
30950,54609072,茗辰有限公司,臺中市大里區東昇里新仁路二段161號1樓,500000,1050514
30961,54636726,品健康股份有限公司,臺中市大里區長榮里德芳南路356號1樓,10000000,1050525
31011,54648504,联業實業有限公司,臺中市西屯區惠來里文心一路98號2樓,8000000,1050503
31100,54670110,八九帝王蟹海鮮有限公司,臺中市西區臺灣大道二段407號1樓、411號1樓,2000000,1050512
31153,54677943,易達通資訊管理顧問有限公司,臺中市北屯區平和里文心路四段141之3號,9000000,1050511
31392,54719789,上順通運有限公司,臺中市南屯區大興里五權五街307號1樓,25000000,1050528
31398,54721413,虹昇興業有限公司,臺中市北區健行里忠明路424地下一層之2號,10000000,1050523
31454,54730503,飛律投資股份有限公司,臺中市大里區祥興里亞洲街147巷4之3號,15000000,1050518
31504,54739173,建盈興業有限公司,臺中市烏日區九德里中華路353號2樓,1000000,1050511
31505,54739217,沁毅國際有限公司,臺中市北區中清路1段108號4樓之1,300000,1050502
31506,54739286,利民貿易有限公司,臺中市南區福順里下橋五巷17號1樓,1000000,1050503
31507,54739429,佳媄生技股份有限公司,臺中市西屯區西屯路二段258-29號2樓,5000000,1050516
31508,54739526,尚詮人力資源管理顧問有限公司,臺中市大甲區中山里甲后路11號1樓,5000000,1050530
31509,54739737,總太綠能有限公司,臺中市大里區內新里日新路237之1號,3000000,1050510
31510,54739981,瑞峰管理顧問股份有限公司,臺中市南屯區三和里惠中路三段10號6樓,2000000,1050508
31511,54740018,品軒餐飲有限公司,臺中市大里區好來二街7號1樓,300000,1050514
31512,54740066,景浤有限公司,臺中市豐原區南村里水源路411號1樓,500000,1050506
31513,54740208,宇傑裝潢有限公司,臺中市北區東光東街79號14樓之14,30000,1050516
31514,54740256,承信數位有限公司,臺中市西屯區逢甲路19巷16號,5000000,1050513
31515,54740262,壯州建設有限公司,臺中市豐原區南嵩里水源路9巷125號,3000000,1050525
31516,54740468,川風堂有限公司,臺中市大里區仁化里仁化路698巷10號1樓,1000000,1050524
31517,54740538,傑勝網路資訊有限公司,臺中市北屯區太原路三段139巷34號7樓,650000,1050502
31518,54740875,世曜菸酒有限公司,臺中市新社區永源里水井街145號1樓,500000,1050506
31519,54741065,牧宇生技有限公司,臺中市大甲區龍泉里渭水路3之2號1樓,3000000,1050530
31520,54741207,建安定國際有限公司,臺中市大雅區德勝路318巷50號1樓,1000000,1050525
31521,54741229,如寓有限公司,臺中市豐原區圓環南路204號6樓,86000000,1050506
31522,54741375,視名創意有限公司,臺中市南區有恆街23-2號1樓,1000000,1050518
31523,54741641,禎宸有限公司,臺中市北屯區松和里松竹路二段385號6樓,500000,1050512
31524,54741656,記得資優文教有限公司,臺中市北屯區崇德六路一段213號1樓,500000,1050524
31525,54741699,鴻呈貿易有限公司,臺中市沙鹿區鹿峰里星河路611之2號1樓,250000,1050518
31526,54741966,尤帕斯環境資源有限公司,臺中市南區德義里復新街82號3樓之2,200000,1050524
31527,54741993,龍將營造有限公司,臺中市北區明德里28鄰太原北路130號3樓之4,3000000,1050520
31528,54742493,台灣普瑞康淨水有限公司,臺中市太平區太平里新仁路1段44巷8弄8-1號,3000000,1050507
31529,54742515,承維投資股份有限公司,臺中市南屯區田心里大墩六街350巷6號2樓之3,25000000,1050503
31530,54742563,渼豐行銷有限公司,臺中市西區大忠南街63號13樓之3,676000,1050517
31531,54742629,海崴旅行社有限公司,臺中市西區公正里東興路三段160號7樓之1,6000000,1050524
31532,54742769,甫豪機械自動化有限公司,臺中市烏日區九德里興祥街191巷21號6樓,1000000,1050518
31533,54743134,連陞興業有限公司,臺中市潭子區大富里大富路三段45巷20號1樓,200000,1050524
31534,54743394,上利精密工業有限公司,臺中市神岡區神洲里神洲路458巷22號,1000000,1050519
31535,54743465,海濤戶外有限公司,臺中市北屯區平德里文昌東四街62號1樓,3000000,1050519
31536,54743556,廣恆工業有限公司,臺中市大里區新里里新興路99巷91號1樓,2000000,1050512
31537,54743818,萬鑫機械有限公司,臺中市北區崇德里太原路3段8號5樓之9,2000000,1050516
31538,54743824,中港貿易有限公司,臺中市龍井區三德里中厝路107巷56號1樓,200000,1050510
31539,54743916,綠想家系統傢俱有限公司,臺中市太平區新高里立智街2號,60000,1050502
31540,54745098,麗容油漆工程有限公司,臺中市沙鹿區竹林里福田北街22之1號1樓,1000000,1050503
31541,54745132,揚億實業有限公司,臺中市石岡區九房里豐勢路九房巷26號,3000000,1050529
31542,54745169,自貿港國際發展有限公司,臺中市龍井區東海里臺灣大道五段246號2樓,4000000,1050505
31543,54745323,立泰精密有限公司,臺中市西屯區協和里工業區三六路36號1樓,1000000,1050513
31544,54745359,雄茂營造有限公司,臺中市西屯區國安一路208巷7號,3000000,1050523
31545,54745415,承功國際股份有限公司,臺中市南屯區文心路一段186號5樓之14,10000000,1050506
31546,54745479,優亞精密機械有限公司,臺中市太平區德隆里光德路25巷39號,5000000,1050518
31547,54745512,澤邑工程有限公司,臺中市北屯區興安路二段461巷25號1F,8000000,1050520
31548,54745604,雲揚智能科技有限公司,臺中市南區江川里仁義街231號14樓之5,1500000,1050505
31549,54745631,悅鑫彩藝有限公司,臺中市南區樹義里福田三街327號2樓,1000000,1050517
31550,54745816,福崎室內裝修有限公司,臺中市南屯區向心里永春東路303號1樓,2000000,1050517
31551,54746012,禾邦國際有限公司,臺中市西區忠誠里忠明路24號1樓,500000,1050517
31552,54746168,錮德科技機械有限公司,臺中市神岡區庄後里厚生路86-5號,500000,1050516
31553,54746337,顓精奇雅有限公司,臺中市大甲區庄美里蔣公路299號2樓,3000000,1050505
31554,54746358,世傳生命禮儀有限公司,臺中市烏日區溪南路一段238巷8弄30號1樓,1000000,1050520
31556,54746527,永強伸有限公司,臺中市南屯區嶺東路855-1號1樓,500000,1050516
31557,54746694,歐尚精品有限公司,臺中市北區山西路二段61號2樓,500000,1050518
31558,54746771,永泰銘版網印有限公司,臺中市南屯區寶山里工業區18路11號,20000000,1050512
31559,54746879,金裕鋼鐵有限公司,臺中市潭子區頭家里得天街18號1樓,5000000,1050531
31560,54746884,威全集成有限公司,臺中市烏日區仁德里麻園東街50巷8號1樓,10000000,1050509
31561,54747027,庫柏室內裝修工程有限公司,臺中市中區臺灣大道一段511巷15號,5000000,1050506
31562,54747032,臻品行銷企劃有限公司,臺中市西區土庫里忠明南路435號1樓,3000000,1050502
31563,54747119,穀神開發有限公司,臺中市豐原區豐圳里中山路571巷11號1樓,5200000,1050522
31565,54747286,弘浩貿易有限公司,臺中市烏日區福泰街79號1樓,1000000,1050513
31566,54747321,賓士美建設有限公司,臺中市梧棲區中和里文化路二段181號1樓,5000000,1050525
31567,54747455,長益工業有限公司,臺中市神岡區庄前里神林路12巷2號1樓,1200000,1050523
31568,54747785,三合健康事業股份有限公司,臺中市南屯區大正街6號4樓之1,10000000,1050505
31569,54747791,易晉建設有限公司,臺中市北區明德里28鄰太原四街17巷3號1樓,10000000,1050503
31570,54747856,永淇生活開發有限公司,臺中市西屯區協和里工業區三十一路1-8號1樓,20000000,1050505
31571,54747928,琺洛米國際有限公司,臺中市北屯區中清路二段523號,300000,1050501
31572,54748166,美如有限公司,臺中市南屯區田心里五權西路二段535-1號1樓,300000,1050526
31573,54748237,柏溢工程有限公司,臺中市南區工學里文心南路888號15樓之11,1000000,1050504
31574,54748308,森手木工有限公司,臺中市大里區永隆里國光路二段557號1樓,2000000,1050531
31575,54748320,東邑開發建設有限公司,臺中市豐原區南村里豐原大道五段100號1樓,5000000,1050530
31576,54748362,善水實業股份有限公司,臺中市南區仁德街23號1樓,1000000,1050504
31577,54748383,建銘玻璃有限公司,臺中市大里區國光里文隆街4號1樓,500000,1050526
31578,54748525,采家事業有限公司,臺中市霧峰區僑榮路47號1樓,1000000,1050513
31579,54748638,天能貿易有限公司,臺中市南屯區寶山里工業區23路43號,2000000,1050519
31580,54748659,元宏精密有限公司,臺中市豐原區頂街里中正路75巷14號5樓之3,500000,1050524
31581,54748932,捷鍶國際有限公司,臺中市南區樹義里樹義一街2號1樓,1000000,1050517
31582,54749101,鈺宸機械有限公司,臺中市豐原區豐田里豐原大道三段239巷69號1樓,500000,1050519
31583,54749382,耕欣國際企業有限公司,臺中市西屯區逢甲里逢甲路19巷10號4樓之8,500000,1050506
31584,54749453,全宇勝有限公司,臺中市霧峰區仁德巷12弄5號1樓,1000000,1050521
31585,54749539,鐠爾德客科技有限公司,臺中市南屯區永定里南屯路2段912號1樓,1000000,1050529
31586,54749550,明元投資有限公司,臺中市北屯區松竹里崇德七路188號4樓,1000000,1050529
31587,54749658,宏泰有限公司,臺中市神岡區豐洲里豐原大道七段617巷7號1樓,1000000,1050518
31588,54749708,恩臨國際有限公司,臺中市南區正義街33號5樓之5,2000000,1050530
31589,54749783,億財不動產股份有限公司,臺中市南屯區新生里益豐路四段339號,18000000,1050504
31590,54749806,銓威建設股份有限公司,臺中市西區臺灣大道二段501號16樓之2,29000000,1050526
31591,54749881,吉欣興業有限公司,臺中市北區健行里忠明路416號1樓,1000000,1050509
31592,54750205,四甲二有限公司,臺中市清水區北寧里新興路425號一樓,500000,1050520
31593,54750211,優鑫企業有限公司,臺中市大雅區上楓里民族街147北三巷46號1樓,300000,1050523
31594,54750319,汎元科技有限公司,臺中市沙鹿區光榮街90巷11號,2000000,1050508
31595,54750325,富康工業股份有限公司,臺中市大里區新仁里新仁四街18號,10000000,1050530
31596,54750401,欣鉅有限公司,臺中市豐原區北陽里南陽路國民新村157號1樓,500000,1050502
31597,54750508,超順機電有限公司,臺中市大里區新里里永隆路9號1樓,6000000,1050527
31598,54750710,峰業工程有限公司,臺中市北屯區水湳里中清西一街2-3號1樓,1680000,1050519
31599,54750768,麒暉企業股份有限公司,臺中市后里區后里里泉州路35號2樓,20000000,1050510
31600,54750887,詠禾檢驗有限公司,臺中市清水區清水里光華路43巷7號,4000000,1050509
31601,54750937,弗朗西維國際有限公司,臺中市北區頂厝里崇德路一段629號19樓之2,30000,1050505
31602,54750964,漢江物產有限公司,臺中市沙鹿區竹林里中山路139之4號1樓,250000,1050517
31603,54751008,信坤工程有限公司,臺中市清水區清水里中山路27巷12號1樓,1000000,1050521
31604,54751204,佳旺工業有限公司,臺中市神岡區三角里三社路282號,2000000,1050514
31605,54751437,凱竤鞋業國際有限公司,臺中市潭子區潭陽里光陽路112號3樓,2000000,1050510
31606,54751746,得力廣告有限公司,臺中市北區北屯路49號8樓之13,200000,1050506
31607,54751801,吉臨展業有限公司,臺中市梧棲區港埠路一段501號1樓,3000000,1050527
31608,54752082,政喬實業有限公司,臺中市大里區金城里中興路一段382巷73號1樓,1200000,1050519
31609,54752098,蕉朋友有限公司,臺中市大甲區文武里仁愛街217號1樓,500000,1050516
31610,54752169,展綸工程有限公司,臺中市北屯區松茂里松竹路二段107巷66之6號4樓,100000,1050530
31611,54752246,南部制作設計有限公司,臺中市北屯區軍功里軍榮街8號1樓,550000,1050504
31612,54752490,神安生技有限公司,臺中市東區旱溪街396號4樓,5000000,1050530
31613,54752956,代達有限公司,臺中市西屯區西屯路三段150之30巷8號地下一樓,500000,1050518
31614,54753012,崧永建設有限公司,臺中市西區公正里東興路三段160號11樓之3,25000000,1050523
31615,54753060,晴康國際興業有限公司,臺中市西屯區上安里臺灣大道三段540號5樓之2,17000000,1050511
31616,54753218,全暉企業有限公司,臺中市后里區墩北里富春路154-1號,2000000,1050504
31617,54753385,東億宣傳廣告有限公司,臺中市太平區新高里立功路71號1樓,2000000,1050517
31618,54753420,優潁生技有限公司,臺中市北屯區文心路四段671號2樓,200000,1050519
31619,54753505,麗晶文具有限公司,臺中市大里區塗城路827、829號,6000000,1050519
31620,54754032,鼎興生醫國際有限公司,臺中市南屯區溝墘里文心路一段556號6樓,6000000,1050502
31621,54754103,信福創藝有限公司,臺中市南屯區楓樹里永春東三路88號1樓,1000000,1050523
31622,54754151,築欣鷹架有限公司,臺中市沙鹿區北勢里北勢東路翠華巷50弄2之1號1樓,5000000,1050518
31623,54754173,柯二戶外用品有限公司,臺中市北屯區崇德七路135號8樓,1000000,1050517
31624,54754526,華茂國際興業有限公司,臺中市北區進化北路234巷13號1樓,2000000,1050509
31625,54754835,裕東國際投資有限公司,臺中市西屯區文心路一段378號12樓之4,50000000,1050528
31626,54754976,聖佳管理顧問有限公司,臺中市東區東英里十甲東路740號2樓,1000000,1050503
31627,54755010,坤泰工業有限公司,臺中市沙鹿區南昌路42巷1號1樓,1000000,1050509
31628,54755068,迪廸佳國際有限公司,臺中市北區錦祥里進化路575號7樓之6,1000000,1050503
31629,54755172,城捷企業有限公司,臺中市大雅區上雅里神林南路28號3樓,1000000,1050530
31630,54755285,樂珈烙有限公司,臺中市南屯區大墩十二街311號13樓之3,300000,1050528
31631,54755341,漫步生活股份有限公司,臺中市太平區宜欣里宜欣二街34號1樓,1000000,1050513
31632,54755742,紫通管理顧問有限公司,臺中市南區忠孝路147巷7號1樓,500000,1050523
31633,54755834,中區競技疊杯運動有限公司,臺中市太平區新興2街102號1樓,2000000,1050526
31634,54756123,同春識禾有限公司,臺中市南屯區黎明路一段1086巷51號1樓,1000000,1050519
31635,54756159,鑫鴻元精密工業有限公司,臺中市潭子區栗林里中山路三段202巷31號1樓,3000000,1050512
31636,54756171,迦那科技有限公司,臺中市潭子區頭家里頭家路192巷17號5樓,2000000,1050523
31637,54756313,三姨素食餐飲有限公司,臺中市南區福平里美村路二段51號,3000000,1050520
31638,54756355,昱維企業有限公司,臺中市北屯區和平里環中東路二段197號1樓,5000000,1050529
31639,54756398,晙珈工業有限公司,臺中市神岡區豐洲里大洲路123巷111號,5000000,1050516
31640,54756714,招財謝海產有限公司,臺中市西屯區協和里安和路38-13號,1000000,1050517
31641,54756799,科冠有限公司,臺中市南屯區中和里黎明路一段37巷78號1樓,1000000,1050525
31642,54756989,永正科技有限公司,臺中市潭子區東寶里大富路一段30之1號,10500000,1050511
31643,54757039,燁霏有限公司,臺中市南屯區大興里永春東路246號1樓,2500000,1050530
31644,54757256,裕隆有限公司,臺中市神岡區北庄里神岡東街11號1樓,2000000,1050523
31645,54757299,木禾子整合管理顧問有限公司,臺中市西屯區潮洋里市政路650號1樓,1000000,1050526
31646,54757349,旭耘有限公司,臺中市沙鹿區福興里福幼街157巷11號2樓,1000000,1050523
31647,54757431,鋐岳有限公司,臺中市西屯區福林里福科路562號1樓,500000,1050506
31648,54757523,睿和機電工程有限公司,臺中市大雅區神林南路197巷6號1樓,500000,1050524
31649,54757571,鼎寶全球股份有限公司,臺中市西屯區何成里大隆路167號2樓,2000000,1050523
31650,54757609,京洛矽科機械有限公司,臺中市太平區太平二十三街6號,10000000,1050529
31651,54757621,昌鉦科技有限公司,臺中市梧棲區草湳里永興路二段336巷97號,6000000,1050503
31652,54757690,良盛土木工程有限公司,臺中市太平區宜佳里溪洲西路17號1樓,2000000,1050514
31653,54757740,同益國際有限公司,臺中市豐原區三村里豐原大道一段641號1樓,2000000,1050521
31654,54757925,虹文貿易有限公司,臺中市西區民龍里臺灣大道二段285號9樓之3,2000000,1050524
31655,54758092,上誠數位有限公司,臺中市豐原區豐田里豐田路95號,1000000,1050522
31656,54758121,碩陽紙業有限公司,臺中市大雅區中清路五段79巷31號1樓,2500000,1050510
31657,54758142,聯基開發有限公司,臺中市北屯區正道街62號1樓,2000000,1050506
31658,54758332,上揚汽車有限公司,臺中市北屯區三光里北屯路200之2號4樓,2000000,1050511
31659,54758348,華春有限公司,臺中市南屯區大同里大墩路262號2樓,500000,1050525
31660,54758591,進益花燈有限公司,臺中市北屯區軍功里軍福十八路215號1樓,5000000,1050531
31661,54758620,領宣光電有限公司,臺中市西屯區上石里上石路201號2樓,500000,1050523
31662,54758760,吉康船務代理股份有限公司,臺中市梧棲區頂寮里四維西路110號9樓之3,9000000,1050508
31663,54758874,德春製油有限公司,臺中市大里區長榮里大里路59之8號1樓,1000000,1050531
31664,54758966,笙菖實業有限公司,臺中市潭子區潭陽里甘水路一段62號2樓,4500000,1050516
31665,54759043,均尚企業有限公司,臺中市南屯區永定里永定巷3號,1000000,1050512
31667,54759352,樺潤國際貿易有限公司,臺中市大里區大里路472號1樓,500000,1050513
31668,54759424,欣發起重有限公司,臺中市大肚區王田里沙田路一段22巷7號,200000,1050525
31669,54759515,瑞祥工業有限公司,臺中市太平區宜欣里富平路13巷10號1樓,2000000,1050513
31670,54760148,數藝通科技有限公司,臺中市西區民生路135號20樓之9,1000000,1050526
31671,54760169,真茂投資有限公司,臺中市東區東橋里大智路499號3樓,18000000,1050503
31672,54760301,鋒頌工程有限公司,臺中市南屯區大興里南屯路二段25號1樓,5000000,1050519
31673,54760359,佳宏工程顧問有限公司,臺中市豐原區忠孝街79巷9號1樓,600000,1050507
31674,54760512,誠祥工程有限公司,臺中市豐原區東北街25巷6號3樓之3,1000000,1050501
31675,54760610,長佑實業有限公司,臺中市梧棲區南簡里中央路二段426巷11號1樓,6000000,1050506
31676,54760695,展頂開發有限公司,臺中市沙鹿區晉江里東晉路26號1樓,1000000,1050506
31677,54760745,原沐室內裝修設計有限公司,臺中市北屯區三光里太原路三段345巷8號8樓之1,1000000,1050523
31678,54760870,恆沅建設有限公司,臺中市西屯區何南里大墩二十街116號2樓之2,3000000,1050526
31679,54760891,寶捷有限公司,臺中市西屯區市政北六路16號27樓之2,47900000,1050513
31680,54760956,上雍室內裝修有限公司,臺中市西屯區合江街25號1樓,500000,1050519
31681,54761131,概念設計有限公司,臺中市南屯區文心南路288號4樓之3,500000,1050518
31682,54761287,一起趣玩行銷有限公司,臺中市太平區新興里新興路8號14樓之1,1000000,1050519
31683,54761358,集翔小客車租賃有限公司,臺中市大甲區經國路1001號1樓,5000000,1050529
31684,54761420,禾璞建設有限公司,臺中市豐原區中陽里愛國街243號1樓,10000000,1050511
31685,54761575,葳蓮有限公司,臺中市潭子區東寶里大豐路二段114-2號1樓,300000,1050510
31686,54761857,天盛勞安有限公司,臺中市潭子區榮興街83巷29號4樓,3000000,1050530
31687,54762194,偉証精密有限公司,臺中市大里區內新里東榮路一段126號8樓之1,3000000,1050520
31688,54762201,居福菸酒有限公司,臺中市神岡區北庄里中山路1198號1樓,300000,1050506
31689,54762223,炬眾廣告工程有限公司,臺中市沙鹿區居仁里臺灣大道七段876號1樓,5000000,1050522
31690,54762265,台灣溪寶之家有限公司,臺中市西屯區文心路二段566之1號3樓之1,1000000,1050521
31691,54762286,宏源儀器有限公司,臺中市潭子區頭家東里大成街3巷9號1樓,3000000,1050505
31692,54762429,遠見人力資源有限公司,臺中市西屯區市政北二路236號12樓之5,5000000,1050509
31693,54762589,巴司特有限公司,臺中市大雅區上雅里12鄰雅環路二段171巷3號1樓,2000000,1050511
31694,54762666,宏亞旅行社有限公司,臺中市西屯區何南里精誠路14號6樓之7,6000000,1050503
31695,54762737,安園工程有限公司,臺中市太平區宜欣二路130巷2號1樓,2200000,1050520
31697,54762878,豊億機械有限公司,臺中市東勢區埤頭里石城街石山巷68之1號,1000000,1050511
31698,54762899,民豐開發建設股份有限公司,臺中市大甲區頂店里錦上街13巷1號,20000000,1050508
31699,54762912,巨鋠水電工程有限公司,臺中市大雅區文雅里中和五路78號1樓,3000000,1050528
31700,54762960,昱承冷氣科技有限公司,臺中市南屯區河南路四段486之3號4樓,1000000,1050506
31701,54763481,聯友實業有限公司,臺中市西屯區福恩里工業區一路32號4樓,5000000,1050524
31702,54763525,茹寶有限公司,臺中市潭子區興華一路241巷18弄10號1樓,300000,1050516
31703,54763671,連堂有限公司,臺中市南屯區同心里文心路一段132號,3000000,1050511
31704,54763742,晁德益企業有限公司,臺中市大雅區二和里學府路大智巷28號1樓,5000000,1050530
31705,54763790,科諾柏實業有限公司,臺中市大肚區頂街里大德三街18號1樓,1000000,1050524
31706,54763840,台北江有限公司,臺中市西屯區逢甲路78號2樓,500000,1050520
31707,54763953,里山環境整合有限公司,臺中市西屯區河南路二段262號5樓之2,1000000,1050530
31708,54764025,秀堂有限公司,臺中市西區民龍里台灣大道二段315號,3000000,1050514
31709,54764242,崑庭有限公司,臺中市太平區富宜路69號,5000000,1050517
31710,54764382,嵩洋有限公司,臺中市南屯區大業里大墩十四街192-1號2樓,500000,1050521
31711,54764741,羅賓斯國際事業股份有限公司,臺中市南屯區大興里文心南三路208號,27500000,1050513
31712,54764762,搢燿實業有限公司,臺中市南屯區河南路四段481號1樓,1500000,1050524
31713,54765208,鴻貿自動化科技有限公司,臺中市龍井區三德里中央路二段195號1樓,4000000,1050525
31714,54765278,居雅馨工程興業有限公司,臺中市大里區新仁里公教街171號1樓,1000000,1050521
31715,54765349,世隆有限公司,臺中市北屯區平田里遼陽北二街88號1樓,5000000,1050509
31716,54765452,金宏泰五金有限公司,臺中市南屯區文山里文山五街83號1樓,3000000,1050518
31717,54765495,力貫科技有限公司,臺中市清水區漁港路231巷20號,2000000,1050503
31718,54765501,捷迅機械工業有限公司,臺中市清水區東山里神清路9之29號,11000000,1050521
31719,54765684,巨瀚精密工業有限公司,臺中市神岡區岸裡里大豐路5段295巷56弄20號,3000000,1050519
31720,54765707,大川室內裝修設計有限公司,臺中市西區美村路一段620巷8號1樓,20000,1050512
31721,54765740,熙金國際有限公司,臺中市梧棲區興農里興國路60巷7號1樓,2000000,1050511
31722,54765853,信村國際貿易有限公司,臺中市大里區大里里爽文路98號1樓,500000,1050516
31723,54766017,台灣史密斯工業股份有限公司,臺中市中區公園里中山路146號,90300000,1050501
31724,54766229,希摩有限公司,臺中市北屯區平和里文心路四段141之3號,1000000,1050508
31725,54766255,百宸機電有限公司,臺中市潭子區栗林里祥和路172巷6號1樓,2000000,1050503
31726,54766311,崧元生技有限公司,臺中市北屯區后庄七街175號1樓,1000000,1050502
31727,54766419,鎵達科技有限公司,臺中市神岡區庄前里庄前路76之5號,5000000,1050530
31728,54766522,千世倫國際開發有限公司,臺中市沙鹿區三鹿里保安路22號,500000,1050520
31729,54766641,欣協誼有限公司,臺中市西區公舘里柳川東路二段5號1樓,150000,1050517
31730,54766662,成侑開發有限公司,臺中市大里區德芳路二段155之3號1樓,1000000,1050504
31732,54766699,駿閎環境科技有限公司,臺中市西屯區何明里大有二街4號1樓,500000,1050504
31733,54766804,馥豐不動產有限公司,臺中市南屯區河南路四段698之2號,1000000,1050511
31734,54766868,凱通科技有限公司,臺中市大甲區日南里青一路1巷16號,2800000,1050520
31736,54767064,曄昕科技有限公司,臺中市西屯區工業區一路70號12樓,16000000,1050518
31737,54767108,尚德輝有限公司,臺中市南區平和里美和街116號5樓之1,300000,1050513
31738,54767233,大鎮企業有限公司,臺中市大甲區順天里順天路187號1樓,5000000,1050503
31739,54767249,仁洲有限公司,臺中市后里區中和里犁份路9之12號1樓,400000,1050525
31740,54767260,恆康國際股份有限公司,臺中市北區中清路一段89號3樓,3000000,1050511
31741,54767395,新中車料有限公司,臺中市北屯區平田里大連路三段92號,1000000,1050526
31742,54767509,迅鋒發精密有限公司,臺中市神岡區大社里大裡街135號4樓,1680000,1050513
31743,54767682,吉億實業有限公司,臺中市太平區永平里大勇街15號1樓,1000000,1050527
31744,54767780,芮瑪室內設計有限公司,臺中市南屯區豐富路160巷1號1樓,3000000,1050513
31745,54767986,元豪科技有限公司,臺中市豐原區南嵩里北陽路339巷12號1樓,450000,1050530
31746,54768084,寶華藝術有限公司,臺中市西屯區何厝街39之1號,1000000,1050518
31747,54768211,上峰創意設計印刷有限公司,臺中市南屯區楓樹里黎明路一段32巷6號,10000000,1050513
31748,54768232,鑫鑽精密工業有限公司,臺中市豐原區社皮路293巷130之1號1樓,100000,1050523
31749,54768275,琪美實業有限公司,臺中市北屯區后庄七街146巷16號2樓,1000000,1050516
31750,54768417,康捷物業有限公司,臺中市太平區新福里中山路四段133巷13號10樓,300000,1050519
31751,54768465,祥勝工程有限公司,臺中市北屯區軍功里軍榮二街42號2樓,2000000,1050525
31752,54768774,尚毅塑膠有限公司,臺中市太平區建興里鵬儀路461巷17號1樓,500000,1050519
31753,54768795,開心量真菌生技國際有限公司,臺中市南屯區三厝里惠中路三段54號1樓,10000000,1050504
32287,54876041,寶傑電商股份有限公司,臺中市大里區甲園街149巷11號,7000000,1050517
32303,54881353,振昇科技有限公司,臺中市大雅區秀山里秀山三路49號1樓,500000,1050517
32304,54881564,全球看傳媒有限公司,臺中市西區臺灣大道二段16號8樓,5000000,1050503
32305,54881635,浲和城有限公司,臺中市大里區新仁里立仁路247巷30號1樓,215000,1050513
32306,54881749,京冠創意設計有限公司,臺中市南屯區楓樹里楓樹二街60號1樓,1000000,1050502
32307,54881797,誌恩實業有限公司,臺中市北區健行里健行路926號,1000000,1050502
32308,54881852,睿家企業有限公司,臺中市豐原區南陽里南陽新村252號1樓,1000000,1050529
32309,54881972,日東國際科技有限公司,臺中市沙鹿區三鹿里自強路365號2樓,3000000,1050518
32310,54881987,望太科技有限公司,臺中市潭子區栗林里中山路三段527號1樓,500000,1050525
32311,54882022,鼎躍有限公司,臺中市北區金華里興進路169號6樓之2,1000000,1050517
32312,54882085,布拉格餐飲有限公司,臺中市北屯區平和里梅川東路四段99號一樓,500000,1050529
32313,54882162,宜華光電科技有限公司,臺中市豐原區社皮里成功路350號,2000000,1050512
32315,54882347,遠名科技有限公司,臺中市大里區大里二街180巷1號1樓,1000000,1050529
32316,54882424,正直事業有限公司,臺中市北區錦祥里育樂街1之19號1樓,600000,1050505
32317,54882466,萣祥國際旅行社有限公司,臺中市大甲區奉化里經國路995號1樓,7000000,1050522
32318,54882515,協銳工程有限公司,臺中市龍井區新庄里新庄街二段76號1樓,30000,1050520
32319,54882705,台灣寶茗電子有限公司,臺中市豐原區西湳里葫蘆墩一街208號2樓,500000,1050523
32320,54882748,彩家科技有限公司,臺中市西屯區龍潭里環中路三段770巷2之1號1樓,500000,1050509
32321,54882851,三番田有限公司,臺中市西屯區上安里河南路二段470號12樓之1,200000,1050524
32323,54883275,晉翊紡織企業有限公司,臺中市大里區新里里永隆二街189號2樓,2000000,1050519
32324,54883280,億尚有限公司,臺中市西屯區廣福里西林巷30之109號,300000,1050520
32325,54883373,喬熙實業有限公司,臺中市大里區西湖里草湖路457號1樓,500000,1050516
32326,54883394,中海科技有限公司,臺中市北區文心路四段182號地下第1層2,50000,1050504
32327,54883438,慧弋有限公司,臺中市東區力行路82巷2之3號,1500000,1050524
32328,54883520,敏菁實業有限公司,臺中市大里區金城里塗城路673巷13弄9號1樓,500000,1050516
32329,54883704,和與科技有限公司,臺中市太平區旱溪西路二段212巷43號1樓,100000,1050509
32330,54883752,東榮食品工業有限公司,臺中市大里區仁德里仁化路701巷22號1樓,500000,1050524
32331,54883774,謙悅豐茶文化國際有限公司,臺中市北屯區崇德九路582號1樓,1000000,1050528
32332,54883839,鴻松國際有限公司,臺中市神岡區北庄里溝心路33之1號,750000,1050502
32333,54883850,永雋貿易有限公司,臺中市潭子區潭陽里潭興路二段297巷30號6樓,500000,1050510
32334,54884020,品昇工業社有限公司,臺中市南屯區文山里文山東巷12弄28-1號,1200000,1050519
32335,54884106,詠騰實業有限公司,臺中市南區工學路59巷1號5樓之1,1000000,1050523
32336,54884204,新井廚具有限公司,臺中市西屯區永安里安林路4-15號,3000000,1050520
32337,54884534,鴻晟企業有限公司,臺中市豐原區南陽路59巷55號1樓,6000000,1050527
32338,54884648,巨光科技資訊有限公司,臺中市南區新榮里學府路135巷5號15樓之2,1000000,1050517
32339,54884859,光泰機電工程有限公司,臺中市西屯區長安路二段159號5樓之1,500000,1050529
32340,54884892,曜成實業有限公司,臺中市北區立人里陝西東五街21-4號,300000,1050521
32341,54885007,金星國際管理顧問企業有限公司,臺中市北屯區崇德六路17號1樓,250000,1050516
32342,54885040,翊誠實業有限公司,臺中市大里區西湖里草湖路457號2樓,500000,1050511
32344,54885082,立豐輕電機有限公司,臺中市豐原區鎌村里鎌村一街5巷6號1樓,1000000,1050519
32345,54885098,佑宜曜企業有限公司,臺中市南區東興路一段115號1樓,600000,1050510
32346,54885273,好成實業有限公司,臺中市豐原區社皮里大社街46號1樓,3000000,1050509
32347,54885674,夯寶整合行銷有限公司,臺中市神岡區神岡里神圳路37之2號1樓,1150000,1050524
32348,54885702,協一科技有限公司,臺中市神岡區北庄里溝心路33之7號,500000,1050509
32349,54885908,協宸國際股份有限公司,臺中市北屯區平心里崇德路二段168號8樓之6,1000000,1050524
32350,54885956,汎德精密工業有限公司,臺中市西區昇平里中興街12號7樓,1000000,1050512
32351,54886028,瑞新儀器有限公司,臺中市梧棲區草湳里建國北街217巷67號1樓,300000,1050524
32352,54886174,九蛙有限公司,臺中市清水區南社里中華路81號2樓,1000000,1050520
32353,54886322,大雅商事有限公司,臺中市北屯區文心路四段955號18樓之3,100000,1050518
32354,54886483,新耘有限公司,臺中市北區金華里興進路177號16樓之2,1000000,1050505
32355,54886499,吉田休閒產業有限公司,臺中市北屯區松竹里崇德六路一段209號1樓,600000,1050506
32356,54886527,環通商貿有限公司,臺中市南屯區田心里大墩四街321號地下1層,600000,1050527
32357,54886625,勤和建設開發興業有限公司,臺中市大里區國中路66號1樓,1000000,1050507
32358,54886646,盛鈺科技材料有限公司,臺中市大里區長榮里大里路35之5之4號,20000000,1050506
32359,54886667,富壹國際貿易有限公司,臺中市太平區東平里中和街342巷19弄15號1樓,300000,1050530
32360,54886701,楷森企業有限公司,臺中市梧棲區中正里居仁街95號1樓,500000,1050525
32361,54886738,天靜有限公司,臺中市西屯區協和里工業區五路6-1號2樓,3000000,1050525
32362,54886759,培煜興業有限公司,臺中市大里區東湖里長春路35號2樓,500000,1050506
32363,54887069,好鄰居開發有限公司,臺中市北區頂厝里太原路二段255號1樓,1000000,1050529
32364,54887292,杏農生物科技有限公司,臺中市西區民龍里英才路443號2樓,1000000,1050505
32365,54887552,炘駿生技企業有限公司,臺中市豐原區東湳里三豐路694巷17號1樓,1000000,1050511
32366,54887862,大岳營造有限公司,臺中市西區華美街28號1樓,3000000,1050509
32367,54887976,奇品皮革有限公司,臺中市南屯區三和里公益路二段615號6樓之13,1000000,1050502
32368,54888102,鋐緯有限公司,臺中市霧峰區峯谷路155之4號1樓,500000,1050525
32369,54888145,馥群不動產開發有限公司,臺中市西屯區西墩里黎明路三段162號1樓,1000000,1050505
32370,54888193,佳億技研有限公司,臺中市潭子區嘉仁里光陽路207號3樓,1000000,1050522
32371,54888362,鑄居室內裝修有限公司,臺中市霧峰區六股里中正路450號3樓,500000,1050525
32372,54888399,元啟高空有限公司,臺中市大肚區福山里沙田路一段388巷7號1樓,500000,1050510
32373,54888503,真實國際有限公司,臺中市西區昇平里中興街47號1樓,10000000,1050512
32374,54888525,云嘉不動產經紀有限公司,臺中市西屯區上德里上石路138號1樓,1000000,1050513
32375,54888551,普昇有限公司,臺中市神岡區中山路238巷10之13號,1000000,1050525
32376,54888617,康廸薾戶外股份有限公司,臺中市大雅區秀山里秀山路381巷16號2樓,3000000,1050523
32378,54888840,堂佑有限公司,臺中市外埔區大同里甲后路200巷37弄10號1樓,500000,1050524
32379,54889073,睿騰興業有限公司,臺中市太平區建國里建興路158號,800000,1050506
32380,54889502,吉運欣業有限公司,臺中市石岡區萬安里石城街58之2號1樓,500000,1050521
32381,54889539,黃唯青商業有限公司,臺中市南屯區南屯里永春東路1000之8號13樓,500000,1050519
32382,54889714,稷富食品有限公司,臺中市西屯區逢福里河南路二段282號1樓,1000000,1050511
32383,54889720,英俊國際貿易有限公司,臺中市南區樹義里大慶街一段246之3號五樓,1000000,1050526
32384,54889735,財發自動控制有限公司,臺中市西屯區中清路二段1386巷52號1樓,1000000,1050506
32385,54889762,東佳金屬有限公司,臺中市南區積善里永和街206巷25號1樓,4000000,1050503
32386,54889812,元璟興業股份有限公司,臺中市西屯區何明里忠義街73號9樓之3,5500000,1050528
32387,54889833,浩統工業有限公司,臺中市潭子區甘蔗里甘水路二段288號1樓,2500000,1050523
32388,54890016,立臨石材有限公司,臺中市西屯區福聯里福聯街26號9樓之3,2000000,1050518
32389,54890178,展昕工業有限公司,臺中市大雅區二和里神林南路302之1號1樓,1100000,1050502
32390,54890233,聯洋建材股份有限公司,臺中市西屯區福雅路621號,28000000,1050530
32391,54890402,竑昇股份有限公司,臺中市烏日區溪埧里溪福路101巷161弄16號1樓,2000000,1050527
32392,54890450,森光設計有限公司,臺中市西區五權八街113號,1000000,1050506
32393,54890748,聯眾工程有限公司,臺中市南區樹德里復興北路511號地下室2樓,200000,1050509
32394,54890775,泳昌車業有限公司,臺中市北屯區新平里中清路二段415巷20號2樓,200000,1050510
32395,54890938,德昌手工藝品有限公司,臺中市中區大墩里三民路二段74巷1號6樓之1,500000,1050502
32396,54891015,好禾實業股份有限公司,臺中市太平區大智街35號1樓,2500000,1050512
32397,54891079,昱泰照明有限公司,臺中市潭子區雅豐街160巷12號1樓,3000000,1050529
32398,54891090,翊成貿易有限公司,臺中市南區國光路218號4樓之1,200000,1050509
32399,54891107,新景建設開發有限公司,臺中市西屯區安和路121之19號,10000000,1050508
32400,54891134,天心居服企業有限公司,臺中市大里區立仁里新仁路一段217巷70號,1000000,1050516
32401,54891155,豪水飲水設備有限公司,臺中市東勢區泰昌里中泰街50巷2號1樓,100000,1050511
32402,54891161,昌冠科技有限公司,臺中市西屯區何明里大弘街99號6樓,1000000,1050510
32403,54891248,英氏國際有限公司,臺中市大里區中新里新義路215之2號,3000000,1050507
32404,54891280,阿斯克保溫工程有限公司,臺中市沙鹿區埔子里正英路376巷5號1樓,200000,1050505
32405,54891296,康森股份有限公司,臺中市南屯區同心里大墩六街239號4樓之1,2500000,1050513
32406,54891330,手作館文創國際有限公司,臺中市大雅區員林里神林路一段170巷19之1號,1000000,1050502
32407,54891423,橙林興業有限公司,臺中市西屯區何仁里長安路一段46巷22號,800000,1050513
32408,54891438,節能王儲熱儲冷容器設備有限公司,臺中市南屯區寶山里五權西路三段1之3號1樓,3000000,1050522
32409,54891583,唯家企業有限公司,臺中市北區大義街14之3號,501000,1050518
32410,54891681,英特利傑文教有限公司,臺中市西屯區河南路三段131號7樓之13,300000,1050509
32411,54891795,致用有限公司,臺中市西區精誠三街23號1樓,500000,1050516
32412,54891887,元三紙器有限公司,臺中市太平區太平里永平路三段132巷93號1樓,1000000,1050511
32413,54892014,佳仕奇有限公司,臺中市南屯區豐樂里文心南三路996巷2號1樓,500000,1050530
32414,54892083,採圓有限公司,臺中市霧峰區中正路144巷14號1樓,300000,1050520
32415,54892128,湛銓營造工程有限公司,臺中市南區福順里平順街208號1樓,5000000,1050503
32416,54892149,瑞邦機電工程有限公司,臺中市北屯區水景里松竹五路79號1樓,10000000,1050530
32417,54892252,奇創數位科技股份有限公司,臺中市北屯區平和里山西路二段222號5樓,2000000,1050523
32418,54892318,蔓庭食品有限公司,臺中市北屯區平興里遼寧路一段65號1樓,250000,1050522
32419,54892416,倢弘興業有限公司,臺中市清水區楊厝里楊厝一街65巷36號1樓,500000,1050507
32420,54892437,亞新承精密有限公司,臺中市神岡區豐洲里東洲路105巷32號1樓,500000,1050510
32421,54892675,德鑄機械有限公司,臺中市西屯區福雅路227號1樓,2000000,1050512
32422,54892703,嘉茂工程有限公司,臺中市烏日區九德里中華路551號6樓,100000,1050518
32423,54893127,食在健康有限公司,臺中市南屯區永春東路238號3樓,1000000,1050510
32424,54893317,里柚傢俱有限公司,臺中市西屯區文心路三段213號1樓,100000,1050516
32425,54893392,梧桐澍工程有限公司,臺中市龍井區新庄里中沙路3巷2號1樓,1000000,1050520
32428,54894300,寶所有限公司,臺中市南屯區文心路一段186號17樓之10,8000000,1050524
32429,54894343,慧日有限公司,臺中市北區賴厝里梅川西路三段66號6樓,7000000,1050523
32430,54894836,晨易有限公司,臺中市西區館前路26號7樓之5,28000000,1050516
32432,54896068,向上生技有限公司,臺中市西屯區文心路二段201號20樓之6,1000000,1050516
32435,54897783,木冓設計有限公司,臺中市大里區東湖里中湖路150巷13號7樓,250000,1050522
32436,54897947,聯宇環能社會企業有限公司,臺中市西屯區潮洋里朝貴一街68號1樓,3200000,1050530
32437,54897989,宜華科技有限公司,臺中市梧棲區永安里中央路一段97之19號,3600000,1050523
32439,54898158,銘祥電子科技有限公司,臺中市西屯區林厝里福雅路486之1號,5000000,1050523
32440,54898501,奧爾國際有限公司,臺中市南屯區大業路307號4樓,2000000,1050526
32441,54899348,威品企業有限公司,臺中市太平區光明里中山路二段364巷7號1樓,150000,1050519
32442,54899425,速豐物流行銷股份有限公司,臺中市南區崇倫里崇倫街116巷32號,4100000,1050513
32443,54899706,欣嘉住宅科技有限公司,臺中市西區民龍里公益路113號2樓,1000000,1050528
32444,54899754,吉特科技有限公司,臺中市潭子區祥和路133巷35號1樓,8000000,1050523
32445,54899945,彬旂營造有限公司,臺中市西屯區大墩二十街116號2樓之2,3000000,1050514
32446,54900324,昌遠地產開發有限公司,臺中市西區公正里東興路三段160號6樓之1,1000000,1050512
32447,54900823,承鉅汽車有限公司,臺中市南屯區楓樹里環中路五段768之1號,3000000,1050518
32448,54901674,品果實業股份有限公司,臺中市北屯區廍子里祥順東路一段18巷21之1號,2000000,1050523
32449,54902028,鉦和鋼鐵股份有限公司,臺中市神岡區豐洲里神洲路262巷1號,20000000,1050504
32450,54902364,熊厚科技有限公司,臺中市西屯區惠來里惠安巷50號2樓,200000,1050502
32451,54902759,千越茶業有限公司,臺中市大肚區蔗廍里遊園路二段56號1樓,100000,1050504
32452,54902792,嵐海工程顧問有限公司,臺中市西屯區櫻花路74巷38號6樓之1,5000000,1050524
32453,54903103,勤美餐飲管理顧問有限公司,臺中市西區臺灣大道二段218號28樓,3000000,1050511
32454,54903997,廣呈管理顧問有限公司,臺中市西屯區何德里漢口路二段151號12樓之2,200000,1050526
32455,54904932,長新生醫國際股份有限公司,臺中市西區忠誠里臺灣大道二段573號5樓,25000000,1050528
32456,54905019,興晟食品有限公司,臺中市北屯區水湳里文心路四段83號12樓,1000000,1050504
32457,54905117,盈琍工程有限公司,臺中市清水區南社里鰲新路143巷16號1樓,1000000,1050505
32458,54905138,台灣普潤有限公司,臺中市北區進化路575號3樓之1,7000000,1050528
32459,54905377,何瑪貿易企業有限公司,臺中市清水區西社里華江北街26號1樓,700000,1050530
32460,54905566,金慶小客車租賃有限公司,臺中市南屯區五權西路三段1-45號1樓,5000000,1050519
32461,54905600,好友餐飲有限公司,臺中市潭子區雅豐街226巷26弄38號1樓,5000000,1050531
32462,54905952,東天國際有限公司,臺中市西區民龍里公益路52號7樓之2,500000,1050502
32463,54906143,巨博數位影音科技有限公司,臺中市南屯區大業里大墩路892號1樓,50000,1050506
32464,54906657,恆研科技有限公司,臺中市西區民龍里公益路155巷9號7樓之2,3000000,1050526
32465,54906903,康友實業有限公司,臺中市南屯區惠中里大川街50之1號,1000000,1050506
32466,54907641,運動家育樂有限公司,臺中市北屯區崇德路三段835號,2000000,1050503
32467,54907754,東東旅行社有限公司,臺中市霧峰區育群路112之1號2樓,6000000,1050524
32468,54909079,辰睿網路科技有限公司,臺中市西屯區何成里大墩十八街195號3樓之2,18000000,1050514
32469,54909140,威廉王攝影有限公司,臺中市北區六合里臺灣大道一段696號1樓,250000,1050524
32470,54909346,熙麗有限公司,臺中市烏日區榮泉里環河路五段250號5樓之2,200000,1050513
32471,54909465,野小孩寵物有限公司,臺中市烏日區長春街271號1、2樓,328000,1050517
32472,54909541,凱威數位科技股份有限公司,臺中市北屯區崇德路二段128號18樓之3,6000000,1050516
32473,54909606,悍龍有限公司,臺中市沙鹿區鹿寮里光華路308號2樓,1100000,1050517
32474,54910548,維尼提亞生技有限公司,臺中市西區民龍里臺灣大道二段375號12樓之3,8000000,1050527
32475,55122294,長祥企業有限公司,臺中市大雅區上楓里民生路三段93號,2640000,1050503
32476,55123414,林三榮工業有限公司,臺中市豐原區陽明里中興路一五號,3000000,1050516
32479,55226684,隆豐手工業有限公司,臺中市潭子區福仁里興華一路141巷5號,5000000,1050523
32480,55287555,逢信交通股份有限公司,臺中市烏日區光明里光明路70號,12000000,1050523
32481,55337295,台灣京三股份有限公司,臺中市潭子區潭秀里建國路3-1號,12500000,1050526
32482,55620877,達嶺企業股份有限公司,臺中市神岡區社南里中山路747號,5000000,1050510
32483,55631868,張鐵工廠股份有限公司,臺中市后里區廣福里三豐路36號,19800000,1050502
32484,55633704,裕崧工業股份有限公司,臺中市神岡區社南里中山路473號,12000000,1050524
32485,55637342,愛德利科技股份有限公司,臺中市神岡區北庄里中山路989巷4號,42000000,1050518
32486,55637693,台灣昭工股份有限公司,臺中市潭子區台中加工出口區建國路28號,198000000,1050519
32487,55638671,山立通運股份有限公司,臺中市西屯區惠來里文心路2段501號2樓,520000000,1050520
32488,55651189,富原企業有限公司,臺中市豐原區鐮村里鐮村路3號,20000000,1050526
32489,55653638,久鐵工業股份有限公司,臺中市神岡區神洲里神洲路621號,83400000,1050519
32491,55661757,力得機械有限公司,臺中市豐原區三村里合作街53號,5000000,1050503
32492,55662088,徠豐興業有限公司,臺中市豐原區西安街48號,5000000,1050501
32493,55663832,游豐盛橡膠有限公司,臺中市潭子區大豐里大富路三段一九七巷五號,9000000,1050511
32494,55663896,三孟實業有限公司,臺中市神岡區北庄里中山路１０１２號,5010000,1050529
32495,55670263,三揚織造股份有限公司,臺中市沙鹿區保成路2號1樓,12000000,1050509
32496,55673297,七海工業股份有限公司,臺中市大甲區日南里幼獅路3號,22000000,1050525
32497,55674042,宏記塑膠廠工業股份有限公司,臺中市大甲區武曲里橫圳街73號,5000000,1050519
32498,55684061,海龍交通股份有限公司,臺中市清水區橋頭里五權路117號,16000000,1050513
32499,55701435,龍鑫鋼鐵企業股份有限公司,臺中市沙鹿區斗抵里斗潭路130號,6000000,1050520
32500,55703285,珍明股份有限公司,臺中市沙鹿區斗抵里斗潭路92號,5000000,1050518
32501,55705679,千鐘工業股份有限公司,臺中市外埔區水美里水美路285巷11號,3000000,1050504
32502,55709112,中部印刷事業有限公司,臺中市清水區清水里中山路112號,3000000,1050527
32503,55709226,壬癸企業有限公司,臺中市梧棲區福德里中央路2段277號1樓,6000000,1050505
32504,55709653,捷龍報關有限公司,臺中市北區建興里學士路236巷16號1樓,5000000,1050510
32505,55709886,恩得利報關有限公司,臺中市梧棲區下寮里居仁街76號,5000000,1050503
32506,55716649,顗泰企業有限公司,臺中市梧棲區中正里文化路2段130號,10000000,1050511
32507,55720587,聚豐砂石企業股份有限公司,臺中市大甲區文武里育英路176巷4號,2000000,1050518
32508,55727462,三本久實業股份有限公司,臺中市大肚區沙田路2段132巷60號,66000000,1050502
32509,55727744,祥利氣體股份有限公司,臺中市烏日區前竹里中山路1段265巷26號,11000000,1050518
32510,55736912,幸記工業股份有限公司,臺中市烏日區學田里學田路342號,185000000,1050520
32511,55738290,三晃股份有限公司,臺中市大里區仁美路139號,2223473440,1050523
32513,55742386,興志營造有限公司,臺中市大里區東興路62巷8號,65000000,1050525
32514,55744589,長立運輸股份有限公司,臺中市大里區東湖里中興路一段377號1樓,40000000,1050504
32515,55760481,展有金屬股份有限公司,臺中市大里區大衛路53號,6000000,1050502
32516,55760623,富茂山立體美術有限公司,臺中市大里區仁化里仁愛路38巷17號,5000000,1050518
32517,55761144,恭榮企業股份有限公司,臺中市大里區中興路2段73-11號,12000000,1050511
32518,55761469,啟恒鐵工廠有限公司,臺中市太平區永義路235巷32號1樓,15000000,1050519
32519,55763092,大霸精機工業股份有限公司,臺中市大里區中興路二段69之10號,61000000,1050517
32520,55763163,南南西企業有限公司,臺中市大里區瑞城里美村街11號,5000000,1050504
32521,55764493,泰昌造漆工業有限公司,臺中市太平區永豐路327巷8號,5000000,1050509
32522,55766582,碧鋒實業有限公司,臺中市大里區大明里東興路62巷50號1樓,6100000,1050519
32523,55771261,茂興工業股份有限公司,臺中市北區進化北路369號10樓,24000000,1050517
32524,55782577,全豐冷凍股份有限公司,臺中市石岡區石岡里豐勢路1323號,12000000,1050516
32526,55797699,飛發營造有限公司,臺中市東勢區東崎路5段472號,22500000,1050526
32527,55824056,旭泰工業股份有限公司,臺中市豐原區北陽里南陽路58巷256號,1500000,1050509
32528,55824372,源三實業股份有限公司,臺中市豐原區翁子里豐勢路二段480巷50弄12號,5000000,1050512
32529,55833668,大港船業工程有限公司,臺中市梧棲區自強南路四五二號,4800000,1050530
32530,55837453,毅發鋼鐵有限公司,臺中市豐原區圓環東路224號,12000000,1050531
32532,55843390,東容化學股份有限公司,臺中市神岡區新庄里和睦路742巷5號,10000000,1050519
32533,55849471,詠豐鞋業有限公司,臺中市豐原區角潭路2段19號,5000000,1050502
32534,55850960,聯昶五金有限公司,臺中市豐原區北陽里中陽路437-1號,5000000,1050511
32535,55854543,蔡富國鑄造股份有限公司,臺中市大雅區六寶里和平路165號,5500000,1050520
32536,55860405,一進汽車貨運有限公司,臺中市豐原區合作街118巷67弄4號1樓,15000000,1050517
32537,55873507,豐昌橡膠工業有限公司,臺中市太平區永豐路三二七巷一六號一樓,10000000,1050506
32538,55874858,西部銘版工藝有限公司,臺中市西屯區河南路二段87號1樓,3000000,1050510
32539,55875385,弘益水電工程有限公司,臺中市大里區長榮里德芳路一段252號,3000000,1050519
32540,55875575,輪奇股份有限公司,臺中市太平區德隆里工業二十路36號,20000000,1050527
32541,55878518,隆典實業股份有限公司,臺中市太平區工業二十路82、86號,313466000,1050531
32542,55878854,世杰投資股份有限公司,臺中市北區建興里崇德路一段206號2樓,25000000,1050517
32543,55882772,昱辰工業股份有限公司,臺中市霧峰區丁台里丁台路336號,20600000,1050502
32544,55883049,立大鋼筋壓接有限公司,臺中市大里區亞洲街197-5號,3500000,1050526
32545,55891961,瓏昇實業股份有限公司,臺中市大里區仁德里仁城路15號,48000000,1050525
32546,55896500,崎泰紙器興業有限公司,臺中市大里區塗城里塗城路廿六巷五號,5000000,1050522
32547,55901601,信能塑膠股份有限公司,臺中市大雅區橫山里永和路103號,16000000,1050525
32548,55903896,朝權鞋業有限公司,臺中市豐原區南村里五鄰圓環東路892巷3號,7000000,1050505
32549,55905971,金奕機械有限公司,臺中市潭子區栗林里中山路３段４９３巷３０號,1000000,1050523
32550,55907632,元貝實業股份有限公司,臺中市神岡區神洲里豐工南路50號1樓,16000000,1050518
32551,55909006,源泉木業有限公司,臺中市大雅區中山路二七三號,5000000,1050527
32552,55914964,筆聖企業有限公司,臺中市豐原區豐圳里成功路748號,5000000,1050530
32553,55916386,立原家電股份有限公司,臺中市豐原區南村里豐原大道五段198號,30000000,1050509
32554,55916484,好球運動用品有限公司,臺中市豐原區豐原里東北街41號4樓1號,5000000,1050521
32555,55917060,富笙興業股份有限公司,臺中市豐原區南嵩里水源路215巷1之1號,15000000,1050506
32556,55918856,仕興機械工業股份有限公司,臺中市神岡區神洲里大洲路86號,79000000,1050520
32557,55923210,騰陽交通有限公司,臺中市西屯區福雅里臺灣大道四段786巷16號1樓,20000000,1050518
32558,55923561,金享車業股份有限公司,臺中市神岡區豐洲里豐洲路198巷5號,147000000,1050520
32560,55924007,總億機械有限公司,臺中市潭子區栗林里中山路3段493巷21號,12000000,1050520
32561,55925408,新瑞德貨運有限公司,臺中市豐原區南陽里南陽路215巷59弄10號,18000000,1050516
32563,55930752,弘錠企業有限公司,臺中市后里區公館里三豐路469-26號,5000000,1050503
32564,55933977,振鴻木業股份有限公司,臺中市大雅區四德里中山路277號,5000000,1050516
32565,55934693,焙江企業有限公司,臺中市豐原區陽明里博愛街130號,600000,1050519
32566,55934758,大昊實業有限公司,臺中市豐原區三村里社皮路252號1樓,10000000,1050503
32567,55941441,久泓交通有限公司,臺中市西屯區河南路52號,13500000,1050525
32568,55941815,信威製網工業有限公司,臺中市豐原區東湳里三豐路566巷136號,6600000,1050525
32569,55941929,志釗工業有限公司,臺中市豐原區鎌村里鎌村路465巷112之3號,3000000,1050513
32570,55942899,奇巧玩具廠企業股份有限公司,臺中市豐原區西勢里西勢路157巷8號,3000000,1050511
32571,55946179,長沙企業有限公司,臺中市豐原區田心里中山路一九一號,5000000,1050513
32572,55946190,拓建企業股份有限公司,臺中市北屯區瀋陽路二段188號1樓,9000000,1050524
32573,55947825,曜維膠業有限公司,臺中市潭子區中山路3段367號1樓,8000000,1050520
32574,55948964,震廣企業股份有限公司,臺中市豐原區翁子里豐勢路2段480巷32弄38號,12500000,1050510
32575,55949204,佳壹塑膠工業有限公司,臺中市后里區聯合里三重路320號,5000000,1050510
32576,55953001,金照盛機械廠有限公司,臺中市潭子區嘉仁里祥和路17號,17000000,1050512
32577,55953494,將凱電機股份有限公司,臺中市神岡區豐洲里神洲路317號,25000000,1050502
32578,55959672,亞欣捲門股份有限公司,臺中市豐原區南村里圓環東路892巷21號,10000000,1050519
32580,55964801,華裕行股份有限公司,臺中市大雅區三和里義和路6之6號,10000000,1050503
32581,55968671,東咊機電工業有限公司,臺中市神岡區神岡里中山路1365巷7號,10990000,1050506
32582,55974809,燿生機械工業有限公司,臺中市后里區中和里犁份路23號,10000000,1050510
32583,55975005,晉喬企業有限公司,臺中市豐原區北陽里圓環東路636號,5000000,1050523
32584,55975440,東協鑄造工業股份有限公司,臺中市潭子區大富里潭富路2段81巷9弄3號,15000000,1050523
32585,55977361,坤勝工業股份有限公司,臺中市大雅區四德里雅環路一段24巷25號,5000000,1050521
32586,55978376,東益水電工程有限公司,臺中市豐原區西湳里文昌街180號1樓,5000000,1050516
32587,55978880,燦然工業股份有限公司,臺中市大雅區員林里大林路121巷9號,3000000,1050518
32588,55979939,岡南塑膠發泡有限公司,臺中市豐原區田心里豐南街二號十樓,3000000,1050529
32590,55984519,百振江股份有限公司,臺中市潭子區栗林里中山路三段493巷17號,6000000,1050510
32591,55986571,劦豐鋁業股份有限公司,臺中市潭子區大豐里潭富路二段81巷56號,5000000,1050518
32592,55988445,金銘鋁業股份有限公司,臺中市豐原區豐田里豐原大道三段286巷136弄86號,10000000,1050530
32593,55989346,宗賢機電股份有限公司,臺中市后里區三豐路87之3號,20000000,1050518
32594,55989388,億陞貿易股份有限公司,臺中市大雅區雅環路1段256巷31號1樓,5000000,1050511
32595,55991201,力錩機械股份有限公司,臺中市豐原區鎌村里鎌村路465巷34號,80000000,1050526
32596,55991764,善山企業股份有限公司,臺中市潭子區頭家里和平路131號,9000000,1050504
32597,55992216,通展電器工程有限公司,臺中市豐原區北陽里南陽路156巷20號,3000000,1050518
32598,55992320,元超塑膠工業股份有限公司,臺中市大雅區上雅里德勝路77號,15000000,1050505
32599,55993616,龍霖交通有限公司,臺中市大甲區江南里經國路1689巷3號,24800000,1050518
32600,55997438,嚴淳精密工業股份有限公司,臺中市潭子區福仁里中山路二段71之17號,5600000,1050524
32601,55997486,合烽企業有限公司,臺中市豐原區東陽里東陽路山壽巷6號,10000000,1050515
32602,55998632,晟暉水電工程有限公司,臺中市豐原區中陽里直興街45號,6000000,1050501
32603,55998844,立交實業有限公司,臺中市潭子區頭家里中山路一段一二號,16000000,1050508
32604,55999739,順偉通運有限公司,臺中市沙鹿區南勢里南昌路36巷5號,5600000,1050503
32605,56025209,大豐疫苗科技股份有限公司,臺中市大甲區新美里興安路55巷4號,12000000,1050524
32606,56055815,四海貨運有限公司,臺中市西區五權西一街一二七號二樓,26000000,1050516
32607,56065623,永信塑膠工業股份有限公司,臺中市沙鹿區鹿寮里光華路336號1樓,80000000,1050503
32608,56113104,利台食品工廠股份有限公司,臺中市大甲區龍泉里中山路二段899號,27000000,1050520
32609,56136319,西寧煤氣股份有限公司,臺中市清水區橋頭里中華路589號,1200000,1050511
32610,56141410,和協興企業股份有限公司,臺中市沙鹿區沙田路永和巷7號,7000000,1050530
32611,56141615,大苗農機股份有限公司,臺中市大甲區頂店里中山路一段一○七四號,5000000,1050505
32612,56144205,金振興實業股份有限公司,臺中市大甲區順天里光明路162號,6000000,1050517
32613,56146323,其泰企業股份有限公司,臺中市大甲區日南里幼五路7號,26000000,1050514
32614,56153908,昆隆塑膠股份有限公司,臺中市龍井區龍東里茄投路1號,6000000,1050516
32615,56160817,奇世煤氣有限公司,臺中市大甲區中山里甲后路109號1樓,600000,1050524
32616,56165003,忠興織造廠股份有限公司,臺中市沙鹿區鹿峰里星河路567號,225000000,1050510
32617,56218938,振富交通股份有限公司,臺中市沙鹿區竹林里中山路76巷六號,3000000,1050505
32618,56297911,新益機械工廠股份有限公司,臺中市清水區中正街43號1樓,187000000,1050514
32619,56312624,新偉實業股份有限公司,臺中市沙鹿區晉江里中棲路133號,5000000,1050508
32620,56331410,裕興實業股份有限公司,臺中市清水區三美路73號,3000000,1050502
32621,56376648,龍井煤氣有限公司,臺中市沙鹿區鹿寮里光華路372巷27號1樓,3000000,1050503
32622,56376921,龍泉煤氣有限公司,臺中市龍井區龍崗里沙田路4段598巷1號,5000000,1050527
32623,56618667,伍道工業股份有限公司,臺中市梧棲區中央路二段405號,10000000,1050523
32624,56620869,裕新電機廠有限公司,臺中市西屯區工業區42路22號,25000000,1050519
32625,56623922,和村企業有限公司,臺中市沙鹿區鹿峰里中山路643之16號,5620000,1050523
32626,56624387,永生塑膠工業股份有限公司,臺中市大甲區日南里工一路35號,7700000,1050506
32627,56624915,利隆電機廠有限公司,臺中市清水區下湳里中山路551之8號,10000000,1050523
32628,56626884,鶴鎮企業有限公司,臺中市大甲區頂店里中山路一段1147巷153號,3000000,1050509
32629,56627096,台甲東糧食加工廠有限公司,臺中市外埔區大東里大馬路298號,3600000,1050511
32630,56628187,明選企業有限公司,臺中市沙鹿區興仁里光華路93號,15000000,1050518
32631,56628905,瑞祥精密機械工業有限公司,臺中市梧棲區草湳里港埠路一段525號,5000000,1050519
32632,56630310,一勝電話器材有限公司,臺中市大甲區水源路９６號,2100000,1050503
32633,56633528,璉興鐵工廠有限公司,臺中市梧棲區永安里向上路九段378號,1000000,1050518
32634,56633689,甲隆鋼鐵股份有限公司,臺中市大甲區江南里東西八路1段89號,1200000,1050512
32635,56637735,琪本企業有限公司,臺中市梧棲區永興路二段366號,3000000,1050519
32637,56640133,協昇商行有限公司,臺中市梧棲區中央路二段四六一巷四號,2400000,1050523
32638,56641127,章新機械工業股份有限公司,臺中市清水區國姓里中央北路9之16號,10000000,1050502
32639,56641512,鹿豐機電工業有限公司,臺中市清水區清水里中正北街38號,4200000,1050524
32640,56643167,高偉報關有限公司,臺中市梧棲區頂寮里四維中路三○號五樓,5000000,1050506
32641,56643379,億泰金屬工程有限公司,臺中市梧棲區中正里中興路178巷84號,3000000,1050506
32642,56644861,慶酆工業股份有限公司,臺中市梧棲區大庄里文雅街128巷16號1樓,2000000,1050503
32643,56648698,良旺電焊有限公司,臺中市龍井區福田里臨港東路二段155巷80弄2-5號,3000000,1050519
32644,56650146,肯頓有限公司,臺中市龍井區龍津里三港路185巷41號,5000000,1050511
32645,56650413,新曉企業股份有限公司,臺中市梧棲區大庄里文華街194巷60號,1020000,1050503
32646,56651840,永源報關有限公司,臺中市梧棲區頂寮里臨港路四段760巷1號,3000000,1050525
32647,56652159,成亨工業股份有限公司,臺中市沙鹿區北勢里鎮南路二段366號,8000000,1050524
32648,56656373,隆藝有限公司,臺中市沙鹿區六路里過洋路六九號,6000000,1050516
32649,56657112,炫安企業股份有限公司,臺中市清水區下湳里菁埔路204號,59000000,1050519
32650,56657154,鐘發企業股份有限公司,臺中市龍井區忠和里台西南路206號,12000000,1050506
32651,56658528,精順工業股份有限公司,臺中市沙鹿區埔子里正英二街80巷16號,12000000,1050527
32652,56658858,讚品工業股份有限公司,臺中市沙鹿區興仁里光華路41號,10000000,1050510
32653,56659738,泉輝鐵工廠有限公司,臺中市龍井區海尾路278巷53號,15000000,1050524
32655,56660849,少暉企業股份有限公司,臺中市大甲區文曲路535號,7000000,1050526
32656,56662776,盈璨企業股份有限公司,臺中市后里區后里里三豐路212巷3號,29800000,1050519
32657,56663091,陽奇電業工程有限公司,臺中市梧棲區中正里中和街137號,2000000,1050504
32658,56665611,晨雍興業有限公司,臺中市梧棲區中正里中和街１２１號,5000000,1050523
32659,56666463,國恩工業股份有限公司,臺中市沙鹿區斗抵里沙田路仁安巷40號1樓,30000000,1050523
32660,56667147,廣洋工業股份有限公司,臺中市大甲區庄美里蔣公路265號,13860000,1050507
32661,56670092,三弘木業有限公司,臺中市大甲區日南里幼獅路二五號,12000000,1050502
32662,56680922,太蓮國際股份有限公司,臺中市沙鹿區日新街171號,2000000,1050504
32663,56683717,世堅自動控制機器有限公司,臺中市大甲區中山里水源路292號,5000000,1050512
32664,56686524,嘉輝交通事業股份有限公司,臺中市清水區清水里光華路三十七號,29600000,1050507
32665,56689613,展駿印刷企業有限公司,臺中市清水區南社里民權路148號1樓,1500000,1050526
32666,56691408,正東昇縫紉機械有限公司,臺中市大甲區中山里甲后路35巷69號,5000000,1050530
32667,56691857,誌陽企業股份有限公司,臺中市大甲區日南里幼獅路17號,6000000,1050527
32668,56694067,嘉陽鑄造工業股份有限公司,臺中市梧棲區草湳里自立二街129號,28000000,1050502
32669,56694101,坤盛布業有限公司,臺中市新社區協成里興義街1號1樓,5000000,1050525
32670,56700390,俊大塑膠有限公司,臺中市清水區下湳里菁埔路11號,13000000,1050527
32671,56701026,得連物流股份有限公司,臺中市大甲區岷山里金華路29巷7號,28000000,1050519
32673,56705085,通駿交通股份有限公司,臺中市大甲區義和里義和一街50巷53號1樓,10000000,1050511
32674,56706471,申博企業有限公司,臺中市龍井區忠和里蚵寮路327號,34800000,1050525
32675,56707149,皇銓塑膠股份有限公司,臺中市梧棲區草湳里永興路二段336巷85號,8000000,1050523
32676,56707696,穗瑩美美企業股份有限公司,臺中市沙鹿區興安里天香新村16號,3000000,1050503
32677,56707794,谷瑩實業有限公司,臺中市沙鹿區北勢里東晉路108號,6600000,1050504
32678,56708766,協聖家具股份有限公司,臺中市沙鹿區福興里沙田路18號,5200000,1050528
32679,56710480,向陽瑋業股份有限公司,臺中市外埔區甲后路651號,8000000,1050505
32680,56712327,倫翊企業有限公司,臺中市梧棲區中正里仁美街97巷22號,1000000,1050520
32681,56713509,峰義企業有限公司,臺中市清水區楊厝里和睦路二段606號,3000000,1050502
32682,56714599,順旭布業有限公司,臺中市外埔區鐵山里長生路92號1樓,20000000,1050502
32683,56714839,芙蕾媞股份有限公司,臺中市外埔區水美里水美路27號,7400000,1050514
32684,56715056,昇旭塑膠有限公司,臺中市沙鹿區公明里中清路六段261巷2號、6號,10000000,1050512
32685,56716702,一晉紡織有限公司,臺中市沙鹿區六路里平等七街二二號,1600000,1050518
32686,56718027,穎達網版印刷有限公司,臺中市大甲區義和里文曲路五九八巷一號,3100000,1050510
32687,56718321,豐駿交通股份有限公司,臺中市大甲區義和里義和二街37巷63號,10000000,1050501
32688,56719594,榮洽股份有限公司,臺中市龍井區忠和里臨港路二段10號　　　　　　　　　　　　　　　　　　　,5000000,1050519
32689,56802214,山貿機械廠有限公司,臺中市豐原區田心里中山路169號1樓,8000000,1050530
32690,56806773,和友紙器股份有限公司,臺中市豐原區南嵩里水源路127號,7000000,1050510
32691,56808596,帝懋塑膠股份有限公司,臺中市神岡區庄後里溝心路51-2號,5000000,1050505
32692,56809595,俊壹食品企業有限公司,臺中市豐原區北陽里綠山一街73號1樓,6000000,1050530
32693,56810571,金鉦鐵工廠股份有限公司,臺中市潭子區栗林里豐栗路166巷2號,5000000,1050517
32694,56810925,成鋒螺絲工業有限公司,臺中市潭子區栗林里民生街131巷72號,3000000,1050503
32695,56812228,才宇實業有限公司,臺中市北區明德里太原路1段384號,5000000,1050530
32696,56812563,芊卉種苗股份有限公司,臺中市后里區舊社里三重中路128號,10000000,1050504
32697,56814226,韻光機械工業股份有限公司,臺中市神岡區社南里民生路50巷20號,6600000,1050516
32698,56814247,煜洲企業股份有限公司,臺中市神岡區社南里民生路50巷18號,5000000,1050525
32699,56814366,炘紘股份有限公司,臺中市神岡區大社里豐社路31號,5000000,1050519
32700,56815554,亞克德企業有限公司,臺中市神岡區豐洲里豐洲路456巷26弄35號1樓,6000000,1050510
32702,57002838,大度煤氣有限公司,臺中市大肚區大肚里文昌路一段74巷7號,3000000,1050503
32703,57022905,長信運輸有限公司,臺中市大里區東湖里中興路一段377號,11200000,1050510
32704,57033467,永鏟橡膠有限公司,臺中市大里區益民路二段四九二號,5600000,1050502
32705,57104700,英全化學工業股份有限公司,臺中市太平區太平路676號,623000000,1050510
32706,57131832,隆榮紡織股份有限公司,臺中市烏日區前竹里中山路1段協心巷16號,7000000,1050519
32707,57148427,隆昌交通事業有限公司,臺中市大里區仁德里仁愛路62號,20600000,1050517
32708,57168268,葉山塑膠工業股份有限公司,臺中市烏日區三和里學田路45號,25000000,1050514
32709,57197242,台山紡織股份有限公司,臺中市烏日區烏日里中山路二段285號1樓,2000000,1050520
32761,59205633,雷辰企業有限公司,臺中市西屯區逢甲里河南路2段262號8樓之1,6000000,1050506
32812,59353423,橋椿金屬股份有限公司,臺中市西屯區市政路386號22樓之1、之3、之5、之6、之7、之8及23樓之1、之3、之5、之6、之7、之8,1636482960,1050511
32828,60210867,彰慶營造工程股份有限公司,臺中市西區安龍里五權路29之4號2樓,116800000,1050517
32868,61910332,達發通運股份有限公司,臺中市神岡區岸裡一街９５號,3000000,1050512
32871,61916048,順翔貨櫃通運有限公司,臺中市神岡區新庄里19鄰和睦路861之3號1樓,19000000,1050522
32917,66372086,詠將遊覽通運有限公司,臺中市西屯區上石里上石路21號1樓,26000000,1050507
32927,66453101,弘昌交通事業有限公司,臺中市沙鹿區西勢里中山路4之72號,32600000,1050503
32933,66525718,宏羽營造股份有限公司,臺中市西區忠誠里臺灣大道2段501號19樓之2,237000000,1050516
32994,69438288,阜邑營造股份有限公司,臺中市潭子區中興北路113號1樓,42500000,1050525
33108,70360061,好用人力仲介有限公司,臺中市西屯區櫻城二街9號1樓,19000000,1050525
33113,70365349,德谷芳香通用有限公司,臺中市南屯區大川街258號1樓,1000000,1050509
33167,70393133,泉詠生技有限公司,臺中市大里區內新街70巷2之10號,5000000,1050514
33225,70456592,先進地工合成股份有限公司,臺中市南屯區五權西路二段236號13樓之5,1000000,1050523
33236,70461357,菱和國際股份有限公司,臺中市東區大公街65號1樓,17400000,1050509
33263,70479504,玉銓股份有限公司,臺中市西屯區惠來里市政路386號6樓之7,15000000,1050520
33270,70484767,司迪生有限公司,臺中市西屯區精誠路14號7樓之6,1000000,1050510
33275,70486688,聚祐企業有限公司,臺中市南屯區溝墘里文心路一段521號7樓之2,1000000,1050505
33276,70486717,瑞圓營造有限公司,臺中市清水區中央路38巷75號1樓,8000000,1050503
33281,70487259,龍霖建材有限公司,臺中市大雅區西寶里西村路12之3號,500000,1050509
33282,70487429,弘德營造工程有限公司,臺中市西屯區長安路一段55號,3000000,1050509
33285,70489398,英記紙品印刷有限公司,臺中市南區西川里忠明南路696巷5號1樓,2000000,1050505
33291,70489995,朋駐營造有限公司,臺中市潭子區潭陽里潭陽路25號1樓,3000000,1050523
33293,70491140,威州企業有限公司,臺中市東區東門里天乙街三七巷3弄9號1樓,1000000,1050509
33298,70493604,沅益資訊顧問有限公司,臺中市西屯區河南東四街17-4號,1000000,1050530
33301,70495270,誼室康室內裝修有限公司,臺中市太平區大源１８街１８號１樓,1000000,1050506
33305,70496308,紋釆有限公司,臺中市西屯區東興路三段323號1樓,1000000,1050521
33310,70498994,奇郁企業有限公司,臺中市后里區太平里太平路18-2號,8000000,1050524
33311,70499065,美伸汽車興業有限公司,臺中市大雅區中清路三段885巷5號,5000000,1050515
33313,70500128,漢杞工程股份有限公司,臺中市大里區大元里環中東路七段42巷22號,29500000,1050520
33315,70500540,學峰事業股份有限公司,臺中市梧棲區大村里立德街109號,10000000,1050507
33328,70502955,永正美有限公司,臺中市北屯區松竹路二段707號2樓之2,6000000,1050525
33335,70506306,翊崴有限公司,臺中市東區玉皇街66號1樓,1500000,1050505
33338,70506761,金吉中有限公司,臺中市中區光復里成功路179號5樓,500000,1050502
33339,70507142,威晶實業有限公司,臺中市豐原區北陽里北陽路40巷20弄8號1樓,2000000,1050502
33347,70509681,日進貿易有限公司,臺中市北屯區柳陽西街一四六號一樓,2000000,1050530
33355,70512497,百客威興業有限公司,臺中市神岡區豐洲里大明路100之2號,5000000,1050519
33357,70512898,為盛精機有限公司,臺中市太平區中山里大源路一一六巷一號一樓,5000000,1050503
33364,70514880,勝州有限公司,臺中市太平區德隆里光德路207號,2000000,1050504
33367,70515895,朕金有限公司,臺中市清水區海濱里自立路116號1樓,6000000,1050518
33376,70518632,泉廣百貨企業有限公司,臺中市西區大同街168號12樓之2,2000000,1050530
33380,70519169,國昇有限公司,臺中市北屯區后庄路141號1樓,500000,1050519
33385,70521411,嘉瑩機械有限公司,臺中市太平區永豐路108巷12之23弄24號,1000000,1050504
33391,70523065,得義興企業有限公司,臺中市南屯區永定里永春路24-8號,5000000,1050517
33393,70523579,勝祥發工業有限公司,臺中市大肚區沙田路2段102巷19弄1號,1000000,1050520
33398,70524780,益大盛精密工業有限公司,臺中市霧峰區吉峰里吉峰路67巷7號,8000000,1050510
33400,70525084,諾雅國際股份有限公司,臺中市太平區環中東路三段485巷11號1樓,5000000,1050523
33401,70525583,合船企業有限公司,臺中市石岡區石岡里豐勢路1388號,500000,1050519
33402,70525887,鑫意科技有限公司,臺中市西屯區協和里工業區31路12之3號,29000000,1050520
33410,70528786,金順進工業有限公司,臺中市大里區中興路一段1巷1弄3號1樓,10000000,1050514
33411,70528863,商達利企業有限公司,臺中市大里區中興路二段136巷27號1樓,5000000,1050502
33417,70530191,金富程國際有限公司,臺中市太平區大源十九街81號1樓,1000000,1050502
33422,70530972,美帘社窗簾有限公司,臺中市北屯區平田里文心路四段963號1樓,5000000,1050530
33423,70531092,日新明和企業有限公司,臺中市南屯區東興路一段351號1樓,10000000,1050518
33430,70533541,生產線精密機械有限公司,臺中市潭子區聚興里豐興路一段350巷2之2號1樓,1000000,1050529
33431,70533599,世夆有限公司,臺中市外埔區大東里甲后路新城5巷12號,1000000,1050517
33432,70533887,佳紅工程有限公司,臺中市北區大義街130巷13之5號,1000000,1050510
33435,70534730,富淯環保科技有限公司,臺中市豐原區北陽里向陽路349巷16號,2000000,1050513
33494,70560440,統聯小客車租賃有限公司,臺中市南屯區寶山里五權西路三段1之45號1樓,9000000,1050508
33503,70564017,千崴實業有限公司,臺中市北屯區舊社里北屯路441-28號1樓,500000,1050502
33554,70585477,榮瑞祥有限公司,臺中市神岡區北庄里中山路1016號,6000000,1050525
33555,70586080,偉盛消防安全設備有限公司,臺中市西區公正里精誠14街31號2樓,1000000,1050520
33557,70586573,德韻國際有限公司,臺中市南屯區惠中里文心路1段336號1樓,6000000,1050503
33559,70587594,宏噠食品有限公司,臺中市神岡區豐洲里神洲路130巷23之6號2樓,10000000,1050515
33562,70590731,貿宇股份有限公司,臺中市北屯區大德里平德路59巷1號1樓,2000000,1050528
33567,70591345,御鑽企業有限公司,臺中市大甲區義和里重義一路162號,1000000,1050525
33570,70592415,卡奇基開發有限公司,臺中市西區公館里三民路一段50巷7號1樓,10000000,1050510
33573,70593815,巨堡環保工程有限公司,臺中市大肚區大東里自由路158-1號　,15000000,1050525
33577,70595572,迦光企業有限公司,臺中市清水區靈泉里鎮南街2-6號4樓,1000000,1050520
33581,70596411,佳禾空間規劃有限公司,臺中市北屯區北興里北安街15號1樓,10000000,1050502
33584,70597045,御電企業有限公司,臺中市烏日區螺潭里溪南路2段227巷39弄71號,1000000,1050506
33586,70597220,偵豪營造股份有限公司,臺中市大里區大明里東興路49巷10號4樓,5000000,1050525
33602,70602130,玄天電機有限公司,臺中市東區東信里振興路280巷59號1樓,5000000,1050505
33604,70603068,興隆成工業有限公司,臺中市大雅區橫山里振興一路21號,15000000,1050509
33608,70604411,德鎮盛工程股份有限公司,臺中市北區五常里五權路401之1號6樓,100000000,1050519
33609,70604518,仲成商貿有限公司,臺中市西屯區何南里精明二街七號,5000000,1050513
33611,70606121,永曄精密有限公司,臺中市大里區美村街7號1樓,5000000,1050518
33614,70607711,世展營造工程有限公司,臺中市北區錦祥里育樂街1之3巷2之2號3樓,3000000,1050509
33616,70608520,界升工業股份有限公司,臺中市烏日區學田里學田路342號2樓,20000000,1050525
33620,70609767,陳隆空調有限公司,臺中市石岡區和盛里豐勢路65巷27號,1000000,1050507
33624,70610764,至成測量有限公司,臺中市霧峰區本堂里樹仁路一二一巷2號2樓之7,3000000,1050519
33625,70611150,鑫中南營造有限公司,臺中市大里區現岱路65號1樓,3000000,1050525
33630,70612593,美力健國際有限公司,臺中市西屯區重慶路二八九之二號,1000000,1050526
33631,70612685,亨銓實業有限公司,臺中市大甲區日南里幼獅路43號,6000000,1050515
33632,70613050,中友國際興業有限公司,臺中市西屯區工業區一路98之11號7樓之3,1000000,1050512
33633,70613066,鴻偉國際有限公司,臺中市大里區金城里鳳城街27之5號,1000000,1050513
33634,70613495,進發紡織有限公司,臺中市沙鹿區三鹿里國昌二街42號,1000000,1050518
33636,70614115,東澄工業有限公司,臺中市神岡區大富路156巷21號1樓,5000000,1050521
33638,70614749,鼎誠資訊股份有限公司,臺中市西區民權路239號17樓,9840000,1050510
33640,70614971,錦諭廣告有限公司,臺中市南區福興里福新街一一二號一樓,3000000,1050506
33641,70615016,馬思特有限公司,臺中市西區永龍里模範街一巷五號二樓,1000000,1050506
33643,70615944,林富企業有限公司,臺中市大里區永興路五八號一樓,1000000,1050523
33645,70616866,成易照明有限公司,臺中市南屯區豐樂里永春東一路805-2號1樓,8000000,1050523
33646,70616991,永愛工業有限公司,臺中市神岡區社南里中山路667巷16號,1000000,1050525
33648,70617149,詠源環保工程有限公司,臺中市北屯區平興里興安路二段17號7樓之1,5000000,1050504
33649,70617204,順德營造有限公司,臺中市和平區南勢里東關路三段一九五號二樓,3000000,1050520
33661,70619792,瀚翔節能科技有限公司,臺中市大甲區平安里文昌街68號,10000000,1050524
33664,70620989,久隆營造有限公司,臺中市北屯區松山街147號1樓,3000000,1050517
33669,70622115,麥克凱蒂傳播有限公司,臺中市北屯區崇德六路一段31巷6號5樓,2000000,1050502
33675,70624508,博美形象廣告有限公司,臺中市南區南和里工學路66之1號1樓,1000000,1050523
33676,70624514,勁勛企業有限公司,臺中市西屯區協和里工業區三一路17號,20000000,1050518
33677,70624681,崴鋼工業有限公司,臺中市清水區鰲峰里光明路46號,12000000,1050512
33683,70627456,喬國公寓大廈管理維護股份有限公司,臺中市西屯區至善里逢甲路225巷22號2樓,10000000,1050505
33685,70627580,立順化工有限公司,臺中市太平區新福里旱溪東路一段五六六號,5000000,1050523
33686,70628130,鑫宏金屬有限公司,臺中市南屯區永春東路70號1樓,2000000,1050504
33689,70630059,宏葳企業有限公司,臺中市南屯區文心南六路167號1樓,6000000,1050517
33698,70633112,谷勵企業有限公司,臺中市大肚區山陽里沙田路三段768號,21000000,1050512
33699,70633128,由順鋼鐵有限公司,臺中市北屯區軍榮一街17巷1號1樓,21000000,1050516
33702,70633730,河康精密有限公司,臺中市西屯區何仁里天水東一街21號1樓,1000000,1050506
33708,70637095,郁伸企業有限公司,臺中市豐原區南村里水源路二六三巷一○號,1000000,1050510
33718,70641767,晉富印刷有限公司,臺中市東區振福路100巷2號,2000000,1050526
33739,70647946,艾法爾國際貿易股份有限公司,臺中市大里區西榮里益民路二段174號,1000000,1050513
33741,70649297,鑫合億營造有限公司,臺中市西屯區天水東街12號6樓之3,6000000,1050504
33743,70649347,淞元科技有限公司,臺中市大雅區前村路108號,20000000,1050502
33744,70649780,美思樂汽車旅館有限公司,臺中市大里區東興里大明路四八○號一樓、二樓,5000000,1050504
33748,70651053,國麗化工有限公司,臺中市西區柳川東路二段27號1樓,10000000,1050502
33750,70651504,富優大電業有限公司,臺中市神岡區大社里大洲路243號1樓,5000000,1050530
33752,70652497,銓宏報關有限公司,臺中市梧棲區頂寮里大仁路二段353巷7號1樓,5000000,1050505
33753,70653159,基寶工程有限公司,臺中市北屯區天津路四段163號1樓,4000000,1050524
33754,70653242,美喬國際有限公司,臺中市北區錦平里中華路二段130-1號1樓,1000000,1050507
33755,70654179,竺利企業有限公司,臺中市太平區建國里鵬儀路二九六巷六弄七六號一樓　,1000000,1050529
33757,70654657,僑真國際有限公司,臺中市西屯區何明里大有街109號2樓,6000000,1050527
33760,70655229,匠村工業有限公司,臺中市烏日區三榮七路8號1樓,1000000,1050503
33761,70655472,承泰模具開發有限公司,臺中市東區東光園路100巷6弄213號1樓,1000000,1050501
33763,70655608,鴻泰營造有限公司,臺中市太平區振英街一○九巷一七號一樓,3000000,1050521
33765,70655895,通綸實業有限公司,臺中市后里區墩南里舊社路2之2號,10000000,1050512
33766,70655945,勤積企業有限公司,臺中市潭子區東寶里雅潭路2段190巷34號,1000000,1050508
33770,70659956,高達環保工程有限公司,臺中市豐原區東湳里三豐路566巷143弄41之15號,1000000,1050525
33771,70660145,昱登營造有限公司,臺中市西屯區何仁里洛陽路111巷9弄3號1樓,10000000,1050520
33772,70660670,甫桂企業有限公司,臺中市大雅區上楓里楓林街三三巷三號一樓,5000000,1050510
33773,70660692,宜禾營造有限公司,臺中市南屯區大同里大進西街40號1樓,3000000,1050523
33781,70662930,三匠有限公司,臺中市太平區永成路124號,3000000,1050509
33783,70663213,三旺報關有限公司,臺中市梧棲區頂寮里大仁路2段353巷6號6樓之5,5000000,1050502
33785,70664079,菩安禮儀股份有限公司,臺中市豐原區豐榮里三民路190巷1弄3號,1001000,1050518
33790,70665726,衣特有限公司,臺中市西屯區惠來里河南路四段65號1樓,1000000,1050506
33791,70665922,友全貿易有限公司,臺中市太平區新福路386號1樓,1000000,1050519
33796,70667858,峰盛印刷事業有限公司,臺中市西區五權西五街８６號,1000000,1050505
33804,70670848,富慶實業有限公司,臺中市烏日區溪南路一段575巷51號1樓,1000000,1050503
33805,70671403,利鴻車體有限公司,臺中市梧棲區草湳里臨港路三段180號,10000000,1050502
33816,70673633,宜成國際有限公司,臺中市西屯區文心路三段三一六號一樓,500000,1050506
33837,70680727,東巍企業有限公司,臺中市梧棲區永安里向上路九段466巷69號,28000000,1050527
33841,70681789,龍楹工程顧問有限公司,臺中市南區福平街八七號一樓,2000000,1050518
33843,70682491,竣豐營造工程有限公司,臺中市沙鹿區福興里東晉一街67巷10號1樓,6000000,1050527
33851,70684435,毓峻實業股份有限公司,臺中市太平區永成路120號,5000000,1050522
33855,70685407,鼎典科技有限公司,臺中市沙鹿區南勢里鎮南路2段41號2樓,5000000,1050517
33864,70689332,鐙陽交通有限公司,臺中市西屯區臺灣大道四段786巷16號2樓,25000000,1050516
33872,70690400,新誠鋒實業有限公司,臺中市后里區義里里甲后路一三八巷八︱二號,500000,1050519
33874,70690669,捷龍金屬實業有限公司,臺中市神岡區庄後里大圳路48-1號一樓,1000000,1050518
33875,70690767,旭遠科技企業股份有限公司,臺中市烏日區溪尾里慶光路69之8號,29000000,1050512
33877,70691581,紳旺企業有限公司,臺中市北屯區軍功里一新二街47巷2號1樓,2000000,1050507
33879,70692081,格聖營造有限公司,臺中市西屯區何安里四川東街89巷7-2號,10000000,1050526
33882,70692266,品翔益興業有限公司,臺中市大肚區營埔里船頭三街118巷17號1樓,3000000,1050506
33887,70693321,麗晟營造有限公司,臺中市豐原區大湳里三豐路334巷2-2號1樓,3000000,1050530
33896,70697157,全美速達有限公司,臺中市南屯區大進街329號1樓,5000000,1050506
33904,70698114,亘陽建材有限公司,臺中市豐原區豐西里忠孝街79巷24號4樓之12,5000000,1050524
33908,70699985,盛群石材有限公司,臺中市大里區大明路141巷3號4樓,1000000,1050502
33927,70705403,越正企業有限公司,臺中市西區五權路22巷12之1號,1000000,1050523
33932,70706830,宏瑀營造有限公司,臺中市西區公平里精美街37號1樓,3000000,1050530
33934,70706901,嶠璒有限公司,臺中市大雅區橫山里永和路8-22號,3000000,1050512
33937,70708149,震烜營造有限公司,臺中市南區平和里新和街156號1樓,3000000,1050502
33939,70708416,精曜電腦有限公司,臺中市烏日區九德村自強街59巷17號2樓,5000000,1050517
33942,70710200,翔方汽車有限公司,臺中市大里區永隆路79號1樓,3000000,1050518
33944,70710551,弘緯精機企業有限公司,臺中市豐原區鎌村里鎌村路326巷19號,6000000,1050506
33949,70712214,舜元建設股份有限公司,臺中市西屯區文心路二段201號5樓之5,150000000,1050527
33950,70712381,珈鼎通信有限公司,臺中市西區昇平里中美街121巷6號4樓,1000000,1050524
33955,70714177,麥格納服裝有限公司,臺中市南屯區大墩路916號2樓,1000000,1050506
33956,70714212,緯晴國際貿易有限公司,臺中市西屯區中康街215巷20號1樓,1000000,1050524
33957,70714389,緯雄實業有限公司,臺中市北區青島路二段105號1樓,500000,1050518
33958,70714439,錦尚億有限公司,臺中市沙鹿區福興里沙田路十八號,2000000,1050525
33959,70714471,程安企業有限公司,臺中市清水區清水里光華路43巷2號1樓,3000000,1050502
33960,70714536,建興加油站股份有限公司,臺中市大甲區建興里臨江路162之10號,5000000,1050502
33968,70716696,東印貿易有限公司,臺中市大里區長榮里西榮路315號1樓,1000000,1050523
33970,70717673,實福有限公司,臺中市東區振興路412巷32號1樓,1000000,1050503
33971,70717766,鵬鏵企業有限公司,臺中市大雅區雅環路2段340號1樓,1000000,1050506
33975,70718878,豐皇營造有限公司,臺中市外埔區三崁里甲后路興中三巷12號1樓,25800000,1050531
33978,70720489,弘全鈑金興業股份有限公司,臺中市西屯區工業區三九路52號3樓,20000000,1050517
33986,70723372,威名消防工程有限公司,臺中市北區建德里國豐街2號,5000000,1050523
33996,70725575,法台貿易有限公司,臺中市西屯區臺灣大道三段306巷39弄9號,500000,1050513
33997,70725908,欣連精密工業有限公司,臺中市豐原區頂街里博愛街31號3樓,5000000,1050523
33998,70726462,永聚消防工程有限公司,臺中市大甲區幸福里中山路二段566巷1之61號1樓,1000000,1050505
34000,70727103,佑歷有限公司,臺中市烏日區九德里中華路266號1樓,1000000,1050503
34004,70727363,正垣有限公司,臺中市烏日區九德里中華路２６６號１樓,1000000,1050517
34007,70728124,卜赫馬有限公司,臺中市大安區龜壳里南海路207號,3500000,1050506
34012,70728481,博淵科技有限公司,臺中市北屯區昌平路１段９５-８號４樓之１,2000000,1050501
34017,70729361,本府企業有限公司,臺中市大里區東興里東明路291巷21號,6000000,1050518
34021,70729904,同昇塑膠有限公司,臺中市龍井區三德里中厝路391巷46號,5000000,1050514
34023,70730135,永峻昌工業有限公司,臺中市霧峰區四德里四德路505巷20號,12000000,1050502
34026,70731015,艾偉特有限公司,臺中市北屯區雷中街一一二巷二二號一樓,5000000,1050531
34032,70733560,領先視聽科技有限公司,臺中市北屯區河北路二段111號11樓之3,1000000,1050502
34034,70734287,齊亞國際有限公司,臺中市潭子區栗林里中山路三段305巷53號1樓,5000000,1050521
34036,70734809,晶禧科技股份有限公司,臺中市南屯區寶山里工業區20路46號,70000000,1050514
34038,70735429,匠聯股份有限公司,臺中市北屯區松強里興安路二段461巷50號1樓,5000000,1050525
34040,70735547,共好國際有限公司,臺中市新社區復盛里中和街三段112號,2000000,1050519
34045,70737469,嘉徠企業有限公司,臺中市太平區宜昌里中山路三段九九巷二七號五樓,1000000,1050505
34046,70737616,億馨工業有限公司,臺中市大里區瑞城里塗城路三六八巷14-2號,1000000,1050504
34053,70740226,毅誠工程有限公司,臺中市大甲區新美里光明路261巷2號,6000000,1050523
34058,70742863,鋒佶有限公司,臺中市太平區中興里東平路777巷17號1樓,11000000,1050506
34073,70760340,百福能源管理股份有限公司,臺中市中區繼光街83號1樓,468800000,1050524
34174,70848710,理盛精密科技股份有限公司,臺中市梧棲區緯二路1號,200000000,1050505
34281,76303721,太鼎營造股份有限公司,臺中市豐原區鐮村一街29巷1號1樓,42000000,1050513
34295,79951685,双富不動產經紀有限公司,臺中市清水區南社里中華路243號1樓,1000000,1050504
34301,79954655,嘉鐵資源回收有限公司,臺中市梧棲區南簡里大智路一段330巷167號,1000000,1050501
34303,79955752,佑綸塑膠有限公司,臺中市龍井區忠和里工業路182巷15弄6號,5000000,1050517
34305,79956056,臻富國際有限公司,臺中市太平區樹德一街52號1樓,500000,1050525
34311,79960191,大成科技股份有限公司,臺中市神岡區豐洲里神洲路262巷5號,5000000,1050504
34314,79960489,王聲電子科技有限公司,臺中市東區東門里東光園路202號1樓,2000000,1050502
34322,79962352,吉安廣告企劃有限公司,臺中市龍井區臺灣大道五段167號1樓,1000000,1050523
34330,79963964,鴻鑫公寓大廈管理維護有限公司,臺中市北屯區文心路四段698號14樓之2,10000000,1050526
34333,79964801,亦誠不動產經紀有限公司,臺中市南屯區三和里河南路四段439號1樓　,500000,1050519
34338,79966532,隨豐冷凍股份有限公司,臺中市西屯區大河街57號,28000000,1050503
34339,79967309,永陞豐企業有限公司,臺中市神岡區岸裡里大豐路五段295巷28弄2號,700000,1050513
34341,79967785,尚鴻開發顧問有限公司,臺中市北屯區平陽里河北一街66巷33號1樓,1000000,1050510
34342,79968551,足強有限公司,臺中市大里區中興路一段2巷81弄67號1樓,500000,1050509
34346,79970022,睿勝營造有限公司,臺中市北區梅亭街175-3號4樓,3000000,1050517
34347,79970135,勇椿企業有限公司,臺中市烏日區東園里溪南路一段460巷462弄2號1樓,1000000,1050505
34351,79970825,威仲不動產有限公司,臺中市南屯區文心路一段198號1樓,500000,1050520
34356,79971578,浦騰工程顧問有限公司,臺中市南屯區文心南二路492號1樓,10000000,1050514
34360,79972083,允詳貿易有限公司,臺中市南屯區大墩一街273號1樓,500000,1050513
34365,79973800,奕鑫電業工程有限公司,臺中市大安區中庄里三元路3巷43號1樓,2000000,1050502
34366,79974049,大潤通運有限公司,臺中市梧棲區草湳里臨港路三段960號2樓,55000000,1050515
34371,79975223,駿豪複合材料有限公司,臺中市南區南和里工學路8-6號1樓,3800000,1050527
34372,79975265,渤楊企業有限公司,臺中市南屯區永定里文昌街206巷3號1樓,500000,1050516
34379,79979353,協剛模具股份有限公司,臺中市大肚區沙田路二段310巷2之1號,28000000,1050507
34384,79980289,奇伯樂企業有限公司,臺中市神岡區豐洲里東洲路23巷11弄7號3樓,500000,1050516
34390,79983602,和泳實業有限公司,臺中市神岡區昌平路五段237巷195號,1000000,1050531
34396,79985427,登傑營造股份有限公司,臺中市西屯區大墩二十街116號2樓之2,29400000,1050514
34397,79985545,志岱企業股份有限公司,臺中市西區民龍里文化街156號地下層之2,2049040,1050529
34398,79985860,全永欣股份有限公司,臺中市烏日區溪壩里環中路八段860巷21號1樓,5500000,1050503
34403,79987038,永珈國際開發有限公司,臺中市潭子區東寶里大德北路45-2號,1000000,1050519
34404,79987261,信亮企業有限公司,臺中市清水區東山里神清路98之12號,30000000,1050520
34408,79988114,吉喬有限公司,臺中市豐原區圳寮里圳寮路90號,1000000,1050508
34410,79988402,詠勝一閥業有限公司,臺中市潭子區福仁里中山路二段19號1樓,3000000,1050517
34417,79989325,鴻暉工業有限公司,臺中市大肚區社腳里沙田路1段712號1樓,5000000,1050529
34426,79992172,協成通運興業有限公司,臺中市北屯區昌平路二段19-20號,8000000,1050510
34428,79993539,福慶機械工業股份有限公司,臺中市大里區仁化工十二路108號,25000000,1050518
34431,79994002,高笠機械有限公司,臺中市烏日區中山路三段1113號1樓,1000000,1050524
34432,79994191,淞浤有限公司,臺中市南屯區楓樹里樂田巷9之23號,10000000,1050506
34438,79997541,滙科企業有限公司,臺中市南區美村路2段106巷61號1樓,5000000,1050527
34443,79998773,源洋制服時裝有限公司,臺中市沙鹿區福人街五三號一樓,1500000,1050511
34444,79999225,可達雅企業有限公司,臺中市清水區海風里和睦路一段961巷38號,3000000,1050516
34453,80001282,銘安科技股份有限公司,臺中市大里區仁化里工業十一路147號,118045640,1050519
34454,80001396,威普科技儀器有限公司,臺中市梧棲區南簡里長春路71號1樓,1000000,1050505
34455,80001430,宜瑪企業股份有限公司,臺中市霧峰區四德里四德路562號1樓,5000000,1050516
34459,80002043,司技科技有限公司,臺中市西區英才路497號2樓,1000000,1050516
34460,80002135,鑫偉勝機械有限公司,臺中市神岡區溪洲里福民路115巷38號,29000000,1050526
34470,80004176,年億紙業有限公司,臺中市大里區仁化路1108號,5500000,1050512
34475,80004605,精彩彩色事業有限公司,臺中市大里區國光里8鄰至聖路58號5樓,3000000,1050518
34481,80006104,欣詳企業有限公司,臺中市西區向上路一段二四五巷六號一樓,500000,1050529
34486,80007477,臻大國際有限公司,臺中市北區明德里西屯路1段417號,5000000,1050520
34490,80009496,和億豐營造有限公司,臺中市大雅區雅環路1段155巷24號1樓,3000000,1050520
34493,80010629,軒昆企業有限公司,臺中市西屯區福林里福雅路一三七巷三號一樓,1000000,1050523
34498,80012204,渥世達有限公司,臺中市潭子區大豐里大豐路3段77巷3號1樓,2000000,1050515
34519,80016530,元品翔實業有限公司,臺中市西區大墩十街六九號一樓,1000000,1050502
34522,80017637,源商資產管理有限公司,臺中市南區文心南路677號,2000000,1050524
34525,80019190,金山盛工業有限公司,臺中市太平區中山路三段19巷40弄11號1樓,500000,1050503
34529,80019950,蓮荷國際有限公司,臺中市大里區立仁路115巷18號,7000000,1050519
34534,80036212,宇森廣告事業有限公司,臺中市北屯區平心里遼陽四街一一六號五樓之一,1000000,1050502
34537,80037346,安順科技有限公司,臺中市太平區太平里太平十五街13巷7號,5000000,1050519
34539,80038372,綠藝園藝有限公司,臺中市西屯區河南東二街18號1樓,5000000,1050516
34546,80039512,北海祭品股份有限公司,臺中市太平區宜欣里宜欣二路1號1樓,15300000,1050506
34547,80039837,宇進科技有限公司,臺中市西屯區文心路三段219號4樓之2,8000000,1050502
34548,80039935,曜誠工業有限公司,臺中市潭子區甘蔗里勝利十二街70巷8號1樓,3500000,1050505
34553,80042262,傑晟金屬工業有限公司,臺中市潭子區潭北里人和路二五三巷一弄十一號一樓,1000000,1050510
34562,80044135,星冠企劃傳媒有限公司,臺中市潭子區栗林里中山路三段493巷23弄79號1樓,5000000,1050523
34563,80044698,鴻翊精密股份有限公司,臺中市大里區大明路２３７號１樓,7000000,1050510
34564,80045015,織福實業有限公司,臺中市大肚區福山里沙田路一段388巷35之10號,28000000,1050511
34570,80046318,浩維國際貿易有限公司,臺中市大里區新芳路105號1樓,6000000,1050510
34574,80046703,康家灣實業有限公司,臺中市西屯區中工二路96號,1000000,1050518
34576,80046859,橙慶興業股份有限公司,臺中市北區健行里德化街688號1樓,4800000,1050528
34577,80047013,泰宇興電梯有限公司,臺中市南屯區河南路4段190巷2-1號1樓　　,6000000,1050513
34581,80048483,宗毓服裝開發有限公司,臺中市北屯區平順里安順東十街90號1樓,500000,1050514
34583,80048717,銘豐國際食品有限公司,臺中市西區吉龍里五權七街61-1號1樓,4000000,1050514
34590,80050608,禾鈿有限公司,臺中市北屯區松山街28號1樓,2000000,1050510
34594,80051135,聯陽齒輪股份有限公司,臺中市西屯區福中三街23巷8號1樓,4000000,1050528
34597,80052211,崴琦室內裝修工程有限公司,臺中市南屯區惠中里文心路一段378號15樓之9,5000000,1050501
34598,80052774,宥原有限公司,臺中市太平區工業15路13號,1000000,1050519
34601,80054421,長翼鋼鋁金屬有限公司,臺中市大里區新南路260號1樓,1000000,1050518
34607,80056292,駿銓電腦有限公司,臺中市豐原區西湳里豐北街385號　,5000000,1050505
34611,80057095,百益貿易有限公司,臺中市南屯區大昌街165巷4號1樓,5000000,1050501
34619,80058361,高品生物科技管理顧問股份有限公司,臺中市北區崇德路一段258號,60000000,1050506
34620,80058622,信鋐鋁門窗有限公司,臺中市沙鹿區鹿峰里星河路九○號,500000,1050503
34627,80060021,宏億汽車拖吊有限公司,臺中市霧峰區民生路一六六︱一號,1000000,1050524
34632,80060633,益昌電器承裝工程有限公司,臺中市豐原區豐田里田心路二段267中巷56號　,1000000,1050530
34638,80061350,騰姩實業股份有限公司,臺中市西區臺灣大道二段170號2樓,93063180,1050525
34642,80062230,台灣張銀傳動有限公司,臺中市西屯區福中里一鄰福中十六街5巷28號1樓,5000000,1050523
34648,80063462,和宏利有限公司,臺中市烏日區溪埧里溪南路１段５５３巷１３號１樓,1000000,1050530
34660,80068179,群豐皮革實業有限公司,臺中市大里區永隆里東榮路556號,3000000,1050512
34671,80072390,永喬發塑膠有限公司,臺中市梧棲區永安里永興路一段39巷182號,3000000,1050512
34673,80073898,林宸國際股份有限公司,臺中市神岡區林厝路2之6號1樓,15000000,1050503
34675,80074171,聖玨國際有限公司,臺中市龍井區新東里臺灣大道五段109巷10號1樓,25000000,1050531
34680,80076298,美嘉生技儀器有限公司,臺中市霧峰區吉峰里民生路393-22號,6000000,1050518
34694,80080119,元聖國際實業有限公司,臺中市太平區東和里東村十二街6號1樓,5000000,1050530
34702,80081601,順晟科技企業有限公司,臺中市沙鹿區屏西路17號1樓,30000000,1050502
34705,80082019,萬泰豐有限公司,臺中市南區忠明南路582之10號4樓,1000000,1050530
34706,80082215,奕詮科技有限公司,臺中市烏日區仁德里信義街一四一巷三四號一樓　　　　　,1000000,1050519
34712,80083592,新工法室內裝修設計有限公司,臺中市西屯區西屯路二段330號1樓,1500000,1050525
34713,80083967,郁昆企業有限公司,臺中市西屯區河南路二段106號1樓　　,5000000,1050517
34714,80084121,天天雨漏工程有限公司,臺中市南屯區楓樹里楓樹東街450號1樓,1000000,1050523
34716,80084683,永宸室內裝修有限公司,臺中市龍井區新庄里中沙路新庄仔巷２９–７號１樓,1000000,1050512
34719,80085563,華成建築經理有限公司,臺中市北區忠明五街31號1樓,5000000,1050513
34722,80086486,瓏登企業有限公司,臺中市北區賴明里中清路一段726巷17號12樓之3,1000000,1050527
34724,80087387,元葳旅行社股份有限公司,臺中市南屯區大英街20號1樓,6000000,1050506
34727,80087865,國資自動科技有限公司,臺中市龍井區新興路二二巷二弄六之一號一樓,2000000,1050502
34730,80088421,智宏實業有限公司,臺中市北屯區同榮里大富路100之7號1樓,1000000,1050513
34731,80088533,台裕電氣工程有限公司,臺中市龍井區中央路二段一五八巷一一號,1000000,1050513
34734,80089667,富士霖機電有限公司,臺中市北屯區軍功里環中東路二段106號,5000000,1050507
34735,80090691,安泰工業有限公司,臺中市豐原區北湳里大順街8巷121號,6000000,1050503
34738,80091538,明佳達科技有限公司,臺中市龍井區藝術南街63號1樓,500000,1050525
34739,80091777,虹友有限公司,臺中市中區綠川西街九三巷八號一樓,3500000,1050514
34740,80092591,頤安婦嬰美容國際有限公司,臺中市大肚區沙田路二段七三○號一及二樓,500000,1050523
34749,80095653,福禾力國際事業有限公司,臺中市潭子區頭家里得天街91巷36號1樓,2000000,1050519
34753,80096766,育格企業有限公司,臺中市西區吉龍里五權五街95巷5號1樓,5000000,1050513
34761,80099047,鈺全貿易有限公司,臺中市豐原區豐田里田心路二段147巷1號1樓,2000000,1050511
34766,80100277,捷羚網路企劃有限公司,臺中市潭子區東寶里大豐一路163號2樓,1000000,1050517
34772,80101445,譯璽有限公司,臺中市北屯區崇德六路一段三○巷一○○號七樓,500000,1050520
34773,80101579,晁舜有限公司,臺中市北屯區平興里遼寧路一段120號1樓,523000,1050517
34784,80103324,紹宇實業有限公司,臺中市太平區永平里中平路1巷14號1樓,10000000,1050527
34792,80104750,現代化有限公司,臺中市北屯區中港巷42號1樓,500000,1050526
34793,80105168,佳家國際企業有限公司,臺中市西區長春街47號1樓,1000000,1050518
34799,80107497,精昱營造有限公司,臺中市梧棲區大村里文心街231巷91號1樓,3000000,1050525
34801,80107659,富順太陽能源企業有限公司,臺中市西屯區福安北巷14號1樓,2000000,1050514
34804,80108714,吉俐鋼鐵有限公司,臺中市太平區德隆里光德路231號1樓,1000000,1050516
34805,80108833,速沛達有限公司,臺中市西屯區西屯路三段宏恩三巷27弄2之1號1樓,1200000,1050510
34816,80111979,赫怡有限公司,臺中市沙鹿區福興里鎮南路二段二九九巷二一號一樓,500000,1050518
34819,80112436,開封府實業有限公司,臺中市潭子區大豐里雅豐街260巷33號2樓,6000000,1050514
34820,80112745,台灣拜肯有限公司,臺中市西區三民路１段１４９號３樓之１,3000000,1050521
34822,80112978,程鼎實業股份有限公司,臺中市豐原區社皮里大豐路五段208號,60000000,1050521
34823,80112999,森隆電材有限公司,臺中市北屯區水景街126巷2號1樓,500000,1050518
34829,80115102,山大王食品有限公司,臺中市北屯區松和街191巷65號1樓,2000000,1050504
34832,80116257,甲有工程有限公司,臺中市太平區德隆里德明路189號1樓,1000000,1050520
34838,80117087,合盈交通器材有限公司,臺中市清水區南社里忠孝路200巷84號1樓,1000000,1050504
34841,80117636,登鍠營造有限公司,臺中市北屯區松茂里北新路56號1樓,10000000,1050504
34843,80117729,普琛實業有限公司,臺中市大里區內新里新南路四五︱四號　,5000000,1050509
34850,80119753,炘權企業有限公司,臺中市南屯區工業區廿三路23號,27000000,1050516
34853,80120267,智訓有限公司,臺中市西屯區協和里工業區31路22號1樓,25000000,1050511
34854,80120409,涵琪雅國際美容有限公司,臺中市西屯區何明里太原路一段173號,1000000,1050526
34855,80120560,明聖興業有限公司,臺中市豐原區三村里西勢路四九四巷一號一樓　,1000000,1050511
34856,80120837,人延專業美容有限公司,臺中市南屯區文心南五路一段658號1樓,1000000,1050512
34861,80122700,錦翰鋁業工程有限公司,臺中市霧峰區丁台里丁台路516號,500000,1050511
34862,80123047,沅益工程有限公司,臺中市潭子區頭家里得福街162巷10號1樓,1000000,1050501
34863,80124361,威沃尼斯有限公司,臺中市北區健行里德化街621號1樓,500000,1050531
34872,80127634,精鋐精密科技有限公司,臺中市西屯區永安里西林巷1-15號,4650000,1050523
34873,80127682,明日森林股份有限公司,臺中市西屯區潮洋里朝富路232號1樓,8500000,1050519
34877,80128818,旭義有限公司,臺中市西屯區逢甲里崇義街三七號一樓,1000000,1050509
34879,80129437,大眾消防工程有限公司,臺中市西區忠明里長春街58號1樓,1000000,1050504
34899,80135557,大烏日開發有限公司,臺中市大里區新里里34鄰青松街110之3號,1000000,1050527
34900,80135607,百德科技儀器有限公司,臺中市南區永興里工學一街226巷12號1樓,6000000,1050527
34909,80136937,世威實業有限公司,臺中市大里區祥興里亞洲街166-3號3樓,2000000,1050512
34910,80137302,台灣天力工具股份有限公司,臺中市大里區仁化里工業20路6號,2000000,1050518
34915,80138219,裕紳有限公司,臺中市太平區新興里樹德九街109巷26號1樓,3000000,1050531
34918,80138421,太陽堂傳統糕餅有限公司,臺中市南區福田路91號2樓,6000000,1050514
34933,80144140,建原工程有限公司,臺中市太平區新福十六街51號,3000000,1050517
34941,80145788,勤豐科技有限公司,臺中市神岡區社南里昌平路5段420號,3000000,1050502
34988,80167797,億統國際有限公司,臺中市北屯區文昌東十街27號1樓,2000000,1050517
35043,80195506,登鼎企業開發有限公司,臺中市北屯區文心路三段1027號6樓,6000000,1050522
35074,80207307,大巨匠國際冷凍科技有限公司,臺中市東區七中路108號1樓,5000000,1050511
35075,80207708,喜來登興業有限公司,臺中市潭子區聚興里潭興路一段17巷12之16號1樓,3000000,1050515
35077,80209213,首萊特文創開發股份有限公司,臺中市西區臺灣大道二段285號23樓之2,3000000,1050506
35080,80209348,正隆商業有限公司,臺中市大甲區文武里育英路304號9樓,500000,1050524
35085,80210491,國格有限公司,臺中市太平區宜欣里溪洲路65號　,3000000,1050522
35090,80211365,和興環保工程有限公司,臺中市大里區仁德里至善路85號1樓,7000000,1050505
35106,80215616,帝元工業有限公司,臺中市大里區瑞城里塗城路451巷11號1樓,2000000,1050507
35109,80216072,金發環境衛生工程有限公司,臺中市北屯區大連路一段一六巷五號一樓,5000000,1050519
35112,80216761,東吉利企業股份有限公司,臺中市梧棲區中正里港埠路二段165號1樓,5000000,1050512
35113,80217038,醫技實業有限公司,臺中市西屯區工業區三三路12-5號1樓,13500000,1050526
35114,80217403,力揚人力仲介開發有限公司,臺中市北區進化路575號4樓之3,7000000,1050519
35125,80219107,雅清禮儀有限公司,臺中市大雅區三和里建興路163號1樓,1000000,1050520
35129,80219697,均佳生物科技有限公司,臺中市大里區西湖里西湖路282號,10000000,1050504
35130,80220006,泓成園藝資材有限公司,臺中市烏日區中山路三段411號1樓,1000000,1050518
35132,80220809,斯柏特工業股份有限公司,臺中市大雅區神林路一段343巷35號,17898000,1050530
35141,80222187,金九如電器音響有限公司,臺中市大里區長榮里新生西路三八號一樓,500000,1050520
35147,80223587,東英測量工程有限公司,臺中市西區忠明里博館三街82號3樓,1000000,1050518
35156,80226091,台灣興和生化科技股份有限公司,臺中市西區臺灣大道二段285號16樓,20000000,1050514
35158,80226310,泰樂科技有限公司,臺中市南屯區永定里文昌街227巷87號1樓,10000000,1050522
35159,80226748,必成泰工程有限公司,臺中市大肚區蔗廍里中蔗路2巷3弄16號1樓,10000000,1050518
35164,80228247,威固醫院管理顧問股份有限公司,臺中市西屯區何南里臺灣大道二段689號8樓,1300000,1050503
35165,80229490,上曜科技有限公司,臺中市東區東英九街79號1樓,3000000,1050519
35167,80229914,日鑫金屬有限公司,臺中市太平區永成北路一八六巷六五號一樓,3000000,1050520
35171,80231186,宏煒有限公司,臺中市太平區中興里永義二街33號1樓,1500000,1050512
35177,80232707,裕光照明有限公司,臺中市潭子區福仁里圓通南路93巷36號1樓,1000000,1050510
35180,80233157,利威油業有限公司,臺中市大雅區民富街五三號,500000,1050525
35188,80235296,峻祥科技有限公司,臺中市北屯區平心里安順東九街3號2樓,500000,1050524
35194,80236513,見勇工業有限公司,臺中市豐原區豐西里豐西街九八號,5000000,1050524
35198,80236915,第一手編物有限公司,臺中市北區文莊里五權路249號2樓,5000000,1050520
35207,80240087,裕元工程顧問有限公司,臺中市潭子區甘蔗里勝利一街68號1樓,2000000,1050520
35208,80240447,鈺唐電機有限公司,臺中市大里區祥興里吉善一街三一號一樓,1000000,1050521
35209,80240679,興濟環境工程有限公司,臺中市龍井區竹坑里竹師路一段100巷6弄7號1樓,5000000,1050505
35211,80242120,威泰照明有限公司,臺中市大雅區西寶里雅潭路三段537號,8000000,1050526
35224,80245127,康律企業有限公司,臺中市梧棲區頂寮里大仁路2段66號,21300000,1050514
35226,80245816,通城塑膠實業有限公司,臺中市豐原區社皮里一心路一七八號一樓,1000000,1050519
35227,80245914,永芝事業有限公司,臺中市潭子區合作街38巷58號1樓,1000000,1050510
35228,80245935,瑞邑營造有限公司,臺中市南屯區惠德街61巷16號1樓,3000000,1050508
35231,80246456,詮通電腦有限公司,臺中市北區進化路575號4樓之6,3000000,1050522
35233,80247336,全隆金屬股份有限公司,臺中市霧峰區本堂里林森路608號1樓,20000000,1050523
35234,80247390,富倈寶企業有限公司,臺中市南屯區豐樂里文心南三路９７８號１樓,1000000,1050516
35239,80249051,成碩國際股份有限公司,臺中市南屯區三厝里大富街98號3樓,9000000,1050503
35241,80249518,棲中企業有限公司,臺中市北屯區四平路387巷33號1樓,1500000,1050504
35249,80254384,楓荃有限公司,臺中市南屯區楓樹里永春東三路1號,6550000,1050510
35250,80254413,冠侑有限公司,臺中市太平區太平里合利街22號,1000000,1050517
35251,80255145,后生企業有限公司,臺中市外埔區大東里甲后路768號1樓,20000000,1050503
35259,80257024,侑正不動產經紀有限公司,臺中市北屯區平田里興安路一段331號1樓,500000,1050505
35262,80257116,南陽機器有限公司,臺中市東區育英路三三之十一號一樓,1000000,1050503
35263,80257220,瀝陽實業有限公司,臺中市東區旱溪里旱溪西路一段446巷20號1樓,12000000,1050524
35264,80257875,高名威實業有限公司,臺中市西區藍興里自由路一段28之5號10樓之3,1000000,1050518
35265,80258121,淨園水設備有限公司,臺中市大肚區仁德路66西1巷8號,1000000,1050510
35354,80302576,大地再造股份有限公司,臺中市太平區建國里精美路353號2樓,10000000,1050506
35371,80308924,虹開企業有限公司,臺中市龍井區新東里遊園南路319巷153之1號,5000000,1050525
35387,80313790,天隆盛有限公司,臺中市龍井區龍泉里沙田路五段140號,1000000,1050504
35393,80314995,勁威實業有限公司,臺中市大雅區民生路一段133巷15號,500000,1050524
35399,80316874,京緯工程有限公司,臺中市潭子區家興里榮興街80號10樓,2000000,1050518
35402,80317310,金玉堂行銷開發有限公司,臺中市北區明德里忠明路211號10樓之3,500000,1050510
35405,80317590,香晶食品有限公司,臺中市外埔區大同里甲后路興龍六巷22號　,1000000,1050516
35407,80317830,汎奇國際股份有限公司,臺中市西屯區臺灣大道二段659號9樓,23000000,1050519
35410,80318079,永鑫旺企業有限公司,臺中市北區漢口路四段60之6號1樓,5000000,1050505
35411,80318140,東記食品有限公司,臺中市龍井區三德里中厝路50巷52弄10號,1000000,1050525
35413,80319210,信晨有限公司,臺中市北屯區崇德六路138號4樓,1000000,1050517
35417,80320271,起初有限公司,臺中市潭子區栗林里中山路3段493巷38號,500000,1050506
35423,80321573,全有五金企業有限公司,臺中市南區高工路三五五號,1830000,1050502
35426,80322355,九宜事業有限公司,臺中市西屯區杏林路26巷18號1樓,1000000,1050501
35427,80322496,賽博國際有限公司,臺中市南屯區大進街669-3號7樓,1200000,1050511
35430,80324136,臺灣康迪生物科技有限公司,臺中市潭子區東寶里雅潭路二段399巷200號,12000000,1050514
35433,80324353,力偉有限公司,臺中市太平區太平里永豐路157巷36號,2000000,1050511
35435,80325536,唯壹國際股份有限公司,臺中市沙鹿區埔子里正英路365號1樓,3500000,1050525
35436,80325640,鈞諺工業有限公司,臺中市神岡區庄後里厚生路66號,2000000,1050520
35453,80344674,奕勝美股份有限公司,臺中市北屯區舊社里北屯路433號1樓,35000000,1050518
35474,80378890,九皋實業有限公司,臺中市北區頂厝里太原路二段267號5樓,5000000,1050513
35480,80389931,旺騰冷凍空調有限公司,臺中市大甲區和平路253巷21號,2000000,1050518
35482,80390873,愛家家具有限公司,臺中市西屯區惠來里惠中路二段61號,500000,1050529
35486,80391937,台灣崇百企業有限公司,臺中市大肚區蔗部里1鄰遊園路一段163號,5000000,1050524
35505,80395531,唯可有限公司,臺中市西屯區何源里河南東一街25號8樓,10000000,1050506
35509,80396166,旺林國際有限公司,臺中市北屯區舊社里僑孝街32巷23號2樓,8000000,1050531
35510,80396428,加和企業有限公司,臺中市大里區新里里二九鄰永隆二街三九號一樓　,3000000,1050510
35513,80396736,耀鎮國際有限公司,臺中市太平區新坪里育賢路110號1樓,6000000,1050518
35515,80397658,良程工程有限公司,臺中市大雅區上雅里學府路四○三巷四三號一樓　,10000000,1050518
35521,80398312,柏宏國際開發有限公司,臺中市大里區長榮里新生西路１８號１樓,1000000,1050505
35529,80400746,台灣真情實業有限公司,臺中市東區東光園路六八號一樓,6000000,1050509
35531,80401674,漢彌醫療器材有限公司,臺中市西屯區臺灣大道四段1330號2樓,500000,1050507
35537,80402287,裕祺電腦有限公司,臺中市西區精忠街23號1樓,1000000,1050517
35538,80403048,名秀有限公司,臺中市大里區夏田里國中路499號1樓,1000000,1050506
35540,80403574,高鼎人力資源管理顧問有限公司,臺中市西屯區天水東二街29號1樓,13000000,1050510
35543,80404428,曜誠實業有限公司,臺中市北屯區崇德路三段317巷122號1樓,1000000,1050505
35545,80404525,立群人力資源管理顧問有限公司,臺中市南區復興北路351號2樓,5000000,1050522
35546,80404757,右倡企業有限公司,臺中市西屯區福恩里工業區一路三六巷17號5樓,1000000,1050514
35550,80405720,弘展切削工具有限公司,臺中市神岡區豐洲里豐工南路20號,50000000,1050509
35555,80407311,東弘工業有限公司,臺中市太平區正光街197巷46號1樓,2000000,1050528
35558,80408563,大將作國際股份有限公司,臺中市西屯區工業區14路1號,50000000,1050517
35565,80410266,昌佾工業有限公司,臺中市大里區中興路二段六五巷一六弄三三號一樓,1000000,1050526
35566,80410414,冠景景觀有限公司,臺中市西屯區福中里福中十五街18號1樓,2000000,1050517
35572,80411645,洋澤企業有限公司,臺中市北屯區豐樂路二段206號,5000000,1050512
35573,80411912,勁捷工業有限公司,臺中市大雅區員林里神林路1段61號1樓,600000,1050509
35575,80412052,力揚人力資源有限公司,臺中市南屯區文心路一段306號3樓之2,7000000,1050516
35576,80412172,高鼎環保工程有限公司,臺中市西區柳川西路二段四○號三樓之二,3000000,1050516
35581,80412813,鴻成電腦有限公司,臺中市北屯區崇德路2段133號1樓,500000,1050516
35582,80412855,億宸股份有限公司,臺中市潭子區潭秀里勝利路331號1之2號,3000000,1050503
35591,80414447,新科企業有限公司,臺中市西區大忠里6鄰五權西路一段257號9樓之2,5000000,1050530
35593,80415311,益輝禮儀有限公司,臺中市北屯區平安里熱河路二段100號1樓,1000000,1050523
35595,80415488,頂弘實業有限公司,臺中市南區復興路3段194巷2號1樓,1000000,1050514
35598,80417541,萬達貿易有限公司,臺中市西屯區福安里福安路3號2樓,10000000,1050523
35600,80418035,宇皓開發有限公司,臺中市東區旱溪街395號1樓,8000000,1050526
35605,80419098,英曜科技股份有限公司,臺中市北屯區平興里遼寧路一段51巷10號,5000000,1050506
35612,80420433,建業事務有限公司,臺中市西屯區廣福路298之3樓,500000,1050519
35617,80423728,康纖麥有限公司,臺中市南屯區大誠里東興路二段94號1樓,500000,1050513
35619,80424445,有魚電熱有限公司,臺中市潭子區栗林里中山路三段四九三巷三八號,500000,1050506
35620,80424661,威基利消防工程有限公司,臺中市神岡區中山路851巷28弄6號1樓,1000000,1050518
35625,80425535,鑫鈿五金貿易有限公司,臺中市西屯區何安里天水西三街一七號二樓,10000000,1050523
35629,80426534,雷峰室內裝修設計有限公司,臺中市西區土庫里五權西五街94巷22號1樓,1000000,1050526
35632,80427219,台灣招東股份有限公司,臺中市大雅區建興路45巷2號1樓,4000000,1050519
35633,80427230,環中興業有限公司,臺中市豐原區南村里水源路709號2樓,5000000,1050514
35634,80427267,銳茂股份有限公司,臺中市大里區新仁里立新街32號2樓,5000000,1050504
35636,80428126,正喻有限公司,臺中市豐原區西安里永安街17號,600000,1050509
35637,80428174,亞瑞得企業股份有限公司,臺中市大里區中山路1巷1弄2號6樓,13000000,1050511
35639,80428863,家閎室內裝修有限公司,臺中市大肚區新興里沙田路二段一三二巷四三弄三號,1000000,1050525
35645,80430376,鉦禾有限公司,臺中市霧峰區北勢里丁台路601之1號,1000000,1050505
35648,80430946,銓沅工業有限公司,臺中市潭子區大富路三段177巷2號,2000000,1050525
35652,80431537,鎂鋒有限公司,臺中市西屯區嶺東路855-1號2樓,1000000,1050516
35665,80434653,泰合複材科技股份有限公司,臺中市豐原區圓環東路313號1樓,2000000,1050503
35667,80435490,傑碩資訊有限公司,臺中市西屯區至善路一七五號一樓,3150000,1050513
35669,80436738,百垣企業有限公司,臺中市大肚區頂街里大明1街6巷14之1號　,10000000,1050517
35671,80436913,長芸有限公司,臺中市大甲區義和里重義一路一五一號,3000000,1050509
35673,80437096,錆泰股份有限公司,臺中市大里區環中東路五段708號,25000000,1050509
35674,80437188,伯特企管顧問有限公司,臺中市北區太原路三段七八之六號一樓,1500000,1050520
35689,80439910,保宏貿易有限公司,臺中市南區南門里南門路59巷102號1樓,500000,1050506
35693,80440992,裕元花園酒店股份有限公司,臺中市西屯區臺灣大道四段610號,100000000,1050519
35700,80442817,伍麗企業有限公司,臺中市霧峰區南柳里霧工六路1號,5000000,1050524
35707,80444955,忠台包裝機械有限公司,臺中市南區南平路二九之一一號一樓,1000000,1050513
35721,80448328,右豐實業股份有限公司,臺中市豐原區中陽里自立街141號,10000000,1050518
35723,80448713,洋羿有限公司,臺中市太平區太平里永豐路157巷34號1樓,5000000,1050519
35732,80451483,晨歐貿易有限公司,臺中市西區忠誠里大隆路20號5樓之6,1000000,1050518
35734,80451884,甚優工業有限公司,臺中市神岡區社口里社口街四九九巷一五號一樓,1000000,1050505
35735,80452390,高仕科技顧問有限公司,臺中市西屯區甘肅路一段82號一樓,500000,1050504
35738,80453166,世緯實業有限公司,臺中市西屯區中康街二一五巷一二弄三號二樓,1000000,1050509
35739,80453623,竣偉科技有限公司,臺中市豐原區西勢路一一四巷四二弄二五號一樓,500000,1050511
35749,80455523,聖峰消防安全設備有限公司,臺中市北區東成路179號1樓,3000000,1050525
35755,80457070,俊傑露營車企業有限公司,臺中市石岡區豐勢路１２５２號１樓,10000000,1050519
35766,80460379,君良投資顧問有限公司,臺中市西屯區福恩里工業區一路58巷1號6樓之2,80000000,1050502
35767,80460504,全印通團體服有限公司,臺中市太平區太平里太平路七六七號一樓,1000000,1050502
35771,80460862,鈑藝實業有限公司,臺中市南屯區溝墘里大墩十三街18-3號2樓,1000000,1050512
35779,80461736,台藝造景園藝有限公司,臺中市北屯區東光里北屯路298巷6之6弄61號1樓,6000000,1050505
35780,80461784,郁祥工程有限公司,臺中市太平區興隆路67-5號1樓,1000000,1050503
35781,80462171,勁國機械企業有限公司,臺中市龍井區忠和里台西南路２２８巷１４號,2000000,1050528
35782,80462263,潔承有限公司,臺中市北屯區平昌里文昌東十街二十一號一樓,5000000,1050505
35786,80463072,合承企業有限公司,臺中市西屯區何安里西屯路二段95之43巷12號,1000000,1050527
35787,80463376,速盈科技有限公司,臺中市大里區東興里益民路二段三五七巷五二號一樓,1000000,1050502
35788,80463468,威達塑膠工業股份有限公司,臺中市大里區樹王里文心南路1191巷6號,15000000,1050504
35798,80465803,鑫弘昇有限公司,臺中市神岡區社口里民權一街五六巷四三號一樓,500000,1050513
35802,80467400,鉝錡企業有限公司,臺中市豐原區豐田里田心路2段272巷83弄32號,1000000,1050509
35803,80467416,瑞晟國際實業有限公司,臺中市北屯區仁愛里四平路63號,5000000,1050503
35807,80467632,興龍國際有限公司,臺中市南區崇倫里忠明南路730巷24號11樓,662000,1050517
35808,80467725,巨兆開發有限公司,臺中市北區山西路二段127號1樓,4500000,1050518
35809,80467921,欣鑫園藝有限公司,臺中市石岡區石岡里石城街三五號,500000,1050518
35817,80470361,佶興股份有限公司,臺中市東區東信里東英五街62號1樓,25000000,1050513
35835,80476267,台灣省能科技股份有限公司,臺中市東區進德北路２２巷８號,10000000,1050509
35836,80476702,元捷生物科技有限公司,臺中市西屯區福科路677號1樓,1000000,1050530
35841,80477239,億隆陞彈簧企業有限公司,臺中市龍井區田中里臨港東路一段33巷155號,9100000,1050514
35844,80477391,耐綺有限公司,臺中市北屯區后庄路250巷27號2樓,3000000,1050526
35847,80477934,昌冠工業有限公司,臺中市大里區工業八路33號,5000000,1050531
35848,80478217,鴻杰起重工程有限公司,臺中市烏日區新興路174號一樓,3000000,1050510
35850,80478510,龍德機械工業有限公司,臺中市豐原區東湳里三豐路884巷2弄5-1號,10000000,1050523
35851,80479428,崧聖合生化科技有限公司,臺中市南區建成路一一０四號一樓,1000000,1050507
35852,80479721,康品仙貴國際開發有限公司,臺中市北區頂厝里青島路3段220號1樓,3000000,1050511
35853,80480157,劭霖管理顧問有限公司,臺中市北區漢口路四段35號4樓之1,500000,1050528
35854,80480733,岳烽工業有限公司,臺中市潭子區栗林里民生街131巷25號1樓,1000000,1050510
35859,80481114,締旺股份有限公司,臺中市龍井區忠和里臨港路二段54號,10000000,1050521
35862,80481825,普陽科技有限公司,臺中市南區新華街38號1樓,6000000,1050502
35873,80485688,一進實業有限公司,臺中市豐原區合作街118巷67弄4號1樓,6000000,1050524
35877,80487102,溢群科技有限公司,臺中市沙鹿區南斗路311巷5弄1號1樓,5000000,1050524
35878,80487193,捷新資訊股份有限公司,臺中市龍井區新興路15巷14號1樓,10000000,1050528
35879,80488088,霖鴻工程有限公司,臺中市太平區育仁路199號1樓,3000000,1050510
35888,80491859,美加康營銷事業有限公司,臺中市西區忠明南路16號6樓之7,1000000,1050526
35949,80524872,澤康實業有限公司,臺中市北屯區豐樂路二段206號,1000000,1050512
35950,80525458,誠宇開發有限公司,臺中市東區東勢里精武路165號,1000000,1050517
36001,80548184,匠澤機械股份有限公司,臺中市南屯區大同里東興路二段186號地下一層1號,192764020,1050516
36007,80549780,權運企業有限公司,臺中市西屯區順和一街３９號１樓,2000000,1050529
36014,80550940,豐穀建設開發股份有限公司,臺中市西屯區河南路二段262號12樓之7,30000000,1050503
36020,80552150,大統合國際有限公司,臺中市西屯區大容西街57號3樓之1,7000000,1050530
36021,80552383,微秒科技有限公司,臺中市西區英才路五０六號二樓,5000000,1050514
36023,80553144,同宸實業有限公司,臺中市梧棲區永安里向上路九段661巷6號,5000000,1050505
36024,80553398,禾宇企業有限公司,臺中市西區土庫里五權西六街112巷15號3樓,500000,1050529
36026,80554039,宇正興業有限公司,臺中市后里區泰安里福興路72號,5000000,1050512
36030,80554679,美怡健生技有限公司,臺中市西屯區寧夏路一九五之二號,1000000,1050526
36032,80555558,本禾企業有限公司,臺中市大里區永興路五八號二樓,1000000,1050520
36033,80555608,茂期汽車材料百貨有限公司,臺中市東區東英路五０二號,2000000,1050524
36038,80556310,莉綺亞實業有限公司,臺中市潭子區大通街93巷47弄6號1樓,3500000,1050518
36039,80556326,華釭工業有限公司,臺中市太平區合利街24巷1號,5000000,1050518
36041,80557417,睿鼎精密有限公司,臺中市烏日區烏日里五光路950號,2000000,1050513
36047,80558605,大本瑩有限公司,臺中市烏日區太明路6之15號B棟,500000,1050505
36053,80560145,弘揚實業有限公司,臺中市神岡區社南里中山路667巷32弄10號,1000000,1050517
36056,80560567,胤達國際有限公司,臺中市西區土庫里五權西路一段237號8樓之1,3000000,1050511
36058,80560905,凱翔人力資源管理顧問有限公司,臺中市南區美村南路173巷7號1樓,5000000,1050506
36063,80562679,清崧科技有限公司,臺中市后里區南村路436巷67號,1000000,1050524
36084,80567132,鉅冠空調有限公司,臺中市西屯區永昌街18巷10號1樓,500000,1050503
36086,80568239,升暉工業有限公司,臺中市大雅區清陽二路17號,500000,1050525
36087,80568272,尚昊實業有限公司,臺中市西屯區臺灣大道四段671巷25號1樓,1000000,1050502
36088,80568414,興聲實業有限公司,臺中市南區樹義里復興路二段26之1號1樓,2000000,1050523
36092,80569244,聖烽工業有限公司,臺中市清水區下湳里中山路539之21號,1500000,1050526
36095,80570880,緯霖建設股份有限公司,臺中市大雅區上楓里楓林街36號1樓,8000000,1050503
36098,80571620,貞得工業有限公司,臺中市東區東門里東門路二一號一樓,500000,1050524
36103,80573916,均豪食品有限公司,臺中市大里區樹王里東興路618號,2500000,1050529
36104,80574909,大瑀國際有限公司,臺中市潭子區頭張東路18號1樓,5000000,1050529
36107,80575787,泰揚科技有限公司,臺中市東區東橋里大振街148號1樓,5000000,1050517
36109,80577130,峻興電機工程有限公司,臺中市北區長青里漢陽街21號,6000000,1050524
36113,80577906,鐸豐富企業有限公司,臺中市大甲區義和里重義一路155號,5000000,1050510
36114,80578031,翊揚裝潢設計工程有限公司,臺中市龍井區南寮里南新路116號1樓,500000,1050525
36118,80579897,峰堡企業有限公司,臺中市霧峰區中正路一○五六巷三一號一樓,500000,1050530
36129,80582561,新優實業有限公司,臺中市西屯區何源里重慶路三三八號一四樓之一,1000000,1050505
36135,80584097,佶特國際貿易有限公司,臺中市北屯區軍功路2段490-1號,3000000,1050511
36147,80588262,群創投資股份有限公司,臺中市梧棲區下寮里大智路二段239號,1000000,1050528
36149,80588805,元堤衡器企業有限公司,臺中市大里區內新里環中東路六段312號1樓,500000,1050518
36156,80590540,雷德商訊股份有限公司,臺中市西區忠誠里大隆路20號13樓-8,10000000,1050509
36160,80591745,庫克利數位科技有限公司,臺中市西屯區文心路三段212號1樓,1000000,1050509
36165,80592548,宏騏工業股份有限公司,臺中市霧峰區中正路258號,2000000,1050512
36166,80592717,廣溢石材有限公司,臺中市北區長青里陝西四街三二號一樓,1000000,1050529
36174,80595708,將門實業有限公司,臺中市大里區大元里國中路259號,5000000,1050523
36178,80597311,陽森堂貿易有限公司,臺中市南區國光路51號1樓,5000000,1050514
36182,80597895,麗澤鋁業股份有限公司,臺中市潭子區福仁里新興路一段217號,36000000,1050502
36183,80598590,木神企業有限公司,臺中市龍井區東海里東海街59號1樓,500000,1050513
36188,80599113,鎧鑫科技有限公司,臺中市大肚區山陽里沙田路三段950號,7000000,1050502
36194,80600408,宇冠有限公司,臺中市西屯區何仁里洛陽路一二五巷九號,500000,1050521
36196,80601589,崧捷有限公司,臺中市大安區南庄里南安路一八五號一樓,1300000,1050502
36201,80603593,峻鴻精業有限公司,臺中市東區旱溪西路一段一九○巷三○號,1000000,1050516
36205,80604925,智勇消防工程有限公司,臺中市太平區宜欣里宜欣二路2號1樓,1000000,1050520
36206,80605430,城市水棧汽車旅館有限公司,臺中市大雅區四德里雅環路一段一五三號,2000000,1050509
36207,80605895,王智玲珠寶有限公司,臺中市西屯區西墩里上安路232號,5000000,1050503
36208,80606141,百芳科技企業有限公司,臺中市大里區國光里德芳南二街五三號一樓,6000000,1050509
36215,80607541,大同世界企業股份有限公司,臺中市南區福順里忠明南路789號42樓,100000000,1050517
36221,80610905,康德環保工程有限公司,臺中市南屯區文心南三路980號,10000000,1050523
36222,80611003,溪泉建材股份有限公司,臺中市烏日區學田里學田路331號,20000000,1050519
36223,80611165,富順木箱有限公司,臺中市大里區瑞城里成功路20號1樓,1000000,1050530
36225,80612191,金祿生技股份有限公司,臺中市南區大慶街二段49之20號3樓,10000000,1050526
36228,80614022,三川凸輪工業有限公司,臺中市潭子區栗林里豐栗路39號,9000000,1050512
36230,80614064,富強防銹科技有限公司,臺中市西屯區福恩里工業區一路98之30號7樓之1,3000000,1050503
36231,80614445,順馭企業有限公司,臺中市南屯區大墩一四街二四一號一樓,1200000,1050519
36235,80614923,肇峰企業有限公司,臺中市大里區塗城里明仁路一八號,500000,1050506
36238,80615042,源久承精密有限公司,臺中市太平區長億里長億五街65號1樓,5000000,1050517
36239,80615697,鍵榜實業有限公司,臺中市大甲區孟春里中山路二段國中巷13號1樓,1000000,1050514
36240,80616226,中信國際保險經紀人股份有限公司,臺中市西區臺灣大道二段220號30樓,8000000,1050513
36244,80616561,立格國際貿易有限公司,臺中市西區華美街384號12樓之1,4680000,1050519
36247,80618786,台灣三優精密股份有限公司,臺中市西屯區工業區一路127之3號2樓,29999000,1050505
36252,80619286,瑞麗刀剪股份有限公司,臺中市大肚區沙田路一段388巷2之7號1樓,10000000,1050526
36261,80621207,古賀精機股份有限公司,臺中市太平區新仁路一段22巷86號,10000000,1050517
36263,80621403,晶鎂機械工業股份有限公司,臺中市大肚區中和里南榮路432巷61號,2000000,1050509
36271,80623227,昌熹有限公司,臺中市東區東門里天乙街122號1樓,500000,1050509
36277,80626940,智印包裝有限公司,臺中市沙鹿區興安里大同街25巷8之2號,600000,1050504
36278,80627130,國騰彈簧五金有限公司,臺中市南區南平路48號1樓,500000,1050501
36283,80627928,浚承科技有限公司,臺中市大雅區西寶里昌平路3段689巷77弄10號,1000000,1050524
36284,80627949,新立公寓大廈管理維護有限公司,臺中市北區民權路559號8樓之3,10000000,1050506
36287,80629030,一心行銷有限公司,臺中市豐原區南陽里南陽路215巷60號1樓,1000000,1050529
36292,80630607,寶捷製冰機有限公司,臺中市北區大義街４６號１樓,500000,1050513
36293,80631042,雄立包裝資材有限公司,臺中市潭子區家興里榮興街121巷2號1樓,1500000,1050518
36294,80631090,冠延實業有限公司,臺中市梧棲區大村里文心街111巷38號1樓,1000000,1050511
36296,80631438,保安資訊有限公司,臺中市南屯區三厝里三和街150號1樓,5000000,1050503
36299,80632534,正業不動產經紀有限公司,臺中市南屯區文心一路400之4號1樓,500000,1050502
36301,80632892,泉葳國際有限公司,臺中市沙鹿區鹿寮里二八鄰中山路四八○巷五號一樓,3600000,1050508
36302,80632915,三唯實業有限公司,臺中市西屯區協和里工業區三七路三一號一、二樓,5000000,1050519
36303,80632936,政豐氣動工業股份有限公司,臺中市南區文心南路839號1樓,2000000,1050528
36307,80634060,台金科技股份有限公司,臺中市西屯區中部科學工業園區科園一路3號,130000000,1050518
36308,80634456,奕昌營養技術有限公司,臺中市西區東興路三段160號7樓之2,8000000,1050525
36313,80635743,生活工藝有限公司,臺中市大里區長榮里大里路33巷3號,4000000,1050514
36314,80635764,船井電通股份有限公司,臺中市豐原區翁子里豐勢路一段457號1樓,28000000,1050506
36316,80636285,昇鎂企業有限公司,臺中市南區積善里五權南路680巷86號,1000000,1050509
36317,80636378,世鑫油漆股份有限公司,臺中市太平區太平26街33號1樓,7000000,1050525
36320,80636573,勝樺興業有限公司,臺中市潭子區大豐里雅豐街259號,500000,1050519
36322,80636882,六華建設有限公司,臺中市豐原區西勢里西安街32號1樓,10000000,1050507
36325,80637284,永琪有限公司,臺中市神岡區社口里八德路九如巷450-18號,1000000,1050509
36326,80637313,好運到不動產有限公司,臺中市太平區宜昌路252號1樓,1000000,1050518
36332,80638777,友邦科技有限公司,臺中市西屯區漢成五街26號1樓,500000,1050508
36338,80639683,鋒榮興業有限公司,臺中市太平區宜欣里中山路三段十九巷四十弄二號一樓,2000000,1050528
36340,80640318,勝全興業股份有限公司,臺中市大安區南埔里甲六路13號,5000000,1050516
36344,80640817,廣勝國際貿易企業有限公司,臺中市豐原區鐮村里鐮村路271巷79號1樓,3000000,1050510
36347,80641843,鋐源投資股份有限公司,臺中市大肚區大肚里育英路105號1樓,64000000,1050513
36357,80645720,合雅企業有限公司,臺中市西屯區林厝里安林路42之10號,2000000,1050514
36360,80646066,超然形象策略有限公司,臺中市西屯區中康一街14巷14號1樓,1000000,1050516
36362,80646657,億鎮廣告設計工程有限公司,臺中市潭子區家興里中山路一段五之九號一樓,2500000,1050523
36510,80699844,京典車業有限公司,臺中市西屯區何南里精誠路一四號六樓之二　,1000000,1050512
36514,80700032,全家加油站股份有限公司,臺中市梧棲區永安里向上路八段1028號,15000000,1050517
36516,80700080,傑和國際股份有限公司,臺中市北區淡溝里博館路88號9樓之3,21000000,1050519
36517,80700238,棋著有限公司,臺中市南屯區公益路二段531號2樓,500000,1050503
36518,80700315,歐米勒石業有限公司,臺中市西屯區龍潭里環中路三段998-1號,5000000,1050502
36522,80700814,萬積企業有限公司,臺中市大里區仁化里仁堤路20號1樓,10000000,1050505
36526,80702094,吉展興業有限公司,臺中市霧峰區五福里五福路232巷65之6號,1000000,1050527
36528,80702257,永捷藥品股份有限公司,臺中市西屯區潮洋里黎明路2段860巷51號1樓,10000000,1050513
36544,80707056,禾御室內裝修設計工程有限公司,臺中市北區太原路一段492號1樓,1000000,1050523
36545,80707751,偉翔展業有限公司,臺中市大里區至善路179號1樓,1680000,1050526
36547,80708772,松辰科技有限公司,臺中市潭子區東寶里大富路一段23巷60號1樓,1000000,1050518
36548,80708800,穎隆齒輪股份有限公司,臺中市東區東門路91號1樓,1000000,1050502
36549,80708816,子桓有限公司,臺中市西屯區惠來路3段52巷30號一樓,500000,1050530
36550,80708870,世成化工實業有限公司,臺中市西區忠誠里華美西街一段165號1樓,500000,1050528
36553,80709821,富多利企業有限公司,臺中市神岡區豐洲里五鄰東洲路廿三巷一弄五號,2000000,1050518
36558,80710876,冠益建材有限公司,臺中市大肚區瑞井路62西巷16弄5號1樓,3000000,1050524
36561,80711283,治鑫實業有限公司,臺中市太平區德隆路八二巷五○號一樓,1000000,1050530
36565,80712451,金聯工業有限公司,臺中市烏日區螺潭里一三鄰慶光路102之5號1樓,500000,1050511
36566,80712656,朝億企業有限公司,臺中市北屯區仁和里崇德路三段三一七巷二八號一樓,2000000,1050519
36567,80713085,中陽鞋業有限公司,臺中市神岡區大社里大漢街138號1樓,5000000,1050503
36571,80713923,恒宇機械工業有限公司,臺中市大里區仁化里工業路宏巨1巷6弄16號1樓,5000000,1050527
36572,80714036,橋嶸機電有限公司,臺中市烏日區中華路一五四巷二三號,1000000,1050511
36576,80715921,驊洲中科股份有限公司,臺中市梧棲區頂寮里八德路82-1號3樓之8,10000000,1050506
36577,80716196,俊達通信工程有限公司,臺中市北屯區松強里昌平路2段12之15巷28號1樓,1000000,1050523
36578,80716409,泰鑫電信科技有限公司,臺中市南屯區南屯路2段383號1樓,10000000,1050513
36586,80717879,昶誠實業有限公司,臺中市大雅區員林里22鄰中清路3段66號,5000000,1050517
36589,80718791,英納泛德有限公司,臺中市神岡區社南里中山路667巷26弄13、15號,1000000,1050518
36602,80722802,和益事業有限公司,臺中市西區公平里華美西街一段16號7樓之5,6000000,1050507
36605,80723886,鑫權貿易有限公司,臺中市豐原區北陽里北陽路40巷43號2樓,5000000,1050509
36607,80724153,神采國際廣告有限公司,臺中市北屯區軍福十九路８５號１樓,1500000,1050521
36608,80724317,創新印象科技有限公司,臺中市豐原區田心里中山路244號1樓,1000000,1050518
36609,80724528,協邦裝潢有限公司,臺中市東區互助街136號1樓,6000000,1050507
36619,80726743,玖峰包裝實業有限公司,臺中市沙鹿區六路里六路十五街75號,2000000,1050526
36620,80727026,盛裕建設股份有限公司,臺中市西屯區潮洋里市政北二路236號19樓之2,220000000,1050520
36628,80727807,建皓貿易有限公司,臺中市西屯區市政北二路238號9樓之3,500000,1050511
36630,80728714,津湛工業有限公司,臺中市大雅區秀山里上山二路57號1樓,3000000,1050519
36631,80728876,德嘉印刷企業有限公司,臺中市龍井區東海里遠東街８０巷７號１樓,500000,1050501
36633,80729208,偉塑企業有限公司,臺中市太平區精美路301巷18號1樓,1000000,1050519
36634,80729299,東陞壓克力有限公司,臺中市大雅區員林里1鄰神林路一段414巷12號1樓,3000000,1050530
36636,80729777,帝翰國際有限公司,臺中市西區公正里大墩十一街119號8樓之1,500000,1050513
36638,80730057,豐鑫塑膠企業有限公司,臺中市梧棲區永安里向上路九段351巷6號　,2000000,1050520
36639,80730113,仁里建設有限公司,臺中市清水區橋頭里鎭新五街55號1樓,28000000,1050525
36644,80731366,勝緯科技有限公司,臺中市北屯區平德路187巷20號1樓,1500000,1050505
36646,80731555,選德勝有限公司,臺中市西區藍興里自由路1段2號,1000000,1050502
36649,80731942,高驊議有限公司,臺中市清水區海濱里自立路78號1樓,3000000,1050527
36650,80732029,普新實業有限公司,臺中市大里區塗城里三民二街81號1樓,1000000,1050520
36652,80732604,宏舉有限公司,臺中市沙鹿區晉江里晉文路150巷2號1樓,1000000,1050524
36654,80733076,灃寶營造有限公司,臺中市梧棲區頂寮里四維西路22之1號1樓,10000000,1050505
36660,80734835,銘曜貿易有限公司,臺中市南屯區三和里黎明東街372號3樓,9500000,1050506
36661,80735145,銓信廣告行銷有限公司,臺中市南區長榮里國光路42號1樓,1000000,1050514
36666,80736382,久昱有限公司,臺中市北屯區平德里天津路三段113號,700000,1050524
36667,80736572,祥瑞金屬企業有限公司,臺中市豐原區南田里水源路192巷39號,10000000,1050519
36674,80738213,上誠電子有限公司,臺中市北屯區松強里松竹路二段210號、212號,20000000,1050526
36675,80738683,台灣國際開發事業有限公司,臺中市西區英才路470巷12號4樓之9,15000000,1050516
36680,80739830,施妃爾國際化粧品有限公司,臺中市南屯區永定里黎明路二段71巷42號1樓,1000000,1050509
36685,80740858,加德美實業有限公司,臺中市大里區瑞城里瑞城一街181號,1000000,1050523
36686,80741266,晁宏實業有限公司,臺中市西區公平里大隆路49號,2500000,1050512
36689,80741527,祈達實業有限公司,臺中市西屯區大河里河南路二段82號1樓,3000000,1050504
36695,80742379,富麗昇有限公司,臺中市北屯區仁美里崇武街90號1樓,1100000,1050513
36698,80743335,奕川鋼品有限公司,臺中市烏日區烏日里光日路378號1樓,600000,1050509
36701,80744469,吉特醫療器材有限公司,臺中市北區梅川里梅川東路3段20巷1號1樓,3000000,1050508
36703,80744539,千進欣業有限公司,臺中市西屯區上安里至善路八二巷四八號,1000000,1050516
36706,80745002,正毅不動產仲介經紀有限公司,臺中市南屯區五權西路２段３８號１樓,1000000,1050528
36711,80747727,威企報關有限公司,臺中市梧棲區中正里中興路128巷111號1樓,5000000,1050508
36716,80748747,尚捷機械有限公司,臺中市沙鹿區平等十二街38巷8號1樓,1000000,1050523
36718,80749350,世帶相傳織帶觀光工廠股份有限公司,臺中市沙鹿區星河路567號,25000000,1050510
36719,80749632,莘茂複合材料股份有限公司,臺中市東勢區東關路22之1號1樓,20000000,1050519
36740,84070633,駿毅科技工業股份有限公司,臺中市神岡區社南里中山路667巷26弄1之2號,8000000,1050503
36743,84071231,永合豐開發股份有限公司,臺中市南屯區工業區一八路29號,28000000,1050524
36744,84071387,益璋工業股份有限公司,臺中市潭子區栗林里中山路三段305巷85弄13號,1000000,1050505
36755,84075503,宏國汽車有限公司,臺中市南區樹義里樹義路31號,8000000,1050513
36757,84076735,辰偉建設股份有限公司,臺中市北屯區文心路四段936號10樓之1,25000000,1050502
36766,84079851,合富上光企業股份有限公司,臺中市西屯區大河里大河街32巷1號,2000000,1050526
36770,84081929,武田營造工程股份有限公司,臺中市大里區中興路二段438之10號,400000000,1050516
36776,84083383,嵩記有限公司,臺中市南區瑞光街二之四號一樓,5000000,1050503
36777,84084101,同偉行有限公司,臺中市潭子區東寶里大富路一段40號,4000000,1050518
36780,84086706,協育股份有限公司,臺中市神岡區社南里社南街235號,5000000,1050501
36781,84087705,禾栓有限公司,臺中市西屯區工業區三六路八號,3000000,1050525
36785,84089350,鏈興水電材料有限公司,臺中市西區吉龍里美村路1段659號1樓,2000000,1050502
36788,84090928,升鑫交通器材有限公司,臺中市豐原區協力街3號,3000000,1050510
36789,84091004,豐利有限公司,臺中市豐原區北陽里南陽路綠山巷122弄50號1樓,1200000,1050505
36792,84092762,全邑企業有限公司,臺中市霧峰區吉峰西路七四巷45號1樓,2000000,1050510
36795,84094001,瑞洲有限公司,臺中市沙鹿區賢忠街29號1樓,1000000,1050519
36799,84095944,洪橋室內裝修企業有限公司,臺中市北區忠太西路36號1樓,5000000,1050509
36802,84096388,長崎電子有限公司,臺中市太平區建國里儀東路１３０號,1000000,1050516
36803,84096649,倍得利有限公司,臺中市南區南平路236號7樓之5,5000000,1050510
36804,84096900,冠樺室內裝修實業有限公司,臺中市大里區永隆路二四五號一樓,3000000,1050518
36805,84097008,四海電腦有限公司,臺中市梧棲區中正里中興路128巷167號1樓,1000000,1050504
36810,84098935,家巧實業股份有限公司,臺中市霧峰區本堂里樹仁五街19號3樓,10000000,1050509
36849,84139289,華承工業股份有限公司,臺中市西區忠誠里博館三街一三五號一樓,10000000,1050527
36857,84145395,京揚國際股份有限公司,臺中市梧棲區下寮里中橫十路100號,110000000,1050523
36877,84158383,復新家具企業有限公司,臺中市大里區東興里益民路二段357巷52號,2000000,1050518
36881,84160347,典駿國際興業有限公司,臺中市豐原區中陽里直興街6號,5000000,1050524
36887,84162154,合泰鋼珠噴砂有限公司,臺中市太平區東平里中和街64巷39弄12號1樓,2000000,1050517
36888,84162470,華琦企業有限公司,臺中市大甲區頂店里中山路1段1147巷1之27號,5000000,1050525
36889,84162696,群仕有限公司,臺中市南屯區春社里嶺東南路43號,5000000,1050526
36890,84162767,仁新企業有限公司,臺中市潭子區栗林里祥和路60巷32弄8號1樓,1000000,1050512
36891,84163127,鉅程座墊有限公司,臺中市烏日區北里里太明路199巷19號,5000000,1050504
36892,84163230,集貿國際有限公司,臺中市大里區光榮街28號1樓,5000000,1050525
36897,84166052,協基工程有限公司,臺中市南屯區寶山里寶山五街117之8號1樓,1000000,1050513
36915,84175741,潔達有限公司,臺中市南區樹義路39巷1號1樓,15000000,1050502
36916,84175881,昭文水電有限公司,臺中市太平區新吉里新民路65巷1號1樓,2000000,1050525
36917,84176143,名佳企業有限公司,臺中市外埔區大東里甲東路69號,1000000,1050502
36922,84179227,偉峻精機工業有限公司,臺中市神岡區社口里中山路360巷10弄2號,5000000,1050523
36925,84179681,巨合營造股份有限公司,臺中市北屯區崇德九路499號1樓,19500000,1050526
36926,84180060,龍越精機股份有限公司,臺中市南區正義街104巷19之2號,5000000,1050519
36928,84180462,群和興企業有限公司,臺中市北屯區平和里山西路二段236號8樓,2500000,1050506
36931,84181461,銘音冷氣空調有限公司,臺中市北屯區三光里北屯路267號,2500000,1050502
36932,84181510,嘉陞實業有限公司,臺中市太平區新興里1鄰振福路623號,1000000,1050504
36945,84186698,名智有限公司,臺中市南屯區文心南五路一段297號1樓,10000000,1050526
36950,84190102,永自強工業有限公司,臺中市北屯區北屯路298巷26弄1號1樓,5000000,1050519
36952,84191263,三和國際貿易有限公司,臺中市沙鹿區竹林里賢仁街35號,20000000,1050523
36953,84191469,佑鼎企業有限公司,臺中市豐原區東陽里東陽路146巷4號,2000000,1050527
36954,84191587,萬人建材有限公司,臺中市潭子區頭家里得福街１６２巷２號７樓之１,8000000,1050509
36956,84192381,大本有限公司,臺中市西屯區龍潭里環中路三段998之3號1樓,5000000,1050516
36962,84196801,首城有限公司,臺中市烏日區光明里五光路復光四巷６６號,3000000,1050514
36967,84198060,睿隆企業有限公司,臺中市北區健行路581號12樓,5000000,1050521
36970,84198224,高鋼工程有限公司,臺中市北屯區文昌二街115-1號,2000000,1050520
36976,84199743,象昌工業股份有限公司,臺中市大雅區上楓里鳳嗚路1之3號,10000000,1050527
36978,84200100,鑫昌成有限公司,臺中市大里區健民里仁化路221巷46號,3000000,1050504
36979,84200278,力成有限公司,臺中市南區仁和一街60號,7500000,1050506
36980,84200410,雅登石材有限公司,臺中市大里區公教街60巷63號1樓,2000000,1050502
36981,84200896,山青園藝有限公司,臺中市梧棲區下寮里梧北路2巷2號,6000000,1050516
36984,84202705,百老匯有限公司,臺中市北區原子街127巷21之1號4樓,2000000,1050526
36990,84205626,城富工業有限公司,臺中市豐原區鎌村里鎌村路472巷61之1號,5000000,1050518
36999,84210965,龍泉景觀綠化有限公司,臺中市霧峰區吉峰路１５２之２號１樓,5000000,1050518
37004,84212767,彩繪建設股份有限公司,臺中市北屯區文昌東六街75號,25000000,1050519
37010,84215151,旭汶實業有限公司,臺中市神岡區岸裡里中山路238巷7-2號,6000000,1050524
37015,84216150,久鎮營造有限公司,臺中市豐原區豐西里豐社路５７巷１２之３號１樓,3000000,1050516
37017,84216715,貴同工程有限公司,臺中市龍井區新庄里新興路134巷2弄1號,5000000,1050519
37020,84218191,洽隆模板有限公司,臺中市沙鹿區鹿峰里星河路100巷30號,600000,1050524
37023,84219614,船頭實業有限公司,臺中市霧峰區北柳里四德路183巷1號,5000000,1050529
37027,84220801,信華紙器有限公司,臺中市大里區東湖里中興路一段47巷22號1樓,500000,1050519
37030,84221843,東銓紙器企業股份有限公司,臺中市太平區太平里太平十七街51號,1000000,1050527
37032,84222337,祥昇廣告事業有限公司,臺中市大里區國光里德芳南二街59號1樓,2000000,1050518
37039,84226832,一菱企業有限公司,臺中市南屯區大同里大墩七街171號1樓,3000000,1050523
37040,84227044,虹雅資訊系統有限公司,臺中市西屯區惠來里西屯路2段180巷27號1樓,5000000,1050522
37049,84231259,甲乙順家電有限公司,臺中市太平區中山路四段55巷44號,600000,1050530
37051,84231835,喬立建設開發股份有限公司,臺中市西屯區至善里臺灣大道三段686之1號2樓,203680000,1050519
37052,84232010,金一行有限公司,臺中市中區柳川里興中街134號,500000,1050502
37054,84232454,勤立電子有限公司,臺中市大里區德芳南路182巷1號1樓,5000000,1050508
37055,84232617,洸鳴實業有限公司,臺中市北屯區昌平東二路113號3樓,6000000,1050517
37065,84238838,宗佑工程實業有限公司,臺中市北區賴厝里永興街315巷8號1樓,500000,1050525
37067,84239225,怡菖股份有限公司,臺中市神岡區社南里昌平路五段53號,5000000,1050531
37079,84245900,創方有限公司,臺中市大里區仁化里仁慈街393號1樓,10000000,1050526
37082,84246751,瑞信工業有限公司,臺中市霧峰區民生路364巷48號,12000000,1050521
37084,84247225,承益建設股份有限公司,臺中市西區中山路469號1樓,30000000,1050509
37104,84254581,達旺交通股份有限公司,臺中市大雅區神林南路129巷1弄35號,29600000,1050503
37113,84261598,盎如實業股份有限公司,臺中市太平區德隆里工業二十路63號,71500000,1050502
37168,84305060,常祿實業有限公司,臺中市西屯區福和里臺灣大道四段847號11樓,5000000,1050520
37174,84307193,台灣創科實業股份有限公司,臺中市北屯區文心路四段83號10樓之2,5000000,1050527
37186,84339456,昌昇實業有限公司,臺中市北屯區文昌東四街68號1樓 ,1000000,1050527
37192,84344747,順用食品機械有限公司,臺中市東區旱溪街21號,3000000,1050503
37195,84346007,格雷電子有限公司,臺中市大里區忠孝路286號1樓,1000000,1050514
37202,84349047,祥偉自動科技股份有限公司,臺中市烏日區前竹里光明路381號,5000000,1050506
37205,84350058,甲東洋土股份有限公司,臺中市西屯區甘河路69號,10000000,1050523
37206,84350297,品竹工業有限公司,臺中市太平區中平里太平二十街82巷23號,500000,1050520
37213,84354688,上發田有限公司,臺中市南屯區田心里大墩六街350巷23號,500000,1050524
37218,84358642,匠曜有限公司,臺中市北屯區崇德一路37號2樓,5000000,1050511
37221,84359826,高晃企業有限公司,臺中市豐原區鎌村路210巷52弄8之1號 ,1000000,1050520
37233,84365307,陶朱科技有限公司,臺中市北區賴厝里梅川西路三段66號10樓,5000000,1050512
37234,84365313,青山冷氣工程有限公司,臺中市大甲區幸福里黎明路168號,10000000,1050514
37236,84366431,暉譔實業有限公司,臺中市大里區合信街39號1樓,5000000,1050530
37238,84366848,好斯可實業有限公司,臺中市西區民權路229巷30號6樓之1,5000000,1050519
37240,84367662,皇泰貿易有限公司,臺中市西區五權路1-196號3樓,1000000,1050503
37243,84368965,立益水電有限公司,臺中市霧峰區舊正里新豐路60號,5000000,1050519
37245,84370033,佑宣有限公司,臺中市大雅區中山北路四四九號一樓,500000,1050504
37250,84372932,茶陵實業有限公司,臺中市北區長青里華美街二段204之2號,15000000,1050519
37252,84375229,史伯士企業有限公司,臺中市神岡區中山路667巷16號,5000000,1050525
37254,84375712,東佳資訊有限公司,臺中市神岡區北庄里中山路1074號,5000000,1050518
37255,84375972,溫拿實業有限公司,臺中市北屯區平福里安順東七街64號1樓,3600000,1050530
37265,84380948,金協成紙器有限公司,臺中市南屯區楓樹里黎明路一段192號2樓,5000000,1050528
37267,84381257,代揚有限公司,臺中市南屯區惠中里文心路一段378號19樓之8,1000000,1050518
37268,84381284,森康股份有限公司,臺中市大肚區頂街里大明四街六一號,1000000,1050521
37271,84382615,久印企業有限公司,臺中市龍井區遊園北路495號1樓,1000000,1050516
37274,84383810,敬泰車材股份有限公司,臺中市烏日區螺潭里太明路成豐巷426號,3000000,1050504
37275,84385036,震新板金股份有限公司,臺中市南屯區寶山里工業區18路6號,15000000,1050520
37282,84389321,永強營造開發有限公司,臺中市后里區三月路大愛巷13號1樓,25000000,1050523
37290,84391760,罡鼎企業有限公司,臺中市西區土庫里忠明南路二五八號一樓,12000000,1050512
37292,84391950,向虹五金實業有限公司,臺中市北屯區南京東路三段178號,10000000,1050527
37299,84396771,瑩山製網工業有限公司,臺中市神岡區豐洲路256巷14號,3000000,1050520
37300,84397119,鳳翔精機有限公司,臺中市東區東門里天乙街７４號１樓,1000000,1050502
37305,84398449,亞瑟水電工程有限公司,臺中市大里區大元里中興路二段一一○巷六號一樓,1000000,1050524
37306,84398709,佶興機械工業有限公司,臺中市清水區下湳里中山路521號之6,500000,1050511
37309,84400487,中偉企管顧問有限公司,臺中市南屯區大墩四街４３８號１樓,500000,1050519
37310,84400894,陸雨開發有限公司,臺中市南屯區楓樹里樂田巷2之45號,1000000,1050506
37312,84401417,昶鴻興實業有限公司,臺中市南區積善里五權南路680巷68弄12號1樓,6000000,1050513
37314,84403631,豪順興興業有限公司,臺中市北屯區崇德九路656號,1000000,1050520
37317,84406588,川鋼有限公司,臺中市南區樹義里大慶街一段257-13號,1000000,1050522
37320,84407952,金國益塑膠企業股份有限公司,臺中市霧峰區北柳里四德路430號,1000000,1050510
37326,84410324,綠盈行展業有限公司,臺中市潭子區甘蔗里甘水路2段290之1號1樓,5000000,1050505
37330,84412245,詠崎興業有限公司,臺中市豐原區北湳里圓環北路二段211號,1000000,1050512
37331,84412532,豪金工程有限公司,臺中市東區十甲里旱溪東路一段480號1樓,1000000,1050505
37332,84412792,富榆企業有限公司,臺中市西區東昇里大全街31之5號,1000000,1050505
37333,84412863,特和投資股份有限公司,臺中市北區建興里崇德路1段206號1樓,20000000,1050517
37336,84414454,佶隆企業有限公司,臺中市大肚區磺溪里文昌二街140巷41號,1000000,1050519
37342,84416452,金利成精機股份有限公司,臺中市太平區建國里鵬儀路461巷21號1樓,2000000,1050520
37345,84417467,友實有限公司,臺中市北屯區舊社里舊社巷48號,1000000,1050519
37348,84418233,群翌精密工業股份有限公司,臺中市潭子區大豐里雅豐街287巷26號,2000000,1050525
37349,84418894,良築工程有限公司,臺中市南區樹義里文心南十路190號2樓,2000000,1050516
37351,84419021,若孜企業有限公司,臺中市西屯區何源里成都路312號,1000000,1050503
37355,84422270,銓緯通信有限公司,臺中市清水區中山路４８８–８號１樓,500000,1050503
37362,84425430,力騰興業有限公司,臺中市西屯區福安里福中10街22巷1號2樓,1000000,1050517
37363,84425683,嘉祐鋁業股份有限公司,臺中市神岡區豐洲里豐工南路28號,50000000,1050504
37366,84426613,金富山精密工業有限公司,臺中市潭子區東寶里大豐路二段114之2號,1000000,1050506
37368,84427373,冠盛實業有限公司,臺中市龍井區台西南路220巷12號,500000,1050517
37370,84427541,金寶強企業有限公司,臺中市大雅區秀山里平和路59號,5000000,1050527
37372,84428648,連諭企業有限公司,臺中市太平區永隆里光興路496巷10號,9000000,1050518
37373,84428984,金暐盛企業有限公司,臺中市潭子區頭家路115號,5000000,1050512
37374,84428990,冠熒有限公司,臺中市西屯區何仁里永昌三街12號,5000000,1050502
37379,84430237,東譽電子科技有限公司,臺中市南區南門里忠明南路1259號3樓,5000000,1050508
37386,84434959,泉東工業有限公司,臺中市大雅區二和里雅潭路四段556號1樓,5000000,1050525
37388,84435578,新天地國際實業股份有限公司,臺中市東區旱溪東路1段456號1樓之1、1樓之2、2、3樓及地下一層,674910320,1050520
37389,84436507,翔巨企業有限公司,臺中市外埔區水美里水美路132號,5000000,1050518
37391,84436942,山鈺股份有限公司,臺中市霧峰區北柳里四德路136之1號,5000000,1050506
37394,84437581,御傳實業有限公司,臺中市北屯區昌平路2段155之1號1樓,5000000,1050518
37400,84440734,廣信冷凍空調工程有限公司,臺中市西屯區光明路五七之二六號一樓,3000000,1050510
37415,84446126,揚泰交通有限公司,臺中市梧棲區草湳里臨港路三段960號,25000000,1050514
37416,84446202,朝陽人壽保險股份有限公司,臺中市西區五權路2-3號12樓,7600000000,1050525
37436,84462407,郁林實業有限公司,臺中市豐原區田心里中山路143之3號,5000000,1050510
37465,84495028,瑞來德有限公司,臺中市烏日區烏日里公園路396巷40號1樓,5000000,1050516
37476,84503147,協展事業有限公司,臺中市北區陜西七街五０號一樓,3000000,1050526
37477,84503195,鴻鷹壓克力股份有限公司,臺中市太平區永豐路108巷12弄24號,1000000,1050530
37481,84505927,和億軟木有限公司,臺中市南屯區文心里大墩九街21號1樓,1500000,1050530
37489,84509352,冠達防水工程有限公司,臺中市潭子區頭家里榮興街101巷9號,500000,1050510
37490,84509472,桔楹企業有限公司,臺中市太平區永成路117之12號,5000000,1050523
37492,84509515,昆隆實業有限公司,臺中市梧棲區民和路一段366號,1000000,1050503
37495,84510766,帝富油壓機械有限公司,臺中市東區東門里旱溪西路一段17號1樓,10000000,1050516
37497,84511630,丹惠實業有限公司,臺中市北區賴旺里中清路一段880巷6弄10號,5000000,1050521
37498,84511771,陸府建設股份有限公司,臺中市大里區永隆五街123號1樓,50000000,1050513
37500,84512271,沁德設計有限公司,臺中市西區樂群街266-6號1樓,2000000,1050524
37503,84514279,咸記企業有限公司,臺中市東區十甲路410號,2500000,1050526
37506,84517249,辰豐實業有限公司,臺中市西屯區中清路二段1241號,16000000,1050517
37508,84518113,亮盛企業有限公司,臺中市太平區新坪里育賢路6號1樓,5000000,1050531
37509,84519648,全龐工業有限公司,臺中市外埔區鐵山里長生路836號,6000000,1050517
37511,84522475,全倫有限公司,臺中市大里區向善街一二八號一樓,1000000,1050525
37517,84525260,桐豪工業股份有限公司,臺中市東區振興路412巷90號,5000000,1050523
37518,84525310,集維興業有限公司,臺中市南屯區公益路二段二三五號一樓,2000000,1050530
37519,84525509,雍城建設股份有限公司,臺中市南屯區大墩十街一八一號一樓,1000000,1050503
37522,84526508,富都電訊事業有限公司,臺中市南屯區五福街123號1樓,900000,1050518
37523,84526654,吉恩光學企業有限公司,臺中市豐原區葫蘆里巿前街二九號,5000000,1050506
37535,84533297,太乙玻璃有限公司,臺中市潭子區頭家里榮興街二一巷二號,1000000,1050526
37539,84534417,名忠企業有限公司,臺中市東區東信里長福東街48號1樓,1000000,1050502
37545,84536338,中賀海貿有限公司,臺中市西區民生里自由路一段101號13樓之4,10000000,1050503
37548,84537250,鉦越實業有限公司,臺中市龍井區忠和里西濱路三段286號,1000000,1050519
37552,84539715,上郁冷凍空調有限公司,臺中市大雅區西寶里昌平路三段689巷31號,3000000,1050520
37553,84539829,嘉佑興工程有限公司,臺中市北區賴厝里太原路二段213之1號2樓,10500000,1050513
37554,84540157,定懋營造有限公司,臺中市西區朝陽街59之1號1樓,3000000,1050517
37559,84542021,富綿實業股份有限公司,臺中市北區健行路664巷4號1樓,20000000,1050503
37561,84543350,瑞瑪興業有限公司,臺中市豐原區圓環東路六八四巷二三弄六號,1500000,1050530
37562,84544153,嘉輝印刷品有限公司,臺中市西區昇平里昇平街145巷1號,2500000,1050507
37563,84544554,蔡博士草本菁華有限公司,臺中市南屯區大興里東興路一段665巷33號1樓,5000000,1050516
37571,84548144,大嶺合板有限公司,臺中市西屯區福上巷161號,25200000,1050504
37573,84550210,幸福汽車電池有限公司,臺中市南屯區黎明路2段248巷2弄9號1樓,1000000,1050512
37576,84551267,華商電子有限公司,臺中市北屯區松竹里松順一街135巷8號1樓,6000000,1050526
37590,84557190,金易宏工業有限公司,臺中市沙鹿區清泉里東海路二號,500000,1050519
37591,84557804,金寶泉電器有限公司,臺中市北區建興里德化街三一九號一樓,1000000,1050523
37593,84558986,勝沺有限公司,臺中市大甲區幸福里黎明路二號之十三,500000,1050505
37594,84559063,通宏貿易股份有限公司,臺中市大甲區鎮政路58之6號,24720000,1050505
37599,84560809,尚仟國際有限公司,臺中市西屯區中工三路62號7樓之1,2000000,1050517
37600,84560821,長益友室內裝修股份有限公司,臺中市南屯區五權西路二段666號10樓之2,29900000,1050504
37604,84561602,寶源廢棄物清除有限公司,臺中市烏日區長春街142巷7號1樓,5000000,1050527
37607,84563019,博聖營造股份有限公司,臺中市太平區振武路72號1樓,3000000,1050517
37608,84563355,保意興有限公司,臺中市北區民權路349巷15號,5000000,1050513
37610,84565305,萬益食品企業有限公司,臺中市中區中山路211號1樓、213號1樓,28000000,1050525
37611,84565810,慶欣紙器有限公司,臺中市神岡區溪洲里神洲路852巷5弄5號,1000000,1050525
37612,84567367,喬聖鋼鐵有限公司,臺中市神岡區三角里大富路156巷17號,30000000,1050524
37618,84571502,欣鍵實業有限公司,臺中市龍井區龍西里茄投路119號,1000000,1050513
37624,84576611,鈞廷有限公司,臺中市南屯區三厝里三和街128-6號3樓之3,1000000,1050503
37625,84577457,昊特企業有限公司,臺中市潭子區栗林里中山路三段555號,6000000,1050514
37631,84580615,聖霆實業有限公司,臺中市潭子區東寶里民族路一段50號,1000000,1050515
37632,84581121,上美多電子有限公司,臺中市大里區仁化路125巷12號,500000,1050522
37633,84581810,駿緯開發有限公司,臺中市西屯區何成里大墩路919號4樓,5000000,1050524
37635,84582487,觀點實業有限公司,臺中市大雅區文雅里中山北路450巷7號,1200000,1050525
37636,84583042,信誠電機有限公司,臺中市大安區中庄里興安路二七九號,500000,1050513
37638,84583520,越鑫企業有限公司,臺中市大雅區大雅里中清路二段66巷24號,8000000,1050518
37640,84583789,百通工程有限公司,臺中市北屯區熱河路二段八六號,3000000,1050513
37645,84585484,年登企業有限公司,臺中市東區東門里東門路東門6巷20號1樓,5000000,1050505
37650,84587960,振謚興業有限公司,臺中市烏日區九德里中山路1段九如巷80-1號,3000000,1050526
37655,84589192,進源化工原料有限公司,臺中市北屯區文心路四段345號1樓,5000000,1050527
37656,84589242,浦昇實業有限公司,臺中市東區和平街158巷7號1樓,5000000,1050523
37657,84589361,祈瀛實業有限公司,臺中市烏日區榮泉里環河路五段390號,10000000,1050510
37659,84590297,寶固輪胎有限公司,臺中市梧棲區港埠路一段921號1樓,6000000,1050504
37662,84591296,偉成模具有限公司,臺中市大肚區頂街里華昌街225巷12之1號1樓,5000000,1050506
37664,84595238,友新科技有限公司,臺中市東區東門里旱溪西路一段177巷8號1樓,5000000,1050519
37666,84595791,吉中行有限公司,臺中市中區光復里成功路179號2樓,500000,1050502
37679,84599213,漢展廣告美術企劃有限公司,臺中市西屯區西屯路二段惠安巷191號1樓,1000000,1050517
37687,84603602,台灣豐巧機械有限公司,臺中市南屯區豐順街181巷51號1樓,10000000,1050509
37692,84604953,日盛環保工程有限公司,臺中市西屯區何仁里長安路一段29巷10號1樓,5000000,1050526
37694,84605496,順峯股份有限公司,臺中市西屯區永昌一街7號,6000000,1050509
37695,84605600,十位廣告事業有限公司,臺中市北屯區后庄里中清路112巷67弄3號1樓,3000000,1050502
37699,84606875,吉泰鋼鐵有限公司,臺中市沙鹿區鹿寮里三條圳二街130號1樓,5000000,1050530
37705,84608819,興琪企業有限公司,臺中市太平區東平里中和街１３８號,2000000,1050513
37708,84609486,隆昌紙器有限公司,臺中市梧棲區大庄里文雅街128巷6號,2000000,1050526
37712,84610060,大港開發股份有限公司,臺中市神岡區庄後里溝心路51之2號,10000000,1050523
37721,84614214,弘胤有限公司,臺中市北屯區松茂里遼寧路二段22號,2000000,1050528
37722,84614798,翁昌實業有限公司,臺中市西區忠明里華美街478號,5000000,1050516
37725,84615683,鈞銓實業股份有限公司,臺中市北屯區文心路四段621號1樓,25000000,1050518
37729,84618507,金塘營造有限公司,臺中市西屯區潮洋里朝富路213號27樓之6,22500000,1050512
37732,84620335,凰吉實業股份有限公司,臺中市豐原區朴子街430號,1000000,1050506
37734,84620659,銢航企業股份有限公司,臺中市南屯區大墩六街138號1樓,6000000,1050511
37735,84620927,成功座墊企業有限公司,臺中市北屯區和平里一鄰和順路５１２巷５號,6000000,1050528
37737,84622333,臻裕企業有限公司,臺中市南屯區同心里文心路1段218號7樓之3,21000000,1050527
37739,84622951,宏欣傳播有限公司,臺中市北區錦祥街四二號一樓,1200000,1050507
37742,84624584,東禹營造有限公司,臺中市北屯區松茂里松竹北路191號1樓,8000000,1050516
37748,84626226,萬隆有限公司,臺中市沙鹿區興安里興安路76號1樓,5500000,1050527
37750,84627718,清靜建設股份有限公司,臺中市沙鹿區南勢里南斗路51巷23號1樓,17800000,1050512
37752,84630002,全益水電工程有限公司,臺中市太平區新高里樹德路90巷21號,25000000,1050518
37755,84632402,盛亞建設股份有限公司,臺中市西屯區潮洋里市政北二路236號19樓之2,220000000,1050524
37760,84633508,上宙安企業有限公司,臺中市大里區校前路25巷1之2號,5000000,1050523
37764,84635739,騏瑩有限公司,臺中市后里區墩東里復興街36巷15號,500000,1050516
37767,84637167,雪花齋食品有限公司,臺中市大雅區上楓里楓林街173之1號1樓,6000000,1050523
37769,84637758,瑋柱有限公司,臺中市豐原區社皮里中正路654巷9號1樓,10000000,1050503
37770,84637933,建欣電器有限公司,臺中市西屯區何成里大墩路949之3號1樓,15500000,1050519
37771,84638172,永騰木業有限公司,臺中市大雅區學府路四二八巷三四號,8000000,1050503
37775,84639989,承合機械工業有限公司,臺中市太平區坪林里中山路2段165巷1弄5號,2000000,1050509
37777,84641036,保嘉旅行社股份有限公司,臺中市西區公民里金山路16之3號1樓,6000000,1050517
37778,84641535,國浩股份有限公司,臺中市南區復興路1段271號1樓,5000000,1050516
37785,84644337,中信儀器有限公司,臺中市南屯區三厝街156號1樓,5000000,1050511
37790,84647334,四品木箱有限公司,臺中市南屯區春社里永春南路82巷16號1樓,6000000,1050528
37796,84651364,欣隆營造有限公司,臺中市北屯區水湳里文心路四段83號12樓,100000000,1050519
37805,84653709,信技企業有限公司,臺中市大里區西湖里草湖路95巷32號1樓,8000000,1050506
37806,84653975,瑞祥營造有限公司,臺中市南區平和里美村路二段398號1樓,15000000,1050507
37810,84657254,黎歐實業有限公司,臺中市大肚區瑞井里遊園路一段一○五之五號,2000000,1050503
37811,84657711,泉益機械股份有限公司,臺中市神岡區溪洲里神洲路866巷120號,5000000,1050523
37820,84660737,堂容企業有限公司,臺中市烏日區北里里太明路53巷10號,3000000,1050505
37821,84660785,新鎮五金興業有限公司,臺中市神岡區庄前里庄前路43號,2000000,1050526
37823,84661840,東唐有限公司,臺中市北屯區文心路4段698號9樓之2,500000,1050522
37826,84663214,聖芸機械股份有限公司,臺中市太平區德隆里德隆路185號,5000000,1050526
37829,84663586,興鴻科技有限公司,臺中市神岡區神岡東街6巷3號4樓,1500000,1050523
37830,84663896,統豪貿易股份有限公司,臺中市豐原區田心里圓環東路114巷38號1樓,20600000,1050511
37836,84666438,鋒翊企業有限公司,臺中市神岡區和睦路一段746號1樓,15000000,1050524
37837,84666465,安一機械有限公司,臺中市大肚區成功里文昌路3段23號,1000000,1050503
37838,84667838,勃飛實業有限公司,臺中市西屯區上石路75巷2號,2000000,1050525
37841,84668750,正貿企業股份有限公司,臺中市南屯區新生里筏子東街一段169號1樓,10000000,1050523
37843,84669483,總督營造股份有限公司,臺中市西區土庫里五權西路1段237號11樓之2,55000000,1050530
37850,84671811,合裕工業股份有限公司,臺中市太平區東平路741巷7號1樓,5000000,1050505
37852,84673326,東陽衛浴有限公司,臺中市南屯區東興路二段21號1樓,3000000,1050523
37853,84674628,原進金企業貿易有限公司,臺中市南屯區大誠里五權西路2段46號1樓,18000000,1050525
37861,84677961,富將營造有限公司,臺中市北區明德里28鄰太原四街17巷3號1樓,15000000,1050517
37865,84678151,采泉企業有限公司,臺中市西屯區河南路二段二六二號七樓之五,1000000,1050502
37870,84680488,畫王實業股份有限公司,臺中市南屯區大墩十四街115號5樓之9,5000000,1050510
37871,84680733,伸豐銘版企業有限公司,臺中市太平區光華里大興路619號,6200000,1050523
37873,84682036,享益有限公司,臺中市豐原區西安里西安街173巷15號,1000000,1050509
37876,84683838,台祐電機股份有限公司,臺中市潭子區栗林里民生街131巷70號,5000000,1050512
37881,84686103,台灣大自然精工產業股份有限公司,臺中市神岡區社南里中山路667巷32弄23號,5000000,1050510
37886,84687779,得田模具有限公司,臺中市神岡區社南里昌平路五段51號,2000000,1050513
37888,84688398,勝貿五金企業有限公司,臺中市南區民生路21號,1000000,1050503
37890,84689283,駿暐企業股份有限公司,臺中市大雅區三和里義和路17-7號,5000000,1050513
37892,84689615,延信企業有限公司,臺中市北區賴明里文昌東一街290號1樓,7700000,1050520
37897,84691160,裕可有限公司,臺中市潭子區頭家里大通街九三巷八七弄一七號,5000000,1050527
37905,84695757,睿高工程有限公司,臺中市大雅區員林里大林路52之3號,1000000,1050527
37906,84696355,大頌實業股份有限公司,臺中市南屯區文山里精科二路9號,188000000,1050525
37914,84698950,亞美圖書有限公司,臺中市西屯區逢明里逢明街29巷2號1樓,1000000,1050529
37915,84699162,宜欣機電有限公司,臺中市太平區永成里長億路210號1樓,500000,1050526
37949,84710899,承益通運有限公司,臺中市烏日區溪壩里溪南路一段680巷41號1樓,30000000,1050510
37952,84711551,源通明交通事業股份有限公司,臺中市西區後龍里中山路467-1號1樓,29900000,1050506
37953,84711617,福太投資開發股份有限公司,臺中市沙鹿區錦華街18號1樓,132000000,1050513
38002,84779783,集美企業有限公司,臺中市西區吉龍里五權五街151號4樓之4,15000000,1050502
38025,84792786,峰榮環保工程有限公司,臺中市北屯區松竹路二段290號1樓,6000000,1050513
38028,84794383,孟宏工程有限公司,臺中市北屯區昌平路二段176號1樓,1000000,1050520
38030,84794877,金益山文具企業有限公司,臺中市大里區仁福街126號,15000000,1050529
38031,84795171,立建營造有限公司,臺中市西屯區福星路635號1樓,3000000,1050509
38035,84796426,順昂實業有限公司,臺中市大甲區日南里５鄰東二街８號,6000000,1050521
38036,84798846,雅瑟斯工業股份有限公司,臺中市大雅區二和里神林南路272巷9弄2號,10000000,1050503
38037,84799459,明仲企業有限公司,臺中市后里區泉州路二三巷二弄一號,1000000,1050506
38038,84799710,宬穎有限公司,臺中市潭子區栗林里民生街202巷14號,2000000,1050521
38047,84803159,環遊世界真正好旅行社有限公司,臺中市梧棲區民生街2之12號1樓,8000000,1050523
38054,84805403,大肚電業有限公司,臺中市大肚區頂街里沙田路二段727號,1000000,1050519
38060,84808226,成岩營造股份有限公司,臺中市沙鹿區竹林里臺灣大道七段562巷12號1樓,3000000,1050504
38062,84808437,富晟通信有限公司,臺中市北區賴明里青島路二段87號1樓,1000000,1050530
38065,84809436,同暉國際股份有限公司,臺中市南區忠明南路七八七號十五樓之二,7500000,1050506
38070,84812495,富鴻企業有限公司,臺中市北屯區平順里安順東九街65號1樓,6000000,1050516
38071,84812925,上吉昌企業有限公司,臺中市南區德富路97號3樓,5000000,1050526
38075,84814557,勝本不銹鋼有限公司,臺中市太平區太平二十街５３巷７弄２號１樓,12000000,1050522
38078,84814894,聖皓實業有限公司,臺中市東區東門里東門路58號1樓,5000000,1050517
38080,84815660,義臺國際貿易有限公司,臺中市清水區臨江里高美路371之4號1樓,5000000,1050513
38081,84815922,宗殷企業有限公司,臺中市潭子區潭陽里潭興路二段二八三號,1000000,1050514
38087,84818174,洽成穩織造廠股份有限公司,臺中市龍井區忠和里海尾路256巷1號,9750000,1050512
38088,84818202,崴鼎企業有限公司,臺中市西屯區協和里工業區15路3號,50000000,1050502
38091,84819201,耕郁國際股份有限公司,臺中市大里區永隆里永大街473號2樓,5000000,1050514
38092,84819259,承信汽車有限公司,臺中市神岡區庄後里大圳路57-2號,1500000,1050525
38102,84823417,緯聖鞋業有限公司,臺中市神岡區社口里中山路416-6號,5000000,1050510
38112,84827309,永發起重有限公司,臺中市北屯區舊社里北屯路423號2樓,1000000,1050525
38121,84829572,奎智實業股份有限公司,臺中市南屯區文心路一段186號18樓之4,16000000,1050503
38122,84830141,商一企業股份有限公司,臺中市龍井區東海里遠東街200巷7號2樓,5750000,1050528
38127,84835602,金翔發有限公司,臺中市大里區仁美路100號1樓,5000000,1050527
38132,84837643,日惟企業有限公司,臺中市西屯區西林巷5之5號1樓,2500000,1050514
38140,84840210,松慶汽車有限公司,臺中市清水區南社里中華路７３號１樓,5000000,1050518
38141,84840345,昌鑫製網股份有限公司,臺中市東勢區埤頭里石城街石山巷47號,5000000,1050528
38142,84841288,開璞展業有限公司,臺中市烏日區五光路一八八號,2000000,1050522
38151,84845025,巧悅美容有限公司,臺中市西屯區福聯里福科路901巷9號1樓,1000000,1050503
38155,84845799,杰運鋁業有限公司,臺中市后里區墩南里南村路333巷55號1樓,10000000,1050521
38158,84846930,國永營造股份有限公司,臺中市潭子區甘蔗里勝利六街45號1樓,22500000,1050531
38164,84848923,金尚品不銹鋼金屬有限公司,臺中市大里區東興里國光路二段500號5樓之6,3000000,1050516
38167,84850482,寶麗亞有限公司,臺中市豐原區北陽里豐東路168巷60弄5號,5000000,1050504
38170,84851855,祥發宗教文物有限公司,臺中市龍井區台西南路212巷9號,1000000,1050528
38179,84855331,金安電鍍股份有限公司,臺中市大雅區上楓里民生路三段180巷4號,5000000,1050518
38185,84857464,順力水電工程有限公司,臺中市龍井區龍崗里竹師路二段105巷5號,5000000,1050512
38188,84858294,安居織品傢飾有限公司,臺中市西屯區何源里文心路3段518號,5000000,1050526
38191,84859054,億珍食品有限公司,臺中市大里區健民里仁化工十九路2號1樓,20000000,1050502
38192,84860427,天基有限公司,臺中市北屯區崇德三路55號1樓,2000000,1050505
38199,84864866,金保國石業有限公司,臺中市西屯區龍潭里環中路3段998-1號,10000000,1050506
38201,84865372,謚全工業有限公司,臺中市太平區永豐路108巷28弄5號,3000000,1050512
38212,84870305,柯記長福實業有限公司,臺中市沙鹿區鹿寮里三條圳二街152號,6000000,1050517
38213,84870419,玉慶水電工程有限公司,臺中市東勢區福隆里東和街221巷5號,12000000,1050511
38218,84873648,倍達科技研究有限公司,臺中市北屯區松竹二路25巷2號1樓,5000000,1050526
38220,84874772,鴻諄企業股份有限公司,臺中市大雅區神林南路28號1樓,12000000,1050527
38221,84874787,日洸實業有限公司,臺中市大里區樹王路180巷2之3號,5000000,1050505
38223,84875060,鋐嶪營造有限公司,臺中市清水區南社里7鄰星海路99號1樓,10000000,1050502
38224,84875569,聖鴻麒有限公司,臺中市南屯區惠中里大英街259號6樓之1,1000000,1050527
38227,84876589,原成實業有限公司,臺中市南區永興里高工路369巷26號1樓,3000000,1050512
38228,84876618,鑫日正工業股份有限公司,臺中市大肚區頂街里榮華街57號,55000000,1050526
38232,84877932,保好貿易有限公司,臺中市豐原區陽明里1鄰自強南街163號9樓,6000000,1050513
38236,84879039,欣盛豐企業有限公司,臺中市大甲區南陽里中山路一段六○二號,10200000,1050517
38245,84881393,偉新刀具有限公司,臺中市太平區永豐路108巷12之23弄7號,5000000,1050503
38248,84881871,展全國際有限公司,臺中市西區忠誠里華美西街1段137號2樓,20000000,1050510
38253,84884650,逸豐螺絲有限公司,臺中市烏日區烏日里２３鄰公園路３９６巷２５號１樓,1000000,1050503
38254,84885264,川晟工程有限公司,臺中市西屯區工業區一路60-2號10樓之5,3000000,1050517
38255,84885399,瑞井企業有限公司,臺中市大肚區遊園路一段103巷4號1樓,500000,1050520
38257,84887495,模匠企業有限公司,臺中市潭子區嘉仁里仁愛路二段２８０號１樓,1000000,1050519
38268,84891809,大陸商務中心股份有限公司,臺中市后里區墩南里公安路一段3號1樓,5000000,1050503
38274,84896305,順龍實業股份有限公司,臺中市中區成功路208號1樓,5000000,1050525
38337,84952565,金永翰石材有限公司,臺中市清水區神清路6-3號,5000000,1050503
38341,84955140,美麗華皮件工業股份有限公司,臺中市大肚區新興里沙田路2段308巷8之1號,40000000,1050512
38342,84955275,廣源有限公司,臺中市南屯區永定里文昌街228巷66號,5000000,1050519
38343,84955606,尚杰空調設備有限公司,臺中市西屯區何德里甘州六街34號1樓,2000000,1050528
38347,84957739,張奶媽工程有限公司,臺中市霧峰區吉峰里吉峰西路27之6號,2000000,1050517
38351,84960642,銀河系資訊有限公司,臺中市西區雙龍里向上路一段30號7樓,5000000,1050523
38353,84961348,川岳冷凍空調工程有限公司,臺中市北屯區興安路二段461巷55弄17號1樓,5000000,1050504
38359,84962917,英紀企業有限公司,臺中市南屯區向心南路943號2樓,7500000,1050521
38360,84964979,勝進玻璃有限公司,臺中市豐原區鐮村里鐮村路465巷89號1樓,20000000,1050518
38371,84967716,富錡企業股份有限公司,臺中市大雅區鳳鳴路26號1樓,5000000,1050528
38377,84970873,巧馥有限公司,臺中市豐原區西安里西勢路一一四巷六八號,2000000,1050521
38383,84975477,順園實業有限公司,臺中市北屯區四民里長生巷1-1弄46號1樓,5000000,1050508
38393,84978544,允迪消防工程有限公司,臺中市大里區公教街37巷15號一樓,2000000,1050525
38395,84978713,得彩廣告企劃有限公司,臺中市北屯區瀋陽路3段33-1號2樓,2000000,1050504
38399,84979332,后里金字塔有限公司,臺中市后里區太平里公館路3號,26000000,1050526
38406,84981920,亞成電業有限公司,臺中市豐原區三村里合作街118巷44號,5000000,1050510
38407,84982152,巨聲有限公司,臺中市大里區永隆里興大南街1巷1-3號4樓之3,1000000,1050518
38409,84982836,誠太股份有限公司,臺中市北屯區平福里崇德路二段256號11樓,15000000,1050516
38421,84987001,益欣營造有限公司,臺中市北區衛道路129巷14號1樓,3000000,1050516
38423,84987348,元顥企業有限公司,臺中市南區德祥街八十一號一樓,5000000,1050529
38425,84987635,永盛工具有限公司,臺中市太平區宜昌東路23巷49弄2號,3000000,1050529
38426,84987852,亨記室內裝修有限公司,臺中市東區興大路16號1樓,1000000,1050527
38431,84990250,朝煌有限公司,臺中市烏日區烏日里公園路352巷32號1樓,2000000,1050520
38434,84992383,宇富有限公司,臺中市豐原區社皮里大豐路五段222號,1000000,1050504
38437,84994565,潭興精工企業有限公司,臺中市豐原區豐田里田心路2段244巷8號,60000000,1050519
38438,84994621,台灣森之霖企業有限公司,臺中市北屯區北屯路二六六之廿八號一樓,500000,1050525
38440,84995662,賀鼎實業有限公司,臺中市北屯區崇興路一段105號1樓,8000000,1050513
38441,84995699,晉宇室內裝修興業有限公司,臺中市霧峰區萬豐里中正路228之1號1樓,5000000,1050520
38444,84995852,耐久切削工具有限公司,臺中市太平區永豐路85巷21號,12000000,1050519
38465,85914842,富觀營造有限公司,臺中市北屯區瀋陽北路65巷38號1樓,22500000,1050502
38483,86015707,誼誠興業有限公司,臺中市清水區下湳里中山路545號,46800000,1050512
38510,86044528,駿穎企業有限公司,臺中市西屯區逢甲里河南路二段二六二號六樓之八,10000000,1050515
38513,86054145,君峰企業有限公司,臺中市北屯區水景里東山路一段210巷27之1號1樓,5000000,1050509
38518,86069225,福炫股份有限公司,臺中市大雅區港尾路2之8號,3000000,1050525
38520,86070124,太達電訊股份有限公司,臺中市北屯區山西南一街148號1樓,11000000,1050519
38524,86070813,慶億木業有限公司,臺中市大雅區上楓里樹德街142巷17號,1000000,1050523
38525,86071382,金薪工業有限公司,臺中市東區東門里東光園路100巷56弄31號1樓,2500000,1050520
38526,86071566,成昌股份有限公司,臺中市東區東光路220號1,5000000,1050525
38527,86071593,興立化粧品股份有限公司,臺中市東區自由路四段165號,6000000,1050525
38528,86072066,金廣臨模板有限公司,臺中市北屯區雷中街32巷55號1樓,8000000,1050521
38530,86073375,格勵五金有限公司,臺中市大雅區上楓里民族街39號,10000000,1050512
38533,86074640,先鋒園藝有限公司,臺中市太平區永祥北街13號,6000000,1050519
38537,86075922,廣丞鑫機械股份有限公司,臺中市大里區仁化路316巷29號,5000000,1050516
38538,86077463,中綸有限公司,臺中市大里區新仁里新仁五街42巷9號,3000000,1050510
38539,86078033,建翔起重工程有限公司,臺中市清水區海濱里13鄰臨港路5段538巷31號1樓,3000000,1050514
38542,86078511,佶宬工業有限公司,臺中市太平區太平路778巷27號,2000000,1050509
38543,86078548,辰展企業有限公司,臺中市大里區樹王里萬安路90號1樓,7000000,1050519
38549,86081261,典格實業有限公司,臺中市南區崇倫北街92號1樓,5000000,1050530
38552,86082944,翌勤工業股份有限公司,臺中市豐原區南嵩里水源路215巷3號,7000000,1050528
38553,86083269,華桀廣告事業有限公司,臺中市西區公平里精誠13街39號1樓,1000000,1050519
38556,86084149,滿點科技有限公司,臺中市太平區宜佳里宜昌路37號,10000000,1050502
38569,86091937,利韃工業股份有限公司,臺中市太平區新仁路一段44巷2-1號,10000000,1050523
38577,86095912,合將股份有限公司,臺中市西屯區西屯路三段宏恩二巷1號1樓,5000000,1050511
38583,86100366,寶吉機械有限公司,臺中市梧棲區草湳里自強一街114巷3號,500000,1050505
38585,86100957,文奕實業有限公司,臺中市太平區太平里合利街廿九號一樓,7000000,1050524
38597,86104996,康德富塑膠股份有限公司,臺中市大里區仁德里仁化路727號1樓,1000000,1050503
38602,86108276,統一鐵材股份有限公司,臺中市沙鹿區興安里1鄰沙田路永和巷37號,61500000,1050511
38603,86108326,德彥工業有限公司,臺中市大里區新仁路一段1之1巷43號,5000000,1050511
38605,86109937,欣禾藥品股份有限公司,臺中市北區文心路四段212號10樓之1,5000000,1050509
38614,86115500,大銘彎管有限公司,臺中市南區高工路265巷8弄1號1樓,1000000,1050502
38617,86117129,岢宏企業有限公司,臺中市西屯區惠來里惠安巷123號1樓,1500000,1050502
38620,86118844,柯積企業有限公司,臺中市豐原區東陽里東陽路二五一巷七號,1000000,1050502
38673,86175788,詮技企業有限公司,臺中市西區公平里公益北街26號,3000000,1050504
38694,86187139,新威欣實業股份有限公司,臺中市南屯區黎明路一段985巷62號1樓,11000000,1050530
38696,86188192,鈤欣機械股份有限公司,臺中市潭子區東寶里大豐路二段24巷20號,5000000,1050504
38697,86188257,驛站企業股份有限公司,臺中市南區忠明南路760號33樓,31799350,1050513
38703,86190394,有為玻璃有限公司,臺中市西屯區西屯路二段惠北巷23號1樓,1000000,1050501
38708,86192301,景誠電子有限公司,臺中市大里區自立路38號1樓,5000000,1050508
38709,86193006,鴻宇照明有限公司,臺中市北區賴村里德化街410號1樓,5000000,1050519
38710,86193343,晁偉工業股份有限公司,臺中市太平區育仁路七十號一樓,1000000,1050513
38711,86193478,虹育有限公司,臺中市南屯區大墩十四街246號,10000000,1050525
38712,86194477,龍鋒模具工業股份有限公司,臺中市豐原區西湳里三豐路921巷11號,5000000,1050505
38713,86194743,台灣引興股份有限公司,臺中市西屯區工業區三十九路52號,200000000,1050512
38718,86198895,君帝食品有限公司,臺中市中區綠川東街38號1、2樓,10000000,1050524
38723,86201391,穩耐利企業有限公司,臺中市烏日區烏日里新興路2號1樓,5000000,1050524
38725,86202912,信成橡膠有限公司,臺中市太平區中興里東平路741巷2弄9號,5000000,1050518
38726,86203264,源祐工業有限公司,臺中市大雅區三和里建興路70號,5000000,1050524
38728,86204989,傑友報關有限公司,臺中市西屯區何南里精誠路14號4樓之3,5000000,1050524
38733,86207775,喜洋洋加油站股份有限公司,臺中市太平區東平路828號,5000000,1050517
38735,86208818,守聖塑膠工業股份有限公司,臺中市太平區中平九街217號,5000000,1050528
38739,86210080,勤盛企業有限公司,臺中市北屯區軍福十五路388號5樓,5000000,1050526
38740,86210342,瑪科隆股份有限公司,臺中市西區忠明南路303號24樓之2,64500000,1050518
38743,86211742,信光電鍍工業股份有限公司,臺中市太平區中興里東平路715巷8弄12號,8000000,1050530
38744,86212088,傑安棠企業有限公司,臺中市北屯區北屯路298巷79號,5000000,1050509
38745,86212144,達盟企業有限公司,臺中市南屯區豐樂里豐偉路89-1號5樓,2400000,1050518
38747,86214419,劉添富企業有限公司,臺中市太平區新光里樹德一街48巷13弄22號1樓,1450000,1050528
38748,86214889,旭鴻泡綿實業有限公司,臺中市北屯區水景里景和東街75號1樓,5000000,1050521
38749,86215043,弘岱工業有限公司,臺中市清水區橋頭里橋江南街37號,5000000,1050523
38750,86215395,尚揚電子有限公司,臺中市龍井區忠和里海尾路45巷14號,1250000,1050516
38751,86215867,芳庚工業有限公司,臺中市豐原區南田里水源路192巷63之8號,1000000,1050514
38755,86217318,登豐紙器有限公司,臺中市太平區中和街64巷32號,5000000,1050520
38766,86221495,昇助螺絲有限公司,臺中市太平區中政里中興路113巷13弄3號,5000000,1050504
38768,86221967,上強木箱有限公司,臺中市霧峰區六股里板橋路15巷12號,5000000,1050526
38778,86227202,廣昌橡膠有限公司,臺中市太平區永豐路三二七巷二一號,6000000,1050506
38785,86234077,崧皓金屬家具股份有限公司,臺中市潭子區栗林材中山路三段305巷47號,5000000,1050524
38788,86236477,欣台筆墨有限公司,臺中市南屯區楓樹西街283號,3000000,1050517
38791,86238849,嘉大橡膠工業股份有限公司,臺中市南屯區大墩二街63號1樓,1000000,1050530
38797,86242652,南天塑膠科技股份有限公司,臺中市沙鹿區斗抵里斗潭路52號,5000000,1050517
38798,86243195,東櫻實業有限公司,臺中市烏日區湖日里新興路612巷19弄5號1樓,5000000,1050517
38813,86247827,大翔國際企業有限公司,臺中市西屯區文心路三段107之10號1樓,5000000,1050511
38815,86248059,銘帥建材有限公司,臺中市北屯區平田里大連路三段二○四號三樓之二,10000000,1050516
38819,86250934,聯聚貿易股份有限公司,臺中市西屯區惠來里府會園道188號,30000000,1050528
38821,86251743,大鋅有限公司,臺中市太平區建興里鵬儀路323號,5000000,1050520
38822,86252525,龍吟實業股份有限公司,臺中市豐原區鎌村里鎌村路605巷21號,18200000,1050506
38825,86254214,沅隆橡膠有限公司,臺中市大里區立仁里好來一街133號1樓,5000000,1050528
38826,86254474,豐立自動控制器材有限公司,臺中市北屯區河北路2段85號,5000000,1050526
38831,86257090,克烝企業有限公司,臺中市豐原區西湳里三豐路885巷2號,5000000,1050513
38836,86258437,威格實業有限公司,臺中市北屯區崇德三路43號1樓,10000000,1050502
38837,86258730,茂泰水電五金材料有限公司,臺中市西區向上北路二五二號一樓,5000000,1050523
38838,86259040,詮于金屬工程股份有限公司,臺中市南區和平里工學三街六之三號一樓,5000000,1050529
38839,86259870,陸元鑽石刀具有限公司,臺中市南屯區春社里永春路58之3號,5000000,1050520
38840,86260270,永豐盛建設股份有限公司,臺中市北屯區文心路四段934號5樓之1,110000000,1050510
38841,86260314,伍陽機械工廠股份有限公司,臺中市大甲區武曲里橫圳街85號,5000000,1050509
38842,86260503,承宏有限公司,臺中市豐原區豐原大道四段459號1樓,500000,1050505
38844,86261989,駿東企業有限公司,臺中市北屯區平和里安順東二街27號一樓,2000000,1050518
38845,86262191,光奭工業股份有限公司,臺中市神岡區岸裡里大豐路五段295巷27弄18號,28000000,1050510
38849,86264803,悅恩企業有限公司,臺中市北屯區大連路二段二五三號一樓,5000000,1050530
38853,86266675,協興塑膠股份有限公司,臺中市太平區宜欣里富平路26號1樓,1000000,1050516
38855,86267772,美臣行有限公司,臺中市大里區大里里大里路481巷2弄33號1樓,500000,1050520
38860,86270805,敦鴻實業有限公司,臺中市太平區太平路49之1號,1000000,1050519
38861,86270930,冠勇建設股份有限公司,臺中市太平區中山路一段308之2號,50000000,1050526
38863,86271207,上應機械股份有限公司,臺中市神岡區豐洲里神洲路三五巷廿二弄廿一號,1000000,1050509
38864,86271847,銘彬精機工業有限公司,臺中市潭子區聚興里豐興路一段192巷125號1樓,1000000,1050519
38924,86325891,仂鑫機械工業股份有限公司,臺中市潭子區栗林里中山路3段493巷4弄26號,2500000,1050512
38925,86326511,美賀實業有限公司,臺中市大肚區營埔里營埔一街211號,1000000,1050506
38927,86326786,出名有限公司,臺中市太平區鵬儀路214巷2弄3號1樓,2870000,1050520
38932,86328779,凱風印刷事業有限公司,臺中市北屯區松竹里崇德三路102號1樓,2000000,1050519
38933,86329159,山立工業股份有限公司,臺中市神岡區中山路1111號,6000000,1050504
38936,86330016,德聯金屬有限公司,臺中市太平區永平路一段19號,2000000,1050523
38937,86330228,春水堂實業股份有限公司,臺中市西區忠誠里大墩19街9號,50000000,1050523
38938,86332632,技拓實業有限公司,臺中市大雅區六寶里中清路五段25巷58號,1000000,1050509
38940,86333301,百豐明電機有限公司,臺中市大雅區雅楓街30號1樓,1000000,1050524
38950,86335531,尚迪開發設計有限公司,臺中市大里區仁化里仁堤路39號2樓,6000000,1050519
38952,86335737,詒東汽車工業股份有限公司,臺中市梧棲區草湳里臨港路三段210號,20000000,1050514
38955,86337094,穗榮包裝實業股份有限公司,臺中市太平區德隆里工業十五路36號,52200000,1050502
38964,86344877,賀倫企業有限公司,臺中市潭子區大富路一段68-9號,5000000,1050526
38968,86346306,金津實業有限公司,臺中市潭子區潭秀里雅潭路1段90巷25號,3000000,1050516
38971,86347451,巨雅企業有限公司,臺中市西屯區上石里青海路二段284之2號10樓之1,5000000,1050505
38973,86347939,英富紡織股份有限公司,臺中市西屯區上石里西屯路二段上石南六巷26號1樓,15000000,1050525
38977,86349633,亞夏企業有限公司,臺中市西區忠誠里臺灣大道二段501號8樓之1,2000000,1050525
38986,86356937,豐群模型股份有限公司,臺中市北屯區水景里景南巷14號,5000000,1050511
38987,86357154,申富企業有限公司,臺中市神岡區溪洲里溪洲路492號,3500000,1050516
38990,86358914,勇錩順企業有限公司,臺中市大雅區上楓里民豐街154巷3號,5000000,1050509
38994,86362924,建拓企管顧問有限公司,臺中市北區文心路四段200號4樓之5,1000000,1050519
39001,86365458,廣德明電機有限公司,臺中市北屯區水湳里大連北街二巷三二號一樓,1000000,1050502
39008,86368434,尚府建設有限公司,臺中市西區土庫里中美街51巷12號1樓,50000000,1050526
39009,86368568,九麟國際興業有限公司,臺中市西屯區河南路二段262號4樓之5,20000000,1050531
39010,86369010,翰宇閥業股份有限公司,臺中市西區忠明南路270號17樓之3,30000000,1050509
39015,86371254,將裕企業股份有限公司,臺中市神岡區圳前里圳前路60號,5000000,1050525
39017,86373128,青榕實業有限公司,臺中市豐原區豐田里豐原大道二段379號1樓,5000000,1050512
39019,86374111,三木廣告有限公司,臺中市南區復興路二段140號,2000000,1050523
39024,86380303,宜新建設開發股份有限公司,臺中市大雅區中清路三段1019號1樓,30000000,1050509
39032,86384743,葛蘭富泵浦股份有限公司,臺中市西區民權路219號7樓,10000000,1050504
39037,86386756,茹絲葵食品企業股份有限公司,臺中市西區臺灣大道二段501號26樓之1、2,19489000,1050519
39040,86387761,榮烈工業股份有限公司,臺中市清水區下湳里中山路398之7號1樓,3000000,1050519
39041,86387782,育釜工業股份有限公司,臺中市豐原區鎌村里鎌村路465巷64弄1之27號,2000000,1050525
39044,86390338,慧豪儀器有限公司,臺中市大里區東興里大明路431號,5000000,1050518
39047,86392201,瑩果工業有限公司,臺中市大肚區沙田路二段617號,500000,1050511
39055,86397521,元振興五金工業股份有限公司,臺中市太平區宜欣里溪洲路57號,10000000,1050502
39058,86400379,永楙企業有限公司,臺中市東區旱溪里進化路34號1樓,80000000,1050525
39063,86402453,維豐企業有限公司,臺中市南屯區文山十街42號1樓,5500000,1050525
39067,86403679,展瑞工業有限公司,臺中市大肚區王田里沙田路1段320巷33之49號,17000000,1050514
39069,86404229,有銓印刷有限公司,臺中市烏日區學田里學田路便行巷26號1樓,1000000,1050510
39078,86408978,金駿興股份有限公司,臺中市南區和昌街309號1樓,6000000,1050511
39088,86411679,國甫工業有限公司,臺中市北區建興里德化街一六六號1樓,3000000,1050514
39097,86413796,佳原砂輪實業有限公司,臺中市大里區大里里大里路501巷2-6號,5000000,1050524
39102,86416793,敏隆工業有限公司,臺中市龍井區忠和里工業路182巷37號,3000000,1050509
39109,86419454,建新鑽石刀具有限公司,臺中市東區東英路三九一號一樓,1000000,1050524
39112,86420136,金大鑄造廠有限公司,臺中市霧峰區南柳里柳豐路309號,3000000,1050504
39125,86425884,佑星有限公司,臺中市北屯區松山街49巷12號1樓,2500000,1050527
39126,86425929,萬里營造有限公司,臺中市大雅區三和里建興路51號1樓,50000000,1050525
39130,86428094,偉晟科技有限公司,臺中市西區公益里公正路246號1樓,2000000,1050506
39136,86431942,永祥營造股份有限公司,臺中市南屯區同心里南屯路二段290號14樓之1,158000000,1050517
39139,86432891,豐頎企業有限公司,臺中市神岡區岸裡里大富路147巷2之3號,8000000,1050525
39143,86436257,鴻志有限公司,臺中市北屯區昌平路三段68號,10000000,1050526
39144,86436377,東山混凝土壓送有限公司,臺中市大雅區三和里建興路116號1樓,5000000,1050527
39145,86436931,綠之美有限公司,臺中市東區仁和路446號1樓,2000000,1050501
39192,86504487,儕仕實業有限公司,臺中市南屯區惠文路279之15號2樓,3000000,1050520
39225,86525167,八九電機有限公司,臺中市大甲區西岐里順帆路一二一巷五號,2000000,1050514
39226,86525602,肯尼實業有限公司,臺中市外埔區六分里六分路六支巷45號,15000000,1050512
39232,86527067,偉創室內裝修設計有限公司,臺中市大雅區六寶里中清路四段811巷5弄16號1樓,5000000,1050509
39239,86528994,富強製網股份有限公司,臺中市西屯區協和里工業區40路32之1號,15000000,1050526
39241,86530176,馬斯特實業有限公司,臺中市龍井區工業路188巷1號,5000000,1050504
39245,86531581,時傑貿易有限公司,臺中市北屯區仁和里后庄路970號,5000000,1050528
39246,86532553,精鋼機械有限公司,臺中市大里區新仁里新仁二街四二號,1000000,1050516
39249,86534497,龐鎰企業有限公司,臺中市清水區南社里鰲峰路一四一巷七二號,2000000,1050508
39250,86534692,承瀚機械股份有限公司,臺中市神岡區岸裡里大豐路五段295巷33號,1000000,1050509
39260,86541336,旭美汽車材料百貨有限公司,臺中市大里區祥興里大智路553號1樓,500000,1050504
39263,86543685,柏政工業有限公司,臺中市太平區立德街38巷10號,5000000,1050517
39265,86546347,克齊達企業有限公司,臺中市北屯區平德里文昌東四街20號1樓,5000000,1050514
39266,86547015,亞威實業有限公司,臺中市大里區現岱路一八二號五樓,5000000,1050513
39267,86547465,大聯奈米生技有限公司,臺中市南屯區南屯路二段408號10樓之8,1000000,1050514
39272,86550974,慶鑫工業股份有限公司,臺中市大安區中庄里興安路271號,10000000,1050513
39279,86552993,生鼎股份有限公司,臺中市霧峰區四德路138巷2號1樓,5000000,1050518
39281,86553402,益駿工程有限公司,臺中市西屯區上安里上明二街40號13樓之2,5000000,1050505
39282,86553634,駟鑫企業有限公司,臺中市大雅區西寶里雅潭路三段482巷177號1樓,5000000,1050510
39287,86557771,偵鉦五金有限公司,臺中市豐原區鐮村里鐮村路六五一號,2000000,1050509
39288,86558315,金久豐興業有限公司,臺中市豐原區博愛街四三巷一五號,5000000,1050512
39290,86559187,永坦企業有限公司,臺中市北區忠明二街39號1樓,21000000,1050509
39293,86560115,孝欣環境維護事業有限公司,臺中市北區青島路三段30號1樓,5000000,1050524
39303,86563817,台益螺絲有限公司,臺中市神岡區社南里中山路667巷32弄9號,1000000,1050516
39305,86564533,鉦鑫工業股份有限公司,臺中市豐原區水源路395巷45弄2號,1000000,1050530
39306,86565857,東三開發有限公司,臺中市西屯區寶慶街30巷9號11樓之8,10000000,1050525
39307,86566146,立程板金機械股份有限公司,臺中市神岡區神洲路608巷27號,5000000,1050504
39311,86567193,巨欣實業有限公司,臺中市大雅區龍善二街72巷22號1樓,1000000,1050530
39315,86568926,申伍鑄造股份有限公司,臺中市神岡區溪洲里神洲路852巷56號,96000000,1050526
39320,86571160,歐俞科技股份有限公司,臺中市潭子區大豐里潭富路2段11之1號1樓,25000000,1050511
39322,86574053,淨翔工業股份有限公司,臺中市太平區宜欣里中山路三段19巷34號,5000000,1050511
39326,86576947,鈺光工業有限公司,臺中市龍井區忠和里工業路182巷28號,8000000,1050527
39329,86578473,保塑美工業有限公司,臺中市豐原區翁明里圓環北路二段317巷59號,5000000,1050527
39332,86581771,良彬企業有限公司,臺中市太平區宜欣里宜欣二街39號1樓,7000000,1050507
39334,86582455,高聰有限公司,臺中市太平區太平里永成路71號,3000000,1050527
39337,86584398,國和資訊顧問有限公司,臺中市北區明新里12鄰忠明路501巷17號,12000000,1050518
39339,86586972,億玖有限公司,臺中市西屯區上安里上安路8號1樓,2000000,1050514
39341,86587424,東洋合成股份有限公司,臺中市西區忠誠里臺灣大道二段512號,15000000,1050525
39345,86588330,通翊彩色分色有限公司,臺中市南區樹義路39巷6號1樓,8900000,1050511
39346,86588710,強翰實業有限公司,臺中市南區崇倫北街40巷1號1樓,2000000,1050509
39347,86588916,櫻王實業有限公司,臺中市西屯區河南東二街16號,7000000,1050506
39349,86589561,慶豐電機有限公司,臺中市西區土庫里五權一街一一三︱三號,500000,1050503
39356,86595022,古門川有限公司,臺中市西區忠明里中美街431號,12000000,1050502
39360,86595944,勁力幫機械有限公司,臺中市大雅區雅潭路296之1之2號,18500000,1050517
39368,86599744,弘任起重機械有限公司,臺中市大甲區文曲里東安路501巷5號,2000000,1050517
39373,86602282,鴻通電話器材有限公司,臺中市大里區仁化路708號1樓,3000000,1050503
39377,86604275,福寶電訊有限公司,臺中市北屯區后庄里中清路二段1156號1樓,2500000,1050516
39378,86604893,先帝企業有限公司,臺中市大里區永隆八街二二巷二號一樓,5000000,1050504
39381,86605936,翔亞實業有限公司,臺中市南屯區中和里中和北一巷7號,5000000,1050519
39384,86607548,中豐加油站股份有限公司,臺中市豐原區鐮村里鐮村路462號,10000000,1050516
39387,86609258,晟實興業有限公司,臺中市大里區大元里國中路230號,6000000,1050505
39390,86610419,丞峰土木建築機械有限公司,臺中市南屯區大誠里東興路二段106號11樓,2000000,1050509
39401,86613534,喜常來有限公司,臺中市西屯區協和里安和路32之6號,7600000,1050527
39404,86614772,鐵傑科技有限公司,臺中市南屯區楓樹里楓樹巷32號1樓,1000000,1050528
39405,86615097,日懋工程有限公司,臺中市南屯區文心南五路五二○號一樓,6000000,1050523
39409,86618279,沅鼎企業有限公司,臺中市南區西川里大忠南街一七一號七樓,13800000,1050512
39411,86619306,竣贊水電冷氣工程有限公司,臺中市南屯區大聖街267號,10000000,1050509
39412,86619328,榮亮有限公司,臺中市神岡區北庄里中山路一二五一號,2000000,1050519
39417,86622029,正河源機械配件有限公司,臺中市清水區橋頭里高美路269之2號,120000000,1050523
39423,86626398,仲勇機械有限公司,臺中市大肚區新興里沙田路二段132巷80弄264號1樓,3000000,1050511
39429,86632342,合勝貿易股份有限公司,臺中市大里區健民里仁化工十路1號,120000000,1050525
39430,86632666,進騰實業有限公司,臺中市北區崇德路一段196號1樓,5000000,1050522
39433,86633671,舉鋒工業股份有限公司,臺中市豐原區東陽里東陽路90號,5000000,1050523
39434,86635586,原鋐機械工業有限公司,臺中市東區大興街一四○號,2000000,1050521
39438,86637389,展煜營造有限公司,臺中市東勢區新盛街377號,23000000,1050518
39442,86639936,將登有限公司,臺中市北屯區文昌東六街35號,500000,1050518
39443,86639979,茗暉機械有限公司,臺中市豐原區北陽里中陽路311號,5000000,1050520
39447,86641588,萬興螺絲企業有限公司,臺中市南區德義里建成路1571號1樓,2000000,1050521
39449,86642931,帝浩貿易有限公司,臺中市西屯區何仁里天水中街66號,6000000,1050513
39453,86644136,秋銡有限公司,臺中市大雅區大雅里民生路1段204號1樓,5000000,1050527
39454,86644760,金安和工業有限公司,臺中市太平區鵬儀路二九六巷六弄一○號,3000000,1050512
39463,86648040,七信建設有限公司,臺中市烏日區中華路二○三巷二弄三○號,25000000,1050502
39466,86648999,藝林毛刷股份有限公司,臺中市潭子區福仁里環中路1段78號1樓,1000000,1050516
39468,86650002,淞似井股份有限公司,臺中市豐原區南陽里南陽路1之15號,1500000,1050503
39471,86650951,星合科技有限公司,臺中市北屯區中清路二段362巷37號1樓,1000000,1050518
39475,86652331,富萬能有限公司,臺中市豐原區田心里豐南街51巷22號,1000000,1050519
39479,86653079,進佳實業有限公司,臺中市大甲區岷山里中山路一段898巷30號,10000000,1050506
39484,86657856,尚永德興業有限公司,臺中市南屯區春社里永春路63之3號1樓,2000000,1050523
39485,86658216,玴暉興業有限公司,臺中市霧峰區吉峰里錦州路356巷30號1樓,3000000,1050519
39486,86659171,佺泰企業有限公司,臺中市大甲區中山里水源路298號,1000000,1050524
39487,86659496,大林地綠化事業有限公司,臺中市南區永和里五權南路653號2樓,1000000,1050513
39497,86663386,志英家俱有限公司,臺中市潭子區大富里民族路二段138巷28號,1000000,1050506
39507,86665482,良井企業股份有限公司,臺中市大里區內新里內新街29巷7號,6000000,1050516
39508,86666270,寶特企業有限公司,臺中市沙鹿區興仁里沙田路60之5號,2000000,1050510
39516,86673075,錦源儀器有限公司,臺中市北區育德里中清路一段197號,2000000,1050523
39526,86677972,指揮家科技有限公司,臺中市北屯區九龍街66號1樓,5000000,1050525
39527,86678705,明祥針車有限公司,臺中市大里區仁德里四育街13號,5000000,1050521
39528,86679009,精豐機械有限公司,臺中市龍井區龍津里龍津街88號,5000000,1050518
39533,86682095,世鼎營造股份有限公司,臺中市西區忠誠里台灣大道二段536號7樓之1,18000000,1050507
39534,86682335,城市新娘經典有限公司,臺中市大雅區上雅里學府路381號,2000000,1050505
39535,86682454,佑霖機電工程服務有限公司,臺中市霧峰區中正里萊園路九巷四一號一樓,2000000,1050517
39596,86746154,智暉廣告企劃有限公司,臺中市豐原區南陽路５９巷４１弄８９號１樓,3000000,1050512
39602,86749835,裕安豐工程有限公司,臺中市北屯區大德里雷中街32巷55號2樓,6000000,1050501
39603,86750522,承臻興業有限公司,臺中市神岡區豐洲里豐洲路三六六號一樓,5000000,1050530
39605,86750733,建元紙器有限公司,臺中市烏日區光明里五光路復光四巷101號,1000000,1050519
39608,86752839,群鴻企業有限公司,臺中市大里區德芳路１段２７０號１樓,5000000,1050522
39611,86754484,得昌水電工程有限公司,臺中市南屯區大興里精誠路752號1樓,10000000,1050530
39617,86759734,欣盛冷凍空調工程有限公司,臺中市北區福樂街14巷1號,5000000,1050510
39623,86764856,金國王小客車租賃有限公司,臺中市后里區三豐路38之11號,5000000,1050518
39625,86765638,元東大實業股份有限公司,臺中市大里區樹王里文心南路1366巷3號,50000000,1050511
39626,86766910,中泓實業有限公司,臺中市沙鹿區六路里臺灣大道六段926巷38弄65號1樓,5000000,1050516
39629,86767495,朕群興業股份有限公司,臺中市大雅區三和里學府路一七九巷九號,5000000,1050506
39632,86769000,嬌妻廚具百貨有限公司,臺中市南屯區田心里五權西路二段415號1樓,4900000,1050516
39638,86772336,宇暄企業有限公司,臺中市大甲區新美里永順街60巷7號,6000000,1050521
39651,86777557,彣固企業有限公司,臺中市大肚區新興里溪洲路52號,1000000,1050519
39656,86779611,達翰製版股份有限公司,臺中市清水區南社里忠孝二街50巷27號,2000000,1050502
39661,86784500,住福工程股份有限公司,臺中市北屯區河北路二段81號1樓,32600000,1050504
39669,86788533,威輔股份有限公司,臺中市神岡區豐洲里豐洲路332巷16之8號,2000000,1050520
39673,86790550,金固齒輪股份有限公司,臺中市東區東門里東光園路100巷42弄28號1樓,2000000,1050502
39678,86794351,誠祐企業有限公司,臺中市大里區中興路二段819號一樓,5000000,1050516
39692,86801557,振旺企業有限公司,臺中市太平區太平里合利街一○巷二號一樓,5000000,1050521
39693,86801894,欣築營造股份有限公司,臺中市東區新庄里復興路4段231-2號1樓,23050000,1050511
39706,86807139,創荏有限公司,臺中市太平區永成里永康街33號1樓,1000000,1050506
39713,86813152,介通自動化有限公司,臺中市豐原區東勢里田心路一段128巷17號,500000,1050502
39715,86813940,鑑泰鋼鐵有限公司,臺中市東區東光園路64巷19號21號1樓,3000000,1050530
39717,86814960,峻豐機械股份有限公司,臺中市大里區內新里日新路171巷2號1樓,8000000,1050514
39721,86817474,世佑壁紙股份有限公司,臺中市西屯區工業區一路118號,45000000,1050526
39725,86819389,雨林工業有限公司,臺中市太平區長安路295巷28號1樓,1000000,1050506
39726,86819424,信行來機械工廠股份有限公司,臺中市東區東門里東門路103號,3000000,1050504
39727,86821239,玖俐實業有限公司,臺中市豐原區成功路253號,1000000,1050514
39734,86825050,瑔鋒實業股份有限公司,臺中市神岡區庄前里庄前路51之6號,6000000,1050504
39735,86825452,天綠清潔工程股份有限公司,臺中市太平區中山里中山路二段499巷2弄7號,3000000,1050516
39738,86825782,長林工程有限公司,臺中市龍井區龍社路二二巷五弄二號一樓,5000000,1050524
39740,86826298,鴻大工程有限公司,臺中市太平區中山路2段372–2號,5000000,1050503
39741,86827938,明烽電機有限公司,臺中市西屯區青海路二段193巷9之15號4樓,1000000,1050507
39742,86828021,一體工業有限公司,臺中市太平區宜欣里宜欣二路190號1樓,1000000,1050529
39743,86828423,壬銘有限公司,臺中市太平區太平里永豐路永新巷33號,1000000,1050514
39745,86830650,三峻企業有限公司,臺中市大雅區大雅里學府路250巷97弄34號,2000000,1050527
39747,86831291,龍濱企業有限公司,臺中市龍井區忠和里中央路三段7號,1000000,1050511
39749,86831601,上慶營造工程有限公司,臺中市南屯區南屯里黎明東街90號,38000000,1050509
39759,86835439,儒耀有限公司,臺中市南屯區溝墘里大墩17街137號4樓,5000000,1050518
39760,86835629,豪展實業有限公司,臺中市豐原區北陽里豐東路170號,1000000,1050517
39762,86837529,巨邦建材實業股份有限公司,臺中市南屯區文心路一段542號1樓,10000000,1050518
39763,86837915,億泰興業有限公司,臺中市西屯區工業區31路5號,20000000,1050518
39764,86838288,名品機械工業有限公司,臺中市神岡區社南里中山路八五一巷五一弄三號,5000000,1050519
39767,86838479,永晟資訊科技有限公司,臺中市北屯區松安里遼寧路一段243號1樓,1000000,1050510
39769,86838787,駿揮實業有限公司,臺中市大肚區營埔里船頭三街121巷39號,2000000,1050503
39770,86838858,上品寢具股份有限公司,臺中市西區公正里精誠路340號1樓,14000000,1050503
39771,86839272,貞德工業有限公司,臺中市大甲區頂店里中山路1段1225巷55號,5500000,1050530
39775,86840550,樺豐電機興業有限公司,臺中市豐原區社皮里中正路803巷25弄9號,20000000,1050517
39823,86886534,穩多企業股份有限公司,臺中市南屯區五權西路2段666號12樓之1,20000000,1050502
39842,86929007,喜喜貿易有限公司,臺中市西區華美街263號,5000000,1050517
39847,86932875,勁捷精密機械股份有限公司,臺中市大雅區員林里神林路一段61號1樓,15000000,1050509
39851,86935280,克佳興業股份有限公司,臺中市太平區中平九街215號1樓,25000000,1050504
39861,86939954,葡萄酒學苑有限公司,臺中市西區民龍里臺灣大道二段331號1樓,5000000,1050506
39863,86940925,寰力製刀有限公司,臺中市大雅區大雅里中清東路119號1樓,5000000,1050509
39864,86941142,暉越股份有限公司,臺中市豐原區田心里豐原大道1段827號1、2樓,5000000,1050506
39869,86942542,山鄉股份有限公司,臺中市梧棲區南簡里中央路2段342-1號,5000000,1050525
39870,86943465,欣正股份有限公司,臺中市龍井區田中里龍北路391巷118號,5000000,1050512
39872,86944274,統進機電實業有限公司,臺中市北屯區水景里太原路三段801號1樓,6000000,1050525
39873,86944942,金信企業有限公司,臺中市梧棲區中正里港埠路二段九一號,1000000,1050505
39874,86945317,銀邦企業有限公司,臺中市大里區東湖里忠孝路80巷11號1樓,5000000,1050528
39877,86946701,隆謚有限公司,臺中市豐原區豐圳里豐社路316之1號,1000000,1050513
39878,86946863,阡勝鋼鐵股份有限公司,臺中市后里區民生路57巷1-5號1樓,66500000,1050509
39880,86947011,綜鴻油漆有限公司,臺中市大雅區三和里建興路二五二號,5000000,1050513
39881,86947048,谷家企業有限公司,臺中市北屯區和平里軍福十七路78號1樓,5000000,1050505
39887,86948742,鋁銅旺企業有限公司,臺中市豐原區豐原大道二段666號,10000000,1050529
39888,86949708,大肚生鮮超級市場有限公司,臺中市大肚區大肚里沙田路二段619號,1000000,1050527
39892,86950423,安舫船務代理有限公司,臺中市梧棲區頂寮里八德路84號3樓之6,9000000,1050528
39903,86953913,元騏貿易股份有限公司,臺中市神岡區庄前里神林路90巷13號1樓,12000000,1050505
39907,86955503,忠昱科技有限公司,臺中市北屯區大連路一段312號,1000000,1050512
39910,86956799,驊懋有限公司,臺中市霧峰區吉峰里吉峰路123之2號1樓,3000000,1050505
39913,86957988,昊瑩股份有限公司,臺中市沙鹿區鹿峰里中山路田尾巷112號1樓,5000000,1050526
39914,86958298,金朝陽企業有限公司,臺中市南屯區向心里南屯路二段277號1樓,5000000,1050516
39917,86959971,鷹揚貿易有限公司,臺中市大甲區平安里忠孝街六十巷廿一弄廿號,5000000,1050528
39918,86960604,盛隆水電工程有限公司,臺中市大甲區岷山里水源路543巷31號,5000000,1050502
39929,86963980,隆勳實業有限公司,臺中市北屯區后庄里后庄北路125號1樓,800000,1050524
39931,86964377,翔勇實業有限公司,臺中市烏日區公園路736巷25弄26號,5000000,1050502
39933,86966656,元廷貿易有限公司,臺中市東區東橋里建新街104號1樓,22000000,1050511
39935,86968654,鑫車事業有限公司,臺中市北區青島路1段42之2號1樓,8800000,1050516
39945,86974234,富盛辦公傢俱有限公司,臺中市北區賴村里中清路一段368號1樓,2000000,1050519
39946,86975310,建田金屬實業有限公司,臺中市太平區成功東路301巷13號4樓,5000000,1050518
39947,86975938,拓璁企業有限公司,臺中市新社區中正里中和街5段33巷50號,5000000,1050502
39949,86976697,廣衡機械工業有限公司,臺中市西屯區逢甲里西屯路二段256巷6號6樓之10,5000000,1050517
39951,86977984,永顓企業有限公司,臺中市北區健行里德化街639號,1000000,1050520
39952,86979028,鉅勝實業有限公司,臺中市太平區德隆里工業十四路2號,20000000,1050518
39954,86980382,捷力報關有限公司,臺中市梧棲區八德路86號1樓,5000000,1050522
39958,86982516,大鉅工業有限公司,臺中市南屯區楓樹里楓和路728號１樓,1000000,1050526
39959,86982776,連華工程企業有限公司,臺中市大肚區沙田路2段102巷19弄9號,30000000,1050519
39964,86986442,尚宏金屬實業有限公司,臺中市南屯區楓樹里楓樹西街180號1樓,1000000,1050527
39966,86987441,明利廣告股份有限公司,臺中市南屯區大同里精誠路450號,5000000,1050510
39975,86992514,立佳企業有限公司,臺中市南屯區溝墘里大墩十四街266號1樓,500000,1050511
39981,86994908,新月盛營造有限公司,臺中市豐原區合作街80號1樓,25500000,1050530
39989,86997399,雷益股份有限公司,臺中市豐原區中陽里愛國街165號,3500000,1050519
39992,86999185,佑晟加油站股份有限公司,臺中市大里區仁化路345號,5000000,1050530
40000,89201732,豐億通訊企業有限公司,臺中市北區榮華街13號1樓,1000000,1050501
40003,89203485,紳原五金有限公司,臺中市中區成功路十三號一樓,2500000,1050505
40004,89203513,忠春企業有限公司,臺中市北區北平一街36-6號7樓,15000000,1050510
40010,89204908,金豐盛螺絲五金股份有限公司,臺中市太平區新仁路一段40巷13號,5000000,1050511
40014,89206286,康寧藥業有限公司,臺中市豐原區大湳里大仁街24號1樓,5000000,1050516
40015,89206547,中圓鋼品企業有限公司,臺中市大里區瑞城里塗城路五四二巷七弄一四號一樓,6000000,1050529
40017,89206835,鉅聖食品機械廠有限公司,臺中市太平區平安里中平九街219號,5000000,1050504
40021,89207882,宏憙傳播有限公司,臺中市北區忠明路432號2樓之2,5000000,1050504
40024,89209050,久東實業股份有限公司,臺中市大安區永安里五甲北路10巷60號,8000000,1050525
40031,89211871,和鼎資產管理股份有限公司,臺中市西區臺灣大道二段220號37樓,460000000,1050506
40032,89212528,信昱國際股份有限公司,臺中市南區民主里復興路3段318號10樓,5500000,1050508
40033,89212816,菖緯實業有限公司,臺中市霧峰區四德里四德北路45巷20號1樓,30000000,1050522
40034,89213667,鴻汶事業有限公司,臺中市北屯區瀋陽路３段３８６號１樓,6100000,1050503
40035,89213701,東山燈光音響有限公司,臺中市西屯區逢甲路104號1樓,1000000,1050509
40037,89215308,旭鼎工業股份有限公司,臺中市太平區宜欣里宜昌東路43號,40000000,1050520
40044,89220196,經融企業財務顧問有限公司,臺中市南區忠明南路760號23樓,5000000,1050524
40048,89221890,勖喬有限公司,臺中市西屯區青海路二段329號1樓,5000000,1050511
40058,89225973,岱昕金屬建材有限公司,臺中市太平區新光里振武路112號1樓,3000000,1050531
40060,89226142,慧盛工業股份有限公司,臺中市太平區中興里中興路一二八巷二二號,2000000,1050505
40062,89226678,元笙商號有限公司,臺中市豐原區西湳里豐原大道七段２２５號,3000000,1050513
40065,89228394,騰豐營造有限公司,臺中市北區民權路559號6樓之2,25000000,1050504
40066,89228752,百一香食品有限公司,臺中市霧峰區南柳里霧工七路12號1樓,27000000,1050509
40068,89229268,巨匠電氣工程有限公司,臺中市梧棲區頂寮里大仁路二段353巷6號5樓之1,13000000,1050518
40070,89230650,孜亞人力仲介有限公司,臺中市南屯區文心南三路176號1樓,5000000,1050525
40074,89231200,智翔實業股份有限公司,臺中市神岡區大豐路5段455巷6號,1500000,1050517
40076,89232545,影響力廣告有限公司,臺中市西屯區美滿街18巷16號1樓,1000000,1050513
40078,89233018,醒宙實業有限公司,臺中市西屯區廣興巷16之3號,15000000,1050506
40079,89234591,承獎工業有限公司,臺中市太平區宜昌東路23巷17號,5000000,1050519
40080,89235487,協興水電工程有限公司,臺中市大肚區福山里沙田路1段428巷5弄9號,2000000,1050513
40081,89236021,東峯毅企業有限公司,臺中市北屯區陳平路５２號２樓,5000000,1050519
40082,89236205,台中協益印刷材料有限公司,臺中市北區文莊里英士路118號2樓,1000000,1050513
40086,89238251,登盛機械股份有限公司,臺中市大里區大興街18巷39號,5000000,1050524
40089,89240329,源柏洲實業股份有限公司,臺中市西區中山路465號1樓,22000000,1050511
40097,89242086,哲瑋企業有限公司,臺中市后里區義里里甲后路138巷8之7號,1000000,1050517
40098,89242157,肯特企業有限公司,臺中市北屯區天津路4段204號1樓　,3000000,1050530
40099,89242229,漢權實業有限公司,臺中市太平區長安路八七號,6000000,1050503
40103,89243661,金利捷有限公司,臺中市南區高工路369巷21號1樓,5000000,1050510
40106,89244063,翔越興業有限公司,臺中市豐原區翁明里東北街285巷10弄16號1樓,5000000,1050506
40107,89246610,富聚實業有限公司,臺中市北屯區軍功里軍榮二街56號1樓,15000000,1050531
40109,89247548,漢拓企業有限公司,臺中市南屯區同心里南屯路2段290號9樓之3,9000000,1050520
40111,89249481,芃佑企業有限公司,臺中市大雅區文雅里中山北路451巷35號1樓,5000000,1050516
40121,89291277,家傑國際有限公司,臺中市南屯區溝墘里大業路402號1樓,5000000,1050521
40122,89291430,祥洲模具有限公司,臺中市沙鹿區埔子里屏西路二六八號一樓,2000000,1050520
40124,89291656,超億食品機械有限公司,臺中市北屯區松茂里松竹路76巷12弄15之2號1樓,2000000,1050523
40134,89294632,葆昇工程有限公司,臺中市大雅區員林里大雅路272巷16號,2000000,1050503
40145,89298932,高明昌吊車有限公司,臺中市西區五權八街一二五號四樓之五,6000000,1050509
40150,89301599,金弘逸工業有限公司,臺中市大里區仁化里仁美路36號1樓,1000000,1050523
40152,89302078,通勇營造有限公司,臺中市南區福興里南平路296號7樓之2,22500000,1050517
40156,89303891,塔克企業有限公司,臺中市南屯區三義里河南路4段370之27號4樓,1000000,1050514
40174,89313167,豐翔興業有限公司,臺中市烏日區溪埧里溪南路一段238巷8弄37號2樓,2000000,1050503
40178,89316191,東方族企業有限公司,臺中市龍井區龍泉里龍社路69號1樓,5000000,1050525
40179,89316489,永興隆塑膠廠有限公司,臺中市沙鹿區西勢里中山路24-52號,500000,1050516
40182,89318515,泓益有限公司,臺中市東勢區文化街296號1樓,5000000,1050521
40186,89321482,頂生實業有限公司,臺中市南屯區黎明路一段985巷51號1樓,5000000,1050506
40193,89324713,和助營建股份有限公司,臺中市北屯區和平里和祥街33巷82號1樓,29000000,1050510
40201,89327922,清水電機工業有限公司,臺中市清水區武鹿里平等東路56號2樓,500000,1050526
40204,89328582,銓太資訊有限公司,臺中市西屯區何源里河南路122號1樓,5000000,1050511
40207,89329554,健得祐生物科技有限公司,臺中市霧峰區萬豐里中正路263號,5000000,1050517
40211,89330383,錠贊精密模具工業有限公司,臺中市大里區西湖里西湖路199巷1號,5000000,1050516
40221,89336605,尚泰實業股份有限公司,臺中市北屯區平和里瀋陽路二段198-2號1樓,2000000,1050514
40222,89336669,中台太陽堂食品企業有限公司,臺中市太平區德隆里光興路115號1樓,1000000,1050501
40223,89337111,元富切削刀具有限公司,臺中市豐原區西湳里葫蘆墩四街82號,5000000,1050506
40227,89338863,龍旺顧問股份有限公司,臺中市大里區大里路433巷1之1號1樓,10000000,1050530
40229,89339103,精俊股份有限公司,臺中市烏日區前竹里中山路一段229巷39號,7000000,1050519
40230,89339151,進旌工業股份有限公司,臺中市大肚區成功里文昌路三段1巷151號,4000000,1050511
40232,89339899,健麟企業有限公司,臺中市大甲區頂店里經國路1511號,5000000,1050511
40233,89340306,旱溪加油站有限公司,臺中市東區旱溪街二一七號,5000000,1050524
40242,89343649,盛弘機械工程有限公司,臺中市梧棲區草湳里自立2街434號,3000000,1050520
40244,89344112,南恒實業有限公司,臺中市西屯區河南路二段95號1、2樓,15000000,1050520
40249,89346553,華太機電工程有限公司,臺中市北區青島路三段六二號一樓,3000000,1050528
40252,89347526,兆鈿企業股份有限公司,臺中市大肚區王田里王福街750巷58號,5010000,1050530
40256,89348980,潔林有限公司,臺中市西屯區逢甲里寶慶街１８巷３２號１樓,5000000,1050530
40263,89353076,鉅原營造有限公司,臺中市龍井區遊園北路549巷1弄6號,22500000,1050526
40265,89353569,川鋐工程有限公司,臺中市西屯區潮洋里朝馬一街30之3號1樓,3000000,1050518
40269,89356003,環群科技有限公司,臺中市東區東英里東英九街117號1樓,2000000,1050517
40271,89357002,渥得國際設計有限公司,臺中市西屯區協和里工業區36路46號3樓,3200000,1050520
40274,89357684,立中大飯店有限公司,臺中市西屯區大恩街38號1-7樓,2500000,1050527
40276,89358086,順益興有限公司,臺中市東區振興路38號1樓,5000000,1050526
40277,89358157,榮晉工業股份有限公司,臺中市大里區仁德里慈善路126號,71000000,1050527
40278,89358728,晏伸企業有限公司,臺中市烏日區五光路571號1樓,5000000,1050509
40284,89359698,玉彩油漆有限公司,臺中市大里區爽文路1059號1樓,2000000,1050514
40286,89360652,盛鴻機電有限公司,臺中市南區仁和路214巷48號1樓,1000000,1050525
40292,89362687,盟安企業股份有限公司,臺中市霧峰區六股里峰谷路146號,30000000,1050510
40295,89363454,協咨科技有限公司,臺中市大里區東興里永興路139號1樓,2000000,1050514
40300,89365707,凱亮實業股份有限公司,臺中市南屯區惠中里惠文路580號1樓,5000000,1050525
40307,89367607,紘振物流倉儲股份有限公司,臺中市神岡區新庄里19鄰和睦路861號,30000000,1050509
40312,89370960,利司多企業有限公司,臺中市烏日區烏日里大同路7號2樓,5000000,1050521
40315,89371671,晟鴻有限公司,臺中市大雅區雅環路二段255巷42號1樓,1000000,1050523
40320,89373087,瑞菖國際股份有限公司,臺中市西屯區青海路二段175號10樓之8,15000000,1050522
40330,89375938,鏈興企業有限公司,臺中市大里區東興里永興路157巷11號2樓,5000000,1050525
40331,89376182,唯道實業有限公司,臺中市北屯區松竹里熱河路三段89巷3號1樓,1200000,1050509
40332,89376198,靖功有限公司,臺中市大里區益民路一段170號,6000000,1050527
40333,89376985,東圓實業股份有限公司,臺中市北屯區平順里大連路3段16號11樓之1,5000000,1050503
40340,89381896,坤豐企業有限公司,臺中市梧棲區福德里中央路一段九三三號,2000000,1050513
40344,89384134,宏驎實業有限公司,臺中市大雅區雅潭路四段371號,1000000,1050525
40349,89386359,傑惠有限公司,臺中市西屯區櫻城五街一號五樓,1000000,1050509
40353,89387625,雍然有限公司,臺中市南區德義里國光路216號1、2樓,1000000,1050509
40368,89411688,拉瑪客企業有限公司,臺中市大雅區西寶里西村路17-2號1樓,5000000,1050525
40433,89480404,中聯油脂股份有限公司,臺中市清水區海濱里北堤路1-8號,600000000,1050530
40435,89481380,惪石企業有限公司,臺中市西屯區台灣大道三段528號8樓,12000000,1050525
40445,89488243,元建進工業有限公司,臺中市大雅區大楓里昌平路四段633巷2號,5000000,1050523
40447,89490521,大洲交通有限公司,臺中市大肚區頂街里大明四街145號4樓,28200000,1050511
40458,89494189,千益建材有限公司,臺中市烏日區學田里學田路便行巷31號,5000000,1050519
40459,89494300,冠達工程顧問有限公司,臺中市南區南門路59巷88弄7號1樓,1000000,1050514
40463,89495770,信鼎有限公司,臺中市大里區永隆一街142號1樓,5000000,1050508
40465,89496399,科詠企業有限公司,臺中市南區樹義里福田三街308號,1000000,1050520
40469,89499570,國愷興業股份有限公司,臺中市大里區工業10路21號,78000000,1050505
40471,89500295,佑吉機械股份有限公司,臺中市太平區東汴里長龍路三段245巷13號,5500000,1050525
40472,89501365,佑崧加油站股份有限公司,臺中市太平區東平路85號,5000000,1050524
40484,89506468,營誠營造有限公司,臺中市潭子區聚興里興豐山莊300號1樓,3000000,1050525
40486,89506811,長松食品有限公司,臺中市沙鹿區埔子里鎮南路一段319號,15000000,1050510
40487,89507092,暐川企業有限公司,臺中市豐原區田心里中山路185之1號,500000,1050511
40488,89507277,州聯電力有限公司,臺中市大里區塗城里塗城路29號,24100000,1050526
40495,89508753,大中育樂事業股份有限公司,臺中市東區十甲里旱溪街357號,21000000,1050520
40499,89510462,展廣鋼鐵有限公司,臺中市太平區光興路1256號1樓,2000000,1050527
40503,89512428,威通不銹鋼有限公司,臺中市南屯區同心里大墩三街167巷6號1樓,1000000,1050506
40505,89512975,赫基營造有限公司,臺中市西區華美西街一段186號1樓,26000000,1050519
40516,89516424,易豐利興業有限公司,臺中市南屯區溝墘里大業路284號1樓,10000000,1050512
40520,89519978,鶴翔天有限公司,臺中市南屯區大川街六十號一樓,5000000,1050501
40521,89520551,福瑩橡膠股份有限公司,臺中市后里區后里區舊社里三重中路89號,5000000,1050504
40522,89520861,新大陸實業有限公司,臺中市大里區永隆九街136巷1號2樓,1000000,1050512
40523,89520911,雅正營造有限公司,臺中市清水區神清路37之19號　,3000000,1050525
40524,89521046,立淮企業有限公司,臺中市東區自由路四段319號1樓,500000,1050517
40531,89523993,剴聚建材有限公司,臺中市大里區長榮里大里路35–2號,16000000,1050514
40536,89525578,水淼實業有限公司,臺中市西區臺灣大道二段501號8樓之1,16000000,1050525
40545,89529384,優岡股份有限公司,臺中市西屯區福恩里工業區一路98巷7弄72號,29120000,1050503
40551,89531656,郡泰機械工程有限公司,臺中市太平區德隆里工業十四路10號,5000000,1050511
40552,89532711,仲于實業有限公司,臺中市大里區國光里至聖路69號1樓,5000000,1050520
40555,89533303,公億企業有限公司,臺中市西屯區中工二路310號1，2樓,1000000,1050524
40561,89534767,瑪琳企業有限公司,臺中市潭子區家興里中山路1段1巷56弄19號1樓,5000000,1050506
40565,89536033,育晉彩色印刷股份有限公司,臺中市清水區橋頭里橋江北街一段78巷72號,3000000,1050525
40569,89537589,喜保消防安全設備有限公司,臺中市北屯區平陽里崇德路2段271號1樓,8000000,1050517
40581,89541845,鎧鎂企業有限公司,臺中市烏日區三和里三和路90號1樓,1000000,1050504
40582,89542083,模嘉社興業有限公司,臺中市東區東門里東光園路100巷72弄15號1樓,5000000,1050517
40587,89544385,照展股份有限公司,臺中市龍井區三德里中厝路107巷21號,5000000,1050519
40588,89545032,泓冠技研股份有限公司,臺中市神岡區溪洲里村李洲路35之1號,11000000,1050525
40595,89546898,瑞祐綠能科技股份有限公司,臺中市西區臺灣大道二段220號29樓,8000000,1050526
40604,89552700,名揚通運有限公司,臺中市西區公館里五權西一街127號2樓,25000000,1050509
40611,89553742,金進億有限公司,臺中市沙鹿區南勢里南斗路一二巷四六號,1000000,1050530
40614,89554263,大賀機械股份有限公司,臺中市豐原區南村里水源路492巷22之1號,1000000,1050509
40615,89554340,宗洲有限公司,臺中市外埔區三崁里二崁路333巷9號1樓,5000000,1050520
40616,89555220,伸堡企業有限公司,臺中市清水區槺榔里槺榔二街81號1樓,1000000,1050514
40620,89555734,富百德興業有限公司,臺中市梧棲區永安里永興路1段401巷153號,1000000,1050520
40621,89555805,仟祐發條有限公司,臺中市烏日區長春街598巷1號1樓,1000000,1050503
40623,89556255,菘鶴企業有限公司,臺中市外埔區鐵山里長生路518號,500000,1050527
40624,89556537,立冠空調工程有限公司,臺中市北區太原南二街102號,10000000,1050530
40625,89556662,亞穎有限公司,臺中市大肚區王田里沙田路一段三二○巷八三之二號,10000000,1050523
40627,89558394,蓮池禮儀有限公司,臺中市北區崇興路二段85號1樓,3000000,1050509
40628,89558486,酉財企業有限公司,臺中市北屯區仁美里昌平東五路243號1樓,5000000,1050506
40645,89562783,又盟直動精密有限公司,臺中市龍井區山腳里中華路3段178號,1000000,1050530
40652,89564467,石崇企業有限公司,臺中市豐原區南嵩里水源路９巷１７５號１樓,5000000,1050516
40653,89564776,和新茂企業有限公司,臺中市太平區勤益里中山路一段322巷117弄10號1樓,3000000,1050505
40655,89565846,高斯科技有限公司,臺中市西區模範街31巷30號1樓,1000000,1050520
40659,89567197,鑫安營造工程有限公司,臺中市霧峰區吉峰里吉峰路128-5號,25000000,1050520
40661,89567366,榮順興業有限公司,臺中市北屯區松強里松竹路二段186巷7號,2000000,1050516
40663,89568180,賓豐實業有限公司,臺中市豐原區三村里互助街118號2樓,5000000,1050511
40664,89568421,玖路發有限公司,臺中市南屯區田心里五權西路2段191號1樓,1000000,1050516
40668,89569694,得利誠健康生活科技股份有限公司,臺中市大雅區民生路3段267巷12之1號,169100000,1050510
40669,89570159,新鎮營造有限公司,臺中市北屯區崇德六路1段207號1樓,22500000,1050515
40671,89570587,紳佑塑膠企業有限公司,臺中市大雅區員林里神林路一段311號,10000000,1050513
40674,89571951,展宏營造有限公司,臺中市大里區立德里立中街25號1樓,7000000,1050505
40675,89572071,鋐豪展業有限公司,臺中市南區福平里柳川東路一段18號10樓之1,1000000,1050516
40679,89574325,永宏興實業有限公司,臺中市西屯區港尾里中康街215巷32號1樓,1000000,1050518
40681,89575014,巨岡精密科技有限公司,臺中市龍井區龍泉里龍新路153巷32弄34號,5000000,1050503
40683,89575324,祥毅企業有限公司,臺中市南屯區忠勇路133號,5000000,1050521
40686,89576479,協成隆貿易有限公司,臺中市北屯區平田里瀋陽路3段343號1樓,5000000,1050512
40688,89577836,長益刀具有限公司,臺中市東區十甲北街59號1樓,5000000,1050504
40693,89580059,富桐股份有限公司,臺中市北屯區新平里中清路二段953號2樓,2000000,1050519
40694,89581418,靜誼環保工程有限公司,臺中市西區民龍里公益路52號7樓之2,3000000,1050517
40701,89583529,品豐工業有限公司,臺中市大里區內新里環中東路六段228號1樓,5000000,1050509
40702,89583963,萬泰雍建設股份有限公司,臺中市大甲區薰風里8鄰水源路2-7號1樓,25000000,1050510
40703,89584323,盈兆力企業有限公司,臺中市南屯區三厝里永春東七路760號2樓,13000300,1050505
40705,89586960,鑫毓實業有限公司,臺中市大肚區遊園路一段103巷40號2樓,25000000,1050502
40742,89616090,永勝光學股份有限公司,臺中市大雅區中科路6號3樓之1,1560000000,1050520
40787,89639663,育俊有限公司,臺中市北屯區松茂里松義街181號3樓,5000000,1050524
40788,89640134,重地企業有限公司,臺中市西區向上路一段七九巷八八號一樓,6000000,1050529
40790,89641767,瑪適企業有限公司,臺中市太平區永豐路157巷39弄15號,5000000,1050521
40796,89643786,捷陳電腦資訊有限公司,臺中市烏日區榮泉里三榮十六路126號　,2000000,1050522
40805,89648558,欣雅木業有限公司,臺中市霧峰區本堂里林森路753號1樓,40000000,1050516
40806,89648591,銀聯金屬企業有限公司,臺中市南屯區寶山五街48號1樓,5000000,1050508
40808,89648656,勝揚服裝企業有限公司,臺中市豐原區南陽里永康路八一號一樓,1000000,1050512
40809,89649698,基裕有限公司,臺中市霧峰區四德里五福路23巷9號,9120000,1050503
40812,89650420,金祥益塑膠有限公司,臺中市龍井區忠和里海尾路２１５巷２弄２２號,2000000,1050523
40813,89650667,金玉滿堂有限公司,臺中市烏日區仁德里興祥街六九巷三二號一樓,500000,1050527
40815,89651075,鑫有闐工業有限公司,臺中市神岡區岸裡里大豐路五段295巷56弄19號1樓,3000000,1050519
40818,89652026,佶永峰有限公司,臺中市南區樹義一街３２號１樓,2000000,1050527
40820,89652341,新濟實業有限公司,臺中市北屯區崇德路三段1111巷31弄58號1樓,13000000,1050516
40821,89652406,詠桓科技有限公司,臺中市南屯區大墩五街156號1樓,5000000,1050512
40823,89653361,正宜營造有限公司,臺中市西屯區大河里美滿街39巷32號1樓,3000000,1050525
40825,89653828,瑞億貨櫃有限公司,臺中市梧棲區中正里中和街140巷1號1樓,20000000,1050529
40827,89654404,金倫車業有限公司,臺中市清水區橋頭里五權路28號1樓,1000000,1050502
40830,89655494,大鞍膠業有限公司,臺中市豐原區南陽里南陽路215巷3號5樓之1,1000000,1050523
40835,89657057,元艇企業有限公司,臺中市太平區環太東路210號,10000000,1050528
40838,89657182,千億交通有限公司,臺中市梧棲區大村里文明街317號,30000000,1050513
40839,89657606,星邑資訊有限公司,臺中市南屯區大墩一街二九六號一樓,5000000,1050529
40840,89657845,常生有限公司,臺中市龍井區中社七街98巷2號1樓,500000,1050516
40846,89659647,伍益機械股份有限公司,臺中市神岡區社南里中山路847巷10號1樓,12000000,1050506
40848,89660004,成偉建設有限公司,臺中市南區復興路一段三一號一樓,25000000,1050518
40850,89660356,鐸傑有限公司,臺中市大里區仁化里工業六路8號,13000000,1050504
40857,89664395,里大行有限公司,臺中市大里區金城里塗城路735巷1弄17號,1200000,1050512
40859,89664819,記銘金屬有限公司,臺中市豐原區西楠里文賢街32巷6弄12號,5000000,1050517
40865,89667631,悠互企業有限公司,臺中市東區東英里喬城一街88號1樓,1000000,1050525
40866,89668195,逢佑工業有限公司,臺中市太平區太平里永豐路108巷12弄19號,1000000,1050526
40867,89669069,賀冠食品機械有限公司,臺中市大雅區雅環路一段三００巷三三號,1000000,1050517
40871,89671282,禾頡物流有限公司,臺中市豐原區南陽路301巷18弄36號1樓,90000000,1050519
40877,89672727,豪助貿易有限公司,臺中市西屯區福中里福中八街42巷10號2樓,5000000,1050520
40878,89672971,辰吉企業有限公司,臺中市豐原區西安里瑞興路26號,5000000,1050519
40881,89673394,順佑有限公司,臺中市潭子區家興里大通街93巷7號1樓,3000000,1050510
40889,89675983,博視科學教育事業有限公司,臺中市西屯區林厝里福雅路656-2號1樓,6000000,1050514
40892,89676792,力晟營造工程有限公司,臺中市西屯區西屯路二段256巷6號9樓之2,3000000,1050520
40897,89678546,奕達金屬有限公司,臺中市太平區東平路七一五巷七弄十七號,3000000,1050505
40901,89680070,大瀚皮帶傳輸企業有限公司,臺中市神岡區新庄里和睦路一段212巷15弄23號1樓,5000000,1050513
40906,89681535,國富工程有限公司,臺中市大肚區大德四街一八號一樓,5000000,1050503
40913,89686124,盛源水電工程有限公司,臺中市大甲區新美里新美街57巷15號,5000000,1050512
40915,89686519,巨隆自動控制有限公司,臺中市西區大仁街11號2樓,500000,1050531
40916,89686594,得林紡織股份有限公司,臺中市西屯區福科路549號2樓,15000000,1050527
40920,89687236,正馬實業有限公司,臺中市北屯區中清路二段1166巷28弄12號1樓,6000000,1050522
40921,89688072,東盈進有限公司,臺中市北屯區松竹里崇德路二段四九六號一樓,5000000,1050525
40924,89688333,宇凱有限公司,臺中市西屯區甘肅路一段二七巷十號一樓,1000000,1050518
40929,89690464,寶隆機電有限公司,臺中市北屯區三光里東山路一段140巷81弄12-3號1樓,5000000,1050518
40932,89692218,增億企業有限公司,臺中市大雅區三和里龍善一街120巷8號,1000000,1050530
40935,89693455,釧眾科技有限公司,臺中市南屯區豐樂里昌明巷65號1樓,5000000,1050503
40939,89696832,加坤企業有限公司,臺中市北區華興街47巷4號,5000000,1050514
40942,89698542,傳冠有限公司,臺中市西區吉龍里五權三街77號1樓,5000000,1050505
40944,89699275,佑統企業有限公司,臺中市龍井區龍泉里龍社路482號,25000000,1050514
40945,89699401,岱岦金屬工業有限公司,臺中市太平區太平23街20號,2000000,1050518
40948,89700147,岩手國際開發有限公司,臺中市西屯區何成里大墩十八街189號18樓之1,5000000,1050503
40949,89700646,力錡工業有限公司,臺中市潭子區栗林里中山路３段３０５巷２６號,5000000,1050512
40951,89701103,昶誠有限公司,臺中市沙鹿區鹿峰里中山路田尾巷3號1樓,1000000,1050524
40953,89703030,藝霆有限公司,臺中市南區南陽街69號5樓之2,5000000,1050511
40956,89704220,富宥木業有限公司,臺中市大里區立仁路二二七巷5號,1000000,1050519
40965,89708041,瑞耀鐵工廠有限公司,臺中市太平區太平里新仁路一段四四巷五弄三號,5500000,1050523
40968,89708909,汎益通國際貿易有限公司,臺中市北屯區仁愛里水湳路113之10號,5000000,1050506
40969,89709251,好廣貿易股份有限公司,臺中市南區西川里柳川西路一段9號,26000000,1050524
40974,89711138,為昇企業有限公司,臺中市太平區長龍路1段166巷55號1樓,5000000,1050509
40984,89713852,長耘塑膠工業有限公司,臺中市烏日區九德里中華路448號1樓,5000000,1050510
40988,89716963,恒勤貿易股份有限公司,臺中市神岡區庄前里神林路90巷13號2樓,5000000,1050505
40993,89717549,志銘通訊器材有限公司,臺中市清水區槺榔里臨港路五段82號1樓,1000000,1050521
40997,89718863,崇堯有限公司,臺中市北區進化北路238號8樓之1,20000000,1050509
40999,89719292,冠群輪有限公司,臺中市大雅區秀山里雅秀路28號,5000000,1050510
41002,89720214,詳升企業有限公司,臺中市大里區樹王里東興路535巷6弄3號,1000000,1050505
41009,89722944,晉可國際有限公司,臺中市北屯區北屯路366號17樓之1,5000000,1050518
41016,89724767,美美殯儀用品有限公司,臺中市沙鹿區中清路43號之24一樓,1000000,1050523
41017,89724788,全隆玻璃有限公司,臺中市西屯區福安里西屯路三段一五五之五號一樓,1000000,1050518
41020,89725554,全發環保工程有限公司,臺中市大雅區橫山里永和路100-17號2樓,5000000,1050510
41023,89726239,群品實業有限公司,臺中市大里區國光里東榮路467巷9號1樓,2000000,1050513
41027,89727716,金石谷企業有限公司,臺中市西區民龍里模範街31巷9之1號1樓,40000000,1050525
41047,89733935,志旺有限公司,臺中市梧棲區永安里永興路一段265巷115號1樓,1000000,1050512
41049,89734287,政品企業有限公司,臺中市北屯區旅順路二段440號6樓,1000000,1050525
41050,89734723,上大油壓零件有限公司,臺中市烏日區溪福路1巷110弄215號1樓,1000000,1050504
41054,89735841,豪倫國際有限公司,臺中市大甲區中山里甲東路575巷6號1樓,5000000,1050515
41055,89735878,鴻揚工程有限公司,臺中市梧棲區港埠路一段821巷4號1樓,500000,1050519
41057,89742815,中章機械工程有限公司,臺中市西屯區西安街40號1樓,3000000,1050529
41067,89769258,冠宇宙有限公司,臺中市南屯區文心南三路７７８號１樓,28000000,1050528
41073,89771472,極保精密工業股份有限公司,臺中市龍井區忠和里16鄰海尾路256巷22號1樓,6000000,1050505
41074,89771901,永沛得股份有限公司,臺中市西屯區協和里工業區32路83號,25000000,1050526
41077,89773020,中台灣廣播電台股份有限公司,臺中市西屯區福和里臺灣大道四段925號5樓之5,5000000,1050525
41082,89775765,直明有限公司,臺中市梧棲區中正里一三鄰中興路三○○號,500000,1050519
41083,89777052,瑩星貨運股份有限公司,臺中市豐原區翁明里豐勢路一段一七三號二樓,25000000,1050528
41100,89780747,昀德營造有限公司,臺中市大里區新里里愛心三街30號1樓,15000000,1050504
41103,89782007,萬羅企業有限公司,臺中市大肚區蔗廍里太平路8巷62之15號1樓,2000000,1050518
41105,89782956,龍保消防安全設備有限公司,臺中市沙鹿區屏西路古月東巷5號1樓,1000000,1050514
41106,89783049,君晨有限公司,臺中市大雅區文雅里中清路三段1023巷123號,3500000,1050507
41109,89783786,開喬工業股份有限公司,臺中市南屯區黎明路一段965巷57號1樓,5000000,1050520
41110,89784357,統澔企業有限公司,臺中市大里區仁化里仁義路120號2樓,3500000,1050509
41113,89784981,全嘉懋塑膠有限公司,臺中市太平區太平里永平路三段二二七巷一號,3000000,1050519
41120,89789064,祐昌電機有限公司,臺中市西區忠明里美村路１段４３號８樓之１３,1000000,1050518
41124,89792693,聯成興業有限公司,臺中市烏日區三和里中山路3段343巷3弄15號,3000000,1050514
41126,89793074,兆阡企業有限公司,臺中市潭子區頭家東里中山路一段398-5號,3000000,1050527
41127,89794735,合日昇實業有限公司,臺中市外埔區土城里土城南路三六號,2510000,1050508
41130,89795185,立偉家電有限公司,臺中市潭子區潭陽里潭興路二段396號,500000,1050511
41131,89795586,宏儒營造有限公司,臺中市豐原區南村路19號1樓,40000000,1050501
41132,89796136,浩記有限公司,臺中市烏日區中山路三段登寺巷三八號,1000000,1050517
41136,89798747,凡顥有限公司,臺中市霧峰區四德路183巷1號1樓,1000000,1050526
41137,89798752,昶霖有限公司,臺中市西屯區河南路2段262號12樓之4,5000000,1050523
41158,89808034,秉儀有限公司,臺中市西區公平里精忠街51號4樓,1000000,1050521
41160,89808251,黑鼎平面研磨有限公司,臺中市太平區鵬儀路214巷6弄8-4號,5000000,1050529
41161,89808604,雅哥國際貿易有限公司,臺中市西區五權七街123號10樓之3,5000000,1050527
41163,89809553,暉菖國際有限公司,臺中市大里區合信街39號1樓,5000000,1050527
41164,89810714,洛克馬企業股份有限公司,臺中市豐原區三村里西勢路343號,10000000,1050504
41169,89813114,弘銳工業有限公司,臺中市烏日區北里里太明路67巷2號1樓,5000000,1050517
41174,89814922,聖霖工程管理顧問有限公司,臺中市北區忠太東路八七巷十號二樓之二,1000000,1050507
41177,89815529,松寶體育用品有限公司,臺中市沙鹿區洛泉里中山路219號1樓,5000000,1050513
41179,89815730,美進企業有限公司,臺中市南區南門路103號1樓,1000000,1050509
41181,89817408,勇進興有限公司,臺中市太平區太平里永平路三段一三九號,2000000,1050528
41190,89820516,路達興業有限公司,臺中市西屯區寧夏東二街14號1樓,10001356,1050511
41195,89824718,立偕服裝有限公司,臺中市西區梅川西路95號2樓,5000000,1050527
41196,89824891,中俞塑膠企業有限公司,臺中市豐原區社皮里成功路358號,5000000,1050509
41204,89829690,好馬科技開發有限公司,臺中市大里區樹王里樹王路439巷36號,5000000,1050509
41205,89830633,榮懋交通有限公司,臺中市霧峰區五福路487號,30000000,1050523
41209,89831703,鑫緯亮燈光音響有限公司,臺中市潭子區復興路一段215巷4號1樓,1000000,1050517
41218,89834477,翔臻重機企業有限公司,臺中市后里區中和里富春路135之18號1樓,5000000,1050502
41220,89837782,帛建企業股份有限公司,臺中市東區東門里東光園路100巷70號1樓,3000000,1050526
41224,89839917,呈品五金實業有限公司,臺中市豐原區圓環北路1段292號2樓,5000000,1050502
41225,89839923,吉品室內裝修工程有限公司,臺中市北屯區北屯路210號4樓之30,5000000,1050519
41243,89847705,大源投資有限公司,臺中市西區臺灣大道二段489號27樓之1,250000000,1050504
41245,89849507,鎰寬企業股份有限公司,臺中市大里區仁化里工業九路172號,20000000,1050519
41249,89850068,佳禾真空包裝廠有限公司,臺中市大里區大里里大里路455巷11號1樓,2000000,1050513
41251,89852495,杭星企業有限公司,臺中市大里區仁化路737號1樓,5000000,1050519
41252,89852880,佑松營造股份有限公司,臺中市東區東英五街62-2號2樓,70000000,1050525
41253,89852919,奕航有限公司,臺中市神岡區庄前里神林路20之5號1樓,7000000,1050521
41255,89853327,達新螺釘有限公司,臺中市大里區三民二街六六巷三一號一樓,1000000,1050520
41256,89853804,致誠自動化控制有限公司,臺中市南區仁義街136號1樓,1000000,1050517
41262,89855090,佑崧建設股份有限公司,臺中市東區東信里東英五街62號1樓,35000000,1050524
41263,89855182,龍昇公寓大廈管理維護股份有限公司,臺中市北屯區新平里中平路509巷29號,10000000,1050511
41266,89856773,炬誠實業股份有限公司,臺中市神岡區社口里社口街542巷20號,5000000,1050525
41268,89858673,昶茂微生物開發股份有限公司,臺中市大里區仁德里仁禮街33號,10000000,1050523
41270,89858836,閔祥有限公司,臺中市梧棲區仁美街67巷42號1樓,10000000,1050523
41280,89862450,天太橡膠股份有限公司,臺中市大里區瑞城里美村街一四六巷四三弄三一號,1000000,1050505
41285,89867510,先谷企業有限公司,臺中市太平區頭汴里長龍路二段55號1樓,2000000,1050512
41287,89867552,宏盛電腦資訊有限公司,臺中市北區明德里太原三街24號1樓,3400000,1050517
41292,89872268,懋鎮工程有限公司,臺中市大里區樹王里文心南路１２７３巷３２０弄５號１樓,5000000,1050523
41298,89875336,合振有限公司,臺中市清水區秀水里民享路349號1樓,3000000,1050513
41299,89875574,天鯨食品有限公司,臺中市東區大勇街151號1樓,4500000,1050511
41302,89877067,協亨企業有限公司,臺中市南屯區大墩一街五七巷四號一樓,1000000,1050523
41304,89877257,揚泰砂石有限公司,臺中市梧棲區草湳里臨港路三段960號,10000000,1050516
41307,89878586,樺柏國際有限公司,臺中市烏日區湖日里新興路612巷19弄5號1樓,5000000,1050527
41311,89879261,國連企業有限公司,臺中市南區五權南路591號1樓,10000000,1050506
41313,89880485,偉鳴實業有限公司,臺中市西屯區天水西一街26號1樓,10000000,1050519
41316,89883259,世郁股份有限公司,臺中市神岡區社南里中山路851巷35弄30號,7000000,1050526
41318,89883589,中港食品有限公司,臺中市西區中興八巷2之1號1樓,6000000,1050518
41322,89884742,福中禮儀有限公司,臺中市霧峰區草湖路72號1樓,6000000,1050510
41324,89885670,中隆冷氣空調器材有限公司,臺中市北屯區同榮里同榮路二六七巷十四號一樓,1000000,1050511
41328,89888162,新益城窯業有限公司,臺中市大雅區學府路101巷28號1樓,10000000,1050506
41331,89890688,欣嶸資訊股份有限公司,臺中市北區太原路3段94之2號3樓,5000000,1050505
41334,89891194,智冠企業有限公司,臺中市大里區塗城里光明路20-81號,2000000,1050515
41337,89893030,中盟工程有限公司,臺中市大里區立仁二路46號,5000000,1050514
41340,89894869,華曜出版事業有限公司,臺中市南屯區大墩四街47號,10000000,1050503
41344,89897177,雅宜工業有限公司,臺中市龍井區忠和里海尾路278巷33弄6號,2000000,1050517
41345,89897583,昌源營造有限公司,臺中市潭子區甘蔗里勝利三街100號1樓,15000000,1050513
41351,89901361,喬羽貿易有限公司,臺中市西屯區福瑞里福瑞街59號9樓之2,5000000,1050520
41356,89903298,聖曄興業有限公司,臺中市豐原區三豐路六七五巷十六弄二九號一樓,1000000,1050525
41358,89904281,原同紙業股份有限公司,臺中市外埔區大同里中山路220巷2號,5000000,1050504
41361,89906443,金詠進機械有限公司,臺中市北區進化北路367號8樓之15,1000000,1050519
41364,89907230,曄源興業有限公司,臺中市烏日區溪埧里福泰街75號1樓,5000000,1050506
41367,89909194,巨將企業管理顧問有限公司,臺中市南屯區文心路一段324號9樓之1,1000000,1050512
41375,89914555,九佰伴百貨有限公司,臺中市北屯區大德里平德路135號2樓,5000000,1050517
41376,89914725,浩積有限公司,臺中市龍井區龍泉里龍新路一五三巷三二弄二三號,1000000,1050520
41378,89915273,雷洹企業有限公司,臺中市太平區中興里永平路二段117號,10000000,1050518
41387,89917737,鉅基金屬企業有限公司,臺中市豐原區南田里富陽路235巷170弄47號,5000000,1050503
41395,89921556,嘉太電氣工程有限公司,臺中市大雅區上雅里神林南路43巷20號1樓,3650000,1050524
41396,89922366,長盛工程顧問有限公司,臺中市西區公正路115號3樓,1000000,1050529
41399,89925048,蓋豪廣裝潢設計工程有限公司,臺中市南屯區大興里五權五街327號1樓,12000000,1050513
41403,89926659,長固工程有限公司,臺中市大里區日新里福大路24巷37號1樓,1000000,1050519
41404,89926975,源三興股份有限公司,臺中市南屯區大進西街31號1樓,5000000,1050518
41436,89954633,歐禹動力機械有限公司,臺中市大雅區四德里神林南路513巷11弄6號,14000000,1050509
41468,89979162,辰易興業有限公司,臺中市西屯區河南路170號2樓之3,13500000,1050524
41472,89980750,正堡企業有限公司,臺中市大肚區山陽里沙田路三段五二四巷十二號,5000000,1050529
41486,89988155,永吉黑板教具有限公司,臺中市豐原區田心里中山路二四四號,5000000,1050530
41489,89989014,廣通五金興業有限公司,臺中市南區五權南路486號1樓,2000000,1050528
41498,89992279,周聖汽車有限公司,臺中市南屯區龍富路3段586號,5000000,1050521
41502,89994543,滿點生物科技有限公司,臺中市北區育德里篤行路395號1樓,9500000,1050520
41503,89995769,鼎爵工業有限公司,臺中市南屯區寶山里工業區22路41號1樓,10000000,1050506
41582,96856257,金利發貿易有限公司,臺中市清水區楊厝里頂三庄路36巷32號1樓,5000000,1050504
41589,96858311,台灣聖德彼有限公司,臺中市東區東信里東英二街80號2樓,5000000,1050521
41593,96860317,瑞元百貨企業有限公司,臺中市潭子區潭陽里潭興路二段266、268號,1500000,1050513
41596,96861370,華輿貿易有限公司,臺中市北屯區后庄二街109號1樓,10000000,1050509
41598,96862384,三比營造有限公司,臺中市北屯區同榮里同榮路348號,3000000,1050523
41601,96863948,通佑營造有限公司,臺中市神岡區神岡路148-1號1樓,10000000,1050526
41602,96865191,喬藝廣告有限公司,臺中市豐原區西安里西勢路164號1樓,10000000,1050524
41605,96866092,璉易工業有限公司,臺中市潭子區聚興里豐興路一段272之1號,2000000,1050504
41610,96867819,安喆有限公司,臺中市南屯區大業里大墩十四街119號1樓,5000000,1050504
41612,96868556,智捷室內裝修設計有限公司,臺中市西屯區潮洋里市政路604巷23號1樓,1200000,1050519
41622,96873116,華彩影像科技有限公司,臺中市西屯區青海路二段一五三號十二樓之三,1000000,1050504
41623,96873925,建邦實業有限公司,臺中市太平區新高里樹德八街３２號１樓,5000000,1050510
41630,96875579,毓麟股份有限公司,臺中市龍井區沙田路6段207號,60000000,1050523
41631,96875711,永承鑫企業有限公司,臺中市西區公館里三民路一段17巷16號,1000000,1050529
41640,96879527,民祥營造有限公司,臺中市烏日區民權街49巷13號1樓,3000000,1050506
41642,96880242,耕欣貿易有限公司,臺中市大肚區頂街里榮華街一○二巷十一號,1000000,1050514
41643,96880361,翔泰醫療器材企業有限公司,臺中市北屯區松和里松竹路2段395-1號4樓,10000000,1050505
41645,96881853,傳城實業有限公司,臺中市大肚區遊園路二段208號1樓,6000000,1050509
41650,96882797,鶴山國際貿易有限公司,臺中市太平區樹孝路274巷9弄7號1樓,5000000,1050524
41651,96883888,栢奇藝術陶瓷有限公司,臺中市太平區新高里10鄰民生街12-1號,5000000,1050520
41656,96886007,白宮婚紗攝影有限公司,臺中市北區崇德路一段180號1樓,1000000,1050509
41668,96890038,銘昕工業有限公司,臺中市神岡區社口里民權二街90巷31之1號,1000000,1050524
41672,96890585,守成工業有限公司,臺中市太平區黃竹里德利路168號,1500000,1050507
41675,96891424,永承消防工程有限公司,臺中市大里區大元里大元路６之２號１樓,3000000,1050517
41677,96893083,璋燁企業有限公司,臺中市太平區中興里中興路128巷28號,1000000,1050514
41678,96893176,正暘事業有限公司,臺中市北屯區平德路18巷17弄11號,5000000,1050507
41680,96893730,鍊豪機械工業有限公司,臺中市梧棲區中正里居仁街209巷27號,3000000,1050518
41681,96893915,聯成豐營造工程有限公司,臺中市大里區永隆里永大街505號1樓,40000000,1050527
41685,96895147,臺灣橡膠股份有限公司,臺中市豐原區北陽里豐東路22號1樓,1000000,1050517
41687,96896336,美興鋁業有限公司,臺中市神岡區三角里崇德路35號1樓,6000000,1050509
41689,96897124,永富宏興業有限公司,臺中市西屯區福恩里工業區一路98巷7弄50號8樓之3,1000000,1050509
41692,96897882,進新王企業有限公司,臺中市外埔區大同里中山路34號,5000000,1050524
41694,96899919,龍杰金潤滑科技有限公司,臺中市梧棲區草湳里自立二街400號,2000000,1050505
41696,96901106,辰洋機械工業有限公司,臺中市潭子區潭秀里雅潭路1段230號,5000000,1050503
41698,96902013,享利興業股份有限公司,臺中市沙鹿區鹿寮里星美路92號,2000000,1050502
41700,96903420,大僑通運有限公司,臺中市梧棲區草湳里臨港路三段960號1樓,25000000,1050516
41703,96904722,格翌通訊科技有限公司,臺中市大里區西湖里西湖路5之6號1樓,2000000,1050526
41705,96904883,映新燈箱有限公司,臺中市西屯區黎明路二段797號1樓,1000000,1050509
41707,96905270,衍慶建設股份有限公司,臺中市中區大墩里中山路183號1樓,25000000,1050516
41714,96909536,王記農產品實業有限公司,臺中市大甲區德化里東西八路一段398巷32號,2000000,1050530
41717,96911961,鴻建壹工業有限公司,臺中市太平區中興里太平廿八街23號1樓,3500000,1050519
41720,96912933,鑫偉成機械有限公司,臺中市神岡區溪洲里福民路115巷38號,25000000,1050526
41723,96913335,興邦國際開發有限公司,臺中市西屯區大信街56號二樓之一,5000000,1050525
41727,96914691,翔允汽車有限公司,臺中市西屯區河南路4段57號,2000000,1050516
41729,96915235,景泰育樂事業股份有限公司,臺中市和平區博愛里2鄰東關路一段溫泉巷6-2號,50000000,1050501
41731,96916522,威車有限公司,臺中市西區土庫里五權西六街33號1樓,5000000,1050530
41733,96916749,世鉉有限公司,臺中市東區東英二街78巷36號1樓,10000000,1050507
41738,96918633,富凱立實業有限公司,臺中市神岡區新庄里中平路267巷3-1號1樓,5000000,1050503
41739,96919128,戊艮營造股份有限公司,臺中市南區樹德里復興北路783號,10000000,1050520
41740,96919696,程發五金有限公司,臺中市豐原區中陽里圓環東路683號1樓,2000000,1050520
41750,96925493,藍田華生有限公司,臺中市西屯區福和里安和路121-21號1樓,5000000,1050513
41839,96979244,台灣金双葉金屬股份有限公司,臺中市北屯區和平里和祥街33巷122號2樓,5000000,1050519
41844,96980474,偉昌碳素有限公司,臺中市大肚區社腳里沙田路一段854巷59號,10000000,1050510
41845,96980740,程煜實業有限公司,臺中市大雅區樹德街192巷20號1樓,3000000,1050529
41853,96984324,鑫昌輪五金興業有限公司,臺中市太平區太平里永豐路129號1樓,5000000,1050529
41855,96985153,加銳企業有限公司,臺中市南屯區楓樹里楓樹東街627號1樓,20000000,1050529
41858,96985597,英嘉房屋仲介有限公司,臺中市梧棲區大庄里臺灣大道八段169號,1000000,1050527
41861,96986337,富昱彈簧企業有限公司,臺中市大里區塗城里光正路1號,3000000,1050510
41864,96988644,晨鮮實業有限公司,臺中市神岡區神洲里神洲路488號1樓,2000000,1050504
41868,96989307,駿菖精密工業有限公司,臺中市太平區光興路６８７號１樓,2000000,1050506
41874,96991084,靜鴻企業有限公司,臺中市西屯區漢成街149號1樓,2000000,1050521
41879,96992470,暢大企業有限公司,臺中市南屯區豐樂里萬美街15號1樓,2000000,1050512
41882,96994809,穎龠企業有限公司,臺中市大里區仁化里仁福一街18號,5000000,1050523
41888,96996882,祥椿興業有限公司,臺中市神岡區豐洲里前寮路86號,1000000,1050525
41890,96997398,羽春油壓五金有限公司,臺中市豐原區豐田里田心路二段二七二巷八五弄十三號,1000000,1050520
41892,96998278,瑋皇度量衡有限公司,臺中市大雅區二和里雅環路一段276巷16號1樓,2000000,1050509
41893,96998306,亨倫實業有限公司,臺中市大雅區秀山里上山路251號,5000000,1050522
41898,97001119,均威模具有限公司,臺中市大肚區王田里沙田路一段三二○巷三三之二七號,1000000,1050527
41899,97001259,允新行有限公司,臺中市中區柳川里興中街132之2號1樓,500000,1050502
41901,97002118,盛聯企業有限公司,臺中市龍井區忠和里中央路三段136巷5號1樓,5000000,1050525
41907,97004538,瀚長實業有限公司,臺中市北屯區興安路２段２２６號１樓,2500000,1050518
41912,97005776,笠傑工業有限公司,臺中市烏日區中山路一段二二九巷二五弄一五號壹樓,5000000,1050520
41913,97005993,嘉城營造有限公司,臺中市太平區育德路172號,3000000,1050525
41918,97008133,仲翔紙業有限公司,臺中市南屯區田心里大墩五街343號1樓,12000000,1050528
41919,97008561,玖利鋼鐵有限公司,臺中市龍井區忠和里工業路182巷5之1號,5000000,1050520
41924,97011165,家薪管理顧問股份有限公司,臺中市北屯區昌平路一段388號10樓之1,3000000,1050506
41931,97013728,台山工程有限公司,臺中市潭子區甘蔗里興華一路一四一巷六六號壹樓,5000000,1050523
41932,97013847,上普開發有限公司,臺中市南區福平里建國南路二段163號4樓之2,5000000,1050518
41933,97014509,翔利營造有限公司,臺中市太平區中山路2段107巷2弄2號1樓,3000000,1050519
41934,97014607,東頤工業有限公司,臺中市潭子區大富里大富路3段165巷5號,5000000,1050504
41935,97014775,中國照明設備有限公司,臺中市豐原區北陽里同安街192號,29500000,1050523
41939,97016247,盈旭實業有限公司,臺中市北屯區平福里旅順路2段127號1樓,3700000,1050514
41942,97017392,達憶實業有限公司,臺中市潭子區得天南街37巷9號,5000000,1050527
41944,97018821,尚益汽車材料有限公司,臺中市北屯區松竹路二段445號1樓,500000,1050510
41945,97019589,諭聖資訊有限公司,臺中市南屯區文心南二路四一○號一樓,2000000,1050527
41947,97019856,石燁實業有限公司,臺中市潭子區潭秀里潭富路一段87巷50號,5000000,1050510
41952,97021712,捷農實業有限公司,臺中市東區建成路4號1樓,5000000,1050523
41962,97024746,晁瑞企業有限公司,臺中市大肚區新興里新興街27號1樓,1000000,1050504
41964,97025442,佳山金屬有限公司,臺中市烏日區光明里五光路復光三巷一二○號,5000000,1050530
41972,97028308,樺昇有限公司,臺中市清水區中社路96之25號,5000000,1050503
42004,97038951,宏陞顧問有限公司,臺中市北屯區陳平里陳平一街71巷15號,1000000,1050506
42006,97039115,新境事業有限公司,臺中市梧棲區頂寮里大智路2段370巷42號1樓,10000000,1050512
42008,97039831,金礦山工業有限公司,臺中市南區新榮里學府路二○五號一樓,3000000,1050525
42010,97041457,尚寶建材有限公司,臺中市太平區成功里成功東路329號,500000,1050504
42011,97042266,正格實業有限公司,臺中市大雅區中山路189號1樓,10000000,1050509
42012,97042673,豪強股份有限公司,臺中市大甲區奉化里和平路389號,3000000,1050511
42020,97047282,寶成油業有限公司,臺中市沙鹿區居仁里光華路282號,6000000,1050508
42023,97048260,宇翔空調工程有限公司,臺中市西區福龍街54號1樓,1000000,1050504
42024,97049319,紅粧國際美容有限公司,臺中市大里區國中路１６１號,20000000,1050517
42026,97050336,泰立塑膠工業有限公司,臺中市大肚區王田里沙田路一段320巷33之6號,2000000,1050530
42027,97050407,仁鴻資訊有限公司,臺中市西屯區何仁里17鄰永昌街45號1樓,12000000,1050513
42028,97051124,新閔機械有限公司,臺中市神岡區社南里三社路四一一號,2000000,1050510
42034,97053256,大普企業有限公司,臺中市潭子區栗林里豐栗路129號,3000000,1050521
42040,97058082,御群實業有限公司,臺中市西屯區工業區33路12-5號2樓,3000000,1050514
42046,97060926,鋐穎機械股份有限公司,臺中市神岡區社南里中山路851巷37弄7號,35680000,1050520
42049,97062142,冠金國際有限公司,臺中市北屯區同榮里中康街259巷25號,5000000,1050523
42053,97062591,頡榕實業有限公司,臺中市北屯區軍功路一段2巷52-1號,7000000,1050510
42055,97063705,恒銘工業有限公司,臺中市太平區工業十六路12號,5000000,1050506
42064,97065513,長頡營造有限公司,臺中市西屯區中工三路157號1樓,3000000,1050504
42070,97068477,大鐵企業有限公司,臺中市東區旱溪西路547號1樓,3000000,1050527
42076,97072063,龐太有限公司,臺中市大肚區瑞井里遊園路一段103巷1弄38號1樓,1000000,1050523
42077,97072401,其億股份有限公司,臺中市豐原區鐮村里鐮村路326巷23號,2000000,1050502
42079,97072726,上城資訊有限公司,臺中市西屯區何福里大信街50號6樓之1,500000,1050520
42082,97073859,山鐵螺絲有限公司,臺中市東區樂成里東光園路416號一樓,29750000,1050515
42085,97075060,吉通實業有限公司,臺中市龍井區龍泉里南社路二段117巷13號1樓,1000000,1050519
42120,97099746,聖僑資訊事業股份有限公司,臺中市北屯區水湳里文心路三段445巷2號,50000000,1050517
42129,97110355,柏奇資訊事業股份有限公司,臺中市北屯區水湳里文心路三段447號7樓之1,5000000,1050518
42164,97162971,聯友科技股份有限公司,臺中市梧棲區大成南路3號,215000000,1050512
42177,97173528,台灣佳光電訊股份有限公司,臺中市梧棲區中華路1段1080號,1250000000,1050518
42182,97176790,大台中數位有線電視股份有限公司,臺中市大里區愛心路55號1樓,4320320500,1050527
42188,97180675,嘉友精密工業股份有限公司,臺中市大里區塗城路852巷20-2號1樓,10000000,1050513
42195,97184551,好家企業股份有限公司,臺中市西屯區福聯里福順路821巷57號1樓,2500000,1050510
42201,97186360,澄波企業有限公司,臺中市北屯區東光里東山路１段３３巷８號１樓,5000000,1050516
42202,97186381,岡捷企業有限公司,臺中市烏日區前竹里中山路一段229巷22弄11號1樓,12000000,1050507
42205,97186657,億原油壓機械廠有限公司,臺中市潭子區栗林里中山路3段493巷4弄18號,1000000,1050519
42208,97187115,績佑股份有限公司,臺中市太平區東平路715巷7弄7號1樓,1000000,1050506
42212,97189731,陞駻機械有限公司,臺中市西屯區西墩北巷4-5號,5000000,1050520
42223,97194663,鋧益企業有限公司,臺中市清水區武鹿里中央路78之33號,29000000,1050513
42225,97195699,正益工業有限公司,臺中市梧棲區草湳里自強二街96巷36號1樓,1000000,1050519
42227,97196493,達通塗料企業有限公司,臺中市太平區新吉里新吉路54巷13弄16號1樓,800000,1050523
42228,97197514,濰均企業有限公司,臺中市南區樹義里福田三街143號1樓,1000000,1050521
42229,97197654,伸發車業有限公司,臺中市清水區南寧里鰲峰路36號1樓,1000000,1050523
42230,97197943,城市精密科技股份有限公司,臺中市南屯區春社里精科八路6號,70000000,1050510
42231,97198268,昕徽實業有限公司,臺中市西屯區潮洋里朝貴路178號Ｂ棟,5000000,1050525
42234,97199560,領航資訊科技有限公司,臺中市西屯區洛陽路１２５巷１５之３號４樓,1000000,1050529
42236,97200102,遠貿企業股份有限公司,臺中市神岡區社南里社南街5巷15弄17號,45000000,1050519
42243,97203277,護利好企業有限公司,臺中市大肚區王田里興和路一八五巷六︱一號,2000000,1050527
42251,97205079,美而耐金屬有限公司,臺中市大雅區上楓里民生路四段136巷105弄15號1樓,5000000,1050523
42252,97205084,和鎰貿易有限公司,臺中市大雅區秀山里秀山路127號,5000000,1050525
42253,97205248,伸承企業有限公司,臺中市豐原區三村里三和路354巷97弄3號1樓,5000000,1050508
42254,97205818,茂泰紙業有限公司,臺中市豐原區忠孝街105巷50弄7號,5000000,1050526
42255,97206149,裕昌石材企業有限公司,臺中市南區樹義五巷１３７弄５５號１樓,1000000,1050524
42256,97206176,慶文建設股份有限公司,臺中市西區五權西三街79號1樓,25000000,1050519
42259,97209075,上立事業有限公司,臺中市烏日區烏日里新興路71號,1000000,1050528
42260,97209125,榕誠企業有限公司,臺中市潭子區頭家東里中興路32巷46號,5000000,1050514
42261,97209130,駿禾工業有限公司,臺中市神岡區岸裡里中山路241巷6-6號,3000000,1050502
42268,97211086,欣緣實業有限公司,臺中市北區頂厝里永興街172之1號,30000000,1050513
42276,97213583,友益企業管理顧問有限公司,臺中市西屯區潮洋里朝富路213號14樓之6,10000000,1050504
42279,97214099,台震油壓工具有限公司,臺中市北屯區大德里平德路32號,500000,1050507
42285,97215604,巨將清潔工程有限公司,臺中市西屯區何安里西屯路2段97之15號1樓,1000000,1050525
42286,97215983,吾家房屋仲介有限公司,臺中市西屯區上石里青海路二段208號1樓,1000000,1050501
42297,97220424,益羽企業有限公司,臺中市后里區墩南里三豐路67號,5000000,1050519
42300,97221063,漢鼎營造有限公司,臺中市南屯區永定里黎明路二段88號4樓,3000000,1050525
42301,97221211,騰弘實業有限公司,臺中市大甲區日南里中山路一一六六號一樓,5000000,1050503
42304,97221970,泓品工業有限公司,臺中市霧峰區吉峰里吉峰西路27-2號,4000000,1050511
42306,97222318,新都會汽車有限公司,臺中市南區五權南路四四六號,1000000,1050518
42307,97222555,百凰興業有限公司,臺中市大里區立仁路一五七巷一弄一○八號一樓,1000000,1050528
42308,97223273,永璋科技有限公司,臺中市豐原區南田里富陽路235巷300弄127號,500000,1050521
42310,97224630,三發國際貿易有限公司,臺中市沙鹿區洛泉里日新街41巷17號,15000000,1050524
42314,97225434,享和交通有限公司,臺中市大甲區中山里水源路452巷44號1樓,25000000,1050505
42317,97226784,寶國機電顧問有限公司,臺中市太平區光德路126號,10000000,1050521
42318,97227159,佑益精工有限公司,臺中市潭子區大豐里大豐路三段99號1樓,5000000,1050530
42320,97227398,井喬有限公司,臺中市北屯區軍功里松竹路1段799巷3號3樓,5000000,1050516
42324,97228501,麥可工業有限公司,臺中市大雅區員林里中清路四段50巷28弄3號,3000000,1050518
42330,97229494,子羽企業有限公司,臺中市豐原區三村里合作街76巷19號,5000000,1050530
42339,97235475,竑泰實業有限公司,臺中市梧棲區永安里向上路九段321巷17號,12000000,1050501
42345,97238070,鉅程營造股份有限公司,臺中市神岡區豐洲路180巷48號2樓,3000000,1050517
42347,97238515,威廣有限公司,臺中市南屯區保安五街15號1樓,5000000,1050530
42356,97242356,晨逸實業股份有限公司,臺中市南屯區大通街68號,5000000,1050502
42359,97243622,錡鍀實業有限公司,臺中市西區美村路1段671號1樓,5000000,1050510
42367,97246509,泉瑞水電工程有限公司,臺中市龍井區忠和里中央路三段136巷9號1樓,10000000,1050521
42368,97248942,金永泰汽車電機有限公司,臺中市神岡區社南里民生路79號,3000000,1050518
42372,97251050,榮心有限公司,臺中市石岡區明德路195號,10000000,1050512
42374,97252065,吉田通商有限公司,臺中市梧棲區頂寮里四維路85巷27號3樓之2,5000000,1050503
42378,97252614,中萊有限公司,臺中市大里區日新里日新路439號1樓,500000,1050516
42379,97253037,展新業工業有限公司,臺中市太平區太平里永豐路337巷15號1樓,5000000,1050514
42382,97253590,高聖峰工業有限公司,臺中市大肚區中和里中和巷八七號,2500000,1050519
42383,97253917,利築企業有限公司,臺中市西屯區臺灣大道四段671巷52號1樓,6000000,1050504
42385,97255990,得嶺實業有限公司,臺中市龍井區新庄里中沙路新庄仔巷1號,5000000,1050513
42391,97257809,協皇企業有限公司,臺中市南屯區楓樹西街三四二｜二號一樓,500000,1050503
42393,97257955,南台中加油站股份有限公司,臺中市南區建成路1060號,10000000,1050512
42395,97258315,洋基電信股份有限公司,臺中市南區文心南十路115巷7號1樓,15000000,1050530
42396,97258413,巨坤盛機械有限公司,臺中市大肚區蔗廍里中蔗路一之五號一樓,1000000,1050503
42398,97259813,鈺衡實業有限公司,臺中市豐原區北陽里北陽路四十巷廿弄八號二樓,2000000,1050503
42404,97261091,萬群廣告企劃事業有限公司,臺中市南屯區永定里南屯路二段960之9號1樓,75000000,1050513
42405,97261971,大里企業有限公司,臺中市大里區東榮路628號,5000000,1050503
42408,97262916,皇東不動產經紀股份有限公司,臺中市大里區新里里德芳路2段138號1樓,1000000,1050525
42411,97264013,金利旺實業股份有限公司,臺中市北區健行里忠明路424地下一層之2號,5000000,1050530
42416,97264908,塑匠企業有限公司,臺中市西區利民里府後街24號1樓,1000000,1050512
42418,97265625,全盛電機企業股份有限公司,臺中市西屯區工業區三十六路1號1樓,29000000,1050521
42421,97266461,鉅達股份有限公司,臺中市南屯區保安一街69號1樓,2000000,1050511
42430,97269523,亙古國際開發事業有限公司,臺中市西屯區惠來里市政北一路17號,50000000,1050502
42433,97271014,立鑫事務機器有限公司,臺中市西區模範街三四巷一八號一樓,1000000,1050510
42439,97275341,鴻見企業有限公司,臺中市烏日區九德里中山路一段2-12號3樓之3,1000000,1050503
42443,97277410,長佶企業有限公司,臺中市西屯區長安路一段84號1樓,8800000,1050526
42444,97278516,辰嘉建設股份有限公司,臺中市北屯區文心路四段936號10樓之1,25000000,1050506
42448,97278889,大連廣告有限公司,臺中市北屯區舊社里松竹路二段68號1樓,1000000,1050513
42451,97279120,達柏企業有限公司,臺中市東區東門里東光園路八六巷九六號一樓,5000000,1050517
42525,97324666,三泰富士耐燃建材股份有限公司,臺中市北屯區舊社里北屯路390號5樓之2,66000000,1050520
42539,97333763,御將企業有限公司,臺中市梧棲區港埠路二段429巷8號,2000000,1050523
42545,97337085,大港泵浦廠興業有限公司,臺中市大雅區中山十二路17號1、2樓,5000000,1050524
42548,97337971,逸昌工程有限公司,臺中市南屯區大墩二街115號1樓,3000000,1050527
42550,97338275,麗耀營造股份有限公司,臺中市西屯區何成里大容西街57號2樓之2,13500000,1050512
42556,97341004,元裕輪車業有限公司,臺中市南屯區春社里永春南路17號1樓,1000000,1050513
42560,97342448,廣健興業有限公司,臺中市太平區鵬儀路二九六巷十六弄四號,5000000,1050514
42569,97345233,展諒科技有限公司,臺中市潭子區栗林里中山路3段287巷9弄164之4號,5000000,1050521
42572,97345938,亞波企業有限公司,臺中市西屯區福恩里工業區一路58巷33弄33-9號2樓,5000000,1050518
42576,97347056,外邦開發工程有限公司,臺中市清水區武鹿里五權路550巷2號,2000000,1050524
42582,97348652,陸弘營造有限公司,臺中市大里區永隆五街123號1樓,50000000,1050526
42585,97349300,高佑工程有限公司,臺中市大雅區大林路211巷17之6號1樓,500000,1050516
42590,97351142,瑞浤營造有限公司,臺中市沙鹿區南勢里南斗路51巷23號2樓,8000000,1050518
42602,97354675,瑞忠美企業股份有限公司,臺中市大雅區橫山里永和路87-10號,5000000,1050519
42606,97354886,富佑有限公司,臺中市外埔區大東里甲東路36巷52弄28號,1000000,1050519
42613,97359778,瑩格五金有限公司,臺中市大甲區岷山里中山路一段908巷10之45號,1000000,1050505
42614,97360058,泰昱興業有限公司,臺中市大里區國光路二段264號1樓,5000000,1050523
42617,97360445,宜瑪工業股份有限公司,臺中市神岡區庄前里神林路76-2號,40000000,1050513
42621,97361697,春暉王氏企業股份有限公司,臺中市中區大誠里柳川西路三段20號地下層,16000000,1050502
42623,97362627,金荃有限公司,臺中市神岡區社南里中山路八三七號一樓,5000000,1050503
42624,97362751,盈存實業有限公司,臺中市大肚區新興里沙田路二段一○六號一樓,1000000,1050518
42625,97362942,協航機械有限公司,臺中市太平區建興路247巷12號1樓,1000000,1050505
42629,97364343,方緯科技有限公司,臺中市南屯區楓和路876號1樓,1000000,1050502
42631,97365618,橋郁工程有限公司,臺中市龍井區龍崗里竹師路二段47巷23號,2000000,1050517
42636,97366525,達信塑膠有限公司,臺中市太平區鵬儀路461巷2之1號,3000000,1050521
42651,97370231,偉程印刷事業有限公司,臺中市神岡區岸裡里岸興街四八號一樓　　,1000000,1050519
42657,97371576,鎂仕特股份有限公司,臺中市大里區成功路57巷26弄26號,10000000,1050507
42659,97372076,晟毅企業有限公司,臺中市西屯區協和里工業區四十路39號,5000000,1050527
42668,97373477,資佳科技有限公司,臺中市南區樹德里德鑫街55號,1500000,1050511
42669,97373791,冠旻科技有限公司,臺中市潭子區潭秀里潭富路一段64巷9號,5000000,1050502
42670,97373856,神鐿有限公司,臺中市西屯區何安里何厝街101之13號1樓,5000000,1050503
42676,97376853,世隆營造有限公司,臺中市北區賴村里中清路一段372號3樓,22500000,1050523
42677,97376972,海德堡眼鏡有限公司,臺中市南屯區田心里永春東路678號1樓,3000000,1050516
42678,97377873,同棊工業有限公司,臺中市清水區中社里中社路97之295號1樓,8500000,1050509
42681,97379459,峻程機電服務有限公司,臺中市沙鹿區洛泉里中山路181號,5000000,1050503
42683,97380385,耀際實業有限公司,臺中市南屯區豐順街96號1樓,10000000,1050502
42686,97381933,鋐瑋有限公司,臺中市清水區南社里星海路117號,5000000,1050521
42688,97382953,侑勵實業有限公司,臺中市烏日區烏日里民族街87巷3號1樓,5000000,1050503
42694,97384100,璨鵬機電有限公司,臺中市西屯區上石路57巷10號1樓,6000000,1050528
42718,97397040,肇華電機實業有限公司,臺中市北屯區東光路770巷7號1樓,500000,1050502
42720,97397800,釋儒勝有限公司,臺中市豐原區豐南街2號8樓,21000000,1050518
42729,97401190,元都企業有限公司,臺中市大肚區頂街里大新街四二號,5000000,1050517
42730,97401425,群益勝營造有限公司,臺中市龍井區中沙路1巷36弄8號1樓,6000000,1050518
42733,97403134,鑫源峰實業有限公司,臺中市潭子區栗林里豐栗路36號,1500000,1050519
42734,97403606,易大麗有限公司,臺中市西區精誠路312號,5000000,1050520
42748,97407461,尚宏營造有限公司,臺中市北區中清路一段89號8樓之6,22500000,1050521
42755,97408969,建利加油站有限公司,臺中市大甲區奉化里經國路921號,5000000,1050518
42756,97409518,超級補給便利商店有限公司,臺中市南區復興里信義南街一一五號,1000000,1050524
42758,97410613,作富企業有限公司,臺中市豐原區南嵩里北陽路437號1樓,5000000,1050527
42760,97412302,穩穩穩車料有限公司,臺中市大肚區福山里沙田路1段388巷8號,5000000,1050517
42769,97414688,瀅格展業有限公司,臺中市外埔區水美里水美路281巷1弄11號,6000000,1050509
42775,97416068,寶大國際儀器股份有限公司,臺中市清水區橋頭里民治五街147號,5000000,1050505
42776,97416428,宏盛工業有限公司,臺中市神岡區北庄里厚生路11號,30000000,1050509
42783,97418426,冠元機械工業股份有限公司,臺中市太平區太平里永豐路永新巷30號,5000000,1050510
42787,97419327,駿百汽車材料有限公司,臺中市南屯區大興里文心南三路218號1樓,10000000,1050512
42794,97421597,積奇企業有限公司,臺中市大里區仁化里仁慈街2巷11號,20000000,1050510
42796,97421695,華岡保全股份有限公司,臺中市北區進化北路392之2號10樓之2,44800000,1050508
42797,97422049,鴻孟企業有限公司,臺中市神岡區新庄里新興路84號,12000000,1050502
42801,97424171,保驊實業有限公司,臺中市大里區新芳路191巷8號1樓,5000000,1050505
42808,97427749,御登國際有限公司,臺中市北區錦洲里國強街131號,3000000,1050530
42811,97428395,九州企業有限公司,臺中市大甲區朝陽里新政路四三之三號,5000000,1050507
42812,97428493,寬和企業有限公司,臺中市北屯區熱河路三段200巷28號1樓,5500000,1050516
42813,97429599,山恆實業有限公司,臺中市豐原區南村里向陽路173巷115號6樓之3,5000000,1050513
42814,97429964,富利寶有限公司,臺中市豐原區豐田里田心路2段247巷27弄29號,1000000,1050523
42821,97433691,景美景觀設計有限公司,臺中市北屯區舊社里北屯路455號2樓,5000000,1050525
42830,97439111,肯祐企業有限公司,臺中市北屯區東光里東山路1段49之11號4樓,5000000,1050519
42848,97447647,富旺國際開發股份有限公司,臺中市西區大隆路20號4樓之5,1758712760,1050523
42913,97482257,東林電器有限公司,臺中市西屯區福科路三六八號一樓,1000000,1050510
42914,97482600,正豐工程有限公司,臺中市大甲區中山里水源路600巷40號一樓,5000000,1050514
42926,97485368,永正煇工業有限公司,臺中市東區東門里旱溪西路一段190巷53號1樓,1000000,1050509
42930,97486009,鍾碩機械工業有限公司,臺中市大甲區中山里開元路46號1樓,2000000,1050529
42931,97486198,睿鵬營造有限公司,臺中市北屯區崇德九路499號,6000000,1050526
42933,97486654,名郁產品開發設計有限公司,臺中市清水區橋頭里民享路211號,5000000,1050502
42936,97487339,曜煒實業有限公司,臺中市大甲區中山路二段847號,5000000,1050510
42938,97487823,中農景觀工程股份有限公司,臺中市北屯區松勇里松義街296巷6號,10000000,1050509
42941,97488082,金寶裕實業有限公司,臺中市大里區仁化里仁化路736巷16號,5000000,1050516
42943,97488533,正和沅企業有限公司,臺中市清水區橋頭里高美路二三一巷一之二○號,5000000,1050519
42944,97488920,永全發有限公司,臺中市潭子區東寶里雅潭路三段七一巷三八號,1000000,1050510
42949,97490290,廣達通機械工業有限公司,臺中市大肚區王田里沙田路一段三二○巷三三之二三號,1000000,1050529
42967,97495788,美兒健國際有限公司,臺中市西屯區重慶路二八九之二號,1000000,1050526
42968,97495886,誠泰工程有限公司,臺中市西屯區天保街1巷12號1樓,1000000,1050518
42975,97497976,三潔企業有限公司,臺中市西屯區協和里順和三街7號,3500000,1050519
42980,97506151,立國鍛品工業股份有限公司,臺中市太平區中興里太平路678巷60號,16500000,1050525
42981,97506271,億君企業有限公司,臺中市太平區中興里永義九街13號1樓,2500000,1050514
42982,97509811,德昶機械五金股份有限公司,臺中市大肚區太平路8巷60-15號,11000000,1050509
42983,97513667,瑞進機械有限公司,臺中市烏日區前竹村光明路407號,5000000,1050518
42984,97514244,德寶藥業有限公司,臺中市北屯區熱河路一段七○號,500000,1050516
42986,97522758,永翔化學工業股份有限公司,臺中市大里區大元里國光路1段123之1號,45000000,1050528
42987,97526142,大鈿彩藝股份有限公司,臺中市大里區大衛路27號,85680000,1050514
42988,97529295,金噠機械有限公司,臺中市烏日區新興路271巷16號,5000000,1050520
42989,97532762,建泉實業股份有限公司,臺中市烏日區光明路157巷87號,13000000,1050511
42990,97546490,大右企業有限公司,臺中市大里區立新街200號1樓,5000000,1050519
42991,97552817,世棋企業股份有限公司,臺中市大里區東湖里泉水街206號,5000000,1050506
42992,97554723,宏舜企業股份有限公司,臺中市烏日區九德里長春街487號1樓,28000000,1050527
42993,97555906,豐聖針織股份有限公司,臺中市大肚區大東里自由路235號,28500000,1050502
42994,97555976,力衛企業股份有限公司,臺中市太平區工業十五路6號,10000000,1050523
42995,97557073,勤皇工業股份有限公司,臺中市大肚區蔗廍里中蔗路1–1號,8000000,1050528
42996,97557714,三傑興業股份有限公司,臺中市大里區中興路二段73之17號,29000000,1050511
42997,97560302,唯鼎織帶廠股份有限公司,臺中市大肚區大東里沙田路2段470巷20號,20000000,1050511
42999,97561695,明暘工業有限公司,臺中市太平區宜欣里溪洲路102巷11號1樓,10000000,1050514
43000,97566397,申家實業有限公司,臺中市烏日區五光里五光路133號,5000000,1050521
43001,97567699,永力儀器有限公司,臺中市霧峰區舊正里北岸路36巷32之5號,5000000,1050501
43002,97569916,鈺品工業有限公司,臺中市大里區瑞城里美村街3號,5000000,1050511
43003,97570857,商藝印刷事業有限公司,臺中市龍井區沙田路四段162之1號,2000000,1050506
43004,97571687,加鼎工業有限公司,臺中市霧峰區北柳里四德路183巷22號,10000000,1050514
43005,97574256,長宏運輸股份有限公司,臺中市大里區東湖里中興路一段377號1樓,29000000,1050504
43006,97575059,現太化工有限公司,臺中市大里區大元里大衛路21號,12000000,1050501
43007,97577063,陽銘通運股份有限公司,臺中市梧棲區南簡里港埠路二段316巷17號,26000000,1050518
43008,97579007,曄俊工業股份有限公司,臺中市烏日區北里里太明路成豐巷42之8號,35000000,1050528
43009,97579978,清群機械有限公司,臺中市大里區國光里德芳南二街五三號,6000000,1050510
43010,97580285,達進交通股份有限公司,臺中市大雅區二和里雅潭路四段576巷33號,26600000,1050503
43011,97581382,建煌實業有限公司,臺中市烏日區五光里五光路252號１樓,8000000,1050516
43012,97581926,峻瑩鋼珠工業有限公司,臺中市太平區中興里新平路一段279巷75號,5000000,1050525
43013,97582328,祥運運動器材有限公司,臺中市沙鹿區正英三街95號1樓,5000000,1050506
43014,97582447,弘濱實業有限公司,臺中市大肚區王田里沙田路一段320巷22-4號,4000000,1050524
43015,97583298,盛方運輸有限公司,臺中市西屯區永福路35號,16600000,1050522
43017,97583712,億來銘版有限公司,臺中市太平區勤益里中山路1段271號1樓,7000000,1050525
43018,97583754,建椿塑膠有限公司,臺中市太平區建國里鵬儀路289號,26000000,1050523
43019,97585970,明謒企業有限公司,臺中市大里區喬城路130號1樓,5000000,1050521
43020,97586372,鼎翔實業有限公司,臺中市烏日區長春街572號,3000000,1050525
43021,97590170,游湖工業有限公司,臺中市大里區塗城里三民二街41巷17號,1000000,1050526
43022,97591375,幸家工業有限公司,臺中市太平區太平里永平路三段132巷55弄6號,3000000,1050505
43023,97592064,農達有限公司,臺中市太平區永成路117號,2100000,1050530
43024,97592607,永麒化學有限公司,臺中市霧峰區吉峰里吉峰路67巷2弄2號,7500000,1050502
43025,97593633,佳邦實業有限公司,臺中市西屯區合江街三三號,10000000,1050502
43026,97593726,吉通企業有限公司,臺中市大肚區大東里仁德路105巷7號,3000000,1050527
43027,97593789,于成企業有限公司,臺中市大里區內新里新光路151號1樓,5000000,1050509
43028,97597363,貿聲實業有限公司,臺中市大里區三民二街23巷2號1樓,1700000,1050522
43035,97629421,皇慶保溫企業有限公司,臺中市烏日區仁德里信義街371號1樓,15000000,1050519
