序號,統一編號,公司名稱,公司所在地,資本額,核准變更日期
26,01987125,翔大機械股份有限公司,臺中市西屯區工業區三十六路19號,28000000,1060818
114,04403862,鴻元生技股份有限公司,臺中市北屯區平安里13鄰崇德路二段128號6樓之2,200000000,1060807
151,04718357,狄成遊覽車股份有限公司,臺中市西區公益路367號13樓之4,50000000,1060803
185,05061265,歐邦貿易有限公司,臺中市西區貴和街32號1樓,8000000,1060815
212,05696507,立彥鐵工股份有限公司,臺中市潭子區栗林里祥和路106巷41號1樓,5000000,1060810
220,05796576,毅勳凡而工業股份有限公司,臺中市龍井區忠和里海尾路240巷5號,80000000,1060817
221,05833191,嘉澤水電工程股份有限公司,臺中市太平區中興里太平二八街9巷1號1樓,15000000,1060830
222,05835260,邦昌金屬股份有限公司,臺中市太平區中興里東平路922號,36000000,1060822
252,07646413,奇晃實業股份有限公司,臺中市北區健行里忠明路424號8樓之1,7250000,1060817
328,12020234,穩興貿易股份有限公司,臺中市西區公益路155巷100號12樓之1,8000000,1060810
387,12405391,允彰股份有限公司,臺中市南屯區永春東三路253巷12號1樓,5000000,1060814
403,12506948,正中資產鑑定有限公司,臺中市西區吉龍里美村路一段771巷1號4樓,1000000,1060830
416,12604808,禾全國際有限公司,臺中市沙鹿區鹿寮里錦華街46號2樓,5000000,1060815
426,12617275,祈陽興業股份有限公司,臺中市南屯區春社里精科中一路12號,12500000,1060807
428,12617846,大毅建設股份有限公司,臺中市北屯區崇德路三段1號,360000000,1060817
439,12633873,森泉企業股份有限公司,臺中市南區仁和路276號,88000000,1060817
485,12702575,高市高爾夫股份有限公司,臺中市南屯區保安五街201號1樓,114000000,1060816
487,12703504,嘉笙科技精密機械有限公司,臺中市太平區建國里鵬儀路296巷2弄8號,5000000,1060808
489,12707240,鯨達電機有限公司,臺中市大里區大明里東興路92巷16號1樓,500000,1060815
491,12716634,聖樺倉儲物流有限公司,臺中市大肚區成功里文昌路三段162巷107弄33號,7000000,1060828
492,12716901,銓盈藝文科技股份有限公司,臺中市潭子區潭子街三段公廳巷69號3樓,60000000,1060824
496,12720068,碧茂科技股份有限公司,臺中市潭子區潭秀里北環路15號地下2樓,281070000,1060814
498,12720497,廣征企業股份有限公司,臺中市南屯區豐樂里精誠南路135巷58號1樓,1000000,1060817
501,12723993,家福龍公寓大廈管理維護有限公司,臺中市南屯區五權西路二段501號10樓,10000000,1060824
502,12724022,雅速工業有限公司,臺中市神岡區神岡里三民路51號,28000000,1060821
503,12724254,中華聯合電信股份有限公司,臺中市西區民龍里臺灣大道二段307號7樓,15000000,1060829
511,12742703,揚諺精機股份有限公司,臺中市龍井區忠和里工業路246巷12號,60000000,1060811
514,12743652,正豐投資有限公司,臺中市西區五權六街55號,160000,1060810
517,12745271,竑穗興業股份有限公司,臺中市西區英才路530號10樓之5,159000000,1060818
519,12745883,麗太科技股份有限公司,臺中市龍井區忠和里西濱路三段25號,45000000,1060828
538,12784793,六原實業有限公司,臺中市沙鹿區斗抵里天池街116號　,15000000,1060821
541,12788828,金又美實業有限公司,臺中市南屯區大墩七街50號2樓,3000000,1060824
551,12801619,岠峰企業有限公司,臺中市大雅區昌平路三段713號,10000000,1060809
560,12821093,曜德科技股份有限公司,臺中市西屯區上石里上明三街7號1樓　,5000000,1060825
561,12822537,怡暐實業有限公司,臺中市豐原區東勢里博愛街310巷1號2樓之2,3000000,1060830
562,12823613,定欣有限公司,臺中市太平區永平路二段476巷152弄18號,50000000,1060801
568,12833555,神葳文創股份有限公司,臺中市南屯區三厝里河南路四段463號1樓,6000000,1060810
608,12898162,成聚股份有限公司,臺中市西屯區協和里安和一街89號4樓,9000000,1060802
611,12903995,隆鎮科技股份有限公司,臺中市北屯區松竹北路151號1樓,10000000,1060814
612,12904241,益安投資股份有限公司,臺中市西屯區惠來里文心一路168號4樓,50000000,1060828
670,12990576,杜威海外教育股份有限公司,臺中市南屯區五權西路二段666號14樓之1,25000000,1060817
673,12993433,辰泰國際企業有限公司,臺中市霧峰區四德路495號,15000000,1060808
677,13002305,萬運工業股份有限公司,臺中市太平區中興里永義二街61巷9號1樓,23000000,1060801
686,13009476,福慧營造有限公司,臺中市東勢區新盛里東坑路30號2樓,3000000,1060803
687,13011748,承閎工程有限公司,臺中市大里區永隆里大明路412號5樓,10000000,1060804
697,13025715,宏鉎企業有限公司,臺中市烏日區光明里五光路復光五巷57號,500000,1060815
701,13027299,餐御宴食品有限公司,臺中市大甲區日南里工七路26號,48000000,1060830
708,13033258,千馹開發實業有限公司,臺中市大里區大明路99巷66之6號,1000000,1060810
709,13033399,扶德消防機電工程有限公司,臺中市西屯區何厝街71之15號1樓,1000000,1060825
715,13039422,睿昱營造有限公司,臺中市南屯區忠勇路52之217號11樓,3000000,1060831
723,13048652,東陽汽車修理有限公司,臺中市后里區墩南里七星街1號,600000,1060801
732,13075144,貴冠科技有限公司,臺中市大雅區雅環路1段300巷1弄10號1樓,15000000,1060803
736,13078162,大稻生物科技有限公司,臺中市北屯區崇德路二段250號14樓,10000000,1060810
829,13192924,羅芙生化科技有限公司,臺中市西區臺灣大道二段285號12樓之1,10000000,1060824
871,16014923,生燿工業有限公司,臺中市大里區草堤路315號,3000000,1060821
877,16026126,廣隆水電材料有限公司,臺中市西屯區福瑞里福瑞街118號3樓之3,4200000,1060802
878,16028898,哈妮士有限公司,臺中市潭子區甘蔗里興華一路415號1樓,1000000,1060802
879,16030851,明利資訊有限公司,臺中市中區中山路214號2樓,1000000,1060831
880,16031232,萬禾廣告企劃事業有限公司,臺中市東區十甲里東英七街28號,1000000,1060816
882,16037242,鳳城旅館股份有限公司,臺中市南區復興路三段372號1至10樓,20000000,1060808
893,16065106,鑫義營造股份有限公司,臺中市西屯區朝富路213號23樓之6,15000000,1060811
895,16075574,台灣帝鄉實業有限公司,臺中市豐原區西勢里成功路133巷20弄38號1樓,5000000,1060823
901,16085969,群健有線電視股份有限公司,臺中市北屯區文心路4段934號12樓之1、之2及936號12樓之1,2581283930,1060814
956,16181858,誼鎂有限公司,臺中市北區美德街295巷9號1樓,1000000,1060803
967,16202333,潤立通運股份有限公司,臺中市北屯區仁和里崇德路3段168號1樓,25000000,1060823
970,16207745,長園科技實業股份有限公司,臺中市西屯區科雅東路9號,565855400,1060825
972,16209589,嘉里醫藥物流股份有限公司,臺中市西屯區臺灣大道四段925號23樓之1,100000000,1060811
980,16222014,洽發商務有限公司,臺中市沙鹿區沙鹿里大同街99號1樓,25000000,1060830
986,16238120,軒旺貿易有限公司,臺中市西屯區大墩18街165號1樓,2000000,1060810
994,16254248,偉恩營造有限公司,臺中市北屯區和平里和福路235號1樓,29000000,1060814
1005,16275876,永可信工程有限公司,臺中市北屯區軍功里環中東路二段188號1樓,6000000,1060823
1030,16332027,健豪印刷事業股份有限公司,臺中市西區大忠里忠明南路230號,451711000,1060818
1035,16341118,萬磊股份有限公司,臺中市沙鹿區三鹿里自立路198巷58號一樓,4500000,1060804
1037,16346731,永業水電工程有限公司,臺中市北區錦平里太平北街17號,5000000,1060802
1057,16380081,華豐亭實業有限公司,臺中市西區華美街376號1、2樓,1000000,1060816
1060,16385656,立展營造股份有限公司,臺中市西屯區西屯路二段284巷43號1樓,10000000,1060829
1062,16388422,鴻育人力資源管理顧問股份有限公司,臺中市北區賴興里文昌東二街76號2樓,5000000,1060809
1070,16396680,新頂企業有限公司,臺中市大里區樹王里文心南路1340巷10號,5000000,1060825
1084,16429871,麗斯特國際事業有限公司,臺中市豐原區田心里8鄰中山路306之2號,6000000,1060803
1103,16449201,艾科盟國際有限公司,臺中市后里區三豐路四段130巷19號,20000000,1060801
1138,16495181,聯昌國際股份有限公司,臺中市沙鹿區鹿寮里光明街260號1樓,26000000,1060817
1140,16498482,宇泰興廣告工程有限公司,臺中市北屯區三光里九龍街100號1樓,5000000,1060829
1143,16508159,天士企業有限公司,臺中市西屯區逢甲里西屯路二段二五六巷六號一三樓之一○,1000000,1060823
1147,16511345,永承發實業有限公司,臺中市豐原區西安里成功路242巷12弄25號5樓,2000000,1060818
1151,16513075,一泰企業管理顧問有限公司,臺中市西屯區何明里漢口路一段54號4樓,6000000,1060825
1153,16514270,汎昇實業有限公司,臺中市大里區金城里塗城路648號2樓,6000000,1060810
1155,16514862,智昱股份有限公司,臺中市北區明德里太原四街11號2樓,250000000,1060828
1157,16516968,華府旅行社股份有限公司,臺中市西區公正里公益路367號10樓之2,85000000,1060807
1161,16527682,華凌光電股份有限公司,臺中市大雅區平和南路188巷77號1樓,400000000,1060829
1167,16539218,營碩機械工業股份有限公司,臺中市外埔區鐵山里長生路788號,12000000,1060808
1173,16554287,福康泰國際有限公司,臺中市太平區大興十三街112號1樓,4400000,1060829
1174,16556291,鉅諺精密儀器股份有限公司,臺中市龍井區忠和里工業路216巷25號,29800000,1060810
1177,16567945,原安消防工程有限公司,臺中市北屯區水景里軍功路1段455號1樓,10000000,1060829
1222,16652055,震虎精密科技股份有限公司,臺中市南屯區文山里精科二路10號,365000000,1060830
1234,16668520,萬得保國際有限公司,臺中市后里區舊社里三重中路128號,8000000,1060811
1237,16676654,豐境建設有限公司,臺中市南屯區豐富路289號1樓,25500000,1060829
1252,16704357,陽碩科技股份有限公司,臺中市西屯區西屯路二段256巷6號14樓之1,10000000,1060823
1257,16708585,新糧企業股份有限公司,臺中市南屯區楓樹里永春東三路85號1樓,20000000,1060817
1270,16736392,新紀元室內裝修設計工程有限公司,臺中市北屯區長青里陝西八街26號1樓,5000000,1060801
1304,16780241,璟旺營造有限公司,臺中市北屯區廍子里仁友巷34號1樓,3000000,1060803
1340,16832064,凱督國際股份有限公司,臺中市潭子區頭家里中山路一段223號,126000000,1060828
1341,16832487,三信商業銀行股份有限公司,臺中市中區柳川里公園路32-1號,6625523040,1060817
1358,16850370,台鋼營造工程股份有限公司,臺中市梧棲區文心街231巷83號1樓,35000000,1060801
1364,16864282,台灣曼寧工程顧問股份有限公司,臺中市西屯區大墩十九街186號3樓之1,11000000,1060810
1365,16867817,鼎右企業有限公司,臺中市太平區宜欣里富宜路146巷3弄32號,28000000,1060802
1367,16870904,富達興企業有限公司,臺中市南屯區豐樂里永春東一路418號1樓,20000000,1060816
1375,16879377,亞律國際企業有限公司,臺中市南屯區惠中里文心路一段324號4樓之1,500000,1060808
1382,16885857,皇家黃金國際股份有限公司,臺中市西屯區惠來里文心路二段201號19樓之6、之7,20000000,1060817
1385,16893907,瑞登實業有限公司,臺中市西屯區大河里長安路二段5之3號,1000000,1060816
1386,16896284,名宇室內裝修有限公司,臺中市北區建興里德化街239號1樓,5000000,1060801
1402,16920777,一允企業有限公司,臺中市大里區長榮里新南路163巷13號1樓,5000000,1060803
1406,16926317,台展興業股份有限公司,臺中市大里區長榮里大里路75號1樓,8000000,1060810
1407,16928531,環綺交通有限公司,臺中市大肚區王田里王福街578巷20號1樓,25000000,1060828
1408,16928997,詔強股份有限公司,臺中市大甲區義和里中山路一段340號1樓,15000000,1060825
1411,16932296,萱諭實業股份有限公司,臺中市石岡區萬興里豐勢路693號,200000,1060809
1429,16966632,勝保企業有限公司,臺中市霧峰區五福路860巷17號1樓,1000000,1060810
1431,16967317,升揚消防安全設備實業有限公司,臺中市南屯區文山里五權西路三段1巷169號,41810000,1060809
1449,16993363,松益國際有限公司,臺中市西區公館里建國北路二段一三一號一樓,500000,1060808
1452,16999388,資鎰實業有限公司,臺中市大雅區雅楓里民生路三段180巷14號1樓,32200000,1060830
1556,22054922,隆盟電機有限公司,臺中市大里區國光里國光路二段334號,1000000,1060829
1558,22065414,朝安科技股份有限公司,臺中市神岡區豐洲里豐洲路64號,7700000,1060801
1563,22082997,坤新木業股份有限公司,臺中市龍井區忠和里工業路182巷1號,26000000,1060816
1573,22100073,台灣野村股份有限公司,臺中市梧棲區草湳里緯四路2號,46260000,1060822
1575,22100405,光聯科技股份有限公司,臺中市潭子區台中加工出口區建國路12號,1063518320,1060808
1581,22103487,佶恆實業股份有限公司,臺中市太平區德隆里工業廿路53號,55000000,1060803
1582,22106111,錦鴻交通器材有限公司,臺中市南區新華街22巷12號1樓,2000000,1060822
1583,22107104,隆泉股份有限公司,臺中市大雅區秀山五路89號,1000000,1060802
1584,22111114,詠勝工業鐵材有限公司,臺中市太平區中興里東平路777巷7號,6000000,1060803
1586,22119137,騰偉實業有限公司,臺中市豐原區西安里成功路242巷16號,5000000,1060801
1588,22124413,中玉有限公司,臺中市大里區東興里西村路1巷13號,5000000,1060802
1589,22127495,三社興業有限公司,臺中市東區十甲里十甲東路473號,10000000,1060801
1591,22132618,旭裕不銹鋼有限公司,臺中市太平區東平路777巷9號,12000000,1060818
1594,22136305,台中魚市場股份有限公司,臺中市南屯區環中路四段2號,10000000,1060814
1626,22212582,洽發實業股份有限公司,臺中市沙鹿區鎮南路二段650號,5000000,1060821
1627,22216503,國昌金屬工業股份有限公司,臺中市豐原區南田里6鄰富陽路330號,12000000,1060830
1642,22247338,美葛儂妮化粧品股份有限公司,臺中市太平區新高里樹德八街80巷10號,36000000,1060811
1655,22269424,龍堡皮革股份有限公司,臺中市大肚區頂街里沙田路三段245巷81之2號2樓,6300000,1060816
1662,22285705,鴻鑫模座股份有限公司,臺中市西屯區協和里工業區十二路10號,50000000,1060831
1669,22304718,金弘鑄機股份有限公司,臺中市東區東英路383之1號,6000000,1060808
1670,22315969,承益股份有限公司,臺中市南屯區大墩七街16號1樓,20000000,1060802
1697,22384634,清瀚企業有限公司,臺中市西屯區河南東三街23號,5000000,1060824
1702,22392347,成龍塑膠廠股份有限公司,臺中市梧棲區草湳里自強路388號,70000000,1060809
1704,22394295,奇鋇企業有限公司,臺中市西區公平里公益路182號1樓,10000000,1060811
1708,22405618,宗懋貿易有限公司,臺中市南屯區文心路一段186號18樓之1,5400000,1060825
1712,22414601,億堡包裝材料有限公司,臺中市南屯區文山里文山五街100號1樓,1200000,1060829
1725,22436767,眾信實業股份有限公司,臺中市清水區北五路10號,5000000,1060808
1738,22486772,豐億鋼珠有限公司,臺中市豐原區南田里朝陽路55巷37號1樓,1000000,1060822
1740,22491640,櫻花建設股份有限公司,臺中市西區民龍里臺灣大道2段239號4樓,3780026010,1060828
1741,22492774,仁通紙器有限公司,臺中市太平區宜欣里溪洲路77巷10號,1000000,1060815
1747,22500824,松柏飲料股份有限公司,臺中市北屯區景賢路339號,35000000,1060825
1750,22504835,暉亞企業有限公司,臺中市東區十甲里東英十街25號1樓,5000000,1060818
1776,22544695,兆泰企業有限公司,臺中市南屯區豐安街62號1樓,6000000,1060814
1784,22558640,上和租賃有限公司,臺中市北屯區昌平路一段93之10號2樓,15000000,1060830
1789,22573327,祐聖金屬工業有限公司,臺中市豐原區豐田里田心路二段85巷29號,5000000,1060814
1795,22579005,溢賢工業有限公司,臺中市大雅區員林里大林路182巷6號,5000000,1060830
1796,22580875,東信紙器有限公司,臺中市西屯區智惠街101號1樓,6000000,1060830
1797,22587027,惠笙實業股份有限公司,臺中市太平區平安里精美路69號,10496000,1060823
1799,22587722,達利塑膠工業股份有限公司,臺中市太平區太平里永豐路179號1樓,7990000,1060829
1810,22628408,李林貿易股份有限公司,臺中市西屯區工業區一路6號9樓之2,15000000,1060821
1816,22638314,閤泰金屬實業股份有限公司,臺中市西屯區惠來里市政路500號11樓之3,76000000,1060807
1831,22663740,台福工業股份有限公司,臺中市西屯區工業區一路129號,54000000,1060810
1845,22698733,達源貼合股份有限公司,臺中市外埔區大東里甲后路五段185巷43弄1號,3000000,1060825
1866,22764965,順天建設股份有限公司,臺中市西屯區文心路2段201號3樓,2227199210,1060828
1875,22776287,中苗機械工業股份有限公司,臺中市太平區太平路778巷7號,9000000,1060803
1880,22784842,上陞工業有限公司,臺中市太平區工業十七路35號,3000000,1060817
1886,22795046,臺灣精密齒輪工業股份有限公司,臺中市潭子區潭秀里雅潭路1段68號1樓,18000000,1060807
1887,22796299,建成加油站股份有限公司,臺中市南區建成路1611號,29880000,1060807
1889,22800054,龍銀交通股份有限公司,臺中市大甲區岷山里水源路567號,16000000,1060815
1901,22822640,宏興麵粉廠股份有限公司,臺中市大肚區福山里沙田路一段369號,76500000,1060809
1931,22889141,台灣寶橋股份有限公司,臺中市南屯區寶山里工業區二十四路3號,69000000,1060801
1948,22915226,大聖工程顧問有限公司,臺中市西區公平里公益路206號1樓,10000000,1060807
1957,22942167,陳楨企業股份有限公司,臺中市神岡區溪洲里民權路35之4號,15000000,1060821
1967,22963943,猛捷實業股份有限公司,臺中市霧峰區中正路93號,12000000,1060809
1974,22976399,和宣企業股份有限公司,臺中市西屯區惠來里市政路386號10樓之7,5000000,1060821
1981,22996846,久隆機械工業有限公司,臺中市太平區德隆里德明路177巷30號,10000000,1060817
2003,23062533,曜宇機械股份有限公司,臺中市大雅區上楓里民生路三段267巷16號,10000000,1060817
2012,23094649,柏邵實業股份有限公司,臺中市烏日區烏日里光日路52號,21000000,1060809
2030,23149525,怡瑋有限公司,臺中市西屯區工業區四十路16號,3200000,1060823
2051,23192043,友圓實業有限公司,臺中市西區五權西一街13號2樓,1000000,1060807
2052,23193438,十茂木業股份有限公司,臺中市潭子區聚興里豐興路一段1巷6之12號,20500000,1060815
2053,23194470,億佶工業股份有限公司,臺中市大里區國光路一段206之6號,10000000,1060823
2055,23198525,台灣優粒子股份有限公司,臺中市太平區德利路88號1樓、2樓,120000000,1060801
2074,23228160,世万機械工業股份有限公司,臺中市大甲區幸福里長安路安利巷88號,5000000,1060825
2077,23231989,忠陽木業股份有限公司,臺中市大里區大衛路38之1號,18000000,1060831
2090,23261934,長譽工業股份有限公司,臺中市外埔區六分里甲后路三段600巷36號,25980000,1060828
2093,23264453,銘泓股份有限公司,臺中市東區東英路556號2樓,25000000,1060831
2098,23275254,振鈺機械股份有限公司,臺中市太平區中興里永平路二段476巷126弄19號1樓,5000000,1060811
2137,23385077,壹兌企業有限公司,臺中市東區東南里進化路138巷7號1樓,1000000,1060811
2143,23390901,瑞新企業股份有限公司,臺中市大里區大元里國光路一段125巷5號,49760000,1060815
2146,23393415,晭隆企業有限公司,臺中市東區東門里東光園路100巷6弄52之2號,1000000,1060818
2162,23416796,衛宇科技股份有限公司,臺中市北區進化北路238號8樓之5,17000000,1060823
2171,23442632,坤禹企業有限公司,臺中市南屯區大業里公益路二段6之1號8樓,5000000,1060816
2172,23443267,七洋空油壓工業股份有限公司,臺中市南區福順里忠明南路789號24樓,100000000,1060808
2187,23475350,尉順鋼鐵機械股份有限公司,臺中市大肚區永和里溪洲路243號,55000000,1060804
2199,23503784,逸展實業股份有限公司,臺中市沙鹿區錦華街18號,136000000,1060802
2209,23524232,小林便當有限公司,臺中市清水區西社里鎮新一街66號1樓,5000000,1060808
2218,23537763,裕住屋興業股份有限公司,臺中市西屯區協和里安和路2之6號,3600000,1060822
2220,23542610,全豐交通有限公司,臺中市西屯區永安里福雅路366號1樓,3000000,1060804
2234,23574302,仲聯建設股份有限公司,臺中市北區漢口路四段202號7樓,25000000,1060825
2238,23581514,弘洋塑膠有限公司,臺中市龍井區忠和里工業路216巷66弄39號,2000000,1060830
2258,23636813,馬上發國際企業股份有限公司,臺中市西區忠明南路270號20樓之1、之2、之3,1969240000,1060818
2262,23641822,鄉林建設事業股份有限公司,臺中市西區忠明里臺灣大道2段408號1樓,9264255000,1060804
2273,23675316,新勝板金股份有限公司,臺中市南屯區寶山里工業區十八路1號,5000000,1060815
2287,23720277,力贊企業股份有限公司,臺中市東區旱溪里東光園路606號1樓,5000000,1060817
2288,23721521,一心工業有限公司,臺中市大甲區幸福里東明路139號,14000000,1060824
2290,23729636,友諾股份有限公司,臺中市梧棲區北環路27號,20000000,1060804
2303,23781288,水葉營造有限公司,臺中市烏日區九德里自強街4號1樓,23000000,1060821
2304,23787950,陸合企業股份有限公司,臺中市南屯區寶山里工業區24路14號1、2樓,433374960,1060814
2306,23790651,富粧企業有限公司,臺中市東區東南里精武路39巷30弄60號1樓,5000000,1060802
2313,23815724,升麗鍀有限公司,臺中市大里區益民路一段156巷5號,5000000,1060808
2332,23831148,中安營造股份有限公司,臺中市西屯區寶慶街30巷9號3樓之18,15000000,1060803
2335,23837804,台灣龍記金屬製品股份有限公司,臺中市大雅區民生路三段267巷28號,36880000,1060828
2340,23855703,直昇砂石有限公司,臺中市大里區立新街一巷18號,3000000,1060814
2350,23875736,統進食品有限公司,臺中市北區自強街26巷5號,2000000,1060803
2374,23938964,九如園藝景觀工程有限公司,臺中市霧峰區中正路228巷15弄3號1樓,3000000,1060814
2379,23948392,世揚貿易有限公司,臺中市太平區長龍路一段2巷1號1樓,10000000,1060809
2387,23959828,巨簦企業股份有限公司,臺中市豐原區社皮里豐原大道一段428巷12號,27000000,1060814
2389,23962788,詮福拉鏈股份有限公司,臺中市大肚區文昌路二段132巷5號,5000000,1060828
2391,23968158,弘圳工業股份有限公司,臺中市大雅區雅楓里民生路三段163號,5000000,1060821
2392,23968404,九毅興業有限公司,臺中市南屯區文山里一善巷7號,1200000,1060807
2393,23969369,茂昌眼鏡股份有限公司,臺中市西屯區何南里大墩路1010號2樓,5000000,1060807
2421,24209275,億展國際股份有限公司,臺中市大里區西湖路219巷100弄29號1樓,2000000,1060830
2423,24210239,昱達機械有限公司,臺中市大里區西湖里草堤路265巷10號,3000000,1060801
2426,24212877,富屋不動產經紀有限公司,臺中市東區樂業路370號1樓,350000,1060808
2436,24218680,鎰鐵實業有限公司,臺中市梧棲區南簡里大智路一段330巷165號,1000000,1060818
2438,24219219,炎珍廢鐵有限公司,臺中市太平區新和街17巷6號1樓,6000000,1060804
2440,24222615,展邑科技有限公司,臺中市北屯區軍功里軍福十八路318號,5000000,1060829
2444,24225578,堃呈鈑金工業股份有限公司,臺中市太平區鵬儀路463號1樓,10000000,1060802
2446,24226942,藏合國際貿易有限公司,臺中市西區昇平里15鄰昇平街135號,5000000,1060817
2450,24229716,蓮心開發有限公司,臺中市西屯區協和里安和路67之1號,1000000,1060831
2460,24235273,金承泰營造股份有限公司,臺中市西屯區大河里皇城街67號1樓,3000000,1060802
2465,24239094,昌泰保險代理人有限公司,臺中市北區英才路396號6樓之1,3000000,1060828
2469,24241916,豐裕鑫企業有限公司,臺中市潭子區新田里龍興三莊127之12號1樓,250000,1060822
2472,24244250,佳和興事業有限公司,臺中市南屯區田心里惠心街99號1樓,1500000,1060814
2473,24244619,澄新國際有限公司,臺中市豐原區豐圳里圓環西路43巷18號1樓,500000,1060818
2479,24247313,杰采國際行銷有限公司,臺中市南區復興北路357號1樓,3250000,1060830
2492,24258697,易德興業有限公司,臺中市西屯區臺灣大道三段540號5樓之2,9000000,1060825
2497,24262215,興奇科技企業有限公司,臺中市太平區中山里中山路2段311巷2弄15號1樓,3500000,1060815
2498,24262783,貝力貿易有限公司,臺中市西屯區何南里大墩二十街183號6樓之2,250000,1060822
2499,24263777,忠誠公寓大廈管理維護有限公司,臺中市北屯區平順里昌平路一段388號7樓之1,10000000,1060807
2500,24265682,鼎申機械股份有限公司,臺中市神岡區大社里大漢街34之1號4樓,8500000,1060809
2501,24265803,峻翊工業有限公司,臺中市大里區三民二街41巷35號1樓,6000000,1060808
2504,24269940,映葉設計有限公司,臺中市西屯區何厝東二街23號4樓之3,15000000,1060807
2508,24273276,杰麟國際運通有限公司,臺中市西屯區廣福里中科路1368-1號,1000000,1060822
2510,24275675,紘資股份有限公司,臺中市沙鹿區南勢里自由路95巷38之36號1樓,21000000,1060802
2522,24284230,育洲國際有限公司,臺中市南屯區同心里文心路一段210號8樓之2,5000000,1060822
2526,24287433,樂金股份有限公司,臺中市大肚區王田里王福街750巷35號,185646520,1060808
2527,24287460,富利宏科技工程有限公司,臺中市太平區宜佳里祥順路一段23號,10000000,1060815
2531,24288968,睿欣實業股份有限公司,臺中市南區永興里美村南路303巷28弄12號1樓,6000000,1060816
2534,24292029,黃金壹零壹身心靈能量養生有限公司,臺中市潭子區家興里大通街39號1樓,250000,1060814
2536,24293202,欣寬達股份有限公司,臺中市潭子區勝利八街18號1樓,6000000,1060821
2597,24353691,高典家具有限公司,臺中市神岡區豐洲里神洲路350號1樓,1250000,1060828
2600,24355305,翊昇好物有限公司,臺中市大里區大明里中興路2段671巷110號1樓,15000000,1060815
2602,24356135,呈耀有限公司,臺中市豐原區大湳里源豐路243巷36號1樓,1000000,1060803
2604,24358112,華呈營造有限公司,臺中市大肚區福山里沙田路1段512巷3-12號1樓,5000000,1060829
2615,24366128,台灣毅鑫生物技術有限公司,臺中市南區福興里南平路338巷5弄22號1樓,2200000,1060816
2622,24371213,懷恩測量工程有限公司,臺中市西屯區西平里文華路185號2樓,15000000,1060816
2625,24373161,勝向有限公司,臺中市太平區永成里永成路66巷8號1樓,5000000,1060818
2633,24378193,遠茴企業股份有限公司,臺中市潭子區嘉仁里人和路108號,2500000,1060831
2635,24379313,和夏有限公司,臺中市太平區太平路197巷13號1樓,1500000,1060809
2641,24385906,埃索有限公司,臺中市霧峰區育賢路70號1樓,3000000,1060809
2648,24399009,新塑發塑膠有限公司,臺中市沙鹿區西勢里和睦路三段466號,6000000,1060829
2652,24401477,中部保全股份有限公司,臺中市霧峰區育智街31號1-2樓,40000000,1060824
2665,24413683,鑫榮資通有限公司,臺中市西屯區福和里中工三路151號2樓,2000000,1060810
2668,24417463,欣群營造有限公司,臺中市豐原區北陽里豐原大道四段23號2樓,32000000,1060811
2673,24419119,臻邑室內裝修有限公司,臺中市西屯區潮洋里台中港路三段7-21號6樓之1,880000,1060807
2675,24421023,鴻羽國際投資股份有限公司,臺中市北屯區后庄路83號2樓,25000000,1060821
2683,24431991,基將股份有限公司,臺中市外埔區水美里水美路43號,1000000,1060830
2684,24433098,巽崑設計有限公司,臺中市南屯區黎明里干城街145巷2弄6號1樓,200000,1060811
2687,24435384,香繼光股份有限公司,臺中市太平區新光路62之1號2樓,30000000,1060821
2693,24437019,銓家鋼構有限公司,臺中市東區東門里東光園路100巷6弄203號1樓,3000000,1060825
2695,24438410,進欣昱企業股份有限公司,臺中市梧棲區草湳里大成路18號,107000000,1060801
2700,24440942,帝寶公寓大廈管理維護股份有限公司,臺中市西屯區大容東街66號4樓,10000000,1060814
2704,24444150,億龍科技有限公司,臺中市南屯區五權西路二段501號10樓,2000000,1060824
2705,24444638,源鐽電綠能股份有限公司,臺中市西區土庫里五權西路一段237號11樓之1,8000000,1060818
2794,24507648,靜億有限公司,臺中市烏日區環中路八段1121巷15弄76號,6000000,1060803
2848,24542271,法尼新創科技股份有限公司,臺中市西區臺灣大道二段16號15樓之1,5000000,1060815
2927,24578185,三桶洋酒有限公司,臺中市西屯區上安里至善路36號1樓,20000000,1060830
2928,24578208,映虹系統科技有限公司,臺中市南屯區新生里龍德路一段106號,5000000,1060802
2929,24578761,羽茜生技有限公司,臺中市太平區中山路一段376巷24號1樓,168000,1060809
2930,24579570,新旺機電工程股份有限公司,臺中市烏日區榮泉里中山路三段634號,2000000,1060831
2932,24580020,可祥科技有限公司,臺中市北屯區東山路一段241巷16號1樓,6000000,1060801
2933,24580725,載地創藝股份有限公司,臺中市西屯區福聯里福順路926號2樓,3000000,1060821
2934,24580871,藏真藝術規劃有限公司,臺中市西屯區逢福里櫻花路105號1樓,1680000,1060822
2935,24581604,雅麥香醇國際有限公司,臺中市北屯區松茂里遼寧路二段1號2樓,3000000,1060829
2936,24582012,捷上清潔有限公司,臺中市西區和龍里日興街100號4樓之4,500000,1060814
2937,24582218,易格整合設計有限公司,臺中市北區益華街70號2樓,1250000,1060814
2938,24582483,畣鑫自動化有限公司,臺中市潭子區大明一路36號5樓之2,3000000,1060822
2939,24582548,台田食品有限公司,臺中市北屯區旅順路一段140號2樓,1000000,1060822
2940,24583188,樂見國際股份有限公司,臺中市霧峰區四德里四德路488之8號,3000000,1060829
2941,24584433,源凱有限公司,臺中市西屯區大墩十九街225號3樓,1000000,1060818
2942,24584449,高境有限公司,臺中市北區梅川里天津路二段170號1樓,500000,1060821
2943,24584784,品欣國際有限公司,臺中市南區三民西路367之2號10樓,3000000,1060824
2944,24584905,恒勤科技股份有限公司,臺中市梧棲區福德里忠義路92巷2號4樓,3680000,1060818
2945,24585209,煜益鑄造科技股份有限公司,臺中市龍井區忠和里臨港路二段58號2樓,312420000,1060808
2946,24585257,中木有限公司,臺中市西屯區環中路二段1008號,5000000,1060802
2947,24585593,子平投資股份有限公司,臺中市西區臺灣大道二段181號6樓之13,5000000,1060825
2948,24585714,城市開發有限公司,臺中市南區復興北路338號1樓,500000,1060808
2949,24585828,燦星保全股份有限公司,臺中市北區賴明里山西路二段13號1樓,40000000,1060807
2950,24586235,歐韻有限公司,臺中市北屯區柳陽西街124號,10000000,1060829
2951,24586679,和運人力仲介有限公司,臺中市北屯區平安里青島路四段63號2樓,9000000,1060817
2952,24586880,金富春有限公司,臺中市西區中興里美村路一段219號,1000000,1060811
2953,24587109,強普精密股份有限公司,臺中市烏日區螺潭里環中路八段1121巷15弄88號,35000000,1060821
2954,24587380,聯逸股份有限公司,臺中市西屯區惠來里市政路500號26樓之7,20000000,1060808
2955,24587852,旭富創意生活有限公司,臺中市南屯區文心南二路392號9樓之1,5000000,1060811
2956,24589248,雲莊啤酒屋有限公司,臺中市西屯區漢翔路101號,1000000,1060802
2957,24589401,鈦笳有限公司,臺中市太平區中興里永平路二段476巷66弄10號,3000000,1060823
2958,24589900,立康展業有限公司,臺中市太平區光隆里光興路733巷99號1樓,1700000,1060824
2959,24590505,聚業資產管理有限公司,臺中市北區五權路351號2樓,10000000,1060807
2961,24591223,東海電國際有限公司,臺中市太平區新坪里育才路36號1樓,1000000,1060817
2962,24591504,食為天股份有限公司,臺中市東區新庄里復興路四段211號,13000000,1060815
2963,24591510,竑源精密工業股份有限公司,臺中市太平區成功里成功路245巷11號,12000000,1060825
2964,24592335,和園餐飲有限公司,臺中市西區五權西四街136號,1000000,1060804
2965,24593123,啟利股份有限公司,臺中市西屯區永安里國安一路117號1樓,500000,1060811
2966,24593469,東潁企業有限公司,臺中市霧峰區錦州路463巷31號,500000,1060828
2968,24593799,展盛電控股份有限公司,臺中市南區樹義里福田三街87巷9號1樓,1000000,1060803
2969,24594360,聿田企業有限公司,臺中市霧峰區五福里五福路141號,7000000,1060831
2971,24596000,景大投資股份有限公司,臺中市龍井區中沙路新庄仔巷43之22號4樓,81000000,1060821
2972,24596846,海翔貿易股份有限公司,臺中市西屯區潮洋里朝富路213號30樓之1,15000000,1060824
2973,24597465,朋隆投資股份有限公司,臺中市大雅區員林里雅環路三段大明一巷31號,5000000,1060830
2974,24597541,黃莞爾室內設計有限公司,臺中市東區東南里自強南街6巷13之4號,1500000,1060814
2975,24597937,嘉垣自行車股份有限公司,臺中市南屯區寶山里工業區二十二路40號,10000000,1060829
2976,24598648,雲新事業有限公司,臺中市大肚區蔗廍里遊園路二段74巷11號1樓,1000000,1060825
2977,24599153,四季彩國際實業股份有限公司,臺中市西屯區惠中二街38號,180000000,1060808
2978,24599837,哩里室內裝修設計有限公司,臺中市南區德富路477號1樓,1100000,1060814
2979,24600383,恆星工業有限公司,臺中市大里區大峰路473巷111號,720000,1060810
2980,24600721,秉宏開發有限公司,臺中市大里區西榮里西榮路138巷2號1樓,300000,1060807
2981,24601307,駿瞬精密科技有限公司,臺中市霧峰區中投西路二段520號,2000000,1060821
2982,24601828,誠寶資產管理有限公司,臺中市西屯區上石里青海路二段210號3樓,10000000,1060809
2983,24602116,森隆有限公司,臺中市烏日區螺潭里慶光路79之16號,1000000,1060825
2984,24602690,富盛人力仲介有限公司,臺中市潭子區興華一路422巷8號1樓,5000000,1060809
2985,24603570,東桓科技股份有限公司,臺中市南區和平里忠明南路758號21樓,1000000,1060815
2986,24603868,武之牛極品企業有限公司,臺中市南屯區豐樂里永春東路803號,3000000,1060823
2987,24603902,家富不動產經紀有限公司,臺中市南屯區三和里河南路四段439號1樓,500000,1060804
2988,24604698,秉鋐建設有限公司,臺中市大肚區沙田路一段562巷9號1樓,3000000,1060831
2989,24605606,良貴資產開發有限公司,臺中市西屯區福科路1號,10000000,1060809
2990,24606561,沛倫設計有限公司,臺中市神岡區三角里三社路53巷37號,20000000,1060801
2992,24608012,太平洋不動產經紀有限公司,臺中市豐原區豐西里中正路446號1樓,1000000,1060809
2994,24608054,鴻銳工程有限公司,臺中市梧棲區大村里文心街97號1樓,500000,1060814
2995,24608168,鋐鑫投資有限公司,臺中市南屯區新生里新富五街92號1樓,11000000,1060816
3009,24613015,禾硯科技有限公司,臺中市西屯區逢福里河南路二段262號7樓之3,1000000,1060804
3053,24632250,韋恩有限公司,臺中市北區立人里華美街二段262號5樓之2,80000,1060802
3071,24639704,宏華安全系統有限公司,臺中市北區賴旺里中清路一段880巷10號1樓,950000,1060824
3132,24669024,欣穆國際有限公司,臺中市東區十甲里東英九街101號1樓,2000000,1060818
3363,24776024,儒泰國際有限公司,臺中市北屯區舊社里北屯路390號9樓之2,2500000,1060803
3402,24794141,貝里斯商尚雍有限公司,臺中市西屯區協和里安和一街89號6樓,5000000,1060803
3433,24818951,嘉誠金屬有限公司,臺中市北屯區松強里山西路三段192號7樓之1,200000,1060808
3434,24819847,傑亮工程有限公司,臺中市南屯區豐樂里豐富路160巷9號5樓,1000000,1060829
3435,24820226,騰緯國際有限公司,臺中市北屯區環中路一段79之7號,1000000,1060803
3436,24821061,順家投資股份有限公司,臺中市西屯區惠來里市政北七路186號25樓,3000000,1060804
3437,24821077,威邦生技有限公司,臺中市西屯區臺灣大道四段847號11樓,1000000,1060828
3439,24821246,展崴科技有限公司,臺中市北區育德里大德街82巷2號1樓,2700000,1060809
3440,24821695,振維機械有限公司,臺中市大雅區西寶里昌平路四段312巷9號,900000,1060804
3442,24823841,添好運開發股份有限公司,臺中市南屯區溝墘里大墩十四街238號7樓,1000000,1060811
3443,24825192,康健上府生活科技股份有限公司,臺中市西屯區逢福里河南路二段173號1樓,21680000,1060831
3444,24825587,宥霖國際有限公司,臺中市烏日區前竹里環中路六段123號,500000,1060821
3445,24825664,五個小孩餐飲有限公司,臺中市北屯區和平里建和路二段245號,10000000,1060818
3447,24826615,英力爾貿易有限公司,臺中市清水區南社里南社路351之2號1樓,12300000,1060831
3449,24827733,台灣樂思購國際有限公司,臺中市北區立人里華美街二段262號5樓之2,120000,1060801
3450,24829795,艾美精品有限公司,臺中市南屯區同心里文心路一段48號,100000,1060825
3451,24830358,益昇智慧科技股份有限公司,臺中市北屯區文心路四段81號13樓之1,5000000,1060808
3452,24830717,帕皮斯寵物精品有限公司,臺中市西屯區上安里上明一街80號1樓,1500000,1060823
3454,24831650,三遞有限公司,臺中市西區臺灣大道二段375號11樓之3,3000000,1060830
3455,24833432,萊特和平股份有限公司,臺中市西區公正里東興路三段160號12樓之3,60000000,1060810
3456,24833926,理晟工業有限公司,臺中市烏日區五光路942號4樓之1,960000,1060818
3457,24835163,必勝國際有限公司,臺中市西區利民里民生路33號1樓,3000000,1060823
3458,24835430,鶴康屋健康事業股份有限公司,臺中市西區五權五街151號4樓之7,28000000,1060811
3459,24835804,喬禾生醫股份有限公司,臺中市太平區永平路二段476巷100弄12號1樓,10000000,1060824
3460,24837079,嘉豐國際有限公司,臺中市大肚區大東里仁德路66東1巷8弄27號1樓,600000,1060807
3461,24837177,小貓科技有限公司,臺中市北區忠太東路119號地下一層之21,2050000,1060814
3462,24837471,祐丞建設有限公司,臺中市西屯區何成里大祥街11號17樓之5,6000000,1060817
3463,24837633,隆赫行銷企業有限公司,臺中市西屯區何南里大墩二十街99號5樓,200000,1060830
3464,24838350,威普開發有限公司,臺中市西屯區西平里文華路138巷1之1號,3000000,1060828
3465,24838437,富鶴源精密機械股份有限公司,臺中市烏日區螺潭里慶光路80之30號,10000000,1060822
3466,24838871,鼎邑水電工程有限公司,臺中市外埔區土城里土城路255號1樓,1000000,1060808
3467,24839055,雷伯斯儀器有限公司,臺中市龍井區新東里遊園南路255巷1弄12號1樓,1000000,1060804
3468,24839338,森然國際設計有限公司,臺中市西屯區永安里安林路10之7號1樓,1000000,1060816
3469,24839800,旅人之家戶外休閒用品有限公司,臺中市東區東英里十全街32號1樓,2000000,1060818
3470,24840004,兆豐欣業國際開發有限公司,臺中市西屯區逢甲路225巷42號11樓之1,1000000,1060831
3471,24840095,水長流科技有限公司,臺中市北屯區和平里和祥街205巷33號,200000,1060828
3472,24840118,馥勤投資股份有限公司,臺中市北區五常街380號9樓之46,300000,1060808
3473,24840285,冠銜液壓機械有限公司,臺中市大里區仁德里光明路263號1樓,900000,1060802
3474,24840519,方成圓國際有限公司,臺中市南屯區中和里黎明路一段41號1樓,5000000,1060829
3475,24841030,馨圓餐飲有限公司,臺中市潭子區東寶里大德北路145巷8號1樓,7000000,1060831
3476,24841453,台灣生機會有限公司,臺中市北區頂厝里進化北路238號10樓之1,1000000,1060828
3477,24841496,這里餐飲有限公司,臺中市南屯區惠中里大墩12街476號,2000000,1060824
3478,24842609,金諺不動產仲介經紀有限公司,臺中市大肚區大東里沙田路二段497號1樓,500000,1060815
3479,24842679,向強應材股份有限公司,臺中市北區淡溝里民權路417號6樓之3,10000000,1060811
3480,24842903,程星科技有限公司,臺中市北屯區軍功路一段455號2樓,3000000,1060829
3481,24843109,寶喜國際有限公司,臺中市西屯區漢口路二段151號13樓之8,10000000,1060824
3483,24843641,蘭埕光點開發股份有限公司,臺中市西區民權路229巷43號,1500000,1060823
3484,24843924,宥岷國際有限公司,臺中市西屯區漢口路二段138號8樓,200000,1060804
3485,24845113,堯順行銷有限公司,臺中市太平區環中東路三段216號1樓,530000,1060818
3486,24845346,陸玖實業有限公司,臺中市龍井區新興路18之1號1樓,200000,1060801
3487,24845681,合力宏科技有限公司,臺中市西屯區何德里西屯路二段90之5號1樓,1000000,1060815
3488,24846366,日兆能源有限公司,臺中市北區金華里三民路三段266號8樓之2,50000000,1060823
3489,24846696,吉力國際實業有限公司,臺中市豐原區西勢里西安街36號3樓之2,500000,1060809
3490,24846801,陞懋通訊有限公司,臺中市北屯區平田里興安路一段299號1樓,300000,1060804
3491,24846963,維心機械有限公司,臺中市南區樹義里福田二街62號1樓,10000000,1060818
3492,24847111,吉茂聯德股份有限公司,臺中市西屯區何南里東興路三段381號2樓之4,10000000,1060809
3493,24847421,寶光實業有限公司,臺中市后里區墩東里復興街56號2樓,19000000,1060816
3494,24847506,威星企業股份有限公司,臺中市太平區大興里大興六街17號,500000,1060816
3495,24848012,合巧工業有限公司,臺中市大肚區瑞井里遊園路一段10巷3號1樓,500000,1060801
3508,24853056,立鑫金屬建材有限公司,臺中市西區大忠里大忠南街105號3樓,1000000,1060815
3537,24863385,鼎三電業工程有限公司,臺中市外埔區大同里甲后路三段995號1樓,11000000,1060809
3594,24893135,康芝寶有限公司,臺中市西屯區何明里太原路一段131號8樓之7,500000,1060818
3632,24911302,新都物業管理顧問有限公司,臺中市西屯區何厝里何厝東二街23號4樓之3,1000000,1060821
3686,24932405,臺灣三越股份有限公司,臺中市西屯區臺灣大道二段765號1樓,2700000,1060831
3773,24970006,基本文化傳播有限公司,臺中市潭子區合作街114號1樓,1200000,1060828
3791,24978823,台灣綠金家園有限公司,臺中市南屯區文山里文山三街70之3號5樓,1000000,1060804
3832,25001651,冠通精密工業股份有限公司,臺中市烏日區溪南路一段126巷395弄357號,10000000,1060823
3836,25004257,宇盛醫療器材股份有限公司,臺中市西區中興里公益路132號3樓,5000000,1060810
3837,25005137,中龍加油站股份有限公司,臺中市龍井區新庄里向上路六段650號,10000000,1060808
3839,25007304,愛戀白宮有限公司,臺中市南屯區文心路一段391號1樓,1000000,1060821
3850,25012881,達翊機械有限公司,臺中市霧峰區中正路557巷21號,20120000,1060808
3855,25020714,合靖傢俱有限公司,臺中市神岡區三角里崇德路205之1號,500000,1060828
3858,25022451,村懋建設有限公司,臺中市龍井區田中里11鄰龍北路391巷62弄5號3樓,5000000,1060829
3859,25023992,戲苑科技有限公司,臺中市北屯區豐樂路16之6號1樓,2000000,1060807
3861,25026338,德恒生醫有限公司,臺中市北區長青里陝西路49號3樓之2,1000000,1060814
3862,25026914,全創生技國際開發有限公司,臺中市南屯區大墩十二街300之1號,100000,1060810
3863,25027385,優士邁國際有限公司,臺中市西屯區大墩二十街9號5樓,5000000,1060818
3866,25029320,誠邦建設股份有限公司,臺中市南區平和里忠明南路935號3樓,25000000,1060811
3872,25035771,創意未來科技股份有限公司,臺中市北屯區舊社里北屯路426之3巷3號1樓,10000000,1060815
3876,25039994,宜瑪工具股份有限公司,臺中市神岡區中山路851巷37弄39號,33000000,1060803
3877,25041942,飛馬鑽石企業有限公司,臺中市西屯區市政北三路35號,5200000,1060829
3883,25046101,深耕發展農業股份有限公司,臺中市太平區山田路26巷5號1樓,35000000,1060802
3884,25046307,蕎煜有限公司,臺中市南屯區豐樂里文心南三路27號1樓,5000000,1060808
3898,25061637,八分室內裝修有限公司,臺中市大雅區上楓里雅楓街179巷42號1樓,1000000,1060810
3900,25062538,源溢股份有限公司,臺中市南屯區文山里精科八路38號2樓,29000000,1060803
3901,25063635,誠寶國際股份有限公司,臺中市北屯區軍榮五街227巷3弄22號1樓,5000000,1060829
3907,25070376,和盟科技有限公司,臺中市太平區太平里永豐路291巷10弄1號,1000000,1060816
3914,25074936,金自然有限公司,臺中市龍井區龍泉里龍社路43號1樓,6000000,1060803
3925,25081401,啓閤建設開發股份有限公司,臺中市大甲區順天里光明路142之1號1樓,5000000,1060821
3928,25082963,精鴻金屬股份有限公司,臺中市霧峰區吉峰里民生路198巷26弄15號,2000000,1060818
3930,25089136,涵仕國際整合行銷有限公司,臺中市龍井區忠和里工業路188巷22號,5000000,1060821
3934,25092012,京動投資有限公司,臺中市北屯區平福里大連路二段200號1樓,6000000,1060803
3941,25095377,鉦偉精密傳動股份有限公司,臺中市大里區健民里仁化路158號2樓,5000000,1060831
3958,25106347,利岡和股份有限公司,臺中市大甲區武陵里文曲路172巷12號之1,2500000,1060821
4012,25150737,安得信管理顧問有限公司,臺中市南屯區大業里大墩路924之2號,180000,1060830
4015,25153045,弘森工程有限公司,臺中市西屯區大石里皇城街82號7樓之3,200000,1060830
4016,25156401,盛源開發股份有限公司,臺中市西屯區臺灣大道三段60號13樓之1,16020000,1060807
4018,25157149,豐盛鎂合金股份有限公司,臺中市神岡區北庄里厚生路24之2號1樓,60000000,1060804
4022,25161474,金采工業有限公司,臺中市大里區樹王里樹王路435號1樓,100000,1060803
4024,25162564,心睿有限公司,臺中市南屯區楓樹里楓樹東街450之1號1樓,2000000,1060825
4025,25162868,任通技術有限公司,臺中市西區中興街233號14樓之7,5000000,1060825
4029,25164958,百越生物科技有限公司,臺中市西屯區臺灣大道四段925號6樓之9,3000000,1060817
4031,25168048,和祐投資顧問股份有限公司,臺中市西屯區上石路88號1樓,7300000,1060824
4033,25168758,東曜科技股份有限公司,臺中市南屯區文心南三路946號1樓,5000000,1060804
4034,25169335,九嘉國際有限公司,臺中市龍井區新庄里臺灣大道五段360號,10000000,1060817
4035,25170086,御網電子商務科技股份有限公司,臺中市東區東門里旱溪西路一段223號,5000000,1060801
4041,25177068,兆閎工業有限公司,臺中市新社區中正里中和街五段105號1樓,10000000,1060826
4045,25182225,波特多科技有限公司,臺中市南屯區文山里保安三街2之2號2樓,2000000,1060816
4048,25184286,台灣矽研股份有限公司,臺中市南屯區東興西街50號1樓,10000000,1060824
4056,25191771,安吉富有限公司,臺中市西區博館路117號3樓之1,3000000,1060822
4057,25192429,德加美生醫股份有限公司,臺中市南屯區國光路7巷14號1樓,1000000,1060815
4058,25192820,台灣美百事業有限公司,臺中市潭子區頭家里16鄰頭家路150號1樓,7600000,1060814
4062,25194030,葛洛伯時有限公司,臺中市南屯區向上路三段33號4樓,5000000,1060815
4068,25199252,豐悅企業有限公司,臺中市北屯區舊社里松竹五路一段312號1樓,10000000,1060811
4105,27260056,龍潘有限公司,臺中市烏日區五光里五光路318巷8號,500000,1060815
4111,27267332,優醫股份有限公司,臺中市西屯區福恩里工業區一路68號5樓之2,7000000,1060802
4116,27271461,鹽之華有限公司,臺中市西屯區潮洋里市政路581之1號,10000000,1060830
4119,27275570,馥琳生化科技有限公司,臺中市西區公益路91號2樓,2000000,1060830
4124,27282489,瑞揚投資股份有限公司,臺中市西區美村路1段41號2樓,3000000,1060803
4128,27288651,政庭精密科技股份有限公司,臺中市大里區成功路57巷26弄36號1樓,1000000,1060828
4129,27292368,祐麒建設有限公司,臺中市豐原區南陽里永康路95號1樓,5000000,1060829
4137,27301319,大漢財盛汽車修配有限公司,臺中市西區吉龍里五權路1之15號1樓,3000000,1060830
4145,27310318,太安可服飾事業股份有限公司,臺中市清水區民治三街128之1號,22000000,1060808
4211,27370883,立桀機械股份有限公司,臺中市大里區工業十路22號,10000000,1060809
4215,27379131,亞比斯環保科技有限公司,臺中市北屯區經貿一路28號,1000000,1060831
4222,27383178,誼楷有限公司,臺中市太平區太平一街90號1樓,1000000,1060823
4223,27384346,安達國際運通有限公司,臺中市西屯區協和里工業區三十八路162號3樓之3,1000000,1060819
4229,27392866,領航保險經紀人股份有限公司,臺中市西屯區惠來里6鄰市政路500號9樓之8,3000000,1060821
4231,27393366,富泉純水有限公司,臺中市大里區西榮里西榮路83號1樓,5000000,1060807
4239,27405588,佳陞科技有限公司,臺中市西屯區協和里工業區六路20號,20000000,1060804
4240,27405715,大屯加油站股份有限公司,臺中市霧峰區五福里環河路一段628號,20000000,1060816
4247,27408924,鋐昇冷凍科技有限公司,臺中市北屯區豐樂路60-1號1樓,10000000,1060816
4249,27411168,導航電有限公司,臺中市烏日區溪南路一段715巷20號1樓,1000000,1060825
4253,27413567,信承科技有限公司,臺中市北屯區軍功里環中東路一段1618號1樓,2000000,1060824
4254,27414046,捷司特國際股份有限公司,臺中市西屯區潮洋里市政北二路238號29樓之5,80000000,1060821
4277,27442731,紅邦廚具有限公司,臺中市北屯區平德路27號1樓,3000000,1060802
4286,27451273,堡勝工程有限公司,臺中市烏日區五光路805巷26弄15號1樓,3000000,1060817
4292,27458389,永峻國際開發有限公司,臺中市北區頂厝里崇德路一段629號19樓之2,5000000,1060810
4297,27466070,台灣真空龍國際科技股份有限公司,臺中市西區公益路161號13樓之7、8、9,5000000,1060822
4298,27466233,觀錦達文化事業有限公司,臺中市北屯區松竹五路二段72號1樓,5000000,1060814
4300,27470237,洸曜室內裝修有限公司,臺中市北屯區崇德路二段306號1樓,1000000,1060822
4306,27474640,星歐光學股份有限公司,臺中市南屯區工業區23路14號2樓,1000000000,1060811
4313,27481327,金和興國際有限公司,臺中市北區太原三街22號1樓,8000000,1060804
4315,27483465,昱順生物科技股份有限公司,臺中市大雅區二和里雅潭路四段660號7樓之2,5000000,1060823
4319,27489046,騰揚企業有限公司,臺中市大里區新仁里仁三街27號,1000000,1060803
4321,27490944,獨大科技有限公司,臺中市西屯區協和里工業區三路26號,60000000,1060829
4323,27495125,超音音響有限公司,臺中市南區崇倫里忠明南路731號1樓,2500000,1060825
4326,27501409,駿崙生物科技有限公司,臺中市龍井區新東里臺灣大道五段23之8號2樓,500000,1060811
4332,27512291,均豐科技精機有限公司,臺中市大里區德芳路一段82巷48號,2500000,1060822
4335,27517583,協昌機械有限公司,臺中市大里區永隆里永隆路５９１巷１１號１樓,5000000,1060819
4399,27571354,政欣科技有限公司,臺中市西屯區何成里大容東一街25號4樓,3000000,1060807
4409,27583582,吉軒坊有限公司,臺中市太平區光興路763號1樓,1000000,1060816
4423,27601913,橙的電子股份有限公司,臺中市大雅區科雅路29號5樓,213749000,1060829
4424,27602949,鈞元建設股份有限公司,臺中市南區三民西路238之1號,25000000,1060801
4426,27604931,丞泰進出口有限公司,臺中市西屯區惠來里市政路500號15樓之6,3000000,1060831
4429,27611150,翔茆企業股份有限公司,臺中市西屯區福聯里東海街62號1樓,5000000,1060808
4437,27617871,昕禾食品股份有限公司,臺中市西屯區福林里福康路48號,5000000,1060802
4444,27630570,詠勝機械工業有限公司,臺中市太平區宜昌東路160巷12號1樓,6000000,1060802
4445,27631493,煜瑋貿易股份有限公司,臺中市北區中清路一段79號5樓,12000000,1060830
4450,27636259,元大河機械企業有限公司,臺中市西屯區大河一巷1之1號1樓,1000000,1060816
4468,27659978,杏霖藥業股份有限公司,臺中市北屯區平興里北屯路360號18樓,8000000,1060829
4470,27663749,冠郡實業有限公司,臺中市大里區仁德里仁祥街27號1樓,5000000,1060802
4472,27665922,昱榮貿易有限公司,臺中市北區健行里健行路766巷32號1樓,5000000,1060823
4475,27668863,正旭汽車材料有限公司,臺中市豐原區大湳里三豐路一段153號1樓,1000000,1060830
4519,27716339,康瑞特生技股份有限公司,臺中市北區健行里忠明路424地下1層之2號,1000000,1060808
4578,27773366,印比雅實業股份有限公司,臺中市西屯區工業區三十六路30號,5000000,1060823
4583,27778279,沛群貿易有限公司,臺中市豐原區田心里圓環東路126巷12號,20000000,1060809
4590,27786290,基鈿工業股份有限公司,臺中市大甲區江南里東西八路一段111號,2000000,1060801
4592,27789563,上宇精密股份有限公司,臺中市太平區中興里永義二街61巷9號2樓,7000000,1060803
4594,27790724,仲凱雷射有限公司,臺中市大里區中興路一段26巷20號1樓,38000000,1060809
4599,27794329,林之林科技股份有限公司,臺中市大雅區二和里雅潭路四段375號,51900000,1060828
4604,27803354,豐澤管理股份有限公司,臺中市北區北屯路26號5樓之12,10000000,1060831
4608,27807226,傑媛企業股份有限公司,臺中市大里區國光里中興路二段85號,2000000,1060807
4610,27810192,特許企業有限公司,臺中市太平區太平里永豐路291巷3號,5000000,1060815
4613,27813536,先進國際資訊有限公司,臺中市大雅區二和里雅潭路四段572號1樓,900000,1060810
4621,27824597,威泰展業股份有限公司,臺中市南屯區五權西路三段171號2樓,20000000,1060821
4622,27824843,寶德人力資源顧問有限公司,臺中市梧棲區自強三街33號1樓,15000000,1060810
4626,27828502,健鼎上光股份有限公司,臺中市西屯區協和里工業區34路21號,26525000,1060811
4628,27831204,富一科技有限公司,臺中市神岡區庄前里神林路70巷27號,5000000,1060825
4631,27836411,欣鍠機械工業股份有限公司,臺中市神岡區豐洲里豐洲路412-11號1樓,10000000,1060818
4632,27837853,隼澤企業有限公司,臺中市霧峰區育群路115號1樓,28000000,1060823
4633,27838543,胤吉有限公司,臺中市北區錦平里中華路二段173巷65號1樓,5000000,1060807
4638,27845072,銳勝國際股份有限公司,臺中市潭子區潭秀里北環路3號3樓,40000000,1060817
4642,27850270,建科科技有限公司,臺中市南區福平里美村路二段106巷21弄5號1樓,12500000,1060807
4653,27859069,建翔富實業股份有限公司,臺中市西屯區逢甲里西屯路二段256巷6號21樓之3,10000000,1060823
4669,27874619,千秋事業有限公司,臺中市西區臺灣大道二段16號17樓之2,3000000,1060821
4670,27877123,長鋐鮮花股份有限公司,臺中市西屯區港尾里中康街199號1樓,4000000,1060817
4684,27890189,尚立租賃股份有限公司,臺中市西屯區何安里文心路三段179號,52000000,1060818
4686,27892601,安心人力仲介股份有限公司,臺中市西屯區福和里福安三街23之5號,7000000,1060821
4688,27894523,華村環保股份有限公司,臺中市西屯區工業區37路28之2號,12000000,1060817
4690,27898534,煜可有限公司,臺中市北屯區后庄里中清路112之88號,1000000,1060814
4693,27901828,炘嶸股份有限公司,臺中市北屯區陳平里陳平路11巷22號1樓,1000000,1060807
4704,27914318,中聚國際開發有限公司,臺中市北區頂厝里漢口路四段367號5樓,2000000,1060811
4743,27969946,積達實業有限公司,臺中市北屯區昌平路一段95之8號8樓之1,500000,1060817
4783,28015378,德遠開發有限公司,臺中市西屯區協和里安和一街89號6樓,9000000,1060802
4787,28021076,國躍工業有限公司,臺中市大肚區新興里沙田路二段308巷14號,20000000,1060818
4788,28022080,毅銓工業有限公司,臺中市太平區東平路777巷15號1樓,10000000,1060810
4802,28042425,理仁建設股份有限公司,臺中市西屯區協和里安和一街89號3樓,30000000,1060802
4806,28046105,格源企業有限公司,臺中市北屯區四平路414號1樓,5000000,1060814
4815,28052725,安興保全股份有限公司,臺中市北區中清路一段369號8樓之2,40000000,1060815
4818,28059255,祐傑資訊科技有限公司,臺中市西屯區何源里河南路一段28號,1000000,1060808
4819,28059641,天下生物科技股份有限公司,臺中市大甲區日南里工九路9號,5000000,1060803
4821,28064779,九銅有限公司,臺中市沙鹿區埔子里屏西路古月東巷37號,1000000,1060814
4828,28074565,百姜企業有限公司,臺中市南區高工南路86號1樓,500000,1060831
4832,28078957,鍵麟鴻科技有限公司,臺中市太平區永成里太平七街83號,5000000,1060814
4836,28083184,森合精機股份有限公司,臺中市沙鹿區北勢里北中二街43號1樓,29000000,1060808
4837,28083889,科利達科技企業股份有限公司,臺中市南區樹義路75號2樓,10000000,1060816
4840,28087251,午資開發股份有限公司,臺中市西區綠川西街2之7號3樓,1940000000,1060823
4847,28095581,盛和興工程有限公司,臺中市太平區新坪里新平路3段269巷23號,5000000,1060822
4848,28096667,東旺鋼鐵有限公司,臺中市太平區光華里大興路511號,2000000,1060804
4851,28098150,世界服務有限公司,臺中市西屯區府會園道179號3樓,2000000,1060808
4853,28101084,斯坦德企業有限公司,臺中市大雅區四德里中清路三段708號,6000000,1060809
4854,28102540,全酉股份有限公司,臺中市潭子區潭秀里中山路二段607號,19880000,1060829
4855,28106623,天機通信有限公司,臺中市北區中清路一段383號1樓,8000000,1060807
4856,28109282,水舞美學藝術國際有限公司,臺中市西區土庫里五權西六街52號1樓,2000000,1060802
4871,28122193,御創間堂有限公司,臺中市北屯區水景里東山路一段192之31號4樓之2,1000000,1060831
4874,28125071,峰易科技工業有限公司,臺中市大甲區西岐里如意路37巷13號1樓,500000,1060831
4881,28129560,千葉塑膠有限公司,臺中市沙鹿區國昌五街1號,1000000,1060807
4882,28129956,會眾國際有限公司,臺中市潭子區興華一路289巷5號1樓,500000,1060803
4899,28159698,皓威電訊有限公司,臺中市豐原區西湳里三豐路二段89巷110弄9號1樓,13000000,1060831
4900,28163118,運通工程有限公司,臺中市西屯區何成里大容西街51號3樓之2,5000000,1060811
4902,28166348,統領餐飲股份有限公司,臺中市北屯區瀋陽路二段143號,5000000,1060810
4918,28188975,東亮興業有限公司,臺中市南屯區向心里南屯路二段207之12號9樓,1000000,1060804
4934,28198072,華聯國際商務股份有限公司,臺中市西區民龍里臺灣大道二段307號25樓,5000000,1060830
4965,28218057,博鑫國際企業有限公司,臺中市北屯區和祥街252號,5000000,1060802
4979,28227197,台通科技股份有限公司,臺中市大里區金城里塗城路852巷16之4號,318000000,1060802
4998,28311949,程翔塑膠股份有限公司,臺中市烏日區五光里環中路七段168之1號,5000000,1060824
4999,28312285,廣泰不動產有限公司,臺中市豐原區圓環東路61號1樓,500000,1060818
5004,28316445,德碩公寓大廈管理維護股份有限公司,臺中市西屯區協和里安和一街89號2樓,10000000,1060803
5008,28320264,京貿交通股份有限公司,臺中市梧棲區興農里中華路一段762巷5號1樓,30000000,1060801
5010,28324199,川本國際包裝有限公司,臺中市南屯區楓樹里永春東二路5號,20000000,1060829
5019,28332177,台灣彩藝國際事業股份有限公司,臺中市南區南門里合作街301巷7號1樓,10000000,1060825
5023,28337146,慶翎股份有限公司,臺中市西屯區何成里大墩二十街96號10樓之2,1000000,1060829
5028,28349677,安慶科技有限公司,臺中市豐原區中陽里中陽路143號2樓,5000000,1060803
5030,28352321,石恒科技股份有限公司,臺中市豐原區南嵩里水源路147號,129000000,1060801
5035,28356804,靖昌科技有限公司,臺中市神岡區北庄里林厝路39之5號,3000000,1060807
5037,28363354,中歆企業有限公司,臺中市南屯區惠中里惠文路363號1樓,66000000,1060810
5038,28364537,創意實踐家企業有限公司,臺中市西屯區逢甲里西屯路二段256巷6號16樓之3,5000000,1060829
5046,28370067,福泰圓有限公司,臺中市豐原區西湳里三豐路二段229巷40號,500000,1060822
5049,28372298,鎧銘小客車租賃有限公司,臺中市大雅區六寶里中清路四段600巷9號1樓,5000000,1060817
5052,28377603,山貿科技有限公司,臺中市潭子區大豐路三段119巷8號1樓,20000000,1060808
5054,28383056,三市儀器有限公司,臺中市西區華美街75號1樓,4000000,1060803
5059,28390850,鋐德開發股份有限公司,臺中市太平區宜欣里溪洲路199號,5000000,1060829
5060,28391056,英格莉國際開發股份有限公司,臺中市西屯區上安路295號3樓,322900000,1060802
5062,28392891,易世股份有限公司,臺中市西區公正里向上南路一段166之8號,6857700,1060810
5064,28394568,威爾登國際貿易有限公司,臺中市大雅區員林里大林路195巷6號,6000000,1060803
5070,28401738,新昌複合材料股份有限公司,臺中市太平區光興路770號,32238000,1060815
5075,28404799,威泰醫療器材股份有限公司,臺中市西屯區臺灣大道四段771號9樓,20000000,1060830
5077,28405615,農富生技股份有限公司,臺中市西屯區福雅里西屯路三段157巷18號1樓,5000000,1060809
5079,28406375,鉅興鋁業有限公司,臺中市大雅區三和里春亭一街17號,21000000,1060804
5120,28463804,尊榮實業股份有限公司,臺中市北區明德里忠明路343號1樓,10000000,1060821
5127,28468168,沐方室內裝修設計有限公司,臺中市北屯區松強里山西路三段200號1樓,500000,1060831
5172,28498819,佶詮物業管理有限公司,臺中市潭子區頭家里得福街105號,5000000,1060804
5174,28499063,豐金營造有限公司,臺中市大里區新里里愛心三街7號1樓,7000000,1060823
5186,28518890,三杰品質驗證股份有限公司,臺中市烏日區三和里環河路四段256號1樓,20000000,1060810
5190,28524339,億泓工業股份有限公司,臺中市大里區國光路一段206之5號,3000000,1060823
5191,28526603,臣浬投資有限公司,臺中市太平區中山路一段376巷24號1樓,1000000,1060809
5195,28533301,成聯國際股份有限公司,臺中市西屯區協和里安和一街89號4樓,9000000,1060802
5200,28539446,蒲菲科技有限公司,臺中市大甲區頂店里大智街169號1樓,5000000,1060807
5206,28542385,名峻國際股份有限公司,臺中市大雅區員林里雅環路三段大明一巷31號1樓,5000000,1060830
5209,28548557,分享多媒體整合行銷有限公司,臺中市西區忠誠里臺灣大道二段528號4樓,1000000,1060815
5212,28550758,巨勝興業有限公司,臺中市大里區仁化里仁愛路118巷3號7樓,3000000,1060828
5213,28551285,大宇山國際貿易有限公司,臺中市霧峰區吉峰里錦州路312巷5號1樓,3000000,1060815
5218,28555114,寶鯨建設股份有限公司,臺中市西屯區逢福里河南路二段262號11樓之12 ,43000000,1060818
5220,28556063,宥廷工程有限公司,臺中市北區錦洲里國泰街91號2樓,6000000,1060823
5222,28560088,燁盛泰有限公司,臺中市沙鹿區正德路200巷24弄2號1樓,500000,1060804
5224,28561262,夫妻企業有限公司,臺中市烏日區榮泉里榮和路125號1樓,10000000,1060803
5225,28561283,鼎泰峰石業股份有限公司,臺中市南屯區惠中里大墩十街262號20樓之2,3000000,1060801
5231,28570993,捷鑫貿易有限公司,臺中市西屯區福雅里福雅路128巷37號,5000000,1060829
5233,28574442,詳霆企業有限公司,臺中市北屯區平心里旅順路二段164號1樓,1000000,1060822
5238,28580943,玖川冷凍水產有限公司,臺中市北區立人里華美街二段262號5樓之3,12000000,1060823
5240,28583358,珈神生技有限公司,臺中市神岡區溪洲里福民路43號,500000,1060824
5241,28585980,碳基科技股份有限公司,臺中市大雅區科雅路30號3樓,138000000,1060810
5243,28588348,高質世界有限公司,臺中市西屯區東興路三段418號1樓,1000000,1060811
5289,28634835,振佑開發有限公司,臺中市梧棲區草湳里臺灣大道9段435號,1000000,1060829
5292,28637349,邑承裝潢股份有限公司,臺中市北屯區松安里崇德六路１段２７號,1500000,1060803
5294,28639331,昱展科技有限公司,臺中市南屯區春社里忠勇路12之1之2號1樓,3600000,1060807
5298,28643784,沛美生醫科技股份有限公司,臺中市大里區仁化路361號,67000000,1060803
5304,28652116,茂益紙業有限公司,臺中市大里區西湖里草湖路217號,600000,1060825
5306,28655367,信竑機車有限公司,臺中市西屯區福和里臺灣大道四段675、677、679號,7600000,1060801
5310,28657457,牧鄉食品有限公司,臺中市大雅區二和里雅潭路四段418號1樓,3000000,1060829
5311,28657576,菲奧莉娜有限公司,臺中市北區賴興里文心路四段200號9樓之6,5000000,1060809
5314,28658060,盈德切削科技有限公司,臺中市太平區永平里大智街33號6樓,1000000,1060801
5315,28659672,群策股份有限公司,臺中市南區樹義里文心南路901巷13號15樓之3,160000000,1060804
5321,28666809,合鴻國際有限公司,臺中市北屯區水湳里文心路四段83號9樓之2,5000000,1060807
5323,28667878,俊贊科技有限公司,臺中市烏日區螺潭里溪南路二段321巷6號,500000,1060817
5385,28726905,安飛設計有限公司,臺中市潭子區東寶里民族路一段27-1號,1000000,1060803
5386,28727361,思邦科技股份有限公司,臺中市北區進化北路238號14樓之3,10000000,1060828
5391,28731908,揚彭塑膠製品股份有限公司,臺中市清水區武鹿里中央路54之6號,5500000,1060807
5395,28735926,順捷營造有限公司,臺中市霧峰區峰谷路47號1樓,50000000,1060814
5403,28745488,能新投資股份有限公司,臺中市南屯區三和里惠中路三段10號5樓,5500000,1060807
5410,28752972,創勝有限公司,臺中市西區臺灣大道二段476號,500000,1060822
5413,28754275,金璽投資股份有限公司,臺中市西區公平里忠明南路110號3樓之1,160000000,1060816
5414,28755387,茵必盛有限公司,臺中市清水區中社里鎮政路97號2樓,5000000,1060811
5415,28755871,台灣達富汽車有限公司,臺中市西屯區福聯里臺灣大道五段224號,5000000,1060829
5417,28756463,昆富投資有限公司,臺中市太平區新平路一段35巷70弄1號1樓,62963000,1060817
5421,28765081,九聯投資股份有限公司,臺中市西屯區協和里安和一街89號6樓,30000000,1060803
5431,28773414,政銓興業有限公司,臺中市梧棲區永寧里中央路一段147號,2500000,1060823
5432,28775412,鐿叡精機有限公司,臺中市西屯區順和二街29之1號1樓,1000000,1060815
5435,28778071,歐漾國際貿易有限公司,臺中市南屯區公益路二段51號14樓,15300000,1060802
5438,28779212,嘉美開發食品器具有限公司,臺中市西屯區何安里洛陽南街39號1樓,1000000,1060821
5443,28785452,艾思科技股份有限公司,臺中市潭子區潭子街三段公廳巷69號3樓,22000000,1060814
5447,28790429,田豐空油壓有限公司,臺中市大里區西湖里景庄街202巷31號,2000000,1060828
5461,28805675,品業食品企業有限公司,臺中市大里區仁德里仁禮街36號,7000000,1060829
5473,28815435,大詮國際開發有限公司,臺中市西區藍興里自由路一段28之5號1樓,3000000,1060807
5497,28832552,中央智庫投資股份有限公司,臺中市北屯區平安里文心路四段696號16樓之1,123050000,1060808
5530,28864815,金豐聯運股份有限公司,臺中市北區忠明路424號6樓之1,12000000,1060824
5543,28880272,基信科技股份有限公司,臺中市西屯區青海路二段153號13樓之8,6000000,1060808
5544,28880884,沃德企業股份有限公司,臺中市北屯區水湳里文心路四段81號5樓之1,15000000,1060803
5558,28896892,昆聚投資有限公司,臺中市太平區新平路一段35巷70弄1號1樓,41835000,1060817
5563,28904345,寶慶開發股份有限公司,臺中市西屯區台灣大道四段600號10樓,200000000,1060809
5566,28906940,妙得可國際事業有限公司,臺中市烏日區九德里興祥街214號1樓,500000,1060814
5570,28909550,玖金有限公司,臺中市烏日區仁德里中山路1段369巷41號,500000,1060802
5575,28919585,凱立克企業股份有限公司,臺中市南屯區大墩四街70號,1000000,1060824
5583,28924617,億嶸科技股份有限公司,臺中市北屯區祥順七街17號2樓,50000000,1060824
5609,28947581,弘鈺工程有限公司,臺中市龍井區東海里14鄰東海街186號1樓,28000000,1060816
5610,28948673,勤和國際開發有限公司,臺中市西屯區廣福里廣福路180巷7之26號1樓,5000000,1060811
5611,28951304,盛鼎開發有限公司,臺中市南屯區惠中里惠文路536號4樓,12000000,1060801
5616,28958469,宏一工程有限公司,臺中市烏日區中華路203巷22弄13號1樓,1000000,1060815
5624,28962490,珍鼎記茶飲股份有限公司,臺中市北區立仁里16鄰陜西二街7號,25000000,1060802
5625,28962674,進化開發股份有限公司,臺中市西屯區西安街277巷6之3號2樓,12000000,1060817
5626,28962935,福爾摩沙港灣工程有限公司,臺中市大甲區武曲里大安港路152號,10000000,1060816
5628,28968017,廣裕汽車股份有限公司,臺中市北屯區松竹路一段901號,4790000,1060803
5631,28969986,創育科學有限公司,臺中市南屯區三厝里河南路四段463號1樓,500000,1060810
5633,28973898,新加坡商尼爾生物科技有限公司,臺中市北區頂厝里崇德路一段629號19樓之2,1229250,1060821
5656,29011152,禾鑫高科股份有限公司,臺中市西屯區中工二路19號2樓,15000000,1060809
5757,29086651,碩大整合設計行銷有限公司,臺中市北屯區和平里軍福九路322號1樓,1000000,1060807
5767,29094287,牧口環保科技有限公司,臺中市北屯區松勇里松竹路二段86巷68弄5號1樓,1000000,1060802
5770,29095482,竪立企業管理顧問有限公司,臺中市霧峰區德泰街51號1樓,5000000,1060807
5772,29098489,台灣財產保險代理人股份有限公司,臺中市北區文莊里中清路一段89號5樓之6,3000000,1060801
5783,29107728,聚興工業有限公司,臺中市東區振興路437巷58號1樓,500000,1060801
5792,29113067,金展精密科技工業股份有限公司,臺中市烏日區東園里溪南路一段460巷221號,38500000,1060817
5793,29113685,正宗龍口粉絲有限公司,臺中市太平區育仁路67號5樓,3000000,1060816
5794,29115234,敞居室內裝修有限公司,臺中市北區建興里學士路236巷5號及7號1樓,3000000,1060802
5798,29124825,艾美有限公司,臺中市大里區新里里德芳路二段11號1樓,3500000,1060801
5859,29182893,大鴻先進科技股份有限公司,臺中市后里區后科南路88-1號,600000000,1060817
5881,30899261,成霖企業股份有限公司,臺中市潭子區潭秀里建國路22號,3631689680,1060816
5892,30950745,衛達化學製藥股份有限公司,臺中市南屯區寶山里工業區23路21號,180000000,1060823
5895,30984421,世朗貿易股份有限公司,臺中市神岡區社南里社南街5巷62號,5000000,1060823
5902,31143480,元冠真空興業股份有限公司,臺中市梧棲區草湳里自立一街200號,23000000,1060807
5924,33259508,國光生物科技股份有限公司,臺中市潭子區潭興路1段3號,2376842050,1060830
6207,42617739,輝動系統有限公司,臺中市中區綠川東街32號9樓之5,1400000,1060818
6338,42660496,奧弗愛帛有限公司,臺中市西區忠明里忠誠街91號1樓,3000000,1060824
6339,42661262,穩聖精密有限公司,臺中市神岡區北庄里溝心路26之6號,5000000,1060823
6340,42661349,空海崇德有限公司,臺中市北屯區平德里崇德路二段61號,1000000,1060809
6341,42662570,香萃生技有限公司,臺中市中區綠川里臺灣大道一段79號7樓,1000000,1060830
6342,42662585,可翔營造有限公司,臺中市南區樹義里福田二街395號1樓,3000000,1060830
6343,42663542,誠杏醫藥生技有限公司,臺中市西屯區大福里長安路二段213號1樓,500000,1060814
6344,42663607,富太科技有限公司,臺中市北區頂厝里崇德路一段629號19樓之2,2000000,1060824
6346,42664021,豐盛管理顧問股份有限公司,臺中市南屯區楓樹里楓和路701號2樓,26000000,1060809
6347,42664325,盛騰商貿企業有限公司,臺中市太平區樹孝路433巷7號1樓,3000000,1060821
6348,42664562,宸健實業有限公司,臺中市沙鹿區鹿峰里錦衣街47號1樓,1000000,1060824
6349,42664726,程順興業有限公司,臺中市大安區松雅里大安港路728號1樓,300000,1060801
6350,42666098,金瑞晶國際股份有限公司,臺中市神岡區社南里中山路801之2號,79000000,1060825
6351,42666745,地鑫工程有限公司,臺中市大里區長榮里德芳南一街128號1樓,1500000,1060830
6352,42667625,采縈有限公司,臺中市北屯區北屯里漢口路五段178號1樓,4500000,1060814
6353,42668265,鼎皇有限公司,臺中市北區中清路一段131號1樓,3000000,1060818
6355,42669010,全民機車有限公司,臺中市南區崇倫里忠明南路600號1樓,1000000,1060801
6356,42669124,華麗美學有限公司,臺中市西屯區西安里福星路126號2樓,500000,1060808
6357,42669187,義萬國際有限公司,臺中市西區五權五街151號9樓之4,450000,1060828
6358,42669503,富利友投資顧問有限公司,臺中市西區公館里五權西二街150號1樓,3000000,1060815
6359,42669898,好萊塢之星有限公司,臺中市南區新榮里學府路168巷5號6樓之9,15010000,1060831
6360,42670939,莆泉生物科技有限公司,臺中市太平區新高里環中東路三段788號二樓,1000000,1060822
6362,42672612,鑫源通汽車有限公司,臺中市神岡區三角里崇德路19號,1088000,1060814
6364,42674225,收藏有限公司,臺中市烏日區榮泉里19鄰健行路131號,500000,1060807
6365,42674914,振荃室內裝修工程有限公司,臺中市北屯區崇興路一段38號1樓,2000000,1060803
6366,42675934,宜家服務股份有限公司,臺中市南屯區大墩二街14號1樓,31000000,1060808
6367,42676379,千司樂國際有限公司,臺中市北區崇德路一段629號14樓之3,1000000,1060801
6368,42676878,衡山國際心靈文化事業有限公司,臺中市北區頂厝里崇德路一段631號3樓之2,500000,1060822
6369,42677010,皇潮鼎宴股份有限公司,臺中市南屯區大同里東興路二段186號4樓之4,300000000,1060830
6370,42677074,大展精密工業有限公司,臺中市太平區建興里鵬儀路342巷6弄6號1樓,6000000,1060807
6371,42677665,中豪有限公司,臺中市南區崇倫里忠明南路730巷29號1樓,500000,1060807
6372,42677905,聯讚精密股份有限公司,臺中市北屯區軍功路二段391號,85000000,1060830
6373,42677975,詳富科技股份有限公司,臺中市西屯區至善里黎明路三段28巷32號1樓,3000000,1060801
6374,42678094,星銀有限公司,臺中市北屯區大德里雷中街18巷3號4樓之2,500000,1060804
6376,42678600,百宴社有限公司,臺中市西區中美街84號1樓,30175000,1060809
6377,42678756,上鑫精密工業有限公司,臺中市北屯區松和里崇德六路一段250號1樓,1000000,1060830
6378,42679636,浤毅科技有限公司,臺中市神岡區溪洲里李洲路8號,1500000,1060808
6379,42680182,亨隆地產股份有限公司,臺中市北屯區文心路四段65號13樓之1,5000000,1060801
6380,42680248,權龍營造有限公司,臺中市沙鹿區鹿峰里中清路八段360號1樓,6000000,1060807
6381,42680330,騰雲投資股份有限公司,臺中市西屯區潮洋里朝富路213號27樓之2,40000000,1060828
6382,42680922,臺機農股份有限公司,臺中市東勢區東新里新豐街116號1樓,2100000,1060804
6383,42682098,采依國際服飾有限公司,臺中市豐原區東湳里三豐路二段20巷205弄43號,2000000,1060828
6384,42682148,大盛鑫開發實業有限公司,臺中市西屯區逢甲里西屯路二段256巷6號4樓之8,300000,1060821
6386,42682246,玖伍酒業有限公司,臺中市西區平和里中華路一段25號3樓,1000000,1060802
6387,42682436,恩頌有限公司,臺中市霧峰區坑口里復興六街21號,6000000,1060810
6388,42683293,鉅元科技有限公司,臺中市南屯區惠中里大英街341號1樓,500000,1060814
6389,42683478,利河伯開發建設股份有限公司,臺中市西區公舘里永安街105號1樓,11000000,1060801
6390,42684259,好夢旅店有限公司,臺中市西屯區河南路二段311、313、315號,28000000,1060821
6391,42685068,頂尖數位國際股份有限公司,臺中市西區臺灣大道二段186號4樓之2,10000000,1060803
6392,42685193,新鴻水電工程有限公司,臺中市龍井區東海里遠東街143巷1弄10號1樓,500000,1060815
6393,42685200,鑫鴻展有限公司,臺中市烏日區溪南路一段197巷31弄25號1樓,1000000,1060823
6394,42685594,捷紳有限公司,臺中市西區公舘里三民西路116巷13號1樓,100000,1060815
6395,42685671,諾斯達遊艇事業股份有限公司,臺中市南區工學五街122之3號1樓,5000000,1060804
6397,42686046,蕎億營造有限公司,臺中市南屯區文心南三路27號1樓,3000000,1060818
6398,42686138,邦睿生技股份有限公司,臺中市大里區工業九路118號4樓,11786000,1060829
6400,42686762,立輻有限公司,臺中市太平區中山路一段322巷34弄7號,2000000,1060815
6401,42686876,日馬自動車有限公司,臺中市南屯區環中路四段395號,2000000,1060811
6402,42687501,凱燁不動產開發有限公司,臺中市西屯區臺灣大道二段847號1樓,1000000,1060828
6403,42687994,憲賣國際股份有限公司,臺中市北屯區平安里熱河路二段128號,500000,1060807
6404,42689206,泳鎵科技工程有限公司,臺中市西區民龍里臺灣大道二段307號6樓之1,11889900,1060815
6405,42689873,敏巧室內裝修有限公司,臺中市潭子區潭陽里大智街18號1樓,5000000,1060818
6406,42690077,護健國際開發股份有限公司,臺中市西屯區何福里漢口路二段136之5號,25000000,1060821
6410,42693763,晉研科技有限公司,臺中市東區東英里東英路606號2樓,5000000,1060824
6412,42694952,香緹有限公司,臺中市北屯區平順里昌平路一段388號7樓之2,300000,1060814
6415,42697418,硬骨設計股份有限公司,臺中市霧峰區本堂里民生路45號1樓,1500000,1060821
6556,42786967,合豐饌餐飲股份有限公司,臺中市西屯區國安一路168號地下1樓之3,20000000,1060823
6740,42866357,永晶科技有限公司,臺中市北區明德里忠明路325號3樓之1,1000000,1060807
6756,42871318,暢遊旅行社有限公司,臺中市西區忠明里博館路117號4樓之2,6000000,1060811
6757,42871345,民之天實業股份有限公司,臺中市西區昇平里民生路485號1樓,1330000,1060829
6758,42871719,圓心不動產開發有限公司,臺中市北屯區水景里太原路三段739號,1000000,1060818
6759,42871942,群創精密有限公司,臺中市大里區東明路347號3樓,2000000,1060821
6760,42872055,尚鼎醫材有限公司,臺中市大里區東湖里仁化路1095巷1號,1000000,1060815
6761,42872392,大台中戶外休閒有限公司,臺中市沙鹿區清泉里東海路89號1樓,2000000,1060829
6762,42875031,良益冷凍食品有限公司,臺中市霧峰區南柳里中正路449號1樓,4000000,1060801
6763,42875270,安承國際有限公司,臺中市南區工學北路153號3樓之2,1200000,1060818
6764,42875362,富裕佳投資有限公司,臺中市北屯區文心路四段83號9樓之2,28000000,1060830
6765,42875784,永勝租賃有限公司,臺中市南區和平里忠明南路758號12樓,1000000,1060819
6766,42875840,百岳興業股份有限公司,臺中市南區樹義里樹義六巷5之6號2樓,30000000,1060829
6767,42875877,微菌方舟生物科技股份有限公司,臺中市西屯區台灣大道四段771號10樓,20000000,1060829
6768,42876073,緯智數位科技有限公司,臺中市西屯區臺灣大道四段847號12樓,2000000,1060802
6769,42876313,六藝資訊有限公司,臺中市大里區中興路二段392之1號1樓,100000,1060830
6770,42876708,聯合租賃有限公司,臺中市西區双龍里模範街1巷22號1樓,500000,1060802
6771,42877967,鑫曜精密有限公司,臺中市東勢區下城里1鄰上城街197號,1000000,1060809
6772,42878298,俊源汽車企業有限公司,臺中市大里區大元里內元路160號,310000,1060831
6773,42879509,泳碩科技有限公司,臺中市西區民龍里文化街156號地下層之2,1000000,1060816
6774,42880055,順心投資有限公司,臺中市西屯區惠來里市政北七路186號25樓,3000000,1060815
6775,42880772,敦育文教事業有限公司,臺中市清水區南寧里鎮南街155號4樓,500000,1060823
6776,42880935,佳立國際企業有限公司,臺中市大里區長榮里新芳路55之6號4樓,200000,1060807
6777,42881717,貿凱國際股份有限公司,臺中市南屯區公益路二段61號14樓之3,43000000,1060803
6778,42881913,鼎力保全股份有限公司,臺中市北區忠太東路117之8號,40000000,1060831
6779,42882407,德耕科技貿易有限公司,臺中市北區賴明里漢口路四段5之15號1樓,500000,1060823
6780,42882841,康銳生技股份有限公司,臺中市北區淡溝里台灣大道二段360號19樓之2,1000000,1060809
6781,42884094,銘恩芳香有限公司,臺中市西屯區何南里東興路三段319號1樓,200000,1060815
6828,43763371,豐盈開發股份有限公司,臺中市后里區甲后路一段998號,120000000,1060816
6838,43782665,珈承有限公司,臺中市北區文心路四段200號11樓之8,100000,1060823
6859,43823808,康倈喜股份有限公司,臺中市北屯區文心路四段955號23樓之1,270000,1060821
6999,45093637,台灣尼日股份有限公司,臺中市西屯區惠來里府會園道179號3樓,9000000,1060823
7007,45100546,建華通運有限公司,臺中市大肚區頂街里大明四街145號1樓,30000000,1060816
7046,45117357,仕毓國際有限公司,臺中市北屯區水湳里文心路四段81號5樓之2,500000,1060804
7070,45126291,允執國際管理顧問有限公司,臺中市豐原區西勢路190巷32弄3號,500000,1060824
7094,45132738,茂旺實業有限公司,臺中市西屯區華美西街二段311號13樓之2,5000000,1060811
7125,45145311,尚朋企業有限公司,臺中市北區健行里忠明南路502之7號3樓之1,3000000,1060823
7126,45145467,星盈資產管理顧問有限公司,臺中市西屯區上明一街2之5號,1000000,1060825
7127,45146640,目悦有限公司,臺中市西屯區大墩路1010號1樓,600000,1060823
7128,45146917,世豐開發投資股份有限公司,臺中市大甲區光明路64號1樓,60000000,1060808
7129,45147211,匠藝工作室有限公司,臺中市新社區大南里中和街二段265號1樓,1000000,1060814
7130,45147628,佳紳國際有限公司,臺中市南區和平里忠明南路760號5樓,3000000,1060810
7131,45148128,瑨立電子科技事業有限公司,臺中市烏日區光明里五光路復光二巷12號1樓,15000000,1060801
7132,45148226,叡顗科技有限公司,臺中市南屯區大誠里大墩路68號1樓,3000000,1060831
7133,45148534,一葉生技有限公司,臺中市南區樹德里德富路146巷10號1樓,1000000,1060802
7134,45149479,涵邦德建設有限公司,臺中市北區長青里漢陽街65號1樓,2000000,1060808
7135,45149787,法蘭德生技有限公司,臺中市沙鹿區北勢里北中六街15號1樓,1680000,1060816
7136,45149864,勝琪國際有限公司,臺中市西屯區西屯路三段150之30巷10號,10000,1060807
7137,45149935,漢諹系統科技有限公司,臺中市西屯區西屯路三段150之30巷10號,10000000,1060808
7139,45186781,乾坤銘版有限公司,臺中市北區賴明里青島路2段45號1樓,500000,1060829
7141,45189942,立亞科股份有限公司,臺中市西屯區市政北二路236號22樓之3,10000000,1060807
7142,45193615,旬樂國際有限公司,臺中市沙鹿區福興里福幼街206巷23號1樓,1000000,1060823
7143,45194797,亨達利娛樂有限公司,臺中市北區公園路188號4樓之1,2000000,1060828
7144,45194874,義米蘭股份有限公司,臺中市沙鹿區光華路308之3號1樓,7000000,1060822
7145,45194945,源成國際藝術有限公司,臺中市南屯區永春東路1116-1號12樓之6,1000000,1060824
7146,45195206,毅泰小客車租賃有限公司,臺中市東勢區豐勢路125號1樓,5000000,1060826
7147,45196248,合陣投資有限公司,臺中市神岡區圳前里三民路394號1樓,10000000,1060803
7148,45196275,愛生活股份有限公司,臺中市北屯區仁和里崇德路三段189號,3000000,1060822
7149,45197963,有善股份有限公司,臺中市大里區夏田里中投西路三段217號,15000000,1060804
7150,45876337,可宸物業有限公司,臺中市北屯區軍功路一段319號2樓,3000000,1060829
7151,45876343,玩太創意科技股份有限公司,臺中市西屯區何源里華美西街二段311號9樓之1,6000000,1060829
7152,45876651,全成鑫鞋業有限公司,臺中市神岡區神岡里中正南街100號1樓,500000,1060801
7153,45877096,泓德能源科技股份有限公司,臺中市沙鹿區自強路175巷110弄11號3樓,10000000,1060828
7154,45877223,曲樂有限公司,臺中市北區英才路396號3樓之1,200000,1060808
7156,45877574,匯誠資產顧問有限公司,臺中市西區公益路155巷17號4樓,6800000,1060814
7157,45877841,鉑鈉興業有限公司,臺中市烏日區九德里中華路231巷12號1樓,3000000,1060807
7158,45878291,仨億不動產有限公司,臺中市北區賴興里文心路四段216、218號,1000000,1060801
7159,45879019,杰瑪健康管理顧問股份有限公司,臺中市西區民龍里臺灣大道二段307號16樓之1、16樓之2,8000000,1060808
7160,45879313,典展有限公司,臺中市北區邱厝里大義街6號1樓,300000,1060803
7161,45879382,德凡特未來股份有限公司,臺中市西區忠明南路237號9樓之1,3416503,1060829
7162,45880613,日昇國際綠能股份有限公司,臺中市西屯區惠來里市政路386號14樓之8,10000000,1060803
7163,45880971,元心建材興業有限公司,臺中市西屯區何德里寧夏路117號、119號,1000000,1060815
7164,45881021,韓韓餐飲顧問有限公司,臺中市北區中清路一段150巷10弄2號4樓,1000000,1060823
7165,45881330,大師全球建設股份有限公司,臺中市西屯區惠來里河南路四段159號,2400000,1060831
7166,45881346,正凱開發有限公司,臺中市梧棲區仁美街67巷65號1樓,1000000,1060805
7167,45882106,楷元生物科技股份有限公司,臺中市南區學府路189號8樓之14,1350000,1060810
7168,45882675,森宇資訊有限公司,臺中市西區土庫里五權五街204號1樓,100000,1060822
7169,45883098,昌泰開發股份有限公司,臺中市大甲區日南里工十路8號,40000000,1060821
7170,45883344,紫光豐億有限公司,臺中市北屯區景賢路240號1樓,500000,1060823
7171,45883392,艾肯強實業有限公司,臺中市西屯區福安里安和路133號7樓之1,1500000,1060815
7172,45884809,日易科技股份有限公司,臺中市北區明新里中清路一段447號7樓之1,2000000,1060801
7173,45885130,新視界健康事業有限公司,臺中市南區樹德里德祥街67巷17號,9000000,1060831
7174,45885526,菁嘉強投資股份有限公司,臺中市梧棲區向上路九段323號,21400000,1060817
7175,45885531,金兆日科技股份有限公司,臺中市西屯區何仁里天水東街7號,30000000,1060814
7176,45886139,共恏國際有限公司,臺中市南區福順里平順街208號1樓,5000000,1060801
7177,45886291,禾翔國際股份有限公司,臺中市西屯區潮洋里朝富路213號15樓之5,6990000,1060829
7178,45886665,大霸奈隆有限公司,臺中市烏日區九德里明德街61號,600000,1060825
7179,45886829,新幹線大寬頻股份有限公司,臺中市南屯區大同里東興路二段186號2樓,9600000,1060822
7180,45887735,明湛企業有限公司,臺中市大甲區武陵里中山路一段209號,3500000,1060821
7181,45888690,威德精密科技有限公司,臺中市大里區仁德里四育街28號,1000000,1060815
7182,45888925,守家生技有限公司,臺中市西區臺灣大道二段16號19樓之2,320000,1060809
7183,45889229,中盈科技有限公司,臺中市西屯區惠來里市政北一路66號13樓,1000000,1060829
7184,45889847,克藍迪概念企業有限公司,臺中市西屯區何厝里何厝東二街23號4樓之3,500000,1060817
7185,45890020,可翼國際有限公司,臺中市西區和龍里臺灣大道二段2號14樓之1,4000000,1060823
7186,45890154,格羅斯股份有限公司,臺中市南屯區楓樹里楓和路759號2樓,3900000,1060821
7187,45890181,漢將健康科技有限公司,臺中市西區民生北路88號1樓,600000,1060808
7310,49651795,晉兆生化科技股份有限公司,臺中市梧棲區自立路388號,16000000,1060817
7320,51008835,三合交通事業有限公司,臺中市沙鹿區西勢里中航路一段239號1樓,4000000,1060802
7321,51010213,大東泰企業有限公司,臺中市南區復興路三段295號1樓,5000000,1060809
7323,51074905,三櫻企業股份有限公司,臺中市梧棲區草湳里經三路47號,444985000,1060815
7325,51077136,中聯交通事業有限公司,臺中市北屯區三光里北屯路212巷44號1樓,6000000,1060801
7340,51312532,昇大企業有限公司,臺中市北屯區東山路一段367號,5000000,1060829
7341,51316447,香港商維赫有限公司,臺中市西屯區市政路500號18樓之5,660000,1060823
7344,51327015,明華被服工廠股份有限公司,臺中市西區民權路161號1樓,10080000,1060821
7346,51436203,立忠交通事業有限公司,臺中市沙鹿區西勢里中航路一段239號1樓,2500000,1060801
7347,51440754,銨豐汽車貨運有限公司,臺中市豐原區西湳里葫蘆墩二街148號1樓,3000000,1060825
7348,51652406,華美企業股份有限公司,臺中市中區光復里光復路62號,15000000,1060807
7349,51710996,源昌木業製材股份有限公司,臺中市西區臺灣大道二段489號27樓之1,104000000,1060816
7350,51752708,新泰豐工業股份有限公司,臺中市南區福興里永和街128號,7000000,1060817
7351,51756303,萬國交通事業股份有限公司,臺中市南區城隍里建成路1032號1樓,22800000,1060811
7352,51811609,彰化商業銀行股份有限公司,臺中市中區自由路2段38號,94130007180,1060825
7353,51816908,台中商業銀行股份有限公司,臺中市西區民權路87號,32931789830,1060822
7354,51821108,維他露食品股份有限公司,臺中市西屯區工業區九路26號,1440000000,1060830
7355,51911712,興農股份有限公司,臺中市大肚區南榮路101號1樓,3843474530,1060825
7356,51927600,興台彩色印刷股份有限公司,臺中市南區德義里忠孝路64號1樓,36000000,1060809
7357,51932527,龍昌機械股份有限公司,臺中市太平區長安東路52號,430000000,1060801
7358,51938402,聯美興業股份有限公司,臺中市中區光復里巿府路161號,20000000,1060804
7359,51953901,雙美交通有限公司,臺中市沙鹿區西勢里中航路一段239號1樓,2000000,1060802
7363,52202626,東信遊覽客運股份有限公司,臺中市北區尚德街67號1樓,23000000,1060816
7371,52212217,主新德科技股份有限公司,臺中市神岡區豐洲里豐工路808號,277636260,1060816
7381,52233613,年得企業股份有限公司,臺中市北區頂厝里北興街253號,10000000,1060815
7383,52238758,達音實業股份有限公司,臺中市霧峰區吉峰里中正路1265巷15號2樓,90000000,1060822
7387,52246722,千富塑膠廠股份有限公司,臺中市大里區仁化路312號,17700000,1060811
7416,52306404,萬豐交通事業有限公司,臺中市北屯區三光里北屯路212巷44號1樓,2000000,1060802
7431,52331353,多利寶寢具股份有限公司,臺中市烏日區前竹里中山路一段265巷6號,29000000,1060808
7440,52347881,明賢鐵工廠股份有限公司,臺中市東區振興路412巷14號1樓,6600000,1060828
7441,52348495,登田營造股份有限公司,臺中市西區英才路449號2樓,200000000,1060810
7447,52359014,聖岱實業股份有限公司,臺中市大里區仁美路62號,200000000,1060809
7452,52368604,益生化工工業有限公司,臺中市東區東興里建德街156號1樓,5000000,1060801
7456,52372874,主上工業股份有限公司,臺中市東區天乙街66號1樓,20000000,1060830
7461,52375605,美律實業股份有限公司,臺中市南屯區寶山里工業區二十三路22號,1977333660,1060821
7482,52408970,喬福泡綿股份有限公司,臺中市南屯區工業區26路1號,95000000,1060802
7483,52411594,煌明機器工業股份有限公司,臺中市烏日區光明路157巷60號,20000000,1060802
7512,52456445,立宜營造股份有限公司,臺中市北屯區瀋陽路三段140之1號2樓,22500000,1060825
7514,52458529,興農貿易行股份有限公司,臺中市大肚區南榮路101號1樓,1000000,1060823
7517,52461518,真納視覺文化股份有限公司,臺中市南屯區文心南三路312號1樓,5500000,1060821
7524,52468879,京乙九貿易有限公司,臺中市南屯區大墩六街350巷25之1號1樓,13600000,1060825
7534,52480992,鼎盛行有限公司,臺中市中區中山路105號,6000000,1060828
7554,52505092,強暉企業股份有限公司,臺中市北屯區三和里東山路一段140巷64弄57號1樓,10000000,1060825
7559,52506888,富加堡機械股份有限公司,臺中市北屯區東山路一段140巷79號,8750000,1060817
7570,52520919,達賚實業股份有限公司,臺中市潭子區甘蔗里興華二路6號1樓,25000000,1060808
7573,52524892,名煌交通有限公司,臺中市西屯區何厝里大墩路1008號,10000000,1060824
7587,52541175,雷虎科技股份有限公司,臺中市西屯區協和里工業區六路7號,1094197750,1060821
7606,52559174,滙慷企業有限公司,臺中市北屯區文心路四段669號3樓之1,10000000,1060821
7616,52568949,榮順環保企業有限公司,臺中市北屯區平安里天津路四段31號1樓,20000000,1060817
7622,52577320,磐龍液壓工業股份有限公司,臺中市北屯區崇德二路二段141號1樓,39000000,1060807
7646,52594432,富收實業有限公司,臺中市南區福平里光輝一街24號,6000000,1060828
7647,52595170,笠美科技股份有限公司,臺中市東區立德東街43號2樓,10000000,1060823
7667,52610974,福南油壓工業有限公司,臺中市北區東光八街18號,6600000,1060829
7681,52626933,衛道實業股份有限公司,臺中市北屯區光西巷23號,18610000,1060818
7685,52628806,中培機械工業股份有限公司,臺中市北屯區豐樂路12之2號,7000000,1060824
7687,52630129,約寧有限公司,臺中市大雅區三和里港尾路12之3號1樓,180000,1060801
7708,52658097,三羽建材股份有限公司,臺中市北屯區后庄路99號1樓,145000000,1060822
7717,52665288,貿山機器工業股份有限公司,臺中市太平區宜昌東路45號,50000000,1060809
7723,52671401,高立營造股份有限公司,臺中市西區公益路161號6樓之2,220000000,1060811
7747,52691693,錦順機電有限公司,臺中市南區永興里高工路386巷37號,5000000,1060816
7772,52713367,上威電機股份有限公司,臺中市大雅區雅潭路三段357巷1號,11000000,1060830
7779,52724955,國詮企業股份有限公司,臺中市西屯區文心路三段47號,167380000,1060809
7792,52757456,吾友塑膠廠股份有限公司,臺中市南屯區南屯里南美街29號,10000000,1060803
7796,52759898,旺欉鋁業有限公司,臺中市大甲區日南里東二街31號,30000000,1060822
7809,52787374,亘原實業股份有限公司,臺中市沙鹿區錦華街17號3樓,10200000,1060802
7825,52808011,皇盈企業股份有限公司,臺中市西屯區工業區三十五路11號1樓,138000000,1060818
7827,52813886,展華化學工業股份有限公司,臺中市西屯區工業區十二路1號,50000000,1060810
7833,52851017,伍輝金屬工業股份有限公司,臺中市霧峰區南柳里霧工六路6號,21000000,1060814
7850,52874530,華國製藥股份有限公司,臺中市南屯區工業區二三路36號,6000000,1060828
7857,52924258,傳神隱形眼鏡有限公司,臺中市北區樂英里雙十路二段51號1樓,3500000,1060823
7858,52936682,右傑工程企業有限公司,臺中市西區安龍里五權路22巷30號1樓,2000000,1060815
7859,52941833,立全金屬工廠有限公司,臺中市南區復興路一段廿九號,6000000,1060804
7860,52944661,永友全電熱設備股份有限公司,臺中市烏日區仁德里信義街359巷18號1樓,5000000,1060829
7866,53006685,貝里斯商永易世界股份有限公司,臺中市南區大慶街1段62-1號1樓,3500000,1060817
7880,53020814,新加坡商瑞紐碼生物科技有限公司,臺中市北區頂厝里崇德路一段629號19樓之2,250000,1060822
7893,53037499,茂盈精密股份有限公司,臺中市烏日區北里里溪南路二段466號,26049000,1060830
7895,53039953,東群工業有限公司,臺中市豐原區北湳里大順街8巷85號1樓,9500000,1060816
7900,53041732,永大昌精密工業股份有限公司,臺中市東區振興里互助街114號1樓,10000000,1060809
7905,53046119,東南亞移民有限公司,臺中市西區民生里自由路一段106之1號,8000000,1060801
7906,53046618,耀廣資訊股份有限公司,臺中市南區復興北路565號1樓,3000000,1060802
7908,53048849,聖久鼎實業有限公司,臺中市大肚區成功里文昌路三段162巷107弄38號,4000000,1060823
7909,53049707,鑫豪精密工業有限公司,臺中市潭子區仁愛路二段25巷11號1樓,2000000,1060830
7913,53050990,富溢汽車材料有限公司,臺中市太平區建興里正誠街46巷7號1樓,500000,1060802
7915,53051111,天騰實業有限公司,臺中市西區公館里南屯路一段31巷1號1樓,250000,1060817
7918,53052532,大方廣興業有限公司,臺中市烏日區螺潭里溪南路二段35巷31號,1000000,1060816
7922,53055833,新夥伴科技股份有限公司,臺中市西區忠明南路497號14樓,25000000,1060810
7924,53058249,文華四五有限公司,臺中市西屯區文華路45號1樓,200000,1060816
7926,53062102,禾全機電有限公司,臺中市南屯區精科八路42號,10000000,1060803
7927,53062166,尚立汽車股份有限公司,臺中市北屯區平德里文心路四段430號,110000000,1060814
7931,53065804,蕾媞生物科技股份有限公司,臺中市西區大隆路20號4樓之5,20000000,1060825
7936,53068871,捷勝貿易有限公司,臺中市太平區仁和街4巷33號1樓,100000,1060809
7937,53069105,科貿科技有限公司,臺中市南屯區同心里大墩一街212號2樓,450000,1060802
7938,53069983,祥凱國際有限公司,臺中市北屯區松強里松竹路二段306巷1弄28號1樓,1000000,1060823
7940,53071051,世醫微流體有限公司,臺中市西區館前路55號2樓之3,5000000,1060803
7941,53071670,冠仲開發有限公司,臺中市西屯區青海路一段176號1樓,1000000,1060830
7946,53073213,豐億傢俱有限公司,臺中市南屯區惠中里惠中路三段69號8樓,2050000,1060822
7951,53075649,勁易科技有限公司,臺中市神岡區北庄里林厝路39之6號,1500000,1060808
7953,53076703,永通行銷有限公司,臺中市大里區東湖路32號6樓,1000000,1060823
8019,53116114,機會家實業有限公司,臺中市南屯區南屯路二段420號11樓之2,1000000,1060829
8029,53124395,奧普特光學有限公司,臺中市西區安龍里民權路185號10樓之8,6000000,1060802
8039,53130381,寶銳國際有限公司,臺中市西屯區惠來里市政路169號27樓之1,3000000,1060810
8041,53130973,常勝津企業有限公司,臺中市北屯區東山路一段156之6號5樓之2,7200000,1060809
8044,53132114,稼璟系統櫥櫃有限公司,臺中市南區工學里大慶街一段102巷11之8號1樓,1000000,1060816
8046,53134035,利拓開發工程有限公司,臺中市沙鹿區興安里興安路29之2號1樓,10000000,1060814
8049,53134366,采風醫美股份有限公司,臺中市西屯區惠來里惠來路一段151號1樓,29000000,1060803
8050,53134513,逢甲二五有限公司,臺中市西屯區逢甲路25號1樓,200000,1060816
8052,53141649,華悅堂國際股份有限公司,臺中市西區昇平里忠明南路303號23樓之3,2000000,1060825
8054,53144287,九湛國際有限公司,臺中市梧棲區福德里中央路二段289巷10號1樓,1200000,1060802
8058,53145286,九代有限公司,臺中市北區錦村里南京東路二段9號6樓之3,3000000,1060803
8059,53145309,聚聯開發建設股份有限公司,臺中市北區賴厝里漢口路四段202號7樓,20000000,1060825
8060,53146969,山明事業有限公司,臺中市大雅區西寶里中正路花眉巷7之66號1樓,1000000,1060817
8062,53147762,亦博禮儀有限公司,臺中市北區賴村里大雅路238號3樓,500000,1060825
8068,53154616,華信專業顧問有限公司,臺中市南區福田二街8號7樓之6,500000,1060808
8069,53156467,誠易營造股份有限公司,臺中市南區新榮里學府路146巷11號,6000000,1060809
8071,53157515,尚志興業有限公司,臺中市龍井區三德里中厝路50巷20弄16號,500000,1060828
8075,53161145,臺灣輔康醫療器材股份有限公司,臺中市豐原區南田里南田街135之3號1樓,128550000,1060823
8080,53165938,久合信有限公司,臺中市烏日區溪南路一段988巷180弄189號1樓,400000,1060821
8089,53171586,乘恆創有限公司,臺中市西區安龍里梅川東路一段48號,14100000,1060814
8093,53174710,盛揚汽車有限公司,臺中市烏日區三和里中山路三段290號1樓,5500000,1060824
8095,53174985,儷翎國際旅行社股份有限公司,臺中市西屯區何厝里四川路152號1樓,6000000,1060830
8097,53175936,寬泰置業股份有限公司,臺中市西區吉龍里五權五街151號7樓之6,75000000,1060802
8099,53177478,昊佑企業有限公司,臺中市太平區長億里長億一街1巷14號1樓,6000000,1060803
8190,53240710,貝加爾企業有限公司,臺中市北屯區北屯路390號3樓之3,1000000,1060830
8214,53259652,睿選國際旅行社有限公司,臺中市西區民權路219號6樓之5,8000000,1060801
8217,53262404,辰鑫精密機械廠有限公司,臺中市大里區塗城路304巷28弄20號,10000000,1060821
8220,53262782,晟傑精密工業有限公司,臺中市神岡區庄後里溝心路52號1樓,5000000,1060802
8228,53270538,喜馬不動產有限公司,臺中市南屯區文心路一段214號1樓,2000000,1060803
8232,53274859,威速車業股份有限公司,臺中市太平區永平里東平路393號1樓,10000000,1060823
8233,53275843,銓茂工業有限公司,臺中市大里區仁化里工業十二路7號1樓,4000000,1060822
8240,53281367,鴻坤國際企業有限公司,臺中市南屯區文山里保安三街6號1樓,2000000,1060810
8241,53284300,瑞源豆類股份有限公司,臺中市梧棲區草湳里緯六路15號,29000000,1060814
8243,53285151,如來科技有限公司,臺中市北區中清路一段79號6樓,1000000,1060818
8250,53289473,祐昕技術顧問股份有限公司,臺中市北區中清路一段100號10樓之2,6000000,1060808
8252,53290838,恒廣工程有限公司,臺中市大肚區山陽里沙田路三段591巷1號3樓,2000000,1060823
8254,53292370,珪華有限公司,臺中市北屯區松安里興安路二段167巷22號1樓,500000,1060828
8255,53292913,立德消防工程有限公司,臺中市西屯區工業一路58巷33弄33號10樓之1,9020000,1060830
8256,53293785,竟峰工程有限公司,臺中市南屯區豐樂里文心南三路43號1樓,1000000,1060816
8259,53296024,泓錠機電工程股份有限公司,臺中市沙鹿區自強路175巷110弄11號3樓,10000000,1060828
8263,53297092,一甲不動產經紀有限公司,臺中市南屯區三和里河南路四段395號1樓,647000,1060824
8265,53298016,宸瑋科技有限公司,臺中市東區自由路四段333號7樓,2000000,1060807
8269,53300940,天狼星健康事業有限公司,臺中市北區興進路205號13樓之7,1000000,1060803
8271,53301119,升優企業股份有限公司,臺中市大雅區中清路三段709號1樓,33600000,1060823
8272,53301700,寶村嬰兒用品有限公司,臺中市北屯區平昌里昌平路一段64號1樓,1000000,1060815
8275,53304164,綠立生醫國際股份有限公司,臺中市南區長榮里復興路三段314號11樓,5966000,1060807
8277,53305327,加家福工業有限公司,臺中市西屯區何厝東二街23號4樓之3,500000,1060807
8278,53306846,聯立鑫營造股份有限公司,臺中市西屯區寶慶街27號1樓,10000000,1060831
8279,53307177,旺昌事業股份有限公司,臺中市南屯區三義里公益路二段302號,50000000,1060816
8280,53307248,中華聯合股份有限公司,臺中市西區民龍里臺灣大道二段307號24樓,6000000,1060829
8283,53308366,速度汽車有限公司,臺中市豐原區社皮里豐原大道一段418號,10000000,1060808
8284,53308470,台灣三維設計有限公司,臺中市南屯區楓樹里楓樹二街58號1樓,1000000,1060821
8351,53359701,金宥不動產有限公司,臺中市西屯區福星路120號1樓及122號1、2樓,1000000,1060828
8354,53362467,九聚股份有限公司,臺中市西屯區協和里安和一街89號3樓,30000000,1060802
8364,53377216,永信消防工程有限公司,臺中市南區樹德里東興路一段25巷20號13樓,200000,1060825
8373,53379586,雅拓室內裝修設計有限公司,臺中市南屯區大誠里五權西路二段131號20樓之1,2000000,1060801
8379,53382724,日通開發水產有限公司,臺中市南屯區忠勇路52之77號6樓,3000000,1060821
8380,53382750,迪恩國際股份有限公司,臺中市大甲區順天路35號1樓,1000000,1060824
8381,53384238,聖竣有限公司,臺中市西屯區大墩十九街225號3樓,1000000,1060818
8382,53384856,進榮室內裝修有限公司,臺中市北屯區豐樂路17巷2號1樓,200000,1060829
8383,53385383,鑫富御建設有限公司,臺中市大里區大里里爽文路122號1樓,25060000,1060828
8396,53392808,皇復有限公司,臺中市龍井區海尾路256巷16號1樓,1000000,1060821
8398,53393736,振強精密工業有限公司,臺中市大甲區順帆路40巷21號,6000000,1060816
8401,53397022,創益精機有限公司,臺中市霧峰區五福里中投西路二段522號,6000000,1060822
8403,53397260,千禾國際企業股份有限公司,臺中市西屯區文心路三段241號18樓之5,2000000,1060814
8410,53405439,思銳實業有限公司,臺中市大里區西榮里西榮路152巷22號1樓,3900000,1060801
8412,53406134,峻和國際貿易有限公司,臺中市大里區中興路一段2巷51弄2號1樓,5000000,1060831
8460,53451616,騎士科技有限公司,臺中市烏日區榮泉里中山路三段1399號1樓,500000,1060807
8488,53473724,富綺生物科技有限公司,臺中市北屯區廍子里仁友巷3弄20號二樓,6000000,1060829
8492,53478805,冠益國際開發有限公司,臺中市烏日區大同路62號1樓,5000000,1060822
8498,53482913,汀鴻有限公司,臺中市北屯區和平里松竹路一段2之18號,1000000,1060801
8503,53484911,鴻鼎展業有限公司,臺中市北屯區平田里文心路四段875號4樓,500000,1060808
8506,53486306,金振益企業有限公司,臺中市東區東英里東英十一街83號8樓之3,3000000,1060811
8513,53490168,崇恩人本有限公司,臺中市北屯區三光里北屯路289之2號1樓,5000000,1060825
8515,53492476,毅起企業有限公司,臺中市南屯區春社里永春南路119號,2000000,1060804
8516,53492659,艾上綠能租賃有限公司,臺中市西屯區臺灣大道二段718號2樓,30000000,1060814
8521,53497021,漢成國際事業有限公司,臺中市龍井區國際街216號1樓,500000,1060816
8525,53501587,品宇企業有限公司,臺中市南屯區文山里忠勇路54號1樓,1000000,1060810
8529,53503207,富達康生技有限公司,臺中市大雅區大雅里雅潭路四段818號,2000000,1060807
8532,53504753,卡油棧有限公司,臺中市北區金龍里三民路三段339號,200000,1060831
8535,53507421,袖珍工房有限公司,臺中市西區昇平里昇平街64號1樓,1200000,1060825
8536,53507668,豪崴事業有限公司,臺中市西屯區林厝里中科路1157號1樓,1800000,1060808
8539,53508580,昶德科技股份有限公司,臺中市豐原區鎌村里鎌村路415號1樓,10000000,1060809
8540,53509700,怡堡包裝材料有限公司,臺中市南屯區文山里文山五街100號1樓,2000000,1060829
8541,53510410,泓德金屬工業有限公司,臺中市后里區眉山里甲后路1114-6號,500000,1060821
8547,53514555,丹曼精品咖啡有限公司,臺中市西區安龍里民生路225巷11號1樓,3000000,1060815
8548,53516028,博那圖藝術文創有限公司,臺中市北屯區水景里松竹五路二段36號1樓,2000000,1060801
8657,53599391,明昌生活科技有限公司,臺中市大雅區員林里中清路四段50巷23號1樓,3660000,1060824
8659,53600539,名越國際有限公司,臺中市東區東英里樂業路489號1樓,500000,1060818
8663,53601973,順茂興業有限公司,臺中市南屯區楓樹里楓樂巷1之92號,500000,1060815
8664,53602467,歐穩科技有限公司,臺中市北屯區軍功里軍福十八路318號,5000000,1060831
8666,53603917,鑫業塑膠有限公司,臺中市太平區太平里永平路三段1號1樓,1500000,1060830
8668,53605020,坤泰開發有限公司,臺中市南屯區南屯路二段972號1樓,10000000,1060816
8670,53607701,昶瑞機電股份有限公司,臺中市沙鹿區興仁里光華路121巷18號1樓,60000000,1060810
8676,53612346,景匠建設有限公司,臺中市北區建興里學士路248巷35號5樓之20,5000000,1060815
8685,53618778,有豐開發股份有限公司,臺中市西區忠明南路40、42號10樓,105000000,1060809
8688,53620351,開富力建設開發股份有限公司,臺中市南屯區文心路1段306號地下一層之4,50000000,1060804
8689,53620535,翰律國際智權有限公司,臺中市南屯區惠中里文心路一段324號4樓之2,1000000,1060808
8697,53628213,大有環保科技股份有限公司,臺中市南屯區大興里東興東街24巷1號,40000000,1060821
8705,53634658,承洲租賃有限公司,臺中市新社區新社里中和街四段290號1樓,5600000,1060811
8706,53635609,誠雲科技股份有限公司,臺中市西屯區工業區一路12號1樓,15400000,1060830
8708,53637374,潔瑞清潔有限公司,臺中市西區和龍里日興街100號4樓之3,3200000,1060817
8711,53639149,木天寮互動設計有限公司,臺中市南區新榮里學府路135巷6號,1000000,1060822
8712,53640434,金邑精密科技有限公司,臺中市龍井區山腳里沙田路6段223號5樓之7,5000000,1060808
8713,53640878,佲鑫科技有限公司,臺中市潭子區東寶里雅豐街76巷70號,2000000,1060823
8714,53641546,鵬寶實業有限公司,臺中市南屯區大業里大進街527號2樓,6000000,1060831
8715,53641882,金石匠有限公司,臺中市大里區立仁里好來七街39之6號,5168888,1060828
8718,53647725,升加實業有限公司,臺中市大雅區橫山里中山路131號,1500000,1060811
8736,53662794,百慕達商順富國際股份有限公司,臺中市西屯區福和里臺灣大道4段925號10樓之6,10000000,1060823
8830,53731997,瑞特資訊系統股份有限公司,臺中市西區民龍里臺灣大道二段239號9樓之6,5000000,1060831
8866,53761719,方周科技有限公司,臺中市清水區橋頭里民治三街65號,750000,1060807
8901,53785304,紘懋生技有限公司,臺中市太平區光華里環太東路323號3樓,3000000,1060802
8903,53787324,冠華資訊有限公司,臺中市西屯區大弘街38號1樓,1200000,1060831
8906,53788267,捷名印刷有限公司,臺中市西屯區何福里寧夏東一街45號1樓,4200000,1060828
8907,53789126,崇富不動產開發有限公司,臺中市豐原區圓環西路27號1樓,5000000,1060807
8911,53792109,根本科技有限公司,臺中市南屯區大同里向上南路一段167號14樓,510000,1060803
8914,53793640,格瑞生醫股份有限公司,臺中市西屯區西墩里黎明路3段343巷27弄21號,10000000,1060809
8916,53794583,麒豐豐業有限公司,臺中市太平區中興路103巷69號1樓,27000000,1060829
8919,53797414,朗世德不動產有限公司,臺中市北區賴厝里漢口路4段102號13樓之1,6000000,1060807
8920,53798547,兆和豐科技股份有限公司,臺中市龍井區南寮里向上路六段197號,37490000,1060807
8927,53802325,大昇實業有限公司,臺中市北區健行里華富街79號,500000,1060809
8930,53806238,原容開發顧問有限公司,臺中市北屯區建和路一段99號6樓之3,1000000,1060809
8933,53809489,雅豐不動產企業有限公司,臺中市西屯區西安里青海路二段318號,2000000,1060830
8936,53810330,康金綠能科技股份有限公司,臺中市南區國光里仁和路292號5樓之6,15400000,1060823
8937,53811020,天材農產股份有限公司,臺中市西屯區福安里臺灣大道四段839號13樓,500000,1060809
8940,53812301,伊勢舍建設開發有限公司,臺中市南區忠明南路780號16樓之5,2500000,1060817
8943,53813619,永沛國際有限公司,臺中市清水區南寧里中清路八段762號5樓之1,1000000,1060809
8947,53816030,晟邑廣告企劃有限公司,臺中市北屯區仁和里松竹北二街51號12樓之5,10000000,1060821
8950,53816881,承皓工業有限公司,臺中市大里區大元里國中路41號2樓,12000000,1060824
8951,53818121,聖捷材料科技有限公司,臺中市北屯區軍和街211號1樓,600000,1060809
8956,53823243,揚宸工業有限公司,臺中市南區樹義里福田二街375號6樓之1,1000000,1060815
8958,53827016,巧食代有限公司,臺中市西區双龍里模範街23巷5號1樓,3000000,1060830
8959,53827108,萬合營造有限公司,臺中市霧峰區峰谷路47號,22600000,1060814
8960,53827775,博愛鋁業有限公司,臺中市烏日區太明路145巷3號1樓,600000,1060803
8961,53829324,沐涵設計工程有限公司,臺中市北區賴興里文昌東二街42之2號,3000000,1060808
8962,53830531,台灣伊原科技股份有限公司,臺中市西區忠誠里明義街79號1樓2樓,10000000,1060809
8965,53832123,有樂創意設計有限公司,臺中市西屯區逢甲里文華路永新巷39號1樓,2500000,1060802
8967,53833707,非比企業有限公司,臺中市烏日區信義街149號2樓,500000,1060830
8968,53834620,雲平精品旅館股份有限公司,臺中市太平區新興里新興路106號,195000000,1060801
8973,53838885,家賀不動產經紀有限公司,臺中市北區淡溝里英才路386之5號,500000,1060807
8982,53845817,僑日企業有限公司,臺中市大里區永隆里興大南街27號,1000000,1060816
8984,53846463,禾欣機電股份有限公司,臺中市南屯區精科八路28號,15000000,1060803
8986,53846983,翊豐展業有限公司,臺中市西區五權三街46號2樓之2,1000000,1060818
8987,53847879,鉦嘉科技有限公司,臺中市東區東信里振興路412巷116號1樓,300000,1060815
8990,53849659,裕峰股份有限公司,臺中市太平區中興里20鄰永平路二段476巷100弄22號,7035460,1060803
8991,53853111,十月國際有限公司,臺中市北屯區同榮里同榮路239巷35號1樓,3000000,1060815
8997,53857469,晨邑貿易有限公司,臺中市太平區環中東路四段611號1樓,5200000,1060823
8999,53859213,洧康國際寵物有限公司,臺中市大里區大里里瓦磘路42號,1000000,1060802
9002,53861301,富禮韻貿易有限公司,臺中市北區五權路190號10樓之2,5200000,1060808
9011,53867092,友全傢俱有限公司,臺中市豐原區西湳里三豐路二段375巷242號1樓,200000,1060815
9013,53868141,竣美工程有限公司,臺中市北區育德里健行路443號9樓之21,1000000,1060831
9016,53868959,法蔓生物科技股份有限公司,臺中市西屯區福和里福安七街11巷20號1樓,2000000,1060811
9018,53869492,富昱木業有限公司,臺中市大里區健民里練武路40巷38號,1050000,1060802
9021,53872052,玉美研究股份有限公司,臺中市南屯區工業區二十一路50號,200300000,1060822
9025,53874896,大湖油壓機有限公司,臺中市烏日區光明里環河路二段358號,600000,1060803
9027,53876727,群宇國際開發股份有限公司,臺中市沙鹿區埔子里正英八街61號2樓,1200000,1060829
9029,53878204,謙億國際有限公司,臺中市大里區長榮里德芳南路366號1樓,8800000,1060817
9030,53878289,佳騰開發有限公司,臺中市霧峰區桐林里民生路671巷27號1樓,13000000,1060808
9108,53938126,極陽開發事業有限公司,臺中市南屯區同心里文心路一段186號12樓之3,5000000,1060801
9113,53939188,艾倫環球有限公司,臺中市沙鹿區臺灣大道七段813號3樓,4000000,1060809
9148,53959536,越發國際開發有限公司,臺中市龍井區沙田路六段239號2樓,1000000,1060804
9149,53960105,富容廣告企劃有限公司,臺中市大雅區中清路三段1132巷12號14樓之2,10000000,1060816
9151,53960365,鼎霖醫療器材有限公司,臺中市北屯區平安里文心路四段696號8樓之2,30000000,1060825
9166,53973729,艾格創意設計有限公司,臺中市西屯區何安里重慶路102巷2號2樓,1000000,1060807
9171,53975183,青田佳美學有限公司,臺中市北區臺灣大道一段672號,1000000,1060829
9172,53975352,峻豊營造有限公司,臺中市霧峰區本鄉里光明街43號1樓,10000000,1060828
9173,53976140,士錫有限公司,臺中市西屯區福林里玉門路370巷8號,5500000,1060810
9175,53977648,弘發貿易有限公司,臺中市大里區長春路115巷35弄11號5樓,800000,1060810
9177,53978463,富裕機械有限公司,臺中市太平區中山路一段376巷11號1樓,1000000,1060811
9179,53979370,惠怡餐飲國際股份有限公司,臺中市北屯區梅川東路五段458號,126620000,1060811
9180,53979857,協順國際股份有限公司,臺中市北屯區東山路一段91巷21號,9000000,1060821
9181,53980221,黑金食品有限公司,臺中市北屯區東山路一段499號、501號,11000000,1060801
9182,53981143,久益崎科技股份有限公司,臺中市西屯區何安里文中路6號1樓,3668899,1060823
9183,53981663,光陽精密有限公司,臺中市北區明德里忠明路211號9樓之5,6000000,1060803
9188,53988130,東升不動產經紀有限公司,臺中市南屯區永春東三路29號8樓之1,500000,1060818
9189,53988379,錦宏建設有限公司,臺中市太平區中山路2段100巷65號1樓,3000000,1060808
9192,53992802,開懷小蔣有限公司,臺中市南屯區楓樹里楓樹西街147號,50000,1060810
9193,53992845,正樺科技有限公司,臺中市北區賴厝里梅川西路三段66號9樓,500000,1060824
9197,53995940,松瀚不動產經紀有限公司,臺中市東勢區福隆里東坑路509號1樓,300000,1060809
9199,53997481,天匯國際開發有限公司,臺中市南屯區大墩二街186號2樓,26000000,1060822
9200,53997721,啓原精密有限公司,臺中市烏日區南里里溪南路三段336號,10000000,1060814
9202,54001929,億佶國際有限公司,臺中市大雅區神林南路266巷8號1樓,1000000,1060803
9205,54002413,昊漢刺繡藝品有限公司,臺中市北區賴村里梅亭街470號1樓,2000000,1060807
9206,54003383,都樂旅館股份有限公司,臺中市西屯區福安里臺灣大道四段458號,12000000,1060825
9207,54003911,城境空間設計有限公司,臺中市南屯區大誠里東興東街63號1樓,300000,1060801
9210,54007894,佳康興業有限公司,臺中市太平區新吉里新平路三段217號1樓,5000000,1060804
9280,54061691,和昶能源股份有限公司,臺中市烏日區光明里五光路535號1樓,15200000,1060809
9318,54088241,衛鴻國際股份有限公司,臺中市中區綠川里臺灣大道一段79號6樓、7樓,11000000,1060817
9325,54093217,金鴻偉建設有限公司,臺中市梧棲區大村里文明街66巷2號1樓,12600000,1060824
9328,54096185,奇泓工程有限公司,臺中市豐原區翁明里圓環北路二段314巷1弄8號3樓,5000000,1060809
9329,54096220,宥倉企業有限公司,臺中市南屯區黎明路一段281號,1000000,1060828
9330,54096397,松頂嵐月有限公司,臺中市太平區永平里建興北路17巷2弄6號9樓,1000000,1060801
9332,54096707,冠榤開發有限公司,臺中市太平區建興里正誠街28巷2之1號1樓,50000,1060817
9338,54099161,捷彬科技有限公司,臺中市南區南和里忠明南路1086號3樓之3,500000,1060807
9341,54101292,來思影像設計有限公司,臺中市大里區內新里新南路41之5號,1000000,1060804
9344,54102139,綠碁環境科技有限公司,臺中市南屯區鎮平里水碓巷24之1號1樓,5000000,1060817
9346,54102341,台灣恒和國際投資股份有限公司,臺中市西屯區成都路279號地下一層之11,10000000,1060811
9352,54106347,醞釀生活股份有限公司,臺中市南屯區三義里河南路四段178號1樓,6000000,1060810
9354,54110790,旺得寶管理顧問有限公司,臺中市西屯區福科路340巷2號4樓之5,50000,1060822
9366,54118619,誠倖有限公司,臺中市大里區立德里立仁路240巷56號,5000000,1060811
9372,54121641,聖實企業有限公司,臺中市東勢區泰興里石城街石嵙巷26號,1000000,1060803
9374,54122310,康特絲國際股份有限公司,臺中市北區光大里中清路一段100號13樓之5,5000000,1060814
9384,54130297,閎奇企業有限公司,臺中市西屯區中清路二段1250巷97號1樓,10000000,1060823
9389,54135265,銘揚實業有限公司,臺中市西區土庫里華美街32巷2號5樓之2,1000000,1060803
9393,54136790,宏達物業有限公司,臺中市北區賴明里山西路二段13號夾層,1000000,1060814
9395,54137622,飛鳥有限公司,臺中市西區華美西街一段81號1樓,550000,1060830
9533,54219969,礽豐國際餐飲股份有限公司,臺中市西區自立街117之1號2樓,72980000,1060803
9534,54220430,凱壹小客車租賃有限公司,臺中市豐原區民生里中興路33巷2號1樓,5000000,1060808
9539,54224549,中建發展股份有限公司,臺中市南屯區大聖街342號地下一層,6800000,1060830
9541,54226080,成域建設有限公司,臺中市大雅區中清路三段999號10樓之1,2000000,1060823
9543,54227476,富聖土地開發股份有限公司,臺中市南屯區黎明路一段580號1樓,44620000,1060809
9548,54229875,元心建設股份有限公司,臺中市北屯區平心里安順東九街17號1、2樓,30000000,1060829
9553,54231366,世駩不動產事業有限公司,臺中市東區精武東路62號,1000000,1060804
9554,54232007,三和發建設開發股份有限公司,臺中市南屯區大誠里大墩一街22號1樓,1500000,1060814
9555,54232203,元榮氣動工具有限公司,臺中市烏日區溪尾里溪岸路4-3號,1000000,1060809
9556,54233012,寶利成國際有限公司,臺中市北屯區平心里安順東九街10號1樓,2000000,1060802
9560,54235460,伯達精品旅館股份有限公司,臺中市西屯區西墩里上墩路1號,132600000,1060828
9562,54236290,匯鉅建設開發有限公司,臺中市西區昇平里向上路一段307巷8號1樓,8000000,1060808
9563,54236720,曜比科技股份有限公司,臺中市南屯區大業里大聖街333號1樓,10000000,1060823
9564,54237299,玉鼎照明科技股份有限公司,臺中市北屯區廍子里仁友巷29號1樓,3000000,1060814
9565,54237592,木與容有限公司,臺中市南區樹義里大慶街一段246之1號6樓,200000,1060803
9566,54237811,聯旺開發建設股份有限公司,臺中市烏日區九德里中華路92號1樓,5000000,1060829
9572,54240549,弘恩人本有限公司,臺中市西屯區何成里文心路二段562之1號2樓之1(202室),5000000,1060825
9573,54240822,聖沅鼎實業有限公司,臺中市大肚區永順里文昌路二段506巷162弄20號1樓,3000000,1060823
9575,54241499,水昱方工程顧問有限公司,臺中市南屯區向心南路752號3樓,8000000,1060809
9576,54241792,嘉蕎五金製品有限公司,臺中市霧峰區北柳里柳豐路27巷11號1樓,2500000,1060821
9579,54242808,本來樹木科學股份有限公司,臺中市南屯區向上南路一段167號14樓,13000000,1060828
9580,54242976,雅豐房屋仲介有限公司,臺中市大雅區中清路三段991號,3000000,1060803
9587,54248090,眾聖汽車有限公司,臺中市北屯區瀋陽路三段71號,15000000,1060815
9588,54248459,利佳環球有限公司,臺中市北屯區后庄一街200號5樓,2000000,1060815
9589,54248649,立德實業有限公司,臺中市南區樹德里復興北路361號3樓之2,2200000,1060819
9590,54250428,成邦有限公司,臺中市南區美和街66巷7號1樓,4000000,1060804
9593,54252039,豐盛機械有限公司,臺中市北屯區平田里文心路四段955號10樓之5,10000000,1060829
9598,54256942,天文運輸有限公司,臺中市梧棲區草湳里自強二街86巷38號,30000000,1060810
9602,54261109,潤鈦鑫有限公司,臺中市大雅區上楓里民生路四段21號1樓,100000,1060807
9603,54261614,宣品建設有限公司,臺中市梧棲區南簡里大仁路一段61巷42號1樓,25000000,1060808
9604,54261797,寬合建設股份有限公司,臺中市南區西川里三民西路238-3號1樓,11000000,1060803
9605,54261868,敦泰開發建設企業有限公司,臺中市西屯區市政路386號25樓之8,100000000,1060808
9606,54263296,富崎國際有限公司,臺中市豐原區豐榮里信義街172號1樓,600000,1060801
9607,54265528,侑呈企業有限公司,臺中市大里區健民里鳳凰路89號1樓,6000000,1060808
9608,54265739,晟煜室內裝修工程有限公司,臺中市南屯區大業里大進街373號5樓之1,15000000,1060809
9613,54267363,亞里卡吶科技有限公司,臺中市潭子區潭陽里潭興路三段15號4樓之2,500000,1060828
9695,54302994,立豪光電有限公司,臺中市西屯區何南里大墩二十街99號5樓,1000000,1060823
9741,54332673,台灣彰星自行車零組件有限公司,臺中市豐原區豐中路112號,4398650,1060818
9834,54387655,美商諾博生物材料股份有限公司,臺中市西屯區惠來里府會園道179號3樓,0,1060824
9841,54390933,英屬維京群島商新邁實業有限公司,臺中市西屯區何南里精明路22號5樓之1,1000000,1060818
9854,54500565,惠饌國際企業有限公司,臺中市南屯區同心里文心路一段186號4樓之9,10000000,1060822
9893,54521463,通邑企業有限公司,臺中市烏日區九德里中華路418號1樓,500000,1060828
9907,54532715,鴻鑫小客車租賃有限公司,臺中市豐原區鎌村里鎌村一街21號,5000000,1060825
9929,54547180,雅藝視覺設計有限公司,臺中市西屯區臺灣大道三段540號7樓之2,1000000,1060830
9999,54573911,錦燐有限公司,臺中市龍井區東海里東海街41巷10號,5000000,1060821
10012,54579680,雅居樂建設有限公司,臺中市豐原區東湳里三豐路二段396巷22弄168號2樓,48000000,1060821
10013,54579957,璽達生物科技有限公司,臺中市后里區墩西里公安路130巷4號1樓,5000000,1060814
10014,54580053,沐頡景觀設計有限公司,臺中市西屯區福雅路436號,5000000,1060809
10015,54580434,鉦典實業有限公司,臺中市北區邱厝里大義街24號1樓,3000000,1060824
10017,54581237,尚愛科技股份有限公司,臺中市外埔區大東里甲后路五段46巷81號,1000000,1060809
10018,54581428,樂鑫企業有限公司,臺中市東區東門里東門路159號1樓,200000,1060822
10019,54582658,鈺棠實業有限公司,臺中市北屯區松竹路一段2之6號1樓,3000000,1060807
10020,54582910,宇柏國際開發股份有限公司,臺中市北屯區崇德路二段250號14樓,2500000,1060814
10022,54583559,迪爾國際有限公司,臺中市西屯區福林里福科路561號,3000000,1060830
10023,54583615,寬穎鐘錶股份有限公司,臺中市清水區文昌里中山路287-1號1樓,5000000,1060807
10024,54584945,卡氏崔網路流通股份有限公司,臺中市西區民龍里臺灣大道二段285號26樓之2,5000000,1060804
10025,54584972,臻穎投資有限公司,臺中市西屯區惠來里市政南一路12號3樓之2,8000000,1060816
10026,54584987,嬌水投資有限公司,臺中市西屯區市政南一路12號4樓之1,20000000,1060816
10027,54585249,天而企業有限公司,臺中市西屯區廣福里中清路199巷12弄18號,1000000,1060808
10028,54587062,絢彩家企業有限公司,臺中市大甲區薰風里水源路2之8號1樓,1000000,1060818
10029,54588029,皇津企業有限公司,臺中市西區和龍里臺灣大道二段2號12樓之5,12000000,1060815
10030,54588528,華嚴生命事業有限公司,臺中市西屯區大鵬里文心路三段237號3樓,3000000,1060823
10031,54588750,果朵有限公司,臺中市西區公德里忠明南路138號13樓之5,1000000,1060818
10032,54588864,大聖開發股份有限公司,臺中市大雅區雅楓里神林南路115巷7號1樓,1000000,1060807
10033,54589195,永祥金禮儀有限公司,臺中市豐原區社皮里社皮路66號1樓,500000,1060817
10034,54589272,喬億機械有限公司,臺中市南區福興里美村路二段283號2樓,2500000,1060809
10035,54589553,勝禾科技股份有限公司,臺中市南屯區保安十街119號1樓,6000000,1060801
10037,54590427,瑞華國際顧問股份有限公司,臺中市西區民龍里臺灣大道二段285號25樓,1000000,1060814
10038,54590756,富陞工業有限公司,臺中市太平區合利街33巷20號1樓,1000000,1060803
10039,54591848,堃睿實業股份有限公司,臺中市西屯區成都路279號地下一樓之11,25000000,1060810
10040,54592092,祁健科技股份有限公司,臺中市豐原區三豐路一段61巷42號,3000000,1060811
10041,54592229,富庶德電腦科技有限公司,臺中市豐原區南陽里保康路50號10樓之5,1000000,1060830
10042,54593677,品正投資股份有限公司,臺中市沙鹿區中山路533號15樓之5,15000000,1060801
10043,54593830,艾芮卡投資有限公司,臺中市西屯區市政南一路12號3樓之2,8000000,1060830
10044,54593846,純萃生技股份有限公司,臺中市西屯區惠來里文中路35號2樓,8000000,1060829
10045,54594248,鼎鑫財富管理顧問股份有限公司,臺中市西區吉龍里五權五街151號8樓之3,6000000,1060814
10047,54595582,中旅發展有限公司,臺中市南屯區大聖街342號,37000000,1060828
10048,54595605,十苑家具有限公司,臺中市南屯區文山里嶺東路370巷15號,500000,1060809
10049,54597104,燿鼎營造有限公司,臺中市烏日區弘德街18巷16號1樓,3000000,1060802
10050,54597189,宗科光電科技股份有限公司,臺中市大里區東興里國光路二段706號之3,10000000,1060803
10051,54598791,膳馨餐飲有限公司,臺中市西區土庫里存中街21號1樓,3000000,1060810
10052,54599095,力泰股份有限公司,臺中市大肚區瑞井里遊園路一段72北巷4弄16號1樓,4500000,1060801
10053,54599270,行寶島旅行社股份有限公司,臺中市西屯區文心路三段241號3樓之3,6000000,1060830
10054,54599356,達裕國際股份有限公司,臺中市西屯區西平里福星路369號1樓,1500000,1060830
10056,54601536,誠恭興業有限公司,臺中市南區文心南路546之2號,6000000,1060823
10057,54602140,夢想春有限公司,臺中市北屯區北興里旱溪西路二段57巷5號,3000000,1060831
10058,54602922,榮營科技有限公司,臺中市大雅區神林路一段204巷8號,4000000,1060802
10059,54602958,鴻鈞電料股份有限公司,臺中市潭子區東寶里大明一路45號1樓,7770000,1060814
10060,54603892,百醇餐飲股份有限公司,臺中市西屯區大河里文心路三段167之7號4樓,5000000,1060828
10061,54603979,全大鑫建設股份有限公司,臺中市霧峰區振德街15號1樓,2000000,1060825
10062,54604203,成力股份有限公司,臺中市北區錦平里五權路500巷6弄14號1樓,5000000,1060803
10063,54604371,梁山樂客創意音樂有限公司,臺中市北區錦南街36之1號,1000000,1060821
10064,54606434,宇睿投資有限公司,臺中市太平區新城里環中東路三段485巷11號2樓,28500000,1060821
10065,54606949,今機科技有限公司,臺中市烏日區螺潭里溪南路二段575號1樓,1500000,1060807
10067,54607433,謙廣投資有限公司,臺中市南屯區臺中市南屯區三義里市政南二路187號9樓之1,11000000,1060817
10068,54608550,統鑫金屬工程有限公司,臺中市大雅區西寶里中正路花眉巷7之66號1樓,50000,1060817
10083,54618749,空海餐飲有限公司,臺中市西屯區何成里大隆路140號,1000000,1060809
10114,54640215,霖彥有限公司,臺中市西屯區何厝東二街23號4樓之3,3000000,1060817
10194,54678345,鼎碩國際開發有限公司,臺中市南屯區大墩四街10號3樓,300000000,1060814
10289,54727839,靖源數位科技有限公司,臺中市西屯區臺灣大道四段1086號1樓,100000,1060822
10318,54739201,佰憶人本有限公司,臺中市中區公園里自由路二段9之8之11號,5000000,1060825
10319,54739650,大縉冷凍水產有限公司,臺中市南屯區同心里文心路一段186號16樓之11,12000000,1060828
10320,54740333,聖達隆股份有限公司,臺中市南屯區新生里環中路四段120-2號,3500000,1060818
10321,54740657,璿騰科技有限公司,臺中市西屯區上石里西屯路二段247號11樓之10,1000000,1060810
10323,54740690,啟麟貿易有限公司,臺中市南屯區新生里環中路四段101號,500000,1060802
10324,54740946,璦儷國際有限公司,臺中市西屯區協和里工業區十六路2之1號1樓,500000,1060807
10325,54740951,法米有限公司,臺中市西區向上路一段79巷16號,1000000,1060829
10326,54741585,太原興業股份有限公司,臺中市西屯區中平路226之1號,3000000,1060803
10327,54741993,龍將營造有限公司,臺中市北區明德里28鄰太原北路130號3樓之4,3000000,1060807
10328,54743486,燦星公寓大廈管理維護有限公司,臺中市北區賴明里山西路二段13號夾層,10000000,1060814
10329,54743583,雲康科技有限公司,臺中市大雅區橫山里永和路118之38號1樓,3600000,1060801
10330,54746272,赤爾森國際貿易有限公司,臺中市南屯區五權西路二段703號1樓,550000,1060829
10331,54746977,利基開發建設股份有限公司,臺中市霧峰區甲寅里民生路166之2號1樓,8000000,1060808
10332,54747384,威豐汽車精品有限公司,臺中市南屯區文心里大英街110巷8號1樓,300000,1060808
10333,54747618,鋒賦國際有限公司,臺中市北屯區平安里文心路四段698號9樓之1,5000000,1060817
10334,54747624,惠丞醫材股份有限公司,臺中市北屯區忠平里敦化路一段531號12樓,10000000,1060829
10335,54748362,善水實業股份有限公司,臺中市南區德義里仁德街23號1樓,1000000,1060808
10336,54749025,睿碩國際有限公司,臺中市北區賴村里健行路548號1樓,5000000,1060808
10337,54749257,農富興業有限公司,臺中市西屯區寧夏路195之8號,5000000,1060822
10338,54749897,萬順能源股份有限公司,臺中市西區民龍里英才路530號18樓之3,2000000,1060830
10339,54750177,亦啓建設開發有限公司,臺中市外埔區大同里甲后路501號1樓,20000000,1060818
10340,54750681,富貴鼎地產開發有限公司,臺中市豐原區葫蘆里市前街76號2樓,500000,1060816
10342,54751345,尚虹建設股份有限公司,臺中市北區進化北路238號13樓之1,10000000,1060824
10343,54752702,寰茂開發有限公司,臺中市北區健行里忠明路268號1樓,3600000,1060824
10344,54753738,金灃盛工業股份有限公司,臺中市大雅區上雅里神林南路43巷48之1號,5000000,1060823
10345,54754595,倉丞有限公司,臺中市大雅區文雅里中和七路51巷13號1樓,1000000,1060816
10346,54754976,聖佳管理顧問有限公司,臺中市東區東英里十甲東路740號2樓,1000000,1060809
10347,54755010,坤泰工業有限公司,臺中市沙鹿區南昌路42巷1號1樓,1000000,1060804
10348,54756030,喬依行銷顧問股份有限公司,臺中市北屯區水湳里文心路四段81號8樓之2,10000000,1060814
10349,54756073,居益管理顧問有限公司,臺中市西屯區林厝里福雅路321巷10之1號,1000000,1060816
10350,54757621,昌鉦科技有限公司,臺中市梧棲區草湳里永興路二段336巷97號,6000000,1060822
10351,54758712,廣翼工業有限公司,臺中市大甲區平安里信義路106號1樓,500000,1060811
10352,54760105,貝果的小小伸展台有限公司,臺中市北屯區崇仁街58巷12號,200000,1060817
10353,54760251,宥美科技有限公司,臺中市太平區宜佳里宜文街41號,1000000,1060829
10354,54760610,長佑實業有限公司,臺中市北屯區同榮里更生巷232號1樓,6000000,1060815
10355,54760800,亮予科技有限公司,臺中市潭子區福仁里中山路二段73巷27號,2000000,1060823
10356,54761414,唐旺國際食品顧問股份有限公司,臺中市北區新興里太平路75巷3-1號1樓,2000000,1060803
10357,54761499,全球第一營養素食有限公司,臺中市西屯區潮洋里市政北二路417號2樓,12000000,1060831
10358,54762011,東禾實驗器材有限公司,臺中市南區西川里忠明南路458號,1000000,1060809
10359,54763308,海福瑞科技股份有限公司,臺中市西區五權路1之67號12樓之4,2500000,1060818
10360,54763428,良翊建設有限公司,臺中市東區十甲里二聖街75號,25000000,1060816
10361,54763877,宏揚國際有限公司,臺中市北屯區平福里崇德路二段256號19樓,1000000,1060824
10362,54764094,誼德投資有限公司,臺中市西屯區福安里安和路127之17號,20000000,1060830
10364,54764502,鼎盛工業股份有限公司,臺中市烏日區中山路一段和平巷81號,28000000,1060803
10365,54765609,睛采互動科技有限公司,臺中市西屯區何厝里漢口路二段49號3樓,1000000,1060809
10366,54767819,小薔巧思設計有限公司,臺中市北區興進路200號2樓,1300000,1060821
10367,54767986,元豪科技有限公司,臺中市西屯區協和里協和北巷1之1號1樓,450000,1060803
10368,54769062,圓創運動行銷有限公司,臺中市北區淡溝里臺灣大道二段340號8樓之5,200000,1060807
10418,54797996,玖冠投資股份有限公司,臺中市南區建國南路三段122號3樓之1,4000000,1060804
10447,54811673,坤源精密股份有限公司,臺中市東區東福路41號4樓之7,12000000,1060821
10461,54816712,營鏹有限公司,臺中市東區東英路628號1樓,2000000,1060816
10491,54829723,加泓優有限公司,臺中市西屯區何厝東二街23號4樓之3,500000,1060829
10509,54835008,宏樺國際股份有限公司,臺中市西區忠明里美村路一段39之1號3樓,20000000,1060829
10591,54878076,安久利智有限公司,臺中市西屯區市政路500號11樓之3,1000000,1060818
10601,54882682,勝安營造股份有限公司,臺中市豐原區中正路342號1樓,5500000,1060825
10604,54883330,鴻景國際貿易有限公司,臺中市西屯區河南路二段319號4樓之1,1000000,1060808
10605,54883459,天華不動產有限公司,臺中市東勢區北興里豐勢路513號1樓,500000,1060802
10606,54883991,唯聖精密機械有限公司,臺中市潭子區嘉仁里仁愛路二段140巷12弄2號1樓,2000000,1060808
10608,54885554,本橋管理顧問有限公司,臺中市西屯區永安里國安一路127號3樓之3,8000000,1060822
10610,54886110,成欣企業股份有限公司,臺中市南屯區向心里文心南二路388號13樓之2,29000000,1060802
10611,54887510,正道興業有限公司,臺中市南區南和里忠明南路918號3樓之1,16000000,1060822
10612,54887666,晁銓實業有限公司,臺中市太平區新仁路一段158號1樓,2000000,1060810
10613,54888089,和嵩金屬工程有限公司,臺中市南屯區文心南三路160號2樓,20000000,1060825
10614,54888692,優沛柏有限公司,臺中市外埔區土城里土城西路109號1樓,1500000,1060810
10615,54888932,博林開發股份有限公司,臺中市南屯區大進街106號1樓,2000000,1060831
10616,54888975,皆潤生科有限公司,臺中市西屯區何源里漢成街27號1樓,100000,1060808
10617,54889171,梧棲小鎮企業有限公司,臺中市梧棲區下寮里中興路376號,1000000,1060830
10618,54890938,德昌手工藝品有限公司,臺中市中區大墩里三民路二段74巷1號6樓之1,500000,1060808
10619,54891789,吉崗生物科技有限公司,臺中市大里區祥興里喬城路69號1樓,3000000,1060829
10620,54891943,京品坊興業股份有限公司,臺中市北屯區敦化路一段481號1樓,55000000,1060823
10621,54892339,平芳股份有限公司,臺中市北區崇德路一段212號,500000,1060815
10624,54895053,金太極能源科技有限公司,臺中市大肚區永和里文昌路一段164巷11號1樓,500000,1060828
10625,54895188,金尚藝品有限公司,臺中市太平區太順路377號10樓之3,200000,1060829
10626,54895589,嵐天自動化股份有限公司,臺中市南屯區寶山里工業區十八路31之1號1樓,12000000,1060821
10627,54895960,呈勝有限公司,臺中市南屯區嶺東南路47號1樓,2200000,1060829
10628,54896089,睿馨有限公司,臺中市大雅區上雅里學府路404巷5號1樓,3000000,1060807
10629,54896503,吉勝工具開發有限公司,臺中市豐原區翁子里豐勢路二段480巷86號1樓,680000,1060815
10630,54896927,禾樂生技有限公司,臺中市北區永興街329號1樓,2000000,1060816
10631,54897025,台宇誠實業有限公司,臺中市大里區新仁七街47巷22號1樓,500000,1060814
10632,54897186,千峻機械股份有限公司,臺中市豐原區大湳里三豐路258號,1500000,1060817
10634,54897947,聯宇環能社會企業有限公司,臺中市南屯區永定里五權西路二段776號1樓,3200000,1060829
10635,54898002,采譽國際股份有限公司,臺中市西屯區潮洋里朝馬路113號1樓,2000000,1060801
10636,54898381,台全實業有限公司,臺中市大里區仁德里仁化路263巷200號,300000,1060807
10637,54899706,欣嘉住宅科技有限公司,臺中市西區民龍里公益路113號2樓,3000000,1060831
10638,54899776,興昌事業有限公司,臺中市西屯區福中里福中二街23巷12號1樓,5000000,1060801
10639,54899945,彬旂營造有限公司,臺中市西屯區大墩二十街116號2樓之2,3000000,1060809
10640,54899987,鉅峰食品生技股份有限公司,臺中市北屯區仁美里豐樂路12之1之3號1樓,29000000,1060831
10641,54900014,舞奕有限公司,臺中市北屯區平安里崇德路二段130號17樓,1000000,1060818
10642,54900106,潤鴻資產顧問有限公司,臺中市南屯區南屯里永春東路1000之18號14樓,1100000,1060818
10643,54900350,程泰不動產事業有限公司,臺中市南屯區大業里大墩路924之2號,200000,1060831
10645,54900675,凱萊鑫科技股份有限公司,臺中市西屯區市政北二路238號13樓之3,12000000,1060816
10646,54901560,宬達環保科技有限公司,臺中市北區漢口路三段152號1樓,200000,1060809
10647,54902821,綠世界種苗股份有限公司,臺中市豐原區水源路9巷161號1樓,10000000,1060816
10648,54904763,日和勝先進科技貿易有限公司,臺中市南屯區大興里大墩路20巷28號1樓,2000000,1060818
10650,54906039,九和人力資源有限公司,臺中市西屯區大恩街93號1樓,5000000,1060821
10651,54906312,耀豐開發有限公司,臺中市西屯區逢甲路223號13樓之2,5000000,1060817
10652,54906690,百宏工業有限公司,臺中市后里區墩北里富春路82號1樓,1000000,1060804
10654,54907327,示雅事業有限公司,臺中市太平區新高里樹德路52號2樓,200000,1060822
10655,54907781,台灣路演股份有限公司,臺中市北區金龍里榮華街30號7樓之2,1500000,1060814
10656,54910929,福氣實業股份有限公司,臺中市西屯區四川路129號,10000000,1060829
10673,55171506,林豐義股份有限公司,臺中市豐原區陽明里南陽路510號,2000000,1060828
10674,55226832,啟盛機械工廠有限公司,臺中市后里區墩北里甲后路801號1樓,13000000,1060814
10675,55640466,履昌皮革業股份有限公司,臺中市南屯區文心南一路95號2樓,19100000,1060829
10676,55670334,大甲鐵材股份有限公司,臺中市外埔區鐵山里長生路1016號,60000000,1060818
10677,55674036,六威水電衛生工程有限公司,臺中市大甲區順天里信義路56號,4600000,1060821
10678,55675513,東北橡膠股份有限公司,臺中市沙鹿區沙田路39之2號,19600000,1060815
10679,55697707,安鼎營造股份有限公司,臺中市西屯區協和里安和一街89號2樓,200000000,1060803
10680,55701385,建中船務代理股份有限公司,臺中市梧棲區四維中路234號,10000000,1060801
10681,55701744,雷星企業股份有限公司,臺中市梧棲區草湳里港埠路一段233巷33號,16500000,1060809
10682,55762880,進拓鑄造股份有限公司,臺中市大肚區永和里溪洲路278號,40000000,1060824
10683,55782577,全豐冷凍股份有限公司,臺中市石岡區石岡里豐勢路1323號,12000000,1060828
10685,55802519,裕錦實業有限公司,臺中市石岡區和盛里豐勢路29號1樓,10000000,1060814
10686,55822389,慧春鞋業有限公司,臺中市后里區后里里泉州路25之10號,13000000,1060808
10687,55823872,全順鋁業股份有限公司,臺中市大雅區和平路175號,7000000,1060801
10688,55826322,柯達金屬工業股份有限公司,臺中市外埔區水美里二崁路568巷2號,17500000,1060817
10689,55827477,穀穗企業股份有限公司,臺中市后里區后里里三豐路四段129巷13號1樓,2000000,1060815
10690,55832561,怡晉實業股份有限公司,臺中市西屯區何成里大墩十九街186號5樓之1,19000000,1060824
10691,55850461,功農企業有限公司,臺中市大雅區六寶里清陽二路69號,3000000,1060811
10692,55856606,庚宏化工股份有限公司,臺中市神岡區庄後里中車路20號,5000000,1060803
10697,55872697,大將作工業股份有限公司,臺中市北區淡溝里臺灣大道二段360號22樓之1,250000000,1060811
10712,55892878,甘農股份有限公司,臺中市霧峰區五福里五福路557號,72000000,1060802
10713,55893378,隱和旅有限公司,臺中市西屯區逢甲里西屯路二段272之16號,1000000,1060804
10715,55897584,揚凱工業有限公司,臺中市大里區西湖里景庄街202巷35弄1號,200000,1060815
10724,55914964,筆聖企業有限公司,臺中市豐原區豐圳里成功路748號,5000000,1060828
10726,55919031,敦南營造有限公司,臺中市西屯區市政路386號25樓之8,22500000,1060808
10730,55924604,大生汽車貨運股份有限公司,臺中市北區健行路607號2樓,20500000,1060816
10747,55944931,汎登企業股份有限公司,臺中市大雅區員林里神林路一段268巷56號,5000000,1060803
10753,55953298,金俊工業股份有限公司,臺中市潭子區栗林里豐栗路30號,13000000,1060818
10755,55962347,源潤豐鑄造股份有限公司,臺中市神岡區新庄里溪頭路326號,220000000,1060809
10757,55963768,力生斬板股份有限公司,臺中市后里區公館里三豐路五段171巷20號,13000000,1060822
10761,55969186,瑞怡股份有限公司,臺中市潭子區栗林里安和路一六號,5000000,1060823
10762,55970016,東豐木業股份有限公司,臺中市豐原區北陽里南陽路2號,7000000,1060815
10768,55981745,元穩實業股份有限公司,臺中市豐原區南嵩里水源路115巷66號,28000000,1060801
10769,55985524,元培紙業股份有限公司,臺中市豐原區西湳里三豐路二段135巷50號,3720000,1060821
10773,55991906,久立琺瑯工業股份有限公司,臺中市潭子區大豐里潭富路2段81巷11號,18000000,1060815
10780,56002705,大丸塑膠織造股份有限公司,臺中市大甲區中山路一段458號,10000000,1060814
10781,56004210,巧合企業股份有限公司,臺中市龍井區忠和里工業路190號,20000000,1060809
10793,56192402,福壽實業股份有限公司,臺中市沙鹿區沙田路45號,3220138870,1060817
10794,56192509,洽發興農業科技股份有限公司,臺中市沙鹿區大同街33號,70000000,1060818
10796,56204049,威輪工業股份有限公司,臺中市大甲區中山路2段325號,200000000,1060808
10816,56604707,兩果文化創意有限公司,臺中市北屯區天祥街19號,1000000,1060816
10842,56619737,瑩信工業股份有限公司,臺中市大甲區日南里工二路41號,28400000,1060801
10855,56633409,日日旺國際企業有限公司,臺中市西屯區福林里宏福五巷22號4樓,1000000,1060811
10863,56640470,慶岱機電工業有限公司,臺中市梧棲區興農里中央路一段527之3號,7000000,1060804
10870,56647500,昇義實業股份有限公司,臺中市清水區下湳里菁埔路298號,2000000,1060829
10873,56653740,香港商廣達工業有限公司,臺中市大肚區興和路197號,380000,1060830
10881,56659738,泉輝鐵工廠有限公司,臺中市龍井區海尾路278巷53號,15000000,1060802
10883,56661306,致強工業股份有限公司,臺中市大甲區甲后路192之1號,20000000,1060809
10889,56666040,香港商梧桐國際股份有限公司,臺中市西屯區台灣大道四段767號3樓之2,5000000,1060821
10896,56672887,立建工業股份有限公司,臺中市梧棲區草湳里臨港路三段168巷51弄36、38號,28510000,1060814
10899,56674750,香港商安度有限公司,臺中市西屯區府會園道179號3樓,1000000,1060807
10901,56676194,華元食品股份有限公司,臺中市梧棲區草湳里自立二街392號,189400000,1060821
10907,56681464,朝盛塑膠工業股份有限公司,臺中市清水區裕嘉里高美路312號,8000000,1060807
10912,56683189,鼎固健康科技股份有限公司,臺中市大安區西安里東西七路二段102號,35000000,1060811
10915,56686622,長流國際事業有限公司,臺中市西屯區福雅里福順路309號1樓,200000,1060809
10924,56694812,秉軒國際有限公司,臺中市北屯區山西路三段226號,2500000,1060818
10934,56718547,灃盈投資有限公司,臺中市南屯區南屯路二段408號11樓之3,5000000,1060830
10939,56812536,興春鞋業有限公司,臺中市后里區泉州路25之10號,11000000,1060808
10941,57032707,功力化學工業股份有限公司,臺中市太平區新平路一段196號,117000000,1060802
10943,57146666,萬新汽車工業股份有限公司,臺中市大里區中興路二段747巷25號1樓,8400000,1060810
10944,57215163,德記工業股份有限公司,臺中市太平區中山路三段23號,16000000,1060807
10945,57564507,東宮戲院股份有限公司,臺中市東勢區南平里豐勢路368號,3000000,1060829
10946,58019034,大旭實業股份有限公司,臺中市西屯區黎明路三段515號1樓,39000000,1060814
10970,59114697,拓洋營造股份有限公司,臺中市西屯區協和里安和一街89號2樓,210000000,1060803
11039,59223885,芒果有限公司,臺中市東區信義街218巷15號,100000,1060823
11118,59353423,橋椿金屬股份有限公司,臺中市西屯區市政路386號22樓之1、之3、之5、之6、之7、之8及23樓之1、之3、之5、之6、之7、之8,1636432290,1060809
11121,59751724,特寶科技股份有限公司,臺中市南屯區文山里忠勇路52之275巷79之1號,2000000,1060825
11122,59778006,臺灣藝生態有限公司,臺中市北屯區松竹路二段76巷19號2樓,6800000,1060808
11123,59781810,宏霖物業有限公司,臺中市龍井區忠和里中央路三段213巷27弄2號,200000,1060829
11124,59793718,永盛興國際有限公司,臺中市南區工學北路250號1樓,10000000,1060818
11125,59802006,鼎赫先進股份有限公司,臺中市北屯區仁和里崇德十路一段552號3樓,20000000,1060818
11126,59816705,巨勤數位網通有限公司,臺中市北區賴福里進化北路392之2號9樓之1,1000000,1060828
11127,59828809,源承實業有限公司,臺中市南屯區南屯里南屯路二段653號1樓,600000,1060808
11128,59830404,尚穩物流有限公司,臺中市西區民權路185號8樓之1,100000,1060824
11129,59837602,靜岡堆高機有限公司,臺中市北區長青里武昌南街10號3樓,5000000,1060814
11130,59840424,鑫釉珠寶設計有限公司,臺中市南區公理街83巷9之2號,1000000,1060823
11131,59840705,賓利萌企業有限公司,臺中市西屯區何厝里何厝東二街23號4樓之3,1500000,1060810
11132,59841606,成侑不動產有限公司,臺中市南區建成路1920號1之3樓,2000000,1060823
11133,59847313,吉米行銷有限公司,臺中市西屯區何成里大容西街67號2樓之2,1000000,1060819
11134,59861308,萊登生技有限公司,臺中市西屯區青海路一段99號6樓,7500000,1060829
11135,59861709,艾洛生技有限公司,臺中市西屯區青海路一段99號6樓,7500000,1060829
11136,59878906,詠碩投資有限公司,臺中市西屯區市政北一路77號12樓之2,1000000,1060829
11138,60201086,艾爾莫莎有限公司,臺中市南屯區黎明路一段1022號1樓,300000,1060815
11139,60202016,廣思通訊有限公司,臺中市大里區新明路55號15樓之1,500000,1060804
11140,60214694,月桂冠投資開發有限公司,臺中市北屯區后庄里后庄七街76號,1000000,1060811
11141,60216671,緣成建設有限公司,臺中市西區忠誠里臺灣大道二段573號6樓,12000000,1060816
11142,60219353,寶順數位科技有限公司,臺中市西屯區大鵬里文心路三段241號21樓之7,500000,1060830
11143,60220632,斯凱宜有限公司,臺中市大里區國光里國光路二段366號1樓,500000,1060823
11144,60221983,滿順有限公司,臺中市南屯區同心里大墩二街216號1樓,2000000,1060809
11145,60228466,啟新有限公司,臺中市大里區大元里中興路二段124號1樓,2000000,1060802
11146,60229232,萊元廣告有限公司,臺中市南區工學里工學路155巷8號10樓之2,1000000,1060818
11147,60230717,坦德管理顧問有限公司,臺中市南屯區東興路二段186號12樓之3,5000000,1060824
11149,60232454,貝瑞滋烘焙有限公司,臺中市西屯區港尾里中清路二段1249號1樓,500000,1060801
11150,60235419,朋頡有限公司,臺中市西屯區黎明路二段815之7號1樓,5000000,1060829
11152,60241952,凱爾投資顧問有限公司,臺中市西屯區惠來里市政路159號2樓,4000000,1060822
11153,60242592,中欣飯店股份有限公司,臺中市中區建國路180號,160000000,1060830
11154,60243298,財聚不動產開發有限公司,臺中市北屯區仁和里崇德路三段132號1樓,300000,1060825
11155,60245351,匯通金融科技有限公司,臺中市南屯區南屯里五權南路584號2樓,2000000,1060809
11156,60247196,昶騰開發建設有限公司,臺中市大甲區銅安里長壽路19之7號1樓,5000000,1060829
11157,60250380,草悟道漂鳥股份有限公司,臺中市西區中興里公益路201號7樓,22500000,1060807
11158,60254338,鼎煜鑫業有限公司,臺中市北屯區軍功里松竹路一段568號,1000000,1060814
11159,60254920,夸克整合行銷有限公司,臺中市北區健行里忠明路424號5樓之1,500000,1060809
11160,60256032,奇勛科技有限公司,臺中市西區公民里忠仁街80號4樓,500000,1060821
11161,60257335,上義貿易有限公司,臺中市西區土庫里華美街37號7樓之4,500000,1060815
11162,60259312,富盟物業股份有限公司,臺中市南屯區惠中里文心路一段324號14樓之1、14樓之2,10000000,1060825
11163,60259592,浩楊貿易有限公司,臺中市西屯區惠來里府會園道179號3樓,4000000,1060829
11164,60259690,柳岩國際貿易股份有限公司,臺中市北屯區崇德路二段280號21樓之3,200000,1060822
11165,60262864,捷禾興有限公司,臺中市西區精誠二十四街7號2樓之5,2000000,1060823
11166,60263364,真善美顧問股份有限公司,臺中市大里區永隆七街227號1樓,1000000,1060804
11167,60264080,喜樂健康生技股份有限公司,臺中市北區建興里學士路236巷6號,4000000,1060818
11168,60264194,偉邦資科有限公司,臺中市西屯區福和里臺灣大道四段847號12樓,5000000,1060830
11170,60264912,珂珂瑪物聯網股份有限公司,臺中市西屯區何明里漢口路一段2之6號2樓,20000000,1060823
11171,60265320,綠恬佳樹社會企業有限公司,臺中市西區忠誠里大隆路10號1樓,1000000,1060802
11172,60266952,媒教授科技有限公司,臺中市中區大誠里中華路二段35號12樓之1,300000,1060807
11173,60266968,艾爾八興業有限公司,臺中市北區金龍里金龍街35號2樓,100000,1060825
11174,60267191,順泰豐國際有限公司,臺中市西屯區市政北二路238號13樓之1,25000000,1060811
11175,60268142,松苑建設有限公司,臺中市西屯區何南里精明路54巷6號,5000000,1060823
11177,60269058,恩樂美有限公司,臺中市西屯區河南路二段262號11樓之9,1000000,1060829
11178,60269661,上陞欣業有限公司,臺中市北區錦祥里進化路575號16樓之4,2400000,1060816
11179,60269873,光隆精密工業股份有限公司,臺中市大雅區雅潭路三段470號,60000000,1060809
11180,60271147,丞信印刷股份有限公司,臺中市西屯區西墩里環中路二段836巷13號,4000000,1060807
11181,60273617,千弘自動化有限公司,臺中市梧棲區草湳里港埠路一段827巷53號1樓,300000,1060831
11182,60273807,大興畜產有限公司,臺中市西屯區福林里臺灣大道四段1270號十二樓之11,2350000,1060823
11183,60274910,東海國際顧問有限公司,臺中市西屯區永安里42鄰國安一路87號22樓之2,230000,1060825
11184,60275333,珍大元國際實業有限公司,臺中市西屯區潮洋里市政北二路238號8樓之1,10000000,1060802
11185,60275903,齊鉅實業股份有限公司,臺中市北屯區進化北路63號7樓之1,19900000,1060815
11186,60277178,品隆食品有限公司,臺中市北區賴旺里中清路一段806號1、2樓,500000,1060809
11187,60280552,玻爾生醫科技股份有限公司,臺中市潭子區大豐里潭富路二段78號1樓,6000000,1060814
11188,60280981,優袋國際有限公司,臺中市西屯區永安里國安一路229號6樓之9,500000,1060817
11189,60282952,冠棋企業有限公司,臺中市太平區光興路807巷30號,1900000,1060809
11190,60283299,崧芳貿易股份有限公司,臺中市外埔區大東里甲后路五段130巷46弄23號1樓,2000000,1060822
11191,60283404,熾炘有限公司,臺中市大雅區雅楓里神林南路197巷1號,360000,1060809
11192,60283426,蓮城國際有限公司,臺中市中區大墩里臺灣大道一段366號,5000000,1060810
11193,60284086,新盛映翠有限公司,臺中市西區美村路一段236巷4號1樓,300000,1060814
11194,60284282,優利不銹鋼有限公司,臺中市清水區田寮里三田路7之6號1樓,5000000,1060804
11195,60286325,騰云生活有限公司,臺中市南屯區大業里公益路二段61號3樓之2,10000000,1060814
11196,60286444,晁穗能源科技有限公司,臺中市梧棲區大庄里文昌路636巷2弄7號,5000000,1060802
11197,60286789,亞鑫國際投資控股股份有限公司,臺中市西區五權五街151號8樓之5,10000000,1060815
11198,60287289,龍鑫建經開發投資控股股份有限公司,臺中市西區吉龍里五權五街151號8樓之5,5000000,1060811
11199,60287582,禾丞工業有限公司,臺中市神岡區庄後里大圳路55號,3000000,1060814
11200,60288180,超越媒體科技股份有限公司,臺中市烏日區中山路三段244號,100000000,1060808
11201,60288246,鑫元盛實業股份有限公司,臺中市太平區新坪里育賢路61號2樓,2000000,1060822
11202,60288800,寬博國際有限公司,臺中市豐原區豐年路109巷6號1樓,1000000,1060809
11204,60289815,紳豐工業有限公司,臺中市南屯區寶山里文山北巷5之15號,20000000,1060828
11205,60290073,高盛國際金融科技有限公司,臺中市南屯區南屯里五權西路二段666號7樓之9,1000000,1060808
11206,60291100,永豐行空調工程有限公司,臺中市東區東橋里建勇東街6號1樓,5000000,1060818
11207,60292348,朗裕實業股份有限公司,臺中市北屯區進化北路63號6樓之1,26200000,1060814
11208,60293183,犀牛電動能有限公司,臺中市大雅區昌平路四段490號1樓,5680000,1060807
11209,60294248,保僖有限公司,臺中市大雅區西寶里昌平路四段282南六巷15號1樓,1000000,1060804
11210,60294303,碩恩材料有限公司,臺中市梧棲區草湳里自立二街458號3樓,500000,1060828
11212,60296533,祥展營造股份有限公司,臺中市西屯區大洲街111號,60000000,1060808
11213,60297028,仁宏興業有限公司,臺中市西區中興里向上北路147號1樓,500000,1060814
11214,60298743,黑客網路科技有限公司,臺中市西區民龍里臺灣大道二段2號15樓之1,250000,1060824
11215,60300706,首泰有限公司,臺中市西屯區中工二路19號2樓,100000,1060810
11216,60302280,水素生醫有限公司,臺中市南屯區田心里大墩四街321號地下1層,1000000,1060828
11217,60306413,北緯二十二度休閒事業有限公司,臺中市沙鹿區北勢里北中七街39號,21888888,1060802
11218,60312800,愛唱久久音樂科技股份有限公司,臺中市南屯區文心里向上南路一段287號,110388800,1060821
11219,60313239,承運開發有限公司,臺中市北屯區陳平里陳平路32號1樓及32之1號1樓,1000000,1060811
11220,60313667,臺灣富有環保科技股份有限公司,臺中市烏日區三和里三榮六路90號3樓,10000000,1060828
11222,60322477,慧國國際有限公司,臺中市北區錦平里五權路356號1樓,100000,1060816
11223,60324812,鉅耀精密有限公司,臺中市大里區西柳街66巷39號1樓,6000000,1060824
11224,60325690,景達國際企業有限公司,臺中市西區藍興里公館路103號1樓,100000,1060815
11225,60327590,有一間通訊有限公司,臺中市西屯區西屯路二段30號1樓,200000,1060828
11226,60328818,智泉媒體有限公司,臺中市北屯區平德里文心路四段506號1樓,5000000,1060814
11228,60330103,億唐實業有限公司,臺中市北區立人里華美街二段262號7樓之2,1000000,1060817
11229,60331980,分享生活股份有限公司,臺中市南屯區五權西路二段666號10樓之3,1000000,1060830
11230,60350515,龍詮德國際貿易有限公司,臺中市西區民龍里英才路530號12樓之5,4800000,1060807
11231,60350917,鼎甲文創有限公司,臺中市潭子區頭家東里頭張東路93號1樓,1200000,1060811
11232,60351140,澳成有限公司,臺中市南屯區同心里文心路一段186號18樓之9,1000000,1060817
11233,60353787,尉廷坊有限公司,臺中市西區忠明南路329號1樓,100000,1060808
11234,60360470,惠雙房屋有限公司,臺中市西區吉龍里五權七街130號4樓之3,200000,1060825
11235,60371321,酩丞企業有限公司,臺中市南區樹德里復興北路511號地下室二樓,2300000,1060818
11236,60375240,飛勝科技有限公司,臺中市大雅區橫山里永和路六甲巷10之37號,2000000,1060822
11237,60376162,宏鑫精密實業有限公司,臺中市太平區太平里新仁路一段44巷8弄77號,1000000,1060810
11238,60377508,立福行銷國際有限公司,臺中市西區忠誠里台灣大道二段501號18樓之2,2000000,1060816
11239,60377726,里埕室內裝修有限公司,臺中市北屯區和平里建和路二段239號1樓,1000000,1060822
11240,60378598,陞鼎有限公司,臺中市東區東和街52號1樓,3000000,1060823
11241,60378611,映汝有限公司,臺中市太平區新光里振福路510號1樓,10000,1060807
11242,60378915,好運農創行銷股份有限公司,臺中市沙鹿區興安里斗潭路285巷34號1樓,2000000,1060803
11243,60379013,儷峰影業有限公司,臺中市西區貴和街192號1樓,5000000,1060823
11244,60380763,方棠有限公司,臺中市烏日區興祥街191巷29號3樓,600000,1060803
11245,60382262,優勝家教育有限公司,臺中市大里區東榮路587號1至3樓,5000000,1060809
11246,60383023,群桐有限公司,臺中市南區忠明南路916號17樓之1,5000000,1060831
11247,60386035,明豐偉工程有限公司,臺中市梧棲區草湳里建國北街370號1樓,2000000,1060809
11248,60386226,泓佑實業有限公司,臺中市西區藍興里三民路一段103號7樓之2,1000000,1060830
11249,60386274,相順綠能科技股份有限公司,臺中市清水區吳厝里和睦路三段70號,10000000,1060830
11250,60386470,利百加生物科技股份有限公司,臺中市西區民龍里英才路530號22樓之6,2500000,1060825
11251,60386957,安赫普生技股份有限公司,臺中市大里區新里里永大街77巷38號,2000000,1060821
11252,60387956,豐沛電力有限公司,臺中市北區淡溝里台灣大道二段340號8樓之5,10000000,1060815
11253,60391059,極昂有限公司,臺中市西區大隆路20號8樓之1,10000000,1060815
11254,60538906,億辰光電有限公司,臺中市北屯區昌平東五路13號,27000000,1060808
11255,60559628,永震不動產股份有限公司,臺中市北屯區文心路四段95號,4500000,1060801
11256,60563003,拓樸資產投資股份有限公司,臺中市西區公正里東興路三段160號12樓之2,24000000,1060823
11257,60571405,鉿特汽車租賃有限公司,臺中市南區永興里德富路502號1樓,5000000,1060814
11259,60623157,名益開發有限公司,臺中市龍井區山腳里沙田路六段203號2樓,24000000,1060823
11260,60627512,日力能源有限公司,臺中市沙鹿區三鹿里向上路六段738號1樓,2000000,1060816
11261,60711412,水聯網科技有限公司,臺中市烏日區榮泉里三榮十五路9號12樓之2,500000,1060821
11262,60725801,博賢人力資源有限公司,臺中市西區和龍里臺灣大道二段2號15樓之5,5000000,1060811
11263,60784907,景匠綠材有限公司,臺中市北區建興里學士路248巷35號5樓之20,5000000,1060815
11264,60788657,穎磊貿易有限公司,臺中市南區新和街154巷50號1樓,1000000,1060803
11265,61056835,承富開發有限公司,臺中市清水區橋頭里鎮新五街55號1樓,28000000,1060818
11266,61081004,德昌精密股份有限公司,臺中市大雅區四德里中清路三段819巷8號2樓,1000000,1060817
11267,61188104,鋐富鑫有限公司,臺中市北屯區平田里文心路四段955號7樓之4,500000,1060824
11268,61191001,希摩爺爺股份有限公司,臺中市北屯區平和里文心路四段141之4號,2000000,1060823
11269,61208707,憶覲股份有限公司,臺中市太平區平安里鵬儀路214巷1弄20號1樓,2000000,1060823
11270,61210008,群品餐飲股份有限公司,臺中市西區民龍里臺灣大道二段218號29樓,100000000,1060828
11271,61216501,辰行空間設計有限公司,臺中市西屯區逢福里福上巷239之2號,500000,1060822
11272,61234819,萬豐國際事業有限公司,臺中市沙鹿區埔子里屏西路241號,300000,1060823
11273,61249209,聯祥有限公司,臺中市西區忠明里美村路一段117巷23號2樓之1,500000,1060815
11274,61257919,忻宇國際有限公司,臺中市西區精誠十一街3號1樓,5000000,1060825
11276,61320217,展華企業有限公司,臺中市北區中清路一段447號7樓之1,3200000,1060830
11277,61329505,上藤屋有限公司,臺中市西屯區何安里四川路21號,2000000,1060816
11278,61331501,勝手丼餐飲有限公司,臺中市太平區新光里新福東街30巷36號1樓,28000000,1060828
11279,61394809,稟崴國際實業有限公司,臺中市南屯區溝墘里大墩十六街5號3樓,1000000,1060824
11280,61510602,吉英冠皇生技股份有限公司,臺中市沙鹿區鹿峰里星河路100巷14號,500000,1060811
11281,61752523,安得晟精密有限公司,臺中市大里區西湖里景庄街202巷58-21號,5000000,1060810
11282,61752571,尚育工業有限公司,臺中市豐原區豐田里豐田路118號,5000000,1060821
11283,61757631,佶締企業有限公司,臺中市潭子區潭陽里潭興路二段332巷30弄66之1號,500000,1060815
11285,61761419,富盈數位科技有限公司,臺中市西屯區何南里臺灣大道二段633號12樓之5,5000000,1060808
11286,61762472,蕙陽有限公司,臺中市北屯區仁美里崇德十一路37號4樓之1,6000000,1060815
11287,61763654,普博文化科技有限公司,臺中市西屯區大墩二十街99號5樓,2000000,1060801
11288,61765392,安程有限公司,臺中市北區進化路575號2樓之2,1000000,1060802
11289,61768588,歐力達有限公司,臺中市南屯區大興里南屯路二段183號11樓,200000,1060808
11290,61772160,上捷新安股份有限公司,臺中市神岡區大社里豐社路128號,20000000,1060809
11293,61784721,展晟水電工程有限公司,臺中市南屯區大墩西二街19號1樓,1000000,1060825
11295,61788450,快思得有限公司,臺中市中區公園里自由路二段129號3樓之1,240000,1060809
11296,61790913,一番地溫泉有限公司,臺中市北屯區平心里文心路四段669號3樓之1,100000,1060803
11297,61793637,宏觀商務中心有限公司,臺中市西屯區何南里東興路三段381號5樓之3,50000,1060822
11298,61794538,台郡環保塑膠有限公司,臺中市大肚區頂街里大明四街83號1樓,1000000,1060825
11299,61796297,帝光國際企業有限公司,臺中市北區崇德路一段629號18樓之2,5000000,1060803
11300,61796917,臻悅美饌有限公司,臺中市北屯區仁美里昌平東三路68號,1000000,1060802
11301,61797872,佳永精密有限公司,臺中市西區公舘里民興街141巷13號1樓,3410000,1060815
11302,61800150,晁暘開發股份有限公司,臺中市南屯區豐樂里向心南路771號2樓,3000000,1060816
11303,61800573,澄錤建設股份有限公司,臺中市太平區東平路135號1樓,29600000,1060810
11304,61801881,御羚室內裝修有限公司,臺中市南區福順里南陽街75號1樓,1000000,1060801
11305,61802811,最高工程有限公司,臺中市大肚區瑞井里遊園路一段103巷34號1樓,1000000,1060818
11306,61803902,舜宇國際股份有限公司,臺中市西屯區朝富路213號20樓之7,28100000,1060807
11308,61806730,澄柏國際股份有限公司,臺中市中區公園里民族路64號9樓之8,1405000,1060815
11309,61807554,菳鋐國際有限公司,臺中市沙鹿區三鹿里自強路766號1樓,3000000,1060816
11310,61808054,昶垣國際股份有限公司,臺中市西屯區何南里精明一街23號,5000000,1060818
11311,61808110,立澤精閥實業有限公司,臺中市太平區太平里永成路63之3號,3000000,1060811
11312,61808337,滕鼎塑膠有限公司,臺中市西區公益里忠明南路237號9樓之4,60000,1060829
11313,61809841,利仁裝潢工程有限公司,臺中市北區崇德里進化北路137號1樓,1000000,1060803
11314,61812162,立鵬文化事業有限公司,臺中市太平區新坪里育賢路61號4樓,5000000,1060802
11315,61814859,超寶國際有限公司,臺中市大甲區銅安里長壽路156之2號1樓,500000,1060825
11317,61818546,京華娛樂科技股份有限公司,臺中市北區賴興里文心路四段210之8號,1090000,1060801
11318,61821958,宜朋資產管理顧問有限公司,臺中市西屯區寧夏路10號11樓之1,1200000,1060801
11319,61822984,津承有限公司,臺中市北屯區文心路四段514號,5000000,1060830
11320,61825770,奧古斯托國際有限公司,臺中市西屯區大容東街90號7樓之1,1000000,1060831
11321,61828426,威拓興業有限公司,臺中市南屯區黎明路一段580號1樓,16000000,1060809
11322,61829059,晟鈜有限公司,臺中市西屯區永安里國安一路153號2樓,50000,1060811
11323,61829852,長興發建設有限公司,臺中市北屯區和平里和祥七街63號1樓,2000000,1060803
11324,61831935,慈佑興業股份有限公司,臺中市北屯區平福里崇德路二段286號14樓之5,1000000,1060811
11325,61833552,艾浩思房地顧問有限公司,臺中市西屯區惠來里府會園道179號3樓,100000,1060814
11326,61833785,互聯旺企業有限公司,臺中市東區東門里東福一街21巷16號1樓,300000,1060814
11327,61834399,裕山貿易有限公司,臺中市南區美村路二段186號5樓之3,2200000,1060823
11328,61835741,陞嘉機械股份有限公司,臺中市豐原區西湳里三豐路二段17巷16號,4010000,1060801
11329,61835783,聯躍精密有限公司,臺中市神岡區庄後里厚生路66之9號,2500000,1060825
11330,61835806,楹達國際有限公司,臺中市西屯區何仁里寧夏路195之8號,1000000,1060814
11331,61835989,沃爾數位科技股份有限公司,臺中市西屯區惠來里市政路500號27樓之6,22000000,1060814
11332,61837889,捷創實業有限公司,臺中市北屯區同榮里同樂巷23之2號,2000000,1060818
11333,61840483,敦揚不動產開發有限公司,臺中市潭子區潭陽里中山路二段283巷2號2樓之3,10000000,1060821
11334,61841321,昌鋐精密工業有限公司,臺中市東區東門路28巷6號1樓,2000000,1060807
11335,61842047,奧微京順投資股份有限公司,臺中市北區進化路575號14樓之6,10000000,1060829
11336,61842052,職人室內裝潢設計有限公司,臺中市南屯區溝墘里大業路239號6樓之1,500000,1060801
11337,61844164,黑盒子科技有限公司,臺中市大里區長榮里中興路二段109之3號1樓,1200000,1060831
11338,61844208,詠璽投資開發有限公司,臺中市豐原區豐田里田心路二段99巷80號1樓,5000000,1060808
11339,61844684,詠陞投資開發股份有限公司,臺中市霧峰區丁台里四德南路63巷6號1樓,5300000,1060807
11340,61845017,全嘉垵有機礦物科技有限公司,臺中市西屯區惠來里市政路386號6樓之3,200000,1060801
11341,61845261,古司豆國際有限公司,臺中市西屯區何成里大墩十七街108號,2000000,1060830
11342,61845781,總誠高空車有限公司,臺中市大里區永隆里永隆七街22巷10號5樓,5000000,1060831
11343,61848345,新視界科技有限公司,臺中市太平區育才路146號1樓,200000,1060828
11344,61849013,酩享貿易股份有限公司,臺中市豐原區三村里豐原大道一段629號2樓,500000,1060817
11345,61849034,俊泓食品有限公司,臺中市中區柳川里民權路164號12樓之3,500000,1060807
11346,61849647,繆思影像有限公司,臺中市豐原區西安里安和路37號,300000,1060803
11347,61850566,煬典實業股份有限公司,臺中市西區五權西路一段257號8樓之1,500000,1060804
11348,61851690,雅豐開發房屋不動產有限公司,臺中市豐原區北陽里圓環東路510號1樓,1000000,1060803
11349,61852017,晉通食品股份有限公司,臺中市北屯區平福里昌平路一段107之13號2樓,1000000,1060831
11351,61855942,卓億興業有限公司,臺中市大雅區二和里雅潭路四段370巷13號4樓,30000000,1060814
11352,61855957,鼎旺量子科技有限公司,臺中市東區振興里大智路83號8樓之1,500000,1060809
11353,61858005,電霸鮮國際事業有限公司,臺中市西屯區福安里安和路168號9樓之1,5000000,1060816
11354,61858504,楓霖災防科技有限公司,臺中市大里區新里里青松街119號1樓,1000000,1060803
11355,61858841,富鍹國際股份有限公司,臺中市神岡區圳前里圳岸路3號2樓,160000000,1060828
11357,61866005,川本晉股份有限公司,臺中市大里區健民路129號,2000000,1060802
11358,61871295,金采工業有限公司,臺中市大里區樹王里樹王路435號1樓,100000,1060807
11359,61881076,格源企業有限公司,臺中市北屯區四平路414號1樓,5000000,1060816
11362,61942524,麗景國際有限公司,臺中市西屯區大容西街199巷16號1樓,6000000,1060831
11364,61959670,樺一工業股份有限公司,臺中市大里區中新里益民路一段501號1樓,15000000,1060803
11526,66426822,奧尼里奇股份有限公司,臺中市南屯區楓和路679號2樓,6000000,1060807
11745,69599657,鉅承鎂產品開發有限公司,臺中市南區樹義里文心南路901巷29號8樓之1,20000,1060817
11796,69678553,戊軒科技有限公司,臺中市大雅區上楓里雅楓街40號,5000000,1060821
11848,70368394,玖營實業有限公司,臺中市沙鹿區興安路80巷24號,25000000,1060815
11855,70377350,納斯股份有限公司,臺中市霧峰區吉峰里錦州路463巷29號,11000000,1060809
11933,70490938,智翔文化有限公司,臺中市北屯區廓子里廓子路666號地下一樓,500000,1060809
11937,70500366,琇誠實業有限公司,臺中市大雅區大雅路79號1樓,25000000,1060811
11946,70516698,冠箕企業有限公司,臺中市東區樂成里旱溪西路一段246號1樓,3000000,1060809
12008,70602862,太平洋旅行社股份有限公司,臺中市西區公益路367號3樓之1,58000000,1060809
12013,70610856,禾慶顧問有限公司,臺中市東區十甲里旱溪街307號1樓,3000000,1060824
12014,70611406,桂佑工程事業有限公司,臺中市梧棲區福德里忠義路156號1樓,5000000,1060801
12021,70625942,繼開科技股份有限公司,臺中市南屯區大英街16號地下一層2號,10000000,1060807
12024,70628390,精光堂國際股份有限公司,臺中市西屯區惠來里臺灣大道三段320號1樓,155820000,1060831
12028,70636440,浩威企業股份有限公司,臺中市潭子區潭秀里雅潭路一段51號4樓,10000000,1060822
12031,70640248,特品國際股份有限公司,臺中市北區樂英里雙十路二段57號1樓,10000000,1060802
12033,70642631,寰宇精密股份有限公司,臺中市神岡區神洲里神洲路458巷21號,26800000,1060807
12034,70645481,東州化學有限公司,臺中市西屯區福和里臺灣大道四段771號9樓,1000000,1060824
12035,70646622,威龍保全股份有限公司,臺中市南屯區五權西路二段501號10樓,40000000,1060822
12041,70657850,今德益精密有限公司,臺中市大雅區四德里中清路三段893號1樓,5000000,1060831
12044,70664846,千禧世紀國際行銷有限公司,臺中市西屯區文心路二段201號20樓之5,15000000,1060810
12049,70675891,釩泰研究創新股份有限公司,臺中市南屯區文山里文山九街72號1樓,22578000,1060816
12052,70679496,東海豐企業有限公司,臺中市大里區東明路556號1樓,2000000,1060830
12055,70682632,高鋒精密科技股份有限公司,臺中市西屯區臺灣大道三段592號2樓,5000000,1060814
12066,70697332,惠特科技股份有限公司,臺中市西屯區協和里工業區35路3號1樓,292427410,1060824
12067,70698965,育群塑膠股份有限公司,臺中市烏日區溪埧里溪福路341號,1800000,1060830
12077,70711658,異網資訊股份有限公司,臺中市南屯區大同里大進西街49號1樓,35039970,1060815
12087,70720489,弘全鈑金興業股份有限公司,臺中市西屯區工業區三九路52號3樓,20000000,1060818
12097,70737616,億馨工業有限公司,臺中市大里區瑞城里塗城路368巷14-2號,1000000,1060803
12125,70806845,鉅晟建設股份有限公司,臺中市南屯區文心路一段521號5樓,576250000,1060822
12149,70848697,銳陽光電股份有限公司,臺中市潭子區潭秀里北環路15號4樓之2,68000000,1060816
12150,70849231,台灣艾思特科技股份有限公司,臺中市潭子區潭秀里建國路17-1號,7100000,1060810
12196,75064259,井田生化科技股份有限公司,臺中市大甲區日南里工九路9號,80000000,1060801
12214,76303721,太鼎營造股份有限公司,臺中市豐原區鐮村一街29巷1號1樓,42000000,1060804
12244,79950476,禾積工程有限公司,臺中市南屯區楓樹里永春東三路85號1樓,2000000,1060818
12246,79954655,嘉鐵資源回收有限公司,臺中市梧棲區南簡里大智路一段330巷167號,1000000,1060818
12250,79961868,佶德旺有限公司,臺中市西屯區福林里福康路72號3樓,2000000,1060801
12251,79961966,和敬工程股份有限公司,臺中市豐原區社皮里圓環西路23號3樓,10000000,1060818
12254,79966836,大寬空間室內裝修有限公司,臺中市西屯區文心路三段408號1樓,6000000,1060808
12256,79968481,夜之光有限公司,臺中市神岡區社口里民權二街90巷50號1樓,1000000,1060802
12257,79970867,元富昌科技股份有限公司,臺中市東區合作里進德北路84號1樓,10000000,1060815
12261,79976594,業安有限公司,臺中市北區民權路559號9樓之3,1000000,1060821
12266,79982771,萬鴻機械有限公司,臺中市太平區中興里永平路二段380號,1000000,1060809
12269,79985046,得眾人力仲介有限公司,臺中市梧棲區文明街187號,5000000,1060818
12270,79985192,長陽工程有限公司,臺中市大里區中興路一段大明巷18弄36號,24000000,1060822
12278,79999225,可達雅企業有限公司,臺中市清水區海風里和睦路一段961巷38號,3000000,1060808
12289,80026312,台灣日東光學股份有限公司,臺中市大雅區中部科學工業園區科雅西路7號,568003000,1060801
12297,80046318,浩維國際貿易有限公司,臺中市大里區新芳路105號1樓,6000000,1060818
12304,80056624,品榮建設股份有限公司,臺中市北屯區松茂里松山街158號3樓,10000000,1060811
12313,80074171,聖玨國際有限公司,臺中市北屯區新平里中平路1099號1樓,25000000,1060804
12320,80084396,豪科工業有限公司,臺中市中區大誠里中華路一段60巷11號,8000000,1060803
12327,80097189,薩巴卡瑪國際有限公司,臺中市西屯區龍潭里龍洋巷17-13號,5000000,1060802
12339,80111393,倍展投資股份有限公司,臺中市大里區永隆七街29號1樓,10000000,1060822
12347,80124377,瑭豐開發股份有限公司,臺中市西屯區上安路295號3樓,87400000,1060803
12352,80130906,駿耀國際貿易股份有限公司,臺中市神岡區豐工中路32號,2000000,1060804
12358,80139218,格瑞特文教股份有限公司,臺中市南屯區向心南路981巷36號1樓,29000000,1060822
12359,80141657,鋒和有限公司,臺中市南屯區文山三街127號5樓之2,1000000,1060807
12361,80144079,宏綺有限公司,臺中市太平區永平路二段476巷6號,10000000,1060802
12426,80207587,群喜汽車事業股份有限公司,臺中市沙鹿區居仁里臺灣大道七段922號,152000000,1060801
12434,80225184,詠承鋼鐵股份有限公司,臺中市東區東門里振興路174號1樓,20000000,1060823
12436,80230623,台鼎活動帷幕股份有限公司,臺中市豐原區北陽里豐東路216號1樓,35100000,1060823
12438,80231714,春耕不動產經紀股份有限公司,臺中市北屯區新平里中清路二段727號1樓,27000000,1060809
12440,80233473,冠宇化學有限公司,臺中市西屯區臺灣大道四段771號9樓,2000000,1060814
12441,80233635,輔誠科技有限公司,臺中市太平區華安街100巷28號1樓,16700000,1060801
12444,80243606,鳳凰貿易有限公司,臺中市西區大全街96-1號1樓,6000000,1060804
12446,80246391,閤原陞企業有限公司,臺中市潭子區大德北路145巷3弄41號1樓,1000000,1060804
12450,80249051,成碩國際股份有限公司,臺中市西屯區協和里安和一街89號4樓,9000000,1060804
12451,80250872,泓翔科技有限公司,臺中市龍井區新東里遊園南路255巷2弄4號1樓,5000000,1060809
12455,80256947,永薪建設有限公司,臺中市西屯區臺灣大道4段925號7樓之2,50000000,1060829
12497,80310225,華廣生技股份有限公司,臺中市南區大慶街二段100號,594467940,1060829
12498,80311391,景華有限公司,臺中市西區臺灣大道二段105號5樓,1000000,1060823
12501,80319176,尚淳生技實業有限公司,臺中市南區樹德里德富路81號4樓之2,1000000,1060807
12502,80321193,葫蘆墩開發建設有限公司,臺中市豐原區圓環南路96巷24號,3000000,1060803
12552,80406170,采谷企業有限公司,臺中市豐原區豐圳里圓環西路55號,2000000,1060822
12553,80412742,子正工業有限公司,臺中市霧峰區吉峰里吉峰路65號1樓,5000000,1060804
12554,80413101,寶晟企管顧問有限公司,臺中市南屯區大同里大進西街53號1樓,7000000,1060804
12555,80416310,活力信食品有限公司,臺中市南屯區工業區二十二路19號,60000000,1060828
12561,80427273,永智顧問有限公司,臺中市大里區金城里向學一路3號1樓,15000000,1060830
12572,80440563,統裕科技有限公司,臺中市南屯區永春東路１１１６之１號１５樓之３,2000000,1060805
12574,80443914,旻新科技股份有限公司,臺中市豐原區西安里圓環南路193號8樓,130000000,1060830
12580,80454073,金和鋼工業股份有限公司,臺中市大里區健東路56巷3號,25000000,1060814
12587,80460321,利佳精密科技股份有限公司,臺中市南屯區工業區21路17號2樓,29980000,1060809
12588,80461406,岩之源生命科技股份有限公司,臺中市西屯區逢福里河南路二段262號9樓之8,10000000,1060823
12592,80464190,嘉設有限公司,臺中市沙鹿區南勢里自由路95巷38之36號1樓,2000000,1060801
12594,80465803,鑫弘昇有限公司,臺中市神岡區社口里民權一街56巷43號1樓,500000,1060817
12597,80471988,和嶸刀模有限公司,臺中市大里區樹王里16鄰樹王路64號,500000,1060807
12600,80476843,金佑發企業股份有限公司,臺中市霧峰區北柳里霧工三路13號,36000000,1060804
12605,80481509,進億鋼鐵有限公司,臺中市烏日區溪南路二段83號1樓,1000000,1060821
12648,80552623,伯鑫國際貿易有限公司,臺中市神岡區大社里大社街123號1樓,1812841,1060815
12649,80552736,寶隆風管工程有限公司,臺中市大里區中新里新生路176號,10000000,1060814
12655,80560356,中華昇揚有限公司,臺中市清水區民族路二段519巷7弄21號1樓,5000000,1060807
12660,80564445,翔暉開發有限公司,臺中市潭子區頭家東里中山路1段378號,28000000,1060804
12663,80566979,月光山科技股份有限公司,臺中市大雅區二和里雅潭路四段470號,28000000,1060807
12671,80575597,嘉茂生鮮有限公司,臺中市大安區頂安里東西二路172號,20000000,1060823
12672,80577645,拓誠國際開發實業有限公司,臺中市南屯區溝墘里大墩十四街238之1號1樓,10000000,1060811
12676,80580487,文益投資股份有限公司,臺中市西區五權一街113之4號1樓,6000000,1060803
12681,80587756,綠鳥貿易有限公司,臺中市東區東英十一街36號1樓,5000000,1060804
12682,80587910,元鈞建設股份有限公司,臺中市東區十甲里二聖街77號,45000000,1060816
12697,80608008,小西天實業有限公司,臺中市北區大雅路二一九號八樓之十七,1000000,1060802
12700,80612185,喜多嘉國際有限公司,臺中市南區永興里工學二街232巷18之9號1樓,500000,1060825
12716,80630775,邁仕登貿易有限公司,臺中市大甲區庄美里經國路428號,2000000,1060803
12721,80637117,裕固工業有限公司,臺中市太平區中興里永義路61號,2000000,1060811
12727,80641668,風和工程有限公司,臺中市南屯區楓樹里永春東三路85號1樓,5000000,1060818
12787,80700434,大基開發股份有限公司,臺中市南屯區春社里永春南路888巷359號1樓,10000000,1060815
12803,80722269,明順科技有限公司,臺中市西區忠誠里臺灣大道二段545號3樓之1,1000000,1060823
12810,80726238,學人留學顧問有限公司,臺中市西區民權路239號8樓,1000000,1060803
12812,80727996,承益食品有限公司,臺中市南屯區三和里黎明路二段299號2樓,3000000,1060828
12814,80730107,台灣紅顧問有限公司,臺中市北區賴旺里北平路二段28之8號1樓,1580000,1060818
12819,80732695,晉溢生化科技股份有限公司,臺中市梧棲區自立路388號,25500000,1060817
12831,80748205,金泓達模具有限公司,臺中市太平區平安里精美路108號1樓,1000000,1060801
12832,80748583,冠虹科技有限公司,臺中市西區大忠里大忠南街120號1樓,2000000,1060807
12880,84071788,亞翰科技股份有限公司,臺中市太平區太平里合利街1號,2000000,1060809
12885,84081929,武田營造工程股份有限公司,臺中市大里區內新里中興路二段438之10號,400000000,1060816
12886,84083911,勇立興業股份有限公司,臺中市西區向上路一段18號,15000000,1060802
12918,84150523,祥戊營造工程有限公司,臺中市西屯區華美西街二段501巷8號5樓之2,5000000,1060822
12933,84180575,新大呈科技有限公司,臺中市南屯區寶山里工業區十八路31之3號1樓,10000000,1060809
12934,84181981,金酉塑膠有限公司,臺中市烏日區光明路360號1樓,5000000,1060828
12939,84203486,德承國際股份有限公司,臺中市豐原區豐年路139巷22號,27000000,1060821
12944,84216052,丞貫企業股份有限公司,臺中市霧峰區吉峰路80號,5000000,1060804
12947,84231835,喬立建設開發股份有限公司,臺中市西屯區至善里臺灣大道三段686之1號2樓,203680000,1060825
12950,84242988,堂丞股份有限公司,臺中市霧峰區自強路182號,20000000,1060829
12952,84246197,聯雲企業股份有限公司,臺中市南區工學北路56號12樓之1,6000000,1060818
12957,84253675,昱通資訊事業股份有限公司,臺中市大里區立德里立新二街89號1樓,50000000,1060824
12980,84303561,銳基國際股份有限公司,臺中市大甲區薰風里光明路35號1樓,28000000,1060811
13003,84348770,寶集實業有限公司,臺中市大甲區日南里東二街15號,28000000,1060825
13004,84349335,雅都營造股份有限公司,臺中市北屯區文心路四段698號15樓之2,50000000,1060829
13009,84353914,英翔實業股份有限公司,臺中市太平區新福里振福路266巷21號,5000000,1060823
13016,84372932,茶陵實業有限公司,臺中市北區長青里華美街二段204之2號,15000000,1060821
13017,84373518,詠鑫開發有限公司,臺中市石岡區和盛里豐勢路71號1樓,5000000,1060807
13021,84385036,震新板金股份有限公司,臺中市南屯區寶山里工業區18路6號,15000000,1060815
13023,84388646,銓旺工具有限公司,臺中市太平區興隆里光興路1467號,20000000,1060814
13030,84393280,巨昌樂器股份有限公司,臺中市太平區德隆里光興路121號,16000000,1060802
13034,84421379,日興旅行社有限公司,臺中市南屯區大墩十七街21號1樓,11000000,1060831
13039,84446884,山永欣交通有限公司,臺中市梧棲區頂寮里四維路71巷2號3樓之1,30000000,1060807
13077,84546194,騎美有限公司,臺中市大里區中新里現岱路31之5號2樓,5000000,1060803
13085,84567211,三通化學廠股份有限公司,臺中市神岡區溪洲里溪洲路241號,6200000,1060814
13086,84569365,四維有限公司,臺中市大里區新里里永隆二街41號1樓,5000000,1060817
13092,84579808,龍鑫木業有限公司,臺中市神岡區大社里大洲路340號,1000000,1060821
13095,84586907,裕鉦實業有限公司,臺中市豐原區社皮里中正路900號,4000000,1060816
13104,84605496,順峯股份有限公司,臺中市西屯區永昌一街7號,6000000,1060817
13109,84619597,啟帆設備股份有限公司,臺中市北區民權路559號9樓之3,5000000,1060822
13115,84627718,清靜建設股份有限公司,臺中市沙鹿區南勢里南斗路51巷23號1樓,17800000,1060802
13127,84663214,聖芸機械股份有限公司,臺中市太平區德隆里德隆路185號,5000000,1060803
13131,84672939,上揮實業有限公司,臺中市外埔區大東里甲后路五段185巷23號,5000000,1060830
13132,84681162,樹蒲設計有限公司,臺中市北屯區平田里遼陽北二街39號　　　　　,1000000,1060809
13136,84691160,裕可有限公司,臺中市潭子區頭家里大通街93巷87弄17號,5000000,1060814
13138,84694309,高鐵工業股份有限公司,臺中市大甲區福德里順帆路152號,132000000,1060809
13149,84708824,聚泰通運股份有限公司,臺中市沙鹿區斗抵里太平路165之2號1樓,25000000,1060817
13152,84711052,福峰交通股份有限公司,臺中市北區光大街45之1號1樓,29000000,1060829
13156,84718203,久竹企業有限公司,臺中市南屯區東興路一段551號3樓,5000000,1060815
13191,84794237,舜鵬科技股份有限公司,臺中市烏日區前竹里中山路一段229巷32號,96800000,1060807
13194,84799747,柏宜建設股份有限公司,臺中市南屯區田心里南屯路二段290號10樓之2,25000000,1060822
13198,84805847,億源營造有限公司,臺中市南屯區同心里文心路一段186號11樓之9,30000000,1060803
13201,84811475,佳儷世界企業股份有限公司,臺中市北屯區三光里北屯路232之1號,10000000,1060807
13204,84820848,久禾達工業股份有限公司,臺中市潭子區福仁里福貴路108巷28號1樓,50000000,1060828
13208,84826006,旺庭建設股份有限公司,臺中市神岡區社南里民生路27之3號3樓,25000000,1060816
13210,84828031,科林實業股份有限公司,臺中市大甲區日南里東六街22號,25000000,1060810
13214,84835602,金翔發有限公司,臺中市大里區仁美路100號1樓,5000000,1060807
13217,84855677,中邑營造股份有限公司,臺中市南屯區文山里保安三街68號2樓,40000000,1060821
13230,84888451,郡峰營造有限公司,臺中市大里區六桂路110號6樓,15000000,1060830
13249,84956160,三榮塑膠製品工業有限公司,臺中市梧棲區頂寮里大仁路二段369號4樓之8,21500000,1060804
13253,84965415,泊洋國際企業有限公司,臺中市北屯區平安里崇德路二段128號8樓之2,10000000,1060801
13254,84971606,象元印刷事業股份有限公司,臺中市南屯區楓樹里環中路五段458之1號,23000000,1060831
13259,84987001,益欣營造有限公司,臺中市北區衛道路129巷14號1樓,3000000,1060807
13262,84990245,捷米國際企業有限公司,臺中市西區吉龍里美村路一段668號2樓,4390000,1060814
13265,84998627,聯聚建設股份有限公司,臺中市西屯區協和里安和一街89號3樓,120000000,1060801
13319,86075325,擎歐企業股份有限公司,臺中市西屯區逢福里河南路2段262號7樓之11,10000000,1060803
13324,86085409,炬昌興業股份有限公司,臺中市大雅區員林里大林路372巷16號,10000000,1060815
13334,86098869,超意企業有限公司,臺中市大雅區雅楓里神林南路113號1樓,5000000,1060803
13340,86111700,順泰室內裝修有限公司,臺中市大安區龜売里龜売路50號,2000000,1060825
13343,86120497,捷安達股份有限公司,臺中市北區太原南二街159號5樓之1,50000000,1060817
13351,86145758,環基環境永續股份有限公司,臺中市西屯區工業區一路2巷3號8樓之4,25000000,1060830
13364,86192251,吾鎮企業有限公司,臺中市豐原區社皮里社皮路41巷51號,5000000,1060804
13365,86194336,富埒企業有限公司,臺中市南屯區大墩東街19號1樓,1000000,1060815
13366,86194743,台灣引興股份有限公司,臺中市西屯區工業區三十九路52號,200000000,1060818
13367,86198473,建銘營造股份有限公司,臺中市北屯區崇德路二段128號5樓之1,125000000,1060828
13374,86207775,喜洋洋加油站股份有限公司,臺中市太平區東平路828號,5000000,1060825
13375,86214728,臻佑金屬工業股份有限公司,臺中市太平區永成路63之6號,5000000,1060817
13376,86214889,旭鴻泡綿實業有限公司,臺中市烏日區螺潭里慶光路79之16號,5000000,1060810
13378,86215557,瑞華建設股份有限公司,臺中市西區五權西三街55號1樓,28000000,1060822
13381,86230115,楊得石材股份有限公司,臺中市大甲區頂店里經國路1641號,5000000,1060809
13382,86230585,原笛服飾有限公司,臺中市西屯區市政北三路143號1樓,30000000,1060823
13384,86244265,精元電腦股份有限公司,臺中市大雅區大楓里昌平路4段475號,2210965300,1060807
13385,86248229,大賈營造股份有限公司,臺中市神岡區豐洲里五權路110號1樓,120000000,1060807
13386,86253876,寶慶文化科技股份有限公司,臺中市南區忠明南路580巷9號1樓,12000000,1060817
13387,86257802,刷樂國際股份有限公司,臺中市南區忠明南路789號28樓,200000000,1060824
13391,86265704,富榮鋼鐵有限公司,臺中市北屯區平陽里河北西街17號,13000000,1060803
13411,86328659,豪竣建設股份有限公司,臺中市北屯區松勇里松義街200號8樓之1,25000000,1060811
13414,86344503,鷹瑞國際有限公司,臺中市南屯區大墩16街38之2號11樓,5000000,1060804
13419,86364198,杜特企業股份有限公司,臺中市東區東門里旱溪西路一段177巷22號,6000000,1060821
13421,86369378,宏龍建設股份有限公司,臺中市南屯區南屯路二段408號6樓之2,25000000,1060808
13435,86400883,鑫綠泰鑄造廠股份有限公司,臺中市大肚區王田里23鄰沙田路一段320巷31之1號,170000000,1060831
13441,86411283,偉得工業股份有限公司,臺中市豐原區豐田里豐南街326巷98號,5000000,1060811
13448,86424061,樸真營造股份有限公司,臺中市南區平和里和昌街96號1樓,15000000,1060817
13469,86487902,旭凱國際股份有限公司,臺中市西區臺灣大道二段307號18樓之1,15000000,1060811
13490,86539697,慧祐企業有限公司,臺中市南屯區同心里文心路一段186號18樓之3,40000000,1060811
13492,86541574,古典洋酒股份有限公司,臺中市北屯區平福里崇德路二段308號1樓,10000000,1060821
13493,86543221,藝薪實業股份有限公司,臺中市太平區永平路二段535巷36號,2000000,1060822
13494,86548751,協昌皮件股份有限公司,臺中市大里區永隆里東榮路616號1樓,6000000,1060825
13497,86553439,茂承油壓機械股份有限公司,臺中市南區樹德里大慶街二段49之16號,1000000,1060804
13501,86558568,昶發螺絲有限公司,臺中市大里區塗城路852巷22弄6號,25000000,1060816
13502,86558960,詠盛興股份有限公司,臺中市烏日區東園里溪南路一段988巷261弄168號,15000000,1060804
13503,86575525,昇譽實業股份有限公司,臺中市豐原區中陽里南陽路474號,10000000,1060815
13504,86589485,鋐輪工業股份有限公司,臺中市大甲區日南里東二街10號,100000000,1060804
13507,86596970,承大工程企業股份有限公司,臺中市清水區秀水里民有路278巷15之17號1樓,2000000,1060814
13523,86643811,鴻標建設有限公司,臺中市南區三民西路278號1樓,25000000,1060816
13529,86659708,嘉明機械股份有限公司,臺中市北屯區平和里柳陽西街97巷10-1號2樓,50000000,1060830
13548,86688942,星漢投資股份有限公司,臺中市西屯區大容西街199巷15號1樓,76200000,1060808
13551,86691159,康福投資開發股份有限公司,臺中市大里區中興路2段747巷25號1樓,50000000,1060810
13576,86756384,尚根成股份有限公司,臺中市東區東英二街81號1樓,10000000,1060811
13581,86781052,海博生技股份有限公司,臺中市南屯區東興路一段551號3樓,14000000,1060815
13585,86784348,上明實業有限公司,臺中市西屯區大河里福上巷46弄11號,1000000,1060804
13587,86789913,建瑞電機工程股份有限公司,臺中市南屯區三厝里大墩11街771號1樓,19630000,1060823
13598,86824313,俐德科技股份有限公司,臺中市大甲區幼獅工業區幼五路1號,13000000,1060809
13601,86831686,旭立教育用品有限公司,臺中市中區三民路二段145號8樓之7,3000000,1060817
13605,86838858,上品寢具股份有限公司,臺中市西區公正里精誠路340號1樓,14000000,1060822
13647,86973684,三元興營造股份有限公司,臺中市梧棲區福德里和平街151號1樓,50000000,1060811
13671,89209039,東山本股份有限公司,臺中市大雅區雅楓里民生路三段36北巷13號,7000000,1060828
13672,89209973,久洋機械股份有限公司,臺中市潭子區栗林里民生街197號,12000000,1060809
13674,89216067,信全環保工程股份有限公司,臺中市清水區吳厝里和睦路三段162號,12020000,1060822
13679,89227304,馳上實業有限公司,臺中市清水區橋頭里民有路190巷1號,10000000,1060831
13681,89235959,全方衛科技股份有限公司,臺中市潭子區復興路一段1巷16號2樓,5000000,1060815
13686,89239890,非凡卓越國際有限公司,臺中市北屯區后庄里后庄一街156號9樓,10000000,1060801
13687,89244444,信臻實業股份有限公司,臺中市潭子區栗林里民生街131巷49號,1000000,1060816
13703,89295061,唯智有限公司,臺中市潭子區東寶里大明三路46號,3200000,1060803
13704,89303891,塔克企業有限公司,臺中市南屯區三義里河南路4段370之27號4樓,1000000,1060807
13708,89317163,富誠營造股份有限公司,臺中市西屯區皇城街67號1樓,18000000,1060804
13711,89323221,新黑松有限公司,臺中市大肚區王福街678巷6號1樓,1000000,1060831
13725,89356637,陽記色料有限公司,臺中市太平區新光里樹德路65號1樓,2000000,1060816
13731,89373306,夆孟企業有限公司,臺中市神岡區圳前里崎溝路186號,10000000,1060825
13733,89377041,煜仁投資股份有限公司,臺中市北區衛道八街12號,10000000,1060830
13735,89382425,和嵩金屬建材有限公司,臺中市西屯區臺灣大道四段936號4樓之6,50000000,1060825
13745,89398405,台灣御牧股份有限公司,臺中市潭子區中山路3段37號,50000000,1060814
13778,89490521,大洲交通有限公司,臺中市大肚區頂街里大明四街145號4樓,28200000,1060804
13779,89491140,宇進鑫貨櫃有限公司,臺中市神岡區新庄里中平路245號,30000000,1060815
13786,89502723,長翊消防有限公司,臺中市北區建德里國強街37之1號1樓,1000000,1060801
13788,89506220,立積實業股份有限公司,臺中市東區東英路268號1樓,20000000,1060816
13808,89552976,世燿企業股份有限公司,臺中市大雅區學府路229號2樓之3,5000000,1060818
13809,89554340,宗洲有限公司,臺中市外埔區三崁里二崁路333巷9號1樓,5000000,1060811
13812,89558394,蓮池禮儀股份有限公司,臺中市北區崇興路二段85號1樓,3000000,1060824
13820,89578080,賽環科技股份有限公司,臺中市東區忠孝路264號,4000000,1060815
13821,89578808,佲竑企業有限公司,臺中市西屯區福中里福中九街19號地下1層之2,5000000,1060822
13823,89581521,喬富旅行社有限公司,臺中市南屯區向上路一段676號1樓,8000000,1060801
13825,89585842,光鎮雷射股份有限公司,臺中市神岡區豐洲里豐洲路412之18號,5000000,1060831
13845,89649509,新怡通運有限公司,臺中市龍井區南寮里中沙路南寮巷21弄29號1樓,55000000,1060809
13847,89652124,榮仲機械有限公司,臺中市南區樹義里復興路一段87號1樓,10000000,1060818
13861,89685912,奇峰園藝有限公司,臺中市烏日區烏日里民族街59號1樓,1000000,1060810
13864,89687138,林源建設股份有限公司,臺中市西區臺灣大道二段489號27樓之2,35000000,1060828
13866,89689494,欣雅客運股份有限公司,臺中市霧峰區林森路718號1樓,51000000,1060810
13868,89695833,巨榜鋼鐵股份有限公司,臺中市南區大慶街一段261號,80300000,1060830
13877,89717549,志銘通訊器材有限公司,臺中市清水區槺榔里臨港路五段82號1樓,1000000,1060807
13903,89788298,台灣羅莉亞股份有限公司,臺中市豐原區社皮里中正路508號,5500000,1060822
13904,89791343,精量工業股份有限公司,臺中市潭子區大豐里潭富路二段81巷15號,40400000,1060814
13910,89815252,揚波股份有限公司,臺中市豐原區下街里源豐路150號2樓,437800000,1060804
13920,89828550,翰翔旅行社股份有限公司,臺中市西區公益路367號13樓之4,30000000,1060829
13922,89830991,飛興工業股份有限公司,臺中市太平區太平15街17號,5000000,1060830
13927,89851778,樂泰工業股份有限公司,臺中市南區樹義里樹義路39巷2號1樓,12000000,1060819
13931,89863042,十方齋食品有限公司,臺中市東區振興里忠孝路459號二樓,1000000,1060809
13934,89871205,鉅侑汽車有限公司,臺中市北屯區松竹里梅川東路五段140號,5000000,1060830
13939,89882836,松仁順有限公司,臺中市烏日區光明里五光路631巷50號1樓,2000000,1060824
13944,89903831,潔安環保工程有限公司,臺中市大安區海墘里東西八路二段176號,10000000,1060830
13945,89904281,原同紙業股份有限公司,臺中市外埔區大同里中山路220巷2號,5000000,1060815
13947,89908580,傳淇企業有限公司,臺中市南屯區豐樂里精誠南路135巷58號1樓,5000000,1060816
13950,89910349,興家通運有限公司,臺中市東區一心街297號1樓,30000000,1060807
13951,89911207,丰昕實業有限公司,臺中市太平區新民路86號,5000000,1060830
13970,89982791,義力營造股份有限公司,臺中市北屯區水景里軍福十一路553號1樓,560000000,1060809
13971,89983715,祐琦工業有限公司,臺中市太平區太平里永豐路132巷6號,5000000,1060811
13995,94677933,坤福營造股份有限公司,臺中市西區大隆路20號14樓之4,1111815000,1060810
14004,96856242,茂昱環保工程有限公司,臺中市北屯區修齊街125號1樓,5000000,1060802
14005,96856355,長阜有限公司,臺中市西屯區廣福里中科路1598巷26號1樓,1000000,1060807
14010,96867183,月眉國際開發股份有限公司,臺中市后里區福容路3號,4651000000,1060807
14017,96887250,泰嵩實業有限公司,臺中市北區育德里健行路581號4樓之3,5000000,1060831
14024,96902750,安穆科技有限公司,臺中市霧峰區吉峰里錦州路395巷55號,10000000,1060808
14066,96986940,群穎塑膠有限公司,臺中市梧棲區永安里向上路九段322巷51號,10000000,1060829
14067,96990775,御馨企業股份有限公司,臺中市潭子區大豐里潭富二街59巷6號9樓之1,5000000,1060816
14069,96992871,春社加油站股份有限公司,臺中市南屯區春社里永春路35之25號,16000000,1060814
14072,97000370,禾羽實業有限公司,臺中市南屯區楓樹里楓樹西街361之6號1樓,14378000,1060809
14074,97001048,威文彩色印刷股份有限公司,臺中市南屯區大同里東興路2段186號6樓之4,1000000,1060802
14086,97015789,研心實業股份有限公司,臺中市西屯區福恩里工業區一路6巷12號4樓,28000000,1060801
14087,97016062,芊城企業有限公司,臺中市大雅區神林路一段93號,15000000,1060804
14088,97019645,定興投資股份有限公司,臺中市西屯區市政南一路38號2樓,75000000,1060814
14089,97020122,中禹工程有限公司,臺中市西區忠勤街337號1樓,1000000,1060814
14096,97032963,協信資源回收有限公司,臺中市南屯區新生里環中路三段1398號,5000000,1060815
14114,97075060,吉通實業有限公司,臺中市南屯區文山里寶山二街5號13樓之6,1000000,1060815
14145,97160544,漢翔航空工業股份有限公司,臺中市西屯區西平里24鄰漢翔路1號,9418671010,1060824
14154,97167835,寶乙建設股份有限公司,臺中市南屯區大墩四街71號1樓,525000000,1060802
14164,97173528,台灣佳光電訊股份有限公司,臺中市梧棲區中華路1段1080號,1250000000,1060821
14166,97174358,大屯有線電視股份有限公司,臺中市大里區國光路1段68號,630000000,1060816
14183,97196698,襄成營造有限公司,臺中市東區十甲里東英七街28號,22500000,1060815
14192,97215560,柏斯建設股份有限公司,臺中市大甲區新美里中山路一段七六三號,25000000,1060822
14198,97238515,威廣有限公司,臺中市南屯區保安五街15號1樓,5000000,1060814
14213,97267118,羽強資訊有限公司,臺中市外埔區大同里甲后路三段861號,5000000,1060802
14241,97318355,康僑國際有限公司,臺中市南區三民西路270號1樓,5000000,1060810
14254,97347393,達茂工業股份有限公司,臺中市龍井區海尾路306巷3號,33600000,1060822
14259,97359685,歐美亞投資股份有限公司,臺中市南區美村路二段37號,341000000,1060817
14260,97360445,宜瑪工業股份有限公司,臺中市神岡區庄前里神林路76之2號,40000000,1060828
14275,97385092,双享鋼鐵股份有限公司,臺中市大里區爽文路500號,14000000,1060824
14277,97385213,冠崧企業有限公司,臺中市大里區新仁里新仁七街18巷24號,5000000,1060804
14284,97408911,主將建設有限公司,臺中市后里區墩東里民生路92號1樓,25000000,1060807
14291,97425854,暐國建設有限公司,臺中市太平區永豐北路18號,25000000,1060831
14318,97468635,克羅司門有限公司,臺中市太平區太平六街65號,28000000,1060814
14324,97480504,晟溢建設有限公司,臺中市北屯區太和一街133號,25000000,1060810
14329,97499356,竣富營造有限公司,臺中市南區和平里復興路二段71巷31弄3號1樓,25000000,1060814
14330,97530286,帛勝工業有限公司,臺中市大里區塗城里光正路60巷33號,10000000,1060809
14331,97532545,銓寶工業股份有限公司,臺中市烏日區榮泉里中山路三段688之1號,275625000,1060829
14333,97538359,三能食品器具股份有限公司,臺中市大里區仁化里工業八路58號,146000000,1060808
14334,97548315,鉑泰實業股份有限公司,臺中市太平區長龍路二段233巷1號,171000000,1060807
14335,97553908,毅得企業股份有限公司,臺中市太平區永成路60巷37號,245820000,1060803
14336,97561196,憲國汽車貨運股份有限公司,臺中市大里區中興路二段747巷25號1樓,5000000,1060811
14337,97565828,福祥紙器股份有限公司,臺中市霧峰區坑口里中正路573之1號,11050000,1060815
14339,97570408,合信鋼模塑膠股份有限公司,臺中市霧峰區民生路198巷31號1樓,10000000,1060815
14340,97573030,鈺固金屬工業股份有限公司,臺中市太平區永平路二段179號1樓,18000000,1060830
14341,97588300,雙星機械有限公司,臺中市太平區新仁路一段40巷3號,10000000,1060816
14342,97590122,台氟科技股份有限公司,臺中市西屯區工業區七路28號,520000000,1060814
14343,97599313,創維塑膠股份有限公司,臺中市大里區仁化里工業九路98號,45000000,1060810
14345,97750767,明虹玻璃股份有限公司,臺中市太平區東平路715巷8弄3號,5000000,1060830
