序號,統一編號,公司名稱,公司所在地,資本額,核准變更日期
145,05382415,上立汽車股份有限公司,臺中市西屯區文心路三段137號,410000000,1061128
151,05693184,凱仲紙器印刷工業有限公司,臺中市神岡區豐洲里豐洲路260號,6000000,1061106
152,05696719,科仁企業有限公司,臺中市豐原區北陽里中陽路221號4樓,10000000,1061101
154,05753725,仕盟機械工業股份有限公司,臺中市豐原區南嵩里水源路115巷42號,28000000,1061127
155,05791734,厚瑋股份有限公司,臺中市大甲區德化里賢仁路159號,7970000,1061123
156,05797441,洲盟企業股份有限公司,臺中市梧棲區草湳里梧南路20之1號,18000000,1061120
157,05811605,旺凱企業有限公司,臺中市梧棲區永安里向上路九段381巷8號,29100000,1061102
279,12298006,荷商耐基股份有限公司,臺中市北屯區文心路3段447號28樓,1078800,1061122
319,12604835,國朕營造有限公司,臺中市東區南京東路一段336之3號4樓,10000000,1061127
320,12605623,春寶有限公司,臺中市東區東南里東南街97號1樓,29000000,1061109
328,12615066,易達通網路系統有限公司,臺中市南區忠明南路758號37樓,30000000,1061128
334,12622995,巴比侖企業有限公司,臺中市豐原區合作街30號,5000000,1061116
335,12625521,永大霖企業股份有限公司,臺中市太平區德隆里工業二十路67號,54560000,1061103
337,12629097,宏澂貿易股份有限公司,臺中市梧棲區頂寮里大仁路二段311巷50號,5000000,1061123
341,12632537,捷美特工業股份有限公司,臺中市大甲區日南里東一街十二號,10000000,1061114
348,12644891,好讀出版有限公司,臺中市西屯區工業區三十路1號1樓,6000000,1061114
382,12712601,薪豐豐業有限公司,臺中市清水區東山里和睦路一段1005巷128弄68號,65000000,1061101
383,12713664,其林貿易有限公司,臺中市北區青島東街7號10樓之2,5000000,1061109
386,12717726,鐶宇投資股份有限公司,臺中市清水區港口路200巷62之8號1樓,140000000,1061120
389,12724682,暢談國際文化事業股份有限公司,臺中市西區吉龍里美村路一段596巷1號1樓,43210000,1061101
395,12745883,麗太科技股份有限公司,臺中市龍井區忠和里西濱路三段25號,45000000,1061122
400,12753588,群勝國際有限公司,臺中市西屯區惠來里文心一路100號1樓,3000000,1061102
401,12758211,綠晶靈實業有限公司,臺中市西區民龍里臺灣大道二段220號6樓,1000000,1061116
412,12776750,巨寶工具有限公司,臺中市梧棲區中正里仁美街九七巷10號,6500000,1061123
417,12785147,睿利傑企業有限公司,臺中市北區淡溝里臺灣大道二段360號9樓之1,40000000,1061123
420,12789447,崇友投資股份有限公司,臺中市北區金華里三民路三段374號1樓,1000000,1061122
424,12793456,柏妮絲地材科技股份有限公司,臺中市后里區后里里三豐路四段352巷46號,3000000,1061101
431,12804475,光軒食品股份有限公司,臺中市大肚區王田里王福街750巷30號,20000000,1061107
434,12806142,數格科技股份有限公司,臺中市神岡區北庄里中山路1058號,100000000,1061116
438,12811362,丞慶汽車股份有限公司,臺中市南屯區豐樂里文心南六路302號1樓,70000000,1061127
439,12812708,衍舟實業有限公司,臺中市龍井區龍崗里竹師路二段111巷25號,4000000,1061122
442,12817350,勛誠財稅顧問有限公司,臺中市北區明新里漢陽街140之4號5樓,7500000,1061103
443,12817577,康郁企業股份有限公司,臺中市北屯區三和里東山路一段138巷23號1樓,2000000,1061123
445,12821093,曜德科技股份有限公司,臺中市西屯區上石里上明三街7號1樓　,5000000,1061121
448,12827300,金永統企業有限公司,臺中市北屯區大坑里東山路二段100巷2弄12號1樓,6000000,1061128
457,12844639,陽仰有限公司,臺中市大里區德芳南一街167巷10弄18號1樓,1000000,1061128
466,12856830,新社農業生物科技股份有限公司,臺中市新社區協成里協中街167-1號,619000000,1061129
484,12868940,育詮貿易有限公司,臺中市北區陜西東一街4號,1000000,1061103
498,12887496,中陽藝術文創股份有限公司,臺中市西區大隆路20號14樓之1,25000000,1061108
501,12890598,傑米國際股份有限公司,臺中市西屯區逢甲里河南路二段327號2樓之2,1000000,1061102
506,12899330,磯縉貿易股份有限公司,臺中市西屯區青海路二段256號2樓,15000000,1061114
525,12923958,佑坤投資有限公司,臺中市西屯區福科路207之1號,27000000,1061102
529,12928320,曜陞精密工業有限公司,臺中市潭子區東寶里雅潭路2段152巷92號1樓,18000000,1061103
540,12949649,偉至先進科技股份有限公司,臺中市西屯區臺灣大道三段660號10樓之2,8550000,1061115
542,12953220,祥安財產保險代理人股份有限公司,臺中市北屯區崇德路二段128號5樓之3,5000000,1061127
568,12981210,昆裕投資有限公司,臺中市西屯區福科路207之1號,46000000,1061106
612,13048365,登嵙有限公司,臺中市神岡區岸裡里大洲路320號1樓,24000000,1061116
613,13049189,達擎企業有限公司,臺中市潭子區甘蔗里潭興路三段83號1樓,14355000,1061128
615,13049929,大忠科技有限公司,臺中市東區東英里十甲路368號1樓,2000000,1061115
621,13063196,傑威能源科技有限公司,臺中市南區德義里復新街10號1樓,10000000,1061110
627,13076278,賡德實業有限公司,臺中市太平區中平路21號,5000000,1061113
629,13078162,大稻生物科技有限公司,臺中市北屯區崇德路二段256號9樓,10000000,1061123
734,16013163,宇益皮業有限公司,臺中市西屯區黎明路二段843號1樓,3000000,1061121
736,16017575,錦鈦興有限公司,臺中市潭子區潭陽里勝利二街33巷8號,5000000,1061124
742,16030613,益昇貿易股份有限公司,臺中市北屯區文心路四段81號13樓之1,5000000,1061124
743,16031465,欣幣美學創作有限公司,臺中市北屯區仁美里昌平東五路362號1、2樓,1000000,1061122
754,16047641,全欣油漆有限公司,臺中市大雅區上楓里雅楓街179巷42號1樓,500000,1061127
755,16053024,至鋒工程顧問有限公司,臺中市西屯區大墩十八街189號2樓之1,10000000,1061127
756,16055753,新展金屬工業有限公司,臺中市大雅區員林里大林路271巷32之8號,2000000,1061128
759,16068053,漢鑫潛鑽工程股份有限公司,臺中市西屯區福科路882號,12000000,1061121
761,16072556,笠林國際有限公司,臺中市北屯區后庄里新興路18巷92號1樓,10000000,1061121
765,16074040,大熊建設股份有限公司,臺中市大里區永隆里永隆路571號1樓,50000000,1061127
805,16188254,複上精機股份有限公司,臺中市豐原區豐榮里信義街155號10樓之2,24000000,1061109
806,16188992,沁峯有限公司,臺中市北屯區仁美里豐樂路9號1樓,12000000,1061123
808,16193812,卞帝亞汽車旅館股份有限公司,臺中市西屯區惠來里市政北二路51號1至2樓,5850000,1061129
817,16209589,嘉里醫藥物流股份有限公司,臺中市西屯區臺灣大道四段925號23樓之1,100000000,1061123
819,16213726,久祐實業股份有限公司,臺中市南屯區春社里精科中二路7號,39500000,1061108
828,16233933,光明投資股份有限公司,臺中市沙鹿區鹿寮里錦華街11號2樓,16275600,1061106
829,16233949,中亞投資股份有限公司,臺中市沙鹿區鹿寮里錦華街11號2樓,29800000,1061106
834,16240408,瑞越企業有限公司,臺中市北屯區松竹北路179號1樓,22000000,1061103
835,16245001,金泰聖鋼鐵有限公司,臺中市南區樹德里復興北路567巷39號1樓,12000000,1061106
844,16260733,鎧渝國際企業有限公司,臺中市大甲區薰風里光明路29巷10號1樓,8000000,1061128
848,16270269,國眾環保工程有限公司,臺中市西屯區黎明路三段248巷7號1樓,1000000,1061106
854,16273532,昱奎建設股份有限公司,臺中市西屯區何源里華美西街二段311號4樓之1,25000000,1061112
878,16333525,鉅得生技股份有限公司,臺中市西屯區漢口路二段140號5樓,10000000,1061102
888,16364907,玫瑰共和國際事業有限公司,臺中市龍井區藝術北街31號1樓,2500000,1061123
900,16384018,尚明企業有限公司,臺中市大里區元正路17號1樓,2000000,1061115
901,16387182,津華食品股份有限公司,臺中市西屯區福和里臺灣大道四段925號18樓之6,18000000,1061129
902,16391904,向中工業股份有限公司,臺中市西屯區市政路402號5樓之3,290000000,1061129
904,16402016,慶穎紙業有限公司,臺中市大里區仁化里工業路宏巨巷96號,1000000,1061115
912,16421983,瑞泓營造有限公司,臺中市潭子區潭陽里興華二路80號1樓,15000000,1061122
916,16426707,鉅鑫空調工程股份有限公司,臺中市南區南和里工學三街27號,20000000,1061122
917,16430337,大安聯合股份有限公司,臺中市西屯區逢福里櫻城一街55號1樓,20000000,1061103
927,16445599,台灣科麥農有限公司,臺中市南區忠明南路760號19樓,11409091,1061122
951,16488702,鴻丞營造有限公司,臺中市霧峰區本鄉里光明街43號1樓,3000000,1061114
956,16497287,永協昌資源回收有限公司,臺中市神岡區溪洲里溪洲路468號1樓,5000000,1061107
967,16513391,岱聖麗環保工程有限公司,臺中市大雅區永和路3之2號1樓,5000000,1061113
969,16514877,興億宏實業有限公司,臺中市沙鹿區清泉里清泉路37之4號,500000,1061129
971,16515876,德來企業有限公司,臺中市豐原區西湳里慈龍街87號,5000000,1061117
983,16539934,峻廣企業有限公司,臺中市北屯區三光里三光一街46巷8號1樓,3000000,1061113
986,16544015,訊得利通訊工程有限公司,臺中市北屯區崇德六路一段116號1樓,6000000,1061115
989,16545942,鼎祐投資股份有限公司,臺中市西屯區惠來里市政北七路186號16樓,20000000,1061120
1037,16657143,美司文化事業股份有限公司,臺中市西屯區逢甲里西屯路二段256巷6號17樓之10,13300000,1061110
1038,16677886,台灣仁友工業有限公司,臺中市大里區好來三街一一巷一之一五號一樓,5000000,1061115
1045,16684612,聯合美防火科技股份有限公司,臺中市西屯區上石里河南路二段520號,3000000,1061129
1052,16701210,彰元空調工程有限公司,臺中市太平區永成里永成北路371號1樓,3000000,1061127
1056,16707447,凱鈺興業股份有限公司,臺中市大雅區上楓里神林南路189號1樓,18000000,1061108
1067,16722170,藍圖營造有限公司,臺中市北屯區崇德路二段416號4樓之4,22500000,1061124
1068,16728409,怡饗美食股份有限公司,臺中市西屯區工業區十路11號之1,10000000,1061106
1071,16729857,安泰加油站有限公司,臺中市北屯區仁美里崇德十五路40號1樓,25000000,1061124
1074,16734541,光和美實業有限公司,臺中市南區南門里南門路36號1樓,6000000,1061121
1079,16740924,名山企業股份有限公司,臺中市北區太原路一段532號6樓之3,14000000,1061102
1098,16777077,日航貨運有限公司,臺中市南屯區三厝里向上路三段61之5號1樓,26000000,1061110
1142,16853406,華芳木業有限公司,臺中市東勢區勢林街190巷28號,5000000,1061116
1157,16885322,友尚營造股份有限公司,臺中市西區大隆路20號7樓之1,3000000,1061102
1161,16892034,豐鑫實業有限公司,臺中市潭子區甘蔗里勝利十二街51巷7號1樓,8500000,1061102
1165,16903659,祺茂有限公司,臺中市北屯區平德里永定二街47號,2600000,1061114
1177,16920307,潭子交通有限公司,臺中市大里區福大路廿四巷八五號一樓,25000000,1061129
1183,16941112,新藝造園事業有限公司,臺中市豐原區豐圳里建成路33號,1000000,1061116
1185,16945314,來一德實業有限公司,臺中市大肚區大東里7鄰平和東街3號,1000000,1061129
1186,16945757,崇德村興業股份有限公司,臺中市北屯區松竹里河北路三段111號1樓,1000000,1061101
1188,16948918,漂亮家族有限公司,臺中市北屯區梅川東路四段105號7樓之19,6000000,1061115
1191,16956206,鹿世界國際事業有限公司,臺中市神岡區社南里民生路27之3號1樓,4000000,1061127
1193,16961088,晴天工股份有限公司,臺中市西區向上路一段79巷64號3樓,3100000,1061107
1200,16990886,佑順發機械股份有限公司,臺中市南屯區工業區20路6號1樓,62900000,1061127
1201,16995278,精冠國際有限公司,臺中市潭子區大豐里大豐路三段217之6號,1000000,1061128
1212,20596020,長淮建設股份有限公司,臺中市梧棲區福德里忠義路92巷46號1樓,3000000,1061120
1217,20780031,及福企業有限公司,臺中市西區五權西四街130之3號10樓,5000000,1061127
1277,22055339,繼光工業有限公司,臺中市神岡區三角里大豐路四段219號,5000000,1061122
1280,22061249,昶偉精密工業股份有限公司,臺中市大里區大峰路161號,10000000,1061120
1290,22091671,汎福金屬工業股份有限公司,臺中市豐原區社皮里大豐路五段66巷32號,7800000,1061128
1309,22102298,福懋油脂股份有限公司,臺中市大肚區沙田路1段453號,2187030510,1061123
1314,22105801,季霖實業股份有限公司,臺中市豐原區翁社里豐年路262巷26號,5000000,1061107
1335,22220892,劦盛工程顧問有限公司,臺中市北區健行里忠明路424號6樓之2,10000000,1061102
1337,22222961,愛華國際開發股份有限公司,臺中市龍井區新庄里學園路92、96號,25000000,1061122
1338,22225708,一昌工業有限公司,臺中市太平區東和里中和街421巷32號1樓,13000000,1061120
1339,22229063,鼎維工業股份有限公司,臺中市西屯區協和里工業區六路9號,70000000,1061114
1341,22230701,宇聰有限公司,臺中市西屯區黎明路二段845號1樓,5000000,1061122
1342,22231552,頌勝化學工業股份有限公司,臺中市西屯區協和里工業區十四路2號,100000000,1061117
1353,22280223,三木建設開發股份有限公司,臺中市北屯區文心路四段955號4樓之3,75000000,1061117
1354,22280238,津谷食品股份有限公司,臺中市西屯區大河里文心路三段179之15號地下室、1、2樓,100000000,1061103
1359,22297456,元貿自動控制有限公司,臺中市北屯區后庄里后庄七街181號1樓,6000000,1061127
1364,22313364,龍寶貿易股份有限公司,臺中市北區館前路19號12樓之2,18000000,1061114
1365,22316849,鍍邦汽車事業股份有限公司,臺中市神岡區社南里中山路259號,5000000,1061105
1384,22369839,坤泰螺絲工廠股份有限公司,臺中市西屯區中清路二段1250巷60號,18000000,1061102
1387,22377296,勝喜工業股份有限公司,臺中市豐原區東湳里三豐路二段272巷148弄1號,2000000,1061108
1388,22380736,順晟製模股份有限公司,臺中市大里區塗城路852巷20之3號1樓,6000000,1061114
1391,22388815,特旺塑膠股份有限公司,臺中市沙鹿區斗潭路195巷30號,93650000,1061103
1394,22390474,邁鑫機械工業股份有限公司,臺中市南屯區精科八路8號,600000000,1061113
1398,22396929,鴻寶電機股份有限公司,臺中市潭子區頭家東村中山路1段406號,12000000,1061127
1399,22398779,元帥彩色印刷有限公司,臺中市南屯區五權五街313號1樓,5000000,1061121
1403,22401401,上太工業有限公司,臺中市太平區德隆里光德路2巷17號,500000,1061108
1417,22457501,偉盟工業股份有限公司,臺中市西區忠誠里臺灣大道2段536號5樓之1,3652433370,1061102
1424,22472117,貴得有限公司,臺中市北屯區文昌三街36號1樓,8000000,1061101
1435,22495857,台灣共昱工業股份有限公司,臺中市大雅區四德里14鄰中山八路120號,30000000,1061106
1438,22511300,秀府塑膠股份有限公司,臺中市西屯區逢甲路362號1樓,54000000,1061128
1457,22562905,唯聖國際有限公司,臺中市神岡區豐洲里大洲路157號,5000000,1061123
1468,22585560,貝爾國際資訊股份有限公司,臺中市北屯區麻園西街58號1樓,5000000,1061115
1469,22587027,惠笙實業股份有限公司,臺中市太平區成功里中興東路244號1樓,10496000,1061115
1471,22593061,櫻王興業有限公司,臺中市太平區大興路360號1樓,500000,1061124
1475,22596807,傑惠市地重劃開發有限公司,臺中市西區土庫里五權西路一段257號16樓之2,550000,1061122
1476,22598024,金鈺興精機股份有限公司,臺中市太平區建國里建興路312號,10000000,1061101
1477,22603357,豐緯工業股份有限公司,臺中市東區東興里建中街87巷1號,1000000,1061102
1497,22664348,立勤實業股份有限公司,臺中市大里區東興里東明路436巷8號,78800000,1061122
1498,22671621,一心機械工業股份有限公司,臺中市大里區健民里仁化工18路30號,20000000,1061116
1501,22675942,永岦鍛造工業股份有限公司,臺中市太平區太平里合利街15巷3號,15000000,1061123
1504,22685694,欣瑩工業有限公司,臺中市神岡區三角里中興路68巷12號1樓,2000000,1061117
1508,22694791,來億興業股份有限公司,臺中市大雅區二和里雅潭路四段370巷13號,20000000,1061107
1509,22695980,柔鄉實業有限公司,臺中市清水區秀水里公正路16巷37號,5000000,1061108
1513,22712221,三豐小客車租賃有限公司,臺中市后里區后里里甲后路一段582號,7000000,1061109
1531,22767148,久岡油壓工業股份有限公司,臺中市太平區工業十六路25號,135000000,1061129
1537,22776224,啟隆科技股份有限公司,臺中市大里區西湖里西湖路193號1樓,15000000,1061113
1539,22781599,華璟企業有限公司,臺中市大肚區新興里沙田路二段132巷6弄37號,1300000,1061108
1547,22800511,豪陞小客車租賃有限公司,臺中市北區進化北路136號1樓,5000000,1061127
1549,22803003,旋坤科技股份有限公司,臺中市北屯區仁美里崇德路三段936號1樓,7000000,1061102
1587,22916626,台灣科敏股份有限公司,臺中市西區公益路161號7樓之4,48500000,1061107
1595,22931561,山野電機工業股份有限公司,臺中市大肚區社腳里沙田路一段854巷68號,300000000,1061108
1603,22950172,穎輝工業股份有限公司,臺中市大肚區王田里沙田路一段320巷12-13號,5000000,1061101
1609,22964632,泳建機械股份有限公司,臺中市豐原區南嵩里水源路115巷68弄21之6號,10000000,1061101
1615,22983309,鴻園金屬工業股份有限公司,臺中市西屯區工業區三十六路50號,20000000,1061127
1617,22987522,懋盛水電機電有限公司,臺中市大里區東湖里國寶街48巷7號2樓,20000000,1061124
1647,23069445,啟越工業有限公司,臺中市豐原區田心里豐南街51巷19弄52號,1000000,1061106
1648,23070442,國睦工業股份有限公司,臺中市南屯區文山里精科路18號,410800000,1061116
1650,23074475,笠詮企業股份有限公司,臺中市太平區復興街38號1樓,10000000,1061109
1653,23079247,紹益企業股份有限公司,臺中市梧棲區永安里向上路九段322巷33號,5000000,1061101
1657,23091039,江興營造有限公司,臺中市北區太原路三段48號1樓,60000000,1061120
1664,23101135,暘星企業股份有限公司,臺中市西區吉龍里美村路一段581號2樓,35000000,1061116
1665,23101634,華騰企業廠有限公司,臺中市豐原區翁子里豐勢路一段379巷6弄29號,5000000,1061109
1666,23109283,達理精控股份有限公司,臺中市清水區武鹿里中清路九段535巷6號,43000000,1061128
1684,23149525,怡瑋有限公司,臺中市西屯區工業區四十路16號,3200000,1061120
1689,23169330,籌春興業有限公司,臺中市西屯區長安路一段56巷2號1樓,5000000,1061106
1693,23174679,富進塑膠股份有限公司,臺中市大肚區新興里沙田路二段323巷2號,10000000,1061116
1697,23185367,統翊精機股份有限公司,臺中市南區樹義路37號1樓,5000000,1061109
1703,23199968,鴻耀工業股份有限公司,臺中市大雅區昌平路四段226號,29800000,1061106
1706,23208158,甲上自動控制機械有限公司,臺中市烏日區五光里五光路169號,8000000,1061121
1707,23209868,穎昌鞋業股份有限公司,臺中市大里區慈德路91號1樓,65000000,1061117
1709,23216869,高山企業股份有限公司,臺中市大雅區忠義里東大路二段811號1樓,18000000,1061116
1719,23227789,雅薪工業股份有限公司,臺中市沙鹿區和睦路三段350號,20000000,1061113
1724,23240262,育晉鋁業有限公司,臺中市清水區下湳里三田路1之10號,22000000,1061102
1728,23246723,政炎機械股份有限公司,臺中市龍井區龍津里蚵寮路251巷146號,28000000,1061128
1730,23249876,京展印刷事業有限公司,臺中市北屯區平心里安順東八街40之4號,3000000,1061115
1735,23259732,世拓實業股份有限公司,臺中市大肚區自強里中沙路164巷6弄98號,29000000,1061101
1760,23368794,伯佳塑膠機械股份有限公司,臺中市霧峰區吉峰里32鄰民生路198巷26弄6號1樓,60000000,1061122
1763,23377908,維聯企業股份有限公司,臺中市南區樹德里建國南路一段66號,3000000,1061123
1768,23391583,周信企業股份有限公司,臺中市太平區德隆里工業十六路18號,10000000,1061108
1772,23405257,旭正機械股份有限公司,臺中市清水區東山里神清路2之161號,85000000,1061128
1795,23469224,東宇綠能股份有限公司,臺中市梧棲區中南一路二段933號,100000000,1061102
1802,23483176,申豐門業有限公司,臺中市神岡區庄前里神林路48之3號,1000000,1061127
1804,23484061,漢益塑膠有限公司,臺中市大雅區員林里神林路一段234巷1之1號,20000000,1061107
1826,23547880,向上企業有限公司,臺中市西區公德里向上路一段356號2樓,5000000,1061114
1829,23551336,大友報關股份有限公司,臺中市梧棲區南簡里大智路一段192號2樓,5000000,1061114
1831,23559148,震欣科技股份有限公司,臺中市南屯區寶山里工業區22路35號,52000000,1061103
1833,23570072,丸智企業有限公司,臺中市北區太原四街11號,10000000,1061115
1835,23571749,彬源實業有限公司,臺中市太平區太平里新仁路一段22巷91號,4000000,1061102
1837,23584701,大立欣業有限公司,臺中市北區賴厝里中清路一段546號,2000000,1061123
1857,23636813,馬上發國際企業股份有限公司,臺中市西區忠明南路270號20樓之1、之2、之3,1575392000,1061108
1863,23677709,動態音響燈光工程有限公司,臺中市大里區樹王里樹王路88巷23號2樓,1000000,1061110
1864,23678708,國唐建設股份有限公司,臺中市西區臺灣大道二段101號7樓,37500000,1061116
1866,23678926,七駿科技股份有限公司,臺中市西屯區協和里工業區35路9號,200000000,1061107
1878,23715339,玖和有限公司,臺中市太平區中和街156號,10000000,1061101
1879,23717890,金舟機械工業股份有限公司,臺中市東區東光園路100巷15號,6000000,1061122
1881,23718342,高煇企業股份有限公司,臺中市太平區合利街6號,5000000,1061127
1895,23764751,良映資訊股份有限公司,臺中市南屯區文心路一段186號14樓之3,12000000,1061122
1902,23785897,仲隆彩色印刷製版有限公司,臺中市潭子區大富里潭富路三段9號,5002100,1061120
1903,23785989,彰盈有限公司,臺中市東勢區新盛里東關路六段1075號1樓,5000000,1061123
1906,23803044,尚緯金屬工業有限公司,臺中市梧棲區永安里向上路九段352巷45號,500000,1061116
1908,23805726,圜銨鐵工廠有限公司,臺中市豐原區田心里大明路16巷7號,5000000,1061106
1910,23810919,昌震實業股份有限公司,臺中市神岡區岸裡里大富路125號3樓,7000000,1061107
1913,23824293,裕和建設股份有限公司,臺中市西屯區工業區九路10號1樓,186000000,1061117
1921,23833384,錠發工業股份有限公司,臺中市西屯區福上巷185號,26800000,1061130
1927,23855767,柏全瀝青股份有限公司,臺中市西區忠信街6號,25600000,1061128
1928,23857343,鈺洲樂器實業有限公司,臺中市太平區新福里樹德一街45巷10弄22號1樓,4000000,1061121
1930,23870676,麥佛德企業有限公司,臺中市北屯區文心路四段698號22樓之2,12000000,1061117
1933,23874032,金暘實業股份有限公司,臺中市南屯區文山里精科6路5號,28000000,1061113
1952,23950072,厚達電業股份有限公司,臺中市神岡區神洲里豐工中路78號,28500000,1061116
1953,23951810,杰和實業股份有限公司,臺中市豐原區西湳里三豐路二段515之11號1樓,16000000,1061115
1956,23959587,豪岱國際貿易股份有限公司,臺中市西屯區何仁里文心路三段296-1號10樓,23000000,1061117
1961,23968158,弘圳工業股份有限公司,臺中市大雅區雅楓里民生路三段163號,5000000,1061129
1964,23981238,松順精密機械有限公司,臺中市大肚區遊園路一段3巷100號1樓,10000000,1061116
1985,24207516,昶鈜科技有限公司,臺中市龍井區龍山街151巷23弄18號1樓,10000000,1061128
1989,24209009,青然股份有限公司,臺中市南區復興路1段369號1樓,688275000,1061129
1992,24212877,富屋不動產經紀有限公司,臺中市東區樂業路370號1樓,2000000,1061106
1994,24213094,賀聯工業股份有限公司,臺中市大甲區日南里東三街2號,15000000,1061110
1996,24213708,瑞來實業有限公司,臺中市太平區宜佳里宜仁街68號1樓,250000,1061101
2002,24219203,東薪科技有限公司,臺中市神岡區山皮里光復路215巷42號,500000,1061121
2005,24220779,鴻舜工程有限公司,臺中市西區忠誠里忠明南路16號9樓之2,2000000,1061123
2008,24224178,翠豐茶業行銷有限公司,臺中市烏日區太明路2巷1弄8號,5000000,1061108
2012,24229027,松盟科技股份有限公司,臺中市西屯區大河里長安路一段83號4樓,10000000,1061102
2016,24234083,建萊企業股份有限公司,臺中市大雅區橫山里永和路六甲巷10之2號,15000000,1061114
2017,24234892,如是我聞食品有限公司,臺中市大肚區沙田路二段2巷21之8號1樓,1000000,1061110
2020,24238193,傳雄管理顧問股份有限公司,臺中市西屯區何南里大墩二十街99號5樓,5000000,1061127
2028,24246258,葛洛芮生化科技股份有限公司,臺中市大里區大衛路48之2號1樓,10000000,1061102
2034,24252531,佑宜自動化企業股份有限公司,臺中市大里區健民里久居街58巷1號,15500000,1061103
2036,24254117,拉鎂企業股份有限公司,臺中市南區三民西路377-1號13樓,1000000,1061103
2039,24257085,佑恩服飾有限公司,臺中市北區青島路一段60號,500000,1061121
2045,24262215,興奇科技企業有限公司,臺中市太平區中山里中山路2段311巷2弄15號1樓,5000000,1061103
2047,24263609,保晟科技有限公司,臺中市神岡區神洲路617巷2號,1000000,1061106
2052,24267318,寅得營造股份有限公司,臺中市北區富強街77號1樓,3000000,1061121
2055,24269097,匡集有限公司,臺中市南屯區春社里忠勇路12之23號8樓,1000000,1061106
2057,24271501,諭成有限公司,臺中市太平區永成里長億北街58號1樓,30000000,1061123
2058,24271811,康得利興業有限公司,臺中市南屯區楓樹里永春東二路100巷19號1樓,3000000,1061123
2060,24274057,玉寶有限公司,臺中市大肚區王田里王福街22巷22號,1000000,1061120
2061,24274964,承旺資訊有限公司,臺中市北區明德里太原路一段460之6號1樓,1000000,1061128
2062,24277060,捌號文創事業有限公司,臺中市西區五權西六街165巷8號3樓之9,1500000,1061122
2071,24284560,酉順有限公司,臺中市霧峰區四德里新埔路41之6號,6000000,1061122
2072,24287460,富利宏科技工程有限公司,臺中市太平區宜佳里祥順路一段23號,10000000,1061108
2073,24289137,安宏行銷有限公司,臺中市西屯區逢福里福星路551號,1000000,1061120
2077,24295454,允盛消防安全設備有限公司,臺中市南區復興路二段205巷16號1樓,250000,1061117
2082,24299830,信貿家具有限公司,臺中市南屯區豐樂里京展街288號1樓,1000000,1061109
2085,24303736,欣睦工程有限公司,臺中市大雅區員林里大林路241巷51之1號,5000000,1061107
2143,24357015,大正和儀器股份有限公司,臺中市潭子區潭秀里潭富路一段87巷79號,6000000,1061106
2150,24362093,茵特斯克股份有限公司,臺中市南屯區春社里嶺東路27號,25300000,1061122
2151,24362354,達際科技有限公司,臺中市西區民龍里台中港路一段152號23樓之1,2000000,1061114
2152,24363065,林家香食品有限公司,臺中市西屯區廣福里廣福路352巷70號2樓,22800000,1061106
2168,24387215,鉅海股份有限公司,臺中市太平區中山路四段212巷12之6號5樓,8000000,1061120
2175,24398711,諾曼地創意行銷有限公司,臺中市烏日區榮泉里健行路154號2樓,250000,1061120
2176,24399985,向上國際科技股份有限公司,臺中市北區健行路360號4樓之1、2、3、4、5,600000000,1061109
2182,24407535,力岡國際有限公司,臺中市龍井區龍泉里沙田路五段203巷5號1樓,500000,1061108
2189,24415633,放頌科技股份有限公司,臺中市西區吉龍里五權西五街133號,5000000,1061101
2199,24428166,士豐餐具有限公司,臺中市南屯區永春東七路868號2樓,2000000,1061108
2207,24435384,香繼光股份有限公司,臺中市太平區新光路62之1號2樓,48000000,1061113
2208,24437263,漢川生物科技有限公司,臺中市豐原區田心里豐南街51巷19弄32號1樓,300000,1061120
2209,24437670,歐客佬國際有限公司,臺中市北區太原路二段306之1號1樓,50000000,1061122
2258,24484912,笙源科技有限公司,臺中市西屯區福科一街66號8樓之2,10000000,1061102
2271,24493911,富維康國際有限公司,臺中市南屯區文心路一段512號1樓,1000000,1061102
2326,24545381,太陽神國際有限公司,臺中市北區中清路一段89號15樓之6,3000000,1061107
2343,24554212,元母有限公司,臺中市西屯區何安里臺灣大道二段888號14樓之1,2000000,1061117
2405,24579311,益碁機械股份有限公司,臺中市豐原區中陽里中陽路20號1樓,8000000,1061107
2407,24581246,思碼特股份有限公司,臺中市南區永和里五權南路569號1樓,8605000,1061122
2408,24581724,弘高國際有限公司,臺中市西屯區何德里漢口路二段151號14樓之2,1000000,1061110
2409,24582168,台灣皇朝科技有限公司,臺中市烏日區溪南路一段321號,6000000,1061102
2410,24582343,柏暘國際有限公司,臺中市潭子區甘蔗里興華一路372巷47號3樓,200000,1061120
2411,24582625,定騰企業管理顧問有限公司,臺中市西區民生里綠川西街2之7號1樓,500000,1061129
2412,24582738,楓興國際有限公司,臺中市南屯區楓樹里環中路五段700之1號,29000000,1061109
2413,24583011,張志成數學有限公司,臺中市北屯區仁美里昌平五街331號1樓,500000,1061103
2414,24583899,華邁國際有限公司,臺中市潭子區合作街29號1樓,2000000,1061121
2415,24584139,柏捷有限公司,臺中市大里區東南路6巷7號,300000,1061121
2416,24585138,伍鴻盈有限公司,臺中市北屯區三和里東光路896號4樓之2,3450000,1061110
2417,24585600,立達金屬工業股份有限公司,臺中市大里區益民路二段295號1樓,1000000,1061127
2418,24585799,萬里晴食品股份有限公司,臺中市西屯區何成里大墩十九街186號5樓之2,10000000,1061101
2419,24586609,富而康生技有限公司,臺中市南屯區田心里南屯路二段408號9樓之3,2000000,1061106
2420,24586869,龍順發有限公司,臺中市神岡區中山路1029之9號,500000,1061120
2421,24587207,分享家食品股份有限公司,臺中市西屯區潮洋里市政北二路238號29樓之3,10000000,1061120
2422,24587564,集威物業管理顧問有限公司,臺中市南區美村路二段186號7樓之2,1000000,1061129
2423,24588114,建誼投資顧問有限公司,臺中市大肚區沙田路三段245巷508號2樓,16000000,1061114
2424,24588748,長鋒特殊鋼股份有限公司,臺中市南屯區中和里中和巷4之52號,5000000,1061114
2425,24588894,佳昌機械股份有限公司,臺中市龍井區龍津里蚵寮路251巷150號,20000000,1061124
2426,24589198,通野五金有限公司,臺中市太平區新坪里新平路三段280號1樓,2000000,1061116
2428,24590717,智富盒子股份有限公司,臺中市北區新北里錦南街19之23號2樓,6000000,1061113
2429,24590934,國江貿易有限公司,臺中市北屯區仁和里昌平路二段31之36號3樓,3000000,1061123
2430,24593117,當代生活國際有限公司,臺中市西屯區何德里漢口路二段151號13樓之5,10000000,1061123
2431,24593524,佳采人力仲介國際開發有限公司,臺中市豐原區豐田里豐南街160號3樓,5000000,1061117
2432,24593854,閎程營造股份有限公司,臺中市太平區長億里2鄰太平一街93號,3000000,1061129
2433,24593897,現代審美文創藝術股份有限公司,臺中市西屯區潮洋里市政北二路238號21樓之1,3300000,1061123
2434,24594354,郁特里洛形象設計有限公司,臺中市西屯區工業區一路66號7樓之13,5000000,1061114
2435,24594468,旅人驛國際股份有限公司,臺中市北區健行里富華街28號1樓,5000000,1061123
2436,24594853,祐豐精技工業有限公司,臺中市神岡區三角里大富路186巷38號,2000000,1061123
2437,24597177,禾兆科技有限公司,臺中市西屯區福雅里福雅路128巷20號2樓,10000000,1061101
2438,24597583,鉑紳營造有限公司,臺中市大里區東湖里泉水街185號1樓,3000000,1061107
2439,24599169,凱春工程有限公司,臺中市大雅區四德里神林南路537號1樓,280000,1061113
2440,24600692,旭騰策進國際有限公司,臺中市西屯區福林里福康路42巷11號1樓,6000000,1061129
2441,24601355,普林建設開發股份有限公司,臺中市東勢區粵寧里新豐街88號1樓,5000000,1061108
2442,24601448,伍輇有限公司,臺中市西屯區臺灣大道四段786巷20號2樓,100000,1061103
2444,24602381,財佑工業有限公司,臺中市大里區健民里仁化工十九路77號,20000000,1061122
2445,24602946,鴻鑫保全股份有限公司,臺中市北屯區平安里文心路四段698號9樓之2,40000000,1061120
2446,24603065,寶興盛食品有限公司,臺中市太平區新興里新安街212號,3000000,1061122
2447,24603142,萬承精密科技有限公司,臺中市西屯區逢福里慶和街55號1樓,2500000,1061107
2449,24603699,康盛置業投資有限公司,臺中市西屯區福雅里永福路37之17地下一樓,26000000,1061101
2450,24604368,二十七又三分之一烘焙股份有限公司,臺中市西屯區至善里臺灣大道三段656號1樓,3000000,1061112
2451,24606485,德馬汽車企業有限公司,臺中市梧棲區安仁里中興路9號,5000000,1061117
2452,24607392,輝鴻國際興業有限公司,臺中市大里區永隆里永隆路155號1樓,1000000,1061127
2453,24607816,耀勝冷凍空調有限公司,臺中市太平區新安街68巷28號1樓,2000000,1061121
2480,24622470,歐莉荷國際開發有限公司,臺中市北區育才北路16號1樓,1000000,1061121
2519,24638682,三宜實業有限公司,臺中市大里區成功路38巷1號1樓,2000000,1061122
2537,24646677,綠格建材事業有限公司,臺中市北屯區舊社里北屯路441之18號1樓,250000,1061117
2544,24651333,晶耀國際貿易有限公司,臺中市潭子區大豐里雅豐街317號1樓,3000000,1061115
2749,24768447,京兆豐生機股份有限公司,臺中市西區臺灣大道二段341號,20000000,1061113
2812,24793086,塞席爾商翔佳有限公司,臺中市大雅區二和里雅潭路四段370巷13號2樓,0,1061129
2837,24809637,大陸商浙江捷昌線性驅動科技股份有限公司,臺中市北區武昌路22號,0,1061110
2840,24818642,律活有限公司,臺中市西屯區何成里臺灣大道二段827號1樓，829號1樓,300000,1061108
2841,24818930,建方投資股份有限公司,臺中市西區臺灣大道二段545號6樓之2,41960000,1061129
2842,24819207,翔威應用科技有限公司,臺中市南屯區大業里大進街693號1樓,3000000,1061129
2843,24819699,上富建設有限公司,臺中市梧棲區大村里文昌路223號2樓,1800000,1061116
2844,24820422,臻悅博國際有限公司,臺中市西屯區民龍里臺灣大道二段220號12樓,8000000,1061115
2845,24820886,富喬不動產經紀有限公司,臺中市北區明德里漢口南一街31號1樓,1000000,1061101
2846,24822097,太崙企業有限公司,臺中市西區昇平里華美街133號11樓之2,3000000,1061127
2847,24822548,義和誠實業有限公司,臺中市大里區青松街164號,1000000,1061108
2848,24822630,駿閎科技股份有限公司,臺中市神岡區社南里中山路667巷46弄17號,5000000,1061128
2849,24823032,仕鵬齒輪有限公司,臺中市大里區仁化里工業路79巷31號,2000000,1061107
2851,24824551,傅合式餐飲有限公司,臺中市北屯區和平里建和路二段189號1樓,500000,1061124
2852,24825849,國仁興業有限公司,臺中市烏日區烏日里五光路1046號1樓,200000,1061109
2853,24826018,鼎豐勝有限公司,臺中市西屯區何安里青海路一段114號4樓,2800000,1061127
2854,24826122,水徹物產有限公司,臺中市北屯區仁和里昌平路二段31之3號1樓,2000000,1061114
2855,24828000,億達精密有限公司,臺中市北屯區昌平路二段207之8號,5000000,1061115
2856,24829633,楓安有限公司,臺中市南屯區楓樹里永春東三路137號1樓,6000000,1061108
2857,24831835,皇星文旅股份有限公司,臺中市西屯區上安里臺灣大道三段552號,20000000,1061115
2858,24832362,安頡設計工程有限公司,臺中市西屯區上安里上明三街20號4樓之2,1000000,1061124
2859,24832406,西河企業有限公司,臺中市大里區長榮里新南路260號2樓,2000000,1061101
2860,24832476,千軍開發有限公司,臺中市霧峰區坑口里仁德巷12弄20號1樓,1000000,1061116
2861,24832905,唯佳實業有限公司,臺中市大里區東昇里環中東路五段628之6號,1000000,1061102
2862,24833714,寶棠餐飲有限公司,臺中市西區吉龍里美村路一段606號,8500000,1061122
2863,24834663,商博整合行銷有限公司,臺中市西屯區何南里臺灣大道二段633號5樓之3,5000000,1061127
2865,24835298,萬珠恩電子有限公司,臺中市北屯區松勇里北屯路473巷8號1樓,16700000,1061115
2866,24835430,鶴康屋健康事業股份有限公司,臺中市西區五權五街151號2樓之8,28000000,1061109
2867,24836803,成旺貿易有限公司,臺中市大雅區西寶里昌平路三段596巷57號1樓,1000000,1061123
2868,24836851,亨太國際有限公司,臺中市北屯區平心里文心路四段669號6樓之3,5000000,1061109
2869,24837161,家耕國際有限公司,臺中市烏日區三和里學田路便行巷121弄45之9號1樓,3200000,1061115
2870,24837916,臺灣骨庫股份有限公司,臺中市北屯區平德里梅川東路四段26號8樓之1,10000000,1061114
2871,24838181,鑫財利有限公司,臺中市龍井區龍泉里沙田路五段315巷8弄27號1樓,200000,1061120
2872,24839689,誠鴻生物科技有限公司,臺中市北屯區水景里東山路一段156之11巷10號2樓,10000000,1061117
2873,24839956,麥克健康科技有限公司,臺中市石岡區石岡里豐勢路1245號1樓,3585000,1061108
2874,24840010,力德國際管理顧問有限公司,臺中市西區公舘里樂群街372號,1800000,1061108
2875,24840546,青之森設計股份有限公司,臺中市西屯區港尾里中清路三段97號1樓,1000000,1061120
2876,24841329,店小二食品企業有限公司,臺中市西區公益里忠明南路229號,3900000,1061115
2877,24841411,蒂沅臻有限公司,臺中市西屯區潮洋里黎明路二段923號1樓,2000000,1061103
2878,24841453,台灣生機會有限公司,臺中市西區民龍里臺灣大道二段307號6樓之1,1000000,1061115
2879,24842087,壹參玖伍股份有限公司,臺中市西區土庫里存中街61巷1號1樓,1200000,1061122
2881,24846099,賜通國際有限公司,臺中市大里區新仁里新仁路一段1之1巷63號1樓,10000000,1061116
2908,24867729,健鈞廣告事業有限公司,臺中市西屯區福雅里永福路37之17號地下1樓,1000000,1061102
2979,24903372,詮王興業有限公司,臺中市太平區新坪里13鄰育賢路51號1樓,1300000,1061102
3035,24933925,馥麗國際有限公司,臺中市西屯區何源里河南路一段170號5樓之3,2000000,1061101
3038,24935607,澤羲國際股份有限公司,臺中市西區五權八街149號1樓,8000000,1061117
3048,24938610,臺灣樂樂文化有限公司,臺中市北屯區平安里文心路四段750號地下室之1與752號地下室,2400000,1061117
3109,24969818,台灣樸緻股份有限公司,臺中市西屯區文心路三段241號13樓之1,12000000,1061106
3159,25005609,友信輪胎有限公司,臺中市烏日區三和里高鐵二路6號1樓,1000000,1061122
3172,25021973,虹昇數位有限公司,臺中市南區德富路138號11樓之5,2150000,1061121
3177,25025295,嘉益事業有限公司,臺中市西屯區何厝里何厝東二街23號4樓之3,1100000,1061130
3180,25027049,奧德賽文創股份有限公司,臺中市沙鹿區興安里大同街25巷4號,19750000,1061122
3182,25028286,富有國際開發股份有限公司,臺中市西區英才路512號5樓,5000000,1061124
3184,25029320,誠邦建設股份有限公司,臺中市南區平和里忠明南路935號3樓,25000000,1061106
3187,25030810,裕文堂有限公司,臺中市西屯區大隆路167號2樓,5000000,1061115
3188,25032774,川琪有限公司,臺中市烏日區民權街3號1樓,4000000,1061106
3197,25045980,雅啤精釀啤酒股份有限公司,臺中市大雅區龍善三街12號,7000000,1061114
3202,25052270,飛睿貿易有限公司,臺中市北屯區文心路四段692之1號4樓,1000000,1061110
3213,25059674,佳聯國際興業有限公司,臺中市西區民龍里臺灣大道二段220號7樓,10000000,1061116
3216,25061643,鋒揚實業股份有限公司,臺中市西屯區惠來里櫻城三街29號,26000000,1061101
3220,25065985,吉泉投資有限公司,臺中市西屯區福中里中工二路182號9樓,40000000,1061117
3224,25070848,永源不銹鋼有限公司,臺中市太平區長安路497號,1000000,1061103
3226,25072058,索能有限公司,臺中市太平區新坪里育賢路25號1樓,3250000,1061123
3231,25078996,德泰金屬有限公司,臺中市西屯區何源里內江街106號2樓,3000000,1061114
3234,25080281,均安豪國際有限公司,臺中市西屯區西墩里青海路二段490號9樓之1,300000,1061123
3238,25082730,仕睿有限公司,臺中市北屯區北屯路中映巷16弄11號,250000,1061108
3245,25089781,京優企業有限公司,臺中市大里區永隆里大明路492號18樓,800000,1061115
3252,25094118,永承知識行銷有限公司,臺中市烏日區湖日里新興路664號2樓之2,2500000,1061128
3253,25094124,谷鑫有限公司,臺中市南區三民西路216巷10號1樓,1000000,1061106
3255,25096636,甄翊機電有限公司,臺中市大雅區上楓里民族街147北一巷47之6號1樓,1000000,1061123
3257,25096988,永峰工業有限公司,臺中市北屯區后庄里新興路6巷9號3樓,3000000,1061120
3258,25099937,必興國際企業有限公司,臺中市西屯區何南里大隆路114號2樓,1000000,1061115
3269,25111165,以聖有限公司,臺中市南區福田二街359號2樓之1,15000000,1061101
3339,25164227,全安科技建材工廠有限公司,臺中市龍井區工業路216巷31號,32000000,1061103
3342,25164922,創意旅館股份有限公司,臺中市北區五權路332、334號,36400000,1061113
3344,25166457,宥泰投資股份有限公司,臺中市大雅區橫山里中科路1088號,127926000,1061120
3346,25169124,晟望科技股份有限公司,臺中市西屯區何明里大有街17號1樓,8000000,1061116
3352,25179690,奧林帕斯股份有限公司,臺中市西屯區逢甲里西屯路二段256巷6號6樓之2,20000000,1061110
3355,25182442,漢鐘真空科技股份有限公司,臺中市南屯區精科路10號,20000000,1061129
3360,25186171,大堂建設股份有限公司,臺中市中區市府路118號1樓,28000000,1061120
3361,25186783,龍揚開發股份有限公司,臺中市西區五權西路一段237號8樓之1,70000000,1061113
3372,25195523,真誠開發有限公司,臺中市北屯區后庄里中清路2段998號1樓,200000,1061124
3381,27209235,保旺國際投資有限公司,臺中市西屯區市政路386號12樓之6,139500000,1061110
3416,27267831,新鴻基投資股份有限公司,臺中市北屯區平心里文心路四段669號3樓之3,42900000,1061129
3422,27275305,皇品國際食品有限公司,臺中市西屯區西墩里上墩東街88號17樓之6,10000000,1061123
3428,27288435,漢翔不動產經紀有限公司,臺中市西屯區西墩里黎明路三段549號,1000000,1061114
3437,27304717,照信文化創意有限公司,臺中市南區樹德里復興北路567巷43號1樓,3000000,1061107
3441,27308376,俊昇興業股份有限公司,臺中市西區吉龍里美村路一段581號2樓,17000000,1061116
3479,27351416,法雅企業有限公司,臺中市西區公益路132號11樓,1000000,1061129
3505,27380046,晶葉酵素生物科技股份有限公司,臺中市西屯區協和里工業區三十二路86號1樓,15000000,1061114
3507,27383178,誼楷有限公司,臺中市太平區太平一街90號1樓,1000000,1061108
3512,27387569,世豐研磨有限公司,臺中市大里區塗城里塗城路43號1樓,1000000,1061102
3513,27387646,多芬建設股份有限公司,臺中市西屯區逢福里河南路二段262號12樓之13,15000000,1061123
3518,27395189,進利雷射有限公司,臺中市南屯區新生里筏子東街一段130號,1000000,1061103
3521,27401859,郁詳實業股份有限公司,臺中市烏日區北里里太明路成豐巷196號,6000000,1061103
3526,27412238,立冠包裝器材有限公司,臺中市潭子區東寶里大豐路一段26之9號1樓,1000000,1061129
3537,27429913,合運租賃有限公司,臺中市潭子區潭陽里中山路二段283巷1弄6號1樓,30000000,1061103
3540,27435099,志盛工業有限公司,臺中市大里區東湖里中山路188號1樓,1000000,1061120
3550,27447834,瑩達有限公司,臺中市后里區三豐東路113巷13號1樓,1000000,1061130
3552,27448411,廣達配管五金材料有限公司,臺中市南區建國南路一段187號,12000000,1061106
3554,27450210,圓竣工業股份有限公司,臺中市烏日區螺潭里慶光路98之20號,15000000,1061114
3562,27462551,策略公關多媒體有限公司,臺中市北屯區旅順路二段122之3號1樓,1000000,1061128
3564,27465163,東霖鞋業有限公司,臺中市沙鹿區六路里六路十一街69號1樓,10000000,1061128
3570,27478006,磐朧科技股份有限公司,臺中市大肚區頂街里沙田路三段245巷59號,10000000,1061124
3574,27482297,佳慶電機有限公司,臺中市西區忠勤街359號,2000000,1061127
3576,27483351,范儷泰得有限公司,臺中市西屯區弘孝路十三號一樓,500000,1061128
3577,27483900,伸健盛企業股份有限公司,臺中市北區健行路56號1樓,6000000,1061123
3583,27497469,帝保建設有限公司,臺中市南區五權南路193號1樓,2000000,1061102
3586,27500507,美迪亞生技開發股份有限公司,臺中市北屯區平德里崇德路二段51號3樓之2,3000000,1061109
3588,27504525,福田工業有限公司,臺中市梧棲區草湳里永興路二段276號,3000000,1061115
3590,27505067,佛日興業股份有限公司,臺中市神岡區中山路851巷51弄43號,15000000,1061117
3631,27563690,台灣促參顧問有限公司,臺中市西屯區潮洋里市政北二路236號17樓之2,5000000,1061120
3638,27584843,鴻寶興業有限公司,臺中市太平區太平里太平23街12號1樓,29500000,1061107
3664,27620334,華景管理顧問股份有限公司,臺中市西屯區市政北二路236號30樓之1,3200000,1061110
3666,27625838,保祿生物科技有限公司,臺中市東區東英里自由路四段389號1樓,1000000,1061115
3670,27631493,煜瑋貿易股份有限公司,臺中市豐原區鐮村里鐮村路403號,12000000,1061129
3673,27633324,光展應材股份有限公司,臺中市北屯區崇德路二段252號16樓,43170000,1061129
3675,27637898,上境工程設計顧問有限公司,臺中市北區太原路一段448之6號1樓,1000000,1061124
3681,27655109,順中有限公司,臺中市神岡區三角里三社路53巷12號,1000000,1061123
3684,27660412,高碳金屬股份有限公司,臺中市烏日區烏日里大同六街31弄17號1樓,20000000,1061103
3689,27668420,紘忠建設有限公司,臺中市太平區平安里太平十街22號1樓,10000000,1061127
3715,27715303,達人生醫科技有限公司,臺中市西區臺灣大道二段285號12樓之1,10000000,1061115
3767,27780248,台灣旭科國際有限公司,臺中市沙鹿區南斗路311巷5弄11號1樓,5000000,1061128
3771,27782490,上大清潔有限公司,臺中市大里區國光里大里二街99號1樓,1500000,1061110
3776,27794329,林之林科技股份有限公司,臺中市大雅區二和里雅潭路四段375號,51900000,1061129
3777,27794355,拓程開發實業股份有限公司,臺中市西屯區青海路二段242-33號及台中市西屯區青海路二段242-33號3樓之1、3樓之3、3樓之5至3樓之12、4樓之1、4樓之2、4樓之5至4樓之11、5樓之1、5樓之2、5樓之9至5樓之12、6樓之1、6樓之2、6樓之5至6樓之9、7樓之1、7樓之3、7樓之5至7樓之12、8樓之1至8樓之12、9樓之1至9樓之12、10樓之1至10樓之12、11樓之1至11樓之12、12樓之1、12樓之2、12樓之5至12樓之12,5500000,1061108
3786,27804614,貿盛運輸股份有限公司,臺中市梧棲區自強路472號,30000000,1061107
3790,27816294,法斯特精工有限公司,臺中市西屯區潮洋里黎明路二段870號,10000000,1061122
3792,27819118,宏威應用材料股份有限公司,臺中市北屯區廍子里廍子巷116號1樓,14000000,1061109
3796,27826217,舉基工業股份有限公司,臺中市龍井區工業路246巷22號,16000000,1061124
3797,27826407,智慧王有限公司,臺中市南屯區黎明路二段311號1樓、313號1樓,10000000,1061129
3800,27826878,高仕達炭科技股份有限公司,臺中市北區金華里錦華街45號1樓,5000000,1061127
3801,27831204,富一科技有限公司,臺中市神岡區庄前里神林路70巷27號,10000000,1061113
3803,27834906,瑞茂不銹鋼企業有限公司,臺中市豐原區南陽路301巷24弄29號1樓,1000000,1061113
3805,27837376,玄觀園建設股份有限公司,臺中市北屯區平田里文心路四段955號8樓之4,8000000,1061110
3809,27840647,誠磐資產管理股份有限公司,臺中市北區賴旺里北平路二段30巷10之1號,2500000,1061107
3814,27849106,中村加油站股份有限公司,臺中市南屯區新生里五權西路二段1001號,80000000,1061101
3816,27853157,泰瑀進出口股份有限公司,臺中市霧峰區四德路477之3號2樓,6000000,1061114
3820,27857787,熱鍵電腦有限公司,臺中市神岡區神岡里中山路1365巷8號1樓,1000000,1061103
3822,27859461,汗王有限公司,臺中市潭子區嘉仁里旱溪西路七段489號,2000000,1061121
3826,27866527,獨奏心靈傢俬股份有限公司,臺中市西屯區惠來里惠中路二段46號1樓,1000000,1061103
3834,27881421,華善投資有限公司,臺中市西區大隆路20號14樓之3,8000000,1061106
3838,27891498,麗池時尚館股份有限公司,臺中市西屯區何德里漢口路二段151號10樓之5,9000000,1061128
3839,27892285,明桔工業有限公司,臺中市南區樹德里樹德一巷22號1樓,3000000,1061124
3842,27894452,台灣防災股份有限公司,臺中市烏日區大同路1號,40000000,1061106
3844,27897514,盛錸實業有限公司,臺中市南區正義街133巷8號1樓,2000000,1061102
3863,27926551,香港商絡得運動用品有限公司,臺中市西區忠明南路303號8樓之4,0,1061128
3866,27940499,香港商世界健身事業有限公司,臺中市西區臺灣大道二段489號22樓,111200000,1061103
3870,27950550,英屬維京群島商健步威企業有限公司,臺中市大雅區雅潭路四段370巷13號2樓,0,1061124
3910,27995677,健康希望生物科技股份有限公司,臺中市北區中清路一段153巷9號,1000000,1061116
3940,28034776,筌振實業股份有限公司,臺中市霧峰區吉峰里民生路198巷23弄8號,12000000,1061103
3947,28044937,達森室內裝修有限公司,臺中市龍井區東海里藝術南街26號1樓,1000000,1061127
3953,28051839,亞細亞氣密隔音窗股份有限公司,臺中市潭子區新田里豐興路二段338巷20號,106000000,1061124
3965,28063482,金鋒鞋業有限公司,臺中市大里區新仁里新仁七街3之1號,2000000,1061103
3967,28067608,侑欣國際企業有限公司,臺中市大雅區西寶里西村路12之11號,1000000,1061103
3979,28080692,慎昌貿易有限公司,臺中市豐原區田心里合作街37巷56弄6號,8000000,1061108
3993,28098291,俊穎電器有限公司,臺中市北屯區文昌東八街48號1樓,1000000,1061123
3998,28104239,好普麗特貿易有限公司,臺中市南區樹德里大慶街二段9巷9號2樓,1000000,1061101
3999,28104414,登文科技有限公司,臺中市西區忠明里美村路一段52巷33號3樓,1000000,1061106
4003,28109282,水舞美學藝術國際有限公司,臺中市西區土庫里五權西六街52號1樓,2000000,1061116
4004,28109797,鼎沅機械企業有限公司,臺中市潭子區新田里豐興路二段42巷9號,5500000,1061116
4007,28113188,臺灣旭芝生技醫藥股份有限公司,臺中市豐原區北陽里圓環東路670號1樓,10000000,1061113
4015,28122686,品高實業有限公司,臺中市南屯區大墩五街169號,10000000,1061127
4026,28136416,星野烘焙事業股份有限公司,臺中市西區公益路132號1樓,40000000,1061115
4034,28144345,森大投資股份有限公司,臺中市南屯區大興里精誠南路1之2號1樓,17000000,1061107
4037,28148383,台中商務旅館股份有限公司,臺中市西屯區臺灣大道三段593號,65100000,1061108
4043,28151128,摩樺建設開發股份有限公司,臺中市南屯區大興里精誠南路1-2號1樓,25000000,1061108
4045,28153575,鴻霆興業有限公司,臺中市大里區勝利二路18號1樓,3000000,1061111
4047,28155911,正昌食材有限公司,臺中市西區和龍里臺灣大道一段726號3樓之11,3600000,1061128
4054,28166348,統領餐飲股份有限公司,臺中市北屯區瀋陽路二段143號,5000000,1061124
4070,28192802,誠又有限公司,臺中市北屯區忠平里敦化路一段473號12樓,10500000,1061108
4124,28311687,秉禾實業有限公司,臺中市大里區東湖里國寶街9號6樓,1000000,1061121
4129,28324487,元成富有限公司,臺中市大肚區磺溪里文昌二街60巷7弄14號1樓,1000000,1061128
4132,28327750,禾瑞國際有限公司,臺中市北屯區安順東一街60號1樓,16000000,1061117
4142,28343061,凱樂媒體資訊有限公司,臺中市西屯區福和里臺灣大道四段767號8樓之4,1000000,1061106
4146,28347025,早安吾悅有限公司,臺中市南屯區大光街26號1樓,1000000,1061116
4148,28349494,成品企劃行銷有限公司,臺中市沙鹿區賢義街43巷16號1樓,3000000,1061108
4149,28349522,金瑞達軸承有限公司,臺中市西屯區潮洋里黎明路二段870號,5000000,1061121
4154,28353362,金成功有限公司,臺中市北區明德里忠明路２１１號６樓之２,1000000,1061129
4165,28371951,台灣數位光訊科技股份有限公司,臺中市西屯區文心路2段201號6樓之6,1277292400,1061121
4167,28372635,奇甫環保實業有限公司,臺中市大里區泉水街185號1樓,3000000,1061128
4172,28376870,中惠科技有限公司,臺中市西屯區河南路二段262號10樓之7,8000000,1061106
4179,28388215,普立陽資訊股份有限公司,臺中市烏日區學田里學田路563巷40號,5000000,1061114
4184,28397002,全球威誠國際開發股份有限公司,臺中市西區臺灣大道二段186號20樓之5,5000000,1061106
4192,28410080,親嘉開發股份有限公司,臺中市西屯區惠來里市政北七路186號16樓,250000000,1061103
4239,28490464,三馬有限公司,臺中市西屯區西墩里福科二路16號1樓,1000000,1061124
4241,28492245,超群壓克力有限公司,臺中市太平區新高里樹德八街21號1樓,2600000,1061113
4243,28495762,哈德森遊艇股份有限公司,臺中市北屯區文心路三段447號30樓之1,17000000,1061109
4244,28498254,瀧品實業有限公司,臺中市大里區東興里東明路450號,5000000,1061102
4255,28510588,摩登精緻室內裝修設計有限公司,臺中市北屯區松竹里熱河路三段88號1樓,500000,1061129
4256,28511067,萬大酵素生物科技股份有限公司,臺中市北屯區平興里北屯路360號9樓之1,15000000,1061101
4258,28511475,艾傑創意設計有限公司,臺中市西區公館里五權路1之139號13樓之2,1000000,1061101
4259,28512214,岳展房屋仲介有限公司,臺中市潭子區潭陽里圓通南路189號1樓,500000,1061122
4271,28526884,帛昇建設有限公司,臺中市太平區中山路四段108號1樓,3000000,1061106
4273,28532788,喬森建設有限公司,臺中市霧峰區本堂里中正路769巷11號6樓,15000000,1061121
4274,28533127,廣都有限公司,臺中市西屯區安和路189巷13號1樓,1000000,1061127
4275,28535568,陞弘輪胎有限公司,臺中市東區旱溪里東光路88之1號1樓,500000,1061102
4278,28538609,大方集生技有限公司,臺中市西屯區潮洋里黎明路二段883號1樓,5000000,1061108
4280,28541533,光益工程技術顧問有限公司,臺中市大雅區忠義里東大路二段1100巷6號,6000000,1061108
4283,28544671,心任國際有限公司,臺中市西區昇平里福人街142號5樓之5,3000000,1061114
4284,28544953,赤鬼食品股份有限公司,臺中市西區民龍里臺灣大道二段170、176、182號,13000000,1061123
4294,28555199,翔霖管理顧問有限公司,臺中市北區文昌東二街218號1樓,500000,1061101
4297,28557507,佑欣管理顧問股份有限公司,臺中市東區東信里東英五街62號2樓,50000000,1061114
4300,28563629,信達管理顧問有限公司,臺中市西區康樂街17號,1000000,1061129
4306,28571178,寶田家禽畜有限公司,臺中市北屯區太順二街75號1樓,500000,1061117
4307,28572155,明坤科技有限公司,臺中市北屯區崇德路二段130號14樓,15500000,1061107
4310,28576336,捷文實業有限公司,臺中市豐原區豐田里田心路二段247巷30弄2號,5010000,1061127
4311,28576835,晉遠精密實業有限公司,臺中市大雅區六寶里和平路173之2號,7500000,1061101
4325,28589108,九久太陽食品股份有限公司,臺中市中區臺灣大道一段176號1樓,6000000,1061103
4358,28623561,雅姿國際美容有限公司,臺中市南屯區向上路二段467號1樓,2000000,1061122
4362,28625977,偉寶精密有限公司,臺中市南屯區文山里精科七路12號,4500000,1061127
4363,28627546,昇翔環保科技有限公司,臺中市清水區下湳里中山路400之22號,5000000,1061103
4364,28627911,八起開發建設有限公司,臺中市太平區新高里立功路110號1樓,3000000,1061128
4369,28630296,永寶科技股份有限公司,臺中市潭子區大豐里潭富路二段288號2樓,9000000,1061110
4372,28635644,四葉草國際有限公司,臺中市西屯區大鵬里長安路二段81號1樓,1000000,1061116
4377,28640533,富綺科技有限公司,臺中市西屯區何厝里何厝東二街23號4樓之3,500000,1061129
4384,28654389,金恩生物科技股份有限公司,臺中市北屯區水景里東山路一段156之11巷10號1樓,25000000,1061116
4389,28656393,美誼游泳池股份有限公司,臺中市西區五權西路一段224號,4000000,1061113
4391,28659672,群策股份有限公司,臺中市南區樹義里文心南路901巷13號15樓之3,180000000,1061129
4392,28660489,家偶金富管理顧問有限公司,臺中市南區工學路155巷8號3樓之3,1000000,1061102
4472,28745874,亞太黎明通訊有限公司,臺中市南屯區黎明路二段293號1樓,500000,1061107
4475,28750094,享印特殊印刷有限公司,臺中市太平區太平里永平路三段132巷37弄6號1樓,2000000,1061123
4478,28751805,沅達國際貿易有限公司,臺中市西區三民路一段127巷30號5樓,5000000,1061128
4487,28761698,喻蜂實業有限公司,臺中市豐原區水源路南坑巷33之2號1樓,5500000,1061120
4501,28777495,啃樂國際有限公司,臺中市西區公民里貴和街218號3樓,500000,1061129
4502,28780920,成航科技有限公司,臺中市大安區中庄里中松路64號,600000,1061128
4506,28784762,賀引企業有限公司,臺中市烏日區溪南路一段782號1樓,6000000,1061120
4507,28785354,坤泰先進國際股份有限公司,臺中市北屯區祥順路二段238號1樓,1000000,1061107
4508,28787775,五碁企業有限公司,臺中市東區東光園路302號,1000000,1061121
4512,28792622,鴻霖欣有限公司,臺中市北區建德里富強街53號1樓,1000000,1061115
4517,28796140,騰煬冷凍食品有限公司,臺中市西屯區協和里工業區八路6號,2500000,1061122
4519,28799287,聯馥實業股份有限公司,臺中市西屯區環中路二段696之7號,10500000,1061103
4525,28805555,中南餐廳有限公司,臺中市西區三民路一段36號14樓之1,500000,1061108
4532,28808785,翊高金屬工業有限公司,臺中市神岡區北庄里北庄路80之1號1樓,2800000,1061114
4533,28809428,昶旻實業有限公司,臺中市北屯區后庄里新興路18巷92號,3500000,1061101
4541,28815202,瀚程貿易有限公司,臺中市西屯區四川路87巷30號11樓之1,500000,1061101
4585,28858829,安順裝卸股份有限公司,臺中市龍井區麗水里南堤路10號,800000000,1061113
4604,28877240,頂程國際股份有限公司,臺中市南區文心南路546之3號,66210000,1061127
4609,28883854,京觀整合行銷有限公司,臺中市西區藍興里大全街118號3樓,1000000,1061106
4612,28888582,大東開發有限公司,臺中市南屯區大墩六街43號1樓,5000000,1061120
4613,28889055,鴻泰生技有限公司,臺中市北屯區文心路4段127號1至2樓,8500000,1061127
4616,28893403,聚富建設有限公司,臺中市西屯區四川二街38號2樓,25000000,1061106
4631,28904534,天葉諮詢顧問有限公司,臺中市西區英才路530號10樓之3,10100000,1061127
4633,28905885,慧盈智能有限公司,臺中市南區福順里忠明南路787號7樓,5500000,1061121
4636,28907271,寧泰科技股份有限公司,臺中市北屯區平興里遼寧路一段290號2樓,18000000,1061127
4649,28918299,諳緹實業有限公司,臺中市龍井區龍泉里龍新路18號,4000000,1061128
4657,28928254,力水企業有限公司,臺中市沙鹿區三鹿里保寧路18號8樓之2,3500000,1061106
4658,28928445,碩賢企業有限公司,臺中市大里區健民里仁化工三路181號,63360000,1061115
4659,28929205,雅鈞保養品包裝有限公司,臺中市潭子區崇德路五段168號,1000000,1061120
4664,28936959,乂迪生科技股份有限公司,臺中市南屯區五權西路二段666號9樓之1,110200000,1061122
4666,28939581,羅博特科技有限公司,臺中市西屯區福恩里工業區一路98巷7弄60號1樓,20000000,1061113
4669,28943781,寶豐公寓大廈管理維護有限公司,臺中市南區南和里工學路146巷1號1樓,10000000,1061129
4672,28947528,宸忻有限公司,臺中市太平區中興東路239號1樓,500000,1061123
4677,28953366,達迅感應科技股份有限公司,臺中市北屯區東山路一段220巷51號,1000000,1061122
4679,28956321,金豐土木包工業有限公司,臺中市太平區中源街3巷18號1樓,800000,1061116
4683,28957905,樂田有限公司,臺中市北區英才路82號4樓,5000000,1061106
4687,28965594,邑邦工業有限公司,臺中市太平區東和里東平路404巷60弄6-1號1樓,1000000,1061113
4690,28968017,廣裕汽車股份有限公司,臺中市北屯區松竹路一段901號,4790000,1061128
4695,28985753,英屬維京群島商茂豐木業有限公司,臺中市西屯區市政北七路186號12樓之7,0,1061122
4698,28988077,英屬維京群島商勝達環球企業有限公司,臺中市南屯區豐樂里文心南五路1段330號24樓之2,1000000,1061107
4712,29008945,皇愷有限公司,臺中市大里區內新里益民路一段105號1樓,1000000,1061110
4714,29009418,祥裕國際貿易有限公司,臺中市烏日區榮泉里榮泉路99巷28弄6號,500000,1061127
4735,29035437,新商皇極國際資產管理有限公司,臺中市南屯區大業里公益路二段1號8樓之2,1000000,1061122
4795,29095764,新和光學股份有限公司,臺中市西屯區臺灣大道三段528號8樓,60700000,1061128
4796,29096460,福鑫包裝材料有限公司,臺中市大里區東湖里利民街7巷24號1樓,1000000,1061115
4801,29102667,美家全球有限公司,臺中市西屯區潮洋里朝富路213號11樓之7,20400000,1061102
4804,29103589,群源工業股份有限公司,臺中市南屯區田心里向心路29號1樓,10000000,1061103
4808,29106517,冠霆不動產開發有限公司,臺中市西屯區何源里河南路一段40號,3000000,1061117
4813,29109943,銓鴻有限公司,臺中市大肚區新興里沙田路二段383之1號,15000000,1061128
4817,29114312,詮薪開發有限公司,臺中市神岡區中山路1570號,6900000,1061108
4824,29119718,金川源金屬股份有限公司,臺中市北區五權路501巷40號,10000000,1061103
4825,29120172,綠色超人健康科技股份有限公司,臺中市西區臺灣大道二段2號18樓之1,1000000,1061129
4888,29185483,台灣愛思開新材料股份有限公司,臺中市梧棲區草湳里南環路12號,53453110,1061121
4889,29186336,台灣普拉材料股份有限公司,臺中市南區忠明南路758號28樓,75000000,1061115
4908,30899261,成霖企業股份有限公司,臺中市潭子區潭秀里建國路22號,3648889620,1061114
4918,30979594,旻亮企業有限公司,臺中市北區錦祥里育樂街20號,2000000,1061122
4948,33259508,國光生物科技股份有限公司,臺中市潭子區潭興路1段3號,2376842050,1061127
5171,42597522,康勝國際顧問有限公司,臺中市梧棲區臺灣大道八段432號,7000000,1061103
5212,42618723,萊特整合行銷股份有限公司,臺中市西屯區上安里上明一街2之3號1樓,1000000,1061123
5321,42661002,孫家烘焙廚房有限公司,臺中市西區忠明里中美街471號2樓,5000000,1061106
5322,42661853,羽漾舫服飾有限公司,臺中市大甲區文武里經國路762號1樓,1000000,1061124
5323,42662001,盈潤有限公司,臺中市南屯區大業里大墩十二街175號12樓之3,15800000,1061109
5324,42662184,博濰實業有限公司,臺中市南屯區同心里大墩二街195號1樓,4000000,1061108
5325,42662902,荷村旅店有限公司,臺中市梧棲區大庄里中華路一段1131巷1號、2號、3號、5號、6號、7號、8號、9號、10號、11號、12號、13號、14號、15號、16號、17號、18號、19號、20號,200000,1061108
5326,42663613,晟寶投資股份有限公司,臺中市東區東興里建德街58號3樓之2,20000000,1061113
5327,42664556,玩劇島股份有限公司,臺中市西區精明一街75號1樓、精誠路92號地下一層之1、之2、之3,75000000,1061129
5328,42664916,星金澤企業有限公司,臺中市北屯區平田里文心路四段955號10樓之5,7000000,1061101
5329,42665274,匠鑫有限公司,臺中市北屯區大坑里東山路二段100巷91弄86號1樓,1000000,1061106
5330,42665703,品天土地開發股份有限公司,臺中市大肚區瑞井里瑞井路52巷6之2號1樓,1000000,1061112
5331,42665767,成興資通有限公司,臺中市霧峰區錦榮里成功路102巷48號1樓,1000000,1061124
5332,42665801,翊匠科技有限公司,臺中市神岡區豐洲里前寮路55之1號,4000000,1061107
5333,42666098,金瑞晶國際股份有限公司,臺中市神岡區社南里中山路801之2號,79000000,1061102
5334,42667420,品寬科技有限公司,臺中市大雅區上雅里雅環路二段86巷38號3樓之1,2000000,1061101
5335,42667759,大鐘投資股份有限公司,臺中市西屯區福和里臺灣大道四段925號14樓之3,35000000,1061114
5336,42667879,龍洲國際顧問股份有限公司,臺中市北區臺灣大道二段360號10樓之2,3000000,1061129
5337,42668292,三穆農業股份有限公司,臺中市東區東英里東英六街23巷10號,2000000,1061110
5339,42668814,海源事業有限公司,臺中市南屯區楓樹里楓樹南街356巷16號2樓,5000000,1061109
5340,42668835,和德貿易股份有限公司,臺中市西屯區國安一路208巷18號2樓之5,600000,1061110
5341,42669503,富利友投資顧問有限公司,臺中市西區公館里五權西二街150號1樓,11000000,1061116
5343,42669594,金豪鏞有限公司,臺中市后里區太平里口庄路21號,1000000,1061122
5344,42669659,雷檬開發股份有限公司,臺中市西區忠義街21號1樓,1000000,1061115
5345,42670311,觀察家有限公司,臺中市北屯區仁美里昌平五街331號1樓,500000,1061103
5346,42670987,東榮運動管理顧問有限公司,臺中市大里區永隆里東榮路577號2樓,1000000,1061110
5347,42671888,網軍電商股份有限公司,臺中市龍井區三德里中厝路50巷60弄12號1樓,100000,1061109
5348,42672660,富美實業有限公司,臺中市西屯區何厝東二街23號4樓之3,12000000,1061106
5349,42672916,鑫詠實業有限公司,臺中市大雅區大雅里雅環路二段111號,500000,1061128
5350,42672958,聖瑞興業有限公司,臺中市北屯區平陽里安順一街15號1樓,300000,1061128
5351,42673181,波帝克國際有限公司,臺中市北屯區松和里昌平路二段4巷78號8樓,500000,1061108
5352,42673204,豐原犂記餅店有限公司,臺中市豐原區陽明里南陽路539號1樓,200000,1061102
5355,42674750,弘記五金工具有限公司,臺中市東區振興路369之29號1樓,300000,1061122
5356,42675435,東宏金屬有限公司,臺中市大里區國光里勝利二路21號1樓,500000,1061109
5359,42677010,皇潮鼎宴股份有限公司,臺中市南屯區大同里東興路二段186號4樓之4,339000000,1061113
5361,42678756,上鑫精密工業有限公司,臺中市北屯區松和里崇德六路一段250號1樓,2000000,1061129
5362,42680681,可承人文有限公司,臺中市北區明新里中清路一段447號13樓之6,1000000,1061103
5363,42680866,大椿工程有限公司,臺中市霧峰區本鄉里振興街123號六樓之1,2500000,1061128
5364,42680964,羽楊有限公司,臺中市南屯區大正街6號6樓之2,500000,1061120
5365,42681099,三二國際企業有限公司,臺中市北屯區水湳里文心路四段81號5樓之2,3200000,1061103
5366,42681372,禾曜國際實業有限公司,臺中市東勢區中寧里文化街115巷32號1樓,500000,1061103
5367,42681387,晟昌企業有限公司,臺中市大甲區日南里中山路二段914之4號,1000000,1061115
5368,42683250,奇諾可事業有限公司,臺中市南屯區溝墘里大業路241號3樓之1,5000000,1061108
5369,42683553,珍荷園餐館有限公司,臺中市大甲區頂店里經國路1639號,5000000,1061124
5371,42685378,環虹數位科技有限公司,臺中市北屯區和平里環中東路二段167號1樓,1000000,1061121
5372,42686290,耕富國際開發有限公司,臺中市南區永和里南和二街23號3樓,3250000,1061123
5373,42687093,台灣鴻鑫茶業有限公司,臺中市西屯區潮洋里臺灣大道三段699號4樓之2,200000,1061116
5374,42687278,好消息網路科技有限公司,臺中市南屯區三義里大業路599號12樓,598000,1061113
5375,42687761,晟翔欣業有限公司,臺中市西區精誠路126之9號1樓,9000000,1061107
5376,42688781,馨慷生技有限公司,臺中市北區進化北路238號4樓之6,1000000,1061113
5377,42689212,冠捷科技股份有限公司,臺中市大雅區四德里中清路三段819巷8號,25000000,1061122
5379,42690246,伸泰鋼構有限公司,臺中市烏日區五光里五光路189巷112之18號,1000000,1061121
5419,42706583,晟威工業股份有限公司,臺中市梧棲區中正路467號二樓,11500000,1061129
5473,42751209,宗諭企業有限公司,臺中市北屯區廍子里太原路三段1317號,2200000,1061101
5493,42757153,春禾科技有限公司,臺中市南屯區南屯里五權西路二段666號7樓之9,3000000,1061127
5547,42788748,鍶源投資有限公司,臺中市西屯區市政路101號2樓之1,25800000,1061106
5594,42828571,奧特拉科技股份有限公司,臺中市西屯區潮洋里8鄰朝富路213號4樓之2,8000000,1061106
5690,42870633,助航企業有限公司,臺中市南屯區大業里公益路二段61號2樓之1,1000000,1061115
5691,42870789,金威裝潢有限公司,臺中市清水區東山里神清路9之8號1樓,600000,1061127
5692,42871204,喬絲精品服飾有限公司,臺中市北區新北里一中街138之3號1樓,6500000,1061101
5693,42871675,勝騰國際通訊有限公司,臺中市北區育才北路65號1樓,200000,1061107
5694,42872914,酒港有限公司,臺中市大甲區頂店里中山路一段1299巷33號,2000000,1061116
5695,42873364,日灣技研有限公司,臺中市西區忠明里博館路117號底一層,2000000,1061122
5696,42873625,澳盛中小財金有限公司,臺中市北區明新里中清路一段447號7樓之1,5000000,1061128
5698,42874011,雅珈達有限公司,臺中市神岡區新庄里和睦路一段634號1樓,500000,1061102
5700,42876334,合億國際貿易有限公司,臺中市潭子區潭陽里潭興路三段15號4樓之2,500000,1061115
5701,42876910,富達通國際整合行銷股份有限公司,臺中市北屯區和平里軍和街455巷12號,12000000,1061108
5702,42877523,長森生物科技有限公司,臺中市北區賴福里太原路二段100號9樓之2,12000000,1061114
5703,42877586,熱海實業有限公司,臺中市東區進化路168巷28號,5000000,1061109
5704,42877713,敏思數位有限公司,臺中市北屯區長生一街75號11樓,1000000,1061117
5705,42879705,起圓有限公司,臺中市北屯區忠平里陳平路65巷15號7樓之2,6000000,1061122
5706,42879753,競鋒國際股份有限公司,臺中市西屯區市政北二路236號28樓之2,100000000,1061106
5708,42881316,里棋有限公司,臺中市霧峰區萬豐里中正路126巷9之31號1樓,500000,1061113
5709,42881358,益順堂有限公司,臺中市東區精武路25號,500000,1061115
5710,42881759,尼采國際影音文化有限公司,臺中市西區民龍里臺灣大道二段186號20樓之5,660000,1061107
5711,42882716,辰紘行銷有限公司,臺中市太平區中山路二段154巷48弄29號,1000000,1061129
5712,42883399,惠安鑫實業股份有限公司,臺中市南屯區田心里大墩六街428號5樓之1,10000000,1061124
5924,45070424,富力祥股份有限公司,臺中市大雅區民生路一段228號1樓,16000000,1061111
6017,45133238,匯群鋁業有限公司,臺中市太平區大源路116巷4號1樓,1000000,1061121
6018,45133271,長揚國際壽具有限公司,臺中市西屯區西墩里環中路二段1332號,100000,1061116
6037,45145282,宇潤科技股份有限公司,臺中市西區忠明里美村路一段36號5樓之2,2800000,1061123
6038,45146141,聖昌租賃國際有限公司,臺中市中區公園里臺灣大道一段249號1樓,70000000,1061101
6039,45146590,崴倫國際有限公司,臺中市南屯區鎮平里黎明路一段527號1樓,3500000,1061102
6041,45146661,洛妍有限公司,臺中市北屯區松文街39號1樓,1000000,1061101
6042,45146705,寶佳美雲端企業有限公司,臺中市南區永和里五權南路511號1樓,1000000,1061128
6043,45146867,允瑞投資有限公司,臺中市西屯區惠來里市政北七路182號2樓,3000000,1061127
6044,45147021,鴻辰室內設計有限公司,臺中市西區大和路24號5樓之2,3000000,1061101
6045,45147248,喬月有限公司,臺中市北屯區舊社里僑孝街32巷28號1樓,1000000,1061109
6046,45147346,理本實業有限公司,臺中市霧峰區吉峰里峰生巷7弄7號1樓,100000,1061128
6047,45147606,世杰營造有限公司,臺中市大雅區大雅里中清北街17號8樓之1,20000000,1061106
6048,45149148,新財企業股份有限公司,臺中市大雅區大楓里前村路342號1樓,15000000,1061129
6049,45149365,吉元甫有限公司,臺中市太平區成功東路141號1樓,200000,1061103
6050,45149549,亞慕吉國際有限公司,臺中市太平區新坪里育賢路31號,2700000,1061120
6051,45149816,有種生活有限公司,臺中市西屯區福雅里福雅路128巷27號1樓,800000,1061103
6054,45191243,快樂麥田教育科技有限公司,臺中市南屯區大墩四街321號地下一層,1000000,1061109
6055,45191546,真善美創新投資有限公司,臺中市南區福順里忠明南路787號7樓,10000000,1061123
6056,45195557,沐澄股份有限公司,臺中市西屯區何南里東興路三段392號1、2樓,5000000,1061128
6057,45195711,景懋興業股份有限公司,臺中市霧峰區吉峰里中正路1224巷14號,1680000,1061120
6058,45196958,津津洋行有限公司,臺中市北屯區環中東路三段29號9樓之2,2200000,1061123
6059,45197176,立富實業股份有限公司,臺中市西區忠明里博館路117號3樓之1,36000000,1061108
6060,45197751,尚慶食品有限公司,臺中市大肚區沙田路三段245巷508號1樓,3330000,1061115
6061,45876322,德僑企業有限公司,臺中市豐原區中興里大明路236巷29號10樓,1000000,1061122
6062,45876821,崇瑞國際股份有限公司,臺中市西屯區四川三街31號2樓,1001000,1061123
6063,45877574,匯誠資產顧問有限公司,臺中市西區公益路155巷17號4樓,6800000,1061127
6064,45878010,歐越國際開發有限公司,臺中市潭子區東寶里大富路一段107巷3之3號,500000,1061120
6065,45878433,馬汀空間設計有限公司,臺中市西區後龍里民權路225巷10之2號,200000,1061123
6066,45878659,原生油壓機械有限公司,臺中市烏日區北里里太明路成豐巷50之36號1樓,3000000,1061102
6067,45878709,尚欣科技有限公司,臺中市太平區宜欣十街12巷35號1樓,2000000,1061109
6068,45879480,康儀科技股份有限公司,臺中市西屯區工業區七路15號,295000000,1061122
6069,45880183,利泰生技有限公司,臺中市北屯區新平里經貿一路108巷255號1樓,1000000,1061110
6070,45880825,三合順室內裝璜有限公司,臺中市北區育德里育德路101號1樓,2000000,1061102
6071,45881063,暢流工業有限公司,臺中市大里區仁化里工業路宏巨二巷6弄5號1樓,400000,1061128
6072,45881606,元貞國際有限公司,臺中市太平區光隆里光興路770號,16000000,1061113
6073,45881731,農大人有限公司,臺中市東勢區廣興里第六橫街56巷8號1樓,1000000,1061106
6074,45882078,均苑有限公司,臺中市南屯區大業里大進街490號4樓之5,1000000,1061116
6075,45882561,優陞國際貿易有限公司,臺中市南屯區三和里大富街219之1號,1000000,1061102
6076,45882801,宇恆物業開發有限公司,臺中市沙鹿區埔子里正英七街28號1樓,10000000,1061122
6077,45883061,尚秝實業有限公司,臺中市西區公民里五權路2之138號9樓之20,4100000,1061120
6078,45883870,太豪投資有限公司,臺中市西屯區惠來里市政北七路186號16樓,3000000,1061120
6079,45884532,長順國際貿易有限公司,臺中市北屯區文心路四段955號13樓之1,1000000,1061101
6080,45885005,品模新媒體有限公司,臺中市清水區中山路27巷3號,300000,1061114
6081,45885440,金洺營造有限公司,臺中市北屯區賴興里北平路二段112號1樓,5000000,1061113
6082,45885504,鑫品置業股份有限公司,臺中市西屯區惠來里市政北二路18之1號4樓之1,20000000,1061109
6083,45885595,皓模有限公司,臺中市豐原區西湳里三豐路二段215號1樓,350000,1061103
6084,45885743,艾芙蘿黛蒂斯生技有限公司,臺中市西屯區市政路500號18樓之1,15119398,1061113
6085,45885841,傑發貿易有限公司,臺中市西屯區潮洋里朝富路213號28樓之5,5000000,1061113
6086,45885878,頓信國際旅店管理顧問有限公司,臺中市北屯區平和里瀋陽路一段84之1號,550000,1061108
6087,45886285,逗狗股份有限公司,臺中市西屯區福林里西屯路三段281巷1號,7000000,1061106
6088,45888376,悅宏材料有限公司,臺中市西屯區福瑞街138巷18號1樓,1100000,1061101
6089,45888875,御石有限公司,臺中市龍井區新興路49巷4號,1000000,1061115
6090,45890133,堃晟建設有限公司,臺中市梧棲區興農里中華路一段899號1樓,1000000,1061128
6091,45890871,碧瑤國際有限公司,臺中市沙鹿區自強路808號1樓,6000000,1061101
6204,49772910,日泰營造有限公司,臺中市大甲區太白里通天路8之1號,50000000,1061102
6213,51082052,中陽實業股份有限公司,臺中市潭子區昌平路三段178巷2號,100000000,1061128
6223,51317234,薩摩亞商普樂宜有限公司,臺中市西屯區惠來里市政路500號10樓之1,15000000,1061103
6227,51328576,金星塑膠製品工業有限公司,臺中市東區東信里東英路56巷14號,5000000,1061124
6229,51358500,協和液化氣有限公司,臺中市南區江川里建成路1811號1樓,1000000,1061103
6234,51710996,源昌木業製材股份有限公司,臺中市西區臺灣大道二段489號27樓之1,104000000,1061114
6235,51736314,達盈實業股份有限公司,臺中市北屯區平陽里梅川西路四段322號8樓,17000000,1061109
6236,51911712,興農股份有限公司,臺中市大肚區南榮路101號1樓,4051624730,1061120
6250,52229250,元春企業有限公司,臺中市南屯區大墩十二街292之4號,26000000,1061127
6256,52242444,台灣自來水股份有限公司,臺中市北區樂英里14鄰雙十路2段2之1號,137500000000,1061101
6282,52308310,創晟國際開發顧問有限公司,臺中市西區朝陽街17號2樓,10400000,1061106
6285,52313165,鑫昌機電自動控制有限公司,臺中市南區積善里五權南路668號,4000000,1061128
6305,52349494,文亮營造股份有限公司,臺中市北屯區東光里東山路一段91巷33號9樓之1,101000000,1061102
6306,52352390,公進鐵工廠股份有限公司,臺中市東區振興路78號,7000000,1061102
6307,52354355,元晟電化有限公司,臺中市北屯區進化北路12號2樓,5000000,1061102
6316,52379980,久馨股份有限公司,臺中市西屯區工業區八路17號,120000000,1061113
6334,52408774,立福被服有限公司,臺中市東區福立街24號1樓,2000000,1061109
6360,52449064,華城金屬工業股份有限公司,臺中市大里區光正路60巷19號,5000000,1061103
6367,52456493,新英機械廠股份有限公司,臺中市西屯區工業區35路29號1樓,150000000,1061127
6372,52462045,九龍鋼鐵股份有限公司,臺中市烏日區前竹里中山路一段229巷22弄1號,5000000,1061114
6384,52477785,豐民金屬工業股份有限公司,臺中市大里區光正路68號,125000000,1061106
6394,52488349,東昇砂布有限公司,臺中市南屯區工業區二五路12號1、2、3樓,20000000,1061129
6395,52489945,樺千企業股份有限公司,臺中市西屯區臺灣大道四段303號,5000000,1061124
6401,52497038,鉅鋼機械股份有限公司,臺中市西屯區工業區七路22號,450000000,1061120
6403,52499893,正五傑機械股份有限公司,臺中市西屯區工業區34路12號1之3樓,100000000,1061123
6404,52502779,岳鉅實業股份有限公司,臺中市北屯區后庄七街162號1樓,21000000,1061101
6411,52509323,進德機械工業股份有限公司,臺中市太平區中山路3段19巷32號,8000000,1061101
6415,52514135,達欣大飯店股份有限公司,臺中市西屯區上安里臺灣大道三段540號7樓之3,5000000,1061114
6422,52522199,聚意股份有限公司,臺中市太平區建興里鵬儀路354號,10000000,1061122
6428,52531958,櫻欣興業股份有限公司,臺中市大雅區橫山里中科路1088、1090號,42900000,1061120
6497,52602876,逢宜營造股份有限公司,臺中市西屯區西屯路三段宏安巷11弄3號1樓,33000000,1061108
6531,52643285,創智產品設計顧問有限公司,臺中市北屯區山西路三段222號12樓之9,6000000,1061101
6547,52661868,偉矗工程顧問有限公司,臺中市北區健行里忠明路424號4樓之2,10000000,1061101
6552,52668118,瑞格電子股份有限公司,臺中市潭子區栗林里豐栗路29號1樓,60000000,1061113
6556,52670888,金盈塑膠廠股份有限公司,臺中市太平區太平里永豐路345號,29000000,1061103
6578,52691188,汎美品牌顧問有限公司,臺中市北屯區遼寧路一段160巷26號2樓,200000,1061109
6581,52692150,華宏生物碳能股份有限公司,臺中市潭子區榮興街101巷5號,1005000,1061127
6639,52795310,野剛投資有限公司,臺中市大里區東湖里利民街25巷32號1樓,17000000,1061128
6646,52804155,森鐵鋼鐵股份有限公司,臺中市霧峰區南勢里豐正路431號1樓,90000000,1061107
6671,52862936,宏皓企業有限公司,臺中市北屯區平安里崇德路二段128號12樓之3,10000000,1061123
6688,52878938,僑仕實業有限公司,臺中市北區賴村里進化北路365號1樓之15,2000000,1061130
6698,52886780,寧茂企業股份有限公司,臺中市西屯區工業區三三路17號1樓,320000000,1061121
6702,52892072,原山花邊鈕扣有限公司,臺中市西區大忠南街91號4樓,5000000,1061130
6733,52938696,興營工程有限公司,臺中市東勢區北興里文化街366號,10000000,1061106
6738,52949244,天賦工業股份有限公司,臺中市西屯區工業區十五路4號,25000000,1061116
6740,53006685,貝里斯商永易世界股份有限公司,臺中市南區大慶街1段62-1號1樓,3500000,1061114
6744,53007615,英屬維京群島商海陸空科技有限公司,臺中市北屯區四平路238巷21號地下1樓之4,100000,1061117
6748,53015214,薩摩亞商順譽世界企業有限公司,臺中市潭子區民生街64巷13號,30000000,1061106
6759,53025297,香港商聯才香港有限公司,臺中市西屯區黎明路2段909號,10000000,1061101
6764,53032327,坂神實業有限公司,臺中市中區大墩里臺灣大道一段388號1樓,5890000,1061124
6769,53034401,捷禾雷射雕刻有限公司,臺中市豐原區翁子里豐勢路二段557號,300000,1061121
6770,53035078,台美熱能有限公司,臺中市梧棲區八德路98巷10號,188169372,1061130
6775,53037907,八十七百業行銷有限公司,臺中市南屯區寶山里向上路五段598之19號,200000,1061124
6776,53038531,鈺永股份有限公司,臺中市西屯區臺灣大道4段1040號2樓,620520000,1061115
6780,53042514,遠傳食品有限公司,臺中市西屯區福林里19鄰宏福五巷24號4樓之2,1000000,1061108
6781,53044695,辰昇國際有限公司,臺中市烏日區光明里五光路復光二巷75號1樓,1000000,1061120
6782,53044920,凰廷貿易有限公司,臺中市北屯區健行里民權路559號3樓之1,2000000,1061129
6787,53047953,正好電機有限公司,臺中市西區五權五街227號1樓,2000000,1061120
6788,53048279,定承金屬有限公司,臺中市大里區中興路二段32號1樓,1000000,1061129
6795,53050936,育田策略整合行銷有限公司,臺中市西區中興里公益路161號12樓之1,12000000,1061109
6799,53053504,合辰自動化有限公司,臺中市太平區光華里長安路373號1樓,5000000,1061112
6801,53055019,緯斯特有限公司,臺中市神岡區社南里中山路667巷26弄16號,6000000,1061113
6804,53058579,睿馳國際有限公司,臺中市豐原區中陽里自立街15號1樓,8000000,1061107
6805,53059036,全鼎財產保險代理人有限公司,臺中市大肚區瑞井里遊園路一段8-2號1樓,3000000,1061114
6806,53060961,時常實業有限公司,臺中市霧峰區坑口里中正路565之12號,6000000,1061124
6807,53061217,百邑國際企業有限公司,臺中市南屯區三義里大業路595號1樓,1680000,1061102
6808,53062341,三主鋒興業股份有限公司,臺中市大安區福興里中松路251號,5000000,1061117
6811,53063242,合豐實業有限公司,臺中市北區文昌東二街15號2樓,10000000,1061117
6814,53067161,沅田科技有限公司,臺中市潭子區得天南街51巷2號,2000000,1061129
6815,53069822,鼎甲廣告有限公司,臺中市北區青島路一段6號6樓之10,1000000,1061120
6816,53070010,亞傑貿易有限公司,臺中市清水區西社里華江北街20巷1號,2200000,1061120
6818,53071995,弼富光電科技股份有限公司,臺中市后里區墩北里大圳路591號1樓,10000000,1061128
6821,53073558,海渥企業有限公司,臺中市北屯區文心路一段378號5樓之9,1000000,1061107
6858,53098729,大可設計有限公司,臺中市西區金山路50號7樓之1,2000000,1061107
6909,53136364,速立達科技股份有限公司,臺中市南區工學里大慶街一段102巷11號1樓,2000000,1061114
6915,53140493,易克科技有限公司,臺中市南區五權南路548號2樓,5000000,1061108
6917,53142324,玉山資產管理顧問股份有限公司,臺中市北屯區水湳里文心路三段447號13樓之1,50000000,1061127
6918,53142491,震澤精密機械股份有限公司,臺中市北屯區和福路115號1樓,30000000,1061115
6919,53143766,強湧投資有限公司,臺中市南屯區黎明路一段932號2樓,2000000,1061127
6922,53146503,建益騰有限公司,臺中市大里區塗城里11鄰光正路8巷40號,1500000,1061101
6928,53150528,茶與餅達人有限公司,臺中市大雅區中科路982號1樓,830000,1061123
6934,53158893,士昌科技實業有限公司,臺中市南屯區大墩四街326之12號12樓,1000000,1061115
6935,53159730,創達旺有限公司,臺中市北屯區水景里旱溪東路三段40號,500000,1061101
6938,53161855,鼎鈞能源科技股份有限公司,臺中市南區福平里光輝街66號,3300000,1061128
6945,53167669,崴全國際貿易有限公司,臺中市南屯區田心里文心路一段189號1樓,500000,1061123
6946,53169625,主豐欣業有限公司,臺中市北區邱厝里美德街4號1樓,3000000,1061120
6952,53171586,乘恆創有限公司,臺中市西區安龍里梅川東路一段48號,14100000,1061128
6955,53173846,科云生醫科技股份有限公司,臺中市南屯區文山里精科七路13號2樓,104663820,1061116
6990,53203763,布雷克金股份有限公司,臺中市西區和龍里臺灣大道二段16號19樓之2,2100000,1061115
7025,53237573,玉山峯建設有限公司,臺中市北屯區后庄里后庄一街75號5樓之2,25000000,1061123
7030,53246904,寬心人力仲介有限公司,臺中市西屯區福中里天保街149號,5000000,1061115
7042,53259267,鴻銘資訊有限公司,臺中市西屯區河南路二段388號,5000000,1061120
7043,53261101,美奇室內裝修有限公司,臺中市西屯區大鵬里長安路二段32號1樓,1000000,1061129
7045,53265887,正豐不銹鋼股份有限公司,臺中市西屯區工業區三十六路43號3樓,22000000,1061101
7047,53267935,寶嘉莉生醫美學有限公司,臺中市西區後龍里臺灣大道二段101號11樓,1000000,1061102
7057,53282605,富邦國際生醫科技有限公司,臺中市西屯區惠來里39鄰惠中路二段41號2樓,1000000,1061123
7059,53286118,默哈瑪國際貿易有限公司,臺中市神岡區大社里大漢街1巷42號6樓,1000000,1061116
7060,53288278,貫鑫物業管理顧問有限公司,臺中市大里區新仁里新仁七街3之1號,12000000,1061122
7061,53288848,大通精工科技有限公司,臺中市神岡區庄後里大圳路55號,6000000,1061128
7065,53290838,恒廣工程有限公司,臺中市大肚區山陽里沙田路三段591巷1號3樓,2000000,1061123
7069,53294285,安邦物業管理顧問有限公司,臺中市西屯區何德里寧夏西一街14號1樓,2000000,1061112
7070,53297396,原朗創藝有限公司,臺中市龍井區臺灣大道五段240號,1000000,1061113
7071,53298938,鎮宇開發實業股份有限公司,臺中市南屯區三和里河南路四段439號1樓,10000000,1061106
7072,53299922,環渼節能科技股份有限公司,臺中市潭子區頭家東里中山路一段378號,10000000,1061123
7073,53301011,茂洋建設股份有限公司,臺中市大肚區遊園路一段117之1號2樓,50000000,1061123
7074,53301080,潮港城事業股份有限公司,臺中市南屯區環中路四段2號3、4樓,210000000,1061110
7080,53308078,和裕國際有限公司,臺中市大里區東榮路55巷30號1樓,1500000,1061113
7149,53367548,展大昇降機設備有限公司,臺中市北區淡溝里民權路416之3號,300000,1061103
7150,53369291,上吉品建設有限公司,臺中市大雅區四德里中清路三段782號2樓,8000000,1061116
7157,53374105,旭懋科技有限公司,臺中市西屯區臺灣大道四段925號15樓之3,5000000,1061115
7159,53377172,主銓科技有限公司,臺中市烏日區三榮九路31號1樓,1000000,1061107
7160,53378502,活利屋有限公司,臺中市大雅區四德里中清路三段511巷35之1號1樓,3000000,1061114
7163,53382338,立帷實業有限公司,臺中市神岡區北庄里中山路895之1號,5000000,1061101
7165,53383723,豪豐興業有限公司,臺中市北屯區平心里旅順路二段226號1樓,300000,1061121
7168,53386094,強遠有限公司,臺中市西屯區西安里逢甲路248號1樓,1000000,1061110
7171,53388369,日懋工業有限公司,臺中市太平區光華里長安八街23號3樓,500000,1061127
7178,53397563,旺聖糧業有限公司,臺中市龍井區三德里中央路二段233號1樓,6000000,1061106
7189,53408533,寶匯豐知識工程有限公司,臺中市大里區新仁里立新街2巷12號2樓,1000000,1061103
7259,53469263,涵館汽車旅館有限公司,臺中市南屯區惠弘街169號,71840000,1061106
7263,53473479,艾尼諾科技有限公司,臺中市豐原區田心里中山路220之22號1樓,1000000,1061122
7264,53475053,富甲鋁業有限公司,臺中市霧峰區本堂里育德路26巷17號,3000000,1061128
7269,53478571,睿聚實業股份有限公司,臺中市西屯區四川路87巷36號,25000000,1061128
7271,53480730,運錩有限公司,臺中市大里區東南路166巷10號6樓,6000000,1061120
7272,53481196,麗榮營造有限公司,臺中市南區福田一街71號2樓,29800000,1061129
7274,53481962,泰熙有限公司,臺中市北屯區松竹里松竹路2段709號,1000000,1061107
7276,53483933,珈緯實業有限公司,臺中市西屯區福林里福林路31巷86號5樓,520000,1061127
7277,53485720,筠饌食品股份有限公司,臺中市大里區內新里新南路31之2號,3000000,1061120
7279,53486164,植萃美肌股份有限公司,臺中市西屯區臺灣大道四段925號14樓之3,3000000,1061121
7281,53486811,興礦資訊有限公司,臺中市太平區永豐路291巷11號,1000000,1061120
7282,53488178,築采設計顧問有限公司,臺中市龍井區新興路16巷4號1樓,3000000,1061123
7285,53489850,欲強工程有限公司,臺中市大雅區秀山里上山路208號1樓,1000000,1061113
7291,53494235,維隆陶實業有限公司,臺中市霧峰區中正路723號2樓,500000,1061120
7292,53496114,成靖有限公司,臺中市北屯區瀋陽路二段161號1樓,1000000,1061102
7296,53500481,泰元物業管理顧問有限公司,臺中市南區樹義里復興路1段206號2樓,1000000,1061122
7300,53501720,中華關懷管理顧問有限公司,臺中市北區賴村里學士路255號7樓,3000000,1061115
7301,53501833,皓悅生技股份有限公司,臺中市潭子區嘉仁里福貴路1368巷2號,20000000,1061107
7305,53504867,守豐有限公司,臺中市南屯區楓樹南街430號1樓,2000000,1061107
7306,53505774,永安風管有限公司,臺中市南區南和里忠明南路1108號13樓之3,1000000,1061129
7307,53505795,立緯精密工業有限公司,臺中市大里區健民里鳳凰路164巷41弄30之9號1樓,1000000,1061121
7316,53518996,星時代科技有限公司,臺中市大里區國光里大里二街97號1樓,4500000,1061107
7440,53599815,好室築設計有限公司,臺中市南區崇倫里忠明南路730巷23號3樓之1,1000000,1061127
7447,53603091,安盛物產風險管理顧問有限公司,臺中市大里區東興里大明路393之8號,1000000,1061116
7451,53607929,賀伯特管理顧問有限公司,臺中市北屯區文心路四段875號4樓,1200000,1061128
7453,53608238,錦虹有限公司,臺中市北屯區和平里環中東路二段167號1樓,1000000,1061117
7457,53611851,碁豐工業股份有限公司,臺中市太平區光隆里光興路807巷79之6號,1000000,1061106
7458,53612084,城鎮廣告有限公司,臺中市北區中清路一段672號2樓,500000,1061120
7461,53612388,如陽科技股份有限公司,臺中市北區中清路一段79號5樓,25000000,1061120
7464,53614576,晟翊建設股份有限公司,臺中市梧棲區大仁路二段363號1樓,15000000,1061122
7465,53617139,宏達強有限公司,臺中市北區太原路三段36號6樓之3,500000,1061129
7466,53618799,沛鑫投資股份有限公司,臺中市西屯區市政路402號5樓之3,9000000,1061128
7467,53619220,全都靚美生國際有限公司,臺中市潭子區頭家里和平路210巷6號,1000000,1061117
7468,53619495,恆邦車業有限公司,臺中市北區文莊里文化街38號1樓,1000000,1061129
7470,53620351,開富力建設開發股份有限公司,臺中市南屯區文心路一段306號地下一層之4,50000000,1061127
7476,53624770,林本堂股份有限公司,臺中市霧峰區民生路39號3樓,10000,1061120
7478,53626284,微亜投資股份有限公司,臺中市神岡區五權路88巷1弄7號1樓,25000000,1061102
7479,53627684,邑駿企業有限公司,臺中市西區館前路55號5樓之2,2000000,1061129
7487,53631815,龍馬精密科技股份有限公司,臺中市潭子區東寶里雅潭路二段395之1號,28200000,1061124
7490,53633594,鏟子餐飲有限公司,臺中市西區中興里中興街165號,10000000,1061107
7493,53636282,樂易德科技有限公司,臺中市豐原區三豐路二段17巷35號,20000000,1061123
7500,53638710,奕墅建設有限公司,臺中市東區旱溪西路一段50號2樓,1000000,1061113
7501,53638943,森美學國際顧問有限公司,臺中市清水區橋頭里中華路643之1號,4000000,1061123
7503,53639197,致承有限公司,臺中市太平區育才路91巷12號2樓,3000000,1061108
7506,53646161,比佛投資有限公司,臺中市南區復興路三段326號4樓,450000000,1061122
7507,53646850,瑞淙實業有限公司,臺中市大雅區橫山里永和路六甲巷5之12號,3600000,1061121
7525,53668410,香港商立捷環球股份有限公司,臺中市新社區中和街5段72-6號,100000000,1061110
7659,53779561,祐強實業股份有限公司,臺中市梧棲區永安里向上路九段321巷28號,22500000,1061117
7662,53785183,建豐資產有限公司,臺中市北區錦祥里進化路659號1樓,100000,1061130
7663,53788647,星光大道美食世界股份有限公司,臺中市西屯區西墩里福科路86號、88號,55000000,1061116
7667,53791755,佰頡有限公司,臺中市南區福順里忠明南路787號40樓,500000,1061128
7669,53793536,鑫廣泰建設有限公司,臺中市豐原區圓環東路61號1樓,2000000,1061120
7670,53793796,康渥特材料科技股份有限公司,臺中市西區民龍里臺灣大道二段186號8樓之3,10000000,1061115
7678,53801634,坤達科技有限公司,臺中市北屯區平安里崇德路二段130號14樓,1000000,1061103
7682,53805060,新富翔食品工業有限公司,臺中市東區東信里振興路412巷76號,5100000,1061127
7684,53806005,南捷科技有限公司,臺中市大里區健民里鳳凰路164巷47之2號,6000000,1061127
7688,53808881,鼎虹建設有限公司,臺中市大甲區順天路249號5樓,2000000,1061109
7692,53810887,極速空力有限公司,臺中市大雅區橫山里永和路118-25號,2000000,1061122
7693,53811181,大城加油站股份有限公司,臺中市太平區興隆里光興路835號,5000000,1061114
7700,53818522,莫爾設計有限公司,臺中市西區中興里向上路一段118之2號,8000000,1061110
7703,53820273,高平能源有限公司,臺中市西區三民西路76號1樓,500000,1061123
7704,53821619,資樹科技有限公司,臺中市西區公舘里永成街74號1樓,500000,1061113
7705,53821717,米米實業有限公司,臺中市南屯區文心路一段46之1號1、2樓,20000000,1061109
7707,53822650,穹蒼影音文創有限公司,臺中市西區民龍里臺灣大道二段285號20樓,1200000,1061116
7708,53822722,泰永皇工業有限公司,臺中市潭子區家福里頭張路二段135之1號1樓,5600000,1061129
7710,53822997,吉宥開發有限公司,臺中市北屯區文心路四段696號25樓,30000000,1061103
7712,53824398,駿霆企業有限公司,臺中市大甲區德化里南北四路180巷1號,2000000,1061122
7713,53824587,禾嵩開發股份有限公司,臺中市西屯區朝馬三街2號1樓,29800000,1061127
7716,53827450,久隆國際實業股份有限公司,臺中市西屯區何德里成都路97號1樓,3000000,1061127
7720,53833208,亞博駿國際貿易有限公司,臺中市南區樹義里復興路一段20號,3000000,1061123
7724,53834558,凱賀精密機械有限公司,臺中市霧峰區福新路36巷21號1樓,3000000,1061129
7731,53841782,坤鑫不動產經紀有限公司,臺中市沙鹿區埔子里屏西路357號,1000000,1061107
7733,53842635,耕雲智慧生活科技股份有限公司,臺中市南區福興里南平路296號5樓之2,18000000,1061113
7738,53847667,允助整合開發人力資源有限公司,臺中市豐原區東陽里東陽路130巷22弄65號1樓,3000000,1061101
7740,53849757,翔賀營造有限公司,臺中市大里區金城里長城街40巷11弄13號1樓,10000000,1061109
7741,53850992,騎士公寓大廈管理維護有限公司,臺中市北屯區平陽里安順東二街69號1樓,10000000,1061116
7751,53859213,洧康國際寵物有限公司,臺中市大里區日新里鐵路街107號,1000000,1061115
7752,53859564,甲基鋁業有限公司,臺中市大甲區義和里文曲路522號,1000000,1061117
7760,53867564,上仕工程有限公司,臺中市太平區豐年里大源路2之13巷12號1樓,5000000,1061107
7761,53868439,兆滙企業有限公司,臺中市太平區新吉里新吉路16號1樓,2000000,1061124
7765,53870012,尙得穩營造有限公司,臺中市大里區東明路101號2樓,10000000,1061115
7769,53873030,啟照國際有限公司,臺中市北屯區軍功里軍功路二段256巷3號1樓,1000000,1061116
7771,53873587,誠美精密股份有限公司,臺中市南屯區寶山里工業區二十一路29號1樓,20000000,1061123
7788,53891494,正億展業有限公司,臺中市烏日區環中路八段1121巷15弄76號,5000000,1061121
7813,53906454,鎮陞科技股份有限公司,臺中市南區忠明南路760號14樓,7720000,1061109
7827,53913461,合邁國際有限公司,臺中市潭子區合作街29號1樓,5010000,1061122
7843,53922428,旺泓有限公司,臺中市西屯區臺灣大道四段936號7樓之2,22000000,1061107
7846,53924538,謬思國際事業有限公司,臺中市北屯區文心路四段288號4樓之19,500000,1061103
7875,53941852,瑞城小客車租賃股份有限公司,臺中市西屯區福上巷214弄92號1樓,10000000,1061108
7901,53959536,越發國際開發有限公司,臺中市龍井區沙田路六段239號2樓,1000000,1061113
7904,53960365,鼎霖醫療器材股份有限公司,臺中市北屯區平安里文心路四段696號8樓之2,50000000,1061113
7905,53960528,一手資產開發有限公司,臺中市北區中達里英才路242之1號2樓,3000000,1061113
7906,53961723,高昀開發股份有限公司,臺中市西屯區惠來里市政北七路186號16樓,3160000,1061106
7911,53964691,麗澤生物科技股份有限公司,臺中市太平區聖和里長龍路一段169巷55號3樓,7500000,1061122
7914,53968280,裕民能源有限公司,臺中市霧峰區丁台里南阡巷145弄5號,8500000,1061123
7915,53968346,恒裕開發股份有限公司,臺中市沙鹿區南勢里南斗路392巷211號1樓,24600000,1061121
7916,53968774,宣佑建設有限公司,臺中市梧棲區永安里中央路一段6之1號,5000000,1061113
7917,53969099,通偉水電有限公司,臺中市北區綏遠路一段26號6樓之17,500000,1061120
7920,53970477,立揚精密科技股份有限公司,臺中市烏日區溪南路一段357巷55號,81000000,1061113
7921,53972165,全興天下有限公司,臺中市烏日區溪壩里環中路八段680巷23號1樓,60000,1061109
7926,53976423,瓦特工程有限公司,臺中市大里區祥興里益民路二段487號1樓,4000000,1061128
7927,53977295,移動美學有限公司,臺中市豐原區下街里忠孝街102號1樓,1000000,1061128
7928,53978288,達緯機械工程有限公司,臺中市梧棲區草湳里建國北街187巷66號,3310000,1061108
7931,53980741,力谷有限公司,臺中市西區臺灣大道二段528號4樓,1500000,1061107
7932,53980968,鼎燁精密有限公司,臺中市豐原區東湳里三豐路二段272巷268號,1000000,1061128
7933,53981208,久順開發建設股份有限公司,臺中市梧棲區頂寮里四維路106號5樓,5500000,1061129
7934,53982380,高利起重工程有限公司,臺中市大雅區西寶里昌平路四段282巷285號1樓,1000000,1061124
7939,53987759,雙引號有限公司,臺中市北區賴村里德化街429號1樓,1800000,1061115
7944,53991108,日禾食研股份有限公司,臺中市西屯區中清西二街92巷16弄10號1樓,1000000,1061129
7945,53991178,昶盛工業有限公司,臺中市大雅區西寶里雅潭路三段401巷1號,2000000,1061109
7947,53994246,台中眾鈴汽車股份有限公司,臺中市外埔區二崁路568巷36號,101000000,1061122
7948,53994294,玩真創意有限公司,臺中市南屯區豐樂里文心南五路一段311號壹、貳樓,2000000,1061124
7949,53994323,慶昌水電工程有限公司,臺中市南屯區田心里惠弘街69號1樓,2000000,1061128
7952,53995982,金永聯國際股份有限公司,臺中市神岡區社南里中山路801-2號,10000000,1061102
7956,54001701,寬心國際事業有限公司,臺中市南屯區河南路四段393號,300000,1061108
7958,54002526,煥恩工業有限公司,臺中市太平區興隆里光興路1432巷112弄36號,1000000,1061127
7962,54006733,凱馨國際開發有限公司,臺中市西區忠明南路270號10樓之3,3280000,1061114
7964,54007450,新碟雲端股份有限公司,臺中市北屯區東山路1段381-41號1樓,2000000,1061113
7981,54020931,郁心有限公司,臺中市西區大忠里大忠南街105號3樓,500000,1061120
8082,54090464,鑫富翔科技貿易有限公司,臺中市北區進化北路367之11號,5000000,1061108
8088,54093589,立通實業有限公司,臺中市北區育強街102之3號2樓,500000,1061128
8089,54096100,南天茶事業股份有限公司,臺中市西屯區何成里大墩十九街186號5樓之2,1000000,1061107
8090,54097683,灃澤國際有限公司,臺中市西區公正里大昌街232號7樓之2,1000000,1061103
8095,54101363,友力晶有限公司,臺中市大里區仁化里仁美路45巷8號1樓,300000,1061124
8098,54103735,鉅視科技股份有限公司,臺中市南屯區五權西路二段666號15樓之2,7500000,1061103
8100,54104164,富聚開發有限公司,臺中市西屯區四川二街38號3樓,25000000,1061107
8101,54104312,友進國際開發有限公司,臺中市梧棲區中正里仁美街67巷46號1樓,2000000,1061113
8103,54104690,祥順金屬工程有限公司,臺中市太平區育仁路180號1樓,20000000,1061108
8108,54106851,東川文化創藝有限公司,臺中市西區公民里金山路51號7樓之2,500000,1061120
8113,54110665,四季玻璃有限公司,臺中市太平區新高路23巷33弄12號,200000,1061127
8117,54112214,文瑄投資股份有限公司,臺中市南屯區大業里東興路3段257號5樓之8,22000000,1061123
8119,54112880,麗創實業股份有限公司,臺中市西屯區福恩里工業區一路70號2樓,43000000,1061110
8125,54116871,丹華生技食品有限公司,臺中市沙鹿區鹿寮里光榮街90巷15號,2168000,1061122
8126,54117528,齊洋水產生技有限公司,臺中市西屯區福雅里臺灣大道四段786巷14號1樓,2000000,1061123
8130,54120919,寶瑪國際汽車有限公司,臺中市太平區新平路一段35巷82弄1號1樓,5000000,1061123
8136,54123182,維隆建材股份有限公司,臺中市北屯區廍子里太順路71號2樓,8000000,1061120
8137,54123520,探索家先進材料有限公司,臺中市東區振興里互助街112號1樓,3000000,1061124
8138,54124865,塔木德商務飯店股份有限公司,臺中市中區中山路175巷15號,66000000,1061122
8141,54128834,有茂企業有限公司,臺中市潭子區中山路二段585、587、589、591、593、595、597號,1000000,1061101
8142,54129046,大衍營造有限公司,臺中市北區頂厝里永興街358號2樓,12000000,1061106
8143,54129242,柄益有限公司,臺中市北區北屯路14號7樓之9,300000,1061102
8146,54131710,富宥廣告事業有限公司,臺中市北區福壽街3號,1000000,1061101
8149,54134337,佶琮有限公司,臺中市大安區頂安里東西二路137號,3000000,1061103
8150,54134343,漾拓國際股份有限公司,臺中市北屯區環中東路一段1580-8號,196600000,1061102
8152,54135342,黃記鵝肉美食股份有限公司,臺中市東區東英里旱溪街481號1樓,10000000,1061116
8253,54211925,頂尖綠能開發科技股份有限公司,臺中市西屯區四川三街31號2樓,1000000,1061117
8266,54218650,辰昀國際開發有限公司,臺中市西區民龍里臺灣大道二段285號20樓,49875000,1061127
8268,54219594,天冠資訊股份有限公司,臺中市大雅區橫山里通山路11之8號1樓,6000000,1061117
8283,54225646,永新修繕工程有限公司,臺中市南區忠明南路456號1樓,3100000,1061122
8284,54226589,樺元數位科技股份有限公司,臺中市西區臺灣大道二段16號19樓之2,5000000,1061124
8286,54227460,晟峰生物科技有限公司,臺中市烏日區仁德里3鄰文德街18號1樓,6000000,1061107
8288,54227911,嶺東開發實業有限公司,臺中市南屯區楓樹里永春東三路136號1樓,6000000,1061109
8289,54231160,太穩勞安有限公司,臺中市東勢區新盛里東關路六段1069號1樓,5000000,1061123
8290,54231534,鼎旺精密工業有限公司,臺中市沙鹿區興安里17鄰大同街28之1號4樓,5000000,1061103
8291,54231561,源雅薪工業有限公司,臺中市大雅區中山北路571號1樓,1000000,1061107
8293,54235460,伯達精品旅館股份有限公司,臺中市西屯區西墩里上墩路1號,132600000,1061115
8294,54235567,大日國際投資有限公司,臺中市西區台中港路一段302號8樓之5,5000000,1061124
8295,54236290,匯鉅建設開發有限公司,臺中市西區昇平里向上路一段307巷8號1樓,8000000,1061101
8298,54237729,翊大工程有限公司,臺中市北屯區遼寧路一段51巷11號1樓,250000,1061106
8300,54238939,金緻保全股份有限公司,臺中市南區福興里復興路三段2巷3弄12號1樓,40000000,1061123
8304,54241322,聯羽科技有限公司,臺中市北屯區水景里松竹五路二段165號14樓之6,1000000,1061128
8305,54241553,馬德里整合行銷有限公司,臺中市北區梅川里青島路三段2號1樓,500000,1061109
8306,54241771,千群國際有限公司,臺中市西區藍興里4鄰仁福街42之1號1樓,1000000,1061112
8307,54241809,兆洋資訊股份有限公司,臺中市西屯區市政路386號16樓之3,100000000,1061129
8309,54242912,永安立環境維護有限公司,臺中市南屯區五權五街397號1樓,1000000,1061108
8313,54247901,蜜源生物科技股份有限公司,臺中市西區五權路1之190號1、2樓,20000000,1061129
8316,54249078,誠信先進材料股份有限公司,臺中市南屯區三義里黎明路二段424號18樓之2,5000000,1061114
8317,54250829,安心健康國際實業有限公司,臺中市南屯區溝墘里大英街493號4樓,200000,1061124
8320,54252642,觀雲川建設有限公司,臺中市后里區三豐路三段179號1樓,25000000,1061124
8323,54256464,創意數位有限公司,臺中市豐原區豐榮里源豐路158號1樓,2000000,1061129
8325,54258337,品姜有限公司,臺中市太平區育德路26巷6號,2000000,1061121
8326,54258646,采潗國際股份有限公司,臺中市西屯區林厝里福雅路425之16號,10000000,1061107
8327,54258792,啟佳股份有限公司,臺中市北區健行里梅亭街572巷1號1樓,10000000,1061113
8330,54260220,貝簡易科技有限公司,臺中市西屯區漢成五街49號1樓,500000,1061124
8331,54260397,元虹紙業有限公司,臺中市西區藍興里大全街154巷18弄2號,500000,1061102
8332,54261059,德揚建設開發股份有限公司,臺中市北區光大里原子街149號5樓之8,10000000,1061121
8336,54263824,營昌營造股份有限公司,臺中市北屯區崇德路二段128號9樓之5,30000000,1061110
8338,54265533,華旺環球有限公司,臺中市西屯區惠來里府會園道179號3樓,1300000,1061116
8339,54265610,勗發建設股份有限公司,臺中市北屯區新平里中清路二段617號1樓,10000000,1061123
8342,54267167,昶松精密工業有限公司,臺中市大里區鳳凰路164巷41弄20號,500000,1061120
8345,54267271,家禾流通股份有限公司,臺中市北區淡溝里臺灣大道二段360號5樓之2,120000000,1061120
8348,54268623,米成工程有限公司,臺中市南區樹義里樹義二街27號1樓,2000000,1061127
8482,54363627,弘翔服務事業有限公司,臺中市北屯區文昌東七街39號,700000,1061107
8507,54379965,香港商捷盈科技有限公司,臺中市南區復興路2段137-1號4樓,0,1061114
8525,54398007,英屬開曼群島商琦瑞股份有限公司,臺中市西屯區臺灣大道3段660號19樓之3,2000000,1061110
8552,54520400,金叡億股份有限公司,臺中市大雅區民生路一段228號1樓,52000000,1061111
8576,54540341,產力實業有限公司,臺中市南屯區同心里文心路一段186號10樓之7,20100000,1061127
8645,54579160,裕之升建設開發有限公司,臺中市清水區武鹿里中央路51-21號1樓,5000000,1061103
8646,54579393,鈺展工程有限公司,臺中市北區太原八街126號,5000000,1061122
8647,54581335,玨誠科技有限公司,臺中市大雅區中和三路93號1樓,1000000,1061107
8649,54582910,宇柏國際開發股份有限公司,臺中市北屯區崇德路二段256號9樓,2500000,1061124
8650,54583087,欣鋒工業有限公司,臺中市太平區光興路733巷25號,6500000,1061113
8651,54583256,經緯土地開發股份有限公司,臺中市龍井區向上路六段162號1樓,15000000,1061110
8652,54586401,齊營建設股份有限公司,臺中市北區賴興里永定一街32號,11920000,1061113
8653,54586839,儷人視聽歌唱有限公司,臺中市中區市府路146號底一層之1、之2、之3,200000,1061116
8654,54587078,晉揚建設有限公司,臺中市神岡區豐洲里國豐路一段369-1號1樓,8000000,1061129
8655,54587892,亞泰醫療器材有限公司,臺中市北區賴興里北平路二段99巷22號,1000000,1061115
8656,54588371,大鋆科技有限公司,臺中市大肚區瑞井里遊園路一段63巷29號1樓,1000000,1061101
8657,54588463,祺家建設股份有限公司,臺中市西區藍興里樂群街262號1樓,7000000,1061115
8658,54589293,中達投資有限公司,臺中市清水區文昌里光復街84號,600000,1061120
8659,54590616,藍海精密工業有限公司,臺中市沙鹿區鹿寮里福德路62號1樓,24000000,1061109
8660,54591093,廣鴻企管顧問有限公司,臺中市北區文心路四段200號5樓之8,1000000,1061120
8661,54591517,世裕有限公司,臺中市太平區德隆里德隆路82巷82號1樓,16000000,1061113
8662,54591729,葉綠宿股份有限公司,臺中市西屯區西屯路二段287號2樓,25000000,1061127
8663,54591853,玉山行銷企劃有限公司,臺中市西區文化街156號地下層之2,10000000,1061122
8664,54592240,豐匯開發企劃有限公司,臺中市西屯區大墩二十街99號5樓,5000000,1061129
8665,54594248,鼎鑫財富管理顧問股份有限公司,臺中市西區吉龍里五權五街151號8樓之3,6000000,1061128
8666,54594578,鴻鈦精密有限公司,臺中市大里區國中一路46巷11號,3000000,1061123
8667,54595400,台灣海力空調設備股份有限公司,臺中市西屯區中康二街22號,10000000,1061102
8669,54598194,戎臣建設有限公司,臺中市太平區新高里育賢路366號15樓之11,3000000,1061120
8670,54599291,程得工業有限公司,臺中市大里區大里里爽文路108號1樓,1054499,1061123
8671,54599399,濬騰實業有限公司,臺中市潭子區頭家東里中山路一段184巷53弄9號1樓,1000000,1061109
8672,54601629,傳章廣告有限公司,臺中市烏日區太明路308巷44號1樓,1000000,1061109
8674,54603529,順安小客車租賃有限公司,臺中市北區進化北路136號1樓,5000000,1061127
8675,54604858,精英移民顧問有限公司,臺中市西屯區市政路386號16樓之5,15900000,1061123
8676,54605857,茂煜建設有限公司,臺中市大肚區遊園路二段144號1樓,1000000,1061107
8677,54606032,茂桓建設有限公司,臺中市大肚區遊園路二段144號2樓,1000000,1061107
8678,54606125,大瑄食品有限公司,臺中市大肚區王福街858巷28弄41號1樓,4100000,1061122
8679,54606194,田川食品有限公司,臺中市大肚區王福街858巷28弄41號1樓,4100000,1061107
8680,54606342,宇銳工程有限公司,臺中市霧峰區本鄉里振興街98巷10號3樓,2000000,1061129
8681,54607932,貳壹藝能娛樂傳播有限公司,臺中市北屯區松竹里崇德六路100號2樓之3,3000000,1061116
8682,54608221,富利通商用不動產股份有限公司,臺中市南屯區大墩路192號6樓,9500000,1061115
8683,54608411,采明興業有限公司,臺中市南屯區田心里大墩四街321號地下1層,3500000,1061101
8688,54612999,樹照農業科技有限公司,臺中市南區民意街20號,1000000,1061127
8710,54626298,達信工程實業有限公司,臺中市中區公園里自由路二段12號8樓之6,6000000,1061108
8738,54640215,霖彥有限公司,臺中市西屯區何厝東二街23號4樓之3,3000000,1061128
8787,54675282,默砌興業股份有限公司,臺中市西屯區福吉街105號3樓之1,8000000,1061121
8900,54740333,聖達隆股份有限公司,臺中市南屯區新生里環中路四段120之2號,3500000,1061116
8901,54742043,麥克鴻業有限公司,臺中市大雅區上楓里民生路三段492號1樓,21660000,1061108
8903,54742732,玩到贏國際行銷有限公司,臺中市東區建興街13號1樓,2000000,1061108
8904,54745576,杏承國際有限公司,臺中市大里區西湖里草堤路158巷13弄臨18號,1000000,1061116
8905,54745920,嘉音建設有限公司,臺中市清水區橋頭里民有路113巷47號,2000000,1061128
8906,54746126,浚立有限公司,臺中市西屯區朝馬路489號1樓,1000000,1061106
8907,54746483,中美生技醫藥股份有限公司,臺中市北區臺灣大道二段360號23樓之3,235500000,1061106
8908,54748074,金金科技股份有限公司,臺中市西屯區協和里工業區三十一路28號,10000000,1061117
8909,54748200,台御機械工業有限公司,臺中市大里區日新里中興路二段日新巷86號1樓,100000,1061117
8910,54748497,鉅圖機械股份有限公司,臺中市太平區育才路375號,12000000,1061115
8911,54748659,元宏精密有限公司,臺中市豐原區社皮里豐原大道八段626號1樓,500000,1061114
8912,54748692,東易芯清潔服務有限公司,臺中市太平區宜佳街9巷33號3樓,150000,1061108
8913,54749257,農富興業有限公司,臺中市南區永和里南和二街23號3樓,5000000,1061123
8914,54749263,仁川保溫工程有限公司,臺中市北屯區平田里遼寧路一段31巷38之1號,1000000,1061123
8916,54750583,興富開發有限公司,臺中市潭子區潭陽里圓通南路160號,10000000,1061122
8917,54753907,禾韵國際貿易有限公司,臺中市太平區新坪里育賢路31之1號,5000000,1061127
8918,54753982,米羅傢飾設計有限公司,臺中市東區自由路四段188號1樓,1000000,1061113
8919,54755258,禪林農場股份有限公司,臺中市新社區慶西里9鄰上坪15之2號1樓,500000,1061114
8920,54755861,廣益通有限公司,臺中市太平區中平里中平九街118號1樓,2500000,1061123
8921,54756572,天華投資有限公司,臺中市西屯區市政路386號12樓之6,29000000,1061121
8922,54756904,天榮投資有限公司,臺中市西屯區市政路386號12樓之6,29000000,1061121
8923,54757397,初音國際有限公司,臺中市南區國光里仁和路292號13樓之1,100000,1061127
8924,54758065,廣奕開發股份有限公司,臺中市南屯區寶山里工業區二十路20號,20000000,1061113
8925,54759228,咏樂有限公司,臺中市潭子區東寶里雅豐街76巷29弄19號7樓,300000,1061102
8926,54759249,巨傲股份有限公司,臺中市北區臺灣大道二段360號10樓之2,10000000,1061128
8927,54759374,十邑空間規劃有限公司,臺中市西屯區林厝里中科路1019號,5000000,1061120
8928,54760034,益達配管材料有限公司,臺中市神岡區庄後里厚生路51之1號1樓,2600000,1061103
8929,54760251,宥美科技有限公司,臺中市太平區宜佳里宜文街41號,4000000,1061106
8931,54761272,英億派蒙國際股份有限公司,臺中市西屯區逢福里慶和街32號1樓,5000000,1061107
8933,54762434,震豪國際股份有限公司,臺中市西屯區臺灣大道四段847號11樓,7000000,1061129
8935,54762997,勝捷國際貿易有限公司,臺中市南區南平路335號2樓,100000,1061108
8936,54763004,民順投資有限公司,臺中市西屯區市政路386號12樓之6,29000000,1061110
8937,54763010,民發投資有限公司,臺中市西屯區市政路386號12樓之6,29000000,1061111
8938,54763216,光涵開發股份有限公司,臺中市西區土庫里華美街52號1樓,5000000,1061101
8940,54764658,青農生物科技有限公司,臺中市大里區永隆里爽文路975號2樓,8000000,1061117
8941,54764897,柏竣生技有限公司,臺中市太平區聖和里長龍路一段60號1樓,7000000,1061127
8942,54765609,睛采互動科技有限公司,臺中市東區東英里東英十一街31號1樓,1000000,1061127
8943,54765848,盛鐸電商文創股份有限公司,臺中市龍井區三德里中厝路50巷60弄12號1樓,1000000,1061109
8944,54766396,長恆精密工業有限公司,臺中市潭子區東寶里大豐一路339巷1之3號,1800000,1061109
8945,54766776,車豪廷國際有限公司,臺中市太平區新光里振武路151號1樓,5000000,1061113
8946,54767000,克拉有限公司,臺中市西屯區西安里西屯路二段297之8巷26號1樓,2000000,1061117
8947,54767070,卓岳不動產有限公司,臺中市北屯區平福里大連路二段200號1樓,1000000,1061116
8948,54768015,約書亞健康管理顧問有限公司,臺中市南屯區文山十一街15號1樓,2000000,1061103
8949,54768423,世鋼工業有限公司,臺中市北區建成里東成路50號1樓,5000000,1061122
8950,54768850,尼康數位科技有限公司,臺中市北屯區平安里崇德路二段130號6樓,200000,1061106
9001,54803651,駿凱環境事業有限公司,臺中市東勢區文新街149號1樓,5000000,1061127
9099,54858661,久崴科技有限公司,臺中市梧棲區大仁路一段352號,1000000,1061103
9140,54884041,信望愛事業有限公司,臺中市南屯區大業里公益路二段8之1號12樓,100000,1061120
9141,54884345,名滄整合修繕有限公司,臺中市大里區日新里吉隆路21號1樓,1000000,1061128
9142,54885169,帝群科技有限公司,臺中市龍井區龍津里中央路一段4巷65號,700000,1061123
9143,54885463,晨鈺企業有限公司,臺中市大雅區田心二街41號1樓,1000000,1061113
9144,54886012,曄興懋實業有限公司,臺中市西屯區協和里工業區三十四路5號1樓,2000000,1061114
9145,54887167,威盛測繪工程有限公司,臺中市北屯區軍福十三路117號8樓之1,3600000,1061116
9146,54887390,雅合實業有限公司,臺中市西區公民里柳川東路二段131號1樓,2000000,1061124
9147,54887808,協承集成股份有限公司,臺中市中區光復里成功路238之1之20號1樓,10000000,1061117
9148,54887949,吉能實業有限公司,臺中市西屯區惠來里文心路三段13之6號,1000000,1061107
9150,54889313,桓昌股份有限公司,臺中市西屯區惠來里市政北一路77號11樓之3,80000000,1061120
9152,54890206,楚石廣告事業有限公司,臺中市南區樹德里東興路一段25巷15號8樓,1000000,1061106
9153,54890402,竑昇股份有限公司,臺中市烏日區溪埧里溪福路101巷161弄16號1樓,2000000,1061122
9154,54890753,康倪有限公司,臺中市豐原區翁子里豐勢路二段477巷6號,10000000,1061122
9155,54891182,宥蒝有限公司,臺中市潭子區大通街108巷5弄15號2樓,300000,1061116
9156,54891269,永富盛國際事業股份有限公司,臺中市西屯區河南東三街7號2樓,10000000,1061109
9157,54891752,海秀精密股份有限公司,臺中市豐原區南嵩里水源路247巷12號1樓,4500000,1061127
9158,54891768,竟揚有限公司,臺中市大里區立仁里新仁路一段217巷63號5樓,81785000,1061120
9159,54891943,京品坊興業股份有限公司,臺中市北屯區敦化路一段481號1樓,25000000,1061114
9161,54892942,奇利精業有限公司,臺中市西屯區何南里大墩二十街99號5樓,1000000,1061123
9162,54893750,河洛創意科技股份有限公司,臺中市西區模範街24巷5號,1000000,1061106
9163,54894821,禾米工程有限公司,臺中市烏日區信義街105巷48號1樓,500000,1061121
9164,54895820,羽強室內裝修有限公司,臺中市北屯區舊社里北屯路386號5樓之3,1000000,1061107
9166,54898360,家家網購股份有限公司,臺中市中區綠川里中山路17之3之1號,5670000,1061116
9167,54899298,鐵味食品有限公司,臺中市北屯區平和里文心路四段225、229號,1000000,1061128
9168,54899987,鉅峰食品生技股份有限公司,臺中市西屯區工業區一路2巷3號9樓之1,29000000,1061101
9169,54901203,允紘機械有限公司,臺中市北屯區旱溪東路三段35之3號1樓,1000000,1061121
9170,54901533,囍太廣告有限公司,臺中市西屯區上德里青海路二段153號11樓之2,1000000,1061129
9171,54902168,順一通訊有限公司,臺中市西區華美街278號3樓,3500000,1061107
9172,54902934,想像力網路行銷有限公司,臺中市西屯區惠來里市政路500號28樓之8,2000000,1061120
9173,54903716,美買國際有限公司,臺中市大雅區四德里中山路315號,5300000,1061129
9174,54903981,凱達生醫有限公司,臺中市太平區新坪里育賢路215號1樓,1200000,1061103
9175,54904567,豐禾地產開發股份有限公司,臺中市南屯區向心里南屯路二段333號1樓,8250000,1061129
9176,54905003,盛鑫節能環保科技有限公司,臺中市大甲區中山里水源路452巷17弄76號1樓,300000,1061106
9177,54905123,卡鎍有限公司,臺中市南屯區大墩四街321號地下1層,400000,1061117
9178,54906474,京樓有限公司,臺中市大里區中興路一段2巷17號,20000000,1061107
9179,54906827,御福欣有限公司,臺中市西區平和里22鄰林森路100號8樓之10,100000,1061110
9181,54907564,律岳有限公司,臺中市太平區光德路247巷29弄8號1樓,1000000,1061121
9182,54907895,中兆盛機電有限公司,臺中市大里區樹王里文心南路1273巷338號1樓,6000000,1061110
9183,54908199,豪邑生化科技有限公司,臺中市東區東門里振興路226號,1000000,1061121
9184,54909606,悍龍有限公司,臺中市沙鹿區鹿寮里光華路308號2樓,1100000,1061124
9185,54910287,豐全國際旅行社有限公司,臺中市大甲區文武里信義路305號1樓,6000000,1061124
9186,54910929,福氣實業股份有限公司,臺中市西屯區四川路129號,10000000,1061101
9187,54911032,君邑上市加速器有限公司,臺中市西區忠明南路303號24樓之3,1000000,1061113
9223,55370408,潭陽產業股份有限公司,臺中市潭子區潭子街一段31巷86號,28000000,1061102
9227,55396809,文祥製網企業股份有限公司,臺中市中區中山路193號,10000000,1061108
9238,55636651,中台強力磁石股份有限公司,臺中市潭子區潭秀里南環路13號,17550000,1061106
9244,55647067,旭成鐵工廠有限公司,臺中市豐原區北陽路428號,12000000,1061127
9254,55662088,徠豐興業有限公司,臺中市豐原區西安街48號,5000000,1061127
9261,55669385,永睦企業股份有限公司,臺中市大雅區員林里大林路363巷11號,1000000,1061127
9264,55673297,七海工業股份有限公司,臺中市大甲區日南里幼獅路3號,32000000,1061124
9269,55701744,雷星企業股份有限公司,臺中市梧棲區草湳里港埠路一段233巷33號,16500000,1061103
9271,55767689,信良實業股份有限公司,臺中市大里區瑞城里瑞和街133號,10000000,1061109
9272,55771261,茂興工業股份有限公司,臺中市北區進化北路369號10樓,24000000,1061106
9274,55841386,富國興業股份有限公司,臺中市神岡區社南里中山路799-2號,30100000,1061101
9275,55855901,和乘有限公司,臺中市潭子區中山路三段305巷89號,5000000,1061127
9282,55875961,龍寶禮儀有限公司,臺中市北區光大里中清路一段100號11樓之3,1000000,1061109
9285,55877953,德成皮革股份有限公司,臺中市烏日區光明里五光路復光4巷30號,50000000,1061129
9291,55883131,敬大科技企業有限公司,臺中市北屯區文心路四段955號10樓之5,50000,1061102
9300,55891060,力暘能源股份有限公司,臺中市西區臺灣大道二段285號11樓之1,25100000,1061117
9313,55907632,元貝實業股份有限公司,臺中市神岡區神洲里豐工南路50號1樓,27000000,1061107
9320,55914726,優鋼機械股份有限公司,臺中市豐原區南嵩里北陽路367號,100000000,1061117
9326,55921493,展揚開發有限公司,臺中市豐原區豐圳里中山路501號,1000000,1061106
9338,55933977,振鴻木業股份有限公司,臺中市大雅區四德里中山路277號,5000000,1061114
9365,55974809,燿生機械工業有限公司,臺中市后里區中和里犁份路23號,10000000,1061121
9367,55978642,三發製網股份有限公司,臺中市大雅區上雅里民生路一段264號,179400000,1061117
9369,55979939,岡南塑膠發泡有限公司,臺中市豐原區朴子里朴子街260巷2弄22號1樓,3000000,1061127
9374,55989346,立杰機電科技股份有限公司,臺中市后里區圳寮路101號,20000000,1061115
9375,55993138,臺灣福龍有限公司,臺中市豐原區西湳里三豐路二段33號,5000000,1061122
9381,56004210,巧合企業股份有限公司,臺中市龍井區忠和里工業路190號,20000000,1061107
9387,56137204,薩摩亞商樂翔國際有限公司,臺中市北屯區水景里旱溪東路三段49號,0,1061114
9388,56165003,忠興織造廠股份有限公司,臺中市沙鹿區鹿峰里星河路567號,225000000,1061102
9390,56202106,南興化工製藥股份有限公司,臺中市大甲區大安港路321號1樓,20000000,1061107
9405,56603257,華簇建設有限公司,臺中市霧峰區甲寅里中正路1137巷5號,15000000,1061109
9416,56607850,瀧洋康健數據鏈股份有限公司,臺中市北屯區松竹里崇德五路107號1樓,3000000,1061128
9425,56614424,宏德實業股份有限公司,臺中市大甲區頂店里中山路一段1058、1058-2號,32000000,1061107
9428,56620559,永日化學工業股份有限公司,臺中市大甲區日南里幼獅路59、61號,423734430,1061127
9432,56623275,阮周塑膠廠有限公司,臺中市大肚區永和里溪洲路229號,9200000,1061128
9460,56660572,大甲化工實業股份有限公司,臺中市大甲區義和里中山路一段525號,50000000,1061129
9464,56666702,珂珂瑪實業股份有限公司,臺中市西屯區河南路二段301巷68號1樓,24848240,1061106
9475,56680681,佳甄國際有限公司,臺中市西屯區大鵬里文心路三段219號7樓之2,200000,1061103
9478,56685551,瑞旭塑膠工業股份有限公司,臺中市沙鹿區埔子里正英三街39號,5000000,1061129
9481,56691408,正東昇縫紉機械有限公司,臺中市大甲區中山里甲后路五段277巷47號,5000000,1061120
9491,56705424,正通科技股份有限公司,臺中市大雅區中清路三段839號,50000000,1061107
9503,56805628,天渼企業有限公司,臺中市神岡區岸裡里大洲路288號,800000,1061109
9504,56807040,鋁台精機廠股份有限公司,臺中市神岡區新庄里溪頭路172號,100000000,1061123
9505,56811620,豐原農產品股份有限公司,臺中市豐原區豐圳里豐原大道八段369號,1000000,1061102
9522,57148593,偉力塑膠工業股份有限公司,臺中市霧峰區四德路142號,10000000,1061107
9625,59172274,馥勵企業有限公司,臺中市南屯區大業路241號3樓之1,1000000,1061122
9756,59425221,裕運運輸有限公司,臺中市大肚區磺溪里文昌二街63號,18000000,1061128
9760,59727008,龍鑫開發生技有限公司,臺中市西屯區何厝里漢口路一段37號2樓,1000000,1061101
9761,59739004,大瑪士國際生技股份有限公司,臺中市西區林森路239號6樓,10000000,1061129
9762,59746906,大三豐捲門有限公司,臺中市后里區墩南里七星街42號,1000000,1061109
9763,59756609,一目工作室有限公司,臺中市西區公益路155巷9號7樓之1,500000,1061122
9764,59792627,世佳電子股份有限公司,臺中市西屯區大石里順平一街16號,3250000,1061114
9766,59818302,茂傑精密股份有限公司,臺中市沙鹿區埔子里屏西路339號1樓,27000000,1061122
9767,59850409,超越運動事業有限公司,臺中市北區立人里華美街二段262號5樓之3,500000,1061128
9768,59866508,百協國際有限公司,臺中市沙鹿區三鹿里自強路545巷35弄19號1樓,6000000,1061129
9769,59876837,群越投資有限公司,臺中市西屯區大河街36號1樓,1000000,1061106
9770,59882042,酷艾科技股份有限公司,臺中市大里區東南路66號1樓,1000000,1061129
9772,59897100,青森科技工程有限公司,臺中市大里區新里里爽文路450號1樓,1200000,1061124
9774,60200734,金鏵開發有限公司,臺中市豐原區北陽里中陽路537巷36號1樓,1000000,1061102
9775,60201023,奇其國際有限公司,臺中市北屯區平興里柳陽東街93號2樓,5000000,1061117
9776,60201712,湯姆假期國際旅行社有限公司,臺中市西屯區惠來里府會園道179號3樓,6000000,1061124
9777,60202846,馥麗香股份有限公司,臺中市西屯區協和里工業區三二路68號3樓,5000000,1061102
9778,60203514,振昇精密工業有限公司,臺中市潭子區嘉仁里嘉豐路406號1樓,500000,1061127
9779,60204295,原聲科技有限公司,臺中市潭子區家興里中山路一段15巷6號6樓之7,3000000,1061106
9780,60205132,元宏科技有限公司,臺中市北區公益里向上路一段238號3樓,1000000,1061128
9782,60208659,天聚國際有限公司,臺中市南屯區大同里東興路二段68號2樓,1000000,1061103
9783,60208840,艾奇企業股份有限公司,臺中市西屯區何仁里洛陽路136號,1000000,1061114
9784,60210114,橘舍三食有限公司,臺中市北區梅川里永興街359號2樓,100000,1061110
9785,60210661,味祖野股份有限公司,臺中市西區中興里向上北路149號,5808000,1061127
9787,60212529,美加向上生醫股份有限公司,臺中市西區忠明南路303號27樓,1000000,1061127
9788,60213695,旭緯有限公司,臺中市大里區瑞城里成功路507號5樓,1000000,1061106
9789,60215552,尚慶行銷顧問有限公司,臺中市大肚區沙田路三段245巷508號2樓,5168900,1061101
9790,60222287,德克躍動國際有限公司,臺中市西屯區臺灣大道二段886號地下1樓,200000,1061124
9791,60222316,廣鑫甲業股份有限公司,臺中市大甲區義和里中山路一段340號1樓,12000000,1061122
9792,60222630,演義牛鍋企業有限公司,臺中市南屯區惠中里大富街6號,20000000,1061103
9793,60222673,興達系統科技有限公司,臺中市北屯區東山路二段100巷6弄23號1樓,4000000,1061129
9794,60224320,異音設計有限公司,臺中市西區民龍里臺灣大道二段307號6樓之1,100000,1061122
9795,60224588,航海家國際投資股份有限公司,臺中市北區永興街338號10樓,13000000,1061115
9796,60227207,寬榮有限公司,臺中市北屯區北平路三段129號,500000,1061116
9797,60228466,啟新有限公司,臺中市大里區大元里中興路二段124號1樓,2000000,1061123
9798,60233670,金尚億實業有限公司,臺中市西屯區何仁里洛陽路122號1樓,500000,1061120
9799,60234256,睿升電子有限公司,臺中市北屯區平昌里文心路四段936號8樓之2,500000,1061123
9800,60235781,研值設計股份有限公司,臺中市西區英才路530號15樓之2,10000000,1061122
9801,60237107,凜鼎餐飲有限公司,臺中市中區自由路二段72號2樓之1,200000,1061106
9802,60237253,順越資產管理顧問有限公司,臺中市大里區東興里國光路二段500號5樓之5,1000000,1061109
9803,60239338,運和景有限公司,臺中市大里區國光路二段500號5樓之6,250000,1061114
9804,60239631,華泰汽車租賃有限公司,臺中市西屯區台灣大道二段718號4樓,10000000,1061116
9805,60239956,鑫太極股份有限公司,臺中市霧峰區甲寅里德泰街11號1樓,10000000,1061103
9806,60243229,樓富有限公司,臺中市西屯區青海路二段193巷2號,1000000,1061106
9807,60244557,米藍順安有限公司,臺中市豐原區豐原大道四段443號1樓,10000000,1061101
9808,60246844,雅園堂國際有限公司,臺中市西屯區何福里寧夏東七街11號1樓,5000000,1061124
9810,60247626,鴻鑫企業有限公司,臺中市神岡區北庄里中山路1010巷6號1樓,1000000,1061123
9811,60248441,錫歐多媒體股份有限公司,臺中市南屯區精誠南路135巷9號4樓,3000000,1061106
9812,60249440,乘雙設計制造所股份有限公司,臺中市南區忠明南路787號36樓,3000000,1061101
9813,60250059,蒂沃利有限公司,臺中市西屯區大墩二十街99號5樓,100000,1061116
9816,60257362,米那投資有限公司,臺中市西屯區惠來里市政北七路186號16樓,3000000,1061106
9817,60259410,大糖盛市有限公司,臺中市大雅區大雅里中清東路195號1樓,100000,1061127
9819,60262766,吉祥屋有限公司,臺中市西區民龍里臺灣大道二段165號,10000000,1061116
9820,60262962,齊盛土地開發股份有限公司,臺中市豐原區圓環東路703號12樓之2,16500000,1061117
9821,60263569,長陽生醫國際股份有限公司,臺中市西屯區重慶路343號4樓,33000000,1061122
9822,60265736,宏家管理顧問有限公司,臺中市南區和平里南平路33號4樓,5050000,1061102
9823,60265948,富德嘉股份有限公司,臺中市北屯區廍子里祥順一街78號,21000000,1061127
9824,60265969,龍馬制作設計有限公司,臺中市西屯區西墩里西墩北路3之3號2樓,2000000,1061102
9825,60266019,崇德日橡餐飲事業有限公司,臺中市北屯區崇德路二段255號1樓,10000000,1061122
9826,60266209,首契監視系統有限公司,臺中市烏日區前竹里光明路331號,3000000,1061122
9827,60267811,御苑國際有限公司,臺中市潭子區中山路二段384之9號,200000,1061127
9828,60267994,順鼎顧問有限公司,臺中市西屯區西平里文華路162巷40號2樓,500000,1061103
9831,60269085,法緣網路科技股份有限公司,臺中市北區五權路257號1樓,2000000,1061116
9832,60269579,聯霆英雄數位行銷股份有限公司,臺中市西屯區長安路二段71巷6號1樓,3000000,1061120
9833,60270392,方偉國際車業有限公司,臺中市南屯區新生里向上路三段412號,1000000,1061109
9834,60274812,信威創新管理顧問有限公司,臺中市北屯區和平里軍福十一路18之17號1樓,1000000,1061113
9835,60275278,仕特喜股份有限公司,臺中市西屯區逢福里河南路二段262號13樓之3,100000,1061110
9836,60275615,菘柏國際有限公司,臺中市潭子區大豐里潭富路二段177之4號,500000,1061109
9837,60275636,伸鎰企業有限公司,臺中市東區振興路358巷11號1樓,3000000,1061122
9838,60276157,旺華工程股份有限公司,臺中市烏日區北里里太明路成豐巷101弄52號1樓,5000000,1061120
9839,60277064,心鼎企業有限公司,臺中市清水區槺榔里鰲新三街83號1樓,2500000,1061127
9840,60278346,炬信精密機械有限公司,臺中市太平區光興路588號1樓,1000000,1061107
9841,60279339,台灣原住民族人力資源管理顧問有限公司,臺中市西屯區福和里臺灣大道四段925號8樓之5,400000,1061107
9842,60281905,昇揚電機有限公司,臺中市大里區東湖里泉水街185號1樓,1000000,1061107
9843,60282236,洪璽教育顧問有限公司,臺中市潭子區大富里大富路三段33巷117弄2號1樓,200000,1061122
9844,60283447,為了海龜有限公司,臺中市西屯區何成里大容東街66號4樓,1300000,1061120
9846,60283930,凱若琳實業股份有限公司,臺中市北區淡溝里臺灣大道二段360號28樓,3000000,1061124
9847,60284213,利禾水產有限公司,臺中市大雅區雅環路一段332巷13弄2號1樓,1710000,1061117
9849,60285542,晴大股份有限公司,臺中市西屯區協和里工業區三十八路185之1號3樓,5000000,1061106
9850,60286789,亞鑫國際投資控股股份有限公司,臺中市西區五權五街151號8樓之5,10000000,1061127
9851,60287393,鼎鎮建設開發股份有限公司,臺中市北屯區梅川東路五段472號4樓、5樓,20000000,1061114
9852,60287464,貝克特國際有限公司,臺中市豐原區豐田里田心路二段152巷8號,200000,1061120
9853,60287582,禾丞工業有限公司,臺中市神岡區庄後里大圳路55號,3000000,1061117
9856,60290685,旭勝鞋業國際股份有限公司,臺中市西屯區惠來里市政北七路159號4樓之3,25992470,1061110
9857,60290926,宇草堂有限公司,臺中市沙鹿區埔子里屏西路357號3樓,1000000,1061110
9858,60291072,錫安室內裝潢工程有限公司,臺中市南屯區大業里大業路177號3樓之1,2000000,1061121
9859,60291679,童享食繪股份有限公司,臺中市西區忠誠里精誠路92號地下一層之1,10000000,1061102
9860,60291713,朱結寶開發有限公司,臺中市太平區宜昌里富宜路248巷20號1樓,1000000,1061122
9861,60292277,游懇數位科技有限公司,臺中市西屯區何源里華美西街二段311號4樓之1,500000,1061106
9862,60292608,鑫鉉數位行銷有限公司,臺中市西屯區潮洋里朝富路213號17樓之5,1500000,1061129
9863,60292918,興創投資有限公司,臺中市南區工學里高工路132巷12號1樓,20000000,1061127
9864,60296533,祥展營造股份有限公司,臺中市西屯區大洲街111號,60000000,1061127
9865,60297364,泰森國際木業有限公司,臺中市南屯區三義里大業路548號1樓,1000000,1061102
9866,60298342,富德國際事業股份有限公司,臺中市西屯區何成里大墩十八街195號3樓之1,14400000,1061127
9868,60305929,目標建設有限公司,臺中市北屯區文心路四段955號13樓之1,3000000,1061121
9869,60311366,千裕企業有限公司,臺中市南屯區嶺東南路181號10樓之3,600000,1061101
9870,60311844,毓泰有限公司,臺中市大肚區興和路185巷17號,60150000,1061103
9871,60312908,牧威國際有限公司,臺中市西區公益里忠明南路181之2號3樓,5000000,1061120
9872,60315594,裕昇貿易有限公司,臺中市北區淡溝里臺灣大道二段340號8樓之5,100000,1061114
9874,60317018,豐圓鮮魚有限公司,臺中市豐原區中正路113之1號,500000,1061120
9875,60328818,智泉媒體有限公司,臺中市西區公益里忠明南路237號9樓之2,5000000,1061106
9876,60329252,展成國際興業有限公司,臺中市北區頂厝里太原路二段251號9樓之1,1000000,1061108
9877,60329400,五甫科技股份有限公司,臺中市南屯區田心里大墩六街350巷53號,600000,1061127
9878,60329915,章魚股份有限公司,臺中市清水區民有路178號1樓,2000000,1061122
9879,60350037,嶺薈有限公司,臺中市西屯區中工三路153巷10弄17號1樓,20000000,1061123
9880,60350347,樸德興建設有限公司,臺中市北屯區水景里景賢五路219巷12號1樓,1000000,1061102
9881,60353512,百加國際股份有限公司,臺中市北屯區松勇里松義街158之18號8樓之1,7500000,1061116
9882,60355785,羅威登資訊有限公司,臺中市南屯區永春東路250號1樓,3600000,1061110
9883,60357572,傑仕有限公司,臺中市潭子區東寶里崇德路四段90之2號1樓,10000000,1061117
9884,60361273,府京開發建設股份有限公司,臺中市西屯區潮洋里朝富路213號8樓之1,28000000,1061127
9885,60369346,金匠師精密工業有限公司,臺中市大甲區日南里5鄰工三路20號,1000000,1061107
9886,60369556,正向國際有限公司,臺中市大里區西湖里西湖路45號1樓,1200000,1061129
9887,60377486,永沅冷凍海鮮有限公司,臺中市西屯區工業區一路2巷5號1樓,700000,1061114
9888,60378915,好運農創行銷股份有限公司,臺中市西屯區潮洋里朝貴一街42號1樓,5000000,1061109
9889,60379246,相信美好實業股份有限公司,臺中市西屯區惠來里市政北一路77號6樓之10,2000000,1061123
9890,60381518,兆豐迎科技有限公司,臺中市北區文莊里中清路一段79號5樓,500000,1061101
9891,60383023,群桐有限公司,臺中市南屯區田心里大墩四街321號地下1層,5000000,1061114
9892,60385367,英蓋爾有限公司,臺中市西區模範街48號1樓,10000000,1061129
9893,60388385,任務咖啡有限公司,臺中市南區忠明南路787號36樓,200000,1061101
9894,60443009,盈豐興投資有限公司,臺中市大里區光明路251巷3號1樓,10000000,1061122
9897,60556501,兆瀚精密有限公司,臺中市神岡區東洲路234巷27號1樓,1000000,1061122
9898,60557500,城溢興業有限公司,臺中市豐原區中正路212巷13號2樓,1000000,1061110
9900,60592339,木子李有限公司,臺中市西區中興里公正路126號,1200000,1061127
9901,60604102,光盛技術有限公司,臺中市石岡區梅子里豐勢路梅子巷42-1號3樓,1350000,1061129
9902,60617704,宏玉實業股份有限公司,臺中市西屯區惠來里市政南二路28號1樓,7200000,1061110
9903,60622002,開合精密工業股份有限公司,臺中市神岡區八德路九如巷452之3號,14700000,1061124
9904,60625520,振新水電材料有限公司,臺中市大里區爽文路818號,1000000,1061116
9905,60644815,合偉模具有限公司,臺中市太平區中興里東平路715巷7弄21號1樓,500000,1061108
9906,60673304,尚展興業有限公司,臺中市南區南門里國光路445號,500000,1061101
9907,60699901,瑞克迅休閒整合行銷有限公司,臺中市北屯區平福里崇德路二段286號12樓之7,1000000,1061120
9908,61003612,雅硯建設有限公司,臺中市神岡區社口里文昌街369號,28800000,1061109
9909,61035001,恆盛餐飲有限公司,臺中市西區民龍里英才路530號22樓之3,6000000,1061120
9910,61061289,世圃開發有限公司,臺中市南區南門里忠明南路1320巷15弄2號1樓,4000000,1061110
9911,61062702,荳桑有限公司,臺中市西屯區何明里西屯路二段11號1樓,3000000,1061124
9912,61098201,沛森實業有限公司,臺中市北屯區廍子里軍福七路168號10樓之13,1000000,1061128
9913,61122217,信達有限公司,臺中市西區昇平里民生路392號1樓,10000000,1061103
9914,61140658,倫震國際企業有限公司,臺中市南屯區永定里永春東路1381號1樓,300000,1061101
9915,61140691,綠能亮科技有限公司,臺中市南區樹德里復興北路511號地下室2樓,2000000,1061130
9916,61149412,禎旺建設有限公司,臺中市北區五常街193號1樓,3000000,1061114
9917,61181209,彩和酒業股份有限公司,臺中市大肚區王田里沙田路一段320巷33之11號,5000000,1061122
9918,61254531,主學科技有限公司,臺中市北區建成里東光路314號1樓,1000000,1061101
9919,61261370,王道機器人股份有限公司,臺中市烏日區榮泉里榮泉路39巷28號1樓,13000000,1061103
9920,61282305,翔美靜電科技有限公司,臺中市東區東英里十甲路367號1樓,2000000,1061108
9921,61304504,正豪生物科技有限公司,臺中市霧峰區丁台里丁臺路526之6號1樓,10000000,1061101
9922,61354709,艾特行銷有限公司,臺中市北區淡溝里台灣大道二段360號27樓之2,5000000,1061103
9923,61416206,豪澧有限公司,臺中市南屯區同心里大墩西一街21巷32號1樓,60000,1061109
9924,61508606,仕鋒工業有限公司,臺中市大雅區三和里仁和路53號,1000000,1061109
9925,61750308,凱赫有限公司,臺中市潭子區祥和路106巷57弄7號1熡,2000000,1061107
9926,61751236,弼豐顧問有限公司,臺中市大里區中興路二段816巷2號7樓,1700000,1061122
9928,61756008,中美國際教育有限公司,臺中市北區賴旺里青島路一段20號,100000,1061121
9930,61763768,貴筑國際有限公司,臺中市南屯區文心里向心路109號23樓之3,1000000,1061106
9931,61766553,雙冠實業有限公司,臺中市北區中清路一段646號2樓,1000000,1061106
9932,61768834,柏諦生物科技股份有限公司,臺中市北屯區平和里文心路四段141之4號,6000000,1061108
9933,61769799,昇旺工程有限公司,臺中市西區和龍里臺灣大道二段16號19樓之2,2000000,1061102
9934,61770000,廣得威興業有限公司,臺中市神岡區社南里社南街5巷21號1樓,500000,1061117
9935,61771140,永冠企業有限公司,臺中市西區公平里公益路174巷19號1樓,5000000,1061130
9936,61771438,台灣雲聯惠電子商務科技有限公司,臺中市西區臺灣大道二段186號22樓之1,22000000,1061124
9937,61772605,寶生堂生技股份有限公司,臺中市北區進化路575號14樓之6,5000000,1061122
9938,61773978,綠瑩環境資源有限公司,臺中市西區公平里華美西街一段16號2樓之5,1000000,1061108
9939,61778707,台灣雲聯國際投資管理顧問有限公司,臺中市北區長青里陝西東一街18號2樓之2,22050000,1061106
9940,61785931,心玩藝國際有限公司,臺中市西屯區惠來里市政路386號11樓之6,5000000,1061123
9941,61786642,活力勇健康科技有限公司,臺中市西屯區西墩里福科二路6號,10000000,1061115
9942,61790913,一番地溫泉有限公司,臺中市北屯區平心里文心路四段669號3樓之1,10100000,1061124
9943,61791363,慶旭科技有限公司,臺中市西屯區惠來里市政路500號9樓之2,1000000,1061102
9944,61793643,我們有故事文創國際股份有限公司,臺中市西屯區西平里福星路228號1樓,4200000,1061117
9945,61793708,鳴戶國際企業有限公司,臺中市霧峰區丁台里丁台路445號1樓,600000,1061103
9946,61794116,鈦金電梯有限公司,臺中市大里區樹王里福德路88巷1號,10000000,1061106
9947,61795993,劻漢國際企業有限公司,臺中市大里區新里里新興路68號,1300000,1061116
9948,61796162,裕德玻璃有限公司,臺中市大雅區橫山里永和路112之16號1樓,1000000,1061116
9949,61797633,物鑫國際有限公司,臺中市北屯區后庄里新興路16巷6號3樓,200000,1061101
9950,61802426,壹善亭國際餐飲實業有限公司,臺中市中區大誠里中華路二段36號1樓,2300000,1061120
9951,61803142,京饌餐飲有限公司,臺中市南屯區大業里大進街486號,1000000,1061101
9952,61804091,金瑨昇機電有限公司,臺中市北屯區廍子里太原路三段1403號6樓之5,2000000,1061115
9953,61804254,廣熺實業有限公司,臺中市北區臺灣大道二段340號6樓之3,1250000,1061106
9954,61805232,豪博科技有限公司,臺中市北屯區平福里崇德路二段282號15樓之5,200000,1061108
9955,61807371,川帝網路事業有限公司,臺中市西屯區惠來里市政路500號28樓之8,300000,1061117
9956,61807610,湯誠資訊科技有限公司,臺中市南區忠明南路787號40樓,1000000,1061113
9957,61810592,立森石材有限公司,臺中市北屯區四民里豐樂路3巷30弄8號1樓,2000000,1061106
9958,61812846,純屬巧盒休閒娛樂股份有限公司,臺中市西區忠誠里華美西街一段137號6樓之4,2100000,1061127
9959,61817531,濰濬工程有限公司,臺中市豐原區南村里水源路492巷20之6號,300000,1061110
9960,61818546,京華娛樂科技股份有限公司,臺中市北區賴興里文心路四段210之8號,1220000,1061106
9961,61820178,快樂家資產管理有限公司,臺中市豐原區社皮里中正路687之5號,1000000,1061101
9962,61821319,凱德克國際有限公司,臺中市南屯區大業路239號3樓之1,500000,1061124
9963,61821802,福爾摩沙中旅酒店管理顧問有限公司,臺中市北區六合里福龍街99號之1,2000000,1061115
9964,61823301,佑谷科技有限公司,臺中市沙鹿區三鹿里向上路六段770號5樓之13,4200000,1061110
9965,61823604,柏斯生技有限公司,臺中市西屯區永安里國安一路87號18樓之6,5000000,1061127
9967,61827236,見大泵浦有限公司,臺中市大甲區西岐里如意路70號1樓,600000,1061117
9968,61828208,亞洲明星有限公司,臺中市北區臺灣大道二段360號26樓之3,750000,1061117
9969,61831999,寶輝資產開發股份有限公司,臺中市西屯區逢甲路301巷22弄1號、3號,1600000,1061106
9970,61833286,珺岳國際有限公司,臺中市西屯區福雅里西屯路三段141巷18之10號1樓,500000,1061127
9971,61835329,志宜國際有限公司,臺中市南區復興路一段306號4樓,22000000,1061121
9972,61835833,鋐順投資股份有限公司,臺中市大安區松雅里松十街19號1樓,17500000,1061124
9973,61836967,祥暉實業有限公司,臺中市北屯區陳平里陳平一街123號6樓之1,12000000,1061110
9974,61837749,玟睿實業有限公司,臺中市西區双龍里模範街19之5號5樓之5,2000000,1061107
9975,61837826,了不起國際事業股份有限公司,臺中市西區美村路一段152號2樓,20000000,1061122
9976,61837924,生之源幹細胞科技股份有限公司,臺中市北屯區水景里東山路一段156之11巷10號3樓,8800000,1061117
9977,61838135,海悅共享有限公司,臺中市西屯區西安街277巷2號,12000000,1061116
9978,61838992,瀚徠國際企業有限公司,臺中市西屯區何厝里何厝東二街101號,1000000,1061121
9979,61841814,艾瑞卡企業有限公司,臺中市西區和龍里臺灣大道二段2號15樓之1,250000,1061109
9980,61842004,穎亞有限公司,臺中市西屯區潮洋里市政北二路236號17樓之6,66000,1061106
9981,61844592,職人聚落股份有限公司,臺中市西區自由路一段101號14樓之4,1000000,1061128
9982,61845537,暢圓有限公司,臺中市太平區宜佳里宜昌路125號1樓,100000,1061128
9983,61847042,宏晟開發有限公司,臺中市西區梅川西路一段81號1樓,5300000,1061123
9984,61848345,新視界科技有限公司,臺中市太平區育才路146號1樓,8500000,1061123
9985,61848416,蓓蕾有限公司,臺中市東區練武路177巷2號6樓之5,300000,1061117
9986,61848871,仲強毅科技股份有限公司,臺中市大里區仁德里至善路242號1樓,10000000,1061106
9988,61851690,雅豐開發房屋不動產有限公司,臺中市豐原區北陽里圓環東路510號1樓,3000000,1061110
9989,61852396,邏爾有限公司,臺中市西屯區至善里逢甲路253巷45之1號6樓之3,1000000,1061107
9990,61855106,喬英事業有限公司,臺中市南屯區南屯路二段207之1號1樓,300000,1061110
9991,61855942,卓億興業有限公司,臺中市大雅區二和里雅潭路四段370巷13號4樓,30000000,1061114
9992,61858096,夢菲薾國際股份有限公司,臺中市北屯區天津路三段152號2樓之2、2樓之3、2樓之4,1000000,1061124
9993,61861542,喬丞企業有限公司,臺中市北屯區三光里北屯路212巷9號,180000,1061117
9994,61866960,宏夀科技有限公司,臺中市北屯區水湳里文心路四段83號14樓,500000,1061108
9995,61870985,源晶生技股份有限公司,臺中市西區土庫里福人街61號1樓,2400000,1061129
9996,61871210,鷗能有限公司,臺中市東區東信里一心街243號2樓之7,200000,1061124
9997,61877093,無所不在創意活動有限公司,臺中市大甲區順天路249號3樓,1000000,1061122
9998,61880338,逸和有限公司,臺中市西屯區何安里文心路三段6號3樓之17,200000,1061123
9999,61881287,天誠富宏科技有限公司,臺中市東區旱溪里建成路40號1樓,200000,1061101
10000,61881527,富久宜食堂有限公司,臺中市西區吉龍里五權五街45號,100000,1061121
10001,61881553,京峰貿易有限公司,臺中市北屯區軍功里軍功路二段285號1樓,600000,1061124
10002,61883193,百富控股股份有限公司,臺中市南屯區大英西一街61號1樓,3000000,1061114
10004,61904535,煜鑫食品企業有限公司,臺中市西屯區何厝里四川路129號,150000,1061106
10005,61907462,主道文化有限公司,臺中市西屯區文心路三段6號3樓之17,6000000,1061121
10006,61909840,駿浤國際開發有限公司,臺中市西屯區何厝里何厝東二街23號4樓之3,3100000,1061108
10007,61914533,海順貿易有限公司,臺中市潭子區潭陽里潭興路二段332巷30弄66之2號,5000000,1061116
10008,61916862,泰和建設有限公司,臺中市南屯區文心南三路1111巷31號1樓,12000000,1061129
10009,61917052,曈曈國際有限公司,臺中市太平區太平里永豐路319號,300000,1061128
10010,61918427,當代全球有限公司,臺中市西屯區何成里大墩十八街195號3樓之2,100000000,1061103
10011,61919164,衍涵實業股份有限公司,臺中市龍井區龍津里三港路326巷12號,4009000,1061127
10012,61922365,鑫妮企業有限公司,臺中市南屯區田心里文心路一段73號4樓之1,1000000,1061116
10013,61922766,綠馨不動產開發有限公司,臺中市豐原區南村里豐原大道五段88號1樓,12000000,1061123
10014,61924048,荃鉦實業有限公司,臺中市南屯區楓樹里樂田巷4之18號,2000000,1061116
10015,61925932,西西里有限公司,臺中市西區向上路一段27之5號,500000,1061129
10016,61927517,鼎盛匯事業股份有限公司,臺中市西屯區潮洋里市政北二路236號17樓之6,60000,1061101
10018,61935002,彼思佛不動產有限公司,臺中市南區和平里忠明南路758號17樓,2000000,1061122
10019,61937825,日瀠投資股份有限公司,臺中市北區賴福里大德街249巷7號3樓,120500000,1061103
10020,61939957,好腳旅行社有限公司,臺中市西區忠明里博館路125號1樓,6000000,1061115
10021,61942502,布萊恩薩普有限公司,臺中市西區忠誠里忠明南路16號4樓之9,2000000,1061116
10022,61943621,鼎溢環保有限公司,臺中市大甲區武曲里橫圳街280號1樓,600000,1061120
10023,61945971,桔玄實業有限公司,臺中市南屯區大業路241號3樓之1,1500000,1061129
10024,61946084,宥勝國際影音有限公司,臺中市北屯區東山路一段220巷100號1樓,500000,1061127
10025,61946280,宇天國際開發股份有限公司,臺中市南屯區新生里新德街289號1樓,500000,1061129
10027,61948111,大鑫開發建設股份有限公司,臺中市西區和龍里台灣大道二段16號19樓之2,1000000,1061123
10028,61951261,艾瑞企業有限公司,臺中市大雅區橫山里永和路5之57號1樓,100000,1061103
10029,61952873,雅瑟聲學有限公司,臺中市清水區橋頭里華江北街108號1樓,3000000,1061110
10030,61955294,鑫慶機電有限公司,臺中市西區民龍里臺灣大道二段186號20樓之5,1000000,1061106
10031,62006102,宏賦國際有限公司,臺中市北區梅川里永興街349號2樓,100000,1061102
10033,62011153,巨登有限公司,臺中市潭子區民族路一段332之6號,2000000,1061107
10034,62011941,有泰有限公司,臺中市太平區宜欣一路115號1樓,510000,1061120
10035,62021201,德克國際汽車有限公司,臺中市北屯區中清路二段972號,2000000,1061116
10036,62037409,聖壽食品有限公司,臺中市太平區新福里中山路四段96巷18號1樓,1000000,1061114
10037,62048932,鼎泰新實業有限公司,臺中市大里區金城街268號,600000,1061115
10038,62074706,群赫國際有限公司,臺中市大肚區蔗里太平路41之3號,300000,1061102
10039,62076303,澄蒼國際有限公司,臺中市潭子區潭陽里福潭路327巷3號1樓,1000000,1061124
10040,62115679,國蓮有限公司,臺中市西區大忠里存中街154號2樓,9010000,1061114
10214,66452617,東海醱酵工業股份有限公司,臺中市沙鹿區鹿寮里錦華街17號,119920000,1061114
10423,69522953,創造者國際實業股份有限公司,臺中市大雅區民權街140號1樓,5000000,1061124
10636,70496969,佶穎國際有限公司,臺中市潭子區潭陽里勝利二街33巷8號2樓,500000,1061124
10637,70499065,美伸汽車興業有限公司,臺中市大雅區中清路三段885巷5號,5000000,1061113
10646,70510343,宏耀投資開發股份有限公司,臺中市中區繼光里繼光街166號,13000000,1061129
10647,70510408,松田企業有限公司,臺中市北區淡溝里臺灣大道二段360號11樓之3及之5,6000000,1061127
10651,70515950,唐融廢棄物清除股份有限公司,臺中市龍井區田中里臨港東路一段163號1樓,5000000,1061108
10652,70517367,新業建設股份有限公司,臺中市西屯區安和路168號11樓之1,190000000,1061103
10653,70518817,裕展國際股份有限公司,臺中市大肚區新興里沙田路二段2巷26號2樓,10000000,1061108
10656,70523775,智陞國際有限公司,臺中市太平區新福里中山路四段89號2樓,1000000,1061128
10712,70607445,天想投資股份有限公司,臺中市西區美村路一段六三二號六樓,10000000,1061113
10722,70625371,晨星出版有限公司,臺中市西屯區工業區三十路1號1樓,15000000,1061123
10724,70629807,汎群公寓大廈管理維護股份有限公司,臺中市北屯區后庄里新興路16巷6號3樓,10000000,1061113
10726,70639559,鈺民有限公司,臺中市南區福中街11號1樓,10500000,1061107
10732,70650006,晉得益精密鑄造股份有限公司,臺中市太平區宜昌東路15號,8000000,1061129
10737,70657296,智順科技股份有限公司,臺中市南屯區精科八路36號,159800000,1061129
10738,70657979,群豐營造有限公司,臺中市太平區中源街三巷十八號一樓,3000000,1061117
10740,70665470,協承泰實業有限公司,臺中市潭子區頭家里中山路一段一三八號一樓,2000000,1061127
10745,70670805,啟宇營造工程股份有限公司,臺中市南屯區春社里永春北路55號3樓,200000000,1061127
10766,70708817,鑫鋒九實業有限公司,臺中市大里區國光里大聖街39巷1號1樓,500000,1061128
10781,70734126,尚仁營造有限公司,臺中市西區民生路155號3樓,11000000,1061123
10785,70739966,金秀貿易股份有限公司,臺中市大里區德芳路一段388號1樓,15000000,1061120
10790,70748276,新鉅科技股份有限公司,臺中市外埔區甲東路35、37號,1583578480,1061116
10832,70848492,佳凌科技股份有限公司,臺中市潭子區臺中加工出口區建國路24號,1156450000,1061117
10881,76303721,太鼎營造股份有限公司,臺中市豐原區鐮村一街29巷1號1樓,42000000,1061110
10886,76399556,八九運輸股份有限公司,臺中市北屯區崇德路3段168號2樓,18000000,1061128
10909,79960869,香王實業股份有限公司,臺中市西屯區協和里工業區34路16號,50000000,1061102
10910,79961966,和敬工程股份有限公司,臺中市豐原區社皮里圓環西路23號3樓,10000000,1061120
10913,79966532,隨豐冷凍股份有限公司,臺中市西屯區上石里青海路二段240-1號4樓之11,560000,1061102
10929,79987902,至鵬企業有限公司,臺中市大里區環中東路六段206、208號1樓,5000000,1061124
10934,79995142,大瑋木業有限公司,臺中市大雅區雅潭路四段506巷38弄5號,5000000,1061123
10936,79995852,尚順食品有限公司,臺中市大甲區頂店里中山路一段1158巷5之10號,500000,1061113
10943,80008588,華傑工程顧問有限公司,臺中市北屯區后庄路258號1樓,2000000,1061130
10944,80008953,麥洋企業有限公司,臺中市豐原區豐田里豐原大道三段239巷47號1樓,1000000,1061128
10950,80014033,尚信承企業股份有限公司,臺中市南屯區文心路一段521號6樓之7,25000000,1061107
10954,80020302,歐睿科技有限公司,臺中市西屯區臺灣大道三段699號3樓之5,5000000,1061110
10962,80046437,三源興股份有限公司,臺中市大里區仁化工二路135號,62500000,1061113
10963,80047793,佳葳醫學科技有限公司,臺中市北屯區水湳里中清路二段36號1樓,15000000,1061127
10965,80050620,聯樺興業有限公司,臺中市南屯區南屯路二段420號9樓之5,50000000,1061101
10968,80051992,上熙企業有限公司,臺中市南屯區大墩四街321號地下一層,500000,1061106
10975,80063998,陸誠預拌混凝土有限公司,臺中市清水區海風里和睦路二段98巷8號,8000000,1061109
10981,80073383,力隆科技股份有限公司,臺中市南區五權南路522號,6000000,1061103
10991,80090947,偉尚實業股份有限公司,臺中市大里區永隆里永明街259巷5號1、2、3樓,10000000,1061128
10996,80107530,華東興業有限公司,臺中市西屯區永安里福雅路178號2樓,1500000,1061121
10999,80112978,程鼎實業股份有限公司,臺中市豐原區社皮里大豐路五段208號,60000000,1061102
11005,80123047,沅益工程有限公司,臺中市潭子區頭家里得福街162巷10號1樓,5000000,1061115
11008,80126641,暐翔工業有限公司,臺中市太平區勤益里中山路一段172-1號1樓,20000000,1061128
11009,80126699,陽盟工業股份有限公司,臺中市烏日區溪埧里溪南路一段238巷36號,5000000,1061107
11025,80153175,古典玫瑰園事業股份有限公司,臺中市西屯區市政北二路238號21樓之1,10000000,1061120
11057,80208930,日上顧問有限公司,臺中市西區中興里中興街183號6樓之1,4700000,1061102
11060,80212998,智勝科技股份有限公司,臺中市西屯區協和里工業區9路12號,196876510,1061120
11067,80222145,昱詮興企業有限公司,臺中市南屯區文心南三路537號6樓,4000000,1061121
11074,80242466,勝興科技股份有限公司,臺中市西區臺灣大道二段181號9樓之7,14000000,1061110
11077,80249691,御品歡股份有限公司,臺中市西屯區西安街277巷6之5號1樓,24000000,1061103
11081,80253836,雅太實業有限公司,臺中市北區文莊里英才路179號1樓,3000000,1061103
11133,80335112,日商原田產業股份有限公司,臺中市西屯區文心路2段201號10樓之7,1000000,1061106
11156,80381332,紅運科技股份有限公司,臺中市北區民權路399之1號1樓,10000000,1061116
11174,80414262,程暘科技有限公司,臺中市太平區宜欣里宜欣十街39號3樓,12000000,1061127
11175,80414729,翔瀚開發實業有限公司,臺中市西屯區河南路一段38號1樓,500000,1061117
11180,80420905,惠舜工業股份有限公司,臺中市豐原區南村里水源路477號,3000000,1061124
11184,80429011,勝宏科技有限公司,臺中市北屯區東山路二段100巷47號1樓,2000000,1061127
11193,80440894,哈密瓜旅館股份有限公司,臺中市中區臺灣大道一段19號6樓、7樓、8樓、9樓、10樓、11樓、12樓,19700000,1061113
11194,80442859,哲銘服飾國際有限公司,臺中市北屯區天津路三段72號,1000000,1061128
11201,80462405,翊普股份有限公司,臺中市北區明新里11鄰中清路一段447號7樓之1,10000000,1061122
11204,80464038,八展建設有限公司,臺中市太平區新高里立功路110號1樓,25000000,1061128
11205,80466612,力瑪科技股份有限公司,臺中市南屯區精科中路22號2樓,60000000,1061102
11208,80467696,華揚精密機械股份有限公司,臺中市烏日區東園里溪南路一段460巷486號,5000000,1061123
11209,80468941,大樹防災實業有限公司,臺中市西屯區上安里臺灣大道三段556巷21號2樓,1500000,1061127
11210,80470361,佶興股份有限公司,臺中市太平區宜佳里環中東路四段629號,25000000,1061114
11216,80479659,久如投資開發有限公司,臺中市西屯區惠來里市政北七路186號16樓,28500000,1061120
11238,80503503,天策投資有限公司,臺中市西區忠明南路42號5樓,1000000,1061101
11255,80527499,長鋐興業股份有限公司,臺中市清水區橋頭里民治東路269巷12號1樓,20000000,1061110
11268,80543239,思克威爾股份有限公司,臺中市神岡區社口里中山路928號5樓,107000000,1061103
11274,80552567,鑫達資訊有限公司,臺中市北屯區平陽里安順東五街28號1樓,1000000,1061108
11275,80553144,同宸實業有限公司,臺中市梧棲區永安里向上路九段661巷6號,5000000,1061103
11278,80558859,天鉅堂特殊食品股份有限公司,臺中市西屯區潮洋里市政北二路417號,11000000,1061101
11289,80573887,祥鶴科技有限公司,臺中市南屯區黎明里懷德街59巷3號1樓,500000,1061116
11290,80574083,橘瓦企業有限公司,臺中市北屯區松和里崇德六路一段153號1樓,7600000,1061107
11291,80575554,大呼過癮有限公司,臺中市大里區中興路一段2巷25弄5號,5000000,1061107
11292,80579622,碩耕貿易有限公司,臺中市烏日區信義街247巷48號1樓,1000000,1061110
11294,80586237,亞衣宜家貿易有限公司,臺中市西屯區何成里大隆路157號1樓,5000000,1061108
11296,80589852,千裕宏股份有限公司,臺中市太平區興隆路7之28號,20000000,1061121
11300,80591674,德金建設股份有限公司,臺中市大里區新里里國光路二段259號5樓之3,26780000,1061123
11302,80591885,允帥有限公司,臺中市北區文莊里中清路一段79號6樓,6000000,1061120
11304,80594709,亞利森貿易有限公司,臺中市西屯區惠來里市政北五路270號10樓之3,26700000,1061113
11309,80599900,維康電化製品股份有限公司,臺中市豐原區東湳里三豐路二段396巷45弄3號,5500000,1061106
11320,80611637,威權投資有限公司,臺中市西區藍興里自由路一段30巷5弄7號2樓,2000000,1061116
11334,80632605,微宏室內裝修設計有限公司,臺中市沙鹿區埔子里正德路91號,3000000,1061111
11337,80637448,中二高加油站有限公司,臺中市霧峰區五福里中投西路二段436號1樓,6000000,1061113
11343,80648992,愛格特有限公司,臺中市北屯區陳平一街18號1樓,500000,1061120
11399,80717977,菖億有限公司,臺中市沙鹿區保成路11號,5000000,1061120
11400,80718217,日榮興實業有限公司,臺中市潭子區栗林里豐栗路37號,8960000,1061106
11402,80718693,瑞銓實業股份有限公司,臺中市大雅區大雅里雅環路二段69號1樓,12000000,1061116
11403,80719454,源豐科技股份有限公司,臺中市潭子區家興里榮興街83巷24號6樓,5410000,1061123
11406,80719980,潤成汽車租賃有限公司,臺中市潭子區大成街一巷203號1樓,10000000,1061123
11407,80720059,三正德文創科技股份有限公司,臺中市沙鹿區興安里大同街25巷4號,50000000,1061107
11411,80722654,常廣股份有限公司,臺中市大甲區日南里工一路29號,242784480,1061101
11413,80728637,上益精密有限公司,臺中市太平區光隆里光興路807巷80號,9085000,1061121
11414,80737306,協進展有限公司,臺中市豐原區田心里育英路56巷14弄2號5樓之1,500000,1061129
11415,80738396,洋明國際股份有限公司,臺中市大雅區橫山里中山路18號,8000000,1061113
11419,80743314,銓鼎科技股份有限公司,臺中市南區三民西路212號,80200000,1061113
11421,80749632,莘茂複合材料股份有限公司,臺中市大雅區科雅路38號1樓,25000000,1061122
11422,80749648,莎士比亞文化事業股份有限公司,臺中市西區吉龍里美村路一段596巷1號2樓,20000000,1061102
11423,80749936,全發科技有限公司,臺中市北區賴福里大德街249巷1號1樓,16000000,1061101
11471,83636443,八達交通股份有限公司,臺中市北屯區平安里崇德路二段128號5樓之1,18000000,1061128
11479,84075671,王泰鑫工業股份有限公司,臺中市太平區建興里鵬儀路433號1樓,3000000,1061103
11482,84079698,新永任工業股份有限公司,臺中市大里區內新里東榮路一段126號10樓之2,20000000,1061122
11486,84082618,美日成實業有限公司,臺中市大里區大里路479號1樓,5000000,1061115
11488,84086706,協育股份有限公司,臺中市神岡區社南里社南街235號,5000000,1061106
11490,84095352,日富實業有限公司,臺中市南區樹義里福田三街86號1樓,10000000,1061128
11507,84161134,英豪建設有限公司,臺中市北區建興里德化街188號1樓,25000000,1061110
11513,84182406,吉原車業有限公司,臺中市南屯區新庄巷45號,5000000,1061128
11525,84218116,祥誌工業有限公司,臺中市北屯區松竹路二段86巷2號,8000000,1061124
11527,84222723,宗億發股份有限公司,臺中市梧棲區永寧里1鄰永興路一段266巷3號1樓,3350000,1061102
11567,84374903,承明塑膠工業股份有限公司,臺中市豐原區鎌村里鎌村路39巷108弄29號,5000000,1061122
11570,84383086,大力卜股份有限公司,臺中市神岡區社口里中山路928號,375437800,1061102
11573,84388511,天才實業開發股份有限公司,臺中市西區臺灣大道一段726號4樓之5,60000000,1061103
11583,84431600,遠利電鍍工業股份有限公司,臺中市太平區東平路741巷2弄3號,2000000,1061123
11584,84431637,博承有限公司,臺中市西區昇平里向上路一段219號4樓之12,3000000,1061117
11587,84433754,愛烙達股份有限公司,臺中市西屯區協和里工業區32路68號,66244240,1061102
11591,84442769,大買家股份有限公司,臺中市西區大隆路20號14樓之8,1700000000,1061103
11593,84448551,永泰通運有限公司,臺中市外埔區鐵山里長生路17號1樓,25000000,1061127
11616,84509965,彩億鋼鋁業有限公司,臺中市西屯區廣福里廣福路352巷76號,24000000,1061122
11618,84521525,金泗寶工業股份有限公司,臺中市大里區樹王里東興路324號,2000000,1061120
11619,84522290,權億工程股份有限公司,臺中市北區中清路一段372號3樓,100000000,1061106
11625,84540157,定懋營造有限公司,臺中市西區朝陽街59之1號1樓,3000000,1061115
11629,84551409,潭陽工程有限公司,臺中市潭子區潭陽里福潭路469號,2000000,1061116
11630,84552152,安美謙德環保股份有限公司,臺中市西屯區協和里工業區三十八路210號7樓之1,38741050,1061123
11637,84568372,人信泰股份有限公司,臺中市大雅區三合里龍善街48號,62220000,1061116
11647,84604692,興地企業有限公司,臺中市大雅區二和里雅潭路四段600巷55弄11號1樓,3000000,1061116
11653,84626534,綸美建設股份有限公司,臺中市外埔區三崁里甲后路三段411號1樓,7860000,1061123
11661,84648592,銨國實業有限公司,臺中市大里區仁化里工業十一路138號2樓,15000000,1061121
11665,84660785,新鎮五金興業有限公司,臺中市神岡區庄前里庄前路43號,2000000,1061128
11667,84661068,福崧實業股份有限公司,臺中市西屯區府會園道169號5樓之1,25000000,1061102
11668,84662904,天地休閒育樂設施顧問股份有限公司,臺中市西屯區台中港路三段164巷38弄74號1樓,30000000,1061106
11674,84683979,一聖文化事業有限公司,臺中市南屯區大業里大業路205號1樓,1000000,1061121
11710,84793841,向陽營造工程有限公司,臺中市西屯區福安里福裕路175號1樓,28000000,1061122
11715,84809230,鼎旺營造股份有限公司,臺中市西屯區文心路三段219號5樓之1,50000000,1061107
11716,84809359,福梓機械有限公司,臺中市大安區南埔里甲六路81巷68號,1000000,1061103
11717,84812283,明靜清潔打腊有限公司,臺中市西屯區大祥街13號16樓之2,1000000,1061128
11719,84815182,凱辰企業有限公司,臺中市南區忠明南路760號20樓,5000000,1061102
11721,84820642,豪星工業有限公司,臺中市烏日區光明里五光路805巷9號,34300000,1061122
11725,84836715,震合木業股份有限公司,臺中市后里區后里里三豐路四段352巷46號,12000000,1061101
11728,84847473,倍斯特醫藥生物科技股份有限公司,臺中市北屯區崇德路二段51號3樓之3、之5,15000000,1061114
11737,84869784,勁越精密股份有限公司,臺中市梧棲區永安里向上路九段465巷36號,45000000,1061121
11746,84887734,建律股份有限公司,臺中市西屯區朝富路213號20樓之8,5000000,1061106
11773,84968573,兆筌有限公司,臺中市南屯區同心里大墩二街216號1樓,5000000,1061113
11775,84968784,保益來交通有限公司,臺中市龍井區龍西里茄投路147號,29800000,1061103
11780,84977539,萬鑫通訊工程有限公司,臺中市大甲區孟春里經國路1798號1樓,1000000,1061108
11829,86097138,上川事業股份有限公司,臺中市大安區中山北路67號,5000000,1061103
11834,86115086,圓商企業有限公司,臺中市西屯區西墩里黎明路三段562號1樓,3500000,1061124
11853,86184323,心象室內裝修設計股份有限公司,臺中市西區公民里自治街118號1樓,6000000,1061102
11856,86195638,一點紅印刷有限公司,臺中市西屯區何安里2鄰四川路65號,1000000,1061123
11858,86196587,裕毛屋建設有限公司,臺中市東勢區粵寧里東蘭路11號1樓,25000000,1061109
11867,86217886,玖昕企業有限公司,臺中市豐原區豐西里中正路454號,1000000,1061117
11870,86222570,躍復企業有限公司,臺中市太平區精美路166巷12號,1000000,1061103
11875,86238215,顥泰工業股份有限公司,臺中市大里區工業十一路109號,5000000,1061113
11877,86242055,啟佐工業有限公司,臺中市太平區長億里太平一街127號1樓,3500000,1061106
11878,86242463,顥記實業股份有限公司,臺中市北屯區和平里和祥六街119號,5000000,1061114
11881,86253138,泰聖營造股份有限公司,臺中市西區和龍里西屯路一段106號1樓,10000000,1061106
11900,86335928,声林企業有限公司,臺中市豐原區豐田里田心路二段267中巷52弄4號,10000000,1061117
11901,86340274,中廣徵信有限公司,臺中市北屯區文心路四段955號14樓之2,3600000,1061124
11902,86347924,正鍠不銹鋼股份有限公司,臺中市西屯區工業區36路43號,10000000,1061101
11921,86407886,睦昇營造股份有限公司,臺中市南屯區田心里南屯路二段290號10樓之1,100000000,1061103
11924,86413923,巨立實業股份有限公司,臺中市大里區東興里東明路436巷10號1樓,120000000,1061123
11925,86416576,大境企業有限公司,臺中市西區公平里精忠街60號1樓,3000000,1061109
11928,86421135,偉聖興企業有限公司,臺中市中區臺灣大道一段501號6樓之7,13000000,1061107
11930,86428783,正茂科技有限公司,臺中市西屯區何源里河南東三街20號,2000000,1061109
11956,86493469,環麒國際有限公司,臺中市西區臺灣大道二段101號11樓,17000000,1061108
11970,86524738,生產力房屋仲介事業股份有限公司,臺中市南屯區惠中里文心路1段306號地下1層之2,10000000,1061127
11972,86540603,海蔦輪業有限公司,臺中市北屯區北屯路236之6號,3000000,1061102
11977,86567052,鑫園建設股份有限公司,臺中市北區館前路19號6樓之2,30000000,1061103
11980,86573982,魁源金屬有限公司,臺中市潭子區福仁里福貴路115號,4850000,1061123
11981,86575187,汎瑋企業股份有限公司,臺中市西屯區工業區42路9號,40000000,1061122
11990,86606702,智堂金屬股份有限公司,臺中市南區樹義里福田二街268巷29號1樓,5600000,1061107
11995,86612486,源豐小客車租賃有限公司,臺中市北屯區新平里經貿三路二段99號1樓,10000000,1061123
11997,86616011,惠傑工業股份有限公司,臺中市豐原區鎌村里鎌村路271巷79號,28500000,1061123
12001,86625412,冠邦公寓大廈管理維護有限公司,臺中市西區五權西六街165巷2號1樓,10000000,1061120
12002,86626860,中華客家土樓開發股份有限公司,臺中市和平區南勢里東關路三段3之9號,11200000,1061110
12003,86627349,三本工具實業股份有限公司,臺中市大里區大元里大衛路18巷5號,5100000,1061124
12036,86753680,昶欣顧問有限公司,臺中市大里區祥興里大智路565巷15號1樓,1000000,1061108
12041,86778964,凱大工程有限公司,臺中市大雅區四德里神林南路537號2樓,6000000,1061114
12047,86793579,藍氏水電工程有限公司,臺中市潭子區嘉仁里福潭路660巷19弄16號1樓,5000000,1061123
12049,86807335,良泰企業有限公司,臺中市南屯區豐樂里文心南五路一段260巷10弄36號1樓,18000000,1061123
12050,86808453,金聯安紙業股份有限公司,臺中市北區德化街468號1樓,12000000,1061128
12054,86822173,通業技研股份有限公司,臺中市西屯區何源里重慶路343號,82800000,1061122
12058,86835748,嘉泰化學工業股份有限公司,臺中市西屯區協和里工業區41路28號1樓,80000000,1061124
12061,86840003,德群有限公司,臺中市西區大全街154巷26號2樓,5000000,1061116
12082,86918070,寓莊建設股份有限公司,臺中市西區和龍里西屯路1段106號2樓,15000000,1061123
12084,86923329,高達汽車股份有限公司,臺中市南區樹義里復興路一段329號,497705000,1061108
12090,86933071,朝嘉興業股份有限公司,臺中市太平區工業十五路19號,100000000,1061112
12093,86935198,萬友安工程有限公司,臺中市西屯區何厝里四川路182號1樓,2000000,1061120
12094,86938890,凱喬工程有限公司,臺中市大雅區四德里神林南路537號1樓,6000000,1061113
12102,86964377,翔勇實業有限公司,臺中市烏日區公園路736巷25弄26號,5000000,1061128
12125,89211372,耕笠工程有限公司,臺中市南屯區南屯里黎明路ㄧ段965巷50號1樓,6000000,1061106
12130,89226115,泰銓營造有限公司,臺中市西區精誠21街46號2樓之1,22500000,1061122
12131,89227769,勝群科技有限公司,臺中市北區忠明路424號7樓之3,5000000,1061122
12134,89231644,豪情企業有限公司,臺中市西區三民西路17號11樓之2,3000000,1061122
12149,89301325,明揚廣告設計有限公司,臺中市南區忠明南路787號40樓,500000,1061115
12150,89304189,建億水電工程有限公司,臺中市南屯區豐樂里永春東三路301巷18號1樓,10000000,1061120
12156,89323539,華聖生命科學有限公司,臺中市北屯區水景里景和街398號13樓之3,2000000,1061129
12157,89323849,林朋科技股份有限公司,臺中市大甲區日南里東二街22號,360000000,1061102
12161,89358213,梁祝影視傳播有限公司,臺中市中區大墩里三民路二段46號8樓之1,5000000,1061114
12166,89374380,台灣維順工業股份有限公司,臺中市南屯區工業區25路6號,117000000,1061110
12167,89374754,澄翔工業股份有限公司,臺中市潭子區潭秀里潭富路一段165號,15000000,1061127
12168,89379651,祥照工業股份有限公司,臺中市神岡區岸裡里大富路125號1樓,5000000,1061107
12172,89382425,和嵩金屬建材有限公司,臺中市西屯區國安一路51之8號13樓之3,50000000,1061103
12212,89512715,捷翔水電工程有限公司,臺中市南區樹德里德富路122號1樓,50000000,1061106
12214,89514586,嘉典工業股份有限公司,臺中市神岡區成功路23號,23000000,1061120
12215,89516846,展成精密工業有限公司,臺中市東區大興街89號1樓,12000000,1061129
12221,89525319,東炬國際股份有限公司,臺中市大雅區中清路三段709號2樓,28000000,1061107
12230,89545808,奇屋有限公司,臺中市梧棲區下寮里文化路二段372號,3000000,1061120
12236,89572776,高豐益工業股份有限公司,臺中市南屯區工業區22路51號,10000000,1061124
12258,89647782,麗巨機械工業股份有限公司,臺中市太平區太平里永豐路97號,5000000,1061115
12259,89649509,新怡通運有限公司,臺中市龍井區南寮里中沙路南寮巷21弄29號1樓,70000000,1061116
12260,89652026,佶永峰有限公司,臺中市南區樹義一街３２號１樓,5000000,1061122
12272,89688018,望春風廣播股份有限公司,臺中市南區忠明南路789號38樓之1,19900000,1061102
12274,89693188,佳德水電工程有限公司,臺中市西屯區惠來里臺灣大道三段306巷28弄6號1樓,3000000,1061128
12282,89728150,宗聖營造有限公司,臺中市南屯區溝墘里大正街93號,3000000,1061115
12297,89772438,龍門開運實業有限公司,臺中市北屯區軍功里東山路一段220巷41弄8號,500000,1061121
12305,89797873,衛南企業股份有限公司,臺中市中區大誠里中正路271號6樓之1,10000000,1061128
12316,89822319,京固國際通商有限公司,臺中市西屯區市政北七路186號13樓之5,5000000,1061127
12321,89834461,活全機器股份有限公司,臺中市霧峰區五福路798號,66000000,1061122
12328,89850068,佳禾真空包裝廠有限公司,臺中市大里區大里里大里路455巷11號1樓,2000000,1061109
12329,89852880,佑松營造股份有限公司,臺中市東區東英五街62-2號2樓,70000000,1061114
12330,89855090,佑崧建設股份有限公司,臺中市東區東信里東英五街62號1樓,35000000,1061114
12334,89867510,先谷企業有限公司,臺中市太平區頭汴里長龍路二段17號1樓,2000000,1061101
12335,89873409,友倫工業股份有限公司,臺中市大甲區日南里青年路121號,75000000,1061108
12337,89883259,世郁股份有限公司,臺中市神岡區社南里中山路851巷35弄30號,11000000,1061117
12339,89898859,言瑞實業有限公司,臺中市西屯區何源里華美西街二段311號10樓,80000000,1061108
12341,89905937,永興工程顧問有限公司,臺中市大里區新興路153號1樓,6000000,1061127
12345,89944657,鉅泉實業有限公司,臺中市神岡區中山路989巷1之2號,3000000,1061109
12360,89983095,德璽實業股份有限公司,臺中市南屯區大同里東興路二段186號10樓之6,26000000,1061129
12361,89987276,昇意營造有限公司,臺中市東勢區文新街123號,3000000,1061108
12390,96877247,永磊實業有限公司,臺中市南區永興里工學一街180號,3000000,1061122
12391,96880600,易虹企業有限公司,臺中市北區建成里富強街94巷12號1樓,1000000,1061129
12399,96906691,錦墩企業有限公司,臺中市烏日區五光路復光3巷38號,1000000,1061120
12402,96911110,聯生生技股份有限公司,臺中市西屯區大河里甘河路91號2樓,13000000,1061116
12408,96916327,豐全工程股份有限公司,臺中市西屯區中工三路89之2號,25000000,1061122
12410,96916776,飛浦實業股份有限公司,臺中市太平區太平里永豐路195巷17號,20000000,1061124
12442,96985127,銘信網路科技有限公司,臺中市神岡區社口里中山路816巷104號,5000000,1061115
12449,96996341,揚銘有限公司,臺中市西區向上路一段420號1樓,1000000,1061120
12450,97001666,宏產有限公司,臺中市北區中湖里太平路167之1號一樓,500000,1061127
12463,97039831,金礦山工業有限公司,臺中市南屯區黎明里干城街196巷28號1樓,3000000,1061115
12465,97043997,居安科技國際有限公司,臺中市南區長春里正義街43號5樓之1,9000000,1061103
12470,97060432,奕傑電子股份有限公司,臺中市大里區仁化里工業十路2號2樓,42698350,1061123
12472,97062348,祥豪資訊股份有限公司,臺中市西屯區大墩十九街156號2樓,55000000,1061112
12525,97167201,台灣岡畑股份有限公司,臺中市北屯區文心路四段696號11樓之1,5000000,1061124
12535,97187683,台灣金利嘉金屬工業有限公司,臺中市太平區永成里永成北路66巷41號,5000000,1061124
12536,97189795,合成通運有限公司,臺中市梧棲區頂寮里八德路82巷5號,25000000,1061116
12542,97209075,上立事業有限公司,臺中市大肚區王田里王福街3巷53弄10號1樓,1000000,1061102
12549,97229425,鑫利隆實業有限公司,臺中市神岡區庄前路41之7號,5000000,1061102
12550,97230719,日恒營建有限公司,臺中市西區忠明里台中港路一段302號12樓之1,28000000,1061124
12569,97279120,達柏企業有限公司,臺中市東區東門里東光園路86巷96號1樓,5000000,1061129
12602,97362627,金荃有限公司,臺中市神岡區社南里中山路837號1樓,5000000,1061129
12615,97390855,良峻工業股份有限公司,臺中市西屯區工業區36路49號,29000000,1061120
12617,97392798,國際智家整合設計有限公司,臺中市西屯區惠來里巿政北一路77號6樓之10,2000000,1061123
12620,97397800,釋儒勝有限公司,臺中市豐原區豐南街2號8樓,39000000,1061108
12622,97402536,昶富國際實業股份有限公司,臺中市北屯區平安里文心路四段698號7樓之1,15000000,1061116
12628,97424171,保驊實業有限公司,臺中市大里區新芳路191巷8號1樓,5000000,1061115
12653,97484558,寶正營造有限公司,臺中市北屯區松茂里松山街160號5樓之1,6000000,1061109
12657,97490897,宏成裕實業有限公司,臺中市烏日區五光路535之6號1樓,5000000,1061128
12660,97491848,濬鋐營造股份有限公司,臺中市潭子區得天南街69號1樓,10000000,1061103
12662,97496174,翔元自動化機械有限公司,臺中市神岡區三角里中興路123巷36號,57000000,1061127
12665,97507784,坤隆行實業股份有限公司,臺中市大里區工業十四路38號,60000000,1061116
12666,97522146,隆昌印刷電路股份有限公司,臺中市太平區永平路三段132巷26號,21500000,1061114
12667,97538793,正韋企業有限公司,臺中市東區長福路351號1樓,10000000,1061109
12668,97566517,惠弘塑膠股份有限公司,臺中市太平區中興東路244號1樓,20832000,1061124
12669,97580285,達進交通股份有限公司,臺中市大雅區二和里雅潭路四段576巷33號,26600000,1061112
12671,97591311,七福水電工程有限公司,臺中市太平區中政里中興路175號,2000000,1061123
12672,97751463,至笙企業股份有限公司,臺中市太平區永平路二段476巷75號1樓,72000000,1061109
