序號,統一編號,公司名稱,公司所在地,資本額,核准變更日期
8,00701740,嘉揚通運股份有限公司,臺中市梧棲區信義街60巷9號,10000000,1081210
36,02949178,冠舟企業有限公司,臺中市北屯區松茂里松竹路二段105號1樓,5000000,1081210
87,04403862,鴻元生技股份有限公司,臺中市北屯區平安里13鄰崇德路二段128號6樓之2,220500000,1081210
100,04532774,一菖企業有限公司,臺中市大雅區橫山里中山一路35巷16弄8號2樓,6280000,1081216
167,05382962,鴻成包裝材料有限公司,臺中市北屯區后庄路856號1樓,3000000,1081203
168,05385905,建堡營造有限公司,臺中市北區賴村里梅亭街460號,93300000,1081223
173,05592003,翰坤五金機械有限公司,臺中市東區六順路22號2樓,20000000,1081230
174,05698174,味榮食品工業股份有限公司,臺中市豐原區三村里西勢路701號,29500000,1081209
176,05753886,証平塑膠廠股份有限公司,臺中市豐原區豐勢路2段184巷13號,10800000,1081225
180,06033226,玉智電子企業有限公司,臺中市大里區大元里國光路一段61號,5000000,1081225
321,12392142,世意股份有限公司,臺中市西區大隆路20號10樓之5,7000000,1081218
353,12610386,磊技科技股份有限公司,臺中市北屯區北興里南京東路三段63號1樓,5000000,1081210
354,12610800,御廚皇事業股份有限公司,臺中市西屯區福林里臺灣大道四段1230巷20之5號2樓之2,10000000,1081226
356,12613124,怡利機電工業有限公司,臺中市太平區太平里新仁路一段44巷8弄50號,6000000,1081210
370,12633445,官田建設有限公司,臺中市西屯區福星路427號3樓,80000000,1081205
373,12637462,強盛興企業股份有限公司,臺中市西屯區何源里成都路280號1樓,35500000,1081227
376,12641037,海量數位工程股份有限公司,臺中市西屯區朝富路213號17樓之8,300000000,1081213
379,12646602,中揚汽車股份有限公司,臺中市北屯區大連西路35號1樓,20000000,1081210
380,12646666,禾岦廣告事業有限公司,臺中市北屯區國校巷59號1樓,3000000,1081223
406,12683198,台灣比菲多醱酵股份有限公司,臺中市西屯區潮洋里市政北二路282號29樓,437000000,1081211
429,12706538,泰泓企業有限公司,臺中市大雅區三和里建興路112巷68號,500000,1081204
431,12712601,薪豐豐業有限公司,臺中市清水區東山里和睦路一段1005巷128弄68號,104000000,1081209
437,12717583,奕成工業有限公司,臺中市南區樹義里樹義二街2號1樓,5000000,1081224
439,12718372,家裡蹲創意印刷股份有限公司,臺中市西屯區大河街8號4樓,50000000,1081204
442,12723902,鈺工坊有限公司,臺中市龍井區龍泉里龍社路22巷2弄9號,1000000,1081225
443,12726719,欣恆陽股份有限公司,臺中市大雅區員林里大林路322巷17之1號,25000000,1081225
445,12730426,長霖公寓大廈管理維護有限公司,臺中市東區東門里東福一街21巷2號1樓,10000000,1081205
455,12744929,鼎馬實業有限公司,臺中市神岡區神岡路201之1號,8500000,1081226
456,12745271,竑穗興業股份有限公司,臺中市西區英才路530號10樓之5,284100000,1081213
457,12746686,笠碁營造有限公司,臺中市北區博館路80-2號(3樓),8000000,1081212
467,12752363,侑成營造有限公司,臺中市大里區內新里益民路一段209巷41弄9號1樓,12000000,1081209
471,12771468,冠程文教用品有限公司,臺中市沙鹿區六路里平等路125號1樓,6000000,1081203
473,12774042,永豐華燁有限公司,臺中市西屯區漢口路二段121號18樓,2000000,1081227
476,12776359,安全動力股份有限公司,臺中市西區五權西路一段237號六樓之2,15200000,1081202
477,12777322,巨剛國際有限公司,臺中市東區東信里東英二街149號,1000000,1081223
478,12780635,樹德企業股份有限公司,臺中市南屯區向上路二段330之6號1樓,243257730,1081220
491,12800908,聯勝光電股份有限公司,臺中市西屯區科園三路8號,582493400,1081231
493,12806451,聖銓工程有限公司,臺中市北區賴厝里永興街315巷8號1樓,5000000,1081211
494,12809507,如亞利國際股份有限公司,臺中市烏日區螺潭里溪南路2段270巷78號,4000000,1081217
495,12810265,聯昶機電有限公司,臺中市南區五權南路189號1樓,2500000,1081202
500,12813592,暉鼎資源管理股份有限公司,臺中市烏日區九德里長春街373巷69號,20000000,1081218
506,12817350,勛誠財稅顧問有限公司,臺中市北區明新里漢陽街140之4號5樓,12500000,1081212
509,12819218,名陞營造有限公司,臺中市東勢區豐勢路2之1號6樓,3600000,1081212
519,12831374,富臣能源股份有限公司,臺中市南區國光里仁和路230號1樓,10000000,1081213
520,12832063,益成企管顧問有限公司,臺中市豐原區豐原里東北街47號1樓,500000,1081212
523,12838762,志璟實業有限公司,臺中市北區頂厝里永興街298巷1弄8號1樓,600000,1081218
525,12839988,吉徑科技有限公司,臺中市后里區民生路486號,15500000,1081226
529,12842077,崧峻鋼鐵企業有限公司,臺中市東區十甲東路95巷14號1樓,10000000,1081217
530,12843385,由新貿易有限公司,臺中市豐原區田心里育仁路114巷6號,1000000,1081203
535,12846469,昱光輪胎有限公司,臺中市大肚區王田里興和路188巷22號1樓,11000000,1081213
538,12848419,鹿寮興股份有限公司,臺中市沙鹿區北勢里北勢東路696巷26號1樓,1000000,1081211
540,12849830,阿官有限公司,臺中市西區大隆路2號3樓,5000000,1081223
542,12854740,金鼎聯合科技纖維股份有限公司,臺中市豐原區東北街195號,208269870,1081203
566,12892147,東方聯運有限公司,臺中市西屯區至善里逢甲路338巷2號2樓,4500000,1081219
571,12898748,金盛元興業股份有限公司,臺中市大雅區六寶里中清路四段756號,100000000,1081206
572,12898753,品致企業有限公司,臺中市大里區健民里仁化工十六路50號,20000000,1081204
578,12903881,嘉洋營造有限公司,臺中市南屯區永定里五權西路二段803號6樓之3,30000000,1081218
579,12905874,安聯消防工程有限公司,臺中市西屯區大河里福上巷197弄26號1樓,1000000,1081204
582,12908324,宸贊精密有限公司,臺中市大里區仁福一街25號1樓,5000000,1081227
585,12913924,魔土文化事業股份有限公司,臺中市北區德化街629號1樓,1000000,1081213
589,12917148,森茂高科技股份有限公司,臺中市太平區新光里振昌街45號1樓,3000000,1081212
598,12930108,日強投資股份有限公司,臺中市南區建成路1591號1樓,165088950,1081230
612,12949649,偉至先進科技股份有限公司,臺中市西屯區臺灣大道三段660號10樓之2,8550000,1081213
625,12972628,鼎耀整合顧問股份有限公司,臺中市北屯區祥順路二段503號,10000000,1081216
631,12981014,玩偶的家實業股份有限公司,臺中市豐原區西湳里葫蘆墩一街309號,10000000,1081212
635,12983189,普頓數位科技有限公司,臺中市潭子區興華二路60號,49128000,1081226
636,12983462,台灣茶師傅企業有限公司,臺中市中區臺灣大道一段217號1樓,5000000,1081219
649,13002966,金軒金銀珠寶有限公司,臺中市北區賴旺里中清路一段810號1樓,500000,1081210
651,13003199,國聯股份有限公司,臺中市西區忠誠里臺灣大道二段536號5樓之3,30000000,1081212
659,13009095,通盤企業有限公司,臺中市北屯區平田里遼寧路一段38號,2000000,1081205
663,13010543,鑫茂機械工業股份有限公司,臺中市大里區健民里鳳凰路164巷42弄32號,95000000,1081203
670,13017460,安士達科技股份有限公司,臺中市西屯區西屯路二段259之3號7樓之12,1000000,1081202
672,13021324,費若互動媒體有限公司,臺中市南區和平里忠明南路760號21樓,600000,1081216
687,13047231,春田營建股份有限公司,臺中市南屯區文心路一段292號4樓,20000000,1081210
689,13052070,清新國際股份有限公司,臺中市烏日區學田里2鄰溫泉路2號,240000000,1081226
690,13052402,巨曜科技股份有限公司,臺中市西屯區寧夏東四街20號2樓,1000000,1081219
698,13067019,正安保全股份有限公司,臺中市北區健行路375之5號6樓,40000000,1081223
702,13070886,欣陽程宇工程股份有限公司,臺中市大雅區信和路8之8號,10000000,1081218
704,13073342,御境物業管理顧問股份有限公司,臺中市北屯區平昌里文心路四段934號3樓之2,10000000,1081226
710,13078796,旭邦醫療器材股份有限公司,臺中市后里區后里里泉州路4之30巷12號,52000000,1081220
757,13145057,殷榮實業股份有限公司,臺中市北區漢口路四段367號6樓,20000000,1081219
817,16001808,永慶實業股份有限公司,臺中市北區中清路一段629號2樓,51100000,1081219
818,16003003,元駿國際有限公司,臺中市西屯區協和里工業區34路40號,50000000,1081204
824,16007818,祥妤有限公司,臺中市北區大湖里精武路446號1樓,1000000,1081227
836,16035877,萬泰文具有限公司,臺中市西屯區上石里智惠街146號2樓,2000000,1081218
840,16044855,傑群國際股份有限公司,臺中市豐原區翁社里豐年路109巷103之2號,25000000,1081220
855,16070775,億捷燈飾有限公司,臺中市北屯區平安里文心路四段758號3樓,2000000,1081219
857,16072417,台灣懷霖工業股份有限公司,臺中市西屯區科園二路20號,298800000,1081220
858,16072916,易昶機械實業有限公司,臺中市豐原區西湳里三豐路二段57巷56弄3號,8000000,1081231
860,16075842,伍真有限公司,臺中市太平區太平十五街13巷15號1樓,5000000,1081226
869,16090365,大采投資實業股份有限公司,臺中市北區太原北路130號4樓之3,600000000,1081209
920,16193284,詮美珠寶股份有限公司,臺中市中區大墩里三民路二段62號,25000000,1081231
921,16193812,長鴻汽車旅館股份有限公司,臺中市西屯區惠來里市政北二路51號1至2樓,5850000,1081213
923,16195620,福倉輪業有限公司,臺中市豐原區社皮里西勢六街65號,4000000,1081209
926,16199386,易鑫醫管股份有限公司,臺中市北區中清路一段407號4樓,61000000,1081230
931,16208907,豐邨建設股份有限公司,臺中市后里區墩南里三豐路三段699號2樓,10000000,1081203
932,16209589,嘉里醫藥物流股份有限公司,臺中市烏日區高鐵一路299號,100000000,1081213
935,16211579,長叡工程有限公司,臺中市南區崇倫里崇倫街177號2樓,5000000,1081211
941,16224786,昱盈營造股份有限公司,臺中市大里區東榮路441號1樓,10000000,1081212
948,16242790,鉦邑機械鈑金股份有限公司,臺中市神岡區豐洲里東洲路3之41號3樓,15000000,1081210
951,16247009,大讚資訊系統有限公司,臺中市南屯區大同里東興路一段553號1樓,2000000,1081209
956,16257574,吉利高股份有限公司,臺中市南屯區文山里工業區１８路８號,138000000,1081223
959,16261352,偉隆水電工程有限公司,臺中市南屯區鎮平里黎明路一段759號,1000000,1081227
961,16263175,網曜管理顧問有限公司,臺中市西屯區上安里臺灣大道三段528號6樓,10000000,1081220
970,16273477,碧芮國際事業股份有限公司,臺中市西屯區西平里至善路234巷10號1樓,49560000,1081223
972,16276159,百事成開發實業有限公司,臺中市中區中山里綠川東街32號12樓之14,5000000,1081219
1008,16332027,健豪印刷事業股份有限公司,臺中市西區大忠里忠明南路230號,543211000,1081218
1010,16333291,松鶴建材有限公司,臺中市烏日區溪南路二段68巷368弄156號1樓,3500000,1081211
1011,16333763,百合投資股份有限公司,臺中市南屯區工業區25路20號1樓,198000000,1081224
1018,16341118,萬磊股份有限公司,臺中市沙鹿區三鹿里自立路198巷58號一樓,4500000,1081206
1025,16352037,晟陽股份有限公司,臺中市西屯區工業區36路8號,20000000,1081204
1026,16355800,祐綸實業有限公司,臺中市后里區廣福里三豐路三段726巷50號,5500000,1081204
1033,16368328,永佶室內裝修工程有限公司,臺中市西屯區逢福里惠來路三段210號1、2樓,1000000,1081205
1035,16374216,港洲投資股份有限公司,臺中市沙鹿區四平街53之1號1樓,15000000,1081218
1040,16376896,亞洲國際工程股份有限公司,臺中市南屯區同心里文心路一段186號18樓之7,500000,1081220
1041,16381238,鼎三營造有限公司,臺中市神岡區和睦路一段130巷3號1樓,10000000,1081219
1046,16387660,忠合成實業股份有限公司,臺中市大肚區社腳里沙田路一段854巷67之23號,293000000,1081227
1049,16392967,雅松森室內裝潢有限公司,臺中市西屯區福雅里永福路128號3樓之2,500000,1081202
1050,16393163,特昌企業有限公司,臺中市太平區大興里大興路242號1樓,500000,1081223
1052,16395388,德光建設股份有限公司,臺中市沙鹿區鹿寮里光華路308號3樓,50000000,1081230
1054,16398218,中都建築物公共安全檢查有限公司,臺中市大里區國光路二段500號4樓之6,5000000,1081204
1061,16407981,東益報關股份有限公司,臺中市梧棲區四維中路157巷1號3樓,5000000,1081211
1064,16422630,帕帕咪歐有限公司,臺中市西區存中街24號1、2樓,1000000,1081231
1066,16425398,煜益鋁業股份有限公司,臺中市龍井區忠和里海尾路278巷9號,301190400,1081205
1068,16430337,大安聯合股份有限公司,臺中市南屯區同心里文心路一段218號11樓之1,40000000,1081217
1090,16485509,山立投資興業股份有限公司,臺中市北屯區平安里崇德路二段128號5樓之5,100000000,1081202
1096,16497646,展群文化事業有限公司,臺中市西屯區至善路82巷42號1樓,1000000,1081213
1104,16507481,崧鈜精密工業有限公司,臺中市豐原區翁子里豐勢路二段535巷37弄6號,1000000,1081203
1106,16514877,興億宏實業有限公司,臺中市沙鹿區清泉里清泉路37之4號,500000,1081209
1107,16517468,優聚力企業股份有限公司,臺中市大里區西湖里西湖路219巷39號,11950000,1081203
1109,16521998,淳梓股份有限公司,臺中市太平區興隆里光興路1352巷37號,16600000,1081213
1116,16539913,大聖紙業有限公司,臺中市新社區新社里中和街四段272巷3號1樓,11000000,1081216
1128,16552181,伍廷紙業股份有限公司,臺中市西屯區林厝里安林路35之16巷28號1樓,18000000,1081220
1130,16553174,三佳電腦有限公司,臺中市北區健行里德化街678之2號1樓,8500000,1081230
1183,16631019,采發投資股份有限公司,臺中市北區太原北路130號4樓之3,600000000,1081226
1194,16650508,獻輝投資有限公司,臺中市烏日區榮泉里三榮十二路39號12樓之5,5000000,1081226
1203,16669632,川濟室內裝修設計工程有限公司,臺中市南屯區益豐路三段327號,20000000,1081212
1206,16672072,保富生物科技股份有限公司,臺中市南區忠明南路1290號2樓,70000000,1081213
1207,16673636,三新甲有限公司,臺中市龍井區台西南路256巷32弄1號,3000000,1081230
1209,16676964,金鴻程工程有限公司,臺中市北區健行里忠太東路58之1號1樓,10000000,1081203
1213,16682403,宗晟有限公司,臺中市豐原區北陽里北陽路8號2樓,5000000,1081203
1214,16685942,上大嘉實業股份有限公司,臺中市梧棲區永安里向上路九段466巷23號,168000000,1081213
1220,16696011,茂欣投資股份有限公司,臺中市北屯區文心路三段447號17樓,40000000,1081225
1222,16699570,昕榮工業股份有限公司,臺中市霧峰區五福西路102號,5000000,1081211
1241,16748854,台昇國際股份有限公司,臺中市北區文心路四段200號13樓之2,36000000,1081217
1245,16755215,桃花源股份有限公司,臺中市西屯區潮洋里市政北二路282號29樓,10000000,1081211
1297,16854334,成銳機械有限公司,臺中市烏日區中山路三段登寺巷170號,1000000,1081206
1304,16859387,三頡有限公司,臺中市大里區景庄街171巷9號1樓,15000000,1081203
1313,16880229,輝智製冰有限公司,臺中市大雅區二和里雅潭路四段402號1樓,5000000,1081212
1315,16885104,喬崴進科技股份有限公司,臺中市太平區工業十七路43號,480350000,1081206
1316,16887692,精利投資股份有限公司,臺中市西區台灣大道二段482巷39號4樓,77914000,1081204
1318,16892528,德信發企業股份有限公司,臺中市西屯區潮洋里市政北二路282號28樓之5,20000000,1081218
1320,16894573,華德國際實業有限公司,臺中市大雅區民生路四段286巷29之5號1樓,5000000,1081230
1325,16906234,勇信企業股份有限公司,臺中市烏日區五光路679巷84弄20號,13900000,1081224
1331,16917077,一成禮儀有限公司,臺中市中區大墩里三民路二段17巷4號1樓,1500000,1081224
1333,16920897,纋祥有限公司,臺中市烏日區榮泉里三榮十二路39號12樓之5,2000000,1081210
1335,16926891,世喬室內裝修實業有限公司,臺中市西區市府路39號5樓之1,1000000,1081216
1337,16935364,佳遠通運有限公司,臺中市烏日區新興路93號1樓,25000000,1081211
1344,16943420,鴻勁科技股份有限公司,臺中市大雅區中清路三段758巷7號,215866160,1081217
1345,16945974,精倫鋼鐵有限公司,臺中市東區十甲東路95巷7號1樓,5000000,1081218
1352,16964698,瀚鑫投資股份有限公司,臺中市南屯區工業區21路29號1樓,10000000,1081205
1354,16967323,長弘欣企業有限公司,臺中市潭子區大豐路二段143號1樓,5000000,1081230
1367,16984961,錦有企業有限公司,臺中市西區太原路一段184之6號1樓,50000000,1081230
1370,16992239,金戶春營造工程有限公司,臺中市西區公正里大進街159號8樓之6,3600000,1081212
1373,16997873,高堤兒企業有限公司,臺中市清水區槺榔里港新三路22號5樓之5,3000000,1081213
1374,16998022,世文營造有限公司,臺中市沙鹿區鎮南路一段369巷65號1樓,50000000,1081219
1375,16999388,資鎰實業有限公司,臺中市大雅區雅楓里民生路三段180巷14號1樓,32200000,1081210
1390,20759157,日伸瓦斯股份有限公司,臺中市大雅區大雅里中清東路108號1樓,1000000,1081227
1463,22043377,毅利企業有限公司,臺中市南屯區豐樂里永春東一路696號6樓之2,10000000,1081204
1470,22061249,昶偉精密工業股份有限公司,臺中市大里區大峰路161號,10000000,1081204
1482,22088535,良深工業有限公司,臺中市東區建德街377號,2000000,1081220
1483,22089176,同協製帽工廠有限公司,臺中市清水區國姓里三美路27之21號,15000000,1081220
1492,22102298,福懋油脂股份有限公司,臺中市大肚區沙田路1段453號,2187030510,1081209
1494,22103607,旭生自行車工業股份有限公司,臺中市西屯區潮洋里市政北二路238號26樓之5,64416000,1081210
1501,22113979,耀鋒工業股份有限公司,臺中市神岡區社南里中山路667巷26弄17號,10000000,1081225
1507,22120964,佶興科技股份有限公司,臺中市豐原區南嵩里北陽路339巷20號,4000000,1081223
1509,22129992,廣傑機械工業股份有限公司,臺中市南屯區文山里工業區24路25號,28000000,1081212
1513,22138275,忠星實業股份有限公司,臺中市太平區東平路741巷2弄16號,8400000,1081212
1542,22226896,向宏興業有限公司,臺中市太平區鵬儀路326巷13弄3號,10000000,1081219
1545,22240763,寬泰機械股份有限公司,臺中市烏日區烏日里永春東三南路3號,23000000,1081224
1546,22242967,嶸鑫鐵工廠股份有限公司,臺中市東區東門里旱溪西路一段190巷10號1樓,25000000,1081202
1549,22247338,美葛儂妮化粧品股份有限公司,臺中市太平區新高里樹德八街80巷10號,36000000,1081227
1564,22283734,榮際實業股份有限公司,臺中市新社區協成里興隆街70號,25100000,1081216
1565,22285753,超塑企業股份有限公司,臺中市南區福興里福新街11巷8號,10000000,1081224
1572,22295274,晉得鋼閥股份有限公司,臺中市太平區光興路1485巷1號3樓,64000000,1081226
1573,22296816,詠富特殊鋼球股份有限公司,臺中市霧峰區霧工二路26號,28000000,1081226
1576,22300348,鼎馥紙器股份有限公司,臺中市大甲區太白里通天路145號,3000000,1081227
1578,22311204,正代電腦刺繡有限公司,臺中市后里區墩西里大圳路450號,8000000,1081224
1598,22368064,依聯工業股份有限公司,臺中市后里區太平里四月路32之2號1樓,36000000,1081209
1602,22378675,健溢機械股份有限公司,臺中市后里區墩北里民生路289號1樓,26000000,1081203
1604,22380052,實易股份有限公司,臺中市豐原區南村里水源路283巷31號1樓,28000000,1081219
1607,22384584,慶合企業有限公司,臺中市西屯區潮洋里黎明路2段1032號2樓,17000000,1081219
1612,22390474,邁鑫機械工業股份有限公司,臺中市南屯區精科八路8號,400000000,1081216
1617,22404884,世唯股份有限公司,臺中市太平區宜欣里富宜路80之1號,28000000,1081210
1618,22405981,鈞厚機械工業股份有限公司,臺中市烏日區北里里太明路57號,20000000,1081224
1621,22412250,世邦興業股份有限公司,臺中市大甲區義和里重義二路7號,25000000,1081212
1622,22415545,紀順機電工業股份有限公司,臺中市烏日區北里里太明路成豐巷46之9號,27000000,1081225
1632,22442064,興陽實業股份有限公司,臺中市西屯區工業區十二路7號,72000000,1081227
1648,22483536,品昂企業有限公司,臺中市北區賴旺里中清路一段880巷6弄26號,5000000,1081220
1652,22486702,台中果菜運銷股份有限公司,臺中市西屯區港尾里8鄰中清路二段1558號,3000000,1081220
1662,22505948,呈騏工業股份有限公司,臺中市大肚區頂街里沙田路三段245巷501號,2000000,1081205
1664,22513145,達德資訊企業有限公司,臺中市北屯區同榮里同榮路三六六號一樓,5000000,1081227
1666,22515642,忠明電信股份有限公司,臺中市豐原區北陽里圓環東路488號,29000000,1081230
1668,22516179,必僑工業有限公司,臺中市西屯區福科一街58號24樓之2,12000000,1081211
1671,22519274,仁安資訊科技股份有限公司,臺中市大里區東湖里科技路1號五樓之3,10000000,1081219
1691,22558661,南昌精密工業股份有限公司,臺中市大里區仁化路679號,11400000,1081218
1692,22560391,詠貿塑膠有限公司,臺中市南屯區大英西一街53號1樓,1000000,1081219
1708,22581608,王志實業股份有限公司,臺中市大里區工業路79巷57號,79000000,1081225
1718,22605502,鑫輝工業股份有限公司,臺中市大里區仁美路103號,500000000,1081218
1736,22668175,煌順有限公司,臺中市豐原區東陽里東陽路福德巷53號,3000000,1081205
1737,22670329,豐承實業有限公司,臺中市北屯區東山路一段147巷30弄6號1樓,5000000,1081211
1740,22676246,大德欣工具有限公司,臺中市東區振興路280巷32號,5000000,1081226
1748,22698234,鴻毅特殊鋼股份有限公司,臺中市大里區仁化里工業九路132號,50000000,1081206
1754,22703433,馥勝工業股份有限公司,臺中市烏日區螺潭里溪南路二段257巷61弄20號1樓,29000000,1081217
1755,22704502,大象模具工業股份有限公司,臺中市烏日區前竹里光明路162巷84號,8000000,1081204
1756,22706255,全宇工業股份有限公司,臺中市大里區仁化里工業十四路36號,10000000,1081216
1781,22781508,展辰工業股份有限公司,臺中市大里區仁化里工業十二路21號,10000000,1081202
1783,22789353,揚能碳纖股份有限公司,臺中市神岡區豐洲里豐洲路272號,17355000,1081212
1786,22798466,大永統工業有限公司,臺中市大甲區中山路二段579號,5000000,1081230
1793,22808128,群拓股份有限公司,臺中市大肚區永和里溪洲路266號,7000000,1081224
1800,22822851,中鼎投資股份有限公司,臺中市西區吉龍里五權西二街118巷3號1樓,25000000,1081218
1841,22933272,財進電機股份有限公司,臺中市大甲區朝陽里民生路1號,70000000,1081212
1844,22942167,陳楨企業股份有限公司,臺中市神岡區溪洲里民權路35之4號,15000000,1081218
1861,22974792,寶豐精密事業股份有限公司,臺中市西屯區臺灣大道四段771號9樓,200000000,1081224
1862,22977236,梧濟工業股份有限公司,臺中市南屯區工業20路1號,540800000,1081225
1867,22985138,原鋒工業股份有限公司,臺中市西屯區工業區三十五路62號,20000000,1081220
1868,22985926,豐元企業有限公司,臺中市北屯區平心里安順東九街39號1樓,3000000,1081213
1873,22992481,詔錩工業有限公司,臺中市太平區太平里永豐路205號1樓,3000000,1081226
1875,22992594,商勤實業有限公司,臺中市南屯區春社里建功路270巷66號,5000000,1081205
1876,22993708,禾大工業股份有限公司,臺中市豐原區南嵩里水源路115巷77號,8000000,1081206
1878,22995121,春寰股份有限公司,臺中市東區東光園路216號1樓,30000000,1081230
1883,22999766,洽群機械股份有限公司,臺中市神岡區三角里三社路52巷16號,159000000,1081206
1885,23001895,普發工業股份有限公司,臺中市南屯區文山里精科七路6號,60000000,1081225
1888,23008476,格牌實業有限公司,臺中市南屯區田心里大墩七街239號1樓,1800000,1081204
1899,23060752,台灣摩理都股份有限公司,臺中市潭子區大豐里崇德路五段640號,10000000,1081226
1902,23062631,弘一齒輪工業股份有限公司,臺中市霧峰區吉峰里吉峰路56巷13號1樓,5000000,1081225
1904,23073449,益有機械股份有限公司,臺中市大甲區日南里幼三路6號,96000000,1081219
1905,23073601,華陽加油站實業股份有限公司,臺中市南屯區豐樂里豐昌街32號1樓,20000000,1081202
1913,23087696,松富事務用品股份有限公司,臺中市西屯區逢甲路165號1樓,2000000,1081217
1917,23093114,金鴻盛紙業股份有限公司,臺中市北區德化街468號1樓,25000000,1081211
1919,23096772,揚興通運股份有限公司,臺中市北區忠明路211號6樓之2,35000000,1081219
1921,23101542,科智實業股份有限公司,臺中市南屯區五權西路二段501號3樓,16000000,1081213
1922,23102752,時訊電腦股份有限公司,臺中市西區五權西路一段257號11樓之1,34000000,1081206
1924,23110090,茗泰機械工業股份有限公司,臺中市豐原區田心里大光街5號,12000000,1081230
1932,23121575,大順發企業股份有限公司,臺中市西屯區臺灣大道二段910號13樓之1,397872000,1081216
1954,23198519,杉元實業股份有限公司,臺中市烏日區中山路一段566號1樓,9700000,1081212
1958,23211490,勝昌塗料股份有限公司,臺中市大里區瑞城里中興路一段2巷81弄31號,6000000,1081218
1977,23246857,超王科技股份有限公司,臺中市西屯區協和里工業區33路18號,51870000,1081209
1978,23249860,通泰倉儲有限公司,臺中市梧棲區草湳里自強路55號,2000000,1081220
1979,23250113,綋伸企業有限公司,臺中市大肚區磺溪里文昌路二段123號,6000000,1081225
1982,23257235,祝福加油站股份有限公司,臺中市清水區田寮里高美路96號,16000000,1081218
1983,23258332,芊壬企業有限公司,臺中市大里區立德里華城街74巷9號,5000000,1081205
1985,23261287,天盟實業股份有限公司,臺中市大里區金城里向學路15號,48000000,1081231
1986,23262005,峻園股份有限公司,臺中市西區大業北路21號2樓,20000000,1081224
1988,23265679,力詮興業股份有限公司,臺中市梧棲區永安里港埠路一段147號,10000000,1081210
1990,23271193,立鍵企業股份有限公司,臺中市南區忠明南路1114號地下2樓Ａ,1000000,1081226
1994,23276922,銘謙企業有限公司,臺中市清水區神清路86之12號1樓,13000000,1081216
2020,23360245,福壽新實業股份有限公司,臺中市沙鹿區大同街36之1號,13458000,1081220
2021,23366114,宏海結構科技股份有限公司,臺中市南屯區向心南路746號5樓,12000000,1081224
2022,23367227,椏牛有限公司,臺中市大里區長榮里中興路2段139號1樓,6000000,1081220
2024,23367845,立昂車業股份有限公司,臺中市大甲區江南里東西七路一段20巷7號,10000000,1081211
2025,23370243,仨昌企業有限公司,臺中市龍井區山腳里中山二路一段西巷32號,3000000,1081226
2036,23385338,龍宇機械工廠有限公司,臺中市北屯區軍功路1段346之1號,5000000,1081220
2046,23405849,傑晃股份有限公司,臺中市大里區健民里仁化工十九路21號,51000000,1081227
2053,23422919,騰湘企業有限公司,臺中市南屯區文心路一段218號14樓之2,20000000,1081224
2061,23445434,泓品股份有限公司,臺中市北區臺灣大道二段340號地下層,85000000,1081225
2072,23471880,林鼎實業股份有限公司,臺中市西區臺灣大道二段489號27樓之1,40000000,1081224
2074,23477287,傳家鑫營造事業有限公司,臺中市大里區瑞城里塗城路433巷57-1號1樓,23000000,1081219
2075,23481629,大山塑膠股份有限公司,臺中市大甲區日南里幼五路3號,50000000,1081230
2078,23485527,帝信企業有限公司,臺中市大里區大元里國光路一段159巷11之3號,4000000,1081218
2079,23489571,東耘工業有限公司,臺中市太平區德隆里光興路145巷15號1樓,2000000,1081211
2080,23491035,群正實業股份有限公司,臺中市大里區瑞城里中興路一段2巷207弄24號1樓,1000000,1081203
2081,23491582,龍崗實業股份有限公司,臺中市南屯區豐樂里文心南六路20巷3號1樓,11000000,1081212
2085,23502666,億灃森實業有限公司,臺中市南屯區向心南路905巷7號1樓,15000000,1081204
2086,23505426,厚昱股份有限公司,臺中市清水區西寧路69之2號,5000000,1081219
2090,23511709,青輔實業股份有限公司,臺中市梧棲區草湳里梧南路11之2號,254130000,1081202
2093,23515661,佳鈦工業股份有限公司,臺中市太平區鵬儀路296巷6弄78號,20000000,1081224
2115,23536390,連峰金屬企業有限公司,臺中市烏日區五光路1000巷42號,200000,1081206
2116,23538242,柏瑞實業股份有限公司,臺中市南屯區三和里惠中路3段10號6樓,500000,1081212
2124,23559034,証詮工業股份有限公司,臺中市大雅區神林路一段225號,25000000,1081230
2130,23566598,孟強企業股份有限公司,臺中市外埔區土城里土城南路55號,20000000,1081216
2133,23572557,玉晶光電股份有限公司,臺中市大雅區科雅東路1號,1108364630,1081203
2135,23574485,國光能源開發股份有限公司,臺中市神岡區北庄里中山路1029之5號,2200000,1081210
2138,23580992,銓元有限公司,臺中市西區公德里精誠22街10號1樓,6000000,1081230
2157,23636692,三上建設開發股份有限公司,臺中市北區賴村里學士路255號13樓A室,50000000,1081212
2173,23672113,榮協企業股份有限公司,臺中市東區東英二街67巷17號1樓,10000000,1081225
2175,23678926,七駿科技股份有限公司,臺中市西屯區協和里工業區一路98之110號,200000000,1081209
2178,23685588,東經鋼鐵有限公司,臺中市大里區工業十一路121號1樓,50000000,1081212
2179,23686947,捷聖興業股份有限公司,臺中市北區健行里忠明路200號12樓,14000000,1081204
2182,23690549,張今股份有限公司,臺中市神岡區豐洲里國豐路一段236巷23號,49500000,1081227
2185,23700336,凱旋儀器有限公司,臺中市南屯區大墩路916號1樓,3000000,1081227
2186,23700883,銀泰科技股份有限公司,臺中市神岡區大富路20巷71號,1000000000,1081209
2208,23799739,冠鋅有限公司,臺中市西屯區臺灣大道四段671巷71號,3000000,1081211
2209,23800428,鈺龍電子有限公司,臺中市潭子區東寶里昌平路三段168巷23號1樓,1000000,1081210
2210,23801550,普銘興業有限公司,臺中市北屯區平德路162巷19弄6號1樓,15000000,1081225
2215,23809151,僑柏精密鑄造工業股份有限公司,臺中市西屯區工業區一路132號,10000000,1081219
2216,23811760,田琦實業股份有限公司,臺中市清水區田寮里菁埔路71號,6000000,1081204
2219,23815484,天然染料有限公司,臺中市西區昇平里民生路452號1樓,5000000,1081202
2223,23819876,巧匠興業有限公司,臺中市太平區永義路102號,16000000,1081205
2236,23846114,興通工業股份有限公司,臺中市霧峰區振興東街16號,25000000,1081212
2240,23856436,寶鴻企業股份有限公司,臺中市南屯區工業區25路29號,11000000,1081224
2241,23856843,大根重機股份有限公司,臺中市西屯區環中路二段1060之1號,5000000,1081210
2265,23933736,生產力建設股份有限公司,臺中市南屯區惠中里文心路1段306號地下一層之2,196800000,1081223
2272,23955983,印暉有限公司,臺中市大雅區員林里大林路322巷11之3號,5000000,1081203
2276,23962598,品模精密有限公司,臺中市豐原區三豐路二段272巷246弄11號,7000000,1081203
2285,23985071,富宇建設股份有限公司,臺中市西屯區潮洋里市政北二路236號19樓之1,800000000,1081216
2314,24213828,東檉企業有限公司,臺中市北區東成路123號1樓,10000000,1081230
2316,24217113,捷順保全股份有限公司,臺中市北區健行里忠明路424號20樓之3,40000000,1081217
2317,24218008,藥聯生技股份有限公司,臺中市北屯區軍福八路280號1、2樓,88472900,1081226
2318,24218886,傑安答國際有限公司,臺中市南屯區新生里龍富路四段69號,1500000,1081223
2320,24221117,台灣福斯租賃股份有限公司,臺中市北屯區水湳里文心路4段83號10樓之1,10000000,1081223
2324,24227978,佺奕企業有限公司,臺中市北屯區軍福十六路273號2樓之17,33000000,1081227
2326,24229027,松盟科技股份有限公司,臺中市西屯區大河里長安路一段83號4樓,15000000,1081217
2331,24234083,建萊企業股份有限公司,臺中市大雅區橫山里永和路六甲巷10之2號,15000000,1081224
2336,24238503,力磐工程有限公司,臺中市太平區平安里鵬儀路48號1樓,5000000,1081219
2337,24239453,康呈科技工程股份有限公司,臺中市潭子區大豐里潭富路2段163-3號1樓,75000000,1081213
2339,24241872,雲端數位科技有限公司,臺中市北屯區平安里崇德路二段46之9號,1000000,1081224
2341,24243323,侑昌精密工具有限公司,臺中市北屯區軍功里軍福十九路309號1樓,3000000,1081206
2342,24243837,台灣懷舊企業股份有限公司,臺中市北區金華里雙十路二段111-1號1樓,2300000,1081218
2347,24248360,威利信科技股份有限公司,臺中市西區忠明南路451號4樓之2,5000000,1081210
2349,24248798,英琪漢實業有限公司,臺中市大里區塗城路680號1樓,250000,1081220
2353,24252053,祐嘉唯企業有限公司,臺中市豐原區南村里水源路473巷18號,2000000,1081230
2354,24252151,英創達網路有限公司,臺中市北屯區平安里崇德路二段46之9號,1000000,1081226
2356,24252531,佑宜自動化企業股份有限公司,臺中市大里區健民里久居街58巷1號,35500000,1081205
2359,24257640,中聯生物科技有限公司,臺中市大里區立仁里好來七街18號地下一樓,2000000,1081216
2360,24259324,臣達冷氣工程有限公司,臺中市西屯區上德里智惠街95號1樓,250000,1081225
2372,24275485,鑫和數位科技股份有限公司,臺中市梧棲區中華路一段1080號1樓,50000000,1081226
2374,24276560,溥源電機股份有限公司,臺中市大甲區江南里東西七路一段310號1樓,11600000,1081219
2378,24281199,兆鼎實業股份有限公司,臺中市霧峰區四德里四德路品凱巷6號,5000000,1081218
2379,24281304,正安公寓大廈管理維護股份有限公司,臺中市北區邱厝里健行路375-5號,10000000,1081223
2383,24287460,富利宏科技工程有限公司,臺中市太平區宜佳里祥順路一段23號,10000000,1081203
2388,24291099,勇信服裝有限公司,臺中市北區新北里育才北路14號,1000000,1081202
2458,24357985,上舜精密實業有限公司,臺中市豐原區三村里西勢路373號1樓,15160607,1081227
2470,24374197,立家公寓大廈管理維護有限公司,臺中市西屯區何德里成都路18號2樓,10000000,1081209
2473,24375463,湘虹有限公司,臺中市北屯區平安里青島路四段1號1樓,1000000,1081216
2479,24384272,塑騰貿易有限公司,臺中市南區樹德里文心南路601號,250000,1081217
2490,24397261,台灣聯業保險代理人股份有限公司,臺中市大里區永隆里爽文路917號2樓,5000000,1081227
2498,24405522,東洋氣體有限公司,臺中市東區立德東街19號,2500000,1081202
2503,24409674,精勤精機有限公司,臺中市西屯區工業區四十一路19號,17000000,1081211
2505,24410975,宜展投資有限公司,臺中市沙鹿區中清路4之32號1樓,20000000,1081218
2507,24413868,云暉有限公司,臺中市南屯區文心南二路180號,5000000,1081226
2512,24420621,統宇精密股份有限公司,臺中市太平區中興里永平路二段476巷100弄17號,6000000,1081209
2514,24423486,安成不動產仲介有限公司,臺中市西屯區協和里工業區一路98之129號1樓,1000000,1081209
2517,24427997,良澔國際行銷有限公司,臺中市北屯區崇德六路一段222巷11號1樓,3000000,1081203
2520,24432464,晶璽健康事業股份有限公司,臺中市南屯區文心路一段521號7樓之5,40000000,1081218
2522,24433457,東鼎人身保險代理人股份有限公司,臺中市西區自由路一段101號10樓之2,20000000,1081220
2525,24434961,寶島國際木藝品有限公司,臺中市外埔區水美里二崁路566號,3000000,1081230
2526,24435384,香繼光股份有限公司,臺中市太平區新光路62之1號2樓,74400000,1081211
2535,24441956,欣鉦企業有限公司,臺中市大肚區王田里王福街476巷31弄8號,2000000,1081217
2579,24491934,遠東電通股份有限公司,臺中市大里區國光路二段500號4樓之3,10000000,1081217
2682,24578333,潔力清潔有限公司,臺中市西屯區臺灣大道三段686巷26號2樓之2,1000000,1081227
2683,24579142,倡翌科技股份有限公司,臺中市烏日區前竹里中山路一段和平巷150弄1號,30000000,1081213
2684,24581317,永紘國際有限公司,臺中市南屯區寶山里工業區二十一路29號2樓,100000,1081227
2685,24581962,樂高人力派遣有限公司,臺中市北屯區山西路二段222號3樓,300000,1081220
2686,24582771,宇威管理顧問有限公司,臺中市東區新庄里復興路四段186號5樓之2,2500000,1081210
2687,24584193,豐悅國際投資股份有限公司,臺中市北屯區景和東街106號1樓,1000000,1081217
2688,24584980,東興廣告事業有限公司,臺中市沙鹿區埔子里屏西路122號1樓,1000000,1081205
2689,24585117,美麗蓮股份有限公司,臺中市梧棲區福德里博愛路130巷52號1樓,8000000,1081203
2690,24585799,鑫馥宇股份有限公司,臺中市西屯區龍潭里龍德路二段268號1樓,10000000,1081210
2691,24585833,呈嘉企業有限公司,臺中市梧棲區頂寮里四維西路28號,1000000,1081209
2692,24586066,益林事業有限公司,臺中市北區中清路一段348巷9號,1000000,1081217
2693,24586848,六二實業有限公司,臺中市北區明德里忠明路133號1樓,1000000,1081227
2694,24587852,旭富創意生活有限公司,臺中市西屯區市政北二路236號21樓之1,5000000,1081206
2695,24588276,信譯電機有限公司,臺中市烏日區溪埧里福泰街73巷66-1號1樓,100000,1081216
2696,24588374,博孕健康事業有限公司,臺中市西屯區福林里福雅路143號2樓,5000000,1081217
2697,24589182,潤勝科技有限公司,臺中市大雅區橫山里永和路95號1樓,4000000,1081230
2698,24590358,普緹國際旅行社有限公司,臺中市大里區東南路161巷12弄10號2樓,6000000,1081212
2700,24591151,台灣窗簾網有限公司,臺中市北屯區舊社里北屯路461號1樓,12000000,1081216
2701,24592790,正揚科技沖壓有限公司,臺中市神岡區圳堵里和睦路一段20巷7號1樓,3000000,1081220
2702,24592834,宗宙有限公司,臺中市西區民生里建國路49號2樓,6800000,1081219
2703,24593051,金潮貿易股份有限公司,臺中市南屯區工業區二十路39號2樓,10000000,1081227
2704,24593186,隆德國際有限公司,臺中市太平區宜欣里宜欣十街12巷32號1樓,400000,1081230
2705,24595163,仁得國際開發有限公司,臺中市太平區豐年里大源十四街17號1樓,5000000,1081209
2706,24597633,聖塔麗塔股份有限公司,臺中市北屯區文昌三街79號1樓,3000000,1081226
2707,24597893,念川有限公司,臺中市南區樹義里福田二街338號,1000000,1081226
2708,24599219,鼎好科技有限公司,臺中市西屯區朝富路213號19樓之9,4000000,1081227
2709,24599554,慧美投資有限公司,臺中市西區忠明路6號1樓,24000000,1081226
2710,24599581,富楙系統家具有限公司,臺中市太平區東平里東村八街80號1樓,1000000,1081205
2711,24600308,艾芮精品企業有限公司,臺中市西屯區大河里美滿東2巷6號1樓,500000,1081202
2712,24600659,資本起重工程有限公司,臺中市沙鹿區埔子里正順路21巷65號,3200000,1081218
2715,24602431,昶盛欣業有限公司,臺中市大雅區昌平路三段689巷29號1樓,100000,1081217
2716,24603430,智邑企業有限公司,臺中市大里區仁德里至善路21號1樓,1000000,1081212
2718,24604965,親家地產股份有限公司,臺中市西屯區惠來里市政北七路186號16樓,686000000,1081225
2719,24605198,甄凱甯實業有限公司,臺中市大里區大里路14號2樓,60000,1081204
2720,24605583,鈞豐國際企業有限公司,臺中市太平區富宜路128號,5000000,1081203
2721,24606268,承墉有限公司,臺中市大雅區昌平路四段282南十三巷45弄25號1樓,1000000,1081225
2722,24606979,晨恩生命禮儀有限公司,臺中市北區中清路一段100號13樓之3,500000,1081206
2723,24607908,錩辰投資開發有限公司,臺中市西屯區工業區六路18之1號2樓,5000000,1081225
2724,24608081,康民物業管理顧問有限公司,臺中市南區福平里復興路二段137之1號4樓,11000000,1081230
2725,24608110,卓越物業管理顧問有限公司,臺中市南區福平里復興路二段137之1號4樓,11000000,1081202
2786,24648871,大格創意開發有限公司,臺中市中區繼光里成功路55號10樓之4,2200000,1081224
2928,24741882,積躍股份有限公司,臺中市南屯區大業里公益路二段61號3樓之2,3000000,1081209
2977,24767209,皇鼎文化創意股份有限公司,臺中市西區忠誠里臺灣大道二段573號9樓,2000000,1081220
3039,24818832,果本森林有限公司,臺中市西屯區何厝里何厝東二街23號9樓之3,500000,1081224
3040,24818973,樂威貿易有限公司,臺中市太平區新興里新興路166號2樓,1000000,1081209
3041,24819635,新普林科技有限公司,臺中市西屯區長安路二段335巷32號,1400000,1081205
3042,24819749,喜鵲生活股份有限公司,臺中市大里區東湖里中興路一段159-1號3樓,4500000,1081226
3043,24820653,曜昇資產管理有限公司,臺中市南屯區文心路一段218號11樓之5,3500000,1081226
3045,24822955,安德森貿易有限公司,臺中市西區美村路一段22號7樓之4,5000000,1081230
3046,24824882,吉立投資股份有限公司,臺中市西屯區協和里工業區三十三路17之1號,20000000,1081209
3047,24825019,安成國際企業有限公司,臺中市北屯區和平里環中東路二段205號,500000,1081225
3048,24825051,心媞有限公司,臺中市北區立人里北平路一段2號,1500000,1081220
3049,24825215,聯藝國際事業有限公司,臺中市外埔區大同里19鄰中山路90巷2號1樓,2000000,1081230
3050,24825496,勝峰不銹鋼有限公司,臺中市外埔區三崁里二崁路201巷30號1樓,1000000,1081220
3051,24825670,雷展有限公司,臺中市潭子區勝利六街31號1樓,2000000,1081213
3052,24825974,中大機械有限公司,臺中市大肚區營埔里營埔三街68號,1000000,1081204
3053,24827543,欣大展業有限公司,臺中市北屯區旱溪東路三段98號1樓,2000000,1081203
3054,24827918,迎聚投資股份有限公司,臺中市西屯區市政路25號4樓之1,50000000,1081203
3056,24828780,富耘股份有限公司,臺中市大雅區中清路四段312巷19號2樓,5000000,1081217
3057,24829900,亙旺開發股份有限公司,臺中市西屯區惠來里市政北一路17號,10000000,1081209
3058,24832378,宏騏物業有限公司,臺中市北區長青里武昌路41巷6號1樓,5000000,1081209
3059,24833432,萊特和平股份有限公司,臺中市烏日區高鐵五路156號11樓,60000000,1081206
3060,24834143,得勝文創有限公司,臺中市西屯區台灣大道二段803號4樓,1000000,1081202
3061,24835001,義吋科技股份有限公司,臺中市西屯區工業區一路6巷26弄3號1、2樓,500000,1081204
3062,24835451,宇和科技有限公司,臺中市清水區橋頭里民有路190巷91之11號1樓,30000,1081226
3063,24836418,台灣嗎哪有限公司,臺中市西屯區何厝里何厝東二街23號9樓之3,100000,1081218
3064,24836634,嘉仕達保全股份有限公司,臺中市北區邱厝里健行路371之3號4樓,40000000,1081230
3065,24836661,創宇國際有限公司,臺中市西屯區寶慶街18巷25號12樓,3800000,1081225
3066,24837681,中生工程有限公司,臺中市外埔區水美里二崁路660巷30號,11000000,1081218
3067,24837916,臺灣骨庫股份有限公司,臺中市北屯區梅川東路四段26號8樓之1,25000000,1081204
3068,24838112,陽光綠能股份有限公司,臺中市南屯區精科中路22號2樓,90000000,1081227
3070,24838464,崗瑞營造股份有限公司,臺中市大里區東興里國光路二段704之13號,20000000,1081212
3071,24839772,駿躍工程股份有限公司,臺中市南屯區豐樂里文心南三路663號3樓,22590270,1081211
3072,24840074,伯客思實業有限公司,臺中市大安區西安里東西九路69-2號2樓,1000000,1081230
3073,24840412,國璽文創事業有限公司,臺中市北屯區軍福十三路435號,10000000,1081230
3075,24840686,晶法有限公司,臺中市南屯區向心里文心南二路392號11樓之2,1000000,1081213
3077,24840742,台灣杰諾科技有限公司,臺中市北區金華里進德北路158巷21號1樓,1000000,1081204
3078,24842283,米鼎企業有限公司,臺中市中區民權路48號,1000000,1081204
3079,24842734,大瑞企業有限公司,臺中市梧棲區大庄里和平街68號1樓,3600000,1081206
3080,24843950,亞米哥國際有限公司,臺中市大肚區王田里興和路188巷26號1樓,1000000,1081219
3081,24846372,銳可影像製作有限公司,臺中市南屯區大墩十四街185號1樓,1000000,1081224
3082,24848012,合巧工業有限公司,臺中市大肚區瑞井里遊園路一段10巷3號1樓,5000000,1081213
3093,24854196,彰興營造股份有限公司,臺中市南屯區永定里益昌三街26號1樓,15000000,1081225
3156,24887942,大地盈開發國際有限公司,臺中市北屯區平安里文心路四段752之3號4樓,3000000,1081210
3286,24969818,台灣樸緻股份有限公司,臺中市南屯區文心路一段159號,20200000,1081220
3301,24976493,樺科智慧科技股份有限公司,臺中市西屯區福中里中工二路188號14樓,2000000,1081205
3340,25001110,騰馳工業有限公司,臺中市太平區頭汴里長龍路二段503之1號1樓,250000,1081219
3342,25003736,阿官國際餐飲股份有限公司,臺中市西屯區朝富路248號,35000000,1081223
3354,25008351,歐雅系統設計有限公司,臺中市南區永和里南和二街12號1樓,22000000,1081216
3356,25009788,水嫩佳人時尚行銷有限公司,臺中市北屯區舊社里松竹五路一段261號1樓,2000000,1081219
3362,25012881,達翊機械有限公司,臺中市霧峰區中正路557巷21號,20120000,1081224
3370,25021431,順揚精密齒輪股份有限公司,臺中市潭子區潭富路1段144巷45號3樓,10000000,1081225
3373,25023959,沃農士食品股份有限公司,臺中市大安區福興里興安路168號,10000000,1081224
3374,25023992,戲苑科技有限公司,臺中市北屯區豐樂路16之6號1樓,10000000,1081202
3379,25028011,福立通企業有限公司,臺中市西區五權路22巷12之1號1樓,1200000,1081210
3387,25039713,飪珍記實業有限公司,臺中市太平區中興里永平路二段476巷108號1樓,25000000,1081225
3390,25046279,元益昌實業股份有限公司,臺中市西屯區惠來里市政路386號13樓之6,145900000,1081216
3393,25050499,鉅晟數位科技有限公司,臺中市龍井區新東里臺灣大道五段29號1樓,500000,1081219
3394,25053307,蒲耘興業有限公司,臺中市北屯區仁美里崇德路三段668號11樓之3,500000,1081209
3397,25054782,豐造工業股份有限公司,臺中市西屯區青海路二段188號20樓之5,16160000,1081226
3398,25055494,新力旺智慧精工股份有限公司,臺中市大雅區秀山里科雅路36號3樓,190101150,1081209
3399,25056542,偉辰工業有限公司,臺中市龍井區龍津里三港路355巷82號,12000000,1081205
3401,25057578,宇丰微型機械工程有限公司,臺中市西區精誠三十街24號1樓,3000000,1081217
3404,25061849,吉生科技有限公司,臺中市南屯區同心里文心路一段186號6樓之8,3000000,1081210
3405,25065520,奕威工業有限公司,臺中市南區樹義里樹義五街63號1樓,5000000,1081219
3406,25066865,清水生命禮儀有限公司,臺中市北區德化街433號1樓,100000,1081227
3409,25068420,哲誠工業股份有限公司,臺中市梧棲區草湳里永興路二段378巷27號,132900000,1081224
3410,25068553,億順食品有限公司,臺中市西屯區福恩里工業區一路6巷12號2樓,500000,1081213
3420,25079405,滙益管理顧問有限公司,臺中市南屯區文心路一段378號6樓之4,1000000,1081225
3423,25080775,翔生開發股份有限公司,臺中市北區民權路559號11樓之2,5000000,1081205
3429,25085602,葳夫利德數位行銷有限公司,臺中市西屯區中清路二段1426號,3000000,1081223
3436,25088740,賀康幹細胞醫學生物科技股份有限公司,臺中市西區臺灣大道二段16號15樓之2,2000000,1081226
3441,25092012,京動投資有限公司,臺中市北屯區平福里大連路二段200號1樓,22950000,1081227
3445,25095377,鉦偉精密科技股份有限公司,臺中市大里區健民里仁化路158號2樓,28000000,1081206
3449,25097889,勤智科技股份有限公司,臺中市西區五權西四街200號七樓之1,5000000,1081218
3502,25138501,晨譽投資股份有限公司,臺中市西區臺灣大道二段501號20樓之1,150000000,1081203
3518,25150552,榮星綠建材股份有限公司,臺中市清水區南寧里光華路141號,29000000,1081213
3525,25153214,鑫業農業科技有限公司,臺中市大里區和平街93號1樓,3000000,1081226
3526,25153354,豐繽生技開發有限公司,臺中市太平區中興里永義路71號1樓,1300000,1081204
3531,25156113,慶昌齒輪企業有限公司,臺中市神岡區豐洲里東洲路137之12號,10000000,1081230
3532,25156280,品嘉開發實業有限公司,臺中市西屯區西墩里福星西路69號,5000000,1081230
3533,25156394,禾瑞貿易股份有限公司,臺中市西屯區潮洋里朝貴一街70號,10000000,1081213
3535,25157149,豐盛鎂合金股份有限公司,臺中市神岡區北庄里厚生路24之2號1樓,60000000,1081204
3536,25157719,泓辰興業有限公司,臺中市豐原區西湳里豐原大道七段220號,250000,1081230
3538,25159759,迪威德鴿業有限公司,臺中市西屯區黎明路二段898之1號1樓,300000,1081210
3541,25161679,鴻源生技有限公司,臺中市西屯區何仁里寧夏路195之10號11樓,1000000,1081204
3543,25165083,金昌盛機械有限公司,臺中市神岡區大明路191巷96號,1000000,1081231
3544,25167977,保欣機電工程有限公司,臺中市外埔區大東里甲后路五段268號,2000000,1081218
3546,25169004,達詠興業有限公司,臺中市大里區仁美路137巷20號1樓,5000000,1081226
3549,25169948,鴻星數位科技股份有限公司,臺中市南區福順里忠明南路787號21樓之2,8000000,1081211
3552,25172155,鑫恩國際有限公司,臺中市東區東福路106號13樓,300000,1081206
3554,25173577,鉅仲有限公司,臺中市北屯區崇德十路2段172之5號1樓,500000,1081226
3555,25174034,佐佑手有限公司,臺中市大雅區六寶里和平路83號1樓,100000,1081224
3562,25180991,昱美包裝事業股份有限公司,臺中市西屯區工業區41路20號,38000000,1081205
3566,25182858,久洋醫療器械有限公司,臺中市北屯區平興里興安路二段142巷11號,5000000,1081226
3568,25183462,棠洋國際企業有限公司,臺中市大雅區龍善一街196號,3660000,1081216
3571,25185829,福德土地開發股份有限公司,臺中市神岡區北庄里中山路1323巷36號1樓,15000000,1081216
3573,25186952,御德建設有限公司,臺中市東區東信里振興路437巷28號1樓,5000000,1081213
3575,25187853,彩色寧菠國際有限公司,臺中市北屯區平昌里天津路四段275號9樓,8000000,1081205
3578,25189711,蔚品國際股份有限公司,臺中市西屯區至善里臺灣大道三段660號10樓之5,292500000,1081210
3579,25190267,億兆徠建設有限公司,臺中市大里區西榮里光榮街11號,7000000,1081210
3580,25190371,俊華建設股份有限公司,臺中市北區明德里太原南二街36號1樓,25300000,1081211
3583,25195495,新盛生技國際有限公司,臺中市北屯區松竹路一段946之1號,40000000,1081226
3584,25195805,日晴健康國際有限公司,臺中市霧峰區舊正里新豐路159號1樓,2000000,1081219
3585,25196678,崴笙建材有限公司,臺中市潭子區潭興路2段21號1樓,500000,1081203
3586,25197064,福寶建設有限公司,臺中市西區臺灣大道二段307號13樓之1,15000000,1081209
3588,27001312,大利汽車貨運有限公司,臺中市大里區金城里中興路一段大明巷16號1樓,22000000,1081224
3624,27262821,碧虹生物科技股份有限公司,臺中市西屯區西平里至善路234巷10號1樓,30000000,1081220
3625,27265637,偉維投資有限公司,臺中市西區英才路499號4樓,5000000,1081206
3630,27279597,通寧科技貿易股份有限公司,臺中市豐原區中興里大明路178巷1號1樓,10000000,1081218
3632,27283537,瀧井企業有限公司,臺中市烏日區溪埧里環中路八段332巷118弄90號1樓,1000000,1081217
3633,27283781,鴻圖國際事業有限公司,臺中市西區民權路239號18樓,10800000,1081202
3634,27284682,久威工業股份有限公司,臺中市后里區義里里甲后路一段85號,7000000,1081204
3639,27288462,廣意實業有限公司,臺中市南屯區精科路136號1樓,500000,1081223
3646,27302231,和詮小客車租賃股份有限公司,臺中市西屯區臺灣大道二段718號3樓,5000000,1081213
3650,27308431,中一禮儀有限公司,臺中市大里區樹王里萬安路71號1樓,800000,1081209
3652,27312126,永弘源精密機械股份有限公司,臺中市西屯區協和里工業區三十五路63號,60000000,1081206
3667,27334281,儷庭文化有限公司,臺中市潭子區頭家東里中山路一段178號2樓,5000000,1081216
3716,27384937,長霖保全股份有限公司,臺中市北區民權路559號5樓之3,40000000,1081205
3719,27392866,領航保險經紀人股份有限公司,臺中市西屯區潮洋里市政北二路282號21樓之10,5000000,1081202
3721,27395322,振聲鐵工所股份有限公司,臺中市豐原區翁子里豐勢路一段400巷1弄2號1樓,15000000,1081211
3728,27412315,卡醲國際有限公司,臺中市西區精誠十六街37號2樓,5000000,1081211
3732,27421335,宏林工程有限公司,臺中市潭子區潭陽里復興路2段43號1樓,3000000,1081203
3739,27435746,采京貿易有限公司,臺中市北屯區崇德路二段252號15樓,10000000,1081226
3741,27439200,金永晉企業有限公司,臺中市大里區永隆七街261號2樓,3000000,1081230
3743,27440712,惠豐順開發股份有限公司,臺中市南屯區五權西路2段666號6樓之1,150000000,1081224
3750,27451858,騰耀五金工業有限公司,臺中市南區和平里復興路二段71巷31弄1號1樓,1000000,1081204
3754,27453624,聖罡新文明有限公司,臺中市南區福田二街22巷8號,500000,1081202
3755,27457728,中科園企業股份有限公司,臺中市西屯區協和里工業區一路98之129號1樓,15000000,1081217
3758,27461976,賀智科技應用有限公司,臺中市烏日區高鐵五路156號2樓之5,2000000,1081203
3761,27470692,優里企業有限公司,臺中市大甲區庄美里興安路84巷65號1樓,6000000,1081218
3769,27486765,宏羚建設有限公司,臺中市南屯區忠勇路19之20號1樓,10000000,1081216
3770,27488187,電瑙舖資訊有限公司,臺中市豐原區中陽里直興街56號1樓,1500000,1081211
3773,27494596,宏碩財務管理顧問有限公司,臺中市北區錦祥里梅亭東街19號1樓,1000000,1081223
3775,27500008,聚寶化工有限公司,臺中市烏日區烏日里中山路二段109號1樓,8000000,1081219
3781,27506642,古羊有限公司,臺中市北屯區崇德二路二段156號4樓,5000000,1081216
3782,27506811,裳麥投資股份有限公司,臺中市中區市府路８３號１樓,29200000,1081211
3784,27509731,沙鹿加油站股份有限公司,臺中市沙鹿區西勢里中清路七段376號,1400000,1081219
3785,27512237,木松室內裝修有限公司,臺中市大甲區中山里甲后路五段491號,500000,1081204
3788,27512715,禾蕣股份有限公司,臺中市南屯區工業區二十二路44號,10000000,1081213
3836,27576920,德驛誌國際股份有限公司,臺中市潭子區家興里中山路一段7巷40號7樓,5000000,1081225
3840,27586201,必有成房地有限公司,臺中市西屯區惠來里市政路500號21樓之7,500000,1081217
3842,27589122,登峯鍛造工業有限公司,臺中市梧棲區永安里向上路九段322巷29號,40000000,1081231
3849,27601218,亮晨企業有限公司,臺中市太平區太平里合利街40號,12000000,1081227
3851,27607389,勗笙石實業有限公司,臺中市烏日區北里里太明路211巷175號,3000000,1081224
3853,27610292,誠悅建設有限公司,臺中市西屯區潮洋里市政北二路236號13樓之2,10000000,1081230
3859,27621262,鳴展有限公司,臺中市南區南和里美村南路107巷19號1樓,10000000,1081213
3880,27654376,重威實業有限公司,臺中市大里區東湖里忠孝路138號,670000,1081217
3881,27654679,廣懋資源科技有限公司,臺中市北屯區平興里平興街129號1樓,23600000,1081205
3887,27666990,日月光不銹鋼實業有限公司,臺中市霧峰區丁台里中投西路一段320號,10000000,1081205
3891,27673155,勝棋機械有限公司,臺中市潭子區潭北里潭子街三段公廳巷58之2號,3000000,1081203
3893,27674112,美盛溫泉事業股份有限公司,臺中市西區忠誠里忠明路54號1樓,28000000,1081223
3936,27739831,優個兒股份有限公司,臺中市西屯區潮洋里市政北二路282號15樓之6,10000000,1081223
3973,27774457,卉楓有限公司,臺中市沙鹿區興安里沙田路39之2號,4000000,1081226
3982,27786030,金輝投資有限公司,臺中市沙鹿區六路十四街170號1樓,500000,1081224
3984,27791499,創奇科技有限公司,臺中市西屯區龍潭里馬龍潭路103號1樓,2500000,1081223
3987,27794600,昇陽建材有限公司,臺中市烏日區烏日里新興路93號1樓,1000000,1081219
3994,27800315,百克貿易有限公司,臺中市西區忠明南路499號4樓,5000000,1081219
3997,27802566,誠泰徵信有限公司,臺中市北屯區東山路一段156-6號14樓之1,1000000,1081216
3999,27811397,郡頡工業有限公司,臺中市大里區新興路99巷16弄23號1樓,7500000,1081226
4002,27816294,法斯特精工有限公司,臺中市西屯區潮洋里黎明路二段870號,28000000,1081210
4007,27822887,東榛國際生物科技有限公司,臺中市南屯區三和里黎明路二段386之5號,2500000,1081206
4008,27823984,紘睿興業有限公司,臺中市西屯區上石里青海路二段369號1樓,1000000,1081224
4010,27826217,兆碩工業股份有限公司,臺中市龍井區工業路246巷22號,36000000,1081231
4020,27836411,欣鍠機械工業股份有限公司,臺中市神岡區豐洲里豐洲路412-11號1樓,10000000,1081218
4021,27836947,綵琪有限公司,臺中市北屯區軍榮一街17巷2號1樓,5000000,1081225
4022,27840251,翰廷設計工程有限公司,臺中市潭子區頭家東里中山路一段274巷16號,1000000,1081211
4027,27844236,輝彥企業有限公司,臺中市大里區中興路二段153巷3號8樓,1000000,1081205
4028,27844242,能輝貿易有限公司,臺中市大里區中興路二段153巷3號10樓,1000000,1081216
4031,27849106,中村加油站股份有限公司,臺中市南屯區新生里五權西路二段1001號,80000000,1081203
4035,27853874,碧盛資產管理有限公司,臺中市南屯區大業里大聖街338號1樓,6000000,1081217
4038,27857772,永豐盛科技有限公司,臺中市外埔區大同里后寮路11-1號,10000000,1081204
4047,27880387,金明格實業有限公司,臺中市東區東富街126號1樓,1000000,1081203
4066,27902663,怡佳保全股份有限公司,臺中市北區賴福里進化北路392之2號6樓之1,40000000,1081213
4069,27906274,瑞澄國際有限公司,臺中市西區公正里向上路一段424號,3000000,1081218
4073,27912803,明霖投資股份有限公司,臺中市西屯區港尾里中清路三段85之22號,141000000,1081219
4078,27918665,笠宏國際貿易有限公司,臺中市沙鹿區斗抵里太平路12之5號,8600000,1081218
4105,27971056,樂平投資股份有限公司,臺中市西屯區朝富路213號20樓之8,42617020,1081216
4153,28014928,曾記自動控制有限公司,臺中市大雅區上楓里民族街186號1樓,7000000,1081224
4158,28019563,天堡貿易有限公司,臺中市西區忠誠里精誠三街33號1樓,60000000,1081204
4167,28030321,雅速達股份有限公司,臺中市豐原區南村里水源路283巷11號1樓,100000000,1081227
4177,28041283,昱升精密工業有限公司,臺中市大雅區四德里中山十二路16號,1500000,1081231
4179,28043472,酉銓金融科技有限公司,臺中市北屯區平田里文心路四段955號11樓之2,10000000,1081205
4193,28058328,定信投資股份有限公司,臺中市大里區健民里久居街84巷8號,15000000,1081204
4195,28061082,旺和實業有限公司,臺中市北區漢口路四段220之1號1樓,25000000,1081226
4204,28073290,金兆豐投資股份有限公司,臺中市南屯區寶山三街32號1樓,5000000,1081213
4209,28076711,永弘辰企業有限公司,臺中市大雅區中清路四段625號,5000000,1081216
4214,28080623,光貿科技有限公司,臺中市西區公益里忠明南路237號5樓之4,10000000,1081224
4219,28087077,源鈦切削刀具有限公司,臺中市大里區立德里立中五街53號1樓,1000000,1081213
4220,28087251,午資開發股份有限公司,臺中市西區綠川西街2之7號3樓,1940000000,1081220
4224,28088998,翊豐通風股份有限公司,臺中市大里區大元里大里街16巷7號1樓,15000000,1081225
4228,28093649,富慶開發股份有限公司,臺中市東區東信里東英五街62號2樓,35000000,1081230
4234,28101583,漢新不動產經紀有限公司,臺中市西屯區何厝里漢口路二段14號1樓,1000000,1081226
4251,28123448,精呈科技股份有限公司,臺中市神岡區豐工三路10號,176410000,1081204
4258,28129822,東盛偉科技有限公司,臺中市南區美村路二段186號11樓之2,3000000,1081217
4261,28130829,威勁國際股份有限公司,臺中市大雅區永和路8之20號,20000000,1081225
4264,28133494,宏亞工程顧問有限公司,臺中市西屯區玉門路235號6樓之3,1000000,1081205
4267,28135943,衣皓實業有限公司,臺中市西屯區市政北二路29號8樓之1,10000000,1081220
4272,28139407,冠興達實業有限公司,臺中市大里區塗城路304巷28弄12之5號3樓,5000000,1081216
4278,28147785,量子生物科技有限公司,臺中市南屯區永定里永春路11之8號,5000000,1081202
4282,28155969,翊泰五金有限公司,臺中市南屯區永春路15之18號,3000000,1081218
4285,28163118,運通工程有限公司,臺中市西屯區何成里大容西街51號3樓之2,5000000,1081226
4344,28227197,台通科技股份有限公司,臺中市大里區東湖里忠孝路11號,555000000,1081230
4371,28312171,中華潤滑油股份有限公司,臺中市大里區長榮里大里路15號1樓,10000000,1081204
4373,28313812,逢璟不動產租賃有限公司,臺中市南屯區大墩四街425號1樓,16500000,1081210
4376,28317747,芸晨實業有限公司,臺中市南區和平里復興路二段26之4號,5000000,1081223
4378,28320264,京貿交通股份有限公司,臺中市梧棲區興農里中華路一段762巷5號1樓,30000000,1081223
4389,28337814,自立早報有限公司,臺中市西屯區何南里精明一街31號1樓,500000,1081211
4390,28342197,帛峻有限公司,臺中市北屯區三光里三光北一街15號1樓,1000000,1081224
4394,28344287,昱澄實業有限公司,臺中市北區民權路562號1樓,6000000,1081225
4395,28344364,梨子咖啡館有限公司,臺中市西屯區玉門路370巷28號,12000000,1081209
4404,28351147,森町國際實業有限公司,臺中市大雅區大林路212巷21弄9號2樓,1000000,1081211
4405,28357542,智詮精密工業有限公司,臺中市潭子區大富里大富路3段219巷36號1樓,10000000,1081218
4410,28361905,家鼎技術顧問有限公司,臺中市西屯區朝馬路102號1樓,5000000,1081209
4411,28362170,東方空間文化藝術事業有限公司,臺中市南區國光路218號6樓之1,5000000,1081213
4412,28362278,永盛興建設股份有限公司,臺中市北區民權路559號8樓之2,21000000,1081209
4413,28364190,德士國際實業有限公司,臺中市豐原區豐東路29號1樓,3500000,1081205
4416,28364797,山承展業有限公司,臺中市西區昇平街66巷2弄1號1樓,5000000,1081203
4418,28368581,奔馳資產管理有限公司,臺中市西屯區漢翔路3號2樓,50000000,1081210
4419,28369110,至順工程有限公司,臺中市北區忠明路452號1樓,2000000,1081211
4421,28370691,孜旺有限公司,臺中市大甲區彈正路57之5號,500000,1081209
4423,28371360,原象室內裝修設計有限公司,臺中市東區練武路12號1樓,2000000,1081230
4425,28371951,台灣數位光訊科技股份有限公司,臺中市西屯區文心路2段201號6樓之6,1226947060,1081203
4430,28381888,日灃建設股份有限公司,臺中市南屯區黎明東街445號1樓,25000000,1081226
4433,28384908,喬山安防設備有限公司,臺中市北屯區平田里文心路四段934號3樓之2,10000000,1081203
4435,28387449,中鹿汽車客運股份有限公司,臺中市南屯區大業路241號3樓之1,100000000,1081206
4438,28392891,易世股份有限公司,臺中市大里區東湖里科技路166號5樓之1,6857700,1081219
4439,28393717,靚藝術創新有限公司,臺中市烏日區中山路一段369巷12號,1000000,1081204
4440,28395237,廣懋興業有限公司,臺中市太平區光隆里興隆路一段160號,500000,1081231
4441,28395692,愛麗絲國際大飯店股份有限公司,臺中市西區公民里柳川西路二段77號,378000000,1081213
4447,28406760,雅晶有限公司,臺中市烏日區新興路437號2樓,1000000,1081209
4464,28444960,奇庚實業有限公司,臺中市南屯區大同里大進街75號4樓,5000000,1081219
4513,28497190,祐來企業有限公司,臺中市大甲區江南里東西六路一段217巷8號,500000,1081202
4522,28509219,三億國際鑽飾有限公司,臺中市北區育德路122號1樓,1000000,1081210
4529,28518076,台灣美光記憶體股份有限公司,臺中市后里區三豐路4段369號,76592036150,1081217
4531,28519928,寶麗佳興業有限公司,臺中市北屯區中清西一街4號,2000000,1081204
4537,28524181,長金貿易有限公司,臺中市太平區東方一街1巷40號1樓,68980000,1081220
4540,28530162,宥榤有限公司,臺中市北屯區忠平里陳平路117巷48弄3號1樓,2000000,1081217
4548,28541386,合升精密機械股份有限公司,臺中市龍井區龍西里龍門路100之2號,58200000,1081217
4551,28542694,佺益工業股份有限公司,臺中市太平區中政里成功東路103巷36號1樓,3000000,1081217
4552,28542929,赫達通訊有限公司,臺中市東區自由路三段12號,1000000,1081225
4554,28544763,郁強國際生醫股份有限公司,臺中市南屯區南屯路二段406號地下1樓,116560000,1081224
4559,28560735,葆鋼機械有限公司,臺中市潭子區頭家里中山路一段386巷7弄9之1號,5000000,1081227
4573,28575420,欣諭有限公司,臺中市大里區長春路178巷5弄10號1樓,6000000,1081220
4574,28575527,犀利客國際有限公司,臺中市大安區西安里東西九路69之2號1樓,2500000,1081230
4576,28579690,鴻鑫生醫科技有限公司,臺中市北屯區大連路二段274巷3號1樓,1000000,1081219
4577,28579713,普利多企業有限公司,臺中市清水區臨江里橋江北街二段165巷69號1樓,1000000,1081219
4582,28581598,閎彥國際有限公司,臺中市西區臺灣大道二段307號19樓,7000000,1081224
4585,28584835,考工記室內裝修設計有限公司,臺中市北區忠太東路55之1號2樓,500000,1081230
4587,28585671,女兒紅餐飲事業股份有限公司,臺中市南屯區文心南路99號,39000000,1081203
4624,28626758,立彩建設有限公司,臺中市西區土庫里忠明南路469號2樓,35000000,1081224
4629,28634482,衣的美學有限公司,臺中市北區民權路349巷20號,500000,1081205
4639,28645919,台榮機械有限公司,臺中市神岡區大社里大裡街100巷12號1樓,1000000,1081211
4645,28650573,精英標售有限公司,臺中市西區公民里五權路1之67號7樓之3之1,2000000,1081218
4646,28651382,永協投資有限公司,臺中市豐原區下街里源豐路150號5樓,27000000,1081204
4653,28660713,郃茂機械有限公司,臺中市豐原區西安里西勢路166巷14號1樓,10000000,1081226
4655,28662732,乘數室內裝修股份有限公司,臺中市南屯區大聖街137-5號6樓,5000000,1081230
4656,28663161,峻偉國際企業有限公司,臺中市西區中興街287號32樓之1,1000000,1081226
4659,28664443,豐茂食品有限公司,臺中市西屯區大河里長安路一段152號,29800000,1081206
4660,28666809,合鴻國際有限公司,臺中市北屯區水湳里文心路四段83號9樓之2,5000000,1081225
4661,28667440,玖炬工程股份有限公司,臺中市烏日區五光路復光四巷25號1樓,16500000,1081216
4664,28670304,德嘉技術工程股份有限公司,臺中市北區太原路二段86號14樓,250000000,1081213
4672,28676320,凱馺國際股份有限公司,臺中市西屯區大河里長安路一段61之16號,10000000,1081211
4714,28720590,泰極美企業有限公司,臺中市大里區仁化工三路120號,10000000,1081210
4727,28727361,思邦科技股份有限公司,臺中市北區進化北路238號14樓之3,10000000,1081212
4731,28728805,安得利遊覽車客運股份有限公司,臺中市南屯區三厝里黎明東街195號1樓,50000000,1081204
4744,28746971,原動力企管顧問股份有限公司,臺中市西區台灣大道二段220號31樓,1200000,1081212
4746,28749908,弘達水產有限公司,臺中市東區新庄里和平街267號1樓,2650000,1081219
4747,28750209,和易成有限公司,臺中市大雅區員林里神林路一段32號,16000000,1081211
4751,28751761,歐必得科技股份有限公司,臺中市太平區長安路493巷15弄8號1樓,2000000,1081218
4756,28756983,建績企業管理有限公司,臺中市北區北平四街2號4樓之1,500000,1081202
4757,28757667,蕃茄村企業股份有限公司,臺中市潭子區東寶里雅潭路二段282號1樓,15000000,1081224
4759,28758271,令家族企業有限公司,臺中市西屯區福恩里工業區一路66之2號2樓,38000000,1081212
4760,28760375,禧樹景觀股份有限公司,臺中市北屯區和平里軍福十六路18號,7000000,1081224
4762,28762465,富久土地開發股份有限公司,臺中市西屯區臺灣大道二段910號4樓之6,75000000,1081204
4771,28772034,玖上置業有限公司,臺中市南屯區豐樂里文心南七路128號9樓之2,6000000,1081230
4773,28773596,曜凌光電股份有限公司,臺中市大雅區秀山里科雅路25號5樓,525367570,1081224
4774,28777404,緗品科技實業有限公司,臺中市北屯區松竹里熱河路三段86號1樓,5000000,1081211
4775,28778086,新濱食品有限公司,臺中市烏日區九德里中華路229號1樓,12000000,1081206
4776,28779487,金展達企業股份有限公司,臺中市烏日區溪埧里環中路8段260巷23弄1號1樓,29500000,1081202
4788,28795310,時超科技股份有限公司,臺中市龍井區忠和里海尾路306巷18號,30000000,1081211
4789,28795368,曜創投資有限公司,臺中市東區精武東路17號1樓,19500000,1081219
4791,28795965,聯積砂石實業股份有限公司,臺中市南屯區公益路二段61號3樓之2,10000000,1081213
4795,28802516,台碩不動產經紀有限公司,臺中市大里區永隆里國光路2段567號1樓,1700000,1081231
4803,28812063,劦電科技企業有限公司,臺中市潭子區潭陽里復興路2段43號1樓,1000000,1081203
4808,28818974,尚禾資產管理股份有限公司,臺中市西區忠明南路100號,29500000,1081230
4872,28875361,佰勳股份有限公司,臺中市大里區大元里國中路3巷19號,16000000,1081202
4873,28876039,玖裕營造有限公司,臺中市南屯區大業里大業路177號地下1層之1,15000000,1081206
4874,28876262,鼎太開發股份有限公司,臺中市西區民權路239號9樓,235200000,1081216
4886,28891405,龍成興業有限公司,臺中市南屯區豐樂里向心南路795號,5000000,1081225
4889,28893403,聚富建設有限公司,臺中市西屯區四川二街38號2樓,105000000,1081216
4906,28922174,東君能源系統股份有限公司,臺中市大雅區永和路六甲巷10之35號,30000000,1081230
4907,28923455,全農保險代理人股份有限公司,臺中市大里區永隆里爽文路917號1樓,5000000,1081226
4910,28925475,雷尼紹股份有限公司,臺中市南屯區文山里精科七路2號2樓,3000000,1081231
4913,28928141,嘉豐機械工業有限公司,臺中市潭子區栗林里民生街197號,25000000,1081219
4914,28930168,億燦建設有限公司,臺中市神岡區大漢街1巷37號2樓,3000000,1081224
4915,28930625,總合機械股份有限公司,臺中市潭子區潭富路一段144巷45號2樓,15000000,1081225
4918,28936445,摩根商務旅館股份有限公司,臺中市西屯區福星路427號1樓至11樓,40000000,1081205
4923,28939837,鉅將投資有限公司,臺中市大甲區大智街245號1樓,16450000,1081213
4926,28945520,寶潔能工業有限公司,臺中市西區臺灣大道二段158號,20000000,1081202
4933,28951515,鼎旺休閒開發事業股份有限公司,臺中市西屯區寧夏路199號地下2樓,22000000,1081227
4939,28957975,信宥有限公司,臺中市大甲區孟春里中山路二段89號,13000000,1081227
4941,28958860,王器科技有限公司,臺中市西屯區西平里西安街269號,10000000,1081223
4945,28963049,正華包裝有限公司,臺中市神岡區社口里中山路956之12號,5000000,1081203
4951,28968396,芬妮克絲企業有限公司,臺中市西屯區何厝東二街23號9樓之3,5000000,1081209
5059,29089587,優麗國際管理系統驗證股份有限公司,臺中市豐原區圓環西路23號8樓,11320000,1081202
5061,29091556,山稜汽車有限公司,臺中市北區太原路一段506號1樓,2000000,1081226
5066,29095238,正德工程顧問有限公司,臺中市西屯區文心路三段51號10樓之1,1000000,1081218
5070,29100056,友仁蔘藥有限公司,臺中市南區樹義里樹義五巷137弄7號1樓,7000000,1081230
5083,29109752,宏茂工程有限公司,臺中市南屯區春社里嶺東南路76號7樓,10000000,1081205
5084,29109943,銓鴻有限公司,臺中市大肚區新興里沙田路二段383之1號,15000000,1081211
5092,29121664,俊同貿易有限公司,臺中市太平區新福里中山路四段225號,1000000,1081210
5096,29123109,明昕包裝有限公司,臺中市龍井區龍泉里龍社一街35號1樓,12000000,1081202
5098,29123591,湧詮金屬科技有限公司,臺中市西屯區龍潭里龍洋巷29之15號,1000000,1081219
5102,29128006,馨禾國際美康事業有限公司,臺中市北屯區文心路三段1027號6樓,5000000,1081224
5118,29143843,夫妻事業股份有限公司,臺中市西屯區何成里文心路二段566之1號3樓之1,206302000,1081206
5158,29182275,法液空電子設備股份有限公司,臺中市大雅區科雅路28號3樓,66200000,1081212
5159,29182612,台灣倉敷機械股份有限公司,臺中市后里區后里里1鄰后科南路32號,264000000,1081209
5160,29183133,聚光能源科技股份有限公司,臺中市西屯區林厝里科園路21號,10000000,1081223
5161,29183154,創勁綠能股份有限公司,臺中市西屯區中科路1號,185000000,1081216
5165,29503157,大永真空科技股份有限公司,臺中市梧棲區草湳里自立一街200號1樓,70000000,1081213
5205,31143480,大永真空設備股份有限公司,臺中市梧棲區草湳里自立一街200號,25500000,1081211
5224,33259508,國光生物科技股份有限公司,臺中市潭子區潭興路1段3號,3628106600,1081230
5278,34341604,春和工業股份有限公司,臺中市大里區塗城里塗城路151巷7號,3000000,1081217
5309,34614132,車展交通器材股份有限公司,臺中市西屯區工業區32路85號,28800000,1081212
5334,35830158,和泰通運企業股份有限公司,臺中市烏日區榮泉里中山路三段1337號1樓,35000000,1081225
5421,42570170,政鋐工程有限公司,臺中市沙鹿區福幼街27巷51號1樓,10000000,1081211
5424,42572542,雋晟建設有限公司,臺中市南屯區東興路一段363號,5000000,1081225
5461,42599057,鴻展國際開發有限公司,臺中市西屯區中科路1159號1樓,1000000,1081231
5466,42601954,阿妹床業有限公司,臺中市大甲區日南里工九路40號,5000000,1081202
5520,42638474,尚德娛樂傳播股份有限公司,臺中市北屯區中清路二段1062號2樓,19250000,1081224
5528,42641175,崇博有限公司,臺中市西屯區河南路二段262號3樓之2,5000000,1081205
5542,42648711,臻愛實業股份有限公司,臺中市烏日區公園路342號8樓,150000000,1081224
5566,42661235,正業興精密機械有限公司,臺中市潭子區嘉豐路302號,5000000,1081230
5567,42661474,十時室內裝修設計有限公司,臺中市南屯區大聖街333號1樓,500000,1081220
5568,42663141,和麗旺開發股份有限公司,臺中市南區樹義里大慶街二段6之16巷36號11樓之2,10000000,1081219
5569,42663563,極聚建設有限公司,臺中市西屯區何安里何厝街67巷9號1樓,3000000,1081219
5570,42664248,裕隆營造有限公司,臺中市西屯區臺灣大道四段925號4樓之5,3000000,1081219
5571,42665393,永佳欣業有限公司,臺中市南區五權南路278巷31號1樓,1000000,1081231
5572,42666169,國企投資有限公司,臺中市北屯區新平里中平路516號1樓,500000,1081224
5573,42666695,天際線防火科技有限公司,臺中市南屯區豐樂里文心南七路126號9樓之5,2020000,1081218
5574,42666724,富萊防火科技有限公司,臺中市烏日區東園里溪南路一段682巷285弄39號,5000000,1081216
5575,42668954,百年樹人文教科技股份有限公司,臺中市南屯區大業里大進街509號1樓,1000000,1081211
5576,42669399,全鑫精密工業股份有限公司,臺中市西屯區工業區三十六路23號,102350200,1081225
5577,42669721,長威數位國際股份有限公司,臺中市南屯區公益路二段51號21樓,2000000,1081220
5578,42669877,鼎虔有限公司,臺中市霧峰區南柳里柳豐路380巷84號1樓,1000000,1081224
5579,42669898,昶乾坤健康生技有限公司,臺中市南區新榮里學府路168巷5號6樓之9,15010000,1081224
5580,42670348,孫悟空創意發明股份有限公司,臺中市西區公益里公益路223號地下一樓,49000000,1081210
5582,42671867,傳奇實業股份有限公司,臺中市西屯區潮洋里朝富路213號27樓之2,11800000,1081220
5583,42672211,柴屋有限公司,臺中市大雅區永和路112之9號,1000000,1081219
5584,42672541,普利汽車影音科技有限公司,臺中市南區國光里合作街199號,600000,1081224
5586,42673252,勵耀企業有限公司,臺中市北區崇德路一段629號19樓之2,3000000,1081204
5587,42673703,宏羿實業有限公司,臺中市北屯區太原路三段177號1樓,8000000,1081206
5588,42674055,璟暮有限公司,臺中市南屯區大觀路36號,12500000,1081210
5589,42674169,頂尖能源科技有限公司,臺中市龍井區忠和里台西南路220巷20號,2000000,1081216
5590,42674219,銀河計量企業有限公司,臺中市北區頂厝里太原路二段259號5樓,500000,1081202
5591,42674512,正長松建材有限公司,臺中市霧峰區本堂里林森路89號,8000000,1081223
5592,42675097,宜芃營造有限公司,臺中市南區美村路二段186號11樓之2,15000000,1081206
5593,42675358,品美金屬工程有限公司,臺中市南屯區楓樹里黎明路一段310之5號2樓,60000,1081220
5594,42675391,薪暉建設有限公司,臺中市北屯區文昌三街55號1樓,16000000,1081211
5595,42676510,力十科技股份有限公司,臺中市潭子區栗林里祥和路47號7樓,20000000,1081206
5597,42677383,川威建設有限公司,臺中市太平區永平里新平路一段138巷20之2號1樓,7000000,1081230
5598,42677882,大一明科技有限公司,臺中市豐原區中山里博愛街60巷38號4樓之2,15100000,1081211
5599,42678088,沛璽國際有限公司,臺中市北屯區后庄三街216巷22號1樓,2900000,1081205
5600,42678242,恆裕工業有限公司,臺中市太平區宜欣里溪洲路77巷7號,900000,1081206
5601,42679349,加貝賀開發股份有限公司,臺中市大里區西湖里大峰路320號1樓,26000000,1081223
5602,42679988,聖冠有限公司,臺中市南屯區大業路241號3樓之1,4500000,1081204
5603,42680198,百碩企管顧問股份有限公司,臺中市南區和平里忠明南路789號38樓之2,2500000,1081224
5604,42683081,蓮荷有限公司,臺中市北屯區和平里和祥五街188號,1000000,1081206
5605,42683673,博田企業有限公司,臺中市大肚區大肚里育英路7號1樓,200000,1081219
5607,42684758,閩蓁企業有限公司,臺中市東區東英里十甲路513號1樓,500000,1081224
5608,42684976,新裕投資股份有限公司,臺中市豐原區合作街80號1樓,24076000,1081230
5609,42685460,百祿鑫有限公司,臺中市豐原區鎌村里鎌村路465巷64弄78號1樓,3000000,1081226
5610,42686658,鑫鑽藻業生物科技股份有限公司,臺中市西區公民里五廊街8巷1號,1000000,1081205
5611,42687045,日安東工程有限公司,臺中市南屯區同心里大英西一街11號20樓之1,500000,1081202
5612,42687328,岦威有限公司,臺中市神岡區庄後里中車路72之7號,1006000,1081218
5613,42687381,沃沃租賃有限公司,臺中市北區明新里中清路一段447號10樓之3,20000000,1081220
5614,42688213,皇濱國際汽車精品有限公司,臺中市北區長青里陜西路46號1樓,1000000,1081212
5615,42688419,富堡室內裝修有限公司,臺中市西區精誠二街13號1樓,2000000,1081203
5616,42688641,聚展行銷有限公司,臺中市北區文莊里中清路一段89號9樓之1,200000,1081218
5617,42689199,歐客衛浴設備有限公司,臺中市沙鹿區三鹿里自強路738號1樓,150000,1081227
5618,42689389,荷蘴町有限公司,臺中市西屯區西平里福星路476號1樓,500000,1081205
5620,42690219,臺灣凡夫股份有限公司,臺中市神岡區中山路1188號2樓,43000000,1081226
5684,42725786,優直精密科技有限公司,臺中市北區文心路四段182號18樓之10,500000,1081226
5714,42745122,獅皇國際有限公司,臺中市大里區大元里大里街16巷7號2樓,5000000,1081224
5717,42745559,辰峰環境科技有限公司,臺中市西區民龍里台灣大道二段307號6樓之1,1000000,1081219
5729,42749231,薪薪企業有限公司,臺中市神岡區社口里八德路470巷2弄93號1樓,50000,1081217
5742,42755697,華盛環球有限公司,臺中市北區淡溝里臺灣大道二段360號17樓之1,5000000,1081216
5762,42766097,靚婇國際生技有限公司,臺中市潭子區家興里3鄰中山路一段13之6號11樓,10000000,1081210
5811,42795826,龍吟國際有限公司,臺中市南屯區大墩路632號,1500000,1081205
5892,42832651,中華評值有限公司,臺中市西屯區西屯路二段256巷6號2樓之8,1000000,1081206
5957,42872415,逸康國際有限公司,臺中市北區賴旺里文心路四段182號地下一層之一,500000,1081224
5958,42873569,賓億工程有限公司,臺中市北屯區廍子里北坑巷2之22號,300000,1081216
5959,42873955,商藝實業有限公司,臺中市西區民龍里文化街156號地下層之2,10000000,1081205
5960,42875546,尚盟開發有限公司,臺中市南屯區惠文路536號6樓之2,5000000,1081231
5962,42876475,廣閤環保科技有限公司,臺中市北屯區松茂里松竹北路199號1樓,8000000,1081218
5963,42876600,達億工程有限公司,臺中市南區新榮里信義南街109號12樓之3,1000000,1081231
5964,42877214,彩悅數碼有限公司,臺中市北區健行里健行路926號1樓,2000000,1081206
5965,42878213,泰鋒精密科技股份有限公司,臺中市西屯區潮洋里市政北二路282號21樓之9,15000000,1081204
5966,42878403,安帥企業有限公司,臺中市外埔區大東里甲后路五段186巷12號1樓,2000000,1081230
5967,42878488,勝興複合材料有限公司,臺中市外埔區大同里甲后路三段839號1樓,3000000,1081212
5968,42880652,健諾克有限公司,臺中市北區忠太東路118號10樓之3,500000,1081216
5969,42881131,賀普科技股份有限公司,臺中市北屯區平德里綏遠路二段150號1樓、2樓及152號1樓、2樓,7000000,1081230
5970,42881337,璦絲兒國際生技有限公司,臺中市西屯區惠來里市政路402號5樓之6,1200000,1081220
5971,42881759,安寶樂國際影音文化有限公司,臺中市西區民龍里臺灣大道二段186號20樓之5,660000,1081217
5972,42881809,天麗興業有限公司,臺中市西區公益里忠明南路237號9樓之4,5000000,1081203
5975,42883813,千第企業有限公司,臺中市南屯區豐樂里文心南五路一段520號1樓,100000,1081223
5977,42884073,世峯廣告企劃股份有限公司,臺中市北區武昌路140之1號1樓,1000000,1081203
5978,42884159,美樂健康管理顧問有限公司,臺中市東區三賢街166號3樓,15000000,1081213
5979,42884334,荃安機電事業股份有限公司,臺中市南屯區南屯里黎明路一段965巷58弄2之1號1樓,3000000,1081219
5980,42885208,世濰股份有限公司,臺中市烏日區三和里三榮六路60巷2號1樓,10000000,1081217
5981,42885262,彩富電器有限公司,臺中市豐原區南嵩里水源路9巷167號1樓,16888,1081205
5982,42885570,鎮弘股份有限公司,臺中市神岡區社南里昌平路五段313巷2號3樓,26180000,1081202
5983,42885994,震紳科技股份有限公司,臺中市大里區新仁里3鄰新仁二街21號1樓,20000000,1081205
5984,42886070,顯物林有限公司,臺中市南區長春里合作街40號1樓,300000,1081202
5985,42886635,多重宙文創娛樂有限公司,臺中市西區忠誠里華美西街一段85號7樓,200000,1081219
5986,42887304,席匯機械工程有限公司,臺中市西屯區何仁里文心路三段155之1號7樓,1000000,1081216
5987,42887389,欣朔實業股份有限公司,臺中市南區福田三街96號1樓,2000000,1081227
5989,42888057,廣宏金屬股份有限公司,臺中市烏日區前竹里中山路一段229巷18號,7800000,1081212
5990,42888541,鎮南有限公司,臺中市大雅區六寶里光復路1號1樓,200000,1081210
5991,42890201,名彬金屬工業股份有限公司,臺中市大里區內新里新和街14號1樓,12000000,1081220
5992,42890737,金盛鑫精密有限公司,臺中市北屯區大德里雷中街54號1樓,11550000,1081219
5993,42891623,馬祖美食有限公司,臺中市潭子區潭秀里潭富路一段117之1號,15000000,1081201
5994,42892051,洪馬克影業有限公司,臺中市北區立人里北平二街30號1樓,5000000,1081206
5995,42892947,百富興國際貿易有限公司,臺中市北區健行里民權路559號3樓之1,1600000,1081217
5997,42893988,東華國際物流有限公司,臺中市清水區南社里鰲峰路315巷52號1樓,7500000,1081212
5998,42894092,博澧實業有限公司,臺中市北區學士路257號14樓,1000000,1081205
5999,42894537,宏利國際數位行銷服務商業股份有限公司,臺中市大里區內新里益民路一段146之5號,1500000,1081217
6000,42894543,千豪國際車業有限公司,臺中市南屯區新生里龍德路一段107號,10000000,1081210
6001,42895022,滾動經濟商務有限公司,臺中市沙鹿區洛泉里中山路196巷35號1樓,250000,1081213
6002,42896248,酒號倉庫有限公司,臺中市大里區新里里爽文路398號,5000000,1081205
6003,42896866,宇威國際開發有限公司,臺中市西屯區文心路二段566之1號3樓之1,10000000,1081223
6004,42897077,康沐有限公司,臺中市南屯區同心里南屯路二段290號12樓之2,1350000,1081230
6005,42897160,榮昇居家設計有限公司,臺中市神岡區新庄里成都路74號1樓,750000,1081218
6006,42897400,串門子社會設計有限公司,臺中市東區進化路241號5樓之2,1000000,1081211
6007,42897437,怡米沃有限公司,臺中市北屯區北屯路360號5樓之1,100000,1081203
6008,42898421,聯大興業股份有限公司,臺中市大里區自強街29巷1號9樓,10000000,1081226
6009,42898787,昶耀實業有限公司,臺中市北區淡溝里台灣大道二段340號5樓之2,5000000,1081205
6010,42899717,立群工業有限公司,臺中市梧棲區大庄里信義街102巷36號1樓,500000,1081211
6073,42940321,旻昱環保有限公司,臺中市大里區東興里國光路二段500號5樓之1,2000000,1081205
6133,42973130,享品企業有限公司,臺中市西屯區大墩20街99號5樓,1000000,1081216
6183,42991334,殘念有限公司,臺中市西區昇平街59號1樓,6000000,1081205
6276,43860248,晉昇水電企業有限公司,臺中市西屯區青海路一段108號,2000000,1081230
6302,43923692,久揚交通股份有限公司,臺中市梧棲區四維路104號6樓之2,6500000,1081211
6348,45043052,圓通國際旅行社有限公司,臺中市南屯區文山路26號,6000000,1081209
6394,45118166,崍諾科技股份有限公司,臺中市北區賴明里漢口路四段35號11樓,26000000,1081202
6451,45145635,欣美威金屬有限公司,臺中市潭子區潭興路一段258巷2之6號,500000,1081210
6452,45146310,遠程科技顧問有限公司,臺中市北屯區同榮路239巷21號,1000000,1081202
6453,45146439,助福社會企業股份有限公司,臺中市西區忠明里中興街229號5樓,18200000,1081225
6454,45146661,洛妍有限公司,臺中市北屯區仁美里崇德路三段599號3樓,1000000,1081210
6455,45146677,萬馬奔騰投資股份有限公司,臺中市南屯區向上路二段330之6號1樓,20180000,1081213
6456,45147140,喵喵有限公司,臺中市北區健行里德化街580號,2500000,1081206
6457,45147937,深度投資股份有限公司,臺中市西區吉龍里五權西路一段73號2樓,103805000,1081220
6458,45149246,奕強塑膠有限公司,臺中市大甲區頂店里經國路1321號,550000,1081217
6463,45195368,生暉商行有限公司,臺中市梧棲區星美路203號1樓,500000,1081211
6464,45196057,新航小客車租賃有限公司,臺中市大雅區員林里雅環路三段19巷26號,5000000,1081218
6465,45196296,寶峰工業股份有限公司,臺中市大里區仁化里工業十一路161號,5000000,1081205
6466,45196633,普曌工程有限公司,臺中市豐原區南田里富陽路235巷129弄118號1樓,6500000,1081216
6468,45876097,王盛建設股份有限公司,臺中市中區中華路一段171之11之1號11樓,5000000,1081217
6469,45876603,鴻聚文創有限公司,臺中市北屯區廍子路729號1樓,1000000,1081212
6470,45876792,世荺貿易有限公司,臺中市西屯區潮洋里朝馬二街5號3樓,2000000,1081217
6471,45877096,泓德能源科技股份有限公司,臺中市西屯區朝富路213號28樓之2、之3,255000000,1081216
6472,45877265,燈韻科技有限公司,臺中市南屯區河南路四段718號10樓之7,5000000,1081220
6473,45877461,廣發機械產業有限公司,臺中市北區邱厝里崇德路一段158號3樓,5000000,1081226
6474,45877547,獅子王國際有限公司,臺中市南區樹義里工學路155巷15弄5號1樓,3000000,1081218
6476,45877743,軒韜實業有限公司,臺中市梧棲區福德里忠孝街5號2樓,5000000,1081203
6477,45878222,惠田開發股份有限公司,臺中市西區忠誠里臺灣大道二段573號10樓,11000000,1081223
6478,45878285,比特雲科訊有限公司,臺中市北屯區松竹里松順一街41號2樓,3000000,1081226
6479,45878742,蕎生藥品生技有限公司,臺中市東區東門里東光園路177之1號2樓,1900000,1081213
6481,45879382,德凡特未來股份有限公司,臺中市西區忠明南路237號9樓之1,5000000,1081209
6482,45879518,裕宏泰股份有限公司,臺中市南屯區河南路四段489號2樓,29000000,1081204
6483,45880780,隆泰貿易有限公司,臺中市南屯區豐樂里永春東一路409之1號1樓,216888,1081204
6484,45881444,昇昌冠實業有限公司,臺中市神岡區神岡里中山路1365巷12號,1000000,1081219
6485,45881583,九天鼎藝術股份有限公司,臺中市南屯區大業里公益路二段61號3樓之2,2500000,1081213
6486,45881676,超群創能科技股份有限公司,臺中市霧峰區舊正里光明路27巷23號1樓,25000000,1081202
6488,45883506,毅騏國際有限公司,臺中市北屯區太和東街188號9樓之3,200000,1081230
6489,45884110,相樣創藝有限公司,臺中市西區忠明里美村路一段117巷16號一樓,1000000,1081212
6491,45885531,金兆日科技股份有限公司,臺中市西屯區何仁里天水東街7號,29000000,1081203
6492,45885589,善水生技有限公司,臺中市北區德化街432之1號1樓,5000000,1081205
6493,45885693,達日豪物業有限公司,臺中市大里區立仁里新仁路一段217巷18號1樓,500000,1081226
6494,45886285,逗狗股份有限公司,臺中市西屯區福林里西屯路三段281巷1號,7000000,1081227
6495,45886291,禾翔國際股份有限公司,臺中市西屯區潮洋里朝富路213號15樓之6,6990000,1081203
6496,45886356,杰暘鋼構有限公司,臺中市北屯區和平里和祥街37號1樓,1000000,1081205
6497,45886362,臺灣味道國際餐飲企業股份有限公司,臺中市西區双龍里模範街31巷7弄10號1樓,55000000,1081224
6498,45888615,富豐信企業有限公司,臺中市神岡區新庄里新興路105號1樓,6000000,1081203
6499,45889065,卉逸一包裝設計有限公司,臺中市南區忠明南路922號1樓,1000000,1081224
6500,45889522,達新公寓大廈管理維護有限公司,臺中市大里區立仁里新仁路一段217巷18號1樓,10000000,1081225
6501,45890099,辰奕網路行銷有限公司,臺中市北區成功路439之44號,50000,1081224
6551,46644407,俏城市有限公司,臺中市神岡區北庄里中山路989巷7之11號,400000,1081227
6635,50764564,優富國際食品有限公司,臺中市南屯區向心里6鄰文心南三路588號20樓之1,500000,1081226
6695,50785168,奔馳投資顧問股份有限公司,臺中市北區文心路四段201號,1100000,1081219
6747,50803742,卓越非凡有限公司,臺中市西屯區何南里大墩二十街118號5樓之1,1000000,1081224
6765,50810671,佳德塑膠有限公司,臺中市南區和平里復興路二段71巷77弄51號12樓,1000000,1081224
6766,50811095,欣展切削工具有限公司,臺中市龍井區新興路78巷4號2樓,3000000,1081226
6767,50811377,一洋游泳池工程有限公司,臺中市東區泉源里建成路336巷25之1號1樓,5000000,1081211
6768,50812313,可頌有限公司,臺中市神岡區民生路27之18號3樓,700000,1081204
6769,50812405,川玖國際股份有限公司,臺中市南屯區大同里大墩七街131號,200000,1081213
6770,50815177,鵬遠工程有限公司,臺中市霧峰區四德路505巷30號,300000,1081223
6771,50815487,錡霖鐵模有限公司,臺中市梧棲區南簡里大智路一段330巷37弄28號1樓,300000,1081213
6772,50815711,御峰商務中心有限公司,臺中市西區民龍里臺灣大道二段186號24樓之1、24樓之2、24樓之3、24樓之5,900000,1081223
6773,50815986,輕能量電子商務科技有限公司,臺中市南區復興北路779號,1580000,1081205
6774,50816388,宏立數位科技有限公司,臺中市北屯區水湳里文心路四段81號5樓之2,5000000,1081203
6775,50816985,獵人玩具有限公司,臺中市北區文武街8號,1010000,1081209
6776,50817416,興利國際有限公司,臺中市霧峰區本堂里四德路53號2樓,500000,1081227
6777,50817632,潮膳控股股份有限公司,臺中市南屯區田心里大墩四街321號地下一層,12900000,1081202
6778,50817674,果匠股份有限公司,臺中市西區英才路506號,600000,1081210
6779,50817703,紹豐餐飲有限公司,臺中市西區公益路172號1樓,400000,1081223
6780,50819147,波阿斯居家智慧股份有限公司,臺中市潭子區頭家里和平路41號,20000000,1081231
6781,50819499,地旺生物工程有限公司,臺中市西區公正里大進街202號14樓之2,2000000,1081226
6782,50819907,捷恆科技有限公司,臺中市北區山西路二段23巷5之2號,1000000,1081216
6783,50820101,允辰昌工程有限公司,臺中市西區廣民里大明街6號,1000000,1081213
6784,50820720,大新紙業有限公司,臺中市神岡區圳前里中山路1720巷13號1樓,2000000,1081230
6785,50821164,翔盈開發有限公司,臺中市南屯區向上南路一段167號14樓,7500000,1081218
6786,50821208,安谷國際股份有限公司,臺中市北屯區后庄里新興路1之3之1號,2000000,1081209
6788,50821565,維京人商務中心有限公司,臺中市西屯區市政北二路282號24樓之1,10000000,1081219
6789,50821919,金必達貿易有限公司,臺中市北區賴村里學士路257號14樓,300000,1081210
6790,50822543,海霖有限公司,臺中市北屯區軍功里松竹路一段883號14樓之2,500000,1081218
6791,50823212,戌昇有限公司,臺中市西屯區惠來里文心路三段13之7號,2500000,1081206
6792,50823970,華居易不動產有限公司,臺中市東區旱溪東路一段205號1樓,750000,1081217
6793,50825422,勇旭國際企業有限公司,臺中市北屯區平安里崇德路二段46之8號9樓,1000000,1081206
6794,50826436,芳林樂活事業有限公司,臺中市豐原區社皮里16鄰豐原大道一段291號1樓,1000000,1081209
6795,50826816,匯寶建設有限公司,臺中市南屯區三厝里河南路四段465號3樓,12000000,1081203
6797,50826908,霑露精密科技有限公司,臺中市西區柳川東路二段58號,29500000,1081206
6798,50828504,安達系統有限公司,臺中市北屯區文心路四段83號十四樓,6000000,1081213
6799,50829813,百正創新科技股份有限公司,臺中市神岡區豐洲里豐洲路372號1樓,30000000,1081219
6800,50830092,勝鼎不動產經紀有限公司,臺中市龍井區龍泉里南社二街148號1樓,300000,1081211
6801,50830712,新元國際貿易股份有限公司,臺中市西屯區惠來里市政路101號1樓,50000000,1081205
6802,50831698,伍聯工業有限公司,臺中市清水區楊厝里頂三庄路20號1樓,5000000,1081218
6803,50831888,九次方數據行銷有限公司,臺中市西屯區惠來里市政北七路186號12樓之2,500000,1081224
6805,50831986,天地匯投資管理顧問有限公司,臺中市南區忠明南路758號27樓,25000000,1081230
6806,50832556,愛瘋券有限公司,臺中市西區臺灣大道二段186號22樓之5,8000000,1081213
6807,50832845,昕霓實業有限公司,臺中市西屯區西墩里福科路23號,2000000,1081210
6808,50833289,新濟光電股份有限公司,臺中市南屯區工業區二十路1號,23000000,1081218
6809,50833416,明裕運動器材有限公司,臺中市北屯區東光路724巷17號7樓,100000,1081219
6810,50834359,雅努斯有限公司,臺中市大雅區文雅里中山北路473巷58號,100000,1081219
6811,50834610,樂利來國際有限公司,臺中市西屯區潮洋里市政北二路282號10樓之8及之9,10000000,1081210
6812,50834962,達易智造股份有限公司,臺中市西屯區臺灣大道四段925號9樓之3,30000000,1081225
6813,50834999,良益工程顧問有限公司,臺中市北區健行里忠明路424號19樓之2,1000000,1081216
6814,50835337,峰邦百貨有限公司,臺中市北屯區后庄里后庄路220號2樓,500000,1081226
6815,50835717,食態股份有限公司,臺中市潭子區福仁里合作街86巷1號1樓,500000,1081202
6816,50836321,誌彙科技有限公司,臺中市西區英才路530號11樓之5,1000000,1081211
6817,50837861,明佳興投資股份有限公司,臺中市北屯區苧園48巷3弄12號1樓,20000000,1081219
6818,50837927,維尼雅投資股份有限公司,臺中市南屯區田心里大墩四街325號2樓,10000000,1081217
6819,50838968,五陽貿易有限公司,臺中市西屯區大容西街51號2樓之2,400000,1081220
6820,50839018,熱電醫學科技股份有限公司,臺中市南屯區永春東路700巷1號1樓,501000,1081213
6821,50839299,窩百態室內裝修設計股份有限公司,臺中市北屯區水景里太原路三段842號1樓,7500000,1081230
6822,50839397,鴻岳傳動股份有限公司,臺中市潭子區中山路三段305巷41號,12000000,1081219
6823,50840057,佶和有限公司,臺中市中區綠川里民族路23號3樓之2,50000,1081206
6824,50840134,遨睿管理顧問有限公司,臺中市大里區東興里國光路二段500號5樓之6,200000,1081216
6825,50840280,亞崙科技股份有限公司,臺中市北屯區陳平里同平巷3號1樓,2000000,1081218
6962,50887480,卓信有限公司,臺中市西區臺灣大道二段186號14樓之1,9000000,1081220
7024,50903806,洲際國際投資有限公司,臺中市北區賴興里天津路二段125之6號1樓,20000000,1081216
7044,50907578,艾瑪伯頓租賃有限公司,臺中市西屯區潮洋里市政北二路282號8樓之6,6000000,1081206
7238,51078418,中新科技股份有限公司,臺中市南屯區工業區23路13號,28000000,1081205
7240,51154879,本豐企業股份有限公司,臺中市西區臺灣大道二段158號1樓,6000000,1081212
7244,51236492,同正實業股份有限公司,臺中市南屯區楓樹里楓和路752號,6000000,1081210
7249,51324586,佳隆企業股份有限公司,臺中市南屯區大墩路457號12樓之4,27300000,1081213
7250,51388005,三興機器工業股份有限公司,臺中市南區復興路二段71巷77弄3號,42000000,1081219
7251,51390804,明通化學製藥股份有限公司,臺中市南區復興路二段120號,120000000,1081218
7253,51594906,祥泰液化煤氣有限公司,臺中市北區健行路609巷1號1樓,250000,1081224
7258,51953901,雙美交通有限公司,臺中市沙鹿區東英路78之3號1樓,2000000,1081217
7273,52239052,銀航通運有限公司,臺中市大里區祥興里中興路二段768號11樓之6,16000000,1081211
7279,52248138,中源交通事業有限公司,臺中市外埔區六分路368號2樓,12000000,1081226
7283,52259079,天心工業股份有限公司,臺中市霧峰區霧工八路6號,420000000,1081202
7293,52279856,中洲通運事業股份有限公司,臺中市梧棲區頂寮里臨港路四段860巷17號2樓,26000000,1081224
7303,52300464,世達藥品工業股份有限公司,臺中市西屯區工業區十五路2號,83100000,1081205
7305,52307754,寶島通運股份有限公司,臺中市大里區祥興里中興路二段768號11樓之6,29000000,1081210
7307,52315403,長青交通工業股份有限公司,臺中市南區樹義里大慶街一段259之7號,22735000,1081225
7312,52328836,銘上營造股份有限公司,臺中市北屯區松山街174號,100000000,1081218
7320,52372001,廖秀雄企業股份有限公司,臺中市東區振興路412巷122號,12000000,1081230
7321,52373509,禹昇企業股份有限公司,臺中市北屯區平昌里昌平路一段66號1樓,12000000,1081216
7323,52381326,啟光社工業股份有限公司,臺中市南區工學里工學路155巷15弄10號1樓,10000000,1081227
7334,52414614,魔域購股份有限公司,臺中市大里區東湖里科技路166號4樓之1,5000000,1081209
7340,52417725,忠欣企業股份有限公司,臺中市大里區國光路一段16號,30300000,1081213
7351,52434724,日太交通器材股份有限公司,臺中市南區長榮里信義南街167號1樓,10000000,1081225
7354,52438019,加貝麥興業開發有限公司,臺中市南屯區楓樹里互愛巷62號1樓,5000000,1081206
7355,52438046,弘達儀器股份有限公司,臺中市南屯區文山里精科中路20號,130000000,1081220
7375,52470811,東億五金有限公司,臺中市東區立德街209號,5000000,1081209
7379,52481084,精通精密工業股份有限公司,臺中市東區東橋里建仁街9號1樓,10000000,1081223
7387,52492809,忠記紡織股份有限公司,臺中市西屯區工業區三六路32號1樓,32155200,1081206
7391,52501814,律馬企業有限公司,臺中市太平區太平里永成路60巷17號1樓,8000000,1081209
7393,52507113,讚興企業有限公司,臺中市西區藍興里公館路185號1樓,42500000,1081220
7395,52511051,九六單車股份有限公司,臺中市西屯區至善里至善路35號,2000000,1081219
7417,52560215,金崇機械廠股份有限公司,臺中市南區平和里南平一街9巷1號,12000000,1081224
7429,52576201,順基企業有限公司,臺中市沙鹿區六路里六路十街110號1樓,9090000,1081204
7432,52585855,學說有限公司,臺中市北區賴村里學士路257號7樓,500000,1081202
7457,52616512,鑫佳聯生醫科技股份有限公司,臺中市西區臺灣大道二段220號7樓,97710000,1081218
7464,52626666,元錄機械股份有限公司,臺中市太平區新仁路1段22巷69號,60000000,1081224
7467,52636475,心東益國際貿易有限公司,臺中市西屯區大鵬里文心路三段241號21樓之2,8000000,1081216
7478,52652869,山濤企業股份有限公司,臺中市大里區東榮路441號,10000000,1081211
7482,52661950,臺灣豪根企業有限公司,臺中市西屯區協和里工業區三七路30之2號,10000000,1081203
7484,52669284,建安商業機器有限公司,臺中市東區建中街124號1樓,3000000,1081204
7519,52714226,大軍產業股份有限公司,臺中市霧峰區丁台里南阡巷147之5號,21250000,1081224
7521,52720542,科計貿易有限公司,臺中市北屯區中清路二段442號5樓,5000000,1081219
7522,52720944,佑龍股份有限公司,臺中市北屯區軍功里軍功路二段461巷36號,10000000,1081224
7523,52722345,源增實業有限公司,臺中市北屯區天津路三段150號1樓,3300000,1081213
7526,52751565,展碩國際有限公司,臺中市神岡區大社里大漢街47號4樓,5000000,1081220
7531,52754107,翰樺美術印刷廠股份有限公司,臺中市南屯區南屯里萬和路2段36–21號,10000000,1081227
7533,52758011,魏斯蒙股份有限公司,臺中市西屯區工業區七路10號,83310000,1081217
7534,52761634,恆伸照相器材有限公司,臺中市南屯區大同里大墩六街133號1樓,39000000,1081203
7552,52805062,傑恩趨勢有限公司,臺中市神岡區和睦路一段358巷10之3號,300000,1081224
7556,52809969,新美寢具企業股份有限公司,臺中市西屯區光明路91之1號1樓,5000000,1081203
7557,52811613,中源機電顧問股份有限公司,臺中市西屯區烈美街188號1樓,160000000,1081224
7559,52816482,展裕塑膠機械工業有限公司,臺中市西屯區西屯路二段270之20號一樓,3000000,1081218
7560,52817285,永詮工業有限公司,臺中市西屯區何仁里文心路三段129巷14號,3000000,1081205
7569,52858270,志輝塑膠股份有限公司,臺中市大里區瑞城里中興路一段2巷81弄101號,5000000,1081204
7576,52870751,順集科技股份有限公司,臺中市潭子區中山路三段537號,100000000,1081224
7577,52871604,翔鷹投資有限公司,臺中市西屯區西屯路三段293號2樓,10000000,1081204
7593,52889822,春錫機械工業股份有限公司,臺中市太平區工業路189號1樓,275600000,1081230
7596,52895417,華谷電機股份有限公司,臺中市南屯區精科路16號,339200000,1081218
7604,52919641,星將儀器有限公司,臺中市南屯區市政南二路189巷3號1樓,15000000,1081225
7608,52921718,統全樹脂化工廠股份有限公司,臺中市南屯區寶山里工業區18路10號,12000000,1081206
7609,52923835,繼謙股份有限公司,臺中市太平區大興路361號,970000000,1081227
7627,53015214,薩摩亞商順譽世界企業有限公司,臺中市潭子區民生街64巷13號,30000000,1081203
7634,53030138,達鴻機械股份有限公司,臺中市潭子區中山路三段350之1號1樓,20000000,1081218
7637,53035078,台美熱能有限公司,臺中市梧棲區八德路98巷10號,212602508,1081218
7640,53038440,駿碩科技有限公司,臺中市西區英才路506號,1000000,1081224
7641,53041347,明塑科技有限公司,臺中市龍井區三德里工業路173巷39號,6000000,1081219
7648,53047573,永旭水產有限公司,臺中市西屯區福安里安和路168號5樓之5,6000000,1081213
7658,53053666,龍昇輝有限公司,臺中市西屯區惠來里市政路402號19樓之6,19150200,1081218
7659,53054193,羅杰塑膠科技股份有限公司,臺中市大肚區沙田路一段320巷35號,91000000,1081206
7661,53056452,東方美建設股份有限公司,臺中市大里區大里路182號1樓,15000000,1081211
7664,53059747,日月光綠能國際股份有限公司,臺中市大雅區永和路8之11號,5000000,1081224
7665,53059866,阡群開發股份有限公司,臺中市南屯區文山里文山五街150號,5000000,1081225
7670,53061878,華敬樂活股份有限公司,臺中市北區漢口路三段189號7樓,20000000,1081225
7671,53064191,金道旅行社股份有限公司,臺中市南屯區三厝里黎明東街197號1樓,6000000,1081206
7673,53068730,得閎股份有限公司,臺中市潭子區潭陽里潭子街二段15號2樓,1000000,1081216
7675,53071171,鼎億資訊產業有限公司,臺中市東區東信里十甲東路258號2樓,500000,1081216
7677,53074064,鴻銘自動化科技股份有限公司,臺中市大里區大元里國中一路70號,3000000,1081231
7682,53075991,鼎瀚生技開發有限公司,臺中市北區自強街47巷26號1樓,10000000,1081230
7737,53109269,乳之初牧場股份有限公司,臺中市西屯區市政北二路282號29樓,40000000,1081212
7752,53121159,伊莉特生物科技股份有限公司,臺中市大雅區科雅路6號,35000000,1081218
7771,53131261,崧熙科技有限公司,臺中市潭子區潭北里人和路253巷1弄11號1樓,5000000,1081216
7775,53133578,家逸土地開發股份有限公司,臺中市南屯區文心路一段378號25樓之1,77000000,1081219
7777,53134062,鴻鑄有限公司,臺中市太平區光德路375巷106號1樓,1000000,1081217
7783,53138497,百成金屬工程有限公司,臺中市北屯區豐樂路三巷2弄65號1樓,500000,1081217
7784,53138525,廣機工業有限公司,臺中市西屯區逢甲里西屯路二段256巷6號12樓之2,5000000,1081226
7785,53139186,揚昊土地開發有限公司,臺中市沙鹿區天仁南街10號1樓,5000000,1081220
7787,53139876,百益永業股份有限公司,臺中市神岡區大社里14鄰大漢街31巷16弄11號1樓,2000000,1081223
7791,53142936,麗晨建設股份有限公司,臺中市北區五權路375號5樓,56000000,1081211
7792,53143816,尼歐企業有限公司,臺中市豐原區朴子里朴子街565巷26號,1000000,1081227
7796,53151701,點石商業攝影有限公司,臺中市西屯區何德里甘州五街39號1樓,3000000,1081218
7797,53152032,達人資產管理有限公司,臺中市南屯區三厝里河南路四段538號1樓,28000000,1081226
7801,53155143,巽揚建設有限公司,臺中市西屯區惠來里文心一路116之1號3樓,25000000,1081223
7802,53156945,通凱開發有限公司,臺中市烏日區九德里中華路58號1樓,1000000,1081212
7804,53157634,祥青室內裝修工程有限公司,臺中市北屯區昌平路二段12之12號1樓,1680000,1081223
7813,53165276,生活達人建設有限公司,臺中市西區和龍里日興街96號5樓之1,10000000,1081216
7814,53165347,永旺不動產仲介有限公司,臺中市霧峰區甲寅里德維街36巷2號,1000000,1081219
7816,53167773,千虹科技有限公司,臺中市西屯區中工二路192號6樓,2000000,1081218
7818,53168246,台灣邦尼寵物用品有限公司,臺中市北屯區軍功里軍功路一段603號,1000000,1081218
7822,53169553,飛鴻生活國際有限公司,臺中市烏日區信義街214巷11號1樓,1000000,1081219
7826,53169998,銓輝國際有限公司,臺中市大肚區沙田路二段383之1號,10000000,1081223
7829,53170518,璋王生物科技股份有限公司,臺中市石岡區金星里明德路316號1樓,2000000,1081204
7830,53171333,東南錏企業股份有限公司,臺中市太平區成功里中興東路284號2樓,5000000,1081204
7831,53173655,宬葳有限公司,臺中市潭子區頭家東里中山路一段406號1樓,3000000,1081210
7914,53259560,惠眾建設股份有限公司,臺中市西屯區何安里臺灣大道2段910號6樓之5,25000000,1081226
7916,53260709,亞摩士科技有限公司,臺中市太平區長億南二街42號,500000,1081220
7919,53263396,誠錩模具有限公司,臺中市東區振興路410巷39號,3000000,1081220
7920,53264091,偉業興業有限公司,臺中市南屯區大業里大墩路764號5樓之6,5000000,1081212
7922,53266817,德醫生技有限公司,臺中市西區吉龍里五權三街81號5樓之4,5500000,1081211
7926,53275148,創義房屋仲介有限公司,臺中市西屯區河南路二段438號,1000000,1081223
7928,53277883,允贊工程有限公司,臺中市南屯區三義里文心一路373號4樓之2,20000000,1081227
7929,53278095,瑞邦網路有限公司,臺中市西區大忠里大忠南街8號1樓,3500000,1081204
7934,53279783,豪特興業股份有限公司,臺中市神岡區中山路989巷3之8號,15000000,1081202
7940,53283386,格登開發有限公司,臺中市烏日區溪埧村溪南路一段441號,1000000,1081218
7942,53285624,小武國際有限公司,臺中市東區十全街96號1樓,6000000,1081202
7944,53288100,大業藝術文化有限公司,臺中市南屯區三義里大業路518號1樓,500000,1081223
7948,53289564,立堡開發股份有限公司,臺中市西區民龍里英才路449號4樓,120000000,1081209
7949,53290226,伊爾瑪科技有限公司,臺中市北區邱厝里健行路373之6號,1000000,1081206
7955,53294953,鴻行綠能科技有限公司,臺中市北區進化北路238號10樓之3,10000000,1081218
7959,53297993,諭泰投資股份有限公司,臺中市潭子區南門街10號,15800000,1081212
7962,53300596,易錫資源回收股份有限公司,臺中市北屯區平昌里柳陽東街45號2樓之1,5000000,1081224
7964,53301080,潮港城事業股份有限公司,臺中市南屯區環中路四段2號3、4樓,220000000,1081203
7965,53301498,光晟機械有限公司,臺中市神岡區神洲里豐工中路96號,10000000,1081225
7967,53302834,卡莎舞廳有限公司,臺中市北區中清路一段79號7樓,500000,1081216
7968,53303242,聖冕國際開發有限公司,臺中市沙鹿區沙鹿里大同街69號2樓,300000,1081206
7978,53308823,鐵茂企業有限公司,臺中市大雅區大楓里昌平路四段421號,1000000,1081211
8031,53359792,億全金屬股份有限公司,臺中市太平區中興里東平路852號1樓,4000000,1081205
8033,53362163,宇泰豐國際實業有限公司,臺中市北屯區同榮里環中路一段1226號1樓,10000000,1081219
8035,53363439,瑞海營建工程有限公司,臺中市北區中清路一段372號3樓,1000000,1081224
8039,53372227,建奕工程有限公司,臺中市大里區永隆七街43號1樓,3000000,1081212
8044,53377314,華銘國際股份有限公司,臺中市大雅區六寶里中清路四段826號,41700000,1081209
8047,53378714,永淞科技有限公司,臺中市大里區東湖里東湖路109號1樓,500000,1081217
8050,53380134,北屯路加油站有限公司,臺中市北區金龍里北屯路39號,5000000,1081203
8051,53381252,合美健企業有限公司,臺中市南區和平里工學三街35號1樓,1000000,1081206
8057,53388781,妙蓮貿易有限公司,臺中市大雅區六寶里中清路四段41之11號,1000000,1081212
8058,53389698,有俋企業有限公司,臺中市神岡區大漢街1巷17號1樓,300000,1081217
8059,53390111,原靖室內裝修有限公司,臺中市西屯區天水西六街17號,1000000,1081230
8060,53390219,中聯興國際有限公司,臺中市潭子區東寶里大豐路一段201之2號,30000000,1081209
8064,53392758,海虹科技有限公司,臺中市西屯區大有五街27號6樓之1,7000000,1081213
8071,53396261,經學文化事業有限公司,臺中市西屯區逢甲路225巷11號2樓,500000,1081209
8074,53397851,黑沃餐飲股份有限公司,臺中市南區永興里高工路371號2樓,20000000,1081218
8075,53398628,金叡億投資股份有限公司,臺中市大雅區民生路一段228號,29000000,1081225
8079,53401308,玉峰有限公司,臺中市大肚區沙田路一段936號,500000,1081218
8084,53406248,范特喜微創文化股份有限公司,臺中市西區中興一巷19號,88000000,1081216
8085,53406747,駿承電機有限公司,臺中市大肚區頂街里沙田路三段448號,1000000,1081212
8086,53407605,利暘工業股份有限公司,臺中市大雅區西寶里昌平路四段558巷51弄13號1樓,17500000,1081219
8131,53469263,涵館汽車旅館有限公司,臺中市南屯區惠弘街169號,52000000,1081202
8136,53476911,欣光機械股份有限公司,臺中市潭子區潭秀里雅潭路一段24號1樓,15000000,1081227
8137,53478208,豐創投資股份有限公司,臺中市北區太原八街70號1樓,21380000,1081216
8138,53478559,金旺盛建設有限公司,臺中市大里區大明路575號2樓,100000000,1081230
8139,53478930,柏地國際事業股份有限公司,臺中市西屯區大河里文心路三段167之7號10樓,250500000,1081210
8141,53480680,大金資訊有限公司,臺中市北區富強街54號1樓,1000000,1081227
8147,53486636,大埕設計股份有限公司,臺中市西區五權西六街22之2號1樓,2000000,1081204
8149,53489021,嘉展紡織科技有限公司,臺中市神岡區八德路九如巷452之1號1樓,10000000,1081218
8154,53493910,安銳科技股份有限公司,臺中市西屯區大河里大河街58號1樓,12000000,1081210
8155,53494328,鈴谷工業有限公司,臺中市沙鹿區六路里平等路16號1樓,3000000,1081203
8156,53496304,安順發有限公司,臺中市西屯區何成里大容東街168號,250000,1081211
8158,53497964,藤墨藝術創意行銷有限公司,臺中市北區三民路三段201巷1號1樓,3000000,1081212
8160,53500460,富築不動產有限公司,臺中市西區民龍里臺灣大道二段300號12樓之1,1000000,1081217
8161,53500996,龍峰機械股份有限公司,臺中市神岡區神洲里豐洲路901巷17之1號1樓,17000000,1081210
8162,53501290,固方貿易有限公司,臺中市西屯區臺灣大道二段715號7樓之2,2000000,1081204
8164,53502360,喬聯技術顧問股份有限公司,臺中市南屯區豐樂里文心南五路一段326號3樓,3000000,1081217
8170,53510642,昌澤機械股份有限公司,臺中市潭子區大豐里潭富路二段288號,29000000,1081227
8171,53511591,倆品設計有限公司,臺中市東區東信里一心街355號1樓,1000000,1081218
8174,53512780,漾拓印製股份有限公司,臺中市南屯區文心路一段73號7樓之2,16000000,1081220
8175,53514561,賀康投資股份有限公司,臺中市北屯區水湳里文心路四段83號14樓,10000000,1081216
8177,53515528,麵本家食品股份有限公司,臺中市大甲區重義二路153號,31380420,1081218
8179,53516532,鉅洋材料科技有限公司,臺中市大肚區福山里沙田路一段388巷6之2號1樓,1000000,1081218
8183,53518525,千品貿易有限公司,臺中市西屯區福中二街8號2樓之2,3000000,1081210
8242,53556415,鉌豐行銷股份有限公司,臺中市北屯區祥順路二段503號,3000000,1081213
8292,53600524,萬佳綠能有限公司,臺中市石岡區豐勢路寺前巷6號1樓,1000000,1081211
8303,53610641,恩得國際開發有限公司,臺中市太平區大源十四街17號2樓,5000000,1081212
8313,53625243,十方大眾投資事業股份有限公司,臺中市南區福順里美村路二段182號,13000000,1081212
8316,53629472,象王農產行銷有限公司,臺中市北屯區同榮里同榮北街48號1樓,1100000,1081223
8318,53630750,得田國際貿易有限公司,臺中市豐原區文村街30之9號5樓,1000000,1081226
8320,53632130,尚璞實業有限公司,臺中市豐原區豐東路128號,2000000,1081227
8324,53637873,宏秉國際生物科技有限公司,臺中市西區五權八街143號1樓,5000000,1081224
8327,53639865,資寶科技股份有限公司,臺中市北區賴興里文心路四段208之1號7樓之2,180000,1081209
8329,53640666,睿詮建設股份有限公司,臺中市霧峰區霧工一路62之3號9樓之1,25000000,1081204
8330,53642355,兆鈊科技有限公司,臺中市西區安龍里英才路589巷1號10樓,29000000,1081217
8343,53663626,香港商泰嵩國際亞洲有限公司,臺中市西屯區臺灣大道4段925號16樓之2,3000000,1081206
8347,53664934,德商吉伯特科技軸承有限公司,臺中市大安區西安里大安港路798號,6000000,1081226
8398,53715069,磐鈺建設股份有限公司,臺中市西屯區惠來里市政路386號15樓之8,150000000,1081224
8456,53757601,千華國際有限公司,臺中市北屯區東光里北屯路298巷79號,5000000,1081219
8467,53763863,輕風俠股份有限公司,臺中市西屯區至善里至善路35號,11000000,1081223
8498,53783489,準銀科技股份有限公司,臺中市龍井區新庄里遊園南路270巷268號1樓,21000000,1081210
8504,53792065,三和室內裝修設計工程有限公司,臺中市北屯區平和里安順二街56之1號,1500000,1081210
8505,53793310,雷尼科技有限公司,臺中市西屯區何厝東二街23號9樓之3,100000,1081216
8509,53796127,新潟實業有限公司,臺中市西屯區何德里大信街56號9樓之1,1000000,1081218
8510,53798167,豐信顧問股份有限公司,臺中市北區邱厝里健行路373之7號,10000000,1081219
8513,53799721,捷科工程有限公司,臺中市西區公正里大昌街218號7樓之1,1000000,1081217
8514,53801992,潮力有限公司,臺中市沙鹿區斗抵里沙田路25號1樓,300000,1081206
8515,53802155,威鋐機械有限公司,臺中市大肚區遊園路二段173巷25號1樓,100000,1081216
8519,53805857,大江綠色工廠股份有限公司,臺中市烏日區榮泰街140號1樓,6000000,1081204
8521,53807594,鼎富開發事業股份有限公司,臺中市南屯區文心里文心路一段274號21樓,1000000,1081218
8523,53807953,震泰自動化科技股份有限公司,臺中市太平區新平路一段102號1樓,29000000,1081220
8527,53811577,鐿勝企業有限公司,臺中市南區平和里美村路二段406之1號,1000000,1081202
8530,53812576,良利生物科技有限公司,臺中市北屯區松竹里崇德路二段317號5樓之6,5000000,1081230
8534,53816236,泰華金印有限公司,臺中市潭子區環中東路一段125號6樓,0,1081225
8536,53816812,村田精密股份有限公司,臺中市大甲區文武里仁愛街207號1樓,1000000,1081217
8538,53817517,葛羅里實業有限公司,臺中市中區中華里臺灣大道一段577號1樓,1800000,1081213
8540,53819873,集業百貨有限公司,臺中市太平區宜昌里宜欣路61號1樓,300000,1081231
8543,53822173,中華迪合租賃有限公司,臺中市西屯區惠來里河南路四段159號3樓,1000000,1081226
8548,53829990,凱榮遊樂事業股份有限公司,臺中市豐原區南村里向陽路77之1號1樓,1600000,1081204
8550,53831314,臺八線實業有限公司,臺中市西屯區大河里河南路二段40-3號1樓,3000000,1081213
8551,53831503,達興建設有限公司,臺中市大里區大明路575號2樓,100000000,1081230
8554,53834558,凱賀精密機械有限公司,臺中市霧峰區福新路36巷21號1樓,3000000,1081206
8560,53837696,百歐生命科技股份有限公司,臺中市南屯區益豐路三段357號5樓,19000000,1081203
8565,53842641,群霖不動產經紀有限公司,臺中市西區忠明里美村路一段121號2樓,1680000,1081230
8569,53849659,淳淯股份有限公司,臺中市太平區中興里20鄰永平路二段476巷100弄22號,7035460,1081211
8570,53849905,宥居傢俱有限公司,臺中市南區崇倫里三民西路351-2號12樓,2000000,1081226
8571,53851269,紘明暘印業有限公司,臺中市北區賴村里中清路一段372號9樓,1000000,1081204
8581,53859760,大鼎農產食品股份有限公司,臺中市大雅區中山北路3號2樓,50000000,1081210
8582,53860507,聖宇科技股份有限公司,臺中市西屯區福恩里工業區一路58巷10弄25號1、2樓,20000000,1081212
8584,53863032,灃泉土木包工有限公司,臺中市西屯區文心路二段560之8號12樓之5,10000000,1081203
8585,53864948,山林休閒有限公司,臺中市梧棲區大庄里信義街124巷33號1樓,4000000,1081203
8587,53867023,臻鑽建設有限公司,臺中市大里區永隆里永隆路591巷16號1樓,28000000,1081226
8593,53869155,浮雲客棧股份有限公司,臺中市西屯區西平里西安街277巷59號,115000000,1081226
8595,53870890,寶鯨國際股份有限公司,臺中市西屯區逢福里河南路二段262號11樓之12,40000000,1081223
8598,53877155,基創建設股份有限公司,臺中市西區吉龍里五權西五街149號2樓,101000000,1081230
8604,53879175,名閎科技股份有限公司,臺中市西屯區市政路500號11樓之2,29500000,1081212
8671,53938940,象鼻人日系有限公司,臺中市西屯區港尾里環中路二段696之8號,10100000,1081216
8710,53959297,台灣岩間精機有限公司,臺中市潭子區大富路三段20之2號,4000000,1081218
8711,53959542,荃鎂科技股份有限公司,臺中市潭子區新田里豐興路二段416號,5000000,1081226
8712,53960082,瑞晟不動產實業有限公司,臺中市南區城隍里忠孝路189之1號1樓,500000,1081226
8713,53960365,鼎霖醫療器材股份有限公司,臺中市北屯區平安里文心路四段696號8樓之2,25000000,1081204
8720,53966712,晨澤有限公司,臺中市豐原區北陽里中陽路229巷11號3樓,10500000,1081209
8728,53971335,順仕建設股份有限公司,臺中市西屯區臺灣大道三段540號12樓之3,20000000,1081226
8735,53977680,共好平台有限公司,臺中市西區精明一街88號,5000000,1081224
8738,53980051,睿元建設股份有限公司,臺中市霧峰區霧工一路62之2號,25000000,1081204
8739,53980714,泳億國際工業有限公司,臺中市西區公德里精誠三十街36號11樓之4,4000000,1081227
8741,53981782,權龍建設股份有限公司,臺中市太平區廣三街28號1樓,100000,1081224
8743,53983825,瑞豐吊桿機械有限公司,臺中市龍井區中沙路新庄仔巷60號1樓,100000,1081220
8749,53989546,富安鋼鋁有限公司,臺中市太平區大興里大興十六街69號,10500000,1081206
8750,53990298,崴浤科技股份有限公司,臺中市北屯區平福里崇德路二段252號17樓,6160000,1081230
8752,53990585,瑞晟鋼鐵有限公司,臺中市大里區景庄街202巷31之5號,2000000,1081203
8756,53992768,圖斯特食研堂有限公司,臺中市太平區永豐路永新巷31號,6700000,1081212
8761,53996238,典實資源回收有限公司,臺中市東區樂成里東英二街30巷21號1樓,5000000,1081202
8762,53996407,唐毅實業有限公司,臺中市大里區中興路二段58巷29之4號,3080000,1081230
8764,53996716,錠瑾機械有限公司,臺中市龍井區忠和里工業路174號,3000000,1081230
8768,53999452,雲想科技股份有限公司,臺中市西屯區大鵬里文心路三段241號2樓之7,30000000,1081205
8770,54001532,鐛隆工業有限公司,臺中市大安區永安里東西三路143號,1200000,1081227
8778,54003638,慶耀工程股份有限公司,臺中市南屯區豐樂里文心南三路663號5樓,90561120,1081210
8779,54004989,昌禾投資事業有限公司,臺中市北區漢口路四段220之1號3樓,10000000,1081224
8783,54006311,纖米股份有限公司,臺中市大雅區雅潭路四段400號,85997520,1081210
8785,54007493,巨峰食品有限公司,臺中市南屯區同心里文心路一段186號19樓之6,3000000,1081213
8786,54008042,逸泓企業有限公司,臺中市西區臺灣大道二段285號8樓之3,100000,1081206
8821,54035104,華宏金屬股份有限公司,臺中市大雅區四德里中山路185巷22號2樓,3000000,1081220
8855,54057042,築間餐飲事業股份有限公司,臺中市北屯區崇德九路455號3、4樓,226520000,1081220
8858,54059626,綠茵生技股份有限公司,臺中市大雅區科雅路43號5樓,200000000,1081203
8897,54090160,匯爾達管理顧問有限公司,臺中市西屯區港尾里中清路二段1426號2樓,5000000,1081213
8898,54090611,喬富鑫股份有限公司,臺中市北屯區文心路四段514號,3000000,1081213
8906,54094588,美麗佳人國際有限公司,臺中市北屯區旅順路二段428號9樓,500000,1081223
8907,54095138,通洋國際物流有限公司,臺中市大雅區雅潭路三段355巷75弄31號1樓,300000,1081204
8908,54096740,釪環數位音響有限公司,臺中市霧峰區五福里中投西路二段442號,8000000,1081225
8910,54097261,鋐德國際事業有限公司,臺中市東區樂成里育英路88號1樓,5000000,1081204
8914,54098753,家赫不動產股份有限公司,臺中市西屯區福林里福康路68號1樓,1000000,1081230
8915,54099211,正泰檢驗科技股份有限公司,臺中市大里區東興里東明路291巷19號,9500000,1081217
8917,54099802,速武佐有限公司,臺中市霧峰區本堂里樹仁路166巷1弄13號1樓,200000,1081217
8919,54100478,釧佑國際企業有限公司,臺中市西屯區西墩里西墩北巷3之3號1樓,5000000,1081227
8920,54102721,宜邑開發有限公司,臺中市南屯區三厝里三和街130號1樓,500000,1081203
8922,54103735,鉅視科技股份有限公司,臺中市南屯區大業里公益路二段61號3樓之2,7500000,1081219
8924,54104050,品觀有限公司,臺中市大里區四維街7巷13號1樓,4000000,1081230
8931,54109891,雅茲春實業有限公司,臺中市北區漢口路四段345巷6之3號,1000000,1081203
8935,54110911,英理有限公司,臺中市北區建興里學士路168號1樓,2000000,1081212
8940,54112832,峻豐露營拖車有限公司,臺中市大雅區民生路三段153號,5000000,1081219
8942,54114590,吉寶第建設股份有限公司,臺中市豐原區三村里豐原大道一段625街12號2樓,31200000,1081225
8949,54120707,東銘有限公司,臺中市北屯區仁美里崇德十一路37號10樓之2,1000000,1081205
8950,54120875,生源有限公司,臺中市梧棲區福德里中正路60巷49號1樓,400000,1081205
8951,54122584,瓏昇保全股份有限公司,臺中市西屯區大墩二十街118號2樓之1,40000000,1081212
8956,54132416,康佑儀器有限公司,臺中市南區江川里仁義街235號13樓之3,2000000,1081227
8961,54136145,華陞健康事業股份有限公司,臺中市北區文莊里中清路一段89號15樓之1,10000000,1081213
8963,54136969,志盛國際實業有限公司,臺中市南區工學五街37號11樓之2,800000,1081218
8966,54137691,安耐美國際智慧節能科技工程有限公司,臺中市中區大墩里臺灣大道一段360號,10000000,1081224
8967,54137714,巨和小客車租賃股份有限公司,臺中市南屯區溝墘里大墩十三街21號1樓,50000000,1081217
8969,54138621,惠宇材料科學股份有限公司,臺中市南屯區惠中里文心路一段378號3樓之5,30000000,1081226
8988,54161404,伯仲投資股份有限公司,臺中市豐原區西湳里葫蘆墩一街177號,201000000,1081226
9067,54219187,野薑花農業開發有限公司,臺中市北區忠明路258號2樓,200000,1081213
9068,54219285,中誠汽車股份有限公司,臺中市西屯區市政南一路336號,100000000,1081211
9069,54220749,采風投資有限公司,臺中市西屯區惠來里市政南一路10號2樓之2,50000000,1081220
9073,54222021,上盟銅業股份有限公司,臺中市烏日區五光路復光六巷208號,6000000,1081218
9075,54223801,創元石材有限公司,臺中市北屯區和平里和順路706號1樓,1000000,1081203
9076,54224549,中建發展股份有限公司,臺中市中區綠川里綠川西街135號2樓之1,10000000,1081230
9082,54229875,元心建設股份有限公司,臺中市北屯區平心里安順東九街17號1、2樓,15000000,1081230
9083,54229973,草悟股份有限公司,臺中市西區英才路534號,14800000,1081209
9084,54230508,富洋能源股份有限公司,臺中市西屯區協和里順和六街51號6樓之1,23000000,1081216
9085,54230535,絜璞國際企業有限公司,臺中市西屯區何明里大有五街46號1樓,5000000,1081203
9087,54231627,薪予國際股份有限公司,臺中市南屯區精科中二路12號,5000000,1081203
9089,54232007,三和發建設開發股份有限公司,臺中市南屯區大誠里大墩一街22號1樓,1500000,1081203
9090,54233890,羽安礦石股份有限公司,臺中市沙鹿區北勢里北勢東路738之1號2樓,5000000,1081216
9091,54233982,聖威小客車租賃有限公司,臺中市南區忠明南路1240巷5號1樓,5000000,1081226
9092,54234321,元特俐實業股份有限公司,臺中市神岡區新庄里和睦路一段592號,19400000,1081211
9093,54235172,只園有限公司,臺中市西區双龍里模範街40巷22號1樓,2500000,1081220
9097,54236051,榮盛生態科技有限公司,臺中市西區民生里繼光街8巷2弄6號7樓,1050000,1081227
9098,54236502,全自然國際事業有限公司,臺中市西區民龍里臺灣大道二段186號20樓之3,5000000,1081220
9108,54243567,煜伸企業有限公司,臺中市大里區國光里永興路112號1樓,5000000,1081205
9110,54245093,衡美建設有限公司,臺中市西屯區黎明路二段898之1號,10000000,1081227
9111,54246240,禾光科技有限公司,臺中市太平區新興里新安街111號10樓之5,200000,1081210
9113,54249801,法布甜股份有限公司,臺中市西屯區大墩路979號,15000000,1081225
9115,54250460,昱達汽車輪胎有限公司,臺中市西屯區福安里安和路127之9號,500000,1081230
9120,54253656,特式有限公司,臺中市沙鹿區斗抵里斗潭路195巷30號,8000000,1081203
9123,54254705,台慈軸承有限公司,臺中市西屯區市政北七路186號9樓之5,1000000,1081213
9124,54255057,丞皓實業有限公司,臺中市西屯區惠來里市政北一路269號20樓之6,3000000,1081216
9129,54256529,和永昌實業股份有限公司,臺中市西區大隆路20號10樓之7,8000000,1081210
9131,54258337,品姜有限公司,臺中市太平區育德路26巷6號,2000000,1081219
9133,54258836,峻益五金有限公司,臺中市東區十甲里十甲路263號1樓,1000000,1081224
9134,54262780,凱中貿易有限公司,臺中市南屯區大業里公益路二段6之1號3樓,1500000,1081230
9139,54266701,帝寶國際車業有限公司,臺中市南屯區新生里向上路三段488號,5000000,1081224
9141,54269159,雋凌科技股份有限公司,臺中市北屯區水景里景和街29巷19號,1000000,1081223
9172,54291455,星齊有限公司,臺中市大里區東興里永興路214號,6000000,1081226
9290,54362893,伯柏設計有限公司,臺中市西區公益里忠明南路237號9樓之1,1000000,1081225
9321,54394868,愛爾蘭商意利股份有限公司,臺中市后里區后科南路36號,10000000,1081230
9352,54521421,鴻泰金有限公司,臺中市南屯區大業里公益路二段51號15樓,950000,1081205
9428,54582708,博智國際設計有限公司,臺中市西區中興里公益路161號9樓之9,5000000,1081213
9429,54583087,欣鋒工業有限公司,臺中市太平區光興路733巷25號,6500000,1081219
9430,54583431,寬禾藝術有限公司,臺中市北屯區瀋陽路一段82之4號1樓,800000,1081220
9432,54585183,柏賜資產管理股份有限公司,臺中市西屯區潮洋里朝富路213號5樓之11,17200000,1081224
9433,54585825,社守有限公司,臺中市沙鹿區北中路1巷45號1樓,5000000,1081209
9434,54586802,樂亞來有限公司,臺中市南屯區三和里三厝街226號3樓之7,3000000,1081224
9436,54589104,熱噯創意國際有限公司,臺中市西區忠誠里華美西街一段161-1號5樓,1000000,1081211
9437,54590469,紳暉健康出版有限公司,臺中市西屯區何福里漢口路二段330-4號4樓,2000000,1081210
9438,54591208,雄澤科技有限公司,臺中市南區平和里南平一街9巷1號,1500000,1081211
9439,54591431,弘廉國際有限公司,臺中市西區土庫里五權西路一段237號11樓之3,5000000,1081225
9440,54592240,豐匯開發企劃有限公司,臺中市南屯區大同里東興路二段186號10樓之1,5000000,1081220
9441,54592570,家藏食品股份有限公司,臺中市北區淡溝里臺灣大道二段360號5樓之2,29900000,1081230
9442,54593894,祥宏機電有限公司,臺中市北屯區北屯路409之25號1樓,10000000,1081216
9443,54594394,尚介鮮餐飲有限公司,臺中市梧棲區下寮里文化路二段393號,3000000,1081204
9444,54594866,茂富建設有限公司,臺中市霧峰區中正里新開街43號1樓,1000000,1081212
9445,54595767,寶基科技股份有限公司,臺中市中區柳川里興中街17、17-1號1樓,12000000,1081204
9446,54596549,信誠鋼鐵有限公司,臺中市太平區新城里新明街5號5樓,500000,1081202
9447,54599927,銳昇興業有限公司,臺中市神岡區溪洲里民權路8之1號,9000000,1081211
9448,54602015,好輪設計制作有限公司,臺中市西區五權西三街35巷1號1樓,3000000,1081216
9449,54603204,鼎富銓環保有限公司,臺中市太平區永成里長億一街72號1樓,15000000,1081224
9450,54603318,堅瑞企業有限公司,臺中市西屯區福星路170號13樓之3,2650000,1081216
9451,54603350,東帝國際旅行社有限公司,臺中市龍井區藝術北街133號2樓,6000000,1081209
9452,54606005,超峰投資有限公司,臺中市北屯區三光里北屯路240巷68號12樓,32000000,1081211
9453,54606342,宇銳工程有限公司,臺中市霧峰區本鄉里振興街98巷10號3樓,2000000,1081217
9454,54606407,時光對白旅棧有限公司,臺中市西屯區西平里福星北三街35號,1000000,1081216
9455,54606461,鼎睿實業有限公司,臺中市西屯區永安里西屯路三段146之6號,1000000,1081223
9456,54608762,裕鑫興業有限公司,臺中市大里區西湖里西湖路178巷100號,600000,1081218
9570,54672314,靖崑科技工程股份有限公司,臺中市北屯區平德里天津路三段35號,30000000,1081216
9609,54705954,豐亨科技股份有限公司,臺中市東區東信里東英路22號2樓,2000000,1081212
9662,54740087,立東國際建設股份有限公司,臺中市豐原區西勢里中山路273巷15號1樓,42240000,1081206
9663,54740452,宏瑞實業有限公司,臺中市潭子區潭陽里中山路二段283巷2號10樓之2,300000,1081216
9664,54740930,圓通堂佛母香有限公司,臺中市豐原區南田里水源路192巷56之3號,500000,1081225
9665,54741207,建安定國際有限公司,臺中市大雅區德勝路318巷50號1樓,10000000,1081219
9667,54745750,置高地產開發有限公司,臺中市南屯區文山十街88號10樓之6,1000000,1081230
9668,54747005,睿泰工程顧問有限公司,臺中市西區大忠里五權西路一段257號13樓之2,1000000,1081223
9669,54747510,欣美生技有限公司,臺中市西屯區惠來里河南路四段111號2樓,1000000,1081219
9670,54747526,泓震國際有限公司,臺中市南屯區同心里文心路一段186號13樓之1,1000000,1081217
9671,54747693,鼎紳精機有限公司,臺中市神岡區北庄里中山路1028號1樓,2000000,1081224
9672,54747791,易晉建設有限公司,臺中市北區明德里太原四街17巷3號1樓,10000000,1081206
9673,54747883,德鑫投資股份有限公司,臺中市西屯區惠來里市政路386號14樓之8,25000000,1081227
9674,54748588,全成興業有限公司,臺中市清水區南社里南社路187之1號1樓,8000000,1081218
9675,54748638,天能貿易有限公司,臺中市南屯區寶山里工業區二十三路43號2樓,2000000,1081216
9676,54748721,順意工業有限公司,臺中市南屯區寶山里工業區二十三路43號3樓,2000000,1081213
9677,54748948,堃泰農資有限公司,臺中市霧峰區舊正里中正路3號,100000,1081205
9678,54749165,洛荷技術股份有限公司,臺中市太平區中興里永義九街30號,2000000,1081204
9679,54749307,津科建設有限公司,臺中市西區五權五街60號2樓,25000000,1081210
9680,54749622,精林國際有限公司,臺中市大雅區三和里義和路7之70號,6800000,1081230
9681,54749854,誠捷國際有限公司,臺中市北屯區安順東五街34號,500000,1081226
9683,54750042,盤石有限公司,臺中市南屯區春社里精科中二路12號2樓,2000000,1081206
9684,54750752,和平工程有限公司,臺中市龍井區忠和里003鄰中央路三段71號1樓,10000000,1081219
9685,54750795,昱泰能源股份有限公司,臺中市西屯區惠來里市政路386號9樓之6,45000000,1081218
9687,54754342,鵬暟有限公司,臺中市潭子區家福里大通街157巷11號1樓,1200000,1081230
9688,54754906,建全工程顧問有限公司,臺中市南區福順里南平路39號5樓之2,100000,1081226
9689,54755047,宇潤國際有限公司,臺中市西屯區漢翔路235號2樓,7000000,1081219
9690,54756101,致再科技股份有限公司,臺中市南屯區文山里精科路12號3樓,50907500,1081223
9691,54757827,富川配管材料股份有限公司,臺中市大雅區中山路149之18號,1600000,1081202
9692,54757988,贊鼎實業有限公司,臺中市北區賴福里大德街249巷7號3樓,6600000,1081209
9693,54760294,廣鋐有限公司,臺中市西屯區漢口路二段151號13樓之1,500000,1081202
9694,54760689,弘固建設開發有限公司,臺中市梧棲區大庄里信義街122號1樓,2800000,1081213
9695,54761081,軒耘有限公司,臺中市大雅區西寶里雅潭路4之3號,500000,1081230
9696,54761097,慕荷室內設計有限公司,臺中市西區民龍里英才路510號12樓之2,1000000,1081216
9697,54763320,呈御股份有限公司,臺中市太平區新福里14鄰樹德一街13巷63號,5000000,1081204
9698,54763659,聖騰電業工程有限公司,臺中市烏日區九德里長春街583巷12號,5000000,1081220
9699,54763715,台灣科瑞克科技股份有限公司,臺中市潭子區中山路三段537號,10000000,1081231
9700,54763742,晁德益企業有限公司,臺中市大雅區二和里學府路大智巷28號1樓,5000000,1081220
9701,54764502,鼎盛工業股份有限公司,臺中市西屯區工業區5路15號,28000000,1081204
9702,54764643,沅品工程有限公司,臺中市西區向上南路一段241號2樓,300000,1081226
9703,54764685,群健投資有限公司,臺中市梧棲區福德里福德街57號2樓,3000000,1081230
9704,54766852,銘冠機械有限公司,臺中市豐原區東陽里東陽路294號1樓,1000000,1081230
9705,54767016,三景投資股份有限公司,臺中市西屯區潮洋里朝貴路178號,70000000,1081217
9706,54767108,尚德輝有限公司,臺中市南區平和里美和街116號5樓之1,300000,1081226
9707,54768079,朝陽物業有限公司,臺中市西屯區何德里成都路18號2樓,100000,1081213
9708,54768155,呈浩有限公司,臺中市石岡區和盛里和盛街和盛巷38之1號1樓,500000,1081223
9733,54784541,益朋企業有限公司,臺中市北區金華里興進路213號4樓之2,1000000,1081202
9757,54799299,昱鑫電力工程股份有限公司,臺中市西屯區何厝里四川路129號,1000000,1081220
9815,54838639,展碩物流有限公司,臺中市北區賴村里尚德街136號6樓之4,2000000,1081220
9830,54848242,氣軟工房有限公司,臺中市龍井區西濱路三段149號,6000000,1081206
9855,54870216,睿瀧股份有限公司,臺中市西區大忠南街55號6樓之5,2800000,1081217
9868,54882418,智聯光電有限公司,臺中市東區東南里自強南街19號1樓,1000000,1081217
9869,54883269,鼎創科材料股份有限公司,臺中市太平區工業十四路50號,75825000,1081225
9870,54883330,鴻景國際貿易有限公司,臺中市西屯區何安里臺灣大道二段910號5樓之3,1000000,1081226
9871,54883417,達眾投資控股有限公司,臺中市西屯區潮洋里朝富路213號19樓之9,29900000,1081227
9872,54883752,東榮食品工業有限公司,臺中市大里區仁德里仁化路701巷22號1樓,500000,1081230
9873,54884366,鴻勁精密股份有限公司,臺中市大雅區中清路三段758巷11號,232870530,1081205
9874,54884577,鈞翔租賃有限公司,臺中市西屯區寧夏東三街17之1號5樓之5,5000000,1081216
9875,54886076,富升開發股份有限公司,臺中市西屯區西墩里光明路149號1樓,50000000,1081230
9876,54886266,蒸龍宴有限公司,臺中市大雅區文雅里11鄰中清路三段1069號1樓,5000000,1081219
9877,54886884,源霖股份有限公司,臺中市西屯區朝富路213號13樓之11,4000000,1081226
9878,54888004,益春茶舍有限公司,臺中市西屯區光明路208之5號,1000000,1081230
9879,54888428,春山開發有限公司,臺中市南屯區文山里忠勇路103號2樓,2000000,1081219
9880,54888433,樂跑國際有限公司,臺中市中區大誠里中華路二段41巷1之5號1樓,40000000,1081204
9881,54888790,佳祿得貿易股份有限公司,臺中市南屯區鎮平里龍富路三段582號,2500000,1081216
9882,54888834,吉森科技有限公司,臺中市北屯區水景里東山路一段201之1號2樓,1000000,1081227
9883,54889524,金御賞股份有限公司,臺中市太平區新興里新光路62號2樓,64362000,1081204
9885,54890753,康倪有限公司,臺中市豐原區翁子里豐勢路二段477巷6號,10000000,1081224
9886,54891036,喜多田食品有限公司,臺中市神岡區社口里社口街42巷20號,10000000,1081205
9887,54891182,宥蒝有限公司,臺中市潭子區得才街9巷15號2樓,300000,1081217
9888,54891514,廣之星國際開發有限公司,臺中市霧峰區吉峰里中正路1295號3樓,2000000,1081206
9889,54891681,英特利傑文教有限公司,臺中市西屯區河南路三段131號7樓之13,300000,1081210
9890,54893512,原億昌國際行銷有限公司,臺中市中區大墩里臺灣大道一段372號,500000,1081216
9891,54896124,鴻合資產管理開發有限公司,臺中市北屯區橫坑巷27之35號1樓,1000000,1081210
9892,54896996,建利實業股份有限公司,臺中市大里區夏田里國中路十股巷166弄11之5號,25000000,1081206
9893,54897067,金博笙貿易有限公司,臺中市西屯區何安里何厝街37巷17號3樓之3,2000000,1081226
9894,54899375,米迪詩國際股份有限公司,臺中市大雅區上楓里鳳鳴路6號,13000000,1081206
9895,54899614,辰崟有限公司,臺中市豐原區東陽路352之1號,900000,1081206
9896,54899656,無齡感有限公司,臺中市南區樹義里福田一街189號19樓之3,100000,1081210
9897,54900078,石上清湶有限公司,臺中市北屯區軍功里松竹路一段806號1樓,3000000,1081218
9898,54900204,拓岳精機股份有限公司,臺中市大雅區雅楓里民生路三段123號1樓,28700000,1081204
9899,54901463,怡聖國際股份有限公司,臺中市西屯區何南里精明一街10號1樓,16000000,1081226
9900,54901668,廣弘食品有限公司,臺中市西屯區何南里精誠路50巷26號1樓,1000000,1081230
9901,54902688,崧峻實業有限公司,臺中市烏日區溪埧里溪南路一段48號,2000000,1081216
9902,54903048,幸宜通路開發有限公司,臺中市大肚區頂街里大明五街115巷2號1樓,1000000,1081210
9903,54906164,甫康有限公司,臺中市龍井區國際街201號,3000000,1081230
9904,54907071,沃德設計有限公司,臺中市北區健行里華貴街29號2樓,2000000,1081218
9905,54907966,匯橋建設開發股份有限公司,臺中市北屯區軍功里軍福19路2號,14000000,1081230
9906,54908199,海豚生技有限公司,臺中市東區東門里振興路226號,1000000,1081220
9907,54908705,辰紳股份有限公司,臺中市西區和龍里日興街103號,5000000,1081213
9908,54909269,高昀投資股份有限公司,臺中市西屯區惠來里市政北七路186號16樓,16000000,1081224
9909,54909839,明玥園傳統文化有限公司,臺中市清水區秀水里五權路227號,500000,1081211
9911,54910955,乙太資訊股份有限公司,臺中市北區頂厝里漢口路四段367號13樓,21900000,1081211
9912,54918859,安圭拉商贏傢國際有限公司,臺中市西屯區惠來里3鄰市政北一路20號16樓之1,0,1081211
10010,54958606,宇鈊國際企業有限公司,臺中市西區吉龍里美村路一段632號4樓,500000,1081202
10015,54959393,皓陽開發股份有限公司,臺中市西屯區惠來里政和路139號,1500000,1081202
10034,54966042,宥翔營造股份有限公司,臺中市北屯區文昌東六街111號1樓,22500000,1081212
10040,54967106,加莫國際貿易股份有限公司,臺中市南屯區向上路三段363號17樓,1500000,1081212
10065,54977408,香港商斯科夫有限公司,臺中市烏日區新興路77號8樓,200000,1081216
10068,54977809,香港商日本脈衝有限公司,臺中市西區自由路一段101號六樓之6,1200000,1081230
10136,55625676,菱生精密工業股份有限公司,臺中市潭子區南二路5-1號,3801023440,1081210
10143,55641232,昌順塑膠工業股份有限公司,臺中市豐原區豐勢路二段184巷15號,24000000,1081223
10150,55653567,國民通運股份有限公司,臺中市龍井區田中里龍北路162巷17號,10000000,1081227
10151,55654778,永仂興工業股份有限公司,臺中市潭子區栗林里中山路三段493巷48號,56000000,1081227
10159,55666113,富國螺絲有限公司,臺中市神岡區豐洲里文賢街二三巷六八號,1000000,1081230
10161,55667817,來永實業股份有限公司,臺中市豐原區三豐路二段375巷66號,165800000,1081210
10163,55669006,昱信物產企業有限公司,臺中市豐原區朴子里朴子街151號,17000000,1081203
10180,55698184,協立五金工業股份有限公司,臺中市大甲區日南里經國路2542巷5號,6920000,1081226
10182,55701385,建中船務代理股份有限公司,臺中市梧棲區四維中路234號,10000000,1081213
10187,55712828,欣龍通商報關股份有限公司,臺中市梧棲區頂寮里四維中路234號,10000000,1081213
10207,55746995,松星瑞股份有限公司,臺中市西區和龍里臺灣大道二段2號20樓之1,3000000,1081209
10229,55763092,大霸精機工業股份有限公司,臺中市大里區中興路二段69之10號,61000000,1081217
10244,55785758,豐港實業股份有限公司,臺中市豐原區南村里圓環東路888號1樓,17000000,1081211
10254,55800765,爵邦企業股份有限公司,臺中市東勢區東崎路五段486號,4000000,1081223
10258,55825837,昌倫股份有限公司,臺中市大雅區四德里中清路三段711號,4000000,1081213
10262,55830873,瑞豐木工廠有限公司,臺中市豐原區社皮里大豐路五段562號,2000000,1081203
10283,55851617,棟盛管理顧問有限公司,臺中市北屯區軍功路二段32巷26號,880000,1081203
10285,55859580,正強特殊金屬股份有限公司,臺中市大雅區四德里龍善三街3號,66000000,1081217
10286,55861137,優印國際股份有限公司,臺中市北區新興里三民路三段89巷40之1號,5000000,1081203
10290,55861777,金彰有限公司,臺中市豐原區南陽路二一五巷九六號,1000000,1081223
10302,55876363,鷹銓工業股份有限公司,臺中市大里區新里里爽文路618巷8弄9號1樓,22900000,1081211
10304,55881859,建利食品股份有限公司,臺中市南屯區惠中里文心路一段324號11樓之1,25000000,1081209
10311,55892602,勤堃機械股份有限公司,臺中市霧峰區四德里北豐路33號,62000000,1081223
10317,55910708,崑藤工業股份有限公司,臺中市大雅區上楓里民生路三段269號,105000000,1081202
10318,55912488,金竑精密股份有限公司,臺中市大雅區田心街10號,115500000,1081202
10329,55932463,高明精機工業股份有限公司,臺中市豐原區三豐路二段209巷67號,198000000,1081223
10330,55932490,建造金屬工業股份有限公司,臺中市神岡區新庄里中平路215號1樓,240000000,1081212
10342,55946537,健陞機電工業股份有限公司,臺中市西屯區協和里工業區十二路8號,30000000,1081209
10350,55956675,騰美國際有限公司,臺中市北區明德里太原路一段476號6樓之2,3000000,1081213
10357,55965528,何榮工業股份有限公司,臺中市神岡區豐洲里豐工南路40號,15000000,1081231
10358,55967878,晟耀鞋業股份有限公司,臺中市豐原區鎌村路107巷102弄128號,8000000,1081216
10360,55971583,宏名鑄造廠股份有限公司,臺中市潭子區栗林里中山路三段287巷9弄154號,80000000,1081211
10365,55976258,協衛精機廠股份有限公司,臺中市豐原區豐田里田心路二段二二○巷五號,6000000,1081209
10367,55978278,丸榮機械股份有限公司,臺中市神岡區豐洲里豐洲路301巷9-2號,38600000,1081204
10368,55978642,三發製網股份有限公司,臺中市大雅區上雅里民生路一段264號,218140000,1081225
10377,56008503,大甲汽車貨運股份有限公司,臺中市大甲區江南里經國路1689巷3號,20000000,1081225
10379,56009910,昱潔能源有限公司,臺中市沙鹿區三鹿里向上路六段746號1樓,10000000,1081209
10380,56011802,大成化學工業股份有限公司,臺中市外埔區三崁里二崁一路266巷28號,39000000,1081220
10384,56144205,金振興實業股份有限公司,臺中市大甲區順天里光明路162號,6000000,1081218
10389,56301302,蓓興紡織股份有限公司,臺中市清水區橋頭里高美路231巷13號,29800000,1081218
10401,56606851,鼎浩綠能科技工程有限公司,臺中市北區賴村里學士路275-3號17樓,2000000,1081211
10407,56609920,香港商戴維國際設計有限公司,臺中市西區精誠十六街39號4樓之3,0,1081203
10411,56620349,甲震企業股份有限公司,臺中市龍井區忠和里工業路216巷7號,10000000,1081227
10415,56625581,隴億科技股份有限公司,臺中市大甲區日南里中山路二段914之9號,37000000,1081212
10423,56635027,泉勝木工股份有限公司,臺中市外埔區水美里二崁路636號,68000000,1081210
10429,56654500,今國光學工業股份有限公司,臺中市梧棲區向上路9段562巷91號,1631349310,1081209
10432,56655825,敏三企業股份有限公司,臺中市龍井區工業路188巷29號,10000000,1081210
10435,56660572,大甲化工實業股份有限公司,臺中市大甲區義和里中山路一段525號,50000000,1081219
10446,56672556,又華股份有限公司,臺中市清水區橋頭里中華路581巷12號,20000000,1081204
10449,56676244,港洲營造股份有限公司,臺中市沙鹿區四平街53之1號,475000000,1081219
10453,56689971,金甌鞋業股份有限公司,臺中市梧棲區草湳里自立路386號,18000000,1081211
10456,56697206,詩展企業股份有限公司,臺中市龍井區工業路188巷15號,8000000,1081223
10465,56715485,巧發木器廠股份有限公司,臺中市沙鹿區公明里中清路六段261巷69號,300000,1081225
10470,56808863,易隆特殊鋼材有限公司,臺中市豐原區圓環北路二段218號,27000000,1081212
10473,56921197,暮石聯網科技有限公司,臺中市西區臺灣大道二段239號7樓,1000000,1081205
10482,57136506,東巨紙業股份有限公司,臺中市西區安龍里民權路185號11樓之9,20000000,1081212
10486,57521016,永光交通事業有限公司,臺中市東勢區東安里第四橫街63號,2500000,1081203
10503,58106109,盛杰工程有限公司,臺中市烏日區仁德里僑仁街18號10樓之2,800000,1081220
10537,59028341,久藏投資有限公司,臺中市西屯區潮洋里朝富路213號15樓之3,12500000,1081224
10585,59150898,環彰五金股份有限公司,臺中市龍井區忠和里臨港路二段56號,5000000,1081223
10589,59167005,崴暘租賃有限公司,臺中市南屯區大昌街116號1樓,5000000,1081226
10697,59316455,陽光系統科技股份有限公司,臺中市后里區后里里成功路69號1樓,17000000,1081211
10743,59741402,元盛建設股份有限公司,臺中市南區永和里南和一街6巷3號1樓,5000000,1081219
10744,59741515,柏帝生醫科技有限公司,臺中市西區忠誠里華美西街一段85號7樓,500000,1081219
10746,59743204,波浪貿易有限公司,臺中市北區錦祥里進化路589之14號,400000,1081205
10747,59758705,禎龍宴有限公司,臺中市大甲區文武里育英路262號1樓,1000000,1081218
10748,59776801,惜食社會企業股份有限公司,臺中市南區忠明南路789號13樓之2,1000000,1081202
10749,59796709,微銀眾信股份有限公司,臺中市北屯區水湳里文心路三段447號15樓之2,25000000,1081217
10751,59798930,汎科動力科技股份有限公司,臺中市西區公館路111號1樓,9000000,1081204
10752,59818844,匯築整合室內設計有限公司,臺中市南屯區春社里永春路42之66號1樓,1000000,1081226
10753,59839019,鑫業貴金屬科技有限公司,臺中市北屯區平安里文心路四段696號14樓之1,5000000,1081230
10754,59851701,慕夏居有限公司,臺中市南屯區田心里文心路一段201號,1000000,1081203
10756,59874704,銘泓國際貿易有限公司,臺中市大里區永隆里爽文路1031號,3000000,1081203
10757,59887412,黑沃國際事業股份有限公司,臺中市南區永興里高工路371號1樓,1000000,1081218
10758,60202114,寬元建設有限公司,臺中市北區梅川西路三段65號6樓,4350000,1081217
10760,60205581,寶固興業有限公司,臺中市太平區建國里16鄰精美一街2號1樓,500000,1081205
10761,60207547,和泓有限公司,臺中市南屯區新生里龍富十五路308號,123000000,1081216
10763,60209307,祈琳國際事業有限公司,臺中市大里區立德里合信街107巷14號1樓,1000000,1081230
10764,60209593,喵星人國際股份有限公司,臺中市大里區瑞城里塗城路541巷28號,1000000,1081223
10765,60212366,寶田精密印刷有限公司,臺中市西區安龍里忠勤街262號1樓,5000000,1081217
10766,60216383,長青資訊有限公司,臺中市西屯區潮洋里市政北二路282號30樓,20000000,1081223
10767,60221490,元太室內裝修有限公司,臺中市北屯區和平里和順路706號2樓,1000000,1081204
10768,60222511,弘廷國際股份有限公司,臺中市北屯區天津路三段67號2樓,2000000,1081219
10769,60222982,汎格國際有限公司,臺中市潭子區聚興里豐山莊7之1號1樓,500000,1081205
10770,60223526,新地翔營造有限公司,臺中市北屯區平昌里文昌東十一街41號1樓,3600000,1081203
10771,60228135,麗緻美研生技股份有限公司,臺中市西屯區朝富路213號15樓之7,12000000,1081210
10774,60230694,喆豐土地開發股份有限公司,臺中市南屯區大川街50號6樓之3,65900000,1081220
10775,60231770,卓爾投資有限公司,臺中市西屯區安和路168號11樓之6,24000000,1081219
10776,60239772,呈洋國際有限公司,臺中市烏日區光明里五光路復光四巷30號,25000000,1081219
10777,60240026,迎馨實業有限公司,臺中市北區新興里三民路三段12號1樓至3樓,500000,1081219
10778,60243157,晴朗企業有限公司,臺中市大肚區社腳里沙田路一段774巷47號1樓,1000000,1081227
10779,60244402,欣鴻光電有限公司,臺中市烏日區環河路一段862巷66之7號,5000000,1081231
10780,60244445,新柏高分子有限公司,臺中市西屯區永安里國安一路206巷12號2樓之2,4000000,1081225
10781,60245423,良崴有限公司,臺中市神岡區大豐北街97巷20號,22000000,1081202
10783,60250059,蒂沃利有限公司,臺中市西屯區西墩里上墩路327號,100000,1081202
10784,60250403,小松環科股份有限公司,臺中市南屯區南屯里三和街69號2樓之5,1000000,1081225
10785,60250831,慶皇實業有限公司,臺中市太平區成功里成功路110巷10號1樓,1000000,1081209
10787,60251923,永盛國際置業股份有限公司,臺中市西區英才路530號20樓之5,5000000,1081210
10788,60252063,立芙芮國際有限公司,臺中市南區南和里工學五街35號2樓之2,3000000,1081218
10789,60252471,晟泰國際股份有限公司,臺中市西屯區工業區二路11號1樓,13000000,1081203
10790,60252824,白海豚育樂股份有限公司,臺中市西屯區何德里西屯路二段84之1號2樓之2,6650000,1081225
10791,60253197,靜采肌有限公司,臺中市沙鹿區清泉路145巷18號,1000000,1081230
10792,60256552,鼎郡股份有限公司,臺中市南區復興路二段106號12樓之1,8000000,1081227
10793,60260633,鑫達空壓機有限公司,臺中市梧棲區南簡里中華路二段686巷70弄7號,300000,1081219
10794,60260916,起源生技有限公司,臺中市北區立人里華美街二段262號5樓之3,500000,1081227
10795,60262962,齊盛土地開發股份有限公司,臺中市豐原區圓環東路703號12樓之2,16500000,1081230
10797,60263717,堂庭檢驗科技股份有限公司,臺中市西屯區協和里工業區三十九路51號,20000000,1081230
10798,60264510,威克股份有限公司,臺中市西區後龍里民權路233巷6號,40000000,1081213
10799,60264814,瑞奕股份有限公司,臺中市北屯區廍子里三合街26號,40000000,1081210
10801,60267869,艾森豪管理顧問股份有限公司,臺中市北區明新里漢口路三段180號4樓,16800000,1081204
10803,60271385,格明國際開發有限公司,臺中市西屯區何成里大容西街51號3樓之2,3000000,1081230
10804,60271857,遠見國際實業有限公司,臺中市西屯區何厝里四川路129號,100000,1081206
10805,60273026,榮晟事業股份有限公司,臺中市南屯區惠中里文心路一段324號11樓之1,15000000,1081205
10807,60274876,菘豐建設有限公司,臺中市豐原區田心里中山路89號6樓之2,2000000,1081224
10808,60275137,勝傑建材有限公司,臺中市北屯區和平里軍功路一段476號1樓,3000000,1081210
10810,60276776,正旭股份有限公司,臺中市新社區中正里中和街五段33巷57號2樓,30000000,1081205
10811,60277780,好樣室內裝修設計有限公司,臺中市清水區國姓里高美路298之13號1樓,500000,1081211
10813,60279008,東大數位有限公司,臺中市西屯區潮洋里朝富路213號23樓之3,2000000,1081212
10814,60280429,樂衍有限公司,臺中市南屯區干城街115巷4弄16號1樓,1800000,1081227
10815,60281659,義玄實業股份有限公司,臺中市南屯區大業里公益路二段61號3樓之2,1500000,1081213
10816,60283214,臺中捷運股份有限公司,臺中市西區利民里民權路101號3樓,1000000000,1081205
10817,60283930,凱若琳實業股份有限公司,臺中市北區淡溝里臺灣大道二段360號28樓,3000000,1081225
10818,60284065,天御生技股份有限公司,臺中市南屯區向心里文心南三路336號3樓之2,228000000,1081226
10822,60288549,政達精密工業有限公司,臺中市太平區新高里樹德十二街68巷12號,500000,1081231
10823,60295345,中鐳有限公司,臺中市大雅區西寶里昌平路三段689巷77弄47號1樓,1800000,1081213
10825,60297097,承格實業有限公司,臺中市西屯區福和里臺灣大道四段847號11樓,7000000,1081212
10826,60297913,東鴻環保有限公司,臺中市西區臺灣大道二段307號6樓之1,500000,1081210
10827,60298259,培力國際醫藥股份有限公司,臺中市西屯區工業區六路13號1樓,1000000,1081202
10829,60300403,台灣大合堂商品開發有限公司,臺中市西區公館路231號1樓,2000000,1081210
10831,60302900,寶睿地產股份有限公司,臺中市西區民權路239號13樓,200010000,1081227
10832,60304891,華納物業股份有限公司,臺中市西屯區文心路三段155之1號7樓,10000000,1081205
10833,60305815,文德利環保事業有限公司,臺中市太平區新坪里育賢路109號3樓,1000000,1081211
10834,60307291,八八八國際企業有限公司,臺中市北區進化北路238號10樓之3,380000,1081227
10835,60312668,亞諾迪實業有限公司,臺中市潭子區興華一路289巷4號1樓,1000000,1081227
10836,60313239,承運開發有限公司,臺中市南屯區溝墘里文心路一段462之1號1樓,1000000,1081211
10837,60314357,維珞鈉國際有限公司,臺中市大里區新里里上田街49之1號1樓,1800000,1081227
10838,60315953,驪鑫有限公司,臺中市南屯區惠中里文心路一段324號11樓之1,200000,1081217
10839,60316995,泉豐建設開發有限公司,臺中市龍井區沙田路五段龍目井116巷17號2樓,25000000,1081213
10840,60322737,李先生成衣有限公司,臺中市西區公德里精誠三十街7號1樓,3000000,1081202
10841,60325024,鉅鎰通運有限公司,臺中市梧棲區大庄里信義街18巷47號1樓,15000000,1081213
10842,60328900,善創研發有限公司,臺中市北屯區平昌里文心路四段938號地下1樓,5000000,1081204
10843,60329106,棉花糖科技行銷有限公司,臺中市南區城隍里正氣街15之1號,2000000,1081212
10844,60329400,五甫科技股份有限公司,臺中市南屯區田心里大墩六街350巷53號,11965000,1081217
10845,60330595,蟬說管理顧問有限公司,臺中市北區頂厝里進化北路238號10樓之3,500000,1081217
10847,60350796,樂順投資有限公司,臺中市東區東信里樂業路372號1樓,3000000,1081202
10848,60355912,得盛資訊有限公司,臺中市南屯區大業路565號14樓之5,200000,1081218
10849,60357329,泰亞投資股份有限公司,臺中市北區梅川里漢口路四段287巷7號2樓,26000000,1081225
10850,60360345,錩泰科技有限公司,臺中市大里區愛心路98號4樓,3000000,1081211
10851,60372026,文蘭社會企業股份有限公司,臺中市西屯區何南里東興路三段315號地下1樓之1,5000000,1081209
10852,60372932,恩居國際貿易有限公司,臺中市南屯區豐樂里永順路688號2樓,1000000,1081230
10853,60378915,好運農創發展股份有限公司,臺中市西屯區潮洋里朝貴一街42號1樓,7000000,1081218
10854,60380686,傑利德工程顧問有限公司,臺中市西屯區河南路一段170號3樓之2,2000000,1081220
10856,60383733,旺通實業有限公司,臺中市大里區立中二街11號1樓,1000000,1081204
10857,60384331,澄鈦動能科技股份有限公司,臺中市北屯區新平里中平路1151號4樓,12650000,1081204
10858,60416410,活麗芳香國際有限公司,臺中市西屯區惠來里文心路二段201號20樓之5,100000,1081219
10860,60456003,優和企業有限公司,臺中市西屯區西苑一街88號4樓之1,1000000,1081204
10861,60467304,福祿圃貿易有限公司,臺中市大里區永隆里永大街396巷3號1樓,100000,1081204
10862,60571405,大奔國際汽車租賃有限公司,臺中市沙鹿區正順路19號1樓,5000000,1081226
10863,60725801,博賢人力資源有限公司,臺中市西區和龍里臺灣大道二段2號15樓之5,5000000,1081210
10864,60745932,戶上工程股份有限公司,臺中市潭子區潭陽里圓通南路278號2樓,12500000,1081211
10865,60764509,巨琪有限公司,臺中市大甲區孟春里臨江路47巷1號1樓,1000000,1081210
10866,61084001,安吉俐娜有限公司,臺中市南區復興北路511號地下室二樓,1000000,1081218
10867,61084804,邦誠國際有限公司,臺中市新社區新社里興安路25號1樓,1000000,1081213
10868,61122504,大富得地產開發有限公司,臺中市西區公正里精誠路412號1樓,1000000,1081219
10869,61140708,鏵驛音樂影像製作有限公司,臺中市西屯區何南里大墩二十街99號5樓,2000000,1081204
10870,61142419,寶福投資有限公司,臺中市西區市政路89號32樓之3,21000000,1081203
10871,61224919,儂來室內設計有限公司,臺中市太平區豐年里大源路2之5巷2號1樓,500000,1081219
10872,61239259,智聖實業有限公司,臺中市霧峰區北柳里四德路255巷27號1樓,65000000,1081231
10873,61331501,勝手丼餐飲有限公司,臺中市太平區新光里新福東街30巷36號1樓,28000000,1081202
10874,61347519,俊州開發有限公司,臺中市大里區國光路一段3號1樓,1000000,1081230
10875,61389307,松興地產開發有限公司,臺中市南屯區中和里南光路91巷11號1樓,168000,1081220
10876,61392008,微凌芳香有限公司,臺中市北屯區平安里文心路四段672號20樓之10,10000,1081218
10877,61417802,九池餐飲股份有限公司,臺中市西屯區忠誠里華美西街一段33號1樓,1000000,1081204
10878,61420905,兆亨豐興業有限公司,臺中市太平區永成里永成北路66巷1弄13號1樓,1000000,1081219
10879,61473732,千軍國際貿易有限公司,臺中市梧棲區大庄里文昌路20巷11之10號,100000,1081212
10880,61754254,立玖工程有限公司,臺中市南屯區田心里大墩四街395號一樓,2000000,1081216
10881,61760684,太初國際室內裝修設計有限公司,臺中市南屯區益豐路四段79號,1000000,1081203
10882,61767666,鼎鋒室內裝修設計有限公司,臺中市北屯區軍福十九路16號11樓之3,2000000,1081218
10883,61771535,鐵山營造工程有限公司,臺中市北區錦華街44號1樓,210000000,1081213
10884,61772936,帝里國際有限公司,臺中市西區精誠三十街24號二樓,2000000,1081216
10885,61782569,惠域有限公司,臺中市西屯區福中九街19號地下一樓之2,200000,1081226
10886,61787852,連真成實業股份有限公司,臺中市南區福田三街278號1樓,30000000,1081227
10887,61793003,勇富食品有限公司,臺中市西區忠明里中美街439號,88888,1081226
10888,61793931,勝育國際整合行銷有限公司,臺中市西屯區上安里上安路57號3樓之1,100000,1081227
10889,61796070,禾豐交通有限公司,臺中市沙鹿區保成二街69號,25000000,1081205
10891,61799338,樺欣鞋業有限公司,臺中市神岡區岸裡里大圳路13之3號,2000000,1081220
10892,61800237,米果數位科技有限公司,臺中市北屯區平德里綏遠路二段19巷2號,200000,1081212
10893,61801524,譽耀機械有限公司,臺中市北區頂厝里進化北路238號10樓之3,400000,1081206
10894,61804727,歐霖景觀設計有限公司,臺中市神岡區三角里崇德路205之2號,1000000,1081209
10895,61805296,鼎鑫企業管理顧問有限公司,臺中市沙鹿區中清路八段312號1樓,100000,1081223
10896,61805633,欣盈實業有限公司,臺中市太平區富平路13巷4號,300000,1081211
10898,61814529,金玖泰實業有限公司,臺中市南屯區大興里精誠路754巷33號1樓,800000,1081202
10899,61822627,夢幻小客車租賃有限公司,臺中市后里區三豐路三段756號1樓,5000000,1081226
10900,61823301,佑谷科技股份有限公司,臺中市沙鹿區三鹿里向上路六段770號5樓之13,20000000,1081218
10901,61825764,超新科技有限公司,臺中市沙鹿區清泉里清泉路13之3號1樓,2000000,1081216
10902,61828208,亞洲明星有限公司,臺中市北區臺灣大道二段360號26樓之3,750000,1081210
10903,61832343,鉉川精密工業有限公司,臺中市霧峰區吉峰里吉峰東路16之1號1樓,1800000,1081206
10904,61835833,鋐順投資股份有限公司,臺中市大安區松雅里松十街19號1樓,25000000,1081220
10905,61835926,倢盛報關股份有限公司,臺中市北區健行里忠明路200號12樓,5000000,1081204
10906,61840408,宇豐鋼構有限公司,臺中市豐原區三村里大明路229之21號1樓,500000,1081227
10907,61841194,金魚百物語有限公司,臺中市北區新北里錦新街42號2樓,200000,1081202
10908,61843019,億昌燈光音響有限公司,臺中市大肚區大肚里自由路341號1樓,300000,1081204
10909,61848062,元統國際股份有限公司,臺中市南屯區文心路一段306號4樓之3,10000000,1081203
10911,61860641,光惟有限公司,臺中市大肚區王田里王福街750巷27號,3000000,1081210
10912,61862227,睿峰興業有限公司,臺中市西屯區潮洋里市政北二路282號32樓,15000000,1081224
10914,61872105,翔業餐飲有限公司,臺中市大里區永隆里永大街201巷41弄1號,5000000,1081212
10915,61872816,巨芃有限公司,臺中市南屯區田心里大墩四街326之15號10樓,1000000,1081226
10916,61874309,存量能源有限公司,臺中市西屯區潮洋里朝富路213號24樓之7,10000000,1081227
10917,61875594,長釜建設有限公司,臺中市西屯區林厝里福雅路655之1號,1800000,1081227
10918,61876192,和澄開發有限公司,臺中市南屯區文心里文心路一段260號17樓之1,1000000,1081219
10919,61878121,米閣商旅有限公司,臺中市北區六合里成功路437號,1000000,1081219
10920,61881358,齊紡國際有限公司,臺中市龍井區田中里龍北路126巷29號1樓,2200000,1081223
10921,61882384,永豐包材有限公司,臺中市豐原區葫蘆里市前街87號1樓,10000000,1081219
10922,61882666,永昇實業有限公司,臺中市南屯區惠中里文心路一段324號11樓之1,450000,1081226
10925,61900587,富爾哥頓生技股份有限公司,臺中市西屯區大河里大河街32巷25號2樓,1000000,1081211
10927,61903992,均立水產有限公司,臺中市沙鹿區向上路七段612號1樓,200000,1081213
10928,61905387,鈤隆精密有限公司,臺中市豐原區社皮里成功路356巷26號1樓,1500000,1081226
10931,61919679,群特利有限公司,臺中市潭子區甘蔗里勝利路137號7樓,15000000,1081204
10932,61921366,探索私旅有限公司,臺中市西屯區西平里漢翔路3號2樓,3000000,1081216
10933,61922941,達仁資產管理顧問有限公司,臺中市南屯區豐樂里永春東一路549號2樓之2,5000000,1081220
10935,61929607,天後電子商務有限公司,臺中市大甲區順天路238號3樓,1000000,1081218
10936,61929796,長明商務有限公司,臺中市南區積善里興大路396巷50號1樓,2000000,1081209
10937,61933320,永恆之星有限公司,臺中市西屯區臺灣大道三段699號23樓之5,1000000,1081203
10938,61935431,雲月汽車旅館有限公司,臺中市大里區國光里勝利二路100號,29900000,1081216
10941,61939302,興峰冷氣空調工程有限公司,臺中市北區賴旺里青島一街39之6號,5000000,1081204
10942,61940764,科展材料科技股份有限公司,臺中市潭子區中山路三段27號1樓,200000000,1081212
10943,61943919,陽銘光電科技有限公司,臺中市北屯區同榮路216號六樓,200000,1081205
10944,61945085,諾克威博股份有限公司,臺中市北屯區文心路四段955號10樓之1,5000000,1081227
10945,61945206,勁宅資源配置有限公司,臺中市西屯區潮洋里朝富路213號24樓之7,10000000,1081211
10946,61946471,希橋國際有限公司,臺中市西屯區大祥街8號3樓,300000,1081210
10947,61947936,中鏗有限公司,臺中市西屯區何安里文心路三段6號24樓之16,500000,1081224
10948,61948111,大鑫開發建設股份有限公司,臺中市南屯區大同里東興路2段186號10樓之1,40000000,1081219
10949,61951023,欣力富股份有限公司,臺中市南屯區文心路一段186號18樓之10,5000000,1081220
10950,61951699,智誠投資有限公司,臺中市北屯區后庄路41號14樓,20000000,1081218
10951,61952711,柏竣工程有限公司,臺中市豐原區下街里源豐路128號1樓,1000000,1081203
10952,61954529,豐展地產開發有限公司,臺中市南屯區豐樂里永春東一路549號2樓之1,1000000,1081213
10953,61955338,凱詮有限公司,臺中市東區東英里十甲路370號1樓,3200000,1081224
10954,61957595,亞琦傢俱有限公司,臺中市梧棲區大村里文明街177號1樓,100000,1081224
10955,62003506,睿新投資股份有限公司,臺中市西屯區工業區九路10號,75000000,1081204
10956,62048813,寬碩投資股份有限公司,臺中市東區東信里樂業路370號3樓,9000000,1081216
10957,62054808,真順興興業有限公司,臺中市西屯區何源里漢成街155號1樓,1000000,1081216
10958,62055503,榮洲投資有限公司,臺中市南屯區同心里大墩四街256號3樓,12200000,1081219
10959,62099501,笠嘉國際有限公司,臺中市北屯區仁美里長生巷23之18號,2000000,1081204
10961,62131501,雲尚呈有限公司,臺中市霧峰區本鄉里振祥街56號2樓,6000000,1081213
10962,62135788,信玄國際股份有限公司,臺中市太平區永豐路266巷26弄5號1樓,3000000,1081209
10963,62192485,紐利德投資股份有限公司,臺中市大里區仁化路598號1樓,38220000,1081216
10964,62197904,弘暘投資股份有限公司,臺中市北屯區舊社里松竹路一段235號1樓,101100000,1081212
10965,62214002,義恆國際有限公司,臺中市西區公益里忠明南路237號9樓之1,1200000,1081219
10966,62512804,鉅鋼企業有限公司,臺中市大雅區忠義里東大路二段1100巷7號,3500000,1081205
10967,62538115,彩惠國際有限公司,臺中市西屯區何厝里漢口路二段49號1樓,200000,1081225
10968,62574006,百夫長樂園股份有限公司,臺中市西屯區惠來里市政路500號22樓之5,10000000,1081231
10969,62582435,合吉祥股份有限公司,臺中市西屯區市政北二路282號15樓之6,5500000,1081227
10970,62594306,集麗投資有限公司,臺中市清水區北寧里新興路429號1樓,10000000,1081226
10971,62597205,三晁開發有限公司,臺中市大里區祥興里中興路二段768之3號2樓,10000000,1081227
10972,62665300,合誠水電實業有限公司,臺中市南屯區春社里嶺東南路76號7樓,5000000,1081203
10973,63002809,雲河網路科技有限公司,臺中市西屯區何南里大墩二十街99號5樓,500000,1081217
10974,63003146,優特可電子股份有限公司,臺中市豐原區豐田里豐原大道三段239巷69之1號1樓,1000000,1081230
10975,63028701,萬家源有限公司,臺中市西區忠誠里臺灣大道二段573號6樓,1000000,1081223
10976,63087102,希望蔬食有限公司,臺中市西屯區大墩二十街118號5樓之1,500000,1081219
10977,63100007,富裕食品有限公司,臺中市大里區仁德里仁福街87號,5000000,1081223
10978,63109112,台灣保信事業有限公司,臺中市北區進化北路238號10樓之3,2000000,1081226
10979,63124704,茂成科技工程有限公司,臺中市南屯區大同里向上南路一段167號14樓,3000000,1081223
10980,63127456,力活有限公司,臺中市西屯區何厝里四川路129號,300000,1081206
10981,63129320,媄依貝國際事業有限公司,臺中市西屯區何成里大容東街66號12樓,1000000,1081205
10982,63221918,皇宇有限公司,臺中市清水區海濱里臨港路六段590號,2000000,1081212
10984,63325104,台灣不動產經紀業有限公司,臺中市北區三民路三段217號8樓之6,400000,1081230
10985,63333300,青辰生技有限公司,臺中市南屯區向心里永春東路515巷9號1樓,100000,1081206
10986,63348009,聖眾科技有限公司,臺中市南區福平里懷寧街177號1樓,1000000,1081211
10987,63351947,博智銳工業有限公司,臺中市東區東英八街23號3樓,500000,1081204
10988,63643902,兆遠興業股份有限公司,臺中市龍井區竹坑里中華路一段11號,24000000,1081218
10989,63654604,岳揚智控股份有限公司,臺中市西區臺灣大道二段2號18樓之6,25200000,1081225
10990,63728205,神林實業有限公司,臺中市潭子區大豐里崇德路五段251號1樓,4300000,1081225
10991,63775305,泳華國際有限公司,臺中市南屯區田心里大墩四街321號地下一層,200000,1081211
10992,63872186,瑞立數位科技有限公司,臺中市北區明新里中清路一段447號12樓之1,5000000,1081226
10993,63872355,拾穗不動產有限公司,臺中市北區賴村里中清路一段372號2樓,501000,1081227
10995,64162705,龍耀國際物流有限公司,臺中市西區民生里建國路49號3樓,6500000,1081224
10996,64166701,創名有限公司,臺中市神岡區社南里民生路27之17號3樓,500000,1081204
10997,64183005,永頌國際有限公司,臺中市神岡區社南里民生路27之18號3樓,500000,1081204
10998,64220563,無限連結有限公司,臺中市中區民族路221號,5100000,1081217
10999,64241589,友泰鞋業有限公司,臺中市南屯區豐樂里文心南五路一段136號1樓,350000,1081226
11000,64242715,馬勤寵物訓練有限公司,臺中市南屯區新生里龍富十八路168之2號1樓,6000000,1081212
11001,64256409,蓬勃國際運動事業股份有限公司,臺中市北屯區松竹里崇德二路二段292號1樓,10021000,1081219
11002,64261901,優勢邁股份有限公司,臺中市西區臺灣大道二段492號,2000000,1081213
11026,64867020,古沃家居實業有限公司,臺中市北區北平二街30號1樓,250000,1081230
11030,64873156,豐禾日利置業投資有限公司,臺中市南屯區永春東一路549號2樓之2,3000000,1081231
11153,66499824,正嘉造紙股份有限公司,臺中市后里區眉山里公安路227號,26000000,1081225
11164,66522368,譽輝國際有限公司,臺中市西屯區市政北七路155號1樓,30000,1081219
11234,66652621,蕎楚設計有限公司,臺中市西屯區福中六街20號六樓之二,100000,1081211
11457,69687477,德利國際遊戲供應有限公司,臺中市大里區樹王里福德路33巷5號,1000000,1081219
11466,69699298,映象實業股份有限公司,臺中市南屯區春社里永春北路79號8樓,2000000,1081223
11570,70406593,駿業通運有限公司,臺中市南屯區豐樂里文心南五路一段420號1樓,50000000,1081230
11618,70475057,台北亞太商情服務有限公司,臺中市北區文心路四段81號5樓之2,1000000,1081213
11636,70508901,得雲精密工業有限公司,臺中市大里區瑞城里中興路一段26巷11之6號,50000000,1081219
11642,70518204,學田興業股份有限公司,臺中市太平區新坪里新平路三段346巷20弄5號4樓,3500000,1081210
11647,70521209,治痛單股份有限公司,臺中市南區福平里美村路2段218巷30號1樓,6000000,1081210
11649,70522988,賀誠管理資訊顧問有限公司,臺中市太平區育德路162巷21弄27號,2000000,1081203
11678,70552574,棕茂科技股份有限公司,臺中市西區英才路530號10樓之1,30000000,1081218
11705,70585630,國登廣告有限公司,臺中市南屯區豐樂里文心南五路一段648號,10000000,1081216
11708,70591788,禾銘營造有限公司,臺中市后里區眉山里安眉路144巷4號,3600000,1081206
11712,70595285,向辰工程有限公司,臺中市梧棲區草湳里建國南街452巷52弄9號1樓,10000000,1081227
11713,70595898,碧碩股份有限公司,臺中市西區公正里精誠路156、158號1樓,15000000,1081218
11714,70596019,瑞富國際投資股份有限公司,臺中市西屯區港尾里中清路三段85之22號,92000000,1081220
11717,70598966,采威國際資訊股份有限公司,臺中市南屯區公益路二段51號24樓,150000000,1081219
11718,70599450,世界光照明股份有限公司,臺中市潭子區嘉仁里旱溪西路七段359號,28000000,1081217
11725,70613066,鴻偉國際有限公司,臺中市大里區金城里鳳城街27之5號,1000000,1081226
11726,70613137,荷華達康生物科技股份有限公司,臺中市西屯區大隆路179號3樓,16000000,1081203
11727,70613164,東辰交通工業有限公司,臺中市太平區太平里永義路262巷15號1樓,5000000,1081209
11733,70624508,博美形象廣告有限公司,臺中市南區南和里工學路66之1號1樓,1000000,1081219
11738,70628048,葳金股份有限公司,臺中市太平區德隆里德明路362號,5000000,1081203
11741,70630059,宏葳企業有限公司,臺中市南屯區文心南六路179號4樓之5,6000000,1081230
11746,70644808,家茂國際事業有限公司,臺中市外埔區水美里水美路仁美巷82之9號,10000000,1081205
11748,70651053,國麗實業股份有限公司,臺中市西區柳川東路二段27號1樓,20000000,1081223
11750,70655706,高臺營造有限公司,臺中市西屯區成都路295號8樓之3,12000000,1081210
11751,70656676,敬豐通運有限公司,臺中市龍井區龍東里文昌路675巷2號1樓,25000000,1081224
11755,70666957,台灣味群工業股份有限公司,臺中市大甲區日南里台中幼獅工業區工七路6號,95000000,1081225
11757,70669315,通隆建築開發股份有限公司,臺中市北區健行路737號1樓,9000000,1081217
11770,70684934,冠德運有限公司,臺中市西屯區惠來里惠來路3段60號2樓,10000000,1081209
11782,70694882,和國興企業有限公司,臺中市太平區東平路767號1樓,3500000,1081224
11786,70700075,聚城營造有限公司,臺中市西區大隆路20號6樓之8,50000000,1081230
11793,70705579,泰毅營造有限公司,臺中市南區忠明南路1114號10樓之1,3600000,1081203
11808,70730281,白紗科技印刷股份有限公司,臺中市太平區祥順路1段116號,627296800,1081202
11810,70731818,大沁企業股份有限公司,臺中市北區太原路一段532號6樓之3,100000000,1081220
11811,70732598,三主興興業股份有限公司,臺中市大安區福興里中松路255號,1000000,1081226
11820,70751341,廣大投資股份有限公司,臺中市南屯區工業區25路20號1樓,150000000,1081225
11827,70775250,富吉特半導體股份有限公司,臺中市潭子區潭秀里南二路28號之3,283950000,1081211
11841,70816793,山本國際投資股份有限公司,臺中市南屯區新生里公益路二段1005號1樓,130000000,1081202
11864,70848676,台灣電氣硝子股份有限公司,臺中市梧棲區緯六路6號,210000000,1081205
11866,70849231,台灣艾思特科技股份有限公司,臺中市潭子區潭秀里建國路17-1號,16933550,1081204
11925,75923097,銘達營造有限公司,臺中市西屯區市政北二路236號21樓之1,29000000,1081210
11962,79951741,恒域營造有限公司,臺中市南區福興里福新街13號1樓,3000000,1081219
11975,79964133,亞霈股份有限公司,臺中市西屯區市政路386號13樓之3,10000000,1081213
11978,79967309,永陞豐企業有限公司,臺中市神岡區岸裡里大豐路五段295巷28弄2號,700000,1081206
11980,79970022,睿勝營造有限公司,臺中市東勢區新盛街377號1樓,3000000,1081211
11983,79971520,鑫成座墊股份有限公司,臺中市東區自由路三段231號1樓,28000000,1081204
11989,79978586,上詮資訊有限公司,臺中市南區美村路二段392號2樓,2000000,1081217
11992,79986376,柏霖動機實業有限公司,臺中市西屯區西平南巷9之8號,40000000,1081223
11996,79992975,鑫器企業有限公司,臺中市太平區東平里成功路362巷6號,1000000,1081226
12000,79995121,懋榮建設股份有限公司,臺中市西屯區福科二路258號,25000000,1081227
12004,80000729,天賦自動化倉儲設備股份有限公司,臺中市西屯區工業區十五路4號,29000000,1081217
12009,80007791,學園有限公司,臺中市西屯區工業區六路18之1號3樓,7000000,1081226
12018,80016530,元品翔實業有限公司,臺中市北屯區東山路一段192之18號1樓,1000000,1081219
12032,80046318,浩維國際貿易有限公司,臺中市大里區新芳路105號1樓,6000000,1081218
12033,80048033,瓏承建設有限公司,臺中市霧峰區中正路1161號1樓,3000000,1081227
12035,80049217,彥根實業有限公司,臺中市豐原區圓環南路158號1樓,10000000,1081212
12037,80052155,風雷益建設有限公司,臺中市西屯區臺灣大道四段927號2樓,29500000,1081225
12039,80053680,利聖國際股份有限公司,臺中市南區福興里福中街22巷4號1樓,28325000,1081226
12045,80063483,強拓有限公司,臺中市大里區仁化里仁慈街393號1樓,1000000,1081226
12049,80066762,昱成銅興業有限公司,臺中市烏日區光明里五光路復光三巷23號1樓,5000000,1081220
12057,80076380,藝寶飾品股份有限公司,臺中市梧棲區頂寮里八德路22巷3號,1000000,1081227
12067,80090073,友正電子股份有限公司,臺中市東區東光路210號,10000000,1081230
12071,80102227,維先股份有限公司,臺中市南屯區文心路一段521號6樓之8,20000000,1081225
12074,80108968,廷鑫金屬股份有限公司,臺中市西屯區惠來里市政路386號14樓之7,123900000,1081224
12078,80112576,宇聯電子有限公司,臺中市大雅區橫山里中科路1122號1樓,5000000,1081211
12082,80121646,得譯數位科技股份有限公司,臺中市龍井區新東里臺灣大道五段31號2樓,28000000,1081219
12090,80129746,久津國際企業有限公司,臺中市豐原區北陽里圓環東路488號,22680000,1081230
12094,80132518,詠立機電股份有限公司,臺中市神岡區中山路667巷32弄39號,16000000,1081212
12095,80132860,巧合塑膠股份有限公司,臺中市龍井區三德里工業路177巷21號,40000000,1081225
12104,80143281,弘曆實業有限公司,臺中市大雅區雅潭路四段132號1樓,500000,1081216
12105,80144140,建原工程有限公司,臺中市太平區新福十六街51號,3000000,1081205
12120,80165290,神農家族健康舖有限公司,臺中市南屯區向心里文心南三路336號3樓之2,1000000,1081216
12156,80207448,頂威工業有限公司,臺中市太平區光華里大興十七街31號,10000000,1081210
12161,80210871,敬豐營造有限公司,臺中市南屯區楓樹里楓和路676號1樓,3600000,1081202
12164,80212998,智勝科技股份有限公司,臺中市西屯區協和里工業區9路12號,208476510,1081230
12167,80218901,鑫豪美科技有限公司,臺中市南屯區大興里東興路一段551號2樓,3000000,1081204
12169,80221315,荃振股份有限公司,臺中市西屯區何南里大聖街491號1樓,20000000,1081210
12173,80226037,山菱保溫工業有限公司,臺中市西區建國北路二段139號2樓,6000000,1081230
12178,80228773,國隆百貨有限公司,臺中市神岡區豐洲里國豐路一段238號,500000,1081209
12192,80252533,榮全有限公司,臺中市豐原區三民路175號1樓,1050000,1081202
12193,80255145,后生企業有限公司,臺中市外埔區大東里甲后路五段126號1樓,10000000,1081224
12196,80256989,治水企業股份有限公司,臺中市沙鹿區三鹿里自立路198巷58號1樓,18000000,1081204
12201,80265896,瑞迪國際股份有限公司,臺中市南區南和里工學三街15巷25號,10000000,1081230
12213,80278029,泉益投資股份有限公司,臺中市西屯區潮洋里市政北二路282號29樓,20000000,1081210
12234,80311532,虹晏企業有限公司,臺中市潭子區民族路三段17巷3號,2000000,1081219
12235,80312878,華勝自動化有限公司,臺中市豐原區社皮里豐原大道一段428巷22弄90號,29000000,1081204
12238,80317466,聖家鑫建設有限公司,臺中市北區北平三街6號1樓,5000000,1081218
12276,80390698,合澤企業有限公司,臺中市北區華信街8號1樓,5000000,1081225
12277,80391417,益暐工業有限公司,臺中市西屯區工業區38路220號,58000000,1081210
12278,80392696,由鉅文化藝術股份有限公司,臺中市西區中興里公正路83號1、2樓,25000000,1081206
12281,80393421,遠立宏有限公司,臺中市北區進化北路129號1樓,70000000,1081219
12282,80396166,旺林國際有限公司,臺中市北屯區舊社里僑孝街32巷23號2樓,8000000,1081226
12285,80397658,良程工程有限公司,臺中市大雅區上雅里學府路403巷39號1樓,10000000,1081211
12286,80401674,漢彌醫療器材有限公司,臺中市西屯區福雅里福順路217巷20號2樓,500000,1081206
12287,80405117,順勢生活股份有限公司,臺中市豐原區西湳里三豐路二段549巷112號,26800000,1081206
12295,80418231,成威工程顧問有限公司,臺中市潭子區潭陽路30巷6號1樓,2000000,1081216
12297,80419549,錦盛有限公司,臺中市南區南和里永和街51號1樓,500000,1081227
12298,80419800,蘿雅蒂詩國際開發股份有限公司,臺中市西區民龍里臺灣大道二段220號7樓,2340000,1081203
12300,80423467,川揚精密工業有限公司,臺中市大甲區日南里19鄰幼五路28號,6000000,1081220
12306,80430501,鍵源鋼鐵有限公司,臺中市豐原區東湳里三豐路二段20巷179號,1000000,1081202
12316,80448050,中科安全科技有限公司,臺中市西屯區福和里臺灣大道四段923號3樓,20000000,1081220
12318,80455517,証瀚科技有限公司,臺中市太平區興隆里光興路1396號1樓,5000000,1081227
12322,80458140,太陽電光電工程有限公司,臺中市北區中正里中山路365號1樓,1000000,1081202
12327,80464044,湧智貿易有限公司,臺中市北屯區松竹路一段922之2號,5000000,1081220
12330,80466612,力瑪科技股份有限公司,臺中市南屯區精科中路22號2樓,80000000,1081218
12336,80475730,國隆國際有限公司,臺中市北屯區中清路二段682號一樓,10000000,1081219
12372,80522115,宏合精研股份有限公司,臺中市大肚區沙田路三段245巷81之36號,20000000,1081213
12376,80527499,長鋐興業股份有限公司,臺中市清水區橋頭里民治東路269巷12號1樓,20000000,1081210
12394,80557351,峰鄉企業有限公司,臺中市霧峰區四德路296、296之1號,1000000,1081218
12395,80564022,施惟有限公司,臺中市太平區長億里長億八街20號,20000000,1081205
12396,80564450,易圖科技股份有限公司,臺中市西屯區何成里大墩十八街195號3樓之1,4875000,1081225
12409,80583941,鈺堃食品機械企業有限公司,臺中市大里區國中路189號1樓,20000000,1081209
12410,80586145,孟儀有限公司,臺中市豐原區頂街里和平街16號3樓,500000,1081224
12413,80589852,千裕宏股份有限公司,臺中市太平區興隆路7之28號,25000000,1081211
12415,80591288,宏懋管理顧問有限公司,臺中市西屯區何明里大有五街27號6樓之1,5000000,1081216
12417,80593125,偉信股份有限公司,臺中市太平區中興里東平路715巷6號1樓,10000000,1081218
12420,80599681,弘坤有限公司,臺中市大里區西榮里新仁路三段100號,3000000,1081205
12427,80613375,東翔重機企業有限公司,臺中市后里區中和里富春路135之18號1樓,50000000,1081230
12429,80621207,古賀精機股份有限公司,臺中市太平區新仁路一段22巷86號,10000000,1081204
12430,80621781,益生生物科技有限公司,臺中市北區中清路一段79號五樓,3000000,1081224
12432,80622402,金城特殊金屬股份有限公司,臺中市梧棲區永安里向上路九段562巷20號3樓,35000000,1081212
12438,80627440,訊暘電訊有限公司,臺中市西屯區何明里大有三街15號,2000000,1081224
12439,80636378,世鑫油漆股份有限公司,臺中市太平區太平26街33號1樓,7000000,1081209
12446,80646988,天藝工業股份有限公司,臺中市南屯區寶山里工業區二十三路43號,28000000,1081218
12458,80666702,崇瀚事業有限公司,臺中市東區旱溪東路一段429號,25000000,1081210
12480,80690040,碩成科技股份有限公司,臺中市大里區祥興里喬城路138巷5號,20000000,1081202
12502,80704065,瑞宏興業股份有限公司,臺中市北區邱厝里崇德路1段168巷2號1樓,200000000,1081206
12508,80709081,玳門股份有限公司,臺中市南屯區五權西路二段542號1樓,1000000,1081227
12511,80712993,康乃爾英語股份有限公司,臺中市南區德義里國光路218號3樓,8000000,1081219
12526,80736828,銪聯鋼鐵有限公司,臺中市烏日區湖日里新興路335之17號1樓,10000000,1081213
12527,80738683,台灣國際開發事業有限公司,臺中市西區英才路470巷12號4樓之9,38000000,1081212
12529,80739830,喜悅萬怡有限公司,臺中市南屯區永定里黎明路二段71巷42號1樓,21000000,1081224
12532,80741478,橋森股份有限公司,臺中市西屯區工業區32路13號1樓,20000000,1081202
12536,80749464,誠明文教管理事業股份有限公司,臺中市西屯區何南里大墩路968號,12000000,1081220
12556,81270860,明承有限公司,臺中市南區和平里美和街17號,27000000,1081219
12572,82764216,奕安居室內裝修工程有限公司,臺中市豐原區豐圳里成功路635巷38號1樓,500000,1081224
12573,82764567,華興螺絲有限公司,臺中市南區樹義里福田二街222號一樓,500000,1081230
12574,82765171,聯興發股份有限公司,臺中市南屯區大墩四街321號地下一層,100000000,1081212
12575,82765496,峯達開發顧問有限公司,臺中市北區頂厝里崇德路一段631號13樓之1,1000000,1081220
12576,82765539,煌龍國際股份有限公司,臺中市北區健行里民權路559號3樓之1,200000,1081204
12577,82765670,秉王工程有限公司,臺中市太平區新城里樹孝路337巷2弄9號9樓,200000,1081203
12584,82769704,祥豐康國際有限公司,臺中市北區學士路132號3樓,1480000,1081224
12585,82770358,玖揚精密股份有限公司,臺中市烏日區螺潭里溪南路二段516巷121弄69號,10000000,1081209
12586,82770646,橙艾創新股份有限公司,臺中市西屯區潮洋里環中路二段1506號2樓,2500000,1081211
12587,82770940,亞細亞建設股份有限公司,臺中市潭子區新田里豐興路二段338巷20號,6000000,1081216
12588,82771286,永兆家具有限公司,臺中市沙鹿區埔子里正英路380巷12號1樓,2000000,1081204
12589,82772172,王道工程有限公司,臺中市烏日區榮泉里榮泉路39巷28號,5600000,1081203
12604,82776281,日耀投資股份有限公司,臺中市南屯區楓樹里永春東三路37號1樓,37000000,1081216
12605,82776368,承威物聯網有限公司,臺中市東區新庄里台中路71巷37號1樓,1000000,1081205
12606,82776450,行誠德股份有限公司,臺中市南屯區同心里五權西路二段236號15樓之3,20000000,1081212
12607,82776634,多加股份有限公司,臺中市南屯區文心路一段186號19樓之5,7000000,1081216
12608,82776753,崴凱投資控股股份有限公司,臺中市后里區三豐路四段199巷12弄6號,5550000,1081225
12609,82776825,群聯投資股份有限公司,臺中市西區臺灣大道二段307號9樓之2,26281250,1081220
12610,82777021,寰宇中道健康科技股份有限公司,臺中市北區頂厝里進化北路238號12樓之5,3000000,1081218
12611,82777633,瑀臻國際股份有限公司,臺中市西區双龍里模範街60號,6800000,1081218
12612,82778099,保惠顧問有限公司,臺中市西屯區至善里7鄰至善路101巷1號,20000,1081220
12613,82778491,綠普股份有限公司,臺中市大雅區前村路142巷38號,10000000,1081205
12614,82778513,隆程工程有限公司,臺中市沙鹿區興安里斗潭路314號,200000,1081209
12615,82778865,聚太建設有限公司,臺中市西屯區朝富路213號23樓之5,15000000,1081230
12622,82782690,志灯股份有限公司,臺中市梧棲區自立一街200號2樓,8000000,1081213
12623,82782848,政勇科技有限公司,臺中市大里區瑞城里中興路一段2巷51弄32號1樓,2000000,1081204
12624,82783017,納得創廚有限公司,臺中市西屯區工業區六路18之1號3樓,500000,1081224
12625,82783255,珂汎國際有限公司,臺中市西屯區何成里大隆路167號6樓之2,5000000,1081226
12626,82783380,瑋杰實業有限公司,臺中市西屯區何安里臺灣大道二段910號6樓之5,1000000,1081230
12627,82783585,遠寰有限公司,臺中市北屯區平安里崇德路二段128號6樓之1,118000000,1081210
12628,82784326,美璂企業股份有限公司,臺中市霧峰區五福路69巷26號,4000000,1081213
12629,82785459,上盛泉有限公司,臺中市西屯區西墩里西墩北巷10之6號1樓,5000000,1081231
12630,82785752,會紅企業有限公司,臺中市北區精武路328號地下樓,500000,1081211
12631,82785850,奕誠建設股份有限公司,臺中市大里區大里路180號1樓,35000000,1081209
12632,82785887,豐洲建設股份有限公司,臺中市南屯區大業里公益路二段61號4樓之3,12000000,1081218
12633,82786204,上橋國際企業有限公司,臺中市南區東興路一段36號9樓之5,1000000,1081219
12634,82786268,楷佑實業有限公司,臺中市大里區金城里金城街118號1樓,1000000,1081211
12635,82786767,品銘軒餐旅有限公司,臺中市西區大和路63號,1000000,1081218
12636,82787029,閎勝興業有限公司,臺中市神岡區圳堵里和睦路一段61巷32號1樓,1200000,1081226
12637,82787169,一品青有限公司,臺中市清水區文昌里中山路339之8號2樓,5000000,1081205
12642,82789595,威嘉地產開發有限公司,臺中市北屯區梅川東路五段472號1樓至3樓,1000000,1081213
12643,82789737,智軒顧問有限公司,臺中市西屯區大進街729號2樓,15000000,1081218
12644,82789878,心探索國際有限公司,臺中市西屯區廣福里廣福路352巷56號1樓,1000000,1081223
12645,82790164,北美洲興業有限公司,臺中市太平區德隆里德隆路82巷46號1樓,3000000,1081209
12646,82790410,星河網路科技有限公司,臺中市北區健行里民權路559號3樓之1,150000,1081216
12647,82790811,四方營造有限公司,臺中市西屯區臺灣大道四段925號19樓之1,4000000,1081217
12648,82790896,冠元空中瑜珈股份有限公司,臺中市西區忠誠里精誠路72號2樓,8500000,1081209
12649,82791760,頂騰創新服務有限公司,臺中市大里區東湖里中興路一段159之1號3樓,1000000,1081204
12650,82791889,柯順機械有限公司,臺中市東區東英里德興一街71號1樓,1000000,1081211
12651,82792867,瀧太實驗服務有限公司,臺中市龍井區龍津里中央路一段234號1樓,1000000,1081218
12652,82792888,知音軟體設計有限公司,臺中市西區和龍里臺灣大道二段2號18樓之1,1000000,1081204
12661,82794289,智動企業有限公司,臺中市西屯區福林里福林路117號1樓,200000,1081230
12662,82794773,成興興業有限公司,臺中市大肚區福山里王福街988巷88弄8號1樓,100000,1081227
12663,82794838,智樂教育股份有限公司,臺中市西屯區寧夏路230號,5000000,1081212
12665,82795301,大和營造股份有限公司,臺中市西屯區何成里大隆路167號2樓,60000000,1081203
12666,82795359,喜氏開發有限公司,臺中市北區進化北路388號1樓,500000,1081226
12697,82803689,浩瑋興業有限公司,臺中市南屯區大業里大墩路750號1樓,1500000,1081211
12698,82804420,百富寶有限公司,臺中市南屯區溝墘里大業路241號3樓之1,500000,1081225
12699,82804462,達盛欣有限公司,臺中市西區土庫里五權一街113之1號1樓,2000000,1081219
12700,82805075,頑石國際開發股份有限公司,臺中市西區忠誠里大隆路20號4樓之2,5000000,1081225
12701,82805639,邦尼有限公司,臺中市西區民龍里臺灣大道二段239號13樓,1500000,1081225
12702,82805758,嘉信國際有限公司,臺中市西屯區青海路二段240之6號4樓之1,100000,1081226
12703,82805841,丞益光電股份有限公司,臺中市大雅區西寶里昌平路四段558巷51弄13號2樓,8000000,1081212
12704,82806150,一片天投資有限公司,臺中市北區明新里中清路一段447號10樓之3,5100000,1081224
12725,82810746,名俯建設有限公司,臺中市豐原區三村里三和路354巷97弄46之10號1樓,500000,1081218
12754,82817564,曜薇國際有限公司,臺中市南屯區永定里永春東七路527號2樓之1,300000,1081216
12760,82818613,立碁股份有限公司,臺中市大雅區西寶里昌平路四段558巷51弄13號3樓,20000000,1081216
12761,82818830,高苙建設股份有限公司,臺中市西區五權路2之2號1樓,58300000,1081226
12762,82818986,綠島計畫有限公司,臺中市太平區新坪里太順路335號1樓,2000000,1081217
12763,82819747,馬爾斯資訊有限公司,臺中市西區公益里忠明南路237號9樓之2,5010000,1081205
12764,82820786,米路創意服飾有限公司,臺中市太平區中山路四段212巷12之1號4樓,200000,1081206
12765,82820884,我要成為蛋捲王有限公司,臺中市北屯區樹孝路702號10樓之2,1200000,1081213
12766,82820890,慶展國際有限公司,臺中市沙鹿區北勢里北勢東路714巷25號1樓,200000,1081217
12767,82820913,傑瑞車業有限公司,臺中市南屯區豐樂里永春東三路255號1樓,3000000,1081218
12768,82821080,有泰裝潢工程有限公司,臺中市北屯區僑孝街240號2樓,200000,1081217
12779,82824740,知典智權股份有限公司,臺中市南區福義路13之2號,1000000,1081202
12780,82824782,浤睿國際有限公司,臺中市神岡區社南里中山路667巷26弄17號,600000,1081205
12781,82825092,穗合國際有限公司,臺中市北屯區和平里松竹路一段25巷67號1樓,500000,1081219
12782,82825473,品泰停車事業有限公司,臺中市北區中清路一段370號9樓之2,1200000,1081213
12783,82825728,凱特工業有限公司,臺中市西屯區惠來里文心路三段13之7號,1500000,1081205
12784,82825902,長青樹有限公司,臺中市西區東興路三段150號1樓,3000000,1081213
12796,82830068,捷思醫學科技股份有限公司,臺中市南區福順里忠明南路789號38樓之2,500000,1081225
12797,82830089,昇杰有限公司,臺中市西屯區鵬程里逢大路63號7樓之1,1000000,1081230
12798,82830172,鏵煒國際有限公司,臺中市南區永興里工學二街115巷30號,1000000,1081211
12800,82831411,佑兆投資有限公司,臺中市潭子區潭北里福潭路906號1樓,10978000,1081211
12801,82831876,富德開發有限公司,臺中市龍井區東海里遊園北路178巷17號2樓,5000000,1081224
12802,82832734,益達綠能工程股份有限公司,臺中市北區三民路三段148之3號4樓,4200000,1081226
12829,82839791,特僡盈股份有限公司,臺中市北區進化北路238號10樓之3,3978000,1081209
12830,82839862,新村甜品股份有限公司,臺中市西區民生路366號,2400000,1081224
12831,82840501,群盛廣告行銷有限公司,臺中市西屯區潮洋里市政北二路282號10樓之11,500000,1081230
12832,82840615,新聚東土地開發有限公司,臺中市梧棲區南簡里中華路二段511號2樓,14000000,1081225
12833,82841467,豐橡園建設股份有限公司,臺中市西屯區市政路386號3樓之8,1200000000,1081226
12834,82841543,利旺投資顧問股份有限公司,臺中市大里區永隆里大明路569號2樓,195000000,1081230
12835,82841591,雋寬有限公司,臺中市中區三民路二段20號1樓,10000000,1081213
12836,82842395,三縈國際股份有限公司,臺中市西區和龍里臺灣大道二段2號20樓之2,1700000,1081226
12844,82845978,米可吉他音樂有限公司,臺中市西屯區福科路952號2樓,5000000,1081206
12875,82857805,六億冷氣工程有限公司,臺中市龍井區東海里藝術街111號1樓,500000,1081206
12876,82858327,崴美文創股份有限公司,臺中市南屯區干城街328號4樓之1,22000000,1081218
12877,82859472,于碩系統整合有限公司,臺中市龍井區沙田路五段253巷10弄2號1樓,500000,1081226
12878,82859557,璽藏茶飲股份有限公司,臺中市北區一中街1之7號1樓,10000000,1081205
12879,82860604,百讚純淨水股份有限公司,臺中市大雅區橫山里永和路101號,17000000,1081209
12880,82860610,鍇勳企業股份有限公司,臺中市南屯區永定里龍富十五路25號3樓之1,6000000,1081209
12881,82861195,哈曼投資有限公司,臺中市南屯區萬和路一段41之4號1樓,3500000,1081217
12882,82861218,雙維精密有限公司,臺中市后里區墩南里南村路400巷6之11號1樓,1400000,1081227
12883,82861385,富嘉寶生技股份有限公司,臺中市西屯區市政北二路282號21樓之11,500000,1081218
12891,82864361,國諭資產開發有限公司,臺中市西屯區西墩里西苑二街135號,100000,1081211
12922,82873811,久登國際有限公司,臺中市東勢區新盛里東關路六段685巷72號,5100000,1081224
12923,82873896,泰暘投資顧問有限公司,臺中市大里區永隆里大明路496號20樓,80000,1081217
12924,82873919,永豐徵信有限公司,臺中市西屯區潮洋里市政北二路236號21樓之1,20000,1081216
12928,82874706,頑程式科技股份有限公司,臺中市西區五權五街151號6樓之4,600000,1081204
12929,82874810,鉅日建設股份有限公司,臺中市北區大德街249巷7號5樓,5000000,1081206
12930,82874918,鍠誠有限公司,臺中市烏日區學田里學田路605巷5號1樓,500000,1081205
12931,82875254,豐禾行旅股份有限公司,臺中市北區五權路377號4、5、6、7樓,6000000,1081211
12932,82875281,麗仁科技有限公司,臺中市西屯區潮洋里市政北二路236號34樓之1之2之3,1000000,1081226
12933,82875439,灝森國際有限公司,臺中市后里區公館里新店莊6之12號1樓,1000000,1081211
12934,82875579,萬渤控股有限公司,臺中市西屯區惠來里市政路402號16樓之5,20000000,1081210
12935,82875655,博輔智能有限公司,臺中市南屯區嶺東路323之2號4樓,1000000,1081206
12986,82892704,源食有限公司,臺中市東區旱溪西路一段446巷29號,500000,1081206
12987,82892900,金錢豹國際動漫文創股份有限公司,臺中市南屯區文心南五路一段350巷21號1樓,10000000,1081216
12988,82893083,綠德創研股份有限公司,臺中市烏日區烏日里中山路二段109號1樓,12000000,1081212
12989,82893345,祥龍泰工業有限公司,臺中市太平區宜佳里溪洲西路58巷34號1樓,500000,1081206
12990,82893350,山煇科技有限公司,臺中市西屯區逢福里河南路二段262號3樓之1,2000000,1081202
12991,82893598,金仕曼事業有限公司,臺中市東區新庄里復興路四段60之1號,100000,1081230
12992,82894225,凌通國際有限公司,臺中市西區和龍里台灣大道二段16號19樓之2,500000,1081227
12993,82894251,康得力生物科技有限公司,臺中市南屯區豐樂里文心南五路一段260巷10弄36號1樓,200000,1081224
12994,82894294,恆富國際有限公司,臺中市西屯區大墩二十街99號5樓,500000,1081226
12995,82894421,古津國際茶飲有限公司,臺中市北區健行里民權路559號3樓之1,3000000,1081204
12997,82894560,振鈺數位服務股份有限公司,臺中市西屯區工業區三十三路39號,50000000,1081230
13022,82904820,好禾國際股份有限公司,臺中市東區力行路200巷23號2樓,3200000,1081203
13023,82905004,富均土地開發有限公司,臺中市西屯區何南里大墩二十街118號3樓之2,999000,1081211
13024,82905026,三光紙器實業有限公司,臺中市清水區鎮新一街17號1樓,3000000,1081218
13049,82912286,瑄繡美學有限公司,臺中市北屯區北屯路409之9號1樓,600000,1081217
13054,82914361,鼎舜國際有限公司,臺中市東區東信里長福路241號1樓,300000,1081205
13055,82914427,紘尚建設有限公司,臺中市南區新榮里學府路168巷7號7樓之1,2000000,1081213
13056,82914502,鈊誠科技股份有限公司,臺中市北區文莊里五權路247號八樓之1,1000000,1081226
13057,82914593,旺銳有限公司,臺中市東區東門里東光園路228號1樓,500000,1081216
13058,82915523,綻放國際貿易有限公司,臺中市太平區永成北路201號,300000,1081218
13059,82915538,立群國際企業有限公司,臺中市南屯區寶山里寶山二街103之1號1樓,1500000,1081218
13060,82915798,荃邦有限公司,臺中市南屯區大墩十七街91號7樓之20,100000,1081225
13061,82916001,永旭文教有限公司,臺中市豐原區田心里育仁路150號1樓,1000000,1081217
13096,82926248,信福有限公司,臺中市北屯區平和里梅川東路四段105號9樓之1,5000000,1081219
13114,82930025,盛勢國際事業有限公司,臺中市西屯區何仁里天水西五街25號1樓,1000000,1081203
13115,82930714,高端國際顧問有限公司,臺中市西區公平里華美西街一段16號9樓之3,13200000,1081204
13116,82931018,麗莎生物科技有限公司,臺中市南屯區大墩十一街156號5樓,500000,1081219
13117,82931349,鉅旺創意有限公司,臺中市北區頂厝里進化北路238號10樓之3,500000,1081204
13118,82931740,中台帝寶有限公司,臺中市北屯區太祥西街108號1樓,168000,1081210
13119,82931777,展隆管理顧問有限公司,臺中市北屯區平安里崇德路二段130號9樓,1000000,1081225
13120,82932038,金滿意不動產有限公司,臺中市北區長青里陝西五街18號5樓之4號,1000000,1081219
13121,82932109,君御管理顧問有限公司,臺中市大里區永隆里永隆五街63號1樓,5000000,1081212
13194,82963117,羽澤建設開發有限公司,臺中市東區東英里喬城一街143號2樓,3000000,1081219
13195,82963361,程鑫有限公司,臺中市大里區國光里至聖路68號1樓,1000000,1081230
13196,82963550,逸揚國際開發有限公司,臺中市西屯區福雅里臺灣大道四段936號6樓之1,5000000,1081204
13197,82963664,協昶興業有限公司,臺中市清水區下湳里中山路501之1號1樓,40000000,1081202
13198,82964333,東方風能科技股份有限公司,臺中市北區學士路257號11樓,12000000,1081217
13199,82964544,亞特諾股份有限公司,臺中市南區平和里美村南路17號3樓,880000,1081218
13214,82969371,美伸文化股份有限公司,臺中市北區立人里華美街二段262號3樓之2,5000000,1081219
13215,82969610,晴天茶業有限公司,臺中市北區新北里育才南街2號1樓,10000000,1081204
13216,82969787,古林職人切削工具有限公司,臺中市太平區永平里中平路24之7號,2000000,1081230
13238,83461485,聚利地產有限公司,臺中市西屯區潮洋里朝富路213號11樓之8,216800,1081219
13239,83462288,岩里事業有限公司,臺中市西屯區何厝里何厝東二街23號5樓之6,2000000,1081224
13242,83528198,永大管顧有限公司,臺中市南區公理街39號3樓之10,1000000,1081204
13246,83536649,大順興顧問事業有限公司,臺中市南屯區大業里大墩路924之2號,180000,1081230
13247,83559179,君宇管理顧問有限公司,臺中市北區健行里民權路559號3樓之1,200000,1081218
13248,83559430,泛濤顧問有限公司,臺中市西區民龍里臺灣大道二段181號12樓之6,5000000,1081219
13249,83559570,樺豊股份有限公司,臺中市西屯區潮洋里朝富路213號27樓之2,10000000,1081226
13250,83559620,璽宇股份有限公司,臺中市西屯區何仁里文心路三段155之1號7樓,610000,1081211
13251,83560345,金福不動產仲介經紀有限公司,臺中市豐原區豐田里豐南街162號1樓,500000,1081226
13252,83560719,呈盈時尚國際有限公司,臺中市西屯區潮洋里市政北二路282號21樓之9,3000000,1081213
13274,83903829,微派通訊有限公司,臺中市西屯區河南路二段308號1樓,100000,1081212
13275,83904828,勇鈞營造股份有限公司,臺中市西屯區何安里何厝街67巷12之1號4樓,3700000,1081225
13276,83907374,陽光立業股份有限公司,臺中市豐原區東勢里民生街82號1樓,10000000,1081203
13277,83919842,青松達觀股份有限公司,臺中市大里區夏田里中投西路三段217號,3000000,1081212
13278,83919955,宇杰投資股份有限公司,臺中市北屯區松勇里松竹北路32號1樓,20000000,1081213
13294,84087352,華力建設工程股份有限公司,臺中市南屯區田心里大墩四街321號地下1層,3000000,1081225
13297,84091449,妙有有限公司,臺中市大雅區西寶里雅潭路三段378號,10000000,1081204
13313,84131569,達努巴克國際事業股份有限公司,臺中市西屯區潮洋里朝富路213號5樓之11,10000000,1081226
13325,84162106,全吉路面機械股份有限公司,臺中市南區西川里1鄰崇倫北街8號,4000000,1081212
13333,84178846,帝旺營造股份有限公司,臺中市北區太原北路130號3樓之1,12000000,1081220
13341,84205344,恆碩家飾股份有限公司,臺中市霧峰區吉峰路132巷5弄27號1樓,5320000,1081203
13346,84219608,適度有限公司,臺中市西區公平里精誠十街6號,590875,1081216
13347,84228352,東助建設股份有限公司,臺中市北屯區仁美里豐樂路19之11號,25000000,1081218
13349,84234045,晉品有限公司,臺中市太平區永平路二段422號1樓,2000000,1081224
13354,84238437,育倫有限公司,臺中市太平區大興21街196號,4800000,1081219
13357,84245900,創方有限公司,臺中市大里區仁化里仁慈街393號1樓,10000000,1081226
13358,84246197,聯雲企業股份有限公司,臺中市南區工學北路56號12樓之1,6000000,1081218
13364,84252248,聰華交通股份有限公司,臺中市南屯區楓樹里精誠南路1138之3之13號,28000000,1081216
13396,84310129,隆答股份有限公司,臺中市西區臺灣大道二段536號10樓之2,10000000,1081204
13397,84310893,大將地產開發有限公司,臺中市西屯區西墩里1鄰光明路193之2號,1000000,1081220
13409,84353528,友銓資訊服務有限公司,臺中市西屯區何仁里寧夏路195之8號,300000,1081209
13414,84363589,守航企業股份有限公司,臺中市豐原區南田里富翁街25號,5000000,1081220
13417,84364139,柏輝精密股份有限公司,臺中市大雅區四德里中山12路7號,22000000,1081205
13431,84396553,亞信通信有限公司,臺中市北屯區東光里北屯路290巷9號16樓,1000000,1081224
13432,84399812,家莉國際有限公司,臺中市西屯區港尾里中康一街14巷7號1樓,1000000,1081223
13433,84409733,謄大股份有限公司,臺中市南區和平里工學北路62號,3000000,1081219
13439,84441662,台灣宏名科技有限公司,臺中市西屯區大河里美滿東二巷10號2樓,10000000,1081230
13442,84447173,銓德通運股份有限公司,臺中市梧棲區頂寮里港埠路二段449號,30000000,1081230
13465,84513790,東億貿易股份有限公司,臺中市南屯區惠中里文心路一段324號11樓之1,3000000,1081210
13469,84519274,智人部落股份有限公司,臺中市東區富榮街86巷6弄16號1樓,10000000,1081209
13478,84544822,佶良模具股份有限公司,臺中市南區樹義里樹義5巷13之2號,5760000,1081220
13491,84558402,暐承企業有限公司,臺中市沙鹿區竹林里光華路553號,5000000,1081209
13492,84559660,和瑞營造股份有限公司,臺中市神岡區社口里中山路800巷15號2樓,4000000,1081206
13494,84561595,群曜特殊鋼股份有限公司,臺中市大里區仁化里工業九路130號,18000000,1081206
13496,84569626,中央智慧開發股份有限公司,臺中市梧棲區草湳里建國北街237號1樓,5000000,1081203
13498,84576703,達譽有機企業有限公司,臺中市西區忠義街37巷4號1樓,5000000,1081226
13499,84577457,昊特企業有限公司,臺中市潭子區栗林里中山路三段555號,6000000,1081216
13518,84622333,臻裕企業有限公司,臺中市南屯區同心里文心路一段218號7樓之3,21000000,1081213
13519,84623699,揚振企業有限公司,臺中市龍井區龍泉里龍社路41巷25號1樓,50000000,1081218
13530,84658325,志信機電有限公司,臺中市大里區西湖里西柳街32巷23號,3000000,1081223
13535,84668750,正貿企業股份有限公司,臺中市南屯區新生里筏子東街一段169號1樓,16000000,1081224
13538,84678639,金昭工程有限公司,臺中市大甲區西岐里順帆五街30巷30號,4500000,1081219
13542,84685441,約翰工業有限公司,臺中市大里區東興里永興路232巷37弄1號,23083317,1081219
13547,84693879,派希雅實業股份有限公司,臺中市潭子區潭秀里潭富路一段144巷39號,5000000,1081216
13555,84706494,金道通運股份有限公司,臺中市南屯區三厝里黎明東街195號1樓,30000000,1081205
13558,84710899,承益通運有限公司,臺中市烏日區溪壩里溪南路一段680巷41號1樓,29500000,1081211
13591,84795545,達鼎雷射股份有限公司,臺中市大里區新仁四街5號,7500000,1081209
13598,84805797,高木祥木業有限公司,臺中市龍井區山腳里中山二路一段162巷51號1樓,1000000,1081218
13599,84807520,華暐機械工程股份有限公司,臺中市沙鹿區清泉里中清路1-10號,55000000,1081230
13601,84812925,上吉昌企業有限公司,臺中市南區德富路97號3樓,5000000,1081224
13602,84816160,聯金工業股份有限公司,臺中市豐原區鐮村里鐮村路309號,15000000,1081203
13603,84818863,昆湖企業股份有限公司,臺中市大安區頂安里南北四路351巷20號,5000000,1081205
13607,84832915,永鋒國際股份有限公司,臺中市大里區祥興里益民路二段510巷11號,5000000,1081202
13608,84839261,世舜工程設計有限公司,臺中市南屯區文心里大墩路259號4樓,10000000,1081225
13610,84845025,巧悅美容有限公司,臺中市西屯區西墩里上安路210號6樓之3,1000000,1081205
13613,84848923,金尚品不銹鋼金屬有限公司,臺中市南屯區永春東路866號1樓,6000000,1081209
13625,84869193,匯恆機械實業股份有限公司,臺中市太平區頭汴里長龍路二段336巷15號,15400000,1081217
13631,84888059,興力股份有限公司,臺中市烏日區太明路成豐巷83號1樓,89000000,1081220
13634,84894329,三立投資股份有限公司,臺中市北屯區平安里崇德路二段128號5樓之3,240000000,1081202
13659,84952565,金永翰石材有限公司,臺中市大雅區昌平路四段558巷91號,5000000,1081205
13661,84957864,得洋營造有限公司,臺中市太平區立文街199號,17000000,1081226
13662,84959315,禾本股份有限公司,臺中市北屯區文心路四段698號23樓之2,5000000,1081223
13663,84959455,連亨企業有限公司,臺中市沙鹿區竹林里福田南街109號,10000000,1081219
13665,84961608,通豪建築開發股份有限公司,臺中市北區健行路371之13號,29900000,1081213
13666,84962310,長隆玻璃工業股份有限公司,臺中市潭子區栗林里中山路三段493巷42弄2號,110000000,1081210
13672,84983883,雅嘉電子股份有限公司,臺中市潭子區栗林里祥和路47號6樓,70000000,1081210
13673,84984237,昱鋒工業股份有限公司,臺中市東區自由路四段142號3樓,10000000,1081206
13678,85000473,文欽營造股份有限公司,臺中市西屯區大墩二十街118號5樓之1,4800000,1081226
13679,85000522,宏佳泰興業有限公司,臺中市神岡區神岡里中正南街37巷22號1樓,3000000,1081223
13725,85015172,鴻騰通運有限公司,臺中市南屯區嶺東路916之5號10樓之5,25000000,1081211
13726,85015454,東震永業有限公司,臺中市烏日區五光路復光四巷22號,1000000,1081212
13727,85015715,艾茵生物科技有限公司,臺中市大里區永隆八街168巷1號9樓,500000,1081226
13746,85019803,韓錢有限公司,臺中市北區頂厝里進化北路238號10樓之3,200000,1081205
13747,85020267,昇美工程有限公司,臺中市大里區工業路宏巨一巷25號1樓,100000,1081230
13748,85020323,晧晟股份有限公司,臺中市西區双龍里模範街12巷6號6樓,2500000,1081218
13749,85020371,峰毅工程顧問有限公司,臺中市西區公益路161號9樓之8,500000,1081230
13769,85025973,荃瀅有限公司,臺中市西區忠明南路40號7樓,1680000,1081202
13770,85026023,無限可能有限公司,臺中市西區華美街382號1樓,6500000,1081210
13771,85026229,蒂蘿娜生物科技股份有限公司,臺中市北區金華里興進路213號14樓,1000000,1081206
13772,85026282,佳星開發投資有限公司,臺中市南屯區三和里河南路四段460號9樓之1,2500000,1081203
13811,85038323,文越有限公司,臺中市北屯區平安里文心路四段692之1號3樓,500000,1081205
13812,85038421,天生女神國際有限公司,臺中市南區南和里6鄰工學路58巷10弄2號1樓,1000000,1081206
13821,85040051,麗寶秀泰影城股份有限公司,臺中市后里區月眉東路二段181號3樓之3,5000000,1081218
13826,85040974,柏力電子有限公司,臺中市豐原區鎌村里鎌村路271巷79號1樓,5000000,1081206
13853,85049118,百鄉科技農業股份有限公司,臺中市西區英才路530號11樓之7,15500000,1081209
13854,85049172,泓益建設有限公司,臺中市太平區新平路一段35巷82弄12號1樓,1000000,1081210
13856,85049433,儷昕有限公司,臺中市西區三民路一段149號12樓之1,1250000,1081223
13857,85050037,常昇太陽能有限公司,臺中市西區安龍里五權路27之1號10樓,26000000,1081203
13872,85052534,金東豐建設股份有限公司,臺中市北區建成里東光六街20之6號3樓,53400000,1081209
13873,85053077,馬可波羅新能源股份有限公司,臺中市西屯區港尾里中平路1281號1樓,29200000,1081213
13874,85053463,一覺有限公司,臺中市南屯區溝墘里大墩路673號1樓、2樓,5000000,1081212
13875,85053647,金維儀雷射科技有限公司,臺中市北區崇德路一段256巷5號1樓,2500000,1081203
13876,85053999,灃興國際有限公司,臺中市南屯區大墩四街321號地下一層,600000,1081203
13877,85054272,同恩展業有限公司,臺中市北屯區水湳里中清路二段110號1樓,1000000,1081219
13878,85054391,科帆演藝傳媒有限公司,臺中市北區錦祥里進化路575號2樓之1,100000,1081212
13879,85054435,鴻海開發有限公司,臺中市南屯區文心路一段186號5樓之12,300000,1081218
13888,85057947,東瑋科技有限公司,臺中市西屯區逢甲里寶慶街18巷27號7樓,100000,1081219
13889,85058072,宜珒科技股份有限公司,臺中市西區公益路161號6樓之8,6600000,1081223
13890,85058827,雅寶電子有限公司,臺中市西屯區惠來里市政路537號24樓之2,6000000,1081203
13891,85059136,澄運教育科技股份有限公司,臺中市大甲區南陽里水源路39巷5號1樓,300000,1081225
13892,85059564,勤美學國際文創有限公司,臺中市中區綠川里綠川西街135號12樓之1,200000,1081224
13893,85059895,未來基因股份有限公司,臺中市西屯區文心路二段566之1號3樓之1,16400000,1081226
13949,85081186,郝創意有限公司,臺中市南屯區南屯路二段290號12樓之2,1000000,1081226
13950,85081221,全鑄所室內裝修有限公司,臺中市北區梅川西路三段39巷18號2樓之9,2000000,1081217
13951,85081284,振詠開發股份有限公司,臺中市豐原區圓環東路86號3樓,6000000,1081210
13952,85081448,恒裕科藝有限公司,臺中市北屯區松竹路二段300巷8弄24號1樓,10000000,1081218
13953,85081685,歆熾電氣技術股份有限公司,臺中市北屯區文心路三段447號5樓,6000000,1081205
13954,85082018,國珊國際有限公司,臺中市北區三民路三段217號6樓之12,6000000,1081227
13958,85085198,捷崴科技國際有限公司,臺中市北屯區和平里和福路168號3樓之5,300000,1081231
13959,85085492,上森景觀設計工程股份有限公司,臺中市清水區中華路81號2樓,30000000,1081216
13960,85085958,昌恆數位娛樂股份有限公司,臺中市西屯區惠來里市政路386號11樓之3,500000,1081213
13961,85086181,台灣信元寵物食品股份有限公司,臺中市西屯區工業區32路13號,11000000,1081217
13962,85086443,享芸生物科技有限公司,臺中市南屯區溝墘里大英街485號6樓,1000000,1081217
13963,85086675,米奇清潔有限公司,臺中市西屯區福和里15鄰臺灣大道四段771號9樓,400000,1081205
13964,85086942,勝億營造有限公司,臺中市豐原區復興路5號1樓,3600000,1081212
14011,85101486,路寬教育顧問有限公司,臺中市西屯區福聯里福科路893號1樓,100000,1081218
14012,85102112,天富創意有限公司,臺中市北區邱厝里崇德路一段631號17樓之3,500000,1081227
14019,85103870,莫比敵國際有限公司,臺中市烏日區北里里太明路成豐巷29號,500000,1081227
14029,85107290,金昌隆建設實業有限公司,臺中市西屯區國安一路168號3樓之3,60000000,1081230
14030,85107475,馥婕生技股份有限公司,臺中市西屯區西墩里上安路230號,5500000,1081227
14031,85107593,鑫樺陽投資股份有限公司,臺中市北屯區平德里文心路四段288號1樓,100000000,1081219
14032,85108050,瓏特有限公司,臺中市西屯區福林里福科路526巷2號12樓之7,1000000,1081226
14033,85108100,樺豐有限公司,臺中市外埔區土城里土城西路166號,1000000,1081204
14034,85108283,味昌餐飲事業有限公司,臺中市太平區新高里樹德路372號,3000000,1081206
14035,85108565,布朗夏爾設計有限公司,臺中市南屯區文心路一段324號11樓之1,200000,1081212
14036,85108663,山本耀建設有限公司,臺中市北區錦祥里進化路625之2號1樓,85800000,1081224
14037,85108967,佩怡投資有限公司,臺中市沙鹿區洛泉里日新街56號3樓,2500000,1081203
14038,85109023,達連得有限公司,臺中市沙鹿區竹林里中山路141巷9號3樓,5000000,1081203
14039,85109179,宗傑投資有限公司,臺中市沙鹿區洛泉里光華路220號1樓,7500000,1081203
14040,85109369,東盛環球股份有限公司,臺中市西屯區大墩十九街186號8樓之1,100000000,1081218
14041,85109396,王正雄投資有限公司,臺中市沙鹿區洛泉里18鄰日新街56號2樓,10000000,1081204
14063,85114790,中潤有限公司,臺中市南屯區惠中里文心路一段324號11樓之1,1000000,1081226
14071,85117537,上安營造股份有限公司,臺中市梧棲區文化里中興路127巷27號2樓,12000000,1081202
14072,85117635,昱丞興業有限公司,臺中市大里區西湖里西湖路345號1樓,3000000,1081224
14073,85117728,月正投資股份有限公司,臺中市沙鹿區洛泉里日新街56號1樓,25000000,1081203
14074,85118043,光冕健身有限公司,臺中市北屯區軍功里軍福十九路1號,2000000,1081210
14075,85118249,護你康復醫療器材有限公司,臺中市太平區德隆里德隆路122巷37弄2號,700000,1081206
14076,85118368,睿締國際有限公司,臺中市西區民龍里臺灣大道二段186號15樓之1,2000000,1081216
14077,85118445,宥成股份有限公司,臺中市大肚區沙田路二段14號,17000000,1081209
14078,85118521,京象建設股份有限公司,臺中市西屯區福誠路88號1樓,25000000,1081218
14079,85118536,栢元空中瑜珈股份有限公司,臺中市西屯區河南路二段317號2樓,6000000,1081204
14080,85118698,立宸事業有限公司,臺中市南屯區南屯里南屯路二段798巷11號1樓,2000000,1081226
14123,85196758,建吉企業有限公司,臺中市大雅區秀山里秀山七路35號1樓,60000000,1081217
14156,86024728,穗茂企業有限公司,臺中市北屯區三光里三光北一街138號1樓,5000000,1081226
14181,86082944,翌勤工業股份有限公司,臺中市豐原區南嵩里水源路215巷3號,7000000,1081218
14182,86084154,帝崴企業股份有限公司,臺中市梧棲區草湳里梧南路1之4號,50000000,1081204
14184,86092020,集圓科技工業股份有限公司,臺中市大里區仁化里工業十一路128號,161000000,1081225
14187,86099380,富堡實業有限公司,臺中市北屯區昌平路一段400號7樓之2,4200000,1081230
14193,86111188,良璂鍛造股份有限公司,臺中市太平區建國里鵬儀路296巷6弄18號,20000000,1081220
14196,86121165,豐暉鋼鐵股份有限公司,臺中市后里區墩南里七星街36號1樓,139800000,1081219
14218,86190660,綜欣工業有限公司,臺中市神岡區豐洲里大明路2巷10號,29100000,1081227
14224,86210835,全台瀝青股份有限公司,臺中市南區西川里1鄰崇倫北街8號,10000000,1081216
14226,86214163,成邑工程顧問有限公司,臺中市南屯區豐樂里豐功路8號1樓,5000000,1081227
14229,86221636,廣林實業股份有限公司,臺中市北屯區綏遠路二段216之4號5樓,8000000,1081217
14230,86223727,翔益建設開發股份有限公司,臺中市北區大雅路664號2樓,30000000,1081216
14231,86234750,昇佑企業有限公司,臺中市龍井區忠和里西濱路三段255號,60000000,1081203
14236,86266268,財滿園商業有限公司,臺中市北屯區大連路三段116號1樓,5000000,1081206
14241,86274942,大裕塑膠股份有限公司,臺中市大雅區橫山里永和路六甲巷10之13號,36000000,1081219
14269,86336623,良恆工業股份有限公司,臺中市清水區臨江里中央路116之1號,44200000,1081219
14278,86365605,國榮食品股份有限公司,臺中市西屯區文心路三段11巷27號1樓,1000000,1081216
14280,86372866,仟達精密工業股份有限公司,臺中市大里區健民里仁化工三路101號1樓,5000000,1081230
14303,86393686,成德實業有限公司,臺中市太平區光興路1792號1樓,1000000,1081225
14304,86394186,金輔國企業有限公司,臺中市大里區塗城路852巷77號,1000000,1081205
14305,86394968,洸輝印刷股份有限公司,臺中市南區福平里柳川東路一段60號,5000000,1081202
14306,86396945,碧根開發建設股份有限公司,臺中市西屯區福星路427號10樓,504707000,1081217
14309,86403349,存心堂藥品有限公司,臺中市東區建成路807號3樓,7000000,1081218
14310,86404190,永傑紙業股份有限公司,臺中市大雅區大楓里前村東路16巷6號,26250000,1081227
14314,86413711,滙歐科技開發股份有限公司,臺中市南屯區五權西路二段501號4樓,89000000,1081211
14316,86416999,盟鋒鐵工廠股份有限公司,臺中市神岡區庄後里中車路13號之18,5000000,1081211
14318,86421445,葆俊企業股份有限公司,臺中市西屯區福恩里工業區一路98巷23號2樓之1,10000000,1081211
14321,86428783,正茂科技有限公司,臺中市北屯區平昌里北平路四段128號1樓,2000000,1081204
14360,86533379,海峰營造股份有限公司,臺中市西屯區何福里漢口路二段140號7樓,40000000,1081224
14366,86554232,芊泰橡膠股份有限公司,臺中市南屯區文心南六路20巷3號1樓,20000000,1081210
14368,86560993,國泰營造股份有限公司,臺中市西屯區逢甲里西屯路二段256巷6號17樓之3,29800000,1081202
14370,86564597,天銘五金工業有限公司,臺中市龍井區龍東里舊車路89號之28,1000000,1081225
14371,86566379,友愛計程車客運服務有限公司,臺中市太平區中平路順昌巷29弄32號,1000000,1081211
14372,86568926,申伍鑄造股份有限公司,臺中市神岡區溪洲里神洲路852巷56號,116000000,1081213
14377,86576778,寶三營造股份有限公司,臺中市西區忠誠里華美西街1段142號5樓之3,3600000,1081212
14379,86577354,后政企業有限公司,臺中市南屯區公益路二段228號1樓,30000000,1081217
14386,86595135,昱瑭建設股份有限公司,臺中市西區忠誠里華美西街一段142號10樓之1,27000000,1081218
14397,86613540,久山保工業有限公司,臺中市霧峰區北勢里中投東路一段460巷29號,2000000,1081209
14399,86616032,百晟國際企管顧問有限公司,臺中市西區康樂街11號,10000000,1081218
14400,86625551,源吉氣體有限公司,臺中市南區平和里南平路54號1樓,5000000,1081203
14402,86630230,應霖實業股份有限公司,臺中市后里區墩南里枋寮路7之60號1樓,5000000,1081225
14405,86636591,皇展油壓五金有限公司,臺中市西屯區中工二路336號,2000000,1081213
14409,86644488,詠明工業有限公司,臺中市太平區建國里鵬儀路296巷2弄7號,3000000,1081211
14416,86662350,天高貿易有限公司,臺中市北屯區后庄里中清路二段1166巷28弄65號1樓,2200000,1081202
14419,86663864,以佳電腦刺繡有限公司,臺中市大里區中興路二段65巷23號,500000,1081202
14420,86665032,福霖園藝有限公司,臺中市南屯區黎明路一段1008號1樓,10000000,1081205
14422,86669760,漢昇冷凍空調有限公司,臺中市大里區長春路115巷13號1樓,760000,1081203
14425,86678629,赫得整合行銷有限公司,臺中市南屯區大墩路698號1樓,1000000,1081224
14436,86692306,松宜通運股份有限公司,臺中市梧棲區頂寮里大智路二段336巷15號,30000000,1081216
14453,86781052,海博生技股份有限公司,臺中市南屯區東興路一段551號3樓,14000000,1081230
14455,86783235,環璟科技有限公司,臺中市西屯區福恩里工業區一路12號6樓之5,15000000,1081224
14457,86784017,東嵩營造有限公司,臺中市南區樹德里復興北路783號,29800000,1081226
14459,86788203,普將營造股份有限公司,臺中市西屯區港尾里中康街208號2樓之8,16000000,1081218
14461,86795979,金石砂石股份有限公司,臺中市潭子區新田里仁愛路一段159號,12000000,1081217
14463,86796941,凡比工業股份有限公司,臺中市豐原區南嵩里水源路215巷3之1號,10000000,1081218
14464,86800255,長諺工業股份有限公司,臺中市西區臺灣大道二段309號20樓,28000000,1081216
14473,86830173,嘉鈦工業有限公司,臺中市太平區鵬儀路296巷6弄78號2樓,5200000,1081226
14477,86838858,上品寢具股份有限公司,臺中市西區公正里精誠路340號1樓,30000000,1081231
14503,86928794,嘉安通運股份有限公司,臺中市梧棲區大庄里信義街77巷78弄9號,30000000,1081217
14508,86939841,朝揚實業股份有限公司,臺中市太平區德隆里工業十五路29號,76000000,1081210
14509,86941001,志曜機械股份有限公司,臺中市大里區工業十一路151號,22000000,1081203
14517,86974430,浚富工業股份有限公司,臺中市沙鹿區興安里興安路80巷13號,10000000,1081220
14519,86985295,億塑膠興業有限公司,臺中市潭子區新田里豐興路二段338巷6號,5000000,1081218
14533,89203274,佳韋科技有限公司,臺中市南屯區溝墘里大墩路693號5樓,3000000,1081225
14536,89211990,昌昇塑膠股份有限公司,臺中市太平區新平路一段180號,5000000,1081203
14538,89220365,松鴻交通企業有限公司,臺中市烏日區榮泉里中山路三段757號1樓,25000000,1081219
14541,89226620,台灣合展精密股份有限公司,臺中市霧峰區四德里丁台路157之1號,91500000,1081230
14543,89239890,非凡卓越國際有限公司,臺中市北屯區后庄里后庄一街156號9樓,10000000,1081217
14545,89242781,長玖營造工程股份有限公司,臺中市大里區樹王路22號1樓,22500000,1081202
14565,89296414,耕聯實業有限公司,臺中市西屯區甘州街26號,5000000,1081227
14566,89296478,台稜股份有限公司,臺中市太平區光德路375巷23號,5000000,1081203
14583,89326888,隆順空調工程有限公司,臺中市清水區公正路79號,5000000,1081206
14584,89327248,順達電器有限公司,臺中市龍井區南寮里遊園南路450巷32號1樓,2000000,1081224
14586,89328680,志昕工業股份有限公司,臺中市大里區新仁路一段1之1巷1號,6000000,1081226
14587,89329554,健得祐生物科技有限公司,臺中市霧峰區萬豐里中正路263號,5000000,1081226
14594,89361287,鴻慶旗幟有限公司,臺中市潭子區民生街202巷7號1樓,4000000,1081227
14598,89367135,奕林有限公司,臺中市北屯區松竹路二段395號4樓,2000000,1081205
14599,89370194,馨荷企業有限公司,臺中市北區忠明路200號2樓,10000000,1081227
14601,89376182,唯道實業有限公司,臺中市北屯區松竹里熱河路三段89巷3號1樓,5000000,1081225
14605,89377112,金鉅準工業股份有限公司,臺中市大里區大元里大衛路47號,12255500,1081230
14609,89381592,百鯨實業有限公司,臺中市南屯區楓樹里楓樹東街277之2號1樓,25000000,1081202
14610,89382425,和嵩金屬建材有限公司,臺中市西屯區國安一路51之8號13樓之3,50000000,1081218
14662,89480404,中聯油脂股份有限公司,臺中市清水區海濱里北堤路1-8號,600000000,1081211
14671,89505854,勇達房屋仲介有限公司,臺中市潭子區家興里中山路一段3之6號,500000,1081205
14677,89511379,意田股份有限公司,臺中市南區福平里美村路2段124巷78號,2000000,1081209
14685,89536054,巨勝鋼鐵股份有限公司,臺中市太平區中興里永義路45號,10000000,1081203
14688,89543013,松岡實業有限公司,臺中市清水區西社里鎮新南路109巷2號1樓,5000000,1081225
14690,89545808,奇屋有限公司,臺中市梧棲區下寮里文化路二段372號,3000000,1081216
14702,89567844,釱偉興業股份有限公司,臺中市烏日區自強街16巷42號1樓,75000000,1081224
14706,89575324,祥毅企業有限公司,臺中市南屯區忠勇路133號,5000000,1081217
14733,89638475,水湳加油站股份有限公司,臺中市北屯區陳平里中清路二段658號,15000000,1081205
14735,89639208,貝司特管理顧問有限公司,臺中市北區健行路607號2樓,2500000,1081231
14737,89652341,新濟實業有限公司,臺中市北屯區崇德路三段1111巷31弄58號1樓,13000000,1081204
14739,89655902,居之友公寓大廈管理維護股份有限公司,臺中市西區中興里公益路130號8樓,10000000,1081204
14753,89680450,輝陽企業股份有限公司,臺中市大雅區大楓里前村東路33號,7000000,1081205
14758,89694665,佳衍工業股份有限公司,臺中市大雅區上楓里民生路三段253號,55000000,1081217
14759,89701440,大任建設開發有限公司,臺中市北區頂厝里崇德路一段629號11樓之1,49600000,1081230
14761,89707556,世域室內裝修工程有限公司,臺中市太平區宜昌里宜欣路57巷7號1樓,2000000,1081204
14764,89710659,信興食品股份有限公司,臺中市豐原區南嵩里富陽路417號,5000000,1081224
14767,89722450,詠翊興股份有限公司,臺中市西區民龍里1鄰臺灣大道二段220號26樓,5000000,1081225
14769,89725040,璡寶企業股份有限公司,臺中市后里區墩北里甲后路一段801巷9號1樓,5000000,1081213
14773,89733935,御和坊藝術陶瓷有限公司,臺中市梧棲區永安里永興路一段265巷115號1樓,1000000,1081224
14790,89777588,安德力旅行社有限公司,臺中市北屯區青島路3段91號5樓,10000000,1081225
14801,89808029,德雙直動股份有限公司,臺中市南屯區春社里同安南巷3之18號1樓,12500000,1081203
14802,89810480,家家富國際企業股份有限公司,臺中市北屯區平昌里文心路四段936號7樓之2,5000000,1081212
14803,89810952,豐群車業股份有限公司,臺中市北區賴興里山西路2段135號1樓,10000000,1081224
14815,89834461,活全機器股份有限公司,臺中市霧峰區五福路798號,66000000,1081202
14817,89838023,偉旻營造有限公司,臺中市西區五權五街58號1樓,22500000,1081219
14822,89849865,錦墩有限公司,臺中市潭子區大豐里潭富路二段177號一樓,1000000,1081210
14824,89855182,龍昇公寓大廈管理維護股份有限公司,臺中市西屯區何成里大墩二十街153號2樓,10000000,1081212
14831,89873409,友倫工業股份有限公司,臺中市大甲區日南里青年路121號,75000000,1081218
14839,89899153,三元泵浦工業有限公司,臺中市西屯區協和里水尾巷1之2號,5000000,1081230
14845,89914859,恆笙建築開發股份有限公司,臺中市西屯區市政路386號15樓之8,100000000,1081224
14878,89982862,長江龍環保工程股份有限公司,臺中市西屯區大容東街66號6樓,66000000,1081203
14880,89989485,觀天下旅行社有限公司,臺中市西區昇平里向上路一段79巷66弄25號1樓,6000000,1081213
14914,96867819,安喆有限公司,臺中市南屯區大業里大墩十四街119號1樓,10000000,1081223
14916,96870005,鼎富隆精密機械股份有限公司,臺中市霧峰區草湖路129號,31800000,1081225
14918,96871736,六聖有限公司,臺中市北區太平路19巷5弄1號3樓,48865600,1081211
14923,96887456,盟鑫工業股份有限公司,臺中市梧棲區草湳里經三路33號,808000000,1081217
14936,96919128,東嵩開發建設股份有限公司,臺中市南區樹德里復興北路783號,12000000,1081230
14972,96973993,建明汽車客運股份有限公司,臺中市中區雙十路一段35之5號,180000000,1081223
14980,96979737,中義科技機械股份有限公司,臺中市大里區東興路297號,207360300,1081211
14982,96980896,中小水電工程有限公司,臺中市潭子區潭陽里圓通南路276巷1號2樓,15000000,1081204
14984,96982228,史邁爾有限公司,臺中市南區樹義路10號,70000000,1081220
14985,96982445,進源工程有限公司,臺中市南區忠明南路1301號,5000000,1081226
14995,97012447,振新印刷設計有限公司,臺中市北屯區平安里青島路四段81號1樓,1000000,1081217
14996,97015107,錦墩工業有限公司,臺中市大里區仁化里工業十一路161號1樓,15000000,1081205
15007,97035928,永營造股份有限公司,臺中市大肚區大肚里福利路150巷1號1樓,85000000,1081226
15023,97062488,聯合城貿易有限公司,臺中市烏日區學田路便行巷121弄25號1樓,5000000,1081224
15024,97067596,諭豊股份有限公司,臺中市神岡區庄後里六鄰中車路一三之一六號,5000000,1081209
15025,97069877,翌宏股份有限公司,臺中市北區中清路一段89號14樓之3,29000000,1081226
15028,97076639,儀鼎科技有限公司,臺中市北區漢口路四段367號6樓,5000000,1081219
15069,97164540,福炬實業股份有限公司,臺中市霧峰區中正路557巷36號,5000000,1081203
15089,97189845,以柔資訊股份有限公司,臺中市西屯區臺灣大道四段925號10樓之1,166964390,1081212
15093,97195614,東合精密有限公司,臺中市北區立人里華美街二段262號5樓之3,1000000,1081218
15095,97197036,天將自動化機械有限公司,臺中市外埔區大同里中山路220巷4號,2000000,1081218
15096,97197872,尹彤實業有限公司,臺中市南屯區三和里大墩十一街526號1樓,3000000,1081218
15098,97200102,遠貿企業股份有限公司,臺中市神岡區社南里社南街5巷15弄17號,45000000,1081206
15107,97226530,誠信營造有限公司,臺中市太平區中山路一段159巷60號1樓,5300000,1081213
15108,97229494,子羽企業股份有限公司,臺中市豐原區三村里合作街76巷19號,20000000,1081202
15114,97240287,和豐股份有限公司,臺中市南屯區東興路二段56號6樓,6000000,1081206
15116,97242834,統業工程有限公司,臺中市大雅區民生路四段286巷29之5號2樓,5000000,1081227
15125,97259813,鈺衡實業有限公司,臺中市豐原區北陽里北陽路40巷20弄8號2樓,2000000,1081220
15130,97273596,福邑營造股份有限公司,臺中市豐原區北湳里圓環北路二段143號14樓之2,12000000,1081227
15156,97345661,恆慕國際設計有限公司,臺中市西屯區福安里福裕路87號,8000000,1081226
15164,97359685,歐美亞投資股份有限公司,臺中市南區美村路二段37號,341000000,1081202
15165,97360445,宜瑪工業股份有限公司,臺中市神岡區庄前里神林路76之2號,40000000,1081203
15171,97376045,晉暘科技股份有限公司,臺中市西區公正里東興路3段126之3號2樓,13000000,1081223
15174,97377939,建展營造股份有限公司,臺中市大里區東昇里益民路一段41號1樓,5000000,1081211
15175,97384100,璨鵬機電有限公司,臺中市西屯區上石路57巷10號1樓,6000000,1081204
15181,97405652,怡達汽車旅館有限公司,臺中市東區旱溪東路一段429號1、2樓,15000000,1081210
15189,97415130,楊協益建設股份有限公司,臺中市大里區新仁路二段259號5樓,23200000,1081225
15192,97419971,鉅富實業有限公司,臺中市烏日區民族街15號1樓,2000000,1081206
15197,97424308,駿全興股份有限公司,臺中市南區樹德里大慶街二段49之41號1樓,10000000,1081209
15208,97448651,禾秧實業股份有限公司,臺中市南屯區文心南路三段336號3樓之2,226000000,1081226
15223,97485395,福達實業股份有限公司,臺中市西區土庫里五權西路一段237號5樓之2,1000000,1081213
15228,97489293,甘德營造有限公司,臺中市西區公正里精誠路412號1樓,15000000,1081230
15235,97503078,皇州企業股份有限公司,臺中市大里區瑞城里瑞和街135巷15號,1000000,1081217
15236,97506791,愛地雅工業股份有限公司,臺中市梧棲區草湳里港埠路1段497號,1542507460,1081223
15237,97512766,吉應機械工業股份有限公司,臺中市南屯區精科中二路11號1樓,20000000,1081225
15239,97564172,秦漢社國際股份有限公司,臺中市潭子區台中加工出口區建國路3-3號,22000000,1081225
15240,97569747,七隆鍛品工業股份有限公司,臺中市太平區永成路116號,16000000,1081230
15241,97569900,昇拓冶金工業股份有限公司,臺中市大肚區永和里溪洲路272號,14500000,1081223
15242,97575467,銳泰精密工具股份有限公司,臺中市太平區坪林里中山路1段162巷51-1號,50000000,1081216
15243,97579230,鉦大木業有限公司,臺中市大安區海墘里中山北路40號,5000000,1081227
15244,97584557,啟允塑膠工業股份有限公司,臺中市太平區光興路1586號,18000000,1081217
15245,97589841,詠東塗料股份有限公司,臺中市太平區興隆里興隆路一段70巷56號,5000000,1081227
