序號,統一編號,公司名稱,公司所在地,資本額,核准變更日期
31,02998825,富儷生股份有限公司,臺中市北屯區昌平路一段95-8號7樓之1,12000000,1080802
168,05376650,怡鎰交通有限公司,臺中市北屯區三和里東山路一段140巷17號1樓,3000000,1080821
174,05691643,喻翔工業股份有限公司,臺中市豐原區翁社里豐年路139巷84號,8000000,1080805
175,05696719,科仁企業有限公司,臺中市豐原區三村里合作街118巷67弄1號1樓,10000000,1080816
176,05697668,豐源育樂有限公司,臺中市豐原區中山里中正路137號,27000000,1080801
178,05792109,歐格工業股份有限公司,臺中市大雅區雅環路一段155巷24號2樓,10000000,1080822
179,05835698,良韋企業有限公司,臺中市南區福順里復興路二段99巷46之1號1樓,2000000,1080828
180,05838695,佶誠工業有限公司,臺中市太平區東平路715巷14號,10000000,1080820
181,05841093,順宗工業股份有限公司,臺中市太平區太平里合利街一段42號1樓,10000000,1080802
370,12604188,五翔廣告事業有限公司,臺中市西屯區國安一路51之2號4樓之2,500000,1080801
376,12608699,和天下事業有限公司,臺中市西區五權西五街85號1樓,5000000,1080808
382,12617275,祈陽興業股份有限公司,臺中市南屯區春社里精科中一路12號,6300000,1080815
383,12617846,大毅建設股份有限公司,臺中市北屯區崇德路三段1號,360000000,1080801
386,12622806,江俊營造有限公司,臺中市大里區長榮里益民路二段47號1樓,5000000,1080814
390,12632023,久全富紙器有限公司,臺中市烏日區溪南路三段852號1樓,5000000,1080809
396,12645385,衡欣醫療器材股份有限公司,臺中市潭子區潭秀里建國路3-2及5-2號,90000000,1080814
420,12671398,台灣松鼎國際股份有限公司,臺中市南屯區大墩路40號,10000000,1080826
440,12705518,鼎金工程有限公司,臺中市北屯區和平里祥順路二段500之61號1樓,3000000,1080816
443,12710054,聖木雅家具股份有限公司,臺中市北屯區大富路16之1號,5000000,1080807
446,12710821,永祿實業有限公司,臺中市大里區健民里仁化路125巷8弄5號1樓,5000000,1080809
450,12715163,聯迎股份有限公司,臺中市南屯區春社里精科中一路12號,12500000,1080814
452,12715641,愛蒙思特有限公司,臺中市北屯區山西路二段234號11樓,3000000,1080815
453,12715810,鎂格納精密工業股份有限公司,臺中市南區大慶街二段58巷2號,54000000,1080823
459,12721910,豐昱國際股份有限公司,臺中市西屯區何南里臺灣大道二段689號地下1樓之1至之3及9至12樓、東興路三段407號、東興路三段409號2樓之1至13樓之20,630000000,1080823
468,12737997,雷強投資股份有限公司,臺中市西屯區朝富路213號10樓之3,130000000,1080814
469,12739313,佳弘營造有限公司,臺中市后里區墩東里三豐路三段929巷8號1樓,3600000,1080815
470,12739475,衛司特科技股份有限公司,臺中市西屯區何成里大墩19街186號6樓之1,133000000,1080819
473,12742464,冠鵬營造有限公司,臺中市潭子區甘蔗里興華一路141巷66號1樓,25000000,1080828
477,12747313,和大福有限公司,臺中市西區福壽里建國路51之10號1樓,2000000,1080813
479,12748919,中華四海物流股份有限公司,臺中市清水區康榔里仁愛路219巷10號1樓,25000000,1080807
485,12758710,全氟密封工業股份有限公司,臺中市烏日區前竹里中山路一段229巷9號1樓,90000000,1080801
491,12770572,佑神企業股份有限公司,臺中市大里區仁化里仁美路35巷4號1樓,10000000,1080827
498,12782578,金晶精密有限公司,臺中市太平區太平里永豐路273號1樓,55000000,1080830
500,12784098,百鴻捲門股份有限公司,臺中市后里區眉山里安眉路139之5號,58000000,1080809
506,12790839,大邦交通有限公司,臺中市梧棲區臨港路三段960號,25000000,1080830
507,12791555,英倫國際開發有限公司,臺中市西屯區何厝里四川路160號1樓,5000000,1080804
509,12793744,世興旅行社有限公司,臺中市南屯區大業里公益路二段61號5樓之2,50000000,1080815
514,12797903,群豪科技有限公司,臺中市西屯區何德里西屯路二段76之2號,1000000,1080823
522,12809443,鎧邦營造股份有限公司,臺中市后里區義德里中興街158巷3號,3600000,1080816
528,12817577,康郁企業股份有限公司,臺中市北屯區水景里東山路一段210巷79-1號,2000000,1080829
530,12819081,金妍泰科技股份有限公司,臺中市西屯區潮洋里市政北二路282號14樓之11,10320000,1080808
531,12819189,亞馬遜環球行銷股份有限公司,臺中市西區公正里公益路367號11樓之2,16600000,1080820
533,12820799,勇陸企業有限公司,臺中市大甲區義和里重義二路8號,75000000,1080828
541,12833915,潔發工程企業有限公司,臺中市大里區瑞城里瑞城一街155號1樓,5000000,1080829
543,12838778,西博安實業股份有限公司,臺中市清水區中社里中社路97-87號,20000000,1080827
548,12848728,進弘國際有限公司,臺中市北屯區仁和里長生巷1-1弄19號1樓,500000,1080816
572,12890247,藝騰股份有限公司,臺中市梧棲區永安里永興路1段401巷198號,29500000,1080808
577,12896501,久聖企業有限公司,臺中市太平區大興二十一街99號1樓,500000,1080829
578,12897277,花饌旺業有限公司,臺中市西屯區何安里臺灣大道二段910號10樓之1,25000000,1080801
580,12898748,金盛元興業股份有限公司,臺中市大雅區六寶里中清路四段756號,58000000,1080826
581,12901618,綠世紀景觀工程有限公司,臺中市霧峰區吉峰里吉峰路34號1樓,5500000,1080826
582,12901666,岸揚機械股份有限公司,臺中市西區民龍里臺灣大道二段285號20樓,500000,1080815
589,12910264,合盈光電科技股份有限公司,臺中市大雅區科雅路18號,184388400,1080821
592,12917484,九鴻管理顧問有限公司,臺中市北屯區平和里瀋陽路二段36之1號1樓,20000000,1080821
622,12984933,怡舜投資股份有限公司,臺中市北區館前路19號6樓之2,40000000,1080823
640,13017638,富麒營造有限公司,臺中市潭子區潭興路一段17巷13之146號,12000000,1080813
648,13026067,宜傑事業有限公司,臺中市神岡區社南里昌平路五段252號1樓,11000000,1080813
649,13028255,長辰國際股份有限公司,臺中市潭子區東寶里大明一路80號,18000000,1080821
665,13049245,曼詩國際股份有限公司,臺中市南屯區東興路二段215號1、2樓,12000000,1080807
668,13053985,坤里興企業有限公司,臺中市神岡區林厝路5巷17號1樓,3000000,1080820
677,13070485,宏光投資有限公司,臺中市南屯區干城街293號1樓,40490000,1080813
717,13117812,博士美德國際企業有限公司,臺中市西屯區福林里福林路31巷108號1樓,1600000,1080801
785,14091071,龍谷觀光事業股份有限公司,臺中市和平區博愛里東關路一段138號,230000000,1080815
808,16015036,兆宇有限公司,臺中市大里區德芳路一段82巷32弄56號1樓,3000000,1080807
810,16022114,成嘉鋼架有限公司,臺中市烏日區長春街176號5樓之2,15000000,1080812
819,16043342,巧合紙器有限公司,臺中市龍井區忠和里台西南路228巷15號,1000000,1080826
821,16046805,昶富汽車有限公司,臺中市南屯區五權西路二段101號,1000000,1080820
822,16050378,通洋環保工程實業有限公司,臺中市西區五權一街86號1樓,10000000,1080826
840,16086030,友新開發股份有限公司,臺中市西屯區臺灣大道四段925號27樓之2,316250,1080821
843,16089780,友盟事業股份有限公司,臺中市北區三民路三段167之1號（地下2樓）,4270,1080820
885,16163021,美孜工作坊有限公司,臺中市北區賴興里北平路二段64巷7號1樓,1000000,1080826
897,16188162,貝佳實業有限公司,臺中市太平區中興里永平路二段100號,10000000,1080809
900,16192861,德昌國際投資股份有限公司,臺中市西區公民里五權三街45號,60000000,1080805
908,16215344,佳美欣業有限公司,臺中市大雅區員林里神林路一段186巷80號,10000000,1080812
913,16228930,同安投資股份有限公司,臺中市沙鹿區錦華街14號2樓,63500000,1080807
914,16229608,深波投資股份有限公司,臺中市沙鹿區日新街66號1樓,100000000,1080807
922,16247129,笙發國際有限公司,臺中市西屯區何源里重慶路337號1樓,5000000,1080827
925,16250257,百豪國際股份有限公司,臺中市西區五權西六街１６６巷１０號３樓之５,1000000,1080806
929,16267763,旌旗開發股份有限公司,臺中市西區臺灣大道二段501號21樓之1,1200000000,1080815
938,16280013,宏陞營造股份有限公司,臺中市太平區宜佳里溪洲西路56號1樓,12000000,1080802
966,16326968,肯斯特企業有限公司,臺中市南屯區環中路五段210巷101號,5000000,1080829
972,16337206,和合營造股份有限公司,臺中市南屯區楓樹西街477號1樓,24000000,1080805
975,16356028,統冠生活事業股份有限公司,臺中市西屯區協和里工業區十三路8號,20000000,1080823
981,16363724,偕聖實業有限公司,臺中市豐原區田心里中山路12號,57190000,1080813
982,16364907,玫瑰共和國際事業有限公司,臺中市西屯區市政北二路238號21樓之1,2500000,1080813
987,16379916,世發數位科技印刷股份有限公司,臺中市西屯區大河里大河街24號1樓,10300000,1080815
992,16403606,緯達營造有限公司,臺中市神岡區北庄里中山路1252之17號,3600000,1080816
994,16404823,古東金屬工業有限公司,臺中市清水區菁埔里中山路564之12號1樓,7600000,1080813
997,16411681,順興通運有限公司,臺中市大雅區上雅里學府路403巷46號1樓,25000000,1080812
1001,16418930,尚園科技股份有限公司,臺中市大甲區日南里工一路11號,57500000,1080801
1006,16426657,茂酉成億實業有限公司,臺中市北屯區松竹南街40號3樓,5000000,1080802
1007,16428780,暉鼎實業有限公司,臺中市神岡區新庄里中平路240巷5號1樓,4000000,1080801
1009,16429818,大眾展覽企業股份有限公司,臺中市北屯區平心里安順東九街23號7樓,8000000,1080814
1026,16447631,新念國際股份有限公司,臺中市神岡區庄前路41之8號,1000000,1080809
1048,16484781,南北通加油站股份有限公司,臺中市北屯區同榮里環中路一段1686號,30000000,1080813
1051,16489532,信群工業股份有限公司,臺中市西區公德里精誠十六街39號4樓之1,10000000,1080808
1057,16504766,觀得室內裝修設計股份有限公司,臺中市西屯區大墩十九街98號1樓,12000000,1080819
1062,16514862,智昱股份有限公司,臺中市北屯區崇德路二段346巷25弄6號1樓,250000000,1080809
1067,16525277,富鎰田營造有限公司,臺中市大甲區孔門里順天路249號4樓,3000000,1080812
1069,16527682,華凌光電股份有限公司,臺中市大雅區秀山里科雅路43號2樓,400000000,1080826
1070,16529324,凱隄企業有限公司,臺中市大肚區中和里南榮路176號1樓,2000000,1080829
1083,16549601,新新管理顧問有限公司,臺中市南區南和一街2號4樓之5,8000000,1080822
1087,16561317,尊義營造有限公司,臺中市太平區中山路三段93巷13號,3600000,1080813
1091,16564145,慶泓建設有限公司,臺中市霧峰區本鄉里振興街104號1樓,25000000,1080827
1095,16567945,原安消防工程有限公司,臺中市北屯區水景里軍功路一段455號1樓,16000000,1080801
1099,16574776,元有成企業有限公司,臺中市北屯區崇德二路二段61號1樓,1000000,1080828
1104,16580807,南煜實業有限公司,臺中市太平區太平里永成路80號1樓,10000000,1080821
1134,16644801,台灣新霆股份有限公司,臺中市大里區鳳凰路164巷15號,15000000,1080806
1137,16648433,太平行商業系統股份有限公司,臺中市大里區國光里文隆街9號,2800000,1080809
1139,16650747,權緯建材股份有限公司,臺中市大肚區南榮路297號,35000000,1080821
1140,16653224,豐嵃工程企業有限公司,臺中市南屯區文心南五路一段418號1樓,3000000,1080806
1146,16668417,泳盈鋼鐵有限公司,臺中市北屯區舊社里敦富路599號1樓,12600000,1080809
1151,16679131,漢宸國際貿易有限公司,臺中市西屯區上仁街66號1樓,1000000,1080813
1157,16692979,棋鎂企業股份有限公司,臺中市東區東橋里建德街290號13樓之2,5000000,1080805
1163,16701915,昕鈦企業有限公司,臺中市豐原區安康路79號,28000000,1080830
1165,16705736,佰家麗興業有限公司,臺中市潭子區雅豐街76巷29弄3號8樓,2000000,1080829
1168,16707447,凱鈺興業股份有限公司,臺中市大雅區上楓里神林南路189號1樓,18000000,1080805
1170,16708620,仁信報關股份有限公司,臺中市梧棲區頂寮里四維中路157巷1號5樓,5000000,1080821
1193,16756164,微信息股份有限公司,臺中市中區繼光里公園路2-6-32號6樓,13500000,1080816
1223,16807327,奇麗斯美貿易有限公司,臺中市大里區工業路宏巨一巷13號1樓,1000000,1080808
1237,16832487,三信商業銀行股份有限公司,臺中市中區柳川里公園路32-1號,8406376590,1080823
1247,16851343,長隆順股份有限公司,臺中市中區三民路二段145號8樓之5,13300000,1080805
1254,16863811,屏仕建設股份有限公司,臺中市西屯區臺灣大道三段540號12樓之3,68000000,1080822
1256,16866084,金鴻股份有限公司,臺中市神岡區社南里民生路122號,30000000,1080805
1260,16872781,城市廣播股份有限公司,臺中市南區忠明南路758號28樓,60000000,1080829
1267,16897045,俊升航空工業有限公司,臺中市南屯區大墩十七街129號2樓,5000000,1080827
1278,16920159,威力磁實業有限公司,臺中市太平區光華里長安路58號1樓,2000000,1080808
1296,16956888,數大貿易有限公司,臺中市太平區長億里永泰街九號一樓,1000000,1080814
1299,16962967,鎂園室內裝修設計有限公司,臺中市西區公德里精誠三十街39號1樓,5000000,1080823
1338,20781030,進安汽車貨運股份有限公司,臺中市西屯區大墩路1008號1樓,30000000,1080828
1339,20787371,雅森企業股份有限公司,臺中市大雅區西寶里雅潭路三段470號,5000000,1080827
1352,20830975,宇慶化工股份有限公司,臺中市大甲區三民路288號1樓,15000000,1080823
1353,20833240,洪業機械有限公司,臺中市豐原區北湳里圓環北路二段198號1樓,8000000,1080820
1408,22063844,國瑞營造股份有限公司,臺中市南屯區大墩路533號1樓,1300000000,1080827
1410,22088036,大丰砂石股份有限公司,臺中市烏日區溪壩里溪南路１段141號１樓,18000000,1080814
1416,22099218,華邦電子股份有限公司,臺中市大雅區科雅1路8號,39800001930,1080816
1426,22102298,福懋油脂股份有限公司,臺中市大肚區沙田路1段453號,2187030510,1080827
1434,22121984,德金營造股份有限公司,臺中市大里區國光路二段259號5樓之3,100000000,1080822
1437,22125383,榮紹實業股份有限公司,臺中市大甲區義和里重義三路26巷66號,5000000,1080805
1439,22130415,百強工業有限公司,臺中市豐原區南嵩里水源路115巷68弄12號,5000000,1080821
1444,22134876,泰芳機械股份有限公司,臺中市大里區東昇里內新街83巷6號1樓,12000000,1080827
1467,22197338,啟欣股份有限公司,臺中市北區太原北路130號7樓之2,40280000,1080827
1474,22223194,慶穗工業股份有限公司,臺中市大安區福興里興安路199號,20000000,1080807
1478,22232861,廣全紙業廠股份有限公司,臺中市大甲區德化里東西五路一段291號,5000000,1080805
1494,22268987,鼎林製衣實業有限公司,臺中市西區臺灣大道二段218號7樓之2,15000000,1080828
1498,22285705,鴻鑫模座股份有限公司,臺中市西屯區協和里工業區十二路10號,50000000,1080826
1504,22313630,和裕研磨股份有限公司,臺中市大里區新仁一街19號,5000000,1080819
1531,22369839,坤泰螺絲工廠股份有限公司,臺中市西屯區中清路二段1250巷60號,18000000,1080819
1533,22371883,力久家具股份有限公司,臺中市神岡區庄後里厚生路117之7號1樓,15000000,1080819
1535,22373355,銓育金屬股份有限公司,臺中市神岡區新庄里和睦路一段790號,100000000,1080805
1538,22386540,朞業實業有限公司,臺中市豐原區陽明里圓環東路一四五巷八號,5000000,1080812
1546,22397960,百納塑膠股份有限公司,臺中市南屯區寶山里工業區23路28之2號,90006000,1080815
1547,22398503,睿耕工業股份有限公司,臺中市西屯區協和里工業區17路2號,24000000,1080812
1548,22398573,石昇實業股份有限公司,臺中市龍井區忠和里工業路166號,7000000,1080830
1553,22406790,光源企業股份有限公司,臺中市西屯區工業區39路36號,95000000,1080805
1600,22491640,櫻花建設股份有限公司,臺中市西區民龍里臺灣大道2段239號4樓,4613143740,1080829
1601,22495890,台灣泰基股份有限公司,臺中市大里區仁化里工業十一路162號,50000000,1080827
1609,22508537,超卓工業股份有限公司,臺中市西屯區協和里工業區34路24號,66900000,1080830
1610,22512125,龍津股份有限公司,臺中市清水區東山里神清路9之22號,26000000,1080805
1612,22521243,立晟油壓股份有限公司,臺中市大里區工業九路152號,21000000,1080826
1613,22521638,利多舜實業有限公司,臺中市大肚區新興里沙田路二段102巷33之1號,10000000,1080827
1625,22528843,優遊國際租賃有限公司,臺中市神岡區三角里大富路156巷18弄7號1樓,9000000,1080819
1634,22555051,松易貨櫃倉儲股份有限公司,臺中市清水區臨港路五段136號,30000000,1080826
1637,22558640,鼎佳租賃有限公司,臺中市西屯區河南路二段29-8號,15000000,1080815
1640,22565023,盛輪機器廠股份有限公司,臺中市梧棲區經二路45號,28000000,1080806
1642,22569317,順天百貨股份有限公司,臺中市大甲區朝陽里文武路26之2號,28000000,1080812
1643,22570617,勝億精機有限公司,臺中市大里區國中路十股巷55號1樓,5000000,1080820
1644,22575887,品秀百貨有限公司,臺中市南屯區溝墘里東興路三段二五五號一樓,5000000,1080820
1645,22579954,勝鑫鋼鐵股份有限公司,臺中市神岡區神洲里豐工南路66號,70000000,1080808
1646,22582521,鎰泓工業股份有限公司,臺中市神岡區庄後里中車路63之1號,10000000,1080815
1647,22586343,永林企業有限公司,臺中市南屯區永定里益文一街22號1樓,10500000,1080819
1648,22588948,杜偉企業股份有限公司,臺中市豐原區翁明里水源路680巷6號,60000000,1080814
1649,22589806,美來企業股份有限公司,臺中市北區明德里太原路一段476號2樓,150000000,1080814
1675,22662067,優乃克股份有限公司,臺中市南屯區工業區24路15號,60000000,1080821
1682,22664348,立勤實業股份有限公司,臺中市太平區德隆里華安街28巷7號,78800000,1080812
1684,22667844,和技企業有限公司,臺中市南區樹德里建國南路一段65號1樓,5000000,1080830
1689,22685245,聚升營造股份有限公司,臺中市西屯區何成里大洲街109號1樓,22550000,1080806
1690,22687525,汶騏實業有限公司,臺中市龍井區山腳里中山一路一段西巷243弄30號8樓,28000000,1080802
1693,22692560,健彰工業股份有限公司,臺中市潭子區栗林里中山路三段305巷85弄5號,12000000,1080807
1698,22701287,建城五金有限公司,臺中市大甲區義和里經國路8號,25000000,1080809
1701,22711898,和宗機械股份有限公司,臺中市潭子區栗林里中山路三段603號1樓,89400000,1080821
1702,22711953,凱富機械工業股份有限公司,臺中市龍井區竹坑里沙田路4段177號之2,5000000,1080827
1719,22763446,芙瑞實業股份有限公司,臺中市大雅區神林南路312巷5弄15號,29000000,1080812
1724,22780557,博仁實業股份有限公司,臺中市南區樹義里福田二街336號1樓,5000000,1080826
1732,22801217,祥瓏塑膠發泡股份有限公司,臺中市大里區東湖里東南路73巷13號,15000000,1080806
1733,22803741,陸霖工業股份有限公司,臺中市大肚區永和里溪洲路264號,77000000,1080805
1741,22819125,中部汽車股份有限公司,臺中市南區復興路1段369號1樓,750000000,1080806
1751,22834358,禾藤旅行社有限公司,臺中市西屯區大墩二十街112號1樓,10000000,1080813
1777,22915226,大聖工程顧問有限公司,臺中市西屯區惠來里文心路三段13之7號,10000000,1080808
1779,22920446,順發齒輪工廠股份有限公司,臺中市太平區太平里永豐路327巷3號,6500000,1080822
1781,22921402,偉晟工業股份有限公司,臺中市大甲區中山路一段1630之2號,8000000,1080802
1783,22926687,仲統股份有限公司,臺中市北屯區熱河路三段99號,10000000,1080806
1809,22966815,展儀工業股份有限公司,臺中市南區樹義二街52號1樓,28000000,1080826
1815,22968980,裕隆紙器廠有限公司,臺中市大肚區永和里永和街11號,3000000,1080822
1818,22977236,梧濟工業股份有限公司,臺中市南屯區工業20路1號,540800000,1080801
1824,22994761,和捷金屬工業股份有限公司,臺中市神岡區神洲里神洲路619之1號,271000000,1080807
1828,23004915,中膠塑膠興業有限公司,臺中市北屯區松竹南街40號3樓,20000000,1080802
1830,23005034,永強熱處理股份有限公司,臺中市霧峰區吉峰西路35號,28000000,1080816
1840,23042158,瑞佳企業股份有限公司,臺中市西屯區巿政北一路77號5樓之6,34000000,1080808
1853,23070421,啟佑工業有限公司,臺中市潭子區潭北里人和路216巷131號,5000000,1080805
1859,23090398,廣倫興業股份有限公司,臺中市太平區太平里永平路三段252號,10000000,1080819
1865,23105809,益市企業有限公司,臺中市西屯區協和里工業區四一路2號,3000000,1080802
1867,23107476,吉康食品股份有限公司,臺中市西屯區工業區三十一路13號,30000000,1080806
1868,23111653,中傑開發股份有限公司,臺中市西屯區臺灣大道四段925號27樓之2,479380,1080820
1875,23131406,翔宇貿易股份有限公司,臺中市西區大隆路20號12樓之10,15000000,1080801
1894,23188667,穩盈鈑金工業股份有限公司,臺中市神岡區神洲里豐洲路689巷38號1樓,12000000,1080801
1925,23251226,辛吉工程有限公司,臺中市大里區萬壽街35號1樓,10000000,1080812
1936,23271807,福星小客車租賃股份有限公司,臺中市西屯區朝貴一街82之2號1樓,15000000,1080823
1937,23273354,永鋐工業股份有限公司,臺中市神岡區神洲里大洲路10號,10000000,1080807
1938,23276373,輝庭企業股份有限公司,臺中市西屯區文心路二段598號13樓之1、14樓,138000000,1080826
1962,23363480,昇茂金屬股份有限公司,臺中市西屯區工業區34路28號,188000000,1080827
1964,23370567,璋琪工業有限公司,臺中市大雅區員林里大林路140巷53之1號,990000,1080813
1967,23378863,金御行實業有限公司,臺中市南屯區大同里大墩三街11號2樓,12000000,1080826
1968,23379455,凱桀精密工業股份有限公司,臺中市大里區夏田里國中路607巷12號,10000000,1080802
1976,23402879,政億工業股份有限公司,臺中市梧棲區草湳里永興路2段362巷30號,28000000,1080812
1984,23416796,衛宇科技股份有限公司,臺中市北區進化北路238號8樓之5,17000000,1080814
2001,23471880,林鼎實業股份有限公司,臺中市西區臺灣大道二段489號27樓之1,40000000,1080823
2004,23476816,碩頂精密工業股份有限公司,臺中市西屯區大河里甘肅路二段64巷8號1樓,43000000,1080807
2011,23495399,冠秋企業股份有限公司,臺中市西區民生路163號3樓,5000000,1080828
2017,23503047,上銀科技股份有限公司,臺中市南屯區文山里精科路7號,3095788860,1080827
2018,23505426,厚昱股份有限公司,臺中市清水區西寧路69之2號,5000000,1080806
2036,23547306,保固油漆股份有限公司,臺中市大里區新里里中投西路三段635號1樓,52000000,1080827
2042,23559148,震欣科技股份有限公司,臺中市南屯區寶山里工業區22路35號,92000000,1080829
2045,23560763,隆固工業股份有限公司,臺中市大里區福德路12-1號,60000000,1080806
2053,23577498,三貿工業用品股份有限公司,臺中市烏日區光明里五光路631巷7號,11000000,1080820
2055,23584977,天駒科技股份有限公司,臺中市北屯區旅順路一段175號1樓,5000000,1080812
2072,23636813,馬上發國際企業股份有限公司,臺中市西區忠明南路270號20樓之1、之2、之3,1575392000,1080819
2079,23641822,鄉林建設事業股份有限公司,臺中市西區忠明里臺灣大道2段408號1樓,9824742450,1080821
2080,23641978,裕國冷凍冷藏股份有限公司,臺中市西屯區協和里工業區二路3號,1194400000,1080801
2097,23673648,聯誠興業股份有限公司,臺中市清水區南社里南社路301巷2號,5000000,1080812
2098,23675316,新勝板金股份有限公司,臺中市南屯區寶山里工業區十八路1號,15300000,1080826
2099,23680818,日春化學企業有限公司,臺中市南屯區黎明路一段323巷10弄13號1樓,5000000,1080820
2108,23710355,益贊鋁門窗有限公司,臺中市潭子區潭陽里福潭路245號1樓,1200000,1080826
2127,23779993,遠恆機械有限公司,臺中市沙鹿區埔子里屏西路古月東巷33號,3000000,1080813
2129,23785897,仲隆彩色印刷製版有限公司,臺中市潭子區大富里潭富路三段9號,5002100,1080821
2135,23795874,穎賜實業有限公司,臺中市大肚區頂街里自由路451號12樓,5000000,1080822
2140,23810967,大樣營造有限公司,臺中市大里區仁化里工業路宏巨巷34號1樓,25000000,1080815
2149,23830339,南益電業工程有限公司,臺中市大里區樹王里東興路535巷6弄10之1號,16000000,1080828
2155,23846114,興通工業股份有限公司,臺中市霧峰區坑口里中正路557巷37號2至4樓,25000000,1080814
2156,23846655,靝鴻企業有限公司,臺中市潭子區潭興路2段36巷96號1樓,8000000,1080802
2162,23854036,自助股份有限公司,臺中市潭子區家福里中山路1段57號1樓,28000000,1080829
2164,23863422,呈慶企業有限公司,臺中市西屯區逢甲里寶慶街18巷32號2樓,5000000,1080802
2170,23875124,尚源工業股份有限公司,臺中市外埔區永豐里六分路72號,5000000,1080826
2186,23949131,松享實業股份有限公司,臺中市大肚區福山里王福街807號,28000000,1080808
2190,23955702,引裕精機股份有限公司,臺中市南區樹德里大慶街二段41號,5000000,1080813
2193,23965217,中交國際通商有限公司,臺中市北屯區松竹南街40號1樓,5000000,1080802
2195,23969369,茂昌眼鏡股份有限公司,臺中市西屯區何南里大墩路1010號2樓,5000000,1080806
2199,23983947,同泰電子科技股份有限公司,臺中市大甲區青年路123號,1176390000,1080814
2216,24202054,鉅文廣告行銷服務有限公司,臺中市大里區東興里永興路231號1樓,1000000,1080827
2221,24205284,永晟禾股份有限公司,臺中市太平區太平里合利街24巷4號,5000000,1080805
2225,24210033,加樂旺汽車有限公司,臺中市北屯區崇德路三段597號1樓,2000000,1080807
2228,24216873,晴天美食股份有限公司,臺中市豐原區南陽里保康路131巷7號,6500000,1080819
2230,24218915,振誠環保有限公司,臺中市梧棲區中央路二段279號1樓,5000000,1080806
2237,24230679,御格彩妝有限公司,臺中市西區公平里精誠路41之3號一樓,1000000,1080830
2239,24231451,台灣資服科技股份有限公司,臺中市北區太原路一段532號5樓之2、之3,21680000,1080802
2242,24234485,展陞科技股份有限公司,臺中市大里區樹王里文心南路1273巷338號1樓,6000000,1080805
2244,24235077,大岩營造有限公司,臺中市西區土庫里華美街30號1樓,28000000,1080828
2245,24235843,特鼎盛實業有限公司,臺中市豐原區三豐路二段327號,20000000,1080805
2250,24241182,愷盛化學有限公司,臺中市北屯區松竹里崇德路二段468號11樓,2000000,1080801
2257,24250225,藤園實業有限公司,臺中市北屯區松竹里崇德六路310號,3000000,1080815
2268,24257228,成興油壓有限公司,臺中市烏日區東園里溪南路一段126巷281弄209號1樓,500000,1080807
2283,24269104,聚邦不動產經紀有限公司,臺中市太平區新福里中山路四段202號1樓,500000,1080801
2285,24270783,力中塑膠工業有限公司,臺中市潭子區潭陽里潭興路二段36巷96號2樓,14000000,1080801
2286,24271559,晟嘉貿易有限公司,臺中市西區五權西路一段257號16樓之3,2000000,1080821
2287,24275128,信宇開發有限公司,臺中市大里區日新里日新路363號1樓,6000000,1080806
2299,24284230,育洲國際有限公司,臺中市南屯區同心里文心路一段210號14樓之1,5000000,1080815
2307,24290943,川飛工業有限公司,臺中市大雅區雅楓街2號1樓,1750000,1080813
2308,24291014,峻榮精密科技股份有限公司,臺中市潭子區大富路三段大富巷26號1樓,1000000,1080805
2312,24294011,蓬萊寶島食品有限公司,臺中市后里區四月路13之2號1樓,500000,1080823
2314,24295519,富耕精製肥料股份有限公司,臺中市霧峰區峯谷路177號,55006660,1080829
2318,24297024,思鷺科技股份有限公司,臺中市南屯區新生里益豐路四段151號2樓,29000000,1080802
2319,24297410,廣記興業股份有限公司,臺中市太平區太平里永豐路108巷12之30弄9號1樓,10000000,1080820
2321,24299819,友尼基實業有限公司,臺中市南屯區新生里龍富路四段79號,20000000,1080813
2363,24348419,聯盈策略整合股份有限公司,臺中市北區賴村里中清路一段370號3樓,8500000,1080809
2369,24356120,偉登建材企業有限公司,臺中市潭子區福林路三段101號,20000000,1080819
2376,24361144,豪鼎金屬工程有限公司,臺中市太平區長龍路一段中山巷83號1樓,3000000,1080801
2384,24373394,上晟不動產仲介有限公司,臺中市西屯區大鵬里文心路三段241號22樓之2,1500000,1080819
2391,24381205,群聚興業有限公司,臺中市北區臺灣大道二段340號9樓之5,1500000,1080826
2413,24406901,富研智醫股份有限公司,臺中市西區公德里忠明南路138號13樓之1,40000000,1080829
2421,24421425,仟鑽股份有限公司,臺中市西區公益路130號11樓,447029830,1080815
2425,24433392,大前科技股份有限公司,臺中市大雅區四德里中山十二路73號,345000000,1080820
2429,24435407,首承股份有限公司,臺中市西區臺灣大道二段536號8樓之1,50972790,1080809
2431,24438426,長安物業管理顧問有限公司,臺中市北區中山路375號1樓,1000000,1080803
2432,24438609,山力家廚有限公司,臺中市北屯區松強里松竹路二段366之2號2樓,500000,1080822
2434,24441040,康甫興業股份有限公司,臺中市大雅區大楓里前村路308號,10000000,1080805
2435,24442028,百譯企管顧問有限公司,臺中市南屯區寶山里寶山五街140之10號1樓,1000000,1080820
2519,24527124,銀運租賃有限公司,臺中市西屯區臺灣大道二段696號1樓,5000000,1080822
2523,24530492,羅美藝術有限公司,臺中市大里區東湖里科技路1之55號,2000000,1080826
2524,24531295,靚姿國際股份有限公司,臺中市北屯區軍福十八路157號1樓,6000000,1080808
2598,24582929,睿軒餐飲股份有限公司,臺中市南屯區惠文路328號,15000000,1080814
2600,24583589,璞樂設計有限公司,臺中市大里區東湖里科技路3號4樓之2,3000000,1080813
2601,24583639,清勝國際運通有限公司,臺中市大雅區員林里大林路212巷150號,3000000,1080829
2602,24584068,正瑋國際健康股份有限公司,臺中市西區忠誠里臺灣大道二段573號6樓,28000000,1080813
2603,24584320,東宥工程有限公司,臺中市沙鹿區鹿峰里中山路673巷12號1樓,3000000,1080805
2604,24584715,超正齒輪科技有限公司,臺中市神岡區豐洲里東洲路81號,12500000,1080828
2605,24587038,台灣展弘開發科技有限公司,臺中市南區福平街106號1樓,500000,1080829
2606,24587781,永立信開發有限公司,臺中市北屯區平安里天津路四段133號1樓,6000000,1080829
2607,24588114,建誼投資顧問有限公司,臺中市大肚區沙田路三段245巷508號2樓,24000000,1080815
2608,24588515,美德機械有限公司,臺中市烏日區仁德里興祥街20巷27號3樓之2,1000000,1080823
2609,24589134,睿宸永業有限公司,臺中市大里區鳳凰路164巷57之6號,1000000,1080821
2610,24589612,奕翔實業有限公司,臺中市豐原區豐田里豐田路66巷22，28，32號,505000,1080822
2611,24589704,上賜有限公司,臺中市太平區太平十街48號1樓,600000,1080830
2613,24590287,友訊通信有限公司,臺中市東區富仁里自由路三段25號,1000000,1080803
2614,24594501,京督營造有限公司,臺中市大雅區上楓里民生路三段493號1樓,3600000,1080828
2615,24594903,豪門開發營造有限公司,臺中市北區建德里興進路132號1樓,3600000,1080802
2616,24595092,家慶不動產經紀有限公司,臺中市南屯區河南路四段439號2樓,500000,1080829
2617,24595240,大世紀創意事業有限公司,臺中市北區頂厝里進化北路238號13樓之1,5000000,1080808
2618,24596487,中皓企業有限公司,臺中市南區南門里國光路485號1樓,1000000,1080808
2619,24596867,安邦不動產經紀業有限公司,臺中市北屯區新平里中清路2段715號1樓,1500000,1080807
2620,24596944,博程興業有限公司,臺中市西區美村路一段22號1樓,500000,1080828
2622,24598149,喝采餐飲有限公司,臺中市西屯區福林里西屯路三段245號,3000000,1080826
2623,24600546,呈鼎科技有限公司,臺中市西屯區市政北二路238號30樓之3,1000000,1080823
2624,24601236,達也科技有限公司,臺中市西區公正里東興路三段62號1樓,3000000,1080807
2625,24601691,匯盛不動產有限公司,臺中市霧峰區北柳里國中路9號1樓,1000000,1080823
2626,24603065,寶興盛食品有限公司,臺中市太平區新興里新安街212號,3000000,1080801
2628,24603810,逢源土地開發有限公司,臺中市太平區永平南路40巷18號4樓,2100000,1080826
2629,24604727,錦瀚生物科技有限公司,臺中市西區安龍里英才路589巷4號7樓,200000,1080829
2630,24605009,慕朵國際精品有限公司,臺中市西屯區何成里大恩街8號2樓,1000000,1080822
2631,24605872,卓倫貿易有限公司,臺中市南屯區田心里文心路一段21號24樓之2,2500000,1080827
2632,24606719,銅鈴商業有限公司,臺中市北屯區長生一街29號8樓之3,1000000,1080820
2633,24607668,誼欣文化科技股份有限公司,臺中市東區旱溪里東光園路610號1樓,12000000,1080816
2684,24646677,綠格建材事業有限公司,臺中市北屯區舊社里北屯路441之18號1樓,1250000,1080808
2703,24657483,欣利杰國際股份有限公司,臺中市后里區后里里三豐路四段130巷38號,42500000,1080822
2706,24658878,威正有限公司,臺中市東勢區中寧里豐勢路中盛巷3之1號1樓,1000000,1080808
2746,24686972,高鼎人力仲介有限公司,臺中市西屯區天水東街35號5樓,7000000,1080809
2754,24693679,竑育有限公司,臺中市西屯區漢成街151號,28000000,1080801
2793,24722843,佳美先進化學股份有限公司,臺中市西屯區協和里工業區32路76之1號,80000000,1080819
2893,24784360,京喬有限公司,臺中市烏日區榮泉里三榮路二段69號,600000,1080827
2907,24796289,英屬維京群島商冠富國際投資有限公司,臺中市西屯區朝洋里朝貴路256號1樓,62000000,1080826
2911,24797689,英屬維京群島商時代資產開發股份有限公司,臺中市西區臺灣大道2段309號8樓之2,12000000,1080807
2926,24818283,吉賀事業有限公司,臺中市北屯區平陽里崇德路二段295號1樓,1000000,1080820
2927,24818609,安娜貝爾婚禮服務股份有限公司,臺中市北屯區水湳里文心路四段81號8樓之2,1000000,1080822
2928,24818930,建方投資股份有限公司,臺中市西區臺灣大道二段545號6樓之2,28420000,1080814
2930,24823526,英樵商貿有限公司,臺中市南屯區永定里南屯路二段773之7號4樓,300000,1080827
2931,24824969,三億圓實業有限公司,臺中市霧峰區吉峰里峰堤路189巷15號,89000,1080814
2932,24825088,遠又準有限公司,臺中市南區新榮里復興路三段133號1樓,1000000,1080826
2933,24825215,聯藝國際事業有限公司,臺中市外埔區大同里19鄰中山路90巷2號1樓,1000000,1080805
2934,24825783,震益有限公司,臺中市太平區成功里成功路297號,1000000,1080820
2935,24826426,東海藝城開發有限公司,臺中市龍井區東海里國際街85號2樓,6000000,1080816
2936,24826431,芃信有限公司,臺中市西區民龍里文化街156號地下層之2,2000000,1080829
2937,24828466,靚德生醫科技股份有限公司,臺中市大雅區秀山里科雅路27號2樓,77014791,1080806
2938,24829492,金義豐建設有限公司,臺中市西區大忠里大忠南街55號6樓之4,5000000,1080821
2939,24829774,瀛海科技有限公司,臺中市潭子區崇德路四段170巷1弄35號2樓,12000000,1080807
2940,24829845,廷俐有限公司,臺中市大里區達明路66號,4000000,1080829
2941,24830364,辰聚有限公司,臺中市西區民龍里日盛街29號1樓,3500000,1080809
2942,24830527,格瑞克全球房地產有限公司,臺中市西區華美街412之1號1樓,3700000,1080819
2943,24831096,昌昌旅行社有限公司,臺中市豐原區鎌村里鎌村路465巷104之1號2樓,8000000,1080806
2944,24832519,速爾達國際有限公司,臺中市霧峰區民生路八德巷1之2號1樓,5000000,1080827
2945,24834474,勇欣五金材料有限公司,臺中市烏日區五光路復光四巷25號1樓,500000,1080827
2946,24834679,京煜興業有限公司,臺中市南屯區溝墘里大墩十六街40之3號10樓,20000,1080812
2947,24835353,穩喬建設開發事業有限公司,臺中市北區建興里永興街77號,15000000,1080806
2948,24835500,凰淇國際遊留學顧問有限公司,臺中市神岡區光復路215巷42號1樓,3700000,1080828
2949,24836536,增天美國際貿易有限公司,臺中市北屯區景賢六路15號,8000000,1080806
2951,24837628,鑫業達有限公司,臺中市南屯區溝墘里大業路241號3樓之1,510000,1080815
2952,24837916,臺灣骨庫股份有限公司,臺中市北屯區平德里梅川東路四段26號8樓之1,25000000,1080828
2953,24839127,路德起重工具股份有限公司,臺中市西屯區惠來里惠中路160號3樓,4000000,1080813
2954,24839415,沐沁有限公司,臺中市南屯區三厝里黎明東街225號,480000,1080808
2955,24839560,村宇科技股份有限公司,臺中市南屯區文山里精科三路2號2樓,3000000,1080808
2956,24839647,大化科技有限公司,臺中市沙鹿區三鹿里自強路688巷9號1樓,3000000,1080806
2957,24839689,誠鴻生物科技有限公司,臺中市北屯區水景里東山路一段156之11巷10號2樓,5000000,1080813
2958,24839772,駿躍工程股份有限公司,臺中市南屯區豐樂里文心南三路663號3樓,22590270,1080815
2959,24841995,鑫記工程有限公司,臺中市南屯區文山里忠勇路52之233號9樓,4000000,1080813
2960,24843516,允善國際有限公司,臺中市南屯區南屯里黎明路一段965巷58弄19號2樓,300000,1080819
2961,24845182,宗名精密有限公司,臺中市豐原區南村里水源路699號1樓,1000000,1080819
2962,24845850,糸記裝潢有限公司,臺中市梧棲區福德里忠孝街140號1樓,600000,1080815
2963,24845922,艾博生技抗體股份有限公司,臺中市西區民生里自由路一段101號7樓之1,22640000,1080808
2964,24846128,全威有限公司,臺中市北區五順街30號1樓,3000000,1080829
3163,24981854,聯創企管顧問有限公司,臺中市大里區金城里中興路一段370巷24號1樓,1200000,1080827
3188,25001651,冠通精密工業股份有限公司,臺中市烏日區溪南路一段126巷395弄357號,10000000,1080806
3189,25002498,國愛室內設計有限公司,臺中市沙鹿區三鹿里自立路193號3樓之5,2000000,1080819
3190,25004398,釦釦買科技有限公司,臺中市梧棲區頂寮里港埠路二段451號1樓,800000,1080820
3201,25014121,回久殿企業有限公司,臺中市豐原區西安里中正路395號,1000000,1080822
3204,25015445,沛笙國際開發股份有限公司,臺中市西屯區朝富路213號12樓之9,10000000,1080809
3206,25016556,大寶島光電股份有限公司,臺中市西屯區協和里工業區十六路2號1樓,49798620,1080823
3208,25022467,禾泰石材國際有限公司,臺中市烏日區溪壩里溪南路1段51號,3000000,1080827
3212,25027857,家和鋼鐵業有限公司,臺中市北屯區舊社里敦富路601號1樓,20000000,1080808
3215,25030656,敬益建設股份有限公司,臺中市北區錦祥街27號1樓,15000000,1080813
3226,25040330,錢道貿易有限公司,臺中市南區樹義里福田二街268巷12號1樓,250000,1080812
3232,25046101,深耕發展農業股份有限公司,臺中市太平區山田路26巷5號1樓,40000000,1080805
3233,25046616,廣至環球有限公司,臺中市梧棲區居仁街68號,5000000,1080822
3234,25047609,樂點國際有限公司,臺中市烏日區興學街17號2樓,1000000,1080813
3236,25052790,永久資訊科技有限公司,臺中市西屯區皇城街59巷15號1樓,3000000,1080802
3251,25065985,吉泉投資有限公司,臺中市西屯區福中里中工二路360號1樓,40000000,1080812
3255,25068744,荃富實業有限公司,臺中市龍井區田中里龍北路290號,6000000,1080827
3260,25073492,京庚健康世界股份有限公司,臺中市潭子區潭富路二段160巷1號,54500000,1080801
3263,25080775,翔生開發股份有限公司,臺中市北區明新里中清路一段447號7樓之1,5000000,1080813
3270,25089229,自然之環股份有限公司,臺中市南區西川里南屯路一段305巷45號1樓,1800000,1080821
3276,25095377,鉦偉精密傳動股份有限公司,臺中市大里區健民里仁化路158號2樓,10000000,1080808
3282,25099161,鴻定開發有限公司,臺中市南屯區保安五街128號2樓之13,1000000,1080806
3283,25100293,寶鼎聯通事業股份有限公司,臺中市西區民龍里英才路530號22樓之6,15000000,1080823
3346,25156280,品嘉開發實業有限公司,臺中市西屯區上仁街72號1樓,5000000,1080830
3350,25159189,紅人創意有限公司,臺中市后里區聯合里水門路44號,200000,1080826
3351,25160290,康盛開發有限公司,臺中市豐原區豐圳里成功路642號1樓,2000000,1080806
3352,25161431,東光開發事業股份有限公司,臺中市西屯區黎明路三段13號2樓,20000000,1080819
3353,25162059,福貴有限公司,臺中市清水區高南里海口南路141之1號1樓,500000,1080802
3369,25177588,歐尚裝潢工程有限公司,臺中市南屯區南屯里文昌街167號1樓,500000,1080808
3370,25179410,皇家商務有限公司,臺中市西屯區何南里臺灣大道二段735號2樓,5000000,1080814
3380,25185932,益聖貿易有限公司,臺中市北區健行里忠明路432號,1000000,1080802
3381,25187164,丞泰工安股份有限公司,臺中市西屯區福雅路185號1樓,2000000,1080821
3382,25187538,鄭杏泰生技食品有限公司,臺中市南屯區寶山里17鄰工業區18路18號2樓,12000000,1080812
3383,25187679,穎茂不動產經紀有限公司,臺中市東區東英里十甲路373號1樓,1880000,1080822
3385,25188059,大佶開發有限公司,臺中市梧棲區草湳里自強一街90巷29號,1000000,1080808
3393,25198140,國菱機電維護有限公司,臺中市神岡區三角里大富路156巷18弄10號,1000000,1080805
3395,25199366,尚貝科技有限公司,臺中市北屯區平安里柳陽西街2巷22號1樓,1880000,1080813
3399,27058010,健康化學製藥股份有限公司,臺中市大甲區日南里幼四路12號,63784790,1080819
3437,27270364,台灣伊斯卡股份有限公司,臺中市南屯區大墩南路395號1樓,60000000,1080815
3438,27271461,鹽之華有限公司,臺中市西屯區潮洋里市政路581之1號,10000000,1080823
3442,27273756,榮蓁科技股份有限公司,臺中市大雅區四德里中清路三段758巷2號,48000000,1080802
3443,27278703,觀展物流事業股份有限公司,臺中市西屯區工業區2路9之1號1、2、3、4樓,120000000,1080805
3450,27289743,華開資產管理股份有限公司,臺中市西屯區何南里臺灣大道二段689號8樓,110000000,1080809
3451,27292199,丹波投資股份有限公司,臺中市沙鹿區洛泉里日新街66號1樓,20000000,1080802
3456,27298840,安翊科技有限公司,臺中市神岡區豐工南路42號1樓,10000000,1080816
3458,27300249,全民開發實業有限公司,臺中市神岡區中車路83之2號,2200000,1080829
3462,27304499,創達投資股份有限公司,臺中市北屯區水湳里大連北街24巷74號2樓,29000000,1080820
3465,27306855,鉅烽科技股份有限公司,臺中市潭子區祥和路35巷5號,29000000,1080812
3468,27309852,益詮精密工業股份有限公司,臺中市太平區德隆里工業18路3之1號,29000000,1080801
3518,27374781,大田儀器有限公司,臺中市太平區宜昌東路5巷31弄56號,1000000,1080813
3524,27384937,長霖保全股份有限公司,臺中市北區民權路559號5樓之3,40000000,1080809
3525,27387569,世豐研磨有限公司,臺中市大里區塗城里塗城路43號1樓,1000000,1080812
3537,27400541,欣展工業股份有限公司,臺中市太平區永平路二段520號,200000000,1080801
3538,27400752,亨龍工程有限公司,臺中市豐原區圓環西路202號7樓,3000000,1080816
3540,27403815,全面性系統整合科技股份有限公司,臺中市西屯區臺灣大道四段925號17樓之6,40000000,1080809
3542,27405588,佳陞科技有限公司,臺中市西屯區協和里工業區六路20號,20000000,1080816
3544,27408924,鋐昇冷凍科技有限公司,臺中市北屯區豐樂路60之1號1樓,5000000,1080808
3551,27418681,言霖工業有限公司,臺中市南屯區寶山五街117之27號1樓,10000000,1080823
3559,27428077,正點精密股份有限公司,臺中市潭子區豐興路二段410之1號,6000000,1080808
3578,27457537,品富科技企業有限公司,臺中市東勢區福隆里東和街300號1樓,1500000,1080809
3580,27461271,楊子佛教禮儀股份有限公司,臺中市西區五權西六街22號1樓,30350000,1080809
3581,27467471,普羅生化科技股份有限公司,臺中市豐原區社皮里成功路356巷5號,15000000,1080829
3584,27472663,行動智慧科技股份有限公司,臺中市北屯區昌平路一段95之8號5樓之2,5000000,1080829
3587,27480452,財園投資有限公司,臺中市西區和龍里臺灣大道一段726號4樓之8,2500000,1080815
3589,27483227,毅一建設股份有限公司,臺中市南屯區大墩二街182號2樓,300000000,1080827
3590,27486532,科特科技有限公司,臺中市南區福平里懷寧街193號1樓,1000000,1080807
3591,27488150,嘉慶育樂股份有限公司,臺中市和平區博愛里東關路一段裡冷巷38號,320000000,1080813
3593,27490297,合石建設有限公司,臺中市西區東昇里樂群街152號1樓,50000000,1080807
3597,27492817,禾康消防股份有限公司,臺中市西屯區廣福里中清路三段411號,90000000,1080827
3600,27497469,帝保建設有限公司,臺中市南區五權南路193號1樓,2000000,1080830
3629,27554448,兆光國際股份有限公司,臺中市南屯區公益路2段302號5樓,619580000,1080812
3654,27586321,詰祥有限公司,臺中市豐原區北陽里中陽路229巷9號2樓,15880000,1080827
3670,27613559,祐詮工業有限公司,臺中市西屯區同志巷71號2樓,6000000,1080806
3671,27614754,太日開發實業股份有限公司,臺中市西區英才路530號9樓之1、2,405000000,1080812
3674,27620334,華景管理顧問股份有限公司,臺中市西屯區市政北二路236號30樓之1,3200000,1080826
3686,27632649,客家本色有限公司,臺中市西屯區龍德路二段272號1樓,3000000,1080819
3688,27633324,光展應材股份有限公司,臺中市北屯區崇德路二段252號16樓,43170000,1080805
3692,27637623,立揚農機械廠有限公司,臺中市后里區聯合里水門路78之8號,1000000,1080827
3697,27645898,荃盛科技美容有限公司,臺中市南屯區三和里河南路四段429之2號1樓,500000,1080820
3703,27651997,雲祥茶業有限公司,臺中市北屯區水湳里文心路三段1027號8樓,500000,1080820
3704,27652124,萬邦外貿有限公司,臺中市西屯區福和里臺灣大道四段925號15樓之2,11000000,1080805
3720,27678742,立寶建設股份有限公司,臺中市西屯區市政路686號1樓,10000000,1080801
3794,27766935,大鴻海文化有限公司,臺中市中區中山路12號2樓,660000,1080823
3813,27789228,紐秋沃德有限公司,臺中市北區錦祥里進化路575號4樓之2,5000000,1080827
3814,27789424,好益有限公司,臺中市東區進化路130號1樓,1000000,1080826
3815,27789661,永成鋼構有限公司,臺中市烏日區長春街176號5樓之1,1000000,1080815
3817,27791174,華塑塑膠有限公司,臺中市大里區東湖里科技路166號4樓之2,5000000,1080813
3819,27796488,四季文化事業股份有限公司,臺中市北屯區河北路二段208號1樓,498000000,1080821
3820,27796585,張連昌薩克斯風有限公司,臺中市后里區眉山里公安路330之1號,5500000,1080827
3821,27796939,宏安美精密股份有限公司,臺中市大里區仁化里仁美路99號1樓,5000000,1080823
3822,27800976,源國精密科技有限公司,臺中市太平區中興路128巷23號,3000000,1080816
3828,27822465,易生富工業有限公司,臺中市霧峰區北勢里北豐路236巷8弄58號,500000,1080809
3832,27824885,凱莉貿易有限公司,臺中市北區長青里陝西東五街100之3號4樓,1000000,1080820
3838,27834976,贊銘實業有限公司,臺中市東區振興路412巷181號1樓,1000000,1080806
3839,27836051,振得興有限公司,臺中市豐原區陽明里自強南街221號2樓,20000000,1080822
3846,27851685,三久食品股份有限公司,臺中市霧峰區南勢里峰東路268號,28800000,1080801
3854,27863486,沅奕程有限公司,臺中市神岡區豐洲里神洲路262巷10號,2000000,1080808
3855,27865920,玉山生物科技股份有限公司,臺中市西屯區福雅里永福路20號3樓,6000000,1080807
3857,27868742,興振宇科技股份有限公司,臺中市西屯區港尾里環中路二段27號5樓,29046000,1080821
3859,27875103,創鑫陽極企業有限公司,臺中市太平區中興里東平路715巷12號,1000000,1080819
3861,27876736,大友國際股份有限公司,臺中市北屯區安順四街38號7樓之10,5000000,1080828
3867,27892601,安心人力仲介股份有限公司,臺中市西屯區福和里福安三街23之5號,2800000,1080822
3868,27894523,華村環保股份有限公司,臺中市西屯區工業區37路28之2號,12000000,1080812
3874,27904091,台灣康田實業有限公司,臺中市西屯區天水西二街2號1樓,2000000,1080815
3878,27908982,文邦有限公司,臺中市烏日區榮泉里中山路三段1379號1樓,1000000,1080809
3880,27910777,極鴻股份有限公司,臺中市西區大隆路20號8樓之5,20000000,1080827
3881,27912493,正益科技有限公司,臺中市烏日區前竹里中山路一段229巷25弄11號,1000000,1080806
3882,27916250,富有土地開發股份有限公司,臺中市西屯區臺灣大道二段910號4樓之6,1150000000,1080802
3883,27918790,戊林有限公司,臺中市北屯區和平里軍福十三路335號1樓,20000000,1080826
3886,27920395,鋐鼎鋼構有限公司,臺中市龍井區忠和里海尾路278巷33弄4之1號,7000000,1080822
3957,28025066,輝臻實業有限公司,臺中市太平區永成北路66巷38號,1000000,1080830
3964,28030574,給得國際股份有限公司,臺中市豐原區中興里成功路131巷38號1樓,10000000,1080805
3966,28031588,合申有限公司,臺中市東區仁和路465號1樓,5000000,1080827
3970,28034136,華碩科技股份有限公司,臺中市北屯區昌平路一段139巷13號1樓,5000000,1080828
3974,28041283,昱升精密工業有限公司,臺中市大雅區四德里中山十二路16號,1500000,1080827
3980,28051373,和鑽投資股份有限公司,臺中市大里區瑞城里成功路391號7樓,252210000,1080806
3983,28052149,台灣愛德克斯汽車零件股份有限公司,臺中市西屯區工業區三路3號1樓,16000000,1080807
3998,28070462,心梅心有限公司,臺中市北屯區崇德路二段346巷25弄85號1樓,1000000,1080827
4000,28076698,新力旺開發建設股份有限公司,臺中市西屯區潮洋里市政北二路282號22樓之3,50000000,1080821
4005,28082925,立飛資源有限公司,臺中市西屯區何南里臺灣大道二段751號1樓,12000000,1080829
4006,28084894,新紘投資股份有限公司,臺中市大雅區大雅路229巷3號2樓,69000000,1080806
4009,28087554,聚邦有限公司,臺中市沙鹿區鹿寮里中山路416號1樓,6000000,1080822
4010,28087745,親家建設股份有限公司,臺中市西屯區惠來里市政北七路186號16樓,300000000,1080815
4011,28089650,加樂實業有限公司,臺中市西屯區大鵬里文心路三段241號12樓之6,2500000,1080805
4017,28099735,岳森光電科技有限公司,臺中市潭子區福仁里復興路一段228號1樓,2000000,1080801
4021,28101063,輔德高分子股份有限公司,臺中市外埔區外埔路167號,691284000,1080826
4024,28106623,天機通信有限公司,臺中市西區民龍里臺灣大道二段285號22樓之2,8000000,1080822
4025,28109136,惠慶不動產仲介經紀有限公司,臺中市大里區東昇里新仁路二段135號1樓,1000000,1080801
4026,28109353,裕笠科技股份有限公司,臺中市南區樹義里樹義一巷13之19號,15000000,1080822
4044,28130659,仕渱有限公司,臺中市北屯區后庄里后庄北路207號14樓之1,6000000,1080828
4045,28131067,辰豐建設開發有限公司,臺中市南屯區豐樂里文心南路258號1樓,20000000,1080822
4049,28135731,新象保險經紀人股份有限公司,臺中市西屯區文心路三段241號21樓之3,5000000,1080807
4052,28137626,高瑞不動產股份有限公司,臺中市北區文心路四段212號10樓之2,3000000,1080826
4053,28138842,台灣高鐵停車場股份有限公司,臺中市烏日區三和里高鐵三路81號,10000000,1080807
4056,28141868,元拓建設有限公司,臺中市西屯區西屯路2段256巷6號7樓之8,10000000,1080827
4058,28143211,晨右建設股份有限公司,臺中市南區美村南路17號3樓,51000000,1080804
4059,28146054,森鼎環保有限公司,臺中市梧棲區頂寮里港埠路二段459巷42號,3000000,1080823
4063,28153300,肯利爾清潔股份有限公司,臺中市北屯區文昌東五街11號1樓,1000000,1080807
4081,28181988,容景精密科技股份有限公司,臺中市西屯區市政北二路282號29樓,232760000,1080816
4091,28192802,誠又有限公司,臺中市西屯區惠來里西屯路二段180巷21號,10500000,1080827
4162,28320530,寶順興開發實業股份有限公司,臺中市西屯區國安一路168號3樓之3,80000000,1080822
4167,28329482,虹緯電訊工程有限公司,臺中市南屯區黎明路一段450之1號,10000000,1080823
4173,28343225,奇栩企業有限公司,臺中市北屯區舊社里北屯路439之17巷20號1樓,10000000,1080801
4178,28351717,鉅禾工業股份有限公司,臺中市清水區東山里神清路13-17號,70000000,1080830
4183,28356086,時揚科技股份有限公司,臺中市北屯區東山路一段147巷52號1樓,2300000,1080827
4188,28357970,九鼎欣業有限公司,臺中市北區淡溝里臺灣大道二段360號19樓之2,10000000,1080801
4189,28358922,元謙建設股份有限公司,臺中市南屯區大墩路880號4樓,29800000,1080808
4194,28365275,億達精密刀具有限公司,臺中市太平區永成里永泰街26號1樓,5000000,1080815
4196,28365867,威立特科技有限公司,臺中市東區富仁里富榮街27號1樓,12000000,1080806
4203,28371896,富亞士企業有限公司,臺中市北區文莊里中清路一段89號4樓之3,5000000,1080815
4205,28374943,創邑科技有限公司,臺中市西屯區黎明路三段150號1樓,7500000,1080805
4211,28378552,詠昱精密工業有限公司,臺中市神岡區豐工南路42號,28000000,1080816
4213,28382444,星視野精密機械股份有限公司,臺中市烏日區五光路607巷59號,260000000,1080814
4224,28395692,愛麗絲國際大飯店股份有限公司,臺中市西區公民里柳川西路二段77號,360000000,1080807
4225,28397208,丞弘國際有限公司,臺中市烏日區環中路八段521號,1000000,1080815
4233,28409062,美林國際工程開發股份有限公司,臺中市南屯區文山十一街15號1樓,5000000,1080820
4234,28409892,創穎投資股份有限公司,臺中市北屯區水湳里大連北街24巷74號2樓,29000000,1080822
4298,28488045,順源資產管理股份有限公司,臺中市西屯區臺灣大道二段910號5樓之7,965000000,1080812
4306,28492189,佳旭國際有限公司,臺中市大里區國中一路25巷31號1樓,35000000,1080812
4315,28502530,易泰豐企業有限公司,臺中市大里區永隆里環河路157號1樓,12000000,1080820
4323,28513570,全鎔工業股份有限公司,臺中市太平區平安里鵬儀路214巷16號1樓,5000000,1080814
4329,28522228,金福華有限公司,臺中市沙鹿區公明里中清路六段320巷7號1樓,1000000,1080823
4333,28525230,誠家開發實業股份有限公司,臺中市南屯區益豐路四段9號5樓之2,80000000,1080819
4339,28532295,威利重機有限公司,臺中市清水區槺榔里槺榔一街236號2樓,500000,1080820
4349,28543440,璽貿實業股份有限公司,臺中市西屯區市政北二路238號25樓之2,6000000,1080826
4354,28549057,鎧興創研有限公司,臺中市烏日區五光里五光路189巷72之8號,2000000,1080813
4355,28549090,普施特科技有限公司,臺中市神岡區三社路138號1樓,2500000,1080801
4358,28553621,天境空間設計有限公司,臺中市大里區爽文路750之1號5樓,500000,1080829
4359,28554467,祥賀水電材料有限公司,臺中市烏日區學田路便行巷251之22號1樓,500000,1080805
4372,28568912,無相太炁有限公司,臺中市大里區東昇里內新街頂庄巷69號,3650000,1080805
4384,28576835,晉遠精密實業有限公司,臺中市大雅區六寶里和平路173之2號,7500000,1080815
4386,28579018,楊鐵精密股份有限公司,臺中市太平區永平路三段9巷28號,10000000,1080808
4390,28585671,女兒紅餐飲事業股份有限公司,臺中市南屯區文心南路99號,39000000,1080823
4391,28585980,碳基科技股份有限公司,臺中市大雅區科雅路30號3樓,168000000,1080802
4392,28586051,屋託幫不動產有限公司,臺中市南區樹義里大慶街一段259之15號,1000000,1080812
4395,28587517,安本實業有限公司,臺中市烏日區五光里五光路188號1樓,3000000,1080821
4428,28626645,銍晟機電工程有限公司,臺中市梧棲區草湳里自強二街28巷46號1樓,6000000,1080813
4436,28635270,九誠國際實業股份有限公司,臺中市北屯區東山路1段192-15號1樓,2000000,1080827
4447,28640843,旭辰興業有限公司,臺中市清水區海濱里臨港路五段538巷33號1樓,1000000,1080828
4449,28643709,新玉實業股份有限公司,臺中市神岡區溪洲里2鄰神洲路772號,5000000,1080814
4454,28646972,健達生技有限公司,臺中市西屯區四川三街59號1樓,600000,1080823
4457,28651881,仕泓有限公司,臺中市北屯區和平里軍福十六路275號三樓之3,500000,1080809
4461,28659672,青松健康股份有限公司,臺中市大里區夏田里中投西路三段217號,250000000,1080807
4464,28667440,玖炬工程股份有限公司,臺中市南屯區楓樹里楓樹西一街1之6號1樓,16500000,1080823
4466,28669398,台灣愛司帝科技股份有限公司,臺中市北屯區文心路三段447號5樓,1501000,1080829
4467,28670304,德嘉技術工程股份有限公司,臺中市北區太原路二段86號14樓,250000000,1080801
4528,28724651,貫鼎投資股份有限公司,臺中市北屯區仁美里崇德路三段720號,23000000,1080806
4533,28728832,京王國際旅行社股份有限公司,臺中市豐原區西安里圓環南路211號1樓,10000000,1080819
4538,28735637,巨誠建設股份有限公司,臺中市南屯區文心南五路一段260巷11號,29900000,1080808
4542,28740391,悅晟資訊有限公司,臺中市西屯區文心路三段241號13樓之3,5000000,1080813
4543,28741103,互晟股份有限公司,臺中市北區民權路559號11樓之3,25000000,1080814
4547,28745662,源承企業股份有限公司,臺中市南區愛國街29號1樓,17000000,1080826
4549,28746959,承羿有限公司,臺中市神岡區神岡里神清路24號1樓,10000000,1080827
4556,28754824,林薇時尚婚紗有限公司,臺中市西屯區惠來里市政北七路186號10樓之2,500000,1080828
4557,28757744,芫崧食品有限公司,臺中市大甲區順天里光明路172號1樓,2000000,1080822
4558,28761705,恩諾基科技有限公司,臺中市西屯區福和里臺灣大道四段847號11樓,3000000,1080814
4560,28762893,玉二企業有限公司,臺中市烏日區慶光路69-68號1樓,5000000,1080801
4562,28764034,全美世界健康科技股份有限公司,臺中市西區民龍里臺灣大道二段218號31樓,2000000,1080826
4574,28772034,玖上置業有限公司,臺中市西屯區港尾里環中路二段11號,6000000,1080815
4587,28792664,創百股份有限公司,臺中市北區民權路559號5樓之2,10945280,1080806
4589,28793214,立達數位科技有限公司,臺中市中區平等街1號7樓之8,1000000,1080806
4594,28802425,宏尚景觀營造有限公司,臺中市梧棲區中正里東建路94號1樓,15000000,1080815
4596,28808770,百晟工具有限公司,臺中市大里區立德里甲園一街66號,10000000,1080806
4597,28808785,翊高金屬工業股份有限公司,臺中市神岡區北庄里北庄路80之1號1樓,2800000,1080823
4604,28813154,實福來有限公司,臺中市霧峰區光明路158之5號,5000000,1080827
4607,28813730,鼎金國際貿易有限公司,臺中市北屯區和平里祥順路二段500之61號1樓,5000000,1080816
4656,28875714,總越有限公司,臺中市豐原區南村里文村街45巷10號1樓,500000,1080813
4659,28878418,鼎宇營造股份有限公司,臺中市西區民權路239號13樓,37625000,1080821
4664,28882102,建陽玻璃有限公司,臺中市西屯區潮洋里黎明路二段875號1樓,5000000,1080827
4667,28884636,賢興投資有限公司,臺中市中區綠川西街135號12樓之1,10000000,1080813
4671,28899949,高仕皮包有限公司,臺中市北區三民路三段70號1樓,5000000,1080815
4672,28901396,太捷科技企業有限公司,臺中市西屯區黎明路2段918號,8000000,1080821
4675,28904106,天空數位圖書有限公司,臺中市南區忠明南路787號30樓,900000,1080814
4676,28904324,柏亦企業有限公司,臺中市西屯區西墩里環中路二段1061號1樓,2000000,1080808
4678,28906934,中友家飾有限公司,臺中市烏日區三和里中山路三段246號,1000000,1080819
4683,28909926,元鉅營造股份有限公司,臺中市北屯區平心里安順東七街40號10樓,3000000,1080814
4688,28912154,台碩生醫科技有限公司,臺中市南屯區田心里文心路一段73號5樓之2,1000000,1080805
4698,28929275,嘉成健康股份有限公司,臺中市南區永興里工學二街115巷9號9樓之1,1000000,1080812
4701,28929774,俊邦有限公司,臺中市西區公民里五權路1之67號6樓之2,84000000,1080813
4707,28936959,乂迪生科技股份有限公司,臺中市南屯區五權西路二段666號9樓之1,132820000,1080812
4708,28937275,逸象廣告企劃有限公司,臺中市西屯區市政南一路100號5樓之1,500000,1080830
4719,28945845,金允成企業股份有限公司,臺中市大甲區西岐里順帆十一街80號,6250000,1080821
4721,28948580,崑鑫國際實業有限公司,臺中市南屯區向心南路892巷14號1樓,6000000,1080807
4722,28951515,鼎旺休閒開發事業股份有限公司,臺中市西屯區寧夏路199號地下2樓,10000000,1080809
4724,28951938,昇揚開發實業有限公司,臺中市西屯區惠來里惠中路74巷17號1樓,15000000,1080805
4732,28954858,高井國際環保科技有限公司,臺中市大雅區員林里神林路1段104巷22號1樓,4500000,1080807
4734,28956791,天眼衛星科技股份有限公司,臺中市北屯區水湳里文心路三段447號29樓,19184880,1080807
4735,28958411,台灣法曲化粧品有限公司,臺中市神岡區豐洲路1025巷36號,550000,1080801
4740,28966101,誠昊科技有限公司,臺中市西屯區何仁里重慶路289之10號,5120000,1080815
4742,28969260,集盛國際興業有限公司,臺中市西屯區西屯路二段256巷6號9樓之10,1000000,1080802
4756,28999102,香港商舜宇光學海外有限公司,臺中市西屯區文心路二段201號20樓之2,0,1080815
4836,29080951,世渱有限公司,臺中市北屯區后庄里后庄北路207號14樓之1,1000000,1080826
4842,29086651,碩大室內裝修設計工程有限公司,臺中市北屯區和平里軍福九路322號1樓,1000000,1080822
4843,29091628,盛威光電股份有限公司,臺中市龍井區新東里遊園南路255巷2弄4號1樓,12000000,1080806
4847,29092773,加州綜合環保有限公司,臺中市太平區光華里大興路451號1樓,1000000,1080805
4850,29093750,米克國際實業有限公司,臺中市北屯區景賢路127號2樓,1000000,1080829
4851,29094569,台灣威諾斯漢機床股份有限公司,臺中市大雅區昌平路四段282北六巷37號,5000000,1080813
4852,29095477,德建投資股份有限公司,臺中市大里區國光路2段259號4樓之1,29800000,1080813
4853,29098853,宏裕科技有限公司,臺中市霧峰區北勢里中投東路一段460巷25號1樓,600000,1080809
4856,29104638,鑫鑎實業有限公司,臺中市北區頂厝里崇德路一段577之36號1樓,1000000,1080820
4864,29109541,丞真有限公司,臺中市豐原區豐田里豐南街235巷18號1樓,15000000,1080808
4868,29113545,風速營造有限公司,臺中市大里區東昇里益民路一段41號,6000000,1080814
4869,29113572,富士康公寓大廈管理維護股份有限公司,臺中市西屯區臺灣大道二段633號3樓之1,10000000,1080807
4872,29116212,富帝九工程有限公司,臺中市龍井區忠和里中央路3段61巷16號1樓,20000000,1080823
4878,29121947,興亞開發股份有限公司,臺中市北屯區仁美里昌平路二段50之6巷1號1樓,6000000,1080819
4880,29122256,柏凱建設開發有限公司,臺中市北屯區松安里修齊街129號1樓,10000000,1080826
4883,29125486,海陸家赫股份有限公司,臺中市潭子區中山路二段293號,25000000,1080813
4899,29143843,光點科股份有限公司,臺中市西屯區何成里文心路二段566之1號3樓之1,206302000,1080816
4909,29154968,豐裕實業有限公司,臺中市西區忠明里華美街522號11樓之5,1500000,1080805
4913,29158599,台灣鄉村製菓工業股份有限公司,臺中市后里區四月路13之2號,20000000,1080809
4914,29159794,尊越有限公司,臺中市太平區新城里樹孝路2號16樓之9,1000000,1080819
4939,29183226,旭孝電力股份有限公司,臺中市大雅區科雅西路29號1樓106室,42000000,1080806
4942,29186075,台灣昵帕股份有限公司,臺中市梧棲區草湳里經二路55號,240000000,1080829
4962,30899261,成霖企業股份有限公司,臺中市潭子區潭秀里建國路22號,3567429620,1080823
4986,31143480,大永通商股份有限公司,臺中市梧棲區草湳里自立一街200號,25500000,1080815
5035,34118437,研新股份有限公司,臺中市西屯區協和里工業區七路11號,22000000,1080809
5246,42604761,尚弘生物科技有限公司,臺中市北區頂厝里進化北路238號10樓之3,6000000,1080829
5314,42651840,捷發全球企業有限公司,臺中市南屯區田心里文心路一段73號11樓之2,4000000,1080820
5329,42660284,大連加油站股份有限公司,臺中市梧棲區草湳里臨港路三段451號,30000000,1080815
5330,42660307,宇騰設計實業有限公司,臺中市北區錦祥里北屯路14號5樓之19,100000,1080827
5331,42660600,嵩園建設有限公司,臺中市南區樹德里復興北路543號5樓,13500000,1080828
5332,42660670,金蘋果園股份有限公司,臺中市龍井區遠東街81巷1之59號2樓,1000000,1080827
5333,42661018,瀚程租賃車業有限公司,臺中市西屯區朝貴一街82之2號2樓,5000000,1080827
5334,42661609,文通食品有限公司,臺中市北屯區崇德九路603號,1000000,1080812
5335,42661930,鼎紘國際有限公司,臺中市南區樹義里文心南路901巷23號7樓之1,1000000,1080805
5336,42662889,協鑫機械股份有限公司,臺中市南屯區精科八路8號3樓,29800000,1080814
5337,42662972,原阜揚室內裝修有限公司,臺中市南屯區同心里大墩一街200號1樓,10000000,1080830
5338,42664198,科永泰股份有限公司,臺中市北區五義街192號,12000000,1080829
5339,42664514,陶緣彩瓷色料股份有限公司,臺中市北屯區東光里旱溪西路三段159號2樓,3000000,1080806
5340,42665393,永佳欣業有限公司,臺中市西區忠明里忠誠街79號1樓,1000000,1080821
5341,42666409,長羽國際有限公司,臺中市北屯區松勇里松義街202號10樓,100000,1080813
5342,42667569,寶能生物科技股份有限公司,臺中市南區永和里南和路38巷62號3樓64號,1000000,1080827
5343,42667836,台灣必優生技有限公司,臺中市北區健行里忠明路432號,10000000,1080801
5344,42668357,達全股份有限公司,臺中市大雅區昌平路四段558巷51弄13號,6000000,1080809
5345,42669320,富勝國際投資有限公司,臺中市烏日區光日路408號2樓,28500000,1080826
5346,42669412,科宣實業有限公司,臺中市西區華美西街一段85號3樓之1,5000000,1080805
5347,42669503,富利友投資顧問有限公司,臺中市南屯區永春東七路517號2樓之1,18000000,1080822
5349,42671368,樸石藝術文化有限公司,臺中市西區土庫里五權五街210巷18號,1000000,1080805
5350,42671677,鉅凌科技有限公司,臺中市北區金華里雙十路二段83號1樓,2900000,1080812
5351,42673231,宏莉凱開發股份有限公司,臺中市北屯區崇德路三段112號3樓,42400000,1080827
5352,42673703,宏羿實業有限公司,臺中市北屯區太原路三段177號1樓,3000000,1080809
5353,42673915,心兌國際股份有限公司,臺中市西區中興街92號1樓,10000000,1080827
5354,42675478,美柿生物科技有限公司,臺中市西屯區文心路三段241號21樓之2,100000,1080820
5355,42675913,中華富邦保全股份有限公司,臺中市北屯區舊社里北屯路390號8樓之3,40000000,1080802
5356,42677383,川威建設有限公司,臺中市太平區永平里新平路一段138巷20之2號1樓,7000000,1080805
5358,42678019,尚將工程有限公司,臺中市烏日區烏日里五光路1058巷51號1樓,2000000,1080828
5359,42680182,亨隆地產股份有限公司,臺中市西屯區黎明路三段191號2樓,5000000,1080815
5360,42680731,苙森營造有限公司,臺中市西區美村路一段806號12樓之4,6000000,1080828
5361,42681204,富凱國際貿易股份有限公司,臺中市南屯區文心南五路三段72號1樓,10000000,1080826
5362,42681696,世瑋國貿有限公司,臺中市南區福順里忠明南路801號8樓之8,1000000,1080812
5363,42683300,傑盟先進材料有限公司,臺中市西屯區福和里2鄰安和3街136號,6000000,1080802
5364,42686539,弘揚生物科技股份有限公司,臺中市神岡區神州里豐工南路62號,20000000,1080814
5365,42688939,管他什麼設計有限公司,臺中市太平區新高里立功路95號8樓,1000000,1080819
5366,42688993,興源商貿有限公司,臺中市大雅區雅潭路四段481之1號,500000,1080816
5367,42689368,維客數位行銷有限公司,臺中市西屯區市政路500號14樓之6,1000000,1080821
5387,42703137,君雄有限公司,臺中市中區仁愛街25號,110000,1080813
5478,42757153,春禾科技股份有限公司,臺中市南屯區南屯里五權西路二段666號7樓之9,4000000,1080806
5492,42770135,新悅營造股份有限公司,臺中市潭子區大豐里大豐路三段162號1樓,12000000,1080826
5528,42787591,元基投資有限公司,臺中市西屯區惠來里市政北二路8號18樓之3,40000000,1080826
5590,42815858,一鼎元有限公司,臺中市西區民龍里臺灣大道二段285號8樓之3,200000,1080815
5627,42840483,新華明精密實業有限公司,臺中市大雅區橫山里永和路101之16號,25000000,1080826
5639,42850974,手談趣股份有限公司,臺中市西屯區何厝街140號,3000000,1080819
5682,42870660,匠紳有限公司,臺中市潭子區合作街104號,2000000,1080805
5683,42870789,金威裝潢有限公司,臺中市清水區高西里高美路644號1樓,600000,1080819
5684,42871106,青穀國際事業有限公司,臺中市西區向上路一段109號,5000000,1080822
5685,42872225,翬承科技有限公司,臺中市中區中華里中華路一段154巷11號,1000000,1080828
5686,42872597,漢新貿易有限公司,臺中市大里區健民里健東路26巷10號1樓,2000000,1080819
5687,42872816,宥驣科技有限公司,臺中市大甲區平安里仁愛街138號1樓,1000000,1080809
5688,42873420,廣雍國際有限公司,臺中市沙鹿區鹿峰里星河路205之16巷2號1樓,1000000,1080802
5689,42873961,川海企業管理顧問股份有限公司,臺中市北區賴興里文心路四段212號8樓之1,10000000,1080819
5690,42874027,好事吉品股份有限公司,臺中市西區民龍里文化街156號地下層之1,2000000,1080829
5692,42875519,金能量生物科技股份有限公司,臺中市東區東興里建成路679號1樓,20000000,1080827
5693,42876355,愛加倍芳香事業有限公司,臺中市烏日區三和里13鄰高鐵路一段13號1樓,100000,1080806
5694,42876432,申振國際有限公司,臺中市南區工學里大慶街一段130巷51號,1000000,1080830
5695,42877191,法萊室內裝修股份有限公司,臺中市西區忠誠里大隆路20號6樓之4,3000000,1080828
5696,42877761,亮吉實業有限公司,臺中市大里區東興里國光路二段706之7號,1000000,1080813
5697,42877832,凱心人力資源有限公司,臺中市北屯區環中東路二段381號1樓,5000000,1080829
5698,42878277,俊舜機械有限公司,臺中市梧棲區南簡里中央路二段381號1樓,5000000,1080829
5699,42878889,創視影像有限公司,臺中市大里區長榮里大里路33巷1之3號,2000000,1080816
5700,42878939,嘉亮水電工程有限公司,臺中市南屯區中和里南光路46巷14號1樓,2000000,1080808
5701,42879439,大睿營造有限公司,臺中市西區民權路213巷7之4號,12000000,1080808
5702,42879613,華光精密光學股份有限公司,臺中市大里區夏田里國中路607巷12號,5000000,1080807
5703,42880055,順心投資有限公司,臺中市西屯區惠來里市政北七路186號25樓,29000000,1080822
5704,42880148,鼎蓁科技股份有限公司,臺中市西屯區惠來里市政路386號10樓之1,1000000,1080815
5705,42880528,金科投資有限公司,臺中市大里區新仁里新仁二街76號1樓,10000000,1080821
5706,42880533,仲博投資有限公司,臺中市大里區新仁里新仁二街72號2樓,10000000,1080822
5707,42880554,渠晟投資有限公司,臺中市大里區新仁里新仁二街76號2樓,10000000,1080822
5709,42881717,貿凱國際股份有限公司,臺中市西屯區市政北二路282號26樓之10,127234000,1080814
5710,42882981,維星包裝製品股份有限公司,臺中市西屯區工業區一路98之32號7樓,10000000,1080816
5711,42883216,大昕國際投資股份有限公司,臺中市北區漢口路四段367號13樓,20000000,1080805
5712,42883308,職人包裝有限公司,臺中市南屯區溝墘里大容西街2號8樓,2000000,1080807
5713,42884600,惠德超磁能養生科技有限公司,臺中市南區福平里懷寧街223號1樓,1000000,1080829
5714,42885277,駿曄工程有限公司,臺中市南屯區文心南三路663號3樓,1000000,1080807
5715,42885333,旭安國際有限公司,臺中市北屯區旅順路二段181號1樓,2500000,1080807
5716,42885811,康蔬美生物科技有限公司,臺中市西屯區中科路707號,3000000,1080826
5717,42886775,亞泰資訊科技有限公司,臺中市北屯區后庄里庄內巷17之5號1樓,2000000,1080814
5718,42886895,唐立投資股份有限公司,臺中市西屯區臺灣大道二段910號10樓之1,96200000,1080809
5719,42887120,里本有限公司,臺中市北區頂厝里崇德路一段629號17樓之1,2400000,1080826
5720,42887521,媄寶實業有限公司,臺中市太平區新安街235號1樓,168000,1080814
5721,42887629,麗揚有限公司,臺中市西區民權路185號8樓之1,200000,1080826
5723,42888612,信旅有限公司,臺中市西屯區逢福里河南路二段262號13樓之3,6000000,1080806
5724,42888887,奇發股份有限公司,臺中市西屯區何源里文心路三段362號,3000000,1080801
5725,42889014,新洋餐飲有限公司,臺中市東區新庄里復興路四段186號11樓,1000000,1080813
5726,42889507,北澤室內裝修設計有限公司,臺中市北屯區和平里軍福十六路287號15樓之3,500000,1080813
5727,42889529,和業建設股份有限公司,臺中市北區漢口路四段35號4樓之1,10000000,1080827
5728,42889942,黃金原力有限公司,臺中市北區健行里忠明路502之7號6樓之3,10000,1080807
5729,42890027,銳聚動能股份有限公司,臺中市西區忠明里中美街375號,45000000,1080801
5730,42890217,愛眾科技有限公司,臺中市太平區祥順路一段311號,2000000,1080822
5731,42890650,齊本合洋行股份有限公司,臺中市西屯區市政路398號,17500000,1080823
5733,42890928,育堂建設股份有限公司,臺中市西屯區惠來里文心路二段201號18樓之1,35000000,1080805
5735,42891840,高材生家具有限公司,臺中市西屯區福雅路213巷92號1樓,5000000,1080801
5736,42891980,東豪營造有限公司,臺中市西屯區福安七街13號1樓,3600000,1080814
5737,42892051,洪馬克影業有限公司,臺中市北區立人里北平二街30號1樓,5000000,1080806
5738,42893869,宥錩機電工程有限公司,臺中市大里區東興里國光路二段500號5樓之5,2000000,1080822
5739,42894070,頂煌投資有限公司,臺中市南屯區田心里14鄰惠德街42號1樓,6301000,1080813
5740,42894234,允誠設計有限公司,臺中市大里區大里里瓦路16號4樓之1,2000000,1080809
5741,42894635,家順鑫生物科技股份有限公司,臺中市霧峰區四德北路78之5號,3000000,1080827
5742,42894781,古柏林有限公司,臺中市西屯區何仁里文心路三段107號1樓,1000000,1080822
5743,42895249,普犀運動事業有限公司,臺中市東區東門里東福路43號4樓之7,500000,1080821
5745,42896486,尹聘號有限公司,臺中市西屯區潮洋里朝富路213號9樓之6,1000000,1080828
5747,42897197,雅閣珠寶有限公司,臺中市南區南門里南門路1之9號1樓,150000,1080820
5748,42898647,珍創永節能股份有限公司,臺中市梧棲區永安里中央路一段110之9號1樓,2000000,1080821
5749,42898914,宜弈工程有限公司,臺中市東區玉皇街80巷10號4樓,500000,1080821
5750,42899456,鵬淵有限公司,臺中市后里區義德里甲后路一段456巷16弄22號1樓,1200000,1080801
5751,42899483,拉斐茲國際股份有限公司,臺中市西屯區市政北二路282號21樓之7,5000000,1080816
5752,42899596,博暉投資股份有限公司,臺中市西區公民里五權路1之67號7樓之1,1350000,1080802
5756,42903326,未來教育顧問股份有限公司,臺中市南區樹義里復興路一段270號6樓,24500000,1080816
5789,42925567,銘屋企業有限公司,臺中市大里區仁德里仁福街50號5樓,6000000,1080812
5790,42925975,海盛船舶維修保養股份有限公司,臺中市清水區北五路105號,50000000,1080801
5855,42951488,華第有限公司,臺中市南區工學里大慶街一段96號,87000000,1080826
5866,42959910,寰鑫企業有限公司,臺中市大甲區庄美里興安路142之8號,1500000,1080830
6015,43794846,利高機械工業股份有限公司,臺中市清水區吳厝里和睦路三段50巷16號,50000000,1080819
6131,45095380,耕寶庄國際事業有限公司,臺中市烏日區三和里14鄰高鐵五路156號3樓之2,2000000,1080801
6225,45145591,歐克諾斯國際股份有限公司,臺中市龍井區竹坑里竹師路一段262巷3號1樓,10000000,1080806
6226,45145641,堡宏開發有限公司,臺中市石岡區土牛里豐勢路明山巷3號1樓,1000000,1080809
6227,45146867,允瑞投資有限公司,臺中市西屯區惠來里市政北七路186號16樓,3000000,1080815
6229,45148648,宏甫顧問有限公司,臺中市北區育德里篤行路371之2號2樓,5000000,1080808
6231,45165462,台灣聯信整合科技股份有限公司,臺中市大里區中興路二段438之8號,18500000,1080813
6232,45187780,森沐創意整合工坊有限公司,臺中市龍井區田中里龍北路7巷15號1樓,2000000,1080828
6234,45188943,魔方移動股份有限公司,臺中市西區中興里公益路161號5樓之2,16000000,1080814
6235,45189859,五達國際有限公司,臺中市北區明德里太原二街26號1樓,500000,1080806
6236,45190547,榮大塑膠股份有限公司,臺中市大甲區重義三路26巷49號,1000000,1080805
6237,45194369,真山水園林工具有限公司,臺中市神岡區社南里昌平路五段379號2樓,300000,1080809
6238,45195254,群錩國際旅行社有限公司,臺中市豐原區豐原大道七段66號1樓,10000000,1080805
6239,45195521,振茂旅行社有限公司,臺中市大里區東湖里東南路161巷12弄10號,6000000,1080805
6240,45195584,康華國際管理顧問股份有限公司,臺中市北區賴村里學士路257號10樓,2000000,1080830
6241,45197008,芙樂康股份有限公司,臺中市北區明新里太原路一段532號八樓之1,5000000,1080819
6243,45197963,宜和室內裝修股份有限公司,臺中市大里區夏田里中投西路三段217號,1000000,1080808
6244,45876174,聚美生技有限公司,臺中市豐原區豐西里豐西街77號2樓,26400000,1080820
6245,45876316,昊成精密股份有限公司,臺中市大里區東興路633巷252號1樓,1500000,1080826
6246,45876738,昌宏股份有限公司,臺中市東勢區興隆里東蘭路94之2號,15000000,1080821
6247,45876765,冠麟有限公司,臺中市北區健行里華貴街8號1樓,1000000,1080812
6248,45878686,穎乘有限公司,臺中市北區頂厝里進化北路238號10樓之3,200000,1080815
6249,45879398,鴻瀚國際有限公司,臺中市大里區仁化里仁美路103號,120000000,1080801
6250,45879658,合勝環保設備有限公司,臺中市烏日區北里里太明路6之15號,500000,1080801
6251,45881802,承鋐建設開發有限公司,臺中市北屯區太順三街37號1樓,6000000,1080815
6252,45882268,楷吉科技有限公司,臺中市南屯區向心里向心南路986號1樓,1000000,1080807
6253,45882416,銓威多媒體有限公司,臺中市東區三賢街150號2樓,1000000,1080807
6254,45882725,誠謚國際企業股份有限公司,臺中市梧棲區下寮里中興路503號1樓,50000000,1080820
6255,45882823,長邑聯合有限公司,臺中市中區繼光街39號1樓,5200000,1080826
6256,45883273,奎鼎有限公司,臺中市西區五權七街62號13樓之2,450000,1080826
6257,45883442,力穎資訊網路有限公司,臺中市西區公益里忠明南路237號9樓之4,700000,1080814
6259,45883870,太豪投資有限公司,臺中市西屯區惠來里市政北七路186號16樓,3000000,1080820
6260,45885119,威騰國際車業有限公司,臺中市南區高工南路81之5號,2000000,1080806
6261,45886481,國富投資顧問有限公司,臺中市西區公正里公益路367號14樓之1,1000000,1080812
6262,45886948,午馬有限公司,臺中市西區民龍里臺灣大道二段307號6樓之1,250000,1080802
6263,45887236,誼謙土地開發有限公司,臺中市北屯區水景里東山路一段195之1號1樓,500000,1080819
6264,45888896,豐裕建築經理事業股份有限公司,臺中市中區光復里民族路92號3樓之1,10000000,1080814
6268,45891750,鼎昀創意行銷有限公司,臺中市中區臺灣大道一段319號1樓,200099,1080809
6334,47194745,昶泰交通股份有限公司,臺中市太平區德隆里德隆路101號1樓,8000000,1080807
6353,49675620,德同營造股份有限公司,臺中市龍井區沙田路五段龍目井巷128弄13號1樓,62500000,1080808
6356,49733804,紘洋通運股份有限公司,臺中市大甲區長壽路19之7號1樓,10000000,1080806
6358,49802386,通霄鋼纜股份有限公司,臺中市大甲區日南里東二街20號,24000000,1080802
6448,50777385,台灣卡達諾股份有限公司,臺中市西區臺灣大道二段406號11樓之3,1400000,1080830
6478,50784983,優創工業有限公司,臺中市大里區長興一街2號4樓之2,1000000,1080821
6483,50786413,環亞服務有限公司,臺中市北區中清路一段89號3樓,10000000,1080828
6531,50801809,裕豐泰有限公司,臺中市北區頂厝里進化北路238號10樓之3,6000000,1080819
6553,50810949,翔旺顧問有限公司,臺中市西區臺灣大道二段375號7樓之2,1000000,1080829
6554,50811861,台宜健康服務有限公司,臺中市北屯區松安里松竹路二段165號3樓,50000,1080821
6555,50812278,新鉅東有限公司,臺中市南屯區大業路241號3樓之1,4000000,1080823
6556,50812616,晶贊房屋仲介有限公司,臺中市北屯區平陽里崇德路二段295號2樓,1000000,1080821
6557,50813404,麒鎂光電股份有限公司,臺中市大雅區西寶里昌平路四段558巷51弄11號2樓,800000,1080815
6558,50814255,芫鉅科技有限公司,臺中市西區忠誠里臺灣大道二段573號4樓,500000,1080805
6559,50814276,灝凌科技有限公司,臺中市南屯區東興路一段678號2樓,2800000,1080813
6560,50814712,草悟道生活有限公司,臺中市西區忠誠里大隆路20號4樓之2,60000000,1080801
6561,50814728,壹生科技股份有限公司,臺中市北區賴興里文昌東一街16號1樓,5500000,1080828
6562,50815310,臺灣風能訓練股份有限公司,臺中市梧棲區下寮里築港路100號,100000000,1080806
6563,50815373,晉陽投資股份有限公司,臺中市南區忠明南路789號41樓,53000000,1080812
6564,50815521,駿瑪貿易有限公司,臺中市大里區祥興里大智路768之1號1樓,3000000,1080802
6565,50815682,和展傳動工業有限公司,臺中市烏日區興祥街188巷13號1樓,6000000,1080816
6566,50816514,綠宜有限公司,臺中市潭子區興華一路485號,3000000,1080822
6567,50816541,承藝國際有限公司,臺中市北區長青里陜西東一街18號,1000000,1080813
6568,50818288,蓁廣不動產開發有限公司,臺中市北屯區松竹里松竹路三段111號1樓,1000000,1080808
6569,50818338,鎂德機械股份有限公司,臺中市太平區永隆里光興路412號1樓,3515000,1080816
6570,50818365,豐圓環保有限公司,臺中市北區崇德路一段190號1樓,100000,1080815
6571,50819049,力加利有限公司,臺中市西屯區大墩二十街118號5樓之1,200000,1080806
6572,50819738,龍聚不動產有限公司,臺中市北區錦平里中華路二段177號1樓至2樓、179號1樓至2樓,1000000,1080820
6573,50820340,沐光寓設計有限公司,臺中市潭子區頭家里得才街130號,2000000,1080814
6575,50821100,尚道投資有限公司,臺中市南區崇倫里三民西路335號15樓,18000000,1080809
6576,50821158,毅起國際有限公司,臺中市中區成功路168號2樓,1000000,1080805
6577,50821312,技力科技有限公司,臺中市北區新北里錦南街7號6樓,100000,1080826
6578,50822261,速樂活國際有限公司,臺中市大雅區四德里中山路223巷10號,5000000,1080828
6579,50822558,沃頓科技有限公司,臺中市大里區新里里永隆二街105號1樓,2000000,1080826
6580,50822585,詠新五金有限公司,臺中市北屯區昌平路一段105號1樓,4000000,1080819
6581,50822902,弘邑興業有限公司,臺中市太平區光興路1321號1樓,500000,1080820
6582,50823304,春宸有限公司,臺中市南屯區文心路一段186號16樓之11,600000,1080814
6583,50823450,政成國際股份有限公司,臺中市烏日區北里里太明路53巷6號1樓,2000000,1080806
6584,50823590,跳跳股份有限公司,臺中市南屯區同心里大墩西一街11號4樓之8,61000,1080823
6585,50823872,品川數位科技有限公司,臺中市大里區愛心一街24巷3號1樓,300000,1080809
6586,50823970,中租聯和有限公司,臺中市東區旱溪東路一段205號1樓,750000,1080801
6587,50824922,桓暘投資有限公司,臺中市太平區東和里東平路58巷1號,13000000,1080822
6588,50824937,茗匠建設有限公司,臺中市北區錦祥里進化路575號八樓之3,3500000,1080801
6589,50825507,洲際不動產經紀有限公司,臺中市北屯區松竹路三段391號,2000000,1080813
6590,50826061,東信科技有限公司,臺中市大里區東興里國光路二段702之5號,4000000,1080828
6591,50826169,禾田餐飲有限公司,臺中市南屯區公益路二段933號,3000000,1080801
6592,50826647,凱利國際有限公司,臺中市北區賴興里文心路四段200號3樓之1,100000,1080828
6593,50826668,十分股份有限公司,臺中市西區公民里自治街91號2樓,3000000,1080826
6594,50827104,慧雲創客有限公司,臺中市南區新榮里16鄰學府路189號9樓之1,100000,1080801
6595,50828011,影響力管理顧問有限公司,臺中市北區頂厝里進化北路238號11樓之4,2150000,1080819
6596,50828639,恩茂工程有限公司,臺中市大里區塗城路368巷7號1樓,300000,1080812
6597,50828671,紘岡有限公司,臺中市大肚區中蔗路2巷3弄5號1樓,200000,1080828
6598,50829291,台灣富氫環保能源科技股份有限公司,臺中市南屯區田心里大墩四街400巷18號,9000000,1080821
6599,50829709,穩好國際有限公司,臺中市北屯區四平路417巷28號,6000000,1080812
6600,50829834,凱德利斯特國際有限公司,臺中市南屯區寶山里忠勇路105之18號14樓,5000000,1080827
6601,50830419,偉瑞教育事業有限公司,臺中市太平區樹德一街13巷41號,300000,1080828
6604,50831120,毛毛樂事業有限公司,臺中市南屯區田心里大墩六街380號1樓,4100000,1080807
6605,50831249,政宏國際有限公司,臺中市清水區武鹿里五權南一街98號1樓,500000,1080814
6606,50832269,欣群貿易有限公司,臺中市西區公民里五權路2之112號11樓,250000,1080806
6607,50832508,國際奧林匹亞有限公司,臺中市西區民龍里臺灣大道二段186號8樓之2,1000000,1080801
6608,50832556,愛瘋券有限公司,臺中市西區忠明里健行路1037號1樓,8000000,1080801
6609,50832562,英特諾科技有限公司,臺中市南屯區同心里南屯路二段290號12樓之2,500000,1080813
6610,50832660,仁山智水藝術文化股份有限公司,臺中市西區吉龍里五權西四街13巷13號1樓,9200000,1080814
6611,50832789,初日軒宇生醫科技有限公司,臺中市南屯區向心里永春東路357號3樓之1,500000,1080819
6612,50832818,旺來家品有限公司,臺中市北區錦祥里北屯路26號,100000,1080816
6613,50832922,寶士達國際貿易有限公司,臺中市西屯區何成里文心路二段566之1號3樓之1,5000000,1080819
6614,50833154,艾緹娜國際有限公司,臺中市南屯區溝墘里大業路241號3樓之1,200000,1080806
6615,50833507,安烽消防器材有限公司,臺中市豐原區南田里南田街145號,200000,1080829
6616,50833611,勇健科技有限公司,臺中市沙鹿區興仁里沙田路48號之25,6000000,1080808
6617,50834007,盛豐消防工程有限公司,臺中市南屯區文心路一段186號5樓之4,500000,1080828
6618,50834034,金東方企業有限公司,臺中市西屯區市政路500號6樓之2,5000000,1080808
6619,50834365,海灣投資股份有限公司,臺中市西區大和路22號3樓,100000000,1080806
6620,50834793,新緯杰有限公司,臺中市太平區宜佳里宜昌路271號2樓,1000000,1080801
6621,50835287,華典國際有限公司,臺中市南屯區溝墘里大業路241號3樓之1,2000000,1080827
6622,50835483,邁麟生醫科技有限公司,臺中市北區健行里民權路557號3樓,500000,1080812
6624,50835998,福松工業有限公司,臺中市太平區永豐路18巷9號,1000000,1080807
6625,50836151,海德國際實業股份有限公司,臺中市西屯區福聯里福瑞街2號1樓,2000000,1080820
6626,50836504,茂直能源股份有限公司,臺中市北屯區平田里文心路四段955號18樓之3,100000,1080815
6627,50837095,明海環保科技股份有限公司,臺中市大里區立仁里好來六街64號1樓,6000000,1080801
6628,50837291,晁岳數位科技有限公司,臺中市西屯區西墩里黎明路三段220巷1號4樓,90000,1080821
6629,50837530,宇泰裝潢工程有限公司,臺中市北屯區廍子里14鄰軍福七路168號11樓之9,3800000,1080806
6630,50837617,寶境人本有限公司,臺中市西屯區潮洋里市政北二路236號21樓之1,1000000,1080812
6632,50838088,宏暘電業股份有限公司,臺中市北屯區平田里文心路四段955號18樓之3,100000,1080815
6633,50838355,名店數位商城有限公司,臺中市南屯區公益路二段429號5樓,50000,1080815
6634,50838377,傑恒投資股份有限公司,臺中市大雅區橫山里中科路1088號2樓,3000000,1080828
6635,50838685,辰溢實業有限公司,臺中市神岡區神洲里大洲路158號2樓,100000,1080819
6636,50839045,一仕有限公司,臺中市西屯區烈美街55巷8號4樓之2,8500000,1080820
6637,50839679,藝連網有限公司,臺中市中區綠川里綠川西街135號12樓之1,2200000,1080802
6638,50840280,亞崙科技股份有限公司,臺中市北屯區陳平里同平巷3號1樓,2000000,1080820
7038,50991619,聯合富達國際有限公司,臺中市北區中達里英才路242號5樓,100000,1080805
7075,51139409,中新電氣工廠股份有限公司,臺中市東區振興里台中路141巷2號,48000000,1080812
7076,51157010,永隆交通事業有限公司,臺中市西區忠明南路182號,12000000,1080807
7077,51188203,北洋汽車交通事業股份有限公司,臺中市北屯區東山路一段140巷17號,3000000,1080822
7078,51206103,永進木器廠股份有限公司,臺中市西區公民里柳川西路二段125號2樓,75000000,1080819
7081,51261702,西部交通事業有限公司,臺中市北屯區東山路一段140巷17號1樓,6000000,1080822
7085,51442937,洽興塑膠廠股份有限公司,臺中市東區十甲路108號,96000000,1080806
7090,51752708,新泰豐工業股份有限公司,臺中市南區福興里永和街128號,7000000,1080816
7091,51811609,彰化商業銀行股份有限公司,臺中市中區自由路2段38號,99853111600,1080820
7092,51817603,台中精機廠股份有限公司,臺中市西屯區臺灣大道4段2088號,2000000000,1080821
7103,52221460,大立交通事業有限公司,臺中市西區林森路86號1樓,6000000,1080828
7104,52224972,怡億交通有限公司,臺中市北屯區三和里東山路一段140巷17號1樓,10000000,1080823
7109,52228920,嘉音股份有限公司,臺中市西屯區工業區六路18號1樓,36000000,1080821
7110,52229744,怡美交通有限公司,臺中市北屯區三和里東山路一段140巷17號1樓,2000000,1080822
7113,52242444,台灣自來水股份有限公司,臺中市北區樂英里14鄰雙十路2段2之1號,147500000000,1080807
7130,52302033,永田源機械工業股份有限公司,臺中市南區工學三街15巷25號1樓,10000000,1080827
7132,52307500,慶鴻機電工業股份有限公司,臺中市南屯區文山里精科一路3號,540386000,1080816
7145,52348495,登田營造股份有限公司,臺中市西區英才路449號2樓,200000000,1080826
7147,52349868,億全交通有限公司,臺中市北屯區三和里東山路一段140巷17號1樓,5000000,1080822
7150,52350772,嘉手實業股份有限公司,臺中市西屯區工業十二路2號,10000000,1080815
7157,52369287,晉明交通股份有限公司,臺中市南區城隍里忠孝路139號2樓,8000000,1080812
7158,52371707,萬宙鞋業股份有限公司,臺中市南區福順里忠明南路787號29樓,40000000,1080814
7160,52375605,美律實業股份有限公司,臺中市南屯區寶山里工業區二十三路22號,2065855240,1080819
7174,52442978,敬統實業股份有限公司,臺中市南屯區工業區21路18號,20000000,1080821
7180,52463071,大坑交通事業有限公司,臺中市北屯區東山路一段140巷17號1樓,6000000,1080823
7194,52483436,怡德交通有限公司,臺中市北屯區東山路一段140巷17號1樓,6850000,1080822
7197,52484982,泰豪鋼鐵股份有限公司,臺中市烏日區光明里五光路913之1號1樓,170720000,1080802
7203,52499893,正五傑機械股份有限公司,臺中市西屯區工業區34路12號1至3樓,100000000,1080815
7220,52541175,雷虎科技股份有限公司,臺中市西屯區協和里工業區六路7號,1094197750,1080805
7237,52565507,三鎂國際有限公司,臺中市西屯區永福路22巷29號,5000000,1080813
7239,52567168,龍熙企業股份有限公司,臺中市大里區新仁里新仁四街11號,38000000,1080802
7251,52579072,和和機械股份有限公司,臺中市南屯區春社里精科東路3號,399862490,1080806
7261,52601004,銓風機械股份有限公司,臺中市南屯區永春路22之16號,20500000,1080807
7275,52615393,磯鑫工業股份有限公司,臺中市西屯區廣福里廣福路352巷82號,295500000,1080821
7286,52635736,智冠工程股份有限公司,臺中市北屯區東光里東山路一段143-10號1樓,15000000,1080814
7293,52648296,東樺鋁業股份有限公司,臺中市大里區樹王里福德路66號,8000000,1080823
7295,52648916,冠發鋼鐵股份有限公司,臺中市南屯區精科東路6號、6-1號、8號,65000000,1080813
7298,52655459,麒賢企業股份有限公司,臺中市北區東成三街198號,8500000,1080806
7301,52660122,建昇彈簧工業有限公司,臺中市大肚區新興街46號1樓,5000000,1080823
7306,52672112,盈泰交通有限公司,臺中市北屯區東山路一段140巷17號,4000000,1080822
7323,52696677,壹加壹國際貿易有限公司,臺中市西屯區文心路三段13之6號,500000,1080828
7326,52701051,集把人網路行銷股份有限公司,臺中市西屯區何南里大墩20街99號5樓,6025000,1080827
7334,52712677,大輝鋁業股份有限公司,臺中市南屯區忠勇路103號1樓,13000000,1080826
7335,52714680,羽閎股份有限公司,臺中市北屯區舊社里長富街356號1樓,5000000,1080808
7346,52726308,向國實業股份有限公司,臺中市北屯區仁美里崇德九路502號1樓,50000000,1080807
7353,52756034,光纖電腦科技股份有限公司,臺中市南屯區寶山里工業區二十路16號,20000000,1080805
7354,52758764,峰星投資股份有限公司,臺中市南區美村路二段341號1樓,17340000,1080807
7375,52816862,茂異實業股份有限公司,臺中市大里區西湖里8鄰西湖路187巷10號,18000000,1080801
7397,52866193,贊成機電股份有限公司,臺中市烏日區前竹里仁義街35巷2弄2號,1000000,1080828
7405,52873856,金梅堂國際股份有限公司,臺中市西屯區協和里工業區31路16號,98000000,1080816
7406,52877760,恆昭企業股份有限公司,臺中市西屯區福科路699號,30000000,1080816
7418,52900039,北宏企業有限公司,臺中市南區樹義里工學北路396號1樓,15000000,1080821
7425,52907899,躍達鐵工廠股份有限公司,臺中市南區江川里永南街37號1樓,5000000,1080821
7429,52921718,統全樹脂化工廠股份有限公司,臺中市南屯區工業區18路10號,12000000,1080808
7430,52928944,通勁有限公司,臺中市太平區大興三街76號1樓,10000000,1080801
7431,52936043,千應工程企業股份有限公司,臺中市北區五權路216號12樓之1,2000000,1080826
7436,52947647,怡鎂交通事業股份有限公司,臺中市北屯區三光里東山路一段140巷17號1樓,3000000,1080828
7455,53021927,英屬維京群島商敏捷國際股份有限公司,臺中市南屯區市政路500號29號之1,20000000,1080808
7463,53033536,居甫室內裝修工程有限公司,臺中市西屯區何仁里天水中街2號,100000,1080801
7465,53035372,力洲工業股份有限公司,臺中市太平區中山路一段162巷30弄16號2樓,15000000,1080820
7466,53035598,和特園藝科技有限公司,臺中市烏日區烏日里公園路322巷10號1樓,3000000,1080819
7470,53038531,鈺永股份有限公司,臺中市西屯區臺灣大道4段1040號2樓,620520000,1080820
7472,53041521,期崧有限公司,臺中市西區忠誠里忠明路74巷1弄6號3樓,1000000,1080820
7477,53049713,凱文光電科技有限公司,臺中市大雅區四德里學府路103號2樓,8000000,1080829
7479,53050979,日寶營造有限公司,臺中市南屯區永定里益昌三街100號3樓,3600000,1080828
7480,53053188,仁鉅有限公司,臺中市西屯區上德里青海路二段153號9樓之1,200000,1080806
7485,53056452,東方美建設股份有限公司,臺中市大里區大里路182號1樓,1000000,1080827
7491,53063242,合豐實業有限公司,臺中市北區文昌東二街15號2樓,10000000,1080817
7492,53066199,曼特寧有限公司,臺中市西區公民里金山路10號5樓之5,1000000,1080807
7493,53066347,好修科技股份有限公司,臺中市大肚區華山路380號,120000000,1080827
7498,53068823,泰準實業有限公司,臺中市西屯區福安九街21巷8號1樓,500000,1080809
7499,53077007,艾麗慕禾股份有限公司,臺中市西屯區協和里工業區32路68號3樓,3300000,1080809
7520,53095336,辰漮國際有限公司,臺中市西區三民西路85號9樓之2,120000,1080805
7521,53095390,歐比優國際顧問有限公司,臺中市西屯區大河里大河街60巷17號1樓,8000000,1080809
7566,53132114,稼璟系統櫥櫃有限公司,臺中市南區樹德里德鑫街22號1樓,1000000,1080801
7576,53141824,瑪琪亞朵股份有限公司,臺中市西屯區工業區九路10號1樓,28308949,1080827
7577,53143463,富鼎鑫實業有限公司,臺中市北屯區水景里東山路一段192之9號1樓,2000000,1080822
7581,53146953,甲翌開發事業有限公司,臺中市西屯區大河里文心路三段167之7號10樓,50000000,1080802
7586,53150463,兩串蕉文創事業有限公司,臺中市南屯區龍富15路88號,5000000,1080816
7588,53150914,永達利科技股份有限公司,臺中市南屯區春社里精科中一路11號,29850000,1080806
7598,53161882,邁思科電子股份有限公司,臺中市西屯區中港路3段108-6號7樓-2,5100000,1080820
7600,53163039,開祥國際有限公司,臺中市沙鹿區鹿寮里光華路336號,2000000,1080814
7604,53166090,威美室內裝修設計工程有限公司,臺中市沙鹿區埔子里正義路220巷20號1樓,10000000,1080823
7605,53166916,旭發興業有限公司,臺中市潭子區復興路一段50巷57號1樓,2000000,1080830
7607,53169505,聚億國際有限公司,臺中市北屯區平福里崇德路二段256號19樓,2000000,1080813
7608,53169744,蒼松科技有限公司,臺中市西屯區大河里河南路二段40之8號14樓之1,2000000,1080826
7611,53173402,盟豪照明企業有限公司,臺中市北屯區平順里大連路三段10號5樓之1,300000,1080826
7613,53173846,科云生醫科技股份有限公司,臺中市南屯區文山里精科七路13號2樓,104663820,1080827
7697,53258112,永和成建設股份有限公司,臺中市西區民權路185號6樓之12,500000,1080821
7698,53260270,禾康國際整合行銷股份有限公司,臺中市北區中清路一段89號12樓之11,1000000,1080805
7701,53262185,昂峰建設股份有限公司,臺中市西區大忠里五權西路1段257號14樓之1,60000000,1080823
7702,53263282,太合國際股份有限公司,臺中市西區公益路132號7樓,11000000,1080827
7706,53267196,曄鋒企業有限公司,臺中市西屯區朝富路170號3樓,1000000,1080826
7712,53270642,創界科技有限公司,臺中市西屯區惠來里市政路386號13樓之2,1837000,1080829
7716,53277238,金利興機械有限公司,臺中市大雅區二和里雅潭路四段370巷99號,1500000,1080809
7718,53280775,東林國際生活事業有限公司,臺中市大里區新里里愛心路110巷5號3樓,2100000,1080812
7721,53281606,顯新食品有限公司,臺中市龍井區龍津里臨港路一段358巷70號,4400000,1080819
7726,53284694,明治實業股份有限公司,臺中市豐原區鎌村里鎌村路465巷34號,20000000,1080801
7728,53287806,型密機械工程股份有限公司,臺中市神岡區圳前里圳前路59之1號,9000000,1080822
7729,53288410,裕誠精密有限公司,臺中市大里區善化路166巷73號,5000000,1080821
7731,53288782,玉禧投資股份有限公司,臺中市西屯區臺灣大道二段910號5樓之7,135800000,1080805
7734,53293997,捷映科技工業股份有限公司,臺中市大里區健民里仁化工五路18號,29000000,1080815
7739,53297728,元鉅建設有限公司,臺中市西屯區逢甲里西屯路二段256巷6號7樓之8,30000000,1080827
7744,53302671,台灣日電產新寶股份有限公司,臺中市西屯區臺灣大道四段925號14樓之1,6000000,1080819
7746,53303340,聽友實業有限公司,臺中市北區賴旺里中清路一段860號1樓,2389000,1080815
7753,53308020,鎮舜實業有限公司,臺中市太平區德利路117號,2700000,1080809
7775,53320093,煜笙國際事業有限公司,臺中市北區忠明二街41之1號3樓,5000000,1080813
7785,53330655,益聯實業股份有限公司,臺中市清水區海濱里北一路11號,1400000000,1080822
7825,53366800,宗愷通運有限公司,臺中市梧棲區興農里中華路一段762巷5號1樓,25000000,1080812
7826,53368096,理南投資股份有限公司,臺中市南屯區東興路二段14號1樓,4600000,1080805
7827,53368510,良益營造股份有限公司,臺中市大里區環中東路六段358號,100000000,1080814
7828,53369335,八琥桐事業有限公司,臺中市大里區永隆一街230巷18號,1000000,1080807
7831,53370229,益源事業股份有限公司,臺中市南屯區黎明里干城街283號3樓,3400000,1080809
7833,53370902,威灝有限公司,臺中市沙鹿區成功東街45號2樓,2000000,1080801
7837,53373605,翔鼎建設有限公司,臺中市大安區西安里東西七路二段40號1樓,15000000,1080826
7839,53374626,聯亭餐飲有限公司,臺中市西區公正里精誠路338號,14000000,1080822
7845,53380134,北屯路加油站有限公司,臺中市北區金龍里北屯路39號,5000000,1080821
7846,53381274,大順瀝青股份有限公司,臺中市清水區南社里信義三街32號1樓,60000000,1080828
7849,53383998,茂全機械科技有限公司,臺中市潭子區栗林里中山路三段493巷23弄95號1樓,2000000,1080802
7852,53386637,科森複合材料股份有限公司,臺中市大雅區東大路二段966巷3號1樓,209400000,1080813
7853,53391553,藍圖實業有限公司,臺中市北區中清路一段679號3樓,500000,1080813
7859,53394566,松杰科技有限公司,臺中市潭子區家福里得天南街37巷37號1樓,100000,1080814
7860,53394849,博士蛋國際股份有限公司,臺中市西屯區上德里青海路二段175號8樓之12,3500000,1080801
7862,53396184,珂技切削刀具有限公司,臺中市神岡區三角里三和路189號,1000000,1080814
7864,53399252,大道公社紅運青龍山漕運興武六國際貿易有限公司,臺中市北區錦祥里育樂街3號1樓,800000,1080827
7866,53402550,後憲保全股份有限公司,臺中市北區忠明路432號6樓之2,40000000,1080802
7867,53402762,瑩聖消防工程有限公司,臺中市大雅區大雅里雅環路二段85巷19之1號1樓,2000000,1080826
7869,53406248,范特喜微創文化股份有限公司,臺中市西區中興一巷19號,81772540,1080802
7870,53406726,久裕漁具有限公司,臺中市大里區仁化里工業十四路12號,6000000,1080815
7872,53407605,利暘工業股份有限公司,臺中市大雅區西寶里昌平路四段558巷51弄11號1樓,17500000,1080812
7875,53408029,翊鈞工業有限公司,臺中市清水區南社里中正北街70號1樓,2000000,1080829
7876,53408301,大恆光電科技股份有限公司,臺中市東勢區廣興里中山路2號1樓之2,2000000,1080823
7931,53471633,騎安車業股份有限公司,臺中市西屯區福安里西屯路三段79之25號,10000000,1080829
7934,53475498,金益平面研磨科技有限公司,臺中市東區東門里天乙街37巷46號1樓,1000000,1080807
7938,53478734,捷聖物業有限公司,臺中市北屯區平德里綏遠路二段18號3樓,50000,1080808
7940,53480632,勇旭租賃有限公司,臺中市中區綠川里雙十路一段13號1樓,10000000,1080829
7942,53485257,群光雷射科技股份有限公司,臺中市太平區福隆里光興路臨1968號,3500000,1080805
7943,53486306,金振益企業有限公司,臺中市北區明新里太原路一段532號6樓之2,3000000,1080829
7946,53489535,大動力有限公司,臺中市西屯區逢福里河南路二段244號1樓,250000,1080815
7947,53490168,崇恩人本有限公司,臺中市北屯區三光里北屯路289之2號1樓,5000000,1080815
7950,53493215,漢澤寰宇股份有限公司,臺中市北區明新里中清路一段447號7樓之1,20000000,1080805
7955,53497319,建睿精工有限公司,臺中市太平區太平里永豐路永新巷16弄19號1樓,2000000,1080807
7958,53504212,亞建實業有限公司,臺中市西區公平里忠明南路116號6樓之8,5000000,1080830
7960,53504613,鑫大埔生技實業股份有限公司,臺中市大甲區文武里三民路221號1樓,8000000,1080821
7961,53505471,多益禧實業有限公司,臺中市南屯區大墩四街321號地下1層,6400000,1080828
7964,53507203,元宏環保有限公司,臺中市西區民權路217巷5號,5000000,1080808
7965,53508580,昶德科技股份有限公司,臺中市潭子區聚興里興豐山莊42號1樓,10000000,1080801
7966,53508913,東典資訊有限公司,臺中市西屯區文心路3段241號10樓之6,300000,1080816
7971,53515610,迪爾奧美有限公司,臺中市西屯區四川東街69號6樓之4,1000000,1080814
7974,53518932,綠珖環保科技有限公司,臺中市北區明德里忠明路211號7樓之4,5000000,1080816
7991,53531766,群智開發投資股份有限公司,臺中市西區中興街92號1樓,85000000,1080826
8075,53599879,上億國際旅行社股份有限公司,臺中市北區淡溝里博館路88號5樓之2,8000000,1080808
8093,53617779,寶泰國際事業股份有限公司,臺中市北區文心路四段208之1號13樓之1,10000000,1080828
8094,53617790,宏麗實業有限公司,臺中市北區崇德路一段579號7樓之1、10樓之2,11000000,1080828
8096,53619002,三泰重機械有限公司,臺中市豐原區南田里富翁街140號2樓,2000000,1080826
8099,53620578,聯煌實業有限公司,臺中市清水區海風里和睦路一段1025號,500000,1080809
8105,53625525,貝柔國際有限公司,臺中市北屯區東山路一段210巷9號1樓,2000000,1080829
8106,53628207,遠信保全股份有限公司,臺中市西區公正里大進街208號1樓,40000000,1080812
8107,53630288,天啟投資有限公司,臺中市北區太平路42之1號2樓,60000000,1080821
8110,53631701,宥盛機械有限公司,臺中市大里區夏田里夏元路12號,2000000,1080802
8111,53632053,德芳汽車有限公司,臺中市大里區德芳路三段38號,2000000,1080829
8113,53632574,耘家企業有限公司,臺中市西屯區惠來里惠中路二段52號1樓,3200000,1080807
8117,53634192,凡想有限公司,臺中市北區忠太東路85巷8號2樓之11,600000,1080808
8120,53637938,艾爾文企業有限公司,臺中市西屯區西墩里環中路二段1061號1樓,6000000,1080808
8123,53639491,詠鈦企業有限公司,臺中市南區南門里忠明南路1203號4樓,100000,1080823
8124,53639725,太極房屋仲介有限公司,臺中市北屯區崇德路二段293號1樓,1000000,1080821
8127,53642952,盈碩印刷企業有限公司,臺中市烏日區九德里中華路203巷3弄2號1樓,1000000,1080823
8129,53645108,央昇水電綠能有限公司,臺中市西屯區逢福里福上巷253-3號,10000000,1080808
8131,53646583,仕承開發有限公司,臺中市沙鹿區竹林里中山路53巷32-51號2樓,300000,1080813
8132,53648674,鼎盛橡膠有限公司,臺中市北屯區同榮路260巷16號1樓,500000,1080821
8148,53676122,英屬維京群島商瑞原股份有限公司,臺中市神岡區社口里中山路928號2樓,800000,1080815
8185,53717931,造宣工程有限公司,臺中市北屯區平安里崇德路二段128號12樓之3,1000000,1080805
8229,53751509,宏凱有限公司,臺中市北屯區文心路四段233號,2000000,1080823
8268,53779773,鑫聯亭餐飲有限公司,臺中市西屯區西平里福星北路7號1樓,1000000,1080815
8272,53782480,美諾華印刷科技有限公司,臺中市南屯區三厝里黎明東街160之15號1樓,1500000,1080820
8278,53788288,豐台生技國際有限公司,臺中市北區賴村里學士路257號7樓,5000000,1080823
8279,53789667,日盛餐飲設備有限公司,臺中市北區新興里精武路243-3號1樓,2000000,1080813
8281,53791517,億萬邦管理顧問有限公司,臺中市西屯區西平里逢甲路22號1樓,1000000,1080822
8282,53791609,天洋天有限公司,臺中市西屯區至善里至善路121巷12號1樓,1000000,1080827
8288,53795226,欣新禾生物科技有限公司,臺中市北屯區中清路154巷36弄9號1樓,300000,1080809
8293,53803154,喬凱有限公司,臺中市烏日區太明路成豐巷75號1樓,5000000,1080813
8299,53809185,露琺意股份有限公司,臺中市西屯區朝富路213號12樓之9,1000000,1080813
8302,53813287,伊麗莎白物業管理顧問股份有限公司,臺中市西區忠明里中美街471號1-9樓,29500000,1080820
8312,53823588,惟惟有限公司,臺中市中區自由路2段129-11號1樓,250000,1080820
8314,53826570,鉉鈦實業有限公司,臺中市南區平和里美村路二段406號1樓,300000,1080830
8319,53827705,廣聯鋼瓶股份有限公司,臺中市烏日區溪尾里溪岸路9-2號,3000000,1080805
8321,53829181,永塑工程有限公司,臺中市南屯區惠中里大川街50之5號2樓,1000000,1080815
8323,53830574,中興小客車租賃有限公司,臺中市南區城隍里建成路1114號,10000000,1080809
8324,53831573,築觀工程有限公司,臺中市東區東門里六順路131巷7號1樓,1000000,1080801
8325,53832257,佑訊有限公司,臺中市北屯區環中路一段1032巷69號,2000000,1080801
8326,53832432,亞威精密工業有限公司,臺中市大里區鳳凰路164巷57之8號,5000000,1080822
8332,53837696,百歐生命科技股份有限公司,臺中市南屯區益豐路三段357號5樓,17000000,1080807
8333,53838870,超晟國際文教股份有限公司,臺中市西區台中港路一段345號4樓之2,3000000,1080801
8341,53843563,和忠工程有限公司,臺中市豐原區東陽里東陽路188號,800000,1080828
8344,53846153,俊美貿易有限公司,臺中市西屯區福雅里台中港路3段世斌1巷21弄33號,1000000,1080805
8348,53852160,上群企管顧問有限公司,臺中市霧峰區樹仁路121巷2號10樓之7,1000000,1080802
8353,53856665,優利股份有限公司,臺中市大里區樹王里東興路364號1樓,1000000,1080807
8360,53861365,力園室內裝修科技有限公司,臺中市西屯區寧夏路195之3號,1000000,1080806
8363,53863032,灃泉土木包工有限公司,臺中市西屯區大墩十八街183號2樓之2,10000000,1080808
8364,53865340,瓦諾數位創意股份有限公司,臺中市南屯區南屯里五權西路二段666號十樓之3之2,12000000,1080815
8365,53865361,康舒蓉企業股份有限公司,臺中市北區南京東路二段104號1樓,5000000,1080815
8366,53866517,茂峰科技有限公司,臺中市大里區光正路209巷26號1樓,1000000,1080805
8367,53866523,一定紅有限公司,臺中市南區忠明南路1297號,680000,1080815
8372,53872095,上豐鉅工業有限公司,臺中市潭子區東寶里大豐路二段151巷27號1樓,100000,1080826
8375,53872665,精典建設股份有限公司,臺中市西區忠誠里華美西街一段85號5樓之2,33000000,1080815
8377,53875564,大果股份有限公司,臺中市西區大忠街33號地下一層,5000000,1080827
8379,53875972,金合工業股份有限公司,臺中市南區樹德里大慶街二段49之60號,20000000,1080808
8382,53877991,奕達投資股份有限公司,臺中市大里區新里里樹王路25巷8弄7號2樓,6000000,1080815
8384,53878204,謙億國際有限公司,臺中市大里區大元里國光路一段23號2樓,8800000,1080808
8461,53938940,象鼻人日系有限公司,臺中市西屯區港尾里環中路二段696之8號,10100000,1080827
8489,53958327,宜農興業股份有限公司,臺中市神岡區社南里中山路667巷62弄2之10號1樓,10000000,1080808
8490,53959310,昂峰開發股份有限公司,臺中市西區五權西路一段257號14樓之1,20000000,1080823
8492,53960668,郁昕工程有限公司,臺中市太平區建成街350巷12號1樓,1680000,1080801
8496,53966712,晨澤有限公司,臺中市豐原區陽明里府前街69號6樓之1,10500000,1080808
8501,53968985,哈利路亞國際資訊有限公司,臺中市南區美村路2段168巷1號12樓之2,250000,1080812
8502,53969437,雅筑工程設計有限公司,臺中市北屯區廍子里太祥路262號,3200000,1080823
8504,53969696,尚威國際開發股份有限公司,臺中市西屯區上德里臺灣大道三段376巷1號1樓,75000000,1080829
8507,53973360,凱德科技顧問股份有限公司,臺中市西屯區潮洋里朝富路213號24樓之5,3000000,1080819
8508,53973896,昌旺汽材工業股份有限公司,臺中市龍井區海尾路278巷31弄6號,160000000,1080806
8509,53978864,鼎采營造有限公司,臺中市大甲區順天路249號5樓,3000000,1080812
8510,53979929,永立實業有限公司,臺中市西屯區龍門路102號1樓,11000000,1080827
8516,53982451,沅晨科技有限公司,臺中市大雅區六寶里中清路四段690號,10000,1080821
8517,53983769,榮曜科技有限公司,臺中市西區五權一街146號1樓,3600000,1080819
8522,53986920,宇博數控股份有限公司,臺中市西屯區協和里工業區三八路78號1樓,10000000,1080802
8530,53991748,元真室內裝修設計有限公司,臺中市西區平和里中華路一段1之1號2樓之59,800000,1080821
8531,53992394,東楠文教事業有限公司,臺中市北屯區太順路62號10樓之2,200000,1080822
8532,53992845,正樺科技有限公司,臺中市北區健行里民權路559號3樓之1,500000,1080829
8533,53995076,建亨建設有限公司,臺中市東勢區福隆里福昌街56巷2號1樓,12250000,1080828
8535,53995913,萬商開發實業有限公司,臺中市北屯區崇德九路369號13樓之6,28000000,1080828
8538,53998587,珈美有限公司,臺中市西區後龍里福龍街15號2樓,1000000,1080807
8542,54000409,承易懋企業有限公司,臺中市北屯區長生一街1號4樓之1,2000000,1080806
8547,54003638,慶耀工程股份有限公司,臺中市南屯區豐樂里文心南三路663號5樓,90561120,1080815
8550,54006656,弘大工程股份有限公司,臺中市太平區新坪里建和路一段22巷26號1樓,10000000,1080820
8563,54018317,宜傑利投資有限公司,臺中市北屯區平田里文心路四段955號12樓之1,4600000,1080806
8578,54030451,一騏發興業股份有限公司,臺中市清水區菁埔路105號1樓,29000000,1080814
8582,54032227,采遠實業有限公司,臺中市大里區成功路98號1樓,1340000,1080820
8652,54089585,富瑞昇實業股份有限公司,臺中市北屯區后庄里敦化路一段598號16樓之3,58000000,1080812
8653,54090577,菁饌生技股份有限公司,臺中市豐原區三村里豐原大道一段643號1樓,15000000,1080828
8654,54090696,同信國際工程有限公司,臺中市南屯區三和里公益路二段500號7樓之8,30000000,1080828
8655,54091040,鉅擎創意文化有限公司,臺中市東區建德街94號1樓,1000000,1080830
8657,54092603,冠瑞儀器有限公司,臺中市霧峰區萬豐里中正路264巷43弄9號1樓,1000000,1080821
8659,54093666,亞洲牛樟生技開發有限公司,臺中市西屯區港尾里中康街118號1樓,1000000,1080827
8661,54096045,亞柏織品有限公司,臺中市南屯區向上路三段363號13樓,2000000,1080816
8664,54098775,億昇生物科技有限公司,臺中市南區平和里南平路140號2樓,5000000,1080820
8668,54101151,銓聖不動產有限公司,臺中市太平區新吉里中山路三段72號1樓,600000,1080827
8670,54102665,隆業工程有限公司,臺中市西區公民里忠勤街8號,50000,1080821
8671,54103947,綠色大帝股份有限公司,臺中市西屯區惠來里市政北七路167號1樓,73000000,1080827
8675,54106753,軒揚工業股份有限公司,臺中市大甲區西岐里順帆十一街82號,1000000,1080813
8678,54108393,英特塑膠股份有限公司,臺中市沙鹿區中山路61巷46號2樓,5000000,1080828
8683,54111030,東龍建設股份有限公司,臺中市西區英才路530號9樓之2,100000000,1080812
8686,54112636,超維汽車實業有限公司,臺中市南屯區環中路三段1170號1樓,15000000,1080801
8692,54117230,毛傢伙數位科技有限公司,臺中市豐原區中興里大明路196巷35號,1000000,1080827
8698,54121488,沅碁光電股份有限公司,臺中市中區民權路102號8樓之7,50000000,1080812
8699,54121522,華府通運股份有限公司,臺中市西區公益路367號10樓之2,50000000,1080806
8700,54121733,詠隆精密工業有限公司,臺中市神岡區豐洲里豐洲路499之3號,5000000,1080828
8704,54126667,金錦銘投資股份有限公司,臺中市西區臺灣大道二段536號8樓之1,13000000,1080813
8713,54135482,宜園建設股份有限公司,臺中市北區賴興里文心路四段212號10樓之2,23000000,1080826
8714,54135856,華揚建設有限公司,臺中市南屯區豐富路299巷20號2樓,30000000,1080826
8715,54136222,臣興企業有限公司,臺中市西屯區市政路561號3樓、563號1樓、563號2樓、563號3樓、565號1樓、567號1樓,50000000,1080805
8716,54136497,台灣羅佳科技有限公司,臺中市神岡區大漢街147巷32號1樓,507660,1080829
8717,54137664,瀚昇貿易有限公司,臺中市北屯區松安里崇德六路一段31巷36號1樓,3000000,1080807
8719,54138087,全虹電化學股份有限公司,臺中市南區仁和路121巷2號4樓之3,10000000,1080806
8720,54138848,均偉機械有限公司,臺中市神岡區溪洲里民權路32之3號1樓,5000000,1080821
8747,54165751,干緯國際實業股份有限公司,臺中市西屯區何厝東二街23號8樓之5,30000000,1080822
8785,54193692,繫情事業股份有限公司,臺中市北區崇德里北興街121號2樓,4200000,1080823
8795,54202046,丞順有限公司,臺中市北屯區東山路二段250巷8弄29號1樓,3000000,1080805
8817,54219378,康洲教育顧問有限公司,臺中市南屯區文心路一段378號16樓之1,500000,1080801
8818,54222042,廠星科技股份有限公司,臺中市北區錦洲里16鄰進化路422號1樓,2300000,1080801
8825,54227953,阿釩達實業有限公司,臺中市豐原區社皮里大豐路五段21號,2000000,1080815
8831,54233929,裕洋聯運股份有限公司,臺中市北區博館路89號6樓之1,10000000,1080828
8832,54233940,冠美開發股份有限公司,臺中市北區頂厝里崇德路一段631號9樓之3,10500000,1080826
8837,54238706,銓鴻建設股份有限公司,臺中市北屯區和平里和福路12號1樓,17000000,1080829
8839,54243476,寬廣股份有限公司,臺中市西區忠明里美村路一段22號1樓、4樓之1至4樓之104、5樓之1至5樓之104,100000000,1080808
8842,54245066,誠蹊廣告企劃有限公司,臺中市北屯區建和路一段99號4樓之1,500000,1080813
8843,54246023,貝銳數位行銷有限公司,臺中市南屯區同心里南屯路二段258之1號5樓,2000000,1080805
8847,54250551,弘乙企業有限公司,臺中市北屯區中清路二段741號1樓,300000,1080803
8854,54254000,泓樹開發建設有限公司,臺中市北屯區平安里崇德路二段130號15樓,25000000,1080812
8855,54254183,賓悍實業有限公司,臺中市北區賴興里文心路四段208之1號7樓之2,200000,1080821
8858,54258218,中揚光電股份有限公司,臺中市南屯區寶山里工業區22路21號,683995020,1080828
8861,54260137,晉鼎煜國際股份有限公司,臺中市潭子區栗林里豐栗路63巷19號,20000000,1080814
8862,54260235,翰圻工程有限公司,臺中市烏日區仁德里中山路一段369巷12號1樓,1000000,1080801
8863,54260278,興昂國際貿易有限公司,臺中市西屯區潮洋里朝富路213號16樓之9,1000000,1080813
8866,54261797,寬合建設股份有限公司,臺中市南區西川里三民西路238之3號1樓,10000000,1080827
8871,54268623,米成工程有限公司,臺中市南區樹義里樹義二街27號1樓,2000000,1080802
8913,54302410,圃菘實業有限公司,臺中市大里區內新里內新街15之22號8樓,500000,1080813
8933,54320711,聚合發資產管理股份有限公司,臺中市烏日區溫泉路7-1號1樓,52000000,1080807
8950,54327968,雲門益生科技有限公司,臺中市龍井區東海里遠東街28號2樓,900000,1080814
9053,54397921,香港商貝爾體育用品(亞洲)有限公司,臺中市南屯區東興路二段186號地下1層,0,1080828
9055,54501591,可達股份有限公司,臺中市潭子區大豐里大豐路三段86號,10000000,1080802
9084,54527430,兆泉環保科技有限公司,臺中市西屯區朝馬六街60之3號1樓,29000000,1080801
9128,54555717,天偉健康工學有限公司,臺中市西屯區至善里西屯路二段295之3號1樓,160000,1080823
9170,54579210,朝森國際有限公司,臺中市西屯區惠來里西屯路二段208巷10弄15號1樓,1000000,1080812
9172,54581270,冠昱國際財務管理顧問有限公司,臺中市北屯區平心里安順四街18號4樓,1050000,1080812
9173,54581898,鼎鑫冷凍肉品有限公司,臺中市清水區五權東路160號1樓,1500000,1080806
9174,54582046,可麗亞洲通商有限公司,臺中市北區賴厝里山西路一段69號4樓之2,300000,1080801
9175,54583376,馥格堡股份有限公司,臺中市西區忠明里美村路一段22號1樓、3樓,50000000,1080808
9176,54583559,迪爾國際有限公司,臺中市西屯區福林里福科路561號2、3、4樓,3000000,1080806
9177,54583729,能律機械股份有限公司,臺中市西屯區逢甲里西屯路2段256巷6號14樓之10,20000000,1080807
9178,54584001,橙意空間概念設計有限公司,臺中市南區西川一路147號1樓,1000000,1080814
9179,54584749,宏宸能源科技有限公司,臺中市烏日區九德里長春街496巷10號1樓,100000,1080821
9180,54587979,協源生技股份有限公司,臺中市北屯區昌平路一段318號2樓,3000000,1080805
9181,54588885,弘達有限公司,臺中市大里區西湖里草提路233巷32號,100000,1080805
9182,54591848,堃睿實業股份有限公司,臺中市西屯區成都路279號地下一樓之11,25000000,1080819
9183,54592430,大溢國際有限公司,臺中市西屯區何成里文心路二段562-1號3樓之1(310室),2000000,1080808
9184,54592950,勁創工程有限公司,臺中市大里區瓦磘路48號,13000000,1080823
9185,54594562,三合發水電有限公司,臺中市烏日區三和里中山路三段青仔巷18號1樓,5000000,1080807
9187,54594704,生財金屬有限公司,臺中市烏日區長春街172巷31弄20號1樓,1000000,1080805
9188,54595210,弘宇人力仲介有限公司,臺中市潭子區潭陽里中山路二段135號5樓之2,5000000,1080820
9189,54595605,十苑家具有限公司,臺中市北屯區松強里松竹路二段178巷67弄4號1樓,500000,1080813
9190,54595817,光宇材料股份有限公司,臺中市西屯區市政北二路236號9樓之1,769818940,1080815
9191,54596576,寶締營造有限公司,臺中市西屯區大墩二十街116號2樓之2,3000000,1080823
9192,54597054,維諾鏟子有限公司,臺中市西屯區惠來里市政北一路1號3樓,4250000,1080806
9193,54598482,德邑廚房有限公司,臺中市北屯區水景里東山路一段147巷11之1號1樓,1000000,1080802
9194,54599031,瑾觀建設有限公司,臺中市大雅區大林路335號1樓,5000000,1080806
9195,54599692,富川原建設實業股份有限公司,臺中市烏日區仁德里信義街247巷11弄17號,10000000,1080827
9196,54600831,成豐實業有限公司,臺中市烏日區烏日里民族街31號1樓,1300000,1080807
9197,54601108,朝盈建設有限公司,臺中市大甲區庄美里新政路383號1樓,2000000,1080821
9198,54602107,知世創意傳媒有限公司,臺中市北區崇興路二段91號1樓,3000000,1080821
9199,54602232,梅林物業管理顧問有限公司,臺中市北屯區綏遠路二段18號4樓,500000,1080813
9200,54602346,熱戀國際有限公司,臺中市北屯區新平里中平路876號1樓,8000000,1080828
9201,54603204,鼎富銓環保有限公司,臺中市太平區新高里立功路423號1樓,15000000,1080801
9202,54603318,堅瑞企業有限公司,臺中市西屯區福星路170號13樓之3,1050000,1080819
9203,54604739,山懿原創設計有限公司,臺中市北屯區水景里軍福八路499號1樓,5000000,1080807
9204,54604787,華全電股份有限公司,臺中市豐原區南田里水源路258巷15號3樓,275000000,1080826
9205,54605054,亞應有限公司,臺中市豐原區西安里成功路233巷26號1樓,1000000,1080812
9206,54605842,合泰醫療器材有限公司,臺中市北區賴興里文昌東二街15號1樓,3750000,1080819
9207,54606981,澄澄開發有限公司,臺中市南屯區文山里寶山二街48號1樓,500000,1080820
9208,54607481,禾安投資開發有限公司,臺中市南屯區文心南三路230巷3之1號1樓,538608488,1080826
9209,54607927,兆明投資股份有限公司,臺中市南屯區工業區二十路1號,39080000,1080802
9210,54608067,承金企業有限公司,臺中市神岡區豐洲里豐原大道七段617巷9號1樓,600000,1080806
9382,54739407,千沅企業有限公司,臺中市大雅區龍善街77號1樓,500000,1080815
9383,54740919,丰丹嚴選本舖股份有限公司,臺中市南屯區大業路277號1樓,10000000,1080801
9384,54740973,力嵐國際投資有限公司,臺中市北屯區水湳里文心路三段447號30樓之2,28000000,1080814
9385,54742206,可苙達有限公司,臺中市西屯區潮洋里朝富路213號8樓之9,5000000,1080802
9386,54742472,康熙健康事業股份有限公司,臺中市北區學士路257號3樓,5000000,1080802
9387,54743129,協生環保科技有限公司,臺中市梧棲區安仁里臺灣大道九段2巷53號1樓,3000000,1080816
9388,54743275,橙易實業有限公司,臺中市南屯區同心里文心路一段186號6樓之9,2000000,1080827
9389,54746033,聖瑞科技有限公司,臺中市東區十甲東路666號8樓之3,5000000,1080813
9390,54746104,晏嘉實業有限公司,臺中市西屯區潮洋里朝馬路158號1樓,8300000,1080813
9391,54746462,大森展業有限公司,臺中市烏日區五光里五光路189巷112之2號,1000000,1080801
9394,54747286,弘浩貿易有限公司,臺中市烏日區福泰街79號1樓,1000000,1080813
9395,54748757,長江商貿服務有限公司,臺中市北區三民路三段77號五樓之6,1000000,1080801
9396,54749025,睿碩國際有限公司,臺中市西區土庫里福人街41號1樓,5000000,1080809
9397,54749502,金鼎豐興業有限公司,臺中市沙鹿區六路里六路七街68號,2000000,1080828
9399,54750900,嵐田雲學堂有限公司,臺中市大里區合作街86號1樓,1000000,1080814
9401,54752983,有本股份有限公司,臺中市沙鹿區臺灣大道六段805號1樓,196000000,1080820
9402,54753131,和葳行銷有限公司,臺中市北屯區國強街206號1樓,1000000,1080829
9403,54755980,名宏不動產股份有限公司,臺中市西屯區惠來里惠來路一段112號,1000000,1080827
9404,54756003,守護氏科技股份有限公司,臺中市大里區東湖里科技路1號12樓之1,10000000,1080815
9405,54756030,喬依行銷顧問股份有限公司,臺中市北屯區水湳里文心路四段81號8樓之2,10000000,1080826
9406,54756307,百御建設開發有限公司,臺中市霧峰區本堂里樹仁路153之7號,10000000,1080807
9407,54757278,東鴻工業有限公司,臺中市神岡區神洲里豐洲路712號,17000000,1080821
9408,54759249,巨傲股份有限公司,臺中市北區臺灣大道二段360號10樓之2,10000000,1080807
9410,54761456,豐奕投資有限公司,臺中市大雅區西寶里昌平路四段508號2樓,92486270,1080816
9411,54761575,葳蓮有限公司,臺中市大雅區三和里春亭三街31號1樓,300000,1080806
9412,54761879,宏岳貿易有限公司,臺中市龍井區山腳里龍山街123巷21號,8000000,1080827
9413,54763406,永鮮食品有限公司,臺中市太平區新興里新興路46號13樓之1,3000000,1080819
9414,54764502,鼎盛工業股份有限公司,臺中市西屯區工業區5路15號,28000000,1080821
9415,54764828,筑茂建設股份有限公司,臺中市南區南平路296號7樓之2,10000000,1080822
9416,54765143,阿德烈精品有限公司,臺中市西屯區市政路500號16樓之5,2000000,1080806
9417,54765426,東方複材有限公司,臺中市南屯區文心南五路一段350巷19之2號,10000000,1080814
9418,54768599,和園營造股份有限公司,臺中市北區賴興里文心路四段212號10樓之2,7000000,1080826
9419,54768922,江原國際企業有限公司,臺中市西屯區何成里大洲街11號,5000000,1080801
9448,54789829,森美生醫有限公司,臺中市烏日區長壽路39號7樓之2,13500000,1080826
9449,54790776,大盈氣體有限公司,臺中市大里區東湖里長春路42巷8弄6號4樓,2000000,1080801
9482,54819669,綠果國際開發有限公司,臺中市西屯區東興路三段381號5樓之3,6000000,1080829
9486,54822192,展鵬食品有限公司,臺中市北屯區平心里文心路四段635號17樓之1,9000000,1080801
9488,54823306,朗齊生物醫學股份有限公司,臺中市大雅區科雅路6號,54798670,1080802
9569,54881494,大風企業有限公司,臺中市大里區新仁里立仁路157巷14號1樓,400000,1080806
9570,54882326,晴天見國際事業有限公司,臺中市南屯區新生里龍富路三段553號2樓,5000000,1080827
9571,54882655,傳程實業有限公司,臺中市太平區精美路59號一樓,3000000,1080829
9572,54882803,紘綻管理顧問有限公司,臺中市南區樹義里文心南路901巷23號7樓之1,3500000,1080806
9574,54883330,鴻景國際貿易有限公司,臺中市西屯區何安里臺灣大道二段910號5樓之3,1000000,1080802
9575,54883459,東勢房屋土地開發有限公司,臺中市東勢區北興里豐勢路513號1樓,500000,1080826
9576,54883845,毅鼎工程有限公司,臺中市豐原區社皮里社皮路123巷11弄6號2樓,2000000,1080822
9577,54884751,吉浚有限公司,臺中市南區西川里三民西路238-1號4樓,500000,1080802
9578,54887005,正勛有限公司,臺中市烏日區溪南路一段680巷199號2樓,28000000,1080822
9579,54887259,昇昌人力資源有限公司,臺中市南屯區文心路一段186號17樓之12,1000000,1080829
9580,54888291,信任投資有限公司,臺中市北屯區昌平路一段139巷13號1樓,8000000,1080819
9581,54890183,力力實業股份有限公司,臺中市西屯區工業區十四路1號,10000000,1080808
9582,54890347,元氣影像有限公司,臺中市北屯區松竹五路二段38號1樓,1000000,1080801
9583,54890395,嘉暘科技股份有限公司,臺中市梧棲區梧南路19-1號,24000000,1080802
9584,54890959,敦謙國際智能酒店股份有限公司,臺中市西屯區西安街277巷4弄33號1樓,100450000,1080801
9585,54893082,歐肯資訊有限公司,臺中市西屯區河南路二段262號8樓之2,3000000,1080808
9586,54894097,藤原自動控制股份有限公司,臺中市潭子區大豐里雅豐街226巷32號1樓,400000,1080828
9587,54894821,禾米工程有限公司,臺中市烏日區信義街105巷48號1樓,500000,1080802
9588,54894836,晨易股份有限公司,臺中市西區館前路26號7樓之5,45600000,1080815
9589,54895238,創拓國際行銷有限公司,臺中市北屯區三和里東山路一段146之20號6樓,300000,1080807
9590,54896927,禾樂生技有限公司,臺中市西屯區大河街32巷25號,2000000,1080808
9591,54899662,點石成金有限公司,臺中市西屯區逢甲里河南路二段327號2樓之1,1000000,1080807
9592,54900106,潤鴻資產顧問有限公司,臺中市北區柳川西路四段53之3號,1100000,1080813
9593,54900979,美林國際有限公司,臺中市太平區立功路235號1樓,1000000,1080815
9594,54901153,傢基建設開發有限公司,臺中市北屯區崇德七路93號1樓,10000000,1080821
9595,54901549,橘子室內設計有限公司,臺中市西屯區惠來里文心路三段13-6號,880000,1080806
9597,54902168,順一通訊有限公司,臺中市西區東興路三段62號,7500000,1080808
9598,54902940,美萊實業有限公司,臺中市西區臺灣大道二段186號9樓之1,4000000,1080809
9599,54904150,育印科技有限公司,臺中市清水區下湳里中山路496之10號1樓,5000000,1080823
9600,54904638,津豪淨水設備有限公司,臺中市東區東英里十甲路394號1樓,510000,1080821
9601,54905670,積資股份有限公司,臺中市北屯區北屯路262巷1弄18號1樓,28480000,1080805
9602,54906592,樂吉爾整合行銷有限公司,臺中市北區三民路三段210之17號1-2樓,1500000,1080815
9603,54906761,凱特力有限公司,臺中市大里區瑞城里五福二街110號1樓,200000,1080807
9604,54907179,新東開發有限公司,臺中市太平區樹德路101之1號1樓,1000000,1080808
9605,54907282,奇錦貿易有限公司,臺中市北區梅川西路三段65號12樓,100000,1080812
9606,54907847,弘基實業有限公司,臺中市南區學府路199號1樓,800000,1080820
9607,54908613,祥侑有限公司,臺中市大里區大元里元正路23號1樓,1000000,1080830
9608,54909015,燿升機電工程有限公司,臺中市東區東興里興大路11號13樓,1500000,1080828
9609,54910527,華廣系統整合有限公司,臺中市西區忠誠里長春街43號1樓,10000000,1080807
9610,54910548,維尼提亞生技有限公司,臺中市西區民龍里臺灣大道二段375號12樓之3,1000000,1080828
9611,54910809,淮碩實業有限公司,臺中市大里區東湖里科技路3號2樓之1,15000000,1080826
9656,54947658,正儒實業有限公司,臺中市東勢區粵寧里粵寧街3之25號1樓,500000,1080802
9671,54951961,晉丞能源科技股份有限公司,臺中市西屯區惠來里市政路500號6樓之6,5000000,1080807
9701,54961010,三合鑫彈簧有限公司,臺中市大甲區武曲里大安港路407號,1000000,1080821
9735,54972136,香港商澳利有限公司,臺中市西區台灣大道二段285號27樓,0,1080812
9767,54985505,豐穎科技資材股份有限公司,臺中市西區公館里三民西路87號1樓,10000000,1080830
9835,55173645,弦震企業股份有限公司,臺中市神岡區三角里三社路209巷26號,56000000,1080806
9839,55224102,振豐紙業股份有限公司,臺中市豐原區豐西里忠孝街99號1樓,15000000,1080807
9843,55286388,源利製刀工業股份有限公司,臺中市潭子區栗林里中山路三段305巷61號,43500000,1080821
9856,55643421,建大化工有限公司,臺中市豐原區豐勢路二段480巷2弄37號,3000000,1080823
9858,55648349,高宏機械工業股份有限公司,臺中市神岡區三社路53巷2號1樓,6750000,1080829
9862,55672728,和利塑膠股份有限公司,臺中市清水區田寮里高美路114號,6000000,1080813
9876,55698157,森元交通事業有限公司,臺中市梧棲區草湳里臨港路三段196號1樓,26000000,1080802
9886,55723584,三九股份有限公司,臺中市大肚區福利路133巷18號1樓,2000000,1080805
9888,55727462,三本久實業股份有限公司,臺中市大肚區沙田路2段132巷60號,66000000,1080802
9895,55736912,幸記工業股份有限公司,臺中市烏日區學田里學田路342號,230000000,1080821
9923,55772439,劦陶宛藝文事業股份有限公司,臺中市新社區協成里興隆街21之1號,3198000,1080813
9932,55786834,祥嘉生技股份有限公司,臺中市新社區協成里協中街85巷11號,26000000,1080801
9942,55793259,正洋味有限公司,臺中市西區大忠南街82巷10號,1000000,1080815
9948,55820164,聯東木業股份有限公司,臺中市后里區舊圳路3之5號1樓,5000000,1080813
9958,55833674,長益運輸有限公司,臺中市潭子區家福里頭張路二段113巷138號,14000000,1080829
9960,55841386,富國興業股份有限公司,臺中市神岡區社南里中山路799之2號,30100000,1080801
9972,55857746,高鋒工業股份有限公司,臺中市大雅區科雅路16號,1080106890,1080821
9974,55861410,優必克股份有限公司,臺中市北區進化路575號2樓之2,6300000,1080815
9985,55872697,大將作工業股份有限公司,臺中市北區淡溝里臺灣大道二段360號22樓之1,300000000,1080814
9987,55877454,應仁企業股份有限公司,臺中市西區樂群街216巷26號2樓,5000000,1080822
9992,55883934,協櫻精密工業股份有限公司,臺中市霧峰區南勢里豐正路405號,20000000,1080829
9995,55889395,環奇威生物科技有限公司,臺中市北屯區仁美里長生一街29號5樓之2,500000,1080807
9999,55896662,光越精機股份有限公司,臺中市西屯區協和里工業區七路18號2樓,60000000,1080823
10009,55914726,優鋼機械股份有限公司,臺中市豐原區南嵩里北陽路367號,100000000,1080807
10024,55945299,鴻鋅企業股份有限公司,臺中市神岡區岸裡里大富路61巷49號,5000000,1080826
10028,55946810,明太網版印刷機械股份有限公司,臺中市潭子區頭家東里中山路一段218號,10000000,1080812
10029,55947206,太陽堂餐飲實業有限公司,臺中市南區樹義里福田路91號1樓,10000000,1080813
10033,55951587,光星骨科復健器材股份有限公司,臺中市神岡區溪洲里豐洲路1096號,362100000,1080809
10039,55957246,主原木業股份有限公司,臺中市北屯區舊社里北屯路469之7號1樓,20000000,1080830
10045,55977221,笙鑫科技有限公司,臺中市西屯區何南里東興路三段381號5樓之3,60000,1080828
10050,55999371,如隆木工機械股份有限公司,臺中市豐原區北湳里大順街62號,12000000,1080820
10051,56065601,永信藥品工業股份有限公司,臺中市大甲區中山路1段1191號,1691097930,1080821
10053,56121907,味丹企業股份有限公司,臺中市沙鹿區興安路65號,3751000000,1080812
10056,56155722,東豐麥片工業股份有限公司,臺中市大肚區王田里沙田路一段166號,369573500,1080809
10084,56615107,旭清行銷管理顧問股份有限公司,臺中市大里區東湖里科技路166號4樓之1,1000000,1080816
10087,56623704,英屬維京群島商昱弘鑫國際股份有限公司,臺中市沙鹿區沙田路天香新村1之13號,7000000,1080827
10092,56628573,明源橡膠工業股份有限公司,臺中市梧棲區永安里向上路九段467號,75000000,1080827
10093,56628969,仁信交通企業有限公司,臺中市北屯區東山路一段140巷17號1樓,4000000,1080821
10095,56630064,明宙工業股份有限公司,臺中市龍井區忠和里海尾路240巷11號,16000000,1080827
10097,56631802,文皓塑膠有限公司,臺中市沙鹿區興安里斗潭路402號,5000000,1080823
10099,56634300,吉信織造廠股份有限公司,臺中市梧棲區福德里中央路二段266號,25500000,1080823
10104,56642358,鎧全鐵材製品股份有限公司,臺中市外埔區水美里二崁路568巷25號,106000000,1080816
10108,56648058,錦和水電工程有限公司,臺中市大甲區朝陽里鎮政路67號,5000000,1080806
10110,56651454,進方企業股份有限公司,臺中市梧棲區草湳里港埠路一段529號,22000000,1080815
10113,56652828,偉助貿易股份有限公司,臺中市清水區中正街71之1號,6000000,1080819
10116,56655732,春霖工業股份有限公司,臺中市龍井區忠和里海尾路256巷25號,10000000,1080812
10117,56657719,豪建塑膠股份有限公司,臺中市梧棲區草湳里自強路128號,12000000,1080815
10129,56679973,重源企業股份有限公司,臺中市梧棲區草湳里梧南路11號,7000000,1080802
10133,56683076,利盛紙業股份有限公司,臺中市大安區永安里南北四路107號,10000000,1080814
10140,56699653,眾成工業股份有限公司,臺中市沙鹿區清泉里東海路35號,265000000,1080816
10145,56705424,正通科技股份有限公司,臺中市西區臺灣大道二段285號20樓,60000000,1080806
10172,57073951,東興振業股份有限公司,臺中市大肚區沙田路一段936號,200504000,1080828
10177,57145006,國興麵粉廠股份有限公司,臺中市大肚區福山里沙田路一段373號,131709510,1080823
10180,57239926,寶隆鋼鐵工業股份有限公司,臺中市烏日區三和里中山路三段246號,7000000,1080826
10251,59057979,雲龍投資股份有限公司,臺中市西屯區潮洋里市政北二路282號26樓之1,10000000,1080801
10292,59178143,大永橡膠工業股份有限公司,臺中市大肚區永和里溪洲路276號,21300000,1080802
10324,59236571,泉豐實業股份有限公司,臺中市北區忠明路456號1樓,16500000,1080813
10327,59238022,毫厘精密工業股份有限公司,臺中市西屯區工業區十路18號,87121400,1080807
10418,59790326,皇丞國際事業有限公司,臺中市南區南門里國光路365巷3號,1000000,1080823
10419,59795624,鏮鍀有限公司,臺中市后里區中和里和興路30巷10之1號1樓,2000000,1080806
10420,59802006,鼎赫先進股份有限公司,臺中市北屯區仁和里崇德十路一段552號3樓,20000000,1080823
10421,59845510,旅築設計工程有限公司,臺中市中區光復里成功路238之1之40號一樓,1000000,1080826
10422,59855517,鼎力公寓大廈管理維護企業有限公司,臺中市北區忠太東路119號15樓之2,10000000,1080820
10423,59864902,揚陞理貨實業有限公司,臺中市南區德義里國光路216之11號1樓,1000000,1080830
10424,60202803,興大新創投資事業股份有限公司,臺中市西屯區潮洋里朝富路213號17樓之9,15000000,1080819
10425,60205344,路加國際教育顧問有限公司,臺中市潭子區勝利五街48號3樓,350000,1080812
10428,60207167,圓周率廣告有限公司,臺中市北區健行里健行路780號2樓,1000000,1080807
10429,60211373,優麗發貿易有限公司,臺中市北屯區廍子里環太東路625號1樓之3,580000,1080808
10430,60211726,益富薄膜科技有限公司,臺中市南屯區大墩四街321號地下一層,3000000,1080812
10431,60224433,雷霆科技工程有限公司,臺中市東區新庄里復興路四段73巷3號1樓,1400000,1080828
10432,60226116,和順昌電商有限公司,臺中市北屯區文心路四段993號16樓,4000000,1080822
10433,60228000,加樂美國際有限公司,臺中市西屯區慶和街42號1樓,500000,1080820
10434,60228228,黑盒子有限公司,臺中市北區華美街二段236號地下一層,600000,1080805
10435,60234684,富億順國際有限公司,臺中市西屯區市政北一路1號4樓,1000000,1080822
10437,60238318,百雋餐飲有限公司,臺中市西屯區潮洋里朝富路256號、258號,23000000,1080827
10438,60238979,傳易資訊有限公司,臺中市南屯區溝墘里大業路239號3樓之1,500000,1080806
10439,60239772,呈洋國際有限公司,臺中市烏日區光明里五光路復光四巷30號,1000000,1080809
10440,60240671,祈昌投資有限公司,臺中市烏日區學田里學田路便行巷50號1樓,28600000,1080821
10441,60240980,浤瑋科技工程有限公司,臺中市南區樹德里德富路128號1樓,10000000,1080829
10442,60245275,生寶國際生技股份有限公司,臺中市北區頂厝里崇德路一段579號7樓之3,5000000,1080807
10443,60249413,泓新有限公司,臺中市西屯區福科路849號1樓,500000,1080815
10444,60254626,文昌教育文化股份有限公司,臺中市北區健行里忠明路424號12樓之3,1200000,1080819
10445,60255821,福康動力科技股份有限公司,臺中市清水區國姓里三美路108之15號1樓,4100000,1080815
10446,60256125,富碩電子有限公司,臺中市烏日區榮泉里健行南一路105號,2000000,1080829
10447,60259312,富盟物業股份有限公司,臺中市南屯區惠中里文心路一段324號14樓之1,10000000,1080809
10448,60260492,允赫有限公司,臺中市西區臺灣大道二段2號20樓之1,2000000,1080827
10449,60262371,尚揚工程有限公司,臺中市西屯區黎明路三段343巷25號1樓,2000000,1080815
10450,60262457,恭成生技有限公司,臺中市北屯區平興里平興街131號1樓,1000000,1080809
10452,60264188,正晟工程有限公司,臺中市北區賴村里進化北路367之10號,6800000,1080805
10453,60265736,宏家管理顧問有限公司,臺中市南區和平里南平路33號4樓,55087700,1080823
10454,60266257,麗台國際有限公司,臺中市太平區新城里樹孝路41巷5弄13號1樓,5000000,1080802
10455,60266382,好御有限公司,臺中市南屯區大同里大墩四街192號1樓,1000000,1080822
10456,60270484,品岳科技股份有限公司,臺中市大甲區日南里工十路8號,150000000,1080815
10457,60271364,好運來事業股份有限公司,臺中市北屯區崇德路三段833號,100000000,1080813
10459,60278079,歐得斯國際事業有限公司,臺中市西屯區惠來里市政北一路17號,3500000,1080802
10460,60278802,廣倫活動開發整合行銷有限公司,臺中市大里區東湖里中湖路150巷8號2樓,3500000,1080809
10461,60279008,東大數位有限公司,臺中市西屯區潮洋里朝富路213號23樓之3,2000000,1080805
10462,60279871,永豐泰科技企業有限公司,臺中市大里區仁化工三路2號,20000000,1080826
10463,60281004,輝科能源科技股份有限公司,臺中市南屯區五權西路三段1巷171號,3000000,1080805
10464,60283349,得順國際旅行社股份有限公司,臺中市西屯區大有五街10號1樓,6000000,1080801
10465,60284157,承鼎數位行銷有限公司,臺中市西屯區潮洋里龍門路93巷5號1樓,3000000,1080814
10466,60284213,利禾水產有限公司,臺中市大雅區雅環路一段332巷13弄2號1樓,5000000,1080801
10468,60288196,泰中寶代購有限公司,臺中市南屯區寶山里工業二十五路18號,7000000,1080819
10471,60289420,麗明營造股份有限公司,臺中市西屯區府會園道169號4樓,1200000000,1080807
10472,60290833,中國國際生醫股份有限公司,臺中市霧峰區本鄉里草湖路137號,10000000,1080826
10473,60298574,明詮顧問股份有限公司,臺中市中區綠川里綠川西街85號5樓之1,6000000,1080821
10474,60301297,銡翔科技有限公司,臺中市神岡區三角里三和路131巷12號,15100000,1080805
10475,60312800,愛唱久久音樂科技股份有限公司,臺中市南屯區文心里向上南路一段287號,110388800,1080805
10476,60313982,立寶土地開發有限公司,臺中市豐原區葫蘆里中正路305號2樓,1000000,1080802
10479,60327395,茂榮傳動有限公司,臺中市豐原區田心里育英路118號,10000,1080830
10482,60332691,夢菲芃生物科技有限公司,臺中市豐原區東勢里東勢街41號1樓,1000000,1080812
10484,60350135,皇品事業有限公司,臺中市西屯區漢成街171之1號,3000000,1080801
10486,60369514,主月室內裝修設計有限公司,臺中市神岡區中山路497巷13號一樓,500000,1080806
10487,60369768,豪傑建設有限公司,臺中市梧棲區大村里文昌路181號1樓,11000000,1080821
10488,60385850,台灣綠趣坊有限公司,臺中市沙鹿區鹿峰里2鄰中清路八段498號1樓,6000000,1080815
10489,60392402,華閣建設股份有限公司,臺中市西區大忠南街33號,15000000,1080819
10490,60394921,立緻有限公司,臺中市北區太原路二段198號1樓,500000,1080830
10491,60401704,滔滔設計有限公司,臺中市西屯區何源里華美西街二段311號9樓之1,1000000,1080815
10492,60415101,人仁資優文化事業有限公司,臺中市西屯區福中里福中九街13巷8號1樓,2010000,1080829
10493,60491000,青玉事業有限公司,臺中市大里區華城街22號1樓,1000000,1080821
10494,60494800,有夠讚實業股份有限公司,臺中市西區民龍里臺灣大道二段186號22樓之5,30000000,1080820
10495,60517727,亮惟科技有限公司,臺中市北區中清路一段89號3樓,900000,1080814
10496,60537907,皇家利德股份有限公司,臺中市西屯區市政北二路282號21樓之7,51000000,1080816
10497,60559628,永震不動產股份有限公司,臺中市北屯區文心路四段95號,4500000,1080814
10498,60605215,翔巍國際貿易有限公司,臺中市龍井區東海里藝術街16巷21號1樓,1000000,1080809
10499,60619908,博承精密工業有限公司,臺中市大甲區太白里通天路118之1號,1000000,1080809
10500,60668739,車部編創意行銷有限公司,臺中市中區公園里成功路168號2樓,1000000,1080806
10501,60748608,立緹生醫科技有限公司,臺中市大里區永隆里永隆路346號1樓,2000000,1080806
10502,60761117,相羊廣告企劃有限公司,臺中市西屯區中清路二段1250巷93弄10號1樓,1080000,1080815
10503,60774703,賓成國際有限公司,臺中市西區公舘里三民西路116巷16號3樓,300000,1080829
10504,61038605,哲毅科技有限公司,臺中市南區南和里工學三街25號6樓之2,3000000,1080826
10505,61060818,蓁享興業有限公司,臺中市大里區立德里立仁一路149號1樓,500000,1080815
10506,61076207,世鈞物業有限公司,臺中市北區明德里太原路一段448-1號1樓,500000,1080808
10507,61099807,福樂成玩具有限公司,臺中市東區育英路90號1樓,600000,1080821
10508,61161597,亞家股份有限公司,臺中市沙鹿區竹林里中山路32之20號1樓,1000000,1080805
10509,61167895,準提資產管理有限公司,臺中市西屯區潮洋里市政北二路236號21樓之1,1000000,1080812
10510,61184705,永富泰室內裝修設計有限公司,臺中市北屯區廍子里軍福七路158號13樓之2,2000000,1080806
10511,61188408,大肚製衣有限公司,臺中市大肚區紙廠路39號,500000,1080819
10512,61355502,福泉開發有限公司,臺中市大甲區文武里經國路774號1樓,300000,1080802
10513,61372755,艾斯尼克國際有限公司,臺中市北區一中街138之7號2樓,2000000,1080829
10516,61511905,聖惶環保科技有限公司,臺中市潭子區聚興里興豐山莊51之5號1樓,300000,1080813
10517,61525204,日日誠國際運通有限公司,臺中市烏日區烏日里光日路5號1樓,2000000,1080819
10518,61752122,崎嬁有限公司,臺中市西區五權七街123號7樓之1,20000,1080826
10519,61752523,安得晟精密有限公司,臺中市大雅區四德里中山路146之5號,12000000,1080806
10520,61754108,寶羅投資有限公司,臺中市西屯區市政北二路282號8樓之6,5000000,1080813
10521,61756632,嶺方食品有限公司,臺中市龍井區三德里中央路二段128號1樓,500000,1080809
10522,61757766,立勝科技有限公司,臺中市南屯區向心里向心南路986號1樓,400000,1080808
10523,61758012,厲勝國際有限公司,臺中市南屯區文心南三路778號1樓,12000000,1080813
10524,61758097,苡樂股份有限公司,臺中市大里區金城里萬壽街20巷9號1樓,50000000,1080820
10526,61761558,星伸業國際有限公司,臺中市大肚區沙田路一段48號1樓,5000000,1080801
10527,61766723,宇納科技有限公司,臺中市后里區仁里里圳寮路33巷1之10號2樓,7100000,1080805
10528,61768335,兆岳廣告有限公司,臺中市沙鹿區興安里大同街25巷6之1號,1000000,1080806
10529,61772160,東睿材科股份有限公司,臺中市北區淡溝里臺灣大道二段360號7樓之2,10000000,1080806
10530,61776594,卡爾國際資訊有限公司,臺中市西屯區惠來里河南路四段163號1樓,1000000,1080806
10531,61778045,饕飽企業有限公司,臺中市西屯區何成里大隆路169號9樓之1,200000,1080806
10532,61778679,鋐坤實業有限公司,臺中市北屯區太和東街6號9樓之1,6000000,1080829
10533,61778832,首席國際獵才有限公司,臺中市西區公益路161號3樓之6,5000000,1080828
10535,61780210,宥竤科技股份有限公司,臺中市西區五權五街151號8樓之5,2000000,1080805
10536,61780990,昕達光電股份有限公司,臺中市太平區永義七街25巷10號,12750000,1080823
10538,61785209,第八藝識有限公司,臺中市西屯區河南路二段74巷1號1樓,3800000,1080829
10540,61787852,連真成實業股份有限公司,臺中市西屯區文心路三段296號9樓,30000000,1080823
10541,61789388,大心開發有限公司,臺中市北屯區崇德路二段51號6樓之1,3600000,1080807
10542,61796058,思逸云有限公司,臺中市沙鹿區鹿寮里31鄰錦華街60號1樓,800000,1080815
10543,61797556,鑫元食品有限公司,臺中市西區昇平里民生路352號一樓,3000000,1080805
10544,61798485,輝鈦朗光電股份有限公司,臺中市大甲區義和里義和二街37巷57號1樓,6000000,1080828
10545,61799766,昌沅實業有限公司,臺中市南區福順里復興路二段99巷8號5樓之1,500000,1080802
10546,61799837,禾盛康股份有限公司,臺中市南屯區向心里文心南三路336號三樓之2,29500000,1080808
10547,61807323,居品租市有限公司,臺中市北屯區平福里崇德二路二段9號一樓,5000000,1080807
10548,61807822,緯博納管理顧問有限公司,臺中市大里區國光里永興路126號5樓,2000000,1080815
10549,61809791,金寶誠有限公司,臺中市大甲區文武里八德街80巷8號1樓,1000000,1080812
10550,61810333,有策股份有限公司,臺中市南區樹義里樹義路82之7號4樓,5000000,1080822
10551,61810592,立森石材有限公司,臺中市霧峰區吉峰里錦州路312巷20號1樓,2000000,1080805
10552,61811620,睿易科技有限公司,臺中市北區賴旺里文心路四段182號地下一層之一,1000000,1080826
10553,61812439,華視教育科技有限公司,臺中市東區東信里一心街247號10樓之1,5000000,1080819
10555,61819382,漢斯萊德股份有限公司,臺中市西屯區何成里臺灣大道二段851號,5000000,1080828
10557,61823077,鈞悅建設開發股份有限公司,臺中市西屯區重慶路99號3樓之3,3030000,1080806
10558,61826573,宇春商務旅館股份有限公司,臺中市西屯區廣吉一街102號,1000000,1080801
10559,61829760,寶生實業股份有限公司,臺中市西區公益路161號4樓之5,30000000,1080823
10560,61835783,聯躍精密有限公司,臺中市神岡區庄後里厚生路66之9號,4500000,1080801
10564,61846986,菁彩裝潢工程有限公司,臺中市西屯區何成里大墩十八街195號17樓之2,100000,1080827
10565,61847508,愛無限創意國際有限公司,臺中市西區土庫里福人街41號2樓,3000000,1080822
10566,61848020,永翊國際有限公司,臺中市北區金龍里益華街57號2樓,750000,1080802
10567,61851919,月湖投資有限公司,臺中市西屯區何成里大容西街51號3樓之2,85060000,1080826
10568,61852240,優昊不動產有限公司,臺中市西區日進街81號,300000,1080830
10569,61856323,翔儷俥有限公司,臺中市中區綠川里民族路23號3樓之2,360000,1080802
10570,61858841,富鍹國際股份有限公司,臺中市神岡區圳前里圳岸路3號2樓,300000000,1080805
10572,61864533,冠銓鍛造工業股份有限公司,臺中市大甲區青年路115之1號,95500000,1080809
10573,61869489,雄蜂能源科技有限公司,臺中市清水區吳厝里吳厝路198巷68號1樓,1000000,1080821
10574,61875594,長釜建設有限公司,臺中市西屯區林厝里福雅路655之1號,21600000,1080801
10575,61876664,五嘉科技工程有限公司,臺中市北區立人里陜西路108號12樓之1,4000000,1080826
10576,61878895,斜角巷健行有限公司,臺中市北區賴村里健行路532號1樓,200000,1080823
10577,61880772,巨獻國際股份有限公司,臺中市太平區宜昌里宜欣路43號1樓,100000,1080823
10578,61881152,晉壹有限公司,臺中市北區新興里三民路三段89巷32號,2400000,1080821
10579,61882379,聿泰實業有限公司,臺中市東勢區新盛里東關路六段1093號1樓,300000,1080808
10580,61884539,新格工藝有限公司,臺中市北區建成里天祥街224號3樓之2,100000,1080815
10581,61904373,寅曠實業有限公司,臺中市北區頂厝里崇德路一段577之36號1樓,1000000,1080816
10583,61911705,五順有限公司,臺中市北區五常里五順街50號,1000000,1080819
10584,61912394,鈺鴻科技有限公司,臺中市南區福平里復興路二段137之1號4樓,500000,1080802
10585,61914127,海豐投資股份有限公司,臺中市南屯區南屯里文昌街205巷29號2樓,2000000,1080805
10586,61915884,元寶科技有限公司,臺中市南屯區溝墘里文心路一段476號3樓,2000000,1080813
10588,61918340,德泰概念服裝有限公司,臺中市沙鹿區六路里平等三街79號2樓,6000000,1080813
10590,61932700,新潮科技股份有限公司,臺中市大里區國光里德芳路一段298號2樓,1500000,1080820
10591,61938161,環碩有限公司,臺中市大甲區武曲里大安港路312之2號,500000,1080812
10592,61939099,希爾頓股份有限公司,臺中市北區中清路一段521號,34000000,1080812
10593,61939422,澄橙實業有限公司,臺中市南屯區溝墘里大業路239號3樓之1,10000,1080809
10594,61940407,頤璟國際貿易有限公司,臺中市西區公正里大墩七街162號1樓,100000,1080809
10595,61941665,有福國際貿易股份有限公司,臺中市南屯區豐樂里京展街243號,1500000,1080827
10596,61941969,佳沛綿業有限公司,臺中市沙鹿區東晉路清雲巷25號1樓,300000,1080822
10597,61942849,光感有限公司,臺中市大雅區大雅路28號,50000,1080814
10599,61945557,森元健康管理顧問有限公司,臺中市西屯區中工二路192號3樓,1000000,1080822
10600,61947627,雄志國際食品批發有限公司,臺中市西屯區大河里長安路一段142號,6000000,1080814
10601,61949322,永豐廷興業有限公司,臺中市大雅區文雅里中山北路169巷5號1樓,2000000,1080807
10602,61952873,雅瑟聲學有限公司,臺中市清水區橋頭里華江北街108號1樓,3000000,1080809
10603,61959159,潤其建設有限公司,臺中市西區居仁街23號2樓,6000000,1080807
10604,61959539,富國塑膠股份有限公司,臺中市烏日區北里里太明路成豐巷157之2號,10000000,1080820
10605,61959708,安佳事業有限公司,臺中市西屯區何厝東二街23號9樓之3,1010000,1080805
10607,62001697,和新唐實業有限公司,臺中市南屯區三和里公益路二段615之3號6樓之5,14000000,1080809
10608,62001900,宸皇有限公司,臺中市北區文莊里中清路一段89號15樓之3,200000,1080817
10609,62008306,阿卡迪亞資訊有限公司,臺中市西屯區市政路402號18樓之6,5000000,1080822
10611,62027009,翊鼎五金有限公司,臺中市豐原區豐田里田心路二段267中巷88弄4號1樓,1200000,1080829
10612,62060180,有量股份有限公司,臺中市大里區國光里大里二街29號1樓,5000000,1080827
10613,62072572,龍瑞國際股份有限公司,臺中市西屯區潮洋里市政北二路282號20樓之5,10000000,1080813
10614,62072989,立其營造有限公司,臺中市西區居仁街23號2樓,6000000,1080809
10615,62088700,探索者科技有限公司,臺中市潭子區潭陽里興華一路357巷19號1樓,500000,1080808
10616,62105807,震鴻交通股份有限公司,臺中市豐原區翁明里明義街35號1樓,29800000,1080808
10617,62136180,謙德海科股份有限公司,臺中市大里區大元里國光路一段23號3樓,6000000,1080809
10618,62150577,軒特輪胎有限公司,臺中市神岡區岸裡里中山路113號1樓,3000000,1080805
10619,62150627,麗顏有限公司,臺中市西屯區福星北路33號2樓之1,110000,1080808
10620,62205405,明琪興業有限公司,臺中市西屯區中科路1358之5號,10000000,1080806
10621,62210300,輝臻興業有限公司,臺中市太平區永成里永成北路66巷1弄16號1樓,6300000,1080802
10622,62244202,友發食品有限公司,臺中市西屯區大墩路923之1號及923之2號,1000000,1080826
10623,62503404,經緯國際媒體有限公司,臺中市西屯區惠來里市政北一路21號11樓之3,5000000,1080822
10624,63024748,嗨愛購有限公司,臺中市烏日區仁德里中山路一段403號1樓,1000000,1080801
10625,63051245,泰德昇貿易有限公司,臺中市豐原區西湳里三豐路二段327號,10000000,1080805
10627,63087709,齊利峰投資股份有限公司,臺中市西區大忠里五權西路一段257號14樓之1,28800000,1080827
10629,63265372,大台中電動車有限公司,臺中市大里區立仁路25號1樓,400000,1080819
10630,63273204,允文實業有限公司,臺中市太平區成功里建興路9號5樓,1000000,1080828
10631,63305661,呈雙郡有限公司,臺中市西屯區惠來路三段30號2樓,500000,1080827
10632,63306129,嘉譽管理顧問有限公司,臺中市北屯區昌平路二段50之6巷13號1樓,2000000,1080820
10633,63375906,華力包裝有限公司,臺中市大肚區自強里遊園路二段198巷8之1號,900000,1080808
10634,63379305,宇福國際貿易有限公司,臺中市南屯區文心里大墩六街218號,200000,1080806
10635,63400617,寶業實業有限公司,臺中市西屯區朝富路213號11樓之8,2000000,1080809
10637,63629471,元加企業有限公司,臺中市霧峰區四德路296號及296之1號,1000000,1080802
10639,63684706,元晟人文生活股份有限公司,臺中市沙鹿區鹿寮里中山路491號,4000000,1080802
10640,63705701,鈺桓有限公司,臺中市西區公德里精誠二十九街18號5樓之4,700000,1080813
10641,63774501,自己做國際有限公司,臺中市西區大隆路20號4樓之2,4000000,1080808
10642,63781209,東興管理顧問有限公司,臺中市西區忠誠里大隆路20號12樓之11,3200000,1080828
10643,63844703,鈦企有限公司,臺中市大里區益民路二段285巷66號1樓,12000000,1080827
10644,63853809,泰亞汽車有限公司,臺中市南屯區新富路755號1樓,1000000,1080805
10645,63899517,艾倫迪爾創意事業有限公司,臺中市西區吉龍里美村路一段632號4樓,500000,1080821
10646,64104950,金鉐投資控股股份有限公司,臺中市西屯區潮洋里朝富路213號22樓之1,60,1080813
10647,64127530,新谷昌營造工程股份有限公司,臺中市南區福平里民興街96巷11號1樓,9000000,1080827
10648,64174907,強震科技有限公司,臺中市神岡區社口里中山路910號,5000000,1080819
10649,64206400,育鼎建設有限公司,臺中市西屯區永安里西屯路三段164之17號13樓,5500000,1080806
10650,64233407,明通行有限公司,臺中市西屯區何明里臺灣大道二段622號1樓,28800000,1080815
10651,64256409,蓬勃國際運動事業股份有限公司,臺中市北屯區松竹里崇德二路二段292號1樓,10021000,1080820
10652,64256718,楓藝有限公司,臺中市龍井區龍泉里龍社路570號1樓,300000,1080823
10668,64814214,鈦隼開發股份有限公司,臺中市梧棲區頂寮里大仁路二段353巷6號5樓之1,1000000,1080821
10688,64903270,翌瀚國際有限公司,臺中市中區大墩里臺灣大道一段319號4樓,195000,1080813
10702,64932063,行運租賃有限公司,臺中市西屯區臺灣大道二段696號1樓,6000000,1080814
10851,66614747,新一代兒童週報股份有限公司,臺中市西屯區上德里臺灣大道三段376巷1號4樓,1000000,1080805
10891,66903388,鴻利匯興業股份有限公司,臺中市清水區下湳里福圳街一段35巷68號1樓,29500000,1080812
10957,69063036,千翔國際有限公司,臺中市潭子區潭陽路30巷8號,100000,1080826
11169,70401400,琦馨實業有限公司,臺中市西屯區臺灣大道三段689號18樓之1,60000000,1080813
11182,70410105,永盛昌營造有限公司,臺中市北區健行里民權路559號11樓之3,12000000,1080814
11232,70490803,迪巴克蟲媒有限公司,臺中市西屯區大安西街7號1樓,5000000,1080815
11233,70494271,京埕營造股份有限公司,臺中市西屯區福和里天保街47巷11之4號,6000000,1080801
11242,70509492,磐石投資建設股份有限公司,臺中市西區臺灣大道二段501號20樓之2,186000000,1080808
11250,70528505,憶傑科技股份有限公司,臺中市西屯區文心路三段241號16樓之1,13000000,1080829
11251,70529321,加得利加油站股份有限公司,臺中市中區柳川西路三段2號,26000000,1080815
11289,70595503,釆晏股份有限公司,臺中市南屯區新生里新德街266號1樓,10000000,1080820
11291,70598966,采威國際資訊股份有限公司,臺中市南屯區公益路二段51號24樓,135000000,1080821
11296,70617204,順德營造有限公司,臺中市和平區南勢里東關路三段195號2樓,3780000,1080826
11299,70625942,繼開科技股份有限公司,臺中市烏日區環河北路248號,10000000,1080806
11302,70634626,十甲旺股份有限公司,臺中市東區十甲路101之7號1樓,18500000,1080807
11308,70648282,盟偉貿易有限公司,臺中市太平區宜欣里富宜路204號,10000000,1080822
11312,70651217,怡貿塑膠有限公司,臺中市大里區西湖里草堤路243號,3000000,1080814
11317,70676293,惠凱投資股份有限公司,臺中市北區進化路337巷11號1樓,10000000,1080809
11321,70681303,新都興資訊股份有限公司,臺中市西區大隆路20號10樓之9,10000000,1080801
11323,70682416,基良營造工程有限公司,臺中市沙鹿區埔子里正德路109之2號1樓,3600000,1080806
11331,70693321,麗晟營造有限公司,臺中市豐原區大湳里源豐路334巷2之2號1樓,3600000,1080820
11333,70694454,桂泉有限公司,臺中市西屯區台中港路二段60之8號6樓之7,10000000,1080806
11334,70695860,易發交通有限公司,臺中市大里區東湖里仁化路1127號1樓,25000000,1080806
11336,70697044,翔順興交通股份有限公司,臺中市豐原區豐原里東北街55號1樓,25000000,1080805
11337,70697332,惠特科技股份有限公司,臺中市西屯區協和里工業區35路3號1樓,602169350,1080815
11345,70716582,特耐優有限公司,臺中市豐原區南田里富翁街260巷30弄41號1樓,5000000,1080814
11347,70717673,實福有限公司,臺中市東區振興路412巷32號1樓,1000000,1080826
11349,70725386,協鋐有限公司,臺中市南屯區田心里文心路一段10號,2000000,1080819
11350,70727223,星辰營造有限公司,臺中市東區旱溪街29號1樓,6000000,1080808
11359,70739966,金秀貿易股份有限公司,臺中市大里區德芳路一段388號1樓,15000000,1080813
11362,70742619,串啟工業股份有限公司,臺中市霧峰區北勢里太明路成豐巷14弄39號,12000000,1080805
11423,70849231,台灣艾思特科技股份有限公司,臺中市潭子區潭秀里建國路17-1號,16933550,1080819
11424,70849366,技迪科技股份有限公司,臺中市梧棲區經三路8號,199602770,1080805
11518,79950742,茗基塑膠墊股份有限公司,臺中市太平區永豐路108巷12弄39號,1000000,1080819
11524,79957029,樂群營造股份有限公司,臺中市北屯區軍榮五街151巷13號1樓,15000000,1080816
11527,79960087,晶盛彩有限公司,臺中市新社區中和街五段33巷61之5號,1000000,1080805
11531,79970901,鑫電科技股份有限公司,臺中市北屯區平德里永定二街２７號１樓,1000000,1080829
11532,79973267,中訊開發有限公司,臺中市北屯區中清東一街18號8樓,500000,1080807
11545,79996445,奧永國際貿易有限公司,臺中市西區東興路三段二○○號,670000,1080801
11549,80007981,標準投資有限公司,臺中市北屯區平安里文心路四段696號25樓,216000000,1080815
11552,80011535,岦泓貿易有限公司,臺中市烏日區榮泉里健行北路132號1樓,1000000,1080815
11559,80028607,馬來西亞商科士威有限公司,臺中市西區大隆路20號11樓之2,5000000,1080818
11571,80038632,墨築室內裝修有限公司,臺中市西屯區大河里富強巷2弄7號,15000000,1080819
11573,80041329,順得科技有限公司,臺中市南屯區大墩南路338號,1000000,1080820
11575,80043781,慧智嘉有限公司,臺中市豐原區豐田里豐南街46號,2000000,1080802
11578,80051178,坤佑實業有限公司,臺中市西屯區何仁里寧夏路199號4樓之3,1000000,1080817
11580,80052789,壯化毒生物科技有限公司,臺中市西屯區上德里青海路二段175號5樓之11,12000000,1080819
11581,80057638,東宇自動化科技有限公司,臺中市北屯區水湳里大連路一段195號1樓,10000000,1080809
11590,80078649,鼎巨畜產科技有限公司,臺中市南屯區惠中里大墩十二街377號1樓,38000000,1080826
11591,80081932,建成環球有限公司,臺中市清水區橋頭里五權路43號,4500000,1080816
11596,80087387,元葳旅行社股份有限公司,臺中市南屯區大英街20號1樓,6000000,1080816
11600,80092059,新弘環保有限公司,臺中市沙鹿區三鹿里保順一街61號,1000000,1080819
11603,80102129,茀利祿投資股份有限公司,臺中市北區德化街629號1樓,41714210,1080806
11618,80132756,準程國際股份有限公司,臺中市潭子區頭家里中山路一段223號1樓,140000000,1080819
11619,80132947,永晟鋼鐵股份有限公司,臺中市神岡區神洲里神洲路619號,136000000,1080807
11626,80138421,太陽堂傳統糕餅有限公司,臺中市南區福田路91號2樓,10000000,1080807
11628,80143846,辛月實業有限公司,臺中市西屯區上石里至善路148巷40號,1000000,1080801
11630,80145154,京育國際科技有限公司,臺中市西屯區順平路246號1樓,1000000,1080812
11635,80153175,古典玫瑰園事業股份有限公司,臺中市西屯區市政北二路238號21樓之1,10000000,1080822
11667,80215876,車健有限公司,臺中市南屯區文山里寶山三街3號10樓之1,8000000,1080828
11669,80217987,建民寵物用品有限公司,臺中市北區三民路三段262之4號,5500000,1080826
11670,80218901,鑫豪美科技有限公司,臺中市南屯區大興里東興路一段551號2樓,500000,1080828
11673,80221928,波力國際股份有限公司,臺中市南屯區大墩四街326之1號4樓,5600000,1080826
11678,80228181,大毅行旅股份有限公司,臺中市西區安龍里英才路601號,380000000,1080814
11681,80231138,欣園食品有限公司,臺中市潭子區潭秀里潭富路一段81號,10000000,1080821
11691,80245127,康律企業有限公司,臺中市梧棲區頂寮里大仁路2段66號,21300000,1080828
11693,80246272,日信建設股份有限公司,臺中市北區進化北路238號8樓之3,25000000,1080826
11702,80253765,弘有富國際企業有限公司,臺中市南屯區春社里永春南路188巷99號1樓,20000000,1080821
11742,80309917,樺興機電股份有限公司,臺中市清水區南社里中華路151之2號9樓,70000000,1080806
11747,80322355,九宜事業有限公司,臺中市西屯區天水西一街3號1樓,1000000,1080801
11778,80373993,魔豆實業國際有限公司,臺中市北區中清路一段223號1樓,2000000,1080827
11785,80392696,由鉅文化藝術股份有限公司,臺中市西區中興里公正路83號1、2樓,25000000,1080807
11787,80396074,景泰科技有限公司,臺中市北屯區平安里文心路四段750號地下室之一與752號地下室,500000,1080813
11789,80399500,亞洲時尚股份有限公司,臺中市西屯區大墩二十街118號5樓之1,243608080,1080814
11795,80408563,大將作國際股份有限公司,臺中市西屯區工業區14路1號,50000000,1080807
11811,80444049,宏遠藥品有限公司,臺中市北區頂厝里北興街296巷5號2樓之3,3000000,1080822
11819,80466612,力瑪科技股份有限公司,臺中市南屯區精科中路22號2樓,80000000,1080813
11820,80468323,可信環保科技股份有限公司,臺中市潭子區潭陽里潭陽路2之10號1樓,6000000,1080816
11823,80475099,保力佳股份有限公司,臺中市北屯區和平里正道街58號1樓,10000000,1080819
11825,80481114,締旺股份有限公司,臺中市龍井區忠和里臨港路二段54號,18000000,1080816
11840,80521158,普而得數位科技股份有限公司,臺中市南區忠明南路787號30樓,6000000,1080819
11866,80555059,永宏科技有限公司,臺中市大里區日新路289巷8號1樓,1000000,1080822
11870,80558859,天鉅堂特殊食品股份有限公司,臺中市西屯區潮洋里市政北二路417號,11000000,1080821
11878,80580487,文益投資股份有限公司,臺中市西區五權一街113之4號1樓,6000000,1080829
11883,80591288,宏懋管理顧問有限公司,臺中市西屯區何明里大有五街27號6樓之1,2000000,1080809
11885,80594383,盛隆國際有限公司,臺中市南區福平里光輝一街75號1樓,1000000,1080813
11886,80594709,亞利森貿易有限公司,臺中市西屯區惠來里市政北五路270號10樓之3,57000000,1080809
11896,80606579,中興數位科技有限公司,臺中市豐原區豐田里豐南街46號,5000000,1080802
11915,80624788,鎮遠建設股份有限公司,臺中市北屯區水景里軍功路1段503號1樓,25000000,1080827
11920,80636855,鴻匠科技工業有限公司,臺中市豐原區東湳里三豐路二段20巷22號1樓,12338500,1080812
11923,80640372,中科創新育成股份有限公司,臺中市北屯區平安里文心路四段692之1號2樓,20000000,1080802
11924,80640915,安信國際資產管理顧問股份有限公司,臺中市北區文莊里中清路一段79號10樓,10000000,1080807
11929,80647781,陽昇機械工業有限公司,臺中市大里區瑞城里中興路一段2巷51弄23號,10000000,1080802
11954,80677145,台灣大食品股份有限公司,臺中市清水區海濱里北堤路35號,822749360,1080815
11969,80699393,杰松自動化有限公司,臺中市太平區永豐路345號,8000000,1080814
11972,80700080,傑和國際股份有限公司,臺中市北區淡溝里博館路88號9樓之3,21000000,1080820
11976,80705439,君鼎建設股份有限公司,臺中市南屯區大墩二街186號,150000000,1080829
11979,80708822,富宇國際開發股份有限公司,臺中市北區文莊里中清路一段89號15樓之1,5000000,1080821
11982,80715181,耀瀅精密股份有限公司,臺中市霧峰區吉峰路56巷20號1樓,80000000,1080805
11983,80718217,日榮興實業有限公司,臺中市潭子區栗林里豐栗路37號,20000000,1080814
11986,80721445,高崎設計有限公司,臺中市北屯區和平里軍福十一路258號7樓之3,6000000,1080806
11999,80743047,好士多家具股份有限公司,臺中市北屯區環中路一段878號1樓,29800000,1080802
12000,80743314,銓鼎科技股份有限公司,臺中市大里區科技路168號4樓之1,96700000,1080801
12001,80743341,慶昀建設實業股份有限公司,臺中市南屯區田心里文心路1段73號12樓之3,25000000,1080813
12029,82764089,知能川有限公司,臺中市北區新北里育才南街4號1樓,2000000,1080809
12030,82764692,信富興業有限公司,臺中市烏日區九德里中華路552號2樓,1500000,1080812
12031,82765616,雅加達系統科技工程有限公司,臺中市北屯區昌平路一段400號10樓之1,3000000,1080812
12032,82766185,海碩國際科技股份有限公司,臺中市大里區東湖里東南路15之1號,10000000,1080813
12046,82770033,璽軒國際有限公司,臺中市西屯區市政北二路236號21樓之１,650000,1080809
12047,82770483,夏蔻拉塔有限公司,臺中市北區立人里北平二街30號1樓,500000,1080802
12048,82770580,約書亞探索體驗有限公司,臺中市北屯區水景里景賢二路468號1樓,100000,1080815
12049,82770961,忠暘綠電股份有限公司,臺中市西區藍興里三民路一段103號10樓之1,100000,1080815
12050,82771130,銓瑞複材科技股份有限公司,臺中市神岡區庄前里神林路70巷42號,14700000,1080822
12051,82771384,正鑫展業有限公司,臺中市大里區塗城里光正路65巷19號,5000000,1080806
12052,82771595,拾禾先進股份有限公司,臺中市西屯區福中里中工二路192號6樓,1000000,1080807
12053,82772270,堡立寬建設股份有限公司,臺中市西區中興里美村路132號2樓,1000000,1080819
12057,82773340,聖福創投資股份有限公司,臺中市西區五權西四街27號7樓之1,1000000,1080814
12060,82776584,不理有限公司,臺中市北區新興里一中街8號2樓,300000,1080815
12061,82776819,富信全球置業股份有限公司,臺中市西區大隆路20號4樓之5,10000000,1080819
12062,82777140,喜樂健康股份有限公司,臺中市東區自強南街5巷17號,1950000,1080821
12063,82777275,大新地產股份有限公司,臺中市大里區爽文路2號1樓,2000000,1080812
12064,82777351,玖憲有限公司,臺中市南屯區溝墘里大業路241號3樓之1,500000,1080827
12065,82777633,瑀臻國際股份有限公司,臺中市西區双龍里模範街60號,6800000,1080829
12066,82777964,鮮翠企業有限公司,臺中市烏日區溪埧里溪南路一段441號,1000000,1080802
12067,82777970,允芳企業有限公司,臺中市大里區仁化里仁化路452之1號、452之2號,1000000,1080803
12068,82778149,鈦瑞有限公司,臺中市霧峰區北柳里霧工一路38號1樓,1500000,1080802
12069,82778345,照寧有限公司,臺中市西區忠明南路237號9樓之2,5500000,1080828
12070,82778823,眼睛達人有限公司,臺中市南區忠明南路758號11樓,10000,1080814
12072,82778892,億佳自動化有限公司,臺中市西屯區福順路137號2樓之1,5100000,1080816
12073,82779288,鋐琳精密科技有限公司,臺中市大雅區上楓里民族街147巷136號,1800000,1080806
12074,82779386,思銳創意有限公司,臺中市大里區西榮里西榮路152巷22號1樓,500000,1080814
12075,82779484,璽朵蜜特有限公司,臺中市西區市政北二路236號21樓之1,500000,1080826
12076,82779604,銀樂活長照股份有限公司,臺中市東區東南里自強南街5巷17號1樓,3000000,1080821
12077,82780193,睿馳科技股份有限公司,臺中市西屯區潮洋里朝富路213號24樓之2,2800000,1080813
12081,82782707,經典國際股份有限公司,臺中市北區五權路375號8樓,500000000,1080806
12082,82783179,博科工業有限公司,臺中市西屯區文心路三段241號21樓之2,200000,1080821
12083,82783190,老佛爺時尚精品有限公司,臺中市南屯區惠中路三段73之1號1樓,500000,1080805
12084,82783733,虹鈞系統自動化股份有限公司,臺中市后里區墩北里甲后路ㄧ段813號1樓,3000000,1080805
12085,82784579,康瑞生醫有限公司,臺中市南區五權南路680巷44弄11號1樓,500000,1080809
12086,82784775,萬怡健康生技有限公司,臺中市西屯區西屯路二段256巷6號7樓之6,100000,1080815
12087,82784803,威立德企業股份有限公司,臺中市南屯區精科八路38號,10000000,1080802
12088,82785824,子成國際企業有限公司,臺中市西區臺灣大道二段406號11樓之5,200000,1080827
12089,82786274,凱宙科技有限公司,臺中市南區福順里忠明南路787號13樓之1、13樓之2,1000000,1080806
12090,82786318,銓儷金屬工業有限公司,臺中市大雅區民生路三段267巷16號,6000000,1080822
12091,82786366,富豊興業股份有限公司,臺中市西屯區惠來里台灣大道三段248號2樓,8314000,1080808
12092,82786458,蛇傳奇有限公司,臺中市西區美村路一段264號,500000,1080815
12093,82786513,永宜實業股份有限公司,臺中市大里區立德里合信街125巷2號一樓,500000,1080815
12094,82786598,尚益文創產業股份有限公司,臺中市西屯區協和里順和九街117號1樓,29000000,1080826
12096,82787225,飛特精密股份有限公司,臺中市南屯區文心路一段218號7樓之5,3000000,1080812
12101,82789238,必與卿股份有限公司,臺中市北區北屯路73巷4號1樓,600000,1080815
12102,82789808,嘉德國際實業有限公司,臺中市北屯區和平里軍福十六路79號,2400000,1080807
12103,82790501,怡景資本有限公司,臺中市西屯區大祥街8號三樓,600000,1080812
12104,82790848,晶典行銷股份有限公司,臺中市南屯區文心路一段521號7樓之10,6000000,1080828
12105,82791728,藻健康事業有限公司,臺中市北屯區平心里文心路四段647號1樓,100000,1080812
12106,82791945,杰威國際數位娛樂有限公司,臺中市東區泉源里樂業南路37號11樓之2,100000,1080829
12107,82792120,翔銳土地開發有限公司,臺中市東區東興里仁和路393號5樓之2,30000,1080826
12112,82794387,美宇實業有限公司,臺中市北區錦祥里育強街108之3號,20000,1080827
12113,82794801,奇萊科技股份有限公司,臺中市北屯區熱河路三段86號2樓,11500000,1080816
12114,82794936,康威資訊有限公司,臺中市西屯區市政路402號21樓之6,19500000,1080819
12115,82795013,傳璽貿易股份有限公司,臺中市南屯區寶山里工業區十八路11號2樓,39975000,1080808
12117,82795533,艾仁科技有限公司,臺中市北區健行里民權路559號3樓之1,300000,1080813
12118,82795718,永乾建設股份有限公司,臺中市西區三民西路83之3號,23000000,1080828
12145,82803631,璟丞開發建設股份有限公司,臺中市西區民權路185號6樓之12,5000000,1080827
12146,82803843,嵐月飛有限公司,臺中市南區南和路197號14樓之1,100000,1080823
12147,82804511,顥德健康有限公司,臺中市東勢區新盛里東坑路7巷18號1樓,900000,1080822
12148,82804603,君苑國際實業有限公司,臺中市西屯區黎明路三段191號1樓,5000000,1080815
12149,82804934,振勝精密有限公司,臺中市太平區永隆里光德路375巷88弄2之2號,1250000,1080823
12150,82805455,創亞生醫股份有限公司,臺中市北區進化北路378之7號,6000000,1080815
12151,82806291,宇臻興業股份有限公司,臺中市西屯區上安里臺灣大道三段540號6樓之6,21600000,1080816
12152,82806314,均智科技股份有限公司,臺中市南區忠明南路760號5樓,5000000,1080819
12153,82806412,稻吉國際餐飲股份有限公司,臺中市南屯區南屯里河南路四段710號9樓,20000000,1080806
12181,82815165,展開科技有限公司,臺中市西屯區何南里大墩二十街99號5樓,500000,1080812
12194,82818607,亮兔菈菈企業有限公司,臺中市大里區長春路78巷31弄27號1樓,2000000,1080819
12195,82819253,伊格國際股份有限公司,臺中市西屯區臺灣大道二段910號9樓之1,6000000,1080828
12196,82819747,馬爾斯資訊有限公司,臺中市西區公益里忠明南路237號9樓之2,5010000,1080814
12197,82820131,新璽設計有限公司,臺中市太平區中山路二段100巷63號1樓,1680000,1080815
12198,82820168,寶茶實業有限公司,臺中市南屯區惠中里2鄰文心路一段420號1樓,1500000,1080815
12199,82820478,雋永邨股份有限公司,臺中市西屯區環中路二段1268-1號,2000000,1080802
12200,82821167,寶宇精品車體美容有限公司,臺中市西屯區聖王街80號,500000,1080819
12201,82821504,隆泰新實業股份有限公司,臺中市西區公益里忠明南路237號9樓之2,7770000,1080801
12209,82824636,邁鑫科技股份有限公司,臺中市南屯區精科八路8號4樓,6000000,1080814
12210,82826418,汪蒲興業有限公司,臺中市豐原區保康路66巷22號8樓,350000,1080816
12225,82830383,柴窯勤美有限公司,臺中市西區公正路126號1樓,500000,1080816
12227,82830588,廣恆發投資有限公司,臺中市潭子區潭秀里中山路三段65號1樓,24000000,1080814
12228,82830779,超力士科技清潔有限公司,臺中市西屯區何仁里寧夏路195之8號,500000,1080820
12229,82830905,金品芳食品有限公司,臺中市沙鹿區鹿峰里星海路15巷16號1樓,1000000,1080806
12230,82831762,領拓國際有限公司,臺中市西屯區市政北二路236號16樓之3,1000000,1080828
12231,82831876,富德開發有限公司,臺中市龍井區東海里遊園北路178巷17號1樓,5000000,1080805
12232,82832571,萬翔實業有限公司,臺中市霧峰區北柳里霧工一路38號2樓,1000000,1080802
12233,82832642,奧圖瑪智動化股份有限公司,臺中市南屯區精科八路8號3樓,6000000,1080814
12234,82832832,用力滑科技有限公司,臺中市西屯區西平里逢甲路20巷1之1號1樓,500000,1080808
12252,82839650,恆妍企業有限公司,臺中市北屯區軍功里軍榮一街88號,200000,1080822
12253,82839791,特僡盈股份有限公司,臺中市西區五權西四街128之2號,3978000,1080808
12254,82839928,富邁建設有限公司,臺中市大甲區岷山里中山路一段902號2樓,3500000,1080807
12255,82840072,馨懿餐飲事業有限公司,臺中市大雅區中清路三段897號,3000000,1080822
12256,82840241,德晁實業有限公司,臺中市西屯區惠來里市政路500號11樓之3,5000000,1080806
12257,82840565,旺星盛有限公司,臺中市北區光大里五權路302之1號1樓,1000000,1080821
12258,82840832,協利成股份有限公司,臺中市龍井區工業路182巷8號,170000000,1080826
12259,82840875,鼎正能源股份有限公司,臺中市北屯區水湳里文心路四段81號5樓之2,10000000,1080814
12260,82841115,晉斯康美國際股份有限公司,臺中市西屯區市政北七路186號15樓之9,3030000,1080809
12261,82841375,志豐不動產仲介有限公司,臺中市西屯區朝富路272號,3600000,1080808
12262,82841656,三久米不動產開發有限公司,臺中市潭子區潭陽里中山路二段375號2樓,300000,1080823
12263,82842472,有安心長照服務有限公司,臺中市大肚區大肚里紙廠路53號3樓,300000,1080820
12273,82845914,富義股份有限公司,臺中市西屯區大河里甘肅路二段117號,14100000,1080827
12274,82846081,星曜實業股份有限公司,臺中市北區大湖里柳川西路四段60巷12號1樓,20000000,1080830
12275,82846152,統富不動產經紀有限公司,臺中市北屯區仁美里崇德路三段705號1樓,3000000,1080807
12276,82846287,寶富達實業股份有限公司,臺中市北區錦平北街37號2樓,20000000,1080820
12314,82858142,富欣工程有限公司,臺中市中區公園里民族路64號9樓之9,500000,1080808
12315,82860061,百麗台灣有限公司,臺中市南屯區同心里南屯路二段290號12樓之2,3000000,1080801
12316,82860631,昌元精密股份有限公司,臺中市潭子區福仁里中山路二段73巷109弄13號,500000,1080830
12317,82860920,富市食業有限公司,臺中市西屯區何源里內江街106號2樓,150000,1080826
12318,82861126,墡心循環農業科技股份有限公司,臺中市南區長春里民生路9巷6號1樓,2500000,1080805
12319,82861651,昊恩貿易有限公司,臺中市西區公民里五廊街107號3樓之2,200000,1080809
12357,82873241,漢宓行銷有限公司,臺中市南屯區大同里精誠路426號2樓,6500000,1080827
12358,82873397,子勝國際商業有限公司,臺中市北屯區平心里文心路四段669號3樓之1,100000,1080819
12359,82875304,沃金思國際有限公司,臺中市神岡區三角里崇德路19之5號,100000,1080821
12360,82875542,金宬精密工業有限公司,臺中市大里區大元里國光路一段82之6號,3500000,1080812
12361,82875661,長慶節能科技股份有限公司,臺中市大雅區四德里中山十二路11號1樓,10000000,1080828
12362,82875780,優浰康有限公司,臺中市西屯區西墩里西屯路三段56之5號,3000000,1080814
12363,82875851,久玳能源實業股份有限公司,臺中市大安區中庄里中海路12號1樓,3200000,1080808
12364,82875938,謙威國際有限公司,臺中市西區忠誠里精誠路52號1樓,6000000,1080808
12382,82880783,山百合精品家股份有限公司,臺中市西屯區市政北一路77號14樓之12,1000000,1080807
12423,82893400,創實克機械科技有限公司,臺中市神岡區豐洲路372之1號,1000000,1080826
12424,82893513,羿星精密工業有限公司,臺中市豐原區三村里大明路235巷1號1樓,1000000,1080819
12425,82893582,廸奧有限公司,臺中市東區台中路363號1樓,6000000,1080815
12426,82894082,葆米食品有限公司,臺中市東區合作里力行路200巷23號,4500000,1080805
12427,82894294,恆富國際有限公司,臺中市西屯區大墩20街99號5樓,500000,1080807
12428,82894484,卡仕德精密工業有限公司,臺中市大里區新仁里新仁一街112號1樓,200000,1080801
12429,82894512,芯綠開發股份有限公司,臺中市龍井區臺灣大道五段3巷62弄70號1樓,50000000,1080828
12430,82894674,詮國建設股份有限公司,臺中市西屯區市政路500號17樓之6,20000000,1080813
12431,82895316,初倉設計整合有限公司,臺中市西區土庫里五權西路1段237號6樓之3,8000000,1080809
12457,82904498,詠聖金屬有限公司,臺中市南屯區三厝里黎明東街197號12樓之5,2000000,1080806
12458,82904531,宏德乙有限公司,臺中市豐原區田心里中山路39號,3000000,1080829
12459,82904997,世農新材料股份有限公司,臺中市西屯區潮洋里朝富路213號五樓之1,1000000,1080807
12495,82913757,鑫俊達實業有限公司,臺中市西屯區大信街52號3樓之2,1000000,1080814
12496,82913784,宥沅寶國際貿易有限公司,臺中市南屯區新生里向上路三段355號20樓,1100000,1080812
12497,82913948,富山林開發建設股份有限公司,臺中市南屯區豐樂里文心南三路13號1樓,2100000,1080815
12498,82914741,永鱻國際有限公司,臺中市大肚區永順里文昌路二段474號,1000000,1080809
12499,82914995,開容美顏有限公司,臺中市北屯區中平路526號1樓,100000,1080806
12500,82915381,宇治生活科技股份有限公司,臺中市梧棲區頂寮里臨港路四段908號1樓,10000000,1080813
12501,82915713,帝璟空間應用設計有限公司,臺中市大肚區頂街里大明三街149巷10號1樓,1000000,1080802
12502,82915805,禾謙實業有限公司,臺中市沙鹿區三鹿里自立路133號1樓,150000,1080806
12503,82915827,加又陞數位有限公司,臺中市北屯區大德里雷中街40之6號1樓,500000,1080812
12504,82915967,博斐股份有限公司,臺中市西區臺灣大道二段309號8樓之2,128000000,1080807
12505,82916044,宬炘大里有限公司,臺中市大里區大明路293號2樓,1000000,1080827
12506,82916163,宥媃亮燈飾有限公司,臺中市龍井區龍津里龍津街266號,600000,1080819
12507,82916353,台灣天氣股份有限公司,臺中市西屯區大石里皇城街40號8樓之1,1000000,1080826
12553,82929765,松特煜金屬工業股份有限公司,臺中市神岡區北庄里溝心路33-1號,3000000,1080820
12554,82930361,益瑪國際實業有限公司,臺中市西區後龍里福龍街15號2樓,2000000,1080829
12555,82930524,盛谷有限公司,臺中市西區向上路一段110號8樓,150000,1080801
12556,82930664,西木子企業有限公司,臺中市南屯區同心里南屯路二段290號12樓之2,6000000,1080812
12557,82932059,創葳生醫股份有限公司,臺中市西區精誠路343號1樓,1711670,1080806
12558,82932121,諾諾投資有限公司,臺中市沙鹿區六路里平等七街11號,2000000,1080816
12559,82932142,鋐邦科技股份有限公司,臺中市豐原區東陽里東陽路69巷3號1樓,3700000,1080828
12615,82962855,榮華餐廳有限公司,臺中市西屯區國安一路168號2樓,5000000,1080802
12616,82963123,鴻祈不動產經紀有限公司,臺中市豐原區北陽里豐東路77號1樓,2000000,1080807
12617,82963593,奧茲健康生技有限公司,臺中市南區和平里忠明南路760號6樓,300000,1080827
12618,82963664,協昶興業有限公司,臺中市清水區下湳里中山路501之1號1樓,30000000,1080813
12619,82963670,全勝資產開發股份有限公司,臺中市西區民龍里日進街126號7樓之2,1000000,1080812
12620,82964426,豆家企業有限公司,臺中市西區大忠里五權西路一段257號10樓之1,100000,1080801
12621,82964636,瑞國有限公司,臺中市西屯區惠來里市政北一路31號8樓之1,1000000,1080813
12622,82964729,恩凱特國際有限公司,臺中市西屯區惠來里市政北一路359號6樓,1000000,1080807
12643,82969034,網紅指數股份有限公司,臺中市西屯區何成里文心路二段560之8號2樓之2,4410000,1080826
12644,82969219,誠德營造股份有限公司,臺中市北屯區崇德路二段130號9樓,23000000,1080808
12645,82969463,鼎向紘廣告有限公司,臺中市北區賴旺里青島路一段26-6號1樓,1000000,1080822
12646,82969610,晴天茶業有限公司,臺中市北區新北里育才南街2號一樓,2500000,1080802
12647,82969626,世大精密有限公司,臺中市北屯區太原路三段341號2樓,600000,1080829
12678,84084480,奕森營造有限公司,臺中市南屯區黎明路二段167號6樓之4,25000000,1080820
12701,84161177,錡明工業股份有限公司,臺中市大里區草堤路100巷21號,30000000,1080816
12713,84206842,弓千有限公司,臺中市北屯區仁和里昌平路二段金寶巷72號1樓,5000000,1080802
12714,84207440,瑞宏營造有限公司,臺中市龍井區沙田路五段62巷5號1樓,29000000,1080819
12723,84228819,泉鈞企業股份有限公司,臺中市西區向上路一段38號5樓之2,7000000,1080814
12725,84232546,長昱建設事業股份有限公司,臺中市太平區光隆里光興路17之21號,25000000,1080814
12733,84251819,錠發交通股份有限公司,臺中市大里區東湖里仁化路1125號3樓,25000000,1080806
12738,84254581,達旺交通股份有限公司,臺中市大雅區神林南路129巷1弄35號,29600000,1080809
12742,84261598,盎如實業股份有限公司,臺中市太平區德隆里工業二十路63號,71500000,1080805
12755,84305060,常祿實業有限公司,臺中市太平區新興里旱溪東路二段323號13樓之2,5000000,1080816
12773,84347765,東鈦企業有限公司,臺中市大肚區頂街里沙田路三段245巷81-7號,25000000,1080806
12774,84347998,慶璉實業股份有限公司,臺中市烏日區九德里九德街13號1樓,29800000,1080801
12775,84355650,利機企業股份有限公司,臺中市西屯區臺灣大道四段767號5樓之5,391145860,1080822
12778,84357502,峻榮機械股份有限公司,臺中市潭子區大富路三段大富巷26號1樓,3000000,1080806
12781,84361040,鎰銅實業股份有限公司,臺中市神岡區庄後里六張路1之5號,3000000,1080814
12783,84366501,裕盛豐工程有限公司,臺中市北屯區大德里雷中街32巷55號1樓,8000000,1080802
12786,84372932,茶陵實業有限公司,臺中市北區長青里華美街二段204之2號,15000000,1080812
12789,84381756,吉越工業有限公司,臺中市烏日區光明里五光路復光三巷32號1樓,2500000,1080805
12790,84385036,震新板金股份有限公司,臺中市南屯區寶山里工業區18路6號,21000000,1080821
12792,84391950,向虹五金實業股份有限公司,臺中市北屯區南京東路三段178號,10000000,1080816
12797,84416191,一二工業有限公司,臺中市豐原區南陽里豐原大道三段286巷85之19號1樓,1000000,1080819
12799,84419866,金昌牙科材料有限公司,臺中市北區大義街38號1樓,1000000,1080801
12802,84431502,文相塑膠股份有限公司,臺中市神岡區神岡里神圳路24之2號,5000000,1080805
12841,84521525,金泗寶工業股份有限公司,臺中市大里區樹王里東興路324號,2000000,1080815
12843,84531452,阿菲國際貿易有限公司,臺中市北區淡溝里民權路419號1樓,10000000,1080812
12844,84535443,祥永塑膠股份有限公司,臺中市北屯區舊社里敦富路415號1樓,5000000,1080826
12847,84537337,晶華家具事業有限公司,臺中市西屯區文心路三段426號1樓,2000000,1080830
12848,84539829,嘉佑興工程有限公司,臺中市北屯區軍功里松竹五路二段228號2樓,10500000,1080819
12849,84542021,富綿實業股份有限公司,臺中市北區健行路664巷4號1樓,20000000,1080820
12851,84549158,建成貨櫃有限公司,臺中市清水區橋頭里五權路41號1樓,500000,1080814
12855,84562784,牛角屋食品有限公司,臺中市北區青島路三段148號,1000000,1080801
12858,84565678,冠震工業股份有限公司,臺中市南區光輝街11號1樓,3000000,1080820
12865,84597904,生發化學生技股份有限公司,臺中市霧峰區北柳里霧工三路11號,28000000,1080801
12870,84618507,京鼎營造股份有限公司,臺中市北屯區仁和里崇德十路一段552號1樓,22500000,1080823
12871,84619246,信億文具有限公司,臺中市霧峰區吉峰路116巷10號1樓,5000000,1080821
12872,84620763,日銪股份有限公司,臺中市豐原區翁子里豐勢路一段414號,10000000,1080812
12878,84639313,名豐車體有限公司,臺中市龍井區忠和里臨港路二段50號,6000000,1080805
12881,84645933,光宇醫療儀器股份有限公司,臺中市西屯區工業區七路10號1樓,50000000,1080806
12883,84647616,中亞企業有限公司,臺中市太平區華安街108號,3000000,1080829
12893,84687150,友力機電工程股份有限公司,臺中市南區和平里忠明南路758號22樓,105000000,1080819
12894,84693462,呈凱塑膠股份有限公司,臺中市神岡區豐洲里大明路2巷7之2號,5000000,1080809
12955,84799747,柏宜建設股份有限公司,臺中市南屯區田心里南屯路二段290號10樓之2,25000000,1080812
12966,84821353,聖凡妮國際股份有限公司,臺中市西區忠明南路303號21樓之1,5000000,1080814
12967,84821728,富琮工業股份有限公司,臺中市豐原區鎌村里鎌村路231號,22000000,1080813
12971,84834759,百辰機械股份有限公司,臺中市清水區菁埔里中央北路2之66號,28000000,1080805
12983,84846164,優得發企業股份有限公司,臺中市大雅區神林路一段191之1號,12000000,1080819
12990,84874864,仕佳興業有限公司,臺中市潭子區中山路二段73巷232號,50000000,1080821
12991,84876618,鑫日正工業股份有限公司,臺中市大肚區頂街里榮華街57號,55000000,1080827
12994,84879018,有弘紙業股份有限公司,臺中市大雅區四德里龍善二街11號,80000000,1080820
12996,84883961,詳益營造工程股份有限公司,臺中市西屯區福和里臺灣大道四段925號5樓之8,37000000,1080815
12997,84884510,聚和豐營造股份有限公司,臺中市南區工學里大慶街一段126號1樓,25000000,1080814
12999,84886854,佑宜營造股份有限公司,臺中市西屯區華美西街二段311號13樓之1,25000000,1080829
13001,84892188,長慶建設股份有限公司,臺中市西區存中街16號1樓,190000000,1080806
13004,84896059,模里西斯商德沙有限公司,臺中市西屯區朝富路213號20樓之8,10000000,1080821
13022,84952018,甲宇興業有限公司,臺中市大肚區磺溪里文昌路2段202巷61號,21000000,1080814
13023,84954347,全國廣播股份有限公司,臺中市西屯區何南里臺灣大道二段659號8樓,81915600,1080805
13042,84991125,鍀發交通有限公司,臺中市大里區東湖里仁化路1125號1樓,25000000,1080806
13045,84999169,駱駝廣告事業有限公司,臺中市北區淡溝里華中街53號1樓,5000000,1080829
13046,85049026,振崴科技有限公司,臺中市南屯區文心路一段324號11樓之1,1000000,1080806
13047,85049790,宇觀室內裝修有限公司,臺中市北屯區大連路二段274巷4號1樓,1000000,1080805
13048,85053816,東成事業股份有限公司,臺中市豐原區府前街143巷3號2樓,5000000,1080826
13049,85054688,中盈管理顧問有限公司,臺中市北屯區豐樂路26之25號1樓,5000000,1080829
13051,85085660,佐晟商業有限公司,臺中市北屯區景賢南二路21號1樓,500000,1080809
13114,86074959,安帝金屬有限公司,臺中市豐原區豐原里隆豐街42巷2弄7號,5000000,1080814
13115,86076197,佳昌塗裝股份有限公司,臺中市大雅區四德里中山路307號,15000000,1080819
13116,86083752,宇廣營造股份有限公司,臺中市北區五常里五權路401-1號7樓,70000000,1080829
13117,86084730,荏煇溫室工程有限公司,臺中市后里區太平里太平路4之1號,5000000,1080827
13123,86102414,今元製模股份有限公司,臺中市西屯區西屯路三段155巷22號1樓,2000000,1080828
13152,86185266,極點股份有限公司,臺中市西區大隆路20號8樓之4,60000000,1080826
13163,86231748,華慶自行車股份有限公司,臺中市大甲區日南里經國路2542巷5號,10000000,1080809
13166,86236737,正客隆捲門股份有限公司,臺中市東勢區明正里東蘭路永盛巷154號,10500000,1080815
13172,86249368,育崧股份有限公司,臺中市北屯區東山路一段186之1號,50000000,1080801
13175,86251315,信城銅鋁金屬有限公司,臺中市豐原區南陽里安康路27號,3000000,1080807
13183,86279812,祈星實業股份有限公司,臺中市大甲區太白里通天路4號,15000000,1080801
13197,86336623,良恆工業股份有限公司,臺中市清水區臨江里中央路116之1號,29700000,1080822
13199,86340274,中廣生醫有限公司,臺中市北屯區北屯路439之17巷2弄5號11樓之2,3600000,1080801
13200,86346798,立坤股份有限公司,臺中市烏日區榮泉里振興街27號,7000000,1080814
13201,86346832,榮洲食品股份有限公司,臺中市西屯區協和里工業區41路17之1號,29000000,1080821
13202,86349633,亞夏企業有限公司,臺中市西區忠誠里臺灣大道二段501號8樓之1,2000000,1080813
13209,86365865,晨州塑膠工業股份有限公司,臺中市潭子區圓通南路93巷3號,200000000,1080805
13222,86384743,葛蘭富泵浦股份有限公司,臺中市西區民權路219號3樓,10000000,1080802
13230,86400883,鑫綠泰鑄造廠股份有限公司,臺中市大肚區王田里23鄰沙田路一段320巷31之1號,328000000,1080822
13231,86403087,茂同實業股份有限公司,臺中市大里區西湖里西湖路187巷10號,5000000,1080801
13232,86407886,睦昇營造股份有限公司,臺中市南屯區田心里南屯路二段290號10樓之1,100000000,1080809
13238,86413923,巨立實業股份有限公司,臺中市大里區仁化里工業九路158號,120000000,1080813
13283,86530540,展盟股份有限公司,臺中市南屯區文心里大墩路393號4樓,5000000,1080802
13284,86531230,世海營造工程股份有限公司,臺中市烏日區長春街176號5樓之2,45000000,1080802
13288,86547465,大聯奈米生技有限公司,臺中市南屯區南屯路二段408號10樓之8,1500000,1080801
13289,86550046,欣潔環保工程股份有限公司,臺中市豐原區田心里大明路11號,28000000,1080829
13294,86567709,中港有限公司,臺中市清水區海濱里力行路30巷2號,6000000,1080819
13299,86581863,極立機械實業有限公司,臺中市烏日區北里里太明路7之1號,3000000,1080816
13305,86607174,增大股份有限公司,臺中市南區工學里德富路289巷12號,29500000,1080805
13308,86612578,兆昶企業有限公司,臺中市大里區祥興里喬城路34號,1000000,1080820
13312,86619684,中一瓦斯股份有限公司,臺中市北區健行路607號1樓,12000000,1080820
13328,86651109,豐喜塑膠股份有限公司,臺中市太平區太平里新仁路一段22巷39號1樓,5000000,1080829
13338,86682530,宏毅興業股份有限公司,臺中市東勢區泰興里石城街483號1樓,14000000,1080809
13354,86700452,三鋒機器工業股份有限公司,臺中市大里區工業十一路155號1樓,99880000,1080827
13371,86746540,大益氣體股份有限公司,臺中市外埔區永豐里外埔路76號,15300000,1080806
13373,86757291,博大科技股份有限公司,臺中市南屯區工業區22路36號,726094040,1080815
13374,86759734,欣盛冷凍空調工程有限公司,臺中市北屯區軍功里軍功路二段550巷31號1樓,5000000,1080826
13377,86773763,巨太工程顧問股份有限公司,臺中市北區立人里陜西路108號9樓之2,7500000,1080826
13383,86801705,史努比有限公司,臺中市西屯區福雅里福科路382號1樓,1000000,1080813
13387,86815623,豐德興業股份有限公司,臺中市西屯區大墩二十街118號7樓之1,28500000,1080822
13390,86822645,晟順有限公司,臺中市北區漢陽街56號1樓,5000000,1080801
13394,86825452,天綠清潔工程股份有限公司,臺中市太平區中山里中山路二段499巷2弄7號,3000000,1080826
13396,86829416,德晨企業有限公司,臺中市北屯區東山路一段220之8號10樓,1000000,1080826
13408,86872193,高平國際科技有限公司,臺中市北區梅亭街90巷3弄12號,5000000,1080827
13431,86946667,永易立股份有限公司,臺中市南屯區文山里寶山六街36號1樓,15000000,1080826
13434,86972518,淳銘機械股份有限公司,臺中市太平區中興里永平路二段476巷118號,6000000,1080829
13440,86981636,經功有限公司,臺中市大里區西湖里西柳街40號,500000,1080821
13443,86990754,飛樂數位有限公司,臺中市豐原區豐田里豐南街46號,29700000,1080807
13444,86992351,維也納國際教育事業有限公司,臺中市豐原區社皮里中正路814-9號,500000,1080820
13446,86999024,泰興毅彈簧五金股份有限公司,臺中市烏日區北里里太明路成豐巷70之8號,3000000,1080806
13457,89205174,耕基工程有限公司,臺中市東區東英七街156號,2000000,1080805
13458,89208046,能匠自動化機械股份有限公司,臺中市西屯區逢甲里西屯路二段256巷6號14樓之6,40000000,1080805
13461,89212702,開元電訊有限公司,臺中市烏日區五光里環河路一段1036巷20號,27000000,1080814
13463,89215686,順成燈飾有限公司,臺中市大里區長榮里德芳南一街175號1樓,1000000,1080822
13464,89220787,翰儒空調冷凍有限公司,臺中市北屯區文昌東十一街29之2號,20000000,1080812
13467,89222624,峻易有限公司,臺中市大里區東興里永興路336號1樓,5000000,1080809
13468,89225827,台灣慧穎機械工業股份有限公司,臺中市豐原區社皮里社皮路123巷5弄76號,10000000,1080819
13469,89228394,騰豐營造有限公司,臺中市北區健行里民權路559號11樓之3,25000000,1080815
13474,89233137,宥舜工程股份有限公司,臺中市西區五權西路一段257號14樓之1,52500000,1080826
13487,89290592,楓采禮國際實業有限公司,臺中市西區博館三街100號底層之4,25000000,1080809
13491,89298089,佳龍交通有限公司,臺中市梧棲區南簡里大智路一段684號1樓,25000000,1080806
13493,89299094,旺聖工業股份有限公司,臺中市大里區大里里大里路501巷16弄10號1樓,2000000,1080805
13496,89303267,雅生股份有限公司,臺中市清水區海濱里海濱路347號1樓,3200000,1080809
13500,89310485,利兆鑫企業有限公司,臺中市南屯區大墩五街154號1樓,1000000,1080801
13504,89317874,新世邦公寓大廈管理維護股份有限公司,臺中市西屯區大信街50號6樓之2,10000000,1080814
13511,89339151,進旌工業股份有限公司,臺中市大肚區成功里文昌路三段1巷151號,6000000,1080812
13513,89343649,盛弘機械工程有限公司,臺中市梧棲區草湳里自立2街434號,10000000,1080802
13527,89372897,易陞股份有限公司,臺中市豐原區豐田里豐南街240巷326號,4800000,1080805
13532,89384134,宏驎實業有限公司,臺中市大雅區雅潭路四段371號,20000000,1080801
13580,89528370,佳樂消防安全設備有限公司,臺中市大甲區經國路2698號,5200000,1080807
13585,89535288,銘汎有限公司,臺中市南區復興北路767號9樓之3,5000000,1080814
13588,89538089,德翰醫療器材有限公司,臺中市大雅區四德里學府路76巷67號1樓,3000000,1080806
13590,89542393,容拓營造股份有限公司,臺中市西屯區文心路三段296號10樓,40000000,1080815
13592,89544104,豪林室內裝修設計有限公司,臺中市東區東英七街15號1樓,12000000,1080827
13595,89549728,鈜星企業股份有限公司,臺中市南屯區公益路二段51號13樓,12000000,1080802
13605,89568013,郡嘉精密股份有限公司,臺中市神岡區社南里中山路851巷28弄4號,15000000,1080815
13609,89583886,源良製刀工業股份有限公司,臺中市潭子區栗林里豐栗路133巷15號,28500000,1080802
13625,89639208,貝司特管理顧問有限公司,臺中市北屯區旅順路一段142號3樓,2500000,1080806
13628,89640423,勝貿企業股份有限公司,臺中市大肚區福山里沙田路一段567號,5000000,1080801
13629,89645258,益僑工業股份有限公司,臺中市神岡區岸裡里大富路61巷62號,10000000,1080802
13632,89647158,巨洲實業股份有限公司,臺中市烏日區溪尾里溪岸路9-6號,28000000,1080828
13633,89649590,宜協企業有限公司,臺中市豐原區富翁街276之5號,3000000,1080812
13648,89680450,輝陽企業股份有限公司,臺中市大雅區大楓里前村東路33號,5000000,1080813
13653,89694216,中亞太電子股份有限公司,臺中市西屯區天水西三街22號1樓,10000000,1080806
13654,89697348,立穩營造股份有限公司,臺中市烏日區高鐵五路156號11樓,120000000,1080806
13655,89698070,新環隆機械工業股份有限公司,臺中市烏日區三榮十六路1巷162弄1號1樓,50000000,1080815
13658,89715752,西捷克科技股份有限公司,臺中市西區大全街37之5號1樓,5000000,1080816
13669,89742815,中章機械工程有限公司,臺中市西屯區西安街40號1樓,3000000,1080820
13689,89802221,逸陞機械有限公司,臺中市烏日區五光路189巷138號,29000000,1080813
13690,89804494,法義達有限公司,臺中市西屯區何德里寧夏路137號,5000000,1080813
13691,89805825,永馥有限公司,臺中市北區金華里雙十路二段101號4樓之3,5000000,1080823
13692,89806985,駿驊交通有限公司,臺中市梧棲區南簡里大智路一段698號3樓,25000000,1080819
13693,89807437,知高加油站有限公司,臺中市南屯區寶山里五權西路三段208號,12000000,1080805
13696,89827335,大任電腦有限公司,臺中市北區錦平里光大街162號1樓,5000000,1080808
13698,89829690,好馬科技開發有限公司,臺中市大里區西湖里大峰路579號,5000000,1080823
13703,89836691,祥育木業股份有限公司,臺中市后里區后里里三豐路四段128號,1000000,1080815
13713,89852489,國緯營造股份有限公司,臺中市西區後龍里民權路213巷8號1樓,50000000,1080814
13714,89856719,承源印刷股份有限公司,臺中市西屯區永安里國安一路67-2號15樓之3,28000000,1080830
13717,89862965,洽興營造有限公司,臺中市梧棲區民生西街231號1樓,3600000,1080808
13718,89863042,十方齋食品有限公司,臺中市東區振興里忠孝路459號二樓,1000000,1080801
13720,89871367,仲賓汽車貨運有限公司,臺中市龍井區東海里臺灣大道五段232號2樓,30000000,1080828
13729,89896677,旭鉢工業股份有限公司,臺中市豐原區西湳里國豐路一段691巷45號,5000000,1080802
13733,89904894,軍霖工業股份有限公司,臺中市大肚區永和里溪洲路301號,6000000,1080805
13737,89925407,亞新國土科技股份有限公司,臺中市西區五權三街263號,18000000,1080828
13738,89926975,源三興股份有限公司,臺中市大里區新仁一街114號1樓,5000000,1080808
13750,89964999,大總統文化事業有限公司,臺中市中區建國路125巷4號2樓,600000,1080820
13757,89987965,長興億實業有限公司,臺中市北屯區經貿一路108巷143號1樓,3000000,1080826
13759,89996177,友尚工程股份有限公司,臺中市西區忠明里博館路117號7樓之3,1000000,1080814
13760,89999358,炘展工業有限公司,臺中市豐原區南陽里南陽路南陽新村34號,2000000,1080801
13792,96878386,日隆企業有限公司,臺中市新社區中和街五段33巷61-5號,5000000,1080805
13794,96878581,台竣實業股份有限公司,臺中市西屯區工業區33路1之1號3樓,120000000,1080807
13795,96880545,潤森股份有限公司,臺中市北區立人里華美街二段262號5樓之2,20000000,1080829
13802,96889320,萬和加油站股份有限公司,臺中市南屯區黎明路一段515號,12000000,1080828
13805,96900388,線讚實業有限公司,臺中市大肚區頂街里沙田路三段245巷80之1號,21000000,1080813
13814,96917780,固群工程有限公司,臺中市沙鹿區鹿峰里中山路580巷3號,1000000,1080808
13827,96941347,美加國際旅行社有限公司,臺中市西區公益路217號1樓,10000000,1080807
13858,97015248,進呈營造股份有限公司,臺中市東區東門里東光園路100巷6弄173號1樓,3000000,1080801
13859,97015789,研心實業股份有限公司,臺中市西屯區福恩里工業區一路6巷12號4樓,28000000,1080809
13861,97033225,捷朋科技工業股份有限公司,臺中市大里區中興路一段2巷5號1樓,14000000,1080826
13865,97039810,德緣儀器股份有限公司,臺中市烏日區烏日里民權街81號,12000000,1080801
13869,97049556,貫煜工業股份有限公司,臺中市霧峰區霧工六路3之1號,29000000,1080821
13873,97062852,峻豐企業股份有限公司,臺中市神岡區社南里民生路119號,10000000,1080807
13879,97073859,山鐵螺絲有限公司,臺中市東區樂成里東光園路416號一樓,29750000,1080807
13922,97164062,台瑞國際股份有限公司,臺中市潭子區大成街124巷3號1樓,1000000,1080815
13941,97176790,大台中數位有線電視股份有限公司,臺中市大里區愛心路55號1樓,1300000000,1080806
13948,97182857,育彰有限公司,臺中市北屯區平德里北平路三段75之9號1樓,14900000,1080805
13955,97217666,億富加油站股份有限公司,臺中市東勢區詒福里東關路六段437號,5000000,1080815
13957,97222443,尚恆金屬工業有限公司,臺中市太平區鵬儀路342巷6弄4號1樓,10000000,1080826
13958,97223365,台灣馬恩特科技有限公司,臺中市大肚區蔗里中蔗路30之6號,6000000,1080822
13961,97231610,聖詮科技股份有限公司,臺中市南屯區工業區20路36號1樓,500000000,1080812
13963,97239710,葳翔營造股份有限公司,臺中市東區精武路134巷5號1樓,15000000,1080809
13966,97253276,元伸企業管理顧問有限公司,臺中市龍井區新東里新興路22巷1弄24號,1000000,1080822
13967,97265890,日日新國際商業股份有限公司,臺中市中區中華路一段58號1至10樓,34000000,1080809
14003,97342382,興源汽車有限公司,臺中市大雅區二和里雅潭路四段481號,5000000,1080812
14004,97342876,大錸開發股份有限公司,臺中市西屯區市政北一路77號11樓之6,35000000,1080813
14006,97343827,誠勇營造有限公司,臺中市北屯區北屯里崇興路一段1號10樓之2,22500000,1080814
14007,97344396,旭利興有限公司,臺中市神岡區神岡里神圳路5號,5000000,1080829
14008,97347730,俊儒企業有限公司,臺中市霧峰區錦州路313號,15000000,1080828
14019,97369001,訊億電子股份有限公司,臺中市大甲區日南里幼七路7號,10000000,1080820
14026,97382721,寶聖通訊工程有限公司,臺中市北屯區北屯路226之1號1樓,500000,1080827
14030,97397029,大陽科技股份有限公司,臺中市西屯區協和里工業區三八路210號3樓之5,539577500,1080801
14034,97405484,明典實業股份有限公司,臺中市南區永和里南和一街11巷16號1樓,5000000,1080822
14037,97413843,大銀微系統股份有限公司,臺中市南屯區春社里精科中路6號,1064082410,1080806
14039,97421695,華岡保全股份有限公司,臺中市北區進化北路392之2號10樓之2,44800000,1080821
14053,97470175,東櫻綜合百貨股份有限公司,臺中市大甲區中山路二段903之1號,2000000,1080813
14060,97494351,傑泰企業有限公司,臺中市大里區塗城里塗城路43號1樓,10000000,1080812
14062,97503611,正証光機械股份有限公司,臺中市太平區德隆里工業20路99號,28000000,1080823
14064,97511598,添富機械工業股份有限公司,臺中市大里區樹王里樹王路439巷30號,6000000,1080827
14065,97513218,台灣麗偉電腦機械股份有限公司,臺中市西屯區協和里工業區33路23號,613469250,1080807
14066,97528802,春承水電工程有限公司,臺中市西屯區何厝里何厝東二街23號9樓之3,3160000,1080806
14067,97532411,建欣鍋爐工程有限公司,臺中市烏日區中山路1段210巷30號,10000000,1080812
14068,97559895,龍合企業股份有限公司,臺中市大里區塗城路735巷16弄10號1樓,5000000,1080807
14069,97561787,毅泰交通事業有限公司,臺中市豐原區豐原里東北街55號1樓,10000000,1080819
14070,97572264,新盟輪鐵工廠股份有限公司,臺中市大里區仁化路100巷6號1樓,9000000,1080805
