序號,統一編號,公司名稱,公司所在地,資本額,核准變更日期
18,01987125,翔大機械股份有限公司,臺中市西屯區工業區三十六路19號,28000000,1081028
84,04473796,鉅鈜營造股份有限公司,臺中市西屯區惠來里市政北一路359號6樓,22500000,1081007
104,04691821,菱友股份有限公司,臺中市東區東門里振興路232號二樓,30000000,1081015
139,05693852,受昌企業有限公司,臺中市大雅區大雅里建德路78號1樓,1000000,1081025
140,05693889,永鑫營造有限公司,臺中市豐原區市前街67號2樓,3600000,1081016
143,05831840,欽元造機股份有限公司,臺中市大里區內新里新仁路2段241巷1號,10000000,1081025
144,05832159,伍義實業股份有限公司,臺中市西屯區何源里華美西街二段333號17樓之6,10000000,1081025
145,05836872,井昌塑膠股份有限公司,臺中市太平區太平里永豐路291巷26弄7號,10000000,1081022
161,07231006,亞細亞貿易股份有限公司,臺中市西屯區協和里工業區32路72號1樓,20000000,1081014
311,12604835,國朕營造股份有限公司,臺中市東區南京東路一段336之3號4樓,15000000,1081028
315,12609368,樺電通訊科技有限公司,臺中市東區德興一街159巷9號1樓,2000000,1081007
328,12625590,進泰水電工程有限公司,臺中市烏日區仁德里文德街112號1樓,2000000,1081028
330,12631489,峻豊營造有限公司,臺中市北區梅川里漢口路四段287巷7號4樓之8,3600000,1081002
332,12632071,原森營造有限公司,臺中市西區精誠十八街37號2樓,8000000,1081016
335,12642084,統鉦精密工業股份有限公司,臺中市南區樹義里1鄰樹義六巷5之1號、5之15號,28000000,1081005
368,12702575,高市高爾夫股份有限公司,臺中市南屯區保安五街201號1樓,130000000,1081005
370,12705518,鼎金工程有限公司,臺中市北屯區和平里祥順路二段500之61號地下1樓,3000000,1081008
378,12718302,惠有實業有限公司,臺中市東區東光園路33巷7號5樓之1,5000000,1081001
379,12718372,家裡蹲創意印刷股份有限公司,臺中市西屯區大河街8號4樓,50000000,1081006
380,12718984,尊博科技股份有限公司,臺中市西屯區工業區38路210號6樓之1、6樓之2、6樓之3、6樓之5,400000000,1081024
381,12722903,寬盈投資股份有限公司,臺中市潭子區潭子街3段公廳巷69號1樓,16800000,1081003
386,12739475,衛司特科技股份有限公司,臺中市西屯區何成里大墩19街186號6樓之1,133000000,1081024
392,12750490,東進實業股份有限公司,臺中市北區五權路375號13樓,25000000,1081017
395,12752271,鉅昭工業有限公司,臺中市東區精武路39巷30弄72號1樓,5000000,1081009
396,12755235,古蕾登實業有限公司,臺中市烏日區高鐵路一段2號,3500000,1081009
399,12765206,優然食品生技股份有限公司,臺中市大雅區四德里中山八路122號,5000000,1081023
405,12770550,益民電熱有限公司,臺中市大里區大元里環中東路七段36巷5號1樓,5000000,1081030
412,12775719,立融儀器貿易有限公司,臺中市西屯區黎明路三段527號1樓,49000000,1081002
415,12782922,優聖美有限公司,臺中市西屯區何仁里寧夏路221之1號1樓,1000000,1081009
423,12795320,陽舜實業有限公司,臺中市大里區慈德路310巷12弄7號,3000000,1081017
424,12796411,順頡成建築工程股份有限公司,臺中市北屯區安順北二街58號一樓,3600000,1081028
428,12802321,同益興機電工程有限公司,臺中市潭子區頭家里大通街114號1樓,5000000,1081021
429,12802722,康晟投資股份有限公司,臺中市龍井區新興路25巷1弄5號1樓,1220000,1081005
430,12803193,新禾彩國際有限公司,臺中市龍井區新東里臺灣大道五段23之3號1樓,1000000,1081022
436,12815557,御家室內裝潢股份有限公司,臺中市大里區東興里東榮路442之4號,5000000,1081022
437,12819385,壺山投資股份有限公司,臺中市大里區大明路317巷30號1樓,18000000,1081008
444,12830987,帝龍有限公司,臺中市大里區中興路二段81號1樓,7000000,1081014
445,12831629,宏緯醫療儀器有限公司,臺中市西屯區潮洋里朝富路213號23樓之11,5000000,1081028
450,12842490,永舜營造股份有限公司,臺中市西屯區西屯路二段256巷6號7樓之2,25000000,1081017
451,12844265,喬拓國際股份有限公司,臺中市北屯區景賢路107號1樓,7000000,1081021
473,12892293,永隆投資股份有限公司,臺中市北區明德里太原六街一八號一樓,29000000,1081006
476,12898629,金大立食品有限公司,臺中市大雅區西寶里昌平路三段596巷70號1樓,5000000,1081022
480,12902953,日典水電工程有限公司,臺中市北區建成里東光八街40號1樓,6000000,1081003
525,12992510,台中數控科技有限公司,臺中市北屯區安順東二街33號1樓,1000000,1081025
526,12993433,辰泰國際企業有限公司,臺中市霧峰區四德路495號,26000000,1081008
536,13008244,鵬喬實業有限公司,臺中市南屯區文心路一段186號4樓之11,7750000,1081024
539,13009378,上和自動化有限公司,臺中市潭子區家福里得才街9巷15號1樓,500000,1081002
540,13011971,坤照有限公司,臺中市烏日區前竹里光明路157巷87號1樓,3000000,1081002
541,13013289,文忠葬儀有限公司,臺中市龍井區龍泉里南社路一段150號1樓,900000,1081017
551,13029590,連洋科技有限公司,臺中市西屯區惠來路三段74巷5號1樓,5700000,1081029
562,13039437,黎龍股份有限公司,臺中市北屯區北屯路60之3號1樓,13000000,1081017
563,13039534,年盈實業有限公司,臺中市北區樂英里精武路216號1樓,2000000,1081018
564,13041588,吉佑營造有限公司,臺中市西屯區臺灣大道四段925號19樓之1,5000000,1081028
570,13051163,仁徠貿易股份有限公司,臺中市西區中興里公益路155巷102號,30000000,1081016
572,13055294,新佳欣消防有限公司,臺中市南區崇倫里建國南路一段245號1樓,1000000,1081016
575,13056977,活克國際設計有限公司,臺中市南屯區黎明東街68之1號,3900000,1081021
576,13057477,維元興業股份有限公司,臺中市梧棲區南簡里民和東街115號1樓,6000000,1081016
582,13065820,冠鋒鋼品股份有限公司,臺中市大里區仁德里仁化路337號,100000000,1081022
583,13069494,通連股份有限公司,臺中市潭子區得福街113巷36號1樓,25000000,1081028
584,13070680,多富貿易有限公司,臺中市北區漢口路四段255號3樓,29000000,1081004
586,13071689,晶銳營造有限公司,臺中市沙鹿區光華路400巷13號,3000000,1081028
589,13076039,格品實業有限公司,臺中市南屯區大同里精誠路426號1樓,2880000,1081015
591,13077852,金風昌股份有限公司,臺中市東區旱溪里東光路66號,20000000,1081024
620,13119733,品濠國際有限公司,臺中市西區民龍里台灣大道二段285號20樓,2000000,1081008
695,16021635,綠崧企業有限公司,臺中市潭子區昌平路三段352巷8號1樓,5000000,1081003
698,16026884,達瞬企業有限公司,臺中市龍井區竹坑里茄投路一段85巷20號,15000000,1081002
699,16033317,樺承印刷有限公司,臺中市大里區文化街314號1樓,10000000,1081005
703,16047380,大瞬企業有限公司,臺中市西區法院前街9號一樓,5000000,1081029
706,16053565,天驤股份有限公司,臺中市大肚區沙田路三段245巷107號,15000000,1081008
707,16055992,海洋企管顧問有限公司,臺中市北區文心路四段200號8樓之5,9000000,1081018
712,16072556,笠林國際有限公司,臺中市北屯區新興路18巷92號1樓,10000000,1081018
777,16203419,金莊嚴家具精品有限公司,臺中市北區漢口路三段76之2號2樓,2000000,1081008
778,16205556,音象網路科技股份有限公司,臺中市西區民龍里臺灣大道二段239號十一樓之1,30000000,1081014
779,16206909,立吉興國際股份有限公司,臺中市北區頂厝里進化北路238號10樓之3,12000000,1081009
782,16211121,松穎顧問有限公司,臺中市西屯區黎明路3段690號1樓,10000000,1081014
786,16221612,多電工業股份有限公司,臺中市神岡區新庄里溪頭路173號,60000000,1081018
801,16244930,強龍有限公司,臺中市神岡區豐洲里前寮路62之2號,2000000,1081017
803,16250679,精英建設股份有限公司,臺中市南屯區文心路一段73號11樓之1,70000000,1081001
806,16258975,呈宏文化事業有限公司,臺中市西屯區西屯路二段253巷16號6樓之3,1000000,1081004
808,16260662,錦柏實業有限公司,臺中市西區土庫里五權西六街66號1樓,3000000,1081023
814,16266223,晟訊股份有限公司,臺中市南區福平里美村路2段238巷3號1樓,1000000,1081016
818,16271204,樺陽投資股份有限公司,臺中市北屯區文心路四段288號1樓,5000000,1081015
849,16338710,詠農工業股份有限公司,臺中市神岡區岸裡里大富路147巷18號,158000000,1081028
853,16343452,偉金工業有限公司,臺中市大里區新仁里新仁一街113巷12號1樓,500000,1081029
870,16376896,亞洲國際工程股份有限公司,臺中市南屯區同心里文心路一段186號18樓之7,22500000,1081030
872,16382171,晉記科技股份有限公司,臺中市霧峰區舊正里中正路2巷2號,7000000,1081014
887,16425398,煜益鋁業股份有限公司,臺中市龍井區忠和里海尾路278巷9號,276091200,1081007
891,16430337,大安聯合股份有限公司,臺中市南屯區同心里文心路一段218號11樓之1,40000000,1081021
937,16535326,科普科技股份有限公司,臺中市東區旱溪里進化路52號1樓,50000000,1081014
938,16535727,玟揚精密工業股份有限公司,臺中市豐原區三村里三和路354巷97弄1號,29500000,1081023
943,16541328,勤益保全股份有限公司,臺中市北屯區昌平路一段95之8號13樓,40000000,1081028
949,16553457,達弘通信有限公司,臺中市南屯區三義里市政南二路188巷11號1樓,2000000,1081003
956,16567213,伸安泰工業股份有限公司,臺中市大甲區幸福里東明路148之2號,13200000,1081024
958,16567494,台灣金谷國際有限公司,臺中市西區臺灣大道二段181號地下一層,4990000,1081017
980,16639877,台唐營造股份有限公司,臺中市西區英才路449號3樓,60000000,1081022
986,16650747,權緯建材股份有限公司,臺中市龍井區中華路三段1號,35000000,1081009
988,16655052,諦揚實業有限公司,臺中市后里區義里里甲后路一段300號1樓,3000000,1081007
989,16657143,美司文化事業股份有限公司,臺中市西屯區惠來里市政路386號10樓之2,13300000,1081016
994,16665517,百駟股份有限公司,臺中市西屯區西屯路二段256巷6號13樓之10,19000000,1081009
1001,16687759,達振營造有限公司,臺中市大甲區朝陽里中山路一段979號1樓,5000000,1081004
1005,16693387,岱禾實業有限公司,臺中市大里區東興路459號1樓,2000000,1081018
1010,16698849,橋王投資顧問企業股份有限公司,臺中市北屯區大坑里東山路二段77之11號2樓,25000000,1081016
1012,16699570,昕榮工業股份有限公司,臺中市霧峰區五福西路102號,5000000,1081008
1014,16704862,巴斯特製藥科技顧問股份有限公司,臺中市西屯區逢甲里西屯路二段256巷6號13樓之10,6195650,1081014
1021,16715328,兌德企業有限公司,臺中市東區進化路205巷30號1樓,1000000,1081022
1027,16724115,葆億股份有限公司,臺中市神岡區社南里中山路667巷32弄27號1樓,5000000,1081030
1037,16738531,駿億營造股份有限公司,臺中市西屯區大墩二十街116號2樓之2,6000000,1081001
1088,16832727,雅適國際股份有限公司,臺中市大雅區雅潭路四段303號,119597500,1081030
1099,16854051,任穎實業有限公司,臺中市西屯區何仁里永昌街98號3樓,600000,1081031
1103,16860357,涪原工業股份有限公司,臺中市北屯區東山路一段291之1號2樓,60000000,1081007
1109,16864797,台灣微轉股份有限公司,臺中市神岡區社南里中山路847巷2弄2號,94500000,1081030
1117,16877940,泰豐行開發自行車有限公司,臺中市霧峰區四德里四德路489之10號,4000000,1081016
1119,16879778,宏華機械有限公司,臺中市太平區新仁路1段臨2之2號,5000000,1081025
1120,16882444,煌煜企業有限公司,臺中市大里區國光里國光路二段146號1樓,500000,1081004
1121,16882900,合作加油站有限公司,臺中市豐原區三村里西勢路495號,5000000,1081022
1125,16887073,動力自動化工程有限公司,臺中市烏日區榮泰街100巷21弄17號1樓,500000,1081025
1136,16902027,聰宜實業股份有限公司,臺中市烏日區烏日里環河西路50巷8號,25000000,1081023
1139,16908958,鼎欣開發實業有限公司,臺中市北區台中港路1段242號6樓之3,5000000,1081014
1140,16909112,承澤營造有限公司,臺中市大里區長榮里中興路二段109之5號1樓,5000000,1081024
1159,16953741,葳鼎勝國際有限公司,臺中市清水區南社里南華路6巷74號1樓,2000000,1081004
1161,16956698,冠盛紙業股份有限公司,臺中市大里區塗城路611號1樓,5000000,1081003
1162,16957351,水瓶座設計有限公司,臺中市西屯區上德里弘孝路29號10樓之1,5000000,1081022
1171,16968701,英寶科技股份有限公司,臺中市清水區吳厝里吳厝路158號,10000000,1081014
1178,16981964,怡泰豐塑膠有限公司,臺中市西屯區港尾里同志巷59號,500000,1081003
1182,16990210,秉鴻營造有限公司,臺中市北屯區大連路一段六六巷二號一樓,4000000,1081016
1228,20982120,鑽全實業股份有限公司,臺中市西屯區工業區36路24號,1385706400,1081007
1246,22059074,鏈發射出機械股份有限公司,臺中市南區樹德里樹德1巷12號,70000000,1081021
1249,22063112,原光立金屬工業股份有限公司,臺中市潭子區弘智街265巷2弄6號,33000000,1081002
1255,22082645,聯毅實業有限公司,臺中市潭子區東寶里雅潭路二段152巷18弄1號,12000000,1081016
1268,22108639,豐彬製模股份有限公司,臺中市烏日區前竹里中山路一段229巷22弄11號1樓,14110000,1081004
1271,22118171,鋐霖電機工程有限公司,臺中市豐原區三村里三和路354巷97弄2之2號,5000000,1081028
1291,22200468,來有企業有限公司,臺中市龍井區南寮里中沙路南寮巷52號,7200000,1081028
1293,22211486,璽佑嘻股份有限公司,臺中市西區民龍里臺灣大道二段309號9樓,20000000,1081003
1295,22213040,鋐新化工廠股份有限公司,臺中市神岡區庄後里中車路20號,6000000,1081015
1300,22221148,成鍊塑膠股份有限公司,臺中市梧棲區草湳里12鄰梧南路1之8號,20000000,1081016
1304,22231342,和杰工業股份有限公司,臺中市太平區永平路二段123巷50號,20000000,1081022
1306,22234523,大一自動化夾具股份有限公司,臺中市神岡區中山路851巷35弄18號1樓,7500000,1081023
1308,22240433,景鴻實業股份有限公司,臺中市梧棲區永安里向上路九段322巷51號1樓,5000000,1081002
1326,22285705,鴻鑫模座股份有限公司,臺中市西屯區協和里工業區十二路10號,50000000,1081014
1335,22304787,凱鵬電機通信有限公司,臺中市西屯區何明里忠義街158號,2000000,1081024
1366,22390474,邁鑫機械工業股份有限公司,臺中市南屯區精科八路8號,300000000,1081018
1367,22392347,成龍塑膠廠股份有限公司,臺中市梧棲區草湳里自強路388號,70000000,1081007
1369,22406335,維驤股份有限公司,臺中市大肚區大肚里育英路24號,5000000,1081008
1418,22562969,飛羚電機工程股份有限公司,臺中市南屯區春社里忠勇路19之68號1樓,75000000,1081022
1423,22576886,瑞峯超硬刀具有限公司,臺中市南區大慶街二段49之26號1樓,5000000,1081009
1436,22627822,威堡機械工業有限公司,臺中市豐原區萬順二街99號,500000,1081017
1448,22669884,積水塑膠管材股份有限公司,臺中市梧棲區經一路18號,456000000,1081007
1465,22700604,福紋工業股份有限公司,臺中市西屯區何安里台灣大道二段960號6樓,29000000,1081004
1467,22701462,右新工業股份有限公司,臺中市太平區永豐路55巷5號,8000000,1081003
1472,22718013,坤茂貿易有限公司,臺中市西區民生里自由路一段101號12樓之4,5000000,1081014
1488,22781731,台灣食品機械股份有限公司,臺中市南區復興路一段236號2樓,5000000,1081028
1490,22783098,弘業企業管理顧問有限公司,臺中市大里區日新里吉隆路17巷25號,1000000,1081021
1492,22784126,尚明工業股份有限公司,臺中市神岡區豐洲里東洲路23巷42號,10000000,1081008
1503,22808128,群拓股份有限公司,臺中市大肚區永和里溪洲路266號,7000000,1081014
1506,22811051,盛鑫實業股份有限公司,臺中市龍井區忠和里工業路173巷58號,50000000,1081024
1509,22822640,宏興麵粉廠股份有限公司,臺中市大肚區福山里沙田路一段369號,76500000,1081001
1521,22853690,台灣日油股份有限公司,臺中市大肚區社腳里沙田路一段854巷67之3號,50000000,1081024
1542,22914985,崇銘紡織企業有限公司,臺中市沙鹿區興安里永寧路299號1樓,5000000,1081024
1544,22920403,良苙機械股份有限公司,臺中市大雅區秀山里雅秀路247號,20000000,1081028
1551,22940180,新惠碁股份有限公司,臺中市北區館前路19號7樓之4,15000000,1081023
1556,22950314,聯盛機電工業股份有限公司,臺中市大里區仁化路225號,30698550,1081024
1561,22958456,冠鈞建設股份有限公司,臺中市西區公益路161號13樓之1,115000000,1081021
1566,22977236,梧濟工業股份有限公司,臺中市南屯區工業20路1號,540800000,1081021
1573,22989177,協倫精機股份有限公司,臺中市西屯區協和里工業區三十路2號,15000000,1081025
1577,22998041,漢韻實業有限公司,臺中市大里區東榮路55巷42弄30號1樓,5000000,1081022
1578,22999766,洽群機械股份有限公司,臺中市神岡區三角里三社路52巷16號,150000000,1081031
1579,23000707,鴿德貿易股份有限公司,臺中市西屯區逢甲里福上巷龍欣三弄25號1樓,6000000,1081029
1580,23002493,七宇實業股份有限公司,臺中市石岡區豐勢路471巷5號,105000000,1081001
1582,23005702,玄順塑膠企業股份有限公司,臺中市梧棲區永安里中央路一段31號,5000000,1081024
1590,23041046,久商行國際股份有限公司,臺中市西屯區何源里河南東一街19之1號3樓,5000000,1081025
1596,23056595,安鈦工業股份有限公司,臺中市東區旱溪里進化路54號1樓,26000000,1081025
1605,23075283,旭春股份有限公司,臺中市新社區中正里中和街五段123號,245000000,1081016
1614,23101590,昌臨實業股份有限公司,臺中市西屯區協和里工業區35路20號,85000000,1081015
1616,23103529,精輪工業股份有限公司,臺中市太平區太平23街43號,5000000,1081001
1618,23105630,振漢資訊股份有限公司,臺中市西屯區甘河路82號1樓,1000000,1081006
1620,23113940,台灣櫻花股份有限公司,臺中市大雅區雅潭路4段436號,2211211880,1081003
1635,23174256,大力自動控制有限公司,臺中市東區東信里樂業路488號1樓,5000000,1081029
1637,23188435,佳隆汽車股份有限公司,臺中市大里區國中路311號,2000000,1081014
1643,23198525,台灣優粒子股份有限公司,臺中市太平區德利路88號1樓、2樓,156000000,1081009
1665,23233558,瑞銓企業有限公司,臺中市神岡區社南里中山路851巷37弄14號,5000000,1081022
1666,23234803,利鋼機械工業股份有限公司,臺中市大里區仁化里工業十二路7號,18000000,1081001
1668,23240538,上立儀器有限公司,臺中市北屯區水景里東山路一段210巷12弄25-3號,5000000,1081031
1669,23243042,連豐金屬壓鑄股份有限公司,臺中市太平區中興里新平路一段279巷65號,5000000,1081001
1676,23258797,利裕工業股份有限公司,臺中市神岡區庄後里中車路48號,5000000,1081018
1678,23261287,天盟實業股份有限公司,臺中市大里區金城里向學路15號,48000000,1081002
1680,23276649,達勇工業股份有限公司,臺中市北屯區大連路三段135號1樓,5000000,1081005
1713,23356925,立綺實業有限公司,臺中市南屯區萬和路一段20之14號1樓,25000000,1081025
1717,23374888,詮懋實業有限公司,臺中市南屯區文山里精科三路10號,70000000,1081022
1729,23401512,友竹股份有限公司,臺中市北屯區天津路三段166號1樓,24000000,1081031
1762,23484745,大才不銹鋼股份有限公司,臺中市南屯區文山里精科二路9號,145000000,1081021
1764,23488622,台益有限公司,臺中市神岡區三角里大富路186巷32之10號,6000000,1081017
1769,23494737,全國童車股份有限公司,臺中市太平區永隆里光興路357號1樓,5000000,1081021
1770,23495460,瑞酈塑膠股份有限公司,臺中市大里區吉善一街59號,1000000,1081003
1774,23504616,壹勇企業股份有限公司,臺中市北屯區東山路1段140巷2弄61之6號,9865000,1081028
1777,23523156,中港育樂事業股份有限公司,臺中市梧棲區大庄里臺灣大道八段548號,1000000,1081024
1789,23536407,日銓洋傘有限公司,臺中市大肚區王田里興和路265巷21號,5000000,1081008
1792,23542610,港都計程車交通事業有限公司,臺中市梧棲區草湳里自強二街103號1樓,3000000,1081009
1793,23545736,兆國化學工業股份有限公司,臺中市北屯區松竹里松竹北二街15號一樓,5000000,1081029
1795,23550771,阿嚨貿易有限公司,臺中市北屯區水景里東山路一段192巷43弄6號1樓,5000000,1081024
1796,23555902,盛穩企業股份有限公司,臺中市神岡區社南里中山路667巷26弄66號,5000000,1081008
1800,23570072,丸智企業有限公司,臺中市西屯區惠來里府會園道188號18樓,10000000,1081024
1801,23572557,玉晶光電股份有限公司,臺中市大雅區科雅東路1號,1008364630,1081014
1802,23576765,羽隆機械工業股份有限公司,臺中市豐原區南田里南田街174巷1號,5000000,1081024
1803,23577434,燕村股份有限公司,臺中市大雅區四德里中清路三段758巷18號1樓,1000000,1081014
1832,23687946,順心企業股份有限公司,臺中市南屯區精科二路3號,28000000,1081012
1838,23715268,信新工程股份有限公司,臺中市大肚區營埔一街351巷18號1樓,30000000,1081008
1851,23783357,天光廣告事業有限公司,臺中市西區大昌街214號1樓,3000000,1081021
1853,23786690,冠技工業股份有限公司,臺中市大里區國中一路16號,10000000,1081012
1856,23798632,經讚機電有限公司,臺中市大雅區員林里大林路291巷23之2號1樓,10000000,1081024
1857,23805726,圜銨鐵工廠有限公司,臺中市豐原區田心里大明路16巷7號,5000000,1081024
1859,23809928,基業營造工程有限公司,臺中市大甲區甲后路五段251巷40號1樓,15600000,1081014
1860,23816126,精宸科技股份有限公司,臺中市西屯區台中港路三段一○八之六號十樓之六,10000000,1081003
1871,23830339,南益電業工程有限公司,臺中市大里區樹王里東興路535巷6弄10之1號,16000000,1081018
1872,23836283,閤祥重機械有限公司,臺中市大雅區神林路一段269號3樓,1000000,1081018
1876,23846655,靝鴻企業有限公司,臺中市潭子區潭興路2段36巷96號1樓,22000000,1081016
1880,23859118,日嵩菸酒股份有限公司,臺中市中區中華里民權路186巷3弄8號1樓,15000000,1081029
1883,23870774,明煌電機股份有限公司,臺中市大雅區員林里神林路一段520巷34號1樓,5000000,1081003
1884,23873081,韋菖企業有限公司,臺中市大里區大明路96巷2號,3600000,1081024
1886,23875139,連乙鑄造股份有限公司,臺中市大甲區日南里東二街7號,21900000,1081017
1887,23875428,新翊開發有限公司,臺中市清水區海濱里臨海路48之15號,10000000,1081024
1910,23941790,金永發企業有限公司,臺中市烏日區仁德里信義街193巷45號,10000000,1081001
1912,23947534,昌新電腦排版股份有限公司,臺中市南區大慶街二段49之28號1樓,10000000,1081005
1914,23950072,厚達電業股份有限公司,臺中市神岡區神洲里豐工中路78號,28500000,1081030
1925,23969781,漢唐室內裝修設計有限公司,臺中市南區國光路469巷1號1樓,1000000,1081029
1929,23981407,古銓有限公司,臺中市豐原區西湳里葫蘆墩三街113號1樓,5000000,1081008
1930,23982089,喬合營造股份有限公司,臺中市北屯區大連路三段16號9樓之1,22500000,1081015
1932,23983947,同泰電子科技股份有限公司,臺中市大甲區青年路123號,932185190,1081004
1947,24200274,侯利投資股份有限公司,臺中市北屯區大德里雷中街2巷20號1樓,60000000,1081015
1957,24212601,誠億運通有限公司,臺中市西區土庫里忠明南路499號18樓,7500000,1081028
1959,24218274,九順酒業股份有限公司,臺中市后里區墩北里月湖路70之3號,4380000,1081029
1967,24227359,易網通科技有限公司,臺中市梧棲區梧棲路55號2樓,500000,1081025
1971,24232607,棠藝印刷事業有限公司,臺中市太平區新光路6之3號1樓,5000000,1081001
1974,24234696,銘錠精密機械有限公司,臺中市大雅區四德里中山八路85號1樓,10000000,1081021
1976,24236723,焋元堂生技有限公司,臺中市南屯區大同里精誠路426號2樓,3500000,1081022
1981,24240938,藍海金鑽水家電有限公司,臺中市西區後龍里均安街124號,1200000,1081024
1985,24245096,楷榕實業有限公司,臺中市豐原區西湳里三豐路二段453號1樓,1000000,1081014
1991,24251147,晴虹實業有限公司,臺中市北屯區漢口路五段172號1樓,2000000,1081018
1993,24254290,聖亞人力仲介有限公司,臺中市西屯區河南路二段262號13樓之5,5000000,1081014
1998,24259675,富士康物業管理顧問股份有限公司,臺中市西屯區臺灣大道二段633號3樓之1,92000000,1081015
2002,24265233,中維貿易股份有限公司,臺中市西屯區市政北一路77號13樓之3,5000000,1081024
2007,24269110,正泰機電工程有限公司,臺中市南區新榮里建國南路三段119號1樓,2000000,1081017
2011,24270783,力中塑膠工業有限公司,臺中市潭子區潭陽里潭興路二段36巷96號2樓,29000000,1081017
2014,24273629,樸象創意整合有限公司,臺中市西屯區市政路101號9樓之5,5000000,1081014
2016,24279594,佶興實業有限公司,臺中市北屯區仁美里崇德十六路257號10樓之2,3000000,1081005
2018,24281135,東家興業股份有限公司,臺中市東區復興路五段171號1樓,10000000,1081002
2022,24287258,崴朵兒生技有限公司,臺中市西屯區港尾里中康街258號,500000,1081024
2058,24330353,鴻鉅建設股份有限公司,臺中市西區大隆路20號8樓之6,50000000,1081001
2061,24333648,依俐特企業有限公司,臺中市西屯區何德里漢口路2段151號10樓之1,1000000,1081007
2070,24345709,農苑生物科技股份有限公司,臺中市西屯區大河里長安路一段61之17號,3000000,1081025
2081,24352497,大通高科技有限公司,臺中市北區進化北路88號1樓,2000000,1081028
2084,24358160,岡固實業有限公司,臺中市北區賴村里中清路一段372號2樓,6000000,1081014
2090,24363699,君健醫療器材有限公司,臺中市南屯區大墩十一街441號,1000000,1081016
2139,24426104,晶品鑫文化事業有限公司,臺中市太平區中山路四段26之5號,2000000,1081002
2140,24427602,寰宇軟管實業有限公司,臺中市潭子區栗林里中山路3段348-3號,1200000,1081015
2141,24428644,勁錩企業有限公司,臺中市西屯區福中里中工二路192號2樓,28000000,1081028
2148,24437670,歐客佬國際有限公司,臺中市北區太原路二段306之1號1樓,29300000,1081029
2149,24437931,威富建設開發有限公司,臺中市南屯區南屯里三和街65號6樓之6,15000000,1081007
2187,24474695,星宇全球股份有限公司,臺中市西屯區市政北二路282號12樓之1,5000000,1081009
2319,24578208,宏大系統科技有限公司,臺中市南屯區新生里龍德路一段106號,5000000,1081016
2320,24578609,森林養生會館有限公司,臺中市沙鹿區興安里6鄰大同街30之1號,1000000,1081023
2322,24583125,創異置地股份有限公司,臺中市南屯區豐偉路186號10樓之3,1000000,1081001
2323,24583357,永安堂國際生物科技有限公司,臺中市北屯區安順東二街67號,5000000,1081001
2324,24585171,長豐國際建設開發股份有限公司,臺中市南區工學里高工路112號1樓,5000000,1081028
2326,24586397,米多多興業有限公司,臺中市南屯區大進街488號2樓,15000000,1081001
2327,24588613,丞美國際有限公司,臺中市后里區義德里甲后路一段261巷38弄110號1樓,1000000,1081031
2328,24592671,春分有限公司,臺中市北屯區崇德路三段400號,1500000,1081007
2329,24594256,新瑞聚精細材料有限公司,臺中市霧峰區吉峰路67巷2弄3號,4000000,1081024
2330,24594903,豪門開發營造有限公司,臺中市北屯區和平里環中東路二段283號4樓之5,3600000,1081029
2331,24601720,百益不動產經紀股份有限公司,臺中市大里區長榮里中興路一段173之37號1樓,1000000,1081018
2333,24603213,旺來瓦斯股份有限公司,臺中市西區南屯路一段200號,8000000,1081028
2335,24604043,智恆文創有限公司,臺中市北屯區平興里北屯路366號7樓之2,7000000,1081022
2338,24605275,兆貫交通科技有限公司,臺中市南屯區東興路二段243號6樓,500000,1081016
2339,24606458,昇活有限公司,臺中市南屯區文山里寶山五街65號,1100000,1081004
2340,24606746,萬鴻國際工程有限公司,臺中市烏日區光明里五光路535號1樓,5000000,1081016
2341,24607294,璟來有限公司,臺中市烏日區烏日里公園一街105號1樓,3000000,1081029
2361,24621275,富笙企業有限公司,臺中市西區大墩十二街20號,5960000,1081004
2398,24648324,群順工程開發有限公司,臺中市北區文莊里中清路一段89號15樓之2,1000000,1081028
2559,24775545,卓越國際珠寶有限公司,臺中市西屯區市政路500號19樓之7,5000000,1081015
2585,24797288,新加坡商圖傑億科半導體股份有限公司,臺中市后里區南村路440號1樓,5100000,1081004
2602,24818805,盛綻資管有限公司,臺中市大里區東湖里科技路166號3樓之2,3000000,1081016
2604,24819712,立桓建設有限公司,臺中市梧棲區文化里中興路127巷27號1樓,25000000,1081021
2605,24819797,宏昌鋼鋁有限公司,臺中市北屯區平興里柳陽東街73號9樓,4500000,1081007
2606,24820128,益康環保科技有限公司,臺中市北屯區雷中街19巷73號1樓,1000000,1081009
2607,24821800,隆宏昌興業股份有限公司,臺中市南屯區黎明路二段71巷56號,200000000,1081030
2609,24823413,萬達康股份有限公司,臺中市西屯區潮洋里朝富路213號32樓,70000000,1081003
2610,24824567,茂潤投資股份有限公司,臺中市大肚區福山里福華街29號1樓,1000000,1081001
2611,24825025,英易生技有限公司,臺中市潭子區潭秀里潭富路一段162號3樓,3000000,1081031
2612,24826312,凱鏵材料科技有限公司,臺中市太平區育仁路156號1樓,2000000,1081031
2613,24826951,和洹有限公司,臺中市西區忠誠里臺灣大道二段573號7樓,500000,1081018
2615,24827706,天翼數資科技有限公司,臺中市西屯區何厝里何厝東二街23號9樓之3,1000000,1081023
2616,24828374,九達人力資源股份有限公司,臺中市西屯區大墩二十街116號5樓之2,10000000,1081005
2617,24829654,璀璨年華投資股份有限公司,臺中市西屯區市政北七路186號7樓之6,160886406,1081030
2618,24830940,合成氣體有限公司,臺中市潭子區甘蔗里興華一路360巷22弄8號,2000000,1081022
2619,24830955,冠僖工程有限公司,臺中市南區高工一街69號,5000000,1081030
2620,24830982,成君有限公司,臺中市北屯區平昌里天津路四段278號,1000000,1081025
2621,24831595,永榮機電股份有限公司,臺中市南區文心南路901巷16號4樓之2,3000000,1081003
2622,24833025,嘎嗶惦餐飲有限公司,臺中市西屯區協和里福玄路189號1樓,10000000,1081025
2623,24833138,慶宇行銷科技股份有限公司,臺中市南區樹義里福田二街102號5樓,3000000,1081009
2625,24833860,寬禾建設有限公司,臺中市豐原區安和路72號1樓,15000000,1081018
2626,24835939,菁威有限公司,臺中市西屯區福和里福安十街90號1樓,1000000,1081003
2627,24836254,佳篁企業有限公司,臺中市北區賴村里德化街395號,500000,1081022
2628,24836873,超神鮮食品有限公司,臺中市烏日區學田里學田路479之1號,1000000,1081003
2629,24837465,京銳電機有限公司,臺中市潭子區大富里民族路二段1巷36號1樓,10000000,1081025
2631,24840291,實踐佳不動產經紀有限公司,臺中市南屯區豐樂里文心南路270號,2960000,1081009
2632,24842170,宜定機電實業有限公司,臺中市潭子區大富里民族路三段139號1樓,1000000,1081014
2633,24842636,共享行銷有限公司,臺中市北區忠明路502之1號4樓之1,5000000,1081004
2634,24842805,鑫綠食品有限公司,臺中市東區樂成里樂業路186號,3000000,1081001
2635,24843889,寬億企業有限公司,臺中市大里區長榮里新生西路109號5樓,1000000,1081001
2636,24843895,德馨投資顧問有限公司,臺中市北區賴興里文昌東一街67之2號,1050000,1081008
2638,24845232,大鋅工程有限公司,臺中市南屯區寶山里忠勇路107之6號10樓之3,100000,1081030
2639,24845916,雷碩媒體科技股份有限公司,臺中市西屯區協和里工業區六路7號3樓,5000000,1081007
2640,24846008,精德實業股份有限公司,臺中市北區淡溝里博館一街7之3號,10000000,1081005
2641,24846921,羣鷹企業有限公司,臺中市外埔區水美里水美路5號1樓,4300000,1081014
2643,24847914,鉅石建設股份有限公司,臺中市西區華美西街一段139號3樓,5000000,1081002
2837,24963125,創想生物科技有限公司,臺中市北區賴厝里梅川西路三段35巷25號,6500000,1081025
2867,24978823,台灣綠金家園有限公司,臺中市西區土庫里五權西路一段237號7樓之1,10000000,1081025
2890,24996081,京鈺興業股份有限公司,臺中市梧棲區下寮里中橫十路100號,1000000,1081031
2891,25000338,右捷科技有限公司,臺中市西屯區林厝里福雅路408巷25號1樓,5000000,1081004
2899,25014121,回久殿企業有限公司,臺中市豐原區西安里中正路395號,1000000,1081016
2905,25016486,凱茂資訊股份有限公司,臺中市西區忠明南路270號10樓之4,10000000,1081029
2907,25019863,一賜通信科技有限公司,臺中市神岡區大社里15鄰大漢街31巷28號3樓,1000000,1081017
2909,25020643,富昱居資產管理有限公司,臺中市西屯區洛陽路125巷45號4樓之3,1000000,1081022
2917,25027940,顓祥泰有限公司,臺中市神岡區豐洲里豐工路652巷25號,1000000,1081021
2918,25029193,力晶建設有限公司,臺中市沙鹿區埔子里正英二街58號,15000000,1081004
2920,25030585,金磚有限公司,臺中市西屯區何明里漢口路一段60號1樓,1030000,1081014
2923,25033725,昶毅農產品有限公司,臺中市霧峰區舊正里中正路29號1樓,500000,1081022
2927,25039713,飪珍記實業有限公司,臺中市太平區中興里永平路二段476巷108號1樓,27000000,1081021
2928,25042800,美強興業有限公司,臺中市大肚區福山里沙田路一段577號1樓,1000000,1081005
2929,25046101,深耕發展農業股份有限公司,臺中市太平區山田路26巷5號1樓,40000000,1081012
2930,25046279,元益昌實業股份有限公司,臺中市西屯區惠來里市政路386號13樓之6,70000000,1081009
2932,25049276,紳緯環保實業有限公司,臺中市潭子區家興里大通街93巷112號1樓,1000000,1081002
2939,25055494,新力旺智慧精工股份有限公司,臺中市西屯區臺灣大道三段660號13樓之2,190101150,1081016
2945,25062278,亞坤土木包工業有限公司,臺中市太平區太平里太平二十二街15巷3號1樓,1000000,1081021
2950,25064873,魏仲宏設計有限公司,臺中市西屯區永福路118巷31號,1000000,1081006
2957,25071184,永惠建材實業有限公司,臺中市西屯區福聯里福聯街26號9樓之3,1000000,1081022
2958,25071852,富苑科技股份有限公司,臺中市南屯區三義里黎明東街561之6號3樓,3000000,1081029
2963,25076701,禾益佳股份有限公司,臺中市大肚區萬興路68號,160000000,1081016
2972,25084028,坤益建材有限公司,臺中市龍井區忠和里中央路三段108號1樓,500000,1081001
2974,25085954,徐記食品有限公司,臺中市太平區東方一街一巷18號1樓,3600000,1081001
2976,25086428,台灣克瑞斯特科技股份有限公司,臺中市北區文莊里10鄰中清路一段79號6樓,5000000,1081017
2978,25088740,賀康幹細胞醫學生物科技有限公司,臺中市西區臺灣大道二段16號15樓之2,2000000,1081014
2986,25095094,志瑞螺絲企業有限公司,臺中市大里區中新里現岱路88號1樓,500000,1081028
2987,25095550,金兆豐生物科技有限公司,臺中市北區頂厝里崇德路一段631號17樓之2,1000000,1081029
2988,25096474,順源投資股份有限公司,臺中市北區健行里西屯路一段352號,10100000,1081025
2989,25096501,東峻室內裝潢工程有限公司,臺中市北屯區松竹里松竹北二街47之1號1樓,1000000,1081030
2992,25097311,晨豐光電股份有限公司,臺中市西屯區市政北二路236號24樓之1,570500000,1081002
3029,25138501,晨譽投資股份有限公司,臺中市西區臺灣大道二段501號20樓之1,150000000,1081008
3059,25163830,世裔貿易有限公司,臺中市龍井區遊園南路143巷1弄22號1樓,3000000,1081009
3060,25164140,金鸛投資有限公司,臺中市北屯區北興街43號2樓,5000000,1081017
3066,25172325,旭日不動產經紀有限公司,臺中市南屯區三義里惠來路一段1號,1000000,1081018
3069,25175218,萬展塑膠有限公司,臺中市霧峰區吉峰里自強路338號2樓,10000000,1081014
3071,25179690,奧力室內裝修設計實業股份有限公司,臺中市西屯區潮洋里市政北二路236號8樓之2,20000000,1081016
3074,25181730,皕特金屬股份有限公司,臺中市烏日區螺潭里溪南路二段248巷61號,25000000,1081001
3084,25195523,真誠開發有限公司,臺中市西屯區潮洋里朝富路2號4樓,200000,1081024
3085,25195755,宏達隆科技有限公司,臺中市大里區鳳凰路164巷42弄12號,1000000,1081014
3087,25196157,冠碩科技有限公司,臺中市豐原區豐圳里成功路652號1樓,35000000,1081009
3092,25199485,原淯鋒企業有限公司,臺中市霧峰區豐正路386巷20號1樓,3000000,1081002
3134,27271510,合興事業有限公司,臺中市清水區南社里鰲峰路161巷60號之11一樓,2500000,1081021
3135,27271960,欣呈國際有限公司,臺中市豐原區豐年路218巷21號1樓,5000000,1081030
3141,27276640,弘揚通風工程有限公司,臺中市烏日區螺潭里慶光路80之23號,10000000,1081007
3142,27277964,元兆實業股份有限公司,臺中市大雅區三和里春亭街29號,16000000,1081030
3143,27279597,通寧科技貿易股份有限公司,臺中市豐原區大明路178巷1號1樓,5000000,1081024
3159,27305814,丞融企業股份有限公司,臺中市西屯區文心路3段296之1號11樓,50000000,1081022
3175,27325924,廣澤科技股份有限公司,臺中市中區大墩里台灣大道一段336巷21號4樓之1,2000000,1081023
3180,27335535,有輪有限公司,臺中市北屯區崇德路2段512號1樓,3000000,1081003
3205,27374781,大田儀器有限公司,臺中市太平區宜昌東路5巷31弄56號,1000000,1081030
3208,27387569,世豐研磨有限公司,臺中市大里區塗城里塗城路43號1樓,1000000,1081029
3212,27392227,立大資訊網路股份有限公司,臺中市南屯區文心路一段378號,5000000,1081001
3214,27400508,創郁國際股份有限公司,臺中市大甲區孔門里孔雀路56號1樓,5000000,1081003
3223,27417584,哈日館實業有限公司,臺中市北屯區東山路一段192巷5弄1號1樓,15000000,1081030
3226,27424591,明昕維有限公司,臺中市西區柳川東路二段55號1樓,500000,1081015
3227,27425228,億豐建材有限公司,臺中市北屯區松和里14鄰崇德六路一段122號3樓,2500000,1081030
3233,27435106,鎂金精密企業有限公司,臺中市太平區建成街51巷56號,500000,1081007
3235,27437385,東樺室內設計材料有限公司,臺中市北屯區和平里松竹路一段25巷11號1樓,5000000,1081001
3240,27442535,浦樂實業股份有限公司,臺中市大里區草溪東路87號,36000000,1081025
3241,27442774,那大實業有限公司,臺中市大里區新仁路二段37號1樓,1500000,1081025
3248,27451506,多田瓦斯器材有限公司,臺中市后里區墩東里民生路99巷1弄8號1樓,1000000,1081021
3250,27453624,聖罡新文明有限公司,臺中市南區福田二街22巷8號,3800000,1081007
3257,27467090,愷信科技股份有限公司,臺中市南屯區文心路一段186號14樓之3,8000000,1081001
3259,27472283,創新服務股份有限公司,臺中市大甲區大安港路116巷10號,72610000,1081030
3262,27477457,保捷車材有限公司,臺中市大里區大里街31巷2號1樓,13300000,1081014
3264,27479440,瑞鵬投資股份有限公司,臺中市南屯區文山里精科一路3號2樓,6000000,1081028
3266,27482000,廣嘉宏股份有限公司,臺中市太平區光興路128巷12弄36號1樓,2000000,1081009
3271,27492252,湧茂財金管理顧問有限公司,臺中市北區臺灣大道二段360號13樓之5,3000000,1081023
3273,27492817,禾康消防股份有限公司,臺中市西屯區廣福里中清路三段411號,90000000,1081030
3278,27498538,易傢俬國際有限公司,臺中市東區東英路766號11樓之2,2000000,1081001
3280,27501409,駿崙生物科技有限公司,臺中市烏日區溪埧里溪南路一段421號1樓,2500000,1081009
3284,27508304,華毅達建設企業有限公司,臺中市西屯區惠來里市政北一路77號15樓之7,5000000,1081017
3285,27511390,發格自動化股份有限公司,臺中市南屯區田心里大墩四街386號,3000000,1081016
3330,27569300,魔力網路科技有限公司,臺中市南屯區文心里大墩八街24號1樓,1000000,1081016
3337,27580380,力榮自動控制有限公司,臺中市東區樂業路488號1樓,1200000,1081029
3338,27582866,賴讚建設有限公司,臺中市霧峰區柳豐路533號,11000000,1081028
3340,27585580,欣泉飲料食品有限公司,臺中市霧峰區吉峰里民生路229之1號1樓,3000000,1081015
3341,27585809,雍衽企業管理顧問有限公司,臺中市太平區新平路二段130巷31號1樓,500000,1081007
3343,27587356,承真科技有限公司,臺中市霧峰區北柳里四德路376巷82號,500000,1081022
3346,27588587,皇宮御品科技保健實業股份有限公司,臺中市南區南和里美村南路107巷1號4樓,5000000,1081007
3358,27600267,大眾申訴公正電子時報國際有限公司,臺中市南區南和里美村南路107巷1號2樓,1000000,1081004
3363,27607748,美日實業股份有限公司,臺中市烏日區九德里中華路366號1樓,8800000,1081009
3367,27613903,榮利工程開發興業有限公司,臺中市西區後龍里梅川東路一段79號2樓,1000000,1081017
3369,27616839,精銳欣有限公司,臺中市大雅區上雅里大雅路229巷3號,500000,1081028
3373,27621143,宇紘藥品有限公司,臺中市西屯區福林里臺灣大道四段1268號20樓之3,25000000,1081024
3377,27626858,日鼎資產管理股份有限公司,臺中市西區忠明南路497號17樓,26880000,1081025
3381,27633324,光展應材股份有限公司,臺中市北屯區崇德路二段252號16樓,43170000,1081016
3399,27664992,圓泰科技有限公司,臺中市大里區大元里國光路一段31號1樓,10000000,1081030
3471,27785519,鉑峰實業股份有限公司,臺中市烏日區慶光路80之23號,50000000,1081008
3476,27796889,三能國際企業有限公司,臺中市北區長青里漢陽街8號1樓,10000000,1081009
3479,27798922,勝德工業股份有限公司,臺中市西屯區工業區32路67號1樓、2樓,12000000,1081029
3486,27808674,寬成興業股份有限公司,臺中市潭子區栗林里中山路三段287巷46號,8000000,1081024
3489,27813888,安德康櫥櫃有限公司,臺中市南屯區向心里文心南路102號1樓,5000000,1081021
3492,27818624,天馬床業有限公司,臺中市北屯區三光里北屯路289之3號,800000,1081029
3503,27833364,浤詮有限公司,臺中市梧棲區頂寮里四維路22巷9號1樓,500000,1081015
3507,27841287,永新微光電科技股份有限公司,臺中市東區東門里東光園路300號1樓,29000000,1081018
3508,27842808,聖峰國際紙業有限公司,臺中市大里區大里路468之1號,15000000,1081028
3511,27846874,鉅本建設股份有限公司,臺中市北屯區昌平路二段26號1樓,200100000,1081005
3514,27850187,鈺竣鈑金工業有限公司,臺中市大雅區三和里建興路152巷7號3樓之3,9700000,1081024
3516,27851670,駱騰科技股份有限公司,臺中市北屯區文心路四段696號14樓之3,5000000,1081030
3518,27852684,奇鼎事業股份有限公司,臺中市北屯區平順里旅順路二段173號,7000000,1081014
3523,27860495,晶浩科技股份有限公司,臺中市北屯區天津路四段253號1樓,5000000,1081022
3524,27860538,新可大國際股份有限公司,臺中市大甲區日南里東二街3號,25000000,1081009
3528,27865225,日詮實業有限公司,臺中市大雅區上雅里神林南路43巷2弄25號,6000000,1081024
3537,27883883,品泰鳥業有限公司,臺中市南區福平里美村路二段106巷21弄7號1樓,4000000,1081004
3541,27887115,丹尼斯科技有限公司,臺中市大里區永隆里永明街340號1樓,5000000,1081002
3549,27897423,乙龍投資股份有限公司,臺中市南屯區文心路一段218號14樓之6,10000000,1081004
3550,27898534,煜可有限公司,臺中市潭子區聚興里潭興路一段165巷7之9號,1000000,1081008
3552,27903749,臻通交通器材股份有限公司,臺中市南屯區工業區２２路２３號,10000000,1081008
3614,28017740,宬郅有限公司,臺中市北區日興街212號5樓之1,1000000,1081008
3617,28022878,育達文化事業股份有限公司,臺中市西屯區何厝里何厝東二街81號,28000000,1081001
3628,28040019,金德興工業股份有限公司,臺中市霧峰區民生路303之3號1樓,5000000,1081025
3640,28064291,萬向精密股份有限公司,臺中市南區樹德里復興北路431巷18號,108000000,1081016
3645,28076711,永弘辰企業有限公司,臺中市西屯區港尾里中清路三段460號,5000000,1081022
3648,28078957,鍵麟鴻科技有限公司,臺中市大里區鳳凰路164巷42弄12號,5000000,1081029
3652,28084536,九華科技有限公司,臺中市北屯區廍子里太順東街8號5樓之2,500000,1081002
3662,28097390,新紘科技股份有限公司,臺中市石岡區土牛里豐勢路397巷3號,29860000,1081002
3665,28101063,輔德高分子股份有限公司,臺中市外埔區外埔路167號,691284000,1081004
3667,28102507,豪泰管理有限公司,臺中市北區原子街149號5樓之2,2500000,1081021
3682,28125282,詠將資訊有限公司,臺中市大里區東明路357號,500000,1081016
3686,28127866,銀慶企業股份有限公司,臺中市大里區仁德里慈善路111巷6號1樓,10000000,1081017
3687,28127937,同森國際有限公司,臺中市太平區新高里1鄰立行街33號1樓,11000000,1081004
3711,28158115,豐陽國際開發股份有限公司,臺中市豐原區安和路62號1樓,7000000,1081024
3713,28158706,鴻碩精密機械股份有限公司,臺中市烏日區興祥街167巷18號6樓,1000000,1081002
3715,28161316,鵬展印刷事業股份有限公司,臺中市西屯區西墩里上墩路377號1樓,26000000,1081021
3718,28166092,園庄貿易有限公司,臺中市大雅區三和里義和路8號,12000000,1081018
3795,28318400,美琦實業有限公司,臺中市西屯區何仁里文心路三段155之1號7樓,1000000,1081024
3798,28320193,禾穎國際有限公司,臺中市大里區永隆里興大南街59號,5000000,1081014
3799,28320264,京貿交通股份有限公司,臺中市梧棲區興農里中華路一段762巷5號1樓,30000000,1081002
3801,28322761,中台管理顧問有限公司,臺中市北屯區松竹路一段1386號2樓,1000000,1081004
3802,28323213,奇山興業股份有限公司,臺中市北屯區仁美里崇德十路一段300號1樓,11000000,1081016
3807,28331190,青山工業有限公司,臺中市太平區新仁路一段44巷12號1樓,500000,1081023
3814,28347756,超聖精密工業有限公司,臺中市大里區大勝街17號,5000000,1081025
3817,28353953,玖德科企有限公司,臺中市南屯區豐樂里向心南路746號,1000000,1081009
3834,28392739,榮成興業股份有限公司,臺中市大肚區福山里王福街988巷88弄8號,28000000,1081004
3843,28404799,威泰醫療器材股份有限公司,臺中市西屯區臺灣大道四段771號9樓,20000000,1081014
3844,28404806,鋐霖配管股份有限公司,臺中市大雅區員林里神林路一段102-2號1樓,30000000,1081008
3900,28485363,大同電信股份有限公司,臺中市西屯區文心路3段159號3樓,3000000000,1081028
3902,28493434,東風開發股份有限公司,臺中市南屯區文心路一段326號13樓之2,5000000,1081029
3905,28497255,永昇鋼構工程股份有限公司,臺中市龍井區忠和里工業路182巷31號,63000000,1081003
3914,28508149,元帥旅行社股份有限公司,臺中市西區中興里公益路161號11樓之3,8000000,1081002
3915,28509891,富陞工程顧問有限公司,臺中市中區柳川里興中街60之4號1樓,1000000,1081004
3918,28510588,摩登室內裝修設計有限公司,臺中市北屯區軍功里軍功路二段782之1號,500000,1081024
3924,28513570,全鎔工業股份有限公司,臺中市太平區平安里鵬儀路214巷16號1樓,5000000,1081028
3928,28519687,冠鴻事業股份有限公司,臺中市西屯區工業區三路16號1樓,20000000,1081009
3935,28527151,琦玉國際有限公司,臺中市西屯區協和里工業區十路3號1樓,450000000,1081024
3937,28527455,豐原文具百貨有限公司,臺中市豐原區豐西街165號1樓,1000000,1081024
3941,28530613,大德興國際事業股份有限公司,臺中市西區藍興里三民路一段103號12樓之2,60000000,1081024
3949,28537566,力瑋建設股份有限公司,臺中市南區南平路296號5樓之3,10000000,1081015
3951,28538312,鉅燁精密重工有限公司,臺中市西區三民西路197號2樓,10000000,1081005
3955,28540318,海昌生化科技股份有限公司,臺中市西屯區工業區38路210號7樓之5,280000000,1081029
3959,28546707,安吾企業有限公司,臺中市大里區永隆里東榮路610號,500000,1081017
3960,28547608,銜曜有限公司,臺中市西區忠明路27號1樓,9150000,1081002
3962,28551428,銳欣國際有限公司,臺中市北屯區廍子里和順路201號,17000000,1081017
3976,28571120,美錡國際股份有限公司,臺中市南屯區五權西路二段501號5樓,10010000,1081018
3988,28583076,可和國際有限公司,臺中市大肚區頂街里萬興路66之1號,1150000,1081028
4027,28627454,尉寶建設股份有限公司,臺中市北區英才路396號2樓之1,25000000,1081007
4032,28631817,天陽航太科技股份有限公司,臺中市西屯區協和里工業區七路29號,268000000,1081029
4038,28642309,廣源證券投資顧問股份有限公司,臺中市西屯區西安里福星北三街191號,21000000,1081009
4054,28666955,權毅保全股份有限公司,臺中市潭子區頭家里得天街91巷29號,40000000,1081017
4059,28669799,雅達利有限公司,臺中市南屯區惠中里大光街119號14樓之6,5500000,1081002
4091,28699787,潛能密碼顧問有限公司,臺中市北屯區崇德路二段130號6樓,800000,1081017
4111,28725883,威肯國際設計有限公司,臺中市南屯區文心路1段181號1樓,1000000,1081025
4113,28726617,仁悅開發企業股份有限公司,臺中市西屯區西墩里黎明路三段133號9樓之1,201000000,1081003
4115,28734089,廣香企業有限公司,臺中市南區樹德里東興路一段109號1樓,3000000,1081029
4116,28735600,伊蕾服飾股份有限公司,臺中市南屯區南屯路二段290號5樓之1,30000000,1081025
4118,28737017,羿軒興業股份有限公司,臺中市神岡區社南里中山路667巷37弄20之2號,8000000,1081002
4119,28737522,沃瑪國際事業有限公司,臺中市北屯區同榮里環中路一段998號,4500000,1081006
4121,28741173,三雨國際股份有限公司,臺中市大里區國中路十股巷166弄1號及3號,7000000,1081009
4124,28743799,廣騰工業股份有限公司,臺中市神岡區岸裡里大豐路五段295巷59號,15800000,1081028
4125,28745683,長奕工程有限公司,臺中市北屯區大德里平德路122巷16號2樓,10000000,1081025
4128,28747887,台灣熊實業有限公司,臺中市大里區塗城路304巷28弄27-1號,5000000,1081009
4131,28758321,歐思佛生物科技股份有限公司,臺中市西屯區廣福里中清路三段309號1樓,28599990,1081002
4133,28760121,鉅盛發企業股份有限公司,臺中市大肚區大東里沙田路二段558巷32號,2000000,1081014
4142,28772718,潤升鋼構有限公司,臺中市大甲區江南里東西五路一段246號,10000000,1081018
4143,28772983,味覺生機股份有限公司,臺中市大雅區三和里義和路8號2樓,1000000,1081002
4146,28777729,詠全五金實業有限公司,臺中市大里區西榮里東榮路322號1樓,6500000,1081018
4147,28777832,佰佶招牌工程事業有限公司,臺中市太平區光華里環太東路352號1樓,5000000,1081030
4152,28786396,富達盛世國際開發有限公司,臺中市南屯區惠中路三段54號1樓,9000000,1081029
4153,28786972,新霖鋁業有限公司,臺中市大里區大元里國中路176巷19號1樓,5000000,1081003
4154,28789984,普托國際行銷有限公司,臺中市大里區三民二街59巷25號,2000000,1081023
4157,28799532,婕克環境科技有限公司,臺中市西屯區協和里工業區38路210號4樓之6、4樓之12,20000000,1081001
4167,28811901,巨銓工程有限公司,臺中市外埔區大東里甲后路五段128巷29弄52號1樓,22000000,1081014
4168,28815625,森兆生醫股份有限公司,臺中市西屯區寧夏路195之8號9樓,30000000,1081016
4169,28816568,璽恩環保科技有限公司,臺中市梧棲區草湳里梧南路25號,2000000,1081002
4203,28840379,川秀投資股份有限公司,臺中市潭子區中山路三段287巷9弄164號3樓,28000000,1081022
4236,28872322,翊豐雷射股份有限公司,臺中市太平區勤益里中山路一段146巷2之1號1樓,6000000,1081003
4238,28874270,魔力屋企業有限公司,臺中市西區健行路1026號1樓,5000000,1081023
4247,28882095,水碩士奈米科技有限公司,臺中市西屯區大河一巷3弄26號,500000,1081031
4251,28887991,天璽藥品股份有限公司,臺中市神岡區民生路28巷16號1樓,1000000,1081021
4256,28891637,東寧興業有限公司,臺中市東區東英里三賢街156號1樓,5000000,1081009
4264,28899384,緯全資產管理有限公司,臺中市北屯區平興里北屯路366號18樓之2,10000000,1081029
4276,28912751,安特海寶有限公司,臺中市大里區新南路246號1樓,508800,1081007
4282,28917355,漢弘股份有限公司,臺中市大里區內新里新仁路二段232巷8號1樓,188000000,1081021
4284,28918489,協廷精密有限公司,臺中市潭子區潭秀里潭富路一段87巷13號,4000000,1081029
4287,28924004,元津滿貿易有限公司,臺中市大里區東湖里國寶街48巷33弄6號2樓,2000000,1081018
4289,28924882,藍碁圖書股份有限公司,臺中市北區三民路三段88號,20000000,1081003
4290,28925046,優擎科技有限公司,臺中市西屯區潮洋里市政北二路282號5樓之5,20000000,1081028
4292,28925881,承佳數位有限公司,臺中市西區三民路一段93之1號1樓,2650000,1081022
4294,28926214,菁智科技股份有限公司,臺中市北區健行里忠明路424號9樓之2,20000000,1081022
4295,28928923,巨午企業有限公司,臺中市西區民龍里文化街156號地下層之2,5000000,1081005
4305,28947082,銀旺科技股份有限公司,臺中市豐原區源豐路46號4樓,7000000,1081003
4309,28950488,錢寶商務科技有限公司,臺中市南屯區文山里忠勇路52之232號12樓,10000000,1081023
4315,28958860,王器科技有限公司,臺中市西屯區西平里西安街269號,5000000,1081025
4318,28960937,青騰國際有限公司,臺中市南區忠明南路760號40樓,3000000,1081015
4322,28965594,邑邦工業有限公司,臺中市太平區新英街27號1樓,1000000,1081018
4339,28997322,貝里斯商賽博尼國際有限公司,臺中市西區中美街299巷31號1樓,0,1081029
4344,29002695,佳鋐實業有限公司,臺中市潭子區栗林里祥和路38巷28號1樓,5000000,1081016
4419,29080431,台灣華菱星馬有限公司,臺中市大甲區西岐里順帆路97之1號二樓,5000000,1081008
4420,29082108,家鼎興業有限公司,臺中市西屯區大隆路176號1樓,1000000,1081016
4422,29087954,利瑞可貿易有限公司,臺中市西屯區大河里河南路二段112號,1000000,1081012
4429,29095407,阡鼎科技有限公司,臺中市大雅區永和路109之19號1樓,11000000,1081023
4432,29097284,慧楹國際股份有限公司,臺中市沙鹿區忠貞路246巷42號1樓,1000000,1081007
4433,29097926,巨遠國際有限公司,臺中市龍井區龍崗里沙田路四段614號1樓,10000000,1081021
4434,29099804,玖居木業有限公司,臺中市北屯區松茂里松竹路二段87號,1000000,1081015
4442,29106235,鎰盛偉企業有限公司,臺中市北屯區平興里崇德二路一段141巷33號1樓,1000000,1081021
4454,29126274,金大環保科技有限公司,臺中市北屯區同榮里中康街259巷37號,5000000,1081002
4483,29155517,和速貸有限公司,臺中市西區忠誠里台灣大道二段573號7樓,500000,1081022
4499,29183181,台灣骨王生技股份有限公司,臺中市大雅區科雅路46號1樓,72000000,1081008
4518,30899261,成霖企業股份有限公司,臺中市潭子區潭秀里建國路22號,3567429620,1081025
4541,31354463,玉生銀樓有限公司,臺中市北屯區東山路一段146之16號,1000000,1081003
4577,34266366,維樂工業股份有限公司,臺中市大甲區中山路一段1012號,70000000,1081024
4618,35379818,富壽煤氣有限公司,臺中市神岡區中山路614巷13號,2000000,1081024
4629,35883598,鞋美工業股份有限公司,臺中市大肚區頂街里華山路380號,50000000,1081003
4631,35891957,慶泰樹脂化學股份有限公司,臺中市大甲區日南里工二路50號,460406020,1081023
4674,36504407,高鐵科技股份有限公司,臺中市南屯區寶山里工業區二十四路28、31號,99000000,1081021
4701,42560692,驛盛科技工程有限公司,臺中市西屯區永安里福雅路368巷12號,12000000,1081001
4746,42592532,威渥國際有限公司,臺中市西區大墩十街55-1號1樓,5000000,1081003
4778,42613608,美仕德股份有限公司,臺中市西屯區文心路二段201號12樓之5,6000000,1081021
4848,42653517,永沛川有限公司,臺中市北屯區文心路四段83號19樓,5000000,1081008
4861,42660432,欣歐國際有限公司,臺中市南區工學里樹義二巷8號1樓,2000000,1081024
4863,42661256,龍廷創意股份有限公司,臺中市南屯區寶山里工業區十八路11號2樓,10000000,1081014
4864,42661262,穩聖精密有限公司,臺中市神岡區北庄里溝心路26之6號,5000000,1081005
4865,42662754,宥敏國際貿易有限公司,臺中市西區公館路138號6樓,200000,1081001
4866,42662797,濬哲國際貿易有限公司,臺中市西區公館路138號6樓,200000,1081002
4867,42662987,榮燁科技有限公司,臺中市大里區東湖里科技路3號10樓之6,1000000,1081001
4868,42663281,皆傑企業有限公司,臺中市神岡區岸裡里大洲路406號2樓,1000000,1081014
4869,42665485,富群國際烘焙事業有限公司,臺中市西區忠誠里忠義街39號1樓,2000000,1081003
4870,42666978,金彥樂器有限公司,臺中市北區金華里雙十路二段205號,500000,1081025
4871,42669166,暖星空文化有限公司,臺中市西區民生路368巷4弄4號2樓,1000000,1081016
4872,42669200,其泰投資有限公司,臺中市西屯區上石里青海路二段292之1號3樓,10000000,1081022
4873,42669519,奧瑪佳企業有限公司,臺中市西屯區永福路60號12樓之10,2000000,1081029
4874,42669551,吉寶企業股份有限公司,臺中市北屯區平陽里大連路一段273號10樓,500000,1081016
4875,42669763,好米文化股份有限公司,臺中市大里區國光里德芳南路476號,2000000,1081014
4876,42670353,鋐硯企業有限公司,臺中市沙鹿區北勢里東晉一街101之1號1樓,1000000,1081017
4877,42670543,立山聯運有限公司,臺中市南屯區寶山里工業區二十五路18號,1000000,1081009
4878,42670635,亨銓興業股份有限公司,臺中市西屯區環中路三段69號18樓之5,6000000,1081021
4879,42671043,怡興保全股份有限公司,臺中市北屯區平昌里文心路四段934號9樓之2,40000000,1081024
4880,42672726,榮晟興有限公司,臺中市大里區西湖里大峰路60號,7000000,1081029
4881,42673302,雅妍漾生化科技有限公司,臺中市后里區墩東里成功路371巷11號1樓,5000000,1081016
4882,42673703,宏羿實業有限公司,臺中市北屯區太原路三段177號1樓,8000000,1081028
4883,42674695,凱寧達康股份有限公司,臺中市北區崇德路一段156之1號10樓,3000000,1081022
4884,42675060,和員有限公司,臺中市西屯區何仁里文心路三段155之1號7樓,500000,1081029
4885,42677124,日日盈實業有限公司,臺中市北屯區仁美里豐樂路17巷18弄51號,500000,1081017
4886,42677216,緯鴻公寓大廈管理維護股份有限公司,臺中市西屯區何德里大信街50號3樓之1,10000000,1081009
4887,42677623,龍寶國際有限公司,臺中市東區十甲里二聖街92號1樓,500000,1081017
4889,42678566,秉鴻股份有限公司,臺中市西區存中街16號1樓,25000000,1081024
4890,42678658,貫誠有限公司,臺中市南屯區寶山東一街11號7樓之2,100000,1081007
4892,42680269,好食國際餐飲有限公司,臺中市中區公園里成功路151號1樓,1000000,1081001
4893,42680401,駿竤實業有限公司,臺中市太平區新平路三段367巷19號1樓,3000000,1081021
4894,42680937,豐樂企業股份有限公司,臺中市東區新庄里互助街28號1樓,600000,1081016
4895,42681014,美利管理顧問有限公司,臺中市西區大忠里大忠南街65號4樓之1,1000000,1081022
4896,42682626,新維景置業有限公司,臺中市西屯區惠來里河南路三段131號2樓之12,7500000,1081007
4897,42683890,聯益發有限公司,臺中市龍井區遠東街81巷1之22號,12500000,1081016
4898,42684770,承圓有限公司,臺中市西區安龍里五權路27之1號10樓,800000,1081023
4899,42685237,福元物業管理顧問有限公司,臺中市西區公益里忠明南路237號9樓之2,1000000,1081028
4900,42685308,璽都生活事業有限公司,臺中市北區明新里中清路一段447號10樓之3,1000000,1081025
4901,42685601,穀哥食品工業股份有限公司,臺中市大里區中興路一段2巷51弄5號,3990000,1081018
4902,42686550,郁興國際有限公司,臺中市清水區南社里19鄰民族路2段390巷3弄16號2樓,6100000,1081001
4903,42687798,顥業國際有限公司,臺中市西屯區逢明街29巷22號3樓之2,18000000,1081025
4904,42688184,全程富投資有限公司,臺中市太平區永豐路永新巷4弄6號1樓,5000000,1081023
4905,42688889,淇期空間開發有限公司,臺中市南屯區文心里向心路109號21樓之27,378694,1081003
4906,42690034,守承模板有限公司,臺中市清水區田寮里菁埔路87號1樓,2000000,1081024
5035,42756540,芯睿國際股份有限公司,臺中市南屯區大業路588之3號13樓,1680000,1081002
5039,42761298,福澤粧品製劑有限公司,臺中市大肚區新興里沙田路二段132巷1弄4號,5000000,1081030
5045,42766272,世光能源科技整合有限公司,臺中市北區中清路一段430號3樓,1000000,1081008
5051,42770135,新悅營造股份有限公司,臺中市潭子區大豐里大豐路三段162號1樓,12000000,1081008
5144,42827215,台灣阿里山公主實業有限公司,臺中市大甲區頂店里開元路73號,2000000,1081009
5186,42854943,仕新企業股份有限公司,臺中市北屯區華美西街二段428號6樓,4200000,1081017
5217,42871128,艾可米遊戲股份有限公司,臺中市西區臺灣大道二段501號8樓之2,85000000,1081015
5218,42871942,群創精密有限公司,臺中市大里區東明路347號3樓,2000000,1081017
5219,42871984,聚亨喬有限公司,臺中市西屯區潮洋里朝馬路168號13樓之2,2500000,1081009
5220,42873688,碁華科技股份有限公司,臺中市太平區建國里建功街8號1樓,2100000,1081017
5222,42874568,鼎雲天有限公司,臺中市北屯區廍子里祥順一街45號,8000000,1081001
5223,42874862,四維品牌整合設計有限公司,臺中市西區忠明里中美街419巷23號1樓,1000000,1081030
5224,42875187,台灣湯普勒國際有限公司,臺中市西屯區河南路二段262號3樓之6,100000,1081017
5225,42875200,正欣實業有限公司,臺中市西屯區福雅里福祥街9號3樓之2,5000000,1081022
5226,42875877,微菌方舟生物科技股份有限公司,臺中市西屯區林厝里科園路21號,30000000,1081017
5227,42876123,青牛科技股份有限公司,臺中市西屯區臺灣大道四段847號11樓,5000000,1081009
5228,42876524,偉丞工業有限公司,臺中市大肚區山陽里沙田路三段888巷11號1樓,3500000,1081004
5229,42876735,四蔦視覺設計有限公司,臺中市北屯區仁和里豐樂路二段53號1樓,2000000,1081016
5230,42876904,富士康家庭事業有限公司,臺中市北區永興街338號16樓,8880000,1081025
5231,42876926,興綺投資有限公司,臺中市北區建成里東光八街7號3樓,1200000,1081004
5232,42877930,永田生醫有限公司,臺中市北屯區松山街180號11樓之1,1000000,1081015
5233,42878109,上嘉汽車有限公司,臺中市潭子區東寶里崇德路四段92號,3000000,1081015
5234,42878895,戴能餐飲設備有限公司,臺中市西區大業路25號10樓之8,1000000,1081029
5235,42879085,鈺皓實業股份有限公司,臺中市西屯區林厝里福雅路629號1樓,8150000,1081016
5236,42880695,朵利精品有限公司,臺中市南屯區大英街14號1樓,2000000,1081029
5239,42885306,達文西資本有限公司,臺中市大雅區四德里中清路三段782號2樓,6000000,1081004
5240,42886038,藏閣裝潢有限公司,臺中市北區邱厝里大德街35號1樓,100000,1081002
5241,42886229,大有運動有限公司,臺中市大里區日新里中興路二段666號1樓,1000000,1081015
5242,42886380,全台創意科技有限公司,臺中市西屯區文心路三段241號21樓之2,50000,1081029
5243,42886895,唐立投資股份有限公司,臺中市西屯區臺灣大道二段910號10樓之1,96200000,1081025
5244,42887521,媄寶實業有限公司,臺中市太平區新安街235號1樓,168000,1081021
5245,42887780,昇懋投資有限公司,臺中市南屯區大正街88號3樓之3,1000000,1081001
5246,42887894,恆河沙能源有限公司,臺中市西屯區何厝里何厝東二街23號9樓之3,2600000,1081030
5247,42888773,蒙格國際企業有限公司,臺中市南屯區溝墘里大業路241號3樓之1,5000000,1081031
5248,42890336,西雅圖美容有限公司,臺中市西屯區文心路三段115號1樓、2樓,100000,1081003
5249,42890363,法徠鑫國際有限公司,臺中市潭子區頭家東里大成街120巷3號1樓,5000000,1081018
5250,42890645,安利發實業有限公司,臺中市北屯區文心路四段288號12樓之25,500000,1081014
5251,42891166,采樂箏琴有限公司,臺中市西區公正里大墩十二街29號3樓之4,5000000,1081004
5253,42892973,銳宇建設股份有限公司,臺中市南屯區向上路一段658號5樓,30000000,1081023
5255,42893426,華成城市開發有限公司,臺中市南區工學里復興路一段410號1樓,1000000,1081024
5256,42893565,承緯精密科技股份有限公司,臺中市后里區中和里民間路10號1樓,5000000,1081024
5257,42893811,曜宸有限公司,臺中市北屯區平和里文心路四段141之3號,53400000,1081028
5258,42894086,宏銘租賃有限公司,臺中市北屯區新平里經貿一路108巷192號,15000000,1081017
5259,42894240,恭業實業有限公司,臺中市西屯區協和里工業區六路19號1樓,2000000,1081005
5260,42894826,圓創建設股份有限公司,臺中市西區吉龍里五權西五街149號1樓,28000000,1081028
5261,42894847,嘉合開發股份有限公司,臺中市南屯區黎明里干城街280巷2弄12號1樓,25000000,1081005
5262,42894889,福斯里德國際有限公司,臺中市北區文心路四段208之1號7樓之2,100000,1081023
5263,42895471,金倢有限公司,臺中市西屯區何厝里何厝東二街23號9樓之3,500000,1081030
5264,42896176,跑酷人創意事業有限公司,臺中市南屯區大進街527號地下1層,500000,1081014
5265,42897035,櫻桃計畫股份有限公司,臺中市西屯區逢甲里西屯路二段270巷1號1、2樓,6000000,1081017
5266,42897302,特萊矽斯科技有限公司,臺中市西屯區西屯路二段236號19樓之8,1000000,1081003
5268,42899379,雍上意國際貿易股份有限公司,臺中市北區賴村里健行路532號,18000000,1081025
5269,42899462,植康生技有限公司,臺中市南區國光里仁和路284號1樓,4744000,1081017
5270,42899863,益旺不動產仲介經紀有限公司,臺中市北屯區綏遠路二段61號1樓,500000,1081017
5271,42900242,巨懋裝潢鐵件有限公司,臺中市太平區中山路三段19巷40弄7號,300000,1081007
5308,42925567,銘屋企業有限公司,臺中市大里區仁德里仁福街50號5樓,19880000,1081003
5343,42939730,惟耀通訊有限公司,臺中市西屯區福和里中工三路90號,100000,1081030
5397,42968903,丞禾精密股份有限公司,臺中市烏日區榮泉里健行南一路57號1樓,3000000,1081024
5475,42997415,木斯恩有限公司,臺中市西屯區福恩里工業區一路6巷12號2樓,500000,1081003
5599,45048057,樂活聯創有限公司,臺中市南屯區惠中里文心路一段306號10樓之6,1000000,1081001
5615,45086740,協勵營造股份有限公司,臺中市北區太原北路130號4樓之3,51500000,1081001
5647,45113346,和純善科技有限公司,臺中市大里區益民路二段291之3號12樓,5000000,1081021
5669,45125841,誠禾室內裝修工程有限公司,臺中市大里區新里里德芳路二段136號,5000000,1081008
5708,45146199,荷憩有限公司,臺中市西區土庫里存中街9之2號4樓,1000000,1081002
5709,45146254,蒙地卡羅汽車有限公司,臺中市西屯區惠來里文心路三段13之6號,3000000,1081002
5711,45148605,程邦實業有限公司,臺中市豐原區東陽路130巷26號1樓,1100000,1081023
5712,45148936,江明事業有限公司,臺中市西區美村路一段135、137號,2000000,1081028
5713,45149386,橙昕創藝文保有限公司,臺中市豐原區南陽里圓環東路300號1樓,500000,1081014
5714,45149962,程序智庫科技有限公司,臺中市西屯區福和里福安九街1巷13號,2000000,1081014
5715,45188009,嘉登科技有限公司,臺中市西屯區何厝里四川路129號,600000,1081001
5716,45189318,宥慶股份有限公司,臺中市北區博館東街19之2號,17000000,1081025
5717,45196541,豐富企業股份有限公司,臺中市西區民龍里臺灣大道二段285號七樓之3,600000,1081016
5718,45197963,宜和室內裝修股份有限公司,臺中市大里區夏田里中投西路三段217號,3000000,1081017
5719,45876364,天玄商業顧問有限公司,臺中市南區福平里復興路二段137之1號4樓,6000000,1081021
5721,45880819,坤達電熱有限公司,臺中市神岡區豐洲里豐洲路256巷17號,2700000,1081014
5722,45880851,超空間玻璃興業有限公司,臺中市豐原區南田里富翁街102巷55號1樓,500000,1081015
5723,45882062,手創科技股份有限公司,臺中市西屯區何德里漢口路二段151號11樓之7,212010,1081009
5724,45882979,初心國際有限公司,臺中市南屯區新生里龍富十八路149之8號1樓,500000,1081003
5725,45883822,耶尼質髮健康顧問有限公司,臺中市中區臺灣大道一段201號4樓,2300000,1081028
5726,45884673,天屹國際企業股份有限公司,臺中市北區建興里學士路292巷16號1樓,500000,1081016
5728,45886052,元錦生物科技股份有限公司,臺中市豐原區水源路258巷15號2樓,23500000,1081029
5729,45886736,信順車體有限公司,臺中市烏日區九德里中華路96巷18號,500000,1081024
5730,45886742,合陣創新有限公司,臺中市神岡區圳前里三民路394號一樓,10000000,1081014
5733,45889500,鈞竑科技股份有限公司,臺中市北屯區舊社里北屯路453之6號,1000000,1081024
5734,45890648,宸邑投資股份有限公司,臺中市北屯區同榮里同榮路318巷22號1樓,24000000,1081022
5813,49727789,承德通運企業股份有限公司,臺中市清水區槺榔里臨港路五段136號1樓,10000000,1081005
5834,50757830,快樂森林有限公司,臺中市北區永興街357號,6000000,1081002
5968,50799373,誠哲股份有限公司,臺中市西屯區臺灣大道四段927號3樓,18550000,1081025
5987,50810975,裕元營造股份有限公司,臺中市北屯區松竹里河北二街36號24樓之8,10000000,1081024
5988,50811026,天宇國際貿易有限公司,臺中市豐原區豐原里隆豐街30號1樓,500000,1081025
5989,50811638,福彩企業有限公司,臺中市大里區東興里東明路235號1樓,500000,1081022
5990,50812192,承億國際有限公司,臺中市西屯區惠來里文心路三段13-7號,100000,1081023
5991,50812290,速喜樂洗衣科技開發股份有限公司,臺中市北區育德里大德街93號2樓,5500880,1081024
5992,50812334,宏駿廣告事業有限公司,臺中市北屯區平安里文心路四段750之11號,1000000,1081007
5993,50812854,福橡景觀有限公司,臺中市北區文莊里中清路一段89號15樓之5,500000,1081001
5994,50813002,誠貿有限公司,臺中市西屯區何仁里文心路三段155-1號7樓,1000000,1081017
5995,50813523,漢鼎智慧科技股份有限公司,臺中市南屯區文心路一段186號4樓之9,12240000,1081024
5996,50813570,鷹爪門股份有限公司,臺中市北屯區北屯里太原路三段173號1樓,3000000,1081008
5998,50815769,臺中南屯文心國際商務有限公司,臺中市南屯區文心路一段218號23樓之1,250000,1081025
5999,50815872,臺中英才國際商務有限公司,臺中市西區英才路512號3樓,250000,1081024
6000,50816654,大人物不動產有限公司,臺中市清水區槺榔里港埠路三段203號1樓,300000,1081007
6002,50817653,夥伴玩具有限公司,臺中市北區文莊里中清路一段89號9樓之10,2000000,1081029
6003,50818203,晶兆科技股份有限公司,臺中市西屯區惠來里市政北六路28號14樓之5,2000000,1081008
6004,50818365,豐圓環保有限公司,臺中市北區崇德路一段190號1樓,100000,1081028
6005,50818771,白馬山餐飲有限公司,臺中市石岡區梅子里豐勢路國中巷1之1號1樓,3000000,1081023
6006,50818935,銳錡科技股份有限公司,臺中市南屯區大業路241號3樓之1,1000000,1081003
6007,50819147,波阿斯居家智慧股份有限公司,臺中市潭子區頭家里和平路41號,19750000,1081028
6008,50819435,連盟企業有限公司,臺中市西屯區協和里工業區十三路2號,2000000,1081003
6009,50820236,慈力研發有限公司,臺中市豐原區豐田里田心路二段439巷13號1樓,4800000,1081028
6010,50820854,匯聚國際事業有限公司,臺中市中區綠川里建國路123號8樓之1、9樓之1、10樓之1、11樓之1、12樓之1、,5000000,1081005
6011,50821592,月恆有限公司,臺中市西區和龍里臺灣大道一段726號6樓之7,1000000,1081002
6012,50821925,康聖國際有限公司,臺中市大里區新仁里立仁路409巷16號1樓,300000,1081003
6013,50821994,進欣織線實業股份有限公司,臺中市神岡區神洲路70號,10000000,1081030
6014,50822142,金準度有限公司,臺中市北屯區軍功里一新一街5弄10號1樓,6000000,1081018
6015,50822311,龍加慶有限公司,臺中市大里區西湖里草堤路158巷13弄臨22號,2500000,1081001
6016,50823016,富美不動產經紀有限公司,臺中市北屯區松竹路一段871號,1000000,1081015
6017,50823058,大佑工程有限公司,臺中市西屯區何安里重慶路99號7樓之3,1000000,1081001
6018,50823748,康沛醫材股份有限公司,臺中市大甲區岷山里4鄰水源路690號,2500000,1081009
6019,50825669,陶朱創生有限公司,臺中市烏日區公園路59號1樓,1000000,1081017
6020,50825703,京天投資有限公司,臺中市西屯區大墩二十街118號5樓之1,100000,1081028
6021,50825984,綠比特股份有限公司,臺中市沙鹿區犁分里中山路22之23號,8000000,1081007
6022,50826935,八方能源科技股份有限公司,臺中市北區日興街222號10樓之1,7000000,1081023
6023,50827033,浪巢有限公司,臺中市南區樹德里復興北路781號,520000,1081008
6024,50827054,協鋮有限公司,臺中市大里區樹王里樹王路208巷11號1樓,300000,1081021
6025,50827884,可茂有限公司,臺中市北屯區太順三街26號1樓,1680000,1081022
6026,50828011,影響力管理顧問有限公司,臺中市北區頂厝里進化北路238號11樓之4,2150000,1081016
6027,50828378,屋馬崇德有限公司,臺中市西屯區惠來里市政路402號22樓之5,50000000,1081018
6028,50828413,幽狐數位有限公司,臺中市南區和平里復興路二段71巷2號13樓,100000,1081028
6029,50829503,大傅建設開發有限公司,臺中市西屯區上安里上仁街141巷5號1樓,35000000,1081030
6030,50829659,輔人科技股份有限公司,臺中市西屯區逢福里櫻城一街59-7號1樓,7000000,1081024
6031,50829969,浩旭國際貿易股份有限公司,臺中市西屯區惠來里市政路402號14樓之3,2500000,1081021
6033,50831043,上吉生貿易有限公司,臺中市豐原區西勢路253巷14號1樓,2000000,1081008
6034,50832394,群因有限公司,臺中市西屯區朝富路213號19樓之10,100000,1081016
6035,50832697,建均建設有限公司,臺中市東勢區福隆里福昌街56巷2號1樓,5000000,1081023
6037,50832839,聚雨環境科技有限公司,臺中市東區東信里環中東路五段2巷18號1樓,1000000,1081014
6038,50833513,震茂國際有限公司,臺中市西屯區惠來里市政北一路77號8樓之7,1000000,1081003
6039,50833696,東德建材有限公司,臺中市北屯區興安路二段447號16樓,2000000,1081024
6040,50833801,永恆天使國際事業有限公司,臺中市豐原區一心路91之1號,500000,1081023
6041,50834597,錦恩有限公司,臺中市西屯區福和里天保街47巷9號1樓,1000000,1081022
6042,50834745,畢葛馬利昂室內裝修設計有限公司,臺中市北屯區崇德六路100號5樓之1,200000,1081002
6043,50834914,普新生技股份有限公司,臺中市北屯區水湳里文心路三段447號6樓之2,22000000,1081029
6044,50835603,顏美生技美容事業股份有限公司,臺中市西屯區市政北七路186號10樓之5,8000000,1081021
6045,50836048,金霖物業管理顧問有限公司,臺中市西屯區港尾里中清路二段1398號1樓,1000000,1081025
6046,50836217,興瑞通有限公司,臺中市清水區南社里民和路二段428巷9號2樓,3000000,1081001
6047,50836357,群良國際科技有限公司,臺中市北區進化北路238號10樓之3,1000000,1081025
6048,50836856,鎮緯營造股份有限公司,臺中市西區向上路一段86號2樓,26000000,1081014
6049,50837686,元泰豐科技股份有限公司,臺中市梧棲區草湳里自立四街23號,10000000,1081025
6050,50839663,豪順興業有限公司,臺中市西屯區潮洋里朝貴路108號,1000000,1081008
6051,50839805,萬博體育傳媒有限公司,臺中市南屯區田心里文心路一段73號4樓之1,500000,1081029
6052,50840090,貝塔科技有限公司,臺中市南屯區公益路二段61號8樓之2,100000,1081016
6053,50840227,俊昇開發有限公司,臺中市太平區德隆里光興路145巷28號1樓,500000,1081014
6054,50840232,侑勝企業有限公司,臺中市大安區福興里中松路260號1樓,1000000,1081022
6086,50853502,僑龍建築物公共安全檢查股份有限公司,臺中市中區綠川里綠川東街32號9樓之23,52500000,1081016
6207,50888039,保健力國際有限公司,臺中市西屯區逢福里河南路二段262號13樓之3,300000,1081009
6214,50889332,龍笎有限公司,臺中市東區玉皇街68巷1號5樓,10800,1081030
6232,50896684,風之鈴有限公司,臺中市北區一中街142號2樓,9700000,1081001
6335,50931943,台灣壽桃股份有限公司,臺中市豐原區社皮里一心路91之1號,10000000,1081004
6492,50997901,易趣網通科技有限公司,臺中市西屯區潮洋里朝富路213號4樓之2,500000,1081016
6502,51010163,大源龍企業有限公司,臺中市東區大公街77號,6000000,1081009
6503,51012325,大田農具工廠股份有限公司,臺中市大雅區四德里龍善一街8號,16000000,1081021
6504,51013696,大湖煤氣有限公司,臺中市西區忠勤街62巷31號1樓,600000,1081025
6506,51073906,大豐麵粉廠股份有限公司,臺中市東區東光園路345號,147126200,1081008
6510,51082052,中陽實業股份有限公司,臺中市潭子區昌平路三段178巷2號,100000000,1081002
6513,51115700,元美染織股份有限公司,臺中市北屯區東光里16鄰北屯路298巷79號,8000000,1081008
6514,51132709,中陽交通股份有限公司,臺中市西區平和里林森路八六號一樓,2400000,1081025
6517,51159256,永在林業股份有限公司,臺中市西區林森路152號,8000000,1081015
6520,51237231,周興股份有限公司,臺中市南區長春里復興路三段493號1樓,10000000,1081006
6524,51702861,廣達交通有限公司,臺中市大里區立仁里新仁路一段310號1樓,2000000,1081014
6537,52223609,登群實業有限公司,臺中市西屯區文心路三段241號10樓之6,1000000,1081002
6544,52238357,瑞豐興吉鋼鐵有限公司,臺中市東區東橋里仁和路463之1號1樓,7000000,1081017
6546,52242444,台灣自來水股份有限公司,臺中市北區樂英里14鄰雙十路2段2之1號,147500000000,1081024
6554,52268507,新弌工業股份有限公司,臺中市西屯區逢福里惠來路三段220號6樓之1,15000000,1081004
6555,52268915,久隆汽車貨運股份有限公司,臺中市南區城隍里忠孝路139號3樓,20000000,1081007
6585,52347881,明賢鐵工廠股份有限公司,臺中市東區振興路412巷14號1樓,6600000,1081018
6586,52353095,永輝興電機工業股份有限公司,臺中市西屯區永輝路55號,138000000,1081016
6589,52358113,純良有限公司,臺中市西區公館里三民西路103號,2500000,1081022
6601,52384098,明祿工業股份有限公司,臺中市太平區新仁路一段22巷65號,25000000,1081001
6606,52393553,裕強特殊金屬股份有限公司,臺中市南區五權南路680巷28弄23號1樓,4560000,1081007
6612,52417725,忠欣企業股份有限公司,臺中市大里區國光路一段16號,30300000,1081014
6633,52484759,欽飛工業股份有限公司,臺中市東區東英路25號,5000000,1081021
6639,52509935,冠益交通器材有限公司,臺中市南區福興里復興路三段12號1、2樓,3000000,1081007
6650,52531958,櫻欣興業股份有限公司,臺中市大雅區橫山里中科路1088、1090號,42900000,1081008
6656,52538869,順兆化學工業股份有限公司,臺中市大雅區四德里中清路三段758巷1號,28500000,1081007
6661,52547868,華佑實業有限公司,臺中市西區大隆路20號14樓之5,20000000,1081028
6677,52574392,權琳股份有限公司,臺中市北屯區平心里文心路四段669號3樓之1,31600000,1081014
6687,52590560,佳旅交通事業股份有限公司,臺中市西區平和里林森路八六號一樓,2000000,1081024
6688,52592032,民欣塑膠工業股份有限公司,臺中市東區振興路280巷29號1樓,5000000,1081001
6703,52616512,鑫佳聯生醫科技股份有限公司,臺中市西區臺灣大道二段220號7樓,97710000,1081025
6725,52652208,宏昆實業股份有限公司,臺中市大雅區四德里中山路306號,15040000,1081020
6744,52691716,臺增企業股份有限公司,臺中市南屯區干城街194巷3號,5000000,1081023
6747,52693242,方茂工業股份有限公司,臺中市霧峰區五福里環河路一段702號,3500000,1081017
6757,52713681,家家有積分有限公司,臺中市西屯區市政北二路236號14樓之5,3100000,1081003
6788,52824568,和創國際開發股份有限公司,臺中市大里區西湖里草湖路113號3樓,90000000,1081023
6800,52870751,順集科技股份有限公司,臺中市太平區工業路215號,100000000,1081004
6802,52878938,僑仕實業有限公司,臺中市北區賴村里進化北路365號1樓之15,20000000,1081022
6824,52919945,維寶全球有限公司,臺中市梧棲區大庄里中央路一段919巷1號1樓,1000000,1081014
6829,52927425,福怡股份有限公司,臺中市南屯區寶山里工業區二十路48號,50000000,1081029
6838,52950972,食蟻獸品牌行銷有限公司,臺中市北區建興里健行路406號1樓,200000,1081001
6851,53029239,佳佳美國際有限公司,臺中市西屯區惠來里文心路2段201號17樓之5,60000000,1081031
6854,53031946,世耀精密股份有限公司,臺中市太平區新明街59巷80號1樓,1500000,1081029
6858,53033395,峰茂光學企業有限公司,臺中市南區崇倫里建國南路1段245號10樓之3,3000000,1081015
6863,53037857,安擎實業股份有限公司,臺中市西屯區工業區一路58巷10弄35號1樓,3000000,1081024
6868,53042079,連泓工程有限公司,臺中市大雅區文雅里中山北路250號1樓,200000,1081030
6869,53043154,大墩國際文教股份有限公司,臺中市西區三民里三民路一段174號5樓,6050000,1081025
6871,53045619,信成行國際股份有限公司,臺中市西屯區臺灣大道三段660號18樓之5,25000000,1081005
6873,53048094,台灣迪卡儂有限公司,臺中市南屯區大墩南路379號,696000000,1081028
6876,53050268,怡適德國際實業有限公司,臺中市北區福龍街97號12樓之9,200000,1081022
6887,53064360,東達餐飲有限公司,臺中市后里區成功路492巷2號、476巷1號、478號,12000000,1081021
6889,53065522,廣榮貿易有限公司,臺中市北區雙十路二段181號,20000000,1081017
6892,53067850,中教科技有限公司,臺中市南區和平里樹義1巷26之1號5樓,5000000,1081018
6893,53067893,呈弈精密工業有限公司,臺中市大里區大元里大衛路48之8號1樓,1000000,1081002
6895,53068730,得閎股份有限公司,臺中市潭子區潭陽里潭子街二段15號2樓,1000000,1081015
6899,53072592,世鎰鍛品工業有限公司,臺中市太平區東平路741巷2弄15號,55000000,1081002
6962,53131234,日野工程科技股份有限公司,臺中市南屯區豐樂里永春東一路786號1樓,1000000,1081025
6963,53131945,巨林開發有限公司,臺中市南屯區同心里大墩二街240號,2000000,1081023
6970,53139411,聚時精密有限公司,臺中市烏日區南里村溪南路三段55巷2弄2號1樓,7200000,1081007
6975,53146004,鴻阜建材有限公司,臺中市東勢區詒福里上城街317號2樓,3000000,1081015
6976,53146834,人文禮儀股份有限公司,臺中市西屯區福科路912號,9500000,1081002
6978,53149987,紳秝實業有限公司,臺中市南區工學一街179巷10號1樓,12000000,1081003
6990,53160743,姜維國際有限公司,臺中市西屯區市政北一路365號18樓之2,500000,1081002
6992,53161145,臺灣輔康醫療器材股份有限公司,臺中市豐原區南田里南田街135之3號1樓,144950000,1081016
6993,53161335,聖凡有限公司,臺中市大肚區大東里仁德路131巷5號1樓,500000,1081001
6994,53162904,大青節能科技股份有限公司,臺中市大雅區秀山里科雅路27號3樓,700000000,1081023
6996,53163214,台灣普惠投資顧問股份有限公司,臺中市南區長榮里復興路三段222號2樓之1,6000000,1081028
7000,53169998,銓輝國際有限公司,臺中市北屯區平興里興安路二段68號4樓之1,10000000,1081021
7001,53171164,致高點貿易有限公司,臺中市霧峰區甲寅里草湖路48號1樓,5000000,1081030
7004,53173162,松聖工程有限公司,臺中市大里區內新里內新街15之11號13樓,1000000,1081014
7007,53173418,優德精密研磨股份有限公司,臺中市神岡區豐洲里神洲路66巷27號,3000000,1081003
7010,53175719,久大資訊網路股份有限公司,臺中市西屯區文心路三段241號17樓之5,63413770,1081023
7013,53176631,藏富建設股份有限公司,臺中市北區中清路一段726巷55號2樓,10000000,1081015
7031,53191751,康聯家庭科技有限公司,臺中市北區進化北路238號10樓之3,10000000,1081018
7076,53239925,安妃雅國際有限公司,臺中市東區十甲里東英七街1號1樓,1000000,1081030
7103,53259560,惠眾建設股份有限公司,臺中市西屯區何安里臺灣大道2段910號6樓之5,25000000,1081014
7104,53262782,晟傑精密工業有限公司,臺中市神岡區溝心路52號1樓,5000000,1081025
7105,53266197,美綺食品有限公司,臺中市東區東信里樂業路450號,2000000,1081001
7107,53271298,湘品園藝有限公司,臺中市南屯區干城街280巷2弄37號1樓,3000000,1081005
7108,53271776,光成光源有限公司,臺中市龍井區水裡社街一段427巷19號,2000000,1081014
7113,53277808,麗舍生活股份有限公司,臺中市西屯區西墩里黎明路三段358號5樓,25000000,1081023
7118,53279849,錩翰有限公司,臺中市太平區新福十六街42號1樓,300000,1081005
7121,53282020,璉樺投資有限公司,臺中市北屯區和平里和祥街33巷46號,55000000,1081003
7122,53282176,雄富土木包工業有限公司,臺中市大雅區六寶里中清路四段693巷5號1樓,1000000,1081018
7123,53283007,東攻工業股份有限公司,臺中市豐原區社皮里豐社路245-3號1樓,3600000,1081008
7125,53283533,雅境生命禮儀有限公司,臺中市大里區中興路2段日新巷79弄138號1樓,900000,1081021
7128,53288235,漢軒生技有限公司,臺中市大里區文心南路1273巷330號1樓,5000000,1081016
7130,53288782,玉禧投資股份有限公司,臺中市西屯區臺灣大道二段910號5樓之7,135800000,1081014
7136,53295025,艾可特國際貿易有限公司,臺中市西屯區大墩二十街106號,4580000,1081021
7140,53304002,元齊投資股份有限公司,臺中市西屯區櫻城五街7巷1號1樓,10000000,1081015
7141,53304376,永荃投資股份有限公司,臺中市西屯區市政路386號14樓之8,1000000,1081007
7142,53305918,宇基國際股份有限公司,臺中市南屯區黎明東街150號6樓,105000000,1081017
7143,53308838,帝德國際實業股份有限公司,臺中市烏日區三榮十二路39號2樓之1,5000000,1081021
7199,53358549,松田國際開發股份有限公司,臺中市北屯區水湳里中清東一街35之4號,250000,1081004
7206,53363613,創聖國際有限公司,臺中市大里區金城里塗城路648號2樓,1000000,1081004
7212,53369031,台灣鑫兆投資開發股份有限公司,臺中市北屯區天津路四段157號1樓,25000000,1081007
7216,53371135,富泰百貨有限公司,臺中市東勢區延平里豐勢路107號,5000000,1081028
7217,53371402,新薇莉塑型內衣有限公司,臺中市北屯區東山路一段289之5號1樓,500000,1081001
7218,53371780,廣擎建設有限公司,臺中市北屯區山西北一街82號3樓,7000000,1081015
7219,53372275,銓達精密科技股份有限公司,臺中市大里區仁化里工業十路26號1樓,115000000,1081001
7220,53373936,存在設計有限公司,臺中市南屯區大業里公益路二段51號9樓,1000000,1081008
7221,53373942,瑞澤機械有限公司,臺中市豐原區豐年路149巷71號,1000000,1081022
7222,53375651,精湛鈑金工業股份有限公司,臺中市大肚區新興里沙田路二段132巷50號,12000000,1081002
7223,53376053,琩裕營造有限公司,臺中市西屯區何源里華美西街二段373之1號1樓,3600000,1081029
7228,53380063,玉安消防科技有限公司,臺中市太平區中山路1段162巷30弄1號1樓,200000,1081022
7238,53397260,千禾國際股份有限公司,臺中市西屯區文心路三段241號18樓之5,5000000,1081007
7242,53400808,陸水班冷凍肉品有限公司,臺中市梧棲區永興路一段402巷179號1樓,48000000,1081025
7245,53402600,鎧鉅綠能股份有限公司,臺中市大雅區通山路66號,1000000,1081003
7246,53403615,明新精密有限公司,臺中市大里區立仁一路156之18號1樓,1000000,1081030
7247,53405199,源崑吉工業股份有限公司,臺中市大里區仁化里工業八路50號,25000000,1081014
7296,53480719,齊樂行食品有限公司,臺中市霧峰區五福里中投西路二段460號,800000,1081030
7305,53491238,築寬實業有限公司,臺中市南屯區寶山里寶山東二街11號,8000000,1081028
7310,53496135,恆鈦精機股份有限公司,臺中市大里區國中一路25巷52號1樓,5200000,1081014
7313,53503754,珈力櫟設計有限公司,臺中市南屯區文心路一段324號11樓之1,700000,1081025
7314,53504584,泰珀莎室內裝修有限公司,臺中市南屯區溝墘里大業路372號,3750000,1081015
7315,53504825,韶禧鋁業有限公司,臺中市西屯區逢甲里寶慶街30巷9號5樓之20,5000000,1081007
7319,53507597,好圖創意股份有限公司,臺中市北區文心路四段210之5號3樓,1500000,1081021
7323,53510642,昌澤機械股份有限公司,臺中市潭子區大豐里潭富路二段288號,29000000,1081028
7326,53512661,佺築興業股份有限公司,臺中市西屯區市政北二路236號13樓之2,30000000,1081006
7327,53514751,筌隆科技有限公司,臺中市南屯區豐樂里豐順街181巷55號一樓,500000,1081004
7329,53516420,立廚股份有限公司,臺中市清水區光華路122號,3000000,1081016
7347,53535432,億智富國際有限公司,臺中市太平區大興十六街150號1樓,10000000,1081003
7431,53607759,康提有限公司,臺中市北區淡溝里臺灣大道二段340號3樓之3,5000000,1081008
7432,53608194,長億機械工業有限公司,臺中市清水區菁埔里中央北路2之30號,15000000,1081018
7440,53612388,如陽科技股份有限公司,臺中市北區中清路一段79號5樓,25000000,1081023
7444,53619066,田訊精密工業有限公司,臺中市東區東信里東英路15號(1樓),10000000,1081021
7446,53620211,百晟重機械有限公司,臺中市后里區墩北里大興路160號一樓,500000,1081004
7447,53620351,開富力建設開發股份有限公司,臺中市南屯區益豐路四段9號3樓之1,100000000,1081014
7452,53622870,發條橘子科技股份有限公司,臺中市烏日區高鐵五路156號10樓之3,30870000,1081005
7453,53622962,雲山企業有限公司,臺中市北屯區軍功里軍南二街33號1樓,3000000,1081014
7461,53635967,承鑫雷射有限公司,臺中市大里區新里里長興一街2號2樓之7,3000000,1081024
7464,53638654,立川有限公司,臺中市外埔區三崁里甲后路三段659號,500000,1081007
7466,53640434,金邑精密科技有限公司,臺中市龍井區忠和里蚵寮路342之1號,5000000,1081025
7521,53701635,永富發科技有限公司,臺中市南區工學一街177號10樓之5,1000000,1081029
7547,53727760,三希堂創意有限公司,臺中市南區台中路38巷12之2號3樓,5000000,1081028
7583,53762013,買麥留有限公司,臺中市南屯區三和里黎明東街350號8樓之5,3050000,1081028
7603,53784327,新力水電工程有限公司,臺中市太平區興隆里興隆路10之19號1樓,2000000,1081021
7612,53792924,凱友包裝機械有限公司,臺中市沙鹿區埔子里北勢東路155巷167號1樓,200000,1081009
7619,53803984,鴻元工業股份有限公司,臺中市潭子區東寶里大豐路一段300之6號,5000000,1081025
7621,53805060,新富翔食品工業有限公司,臺中市東區東信里振興路412巷76號,5100000,1081018
7625,53807953,震泰自動化科技股份有限公司,臺中市太平區新平路一段102號1樓,38000000,1081017
7629,53810660,和財有限公司,臺中市南屯區惠中里文心路一段324號11樓之1,500000,1081029
7639,53824290,康成生醫科技有限公司,臺中市西屯區市政北二路282號13樓之7,2500000,1081029
7640,53824355,瑞華清潔有限公司,臺中市西區三民西路116巷13號4樓,3300000,1081001
7643,53830693,莉雅曼內衣有限公司,臺中市沙鹿區鹿寮里福安街22號1樓,10500000,1081006
7645,53833875,鼎發租賃股份有限公司,臺中市西屯區臺灣大道二段718號3樓,28000000,1081018
7646,53834699,伊達康策略行銷有限公司,臺中市太平區新高里民族街13巷12號3樓,2000000,1081029
7647,53834776,高森室內裝修有限公司,臺中市神岡區神洲路103號2樓,1000000,1081009
7657,53842425,連鼎建設有限公司,臺中市南區工學里工學路155巷15弄16號1樓,1000000,1081021
7660,53843629,龍順有限公司,臺中市太平區新興二街62號1樓,2500000,1081021
7663,53848862,吉美開發有限公司,臺中市北屯區平安里文心路4段696號25樓,241000000,1081008
7669,53854343,樺毅科技有限公司,臺中市大甲區文曲里東安路60-3號,2000000,1081025
7670,53854569,三起國際貿易有限公司,臺中市南區國光里建成路1475號1樓,1500000,1081028
7671,53854998,禾源企業有限公司,臺中市北屯區廍子里太順路48號1樓,5000000,1081016
7673,53857334,元鋒企業有限公司,臺中市南區長榮里復興路三段252號1樓,5288888,1081018
7674,53858994,佑家不動產有限公司,臺中市烏日區仁德里中山路一段509號1樓,900000,1081029
7677,53861098,台灣寶饌有限公司,臺中市中區繼光里公園路2之2之8號,200000,1081022
7678,53861301,富禮韻貿易有限公司,臺中市西屯區大河里長安路一段61之17號,5200000,1081021
7682,53864200,盛錦開發有限公司,臺中市大肚區蔗廍里中蔗路1之20巷11號1樓,2000000,1081007
7689,53868260,丸松物產有限公司,臺中市南屯區大墩三街105號1樓,3000000,1081023
7694,53875810,達斯旅店股份有限公司,臺中市西屯區西平里逢甲路19巷16號7樓之1,500000,1081029
7697,53877155,基創建設股份有限公司,臺中市西區吉龍里五權西五街149號2樓,101000000,1081028
7698,53878008,敦斐建設有限公司,臺中市西屯區何福里成都路139號1樓,29500000,1081017
7767,53941852,瑞城小客車租賃股份有限公司,臺中市北屯區平德里文昌東四街74號1樓,10000000,1081016
7791,53959542,荃鎂科技股份有限公司,臺中市潭子區新田里豐興路二段416號,5000000,1081015
7792,53960180,宏達發實業有限公司,臺中市西屯區港尾里中康街258號,3000000,1081024
7795,53961688,暉皇工程有限公司,臺中市大里區大元里中興路二段50巷26-1號,500000,1081021
7799,53964691,麗澤生物科技股份有限公司,臺中市大里區金城里金城街276號1樓,7500000,1081014
7800,53964735,亞碼數位科技有限公司,臺中市北區立人里陝西路108號3樓之1,1000000,1081016
7802,53966277,玉淞實業有限公司,臺中市神岡區神圳路25之5號2樓,5000000,1081003
7803,53966712,晨澤有限公司,臺中市豐原區北陽里中陽路229巷11號3樓,10500000,1081029
7805,53967178,萬隆工業股份有限公司,臺中市太平區光隆里興隆路一段216號,1000000,1081021
7806,53968134,泛太平洋科學研究有限公司,臺中市霧峰區萊園里萊園路139巷2號,7000000,1081017
7809,53969083,奎俊工業有限公司,臺中市太平區大興路145號1樓,1000000,1081018
7818,53979977,蓮旺食品股份有限公司,臺中市龍井區新東里新興路1巷1號,28000000,1081001
7819,53980714,泳億國際工業有限公司,臺中市西區公德里精誠三十街36號11樓之4,2000000,1081002
7822,53983450,一方酒業有限公司,臺中市西屯區何南里精誠路30號1樓,2000000,1081014
7825,53985176,先趨科股份有限公司,臺中市西區忠誠里大隆路20號14樓之5,35800000,1081015
7827,53985485,總管家租賃住宅服務股份有限公司,臺中市北區臺灣大道二段340號4樓之2,5000000,1081018
7828,53985561,麵包舞曲有限公司,臺中市東區台中路103號3樓,13000000,1081014
7830,53986631,福星仁投資有限公司,臺中市西屯區協和里工業區五路6之1號2樓,18000000,1081017
7831,53988096,金豐盛食品股份有限公司,臺中市烏日區高鐵路一段1號,198350000,1081022
7832,53988130,東升不動產經紀有限公司,臺中市南屯區永春東三路29號8樓之1,500000,1081018
7834,53990038,威昶有限公司,臺中市南區合作街354號1樓,5700000,1081004
7837,53993387,豐康科技股份有限公司,臺中市西屯區成都路145號,30000000,1081025
7845,54000219,聚富發地產開發有限公司,臺中市西屯區烈美街99號1樓,1500000,1081025
7848,54003335,鑫嘉建設股份有限公司,臺中市北屯區水景里景賢路312號1樓,25000000,1081028
7849,54004088,新機實業有限公司,臺中市北區明德里漢口路三段76之2號2樓,2000000,1081007
7850,54004658,大立環保科技有限公司,臺中市西區自由路一段101號11樓之5,5000000,1081024
7855,54007352,宸欣開發股份有限公司,臺中市西區忠明路6號2樓,16250000,1081018
7938,54078813,德川有限公司,臺中市太平區新福里旱溪西路二段171號1樓,1000000,1081004
7942,54080711,錡樺生物科技有限公司,臺中市北區頂厝里北興街296巷5號2樓之2,20000000,1081023
7953,54089641,魔特創意有限公司,臺中市南屯區三厝里向上路三段69號5樓之2,1000000,1081001
7957,54094383,鴻益食品股份有限公司,臺中市豐原區翁子里豐勢路1段585巷25號1樓,3000000,1081015
7962,54097889,昰暟科技有限公司,臺中市北區東光路306號1樓,69800000,1081025
7966,54100575,莛逸企業有限公司,臺中市霧峰區甲寅里振興路155號4樓之1,120000,1081031
7967,54102790,翔全技術企業有限公司,臺中市太平區聖和里長龍路一段366號,500000,1081018
7968,54103377,優思資文創設計股份有限公司,臺中市西屯區朝富路213號20樓之9,16000000,1081001
7969,54103947,聯晶特斯拉股份有限公司,臺中市西屯區惠來里市政北七路167號1樓,73000000,1081007
7971,54107486,新鐵億五金有限公司,臺中市潭子區潭陽里福潭路279巷3號1樓,2000000,1081002
7972,54107612,中佑警備保全股份有限公司,臺中市西屯區福恩里工業區一路58巷10弄23號2樓,40000000,1081007
7973,54108627,新砌股份有限公司,臺中市西區公民里五權路1之67號13樓之1,10000000,1081030
7975,54109371,真醫健康企業有限公司,臺中市西屯區市政路105號2樓之1,13000000,1081015
7976,54109610,國合科技股份有限公司,臺中市大里區大元里國光路一段206之12號,88000000,1081007
7982,54114584,緯立有限公司,臺中市北區光大里中清路一段100號13樓之1,10000000,1081015
7984,54116393,果桐國際貿易有限公司,臺中市烏日區烏日里中山路二段260巷36號,2000000,1081023
7991,54124529,潤泰源有限公司,臺中市大甲區順天里蔣公路231巷10號,1200000,1081023
7993,54128222,安栢利國際有限公司,臺中市南屯區楓樹里楓樹西街365之1號1樓,2000000,1081014
7995,54129067,合星科技股份有限公司,臺中市大里區立德里立仁二路55號1樓,5000000,1081005
7996,54129550,澄果行銷有限公司,臺中市北區建興里崇德路一段256巷2號10樓之1,1000000,1081003
7998,54131710,富宥廣告事業有限公司,臺中市北屯區平和里旅順路一段128號1樓,1000000,1081001
8007,54135526,威翔航空科技股份有限公司,臺中市西屯區科園一路5號,600000000,1081001
8010,54136948,永朔實業有限公司,臺中市西屯區成都路101之7號,17200000,1081022
8064,54193692,永續恆茂實業股份有限公司,臺中市北區崇德里北興街121號2樓,4200000,1081015
8103,54219378,康洲教育顧問有限公司,臺中市南屯區文心路一段378號16樓之1,1500000,1081029
8105,54220467,天境室內計劃有限公司,臺中市北區明德里忠明路211號12樓之1,6000000,1081014
8108,54223099,林森拉娜國際精品有限公司,臺中市大雅區中清北街23號,50000,1081025
8109,54225174,戴爾美語教育科技事業股份有限公司,臺中市西屯區逢甲路155號地下一樓,30000000,1081012
8113,54231252,永醇誠股份有限公司,臺中市北屯區文心路四段448號,10000000,1081001
8114,54232506,君彩通訊有限公司,臺中市沙鹿區居仁里中山路399號,500000,1081007
8116,54236192,銀川企業股份有限公司,臺中市太平區新光里新福路403號1樓,11000000,1081025
8118,54237214,古的精密有限公司,臺中市西屯區廣福里廣福路180巷13號,10000000,1081002
8121,54241809,兆洋資訊股份有限公司,臺中市西屯區市政路386號16樓之3,100000000,1081008
8122,54241884,尹孚出版社有限公司,臺中市西區公館里三民西路58號3樓,4000000,1081007
8124,54242835,晟沛企業有限公司,臺中市西區公益里公益路221號7樓之3,1000000,1081002
8127,54245538,益盛科技軟體有限公司,臺中市西屯區何仁里西屯路二段208巷16-12號六樓之6,3000000,1081004
8128,54245713,禾呈金屬有限公司,臺中市大雅區三和里建興路193號1樓,1000000,1081021
8137,54252615,龍德開發有限公司,臺中市西區忠明南路237號9樓之3,305000,1081003
8147,54261059,德揚建設開發股份有限公司,臺中市北區光大里原子街149號5樓之8,10000000,1081028
8148,54262711,紅果國際事業有限公司,臺中市北屯區水景里景和東街92號1樓,5000000,1081017
8154,54265581,圓和圓發明科技有限公司,臺中市西屯區福中里中工二路222號1樓,3000000,1081008
8156,54268052,究境空間設計有限公司,臺中市中區繼光里繼光街55之1號,1000000,1081024
8158,54269094,鋒泰製衣原料有限公司,臺中市沙鹿區六路里平等三街70號,5000000,1081008
8247,54331793,集利眾國際有限公司,臺中市西屯區安和路168號3樓之6,3000000,1081002
8260,54342118,和心顧問有限公司,臺中市北屯區松竹里崇德路二段370號,600000,1081002
8293,54363627,弘翔服務事業有限公司,臺中市北屯區文昌東七街39號,700000,1081028
8305,54376257,英屬維京群島商傳奇亞太有限公司,臺中市太平區育賢路348號,471000000,1081008
8340,54517756,炬鈿友善材料股份有限公司,臺中市太平區永豐路85巷7號1樓,16000000,1081017
8360,54532813,三愛服裝有限公司,臺中市北區賴旺里青島西街90號1樓,7000000,1081021
8418,54580687,上允企管顧問有限公司,臺中市大甲區孔門里文昌街28號,1000000,1081022
8419,54581905,潔邑柔包裝設計有限公司,臺中市大甲區庄美里大安港路293巷2號,1350000,1081022
8420,54582165,元城營造股份有限公司,臺中市西屯區福和里15鄰臺灣大道四段839號18樓,45000000,1081008
8421,54583024,品迷有限公司,臺中市大甲區鎮政路54巷17號1樓,1000000,1081003
8422,54583431,寬禾藝術有限公司,臺中市北屯區瀋陽路一段82之4號1樓,100000,1081021
8423,54583798,駿赫國際有限公司,臺中市北屯區仁和里崇德九路666號1樓,1000000,1081025
8424,54584614,泓沅光電股份有限公司,臺中市北區興進路205號7樓之3,20000000,1081007
8426,54585156,資穎食品有限公司,臺中市沙鹿區北勢里北勢東路696巷26號1樓,5000000,1081015
8427,54585276,翔富科技有限公司,臺中市大甲區頂店里雁門路352號1樓,2000000,1081003
8428,54586872,鯨暘水域實業有限公司,臺中市北屯區四平路102號,800000,1081022
8429,54587083,建興裕有限公司,臺中市大里區東湖里中山路36巷1號3樓,5000000,1081003
8430,54589174,日久股份有限公司,臺中市大里區立仁里甲堤七街80號1樓,2000000,1081001
8431,54590003,新捷達科工貿有限公司,臺中市西屯區工業區38路210號5樓之11,11062500,1081018
8432,54590159,睿康生醫股份有限公司,臺中市南區樹義路8號,40450000,1081025
8434,54591729,葉綠宿股份有限公司,臺中市西屯區西屯路二段270巷1號3樓,25000000,1081001
8435,54592467,太有名有限公司,臺中市沙鹿區鹿峰里中山路629號1樓,20000,1081009
8436,54595366,証富工程有限公司,臺中市西屯區永安里安林路6號1樓,1000000,1081030
8437,54595669,鈦準包裝機械有限公司,臺中市太平區太平七街25巷10號1樓,5000000,1081025
8438,54595942,兆盈食品有限公司,臺中市大肚區王田里興和路121巷42號,2000000,1081023
8439,54596251,勤益國際保全股份有限公司,臺中市北屯區平心里昌平路一段95之8號5樓之1,40000000,1081028
8440,54596576,寶締營造有限公司,臺中市西屯區大墩二十街116號2樓之2,12150000,1081018
8441,54596718,樹人文教有限公司,臺中市太平區新城里樹孝路16號4樓,1300000,1081029
8443,54597759,長慧環境科技有限公司,臺中市西區大隆路20號9樓之6,5000000,1081002
8444,54598883,統興精密工業有限公司,臺中市西屯區黎明路2段815-11號1樓,120000000,1081023
8445,54599270,行寶島旅行社股份有限公司,臺中市西屯區文心路三段241號3樓之3,6000000,1081017
8446,54600847,燦華投資股份有限公司,臺中市西屯區逢甲里寶慶街30巷9號7樓之16,71000000,1081025
8447,54600889,瑞迪輪胎有限公司,臺中市沙鹿區向上路七段32號4樓,4000000,1081002
8448,54601584,松穎生技股份有限公司,臺中市西屯區惠來里市政路402號13樓之1,5000000,1081029
8449,54601894,泳隆貿易有限公司,臺中市南屯區同心里大墩四街261之9號6樓,3320000,1081015
8450,54602958,鴻鈞電料股份有限公司,臺中市潭子區東寶里大明一路45號1樓,7770000,1081003
8451,54603773,侑銳有限公司,臺中市北屯區平田里文心路四段955號12樓之1,4000000,1081022
8452,54604528,凱仕特國際有限公司,臺中市西屯區福上巷181弄18號,5000000,1081024
8453,54605759,台灣芒果自行車有限公司,臺中市太平區長億里永安街30巷1號1樓,3000000,1081009
8454,54605998,梧桐建設有限公司,臺中市北屯區平和里瀋陽路二段171號1樓,15000000,1081023
8455,54606862,蕓鼎企業有限公司,臺中市西屯區何仁里寧夏路195之8號,3000000,1081031
8456,54606949,今機科技有限公司,臺中市烏日區螺潭里溪南路二段575號1樓,3000000,1081008
8457,54607118,汯益開發有限公司,臺中市西屯區惠來里文心一路116之1號3樓,20000000,1081022
8458,54608215,大旺國際實業股份有限公司,臺中市西屯區臺灣大道三段660號18樓之5,15000000,1081005
8459,54608637,安卓拉通訊有限公司,臺中市北區賴明里中清路一段762號1樓,500000,1081014
8471,54619424,桐綺恩企業有限公司,臺中市大雅區中和路142號,1500000,1081024
8640,54740538,傑勝網路資訊有限公司,臺中市北屯區平陽里安順東五街32號1樓,650000,1081030
8641,54740586,久仁投資股份有限公司,臺中市大里區益民路二段181巷26弄5號1樓,7520000,1081002
8642,54740919,丰丹嚴選本舖股份有限公司,臺中市南屯區大業路277號1樓,10150000,1081008
8644,54742310,騰創資產管理有限公司,臺中市南屯區溝墘里大正街88號3樓之2,27000000,1081021
8645,54742374,達鐸有限公司,臺中市大里區樹王里樹王路439巷32號,5000000,1081030
8646,54742402,榮禾益蔬果批發有限公司,臺中市西屯區順和三街89號1樓,5100000,1081025
8647,54743079,京瑩興業有限公司,臺中市梧棲區永安里向上路九段322巷51號,1000000,1081004
8648,54743541,明達富建設有限公司,臺中市西屯區港尾里中康街258號,59877760,1081024
8650,54750227,森威包裝有限公司,臺中市南屯區大誠里五權西路二段8號13樓之10,4400000,1081007
8651,54751400,宇汶生技有限公司,臺中市潭子區大富里民族路三段99巷50弄11號1樓,1000000,1081022
8652,54751507,古博室內設計有限公司,臺中市西屯區西平里文華路150巷33號1樓,2000000,1081017
8653,54751680,鈾科有限公司,臺中市豐原區西湳里仁洲街42巷25弄21號1樓,3000000,1081016
8654,54751871,有機模式國際有限公司,臺中市南屯區豐樂里文心南五路一段358號,2100000,1081021
8655,54752034,振宏金屬有限公司,臺中市太平區太平里新仁路一段22巷102號,3000000,1081016
8657,54752463,霧森實業有限公司,臺中市西區五權一街24號,600000,1081025
8658,54753596,緯田企業有限公司,臺中市南屯區文山里忠勇路52之217號14樓,2000000,1081003
8659,54753625,圖萌思實業有限公司,臺中市南屯區大業里公益路二段61號15樓,1000000,1081025
8660,54753821,建嘉工程企業有限公司,臺中市西屯區大河里美滿街39巷6號1樓,1000000,1081021
8662,54756051,富隆事業股份有限公司,臺中市大雅區橫山里中山三路86號,10000000,1081008
8663,54756480,比目魚企業有限公司,臺中市西屯區工業區一路96-15號1樓,1000000,1081021
8664,54757621,昌鉦科技有限公司,臺中市梧棲區草湳里永興路二段336巷97號,6000000,1081022
8665,54758380,丞坊文教事業有限公司,臺中市潭子區福仁里福貴路17號1樓,1000000,1081008
8666,54759212,旭祥企業有限公司,臺中市西屯區福林里西屯路三段宏福5巷12號1樓,1000000,1081006
8668,54759677,安睿捷生醫股份有限公司,臺中市東區東信里振興路280巷42之1號,14900000,1081016
8669,54760288,富信建設股份有限公司,臺中市南區新榮里信義南街109號11樓之3,34000000,1081009
8670,54760689,弘固建設開發有限公司,臺中市梧棲區大庄里信義街122號1樓,2800000,1081002
8671,54761076,雋泰有限公司,臺中市太平區宜欣里溪洲路87巷18號1樓,6000000,1081008
8672,54761300,亞傑墨水有限公司,臺中市北區頂厝里崇德路一段629號14樓之1,2000000,1081021
8673,54762321,聚亨建設有限公司,臺中市太平區宜昌里中山路三段19巷23號1樓,10000000,1081028
8675,54763320,呈御股份有限公司,臺中市太平區新福里14鄰樹德一街13巷63號,5000000,1081016
8676,54764741,羅賓斯國際事業股份有限公司,臺中市南屯區惠中里文心路一段306號13樓,27500000,1081003
8677,54765657,協誠展業有限公司,臺中市大雅區中山路1號,2000000,1081017
8678,54765690,連豐汽車駕駛人訓練有限公司,臺中市神岡區豐洲里五權路88巷17號,1000000,1081014
8679,54765782,見鎂實業有限公司,臺中市太平區永平路二段503巷35號,5670000,1081023
8680,54766157,津賀工程有限公司,臺中市北區明德里太原南二街80號1樓,1000000,1081018
8681,54766543,麗百加有限公司,臺中市大甲區頂店里中山路一段1361號,600000,1081016
8682,54767959,邑芃有限公司,臺中市西屯區文華路50號14樓之5,500000,1081028
8683,54768205,永傳廣告行銷有限公司,臺中市北屯區廍子里樹孝路706號夾層一層,1000000,1081029
8743,54819669,綠果國際開發有限公司,臺中市西屯區東興路三段381號5樓之3,6000000,1081005
8834,54881776,三田國際商有限公司,臺中市西屯區大墩十八街195號3樓之2,2000000,1081008
8835,54882374,嵩發國際有限公司,臺中市大雅區六寶里中清路四段821號,2000000,1081007
8836,54882472,欣益自動化有限公司,臺中市大里區中興路一段2巷119號1樓,1000000,1081022
8837,54882590,高宇雷射有限公司,臺中市太平區太平里新仁路一段22巷101號,6000000,1081003
8838,54882748,彩家科技有限公司,臺中市南屯區惠中里大川街202號,500000,1081030
8839,54883367,璞硯設計有限公司,臺中市西屯區內江街106號2樓,250000,1081021
8840,54883401,怡科環球有限公司,臺中市南屯區三厝里大墩十一街525號2樓,1000000,1081017
8841,54884366,鴻勁精密股份有限公司,臺中市大雅區中清路三段758巷11號,232870530,1081024
8842,54886792,富勝實業股份有限公司,臺中市北屯區和平里建和路二段108之1號,15000000,1081001
8843,54887032,旭軒有限公司,臺中市西屯區市政北七路98號27樓之1,25000000,1081009
8844,54890698,鼎嘉數位有限公司,臺中市北屯區東山路一段91巷29號1樓,5000000,1081006
8845,54891556,薆樂商旅股份有限公司,臺中市東區振興里台中路203號,3000000,1081003
8847,54891795,致用有限公司,臺中市南屯區干城街240巷3弄5號1樓,500000,1081030
8849,54892703,嘉茂工程有限公司,臺中市烏日區九德里中華路551號6樓,100000,1081025
8850,54894792,勁原環境科技股份有限公司,臺中市南屯區寶山里工業區二十路39號4樓,24500000,1081025
8851,54894836,晨易股份有限公司,臺中市西區館前路26號7樓之5,70854850,1081025
8852,54894929,冠宇隆企業股份有限公司,臺中市霧峰區北柳里四德路134巷5號,2000000,1081014
8853,54895878,優德建設有限公司,臺中市后里區雲頭路25號,20000000,1081031
8854,54895906,上捷工程股份有限公司,臺中市南屯區東興路二段186號12樓之5,10000000,1081031
8855,54895954,宗瀚投資有限公司,臺中市西屯區工業區五路13號1樓,499556000,1081014
8857,54899327,大儷得事業股份有限公司,臺中市南屯區三厝里惠中路三段54號3樓,5000000,1081029
8858,54900632,睿達興業有限公司,臺中市東區振興路289號1樓,500000,1081002
8859,54900979,美林國際有限公司,臺中市太平區立功路235號1樓,1000000,1081030
8860,54901560,宬益資源再利用有限公司,臺中市北區漢口路三段152號1樓,200000,1081001
8861,54904588,紘大國際實業有限公司,臺中市西屯區鵬程里逢大路45號11樓之3,220000,1081005
8862,54904779,佳緹建設股份有限公司,臺中市北屯區九龍街61之2號1樓,15000000,1081030
8863,54905101,賸采有限公司,臺中市北區大湖里精武路518號2樓,500000,1081009
8864,54905849,極漾國際有限公司,臺中市北區健行里忠明路424地下一樓之2號,300000,1081009
8865,54906426,力業實業有限公司,臺中市中區公園里臺灣大道一段217號1樓,1000000,1081025
8866,54907121,璟昇有限公司,臺中市南區五權南路185號1樓,25000000,1081015
8867,54907939,鼎京工程有限公司,臺中市大里區立德里甲園街142號1樓,500000,1081024
8868,54908959,萬禾生物科技股份有限公司,臺中市北屯區平興里北屯路360號9樓之1,3000000,1081009
8869,54909774,金士曼投資股份有限公司,臺中市西屯區黎明路二段860巷28號2樓,10000000,1081003
8870,54910809,淮碩實業有限公司,臺中市大里區東湖里科技路3號2樓之1,29000000,1081014
8871,54911292,昕衡投資有限公司,臺中市西屯區惠來里市政路386號14樓之8,1000000,1081007
8912,54935076,台灣易巴特有限公司,臺中市西區忠仁街106號1樓,100000,1081008
8964,54953742,亞岡國際工程有限公司,臺中市烏日區三榮路一段86號15樓之5,1000000,1081028
9014,54967984,禾承營造有限公司,臺中市南屯區南屯里五權西路二段692巷6號6樓之4,3600000,1081001
9026,54971283,台祥有限公司,臺中市北屯區景賢南二路301號2樓之2,500000,1081028
9037,54974057,汶萊商全球綠色科技有限公司,臺中市豐原區圓環北路一段265號13樓之1,1500000,1081003
9073,54990985,佳榮國際有限公司,臺中市南區忠明南路787號20樓之2,500000,1081009
9084,54993630,昕燁國際有限公司,臺中市南區忠明南路787號20樓之2,500000,1081007
9107,55119262,佳美食品工業股份有限公司,臺中市大里區大衛路56號,300000000,1081004
9109,55121247,希得趣科技股份有限公司,臺中市大里區東南路142號2樓,2000000,1081001
9116,55173645,弦震企業股份有限公司,臺中市神岡區三社路209巷26號,56000000,1081007
9121,55287719,新高塑膠股份有限公司,臺中市大雅區文雅里中清路四段85號,20000000,1081008
9156,55685420,大源交通股份有限公司,臺中市龍井區三德里中央路二段233之1號1樓,28800000,1081024
9157,55685821,國倉機械廠有限公司,臺中市龍井區忠和里台西南路250號1樓,110000000,1081022
9162,55701929,參億企業有限公司,臺中市龍井區龍崗里沙田路四段696巷6號1樓,5000000,1081002
9176,55742999,順台企業股份有限公司,臺中市太平區德隆里光德路42號,12000000,1081023
9179,55750744,吾友製衣事業股份有限公司,臺中市大里區瑞城里瑞城一街125巷16號,100000000,1081021
9185,55759246,偉舜塑膠股份有限公司,臺中市大里區大里里大里路501巷6號,6000000,1081020
9191,55768385,映遠國際貿易有限公司,臺中市龍井區忠和里工業路209號,500000,1081018
9202,55792420,富觀國際股份有限公司,臺中市南屯區惠中里文心路一段306號10樓之6,2000000,1081021
9219,55828855,金必達有限公司,臺中市清水區南社里民和路二段428巷9號1樓,1000000,1081007
9238,55858750,佳隆機械工業股份有限公司,臺中市豐原區南田里水源路258巷24號,12000000,1081008
9239,55859667,財富達人科技有限公司,臺中市南區公理街36號8樓之5,500000,1081017
9249,55867907,裕方木業股份有限公司,臺中市大雅區大楓里昌平路四段397號,9000000,1081001
9250,55871297,諦大企業有限公司,臺中市南屯區文心南一路95號1樓、2樓,2000000,1081008
9253,55877362,鉅福工業股份有限公司,臺中市大里區仁化里仁堤路258號,10000000,1081003
9260,55891054,欣台銘版工業股份有限公司,臺中市大里區瑞城里中興路一段2巷81弄49號,56000000,1081003
9265,55901449,晉溢企業股份有限公司,臺中市豐原區豐原大道一段430號,5000000,1081008
9267,55905439,代聖企業股份有限公司,臺中市神岡區新庄里新興路185號,135800000,1081005
9273,55914839,鎂佳機械工業股份有限公司,臺中市太平區德隆里工業路180號,29000000,1081029
9274,55915719,樹譽企業有限公司,臺中市北屯區平福里崇德二路二段59號,5000000,1081002
9277,55920939,弘昇油漆股份有限公司,臺中市豐原區陽明里自強南街205號,15000000,1081002
9286,55935047,海森實業股份有限公司,臺中市豐原區翁子里豐勢路二段480巷52號,55000000,1081003
9289,55941929,志釗工業有限公司,臺中市豐原區鎌村里鎌村路465巷112之3號,3000000,1081029
9290,55942764,久裕興業科技股份有限公司,臺中市大雅區西寶里昌平路四段462巷9號,580000000,1081002
9299,55960262,合賜企業股份有限公司,臺中市神岡區神洲路310號,29000000,1081014
9319,55986946,鎮聰實業股份有限公司,臺中市豐原區南村里水源路509號1樓,1500000,1081024
9320,55989346,富川精密機械股份有限公司,臺中市豐原區西湳里東洲路186巷29-5號,20000000,1081018
9323,55991201,力錩機械股份有限公司,臺中市豐原區鎌村里鎌村路465巷34號,80000000,1081002
9326,55993340,正信煤氣股份有限公司,臺中市大雅區月祥路700號,2000000,1081004
9329,55996825,詮縈健康產業股份有限公司,臺中市北屯區太順五街58號1、2樓,1568999,1081028
9337,56262309,鑫盛企業有限公司,臺中市西屯區文心路三段6號14樓之6,200000,1081030
9343,56337414,台西紡織股份有限公司,臺中市龍井區忠和里中央路三段383號,2100000,1081029
9347,56396406,鎂世紀能源股份有限公司,臺中市西屯區潮洋里朝富路213號11樓之8,1000000,1081002
9352,56603313,美特爾科技有限公司,臺中市南屯區大同里東興路二段186號5樓之6,1000000,1081022
9364,56615107,旭清行銷管理顧問股份有限公司,臺中市大里區東湖里科技路166號4樓之1,1000000,1081005
9371,56633689,甲隆鋼鐵股份有限公司,臺中市大甲區江南里東西八路1段89號,1200000,1081009
9377,56644861,慶酆工業股份有限公司,臺中市梧棲區大庄里文雅街128巷16號1樓,2000000,1081024
9393,56663711,展鴻塑膠股份有限公司,臺中市龍井區忠和里中央路三段381號,5000000,1081021
9400,56670255,粉圓水泥製品廠股份有限公司,臺中市大甲區龍泉里順帆三街121號,25000000,1081005
9405,56674597,禾品豐有限公司,臺中市太平區新高里樹德路312號1樓,1000000,1081029
9420,56710637,泛亞活力有限公司,臺中市西屯區朝富路213號11樓之8,7000000,1081004
9421,56710849,令和堂交通股份有限公司,臺中市大甲區義和里義和一街149號1樓,10000000,1081016
9425,56804640,盈發木業股份有限公司,臺中市石岡區九房里明德路151號1樓,12500000,1081025
9427,56806653,寶億工業股份有限公司,臺中市神岡區社南里中山路851巷12號,25000000,1081014
9428,56812901,諺慶興業股份有限公司,臺中市豐原區南嵩里水源路115巷50號,5000000,1081002
9434,57033467,永鏟橡膠有限公司,臺中市大里區益民路二段492號,5600000,1081003
9435,57050676,晶璽企業有限公司,臺中市西區三民路一段103號10樓之1,1000000,1081028
9437,57145006,國興麵粉廠股份有限公司,臺中市大肚區福山里沙田路一段373號,131709510,1081017
9439,57197524,新加坡商羅福斯有限公司,臺中市西區臺灣大道2段573號11樓,5000000,1081028
9441,57231902,環台水泥製品股份有限公司,臺中市大肚區王田里沙田路一段320巷50號,80000000,1081029
9442,57239910,霸力樹脂化學工廠股份有限公司,臺中市太平區德隆里工業十七路30號,29000000,1081023
9469,58336600,香港商永湖複合材料有限公司,臺中市神岡區大富路156巷17-2號1樓,50000000,1081009
9492,59022091,台灣翻轉股份有限公司,臺中市北區頂厝里永興街370地下第一層1號,1000000,1081004
9651,59762911,宏恩投資股份有限公司,臺中市西區土庫里美村路一段500號7樓之1,5000000,1081018
9652,59791508,京本投資有限公司,臺中市南屯區新生里10鄰新德街188號1樓,2000000,1081017
9653,59833319,越昇海峽有限公司,臺中市大雅區信義路115巷6號1樓,1000000,1081023
9655,59861308,萊登生技有限公司,臺中市西屯區青海路一段99號6樓,7500000,1081016
9656,59861709,艾洛生技有限公司,臺中市西屯區青海路一段99號6樓,7500000,1081009
9657,59878906,金詠碩股份有限公司,臺中市西屯區市政北一路77號12樓之2,360000000,1081028
9658,59904019,天麗美食有限公司,臺中市潭子區栗林里祥和路133巷51弄3號1樓,100000,1081024
9659,60000258,天寶餐飲有限公司,臺中市潭子區栗林里祥和路133巷51弄3號1樓,500000,1081024
9660,60201380,瑞慶創客科技股份有限公司,臺中市中區綠川西街135號12樓之1,75000000,1081016
9661,60202803,興大新創投資事業股份有限公司,臺中市西屯區潮洋里朝富路213號17樓之9,15000000,1081009
9662,60205225,腦力王科技有限公司,臺中市北區賴興里青島東街37號1、2樓,1000000,1081015
9663,60217209,豐牛有限公司,臺中市東勢區新盛里東關路六段866巷6號1樓,1300000,1081021
9665,60219419,容騰開發有限公司,臺中市烏日區五光路144之3號1樓,3000000,1081021
9666,60219831,永羣能源有限公司,臺中市霧峰區吉峰里吉峰路100之1號1樓,2000000,1081029
9667,60222316,廣鑫甲業股份有限公司,臺中市大甲區義和里中山路一段340號1樓,12000000,1081015
9668,60231238,媞朶國際有限公司,臺中市潭子區復興路二段15號1樓,500000,1081024
9669,60233910,果泉數位有限公司,臺中市西屯區福科路938號13樓之1,1500000,1081022
9671,60239301,美家開發股份有限公司,臺中市西區臺灣大道二段285號19樓之1,10000000,1081015
9672,60239843,勝揚企業有限公司,臺中市南屯區文心南一路93號,500000,1081023
9674,60244971,繹華企業有限公司,臺中市西屯區福和里中工三路158號1樓,300000,1081014
9675,60245296,福康企業股份有限公司,臺中市北屯區山西路三段321號3樓之5,360000,1081016
9676,60245789,合鼎車業有限公司,臺中市南屯區文山里嶺東路780號1樓,100000,1081005
9677,60254983,成威塑膠有限公司,臺中市太平區中興里永平路二段123巷21號1樓,2000000,1081023
9678,60256032,奇勛科技有限公司,臺中市西區公民里忠仁街80號4樓,1000000,1081007
9680,60260057,炫達實業有限公司,臺中市大雅區中清東路118巷1弄27號1樓,2000000,1081009
9681,60263913,伯克夏股份有限公司,臺中市南屯區惠中里大墩路533號1樓,29000000,1081008
9684,60268537,箕金匯投顧有限公司,臺中市大里區新里里青松街118號1樓,1000000,1081016
9685,60271097,銳鏵科技有限公司,臺中市太平區育仁路156號1樓,2000000,1081030
9686,60272357,長承生技股份有限公司,臺中市西屯區工業區一路70號6樓之1,10000000,1081017
9688,60273975,奕泰生技股份有限公司,臺中市西屯區福恩里工業區一路70號6樓之2,10000000,1081016
9689,60278248,久鼎投資控股有限公司,臺中市西屯區協和里工業區八路17號,120000000,1081008
9690,60282159,晁揚精密股份有限公司,臺中市大雅區上雅里神林南路21巷55號1樓,1500000,1081007
9691,60282405,阿凡堤國際有限公司,臺中市西區公益路155巷13號2樓,50000,1081016
9692,60283538,日船投資有限公司,臺中市西屯區協和里工業區五路6之1號2樓,10000000,1081017
9693,60286958,百輝科技興業有限公司,臺中市梧棲區南簡里民族路697號1樓,1500000,1081008
9694,60290685,旭勝鞋業國際股份有限公司,臺中市西屯區惠來里市政北七路159號4樓之3,51267470,1081025
9696,60295561,夏映室內裝修設計有限公司,臺中市北屯區平德里綏遠路二段15巷1號1樓,5000000,1081014
9697,60299742,梁媽食品有限公司,臺中市沙鹿區鹿寮里成功東街9號1樓,2000000,1081031
9700,60310438,康婷科技有限公司,臺中市東區東英里精武東路186之1號,1000000,1081002
9701,60312415,顏家珠露國際有限公司,臺中市北區進化北路238號10樓之3,600000,1081007
9702,60314722,淞炭實業有限公司,臺中市神岡區社南里中山路473號,5000000,1081003
9703,60316073,新曜創業投資股份有限公司,臺中市北屯區舊社里北屯路455之4號,1000000,1081016
9704,60321456,名凱有限公司,臺中市西區大忠里大忠南街55號7樓之1,5000000,1081008
9705,60321483,橙漾空間設計有限公司,臺中市太平區新光里新福路128號,1000000,1081004
9706,60325690,景達國際企業有限公司,臺中市南區平和里美村路二段392號1樓,2000000,1081017
9707,60327276,杰客資本投資有限公司,臺中市神岡區社南里民生路16號2樓,6000000,1081030
9708,60328514,儷瑞寶飾有限公司,臺中市豐原區北陽里南陽路國民新村14之3號2樓,50000,1081020
9709,60328964,喬馨開發有限公司,臺中市沙鹿區公明里忠貞路246巷25弄32號1樓,1000000,1081016
9710,60329252,展成國際興業有限公司,臺中市北區頂厝里太原路二段251號9樓之1,1000000,1081022
9712,60332307,道誠控股有限公司,臺中市北屯區水景里松竹五路二段185號11樓之1,10000000,1081031
9713,60360485,勁工場資訊有限公司,臺中市后里區眉山里公安路271號1樓,500000,1081029
9714,60367038,唯築室內裝修設計工程有限公司,臺中市后里區公館里三豐路五段257號2樓,15000,1081014
9715,60377556,合星企管顧問有限公司,臺中市大里區立德里立仁二路55號1樓,60000,1081002
9717,60383023,群桐有限公司,臺中市南屯區田心里大墩四街321號地下1層,5000000,1081022
9718,60385850,太陽花顧問有限公司,臺中市沙鹿區中清路八段498號1樓,6000000,1081009
9720,60392352,歐奧特國際有限公司,臺中市北屯區忠平里敦化路一段565號2樓,300000,1081028
9721,60508207,洺亨實業有限公司,臺中市神岡區大社里大洲路175巷8號,600000,1081004
9722,60517803,道勤工程顧問有限公司,臺中市南屯區東興路二段243號6樓,5500000,1081016
9723,60604308,楊鐵重機械製造股份有限公司,臺中市太平區合利街33巷15號1樓,10000000,1081003
9724,60663903,山林涼茶業有限公司,臺中市西屯區惠來里文心路三段13之7號,1300000,1081009
9725,60674009,大花朵朵整合行銷有限公司,臺中市北屯區和祥街185巷18號1樓,1000000,1081022
9726,60728011,樂樂書屋有限公司,臺中市西屯區協和里玉成路6號,5000000,1081014
9727,60787215,忠信物業管理顧問有限公司,臺中市北屯區崇德三路43號3樓之2,3300000,1081018
9729,61037900,久仕工程有限公司,臺中市南屯區惠中里文心路一段324號11樓之1,3500000,1081007
9730,61059164,賓帝汽車有限公司,臺中市烏日區三和里高鐵二路8號,5600000,1081028
9731,61094872,嘉德室內裝修工程有限公司,臺中市北區賴明里中清路一段740巷13號5樓,500000,1081003
9732,61118403,若蘭建設有限公司,臺中市西區吉龍里五權三街241號5樓,11000000,1081024
9733,61183804,惜福綠能科技有限公司,臺中市霧峰區中正里中正路965號2樓,1000000,1081021
9734,61203105,辰昌營造股份有限公司,臺中市大里區新里里愛心路142巷1號1樓,3600000,1081030
9735,61344604,豐寁工程有限公司,臺中市梧棲區大庄里信義街124巷79號1樓,2200000,1081024
9736,61384773,海葳精密工業有限公司,臺中市大甲區頂店里開元路英才巷38弄6號1樓,5000000,1081006
9737,61529807,喬元投資有限公司,臺中市北屯區后庄里敦化路一段406巷13號1樓,12000000,1081016
9739,61763129,緻韋科技有限公司,臺中市梧棲區興農里興益路48號1樓,300000,1081030
9740,61767666,鼎鋒室內裝修設計有限公司,臺中市西區民龍里民權路301號1樓,2000000,1081003
9741,61770141,仟郁化學有限公司,臺中市西屯區何仁里長安路一段46巷9號,2000000,1081025
9744,61786214,台錩企業有限公司,臺中市潭子區大豐里雅豐街178巷17弄22號1樓,500000,1081016
9745,61787852,連真成實業股份有限公司,臺中市西屯區文心路三段296號9樓,30000000,1081002
9747,61790110,大友國際人才開發有限公司,臺中市北屯區文心路四段692之1號2樓,5000000,1081001
9748,61793643,我們有故事文創國際股份有限公司,臺中市西屯區西平里福星路228號1樓,18455000,1081017
9749,61799251,寶座企業股份有限公司,臺中市北屯區崇德六路一段31巷17號1樓,500000,1081022
9750,61800911,崇正有限公司,臺中市龍井區忠和里台西南路226號,5000000,1081005
9751,61806204,銀漁聯有限公司,臺中市大肚區新興里溪洲路26之1號,500000,1081009
9753,61809672,雅美婕股份有限公司,臺中市外埔區六分路155號1樓,5000000,1081021
9755,61820085,森活家企業有限公司,臺中市北屯區舊社里北屯路426之3巷9號1樓,1500000,1081008
9756,61824097,安達資訊科技有限公司,臺中市北屯區平安里文心路四段698號6樓之2,5000000,1081015
9757,61828642,聯昇數位股份有限公司,臺中市南區忠明南路758號25樓,1000000,1081015
9759,61832527,非洲奇地貿易有限公司,臺中市沙鹿區六路里六路十二街78號1樓,4500000,1081028
9760,61833743,浤詮精密機械有限公司,臺中市大里區新南路260號1樓,600000,1081018
9761,61837874,八福國際開發股份有限公司,臺中市太平區建國里成功路395巷26號,100000,1081023
9762,61840821,神創數位系統顧問有限公司,臺中市潭子區中山路一段101巷8號,58000,1081002
9763,61842216,燿暉實業有限公司,臺中市大雅區永和路六甲巷14之2號,25000000,1081009
9764,61844925,有家水產有限公司,臺中市大雅區二和里雅環路一段332巷13弄2號2樓,200000,1081002
9765,61846607,群益國際企業有限公司,臺中市霧峰區峰堤路661號,12000000,1081016
9766,61846894,東旭冷氣空調有限公司,臺中市南區永興里工學二街237號六樓,1000000,1081023
9767,61848083,詠信國際行銷有限公司,臺中市豐原區育德街23號1樓,1000000,1081017
9768,61848871,仲強毅科技股份有限公司,臺中市神岡區社口里中山路910號,58250000,1081012
9769,61848915,板信立銀有限公司,臺中市南區忠明南路758號19樓,100000,1081022
9770,61849371,廣協科技有限公司,臺中市龍井區山腳里中山一路一段西巷245號1樓,9500000,1081025
9771,61854578,橘子物業管理顧問有限公司,臺中市清水區橋頭里中華路450號1樓,300000,1081028
9772,61857738,勝豐科技有限公司,臺中市西屯區市政路500號7樓之7,1000000,1081001
9773,61860874,兆光綠能有限公司,臺中市烏日區螺潭里溪南路二段215號2樓,1000000,1081029
9774,61861228,飛騰精密科技有限公司,臺中市大里區西湖里草堤路101巷18號,3000000,1081001
9776,61863605,綠研咖啡有限公司,臺中市西屯區文心路三段241號21樓之2,1800000,1081030
9777,61864674,引力有限公司,臺中市清水區靈泉里鎮北街36號2樓,500000,1081016
9778,61868221,宏祐科技有限公司,臺中市南屯區文山里保安二街106號12樓之2,5000000,1081001
9779,61868502,善水源科技有限公司,臺中市太平區永成里永成北路296巷12號,1000000,1081018
9780,61873955,亞菲得股份有限公司,臺中市北屯區崇德一路66號1樓,20000000,1081022
9781,61877185,紳宇企業有限公司,臺中市西區公舘里三民西路208號1樓,1000000,1081016
9782,61878375,亨泰實業有限公司,臺中市南屯區文心路一段186號15樓之12,2000000,1081025
9783,61880082,佳德開發事業股份有限公司,臺中市梧棲區仁美街67巷65號1樓,1500000,1081001
9784,61883193,百富控股股份有限公司,臺中市南屯區大英西一街61號1樓,10000000,1081002
9785,61883320,陞鮮國際有限公司,臺中市西屯區何南里大墩二十街99號5樓,1000000,1081002
9786,61901093,護安股份有限公司,臺中市西屯區惠來里市政北一路1號4樓,60000000,1081003
9787,61901164,康普森生技股份有限公司,臺中市北區梅川里青島路三段138號1樓,20000000,1081024
9789,61909969,新創醫聯生技股份有限公司,臺中市西區民生路155號3樓,13110000,1081025
9790,61910494,仲茂資產開發有限公司,臺中市西區市府路39號4樓之1,250000,1081017
9791,61913318,臺中全球國際商務有限公司,臺中市西屯區府會園道179號3樓,250000,1081024
9792,61922040,泰賀科技有限公司,臺中市清水區南社里鰲峰路378之2號1樓,200000,1081022
9793,61922941,達仁資產管理顧問有限公司,臺中市南屯區豐樂里永春東一路549號2樓之2,5000000,1081023
9795,61923272,樂冠國際企業有限公司,臺中市太平區德隆里德安街67巷11號1樓,100000,1081029
9796,61923815,采燁有限公司,臺中市北區明德里太原路一段476號5樓之1,10000000,1081002
9797,61925460,八號國際車業有限公司,臺中市后里區墩西里三光路49號1樓,2000000,1081008
9799,61928641,鑫易工業股份有限公司,臺中市太平區富宜路146巷7號,2500000,1081004
9800,61930386,興江山建設股份有限公司,臺中市北區華美街二段262號11樓之2,10000000,1081017
9801,61931097,晟盈國際有限公司,臺中市西屯區玉門路480號1樓,100000,1081007
9802,61931759,五福冷卻工程有限公司,臺中市西屯區林厝里福雅路678巷12-1號,1000000,1081008
9803,61937732,曉婷國際有限公司,臺中市南區永興里工學路13之10號1樓,3000000,1081022
9804,61939400,閎翔國際貿易有限公司,臺中市豐原區豐原里隆豐街30號1樓,6000000,1081028
9805,61940878,台灣環農綠品生物科技有限公司,臺中市南屯區文心路一段324號11樓之1,100000,1081017
9806,61944868,鼎泰豐冷凍有限公司,臺中市霧峰區北勢里豐正路510號,3000000,1081028
9807,61945389,吉祥事務用品有限公司,臺中市南區工學里樹義1巷11之7號,500000,1081017
9808,61945901,藍海創新科技有限公司,臺中市西屯區西屯路二段95之6號,400000,1081015
9809,61946388,豐光潔能有限公司,臺中市北區梅川里梅川東路三段15號1樓,1100000,1081029
9810,61946922,駿諺建設股份有限公司,臺中市龍井區工業路216巷36弄5號1樓,12000000,1081021
9811,61949441,緣點股份有限公司,臺中市東區大公街29號,15000000,1081008
9812,61952959,櫻喬科技股份有限公司,臺中市霧峰區吉峰里吉峰路69之3號1樓,4000000,1081004
9813,61953009,東楓汽車有限公司,臺中市太平區長億一街2之11號1樓,5000000,1081008
9814,61953681,築睿科技有限公司,臺中市梧棲區頂寮里大仁路二段353巷6號5樓之2,8000000,1081014
9815,61955077,振翔國際發展有限公司,臺中市中區民族路64號10樓之9,88000000,1081018
9816,61960162,蜜彼爾珠寶股份有限公司,臺中市北屯區和平里和祥路一段88號2樓,500000,1081028
9817,62001991,見性空間有限公司,臺中市西區臺灣大道二段285號12樓之1,1000000,1081003
9818,62003301,造昇科技有限公司,臺中市西區民龍里臺灣大道二段186號14樓之1,800000,1081007
9819,62034901,品旺貿易有限公司,臺中市西屯區福雅里西屯路三段139之9號2樓,3000000,1081025
9820,62072475,育城文創有限公司,臺中市北區新北里尊賢街7號16樓,200000,1081001
9821,62165380,鼎立祺有限公司,臺中市大里區東湖路32號6樓,410000,1081007
9822,62200204,利達雲端有限公司,臺中市南屯區同心里文心路一段218號16樓之1,5000000,1081016
9823,62211808,築江山營造股份有限公司,臺中市北區華美街二段262號11樓之2,3000000,1081017
9824,62512804,鉅鋼企業有限公司,臺中市大雅區忠義里東大路二段1100巷7號,3500000,1081030
9825,62530303,家鼎有限公司,臺中市北屯區文昌東五街14號1樓,68000,1081025
9827,62574006,百夫長樂園股份有限公司,臺中市潭子區頭家里得才街258號1樓,10000000,1081002
9828,62601003,哲生食品有限公司,臺中市西區公正里向上南路一段239號,5000000,1081008
9829,62610501,連富餐飲有限公司,臺中市西屯區西平里福星北路29號1樓,3000000,1081002
9830,62651002,八福東南亞國際行銷股份有限公司,臺中市中區綠川里綠川西街135號12樓之1,1000000,1081022
9831,62654704,裕榮旺實業有限公司,臺中市西區大忠里五權五街257巷27號1樓,1200000,1081023
9832,63001870,鴻燄綠能工程有限公司,臺中市后里區墩西里大圳路446號1樓,16000000,1081007
9833,63002195,京軒有限公司,臺中市北區立人里陝西路108號8樓之5,1000000,1081001
9834,63002842,百億國際行銷有限公司,臺中市西屯區西平里漢翔路109號2樓,1000000,1081003
9835,63008108,佳聚盉實業有限公司,臺中市西屯區大鵬里長安路二段112號1樓,90000,1081001
9836,63017916,戲雨國際股份有限公司,臺中市大里區東湖里泉水街86號5樓,30000000,1081015
9837,63097404,萬灃國際漁業有限公司,臺中市霧峰區蘭生街50號1樓,1000000,1081022
9838,63118702,沐居傢飾有限公司,臺中市西屯區福中里福中十一街10巷24號1樓,1000000,1081008
9839,63126858,優意思股份有限公司,臺中市西屯區潮洋里市政北二路282號15樓之6,1000000,1081021
9840,63127961,利信國際股份有限公司,臺中市潭子區大富里大富路三段33巷31弄72號1樓,16404000,1081030
9841,63265817,精科智能股份有限公司,臺中市南屯區南屯里五權西路二段666號11樓之3,25410000,1081003
9842,63310904,宇洋生物醫學股份有限公司,臺中市南區福順里忠明南路789號18樓之2,13000000,1081003
9843,63352663,力利鐵件設計有限公司,臺中市北屯區廍子里祥順路一段432號13樓之1,500000,1081021
9844,63367808,共森有限公司,臺中市西屯區福林里臺灣大道四段1130號12樓之2,300000,1081029
9845,63374408,茂和投資股份有限公司,臺中市南屯區向心里文心南一路50之5號1樓,20000000,1081025
9846,63383716,月品冠餐飲有限公司,臺中市西屯區馬龍潭路219號,5000000,1081021
9847,63558709,灃驊有限公司,臺中市太平區福隆里東方一街10巷22號1樓,1000000,1081014
9848,63652107,全路鋼鐵股份有限公司,臺中市沙鹿區竹林里七賢路2巷8號1樓,12000000,1081025
9849,63654604,岳揚智控股份有限公司,臺中市西區臺灣大道二段2號18樓之6,25200000,1081028
9850,63671884,昇宥國際貿易有限公司,臺中市西屯區何厝里何厝東二街23號9樓之3,2000000,1081007
9851,63685472,愛菲利斯餐飲有限公司,臺中市東區十甲東路188號2樓,88000,1081017
9852,63685629,騰翔開發實業有限公司,臺中市豐原區豐田里豐原大道二段236號,88000,1081018
9854,64127742,增天元國際貿易有限公司,臺中市北屯區景賢六路15號2樓,1000000,1081014
9855,64130205,太白建設有限公司,臺中市烏日區前竹里光明路157巷87號,3000000,1081016
9856,64136003,耀星流行有限公司,臺中市西屯區文心路三段294之1號1樓,400000,1081004
9857,64155459,雄然國際有限公司,臺中市豐原區西湳里葫蘆墩三街47號1樓,1000000,1081009
9859,64207301,織創流行科技有限公司,臺中市西屯區市政路500號10樓之2,55000000,1081004
9860,64243094,洪本有限公司,臺中市烏日區學田里學田路便行巷36弄27號4樓,6132490,1081021
9861,64251609,康萊健康科技有限公司,臺中市南屯區三和里大墩十二街877號,10000000,1081015
9944,65277612,宇晟交通股份有限公司,臺中市北區梅川里綏遠路一段53號2樓,20300000,1081008
10106,66917377,中江工程有限公司,臺中市北屯區后庄里后庄路83號,1000000,1081016
10177,69321745,駿絜有限公司,臺中市龍井區臺灣大道五段3巷30弄65號,5000000,1081017
10255,69632874,湧豐商業有限公司,臺中市大里區新里里國光路二段259號5樓之2,100000,1081024
10339,70364518,三翁投資股份有限公司,臺中市東區尚武里練武路一七三號三樓,28000000,1081015
10426,70499425,育達文教事業股份有限公司,臺中市東區復興路四段219號底一層,45000000,1081017
10429,70502836,竣淵科技股份有限公司,臺中市大甲區日南里工九路33號,60001000,1081028
10486,70593603,比隆欣企業有限公司,臺中市大里區大元里國中路217號,26000000,1081016
10490,70596051,彰一齒輪有限公司,臺中市太平區永豐路永新巷20號1樓,1000000,1081001
10491,70597220,偵豪營造股份有限公司,臺中市東區東南里進化路112號1樓,5000000,1081025
10494,70600359,伍寬營造股份有限公司,臺中市梧棲區大同路339巷1號1樓,12000000,1081014
10495,70600837,元泰豐營造有限公司,臺中市北屯區松竹里河北二街36號24樓之8,8000000,1081028
10496,70602429,正鈞企業有限公司,臺中市西屯區忠誠里西屯路二段9號11樓,6000000,1081003
10500,70612685,潤耀實業有限公司,臺中市西屯區環中路三段69號18樓之5,6000000,1081021
10506,70619857,泉心有限公司,臺中市大肚區沙田路二段645號,500000,1081025
10511,70627553,華曄消防工程股份有限公司,臺中市大里區新里里德芳路一段333號,20000000,1081007
10518,70641767,晉富印刷有限公司,臺中市東區振福路100巷2號,12000000,1081014
10519,70642631,寰宇精密股份有限公司,臺中市大雅區上雅里雅環路二段86巷32號8樓之1,26800000,1081015
10526,70663760,舜鵬投資股份有限公司,臺中市南屯區文山里精科一路3號3樓,5000000,1081025
10527,70663781,鴻友投資股份有限公司,臺中市南屯區文山里精科一路3號3樓,5000000,1081024
10530,70664846,千禧世紀股份有限公司,臺中市西屯區文心路二段201號18樓之6,15000000,1081007
10538,70684596,長義貨運有限公司,臺中市南屯區黎明路一段323巷14號1樓,25000000,1081007
10547,70697332,惠特科技股份有限公司,臺中市西屯區協和里工業區35路3號1樓,606529350,1081002
10561,70728237,鑫旺水電工程有限公司,臺中市太平區興隆路10之19號1樓,3000000,1081018
10563,70728481,博淵科技有限公司,臺中市北區明德里太原南二街159號10樓之1,2000000,1081016
10565,70729571,和豊醫療管理顧問股份有限公司,臺中市大里區健民路129號,5000000,1081009
10570,70739950,台灣赫可製造股份有限公司,臺中市大甲區中山路二段899號,16000000,1081004
10695,79959531,弘曜實業有限公司,臺中市大里區永隆里爽文路923號1樓,7000000,1081015
10697,79959933,銓隆工業股份有限公司,臺中市大里區慈德路35號1樓,45948000,1081007
10698,79961522,御品窗簾有限公司,臺中市南屯區惠中里文心路一段386號1樓,5000000,1081008
10700,79962992,精創國際有限公司,臺中市外埔區水美里水美路仁美巷66號1樓,10000000,1081022
10702,79964470,笙陽開發建設有限公司,臺中市潭子區勝利十三街13號1樓,20000000,1081028
10703,79964921,風尚建築股份有限公司,臺中市大里區東榮路647號2樓,130000000,1081014
10708,79975434,旭承企業有限公司,臺中市大甲區中山里水源路452巷119弄8號,1000000,1081028
10712,79986734,京觀品牌設計有限公司,臺中市西區藍興里大全街118號,3000000,1081002
10713,79986811,信陞營造工程有限公司,臺中市北區青島一街29號1樓,3600000,1081022
10714,79988022,吉潤企業有限公司,臺中市神岡區豐洲里神洲路19號,1000000,1081002
10716,79989893,超盟鞋材有限公司,臺中市烏日區榮泉里中山路三段751號,3100000,1081015
10717,79994024,凱力美有限公司,臺中市潭子區榮興街101巷13號1樓,6000000,1081016
10719,79996260,全鼎盛有限公司,臺中市龍井區新東里臺灣大道五段109巷28號,1000000,1081002
10722,79999225,可達雅企業有限公司,臺中市清水區海風里和睦路一段961巷38號,3000000,1081024
10725,80000729,天賦自動化倉儲設備股份有限公司,臺中市西屯區工業區十五路4號,29000000,1081023
10727,80003275,景發有限公司,臺中市神岡區國豐路一段189號,31000000,1081009
10743,80049510,鐿錩企業有限公司,臺中市西屯區順和三街57號1樓,15000000,1081017
10745,80052325,晶湛企業有限公司,臺中市烏日區螺潭里溪南路二段68巷26弄38號,3000000,1081018
10746,80052388,泰新國際股份有限公司,臺中市西屯區福林里福科路545號1樓,75000000,1081018
10749,80059143,傑克喜亞投資有限公司,臺中市清水區光明路32之1號1樓,100000000,1081007
10751,80060388,新源國際有限公司,臺中市大里區新里里永隆2街139號,20000000,1081021
10758,80069769,波冠股份有限公司,臺中市北區博館一街7之3號,1000000,1081007
10760,80074539,紙東西股份有限公司,臺中市西屯區大河里大河街8號4樓,1000000,1081007
10761,80076298,美嘉生技儀器有限公司,臺中市西區美村路一段632號7樓,6000000,1081028
10771,80099341,昇益國際有限公司,臺中市西屯區市政北一路365號18樓之2,2500000,1081002
10773,80102227,維先股份有限公司,臺中市南屯區文心路一段521號6樓之8,20000000,1081024
10775,80103534,華峰科技股份有限公司,臺中市北區進化北路392之2號9樓之2,10000000,1081015
10778,80105553,永康船舶股份有限公司,臺中市清水區海濱里文興路199號1樓,279123890,1081015
10783,80111675,達麗有限公司,臺中市太平區太平里永豐路142號,10000000,1081002
10801,80130639,合勝投資有限公司,臺中市西屯區臺灣大道二段910號10樓之1,18000000,1081023
10838,80223257,文龍科技有限公司,臺中市東區福仁街70號1樓,2000000,1081001
10842,80226748,必成泰工程有限公司,臺中市大肚區蔗廍里中蔗路2巷3弄16號1樓,10000000,1081025
10843,80226894,陞昇投資顧問股份有限公司,臺中市南區長榮里復興路三段222號2樓之2,25500000,1081027
10846,80228598,寶御營建工程股份有限公司,臺中市西屯區逢福里河南路二段262號11樓之12,10500000,1081003
10852,80234276,金豐禾企業股份有限公司,臺中市北區頂厝里崇德路一段629號12樓之1、12樓之2,200000000,1081017
10853,80235253,雅典商務旅館有限公司,臺中市西區大和路三號1至7樓,1000000,1081007
10856,80240848,大正國際事業有限公司,臺中市南屯區文心路一段306號13樓,28000000,1081021
10865,80252837,尚鳴企業有限公司,臺中市大里區長榮里德芳路一段206號1樓,1000000,1081004
10912,80317769,臺三榮實業有限公司,臺中市豐原區三村里西勢路550號,2500000,1081023
10937,80373831,俊泰儀器有限公司,臺中市北區五常里學士路53號1樓,1000000,1081023
10944,80390466,祥銘事業有限公司,臺中市大里區立德里立新街271號1樓,15500000,1081014
10948,80394266,冠全鋼鐵股份有限公司,臺中市南屯區精科東路6之1號,1000000,1081023
10950,80397616,川玖科技有限公司,臺中市大肚區沙田路二段132巷80弄254號1樓,5000000,1081004
10952,80399136,富億運動用品有限公司,臺中市潭子區栗林里中山路三段四八二號,500000,1081023
10960,80411379,維同股份有限公司,臺中市北屯區文心路三段447號17樓,10000000,1081005
10963,80412692,元睿資訊有限公司,臺中市北區北平路二段102之21號2樓,2000000,1081008
10971,80421600,松園食品有限公司,臺中市龍井區忠和里台西南路250號3樓,35000000,1081029
10976,80431760,凱豐機械股份有限公司,臺中市西屯區協和里工業區三一路19號,50000000,1081018
10977,80434823,得康健康事業有限公司,臺中市南屯區文心路一段151號1樓,5000000,1081023
10979,80441970,元城建設股份有限公司,臺中市西屯區福和里15鄰臺灣大道四段839號18樓,50000000,1081001
10981,80442957,炬將科技股份有限公司,臺中市神岡區光啟路92-2號,36800000,1081008
10991,80462355,廣田資訊有限公司,臺中市南區樹德里東興路一段109號1樓,5000000,1081029
10995,80466280,鋒益反光科技有限公司,臺中市沙鹿區六路里平等三街77號1樓,6000000,1081008
11002,80476288,張永股份有限公司,臺中市后里區墩北里月湖路48巷1號,50000000,1081025
11004,80481135,銓鴻環境工程有限公司,臺中市東區東橋里建中東街8號1樓,12000000,1081023
11007,80482839,宥林工程有限公司,臺中市大雅區大雅里中清北街19號8樓之2,33600000,1081009
11016,80502883,融宣實業有限公司,臺中市清水區南社里民和路二段428巷9號2樓,6000000,1081008
11041,80543646,艾比實業有限公司,臺中市南屯區惠文路318號,2500000,1081007
11045,80549439,岑翊工程顧問有限公司,臺中市豐原區大湳里大仁街15號1樓,1000000,1081017
11060,80566627,福氣汽車材料有限公司,臺中市西區公正里向上南路一段184號1樓,1000000,1081025
11063,80569856,弘國光學有限公司,臺中市北區漢口路4段35號12樓,15000000,1081023
11072,80579812,謝府工程有限公司,臺中市大里區永隆一街316巷7號2樓,1500000,1081030
11073,80582979,沅群機械有限公司,臺中市神岡區社南里中山路851巷51弄39號1樓,1000000,1081009
11093,80607541,大同世界企業股份有限公司,臺中市南區福順里忠明南路789號42樓,150000000,1081007
11094,80609864,元慶國際貿易有限公司,臺中市北屯區崇德路二段128號18樓之1,37000000,1081021
11109,80635407,九禾興業有限公司,臺中市北屯區文心路三段447號16樓之3,6000000,1081025
11112,80640915,安信國際資產管理顧問股份有限公司,臺中市北區文莊里中清路一段79號10樓,16000000,1081014
11115,80645496,大里金屬企業有限公司,臺中市大里區夏田里中投西路三段161號,6000000,1081024
11116,80647918,大誼機械工業有限公司,臺中市大雅區楓林街88巷2號1樓,5000000,1081009
11146,80700814,萬積企業有限公司,臺中市大里區仁慈街2巷9號2樓,10000000,1081022
11153,80708837,東霆機電有限公司,臺中市太平區東平里東村路7號1樓,5000000,1081009
11160,80722654,常廣股份有限公司,臺中市大甲區日南里工一路29號,304769220,1081016
11161,80726201,讚美科技股份有限公司,臺中市西屯區上石里西屯路二段259-3號13樓之6,1000000,1081022
11162,80726743,玖峰包裝實業有限公司,臺中市沙鹿區六路里六路十五街75號,2000000,1081021
11178,80748710,曌孚國際股份有限公司,臺中市南屯區春社里嶺東南路40號8樓,20000000,1081007
11179,80748774,尉將科技股份有限公司,臺中市西屯區櫻城一街59之5號1樓,5000000,1081012
11183,81052013,親進交通股份有限公司,臺中市大甲區文武里德興路146號,29500000,1081017
11209,82763883,網聯科技股份有限公司,臺中市大雅區大雅里雅潭路四段837號4樓,1900000,1081029
11210,82765382,聚品建設有限公司,臺中市南屯區同心里文心路一段212號7樓之3,9000000,1081015
11211,82766214,瑋豐檢驗科技有限公司,臺中市南區忠明南路730巷34號5樓,1000000,1081022
11212,82766278,富信不動產經紀有限公司,臺中市太平區新高里樹德路372號,2000000,1081014
11229,82775754,五暘事業有限公司,臺中市沙鹿區六路里臺灣大道六段749號7樓之1,500000,1081025
11230,82775889,祥豪畜產有限公司,臺中市大里區大元里國中路41號,10000000,1081017
11231,82777113,芳瑋國際有限公司,臺中市西屯區港尾里12鄰中清路三段95號,28800000,1081018
11232,82777556,永昊企業有限公司,臺中市神岡區社南里昌平路五段173號1樓,5000000,1081028
11233,82778204,月自然生技有限公司,臺中市沙鹿區晉江里東晉東路82號1樓,500000,1081028
11234,82778339,佰得納國際股份有限公司,臺中市西區公館路228號,5000000,1081022
11235,82778350,兆洋餐飲事業股份有限公司,臺中市北屯區崇德九路455號3樓,229165000,1081030
11236,82779148,藍田悅有限公司,臺中市沙鹿區鹿峰里長春路66號1樓,5000000,1081024
11237,82779273,錦昌資產管理有限公司,臺中市西區東興路三段156之6號1樓,28000000,1081016
11238,82780193,睿馳科技股份有限公司,臺中市西屯區文心路三段155之1號7樓,2800000,1081009
11245,82782761,冠華資產管理股份有限公司,臺中市大肚區王田里王福街135號,100000000,1081003
11246,82783023,新承系統科技有限公司,臺中市烏日區建國路377號1樓,5200000,1081007
11247,82784120,寶豐精密科技有限公司,臺中市豐原區豐田里豐南街92巷81弄26號7樓之2,3000000,1081025
11248,82784156,俊逸工程有限公司,臺中市西屯區何南里大墩二十街99號5樓,2800000,1081003
11249,82784199,南楊開發有限公司,臺中市梧棲區大庄里光華西街29巷13號1樓,28500000,1081009
11250,82784923,秦豐實業有限公司,臺中市南屯區大進街339號,5000000,1081008
11251,82785465,浩榮營造股份有限公司,臺中市大里區新光路136號1樓,75000000,1081015
11252,82785471,超級房地產有限公司,臺中市霧峰區萬豐里中正路239之5號1樓,1000000,1081002
11253,82785562,政煜工程有限公司,臺中市后里區三月路8號,100000,1081021
11254,82785583,飛祿單車有限公司,臺中市南屯區大墩十四街292號、292之1號,2900000,1081029
11255,82785893,暐達工程有限公司,臺中市東區建成路340-1號1樓,200000,1081028
11256,82786176,藝站股份有限公司,臺中市西區民龍里文化街156號地下層之2,11000000,1081014
11257,82786598,尚益文創產業股份有限公司,臺中市西屯區協和里順和九街117號1樓,29000000,1081014
11258,82786936,忠正環保科技有限公司,臺中市北屯區崇德三路43號3樓之2,200000,1081017
11263,82789531,漢宇建設股份有限公司,臺中市西區向上路一段86號2樓,30000000,1081021
11264,82789547,恆安食品有限公司,臺中市大安區龜壳里大安港路541號2樓,500000,1081008
11265,82789791,愛肉食有限公司,臺中市豐原區三村里合作街160巷7弄24號1樓,500000,1081021
11266,82790045,珍祐有限公司,臺中市西屯區河南路二段74巷7號,250000,1081003
11267,82790538,双立資訊有限公司,臺中市西區忠明里公益路124巷28號1樓,2000000,1081017
11268,82791516,凱格企業有限公司,臺中市太平區太平里新仁路一段22巷101號,2000000,1081001
11269,82792515,佳貝有限公司,臺中市西區忠誠里精誠路64、66號,2120000,1081022
11276,82794915,傑屋塗裝工程有限公司,臺中市西屯區何厝里四川路129號,300000,1081007
11305,82803718,埃特夫國際精密化學科技有限公司,臺中市北屯區碧柳一巷四弄3號1樓,100000,1081017
11306,82804006,恆山建設股份有限公司,臺中市西屯區臺灣大道二段910號13樓之1,60000000,1081028
11308,82804441,保勝興業有限公司,臺中市梧棲區中央路一段835巷19號1樓,10000000,1081003
11309,82804603,君苑國際實業有限公司,臺中市西屯區黎明路三段191號1樓,8300000,1081022
11310,82805363,嶸翌有限公司,臺中市東區十甲路13巷43號2樓之8,2100000,1081008
11311,82806314,均智科技股份有限公司,臺中市南區忠明南路760號5樓,4000000,1081017
11323,82810794,帝叡國際開發有限公司,臺中市南屯區惠中里向上路二段129號1樓,29800000,1081003
11355,82818775,隆磐建設股份有限公司,臺中市西區五權路2之106號5樓,25000000,1081030
11356,82819275,天下世康股份有限公司,臺中市北區永興街338號15樓,7350000,1081023
11357,82819747,馬爾斯資訊有限公司,臺中市西區公益里忠明南路237號9樓之2,5010000,1081029
11359,82819850,太太嚴選生技有限公司,臺中市東區旱溪里自由路三段311巷30號1樓,200000,1081005
11360,82820667,寶發興工業股份有限公司,臺中市潭子區東寶里崇德路五段113巷3號1樓,2000000,1081008
11361,82820688,海拔投資有限公司,臺中市北區一中街1之7號1樓,2000000,1081002
11362,82821510,東午月創意股份有限公司,臺中市西區忠誠里大隆路20號6樓之4,3500000,1081008
11376,82824468,夏爾國際餐飲有限公司,臺中市西屯區福林里福科路637號,5400000,1081009
11377,82824967,融興泰有限公司,臺中市清水區南社里民和路二段428巷9號1樓,2000000,1081001
11378,82825369,鼎威資訊有限公司,臺中市西屯區何南里東興路三段381號5樓之3,800000,1081024
11380,82825473,品泰停車事業有限公司,臺中市北區中清路一段370號9樓之2,1200000,1081003
11381,82826233,寬頤室內裝修有限公司,臺中市潭子區得天街69巷18號3樓,300000,1081021
11382,82826331,禾聖國際有限公司,臺中市北屯區仁和里昌平路二段21號8樓之1,5000000,1081007
11397,82829914,山型工具有限公司,臺中市北區邱厝里健行路373之4號,5000000,1081030
11398,82830813,創昕顧問股份有限公司,臺中市西屯區朝富路213號7樓之10,5500000,1081008
11399,82830996,興鴻運實業股份有限公司,臺中市霧峰區五福里峰堤路761號,5000000,1081004
11400,82831030,植禾國際開發有限公司,臺中市西屯區惠來里文心路三段13之7號,100000,1081022
11401,82831067,日勝產經有限公司,臺中市南區忠明南路758號19樓,100000,1081024
11402,82831593,旺立富有限公司,臺中市西屯區惠來里市政路500號7樓之8,1000000,1081017
11403,82831806,運動王運動事業股份有限公司,臺中市北屯區平德里文心路四段288號18樓之7,1000000,1081029
11404,82832072,高工精密股份有限公司,臺中市神岡區大社里大漢街62號6樓,2280000,1081009
11418,82839510,宏悅高分子股份有限公司,臺中市西屯區市政北二路282號21樓之11,20000000,1081004
11419,82839758,金大舜有限公司,臺中市龍井區忠和里中央路三段136巷7號1樓,500000,1081009
11420,82840087,翃宇工業有限公司,臺中市神岡區社南里民生路120號,1600000,1081004
11421,82840093,員誠豐實業有限公司,臺中市太平區旱溪西路二段257號2樓之1,100000,1081008
11422,82840122,躍浩開發有限公司,臺中市北屯區松和里松和街215號,200000,1081017
11423,82840137,藝登軒企業有限公司,臺中市龍井區忠和里海尾路26巷11號1樓,1000000,1081004
11424,82840164,大樹國際租賃有限公司,臺中市后里區泰安里福興路100之8號1樓,15000000,1081023
11425,82840214,豐信國際貿易股份有限公司,臺中市南屯區同心里文心路一段218號24樓之1,10000000,1081001
11426,82840328,州耀科技有限公司,臺中市新社區慶西里下水底24號1樓,100000,1081022
11427,82840333,凱旋管理顧問有限公司,臺中市西區民龍里英才路530號11樓之7,10000,1081022
11428,82840592,鈤盛科技有限公司,臺中市西屯區福和里臺灣大道四段847號11樓,300000,1081021
11429,82840621,百唐建設有限公司,臺中市北區文昌東一街109號3樓之3,1000000,1081030
11430,82840848,師匠泥藝承造有限公司,臺中市大里區立新街324號1樓,50000,1081008
11431,82840875,鼎正能源股份有限公司,臺中市北屯區水湳里文心路四段81號5樓之2,10000000,1081024
11432,82840930,椿榆建設股份有限公司,臺中市北屯區平和里安順東六街40號1樓,5000000,1081022
11433,82841902,久方生技股份有限公司,臺中市西區民龍里公益路52號7樓之2,20000000,1081021
11434,82842037,普萊德精密有限公司,臺中市烏日區中山路三段登寺巷132之3號,20000000,1081021
11435,82842199,翊升教育股份有限公司,臺中市北區淡溝里博館一街7之3號4樓,100000,1081022
11448,82845885,欣聖精密機械有限公司,臺中市南屯區三厝里三和街106之2號2樓,2040000,1081023
11449,82845914,富義股份有限公司,臺中市西屯區大河里甘肅路二段117號,16840000,1081023
11450,82845978,米可吉他音樂有限公司,臺中市西屯區福科路952號2樓,5000000,1081006
11451,82846081,星曜實業股份有限公司,臺中市北區大湖里柳川西路四段60巷12號1樓,20000000,1081023
11452,82846300,六閤投資有限公司,臺中市北屯區平陽里安順北二街60之1號3樓,3720000,1081003
11487,82857636,王者香股份有限公司,臺中市南屯區大業路192號3樓之2,100000,1081022
11488,82857740,創昕國際有限公司,臺中市北區華美街二段262號5樓之2,500000,1081017
11489,82858017,萊富麗實業有限公司,臺中市梧棲區草湳里自立路378號,5000000,1081006
11490,82858065,擎都貿易有限公司,臺中市北區立人里陝西二街36號1樓,3000000,1081007
11491,82859352,富豪國際有限公司,臺中市西屯區市政北二路236號8樓之1,500000,1081017
11492,82859536,大麗餐飲股份有限公司,臺中市北屯區仁和里梅川東路五段456、458、458之1、458之2號,20000000,1081029
11493,82859563,杰出投資有限公司,臺中市西屯區福上巷216弄6號,228421,1081014
11494,82859579,廣恆綠能顧問有限公司,臺中市南屯區豐樂里文心南六路171巷20號1樓,1000000,1081021
11495,82859753,海頓科技有限公司,臺中市西屯區惠來里市政路402號20樓之3,100000,1081009
11497,82860392,金品消防工程有限公司,臺中市太平區新興里太文路71巷59號1樓,1000000,1081016
11498,82860528,飛輪車業有限公司,臺中市西區公益里忠明南路237號9樓之4,100000,1081008
11499,82860631,昌元精密股份有限公司,臺中市潭子區福仁里中山路二段73巷109弄13號,3900000,1081014
11500,82861076,深水藍有限公司,臺中市西區貴和街35號5樓,10000,1081016
11501,82861168,吉佑行銷有限公司,臺中市北區淡溝里英才路396號4樓之1,1000000,1081007
11502,82861218,雙維精密有限公司,臺中市后里區墩南里南村路400巷6之11號1樓,1400000,1081003
11503,82861553,富墩不動產仲介經紀股份有限公司,臺中市南屯區大同里大墩路170號,1000000,1081006
11504,82861765,海宇資產管理股份有限公司,臺中市北區建成里東光六街20之6號2樓,60000000,1081028
11510,82864340,邦祐生技有限公司,臺中市西屯區西屯路二段256巷6號2樓之8,500000,1081001
11542,82873100,亞洲線上媒體公關顧問有限公司,臺中市西屯區中工二路150號,2000000,1081014
11543,82873404,淘富實業有限公司,臺中市西屯區何德里大信街52號3樓之2,100000,1081002
11544,82873489,品昕國際企業股份有限公司,臺中市西屯區河南路四段215號,50000000,1081009
11545,82874179,佳勁數位科技有限公司,臺中市潭子區聚興里豐興路350巷6號,2000000,1081004
11546,82874396,裏語研所有限公司,臺中市北屯區綏遠路二段192之1號,50000,1081022
11547,82874403,恆陞精研有限公司,臺中市南屯區溝墘里大業路376-6號1樓,500000,1081008
11548,82874776,宇峰資產管理有限公司,臺中市西屯區市政北二路282號28樓之10,150000000,1081003
11549,82875682,享邑開發有限公司,臺中市南區工學路126巷15號10樓之1,8500000,1081003
11550,82875775,蔬壽司有限公司,臺中市西區双龍里模範街8巷5號1樓,80000,1081022
11551,82875917,貢昇世界股份有限公司,臺中市豐原區西湳里豐原大道七段266號1樓,300000,1081007
11618,82892726,瑞德仕科技股份有限公司,臺中市大雅區四德里中清路三段758巷2號1樓,15000000,1081007
11619,82892937,真如國際有限公司,臺中市北區長青里陜西路80號7樓之4,8000000,1081024
11620,82893746,台灣盈百企業有限公司,臺中市南屯區保安六街113號4樓,1000000,1081001
11621,82894914,綠冠能源有限公司,臺中市北區進化北路238號10樓之3,1500000,1081021
11622,82895131,本珍國際餐飲有限公司,臺中市北區錦平里五權路406、408號2樓,1000000,1081003
11623,82895174,汎爵斯有限公司,臺中市太平區中平路21之6號,50000,1081002
11655,82904390,崑力電機工程有限公司,臺中市南區工學里德富路428號1樓,10000000,1081014
11656,82904639,喜木數位創意行銷股份有限公司,臺中市西屯區何南里東興路三段418號1樓,3000000,1081017
11688,82912286,芯眉國際美學有限公司,臺中市西區臺灣大道二段2號10樓之5,600000,1081020
11693,82913975,綠昇科技股份有限公司,臺中市大里區工業十路26號2樓,800000,1081002
11694,82914019,有立企業有限公司,臺中市北屯區水景里景賢二路316號1樓,5000000,1081012
11695,82914453,愛奇智慧科技股份有限公司,臺中市西區公平里忠明南路120號11樓之2,1150000,1081024
11697,82914587,敦浩投資股份有限公司,臺中市西屯區逢福里櫻城一街138號2樓,10000000,1081001
11698,82915087,易鴻機電工程有限公司,臺中市北屯區東山路一段138巷71號1樓,2000000,1081009
11699,82915116,上美堂食品股份有限公司,臺中市西屯區協和里工業區三十八路195號,20000000,1081002
11700,82915262,世能無限循環電力股份有限公司,臺中市南屯區文心里大墩路395號2樓,1000000,1081002
11701,82916086,吉鑫不動產顧問有限公司,臺中市北屯區文心路四段671號2樓,1000000,1081014
11754,82929771,高鑫精密科技股份有限公司,臺中市豐原區水源路115巷66號,15000000,1081028
11755,82930432,詮創實業有限公司,臺中市西屯區臺灣大道二段906號4樓,1000000,1081014
11756,82930496,晟禪芸有限公司,臺中市大雅區二和里神林南路225巷23弄10號2樓,500000,1081002
11758,82931220,宇觀鋼構有限公司,臺中市太平區永成里永成北路182號1樓,300000,1081022
11759,82931397,上特工業有限公司,臺中市太平區太平里永豐路108巷12弄38號,2000000,1081007
11760,82931474,乙佳有限公司,臺中市南屯區向心路109號九樓之5,100000,1081003
11761,82931489,謙越國際有限公司,臺中市北區忠明路323號,800000,1081015
11762,82931571,維美晶殿有限公司,臺中市北屯區天津路三段89號1樓,150000,1081014
11832,82962813,大豪國際車業有限公司,臺中市南屯區新生里龍德路一段107號,1000000,1081030
11833,82962969,華林開發建設股份有限公司,臺中市潭子區雅潭路二段263號,12000000,1081023
11834,82963030,赫達科技有限公司,臺中市大肚區沙田路三段734巷19之8號1樓,500000,1081024
11835,82963088,力工實業有限公司,臺中市清水區菁埔里臨海路1號之2,5000000,1081022
11836,82963756,以聖國際股份有限公司,臺中市西區臺灣大道二段285號22樓之5,2000000,1081015
11837,82964143,川珩科技有限公司,臺中市西屯區港尾里中清路二段1296巷13號1樓,1000000,1081003
11838,82964642,匯富支付股份有限公司,臺中市西屯區潮洋里市政北二路282號17樓之1,12400000,1081030
11851,82969105,安曜有限公司,臺中市西區公益路161號14樓之3,8000000,1081017
11852,82969132,靖富股份有限公司,臺中市南屯區文心路一段306號4樓之1,4000000,1081014
11853,82969169,鋐鑫建設有限公司,臺中市豐原區社皮里社皮路123巷11弄34號1樓,5000000,1081007
11854,82969442,華安有限公司,臺中市西屯區市政路500號28樓之7,1000000,1081024
11881,84079698,宗遠工業股份有限公司,臺中市大里區內新里東榮路一段126號10樓之2,20000000,1081030
11884,84094001,瑞洲有限公司,臺中市沙鹿區賢忠街29號1樓,1000000,1081018
11898,84157005,興鋼精機廠股份有限公司,臺中市神岡區社南里昌平路五段113號,10000000,1081014
11903,84178748,峻昆股份有限公司,臺中市太平區永豐路109巷9號,5000000,1081022
11907,84179649,定彰企業股份有限公司,臺中市太平區太平里永成路126號1樓,6000000,1081017
11908,84182150,昱沅企業股份有限公司,臺中市大雅區上楓里民生路三段267巷5號,80400000,1081002
11919,84227380,永好鋁業有限公司,臺中市大里區樹王里中投西路三段1003號,600000,1081021
11924,84233593,昕暘科技有限公司,臺中市北屯區同榮里豐樂五街51號2樓,6000000,1081003
11951,84309278,海德漢股份有限公司,臺中市西屯區協和里工業區33路29號,60000000,1081023
11959,84346816,大瑞營造股份有限公司,臺中市神岡區豐洲里五權路110號1樓,60000000,1081004
11962,84349335,雅都營造股份有限公司,臺中市北屯區文心路四段698號15樓之2,50000000,1081009
11973,84388028,崑吉精密工業股份有限公司,臺中市大里區大元里國光路一段159巷12之11號,5000000,1081014
11980,84400655,惠里實業有限公司,臺中市太平區永平路2段503巷35號,6000000,1081002
11983,84404499,廣隆刀模有限公司,臺中市東區東門里天乙街140巷50號,1000000,1081022
11988,84419129,立捷立國際有限公司,臺中市南屯區春社里永春南路430巷111號,20000000,1081030
11989,84424116,凱群資訊股份有限公司,臺中市西屯區西墩里漢翔路518號3樓,8500000,1081025
11991,84433754,愛烙達股份有限公司,臺中市西屯區協和里工業區32路68號,80984370,1081008
11992,84434022,大安育樂事業股份有限公司,臺中市南區福順里忠明南路789號42樓,25000000,1081004
11993,84436942,山鈺股份有限公司,臺中市大里區西湖路337之9號,5000000,1081002
12022,84513671,接豐工業股份有限公司,臺中市烏日區烏日里中山路二段260巷2之2號5樓,6000000,1081001
12024,84515214,寰業精機股份有限公司,臺中市大里區仁化里工業十一路195號2樓,8000000,1081014
12033,84550627,易震有限公司,臺中市豐原區南村里愛國街328號1樓,1000000,1081003
12038,84559182,富森商行股份有限公司,臺中市北區明德里太原八街22號1樓,3810000,1081028
12047,84577082,乙兆營造有限公司,臺中市北屯區廍子里祥順路一段435號,15000000,1081007
12050,84587912,朋毅企業有限公司,臺中市西屯區福林里西屯路三段159之11巷16號13樓之2,2000000,1081023
12054,84594569,宏頎實業股份有限公司,臺中市西區平和里林森路100巷8號,22000000,1081015
12057,84605600,十位廣告事業有限公司,臺中市北屯區后庄里后庄三街212巷22號1樓,3000000,1081023
12061,84613756,中龍鋼鐵股份有限公司,臺中市龍井區龍昌路100號,86125861230,1081022
12068,84634437,順得投資股份有限公司,臺中市北區光大里原子街149號5樓之8,10000000,1081020
12073,84645928,瀚銳國際有限公司,臺中市西區安龍里自治街149號1樓,10000000,1081018
12081,84672987,業達科技股份有限公司,臺中市大里區金城里塗城路852巷18之4號,28060000,1081008
12085,84687150,友力機電工程股份有限公司,臺中市南區和平里忠明南路758號22樓,105000000,1081021
12087,84695068,朝焜股份有限公司,臺中市霧峰區舊正里新豐路23號,1000000,1081001
12088,84696165,吉隆營造有限公司,臺中市南屯區同心里大墩四街261之8號,100500000,1081002
12089,84696355,大頌實業股份有限公司,臺中市西屯區協和里工業區34路7號,208000000,1081021
12090,84697018,駿好企業股份有限公司,臺中市神岡區社南里中山路667巷32弄27號,1000000,1081009
12124,84808226,成岩營造股份有限公司,臺中市沙鹿區竹林里臺灣大道七段562巷12號1樓,5000000,1081021
12128,84818982,協明興業股份有限公司,臺中市豐原區翁子里富翁街165號1樓,5000000,1081001
12131,84829340,元將儀器有限公司,臺中市西屯區寶慶街50巷13號3樓之18,5000000,1081007
12142,84868286,嘉賓生化能量科技有限公司,臺中市東勢區東新里文新街278巷20號,5000000,1081021
12152,84892315,群倫通運股份有限公司,臺中市清水區中華路101巷22號,30000000,1081024
12179,84947156,宮崎實業有限公司,臺中市北屯區山西中街106巷23號,5000000,1081030
12184,84957294,總瑩建設股份有限公司,臺中市南屯區大墩路880號7樓,78000000,1081005
12186,84959624,金緯應用材料股份有限公司,臺中市龍井區工業路246巷26號,45000000,1081030
12223,85015481,青鳥投資股份有限公司,臺中市梧棲區下寮里大智路二段179號1樓,29500000,1081024
12235,85018446,厚仁實業股份有限公司,臺中市中區建國路184號,1000000,1081024
12240,85019775,菈樂栢有限公司,臺中市西屯區何南里大墩十九街93號1樓、2樓,1000000,1081015
12241,85019830,伯特利酒莊有限公司,臺中市梧棲區頂寮里四維東路149巷14號1樓,2800000,1081025
12242,85020338,紅羿有限公司,臺中市潭子區東寶里大德北路145巷3弄30之1號,1000000,1081014
12243,85020436,璞出廣告行銷有限公司,臺中市北區育德里育德路98號15樓之7,1000000,1081002
12244,85020528,永豐筑投資有限公司,臺中市龍井區龍泉里沙田路五段龍目井116巷17號1樓,5000000,1081007
12258,85025468,全烽實業有限公司,臺中市北區賴旺里文心路四段182號地下一層之1,1000000,1081004
12259,85025755,美樂開發股份有限公司,臺中市西區台灣大道二段285號19樓之1,10000000,1081015
12260,85025919,誠暘營造股份有限公司,臺中市南區福順里南陽街69號1樓,80000000,1081014
12261,85026558,磐石展業有限公司,臺中市南屯區新生里五權西路二段1036號,5600000,1081002
12262,85026754,御齊稼俱有限公司,臺中市南屯區寶山里工業區二十五路16號1樓,200000,1081007
12263,85026889,安楷投資股份有限公司,臺中市西區忠明里中美街638號1樓,10000000,1081014
12275,85049362,福貴興股份有限公司,臺中市南區永興里高工二街72號1樓,1000000,1081001
12276,85049546,鎧新節能有限公司,臺中市北屯區太安中街29號1樓,2000000,1081023
12290,85052627,台灣根室科技股份有限公司,臺中市南區忠明南路789號38樓之2,5000000,1081007
12291,85052979,宸星設計有限公司,臺中市北區明新里忠太東路114號,8000000,1081003
12292,85053301,天璽開發有限公司,臺中市中區綠川西街135號12樓之1,300000,1081030
12293,85053528,長育文化事業有限公司,臺中市大里區長榮里新生西路191號4樓之5,200000,1081007
12295,85054300,富勝興工程股份有限公司,臺中市龍井區忠和里中央路三段61巷4號1樓,10000000,1081012
12296,85054630,恒昌國際開發工程有限公司,臺中市北區金龍里益華街39巷26號1樓,2000000,1081023
12304,85058002,騎車的人股份有限公司,臺中市潭子區崇德路五段1號,3500000,1081023
12305,85058018,餘慶堂建設股份有限公司,臺中市梧棲區下寮里大智路二段179號1樓,50000000,1081023
12306,85058191,意添農業有限公司,臺中市清水區高西里美堤街150號,1000000,1081007
12307,85058278,榮耀開發建設有限公司,臺中市西屯區青海路一段99號3樓,10000000,1081014
12308,85058349,懿山工程股份有限公司,臺中市西屯區大墩20街116號2樓之2,4900000,1081021
12309,85058431,鎧利實業有限公司,臺中市大里區瑞城里瑞和街27巷60弄11號,1000000,1081014
12310,85058452,鑫立達國際有限公司,臺中市大里區新仁里公教街197巷1號1樓,400000,1081009
12311,85058729,優合行銷股份有限公司,臺中市北屯區和平里和順路535號,2000000,1081015
12312,85059712,森園餐飲有限公司,臺中市龍井區新興路東興巷2號2樓3樓、4號2樓3樓,4500000,1081003
12313,85060387,衿展電氣工程有限公司,臺中市北屯區水景里松竹五路二段165號10樓之9,2000000,1081025
12339,85072378,立浤建設股份有限公司,臺中市西區公正里公益路383號6樓,25000000,1081003
12343,85084873,豐禾產業顧問股份有限公司,臺中市南屯區豐樂里永春東一路549號2樓之1,2000000,1081022
12344,85085090,曜盈科技有限公司,臺中市南屯區溝墘里大業路239號3樓之1,300000,1081003
12345,85085140,鈦鑫投資有限公司,臺中市沙鹿區三鹿里向上路七段28號,1000000,1081007
12346,85085492,上森景觀設計股份有限公司,臺中市清水區中華路81號2樓,30000000,1081004
12347,85085654,墨延有限公司,臺中市潭子區頭家里頭家路170號1樓,200000,1081023
12408,85100830,麥克威機械設備有限公司,臺中市大雅區二和里雅環路一段289巷12號1樓,3013931,1081021
12409,85101269,全永穎有限公司,臺中市東區振興里大公街83號1樓,1000000,1081001
12410,85102056,橙舍投資股份有限公司,臺中市沙鹿區北勢里東晉路清雲巷24之4號1樓,50000000,1081023
12412,85107600,宏佳宜國際股份有限公司,臺中市霧峰區甲寅里錦州路26號,5000000,1081004
12423,85123926,香港商成世紀集團有限公司,臺中市西區大隆路20號11樓之2,10000000,1081009
12507,86079498,鋼誠實業股份有限公司,臺中市烏日區九德里興祥街167巷16號,15000000,1081029
12515,86111949,良豐機械股份有限公司,臺中市大甲區日南里東一街3號,19000000,1081005
12536,86184392,北皇塑膠有限公司,臺中市北區東光路398之1號10樓,5000000,1081007
12537,86186899,佳鑫模具股份有限公司,臺中市大里區仁化里工業九路142號,21350000,1081024
12541,86197278,日瀚工業有限公司,臺中市烏日區光明里光明路78號1樓,2000000,1081009
12550,86223439,吉輝工程有限公司,臺中市大里區光正路114巷19號1樓,6000000,1081022
12551,86226822,堡得興業有限公司,臺中市神岡區豐洲里大洲路25巷16號,5000000,1081007
12554,86238088,欣聚工業股份有限公司,臺中市北區頂厝里進化北路272之2號,6000000,1081016
12555,86238209,泰鉅建設股份有限公司,臺中市南屯區向心里南屯路二段239號2樓,27500000,1081028
12556,86239951,金酆事業有限公司,臺中市西屯區何厝里四川路87巷82號4樓之16,2000000,1081008
12558,86248229,大賈營造股份有限公司,臺中市神岡區豐洲里五權路110號1樓,120000000,1081005
12561,86262191,光奭工業股份有限公司,臺中市神岡區岸裡里大豐路五段295巷27弄18號,28000000,1081028
12564,86266648,帝贏精密工業股份有限公司,臺中市大雅區橫山里中山路大同巷9弄5-1號,15000000,1081016
12573,86279812,祈星實業股份有限公司,臺中市大甲區太白里通天路4號,50000000,1081017
12583,86326786,出名有限公司,臺中市太平區鵬儀路214巷2弄3號1樓,6000000,1081017
12585,86331681,宇倫塑膠有限公司,臺中市烏日區溪埧里環中路八段430號1樓,13000000,1081022
12587,86340062,忠成股份有限公司,臺中市南區江川里仁義街152、156號,4000000,1081023
12588,86340274,中廣生醫有限公司,臺中市北屯區北屯路439之17巷2弄5號11樓之2,3600000,1081017
12594,86357751,台灣黑熊股份有限公司,臺中市豐原區田心里4鄰圓環東路152號2樓,29000000,1081022
12595,86359553,嘉怡包裝設備股份有限公司,臺中市西屯區協和里工業區31路25號,26000000,1081002
12598,86365464,芃昕興業有限公司,臺中市豐原區翁社里豐年路139巷66號,10000000,1081024
12619,86395875,書立得文化事業股份有限公司,臺中市北屯區和平里祥順路二段389號,27800000,1081022
12620,86396945,碧根開發建設股份有限公司,臺中市西屯區福星路427號10樓,504707000,1081023
12621,86397521,元振興五金工業股份有限公司,臺中市太平區宜欣里溪洲路57號,17000000,1081024
12625,86413711,滙歐科技開發股份有限公司,臺中市南屯區五權西路二段501號4樓,81000000,1081003
12632,86424061,樸真營造股份有限公司,臺中市南區平和里和昌街96號1樓,30000000,1081023
12636,86428783,正茂科技有限公司,臺中市西屯區何源里河南東三街20號,2000000,1081001
12640,86434589,鴻銘建設股份有限公司,臺中市北區台中港路一段二四二號六樓之三,55000000,1081014
12669,86526074,冠豪營造有限公司,臺中市北屯區仁美里昌平路二段26號2樓,200100000,1081005
12670,86531983,中謙資訊股份有限公司,臺中市西屯區工業區一路2巷3號5樓之3,4500000,1081024
12672,86544734,旭正國際股份有限公司,臺中市西屯區港尾里中清路三段57號1樓,5000000,1081024
12677,86560620,唐亞股份有限公司,臺中市南屯區文山里精科八路32號,170000000,1081028
12680,86566379,友愛計程車客運服務有限公司,臺中市太平區中平路順昌巷29弄32號,1000000,1081023
12683,86577713,玖松鞋業有限公司,臺中市豐原區豐原大道三段286巷136弄61號,10000000,1081014
12684,86588916,櫻王實業有限公司,臺中市西屯區河南東二街16號1樓,15000000,1081028
12691,86609617,禾菘實業股份有限公司,臺中市神岡區社南里昌平路五段135巷56號1樓,5000000,1081002
12703,86638710,崇德輪胎有限公司,臺中市西屯區福安里安和路143之3號1樓,1000000,1081021
12705,86646107,立展廣告材料有限公司,臺中市大里區永隆里東榮路539號1樓,3000000,1081029
12713,86674855,城達建設股份有限公司,臺中市南屯區向心里南屯路二段239號1樓,27000000,1081014
12714,86679009,精豐機械有限公司,臺中市龍井區龍津里龍津街88號,5000000,1081017
12720,86686894,友灃交通股份有限公司,臺中市清水區中華路101巷22號,30000000,1081025
12743,86765530,丞陽實業股份有限公司,臺中市南區五權南路517號,1000000,1081009
12746,86772119,水湳車業有限公司,臺中市北屯區大德里中清路二段378號,2500000,1081016
12748,86775930,裕騰實業有限公司,臺中市北區頂厝里進化北路272之2號,5000000,1081017
12750,86786401,金星車業有限公司,臺中市梧棲區向上路九段562巷96號,5000000,1081028
12752,86787746,新緯建築開發股份有限公司,臺中市東區復興路四段231之2號2樓,30000000,1081001
12756,86796371,協誼有限公司,臺中市大里區塗城路506號2樓,46000000,1081009
12760,86817798,衛康醫療儀器股份有限公司,臺中市西屯區福聯里福順路952號1樓,4050000,1081025
12762,86824313,俐德科技股份有限公司,臺中市大甲區幼獅工業區幼五路1號,12500000,1081021
12763,86831187,鉑原企業有限公司,臺中市大雅區西寶里昌平路三段596巷56號,5000000,1081001
12764,86833729,豐溢鞋業股份有限公司,臺中市潭子區頭家里和平路50巷12號,64000000,1081016
12765,86835732,聖恩營造股份有限公司,臺中市西區臺灣大道二段501號19樓之2,200100000,1081022
12766,86835748,嘉泰化學工業股份有限公司,臺中市西屯區協和里工業區41路28號1樓,80000000,1081012
12770,86839272,貞德工業有限公司,臺中市大甲區頂店里中山路1段1225巷55號,5500000,1081016
12783,86886534,穩多企業股份有限公司,臺中市南屯區五權西路2段666號12樓之1,20000000,1081027
12806,86941585,寶國興業有限公司,臺中市西區太原路一段184之1號5樓之3,10000000,1081004
12809,86949101,峻昇企業股份有限公司,臺中市霧峰區北柳里四德路136之1號1樓,5000000,1081007
12813,86955010,世安鋼製家具有限公司,臺中市霧峰區丁台里丁台路443號1樓,1000000,1081023
12816,86970146,威達廣告股份有限公司,臺中市北屯區大連路２段３０號１樓,15000000,1081005
12823,86983846,久谷行生活科技有限公司,臺中市西屯區河南東一街二五號九樓,5000000,1081028
12825,86998756,瑞嵐工程股份有限公司,臺中市大里區新里里德芳路一段331號,60000000,1081008
12827,88691113,中順冷凍企業有限公司,臺中市龍井區龍社路25之3號1樓,29000000,1081018
12833,89207882,宏憙傳播有限公司,臺中市北區忠明路432號2樓之2,5000000,1081023
12835,89209039,東山本股份有限公司,臺中市大雅區雅楓里民生路三段36北巷13號,7000000,1081007
12836,89211274,亮新企業股份有限公司,臺中市大里區仁美路159巷15弄38號,25000000,1081002
12841,89228394,騰豐營造有限公司,臺中市北區健行里民權路559號11樓之3,25000000,1081024
12843,89229268,巨匠電氣工程有限公司,臺中市梧棲區頂寮里大仁路二段353巷6號5樓之1,13000000,1081005
12845,89233811,英寶國際聯運股份有限公司,臺中市梧棲區頂寮里大仁路二段353巷6號5樓之6,5200000,1081018
12850,89243727,漢翔精密鈑金股份有限公司,臺中市潭子區大富里大富路三段大富巷28號,5000000,1081015
12851,89245041,永昇鐵網有限公司,臺中市北屯區軍功里軍榮一街19號1樓,20000000,1081030
12853,89247511,長平建設有限公司,臺中市太平區宜欣里新平路二段13號,20000000,1081030
12855,89250579,舜御有限公司,臺中市烏日區烏日里新興路326號8樓之1,5000000,1081015
12868,89301373,利登企業有限公司,臺中市東區旱溪東路一段221號1樓,5000000,1081008
12873,89323221,新黑松有限公司,臺中市大肚區王福街678巷6號1樓,1000000,1081012
12876,89326753,鍇興工業股份有限公司,臺中市霧峰區板橋路68之1號,100000000,1081008
12880,89332740,辰威股份有限公司,臺中市霧峰區四德里五福路二七號一樓,10000000,1081017
12881,89337581,傳能科技有限公司,臺中市北屯區陳平路60巷13號1樓,5000000,1081008
12892,89363010,安晉塑膠有限公司,臺中市豐原區翁子里豐勢路一段577巷38弄7號,2000000,1081008
12901,89385984,台灣寶樂股份有限公司,臺中市北區梅川里梅川東路三段7號1樓,26880000,1081014
12930,89468274,爾太股份有限公司,臺中市北屯區三甲東街223巷3號,10940590,1081015
12936,89490521,大洲交通有限公司,臺中市大肚區大明四街145號4樓,28200000,1081014
12942,89504172,永松能源股份有限公司,臺中市神岡區豐洲里前寮路31-2號,18000000,1081028
12947,89510842,賢記實業有限公司,臺中市霧峰區五福里環河路一段702號,3000000,1081017
12954,89538671,延記全球通運有限公司,臺中市豐原區南嵩里水源路南坑巷19之30號,10000000,1081017
12955,89542540,隆祥旅行社有限公司,臺中市西區忠明南路270號6樓之4,10000000,1081007
12956,89545032,泓冠技研股份有限公司,臺中市神岡區溪洲里村李洲路35之1號,11000000,1081007
12966,89574465,商鈺有限公司,臺中市大雅區員林里大林路130-4號,5000000,1081003
12969,89583963,萬泰雍建設股份有限公司,臺中市大甲區薰風里8鄰水源路2-7號1樓,25000000,1081030
12995,89647158,巨洲實業股份有限公司,臺中市烏日區溪尾里溪岸路9之6號,32700000,1081030
12998,89652790,鉅虹建設股份有限公司,臺中市北屯區昌平路二段26號2樓,200100000,1081007
13002,89657182,千億交通有限公司,臺中市梧棲區大村里文明街317號,30000000,1081004
13006,89663473,弗斯特科技股份有限公司,臺中市西區民龍里英才路506號1樓,10000000,1081004
13033,89732632,連星建材有限公司,臺中市大里區東湖里中湖路130巷12弄5號6樓之2,5000000,1081009
13052,89791907,金緯貿易股份有限公司,臺中市龍井區中華路三段1號,42000000,1081030
13053,89795452,高將精機廠股份有限公司,臺中市神岡區新庄里溪頭路171號,140000000,1081021
13060,89807078,世奎實業有限公司,臺中市大肚區營埔里船頭六街73號1樓,1000000,1081002
13078,89832941,鐿諠工業股份有限公司,臺中市大里區塗城路304巷28弄18號,1000000,1081002
13087,89856719,承源印刷股份有限公司,臺中市西屯區永安里國安一路67-2號15樓之3,28000000,1081009
13088,89857843,東治實業股份有限公司,臺中市東區東英路627號,23360000,1081023
13095,89881409,富帝通實業股份有限公司,臺中市大肚區大肚里沙田路二段627號1樓,3000000,1081007
13096,89883526,城磊實業有限公司,臺中市北屯區松茂里松竹北路161號1樓,9000000,1081004
13097,89883912,佶榮機電股份有限公司,臺中市大里區仁化里工業十二路22號,6000000,1081021
13103,89898859,言瑞實業有限公司,臺中市西屯區何源里華美西街二段311號10樓,140000000,1081029
13105,89906268,天曲股份有限公司,臺中市西屯區巿政北一路77號13樓之2,28000000,1081029
13122,89982194,安全建設有限公司,臺中市后里區墩東村文明路100號,25000000,1081021
13123,89982906,日誠空調實業有限公司,臺中市南屯區新富五街288號1樓,39500000,1081014
13124,89984123,儒壕企業有限公司,臺中市北屯區平和里瀋陽路二段135號1樓,40000000,1081030
13125,89984398,鎔利興業股份有限公司,臺中市潭子區祥和路33號,397510000,1081021
13151,96872854,毅欣塑膠股份有限公司,臺中市南屯區寶山里工業區20路19號1樓,20000000,1081008
13154,96884681,皇彩企業有限公司,臺中市大里區新生路171巷17號之3一樓,5000000,1081017
13155,96886718,邦晉企業有限公司,臺中市西屯區上安路39巷6號1樓,15000000,1081003
13156,96889010,懷洛宇建設股份有限公司,臺中市中區大誠里中華路二段35號12樓之1,44000000,1081014
13159,96890868,馬岡加油站股份有限公司,臺中市大雅區三和里雅潭路四段182號,5000000,1081005
13163,96906812,鴻獅事業股份有限公司,臺中市清水區武鹿里海濱路231之3號1樓,3000000,1081021
13165,96913551,茂軒鋼鋁股份有限公司,臺中市南區南和一街23巷5號1樓,5000000,1081028
13176,96938292,東信興鋼鋁股份有限公司,臺中市烏日區光明里五光路666號,12000000,1081018
13184,96967351,詠利企業管理顧問有限公司,臺中市南屯區大墩十二街311號14樓之3,500000,1081022
13185,96968416,大陽物流國際股份有限公司,臺中市南屯區大墩路188號4樓,50000000,1081007
13197,96985436,固得美實業有限公司,臺中市西屯區福恩里工業區一路58巷1號9樓之6,5000000,1081018
13198,96986940,群穎塑膠有限公司,臺中市梧棲區永安里向上路九段322巷51號,10000000,1081006
13200,96994630,騰駿營造有限公司,臺中市梧棲區和平街112巷49號1樓,75000000,1081031
13201,97003003,星際美髮美容有限公司,臺中市北區賴村里大雅路二三八號九樓,10000000,1081008
13204,97015107,錦墩工業有限公司,臺中市大里區仁化里工業十一路161號1樓,15000000,1081017
13207,97024274,聖弘榮工程企業有限公司,臺中市南屯區楓樹里楓樹東街500巷10號1樓,5000000,1081002
13215,97038214,東渝塑膠有限公司,臺中市大里區仁化里仁慈街86號,1000000,1081001
13223,97060279,建得運輸股份有限公司,臺中市清水區中華路101巷22號,25000000,1081024
13224,97064423,禾鑫塑膠有限公司,臺中市太平區宜欣里宜昌東路178巷12號,2000000,1081029
13229,97077449,中港區股份有限公司,臺中市沙鹿區犁分里中山路22之100號,1160000,1081028
13261,97160544,漢翔航空工業股份有限公司,臺中市西屯區西平里24鄰漢翔路1號,9418671010,1081014
13280,97208499,尤希卡企業有限公司,臺中市西屯區杏林路83巷22號1樓,5000000,1081002
13284,97234790,欣大榮實業有限公司,臺中市神岡區豐洲里神洲路159巷1號1樓,25000000,1081023
13285,97235263,交通鋼鐵股份有限公司,臺中市烏日區北里里太明路2巷1弄16號,15000000,1081004
13287,97238661,繹翔報關有限公司,臺中市梧棲區四維路85巷24號1樓,5000000,1081015
13295,97252608,瑀泰工程顧問有限公司,臺中市大里區新仁路三段209號1樓,2000000,1081030
13301,97261825,中弘營造有限公司,臺中市大里區福大路21巷1弄3號1樓,3600000,1081025
13332,97318355,康僑國際有限公司,臺中市南區三民西路270號1樓,5000000,1081002
13339,97342952,全洲股份有限公司,臺中市北屯區平德里文心路四段288號1樓,15000000,1081016
13341,97351142,瑞浤營造有限公司,臺中市沙鹿區南斗路51巷23號2樓,8000000,1081018
13348,97366031,峻承工業有限公司,臺中市大里區塗城里三民二街59巷2號1樓,3800000,1081008
13353,97380408,銓崧企業有限公司,臺中市沙鹿區鹿寮里光華路400巷13號,5000000,1081028
13362,97396210,朧臆建設開發股份有限公司,臺中市南區南和里美村南路107巷1號3樓,8000000,1081024
13366,97409382,永新聯億有限公司,臺中市西屯區龍潭里龍洋巷42之26號1樓,5000000,1081005
13367,97413370,金城旅行社有限公司,臺中市北屯區昌平路二段16之2號1樓,7000000,1081003
13396,97496174,翔元自動化機械有限公司,臺中市神岡區三角里中興路123巷36號,76000000,1081023
13398,97507399,頌和塑膠股份有限公司,臺中市太平區宜昌東路5巷2號,2000000,1081029
13399,97526620,興拓工業股份有限公司,臺中市大肚區永和里溪洲路270號,29000000,1081014
13400,97531166,民勝實業股份有限公司,臺中市大里區樹王里東興路358號,15000000,1081001
13401,97542635,長拓流體科技股份有限公司,臺中市東區樂成里育英路19之2號,51580000,1081021
13402,97546490,大右企業有限公司,臺中市大里區立新街200號1樓,5000000,1081001
13403,97569900,昇拓冶金工業股份有限公司,臺中市大肚區永和里溪洲路272號,14500000,1081014
13404,97582690,順盈五金股份有限公司,臺中市太平區永成路99巷14號,10000000,1081009
13405,97629421,皇慶保溫企業有限公司,臺中市烏日區仁德里信義街371號1樓,5000000,1081008
