序號,統一編號,公司名稱,公司所在地,資本額,核准變更日期
24,02899162,榮憶橡膠工業股份有限公司,臺中市大甲區日南里5鄰東三街8號,10000000,1100119
29,03150615,永鐘電機有限公司,臺中市豐原區中陽里圓環東路655號1樓,5000000,1100128
58,04279370,友連通運股份有限公司,臺中市北屯區大連路一段102號1樓,29000000,1100122
117,04820347,台灣京濱化油器股份有限公司,臺中市西屯區協和里工業區七路7號,267750000,1100118
154,05382338,富王股份有限公司,臺中市西屯區文心路2段636號,150000000,1100114
158,05478045,寶嘉實業有限公司,臺中市北區青島路一段406巷7號,2000000,1100128
161,05796772,誠岱機械廠股份有限公司,臺中市大甲區武陵里文曲路173號,364308000,1100108
190,09406229,海商實業股份有限公司,臺中市西屯區黎明路二段936號1樓,5000000,1100104
272,12231717,世同金屬股份有限公司,臺中市西屯區工業區五路7號1至3樓、9號1至2樓、11號1至2樓,405033860,1100119
283,12298006,荷商耐基股份有限公司,臺中市北屯區文心路3段447號28樓,1078800,1100127
314,12472258,婦友建設股份有限公司,臺中市南屯區公益路二段131號,27000000,1100105
332,12614783,一路升有限公司,臺中市西區大墩十一街113號2樓,10000000,1100104
340,12630828,榮新流通股份有限公司,臺中市沙鹿區興安里興安路51號,27000000,1100114
344,12634747,遠鋐電信有限公司,臺中市沙鹿區洛泉里中山路256號1樓,1000000,1100118
345,12635491,鑫昌營造股份有限公司,臺中市西屯區工業區一路72巷70號2樓,5000000,1100106
351,12641037,海量數位工程股份有限公司,臺中市西屯區朝富路213號17樓之8,385000000,1100107
354,12643598,恩博格有限公司,臺中市東區東英里東英十七街191號1樓,5000000,1100104
357,12644999,弘丞福有限公司,臺中市西屯區朝富路213號17樓之7,88000000,1100104
382,12677724,台灣比菲多食品股份有限公司,臺中市西屯區潮洋里市政北二路282號29樓,850000000,1100125
399,12705117,仲達國際股份有限公司,臺中市西區民龍里臺灣大道二段181號8樓之3,5000000,1100107
406,12712314,大麒工業有限公司,臺中市太平區長龍路二段123號,2000000,1100119
409,12717583,奕成工業有限公司,臺中市南區樹義里樹義二街2號1樓,10000000,1100128
412,12724199,鑫將作室內裝修股份有限公司,臺中市北區淡溝里館前路19號11樓之１,14000000,1100119
413,12724682,暢談國際文化事業股份有限公司,臺中市西區吉龍里美村路一段596巷1號1樓,43210000,1100107
416,12726274,台灣基礎開發科技股份有限公司,臺中市大里區國光路1段68號,781782690,1100114
423,12730426,長霖公寓大廈管理維護有限公司,臺中市東區東門里東福一街21巷2號1樓,10000000,1100121
432,12742078,三橋食品股份有限公司,臺中市大肚區王田里興中路55號,32500000,1100113
433,12742464,冠鵬營造股份有限公司,臺中市潭子區甘蔗里興華一路141巷66號1樓,25000000,1100128
445,12756190,賢龍科技股份有限公司,臺中市東區東信里振興路280巷53弄8號1樓,3000000,1100125
450,12762405,勝醫生物科技股份有限公司,臺中市北區光大里五權路190號9樓之1,10000000,1100105
456,12773661,全茗股份有限公司,臺中市大肚區新興里6鄰沙田路二段102巷19弄5號,25000000,1100118
460,12776750,巨寶工具有限公司,臺中市梧棲區中正里仁美街九七巷10號,16000000,1100106
483,12818365,達聚塑膠有限公司,臺中市外埔區水美里二崁路706巷71號,10000000,1100118
484,12819081,金妍泰科技股份有限公司,臺中市北屯區民政里苧園48巷2弄3號,10320000,1100128
486,12820708,康富成生技股份有限公司,臺中市北屯區遼寧路一段606巷20號1樓,1000000,1100118
487,12821116,鋒碩科技股份有限公司,臺中市西屯區何仁里甘肅路2段36號1樓,90000000,1100118
489,12825513,勝威工程顧問有限公司,臺中市西屯區臺灣大道二段910號4樓之5,5000000,1100126
494,12831212,光豐股份有限公司,臺中市西屯區工業區十路9號2樓,22000000,1100119
497,12833513,丰瑄國際事業有限公司,臺中市太平區新坪里太順路345號1樓,3000000,1100119
500,12840084,昶穩機械工業有限公司,臺中市沙鹿區犁分里中山路22之23號,40000000,1100121
504,12847122,富薪實業有限公司,臺中市沙鹿區斗抵里沙田路斗南巷83弄1號1樓,600000,1100118
509,12854740,金鼎聯合科技纖維股份有限公司,臺中市豐原區東北街195號,208269870,1100107
530,12882871,輪益實業有限公司,臺中市大雅區文雅里中和五路102號,12000000,1100112
540,12894721,陽線紙製品興業有限公司,臺中市南屯區永定里益文二街118號1樓,8000000,1100112
542,12896734,廣隆投資有限公司,臺中市大里區環河路111號6樓,28600000,1100111
543,12897240,佑牧企業股份有限公司,臺中市大肚區沙田路三段245巷68之8號1樓,248000000,1100120
551,12903144,技明水處理機械有限公司,臺中市龍井區新庄里新庄街一段96巷68號,5000000,1100115
574,12953220,祥安財產保險代理人股份有限公司,臺中市北屯區崇德路二段128號5樓之3,5000000,1100121
608,12996516,洽維興業股份有限公司,臺中市沙鹿區向上路七段28號,36000000,1100104
609,12997000,御隆食品有限公司,臺中市太平區中和街102巷3號1樓,500000,1100106
614,13004681,客樂實業股份有限公司,臺中市北屯區松茂里松義街241巷66號1樓,2680000,1100120
622,13027299,餐御宴食品有限公司,臺中市大甲區日南里工七路26號,48000000,1100127
626,13033291,世寰實業有限公司,臺中市大甲區順天里順天路203號,1000000,1100121
632,13043896,帝佳營造有限公司,臺中市豐原區南陽里永康路65巷32號1樓,3600000,1100126
635,13051234,晶磊企業股份有限公司,臺中市西區忠明里健行路1049號21樓之16,10700000,1100108
642,13067714,仲欽工程技術顧問有限公司,臺中市北屯區敦化路一段473號11樓,2000000,1100125
645,13069494,通連股份有限公司,臺中市潭子區得福街113巷36號1樓,25000000,1100114
647,13071978,亞陞實業有限公司,臺中市西區公正里公益路363號9樓之8,2000000,1100119
648,13072076,翔騰投資股份有限公司,臺中市北區賴厝里26鄰大德街249巷7號2樓,219363000,1100119
650,13073151,東林科技股份有限公司,臺中市南屯區精科七路20號,306793870,1100121
652,13077760,尉鑫開發股份有限公司,臺中市北區淡溝里英才路396號2樓之1,25000000,1100126
654,13077868,優勢顧問有限公司,臺中市西區民龍里臺灣大道二段239號13樓,1000000,1100108
656,13078796,旭邦醫療器材股份有限公司,臺中市后里區后里里泉州路4之30巷12號,53750000,1100112
658,13079900,豪昇塑膠股份有限公司,臺中市梧棲區草湳里梧南路6之3號,10000000,1100128
761,16017858,欣景股份有限公司,臺中市南屯區三和里惠中路三段10號8樓,45679570,1100105
762,16017956,欣象投資股份有限公司,臺中市南屯區三和里惠中路三段10號8樓,22679570,1100105
772,16053565,天驤股份有限公司,臺中市大肚區沙田路三段245巷107號,15000000,1100126
773,16054754,丁水興廢棄物清除有限公司,臺中市大里區三民一街10巷34號1樓,5000000,1100114
775,16057942,晁丞實業有限公司,臺中市大雅區上雅里民生路一段3號1樓,3500000,1100128
781,16077222,瑄駿企業股份有限公司,臺中市西區東昇里貴和街21號1樓,5000000,1100113
783,16081648,美商艾鉅資源股份有限公司,臺中市北區臺灣大道2段360號13樓之5,0,1100113
788,16089901,鑫傳國際多媒體科技股份有限公司,臺中市大里區國光路一段68號,240000000,1100114
844,16180416,台灣佛州柑橘股份有限公司,臺中市北區臺灣大道二段360號5樓之3,4000000,1100107
850,16188297,金龍土木包工業有限公司,臺中市北屯區柳陽西街52號4樓之7,1000000,1100111
862,16205839,臻品建設股份有限公司,臺中市梧棲區南簡里民安一街23號1樓,50000000,1100126
865,16222892,中部塑膠有限公司,臺中市北屯區東山路一段238巷15弄14號1樓,3000000,1100105
866,16224483,美德投資股份有限公司,臺中市沙鹿區錦華街14號3樓,100000000,1100105
867,16225820,良匠營造工程有限公司,臺中市北屯區忠平里雷中街61巷10弄7號1樓,5000000,1100114
869,16228930,同安投資股份有限公司,臺中市沙鹿區錦華街14號2樓,331700000,1100126
870,16232934,佳鈺五金有限公司,臺中市北區賴村里尚德街82號1樓,2000000,1100106
873,16239438,康柏科技股份有限公司,臺中市北區文莊里中清路一段89號7樓之3,99900000,1100120
883,16253521,先鍠企業股份有限公司,臺中市南區樹義里工學北路157號1樓,5000000,1100120
886,16259969,欣福興營造有限公司,臺中市大甲區孟春里通天路207巷104號1樓,22500000,1100104
895,16275876,永可信工程有限公司,臺中市北屯區太和路一段225號1樓,6000000,1100126
896,16275882,庄前企業有限公司,臺中市清水區東山里神清路6之6號,1000000,1100113
898,16278305,荷田建業股份有限公司,臺中市太平區新平路3段55號1樓,1680000,1100121
926,16333525,鉅得生技股份有限公司,臺中市西屯區漢口路二段140號5樓,12000000,1100107
945,16366171,碩益企業有限公司,臺中市豐原區北湳里大順街83號1樓,4000000,1100108
952,16373074,莉安企業有限公司,臺中市龍井區東海里藝術南街115號,1000000,1100111
962,16392426,萬昇加油站企業有限公司,臺中市沙鹿區竹林里三民路31號,5000000,1100122
964,16396133,程岱有限公司,臺中市太平區建興里建興路85號1樓,60000000,1100115
971,16415949,晨祥營造股份有限公司,臺中市西區梅川西路一段23號5樓,100000000,1100105
972,16421920,億寶聯開發有限公司,臺中市潭子區得福街82巷27號1樓,2000000,1100115
982,16448293,裕鵬物流股份有限公司,臺中市西屯區協和里工業區二路3號,160000000,1100104
1002,16490242,開普旅行社股份有限公司,臺中市北屯區平和里瀋陽路一段51號1、2樓,6000000,1100121
1009,16503703,全勝工程顧問股份有限公司,臺中市南區台中路158號5樓,500000,1100108
1016,16529324,凱隄企業有限公司,臺中市大肚區中和里興和路52號,2000000,1100105
1017,16533100,伊仕特國際股份有限公司,臺中市神岡區中山路742巷26之2號,16335000,1100106
1019,16544280,岱維股份有限公司,臺中市太平區德隆里華安街32號,9400000,1100125
1023,16557376,裕唐汽車股份有限公司,臺中市北屯區仁和里松竹路三段8號1樓,350000000,1100128
1025,16567945,原安消防工程有限公司,臺中市北屯區水景里軍功路一段455號1樓,20000000,1100106
1026,16571820,銅熊立有限公司,臺中市南屯區中和里黎明路一段173巷28號,25000000,1100104
1034,16595750,首特科技股份有限公司,臺中市梧棲區文明街326巷43號1樓,46000000,1100113
1070,16649340,中原保全股份有限公司,臺中市北屯區崇德路二段256號7樓,40000000,1100125
1076,16660230,騏榮企業有限公司,臺中市太平區永豐路327巷15號1樓,1000000,1100125
1086,16685020,錙衡實業有限公司,臺中市沙鹿區埔子里正德路191巷1號1樓,2000000,1100120
1087,16686528,佳霖環保工程有限公司,臺中市梧棲區文化里中和街10號1樓,5000000,1100106
1095,16707501,立霖營造有限公司,臺中市西屯區何厝東二街23號4樓之3,12000000,1100106
1096,16709206,冠穎營造有限公司,臺中市清水區公正路222巷13號1樓,3600000,1100113
1097,16710914,立全營造有限公司,臺中市西屯區大墩20街116號2樓之2,7000000,1100107
1163,16832487,三信商業銀行股份有限公司,臺中市中區柳川里公園路32-1號,9251038030,1100127
1174,16857682,富貴營造有限公司,臺中市潭子區中山路二段135號10樓之3,15000000,1100111
1177,16859957,御森股份有限公司,臺中市豐原區西安里圓環南路96巷29號,1000000,1100118
1182,16868098,沙夏汽車旅館有限公司,臺中市太平區光興路1266巷83號,3000000,1100126
1192,16893316,特典工具股份有限公司,臺中市大雅區橫山里科雅路8號,160000000,1100104
1193,16894602,金貿興企業股份有限公司,臺中市太平區東平里中和街33號1樓,1000000,1100104
1198,16907304,利浤通運股份有限公司,臺中市大肚區福山里沙田路一段418之3號,25000000,1100113
1201,16914831,裕大印刷股份有限公司,臺中市西屯區大河里福上巷197弄11號,3000000,1100105
1202,16914987,忠仕金屬股份有限公司,臺中市東區東信里一心街279號1樓,77600000,1100104
1203,16919245,上葆藥品股份有限公司,臺中市南屯區田心里五權西路二段506號1樓,2050000,1100111
1212,16934196,興銓實業有限公司,臺中市大里區德芳路一段103號1樓,26094713,1100105
1214,16938290,澤興工業股份有限公司,臺中市大甲區義和里重義三路26巷76號,5168000,1100108
1217,16946973,銓誼交通有限公司,臺中市西區三民路一段26之3號2樓,25000000,1100114
1218,16948488,郁欽營造股份有限公司,臺中市大甲區庄美里興安路28號,43800000,1100112
1219,16955522,亨都建設股份有限公司,臺中市北屯區松和街137巷18號1樓,59000000,1100106
1228,16967771,達誠土地開發有限公司,臺中市南屯區向心路68巷6號,10000000,1100121
1231,16981599,慶典實業股份有限公司,臺中市南屯區惠中里文心路一段378號9樓之9,1000000,1100112
1233,16983956,東夌有限公司,臺中市龍井區忠和里海尾路278巷33弄18號,5000000,1100120
1235,16984961,錦有企業有限公司,臺中市西區太原路一段184之6號1樓,50000000,1100105
1238,16988707,言展營造有限公司,臺中市西屯區福科路535巷16號1樓,29000000,1100108
1243,16998022,世文營造有限公司,臺中市沙鹿區鎮南路一段369巷65號1樓,50000000,1100120
1249,18595209,新亞裕通運有限公司,臺中市南屯區永定里南屯路二段870巷23號2樓,79000000,1100122
1283,20861857,關友股份有限公司,臺中市大甲區日南里工一路28號,228000000,1100113
1311,22012424,鑫銳興業股份有限公司,臺中市潭子區豐興路二段338巷29弄8號,12000000,1100104
1318,22061249,昶偉精密工業股份有限公司,臺中市大里區大峰路161號,10000000,1100107
1322,22075285,泓記精密股份有限公司,臺中市南屯區文山里18鄰精科二路8號,240000000,1100107
1325,22080843,玉盟股份有限公司,臺中市豐原區豐田里田心路二段505號,3000000,1100120
1326,22083010,易億實業股份有限公司,臺中市西屯區長安路一段85號1樓,12800000,1100113
1328,22089416,美溪機電工業股份有限公司,臺中市西屯區協和里工業區35路6號1樓,45700000,1100118
1329,22089582,連威工業股份有限公司,臺中市大肚區頂街里大德二街24號,5000000,1100113
1330,22091671,汎福金屬工業股份有限公司,臺中市豐原區社皮里大豐路五段66巷32號,7800000,1100118
1336,22100926,萬利得股份有限公司,臺中市潭子區潭秀里南二路9號一樓,10000000,1100118
1342,22118030,洪達自動化科技有限公司,臺中市大里區草堤路100巷28號1樓,20000000,1100107
1343,22120417,君毅工業股份有限公司,臺中市大里區健民里仁化工三路2號,120000000,1100114
1344,22122153,金耀工業股份有限公司,臺中市太平區德隆里工業路188號1樓,120000000,1100104
1345,22125047,加嘉橡膠廠有限公司,臺中市豐原區朴子里朴子街409巷37號1樓,500000,1100121
1346,22128298,宏音實業有限公司,臺中市北區中清路一段89號10樓之3,3000000,1100107
1383,22282833,中鎮科技股份有限公司,臺中市沙鹿區忠貞路325號,10000000,1100108
1384,22283164,彙利化工實業股份有限公司,臺中市神岡區豐洲路412之3號1樓,25000000,1100107
1390,22295274,晉得鋼閥股份有限公司,臺中市太平區光興路1485巷1號3樓,64000000,1100108
1391,22296816,詠富特殊鋼球股份有限公司,臺中市霧峰區霧工二路26號,28000000,1100128
1392,22297097,川久機電有限公司,臺中市南區德鑫街36號1樓,10000000,1100122
1395,22311318,新弘股份有限公司,臺中市東區旱溪里旱溪五街11之1號,10000000,1100125
1399,22330125,永鵬實業股份有限公司,臺中市大甲區日南里工十路10號,29500000,1100125
1406,22340019,台灣發那科股份有限公司,臺中市西屯區協和里工業區16路10號,1448190000,1100106
1415,22376108,泰大印刷股份有限公司,臺中市西屯區工業區34路36號,30000000,1100104
1417,22378751,晨睿營造股份有限公司,臺中市西區梅川西路一段23號5樓,30000000,1100105
1421,22385296,升嘉工業股份有限公司,臺中市大里區新里里上田街31之5號,13000000,1100107
1428,22397510,敬祐工業有限公司,臺中市神岡區中山路667巷36號之2,15000000,1100120
1434,22406335,維驤股份有限公司,臺中市大肚區大肚里育英路24號,5000000,1100126
1435,22407138,嘉駿工業有限公司,臺中市龍井區忠和里海尾路256巷6號,14600000,1100119
1437,22412863,佶鋒企業股份有限公司,臺中市大里區新仁里立仁路157巷1弄1之2號,3000000,1100121
1439,22415545,紀順機電工業股份有限公司,臺中市烏日區北里里太明路成豐巷46之9號,27000000,1100106
1440,22415860,諾華實業股份有限公司,臺中市北區崇德路1段502號3樓,5000000,1100106
1442,22417678,大煒實業股份有限公司,臺中市大雅區二和里雅潭路四段805巷60號1樓,25000000,1100104
1474,22508305,大昱印刷股份有限公司,臺中市大雅區四德里中清路三段815號,17064000,1100115
1492,22569885,華久企業有限公司,臺中市霧峰區光明街51號,5000000,1100113
1495,22572360,巨峰塑膠實業股份有限公司,臺中市大雅區中山十一路46號,2000000,1100128
1497,22581987,怡昇工業股份有限公司,臺中市西屯區工業區40路2之1號,25000000,1100112
1499,22588412,桂冠企業管理顧問有限公司,臺中市西區忠誠里台灣大道二段573號5樓,1500000,1100111
1502,22592513,亞成工程顧問有限公司,臺中市北屯區軍福十二路122-1號1樓,3000000,1100126
1531,22664348,立勤實業股份有限公司,臺中市太平區德隆里華安街28巷7號,78800000,1100120
1535,22680059,劦志企業股份有限公司,臺中市豐原區南嵩里水源路115巷68弄9號,3000000,1100127
1550,22700695,銓億交通有限公司,臺中市大里區永隆里興大南街47號1樓,9500000,1100120
1577,22786362,宏信大企業股份有限公司,臺中市中區中山路100之1號1樓,16800000,1100114
1581,22795046,臺灣精密齒輪工業股份有限公司,臺中市潭子區潭秀里雅潭路1段68號1樓,40500000,1100119
1588,22813733,鋐傑電機廠有限公司,臺中市烏日區五光里五光路203號1樓,2500000,1100105
1593,22822851,中鼎投資股份有限公司,臺中市西區吉龍里五權西二街118巷3號1樓,25000000,1100105
1623,22916175,巨倫機械股份有限公司,臺中市太平區永豐路18巷11號,10000000,1100125
1630,22935124,龍揮機械股份有限公司,臺中市太平區光華里長安路18號,1000000,1100127
1645,22978066,日從企業有限公司,臺中市大里區仁化里工業路79巷51弄13號,2000000,1100108
1647,22981800,南爵工業有限公司,臺中市西屯區工業區十七路2之1號,20000000,1100107
1649,22984546,鈦揚企業股份有限公司,臺中市大甲區日南里工一路16號,29000000,1100106
1651,22993778,世曄實業股份有限公司,臺中市神岡區三角里三社路241巷52號1樓,55000000,1100120
1675,23066284,程鈦企業股份有限公司,臺中市西屯區工業區35路30號,18000000,1100108
1676,23067333,秉和營造股份有限公司,臺中市西屯區臺灣大道四段888號,25000000,1100112
1677,23070442,國睦工業股份有限公司,臺中市南屯區文山里精科路18號,410800000,1100104
1680,23079247,紹益企業股份有限公司,臺中市梧棲區永安里向上路九段322巷33號,5000000,1100107
1681,23079632,穎異企業股份有限公司,臺中市東區振興路410巷53號1樓,5000000,1100112
1686,23089189,鶴力精密工業股份有限公司,臺中市烏日區太明路53巷20號1樓,25000000,1100125
1690,23107476,吉康食品股份有限公司,臺中市西屯區工業區三十一路13號,50000000,1100107
1696,23115031,尚德投資股份有限公司,臺中市西區中興街289號3樓之2,15000000,1100108
1708,23169367,懋中有限公司,臺中市西屯區長安路二段70巷35號1樓,5000000,1100111
1712,23174299,耿豪辦公家俱設備有限公司,臺中市北屯區北屯路473之3號1樓,2000000,1100120
1713,23174431,和盛金屬家具有限公司,臺中市南區復興路2段38之8號1樓,6000000,1100114
1714,23176698,巨大興業股份有限公司,臺中市南屯區公益路2段51號25樓,250000000,1100122
1719,23186730,台勵福股份有限公司,臺中市大雅區雅環路二段120巷33號1樓,400000000,1100121
1726,23207622,品茂塑膠工業股份有限公司,臺中市大里區仁化里工業九路23號,338000000,1100106
1738,23244231,威捷鐵工廠股份有限公司,臺中市石岡區梅子里豐勢路458巷12弄8號,100000000,1100115
1739,23258585,玉雪股份有限公司,臺中市北區錦平里育才北路69號2樓,72000000,1100122
1741,23262005,峻園股份有限公司,臺中市西區大業北路21號2樓,36000000,1100126
1746,23265164,克珍企業股份有限公司,臺中市豐原區南陽里南陽路215巷65號1樓,33000000,1100126
1749,23268394,鴻昇木業股份有限公司,臺中市神岡區溪洲里溪洲路246巷15弄8號,5000000,1100111
1781,23360245,福壽新實業股份有限公司,臺中市沙鹿區大同街36之1號,55251180,1100108
1782,23361151,龍寶投資股份有限公司,臺中市北區館前路19號8樓之2,152020000,1100111
1793,23411455,豐餘實業股份有限公司,臺中市北屯區平安里文心路四段696號17樓,36000000,1100108
1817,23461497,大沐室內裝修設計有限公司,臺中市西屯區惠來里市政北一路77號8樓之2,2000000,1100105
1826,23477759,厚冠工業股份有限公司,臺中市大里區工業八路33號,50000000,1100126
1828,23487757,愛托力有限公司,臺中市南區德義里學府路91號1樓,5000000,1100112
1831,23493625,勝滕國際貿易股份有限公司,臺中市烏日區光明里五光路復光一巷52號,5000000,1100115
1833,23498797,聖大彩色印刷有限公司,臺中市沙鹿區埔子里正義路66號,2500000,1100119
1834,23499445,共昌水電工程有限公司,臺中市大肚區大東里沙田路二段562巷13號,2000000,1100126
1835,23503047,上銀科技股份有限公司,臺中市南屯區文山里精科路7號,3308662520,1100128
1838,23506065,詠承企業股份有限公司,臺中市太平區長億里長億二街40號,30000000,1100104
1840,23512518,信矼開發股份有限公司,臺中市豐原區南田里富翁街260巷30弄133號,10000000,1100126
1843,23514662,駿儀實業有限公司,臺中市西屯區大河里河南路二段91、91之1號,5000000,1100120
1844,23518409,捷采印刷事業股份有限公司,臺中市西屯區工業區31路1之1號,120000000,1100128
1846,23522092,楊名國際股份有限公司,臺中市大里區國寶街36巷2號2樓,10000000,1100114
1858,23537996,耕坊行股份有限公司,臺中市西屯區協和里工業區十六路5號,71120000,1100107
1866,23570903,富勝印刷股份有限公司,臺中市神岡區大社里大洲路283巷76號,10000000,1100106
1867,23572557,玉晶光電股份有限公司,臺中市大雅區科雅東路1號,1116674630,1100119
1870,23580249,信記軸承有限公司,臺中市南區正義里復興路三段三六五號一樓,1600000,1100111
1889,23636692,三上建設開發股份有限公司,臺中市北區賴村里學士路255號13樓A室,50000000,1100115
1901,23678279,季宏營造工程股份有限公司,臺中市北區北屯路14號5樓之1,100000000,1100128
1903,23680774,健程興業股份有限公司,臺中市新社區大南里中和街二段水頭巷3號,5000000,1100108
1905,23689819,太睿貿易股份有限公司,臺中市南屯區溝墘里大光街171巷3號,8980000,1100120
1907,23699345,統帥保全股份有限公司,臺中市北屯區平德里文心路四段462號4樓,40000000,1100115
1909,23702502,中生機械股份有限公司,臺中市東區東信里振興路443巷38號1樓,23000000,1100104
1911,23703798,采豐塑膠顏料有限公司,臺中市太平區興隆里光興路1130號1樓,1000000,1100114
1914,23719588,伸豐工具股份有限公司,臺中市大甲區日南里幼七路2號,20000000,1100104
1917,23721368,長榮汽車有限公司,臺中市南屯區大墩十一街306號,7000000,1100107
1944,23803044,尚緯金屬工業有限公司,臺中市梧棲區永安里向上路九段352巷45號,4500000,1100125
1947,23819334,永兆五金有限公司,臺中市大里區爽文路373號1樓,5000000,1100118
1950,23824097,中友百貨股份有限公司,臺中市西屯區福和里臺灣大道4段925號28樓之2,3974306000,1100113
1958,23841032,振昌水電工程有限公司,臺中市北區淡溝里博館東街10巷16號5樓,5600000,1100107
1962,23850968,金佶企業有限公司,臺中市大雅區橫山里振興路22號,5000000,1100108
1963,23852585,天稘生物科技股份有限公司,臺中市西屯區天水中街4號1樓,16000000,1100120
1964,23853450,中國上優科技股份有限公司,臺中市西屯區惠來里府會園道179號18樓,20000000,1100111
1965,23853867,財榮壓鑄股份有限公司,臺中市外埔區鐵山里長生路828號,20000000,1100108
1966,23857462,世銘紙器廠股份有限公司,臺中市神岡區北庄里中山路1323巷11號,5000000,1100125
1984,23937043,欣海服飾有限公司,臺中市西區民生路492號1樓,5000000,1100122
1987,23948392,世揚貿易有限公司,臺中市太平區長龍路一段2巷1號1樓,10000000,1100126
1991,23956646,坪林加油站股份有限公司,臺中市太平區中山路二段299號,5400000,1100122
1992,23958497,顥騏興業股份有限公司,臺中市大雅區二和里雅潭路四段376號2樓,15000000,1100104
1995,23976592,冠宇消防工程企業有限公司,臺中市沙鹿區埔子里正順路11號1樓,6000000,1100113
1996,23981238,松順精密機械有限公司,臺中市大肚區遊園路一段3巷100號1樓,10000000,1100127
1997,23983947,同泰電子科技股份有限公司,臺中市大甲區青年路123號,1561448250,1100112
2005,24203589,雅柏國際貿易有限公司,臺中市大里區東昇里新仁路二段184號1樓,1000000,1100121
2012,24215115,福鈴科技有限公司,臺中市豐原區西勢里西勢路157巷6號1樓,15000000,1100121
2013,24216445,金永富有限公司,臺中市南屯區惠文南街293號1樓,2000000,1100104
2017,24219787,松泉國際有限公司,臺中市沙鹿區三鹿里向上路七段753號,14000000,1100106
2023,24229027,松盟科技股份有限公司,臺中市西屯區大河里長安路一段83號4樓,15000000,1100112
2024,24229125,佑桓科技企業有限公司,臺中市烏日區健行北一路108號1樓,1000000,1100121
2026,24231451,台灣資服科技股份有限公司,臺中市北區太原路一段532號5樓之2、之3,24680000,1100126
2028,24231712,慶銘發實業有限公司,臺中市北屯區軍功里松竹路一段957巷2號1樓,1000000,1100114
2029,24232493,潒宏工程興業有限公司,臺中市太平區光德路249巷28號1樓,1000000,1100126
2030,24234507,遠信工程股份有限公司,臺中市西區公正里大進街206號1樓,200010000,1100118
2031,24235077,大岩營造有限公司,臺中市北屯區舊社里松竹五路一段189號1樓,28000000,1100120
2044,24251033,佳誠永業有限公司,臺中市北區錦祥里育興街31號5樓,5000000,1100107
2048,24254290,聖亞人力仲介有限公司,臺中市西屯區河南路二段262號13樓之5,5000000,1100104
2054,24260498,橡寶工業科技有限公司,臺中市北區育德路25號2樓,1000000,1100112
2059,24273629,樸象創意整合有限公司,臺中市西屯區惠來里市政路101號10樓之5,5000000,1100114
2063,24275485,鑫和數位科技股份有限公司,臺中市梧棲區中華路一段1080號1樓,50000000,1100114
2073,24288587,裕豐餐飲有限公司,臺中市北區淡溝里民權路413號1樓,5000000,1100115
2075,24290681,統帥公寓大廈管理維護有限公司,臺中市北區中山路371號3樓之1,10000000,1100113
2076,24291318,科瑩健康事業有限公司,臺中市西屯區福雅路143號1樓,13000000,1100113
2125,24331389,芊禧國際顧問股份有限公司,臺中市南區和平里復興路2段70號1樓,500000,1100128
2162,24367506,新元通訊有限公司,臺中市西屯區西屯路二段273之5號1樓之1,250000,1100111
2163,24369265,威竑實業有限公司,臺中市西屯區廣福里中科路1727號,5000000,1100128
2164,24369321,綠花園工程有限公司,臺中市北區崇德里榮華街158巷13號1樓,1000000,1100122
2165,24369595,鑫中工程有限公司,臺中市北屯區大連路1段172號2樓,5000000,1100120
2167,24371213,懷恩測量工程有限公司,臺中市北屯區松竹路一段15號,25000000,1100104
2175,24384998,唯誠國際有限公司,臺中市豐原區三村里三和路51號1樓,3000000,1100108
2176,24385173,上捷通信有限公司,臺中市大雅區上雅里民生路一段380號,500000,1100125
2180,24388024,嘉銓物業有限公司,臺中市北屯區大德里四平路37巷11號1樓,1000000,1100113
2182,24390669,佑泓電信有限公司,臺中市梧棲區文化路二段147號1樓,1000000,1100118
2202,24407090,宏威國際實業有限公司,臺中市南屯區大興里大墩南路400號1樓、2樓,15000000,1100128
2203,24411762,旭輝防蝕科技股份有限公司,臺中市西區公益路349號3樓之1,10000000,1100120
2218,24429355,松美工程有限公司,臺中市南屯區文山里向上路五段12號17樓之7,1000000,1100128
2227,24436715,黎尚有限公司,臺中市南屯區永春東路222號7樓之6,5000000,1100112
2228,24437714,雙友行餐飲設備有限公司,臺中市大里區文心南路1301號1樓,5400000,1100106
2230,24437931,威富建設開發有限公司,臺中市南屯區南屯里三和街65號6樓之6,15000000,1100105
2231,24438410,進欣昱企業股份有限公司,臺中市梧棲區草湳里大成路18號,120000000,1100105
2233,24439760,天韻室內設計有限公司,臺中市潭子區甘蔗里勝利三街135號1樓,1000000,1100118
2241,24453100,台灣美罩科技股份有限公司,臺中市大雅區秀山里科雅路28號4樓,40010000,1100114
2299,24504348,雍海科技有限公司,臺中市南屯區大業里公益路二段61號2樓,11000000,1100113
2375,24578919,泰鑫精密有限公司,臺中市豐原區大明路23號2樓,1000000,1100125
2376,24580838,永大興建設有限公司,臺中市大甲區孟春里中山路二段321之1號,15000000,1100127
2377,24582250,廣禎股份有限公司,臺中市南區忠明南路916號21樓之2,15701500,1100106
2378,24583271,巨達消防工程有限公司,臺中市北屯區平興里柳陽東街69號1樓,5000000,1100104
2380,24584004,馥華全球電商股份有限公司,臺中市北屯區水湳里文心路三段447號13樓之2,15000000,1100125
2381,24584193,豐悅國際投資股份有限公司,臺中市北屯區景和東街106號1樓,1000000,1100119
2382,24585833,呈嘉企業有限公司,臺中市梧棲區頂寮里四維西路28號,1000000,1100105
2383,24586565,高原開發有限公司,臺中市南區南陽街72號1樓,5000000,1100108
2384,24588992,荷瑞恩國際有限公司,臺中市大雅區員林里神林路一段191之2號,2000000,1100107
2385,24589628,佳和辰有限公司,臺中市北區淡溝里博館路90號,500000,1100119
2386,24590940,皇帝鎮廣告有限公司,臺中市潭子區大通街93巷8號1樓,200000,1100106
2387,24591791,香媞國際有限公司,臺中市東區東橋里建興街108號1樓,200000,1100120
2388,24593334,厚峰有限公司,臺中市南區德義里國光路134巷7號,1500000,1100120
2389,24593502,克立管理顧問有限公司,臺中市北屯區仁美里崇德十六路286號1樓,1000000,1100111
2390,24593931,百二歲國際開發有限公司,臺中市西區博館路210號,3000000,1100128
2391,24593974,大瑞廣告有限公司,臺中市西屯區大墩二十街118號5樓之1,1000000,1100115
2392,24594973,奇昕能源科技有限公司,臺中市龍井區忠和里工業路246巷6號,15000000,1100125
2393,24595874,東尚汽車有限公司,臺中市龍井區龍泉里觀光路6巷1弄3號1樓,2000000,1100128
2394,24596584,井泉興業有限公司,臺中市豐原區北陽里南陽路2號1樓,1000000,1100127
2395,24597508,若樸建設開發股份有限公司,臺中市中區臺灣大道一段501號4樓之1,200000000,1100104
2396,24598106,八田牙材有限公司,臺中市南區福興里復興路二段204號1樓,1000000,1100126
2397,24598339,潔力貿易有限公司,臺中市北區東光路424號3樓,1500000,1100129
2398,24598345,叡昇電子股份有限公司,臺中市大里區新仁里3鄰新仁二街24號1樓,28800000,1100111
2400,24603213,旺來瓦斯股份有限公司,臺中市西區南屯路一段200號,300000000,1100119
2401,24603620,育精不銹鋼球有限公司,臺中市大里區樹王里東興路501巷18號,1000000,1100125
2402,24605232,鷹式特網有限公司,臺中市西區太原路一段196號,1450000,1100106
2404,24606561,沛倫設計股份有限公司,臺中市神岡區三角里三社路53巷37號,46500000,1100128
2405,24606746,萬鴻國際工程有限公司,臺中市烏日區光明里五光路535號1樓,5000000,1100107
2406,24607436,樂寬投資有限公司,臺中市南屯區大正街8號13樓,2000000,1100120
2421,24618996,佳峰室內裝修工程有限公司,臺中市南屯區新生里龍德路一段101號,15000000,1100105
2594,24746248,富儷森國際開發股份有限公司,臺中市西區和龍里臺灣大道一段728號10樓,25000000,1100111
2660,24786439,品初有限公司,臺中市南區工學北路71巷10號5樓之5,1000000,1100104
2677,24811346,英屬開曼群島商律安有限公司,臺中市西屯區市政北二路236號26樓之1,0,1100112
2682,24819494,路加永康有限公司,臺中市西屯區重慶路99號5樓之2,500000,1100104
2683,24820035,做好創研股份有限公司,臺中市西區昇平里向上路一段79巷76號2樓,15000000,1100112
2684,24820226,騰緯國際股份有限公司,臺中市北屯區環中路一段79之7號,10000000,1100111
2685,24820653,曜昇資產管理有限公司,臺中市南區忠明南路758號40樓,3500000,1100126
2686,24822126,長霖建設有限公司,臺中市沙鹿區興益路61巷8號1樓之5,15000000,1100127
2687,24822630,駿閎科技股份有限公司,臺中市神岡區社南里中山路667巷46弄17號,5000000,1100111
2688,24823526,英樵商貿有限公司,臺中市西區民權路219號4樓之5,300000,1100121
2689,24823954,正鼎精密有限公司,臺中市神岡區大社里大漢街147巷21號1樓,1000000,1100127
2690,24824617,希米亞寵物美容有限公司,臺中市南區和平里南平路2之19號1樓,200000,1100121
2691,24824877,勝兆開發工程有限公司,臺中市北屯區平興里崇德二路一段157巷7號1樓,5000000,1100120
2692,24825405,瑞斯生醫有限公司,臺中市西屯區市政路537號21樓之2,300000,1100127
2694,24827516,弘康有限公司,臺中市北屯區建和路二段303號4樓之2,300000,1100127
2695,24827706,天翼數資科技有限公司,臺中市中區中華里中華路一段121號7樓之30,5000000,1100121
2696,24828846,發竑不動產經紀有限公司,臺中市烏日區榮泉里榮和路202號,1000000,1100127
2697,24829676,啟恒工程有限公司,臺中市烏日區溪南路三段928巷2號1樓,9000000,1100128
2698,24829943,義特灣國際有限公司,臺中市西區博館三街98號,500000,1100107
2699,24830266,漸湛開發有限公司,臺中市南屯區永春東一路807巷26號,38300000,1100112
2700,24831390,冠昕企業有限公司,臺中市烏日區螺潭里太明北路105巷21弄36號,3000000,1100128
2701,24832291,金得億科技有限公司,臺中市豐原區南村里豐東路427號,2000000,1100126
2702,24832399,醫敏貿易有限公司,臺中市南屯區大芳街58之5號4樓,2000000,1100114
2703,24833587,五路鍋聖有限公司,臺中市西屯區永安里西屯路三段166之100號7樓之10,500000,1100128
2704,24833670,永琦企業有限公司,臺中市東區十甲路35巷6弄14號,1500000,1100120
2705,24835810,摩奇坊國際有限公司,臺中市北屯區軍功里軍福十九路165號1樓,29000000,1100128
2706,24836091,好兒喜有限公司,臺中市大里區新里里國光路二段253號1樓,100000,1100105
2707,24836418,台灣嗎哪有限公司,臺中市西屯區何厝里何厝東二街23號9樓之3,6000000,1100125
2708,24836753,凱蘭生物科技有限公司,臺中市西屯區何安里重慶路99號5樓之3,100000,1100126
2709,24836888,亮澤有限公司,臺中市太平區太平里永成路99巷28號,13000000,1100118
2710,24837423,宇群生化科技有限公司,臺中市西區民龍里臺灣大道二段181號11樓之6,500000,1100122
2711,24837486,甲子圓建設股份有限公司,臺中市大雅區昌平路四段411號1樓,88000000,1100113
2712,24837916,臺灣骨庫股份有限公司,臺中市北屯區梅川東路四段26號8樓之1,25000000,1100120
2713,24839668,鈞鑫建設有限公司,臺中市豐原區葫蘆墩一街25號1樓,13500000,1100128
2714,24840497,宏洋廣告工程有限公司,臺中市南屯區東興西街9號7樓之10,1100000,1100122
2715,24841658,弘笙嬰童用品有限公司,臺中市南區南門里明德街89號1樓,2000000,1100120
2716,24842333,銳昇國際有限公司,臺中市神岡區大社里大漢街33號2樓,1000000,1100112
2717,24842376,鴻鑫機電工程有限公司,臺中市西屯區惠來里市政路161號,2000000,1100118
2719,24843950,亞米哥國際有限公司,臺中市大肚區王田里興和路188巷26號1樓,1000000,1100105
2720,24845633,四度空間股份有限公司,臺中市西屯區逢甲里西屯路二段270巷3號,3000000,1100126
2721,24845937,鉅揚國際有限公司,臺中市大里區瑞城里瑞城二街5號1樓,1000000,1100106
2722,24847626,納克斯空間資訊股份有限公司,臺中市南區福順里忠明南路789號36樓,1500000,1100120
2723,24847891,惟程工程有限公司,臺中市西屯區何德里西屯路二段84之1號2樓之2,5800000,1100115
2724,24847956,豐達複合材料股份有限公司,臺中市龍井區工業路177巷6號,25000000,1100115
2753,24867592,安利國際有限公司,臺中市大里區永大街371號,1100000,1100104
2774,24892473,萬馬奔騰資訊有限公司,臺中市西屯區福恩里工業區一路6巷12號2樓,500000,1100115
2775,24893135,康芝寶有限公司,臺中市西屯區何明里太原路一段131號8樓之7,500000,1100107
2788,24903231,英瑞奇股份有限公司,臺中市北屯區崇德路二段128號3樓之5,28000000,1100104
2855,24941328,米可利眼鏡有限公司,臺中市北區梅亭街496號1樓,9000000,1100113
2910,24976260,大魯閣賽道樂園國際股份有限公司,臺中市東區復興路四段186號9樓,433000000,1100118
2935,25001603,嘉銓保全股份有限公司,臺中市西屯區何安里重慶路99號3樓之1,40000000,1100112
2936,25002292,久業生技有限公司,臺中市南屯區新生里益豐路四段9號4樓,10000000,1100111
2949,25021565,敏盛建設開發股份有限公司,臺中市西區忠誠里華美西街一段137號9樓之2,124000000,1100125
2952,25024280,小人物紀念公園股份有限公司,臺中市大雅區中山北路197巷33號1樓,900000,1100104
2959,25035097,比諾國際股份有限公司,臺中市南屯區豐樂里文心南五路一段303號4樓,8000000,1100128
2962,25037975,廣合光電股份有限公司,臺中市大雅區科雅路22號1樓,64881110,1100112
2963,25041149,台灣脈動股份有限公司,臺中市大里區東湖里科技路168號3樓之1,48000000,1100118
2967,25043836,迪貝堡電子遊戲場業有限公司,臺中市東區復興路四段186號10樓,500000,1100126
2968,25045476,艾菲爾精巧旅館股份有限公司,臺中市梧棲區臨港路四段298號,6000000,1100128
2970,25046616,廣至環球有限公司,臺中市梧棲區中正里居仁街79號2樓,5000000,1100119
2975,25051413,艾栩資創開發有限公司,臺中市北區淡溝里民權路405巷27號1樓,3000000,1100111
2976,25052519,全弘國際實業股份有限公司,臺中市西屯區協和里工業區一路130之3號,148820000,1100108
2978,25055494,新力旺智慧精工股份有限公司,臺中市大雅區秀山里科雅路36號3樓,190101150,1100128
2979,25056873,日翔科技股份有限公司,臺中市南屯區文山里精科五路38號3樓,2000000,1100115
2980,25057991,寶發雅國際有限公司,臺中市北屯區水湳里文心路四段81號10樓之1,12000000,1100126
2984,25061849,吉生科技有限公司,臺中市南屯區同心里文心路一段186號6樓之8,3000000,1100126
2985,25061876,寶聖科技有限公司,臺中市北區進化路575號12樓之1,1000000,1100104
2987,25062397,歐函科技股份有限公司,臺中市西屯區協和里工業區38路210號7樓之8,12000000,1100126
2989,25063950,育音資訊科技有限公司,臺中市東區振興路83號2樓,10000000,1100104
2994,25066422,復康生物科技有限公司,臺中市南區福順里福陽街8巷15、17號1樓,1450000,1100113
2996,25068569,睿果有限公司,臺中市西屯區惠來里政和路162號13樓之1,600000,1100115
2997,25069265,廣源鑫機電工程有限公司,臺中市南屯區大墩六街297號1樓,20000000,1100115
2999,25070376,和盟科技有限公司,臺中市太平區太平里永豐路291巷10弄1號,1000000,1100115
3006,25082859,傳宗食品有限公司,臺中市大雅區大楓里民富街109號,27500000,1100104
3014,25093547,暉致企業有限公司,臺中市南屯區黎明路一段985巷40號1樓,1000000,1100118
3017,25094709,曜明投資有限公司,臺中市南區忠明南路760號37樓,13000000,1100108
3020,25097038,睿陽國際股份有限公司,臺中市南屯區永春東七路878之18號1樓,20000000,1100128
3066,25139620,泰誠國際行銷有限公司,臺中市北區中清路一段89號7樓之2,5500000,1100122
3083,25157176,億邁國際通商貿易有限公司,臺中市龍井區遠東街50巷15號1樓,850000,1100108
3086,25162071,新時代畫廊有限公司,臺中市南屯區三和里益豐東街182號1樓,1000000,1100106
3089,25164275,天上人間視聽歌唱有限公司,臺中市北區中清路一段53號9樓之1,200000,1100119
3090,25164922,創意旅館股份有限公司,臺中市北區五權路332、334號,36400000,1100118
3093,25168407,澄堂公投資股份有限公司,臺中市中區綠川里民族路29號1樓,3500000,1100118
3107,25180747,群曜不動產經紀有限公司,臺中市南屯區惠中里公益路二段269號1樓,2000000,1100114
3114,25185829,福德土地開發股份有限公司,臺中市神岡區北庄里中山路1323巷36號1樓,35000000,1100122
3118,25188966,泰宇不動產有限公司,臺中市潭子區中山路二段213號1樓,500000,1100125
3119,25189711,蔚品國際股份有限公司,臺中市西屯區市政路25號4樓之1,292500000,1100112
3120,25189971,亞太全通科技有限公司,臺中市中區大墩里三民路2段42之1號8樓之1,6000000,1100114
3135,27206440,威侖小客車租賃股份有限公司,臺中市太平區新福路1048號1樓,36500000,1100125
3146,27226874,八禾國際有限公司,臺中市烏日區東園里溪南路一段680巷356弄31號,5000000,1100113
3157,27267831,新鴻基投資股份有限公司,臺中市北屯區平心里文心路四段669號3樓之3,33500000,1100113
3179,27306855,鉅烽科技股份有限公司,臺中市潭子區祥和路35巷5號,40000000,1100121
3180,27307931,上鼎公寓大廈管理維護股份有限公司,臺中市北屯區平順里大連路三段16號6樓之1,10000000,1100105
3215,27372518,美期建設股份有限公司,臺中市北區光大里中清路一段100號15樓之2,20000000,1100111
3218,27379131,亞比斯環保科技有限公司,臺中市北屯區經貿一路28號,1000000,1100106
3223,27392866,大唐國際保險經紀人股份有限公司,臺中市西屯區惠來里市政北七路186號8樓之2,5000000,1100122
3231,27407495,維世康國際股份有限公司,臺中市西屯區龍潭里龍洋巷29之17號,5000000,1100126
3242,27431538,祐琮精密工業有限公司,臺中市霧峰區北柳里四德路299之13號,10000000,1100118
3253,27442346,育仟企業股份有限公司,臺中市潭子區東寶里大富路一段27號之2,10000000,1100113
3264,27458183,尚允企業有限公司,臺中市南區西川里崇倫北街107號一樓,3000000,1100112
3265,27463593,全鈦股份有限公司,臺中市太平區德隆里華安街100巷18號1樓,4000000,1100122
3267,27467471,普羅生化科技股份有限公司,臺中市豐原區社皮里成功路356巷5號,15000000,1100104
3279,27488460,傑林工業有限公司,臺中市太平區福隆里光興路1463巷33弄16號,2500000,1100120
3284,27496222,佳澄環保工程有限公司,臺中市北區長青里武漢街53號,1000000,1100112
3287,27515683,豪威思國際有限公司,臺中市西屯區福雅里福科路411巷5弄2號1樓,1000000,1100115
3299,27539828,全省通運有限公司,臺中市南區建國南路二段152號,50000000,1100107
3309,27554448,兆光國際股份有限公司,臺中市南屯區公益路2段302號5樓,619580000,1100111
3327,27580305,俞仁企業股份有限公司,臺中市梧棲區中正路466號1樓,80000000,1100113
3344,27607965,亮棋貿易有限公司,臺中市大里區健民里仁化路23號,5000000,1100108
3345,27608319,環寶綠股份有限公司,臺中市太平區合利街一段23號1樓,26000000,1100121
3372,27653762,金毅科技有限公司,臺中市西區五權五街18號2樓,2000000,1100112
3377,27661144,瑞盛橡膠企業有限公司,臺中市大肚區頂街里自由路833號1樓,5000000,1100126
3379,27665676,檍豐科技有限公司,臺中市西區公舘里建國北路二段160號,1000000,1100120
3382,27669048,華成欣業有限公司,臺中市東勢區廣興里東環街260號1樓,18000000,1100127
3407,27713558,友三興業有限公司,臺中市西屯區逢甲里河南路二段327號4樓之3,6000000,1100106
3462,27776146,國泰洋酒股份有限公司,臺中市北區五權路235號1樓,638500000,1100114
3473,27801497,東杵有限公司,臺中市梧棲區四維中路337號10樓之2號,10000000,1100111
3475,27803404,哈瑪星開發有限公司,臺中市西屯區四川東街69號5樓之6,5000000,1100112
3478,27806774,中鴻油脂股份有限公司,臺中市梧棲區中正里中興路128巷174號1樓,5000000,1100127
3482,27811349,紳程有限公司,臺中市梧棲區福德里中央路二段292之1號1樓,10000000,1100118
3484,27812712,阿秋大肥鵝股份有限公司,臺中市西屯區黎明路三段13號,100000000,1100104
3487,27816294,法斯特精工有限公司,臺中市西屯區龍潭里馬龍潭路135號,28000000,1100112
3491,27821944,鼎鎮實業有限公司,臺中市大肚區磺溪里文昌路二段157號,60000000,1100120
3496,27835460,吉祥財稅國際顧問有限公司,臺中市南屯區大墩十二街11號2樓,1000000,1100114
3497,27836411,欣鍠機械工業股份有限公司,臺中市神岡區豐洲里豐洲路412-11號1樓,10000000,1100104
3498,27836799,麒鎮工業股份有限公司,臺中市大肚區沙田路三段245巷651號,2000000,1100113
3501,27843573,阿華師茶業股份有限公司,臺中市霧峰區六股里山腳巷103號,20000000,1100105
3504,27849669,羿盛投資顧問股份有限公司,臺中市太平區中山路四段43號1樓,15000000,1100118
3509,27866863,優迪文教科技股份有限公司,臺中市大雅區二和里學府路169號4樓,29000000,1100121
3511,27871958,永盛利建設有限公司,臺中市太平區新吉里中山路3段92之1號1樓,20000000,1100120
3532,27897211,順合禮儀有限公司,臺中市大雅區員林里神林路1段234巷41-6號,1000000,1100114
3533,27897660,真想家房地產經紀業有限公司,臺中市豐原區南陽里南陽路301巷3弄34號1樓,2000000,1100111
3541,27906106,宏霆股份有限公司,臺中市西區中興里中興街183號7樓之1,14063000,1100122
3545,27913583,天贊企業有限公司,臺中市大甲區庄美里蔣公路308號1樓,1000000,1100111
3557,27932998,美商肯帛股份有限公司,臺中市西屯區市政北二路238號11樓之5,1000000,1100125
3566,27958363,怡禾國際開發有限公司,臺中市西區大昌街207巷2號7樓之1,2500000,1100104
3597,27998739,赫茲正分子科技有限公司,臺中市南區忠明南路730巷21號,1000000,1100121
3609,28014552,裕發科技股份有限公司,臺中市烏日區溪埧里環中路八段260巷50弄19號,12000000,1100106
3611,28017690,萬才國際開發有限公司,臺中市北區北平四街28號3樓之1,7000000,1100121
3612,28020739,新亞裕旅行社有限公司,臺中市南屯區永定里南屯路二段870巷23號1樓,6000000,1100118
3613,28021688,輝睿國際股份有限公司,臺中市中區光復里光復路135號,15000000,1100106
3625,28038549,東及開發股份有限公司,臺中市北屯區水景里景和東街106號3樓,20000000,1100121
3626,28038978,大娛國際股份有限公司,臺中市西屯區臺灣大道二段689號8樓,25000000,1100104
3630,28051155,堃崴有限公司,臺中市潭子區潭興路一段165巷1之5號1樓,50000000,1100106
3639,28060859,弘利投資股份有限公司,臺中市西屯區工業區五路13號1樓,65000000,1100122
3643,28061864,弘華投資股份有限公司,臺中市西屯區工業區五路13號1樓,35000000,1100125
3647,28068917,能海電能科技股份有限公司,臺中市西屯區至善里臺灣大道三段660號9樓之3,320015030,1100108
3650,28070316,弘聚投資股份有限公司,臺中市西屯區工業區五路13號1樓,60000000,1100122
3651,28070998,晟碟股份有限公司,臺中市北屯區平興里北屯路360號12樓,1000000,1100111
3655,28073637,澔宇工程顧問股份有限公司,臺中市西屯區潮洋里朝富路213號15樓之10,7200000,1100125
3658,28076212,元鈦房屋服務業有限公司,臺中市西屯區市政北一路77號14樓之6,1000000,1100128
3659,28076711,永弘辰企業股份有限公司,臺中市大雅區中清路四段625號,5000000,1100126
3661,28077556,台灣雲豹股份有限公司,臺中市后里區舊社路5之9號,10000000,1100119
3666,28083614,展煜實業股份有限公司,臺中市神岡區庄前里神林路90巷20之1號1樓,3000000,1100128
3678,28090642,光軒科技塑膠股份有限公司,臺中市豐原區南田里富陽路358號,8000000,1100126
3679,28091683,彌光能源科技股份有限公司,臺中市后里區義德里中興街107號1樓,5000000,1100120
3681,28093649,富慶開發股份有限公司,臺中市東區東信里東英五街62號2樓,35000000,1100107
3683,28097238,朝佳消防工程有限公司,臺中市梧棲區文化里梧棲路73之1號,1000000,1100106
3684,28097672,統帥物業管理顧問有限公司,臺中市北區中正里中山路371號3樓之1,1000000,1100118
3692,28105455,飛龍攝影有限公司,臺中市豐原區三村里豐原大道一段675號1樓,500000,1100128
3693,28105645,碧堤股份有限公司,臺中市西屯區惠來里政和路150號,28000000,1100111
3703,28112272,世界中心科技股份有限公司,臺中市梧棲區經三路1號,277343000,1100118
3716,28126590,大聚建設股份有限公司,臺中市西屯區朝富3街32號1樓,10000000,1100108
3717,28128014,工房顧問有限公司,臺中市太平區育仁路135號1樓,1000000,1100120
3720,28129554,富裕印刷有限公司,臺中市大里區興大南街49號1樓,10000000,1100115
3728,28141868,元拓建設有限公司,臺中市西屯區西屯路2段256巷6號7樓之8,10000000,1100112
3731,28144751,環洲事業有限公司,臺中市北屯區平昌里漢口路四段135之8號4樓,5000000,1100115
3738,28148813,澤曜科技有限公司,臺中市豐原區豐田里田心路二段247巷23弄19號,2000000,1100127
3739,28151984,倍立光電有限公司,臺中市西屯區臺灣大道四段767號11樓之3,30000000,1100104
3740,28152105,長采工業股份有限公司,臺中市后里區后里里甲后路一段383號1樓,12000000,1100125
3741,28153792,新格租賃股份有限公司,臺中市北屯區平德里梅川東路四段35號1樓,20000000,1100127
3745,28158826,環海生物科技股份有限公司,臺中市南屯區文心路一段521號6樓之8,5000000,1100108
3746,28161239,晟佑工業有限公司,臺中市北屯區松勇里北屯路473巷8之2號4樓,21000000,1100113
3753,28166430,飛比軟體有限公司,臺中市北區文心路四段200號6樓之6,4400000,1100122
3823,28310786,邦旭國際企業有限公司,臺中市南區國光路365巷25號,9400000,1100118
3825,28312171,中華潤滑油股份有限公司,臺中市大里區長榮里大里路15號1樓,10000000,1100120
3827,28314354,潔懋衛浴有限公司,臺中市大雅區昌平路四段282巷351之32號1樓,1000000,1100106
3832,28318534,柏冠科技有限公司,臺中市西屯區何源里內江街27號1樓,10000000,1100112
3839,28325417,三田倉儲股份有限公司,臺中市大肚區王田里興中路55號,6000000,1100129
3842,28327673,金糖國際有限公司,臺中市西屯區大墩十三街23號2樓,500000,1100126
3847,28344060,翊順事業有限公司,臺中市后里區眉山里眉山路469號,500000,1100107
3860,28367149,伊汎科技企業股份有限公司,臺中市大雅區橫山里永和路六甲巷10-23號,6000000,1100114
3864,28371299,汎華實業股份有限公司,臺中市大里區內新里中興路二段438之8號,12000000,1100107
3866,28376013,振鑫玻璃實業有限公司,臺中市西屯區櫻城一街35號,7000000,1100104
3870,28383730,久豐彩藝有限公司,臺中市西屯區文心路三段11巷31號1樓,1000000,1100106
3876,28394618,光立汽車股份有限公司,臺中市烏日區烏日里民生八街18號1樓,6030000,1100119
3880,28399108,德爵投資股份有限公司,臺中市南屯區豐樂里黎明路1段846之3號3樓,260850140,1100114
3883,28401364,名鋒塑膠股份有限公司,臺中市大雅區員林里大林路292巷2號,6000000,1100122
3890,28410080,親嘉開發股份有限公司,臺中市西屯區惠來里市政北七路186號16樓,310000000,1100114
3902,28444960,奇庚實業有限公司,臺中市南屯區大同里大進街75號4樓,5000000,1100125
3914,28454328,誠食鮮生股份有限公司,臺中市西屯區潮洋里市政北二路282號29樓,1000000,1100114
3943,28494139,辰通貿易有限公司,臺中市西屯區寧夏路89巷22號12樓之9,1000000,1100115
3947,28500478,德川機械股份有限公司,臺中市神岡區圳前路47之3號,20000000,1100119
3952,28508915,原野聲學有限公司,臺中市北屯區大連路一段355號1樓,12000000,1100108
3958,28515205,信蔚機具工程有限公司,臺中市西屯區何安里四川一街12號1樓,2000000,1100128
3963,28519666,玖浚企業有限公司,臺中市北屯區平陽里安順北一街49號,5200000,1100107
3964,28520018,經典國際人力資源管理事務有限公司,臺中市西區民權路185號4樓之5,3500000,1100114
3969,28521706,豪葉精密有限公司,臺中市太平區振福路260號1樓,50000000,1100127
3970,28522971,吉力通路科技股份有限公司,臺中市北區太原北路130號9樓之4,25000000,1100115
3973,28524268,誠灃科技股份有限公司,臺中市大里區國中一路25巷52號,5000000,1100119
3976,28527151,琦玉國際有限公司,臺中市西屯區協和里工業區十路3號1樓,450000000,1100118
3989,28537910,竹舫國際推廣企業有限公司,臺中市北屯區安順東五街17之1號1樓,4500000,1100120
3995,28547895,寶信精密工業有限公司,臺中市大里區新仁里新仁三街37號,10000000,1100108
3999,28551927,文賢投資股份有限公司,臺中市潭子區家福里大通街107-3號,1850000,1100125
4016,28582695,昶勝不動產仲介經紀有限公司,臺中市西區忠明里美村路一段76號1樓,500000,1100112
4020,28586290,嘉又有限公司,臺中市大里區仁愛路176巷91號1樓,6000000,1100125
4048,28623598,遠盛行銷股份有限公司,臺中市沙鹿區興安里興安路51號,18000000,1100114
4050,28623979,祐翰房屋仲介有限公司,臺中市豐原區田心里中山路161號1樓,500000,1100126
4055,28631008,辰易全業有限公司,臺中市南區樹義里福田三街291巷7號1樓,2500000,1100121
4059,28641511,寶戎企業有限公司,臺中市大里區日新里中興路二段日新巷48弄55之3號,500000,1100119
4065,28646874,邑泓電信有限公司,臺中市大肚區大肚里沙田路2段585號1樓,1000000,1100118
4068,28650314,生活家開發有限公司,臺中市豐原區永康路268巷26號,1000000,1100113
4072,28658266,崴恩資訊有限公司,臺中市北屯區水湳里文心路三段447號4樓,1000000,1100125
4075,28659672,青松健康股份有限公司,臺中市大里區夏田里中投西路三段217號,356000000,1100104
4078,28664730,希望創造事業股份有限公司,臺中市西屯區潮洋里環河路153號,16806720,1100119
4132,28726601,明楊通訊有限公司,臺中市豐原區南陽里圓環東路345號,1000000,1100128
4151,28749999,向虹有限公司,臺中市南區樹義里福田五街68號1樓,1800000,1100113
4152,28750854,重餘國際行銷股份有限公司,臺中市南屯區南屯里五權西路二段666號8樓之8,20000000,1100111
4154,28757104,信益投資股份有限公司,臺中市龍井區新東里遊園南路421號,107100000,1100119
4166,28774461,宏鼎流通有限公司,臺中市霧峰區中正路768號2樓,18500000,1100128
4169,28776088,圓朋實業股份有限公司,臺中市西區五權西路1段237號9樓之3,1000000,1100107
4170,28776279,賀生開發有限公司,臺中市豐原區大湳里圓環北路一段319號,29500000,1100114
4175,28781717,云极科技股份有限公司,臺中市中區綠川里民族路23號4樓之2,10000000,1100106
4185,28805339,峻晟科技有限公司,臺中市南屯區豐順街131號1樓,2360000,1100111
4187,28807195,寶佳美國際股份有限公司,臺中市南區永和里五權南路511號1樓,5000000,1100127
4244,28872054,龍寶生命科技股份有限公司,臺中市北區光大里中清路一段100號11樓之3,45000000,1100104
4248,28876848,點睛科技股份有限公司,臺中市西區中興里公益路161號12樓之3,19800000,1100121
4249,28876853,茂群國際實業股份有限公司,臺中市西區忠誠里忠明南路16號10樓之3,3958500,1100121
4252,28880478,申甲投資股份有限公司,臺中市太平區中山路四段139巷2弄15號4樓,28500000,1100111
4256,28883398,柿桔全球事業股份有限公司,臺中市東區東南里自強南街6巷2號5樓之2,3000000,1100122
4266,28892191,皇駒國際有限公司,臺中市南屯區龍富路四段535、537號,16000000,1100126
4270,28895660,頂通貿易股份有限公司,臺中市北區頂厝里進化北路238號4樓之7,1000000,1100125
4275,28904767,龍吟殯葬禮儀實業有限公司,臺中市南屯區文心里向心路135號1樓,500000,1100122
4277,28906478,正嵩建設股份有限公司,臺中市北屯區廍子里太和路一段42號1樓,25000000,1100113
4282,28916314,勝富室內裝修工程有限公司,臺中市太平區宜佳里宜平路87號1樓,3000000,1100118
4285,28920149,天馬健康產業股份有限公司,臺中市西區忠明里博館路117號地下一層,102883630,1100128
4289,28931069,詮佳建設股份有限公司,臺中市西屯區市政路500號17樓之6,35000000,1100104
4295,28935831,金彥興有限公司,臺中市南屯區楓樹里黎明路一段206巷40號1樓,500000,1100108
4302,28947288,巨叡科技股份有限公司,臺中市豐原區南田里水源路258巷15號1樓,60108000,1100120
4303,28948152,群岳股份有限公司,臺中市南屯區永春東七路968之1號,26000000,1100105
4304,28948408,健橋健康服務股份有限公司,臺中市北區學士路61號2樓及63號2樓,5000000,1100108
4314,28961703,英維新國際有限公司,臺中市西區臺灣大道二段307號6樓之1,1000000,1100114
4355,29033923,固態能源科技股份有限公司,臺中市豐原區社皮里西勢二街29號1樓,20000000,1100106
4407,29084350,致晟工程有限公司,臺中市東區大智路341號14樓之3,2000000,1100111
4409,29085787,博康醫療器材有限公司,臺中市梧棲區南簡里大智路一段832巷51號1樓,600000,1100120
4410,29085816,萬田金屬工程有限公司,臺中市后里區福美路14-9號,2000000,1100104
4428,29107749,高僑知識管理顧問股份有限公司,臺中市西區三民里三民路一段169號1樓,20000000,1100120
4431,29109514,連麥廷投資有限公司,臺中市大里區西湖路157號1樓,20000000,1100105
4435,29113545,風速營造有限公司,臺中市大里區東昇里益民路一段41號,29000000,1100119
4442,29121313,展鋐工程有限公司,臺中市西區藍興里大全街98-3號1樓,7390000,1100119
4444,29126632,世晟通信有限公司,臺中市新社區興安路18-38號,500000,1100126
4496,29182275,法液空電子設備股份有限公司,臺中市大雅區科雅路28號3樓,66200000,1100126
4497,29183252,台灣諾恩美生技股份有限公司,臺中市大雅區科雅路六號,54874000,1100112
4503,29187790,洛汗國際股份有限公司,臺中市大里區東湖里中興路一段159之1號3樓,4500000,1100125
4620,34212720,日昌通運股份有限公司,臺中市沙鹿區竹林里臺灣大道七段389號,35000000,1100115
4686,35883598,鞋美工業股份有限公司,臺中市大肚區頂街里華山路380號,50000000,1100113
4861,42636525,曜弘光電股份有限公司,臺中市太平區新城里樹孝路8號11樓之12,3000000,1100111
4898,42660995,均睿物流有限公司,臺中市大雅區秀山里上山路241號,25000000,1100115
4899,42661452,麗群國際開發有限公司,臺中市南屯區向心南路905巷36號2樓,5000000,1100126
4900,42663043,達歆電信有限公司,臺中市太平區太平路590號,10000000,1100118
4901,42663655,鴻聖電信有限公司,臺中市太平區中山路三段146號,10000000,1100119
4902,42664161,不老邦健康事業有限公司,臺中市北區漢口路四段367號1至2樓,2500000,1100127
4903,42665909,大煜設計有限公司,臺中市西區臺灣大道二段186號24樓之1,200000,1100120
4904,42668700,晶淇工業股份有限公司,臺中市北屯區仁和里崇德路三段317巷20號1樓,5000000,1100107
4905,42669187,義萬國際有限公司,臺中市北區天津路二段138之7號2樓,450000,1100120
4906,42669412,科宣實業有限公司,臺中市西區華美西街一段85號3樓之1,5000000,1100118
4908,42671000,欣富順機械有限公司,臺中市北屯區山西路三段222號12樓之1,55000000,1100108
4911,42673181,波帝克國際有限公司,臺中市北屯區昌平路二段4巷78號8樓,1000000,1100118
4913,42674359,木泥文創有限公司,臺中市西區安龍里英才路589巷7號8樓,6000000,1100108
4914,42675218,歐咾事業有限公司,臺中市南屯區向心里文心南路9號1樓,1000000,1100107
4915,42675391,薪暉建設有限公司,臺中市北屯區文昌三街55號1樓,16000000,1100118
4916,42675842,申暘貿易有限公司,臺中市北區大德街158巷2-3號,1000000,1100127
4917,42677905,聯讚精密股份有限公司,臺中市清水區下湳里中山路539之37號,85000000,1100107
4918,42679137,捷豪廣告股份有限公司,臺中市北屯區同榮里中清路二段1226巷82弄12號1樓,1000000,1100125
4919,42681154,大鑫企業有限公司,臺中市大里區永大街312號1樓,1000000,1100114
4920,42681675,樸山投資股份有限公司,臺中市北屯區近山路99之20號1樓,62500000,1100125
4921,42683081,蓮荷蔬食股份有限公司,臺中市北屯區和平里和祥五街188號,1000000,1100106
4922,42684342,翊嘉工程企業有限公司,臺中市西屯區何南里大隆路68號3樓,1000000,1100104
4923,42684906,聖浲有限公司,臺中市烏日區烏日里民族街35號1樓,4580000,1100122
4924,42684981,京睿行銷顧問有限公司,臺中市北區錦南街2號10樓,50000,1100119
4925,42687214,瑞點生醫有限公司,臺中市西屯區惠來里市政北七路186號19樓之7,3000000,1100127
4926,42689803,好客旅行社有限公司,臺中市北屯區松強里松竹路二段300巷7弄4號1樓,6000000,1100104
4927,42690251,三合吉企業有限公司,臺中市豐原區豐里三民路12號12樓之1,500000,1100112
4934,42694756,永達開發物業管理顧問股份有限公司,臺中市南屯區永春東路487號,27200000,1100115
4998,42748079,康得適國際有限公司,臺中市沙鹿區自強路345號1樓,3000000,1100122
5015,42759151,高北通有限公司,臺中市北區一中街96號,700000,1100107
5028,42765421,德競科技有限公司,臺中市西屯區上安里上明三街22號2樓之1,3000000,1100105
5102,42823203,矽品投資股份有限公司,臺中市潭子區大豐里大豐路3段123號,1095230000,1100121
5111,42828571,奧特拉科技股份有限公司,臺中市西區臺灣大道二段239號13樓,8000000,1100112
5167,42860895,完美顧問有限公司,臺中市西區美村路一段22號7樓之3,500000,1100113
5182,42870845,正大磊材料股份有限公司,臺中市梧棲區自立二街121號,20000000,1100113
5183,42871577,沐夏地板有限公司,臺中市南屯區田心里南屯路二段426號1樓,1000000,1100105
5184,42872772,德源興建設有限公司,臺中市豐原區保康路125巷15號1樓,19000000,1100119
5185,42873483,嘉晟建設有限公司,臺中市神岡區社南里昌平路五段310之1號2樓,5000000,1100125
5186,42873884,聚鴻廣告股份有限公司,臺中市西區大隆路20號6樓之8,5000000,1100122
5187,42873929,豪順興興業有限公司,臺中市南屯區南屯里五權西路二段666號7樓之9,2000000,1100121
5188,42874693,真味饌食品有限公司,臺中市中區綠川里民權路16號、18號,20000000,1100120
5189,42875551,梅鏡緣股份有限公司,臺中市西屯區潮洋里市政北二路282號29樓,1000000,1100111
5190,42876670,青富堡有限公司,臺中市西區忠勤街62巷33號1樓,500000,1100104
5192,42880365,春萊股份有限公司,臺中市西屯區文心路二段566之1號3樓之1,4000000,1100105
5193,42880652,健諾克有限公司,臺中市北區忠太東路118號10樓之3,2000000,1100120
5194,42881110,五路綠能有限公司,臺中市清水區下湳里中山路547之16號1樓,120000000,1100119
5195,42881168,品森室內裝修有限公司,臺中市大雅區上雅里學府路428巷37號1樓,500000,1100119
5196,42881809,天麗興業有限公司,臺中市西區公益里忠明南路237號9樓之4,5000000,1100105
5197,42883341,茵悅薈時尚生活有限公司,臺中市南屯區大業路395號,1000000,1100119
5198,42884361,元鼎開發建設股份有限公司,臺中市西屯區臺灣大道四段925號9樓之5,20000000,1100104
5199,42884622,中港皇品建設股份有限公司,臺中市梧棲區臺灣大道八段720號2樓,12000000,1100127
5200,42884637,信美投資股份有限公司,臺中市梧棲區大庄里臺灣大道八段548號2樓,20000000,1100127
5201,42884926,宇環投資有限公司,臺中市西屯區龍潭里馬龍潭路135號4樓,5000000,1100114
5202,42885002,和佺安全股份有限公司,臺中市西屯區福和里臺灣大道四段847號11樓,2000000,1100107
5203,42885375,云碩開發有限公司,臺中市南屯區溝墘里大光街173巷3之1號1樓,6000000,1100128
5204,42886380,全台創意科技有限公司,臺中市西屯區文心路三段241號21樓之2,50000,1100107
5205,42886852,為愛而生福音音樂文創有限公司,臺中市太平區東和里中和街263巷2號1樓,100000,1100104
5206,42887711,巃億建設有限公司,臺中市大甲區孟春里臨江路63之1號,28000000,1100125
5207,42888036,睿羽股份有限公司,臺中市豐原區三村里三和路578巷22號1樓,25000000,1100106
5208,42889041,綱立科技有限公司,臺中市西屯區何成里大墩十八街195號18樓之3,300000,1100113
5209,42889534,玖川國際有限公司,臺中市西屯區永安里安林路16之6號1樓,10000000,1100108
5210,42890027,銳聚動能股份有限公司,臺中市西區忠明里中美街375號,79326560,1100107
5211,42890315,唯品樂國際有限公司,臺中市梧棲區草湳里自強二街86巷61號1樓,2000000,1100111
5212,42890618,群岳實業有限公司,臺中市南屯區文山里忠勇路52-192號,300000,1100108
5213,42890645,安利發實業有限公司,臺中市西區中興街359號8樓之1,500000,1100106
5214,42891623,馬祖美食有限公司,臺中市潭子區潭秀里潭富路一段117之1號,15000000,1100104
5215,42891778,歐森電子商務有限公司,臺中市西屯區臺灣大道三段556巷1號1樓,1800000,1100107
5216,42891861,勝瑋科技股份有限公司,臺中市北屯區文心路四段955號21樓之2,5000000,1100125
5217,42892783,鴻霖生技股份有限公司,臺中市北屯區平安里文心路四段698號6樓之1,1000000,1100125
5218,42893349,永芬芳國際有限公司,臺中市霧峰區本堂里成功路301巷23號1樓,600000,1100122
5219,42893609,格瓦百貨有限公司,臺中市大甲區孟春里中山路二段198號,1200000,1100125
5220,42894749,鴻鑫福股份有限公司,臺中市沙鹿區北勢里北英路112號,16000000,1100128
5221,42895016,亞琪侑投資開發有限公司,臺中市沙鹿區福興里鎮南路二段299巷19號2樓,10000000,1100121
5222,42895368,櫻籐有限公司,臺中市北屯區軍功里軍功路二段268號2樓,300000,1100125
5223,42895803,鼎溙開發有限公司,臺中市大里區立仁里新仁路一段228號,1000000,1100105
5224,42895830,恆厚興業股份有限公司,臺中市西屯區惠來里市政北七路186號25樓,40000000,1100111
5225,42897582,奇藝科技實業有限公司,臺中市北屯區廍子里環太東路466號10樓之1,1000000,1100106
5226,42898610,多利能有限公司,臺中市大雅區橫山里通山路88之12號1樓,5000000,1100128
5227,42899012,輝弘科技有限公司,臺中市西屯區上德里青海路二段207之1號1樓,500000,1100108
5228,42899863,益旺不動產仲介經紀有限公司,臺中市北屯區綏遠路二段61號1樓,500000,1100121
5289,42940589,宇成投資有限公司,臺中市西屯區福中三街33巷13號,1250000,1100111
5379,42995057,創市集企業有限公司,臺中市南屯區文心路一段521號6樓之1,5000000,1100121
5386,42996669,富瑞斯有限公司,臺中市沙鹿區南斗路77巷85號1樓,5000000,1100111
5552,45116940,士紳股份有限公司,臺中市烏日區九德里中華路443號1樓,10000000,1100118
5585,45145282,宇潤科技股份有限公司,臺中市西區忠明里美村路一段36號5樓之2,8800000,1100105
5586,45147036,國際享馨美學有限公司,臺中市北區大湖里大誠街117號,1000000,1100122
5587,45147079,丰城室內設計有限公司,臺中市太平區振昌街21號1樓,558000,1100121
5588,45147970,全正股份有限公司,臺中市西區公益路130號11樓,1014810000,1100125
5589,45148957,遠升營造有限公司,臺中市大甲區孟春里通天路283號,5000000,1100120
5590,45148990,大地投資有限公司,臺中市北屯區舊社里松竹五路一段189號3樓,20000000,1100120
5592,45149576,向日葵環境美化清潔有限公司,臺中市東區東英里十甲路431號11樓之14,400000,1100114
5594,45159588,町井工程有限公司,臺中市東勢區廣興里東環街260號1樓,5000000,1100127
5596,45187851,山閱廣告有限公司,臺中市西屯區惠來里市政北七路186號25樓,1000000,1100105
5597,45188009,嘉登科技有限公司,臺中市西區精誠路105-6號,600000,1100120
5598,45188330,豐衡有限公司,臺中市西區美村路一段64巷3號1樓,17880000,1100115
5599,45188599,貴圓投資股份有限公司,臺中市西區五權西路一段61號1樓,17300000,1100120
5601,45189598,祥瑞安全工程有限公司,臺中市南區南和里工學三街15巷9號1樓,5000000,1100106
5603,45193283,宏觀國際旅行社有限公司,臺中市西屯區精誠路36號7樓之1,10000000,1100121
5604,45193489,向上展業有限公司,臺中市西區公德里向上路一段370號,1000000,1100108
5605,45194305,勁棟工程有限公司,臺中市南區大慶街一段257之16號1樓,2000000,1100113
5606,45194733,三思智權顧問有限公司,臺中市北區錦村里自強街35巷19號2樓,1000000,1100106
5607,45195521,振茂旅行社有限公司,臺中市大里區東湖里東南路161巷12弄10號,6000000,1100118
5608,45196633,普曌工程有限公司,臺中市豐原區豐洲里豐原大道七段522號1樓,6500000,1100127
5610,45877194,信和營造股份有限公司,臺中市西屯區西墩里光明路57之25之1號1樓,22500000,1100106
5611,45878601,台冠橡膠製品有限公司,臺中市北屯區平德里梅川東路四段25號6樓之1,500000,1100104
5613,45880634,意志力投資有限公司,臺中市北屯區平田里文心路四段955號10樓之6,3000000,1100114
5614,45884701,立功土地開發有限公司,臺中市南屯區三厝里向上路三段55號2樓,10000000,1100121
5615,45884786,松林國際貿易股份有限公司,臺中市北區賴村里中清路一段402號,7000000,1100107
5617,45885048,開念塗裝工程有限公司,臺中市西屯區大石里中平路421巷6弄10號,1000000,1100112
5618,45886362,臺灣味道國際餐飲企業股份有限公司,臺中市西區双龍里模範街31巷7弄10號1樓,28600000,1100118
5619,45888875,御石有限公司,臺中市南屯區永順路726號1樓,1000000,1100105
5620,45890014,寰裕實業有限公司,臺中市清水區楊厝里楊厝一街46巷22號1樓,1000000,1100105
5621,45890078,家禾流通股份有限公司,臺中市北區淡溝里臺灣大道二段360號5樓之1,25000000,1100108
5622,45890788,正大五金企業有限公司,臺中市西屯區林厝里中科路899之1號,12000000,1100105
5623,45890794,昱鋠電機實業有限公司,臺中市北區東成路87號1樓,20000000,1100108
5786,50786032,地天泰農業生技股份有限公司,臺中市西屯區工業區十路1號,250000000,1100105
5806,50793147,辰昇網路科技有限公司,臺中市北屯區文心路三段447號4樓之1,10000000,1100114
5847,50811503,力德金屬有限公司,臺中市豐原區社皮里中正路526號15樓,3750000,1100125
5848,50811784,樂源不動產有限公司,臺中市大雅區四德里雅環路一段136號1樓,1000000,1100122
5849,50811834,樂羽國際貿易有限公司,臺中市北屯區仁美里崇德路三段699號21樓之7,100000,1100128
5850,50811969,新允企業有限公司,臺中市烏日區烏日里大同路66號2樓,500000,1100120
5851,50812382,南山金創有限公司,臺中市西區民龍里台灣大道二段239號13樓,1800000,1100125
5852,50813179,達洛維門窗股份有限公司,臺中市北區崇德路一段631號5樓之2,10000000,1100104
5853,50813615,大筆資訊有限公司,臺中市北屯區仁和里崇德十路一段491號,1000000,1100128
5854,50814065,康矽光電股份有限公司,臺中市西屯區市政北二路236號30樓之2,1000000,1100114
5855,50814070,百和綜效興業有限公司,臺中市西屯區何成里大墩二十街148號1樓,1000000,1100127
5857,50814683,和承電腦資訊有限公司,臺中市北區文莊里中清路一段79號六樓,1000000,1100106
5858,50814712,草悟道生活有限公司,臺中市西屯區文心路二段598號11樓,60000000,1100122
5859,50815281,辰漾國際有限公司,臺中市南區忠明南路758號13樓,2200000,1100105
5860,50815347,圳民開發建設有限公司,臺中市神岡區北庄里北庄路78之18號1樓,5000000,1100111
5861,50816438,百赫貿易有限公司,臺中市太平區新高里立智街108號3樓之1,3000000,1100105
5862,50817540,運昌廣告股份有限公司,臺中市西區忠仁街139號1樓,500000,1100106
5863,50817611,劦邑企業有限公司,臺中市豐原區南嵩里水源路115巷68弄9號1樓,1000000,1100127
5864,50817746,久禾興業股份有限公司,臺中市中區綠川里中山路31號,1000000,1100106
5865,50818908,元源不動產有限公司,臺中市北屯區大連路三段100號1樓,300000,1100119
5866,50819821,京霖建設有限公司,臺中市沙鹿區興安里興益路61巷8號1樓之5,15000000,1100127
5867,50820290,四葉草資訊有限公司,臺中市西屯區市政北二路282號21樓之10,2000000,1100111
5868,50820427,弈樂科技股份有限公司,臺中市西屯區安和東路3號6樓,60000000,1100106
5870,50822142,金準度有限公司,臺中市北屯區軍功里一新一街5弄10號1樓,6000000,1100128
5871,50822564,伊格希國際有限公司,臺中市北屯區太原路三段1359號13樓之2,200000,1100121
5872,50822614,倚飛科技有限公司,臺中市西屯區何安里臺灣大道二段910號8樓之3,12000000,1100113
5873,50822918,俊宇不動產有限公司,臺中市太平區新城里樹孝路76號1樓,1000000,1100125
5874,50824078,崇達實業有限公司,臺中市北屯區仁美里9鄰崇德十五路3號11樓之3,3800000,1100126
5875,50824134,台灣彩積有限公司,臺中市西屯區永安里國安一路206巷12號10樓之1,5100000,1100104
5876,50824388,帟宸有限公司,臺中市南屯區同心里大墩路151號17樓之8,500000,1100121
5877,50824675,耕鼎股份有限公司,臺中市北屯區平德里文心路四段268號19樓之1,176840,1100128
5878,50824681,長佳智能股份有限公司,臺中市西區臺灣大道二段573號8樓,900000000,1100119
5879,50825175,泰宣實業有限公司,臺中市北區健行里忠明路502之7號12樓之5,4700000,1100107
5880,50825371,帝碩國際有限公司,臺中市太平區新福里中山路四段104號1樓,200000,1100121
5881,50825437,華樂展業有限公司,臺中市北區新北里錦南街19之16號1樓,1000000,1100111
5882,50826267,好牧人科技有限公司,臺中市清水區菁埔里菁埔路157巷28之12號1樓,350000,1100121
5883,50826415,中華國葉生物科技股份有限公司,臺中市大里區東明路255號1樓,13000000,1100105
5884,50826652,艾彼股份有限公司,臺中市北區育德里育德路100號5樓之6,200000,1100105
5885,50826766,盈禾藝術文創有限公司,臺中市大里區公園街421巷52號8樓之2,1000000,1100114
5886,50826935,八方能源科技股份有限公司,臺中市北區日興街222號10樓之1,7000000,1100119
5887,50828357,德聚生命禮儀有限公司,臺中市北區天祥街68號,1000000,1100114
5888,50829335,翔雲學思創資訊有限公司,臺中市北屯區旅順路一段138號3樓之5,300000,1100118
5889,50829377,浩恩貿易有限公司,臺中市北區大誠街131巷4弄8號1樓,110000,1100119
5890,50831542,海洋思庫特科技股份有限公司,臺中市西屯區福中里中工二路192號2樓,10000000,1100108
5892,50833422,富茂建設有限公司,臺中市豐原區南村路8號1樓,4000000,1100107
5893,50833767,台灣質慧科技股份有限公司,臺中市北區賴旺里文心路四段182號18樓之10,5000000,1100104
5894,50833859,裕志馥國際有限公司,臺中市中區柳川里公園路49號,500000,1100119
5895,50834034,金東方企業有限公司,臺中市西屯區市政路500號6樓之2,5000000,1100104
5896,50834061,懿揚建設股份有限公司,臺中市南區南門路11號1樓,5000000,1100121
5897,50834219,茂果室內裝修設計有限公司,臺中市西屯區環中路二段22之12號1樓,1680000,1100125
5898,50834673,擎虎國際貿易有限公司,臺中市北屯區平德里綏遠路二段20號,3000000,1100121
5899,50836482,明倡社會企業有限公司,臺中市梧棲區文華街28巷129號1樓,300000,1100112
5900,50837073,創盛電料股份有限公司,臺中市北屯區同榮里同榮路86、88號,2400000,1100111
5901,50837709,福丸國際貿易有限公司,臺中市西屯區市政路500號19樓之7,3000000,1100104
5902,50837898,全盟有限公司,臺中市西屯區何安里重慶路99號5樓之3,200000,1100112
5903,50838094,摩思整合行銷有限公司,臺中市太平區建和路一段13號,1400000,1100128
5904,50838968,帝騰資產顧問有限公司,臺中市南屯區大聖街6號1樓,400000,1100121
5905,50839713,泉釧企業有限公司,臺中市清水區中華路101巷50之8號1樓,3500000,1100111
5906,50840015,巨楓有限公司,臺中市太平區新高里立德街43號1樓,1000000,1100115
5907,50840367,禾業旅館管理顧問有限公司,臺中市南區樹德里德富路122號11樓之2,50000,1100128
5908,50840401,台普融通有限公司,臺中市清水區武鹿里中央路102號之1,15000000,1100113
5946,50860200,台灣菱陽商事股份有限公司,臺中市西屯區文心路二段201號11樓之3,15000000,1100104
5980,50876982,川流國際有限公司,臺中市西屯區何成里大隆路167號2樓,1950000,1100107
6048,50901954,立諒股份有限公司,臺中市南屯區大墩路188號4號,1500000,1100125
6258,51013936,久豐交通有限公司,臺中市南區永和里五權南路438號1樓,19000000,1100105
6259,51079697,太祥精密科技有限公司,臺中市北區篤行路331之5號1樓,10000000,1100112
6260,51132905,日華企業股份有限公司,臺中市北屯區東光里北屯路298巷71號,25528000,1100118
6262,51156933,永錸實業股份有限公司,臺中市西屯區西屯路二段208巷12號1樓,7200000,1100125
6263,51158679,立昌機電有限公司,臺中市北區五權路578號1樓,300000,1100114
6264,51206103,永進木器廠股份有限公司,臺中市西區公民里柳川西路二段125號2樓,75000000,1100120
6265,51275500,安輪運通股份有限公司,臺中市梧棲區臨港路三段960號1樓,32000000,1100118
6266,51283184,宏信藥品股份有限公司,臺中市中區中山路96號一樓,10000000,1100118
6267,51327269,東台興業股份有限公司,臺中市西屯區廣福里廣福路359之7號,3000000,1100115
6268,51390804,明通化學製藥股份有限公司,臺中市南區復興路二段120號,120000000,1100113
6269,51449431,銓泰交通有限公司,臺中市西區三民路一段26之3號一樓,25000000,1100114
6270,51506523,北川交通事業有限公司,臺中市北屯區仁和里崇德九路598號1樓,3100000,1100126
6272,51594906,中一祥泰股份有限公司,臺中市北區健行路609巷1號1樓,2000000,1100106
6275,51659409,華宮企業股份有限公司,臺中市西屯區西安街277巷65號1樓,10000000,1100119
6278,51816908,台中商業銀行股份有限公司,臺中市西區民權路87號,41516943130,1100108
6280,51967617,寶源電器有限公司,臺中市南區福中街32號,3400000,1100111
6288,52229441,隆豐運輸有限公司,臺中市南區永和里五權南路438號2樓,20000000,1100106
6291,52246722,千富塑膠廠股份有限公司,臺中市大里區仁化路312號,17700000,1100114
6293,52263616,惠大實業股份有限公司,臺中市太平區太平里永豐路398巷8號1樓,20000000,1100122
6311,52307500,慶鴻機電工業股份有限公司,臺中市南屯區文山里精科一路3號,540386000,1100114
6318,52321257,佳樂電子股份有限公司,臺中市東區東光路202號,76600000,1100108
6321,52328961,樂豐開發有限公司,臺中市南屯區三義里黎明東街562號8樓之2,15000000,1100114
6330,52351907,昇宏機器造業股份有限公司,臺中市太平區宜欣里宜昌東路132號,25100000,1100125
6334,52358985,立隆電子工業股份有限公司,臺中市大里區國光路1段147號,1450867190,1100115
6338,52375871,寶成通運股份有限公司,臺中市大雅區中清路四段651號1樓,25000000,1100119
6347,52408970,喬福泡綿股份有限公司,臺中市南屯區工業區二十六路1號,95000000,1100128
6348,52411594,煌明機器工業股份有限公司,臺中市烏日區光明路157巷60號,20000000,1100120
6356,52429898,大宙金屬工業股份有限公司,臺中市南屯區工業區23路2號,20000000,1100106
6358,52434724,日太交通器材股份有限公司,臺中市南區長榮里有恆街102號,10000000,1100104
6379,52491301,永光壓鑄工業股份有限公司,臺中市西屯區協和里工業區六路23號,19000000,1100104
6385,52496410,銓祐交通有限公司,臺中市大里區永隆里興大南街47號1樓,10000000,1100118
6388,52509386,俊益鋼鐵股份有限公司,臺中市大里區工業九路9號,15000000,1100107
6396,52521868,恆昆企業股份有限公司,臺中市北屯區軍功里東山路一段218巷8弄42號,5600000,1100119
6399,52524653,聖暉工程科技股份有限公司,臺中市西屯區文心路二段201號19樓之1,571867420,1100118
6417,52553946,楙豐精密工業有限公司,臺中市烏日區螺潭里慶光路112之36號,15000000,1100114
6449,52610974,福南油壓工業有限公司,臺中市北區東光八街18號,6600000,1100120
6487,52671057,天崗精機科技股份有限公司,臺中市大里區西湖里西湖路427號,203800000,1100106
6494,52684172,榮笠企業股份有限公司,臺中市潭子區東寶里大德一路84巷6號1樓,5000000,1100104
6499,52691716,臺增企業股份有限公司,臺中市南屯區干城街194巷3號,5000000,1100104
6516,52724147,寰翰電子股份有限公司,臺中市北屯區松安里崇德六路一段147號1樓,5000000,1100108
6519,52753698,員力投資有限公司,臺中市豐原區北陽里中陽東街46號,8700000,1100108
6521,52757548,盛復工業股份有限公司,臺中市南屯區工業區20路7號,310200000,1100107
6522,52783118,海龍飲水機有限公司,臺中市西屯區中清西二街92巷28號1樓,1000000,1100125
6534,52797112,春記實業有限公司,臺中市北屯區水湳里麻園西街92號2樓,6000000,1100105
6543,52813886,展華化學工業股份有限公司,臺中市西屯區工業區十二路1號,50000000,1100114
6546,52823511,小嵩無氧化學股份有限公司,臺中市西屯區重慶路102巷2號1樓,10000000,1100111
6553,52860590,馬克彩藝印刷股份有限公司,臺中市北屯區柳陽東街65號,25000000,1100126
6554,52864250,廣力電腦股份有限公司,臺中市西區公民里五權五街18號1樓,10000000,1100104
6563,52873856,金梅堂國際股份有限公司,臺中市西屯區協和里工業區31路16號,98000000,1100104
6575,52895710,億聯琺瑯股份有限公司,臺中市太平區光隆里光興路699巷90號,28300000,1100108
6594,52942875,銘全工業股份有限公司,臺中市烏日區溪埧里溪南路一段986巷258號,20000000,1100108
6596,52947745,先佑企業股份有限公司,臺中市南區和平里五權南路499號1樓,10000000,1100119
6607,53017536,美商路易威爾照明有限公司,臺中市霧峰區仁德巷12弄39號,0,1100106
6612,53025276,香港商杰特燈飾有限公司,臺中市西屯區黎明路2段909-1號,10000000,1100106
6613,53036077,好神奇實業股份有限公司,臺中市太平區太平里永豐路108巷13號,5000000,1100120
6615,53036647,方盒子多媒體股份有限公司,臺中市北屯區文心路三段1025號10樓,1000000,1100118
6622,53042079,連泓工程有限公司,臺中市大雅區文雅里中山北路250號1樓,200000,1100127
6624,53043416,彩霖鞋業有限公司,臺中市西區忠誠里華美西街一段137號11樓之2,300000,1100104
6626,53045619,信成行國際股份有限公司,臺中市西屯區臺灣大道三段660號18樓之5,25000000,1100107
6630,53049713,凱文光電科技有限公司,臺中市大雅區三和里雅潭路四段276號,8000000,1100126
6634,53054567,晉碩工程有限公司,臺中市北區長青里武漢街140號1樓,6000000,1100120
6635,53055051,瑞鴻電通有限公司,臺中市烏日區仁德里仁德街48號1樓,12700000,1100128
6636,53055279,亮誠美車科技有限公司,臺中市大里區國光路二段710號2樓,2000000,1100128
6637,53059036,全鼎財產保險代理人有限公司,臺中市西區民龍里英才路530號22樓之6,5000000,1100118
6649,53070659,松營節能科技股份有限公司,臺中市太平區光隆里光興路733巷30號,20000000,1100128
6651,53072072,你的攝影有限公司,臺中市西區吉龍里五權西四街27號17樓之3,1000000,1100128
6652,53073353,元旺不動產經紀有限公司,臺中市沙鹿區福興里鎮南路二段123號,300000,1100106
6721,53129820,聲捷通信有限公司,臺中市神岡區民生路12號1樓,300000,1100127
6722,53131945,巨林開發有限公司,臺中市南屯區同心里大墩二街240號,2000000,1100122
6724,53137440,勝聚國際股份有限公司,臺中市西屯區市政北二路282號27樓之3,100000000,1100115
6725,53138285,連毅整合行銷有限公司,臺中市北屯區平安里文心路四段752之3號4樓,500000,1100114
6728,53142675,耕本食品有限公司,臺中市南屯區溝墘里大業路180號14樓之5,10000000,1100105
6729,53142936,麗晨建設股份有限公司,臺中市西區梅川西路一段23號6樓,56000000,1100105
6731,53145259,長泰精密股份有限公司,臺中市大甲區庄美里興安路130之1號,20000000,1100119
6732,53146264,寰陽企業有限公司,臺中市北屯區水景里東山路一段147巷52號2樓,4100000,1100112
6736,53152032,達人資產管理有限公司,臺中市南屯區三厝里河南路四段538號1樓,28000000,1100114
6741,53155946,申力土木包工業有限公司,臺中市北屯區遼陽北一街23號,1000000,1100111
6747,53158198,快想科技有限公司,臺中市大里區東興里國光路二段500號5樓之5,3000000,1100122
6754,53162904,大青節能科技股份有限公司,臺中市大雅區秀山里科雅路27號3樓,700000000,1100126
6758,53164403,東睿國際有限公司,臺中市北屯區軍功路二段242號1樓,500000,1100127
6761,53165629,利宇工程有限公司,臺中市沙鹿區西勢里中航路一段203巷12號1樓,1000000,1100121
6765,53170778,良將土地開發股份有限公司,臺中市太平區成功里中興東路284號3樓,5000000,1100126
6767,53171072,偉霸事業有限公司,臺中市西屯區惠來里市政北一路359號6樓,3000000,1100113
6773,53175274,和新安全工程有限公司,臺中市潭子區福仁里福潭路180巷6號,5000000,1100106
6774,53175936,寬泰置業股份有限公司,臺中市西區吉龍里五權五街151號7樓之6,117500000,1100125
6830,53261073,萬軍開發有限公司,臺中市西屯區潮洋里朝富路213號17樓之11,2000000,1100115
6832,53262143,天水生技有限公司,臺中市沙鹿區鹿寮里光榮街90巷20號,1110000,1100118
6836,53265471,榮承發工程顧問股份有限公司,臺中市西屯區東大路一段663號,5000000,1100120
6840,53267668,佑增股份有限公司,臺中市西屯區西平里福星北路49號1樓,2400000,1100119
6842,53269552,昱昌機電顧問股份有限公司,臺中市太平區育才路375號,5000000,1100105
6847,53275203,天寬國際有限公司,臺中市南屯區文山里保安三街2號,17500000,1100127
6849,53277933,宇富投資有限公司,臺中市太平區新平路三段346巷30弄8號,300000,1100105
6851,53278095,瑞邦網路有限公司,臺中市西區忠勤街62巷33號1樓,3500000,1100104
6852,53279952,荔寶文創股份有限公司,臺中市西屯區福聯里福順路926號1樓,2000000,1100125
6853,53280331,迦拿有限公司,臺中市北屯區平安里天津路四段6號,250000,1100118
6854,53281900,忠助建設開發股份有限公司,臺中市東區旱溪五街48巷17號1樓,20000000,1100112
6864,53296100,石御石材股份有限公司,臺中市西屯區惠來里惠中路二段38號3樓之1,5000000,1100115
6866,53296973,辰星小客車租賃有限公司,臺中市北區建興里德化街130巷9號,15000000,1100122
6867,53297396,原朗創藝有限公司,臺中市西屯區潮洋里市政路656號2樓,4000000,1100106
6875,53305537,勝珈國際有限公司,臺中市沙鹿區三鹿里保成五街88號,3500000,1100127
6929,53361798,水雲端股份有限公司,臺中市西屯區潮洋里青海南街159號,100000000,1100105
6932,53363867,元太利開發有限公司,臺中市北屯區仁合里崇德十路2段310巷53號1樓,3800000,1100118
6941,53375343,邰順有限公司,臺中市豐原區南村里北陽一街125號1樓,500000,1100118
6950,53390506,宜興開發創意生活股份有限公司,臺中市西屯區西墩里上安北街32號、36號、36號2樓,49100000,1100107
6953,53391272,利緯塑膠企業有限公司,臺中市南屯區惠中里文心路一段324號11樓之1,3000000,1100112
6955,53393969,侑珅股份有限公司,臺中市南屯區惠中里文心路一段324號11樓之1,28000000,1100106
6956,53396683,灃耘股份有限公司,臺中市北屯區梅川東路四段105號17樓之20,8490000,1100112
6957,53398492,巨航租賃有限公司,臺中市北區健行里忠太東路57號1樓,500000,1100113
6962,53404699,詮格有限公司,臺中市西屯區寧夏東三街2號3樓,20280000,1100125
6967,53407648,阜典建設股份有限公司,臺中市南區平和里美村路二段392號2樓,2000000,1100126
7018,53470867,亞記建材股份有限公司,臺中市太平區立功路279號1樓,6000000,1100104
7023,53476047,遠隆消防工程有限公司,臺中市大里區瑞城里中興路一段26巷53號1樓,1000000,1100106
7026,53479537,贊宇精密有限公司,臺中市南區工學路59巷33號5樓之1,2500000,1100122
7027,53479950,睿益空間設計有限公司,臺中市西區樂群街409號3樓之4,1000000,1100104
7030,53484270,劦紘企業有限公司,臺中市豐原區翁子里豐東路557號,4000000,1100114
7040,53491238,築寬實業有限公司,臺中市南屯區寶山里寶山東二街11號,12000000,1100121
7041,53491461,盛發工業有限公司,臺中市神岡區社南里中山路851巷37弄15號1樓,2000000,1100112
7045,53496249,鼎鴻國際財富管理顧問有限公司,臺中市西屯區逢福里河南路二段262號3樓之11,1300000,1100112
7046,53497508,六維包裝器材有限公司,臺中市神岡區三民路603巷72號1樓,700000,1100113
7047,53499415,吉鈦焊材有限公司,臺中市大甲區日南里日南路37之1號1樓,3000000,1100111
7053,53504000,杉彩事業有限公司,臺中市烏日區仁德里興祥街42巷35號2樓,1000000,1100112
7056,53505985,不老苑健康事業有限公司,臺中市西區臺灣大道二段157號,2500000,1100128
7057,53506014,乙嶸有限公司,臺中市北屯區平陽里大連路一段186號,2000000,1100120
7058,53506128,兆兆鑫發明總部事業有限公司,臺中市西屯區西安里逢甲路202號地下一層,2000000,1100121
7062,53511207,再興金屬有限公司,臺中市龍井區忠和里中央路三段77巷50弄32號1樓,3000000,1100113
7067,53515528,麵本家食品股份有限公司,臺中市大甲區重義二路153號,31380420,1100115
7068,53515885,新立中金屬股份有限公司,臺中市大里區仁化里工業二路68號1樓,25000000,1100120
7069,53516245,鼎鳴科技股份有限公司,臺中市豐原區三村里三和路354巷97弄1號,19130000,1100108
7164,53599391,明昌生活科技有限公司,臺中市大甲區幸福里長安路20之7號2樓,8888888,1100125
7165,53600025,建樽綠能光電實業有限公司,臺中市西屯區福和里福安七街11巷11號1樓,3000000,1100104
7169,53603557,台灣銳科有限公司,臺中市西屯區永安里西林巷14-3號,13600000,1100104
7170,53605648,弘周實業股份有限公司,臺中市沙鹿區三鹿里向上路七段28號,10000000,1100119
7186,53616384,百納康健生技股份有限公司,臺中市西屯區工業區31路18之1號,29000000,1100112
7191,53617139,宏達強有限公司,臺中市北區育樂街62號14樓之11,500000,1100122
7193,53618377,震珅工程有限公司,臺中市清水區海風里海風一街368巷21號1樓,22100000,1100119
7194,53618799,沛鑫投資股份有限公司,臺中市西區民族路321號7樓,9000000,1100128
7199,53622870,發條橘子科技股份有限公司,臺中市烏日區高鐵五路156號10樓之3,44870000,1100106
7202,53625362,佶鑫建設有限公司,臺中市豐原區田心里中山路161號1樓,3000000,1100126
7204,53626313,掌握未來貿易有限公司,臺中市北區健行里中清路一段291號1樓,500000,1100115
7207,53631857,宥昇環保有限公司,臺中市太平區新城里樹孝路273巷7號1樓,9000000,1100107
7208,53631890,今湛精密機械有限公司,臺中市龍井區龍泉里龍社二街3號1樓,3000000,1100105
7210,53635397,金永富工程開發有限公司,臺中市南屯區田心里惠文南街293號1樓,2000000,1100104
7215,53639794,進益投資股份有限公司,臺中市西區民權路211之5號4樓之4,29800000,1100105
7216,53640309,摩爾整合有限公司,臺中市西區和龍里臺灣大道二段16號19樓之2,300000,1100125
7219,53643973,廣鑽吉貿易有限公司,臺中市南屯區益文二街118號1樓,1000000,1100121
7220,53645135,鼎昕投資股份有限公司,臺中市太平區新平路二段255巷17號1樓,13500000,1100118
7230,53674118,香港商九興服務有限公司,臺中市西屯區潮洋里朝富路213號16樓之9,60000000,1100121
7329,53780498,豐岱貿易有限公司,臺中市西區民龍里英才路530號20樓之2,800000,1100122
7331,53781270,沐德事業有限公司,臺中市北區北屯路14號7樓之10,1000000,1100107
7343,53796576,家肯環保科技有限公司,臺中市西屯區協和里工業區一路98之130號4樓之2,24000000,1100122
7346,53799285,喜善國際貿易有限公司,臺中市東區旱溪里旱溪西路一段449號1樓,500000,1100121
7349,53802253,綠吔實業有限公司,臺中市大肚區瑞井里遊園路一段87巷11號1樓,15000000,1100118
7355,53809474,川盛電機股份有限公司,臺中市太平區德隆里園區三路8號,20000000,1100122
7357,53810599,華山工具有限公司,臺中市潭子區新田里龍興三莊127之19號,10000000,1100107
7358,53810818,錦輝有限公司,臺中市東區東信里十甲東路406巷40弄2號4樓,1000000,1100120
7359,53811422,信偉開發建設有限公司,臺中市大甲區義和里經國路26號,43000000,1100126
7364,53817116,棠驊國際有限公司,臺中市西屯區西安里青海路二段408號11樓之1,1680000,1100106
7365,53818190,新通精密雷射有限公司,臺中市南區樹義里大慶街二段6-16巷13號1樓,3560000,1100107
7369,53821287,昕晟建設有限公司,臺中市沙鹿區正英二街58號1樓,66000000,1100114
7370,53821717,米米實業有限公司,臺中市北屯區軍功里松竹路一段933號1樓,43000000,1100105
7371,53823551,凱勝綠能科技股份有限公司,臺中市西屯區臺灣大道三段658號10樓之3,587100000,1100104
7372,53824290,康成生醫科技股份有限公司,臺中市西屯區市政北二路282號13樓之7,2500000,1100128
7377,53831807,泓銓科技有限公司,臺中市南屯區大誠里大墩二街77號1樓,1000000,1100122
7380,53832159,車將實業有限公司,臺中市外埔區中山路258巷71弄3號1樓,100000,1100112
7381,53832714,鎮家寶不動產開發有限公司,臺中市太平區樹德路88之2號1樓,300000,1100115
7383,53835304,雷虎生技股份有限公司,臺中市西屯區協和里工業區六路7號2樓,240500000,1100125
7391,53851562,梵谷國際行銷有限公司,臺中市北屯區松安里松安街218巷38號1樓,7000000,1100104
7392,53851612,宏瑜科技有限公司,臺中市西屯區安林路3之12號1樓,3000000,1100108
7399,53862126,松清食品有限公司,臺中市西屯區福中九街40號7樓之2,500000,1100118
7402,53865691,興達國際資產管理顧問有限公司,臺中市西屯區福星北一街15號4樓,100000000,1100125
7406,53869943,博識智庫股份有限公司,臺中市南區忠明南路789號9樓,500000,1100127
7408,53874853,高長投資股份有限公司,臺中市南屯區大墩四街468號10樓之1,301814000,1100122
7410,53877388,雲端多媒體有限公司,臺中市西屯區何成里文心路二段598號12樓,8000000,1100125
7506,53960196,直德建設有限公司,臺中市北屯區大連路二段243號13樓,29500000,1100104
7507,53960365,鼎霖醫療器材股份有限公司,臺中市北屯區平安里文心路四段696號8樓之2,25000000,1100115
7510,53962997,橘野數位設計有限公司,臺中市西屯區福中里中工二路188號3樓,10000000,1100127
7511,53963068,嘉晉旅行社股份有限公司,臺中市北區健行里忠明路200號5樓之3,6000000,1100128
7517,53973468,博盛生技有限公司,臺中市北屯區平心里瀋陽路三段26號8樓之2,2000000,1100111
7518,53975938,岳鈿企業有限公司,臺中市北屯區同榮里新興路9巷5號1樓,3000000,1100126
7520,53978365,原聚建設股份有限公司,臺中市北屯區仁愛里四平路63號1樓,5000000,1100106
7521,53981045,台灣中通汽車實業有限公司,臺中市南屯區寶山里工業區十八路31-1號2樓,27000000,1100113
7522,53981093,燿鼎科技有限公司,臺中市霧峰區本堂里育仁街19號1樓,5000000,1100125
7525,53983796,吉裕國際有限公司,臺中市西屯區廣福里環中路二段746號,10000000,1100121
7527,53989433,新聯翔管理顧問股份有限公司,臺中市南屯區大墩二街242號7樓之4,1000000,1100125
7529,53989948,眾慶建設有限公司,臺中市西屯區何安里重慶路99號7樓之2,6000000,1100122
7530,53990121,金鎧實業股份有限公司,臺中市西屯區惠來里市政路386號25樓之7,10850000,1100115
7534,53992319,萬金金屬有限公司,臺中市大里區西湖里西湖路142之2號,500000,1100114
7537,53993984,常達興業有限公司,臺中市北屯區仁和里山西北二街79號,5000000,1100111
7539,53995076,建亨建設有限公司,臺中市東勢區福隆里福昌街56巷2號1樓,10500000,1100105
7540,53995414,莊周不動產經紀業有限公司,臺中市中區大墩里三民路2段145號11樓之1,1500000,1100114
7541,53996407,唐毅實業有限公司,臺中市北屯區水景里景美巷35號2樓,3080000,1100120
7542,53998783,云碩科技股份有限公司,臺中市北屯區平福里大連路二段221號2樓,51380000,1100125
7543,53999805,顧珮仙工作室有限公司,臺中市西區精誠十四街21號1樓,200000,1100107
7549,54008916,大山建設有限公司,臺中市北屯區松竹五路一段189號4樓,20000000,1100120
7653,54099227,品淳建設股份有限公司,臺中市西區大忠里五權西路一段257號8樓之3,96000000,1100125
7658,54103398,鈞越通訊有限公司,臺中市西區民龍里英才路435號2樓,2000000,1100125
7660,54104896,宥軒新能源有限公司,臺中市南屯區惠文路526號3樓之1,27500000,1100115
7661,54107227,家博士生物科技有限公司,臺中市北屯區仁和里崇德八路一段166號15樓之5,100000,1100125
7662,54107893,立詳國際企業有限公司,臺中市西屯區市政北二路282號21樓之10,14000000,1100128
7664,54108197,鉅峰製模有限公司,臺中市神岡區神洲里光啓路103號,1000000,1100113
7671,54115508,迪乙軒典藏藝術有限公司,臺中市龍井區新東里臺灣大道五段35之1 號1樓,5000000,1100125
7672,54115818,創毅國際科技有限公司,臺中市太平區宜欣七街27號,3000000,1100126
7675,54118575,舜溢燈飾照明有限公司,臺中市大雅區西村路12-10號,500000,1100113
7676,54120170,群將不動產經紀有限公司,臺中市南屯區五權西路二段409號1樓,1000000,1100127
7678,54121488,沅碁光電股份有限公司,臺中市南屯區豐樂里永春東路1039號1樓,50000000,1100122
7679,54121570,良實餐飲有限公司,臺中市西區吉龍里五權西二街98號1至2樓,3000000,1100106
7682,54122923,久大行銷股份有限公司,臺中市西屯區文心路三段241號17樓之5,91789700,1100105
7687,54126667,金錦銘投資股份有限公司,臺中市西區臺灣大道二段536號8樓之1,13000000,1100111
7689,54127259,榮慶精密有限公司,臺中市大里區永隆里永大街638號1樓,15680000,1100122
7691,54128068,榮恩機械鈑金有限公司,臺中市太平區中興路128巷21號1樓,1000000,1100115
7693,54129708,欣欣事業有限公司,臺中市潭子區甘蔗里勝利路330號5樓,12360000,1100104
7698,54134815,家禾傳股份有限公司,臺中市北區淡溝里臺灣大道二段360號5樓之2,8500000,1100114
7700,54134977,大居建設股份有限公司,臺中市西屯區福恩里工業區一路2巷3號6樓之7,15000000,1100128
7701,54135342,黃記鵝肉美食股份有限公司,臺中市中區大誠里大誠街43號1樓,15000000,1100107
7702,54136497,台灣羅佳科技有限公司,臺中市北區雙十路二段101號5樓之3,507660,1100106
7704,54139157,元棠開發有限公司,臺中市西屯區朝貴路66號3樓,5000000,1100121
7792,54220656,崑崙生技有限公司,臺中市西區公德里向上南路一段130號1樓,200000,1100126
7800,54226130,雲川建設有限公司,臺中市東區東門里東光園路64巷99號1樓,4000000,1100119
7803,54228799,鑫巧工程有限公司,臺中市西屯區福順路137號18樓之5,5000000,1100115
7807,54232506,君彩通訊有限公司,臺中市沙鹿區居仁里中山路393號,500000,1100112
7808,54232864,奕政有限公司,臺中市潭子區甘蔗里環中路一段189之10號,1000000,1100119
7813,54234271,上興建設有限公司,臺中市北屯區忠平里雷中街61巷10弄7號1樓,3000000,1100108
7815,54236159,悠久建築股份有限公司,臺中市北區中清路一段89號12樓之8,29000000,1100119
7818,54236860,霧世紀環保節能企業有限公司,臺中市東區進化路146之1號1樓,1000000,1100128
7819,54237283,鼎銓建設有限公司,臺中市南區長榮里國光路116號1樓,15400000,1100120
7820,54237811,聯旺開發建設股份有限公司,臺中市南屯區文山里寶山二街58號1樓,5000000,1100122
7821,54238179,太陽釀造酒廠有限公司,臺中市新社區中和街五段103號,500000,1100113
7823,54241189,聯騏技研股份有限公司,臺中市西屯區惠來里河南路三段131號3樓之13,7500000,1100118
7824,54241483,大境建設股份有限公司,臺中市西屯區潮洋里朝富三街32號1樓,135000000,1100119
7826,54243264,保星工程有限公司,臺中市潭子區福仁里大新路103號11樓,1000000,1100106
7833,54252137,中台植物種苗有限公司,臺中市東勢區中寧里公園路34號1樓,150000,1100107
7834,54252349,魅力國際股份有限公司,臺中市南區長榮里愛國街49巷2號1樓,5000000,1100114
7835,54254938,龍籐地產開發有限公司,臺中市西屯區惠來里惠文7街81號1樓,1000000,1100105
7840,54262212,川硯室內裝修設計工程有限公司,臺中市西屯區港尾里中康街130號1樓,2000000,1100112
7841,54263774,台灣達欣園有限公司,臺中市西屯區文心路二段566之1號3樓之1,1200000,1100104
7843,54267271,蜂巢生活餐飲股份有限公司,臺中市北區淡溝里臺灣大道二段360號5樓之2,160000000,1100120
7845,54268172,常富有限公司,臺中市西區忠明里華美街522號11樓之5,5000000,1100112
7865,54280730,東山日投資股份有限公司,臺中市西屯區大墩十八街99號9樓,11000000,1100126
7965,54363627,弘翔服務事業有限公司,臺中市北屯區天津路四段133號1樓,700000,1100105
7976,54379000,英屬維京群島商所羅門開發股份有限公司,臺中市南屯區大墩路315號1樓,305000000,1100112
7994,54399322,台灣大市實業有限公司,臺中市北區頂厝里進化北路238號4樓之2,3000000,1100108
7997,54501157,群峰機械有限公司,臺中市霧峰區四德南路1之13號,1000000,1100128
8050,54556906,豐瀖企業有限公司,臺中市潭子區頭家里和平路87巷6弄59號2樓,1000000,1100120
8083,54581222,凱納股份有限公司,臺中市南屯區文山里精科北路25號,155000000,1100120
8084,54584229,椿興生物科技有限公司,臺中市西區公德里大忠街66號1樓,1000000,1100120
8085,54584987,嬌水投資股份有限公司,臺中市西屯區市政南一路12號4樓之1,20000000,1100118
8086,54585803,翰雋有限公司,臺中市大雅區昌平路三段596巷22弄38號1樓,1800000,1100111
8087,54586660,席安有限公司,臺中市北區興進路94號1樓,100000,1100118
8088,54586922,偉業國際有限公司,臺中市太平區永豐路400巷2號,1000000,1100113
8090,54587979,協源生技股份有限公司,臺中市北屯區昌平路一段318號2樓,3000000,1100107
8091,54588718,博康機電有限公司,臺中市西屯區工業區五路13之1號1樓,10000000,1100108
8092,54590051,珍好康生技股份有限公司,臺中市北屯區三和里東山路一段146-22號7樓之5,10000000,1100118
8093,54590910,昊漢科技股份有限公司,臺中市大里區內新里中興路二段438之8號,6000000,1100107
8094,54592712,仲葳國際生醫有限公司,臺中市北區金龍里金龍街42之6號,500000,1100122
8095,54593698,昱勝有限公司,臺中市大肚區船頭二街86巷2弄8號1樓,300000,1100127
8096,54595231,欣德建設股份有限公司,臺中市西區忠明里美村路一段102巷10號1樓,10000000,1100115
8097,54595534,原點國際精品有限公司,臺中市北屯區舊社里松竹路二段34巷16弄23號1樓,500000,1100120
8098,54596098,高僑文化教育事業有限公司,臺中市南屯區三厝里河南路四段538號1樓,1000000,1100114
8099,54597499,豐菌生化科技股份有限公司,臺中市北屯區大德里平德路92號1樓,6000000,1100111
8101,54600874,帆星行銷有限公司,臺中市南屯區大墩路69號1樓,500000,1100118
8102,54600993,凱富實業有限公司,臺中市后里區義德里甲后路233巷42號1樓,2000000,1100120
8103,54602599,白日夢創意開發股份有限公司,臺中市太平區坪林里坪林路36之3號1樓,3000000,1100111
8104,54603400,喫茶小舖股份有限公司,臺中市西屯區青海路一段15號2樓,25000000,1100112
8105,54603936,久湛股份有限公司,臺中市南屯區新生里益豐路四段9號4樓,20000000,1100107
8106,54606981,澄澄開發有限公司,臺中市南屯區惠中里文心路一段324號11樓之1,500000,1100120
8107,54608762,裕鑫興業有限公司,臺中市大里區西湖里西湖路178巷100號,600000,1100107
8165,54657263,商積股份有限公司,臺中市西區臺灣大道二段2號18樓之5,10000000,1100128
8177,54665165,玉液科技股份有限公司,臺中市西屯區市政北七路186號12樓之9,6000000,1100114
8233,54712815,遊購科技股份有限公司,臺中市西屯區臺灣大道二段715號7樓之3,125000000,1100107
8265,54740087,立東國際建設股份有限公司,臺中市豐原區西勢里中山路273巷15號1樓,82240000,1100113
8266,54742108,滵倪亞國際企業有限公司,臺中市潭子區潭興路二段36巷83號1樓,200000,1100126
8267,54743606,達明管理顧問股份有限公司,臺中市西屯區何成里大祥街8號2樓,5000000,1100113
8269,54743985,天鼎電信股份有限公司,臺中市烏日區仁德里信義街247巷16號1樓,15000000,1100108
8270,54745800,竣榮科技有限公司,臺中市西屯區福恩里工業區一路98巷7弄70號9樓,200000,1100108
8271,54746765,泰廣興業有限公司,臺中市南屯區三厝里三和街23號3樓,500000,1100129
8272,54746857,曼城股份有限公司,臺中市大里區東湖里垂統街14號1樓,700000,1100108
8273,54747032,臻品行銷企劃有限公司,臺中市烏日區三和里高鐵五路156號9樓之5,20000000,1100105
8274,54747053,馥郁有限公司,臺中市南屯區龍富十二街13號2樓之2,300000,1100126
8275,54747146,育城國際有限公司,臺中市西屯區至善里至善路101巷16號12樓之8,3000000,1100125
8276,54747342,震國企業管理顧問有限公司,臺中市北區淡溝里館前路19號6樓之1,500000,1100125
8277,54748150,啓盛國際工程有限公司,臺中市西屯區何南里臺灣大道二段755號4樓,12000000,1100113
8278,54748264,萬群地產開發股份有限公司,臺中市南屯區永定里五權西路2段758號2樓,80000000,1100120
8279,54750211,騰駿企業有限公司,臺中市神岡區社口里民權一街96巷12號1樓,1500000,1100107
8280,54750795,昱泰能源股份有限公司,臺中市西屯區惠來里市政路386號9樓之6,50000000,1100128
8281,54751598,吉美不動產開發經紀有限公司,臺中市梧棲區南簡里中華路二段552號1樓,1000000,1100115
8282,54752463,霧森實業有限公司,臺中市西區五權一街24號,1600000,1100126
8283,54753110,能鉅科技有限公司,臺中市北區賴村里中清路一段370號8樓之2,10000000,1100114
8284,54754602,立縈工程有限公司,臺中市大雅區四德里中清路三段796號,300000,1100118
8285,54756340,桂冠運動股份有限公司,臺中市南區福平里建國北路2段30號1樓,25000000,1100125
8287,54756799,科冠有限公司,臺中市烏日區南里里溪南路三段928巷108號1樓,6000000,1100119
8288,54757328,鴻億食品有限公司,臺中市南區樹德里建國南路一段66號,3000000,1100112
8289,54759487,雷虎機電股份有限公司,臺中市西屯區協和里工業區六路7號2樓,3000000,1100104
8291,54761049,宇翔建設股份有限公司,臺中市南屯區黎明東街150號6樓,5000000,1100119
8292,54761701,季圃國際有限公司,臺中市大里區中興路二段404號1樓,6000000,1100120
8293,54762455,皇瑞石股份有限公司,臺中市北區華美街二段312號,50000000,1100118
8295,54764897,柏竣生技有限公司,臺中市太平區聖和里長龍路一段60號1樓,7000000,1100118
8296,54765349,世隆有限公司,臺中市梧棲區頂寮里四維路104號6樓之1,5000000,1100119
8297,54766305,八福健康生技股份有限公司,臺中市大里區東湖里中湖路150巷5號4樓,13000000,1100114
8298,54767352,孟格有限公司,臺中市北區賴明里天津路二段12號1樓,100000,1100118
8301,54768520,台灣費雪運動行銷有限公司,臺中市北屯區舊社里北屯路390號12樓之2,2000000,1100118
8340,54798670,三育投資股份有限公司,臺中市大肚區福山里沙田路一段428巷100號1樓,1000000,1100104
8341,54799299,昱鑫電力工程股份有限公司,臺中市西屯區何厝里四川路129號,1000000,1100105
8366,54817732,家慶建設有限公司,臺中市大里區東興路66之1號,1000000,1100108
8436,54867943,樂蔬文化有限公司,臺中市太平區宜欣路11之3號,1000000,1100105
8438,54868725,柴窯火腿製造所股份有限公司,臺中市烏日區中山路一段229巷25弄12號,10000000,1100104
8450,54882064,蓋瑞科技有限公司,臺中市西屯區何仁里寧夏路195之8號,5000000,1100125
8451,54882178,信豪商業有限公司,臺中市烏日區九德里建國路697號,5000000,1100104
8452,54883275,晉翊紡織企業有限公司,臺中市大里區溝墘里大業路241號3樓之1,2000000,1100114
8453,54883839,鴻松國際有限公司,臺中市神岡區北庄里溝心路33之1號,750000,1100126
8454,54885007,高思達科技有限公司,臺中市北區頂厝里崇德路一段629號17樓之4,250000,1100127
8456,54887862,大岳營造有限公司,臺中市北屯區舊社里松竹五路一段189號1樓,3000000,1100125
8457,54890058,桁昕股份有限公司,臺中市南屯區龍富15路25號2樓之1，二樓之2,2500000,1100113
8458,54890613,太元有限公司,臺中市外埔區二崁路588巷15弄2號1樓,2400000,1100104
8459,54890959,敦謙國際智能科技股份有限公司,臺中市西屯區西墩里黎明路三段348號6樓,142950020,1100105
8460,54891134,天心居服企業有限公司,臺中市西屯區何德里大信街60號6樓之3,5000000,1100106
8461,54892366,米亞有限公司,臺中市南屯區大墩一街241之1號,60000,1100106
8462,54892653,代代木國際精品股份有限公司,臺中市西屯區市政北七路186號18樓之1,20000000,1100106
8463,54892669,玄三通路整合股份有限公司,臺中市西屯區潮洋里黎明路二段787號,5800000,1100122
8464,54894765,英飛有限公司,臺中市北屯區三和里東光路902號3樓之4,500000,1100105
8465,54895510,九六全球移動有限公司,臺中市太平區光興路637巷41號,5000000,1100111
8466,54897860,正聯投資有限公司,臺中市西區民龍里梅川西路二段21號1樓,2000000,1100126
8467,54898050,兆沅國際有限公司,臺中市北區中清路一段416號6樓,2000000,1100111
8468,54898805,恆順設計有限公司,臺中市南屯區同心里文心路一段186號19樓之10,200000,1100104
8469,54899298,鐵味食品有限公司,臺中市北屯區平和里文心路四段229號,15000000,1100114
8470,54900181,耘聖金屬有限公司,臺中市神岡區神洲北路10巷2號1樓,5000000,1100125
8471,54900871,鑫德信不動產仲介經紀有限公司,臺中市西屯區永安里國安一路161號,2000000,1100128
8472,54901148,漢唐宇實業有限公司,臺中市西屯區潮洋里朝富路213號17樓之10,81000000,1100106
8473,54901674,品果實業股份有限公司,臺中市北屯區廍子里祥順東路一段18巷21之1號,5000000,1100111
8474,54902435,這樣設計股份有限公司,臺中市西屯區永安里安林路3之21號1樓,1000000,1100106
8475,54904617,淨節能實業有限公司,臺中市西區公平里大隆路9號1樓,10000,1100105
8476,54904638,津豪淨水設備有限公司,臺中市西區公平里大隆路9號1樓,1010000,1100104
8477,54905171,橋智自動化股份有限公司,臺中市大雅區科雅路11號,70000000,1100122
8478,54905881,德裕村行銷有限公司,臺中市北屯區軍福十三路88號1樓,2000000,1100108
8480,54907635,振宏家俱設計股份有限公司,臺中市北屯區水景里東山路一段186之1號2樓,5000000,1100105
8481,54908228,惠宇國際石材美容養護有限公司,臺中市南屯區向心路109號15樓之1,1300000,1100107
8482,54908521,鑫聯豐實業有限公司,臺中市南屯區向上南路一段167號14樓,8000000,1100115
8483,54908803,順太開發股份有限公司,臺中市南屯區龍富路四段521號4樓,2000000,1100106
8484,54909057,大垚工程有限公司,臺中市大里區現岱路19號,1000000,1100114
8485,54909649,勤訊股份有限公司,臺中市西區後龍里民權路229巷21之2號,5000000,1100106
8487,54911286,聚鴻顧問工業股份有限公司,臺中市北屯區松竹里崇德六路88號1樓,3000000,1100127
8512,54934794,翊安化成實業有限公司,臺中市西區向上北路128號3樓之1,1000000,1100129
8562,54966042,宥翔營造股份有限公司,臺中市北屯區文昌東六街111號1樓,29800000,1100111
8563,54966401,德商雅克斯運動有限公司,臺中市東區東南里自強南街6巷3號1樓,2000000,1100118
8614,54994687,英屬維京群島商勝闊股份有限公司,臺中市豐原區中正路508號2樓,5000000,1100125
8621,54997208,瑞典商蛋糕無碳排有限公司,臺中市西區民龍里英才路512號3樓,500000,1100122
8648,55636667,弘大油漆股份有限公司,臺中市豐原區北陽里綠山一街福陽巷18號,22700000,1100125
8649,55637011,易順企業股份有限公司,臺中市豐原區田心里中山路一九七號,8000000,1100112
8650,55637841,正杰企業股份有限公司,臺中市后里區墩北里月湖路79巷1號,3600000,1100106
8654,55644224,大越金屬工業股份有限公司,臺中市大雅區六寶里中清路四段590號,30000000,1100114
8666,55667817,來永實業股份有限公司,臺中市豐原區三豐路二段375巷66號,230922950,1100115
8674,55688138,勝美煤氣行有限公司,臺中市梧棲區永寧里永興路1段14號,2500000,1100128
8678,55701929,參億企業有限公司,臺中市龍井區龍崗里沙田路四段696巷6號1樓,5000000,1100106
8684,55709730,六磊實業股份有限公司,臺中市大甲區日南里經國路2542巷10弄28號,26000000,1100112
8690,55726674,依新塑膠工業股份有限公司,臺中市大肚區沙田路1段428巷100號1樓,17000000,1100125
8716,55779003,豐勢通運有限公司,臺中市南屯區寶山里工業區十八路31之1號2樓,30000000,1100118
8734,55795123,順裕實業廠股份有限公司,臺中市新社區中正里中和街5段72號,10000000,1100118
8744,55838621,國益鐵工廠股份有限公司,臺中市潭子區栗林里中山路三段305巷50弄5號,50000000,1100125
8747,55842097,台品工業股份有限公司,臺中市大雅區員林里神林路1段269號,29000000,1100128
8762,55856872,元良機械股份有限公司,臺中市大雅區四德里中清路三段819巷8號,30000000,1100112
8764,55858175,龍翊貿易有限公司,臺中市后里區墩東里中山路116號,12000000,1100104
8771,55875961,龍寶禮儀有限公司,臺中市北區光大里中清路一段100號11樓之3,500000,1100113
8772,55877948,詠基工業股份有限公司,臺中市烏日區環河路2段336號,100000000,1100120
8790,55918716,旭利紙器股份有限公司,臺中市神岡區中山路1562號,12500000,1100107
8791,55919594,劦晟特殊鑄造股份有限公司,臺中市后里區眉山里甲后路三段98號,22000000,1100128
8792,55922161,錩隆企業股份有限公司,臺中市后里區墩北里月湖路96號,5100000,1100104
8798,55934899,捷新工業股份有限公司,臺中市大里區東湖里草湖路286號,3000000,1100111
8800,55939037,集悅藝品股份有限公司,臺中市后里區墩北里民生路520號,5000000,1100106
8806,55945592,明宜工業股份有限公司,臺中市大雅區秀山十三路39號、41號,23000000,1100115
8807,55946537,健陞機電工業股份有限公司,臺中市西屯區協和里工業區十二路8號,30000000,1100121
8810,55954178,泉錩興業有限公司,臺中市大雅區西寶里雅潭路26號,5500000,1100119
8813,55957490,振通股份有限公司,臺中市豐原區水源路395巷45弄9號,5000000,1100128
8814,55958126,享昌實業有限公司,臺中市大雅區六寶里光復路11號,12500000,1100121
8816,55962347,源潤豐鑄造股份有限公司,臺中市神岡區新庄里溪頭路326號,220000000,1100106
8819,55975119,立勤鋼鐵股份有限公司,臺中市神岡區北庄里中山路1029號,178087580,1100104
8822,55981745,元穩實業股份有限公司,臺中市豐原區南嵩里水源路115巷66號,60000000,1100119
8823,55982771,伯鑫工具股份有限公司,臺中市神岡區中山路360巷28弄35號,165000000,1100104
8826,55991080,矽品精密工業股份有限公司,臺中市潭子區大豐里大豐路3段123號,33917488780,1100107
8832,56098125,鈦鈿工業股份有限公司,臺中市大甲區日南里幼獅路49號,60000000,1100115
8834,56155722,東豐麥片工業股份有限公司,臺中市大肚區王田里沙田路一段166號,369573500,1100104
8835,56255503,太原交通股份有限公司,臺中市梧棲區南簡里大智路一段698號1樓,34600000,1100104
8844,56606016,永旭眼鏡實業有限公司,臺中市大肚區沙田路132巷3弄2號1樓,880000,1100125
8857,56614640,光泰文具股份有限公司,臺中市大甲區孟春里中山路二段57號,5000000,1100113
8864,56627167,岡俊企業股份有限公司,臺中市大安區福興里興安路115號,5000000,1100113
8865,56628573,明源橡膠工業股份有限公司,臺中市梧棲區永安里向上路九段467號,75000000,1100121
8878,56651200,元駿企業股份有限公司,臺中市清水區下湳里菁埔路192號,32000000,1100104
8880,56655830,本佳興業股份有限公司,臺中市龍井區忠和里海尾路328號,12110000,1100112
8881,56657112,炫安企業股份有限公司,臺中市清水區下湳里菁埔路204號,59000000,1100125
8887,56674203,禾煦照明設計有限公司,臺中市南區樹義里文心南路747號3樓之2,799999,1100111
8894,56684639,純一塑膠製造廠股份有限公司,臺中市龍井區忠和里海尾路306巷3號,10000000,1100118
8896,56685200,啟益水電有限公司,臺中市梧棲區中華路二段353號1樓,6200000,1100125
8900,56689022,美助紡織股份有限公司,臺中市梧棲區福德里中央路二段8號,28000000,1100126
8904,56696261,協昇通運有限公司,臺中市沙鹿區南勢里鎮南路二段55巷5號,10600000,1100128
8908,56711919,達信貨運有限公司,臺中市大雅區二和里雅潭路四段576巷35號1樓,29800000,1100119
8914,56805845,申偉皮業有限公司,臺中市豐原區翁明里東北街285巷10弄27號,5000000,1100114
8922,57074213,光大能源科技有限公司,臺中市西屯區市政北七路186號15樓之6,5000000,1100128
8924,57124109,泰昌鋼鐵工廠股份有限公司,臺中市大肚區新興街48號,132000000,1100119
8925,57132234,連美綜合工業股份有限公司,臺中市大里區仁化里中興路一段418號,3000000,1100127
8926,57132516,瀚宇藤奇科技有限公司,臺中市南屯區永定里南屯路二段860巷28弄12號3樓之3,1000000,1100122
8929,57206208,僑聯食品加工廠股份有限公司,臺中市太平區中平路34號,5000000,1100106
8931,57239926,寶隆傢飾股份有限公司,臺中市烏日區三和里中山路三段246號,7000000,1100114
8932,57507611,大藝實業股份有限公司,臺中市潭子區聚興里豐興路一段256號,560000,1100105
8940,58019034,大旭實業股份有限公司,臺中市西屯區黎明路三段515號1樓,39000000,1100119
8987,59039918,明大化學製藥股份有限公司,臺中市外埔區水美里水美路52號,29000000,1100111
9063,59251002,陸和油封企業有限公司,臺中市大肚區新興里沙田路2段284巷15-5號,6500000,1100119
9101,59335087,協昌交通有限公司,臺中市沙鹿區興安里斗潭路341巷41弄6號1樓,29600000,1100108
9127,59771003,榛育志有限公司,臺中市南屯區文心路一段214號20樓之5,1000000,1100104
9128,59777105,睿頤實業有限公司,臺中市大肚區沙田路一段320巷33之11號1樓,1500000,1100121
9129,59808590,蓁鑽企業有限公司,臺中市北屯區平興里北屯路362號1樓,20000000,1100104
9130,59833319,越昇海峽有限公司,臺中市大雅區信義路115巷6號1樓,1000000,1100121
9132,59848116,逢旺投資股份有限公司,臺中市北區育德路118號13樓之2,29207500,1100108
9133,59848122,鼎晨投資股份有限公司,臺中市北區育德路118號13樓之2,29395000,1100106
9134,59848404,麒詮投資股份有限公司,臺中市北區育德路118號13樓之2,29020000,1100106
9135,60201678,錦上投資股份有限公司,臺中市北區淡溝里臺灣大道二段360號5樓之3,1000000,1100108
9136,60202992,晨陽實業有限公司,臺中市西屯區永安里安林路13之9號1樓,1000000,1100113
9137,60208721,瑞宇開發產業有限公司,臺中市西區後龍里五權路48號1樓至3樓,3000000,1100104
9141,60225003,展瑩國際科技有限公司,臺中市豐原區東湳里三豐路二段272巷245號1樓,980000,1100126
9144,60231933,明智實業有限公司,臺中市西區藍興里五權路2之192巷2號13樓之1,500000,1100108
9145,60232026,昌容貿易有限公司,臺中市潭子區頭家東里中山路一段290巷23弄7號1樓,3000000,1100105
9146,60238268,柚子文教國際有限公司,臺中市豐原區豐北街314號1樓,500000,1100126
9147,60242663,和居服務有限公司,臺中市龍井區遊園南路143巷1弄2號1樓,2500000,1100108
9148,60246844,雅園堂國際有限公司,臺中市西屯區何福里寧夏東七街11號1樓,5000000,1100107
9149,60247920,手舞足道創業投資股份有限公司,臺中市北區漢口路四段367號2樓,29500000,1100105
9150,60257335,上義貿易有限公司,臺中市西區土庫里華美街37號7樓之4,1000000,1100107
9151,60258307,展辰管理顧問有限公司,臺中市北區立人里華美街二段262號7樓之2,1000000,1100106
9153,60260182,太棠室內裝修工程有限公司,臺中市烏日區興德街18號1樓,500000,1100108
9155,60263028,品威建材有限公司,臺中市潭子區東寶里大豐路一段188之11號,200000,1100107
9156,60263723,真善美科技整合服務股份有限公司,臺中市大肚區自治路42號1樓,5000000,1100115
9157,60264194,偉邦資科股份有限公司,臺中市西屯區大石里中平路429號1樓,5000000,1100104
9158,60265736,宏家管理顧問有限公司,臺中市南區和平里南平路33號4樓,70587700,1100128
9160,60273200,昇佳設計有限公司,臺中市后里區眉山里安眉路144之1號,200000,1100111
9161,60273362,康詣國際股份有限公司,臺中市北屯區和平里松竹路一段5之1號,1700000,1100121
9163,60274720,長聖國際生技股份有限公司,臺中市大雅區科雅路30號4樓,616085000,1100114
9164,60276425,富源股份有限公司,臺中市南屯區大同里大墩七街1-1號,8100000,1100114
9165,60278248,久鼎投資控股有限公司,臺中市西屯區協和里工業區八路17號,125000000,1100112
9166,60283191,客智科技有限公司,臺中市西區忠誠里忠明南路40號10樓,500000,1100122
9167,60286492,傳羽股份有限公司,臺中市南屯區豐樂里永春東三路477號,7500000,1100119
9168,60287289,普聖再利用科技股份有限公司,臺中市梧棲區文昌路492號1樓,60310000,1100126
9169,60290279,春茂源聚股份有限公司,臺中市北區頂厝里漢口路四段367號5樓,65000000,1100113
9170,60295106,伊諾克斯國際有限公司,臺中市北屯區仁美里崇德路三段703號,2000000,1100113
9172,60297147,翌勝精密工業有限公司,臺中市太平區成功里成功路29巷22號1樓,1000000,1100104
9174,60305147,爵森席實業有限公司,臺中市豐原區南村里文村街15號6樓之3,115000000,1100106
9175,60310562,問問貸有限公司,臺中市南區忠明南路789號41樓,1500000,1100122
9176,60312512,勇銓精密工業有限公司,臺中市太平區太平里永豐路108巷12之23弄16號1樓,2000000,1100106
9177,60316720,港灣生活家有限公司,臺中市南屯區大同里向上南路一段163號5樓之17,1000000,1100120
9178,60325690,景達國際企業有限公司,臺中市南區平和里美村路二段392號1樓,2000000,1100125
9179,60329540,明逸數位有限公司,臺中市西屯區何安里重慶路99號5樓之3,168000,1100119
9180,60331980,分享生活股份有限公司,臺中市北區瑞祥街16號1樓,1000000,1100128
9181,60360400,富藏國際多媒體股份有限公司,臺中市北屯區水湳里文心路三段447號4樓,7700000,1100126
9182,60372026,幸福樹社會企業股份有限公司,臺中市西屯區何南里東興路三段315號地下1樓之1,5000000,1100114
9183,60375522,鑫奕富企業有限公司,臺中市大雅區中清路四段903巷11弄28號,10000000,1100126
9184,60377726,里埕室內裝修有限公司,臺中市北屯區和平里建和路二段239號1樓,1000000,1100106
9185,60383972,傑瑞發貿易有限公司,臺中市西屯區玉門路89號1樓,1000000,1100121
9186,60384917,泰鉅數位股份有限公司,臺中市烏日區榮泉里健行路802號4樓之5,5008000,1100125
9187,60386339,嵩富永綠源股份有限公司,臺中市神岡區社南里民生路25巷73號1樓,20000000,1100111
9188,60387082,士博精密科技有限公司,臺中市神岡區豐洲路256巷29之2號1樓,20000000,1100115
9189,60415019,中軸投資股份有限公司,臺中市西屯區惠來里市政路60號13樓之2,11000000,1100114
9190,60429105,寶馬車權中古汽車有限公司,臺中市北屯區松強里松竹路二段346巷22號7樓之1,200000,1100120
9191,60470005,兆眾有限公司,臺中市大里區塗城路429號1樓,1000000,1100114
9192,60480019,志威實業有限公司,臺中市北屯區崇德路二段490號,600000,1100114
9193,60596010,竣達國際企業有限公司,臺中市北屯區崇德路二段128號8樓之3,10000000,1100115
9194,60615207,上恩永業有限公司,臺中市西區民龍里英才路530號16樓之3,5000000,1100104
9195,60641802,柏森精密有限公司,臺中市太平區光華里大興十九街15號1樓,500000,1100125
9196,61026208,友冠資訊科技有限公司,臺中市南區工學一街167巷16號1樓,1000000,1100104
9197,61095534,長頸鹿整合行銷有限公司,臺中市北區賴村里中清路一段370號6樓,5000000,1100104
9198,61115601,永恆天詩企業有限公司,臺中市神岡區三角里大富路148號1樓,10000000,1100107
9199,61118403,若蘭建設有限公司,臺中市西區吉龍里五權三街241號5樓,16600000,1100104
9200,61144134,創利開發股份有限公司,臺中市南區忠明南路758號14樓,9000000,1100105
9201,61229978,台灣百獅股份有限公司,臺中市北區健行里中清路一段369號11樓之2,18000000,1100108
9202,61258419,千旺益科技股份有限公司,臺中市龍井區龍泉里龍社一街11號1樓,1000000,1100113
9203,61371209,利寶事業有限公司,臺中市太平區中山里中山路二段477巷116弄29號1樓,550000,1100113
9205,61510602,吉英冠皇生技股份有限公司,臺中市沙鹿區鹿峰里星河路100巷14號,500000,1100113
9206,61753115,遠騰建設開發有限公司,臺中市潭子區栗林里6鄰民生街26號,16000000,1100115
9207,61757668,威達病媒防治有限公司,臺中市清水區民有路125巷28號1樓,100000,1100111
9209,61770281,欣旺達建設股份有限公司,臺中市西屯區何源里漢成七街33號,900000,1100115
9210,61770803,巨祿食品有限公司,臺中市太平區宜佳里溪洲西路143巷50號,50000,1100118
9211,61786376,創源電力股份有限公司,臺中市南屯區永定里龍富十五路25號2樓之1，2樓之2,6000000,1100108
9212,61787810,商旺興業股份有限公司,臺中市神岡區神洲里堤南路35號2樓,24000000,1100106
9213,61788445,普羅興業有限公司,臺中市大雅區六寶里中清路四段602號1樓,20400000,1100122
9214,61793643,我們有故事文創國際股份有限公司,臺中市西屯區西平里福星路228號1樓,18455000,1100120
9215,61797280,昶沛包裝有限公司,臺中市北區建成里東成三街422號,5000000,1100104
9216,61811157,建賢水產有限公司,臺中市西屯區永安里西屯路三段166之98號9樓之2,5000000,1100119
9217,61824955,璞御建築有限公司,臺中市南屯區文心路一段378號15樓之8,3000000,1100104
9218,61827030,紳暘實業有限公司,臺中市大甲區孟春里慈德路167號,1680000,1100113
9219,61833552,艾浩思智慧宅物聯網顧問股份有限公司,臺中市西屯區惠來里府會園道179號3樓,2900000,1100119
9220,61834187,提多開發股份有限公司,臺中市北區淡溝里臺灣大道二段340號9樓之1,12000000,1100108
9221,61835926,倢盛報關股份有限公司,臺中市北區健行里忠明路200號12樓,5000000,1100104
9222,61836994,大有地產開發股份有限公司,臺中市西屯區惠來里市政北七路186號25樓,210000000,1100108
9223,61837620,一井有限公司,臺中市西區梅川西路一段67號1樓,11100000,1100119
9224,61840358,盛信國際有限公司,臺中市南區永和里南和二街1號10樓之1,2000000,1100120
9225,61848062,元統國際股份有限公司,臺中市西區臺灣大道二段285號22樓之2,11750000,1100118
9226,61852558,富啟投資有限公司,臺中市霧峰區本堂里蘭生街63號1樓,15000000,1100104
9228,61857049,品優工業有限公司,臺中市太平區光興路699巷120號,1000000,1100111
9229,61860889,福美施機械有限公司,臺中市西區臺灣大道二段307號6樓之1,3000000,1100105
9230,61862227,睿峰興業有限公司,臺中市西屯區潮洋里市政北二路282號32樓,15000000,1100108
9231,61863204,昆竑科技有限公司,臺中市南屯區寶山二街117號1樓,1000000,1100113
9233,61869489,雄蜂能源科技有限公司,臺中市清水區吳厝里吳厝路198巷68號1樓,1000000,1100122
9234,61876192,和澄開發有限公司,臺中市南屯區文心里文心路一段260號17樓之1,1000000,1100115
9235,61900138,東菱精密減速機有限公司,臺中市潭子區潭北里人和路37巷34號1樓,2000000,1100112
9236,61902277,台中輪胎館股份有限公司,臺中市西屯區福林里福科路400號,15000000,1100114
9237,61904253,台灣巢金股份有限公司,臺中市北區梅川西路三段2號1樓,12000000,1100118
9238,61904789,守宇實業有限公司,臺中市太平區新坪里育德路26巷6號,100000,1100111
9239,61914554,泰田國際有限公司,臺中市太平區育賢路138號五樓,1000000,1100111
9241,61924498,娜伊瑪出版有限公司,臺中市烏日區榮泉里環河路五段250號8樓之5,100000,1100118
9243,61925285,宥鑫精密科技有限公司,臺中市西屯區何南里大墩20街99號5樓,1000000,1100119
9244,61934257,欣享國際企業有限公司,臺中市大里區瑞城里中興路一段2巷81弄111號,2000000,1100105
9245,61934947,晟筠有限公司,臺中市后里區后里里三豐路四段129巷59號1樓,500000,1100105
9246,61937825,日瀠投資股份有限公司,臺中市北區賴福里大德街249巷7號3樓,146325000,1100104
9247,61942550,樺揚展業有限公司,臺中市西屯區上安里河南路二段492號,1000000,1100108
9248,61942664,宥國有限公司,臺中市大里區新里里愛心三街20號1樓,100000,1100118
9249,61943024,宥仁有限公司,臺中市大里區新里里愛心三街20號1樓,100000,1100119
9250,61943170,親加投資股份有限公司,臺中市西屯區惠來里市政北七路186號16樓,5000000,1100114
9251,61944086,林富清實業有限公司,臺中市龍井區忠和里海尾路278巷53號1樓,15000000,1100125
9252,61944728,昇輝室內裝修設計有限公司,臺中市烏日區北里里溪南路二段696巷20號1樓,5000000,1100106
9253,61945085,諾克威博股份有限公司,臺中市北屯區文心路四段955號10樓之1,5000000,1100118
9254,61946388,豐光潔能有限公司,臺中市北區梅川里梅川東路三段15號1樓,5000000,1100112
9255,61949929,京言科技有限公司,臺中市北屯區柳陽西街2巷22號1樓,2000000,1100104
9256,61949961,立德寰宇股份有限公司,臺中市西屯區天水東街35號5樓,5000000,1100107
9257,61950278,泓成投資股份有限公司,臺中市沙鹿區自強路175巷110弄11號3樓,20000000,1100112
9258,61950592,仁富建設股份有限公司,臺中市西屯區何源里漢成七街33號,2000000,1100108
9259,61952640,欣彰國際物流有限公司,臺中市豐原區豐田里豐原大道三段239巷71之3號1樓,1500000,1100127
9261,62030320,博揚企劃有限公司,臺中市西區五權西路一段237號9樓之3,500000,1100111
9262,62072910,華森工程有限公司,臺中市大雅區上雅里雅環路二段64巷25號1樓,1000000,1100128
9263,62158607,依芮有限公司,臺中市北屯區樹孝路698號5樓之2,4500000,1100115
9265,62211407,卡樂雞有限公司,臺中市西屯區上安路123號13樓之3,4000000,1100104
9266,62251239,小鹿媽媽有限公司,臺中市西屯區河南路三段169號6樓之5,500000,1100114
9267,62501074,興邑投資有限公司,臺中市南屯區河南路四段350巷3號,25000000,1100120
9268,62508013,德特資產管理有限公司,臺中市南屯區田心里大墩六街335號16樓之2,5000000,1100120
9270,62584406,福嚕有限公司,臺中市北屯區太和二街26號2樓,297500,1100118
9271,62610018,瑞喬國際有限公司,臺中市西屯區潮洋里朝富路213號19樓之2,3500000,1100111
9273,63024233,庚辰國際有限公司,臺中市清水區靈泉里鎮南街2之2號,1200000,1100113
9274,63024830,佑昌汽車電機有限公司,臺中市大里區大明里東興路92巷28號1樓,200000,1100118
9275,63044202,冠宥投資有限公司,臺中市北屯區松強里松竹路二段206號10樓,1800000,1100129
9276,63051792,志傑科技股份有限公司,臺中市豐原區北陽里豐東路221號1樓,1000000,1100128
9277,63125605,奕峯多媒體國際行銷有限公司,臺中市東區自由路四段372號1樓,3000000,1100119
9278,63126858,優意思股份有限公司,臺中市西屯區潮洋里市政北二路282號15樓之6,1000000,1100120
9279,63179735,啟豐益營造股份有限公司,臺中市太平區東和里中和街457巷48弄2號3樓之1,6000000,1100105
9280,63196707,家肯創合投資股份有限公司,臺中市西屯區協和里工業區一路98之130號4樓之2,4000000,1100119
9281,63304494,台灣知日商流股份有限公司,臺中市西屯區府會園道169號1、2樓,45000000,1100112
9282,63332800,品皇投資股份有限公司,臺中市西屯區惠來里市政南一路10號5樓之2,20814040,1100118
9283,63363606,群鑫油品股份有限公司,臺中市北屯區文心路四段750號地下室之一與752號地下室,2000000,1100120
9285,63396803,長安世紀有限公司,臺中市北屯區仁美里長生巷23之17號,5000000,1100129
9286,63400617,浩瑞實業有限公司,臺中市西屯區府會園道179號3樓,2000000,1100104
9287,63618208,精華能源股份有限公司,臺中市西屯區寧夏東二街14號,98529740,1100120
9288,63642609,欣萬鑫工業有限公司,臺中市大里區塗城里塗城路109巷20號1樓,1200000,1100104
9289,63654604,岳揚智控股份有限公司,臺中市大里區東湖里科技路1號8樓之1,27000000,1100112
9290,63747104,隆坦投資有限公司,臺中市西屯區朝富路213號34樓,29000000,1100108
9291,63774501,自己做國際有限公司,臺中市西屯區文心路二段598號11樓,4000000,1100125
9292,63801541,卓健智慧生態股份有限公司,臺中市西屯區市政路386號11樓之6,6000000,1100115
9293,63872279,創磁微測股份有限公司,臺中市西屯區福安里福順路126號,14000000,1100128
9294,63892606,崴群投資股份有限公司,臺中市南屯區干城街328號4樓之1,10000000,1100120
9296,64162705,龍耀國際物流有限公司,臺中市豐原區翁子里豐勢路二段290巷50弄86號2樓,6500000,1100120
9297,64188901,昰暟能源有限公司,臺中市北區建成里東光路306號1樓,10000000,1100104
9298,64273202,路易斯國際顧問有限公司,臺中市沙鹿區自強路545巷35弄58號1樓,6000000,1100106
9318,64879829,捷睿企業管理顧問有限公司,臺中市西屯區臺灣大道四段771號10樓,3000000,1100118
9447,66575322,鮮籃國際行銷股份有限公司,臺中市東區東門里東福路92號9樓,2620000,1100126
9525,68392209,上申有限公司,臺中市中區自由路二段58號2樓,500000,1100126
9550,69063036,千翔國際有限公司,臺中市潭子區潭陽路30巷8號,1000000,1100106
9626,69587548,沛進國際有限公司,臺中市大雅區橫山里中山路123號,5000000,1100118
9755,70420363,甲頂混凝土有限公司,臺中市南屯區惠中里文心路一段378號26樓之5,50000000,1100113
9804,70510982,信毅加油站股份有限公司,臺中市北屯區軍功路二段168、170號1樓,32000000,1100118
9806,70518817,裕展國際股份有限公司,臺中市大肚區新興里沙田路二段2巷26號2樓,10000000,1100105
9846,70598966,采威國際資訊股份有限公司,臺中市南屯區公益路二段51號24樓,195000000,1100108
9854,70611264,玉峰美術印刷股份有限公司,臺中市烏日區前竹里中山路一段229巷22弄3號1樓,35000000,1100115
9862,70633197,泰鑫工程股份有限公司,臺中市大里區立仁里好來六街153號1樓,1000000,1100128
9865,70633886,信浦企業有限公司,臺中市大里區永明路170號1樓,1000000,1100106
9871,70647919,台灣精銳科技股份有限公司,臺中市西屯區科園三路10號,729283510,1100114
9872,70649347,淞元科技有限公司,臺中市北屯區后庄七街175號1樓,5000000,1100118
9876,70664466,孟清企業有限公司,臺中市南區南和一街23巷17號1樓,500000,1100104
9880,70675457,川松營造有限公司,臺中市北區頂厝里崇德路一段503巷58號2樓,29000000,1100112
9883,70677758,榮本企業股份有限公司,臺中市大里區工業9路138號1樓,5000000,1100106
9884,70678742,維多利亞營造有限公司,臺中市北區太原北路86號1樓,10000000,1100115
9885,70680368,維克多力有限公司,臺中市北區錦祥里育樂街58號16樓之2,500000,1100121
9888,70682674,大龍棧餐飲事業股份有限公司,臺中市神岡區新庄里溪頭路169號,50000000,1100114
9899,70708746,雙餘實業股份有限公司,臺中市北屯區平安里文心路四段696號18樓之1,25000000,1100122
9904,70719928,致遠投資股份有限公司,臺中市西屯區工業區五路13號1樓,50000000,1100126
9905,70719949,嘉晉投資股份有限公司,臺中市西屯區工業區五路13號1樓,170000000,1100122
9907,70726152,博洲企業有限公司,臺中市梧棲區頂寮里港埠路二段459巷30號,5000000,1100108
9910,70730275,好創意有限公司,臺中市太平區中平路188之1號1樓,3900000,1100114
9919,70742884,僑林投資股份有限公司,臺中市西屯區臺灣大道三段33號,28000000,1100106
9932,70775250,富吉特半導體股份有限公司,臺中市潭子區潭秀里南二路28號之3,217036880,1100126
10031,79950497,榮賓汽車有限公司,臺中市大甲區太白里通天路120之3號1樓,1000000,1100105
10034,79953797,瑞興實業有限公司,臺中市豐原區圓環南路96巷24號,80000000,1100125
10042,79968314,業信企業股份有限公司,臺中市梧棲區大智路二段179號1樓,50000000,1100104
10043,79969003,新亞羅國際有限公司,臺中市北區忠明路211號4樓之5,1500000,1100105
10046,79972393,群騰精機股份有限公司,臺中市大里區西湖里草湖路315號1樓,10000000,1100107
10059,79990245,家宇營造有限公司,臺中市南區長榮里愛國街47號5樓,6000000,1100108
10061,79991477,富園電機有限公司,臺中市大里區東昇里新仁路二段131巷4號1樓,500000,1100113
10063,79998149,揚泰瀝青股份有限公司,臺中市梧棲區港埠路一段229號,6000000,1100121
10070,80015238,聖億通訊有限公司,臺中市后里區后里里甲后路一段556號,1000000,1100127
10074,80037084,柏杰百貨有限公司,臺中市大甲區孟春里中山路二段7之5號,3000000,1100127
10079,80042571,丸峰工業有限公司,臺中市太平區德隆里華安街100巷8號1樓,5000000,1100105
10083,80046437,三源興股份有限公司,臺中市大里區仁化工二路135號,82500000,1100115
10085,80047891,德鎧營造有限公司,臺中市西區五權五街151號9樓之1,3600000,1100115
10088,80052177,來發貿易有限公司,臺中市豐原區社皮里中正路512號1樓,2000000,1100112
10097,80064390,清水金龍汽車有限公司,臺中市清水區下湳里中山路523之6號,500000,1100125
10112,80081932,建成環球有限公司,臺中市清水區橋頭里五權路43號,4500000,1100126
10118,80086887,源協興企業有限公司,臺中市太平區德隆里德興街91號1樓,5000000,1100122
10130,80120484,禹埕有限公司,臺中市大雅區上雅里雅環路二段2巷37號1樓,28000000,1100125
10133,80122878,俐豪企業有限公司,臺中市西區忠明南路270號15樓之1,1000000,1100113
10138,80139218,格瑞特文教股份有限公司,臺中市南屯區向心南路981巷36號1樓,29000000,1100107
10154,80171770,松旺工業有限公司,臺中市北區頂厝里進化北路238號10樓之3,2000000,1100118
10181,80207910,禾采醫療器械有限公司,臺中市外埔區三崁里二崁路19號1樓,5000000,1100118
10186,80212998,智勝科技股份有限公司,臺中市西屯區協和里工業區9路12號,208476510,1100119
10188,80218557,允將建設股份有限公司,臺中市西屯區市政北七路186號25樓,880000000,1100106
10190,80222145,昱詮興企業有限公司,臺中市南屯區文心南三路537號6樓,4000000,1100120
10198,80233467,天地輪貿易有限公司,臺中市烏日區光明里五光路復光一巷52號,1000000,1100113
10204,80243606,鳳凰貿易有限公司,臺中市西區大全街96-1號1樓,6000000,1100106
10205,80244210,富豪金世界有限公司,臺中市西屯區惠來里河南路三段109號1樓之1之2之3、2樓之1之2之3,1000000,1100126
10206,80245560,安美潔有限公司,臺中市南屯區文昌街227巷62號1樓,5000000,1100113
10225,80278029,泉益投資股份有限公司,臺中市西屯區潮洋里市政北二路282號29樓,20000000,1100107
10241,80311527,當代整合行銷股份有限公司,臺中市西屯區何南里臺灣大道二段659號9樓,3000000,1100111
10244,80312878,華勝自動化有限公司,臺中市豐原區社皮里豐原大道一段428巷22弄90號,29000000,1100104
10247,80321102,豐裕加油站有限公司,臺中市后里區公館里三豐路五段131號,1000000,1100108
10292,80404742,馥安酆科技股份有限公司,臺中市北區學士路257號14樓,6000000,1100106
10297,80416183,敬翊興業有限公司,臺中市神岡區中山路667巷36號之1,2000000,1100120
10303,80432374,寶麗金休閒事業股份有限公司,臺中市北屯區水景里軍仁街68號2樓之12,120000000,1100112
10309,80440894,哈密瓜旅館股份有限公司,臺中市中區臺灣大道一段19號6樓、7樓、8樓、9樓、10樓、11樓、12樓,19700000,1100118
10313,80447783,明田國際有限公司,臺中市西屯區至善里臺灣大道三段660號2樓,5000000,1100128
10316,80449728,吉百佳有限公司,臺中市西屯區永安里6鄰永安一巷34之1號,2500000,1100125
10318,80458140,玄皇實業有限公司,臺中市龍井區田中里龍北路297號2樓,2000000,1100118
10320,80460173,詠吉精密刀具有限公司,臺中市烏日區學田里學田路便行巷32弄16號1樓,19800000,1100121
10321,80460321,利佳精密科技股份有限公司,臺中市南屯區工業區21路17號2樓,58000000,1100120
10322,80461406,岩之源生命科技股份有限公司,臺中市西屯區逢福里河南路二段262號9樓之8,10000000,1100114
10324,80462263,潔承有限公司,臺中市西區公民里忠勤街58號1樓,5000000,1100120
10328,80468978,展誠實業有限公司,臺中市沙鹿區鹿寮里中山路537之1號1樓,2000000,1100121
10329,80469569,暢達有限公司,臺中市龍井區龍崗里沙田路4段654號2樓,5000000,1100107
10336,80482330,鋒穎電子商務股份有限公司,臺中市大里區永隆里東榮路576號1樓,8900000,1100104
10357,80522115,宏合精研股份有限公司,臺中市大肚區沙田路三段245巷81之36號,20000000,1100128
10406,80574675,亞洲僆企業管理顧問有限公司,臺中市西區公民里五廊街41號3樓之5,500000,1100113
10407,80577645,拓誠國際開發實業有限公司,臺中市西屯區惠來里青海路二段130號3樓,25000000,1100111
10408,80578449,瑞柏盛企業有限公司,臺中市南屯區新生里益豐路四段9號3樓之2,20000000,1100107
10409,80579073,日霸國際有限公司,臺中市北區青島路1段2號11樓之1,1500000,1100127
10416,80590099,軍讚科技有限公司,臺中市大肚區沙田路二段132巷65號,50000000,1100125
10417,80590540,雷德商訊股份有限公司,臺中市西區忠誠里大隆路20號13樓-8,10000000,1100114
10418,80591175,丞泰實業有限公司,臺中市豐原區北陽里圓環東路678號,2000000,1100128
10422,80595974,豐田起重有限公司,臺中市豐原區社皮里一心路191巷3號1樓,600000,1100112
10424,80597635,新育才事業有限公司,臺中市西區康樂街21號1樓,1200000,1100127
10426,80607541,大安開發企業股份有限公司,臺中市南區福順里忠明南路789號42樓,150000000,1100122
10431,80620740,敦祥建設股份有限公司,臺中市北屯區松和街137巷18號1樓,29000000,1100105
10435,80630304,力鋒工業股份有限公司,臺中市豐原區翁社里豐年路102號,1000000,1100104
10436,80632915,三唯實業有限公司,臺中市大雅區文雅里中山北路533號5樓,5000000,1100113
10442,80640788,金昌隆投資有限公司,臺中市南屯區大聖街338號1樓,23000000,1100128
10476,80697536,高盛運通有限公司,臺中市北區梅川里梅川西路四段147之2號12樓之1,2000000,1100121
10483,80705368,采庭建設有限公司,臺中市西屯區林厝里安林路77之9號1樓,30000000,1100118
10484,80707056,禾御室內裝修設計工程有限公司,臺中市西屯區臺灣大道三段32號7樓,1000000,1100121
10492,80720017,原凱服飾有限公司,臺中市南屯區豐樂里永春東路851號1樓,2300000,1100113
10501,80731078,鴻光科技實業有限公司,臺中市太平區永成里永成北路184號1樓,3000000,1100108
10507,80740127,愛倍多國際股份有限公司,臺中市北屯區軍福十一路515號1樓,12000000,1100121
10535,82764047,輝丸有限公司,臺中市中區柳川西路三段19號1樓、4樓至12樓,2500000,1100125
10536,82764861,聯創一能源股份有限公司,臺中市后里區永興路17之37號1樓,5000000,1100119
10537,82765117,貴築房屋開發有限公司,臺中市西屯區華美西街二段481號1樓,50000,1100106
10538,82765340,傑尼爾國際股份有限公司,臺中市南區福田二街268巷107號3樓,6000000,1100108
10539,82766299,玩鉐科技股份有限公司,臺中市西屯區市政北二路282號15樓之2、15樓之3,17000000,1100125
10540,82766642,緁揚國際有限公司,臺中市西屯區何成里大洲街107巷3號,100000,1100125
10542,82771498,天華國際生技股份有限公司,臺中市北屯區平和里文心路四段141之3號,30000000,1100125
10543,82772497,日升昌制輪貿易有限公司,臺中市烏日區光明里五光路復光一巷52號,1000000,1100113
10548,82776249,弋虎國際股份有限公司,臺中市梧棲區永興路二段336巷98號2樓,595468300,1100113
10549,82776331,寶鑫地產股份有限公司,臺中市西屯區惠來里市政路500號26樓之5,15000000,1100106
10550,82776634,多加股份有限公司,臺中市南屯區文心路一段186號19樓之5,7000000,1100118
10553,82776917,翬動整合行銷有限公司,臺中市南屯區南屯里河南路四段706號7樓,300000,1100115
10554,82777394,昇頫有限公司,臺中市新社區中和街三段12號1樓,500000,1100128
10555,82778181,彩虹玩具有限公司,臺中市西區中興里公益路132號5樓,6000000,1100104
10561,82782729,豐沛家國際有限公司,臺中市西屯區惠來里市政北一路359號6樓,700000,1100111
10562,82783163,新觀建設有限公司,臺中市北區榮華街156號1樓,10800000,1100118
10563,82783184,小農好富股份有限公司,臺中市沙鹿區斗抵里太平路22之1號1樓,1800000,1100104
10564,82783255,珂汎國際有限公司,臺中市西屯區何成里大隆路167號6樓之2,5000000,1100118
10565,82783298,醫八五股份有限公司,臺中市大雅區二和里雅潭路四段600巷55弄8號,10000000,1100125
10566,82784162,東升實業有限公司,臺中市霧峰區五福路278-13號5樓,100000,1100111
10567,82784249,合敘企業有限公司,臺中市南屯區同心里文心路一段186號18樓之9,2600000,1100125
10568,82784640,梅比斯運動事業有限公司,臺中市西區廣民里四維街60號1樓,5000000,1100107
10569,82785325,泰賀國際股份有限公司,臺中市清水區橋頭里五權路51號1樓之5,15000000,1100113
10570,82785423,安格斯室內裝潢工程有限公司,臺中市北區金華里雙十路二段42號之1,7000000,1100125
10571,82785964,精靈精密科技有限公司,臺中市外埔區大同里后寮路10-2號1樓,11000000,1100108
10572,82786099,智趣工作坊有限公司,臺中市西屯區逢福里逢甲路19巷19之15號,6000000,1100127
10573,82786598,尚益文創產業股份有限公司,臺中市西屯區協和里順和九街117號1樓,29000000,1100106
10574,82786859,迪克斯有限公司,臺中市外埔區六分路205巷11弄28號1樓,180000,1100127
10582,82789820,達新企業有限公司,臺中市豐原區豐田里田心路二段267巷1弄3號1樓,150000,1100118
10583,82790170,華生事業有限公司,臺中市西區民龍里臺灣大道二段285號22樓之6,400000,1100113
10584,82790559,萬室新室內裝修設計有限公司,臺中市烏日區九德里中華路429號1樓,1000000,1100115
10585,82790636,晴灣有限公司,臺中市西屯區何厝里何厝東二街23號9樓之3,6000000,1100111
10586,82791044,鈗聯有限公司,臺中市南屯區惠中里公益路二段101號10樓之3,5000000,1100108
10587,82791086,二川行旅文創事業有限公司,臺中市南區長春里復興路3段372號,10000000,1100120
10588,82791305,楓和國際行銷有限公司,臺中市南屯區文心路一段218號23樓之1,500000,1100128
10589,82791760,頂騰創新服務有限公司,臺中市大里區東湖里中興路一段159之1號3樓,1000000,1100125
10592,82795597,小劇人有限公司,臺中市西屯區文心路二段598號11樓,2000000,1100127
10593,82795718,永乾建設股份有限公司,臺中市西區三民西路83之3號,23000000,1100105
10616,82803560,珍愛家事管理顧問有限公司,臺中市西區博館二街100號1樓,100000,1100107
10617,82803772,先鋒環資科技股份有限公司,臺中市豐原區南村里豐東路362號2樓,28914280,1100125
10618,82803822,豐宏貿易有限公司,臺中市神岡區中平路385巷2弄1號1樓,5000000,1100107
10619,82803864,明日川有限公司,臺中市豐原區西安里西勢路190巷32弄5號,5300000,1100125
10620,82804420,百富寶有限公司,臺中市南屯區溝墘里大業路241號3樓之1,1000000,1100108
10621,82804483,詠得匯國際貿易有限公司,臺中市潭子區復興路一段75巷5號1樓,2000000,1100128
10622,82805075,頑石國際開發股份有限公司,臺中市西屯區文心路二段598號11樓,5000000,1100121
10623,82805259,永淳資產管理有限公司,臺中市西區大全街89巷5號1樓,9400000,1100118
10624,82805814,晴冬花藝有限公司,臺中市西區金山路18之5號,1000000,1100113
10625,82806139,君瀚實業有限公司,臺中市南屯區向心路109號23樓之3,5200000,1100106
10626,82806150,津琉科技有限公司,臺中市南屯區大誠里五權西路二段131號12樓之2,5100000,1100115
10627,82806258,電全通工業股份有限公司,臺中市南屯區寶山里工業區二十一路26號,40000000,1100118
10642,82810794,帝叡國際開發有限公司,臺中市南屯區惠中里向上路二段129號1樓,112880000,1100121
10660,82818846,火彩虹有限公司,臺中市西屯區臺灣大道三段677號,6000000,1100122
10661,82819492,芳諦雅資本投資股份有限公司,臺中市西屯區潮洋里市政北二路282號5樓之11,29000000,1100112
10662,82819681,密斯特五金有限公司,臺中市西屯區上安里上明一街56號2樓,6000000,1100119
10663,82820202,春善藝美景觀有限公司,臺中市北屯區東山路一225之16巷6之9號,1000000,1100128
10664,82821167,突破資訊有限公司,臺中市西屯區西平里漢翔路109號2樓,500000,1100122
10669,82824609,凱晟營造股份有限公司,臺中市北屯區柳陽東街66號,12000000,1100108
10670,82824869,太陽城娛樂餐飲有限公司,臺中市中區市府路152號,100000,1100112
10671,82824925,景紅食品科技有限公司,臺中市西屯區協和里工業區三十八路195號,10000000,1100104
10672,82825446,總太工程顧問有限公司,臺中市沙鹿區三鹿里向上路七段5號2樓,1000000,1100107
10673,82825467,月光國際企業有限公司,臺中市北區淡溝里民權路406之3號,500000,1100125
10674,82825754,佑駿實業有限公司,臺中市潭子區潭陽里福潭路550巷22弄7號1樓,1000000,1100104
10675,82825939,標玲美食有限公司,臺中市南屯區大墩路860號1樓,6000000,1100107
10683,82830102,成功織築股份有限公司,臺中市北區六合里成功路416號1樓,8000000,1100111
10684,82830341,遠見房屋股份有限公司,臺中市西屯區福星路202號2樓,3000000,1100127
10685,82830638,互動投資股份有限公司,臺中市大里區國光里益民路二段181巷26弄5號1樓,18800000,1100108
10686,82831741,晨詮機電工程股份有限公司,臺中市西區自治街192號,50000000,1100112
10687,82831995,昭禾建設開發股份有限公司,臺中市南屯區大誠里五權西路二段131號9樓之3,55000000,1100107
10707,82839764,酷碼資訊有限公司,臺中市西屯區潮洋里市政北二路282號6樓之9,5000000,1100111
10708,82840087,翃宇工業有限公司,臺中市神岡區社南里民生路120號,2600000,1100127
10709,82841488,京東企業有限公司,臺中市潭子區東寶里大豐路二段100巷27號1樓,350000,1100126
10710,82842281,昊昇管理顧問有限公司,臺中市東區進德路126號1樓,1000000,1100119
10721,82846049,站前雅築股份有限公司,臺中市中區公園里自由路二段35巷5號,10000000,1100104
10738,82858255,台灣顧寶有限公司,臺中市西屯區何厝里何厝東二街23號4樓之3,1000000,1100129
10739,82858327,亞圖文創股份有限公司,臺中市南屯區干城街328號4樓之1,29000000,1100115
10741,82860365,萬象門開發工程有限公司,臺中市豐原區社皮里大豐路五段186巷66號1樓,500000,1100115
10742,82861104,寶美國際有限公司,臺中市太平區中政里永豐北路108號8樓,1000000,1100106
10743,82861293,寰儒科技有限公司,臺中市大雅區員林里大林路319之1號,10000000,1100111
10744,82861890,真欣人品牌開發有限公司,臺中市西屯區大安街23號1樓,500000,1100105
10751,82864469,雋邦國際光電有限公司,臺中市大里區祥興里中興路二段822巷1之1、1號,2140000,1100115
10774,82873404,淘富實業有限公司,臺中市南屯區向心路109號9樓之5,100000,1100118
10775,82873559,超紅國際股份有限公司,臺中市西區中興里中興街132號,9000000,1100118
10776,82873869,陸陸陸有限公司,臺中市西區大隆路20號14樓之6,200000,1100127
10777,82874121,天英能源股份有限公司,臺中市西區和龍里臺灣大道一段726號3樓之1,25000000,1100115
10778,82874142,天柱能源股份有限公司,臺中市西屯區何成里台灣大道二段833巷13號,9000000,1100114
10779,82874847,安研國際實業有限公司,臺中市西屯區天水西一街9號1樓,3000000,1100125
10804,82885008,真程人生事業股份有限公司,臺中市南屯區永春路12之9號5樓,500000,1100126
10824,82892697,嘉品建設股份有限公司,臺中市外埔區鐵山里長生路58之6號,10000000,1100106
10825,82892726,瑞德仕科技股份有限公司,臺中市大雅區中清路三段819巷13號及15號,15000000,1100111
10826,82892845,郡升環境生態有限公司,臺中市大里區永隆里大明路448號9樓之5,1000000,1100104
10827,82893598,金仕曼事業有限公司,臺中市東區新庄里復興路四段60之1號,100000,1100119
10828,82893611,鉅昇國際實業股份有限公司,臺中市北屯區廍子里廍子路275號2樓,3000000,1100106
10829,82894061,宥蒼有限公司,臺中市大雅區文雅里中和二路63號1樓,200000,1100122
10830,82894175,聖創科技有限公司,臺中市大肚區成功里文昌路三段1巷151號1樓,5000000,1100121
10831,82894203,逢源理髮國際有限公司,臺中市北區淡溝里博館東街29號1樓,500000,1100125
10855,82904933,陸田有限公司,臺中市南屯區大同里精誠路440號5樓,100000,1100112
10870,82914334,若森科技股份有限公司,臺中市南屯區永春路11之9號2樓,58930000,1100113
10871,82914714,賣聰企劃有限公司,臺中市西區五權西路一段237號9樓之3,500000,1100105
10872,82914756,優謀企劃有限公司,臺中市西區五權西路一段237號9樓之3,500000,1100112
10873,82915137,虹碩國際有限公司,臺中市西屯區福雅里西屯路三段153號1樓,200000,1100122
10911,82929786,岑芯企業有限公司,臺中市南區工學里155巷16號8樓之2,500000,1100128
10913,82930067,字第投資股份有限公司,臺中市西區忠誠里臺灣大道二段536號4樓之3,25980000,1100107
10914,82930221,露霸國際有限公司,臺中市北屯區和平里松竹路一段2之8號,100000,1100125
10915,82931191,銀河設計股份有限公司,臺中市東區和平街119之3號5樓之1,300000,1100106
10973,82951750,佳輝小客車租賃有限公司,臺中市后里區雲頭路42之9巷13號1樓,5000000,1100115
10988,82956024,此木有限公司,臺中市北屯區文心路三段447號4樓,2000000,1100118
11003,82963377,英棠股份有限公司,臺中市大甲區文武里信義路290號1樓,6000000,1100113
11015,82968871,金富盛有限公司,臺中市北屯區平昌里天津路四段274之3號,100000,1100125
11016,82968963,你好電商有限公司,臺中市南區江川里五權南路264巷6號,3000000,1100121
11017,82969105,安曜有限公司,臺中市西區公益路161號14樓之3,8000000,1100114
11018,83042646,豪生機電有限公司,臺中市龍井區沙田路五段352號1樓,150000,1100114
11019,83043048,鑫泓投資股份有限公司,臺中市北區陜西路35號1樓,14608000,1100112
11020,83043075,昰暟控股有限公司,臺中市北區東光路306號2樓,137373123,1100108
11021,83043949,瑞謙整合行銷有限公司,臺中市北屯區松山街68號1樓,1000000,1100107
11022,83044503,碩揚投資有限公司,臺中市西屯區市政路60號16樓之2,64200000,1100107
11090,83063661,艾福比國際有限公司,臺中市太平區宜昌東路146號1、2、3樓,10875700,1100125
11105,83070591,彼特精控有限公司,臺中市沙鹿區六路里過洋路135號1樓,3000000,1100128
11106,83071037,福德精密科技有限公司,臺中市清水區下湳里高美路40號1樓,300000,1100125
11137,83081984,昌遠投資股份有限公司,臺中市北屯區文心路三段447號15樓之3,20000000,1100115
11138,83082061,澄佐有限公司,臺中市北區錦新街32之5號1樓,1000000,1100114
11139,83082127,成欣醫療器材有限公司,臺中市大里區瑞城里成功路100號1樓,800000,1100112
11140,83082463,定志有限公司,臺中市潭子區頭家里中山路一段285之2號,500000,1100125
11141,83082479,光桓資訊科技股份有限公司,臺中市西區忠誠里臺灣大道二段573號5樓,19550000,1100115
11142,83082610,蓮達愛料理有限公司,臺中市西屯區福雅里福科路362巷12號1樓,6000000,1100105
11156,83086046,威寇有限公司,臺中市西屯區何明里大有三街29號2樓,500000,1100113
11158,83086897,兆鼎生醫股份有限公司,臺中市南屯區春社里精科中二路12號3樓,20000000,1100108
11169,83091673,進立有限公司,臺中市西區臺灣大道二段186號24樓之1,6000000,1100105
11170,83091786,益高生技有限公司,臺中市南屯區三義里河南路四段168號14樓之8,1000000,1100120
11171,83092119,東禾國際教育文化事業有限公司,臺中市北區新北里尊賢街7號10樓,1000000,1100104
11172,83092292,睿宇影像科技有限公司,臺中市西區後龍里民權路217巷13號1樓,500000,1100120
11182,83095328,耕興實業有限公司,臺中市北屯區文昌東五街25巷1號1樓,300000,1100113
11186,83095973,茂禾塑膠股份有限公司,臺中市大雅區中清路三段696號1樓,3600000,1100113
11187,83096375,大里國科技有限公司,臺中市大里區立德里立中街98號,500000,1100119
11188,83096760,禾益昌股份有限公司,臺中市大肚區溪洲路241號,16000000,1100119
11189,83097233,玄秋開發股份有限公司,臺中市霧峰區甲寅里林森路926號1樓,25500000,1100111
11190,83097629,普鋒精密機械有限公司,臺中市潭子區大成街1巷2之1號1樓,700000,1100105
11212,83103220,申級營造股份有限公司,臺中市北屯區中清路二段415巷25號2樓,22500000,1100127
11235,83114351,倢宸資訊科技股份有限公司,臺中市西屯區惠來里市政北一路359號6樓,187500,1100129
11236,83114628,鉅鑫國際創新產業股份有限公司,臺中市西屯區文心路三段241號21樓之2,5000000,1100104
11258,83119980,水舞生醫股份有限公司,臺中市烏日區溪南路二段270巷62號,2500000,1100120
11259,83120092,手足情深有限公司,臺中市南屯區永春東一路577號1樓,10000000,1100118
11261,83120467,上順醫材科技有限公司,臺中市西屯區工業區三十二路71號3樓,5000000,1100125
11262,83120522,鴻品菓子有限公司,臺中市豐原區南村里文化街35號1樓,6000000,1100128
11263,83120847,偉達環球有限公司,臺中市西區臺灣大道二段186號24樓之1,6000000,1100107
11264,83120889,昆達有限公司,臺中市新社區協成里興隆街74號1樓,16000000,1100114
11265,83120945,名冠地產有限公司,臺中市西屯區西屯路二段236號10樓之5,500000,1100122
11266,83121389,商揚企業股份有限公司,臺中市南區樹義里文心南路695號3樓之2,1000000,1100127
11267,83121557,瑞誠醫材有限公司,臺中市大雅區雅楓里德勝路106巷10號,5000000,1100118
11280,83124816,美銀實業股份有限公司,臺中市西區忠誠里臺灣大道二段501號18樓之2,8000000,1100113
11281,83124858,加崘特國際有限公司,臺中市南區南和里工學路146巷36號,3000000,1100127
11282,83125195,富鈺精密國際有限公司,臺中市霧峰區四德里四德路498巷2-11號,10000000,1100122
11283,83125499,昕澂生技股份有限公司,臺中市北屯區和平里建和路二段108號1樓,5000000,1100121
11284,83125673,洛希企業有限公司,臺中市西屯區何厝里何厝東二街23號9樓之3,1400000,1100122
11285,83125809,矽宏新材料科技股份有限公司,臺中市沙鹿區北勢二街35巷2號1樓,31000000,1100106
11296,83130486,天山開發建設有限公司,臺中市大安區福興里興安路177巷38號1樓,8000000,1100107
11297,83130824,小潞貿易企業有限公司,臺中市南屯區惠中里文心路一段324號11樓之1,2500000,1100120
11298,83131416,達鑫能源工程有限公司,臺中市豐原區豐田里田心路二段267巷1弄3號1樓,50000,1100114
11306,83135222,鐙雄工程有限公司,臺中市西屯區何安里重慶路99號5樓之3,5100000,1100104
11307,83135399,臣燊有限公司,臺中市南區福順里忠明南路787號5樓,520000,1100104
11308,83135551,海上鮮有限公司,臺中市太平區東和里中山路一段115號,300000,1100128
11309,83135790,上品環保有限公司,臺中市大雅區雅潭路四段430巷2號,100000,1100119
11347,83147162,禾盛餐飲有限公司,臺中市西屯區福星路511巷18號,6000000,1100115
11351,83149725,宏成實業股份有限公司,臺中市西屯區惠來里市政南二路28號2樓,50000000,1100118
11352,83150243,廣億消防機電股份有限公司,臺中市西屯區何厝里甘州街36號2樓之1,1000000,1100127
11353,83150383,揚晟顧問有限公司,臺中市南屯區惠中里大正街6號2樓之1,3000000,1100129
11354,83150497,雅正開發工程有限公司,臺中市北屯區松茂里松山街174號,10000000,1100112
11355,83150601,優雅通訊有限公司,臺中市潭子區甘蔗里勝利路181號,650000,1100121
11356,83151003,晉沛生醫有限公司,臺中市南區福田二街342號,1000000,1100127
11357,83151171,元澧建設股份有限公司,臺中市西屯區福安里西屯路三段95之2號,10000000,1100113
11358,83151340,睿蓁投資股份有限公司,臺中市南屯區溝墘里大墩十四街311號,123000000,1100107
11359,83151518,寓研股份有限公司,臺中市西區梅川西路一段27號1樓,5500000,1100106
11360,83152002,富譽德股份有限公司,臺中市西屯區何安里四川路49號1樓,22500000,1100113
11364,83152740,新加坡商戴維諾顧問有限公司,臺中市西屯區潮洋里臺灣大道三段683號4樓之1,0,1100121
11424,83173323,大陸商永信藥品工業(昆山)股份有限公司,臺中市西屯區市政路402號25樓之3,0,1100118
11438,83179059,紙說創意有限公司,臺中市南區忠明南路758號14樓,100000,1100125
11439,83179760,拓成科技企業有限公司,臺中市太平區正誠街111之1號1樓,150000,1100119
11440,83180464,植茁科技股份有限公司,臺中市西屯區西平里西安街130巷7弄6號,3680000,1100114
11441,83180598,名成國際行銷有限公司,臺中市北屯區松茂里遼寧路二段48號5樓,200000,1100104
11442,83180675,旭玥開發有限公司,臺中市西屯區惠來里西屯路二段180巷15號3樓之3,5000000,1100107
11443,83180865,郁成典藏有限公司,臺中市龍井區東海里藝術街18號1樓,500000,1100111
11444,83181013,長霖廣告行銷有限公司,臺中市西屯區何源里華美西街二段217號7樓之1,500000,1100127
11446,83181111,德邁可科技有限公司,臺中市西屯區惠來里市政路386號11樓之2,2000000,1100125
11458,83184383,桓德企業有限公司,臺中市大甲區日南里青二路2巷20號1樓,200000,1100121
11459,83184567,神御科技有限公司,臺中市西屯區潮洋里市政北二路236號21樓之1,500000,1100125
11460,83184898,鑫煜實業有限公司,臺中市南屯區永春東路1018號6樓之11,2000000,1100128
11461,83185144,鑫富登股份有限公司,臺中市西屯區何安里四川路49號1樓,15000000,1100113
11462,83185186,智翔科技有限公司,臺中市潭子區東寶里雅潭路二段24巷28號,5000000,1100128
11463,83185377,溫比士音樂製作有限公司,臺中市北屯區舊社里北屯路390號12樓之2,100000,1100115
11464,83186306,雲端應用商業股份有限公司,臺中市南屯區寶山里忠勇路80之15號2樓,500000,1100122
11465,83187121,向明實業股份有限公司,臺中市西屯區西墩里上墩路377號1樓,10000000,1100104
11511,83221388,永澄儀器有限公司,臺中市西區昇平里中美街121巷16號3樓,3000000,1100105
11533,83228875,源圓國際有限公司,臺中市西屯區光明路52號1樓,73477000,1100106
11534,83228951,佑富投資股份有限公司,臺中市西屯區大洲街31號,5660000,1100119
11535,83229017,兆洛餐飲事業股份有限公司,臺中市西屯區文心路二段215號1樓,10000000,1100126
11536,83229163,叢林文創有限公司,臺中市南屯區永春路20之10號2樓,1000000,1100106
11537,83229261,金譽實業股份有限公司,臺中市烏日區新興路331號,6320000,1100108
11538,83229451,御鼎有限公司,臺中市西屯區安林路3之22巷3弄1號,73467000,1100122
11540,83229494,明展投資有限公司,臺中市西屯區朝馬2街33號2樓,73477000,1100105
11541,83229500,寶群銀髮事業股份有限公司,臺中市沙鹿區晉江里北勢東路451巷22號,12000000,1100119
11553,83231647,恩馨投資有限公司,臺中市西屯區市政路60號18樓之1,64297000,1100126
11554,83231668,明雅投資股份有限公司,臺中市西屯區市政路58號15樓之1,374122000,1100126
11557,83232060,宇發地產事業有限公司,臺中市北屯區文心路四段67號10樓之1,4000000,1100121
11558,83232553,傳奕科技顧問股份有限公司,臺中市西區忠明南路237號9樓之2,500000,1100111
11559,83232879,同新瀝有限公司,臺中市北屯區后庄北路28號12樓,500000,1100121
11589,83242932,八達通鑽股份有限公司,臺中市北區文莊里日興街222號10樓之1,10000000,1100129
11608,83261037,魏斯林有限公司,臺中市西屯區何安里重慶路99號5樓之3,1500000,1100114
11618,83264864,誠曜能源科技有限公司,臺中市西屯區長安路二段207之2號,100000,1100121
11619,83266096,惠羽國際有限公司,臺中市北區進化北路238號10樓之3,300000,1100106
11620,83266130,旺優國際生技股份有限公司,臺中市西屯區潮洋里黎明路二段964號1樓,3500000,1100106
11621,83266188,廖義卿零售事業有限公司,臺中市西屯區西墩里福科路1號,8000000,1100107
11622,83266321,穹秉秦豐多媒體有限公司,臺中市西區民龍里公益路155巷9號7樓之1,10000,1100107
11669,83292138,佳德健康事業有限公司,臺中市北屯區大連路一段54巷38之1號1樓,2000000,1100120
11670,83292496,和鈦投資有限公司,臺中市西屯區福雅里福安路68號12樓之5,457170640,1100106
11671,83292593,甫金開發有限公司,臺中市北區中清路一段36號12樓,107578000,1100105
11672,83292637,成暻股份有限公司,臺中市西區精誠十六街26號5樓,500000,1100119
11673,83292643,景晟股份有限公司,臺中市西區精誠十六街26號5樓,100000,1100125
11674,83293045,上源包裝有限公司,臺中市東區十甲里東英路481號1樓,1000000,1100118
11675,83293100,麥森科技有限公司,臺中市西屯區逢福里河南路二段262號12樓之8,500000,1100125
11676,83293312,胖子哈利股份有限公司,臺中市中區大墩里臺灣大道一段376號,1050000,1100128
11677,83293333,兆晴餐飲事業股份有限公司,臺中市北屯區崇德九路455號4樓,158370000,1100120
11700,83300073,易筋股份有限公司,臺中市南屯區河南路四段261號,5000000,1100113
11701,83300192,愛玉影像有限公司,臺中市梧棲區福德里忠信路63號5樓,350000,1100126
11702,83301495,雅軒傢飾有限公司,臺中市烏日區仁德里信義街209號1樓,500000,1100106
11703,83301538,坤明投資股份有限公司,臺中市龍井區茄投路一段241巷7號2樓,320000000,1100112
11746,83361459,增鑫科技有限公司,臺中市神岡區豐洲里神洲路233號,250000,1100107
11747,83361633,騰旭投資有限公司,臺中市西屯區大河里長安路一段69號2樓,3900000,1100126
11748,83362555,嘉玔實業有限公司,臺中市大雅區文雅里中山北路197巷33號1樓,1000000,1100126
11749,83362632,聚星實業有限公司,臺中市潭子區聚興里潭興路一段17巷13弄37號1樓,200000,1100107
11750,83362751,東駿國際實業股份有限公司,臺中市大雅區西寶里雅潭路三段460號2樓,5000000,1100128
11766,83375904,宋歌好棒有限公司,臺中市西屯區西墩里福科路1號,15000000,1100111
11767,83376988,理本企管顧問股份有限公司,臺中市西區後龍里向上路一段2號1樓,100000,1100113
11776,83395090,喜歡童衣有限公司,臺中市北區中清路一段89號7樓之1,100000,1100118
11778,83395401,鼎旺冷鏈有限公司,臺中市西屯區龍潭里聖王街80號,1000000,1100126
11779,83395486,杰米創意有限公司,臺中市西屯區潮洋里市政北二路236號17樓之6,1000000,1100128
11780,83396210,成英股份有限公司,臺中市西區民龍里英才路530號13樓之1,20000000,1100113
11781,83396400,岦旺科技有限公司,臺中市大里區仁化里仁美路102巷3號,25000000,1100118
11783,83397409,淨大地環境科技股份有限公司,臺中市太平區東汴里長龍路三段65號,500000,1100106
11784,83397689,果子餐飲文化股份有限公司,臺中市西屯區漢口路二段68號1樓,7000000,1100114
11785,83398553,禾沂營造股份有限公司,臺中市西屯區逢甲里西屯路二段256巷6號17樓之3,37800000,1100121
11786,83398759,連成寶科技股份有限公司,臺中市北區頂厝里漢口路四段367號15樓,4500000,1100120
11787,83398977,昊源貿易有限公司,臺中市南屯區永春東一路421之3號3樓,3000000,1100106
11788,83399119,點晶股份有限公司,臺中市北區長青里武昌路70號7樓之1,52000000,1100106
11799,83406250,恆觀投資有限公司,臺中市北屯區綏遠路二段17號2樓,10000000,1100118
11800,83406630,佑來投資股份有限公司,臺中市西屯區大洲街31號,14080000,1100119
11801,83407032,佑豐資本股份有限公司,臺中市西屯區大洲街31號,7650000,1100120
11802,83407342,樂奇投資股份有限公司,臺中市大雅區德勝路137巷10號,820000,1100118
11803,83408588,盈得寶投資股份有限公司,臺中市大雅區雅潭路四段492號,47785490,1100107
11804,83408601,廣鏵股份有限公司,臺中市北區錦祥街7巷6號1樓,60000000,1100113
11805,83408623,瑞蔓有限公司,臺中市北屯區三光里三光巷33之2之5號,100000,1100120
11830,83416927,鑫力國際貿易有限公司,臺中市神岡區庄後里大圳路71之1號,200000,1100128
11831,83417593,十樂空間規劃設計有限公司,臺中市北區文心路四段208-1號7樓之2,1000000,1100121
11832,83417658,向上能量有限公司,臺中市西屯區重慶路99號5樓之3,500000,1100104
11833,83417806,昌諺塑膠有限公司,臺中市西屯區市政北二路282號21樓之9,8000000,1100107
11834,83418093,紐曼斯生物科技股份有限公司,臺中市潭子區潭陽里中山路二段299號1樓,1000000,1100120
11835,83418164,榮泓投資股份有限公司,臺中市南屯區寶山里寶山一街123號2樓,10000000,1100106
11836,83418191,岳昇工程有限公司,臺中市大里區益民路一段78巷41號1樓,1000000,1100112
11837,83418381,新創精密有限公司,臺中市大雅區神林路一段540巷78-1號1樓,3000000,1100119
11838,83419945,捷創投資股份有限公司,臺中市西區民龍里臺灣大道二段218號29樓,11000000,1100125
11839,83420020,淳泰股份有限公司,臺中市西屯區大墩20街116號2樓之2,4300000,1100105
11845,83424834,和鑫實業有限公司,臺中市南屯區鎮平里水碓巷25號,3000000,1100126
11846,83425209,鱷魚廚房料理研發股份有限公司,臺中市東區振興里信義街240號,6500000,1100113
11847,83425279,旺德賽斯科技股份有限公司,臺中市西屯區朝富路213號32樓,31000000,1100122
11848,83425756,八德投資有限公司,臺中市太平區新高里立功路110號2樓,25000000,1100107
11849,83425974,廣嵂國際有限公司,臺中市西屯區何厝里臺灣大道二段792號1樓,2000000,1100122
11852,83426755,乾暘綠電股份有限公司,臺中市北屯區仁友巷23號1樓,990000,1100107
11853,83427109,友呈精密有限公司,臺中市沙鹿區南勢里9鄰南昌路104號1樓,5000000,1100105
11854,83427332,奧圖數位互動科技有限公司,臺中市中區綠川里綠川西街135號12樓之1,500000,1100118
11855,83427516,曾曾日上有限公司,臺中市龍井區新東里台灣大道五段3巷66號1樓,4200000,1100108
11856,83427641,禹謙營造股份有限公司,臺中市豐原區田心里圓環東路9之8號2樓,12000000,1100125
11864,83432742,和力綜效顧問有限公司,臺中市西屯區西屯路二段256巷6號2樓之8,5000000,1100119
11866,83432975,博匯貿易股份有限公司,臺中市中區公園里成功路97號2樓,1000000,1100114
11867,83433144,鈞浩能源科技股份有限公司,臺中市西屯區惠來里市政北七路186號16樓,20000000,1100114
11868,83433159,千誠金屬有限公司,臺中市南屯區寶山里寶山東二街19巷6號3樓之2,1000000,1100120
11869,83433284,艾爾傑有限公司,臺中市北屯區平安里文心路四段692之1號3樓,2000000,1100118
11875,83437161,向桓有限公司,臺中市大里區大明里大明路300巷5號,300000,1100111
11885,83440124,親家能源股份有限公司,臺中市西屯區惠來里市政北七路186號16樓,20000000,1100114
11886,83440898,優瑪尼實業股份有限公司,臺中市南區和平里忠明南路758號2樓、760號2樓,81000000,1100107
11887,83441067,宇堤國際行銷有限公司,臺中市大肚區自強里遊園路二段181巷4號1樓,1000000,1100128
11888,83441427,無樣設計室內裝修股份有限公司,臺中市中區大墩里三民路三段23號1樓,1200000,1100107
11889,83443403,興源發實業有限公司,臺中市太平區福隆里東方四街1巷40號1樓,200000,1100119
11925,83460958,茂勝資產管理有限公司,臺中市大里區塗城路646號1樓,1500000,1100108
11926,83461176,立新鋁業有限公司,臺中市大肚區王田里沙田路一段115號1樓,1900000,1100122
11928,83462668,傑德士生技有限公司,臺中市北屯區東山路一段146之38號2樓,3000000,1100126
11929,83462766,肚金國際有限公司,臺中市西屯區何德里甘肅路一段102號3樓之2,300000,1100113
11968,83477310,源元鹿電子商務有限公司,臺中市北區錦平里五權路500巷5弄12號1樓,1000000,1100120
11972,83478330,塞席爾商宙晏有限公司,臺中市西區美村路1段22號14樓,0,1100114
11973,83478438,新加坡商金泰近海工程股份有限公司,臺中市南屯區文心路1段218號23樓之1,5000000,1100106
11997,83486599,芮豐國際有限公司,臺中市北屯區軍功里東山路一段220巷100號1樓,300000,1100115
11998,83486726,廣丞興業有限公司,臺中市東區東門里東門路107號1樓,66000,1100104
12051,83508616,德盟檢視儀器股份有限公司,臺中市北屯區敦化路一段509號10樓,5000000,1100115
12052,83508968,珉雅國際有限公司,臺中市南屯區豐樂里文心南路288號18樓之5,100000,1100121
12053,83509220,閍閣室內裝修設計有限公司,臺中市太平區永豐路131巷16號1樓,5000000,1100119
12054,83509452,阜元有限公司,臺中市北屯區東山路一段220巷53號,1000000,1100108
12055,83509919,龍蓁精密有限公司,臺中市后里區安眉路144巷11弄3號1樓,4000000,1100122
12057,83510676,大容廣告事業有限公司,臺中市西區公民里自治街119號1樓,10000000,1100118
12059,83511099,如真有限公司,臺中市清水區和睦路三段210號,200000,1100128
12117,83527640,天任能源股份有限公司,臺中市西屯區市政北二路236號21樓之1,7000000,1100115
12118,83527959,滋油有限公司,臺中市西區向上北路189巷4弄1號,6000000,1100129
12119,83528520,八方知本地熱電力股份有限公司,臺中市北區文莊里日興街222號10樓之1,11500000,1100126
12120,83528541,八方金崙地熱電力股份有限公司,臺中市北區文莊里日興街222號10樓之1,11000000,1100128
12143,83537470,草悟道文創娛樂股份有限公司,臺中市西區民龍里英才路512號6樓至12樓,6000000,1100126
12151,83540860,艾普拉斯管理顧問股份有限公司,臺中市北屯區文心路四段99號13樓之1,500000,1100119
12153,83541122,佛系科技有限公司,臺中市西區台灣大道二段489號31樓,464646,1100127
12158,83542781,米竺室內設計工程有限公司,臺中市北屯區平安里文昌三街85號1樓,1000000,1100114
12159,83542889,兆豐國際行銷有限公司,臺中市西屯區何厝里何厝東二街23號9樓之3,1000000,1100114
12160,83543043,大囍品牌策略有限公司,臺中市南區福興里五權南路203號1樓,1000000,1100126
12165,83543894,寶芸國際資訊科技有限公司,臺中市西屯區西屯路二段256巷6號2樓之2、2樓之6、2樓之8,490000,1100122
12184,83552746,展瑞資產管理顧問股份有限公司,臺中市潭子區東寶里雅豐街76巷29弄27之1號1樓,200000,1100107
12185,83553082,一一一生技企業股份有限公司,臺中市烏日區螺潭里溪南路二段68巷26弄38號,2000000,1100107
12186,83553246,沐鼎投資股份有限公司,臺中市西屯區朝富二街18號2樓,81467000,1100106
12187,83553576,京欣實業有限公司,臺中市石岡區萬安里忠孝街103號,500000,1100119
12188,83554054,閎富文教有限公司,臺中市西區三光里北屯路198之1號地下層，一樓、二樓，三樓,500000,1100105
12189,83554224,活力安生活用品股份有限公司,臺中市北屯區和平里軍福九路538號,15000000,1100112
12195,83557480,塞席爾商鼎立有限公司,臺中市西區美村路1段22號14樓,0,1100106
12199,83559699,達訊數位股份有限公司,臺中市南區美村路二段186號3樓之1,2500000,1100118
12200,83559804,自然齋有限公司,臺中市南區福平里復興路二段205巷32之7號1樓,3500000,1100112
12201,83559966,載正投資事業有限公司,臺中市南屯區田心里大墩六街425號1樓,29800000,1100108
12202,83560231,乙文有限公司,臺中市西屯區何成里文心路二段562之1號3樓之1,6000000,1100105
12203,83560725,天芮能源股份有限公司,臺中市西屯區市政北二路236號21樓之1,5000000,1100118
12219,83563862,燒瓶子股份有限公司,臺中市南屯區田心里大墩四街325號,30000000,1100111
12220,83564927,吾島文化有限公司,臺中市大里區大里二街153號,1008000,1100125
12221,83565313,大縈有限公司,臺中市北屯區太和三街28號1樓,3000000,1100118
12236,83570651,旺鈺不動產有限公司,臺中市西屯區西平里西安街277巷19號1樓,500000,1100108
12237,83570884,淮悅股份有限公司,臺中市西屯區逢明街29巷70號11樓之3,7600000,1100112
12238,83571167,興富行銷有限公司,臺中市西屯區何厝里何厝東二街23號9樓之3,100000,1100111
12239,83571764,穎利科研國際事業有限公司,臺中市南區國光里仁和一街72號,6000000,1100126
12240,83571883,優越通訊有限公司,臺中市豐原區中正路258、260號1樓,2200000,1100104
12241,83572026,乙案設計工程有限公司,臺中市西區忠誠里華美西街一段85號2樓之3,500000,1100108
12242,83572150,恆光資產管理有限公司,臺中市豐原區中興里三村路42號2樓,13000000,1100119
12252,83575797,泓邑技術顧問有限公司,臺中市西屯區逢福里河南路二段262號11樓之8,2000000,1100119
12253,83576091,量子科幻世界股份有限公司,臺中市北屯區水湳里文心路三段447號4樓,500000,1100126
12254,83576249,明璟國際事業有限公司,臺中市北屯區文心路四段960之2號,1000000,1100126
12255,83577492,文惠投資股份有限公司,臺中市烏日區烏日里民權街5號3樓,21000000,1100126
12276,83585373,紅月實業有限公司,臺中市北屯區水湳里文心路三段447號4樓,10000,1100121
12277,83585459,同銳科技股份有限公司,臺中市大雅區雅楓里德勝路106巷10號,1000000,1100127
12278,83585887,家鑫資產管理有限公司,臺中市東區東英里三賢街154號4樓,1000000,1100114
12279,83586078,寶德后國際貿易有限公司,臺中市北屯區后庄北路185號5樓之2,3000000,1100108
12291,83589693,中鎮醫療產品科技股份有限公司,臺中市南屯區精科中路63號5樓,42750000,1100128
12292,83590973,維泰投資股份有限公司,臺中市南屯區寶山里寶山一街123號1樓,10000000,1100107
12294,83591277,高人投資事業有限公司,臺中市西屯區惠來里市政路500號22樓之8,2012000,1100118
12302,83595549,眾盈泰生醫股份有限公司,臺中市北屯區中清路二段325號3樓,1000000,1100122
12303,83595724,富森公寓大廈管理維護股份有限公司,臺中市北屯區大德里四平路37巷11號1樓,10000000,1100108
12304,83596012,芷源品牌顧問有限公司,臺中市大里區新仁里立仁路379號,20000,1100115
12305,83596131,前進未來智慧股份有限公司,臺中市西屯區青海路二段438號15樓之3,3000000,1100118
12307,83596391,長流有限公司,臺中市北區頂厝里進化北路238號10樓之3,500000,1100111
12313,83599741,鑫誠資產管理股份有限公司,臺中市北屯區軍福十三路435號1樓,1000000,1100120
12314,83600043,胖加烘焙食品股份有限公司,臺中市西屯區西屯路二段39號,5750000,1100119
12315,83600141,台灣農創興業股份有限公司,臺中市霧峰區中正里四德路10號,30000000,1100106
12316,83600156,秉珅有限公司,臺中市北區賴村里五常街188巷8號1樓,6000000,1100128
12317,83600629,泉盈建設股份有限公司,臺中市西屯區潮洋里朝馬二街5號2樓,62000000,1100122
12318,83600775,中興工程有限公司,臺中市南區積善里興大路350巷25號,500000,1100107
12319,83601015,富盈蔬果股份有限公司,臺中市南屯區田心里大墩四街325號1樓,2000000,1100108
12320,83601079,勇樂陞有限公司,臺中市大肚區太平路9之3號1樓,6500000,1100111
12341,83618938,領益工程有限公司,臺中市北屯區東光里遼寧路一段8之9號9樓,2000000,1100127
12342,83619471,亞菲邦投資有限公司,臺中市大雅區四德里中山八路92之1號,12000000,1100113
12343,83620343,皇錡工程有限公司,臺中市大雅區神林南路197巷7號3樓,2000000,1100122
12344,83620385,寬沐股份有限公司,臺中市北屯區瀋陽北路30號2樓,4001000,1100128
12345,83620553,富佳康國際事業股份有限公司,臺中市北區忠明路502-7號9樓之3,7000000,1100108
12346,83620738,臨界數位股份有限公司,臺中市西屯區上安里上安路84巷14號10樓之2,5000000,1100108
12347,83622476,尊承科技股份有限公司,臺中市西屯區朝富路213號30樓之3,5000000,1100125
12348,83622573,小宅實驗室內裝修有限公司,臺中市太平區新高里民族街19之5號,100000,1100115
12371,83647722,京華國際資產管理有限公司,臺中市南區長榮里學府路102號1樓,1000000,1100113
12372,83647791,博府智造股份有限公司,臺中市南屯區嶺東路323之2號3樓,25000000,1100118
12373,83647862,正緯企業有限公司,臺中市西屯區潮洋里市政北二路282號15樓之7,2000000,1100111
12392,83675297,瑪沃國際有限公司,臺中市西區華美西街一段36號9樓,1000000,1100121
12393,83677915,布如文創有限公司,臺中市北屯區平德里崇德路二段51號3樓之2,6000000,1100114
12394,83677979,台灣日聯股份有限公司,臺中市西屯區市政路500號18樓之2,3500000,1100115
12395,83678392,豪城投資股份有限公司,臺中市南屯區田心里大墩四街325號2樓,55000000,1100107
12396,83678674,東海生鮮行銷股份有限公司,臺中市北屯區仁美里崇文街22號1樓,20000000,1100127
12397,83678724,日勝國際旅行社有限公司,臺中市北屯區平興里遼寧路一段173號1樓,6000000,1100118
12399,83681376,頌潮視聽歌唱股份有限公司,臺中市中區大墩里三民路三段19號,14000000,1100105
12400,83681615,宸芯科技有限公司,臺中市東區振興里互助街112號1樓,3000000,1100111
12422,83690776,群豐興業股份有限公司,臺中市西屯區工業區六路12號,120000000,1100104
12423,83691254,緁揚投資有限公司,臺中市西屯區大安西街60巷1號3樓,100000,1100106
12424,83691395,多元教育股份有限公司,臺中市北屯區軍功路一段539號4樓,1000000,1100119
12429,83692726,蘇老師母嬰創價管理顧問股份有限公司,臺中市西屯區青海路一段99號5樓,1000000,1100122
12481,83716852,久鉅建設有限公司,臺中市大里區長春路39巷9弄16號1樓,16000000,1100128
12482,83717310,桂田建設有限公司,臺中市大里區新里里德芳路二段61之12號,500000,1100105
12483,83718015,翰琁蕎國際有限公司,臺中市北屯區廍子里景賢路179號17樓之1,121739500,1100108
12484,83718057,星寰資訊有限公司,臺中市西屯區惠來里市政路402號28樓之1,5000000,1100107
12485,83718795,大王麻辣國際開發股份有限公司,臺中市西區五權西三街119號,300000,1100128
12491,83725584,松寓建設有限公司,臺中市北屯區平昌里天津路四段264號,1000000,1100111
12539,83752527,棨揚開發建設股份有限公司,臺中市北區頂厝里進化北路238號6樓之3,12000000,1100106
12540,83753005,恩典久久有限公司,臺中市西屯區何南里大墩二十街118號5樓之1,500000,1100121
12541,83753080,耀儒科技股份有限公司,臺中市西屯區朝富路213號18樓之10,30000000,1100118
12542,83753666,信實實業有限公司,臺中市西屯區青海路一段99號3樓,3000000,1100113
12543,83753785,巨士生物科技股份有限公司,臺中市潭子區東寶里雅豐街76巷29弄27之1號1樓,1500000,1100107
12567,83763067,移動教育有限公司,臺中市中區民族路64號9樓之8,1900000,1100118
12593,83771849,益達興業有限公司,臺中市北區頂厝里進化北路238號10樓之3,7000000,1100122
12594,83771876,瀚陞電子有限公司,臺中市東區東富街105號,200000,1100126
12595,83772072,五風十雨餐飲事業股份有限公司,臺中市北屯區景賢路266號,50000000,1100122
12597,83773403,郭來德有限公司,臺中市西區三民路一段149號12樓之2,5939463,1100105
12625,83783280,貝思多國際有限公司,臺中市龍井區遠東街52巷9號4樓之5,100000,1100111
12626,83783471,聚樂國際旅行社有限公司,臺中市沙鹿區光華路113之3號2樓,6000000,1100120
12639,83788320,塞席爾商以新有限公司,臺中市西區美村路1段22號14樓,0,1100108
12645,83791465,臻配眼鏡國際有限公司,臺中市北屯區文昌三街141號1樓,250000,1100118
12646,83791578,千手數位科技股份有限公司,臺中市西屯區安和路121之20號2樓,25000000,1100120
12665,83850007,櫻花家居室內裝修股份有限公司,臺中市大雅區雅潭路四段436號3樓,90000000,1100113
12666,83900528,睿耀投資股份有限公司,臺中市清水區文昌里文昌街32號2樓,14400000,1100115
12667,83903829,微派通訊有限公司,臺中市西屯區河南路二段308號1樓,100000,1100114
12668,83911308,神牛科技有限公司,臺中市西屯區惠來里文心路三段13之7號,800000,1100113
12669,83916676,昀品資訊有限公司,臺中市大里區瑞城里塗城路242巷11號1樓,200000,1100122
12670,83917160,我願你來有限公司,臺中市北區三民路三段217號6樓之12,6000000,1100107
12671,83920263,億品金屬藝術工程有限公司,臺中市大里區東興里國光路二段500號5樓之5,50000,1100121
12672,83920524,駿禧有限公司,臺中市北區三民路三段217號6樓之12,6000000,1100114
12684,84020206,均定股份有限公司,臺中市西區吉龍里五權七街63巷12號,8000000,1100119
12685,84020938,谷易開發有限公司,臺中市北屯區平和里旅順路一段130號1樓,300000,1100120
12692,84088710,崟峰企業股份有限公司,臺中市神岡區岸裡里大富路61巷85號,5000000,1100111
12702,84145395,京揚國際股份有限公司,臺中市梧棲區下寮里中橫十路100號,175000000,1100104
12713,84180625,中工工業股份有限公司,臺中市大肚區沙田路三段245巷78之1號,18000000,1100113
12714,84184447,勇舜工業股份有限公司,臺中市潭子區祥和路172巷38號1樓,10000000,1100107
12720,84202965,聚發工程企業有限公司,臺中市北屯區軍功里軍榮三街132號1樓,6000000,1100107
12725,84209192,溙安廢棄物清除股份有限公司,臺中市北區賴村里大德街213號,5000000,1100128
12731,84222272,汶升精密機械股份有限公司,臺中市東區大興街16號1樓,5000000,1100121
12732,84226072,耕祐企業有限公司,臺中市大雅區二和里田心一街1巷5號1樓,3000000,1100127
12733,84228352,東助建設股份有限公司,臺中市北屯區仁美里豐樂路19之11號,25000000,1100118
12748,84254288,銓呈交通股份有限公司,臺中市大肚區王田里沙田路一段262號1樓,25000000,1100120
12760,84292071,瀚林人力顧問有限公司,臺中市北屯區平和里文心路四段585號,1000000,1100106
12778,84347224,易寬室內裝修工程股份有限公司,臺中市北區賴村里梅亭街293號1樓,5000000,1100106
12781,84349736,盈俞機械有限公司,臺中市龍井區三德里中厝路29巷4弄4號,5000000,1100126
12785,84358827,佶詳工業有限公司,臺中市大里區仁化里工業九路160號1樓,10000000,1100104
12791,84382164,顯祥國際實業股份有限公司,臺中市西屯區何明里大有街65號1樓,26000000,1100105
12796,84406172,合展國際興業股份有限公司,臺中市西區臺灣大道二段309號16樓之2,102000000,1100108
12801,84434022,大安育樂事業股份有限公司,臺中市南區福順里忠明南路789號42樓,25000000,1100114
12802,84436577,大軫工業股份有限公司,臺中市大甲區中山里水源路408號,3000000,1100126
12803,84436648,寓國營造有限公司,臺中市西屯區環中路二段1035號3樓,15000000,1100104
12825,84484248,長紫有限公司,臺中市大里區東興里國光路二段500號5樓之5,500000,1100119
12837,84530539,以諾驛站股份有限公司,臺中市南屯區同心里文心路一段186號13樓之1,18000000,1100114
12841,84547686,經冠實業有限公司,臺中市北屯區松竹里松順一街41號4樓,10000000,1100122
12842,84548123,冠易有限公司,臺中市西區忠明路82號1樓,10000000,1100120
12844,84551105,春分園藝造景有限公司,臺中市太平區精美一街13巷38號,10000000,1100104
12855,84597897,富智工業股份有限公司,臺中市大里區新里里上田街31之5號,3000000,1100120
12866,84648869,點將家企業股份有限公司,臺中市南屯區工業區二十一路29號1樓,10000000,1100104
12869,84660223,銘磊國際股份有限公司,臺中市南屯區公益路二段429號4樓,50000000,1100115
12870,84661068,福崧實業股份有限公司,臺中市西屯區府會園道169號5樓之1,25000000,1100125
12871,84664488,山禾美企業有限公司,臺中市沙鹿區清泉里清泉路163巷16號1樓,1000000,1100119
12877,84676885,山複企業有限公司,臺中市北屯區熱河路三段18巷22號1樓,5000000,1100104
12904,84710899,承益通運有限公司,臺中市烏日區溪壩里溪南路一段680巷41號1樓,29500000,1100106
12919,84782507,救世寶有限公司,臺中市西區安龍里忠仁街151巷4號1樓,500000,1100126
12924,84794237,舜鵬科技股份有限公司,臺中市烏日區前竹里中山路一段229巷32號,96800000,1100113
12925,84797494,金凱利有限公司,臺中市烏日區九德里興華街180號1樓,5000000,1100106
12929,84803448,堡順企業有限公司,臺中市北屯區廍子里太和二街116號,2000000,1100107
12931,84809230,鼎旺營造股份有限公司,臺中市西屯區文心路三段219號5樓之1,50000000,1100119
12932,84810813,群鈦企業有限公司,臺中市大里區仁德里仁城路78號,1000000,1100104
12934,84825576,泰德門金屬有限公司,臺中市東區東英里十甲東路476號,10000000,1100104
12935,84834483,聖奇企業有限公司,臺中市豐原區南陽里南陽路123巷29弄41號1樓,5000000,1100111
12938,84845448,泰乃洋行股份有限公司,臺中市西區五權五街152號2樓之1,1000000,1100126
12945,84881252,燁村鋼鐵股份有限公司,臺中市沙鹿區興仁里沙田路46號,56000000,1100108
12947,84886989,慶字建設股份有限公司,臺中市北區賴福里進化北路392之2號5樓之2,42000000,1100107
12981,84962613,聯燈企業有限公司,臺中市清水區海風里和睦路2段260號1樓,1000000,1100125
12988,84978544,允迪消防工程有限公司,臺中市大里區公教街37巷15號1樓,2000000,1100111
12998,84995749,鉅邑科技股份有限公司,臺中市西屯區福中里福中二街16巷15號1樓,20000000,1100108
13000,85000065,祥發快時尚有限公司,臺中市西屯區西平里逢甲路90巷8號1樓,3000000,1100106
13001,85000375,赫維思得投資股份有限公司,臺中市北屯區平安里文心路四段698號6樓之1,24000000,1100118
13035,85015237,良全控股股份有限公司,臺中市北區永興街356之4號6樓,59200000,1100106
13036,85015412,研安有限公司,臺中市烏日區前竹里仁義街6號,6850000,1100118
13037,85015449,惠盛土地資產開發有限公司,臺中市北區建德里梅豐街22號1樓,660000,1100108
13038,85015623,百意投資股份有限公司,臺中市西區臺灣大道二段545號6樓之1,2100000,1100113
13047,85020533,強軒實業有限公司,臺中市北區頂厝里進化北路238號10樓之3,12000000,1100119
13062,85025663,信實國際股份有限公司,臺中市西區臺灣大道二段501號18樓之1,200000,1100128
13074,85029627,開心葉生活市集有限公司,臺中市南屯區大進街490號10樓之3,6000000,1100121
13095,85038169,唐榮節能電機工程有限公司,臺中市南屯區溝墘里大業路239號3樓之1,300000,1100105
13096,85038442,滑雪人股份有限公司,臺中市南屯區大墩南路360號1樓,2500000,1100114
13100,85040051,麗寶秀泰影城股份有限公司,臺中市后里區月眉東路二段181號3樓之3,5000000,1100121
13123,85048808,響設計股份有限公司,臺中市北區長青里陝西東一街34號,1000000,1100125
13124,85049095,露斯有限公司,臺中市北區三民路三段217號6樓之12,6000000,1100118
13132,85053219,鴻瑋園藝有限公司,臺中市南屯區寶山里忠勇路128-16號,1000000,1100113
13133,85054596,台灣中信富耀國際有限公司,臺中市西區臺灣大道二段220號30樓,5000000,1100108
13136,85058925,金業素食茶餐廳有限公司,臺中市南屯區益豐路四段79號,6000000,1100126
13137,85059369,碧國建設股份有限公司,臺中市西屯區西屯路三段156號,3000000,1100127
13138,85059585,新鈦電子商務有限公司,臺中市大雅區員林里神林路一段414巷52-23號2樓,200000,1100120
13139,85059874,臺灣索爾科技有限公司,臺中市西屯區惠來里市政北七路186號23樓之5,1000000,1100126
13140,85060106,寰享科技有限公司,臺中市西屯區市政北二路282號19樓之6,600000,1100125
13141,85060295,鼎冠生物科技有限公司,臺中市南屯區大同里向上南一路167號14樓,500000,1100118
13144,85061219,稼昕股份有限公司,臺中市大里區東湖里中山路197之1號,1060000,1100118
13179,85080692,能相太陽能有限公司,臺中市北屯區軍功里軍功路二段369號1樓,6000000,1100108
13180,85081144,瑞澄企業有限公司,臺中市北屯區平陽里安順東三街36號,1000000,1100120
13181,85081382,麥稷實業有限公司,臺中市東區旱溪街489號1樓,3500000,1100126
13182,85081545,巴丹不動產有限公司,臺中市西屯區經貿七路56號1樓,300000,1100122
13190,85085367,華欣山久投資股份有限公司,臺中市北區育德路118號13樓之2,11000000,1100111
13191,85086598,得來福便當事業有限公司,臺中市大里區仁化路243號,300000,1100106
13231,85101710,科陸達工具有限公司,臺中市東區東橋里大興街54號1樓,10000000,1100113
13232,85102083,艾立生建設有限公司,臺中市南屯區五權西路二段666號14樓之6,28000000,1100112
13246,85109234,滾動整合行銷有限公司,臺中市大里區新里里國光路二段259號3樓之3,500000,1100121
13269,85117380,念恩思考有限公司,臺中市西區土庫里忠明南路497號,6000000,1100127
13270,85117425,宏亞國際工程有限公司,臺中市龍井區東海里藝術南街42號4樓,20000000,1100125
13271,85117570,意念國際有限公司,臺中市北屯區昌平路二段45之1號,700000,1100121
13272,85117591,天心智慧綠能股份有限公司,臺中市西區和龍里台灣大道一段726號3樓之1,13000000,1100115
13273,85117966,得力健康事業股份有限公司,臺中市西屯區朝馬三街3之1號1樓,800000,1100115
13274,85118156,鴻達汽車有限公司,臺中市梧棲區向上路八段999號,5100000,1100125
13275,85118493,學霸國際股份有限公司,臺中市大甲區武曲里大安港路417號1樓,800000,1100113
13276,85118579,傑泰軟體開發股份有限公司,臺中市西屯區潮洋里朝富路213號7樓之2,4600000,1100120
13277,85118727,藏藝工程有限公司,臺中市南區忠明南路787號19樓之2,300000,1100118
13304,85129317,艾斯倍特數位創新股份有限公司,臺中市西區公益路161號10樓之5,20000000,1100120
13307,85130975,泉木有限公司,臺中市西區臺灣大道二段186號24樓之1,6000000,1100126
13321,85631464,恒宜貿易股份有限公司,臺中市北屯區水湳里文心路4段81號18樓之2,19800000,1100106
13354,86071263,東籐科技股份有限公司,臺中市龍井區三德里蚵寮路282號,48000000,1100122
13356,86072066,金廣臨模板有限公司,臺中市北屯區雷中街32巷55號1樓,8000000,1100104
13358,86076295,威達精密工業股份有限公司,臺中市太平區建興里鵬儀路350巷2號1樓,10000000,1100125
13367,86095130,立吉營造有限公司,臺中市南區建成路1705號1樓,23000000,1100111
13374,86121067,誠友開發股份有限公司,臺中市南屯區大同里向上南路1段167號3樓之2,600000000,1100114
13396,86190303,長彩實業股份有限公司,臺中市西區後龍里民權路304巷4號1樓,50000000,1100113
13398,86200371,雋農實業股份有限公司,臺中市西屯區華美西街二段491號,20000000,1100107
13403,86212637,朝科企業股份有限公司,臺中市西屯區大河里永輝路75巷10號,8000000,1100113
13407,86221143,芳嘉工業股份有限公司,臺中市大雅區二和里神林南路272巷28號1樓,5000000,1100108
13408,86224916,永全食品器具股份有限公司,臺中市潭子區東寶里昌平路三段201巷68號,5000000,1100113
13410,86238209,泰鉅建設股份有限公司,臺中市南屯區向心里南屯路二段239號2樓,27500000,1100114
13411,86243478,東晉塑膠股份有限公司,臺中市霧峰區北柳里四德路296巷11弄61號1樓,5000000,1100111
13414,86251315,信城銅鋁金屬有限公司,臺中市豐原區南陽里安康路27號,3000000,1100121
13415,86252692,泰威工業有限公司,臺中市大里區大元里大衛路26號1樓,10000000,1100111
13417,86254707,互信企業管理顧問有限公司,臺中市西區公正里向上南路一段243號3樓,11000000,1100121
13418,86255706,大晟營造股份有限公司,臺中市西屯區臺灣大道四段839號6樓,200000000,1100106
13442,86334744,爵盛興業股份有限公司,臺中市神岡區新庄里19鄰溪頭路181號,115000000,1100119
13443,86339706,半天水事業股份有限公司,臺中市北區明德里華美街二段98號2樓,35000000,1100125
13444,86348803,建利成業股份有限公司,臺中市西屯區協和里工業區36路36號,5000000,1100104
13471,86410637,圜特興業有限公司,臺中市北屯區軍功里軍福十九路165號1樓,10000000,1100112
13472,86421445,葆俊企業股份有限公司,臺中市西屯區福恩里工業區一路98巷23號2樓之1,500000,1100127
13473,86421677,山海線藝術造形有限公司,臺中市北屯區軍功里東山路一段283號,2000000,1100108
13477,86434146,佑加股份有限公司,臺中市西屯區西平里福星北路47號1樓,10000000,1100119
13478,86438831,有辰營造有限公司,臺中市北屯區后庄里庄內巷12號2樓,22500000,1100126
13511,86566265,金新工業股份有限公司,臺中市清水區東山里神清路9之23號,82120000,1100115
13512,86566379,友愛計程車客運服務有限公司,臺中市太平區宜佳里新平路2段219巷18號1樓,1000000,1100113
13513,86567855,誠鈿實業有限公司,臺中市北區忠明八街25號1樓,12000000,1100119
13515,86573272,尚宇興業有限公司,臺中市西屯區潮洋里黎明路二段972巷36號1樓,4000000,1100119
13517,86588330,通翊彩色分色有限公司,臺中市南區樹義路39巷6號1樓,8900000,1100106
13519,86592756,台灣西敏田股份有限公司,臺中市南屯區惠中里向上路二段127號,13000000,1100114
13524,86610591,新統安機械工程有限公司,臺中市西屯區市政北二路282號21樓之10,5000000,1100118
13525,86612486,宸亦租賃有限公司,臺中市北屯區中清路二段830號1樓,10000000,1100118
13526,86619684,中一瓦斯股份有限公司,臺中市北區健行路607號1樓,25000000,1100112
13528,86624672,大鞏工業股份有限公司,臺中市太平區長龍路二段352號,5000000,1100118
13531,86636451,其俊企業有限公司,臺中市大里區塗城里光正路134巷103號,3000000,1100104
13534,86642762,馥坊實業股份有限公司,臺中市西屯區惠來里河南路三段169號13樓之1,9260000,1100108
13536,86643538,崇景企業股份有限公司,臺中市清水區東山里神清路37之23號,8000000,1100107
13537,86645846,弘詳石材實業有限公司,臺中市烏日區學田里學田路379號1樓,5000000,1100120
13547,86674855,城達建設股份有限公司,臺中市南屯區南屯路二段239號1樓,27000000,1100114
13553,86687747,日曦交通股份有限公司,臺中市北屯區新平里大鵬路52巷2弄50號1樓,29700000,1100104
13555,86688942,星漢投資股份有限公司,臺中市西屯區大容西街199巷20號1樓,76200000,1100111
13573,86746540,大益氣體股份有限公司,臺中市外埔區永豐里外埔路76號,15300000,1100106
13585,86793374,千利亨有限公司,臺中市北區三民路三段345號,5000000,1100118
13597,86836269,鼎川建設股份有限公司,臺中市霧峰區新埔路236號11樓之5,35000000,1100104
13598,86836752,冠榮工業有限公司,臺中市太平區中興里東平路741巷2弄18號1樓,1000000,1100107
13622,86932333,崧嘉實業有限公司,臺中市北屯區松竹二路148號1樓,13800000,1100128
13623,86944231,雄新實業股份有限公司,臺中市西屯區青海路二段353號5樓之1,3000000,1100121
13624,86947568,聯將作工程企業股份有限公司,臺中市北區淡溝里館前路19號11樓之3,10000000,1100126
13625,86950275,偉格室內裝修設計工程有限公司,臺中市北屯區興安路一段60號,3000000,1100120
13627,86959938,良育實業股份有限公司,臺中市神岡區中山路667巷32弄29號,28000000,1100108
13630,86966570,欣閣興業有限公司,臺中市烏日區麻園溪東路102號1樓,60000000,1100105
13636,86985632,兼斌企業有限公司,臺中市太平區新安街108號1、2樓,5000000,1100113
13654,89228752,百一香食品有限公司,臺中市霧峰區南柳里霧工七路12號1樓,27000000,1100104
13663,89247511,長平土地開發股份有限公司,臺中市太平區宜佳里新平路二段13號,20000000,1100104
13680,89299931,竑和企業有限公司,臺中市東區東南里東南街一一八號一樓,3200000,1100128
13681,89302078,通勇營造有限公司,臺中市南區福興里南平路296號7樓之2,50000000,1100122
13683,89307284,振良行有限公司,臺中市豐原區陽明里自強南街221號1樓,22100000,1100111
13690,89322588,宜固企業股份有限公司,臺中市北屯區東山路一段218巷8弄42號1樓,5600000,1100113
13692,89323849,林朋科技股份有限公司,臺中市大甲區日南里東二街22號,260000000,1100122
13695,89339151,進旌工業股份有限公司,臺中市大肚區成功里文昌路三段1巷151號,22000000,1100121
13696,89342655,亞聯國際有限公司,臺中市西屯區臺灣大道四段925號6樓之5,5000000,1100106
13698,89347357,卓彥企業股份有限公司,臺中市南屯區春社里永春南路888巷363號,15750000,1100121
13701,89355898,佰城工程顧問股份有限公司,臺中市西區大忠南街122號7樓之1,2000000,1100126
13707,89376182,唯道實業有限公司,臺中市北屯區松竹里熱河路三段89巷3號1樓,2500000,1100122
13721,89406469,穎豐貿易股份有限公司,臺中市大里區慈德路89號,20000000,1100125
13742,89490521,大洲交通有限公司,臺中市大肚區大明四街145號4樓,28200000,1100113
13746,89496399,科詠企業有限公司,臺中市南區德義里忠孝路18號1樓,1000000,1100128
13751,89504546,富立業工程顧問股份有限公司,臺中市西屯區福中二街16巷17號,20000000,1100104
13754,89507706,豐揚壓克力有限公司,臺中市豐原區豐田里豐原大道三段215號,6500000,1100111
13755,89509107,昌鑫事業股份有限公司,臺中市北屯區水湳里文心路三段447號4樓,5000000,1100107
13763,89534653,信耀股份有限公司,臺中市神岡區北庄里中山路1024巷27號,1200000,1100115
13766,89537357,英豪公寓大廈管理維護有限公司,臺中市中區仁愛街8之3之6號3樓,12000000,1100118
13771,89547067,昶臺股份有限公司,臺中市西屯區福恩里工業區一路68號10樓之2,35000000,1100114
13775,89552173,揚朋科技股份有限公司,臺中市西屯區協和里工業區32路18號,31000000,1100127
13776,89556240,岳煒企業有限公司,臺中市北屯區同榮里新興路9巷8號1樓,5000000,1100125
13782,89573753,嘉鴻裝潢工程有限公司,臺中市東區立德街177號1樓,3000000,1100119
13786,89578069,良成塑膠股份有限公司,臺中市大里區新仁路三段223巷23號1樓,50000000,1100108
13789,89586217,潔屋股份有限公司,臺中市南屯區寶山里工業區十八路26號2樓,20000000,1100119
13821,89647170,紳格室內裝修設計有限公司,臺中市北屯區文心路四段955號12樓之4,5000000,1100111
13823,89649418,聖詳刀具有限公司,臺中市太平區建國里鵬儀路312巷8號,2000000,1100127
13826,89652406,詠桓科技有限公司,臺中市南屯區大墩五街156號1樓,5000000,1100128
13833,89669103,佳富建築營造股份有限公司,臺中市西屯區文心路三段6之8號二十三樓之2,50000000,1100106
13837,89689972,海北廣告有限公司,臺中市烏日區新興路176號1樓,5000000,1100114
13840,89701321,銓興化成股份有限公司,臺中市梧棲區永安里永興路一段545巷198號,21000000,1100104
13841,89703799,茂升實業有限公司,臺中市南屯區大墩路293、295、297號1樓,3000000,1100120
13847,89715752,西捷克科技股份有限公司,臺中市西屯區協和里工業區34路24號,5000000,1100121
13848,89718408,得豐工程有限公司,臺中市南屯區文心南二路436號1樓,5000000,1100128
13852,89726575,精美模具有限公司,臺中市太平區建國里鵬儀路461巷27號1樓,2000000,1100112
13854,89736784,其峰實業有限公司,臺中市大里區金城里萬壽街49巷7號1樓,15000000,1100111
13864,89767478,生活知音創意行銷有限公司,臺中市西區公民里五權路2之138之3號,3000000,1100126
13869,89774739,竝新塑膠纖維股份有限公司,臺中市龍井區忠和里工業路188巷20號,65000000,1100111
13875,89782203,宇世盛營造有限公司,臺中市東勢區東崎路五段480巷8號1樓,5000000,1100118
13881,89798198,微程式資訊股份有限公司,臺中市西屯區惠來里市政路402號6樓之2,320578450,1100118
13885,89804142,鉅眾資產管理顧問股份有限公司,臺中市南屯區文心路1段521號5樓,1000000000,1100126
13886,89807437,知高加油站有限公司,臺中市南屯區寶山里五權西路三段208號,12000000,1100112
13889,89824528,佑立國際貿易有限公司,臺中市北屯區后庄六街79號2樓之2,5000000,1100108
13890,89825006,東昇工程顧問有限公司,臺中市西屯區惠來里巿政北一路77號15樓之1,20000000,1100118
13896,89843068,鉝高企業股份有限公司,臺中市神岡區社南里中山路667巷26弄11號,5000000,1100108
13897,89847705,大源投資股份有限公司,臺中市西區臺灣大道二段489號27樓之1,250000000,1100125
13898,89849555,台圓有限公司,臺中市西區忠明路82號1樓,10000000,1100118
13902,89857914,科翰電機有限公司,臺中市西區忠明南路405號1樓,1000000,1100121
13904,89865077,邦立傑股份有限公司,臺中市東區十甲里十甲東路542號1樓,5000000,1100114
13911,89883552,瑛鋁鋁壓鑄股份有限公司,臺中市豐原區翁社里豐年路109巷76弄27號,1000000,1100120
13915,89898859,言瑞實業有限公司,臺中市西屯區何源里華美西街二段311號10樓,140000000,1100105
13949,89980724,中豐興業有限公司,臺中市梧棲區中和街109號1樓,13000000,1100112
13950,89982791,義力營造股份有限公司,臺中市北屯區水景里軍福十一路553號1樓,717000000,1100107
13952,89987965,長興億室內裝修工程有限公司,臺中市北屯區經貿一路108巷143號1樓,3000000,1100113
13984,94677933,坤福營造股份有限公司,臺中市西區大隆路20號14樓之4,1111815000,1100122
13995,96862906,心速科技有限公司,臺中市南屯區向心南路746之2號12樓,4000000,1100119
13996,96863948,通佑營造有限公司,臺中市沙鹿區正英三街63巷12號1樓,10000000,1100127
13997,96865235,金石發股份有限公司,臺中市西屯區惠中路二段38號3樓之2,30000000,1100115
13999,96877725,倍巧連入網際影視股份有限公司,臺中市南屯區文心南路746之2號12樓,12000000,1100112
14004,96901056,商滙企業有限公司,臺中市豐原區社皮里中正路512號1樓,8000000,1100106
14009,96917753,長興電腦顧問股份有限公司,臺中市太平區新福里新福路52巷12號三樓,2000000,1100128
14018,96940261,全誼資訊股份有限公司,臺中市南區忠明南路758號25樓,25000000,1100127
14034,96980208,暄旺有限公司,臺中市南屯區南屯路二段545號1樓,1000000,1100125
14037,96989340,詠欽實業有限公司,臺中市龍井區忠和里工業路173巷19號,28000000,1100114
14038,96991438,銅翌機械有限公司,臺中市后里區厚里里九甲二路263號,5000000,1100120
14041,96995856,永展旅行社有限公司,臺中市清水區中清路九段142號1樓,8000000,1100126
14042,96998306,亨倫實業有限公司,臺中市大雅區秀山里上山路251號,5000000,1100121
14056,97036187,綺鼎國際有限公司,臺中市北屯區松山街180號11樓之1,2000000,1100107
14064,97059081,新懋鋁業股份有限公司,臺中市南屯區工業區25路19號,150000000,1100126
14066,97065443,義哲工業股份有限公司,臺中市神岡區大富路116號,60000000,1100120
14115,97182060,盛達企業股份有限公司,臺中市西屯區工業區三十五路31號1樓,60000000,1100119
14132,97246705,豐洲加油站有限公司,臺中市神岡區豐洲路535號,54000000,1100122
14138,97258217,中連通運股份有限公司,臺中市北屯區水湳里大連路一段102號1樓,30000000,1100122
14139,97265890,日日新國際商業股份有限公司,臺中市中區中華路一段58號1至10樓,34000000,1100122
14142,97273239,喜客萊有限公司,臺中市西區公益路341號,2000000,1100122
14144,97277360,敬堯企業有限公司,臺中市太平區鵬儀路296巷6弄7之1號,5000000,1100108
14168,97347149,千路旅行社有限公司,臺中市東勢區廣興里中山路37號1樓,6000000,1100114
14176,97371576,鎂仕特股份有限公司,臺中市大里區成功路57巷26弄26號,10000000,1100105
14177,97376122,欣宏達實業有限公司,臺中市西區和龍里臺灣大道二段16號15樓之5,5000000,1100127
14179,97379802,橋拓美術工程有限公司,臺中市北區中達里英才路236-3號1樓,5000000,1100108
14180,97382813,進全機械有限公司,臺中市大里區仁化里四維街28巷7號,6000000,1100118
14183,97389132,煜創環能科技有限公司,臺中市大里區內新里益民路一段209巷35弄11號,6000000,1100118
14184,97393163,庚建盈企業有限公司,臺中市大里區仁化里慈德路267號1樓,7000000,1100104
14187,97400185,盛貿國際科技股份有限公司,臺中市南屯區南屯路二段408號11樓之9,12000000,1100106
14191,97411198,勇康實業有限公司,臺中市太平區東平路69巷1號,1000000,1100118
14194,97417221,東宏昌企業股份有限公司,臺中市神岡區神州里豐洲路698號,1000000,1100105
14222,97488977,仲信大飯店股份有限公司,臺中市北屯區后庄路(268號、270號、306號)1至13樓,100000000,1100111
14224,97495870,后里營造有限公司,臺中市西屯區何成里大容東街66號9樓,28500000,1100115
14225,97531341,長恩滾輪廠有限公司,臺中市大里區仁愛路190巷31弄19號,10000000,1100128
14226,97557600,鍵和機械股份有限公司,臺中市西屯區工業區28路333號,150000000,1100112
14227,97570998,美林電機股份有限公司,臺中市烏日區螺潭里溪南路二段68巷50號,1780000,1100122
14228,97584965,鴻勇工業股份有限公司,臺中市霧峰區丁台里丁台路456巷60號1樓,7000000,1100121
14229,97590615,新日興塑膠股份有限公司,臺中市龍井區山腳里中山二路1段162巷34號,7600000,1100115
14230,97597011,升山工業股份有限公司,臺中市大里區國中路481號,8000000,1100126
