序號,統一編號,公司名稱,公司所在地,資本額,核准變更日期
10,01507744,聯凱有限公司,臺中市大雅區員林里大林路66巷12之2號,5000000,1100526
19,02949000,上億紙器股份有限公司,臺中市南屯區豐富路199號12樓之9,10000000,1100504
59,04388145,台灣康寧顯示玻璃股份有限公司,臺中市西屯區科園路1號,60879102185,1100521
75,04615438,宜旺通運股份有限公司,臺中市梧棲區大庄里光華西街77號1樓,29000000,1100531
112,05834683,三元氣體有限公司,臺中市烏日區烏日里大同六街31弄17號1樓,8000000,1100520
113,05837730,介大保利龍實業股份有限公司,臺中市霧峰區五福里五福路559號,10000000,1100503
114,05838246,環隴工業股份有限公司,臺中市大里區仁化里仁化路758號1樓,16000000,1100526
115,05871201,財本企業有限公司,臺中市東勢區新盛里東關路六段627號1樓,26000000,1100524
184,12200073,鷹華貿易有限公司,臺中市西區五權西四街126號14樓之3,5000000,1100506
186,12231717,世同金屬股份有限公司,臺中市西屯區工業區五路7號1至3樓、9號1至2樓、11號1至2樓,405033860,1100524
199,12368023,群彬企業有限公司,臺中市潭子區榮興街21巷21號,5000000,1100519
221,12544653,漢寶工業有限公司,臺中市北屯區舊社里北屯路390號10樓之2,20000000,1100531
224,12607805,廣南昌實業股份有限公司,臺中市大里區新里里爽文路361號1樓,2000000,1100518
226,12611511,美麗人生空中超市股份有限公司,臺中市西屯區朝貴一街148號1樓,6000000,1100503
233,12633445,官田建設有限公司,臺中市西屯區福星路427號3樓,80000000,1100527
239,12647969,青楨有限公司,臺中市北屯區仁和里豐樂南一街130號1樓,1000000,1100521
261,12707656,美林藝術文創股份有限公司,臺中市南屯區三和里干城街328號4樓之1,12800000,1100503
273,12725042,阜豫開發有限公司,臺中市西區民權路233巷15號1樓,500000,1100521
275,12727288,雀拉股份有限公司,臺中市西區民生路150號,20000000,1100517
280,12735512,忠義機電有限公司,臺中市太平區立功路87號1樓,6000000,1100527
285,12749092,群民實業股份有限公司,臺中市南屯區環中路四段385號,8000000,1100506
290,12766227,元賀交通有限公司,臺中市清水區港埠路三段211號15樓之5,25000000,1100527
294,12771657,才富投資股份有限公司,臺中市西區台灣大道二段181號5樓之13,1000000,1100507
299,12779314,詰得貿易有限公司,臺中市烏日區北里里太明路221號,5000000,1100503
302,12795291,瑞詮工程有限公司,臺中市潭子區頭家東里中興北路116號1樓,1000000,1100531
303,12796714,尚寰汽車材料有限公司,臺中市南區長榮里愛國街24之1號1樓,1000000,1100503
312,12810336,中貳鑄造事業資源共同清理體系股份有限公司,臺中市豐原區南嵩里水源路中坑巷20之13號1樓,7500000,1100507
313,12818029,天王營造有限公司,臺中市大肚區蔗廍里遊園路一段169之1號,12000000,1100524
314,12818442,稽明股份有限公司,臺中市大安區東安里福東二路23號,1000000,1100527
322,12827081,鴻達工業有限公司,臺中市大里區仁德里慈德路37號1樓,6000000,1100503
327,12840084,昶穩機械工業有限公司,臺中市南屯區溝墘里大業路241號3樓之1,40000000,1100517
328,12844552,九帛企業有限公司,臺中市西屯區漢成六街46號地下1樓之2,5000000,1100507
329,12846974,捷冠國際股份有限公司,臺中市南區和平里忠明南路758號11樓,10000000,1100512
350,12881009,宸來洋酒企業有限公司,臺中市西區公正里東興路三段17號,8000000,1100512
353,12886320,知行天下股份有限公司,臺中市大里區三民二街80號1樓,3500000,1100519
357,12893027,富裕勝有限公司,臺中市大里區仁德里至善路11號1樓,1000000,1100504
360,12905425,啟峰投資有限公司,臺中市西屯區工業區一路6巷12號2樓,28000000,1100514
365,12926771,增安鋼鐵工業有限公司,臺中市東區大振街23號1樓,8000000,1100519
402,13008151,潤昱實業有限公司,臺中市大雅區六寶里光復路16之1號,1000000,1100505
403,13009433,冠羚國際行銷有限公司,臺中市南區南門里南門路59巷89弄8號,5000000,1100531
408,13013990,岠燁工業股份有限公司,臺中市大甲區日南里工六路19號,6000000,1100521
415,13035994,正翰紙業有限公司,臺中市烏日區九德里中華路96巷43號1樓,500000,1100510
417,13039128,嘉樂寶汽車股份有限公司,臺中市北屯區仁美里崇德路三段618號1樓,100000000,1100506
430,13060959,海碩投資股份有限公司,臺中市大里區益民路二段181巷26弄5號1樓,9300000,1100521
433,13070485,宏光投資有限公司,臺中市南屯區干城街293號1樓,49690000,1100524
436,13073151,東林科技股份有限公司,臺中市南屯區精科七路20號,306793870,1100506
437,13073342,御境物業管理顧問股份有限公司,臺中市北屯區平昌里文心路四段934號3樓之2,10000000,1100528
439,13074308,嘉陽投資有限公司,臺中市北區梅亭街678巷34號1樓,48900000,1100524
442,13078091,太鼓實業股份有限公司,臺中市大肚區瑞井里遊園路一段72北巷4弄12號1樓,4000000,1100521
501,16011587,傑群有限公司,臺中市西屯區工業區41路3號,9000000,1100505
503,16022629,紅橋實業有限公司,臺中市大雅區二和里神林南路349號,20000000,1100517
508,16036004,研深電機工業有限公司,臺中市豐原區翁社里豐年路109巷106弄6號,10000000,1100513
509,16040978,學能股份有限公司,臺中市豐原區東陽里東陽路156號,5000000,1100528
519,16079538,開利玻璃工程有限公司,臺中市北區進化北路二六四巷九號一樓,1000000,1100503
525,16089901,鑫傳國際多媒體科技股份有限公司,臺中市大里區國光路一段68號,240000000,1100527
554,16181490,惠嘉電實業股份有限公司,臺中市外埔區水美里二崁路588巷10號,330000000,1100520
561,16202333,潤立通運股份有限公司,臺中市北屯區仁和里崇德路3段168號1樓,25000000,1100519
563,16206957,智業文化事業有限公司,臺中市北屯區景賢八路228號2樓,5000000,1100520
568,16230268,穎弘企業股份有限公司,臺中市北區梅川里梅川東路三段2巷25號,5000000,1100506
572,16238331,今網資訊科技股份有限公司,臺中市北區太原北路130號10樓之1,100000000,1100513
574,16240408,瑞越企業有限公司,臺中市北屯區松竹北路179號1樓,27000000,1100512
579,16265619,杰哥企業有限公司,臺中市大里區仁德里至善路169號1樓,10000000,1100518
608,16351380,中興旺實業有限公司,臺中市沙鹿區七賢南路5之1號1樓,5000000,1100511
615,16376684,丞浩企業有限公司,臺中市北屯區崇德二路一段157巷34號1樓,3000000,1100511
616,16379161,久禾營造有限公司,臺中市大里區東興里永興路265巷5弄1號1樓,22500000,1100506
629,16407172,國威金屬工業股份有限公司,臺中市后里區墩南里七星街36號,200000000,1100510
634,16413610,台統實業股份有限公司,臺中市沙鹿區犁份里中山路19巷12號1至2樓及16號1樓,60000000,1100517
635,16414239,崇晟水電工程有限公司,臺中市豐原區翁社里豐年路162巷11號1樓,5000000,1100511
638,16422385,優普萊特股份有限公司,臺中市太平區宜欣里仁和街47號1樓,4000000,1100526
663,16490432,野安實業有限公司,臺中市烏日區長春街583巷20號1樓,5000000,1100524
670,16521651,鼎泰國際商務股份有限公司,臺中市西屯區潮洋里市政北二路282號15樓之11,10000000,1100514
677,16556829,特寧食品股份有限公司,臺中市西屯區福和里福安七街18號1樓,9045000,1100505
681,16561977,京進科技有限公司,臺中市烏日區仁德里信義街193巷24弄24號1樓,3600000,1100506
699,16605096,玉騏文化事業有限公司,臺中市西區中興街233號14樓之6,1500000,1100513
710,16634705,合富國際股份有限公司,臺中市西屯區協和里工業區37路42號,120000000,1100519
716,16658121,贊上楓實業有限公司,臺中市大雅區上楓里民生路三段三○一巷十四號,2200000,1100519
718,16658810,賀聖興業股份有限公司,臺中市神岡區社口里中山路742巷25號,5000000,1100525
727,16681277,沅城營造股份有限公司,臺中市東區振興路28號1樓,5000000,1100503
729,16683304,慶山建設股份有限公司,臺中市豐原區南村里豐陽路138號3樓,150000000,1100527
733,16698539,昶詠機械股份有限公司,臺中市后里區甲后路一段456巷16弄9號,8000000,1100528
738,16722587,上好印刷股份有限公司,臺中市西屯區大河里大河街45號1樓,150150000,1100513
745,16738531,晟茂祥營造股份有限公司,臺中市西屯區大墩二十街116號2樓之2,6000000,1100520
749,16744891,利鑫投資股份有限公司,臺中市潭子區南二路五之一號,300000000,1100504
797,16860429,右錩皮業有限公司,臺中市大里區樹王里樹王路50之2號,5000000,1100521
804,16872781,城市廣播股份有限公司,臺中市南區忠明南路758號28樓,40000000,1100512
813,16905827,至珍有限公司,臺中市北區文莊里篤行路267號1樓,1000000,1100513
836,16979735,宜佶有限公司,臺中市霧峰區南勢里北岸路54巷22號,12000000,1100504
840,16999388,資鎰實業有限公司,臺中市大雅區雅楓里民生路三段180巷14號1樓,32200000,1100525
841,18555500,三聯發工程有限公司,臺中市南屯區豐樂里文心南六路1號2、3樓,100000000,1100503
873,22011608,宏盧工程有限公司,臺中市北屯區天津路四段145之2號3樓,6000000,1100504
882,22065553,聖芳興業有限公司,臺中市北區三民路三段192巷6號1樓,5000000,1100520
894,22100405,光聯科技股份有限公司,臺中市潭子區(潭子科技園區)建國路12號,1063518320,1100517
895,22100926,萬利得股份有限公司,臺中市潭子區潭秀里南二路9號一樓,10000000,1100510
899,22104958,仕揚行股份有限公司,臺中市沙鹿區興仁里四平街五四之一號,5000000,1100511
900,22105083,榮尚木業有限公司,臺中市西屯區安林路53之23號,1000000,1100518
922,22210276,大吉電熱有限公司,臺中市西屯區工業區三二路61號,10000000,1100517
927,22234925,台中市肉品市場股份有限公司,臺中市北區建成里興進路1號,3000000,1100503
930,22242967,嶸鑫鐵工廠股份有限公司,臺中市東區東門里旱溪西路一段190巷10號1樓,25000000,1100524
954,22371933,翊程股份有限公司,臺中市豐原區社皮里大豐路5段66巷11號,7000000,1100504
956,22377296,勝喜工業股份有限公司,臺中市豐原區東湳里三豐路二段272巷148弄1號,2000000,1100518
959,22378345,國荃企業有限公司,臺中市西屯區何德里寧漢二街32號1樓,3000000,1100524
964,22385079,台逢企業股份有限公司,臺中市西屯區文華路200號,60000000,1100511
966,22391327,岳群機械有限公司,臺中市大里區樹王里樹王路228巷5號,5000000,1100527
968,22398216,大東寶交通股份有限公司,臺中市西屯區福聯里福順路958號2樓,29000000,1100525
973,22403111,大譽工業股份有限公司,臺中市太平區永豐路１３７巷８號,8000000,1100506
986,22481164,三田線割股份有限公司,臺中市豐原區豐田里田心路二段272巷106號,6420000,1100517
988,22491640,櫻花建設股份有限公司,臺中市西區民龍里臺灣大道2段239號4樓,5596090310,1100528
989,22495625,迅佳工業股份有限公司,臺中市霧峰區北岸路61號1樓,20000000,1100518
992,22505335,嶠豐企業有限公司,臺中市外埔區水美里二崁路588巷32號,5000000,1100521
1008,22555051,松易貨櫃倉儲股份有限公司,臺中市清水區臨港路五段136號,30000000,1100524
1011,22568794,亞興測量有限公司,臺中市西區後龍里臺灣大道二段101號13樓,28000000,1100514
1038,22662849,台灣汎納克股份有限公司,臺中市西屯區工業區15路12號,50000000,1100527
1050,22686461,群億彩藝股份有限公司,臺中市梧棲區經一路38號,70000000,1100528
1053,22711898,和宗機械股份有限公司,臺中市潭子區栗林里中山路三段603號1樓,89400000,1100503
1071,22808555,利岡電機有限公司,臺中市北屯區崇德路二段346巷25弄22號15樓,4000000,1100526
1073,22815710,金頌企業股份有限公司,臺中市西屯區工業區三七路18號1樓、2樓,110000000,1100525
1082,22852833,見得行股份有限公司,臺中市梧棲區中二路288號1樓,200000000,1100519
1098,22924506,太平鋼鐵股份有限公司,臺中市太平區永平路3段296號,7000000,1100514
1099,22930612,國暉鋼鐵股份有限公司,臺中市后里區墩南里七星街28號,200000000,1100511
1102,22944685,穎芳五金製品廠有限公司,臺中市大甲區義和里中山路1段422號,6000000,1100505
1113,22978349,浚新電腦資訊股份有限公司,臺中市西屯區上石路47號1樓,10000000,1100506
1116,22990293,信濃營造股份有限公司,臺中市西屯區華美西街二段311號13樓之2,60000000,1100527
1121,22999219,隆標企業有限公司,臺中市烏日區環中路八段501巷109號1樓,1000000,1100503
1133,23073449,益有機械股份有限公司,臺中市大甲區日南里幼三路6號,96000000,1100503
1139,23096554,唯得實業股份有限公司,臺中市北屯區平福里崇德路二段278號5樓之5,5000000,1100511
1145,23102752,時訊電腦股份有限公司,臺中市西區五權西路一段257號11樓之1,34000000,1100526
1167,23182930,永祺車業股份有限公司,臺中市太平區光興路462巷50號,380000000,1100513
1170,23190256,上層企業股份有限公司,臺中市大甲區幼七路5號,22100000,1100512
1171,23191558,宗久實業有限公司,臺中市南屯區文心路一段540號11樓,8500000,1100511
1172,23192000,昇益肥料有限公司,臺中市潭子區大豐里雅豐街322號1樓,1000000,1100526
1179,23217945,惠昌旅行社有限公司,臺中市北區成功路457號2樓,6000000,1100510
1190,23225945,台灣奧林巴斯股份有限公司,臺中市西屯區協和里工業區三十八路210號2樓之6,25000000,1100510
1192,23241728,大沃山精密工業股份有限公司,臺中市大里區中興路1段2巷9號,2000000,1100504
1194,23245301,民上機械廠股份有限公司,臺中市大安區龜殼里中山南路631號,5000000,1100510
1199,23276922,銘謙企業有限公司,臺中市清水區神清路86之12號1樓,7000000,1100505
1226,23400817,鉅穩營造有限公司,臺中市西屯區潮洋里朝貴路22號1樓,200000000,1100521
1228,23401962,天郁營造股份有限公司,臺中市太平區樹孝路8號15樓之10,120000000,1100506
1229,23405284,寶廣營造有限公司,臺中市北區館前路19號6樓之1,54000000,1100503
1232,23412118,潤澤國際有限公司,臺中市西屯區福林里福科路653號1樓,29900000,1100513
1244,23439783,夏欣國際有限公司,臺中市西區臺灣大道二段573號9樓,10000000,1100524
1250,23487095,君梵有限公司,臺中市西區忠明里中興街245號,128000000,1100524
1265,23592195,舜皇實業有限公司,臺中市潭子區嘉仁里福貴路988號1樓,1000000,1100518
1283,23674077,日揚工程服務股份有限公司,臺中市中區綠川東街32號9樓之23,7500000,1100519
1284,23676429,寬大股份有限公司,臺中市太平區鵬儀路342巷9弄7號,5000000,1100506
1288,23683364,震撼科技股份有限公司,臺中市北區民權路559號6樓之1,29000000,1100503
1293,23700883,銀泰科技股份有限公司,臺中市神岡區大富路20巷71號,1000000000,1100505
1294,23702502,中生機械股份有限公司,臺中市東區東信里振興路443巷38號1樓,23000000,1100517
1310,23803298,錦鋼工業股份有限公司,臺中市沙鹿區鹿寮里福鹿街259號,5000000,1100504
1316,23824097,中友百貨股份有限公司,臺中市西屯區福和里臺灣大道4段925號28樓之2,234306000,1100524
1328,23853901,德憶企業股份有限公司,臺中市大里區仁德里四維街7巷10號,15000000,1100513
1349,23938367,貫瑩環保有限公司,臺中市神岡區庄前路35之6號,15000000,1100503
1351,23943431,展毅工業股份有限公司,臺中市潭子區頭家里頭張路二段41號1樓,7000000,1100528
1354,23948983,業豐工程股份有限公司,臺中市北區民權路559號11樓之3,6000000,1100510
1356,23966975,中區科技工程股份有限公司,臺中市北屯區陳平里陳平一街7號,10000000,1100526
1360,23988106,中農證券股份有限公司,臺中市梧棲區四維中路157巷1號2樓,200000000,1100518
1371,24201392,長鋮不鏽鋼有限公司,臺中市豐原區豐西里瑞安街179巷65號1樓,5200000,1100521
1375,24209253,宥宸文化事業有限公司,臺中市東區建勇街24-1號1樓,500000,1100514
1380,24215804,金巨大有限公司,臺中市豐原區東湳里豐原大道六段516號,4000000,1100510
1384,24234366,喜博國際有限公司,臺中市梧棲區港埠路二段408巷3號3樓,1000000,1100521
1386,24236316,桔鼎實業有限公司,臺中市潭子區頭家里得天街91巷66號2樓,1500000,1100526
1388,24239453,康呈科技工程股份有限公司,臺中市潭子區大豐里潭富路2段163-3號1樓,100000000,1100506
1393,24251300,英仕奇能源科技股份有限公司,臺中市霧峰區吉峰路88之6號1樓,12000000,1100512
1398,24264585,富珜食品有限公司,臺中市西屯區長安路二段70巷18之2號,5000000,1100531
1405,24275485,鑫和數位科技股份有限公司,臺中市梧棲區中華路一段1080號1樓,50000000,1100531
1407,24277224,麥司奇科技股份有限公司,臺中市西屯區漢口路二段151號13樓之9,30000000,1100524
1409,24279757,樂海國際有限公司,臺中市南區忠明南路758號9樓,10000000,1100527
1410,24281682,橋林國際有限公司,臺中市西區昇平里忠明南路303號21樓之3,10000000,1100518
1411,24282704,邦宇實業有限公司,臺中市潭子區甘蔗里興華一路141巷70號8樓之1,500000,1100526
1412,24283561,陳三益實業有限公司,臺中市北區建成里東成路186號1樓,450000,1100506
1413,24287356,瑩鑫投資股份有限公司,臺中市豐原區圓環南路117號2樓,68000000,1100527
1414,24291014,峻榮精密科技股份有限公司,臺中市潭子區大富路三段大富巷30號1樓,1000000,1100526
1416,24292941,益威有限公司,臺中市南屯區三和里公益路二段449號5樓之2,1200000,1100517
1467,24358226,育瑜實業有限公司,臺中市外埔區中山路300巷8號,500000,1100506
1474,24367490,中智捷汽車股份有限公司,臺中市南區文心南路618號,106000000,1100506
1478,24370474,優強倉儲設備有限公司,臺中市大里區夏田里國中路十股巷73弄56號,2000000,1100511
1480,24371488,鼎尚工業股份有限公司,臺中市烏日區溪南路一段682巷219號,9000000,1100510
1498,24399508,鼎森製衣企業股份有限公司,臺中市西區民龍里臺灣大道二段218號7樓之1,10000000,1100525
1508,24413092,長壽資產管理有限公司,臺中市大雅區三和里建興路45巷5號,18000000,1100517
1511,24421023,鴻羽國際投資股份有限公司,臺中市北屯區后庄路83號2樓,25000000,1100507
1517,24429263,明新不動產顧問有限公司,臺中市南屯區溝墘里大墩十七街109號2樓之1,570000,1100506
1522,24431991,基將股份有限公司,臺中市外埔區水美里水美路43號,1000000,1100524
1523,24433457,東鼎人身保險代理人股份有限公司,臺中市西區自由路一段101號10樓之2,20000000,1100511
1527,24437622,鼎曜事業有限公司,臺中市南屯區三厝里向上路三段69號7樓之5,1000000,1100506
1529,24441668,銀座優貿易有限公司,臺中市南屯區龍富十五路99號1樓,10000000,1100517
1530,24443672,珈昇企業有限公司,臺中市神岡區庄前里三民南路252號,500000,1100521
1548,24468883,第一生命股份有限公司,臺中市太平區新興里振福路637號1樓,43400000,1100504
1605,24539178,富欣亞洲有限公司,臺中市大甲區頂店里錦上街130巷3號2樓之2,500000,1100513
1643,24578376,仁享生活股份有限公司,臺中市大里區東興里大明路307巷1號1樓,10812000,1100510
1644,24579017,冠億精密鑄造工業股份有限公司,臺中市大甲區幼三路3號,55000000,1100505
1645,24580491,佑騏國際有限公司,臺中市西屯區工業區七路29號,1000000,1100517
1646,24581077,路邊亭有限公司,臺中市南屯區永春路15之16號,3000000,1100520
1647,24581858,世穎有限公司,臺中市大里區東湖里中興路一段167-5號1樓,5000000,1100525
1648,24583125,創異置地股份有限公司,臺中市南屯區豐偉路186號10樓之3,5000000,1100503
1649,24583357,永安堂國際生物科技有限公司,臺中市北屯區安順東二街67號,5000000,1100525
1650,24583429,家暘不動產經紀有限公司,臺中市北屯區太原路三段1136號,1000000,1100511
1652,24584898,仁和生物科技股份有限公司,臺中市清水區中社里建國路140號1樓,28000000,1100504
1653,24588108,永續電子有限公司,臺中市北屯區軍福十六路275號13樓之5,5000000,1100507
1654,24588677,五維有限公司,臺中市北區明德里太原南二街159號3樓之1,5000000,1100504
1656,24592010,宥發有限公司,臺中市烏日區五光路282號,2000000,1100505
1657,24593171,千力勝國際有限公司,臺中市西屯區順平路242號,5000000,1100510
1658,24595430,人文國際股份有限公司,臺中市梧棲區中和里梧棲路142號,15501000,1100526
1659,24596450,里德美學室內裝修設計有限公司,臺中市北區淡溝里華中街45號1樓,1500000,1100512
1660,24596830,港灣建設有限公司,臺中市梧棲區博愛北路185號1樓,28000000,1100527
1661,24599457,久仲環保顧問有限公司,臺中市西屯區協和里工業區一路98之130號3樓,6000000,1100518
1662,24600314,億達興實業股份有限公司,臺中市大里區大元里中興路二段65巷66號,10000000,1100506
1663,24601860,永騰電機股份有限公司,臺中市太平區太平里新仁路一段44巷8弄40號,13000000,1100526
1664,24602707,尚騰國際開發股份有限公司,臺中市西屯區西安里青海路二段330號1樓,5000000,1100525
1665,24602713,粒線譜生物技術股份有限公司,臺中市北區雙十路二段42號8樓之2,1000000,1100507
1666,24603706,多芳資訊科技有限公司,臺中市太平區中山里中源街3巷22號1樓,1000000,1100506
1667,24603847,新拓眼鏡有限公司,臺中市梧棲區大村里立德街297號2樓,250000,1100528
1668,24604043,智恆文創有限公司,臺中市北屯區松竹路二段455號,7000000,1100503
1669,24605535,鴻利管理顧問有限公司,臺中市北屯區平田里旅順路二段378號1樓,666000,1100528
1670,24607843,嵩穩裝璜有限公司,臺中市太平區光華里長安五街26巷11號4樓,500000,1100518
1671,24607858,誠嘉精密有限公司,臺中市大里區忠孝路132巷6號,4000000,1100512
1725,24662042,俊祥國際有限公司,臺中市西屯區逢甲里文華路9之10號1樓,3300000,1100525
1863,24786992,奧福實業有限公司,臺中市西屯區協和里工業區38路27號4樓,3000000,1100517
1870,24794894,英屬安吉拉商優力有限公司,臺中市西區大忠里大忠南街98號10樓之2,0,1100524
1872,24799820,英屬維京群島商糖村國際有限公司,臺中市西屯區文心路3段357號,8000000,1100519
1879,24820458,銨鉑實業有限公司,臺中市北區漢口路四段35號6樓2,500000,1100520
1880,24822370,明江旅行社有限公司,臺中市北屯區三光里北平路四段203號1樓,6000000,1100517
1881,24822738,群保科技有限公司,臺中市東區東興里建興街37號1樓,5000000,1100504
1882,24822792,維鎮精密有限公司,臺中市大雅區文雅里中山北路117巷33號1樓,7000000,1100527
1883,24823011,張登利資產管理股份有限公司,臺中市西區公正里大進街304號1樓,62600000,1100513
1885,24825334,將馬機械有限公司,臺中市太平區光興路1266巷22弄5號,500000,1100505
1886,24825566,晑億實業有限公司,臺中市潭子區崇德路四段2號,500000,1100514
1887,24826283,嘉盛家具有限公司,臺中市大甲區武曲里橫圳街63號1樓,5000000,1100505
1888,24828629,聚益欣實業有限公司,臺中市烏日區五光路復光六巷63弄6號,5000000,1100524
1890,24831125,立美室內設計有限公司,臺中市北區太原路一段448之7號6樓之1,200000,1100505
1891,24831672,矩頃室內裝修有限公司,臺中市北屯區松強里昌平路二段12之12號1樓,320000,1100527
1892,24832428,嘉禾科技有限公司,臺中市北區中正里臺灣大道一段613巷15號1樓,300000,1100521
1893,24832525,昊鑫設計有限公司,臺中市西屯區惠來里市政北一路359號六樓,100000,1100524
1894,24832692,寶旺國際旅行社有限公司,臺中市北屯區軍榮街201號1樓,10000000,1100506
1895,24832784,威鈞國際有限公司,臺中市東區振興里大勇街66號5樓之8,250000,1100513
1898,24833833,杰睿機電股份有限公司,臺中市北屯區仁美里仁美十二巷108號,1050000,1100511
1899,24833881,原民景觀有限公司,臺中市神岡區圳前里三民東街78巷16號,1000000,1100518
1900,24835797,長興冷凍空調有限公司,臺中市南屯區文心南三路952號1樓,2000000,1100503
1901,24837676,寶加生技有限公司,臺中市大里區仁德里至善路78號1樓,750000,1100510
1902,24838112,陽光綠能股份有限公司,臺中市南屯區精科中路22號2樓,90000000,1100525
1903,24840074,伯客思實業有限公司,臺中市西屯區重慶路99號5樓之3,1000000,1100520
1904,24841051,彩虹文創股份有限公司,臺中市西區向上路一段79巷12號6樓之2,50000000,1100524
1905,24842087,壹參玖伍股份有限公司,臺中市南區和平里復興路二段71巷65弄37號1樓,8200000,1100507
1906,24843852,威肯國際股份有限公司,臺中市大雅區二和里雅環路一段272號3樓,5500000,1100507
1908,24845514,對了出發文化創意有限公司,臺中市西區吉龍里五權西四街13巷14號2樓,10000000,1100531
1909,24845922,艾博生技抗體股份有限公司,臺中市西區民生里自由路一段101號7樓之1,22640000,1100524
1910,24845937,鉅揚國際股份有限公司,臺中市太平區建和路一段12號1樓,5000000,1100507
1911,24846083,天圻國際有限公司,臺中市太平區光興路699巷110弄15號,300000,1100520
1912,24847626,納克斯空間資訊股份有限公司,臺中市南區南門路59巷57號,2500000,1100503
1919,24854674,富基企業管理顧問有限公司,臺中市北區錦中街61之2號,1000000,1100506
1965,24897717,奕炘國際有限公司,臺中市西屯區潮洋里龍門路67號1樓,2400000,1100520
2011,24951253,洢森整合管理顧問有限公司,臺中市西屯區西屯路二段101之6號1樓、101之6號2樓,12000000,1100518
2061,25006065,最賺有限公司,臺中市南屯區惠中里大墩十二街311號13樓之3,1600000,1100518
2062,25006157,尼歐立體科技有限公司,臺中市西區五權三街283號,5000000,1100524
2069,25016556,大寶島光電股份有限公司,臺中市西屯區協和里工業區十六路2號1樓,49798620,1100512
2074,25027771,入德禮教育文化事業有限公司,臺中市西區模範街12巷11號,4210000,1100503
2077,25029356,極簡國際股份有限公司,臺中市北屯區文昌東11街47號2樓,5500000,1100524
2084,25041909,統賀家股份有限公司,臺中市東區東門里東光園路86巷92號1樓,3000000,1100519
2088,25055826,鈞虹汽車有限公司,臺中市東區東信里十甲東路390巷7號1樓,5400000,1100505
2089,25059175,長泓能源科技股份有限公司,臺中市南屯區南屯里五權西路二段666號13樓之5,1229313530,1100519
2093,25064509,久申營造有限公司,臺中市大甲區孟春里經國路1796號1樓,18000000,1100528
2094,25065248,創強科技股份有限公司,臺中市大里區甲堤南路101號1樓,1500000,1100527
2097,25066703,吉嘉事業有限公司,臺中市西屯區龍洋巷50-5號,300000,1100526
2106,25077379,格拉法工藝有限公司,臺中市南屯區黎明路一段195號1樓,5000000,1100506
2111,25090318,潭佳精密科技股份有限公司,臺中市神岡區中山路805號1樓,72000000,1100526
2115,25096306,珮晶科技有限公司,臺中市神岡區豐洲里豐工中路39號,10000000,1100503
2116,25097311,晨豐光電股份有限公司,臺中市西屯區市政北二路236號24樓之1,679122000,1100521
2119,25100293,寶鼎聯通事業股份有限公司,臺中市大里區東興里國光路二段704之10號,15000000,1100503
2147,25154163,勁盈實業有限公司,臺中市神岡區社南里社南街5巷62號,3000000,1100510
2156,25170733,忠鴻科技股份有限公司,臺中市南屯區大同里大墩六街114巷6號1樓,5000000,1100507
2158,25175218,萬展塑膠有限公司,臺中市大里區環河路113號5樓,10000000,1100504
2164,25182098,翔寬企業有限公司,臺中市太平區新高里立功路87號1樓,6000000,1100527
2168,25185829,福德土地開發股份有限公司,臺中市神岡區北庄里中山路1323巷36號1樓,55000000,1100520
2192,27235894,香港商艾德盛亞太有限公司,臺中市西屯區何南里東興路3段381號5樓之3,1000000,1100524
2196,27261127,朝堃有限公司,臺中市大里區仁愛路160巷20號1樓,5000000,1100511
2207,27275071,昭盛興業有限公司,臺中市西屯區何明里大有一街20號1樓,10000000,1100518
2212,27285958,昶興國際貿易有限公司,臺中市西區民龍里臺灣大道二段239號13樓,4000000,1100512
2214,27287772,璽擇斯股份有限公司,臺中市大里區新仁六街1巷9號1樓,1000000,1100526
2223,27317945,中南海酒店股份有限公司,臺中市北屯區敦化路一段485號及481號2至9樓,210000000,1100505
2226,27322052,真奇巧科技有限公司,臺中市西區民龍里梅川西路二段19之2號20樓,1000000,1100503
2248,27381116,三麗科技開發股份有限公司,臺中市北區賴明里文昌東一街338號2樓,11500000,1100528
2250,27393838,巨宿建設股份有限公司,臺中市西區公正里大墩十一街8號8樓之2,25000000,1100510
2254,27398995,博琝實業有限公司,臺中市清水區南社里鰲峰路161巷86之2號,5000000,1100518
2265,27427149,臻裕開發股份有限公司,臺中市西屯區甘州二街31號1樓,2000000,1100507
2268,27430741,群暘營造股份有限公司,臺中市西屯區市政路386號8樓之7,22500000,1100521
2269,27430876,基因谷生技有限公司,臺中市南區平和里美和街66巷16號1樓,5000000,1100520
2277,27455756,的仕實業股份有限公司,臺中市太平區富平路37巷54號1樓,6600000,1100513
2282,27469359,高鋒投資股份有限公司,臺中市南屯區田心里大墩六街350巷53號,20000000,1100520
2283,27471334,金澤投資股份有限公司,臺中市南屯區田心里大墩六街350巷53號4樓,20000000,1100521
2289,27477457,保捷車材有限公司,臺中市大里區大里街31巷2號1樓,30000000,1100526
2291,27481327,金和興國際有限公司,臺中市西屯區臺灣大道二段888號13樓之18,8000000,1100513
2296,27492865,柏科立股份有限公司,臺中市大雅區四德里龍善一街8號,9800000,1100527
2297,27497685,巧農有限公司,臺中市北區錦平里中華路二段１７３巷６５號１樓,17000000,1100521
2304,27514312,八僖有限公司,臺中市北區金華里興進路213號13樓之2,5000000,1100520
2348,27593929,江陣奎投資有限公司,臺中市北區崇德里太原路三段50號1樓,107539800,1100506
2351,27605896,百禾丰紙品有限公司,臺中市西屯區西墩里臺灣大道四段16巷198號,5000000,1100503
2354,27616330,仟翔科技企業有限公司,臺中市大安區龜殼里龜殼路156號,5000000,1100506
2356,27619364,元鎂興業股份有限公司,臺中市西區民權路233巷7之1號1樓,26000000,1100512
2359,27626920,仙慧實業有限公司,臺中市神岡區社南里昌平路五段109巷30弄103號,500000,1100525
2364,27633324,光展應材股份有限公司,臺中市北屯區崇德路二段252號16樓,43170000,1100511
2366,27635462,永恬設計顧問有限公司,臺中市南屯區溝墘里大英街645巷2號1樓,500000,1100526
2374,27647100,昭盛大飯店有限公司,臺中市西屯區何明里大有一街20號1樓,40000000,1100519
2381,27666801,八味珍食品有限公司,臺中市西屯區福和里台中港路３段８９巷１弄５０之１２號１樓,1300000,1100503
2384,27669265,喜愛精品燈飾股份有限公司,臺中市西屯區福吉街101號,1000000,1100528
2385,27674112,美盛溫泉事業股份有限公司,臺中市西屯區何明里大有一街20號1樓,28000000,1100519
2386,27675652,寶樺建設股份有限公司,臺中市西區昇平里中興街38號,30000000,1100505
2424,27749401,元坊興業有限公司,臺中市太平區新平路二段151號1樓,2686365,1100512
2440,27772351,盾威有限公司,臺中市大雅區中清路四段903巷11弄28號,8000000,1100520
2443,27781892,尚銓人力仲介有限公司,臺中市南區德祥街67巷11號,9000000,1100511
2445,27785362,愛爾康迪有限公司,臺中市大里區東興里國光路二段554號1樓,2000000,1100512
2453,27796190,華星通運有限公司,臺中市梧棲區四維中路246號1樓,30000000,1100512
2455,27797487,單車人傳媒有限公司,臺中市南屯區文心里向心路109號16樓之2,6000000,1100511
2461,27805178,富龍科技股份有限公司,臺中市西屯區福聯里東海街62號1樓,36000000,1100512
2463,27816338,筌晟有限公司,臺中市霧峰區南勢里北岸路54巷20號,8000000,1100514
2464,27817337,大任不動產經紀有限公司,臺中市沙鹿區中山路386之2號1樓,500000,1100517
2467,27820558,貝克莉有限公司,臺中市南屯區大業路275號1樓,3900000,1100506
2473,27833456,友愛小客車租賃有限公司,臺中市豐原區翁社里豐年路260號1樓,5000000,1100524
2481,27857506,詠合興機械股份有限公司,臺中市大雅區上楓里德勝路17巷1號1樓,5200000,1100506
2483,27858694,至廣發工業有限公司,臺中市西屯區漢口路二段19之3號1樓,10000000,1100517
2484,27865920,玉山生物科技股份有限公司,臺中市西屯區福安七街18號3樓,6000000,1100505
2485,27866527,獨奏心靈傢俬股份有限公司,臺中市西屯區龍潭里龍吉街308號,5000000,1100512
2486,27867899,順詠實業有限公司,臺中市沙鹿區鹿寮里光榮街79號5樓之11,1000000,1100514
2490,27887001,斯麥特管理顧問有限公司,臺中市潭子區中山路一段7巷29號1樓,1000000,1100524
2492,27891498,麗池時尚館股份有限公司,臺中市西屯區何德里漢口路二段151號13樓之8,21380000,1100525
2506,27921057,志鑫機械有限公司,臺中市烏日區溪南路二段270巷83弄28號,3000000,1100526
2554,28013147,常富凱健康生技有限公司,臺中市大里區瑞城一街171號,5000000,1100511
2555,28013505,佑慶建設股份有限公司,臺中市東區東英五街62號3樓,5000000,1100511
2556,28014645,傣慶開發工程有限公司,臺中市北屯區松安里修齊街13巷16號1樓,3000000,1100528
2560,28027590,慧鑫貿易有限公司,臺中市西屯區河南路一段170號2樓之2,11500000,1100525
2566,28041973,磐宇國際有限公司,臺中市南屯區龍富十五路53號,10000000,1100511
2568,28043542,鋐遠企業有限公司,臺中市太平區宜佳里宜昌路111巷10號1樓,500000,1100526
2570,28044063,永承人力管理有限公司,臺中市后里區聯合里水門路31號1樓,500000,1100519
2571,28046055,郁懋印刷機械貿易股份有限公司,臺中市西屯區福上巷181弄6號,20000000,1100520
2574,28051839,亞細亞氣密隔音窗股份有限公司,臺中市潭子區新田里豐興路二段338巷20號,215522000,1100506
2582,28063574,雅嵐股份有限公司,臺中市南屯區楓樹里楓樂巷1-25之1號,35000000,1100513
2583,28064291,萬向精密股份有限公司,臺中市南區樹德里復興北路431巷18號,138000000,1100520
2602,28093649,富慶開發股份有限公司,臺中市東區東信里東英五街62號2樓,35000000,1100513
2611,28102540,全酉股份有限公司,臺中市潭子區潭秀里中山路二段607號,28000000,1100531
2624,28123448,精呈科技股份有限公司,臺中市神岡區豐工三路10號,176410000,1100527
2638,28162390,大禹興業有限公司,臺中市大里區大元里現岱路16巷11弄8號,500000,1100527
2639,28162877,縉旺興業有限公司,臺中市大雅區二和里田心一街1巷7號1樓,3000000,1100522
2641,28165925,曜通貿易股份有限公司,臺中市西屯區福雅里福祥街11號5樓之1,25000000,1100524
2693,28314354,潔懋衛浴有限公司,臺中市大雅區昌平路四段282巷351之32號1樓,1000000,1100521
2697,28323945,宇澤建設有限公司,臺中市豐原區西湳里20鄰豐原大道七段1號,50000000,1100514
2701,28329482,虹緯電訊工程有限公司,臺中市南屯區大誠里大墩二街96號12樓之3,16000000,1100524
2705,28339398,玖億室內裝修設計有限公司,臺中市大雅區中清路三段936號1樓,5000000,1100511
2707,28345862,數泓科技股份有限公司,臺中市潭子區潭秀里北環路15-1號,125685000,1100526
2711,28350999,林偉開發股份有限公司,臺中市西區大隆路20號13樓之7,50000000,1100503
2717,28360259,品菓國際企業股份有限公司,臺中市烏日區螺潭里溪南路二段68巷26弄38號,10000000,1100506
2719,28368365,翔詠投資股份有限公司,臺中市西區五權西路一段237號6樓之2,1000000,1100503
2721,28370783,虹鋁實業有限公司,臺中市沙鹿區北勢里北勢二街115號,3000000,1100505
2726,28375859,宜佳網路科技有限公司,臺中市南屯區惠中里文心路一段378號9樓之6,1000000,1100503
2730,28382444,欣鴻精密機械股份有限公司,臺中市烏日區五光路607巷59號,216000000,1100527
2747,28401738,新昌複合材料股份有限公司,臺中市太平區光興路770號,40540000,1100521
2794,28500287,嬰之房有限公司,臺中市西屯區何源里成都路177號1樓,16800000,1100503
2802,28511566,明鉅科技有限公司,臺中市南屯區春社里同安南巷8之3號,5000000,1100527
2806,28513488,神采瑞電訊工程有限公司,臺中市大里區大里街78號1樓,500000,1100524
2809,28517920,台灣三軸科技有限公司,臺中市南屯區寶山里五權西路三段10巷88-1號1樓,33000000,1100506
2821,28538967,鑫岳石材有限公司,臺中市梧棲區經二路1號,55000000,1100519
2823,28541386,合升精密機械股份有限公司,臺中市龍井區龍西里龍門路100之2號,58200000,1100526
2825,28546208,文勝科技企業有限公司,臺中市烏日區公園路77號9樓之7,1000000,1100524
2826,28546468,定奕企業有限公司,臺中市北屯區東山路一段246號1樓,3000000,1100510
2829,28548796,同匯有限公司,臺中市外埔區三崁里三崁路65之1號,22000000,1100511
2843,28577855,泉湧美術印刷企業有限公司,臺中市北區健行路574號2樓,1000000,1100517
2844,28579018,楊鐵精密股份有限公司,臺中市太平區永平路三段9巷28號,122000000,1100510
2848,28590055,亞孟仕創意賜點靈有限公司,臺中市西屯區工業區一路6號14樓之1,1000000,1100521
2859,28627166,上友文教事業有限公司,臺中市東區南京東路一段408號1樓,1000000,1100513
2866,28639331,昱展科技有限公司,臺中市西屯區福和里福安六街25巷12號2樓,3600000,1100513
2880,28670402,瑞登生物科技有限公司,臺中市南屯區文心路一段186號10樓之7,5000000,1100506
2884,28676243,智喬投資有限公司,臺中市西屯區大河街36號1樓,1000000,1100514
2921,28722675,威爾斯寵物村有限公司,臺中市太平區宜昌東路23巷51號1樓,7000000,1100512
2928,28741048,優力華人力資源管理顧問有限公司,臺中市南屯區文心路一段378號9樓之6,500000,1100514
2942,28777777,金信榮實業有限公司,臺中市潭子區潭陽里潭東街11號6樓,1000000,1100521
2948,28786847,廉正事業有限公司,臺中市北屯區平順里昌平路一段400號9樓之2,1000000,1100514
2949,28786895,快樂生活科技有限公司,臺中市西區臺灣大道二段220號18樓,1400000,1100525
2951,28790440,四季不動產股份有限公司,臺中市西屯區福雅里永福路126號19樓之7,1000000,1100525
2952,28792708,敦昌有限公司,臺中市南屯區寶山里寶山二街90號1樓,5000000,1100510
2953,28795450,華達工具有限公司,臺中市太平區光興路359號,3000000,1100517
2957,28800496,俊龍塑膠有限公司,臺中市豐原區水源路9巷93弄6號1樓,3000000,1100505
2962,28809567,太睿建設股份有限公司,臺中市西屯區成都路152號1樓,35000000,1100521
2967,28813730,鼎金國際貿易有限公司,臺中市北屯區和平里祥順路二段500之61號1樓,5000000,1100519
2972,28818974,尚禾資產管理股份有限公司,臺中市西區忠明南路100號,42800000,1100520
3008,28878418,鼎宇營造股份有限公司,臺中市西區民權路239號13樓,37625000,1100528
3012,28884636,賢興投資有限公司,臺中市中區綠川西街135號12樓之1,10000000,1100512
3020,28892333,合懋印刷股份有限公司,臺中市后里區義德里新興街8號,17050000,1100524
3024,28899949,高仕皮包有限公司,臺中市太平區立行街43號,5000000,1100521
3027,28901488,寵物工園企業有限公司,臺中市北區金龍里10鄰德化街81號1樓,6000000,1100517
3031,28910613,鑫翔堡不動產有限公司,臺中市西屯區福恩里工業區一路2巷3號3樓之6,1000000,1100505
3049,28936445,摩根商務旅館股份有限公司,臺中市西屯區福星路427號1樓至11樓,40000000,1100531
3055,28951901,環亞科技有限公司,臺中市霧峰區吉峰里吉峰路36巷4號2樓,500000,1100527
3057,28953669,寶鑽投資有限公司,臺中市南屯區大墩十三街21號2樓,11000000,1100514
3058,28954484,廷漢科技有限公司,臺中市西屯區何安里四川西一街6號6樓之4,1000000,1100521
3062,28960937,青騰國際有限公司,臺中市南區忠明南路760號40樓,6000000,1100520
3071,28975066,英屬蓋曼群島商楷捷國際投資股份有限公司,臺中市北區太原路1段476號3樓之1,0,1100505
3072,28977156,香港商富吉多有限公司,臺中市西屯區大墩十九街186號8樓之1,5000000,1100521
3142,29088150,僑貴實業有限公司,臺中市西屯區臺灣大道三段660號地下一層之6,8000000,1100526
3143,29096406,金林建設開發股份有限公司,臺中市西區大隆路20號13樓之6,150000000,1100514
3152,29113067,金展精密科技工業股份有限公司,臺中市烏日區東園里溪南路一段460巷221號,82000000,1100507
3153,29113685,正宗龍口粉絲有限公司,臺中市太平區育仁路67號5樓,3000000,1100503
3156,29119718,金川源金屬股份有限公司,臺中市北區五權路501巷40號,10000000,1100510
3161,29128049,恒生動物科學有限公司,臺中市大里區中興路一段422號2樓,3000000,1100506
3203,29182612,台灣倉敷機械股份有限公司,臺中市后里區后里里1鄰后科南路32號,264000000,1100521
3204,29183112,承鋆生醫股份有限公司,臺中市大雅區科雅路26號4樓,70000000,1100518
3208,29186075,台灣昵帕股份有限公司,臺中市梧棲區草湳里經二路55號,240000000,1100519
3209,29186336,台灣普拉材料股份有限公司,臺中市南區忠明南路758號28樓,75000000,1100505
3215,29187980,台灣杉金光電股份有限公司,臺中市梧棲區經一路39號2樓,1379889290,1100525
3233,31143480,大永真空設備股份有限公司,臺中市梧棲區草湳里自立一街200號,100000000,1100520
3270,34219456,裕力機械股份有限公司,臺中市西屯區工業區九路10號,636087540,1100518
3274,34291180,承立通運股份有限公司,臺中市南屯區新生里公益路二段1005號1樓,19000000,1100519
3304,35830158,和泰通運企業股份有限公司,臺中市烏日區榮泉里中山路三段1337號1樓,65000000,1100531
3425,42631351,蕾蒂絲國際有限公司,臺中市西屯區逢福里福星路621號,3000000,1100507
3434,42637340,和倫股份有限公司,臺中市烏日區溫泉路10-9號,500000,1100510
3438,42639993,綠久安健康國際股份有限公司,臺中市西區向上路一段79巷10號15樓,8525000,1100505
3447,42649438,千味淳股份有限公司,臺中市南屯區惠中路二段146號,28000000,1100526
3459,42660600,嵩園建設有限公司,臺中市南區復興北路543號5樓,13500000,1100525
3460,42660616,愛森管理顧問有限公司,臺中市西屯區市政路539號3樓,1000000,1100514
3461,42661256,龍廷創意股份有限公司,臺中市南屯區寶山里工業區十八路11號2樓,12700000,1100510
3462,42661468,聯宏實業股份有限公司,臺中市大里區瑞城里中興路一段2巷1號,10000000,1100526
3463,42661609,茂聚國際有限公司,臺中市北屯區祥順六街80號1樓,1000000,1100531
3464,42661880,淯成實業有限公司,臺中市太平區大興里文林街33巷34號1樓,2000000,1100517
3466,42666365,家豐保險經紀人股份有限公司,臺中市西區藍興里大全街89巷5號1樓,5000000,1100517
3467,42666415,禧院投資有限公司,臺中市北屯區仁和里崇德十路一段472號1樓,15000000,1100510
3468,42666647,雲林客運股份有限公司,臺中市西屯區至善里臺灣大道三段658號10樓之1,89000000,1100503
3469,42668167,伊晉萱仕女美容有限公司,臺中市南屯區大業里大進街525號地下1樓、1樓、2樓,3000000,1100518
3470,42668498,極奧有限公司,臺中市沙鹿區永寧路301巷1號1樓,1000000,1100527
3471,42669172,大翼科技工程股份有限公司,臺中市北區陝西路62號5樓之6,6000000,1100519
3472,42669617,亞侑科技有限公司,臺中市北區榮華街54號1樓,1000000,1100506
3473,42670348,孫悟空創意發明股份有限公司,臺中市西區公益里公益路223號地下一樓,49000000,1100519
3474,42670987,東榮運動管理顧問有限公司,臺中市霧峰區振興西街17號12樓,1000000,1100521
3475,42671297,保成開發建設股份有限公司,臺中市北屯區文心路四段955號12樓之1,6000000,1100503
3476,42672269,永泰豐實業有限公司,臺中市南屯區永春東七路517號2樓之2,65000000,1100506
3477,42672388,和沐實業有限公司,臺中市北屯區平安里文昌東七街2號1樓,4650000,1100511
3478,42673252,勵耀企業有限公司,臺中市北區崇德路一段629號19樓之2,3600000,1100525
3479,42675272,卡司生活有限公司,臺中市西區中興里公益路171號1樓及2樓,5300000,1100504
3480,42676960,大樹設計有限公司,臺中市大里區西湖里大峰路473巷53之2號,2000000,1100527
3481,42677476,臻醇香實業有限公司,臺中市烏日區學田路山頂巷63號1樓,200000,1100511
3483,42678186,圓周率工程有限公司,臺中市西屯區西墩里西墩南一巷15號4樓,4500000,1100517
3484,42680562,銳騎佰客有限公司,臺中市南屯區三義里黎明路二段420號17樓之6,25500000,1100526
3485,42680704,北極茶汁辣度有限公司,臺中市南屯區大業路246號1樓,1500000,1100528
3486,42680964,羽楊有限公司,臺中市南屯區大正街6號4樓之1,500000,1100517
3488,42682061,翡翠青瓷藝術文化有限公司,臺中市西屯區工業區一路58巷19號1樓,600000,1100519
3489,42682533,大業永業股份有限公司,臺中市大里區永隆里永隆七街22巷10號5樓,10000000,1100519
3490,42682689,麗朵國際企業有限公司,臺中市龍井區竹師路一段260巷19弄47號1樓,1380000,1100505
3491,42683110,穎畇工程有限公司,臺中市北區長青里陝西五街14號,1000000,1100525
3493,42684080,艾格司農業科技股份有限公司,臺中市潭子區潭興路一段3號,30000000,1100518
3494,42685813,樸源實業有限公司,臺中市北屯區文心路四段955號10樓之5,8000000,1100524
3495,42686854,東翰企管顧問有限公司,臺中市西屯區市政北七路186號23樓之9,100000,1100519
3496,42687690,圓方空間設計有限公司,臺中市太平區建國里成功路395巷43號1樓,300000,1100504
3497,42687951,禮運工程有限公司,臺中市太平區永豐路108巷12之23弄14號,2500000,1100527
3498,42688678,台灣傳奇農業科技股份有限公司,臺中市北區忠明路502之1號5樓之1,3000000,1100511
3499,42690111,豐群生技有限公司,臺中市北屯區北京里進化北路74號2樓,10000000,1100513
3552,42742687,明享營造工程有限公司,臺中市東勢區新盛里23鄰東關路六段999巷13號,3600000,1100505
3557,42745559,辰峰環境科技有限公司,臺中市南區美村路二段212號1樓,1000000,1100503
3636,42816104,震冠文創科技有限公司,臺中市西屯區何源里華美西街二段311號9樓之3,100000,1100528
3661,42828571,奧特拉科技股份有限公司,臺中市北屯區平田里文心路四段955號12樓之1,8000000,1100505
3715,42870845,正大磊材料股份有限公司,臺中市梧棲區自立二街121號,20000000,1100527
3716,42872169,普絡股份有限公司,臺中市西區忠明南路138號4樓之1,25000000,1100519
3717,42872533,水芝境有限公司,臺中市西屯區寧夏路89巷36號,1000000,1100525
3718,42875102,揚鈞工程有限公司,臺中市北區錦平北街37號2樓,5000000,1100512
3719,42875200,正欣實業有限公司,臺中市西屯區福祥街9號3樓之2,5000000,1100507
3720,42875308,棠富工程有限公司,臺中市北屯區天津路四段165號,1000000,1100504
3721,42875551,梅鏡緣股份有限公司,臺中市西屯區潮洋里市政北二路282號29樓,1000000,1100527
3722,42875763,昶恩建設有限公司,臺中市沙鹿區平等一街63號1樓,20000000,1100531
3723,42875980,鑫力灞工程有限公司,臺中市大里區草湖路215巷20弄8號1樓,500000,1100521
3724,42877116,楷爵空間工程有限公司,臺中市西區民族路333號4樓之4,1000000,1100518
3725,42879439,大睿營造有限公司,臺中市西區福人街121巷9號1樓,17000000,1100528
3726,42881688,嘉博峰有限公司,臺中市外埔區鐵山里長生路193號1樓,1000000,1100505
3727,42882835,阡鈜有限公司,臺中市神岡區三角里大富路108號,500000,1100525
3728,42883378,奕安精密科技有限公司,臺中市大里區仁化里工業二十路9號,3000000,1100527
3729,42883813,千第企業有限公司,臺中市南屯區豐樂里文心南五路一段520號1樓,100000,1100527
3731,42886451,佳詮建設有限公司,臺中市太平區新興里樹德九街122號1樓,28000000,1100504
3732,42887542,寶亨實業有限公司,臺中市南屯區大同里大墩路188號4樓,5000000,1100506
3733,42887607,旅禾泡芙之家有限公司,臺中市西區民生路358號1樓,2000000,1100524
3734,42888227,御鋒汽車實業有限公司,臺中市西屯區福瑞里福瑞街138巷13號,30000,1100512
3735,42889175,東興精密工業有限公司,臺中市烏日區光明里五光路679巷84弄5號1樓,1000000,1100514
3736,42890504,超動力大數據股份有限公司,臺中市南屯區寶山里寶山東二街19巷17號4樓之2,7000000,1100503
3738,42891341,誠碁有限公司,臺中市西區民生里綠川西街20號2樓,5000000,1100521
3739,42892411,逸捷科技有限公司,臺中市潭子區東寶里大富路一段325巷11號1樓,1000000,1100527
3740,42892622,十二籃食品有限公司,臺中市南屯區新生里五權西路二段1126號,1500000,1100518
3741,42894184,元浩科技有限公司,臺中市后里區民生路99巷1弄5號1樓,5000000,1100520
3742,42894305,晟曜慶建設有限公司,臺中市西區綠川西街15號,6000000,1100510
3743,42894641,摩士智能股份有限公司,臺中市后里區公館里安眉路82之130號,10000000,1100503
3744,42894733,東沁有限公司,臺中市西屯區西安里青海路二段438號8樓之5,6000000,1100512
3745,42894873,帝通企業股份有限公司,臺中市南屯區南屯路二段870巷27號1樓,80000000,1100506
3746,42895000,森御盒膳股份有限公司,臺中市大甲區日南里工七路10號,6000000,1100505
3747,42895796,洲揚電子股份有限公司,臺中市南區福興里福東街16號1樓,3600000,1100527
3748,42895917,乾坤奈米科技股份有限公司,臺中市西屯區河南路一段170號5樓之2,1900000,1100512
3749,42897978,秀平股份有限公司,臺中市烏日區高鐵一路299號7樓,18000000,1100507
3750,42898724,惠昌開發建設有限公司,臺中市太平區宜昌路270號1樓,1000000,1100503
3751,42898941,守承實業有限公司,臺中市北區錦洲里富強街113號,500000,1100506
3838,42946388,英屬安吉拉商金奇運動行銷股份有限公司,臺中市南屯區同心里大墩西一街21巷3號,1000000,1100517
3842,42950713,南卡宇色文化事業有限公司,臺中市北區賴興里文昌東一街45號1樓及地下層,500000,1100503
3859,42958784,鏘協興業股份有限公司,臺中市西屯區市政北二路236號14樓之1,12000000,1100512
3925,43033467,貝里斯商裕苑股份有限公司,臺中市南屯區大英街640號,65000000,1100513
3955,43788507,艾蒙特科技有限公司,臺中市北區東成三街152號1樓,1500000,1100527
3987,43874475,單元細胞有限公司,臺中市西屯區臺灣大道四段839號12樓,500000,1100526
4005,44508666,世峻營造工程股份有限公司,臺中市烏日區九德里長春街176號五樓之1,22500000,1100506
4040,45096590,磊成營造有限公司,臺中市南區福田五街22號11樓之1,3000000,1100527
4041,45096607,凱歆有限公司,臺中市西屯區何安里臺灣大道二段910號7樓之1,1000000,1100513
4068,45114507,萬盛國際開發股份有限公司,臺中市西屯區潮洋里朝富路213號10樓之8,21000000,1100510
4105,45145369,友通清潔有限公司,臺中市南屯區大墩路188號4樓,120000,1100510
4106,45146374,萌特國際有限公司,臺中市北屯區太原路三段1375號1樓,5000000,1100527
4107,45147107,鈦鈗精工有限公司,臺中市東區東門里東門路22號,100000,1100510
4108,45149718,宇恩管理顧問股份有限公司,臺中市西屯區華美西街二段311號2樓之1,2500000,1100525
4110,45190005,品信土地開發股份有限公司,臺中市龍井區南寮里向上路六段162號2樓,50000000,1100510
4111,45193690,美樂營造有限公司,臺中市北區淡溝里民權路361號11樓,3600000,1100512
4112,45195557,沐澄股份有限公司,臺中市北區健行里健行路900號8樓,5000000,1100512
4114,45877096,泓德能源科技股份有限公司,臺中市西屯區朝富路213號28樓之2、之3,500000000,1100521
4115,45877954,皇禧有限公司,臺中市西屯區福林里臺灣大道四段1218號3樓之2,65000000,1100519
4116,45879622,廣泰昇貿易有限公司,臺中市沙鹿區中清路六段161之51號1樓,1300000,1100527
4118,45883175,十全食美餐飲事業有限公司,臺中市西區公益里忠明南路237號9樓之4,1000000,1100505
4119,45886068,怡興公寓大廈管理維護股份有限公司,臺中市北屯區平昌里文心路四段936號地下一樓,20000000,1100531
4120,45886200,慧穩科技股份有限公司,臺中市烏日區三和里高鐵五路156號3樓之5,15000000,1100519
4121,45886530,周易設計有限公司,臺中市西區大忠南街72號2樓之1,500000,1100511
4122,45886721,泰一國際貿易有限公司,臺中市大雅區學府路229號2樓之1,36000,1100524
4123,45886834,鴻海人力派遣股份有限公司,臺中市南屯區黎明路二段132號1樓,1000000,1100503
4124,45887475,諾亞方舟小客車租賃有限公司,臺中市西屯區順平一街16號1樓,10000000,1100514
4125,45887778,匯澄房仲開發有限公司,臺中市南區工學路50號1樓,1080000,1100527
4127,45888811,多秝貿易有限公司,臺中市大雅區三和里義和路7之3號1樓,5000000,1100511
4128,45889059,有禾有限公司,臺中市沙鹿區福成路255巷8號,2600000,1100528
4129,45889804,得梨思有限公司,臺中市南屯區大誠里東興路二段127號1樓、2樓,500000,1100521
4130,45890632,廣翰精密有限公司,臺中市神岡區岸裡里大富路155號1樓,600000,1100519
4214,50759077,双杰科技有限公司,臺中市南區興大路350巷39號1樓,1000000,1100507
4246,50771729,莆田國際事業有限公司,臺中市南屯區文心路一段420號1樓,5000000,1100520
4287,50791133,常仁股份有限公司,臺中市西屯區臺灣大道三段556巷21之1號1樓,2000000,1100525
4296,50794949,中誠祥瑞廚師管理顧問股份有限公司,臺中市南屯區黎明路二段426號13樓之3,3700000,1100505
4315,50811399,品森樂活室內裝修空間設計有限公司,臺中市南屯區豐樂里向心南路752號,500000,1100503
4316,50811503,力德金屬有限公司,臺中市豐原區社皮里中正路526號15樓,3750000,1100512
4317,50811855,巨亨國際有限公司,臺中市北屯區大德里平德路142巷1號2樓,5000000,1100518
4318,50813919,空白製作所有限公司,臺中市西區公民里16鄰自立街95巷10號1樓,200000,1100526
4319,50814070,百和綜效興業有限公司,臺中市西屯區何成里大墩二十街148號1樓,1000000,1100531
4320,50814754,大盛展業有限公司,臺中市北區美德街223號1樓,1500000,1100507
4321,50815352,富立心有限公司,臺中市西區大仁街60巷11號1樓,4000000,1100510
4322,50815563,耀輝精業有限公司,臺中市東區旱溪里自由路四段113號2樓,100000,1100524
4323,50816227,一膳餐飲事業股份有限公司,臺中市南屯區溝墘里大正街88號3樓之2,10000000,1100526
4324,50816248,天購整合行銷股份有限公司,臺中市南區復興路三段380號11樓,6000000,1100531
4325,50816958,勁速有限公司,臺中市大雅區中山路31號1樓,10000000,1100525
4326,50818007,誠信行出口貿易有限公司,臺中市西區忠誠里華美西街一段36號9樓,400000,1100527
4327,50818891,網進知識娛樂有限公司,臺中市烏日區溪南路一段610巷5號1樓,27000000,1100507
4328,50818908,元源不動產有限公司,臺中市北屯區大連路三段100號1樓,300000,1100506
4329,50819147,波阿斯居家智慧股份有限公司,臺中市北屯區崇德路二段46之10號11樓,38250000,1100527
4330,50819316,其益國際有限公司,臺中市大里區內新街15之6號8樓,600000,1100507
4331,50819667,鼎弋資產管理股份有限公司,臺中市烏日區新興路255號2樓、255號3樓、 255號4樓,16000000,1100504
4332,50820159,瑞柏綠色創新股份有限公司,臺中市西區民龍里臺灣大道二段220號6樓,2000000,1100528
4333,50821874,有果有限公司,臺中市太平區光華里長安路82號1樓,500000,1100525
4334,50822178,杰品科技有限公司,臺中市西屯區市政路500號12樓之3,1000000,1100510
4335,50822564,伊格希國際有限公司,臺中市西區英才路621號1樓,200000,1100510
4336,50822656,鐿騏建設有限公司,臺中市北屯區文心路四段101號6樓之2,6000000,1100503
4337,50823016,富珹不動產經紀有限公司,臺中市北屯區松竹路一段871號,1000000,1100527
4338,50824660,器作文化事業有限公司,臺中市北區進化路575號4樓之6,500000,1100527
4339,50824681,長佳智能股份有限公司,臺中市西區臺灣大道二段573號8樓,900000000,1100517
4340,50825437,華樂展業有限公司,臺中市北區新北里錦南街19之11號1樓、19之12號1樓,1000000,1100512
4341,50825507,洲際不動產經紀有限公司,臺中市北屯區松竹路三段391號,2000000,1100525
4342,50826288,宏達昇股份有限公司,臺中市后里區寺山路15巷23號,5000000,1100517
4343,50826597,富沛科技有限公司,臺中市豐原區翁明里圓環北路二段317巷9弄10號1樓,1000000,1100505
4345,50826891,寶山電通有限公司,臺中市北屯區松竹路二段362之23號3樓之3,5000000,1100510
4346,50827033,浪巢有限公司,臺中市南區復興路二段205巷41號1樓、2樓,520000,1100524
4347,50827717,久仰砂石有限公司,臺中市大里區環河路一段270號1樓,500000,1100507
4348,50827998,聯達智能股份有限公司,臺中市南屯區精科三路2號2、3樓,92000000,1100513
4349,50829291,台灣富氫環保能源科技股份有限公司,臺中市南屯區大墩四街400巷18號,9000000,1100510
4351,50830311,好韻生活有限公司,臺中市北屯區文心路四段750號地下室之一與752號地下室,2800000,1100512
4352,50831698,伍聯工業有限公司,臺中市清水區楊厝里頂三庄路20號1樓,11000000,1100510
4353,50831992,恆網股份有限公司,臺中市西屯區大河里河南路二段27號四樓,500000,1100524
4354,50832541,百辰環境有限公司,臺中市大甲區文武里順天路425號,500000,1100527
4356,50833892,左撇子整合行銷有限公司,臺中市北區金華里進化路372之5號13樓,100000,1100514
4357,50834061,懿揚建設股份有限公司,臺中市北屯區平興里崇德二路一段109號1樓,5000000,1100510
4358,50834365,海灣投資股份有限公司,臺中市西區民權路229巷19號,100000000,1100525
4359,50834793,新煒杰有限公司,臺中市南屯區黎明東街368號5樓,1000000,1100504
4360,50834800,晶豐鑫有限公司,臺中市大雅區神林路一段520巷35之18號1樓,1100000,1100510
4361,50835358,宇珏室內裝修有限公司,臺中市西屯區何仁里重慶路289之9號10樓,2000000,1100511
4363,50835619,新暘工程實業股份有限公司,臺中市北區文莊里中清路一段89號9樓之7,500000,1100518
4365,50838215,大東國際開發有限公司,臺中市西屯區惠來里文心路三段13之7號,1000000,1100504
4366,50838221,天御資訊有限公司,臺中市梧棲區四維中路252號11樓之2,1000000,1100524
4367,50838242,詠鉅工業科技股份有限公司,臺中市大雅區四德里雅環路一段157號1樓,3000000,1100520
4430,50882372,曜防疫用品有限公司,臺中市北屯區太原路三段1331號,200000,1100505
4451,50891745,鼎鈦室內裝修設計有限公司,臺中市西區公益路132號7樓,1000000,1100525
4549,50946328,青年電器城有限公司,臺中市烏日區三榮北一路23號1樓,500000,1100524
4550,50946410,眾信顧問有限公司,臺中市梧棲區頂寮里八德路82之1號8樓之8,500000,1100510
4633,51077121,中新交通事業股份有限公司,臺中市北區健行里20鄰忠明路412號2樓,2000000,1100517
4635,51077516,中豐交通有限公司,臺中市北區健行里忠明路412號1樓,5000000,1100526
4638,51193402,北海大飯店有限公司,臺中市北區中清路一段286、288號,3000000,1100511
4639,51326774,欣中天然氣股份有限公司,臺中市西屯區天水中街36號,1803073160,1100521
4640,51485702,建高工程股份有限公司,臺中市西屯區文心路2段201號4樓之1、4樓之2,200000000,1100511
4641,51620518,富國精版印刷廠股份有限公司,臺中市西區五權西一街111號1樓,9960000,1100526
4650,52265987,尚立通運股份有限公司,臺中市北屯區崇德路二段128號5樓之5,10000000,1100520
4655,52295455,金龍鐵工廠股份有限公司,臺中市南屯區工業區22路14號,19032000,1100521
4662,52335816,益盛整合行銷有限公司,臺中市西屯區文心路三段13之7號,1000000,1100519
4667,52365487,潤寶企業有限公司,臺中市西區公舘里永成街93號1樓,600000,1100526
4671,52375605,美律實業股份有限公司,臺中市南屯區寶山里工業區二十三路22號,2092776420,1100520
4673,52385499,愛妮企業股份有限公司,臺中市大里區長榮里大里路13號,358000000,1100525
4677,52408970,喬福泡綿股份有限公司,臺中市南屯區工業區二十六路1號,95000000,1100513
4678,52410027,游億成有限公司,臺中市南區文林街40巷14號,5200000,1100521
4684,52428292,黃埔七五旅店股份有限公司,臺中市西區五權路203號,2000000,1100503
4690,52464135,三英化工有限公司,臺中市西區民權路195號10樓,6000000,1100525
4699,52484929,正佳工業股份有限公司,臺中市太平區建興里17鄰鵬儀路415號1樓,5000000,1100518
4700,52490083,沛伸企業有限公司,臺中市西區公舘里三民西路135號2樓,10000000,1100526
4702,52499866,麗港酒店股份有限公司,臺中市西區臺灣大道一段709號,29920000,1100507
4708,52521488,安暹工業股份有限公司,臺中市東區十甲東路235巷1號,5000000,1100503
4714,52542998,展程企業有限公司,臺中市北區梅川西路三段35巷8號,3000000,1100517
4725,52568048,微笑柒參旅店有限公司,臺中市中區光復路101號,4000000,1100511
4727,52579684,傑笠企業股份有限公司,臺中市南屯區永定里永春東七路517號2樓之1,5000000,1100512
4730,52591131,國隆紙器工業股份有限公司,臺中市大雅區西寶里昌平路三段689巷1號,6000000,1100517
4749,52634602,啟德電子股份有限公司,臺中市大里區大元里國中路103號,40000000,1100506
4754,52653570,翔翔有限公司,臺中市南區仁和路129巷4號1樓,3000000,1100525
4756,52658097,三羽建材股份有限公司,臺中市北屯區后庄路99號1樓,145000000,1100507
4772,52724955,國詮企業股份有限公司,臺中市西屯區文心路三段47號,18300000,1100510
4783,52806843,弘昌技研股份有限公司,臺中市西屯區協和里工業區十路7號,25500000,1100505
4792,52860590,馬克彩藝印刷股份有限公司,臺中市北屯區柳陽東街65號,25000000,1100520
4800,52887296,忠繼實業有限公司,臺中市大里區祥興里大智路518號1樓,8000000,1100520
4801,52892143,元宏儀器有限公司,臺中市大里區永大街316號1樓,3000000,1100524
4805,52899069,潤澧生化科技開發股份有限公司,臺中市南屯區文山里保安一街141號1樓,25000000,1100504
4809,52920197,明台玻璃有限公司,臺中市南屯區永定里益文三街83號1樓,10000000,1100505
4814,52929021,岦泰企業有限公司,臺中市南區建成路1140號,10000000,1100505
4819,53001056,薩摩亞商太嶽有限公司,臺中市西區臺灣大道2段186號24樓之2,0,1100505
4845,53056452,東方美建設股份有限公司,臺中市南屯區益豐路四段197號,50000000,1100525
4846,53058022,鑫宏泰實業有限公司,臺中市大肚區大明三街149巷10號1樓,1000000,1100519
4850,53059036,全鼎財產保險代理人有限公司,臺中市大里區東興里國光路二段704之10號,5000000,1100503
4853,53062166,尚立汽車股份有限公司,臺中市北屯區平德里文心路四段430號,110000000,1100520
4859,53070659,松營節能科技股份有限公司,臺中市太平區新仁路一段44巷8之1弄1號,20000000,1100514
4863,53074064,鴻銘自動化科技股份有限公司,臺中市大里區金城里長城街40巷11弄38號1樓,3000000,1100506
4865,53075612,東展運動用品股份有限公司,臺中市南屯區黎明路一段182號2樓,7500000,1100511
4913,53132515,健康家國際興業有限公司,臺中市大里區長榮里德芳南路358號1樓,5000000,1100506
4915,53134605,悅兆建材國際有限公司,臺中市潭子區頭家里頭張路二段12巷1號1樓,10000000,1100510
4917,53136821,安順租賃有限公司,臺中市東區東信里東英路265號1樓,5000000,1100510
4924,53146953,甲盛開發事業有限公司,臺中市西屯區大河里文心路三段167之7號10樓,75000000,1100512
4925,53149500,晟廷有限公司,臺中市大里區大里里大里路433巷82號,500000,1100520
4934,53157542,七味餐飲開發有限公司,臺中市北屯區平順里昌平路一段388號7樓之1,1500000,1100526
4939,53167605,億鑫國際行銷有限公司,臺中市南屯區文心路一段324號11樓之1,1000000,1100531
4942,53170539,立寶國際有限公司,臺中市西屯區大石里中平路425號1樓,1000000,1100525
4952,53176631,藏富建設股份有限公司,臺中市西屯區市政路386號8樓之7,10000000,1100519
4954,53177625,仕豐國際有限公司,臺中市大肚區王福街747號1樓,14000000,1100505
4956,53177929,綠屋家居有限公司,臺中市北屯區環中路一段1548號1樓,5000000,1100517
5002,53236238,新美節能工程有限公司,臺中市西屯區何南里大墩二十街118號5樓之1,300000,1100513
5024,53270586,福德不動產經紀有限公司,臺中市東區旱溪街382號1樓,1000000,1100511
5026,53271889,惠虹廣告事業有限公司,臺中市北區忠太東路51號15樓之2,500000,1100528
5030,53278519,橋聖實業股份有限公司,臺中市神岡區社口里中山路742巷24弄35號1樓,1000000,1100526
5035,53285624,小武國際有限公司,臺中市東區十全街96號1樓,6000000,1100503
5036,53286166,金永營造工程有限公司,臺中市南屯區同心里文心路一段186號17樓之5,30500000,1100504
5038,53288328,權峰科技有限公司,臺中市外埔區大同里重光路40之2號1樓,1500000,1100503
5047,53301080,潮港城事業股份有限公司,臺中市南屯區環中路四段2號3、4樓,220000000,1100511
5048,53302829,凱儷大舞廳有限公司,臺中市中區公園路17號地下一層,1000000,1100503
5049,53303828,宜達印刷有限公司,臺中市大里區瑞城一街125巷10號,20000000,1100526
5096,53361755,智盛紙器股份有限公司,臺中市神岡區圳前里圳岸路40號,16000000,1100521
5098,53363867,元太利開發有限公司,臺中市北屯區仁合里崇德十路2段310巷53號1樓,1500000,1100528
5099,53366371,汐茂材料科技有限公司,臺中市大甲區大安港路164號,1000000,1100521
5103,53369150,和司特股份有限公司,臺中市西屯區福中里中工二路192號14樓,20000000,1100514
5105,53371711,元昇織造有限公司,臺中市清水區裕嘉里高美路315巷85號1樓,500000,1100527
5108,53377026,戈雅創意事業有限公司,臺中市神岡區社口里中山路816巷62號1樓,600000,1100518
5112,53380177,朋吉實業股份有限公司,臺中市北屯區仁和里梅川東路五段398號18樓之2,12200000,1100507
5114,53383147,環隴精密工業有限公司,臺中市大里區仁化路758號2樓,29000000,1100525
5123,53390105,世鼎機械股份有限公司,臺中市南區南門里瑞光街28號1樓,1000000,1100525
5124,53390180,岳鴻建設股份有限公司,臺中市大里區新里里愛心三街20號3樓,10000000,1100524
5125,53390506,宜興開發創意生活股份有限公司,臺中市西屯區西墩里上安北街32號、36號、36號2樓,49100000,1100507
5131,53394377,溢洲興業有限公司,臺中市大雅區上雅里神林南路62巷18號1樓,6000000,1100525
5132,53395045,有勝營造有限公司,臺中市神岡區中山路1538號1樓,10000000,1100510
5135,53399393,和嵩建設股份有限公司,臺中市北屯區后庄七街59號10樓之7,20000000,1100526
5141,53408750,辰翼貿易有限公司,臺中市太平區新興二街33號1樓,11006800,1100513
5173,53475835,杰能科技有限公司,臺中市大甲區義和里中山路一段581之1號1樓,17000000,1100504
5179,53481132,伊立省節能科技股份有限公司,臺中市清水區南社里南社路137之3號,6000000,1100517
5180,53485334,辛酉國際有限公司,臺中市東區合作里自強街6巷23號1樓,5000000,1100505
5181,53485720,筠饌食品股份有限公司,臺中市大里區內新里新南路31之2號,3000000,1100519
5185,53490189,業竣營造有限公司,臺中市豐原區豐田里豐田路80號1樓,3600000,1100531
5186,53490786,穎冠茶飲企業股份有限公司,臺中市南屯區新生里龍富路四段165號,22000000,1100518
5193,53497401,磐碁股份有限公司,臺中市北區明新里太原路一段532號6樓之2,26700000,1100503
5197,53498788,祥運小客車租賃有限公司,臺中市東區精武路173號1樓及2樓,10000000,1100510
5198,53499317,川鴻生醫國際有限公司,臺中市北區崇德路一段631號6樓之2,10000000,1100524
5208,53504141,倍恩加企業有限公司,臺中市西區土庫里忠明南路499號18樓,4000000,1100507
5209,53504183,邦成國際貿易有限公司,臺中市北屯區祥順十街69號1樓,50000000,1100528
5213,53507750,首元投資開發股份有限公司,臺中市西屯區上德里臺灣大道三段376巷1號2樓,100000000,1100531
5240,53543968,台灣優遊寶科技有限公司,臺中市北屯區平德里永定二街35號1樓,500000,1100518
5249,53562021,維西杰股份有限公司,臺中市西屯區四川路23之2號,12400000,1100504
5287,53599575,軒瑩興業有限公司,臺中市大雅區六寶里光復路16之1號,500000,1100506
5289,53600720,喬富國際開發股份有限公司,臺中市北區文昌東二街80號,10000000,1100527
5296,53606631,上弘展有限公司,臺中市潭子區東寶里大德二路10號,2000000,1100503
5298,53608379,富甲環境資源股份有限公司,臺中市北屯區水景里三甲路381號,391000000,1100503
5306,53619214,新泰峰鞋材有限公司,臺中市西屯區精明路54巷7之1號,100000,1100521
5312,53623759,中翔國際股份有限公司,臺中市大肚區沙田路1段453號,50000000,1100527
5313,53625243,安格生醫股份有限公司,臺中市南區福順里忠明南路787號31樓,13000000,1100513
5314,53626313,掌握未來貿易有限公司,臺中市北區中清路一段291號1樓,500000,1100518
5315,53626340,吉美芳香業有限公司,臺中市后里區義德里5鄰甲后路一段295號1樓,1000000,1100518
5320,53629634,金贊製門工業股份有限公司,臺中市南區復興路三段247巷5號1樓,5000000,1100513
5322,53630554,惠瑜科技有限公司,臺中市清水區槺榔里港新五路207號4樓之3,3000000,1100526
5331,53637682,丰偉環保科技股份有限公司,臺中市龍井區工業路246巷19號,118090000,1100520
5332,53638177,晶鴻機電有限公司,臺中市北屯區水景里軍福九路423號1樓,3000000,1100528
5334,53638654,立川有限公司,臺中市外埔區甲后路三段659號,500000,1100528
5335,53640075,惠興廣告事業有限公司,臺中市西區忠明里館前路12號4樓之3,1000000,1100527
5336,53646676,承一貿易有限公司,臺中市西屯區黎明路三段353號2樓,1000000,1100512
5351,53685184,凱月飯店事業股份有限公司,臺中市東區振興里大智路65號2樓,100000000,1100504
5400,53785698,右鼎建設有限公司,臺中市大里區東湖里中湖路130巷5號1樓,6000000,1100510
5401,53786042,葳訊有限公司,臺中市北區忠太東路56號14樓之6,200000,1100514
5405,53787942,黃粒紅生物科技有限公司,臺中市大雅區義和路8號2樓,10000000,1100531
5407,53789890,法式曼亞企業有限公司,臺中市神岡區大富路20巷45之1號1樓,1000000,1100518
5409,53791592,偉業運動科技股份有限公司,臺中市西屯區文心路三段241號21樓之10,6000000,1100513
5410,53793677,快易通通信有限公司,臺中市中區綠川里綠川西街135號2樓之1,5000000,1100512
5413,53796479,永泰興事業有限公司,臺中市東勢區東關路五段393號,500000,1100514
5414,53797370,尚呈影音科技有限公司,臺中市西屯區林厝里福雅路438號,5000000,1100527
5421,53804029,偉宸精密企業有限公司,臺中市清水區高北里護岸路128之37號,3000000,1100524
5423,53806357,穎峰建設有限公司,臺中市北屯區廍子里廍子巷25弄58-1號1樓,5000000,1100514
5427,53813272,冠泰氣電工具股份有限公司,臺中市神岡區社南里社南街5巷62號,20000000,1100506
5428,53813456,永嘉雙龍汽車股份有限公司,臺中市北屯區崇德路三段618號2樓,100000000,1100503
5433,53825811,鴻盛雲端科技有限公司,臺中市沙鹿區竹林里光華路519號1樓,100000,1100520
5439,53832897,泰御建設股份有限公司,臺中市南屯區精科三路3號3樓,60000000,1100505
5444,53839771,樂維科技有限公司,臺中市潭子區頭家東里中山路一段290巷3號1樓,5000000,1100518
5445,53842939,法樂齊有限公司,臺中市南區忠明南路787號37樓,450000,1100525
5453,53858848,崴勝精密工業有限公司,臺中市后里區太平路18之20號,500000,1100527
5456,53865361,康舒蓉企業股份有限公司,臺中市北區南京東路二段104號1樓,5000000,1100504
5459,53872052,玉美生技股份有限公司,臺中市南屯區工業區二十一路50號,200300000,1100519
5463,53875831,稷豐工業有限公司,臺中市南屯區豐偉路85號7樓,3000000,1100510
5466,53877155,基創建設股份有限公司,臺中市西區吉龍里五權西五街149號2樓,77000000,1100503
5468,53879175,名閎科技股份有限公司,臺中市西屯區市政路500號11樓之2,29500000,1100525
5524,53961625,帝闊建設有限公司,臺中市西屯區何源里華美西街二段311號4樓之2,30000000,1100514
5525,53961738,合勤興業有限公司,臺中市烏日區中華路185巷28號一樓,1000000,1100507
5531,53968916,遠信國際科技有限公司,臺中市北區臺灣大道二段340號8樓之1,1000000,1100507
5536,53974614,凱博數位有限公司,臺中市大里區永隆里爽文路975號2樓,1000000,1100520
5538,53978528,護仕康有限公司,臺中市北區美德街181號1樓,7000000,1100511
5542,53981235,巨帝建設有限公司,臺中市南屯區河南路四段718號8樓之5,30000000,1100512
5543,53983487,節能電業有限公司,臺中市北屯區松竹里崇德七路172號10樓,250000,1100506
5544,53984367,極致有限公司,臺中市東區建勇街24之2號1樓,1000000,1100517
5547,53990635,偉裕生技股份有限公司,臺中市西區臺灣大道二段573號10樓,100000000,1100526
5549,53991748,元真室內裝修設計有限公司,臺中市西區樂群街216巷29號,800000,1100517
5550,53993507,漢源實業股份有限公司,臺中市北屯區崇德路二段250號9樓,20000000,1100528
5552,53995913,萬商開發實業有限公司,臺中市太平區新坪里育賢路119號2樓,28000000,1100517
5555,53999615,不老傳奇生技股份有限公司,臺中市北屯區廍子里仁友巷3弄20號1樓,3800000,1100506
5558,54003638,慶耀工程股份有限公司,臺中市南屯區豐樂里文心南三路663號5樓,90561120,1100510
5559,54003709,星月之星有限公司,臺中市外埔區甲后路三段977巷1號1樓,3000000,1100511
5560,54005208,福碩管理顧問股份有限公司,臺中市烏日區長春街131號1樓,24000000,1100506
5563,54006311,纖米股份有限公司,臺中市大雅區三和里雅潭路四段132號,104535340,1100518
5642,54090577,菁饌生技股份有限公司,臺中市豐原區三村里豐原大道一段643號1樓,16500000,1100526
5644,54092532,永豐運動有限公司,臺中市西屯區文心路三段241號21樓之10,1500000,1100514
5645,54095138,通洋國際物流有限公司,臺中市大雅區雅潭路三段355巷75弄31號1樓,300000,1100525
5647,54096376,通進實業股份有限公司,臺中市西屯區大河街45號1樓,12000000,1100517
5648,54096410,威智廣告企劃有限公司,臺中市南屯區文山里保安五街60號10樓之3,1000000,1100521
5649,54096740,釪環數位音響有限公司,臺中市霧峰區五福里中投西路二段442號,8000000,1100514
5651,54098281,和群工程有限公司,臺中市北區賴福里進化北路378之19號1樓及地下室,400000,1100526
5653,54101758,群旺開發有限公司,臺中市大里區國光里永興路11號,6000000,1100510
5667,54119053,仁心生物科技有限公司,臺中市太平區東平里成功路30之1號1樓,4000000,1100504
5672,54122753,騰也藝術有限公司,臺中市大雅區上楓里楓林街190號2樓之3,4000000,1100520
5677,54127814,名家設計有限公司,臺中市大里區德芳路一段231巷2-4號1樓,2000000,1100505
5678,54129616,晟圓有限公司,臺中市后里區公館里尾社路351巷2號1樓,1000000,1100507
5707,54165372,昇華泰科技股份有限公司,臺中市南區學府路168巷5號15樓之18,2000000,1100504
5749,54220065,正記汽車電池有限公司,臺中市烏日區前竹里光明路勤農巷102號1樓,1000000,1100505
5752,54223099,林森拉娜國際精品有限公司,臺中市大雅區大雅里中清北街23號2樓至4樓,50000,1100505
5753,54225174,戴爾美語教育科技事業股份有限公司,臺中市西屯區逢甲路155號地下一樓,30000000,1100517
5754,54226292,熊慶產品實業有限公司,臺中市大雅區二和里雅潭路四段600巷55弄3號1樓,1100000,1100524
5756,54226976,展裕空油壓機械有限公司,臺中市太平區永平路二段203號,2000000,1100517
5760,54235551,華碩文化科技有限公司,臺中市沙鹿區正德路180巷14號1樓,6000000,1100526
5762,54236720,曜比科技股份有限公司,臺中市南屯區大業里大聖街333號1樓,44999376,1100506
5763,54238451,尚捷建設有限公司,臺中市清水區海濱里海濱路324-25號1樓,10000000,1100512
5766,54240787,紘睿國際企業有限公司,臺中市北屯區安順一街15號1樓,1000000,1100525
5767,54242841,朝陽展業有限公司,臺中市北區文莊里中清路一段89號3樓,1000000,1100505
5774,54256464,創意數位有限公司,臺中市豐原區北陽里圓環東路500號2樓,5000000,1100525
5776,54257914,台灣泰峰生物科技有限公司,臺中市北區忠明二街41之1號1樓,1000000,1100520
5778,54258218,中揚光電股份有限公司,臺中市南屯區寶山里工業區22路21號,683309280,1100511
5780,54259841,微碧愛普科技有限公司,臺中市北區中清路一段447號19樓之1,5000000,1100511
5781,54260214,歐特捷實業股份有限公司,臺中市西屯區協和里工業區33路6號,60000000,1100513
5782,54261987,勝元有限公司,臺中市北區育德里五常街158號2樓,5000000,1100531
5784,54263795,鼎強浪板有限公司,臺中市烏日區螺潭里慶光路79之7號,5000000,1100503
5787,54268721,大湧建設有限公司,臺中市太平區大興路511號1樓,13500000,1100507
5826,54321768,敦福開發股份有限公司,臺中市西屯區福和里臺灣大道四段925號5樓之8,25000000,1100527
5877,54376382,豪福光有限公司,臺中市烏日區中華路611號12樓之11,1000000,1100517
5889,54397160,美商派瑟士有限公司,臺中市西區精誠六街3號1樓,0,1100503
5915,54527852,豐禾健康蔬果股份有限公司,臺中市東區十甲里自由路四段312號7樓,175010000,1100520
5962,54580949,吉奕數控雕刻有限公司,臺中市大里區大元里國中一路25巷10號1樓,3000000,1100517
5963,54581623,昌俋科技有限公司,臺中市沙鹿區正英十三街73號1樓,8000000,1100526
5964,54582165,元城營造股份有限公司,臺中市西屯區福和里15鄰臺灣大道四段839號18樓,80000000,1100510
5965,54582550,立久建設有限公司,臺中市南區工學北路41號1樓,29000000,1100503
5966,54582995,甲吉紙業有限公司,臺中市烏日區中山路一段265巷7號,25000000,1100512
5967,54583615,寬穎鐘錶股份有限公司,臺中市清水區文昌里中山路287-1號1樓,8000000,1100519
5968,54590664,珊多俐生技有限公司,臺中市北區頂厝里進化北路238號10樓之3,300000,1100519
5969,54590799,保利不動產開發有限公司,臺中市南屯區三義里惠中路二段158號1樓,3000000,1100518
5970,54591100,新光生命有限公司,臺中市中區綠川里綠川東街32號10樓之9,800000,1100513
5971,54591495,墨力國際股份有限公司,臺中市西屯區惠中路一段88號20樓之1,15814160,1100507
5972,54591517,世裕精密股份有限公司,臺中市太平區德隆里德隆路82巷82號1樓,48000000,1100527
5973,54591740,睿昇影音有限公司,臺中市南屯區五權西路二段666號13樓之2,500000,1100506
5974,54592327,豐盛健康事業有限公司,臺中市西屯區逢甲里河南路二段319號4樓之6,3000000,1100528
5975,54593374,雙囍婚宴會館有限公司,臺中市南屯區田心里大墩七街361號1樓、363號1樓、365號1樓,3900000,1100503
5976,54594824,宜靚有限公司,臺中市西屯區河南路二段366號1樓,200000,1100525
5978,54596409,東鉅實業股份有限公司,臺中市北屯區平和里梅川東路四段116號地下1層,10000000,1100525
5979,54598151,璞聖企業有限公司,臺中市北屯區大德里雷中街102巷1號2樓,4000000,1100504
5980,54601178,青玉開發有限公司,臺中市潭子區大豐路一段157巷6之18號1樓,500000,1100506
5981,54602036,隆億投資股份有限公司,臺中市西屯區市政北六路16號27樓之2,20000000,1100521
5982,54602182,京盛世科技有限公司,臺中市西屯區惠來里市政北七路186號12樓之9,5500000,1100527
5983,54602839,粉絲奇蹟股份有限公司,臺中市南屯區三和里益豐東街186號,1250000,1100526
5984,54604920,親佳開發股份有限公司,臺中市西屯區惠來里市政北七路186號16樓,86000000,1100510
5985,54607601,裕民保險經紀人股份有限公司,臺中市南屯區五權西路二段1161號3樓,5000000,1100506
5986,54608762,裕鑫興業有限公司,臺中市大里區西湖里西湖路178巷100號,600000,1100527
6059,54677423,看健國際股份有限公司,臺中市西區博館路115號1樓、2樓,6500000,1100518
6088,54719789,上順通運有限公司,臺中市南屯區大興里五權五街307號1樓,25000000,1100511
6107,54739737,總太綠能有限公司,臺中市大里區大智路617號之3,3000000,1100527
6108,54739814,三奇醬園有限公司,臺中市大里區夏田里國中路483巷5號,1000000,1100510
6109,54740143,杰威旅行社有限公司,臺中市北區綏遠路一段53號2樓,6000000,1100504
6110,54741699,鴻呈貿易有限公司,臺中市西屯區惠來里府會園道179號19樓,250000,1100524
6111,54745251,振富科技企業有限公司,臺中市大里區仁化里工業十二路22號3樓,5000000,1100526
6112,54746006,酷柏餐飲有限公司,臺中市西區大忠里大忠南街105號1樓,7000000,1100506
6113,54746322,愛心進行銷設計股份有限公司,臺中市烏日區太明路成豐巷380之3號,24285000,1100514
6114,54746580,洲際營造股份有限公司,臺中市南區德義里忠孝路83之1號1樓,3000000,1100519
6115,54747624,惠丞醫材股份有限公司,臺中市北屯區忠平里敦化路一段531號12樓,10000000,1100511
6116,54749833,友程實業有限公司,臺中市北屯區松安街198號1樓,1000000,1100511
6117,54751345,尚虹建設股份有限公司,臺中市北區進化北路238號13樓之1,10000000,1100517
6118,54753738,金灃盛工業股份有限公司,臺中市大雅區上雅里神林南路43巷48之1號,5000000,1100513
6119,54755089,欣磁有限公司,臺中市南屯區文山里寶山二街40號5樓之6,1000000,1100518
6120,54756101,致再科技股份有限公司,臺中市南屯區文心路一段218號13樓之2,50907500,1100505
6121,54756691,飛梭精密股份有限公司,臺中市大里區健民里仁化工十路38號,202855000,1100531
6122,54756854,德醫健康事業股份有限公司,臺中市西屯區林厝里敬德街8號地下1樓之1,7000000,1100503
6123,54761006,合觀室內裝修工程股份有限公司,臺中市西屯區大容東街152號1樓,3000000,1100526
6124,54761553,窩克科技有限公司,臺中市潭子區家興里中山路一段7巷20號,500000,1100512
6125,54762461,法柏藍國際股份有限公司,臺中市南屯區大光街175號,5450000,1100513
6129,54767986,元豪科技有限公司,臺中市豐原區南村路23號2樓,450000,1100524
6180,54818063,鴻杰陞國際股份有限公司,臺中市大雅區秀山路278號,2000000,1100520
6191,54828560,映可有限公司,臺中市北屯區太和東街21號3樓,200000,1100512
6237,54882326,晴天見國際事業有限公司,臺中市南屯區新生里龍富路三段553號2樓,6000000,1100511
6238,54882698,家和國際行銷有限公司,臺中市西區大忠里大忠南街68號13樓之1,2000000,1100507
6240,54883269,鼎創科材料股份有限公司,臺中市太平區工業十四路50號,140000000,1100518
6241,54885626,格豐投資股份有限公司,臺中市西區臺灣大道一段709號1樓,128500000,1100503
6242,54886619,平順科技有限公司,臺中市豐原區田心里圓環東路9之6號1樓,1000000,1100506
6243,54887130,全加蔬果有限公司,臺中市北區建興里德化街184之2號7樓之2,12000000,1100526
6244,54888237,金豪門視聽有限公司,臺中市中區柳川西路三段1號1、2樓,1000000,1100507
6245,54888829,淮碩有限公司,臺中市西屯區協和里福玄路83號,3000000,1100505
6246,54889427,捷米樂單車有限公司,臺中市西區公德里精誠路447號1樓,2000000,1100525
6247,54889931,松吟租賃有限公司,臺中市北區天津路一段120號1樓,5000000,1100526
6248,54890016,立臨石材有限公司,臺中市西屯區福聯里福聯街26號9樓之3,2000000,1100519
6249,54891752,海秀精密股份有限公司,臺中市豐原區南嵩里水源路247巷12號1樓,4500000,1100517
6251,54892464,達利數位多媒體有限公司,臺中市南屯區大墩十街300號7樓之3,10000000,1100510
6253,54893739,珈葳國際生技有限公司,臺中市北屯區東山里東山路一段143之5號1樓,300000,1100507
6254,54895119,禾嘉國際有限公司,臺中市太平區德興街136巷59號1樓,500000,1100506
6255,54895547,秀雄國際開發有限公司,臺中市西屯區惠來里惠來路三段52巷2號1樓,28000000,1100519
6256,54895687,慧馨國際有限公司,臺中市南區福順里福陽街36號,5000000,1100506
6257,54897094,王子展演科技有限公司,臺中市中區成功路359之2號4樓之5,970000,1100506
6258,54898050,兆沅國際有限公司,臺中市西屯區臺灣大道二段910號10樓之5,2000000,1100531
6259,54898072,金宏觀地產有限公司,臺中市南屯區新生里益豐路四段495號,1000000,1100526
6260,54898538,成真社會企業有限公司,臺中市西區公益路161號14樓之4,1000000,1100513
6261,54898782,海威精密科技有限公司,臺中市北屯區松強里松竹路二段378號15樓之5,10000000,1100510
6262,54899229,佑承建設股份有限公司,臺中市西屯區華美西街二段311號13樓之1,15000000,1100527
6263,54900393,科程科技有限公司,臺中市南屯區中和里楓樹南街466號1樓,1000000,1100528
6264,54902245,瀧澤自動化科技有限公司,臺中市烏日區五光里五光路35巷12號1樓,2000000,1100528
6265,54902596,克里斯蒂有限公司,臺中市南屯區新生里龍富十五路277號1樓,2000000,1100506
6266,54903954,釐米特影像製作有限公司,臺中市沙鹿區晉武路38之2號1樓,500000,1100512
6267,54904932,長新生醫國際股份有限公司,臺中市西區忠誠里臺灣大道二段573號5樓,60000000,1100526
6268,54904948,泓炫通訊有限公司,臺中市烏日區烏日里中山路二段169號1樓,4700000,1100528
6269,54905572,德圳機械股份有限公司,臺中市豐原區豐原大道六段516號,8000000,1100507
6270,54907282,奇錦貿易有限公司,臺中市南屯區大同里大墩路188號4樓,100000,1100510
6271,54907635,振宏家俱設計股份有限公司,臺中市北屯區水景里東山路一段186之1號2樓,5000000,1100525
6272,54908058,舒瑪可國際有限公司,臺中市西區民龍里台灣大道二段375號7樓之3,1200000,1100506
6273,54910250,聯群國際企業有限公司,臺中市北區崇德路一段629號7樓之2,1000000,1100520
6274,54910759,永聖國際有限公司,臺中市南區樹德里復興北路359號1樓,250000,1100506
6288,54929130,福祿伯聯合實業有限公司,臺中市西屯區福恩里工業區一路6巷12號2樓,500000,1100513
6323,54954361,辛碩工程有限公司,臺中市北區金華里三民路三段266號6樓之5,1000000,1100525
6350,54966042,宥翔營造股份有限公司,臺中市西屯區惠來里市政路500號13樓之1,29800000,1100503
6353,54967865,阿噗噗國際有限公司,臺中市南屯區文心路一段186號20樓,1000000,1100526
6381,54980868,馥岦爾有限公司,臺中市大雅區清陽路115巷5號,1000000,1100506
6390,54985006,摩根精密機械有限公司,臺中市大甲區龍泉里順帆路15巷2之15號1樓,200000,1100505
6414,54997208,瑞典商蛋糕無碳排有限公司,臺中市西區民龍里英才路512號3樓,500000,1100518
6422,55077609,東立通運股份有限公司,臺中市北屯區崇德路二段128號5樓之3,10000000,1100520
6431,55287555,逢信交通股份有限公司,臺中市烏日區九德里長春街132巷15號,12000000,1100527
6436,55630333,營和交通事業有限公司,臺中市豐原區田心里中山路59巷1弄50號1樓,10000000,1100531
6439,55636667,弘大油漆股份有限公司,臺中市豐原區北陽里綠山一街福陽巷18號,22700000,1100511
6442,55640085,台灣真珠樂器股份有限公司,臺中市潭子區南環路15號,62372000,1100511
6445,55646829,富進塗料工業有限公司,臺中市神岡區林厝路5巷7號,8000000,1100526
6449,55662221,嘉中興業股份有限公司,臺中市西屯區西屯路三段宏安巷11弄7號1樓,6600000,1100512
6452,55672620,君臨有限公司,臺中市西屯區西平里逢甲路97之1號,6000000,1100526
6454,55682232,合順利興業股份有限公司,臺中市大肚區沙田路二段132巷48號,6000000,1100503
6473,55743152,吉仲營造有限公司,臺中市大里區益民路一段17號1樓,100000000,1100526
6503,55801645,現發企業股份有限公司,臺中市東勢區東蘭路80之4號,5000000,1100506
6511,55832794,正峰冷凍製冰有限公司,臺中市豐原區南村里水源路511號1樓,4200000,1100503
6529,55863016,聯合福興股份有限公司,臺中市神岡區新庄里溪頭路66號,78000000,1100517
6537,55883575,正恩環保科技有限公司,臺中市大里區仁化里金山三街19號,5000000,1100505
6539,55883934,協櫻精密工業股份有限公司,臺中市霧峰區南勢里豐正路405號,20000000,1100517
6555,55911039,靜花有限公司,臺中市西屯區臺灣大道四段950號,100000,1100525
6556,55911755,二高紡織工業有限公司,臺中市潭子區頭家里中山路一段388之1號,500000,1100527
6568,55939819,晉越企業股份有限公司,臺中市神岡區神洲里堤南路36號,17000000,1100511
6576,55960946,鎔德科技有限公司,臺中市南屯區同心里文心路一段186號14樓之8,500000,1100503
6579,55970536,豐森汽車貨運有限公司,臺中市烏日區溪南路1段635號1樓,29800000,1100521
6580,55975119,立勤鋼鐵股份有限公司,臺中市神岡區中山路1029號,178087580,1100503
6585,55991080,矽品精密工業股份有限公司,臺中市潭子區大豐里大豐路3段123號,33917488780,1100512
6587,55996162,鞋龍鞋業股份有限公司,臺中市神岡區圳前里中山路一六六六號,6000000,1100503
6589,55998008,建機工業股份有限公司,臺中市豐原區南村里水源路492巷5之3號,68300600,1100524
6590,56014300,大昌紙業股份有限公司,臺中市龍井區竹坑里沙田路四段238號,198360000,1100524
6592,56025236,港泰交通事業股份有限公司,臺中市梧棲區安仁里臺灣大道九段140號,10000000,1100505
6615,56628927,泰億工業股份有限公司,臺中市大甲區文曲路529號,26000000,1100524
6616,56629622,雅晶服飾有限公司,臺中市大雅區中清路三段919號1樓,1000000,1100503
6620,56634300,吉信織造廠股份有限公司,臺中市梧棲區福德里中央路二段266號,25500000,1100512
6623,56648206,台三工業股份有限公司,臺中市大安區興安路326號,70000000,1100504
6627,56660904,龍雲鑄造股份有限公司,臺中市大甲區日南里幼獅路63號,25500000,1100531
6631,56667414,陳福益營造股份有限公司,臺中市龍井區龍西里茄投路147號,25000000,1100512
6632,56670396,野寶科技股份有限公司,臺中市大甲區日南里幼九路16號,152000000,1100518
6639,56677715,汯源國際有限公司,臺中市沙鹿區竹林里中山路36巷2之1號1樓,5000000,1100517
6646,56705424,正通科技股份有限公司,臺中市西區臺灣大道二段285號20樓,90000000,1100505
6652,56811620,豐原農產品股份有限公司,臺中市豐原區豐圳里豐原大道八段369號,1000000,1100524
6659,57196428,台乙石材股份有限公司,臺中市烏日區北里里太明路206號,10000000,1100506
6667,58011770,鼎炘實業有限公司,臺中市西屯區何安里重慶路99號5樓之3,1000000,1100506
6674,58336600,香港商永湖複合材料有限公司,臺中市神岡區大富路156巷17-2號1樓,110000000,1100517
6701,59064486,榮譽之都科技有限公司,臺中市南屯區文山里忠勇路52-232號12樓,3000000,1100517
6813,59727008,龍鑫開發生技有限公司,臺中市太平區新坪里育賢路66號1樓,3000000,1100527
6815,59862518,禾新生豆貿易股份有限公司,臺中市東區樂業路188巷58號1樓,5000000,1100505
6817,60200397,和鴻醫療器材有限公司,臺中市潭子區東寶里大豐路一段316號,500000,1100526
6818,60201993,勤美清潔有限公司,臺中市西屯區何厝里四川路87巷29號1樓,250000,1100512
6820,60206441,歐森教育事業有限公司,臺中市南屯區文心南六路171巷20號1樓,1000000,1100518
6823,60212627,好瓦有限公司,臺中市沙鹿區福成路255巷8之3號,100000,1100513
6824,60219419,容騰開發有限公司,臺中市烏日區五光路144之3號1樓,3000000,1100503
6825,60220632,斯凱宜有限公司,臺中市大里區國光里國光路二段366號1樓,3000000,1100506
6826,60223510,時空軸興業有限公司,臺中市太平區聖和里長龍路一段166巷38號4樓,2000000,1100511
6827,60226354,成盈科技股份有限公司,臺中市北區建興里德化街237號1樓,12244900,1100525
6828,60230370,三利金融科技顧問有限公司,臺中市大肚區頂街里大明二街37號,2000000,1100510
6830,60243425,聖印有限公司,臺中市北區賴旺里北平路二段57號1樓,5000000,1100514
6831,60248272,幣鉅虛擬資產管理有限公司,臺中市西區民龍里文化街156號地下層之2,5000000,1100526
6832,60248441,罡風映画股份有限公司,臺中市南屯區精誠南路135巷9號4樓,3000000,1100503
6833,60253675,快思股份有限公司,臺中市西屯區河南路三段131號9樓之7,5500000,1100521
6834,60259565,路泰運動行銷有限公司,臺中市西屯區文心路三段241號21樓之10,1000000,1100517
6835,60260346,甡鋒企業有限公司,臺中市大里區國光路二段360巷3號,2000000,1100505
6836,60266221,興泰營造股份有限公司,臺中市大里區現岱路41之1號2樓,5000000,1100511
6837,60268142,松苑建設股份有限公司,臺中市西屯區何南里精明路54巷6號,5000000,1100527
6840,60276972,微家盟社會企業有限公司,臺中市北屯區和平里東山路一段371之6號1樓,1000000,1100514
6841,60281166,有輪精密工業有限公司,臺中市龍井區東海里遠東街200巷7號1樓,28500000,1100512
6842,60281314,群漢塑膠有限公司,臺中市豐原區中正路654巷8號1樓,1000000,1100510
6843,60283066,竤達建設有限公司,臺中市神岡區社南里社南街113號,5000000,1100513
6844,60283214,臺中捷運股份有限公司,臺中市北屯區舊社里5鄰松竹路1段1000號,2050000000,1100525
6845,60285064,赫里旺興業有限公司,臺中市太平區新高里立德街53號7樓之2,2000000,1100507
6846,60292918,興創投資有限公司,臺中市西區公正里大進街114號1樓,20000000,1100517
6847,60293557,泰蒂實業有限公司,臺中市豐原區育英路24巷9號1樓,6000000,1100518
6848,60294090,春霖山園實業有限公司,臺中市南屯區大業里大墩路752號1樓,1500000,1100531
6849,60295984,樂福國際開發有限公司,臺中市中區大墩里三民路二段135號2樓,12000000,1100521
6851,60302824,祐麒有限公司,臺中市霧峰區吉峰里吉峰路23之1號,1000000,1100519
6852,60303957,翰寶電子股份有限公司,臺中市南區樹義里福田路222號1樓,10000000,1100512
6853,60314856,隆曜電器有限公司,臺中市大雅區文雅里中山北路169巷2號2樓,500000,1100521
6855,60329372,明峰電機工程有限公司,臺中市北區賴厝里綏遠路一段26號7樓之16,1000000,1100512
6857,60332974,昱展室內裝璜有限公司,臺中市西區藍興里自由路一段28之5號14樓之1,1000000,1100513
6858,60350769,華立棠有限公司,臺中市北區中清路一段80號7樓之15,190000,1100506
6859,60357329,泰亞投資股份有限公司,臺中市北區梅川里漢口路四段287巷7號2樓,26000000,1100531
6860,60376542,皇捷工程有限公司,臺中市太平區光華里長安二街9號,1000000,1100525
6861,60376769,樂沃有限公司,臺中市南屯區五權西路二段803號6樓之7,1000000,1100513
6862,60377768,沐牧商品有限公司,臺中市西屯區朝富路213號7樓之3,6000000,1100521
6863,60378252,騰浩昇興業有限公司,臺中市梧棲區中正里中和街170巷11號1樓,500000,1100522
6864,60383760,南海國際美食有限公司,臺中市北屯區敦化路一段481號2樓,36000000,1100526
6866,60419900,錩議工業有限公司,臺中市太平區振福路245巷13弄42號1樓,150000,1100524
6867,60553407,鋇斯有限公司,臺中市后里區后里里三豐路四段129巷50號1樓,1000000,1100504
6868,60580306,鴻禧環境清潔有限公司,臺中市北屯區庄美街37巷26號1樓,1000000,1100524
6869,60604308,楊鐵重機械製造股份有限公司,臺中市太平區合利街33巷15號1樓,10000000,1100526
6870,60666009,月詠穎人力資源管理顧問股份有限公司,臺中市太平區中政里中興路133巷12號1樓,5000000,1100526
6871,61058405,新力機電科技有限公司,臺中市大雅區三和里港尾路1之9號1樓,1000000,1100521
6872,61079204,三允科技實業有限公司,臺中市大里區西湖路178巷102號,5000000,1100526
6873,61229978,台灣百獅股份有限公司,臺中市北區健行里中清路一段369號11樓之2,18000000,1100524
6874,61239259,智聖實業有限公司,臺中市大里區國光路二段565號1樓,85000000,1100524
6875,61264398,宇苑建設有限公司,臺中市豐原區鎌村里鎌村路106巷30號1樓,18000000,1100512
6877,61427506,鑫悅地產開發股份有限公司,臺中市南屯區大同里大墩五街13號1樓,10000000,1100521
6879,61757772,建盈國際開發有限公司,臺中市烏日區三榮三路1號,500000,1100519
6880,61760191,肯星室內裝修設計有限公司,臺中市龍井區遠東街80巷15號2樓,2100000,1100521
6881,61761071,全能照護科技股份有限公司,臺中市西屯區福恩里工業區一路96之9號、96之10號,15000000,1100525
6882,61765956,欣芳貿易有限公司,臺中市南屯區文山里忠勇路71之8號3樓之2,500000,1100512
6884,61773858,亮佳光電有限公司,臺中市西屯區青海路二段155號1樓,1000000,1100531
6885,61783103,詠隆工機有限公司,臺中市南屯區文心路一段324號11樓之1,100000,1100506
6887,61786376,創源電力股份有限公司,臺中市南屯區永定里龍富十五路25號2樓之1，2樓之2,20000000,1100505
6888,61788022,廣華能源科技有限公司,臺中市西區民龍里臺灣大道二段307號6樓之1,10000000,1100526
6889,61792095,方遠國際有限公司,臺中市南區城隍里正氣街15之1號,2500000,1100514
6890,61796233,凱鑫工業有限公司,臺中市大里區西湖里西湖路363號,6000000,1100519
6891,61799196,寶宇興股份有限公司,臺中市西屯區臺灣大道四段925號7樓之8,458000000,1100512
6892,61809618,拓拉思網路科技股份有限公司,臺中市西屯區寧漢三街24巷3號地下1樓之1,13000000,1100527
6893,61811038,淘樂居有限公司,臺中市新社區協成里興義街70號1樓,300000,1100512
6894,61813795,金三元實業有限公司,臺中市西屯區上安里至善路38巷50號8樓之5,1000000,1100511
6895,61826308,鼎壹生技有限公司,臺中市北屯區舊社里僑孝街20巷2號1樓,1000000,1100526
6896,61828306,唐盛電商股份有限公司,臺中市西區忠誠里華美西街一段36號2樓,12000000,1100517
6897,61833552,艾浩思智慧宅物聯網顧問股份有限公司,臺中市西屯區惠來里府會園道179號3樓,3100000,1100524
6898,61835171,玩藝圈親子教育股份有限公司,臺中市西屯區文心路二段598號12樓,4000000,1100518
6900,61836404,亨通數位有限公司,臺中市西區台灣大道二段2號18樓之1,250000,1100503
6901,61837728,登茂國際商業有限公司,臺中市北屯區平田里文心路四段955號21樓之2,250000,1100506
6902,61841531,冠華生醫科技股份有限公司,臺中市大雅區三和里龍善一街190號,1000000,1100518
6903,61844925,有家水產有限公司,臺中市大雅區二和里雅環路一段332巷13弄2號2樓,200000,1100524
6904,61854438,禾風開發股份有限公司,臺中市龍井區東海里國際街178號1樓,20000000,1100504
6906,61875736,山水星河運動有限公司,臺中市南區工學里工學六街110號1樓,5000000,1100519
6907,61876664,五嘉科技工程有限公司,臺中市西區永達街26號1樓,4000000,1100514
6908,61881370,築騁工藝設計有限公司,臺中市南屯區干城街243巷1弄8號1樓,2500000,1100514
6909,61900138,東菱精密減速機有限公司,臺中市潭子區潭北里人和路37巷34號1樓,2000000,1100524
6910,61900587,富爾哥頓生技股份有限公司,臺中市西屯區大河里大河街32巷25號2樓,3000000,1100510
6911,61901050,潮騷行銷有限公司,臺中市南區樹德里復興北路511號地下二層,2000000,1100513
6912,61902635,月沐棠有限公司,臺中市西屯區朝富路213號5樓之10,5000000,1100510
6913,61918480,新金日企業有限公司,臺中市太平區太平十三街38號,6000000,1100526
6914,61919755,石旺精密有限公司,臺中市太平區永泰街9號,100000,1100525
6915,61926799,沅采環保有限公司,臺中市南屯區田心里文心路一段73號5樓之1,1500000,1100517
6916,61931364,凱程功陽精密機械股份有限公司,臺中市太平區太平里合利街33巷13號1樓,10000000,1100505
6918,61937825,日瀠投資股份有限公司,臺中市北區賴福里大德街249巷7號3樓,166053000,1100511
6919,61939181,尚珍有限公司,臺中市豐原區南村里豐東路333號4樓,8000000,1100521
6920,61939302,興峰冷氣空調工程有限公司,臺中市北區賴旺里青島一街39之6號,5000000,1100528
6921,61947632,品樺資產服務有限公司,臺中市北區漢口南一街63號2樓,26000000,1100524
6922,61948111,大鑫開發建設股份有限公司,臺中市南屯區大同里東興路2段186號10樓之1,40000000,1100506
6923,61949961,立德寰宇股份有限公司,臺中市西屯區天水東街35號5樓,66425870,1100510
6924,61952748,廣安居有限公司,臺中市西屯區西屯路三段宏恩三巷29號1樓,200000,1100514
6925,61952867,弈屹設計有限公司,臺中市西區大忠里大忠南街8號1樓,2000000,1100507
6927,61954529,豐展地產開發顧問有限公司,臺中市南屯區益豐路四段91號,1000000,1100506
6928,61954582,采緹沙龍國際有限公司,臺中市北區華美街二段262號5樓之2,1000000,1100518
6929,61957027,創益家經營管理顧問股份有限公司,臺中市西區公民里忠勤街62巷17號1樓,3000000,1100503
6930,61961113,利格商業設計有限公司,臺中市北屯區和平里和祥六街98號1樓,5000000,1100517
6931,62000070,威皇國際有限公司,臺中市南屯區大業里大墩路726號1樓,500000,1100510
6934,62072572,龍瑞國際股份有限公司,臺中市南屯區同心里文心路一段218號8樓之1,10000000,1100531
6937,62150577,軒特輪胎有限公司,臺中市神岡區岸裡里中山路113號1樓,3000000,1100525
6938,62214002,義恆國際有限公司,臺中市南屯區文心路一段186號20樓,1200000,1100514
6939,62224043,石中劍股份有限公司,臺中市西屯區潮洋里朝富路213號24樓之7,6000000,1100526
6940,62237096,創意房屋仲介有限公司,臺中市西屯區安和路121之30號1、2樓,1000000,1100524
6941,62305903,速邑國際有限公司,臺中市北屯區民政里苧園巷43號,2000000,1100520
6942,62528307,原資系統整合股份有限公司,臺中市北屯區仁美里昌平路二段50之6巷2弄27之2號,2000000,1100517
6943,62610501,連富餐飲有限公司,臺中市豐原區豐原里中正路33號2樓,3000000,1100512
6944,62651002,八福行銷股份有限公司,臺中市中區綠川里綠川西街135號12樓之1,1000000,1100503
6945,63025649,瑪斯國際貿易有限公司,臺中市太平區新高里樹德八街126巷9號,1500000,1100524
6946,63087406,松林健康管理顧問有限公司,臺中市東區富仁里富榮街38-2號3樓,200000,1100505
6947,63129948,均會國際教育有限公司,臺中市西區安龍里英才路633號2樓,200000,1100511
6948,63179073,莫博創意股份有限公司,臺中市西屯區惠來里文心路三段13-7號,200000,1100527
6949,63242224,皇嚴徵信代銷有限公司,臺中市北屯區松安里柳陽西街124號1樓,1000000,1100517
6950,63252405,創溢綠能有限公司,臺中市南區復興路三段146號,5000000,1100517
6951,63265078,早安莫莉有限公司,臺中市北屯區舊社里長順街31號1樓,200000,1100506
6952,63348205,力固精工精密有限公司,臺中市北屯區松竹路二段378號15樓之5,2000000,1100517
6953,63373230,翔宣科技有限公司,臺中市北屯區崇德路三段668號4樓之3,500000,1100511
6954,63383716,月品冠餐飲有限公司,臺中市西屯區馬龍潭路219號,5000000,1100531
6955,63397021,粉鳥旅行社有限公司,臺中市大里區新里里新興路35巷30號1樓,6000000,1100521
6956,63656342,家倉建設股份有限公司,臺中市烏日區光明里五光路復光六巷63弄14號1樓,21000000,1100524
6957,63743705,弼承玻璃有限公司,臺中市西區公德里9鄰精誠二十八街19號二樓之6,88888,1100517
6958,63764200,銀城科技有限公司,臺中市豐原區西勢里成功路157號5樓之2,1000000,1100518
6959,63827676,鴻承營造有限公司,臺中市霧峰區甲寅里中正路1056巷8號1樓,7000000,1100510
6960,64155459,暉暘國際有限公司,臺中市豐原區西湳里葫蘆墩三街47號1樓,1000000,1100528
6961,64176004,希伯崙建設股份有限公司,臺中市西屯區福和里臺灣大道四段925號5樓之8,23000000,1100527
6962,64178707,麥德數位科技有限公司,臺中市南屯區大墩路773號6樓之2,3000000,1100507
6985,64873156,豐禾日利置業投資有限公司,臺中市南屯區三厝里益豐路四段91號,3000000,1100506
7088,66607099,赫亞資訊有限公司,臺中市北屯區軍福十一路268號8樓,200000,1100514
7105,66803803,成晉股份有限公司,臺中市大甲區日南里工九路18號,200000000,1100518
7214,69573684,海心投資有限公司,臺中市西屯區上安北街21號12樓之3,1000000,1100506
7353,70485745,碧城開發股份有限公司,臺中市西屯區西平里西安街130巷4號,51000000,1100512
7359,70498734,開顏有限公司,臺中市北屯區旅順路一段82之1號1樓,1000000,1100506
7375,70530853,中部投資股份有限公司,臺中市南區復興路1段369之1號,260000000,1100512
7377,70533423,超大投資股份有限公司,臺中市中區成功路208號2樓,100000000,1100517
7380,70541628,富求達醫療器材科技股份有限公司,臺中市北區北屯路73巷4號1樓,8000000,1100527
7401,70589501,竣禾科技有限公司,臺中市沙鹿區福田北街六號一樓,5000000,1100528
7405,70604411,德鎮盛工程股份有限公司,臺中市北區五權路401之1號6樓,100000000,1100519
7408,70613066,鴻偉國際有限公司,臺中市大里區金城里鳳城街27之5號,14300000,1100510
7413,70627189,永瑞投資股份有限公司,臺中市西屯區龍門二街31之1號1樓,27500000,1100517
7414,70627195,賜譽投資股份有限公司,臺中市西屯區龍門二街31號1樓,27500000,1100513
7419,70649965,動力投資股份有限公司,臺中市豐原區西安里永安街57號1樓,25000000,1100503
7421,70653566,總茂環保股份有限公司,臺中市西屯區廣福里中清路三段430號,90000000,1100521
7429,70671641,銓鎰工程有限公司,臺中市大里區大元里中興路二段58巷12號1樓,1000000,1100503
7439,70688946,裕民汽車股份有限公司,臺中市西屯區工業區三十六路27號,300000000,1100507
7441,70693172,研華興企業有限公司,臺中市霧峰區草湖路135巷1弄66號,1000000,1100517
7445,70701808,大和好鋁門窗有限公司,臺中市大甲區江南里東西七路一段166巷3號,1000000,1100524
7447,70707704,台灣快密刀科技有限公司,臺中市大里區樹王里中投西路三段979號,25000000,1100521
7455,70722774,佶隆營造有限公司,臺中市龍井區南寮里中沙路南寮巷36號1樓,22200000,1100514
7458,70726379,微槓桿有限公司,臺中市梧棲區南簡里中華路2段385號,5000000,1100511
7516,70848654,伯特光電股份有限公司,臺中市潭子區潭秀里潭富路一段87巷35號,293800000,1100526
7520,70849366,技迪科技股份有限公司,臺中市梧棲區經三路8號,187602770,1100503
7568,79963606,名泉投資有限公司,臺中市西區臺灣大道二段179巷12號1樓,44169300,1100524
7573,79986262,鉦日科技有限公司,臺中市北屯區仁美里豐樂路17巷18弄81號,1000000,1100505
7577,80001950,大麗億實業有限公司,臺中市大里區瑞城里瑞城一街93號1樓,500000,1100519
7579,80012886,弘國舞蹈服裝有限公司,臺中市北區博館二街56號2樓之1,500000,1100514
7590,80069304,鉅鎧塑膠有限公司,臺中市龍井區忠和里台西南路220巷16號,21000000,1100513
7593,80073383,力隆科技股份有限公司,臺中市南區五權南路522號,6000000,1100521
7598,80078789,潔曦國際有限公司,臺中市西區樂群街434號1樓,500000,1100527
7602,80091609,高速事業股份有限公司,臺中市南屯區新生里向上路三段418號、418之1號,210000000,1100511
7606,80095865,鋐廣鋼架有限公司,臺中市霧峰區北豐路195號,3000000,1100519
7607,80096581,芊俐有限公司,臺中市西區大隆路4號1樓,500000,1100527
7612,80114125,台灣雙色塑膠股份有限公司,臺中市潭子區潭陽里潭興路二段36巷93號,25000000,1100517
7614,80115102,山大王食品有限公司,臺中市北屯區松和街191巷65號1樓,2000000,1100517
7616,80117571,慶恆營造有限公司,臺中市太平區環太東路221之3號1樓,5000000,1100527
7619,80126179,環球禮儀有限公司,臺中市大里區國光里國光路二段240號1樓,900000,1100503
7624,80132860,巧合塑膠股份有限公司,臺中市龍井區三德里工業路177巷21號,60000000,1100526
7625,80133349,國雄國際股份有限公司,臺中市西屯區市政北一路66號14樓,60000000,1100531
7668,80217950,奇品建設開發股份有限公司,臺中市北屯區松山街180號1樓,47000000,1100517
7681,80255010,昭盛投資股份有限公司,臺中市西屯區何明里大有一街20號1樓,10000000,1100518
7711,80318465,晉惠冷卻機械股份有限公司,臺中市大肚區沙田路一段320巷35之5號,18360000,1100519
7740,80390698,合澤企業有限公司,臺中市北區華信街8號1樓,5000000,1100528
7747,80405496,喬登科技有限公司,臺中市北區天津路二段137號1樓,6300000,1100514
7749,80411379,維同股份有限公司,臺中市北屯區文心路三段447號17樓,10000000,1100503
7752,80416521,怡保保全股份有限公司,臺中市西屯區福和里臺灣大道四段839號14樓,40000000,1100512
7754,80421448,金明鴻股份有限公司,臺中市大雅區文雅里中清路三段997巷10號6樓,25000000,1100521
7755,80422312,生財行銷顧問有限公司,臺中市北區學士路255號B1,1000000,1100518
7763,80460173,詠吉精密刀具有限公司,臺中市烏日區學田里學田路便行巷32弄16號1樓,19800000,1100531
7769,80481135,銓鴻環境工程有限公司,臺中市南屯區同心里文心路一段186號18樓之7,12000000,1100506
7802,80556402,協和特精密鈑金有限公司,臺中市大雅區忠義里東大路二段1000巷66號,25000000,1100503
7826,80605895,王智玲實業有限公司,臺中市烏日區榮泉里三榮十二路39號3樓之1,5000000,1100514
7827,80607541,大安開發企業股份有限公司,臺中市南區福順里忠明南路789號42樓,198000000,1100521
7831,80614521,向聯興業股份有限公司,臺中市西區忠明南路二七○號一四樓之四,5000000,1100527
7833,80618821,鉅工國際股份有限公司,臺中市西屯區工業區二路11號,4000000,1100512
7834,80619286,瑞麗刀剪股份有限公司,臺中市大肚區沙田路一段388巷2之7號1樓,10000000,1100510
7839,80626879,捷盟建設有限公司,臺中市南屯區文心路1段324號7樓之2,5000000,1100513
7843,80635407,九禾興業有限公司,臺中市北屯區文心路三段447號16樓之2,6000000,1100519
7844,80636855,鴻匠科技股份有限公司,臺中市豐原區東湳里三豐路二段20巷22號1樓,12338500,1100506
7886,80700482,圖馬克有限公司,臺中市神岡區三社路269號,88000000,1100507
7888,80708822,富宇國際開發股份有限公司,臺中市北屯區忠平里陳平路60巷23號1樓,5000000,1100503
7891,80713162,行深實業股份有限公司,臺中市東區建成路692號1樓,29600000,1100505
7892,80722676,喬登多媒體科技股份有限公司,臺中市西區昇平里忠明南路303號21樓之3,10000000,1100517
7894,80727052,湯姆隆實業股份有限公司,臺中市大甲區日南里工六路5號,35000000,1100506
7895,80727460,侑俐工程顧問有限公司,臺中市東區東信里十甲東路376號,5000000,1100504
7899,80732029,普新實業有限公司,臺中市太平區建興里鵬儀路461巷190號,1000000,1100511
7900,80732695,晉溢生化科技股份有限公司,臺中市梧棲區自立路388號,25500000,1100520
7904,80744572,新民科技有限公司,臺中市南屯區豐樂里文心南六路23號,12000000,1100518
7921,82763883,網聯科技股份有限公司,臺中市大雅區大雅里雅潭路四段837號4樓,34400000,1100512
7922,82765003,安眾消防安全設備有限公司,臺中市南區樹德里德鑫街8號1樓,3000000,1100525
7923,82765995,利美企管顧問有限公司,臺中市北區淡溝里英才路396號4樓之2,200000,1100512
7924,82766474,珈鎂企業有限公司,臺中市霧峰區德維街102巷19號1樓,1500000,1100528
7925,82766501,詮相有限公司,臺中市南屯區文心南六路171巷3號11樓,300000,1100503
7929,82769850,君豪設計有限公司,臺中市大里區甲堤十二街3號1樓,1000000,1100524
7930,82770239,百郡鑫業有限公司,臺中市西屯區協和里工業區38路82巷18號1樓,20000000,1100518
7932,82771883,宏豐理貨有限公司,臺中市大肚區遊園路二段136巷65號1樓,400000,1100531
7933,82771928,豐成生技有限公司,臺中市西區東興路3段160號9樓之3,5000000,1100527
7939,82775558,比特帶物流科技股份有限公司,臺中市西區臺灣大道二段307號8樓之2,1000000,1100506
7940,82775810,崇裕資產管理有限公司,臺中市大雅區員林里大林路62之1號1樓,10000000,1100517
7942,82778289,卓芯有限公司,臺中市南屯區溝墘里大業路381號,3000000,1100517
7943,82778871,勤運起重有限公司,臺中市大里區中新里現岱路1號13樓,2000000,1100506
7944,82779442,狗旅天閣有限公司,臺中市北屯區大德里平德路25巷30號1樓,2500000,1100525
7945,82779631,承旺實業有限公司,臺中市北區文莊里中清路一段89號7樓之1,500000,1100520
7952,82783023,新承系統科技有限公司,臺中市烏日區烏日里公園路63號1樓,6200000,1100520
7953,82783369,晨立建材有限公司,臺中市烏日區學田路便行巷43號2樓,10000000,1100517
7954,82783430,曹創想投資有限公司,臺中市西屯區惠來里市政北七路186號13樓之2,500000,1100506
7955,82783852,豐曜國際貿易有限公司,臺中市大雅區中清路三段919號1樓,500000,1100504
7956,82785161,范祥有限公司,臺中市西屯區市政北二路282號17樓之3,15000000,1100517
7957,82785232,洧康開發有限公司,臺中市大里區日新里鐵路街107號,1200000,1100526
7958,82785465,浩榮營造股份有限公司,臺中市大里區新光路132號2樓,75000000,1100527
7960,82786696,久典實業有限公司,臺中市北區立人里陜西二街30號6樓之1,1800000,1100503
7968,82790087,優護銀髮股份有限公司,臺中市北區崇德路一段631號20樓,6000000,1100518
7973,82794485,居安開發有限公司,臺中市西屯區西墩里上安路199號8樓之2,28000000,1100514
7974,82794507,藍泡泡生活精品有限公司,臺中市中區自由路二段9之6之11號,1000000,1100525
7975,82794838,智樂教育股份有限公司,臺中市西屯區寧夏路230號,8000000,1100531
7976,82794909,詠洋國際運通有限公司,臺中市烏日區學田里學田路686號1樓,100000,1100503
7977,82795034,十珍萬博有限公司,臺中市大肚區沙田路二段132巷79號1樓,10000000,1100503
7978,82795203,熊好國際有限公司,臺中市西屯區市政北二路282號21樓之9,200000,1100518
7979,82795359,喜氏開發有限公司,臺中市北區進化北路388號1樓,500000,1100524
7980,82795718,永乾建設股份有限公司,臺中市西區三民西路83之3號,23000000,1100511
7998,82804435,樂康生技有限公司,臺中市西屯區何成里大隆路169號2樓,300000,1100517
8001,82806031,金銀島娛樂餐飲有限公司,臺中市西屯區西墩里上安北街32號、36號,1000000,1100517
8002,82806258,電全通工業股份有限公司,臺中市南屯區寶山里工業區二十一路26號,40000000,1100521
8010,82810725,祖寶建設股份有限公司,臺中市豐原區西勢里中山路273巷15號1樓,20000000,1100517
8028,82818661,鴻朔精密有限公司,臺中市神岡區中山路360巷2之1號,3000000,1100511
8029,82819161,星得利行銷有限公司,臺中市西屯區市政北二路236號27樓之1,1000000,1100514
8032,82820478,雋永邨股份有限公司,臺中市西屯區環中路二段1268-1號,2000000,1100524
8036,82824621,三同有限公司,臺中市北屯區東山里東山路二段1巷8之1號,6000000,1100505
8037,82825327,可可鳥服飾有限公司,臺中市北區賴興里天津路二段137號1樓,7780000,1100519
8038,82825852,馬汀資訊有限公司,臺中市北屯區太順路95號1樓,1000000,1100520
8039,82826114,捌捌玖玖超跑租賃股份有限公司,臺中市南屯區龍富路四段55號1樓,200000000,1100528
8042,82828909,君鈺資產管理股份有限公司,臺中市南屯區大墩路188號4樓,1000000,1100519
8049,82830047,三山國際投資有限公司,臺中市豐原區豐原大道四段285號1樓,20000000,1100506
8050,82832164,泳騰瀅有限公司,臺中市大里區中興路二段177號,500000,1100518
8051,82832798,立聲科技有限公司,臺中市南區福興里和昌街291號1樓,1000000,1100510
8065,82839997,風雲主題餐廳有限公司,臺中市西屯區福雅里福雅路132號1樓,200000,1100511
8066,82840002,北鯨廣告有限公司,臺中市大肚區瑞井里遊園路一段62巷4號1樓,500000,1100525
8068,82840903,冠宥科技有限公司,臺中市西區臺灣大道二段285號20樓,1500000,1100514
8069,82841902,久方生技股份有限公司,臺中市西屯區臺灣大道四段925號10樓之7,109350000,1100510
8080,82845787,嘉能能源有限公司,臺中市潭子區栗林里弘福街158號1樓,5000000,1100506
8081,82845864,紅牛基地有限公司,臺中市后里區敦東里文明路51號1樓、2樓,4450000,1100512
8082,82845978,米可吉他音樂有限公司,臺中市西屯區福科路952號2樓,5000000,1100514
8106,82859803,充寶數位服務股份有限公司,臺中市北區賴厝里梅川西路三段66號12樓,2000000,1100521
8108,82860169,新通精密機械有限公司,臺中市梧棲區草湳里梧南路6之1號,11000000,1100524
8110,82860581,大安樘生技股份有限公司,臺中市北區長青里武昌路22號1樓,3000000,1100527
8111,82860604,百讚純淨水股份有限公司,臺中市大雅區員林里大林路333之3號,17000000,1100528
8112,82860647,超群鋁業股份有限公司,臺中市豐原區東湳里豐原大道六段655巷28號,9000000,1100521
8113,82861126,墡心循環農業科技股份有限公司,臺中市南區民生路9巷6號1樓,2500000,1100506
8117,82862928,星匯有限公司,臺中市北屯區文心路三段447號4樓,6000000,1100504
8124,82866403,易立配股份有限公司,臺中市南屯區文山里保安二街229號,1000000,1100525
8136,82870700,浚威國際有限公司,臺中市南屯區大容西街2號7樓,6000000,1100524
8141,82872600,壹動能股份有限公司,臺中市西屯區市政路402號11樓之5,3000000,1100511
8142,82873116,綠自然研研所有限公司,臺中市西區忠明里美村路一段43號11樓之13,1000000,1100511
8143,82873143,老總國際有限公司,臺中市豐原區豐北街323巷3號1樓,100000,1100511
8144,82873404,淘富實業有限公司,臺中市西區臺灣大道二段239號13樓,100000,1100521
8145,82873410,政程大力企業有限公司,臺中市西區忠明南路90號3樓,500000,1100524
8146,82873586,揚鋊開發有限公司,臺中市沙鹿區斗抵里天池街79號1樓,4200000,1100511
8147,82873805,蓮鉎科技股份有限公司,臺中市西屯區潮洋里市政北二路282號21樓之11,3000000,1100507
8148,82873880,非常漫活有限公司,臺中市西屯區文心路二段562之1號3樓之1,6000000,1100512
8149,82874017,永泰國際投資股份有限公司,臺中市南屯區大進街536之6號12樓,30700000,1100527
8150,82874115,親富發開發有限公司,臺中市太平區旱溪西路二段170號,1000000,1100520
8152,82874585,帝寶旺建設有限公司,臺中市西屯區潮洋里市政北二路282號21樓之10,1000000,1100504
8154,82875254,豐禾行旅股份有限公司,臺中市北區五權路377號1樓至7樓,6000000,1100525
8155,82875769,立吉投資有限公司,臺中市南屯區大業里公益路二段61號地下一層之1,20000000,1100514
8162,82878132,捷發國際實業有限公司,臺中市西區臺灣大道二段186號24樓之3,6000000,1100527
8181,82886787,高品撞球有限公司,臺中市西屯區逢福里福星路559號3樓,500000,1100531
8194,82892818,展裕國際時尚有限公司,臺中市西區民龍里台灣大道二段239號13樓,2000000,1100511
8195,82893844,德柏智能有限公司,臺中市北屯區瀋陽路二段5號1樓,6000000,1100507
8197,82894528,惠川學苑國際有限公司,臺中市西區藍興里自由路一段19之5號2樓,5000000,1100527
8198,82894560,振鈺數位服務股份有限公司,臺中市北屯區水湳里文心路三段447號31樓,250000000,1100517
8199,82894610,鉅淼有限公司,臺中市太平區聖和里長龍路一段內城一巷17之2號1樓,1000000,1100518
8200,82895441,冠群紡織科技股份有限公司,臺中市西區台灣大道二段186號3樓之1,1000000,1100528
8208,82899642,雲彩貿易有限公司,臺中市西區台灣大道二段186號24樓之3,6000000,1100525
8219,82904292,永承地產開發顧問有限公司,臺中市豐原區豐圳里圓環西路87巷5號1樓,300000,1100503
8237,82913953,香榭驪舍股份有限公司,臺中市北區五權路377號8樓至11樓,29000000,1100524
8238,82914003,豐潤投資有限公司,臺中市南屯區向心里豐富路289號1樓,1000000,1100507
8262,82930524,盛谷有限公司,臺中市西區向上路一段110號8樓,1150000,1100514
8263,82931523,星园有限公司,臺中市西區中興里向上路一段180號1樓,4000000,1100506
8264,82931690,冠三空中瑜珈股份有限公司,臺中市南屯區三和里干城街328號2樓之1,5040000,1100512
8265,82931967,鑼維展安有限公司,臺中市中區綠川里民族路23號4樓之2,500000,1100505
8275,82936246,優泥創新有限公司,臺中市北屯區軍福十三路36之15號1樓,1000000,1100503
8338,82963171,華有科技工程有限公司,臺中市后里區墩東里三豐路三段809巷9弄10號1樓,1000000,1100507
8339,82963186,麥貝可生技有限公司,臺中市中區綠川里綠川西街135號12樓之1,2600000,1100510
8340,82963926,遨儀資訊有限公司,臺中市大雅區三和里4鄰建興路155號6樓之3,1000000,1100512
8341,82964116,新港灣營造有限公司,臺中市梧棲區博愛北路185號1樓,12000000,1100503
8342,82964642,睿聚科技股份有限公司,臺中市西屯區市政北一路1號2樓,12400000,1100520
8351,82969055,上禾開發機械有限公司,臺中市豐原區西湳里三豐路二段139號,1000000,1100525
8352,82969082,亞灣開發有限公司,臺中市梧棲區博愛北路185號1樓,8000000,1100514
8353,83042580,康鴻生技有限公司,臺中市南屯區文心路一段540號8樓之3,1000000,1100513
8354,83042723,益豐國際股份有限公司,臺中市西屯區文心路三段241號18樓之5,17187500,1100511
8355,83043342,為你鍾情有限公司,臺中市北區三民路三段217號6樓之12,6200000,1100504
8356,83043357,有一茶飲有限公司,臺中市西區美村路一段22號7樓之4,850000,1100511
8357,83043531,大統國際生技股份有限公司,臺中市西屯區市政北二路282號26樓之10,20120000,1100504
8358,83044010,傑茉尼斯國際有限公司,臺中市神岡區岸裡里大豐路五段365號,5000000,1100521
8381,83054950,南通特克斯貿易有限公司,臺中市太平區新吉里樹孝路274巷61弄52號1樓,11200000,1100520
8425,83070656,亨諦國際有限公司,臺中市南屯區大進街392號2樓,500000,1100525
8426,83070945,照田股份有限公司,臺中市北區太原北路128號1樓,3350000,1100506
8446,83080438,大展千里有限公司,臺中市西屯區潮洋里市政北二路282號21樓之11,200000,1100503
8451,83082479,光桓資訊科技股份有限公司,臺中市西區忠誠里臺灣大道二段573號5樓,19550000,1100521
8452,83082626,亞崙生技有限公司,臺中市北屯區同平巷3號1樓,2000000,1100510
8453,83082647,寶島贊綜合股份有限公司,臺中市清水區中華路645號2樓,1000000,1100518
8454,83082668,鐙富建設有限公司,臺中市南區福順里忠明南路789號38樓之2,12000000,1100510
8455,83083028,日晨休閒股份有限公司,臺中市南區忠明南路789號38樓之2,6003000,1100514
8465,83086405,一念實業有限公司,臺中市豐原區豐原里三民路12號12樓之1,300000,1100526
8466,83086860,禾好貿易股份有限公司,臺中市北屯區三和里東山路一段50巷62號,500000,1100518
8467,83086897,兆鼎生醫股份有限公司,臺中市梧棲區草湳里永興路二段378巷35號2樓,21050000,1100519
8468,83087404,綠昉室內裝修有限公司,臺中市西屯區內江街5號1樓,2000000,1100525
8479,83091152,昌鴻建設有限公司,臺中市大甲區中山路一段971之1號1樓,25000000,1100518
8480,83091553,春樹商旅股份有限公司,臺中市西區吉龍里五權五街151號7樓之6,6300000,1100511
8481,83092125,曜鼎餐飲股份有限公司,臺中市潭子區雅豐街76巷29弄27之1號1樓,3500000,1100503
8482,83092151,定國翰翔成鋁門窗有限公司,臺中市神岡區中山路1028號1樓,100000,1100510
8493,83096451,歐地酒窖有限公司,臺中市西屯區文心路二段95號3樓之5,2000000,1100510
8494,83096635,立捷管理顧問股份有限公司,臺中市西區臺灣大道二段285號20樓,350000,1100504
8495,83096712,宇鎮航空科技有限公司,臺中市南區南門里國光路365巷38號5樓之6,500000,1100517
8496,83096993,毅通國際有限公司,臺中市南屯區惠中里文心路一段324號11樓之1,500000,1100503
8497,83097326,野甜屋有限公司,臺中市西屯區臺灣大道三段486號1樓,600000,1100513
8529,83112972,宏祈有限公司,臺中市南屯區大墩路69號1樓,50000,1100510
8531,83114459,和鯨建設開發有限公司,臺中市大肚區瑞井里遊園路一段62巷4號1樓,1000000,1100524
8537,83120327,慧靚股份有限公司,臺中市北區新興里太平路17之2號,10000000,1100518
8539,83120522,鴻品菓子有限公司,臺中市豐原區圓環北路二段399號,6000000,1100513
8541,83120889,昆達有限公司,臺中市新社區協成里興隆街74號1樓,16000000,1100517
8542,83121705,技高一籌科技有限公司,臺中市沙鹿區竹林里光華路519號2樓,100000,1100505
8543,83121846,新富邑國際有限公司,臺中市西區臺灣大道二段2號18樓之1,200000,1100517
8549,83124787,翔狄企業有限公司,臺中市北區西屯路一段226之5號,250000,1100518
8550,83125168,鵬揚建設有限公司,臺中市神岡區民生路67巷12號1樓,3000000,1100504
8551,83125272,可麗亞餐飲事業有限公司,臺中市西區吉龍里五權七街62號5樓之2,100000,1100517
8552,83125569,翔宇冷氣空調有限公司,臺中市大里區立德里立仁路200之4號1樓,200000,1100531
8553,83125982,荷雅實業有限公司,臺中市南屯區惠中里大墩十二街311號14樓之4,600000,1100505
8560,83129848,盛丰豪國際有限公司,臺中市北區三民路三段148之3號,200000,1100505
8561,83130486,天山開發建設有限公司,臺中市大安區福興里興安路177巷38號1樓,25000000,1100504
8562,83131605,立贊水產有限公司,臺中市北屯區平和里瀋陽路一段87號1樓,900000,1100506
8563,83131719,新居城科技管理顧問有限公司,臺中市北屯區平德里文心路四段288號5樓之10,500000,1100507
8571,83135497,台灣簡報認證股份有限公司,臺中市西屯區西屯路三段159之17號15樓之2,2000000,1100525
8572,83135882,煜閣有限公司,臺中市西區華美西街一段28號1樓,800000,1100520
8573,83136003,心悅建設有限公司,臺中市北屯區青島路四段234巷8號2樓,600000,1100513
8585,83141738,秒秒聚商股份有限公司,臺中市西區民龍里臺灣大道二段239號13樓,1000000,1100514
8603,83149773,明景興業股份有限公司,臺中市西屯區西墩里上墩路375號1樓,50000000,1100525
8604,83151123,一零一美妝實業有限公司,臺中市南屯區文心南二路429號壹樓,5000000,1100526
8605,83151806,俊益投資股份有限公司,臺中市西屯區市政北一路359號6樓,5000000,1100519
8606,83151995,原動科技有限公司,臺中市西屯區市政北一路359號6樓,500000,1100506
8657,83180062,市管家管理顧問股份有限公司,臺中市大甲區幸福里黎明路2之151號2樓,1000000,1100518
8658,83180464,植茁科技股份有限公司,臺中市西屯區西平里西安街130巷7弄6號,10000000,1100503
8659,83180577,漾鎂企業有限公司,臺中市西屯區惠來里文心路二段201號17樓之3,120000000,1100519
8660,83181371,維心有限公司,臺中市大雅區二和里雅潭路4段422號2樓,1000000,1100504
8661,83181386,辰仕有限公司,臺中市南屯區溝墘里大業路241號3樓之1,27000000,1100518
8662,83181745,嘉印科技股份有限公司,臺中市南屯區文山里精科八路38號1樓,500000,1100513
8668,83184638,利美租賃有限公司,臺中市北區淡溝里英才路396號4樓之2,8000000,1100511
8670,83185094,廣澤玉石有限公司,臺中市西區公益里中美街299巷19號4樓,100000,1100517
8671,83185215,喬發機械有限公司,臺中市太平區太平里永豐路108巷12弄7號1樓,5000000,1100520
8672,83185720,逍遙有限公司,臺中市北區文莊里中清路一段89號7樓之1,6000000,1100517
8673,83185849,統鈺國際貿易有限公司,臺中市烏日區環中路八段79號2樓,300000,1100510
8674,83186143,善植企業有限公司,臺中市豐原區西勢里圓環南路1巷14號,1000000,1100518
8675,83186609,康興能源有限公司,臺中市霧峰區民生路220號2樓,1000000,1100517
8676,83186615,威士車業有限公司,臺中市北屯區平德里梅川東路四段25號12樓,1000000,1100525
8677,83186761,伊澄思實業有限公司,臺中市大里區景庄街202巷31弄11號,1000000,1100511
8724,83206268,宇宙天然有限公司,臺中市西區公德里精誠二十街16號3樓,2000000,1100512
8725,83206393,睿德發股份有限公司,臺中市西區民龍里日盛街10號1樓,27400000,1100517
8726,83206801,鼎耀環球食品有限公司,臺中市西屯區市政北一路359號6樓,1000000,1100506
8727,83207132,霧都有限公司,臺中市北區建興里崇德路一段186號1樓,1500000,1100519
8728,83207581,騷啦咖啡有限公司,臺中市西區双龍里模範街34巷10號,6000000,1100514
8729,83208104,鐛瀚實業有限公司,臺中市西區廣民里樂群街23號1樓,1000000,1100531
8730,83208391,鑫寶易有限公司,臺中市西區民龍里公益路155巷9號7樓之2,200000,1100506
8758,83221330,元森開發有限公司,臺中市北屯區廍子里祥順一街37號,1000000,1100512
8759,83221649,鉑竣精密有限公司,臺中市潭子區家福里頭張路二段165巷8號,500000,1100517
8776,83228875,源圓國際有限公司,臺中市西屯區光明路52號1樓,29800000,1100503
8777,83228946,裕國食品科技股份有限公司,臺中市大里區東湖里國寶街36巷2號2樓,5000000,1100519
8778,83229179,展域文創股份有限公司,臺中市西屯區何安里重慶路99號5樓之3,2000000,1100505
8779,83229213,五輪書國際股份有限公司,臺中市西屯區何安里重慶路99號五樓之3,15000,1100505
8782,83232028,富鼎旺科技有限公司,臺中市西屯區大墩二十街118號5樓之1,700000,1100527
8783,83232104,愛美麗生活館有限公司,臺中市北區三民路三段217號6樓之12,6200000,1100519
8784,83232245,環宇企業管理顧問有限公司,臺中市太平區太平里永豐路44號,1000000,1100503
8785,83232370,麥建濤國際有限公司,臺中市北屯區文心路三段447號4樓,6200000,1100520
8786,83232553,傳奕科技顧問股份有限公司,臺中市西區忠明南路237號9樓之2,1000000,1100526
8788,83232786,領峰國際地產股份有限公司,臺中市西屯區市政北一路1號2樓,6000000,1100517
8789,83232879,同新瀝有限公司,臺中市北屯區后庄北路28號12樓,500000,1100510
8790,83233032,金潤國際食品有限公司,臺中市大雅區六寶里月祥路816號1樓,1500000,1100528
8791,83233309,詮正投資股份有限公司,臺中市南屯區工業區26路2號,29935000,1100524
8792,83233407,源創醫療設備科技有限公司,臺中市南區樹義里樹義路82-3號1樓,2500000,1100528
8793,83233552,逢源有限公司,臺中市南屯區溝墘里大業路241號3樓之1,3000000,1100510
8810,83240131,懷寬工業有限公司,臺中市大雅區上楓里樹德街356巷46號,2000000,1100507
8846,83264506,豐鑫國際木業股份有限公司,臺中市南屯區向心里向心南路981巷24號1樓,27500000,1100513
8847,83264652,昱鴻有限公司,臺中市太平區長億里長億一街如意巷23號1樓,500000,1100531
8848,83264858,天瀧運通有限公司,臺中市西屯區工業區一路58巷11弄36號六樓之3,7500000,1100527
8849,83265580,尊海投資管理顧問股份有限公司,臺中市西區館前路55號5樓之8,1800000,1100519
8879,83275449,四季盈收農業科技有限公司,臺中市南區樹義里福田路158巷38號1樓,135000,1100510
8886,83279682,富士山有限公司,臺中市北屯區廍子里祥順東路二段41號1樓,2000000,1100531
8908,83285994,幸福美味店有限公司,臺中市北屯區東山路一段225之17號1至2樓,6010000,1100528
8922,83292453,德霂投資有限公司,臺中市南屯區向心里向心南路981巷24號1樓,83790500,1100506
8923,83292496,和鈦投資有限公司,臺中市西屯區福雅里福安路68號12樓之5,457170640,1100510
8924,83292658,源日投資有限公司,臺中市西屯區永安里安林路3之22巷1弄3號1樓,73019300,1100506
8925,83292828,敦煌投資有限公司,臺中市西屯區大墩路992號3樓,10125000,1100511
8926,83293431,串將軍有限公司,臺中市北屯區和平里東山路一段338之10號1樓,5000000,1100528
8941,83299717,興張投資股份有限公司,臺中市南區國光路88號5樓之3,242000000,1100506
8942,83300637,千汌有限公司,臺中市西區土庫里存中街61巷1號1樓,2000000,1100519
8943,83300778,全方位社群行銷有限公司,臺中市西區英才路530號21樓之6,1000000,1100511
8946,83301360,薾聞企業有限公司,臺中市南區復興路三段314號3樓,100000,1100520
8947,83301376,沐晨有限公司,臺中市南屯區文心路一段218號7樓之6,200000,1100525
8948,83301586,溥村智能有限公司,臺中市南區樹德里大慶街2段15巷2號,500000,1100519
8980,83366237,楠叮叮有限公司,臺中市西屯區西屯路二段284巷32號1樓,6000000,1100518
8987,83370561,德佐國際有限公司,臺中市北區中清路一段89號7樓之1,60000,1100521
9008,83384489,煜璇出品股份有限公司,臺中市南區永和里五權南路679號1樓,100000,1100531
9009,83384761,花千語有限公司,臺中市北屯區崇德二路一段275號1樓,6200000,1100510
9010,83385380,台灣泰斯特有限公司,臺中市大雅區神林南路21巷37號地下一層,100000,1100521
9011,83385797,飛信有限公司,臺中市南區忠明南路787號19樓之2,500000,1100525
9012,83386509,立昇昌管理顧問有限公司,臺中市東區東南里十甲路45號1樓,500000,1100521
9013,83386901,聖母峰國際電商有限公司,臺中市大里區光正路18號10樓之7,80000,1100507
9014,83387205,采瑞建設股份有限公司,臺中市西區吉龍里美村路一段643號1樓,12500000,1100528
9015,83387253,皇亞建設開發有限公司,臺中市北屯區平順里大連路三段85號1樓,5000000,1100528
9017,83387654,沂霖實業有限公司,臺中市沙鹿區臺灣大道六段870巷51號,15000000,1100514
9018,83387681,台灣儲運股份有限公司,臺中市梧棲區中南一路二段411號,50000000,1100510
9022,83395654,樂居國際有限公司,臺中市西屯區何厝里何厝東二街23號9樓之3,150000,1100512
9023,83395818,愛喬琳生醫科技有限公司,臺中市北屯區松安里興安路二段442號1樓,2000000,1100520
9024,83396751,連禾資訊服務有限公司,臺中市北區臺灣大道二段340號4樓之5,3500000,1100503
9025,83397421,大統屏農生技股份有限公司,臺中市西屯區市政北二路282號26樓之10,20500000,1100504
9026,83397490,參唐建設有限公司,臺中市北區進化北路238號6樓之3,16000000,1100531
9027,83397674,智慧家電工程有限公司,臺中市西屯區何厝里何厝東二街23號9樓之3,2000000,1100504
9028,83397750,如益建設有限公司,臺中市大肚區沙田路一段6巷8之2號2樓,2000000,1100506
9029,83397962,十祚室內裝修設計有限公司,臺中市南區公理街65巷7之2號,100000,1100503
9030,83398218,利益有限公司,臺中市西屯區何南里大墩二十街118號5樓之1,500000,1100513
9031,83398358,寵學管理顧問股份有限公司,臺中市西區五權一街11號2樓,100000,1100511
9032,83398694,協笙有限公司,臺中市南屯區公益路二段171號2樓,500000,1100503
9033,83398771,大凡健康股份有限公司,臺中市西區忠明里美村路一段30號9樓之2,48100000,1100528
9042,83404865,英屬維京群島商興記連泰股份有限公司,臺中市西屯區市政北七路98號4樓之1,5000000,1100518
9043,83405528,威特嘉科技開發股份有限公司,臺中市西屯區協和里安和一街37號一樓,2000000,1100505
9044,83405956,豐宇旺股份有限公司,臺中市西屯區中康街286號,10000000,1100526
9045,83406076,天樂建設有限公司,臺中市北屯區仁和里崇德十路二段172之3號1樓,52000000,1100510
9047,83406548,鑫祈起重有限公司,臺中市烏日區九德里中山路一段124號1樓,500000,1100517
9048,83406759,海灣文創事業有限公司,臺中市北屯區山西北一街82號1樓,11000000,1100524
9049,83407053,楷安實業有限公司,臺中市西屯區中清西二街45巷14號5樓,150000,1100507
9050,83407722,浩雋有限公司,臺中市西屯區逢甲路19巷17之15號2樓,6200000,1100525
9051,83408291,云右國際有限公司,臺中市南屯區大業里大進街490號10樓之3,100000,1100504
9052,83408428,展豐建設股份有限公司,臺中市烏日區三和里高鐵五路156號7樓之5,20000000,1100528
9053,83408617,佳沃建築設備集成有限公司,臺中市北屯區水湳里文心路三段447號4樓,1000000,1100527
9054,83408692,期元有限公司,臺中市北屯區松竹里河北西街88號15樓之2,1000000,1100518
9066,83416399,有作為制造所有限公司,臺中市中區繼光里公園路2號6樓之40,1010000,1100528
9067,83416715,廣鋐企業股份有限公司,臺中市梧棲區永安里向上路九段482號,5000000,1100517
9068,83417117,全富開發股份有限公司,臺中市西區忠明南路270號8樓之2,29000000,1100527
9069,83418426,大健康企業股份有限公司,臺中市南區忠明南路1118之6號,10000000,1100517
9070,83419207,紫辰國際有限公司,臺中市西屯區重慶路99號5樓之3,300000,1100521
9071,83419419,建隆興潛鑽有限公司,臺中市南屯區文心里向上南路一段278號23樓,30000000,1100513
9073,83420078,聚鑫水產有限公司,臺中市烏日區高鐵五路156號8樓之5,1000000,1100506
9076,83424948,昭盛企業股份有限公司,臺中市清水區港都路153號10樓之2,1000000,1100517
9077,83425307,永鈞盛精密有限公司,臺中市北區進化北路238號10樓之3,300000,1100513
9078,83426755,乾暘綠電股份有限公司,臺中市北屯區仁友巷23號1樓,990000,1100520
9081,83432166,美石家石材有限公司,臺中市烏日區溪南路一段680巷528號8樓之5,1000000,1100505
9082,83432172,環台光電股份有限公司,臺中市大肚區沙田路一段320巷50號,130000000,1100528
9083,83432742,和力綜效顧問有限公司,臺中市西屯區西屯路二段256巷6號2樓之8,2000000,1100526
9089,83441073,楊洪國際貿易有限公司,臺中市北區賴厝里太原路二段37號12樓之1,1000000,1100519
9090,83441524,衡萌泰有限公司,臺中市大雅區中清路四段620號,3000000,1100504
9091,83442214,元寶顧問股份有限公司,臺中市北屯區新平里中清路二段415巷97號,6300000,1100517
9092,83442805,德易室內裝修有限公司,臺中市沙鹿區星河路14之4號1樓,50000,1100506
9093,83443255,齊霖都市更新顧問股份有限公司,臺中市北區建興里崇德路一段268之5號,1000000,1100511
9094,83443403,興源發實業有限公司,臺中市南屯區惠中里文心路一段324號11樓之1,200000,1100519
9112,83461529,買東西貿易有限公司,臺中市南屯區同心里南屯路二段290號12樓之2,1500000,1100505
9113,83461611,鳴貞國際有限公司,臺中市南屯區益豐路四段79號,6000000,1100513
9114,83461844,雄健有限公司,臺中市西屯區大墩二十街162之5號3樓之2,6000000,1100519
9115,83462153,瑪查影像有限公司,臺中市清水區清水里新興路41號1樓,300000,1100519
9116,83462196,趣蕎有限公司,臺中市南屯區益豐路四段79號,6000000,1100517
9117,83462652,甘霖國際貿易有限公司,臺中市南屯區益豐路四段79號,6000000,1100510
9118,83462772,日安文化整合有限公司,臺中市西屯區潮洋里臺灣大道三段677號,100000,1100518
9119,83463168,桂和企業有限公司,臺中市西區忠誠里忠明路30號4樓之2,500000,1100503
9143,83471619,巨東工程有限公司,臺中市西區忠明南路237號9樓之2,1000000,1100528
9144,83471738,京瑀實業有限公司,臺中市西屯區大鵬里文心路三段241號21樓之2,50000,1100505
9162,83477466,八方電力股份有限公司,臺中市北區文莊里日興街222號10樓之1,55000000,1100511
9163,83478578,新加坡商久益裝修有限公司,臺中市東區自強街5巷2號5樓之2,0,1100527
9191,83486795,蓋比泰勒股份有限公司,臺中市西屯區市政北二路236號14樓之1,3000000,1100504
9192,83486900,安特瀾健康電商有限公司,臺中市清水區橋頭里民治東路271巷17號1樓,450000,1100524
9213,83498960,安慶有限公司,臺中市北屯區太原路三段1289號4樓之13,500000,1100503
9231,83507790,與將創意國際股份有限公司,臺中市南區工學里工學北路355號9樓之2,6000000,1100519
9232,83507905,溢星峯有限公司,臺中市南屯區益豐路四段79號,6000000,1100506
9233,83508502,藍點視覺有限公司,臺中市西屯區何厝里何厝東二街23號9樓之3,1000000,1100514
9234,83508593,萬棋股份有限公司,臺中市南屯區惠中里文心路一段324號11樓之1,5000000,1100521
9235,83508637,黑瘋科技股份有限公司,臺中市西屯區惠來里市政北一路1號2樓,29900000,1100507
9236,83509811,宥傑企業有限公司,臺中市烏日區烏日里民生街7號,200000,1100504
9237,83509925,元利企業有限公司,臺中市豐原區朴子里豐勢路二段965巷11號,3000000,1100505
9243,83513792,豐恩樂購有限公司,臺中市東區復興路四段186號9樓,6000000,1100528
9273,83528423,肇鼎開發有限公司,臺中市西屯區潮洋里龍門路93巷1號1樓,2000000,1100528
9291,83537160,熊大搬家貨運有限公司,臺中市南屯區保安六街143號11樓之16,10000000,1100521
9308,83542874,三二八有限公司,臺中市南屯區益豐路四段79號,6000000,1100520
9329,83553415,匯盈動力有限公司,臺中市西屯區協和里工業區一路98之128號,6000000,1100528
9330,83553718,宇星愛寵股份有限公司,臺中市南區福平里美村路二段186號6樓之1,10000000,1100512
9331,83554239,優絲貿易有限公司,臺中市北區中清路一段100號18樓之2,6000000,1100503
9343,83560794,冠翔工程有限公司,臺中市北區淡溝里臺灣大道二段360號13樓之5,2000000,1100507
9354,83563666,齊快實業有限公司,臺中市豐原區中正路534號,200000,1100504
9357,83563856,奢侈品有限公司,臺中市北區三民路三段217號6樓之12,6000000,1100506
9358,83564145,糖雙有限公司,臺中市西區公正里大同街217號1樓,2000000,1100531
9359,83564222,智慧家居用品有限公司,臺中市北區三民路三段217號6樓之12,6000000,1100513
9361,83564861,元亨利貞商貿有限公司,臺中市北區健行里忠明路424號5樓之1,6097296,1100505
9362,83564969,海闊天空有限公司,臺中市豐原區合作街38號2樓,6050000,1100517
9363,83565019,恩恩國際有限公司,臺中市南屯區同心里南屯路二段290號12樓之2,2500000,1100506
9364,83565329,樂然力量有限公司,臺中市南屯區益豐路四段79號,6000000,1100519
9376,83571568,喬納森有限公司,臺中市西屯區四川路87巷96號1樓,6000000,1100504
9377,83571770,旭呈資訊有限公司,臺中市西屯區何厝里何厝東二街23號9樓之3,2000000,1100510
9385,83576058,穎澤貿易顧問有限公司,臺中市西屯區何南里大墩二十街118號5樓之1,6000000,1100528
9386,83576347,金誠營造有限公司,臺中市北區頂厝里崇德路一段629號19樓之2,3600000,1100526
9387,83576374,泰原運輸有限公司,臺中市梧棲區大庄里文華街28巷10號1樓,1000000,1100504
9388,83576418,金宏慶益國際有限公司,臺中市北屯區水湳里文心路三段447號4樓,300000,1100528
9389,83576613,立展開發有限公司,臺中市豐原區水源路7巷65號1樓,10450000,1100531
9390,83577015,首席生物科技顧問有限公司,臺中市西屯區朝富路213號9樓之7,2000000,1100517
9391,83577057,澄陞開發有限公司,臺中市豐原區育英路131巷19號1樓,10450000,1100526
9392,83577583,立訊達科技股份有限公司,臺中市北屯區平田里文心路四段955號19樓之4,1000000,1100521
9414,83585303,凱森實業有限公司,臺中市西屯區何南里大墩二十街118號5樓之1,100000,1100511
9415,83585872,啟宏國際有限公司,臺中市北屯區仁美里昌平路二段50之6巷2弄33之2號,1000000,1100506
9416,83586083,元沏國際股份有限公司,臺中市西區公德里精誠路237號1樓,4300000,1100525
9417,83586339,後匠空間設計興業有限公司,臺中市西區忠誠里台灣大道二段562號2樓,500000,1100524
9418,83586485,鉅翔管理顧問有限公司,臺中市西區民龍里臺灣大道二段239號13樓,2000000,1100506
9419,83587153,誠摯國際徵信有限公司,臺中市西區臺灣大道二段239號13樓,500000,1100526
9431,83589568,廣易坤科技有限公司,臺中市北區中清路一段89號15樓之1,1000000,1100513
9432,83589666,豐藤光電有限公司,臺中市太平區鵬儀路68巷13之1號1樓,500000,1100514
9433,83589743,展明企業有限公司,臺中市沙鹿區鹿峰里中山路658之2號2樓,15000000,1100517
9434,83589862,維洲精密股份有限公司,臺中市神岡區庄後里厚生路117-8號,20000000,1100504
9435,83589883,酒筵人生有限公司,臺中市大雅區員林里神林路一段104巷23號,100000,1100506
9436,83590468,育誠科技有限公司,臺中市太平區德隆里華安街142號1樓,500000,1100519
9438,83590707,上美科技有限公司,臺中市北屯區水湳里文心路四段67號27樓之1,1200000,1100528
9439,83591086,永得正文化有限公司,臺中市西區中興里美村路一段266號1樓,300000,1100517
9449,83595581,一牧軒有限公司,臺中市南屯區大墩十一街793號1樓,4000000,1100503
9450,83595631,無限美國際有限公司,臺中市西屯區河南路三段131號7樓之13,5000000,1100517
9451,83595816,鑫富安居開發建設有限公司,臺中市西區臺灣大道二段186號24樓之2,3000000,1100517
9452,83596028,竑恩有限公司,臺中市北屯區庄美街28號9樓之9,300000,1100524
9457,83599094,千附精密股份有限公司,臺中市后里區后里里后科南路28號,537900000,1100505
9458,83599593,觀自在文創有限公司,臺中市北屯區天津路四段213號1樓,100000,1100517
9459,83600114,沁和實業有限公司,臺中市大里區西榮里東明路147巷119號1樓,1000000,1100520
9460,83600141,台灣農創興業股份有限公司,臺中市霧峰區中正里四德路10號,30000000,1100512
9461,83600418,瑩潤國際貿易有限公司,臺中市西屯區逢福里河南路二段262號3樓之2,500000,1100513
9462,83601465,品通國際股份有限公司,臺中市豐原區北陽里向陽路369號,4500000,1100526
9463,83601578,期以茶有限公司,臺中市北屯區舊社里松竹五路一段203號12樓之2,500000,1100531
9491,83619520,璨譁工程有限公司,臺中市大里區健民里健康二街11號3樓,1000000,1100531
9492,83621053,夕暮股份有限公司,臺中市西屯區何南里大墩二十街118號5樓之1,1015000,1100521
9493,83621217,聯強教育股份有限公司,臺中市太平區中山路二段115號4樓,11000000,1100507
9494,83621238,新富地產開發股份有限公司,臺中市北屯區文心路四段692之1號3樓,13500000,1100503
9495,83621292,博德生醫科技股份有限公司,臺中市北區賴興里文心路四段200號8樓之7,500000,1100525
9496,83621737,佑震科技有限公司,臺中市西區民龍里臺灣大道二段239號13樓,100000,1100513
9498,83622193,泰竣精密有限公司,臺中市烏日區溪尾里慶光路49號,500000,1100520
9499,83623453,泰日貿易有限公司,臺中市西區公民里五權路2之107號14樓,2000000,1100518
9516,83634487,達達通路有限公司,臺中市太平區中興里新平路一段35巷87號1樓,100000,1100517
9527,83648356,協和盛工程有限公司,臺中市南屯區田心里惠德街218號1樓,100000,1100519
9546,83676423,民享租賃股份有限公司,臺中市南屯區五權西路二段1161號4樓,30000000,1100506
9547,83676562,鉅特機械工程有限公司,臺中市清水區槺榔里和平路428之13號,2500000,1100525
9548,83677915,布如文創有限公司,臺中市北屯區平德里崇德路二段51號3樓之2,6000000,1100528
9549,83679364,茗月貿易有限公司,臺中市大里區瑞城里瑞城一街125巷16號,100000,1100517
9550,83681679,川豐國際餐飲有限公司,臺中市西區向上北路138號,5000000,1100503
9551,83681713,翔耀開發有限公司,臺中市西屯區惠來里市政南二路52號2樓,28000000,1100531
9552,83681755,貝若國際美業有限公司,臺中市北屯區大連路三段53號,2000000,1100518
9559,83684818,台灣眾樹有限公司,臺中市大里區健民里仁化工二路76號11樓,3000000,1100519
9571,83690826,慕砌國際有限公司,臺中市西區美村路一段22號14樓、14樓之2、14樓之3,13000000,1100503
9579,83696602,豪盈國際有限公司,臺中市西屯區大鵬里文心路三段241號21樓之2,500000,1100514
9625,83716327,厚野生技有限公司,臺中市西區臺灣大道二段406號6樓之1,4160000,1100528
9626,83716332,益全豐有限公司,臺中市大里區仁德里仁化路701巷2號1樓,200000,1100507
9627,83718845,國安土地開發股份有限公司,臺中市烏日區溪南路二段35巷101弄53號,1200000,1100521
9628,83719801,鈦霖有限公司,臺中市西屯區文心路三段13之7號,95000,1100513
9633,83721497,永續企業股份有限公司,臺中市西屯區臺灣大道二段633號8樓之3,5000000,1100511
9639,83723875,思原生物工程有限公司,臺中市豐原區信義街60號3樓,3500000,1100521
9670,83743957,大麥克斯插畫及平面設計有限公司,臺中市南區福順里忠明南路789號38樓之2,6000000,1100506
9680,83750422,順石松有限公司,臺中市西屯區協和里工業區三二路55號,200000,1100514
9685,83752316,海洋小七有限公司,臺中市西屯區西平里福星北二街5號,200000,1100514
9686,83752358,茂昇空調工程有限公司,臺中市清水區武鹿里公正路79號1樓,10000000,1100526
9687,83752532,經緯資產投資實業有限公司,臺中市西屯區至善里青海路二段331號1樓,29800000,1100505
9688,83752998,宥豐特登股份有限公司,臺中市北屯區水湳里中清西二街25號,1000000,1100507
9689,83753188,山河海有限公司,臺中市龍井區龍泉里龍社路522號,4000000,1100511
9690,83753194,丹明開發實業有限公司,臺中市西屯區何厝里四川路87巷31號1樓,1000000,1100525
9691,83753650,莫瑞亞企業有限公司,臺中市西屯區臺灣大道四段771號9樓,1000000,1100525
9692,83753883,聚康生活事業股份有限公司,臺中市南屯區大墩四街2號6樓,15000000,1100531
9700,83754969,長鑫有限公司,臺中市大雅區中清路四段620號,500000,1100503
9707,83758374,安禾國際貿易實業有限公司,臺中市西屯區惠來里惠中路一段88號24樓,100000000,1100524
9716,83763025,京鉌國際有限公司,臺中市南屯區向心里文心南二路392號12樓之1,500000,1100520
9717,83763067,獅山點點有限公司,臺中市中區民族路64號9樓之8,1900000,1100507
9718,83763138,錸崴國際有限公司,臺中市后里區義德里中興街60號1樓,2500000,1100524
9719,83763171,上美生物科技股份有限公司,臺中市北區立人里中清路一段637號1樓,1200000,1100524
9742,83771643,安廣建設事業有限公司,臺中市西屯區福林里福科路535巷16號2樓,3600000,1100512
9743,83771849,益達興業有限公司,臺中市北區進化北路238號10樓之3,7000000,1100513
9744,83772214,路希諾達有限公司,臺中市西屯區大鵬里長安路二段71巷2號1樓,200000,1100524
9745,83772278,巨安環保科技有限公司,臺中市梧棲區南簡里民和東街57號4樓,500000,1100513
9746,83772410,重信科技有限公司,臺中市大雅區上楓里民族街186號1樓,1000000,1100506
9747,83772544,盛所建築營造有限公司,臺中市西屯區大墩十八街89號1樓,10000000,1100506
9769,83783367,和家廣告有限公司,臺中市西區和龍里臺灣大道一段726號3樓之1,2500000,1100519
9784,83791084,台云環科有限公司,臺中市北區明新里忠明路501巷10號,5000000,1100517
9785,83791232,銓固投資有限公司,臺中市太平區永平路二段179號1樓,33128325,1100504
9792,83794907,騰輝營造有限公司,臺中市西屯區市政路386號8樓之7,3600000,1100520
9793,83795080,威可芙生技股份有限公司,臺中市南區福順里忠明南路787號19樓之2,1704550,1100504
9813,84020326,京焱開發股份有限公司,臺中市豐原區北湳里大順街45號1樓,10000000,1100520
9814,84074286,域府工程有限公司,臺中市北屯區平和里梅川東路四段105號5樓之19,5000000,1100521
9816,84079466,源興紡織股份有限公司,臺中市龍井區工業路252巷46號,624323920,1100526
9826,84131569,達努巴克國際事業股份有限公司,臺中市南區福順里忠明南路787號31樓,30200000,1100514
9836,84150930,翔竣工業股份有限公司,臺中市霧峰區中正路557巷22號,28500000,1100526
9841,84198499,采祿金屬企業股份有限公司,臺中市后里區墩南里南村路341號,6000000,1100511
9848,84230934,上溢精密股份有限公司,臺中市大肚區王田里興和路121巷35號,35000000,1100518
9850,84236114,常銘實業股份有限公司,臺中市潭子區豐興路2段龍興巷23之1號,100000000,1100507
9851,84237508,巨匠建設事業開發股份有限公司,臺中市西屯區潮洋里朝富路213號27樓之3,60000000,1100510
9853,84242278,財國建設有限公司,臺中市北屯區大連路三段116號1樓,25000000,1100527
9878,84310129,隆答股份有限公司,臺中市西區臺灣大道二段536號10樓之2,10000000,1100526
9882,84330096,天行管理顧問股份有限公司,臺中市西屯區市政路386號8樓之7,25000000,1100520
9884,84337112,萬隆盈股份有限公司,臺中市梧棲區中正里中和街170巷11號1樓,500000,1100524
9893,84383810,敬泰車材股份有限公司,臺中市烏日區螺潭里太明路成豐巷426號,3000000,1100528
9896,84389883,宏帝德物創股份有限公司,臺中市潭子區東寶里大豐路一段301巷4號1樓,15000000,1100519
9901,84402204,模得發工業股份有限公司,臺中市豐原區南田街229號,66000000,1100525
9902,84405265,潤鴻工程股份有限公司,臺中市南區工學北路122號8樓,10000000,1100531
9926,84495322,新逸股份有限公司,臺中市豐原區田心里豐南街51巷33號,17000000,1100525
9929,84518599,翔太創新科技股份有限公司,臺中市神岡區豐洲路665巷2號,5000000,1100524
9930,84526958,久育營造有限公司,臺中市神岡區社口里社口街499巷22號1樓,22500000,1100510
9931,84533938,柯福工程有限公司,臺中市南屯區三和里河南路四段460號2樓之2,28000000,1100525
9932,84537961,榮合食品股份有限公司,臺中市西屯區協和里工業區三十三路20號,62000000,1100517
9933,84542824,龍方有限公司,臺中市南屯區同心里大墩五街343號2樓,2500000,1100518
9935,84545688,協健有限公司,臺中市豐原區永康路213巷55弄13之1號1樓,2000000,1100526
9938,84560097,利生食品有限公司,臺中市西屯區大河里河南路二段83號1樓,29990000,1100518
9939,84566439,萬霖木業股份有限公司,臺中市神岡區北庄里中山路989巷13號,1000000,1100518
9947,84609508,雨利行生化科技實業有限公司,臺中市石岡區萬興里豐勢路721號1樓,35000000,1100506
9950,84626443,碩峰有限公司,臺中市東勢區第一橫街75號,1000000,1100524
9960,84672451,喬眾建設事業有限公司,臺中市南屯區溝墘里大墩十三街23號1樓,16000000,1100521
9961,84673091,格霖園藝景觀設計有限公司,臺中市太平區宜文街20巷2號1樓,1000000,1100505
9963,84673607,鋁銓金屬股份有限公司,臺中市大里區仁德里仁化路327號,9600000,1100517
9967,84685744,忠實營造工程股份有限公司,臺中市東區東橋里大智路453號,10200000,1100503
9981,84708681,香港商彼得森股份有限公司,臺中市北區光大里五權路190號8樓之10,5000000,1100517
10004,84807009,恒湘股份有限公司,臺中市石岡區金星里9鄰石岡街金川巷10-7號,3000000,1100505
10009,84810187,國億通信有限公司,臺中市大里區國光里文芳街102號1樓,3000000,1100521
10010,84827434,盛霖興業股份有限公司,臺中市神岡區社南里中山路667巷31號,10000000,1100517
10026,84957793,富美特企業股份有限公司,臺中市南屯區工業區二十一路20號1樓,29000000,1100526
10030,84968763,正新實業有限公司,臺中市大甲區義和二街201號,3000000,1100506
10032,84982596,升俊企業有限公司,臺中市大里區大明路304號,1200000,1100524
10039,84997269,長鉅建設股份有限公司,臺中市西區臺灣大道二段501號9樓之1,65000000,1100507
10069,85019819,百家成投資有限公司,臺中市北區崇德路一段631號七樓之2,2000000,1100505
10070,85020219,遠端監控企業有限公司,臺中市西屯區西墩里上安北街36號2樓,300000,1100513
10080,85025410,大砌能源有限公司,臺中市潭子區祥和路106巷5弄13號,1000000,1100517
10099,85038294,和馬有限公司,臺中市西屯區福和里臺灣大道四段847號11樓,2000000,1100527
10102,85041143,康藝商品包裝設計有限公司,臺中市西屯區何南里大墩二十街118號5樓之1,2000000,1100527
10106,85045387,金錸有限公司,臺中市北屯區后庄里后庄路101號2樓,500000,1100507
10117,85048933,柏森有限公司,臺中市大里區祥興里大智路565巷43-11號,1000000,1100531
10118,85049139,西歐凸股份有限公司,臺中市西屯區潮洋里朝富路213號24樓之7,15000000,1100505
10119,85049320,鼎航商務科技有限公司,臺中市西區臺灣大道二段186號9樓之1,10000000,1100511
10120,85049686,禾居建設有限公司,臺中市大里區新仁路一段71巷1號6樓之6,2400000,1100521
10126,85052936,紅牛健康事業有限公司,臺中市大甲區順天路405號3樓及5樓,3280000,1100511
10127,85053196,鈺欣隆有限公司,臺中市龍井區忠和里臨港路二段69之1號,50000,1100520
10129,85054863,惠騰興業股份有限公司,臺中市西屯區惠來里府會園道179號21樓,619694000,1100505
10131,85057405,巨和營造股份有限公司,臺中市霧峰區北柳里四德路275巷46弄1號,29000000,1100511
10132,85058241,成弘有限公司,臺中市太平區新高里環中東路三段816號10樓,500000,1100514
10133,85058299,共創共享科技有限公司,臺中市中區光復路85號9樓之1,3000000,1100527
10134,85059142,臺裕汽車有限公司,臺中市大甲區平安里經國路500號,100000,1100518
10135,85060274,君玉工程有限公司,臺中市太平區興隆里興隆路10之19號3樓,1000000,1100527
10136,85060295,台灣速伯樂有限公司,臺中市西區大隆路20號7樓之9,500000,1100520
10182,85080813,智谷系統有限公司,臺中市西區臺灣大道二段406號12樓之2,300000,1100513
10184,85081361,鴻達機械起重有限公司,臺中市南屯區寶山里向上路五段598之19號,1000000,1100506
10185,85081828,港一有限公司,臺中市西區自治街252號1樓,6000000,1100512
10194,85085850,畔泊資產管理有限公司,臺中市西區自由路一段101號10樓之2,600000,1100510
10196,85086823,旭晟開發股份有限公司,臺中市西區民龍里台灣大道二段285號14樓之3,500000,1100531
10235,85107783,超然農產品有限公司,臺中市西區臺灣大道二段16號19樓之2,100000,1100527
10236,85108657,天后闆妹有限公司,臺中市北區育才北路32之3號1樓,10000000,1100531
10237,85108925,國鎮展業有限公司,臺中市西屯區福瑞街138巷17號1樓,1000000,1100503
10238,85109348,賢哥餐飲有限公司,臺中市南屯區豐樂里永春東路819號1樓,5000000,1100531
10239,85109733,旅幸福管理顧問股份有限公司,臺中市中區繼光街166號1樓,8000000,1100514
10252,85117874,林檎國際事業有限公司,臺中市南屯區惠中里文心路一段324號11樓之1,1500000,1100511
10253,85117889,白雪公主珠寶精品有限公司,臺中市豐原區圓環西路17號,2120000,1100519
10254,85118249,護你康復醫療器材有限公司,臺中市太平區中興里永平路二段416號2樓,700000,1100527
10255,85118584,六合工程開發有限公司,臺中市北屯區軍功里松竹三路59號1樓,6390000,1100507
10277,85130980,珠迪麻糬粟米有限公司,臺中市西區臺灣大道二段186號24樓之1,1000000,1100511
10280,85196758,建吉企業股份有限公司,臺中市大雅區秀山里秀山七路35號1樓,60000000,1100506
10309,86097572,國瑞開發建設股份有限公司,臺中市南屯區向上南路一段167之7號,27000000,1100520
10330,86175788,詮技企業有限公司,臺中市西區公平里公益北街26號,3000000,1100514
10332,86195222,百德機械股份有限公司,臺中市大甲區工六路3號,549500000,1100520
10334,86201224,丸角股份有限公司,臺中市北區梅川東路3段11巷22號1樓,5000000,1100514
10340,86219358,柯泰精機工業股份有限公司,臺中市大甲區義和里中山路一段312號1樓,14000000,1100520
10342,86223727,翔益建設開發股份有限公司,臺中市北區大雅路664號2樓,30000000,1100511
10345,86226549,承玳營造股份有限公司,臺中市梧棲區民和路一段261號1樓,50000000,1100517
10356,86266648,帝贏精密工業股份有限公司,臺中市大雅區橫山里中山路大同巷9弄5-1號,15000000,1100525
10368,86334744,爵盛興業股份有限公司,臺中市神岡區新庄里19鄰溪頭路181號,115000000,1100503
10372,86364459,欣博企業股份有限公司,臺中市大雅區雅潭路三段458號1樓,19998580,1100518
10383,86384743,葛蘭富泵浦股份有限公司,臺中市西區民權路219號3樓,10000000,1100517
10386,86387636,華錩實業有限公司,臺中市豐原區南田街291巷10號,5000000,1100512
10387,86395875,書立得文化事業股份有限公司,臺中市北屯區和平里祥順路二段389號,27800000,1100514
10415,86531800,勝越塑膠有限公司,臺中市烏日區前竹里光明路364號1樓,5000000,1100525
10419,86545918,源順企業有限公司,臺中市清水區橋頭里27鄰民治東路18號1樓,5000000,1100503
10433,86619137,唐晟事業有限公司,臺中市西屯區何厝里何厝東二街23號5樓之6,5000000,1100524
10438,86641412,翊登電機有限公司,臺中市北屯區舊社里舊社巷56-15號1樓,5000000,1100517
10442,86653710,信貿企業有限公司,臺中市豐原區西湳里國豐路一段579號1樓,5000000,1100524
10447,86666623,國銘光學有限公司,臺中市大里區大元里大衛路41之1號1、2、3樓,5000000,1100511
10450,86678629,赫得攝影整合行銷有限公司,臺中市南屯區大墩十四街185號1樓,3000000,1100513
10460,86720197,東憲國際有限公司,臺中市西區民龍里臺灣大道二段186號24樓之2,10000000,1100517
10465,86753078,冠群資訊股份有限公司,臺中市西區民生里20鄰建國路21號,10000000,1100525
10471,86767565,日月綫割股份有限公司,臺中市太平區永平路三段132巷5號,12000000,1100531
10473,86783066,智旺工業有限公司,臺中市太平區精美路388號1樓,5000000,1100517
10481,86830080,全宏營造股份有限公司,臺中市西區後龍街50-1號,120000000,1100521
10483,86833777,可勝企業有限公司,臺中市北區明德里西屯路一段409號1樓,6000000,1100525
10484,86838858,上品寢具股份有限公司,臺中市西區公正里精誠路340號1樓,30000000,1100511
10501,86931778,崴泰營造股份有限公司,臺中市西屯區大墩20街116號2樓之2,35000000,1100520
10504,86941656,代宇電子實業股份有限公司,臺中市大雅區四德里中清路三段709號,155500000,1100520
10505,86943042,偉巨營造股份有限公司,臺中市北屯區梅川西路4段286號4樓之6,22500000,1100524
10514,86996949,晶龍科技儀器有限公司,臺中市大里區仁化里中興路一段422號,1000000,1100503
10526,89225002,品綱實業有限公司,臺中市太平區東村八街29號1樓,3000000,1100525
10529,89248672,向上加油站股份有限公司,臺中市南屯區惠中里向上路二段185號1樓,10000000,1100513
10531,89254499,五湖四海營造股份有限公司,臺中市西屯區龍潭里市政南一路369號1樓,80000000,1100505
10538,89295597,力鴻能源科技股份有限公司,臺中市大雅區大楓里前村路208之1號1樓,30000000,1100506
10549,89325570,新虎將機械工業股份有限公司,臺中市外埔區六分里水頭一路100巷66號,200000000,1100524
10557,89367135,奕林有限公司,臺中市北屯區松竹路二段395號4樓,2000000,1100524
10558,89369844,川鐽交通股份有限公司,臺中市梧棲區大庄里信義街18巷47號,28500000,1100521
10559,89370173,國民科技實業有限公司,臺中市大里區益民路二段437號1樓,10000000,1100527
10560,89372897,易陞股份有限公司,臺中市豐原區豐田里豐南街240巷326號,4800000,1100504
10562,89373306,夆孟企業有限公司,臺中市神岡區圳前里崎溝路186號,10000000,1100506
10606,89491839,金運通股份有限公司,臺中市大里區新仁一街65號,5000000,1100521
10608,89502723,長翊消防有限公司,臺中市北區國強街37之1號1樓,1000000,1100526
10609,89506811,長松食品有限公司,臺中市沙鹿區鎮南路一段319號,15000000,1100506
10615,89529384,優岡股份有限公司,臺中市西屯區福恩里工業區一路98巷7弄72號,29120000,1100526
10617,89534675,宇宣機械股份有限公司,臺中市東區旱溪六街135號1樓,5250000,1100510
10621,89542083,模嘉社興業有限公司,臺中市太平區新坪里育才路131巷5弄1號1樓,5000000,1100518
10623,89544815,佳意營造有限公司,臺中市北屯區興安路二段461巷58弄1號11樓,3600000,1100528
10625,89556282,暘祥工程有限公司,臺中市西區日進街135號1樓,15000000,1100511
10626,89556537,立冠空調工程有限公司,臺中市北區太原南二街102號,10000000,1100503
10632,89579638,中連加油站股份有限公司,臺中市東區建成路745號,25000000,1100512
10651,89642793,泰妮時裝國際開發有限公司,臺中市北屯區大連路一段152號1樓,5000000,1100521
10655,89662663,金大成企業有限公司,臺中市西區大忠里五權西六街20巷47號1樓,1000000,1100506
10656,89663473,弗斯特科技股份有限公司,臺中市西區民龍里英才路506號1樓,5000000,1100510
10662,89674767,鹿王有限公司,臺中市北區健行路590號4樓至7樓,10000000,1100518
10663,89677498,信樺文化事業有限公司,臺中市北屯區景賢八路228號2樓,2500000,1100517
10690,89791907,金緯貿易股份有限公司,臺中市龍井區中華路三段1號2樓,70000000,1100524
10697,89810714,洛克馬企業股份有限公司,臺中市西屯區西墩里福科二路6號,20000000,1100524
10707,89856773,炬誠實業股份有限公司,臺中市豐原區南村里北陽二街32號,10140000,1100503
10715,89894869,華曜出版事業有限公司,臺中市南屯區向上南路一段167之5號1樓,10000000,1100527
10727,89982791,義力營造股份有限公司,臺中市北屯區水景里軍福十一路553號1樓,1100000000,1100519
10729,89983285,弘遠企業有限公司,臺中市大里區西湖路328號1樓,2000000,1100503
10730,89986375,于寶紅國際藝術科技股份有限公司,臺中市南屯區文山里保安一街143號1樓,5000000,1100511
10732,89989324,欣芳塑膠工業有限公司,臺中市大甲區義和里中山路1段446號,27000000,1100506
10733,89991031,五美堂實業有限公司,臺中市北屯區大連路三段116號四樓,5000000,1100521
10751,90687380,磐實營造股份有限公司,臺中市西屯區市政北二路282號5樓之8,22500000,1100504
10760,90689726,三忠有限公司,臺中市南區福順里忠明南路787號19樓之2,1000000,1100511
10761,90689850,存真食代有限公司,臺中市北區賴興里文心路四段190號8樓之10,15000000,1100527
10762,90690147,兆奕建設股份有限公司,臺中市西屯區潮洋里市政北二路282號21樓之10,5000000,1100503
10774,90696629,和眾環境股份有限公司,臺中市清水區中社里建國路80號,11000000,1100506
10775,90696677,漢鑫國際有限公司,臺中市北區英才路238號2樓,1000000,1100506
10776,90696705,合億開發建設股份有限公司,臺中市梧棲區民和路一段518號1樓,60000000,1100512
10777,90696986,玉百成有限公司,臺中市西屯區中工二路186號4樓,3800000,1100518
10778,90697444,神恩生命禮儀有限公司,臺中市北區梅亭街390之1號1樓,250000,1100518
10779,90698083,山億機械設備有限公司,臺中市大雅區四德里中清路三段698號3樓,12400000,1100521
10780,90698443,新揚營造股份有限公司,臺中市南屯區永定里永春路20之1號1樓,22500000,1100531
10805,90725146,長家食品有限公司,臺中市龍井區中華路一段35號,5000000,1100513
10806,90725461,晨洋有限公司,臺中市北區立人里華美街二段262號5樓之3,1000000,1100511
10807,90725526,心藍國際股份有限公司,臺中市中區光復里平等街54號1樓,4010000,1100527
10808,90726068,胤晨興業有限公司,臺中市北屯區東山路一段218巷8弄16號1樓,1000000,1100519
10838,90750284,新創世網路科技有限公司,臺中市南屯區文心路一段218號23樓之1,300000,1100510
10839,90751805,浩源控股有限公司,臺中市東勢區豐勢路258號,28000000,1100506
10840,90752240,詔日空調工程有限公司,臺中市大里區水景里健民里仁化工二路68號3樓,2002000,1100527
10841,90752537,永承益投資股份有限公司,臺中市北區文莊里中清路一段71號,30357220,1100506
10908,90820394,築心有限公司,臺中市西區公民里五權路1之67號18樓之2,6000000,1100517
10909,90820958,瑞鑫建設有限公司,臺中市梧棲區大村里文昌路181號1樓,28000000,1100511
10913,90825102,品辰教育有限公司,臺中市北區民族路326號1樓,1000000,1100504
10914,90825193,一門有限公司,臺中市南屯區益豐路四段79號,6200000,1100521
10915,90825291,小米國際有限公司,臺中市西屯區四川路87巷66號2樓之1,1000000,1100524
10916,90826411,華德納生醫科技股份有限公司,臺中市西區忠誠里華美西街一段137號5樓之2,5000000,1100518
10917,90826876,士豪顧問有限公司,臺中市南屯區東興路二段186號地下一層1號,500000,1100514
10918,90827592,加力音樂有限公司,臺中市西屯區漢口路二段105號1樓,7000000,1100531
10919,90827827,味之棒食品生技股份有限公司,臺中市北區頂厝里崇德路一段631號17樓之1,5500000,1100525
10920,90828092,東陽谷木作工程有限公司,臺中市豐原區東陽里東陽路80號1樓,200000,1100531
10921,90828163,索妮婭有限公司,臺中市西屯區河南路二段262號13樓之3,10000,1100531
10951,90841095,藝途科技股份有限公司,臺中市西區大忠里大忠南街55號7樓之5,1500000,1100525
10952,90841497,西恩西有限公司,臺中市南區南和里忠明南路1108號,430000,1100521
10953,90841519,聖安生醫股份有限公司,臺中市南區忠明南路760號23樓,160000000,1100511
10970,90854128,興鮮網路行銷有限公司,臺中市霧峰區吉峰里民生路391巷2弄50號1樓,100000,1100521
10971,90854302,信緁資本股份有限公司,臺中市西區忠誠里臺灣大道二段501號18樓之2,68380000,1100526
10972,90854669,樂山水股份有限公司,臺中市南屯區文心路一段212號11樓之3,12000000,1100524
10973,90855484,萊可小姐全方位美學中心股份有限公司,臺中市南屯區大墩二街205號1樓,300000,1100517
10974,90857357,禾醴資產管理顧問有限公司,臺中市東勢區粵寧里新豐街93號1樓,100000,1100506
10975,90857455,順婕企業管理顧問有限公司,臺中市清水區槺榔里民安路265號1樓,660000,1100525
10976,90857639,紹喬物業資產管理有限公司,臺中市北區漢口路四段49號12樓之5,1000000,1100513
10977,90858481,帝越地產有限公司,臺中市中區綠川里綠川西街107號1樓,1000000,1100507
10978,90858497,遠利投資管理顧問有限公司,臺中市西屯區西墩里黎明路三段401號3樓,500000,1100518
10979,90859165,世鉅物流倉儲有限公司,臺中市豐原區直興街16巷40號1樓,4000000,1100521
10980,90860579,振新雷射有限公司,臺中市太平區光隆里正光街201巷16之30號,200000,1100521
10989,90864060,任展國際理財有限公司,臺中市北區賴村里中清路一段372號4樓,300000,1100503
10990,90864300,昌崎精密股份有限公司,臺中市東勢區新盛里新盛八街13號1樓,200000,1100506
10991,90864759,妍竼有限公司,臺中市西區臺灣大道二段489號14樓之1,3000000,1100518
10992,90864836,焌浤有限公司,臺中市梧棲區永安里向上路九段322巷32號,65000000,1100521
10995,90865666,科洛企業有限公司,臺中市北區金華里雙十路二段101號4樓之3,2500000,1100521
10996,90866118,三果農產有限公司,臺中市東勢區泰昌里東崎路五段385號3樓,3000000,1100517
10997,90866573,碩豐精密有限公司,臺中市大里區西湖路363之1號,5000000,1100511
10998,90866623,合樂設計股份有限公司,臺中市西屯區大容東街152號1樓,1000000,1100519
10999,90866969,紫皇百香果有限公司,臺中市中區綠川里綠川西街135號12樓之1,1000000,1100517
11000,90867101,智雲聯網股份有限公司,臺中市南屯區大業里公益路二段61號6樓之1,10000000,1100507
11037,90880316,香港商耀通國際有限公司,臺中市西區臺灣大道2段285號16樓,0,1100503
11054,90889718,信實資本股份有限公司,臺中市西區臺灣大道二段501號18樓之1,25353330,1100526
11055,90890074,釔銪鑫應用材料有限公司,臺中市大肚區沙田路一段854巷50之95號,1000000,1100514
11056,90891263,拾月堂國際有限公司,臺中市西屯區惠來里市政路500號9樓之7,3000000,1100507
11057,90892220,拉菊軒烘焙有限公司,臺中市潭子區勝利一街41巷1號、1-1號,3500000,1100521
11069,91043513,寰彊國際有限公司,臺中市西屯區逢福里河南路二段304號5樓,1000000,1100531
11070,91043555,祐尚建設有限公司,臺中市西區大隆路20號10樓之8,4000000,1100531
11082,91124682,泓森繪圖設計有限公司,臺中市北屯區松竹里河北西街88號3樓之1,500000,1100526
11083,91124727,玖易生技有限公司,臺中市龍井區新庄里遊園南路278號1樓,1000000,1100520
11084,91125227,集合科技股份有限公司,臺中市大里區長榮里德芳南路356號1樓,6000000,1100527
11088,93701695,大將作營造股份有限公司,臺中市北區淡溝里臺灣大道二段360號22樓之5,50000000,1100521
11094,96854547,宏昇電機有限公司,臺中市南屯區工業區二十五路25號2樓,2600000,1100514
11103,96890868,馬岡加油站股份有限公司,臺中市大雅區建興路189巷1號1樓,5000000,1100531
11105,96901318,匯升食品企業有限公司,臺中市北屯區豐樂北一路48號1樓,500000,1100510
11106,96903420,大僑通運有限公司,臺中市清水區忠孝路110巷29號1樓,25000000,1100503
11129,96980495,臺炭科技股份有限公司,臺中市南屯區工業區22路2號1樓,128001300,1100503
11135,97005993,千賀營造有限公司,臺中市南區文心南路901巷21號2樓之1,3600000,1100521
11137,97016062,芊城企業有限公司,臺中市大雅區神林路一段93號,15000000,1100525
11141,97035700,九揚資訊有限公司,臺中市南屯區文心路一段378號3樓之7,5000000,1100520
11150,97072063,龐太有限公司,臺中市大肚區瑞井里遊園路一段103巷1弄38號1樓,1000000,1100520
11183,97162971,聯友科技股份有限公司,臺中市梧棲區大成南路3號,215000000,1100503
11198,97192530,進發興企業有限公司,臺中市南屯區豐樂里萬和路一段二八之一五號一樓,5000000,1100521
11204,97227159,佑益精工有限公司,臺中市潭子區大豐里大豐路三段99號1樓,5000000,1100507
11205,97230318,永裕新實業有限公司,臺中市太平區光明里大興九街45號1樓,3000000,1100506
11208,97239710,葳翔營造股份有限公司,臺中市東區精武路134巷5號1樓,18000000,1100524
11210,97243897,永築工程有限公司,臺中市龍井區龍津里龍津街88號,5000000,1100503
11215,97273483,閤閣閥業有限公司,臺中市霧峰區吉峰路132巷7弄9號1樓,5000000,1100524
11230,97347582,淳鐿進股份有限公司,臺中市西屯區工業區三十七路16號,50000000,1100525
11236,97375355,保好企業有限公司,臺中市大里區瑞城里祥全路46號,1000000,1100503
11237,97376045,晉暘科技股份有限公司,臺中市西區公正里東興路三段126之3號2樓,13000000,1100518
11238,97377810,珍本文化事業有限公司,臺中市北屯區和平里祥順路二段389號3樓,1500000,1100511
11246,97398202,御象體育用品有限公司,臺中市大里區新里里爽文路678號1樓,5000000,1100511
11249,97401966,運聯旅行社有限公司,臺中市中區建國路77號1樓,12500000,1100517
11261,97444310,首獎股份有限公司,臺中市西屯區市政北二路236號27樓之1,5000000,1100510
11273,97488977,仲信大飯店股份有限公司,臺中市北屯區后庄路(268號、270號、306號)1至13樓,100000000,1100510
11276,97500277,台琪企業股份有限公司,臺中市大肚區福山里沙田路一段394號,6600000,1100505
11278,97506791,愛地雅工業股份有限公司,臺中市梧棲區草湳里港埠路1段497號,2932787110,1100521
11279,97524263,天工精密股份有限公司,臺中市太平區新仁路一段44巷8弄24號1樓,110000000,1100513
11280,97553908,毅得企業股份有限公司,臺中市太平區永成路60巷37號,335820000,1100505
11281,97569227,達一工業有限公司,臺中市霧峰區北柳里四德路329號,5000000,1100526
11282,97573030,鈺固金屬工業股份有限公司,臺中市太平區永平路二段179號1樓,18000000,1100514
11283,97579230,鉦大木業有限公司,臺中市南區學府路135巷6號B1樓之1,5000000,1100503
