序號,統一編號,公司名稱,公司所在地,資本額,核准變更日期
130,05692093,順灃工業股份有限公司,臺中市豐原區翁明里東北街533號,5000000,1110406
133,05796772,誠岱機械廠股份有限公司,臺中市大甲區武陵里文曲路173號,364308000,1110428
134,05797441,洲盟企業股份有限公司,臺中市梧棲區草湳里梧南路20之1號,18000000,1110422
135,05835536,忠鍵工業股份有限公司,臺中市大里區仁化里工業九路180號1樓,70000000,1110406
136,06032367,壯鋼機械股份有限公司,臺中市西屯區工業區12路4號,20000000,1110426
222,12231717,世同金屬股份有限公司,臺中市西屯區工業區五路7號1至3樓、9號1至2樓、11號1至2樓,405033860,1110418
278,12625402,宥富企業股份有限公司,臺中市霧峰區四德路280巷26號,5000000,1110426
279,12629097,宏澂貿易股份有限公司,臺中市梧棲區頂寮里大仁路二段311巷50號,5000000,1110411
287,12647877,優順益有限公司,臺中市大雅區神林南路43巷70號2樓之2,1000000,1110414
312,12709752,成基營造工程有限公司,臺中市西區昇平里中興街47號,5000000,1110415
315,12716634,聖樺倉儲物流股份有限公司,臺中市大肚區成功里文昌路三段162巷107弄33號,7000000,1110406
323,12737547,西維思國際有限公司,臺中市西屯區何厝街24號1樓,18000000,1110408
331,12758916,金航國際股份有限公司,臺中市北屯區仁和里梅川東路五段398號2樓之1,10000000,1110422
339,12787314,遠中通信有限公司,臺中市烏日區中山路一段377號1樓,6000000,1110427
341,12790459,傑能系統工程股份有限公司,臺中市太平區光華里大興路553號,16268690,1110408
342,12800724,台中豐創光罩股份有限公司,臺中市大雅區橫山村13鄰通山路13號,2532666340,1110429
346,12802201,葳妮絲國際有限公司,臺中市西區精誠二十三街43號1樓,2500000,1110414
348,12804236,竣通投資股份有限公司,臺中市西屯區協和里工業區33路1之1號4樓,110000000,1110406
354,12818864,新捷投資股份有限公司,臺中市南屯區惠中里大光街117號14樓之4,2500000,1110412
356,12823613,定欣有限公司,臺中市太平區永平路二段476巷152弄18號,90000000,1110426
359,12828624,日煌空油壓機械有限公司,臺中市北屯區安順東四街30號1樓,1000000,1110413
368,12847214,速力威機械有限公司,臺中市大雅區員林里神林路一段380之10號1樓,6000000,1110429
388,12882767,神通興網路通信有限公司,臺中市太平區宜欣路57巷25號1樓,2000000,1110420
395,12897240,佑牧企業股份有限公司,臺中市大肚區沙田路三段245巷68之8號1樓,248000000,1110407
397,12898748,金盛元興業股份有限公司,臺中市大雅區六寶里中清路四段756號,208000000,1110415
400,12912100,金三和通信有限公司,臺中市霧峰區北勢里中投西路二段36號1樓,500000,1110414
443,12992217,黎客實業股份有限公司,臺中市西屯區西平里至善路234巷2號16號12號2樓至7樓,10000000,1110425
444,12993433,辰泰國際企業有限公司,臺中市霧峰區四德路495號,50000000,1110419
458,13021730,水天使股份有限公司,臺中市豐原區鎌村路326巷23之5號,3000000,1110411
463,13027299,餐御宴食品有限公司,臺中市大甲區日南里工七路26號,48000000,1110407
473,13042783,金品豐國際有限公司,臺中市西屯區何南里大墩十九街60號,500000,1110407
475,13047231,春田營建股份有限公司,臺中市南屯區文心路一段292號4樓,27000000,1110413
477,13052070,清新國際股份有限公司,臺中市烏日區學田里2鄰溫泉路2號,240000000,1110414
480,13062984,溢豐貿易有限公司,臺中市烏日區北里里太明路成豐巷77號1樓,500000,1110420
486,13074308,嘉陽投資有限公司,臺中市北區梅亭街678巷34號1樓,52100000,1110412
492,13090362,樸源全球股份有限公司,臺中市豐原區豐田里田心路二段469號,60000000,1110412
534,13176678,豪輪實業有限公司,臺中市烏日區北里里太明路6之3號1樓,12000000,1110420
579,16028898,哈妮士有限公司,臺中市潭子區甘蔗里興華一路415號1樓,1000000,1110412
580,16033359,久木有限公司,臺中市神岡區岸興街28號1樓,5000000,1110422
584,16052854,邏輯特科技有限公司,臺中市中區綠川里中山路43號1樓,8500000,1110401
585,16054261,原莊景觀工程有限公司,臺中市西區自治街30號1樓,3000000,1110414
587,16059218,旭益汽車實業股份有限公司,臺中市西屯區福安里福科路139號,68000000,1110418
588,16064628,有定全交通有限公司,臺中市南區復興北路567巷39號1樓,25000000,1110401
589,16066148,勝森建築板模有限公司,臺中市大甲區中山路二段321之2號,1000000,1110406
591,16068814,英茂國際股份有限公司,臺中市太平區工業十五路38號,5000000,1110415
610,16112993,程偉營造有限公司,臺中市烏日區三和里三榮七路138號1樓,3600000,1110407
625,16157689,萬諾威股份有限公司,臺中市大雅區横山里永和路3之20號左側B棟,5000000,1110408
633,16180416,台灣佛州柑橘股份有限公司,臺中市西屯區潮洋里市政北二路282號15樓之6,4000000,1110401
634,16185067,碁榮科技股份有限公司,臺中市烏日區太明路成豐巷5之12號,5000000,1110425
640,16207745,長園科技實業股份有限公司,臺中市西屯區科雅東路9號,598541900,1110401
643,16221465,匡助資訊股份有限公司,臺中市東區十甲東路186號1樓,5000000,1110401
644,16221612,多電工業股份有限公司,臺中市神岡區新庄里溪頭路173號,60000000,1110406
646,16228093,興隆興工業股份有限公司,臺中市太平區鵬儀路296巷6弄4之1號,352000000,1110412
650,16233785,永餘芳實業有限公司,臺中市清水區海風里海風三街66號1樓,5000000,1110401
663,16279542,元豪食品有限公司,臺中市北區淡溝里大仁街80號1樓,5000000,1110414
664,16280013,宏陞營造股份有限公司,臺中市太平區宜佳里溪洲西路56號1樓,12000000,1110421
685,16348956,權信實業股份有限公司,臺中市南屯區文山里忠勇路52之198號12樓,5000000,1110428
689,16356385,茂碩資訊股份有限公司,臺中市北屯區松竹里崇德六路88號1樓,10800000,1110427
697,16372168,易華通訊有限公司,臺中市西屯區工業區一路96巷7弄32號4樓,1000000,1110427
702,16379556,豐聖加油站股份有限公司,臺中市清水區頂湳里中山路536之32號,6000000,1110406
707,16388582,日紳營造有限公司,臺中市西屯區大墩二十街118號5樓之1,15000000,1110419
709,16392967,雅松森室內裝潢有限公司,臺中市西屯區永福路128號3樓之2,500000,1110426
710,16393712,京達營造有限公司,臺中市大肚區頂街里大明四街242號1樓,12000000,1110413
712,16402304,綿國坊寢俱有限公司,臺中市梧棲區大村里港埠路一段852號,10000000,1110411
713,16412099,堃成營造股份有限公司,臺中市西屯區大鵬里文心路三段241號4樓之6,50000000,1110422
745,16490550,利洛國際有限公司,臺中市西屯區惠中路一段198號9樓之5,25000000,1110421
760,16534403,日月興股份有限公司,臺中市大雅區大楓里德勝路291巷1-1號,20000000,1110428
766,16544372,鐙盛有限公司,臺中市東區東興里建興街6號1樓,1000000,1110413
767,16552680,鑫旭工業股份有限公司,臺中市大肚區蔗廍里太平路17巷8弄19號1樓,5000000,1110401
776,16574734,允山營造有限公司,臺中市梧棲區居仁街84號1樓,3600000,1110427
778,16579127,偉兒達工業股份有限公司,臺中市大甲區日南里青年路146號,29500000,1110414
784,16595750,首特科技股份有限公司,臺中市梧棲區文明街326巷43號1樓,46000000,1110420
802,16673684,威宏貿易有限公司,臺中市南屯區東興路二段186號7樓之2,2300000,1110421
803,16674282,遠傳國際股份有限公司,臺中市西區大墩十一街9號4樓之3,25000000,1110425
819,16705546,倍穎資訊股份有限公司,臺中市西屯區工業區三十八路210號3樓之12,12500000,1110407
826,16712069,昆陞塑膠有限公司,臺中市龍井區田中里臨港東路一段168號,1000000,1110414
831,16720808,悅弘盛投資股份有限公司,臺中市西屯區文心路2段201號15樓之7,59000000,1110428
833,16722587,上好印刷股份有限公司,臺中市西屯區大河里大河街45號1樓,150150000,1110427
836,16731333,美蒂企業有限公司,臺中市大里區瑞城里向學路62巷66號,1000000,1110401
837,16733037,金鷹企管顧問有限公司,臺中市清水區靈泉里12鄰新興路12之4號1樓,1000000,1110412
857,16787244,趣味玩國際股份有限公司,臺中市北屯區遼寧路一段111巷1號1樓,15000000,1110420
879,16850370,台鋼營造工程股份有限公司,臺中市梧棲區文心街231巷83號1樓,51000000,1110422
886,16863256,永正新有限公司,臺中市豐原區三和路578巷3號,1000000,1110407
887,16864797,台灣微轉股份有限公司,臺中市神岡區社南里中山路879號,293720000,1110419
901,16891035,麗達實業股份有限公司,臺中市大雅區橫山里中科路1132號1樓,71000000,1110421
904,16899037,全航汽車客運股份有限公司,臺中市東區富仁里雙十路一段4之33號6樓之2,135000000,1110426
907,16902602,祥碩企業有限公司,臺中市大里區永隆里永大街576號1樓,15000000,1110428
910,16905684,台灣美施可股份有限公司,臺中市北區臺灣大道二段360號13樓之5,5000000,1110407
915,16915000,小葫蘆清潔工程有限公司,臺中市西區公館里柳川東路2段76巷8號3樓,3000000,1110419
927,16942029,吉久旺企業股份有限公司,臺中市北屯區松竹路二段306巷46弄26號,10475000,1110421
928,16942484,愛利克企業有限公司,臺中市西屯區市政北二路282號12樓之8,34500000,1110408
932,16953756,集合公寓大廈管理維護股份有限公司,臺中市北區中清路一段447號14樓之5,10000000,1110414
933,16955419,騰元事業股份有限公司,臺中市豐原區豐田里豐南街240巷138號1樓,5000000,1110420
942,16966632,勝保企業有限公司,臺中市霧峰區五福路860巷17號1樓,1000000,1110413
943,16967920,和順興汽車企業股份有限公司,臺中市南屯區五權西路二段589號2樓,24000000,1110419
953,16987019,瓏寶營造股份有限公司,臺中市大里區金城里金城街150號1樓,10000000,1110415
965,18555500,三聯發工程有限公司,臺中市南屯區大墩二街15號,100000000,1110408
1021,22056105,和技工程實業股份有限公司,臺中市北屯區崇德十路一段568號1樓,29000000,1110427
1025,22063844,國瑞營造股份有限公司,臺中市南屯區大墩路533號1樓,1300000000,1110413
1028,22075644,明暐紙器機械股份有限公司,臺中市沙鹿區清泉路1之10號,275000000,1110421
1039,22106111,錦鴻交通器材有限公司,臺中市南區新華街22巷12號1樓,2000000,1110401
1040,22107619,隆鎮工業股份有限公司,臺中市神岡區豐洲路135巷1弄92號1樓,10000000,1110427
1042,22108379,宏吉毛巾工業有限公司,臺中市清水區荷園街207號,800000,1110413
1047,22118030,洪達自動化科技有限公司,臺中市大里區草堤路100巷28號1樓,20000000,1110418
1052,22136305,台中魚市場股份有限公司,臺中市南屯區環中路四段2號,10000000,1110421
1085,22270392,協誠營造股份有限公司,臺中市西屯區大鵬里文心路三段241號5樓之6,150000000,1110425
1086,22271385,合翔塑膠股份有限公司,臺中市后里區仁里里圳寮路48號,5000000,1110418
1091,22281905,中敏企業有限公司,臺中市潭子區頭家里中山路一段197號1樓,5000000,1110401
1095,22291354,勤匯實業股份有限公司,臺中市中區光復里臺灣大道一段299巷8號1、2樓,12000000,1110414
1097,22297195,鈞隆實業股份有限公司,臺中市南區大慶街2段55號1樓,5000000,1110418
1098,22301825,先進光電科技股份有限公司,臺中市大雅區科雅路33號2樓,1415458800,1110411
1121,22378675,健溢機械股份有限公司,臺中市后里區墩北里民生路289號1樓,28000000,1110413
1127,22392536,畿聯企業股份有限公司,臺中市北區淡溝里育德路205號,22000000,1110422
1132,22397960,百納科技股份有限公司,臺中市南屯區寶山里工業區23路28之2號,140006000,1110418
1133,22403111,大譽工業股份有限公司,臺中市太平區永豐路１３７巷８號,8000000,1110421
1135,22404694,唐央事業股份有限公司,臺中市豐原區東湳里角潭路二段197號1樓,29000000,1110406
1137,22410197,天仁化工棉製廠有限公司,臺中市豐原區和平街14號,5000000,1110406
1160,22494610,辰韋塑膠有限公司,臺中市北區梅川里文昌東二街172巷2號1樓,8000000,1110428
1185,22569365,志鑫真空蒸著股份有限公司,臺中市大雅區大楓里德勝路511巷107弄68號,10000000,1110407
1187,22572349,鐙隆有限公司,臺中市東區東興里建興街8號1樓,10000000,1110412
1193,22585999,慶福電機股份有限公司,臺中市龍井區龍津里三港路531巷35號,28000000,1110425
1194,22588074,恒玖股份有限公司,臺中市南屯區寶山里工業區23路41號,6000000,1110418
1199,22599255,僑奕紙業股份有限公司,臺中市大甲區西岐里順帆路121巷1之5號1樓,1000000,1110407
1201,22599781,中邑金屬股份有限公司,臺中市太平區鵬儀路246號1樓,60000000,1110401
1203,22603336,金加利工業股份有限公司,臺中市潭子區潭北里人和路216巷11號,5000000,1110411
1204,22604454,鍾堡企業股份有限公司,臺中市豐原區北陽里北陽路450巷58弄56之7號,5000000,1110406
1228,22666606,大台中房屋仲介股份有限公司,臺中市中區中華路一段109號8樓之1,2500000,1110408
1230,22669884,積水塑膠管材股份有限公司,臺中市梧棲區經一路18號,456000000,1110414
1233,22672375,遠大資訊企業股份有限公司,臺中市北屯區水湳里文心路4段83號15樓,25000000,1110419
1259,22772085,臺灣蓮特精密股份有限公司,臺中市豐原區角潭路二段79號,7000000,1110426
1261,22784842,上陞工業股份有限公司,臺中市太平區工業十七路35號,3000000,1110427
1265,22794975,油慶工業股份有限公司,臺中市烏日區五光里五光路五中巷32號,10000000,1110415
1312,22945018,典金企業股份有限公司,臺中市沙鹿區興安路80巷38號,6700000,1110418
1313,22945657,昇高工業有限公司,臺中市大里區仁化里四維街39巷29號,5000000,1110426
1331,22991841,達輝機械有限公司,臺中市霧峰區吉峰里民生路198巷26弄7號,12150000,1110412
1332,22994100,汎倫實業股份有限公司,臺中市大雅區秀山里平和一路11號,5100000,1110407
1334,23002493,七宇實業股份有限公司,臺中市石岡區豐勢路471巷5號,105000000,1110426
1362,23098271,億存企業股份有限公司,臺中市烏日區光明里五光路復光6巷129號1樓,10000000,1110421
1365,23104631,蕎鋒企業有限公司,臺中市南屯區寶山里文山南巷10號,11000000,1110413
1390,23168043,裕通企業股份有限公司,臺中市西屯區協和里工業區36路27號,240000000,1110427
1393,23174684,勝賀工業股份有限公司,臺中市潭子區東寶里大豐路2段24巷19號,5000000,1110421
1397,23187787,紅昇貿易有限公司,臺中市南屯區大墩十四街192號4樓,5000000,1110406
1421,23256405,久大金屬捲門工業有限公司,臺中市大里區工業路79巷51弄1號,5000000,1110427
1426,23265501,易盛橡膠股份有限公司,臺中市潭子區大德北路145巷3弄33號1樓,35000000,1110411
1428,23271807,福星小客車租賃股份有限公司,臺中市西屯區朝貴一街82之2號1樓,15000000,1110426
1432,23294695,廣瀧企業有限公司,臺中市南區忠明南路1300號5樓之3,5000000,1110418
1448,23358085,寶隆投資股份有限公司,臺中市北區賴興里文心路四段212號7樓之1,25000000,1110426
1451,23364690,政茂企業股份有限公司,臺中市東區自由路四段116號2樓,10000000,1110420
1456,23381706,旺裕股份有限公司,臺中市南區建國南路一段86號1樓,5000000,1110412
1461,23396454,成侑股份有限公司,臺中市大雅區四德里中山路295號,7000000,1110419
1462,23400529,樺田印刷器材有限公司,臺中市太平區坪林里中山路二段162號1樓,3000000,1110421
1466,23406684,東台鋼閥有限公司,臺中市南屯區田心里南屯路二段400巷17號,5000000,1110407
1467,23409346,青富貿易股份有限公司,臺中市北屯區文心路三段447號18樓之2,5000000,1110411
1484,23471880,林鼎實業股份有限公司,臺中市西區臺灣大道二段489號27樓之1,80000000,1110428
1500,23520405,銘達工業有限公司,臺中市烏日區三和里中山路三段394號,5000000,1110413
1501,23522092,楊名國際股份有限公司,臺中市大里區國寶街36巷2號2樓,10000000,1110414
1517,23551700,樺峻實業股份有限公司,臺中市大里區國光里德芳南路453號2樓,28000000,1110412
1523,23566598,孟強企業股份有限公司,臺中市外埔區土城里土城南路55號,20000000,1110411
1526,23572557,玉晶光電股份有限公司,臺中市大雅區科雅東路1號,1126603630,1110415
1582,23788846,聯傑自動化科技股份有限公司,臺中市北屯區松竹里松竹路三段51號,15000000,1110408
1584,23789325,允享機械股份有限公司,臺中市大雅區上楓里民生路四段108號,5000000,1110415
1587,23790836,羽和企業股份有限公司,臺中市東區東信里旱溪東路1段361號1樓,2330000,1110407
1588,23792412,振盛精機股份有限公司,臺中市太平區太平二十三街23號1樓,5000000,1110412
1592,23800519,川電精機股份有限公司,臺中市西屯區工業區十路12號1樓,78000000,1110415
1594,23809151,僑柏精密鑄造工業股份有限公司,臺中市西屯區工業區一路132號,10000000,1110408
1597,23822035,金賢股份有限公司,臺中市大里區大元里國光路一段88號,29000000,1110414
1644,23960894,廣銓鋼架有限公司,臺中市外埔區水美里水美路165巷24號,5000000,1110418
1646,23962598,品模精密有限公司,臺中市豐原區三豐路二段272巷246弄11號,30000000,1110418
1648,23972033,金佑工業股份有限公司,臺中市外埔區水美里二崁路356巷1號,5000000,1110421
1653,23981238,松順精密機械有限公司,臺中市大肚區遊園路一段3巷100號1樓,10000000,1110421
1667,24200204,欣航興業有限公司,臺中市大里區草湖路131巷9弄29號2樓,5000000,1110413
1668,24201371,竹銘股份有限公司,臺中市南屯區惠中里文心路一段431號,10000000,1110427
1681,24220784,容舜有限公司,臺中市南屯區文山里五權西路三段1巷166-1號,9000000,1110414
1690,24243793,文山工業有限公司,臺中市大雅區秀山里秀山路文山巷8號2樓,1000000,1110412
1699,24258079,頎茂光電股份有限公司,臺中市霧峰區霧工一路56號,125000000,1110421
1704,24266866,秉峰有限公司,臺中市大里區仁德里至善路250號1樓,888888,1110420
1709,24272142,翊翰有限公司,臺中市梧棲區大村里立德街290巷1號,1000000,1110426
1713,24275485,鑫和數位科技股份有限公司,臺中市梧棲區中華路一段1080號1樓,50000000,1110421
1718,24284230,育洲國際有限公司,臺中市南屯區文心路一段210號14樓之1,5000000,1110422
1728,24297158,金益來工程有限公司,臺中市北屯區太和路一段225號1樓,3000000,1110422
1754,24330353,鴻鉅建設股份有限公司,臺中市西區大隆路20號8樓之6,50000000,1110414
1764,24353881,達爾國際開發有限公司,臺中市太平區立文街192巷3號1樓,2500000,1110426
1767,24357079,旺旺瓏國際有限公司,臺中市豐原區北陽里南陽路國民新村14之3號,5380000,1110401
1769,24358859,聯合莊農產品有限公司,臺中市外埔區土城里土城東路6號,2500000,1110421
1771,24360715,鑫捷科技股份有限公司,臺中市西屯區潮洋里市政北二路238號17樓之3,20000000,1110427
1772,24365090,晶泰資訊有限公司,臺中市西區公正里東興路三段126之3號4樓,3000000,1110408
1777,24374133,証煒企業有限公司,臺中市神岡區社南里昌平路五段109巷30弄41號1樓,500000,1110411
1789,24386980,新集集產業有限公司,臺中市南屯區大業里公益路二段61號3樓之2,1000000,1110421
1794,24395453,祥宸有限公司,臺中市西屯區福雅里福祥街21號1樓,2000000,1110425
1796,24399140,東達傳產企業股份有限公司,臺中市烏日區東園里溪南路一段988巷296弄82號1樓,3000000,1110401
1798,24404869,航瑞國際有限公司,臺中市北屯區崇德路二段130號14樓,7500000,1110406
1800,24408149,宏美電機科技有限公司,臺中市大里區內新里環中東路六段216巷1弄2號,500000,1110411
1802,24410807,友達晶材股份有限公司,臺中市后里區后科路二段335號,2425646140,1110425
1815,24432154,昰星實業股份有限公司,臺中市潭子區栗林里中山路三段493巷63號3樓,6200000,1110426
1816,24433098,巽崑設計有限公司,臺中市西區三民里三民路一段176之3號3樓,200000,1110407
1818,24435384,香繼光股份有限公司,臺中市太平區新光路62之1號2樓,77344500,1110408
1822,24437117,創晴營造有限公司,臺中市西區平和里民權路177巷14號5樓,3000000,1110421
1825,24442961,程睿精密科技有限公司,臺中市烏日區北里里太明路成豐巷216號,11400000,1110420
1827,24453100,台灣美罩科技股份有限公司,臺中市大雅區秀山里科雅路28號4樓,40010000,1110401
1908,24540528,薪火相傳福爾摩沙國際有限公司,臺中市西區利民里市府路39號9樓之1,5000000,1110418
1946,24583223,閎霖開發建設有限公司,臺中市北屯區水湳里文心路三段447號4樓,10000000,1110425
1948,24585236,統義不動產經紀業有限公司,臺中市大雅區四德里中清路三段870號1樓,2000000,1110401
1949,24585329,好禮老東家有限公司,臺中市豐原區大豐路五段218號,1000000,1110412
1950,24585881,勝琩工業有限公司,臺中市南區南和里工學路126巷35號5樓之2,500000,1110418
1952,24586805,歐力士興業有限公司,臺中市南屯區南屯里文昌街169號2樓,2100000,1110407
1953,24586919,愛維兒股份有限公司,臺中市西屯區潮洋里市政北二路282號15樓之6,150000000,1110401
1954,24587207,家溫度食品股份有限公司,臺中市西屯區潮洋里市政北二路282號15樓之6,25000000,1110413
1955,24588135,一廣銀櫃股份有限公司,臺中市中區繼光里臺灣大道一段100號11樓之1,5000000,1110408
1956,24590786,長晟企業有限公司,臺中市太平區建國里鵬儀路296巷6弄8號,11000000,1110421
1957,24592877,上頡家俱有限公司,臺中市龍井區新興路134巷2弄6號1樓,6000000,1110411
1958,24592996,英格岩開發股份有限公司,臺中市南屯區文心路一段378號26樓之1,10000000,1110426
1959,24594657,中信財金資訊有限公司,臺中市南區工學里工學路121號五樓,500000,1110406
1960,24596450,里德美學室內裝修設計有限公司,臺中市北屯區天津路四段175號,1500000,1110426
1961,24597280,禾勝達實業有限公司,臺中市西屯區林厝里安林路97之7號,2000000,1110406
1963,24598247,亞何科技股份有限公司,臺中市西屯區西安里西屯路二段297之8巷29號1樓,600000,1110415
1965,24598773,所羅門國際投資有限公司,臺中市南屯區大墩路317號1樓,16660000,1110415
1966,24599457,久仲環保顧問有限公司,臺中市西屯區協和里工業區一路98之130號3樓,10000000,1110419
1967,24601340,新奕成紙業有限公司,臺中市北屯區和平里軍和街455巷28號1樓,500000,1110411
1968,24603570,東桓科技股份有限公司,臺中市北屯區中清路二段808巷45號,10000000,1110428
1969,24604085,敦展文教事業有限公司,臺中市南屯區永春東路251號5樓,3400000,1110414
1970,24605795,宜鈞科技有限公司,臺中市大里區仁德里7鄰吉祥街31巷2號2樓,1000000,1110429
1971,24606540,鼎鼎健康科研股份有限公司,臺中市北區英才路118號,13000000,1110422
1972,24606979,晨恩生命禮儀有限公司,臺中市南區國光路22巷14弄之7號,500000,1110425
2003,24634736,和昇能源科技股份有限公司,臺中市西屯區工業區8路22號,22000000,1110418
2007,24640126,永春生物科技股份有限公司,臺中市北區民權路491之1號2樓,5000000,1110408
2118,24746248,富儷森國際開發股份有限公司,臺中市西區和龍里臺灣大道一段728號10樓,25000000,1110415
2188,24818235,滿意導向有限公司,臺中市龍井區龍津里11鄰三港路205號,12000000,1110419
2190,24820106,鼎舜貿易有限公司,臺中市豐原區翁子里豐勢路二段480巷14弄30號,500000,1110427
2191,24822126,長霖建設有限公司,臺中市南區崇倫里三民西路351號,15000000,1110426
2192,24822646,鼎松工程有限公司,臺中市大里區新仁里公教街51巷2號,500000,1110414
2193,24826973,康生健康科技股份有限公司,臺中市烏日區環中路八段615號,15000000,1110406
2194,24827918,迎聚投資股份有限公司,臺中市西屯區市政路25號4樓之1,50000000,1110420
2195,24828775,信展仁股份有限公司,臺中市豐原區南田里水源路258巷15號,1000000,1110422
2196,24831321,國達機電工程有限公司,臺中市南區南門里興大路35巷6號1樓,4000000,1110418
2197,24832406,巨環國際有限公司,臺中市大里區長榮里新南路260號2樓,2000000,1110419
2198,24833524,新豐國際有限公司,臺中市神岡區圳堵里神清路322之2號,320000000,1110408
2199,24834973,新福爾摩莎國際有限公司,臺中市西區利民里市府路39號9樓之1,15000000,1110408
2200,24835261,和昌技業有限公司,臺中市龍井區忠和里工業路175號,100000,1110401
2202,24838464,崗瑞營造股份有限公司,臺中市大里區東興里國光路二段702之13號,23000000,1110406
2203,24838653,誠盈國際貿易有限公司,臺中市梧棲區信義街60巷21號2樓,8800000,1110406
2204,24840757,昕展磁磚有限公司,臺中市北區文昌東二街142號地下層,4200000,1110422
2205,24840996,世旭企業有限公司,臺中市西屯區惠來里市政路500號23樓之6,5000000,1110414
2206,24843109,寶喜國際有限公司,臺中市南屯區同心里文心路一段218號12樓之3,20000000,1110426
2207,24845541,鼎森養菌有限公司,臺中市東區富台街67巷26號,2500000,1110411
2208,24846751,鴻頎科技股份有限公司,臺中市北區健行路922號2樓,5000000,1110401
2209,24847288,垚鋐系統科技股份有限公司,臺中市西屯區福恩里工業區一路96之31號4樓之1,10000000,1110425
2211,24847549,信宇綠能股份有限公司,臺中市大里區日新路361號1樓,6000000,1110427
2212,24847576,北岸咖啡工坊有限公司,臺中市西區精誠二十四街13號,200000,1110411
2301,24933925,馥麗國際有限公司,臺中市西屯區何源里河南路一段170號4樓之2,5000000,1110420
2355,24978823,台灣綠金家園有限公司,臺中市西區土庫里五權西路一段237號7樓之1,25000000,1110421
2382,25008205,英原科技有限公司,臺中市豐原區豐榮里信義街152號1樓,3000000,1110421
2384,25012881,達翊機械有限公司,臺中市霧峰區中正路557巷21號,26120000,1110422
2385,25014375,新岩科技有限公司,臺中市清水區五權一街36號3樓之1,4500000,1110426
2391,25033767,雋達人力資源管理顧問有限公司,臺中市清水區神清路12之3號2樓,5000000,1110415
2393,25037481,營廣建設有限公司,臺中市大里區日新里日新路479號1樓,12000000,1110422
2396,25038947,精隼研磨實業股份有限公司,臺中市太平區中興里永義路160號1樓,21000000,1110425
2401,25045932,禾康肥料股份有限公司,臺中市梧棲區下寮里中和街261號,5000000,1110418
2402,25046741,森一電機有限公司,臺中市南屯區同心里大墩五街301號1樓,2000000,1110406
2403,25047381,三富鑫企業有限公司,臺中市西屯區福聯里福科路841號,5000000,1110420
2410,25056873,日翔科技股份有限公司,臺中市南屯區春社里精科五路9號3樓,4000000,1110427
2412,25058963,孕世界實業股份有限公司,臺中市北區明德里忠明五街26號1樓,1000000,1110425
2413,25059386,軒泰開發有限公司,臺中市潭子區大新路79巷20號4樓,2000000,1110401
2420,25064162,威力源生活能源有限公司,臺中市西屯區大河里大河1巷3弄3號,1000000,1110414
2423,25066794,森宇投資股份有限公司,臺中市北屯區仁美里崇德十一路26號3樓,21000000,1110425
2425,25068266,威震氣動工具有限公司,臺中市大里區國光里大里二街192號1樓,30000000,1110414
2429,25071190,品宥投資股份有限公司,臺中市西屯區惠來里市政北七路186號25樓,96000000,1110419
2430,25078124,龍映茗茶有限公司,臺中市潭子區潭秀里雅潭路一段38巷2號1樓,2000000,1110412
2432,25081697,林波波河娛樂有限公司,臺中市西區忠明里中興街233號9樓之8,500000,1110420
2434,25085856,菖築有限公司,臺中市南屯區豐功路8號1樓,1000000,1110401
2440,25093574,齊國砂石有限公司,臺中市和平區達觀里東崎路一段22號,5000000,1110425
2443,25097311,晨豐光電股份有限公司,臺中市西屯區市政北二路236號24樓之1,840000000,1110420
2445,25098178,錩輝鋼鐵有限公司,臺中市霧峰區吉峰里民生路198巷26弄9號,13500000,1110420
2446,25098395,菁富生物科技有限公司,臺中市北屯區環中路一段1032巷77之7號,3000000,1110420
2447,25099269,伊捷顧問有限公司,臺中市西區大忠里忠明南路270號七樓之1,1000000,1110407
2461,25111165,以聖有限公司,臺中市南屯區惠中路三段363號12樓,22000000,1110412
2472,25122661,一品極國際股份有限公司,臺中市西屯區上石路37號,500000,1110413
2501,25155965,湧億工業有限公司,臺中市神岡區新庄里新興路318號1樓,1200000,1110412
2502,25156280,品嘉開發實業有限公司,臺中市南屯區大同里大墩路192號6樓,5000000,1110420
2504,25163894,哲岑企業有限公司,臺中市清水區東山里神清路13之15號,3000000,1110420
2516,25175673,禹興塑膠有限公司,臺中市豐原區翁子里豐勢路一段326號,1000000,1110428
2523,25182484,振成金屬有限公司,臺中市大安區中山南路802巷23號1樓,3000000,1110415
2525,25186242,銓騏工程有限公司,臺中市東區東英十五街260巷1號3樓之1,3200000,1110427
2527,25187241,儀特科技股份有限公司,臺中市西區中興里公益路161號12樓之5,5000000,1110422
2533,25194046,楓茂工程有限公司,臺中市南屯區永定里文昌街227巷50號1樓,2000000,1110427
2534,25195376,夏利室內裝修設計有限公司,臺中市南屯區龍富路四段432號1樓,10000000,1110408
2535,25195777,玖豐預拌混凝土有限公司,臺中市大甲區文武里雁門路230號1樓,6000000,1110426
2577,27302458,漢宇開發建設股份有限公司,臺中市北屯區松竹五路一段179號1樓,201000000,1110415
2582,27306855,鉅烽科技股份有限公司,臺中市潭子區祥和路35巷5號,40000000,1110407
2618,27370602,鑄薪股份有限公司,臺中市烏日區光明里五光路復光二巷40號,40000000,1110413
2619,27371314,百興國際股份有限公司,臺中市北屯區崇德十一路90號1樓,2000000,1110407
2625,27378800,元精平機械科技股份有限公司,臺中市太平區宜欣里宜昌東路160巷8號,5000000,1110411
2628,27380828,豐瑋遊覽通運有限公司,臺中市梧棲區頂寮里臨港路四段906巷15號1樓,50000000,1110426
2640,27403364,隆翼有限公司,臺中市龍井區忠和里工業路177巷11號,36000000,1110408
2642,27405497,智新醫療儀器有限公司,臺中市大里區仁化里仁美路45巷8號1樓,5000000,1110401
2647,27411929,華威行銷研究股份有限公司,臺中市西區太原路一段16號1樓,5000000,1110419
2662,27450696,日月千禧酒店股份有限公司,臺中市西屯區市政路77號,700000000,1110428
2663,27450751,好家庭藝術股份有限公司,臺中市南區忠明南路789號37樓,1000000,1110422
2664,27451490,芸鼎有限公司,臺中市西屯區安林路3之20號,5500000,1110422
2665,27451647,台灣福龍興業股份有限公司,臺中市南屯區春社里文山南巷988號,1674675180,1110413
2677,27473369,家禾興股份有限公司,臺中市西屯區市政北二路282號29樓,1500000,1110412
2678,27474212,穗寶康股份有限公司,臺中市北屯區太原路三段1186、1188號,5000000,1110414
2680,27476767,登豐開發實業有限公司,臺中市大雅區二和里學府路125巷56號,1000000,1110425
2685,27486081,永喬科技有限公司,臺中市豐原區南陽里豐原大道三段329號1樓,32000000,1110419
2686,27490249,伊瑪克國際股份有限公司,臺中市南屯區惠中里文心路一段324號11樓之1,45000000,1110412
2693,27497881,境東景觀有限公司,臺中市南屯區新生里新富路517號1樓,5000000,1110412
2698,27500909,寶鴻建設實業股份有限公司,臺中市南區福順里復興路二段80號,160000000,1110406
2699,27501739,台灣高壹工機股份有限公司,臺中市大里區仁化里工業十一路140號,100000000,1110406
2701,27508297,唐振工業股份有限公司,臺中市太平區工業二十路61號,48400000,1110407
2702,27508304,華毅達建設企業有限公司,臺中市西屯區惠來里市政路386號20樓之7,5000000,1110414
2705,27511407,馬克精密股份有限公司,臺中市北區金華里雙十路二段101號5樓之3,1000000,1110407
2742,27576920,德驛誌國際股份有限公司,臺中市潭子區家興里中山路一段7巷40號7樓,5000000,1110408
2744,27580570,嘉慶國際開發股份有限公司,臺中市北屯區文心路四段955號26樓之2,150000000,1110421
2747,27582606,烽鈿企業有限公司,臺中市外埔區水美里二崁路588巷16號,3000000,1110406
2762,27610933,中國社會調查資訊服務股份有限公司,臺中市西屯區市政北二路238號30樓之3,5000000,1110401
2764,27612480,印嘉實業有限公司,臺中市豐原區南村里水源路395巷45弄7號,500000,1110406
2766,27619006,鑫寶投資有限公司,臺中市西屯區長安路二段131巷3之7號2樓,29000000,1110411
2770,27620658,歐閣空間設計有限公司,臺中市西區五權西路一段257號15樓之3,1000000,1110407
2773,27624351,高品達企業有限公司,臺中市豐原區東湳里三豐路二段272巷151弄12號,4000000,1110413
2775,27626647,佳冠資產管理股份有限公司,臺中市大雅區文雅里中清路四段31號2樓,600000,1110411
2780,27633226,港都漁村有限公司,臺中市清水區清水里鎮南街28之2號1樓,4000000,1110412
2790,27645813,鬥至股份有限公司,臺中市西區美村路一段43號13樓之8,8000000,1110418
2802,27675365,聖崴科技股份有限公司,臺中市大雅區員林里大雅路309號1樓,12000000,1110422
2804,27679854,雙林國際有限公司,臺中市大里區振興路112號,10500000,1110414
2863,27772606,龍平建設股份有限公司,臺中市梧棲區大庄里中央路一段919巷61號,1000000,1110425
2864,27773078,順琳股份有限公司,臺中市大里區大衛路35之5號,1000000,1110406
2869,27780042,保旺事業股份有限公司,臺中市西屯區惠中一街30號3樓之2,130000000,1110426
2873,27789613,中美本草生技股份有限公司,臺中市東勢區粵寧里豐勢路584號1樓,1000000,1110427
2879,27799751,好幫手無線科技股份有限公司,臺中市后里區后里里三豐路四段30號1樓,5000000,1110427
2881,27804017,和智有限公司,臺中市清水區橋頭里17鄰民有路178號,500000,1110415
2885,27816858,中騰融通有限公司,臺中市神岡區溪頭路52之2號,20000000,1110428
2892,27833553,新同建設有限公司,臺中市大里區中興路一段235號,100000000,1110407
2901,27842808,聖峰國際紙業有限公司,臺中市大里區大里路468之1號,42000000,1110412
2911,27860262,富強機電工程有限公司,臺中市北區健行里健行路664巷6號1樓,10000000,1110414
2913,27865920,玉山國際事業股份有限公司,臺中市西屯區福安七街18號3樓,6000000,1110426
2917,27874836,英裕投資股份有限公司,臺中市西屯區何仁里天水中街52號,29000000,1110425
2919,27880507,九榮企業管理顧問股份有限公司,臺中市南屯區大英街312之5號5樓,1000000,1110425
2922,27886050,貫聯國際數位行銷有限公司,臺中市西屯區何安里青海路一段99號4樓,500000,1110412
2925,27894452,台灣防災股份有限公司,臺中市烏日區大同路1號,40000000,1110401
2926,27896938,弘勝興業股份有限公司,臺中市西屯區惠來里府會園道179號12樓之3,530000000,1110420
2927,27897211,順合禮儀有限公司,臺中市大雅區員林里神林路1段234巷41-6號,200000,1110420
2930,27902517,揚鴻精密科技工業有限公司,臺中市神岡區三角里承德路208巷13號,1600000,1110412
2931,27909096,昆晉精密科技股份有限公司,臺中市太平區合利街33巷42號,2500000,1110407
2934,27912395,賓特俐有限公司,臺中市北屯區軍功里松竹路一段588號,1000000,1110414
2937,27915858,高緯科技股份有限公司,臺中市烏日區光明里環河路二段350號,32000000,1110408
2994,28050418,奇美石藝有限公司,臺中市北區日盛街59號7樓之5,1000000,1110408
2998,28054006,嘉毅達光電企業股份有限公司,臺中市西屯區惠來里市政路386號20樓之7,20000000,1110408
3007,28068917,能海電能科技股份有限公司,臺中市西屯區臺灣大道三段660號9樓之3,405559100,1110411
3008,28069275,阡鈺實業股份有限公司,臺中市大肚區成功里文昌路三段162巷107弄45號,3000000,1110406
3009,28073067,莎璐得精研草本有限公司,臺中市南屯區豐樂里豐偉路182號26樓之3,3000000,1110414
3038,28114519,鍥積科技股份有限公司,臺中市北區篤行路333巷24之1號1樓,1000000,1110414
3043,28123448,精呈科技股份有限公司,臺中市神岡區豐工三路10號,176410000,1110419
3047,28133451,世瑋工業有限公司,臺中市太平區德明路329號,1000000,1110413
3049,28135943,衣皓實業有限公司,臺中市西屯區市政北二路29號8樓之1,50000000,1110411
3054,28140208,君臨室內裝修設計有限公司,臺中市大里區金城里金城街150號1樓,3000000,1110418
3055,28141868,元拓建設股份有限公司,臺中市西屯區西屯路二段256巷6號7樓之8,10000000,1110418
3058,28143346,海田建設股份有限公司,臺中市潭子區家興里大通街93巷8號1樓,5000000,1110407
3062,28154764,全允承有限公司,臺中市神岡區岸裡里大富路67號1樓,1500000,1110413
3086,28181988,容景精密科技股份有限公司,臺中市西屯區潮洋里市政北二路282號29樓,232760000,1110401
3136,28313812,逢璟投資有限公司,臺中市南屯區大墩四街425號1樓,238000000,1110415
3139,28318870,速成自動化有限公司,臺中市北屯區平安里柳陽西街3之1號1樓,15000000,1110401
3142,28325280,九園投資有限公司,臺中市南屯區工業區二十一路49號1樓,99000000,1110421
3148,28336625,中部紙品有限公司,臺中市北屯區東光里北屯路298巷4號,1000000,1110408
3150,28338258,誼霖興業股份有限公司,臺中市豐原區南村里水源路648號,3000000,1110418
3151,28339448,元亨利貞室內裝修工程有限公司,臺中市南屯區楓樹里楓樹二街110號1樓,1000000,1110427
3157,28348798,蒙恩有限公司,臺中市北區自強街33巷53號,500000,1110407
3168,28365135,承喬國際顧問有限公司,臺中市西區民龍里臺灣大道二段309號8樓之2,5000000,1110421
3169,28365727,茂華實業股份有限公司,臺中市南屯區永春東一路717號,50000000,1110412
3172,28371951,台灣數位光訊科技股份有限公司,臺中市西屯區文心路2段201號6樓之6,1303100370,1110415
3176,28376127,勝益投資有限公司,臺中市南屯區永春東路1092號3樓,17000000,1110418
3177,28381156,理信智慧資產管理股份有限公司,臺中市神岡區社南里中山路667巷46弄22之1號1樓,1000000,1110422
3179,28383400,富裕開發投資股份有限公司,臺中市西區公正里東興路三段160號8樓之3,28000000,1110420
3191,28400463,達音偉通股份有限公司,臺中市西屯區青海路一段98號2樓,5000000,1110427
3194,28405349,小森國際有限公司,臺中市南屯區豐樂里黎明路一段928之1號2樓,1000000,1110407
3197,28409936,綺緣生技資產管理有限公司,臺中市石岡區萬興里豐勢路721號2樓,4000000,1110415
3252,28498986,威力得股份有限公司,臺中市大肚區沙田路一段662巷20號1樓,28205000,1110401
3261,28511849,豐晨貿易股份有限公司,臺中市西屯區大容東街90號9樓之2,129778700,1110426
3262,28513570,全鎔工業股份有限公司,臺中市太平區平安里鵬儀路214巷16號1樓,5000000,1110422
3269,28529637,府軒開發有限公司,臺中市太平區樹孝路448號1樓,5000000,1110420
3271,28532794,全國物業管理股份有限公司,臺中市西區公益路68號底二層,10000000,1110407
3278,28540437,唯心宗文化傳播股份有限公司,臺中市南屯區文心南路106號5樓,50000000,1110427
3280,28546679,瑋嘉國際科技有限公司,臺中市沙鹿區北勢里北勢東路822號1樓,1000000,1110407
3287,28551996,雋益實業股份有限公司,臺中市神岡區社口里中山路478巷1號1樓,5000000,1110426
3289,28552778,奇買國際股份有限公司,臺中市南屯區大業里大進街490號10樓之3,5000000,1110412
3290,28554419,金揚金屬股份有限公司,臺中市南屯區筏子東街一段63號,1000000,1110411
3296,28563260,致宏有限公司,臺中市西屯區工業區三路12號1樓,5000000,1110406
3297,28565844,泰日豐光電科技股份有限公司,臺中市西區向上路一段42號5樓,10000000,1110428
3300,28571183,寶美建設股份有限公司,臺中市南區福順里復興路二段80號,60000000,1110401
3302,28572155,明坤科技股份有限公司,臺中市北屯區崇德路二段130號14樓,28800000,1110414
3307,28582153,電通機電工程有限公司,臺中市大雅區橫山里中山一路33號,5000000,1110408
3332,28627567,雅棋德科技股份有限公司,臺中市大雅區西寶里昌平路四段282南十一巷15號,75000000,1110413
3345,28645713,今川科技開發有限公司,臺中市西屯區逢甲里福上巷龍欣一巷12號1樓,5000000,1110427
3349,28647563,聖崴材料有限公司,臺中市大雅區上雅里學府路415巷20號6樓之2,8000000,1110421
3351,28653918,沛高實業有限公司,臺中市太平區東平里中和街338號1樓,10000000,1110414
3358,28666744,萬宏國際事業有限公司,臺中市南屯區向心里文心南一路19號1樓,1000000,1110401
3407,28727714,桑溶時裝制服專業設計有限公司,臺中市南屯區永春東路606號,10000000,1110419
3409,28730422,笠勝工業有限公司,臺中市大雅區民生路四段139巷52號1樓,3000000,1110414
3414,28735518,鴻海金企業有限公司,臺中市北屯區軍功里軍福十八路306號1樓,10000000,1110419
3423,28751544,鴻榮營造有限公司,臺中市太平區長億六街79巷10弄6號1樓,3600000,1110406
3424,28753233,威智數位設計有限公司,臺中市南屯區田心里文心路一段186號17樓之7,1000000,1110422
3426,28757391,宏欣網路科技有限公司,臺中市龍井區臺灣大道五段3巷33號,500000,1110401
3428,28758080,尊那科技有限公司,臺中市太平區中興里永義路132號,5000000,1110412
3430,28759742,欣其達有限公司,臺中市清水區清水里星海一街82號1樓,500000,1110412
3439,28787141,永河興生技工廠有限公司,臺中市東區振興路297號1樓,1000000,1110422
3441,28791530,茂凱生技有限公司,臺中市烏日區民權街93號1樓,6000000,1110426
3444,28794380,安德生物科技股份有限公司,臺中市西屯區福林里玉門路50巷5之1號,15000000,1110411
3445,28796633,豐泰開發資產有限公司,臺中市豐原區中陽里愛國街243號2樓,15000000,1110421
3448,28799300,台中銀保險經紀人股份有限公司,臺中市北屯區進化北路80-4號,1286000000,1110419
3449,28801621,德貝國際有限公司,臺中市西屯區文心路三段241號19樓之7,18974000,1110401
3456,28810403,佛曼斯實業有限公司,臺中市南區大慶街二段11之26號1樓,3000000,1110428
3459,28816259,韋創科技有限公司,臺中市南屯區大同街31號2樓,2000000,1110419
3479,28851543,豐廣整合行銷有限公司,臺中市北區頂厝里崇德路一段629號19樓之2,5000000,1110419
3497,28871512,尚俞景觀設計有限公司,臺中市大里區仁愛路160巷87號1樓,1000000,1110422
3499,28876170,國均有限公司,臺中市大里區大元里環中東路七段36巷28號,1000000,1110420
3506,28890433,安達國際物流有限公司,臺中市西屯區廣福里中科路1421之1號1樓,10000000,1110411
3512,28899602,嘉禾興股份有限公司,臺中市烏日區烏日里公園路52號,5000000,1110411
3513,28900214,晨森室內裝修有限公司,臺中市潭子區大富里民族路二段1巷16之8號,2666000,1110418
3514,28901157,霄特國際股份有限公司,臺中市南屯區新生里新民巷18之7號,65000000,1110408
3516,28911556,玖鈦精密有限公司,臺中市太平區永隆里光興路699巷135號1樓,1000000,1110418
3517,28912154,台碩生醫科技有限公司,臺中市西區忠誠里太原路一段152號,1000000,1110427
3518,28912696,永全起重機械有限公司,臺中市豐原區西湳里三豐路675巷17號1樓,12000000,1110428
3522,28915574,大睿廣告企劃有限公司,臺中市大雅區建興路157號,1000000,1110419
3534,28932686,銘垣興業股份有限公司,臺中市龍井區龍津里三港路467巷46號,71000000,1110412
3538,28939668,和言文化事業有限公司,臺中市西區東昇里貴和街29號,500000,1110414
3541,28941030,昕德設計工程有限公司,臺中市北屯區水湳里文心路四段83號19樓,1000000,1110408
3545,28947317,好婆婆股份有限公司,臺中市北區建成里東光東街46號,2000000,1110422
3546,28948147,台展科技有限公司,臺中市西區臺灣大道二段285號13樓之2,5000000,1110418
3550,28955998,承巧室內裝修有限公司,臺中市北區梅川里綏遠路一段39之3號2樓,8500000,1110418
3553,28965623,凱悠健康科技儀器有限公司,臺中市西屯區福雅里臺灣大道四段936號7樓之3,6200000,1110427
3560,28975853,馬紹爾商沛冠企業有限公司,臺中市太平區坪林里中山路2段100巷79號,0,1110414
3604,29041276,典藏閣股份有限公司,臺中市西屯區惠中六街23號1樓,10000000,1110427
3609,29050393,寶瑞凱都市更新規劃開發股份有限公司,臺中市西區臺灣大道一段728號10樓,10000000,1110427
3638,29089756,富宸自動科技股份有限公司,臺中市西屯區協和里工業區四十一路27號,11000000,1110406
3640,29090682,銘駿土木包工業有限公司,臺中市東勢區文新街280號1樓,1000000,1110411
3642,29094569,台灣威諾斯漢機床股份有限公司,臺中市大雅區昌平路四段282北六巷37號,5000000,1110408
3646,29099558,皓程環保有限公司,臺中市大肚區太平路1巷3弄41之2號,1000000,1110406
3647,29099804,玖居建設開發有限公司,臺中市北屯區松茂里松竹路二段87號,1000000,1110427
3649,29102786,凱鈺機械有限公司,臺中市南區大慶街二段58巷15弄2號,12000000,1110425
3697,29169435,巨聖美術有限公司,臺中市西區公德里大忠街35號12樓之1,500000,1110411
3799,34516651,祥泰工業有限公司,臺中市神岡區岸裡里大富路20巷52號,20000000,1110401
3892,42584548,緯期國際有限公司,臺中市中區中華路二段35號,1000000,1110408
3902,42593878,特茂生物科技有限公司,臺中市西屯區西墩里黎明路三段177號11樓之7,1400000,1110418
3986,42663521,筑誠工程顧問股份有限公司,臺中市西屯區河南路二段262號8樓之9,1600000,1110412
3987,42665675,鋒昌國際貿易有限公司,臺中市神岡區社口街441號1樓,1000000,1110422
3988,42669399,全鑫精密工業股份有限公司,臺中市西屯區工業區三十六路23號,202850200,1110413
3989,42670348,孫悟空創意發明股份有限公司,臺中市西區公益里公益路223號地下一樓,49000000,1110407
3990,42670635,亨銓興業股份有限公司,臺中市西屯區環中路三段69號18樓之5,34570000,1110422
3991,42672182,允辰工程有限公司,臺中市大甲區頂店里中山路一段1420號1樓,2000000,1110414
3993,42674597,許愿好食文化有限公司,臺中市西區民生里康樂街7之2號,1000000,1110418
3994,42674626,巧遇農情有限公司,臺中市北區青島西街17之4號,1500000,1110428
3996,42675272,卡司生活有限公司,臺中市西區中興里公益路171號1樓及2樓,5300000,1110413
3997,42675619,仕峻實業有限公司,臺中市東區東英路385巷5弄18號1樓,1000000,1110411
3998,42676146,橙源科技有限公司,臺中市豐原區翁社里豐年路149巷81弄16號1樓,2000000,1110414
3999,42677320,歐澄行銷有限公司,臺中市北屯區仁和里崇德十路一段495巷15號1樓,15000000,1110418
4001,42677784,紘捷行銷顧問有限公司,臺中市西屯區何成里大墩十八街195號3樓之1,10000000,1110412
4002,42677911,峰浩工程有限公司,臺中市南區福田路180號1樓,1000000,1110422
4003,42677953,三六零國際有限公司,臺中市北屯區文心路三段447號7樓之3,2000000,1110419
4004,42678453,保羅市集有限公司,臺中市西區藍興里大新街108號1樓,2000000,1110425
4005,42679777,堉寶投資有限公司,臺中市龍井區竹師路二段15之7號7樓,2000000,1110427
4006,42679946,德眾技術顧問有限公司,臺中市北區北興街171號2樓,500000,1110415
4007,42680423,綠光事業股份有限公司,臺中市太平區合利街33巷40號,5500000,1110412
4008,42680681,天宥人文有限公司,臺中市西區和龍里臺灣大道二段2號4樓之3,1000000,1110412
4009,42681295,彤鴻建設股份有限公司,臺中市中區大誠里大誠街29號11樓之3,25000000,1110422
4010,42682554,展進新科技材料有限公司,臺中市太平區新興二街33號1樓,10000000,1110406
4011,42682793,奇點無限股份有限公司,臺中市北屯區北屯里太原路三段139巷92號,18000000,1110429
4013,42684286,驚天國際有限公司,臺中市南屯區大墩二街223號1樓,5000000,1110406
4014,42685320,鼎均物業管理顧問有限公司,臺中市西區民龍里台灣大道二段285號8樓之3,1000000,1110425
4015,42686550,郁興國際有限公司,臺中市清水區鰲峰路315巷52號2樓,6100000,1110414
4016,42688190,天擘投資控股股份有限公司,臺中市南區福順里忠明南路789號地下室一樓,29800000,1110421
4097,42759027,想想國際有限公司,臺中市西屯區惠來里市政北七路186號8樓之5,1000000,1110414
4107,42763850,邦喬股份有限公司,臺中市西屯區福恩里工業區一路58巷11弄38號,6000000,1110420
4240,42870535,鼎勝國際實業有限公司,臺中市南屯區田心里大墩四街321號地下1層,5000000,1110413
4241,42871099,振德宏有限公司,臺中市大里區東興里益民路二段360號2樓,2000000,1110414
4242,42871464,中周投資股份有限公司,臺中市西屯區市政南一路335號1樓,290000000,1110426
4243,42871648,台灣赫斯特有限公司,臺中市北屯區東光里東山路一段143之14號,16000000,1110412
4244,42872251,國家水專業有限公司,臺中市北屯區昌平路一段95之8號5樓之2,3000000,1110426
4245,42872359,西敏手工婚紗股份有限公司,臺中市西屯區惠中二街32號,1200000,1110413
4246,42875052,正騏鋁業股份有限公司,臺中市清水區菁埔路105號,11000000,1110401
4247,42875497,采誼國際股份有限公司,臺中市北區頂厝里崇德路一段631號7樓之1,21000000,1110407
4248,42875519,金能量生物科技股份有限公司,臺中市大肚區沙田路一段854巷50之71號3樓,20000000,1110426
4250,42877235,益金投資股份有限公司,臺中市西屯區洛陽路111巷10弄5號1樓,8000000,1110414
4251,42877994,佑鎮實業有限公司,臺中市北屯區和平里軍和街455巷28號1樓,1000000,1110414
4252,42878895,戴能餐飲設備有限公司,臺中市西屯區工業區三十四路6號2樓,1000000,1110418
4253,42880718,泰銓建設股份有限公司,臺中市北屯區水湳里文心路四段81號19樓,20000000,1110415
4256,42885690,郁博實業有限公司,臺中市大雅區上楓里樹德街142巷7號1樓,1000000,1110414
4257,42885848,祥倫股份有限公司,臺中市西區自治街7號2樓,2000000,1110421
4258,42886229,大有運動有限公司,臺中市大里區日新里中興路二段666號1樓,1000000,1110418
4259,42886614,愛信望有限公司,臺中市南屯區文心路一段260號10樓之3,560020000,1110408
4260,42887830,湘果服飾企業有限公司,臺中市大里區新甲路122號1樓,250000,1110407
4261,42889324,元昌水產有限公司,臺中市梧棲區大村里港埠路一段772號1樓,2000000,1110426
4262,42889870,長虹包裝有限公司,臺中市大雅區六寶里大林路121巷98號1樓,9000000,1110429
4263,42891460,慕食有限公司,臺中市太平區新福里旱溪西路二段212巷49號1樓,200000,1110412
4264,42891778,歐森電子商務有限公司,臺中市西屯區臺灣大道三段556巷1號1樓,1800000,1110401
4265,42892469,金丰易居有限公司,臺中市南屯區黎明路一段886號1樓,1000000,1110426
4266,42892741,喬瑞國際有限公司,臺中市北屯區軍福十一路268號5樓,1000000,1110419
4267,42893208,通用幹細胞股份有限公司,臺中市太平區太平二一街10巷18號,144408000,1110425
4268,42894059,靖雲科技有限公司,臺中市西屯區潮洋里朝貴一街98號1樓,2000000,1110421
4269,42894065,點圓室內裝修設計工程股份有限公司,臺中市西屯區何安里四川路21之5號1樓,1000000,1110426
4270,42894733,東沁有限公司,臺中市北區建成里東光東街79號3樓之6,6000000,1110419
4273,42895753,岱運興業有限公司,臺中市梧棲區草湳里建國北街151巷62號1樓,700000,1110406
4274,42896248,酒號倉庫有限公司,臺中市大里區新里里爽文路398號,8000000,1110407
4275,42896541,杰登工程有限公司,臺中市北區賴明里中清路一段748號2樓,600000,1110420
4277,42897669,威勝瑪有限公司,臺中市南屯區三厝里河南路四段482之1號14樓,5000000,1110427
4278,42899499,祐鼎國際開發工程有限公司,臺中市新社區復盛里中和街三段38號,200000,1110418
4279,42900138,富達保全股份有限公司,臺中市西屯區何源里漢成七街5號2樓,40000000,1110407
4300,42923505,知音企業有限公司,臺中市北屯區平田里遼寧路一段25號1樓,500000,1110418
4304,42925975,海盛船舶維修保養股份有限公司,臺中市清水區北五路105號,50000000,1110415
4363,42955652,中華神農創意行銷股份有限公司,臺中市北區明新里忠太東路117之6號,5000000,1110406
4412,42991334,殘念有限公司,臺中市西區民龍里臺灣大道二段186號24樓之1,6000000,1110420
4493,43940539,逗派金融科技股份有限公司,臺中市北屯區水湳里文心路三段447號15樓之2,40000000,1110406
4546,45107793,日葳有限公司,臺中市太平區新興路35巷71號,500000,1110425
4553,45117461,善得利建設有限公司,臺中市大里區東興里國光路二段706之7號,12000000,1110412
4564,45126813,權健國際貿易有限公司,臺中市北區新北里尊賢街7號14樓,2000000,1110418
4576,45135405,佲宬企業股份有限公司,臺中市大雅區上雅里雅環路二段255巷35號1樓,10000000,1110413
4588,45145543,昌旺國際開發股份有限公司,臺中市梧棲區港埠路一段821巷35號,90000000,1110401
4589,45146579,宇強廣告企劃有限公司,臺中市北屯區文心路四段67號10樓之1,3200000,1110406
4590,45146769,台火實業有限公司,臺中市豐原區愛國街191號1樓,10000,1110411
4591,45146780,沃克未來文化有限公司,臺中市西屯區文心路二段566之13號9樓之2,1000000,1110413
4592,45146917,世豐汽車駕訓股份有限公司,臺中市西屯區臺灣大道四段2168號,135000000,1110428
4593,45147063,大謙空間設計有限公司,臺中市西區臺灣大道二段239號13樓,1000000,1110411
4594,45149843,十渡有限公司,臺中市大里區大明路292號,2000000,1110418
4595,45149978,台灣卡特興業有限公司,臺中市豐原區東陽里東陽路249巷2號1樓,1300000,1110418
4597,45187183,蘭樹企業有限公司,臺中市北屯區敦化路一段598號2樓,6630000,1110419
4598,45187199,弘鼎國際人力資源有限公司,臺中市南屯區春社里忠勇路10之68號,5000000,1110420
4599,45194298,馥漫食品股份有限公司,臺中市南屯區大同里東興路2段246號2樓,20000000,1110407
4601,45878638,法僑有限公司,臺中市南屯區惠中里大墩十二街311號15樓之1,500000,1110413
4602,45878665,姿軒美髮事業有限公司,臺中市北區淡溝里西屯路一段258之1號,500000,1110419
4603,45880917,達莉事業股份有限公司,臺中市西屯區潮洋里朝富路213號17樓之3,33000000,1110407
4605,45882491,鼎力國際企業有限公司,臺中市北屯區平昌里天津路四段307號18樓之8,5000000,1110407
4606,45882507,裕峰國際實業有限公司,臺中市南屯區五權西路二段668號2樓,5000000,1110401
4607,45884842,允瑞富建設股份有限公司,臺中市大里區成功二路106號1樓,200000000,1110426
4608,45888116,美星壓克力有限公司,臺中市北屯區北屯路298巷6之6弄178號1樓,3000000,1110422
4609,45888811,多秝貿易有限公司,臺中市大雅區三和里義和路7之3號1樓,5000000,1110401
4610,45888925,守家生技有限公司,臺中市西區臺灣大道二段16號19樓之2,2320000,1110418
4611,45889017,珍玉有限公司,臺中市霧峰區吉峰里吉峰路150之12號1樓,500000,1110420
4612,45889543,歐斯資訊科技有限公司,臺中市大里區東興里國光路二段500號5樓之5,10000000,1110427
4613,45889918,村井水產有限公司,臺中市南屯區新生里龍德路一段180號,13500000,1110420
4614,45890078,家禾流通股份有限公司,臺中市西屯區潮洋里市政北二路282號29樓,25000000,1110406
4615,45890231,蔦谷田植萃生技有限公司,臺中市西屯區福中里福中九街10巷12號2樓,2000000,1110425
4616,45890295,鎮躍有限公司,臺中市西屯區西屯路二段180巷9號4樓之1,185000000,1110418
4617,45890339,正能量開發有限公司,臺中市南區南和里工學路132號2樓,954000,1110421
4618,45890561,利德美科技股份有限公司,臺中市大肚區沙田路一段662巷20之1號,1000000,1110401
4775,50796799,雨滴有限公司,臺中市西屯區市政南一路79號,1200000,1110408
4795,50810639,鴻圖模板有限公司,臺中市中區公園里民族路64號9樓之9,100000,1110422
4796,50810785,普惠不動產有限公司,臺中市西屯區福和里臺灣大道四段671巷1弄50之10號1樓,1000000,1110413
4797,50811948,利泰有限公司,臺中市南屯區大同里向上南路一段167號3樓之2,300000,1110421
4798,50812138,天信投資有限公司,臺中市沙鹿區三鹿里保成路330號1樓,20000000,1110408
4799,50812496,瀚塘淨水科技有限公司,臺中市西屯區大鵬里文心路三段241號21樓之2,200000,1110406
4800,50813071,科菁有限公司,臺中市西區台灣大道二段406號8樓之3,2000000,1110421
4801,50813312,鼎盛工程顧問有限公司,臺中市西屯區臺灣大道二段910號4樓之2,10000000,1110415
4802,50814635,卡司韓藝有限公司,臺中市太平區永平里新平路一段32巷11號1樓,3300000,1110411
4803,50814728,壹生科技股份有限公司,臺中市北區賴興里文昌東一街16號1樓,2750000,1110414
4804,50816508,金鈺昌有限公司,臺中市大里區上興街二段53號1樓,100000,1110428
4805,50816556,億富興業有限公司,臺中市北區六合里臺灣大道一段612號4樓之8,1000000,1110406
4806,50817083,捷世登實業有限公司,臺中市西屯區大鵬里長安路二段71巷35號1樓,1500000,1110418
4807,50818771,白馬山餐飲有限公司,臺中市石岡區梅子里豐勢路國中巷1之1號1樓,3000000,1110426
4808,50819548,玖合泰有限公司,臺中市豐原區北陽里南陽路112巷12號1樓,200000,1110414
4809,50820566,菘凱企業有限公司,臺中市北屯區三光里三光北二街88號1樓,1500000,1110414
4810,50821501,綵晨企業有限公司,臺中市南屯區大墩四街321號地下一層,1200000,1110414
4811,50821517,嵩航營造有限公司,臺中市豐原區南陽里南陽路301巷30弄21號1樓,3000000,1110411
4812,50822142,金準度有限公司,臺中市北屯區軍功里一新一街5弄10號1樓,6000000,1110426
4813,50823275,創星貿易有限公司,臺中市大里區新里里愛心路155號2樓,100000,1110408
4814,50823424,大發展演有限公司,臺中市北屯區建和路一段399號12樓之2,1000000,1110425
4815,50823986,龍馬室內裝修有限公司,臺中市南屯區大業路241號3樓之1,2000000,1110415
4816,50825978,統貿淨水有限公司,臺中市太平區永平路二段56號1樓,5000000,1110426
4818,50826695,震鎰精密機械有限公司,臺中市太平區新坪里育德路17號12樓,500000,1110421
4819,50828321,沛盛國際有限公司,臺中市南屯區大同里向上南路一段167號3樓之2,500000,1110418
4820,50829829,輝銘國際股份有限公司,臺中市西屯區何成里文心路二段598號14樓,5000000,1110408
4821,50831331,金喬實業開發有限公司,臺中市西屯區文心路三段237號5樓,12000000,1110425
4822,50831466,艽茂國際有限公司,臺中市南屯區文心路一段324號11樓之1,1500000,1110412
4823,50832710,凱氏有限公司,臺中市北屯區平陽里綏遠路二段255號5樓之3,100000,1110411
4824,50832871,國鉦股份有限公司,臺中市烏日區三榮路二段301號1樓,20000000,1110421
4825,50833730,好靛實業有限公司,臺中市西區華美街37號5樓之3,300000,1110427
4827,50835580,楷貿有限公司,臺中市西屯區潮洋里朝馬七街32號7樓之1,1000000,1110427
4828,50835907,京朔投資有限公司,臺中市北區雙十路一段121號,20000000,1110412
4829,50836949,星福原創有限公司,臺中市西屯區何南里大墩二十街99號5樓,1000000,1110412
4830,50837200,漢和思國際貿易有限公司,臺中市北屯區陳平路65巷140弄19號3樓,1000000,1110406
4831,50837454,金店面企業管理顧問有限公司,臺中市烏日區新興路214號,1000000,1110426
4832,50838170,鋁成室內裝修有限公司,臺中市清水區槺榔里民族路三段11號,500000,1110419
4835,50840367,禾業旅館管理顧問有限公司,臺中市南區德富路122號11樓之2,50000,1110408
4860,50860200,台灣菱陽商事股份有限公司,臺中市西屯區文心路二段201號11樓之3,15000000,1110415
4872,50865063,若崴貿易有限公司,臺中市清水區槺榔里港新五路239號13樓之7,500000,1110421
4881,50870903,鼎太醫材有限公司,臺中市烏日區高鐵三路25號12樓之3,1000000,1110425
4933,50890632,萌萌泰迪熊有限公司,臺中市南區南和路8號2樓之12,500000,1110428
4950,50900929,玄古管理顧問有限公司,臺中市北區忠明路424號5樓之1,700000,1110415
4984,50920811,郁今好食國際有限公司,臺中市南屯區公益路二段368號14樓,3000000,1110426
4998,50927743,旭青投資有限公司,臺中市東區新庄里大公街2之1號,1666668,1110407
5050,50962614,好鄰咖啡有限公司,臺中市西區民龍里臺灣大道二段239號13樓,500000,1110419
5053,50964161,宅家有限公司,臺中市南屯區文心路一段306號10樓之5,100000,1110428
5110,51075480,中宏交通事業股份有限公司,臺中市西屯區河南路52號1樓,26000000,1110419
5114,51319401,東大塑膠廠股份有限公司,臺中市東區東英路629號1樓,27500000,1110420
5115,51322927,松泰鞋業股份有限公司,臺中市東區東門里建德街350之1號1樓,6000000,1110422
5117,51500106,精傑股份有限公司,臺中市西屯區工業區三十四路35號3樓,29000000,1110415
5118,51543908,振英工業股份有限公司,臺中市烏日區三和里中山路3段288號,25000000,1110421
5120,51710996,源昌木業製材股份有限公司,臺中市西區臺灣大道二段489號27樓之1,104000000,1110419
5121,51711144,新光食品工業股份有限公司,臺中市西屯區廣福路315號,18360000,1110407
5128,52243773,井寶產機企業股份有限公司,臺中市西區忠誠里大隆路20號12樓之2,100000000,1110418
5131,52248382,信義事務機器有限公司,臺中市西區公館里樂群街360號1樓,2000000,1110401
5135,52279856,中洲通運事業股份有限公司,臺中市梧棲區頂寮里臨港路四段860巷17號2樓,26000000,1110401
5136,52281902,展德企業有限公司,臺中市北區忠明路432號8樓之2,10000000,1110408
5146,52322805,喬城建設股份有限公司,臺中市北區柳川西路四段1號7樓之6,20000000,1110415
5148,52336224,三源興業股份有限公司,臺中市東區振興里信義街218巷6號,5000000,1110425
5150,52339496,慧國工業股份有限公司,臺中市西屯區工業區三路3號,292740000,1110419
5153,52362931,利全鋼鐵股份有限公司,臺中市東區建勇東街27、29號1樓,2000000,1110407
5171,52418843,杰生企業有限公司,臺中市北屯區北屯里崇興路一段25號5樓之1,10000000,1110411
5177,52434724,日太交通器材股份有限公司,臺中市南區長榮里有恆街102號,10000000,1110419
5182,52445341,揚立科技有限公司,臺中市西屯區福科一街58號3樓之2,10000000,1110427
5185,52452861,全國大飯店股份有限公司,臺中市西區館前路57號,50000000,1110407
5190,52462729,百毅企業股份有限公司,臺中市太平區新仁路一段44巷8之1弄9號,16200000,1110426
5210,52502150,世愛電機股份有限公司,臺中市西屯區西屯路二段282巷16號,29888000,1110401
5223,52556401,誠益興業股份有限公司,臺中市東區喬城一街142之1號1樓,8000000,1110426
5229,52571389,皇鎰實業股份有限公司,臺中市南屯區工業區十九路1號,46000000,1110415
5236,52577320,磐龍液壓工業股份有限公司,臺中市大雅區昌平路三段596巷66號,39000000,1110401
5239,52579072,和和機械股份有限公司,臺中市南屯區春社里精科東路3號,479862490,1110406
5245,52591131,國隆紙器工業股份有限公司,臺中市大雅區昌平路三段689巷1號,6000000,1110426
5276,52657695,妙法實業股份有限公司,臺中市西區公益路130號6樓,6000000,1110415
5280,52676068,隆貿機械工業有限公司,臺中市南區仁義街189巷11號1樓,5000000,1110407
5297,52719313,台輝油壓工業有限公司,臺中市太平區宜欣里宜昌東路130巷9之1號,10000000,1110422
5300,52758286,福績樹脂化工股份有限公司,臺中市西屯區工業區三十六路11號1樓,54500000,1110414
5318,52809927,偉孚興業股份有限公司,臺中市西屯區協和里工業區五路4號,133000000,1110408
5321,52819592,泰規實業股份有限公司,臺中市西屯區工業區十路12之1號,90000000,1110415
5325,52855344,盛林運動器材股份有限公司,臺中市北屯區松強里松竹路二段306巷1弄74之2號1樓,20000000,1110421
5342,52877760,恆昭企業股份有限公司,臺中市西屯區福科路699號,42500000,1110412
5343,52878846,環隆科技股份有限公司,臺中市南屯區工業區二十七路3號1-3樓,1273592000,1110420
5356,52907618,唐裕木業股份有限公司,臺中市北屯區新平里中清路二段735號,5000000,1110413
5364,52944233,儒新工具股份有限公司,臺中市太平區德隆里園區三路3號,3000000,1110407
5374,53021927,英屬維京群島商敏捷國際股份有限公司,臺中市西屯區市政路500號29樓之1,20000000,1110428
5383,53043160,政翔機械股份有限公司,臺中市大甲區薰風里順天路66號1樓,1000000,1110407
5385,53047433,庭林建設有限公司,臺中市南屯區公益路二段515號1樓,60000000,1110414
5386,53048094,台灣迪卡儂有限公司,臺中市南屯區大墩南路379號,696000000,1110411
5387,53048670,唐殿股份有限公司,臺中市大里區立元路48號1樓,2000000,1110425
5388,53048849,聖久鼎實業股份有限公司,臺中市大肚區成功里文昌路三段162巷107弄38號,4000000,1110406
5390,53050730,大王機器人有限公司,臺中市潭子區家福里得福街27號1樓,500000,1110413
5394,53055290,盛阜國際貿易有限公司,臺中市豐原區國豐路三段365巷36號,5000000,1110419
5395,53055469,大磐營造有限公司,臺中市南屯區文心南五路一段655號1樓,25000000,1110421
5398,53061413,佳星輪胎有限公司,臺中市大雅區文雅里中山北路250號2樓,1000000,1110406
5399,53064827,品信營造廠有限公司,臺中市北區光大里太平路211號1樓,50000000,1110421
5400,53065522,廣榮貿易有限公司,臺中市北區雙十路二段181號,20000000,1110407
5444,53119055,昱碩亞洲聯合股份有限公司,臺中市南屯區文心路一段218號15樓之1,20000000,1110411
5463,53134035,利拓開發有限公司,臺中市沙鹿區興益路61巷8號1樓之5,10000000,1110426
5464,53134719,統創不動產經紀有限公司,臺中市大雅區中清路三段870號2樓,1000000,1110406
5470,53143386,勗揚興業有限公司,臺中市清水區東山里神清路2之20號1樓,300000,1110412
5475,53150359,南瓜馬車優品有限公司,臺中市潭子區大豐里大豐路三段215號,3000000,1110421
5477,53151250,明昌盛工業有限公司,臺中市太平區頭汴里長龍路二段233巷1號,1000000,1110421
5478,53152146,廣通行銷有限公司,臺中市北區進化北路238號4樓之2,3650000,1110420
5482,53155241,貝洛伊國際有限公司,臺中市北區育德路2巷42號1樓,8000000,1110407
5489,53159859,禾豐科實業股份有限公司,臺中市大甲區幼獅路41號,28000000,1110426
5492,53163039,開祥國際有限公司,臺中市沙鹿區鹿寮里光華路336號,2000000,1110419
5493,53164678,豪震科技股份有限公司,臺中市太平區永豐路131巷15號1樓,16000000,1110421
5494,53166394,文弘科技有限公司,臺中市北屯區平興里崇德二路一段157巷20號,2000000,1110425
5501,53176359,中邑機電工程股份有限公司,臺中市南屯區文山里保安三街68號2樓,3000000,1110421
5543,53231846,麥汶投資股份有限公司,臺中市南屯區黎明東街73號12樓,10000000,1110413
5554,53241020,博威實業有限公司,臺中市西屯區何厝里漢口路一段37號3樓,10000000,1110407
5567,53259787,佳仕康生活館有限公司,臺中市北屯區軍功里軍和街105之1號1樓,1000000,1110413
5570,53268836,伊進實業有限公司,臺中市豐原區一心路216巷15號1樓,5000000,1110425
5571,53268913,阜邑空間創研有限公司,臺中市西屯區林厝里福雅路442號1樓,2000000,1110411
5583,53279088,蘭虹室內裝修設計工程有限公司,臺中市南屯區向心里永春東路558號,1000000,1110411
5584,53279382,清美實業股份有限公司,臺中市南區福順里復興路二段80號,15000000,1110401
5590,53287340,呈欣科技有限公司,臺中市后里區墩北里文化路48號1樓,100000,1110407
5593,53293286,益正建設股份有限公司,臺中市龍井區東海里台中港路72號1樓,10000000,1110406
5596,53295566,龍銓工程有限公司,臺中市龍井區龍泉里沙田路五段龍目井126巷8號1樓,3000000,1110411
5597,53297728,元鉅建設股份有限公司,臺中市西屯區西屯路二段256巷6號7樓之8,30000000,1110418
5605,53308035,御馨系統廚櫃股份有限公司,臺中市東區旱溪里旱溪五街11之1號,25000000,1110415
5643,53359420,采宏茗茶有限公司,臺中市大里區內元路153巷6號1樓,600000,1110408
5645,53361018,友田利建設有限公司,臺中市西屯區福上巷182之14號1樓,6000000,1110412
5648,53362163,崇煜能源股份有限公司,臺中市中區大誠里大誠街11巷16號1樓,10000000,1110412
5650,53365582,呈源有限公司,臺中市東區合作里自強街4巷7號1樓,1000000,1110411
5654,53371304,齊品開發建設有限公司,臺中市中區臺灣大道一段141巷21號1樓,5000000,1110406
5664,53383786,剛強投資有限公司,臺中市南屯區三和里大墩十二街607號1樓,500000,1110422
5666,53390409,堡威營造有限公司,臺中市大里區金城里金城街150號1樓,3000000,1110418
5667,53392737,翊睦建設有限公司,臺中市烏日區五光路157號,20000000,1110407
5672,53404179,國靖新科技有限公司,臺中市北屯區軍福十八路223號1樓,300000,1110428
5674,53404826,佰鋐企業有限公司,臺中市大里區西湖里西湖路403號,15000000,1110420
5675,53405487,榕地投資有限公司,臺中市西屯區市政北五路270號10樓之3,5000000,1110421
5718,53478501,密集建設有限公司,臺中市豐原區東湳里三豐路二段396巷45弄5號1樓,15000000,1110411
5721,53484546,儀霖興業股份有限公司,臺中市豐原區南村里水源路634號,3000000,1110419
5726,53492476,毅起企業有限公司,臺中市南屯區春社里永春南路119號,2000000,1110428
5728,53497401,磐碁股份有限公司,臺中市北區明新里太原路一段532號6樓之2,26700000,1110427
5731,53500074,佶詮物業管理顧問有限公司,臺中市北區中清路一段89號7樓之3,1000000,1110412
5732,53503712,騰飛國際物流股份有限公司,臺中市梧棲區中和街18巷16弄7號1樓,700000,1110413
5738,53507392,諾瑪國際有限公司,臺中市霧峰區振興街23號四樓之1,1000000,1110419
5741,53515766,錫安消防器材有限公司,臺中市南屯區黎明路二段564之6號6樓,2000000,1110407
5809,53589393,建福工程有限公司,臺中市西屯區大墩20街116號2樓之2,300000,1110406
5823,53599239,上磊機械股份有限公司,臺中市沙鹿區三鹿里保成八街9號1樓,2000000,1110415
5830,53608194,長億機械工業有限公司,臺中市清水區菁埔里中央北路2之30號,8250000,1110415
5834,53612612,南美洲建設有限公司,臺中市大里區立仁里甲興路200號1樓,5000000,1110415
5835,53612850,方圓創新科技有限公司,臺中市豐原區鎌村一街30巷18號1樓,500000,1110418
5837,53614695,福欣工業有限公司,臺中市大里區仁美路45巷33號1樓,1000000,1110411
5838,53618361,科宇數位股份有限公司,臺中市南屯區向上南路一段167號14樓,6500000,1110418
5846,53624286,清美建設股份有限公司,臺中市南區福順里復興路二段80號,30000000,1110406
5848,53626995,山東餃子興業有限公司,臺中市西區中興里公益路94號1樓,2000000,1110428
5849,53627988,竤璟有限公司,臺中市神岡區三民南路30巷41號1樓,100000,1110406
5852,53630371,三寶生技有限公司,臺中市北區崇德路一段579號4樓之2,600000,1110418
5853,53632151,三合國際有限公司,臺中市梧棲區大村里中央路一段666之7巷5號,1000000,1110418
5855,53633399,原田國際室內裝修設計工程有限公司,臺中市西區公正里東興路三段160號11樓之5,2060000,1110411
5857,53635116,全巨行投資股份有限公司,臺中市北區健行里民權路559號13樓,4000000,1110419
5858,53636375,鑫園國際有限公司,臺中市西區公益路52號6樓之1,6300000,1110407
5859,53639197,致承有限公司,臺中市太平區育才路91巷12號2樓,8000000,1110414
5861,53642524,仕業開發股份有限公司,臺中市南屯區田心里惠文路326號1樓,1000000,1110414
5875,53671225,英屬維京群島商新捷利貿易有限公司,臺中市西屯區惠來里市政路386號15樓之1,1000000,1110425
5885,53690969,君貴建設有限公司,臺中市大里區中興路一段235號,1000000,1110407
5921,53729970,茶花開了有限公司,臺中市南屯區田心里大墩七街469號11樓之1,1000000,1110419
5954,53785698,右鼎建設有限公司,臺中市大里區西湖路30號1樓,6000000,1110414
5961,53796604,荷風建設股份有限公司,臺中市梧棲區大村里立德街61巷28號1樓,33000000,1110406
5969,53803507,百生利企業有限公司,臺中市北屯區崇德路二段250號12樓,5000000,1110411
5971,53805857,大江綠色工廠股份有限公司,臺中市烏日區榮泰街140號1樓,6000000,1110421
5972,53806477,家禾承股份有限公司,臺中市西屯區潮洋里市政北二路282號29樓,15000000,1110420
5979,53811485,東敞布業有限公司,臺中市清水區南社里民和路二段236號,1000000,1110426
5981,53816257,生展生鮮蔬果股份有限公司,臺中市大里區仁德里四育街26號,25500000,1110419
5987,53821097,五星精機股份有限公司,臺中市大里區草堤路221號,38500000,1110419
5988,53821857,鼎茂昌工業股份有限公司,臺中市烏日區溪尾里溪岸路4之1號,7000000,1110414
5989,53822883,尚虹營造有限公司,臺中市大甲區南北三路165巷36號1樓,3600000,1110407
5991,53823551,凱勝綠能科技股份有限公司,臺中市西屯區臺灣大道三段658號10樓之3,587100000,1110413
5992,53826001,唯家生物科技有限公司,臺中市北屯區文昌東六街13號,1000000,1110419
5993,53827135,華富家具有限公司,臺中市清水區海濱路347號,45000000,1110415
5998,53831481,豐鈺精密有限公司,臺中市梧棲區南簡里民族路585號,6000000,1110421
6007,53838597,鋐极貿易有限公司,臺中市西屯區市政北一路359號6樓,5000000,1110428
6010,53843276,福曜開發股份有限公司,臺中市西屯區惠來里市政路386號20樓之8,40000000,1110419
6011,53843331,益烽工程有限公司,臺中市南屯區寶山里寶山五街129號1樓,15000000,1110427
6013,53845154,銓隆機械有限公司,臺中市太平區太平里永豐路永新巷6弄1號1樓,3500000,1110418
6015,53847224,擊壤營造有限公司,臺中市西屯區何安里青海路一段84之2號,3600000,1110408
6019,53851129,達利發興業有限公司,臺中市北區興進路169號10樓之3,500000,1110419
6020,53851465,青園建設股份有限公司,臺中市西區博館二街230號2樓,130000000,1110419
6022,53855568,拓普照明有限公司,臺中市神岡區神岡里中正路47號1樓,5000000,1110414
6025,53861294,旺鴻貿易有限公司,臺中市東區東門里東光園路100巷6弄20號2樓,10000000,1110420
6039,53879175,名閎科技股份有限公司,臺中市西屯區市政路500號11樓之2,29500000,1110427
6053,53894318,恆懋開發國際有限公司,臺中市西屯區永安里國安一路51之2號14樓之1,1000000,1110419
6099,53946646,樂沐國際精品有限公司,臺中市西屯區福星路431之2號1樓,5000000,1110418
6117,53959640,申龍起重工程有限公司,臺中市西區安龍里五權路22巷22號1樓,100000,1110428
6129,53978288,達緯機械工程有限公司,臺中市梧棲區下寮里居仁街60巷8號1樓,3310000,1110406
6130,53979701,舜強國際有限公司,臺中市西屯區大福里中清西二街86號5樓之3,2000000,1110412
6133,53981235,巨帝建設有限公司,臺中市南屯區河南路四段718號8樓之5,30000000,1110415
6134,53981501,超悠旅行社股份有限公司,臺中市西區後龍里向上路一段25號3樓,20000000,1110429
6136,53981729,露營王素質教育事業有限公司,臺中市北屯區九龍東街140號1樓,6000000,1110411
6138,53983780,南華報文化事業股份有限公司,臺中市西區臺灣大道二段181號5樓之10,1000000,1110414
6140,53987553,歐英庫西有限公司,臺中市南區學府路136號5樓之1,1000000,1110408
6143,53988672,日晟砂石股份有限公司,臺中市南屯區溝墘里大墩十四街328號7樓之2,36000000,1110407
6145,53992818,大勝藥品有限公司,臺中市西屯區港尾里黎明路三段1206號1樓,15000000,1110428
6146,53994246,台中眾鈴汽車股份有限公司,臺中市外埔區二崁路568巷36號,1101000000,1110418
6147,53995408,日向綠能股份有限公司,臺中市烏日區溪埧里溪南路一段506巷68號,30000000,1110408
6152,54006706,遠慈物業管理顧問有限公司,臺中市西屯區溝墘里大業路241號3樓之1,800000,1110408
6154,54008535,程泰塑膠有限公司,臺中市清水區橋頭里高美路231巷13號1樓,7000000,1110414
6176,54035863,赤壁雲端科技股份有限公司,臺中市西屯區市政路500號24樓之8,1000000,1110411
6230,54096740,釪環數位音響有限公司,臺中市霧峰區五福里中投西路二段442號,19000000,1110413
6232,54097467,太帥不動產有限公司,臺中市西屯區大墩20街118號5樓之1,500000,1110401
6236,54099872,統創土地開發有限公司,臺中市大雅區四德里中清路三段872號3樓,1000000,1110406
6237,54101618,台灣愛迪生創意科技股份有限公司,臺中市西區公益里公益路223號地下1樓,212035420,1110408
6238,54101814,欣閣室內裝修工程有限公司,臺中市烏日區仁德里麻園溪東路102號1樓,40000000,1110414
6248,54109610,國合科技股份有限公司,臺中市大里區大元里國光路一段206之12號,120000000,1110425
6249,54109864,康提實業有限公司,臺中市南區柳川東路一段80號,200000,1110421
6257,54122424,丞威資訊科技有限公司,臺中市西區吉龍里五權五街151號9樓之4,200000,1110412
6258,54122923,久大行銷股份有限公司,臺中市西屯區文心路三段241號17樓之5,103131340,1110426
6260,54125386,樂趣音樂餐坊有限公司,臺中市中區市府路36號,1050000,1110412
6262,54127259,榮慶精密有限公司,臺中市大里區永隆里永大街638號1樓,16680000,1110407
6263,54129046,大衍營造有限公司,臺中市北區頂厝里永興街358號2樓,22500000,1110418
6266,54132020,詠靖環保工程股份有限公司,臺中市潭子區東寶里大富路一段68之12號,5000000,1110422
6267,54132990,川立有限公司,臺中市外埔區六分里六分路中興巷35號,2400000,1110419
6268,54133246,玖禾生命禮儀股份有限公司,臺中市太平區新高里育才路470號1樓,500000,1110414
6272,54134815,家禾傳股份有限公司,臺中市西屯區潮洋里市政北二路282號29樓,8500000,1110412
6273,54134884,大豐維修廠有限公司,臺中市南區平和里美村南路23巷4號1樓,500000,1110420
6274,54136932,仁和盛建設有限公司,臺中市大里區甲園一街30號1樓,15000000,1110427
6307,54170451,大師科技數位課程股份有限公司,臺中市北區頂厝里崇德路一段631號17樓之2,5000000,1110411
6343,54220207,和迅汽車租賃有限公司,臺中市南屯區黎明東街96號8樓,5000000,1110415
6352,54228221,隆乙建設有限公司,臺中市西屯區文心一路116之1號3樓,40000000,1110419
6356,54230205,華藏旅行社有限公司,臺中市北區原子街50號1樓,6000000,1110413
6357,54231252,永醇誠股份有限公司,臺中市北屯區文心路四段448號,10000000,1110415
6358,54232597,翰盟機械有限公司,臺中市大里區東湖里中湖路27號3樓,3000000,1110414
6365,54240421,乘騎國際物流有限公司,臺中市南區平和里南平一街19號,5000000,1110411
6367,54241322,聯羽科技有限公司,臺中市西區臺灣大道二段186號24樓之2,1000000,1110421
6368,54241809,兆洋資訊股份有限公司,臺中市西屯區市政路386號16樓之3,250000000,1110422
6373,54247780,皇順企業股份有限公司,臺中市大甲區庄美里興安路142之3號1樓,8000000,1110428
6374,54248599,仲暘科技有限公司,臺中市豐原區翁子里豐勢路二段535巷37弄2號1樓,500000,1110412
6376,54251799,喬可精機有限公司,臺中市西屯區經貿路二段388號,5000000,1110419
6379,54258218,中揚光電股份有限公司,臺中市南屯區寶山里工業區22路21號,782863760,1110411
6384,54265870,維摩舍文教事業有限公司,臺中市大里區永隆路143號,1500000,1110415
6385,54266245,富樂康國際有限公司,臺中市北區陝西四街11號,600000,1110413
6386,54266300,傑朋貿易股份有限公司,臺中市西屯區市政南一路373號,10000000,1110421
6387,54267271,蜂巢生活餐飲股份有限公司,臺中市西屯區潮洋里市政北二路282號29樓,160000000,1110419
6388,54267933,鈺山文具有限公司,臺中市龍井區國際街107號,100000,1110428
6469,54332673,台灣彰星自行車零組件有限公司,臺中市豐原區南村里水源路447、451號2樓,4398650,1110420
6510,54379000,英屬維京群島商所羅門開發股份有限公司,臺中市南屯區大墩路315號1樓,1000000,1110426
6515,54395655,美商台灣漢喜股份有限公司,臺中市北屯區和祥五街117號,700000,1110412
6520,54500657,旋轉木馬文化創意股份有限公司,臺中市清水區清水里新興路41號1樓,1000000,1110419
6522,54501488,泉碩建設有限公司,臺中市北屯區北屯路527巷48號2樓,8880000,1110415
6582,54579680,雅居樂建設有限公司,臺中市豐原區東湳里三豐路二段396巷22弄168號2樓,3000000,1110419
6583,54580981,春一有限公司,臺中市西區中興街128巷6號1樓,1500000,1110406
6584,54581721,元將營造工程股份有限公司,臺中市西屯區逢甲里西屯路二段256巷6號7樓之8,10000000,1110418
6585,54582502,金璽尊爵股份有限公司,臺中市梧棲區大智路二段176號1.2樓,2000000,1110401
6586,54582708,博智室內裝修設計有限公司,臺中市西區中興里公益路161號9樓之9,9000000,1110408
6587,54585183,柏賜資產管理股份有限公司,臺中市西屯區何厝里漢口路一段97號3樓,5000000,1110413
6588,54586866,岱櫻企業股份有限公司,臺中市沙鹿區向上路七段123號1樓及2樓,5000000,1110414
6590,54591349,運陞實業有限公司,臺中市西區永達街26號1樓,27000000,1110407
6591,54593389,政群投資顧問有限公司,臺中市西屯區大隆路168之2號3樓,1000000,1110427
6592,54594134,台芝電氣股份有限公司,臺中市南屯區工業23路7號,117000000,1110408
6593,54597316,鼎珺實業有限公司,臺中市西屯區協和里順和五街9號1樓,1000000,1110413
6595,54598151,璞聖企業有限公司,臺中市北屯區四平路387巷3號,5000000,1110419
6596,54598217,大又國際企業有限公司,臺中市潭子區家興里中山路一段9號7樓之4,2000000,1110421
6598,54602367,喬榆實業有限公司,臺中市大里區永隆里東明路471號1樓,1280000,1110412
6599,54602774,綋凌有限公司,臺中市豐原區朴子里朴子街395巷5號1樓,2000000,1110407
6600,54603767,端謙投資有限公司,臺中市西區五權西路一段237號8樓之1,29900000,1110420
6601,54605569,立方升自動化有限公司,臺中市太平區光華里大興十三街43巷42號1樓,1000000,1110407
6602,54607047,藍德堡國際貿易有限公司,臺中市南區美村南路173巷17號,1000000,1110408
6603,54609045,同心圓投資股份有限公司,臺中市大里區大峰路579號2樓,7500000,1110419
6604,54609122,潔緁國際有限公司,臺中市南區樹德里德吉街309號2樓,2500000,1110415
6622,54633875,寶國營造股份有限公司,臺中市西區臺灣大道一段728號十樓,4000000,1110421
6716,54739526,尚詮人力資源管理顧問有限公司,臺中市大甲區甲后路五段273號2樓,5000000,1110413
6717,54742640,雷星光束股份有限公司,臺中市南屯區精科東路9號,1670000,1110426
6719,54743394,上利精密工業有限公司,臺中市神岡區神洲路458巷22號,1000000,1110401
6720,54743514,瑞源商號股份有限公司,臺中市神岡區社口里中山路928號2樓,1776864220,1110428
6721,54743866,騰騰立體動力有限公司,臺中市西屯區大墩十八街183號2樓之2,4000000,1110411
6722,54746195,歐木有限公司,臺中市南屯區大墩十六街15號7樓,500000,1110401
6723,54747005,睿泰工程顧問有限公司,臺中市西區大忠里五權西路一段257號13樓之2,10000000,1110419
6726,54751801,吉臨展業有限公司,臺中市梧棲區港埠路一段501號1樓,24000000,1110419
6728,54752920,鼎懿國際事業股份有限公司,臺中市南屯區豐樂里永春東路801巷10號3樓,20000,1110411
6729,54754666,旭誠帷幕工程有限公司,臺中市西區篤行路162巷19號1樓,5000000,1110408
6730,54756073,居益管理顧問有限公司,臺中市西屯區重慶路163號,1000000,1110419
6731,54756101,致真科技股份有限公司,臺中市南屯區文心路一段218號13樓之2,50907500,1110421
6732,54756192,虔園生技有限公司,臺中市北屯區興安路二段55號8樓,250000,1110419
6733,54759748,邑品成有限公司,臺中市北屯區松安里崇德六路一段30巷106號1樓,500000,1110419
6734,54761821,泓達模型科技有限公司,臺中市烏日區螺潭里太明路成豐巷163-26號,4000000,1110406
6735,54763406,永鮮食品有限公司,臺中市太平區新興里新興路46號13樓之1,3000000,1110408
6736,54764361,育坤堂開發工程有限公司,臺中市神岡區豐洲里東洲路79巷39弄6號1樓,500000,1110426
6737,54765039,歐斯卡亞太有限公司,臺中市西屯區河南路一段99號3樓,3000000,1110422
6738,54767748,瑞程精密科技有限公司,臺中市外埔區重光路37之2號2樓,1000000,1110426
6739,54767796,涵景生技股份有限公司,臺中市烏日區五光路1000巷17號1樓,2000000,1110421
6800,54839406,銘宇科技有限公司,臺中市北屯區同榮路130巷26號1樓,500000,1110407
6835,54883541,台灣佩瑟芬美容國際股份有限公司,臺中市南區國光里建成路1095巷3號7樓之1,3000000,1110414
6836,54883606,鐸鏵科技有限公司,臺中市太平區育仁路156號1樓,2000000,1110421
6837,54884176,極緻空間設計有限公司,臺中市北屯區廍子里太和東街136號11樓之5,500000,1110429
6839,54884648,巨光科技資訊有限公司,臺中市南屯區新生里新富二街13號1樓,1000000,1110414
6840,54885858,存在美學顧問有限公司,臺中市南屯區大業里公益路二段51號9樓,3000000,1110413
6841,54885920,威信精密工業有限公司,臺中市神岡區神洲里豐洲路758巷67號,3000000,1110411
6842,54887005,正勛有限公司,臺中市霧峰區中正路597號,28000000,1110413
6843,54887808,協承集成股份有限公司,臺中市中區光復里成功路238之1之20號1樓,22000000,1110414
6844,54887878,聯得金屬工業有限公司,臺中市大里區東昇里新仁路二段25之7號1樓,7000000,1110401
6845,54888503,真實國際有限公司,臺中市西區昇平里中興街47號1樓,10000000,1110414
6846,54888567,咏辰有限公司,臺中市西屯區永安里國安一路133號18樓之8,1000000,1110427
6847,54889117,築人間建設股份有限公司,臺中市西屯區潮洋里市政北二路282號15樓之6,2000000,1110401
6849,54890613,太元有限公司,臺中市大雅區民富街102號1樓,2400000,1110419
6851,54892909,裕盛貿易有限公司,臺中市東區東橋里建智街102之1號4樓,1000000,1110406
6852,54893301,圓圓猿餐飲有限公司,臺中市大里區國光里大里路118、120號,5000000,1110420
6853,54895666,金丞投資有限公司,臺中市西屯區市政路28號29樓之2,445943000,1110401
6854,54898544,巨人啤酒釀造有限公司,臺中市豐原區翁子里豐東路569號1樓,1250000,1110413
6855,54899683,默谷室內裝修設計工程有限公司,臺中市南屯區大同里大墩七街92號8樓之2,500000,1110426
6856,54899831,大王映画有限公司,臺中市太平區光華里長安路302號1樓,1000000,1110425
6857,54900154,和民科技有限公司,臺中市西屯區上石里青海路二段270號14樓之2,500000,1110427
6858,54902499,和固營造有限公司,臺中市潭子區栗林里民生街174巷35弄23號1樓,23000000,1110415
6859,54902717,沛麋股份有限公司,臺中市西屯區協和里工業區三十四路1號1樓,1000000,1110407
6860,54907939,鼎京工程有限公司,臺中市大里區立德里甲園街142號1樓,500000,1110415
6942,54976528,慈樹萬仁生物科技股份有限公司,臺中市北屯區北屯路388之11號,3000000,1110421
6946,54977809,香港商日本脈衝有限公司,臺中市西區自由路一段101號6樓之6,1200000,1110426
6975,54999487,旺宏工程顧問股份有限公司,臺中市南區福順里忠明南路789號38樓之2,3000000,1110422
6985,55173645,弦震企業股份有限公司,臺中市神岡區三社路209巷26號,56000000,1110408
6995,55336845,台灣佳能股份有限公司,臺中市潭子區建國路18號,800000000,1110411
7006,55644218,溪泉電器股份有限公司,臺中市西屯區協和里工業區八路19號,90000000,1110426
7007,55645526,勝源機械股份有限公司,臺中市大肚區沙田路一段662巷20號,138000000,1110401
7014,55657016,保得士光學股份有限公司,臺中市潭子區南二路28號,50000000,1110411
7016,55664585,鎮江機器廠股份有限公司,臺中市豐原區三村里合作街69號,30000000,1110422
7017,55667231,桂益企業股份有限公司,臺中市豐原區西平街36號,5000000,1110407
7019,55667979,正三豐機器工業股份有限公司,臺中市潭子區栗林里中山路三段179號,18000000,1110421
7024,55678390,谷盺生物科技股份有限公司,臺中市北區頂厝里崇德路一段631號17樓之1,4000000,1110412
7026,55680591,巨業交通股份有限公司,臺中市沙鹿區臺灣大道七段950號,100000000,1110411
7035,55701499,宇一股份有限公司,臺中市清水區西社里海濱路37之21號,5000000,1110419
7040,55718787,偉新紙器工業有限公司,臺中市大甲區新美里永順街15號,1200000,1110406
7055,55749439,盛財工業股份有限公司,臺中市太平區太平里永平路三段159號,10000000,1110422
7079,55823205,國盟電機有限公司,臺中市豐原區鐮村路465巷110之11號1樓,5000000,1110418
7080,55825457,吉凱企業股份有限公司,臺中市潭子區栗林里中山路三段493巷7號,40000000,1110414
7097,55851102,利銓工業有限公司,臺中市潭子區中山路三段493巷2號,6000000,1110411
7098,55851314,金口金屬股份有限公司,臺中市神岡區庄後里厚生路57號,160000000,1110407
7109,55877264,名山工業股份有限公司,臺中市霧峰區五福里五福路138號1樓,60000000,1110421
7117,55888065,嘉德通運有限公司,臺中市南區文心南路888號四樓之二十二,25000000,1110408
7133,55951587,光星骨科復健器材股份有限公司,臺中市神岡區溪洲里豐洲路1096號,362100000,1110426
7134,55954206,珈岳有限公司,臺中市北區金華里三民路三段266號6樓之5,1000000,1110419
7136,55962347,源潤豐鑄造股份有限公司,臺中市神岡區新庄里溪頭路326號,220000000,1110420
7138,55971583,宏名鑄造廠股份有限公司,臺中市潭子區栗林里中山路三段287巷9弄154號,80000000,1110421
7143,55991080,矽品精密工業股份有限公司,臺中市潭子區大豐里大豐路3段123號,36517488780,1110427
7144,55991201,力錩機械股份有限公司,臺中市豐原區鎌村路465巷34號,80000000,1110421
7147,56002557,久大化工廠股份有限公司,臺中市大甲區頂店里中山路一段1158巷5之6號,20000000,1110414
7148,56018306,大晃實業股份有限公司,臺中市清水區北寧里中山路308之1號,16000000,1110426
7149,56053339,慶恩實業有限公司,臺中市中區自由路二段12號8樓之6,1000000,1110428
7152,56227009,清水紡織印染股份有限公司,臺中市清水區西寧里五權東路61號1樓,57570000,1110425
7157,56603257,華簇建設有限公司,臺中市神岡區豐洲里豐洲路10號1樓,15000000,1110420
7172,56633267,新陸豐電機工廠股份有限公司,臺中市龍井區忠和里臨港路二段52號,6000000,1110418
7173,56633576,天承鷹架有限公司,臺中市南屯區新富路308號10樓之3,3000000,1110406
7174,56634300,吉信織造廠股份有限公司,臺中市梧棲區福德里中央路二段266號,25500000,1110418
7180,56652329,協舜食品有限公司,臺中市西屯區何南里東興路3段395號1樓,12000000,1110411
7181,56653896,利肯化工實業有限公司,臺中市大甲區大安港路141之5號,48000000,1110425
7183,56654500,今國光學工業股份有限公司,臺中市梧棲區向上路9段562巷91號,1742286310,1110421
7199,56805227,銘建精機股份有限公司,臺中市大雅區四德里中山八路85號,28000000,1110401
7208,57007307,三明塑膠股份有限公司,臺中市大里區中興路一段26巷8號,28000000,1110414
7210,57033380,正忠電機工廠股份有限公司,臺中市太平區太平路648號,28000000,1110406
7214,57197398,台麒工業股份有限公司,臺中市大里區東湖里東湖路75號,1000000,1110415
7277,59135139,環湖貨運股份有限公司,臺中市南屯區文心里向上南路一段294號1樓,24000000,1110421
7301,59204682,晉邦科技有限公司,臺中市北區頂厝里進化北路238號10樓之3,3000000,1110412
7360,59342616,鏗能股份有限公司,臺中市大肚區頂街里沙田路三段245巷75號,7500000,1110418
7378,60200755,舞夏室內裝修設計股份有限公司,臺中市西區中興街199號4樓之2,2000000,1110407
7379,60201678,優個兒股份有限公司,臺中市西屯區潮洋里市政北二路282號15樓之6,1000000,1110401
7380,60203444,良路設計有限公司,臺中市西屯區逢甲里崇義街8號1樓,3000000,1110425
7381,60204627,德富開發有限公司,臺中市西屯區潮洋里龍門一街168號1樓,20000000,1110413
7383,60217067,大牛工程有限公司,臺中市烏日區仁德里弘德街56號1樓,500000,1110401
7384,60217432,勝森國際貿易有限公司,臺中市南屯區同心里文心路一段186號14樓之8,10000000,1110412
7385,60220794,卡司創意有限公司,臺中市西區吉龍里五權西四街110號,2380000,1110411
7386,60221180,文礦資訊科技有限公司,臺中市梧棲區福德里6鄰忠孝街125號1樓,500000,1110421
7388,60242122,山果股份有限公司,臺中市西屯區臺灣大道三段660號9樓之1,37000000,1110411
7389,60242875,榮科有限公司,臺中市大雅區神林南路197巷9號1樓,1700000,1110421
7390,60245887,欣弘機械有限公司,臺中市烏日區五光路五堂巷13之6號1樓,4000000,1110415
7391,60247626,鴻鑫企業有限公司,臺中市神岡區北庄里中山路1010巷6號1樓,1000000,1110408
7394,60256552,鼎郡股份有限公司,臺中市南區復興路二段106號12樓之1,8000000,1110427
7396,60265476,坤英農產有限公司,臺中市南屯區大興里南屯路二段162巷27號1樓,500000,1110426
7397,60266756,榮宣工程有限公司,臺中市南屯區田心里大墩四街321號地下一層,200000,1110412
7399,60269661,上陞欣業股份有限公司,臺中市北區建德里國強街113號1樓,3400000,1110426
7400,60271245,鼎鉅金屬工程股份有限公司,臺中市大雅區上山路251之2號,4000000,1110414
7401,60271553,神傳國際通信有限公司,臺中市西區忠誠里大隆路20號7樓之2,6000000,1110415
7402,60274720,長聖國際生技股份有限公司,臺中市大雅區科雅路30號4樓,618980000,1110422
7403,60276065,承恩營造有限公司,臺中市大雅區員林里大雅路272巷14號1樓,12000000,1110408
7405,60281953,一十千禾有限公司,臺中市烏日區烏日里民生八街22號,2000000,1110406
7406,60283214,臺中捷運股份有限公司,臺中市北屯區舊社里5鄰松竹路1段1000號,2800000000,1110408
7407,60284419,康偲生物科技有限公司,臺中市大里區仁德里仁禮街3號,5000000,1110401
7408,60286556,百歐精準生物醫學股份有限公司,臺中市南屯區永定里益豐路三段359號5樓,72710000,1110406
7409,60291474,彰海企業有限公司,臺中市南屯區文心南三路160號2樓,1500000,1110414
7410,60302649,新佳和通運有限公司,臺中市神岡區岸裡里大裡街31號1樓,29800000,1110408
7411,60302900,寶睿地產股份有限公司,臺中市西區民權路219號12樓,80644030,1110421
7413,60312724,一家人健康科技股份有限公司,臺中市北區進化北路353號,5100000,1110427
7414,60313245,博鴿股份有限公司,臺中市龍井區東海里臺灣大道五段270號1樓,4000000,1110406
7415,60315721,薩伯斯有限公司,臺中市石岡區萬興里萬華街12號1樓,500000,1110414
7418,60356861,逸奔科技有限公司,臺中市北屯區平興里遼寧路一段167號,12000000,1110418
7419,60369866,黎佳股份有限公司,臺中市北屯區昌平路一段400號9樓之2,1000000,1110429
7420,60376141,護康科學有限公司,臺中市梧棲區福德里忠義路97號1樓,1000000,1110414
7421,60377768,沐牧商品有限公司,臺中市西屯區朝富路213號7樓之3,6000000,1110420
7422,60379359,中宬生命禮儀有限公司,臺中市南區忠孝路57巷6號,990000,1110401
7423,60380428,宥升企業有限公司,臺中市北屯區平安里文心路四段698號12樓之1,500000,1110420
7424,60390474,幅興企業有限公司,臺中市東區泉源里樂業路67巷42號1樓,300000,1110406
7425,60426607,圓榮有限公司,臺中市西區忠誠里公益路174巷64號2樓,1000000,1110427
7426,60478203,黎明生技有限公司,臺中市北屯區和平里30鄰和祥七街79號1樓,1000000,1110429
7427,60517803,道勤工程顧問有限公司,臺中市南屯區東興路二段243號6樓,5500000,1110420
7428,60527909,美利食材有限公司,臺中市西屯區協和里工業區31路17號1樓,500000,1110428
7429,60553309,治緯不動產經紀有限公司,臺中市西屯區何明里漢口路一段48號1樓,500000,1110419
7430,60591009,宏柏國際投資股份有限公司,臺中市西屯區福中里福中十六街5巷32號1樓,12500000,1110411
7431,60593409,新澄室內裝修設計股份有限公司,臺中市龍井區東海里藝術南街42號,1000000,1110427
7432,60596010,竣達國際企業有限公司,臺中市北屯區崇德路二段128號8樓之3,10000000,1110418
7433,60620601,沏禾舞茶餐飲管理顧問有限公司,臺中市南屯區河南路四段435號,1000000,1110418
7434,60738405,昶青實業股份有限公司,臺中市大里區四育街24號,27000000,1110420
7435,60768603,經倫有限公司,臺中市后里區墩南里三豐路三段171號,11890000,1110413
7436,61129302,奕晶國際行銷股份有限公司,臺中市太平區廣三街63號2樓,1000000,1110406
7437,61205048,夏熙整合行銷有限公司,臺中市北屯區松茂里松竹路二段133號1樓,700000,1110411
7438,61257447,盛億應用科技有限公司,臺中市龍井區忠和里工業路177巷1號,6000000,1110411
7439,61263118,杰銳國際有限公司,臺中市西屯區市政路500號28樓之8,5200000,1110406
7440,61403504,天天禧有限公司,臺中市西屯區福雅路461號,2000000,1110412
7441,61418302,逗兔科技有限公司,臺中市南屯區干城街216巷14號2樓,1000000,1110411
7442,61425227,承璽國際有限公司,臺中市南屯區大墩十一街455號2樓,1000000,1110419
7443,61427506,鑫悅地產開發股份有限公司,臺中市南屯區大同里大墩五街13號1樓,10000000,1110408
7444,61762965,精璽投資股份有限公司,臺中市南屯區大墩路38號,476000000,1110407
7445,61763850,精恆碩投資股份有限公司,臺中市南屯區大墩路38號,472000000,1110408
7446,61766723,宇納科技有限公司,臺中市后里區義德里甲后路一段456巷16弄2號,15100000,1110425
7447,61767053,日太福有限公司,臺中市西屯區西安里光明路52之38號2樓,500000,1110408
7448,61768031,和道屋實業股份有限公司,臺中市北區健行路766巷2號,21427530,1110426
7449,61778951,虎三同餐飲股份有限公司,臺中市西屯區潮洋里市政北二路282號29樓,50000000,1110420
7450,61779500,冠宇製模工業有限公司,臺中市北屯區和平里東山路一段384巷116號1樓,500000,1110406
7452,61788873,茶迷餐飲有限公司,臺中市西區美村路一段723號1樓,500000,1110408
7453,61806350,智盈科技有限公司,臺中市潭子區大豐里潭富路二段161巷1弄22號1樓,600000,1110427
7454,61809363,慶懋實業有限公司,臺中市南屯區大墩路523號15樓,5000000,1110411
7455,61809791,清波系統傢俱有限公司,臺中市大甲區文武里八德街80巷8號1樓,1000000,1110420
7456,61816110,科基科技有限公司,臺中市烏日區仁德里中山路一段327號1樓,250000,1110412
7457,61818449,十禾鑫事業有限公司,臺中市西屯區天水西一街12號,2000000,1110422
7458,61819881,博鑫投資有限公司,臺中市西屯區市政路28號29樓之2,41955000,1110414
7459,61823554,天勤行國際有限公司,臺中市東勢區中寧里公園路34號1樓,15000000,1110408
7460,61832940,玖和雜糧有限公司,臺中市西屯區中清西二街89號1樓,800000,1110420
7461,61835209,儷琪開發股份有限公司,臺中市北區健行里中清路一段365號1樓,6000000,1110418
7463,61840012,群家實業有限公司,臺中市東區東英里東英路488號1樓,300000,1110407
7466,61845277,易立建設股份有限公司,臺中市西屯區福中里12鄰福中三街1號1樓,5000000,1110406
7467,61846607,群益國際企業有限公司,臺中市霧峰區峰堤路661號,28000000,1110425
7468,61848366,肚府有限公司,臺中市西屯區市政路604巷12號1樓,1500000,1110418
7469,61856323,翔儷國際貿易有限公司,臺中市中區綠川里民族路23號3樓之2,360000,1110421
7470,61864533,冠銓鍛造工業股份有限公司,臺中市大甲區青年路115之1號,74490000,1110415
7471,61865060,中凌投資股份有限公司,臺中市西屯區龍潭里市政南一路335號1樓,100000000,1110427
7473,61869045,誠有信有限公司,臺中市北屯區昌平路一段95之8號5樓之2,5000000,1110428
7474,61900138,東菱實業有限公司,臺中市潭子區人和路37巷34號1樓,2000000,1110418
7475,61901116,澄逸室內裝修設計工程有限公司,臺中市大甲區光明路146號2樓,2500000,1110414
7476,61901615,美律開發有限公司,臺中市清水區橋頭里鎮新路66巷1弄35號1樓,1000000,1110422
7477,61911331,萬寶行銷顧問有限公司,臺中市北屯區三光里北屯路289之2號1樓,1000000,1110418
7478,61916862,泰和建設有限公司,臺中市南屯區文心南三路1111巷31號1樓,12000000,1110408
7480,61922766,綠馨不動產開發有限公司,臺中市豐原區南村里豐原大道五段88號1樓,12000000,1110411
7481,61927397,順億建設開發有限公司,臺中市霧峰區新生路18號1樓,5000000,1110421
7482,61929923,藝時代股份有限公司,臺中市西屯區潮洋里市政北二路282號22樓之6,20000000,1110411
7484,61938731,洋景國際有限公司,臺中市大肚區遊園路一段150巷125之2號,500000,1110406
7485,61938991,睿森實業有限公司,臺中市北屯區水景里景賢南二路13號5樓之2,2000000,1110415
7487,61945711,菘梁森林系有限公司,臺中市大雅區橫山里振興二路90號1樓,1000000,1110426
7488,61945971,鈜薪管理顧問有限公司,臺中市南屯區大業路241號3樓之1,3000000,1110415
7489,61949441,緣點股份有限公司,臺中市東區大公街29號,15000000,1110427
7490,61950278,泓成投資股份有限公司,臺中市沙鹿區自強路175巷110弄11號3樓,100000000,1110418
7494,61958784,龍昇資產股份有限公司,臺中市太平區光華里長安東路52號2樓,24940000,1110407
7496,62072192,日金電子有限公司,臺中市北屯區后庄里后庄七街1之3號1樓,300000,1110408
7497,62150422,永懋精密有限公司,臺中市梧棲區臨港路二段200巷9號,1500000,1110413
7498,62193908,北喬精密工業有限公司,臺中市神岡區中山路851巷37弄18號,1000000,1110418
7500,62541322,築齊建設開發有限公司,臺中市北屯區文心路四段955號10樓之6,2000000,1110419
7502,62550308,德士國際汽車有限公司,臺中市北屯區中清路二段970號,4700000,1110401
7503,63023207,名陽園藝有限公司,臺中市南區忠明南路758號17樓,300000,1110426
7504,63035604,統盛土地開發有限公司,臺中市大雅區四德里中清路三段870號3樓,450000,1110401
7505,63052271,得沛有限公司,臺中市烏日區溪埧里環中路八段839巷7號1樓,5000000,1110418
7506,63107424,萬事達創有限公司,臺中市西區公德里精誠二十二街33號3樓,1000000,1110420
7508,63127420,好命滾雪球有限公司,臺中市西屯區大河里河南路二段40之18號,8000000,1110413
7512,63305661,呈雙郡有限公司,臺中市南屯區益豐路四段688號,500000,1110411
7513,63372372,良美興股份有限公司,臺中市西屯區潮洋里朝富路213號24樓之2,75000000,1110419
7514,63397090,昂逢企業有限公司,臺中市北區頂厝里崇德路一段579號4樓之3,150000,1110419
7515,63621908,迪力數位科技有限公司,臺中市潭子區福仁里2鄰新興路一段82巷10弄3號,200000,1110419
7516,63751107,禾雅科技材料有限公司,臺中市太平區東村三街23巷20號1樓,530000,1110406
7517,63892606,崴群投資股份有限公司,臺中市南屯區干城街328號4樓之1,10000000,1110418
7518,63906756,宸豐事業有限公司,臺中市北區文莊里中清路一段89號15樓之2,10000000,1110418
7519,64158603,晶展有限公司,臺中市烏日區三和里高鐵六路7號7樓,10000000,1110418
7520,64162206,錸運建設有限公司,臺中市清水區南社里忠孝路140巷3之1號1樓,10000000,1110426
7522,64217700,金之園股份有限公司,臺中市中區成功路174號1樓,1500000,1110426
7542,64879829,捷睿企業管理顧問有限公司,臺中市西屯區文心路三段241號6樓之5,3000000,1110420
7559,64935435,太子貨運企業股份有限公司,臺中市梧棲區臺灣大道九段140號,35000000,1110401
7630,66452617,東海醱酵工業股份有限公司,臺中市沙鹿區鹿寮里錦華街17號,119920000,1110426
7654,66531887,中榮手套有限公司,臺中市后里區太平里太平路30號,500000,1110422
7692,66802902,陶瑟國際有限公司,臺中市北屯區文心路四段750號地下室之1及752號地下室,300000,1110414
7716,68461253,德技精密有限公司,臺中市潭子區栗林里中山路三段501號,1000000,1110428
7824,69687666,龍興國際貿易股份有限公司,臺中市西區大忠里忠明南路270號7樓之1,2000000,1110428
7915,70486126,住茂建設股份有限公司,臺中市梧棲區頂寮里八德路98巷16號1樓,25000000,1110425
7919,70498734,開顏有限公司,臺中市北屯區旅順路一段82之1號1樓,1000000,1110429
7923,70500859,辰世實業有限公司,臺中市西屯區寧夏路190號一樓,5000000,1110422
7924,70501196,大京國際股份有限公司,臺中市西屯區惠來里市政北一路77號13樓之8,12000000,1110425
7970,70599249,葳士國際企業股份有限公司,臺中市清水區西寧里西寧路１５１號,10000000,1110411
7978,70611898,元達喜企業有限公司,臺中市大肚區社腳里沙田路一段854巷50之31號,15000000,1110411
7980,70621381,詠琪機械工業有限公司,臺中市烏日區溪尾里溪岸路24之2號1樓,5000000,1110427
7986,70630500,穎聖工程有限公司,臺中市東區尚武路20號1樓,1000000,1110418
7987,70634409,紀氏源豐企業股份有限公司,臺中市龍井區三德里中央路二段233號,160000000,1110412
7988,70640248,特品國際股份有限公司,臺中市北區雙十路二段57號1樓,40000000,1110401
7993,70651700,集合保全股份有限公司,臺中市北區明新里中清路一段447號14樓之5,40000000,1110414
8002,70678588,三翎櫥窗設計有限公司,臺中市北屯區三甲路496之2號,4300000,1110427
8005,70682491,竣豐營造工程有限公司,臺中市沙鹿區福興里東晉一街67巷10號1樓,12000000,1110419
8010,70692364,雅豐營建事業股份有限公司,臺中市神岡區文昌街369號1樓,6000000,1110420
8018,70697332,惠特科技股份有限公司,臺中市西屯區協和里工業區35路3號1樓,730578240,1110418
8023,70716231,鑫龍鋼鐵股份有限公司,臺中市清水區橋頭里五權路78號1樓,50000000,1110426
8027,70720755,壹群實業股份有限公司,臺中市西屯區工業區四十路53號,30000000,1110427
8069,70835790,天福運通國際有限公司,臺中市西屯區臺灣大道四段925號17樓之1,7800000,1110408
8076,70848697,銳陽光電股份有限公司,臺中市潭子區北環路15號4樓之2,68000000,1110413
8077,70848710,理盛精密科技股份有限公司,臺中市梧棲區緯二路1號,200000000,1110426
8080,70849231,台灣艾思特科技股份有限公司,臺中市潭子區建國路17-1號,38373620,1110429
8147,79955134,佑昇雷射股份有限公司,臺中市西屯區港尾里同志巷37之17號,27500000,1110426
8152,79959005,長毅機械工業有限公司,臺中市龍井區麗水里三港路田仔內巷10號,13500000,1110428
8161,79976975,樂志營造有限公司,臺中市龍井區中央路三段60號1樓,41833593,1110414
8163,79985496,拓肯興業股份有限公司,臺中市大雅區西寶里昌平路四段282北六巷15號,20000000,1110412
8165,79987924,久鐶企業股份有限公司,臺中市太平區太平里永豐路273-1號2樓,3000000,1110407
8172,79997113,台龍科技有限公司,臺中市北區賴旺里文心路四段182號地下一層之1,5000000,1110411
8174,79998099,金特利清潔科技有限公司,臺中市南區光輝一街81號1樓,12000000,1110408
8178,80007201,巨蓁實業有限公司,臺中市大甲區南北四路130號,500000,1110418
8188,80026312,台灣日東光學股份有限公司,臺中市大雅區科雅西路7號,568003000,1110429
8194,80041329,順得科技有限公司,臺中市南屯區黎明路二段302號5樓之6,1000000,1110421
8197,80046437,三源興股份有限公司,臺中市大里區仁化工二路135號,82500000,1110411
8198,80046859,橙慶興業股份有限公司,臺中市西區公德里大忠街35號12樓之1,4800000,1110413
8204,80055836,聖杰國際股份有限公司,臺中市大雅區民生路三段158號,220400000,1110419
8209,80069304,鉅鎧塑膠有限公司,臺中市龍井區忠和里台西南路220巷16號,26000000,1110422
8210,80070273,和順利汽車股份有限公司,臺中市南屯區五權西路二段589號,130000000,1110420
8215,80076065,昕勇企業有限公司,臺中市神岡區社南里中山路851巷43號,500000,1110419
8220,80084109,岱崧塑膠股份有限公司,臺中市龍井區忠和里海尾路278巷37號1樓,1000000,1110419
8222,80088837,維勝特企業股份有限公司,臺中市梧棲區緯六路十八號,55000000,1110427
8239,80118023,薰衣草森林股份有限公司,臺中市西屯區潮洋里朝富路232號2樓,50530000,1110413
8297,80225184,詠承鋼鐵股份有限公司,臺中市東區東門里振興路174號1樓,20000000,1110406
8301,80240571,海博威企業有限公司,臺中市西區大隆路20號5樓之3,6000000,1110408
8303,80244210,富豪金世界有限公司,臺中市西屯區惠來里河南路三段109號1樓之1之2之3、2樓之1之2之3,1000000,1110411
8304,80247954,呏興企業有限公司,臺中市大里區樹王里樹王路100號1樓,500000,1110419
8337,80310225,華廣生技股份有限公司,臺中市南區大慶街二段100號,622887940,1110420
8343,80318021,天衛資產管理股份有限公司,臺中市西區大隆路20號4樓之5,60000000,1110414
8377,80405088,協辰電信股份有限公司,臺中市南屯區文心路一段378號5樓之11,5000000,1110421
8383,80415430,豐邦科技有限公司,臺中市南屯區三厝里河南路四段502號4樓,2000000,1110422
8389,80426112,千甲聚頤餐飲事業有限公司,臺中市豐原區翁明里水源路745號1樓,10000000,1110427
8391,80427273,永智顧問股份有限公司,臺中市大里區東湖里科技路3號10樓之7,25000000,1110406
8395,80434416,曜陞機械有限公司,臺中市太平區光興路1120號,8000000,1110418
8398,80440183,總展工業股份有限公司,臺中市豐原區南嵩里水源路115巷68弄20號,20000,1110421
8402,80441752,活力純淨水有限公司,臺中市南區樹義里樹義6巷6之2號1樓,4500000,1110401
8406,80445912,惟薪景觀設計工程有限公司,臺中市南屯區向心里南屯路二段205號3樓,3000000,1110414
8414,80466232,億鑫真空蒸著股份有限公司,臺中市大雅區上楓里前村路101號,2000000,1110401
8419,80475393,尚圓廣告有限公司,臺中市北屯區平心里昌平路一段95之8號5樓之2,1000000,1110421
8421,80478498,吉發科技股份有限公司,臺中市西屯區文心路二段201號15樓之2,15000000,1110419
8422,80483703,內間設計有限公司,臺中市南屯區永定里黎明路二段71巷15號1樓,1000000,1110427
8435,80518695,嘉之丞國際事業有限公司,臺中市神岡區社口里文昌街320巷5弄37號,500000,1110401
8442,80526371,亞諾士物流有限公司,臺中市大里區金城里塗城路862號1樓,5000000,1110420
8461,80557417,睿鼎精密有限公司,臺中市南屯區鎮平里新鎮和路522之1號,2000000,1110406
8463,80559392,宇眾國際有限公司,臺中市西屯區龍門一街230號1樓,10000000,1110425
8465,80564450,易圖科技股份有限公司,臺中市西屯區何成里大墩十八街195號3樓之1,7000000,1110426
8466,80564515,銘珈實業有限公司,臺中市神岡區社口里社口街42巷28號,5000000,1110421
8480,80587756,綠鳥貿易有限公司,臺中市東區十甲東路658號1樓,15000000,1110425
8487,80597895,麗澤鋁業股份有限公司,臺中市潭子區福仁里福潭路63號,36000000,1110426
8490,80600224,鍵盛股份有限公司,臺中市南屯區黎明東街197號2樓之1,700000,1110414
8492,80603904,佑林國際實業有限公司,臺中市南屯區龍富路三段658號,5500000,1110412
8498,80612191,金祿生技股份有限公司,臺中市南區大慶街二段49之20號3樓,10000000,1110412
8506,80630043,盛民興有限公司,臺中市西屯區何德里甘州五街37號1樓,500000,1110421
8555,80718217,日榮興實業有限公司,臺中市豐原區南村里水源路258巷7弄17號1樓,20000000,1110421
8560,80730866,敦富開發股份有限公司,臺中市南屯區豐樂里永平路409號1樓,30180000,1110413
8565,80740055,台新建材股份有限公司,臺中市西屯區朝富路213號23樓之9,11000000,1110401
8566,80740127,愛倍多國際股份有限公司,臺中市北屯區軍福十一路515號1樓,12000000,1110422
8567,80745328,維興企業有限公司,臺中市大雅區橫山里中山三路72號,10000000,1110406
8587,82764216,奕安居室內裝修工程有限公司,臺中市豐原區豐圳里成功路635巷38號1樓,1200000,1110420
8588,82765361,潞樂有限公司,臺中市烏日區建國路375號1樓,500000,1110420
8589,82765518,圓點聯合設計製作有限公司,臺中市神岡區大社里大漢街31巷16弄1號7樓,20000,1110411
8590,82765593,說圖科技股份有限公司,臺中市北屯區平陽里大連路一段381號2樓,2000000,1110415
8591,82766185,海碩國際科技股份有限公司,臺中市大里區東湖里東南路15之1號,20000000,1110425
8592,82766283,國淞資源再生有限公司,臺中市大雅區忠義里月祥路245巷7號1樓,1000000,1110414
8601,82769520,全虹製片事業有限公司,臺中市南屯區豐樂里萬安街52之6號1樓,15000000,1110427
8602,82770174,竣茂股份有限公司,臺中市西屯區市政北七路98號20樓之1,62000000,1110406
8603,82770478,嵩贊企業有限公司,臺中市烏日區東園里溪南路一段680巷586弄37號1樓,360000,1110414
8605,82771743,裕田開發股份有限公司,臺中市西屯區工業區九路10號1樓,159650000,1110420
8613,82775781,引思特國際教育顧問股份有限公司,臺中市北屯區平德里文昌二街2巷12號11樓,200000,1110419
8614,82776395,富吉食饌股份有限公司,臺中市北屯區北屯路298巷41號2樓,2250000,1110407
8615,82777697,富來得股份有限公司,臺中市南屯區向心里永春東路688號1樓,11720000,1110426
8616,82777893,與誠科技股份有限公司,臺中市烏日區三和里三榮六路35號,50000000,1110418
8618,82779999,廣香公益股份有限公司,臺中市南屯區公益路二段20號,490000,1110408
8621,82782713,偟昇有限公司,臺中市豐原區南田里富陽路235巷226弄9號1樓,100000,1110401
8622,82782798,義軒實業有限公司,臺中市神岡區社南里中山路275號1樓,100000,1110401
8623,82783142,慕義地產有限公司,臺中市西屯區東興路三段392號2樓,4000000,1110415
8624,82783240,立竿見影時間文化有限公司,臺中市西區中興里公益路155巷102號2樓,18000000,1110426
8625,82784775,萬怡健康生技有限公司,臺中市北區長青里陝西東一街18號2樓之1,10000000,1110414
8627,82786078,隆全盛科技有限公司,臺中市潭子區頭家東里中興北路66號1樓,500000,1110419
8628,82786611,億楷有限公司,臺中市南區和平里忠明南路758號11樓,1000000,1110422
8632,82789912,忠瀚建設股份有限公司,臺中市沙鹿區鹿寮里光榮街83巷10號1樓,20000000,1110425
8633,82791311,暄陽環保實業股份有限公司,臺中市西區民龍里大和路24號8樓,5000000,1110421
8637,82794653,冠群租車有限公司,臺中市南屯區新生里環中路四段99號,6000000,1110408
8651,82803962,博士昌有限公司,臺中市西屯區西墩里黎明路三段210號2樓,5000000,1110411
8652,82804060,啟德投資事業有限公司,臺中市清水區武鹿里五權路448巷15號,5000000,1110422
8653,82804478,和生寶有限公司,臺中市西屯區福中九街13巷5號1樓,40000,1110421
8654,82804857,昌霖建設開發有限公司,臺中市太平區中和街296巷2號1樓,50000000,1110420
8655,82805883,南邑有限公司,臺中市石岡區九房里豐勢路山下巷3之33號1樓,2000000,1110426
8656,82806285,品山建設股份有限公司,臺中市南屯區大墩十一街338號2樓之1,10000000,1110425
8677,82813429,雷揚盛科技有限公司,臺中市西屯區寶慶街50巷17號7樓之12,500000,1110406
8688,82819253,伊格公寓大廈管理維護股份有限公司,臺中市西屯區臺灣大道二段910號9樓之1,17800000,1110415
8690,82820006,富宸企業有限公司,臺中市大里區工業路35巷92號,5000000,1110413
8691,82821194,嘉緯股份有限公司,臺中市太平區新興里新安街68巷20號1樓,8000000,1110406
8694,82824951,信昱工程企業有限公司,臺中市北屯區同榮路372巷28號,1000000,1110407
8695,82825305,正新芳產業有限公司,臺中市豐原區頂街里和平街16號,502000,1110401
8696,82825311,沐禾企業有限公司,臺中市太平區廣三街63號1樓,800000,1110401
8705,82831539,九兆國際事業有限公司,臺中市西屯區福雅路461號,500000,1110413
8706,82831714,方尚元投資股份有限公司,臺中市太平區中興里永平路二段42號,10000000,1110413
8707,82832024,安珍坊有限公司,臺中市后里區義里里內東路359號1樓,2000000,1110407
8708,82832636,城市租屋買賣有限公司,臺中市西屯區重慶路163號,4000000,1110411
8725,82839835,貝里數位有限公司,臺中市南屯區同心里文心路一段186號20樓,1000000,1110408
8726,82841987,史壯健身有限公司,臺中市北區陝西路47號,2100000,1110407
8727,82842297,鴻昇裝卸倉儲有限公司,臺中市北屯區后庄里后庄七街308巷22號,500000,1110426
8733,82845816,群昌國際企業有限公司,臺中市霧峰區四德里四德路495之1號,35600000,1110412
8734,82846152,統富不動產經紀有限公司,臺中市北屯區仁美里崇德路三段705號1樓,3000000,1110406
8755,82857571,信御企業有限公司,臺中市北屯區興安路二段81號7樓,3000000,1110413
8756,82859542,豐陞科技股份有限公司,臺中市北區建德里國強街113號1樓,2326000,1110421
8757,82859819,羚煜科技股份有限公司,臺中市西屯區福康路83號1樓,1620000,1110418
8758,82860689,茖徠爾國際股份有限公司,臺中市西區民龍里臺灣大道二段218號3樓,15000000,1110412
8759,82861792,米亞鹿科技有限公司,臺中市南區工學二街209號8樓,50000,1110414
8786,82875487,龍璽國際投資有限公司,臺中市北屯區和平里和祥街208號,4000000,1110414
8826,82894843,晴揚工業有限公司,臺中市烏日區中山路三段登寺巷70號,3000000,1110408
8828,82895630,鼎盛科技有限公司,臺中市太平區大興五街48巷5號1樓,300000,1110427
8843,82903483,萬那杜商最德意全球有限公司,臺中市西屯區市政北二路282號18樓之6,0,1110419
8845,82904645,伯熱音悅娛樂有限公司,臺中市南屯區三義里大業路565號8樓之7,500000,1110412
8865,82914334,若森科技股份有限公司,臺中市南屯區永春路11之9號2樓,180000000,1110427
8892,82931609,金珍富工程有限公司,臺中市南屯區田心里向心路100號4樓之5,3000000,1110401
8950,82962927,建映有限公司,臺中市東區建德街282號,100000,1110407
8951,82963123,鴻祈不動產經紀有限公司,臺中市豐原區北陽里豐東路77號1樓,2000000,1110426
8952,82963411,方登綠能股份有限公司,臺中市西屯區東興路三段373號1樓,8500001,1110414
8953,82964642,睿聚科技股份有限公司,臺中市西屯區市政北一路1號2樓,12400000,1110412
8954,82964740,溢風貿易有限公司,臺中市西區臺灣大道二段307號6樓之1,2500000,1110411
8956,82969479,派樂鮮有限公司,臺中市大雅區四德里龍善一街6號,1000000,1110401
8957,82969581,瀚浩生技有限公司,臺中市南屯區春社里嶺東路59之1號,1000000,1110428
8958,82969750,寬興軌道車輛有限公司,臺中市大肚區新興里沙田路二段157號1樓,1000000,1110412
8959,83043589,席慕生技有限公司,臺中市北屯區遼陽二街31號1樓,2000000,1110428
9011,83064802,昌全數位科技有限公司,臺中市西屯區何南里大墩二十街118號5樓之1,150000,1110406
9024,83071085,夏爾藝術塗裝有限公司,臺中市太平區新坪里新平路三段246號1樓,600000,1110419
9048,83082180,幸福地生技有限公司,臺中市龍井區三德里西濱路三段53之2號,500000,1110421
9059,83087880,大鼓呆文創有限公司,臺中市大里區國光路二段706之7號,600000,1110421
9072,83091174,跨克創意有限公司,臺中市西區中興街183號4樓之1,1000000,1110406
9073,83091189,亮典工業股份有限公司,臺中市外埔區中山里大馬路238號,20000000,1110418
9074,83091575,高緁思國際有限公司,臺中市北屯區軍福十三路258號,6000000,1110401
9084,83096831,平晟有限公司,臺中市太平區德興街136巷20號,5000000,1110415
9085,83097310,白鯨科技有限公司,臺中市西屯區何安里重慶路99號5樓之3,1200000,1110412
9086,83097331,廣聯能源有限公司,臺中市南屯區大同里向上南路一段167號14樓,6200000,1110427
9129,83120516,陳伶國際有限公司,臺中市西屯區安林路3之21號1樓,1000000,1110414
9130,83121085,日日和有限公司,臺中市南屯區大同里大墩路192號6樓,1000000,1110421
9131,83121162,志恆有限公司,臺中市西屯區何成里文心路二段562之1號3樓之1,6000000,1110401
9139,83125076,寶輝金瓚有限公司,臺中市西區臺灣大道二段16號19樓之2,2000000,1110427
9140,83125316,世紀豪股份有限公司,臺中市南區和平里忠明南路758號14樓,20000000,1110413
9141,83125701,頌奇國際股份有限公司,臺中市西屯區福和里臺灣大道四段839號12樓,14000000,1110425
9142,83126167,帝景農技有限公司,臺中市西區向上路一段36號8樓之3,17000000,1110425
9150,83130438,世星工程有限公司,臺中市豐原區圓環東路604號1樓,200000,1110401
9151,83131154,艾斯達克智能科技股份有限公司,臺中市西屯區市政路386號18樓之7,10000000,1110414
9154,83135172,捷禾國際事業有限公司,臺中市北屯區三光里九龍街50號2樓,100000,1110420
9155,83135877,仕鐽精機科技有限公司,臺中市南屯區大墩十四街194號7樓,1800000,1110427
9156,83136003,心悅營造有限公司,臺中市北屯區青島路四段234巷8號2樓,3600000,1110418
9171,83141596,沅鑫工業股份有限公司,臺中市烏日區光明里五光路607巷60號,20000000,1110413
9172,83141646,莫珥室內裝修設計有限公司,臺中市南屯區田心里大墩四街326之7號2樓,1000000,1110419
9173,83141879,金泓開發有限公司,臺中市北區漢口路三段181號2樓,27000000,1110406
9185,83147212,茂原工程有限公司,臺中市豐原區圓環東路604號1樓,300000,1110401
9190,83150243,廣億消防機電股份有限公司,臺中市西屯區何厝里甘州街36號2樓之1,1300000,1110414
9191,83150503,神奇建設股份有限公司,臺中市西屯區漢翔路39號1樓,12000000,1110421
9192,83151236,時代聯合國際有限公司,臺中市西屯區何南里東興路三段392號3樓,2000000,1110413
9193,83151411,上東資產顧問股份有限公司,臺中市北屯區山西路二段256號一樓,1100000,1110413
9194,83151854,牧兼不動產管理顧問有限公司,臺中市南屯區文心路一段186號16樓之12,250000,1110406
9244,83179500,波莉波莉美學有限公司,臺中市西區忠明南路181之1號2樓,1000000,1110419
9245,83179570,典億有限公司,臺中市烏日區三和里三榮路一段407號10樓之1,100000,1110419
9246,83180176,超神奇投資有限公司,臺中市西屯區漢翔路39號1樓,11000000,1110420
9247,83180746,彩岳資源整合有限公司,臺中市北區頂厝里進化北路238號11樓之1,2500000,1110415
9248,83180801,星業有限公司,臺中市太平區太平里永成路99巷4號1樓,5000000,1110401
9249,83181180,晴洋行國際有限公司,臺中市大里區金城里塗城路830巷18號1樓,1000000,1110408
9250,83181597,埔子有限公司,臺中市沙鹿區埔子里保成二街73號1樓,6600000,1110413
9260,83184503,禾熹良品國際有限公司,臺中市龍井區東海里國際街234號,1000000,1110428
9261,83184779,首爾努娜食品行銷有限公司,臺中市南屯區同心里文心路一段186號20樓,250000,1110419
9262,83184969,仁美醫有限公司,臺中市大里區東興里國光路二段500號5樓之5,1000000,1110422
9263,83185144,鑫富登股份有限公司,臺中市西屯區何安里四川路49號1樓,15000000,1110407
9264,83185165,庭銨建設開發有限公司,臺中市清水區鰲峰路621號1樓,1000000,1110408
9265,83185480,鋐楹國際品優股份有限公司,臺中市北區光大里中清路一段100號12樓之1,5000000,1110428
9268,83186740,歐默國際數位有限公司,臺中市西屯區西屯路二段236號11樓之5,3000000,1110415
9308,83206561,銀杏鴻有限公司,臺中市西區民權路185號8樓之1,100000,1110412
9309,83206767,朝駿科技有限公司,臺中市西屯區惠來里市政北七路186號12樓之9,1000000,1110408
9310,83207288,瑞和國際實業股份有限公司,臺中市南屯區公益路二段790號,10000000,1110427
9311,83207560,英嘉有限公司,臺中市西屯區福科路370號2樓、372號2樓,176800000,1110401
9333,83221275,控制狂有限公司,臺中市烏日區自治街1號1樓,100000,1110414
9334,83221373,田野生態顧問有限公司,臺中市北屯區軍福七路36號6樓之1,1000000,1110422
9345,83229282,昇合開發有限公司,臺中市西屯區港尾里中平路1418號4樓,30000000,1110421
9353,83232272,晨熹股份有限公司,臺中市北屯區文心路三段447號17樓,13680000,1110406
9354,83232625,深耕商仲開發股份有限公司,臺中市西屯區黎明路二段950號1樓,1000000,1110425
9355,83232701,東方智權有限公司,臺中市南區復興路三段360之4號,300000,1110427
9356,83233011,晨晞股份有限公司,臺中市大里區永隆九街65號10樓之6,44738000,1110425
9357,83233027,珅泰建設有限公司,臺中市北屯區松文街75號1樓,3000000,1110418
9358,83233053,立榛有限公司,臺中市西區後龍里民權路219號6樓之5,5000000,1110408
9359,83233286,貽鑫股份有限公司,臺中市西屯區何成里大祥街12號3樓,34800000,1110406
9398,83259980,薇兒國際有限公司,臺中市西區民龍里臺灣大道二段239號13樓,100000,1110426
9412,83264560,莉淳投資股份有限公司,臺中市西屯區西平里西安街130巷4號,1000000,1110418
9413,83264750,立橋創新能源科技有限公司,臺中市西屯區安和路168號7樓之5,6000000,1110425
9414,83266188,團圓設計室內裝修有限公司,臺中市西屯區西墩里福科路1號,8000000,1110427
9466,83292171,鋭取股份有限公司,臺中市西屯區何成里大祥街12號3樓,34800000,1110407
9468,83292974,鼎倫建設開發有限公司,臺中市后里區后里里后里路34巷4號1樓,250000,1110412
9469,83293474,晨瑜股份有限公司,臺中市北屯區文心路三段447號17樓,13680000,1110407
9484,83299272,優潔工程股份有限公司,臺中市龍井區龍西里舊車路3巷17號,1000000,1110428
9485,83299391,星德能源股份有限公司,臺中市西屯區東興路三段373號,15000000,1110406
9486,83299441,仁華綠能有限公司,臺中市西屯區東興路三段373號,1000000,1110418
9487,83299553,中鈁綠能股份有限公司,臺中市西屯區東興路三段373號,1000000,1110415
9488,83299744,立德不動產有限公司,臺中市大里區中新里中興路二段218巷8號1樓,1000000,1110421
9489,83300144,曼殊堂文教事業有限公司,臺中市大里區新里里爽文路688號1樓,2000000,1110418
9491,83300833,美全小貨車租賃有限公司,臺中市北區健行路675號1樓,5000000,1110422
9494,83301642,梵之森股份有限公司,臺中市南區仁和路292號13樓之2,23800000,1110422
9513,83361161,育匠土地開發有限公司,臺中市北屯區平昌里天津路四段243號2樓,3000000,1110414
9514,83361198,宇威複材股份有限公司,臺中市西屯區潮洋里市政北二路238號27樓之1,100000,1110414
9515,83361660,永渠股份有限公司,臺中市西屯區市政北二路236號30樓之5,50155200,1110401
9538,83376208,菲勒有限公司,臺中市東區東門里東福路62號9樓,200000,1110428
9540,83376381,泰宇國際企業有限公司,臺中市南屯區惠文路279之15號3樓,2000000,1110406
9541,83377092,豐源咖發有限公司,臺中市豐原區中山里府前街20號1樓,29800000,1110408
9543,83379373,鉦德新創事業股份有限公司,臺中市神岡區岸裡里大豐路五段369號,5000000,1110407
9549,83385277,合晟營建工程有限公司,臺中市中區民族路207號8樓之1,3600000,1110420
9550,83385327,優聯電子股份有限公司,臺中市烏日區中山路三段176號,8300000,1110408
9551,83385662,西博留學顧問有限公司,臺中市西區民龍里臺灣大道二段181號11樓之12,500000,1110406
9552,83385804,三祈資訊有限公司,臺中市太平區祥順路一段53號12樓之1,500000,1110420
9553,83385966,上煜建設有限公司,臺中市龍井區田中里龍北路391巷62弄5號1樓,30000000,1110415
9556,83387681,臺灣儲運股份有限公司,臺中市北區中清路一段79號6樓,50000000,1110413
9564,83395401,鼎旺冷鏈有限公司,臺中市西屯區龍潭里聖王街80號,1000000,1110427
9566,83395726,群翔土地開發有限公司,臺中市北屯區三甲東街122號1樓,2500000,1110412
9567,83396324,高力皇家具有限公司,臺中市南區樹義里復興路一段227號,200000,1110420
9568,83397409,淨大地環境科技股份有限公司,臺中市太平區東汴里長龍路三段65號,1100000,1110427
9569,83398575,阿爾傑科技有限公司,臺中市北區金華里雙十路二段38巷4之4號1樓,600000,1110406
9581,83406202,艾文健康股份有限公司,臺中市北屯區綏遠路二段15巷9之1號,1050000,1110401
9582,83406765,京苑建設開發股份有限公司,臺中市西區忠誠里太原路一段184之1號5樓之2,10000000,1110413
9583,83408172,每食通食品企業有限公司,臺中市豐原區西湳里慈龍街117號1樓,1000000,1110418
9584,83408476,易陽運輸股份有限公司,臺中市潭子區東寶里大德一路60號1樓,25000000,1110421
9593,83416721,核碁有限公司,臺中市北區頂厝里進化北路238號10樓之3,1500000,1110426
9594,83417171,湧昇能源科技股份有限公司,臺中市西屯區協和里工業區四十一路17之2號,10000000,1110401
9595,83417215,裕綸有限公司,臺中市西屯區臺灣大道二段910號9樓之1,1000000,1110425
9596,83417221,可界有限公司,臺中市清水區槺榔里民安路355巷26號1樓,100000,1110411
9597,83418501,跨運動有限公司,臺中市豐原區豐南街120號,20000000,1110406
9598,83418621,昱厚國際股份有限公司,臺中市北區健行路704巷28號,12000000,1110425
9599,83418782,海森健康美學有限公司,臺中市西屯區朝富路213號10樓之6,12000000,1110421
9600,83418805,廣和國際顧問有限公司,臺中市西區吉龍里五權西二街46號2樓,6000000,1110412
9601,83419662,騂勤股份有限公司,臺中市西屯區華美西街二段311號9樓之3,1000000,1110401
9604,83424399,偉宗工業有限公司,臺中市梧棲區永安里永興路一段39巷25號,500000,1110412
9605,83425622,耘磐清潔有限公司,臺中市大里區仁愛路134巷1號2樓,5500000,1110428
9606,83425989,永邦國際貿易有限公司,臺中市南屯區南屯路二段420號3樓之5,5000000,1110408
9615,83431716,京品開發建設股份有限公司,臺中市龍井區臺灣大道五段3巷62弄21號1樓,5000000,1110427
9616,83431820,喆洛國際股份有限公司,臺中市西屯區福和里臺灣大道四段925號19樓之1,1000000,1110408
9622,83440454,果鈊行銷有限公司,臺中市南區仁和路292號13樓之2,1000000,1110422
9623,83441046,嘉辰投資股份有限公司,臺中市南屯區大昌街536號4樓之3,2000000,1110414
9624,83443298,快克國際有限公司,臺中市西屯區市政北二路236號14樓之1,600000,1110418
9645,83460818,毛班長有限公司,臺中市沙鹿區清泉里東大路二段1538號,6000000,1110419
9646,83461675,宏崙電能股份有限公司,臺中市西區華美西街一段137號11樓之3,21220000,1110408
9647,83461865,鋐銘科技有限公司,臺中市太平區光明里大興路131號1樓與131號2樓、3樓,9020000,1110412
9649,83462787,優居科技股份有限公司,臺中市清水區橋頭里中華路581巷2號1樓,15735000,1110415
9660,83468059,璟藝開發建設有限公司,臺中市外埔區大同里六分路259號1樓,10000000,1110422
9661,83468229,洋晨工程有限公司,臺中市南屯區文心路一段186號5樓之4,3300000,1110401
9701,83486839,德隆科技有限公司,臺中市西區臺灣大道二段16號19樓之2,300000,1110407
9702,83487443,遠泰金屬實業有限公司,臺中市太平區正誠街70號1樓,500000,1110426
9719,83500543,譽潤有限公司,臺中市西區臺灣大道二段239號13樓,900000,1110412
9733,83505532,永恆能源股份有限公司,臺中市西區臺灣大道二段573號11樓,11300000,1110419
9740,83507784,世平貿易有限公司,臺中市北屯區祥順一街43號1樓,3100000,1110406
9741,83507953,宇飛汽材有限公司,臺中市南區福平里三民西路233號1樓,2000000,1110415
9742,83508019,威泓國際車業有限公司,臺中市南屯區溝墘里大業路241號3樓之1,100000,1110421
9743,83508448,晶櫻有限公司,臺中市大安區興安路125號1樓,1200000,1110418
9744,83508806,玉枝投資有限公司,臺中市大里區永隆里永明街170號1樓,28000000,1110428
9745,83509100,地勢電業股份有限公司,臺中市西屯區西屯路二段256巷6號2樓之8,35100000,1110412
9772,83527445,塞席爾商新鷹投資有限公司,臺中市西屯區朝馬七街19號,25000000,1110421
9773,83527563,凱丞開發有限公司,臺中市西屯區潮洋里市政北二路238號27樓之1,1000000,1110407
9775,83528084,瑞發生醫有限公司,臺中市西區安龍里民權路185號10樓之14,4000000,1110421
9792,83538029,宏富達企業有限公司,臺中市北區明新里中清路一段447號5樓之1,750000,1110414
9802,83542874,三二八有限公司,臺中市北屯區文心路三段447號4樓,2000000,1110415
9803,83542889,兆豐國際行銷有限公司,臺中市西區後龍里向上路一段15號10樓之12,1000000,1110427
9824,83553034,碩潔工程有限公司,臺中市南屯區向心里向心南路906巷53號2樓之1,1000000,1110429
9825,83553196,可騰科技股份有限公司,臺中市神岡區溪洲里溪洲路280巷5弄8號1樓,5000000,1110425
9826,83553386,呂氏國際貿易有限公司,臺中市北區進化北路238號10樓之3,2000000,1110401
9827,83553479,吉英有限公司,臺中市西屯區何源里重慶路407號2樓,50000,1110406
9828,83553858,昇隆精密機械有限公司,臺中市烏日區光明里光明路88號1樓,5000000,1110419
9829,83553885,福騰開發股份有限公司,臺中市南屯區文心路一段378號5樓之7,2000000,1110421
9837,83560366,銘德有限公司,臺中市烏日區太明路53巷6號,3500000,1110421
9851,83564341,聖旂有限公司,臺中市西區中興里中興街183號4樓之1,1000000,1110411
9867,83570815,堅城有限公司,臺中市南屯區大進街490號10樓之3,6000000,1110418
9868,83571069,昱堡富實業有限公司,臺中市西屯區惠來里市政路500號12樓之3,5000000,1110420
9869,83571568,喬納森有限公司,臺中市南屯區大進街490號10樓之3,6000000,1110426
9870,83572187,立禾宜有限公司,臺中市中區大誠里中華路二段10號2樓、3樓,80000,1110427
9879,83575852,新時代服務有限公司,臺中市西區大忠里忠明南路270號7樓之1,6000000,1110414
9880,83576655,欣怡有限公司,臺中市西區臺灣大道二段239號13樓,6000000,1110411
9881,83576677,冠喜您內衣有限公司,臺中市龍井區龍山街151巷58號1樓,500000,1110407
9882,83576873,羽你相遇行銷國際有限公司,臺中市西屯區潮洋里市政北二路238號27樓之1,2000000,1110412
9883,83577036,明昌餐飲事業有限公司,臺中市南區江川里五權南路278巷6號1樓,1000000,1110418
9884,83577599,開心網上雜貨店有限公司,臺中市西屯區至善路129號1樓,6000000,1110427
9901,83585710,茂欣木業有限公司,臺中市西屯區市政北七路186號12樓之7,10000000,1110418
9902,83585970,吾大室內裝修設計工程有限公司,臺中市西屯區何厝里何厝東二街23號9樓之3,3000000,1110412
9903,83586339,後匠空間設計興業有限公司,臺中市神岡區神圳路25之2號1樓,500000,1110414
9904,83586767,晴耕文化事業有限公司,臺中市南區樹義里文心南路745之5號12樓之1,1000000,1110406
9910,83589878,悠哉通風綠能科技有限公司,臺中市大里區大明路148巷17號,100000,1110427
9911,83590170,健康領域股份有限公司,臺中市西屯區福和里中工三路88號1樓,27000000,1110415
9916,83596097,無限夢想股份有限公司,臺中市西區精誠路92號底一層之1,10000000,1110415
9917,83596505,尚儀科技有限公司,臺中市北區文莊里中清路一段89號15樓之1,1000000,1110418
9922,83599432,大福行銷國際有限公司,臺中市大肚區磺溪里文昌二街60巷8號4樓,200000,1110401
9923,83599453,祈妍有限公司,臺中市北屯區平田里文心路四段955號14樓之1,1000000,1110426
9924,83600472,蜂勝股份有限公司,臺中市潭子區栗林里祥和路33號3樓,200000000,1110425
9953,83620076,好事發生數位有限公司,臺中市北區金龍街42之6號,100000,1110406
9954,83622285,鑫曜建設有限公司,臺中市北區明德里太原南二街151號,28000000,1110407
9955,83622644,浩思美興業有限公司,臺中市西區臺灣大道二段307號6樓之1,500000,1110415
9956,83622898,台灣國際生醫股份有限公司,臺中市西屯區大河里永輝路93號,21900000,1110415
9970,83634487,達達通路有限公司,臺中市東區育英路28之10號1樓,100000,1110414
9971,83634557,森得家居股份有限公司,臺中市西屯區逢甲路19巷19之24號1樓,2000000,1110418
10000,83674831,禮呈建設實業股份有限公司,臺中市西屯區潮洋里朝富路213號17樓之3,10000000,1110418
10001,83675487,永勝物業有限公司,臺中市西屯區何南里大墩二十街118號5樓之1,200000,1110425
10002,83675557,樂百川科技有限公司,臺中市西屯區逢福里河南路二段262號12樓之8,3000000,1110426
10003,83676063,日瑄投資有限公司,臺中市西屯區市政路386號12樓之6,29000000,1110418
10004,83677149,杰禾能源工程有限公司,臺中市北屯區廍子里軍福十三路76號1樓,200000,1110429
10006,83680236,安綠雅有限公司,臺中市北屯區平福里崇德路二段338號,6200000,1110415
10007,83680257,而斯客有限公司,臺中市沙鹿區福興里東晉二街93號1樓,5000000,1110419
10008,83681024,信裕事業有限公司,臺中市北屯區同榮里同榮路372巷28號2樓,1100000,1110411
10009,83681220,創義設計有限公司,臺中市南屯區田心里文心路一段159號,1000000,1110426
10022,83685274,品羿茶飲有限公司,臺中市北區三民路三段135號1樓,1000000,1110420
10040,83690776,群豐興業股份有限公司,臺中市西屯區工業區六路12號,120000000,1110425
10041,83690987,沐靚室內裝修有限公司,臺中市北屯區庄美街135號1樓,50000,1110425
10091,83716543,喬瀛開發股份有限公司,臺中市北區賴村里15鄰梅亭街305號1樓,1000000,1110426
10092,83716754,宇鴻工程有限公司,臺中市沙鹿區中山路53巷32之69號1樓,7800000,1110414
10093,83717162,眾誠健康事業股份有限公司,臺中市西屯區永安里西屯路三段162之63號,1000000,1110412
10094,83717352,理化特用有限公司,臺中市西屯區市政北二路238號27樓之1,3000000,1110413
10095,83718726,好食堂有限公司,臺中市西屯區何南里臺灣大道二段781之4號,500000,1110428
10144,83751978,愛薇教育事業有限公司,臺中市南屯區三義里河南路四段388號4樓,100000,1110413
10145,83752929,延整開發營造有限公司,臺中市太平區宜佳里新平路二段337號1樓,3600000,1110401
10146,83752934,現代事業有限公司,臺中市西區安龍里五權路2-3號11樓,1000000,1110425
10147,83753510,上鼎物業股份有限公司,臺中市北屯區平順里大連路三段16號6樓之1,1000000,1110428
10185,83771600,和園開發有限公司,臺中市大肚區沙田路一段388巷6號2樓,23000000,1110419
10186,83771643,安廣建設事業有限公司,臺中市西屯區惠來里惠來路一段68號3樓,3600000,1110419
10187,83772235,泰御開發股份有限公司,臺中市南屯區保安七街62號1樓,60000000,1110407
10188,83772328,日光哩享有限公司,臺中市大里區新仁二街12號2樓,100000,1110422
10206,83782557,英屬維京群島商馬拓斯股份有限公司,臺中市南屯區龍富路4段53號2樓,1000000000,1110419
10227,83790965,福星新美學有限公司,臺中市龍井區臺灣大道五段71巷1弄11號1樓,500000,1110414
10228,83791015,阜益有限公司,臺中市西屯區大墩十八街195號3樓之1,1000000,1110421
10229,83791423,安捷威國際有限公司,臺中市西區和龍里臺灣大道二段2號18樓之1,1000000,1110413
10234,83794940,大萬生技有限公司,臺中市北屯區松茂里松竹路二段107巷17號1樓,1000000,1110412
10235,83795336,玖貳伍柒科技股份有限公司,臺中市北屯區平田里文心路四段955號10樓之6,3000000,1110413
10252,84023604,騰斯國際股份有限公司,臺中市西區和龍里臺灣大道二段2號20樓之1,1000000,1110415
10253,84023724,凱士網路工程有限公司,臺中市西屯區西屯路二段256巷6號2樓之8,10000000,1110427
10254,84023793,可呈服飾有限公司,臺中市霧峰區中正里振興西街17號8樓,200000,1110427
10255,84023816,瑽瑢智產股份有限公司,臺中市西區民龍里英才路530號22樓之2,4900000,1110414
10258,84074286,域府工程有限公司,臺中市北屯區平和里梅川東路四段105號5樓之19,6500000,1110406
10261,84078142,聯紅建設開發股份有限公司,臺中市北區進化北路238號10樓之3,16000000,1110412
10263,84079851,合富上光企業股份有限公司,臺中市西屯區大河里大河街32巷1號,2000000,1110412
10264,84084290,聯翔營造股份有限公司,臺中市中區光復里民族路92號2樓之3,30000000,1110411
10279,84131569,達努巴克國際事業股份有限公司,臺中市南區福順里忠明南路787號31樓,27050000,1110408
10292,84178402,泉順發股份有限公司,臺中市清水區東山里神清路89之1號,5100000,1110412
10293,84179681,巨合營造股份有限公司,臺中市北屯區崇德九路499號1樓,33400000,1110426
10295,84185987,通品股份有限公司,臺中市豐原區豐榮里信義街189號9樓之6,15000000,1110412
10303,84212653,昇展營造有限公司,臺中市南屯區大墩四街261之8號六樓,22500000,1110425
10306,84217989,光徽有限公司,臺中市豐原區三村里三和路1號,5000000,1110422
10308,84223547,世華生物科技股份有限公司,臺中市大里區西湖路191號,90000000,1110426
10330,84307193,台灣創科實業股份有限公司,臺中市北屯區文心路四段83號9樓之1,5000000,1110406
10334,84310583,喬騏國際有限公司,臺中市西區精明一街69號1樓,200000,1110419
10350,84374903,承明塑膠工業股份有限公司,臺中市豐原區鎌村里鎌村路39巷108弄29號,5000000,1110419
10354,84390100,土牛企業有限公司,臺中市新社區月湖里興社街三段18號1樓,1000000,1110415
10356,84394675,宇首科技有限公司,臺中市大里區仁化里一鄰工業路宏巨一巷15號,10000000,1110412
10359,84400965,鑫唐建設有限公司,臺中市西屯區大鵬里長安路二段131巷3之7號2樓,25000000,1110407
10365,84434959,泉東工業有限公司,臺中市大雅區西寶里昌平路四段442號1樓,5000000,1110406
10366,84436577,大軫工業股份有限公司,臺中市大甲區中山里水源路408號,3000000,1110419
10380,84472427,明鼎企業有限公司,臺中市潭子區甘蔗里勝利七街22號1樓,5000000,1110425
10399,84516488,利易塗料有限公司,臺中市西屯區何安里重慶路99號5樓之3,1000000,1110415
10400,84521588,芯聯科技有限公司,臺中市北屯區昌平路二段4巷39號1樓,5000000,1110406
10402,84534747,峻傑工業股份有限公司,臺中市太平區永豐路108巷12弄9號,5000000,1110408
10405,84548405,愛文明建設股份有限公司,臺中市北屯區敦化路一段450巷66號1樓,25056500,1110427
10407,84552152,安美謙德環保股份有限公司,臺中市西屯區工業區三十八路210號7樓之1、3樓之2,38741050,1110407
10419,84626443,碩峰有限公司,臺中市東勢區第一橫街75號,1000000,1110414
10421,84635554,羽田空油壓機械股份有限公司,臺中市豐原區北湳里大順街128號,5000000,1110408
10423,84637167,雪花齋食品有限公司,臺中市大雅區上楓里楓林街173之1號1樓,6000000,1110413
10425,84645764,庚協化工股份有限公司,臺中市神岡區新庄里新興路51巷5號,5000000,1110422
10428,84661813,家唯營造股份有限公司,臺中市西屯區櫻城一街138號3樓,26000000,1110414
10429,84663896,統豪貿易股份有限公司,臺中市豐原區北陽里綠山五街109號1樓,26250000,1110418
10431,84668750,正貿企業股份有限公司,臺中市南屯區新生里筏子東街一段169號1樓,20000000,1110421
10434,84679975,惠將國際實業有限公司,臺中市北屯區昌平路一段276號1樓,5000000,1110426
10452,84731944,航新科技有限公司,臺中市南區工學里大慶街一段106之1號1樓,20000000,1110401
10477,84811329,文聯汽車有限公司,臺中市霧峰區本鄉里草湖路181號,1000000,1110408
10481,84821728,富琮工業股份有限公司,臺中市豐原區鎌村里鎌村路231號,35000000,1110401
10490,84853994,今多利企業股份有限公司,臺中市烏日區長春街583巷14號,5000000,1110420
10491,84855677,中邑營造股份有限公司,臺中市南屯區文山里保安三街68號2樓,40000000,1110420
10521,84962613,聯燈企業有限公司,臺中市清水區海風里和睦路2段260號1樓,1000000,1110412
10524,84982701,日豐土木包工業股份有限公司,臺中市南屯區三義里黎明路二段422號14樓之2,3000000,1110425
10528,84996249,元錩工業股份有限公司,臺中市梧棲區永安里向上路九段382巷106號,16000000,1110407
10529,85000311,茂弘不動產有限公司,臺中市沙鹿區中山路493之4號,1000000,1110427
10552,85015118,宥星實業有限公司,臺中市大里區永隆里東榮路621號,1000000,1110408
10567,85025538,卡樂多工程有限公司,臺中市西屯區青海路二段440號10樓之2,300000,1110408
10568,85025609,大新不動產開發有限公司,臺中市西屯區中清路二段1428號1樓,500000,1110428
10569,85025663,信實國際股份有限公司,臺中市西區臺灣大道二段501號18樓之1,5200000,1110420
10570,85026564,邑庭服裝食品有限公司,臺中市北區青島西街62號1樓,500000,1110419
10615,85049551,聯勝曙光地產開發有限公司,臺中市西屯區黎明路三段519號及521號,300000,1110407
10621,85052627,台灣根室科技股份有限公司,臺中市南區大慶街一段130巷12號1樓,5000000,1110419
10622,85053528,長育文化事業有限公司,臺中市北屯區軍福十三路71號1樓,200000,1110419
10623,85053549,永慶興包裝機械有限公司,臺中市南屯區春社里永新路1號,1000000,1110413
10624,85054569,維京全球實業有限公司,臺中市大甲區新美里光明路199號1樓,5000000,1110425
10628,85058684,天下國際經營有限公司,臺中市大雅區雅潭路6之19號,100000,1110413
10629,85059163,亨偉投資有限公司,臺中市大肚區社腳里沙田路一段668號1樓,1000000,1110426
10630,85060056,綺芮絲有限公司,臺中市北屯區舊社里北屯路428號4樓之7,300000,1110426
10631,85060106,寰享科技有限公司,臺中市西屯區市政北二路282號19樓之6,600000,1110408
10659,85072356,安城建設有限公司,臺中市沙鹿區保成路330號1樓,29000000,1110428
10671,85080638,興盛發廣告有限公司,臺中市梧棲區頂寮里四維東路116號2樓之16,1000000,1110408
10672,85080980,欣岳有限公司,臺中市大里區大元里大衛路43之3號2樓,500000,1110408
10673,85081720,左水創造思維有限公司,臺中市龍井區新東里臺灣大道五段35之1號1樓,2000000,1110406
10675,85081881,德喜股份有限公司,臺中市大雅區前村路142巷38號1樓,151200000,1110421
10681,85084867,墩安消防有限公司,臺中市南屯區大同里大墩六街108號2樓,500000,1110401
10682,85084873,豐禾工商地產股份有限公司,臺中市烏日區榮泉里三榮路二段189號1樓,6000000,1110428
10683,85085198,捷崴科技國際有限公司,臺中市南屯區同心里文心路一段186號20樓,5000000,1110408
10684,85086936,偕賀實業股份有限公司,臺中市沙鹿區居仁里臺灣大道七段922號,90000000,1110419
10709,85102160,森煒機械有限公司,臺中市龍井區山腳里龍山街146號7樓,600000,1110406
10717,85107432,世溢企業有限公司,臺中市沙鹿區鹿峰里中山路田尾巷105號1樓,700000,1110428
10718,85107714,惠宇精密有限公司,臺中市太平區新安街36巷8號1樓,7000000,1110408
10719,85109163,安鴻國際有限公司,臺中市南屯區文心路一段306號10樓之1,1700000,1110428
10720,85109620,宥庭企業有限公司,臺中市西屯區台灣大道四段847號11樓,10000000,1110413
10740,85117403,和碇建設股份有限公司,臺中市大雅區忠義里信義路37號1樓,1500000,1110407
10741,85118260,宇晴投資有限公司,臺中市沙鹿區鹿寮里中山路416號1樓,16780000,1110406
10767,85128703,自然數教育股份有限公司,臺中市西屯區何安里重慶路99號5樓之3,9000000,1110419
10807,86074199,炘聖企業股份有限公司,臺中市沙鹿區三鹿里保安路138號,10000000,1110418
10815,86109009,傅國有限公司,臺中市西區柳川西路二段140巷8號2樓之2,5000000,1110427
10818,86122185,協利貨櫃通運股份有限公司,臺中市南屯區向上南路一段294號1樓,36000000,1110425
10831,86187172,忠光熱處理股份有限公司,臺中市南屯區工業區24路5號,25000000,1110421
10832,86189397,可台有限公司,臺中市西屯區福和里福安七街11巷15號,8000000,1110406
10836,86195222,百德機械股份有限公司,臺中市大甲區工六路3號,549500000,1110407
10837,86211807,兆駿股份有限公司,臺中市豐原區南田里南田街291巷29號一樓,5000000,1110406
10839,86214728,臻佑金屬工業股份有限公司,臺中市太平區永成路63之6號,5000000,1110422
10840,86215445,昌源營造股份有限公司,臺中市南屯區文心路一段324號9樓之2,29500000,1110418
10844,86226822,堡得興業有限公司,臺中市神岡區豐洲里大洲路25巷16號,5000000,1110411
10848,86249368,育崧室內裝修股份有限公司,臺中市北屯區東山路一段186之1號,50000000,1110419
10849,86253138,泰聖興業股份有限公司,臺中市西區和龍里西屯路一段106號1樓,12500000,1110420
10850,86261904,天泰電機工業股份有限公司,臺中市梧棲區草湳里自強二街86巷61號,12000000,1110414
10851,86264091,建拓盛企業有限公司,臺中市豐原區中陽里自立街141號,5000000,1110407
10853,86266909,世偉企管顧問有限公司,臺中市南屯區公益路二段61號7樓之1,6000000,1110411
10856,86274942,大裕塑膠股份有限公司,臺中市大雅區橫山里永和路六甲巷10之13號,56000000,1110412
10865,86335785,慶坤工業有限公司,臺中市大肚區沙田路二段308巷10號,9000000,1110419
10869,86342224,圭明貿易有限公司,臺中市北屯區陳平路65巷123弄2號3樓之1,5000000,1110414
10870,86342569,泰仁機械實業有限公司,臺中市南屯區永定里文昌街228巷39號,12000000,1110406
10872,86346827,淞青交通器材股份有限公司,臺中市北屯區遼寧路一段277號1樓,5000000,1110427
10873,86347918,東升起重工程有限公司,臺中市南區樹義里福田路180號1樓,5500000,1110421
10876,86356937,豐群模型股份有限公司,臺中市北屯區景南巷14號,20000000,1110408
10898,86413368,郁全企業有限公司,臺中市西屯區永安里西屯路三段166之43號2樓,5000000,1110412
10930,86553043,方程開發建設股份有限公司,臺中市西屯區華美西街二段311號4樓之3,25000000,1110422
10933,86560184,永昇益工業有限公司,臺中市烏日區光明里五光路復光五巷31號,4000000,1110426
10935,86562612,禾庫國際企業有限公司,臺中市霧峰區吉峰里中正路1267號,5000000,1110401
10939,86584691,秋霖機械股份有限公司,臺中市烏日區烏日里五光路930巷48號,5000000,1110415
10943,86606702,智堂金屬股份有限公司,臺中市南區樹義里福田二街268巷29號1樓,5600000,1110412
10945,86621324,原盛電子股份有限公司,臺中市神岡區三角里三社路179號,10000000,1110421
10951,86632666,進騰實業有限公司,臺中市北區崇德路一段196號1樓,5000000,1110419
10956,86665292,台灣寶蝶股份有限公司,臺中市中區柳川里柳川東路3段6號1樓,12500000,1110428
10957,86666588,健源有限公司,臺中市神岡區北庄里中山路1029之3號,7600000,1110406
10984,86754739,捷星企業有限公司,臺中市西區忠明南路62號7樓,5000000,1110414
10985,86754999,延昌油漆有限公司,臺中市南區美村路二段124巷58-1號,7700000,1110421
10993,86797723,鎮源塑膠股份有限公司,臺中市豐原區社皮里社皮路41巷21弄10號,5000000,1110429
10995,86803529,愛迪生機電技術顧問股份有限公司,臺中市南屯區保安三街70號1樓,5000000,1110421
10997,86819424,信行來機械工廠股份有限公司,臺中市東區東門里東門路103號,3000000,1110418
11020,86971476,銘佳建設開發股份有限公司,臺中市豐原區北陽里中陽東街68號1樓,25000000,1110426
11044,89208480,青荷森廣告企劃有限公司,臺中市北區忠明路339之1號,4000000,1110426
11045,89215742,寶嘉誠工業股份有限公司,臺中市烏日區溪埧里溪南路一段506巷103號,168000000,1110406
11048,89223659,善勝國際股份有限公司,臺中市西屯區工業區三十七路17之8號、17之9號,80000000,1110401
11049,89225827,台灣慧穎機械工業股份有限公司,臺中市豐原區社皮里社皮路123巷5弄76號,10000000,1110418
11050,89226115,元澧營造股份有限公司,臺中市西屯區福安里西屯路三段95之2號1樓,22500000,1110419
11068,89293325,喜全國際股份有限公司,臺中市西區五權二街35號,105000000,1110422
11076,89320195,勤順工業股份有限公司,臺中市大里區新仁里新仁二街105號,15000000,1110407
11080,89334711,華邑室內裝潢設計有限公司,臺中市北屯區后庄三街212巷6號,2500000,1110427
11083,89358157,榮晉工業股份有限公司,臺中市大里區仁德里慈善路126號,71000000,1110406
11084,89359965,華薪科技有限公司,臺中市神岡區中山路851巷37弄8號,5000000,1110415
11090,89372897,易陞股份有限公司,臺中市豐原區豐田里豐南街240巷283弄15號1樓,4800000,1110426
11133,89503238,義傑實業有限公司,臺中市西屯區大河里河南路二段74巷3弄17號1樓,1000000,1110422
11136,89510890,訊捷有限公司,臺中市南屯區新生里龍富十路170號1樓,2000000,1110429
11142,89525964,阜采塗料有限公司,臺中市東區東英路482號1樓,4000000,1110407
11150,89571919,泰有營造股份有限公司,臺中市北屯區文心路四段81號19樓,80000000,1110427
11167,89638720,揚雅國際股份有限公司,臺中市神岡區神岡里神清路54巷3號,3000000,1110421
11170,89642061,福庫精密工業股份有限公司,臺中市太平區永平路 3 段132巷142號,28000000,1110415
11181,89655543,展大國際股份有限公司,臺中市北屯區文心路四段696號15樓之1,29184400,1110415
11192,89690041,金沅興興業有限公司,臺中市潭子區栗林里祥和路38巷22號,8000000,1110418
11194,89695833,巨榜鋼鐵股份有限公司,臺中市南區大慶街一段261號,160300000,1110407
11199,89701440,大任建設開發有限公司,臺中市西屯區潮洋里朝富路213號5樓之7.,49600000,1110401
11201,89713972,躍逞企業有限公司,臺中市烏日區太明路152巷51號,25000000,1110419
11213,89731438,晟昌機電股份有限公司,臺中市大雅區二和里神林南路272巷32號1樓,43000000,1110414
11223,89773128,宜鋒興業股份有限公司,臺中市龍井區中華路一段223號,11200000,1110412
11225,89774739,竝新塑膠纖維股份有限公司,臺中市龍井區忠和里工業路188巷20號,65000000,1110401
11227,89781680,鬥惠股份有限公司,臺中市西區美村路一段43號13樓之8,3000000,1110418
11229,89791998,偉麗科技股份有限公司,臺中市西區精誠二十四街5號七樓之3,6000000,1110425
11230,89792477,群策電機工業股份有限公司,臺中市烏日區太明路成豐巷462號,5000000,1110415
11232,89797536,王記茶舖有限公司,臺中市南屯區田心里大墩七街469號十一樓之1,4800000,1110418
11234,89804585,欣樺國際物流有限公司,臺中市沙鹿區南勢里保成一街72巷8號,25000000,1110413
11237,89819617,好家庭廣播股份有限公司,臺中市南區忠明南路789號37樓,50000000,1110422
11238,89824273,川澤電子股份有限公司,臺中市北區天祥街198號1樓,5000000,1110418
11241,89830991,飛興工業股份有限公司,臺中市太平區太平15街17號,5000000,1110420
11257,89887023,盛揚機械股份有限公司,臺中市霧峰區中正路557巷21之5號,5000000,1110426
11260,89892320,晶碩營造有限公司,臺中市西屯區西屯路二段256巷6號18樓之8,23000000,1110407
11261,89895213,昌運建設開發股份有限公司,臺中市西區大隆路20號8樓之6,51250000,1110428
11263,89899153,三元泵浦工業有限公司,臺中市西區安龍里梅川東路一段52號11樓之1,5000000,1110411
11265,89904000,貿崑營造有限公司,臺中市北區英才路380號4樓之1,15000000,1110419
11284,89978255,麗唯企業股份有限公司,臺中市大肚區頂街里沙田路三段245巷97號,1000000,1110427
11286,89987249,林肯亞太工業有限公司,臺中市南屯區文山里精科五路37號,50000000,1110420
11287,89988795,眾邦金屬股份有限公司,臺中市西屯區惠來里文心路二段201號11樓之5,27000000,1110418
11291,90127802,麗海廣告有限公司,臺中市西屯區市政北二路236號14樓之1,3000000,1110421
11292,90127900,越陽有限公司,臺中市豐原區南村里文村街45巷10號1樓,500000,1110425
11293,90128035,羽境室內裝修設計有限公司,臺中市大里區新里里永大街92號一樓,600000,1110426
11294,90129153,俊茂有限公司,臺中市西區公益里忠明南路237號9樓之3,100000,1110414
11305,90136801,合昱不動產經紀股份有限公司,臺中市北屯區舊社里旱溪西路三段191號1樓,5000000,1110426
11306,90137077,變色龍科技有限公司,臺中市西區忠誠里忠明南路16號6樓之7,1100000,1110427
11307,90137230,星洲實業有限公司,臺中市南屯區文心路一段73號5樓之1,1500000,1110428
11314,90142661,優倍益國際股份有限公司,臺中市西屯區府會園道179號3樓,1000000,1110419
11321,90147856,和達企業有限公司,臺中市南屯區寶山里文山北巷3之5號1樓,5000000,1110413
11322,90148362,華誠心遠股份有限公司,臺中市北區公園路188號11樓,19200000,1110420
11323,90148412,三同好興業有限公司,臺中市西區忠明南路270號7樓之4,2000000,1110415
11338,90158086,誠興精品有限公司,臺中市南區德義里建成路1530號1樓,350000,1110422
11390,90191091,麥達石有限公司,臺中市南屯區溝墘里文心路一段522號2樓,28620000,1110419
11391,90191851,伊娜國際有限公司,臺中市西區民龍里臺灣大道二段307號6樓之1,1000000,1110406
11394,90197665,荷蘭創技孵化設備有限公司,臺中市北屯區和平里軍福十一路268號3樓,1300000,1110415
11395,90197686,菲妃有限公司,臺中市西區臺灣大道二段239號13樓,100000,1110413
11396,90197721,實建科技有限公司,臺中市潭子區頭家東里大成街12號1樓,1000000,1110406
11397,90198019,艾沛德有限公司,臺中市南屯區大誠里五權西路二段131號12樓之2,100000,1110425
11398,90198502,若伊有限公司,臺中市北屯區文心路四段936號三樓之2,200000,1110425
11399,90198643,達盛資產有限公司,臺中市西屯區惠來里市政北七路186號12樓之9,6300000,1110415
11431,90226541,元宙國際有限公司,臺中市大甲區岷山里中山路一段898巷66號2樓,1000000,1110422
11432,90227112,友沛水務股份有限公司,臺中市大雅區民生路三段313巷45號1樓,100000000,1110419
11468,90256349,濤藝有限公司,臺中市西屯區何成里大墩十九街166號,1000000,1110401
11480,90408562,新甲開發有限公司,臺中市大里區愛心三街20號2樓,1820000,1110425
11481,90408839,起動生物科技有限公司,臺中市烏日區三榮南路25號1樓,25000000,1110407
11514,90420030,穎錠實業有限公司,臺中市龍井區山腳里龍山街123巷17號6樓,150000,1110428
11519,90421312,德舜營造股份有限公司,臺中市南屯區大墩二街120號1樓,12000000,1110422
11540,90431016,和叡建設開發有限公司,臺中市北區中清路一段79號6樓,15000000,1110420
11548,90434132,美達生醫股份有限公司,臺中市西屯區市政北二路282號13樓之11,892100,1110406
11549,90434246,禾康控股有限公司,臺中市西屯區中清路二段1250巷111弄11號,200000,1110406
11550,90434251,十三芝生醫科技有限公司,臺中市南屯區惠中里文心路一段324號8樓之2,500000,1110427
11585,90447782,旭寶有限公司,臺中市北屯區松竹路二段300巷11弄7號1樓,200000,1110413
11601,90454663,傑帝亞媒體有限公司,臺中市北區太原路一段488號5樓,1000000,1110401
11602,90455115,川璞建設有限公司,臺中市豐原區民生街72號1樓,3000000,1110411
11603,90456310,凱斯麗美髮沙龍造型有限公司,臺中市南屯區大英街16號,90000,1110429
11685,90486412,一真國際行銷有限公司,臺中市南屯區永定里南屯路二段880之9號1樓,2000000,1110413
11686,90486721,景好生活室內裝修設計有限公司,臺中市西區土庫里美村路一段576巷13號3樓,50000,1110429
11687,90486763,捷風自動化有限公司,臺中市大安區中山南路257巷21號1樓,1000000,1110408
11690,90488122,吉順事業有限公司,臺中市西屯區國安一路133號22樓之3,500000,1110427
11691,90488495,行銷人創意娛樂有限公司,臺中市西區臺灣大道二段239號13樓,200000,1110414
11706,90493531,宏原國際興業有限公司,臺中市豐原區北陽里北陽路190巷35號1樓,500000,1110407
11707,90494638,富銨不動產股份有限公司,臺中市北屯區舊社里敦富二街107號1樓,1000000,1110412
11708,90494882,浪浪的後盾有限公司,臺中市北區進化北路430巷17弄3號,500000,1110413
11709,90495518,樺美室內裝修有限公司,臺中市西屯區青海南街31號1樓,360000,1110426
11714,90498557,立豐光能股份有限公司,臺中市北區臺灣大道二段340號5樓之2,20000000,1110408
11775,90518168,諧和傳動精密有限公司,臺中市太平區新城里中山路三段232號5樓,500000,1110419
11776,90518646,統舜不動產經紀有限公司,臺中市北屯區仁美里崇德路三段705號2樓,2000000,1110401
11777,90519173,展躍運動實業有限公司,臺中市清水區民族路三段53號7樓之1,3000000,1110420
11820,90533105,得福國際商務有限公司,臺中市西區福人街61號1樓,1000000,1110426
11821,90533148,鎧銨股份有限公司,臺中市大雅區建興路140巷2號3樓,12000000,1110411
11822,90533870,築得興有限公司,臺中市北屯區松竹路一段877號1樓,1000000,1110426
11823,90533978,瑞智有限公司,臺中市南屯區大進街490號10樓之2,7200000,1110426
11824,90534575,鼎鑫藝品有限公司,臺中市大雅區四德里雅環路一段136號,100000,1110422
11825,90534646,歐依喜匠咖啡有限公司,臺中市南屯區大業里大墩路806號,100000,1110411
11838,90539939,翠薰堂有限公司,臺中市南屯區惠中里文心路一段378號5樓之7,6000000,1110429
11857,90548971,好室創意生活有限公司,臺中市西屯區逢福里河南路二段316號1樓,400000,1110415
11858,90549198,康譯股份有限公司,臺中市西屯區潮洋里朝富路213號7樓之7,40000000,1110421
11860,90550217,曜盛能源股份有限公司,臺中市西區自由路一段101號15樓之3,25000000,1110413
11861,90550461,虹淂科技有限公司,臺中市太平區太平里永豐路424巷10號2樓,5000000,1110415
11884,90557252,安得恩有限公司,臺中市北屯區文心路四段219號4樓,1000000,1110413
11965,90580872,臺灣物流股份有限公司,臺中市西屯區福安路55巷3號27樓之2,15100000,1110408
11966,90580893,捷樂貿易有限公司,臺中市西屯區何南里大墩二十街118號5樓之1,200000,1110411
11967,90581669,韻英有限公司,臺中市西區臺灣大道二段300號2樓之1,4000000,1110426
11968,90581788,猶太人財富管理顧問有限公司,臺中市西屯區西屯路二段256巷6號2樓之6,1000000,1110425
11969,90581794,威普實業有限公司,臺中市潭子區大成街53號1樓,2100000,1110426
11970,90581823,拓亞營造工程股份有限公司,臺中市西屯區工業區一路2巷3號4樓之8,6000000,1110419
11971,90582077,周逸教育事業有限公司,臺中市南屯區三義里河南路四段388號2樓,2000000,1110426
11972,90582132,新格局網路行銷有限公司,臺中市西區公正里公益路367號9樓之2,1000000,1110418
11981,90586405,景永富實業有限公司,臺中市南屯區大業里公益路二段61號3樓之2,50000,1110414
11993,90589542,光聚照明科技有限公司,臺中市大雅區上山路66號,5000000,1110418
11998,90591913,金盛電動工具有限公司,臺中市西屯區潮洋里市政北二路238號27樓之1,100000,1110401
11999,90591982,哆喀有限公司,臺中市西屯區福科路845號1樓,4000000,1110426
12000,90592103,星洛食品有限公司,臺中市沙鹿區北勢里北勢東路537巷15號1樓,300000,1110414
12001,90592531,瑜曦有限公司,臺中市北區育德里美德街248號1樓,50000,1110428
12002,90592645,兆廣股份有限公司,臺中市大雅區民生路三段36巷20弄42號1樓,24000000,1110422
12006,90594242,松峰設計有限公司,臺中市龍井區新東里臺灣大道五段3巷6弄2號1樓,100000,1110419
12014,90597769,侑勝營造有限公司,臺中市西屯區文心路二段566之1號3樓之1,28000000,1110412
12015,90597901,致澲精密機械有限公司,臺中市西屯區文心路二段562之1號2樓之2,1000000,1110413
12016,90598710,旺發有限公司,臺中市西區中興街183號4樓之1,300000,1110418
12017,90598943,星宏國際實業有限公司,臺中市西屯區精誠路14號6樓之7,100000,1110407
12018,90599231,啟惠工程有限公司,臺中市北屯區平安里文心路四段750號地下室之1、752號地下室,300000,1110427
12019,90599324,英才投資有限公司,臺中市西區英才路589巷12號4樓之1,7000000,1110406
12020,90599485,鴻利航運股份有限公司,臺中市龍井區山腳里中華路三段1號,50000000,1110420
12021,90599513,芊佑有限公司,臺中市新社區永源里中和街一段77巷60之3號1樓,400000,1110420
12022,90599534,力太有限公司,臺中市清水區東山里神清路89之7號,1000000,1110421
12023,90599859,鼎笠工程有限公司,臺中市新社區中和街一段山腳巷33號1樓,100000,1110422
12024,90599990,績旭股份有限公司,臺中市西屯區市政路386號21樓之6,13070000,1110408
12025,90600027,中澤建材有限公司,臺中市南區忠明南路789號38樓之2,500000,1110422
12026,90600259,漫旅有限公司,臺中市南區民意街66號,1000000,1110407
12027,90600645,上捷廣告有限公司,臺中市西區公正里東興路三段160號8樓之5,500000,1110406
12032,90601969,鈺洋貿易有限公司,臺中市南區復興路二段30之22號8樓,400000,1110411
12044,90605281,華鑫鋼構節能建築有限公司,臺中市西屯區何源里內江街106號2樓,3000000,1110422
12045,90605727,米米資產管理有限公司,臺中市清水區槺榔里槺榔二街23號,39300000,1110418
12046,90606177,欣遠實業有限公司,臺中市西屯區協和里安和路84之5號1樓,2400000,1110426
12070,90613374,展安國際有限公司,臺中市南區南門里國光路437之3號,300000,1110408
12071,90613521,我要成為零食王有限公司,臺中市烏日區中山路一段184巷4號1樓,1200000,1110421
12107,90624983,元匯通運有限公司,臺中市西屯區福順路332號3樓,2000000,1110426
12108,90625076,浩宇地產開發有限公司,臺中市南屯區大墩四街321號地下1層,2000000,1110414
12109,90625131,綠石能源股份有限公司,臺中市中區光復里民權路102號8樓之7,26267000,1110421
12111,90626568,圓格股份有限公司,臺中市南屯區文心路一段186號20樓,700000,1110401
12149,90641955,好室人生股份有限公司,臺中市西屯區西安街277巷25弄2號6樓之35,50000,1110413
12152,90642700,麥達石生活事業有限公司,臺中市南屯區溝墘里文心路一段552號1樓,13800000,1110408
12153,90643089,耀恩有限公司,臺中市潭子區大豐里大豐路三段210之1號,100000,1110426
12154,90643834,活綠有限公司,臺中市西屯區文心路三段241號21樓之7,100000,1110412
12155,90644030,吉力利有限公司,臺中市南屯區三義里公益路二段312號,500000,1110422
12163,90648486,昌盛發科技有限公司,臺中市大里區東興里大明路391之3號,100000,1110406
12165,90648916,格斯旅行社股份有限公司,臺中市北屯區崇德路二段272號1樓,6000000,1110411
12166,90649274,立弗順科技有限公司,臺中市北屯區四平路455號1樓,4650000,1110408
12167,90649915,希梯伊國際機械股份有限公司,臺中市龍井區忠和里西濱路三段237號,1000000,1110406
12168,90650573,哎哦動態娛樂有限公司,臺中市沙鹿區北勢里東安街20巷1號1樓,1500000,1110411
12169,90650659,兆登生醫股份有限公司,臺中市西屯區中清路二段1250巷111弄11號,200000,1110406
12195,90657148,立陽綠能有限公司,臺中市西屯區市政北七路186號15樓之6,5000000,1110413
12196,90657581,水岺國際行銷有限公司,臺中市大肚區自強里遊園路二段181巷1弄5號1樓,1000000,1110418
12222,90663351,森發有限公司,臺中市西區民龍里臺灣大道二段285號14樓之3,300000,1110407
12231,90665560,博豪科技有限公司,臺中市北屯區仁愛里四平路51巷7之2號,1550000,1110426
12232,90665702,丹鐽錌徵信社有限公司,臺中市大雅區大雅里中清東路103號1樓,5000000,1110418
12234,90666456,晟欣能源科技有限公司,臺中市神岡區神岡里神圳路27巷5號1樓,1000000,1110401
12235,90666478,創參海股份有限公司,臺中市西屯區惠來里市政北一路1號4樓,10000000,1110415
12236,90666857,芮絲萊雅國際事業有限公司,臺中市北屯區后庄里敦化路一段598號2樓,100000,1110419
12237,90666934,杰希音樂有限公司,臺中市太平區新坪里環中東路三段99號11樓之7,100000,1110411
12238,90667011,隆綸實業有限公司,臺中市沙鹿區三鹿里保成八街279號1樓,3000000,1110411
12239,90667027,穎達聚創業投資股份有限公司,臺中市北屯區崇德九路455號3樓,5000000,1110412
12286,90686657,唯喀有限公司,臺中市南屯區文心路一段43號,4000000,1110425
12288,90689768,尚揚生物科技股份有限公司,臺中市北屯區天津路三段50號,1000000,1110411
12289,90690049,育群工業有限公司,臺中市太平區永豐路108巷12弄38號,500000,1110418
12301,90696727,成泰投資股份有限公司,臺中市西區民龍里英才路449號2樓,40500000,1110418
12302,90696819,曌堂天然有限公司,臺中市南區德富路101號2樓之1,1000000,1110413
12303,90696846,曌堂文創有限公司,臺中市南區德富路101號2樓之1,2000000,1110411
12304,90697991,鴻宇貿易企業有限公司,臺中市南區工學里文心南路620號,2000000,1110411
12305,90698324,匯準科技股份有限公司,臺中市西屯區漢口路二段128號5樓之1,2000000,1110413
12330,90713269,豐邑生醫有限公司,臺中市南屯區黎明東街550號,500000,1110401
12346,90725223,美居不動產經紀有限公司,臺中市大里區中興路一段113號1樓,4000000,1110413
12347,90725878,果子創新有限公司,臺中市東區自由路四段115巷6號,500000,1110414
12348,90726519,祥富德有限公司,臺中市西屯區長安路一段46巷17之3號,500000,1110427
12350,90730008,超概念服飾有限公司,臺中市大雅區秀山里秀山路307號3樓,500000,1110413
12377,90750307,點立方股份有限公司,臺中市龍井區藝術南街48號1樓,3500000,1110427
12378,90752683,來杯咖啡國際股份有限公司,臺中市龍井區中沙路南寮巷2弄57號1樓,600000,1110412
12379,90752868,原點智慧環境科技股份有限公司,臺中市西屯區潮洋里臺灣大道三段818號6樓之8,500000,1110408
12380,90753281,奧梭美得實業有限公司,臺中市西屯區安和路189巷6號5樓,200000,1110413
12381,90753698,光冕健康有限公司,臺中市北區文心路四段208號,7000000,1110428
12383,90754704,自富股份有限公司,臺中市外埔區甲后路三段937巷30弄93號,500000,1110412
12389,90759638,常寧實業有限公司,臺中市南屯區同心里文心路一段186號20樓,3500000,1110411
12390,90759779,創興服務有限公司,臺中市北屯區水湳里文心路三段447號4樓,500000,1110411
12488,90817546,冠好文創事業有限公司,臺中市西區大忠里大忠南街55號7樓之5,500000,1110420
12492,90821154,玹美有限公司,臺中市南屯區大進街490號10樓之3,3000000,1110413
12497,90825617,樂業國際事業有限公司,臺中市西屯區華美西街二段311號2樓之1,350000,1110412
12498,90826411,華德納生醫科技股份有限公司,臺中市西區忠誠里華美西街一段137號5樓之2,6000000,1110412
12499,90827262,春暖創意設計有限公司,臺中市西屯區上安里上安路84巷10號,500000,1110414
12500,90827328,嘉榤有限公司,臺中市大里區永隆里永大街210巷8號1樓,1000000,1110407
12538,90841428,真亦企業股份有限公司,臺中市南屯區新生里向上路三段363號3樓,1100000,1110422
12541,90842284,登芷萱科技有限公司,臺中市西屯區逢福里河南路二段262號12樓之8,500000,1110420
12544,90842778,鋐億貿易有限公司,臺中市西屯區何厝里四川路133號,2000000,1110413
12569,90854302,信緁資本股份有限公司,臺中市西區忠誠里臺灣大道二段501號18樓之2,101050000,1110421
12570,90854470,玥妍股份有限公司,臺中市西屯區何厝里何厝東二街23號9樓之3,3350000,1110421
12571,90854823,哪裡瘋股份有限公司,臺中市太平區新興里振福路559號,1550000,1110415
12572,90855484,萊可小姐全方位美學中心股份有限公司,臺中市南屯區大墩二街205號1樓,28000000,1110420
12573,90855610,八次方數位有限公司,臺中市北區忠明路424號20樓之1,1000000,1110421
12577,90857096,創和股份有限公司,臺中市南區國光里仁和路292號13樓之2,22000000,1110422
12578,90857342,貝罃有限公司,臺中市北屯區松竹里松順一街182號1樓,300000,1110421
12581,90858222,金萊文教股份有限公司,臺中市北屯區平德里文心路四段288號9樓之6,100000,1110411
12588,90863652,康真生技有限公司,臺中市西屯區漢口路二段151號九樓之1,1000000,1110425
12590,90864152,羿豪企業有限公司,臺中市霧峰區北柳里四德路296巷3號1樓,1000000,1110418
12591,90864977,超吉興業有限公司,臺中市南區福新街95號1樓,500000,1110412
12592,90865080,帝崴營造股份有限公司,臺中市西屯區寧夏東五街28號1樓,8800000,1110401
12593,90866428,噗朧拱有限公司,臺中市北屯區遼寧路一段546號,300000,1110421
12594,90866813,莫斯科技有限公司,臺中市西屯區何成里大墩十八街189號17樓之5,1000000,1110413
12595,90866980,鴻居不動產開發股份有限公司,臺中市大雅區大楓里前村路82巷50號2樓,1500000,1110425
12596,90867159,富誠國際貿易企業股份有限公司,臺中市西屯區潮洋里市政北二路282號10樓之11,5000000,1110401
12625,90878634,睫客美學有限公司,臺中市北屯區文心路四段999之1號,100000,1110420
12645,90885641,晶選有限公司,臺中市烏日區公園路107號12樓之6,3000000,1110426
12653,90889386,至興資通股份有限公司,臺中市南屯區大業里公益路二段61號12樓,8960000,1110426
12654,90890068,禧珍家有限公司,臺中市南屯區三和里大墩十一街642號,200000,1110411
12657,90891518,信成建設有限公司,臺中市北屯區崇德路二段346號2樓,15000000,1110429
12658,90891714,草和有限公司,臺中市北屯區松安里松安街167號1樓,50000,1110401
12659,90892208,富潤昌建設股份有限公司,臺中市西區民龍里臺灣大道二段285號17樓之2,5250000,1110419
12666,90895021,超群商用不動產有限公司,臺中市北區崇德里進化北路168號12樓之1,100000,1110411
12667,90895042,沃客萊有限公司,臺中市太平區旱溪西路二段212巷40號1樓,100000,1110411
12668,90895129,醴上餐飲有限公司,臺中市南屯區精誠南路146號,8000000,1110413
12669,90895140,晉善美科技股份有限公司,臺中市西屯區文心路三段241號21樓之2,1000000,1110422
12670,90896099,夠鎰精準農業科技有限公司,臺中市霧峰區中正路769巷1號5樓,1000000,1110418
12689,90978726,長富國際投資股份有限公司,臺中市西屯區何源里重慶路375號2樓,46000000,1110427
12717,91010750,葛拉斯藝術有限公司,臺中市南屯區豐偉路81號1樓,500000,1110420
12718,91011527,耘德智能製造有限公司,臺中市西屯區市政路500號13樓之2,300000,1110412
12719,91011765,忠泰精密工業股份有限公司,臺中市龍井區龍東里龍門路36號1樓,4000000,1110406
12720,91011982,睿宸國際貿易有限公司,臺中市南區和平里復興北路22號8樓之5,1000000,1110420
12721,91012552,康明斯消防有限公司,臺中市北屯區平陽里11鄰旅順路一段193號,2000000,1110411
12722,91012589,毛德法可有限公司,臺中市北區北屯路14號7樓之9,500000,1110401
12723,91012785,大都會租賃股份有限公司,臺中市北區北屯路22之5號,5000000,1110418
12729,91016831,麗昱建設科技股份有限公司,臺中市豐原區萬順二街62號,600000,1110408
12766,91026438,欣聚開發興業有限公司,臺中市清水區槺榔里港新五路215號13樓之2,2680000,1110406
12779,91030587,新展望置業有限公司,臺中市西區和龍里西屯路一段102號,600000,1110412
12788,91034177,恩康有限公司,臺中市西區吉龍里五權八街143號1樓,6000000,1110411
12799,91037982,台灣投資顧問有限公司,臺中市西屯區大河里永輝路93號,5000000,1110414
12808,91042036,靜空間室內裝修有限公司,臺中市北區中清路一段720號2樓,300000,1110407
12809,91042296,圓菩提有限公司,臺中市北區長青里陜西路13號1樓,300000,1110408
12810,91042471,雙合系統家具有限公司,臺中市北屯區舊社里軍福十九路768號1樓,500000,1110420
12811,91043008,洗樂事股份有限公司,臺中市南屯區永春路21號1樓,4000000,1110408
12812,91043605,善富木業股份有限公司,臺中市西屯區寧夏路180號1樓,1000000,1110408
12813,91044597,新科生醫股份有限公司,臺中市西屯區潮洋里朝富路213號15樓之1,30000000,1110411
12815,91044885,超侖不動產管理顧問有限公司,臺中市清水區槺榔里港都路163號,400000,1110422
12816,91045126,聚量應用材料股份有限公司,臺中市北區崇德路一段631號7樓之1,4060000,1110401
12818,91045532,佳仕谷股份有限公司,臺中市西區精明二街67號1樓,17000000,1110422
12819,91045553,東虎有限公司,臺中市西屯區何安里重慶路99號5樓之3,100000,1110408
12829,91048398,永吉國際行銷有限公司,臺中市龍井區向上路六段312號,2500000,1110412
12830,91048545,優勢富宇科技股份有限公司,臺中市西屯區惠來里市政北七路186號13樓之7,10000000,1110427
12831,91049158,奶泡貓有限公司,臺中市太平區光明里長安路481巷2號2樓,200000,1110422
12832,91049220,青子文化創意有限公司,臺中市南屯區黎明路一段85巷39號,1800000,1110401
12833,91050886,漢陞數位資訊工程有限公司,臺中市北區淡溝里博館路89號9樓之2,500000,1110413
12843,91056220,阜玥室內裝修設計有限公司,臺中市北屯區水湳里文心路三段447號4樓,100000,1110422
12844,91056360,馬可波波啡有限公司,臺中市南屯區大墩路73號,2000000,1110412
12845,91056468,崴宇開發股份有限公司,臺中市西屯區中清路2段1250巷111弄11號,200000,1110406
12859,91062829,鑫祐金屬有限公司,臺中市太平區興隆路27之1號1樓,1000000,1110427
12860,91063539,尤林有限公司,臺中市西屯區文心路三段159號2樓,8000000,1110422
12861,91064559,錫億設計工程有限公司,臺中市東區泉源里樂業路135巷11之4號,200000,1110401
12895,91078060,見見美有限公司,臺中市西區五權一街70號2樓,2000000,1110406
12913,91086786,成圓投資股份有限公司,臺中市北屯區松茂里松義街51巷18號1樓,28810000,1110425
12921,91091654,展誠精密科技有限公司,臺中市太平區建興里鵬儀路321號,3000000,1110406
12922,91092751,維恩企劃有限公司,臺中市西區大忠里忠明南路270號七樓之1,200000,1110414
12923,91092773,沐品淳有限公司,臺中市北屯區軍福十六路87號,500000,1110425
12924,91093013,翔浤生技文創股份有限公司,臺中市烏日區溪南路二段270巷102號,13300000,1110406
12926,91093864,鈊羽柔有限公司,臺中市南屯區田心里大墩四街321號地下室1層,300000,1110407
12928,91094673,有田有限公司,臺中市北區健行里忠太東路56號7樓之6,250000,1110415
12929,91094717,純淨凱清潔有限公司,臺中市南區忠明南路789號38樓之2,600000,1110419
12930,91094982,盒子彈科技股份有限公司,臺中市西屯區逢福里櫻城五街26之3號,1340000,1110411
12931,91095498,留白茶想有限公司,臺中市西區吉龍里五權西四街45號1樓,1000000,1110428
12944,91099207,海逸有限公司,臺中市北區北屯路27號2樓,60000,1110407
12949,91099712,聯想智能有限公司,臺中市西屯區上石路186號3樓之1,100000,1110418
12950,91099760,豐程投資股份有限公司,臺中市西區三民路一段149號12樓之2,52700000,1110426
12951,91099781,翔瞬國際有限公司,臺中市南屯區黎明里干城街127號1樓,500000,1110406
12952,91101148,磐鴻國際貿易有限公司,臺中市南屯區文山里文山三街127號3樓之1,1000000,1110421
12953,91101153,辰紳科技有限公司,臺中市北屯區平安里文心路四段750號地下室之1與752號地下室,2000000,1110420
12973,91109253,珅富龍國際開發股份有限公司,臺中市南區永興里11鄰高工南路65巷6號7樓之1,880000,1110412
12983,91111429,新曜建設開發股份有限公司,臺中市潭子區家福里大通街115號1樓,1000000,1110426
13028,91124705,京葵股份有限公司,臺中市北區太原路二段66號5樓,1000000,1110427
13044,96877204,管興股份有限公司,臺中市后里區聯合里三重路35之1號1樓,3000000,1110421
13045,96880242,耕欣貿易有限公司,臺中市大肚區頂街里榮華街102巷11號1樓,1000000,1110421
13046,96885611,欣錡塑膠股份有限公司,臺中市龍井區忠和里海尾路278巷37號1樓,5000000,1110418
13047,96887456,盟鑫工業股份有限公司,臺中市梧棲區經三路33號,772680220,1110422
13050,96894581,政舜印刷事業有限公司,臺中市南屯區新生里公益路二段909號2樓,20000000,1110412
13071,96984324,鑫昌輪五金興業有限公司,臺中市太平區太平里永豐路129號1樓,5000000,1110427
13075,96996932,松聯有限公司,臺中市豐原區三村里13鄰西勢路519號,1000000,1110420
13076,96997355,慶益化工原料有限公司,臺中市北屯區平和里文心路四段343號1樓,5000000,1110414
13077,96997398,羽春油壓五金有限公司,臺中市豐原區田心路二段272巷85弄13號,1000000,1110401
13085,97033560,集大通信有限公司,臺中市北屯區軍福十二路128號1樓,3500000,1110421
13086,97038208,中台灣營造股份有限公司,臺中市西屯區工業區一路2巷3號7樓之2,270000000,1110418
13096,97079143,鉦凱水電工程有限公司,臺中市大里區東昇里東文街31號1樓,3000000,1110426
13101,97092363,崇佑投資股份有限公司,臺中市南區忠明南路758號33樓,67250000,1110418
13109,97110355,好位子股份有限公司,臺中市北屯區水湳里文心路三段447號地下一層,5000000,1110420
13143,97205818,茂泰紙業有限公司,臺中市神岡區神洲里大洲路62號1樓,5000000,1110418
13145,97213872,士賓塑膠有限公司,臺中市北區梅川里文昌東二街172巷2號1樓,5000000,1110427
13155,97257809,協皇企業有限公司,臺中市南屯區同心里文心路一段186號20樓,500000,1110407
13156,97259172,廣直工程有限公司,臺中市西區安龍里忠勤街191號1樓,6000000,1110406
13158,97263865,成財有限公司,臺中市太平區新仁路一段44巷5弄1號,2000000,1110427
13159,97265890,日日新國際商業股份有限公司,臺中市中區中華路一段58號1至10樓,34000000,1110411
13187,97343967,超易興業股份有限公司,臺中市潭子區福仁里環中東路一段67巷1號,12000000,1110426
13198,97375708,才發產品設計有限公司,臺中市南屯區工業二十五路16號2樓,5000000,1110418
13199,97375799,展頡實業有限公司,臺中市南屯區大墩十四街190之1號3樓,5000000,1110425
13200,97379612,合泰居實業有限公司,臺中市南屯區三義里市政南二路161號1樓,10000000,1110407
13201,97382216,廣聯達事業有限公司,臺中市太平區新興二街20之6號1樓,1200000,1110420
13208,97410774,欣緯通運股份有限公司,臺中市龍井區中華路三段1號,25000000,1110408
13219,97451212,盈銓投資股份有限公司,臺中市南區忠明南路758號33樓,329831820,1110419
13232,97488082,金寶裕實業有限公司,臺中市烏日區北里里太明路成豐巷216號,5000000,1110419
13234,97532545,銓寶工業股份有限公司,臺中市烏日區榮泉里中山路三段688之1號,386685000,1110408
13235,97590523,泉岱企業股份有限公司,臺中市太平區太平里永平路三段9巷80號,10000000,1110428
