序號,統一編號,公司名稱,公司所在地,資本額,核准變更日期
12,00850255,夢想通運有限公司,臺中市沙鹿區鹿寮里錦華街1號1樓,29000000,1120905
24,02899162,榮憶橡膠工業股份有限公司,臺中市大甲區日南里5鄰東三街8號,10000000,1120919
93,04502835,山下有限公司,臺中市北屯區仁美里豐樂路19之11號,2068000,1120911
154,05791191,銘鍾實業股份有限公司,臺中市大甲區武曲里橫圳街93號,5000000,1120901
155,05838816,至光工具股份有限公司,臺中市大里區西湖里景庄街180巷20號,35000000,1120921
158,06032660,台灣双葉工業股份有限公司,臺中市大里區健民里仁化工三路85號1樓,20000000,1120928
261,12282932,顯揚工業有限公司,臺中市南屯區三義里文心一路381號4樓之6,29000000,1120923
303,12615066,易達通網路系統股份有限公司,臺中市南區和平里忠明南路758號29樓,43300000,1120915
306,12621665,厚達鋼鐵有限公司,臺中市南區西川一路119巷2弄1號1樓,16000000,1120915
310,12633992,富麒國際有限公司,臺中市神岡區社南里中山路667巷26弄8號,11000000,1120926
326,12670383,鴻盛精準生技股份有限公司,臺中市大甲區文武路2號3樓,270063930,1120926
347,12704686,佳勁空調企業有限公司,臺中市南區崇倫街110號1樓,10680000,1120921
360,12730426,長霖公寓大廈管理維護有限公司,臺中市東區東門里東福一街21巷2號1樓,10000000,1120922
373,12758161,曼妮股份有限公司,臺中市南屯區同心里南屯路二段290號16樓,30000000,1120921
374,12758211,綠晶靈實業有限公司,臺中市太平區新光里振福路437號1樓,1000000,1120922
375,12758710,全氟密封工業股份有限公司,臺中市烏日區前竹里中山路一段229巷9號1樓,150000000,1120915
382,12784288,拓撲藥品股份有限公司,臺中市西區臺灣大道二段132號1樓,1000000,1120915
387,12795932,尹閣國際有限公司,臺中市西區民龍里臺灣大道二段181號11樓之10,500000,1120907
394,12825513,勝威工程顧問有限公司,臺中市西屯區臺灣大道二段910號5樓之7,5000000,1120912
400,12838778,西博安實業股份有限公司,臺中市清水區文昌里光復街63之4號2樓,40000000,1120906
409,12854740,金鼎聯合科技纖維股份有限公司,臺中市后里區泉州路2之9號,240096860,1120913
415,12887257,恆輝國際股份有限公司,臺中市南區城隍里信義南街229號1樓,18000000,1120926
421,12905678,紹凱動能科技股份有限公司,臺中市西屯區工業區十路11號2樓,20000000,1120920
424,12916491,合勝經營規劃有限公司,臺中市豐原區中興里成功路62號2樓,8000000,1120905
430,12925317,漢德威企業有限公司,臺中市大里區大衛路41號1樓,20000000,1120920
459,12993433,辰泰國際企業有限公司,臺中市霧峰區四德路495號,72500000,1120918
462,12996939,廣城興營造有限公司,臺中市西區安龍里五權路2之3號10樓,10000000,1120907
464,12999372,成偉食品股份有限公司,臺中市梧棲區自立一街178號,277000000,1120920
471,13010543,鑫茂機械工業股份有限公司,臺中市大里區健民里鳳凰路164巷42弄32號,95000000,1120920
473,13013979,廣碩營造有限公司,臺中市南區美和街66巷11號8樓之2,15000000,1120926
479,13029727,倢聯投資開發顧問有限公司,臺中市西區精誠十六街39號3樓之3,12000000,1120925
487,13043050,健楷工業股份有限公司,臺中市大甲區日南里東一街7號,12000000,1120912
490,13047231,春田營建股份有限公司,臺中市南屯區文心路一段292號4樓,27000000,1120927
505,13078493,科葆企業有限公司,臺中市豐原區源豐路332之1號,1000000,1120926
543,13150425,環聚興業股份有限公司,臺中市大甲區日南里工二路50號,18000000,1120913
564,14030589,艾吉企業股份有限公司,臺中市東區東興里建德街30號之1,7000000,1120901
583,16001151,左岸廣告有限公司,臺中市西屯區何成里大恩街13號2樓,3000000,1120901
585,16001779,鋼宜有限公司,臺中市大肚區沙田路二段132巷5弄6號,3000000,1120920
587,16004930,普營股份有限公司,臺中市西區公民里五權路2之106號19樓、2之107號19樓,6000000,1120905
589,16007303,長林有限公司,臺中市北屯區平心里文心路四段637號14樓之2,6000000,1120919
591,16015036,兆宇有限公司,臺中市大里區德芳路一段82巷32弄56號1樓,5000000,1120923
592,16022536,彩繪墨水廣告有限公司,臺中市東區福立街58號1樓,500000,1120922
593,16024083,展郁資訊有限公司,臺中市西屯區河南路三段131號7樓之15,2000000,1120919
600,16038360,崇舜股份有限公司,臺中市西屯區工業區33路14號,563371200,1120907
601,16041076,中熒股份有限公司,臺中市神岡區豐洲里豐工南路1號,180000000,1120911
602,16041478,俊易企業有限公司,臺中市龍井區忠和里海尾路240巷7號,5000000,1120918
603,16044692,桂辰企業有限公司,臺中市潭子區甘蔗里勝利六街1號5樓,34600000,1120919
613,16075759,大觀營造工程有限公司,臺中市北區臺灣大道一段672號,4600000,1120919
646,16181490,惠嘉電實業股份有限公司,臺中市外埔區水美里二崁路588巷10號,347160000,1120908
650,16188254,複上精機股份有限公司,臺中市大雅區員林里大林路272巷5號,24680000,1120911
652,16192861,德昌國際投資股份有限公司,臺中市大里區國光路二段259號4樓之2,60000000,1120927
653,16193812,長鴻汽車旅館股份有限公司,臺中市西屯區惠來里市政北二路51號1至2樓,13000000,1120905
657,16210093,方中有限公司,臺中市北區太原路一段532號6樓之3,20000000,1120919
668,16227637,太陽生鮮農產股份有限公司,臺中市南屯區惠中里文心路一段378號17樓之9,16920000,1120907
670,16233933,光明投資股份有限公司,臺中市沙鹿區興安里永寧路168號2樓,28000000,1120913
675,16241434,上暘環保科技股份有限公司,臺中市梧棲區永安里向上路九段385號,5000000,1120927
683,16249879,欣台中氣體導管有限公司,臺中市北屯區平田里遼陽北二街41號,5000000,1120927
690,16267588,瑞鎰油漆工程有限公司,臺中市梧棲區南簡里民安三街67號1樓,1000000,1120915
692,16270269,國眾環保工程有限公司,臺中市西屯區至善里逢甲路338巷12號1樓,1000000,1120922
715,16325258,驣驣國際事業有限公司,臺中市東區一心街273號,5000000,1120906
718,16338090,祥賀包裝材料有限公司,臺中市西屯區何明里大有二街35號1樓,5000000,1120919
727,16355040,大奇冷凍空調工程有限公司,臺中市南屯區干城街202巷1弄4號1樓,15000000,1120915
730,16358742,廣晉營造有限公司,臺中市梧棲區南簡里中央路二段426巷11號1樓,6000000,1120908
735,16370289,伸豐加油站股份有限公司,臺中市太平區永豐路300號,16000000,1120901
736,16380104,聯華交通運輸有限公司,臺中市大肚區大明五街99號,25000000,1120919
737,16382356,華宸興業有限公司,臺中市西屯區工業區一路2巷3號8樓之5,3000000,1120918
738,16386705,威鯨實業股份有限公司,臺中市大里區新里里愛心三街30號1樓,25000000,1120918
745,16402682,茂聚興工業有限公司,臺中市西屯區福雅里福泰街113號2樓,3000000,1120920
749,16424068,永安欣業有限公司,臺中市大甲區頂店里南北一路102號,10000000,1120918
751,16429818,大眾展覽企業股份有限公司,臺中市北屯區平心里安順東九街23號7樓,8000000,1120914
775,16490600,宇誠通運有限公司,臺中市北屯區豐樂南一街15號1樓,53000000,1120921
776,16494583,德盛營造有限公司,臺中市外埔區大東里甲后路五段180巷17號1樓,8000000,1120906
785,16520581,浩暉工業有限公司,臺中市外埔區廍子里土城路366號,2000000,1120927
786,16535711,裔恆營造有限公司,臺中市北屯區北屯路455之2號,30000000,1120906
792,16555743,華士欣精密機械有限公司,臺中市大里區新里里新興路99巷16弄70號1樓,3500000,1120901
798,16567683,群力企業有限公司,臺中市北屯區東光里北屯路298巷26弄35號1樓,3000000,1120911
812,16595750,首特科技股份有限公司,臺中市梧棲區文明街326巷43號1樓,46000000,1120918
830,16651963,聯鑫食品實業有限公司,臺中市西屯區天水中街67號,7000000,1120914
848,16704666,凌葳有限公司,臺中市大甲區日南里工六路27號,2000000,1120908
855,16714952,東泓車業有限公司,臺中市大里區瑞城里塗城路304巷28弄27號,2000000,1120922
866,16732950,金瑞弘機械股份有限公司,臺中市太平區太平里新仁路1段44巷5弄5號,13000000,1120922
871,16748854,台昇國際股份有限公司,臺中市北區文心路四段200號13樓之2,100000000,1120906
906,16832487,三信商業銀行股份有限公司,臺中市中區柳川里公園路32-1號,10030486540,1120923
914,16859387,三頡有限公司,臺中市大里區景庄街171巷9號1樓,15000000,1120908
921,16867817,鼎右企業有限公司,臺中市太平區宜欣里富宜路146巷3弄32號,28000000,1120906
926,16889544,台覲實業股份有限公司,臺中市神岡區中山路378號,12000000,1120921
927,16893316,特典工具股份有限公司,臺中市大雅區橫山里科雅路8號,94000000,1120921
931,16896329,富倢人力仲介有限公司,臺中市西區平和里金山路1之1號,5000000,1120925
940,16916818,歐氏投資股份有限公司,臺中市沙鹿區臺灣大道七段1066號1樓,91774900,1120907
947,16943379,建鄴有限公司,臺中市神岡區庄後里厚生路75號1樓,10000000,1120925
951,16959196,正曜營造有限公司,臺中市南區崇倫里忠明南路730巷18號1樓,30000000,1120906
955,16963868,悅翎有限公司,臺中市太平區新光里振福路435巷8弄3號,1000000,1120923
958,16971419,福沅營造有限公司,臺中市豐原區中興里成功路108號1樓,3600000,1120908
961,16978980,長科資訊股份有限公司,臺中市西屯區西屯路二段256巷6號19樓之1,26000000,1120912
971,16999269,晏陽精密工業股份有限公司,臺中市大肚區永和里溪洲路305號1樓,13000000,1120925
1031,22045017,品昌企業股份有限公司,臺中市西屯區工業區一路2巷3號10樓之3,10000000,1120914
1040,22059074,鏈發射出機械股份有限公司,臺中市南區樹德一巷12號,70000000,1120918
1044,22065054,穎長金屬工業股份有限公司,臺中市神岡區庄後里大圳路48號,10000000,1120927
1047,22075644,明暐紙器機械股份有限公司,臺中市沙鹿區清泉里清泉路1之10號,275000000,1120918
1058,22100284,億威電子系統股份有限公司,臺中市潭子區南二路16之1號,923796590,1120901
1060,22102298,福懋油脂股份有限公司,臺中市大肚區沙田路1段453號,2296382040,1120923
1062,22105083,榮尚木業有限公司,臺中市西屯區安林路53之23號,1000000,1120919
1063,22105788,筌誠機械股份有限公司,臺中市大里區健民里仁化工一路130號,225000000,1120911
1067,22121984,德金營造股份有限公司,臺中市大里區國光路二段259號5樓之3,100000000,1120927
1084,22217854,益輝營造有限公司,臺中市西屯區經貿路二段328號2樓,22500000,1120901
1085,22220892,劦盛工程顧問有限公司,臺中市北區健行里忠明路424號6樓之2,10000000,1120919
1086,22223194,慶穗工業股份有限公司,臺中市大安區福興里興安路199號,10000000,1120926
1088,22225284,久興電機有限公司,臺中市西屯區福雅里福祥街5號7樓之5,6000000,1120921
1093,22242170,年晟企業有限公司,臺中市龍井區高園路238巷28弄9號,4000000,1120907
1107,22280238,津谷食品股份有限公司,臺中市西屯區大河里福上巷181弄10號,100000000,1120922
1109,22286726,正祥營造有限公司,臺中市清水區民享路359號,100000000,1120926
1119,22317018,誠洋企業有限公司,臺中市東區旱溪里旱溪六街133號1樓,8000000,1120911
1137,22392888,尚殷股份有限公司,臺中市大甲區庄美里興安路132之1號,50000000,1120925
1147,22441451,恩迪寇斯股份有限公司,臺中市西屯區潮洋里臺灣大道三段789號17樓之3,5000000,1120913
1163,22481988,新三和食品企業有限公司,臺中市清水區槺榔里大勇路122號2樓之3,1000000,1120907
1165,22491640,櫻花建設股份有限公司,臺中市西區民龍里臺灣大道2段239號4樓,8548594940,1120908
1171,22507919,宏輝工具股份有限公司,臺中市大里區仁德里仁城路95號,29000000,1120921
1180,22556930,聯全製線廠有限公司,臺中市梧棲區大村里文昌路446號,2000000,1120927
1183,22565706,總上企業有限公司,臺中市北屯區民德里東山路二段167號,28000000,1120927
1184,22565826,超群保利龍有限公司,臺中市霧峰區舊正里光明路27巷23號1樓,5000000,1120907
1185,22566521,順大小客車租賃有限公司,臺中市西屯區逢甲里西屯路二段268之8巷2號8樓之2,30000000,1120901
1190,22600437,展麒綠能股份有限公司,臺中市龍井區忠和里工業路173巷40號1樓,60000000,1120918
1192,22605502,鑫輝工業股份有限公司,臺中市大里區仁美路103號,500000000,1120914
1216,22666893,申錫企業股份有限公司,臺中市北屯區北坑巷2之16號,12000000,1120905
1219,22674367,東發電機股份有限公司,臺中市豐原區朴子里朴子街450號,6000000,1120921
1221,22679638,騰崧機械股份有限公司,臺中市潭子區潭北里潭子街三段58號1樓,6000000,1120914
1224,22690319,逢大電業工程股份有限公司,臺中市北屯區平德里天津路三段60號,20000000,1120913
1225,22690964,東坤企業有限公司,臺中市南區西川里崇倫北街46號1樓,1500000,1120920
1243,22763446,芙瑞實業股份有限公司,臺中市大雅區神林南路312巷5弄15號,29000000,1120914
1244,22764965,順天建設股份有限公司,臺中市西屯區文心路2段201號3樓,2804667420,1120908
1247,22766400,聯和投資股份有限公司,臺中市梧棲區大智路二段432號,300000,1120922
1254,22793672,泰樂旅行社有限公司,臺中市中區臺灣大道一段501號7樓之1,6000000,1120926
1257,22806206,揚鋼鑄造股份有限公司,臺中市豐原區水源路115巷68弄35號,330000000,1120906
1259,22816719,晨豐橡膠股份有限公司,臺中市北屯區仁和里四平路387巷52號1樓,7000000,1120928
1266,22846100,同發加油站股份有限公司,臺中市大肚區頂街里沙田路3段247號,16000000,1120925
1279,22907719,富合有限公司,臺中市大里區塗城路30巷3號,1000000,1120927
1282,22918912,銘煇機器五金有限公司,臺中市豐原區翁明里豐勢路一段321號1樓,1000000,1120918
1286,22933218,清水齒輪機械廠股份有限公司,臺中市龍井區龍津里三港路427巷8號,38500000,1120911
1308,22971599,加貿工業股份有限公司,臺中市大雅區三和里仁和路195號2樓,19000000,1120921
1309,22977117,奇鍇製模有限公司,臺中市大甲區岷山里中山路一段908巷10之63號,1200000,1120921
1313,22985138,原鋒工業股份有限公司,臺中市西屯區工業區三十五路62號,20000000,1120926
1317,22999196,展行股份有限公司,臺中市豐原區南陽里南陽路215巷102號1樓,2000000,1120913
1336,23064498,敬超企業有限公司,臺中市南屯區精誠路７５４巷１６號１樓,2000000,1120913
1345,23095886,金坐模座股份有限公司,臺中市大里區健民里仁化工十二路119號,38000000,1120905
1346,23099102,成錩實業股份有限公司,臺中市太平區光興路1716巷17弄12號,5000000,1120925
1361,23173664,員彰金屬工業股份有限公司,臺中市南屯區大同里大墩六街14巷6號1樓,65000000,1120905
1363,23177943,敦麗實業有限公司,臺中市西區後龍里梅川東路一段79號2樓,5000000,1120921
1367,23211533,隆凱企業股份有限公司,臺中市沙鹿區鹿峰里中山路田尾巷170號,5000000,1120912
1390,23254482,永荃塑膠股份有限公司,臺中市大甲區庄美里大安港路241號,5000000,1120919
1397,23273354,永鋐工業股份有限公司,臺中市神岡區神洲里大洲路10號,10000000,1120926
1414,23384400,元同五金股份有限公司,臺中市太平區德隆里工業十六路29號,28000000,1120911
1416,23389622,能裕銘版企業有限公司,臺中市太平區光興路1638號,1000000,1120919
1417,23389637,興中機電自動控制有限公司,臺中市神岡區豐社路39號,5000000,1120912
1418,23391090,天元有限公司,臺中市大里區大元里大衛路37巷15號,5000000,1120913
1421,23396975,華光齒輪有限公司,臺中市大里區東昇路180號,5000000,1120901
1423,23402625,晟寶鑄造股份有限公司,臺中市神岡區庄後里大圳路三一號,38000000,1120914
1436,23471740,寶強興業股份有限公司,臺中市西屯區何南里大容東街188號1樓,35000000,1120908
1441,23498348,廣溢營造有限公司,臺中市梧棲區仁美街169巷23號1樓,50000000,1120921
1449,23522092,楊名國際股份有限公司,臺中市大里區國寶街36巷2號2樓,20000000,1120920
1461,23537996,耕坊行股份有限公司,臺中市西屯區工業區十六路5號,71120000,1120908
1477,23592792,上準環境科技股份有限公司,臺中市西屯區工業區36路41號,89100000,1120927
1489,23641978,裕國冷凍冷藏股份有限公司,臺中市西屯區協和里工業區二路3號,1194400000,1120906
1497,23677790,新益貿易股份有限公司,臺中市北區進化路563號2樓及565號2、3樓,5000000,1120912
1501,23688184,建升精密股份有限公司,臺中市大甲區日南里東3街10號,7000000,1120918
1504,23692048,顏昌興業有限公司,臺中市北屯區軍功里軍榮三街98號1樓,10000000,1120906
1505,23695586,天亞電機工業有限公司,臺中市大雅區員林里大林路425巷17之6號,1000000,1120921
1530,23801524,輯成工業有限公司,臺中市太平區聖和里長龍路一段352號,5000000,1120922
1531,23807034,奇龍工業股份有限公司,臺中市神岡區庄後里厚生路148號,250000000,1120921
1533,23811298,千芳國際企業有限公司,臺中市梧棲區草湳里建國中2街226號,500000,1120926
1544,23833384,錠發工業股份有限公司,臺中市大雅區員林里神林路一段660巷30號,26800000,1120920
1549,23853986,昇鋕工業有限公司,臺中市大甲區武曲里大安港路116巷43號,4000000,1120919
1557,23865097,葳晟車業有限公司,臺中市后里區廣福里三豐路三段750號,1000000,1120921
1571,23930610,台灣美捷科股份有限公司,臺中市西屯區協和里工業區38路175號,91530000,1120905
1578,23941790,金永發企業有限公司,臺中市大肚區頂街里萬興路66號,10000000,1120905
1603,24200957,諾貝達床墊有限公司,臺中市北屯區松安里興安路2段162號1樓,6510000,1120921
1604,24201225,銀網系統整合有限公司,臺中市西屯區惠來里市政北一路200號,1500000,1120906
1609,24206158,立丞紙業有限公司,臺中市烏日區北里里太明路成豐巷226號,3200000,1120919
1612,24207804,波飛特有限公司,臺中市大里區西湖里草堤路100巷19號,2000000,1120911
1618,24220898,鐽鍀實業有限公司,臺中市豐原區翁子里豐勢路二段332巷6號1樓,5000000,1120921
1628,24234400,倢偉工程有限公司,臺中市西屯區上安里上仁街159巷22號2樓,8000000,1120919
1629,24234507,遠信工程股份有限公司,臺中市西區公正里大進街206號1樓,200010000,1120912
1635,24240521,鑫貝斯股份有限公司,臺中市北區錦村里進化路340之2號,3000000,1120912
1653,24265254,鴻雅興業有限公司,臺中市北屯區同榮路412號1樓,500000,1120905
1654,24265310,國聚建設股份有限公司,臺中市西區忠誠里臺灣大道二段573號5樓,35000000,1120915
1660,24272950,大將水車工程有限公司,臺中市西屯區廣福里廣興巷60號1樓,4000000,1120912
1661,24275485,鑫和數位科技股份有限公司,臺中市梧棲區中華路一段1080號1樓,50000000,1120918
1662,24277478,永旭馥投資股份有限公司,臺中市烏日區高鐵路二段148號10樓之3,15000000,1120915
1669,24287996,豐富土地開發有限公司,臺中市西屯區臺灣大道二段910號5樓之7,1000000,1120901
1673,24290943,川飛工業股份有限公司,臺中市大雅區雅楓街2號1樓,1750000,1120921
1674,24291345,泉勝儀器有限公司,臺中市烏日區三榮路一段486號4樓之1,5000000,1120920
1677,24298017,坤豐科技股份有限公司,臺中市大雅區義和路22之2號,5000000,1120922
1726,24353117,明宙投資股份有限公司,臺中市大甲區中山里甲后路五段251巷10號1樓,51800000,1120911
1738,24376435,熊手作室內裝修有限公司,臺中市北屯區昌平東五路370號2樓,250000,1120922
1750,24394378,華昱建材有限公司,臺中市西屯區成都路95號1樓,3500000,1120912
1751,24398402,裕盛建設股份有限公司,臺中市西屯區惠來里市政路402號32樓之3,50000000,1120926
1758,24415562,雙合興科技有限公司,臺中市清水區仁愛路90號,500000,1120923
1761,24421728,正倫生技有限公司,臺中市霧峰區舊正里中正路24號2樓,250000,1120927
1765,24424513,紅茗國際有限公司,臺中市西屯區協和里朝馬路201號1樓,15000000,1120920
1766,24426738,鑫永豐科技有限公司,臺中市霧峰區北柳里國中路68之6號,5000000,1120905
1773,24433668,精實實業股份有限公司,臺中市烏日區三榮路一段483號1樓,5000000,1120913
1776,24436948,綠地球企業股份有限公司,臺中市中區公園里臺灣大道一段201號9樓,10000000,1120906
1778,24437670,歐客佬國際有限公司,臺中市北區太原路二段306之1號1樓,100000000,1120911
1779,24438615,網銀國際股份有限公司,臺中市西屯區市政北二路238號28樓之1,2402400000,1120921
1850,24545951,萬佳綻投資有限公司,臺中市西屯區市政北七路170號15樓之2,21555555,1120918
1880,24579635,千成企業有限公司,臺中市神岡區豐洲里前寮路40號,1000000,1120918
1882,24584715,超正齒輪科技有限公司,臺中市神岡區豐洲里東洲路81號,23000000,1120911
1883,24586299,藍天投資顧問股份有限公司,臺中市西區藍興里樂群街270號3樓之5,12000000,1120907
1884,24587656,龍樺資產管理有限公司,臺中市北屯區平心里文心路四段671號2樓,18000000,1120925
1885,24587683,協金企管顧問有限公司,臺中市北區六合里臺灣大道一段642號,5000000,1120919
1886,24592264,晶華暢貨有限公司,臺中市北屯區仁美里環中路一段728號,2000000,1120926
1888,24595430,人文國際股份有限公司,臺中市梧棲區中和里梧棲路142號,24101000,1120905
1889,24596450,里德美學室內裝修設計有限公司,臺中市北屯區天津路四段175號,5000000,1120907
1890,24597465,朋隆投資股份有限公司,臺中市大雅區員林里雅環路三段大明一巷31號,10000000,1120926
1891,24597991,鉑潤企業有限公司,臺中市北屯區平德里文心路四段476號21樓,1688888,1120914
1892,24599724,德錩精密股份有限公司,臺中市豐原區翁社里豐年路125巷49號1樓,5000000,1120920
1894,24602018,齊翊有限公司,臺中市南區平和里美村南路53號,6000000,1120925
1896,24606491,詠煌工程有限公司,臺中市北屯區修齊街176號2樓,1000000,1120921
1897,24606730,四國餐飲顧問股份有限公司,臺中市南屯區三和里河南路四段462號,25000000,1120913
1960,24667834,侑廣實業有限公司,臺中市西屯區何源里華美西街二段373之1號2樓,1000000,1120901
1963,24672843,木頭爵士有限公司,臺中市大里區長春路200巷19號1樓,2100000,1120906
2021,24752867,慧量股份有限公司,臺中市潭子區東寶里大豐路二段122巷4號1樓,10500000,1120921
2066,24786901,台灣馬克思挺力股份有限公司,臺中市西屯區河南路二段262號5樓之10,5000000,1120907
2069,24791051,新加坡商開利資產管理股份有限公司,臺中市南屯區大同里向上南路1段163號2樓之1,0,1120915
2076,24818684,威竑有限公司,臺中市太平區建國里精美路358號1樓,1000000,1120907
2077,24819620,好用能源股份有限公司,臺中市潭子區中山路二段58號,5000000,1120918
2078,24820892,昱富開發有限公司,臺中市北屯區瀋陽北路13巷35號1樓,500000,1120920
2079,24821668,英偉達股份有限公司,臺中市西區公舘里五權六街9號3樓之2,25000000,1120906
2081,24823595,薇樂創意行銷有限公司,臺中市太平區新坪里育仁路129號1樓,2000000,1120906
2082,24824270,永樂達企業有限公司,臺中市南屯區三和里黎明路二段360號1樓,200000,1120914
2083,24824861,世豐建材有限公司,臺中市中區光復里平等街48號8樓之1,2000000,1120927
2084,24826501,衍尊貿易實業有限公司,臺中市西屯區何安里四川東街31號1樓,2500000,1120919
2086,24837578,菲采國際事業有限公司,臺中市北屯區大德里平德路41巷15號1樓,1500000,1120915
2087,24837774,祐美企業有限公司,臺中市太平區德隆里德明路400巷21號1樓,2000000,1120918
2089,24839689,誠鴻生物科技有限公司,臺中市北屯區舊社里敦富路193號,10000000,1120922
2090,24842707,燊鼎地產股份有限公司,臺中市北屯區平和里崇德路二段209號、211號1樓,24091000,1120912
2091,24845129,世貿投資股份有限公司,臺中市西區民龍里英才路449號4樓,150000000,1120908
2093,24847288,垚鋐系統科技股份有限公司,臺中市大雅區橫山里永和路六甲巷7之27號,33250000,1120901
2166,24933880,象星整合股份有限公司,臺中市豐原區民生里中興路22巷15號8樓,11000000,1120914
2199,24961436,光和影映像股份有限公司,臺中市東區復興路四段218之1號2樓,4508420,1120923
2210,24978823,台灣綠金家園有限公司,臺中市西區土庫里五權西路一段237號7樓之1,25000000,1120906
2235,25001651,冠通精密工業股份有限公司,臺中市烏日區溪南路一段126巷395弄357號,10000000,1120914
2239,25008351,歐雅系統設計有限公司,臺中市南區永和里南和二街12號1樓,30000000,1120926
2244,25016681,傅晟有限公司,臺中市南區國光里正氣街73巷16號1樓,250000,1120905
2247,25019744,鼎鎂國際企業有限公司,臺中市烏日區湖日里光華街38號,15000000,1120908
2249,25020496,十鼎股份有限公司,臺中市西屯區潮洋里龍門路93巷9號1樓,6300000,1120918
2251,25023515,銳揚精密機械股份有限公司,臺中市大里區健民里仁化工十二路27號3樓,29500000,1120923
2253,25029102,直線與折線設計室有限公司,臺中市西屯區何安里天水東街2號B1,9500000,1120923
2260,25035097,比諾國際股份有限公司,臺中市南屯區永春東路1000之14號5樓,8000000,1120908
2266,25039220,活水設計有限公司,臺中市西區忠明南路16號3樓之2,1000000,1120919
2270,25042576,恒星精密工業有限公司,臺中市太平區太平里合利街10巷5號,1320000,1120928
2274,25052270,衡欣實業股份有限公司,臺中市潭子區潭秀里建國路3-2及5-2號,50000000,1120928
2275,25053741,創先進投資顧問有限公司,臺中市北屯區水景里水景街67巷11號2樓,22000000,1120915
2279,25059674,佳聯國際興業有限公司,臺中市太平區新光里振福路435巷8弄3號2樓,10000000,1120927
2284,25064206,弘煜科技事業股份有限公司,臺中市西區臺灣大道二段186號15樓之2,216927760,1120926
2285,25064873,五事生技有限公司,臺中市南屯區大容東街12號2樓之2,1000000,1120918
2288,25076343,亞比獅有限公司,臺中市南區柳川西路一段38號1樓,500000,1120927
2293,25082859,傳宗食品有限公司,臺中市大雅區大楓里民富街109號,28506992,1120922
2297,25085265,堅鼎勞安有限公司,臺中市大雅區神林南路180巷50號7樓之1,1000000,1120921
2300,25088782,鈞越交通器材有限公司,臺中市大雅區橫山里中山路139號,15120000,1120914
2305,25092977,京東建設股份有限公司,臺中市大里區大明里益民路二段388號1樓,10000000,1120906
2348,25142505,台灣綠建科技股份有限公司,臺中市南區崇倫街98號,110000000,1120907
2355,25151996,兆謙事業有限公司,臺中市東區東信里振興路412巷34號,14000000,1120927
2358,25154261,梵晨投資有限公司,臺中市南屯區大同里東興路二段272號11樓,30000000,1120922
2359,25156232,巨琛工業股份有限公司,臺中市大甲區義和里中山路一段460之1號,200000000,1120919
2360,25157387,美日晟實業有限公司,臺中市大里區大里路485號,2500000,1120912
2372,25170311,元捷整合行銷股份有限公司,臺中市西區大和路24號7樓之2,2500000,1120923
2374,25172486,智耀科技股份有限公司,臺中市東區東信里環中東路四段900巷13號1樓,3000000,1120914
2382,25180937,康利實業有限公司,臺中市西屯區西安里漢翔路230號15樓之2,100000,1120911
2388,25192618,瑞桓實業股份有限公司,臺中市北屯區松竹里崇德五路146巷16號15樓之1,1000000,1120922
2389,25192883,思博資訊有限公司,臺中市龍井區國際街240號1樓,1500000,1120911
2393,25195495,新盛生技國際股份有限公司,臺中市北屯區松竹里崇德路二段346巷25弄6號2樓,2200000,1120919
2394,25195777,玖豐預拌混凝土有限公司,臺中市大甲區文武里雁門路230號1樓,15000000,1120908
2412,27273453,木將室內設計有限公司,臺中市西屯區中康街258號二樓之２,1000000,1120926
2414,27275712,摩典國際有限公司,臺中市太平區中興里太平路778巷7號1樓,1000000,1120907
2417,27284711,樂群通國際有限公司,臺中市西區東昇里林森路77之5號1樓,2000000,1120906
2420,27290410,台灣勝佳縫紉機器股份有限公司,臺中市西屯區永安里福雅路265號,1000000,1120927
2442,27325924,廣澤科技股份有限公司,臺中市中區大墩里臺灣大道一段336巷21號4樓之1,2000000,1120914
2479,27372382,裕立投資股份有限公司,臺中市大里區新里里國光路二段259號5樓之3,48000000,1120927
2481,27375352,廣錸儀器股份有限公司,臺中市神岡區大富路20巷46號2樓,20000000,1120912
2485,27385231,兆立工業股份有限公司,臺中市大甲區日南里東一街7號,90000000,1120908
2488,27391888,鑫大略建設股份有限公司,臺中市西區梅川西路一段107號,25000000,1120927
2494,27398209,蓁和塑膠工業股份有限公司,臺中市南屯區工業區二十二路23號1樓,14000000,1120928
2497,27400541,欣展工業股份有限公司,臺中市太平區永平路二段520號,200000000,1120914
2499,27403815,全面性系統整合科技股份有限公司,臺中市西屯區臺灣大道四段925號17樓之6,60000000,1120918
2503,27417304,隆德環保工程股份有限公司,臺中市梧棲區永安里向上路九段385號2樓,5000000,1120926
2506,27426492,中天精機股份有限公司,臺中市龍井區台西南路228巷21號,85860000,1120908
2508,27431538,祐琮精密工業有限公司,臺中市霧峰區北柳里四德路299之13號,15000000,1120901
2511,27435746,采京貿易有限公司,臺中市南屯區精科南路99號5樓之2,14000000,1120913
2514,27441418,達奈美克股份有限公司,臺中市太平區宜昌東路21號1樓,18000000,1120911
2533,27479650,御滿資產管理股份有限公司,臺中市西屯區潮洋里市政北二路236號28樓之2,3067000000,1120905
2534,27481348,承逸機電工程股份有限公司,臺中市中區臺灣大道一段201號9樓,10000000,1120907
2536,27484470,尚麒企業有限公司,臺中市清水區田寮里三田路12之35號1樓、12之36號1樓,4000000,1120926
2541,27493745,至翔金工有限公司,臺中市神岡區北庄里中山路1024巷19號1樓,6000000,1120923
2550,27500909,寶鴻建設實業股份有限公司,臺中市南區福順里復興路二段80號,160000000,1120920
2552,27501999,誠上承實業有限公司,臺中市南屯區大誠里大墩二街17號,5000000,1120923
2558,27508331,家園網路資訊有限公司,臺中市龍井區新東里臺灣大道五段3巷62弄120號,11000000,1120926
2600,27607445,辰宇布業有限公司,臺中市沙鹿區鹿寮里星美東街106號,2000000,1120920
2601,27608471,鈺盛數位科技有限公司,臺中市南屯區京展街233號,2000000,1120908
2609,27625611,明源勝實業有限公司,臺中市大雅區二和里雅潭路四段430巷36弄26號1樓,500000,1120907
2632,27664819,嶄立科技股份有限公司,臺中市西區自由路一段101號8樓之3,6000000,1120907
2638,27675365,聖崴科技股份有限公司,臺中市大雅區員林里大雅路309號1樓,12000000,1120905
2682,27773133,華利信資本股份有限公司,臺中市北屯區水景里水景街67巷11號2樓,100000000,1120919
2686,27776862,資生網路事業有限公司,臺中市西區柳川東路二段86號22樓之3,500000,1120905
2688,27782837,揚恩科技有限公司,臺中市神岡區北庄里中山路1010巷2之5號,20000000,1120907
2700,27814845,觀境設計股份有限公司,臺中市南屯區向心里文心南路39號1樓,19500000,1120927
2706,27824267,康寶藥膳餐飲股份有限公司,臺中市北區育德里美德街300號,5000000,1120912
2714,27837328,綠點戶外股份有限公司,臺中市北區崇德路一段171號,5200000,1120915
2729,27859461,汗王有限公司,臺中市潭子區旱溪西路七段489號,2000000,1120907
2736,27877019,豐呈科技股份有限公司,臺中市烏日區湖日里環河路三段798號1樓,4000000,1120912
2738,27885860,華豐興股份有限公司,臺中市南屯區南屯路二段408號11樓之9,26000000,1120912
2742,27897660,真想家房地產經紀業有限公司,臺中市豐原區南陽里南陽路301巷3弄34號1樓,2000000,1120926
2743,27898464,釸達精密股份有限公司,臺中市大雅區民生路一段191巷12號,20243380,1120905
2744,27898909,昶信塑膠工業股份有限公司,臺中市沙鹿區鹿寮里賢義街83號1樓,6000000,1120901
2746,27902191,遠廣實業股份有限公司,臺中市西區公正里大進街206號1樓,200010000,1120912
2756,27910447,廣宣廣告企劃有限公司,臺中市南區美和街66巷11號8樓之2,1000000,1120926
2758,27915230,住久建設開發有限公司,臺中市北區中清路一段89號12樓之6至12樓之7,15000000,1120912
2759,27915822,岳驊企業有限公司,臺中市烏日區螺潭里環中路八段1185-16號1樓,2000000,1120926
2819,28042207,專誠開發實業有限公司,臺中市北屯區大德里平德路1巷80號1樓,10000000,1120911
2821,28043424,冠京資源回收有限公司,臺中市南區福平里光輝街124號1樓,25000000,1120920
2835,28066761,微聚生工股份有限公司,臺中市大里區科技路3號8樓之1,25000000,1120912
2837,28068536,普心企劃工程股份有限公司,臺中市北屯區平和里瀋陽路二段135號1樓,1000000,1120926
2850,28090410,順利塑膠實業有限公司,臺中市太平區宜佳里宜佳街8巷25號1樓,10000000,1120928
2858,28105309,舜瑞科技有限公司,臺中市西區梅川東路一段50號1樓,1000000,1120921
2870,28124426,富幫精密科技有限公司,臺中市太平區宜佳里市民大道一段113號,1000000,1120926
2883,28141868,元拓建設股份有限公司,臺中市西屯區西屯路二段256巷6號7樓之8,10000000,1120915
2885,28145787,捷暢國際股份有限公司,臺中市東區東信里樂業路490號1樓,5000000,1120919
2953,28310744,雨盛有限公司,臺中市西區民龍里臺灣大道二段285號31樓,1000000,1120914
2956,28318400,美琦實業有限公司,臺中市大肚區王田里興和路310號1樓,1000000,1120919
2957,28320530,寶順興開發實業股份有限公司,臺中市西屯區國安一路168號3樓之3,80000000,1120906
2977,28360547,樂鴻冷凍食品有限公司,臺中市大里區大元里大衛一街10號,25000000,1120907
2981,28369580,尚昱國際興業股份有限公司,臺中市南屯區保安三街121號,15100000,1120918
2991,28386504,利閎企業有限公司,臺中市南屯區文山里寶山三街3號5樓之9,5000000,1120919
2992,28387449,中鹿汽車客運股份有限公司,臺中市南屯區永春南路429號,100000000,1120922
3045,28495003,聚豐資產管理股份有限公司,臺中市北屯區水景里水景街67巷11號2樓,10000000,1120919
3056,28509323,品冠行銷股份有限公司,臺中市沙鹿區錦華街17號2樓,280000000,1120901
3060,28525597,盟巨精密工業有限公司,臺中市北屯區軍功里軍和街91之1號2樓,1000000,1120927
3069,28541409,華利信資產管理股份有限公司,臺中市北屯區水景里水景街67巷11號2樓,49000000,1120919
3075,28547895,寶信精密工業有限公司,臺中市大里區新仁里新仁三街37號,10000000,1120906
3078,28555873,詠裕環保有限公司,臺中市北屯區軍和街491號12樓,3000000,1120921
3080,28557507,佑欣管理顧問股份有限公司,臺中市東區東信里東英五街62號2樓,50000000,1120920
3086,28563629,信達管理顧問股份有限公司,臺中市西區民生里康樂街17號,3100010,1120901
3089,28568589,欣旺宏建設股份有限公司,臺中市西屯區上安里上安路11巷43號13樓之3,5000000,1120907
3093,28572492,鈦銥電通股份有限公司,臺中市大雅區上楓里楓林街510號,5000000,1120918
3098,28587592,山葉企業股份有限公司,臺中市清水區橋頭里民有路37巷2號1樓,2000000,1120927
3100,28590111,士燿國際股份有限公司,臺中市西屯區市政路386號18樓之6、之7、之8,25000000,1120923
3129,28630296,永寶科技股份有限公司,臺中市潭子區大豐里潭富路二段288號2樓,60000000,1120926
3132,28631366,瑿岱資材股份有限公司,臺中市大雅區二和里雅潭路四段377巷10號,1000000,1120901
3135,28637349,邑承裝潢股份有限公司,臺中市西屯區廣福里廣福路161巷1之1號,1500000,1120920
3140,28644192,鑽銓科技有限公司,臺中市北屯區陳平路117巷48弄7號1樓,3500000,1120905
3147,28651453,韋崙投資有限公司,臺中市西屯區工業區34路35號3樓,60000000,1120913
3152,28659672,青松健康股份有限公司,臺中市大里區夏田里中投西路三段217號,551950000,1120925
3154,28661396,固揚企業有限公司,臺中市太平區太順路405號13樓之1,5000000,1120921
3155,28663325,正統國際企業有限公司,臺中市大里區立仁里好來一街122號1樓,10050000,1120918
3157,28666977,承達水泥有限公司,臺中市南區美村路二段109巷11號1樓,58880000,1120927
3172,28692291,正新電材股份有限公司,臺中市北屯區水景里三甲東街261號1樓,8000000,1120906
3196,28725883,威肯國際設計有限公司,臺中市南屯區文心路1段181號1樓,5000000,1120926
3199,28729240,傳祐工業有限公司,臺中市龍井區工業路177巷17之5號,1000000,1120915
3200,28730422,笠勝工業有限公司,臺中市大雅區民生路四段139巷52號1樓,3000000,1120905
3211,28747768,思創股份有限公司,臺中市東區旱溪五街48巷23號1樓,96000000,1120906
3212,28750382,新和生活科技股份有限公司,臺中市太平區宜昌里中山路三段67巷62弄7號1樓,7000000,1120901
3214,28753487,澤兆昇醫藥生技有限公司,臺中市沙鹿區北勢里北中一街1巷7號1樓,500000,1120913
3217,28762789,景祥凱工業股份有限公司,臺中市西屯區東大路一段721號,23000000,1120907
3220,28766342,惠信建設股份有限公司,臺中市北區育德里育德路98號1樓,546000000,1120928
3223,28767546,協盛空油壓有限公司,臺中市豐原區西湳里三豐路二段17巷15弄2號1樓,3000000,1120907
3225,28772695,廣達國際開發有限公司,臺中市太平區永豐路265號,500000,1120901
3228,28775237,奇幻家族旅行社有限公司,臺中市梧棲區大仁路二段353巷6號6樓之6,6000000,1120927
3229,28775399,巨騰規劃設計有限公司,臺中市龍井區新興路45巷2之2號一樓,1000000,1120911
3234,28780421,先鋒瑞寶有限公司,臺中市北區賴厝里梅川西路三段66號9樓,5000000,1120919
3241,28788042,廣竑奇光電科技有限公司,臺中市西屯區大安西街32號2樓,10000000,1120915
3254,28810939,傑宇金屬有限公司,臺中市霧峰區民生路347之7號1樓,5000000,1120926
3256,28819468,華擎生技有限公司,臺中市神岡區豐洲里豐洲路135巷1弄15之3號4樓,1000000,1120915
3278,28860228,阿尼西母資產管理股份有限公司,臺中市北屯區水景里水景街67巷11號2樓,5000000,1120919
3286,28873119,哲鉦有限公司,臺中市神岡區豐洲路135巷1弄39號1樓,1000000,1120926
3287,28875572,瑪莎拉食品有限公司,臺中市大甲區武曲里大安港路321之1號,7100000,1120914
3293,28882742,釧陽國際股份有限公司,臺中市西屯區福雅路111巷6號1樓,3000000,1120906
3294,28884164,布林系統傢俱有限公司,臺中市西區三民路一段127巷3號,13000000,1120915
3295,28884544,歐興國際科技有限公司,臺中市北屯區大德里雷中街18巷7號1樓,500000,1120906
3296,28885255,承維實業有限公司,臺中市神岡區神圳路25之5號1樓,5000000,1120920
3307,28907259,旭洋實業有限公司,臺中市龍井區蚵寮路251巷308號,6000000,1120922
3310,28914028,東大電業工程股份有限公司,臺中市北屯區仁美里環中路一段355號1樓,30000000,1120914
3313,28925475,雷尼紹股份有限公司,臺中市南屯區文山里精科七路2號2樓,3000000,1120919
3322,28944070,征翰機械股份有限公司,臺中市沙鹿區鹿峰里星河路304之10號,29000000,1120920
3326,28954251,勝豐新國際有限公司,臺中市豐原區鎌村里鎌村路465巷89號1樓,7000000,1120912
3327,28954338,易徠可有限公司,臺中市大里區健民里校前路26巷16之6號,2800000,1120908
3329,28956791,天眼衛星科技股份有限公司,臺中市北屯區水湳里文心路三段447號29樓,43947030,1120918
3332,28960182,上鎧科技有限公司,臺中市大里區健民里健民路39巷25號1樓,500000,1120915
3333,28961598,琥德企業有限公司,臺中市西區館前路55號8樓之5,1000000,1120908
3335,28963049,正華包裝有限公司,臺中市神岡區圳堵里公園街8號2樓,5000000,1120913
3407,29080946,怡得國際有限公司,臺中市北區明新里中清路一段447號16樓之3,42500000,1120908
3408,29082607,晶堂科技股份有限公司,臺中市北區育德里健行路721巷8號1樓,6000000,1120925
3411,29090206,跨界策略顧問股份有限公司,臺中市西屯區朝富路213號21樓之10,19140000,1120912
3412,29090732,昇鴻構造有限公司,臺中市烏日區螺潭里慶光路98之26號,8000000,1120922
3413,29095477,德建投資股份有限公司,臺中市大里區國光路二段259號4樓之1,29800000,1120927
3416,29100443,至誠鮮果貿易有限公司,臺中市南區工學里大慶街1段102巷1之6號1樓,15000000,1120926
3420,29110049,元証環保科技股份有限公司,臺中市南屯區大業里大進街490號10樓之3,40000000,1120918
3421,29112264,艾妮卡國際美容事業股份有限公司,臺中市北區瑞祥街28號,4000000,1120907
3422,29112692,大登國際企業有限公司,臺中市龍井區龍新路12號1樓,700000,1120921
3423,29113221,鑫德貿易有限公司,臺中市南屯區大業里大進街536之16號8樓,1000000,1120925
3428,29123163,聯萬科技實業有限公司,臺中市太平區光興路2140巷145號1樓,6000000,1120919
3433,29128012,倫展儀器有限公司,臺中市南屯區永定里永春東六路339號1樓,500000,1120901
3435,29129672,可翔科技有限公司,臺中市南區福興里五權南路167號地下一層樓之6,50000000,1120915
3475,29183197,鼎赫生物科技股份有限公司,臺中市西屯區科園路26號2樓,30000000,1120905
3476,29183252,台灣諾恩美生技股份有限公司,臺中市大雅區科雅路六號,68200000,1120901
3481,29186949,開力肯材料科技股份有限公司,臺中市梧棲區草湳里經三路39號,165000000,1120922
3484,29188405,信鴻事業股份有限公司,臺中市大里區東湖里中興路一段159號3樓,1000000,1120928
3508,30959669,立穩機電技術股份有限公司,臺中市南屯區文山里精科東路7號,105000000,1120908
3562,34375081,裕弘營造股份有限公司,臺中市北區賴福里太原路二段88號11樓之3,100000000,1120923
3571,34523920,新鑫機電工程股份有限公司,臺中市南屯區春社里永春南路430巷68之28號,13000000,1120919
3699,42615471,想樂貿易有限公司,臺中市西區公平里東興路三段196號,500000,1120926
3734,42653397,凱威汽車配件有限公司,臺中市南區美和街42號,1800000,1120915
3743,42660340,新穎興業有限公司,臺中市中區綠川里民族路23號4樓之2,1200000,1120922
3744,42660806,理元建設股份有限公司,臺中市南屯區大業里公益路二段51號13樓,40000000,1120901
3745,42660828,鑫聯盛企業有限公司,臺中市南區美村路二段186號6樓之1,15000000,1120927
3747,42662213,金銘富工程有限公司,臺中市北屯區和平里正道街310號1樓,10000000,1120915
3748,42663135,福食多利股份有限公司,臺中市西屯區工業區一路121號1樓,5000000,1120907
3749,42665979,國昌企業有限公司,臺中市清水區東山里神清路98之6之1號,1000000,1120908
3750,42666169,國企投資有限公司,臺中市北屯區中平路516號1樓,500000,1120919
3752,42670620,百禾農場有限公司,臺中市北屯區平陽里安順北二街30號1樓,2100000,1120901
3754,42671867,傳奇實業股份有限公司,臺中市南區忠明南路758號11樓,60000000,1120911
3756,42673598,展揚旅行社股份有限公司,臺中市西區臺灣大道二段289號1樓,10000000,1120920
3757,42674652,安悅投資有限公司,臺中市北屯區仁愛里四平路63號1樓,10000000,1120921
3758,42676390,寰宇移民顧問有限公司,臺中市西屯區潮洋里朝富路213號19樓之9,10500000,1120901
3759,42676618,國銨起重工程有限公司,臺中市梧棲區福德里中央路二段306巷27號1樓,300000,1120913
3760,42676933,達達服務有限公司,臺中市北區崇德路一段629號7樓之2,5000000,1120921
3761,42677948,建瑩汽車零件有限公司,臺中市大里區鐵路街122巷24號1樓,1000000,1120905
3762,42678094,星銀有限公司,臺中市神岡區溪洲里福民路155號,500000,1120914
3763,42678664,泉真木業有限公司,臺中市大雅區員林里大林路337巷23號1樓,800000,1120911
3764,42679994,昇宏廚具有限公司,臺中市南區積善里興大路380號1樓,500000,1120913
3765,42682105,久賞有限公司,臺中市北區新北里育才街6巷2之1號1樓,700000,1120915
3766,42683195,靉匠沐坊裝璜有限公司,臺中市北屯區三和里東山路一段50巷60弄8之2號3樓,500000,1120914
3767,42685659,都安保全股份有限公司,臺中市沙鹿區福興里17鄰福成路130巷18號,40000000,1120911
3768,42687410,瑞利通國際管理顧問股份有限公司,臺中市梧棲區文昌路405號1樓,10000000,1120906
3769,42687517,慶雲投資有限公司,臺中市北區建興里崇德路一段157號1樓,1000000,1120911
3770,42687707,聚客資訊有限公司,臺中市南屯區同心里文心路一段186號9樓之2,5000000,1120905
3771,42688332,上緯太陽能有限公司,臺中市西屯區中康三街28號,21280000,1120908
3775,42701840,商鉅國際有限公司,臺中市清水區槺榔里港都路165號12樓之6,28250000,1120913
3830,42750118,進陽國際貿易股份有限公司,臺中市東區力行路200巷15號10樓之3,1000000,1120913
3840,42763850,邦喬股份有限公司,臺中市龍井區南社路二段26號,6000000,1120915
3846,42769475,夏馬城市生活股份有限公司,臺中市南屯區新生里龍富路三段668號1樓,10000000,1120918
3849,42770402,仟育鼎企業有限公司,臺中市西屯區大鵬里文心路三段241號21樓之2,3000000,1120927
3945,42871099,振德宏有限公司,臺中市北區新北里錦南街19號1樓,2000000,1120919
3946,42871561,千勝股份有限公司,臺中市西屯區文心路三段159號1樓,70000000,1120925
3947,42872668,頂鮮餐飲有限公司,臺中市南屯區文心路一段29號1樓,6000000,1120906
3948,42873168,曾順利國際有限公司,臺中市西屯區福林里西屯路三段159之17號12樓之3,600000,1120918
3950,42875270,安承國際有限公司,臺中市南區工學北路153號3樓之2,2200000,1120905
3951,42876242,未來電影國際有限公司,臺中市大雅區大雅路28號1樓,100000,1120907
3952,42880457,青田生物科技股份有限公司,臺中市西屯區朝富路213號9樓之1,2000000,1120905
3953,42880652,健諾克有限公司,臺中市北區忠太西路103號1樓,7500000,1120928
3954,42880999,新尚食品機械有限公司,臺中市東區東門里天乙街94巷15號1樓,1500000,1120919
3955,42881913,鼎力保全股份有限公司,臺中市北區健行里忠明路432號6樓之1,40000000,1120919
3957,42884658,龍馬國際商貿事業有限公司,臺中市烏日區烏日里民生八街22號,1100000,1120925
3958,42884664,火麒麟國際科技有限公司,臺中市烏日區民生八街22號,1100000,1120926
3960,42887177,笠暘國際有限公司,臺中市大甲區東西七路一段293號2樓,3500000,1120915
3961,42888280,宇星投資有限公司,臺中市南區柳川西路一段21號1樓,10000000,1120901
3963,42889252,伊筆設計室內裝修有限公司,臺中市南區西川里崇倫北街27巷9號,1000000,1120911
3965,42891362,旭立興業有限公司,臺中市中區柳川里臺灣大道一段416號1樓,500000,1120920
3966,42892313,鼎穎自動機械有限公司,臺中市烏日區大同路21號1樓,1000000,1120913
3967,42894369,華訊信息科技有限公司,臺中市大里區東興里永興路265巷1號1樓,500000,1120920
3968,42895471,金倢股份有限公司,臺中市西屯區何南里臺灣大道二段715號6樓之4,1100000,1120922
3971,42898941,守承實業有限公司,臺中市北區錦洲里富強街113號,2000000,1120906
3978,42903326,未來教育顧問股份有限公司,臺中市南區忠明南路789號24樓,77524163,1120921
4049,42980527,東方誠有限公司,臺中市南屯區向心里南屯路二段393號1樓,200000,1120913
4080,43033467,貝里斯商裕苑股份有限公司,臺中市南屯區大英街640號,10000000,1120905
4211,45127377,上和冷氣空調有限公司,臺中市西屯區臺灣大道二段910號11樓之5,3500000,1120906
4227,45145467,星盈資產管理顧問有限公司,臺中市西屯區臺灣大道三段789號19樓之1,1000000,1120908
4228,45146228,鋐達有限公司,臺中市北屯區一新一街30巷16號,200000,1120918
4229,45146965,欣捷有限公司,臺中市北區錦中街82號,2200000,1120920
4230,45147606,世杰營造有限公司,臺中市大雅區大雅里中清北街17號8樓之1,30000000,1120918
4231,45148696,東威廣告有限公司,臺中市北區太原路1段490號3樓之1,500000,1120901
4232,45149864,勝琪國際有限公司,臺中市大雅區中山北路151巷2號,8010000,1120927
4233,45149935,漢諹系統科技有限公司,臺中市沙鹿區興安里興安路64之3號4樓之21,13000000,1120915
4237,45192427,翔舜鋼構有限公司,臺中市大里區中興路二段741之2號1樓,2000000,1120911
4238,45194017,佑實工程有限公司,臺中市潭子區興華一路181號1樓,1000000,1120918
4239,45197366,心馳冷凍食品有限公司,臺中市豐原區社皮里一心路167號1樓,400000,1120928
4241,45878638,法僑有限公司,臺中市南屯區惠中里公益路二段185號14樓之1,500000,1120906
4243,45879926,誠恩國際有限公司,臺中市潭子區家興里中山路一段1巷8號1樓,60000000,1120912
4244,45880655,七色水晶框有限公司,臺中市太平區新興里新興二街130號4樓之1,2000000,1120901
4245,45880923,巧恩室內裝修設計有限公司,臺中市中區公園里自由路二段9之7之31號,1000000,1120905
4246,45881676,超群創能科技股份有限公司,臺中市霧峰區舊正里光明路27巷23號1樓,25000000,1120920
4247,45882274,耀賸不動產仲价有限公司,臺中市南屯區向上南路一段201號1樓,500000,1120927
4248,45883098,昌泰開發股份有限公司,臺中市大甲區日南里工十路8號,50000000,1120919
4250,45883891,聿發國際貿易有限公司,臺中市太平區新吉里新吉路54巷21弄37號1樓,1000000,1120927
4251,45886200,慧穩科技股份有限公司,臺中市西屯區市政路500號7樓之6,16920000,1120919
4252,45887377,永安開發國際有限公司,臺中市西屯區福林里西屯路三段宏福五巷4弄8號2樓,500000,1120901
4253,45887432,研大國際有限公司,臺中市大肚區頂街里沙田路三段31號,5000000,1120918
4254,45888158,北極興冷凍食品有限公司,臺中市烏日區三和里學田路68號,2000000,1120913
4255,45889500,鈞竑科技股份有限公司,臺中市北屯區舊社里北屯路453之6號,1000000,1120915
4256,45889620,中儀投資股份有限公司,臺中市南屯區新生里益豐路四段387號4樓之2,1000000,1120927
4257,45890422,永全鷹架有限公司,臺中市北區頂厝里漢口路四段371號10樓之2,500000,1120926
4258,45891371,富沂有限公司,臺中市太平區中興里永義路156號,10000000,1120913
4282,46182741,倢暘股份有限公司,臺中市清水區槺榔里中橫十四路83號,4000000,1120921
4344,50765156,瀚澤數位科技有限公司,臺中市西屯區惠來里市政路402號23樓之6,12000000,1120918
4386,50787876,合順租賃股份有限公司,臺中市烏日區烏日里民族街8號1樓,5000000,1120927
4418,50810666,菲釩新能源有限公司,臺中市龍井區舊車路89之70號1樓,1800000,1120901
4419,50810975,裕元營造股份有限公司,臺中市北屯區松竹里河北二街36號24樓之8,23000000,1120920
4420,50812003,佳鑫鍛品有限公司,臺中市太平區東平路741巷2弄6號,6000000,1120918
4421,50812138,天信投資有限公司,臺中市西屯區永安里玉門路233號20樓之1,20000000,1120927
4422,50812186,雍盛營造有限公司,臺中市大里區中興路二段747巷85號1樓,6000000,1120911
4423,50812849,伯耐特有限公司,臺中市西區民龍里臺灣大道二段285號4樓之2,100000,1120925
4424,50813925,享賀餐飲開發顧問有限公司,臺中市北屯區平順里昌平路一段388號7樓之1,2000000,1120915
4426,50814558,龍策遠端有限公司,臺中市南屯區大聖街228號1樓,100000,1120908
4427,50815310,臺灣風能訓練股份有限公司,臺中市清水區北堤路1之10號,100000000,1120901
4428,50817437,永豐泰地產股份有限公司,臺中市西區民龍里民權路239號4樓,900000,1120913
4429,50818288,蓁廣不動產開發有限公司,臺中市北屯區后庄路153號,1000000,1120908
4430,50819456,嵐景建設股份有限公司,臺中市西屯區福上巷216弄40號1樓,11000000,1120921
4431,50822207,聚和行銷顧問有限公司,臺中市太平區新坪里環中東路三段103號,800000,1120908
4432,50822311,龍加慶有限公司,臺中市大里區西湖里草堤路158巷13弄臨22號,5000000,1120926
4433,50822380,新買乎國際精品有限公司,臺中市大甲區孟春里經國路2025號,1500000,1120926
4434,50824845,聚禾豐股份有限公司,臺中市西屯區經貿路二段326號1樓,8000000,1120919
4435,50824922,桓暘投資有限公司,臺中市東勢區新盛里新盛九街2號1樓,13000000,1120901
4437,50825772,品優有限公司,臺中市中區綠川里綠川西街181號1樓,2000000,1120913
4439,50827414,麒鈞有限公司,臺中市大雅區員林里大林路294號,4600000,1120908
4440,50828618,久郁企業有限公司,臺中市梧棲區草湳里臨港路三段451號2樓,1000000,1120923
4441,50830065,金地行銷有限公司,臺中市西區安龍里忠勤街336號7樓之2,2500000,1120922
4442,50831424,翃宇塑膠有限公司,臺中市大肚區遊園路二段133巷89號8樓之2,1000000,1120923
4443,50831487,光緻工程有限公司,臺中市北屯區東山路一段189之13巷2之5號1樓,4000000,1120919
4444,50832140,順利寶營造有限公司,臺中市西屯區大墩十四街194號2樓,3600000,1120911
4445,50832401,鴻鎵科技股份有限公司,臺中市西屯區逢福里河南路二段262號7樓之10,455000000,1120919
4447,50833534,薆米克企劃有限公司,臺中市北區進化北路238號19樓之1,2500000,1120906
4448,50833680,柏誠國際有限公司,臺中市南屯區新生里益豐路四段513號,500000,1120912
4449,50834082,典昀顧問有限公司,臺中市北屯區和平里建和路二段307號12樓之5,502000,1120922
4450,50834554,順順發實業股份有限公司,臺中市外埔區水美里二崁路588巷10號,1000000,1120922
4451,50834652,元大禾有限公司,臺中市大甲區岷山里大發路83巷19號1樓,12000000,1120920
4452,50834956,大判燒實業有限公司,臺中市北區明德里華美街二段82號5樓之19,100000,1120918
4453,50835147,明宏一有限公司,臺中市西屯區福瑞里東大路一段398號6樓之2,2000000,1120911
4454,50836764,亞伯特企業股份有限公司,臺中市梧棲區草湳里自立四街95號,36000000,1120907
4455,50837861,明佳興投資股份有限公司,臺中市北屯區苧園48巷3弄12號1樓,20000000,1120927
4456,50838587,凰馬有限公司,臺中市大里區仁德里仁福街39號1樓,100000,1120911
4457,50838989,琩瓏營造股份有限公司,臺中市西屯區華美西街二段373之1號1樓,12100000,1120906
4458,50839827,君彥投資有限公司,臺中市西區民龍里公益路155巷5號1樓,15000000,1120907
4476,50853340,尚湧科技股份有限公司,臺中市太平區東平里東平路622號4樓,1000000,1120907
4490,50865063,鑫南工程股份有限公司,臺中市清水區槺榔里港新五路239號13樓之7,1000000,1120906
4501,50872748,澄風科技有限公司,臺中市西區華美街174號,30000000,1120922
4513,50880331,禧瑞國際股份有限公司,臺中市西屯區台灣大道三段729巷66號1樓,36818500,1120922
4699,51074905,三櫻企業股份有限公司,臺中市梧棲區草湳里經三路47號,444985000,1120928
4703,51252008,全亞洲生技製藥股份有限公司,臺中市南區復興路一段7號1樓,6000000,1120912
4704,51275500,安輪運通股份有限公司,臺中市梧棲區臨港路三段960號1樓,32000000,1120913
4705,51312532,昇大企業有限公司,臺中市北屯區東山路一段367號,5000000,1120921
4707,51324657,明海文具印刷有限公司,臺中市東區建成路644號,3000000,1120925
4708,51326774,欣中天然氣股份有限公司,臺中市西屯區天水中街36號,1803073160,1120927
4709,51385605,香港商高通基因有限公司,臺中市西屯區大信街52號3樓之2,200000,1120928
4710,51525991,真善美交通事業股份有限公司,臺中市南屯區向心路105之7號1樓,10000000,1120919
4712,51813803,臺中電子股份有限公司,臺中市南區仁和路276號1樓,20000000,1120922
4725,52255714,中巿交通企業有限公司,臺中市西屯區上德里智惠街83號1樓,5000000,1120906
4731,52274487,大田油壓機工業股份有限公司,臺中市霧峰區豐正路工業巷15號,166000000,1120915
4736,52291155,三有樹脂股份有限公司,臺中市中區建國路161號,6000000,1120922
4749,52337390,台茂寬騰生技股份有限公司,臺中市大肚區王田里王福街1號,78000000,1120907
4753,52358985,立隆電子工業股份有限公司,臺中市大里區國光路1段147號,1647351370,1120901
4761,52408459,忠美家具工業股份有限公司,臺中市北區崇德路一段532號1樓,9810000,1120926
4773,52464141,統力興業股份有限公司,臺中市南屯區南屯里永春東六路258號1樓,12000000,1120923
4783,52499893,正五傑機械股份有限公司,臺中市西屯區工業區三十四路12號1至3樓,100000000,1120911
4785,52500955,三力印刷企業股份有限公司,臺中市西屯區大河里福上巷171之8號,36000000,1120925
4787,52502433,金招企業股份有限公司,臺中市西區忠明南路270號10樓之3,6000000,1120907
4793,52524653,聖暉工程科技股份有限公司,臺中市西屯區文心路二段201號19樓之1,615888785,1120907
4794,52525230,宗彥機械股份有限公司,臺中市大里區西湖里西湖路242之1號,5000000,1120907
4797,52530661,勝界興業有限公司,臺中市東區仁和路431號1樓,2000000,1120928
4811,52559391,共茂工業股份有限公司,臺中市烏日區五光里五光路189巷78號4樓,86700000,1120908
4813,52573231,環球教育訓練股份有限公司,臺中市西區五權路1之67號11樓之2,1000000,1120907
4823,52595495,益笙彩藝股份有限公司,臺中市大雅區四德里中清路三段753號,5200000,1120905
4824,52596847,諒奇股份有限公司,臺中市西區後龍里民權路231之1號3樓,70220000,1120923
4842,52643567,脈動心聯股份有限公司,臺中市西區美村路一段22號7樓之5,8000000,1120922
4862,52759898,旺欉鋁業有限公司,臺中市大甲區日南里東二街31號,30000000,1120905
4864,52784171,邦泰複合材料股份有限公司,臺中市潭子區豐興路2段龍興巷23號之6,954660000,1120906
4873,52801729,本土股份有限公司,臺中市大里區金城里四育街45號,372346500,1120905
4892,52886493,星聯實業股份有限公司,臺中市西屯區大河里大河街36號,25000000,1120913
4895,52889822,春錫機械工業股份有限公司,臺中市太平區工業路189號1樓,460000000,1120927
4926,53033629,滬昇生物科技有限公司,臺中市北區太原北路198-2號,3000000,1120926
4931,53041521,期崧有限公司,臺中市西區忠誠里忠明路74巷1弄6號3樓,1000000,1120925
4932,53043648,宏亞冷氣工程有限公司,臺中市西屯區福林路31巷16號1樓,5000000,1120921
4934,53044962,風火投資有限公司,臺中市北屯區水景里水景街67巷11號2樓,33900000,1120918
4941,53055019,緯斯特有限公司,臺中市神岡區社南里中山路667巷26弄16號,10000000,1120912
4944,53066199,曼特寧有限公司,臺中市西區金山路10號5樓之5,1000000,1120908
4949,53072592,世鎰鍛品工業有限公司,臺中市太平區東平路741巷2弄15號,68000000,1120920
4950,53076534,金洋生技事業有限公司,臺中市北區健行里民權路502之1號,1000000,1120918
4951,53077689,蓋亞汽車股份有限公司,臺中市烏日區高鐵一路299號7樓,755538550,1120914
4954,53078385,笛格企業有限公司,臺中市北區頂厝里進化北路259號14樓之6,2600000,1120908
5007,53130713,億泰特殊鋼股份有限公司,臺中市大里區仁化工十二路129號2樓,1000000,1120906
5016,53141893,勤振工程有限公司,臺中市龍井區國際街253巷6弄16號,5500000,1120926
5019,53144961,晨昇實業有限公司,臺中市西屯區逢甲里逢甲巷13號1樓,5000000,1120908
5024,53149847,三海王有限公司,臺中市豐原區三豐路二段549巷112號,1500000,1120918
5036,53167605,億鑫國際行銷有限公司,臺中市西屯區文心路二段201號11樓之3,1000000,1120915
5037,53169625,主豐欣業有限公司,臺中市北區邱厝里美德街4號1樓,3000000,1120922
5043,53173183,炟坤數位有限公司,臺中市北區錦洲里國泰街98巷1號3樓,5000000,1120911
5113,53261995,邦奇貿易股份有限公司,臺中市西屯區臺灣大道3段658號8樓之2,12000000,1120905
5118,53266268,貫群建設有限公司,臺中市北屯區同榮里更生巷212號1樓,6500000,1120915
5119,53267999,有朋科技有限公司,臺中市南屯區三和里干城街328號14樓,8100000,1120906
5136,53295566,龍銓工程有限公司,臺中市龍井區龍泉里沙田路五段龍目井126巷8號1樓,3000000,1120925
5139,53297728,元鉅建設股份有限公司,臺中市西屯區西屯路二段256巷6號7樓之8,30000000,1120915
5143,53300569,京輝建設有限公司,臺中市西區公正里東興路三段160號3樓之5,3000000,1120906
5146,53302671,台灣尼得科傳動技術股份有限公司,臺中市西屯區臺灣大道四段925號14樓之1,6000000,1120925
5152,53309098,克美有限公司,臺中市大雅區大楓里雅楓街109號,5000000,1120921
5194,53366230,冠品綠能科技股份有限公司,臺中市大里區日新里福大北路74巷50號,45000000,1120913
5195,53366371,汐茂材料科技有限公司,臺中市大甲區大安港路164號,1000000,1120919
5198,53369026,佳鼎盛企業有限公司,臺中市西區精誠二十九街23號1樓,2000000,1120911
5206,53373957,田屋科技股份有限公司,臺中市太平區太平里永平路三段143號,100000000,1120906
5207,53376053,琩裕營造有限公司,臺中市西屯區何源里華美西街二段373之1號1樓,10000000,1120906
5208,53376531,京漾生技事業股份有限公司,臺中市西屯區工業區三十五路3號2樓,93435000,1120918
5213,53379827,冠昱機械股份有限公司,臺中市清水區國姓里臨海路40號,10000000,1120906
5218,53389825,世康生技股份有限公司,臺中市北區德化街133號2樓,20000000,1120906
5220,53392716,鑫大立開發有限公司,臺中市西區梅川西路一段107號,5000000,1120927
5228,53405199,源崑吉工業股份有限公司,臺中市大里區仁化里工業八路50號,35000000,1120905
5230,53408597,飛行人國際有限公司,臺中市中區三民路二段46號8樓之3,5000000,1120923
5265,53470584,嘉益系統廚櫃有限公司,臺中市北屯區東光里北屯路298巷33號1樓,500000,1120919
5269,53471839,穎宸實業有限公司,臺中市大里區工業路35巷92號,59210000,1120915
5271,53473457,行富投資股份有限公司,臺中市西屯區市政北六路168號14樓之2,18640000,1120915
5273,53473739,金壕金屬有限公司,臺中市烏日區溪埧里溪南路一段238巷8弄36號2樓,12000000,1120907
5275,53475808,鴻揚技研股份有限公司,臺中市霧峰區中正路128號,13456000,1120922
5278,53477138,力沛有限公司,臺中市南區福順里福德街161號1樓,1000000,1120915
5280,53478663,綠色小舖生活事業有限公司,臺中市潭子區大豐里大豐東一街37巷3號5樓,700000,1120907
5281,53480458,沛豪國際有限公司,臺中市西屯區臺灣大道三段789號5樓之6,70000000,1120925
5282,53480627,巨杭機電工程有限公司,臺中市豐原區翁子里水源路680巷27號,2100000,1120906
5287,53486586,抱樸山房開發有限公司,臺中市北屯區仁和里松竹路三段618號1樓,5000000,1120911
5292,53495065,丹記投資股份有限公司,臺中市沙鹿區永寧路168-1號4樓,16000000,1120913
5293,53495305,丹寅投資股份有限公司,臺中市沙鹿區永寧路168-1號4樓,10000000,1120913
5296,53506014,乙嶸有限公司,臺中市北屯區水湳里文心路三段447號22樓之2,2000000,1120905
5298,53507750,首元投資開發股份有限公司,臺中市西屯區上德里臺灣大道三段376巷1號2樓,100000000,1120919
5299,53508012,得利資源回收有限公司,臺中市豐原區豐榮里源豐路158號8樓,200000,1120922
5301,53509785,可捷貿易有限公司,臺中市西屯區市政北三路143號1樓,20000000,1120919
5377,53602712,東坡居國際拍賣有限公司,臺中市西區自治街155號12樓之3,160000,1120906
5378,53603064,建瑩科技企業股份有限公司,臺中市北屯區平德里青島路三段3號,23000000,1120908
5383,53606338,明世代有限公司,臺中市大甲區中山里甲后路五段251巷10號1樓,65000000,1120911
5384,53607815,虹沛環境科技有限公司,臺中市潭子區大豐路二段151巷27號1樓,1000000,1120905
5387,53612084,城鎮廣告有限公司,臺中市北區淡溝里博館路88號10樓之1,500000,1120925
5388,53613892,創業家商務有限公司,臺中市西屯區中工二路192號6樓,260000,1120927
5389,53614061,蓮旺實業有限公司,臺中市神岡區社南里昌平路五段237巷121號1樓,500000,1120905
5391,53614822,鑫鑫龍精密工業有限公司,臺中市潭子區栗林里中山路三段305巷21號1樓,5000000,1120901
5392,53616722,東晨光開發顧問有限公司,臺中市南屯區同心里大墩一街284巷22號1樓,5500000,1120901
5394,53618778,有豐開發股份有限公司,臺中市南屯區龍富路四段521號4樓、5樓,160000000,1120913
5395,53618783,采晴有限公司,臺中市西屯區逢福里河南路二段262號11樓之11,3600000,1120922
5399,53624997,歐士有限公司,臺中市霧峰區六股里六股路16號1樓,3500000,1120923
5402,53630941,潤鴻科技有限公司,臺中市東勢區慶東里慶東街28之2號,4970000,1120912
5404,53637254,寰聖國際實業股份有限公司,臺中市西屯區林厝里科雅東路9號,301200000,1120923
5407,53640407,久昌工業有限公司,臺中市潭子區東寶里雅潭路三段東寶巷161號,1450000,1120907
5408,53640835,幸霖工程有限公司,臺中市大雅區四德里中山十二路18號1樓,1000000,1120923
5410,53645199,赫豐環保有限公司,臺中市沙鹿區斗潭路393巷53號1樓,5000000,1120915
5411,53646850,瑞淙實業有限公司,臺中市大雅區橫山里永和路六甲巷5之12號,3600000,1120921
5412,53647437,風閣娛樂事業有限公司,臺中市北屯區水景里景賢二路13號,1500000,1120901
5416,53659735,賽那美育樂開發股份有限公司,臺中市梧棲區中華路1段1098號,1962581280,1120926
5490,53782904,慧根有限公司,臺中市清水區高南里高美路477之15號1樓,1000000,1120914
5494,53785368,昶翰科技股份有限公司,臺中市神岡區中山路667巷23號,20000000,1120922
5502,53792071,裕潤有限公司,臺中市南屯區大業里大墩十四街192之1號4樓,1800000,1120918
5503,53792467,世吉不動產有限公司,臺中市豐原區西勢路155號1樓,500000,1120912
5506,53796576,家肯環保科技有限公司,臺中市西屯區協和里工業區一路98之130號4樓之2,28500000,1120914
5507,53801682,進昇能源股份有限公司,臺中市西區和龍里日新街74號,12000000,1120919
5508,53803871,汎朋實業股份有限公司,臺中市西區公平里忠明南路118號5樓之2,10000000,1120921
5511,53806336,舜大汽車租賃有限公司,臺中市北屯區和祥六街103號1樓,10000000,1120926
5512,53806820,日鼎事業有限公司,臺中市西屯區市政北七路186號11樓之2,6500000,1120911
5513,53809489,雅豐不動產企業有限公司,臺中市北屯區中清路二段95、97號1樓,2000000,1120908
5518,53811422,信偉開發建設有限公司,臺中市大甲區義和里經國路26號,37000000,1120912
5519,53813456,永嘉雙龍汽車股份有限公司,臺中市北屯區崇德路三段618號2樓,180000000,1120907
5527,53821239,台盛精密有限公司,臺中市太平區永平里大富街15號1樓,3000000,1120908
5532,53825050,快訊機電工程有限公司,臺中市北區建成里天祥街258號1樓,7400000,1120919
5534,53829035,林博健康實業有限公司,臺中市神岡區429台中市神岡區厚生路60號1樓,10000000,1120901
5540,53838490,威力特堆高機有限公司,臺中市北區長青里武昌南街10之1號4樓,2000000,1120921
5543,53839224,育賢建設有限公司,臺中市北屯區民德里東山路二段207號,1000000,1120918
5548,53842683,沅鋒精密有限公司,臺中市潭子區嘉仁里仁愛路二段140巷18號,3800000,1120923
5549,53843634,發宇企業有限公司,臺中市南屯區環中路四段110號1樓,10000000,1120912
5556,53854553,長風光學股份有限公司,臺中市潭子區潭陽里圓通南路94巷29號2樓,5000000,1120922
5558,53858024,果思管理顧問股份有限公司,臺中市西區民生里20鄰建國路21號1樓,3000000,1120923
5561,53862884,全騰惠中國際有限公司,臺中市西屯區惠來里惠中二街30號,5000000,1120914
5571,53877155,基創建設股份有限公司,臺中市西區吉龍里五權西五街149號2樓,77000000,1120913
5572,53877991,奕達投資股份有限公司,臺中市大里區新里里樹王路25巷8弄7號2樓,6000000,1120906
5643,53966277,玉淞實業有限公司,臺中市西屯區港尾里中清路二段1250巷130弄12號2樓,5000000,1120920
5644,53966305,上穩勞安有限公司,臺中市太平區新高里環中東路三段276號2樓,1000000,1120920
5645,53967846,財運汽車租賃有限公司,臺中市南屯區五權西路二段866之1號1樓,5000000,1120914
5647,53969921,旭緯實業有限公司,臺中市西區忠明南路303號15樓之5,110000000,1120922
5650,53974500,楨銫有限公司,臺中市北屯區仁美里長生巷26之30號1樓,2500000,1120911
5651,53980910,弘國行企業有限公司,臺中市西屯區朝富路213號9樓之1,2000000,1120905
5659,53989573,撒拉弗創意設計有限公司,臺中市霧峰區成功路6號,1000000,1120923
5660,53990369,茂美洋建設股份有限公司,臺中市大肚區遊園路一段117之1號3樓,201000000,1120915
5663,53992612,小視覺創藝有限公司,臺中市北屯區東山路二段250巷4弄21號1樓,500000,1120913
5664,53992818,大勝藥品有限公司,臺中市西屯區港尾里黎明路三段1206號,32500000,1120906
5671,53998067,六伸工業有限公司,臺中市大里區新仁里新仁二街20號,503000,1120922
5675,54000549,銘冠農業機械有限公司,臺中市北區大雅路670巷6弄8號1樓,6000000,1120912
5678,54003927,清田居有限公司,臺中市南區德義里忠孝路20號1樓,20000000,1120926
5680,54004622,馥珽國際股份有限公司,臺中市南屯區河南路四段433號,20000000,1120920
5682,54006728,秉紳股份有限公司,臺中市北屯區崇德路二段130號15樓,12000000,1120908
5716,54056424,台灣牛樟芝專業供應商股份有限公司,臺中市北屯區和平里祥順路二段238號1樓,2000000,1120920
5747,54090128,皇至開發有限公司,臺中市清水區秀水里海濱路181-3號1樓,3000000,1120907
5748,54090611,喬富鑫股份有限公司,臺中市北屯區文心路四段514號,3000000,1120905
5750,54095313,睛華光學眼鏡有限公司,臺中市沙鹿區晉江里北勢東路507-12號1樓,1000000,1120920
5755,54099599,棠帷國際投資股份有限公司,臺中市西屯區臺灣大道二段756號1樓,95700000,1120927
5756,54101814,欣閣室內裝修股份有限公司,臺中市南屯區新生里龍富路四段293號1樓,10000000,1120912
5761,54106331,泰陽健康企業有限公司,臺中市西區民龍里臺灣大道二段146號1樓,3120000,1120908
5762,54107492,久大塗裝工程有限公司,臺中市南屯區寶山里寶山五街150號1樓,3400000,1120920
5764,54109415,昱盛國際企業股份有限公司,臺中市南屯區三義里河南路四段168號5樓之3,10000,1120913
5766,54114509,峻昇塗料有限公司,臺中市霧峰區中投東路一段460巷15號1樓,5000000,1120919
5775,54124886,天寶真菌生技有限公司,臺中市南區樹義里文心南路901巷22號1樓,1000000,1120921
5780,54129307,樺麒科技有限公司,臺中市南屯區春社里忠勇路25號2樓,2000000,1120923
5781,54131198,鑫瑞昌國際有限公司,臺中市烏日區溪南路一段269號,5200000,1120925
5807,54168125,斯里瑪哈有限公司,臺中市西區公益北街45號1樓,500000,1120907
5841,54219383,誠熙出版社有限公司,臺中市大里區西榮里西榮路152巷34之4號,3500000,1120920
5842,54220327,敦煌廣告事業股份有限公司,臺中市西屯區大墩十七街78號,2400000,1120927
5844,54225104,奕德開發工程有限公司,臺中市烏日區溪南路一段213號,5000000,1120914
5847,54228329,中研國際股份有限公司,臺中市北屯區崇德路二段26號4樓,20000000,1120918
5848,54229875,元心建設股份有限公司,臺中市北屯區平心里安順東九街17號1、2樓,35000000,1120919
5849,54233929,裕洋聯運股份有限公司,臺中市西區英才路530號23樓之6,10000000,1120927
5850,54233934,葴誠創意設計有限公司,臺中市南區樹義里復興路一段152巷2號2樓,200000,1120905
5851,54234321,元特俐實業股份有限公司,臺中市神岡區新庄里和睦路一段592號,19400000,1120915
5853,54236159,悠久建築股份有限公司,臺中市北區中清路一段89號12樓之8,29000000,1120913
5855,54236720,曜比科技股份有限公司,臺中市南屯區大業里大聖街333號1樓,90070376,1120923
5857,54240421,乘騎國際物流有限公司,臺中市南區南平一街19號,7500000,1120922
5858,54242976,雅豐房屋仲介有限公司,臺中市大雅區中清路三段989號,3000000,1120908
5862,54251019,亞洲威網數位科技有限公司,臺中市南屯區惠中里惠文路536號5樓,6137550,1120915
5864,54254705,台慈軸承股份有限公司,臺中市西屯區市政北七路186號9樓之5,4000000,1120914
5867,54255486,圓城資產管理有限公司,臺中市北區陝西東二街38號4樓之9,2000000,1120920
5869,54258218,中揚光電股份有限公司,臺中市南屯區寶山里工業區22路21號,832128600,1120914
5870,54259693,怪獸老爸創意文化有限公司,臺中市太平區永成里永成北路92號,7000000,1120927
5873,54260538,晉億人力資源有限公司,臺中市北屯區北興里太原路三段562號7樓,5000000,1120919
5874,54261311,承德特殊鋼股份有限公司,臺中市烏日區光明里五光路607巷56號,26000000,1120915
5875,54261797,寬合建設股份有限公司,臺中市南區西川里三民西路238之3號1樓,50000000,1120926
5876,54261874,中信小客車租賃有限公司,臺中市南屯區文心路一段38號,6000000,1120926
5879,54263090,萬寶國際行銷股份有限公司,臺中市西屯區逢福里河南路二段173號1樓,10000000,1120906
5884,54268671,鍵新有限公司,臺中市大里區仁美路137巷27號1樓,3000000,1120920
5917,54305182,衛星科技股份有限公司,臺中市北區西屯路一段226之5號,247233650,1120926
5931,54327968,雲門益生科技有限公司,臺中市龍井區東海里遠東街28號2樓,5000000,1120922
5973,54387796,新加坡商佳樂自動化股份有限公司,臺中市西區英才路530號12樓之3,5000000,1120913
5983,54502022,富錦未來股份有限公司,臺中市北屯區太原路三段439號9樓,50000000,1120905
5984,54502368,信泰國際企業股份有限公司,臺中市西屯區何南里大墩二十街118號5樓之1,330000000,1120911
5985,54502698,澄品生活實業有限公司,臺中市霧峰區五福里五福西路88號,1000000,1120912
6034,54545893,樂山茶業股份有限公司,臺中市北屯區水景里水景街67巷11號2樓,6000000,1120927
6066,54579400,鎂捷士企業有限公司,臺中市北屯區東山路一段207巷24號1樓,1000000,1120918
6067,54581665,仙園國際有限公司,臺中市北屯區和平里環中東路二段288號及292號,280000,1120911
6068,54581721,元將營造工程股份有限公司,臺中市西屯區逢甲里西屯路二段256巷6號7樓之8,10000000,1120918
6069,54583050,警光國際物業股份有限公司,臺中市龍井區中央路三段213巷27弄2號2樓,10000000,1120925
6070,54583431,沐薇國際貿易有限公司,臺中市北屯區瀋陽路一段82之4號1樓,1680000,1120906
6071,54586107,寅材工程有限公司,臺中市清水區高北里海口北路104號,36700000,1120908
6072,54588674,延宇資訊股份有限公司,臺中市西屯區寶慶街50巷17號7樓之8,10000000,1120922
6073,54589913,森禾空間設計有限公司,臺中市西區後龍里民權路219號2樓,300000,1120912
6074,54590046,升允有限公司,臺中市南屯區干城街202巷35號,500000,1120926
6075,54591100,新光生命有限公司,臺中市北屯區文心路四段81號8樓之2,800000,1120905
6077,54595252,玉園人文有限公司,臺中市沙鹿區中山路535號6樓之4,2000000,1120922
6078,54595751,恩家室內裝修設計有限公司,臺中市北屯區平田里遼陽五街2之8號,1500000,1120922
6079,54596610,摩世達有限公司,臺中市西區公益路155巷9號7樓之1,5000000,1120913
6080,54597548,鼎鑫建材有限公司,臺中市南屯區田心里大墩六街319巷6號1樓,2000000,1120905
6081,54597723,伯樂貿易有限公司,臺中市西區忠明南路374號1樓,2000000,1120927
6082,54598589,全球商通有限公司,臺中市大里區東興里國光路二段500號5樓之5,500000,1120907
6083,54599567,喜樂通運有限公司,臺中市西屯區何成里大祥街10號2樓,5000000,1120913
6084,54599980,長科系統服務股份有限公司,臺中市南屯區惠中里文心路一段332號25樓之1,26000000,1120913
6085,54601682,源喜企業有限公司,臺中市西屯區西苑一街88號11樓之5,1000000,1120913
6086,54602556,磐騰建設開發有限公司,臺中市南區樹德里大慶街二段51號1樓,20000000,1120907
6087,54603437,天佑國際人力資源有限公司,臺中市南屯區向上路五段121號1樓,500000,1120915
6088,54603598,田莊投資股份有限公司,臺中市南區德義里忠孝路83之2號2樓,4825296,1120901
6089,54605998,梧桐建設股份有限公司,臺中市北屯區平和里瀋陽路二段171號1樓,50000000,1120915
6090,54606027,準線智慧科技股份有限公司,臺中市西屯區林厝里福雅路321巷10之1號,36263600,1120918
6091,54606125,大瑄食品有限公司,臺中市大肚區王福街858巷28弄41號1樓,7100000,1120912
6092,54606547,居逸有限公司,臺中市北屯區松和里松文街78號1樓,3946000,1120901
6093,54608171,荷語科技股份有限公司,臺中市潭子區潭子街三段公廳巷45號,2500000,1120925
6191,54725451,立捷健康事業股份有限公司,臺中市南區福順里忠明南路789號38樓之2,8000000,1120906
6201,54746456,鋒霖顧問有限公司,臺中市清水區槺榔里槺榔二街99號,600000,1120925
6202,54747005,睿泰工程顧問有限公司,臺中市南屯區五權西路二段131號6樓之2,10000000,1120907
6203,54747125,海爾思實業有限公司,臺中市北屯區文心路四段935號20樓之2,5000000,1120914
6205,54747835,綠豐生化股份有限公司,臺中市西屯區福科路620巷19弄23號1樓,5000000,1120907
6206,54748150,啓盛國際工程有限公司,臺中市西區土庫里福人街121巷32號1樓,12000000,1120907
6207,54748172,恒望精密機械有限公司,臺中市北屯區平興里大連路三段163號9樓,1000000,1120922
6208,54748497,鉅圖機械股份有限公司,臺中市太平區育才路375號,12000000,1120927
6209,54749587,金泰興建設有限公司,臺中市北區中清路一段79號6樓,60000000,1120914
6210,54751226,艾穀士廣告事業有限公司,臺中市潭子區潭陽里潭陽路59巷3號,1500000,1120914
6211,54751324,銀寶茶股份有限公司,臺中市西區忠明里博館路117號底一層,500000,1120927
6212,54751372,富貴茶股份有限公司,臺中市西區忠明里博館路117號地下1層,500000,1120927
6213,54751746,得力廣告有限公司,臺中市太平區中山路二段100巷20弄14號1樓,200000,1120923
6214,54752858,頤家建設有限公司,臺中市北屯區同榮路219巷29號1樓,2000000,1120919
6215,54752983,有本股份有限公司,臺中市沙鹿區福成路255巷8之6號,216000000,1120918
6216,54757426,超群方便停股份有限公司,臺中市北區北平二街30號,1000000,1120919
6217,54757951,月台國際有限公司,臺中市北區博館一街11之1號,9000000,1120907
6219,54761505,宥頡汽車有限公司,臺中市西屯區潮洋里市政路599號1樓,28000000,1120901
6220,54762069,裕承勞安有限公司,臺中市大雅區神林南路180巷50號7樓之1,5000000,1120921
6221,54762390,蔚愛眼鏡有限公司,臺中市西屯區逢甲里河南路二段299號,500000,1120905
6222,54765410,柏忕健康股份有限公司,臺中市西屯區臺灣大道四段998號2樓,60000000,1120921
6223,54765777,欣隆資訊有限公司,臺中市大里區光榮街56號3樓,1000000,1120919
6224,54767070,卓岳不動產有限公司,臺中市北屯區平福里大連路二段200號1樓,1000000,1120905
6302,54857282,米薇國際有限公司,臺中市西屯區福強街117號21樓之2,200000,1120921
6326,54881826,滙斯特有限公司,臺中市北屯區仁和里四平路238巷13號5樓之2,500000,1120918
6327,54882493,金石載有限公司,臺中市北屯區和福路203號13樓之2,1000000,1120923
6328,54887048,勇奕科技有限公司,臺中市龍井區龍泉里南社三街35巷9號1樓,1000000,1120911
6329,54887336,灃富有限公司,臺中市大里區仁德里仁福街39號1樓,500000,1120911
6330,54887504,安全國際瓦斯設備有限公司,臺中市潭子區頭家里頭張路二段84巷1之3號,20000,1120927
6331,54887618,納國亞精密科技有限公司,臺中市南屯區大業里公益路二段61號3樓之2,500000,1120913
6332,54888980,鈺宸精密有限公司,臺中市外埔區六分里甲后路三段600巷31弄10號1樓,6500000,1120901
6333,54889242,明豐建材有限公司,臺中市烏日區三和里三榮五路38號,3800000,1120922
6334,54890206,楚石廣告事業有限公司,臺中市南區樹德里東興路一段25巷15號8樓,1111150,1120927
6335,54891535,喬合生技股份有限公司,臺中市太平區中興里永平路二段476巷100弄18號2樓,10000000,1120901
6336,54891556,薆樂商旅股份有限公司,臺中市東區台中路203號,3000000,1120911
6337,54895413,晨靖行李箱有限公司,臺中市北屯區舊社里北屯路461之1號1樓,200000,1120907
6338,54895510,九六全球移動有限公司,臺中市西區忠明南路16號3樓之3,5000000,1120915
6340,54898158,銘祥電子科技有限公司,臺中市西屯區林厝里福雅路486之3號,8620000,1120901
6341,54900035,大墩食衣生活產業股份有限公司,臺中市南屯區大墩路533號1樓,11000000,1120915
6342,54902792,嵐海工程顧問股份有限公司,臺中市南屯區向心路92號1樓,12000000,1120923
6343,54903053,紫拓國際有限公司,臺中市北區中清路一段89號14樓之9,1289536,1120927
6344,54904790,仁美不動產股份有限公司,臺中市北屯區仁美里崇德路三段720號,8000000,1120905
6345,54906642,巨秝國際生醫股份有限公司,臺中市南區忠明南路789號38樓之2,4000000,1120927
6346,54907419,沅祐企業有限公司,臺中市豐原區社皮里社皮路123巷11弄50號1樓,6000000,1120911
6347,54907924,益豐貼花廠股份有限公司,臺中市烏日區前竹里中山路一段229巷25弄21號,45000000,1120911
6389,54950225,荷米斯生物科技有限公司,臺中市西屯區環中路二段1490號1樓,2600000,1120914
6393,54954708,澄萃美舖有限公司,臺中市北區中清路一段416號5樓,200000,1120921
6405,54963376,宇豐開發股份有限公司,臺中市西屯區市政路402號32樓之3,29910000,1120922
6416,54975210,東達木業有限公司,臺中市豐原區三村里三村路122巷15弄3號2樓,1000000,1120908
6438,55004114,信裕鑄造股份有限公司,臺中市豐原區翁子里豐勢路一段415號,1000000,1120915
6439,55028869,天森企業股份有限公司,臺中市神岡區神岡里神圳路7號,1000000,1120906
6463,55636651,中台強力磁石股份有限公司,臺中市潭子區潭秀里南環路13號,10000000,1120928
6464,55636667,弘大油漆股份有限公司,臺中市豐原區豐原大道七段483號2樓,22700000,1120913
6465,55637357,東合豐企業股份有限公司,臺中市神岡區豐洲里神洲路227巷30號,5000000,1120901
6484,55712263,洽興水電工程有限公司,臺中市梧棲區中正里民生西街231號,3000000,1120901
6487,55718533,欽成營造股份有限公司,臺中市西屯區市政路402號25樓之5,150000000,1120922
6488,55726169,六福鋼鐵股份有限公司,臺中市大肚區王田里沙田路一段320巷36之6號,72800000,1120926
6489,55726674,依新塑膠工業股份有限公司,臺中市大肚區沙田路1段428巷100號1樓,17000000,1120922
6493,55742386,興志工程股份有限公司,臺中市大里區東興路62巷8號,5500000,1120919
6494,55746756,中來工業股份有限公司,臺中市大里區環河路一段188號,40000000,1120915
6496,55760623,富茂山立體美術有限公司,臺中市大里區大峰路293巷1號,5000000,1120905
6499,55768385,映聯應用材料股份有限公司,臺中市龍井區忠和里工業路209號,10000000,1120922
6506,55783029,光國股份有限公司,臺中市新社區中正里中和街五段76之2號,303000000,1120911
6515,55792842,散工草堂有限公司,臺中市西屯區何安里四川三街12號,6000000,1120906
6524,55838880,穩達富橡膠有限公司,臺中市潭子區中山路一段362巷27號,5000000,1120919
6533,55861235,沅渼生物科技股份有限公司,臺中市豐原區三村里三和路398之1號,39000000,1120925
6534,55863016,聯合福興股份有限公司,臺中市神岡區新庄里溪頭路66號,78000000,1120907
6539,55876862,璉福工業股份有限公司,臺中市霧峰區吉峰里民生路202號,26000000,1120901
6541,55883884,鴻源電機股份有限公司,臺中市西屯區福和里臺灣大道四段859號4樓,12000000,1120919
6542,55886171,勇達工業股份有限公司,臺中市太平區新仁路一段22巷83號,32580000,1120923
6549,55901476,中北塗料企業股份有限公司,臺中市豐原區角潭路二段25之1號,42000000,1120913
6554,55923149,葉峰機械工業股份有限公司,臺中市潭子區栗林里中山路三段495號,5000000,1120918
6560,55950594,名勝國際車業有限公司,臺中市西屯區環中路二段953號,1000000,1120906
6565,55963768,力生斬板股份有限公司,臺中市后里區公館里三豐路五段171巷20號,13000000,1120926
6572,55986571,劦豐鋁業股份有限公司,臺中市潭子區大豐里潭富路二段81巷56號,5000000,1120905
6575,56065601,永信藥品工業股份有限公司,臺中市大甲區中山路一段1191號,981666130,1120922
6579,56192402,福壽實業股份有限公司,臺中市沙鹿區沙田路45號,3316633830,1120913
6596,56612404,鼎隆實業股份有限公司,臺中市清水區高東里護岸路150號,10000000,1120906
6608,56642765,瑛瑜精密工業股份有限公司,臺中市沙鹿區興安里沙田路43之11號,68000000,1120914
6612,56647776,新來豐企業股份有限公司,臺中市梧棲區草湳里自立路339號,6000000,1120927
6614,56652159,成亨工業股份有限公司,臺中市梧棲區永安里向上路九段586號,28000000,1120922
6616,56654500,今國光學工業股份有限公司,臺中市梧棲區向上路9段562巷91號,1742838810,1120901
6622,56668764,富鑫金屬股份有限公司,臺中市外埔區大同里甲后路三段783巷62號,8500000,1120907
6624,56671439,昇侑有限公司,臺中市大里區東湖里科技路3號11樓之5,5000000,1120919
6625,56672887,立建工業股份有限公司,臺中市梧棲區草湳里臨港路三段168巷51弄36、38號,28510000,1120927
6636,56697655,金工工程股份有限公司,臺中市南區學府路170號4樓之22,49900000,1120908
6640,56711220,世裕營造股份有限公司,臺中市北屯區軍福十一路521號1樓,29500000,1120925
6644,56811620,豐原農產品股份有限公司,臺中市豐原區豐圳里豐原大道八段369號,1000000,1120920
6648,57032707,功力化學工業股份有限公司,臺中市太平區新平路一段196號,117000000,1120906
6662,58498506,薩摩亞商大健康寰宇股份有限公司,臺中市北區進化北路238號12樓之5,8000000,1120901
6682,59060432,香港商團博手機應用有限公司,臺中市西區忠誠里臺灣大道2段545號4樓之1,0,1120913
6776,59354083,馥邦國際有限公司,臺中市北屯區文心路四段692之1號5樓,5000000,1120901
6791,59796709,微銀眾信股份有限公司,臺中市北屯區水湳里文心路三段447號15樓之2,25000000,1120925
6794,59855517,鼎力公寓大廈管理維護企業有限公司,臺中市北區健行里忠明路432號6樓之2,10000000,1120920
6795,59862502,尾崎國際貿易有限公司,臺中市西區臺灣大道二段307號6樓之1,50000,1120926
6796,59865803,狄成有限公司,臺中市北屯區太和東街136號9樓之3,2000000,1120901
6797,60200805,商克投資有限公司,臺中市西區土庫里美村路一段540號7樓之1,80000000,1120914
6798,60201023,京都物業股份有限公司,臺中市大肚區瑞井里遊園路一段70巷111之3號,5000000,1120927
6799,60204859,鐵觀音李記優飲有限公司,臺中市潭子區大豐里大豐路三段215號,7000000,1120928
6801,60213560,明將工程有限公司,臺中市北屯區文心路四段83號8樓之1,20000000,1120913
6803,60227348,瑞興國際開發有限公司,臺中市西屯區福和里臺灣大道四段771號10樓,5000000,1120925
6804,60228677,昇鎰工具有限公司,臺中市太平區德隆里德明路177巷19號1樓,3700000,1120921
6805,60231005,合達仁生技有限公司,臺中市西區民權路219號2樓,100000,1120927
6806,60231217,環通材料科技有限公司,臺中市太平區中興里永義路139巷7號,25000000,1120901
6807,60231342,連品企業有限公司,臺中市南區長榮里永和街256巷1之3號,100000,1120919
6808,60231933,明智實業有限公司,臺中市西區藍興里五權路2之192巷2號13樓之1,500000,1120906
6809,60233658,振昌益有限公司,臺中市神岡區民權二街88號1樓,100000,1120920
6810,60233881,銓量科技有限公司,臺中市沙鹿區埔子里保成一街33巷16弄18號1樓,5618000,1120927
6811,60236070,鴻星營造股份有限公司,臺中市南區福順里忠明南路787號21樓之2,21891310,1120915
6812,60236748,鑫弘成科技股份有限公司,臺中市大肚區沙田路一段320巷31之8號,10000000,1120920
6813,60243641,梵晨資產有限公司,臺中市南屯區大同里東興路二段272號11樓,19000000,1120919
6814,60245726,金泓昇水產股份有限公司,臺中市太平區新平路一段279巷85號1樓,5000000,1120918
6815,60250142,壹頂食品工業有限公司,臺中市大里區大元里國中路3巷5號1樓,5000000,1120919
6820,60257519,佳伶工程有限公司,臺中市北屯區和平里和順路535號1樓,7880000,1120906
6821,60258290,夢想美學股份有限公司,臺中市南區五權南路167號地下1樓之6,100000,1120912
6822,60261838,萬宏設備工程有限公司,臺中市豐原區豐榮里信義街189號7樓之8,450000,1120906
6824,60262885,漢城國際有限公司,臺中市霧峰區四德北路67號,6000000,1120922
6825,60263147,韓家傳統小吃有限公司,臺中市西區利民里市府路39號1樓,200000,1120915
6826,60263717,堂庭檢驗科技股份有限公司,臺中市西屯區協和里工業區三十九路51號,20000000,1120911
6827,60264700,建菘有限公司,臺中市西屯區何仁里文心路三段138之15號及138之16號,1000000,1120912
6828,60265567,藍藍的洞餐飲有限公司,臺中市西區中興里向上北路127號,1000000,1120919
6829,60267592,勤易房地產有限公司,臺中市西區忠明里中興街233號11樓之6,18360000,1120926
6830,60267869,艾森豪教育科技股份有限公司,臺中市西屯區何厝里漢口路二段75號4樓,16800000,1120908
6831,60270484,品岳科技股份有限公司,臺中市大甲區日南里工十路8號,150000000,1120907
6832,60272856,歐丁室內裝修有限公司,臺中市清水區港新三路37號5樓之2,200000,1120922
6833,60274926,秝豐室內裝修有限公司,臺中市西屯區福安里安和路135巷17號1樓,500000,1120921
6834,60277521,創全有限公司,臺中市潭子區東寶里雅豐街76巷29弄13號8樓,2000000,1120905
6835,60277851,比撒列資產管理有限公司,臺中市大里區長榮里新生西路181巷42號1樓,200000,1120925
6836,60279555,天思數位科技股份有限公司,臺中市西屯區何成里大容西街51號3樓之2,27943400,1120920
6837,60282799,金賀禮有限公司,臺中市太平區宜欣里祥順路一段88號7樓之6,2000000,1120923
6838,60283214,臺中捷運股份有限公司,臺中市北屯區舊社里5鄰松竹路1段1000號,3500000000,1120913
6840,60290539,紫定有限公司,臺中市北屯區仁美里昌平東二路156號,300000,1120918
6841,60292889,岱詠有限公司,臺中市太平區中和街421巷9號1樓,1500000,1120919
6842,60294514,求求有限公司,臺中市北區三民路三段126巷4號,500000,1120918
6845,60305694,東岩企業有限公司,臺中市大雅區西寶里昌平路四段282南十三巷48弄52號1樓,200000,1120911
6846,60306027,雨晴精品有限公司,臺中市西區公正里公益路353號2樓,300000,1120926
6847,60314856,隆曜電器有限公司,臺中市烏日區榮泉里三榮十七路26號1樓,500000,1120927
6849,60321688,睿鵬國際股份有限公司,臺中市大雅區四德里中山路311號1樓,6000000,1120905
6851,60329458,艾德絲外泌體生技有限公司,臺中市北屯區文心路四段61號,1000000,1120921
6852,60329464,家新醫管顧問有限公司,臺中市大里區內新里新南路72號7樓,300000,1120926
6853,60332307,雲杉資本國際有限公司,臺中市西屯區惠來里市政北一路77號15樓之7,20000000,1120922
6855,60351057,名辰開發有限公司,臺中市大肚區新興里沙田路二段132巷80弄212號1樓,28000000,1120914
6856,60356665,啓實有限公司,臺中市大里區國光路二段624巷40號1樓,1000000,1120919
6857,60375240,飛勝科技股份有限公司,臺中市西屯區福恩里工業區一路58巷33弄23號7樓,2000000,1120920
6858,60375488,訊業投資有限公司,臺中市大里區國光路二段500號5樓之6,10000000,1120912
6859,60383059,巨采室內裝修設計有限公司,臺中市潭子區頭家里和平路87巷6弄29之1號4樓,1000000,1120923
6860,60383760,南海國際美食有限公司,臺中市北屯區敦化路一段481號2樓,6000000,1120919
6861,60413407,永宸工業有限公司,臺中市太平區新高里環中東路三段668號9樓之1,200000,1120919
6862,60537907,皇家利德股份有限公司,臺中市西屯區市政北二路282號21樓之7,80000000,1120922
6863,60553309,治緯不動產經紀有限公司,臺中市西屯區何明里漢口路一段48號1樓,500000,1120906
6864,60596010,竣達國際企業有限公司,臺中市北屯區崇德路二段128號8樓之3,10000000,1120926
6866,60624607,松立科技股份有限公司,臺中市神岡區豐洲路332巷19之13號1樓,10000000,1120920
6867,60691302,波吉國際有限公司,臺中市北屯區新興里太平路55號地下層,8000000,1120906
6868,60748608,立緹生醫科技有限公司,臺中市大里區永隆里永隆路346號1樓,2000000,1120908
6869,61082904,捷承國際有限公司,臺中市南屯區惠文南街261巷11號10樓,550000,1120926
6870,61214715,佑全能源工程有限公司,臺中市沙鹿區公明里忠貞路150巷15弄38號1樓,12000000,1120913
6871,61245800,純萃整合設計有限公司,臺中市西屯區惠來里文中路35號二樓,6000000,1120921
6872,61301204,采宏科技有限公司,臺中市大雅區橫山里中山路93號,1100000,1120926
6873,61315919,奈宮有限公司,臺中市北區頂厝里崇德路一段631號7樓之2,600000,1120901
6874,61374418,威爾人體工學股份有限公司,臺中市西屯區何安里重慶路99號5樓之3,1000000,1120911
6875,61382472,奏盛有限公司,臺中市霧峰區五福里五福西路236之1號,19600000,1120921
6877,61491703,英倫開發建設股份有限公司,臺中市南屯區公益路二段51號6樓,70000000,1120920
6878,61524373,合益組合屋材料股份有限公司,臺中市沙鹿區鹿寮里32鄰三條圳二街152號,1000000,1120908
6879,61761558,星伸業國際有限公司,臺中市大肚區沙田路一段48號1樓,5000000,1120905
6880,61769123,光能綠能科技股份有限公司,臺中市南屯區豐樂里東興路一段365號4樓之2,25000000,1120921
6882,61773914,川庭實業有限公司,臺中市北屯區三光里北屯路210號5樓之14,2000000,1120927
6883,61783194,其見國際有限公司,臺中市北區賴村里學士路269之2號18樓,1000000,1120912
6884,61785209,第八藝識有限公司,臺中市西屯區河南路二段74巷1號1樓,3800000,1120925
6885,61786376,創源電力股份有限公司,臺中市南屯區永定里龍富十五路25號2樓之1，2樓之2,30000000,1120922
6886,61788830,恰迷國際餐飲事業有限公司,臺中市西區美村路一段723號1樓,2000000,1120905
6887,61798485,輝鈦朗光電股份有限公司,臺中市大甲區義和里義和二街37巷57號1樓,6000000,1120908
6888,61805991,尚盈企劃行銷有限公司,臺中市北屯區崇德路二段416號4樓之4,3000000,1120908
6889,61806605,祐伸有限公司,臺中市太平區中興里東平路715巷8弄18號,500000,1120914
6890,61817595,新知造科技股份有限公司,臺中市南屯區文心路一段306號2樓之2,3750000,1120920
6891,61830295,希恩必科技有限公司,臺中市西屯區何安里文心路三段6號3樓之17,188000,1120908
6892,61831246,羿凱國際股份有限公司,臺中市梧棲區四維路106號7樓之2,19000000,1120919
6893,61831251,熊大人力資源有限公司,臺中市沙鹿區興安里沙田路47號1樓,1000000,1120905
6894,61835284,博群國際顧問有限公司,臺中市西屯區潮洋里市政北二路282號11樓之1,2000000,1120919
6895,61835377,豐成投資股份有限公司,臺中市中區繼光里繼光街75號2樓,10500000,1120925
6896,61836853,超級包旺家有限公司,臺中市潭子區栗林里豐栗路21巷16號2樓,13000000,1120919
6898,61858504,楓霖災防科技有限公司,臺中市北屯區同榮里同榮路90號1樓,1000000,1120923
6899,61862140,長映國際股份有限公司,臺中市大里區東明路336號1樓,25000000,1120901
6900,61866835,山慧股份有限公司,臺中市南區永和里五權南路606之3號9樓,1000000,1120925
6902,61868539,一品馨整合行銷有限公司,臺中市西區昇平里向上路一段95號3樓,21600000,1120915
6903,61870438,建順勞安有限公司,臺中市太平區環中東路三段276號1樓,6000000,1120920
6904,61880689,福滿蛋糕有限公司,臺中市南屯區公益路二段507號1樓,3500000,1120925
6909,61917335,聯楷國際開發有限公司,臺中市西屯區臺灣大道三段789號3樓之2,13000000,1120928
6910,61918989,苗林興業有限公司,臺中市南屯區工業區二十一路41號,19500000,1120911
6911,61920681,登鋒文化傳媒有限公司,臺中市太平區德隆路122巷1號1樓,200000,1120907
6912,61932069,菲力固實業有限公司,臺中市大肚區遊園路一段70巷3弄20之3號,10000000,1120906
6914,61935988,嘉達商業有限公司,臺中市烏日區烏日里大同路41號2樓,3000000,1120925
6915,61940764,科展材料科技股份有限公司,臺中市潭子區中山路三段27號1樓,380000000,1120922
6916,61957883,寵樂實業有限公司,臺中市西區民龍里臺灣大道二段239號13樓,1000000,1120901
6917,61958314,華竑科技有限公司,臺中市西區公平里公益路164號1樓,2000000,1120914
6918,62024404,奕鴻食品有限公司,臺中市太平區宜昌里中山路三段1巷9號1樓,350000,1120921
6919,62115517,虹旭國際有限公司,臺中市南屯區三義里河南路四段370之10號4樓,500000,1120906
6920,62135788,信玄國際股份有限公司,臺中市太平區太平里永豐路108巷28弄3號1樓,3000000,1120901
6921,62144203,研華機械有限公司,臺中市后里區墩南里枋寮路12之9號1樓,10000,1120907
6922,62224992,量鈦有限公司,臺中市太平區鵬儀路293號,2800000,1120919
6923,62543709,鎵勒金屬科技有限公司,臺中市東區東英十五街260巷1號3樓之1,2000000,1120927
6924,62550709,華實投資股份有限公司,臺中市西屯區逢甲里西屯路二段270巷1號3樓,25000000,1120905
6925,62659813,萬兆室內裝修設計有限公司,臺中市南屯區龍富九路39之3號,2000000,1120919
6926,63050246,紅杉資訊有限公司,臺中市西區公益里中美街337號1樓,300000,1120926
6928,63087102,希望蔬食有限公司,臺中市大里區永隆里國光路二段411號1樓,500000,1120919
6929,63101012,普士奇家具有限公司,臺中市北屯區水景里景賢五路72號1樓,1000000,1120913
6930,63125302,家坤國際有限公司,臺中市南屯區寶山里工業區十八路8號2樓,76000000,1120908
6931,63196707,家肯創合投資股份有限公司,臺中市西屯區協和里工業區一路98之130號4樓之2,4000000,1120925
6932,63246208,恩家金品珠寶有限公司,臺中市北屯區平田里遼陽五街2之8號,1000000,1120923
6933,63273204,允文實業有限公司,臺中市西區大忠里忠明南路270號7樓之1,1000000,1120913
6934,63635001,鑫國開發有限公司,臺中市潭子區興華一路181號1樓,200000,1120918
6937,63834509,暘昇有限公司,臺中市西屯區西屯路二段253巷24號,1200000,1120915
6939,63923312,薆悅精品商旅股份有限公司,臺中市北區光大里五權路228號,5000000,1120911
6940,64276502,晁毅投資股份有限公司,臺中市北屯區民政里苧園48巷3弄12號1樓,101801320,1120926
6994,65277612,宇晟交通股份有限公司,臺中市西屯區逢甲里西屯路二段256巷6號2樓之6,20300000,1120901
7133,68616860,台北藏賜寶生醫科技有限公司,臺中市南屯區文心南五路一段536號1樓,500000,1120920
7157,69324519,綠雅智能居家設計有限公司,臺中市南區南和二街10號1樓,100000,1120926
7238,69707810,眼光藝品有限公司,臺中市南屯區文心路一段324號11樓之１,1000000,1120921
7338,70491726,偉瓏包裝股份有限公司,臺中市太平區光興路1352巷5號,30000000,1120912
7342,70500540,學峰事業股份有限公司,臺中市梧棲區大村里立德街109號,10000000,1120926
7349,70512617,旦之美股份有限公司,臺中市北區賴興里文昌東一街26號,20000000,1120913
7388,70594005,兆申機電工程有限公司,臺中市西區大忠里五權西路一段257號17樓,453000000,1120901
7392,70598451,尚昱資產管理顧問有限公司,臺中市南屯區保安三街121號,4030000,1120925
7395,70605277,敏鈦股份有限公司,臺中市大里區仁化里仁美路157之8號,5000000,1120922
7396,70606207,恩麥投資開發股份有限公司,臺中市西屯區惠來里市政北一路77號6樓之7,23000000,1120908
7397,70606430,航研投資開發股份有限公司,臺中市西屯區惠來里市政北一路77號6樓之9,23000000,1120907
7399,70611010,寶慶營造股份有限公司,臺中市西屯區河南路二段262號11樓之6,38000000,1120920
7400,70611813,貿笙股份有限公司,臺中市大雅區四德里中清路三段751號1樓,3000000,1120905
7402,70618272,粕楷有限公司,臺中市太平區中興里永義八街10號,8000000,1120908
7409,70634294,合樂商務旅館有限公司,臺中市西屯區朝馬路21號,20000000,1120922
7411,70639559,鈺民有限公司,臺中市南區福中街11號1樓,10500000,1120908
7418,70661616,名家營造有限公司,臺中市大里區塗城路345之5號2樓,12000000,1120918
7423,70668976,玻色子科技股份有限公司,臺中市西屯區福中里中工二路188號4樓,10000000,1120926
7443,70702594,東方色彩股份有限公司,臺中市南屯區文心南五路一段261巷1號,10000000,1120926
7446,70716696,東印貿易有限公司,臺中市大里區長榮里西榮路315號1樓,1000000,1120926
7449,70722212,正暉實業股份有限公司,臺中市大里區大里路中里巷12弄4號1樓,5000000,1120914
7499,70848654,伯特光電股份有限公司,臺中市潭子區潭秀里潭富路一段87巷35號,388828000,1120908
7500,70848710,理盛精密科技股份有限公司,臺中市梧棲區緯二路1號,200000000,1120911
7502,70849611,嘉陽能源科技股份有限公司,臺中市中區光復里民權路102號8樓之7,10000000,1120918
7504,72039551,總太營造股份有限公司,臺中市西區民權路２３９號3樓,300000000,1120905
7577,79952447,正合谷環保工程有限公司,臺中市大甲區義和里義和一街149號,5000000,1120920
7589,79981626,君鑑股份有限公司,臺中市南屯區大墩二街186號1樓,55000000,1120912
7596,79998443,益世科細胞科技股份有限公司,臺中市南屯區工業區二十路36號1樓,120000000,1120915
7598,80000729,天賦自動化倉儲設備股份有限公司,臺中市西屯區工業區十五路4號,29000000,1120912
7600,80008790,松橙科技工業有限公司,臺中市神岡區新庄里中平路401號,9000000,1120907
7610,80028607,馬來西亞商科士威有限公司,臺中市西區大隆路20號11樓之2,5000000,1120927
7614,80038324,富邦管理有限公司,臺中市南屯區豐樂里文心南路288號19樓之5,15000000,1120923
7618,80047148,萊卡多實業有限公司,臺中市西屯區福和里臺灣大道四段771號3樓,5000000,1120912
7623,80052325,晶湛企業有限公司,臺中市西屯區福恩里工業區一路6巷18號9樓之1,3000000,1120928
7625,80057052,油聖液壓科技有限公司,臺中市霧峰區南柳里霧工一路68號,38855000,1120920
7628,80062040,駿承營造有限公司,臺中市外埔區大東里甲后路五段128巷117號1樓,3600000,1120915
7631,80065784,進聲營造有限公司,臺中市沙鹿區三鹿里保安路55巷22號2樓,3600000,1120922
7633,80072997,木伯股份有限公司,臺中市烏日區學田路論子巷14之4號,5000000,1120923
7639,80084494,福溢汽車有限公司,臺中市西區華美西街一段55巷3號1樓,1000000,1120925
7641,80089300,釗欣股份有限公司,臺中市南屯區大業里公益路二段51號24樓,26000000,1120915
7643,80093022,煤渣資訊軟體有限公司,臺中市南屯區黎明里博愛街80巷133號1樓,1500000,1120901
7651,80117501,兆勝實業有限公司,臺中市西屯區工業區十二路3號,30000000,1120921
7652,80119281,瀚鋼精機工業股份有限公司,臺中市大雅區四德里龍善三街37號,8750000,1120925
7658,80132518,捷立機電股份有限公司,臺中市神岡區中山路667巷32弄39號,15090000,1120926
7659,80132860,巧合塑膠股份有限公司,臺中市龍井區三德里工業路177巷21號,60000000,1120923
7664,80136177,三葉營造有限公司,臺中市南屯區向心里大墩一街266號1樓,3800000,1120923
7675,80162337,祥旺食品工業股份有限公司,臺中市大甲區日南里工十路7號,20000000,1120906
7702,80214285,盛記開發股份有限公司,臺中市北區學士路257號15樓,11000000,1120911
7705,80221315,荃振股份有限公司,臺中市西屯區何南里大聖街491號1樓,20000000,1120923
7713,80234971,皇將科技股份有限公司,臺中市大里區仁化里工業九路190號,548893330,1120904
7717,80240571,海博威企業有限公司,臺中市西區大隆路20號5樓之3,6000000,1120927
7718,80243752,良宏有限公司,臺中市霧峰區復興路二段128號1樓,500000,1120912
7722,80247032,頂成有限公司,臺中市西屯區林厝里福雅路691之3號,2500000,1120927
7724,80251788,岱捷興業有限公司,臺中市烏日區五光里五光路189巷41號1樓,1000000,1120913
7730,80270574,米娜娃實業有限公司,臺中市北區長青里陜西路49號4樓之2,5000000,1120922
7731,80270820,亞特蘭提斯財控顧問股份有限公司,臺中市西區公益路161號13樓之11,1000000,1120907
7768,80354118,韓商電美世股份有限公司,臺中市大雅區雅潭路四段661巷19弄21號,17000000,1120926
7782,80398360,千里眼精密部件股份有限公司,臺中市大雅區田心街8號,130000000,1120913
7785,80405496,喬登科技有限公司,臺中市西區後龍里民族路285號1樓,6300000,1120906
7792,80432064,原邦旅行社有限公司,臺中市后里區后里里甲后路一段493號1樓,6000000,1120922
7796,80440992,裕元花園酒店股份有限公司,臺中市西屯區臺灣大道四段610號,71000000,1120913
7797,80441747,翔順貿易股份有限公司,臺中市大里區德芳路一段388號1樓,2050000,1120926
7798,80443914,旻新科技股份有限公司,臺中市豐原區西安里圓環南路193號8樓,80000000,1120901
7802,80448586,國喬金屬有限公司,臺中市烏日區光明路157巷68弄18號1樓,500000,1120907
7811,80466818,精準五金有限公司,臺中市清水區槺榔里港都路157號4樓之6,1000000,1120911
7814,80475865,亞山科技有限公司,臺中市西屯區福科路335巷6號2樓,9000000,1120922
7856,80559528,信勝鋁業有限公司,臺中市清水區西社里鰲峰一街17號,1200000,1120919
7859,80562684,鼎佶實業有限公司,臺中市西屯區林厝里西林巷55之21號,44600000,1120921
7864,80569075,中宏禮儀有限公司,臺中市太平區新光里振武路66之1號1樓,900000,1120913
7870,80576625,易鑫資訊股份有限公司,臺中市大里區向學路35巷5弄3號1樓,1000000,1120926
7875,80591674,德金建設股份有限公司,臺中市大里區國光路二段259號5樓之3,26780000,1120927
7876,80591978,國倡冷鍛股份有限公司,臺中市太平區大興里文華街16號1樓,17000000,1120912
7887,80622374,農宸實業股份有限公司,臺中市大里區仁德里慈善路83巷1號,5000000,1120911
7929,80701139,昇益工業有限公司,臺中市太平區太平里永豐路291巷28號,50000000,1120908
7932,80707302,偉敦石材開發有限公司,臺中市大里區瑞城里中興路一段26巷37號,2500000,1120911
7935,80718693,瑞銓實業股份有限公司,臺中市大雅區四德里中清路三段937號1樓,12000000,1120927
7936,80721445,高圻企業股份有限公司,臺中市北屯區和平里軍福十一路258號7樓之3,6000000,1120908
7942,80743314,銓鼎科技股份有限公司,臺中市大里區科技路168號4樓之1,38798690,1120928
7943,80743341,慶昀建設實業股份有限公司,臺中市南屯區田心里文心路一段73號12樓之3,25000000,1120913
7972,82764291,旭瀛建設股份有限公司,臺中市大肚區新興里沙田路二段132巷79號,8800000,1120912
7973,82764882,奇立強國際有限公司,臺中市北屯區舊社里松竹五路一段129號,500000,1120918
7974,82765854,李哥港點有限公司,臺中市西屯區何源里華美西街二段309號,4800000,1120919
7975,82766018,禾芯全球股份有限公司,臺中市大里區東湖里中興路一段159之1號3樓,10000000,1120907
7976,82766191,健美先生搬家貨運有限公司,臺中市南屯區保安六街143號11樓之16,10000000,1120907
7981,82769681,綠川之聲廣播股份有限公司,臺中市西屯區臺灣大道三段540號10樓之1,20000000,1120923
7982,82770792,昌利工程有限公司,臺中市大肚區沙田路二段769號2樓,3000000,1120906
7989,82775585,藝洋有限公司,臺中市北區賴福里大德街237號1樓,1000000,1120901
7990,82775810,崇裕資產管理有限公司,臺中市南屯區文山里保安十街226號,10000000,1120923
7991,82776986,毅銳國際有限公司,臺中市西區吉龍里五權五街139巷14號,500000,1120907
7992,82777583,華羿國際開發有限公司,臺中市西區双龍里模範街60號2樓,10000000,1120919
7993,82777726,鑫世代科技股份有限公司,臺中市南屯區三義里河南路四段168號5樓之3,1000000,1120911
7994,82778247,漢將農業生物科技股份有限公司,臺中市南區福德街100號1樓,11030000,1120922
7995,82778653,旭暢科技有限公司,臺中市龍井區新庄里遊園南路270巷20號1樓,100000,1120923
7996,82779148,藍田悅有限公司,臺中市沙鹿區鹿峰里長春路66號1樓,5000000,1120922
7997,82779323,佺佳開發有限公司,臺中市南區南門路59巷32號1樓,120000000,1120901
7998,82779999,廣香公益股份有限公司,臺中市南屯區永春東七路750號、752號,550000,1120908
8001,82783142,慕義地產有限公司,臺中市西屯區東興路三段392號2樓,8705204,1120921
8002,82783733,虹鈞系統自動化股份有限公司,臺中市后里區泉州路8之1號,15000000,1120920
8003,82783831,中美磁磚有限公司,臺中市太平區永成北路66巷50之1號,1000000,1120925
8005,82785465,浩榮工程股份有限公司,臺中市大里區新光路132號2樓,2000000,1120918
8006,82785578,廣樂雞股份有限公司,臺中市大雅區中山北路3號,3000000,1120906
8007,82785850,奕誠建設股份有限公司,臺中市大里區大里路180號1樓,35000000,1120915
8008,82786443,松和有限公司,臺中市大里區東興里國光路二段500號5樓之1,500000,1120927
8015,82789194,揚萱國際有限公司,臺中市北區頂厝里進化北路336巷2號1樓,1000000,1120912
8016,82789315,妍希有限公司,臺中市北區進化北路166號1樓,1000000,1120923
8017,82791234,墨珥空間設計有限公司,臺中市豐原區西湳里仁洲街93號1樓,400000,1120905
8018,82792228,宏全盛資產管理股份有限公司,臺中市北屯區崇德路二段20號4樓,82000000,1120901
8019,82792249,煇祥好企業股份有限公司,臺中市太平區新平路一段126巷19弄5號1樓,2000000,1120914
8020,82793084,昇紘開發工程有限公司,臺中市大甲區幸福里東明路133之1號1樓,5000000,1120922
8021,82795225,全禧建設開發股份有限公司,臺中市梧棲區福德里民和路一段370號1樓,37000000,1120901
8038,82803576,澤西病媒防治有限公司,臺中市西屯區福聯里福聯街15巷13號1樓,200000,1120905
8039,82804097,好式生物科技股份有限公司,臺中市西屯區臺灣大道三段399號30樓之2,0,1120911
8041,82805764,伸天杖有限公司,臺中市南區德義里仁義街129號,3000000,1120926
8063,82819253,伊格公寓大廈管理維護股份有限公司,臺中市北區錦平里太平路62號地下層之1,17800000,1120918
8064,82819492,芳諦雅資本投資股份有限公司,臺中市西屯區潮洋里市政北二路282號5樓之11,29000000,1120912
8065,82819839,創鐸股份有限公司,臺中市中區大誠里中華路二段35號12樓之1,31107864,1120925
8066,82821455,希爾斯實業有限公司,臺中市神岡區社南里社南街186號1樓,1000000,1120915
8074,82824452,向敘室內裝修有限公司,臺中市西屯區漢翔路337號9樓之1,100000,1120918
8075,82825728,凱特工業有限公司,臺中市后里區中和里三線路3之8號,4000000,1120907
8076,82826819,龍鳳國際貿易有限公司,臺中市南區忠明南路758號11樓,2000000,1120912
8079,82827660,寰宇宏科技股份有限公司,臺中市西區臺灣大道二段375號12樓之1,21890130,1120918
8082,82830341,遠見房屋股份有限公司,臺中市西屯區西平里福星路202號2樓,10000000,1120915
8083,82830433,喜多里保險代理人有限公司,臺中市沙鹿區自強路127號1樓,5000000,1120912
8084,82831030,植禾國際開發有限公司,臺中市西屯區惠來里文心路三段13之7號,100000,1120901
8085,82831101,敬達鋼材有限公司,臺中市東區東英三街99號,5000000,1120926
8086,82832565,雙橡園建設股份有限公司,臺中市南屯區溝墘里大正街88號3樓之3,201000000,1120919
8087,82832657,峰鉅物業管理顧問有限公司,臺中市南屯區惠中里文心路一段378號16樓之4,500000,1120914
8088,82832761,博士居建設有限公司,臺中市梧棲區大庄里博愛路291號1樓,6000000,1120911
8101,82839949,凱恩國際科研有限公司,臺中市西屯區潮洋里市政北二路238號22樓之1,2000000,1120912
8102,82840087,翃宇工業有限公司,臺中市神岡區社南里民生路120號,4600000,1120905
8103,82841902,久方生技股份有限公司,臺中市西屯區臺灣大道四段925號10樓之7,234000000,1120906
8104,82842120,劦鑫自動化科技有限公司,臺中市龍井區三德里中厝路16巷5號,3000000,1120923
8107,82845816,群昌國際企業股份有限公司,臺中市霧峰區四德里四德路495之1號,67000000,1120922
8108,82846511,詠豫實業有限公司,臺中市西區忠明南路497號1樓,1000000,1120927
8123,82859424,全茂企業有限公司,臺中市龍井區龍北路391巷62弄30號1樓,5000000,1120906
8124,82859439,宇泉資融股份有限公司,臺中市南屯區文心路一段324號11樓之1,500000,1120923
8125,82861343,真誠房屋不動產有限公司,臺中市神岡區神岡里中山路1574之2號1樓,2100000,1120920
8143,82873988,潤易工程有限公司,臺中市西屯區潮洋里市政北二路238號22樓之1,1000000,1120923
8144,82874059,知客開發建設股份有限公司,臺中市西屯區西屯路二段259之3號13樓之12,21000000,1120911
8174,82892747,售兜兜國際企業有限公司,臺中市烏日區三和里高鐵六路7號2樓之1,3000000,1120911
8175,82892916,巨峰蛋品有限公司,臺中市豐原區北陽里南陽路146巷4號1樓,2000000,1120919
8176,82893106,新薪網元科技股份有限公司,臺中市西屯區福康路19巷20號3樓,5000000,1120901
8177,82893112,嘉元電機有限公司,臺中市大里區樹王路126號1樓,5000000,1120905
8179,82893555,艾康明生醫科技股份有限公司,臺中市西屯區潮洋里黎明路二段798號,135000000,1120906
8181,82893871,鴻祤投資有限公司,臺中市西屯區永安里西屯路三段166之98號五樓之2,28953652,1120922
8182,82894013,碩鼎設計股份有限公司,臺中市豐原區三豐路二段17巷52弄27之9號1樓,5000000,1120907
8184,82894560,振鈺數位服務股份有限公司,臺中市北屯區水湳里文心路三段447號31樓,350000000,1120921
8185,82895224,圓周模擬股份有限公司,臺中市南屯區南屯里河南路四段688之2號,1600000,1120908
8201,82904498,詠聖金屬有限公司,臺中市南屯區三厝里黎明東街197號12樓之5,12000000,1120913
8202,82904976,耀發企業有限公司,臺中市梧棲區四維東路116號2樓之17,20000000,1120905
8213,82914545,築巢康養物業發展有限公司,臺中市太平區新興路28號13樓,1000000,1120913
8214,82915431,御優寶實業有限公司,臺中市北區長青里武昌路155號1樓,2000000,1120911
8215,82915679,立宇生醫科技股份有限公司,臺中市潭子區嘉豐路9號2樓,2500000,1120928
8238,82927598,太御生醫有限公司,臺中市神岡區中山路267號,5000000,1120920
8243,82930355,曼特有限公司,臺中市中區臺灣大道一段271號,5000000,1120906
8245,82932038,金滿意不動產有限公司,臺中市北屯區新平里中清路2段1177、1179號,1000000,1120913
8246,82932071,安昌租賃有限公司,臺中市潭子區栗林里中山路三段627號,1000000,1120921
8294,82957874,廣達國際事業有限公司,臺中市西屯區市政北七路186號10樓之7,500000,1120919
8303,82963572,洸有限公司,臺中市西屯區惠來里臺灣大道三段399號10樓之3,2000000,1120927
8304,82963593,奧茲國際有限公司,臺中市南屯區南屯里萬和路一段41之2號1樓,1300000,1120920
8341,82980609,兌道有限公司,臺中市西區吉龍里五權西二街42之4號,500000,1120927
8342,82981451,德順居企業有限公司,臺中市南區福興里五權南路167號地下1樓之6,5000000,1120905
8343,82981467,聯境廣告有限公司,臺中市西屯區工業區一路6巷12號2樓,1000000,1120915
8344,82981564,湧脈文化有限公司,臺中市西區公舘里永成街43號1樓,2000000,1120913
8345,82981641,龍鑫船務代理股份有限公司,臺中市梧棲區八德路82之1號8樓之8,10000000,1120901
8347,82981950,國琰企業有限公司,臺中市南區福順里南陽街105號3樓,1000000,1120906
8348,82982108,寶麒企劃股份有限公司,臺中市西屯區西屯路二段269之23號2樓之3,1000000,1120905
8349,82982212,鈞揚科技材料股份有限公司,臺中市太平區新坪里太順路335號3樓,100000,1120920
8350,82982352,寶嘉營造股份有限公司,臺中市豐原區大明路229之21號2樓,13500000,1120913
8351,82982727,雨宙人有限公司,臺中市潭子區大成街一巷67號4樓,100000,1120923
8352,82983303,起鈊厝創新服務股份有限公司,臺中市西屯區潮洋里市政北二路238號27樓之1,4660000,1120920
8353,82986815,大眾美學設計有限公司,臺中市西屯區何德里漢口路二段151號15樓之3,1000000,1120922
8354,82987027,仁碁智醫股份有限公司,臺中市北屯區平田里文心路四段955號10樓之6,1000000,1120923
8355,82987201,布拉格生活有限公司,臺中市西屯區文心路三段115號1樓、2樓,100000,1120901
8356,82987336,治緯不動產管理顧問有限公司,臺中市西屯區何明里漢口路一段48號1樓,500000,1120915
8387,83001498,伊世歐環保科技股份有限公司,臺中市烏日區九德里中華路552號3樓,10000000,1120921
8388,83002671,友捷財務顧問有限公司,臺中市西屯區西屯路二段249之9巷1弄19號,600000,1120920
8408,83013939,鴻承霖股份有限公司,臺中市西屯區惠來里府會園道179號12樓之1,10000000,1120901
8410,83014310,縱享資訊服務有限公司,臺中市南區忠明南路789號33樓,500000,1120919
8411,83014352,合擇文創有限公司,臺中市太平區新福里新福路50號3樓,1000000,1120908
8412,83014466,連虹鋁業有限公司,臺中市北區賴興里文昌東一街35號1樓,10000000,1120919
8413,83014493,三贏不動產股份有限公司,臺中市西屯區福林路389號,2000000,1120926
8414,83014584,宗承建設有限公司,臺中市南屯區永春路20之3號,6000000,1120919
8415,83015107,九晴有限公司,臺中市梧棲區臺灣大道8段548號3樓,14100000,1120901
8416,83015161,迅峰有限公司,臺中市梧棲區臺灣大道8段548號3樓,14100000,1120906
8417,83015280,泰羽控股有限公司,臺中市梧棲區臺灣大道八段548號3樓,25100000,1120901
8418,83015319,禾安石資產管理有限公司,臺中市龍井區臺灣大道五段3巷42弄86號2樓,5000000,1120921
8419,83015325,冰丰企業有限公司,臺中市西屯區青海路二段153號9樓之1,500000,1120905
8420,83015401,茗義有限公司,臺中市西屯區何成里大墩路957號,1000000,1120914
8421,83015535,榮美商貿有限公司,臺中市北屯區祥順一街112巷8號3樓,1500000,1120919
8422,83015541,逸山有限公司,臺中市梧棲區臺灣大道八段548號3樓,14100000,1120901
8423,83016154,金廣山設計工程有限公司,臺中市北區中正里中山路365號,200000,1120923
8424,83016295,宙群工程有限公司,臺中市北屯區軍榮一街28號6樓之12,300000,1120927
8426,83016725,星球投資有限公司,臺中市大肚區大肚里育英路99號1樓,15000000,1120915
8432,83018596,台灣植物外泌體股份有限公司,臺中市大里區中興路二段438之12號,1000000,1120918
8448,83024014,森灣國際股份有限公司,臺中市北屯區同榮里洲際路386號,5000000,1120926
8449,83024507,鴻鑫數位有限公司,臺中市南屯區大業里大進街490號3樓之1,1250000,1120907
8450,83024582,奕家瀅有限公司,臺中市豐原區三民路12號12樓之1,200000,1120922
8451,83024865,寶璿有限公司,臺中市南區美村路二段315號二樓,1000000,1120913
8452,83025631,旺紘茗品有限公司,臺中市潭子區福仁里福貴路51號2樓,2000000,1120906
8453,83026435,豐彩堂國際有限公司,臺中市東區干城里公園東路130號2樓之1,400000,1120923
8454,83026553,台灣一條根生醫實業股份有限公司,臺中市南屯區文山里精科八路36號2樓,25000000,1120922
8455,83026646,播商寰宇股份有限公司,臺中市西屯區潮洋里朝富路213號15樓之5,2000000,1120906
8456,83027271,戎澤有限公司,臺中市西屯區何厝里何厝街134號1樓,250000,1120905
8458,83027552,中一目八有限公司,臺中市烏日區健行北路92號1樓,1500000,1120915
8489,83036594,朗園綠能有限公司,臺中市沙鹿區洛泉里四平街136號1樓,3000000,1120905
8510,83043899,聯純轉動股份有限公司,臺中市西屯區協和里工業區12路9號,5000000,1120925
8511,83044399,華陽精工有限公司,臺中市潭子區嘉仁里福貴路738巷18弄8號,500000,1120926
8524,83050194,維加圖國際有限公司,臺中市西屯區大墩十七街78號,6000000,1120907
8552,83070620,合元投資股份有限公司,臺中市北屯區文心路四段480號4樓,40000000,1120922
8554,83070889,邵長榮企業股份有限公司,臺中市西區中興街247號11樓,50600000,1120915
8583,83081859,時岱投資開發股份有限公司,臺中市西區公益路363號12樓之8,90000000,1120921
8584,83082549,歐飛思股份有限公司,臺中市北區頂厝里崇德路一段631號17樓之2,10000000,1120913
8593,83086186,傳石股份有限公司,臺中市龍井區臺灣大道五段3巷42弄86號1樓,103000000,1120919
8594,83087349,茗品有限公司,臺中市北區明德里太原北路128號1樓,1000000,1120919
8600,83091553,春樹商旅股份有限公司,臺中市西區吉龍里五權五街151號10樓之1至10樓之40、10樓之42至10樓之65,15000000,1120905
8602,83092080,九濰科技有限公司,臺中市太平區中山路三段81巷56號1樓,1000000,1120901
8608,83093779,禾臻開發建設有限公司,臺中市西屯區河南路二段262號3樓之10,5000000,1120915
8612,83097613,兆廷不動產有限公司,臺中市北區立人里北平路一段10號2樓,1000000,1120905
8617,83102572,貝思摩有限公司,臺中市大肚區福山里王福街837號5樓,1000000,1120908
8644,83120570,匯承數位自動化有限公司,臺中市西區土庫里存中街68號9樓之2,180000,1120911
8645,83121521,欣鎰立投資開發股份有限公司,臺中市北屯區平安里崇德路二段128號5樓之5,321000000,1120918
8646,83121917,宸星國際科技有限公司,臺中市西區土庫里五權西路一段237號5樓之1,3500000,1120919
8653,83125934,遇見生命顧問有限公司,臺中市北屯區北京里北華街58號1樓,1000000,1120912
8657,83129798,天清建設有限公司,臺中市大甲區彈正路22號5樓之1,16000000,1120911
8658,83131231,偉城實業有限公司,臺中市南區福順里忠明南路789號32樓,200000,1120918
8659,83131339,七期生醫科技股份有限公司,臺中市西屯區潮洋里市政北二路415號1樓,3600000,1120928
8660,83131746,奕陞有限公司,臺中市大里區金城里金城街272號,10000000,1120908
8663,83135433,雲步風彩有限公司,臺中市北屯區和平里東山路一段332之11號1樓,1000000,1120905
8664,83135911,辰域有限公司,臺中市南屯區永定里文昌街371號1樓,1000000,1120901
8677,83141028,英商雪莉帕森專業服務有限公司,臺中市西區英才路530號9樓之1,5000000,1120919
8678,83143551,台灣緹花園股份有限公司,臺中市西區公益路367號9樓之2,12500000,1120923
8693,83150573,笙笙新材料股份有限公司,臺中市大安區海墘里東西九路268號,24000000,1120926
8694,83151171,元澧建設股份有限公司,臺中市西屯區福安里西屯路三段95之2號,21000000,1120925
8695,83151670,極太鑫建設股份有限公司,臺中市西區臺灣大道二段536號4樓之3,26000000,1120925
8696,83151952,福星雲網路有限公司,臺中市西屯區朝富路213號4樓之1,600000,1120907
8698,83152761,星泓電力股份有限公司,臺中市北區臺灣大道2段360號5樓之1,1370000000,1120912
8756,83179500,究毛家有限公司,臺中市西區臺灣大道二段285號4樓之2,1000000,1120912
8757,83179945,毅帆企業有限公司,臺中市西屯區潮洋里市政北二路238號27樓之1,1000000,1120906
8758,83180582,鉅德建設股份有限公司,臺中市北屯區新平里中平路516號1樓,15000000,1120911
8759,83180725,風向開發有限公司,臺中市大里區新里里永隆二街99號1樓,300000,1120926
8760,83181739,宇康精密有限公司,臺中市烏日區北里里太明路152巷37號,10000000,1120905
8761,83181745,嘉印科技股份有限公司,臺中市南屯區文山里精科八路38號1樓,8000000,1120927
8767,83184314,芮晴國際有限公司,臺中市北區淡溝里博館路26號9樓之5,500000,1120926
8768,83185377,溫比士音樂製作有限公司,臺中市西區臺灣大道二段2號20樓之1,800000,1120922
8769,83186538,皇騰家具有限公司,臺中市大雅區雅楓里民生路三段180巷28號1樓,1600000,1120926
8802,83206252,好野戶外有限公司,臺中市西屯區福林里福康路82號1樓,1500000,1120907
8803,83206942,綠潮有限公司,臺中市沙鹿區南斗路27巷29號1樓,1000000,1120901
8804,83207230,亞太長富實業有限公司,臺中市西區和龍里臺灣大道二段2號8樓之7,1000000,1120906
8805,83207787,坎頓街十一號有限公司,臺中市北屯區文心路三段447號22樓之2,50000,1120911
8840,83233005,芳基股份有限公司,臺中市北屯區后庄六街106號1樓,12567130,1120923
8903,83264153,佳喆企業有限公司,臺中市西屯區潮洋里市政北二路236號21樓之1,1000000,1120914
8904,83265189,台玖企業有限公司,臺中市大雅區大楓里昌平路四段303巷43號,1000000,1120915
8905,83265596,美地能源服務有限公司,臺中市西屯區河南路二段262號3樓之11,1000000,1120905
8907,83266151,喆昌多媒體股份有限公司,臺中市西屯區福恩里工業區一路6巷12號2樓,50100000,1120925
8908,83266309,上潁股份有限公司,臺中市北屯區文心路三段447號4樓,5000000,1120926
8920,83275095,巨淥有限公司,臺中市太平區新光里振福路616號1樓,600000,1120918
8921,83275145,芊鶴企業有限公司,臺中市大雅區秀山里上山二路13號1樓,5000000,1120926
8922,83275258,中原電力股份有限公司,臺中市南屯區永定里龍富十五路25號2樓之1、2樓之2,2000000,1120913
8923,83275320,萬國人本開發建設有限公司,臺中市北區賴福里進化北路368號1樓,500000,1120925
8924,83276361,飛騰國際開發有限公司,臺中市西屯區市政北七路186號11樓之2,2000000,1120925
8925,83276593,濬宇地產建築有限公司,臺中市南屯區同心里文心路一段218號16樓之1,10000000,1120901
8926,83276735,綠晟科技有限公司,臺中市南屯區永春東路1116之1號10樓之5,1000000,1120915
8927,83277208,禾日一方設計有限公司,臺中市西屯區市政北七路186號5樓之2,500000,1120908
8928,83277827,好野廣告有限公司,臺中市西屯區惠來里市政北七路186號12樓之9,500000,1120918
8935,83280132,牧玥科技有限公司,臺中市南屯區春社里精科南路99號2樓之7,6200000,1120906
8940,83285024,聖綾興業有限公司,臺中市西屯區何厝里何厝東二街23號9樓之3,70500000,1120926
8956,83293333,築間餐飲事業股份有限公司,臺中市北屯區崇德九路455號4樓,428395500,1120927
8964,83300952,時創貿易有限公司,臺中市南屯區豐樂里文心南三路569號3樓之2,5000000,1120926
8981,83361303,瓦屋不動產有限公司,臺中市西區公平里華美西街一段29號1樓,450000,1120920
8982,83361845,席藝文創設計股份有限公司,臺中市西屯區市政北二路238號9樓之1,800000,1120921
8988,83370210,甜媽咪有限公司,臺中市南屯區黎明東街110號1樓,1000000,1120925
8989,83370339,米號有限公司,臺中市南屯區大同里向上南路一段163號5樓之21,6000000,1120906
8994,83376559,謙圓興業有限公司,臺中市大雅區六寶里科雅路373號1樓,3000000,1120907
9004,83386867,紅樂餐飲有限公司,臺中市北區賴村里德化街457號,2500000,1120927
9005,83387161,留白計畫股份有限公司,臺中市西區吉龍里五權西四街45號,15000000,1120906
9006,83388675,慕溏股份有限公司,臺中市西區臺灣大道二段573號5樓,22500000,1120925
9017,83395009,龍明有限公司,臺中市豐原區北陽里南陽路258號,1000000,1120925
9018,83395227,米米米有限公司,臺中市烏日區高鐵路二段140號19樓之6,100000,1120906
9020,83396372,展岳自動化有限公司,臺中市西屯區西墩里黎明路三段250號13樓之1,100000,1120908
9021,83396540,大囍國際有限公司,臺中市西屯區惠來里市政北一路1號2樓,500000,1120927
9022,83397013,芝麻科技股份有限公司,臺中市西屯區潮洋里朝馬二街6號1樓,1000000,1120907
9023,83397148,捷丞管理顧問有限公司,臺中市西屯區市政北二路236號29樓之5,6000000,1120926
9024,83397415,崴勝實業有限公司,臺中市西區貴和街21號1樓,6000000,1120926
9025,83398553,禾沂營造股份有限公司,臺中市西屯區西平里漢翔路131號1樓,48000000,1120907
9032,83404838,丹麥商賦能風電系統股份有限公司,臺中市西屯區市政北二路282號21樓之9,4600000,1120918
9033,83407342,樂奇投資股份有限公司,臺中市大雅區德勝路137巷10號,19396025,1120922
9035,83408692,期元有限公司,臺中市北屯區松竹里河北西街88號15樓之2,1000000,1120927
9036,83408763,富綨發股份有限公司,臺中市北區青島東街95號1樓,71930890,1120911
9037,83408953,晴芳國際有限公司,臺中市豐原區大湳里三豐路一段185號,2000000,1120911
9050,83417117,全富開發股份有限公司,臺中市西區忠明南路270號8樓之2,60000000,1120922
9051,83417209,元富土地開發股份有限公司,臺中市西區忠明南路270號8樓之2,200000000,1120907
9052,83418170,頌賀開發建設有限公司,臺中市太平區立智街90號3樓之2,25000000,1120915
9053,83418571,聚誠股份有限公司,臺中市北區健行里忠明路424號5樓之1,8500000,1120914
9054,83419142,富鼎不動產開發有限公司,臺中市南屯區文心路一段378號10樓之2,10000000,1120908
9055,83420318,科健生技有限公司,臺中市北屯區新平里經貿一路138號1樓,5000000,1120920
9059,83422765,英屬維京群島商智行有限公司,臺中市西屯區市政路386號18樓之6,1000000,1120920
9060,83424503,欣德健康事業股份有限公司,臺中市大里區立德里立新二街83號1樓,31800000,1120908
9061,83425799,禾泰建設股份有限公司,臺中市大甲區育英路235號1樓,49000000,1120922
9062,83426538,地龍蚯蚓養殖有限公司,臺中市大里區東興里國光路二段500號5樓之5,1000000,1120911
9066,83432551,琥央有限公司,臺中市西屯區寧夏路195之8號,100000,1120912
9070,83440270,明田精密有限公司,臺中市太平區太平里合利街10巷5號,1000000,1120925
9071,83441658,群益工程有限公司,臺中市南屯區永春南路888巷285號1樓,2000000,1120922
9072,83442191,永富醫材科技有限公司,臺中市大里區鳳凰路45號1樓,1000000,1120920
9073,83442241,聖恩整合行銷有限公司,臺中市西屯區臺灣大道三段789號19樓之1,1000000,1120905
9075,83443255,齊霖都市更新顧問股份有限公司,臺中市北區建興里崇德路一段268之5號,1000000,1120901
9087,83462169,榛展實業有限公司,臺中市南區永興里美村南路309號1樓,10000000,1120908
9097,83467988,豐荷國際事業有限公司,臺中市豐原區隆豐街58巷17號1樓,200000,1120915
9099,83468488,狂享健康事業有限公司,臺中市北屯區舊社里南興一路218號1樓,1000000,1120925
9109,83470554,優泥來股份有限公司,臺中市西區藍興里大全街116號1樓,39370000,1120907
9131,83486562,富麗雅國際股份有限公司,臺中市西屯區何德里漢口路二段151號9樓之1,3000000,1120923
9132,83487160,代琳有限公司,臺中市北區五常里五順街45號1樓,5000000,1120923
9137,83488962,芮德科技有限公司,臺中市西區民龍里臺灣大道二段239號13樓,10000,1120908
9159,83501058,積德資本股份有限公司,臺中市西屯區潮洋里臺灣大道三段789號20樓之6,15000000,1120905
9173,83509220,閍閣室內裝修設計有限公司,臺中市大里區工業一路38號1樓,5000000,1120914
9174,83509869,嘉港貿易有限公司,臺中市北區崇德路一段629號7樓之1之1,6000000,1120915
9210,83527613,先聯科技股份有限公司,臺中市大雅區大楓里民富街78號1樓,30000000,1120915
9211,83527705,品宸方開發建設有限公司,臺中市西屯區何南里大墩二十街99號5樓,500000,1120911
9224,83536681,台灣凱揚自動化設備有限公司,臺中市西屯區何福里寧夏東三街29號,520000,1120912
9226,83537443,大鑫永鉅不動產經紀有限公司,臺中市北區賴旺里中清路一段870、872號1樓,1000000,1120919
9243,83549721,古茗玉有限公司,臺中市南屯區惠中里大墩路469號1樓,6000000,1120928
9246,83552963,艾捷科技有限公司,臺中市南屯區大墩十街300號10樓之2,5000000,1120908
9247,83553718,宇星愛寵股份有限公司,臺中市南區福平里美村路二段186號6樓之1,11160000,1120927
9248,83553739,小島遇見他文創有限公司,臺中市西區民權路219號2樓,500000,1120901
9249,83553920,得躍環境清潔有限公司,臺中市北屯區漢口路五段59號1樓,200000,1120911
9263,83561718,振頻量子科技有限公司,臺中市東區一心街273號,5000000,1120901
9268,83563997,國順股份有限公司,臺中市潭子區大富里民族路二段301巷2之6號,500000,1120901
9269,83564026,禹田禾建設股份有限公司,臺中市豐原區豐圳里圓環西路158號,60000000,1120919
9270,83564882,普德投資有限公司,臺中市南屯區惠中里文心路一段306號12樓之1,2400000,1120926
9271,83565025,金懋實業股份有限公司,臺中市西屯區惠來里市政北七路159號15樓之1,18000000,1120914
9279,83568607,匯鉅能源股份有限公司,臺中市北區臺灣大道二段360號5樓之1,134000000,1120918
9282,83571645,明啓投資股份有限公司,臺中市西區双龍里2鄰模範街31巷1之2號5樓,33000000,1120918
9289,83576091,量子科幻世界股份有限公司,臺中市北屯區水湳里文心路三段447號4樓,500000,1120928
9290,83576655,欣怡有限公司,臺中市西屯區惠來里市政北七路186號12樓之9,6000000,1120928
9292,83576888,淞玥餐酒管理顧問股份有限公司,臺中市北區淡溝里臺灣大道二段360號17樓之2,25000000,1120908
9293,83577486,向海那漾股份有限公司,臺中市大安區北汕路86巷1號,45000000,1120906
9294,83577612,台灣休閒運動科技股份有限公司,臺中市后里區寺山路41號,40500000,1120922
9317,83590018,達優股份有限公司,臺中市北區明新里太原路一段532號10樓之1,45000000,1120907
9318,83590143,巧豪設計有限公司,臺中市北屯區三和里東光路884巷43號1樓,7000000,1120920
9319,83590880,露鐸股份有限公司,臺中市大安區福住里北汕路86巷1號,1500000,1120906
9320,83591038,育霆實業有限公司,臺中市東區新庄里復興路四段80號10樓,6660000,1120923
9329,83595479,車治有限公司,臺中市北屯區水湳里文心路三段447號22樓之2,250000,1120927
9330,83596097,無限夢想股份有限公司,臺中市西區精誠路92號底一層之1,20500000,1120905
9331,83596266,俊翔實業有限公司,臺中市大雅區員林里神林路一段520巷35之12號,2500000,1120922
9332,83596478,青絹股份有限公司,臺中市南區樹德里復興北路801巷68號2樓之3,4000000,1120905
9337,83599947,金永欣營造有限公司,臺中市太平區永成里永成北路128巷28號1樓,5000000,1120915
9338,83600043,胖加烘焙食品股份有限公司,臺中市西屯區何厝里漢口路一段29號1樓,6850000,1120914
9362,83618965,原來是洋蔥股份有限公司,臺中市西區忠誠里精明二街75號1樓,12800000,1120914
9363,83619731,駿維事業有限公司,臺中市清水區楊厝里頂三庄路153巷2號1樓,60000000,1120908
9375,83634022,君第建設有限公司,臺中市烏日區溪南路一段605巷57號1樓,29800000,1120912
9376,83634515,協櫻開發有限公司,臺中市豐原區南村里向陽路77之1號,500000,1120925
9377,83636443,八達交通股份有限公司,臺中市北屯區崇德路二段128號5樓之1,18000000,1120915
9396,83655623,獨角獸玖比拾陸股份有限公司,臺中市北屯區中清路二段5號3樓,3200000,1120926
9405,83676232,品香文化有限公司,臺中市豐原區西安里西勢路114巷65號,5000000,1120906
9406,83681143,宇瀚國際貿易有限公司,臺中市豐原區東湳里三豐路二段458巷3號1樓,2000000,1120901
9415,83684710,裕國資產管理股份有限公司,臺中市西區公平里精誠15街17號,40000000,1120906
9416,83684802,富商事業有限公司,臺中市中區綠川東街110號11樓之4,100000,1120901
9427,83691141,新瀚節能股份有限公司,臺中市潭子區中山路三段307號,1000000,1120920
9469,83716229,欣玥國際有限公司,臺中市西屯區龍德路二段158號,5000000,1120927
9471,83718296,明晟有限公司,臺中市南屯區大同里東興路二段250巷1弄1號2樓,1000000,1120905
9472,83718958,銅薪藝術股份有限公司,臺中市東區東興里立德東街21號2樓,2000000,1120919
9498,83742459,可勝動物營養生技有限公司,臺中市西區安龍里民權路193號5樓,1000000,1120922
9511,83752723,拾一室內裝修設計有限公司,臺中市南區和平里新和街112號4樓之1,3000000,1120921
9512,83753814,婕樂股份有限公司,臺中市南屯區惠中里大光街117號20樓之2,5050000,1120901
9565,83791161,章興股份有限公司,臺中市霧峰區吉峰里吉峰東路73巷1號1樓,6000000,1120925
9572,83794907,騰輝營造有限公司,臺中市西屯區市政路386號8樓之7,3600000,1120927
9573,83794913,晏陽興業股份有限公司,臺中市北屯區民政里北坑巷109號,3000000,1120906
9587,83867963,喜德餐飲有限公司,臺中市西屯區河南路二段240號1樓,500000,1120918
9588,83917099,聯眾營造股份有限公司,臺中市北屯區大連路三段68號1樓,3600000,1120922
9596,84004959,天佑能源股份有限公司,臺中市北屯區舊社里敦富一街185號1樓,1000000,1120926
9598,84026623,水蛙貿易有限公司,臺中市北屯區松強里興安路二段500之1號,200000,1120907
9603,84078298,紹琪實業股份有限公司,臺中市大肚區頂街里沙田路三段245巷68之6號,32890000,1120913
9604,84082618,美日成實業有限公司,臺中市大里區大里路479號1樓,5000000,1120913
9607,84088726,綜茂實業有限公司,臺中市太平區成功路126號,5000000,1120921
9609,84094369,華豫寧股份有限公司,臺中市北區進化北路238號4樓之8,466761990,1120925
9614,84131569,達努巴克國際事業股份有限公司,臺中市南區福順里忠明南路787號31樓,10000000,1120901
9624,84164272,揚得機械工業有限公司,臺中市大肚區中和里興和路55號,5000000,1120905
9631,84184447,勇舜工業股份有限公司,臺中市潭子區栗林里祥和路172巷38號1樓,3000000,1120906
9632,84188099,凱麗紙器股份有限公司,臺中市神岡區溪洲里神洲路789巷31之2號1樓,10000000,1120907
9636,84202472,辰鋒汽車材料有限公司,臺中市南區長榮里信義南街127號,1000000,1120922
9642,84228254,展鐿興業股份有限公司,臺中市大雅區大雅里大榮街106巷12弄7號2樓,5000000,1120922
9649,84250163,佳信食品工業股份有限公司,臺中市梧棲區草湳里自立三街69號,90000000,1120920
9670,84314271,景福興業股份有限公司,臺中市南區學府路170號4樓之22,22500000,1120906
9695,84402204,模得發工業股份有限公司,臺中市豐原區南田街229號,66000000,1120906
9699,84414980,金靖實業股份有限公司,臺中市神岡區社南里中山路847巷14號,2000000,1120922
9703,84424116,凱群資訊股份有限公司,臺中市西屯區西墩里漢翔路518號3樓,8500000,1120914
9704,84430237,東譽電子科技有限公司,臺中市南區忠明南路1259號3樓,5000000,1120908
9728,84524121,鼎陶企業有限公司,臺中市大里區新里里青松街10號1樓,2000000,1120911
9731,84534654,春鈿工業有限公司,臺中市豐原區南陽里永康路181巷35號1樓,5000000,1120905
9732,84534676,承厚有限公司,臺中市南屯區大誠里大墩四街65號1樓,3000000,1120925
9737,84554840,泗聯建設股份有限公司,臺中市北屯區平心里瀋陽路三段58之5號,28000000,1120911
9740,84577082,乙兆營造有限公司,臺中市北屯區廍子里祥順路一段433號,25000000,1120912
9745,84597897,富智工業股份有限公司,臺中市大里區新里里上田街31之5號,2325000,1120925
9750,84610060,大港開發股份有限公司,臺中市神岡區庄後里溝心路51之2號,10000000,1120923
9752,84624584,東禹營造有限公司,臺中市北屯區松茂里松竹北路191號1樓,25000000,1120906
9754,84630426,王品餐飲股份有限公司,臺中市西區民龍里台灣大道2段218號29樓,844511090,1120926
9755,84637167,雪花齋食品有限公司,臺中市大雅區上楓里楓林街173之1號1樓,6000000,1120920
9757,84639432,永傑清潔股份有限公司,臺中市太平區新坪里新平路三段155號1樓,1000000,1120927
9768,84693738,金立洋企業有限公司,臺中市北屯區水湳里文心路四段83號11樓,15000000,1120927
9813,84859054,億珍食品有限公司,臺中市大里區健民里仁化工十九路2號1樓,20000000,1120925
9822,84874864,仕佳興業有限公司,臺中市潭子區中山路二段73巷232號,100000000,1120907
9824,84884510,聚和豐營造股份有限公司,臺中市南區大慶街一段126號1樓,25000000,1120906
9838,84952565,金永翰石材有限公司,臺中市大雅區昌平路四段558巷91號,5000000,1120914
9840,84959693,蓮成文教事業有限公司,臺中市東區雙十路一段4之33號1、2、3樓,5000000,1120906
9843,84972817,啓立機械工程股份有限公司,臺中市大里區樹王里中投西路三段997號,5000000,1120906
9851,85000558,令和水電有限公司,臺中市大里區永隆里永大街406號1樓,2000000,1120927
9874,85020267,昇美工程有限公司,臺中市大里區工業路宏巨一巷25號1樓,1100000,1120922
9911,85048791,藤源營造股份有限公司,臺中市龍井區龍社路22巷4弄15號1樓,14000000,1120907
9912,85049320,鼎航商務科技有限公司,臺中市西屯區朝富路213號7樓之8,10000000,1120907
9913,85049829,晟德不動產有限公司,臺中市北區立人里北平路ㄧ段10號1樓,2000000,1120906
9914,85049840,永豐國際開發股份有限公司,臺中市南屯區惠德街297號15樓之1,235200000,1120912
9918,85052788,慧光文教股份有限公司,臺中市北區梅豐街71號1樓,3500000,1120921
9919,85054006,鼎壯股份有限公司,臺中市南區崇倫里三民西路373之2號8樓,72721000,1120908
9920,85054603,仟義文創有限公司,臺中市北區崇德路一段629號19樓之2,100000,1120921
9921,85054667,微設計有限公司,臺中市西屯區大墩十九街186號11樓之1,1000000,1120923
9925,85058426,暉泓有限公司,臺中市神岡區圳堵里三民路617號1樓,800000,1120925
9926,85058729,優合行銷股份有限公司,臺中市大雅區民生路四段51號2樓,2000000,1120922
9928,85059234,鋐洲營造有限公司,臺中市西屯區惠來里市政北一路359號6樓,3600000,1120913
9929,85059369,碧國建設股份有限公司,臺中市西屯區西屯路三段156號,3000000,1120922
9943,85072356,安城建設有限公司,臺中市西屯區永安里玉門路233號20樓之1,29000000,1120927
9950,85077872,樂丘股份有限公司,臺中市西屯區福順路288號10樓之1,1000000,1120901
9962,85080813,智谷系統有限公司,臺中市西區大忠南街55號7樓之5,1100000,1120907
9963,85080877,歐姆企業有限公司,臺中市北屯區平田里遼陽北二街78號1樓,50000,1120914
9964,85081539,嘉濱開發股份有限公司,臺中市清水區南社里鎮政路68號3樓,4000000,1120906
9965,85081910,波賽頓奈米科技有限公司,臺中市大雅區員林里神林路一段104巷23號,2826000,1120918
9970,85085090,曜盈科技有限公司,臺中市南屯區溝墘里大業路239號3樓之1,300000,1120907
9971,85085134,谷倉投資有限公司,臺中市西屯區臺灣大道二段910號11樓之5,7600000,1120918
9972,85086915,富鑫營造股份有限公司,臺中市南屯區大墩十四街194號2樓,3600000,1120923
9993,85101520,創瀞節能有限公司,臺中市北區建興里德化街356號2樓,2000000,1120915
9999,85108615,毅展實業有限公司,臺中市沙鹿區福興里13鄰鎮南路二段385號,3000000,1120913
10009,85117425,宏亞國際工程有限公司,臺中市西屯區福林里福林路31巷16號1樓,20000000,1120921
10010,85119232,田尾包袋有限公司,臺中市西區公益路353號2樓,100000,1120926
10057,86037408,詮貿實業有限公司,臺中市西屯區大容西街25號11樓之1,5000000,1120920
10067,86076197,佳昌塗裝股份有限公司,臺中市大雅區四德里中山路307號,15000000,1120926
10083,86124493,元勝國際實業股份有限公司,臺中市南屯區環中路四段2號2樓,381631330,1120906
10098,86185786,凱豊工業股份有限公司,臺中市太平區太平里合利街24巷2號,80000000,1120927
10106,86221517,敬嘉工業有限公司,臺中市太平區中興里新平路一段279巷45號,5000000,1120908
10107,86224839,昌旺實業股份有限公司,臺中市豐原區豐田里豐南街92巷139號,30000000,1120925
10108,86230585,原笛服飾有限公司,臺中市西屯區市政北三路143號1樓,33000000,1120926
10114,86249846,皇冠特殊印刷廠股份有限公司,臺中市太平區中興里永義路58號,160000000,1120908
10119,86266675,協興塑膠股份有限公司,臺中市太平區宜欣里富平路26號1樓,1000000,1120923
10138,86335785,慶坤工業有限公司,臺中市大肚區沙田路二段308巷10號,9000000,1120908
10139,86339706,半天水事業股份有限公司,臺中市北區明德里華美街二段98號2樓,35000000,1120907
10141,86342569,泰仁機械實業有限公司,臺中市南屯區永定里永春東六路307號,12000000,1120921
10145,86353447,詮晟科技股份有限公司,臺中市東區東門里東光園路176巷6號,10000000,1120915
10146,86355037,鍾冶金屬工業股份有限公司,臺中市太平區德隆里工業十五路8號,5000000,1120925
10163,86403988,丹聯投資股份有限公司,臺中市沙鹿區永寧路168號1樓,100000000,1120913
10164,86404229,有銓印刷有限公司,臺中市烏日區學田里學田路便行巷26號1樓,1000000,1120901
10168,86413711,滙歐科技開發股份有限公司,臺中市南屯區五權西路二段501號4樓,300000000,1120918
10169,86415302,沃爾創新有限公司,臺中市太平區新高里育賢路329號11樓之3,3000000,1120905
10200,86528994,富強製網股份有限公司,臺中市西屯區協和里工業區40路32之1號,15000000,1120918
10201,86531983,中謙資訊股份有限公司,臺中市西屯區工業區一路2巷3號5樓之3,4500000,1120918
10205,86543685,柏政工業有限公司,臺中市大里區仁德里四育街26號,5000000,1120915
10209,86560620,唐亞股份有限公司,臺中市南屯區文山里精科八路32號,170000000,1120922
10226,86622029,正河源股份有限公司,臺中市清水區秀水里五權路232號1樓,150000000,1120906
10237,86659382,調頻文化事業有限公司,臺中市南屯區向上南路一段287號1樓,1200000,1120912
10247,86684452,達新投資股份有限公司,臺中市西區後龍里民權路304巷6號1樓,18000000,1120923
10260,86748414,笠得精密工業股份有限公司,臺中市大肚區新興里沙田路二段399巷45號,45000000,1120908
10269,86778280,綸山實業有限公司,臺中市南屯區寶山五街105號1樓,5000000,1120914
10278,86799969,駿辰精密有限公司,臺中市潭子區大豐里雅豐街282巷25號,140000000,1120922
10283,86813619,信富紡織科技股份有限公司,臺中市清水區中山路525之3號,72000000,1120905
10315,86980502,豐詣室內裝修有限公司,臺中市東區東信里振興路358巷47號1樓,30000000,1120927
10319,86983992,鉅瑋實業有限公司,臺中市南屯區工業區24路9號,60000000,1120921
10364,89126538,遠任股份有限公司,臺中市北屯區中清路二段1166巷32號11樓之7,6953950,1120921
10365,89127086,森譯室內裝修設計有限公司,臺中市南區福田三街103號,1000000,1120911
10366,89127776,境安恆美有限公司,臺中市南區樹義里樹義路47號1樓,6000000,1120926
10370,89130961,天樂廣告行銷有限公司,臺中市西屯區何成里大墩十九街239號,5000000,1120921
10371,89131238,謙牧國際有限公司,臺中市西區忠明南路270號7樓之1,2000000,1120919
10383,89136992,盈泰澤丞股份有限公司,臺中市西區忠誠里臺灣大道二段501號7樓之1,3000000,1120907
10384,89137129,上揚不動產經紀有限公司,臺中市北區中達里英才路242之1號1樓,600000,1120911
10385,89137232,美約能源服務有限公司,臺中市西屯區河南路二段262號3樓之5,1000000,1120906
10414,89151780,茂生環保科技有限公司,臺中市豐原區陽明里自強南街28巷11號,5200000,1120923
10424,89155771,新懿達企業有限公司,臺中市梧棲區大庄里文華街28巷60號1樓,4000000,1120907
10425,89156119,即銷股份有限公司,臺中市南屯區大業里公益路二段51號14樓,3000000,1120927
10427,89156482,璟盛投資股份有限公司,臺中市西區三民路一段149號12樓之1,322000000,1120926
10433,89161289,享滑雪股份有限公司,臺中市北區東成路62號,25000000,1120915
10434,89161942,唯心彩藝股份有限公司,臺中市大雅區民生路三段267巷28號、30號、32號,30004000,1120915
10435,89162034,曜瑞能源股份有限公司,臺中市西區自由路一段101號15樓之3,30000000,1120927
10436,89162267,碩成有限公司,臺中市西屯區臺灣大道三段540號14樓之1,1000000,1120927
10442,89166215,阿爾斯藝術文教有限公司,臺中市南屯區惠文路536號5樓,5000000,1120915
10443,89166550,海神國際物流有限公司,臺中市西屯區惠來里市政路402號32樓之1,36000000,1120927
10448,89168071,健升有限公司,臺中市烏日區北里里溪南路二段696巷18號2樓,500000,1120905
10454,89170317,台灣安衛環股份有限公司,臺中市中區綠川里綠川西街137號9樓之2,1000000,1120922
10456,89172271,目也非非有限公司,臺中市大里區中新里環中東路六段370號8樓,2000000,1120911
10457,89172482,鉅奎永續管理顧問股份有限公司,臺中市南屯區大墩十四街192之1號7樓,2000000,1120928
10458,89172595,開元地產有限公司,臺中市霧峰區本鄉里光明街31號1樓,3000000,1120926
10476,89184895,茂原建設股份有限公司,臺中市大里區新里里上田街31之5號1樓,26000000,1120920
10483,89187078,兆發數位股份有限公司,臺中市北屯區平和里旅順路一段152號1樓,200000,1120913
10484,89187247,亞倫投資有限公司,臺中市西屯區市政北二路282號13樓之11,6851040,1120927
10487,89189625,灃濱環保科技股份有限公司,臺中市西屯區大容東街66號6樓,100000000,1120906
10503,89205097,兆豐木工機械有限公司,臺中市神岡區神洲里豐工三路8號,5000000,1120908
10509,89226699,聖德科技股份有限公司,臺中市豐原區翁子里豐勢路二段252巷8號1樓,6000000,1120922
10511,89234591,承獎工業有限公司,臺中市太平區宜昌東路23巷17號,5000000,1120927
10514,89243661,金利捷有限公司,臺中市南區高工路369巷21號1樓,5000000,1120908
10515,89244351,步武實業有限公司,臺中市西屯區文心路二段111之66號8樓,15000000,1120914
10527,89287766,晶華家具國際貿易有限公司,臺中市西屯區文心路三段424號1樓,10000000,1120927
10528,89287837,嘉佑華實業有限公司,臺中市中區綠川西街137號9樓之2,1000000,1120925
10531,89291430,祥洲模具有限公司,臺中市沙鹿區埔子里屏西路二六八號一樓,2000000,1120922
10535,89316191,東方族企業有限公司,臺中市龍井區龍泉里龍社路69號1樓,5000000,1120918
10538,89325570,新虎將機械工業股份有限公司,臺中市外埔區六分里水頭一路100巷66號,203860000,1120905
10539,89328561,瓏晟興業股份有限公司,臺中市后里區墩南里七星街9巷3號,56160000,1120907
10546,89345415,億豪企業有限公司,臺中市清水區西寧里五權東路25之1號4樓,12000000,1120901
10550,89357002,渥得國際設計有限公司,臺中市北屯區平順里大連路三段10號3樓之2,3200000,1120914
10551,89357256,仟翌特殊鋼股份有限公司,臺中市神岡區大明路13巷20號,38850000,1120905
10554,89361337,新鉅企業有限公司,臺中市大肚區福山里王福街801號1樓,2000000,1120906
10603,89484268,奇宙通運有限公司,臺中市梧棲區博愛路6巷24號,30000000,1120919
10609,89495841,名盛事業股份有限公司,臺中市北屯區軍功里環中東路一段1487號,19000000,1120901
10612,89502998,惟中企業股份有限公司,臺中市太平區太平里永平路三段132巷3號,2000000,1120913
10613,89508000,巨邦交通有限公司,臺中市清水區國姓里臨港路七段398號,28000000,1120906
10616,89522755,銘錩環保機械有限公司,臺中市豐原區翁子里豐勢路一段577巷38弄9號,1000000,1120920
10646,89643414,艾克力企業有限公司,臺中市大雅區員林里大林路66巷12之2號1樓,10000000,1120918
10647,89651075,鑫有闐工業有限公司,臺中市神岡區岸裡里大豐路五段295巷56弄19號1樓,3000000,1120912
10652,89660779,轉華工業股份有限公司,臺中市東區東信里振興路437巷80弄7號1樓,5000000,1120911
10660,89673508,蘇縣通訊科技有限公司,臺中市西屯區寧夏東二街10號1樓,6000000,1120922
10661,89673628,加璽企業股份有限公司,臺中市神岡區中山路893巷9之2號3樓,10000000,1120923
10665,89692441,巨諾實業股份有限公司,臺中市大甲區庄美里興安路138之170號1樓,3000000,1120918
10670,89709251,好廣貿易股份有限公司,臺中市南區西川里柳川西路一段9號,26000000,1120907
10672,89712811,丙辛酉環保企業股份有限公司,臺中市大甲區日南里東一街17號,33690000,1120907
10673,89713109,漢光資訊有限公司,臺中市太平區東和里中和街313巷9號1樓,5000000,1120912
10674,89719271,奇暐營造有限公司,臺中市沙鹿區正德路200巷37之3號1樓,3600000,1120914
10675,89725040,璡寶企業股份有限公司,臺中市后里區三線路33之23號,5000000,1120927
10688,89749232,幸梅企業有限公司,臺中市西屯區青海路二段153號9樓之1,500000,1120905
10697,89764253,鴻聯保險代理人股份有限公司,臺中市北屯區北屯路390號7樓之1,10000000,1120913
10698,89768504,甫元金屬股份有限公司,臺中市大里區大元里大衛路37巷15號,10000000,1120918
10700,89779994,成偉股份有限公司,臺中市梧棲區草湳里梧南路20-5號,5000000,1120915
10701,89783147,日足企業有限公司,臺中市北屯區太原路三段776之1號,25000000,1120901
10702,89785026,泰霖有限公司,臺中市東區十甲里自由路四段190號1樓,12000000,1120901
10705,89802221,逸陞機械有限公司,臺中市烏日區五光路189巷138號,29000000,1120913
10709,89818201,長德廣告企業有限公司,臺中市龍井區新庄里中沙路新庄仔巷43之1號,2000000,1120913
10720,89853086,汎澄有限公司,臺中市東區東興里建德街87號1樓,1000000,1120907
10731,89883531,揚萬實業股份有限公司,臺中市南區長榮里愛國街49巷2號1樓,19900000,1120901
10732,89887023,盛揚機械股份有限公司,臺中市霧峰區中正路557巷21之5號,15000000,1120918
10734,89899695,台灣聯技股份有限公司,臺中市西屯區惠中路160號1樓,8000000,1120911
10754,89954633,歐禹動力機械有限公司,臺中市大雅區神林南路513巷11弄6號,20000000,1120912
10807,90010710,光希發展生技企業有限公司,臺中市西區忠誠里臺灣大道二段489號31樓,1000000,1120905
10813,90013202,大乳股份有限公司,臺中市南屯區大墩路809號1樓,3800000,1120919
10832,90021358,寀富室內裝修工程股份有限公司,臺中市南屯區新生里龍富路四段293號2樓,70000000,1120913
10833,90022080,頭家網購有限公司,臺中市西屯區西平里西安街143巷8號4樓之3,100000,1120915
10834,90022188,益謙弱電監視系統有限公司,臺中市南區德富路78之2號4樓之3,500000,1120919
10835,90022357,盈菁有限公司,臺中市南屯區大誠里大墩一街42號地下一層之12,100000,1120913
10860,90030693,春暮休閒事業股份有限公司,臺中市西區吉龍里五權五街151號11樓之1至11樓之39、11樓之41~11樓之64,6000000,1120905
10861,90031742,橙畇環保有限公司,臺中市北屯區平順里柳陽西街94巷6號1樓,5200000,1120919
10876,90037318,喜悅健康樂活有限公司,臺中市豐原區社皮里中正路814之15號4樓,800000,1120921
10877,90037627,聯合配電外線工程股份有限公司,臺中市北屯區綏遠路二段72號6樓之1,43000000,1120919
10892,90046962,澄麒生技有限公司,臺中市西區民權路219號2樓,1500000,1120921
10946,90068395,華威燈光音響有限公司,臺中市北區梅川里青島路三段156之6號,1500000,1120906
10948,90068629,愛瑞潔科技有限公司,臺中市潭子區潭陽里潭陽路59巷3號,100000,1120919
10971,90076450,米富金有限公司,臺中市南區忠明南路916號11樓之4,43618200,1120913
10990,90085937,昊瀚有限公司,臺中市大雅區雅楓里神林南路198號1樓,200000,1120908
10991,90086197,誠方資訊顧問有限公司,臺中市西屯區逢福里河南路二段262號3樓之10,1000000,1120921
10995,90088569,玉淞企業有限公司,臺中市西屯區港尾里中清路二段1250巷130弄12號2樓,6000000,1120920
10996,90089808,鴻昇工程管理顧問有限公司,臺中市西區大墩十街98號,100000,1120920
10997,90090024,紳浡有限公司,臺中市后里區后里里新興街23號,5000000,1120927
10998,90090116,怡和資訊有限公司,臺中市西屯區市政北二路238號22樓之1,1000000,1120921
10999,90090880,宇見智能科技有限公司,臺中市南屯區永春東二路100巷8號4樓,3000000,1120919
11000,90091121,葵陽有限公司,臺中市西屯區何源里河南東四街36之12號,100000,1120912
11002,90091950,星航環保有限公司,臺中市大里區內新里環中東路六段316巷2號,10000000,1120922
11003,90092108,喬爾福有限公司,臺中市西屯區大鵬里長安路二段40號1樓,500000,1120912
11004,90092199,朋山君投資股份有限公司,臺中市南屯區文心路一段260號21樓之1,1900000,1120918
11005,90092466,展昀消防機電工程有限公司,臺中市太平區東平路27號1樓,800000,1120927
11006,90092542,洛蜜拉國際貿易有限公司,臺中市西屯區何成里臺灣大道二段833巷13號,30000,1120901
11007,90092796,泰亨資產管理有限公司,臺中市東區十甲里十甲路268號2樓,10000,1120922
11008,90093578,宇祐建設股份有限公司,臺中市西區公益路130號11樓,28000000,1120906
11051,90107329,宏新利股份有限公司,臺中市梧棲區臺灣大道八段548號3樓,148207200,1120901
11052,90107643,賀加科技有限公司,臺中市西屯區文心路三段13之6號,1000000,1120912
11094,90123382,麟鄰三井餐飲有限公司,臺中市東區進德路600號,100000,1120914
11102,90127417,威尼創意有限公司,臺中市西屯區西平里西安街277巷2號,4000000,1120911
11104,90128133,樂微生醫國際有限公司,臺中市西屯區何厝里何厝東二街23號9樓之3,1000000,1120923
11115,90136464,寶蘋有限公司,臺中市南屯區文心南六路199號3樓之5,3178000,1120922
11116,90136577,灝學股份有限公司,臺中市大里區永隆五街111號4樓,5000000,1120912
11117,90136801,合昱不動產經紀股份有限公司,臺中市北屯區舊社里旱溪西路三段191號1樓,5000000,1120920
11118,90137153,喜萊芙股份有限公司,臺中市北區健行里忠明路200號11樓,1000000,1120921
11119,90137219,富創實業有限公司,臺中市大雅區民生路一段233號1樓,200000,1120908
11120,90137463,幸福小食光有限公司,臺中市西屯區朝馬二街13號1樓,6800000,1120926
11135,90148433,天能資訊有限公司,臺中市西屯區市政北二路282號21樓之9,6000000,1120915
11136,90148551,原融新能源投資有限公司,臺中市南屯區大業路241號3樓之1,100000,1120920
11137,90149215,潤赫管理顧問有限公司,臺中市西屯區逢甲里西屯路二段256巷6號3樓之5,1000000,1120920
11148,90155665,谷歌不動產股份有限公司,臺中市北屯區平昌里天津路四段309號22樓之3,1400000,1120914
11149,90155779,愛富潔科技股份有限公司,臺中市潭子區潭陽里潭陽路59巷3號,350000,1120918
11204,90184681,宸羿國際能源股份有限公司,臺中市西區模範街60號4樓,83400000,1120922
11205,90184866,春氛實業有限公司,臺中市南屯區文心路一段186號20樓,10000,1120921
11206,90185160,農田科技股份有限公司,臺中市南屯區龍鎮二街398號,19000000,1120901
11207,90186127,麥克傑森餐飲股份有限公司,臺中市西屯區福星路617、619號,10183910,1120918
11219,90191085,愣馱婆企業股份有限公司,臺中市西區大忠里忠明南路270號7樓之1,10000000,1120920
11220,90191466,奕清科技有限公司,臺中市北區錦祥里進化路575號9樓之3,5000000,1120915
11221,90191992,寬府股份有限公司,臺中市梧棲區臺灣大道八段548號3樓,271720920,1120918
11223,90193295,優杰休閒股份有限公司,臺中市南屯區豐樂里豐偉路186號26樓之1,5000000,1120920
11231,90198159,寰宇光電有限公司,臺中市北屯區昌平東五路13號2樓,50000000,1120927
11232,90198616,歐朗生技有限公司,臺中市西區大忠里忠明南路270號7樓之1,5000000,1120922
11233,90198952,有果實業股份有限公司,臺中市太平區光華里8鄰長安路180號,5500000,1120919
11234,90199066,美格森國際有限公司,臺中市南區福順里忠明南路789號33樓,2000000,1120925
11275,90225536,克萊格有限公司,臺中市北屯區平心里文心路四段671號2樓,100000,1120921
11276,90225753,矽牧股份有限公司,臺中市南區江川里永南街10號11樓,7000000,1120913
11277,90226845,辰翌食品有限公司,臺中市北屯區新平里中平路560號1樓,5000000,1120919
11278,90226866,維晶有限公司,臺中市豐原區府前街87之10號,1750000,1120908
11279,90227605,五暘科技有限公司,臺中市南屯區大業里公益路二段61號3樓之2,5000000,1120926
11295,90236983,匯通國際企業股份有限公司,臺中市烏日區高鐵五路156號7樓之1,37000000,1120911
11296,90237688,聚落科技有限公司,臺中市西屯區潮洋里市政北二路236號21樓之1,2000000,1120912
11297,90239335,菘揚企業有限公司,臺中市大雅區橫山里振興二路90號1樓,600000,1120919
11298,90239567,健發股份有限公司,臺中市烏日區榮泉里榮和路97號、99號,1000000,1120918
11299,90240641,盛達國際股份有限公司,臺中市西屯區市政北七路186號23樓之8,20000000,1120907
11300,90240918,超鋒國際實業有限公司,臺中市西屯區潮洋里朝馬一街27號1樓,5000000,1120908
11301,90241091,瑜泓有限公司,臺中市中區中華里臺灣大道一段538號2樓之2,100000,1120911
11312,90246103,宏展創新有限公司,臺中市西屯區福和里臺灣大道四段847號12樓,3000000,1120908
11313,90246342,佳展國際開發有限公司,臺中市北屯區文心路四段89號,6000000,1120925
11346,90267280,熊粥稻餐飲有限公司,臺中市外埔區大同里中山路90巷2號1樓,2100000,1120912
11356,90275710,拓富建設股份有限公司,臺中市北屯區廍子里廍子路701號2樓,10000000,1120908
11357,90275802,齊福萊有限公司,臺中市南屯區大同里東興路二段274號1樓,5100000,1120918
11358,90275872,仕達股份有限公司,臺中市西區華美街32巷8號,2000000,1120927
11365,90278218,星群股份有限公司,臺中市北區太原路二段66號7樓,5000000,1120911
11370,90280925,協行教育文化股份有限公司,臺中市西屯區市政北二路236號21樓之1,1000000,1120905
11371,90281023,慈喜貿易有限公司,臺中市南屯區大墩十二街134號,2000000,1120915
11372,90281396,萬通興業有限公司,臺中市北屯區平順里昌平路一段388號9樓之1,2000000,1120914
11374,90281918,均億生技國際有限公司,臺中市太平區新福路18號1樓,1000000,1120911
11375,90282276,格棋化合物半導體股份有限公司,臺中市后里區公安路一段33號,700000000,1120907
11377,90282775,富隆投資股份有限公司,臺中市西區自由路一段101號20樓,15000000,1120925
11378,90282846,低碳鋁材科技股份有限公司,臺中市龍井區工業路173巷9號,54000000,1120908
11379,90282851,頌皓開發工程有限公司,臺中市南屯區文心路一段186號12樓之2,1000000,1120901
11380,90283015,麒鴻科技有限公司,臺中市西屯區何安里臺灣大道二段910號11樓之5,100000,1120918
11381,90283084,埃爾生技有限公司,臺中市西區民龍里臺灣大道二段285號14樓之3,300000,1120908
11382,90283535,豐世國際有限公司,臺中市大里區長興一街2號4樓之2,500000,1120920
11383,90283704,杰伸投資有限公司,臺中市南屯區南屯里黎明東街90號,5000000,1120926
11384,90284605,鑫富沁股份有限公司,臺中市西屯區何安里臺灣大道二段910號11樓之5,4300000,1120912
11395,90289778,冰泉水有限公司,臺中市西屯區惠來里西屯路二段惠北巷13弄11號1樓,3000000,1120913
11396,90290509,祺益工業有限公司,臺中市龍井區忠和里工業路182巷20弄7號1樓,4600000,1120907
11397,90290901,義聚培育整合有限公司,臺中市西區忠明南路16號3樓之2,400000,1120906
11398,90291198,昇合升建材有限公司,臺中市梧棲區大庄里文華街28巷10號1樓,3600000,1120921
11408,90296145,銳步運動股份有限公司,臺中市北屯區崇德路二段128號12樓之1,105990000,1120918
11409,90296258,銪鑫國際有限公司,臺中市太平區光興路699巷20弄68號,3000000,1120926
11423,90304412,可維顧問股份有限公司,臺中市中區綠川里民族路23號4樓之2,1010000,1120919
11450,90314880,証鈞工程有限公司,臺中市北屯區仁美里崇德路三段1002巷38弄31號1樓,3000000,1120915
11451,90315261,築夢家文創教育股份有限公司,臺中市西屯區市政北二路282號21樓之11,3944000,1120914
11452,90315522,勤天股份有限公司,臺中市西屯區黎明路三段321號2樓,3500000,1120915
11456,90318160,正祐健身顧問有限公司,臺中市南屯區大業里公益路二段61號15樓,2000000,1120928
11457,90318529,奧加行銷股份有限公司,臺中市北區立人里陝西三街3號1樓,1000000,1120907
11458,90319132,祐羣不動產經紀有限公司,臺中市北屯區軍功里環中東路二段399號1樓,3500000,1120923
11459,90319365,月榕股份有限公司,臺中市西區東昇里樂群街193號,5000000,1120905
11516,90346150,台渥有限公司,臺中市西屯區潮洋里環中路二段1577號27樓之2,2000000,1120919
11519,90348538,曼達拉國際股份有限公司,臺中市烏日區烏日里光日路17號10樓之2,6000000,1120907
11536,90351815,成鑫太陽能投資顧問股份有限公司,臺中市太平區新吉里新英街2之5號1樓,4000000,1120905
11538,90352912,華瑾實業有限公司,臺中市烏日區烏日里大同路63號,3000000,1120906
11539,90353026,三禾興業有限公司,臺中市豐原區豐田里豐南街92巷157號,16000000,1120914
11540,90353525,鷹瞳實業股份有限公司,臺中市南區工學里文心南十路115巷1號13樓之2,4600000,1120912
11557,90359529,源穗投資有限公司,臺中市北區臺灣大道二段360號25樓之5,29900000,1120906
11558,90359632,永燿室內裝潢有限公司,臺中市西屯區何安里重慶路99號5樓之3,700000,1120918
11559,90359696,達富財經科技有限公司,臺中市烏日區三和里高鐵五路156號8樓之5,3100000,1120919
11560,90359730,喬欣精密股份有限公司,臺中市神岡區三角里大富路186巷26之20號1樓,3000000,1120913
11561,90359865,苗林開發有限公司,臺中市西區臺灣大道二段285號20樓,300000,1120907
11562,90360173,育晨投資股份有限公司,臺中市西區梅川西路一段23號8樓,300000,1120907
11563,90360194,邦承實業有限公司,臺中市潭子區栗林里弘智街39巷55號12樓之2,1000000,1120911
11564,90360997,晴點旗袍有限公司,臺中市太平區光華里大興十三街13巷40號,200000,1120906
11565,90361089,豐盛運輸有限公司,臺中市沙鹿區埔子里正英九街7號1樓,200000,1120920
11620,90382090,烤鮮有限公司,臺中市潭子區栗林里民生街155號,500000,1120918
11621,90382346,銓智信科技股份有限公司,臺中市北區忠明路502之1號7樓之1,1000000,1120915
11622,90382471,雲仁國際有限公司,臺中市西屯區至善里逢甲路301巷22弄24號1樓,100000,1120923
11623,90382752,晨耕有限公司,臺中市北屯區平田里文心路四段955號17樓,1000000,1120901
11655,90396236,聚和豐建設股份有限公司,臺中市西區民權路213巷8號1樓,30000000,1120905
11662,90398889,台印澳服務諮詢有限公司,臺中市北區金龍里北屯路27號4樓,100000,1120912
11663,90399178,灃鋐有限公司,臺中市北區賴福里太原路二段86號5樓之1,2500000,1120921
11664,90399727,民悅不動產有限公司,臺中市北屯區舊社里南興路498號,1000000,1120906
11665,90400077,炬鑫環衛有限公司,臺中市北屯區大德里平德路156巷10號1樓,50000,1120922
11666,90400626,馳名不動產股份有限公司,臺中市北屯區仁美里崇德路三段987號1樓,1000000,1120913
11680,90407114,永興開發實業有限公司,臺中市西區公民里忠仁街100號1樓,3000000,1120922
11682,90408471,達利國際精品有限公司,臺中市西屯區西屯路二段256巷6號18樓之10,2000000,1120922
11683,90408774,上亦國際有限公司,臺中市北屯區和平里和祥三街15號,5000000,1120927
11704,90419884,品冠達有限公司,臺中市北區三民路三段133之5號1樓,2000000,1120907
11722,90431493,登誠營造有限公司,臺中市西屯區惠來里市政北七路186號12樓之9,20000000,1120915
11726,90434196,久益室內設計工程有限公司,臺中市大里區新仁里公教街60巷129號1樓,2000000,1120901
11727,90434365,能品水資源有限公司,臺中市龍井區藝術北街127號1樓,1500000,1120905
11752,90447002,笠釿有限公司,臺中市神岡區圳前里三民路359之1號,300000,1120919
11753,90447565,創奇電商有限公司,臺中市南區忠明南路789號38樓之2,200000,1120919
11759,90450511,大日頭五號股份有限公司,臺中市北屯區崇德路二段447號14樓之11,1000000,1120911
11771,90455537,津良股份有限公司,臺中市西區公館里三民路一段50巷1-66號,100000,1120927
11772,90455902,長林策略投資股份有限公司,臺中市太平區光隆里光興路603號,4400000,1120923
11773,90456114,洢貝企業有限公司,臺中市烏日區前竹里仁義街13號,2500000,1120923
11790,90470143,形意空間設計室內裝修股份有限公司,臺中市北屯區文心路三段447號22樓之2,3000000,1120908
11791,90470158,駿傅達投資有限公司,臺中市西區民權路219號6樓之2,10100000,1120911
11815,90486362,安森投資有限公司,臺中市西屯區潮洋里市政北二路236號14樓之1,10000000,1120911
11816,90488093,寰宇資本股份有限公司,臺中市北區邱厝里美德街130號1樓,3000000,1120927
11817,90488707,丞鋒股份有限公司,臺中市西屯區永福路86號,7000000,1120914
11818,90489121,勝鼎投資股份有限公司,臺中市西屯區福玄路79號,8100000,1120908
11831,90494010,鑫瑞發國際有限公司,臺中市大里區西湖路349之1號,500000,1120925
11832,90494308,傑陽開發股份有限公司,臺中市西屯區何厝里何厝東二街23號9樓之3,2000000,1120919
11833,90494476,順達開發物流有限公司,臺中市東區新庄里和平街119之3號8樓之9,100000,1120922
11843,90500250,魚火巷有限公司,臺中市西區自治街234號1樓,200000,1120914
11881,90518054,永順暢工程有限公司,臺中市神岡區圳堵里神清路296號1樓,1000000,1120914
11882,90518081,查理科技工程有限公司,臺中市南屯區豐樂里文心南七路10號3樓之2,12000000,1120901
11883,90518408,逸鑫醫材有限公司,臺中市南屯區同心里文心路一段186號12樓之3,1000000,1120925
11898,90526391,開億股份有限公司,臺中市大安區福住里北汕路86巷1號,3500000,1120908
11915,90533251,雋程工程有限公司,臺中市大甲區日南里工二路4之192號,1000000,1120913
11916,90534012,韋謙生活有限公司,臺中市北屯區仁美里昌平東二路156號,100000,1120918
11946,90550413,旺途酥力股份有限公司,臺中市南區工學路2號1樓,5000000,1120927
11948,90551715,鑫碇創富股份有限公司,臺中市北屯區水湳里文心路三段447號4樓,7050000,1120911
11955,90555769,峰堂工程有限公司,臺中市大雅區神林南路115巷65號2樓之3,500000,1120905
12006,90581936,禾聚系統櫥櫃有限公司,臺中市西區大忠里大忠南街25號9樓之6,1500000,1120926
12017,90589775,敦品國際教育股份有限公司,臺中市西區館前路10號,3000000,1120922
12018,90589796,松耀興業有限公司,臺中市北屯區梅川西路四段323號13樓,1000000,1120920
12019,90589830,易速工數位模組工程股份有限公司,臺中市潭子區中山路三段307號,30000,1120920
12022,90592482,皇林國際貿易有限公司,臺中市西屯區潮洋里市政北二路238號27樓之1,5000000,1120914
12023,90592906,友銓不動產仲介經紀有限公司,臺中市南屯區文心南路116號1樓,5000000,1120915
12029,90597634,金好康國際企業有限公司,臺中市西區東昇里樂群街178號1樓,2206000,1120913
12031,90598388,盛成國際股份有限公司,臺中市太平區光興里新光路62號3樓,7967136,1120923
12032,90600413,星鱻電力股份有限公司,臺中市西屯區東興路三段373號,600000000,1120913
12033,90600440,友信國際股份有限公司,臺中市西屯區惠來里惠中路102號1樓,5000000,1120918
12040,90605022,萊福士投資有限公司,臺中市西區臺灣大道二段307號6樓之1,5000000,1120905
12041,90605114,金鉑斯國際有限公司,臺中市北屯區安順東八街14號1樓,2000000,1120923
12042,90605557,同安通運有限公司,臺中市神岡區社口里社口街61巷8號1樓,300000,1120911
12052,90611122,安安吉國際有限公司,臺中市南區忠明南路758號10樓,5000000,1120908
12058,90612641,邦尼設計裝潢有限公司,臺中市東區合作里力行路41號,500000,1120928
12059,90613661,政新工業有限公司,臺中市太平區成功里成功路249號,200000,1120913
12060,90613894,台勵福倉儲股份有限公司,臺中市潭子區東寶里昌平路三段237號,4000000,1120913
12061,90614009,昀睿有限公司,臺中市沙鹿區錦衣街16號,5500000,1120913
12080,90625174,昆齊工業有限公司,臺中市龍井區忠和里中山二路二段251號,200000,1120906
12084,90626878,神越國際有限公司,臺中市中區綠川西街135號2樓之1,500000,1120925
12092,90631680,建菘食品股份有限公司,臺中市沙鹿區自強路566號1樓,3000000,1120920
12110,90642808,富泰臻建設有限公司,臺中市西屯區河南路二段173號1樓,1000000,1120915
12111,90643383,丞展燈光音響有限公司,臺中市沙鹿區鹿峰里星河路58號9樓之1,1000000,1120908
12112,90643503,立彩地產有限公司,臺中市西區土庫里忠明南路469號2樓,50000000,1120922
12118,90649149,榮耀開發投資有限公司,臺中市西屯區天水西三街28號1樓,42000000,1120905
12119,90649422,陞豐技研有限公司,臺中市南屯區中和里黎明路一段71號2樓,10000000,1120905
12120,90649507,中部聯合旅行社股份有限公司,臺中市西屯區臺灣大道二段718號3樓,6000000,1120912
12122,90650412,百膳股份有限公司,臺中市西屯區龍潭里龍聖路100號,500000,1120925
12157,90665626,欣煜科技有限公司,臺中市龍井區龍津里蚵寮路251巷312號,17750000,1120913
12158,90666174,台日國際開發有限公司,臺中市西區民龍里臺灣大道二段239號13樓,1000000,1120920
12159,90666245,森埜股份有限公司,臺中市西屯區市政北二路236號14樓之1,5000000,1120913
12160,90666483,恩臨投資股份有限公司,臺中市西屯區市政北六路168號14樓之2,24220000,1120908
12161,90666603,愛富琪有限公司,臺中市潭子區潭陽里潭陽路59巷3號,350000,1120914
12162,90666738,興廣工程股份有限公司,臺中市清水區海口北路78之6號1樓,3500000,1120905
12173,90678137,英屬維京群島商雅倍思科技國際股份有限公司,臺中市南屯區大同里向上南路1段163號2樓之1,0,1120926
12187,90686122,未來農場工程股份有限公司,臺中市梧棲區臺灣大道九段140號2樓,10000000,1120901
12188,90686333,騰鋐企業有限公司,臺中市大甲區日南里東六街1號,2000000,1120906
12189,90686586,惠生醫藥國際股份有限公司,臺中市北區淡溝里臺灣大道二段340號10樓之1,15440000,1120925
12191,90687810,蓋騰健康有限公司,臺中市南屯區文心路一段73號5樓之1,200000,1120926
12194,90689850,存真食代有限公司,臺中市南屯區大墩路632之5號,15000000,1120923
12195,90689964,誠幸福股份有限公司,臺中市中區繼光街166號1樓,2000000,1120908
12212,90696888,向暘運通有限公司,臺中市潭子區福仁里福潭路262巷15號4樓,100000,1120922
12238,90724907,光與鹽投資有限公司,臺中市北屯區松竹路一段952之1號,6800000,1120919
12247,90740580,祐辰食品機械有限公司,臺中市北區新北里三民路三段132號5樓,200000,1120901
12252,90753796,和慕國際有限公司,臺中市北屯區平興里北屯路318之5號,22117300,1120913
12291,90820042,聯純永續股份有限公司,臺中市大里區東湖里中興路一段159之1號3樓,30000000,1120922
12292,90820459,啓庭營造有限公司,臺中市大甲區中山路一段823巷21之5號4樓之3,3600000,1120921
12296,90824785,精石投資有限公司,臺中市南區忠明南路758號17樓,200000,1120926
12297,90826411,華德納生醫科技股份有限公司,臺中市西區華美西街一段137號5樓之2,6000000,1120912
12298,90827376,檀庄有限公司,臺中市西區土庫里五權西六街82巷20號1、2樓,2000000,1120927
12299,90827474,洺駒車業有限公司,臺中市太平區東村路87號1樓,1100000,1120911
12300,90827489,三榮流通有限公司,臺中市西區東昇里朝陽街93號2樓,200000,1120926
12335,90840928,益捷科技股份有限公司,臺中市神岡區庄前路46之2號,35000000,1120923
12337,90841216,午為室內設計有限公司,臺中市西屯區何明里西屯路二段19號2樓之1,1000000,1120927
12344,90844635,上好開發實業股份有限公司,臺中市后里區后里里成功路69號1樓,10000000,1120907
12357,90852374,自由方舟股份有限公司,臺中市南區西川里三民西路238之8號,1000000,1120922
12359,90853795,榮騰精研有限公司,臺中市大雅區員林里大林路294號,2600000,1120908
12361,90858172,猿王資訊有限公司,臺中市北區賴興里文心路四段208之1號7樓之2,100000,1120911
12367,90864287,飛尚國際貿易有限公司,臺中市西屯區福安里安和路137之2號1樓,1000000,1120921
12368,90865080,帝崴營造股份有限公司,臺中市西屯區寧夏東五街28號1樓,8800000,1120915
12371,90866010,甜豆屋有限公司,臺中市西屯區西平里逢甲路20巷13號,6000000,1120923
12372,90866166,鋐騰工業股份有限公司,臺中市烏日區榮泉里中山路三段1341之2號1樓,9500000,1120913
12373,90866270,巴特力實業有限公司,臺中市西區民龍里臺灣大道二段285號8樓之3,1000000,1120926
12411,90889484,鈦億股份有限公司,臺中市烏日區溪南路二段270巷242之1號,1500000,1120906
12412,90889647,詣豐水電工程有限公司,臺中市北屯區同榮里同榮路232巷8號9樓,3000000,1120922
12413,90890124,旭德家具有限公司,臺中市西屯區福科路166號、168號2樓之2,3000000,1120921
12414,90890237,銓棠科技檢驗股份有限公司,臺中市南屯區惠中里文心路一段324號11樓之1,500000,1120906
12416,90891550,百威電機股份有限公司,臺中市神岡區社口里民權二街205巷52弄13號1樓,2000000,1120919
12417,90892299,鋆山室內裝修設計有限公司,臺中市西區臺灣大道二段406號8樓之3,100000,1120920
12422,90894901,瑪世登實業有限公司,臺中市北屯區三光里三光一街90號1樓,480000,1120907
12423,90895084,碩信通運有限公司,臺中市大雅區中清路四段600巷21號,1000000,1120919
12424,90895612,卓洋永續有限公司,臺中市西屯區市政北二路236號30樓之5,1000000,1120920
12425,90896020,瑪麗安生技有限公司,臺中市西屯區惠來里市政北七路186號12樓之9,5000000,1120913
12454,91011385,巨鼎建設股份有限公司,臺中市西區民龍里英才路449號2樓,50000000,1120908
12455,91012716,壬翔建設股份有限公司,臺中市南屯區大業里大進街490號10樓之3,28500000,1120912
12464,91016831,麗昱建設科技股份有限公司,臺中市豐原區萬順二街62號,1500000,1120912
12469,91020173,安品營造工程股份有限公司,臺中市南屯區大正街88號3樓之1,100000000,1120926
12481,91026129,百基拉環保科技有限公司,臺中市南屯區大同里向上南路一段167號3樓之2,5000000,1120908
12502,91037786,恩博國際有限公司,臺中市西屯區朝富路213號28樓之2,5000000,1120927
12510,91041971,唯悅國際有限公司,臺中市烏日區大同二街29號1樓,6000000,1120908
12511,91043540,好芋食品有限公司,臺中市大甲區經國路95巷52號1樓,1200000,1120911
12513,91044739,瀚城建設有限公司,臺中市北區健行里忠太東路52號之1,8000000,1120912
12517,91048101,台灣一條根股份有限公司,臺中市南屯區文山里精科八路36號2樓,3669280,1120907
12518,91048550,瑞華塑膠有限公司,臺中市烏日區學田里學田路便行巷36弄5號7樓,3000000,1120921
12519,91049235,承濼精密有限公司,臺中市潭子區潭北里人和路216巷80號,3500000,1120914
12521,91050197,茶蘊國際有限公司,臺中市霧峰區德維街3巷6號,4100000,1120908
12522,91050844,宏亞塑料貿易有限公司,臺中市西屯區福林里福林路31巷16號1樓,10000000,1120922
12530,91055947,天心安全生活綠色高新科技產業有限公司,臺中市大里區立德里立仁路242巷46號,100000,1120915
12531,91056684,洛可水水有限公司,臺中市西屯區潮洋里市政北二路236號21樓之1,500000,1120908
12540,91062644,葆贊國際企劃顧問有限公司,臺中市北區光大里中清路一段12號1樓,500000,1120919
12541,91063334,艾維數位工業有限公司,臺中市西屯區西平里文華路138巷29號2樓,12000000,1120901
12542,91063854,嵐香齋文創有限公司,臺中市太平區新興里新興二街25號1樓,50000,1120908
12543,91063876,拓越資訊有限公司,臺中市北屯區舊社里南興路107號1樓,3000000,1120919
12562,91072586,萬新開發有限公司,臺中市霧峰區本堂里成功路230號,8000000,1120905
12572,91077962,天河有限公司,臺中市西屯區寶慶街26號,6000000,1120926
12598,91086759,禾益隆股份有限公司,臺中市龍井區竹坑里沙田路四段32號,10000000,1120906
12599,91086842,銳猛電子有限公司,臺中市西區臺灣大道二段186號24樓之2,2300000,1120921
12607,91091654,展誠精密科技有限公司,臺中市太平區鵬儀路321號,3000000,1120926
12608,91091958,莉心餐飲媒體行銷顧問有限公司,臺中市北屯區和平里軍福十三路181號1樓,3000000,1120919
12609,91093294,酉氏創投有限公司,臺中市太平區立文街198號1樓,200000,1120905
12610,91094195,樂軒國際投資有限公司,臺中市南區崇倫里建國南路一段265號20樓,1000000,1120901
12611,91094202,洋蔥地產開發股份有限公司,臺中市西區民龍里臺灣大道二段220號30樓,5000000,1120911
12612,91095125,掬貝企業有限公司,臺中市南區江川里建成路1727號1樓,200000,1120906
12621,91099092,興友科技股份有限公司,臺中市大里區東湖里中興路一段159之1號3樓,11750000,1120907
12622,91099831,寰璟科技有限公司,臺中市西區英才路512號4樓,500000,1120922
12639,91108472,富由投資股份有限公司,臺中市西屯區福玄路73號,8100000,1120908
12640,91108748,葆利國際事務有限公司,臺中市潭子區潭富路二段168之2號1樓,600000,1120901
12641,91108796,富創有限公司,臺中市龍井區臺灣大道五段23之19號,2000000,1120914
12649,91113144,馥馥股份有限公司,臺中市西屯區惠來里府會園道21號,30000000,1120906
12650,91113257,海豚哥哥事業有限公司,臺中市太平區太平二十街61號1樓,200000,1120911
12677,92601260,開鑫工程顧問有限公司,臺中市霧峰區四德路641號,105000,1120919
12678,92601748,辰好創意有限公司,臺中市南區文心南路837號2樓,200000,1120923
12679,92602319,宏聯系統櫥櫃有限公司,臺中市南區南門里明德街81巷12之1號1樓,300000,1120913
12680,92602401,台灣多樂寶有限公司,臺中市南屯區河南路四段481號,600000,1120926
12681,92602508,睡霧人生有限公司,臺中市北屯區水景里東山路一段156之6號6樓之1,30000,1120921
12682,92602606,奇點數據行銷有限公司,臺中市北屯區文心路四段696號10樓之2,3000000,1120908
12683,92602893,造詣企劃行銷有限公司,臺中市南區學府路168巷16號2樓,1000000,1120906
12684,92603491,寶鉞有限公司,臺中市西屯區潮洋里市政北二路282號24樓之1,500000,1120921
12685,92603648,諾亞咖啡股份有限公司,臺中市西區忠誠里忠明南路16號3樓之2,142860,1120912
12686,92603675,美創國際有限公司,臺中市西區忠明里公益路124巷19之1號1樓,1000000,1120919
12687,92604061,盈菈有限公司,臺中市豐原區北陽里圓環東路500號1樓,200000,1120907
12767,93763946,荷庭有限公司,臺中市南區福平里復興路二段137之1號4樓,100000,1120925
12769,93765233,力盛開發股份有限公司,臺中市清水區橋頭里民治路66號,1050000000,1120923
12775,93768077,洋鳴有限公司,臺中市北屯區廍子里太順二街52號,500000,1120918
12776,93768251,鈞盛地產股份有限公司,臺中市西屯區潮洋里市政北二路236號30樓之5,5000000,1120922
12777,93768323,梵瑟夫興業有限公司,臺中市太平區中平里太平二十街67號1樓,500000,1120914
12778,93768554,律建生活科技股份有限公司,臺中市南屯區文心路一段306號地下一層之4,3500000,1120925
12779,93768793,八方國際投資股份有限公司,臺中市南屯區精科路11號6樓,2265000000,1120926
12780,93768956,婕妮凱有限公司,臺中市南區樹德里大慶街二段11-3號,600000,1120905
12781,93769195,玉陞林生技有限公司,臺中市大肚區自強里遊園路二段203巷3弄87號1樓,1000000,1120926
12782,93769358,捷元綠能有限公司,臺中市大里區大興街18巷22號1樓,500000,1120908
12783,93769391,加燿有限公司,臺中市西屯區協和里順和九街143號2樓之1,1000000,1120907
12784,93769505,文鈞營造股份有限公司,臺中市南屯區文心路一段378號7樓之10,12000000,1120906
12785,93769619,如映科技股份有限公司,臺中市西屯區潮洋里朝富路２１３號２２樓之１０,10000000,1120908
12786,93769884,時二餐飲有限公司,臺中市西屯區西平里西安街166號1樓,300000,1120906
12791,93771426,雅利斯國際股份有限公司,臺中市太平區新興里新光路62號2樓,2000000,1120923
12792,93771447,寓見良品有限公司,臺中市北屯區南興北一路138號1樓,5000000,1120907
12793,93771811,酉茶生活有限公司,臺中市西區中興里向上路一段118之2號,3000000,1120918
12794,93771919,日電昭和科技股份有限公司,臺中市大雅區中清東路19號,10000000,1120926
12795,93771946,新盛發不動產有限公司,臺中市東勢區新盛里新盛街99號1樓,100000,1120912
12796,93772213,奧加福科技有限公司,臺中市西屯區逢福里河南路二段262號12樓之8,100000,1120912
12797,93772564,普詮投資股份有限公司,臺中市大里區仁化里工業九路138號2樓,10000000,1120911
12798,93772585,上禾光電股份有限公司,臺中市西屯區工業區三十八路185之1號4樓,1000000,1120914
12809,93775400,銳昇有限公司,臺中市清水區槺榔里港埠路三段209號8樓之3,200000,1120919
12810,93775561,夢想工場有限公司,臺中市龍井區遊園南路278號1樓,300000,1120928
12811,93775703,諾璽有限公司,臺中市沙鹿區東晉一街20巷16號2樓,200000,1120923
12812,93775794,樂米國際餐飲股份有限公司,臺中市西屯區市政北二路282號10樓之6,8550000,1120921
12813,93776055,湯宸有限公司,臺中市潭子區榮興街81號,200000,1120921
12814,93776230,二山水泉有限公司,臺中市西屯區逢甲里文華路1之9號1樓,100000,1120926
12817,93777462,蜜雪兒股份有限公司,臺中市北屯區崇德路二段299號1樓,2000000,1120925
12820,93778862,浩鑫能源有限公司,臺中市南區福田二街268巷107號1樓,200000,1120920
12825,93780179,僑新錠優文教事業股份有限公司,臺中市北屯區旱溪西路三段258巷42號1樓,2000000,1120911
12851,93791886,盛永鑫開發有限公司,臺中市大里區內新里東榮路一段126號9樓之1,200000,1120905
12852,93792098,日青果舖有限公司,臺中市西屯區何德里何安二巷20之4號,200000,1120921
12853,93792549,聚恩創投有限公司,臺中市西屯區何成里臺灣大道二段853號7樓之2,6500000,1120923
12854,93793097,思維爾管理顧問股份有限公司,臺中市南區柳川西路一段21號2樓,50600000,1120921
12855,93793370,皇佳國際物業有限公司,臺中市西區華美西街一段16號11樓之11,5000000,1120923
12856,93793499,赫雅數位科技股份有限公司,臺中市西屯區潮洋里市政北二路282號20樓之5,3598000,1120907
12894,94004606,合雅住宅科技股份有限公司,臺中市大雅區四德里中清路三段739號5樓,12000000,1120901
12900,94008602,凱斯健康股份有限公司,臺中市西屯區文心路二段598號12樓,6000000,1120920
12901,94008650,百萬百味股份有限公司,臺中市潭子區中山路二段136號,3000000,1120914
12902,94008743,麥迪威斯股份有限公司,臺中市西屯區市政北七路186號12樓之9,40000000,1120921
12903,94008814,九星土地開發建設有限公司,臺中市南屯區大同里大進街84號,20000000,1120908
12904,94009530,龍芳小館有限公司,臺中市豐原區社皮里中正路727號1樓,200000,1120911
12905,94009671,禾昇顧問有限公司,臺中市南區忠明南路758號17樓,200000,1120928
12906,94009709,品竣科技有限公司,臺中市北屯區水湳里文心路三段447號22樓之2,1000000,1120918
12936,94019973,新世代美學有限公司,臺中市西屯區逢甲里西屯路二段248之6號,5000000,1120908
12937,94020113,睦禾股份有限公司,臺中市北屯區和平里環中東路二段21號1樓,1500000,1120915
12938,94020303,富宸創投股份有限公司,臺中市大里區立仁里立新一街62號1樓,2410000,1120925
12939,94020599,坤承環保科技有限公司,臺中市龍井區龍泉里中社一街107號1樓,5000000,1120907
12940,94021295,欣昕機電股份有限公司,臺中市西屯區漢口路二段330之7號,10000000,1120919
12941,94021598,感情無限時間有限公司,臺中市西屯區朝富路170號,3750000,1120911
12976,94035170,璞敘有限公司,臺中市北屯區平田里文心路四段955號17樓,100000,1120927
12978,94036023,智如圓投資股份有限公司,臺中市大肚區磺溪里文昌路二段101號,2800000,1120926
12979,94036038,峰彩實業有限公司,臺中市南屯區溝墘里大業路241號3樓之1,300000,1120925
12980,94036522,璞昂有限公司,臺中市西區民龍里臺灣大道二段239號13樓,100000,1120927
12982,94036699,宜東國際股份有限公司,臺中市北屯區平田里文心路四段955號17樓,1000000,1120920
12983,94036712,亞太群通股份有限公司,臺中市中區大墩里三民路二段42之1號8樓之1,100000,1120911
12984,94036939,食恩有限公司,臺中市北區五常里五義街147號1樓,1000000,1120919
12985,94037016,品基股份有限公司,臺中市豐原區豐圳里成功路660號2樓,10000000,1120908
13017,94052297,琥福娛樂有限公司,臺中市北屯區忠平里陳平路65巷123弄2號8樓之2,100000,1120927
13018,94052579,益興消防科技有限公司,臺中市烏日區北里里太明路成豐巷248之9號,500000,1120901
13039,94061583,萬睿股份有限公司,臺中市梧棲區臺灣大道八段548號3樓,45739460,1120906
13040,94062197,家億投資有限公司,臺中市西區民權路219號2樓,2500000,1120913
13041,94063127,善新實業有限公司,臺中市西區大忠里忠明南路270號7樓之1,200000,1120926
13050,94066428,大和建析有限公司,臺中市北區光大里中清路一段108號14樓之1,1000000,1120914
13074,94074905,暄言科技有限公司,臺中市潭子區大豐里雅豐街178巷17弄17號1樓,100000,1120906
13094,94081510,筑赫國際股份有限公司,臺中市北區大湖里柳川東路四段22號1樓,425000,1120914
13095,94081722,喬良文化有限公司,臺中市北區中清路一段150巷10弄10號3樓,300000,1120906
13096,94082095,永續富聿投資控股股份有限公司,臺中市西區民龍里永達街42號1樓,8200000,1120919
13102,94086753,松騰國際銀飾精品有限公司,臺中市龍井區麗水里龍港路501巷36弄15號,100000,1120911
13103,94086851,淺山泉境有限公司,臺中市太平區東汴里山田路長青巷26號,3000000,1120912
13104,94087015,華宏機電有限公司,臺中市大里區新里里大里路392之2號,10000000,1120908
13164,94110183,強盛事業有限公司,臺中市西區和龍里臺灣大道二段2號18樓之1,1000000,1120927
13165,94111129,浚宇食品股份有限公司,臺中市東區振興里台中路151之2號2樓,990000,1120918
13166,94111346,火火國際股份有限公司,臺中市南屯區溝墘里公益路二段230號1樓和2樓,10000000,1120906
13167,94112416,安輇環保有限公司,臺中市南屯區田心里大墩四街321號地下1層,3400000,1120913
13180,94118761,珀瑚工程顧問有限公司,臺中市霧峰區吉峰里錦州路401巷24號1樓,100000,1120923
13181,94118988,暖惒有限公司,臺中市東區東信里一心街260巷1號,120000,1120907
13182,94119305,捷庫邦國際有限公司,臺中市南屯區三義里文心一路396號1樓,2000000,1120923
13183,94120035,海月科技有限公司,臺中市豐原區豐圳里成功路642號1樓,1000000,1120915
13194,94128851,程宇實業有限公司,臺中市東區東信里振興路280巷67弄15之1號2樓,3000000,1120919
13195,94129182,高鼎管理顧問有限公司,臺中市西屯區何仁里天水東街35號地下一樓,7000000,1120907
13196,94129280,華威冷凍空調工程有限公司,臺中市北屯區昌平東六路243號,2000000,1120918
13197,94129752,兆鼎資訊有限公司,臺中市北區中清路一段53號14樓之2,100000,1120922
13206,94133833,鑫銘實業有限公司,臺中市豐原區西湳里豐北街417巷27號1樓,20000,1120907
13210,94163337,旭日堂國際有限公司,臺中市北屯區松強里昌平三街3號4樓,200000,1120905
13211,94163548,梓棠有限公司,臺中市南區西川一路3號,100000,1120905
13212,94164531,唯二管理顧問有限公司,臺中市中區光復路42之3號,5000000,1120901
13233,94183002,麥遊科技有限公司,臺中市西區民龍里臺灣大道二段186號20樓之3,500000,1120922
13245,94242163,仁文開發股份有限公司,臺中市龍井區龍津里中央南路614號1樓,90000000,1120901
13246,94243199,群菲國際行銷有限公司,臺中市南屯區田心里大墩四街321號地下一層,1000000,1120923
13254,94250000,幣世代科技有限公司,臺中市北區淡溝里臺灣大道二段360號26樓之5,3000000,1120905
13270,94258495,源源不動產經紀有限公司,臺中市北區中達里英才路190號1樓,1000000,1120907
13271,94258501,連動肌訓有限公司,臺中市中區綠川里民族路23號4樓之2,1600000,1120911
13277,96858207,光發塑膠工業股份有限公司,臺中市太平區正光街197巷23號,10000000,1120922
13283,96885056,慶澄企業有限公司,臺中市沙鹿區斗潭路103號,24000000,1120920
13284,96886267,金旺億機械工業有限公司,臺中市南區和平里復興路二段71巷65弄29號1樓,1200000,1120914
13285,96886739,禎佶祥實業股份有限公司,臺中市大雅區秀山里雅秀路99號,130000000,1120925
13295,96912624,優宏機械廠有限公司,臺中市太平區太平廿三街18號,35000000,1120906
13313,96970790,台灣奧利安產業股份有限公司,臺中市龍井區忠和里海尾路242號,40000000,1120922
13321,96991704,天王能源科技股份有限公司,臺中市北屯區文心路四段750之4號5樓,100000000,1120922
13333,97027321,福曼紗企業股份有限公司,臺中市西屯區林厝里西平南巷16號,1000000,1120925
13337,97038208,中台灣營造股份有限公司,臺中市西屯區工業區一路2巷3號7樓之2,388800000,1120907
13341,97053214,康芙亞生醫股份有限公司,臺中市北區賴福里太原路二段86號14樓,25000000,1120911
13343,97057020,季剛營造有限公司,臺中市北區英才路189號2樓,11600000,1120922
13398,97196493,達通塗料企業有限公司,臺中市新社區復盛里華豐街三村巷91之2號1樓,800000,1120927
13399,97197514,濰均企業有限公司,臺中市南區樹義里福田三街143號1樓,5000000,1120908
13402,97210713,龍渤實業股份有限公司,臺中市梧棲區草湳里港埠路一段505號,5000000,1120901
13405,97214675,台貿工程塑膠有限公司,臺中市大里區德芳南一街55號1樓,1000000,1120907
13412,97235186,鴻慶投資股份有限公司,臺中市西區自由路一段101號13樓之3,28000000,1120915
13420,97265890,日日新國際商業股份有限公司,臺中市中區中華路一段58號1至10樓,74000000,1120913
13443,97347393,達茂工業股份有限公司,臺中市龍井區海尾路306巷3號,33600000,1120906
13446,97355386,弘格納實業有限公司,臺中市西屯區大河一巷三弄六號一樓,5000000,1120914
13451,97368381,合勤風險管理諮詢服務股份有限公司,臺中市南屯區東興路二段210號3樓,2000000,1120926
13452,97380619,德霖投資股份有限公司,臺中市大里區新里里國光路二段259號3樓之3,96000000,1120927
13461,97399119,中田興業股份有限公司,臺中市大肚區社腳里沙田路一段935號,28875000,1120926
13483,97483740,和鼎營造有限公司,臺中市東區十甲里十甲路235號1樓,23000000,1120907
13485,97488977,仲信大飯店股份有限公司,臺中市北屯區后庄路(268號、270號、306號)1至13樓,100000000,1120919
13496,97512843,謙宇貿易有限公司,臺中市烏日區中華路189號,16000000,1120928
13497,97527515,聚麗顏料塑膠工業有限公司,臺中市南區南和里工學路58巷18號1樓,238385000,1120920
13499,97548315,鉑泰實業股份有限公司,臺中市太平區光華里長安路149號1樓,76000000,1120927
13500,97552696,台詠化工有限公司,臺中市大肚區沙田路一段710巷47號,36000000,1120912
13501,97565427,建國塑膠工業股份有限公司,臺中市太平區建國里鵬儀路298號,200000000,1120918
13502,97567889,燦霸工業股份有限公司,臺中市大里區中興路一段230巷33弄10號1樓,5000000,1120923
13504,97586963,黎明工程顧問股份有限公司,臺中市南屯區大墩十七街137號3樓,44455730,1120923
13505,97590170,游湖工業有限公司,臺中市大里區塗城里三民二街41巷17號,1000000,1120923
13507,97630102,瑞呈營造股份有限公司,臺中市西區臺灣大道二段220號35樓,59500000,1120913
