序號,統一編號,公司名稱,公司所在地,資本額,核准變更日期
141,04403862,鴻元生技股份有限公司,臺中市北屯區平安里13鄰崇德路二段128號6樓之2,230422500,1120720
265,05710022,太平洋汽門工業股份有限公司,臺中市西屯區工業區七路5號,225000000,1120713
285,07541918,豐客旅行社股份有限公司,臺中市豐原區三民路46號2樓,3000000,1120724
311,08005598,油順精密股份有限公司,臺中市南屯區精科南路18號,220000000,1120704
322,09464775,巨翔興業股份有限公司,臺中市大肚區沙田路一段36之8號1樓,15000000,1120726
394,12107371,欣全實業股份有限公司,臺中市霧峰區中正路561號,350000000,1120713
396,12111733,首立企業股份有限公司,臺中市西屯區市政北七路98號6樓之1、之2,410654280,1120719
432,12273504,琴裕有限公司,臺中市西屯區潮洋里市政北二路236號30樓之5,5000000,1120705
462,12367707,笠源科技股份有限公司,臺中市南區平和里五權南路428號8樓,401000000,1120717
515,12619725,壯聲企業股份有限公司,臺中市大里區大里路433巷9號,5000000,1120727
517,12625521,永大霖企業股份有限公司,臺中市大里區塗城路45號,54560000,1120706
523,12635725,星癸貿易有限公司,臺中市西區公益路52號4樓之2,8000000,1120712
525,12637462,強盛興企業股份有限公司,臺中市西屯區何源里成都路280號1樓,60000000,1120706
549,12670383,鴻盛投資股份有限公司,臺中市大甲區朝陽里文武路2號3樓,270063930,1120704
574,12705159,松美國際精品有限公司,臺中市北屯區松茂里松義街161號,2000000,1120724
576,12706967,巧普實業有限公司,臺中市北區明新里忠明路501巷6號1樓,1300000,1120728
577,12708780,大政營造有限公司,臺中市霧峰區北柳里柳豐路15號2樓,4500000,1120718
580,12719180,立仰實業有限公司,臺中市大肚區頂街里大明二街99號1樓,5000000,1120721
581,12719935,堂奧圖書股份有限公司,臺中市西屯區臺灣大道三段540號11樓之5,20000000,1120718
586,12735436,迪普威系統櫥櫃有限公司,臺中市烏日區螺潭里溪南路二段68巷126弄188號,2000000,1120703
592,12740022,中科大飯店股份有限公司,臺中市北屯區平福里旅順路二段7號1至19樓,24000000,1120718
593,12742464,守富營造股份有限公司,臺中市外埔區六分路108之5號3樓,25000000,1120714
595,12742871,金農興生物科技股份有限公司,臺中市南屯區田心里大墩六街410號1樓,10000000,1120703
596,12745271,竑穗興業股份有限公司,臺中市西區英才路530號10樓之5,520500000,1120727
599,12750267,吉文工業有限公司,臺中市大里區東湖里草湖路436號,500000,1120720
604,12766227,元賀交通有限公司,臺中市清水區港埠路三段211號15樓之5,25000000,1120726
614,12772797,德鴻商務有限公司,臺中市北屯區平順里大連路三段16號8樓之1,10000000,1120714
623,12791648,厚昇藥業股份有限公司,臺中市清水區橋頭里五權路125號1樓,7000000,1120705
631,12800724,台中豐創光罩股份有限公司,臺中市大雅區橫山村13鄰通山路13號,2532666340,1120725
632,12800739,台灣捷時雅邁科股份有限公司,臺中市西屯區市政路402號20樓之1、之2,50000000,1120707
640,12819189,德翰資本股份有限公司,臺中市西區公正里公益路367號11樓之2,29900000,1120704
645,12825703,友桂電子股份有限公司,臺中市潭子區南二路28號之2,500000000,1120710
649,12831851,中港皇家建設股份有限公司,臺中市梧棲區大庄里臺灣大道八段548號2樓,25000000,1120706
650,12833513,丰瑄國際事業有限公司,臺中市太平區新坪里太順路345號1樓,3000000,1120707
664,12858719,環中實業股份有限公司,臺中市大雅區永和路111之2號1樓,20000000,1120720
689,12882871,輪益實業有限公司,臺中市大雅區文雅里中和五路102號,12000000,1120717
693,12885390,偉安營造有限公司,臺中市北屯區平昌里昌平路一段212巷29號1樓,3600000,1120705
698,12889121,艋庫拉制震股份有限公司,臺中市太平區正光街197巷15號,12000000,1120710
700,12895215,立順國際有限公司,臺中市東區振興路287號1樓,5000000,1120706
702,12898748,金盛元興業股份有限公司,臺中市大雅區六寶里中清路四段756號,374985000,1120727
704,12902291,采諦投資有限公司,臺中市西區忠誠里大隆路20號12樓之2,26000000,1120720
710,12910308,欽隆營造有限公司,臺中市大里區東興里東明路291巷33號1樓,4400000,1120703
712,12917647,晟泰實業有限公司,臺中市烏日區自強街33號,1000000,1120724
761,12984103,健裕工業有限公司,臺中市潭子區興豐山莊76號,1000000,1120731
768,12995707,維新資訊科技股份有限公司,臺中市北屯區松勇里松明街9巷12號1樓,10000000,1120727
770,13002425,杬桎有限公司,臺中市大肚區福山里沙田路一段550巷16號1樓,5000000,1120712
772,13003233,慶沅實業股份有限公司,臺中市西屯區至善路148巷46號4樓之6,2000000,1120724
779,13018236,紫陽營造有限公司,臺中市大肚區蔗廍里中蔗路二巷3弄16號1樓,10500000,1120726
782,13023110,普茵特科技股份有限公司,臺中市太平區坪林里中山路二段100巷20弄5號1樓,12000000,1120725
787,13030196,神葉花真絲有限公司,臺中市沙鹿區興仁里四平街74號,1000000,1120704
788,13031224,萬事達通運有限公司,臺中市北屯區和平里環中東路二段103號1樓,50000000,1120704
798,13045424,國家地堡有限公司,臺中市南屯區同心里大英街33號6樓之7,1000000,1120717
804,13052070,清新國際股份有限公司,臺中市烏日區學田里2鄰溫泉路2號,240000000,1120710
806,13055127,興耘營造有限公司,臺中市大肚區太平路43巷50號1樓,10000000,1120703
808,13057820,聖恆科技有限公司,臺中市北屯區軍功里東山路一段218巷8弄20號1樓,10000000,1120728
812,13064771,欣欣龍精密工業有限公司,臺中市豐原區三村里三和路354巷139號,50200000,1120726
815,13072076,翔騰投資股份有限公司,臺中市北區賴厝里大德街249巷7號2樓,224028000,1120706
819,13077760,尉鑫開發股份有限公司,臺中市北區淡溝里英才路396號2樓之1,25000000,1120726
876,13176678,豪輪實業有限公司,臺中市烏日區北里里太明路6之3號1樓,12000000,1120704
934,16017652,振昇建設股份有限公司,臺中市清水區武鹿里公正路258號,25000000,1120704
942,16038360,崇舜股份有限公司,臺中市西屯區工業區33路14號,521640000,1120714
952,16066822,曜駿興業有限公司,臺中市西屯區逢福里河南路二段262號10樓之4,500000,1120726
953,16067738,邁鈞機械工業股份有限公司,臺中市大里區仁化里工業十路8號,29500000,1120706
963,16085969,群健有線電視股份有限公司,臺中市北屯區文心路4段934號12樓之1、之2及936號12樓之1,2581283930,1120721
966,16089780,友盟事業股份有限公司,臺中市西屯區臺灣大道四段927號,4270,1120720
971,16094290,中湛股份有限公司,臺中市南屯區公益路二段51號10樓,416540390,1120707
1014,16168742,聯台通運股份有限公司,臺中市大肚區新興里沙田路二段132巷43弄7號1樓,25000000,1120710
1026,16181490,惠嘉電實業股份有限公司,臺中市外埔區水美里二崁路588巷10號,347160000,1120706
1027,16182316,虹陽電腦實業有限公司,臺中市大里區成功路139號,6500000,1120724
1032,16192861,德昌國際投資股份有限公司,臺中市大里區國光路二段259號4樓之2,60000000,1120710
1038,16207745,長園科技實業股份有限公司,臺中市西屯區科雅東路9號,628541900,1120711
1040,16214062,捷順研磨材料有限公司,臺中市霧峰區本鄉里草湖路135巷53號1樓,5000000,1120714
1051,16233949,中亞投資股份有限公司,臺中市西屯區福科路620巷9弄6號1樓,50000000,1120720
1061,16253439,經典資訊股份有限公司,臺中市南屯區文山里文山東巷11之20號5樓之1,2400000,1120703
1077,16280013,宏陞營造股份有限公司,臺中市太平區宜佳里溪洲西路56號1樓,15000000,1120717
1081,16289324,協品國際有限公司,臺中市西屯區文心路三段241號8樓之6,5000000,1120704
1110,16341258,大集投資股份有限公司,臺中市北區忠太東路8號1樓,80000000,1120703
1111,16342973,久嬴精密工業股份有限公司,臺中市潭子區中山路二段73巷61號,8000000,1120705
1118,16366503,韋祁營造股份有限公司,臺中市烏日區三榮南路145號1樓,60000000,1120725
1120,16369558,台臆金屬工業有限公司,臺中市南區福興里南平路272號1樓,1000000,1120731
1123,16376312,發捷工業有限公司,臺中市神岡區岸裡里大豐路五段295巷88號,3000000,1120714
1135,16403084,久揚塑膠股份有限公司,臺中市大里區樹王里東興路535巷79號,20000000,1120724
1140,16430337,大安聯合股份有限公司,臺中市南屯區同心里文心路一段218號11樓之1,80000000,1120707
1160,16445599,台灣富美實有限公司,臺中市西屯區府會園道179號3樓,11409091,1120719
1162,16447013,埔里農莊股份有限公司,臺中市西屯區福和里臺灣大道四段927號2樓,1820000000,1120728
1166,16448293,裕鵬物流股份有限公司,臺中市西屯區協和里工業區二路3號,160000000,1120703
1198,16494583,德盛營造有限公司,臺中市外埔區大東里甲后路五段180巷17號1樓,4000000,1120714
1204,16511106,鑫立得興業股份有限公司,臺中市西區民龍里日盛街19號1樓,80000000,1120711
1210,16527682,華凌光電股份有限公司,臺中市大雅區秀山里科雅路43號2樓,600000000,1120712
1214,16535297,巨茂國際股份有限公司,臺中市北區華美街2段262號10樓之2,5000000,1120718
1218,16544280,岱維股份有限公司,臺中市烏日區五光里五光路189巷41號,15000000,1120731
1219,16546956,俠客居室內設計有限公司,臺中市北屯區水景里景和街398號13樓之1,1000000,1120706
1222,16551789,天燃有限公司,臺中市西屯區何成里文心路二段566之5號13樓之1,500000,1120727
1226,16569470,傳瑞實業有限公司,臺中市太平區新光里振福路361巷40弄7號1樓,2000000,1120704
1230,16573860,元圃景觀工程有限公司,臺中市西屯區朝馬路102號4樓,5000000,1120717
1231,16574734,宇棠營造有限公司,臺中市太平區新興里振福路639巷37號1樓,5000000,1120711
1275,16643057,欣泰達實業股份有限公司,臺中市龍井區忠和里海尾路256巷11號,12000000,1120726
1279,16658369,佳葵農產品有限公司,臺中市南屯區文心南三路41之7號1樓,13000000,1120714
1281,16660409,國炬企業有限公司,臺中市西屯區何仁里永昌街23號5樓之3,5000000,1120703
1289,16690847,捷揚營造有限公司,臺中市南屯區文心南三路27號1樓,48000000,1120720
1291,16697264,松韻營造有限公司,臺中市北屯區平和里旅順路一段262號2樓,3600000,1120727
1300,16712531,巨毅金屬工業股份有限公司,臺中市大甲區日南里工九路52號,10000000,1120717
1363,16832487,三信商業銀行股份有限公司,臺中市中區柳川里公園路32-1號,9785840530,1120712
1364,16832727,雅適國際股份有限公司,臺中市大雅區雅潭路四段303號,119597500,1120704
1379,16854453,楊崎機械有限公司,臺中市后里區厚里里九甲七路260號,3000000,1120704
1383,16858824,苡勒實業有限公司,臺中市西屯區何南里臺灣大道二段803號1樓,911000,1120713
1394,16878080,晁安消防工程股份有限公司,臺中市南屯區文昌街225巷2號1樓,5000000,1120706
1400,16888101,采岩汽車旅館有限公司,臺中市北屯區崇德路三段111號1、2樓,5760000,1120718
1408,16898712,上湧營造有限公司,臺中市大里區長榮里益民路二段230巷23號1樓,6000000,1120724
1409,16899037,全航汽車客運股份有限公司,臺中市南屯區永春南路429號,135000000,1120714
1410,16902602,祥碩企業有限公司,臺中市大里區永隆里永大街576號1樓,15000000,1120719
1442,16969981,錦勝隆消防工程有限公司,臺中市潭子區潭陽里圓通南路229號1樓,5000000,1120711
1449,16990154,浩森營造有限公司,臺中市中區大墩里成功路268巷2之1號1樓,3600000,1120705
1452,16994222,豐聯資訊股份有限公司,臺中市大雅區中科路6號2樓之3,10000000,1120704
1493,20833614,春菖貿易有限公司,臺中市西屯區河南路二段327號3樓之1、2、3、5、6,15000000,1120720
1521,20982120,鑽全實業股份有限公司,臺中市西屯區工業區36路24號,1385706400,1120705
1528,21234481,台灣航空電子股份有限公司,臺中市南屯區工業區20路35號,300000000,1120703
1555,22058096,優程工業股份有限公司,臺中市豐原區東湳里三豐路二段272巷20號,15000000,1120707
1556,22061249,昶偉精密工業股份有限公司,臺中市大里區大峰路161號,10000000,1120720
1562,22075644,明暐紙器機械股份有限公司,臺中市沙鹿區清泉里清泉路1之10號,275000000,1120728
1579,22100566,久正光電股份有限公司,臺中市西屯區工業區六路8號,1621732210,1120706
1588,22102298,福懋油脂股份有限公司,臺中市大肚區沙田路1段453號,2187030510,1120726
1589,22105788,筌誠機械股份有限公司,臺中市大里區健民里仁化工一路130號,200000000,1120731
1590,22108011,金統立工業股份有限公司,臺中市烏日區溪南路2段270巷65弄66號,665000000,1120711
1596,22130822,家晟企業股份有限公司,臺中市南屯區寶山里工業區廿三路42號,7500000,1120713
1614,22200093,良基電子工程有限公司,臺中市南區樹義里樹義六巷3之3號,3000000,1120727
1618,22214370,欣晃科技股份有限公司,臺中市南屯區工業區24路2號,360008880,1120710
1619,22214977,加寶工業股份有限公司,臺中市大甲區德化里東西八路一段337巷5號,10000000,1120707
1624,22228114,橋鋒機械廠股份有限公司,臺中市太平區鵬儀路320巷14弄1號,65000000,1120707
1629,22236310,猛牛實業有限公司,臺中市東區樂成里旱溪西路一段274號1樓,2000000,1120704
1631,22240736,昶朋營造股份有限公司,臺中市烏日區九德里中山路一段48號1樓,160000000,1120706
1649,22281790,合勝熱處理股份有限公司,臺中市太平區東平路741巷8號1樓,35000000,1120710
1658,22301395,肯尼士全球股份有限公司,臺中市北屯區舊社里北屯路388之9號,60000000,1120711
1659,22301825,先進光電科技股份有限公司,臺中市大雅區科雅路33號2樓,1424598800,1120727
1666,22309782,進興農具股份有限公司,臺中市大里區大衛路22號,5000000,1120717
1700,22380736,順晟製模股份有限公司,臺中市大里區塗城路852巷20之3號1樓,6000000,1120714
1702,22384114,台穩精密工業股份有限公司,臺中市西屯區工業區十一路13之1號,120000000,1120707
1707,22393818,台灣麗馳科技股份有限公司,臺中市大甲區日南里幼九路18號,300000000,1120705
1709,22396245,昶進興業有限公司,臺中市北區中達里英才路194號,3600000,1120714
1711,22397960,百納科技股份有限公司,臺中市南屯區寶山里工業區23路28之2號,140006000,1120706
1741,22474868,楷林藝彩企業有限公司,臺中市西屯區協和里工業區32路57號1樓,79000000,1120728
1755,22503076,尚品塑膠股份有限公司,臺中市南屯區工業區二十一路9號,28800000,1120718
1759,22508537,超卓工業股份有限公司,臺中市西屯區工業區三十四路24號,66900000,1120714
1780,22575351,理晟營造股份有限公司,臺中市西區存中街68號10樓之3,15150000,1120707
1785,22581608,王志實業股份有限公司,臺中市大里區工業路79巷57號,118000000,1120720
1787,22582521,鎰泓工業股份有限公司,臺中市神岡區庄後里中車路63之1號,10000000,1120706
1796,22594147,吉榮樹脂股份有限公司,臺中市大肚區王田里沙田路一段320巷27號,50600000,1120724
1838,22669884,積水塑膠管材股份有限公司,臺中市梧棲區經一路18號,456000000,1120713
1846,22683268,創意模特兒有限公司,臺中市大雅區二和里雅潭路四段403號,5000000,1120718
1850,22692597,偉力精密工具股份有限公司,臺中市烏日區九德里建國路669巷8號,6800000,1120705
1854,22697930,俊奕工業股份有限公司,臺中市大里區西湖里西柳街32巷13之1號,5000000,1120703
1855,22698620,東瑩製模股份有限公司,臺中市潭子區栗林里豐栗路63巷27號,10000000,1120704
1860,22709020,裕益興業有限公司,臺中市南屯區田心里大墩六街418號1樓,6800000,1120707
1883,22770452,傑聯科技有限公司,臺中市西區忠明路41號1樓,12000000,1120724
1884,22771229,希華晶體科技股份有限公司,臺中市潭子區中山路3段111巷1-1號,1594210220,1120704
1885,22772085,臺灣蓮特精密股份有限公司,臺中市豐原區角潭路二段79號,7000000,1120725
1893,22789115,松冠通信股份有限公司,臺中市南屯區精誠路440號1樓,5000000,1120706
1903,22809766,玉谷實業股份有限公司,臺中市烏日區中山路三段青仔巷2號,5600000,1120719
1944,22904109,義樺興業有限公司,臺中市豐原區社皮里大豐路五段7號,12000000,1120725
1946,22910735,鎂和鋼鐵股份有限公司,臺中市南屯區中和里南光路91巷41號1樓,79800000,1120707
1957,22944496,任富有限公司,臺中市西屯區龍潭里市政南一路375號3樓,8000000,1120719
2006,23062631,弘一齒輪工業股份有限公司,臺中市霧峰區吉峰里吉峰路56巷13號1樓,5000000,1120724
2010,23072770,寬聯企業股份有限公司,臺中市東區振興路375巷30號,8000000,1120724
2013,23082616,龍之筆股份有限公司,臺中市大里區四育街1號,5000000,1120705
2015,23091452,民豐汽車事業股份有限公司,臺中市大甲區武曲里大安港路126號,10000000,1120718
2023,23106315,吉普電子股份有限公司,臺中市太平區太平里永豐路29巷24號,2200000,1120705
2026,23111653,中傑開發股份有限公司,臺中市西屯區臺灣大道四段925號27樓之2,479380,1120707
2030,23113940,台灣櫻花股份有限公司,臺中市大雅區雅潭路4段436號,2211211880,1120725
2061,23190256,上層企業股份有限公司,臺中市大甲區幼七路5號,22100000,1120703
2063,23191656,群益製網股份有限公司,臺中市豐原區北陽里北陽路382巷6號,5000000,1120726
2065,23193438,十茂木業股份有限公司,臺中市潭子區聚興里豐興路一段1巷6之12號,50000000,1120705
2068,23198525,台灣優粒子股份有限公司,臺中市太平區德利路88號1樓、2樓,156000000,1120727
2070,23208609,薰漢營造工程股份有限公司,臺中市北區忠太東路8號1樓,201000000,1120703
2091,23234424,立侑機械有限公司,臺中市豐原區南村里文化街56號,28000000,1120726
2099,23256019,永賓小客車租賃有限公司,臺中市北屯區平陽里安順東五街37號1樓,16000000,1120705
2100,23258585,玉雪股份有限公司,臺中市北區育才北路69號2樓,72000000,1120707
2101,23261287,天盟實業股份有限公司,臺中市大里區金城里向學路15號,68000000,1120707
2135,23358944,惠宇建設股份有限公司,臺中市北區忠太東路8號1樓,262680000,1120703
2142,23371496,大城建設股份有限公司,臺中市西屯區臺灣大道4段839號6樓,606375000,1120707
2143,23372636,鍠龍機械工業股份有限公司,臺中市烏日區前竹里仁義街19號,60000000,1120711
2147,23379407,禾軒企業有限公司,臺中市東區東門里東門路5巷29號1樓,1000000,1120719
2149,23380137,國霖機電管理服務股份有限公司,臺中市中區臺灣大道一段306巷35號2、3樓,25320000,1120721
2151,23388567,旋力實業股份有限公司,臺中市東區振興路412巷86弄5號,10000000,1120717
2152,23390281,永翌製模股份有限公司,臺中市太平區永義路235巷52號,15000000,1120705
2153,23390901,瑞新企業股份有限公司,臺中市大里區大元里國光路一段125巷5號,129760000,1120703
2158,23411814,國朝企業股份有限公司,臺中市新社區大南里中和街二段水頭巷50號,5000000,1120724
2159,23412004,卜大實業股份有限公司,臺中市清水區海風里和睦路二段118號,296399100,1120714
2192,23478130,科霆工業股份有限公司,臺中市豐原區三村里三和路349巷1號,12000000,1120703
2194,23484294,浩穎機械工業股份有限公司,臺中市烏日區螺潭里慶光路112之53號,20000000,1120719
2201,23501202,唯全興業股份有限公司,臺中市神岡區社南里中山路667巷26弄46號,29750000,1120703
2202,23512405,得立通科技股份有限公司,臺中市大雅區中清路三段1023巷61號1樓,28880000,1120704
2204,23517921,易源實業股份有限公司,臺中市大里區樹王里萬安路28號,1000000,1120725
2226,23535300,力山科技股份有限公司,臺中市大里區仁德里仁化路261號3樓,94740650,1120705
2228,23537721,世岳企業有限公司,臺中市大里區新仁三街29號1樓,15000000,1120706
2229,23537763,裕住屋興業股份有限公司,臺中市西屯區協和里安和路2之6號,3600000,1120724
2232,23548305,永棧鑄造工業股份有限公司,臺中市烏日區南里里太明路359巷5號,7250000,1120720
2234,23553382,仁奇股份有限公司,臺中市太平區富平路13巷18號,5000000,1120704
2235,23556297,霧峰交通事業有限公司,臺中市霧峰區坑口里中正路575之11號,5000000,1120727
2237,23565280,宗保紙器股份有限公司,臺中市潭子區栗林里福貴路1378巷5號1樓,10000000,1120714
2239,23568012,上峰企業管理顧問有限公司,臺中市西區大全街154巷26號,500000,1120706
2272,23636813,馬上發國際企業股份有限公司,臺中市西區忠明南路270號20樓之1、之2、之3,1181544000,1120721
2279,23641822,鄉林建設事業股份有限公司,臺中市西區忠明里臺灣大道2段408號1樓,10775892450,1120713
2280,23641978,裕國冷凍冷藏股份有限公司,臺中市西屯區協和里工業區二路3號,1194400000,1120705
2294,23687740,名將衛材有限公司,臺中市梧棲區福德里民和路一段370號,8000000,1120725
2299,23695220,孚瑞登股份有限公司,臺中市烏日區東園里溪南路一段460巷358弄462號,3000000,1120718
2307,23712277,高僑自動化科技股份有限公司,臺中市大甲區日南里工七路1號,1003863980,1120731
2330,23777658,精創機械股份有限公司,臺中市龍井區茄投路一段85巷21號,56000000,1120725
2338,23802571,薌園生技股份有限公司,臺中市西區臺灣大道二段101號9樓,67629300,1120704
2343,23811142,原郁實業股份有限公司,臺中市大雅區員林里大林路121巷15之10號1樓,5000000,1120726
2344,23811500,世協電機股份有限公司,臺中市神岡區和睦路一段599號,180000000,1120705
2348,23824097,中友百貨股份有限公司,臺中市西屯區福和里臺灣大道4段925號28樓之2,234306000,1120712
2376,23874032,金暘實業股份有限公司,臺中市南屯區文山里文山三街189號2樓,980000,1120703
2400,23937228,昱帆機械工業股份有限公司,臺中市豐原區豐原大道六段306巷9號1樓,5000000,1120703
2413,23983947,同泰電子科技股份有限公司,臺中市大甲區青年路123號,671597930,1120727
2422,23990807,金達盛有限公司,臺中市龍井區東海里遠東街30之1號5樓,5100000,1120711
2425,23994521,恒固股份有限公司,臺中市西屯區何南里東興路三段381號4樓之1,28800000,1120704
2430,24202104,志崧不動產有限公司,臺中市大里區永隆里國光路二段571號1樓,1000000,1120718
2441,24221600,喜可食品有限公司,臺中市西屯區國安一路65之2號12樓之2,500000,1120704
2455,24239453,康呈科技工程股份有限公司,臺中市潭子區大豐里潭富路2段163之3號1樓,100000000,1120727
2458,24244505,翔鑫科技股份有限公司,臺中市南屯區工業區二十一路29號3樓,27000000,1120703
2468,24259675,富士康物業管理顧問股份有限公司,臺中市西屯區臺灣大道二段633號3樓之1,101200000,1120703
2471,24262783,貝力貿易有限公司,臺中市西屯區何南里大墩二十街183號6樓之2,250000,1120718
2480,24280396,立倢海運承攬有限公司,臺中市北屯區水景里景賢二路11號,7500000,1120704
2491,24297811,富倍國際有限公司,臺中市大雅區上雅里神林南路21巷2弄8號1樓,1000000,1120711
2533,24357280,金鏄地產有限公司,臺中市北屯區平安里崇德路二段28號22樓,1000000,1120720
2534,24358154,囍樂資材開發設計有限公司,臺中市西屯區大鵬里文心路三段241號21樓之7,250000,1120705
2542,24368343,九鼎投資有限公司,臺中市西區忠明里臺灣大道二段482巷50號1樓,270000,1120713
2549,24381514,崑達精工有限公司,臺中市大里區東興路62巷9號1樓,2000000,1120714
2555,24393011,航耀物流事業有限公司,臺中市梧棲區頂寮里中橫十路147號,50000000,1120710
2561,24400619,好士達國際事業股份有限公司,臺中市西屯區潮洋里市政北二路282號13樓之3,0,1120725
2569,24408302,聖元科技有限公司,臺中市西區民龍里大和路30號2樓,5000000,1120728
2575,24419217,正鑫不動產股份有限公司,臺中市南屯區文心路一段186號9樓之4,6000000,1120727
2576,24419265,統元營造工程有限公司,臺中市北屯區軍和街382之2號1樓,16900000,1120710
2577,24419862,日月湖餐飲企業有限公司,臺中市西區東興路三段154號1樓,8100000,1120717
2578,24420621,統宇精密股份有限公司,臺中市太平區中興里永平路二段476巷100弄17號,6000000,1120721
2590,24438615,網銀國際股份有限公司,臺中市西屯區市政北二路238號28樓之1,600600000,1120718
2634,24481561,爾豐有限公司,臺中市大雅區永和路111之2號1樓,5000000,1120714
2701,24556106,昕迅軟體有限公司,臺中市北屯區水湳里文心路三段447號22樓之2,1100000,1120718
2724,24571161,全星國際有限公司,臺中市西屯區何南里臺灣大道二段747號,5000000,1120719
2737,24578684,三益貿易有限公司,臺中市北區民權路595號(2樓之1),2000000,1120725
2738,24580154,達仁生技股份有限公司,臺中市沙鹿區鹿寮里賢義街57巷27號1樓,10000000,1120720
2739,24581914,雅堤建設股份有限公司,臺中市西屯區龍潭里市政南一路359號1樓,15000000,1120710
2740,24581920,葳潤國際有限公司,臺中市大雅區二和里雅潭路四段420號,5000000,1120724
2741,24582625,定騰企業管理顧問有限公司,臺中市西區民生里綠川西街2之7號1樓,500000,1120725
2742,24583223,閎霖開發建設有限公司,臺中市北屯區水湳里文心路三段447號4樓,10000000,1120703
2743,24584074,富鑫不動產經紀有限公司,臺中市西屯區青海路二段246之17號1樓,1000000,1120724
2744,24585209,煜益鑄造科技股份有限公司,臺中市龍井區台西南路251巷17號,430960000,1120726
2745,24585539,統立精密工業股份有限公司,臺中市烏日區九德里中華路95巷1號1樓,3000000,1120720
2746,24587781,永立信開發有限公司,臺中市北屯區平安里天津路四段133號1樓,6000000,1120707
2747,24588043,天能國際能源有限公司,臺中市潭子區家興里榮興街121巷7弄11號1樓,32000000,1120725
2748,24590358,普緹國際旅行社有限公司,臺中市大里區國光里永興路127巷10號1樓,6000000,1120727
2749,24591223,東海電國際有限公司,臺中市大甲區中山里甲后路5段251巷83之1號1樓,1000000,1120724
2750,24591510,竑源精密工業股份有限公司,臺中市太平區中山路2段412號之11一樓,12000000,1120731
2751,24593616,歐陸世紀投資開發股份有限公司,臺中市西區公益路363號12樓之8,65837530,1120718
2752,24595121,竣維有限公司,臺中市東區東英里東英十一街20號1樓,350000,1120720
2753,24597009,瀚揚國際企業有限公司,臺中市南區南門里忠明南路1204號1樓,3000000,1120705
2754,24601221,廷香有限公司,臺中市太平區光隆里興隆路一段70巷63號,3700000,1120713
2755,24601670,頡陽開發有限公司,臺中市大雅區神林南路211號1樓,25000000,1120706
2756,24602376,瀚思通有限公司,臺中市西屯區潮洋里市政北二路238號22樓之1,3000000,1120721
2757,24602642,茂格生技股份有限公司,臺中市北區學士路257號12樓,18000000,1120714
2758,24603017,韓爸國際有限公司,臺中市潭子區大豐里大豐東二街121號1樓,500000,1120710
2759,24606062,安傑優科技股份有限公司,臺中市南屯區南屯路二段178之1號1樓,7500000,1120703
2761,24607219,松揚精密模具有限公司,臺中市太平區光興路1568巷32號,2500000,1120706
2810,24651333,晶耀國際貿易有限公司,臺中市北屯區文心路四段955號10樓之6,6468399,1120725
2856,24693679,竑育有限公司,臺中市西屯區漢成街151號,28000000,1120703
2962,24775545,卓越國際珠寶有限公司,臺中市西屯區市政路500號19樓之7,5000000,1120718
2996,24804181,華旭矽材股份有限公司,臺中市西屯區協和里工業區十路8號,1220709000,1120719
3003,24821230,澤美國際開發有限公司,臺中市沙鹿區保成一街33巷26號1樓,1000000,1120721
3004,24821415,欣四方國際貿易有限公司,臺中市西屯區府會園道169號5樓之2,41800000,1120728
3005,24821652,全盈塑膠實業有限公司,臺中市烏日區太明路成豐巷100號,43000000,1120706
3008,24823906,森和餐飲有限公司,臺中市南屯區益豐路四段502號1樓,20000000,1120720
3009,24824074,尚衡機械有限公司,臺中市太平區德隆里光德路25巷35號,2000000,1120718
3010,24826538,盛睿科技有限公司,臺中市大里區東湖里科技路168號10樓之1,5000000,1120711
3011,24828466,靚德生醫科技股份有限公司,臺中市大雅區秀山里科雅路27號2樓,82014786,1120703
3012,24830126,敦遠國際有限公司,臺中市豐原區北陽里綠山二街38號1樓,30000000,1120710
3013,24830358,益昇智慧科技股份有限公司,臺中市北屯區文心路四段81號13樓之1,5000000,1120718
3014,24831693,展英生技股份有限公司,臺中市北區學士路255號12樓,198010000,1120707
3015,24831954,米騏創新股份有限公司,臺中市西屯區大河里長安路一段83號3樓,6000000,1120727
3016,24832102,達瓦有限公司,臺中市大里區大明里大明路92號1樓,500000,1120714
3017,24832861,奇益食業有限公司,臺中市大雅區文雅里中山北路248號,500000,1120706
3018,24833003,宏凌國際貿易有限公司,臺中市北屯區東山路一段138巷8弄9號,500000,1120727
3019,24836613,美升鮮食材有限公司,臺中市太平區中興里東平路663號,15000000,1120720
3020,24838112,陽光綠能股份有限公司,臺中市南屯區精科中路22號2樓,120000000,1120713
3022,24838892,芯世界科技有限公司,臺中市后里區義德里甲后路一段355巷1號1樓,5000000,1120726
3023,24839301,易加文創美學股份有限公司,臺中市西屯區何安里文心路三段4號,24000000,1120717
3025,24842734,大瑞企業有限公司,臺中市梧棲區大庄里和平街68號1樓,6800000,1120717
3026,24845107,晟桂草本科研股份有限公司,臺中市西區忠明南路499號5樓,23323000,1120710
3027,24845795,力揚家電有限公司,臺中市神岡區社南里民生路40之5號1樓,100000,1120706
3028,24846921,羣鷹企業有限公司,臺中市外埔區水美里水美路5號1樓,10350000,1120713
3029,24847180,高研生醫開發股份有限公司,臺中市北區英才路219號2樓,25000000,1120714
3030,24847885,承禾生活設計有限公司,臺中市北區淡溝里博館二街58號,1100000,1120712
3047,24859571,司馬鐵國際股份有限公司,臺中市大里區東湖里科技路3號4樓之5,23750000,1120707
3065,24880808,建晟工程有限公司,臺中市大里區立德里立中街82號1樓,12800000,1120706
3158,24953908,宜樺園國際有限公司,臺中市西區福人街92之1號1樓,1000000,1120727
3175,24963976,家得健康股份有限公司,臺中市南屯區文心路一段521號7樓之10,11000000,1120710
3199,24978823,台灣綠金家園有限公司,臺中市西區土庫里五權西路一段237號7樓之1,25000000,1120725
3218,24996131,台灣國玉科技股份有限公司,臺中市梧棲區頂寮里中橫十路100號,1125000,1120719
3219,24996195,航耀國際事業有限公司,臺中市沙鹿區竹林里中山路122號4樓,1000000,1120728
3220,25001651,冠通精密工業股份有限公司,臺中市烏日區溪南路一段126巷395弄357號,10000000,1120724
3223,25011243,楓林建設有限公司,臺中市北區光大里原子街131號,12000000,1120728
3226,25015389,大藝工程有限公司,臺中市大雅區上楓里民生路四段139巷59號1樓,300000,1120718
3227,25016556,大寶島光電股份有限公司,臺中市西屯區協和里工業區十六路2號1樓,49798620,1120727
3230,25021713,安潔家事生活有限公司,臺中市北屯區崇德七路190號17樓,300000,1120703
3241,25036194,定營科技有限公司,臺中市北屯區景賢路143號2樓,4500000,1120710
3242,25036785,德鑫汽車有限公司,臺中市大肚區自強里遊園路二段133巷1弄18號1樓,7000000,1120704
3250,25044461,和昕精密科技有限公司,臺中市神岡區三和路131巷26號1樓,50000000,1120711
3256,25051413,艾栩資創開發有限公司,臺中市北區淡溝里民權路405巷27號1樓,3000000,1120704
3257,25052519,全弘國際實業股份有限公司,臺中市西屯區協和里工業區一路130之3號,164360000,1120726
3258,25053171,創健建設股份有限公司,臺中市南屯區春社里永春北路55號2樓,100000000,1120731
3262,25057486,創維產業股份有限公司,臺中市太平區光隆里正光街197巷41之2號,5600000,1120717
3267,25061587,喬新廣告有限公司,臺中市大雅區西村路11之49號4樓,1000000,1120725
3268,25062538,源溢股份有限公司,臺中市南屯區文山里精科八路38號2樓,29000000,1120719
3269,25064206,弘煜科技事業股份有限公司,臺中市西區臺灣大道二段186號15樓之2,188632840,1120705
3273,25066422,復康生物科技有限公司,臺中市南區福順里南昌街73號1樓,1450000,1120714
3279,25073514,台灣飛特光電股份有限公司,臺中市西屯區惠來里市政北七路186號5樓之2,20000000,1120724
3280,25074984,力成投資開發股份有限公司,臺中市西區後龍里臺灣大道二段103號5樓,230000000,1120714
3284,25078124,龍映茗茶有限公司,臺中市潭子區潭秀里雅潭路一段38巷2號1樓,2000000,1120720
3285,25078172,豐順股份有限公司,臺中市西屯區黎明路三段343巷5號,1000000,1120713
3289,25081401,啓閤建設開發股份有限公司,臺中市大甲區光明路146號1樓,10000000,1120720
3294,25088018,都京不動產股份有限公司,臺中市大里區新仁一街42之1號1樓,1000000,1120703
3296,25088734,靖聖金屬工業有限公司,臺中市神岡區豐工中路46號,15000000,1120719
3297,25091793,瓏昇再生能源有限公司,臺中市北區賴興里文心路四段212號3樓之1,15000000,1120705
3300,25097311,晨豐光電股份有限公司,臺中市西屯區市政北二路236號24樓之1,940000000,1120725
3301,25098178,錩輝鋼鐵有限公司,臺中市霧峰區吉峰里民生路198巷26弄9號,13500000,1120706
3302,25098509,協靚企業股份有限公司,臺中市北屯區平興里遼寧路一段51巷47號,8000000,1120710
3346,25138501,晨譽投資股份有限公司,臺中市西區臺灣大道二段501號19樓之2,490000000,1120713
3353,25147332,五都停車場股份有限公司,臺中市烏日區高鐵五路156號10樓之1,62000000,1120725
3359,25163830,世裔貿易有限公司,臺中市北屯區平福里大連路二段211號1樓,3000000,1120705
3360,25166457,宥泰投資股份有限公司,臺中市大雅區橫山里中科路1088號,150000000,1120706
3362,25167961,炬霸科技有限公司,臺中市霧峰區吉峰路69之8號1樓,400000,1120726
3365,25168407,澄堂公投資股份有限公司,臺中市西屯區港尾里中清路二段1386巷23號地下層,3500000,1120725
3370,25173247,達亮投資有限公司,臺中市西屯區福雅里福雅路50巷18號,21000000,1120727
3372,25178828,會美生技股份有限公司,臺中市豐原區南田里富翁街25號,5000000,1120712
3376,25180991,昱美包裝事業股份有限公司,臺中市西屯區工業區41路20號,50500000,1120706
3381,25189590,精輪車業有限公司,臺中市北區賴興里山西路二段220號1樓,5000000,1120718
3383,25195523,中華標售有限公司,臺中市西屯區潮洋里朝富路2號4樓,200000,1120714
3384,25199801,威庭科技有限公司,臺中市北屯區東山路一段192巷56弄18號1樓,1000000,1120704
3385,27001312,大利汽車貨運有限公司,臺中市太平區永隆里光興路438巷61號1樓,22000000,1120724
3413,27265637,偉維投資股份有限公司,臺中市西區英才路499號4樓,8000000,1120714
3415,27272715,康富生技中心股份有限公司,臺中市北區學士路257號12樓,300000000,1120718
3420,27279597,通寧科技貿易股份有限公司,臺中市豐原區中興里大明路178巷1號1樓,10000000,1120707
3424,27284000,喬新國際企業有限公司,臺中市北屯區昌平路一段95之8號10樓之2,5000000,1120707
3434,27309754,慶源精密有限公司,臺中市東區東門里東光園路100巷56弄2號,3000000,1120713
3458,27343471,黑潮環境生態顧問有限公司,臺中市烏日區三和里高鐵五路156號4樓之3,8000000,1120710
3486,27388244,新中科事業股份有限公司,臺中市北屯區平福里旅順路二段1、5號地下一層,1200000,1120719
3488,27390847,龍翩真空科技股份有限公司,臺中市梧棲區大通路2號,253000000,1120727
3492,27398209,蓁和塑膠工業股份有限公司,臺中市南屯區工業區二十二路23號1樓,14000000,1120725
3493,27398279,寶來得企管顧問有限公司,臺中市西區土庫里中美街22號7樓之5,500000,1120706
3500,27407050,雅仕博股份有限公司,臺中市西屯區大墩十九街186號5樓之2,10000000,1120706
3507,27421428,登琪爾企業股份有限公司,臺中市南屯區大福街1號,19000000,1120721
3509,27427197,宜展五金有限公司,臺中市太平區光興路1568巷32號,2500000,1120706
3511,27435106,鎂金精密企業有限公司,臺中市太平區聖和里長龍路一段529號2樓,1500000,1120725
3513,27437890,淘花源文化事業股份有限公司,臺中市西屯區大河里永輝路83號1樓,3000000,1120725
3521,27453981,金岦有限公司,臺中市清水區南社里鰲新路109號1樓,1000000,1120727
3530,27471897,大瑋國際室內裝修有限公司,臺中市大雅區雅環路二段105號,2000000,1120703
3536,27473348,鐿鈦科技股份有限公司,臺中市南屯區文山里精科路9號,482901430,1120714
3538,27474640,星歐光學股份有限公司,臺中市南屯區工業區23路14號2樓,550000000,1120727
3541,27478723,銓聯食品興業有限公司,臺中市西屯區大河里文心路三段179之15號,60000000,1120727
3547,27486300,山水驛國際貿易有限公司,臺中市神岡區大富路35巷1弄42之1號,26000000,1120731
3548,27486414,駿程科技有限公司,臺中市西屯區西墩里環中路二段1063號,29880000,1120704
3551,27486961,國德投資有限公司,臺中市北區興進路213號2樓之1,223000000,1120726
3552,27495602,源台精密科技股份有限公司,臺中市西屯區協和里工業區38路210號2樓之3,70000000,1120714
3555,27501739,台灣高壹工機股份有限公司,臺中市大里區仁化里工業十一路140號,100000000,1120707
3557,27501983,晉德廣告企劃有限公司,臺中市東區東英里三賢街2號1樓,3000000,1120726
3559,27510511,富易達保險經紀人股份有限公司,臺中市西屯區大墩十九街186號7樓之2,117850850,1120721
3617,27580305,俞仁企業股份有限公司,臺中市梧棲區中正路466號1樓,80000000,1120710
3625,27590774,浩輔科技有限公司,臺中市南屯區文山三街80之1號2樓,5000000,1120713
3626,27590900,大豐環保科技股份有限公司,臺中市北屯區崇德九路287號,415000000,1120706
3629,27596806,久祿興業股份有限公司,臺中市神岡區豐洲里豐工南路30號,15000000,1120711
3643,27610292,誠悅建設有限公司,臺中市西屯區潮洋里市政北二路236號13樓之2,15000000,1120712
3644,27611784,德瑞成鈑金有限公司,臺中市大里區健民路１００號1樓,6000000,1120724
3649,27628933,永紳工程有限公司,臺中市北屯區廍子里祥順六街125號5樓之1,10000000,1120713
3650,27635358,金霖國際物流有限公司,臺中市大里區達明路45號1樓,1000000,1120727
3654,27639191,英普連牙科器材股份有限公司,臺中市西區公館里三民西路77號8樓之1,4000000,1120710
3660,27657155,天成筆墨有限公司,臺中市西屯區河南路四段191號4樓之1,1000000,1120711
3664,27662679,連運理貨有限公司,臺中市梧棲區大村里文明街191號,500000,1120703
3669,27673578,泰廣科技有限公司,臺中市西屯區西墩里黎明路三段333號1樓,20000000,1120725
3672,27678095,貫欣環保工程股份有限公司,臺中市西區公館里三民西路184號2樓,10000000,1120706
3673,27678742,立寶建設股份有限公司,臺中市西屯區市政路686號1樓,10000000,1120706
3675,27680748,百達建築經理股份有限公司,臺中市南區長榮里復興路三段222號2樓之1,12000000,1120731
3750,27785980,吉祥生物科技有限公司,臺中市烏日區溪南路一段728號3樓,2000000,1120707
3758,27799540,弘笙水電展業有限公司,臺中市神岡區社口里8鄰文政街15號,100000000,1120717
3762,27804614,貿盛運輸股份有限公司,臺中市梧棲區自強路472號,137100000,1120718
3763,27804683,豐國強開發股份有限公司,臺中市清水區海濱里文興路197號4樓,20100000,1120714
3765,27809435,凱迪機械五金有限公司,臺中市南屯區新生里龍德路一段105號,2500000,1120720
3777,27831984,昱電科技有限公司,臺中市西區民龍里臺灣大道二段285號4樓之2,800000,1120704
3778,27833131,靖展交通汽材股份有限公司,臺中市南屯區五福街162號2樓,5000000,1120703
3803,27874673,麗馳投資股份有限公司,臺中市西屯區市政北一路66號12樓之2,174000000,1120707
3806,27882012,聯合農化股份有限公司,臺中市北屯區水湳里文心路三段1025號7樓,1000000,1120712
3810,27895179,惠國建設股份有限公司,臺中市北區忠明路200號9樓,250000000,1120725
3811,27896162,政業科技股份有限公司,臺中市豐原區翁社里豐年路273號,10000000,1120719
3813,27897514,盛錸實業有限公司,臺中市南區正義街133巷8號1樓,2000000,1120725
3822,27906513,美地開發有限公司,臺中市大里區中新里德芳南路156號1樓,1000000,1120703
3825,27907739,興豐偉建設有限公司,臺中市北屯區平昌里昌平路一段212巷29號1樓,3000000,1120707
3833,27921325,非凡熱科國際股份有限公司,臺中市潭子區大富路二段14號,20950000,1120724
3836,27925292,英屬維京群島商韋豐利有限公司,臺中市西區臺灣大道2段459號14樓,429000000,1120704
3893,28013694,華冠全球實業股份有限公司,臺中市外埔區大同里后寮路8之3號1樓,6500000,1120714
3900,28021553,中國綠色產業股份有限公司,臺中市東勢區中寧里公園路34號1樓,20000000,1120718
3904,28024587,涵樓鷹架有限公司,臺中市南屯區同心里文心路一段186號14樓之8,500000,1120707
3910,28030510,剛瑋有限公司,臺中市西屯區臺灣大道四段1216號6樓之1,10000000,1120705
3913,28034543,芳達國際有限公司,臺中市霧峰區六股里中正路379之5號,5000000,1120703
3916,28036943,朵薩身心美學事業股份有限公司,臺中市南屯區三和里公益路二段757號1樓,20000000,1120710
3918,28039174,聖億電工有限公司,臺中市大甲區日南里幼七路3號,10000000,1120718
3922,28044063,永承人力管理有限公司,臺中市后里區聯合里水門路31號1樓,500000,1120714
3925,28048440,兆柏投資股份有限公司,臺中市豐原區北陽里北陽路8號3樓,100000000,1120713
3926,28049406,峰允展科技股份有限公司,臺中市烏日區學田路245號1樓,60000000,1120724
3927,28052149,台灣愛德克斯汽車零件股份有限公司,臺中市西屯區工業區三路3號1樓,16000000,1120705
3929,28058328,定信投資股份有限公司,臺中市大里區健民里久居街84巷8號,15000000,1120710
3931,28060921,于萱有限公司,臺中市南屯區東興西街9號2樓之5,4000000,1120713
3936,28068917,能海電能科技股份有限公司,臺中市西屯區臺灣大道三段660號9樓之3,405559100,1120717
3950,28096673,中一科技有限公司,臺中市北屯區文昌東四街32號1樓,2500000,1120720
3954,28104478,賀捷工業股份有限公司,臺中市東勢區福隆里福昌街27巷6號1樓,5000000,1120726
3957,28109353,裕笠科技股份有限公司,臺中市南區樹義里樹義一巷13之19號,15000000,1120727
3972,28124164,五福遊覽車客運有限公司,臺中市西屯區臺灣大道二段718號4樓,50000000,1120720
3987,28136268,寶晨器材有限公司,臺中市西屯區甘州街43之1號1樓,5000000,1120731
3991,28138842,台灣高鐵停車場股份有限公司,臺中市南屯區文心路一段73號5樓之1,10000000,1120726
3994,28142705,松岩精研股份有限公司,臺中市霧峰區中正路1265巷12弄3號1樓,21975000,1120707
3998,28152105,長采工業股份有限公司,臺中市后里區后里里甲后路一段383號1樓,12000000,1120706
4005,28167536,鉅筑建設股份有限公司,臺中市南屯區向上路三段33號6樓,11000000,1120710
4097,28324607,佳旭工業有限公司,臺中市大雅區雅楓里民生路三段253號1樓,5000000,1120718
4100,28327575,威達通實業有限公司,臺中市豐原區南陽路綠山巷126弄17號2樓,10000000,1120725
4107,28331868,普造開發科技有限公司,臺中市西區公館里三民西路77號7樓,1000000,1120717
4109,28339643,江楠企業有限公司,臺中市大肚區王田里興和路211號1樓,10000000,1120719
4113,28345687,金宇科技股份有限公司,臺中市西屯區工業區38路210號4樓之2,17000000,1120720
4114,28347735,葡吉洋行有限公司,臺中市西屯區惠來里河南路四段103號,50000000,1120713
4118,28355896,廷珈企業有限公司,臺中市北區賴村里梅川西路三段132號1樓,12000000,1120731
4122,28363473,太初國際地產有限公司,臺中市北區崇德路一段629號7樓之1之1,1000000,1120703
4198,28483724,登喜有限公司,臺中市南屯區大業里大墩十四街192號5樓,5000000,1120720
4208,28492076,維聖資訊科技股份有限公司,臺中市北屯區松勇里松明街9巷12號1樓,20000000,1120727
4215,28500478,德川機械股份有限公司,臺中市神岡區圳前路47之3號,20000000,1120704
4220,28510200,原莊開發股份有限公司,臺中市西屯區永安里西屯路三段150之41巷126號4樓,50000000,1120724
4226,28516437,鴻奕投資有限公司,臺中市豐原區南陽里保康路66巷38號7樓,16000000,1120721
4231,28522000,酷比數位設計有限公司,臺中市豐原區南陽里圓環東路426號1F,2000000,1120724
4247,28543223,昌聖環保實業有限公司,臺中市龍井區東海里遠東街194巷11號2樓,1000000,1120704
4250,28544671,心任國際有限公司,臺中市北屯區平昌里文心路四段936號3樓之1,3000000,1120721
4255,28551406,科為工業股份有限公司,臺中市西屯區工業區三十二路82號2樓,18000000,1120720
4268,28567815,眾揚鞋業有限公司,臺中市大安區龜壳里中山南路778號,1000000,1120725
4270,28570620,德威精密有限公司,臺中市神岡區社南里民生路50巷40號,500000,1120712
4273,28572155,明坤科技股份有限公司,臺中市大雅區科雅路38號2樓,28800000,1120714
4276,28575575,鼎毅鍛壓工業股份有限公司,臺中市梧棲區草湳里自立路538號,66000000,1120731
4279,28579191,北鉅精機股份有限公司,臺中市南屯區文山里忠勇路52之198號10樓,161000000,1120725
4282,28585980,碳基科技股份有限公司,臺中市西屯區工業區三十六路2號,134000000,1120712
4303,28619095,品高科技股份有限公司,臺中市烏日區三和里三榮路一段486號9樓之2,6000000,1120727
4304,28620430,晴曜國際有限公司,臺中市南區福順里南陽街63號1樓,5000000,1120703
4308,28627454,尉寶建設股份有限公司,臺中市北區英才路396號2樓之1,25000000,1120717
4311,28630296,永寶科技股份有限公司,臺中市潭子區大豐里潭富路二段288號2樓,29000000,1120725
4316,28641343,佳緯冷卻工程股份有限公司,臺中市大肚區瑞井里遊園路一段89巷46號1樓,1000000,1120707
4332,28659672,青松健康股份有限公司,臺中市大里區夏田里中投西路三段217號,532000000,1120712
4335,28669398,台灣愛司帝科技股份有限公司,臺中市北屯區文心路三段447號5樓,47901000,1120711
4361,28696894,億豐綜合工業股份有限公司,臺中市西屯區市政北七路98號23樓之1,2930202000,1120703
4389,28725048,國聯全日物業管理顧問股份有限公司,臺中市西屯區何南里東興路3段381號4樓之1,2000000,1120707
4393,28725700,泛球藥聯股份有限公司,臺中市大甲區庄美里興安路138號之192,1000000,1120714
4394,28726911,高誠室內裝璜有限公司,臺中市北屯區和平里祥順路二段399號2樓,1000000,1120707
4399,28737776,宏翌建材有限公司,臺中市北區頂厝里永興街298巷6弄9號1樓,6600000,1120718
4402,28740929,任意門科技有限公司,臺中市北區立人里陝西東五街6號,1000000,1120713
4414,28758321,歐思佛生物科技股份有限公司,臺中市西屯區廣福里中清路三段309號1樓,58800000,1120711
4415,28764724,佑崑工業有限公司,臺中市東區東門里東門路109巷1號1樓,1000000,1120725
4416,28766342,惠信建設股份有限公司,臺中市北區育德里育德路98號1樓,546000000,1120710
4417,28767172,將意機電工程有限公司,臺中市潭子區東寶里大豐路二段122巷6弄25號,2000000,1120720
4420,28770964,大和室內裝修設計有限公司,臺中市南屯區惠中里大墩七街526之2號1樓,50000000,1120712
4424,28774342,玖國貿易有限公司,臺中市北區賴厝里綏遠路一段26號7樓之6,20000000,1120718
4442,28793903,東風國際旅行社股份有限公司,臺中市西屯區工業區一路90號,10000000,1120710
4448,28800658,杰鼎數位科技股份有限公司,臺中市潭子區東寶里大豐一路163號1樓,3000000,1120725
4456,28808666,后豐商務會館股份有限公司,臺中市神岡區豐洲里五權路128號2至7樓,5000000,1120718
4458,28810776,邁斯貿易有限公司,臺中市南屯區精科南路99號5樓之1,1000000,1120712
4481,28832552,全球協鴻控股股份有限公司,臺中市北屯區平安里文心路四段696號16樓之1,123050000,1120727
4498,28849006,榮億特化股份有限公司,臺中市西屯區潮洋里市政北二路238號27樓之1,5000000,1120725
4539,28895211,璞實實業有限公司,臺中市大里區東興路41之1號1樓,1000000,1120720
4553,28909926,元鉅營造股份有限公司,臺中市潭子區家福里大通街188號12樓之3,3600000,1120711
4563,28919570,宏邑實業股份有限公司,臺中市神岡區社口里中山路360巷10弄15號1樓,1600000,1120706
4564,28923244,易印網國際科技有限公司,臺中市北區健行路934號1樓,3500000,1120710
4566,28928923,巨午企業有限公司,臺中市北區梅川西路三段33號,18000000,1120727
4577,28936959,乂迪生科技股份有限公司,臺中市南屯區五權西路二段666號9樓之1,181740000,1120718
4578,28939581,羅博特科技有限公司,臺中市西屯區潮洋里市政北二路282號12樓之10,20000000,1120710
4579,28941215,川田生醫事業有限公司,臺中市西屯區大有二街7號1樓,5000000,1120725
4580,28942312,盛業建材股份有限公司,臺中市龍井區龍泉里龍新路23號,22000000,1120718
4582,28944114,立祥鋼鐵有限公司,臺中市霧峰區北柳里四德路134巷5號,6000000,1120724
4587,28949309,喜馨建設股份有限公司,臺中市西區吉龍里五權二街35號,25000000,1120724
4589,28950868,微笑元素創意概念股份有限公司,臺中市大里區塗城路304巷28弄27之2號,6000000,1120718
4592,28953226,佑康遊覽車客運有限公司,臺中市北屯區環中東路二段103號3樓,50000000,1120704
4598,28962490,珍鼎記茶飲股份有限公司,臺中市北屯區南興路1338號15樓之2,48600000,1120724
4601,28967559,盛新配管材料股份有限公司,臺中市北屯區軍福十九路292號1樓,25000000,1120724
4602,28968425,沅展精密科技有限公司,臺中市潭子區頭張路一段22巷3號1樓,10000000,1120714
4687,29080592,台灣楓康超市股份有限公司,臺中市西屯區福星路189號1樓,300000000,1120705
4692,29085288,中儒林文教有限公司,臺中市北區三民路三段217號3樓之6、8樓之9、9樓之6、9樓之15、7樓之9、10、11、13、15、16,500000,1120712
4696,29095407,阡鼎科技有限公司,臺中市大雅區永和路109之19號1樓,5200000,1120721
4706,29113067,金展精密科技工業股份有限公司,臺中市烏日區溪南路二段270巷100弄21號,80000000,1120721
4708,29116183,馥欣工業有限公司,臺中市太平區長龍路一段36號1樓,500000,1120704
4709,29117325,百全揚實業股份有限公司,臺中市梧棲區自立二街133號,83000000,1120711
4714,29119415,東泰鋁業有限公司,臺中市南屯區大同里向上南路一段163號11樓之3,5000000,1120712
4715,29119484,恆鑫行銷股份有限公司,臺中市南屯區向心里向心南路910號1樓,20000000,1120724
4717,29122919,旭陽國際精機股份有限公司,臺中市豐原區豐南街92巷216號,329600000,1120725
4718,29122930,倍銘食品工業有限公司,臺中市南屯區寶山里工業區十八路21號,1000000,1120727
4721,29127111,精銳企劃設計有限公司,臺中市西區民生路422號4樓,1000000,1120713
4762,29183181,台灣骨王生技股份有限公司,臺中市大雅區科雅路41號2樓,158500000,1120720
4763,29183247,雷應科技股份有限公司,臺中市南區文心南路823號1樓,63688000,1120719
4764,29183400,歐承健股份有限公司,臺中市大雅區科雅路6號,4000000,1120713
4771,29188046,力學股份有限公司,臺中市北屯區水湳里文心路四段81號5樓之2,3000000,1120726
4793,30864734,尚時實業股份有限公司,臺中市大雅區員林里神林路1段162巷22號,5000000,1120725
4816,30984421,世朗貿易股份有限公司,臺中市神岡區社南里社南街5巷62號,15100000,1120719
4902,34291153,忠盛有限公司,臺中市西區公益里忠明南路237號7樓之4,5000000,1120710
4936,34676214,聯旗保險代理人股份有限公司,臺中市北區健行里民權路559號13樓,23000000,1120710
5059,42573676,又見一炊煙餐廳有限公司,臺中市新社區中興里中興嶺街一段107號,10000000,1120710
5152,42661827,斯圖加特國際汽車有限公司,臺中市梧棲區大庄里博愛路155巷29號1樓,10000000,1120720
5154,42664367,善詩有限公司,臺中市北屯區和平里和祥路一段55號,1000000,1120711
5155,42665838,立喬精密有限公司,臺中市神岡區豐洲里神洲路130巷32之1號,1200000,1120721
5156,42667483,愛地球樂活事業有限公司,臺中市北區頂厝里進化北路238號10樓之3,1000000,1120731
5158,42670305,艾伯特國際服飾股份有限公司,臺中市后里區墩北里甲后路一段1250號,2000000,1120704
5159,42671206,譽叡貿易有限公司,臺中市太平區永隆里正光街18號1樓,6100000,1120726
5160,42672107,千辰股份有限公司,臺中市太平區宜欣里宜昌東路13號,25800000,1120705
5161,42673767,永樂企劃廣告有限公司,臺中市烏日區三和里三榮二路25號7樓之2,1000000,1120718
5162,42677433,宏尚實業有限公司,臺中市大里區塗城里塗城路5號1樓,1200000,1120707
5163,42677813,螞蟻國際貿易有限公司,臺中市西屯區何源里河南東三街12號,1000000,1120727
5166,42678496,鋐大科技股份有限公司,臺中市南屯區惠中路三段77號10樓之3,32000000,1120711
5167,42679170,大有家族辦公室股份有限公司,臺中市西屯區朝富路272號4樓,1800000,1120718
5168,42680205,登泰京開發股份有限公司,臺中市烏日區五光路157號2樓,6000000,1120712
5169,42680916,至唯企業有限公司,臺中市西屯區福恩里工業區一路12號14樓之5,2500000,1120718
5170,42681112,金普頓有限公司,臺中市外埔區大同里甲后路三段783巷51號,11000000,1120728
5171,42684835,瑞亞精密股份有限公司,臺中市豐原區翁社里豐年路259巷23號1樓,5000000,1120704
5172,42685150,司創仁和匯鉅設計有限公司,臺中市西區忠誠里精誠六街14號,2100000,1120724
5173,42686313,甲邑開發有限公司,臺中市東區東英里東英路766號6樓之1,2000000,1120705
5175,42687501,凱燁不動產開發有限公司,臺中市西屯區臺灣大道二段847號1樓,1000000,1120725
5176,42687684,禾捷有限公司,臺中市潭子區頭家里和平路87巷6弄51號1樓,24300000,1120714
5177,42688207,精誠股份有限公司,臺中市霧峰區五福里五福路847巷18號,2500000,1120726
5228,42736518,偕盟科技股份有限公司,臺中市西屯區潮洋里市政北二路238號27樓之1,8000000,1120720
5281,42781246,見山營造股份有限公司,臺中市西屯區西安里漢翔路242號1樓,22500000,1120717
5287,42784623,坂茂綠能工程股份有限公司,臺中市西屯區臺灣大道三段789號7樓之1,12000000,1120713
5304,42795797,智騰電子有限公司,臺中市沙鹿區南勢里自由路95巷38之37號,600000,1120724
5365,42842193,優美特創新材料股份有限公司,臺中市大雅區科雅路42號3樓,107501090,1120710
5397,42863274,優適達科技股份有限公司,臺中市西屯區工業區三十八路210號2樓之3,43000000,1120727
5416,42871458,瑞倫投資股份有限公司,臺中市西區臺灣大道二段482巷33號6樓之5,35000000,1120707
5417,42872739,智聯微網科技有限公司,臺中市西屯區市政路386號4樓之3,10000000,1120707
5418,42873110,鬥陣企業有限公司,臺中市南屯區三厝里三和街128之3號3樓之1,2000000,1120706
5419,42877185,達觀物業有限公司,臺中市西區民龍里臺灣大道二段307號6樓之1,1000000,1120710
5421,42878847,創晟精機股份有限公司,臺中市太平區永平里東平路475號,17903150,1120724
5422,42879070,永鉅金屬工業有限公司,臺中市大里區仁化里仁化路690號,8200000,1120711
5423,42881272,宏偉汽車租賃有限公司,臺中市南屯區同心里文心路一段186號16樓之2,10000000,1120725
5424,42881630,今悅來有限公司,臺中市豐原區南村里向陽路77號4樓,1000000,1120703
5425,42884989,滙興展股份有限公司,臺中市南屯區龍富十一街57號2樓,18500000,1120720
5426,42886847,宗亨科技有限公司,臺中市西區五權路1之24號1樓,1000000,1120711
5427,42887156,印特立實業有限公司,臺中市北區明德里太原五街10號4樓之1,2000000,1120704
5428,42887923,晟旺營造股份有限公司,臺中市北屯區后庄路860巷29號1樓,3600000,1120713
5429,42889035,群策創生商圈科技股份有限公司,臺中市中區綠川里綠川西街135號6樓之5,6300000,1120703
5430,42890589,春日成建設有限公司,臺中市龍井區新庄里新興路357號,41000000,1120714
5432,42891546,大維國際有限公司,臺中市南區福田五街20號7樓之1,1000000,1120719
5433,42892088,鼎鴻程式設計有限公司,臺中市南區江川里永東街14號2樓,50000,1120703
5434,42892685,虹豐寢具開發有限公司,臺中市霧峰區四德里新埔路236號9樓之5,510000,1120714
5435,42893776,晨牧食品股份有限公司,臺中市北區錦州里瑞祥街16號1樓,1000000,1120717
5437,42897751,富競開發有限公司,臺中市北屯區舊社里南興路121號2樓,15000000,1120714
5438,42898323,豐發事業有限公司,臺中市南屯區五權西路二段666號6樓之4,100000,1120714
5439,42898457,福玥股份有限公司,臺中市西屯區惠來里市政路500號24樓之2,7000000,1120725
5440,42899202,禾邑環保事業有限公司,臺中市烏日區大同路63號2樓,3100000,1120720
5446,42903326,未來教育顧問股份有限公司,臺中市南區忠明南路789號24樓,77515410,1120706
5472,42925378,祥大清潔有限公司,臺中市西屯區何厝里四川路79之5號1樓,1000000,1120717
5492,42939990,天拓能源有限公司,臺中市大甲區武曲里橫圳街197之1號,19600000,1120707
5497,42943018,柏融實業有限公司,臺中市西屯區惠來里市政北七路186號5樓之2,5000000,1120714
5598,43788507,艾蒙特科技有限公司,臺中市北區東成三街152號1樓,6200000,1120714
5689,45112162,大武海研生態有限公司,臺中市梧棲區大仁路二段277巷32號,5000000,1120712
5699,45117357,駟宥國際有限公司,臺中市西屯區西墩里漢翔路335號6樓之1,3000000,1120714
5708,45126476,成洲科技有限公司,臺中市西區民龍里臺灣大道二段239號13樓,200000,1120710
5729,45147107,鈦鈗精工有限公司,臺中市東區東門里東門路22號,2100000,1120713
5730,45148274,楷亭企業有限公司,臺中市東區樂成里東英二街56之1號1樓,100000,1120706
5731,45149034,先創機械有限公司,臺中市潭子區潭陽里福潭路446號,2000000,1120714
5735,45186001,美醍國際有限公司,臺中市大里區國光里永興路130號1樓,3000000,1120706
5738,45193930,煜展環保有限公司,臺中市西屯區華美西街二段461號2樓,1000000,1120721
5739,45601302,安果科技有限公司,臺中市南區永興里工學二街151巷39號1樓,500000,1120731
5740,45877194,信和營造股份有限公司,臺中市西屯區西墩里光明路57之25之1號1樓,22500000,1120714
5741,45878172,鋇斯國際有限公司,臺中市大雅區員林里大林路271巷21之10號1樓,1000000,1120703
5742,45879242,盛華人力顧問股份有限公司,臺中市西屯區市政北七路186號25樓,10000000,1120714
5743,45879762,松容有限公司,臺中市太平區永成北路128巷50弄26號1樓,1000000,1120719
5744,45881606,元貞國際有限公司,臺中市太平區光隆里光興路770號,126000000,1120717
5745,45882464,模範日用品有限公司,臺中市大里區東興里國光路二段500號5樓之1,1000000,1120706
5746,45883007,台灣安衛環實業股份有限公司,臺中市西區臺灣大道一段726號8樓之6,1500000,1120710
5747,45883317,安承室內裝修設計有限公司,臺中市西區忠明路94號1樓,1000000,1120710
5748,45883822,耶尼質髮健康顧問有限公司,臺中市中區臺灣大道一段201號4樓,2300000,1120728
5749,45883885,富萊國際有限公司,臺中市霧峰區本堂里育德路26巷20號2樓,10000000,1120704
5750,45884054,合順科技有限公司,臺中市潭子區大豐里雅豐街226巷26弄43號,5000000,1120720
5751,45886721,泰一國際貿易有限公司,臺中市大雅區學府路229號2樓之1,36000,1120725
5752,45888158,北極興冷凍食品有限公司,臺中市烏日區三和里學田路68號,15000000,1120711
5753,45889403,愛家人健康有限公司,臺中市霧峰區本堂里育群路117巷2號1樓,200000,1120704
5754,45889570,創意未來整合行銷有限公司,臺中市潭子區家興里中山路一段15巷8號4樓之5,1000000,1120727
5755,45889852,庭富國際有限公司,臺中市北屯區東山路一段192巷56弄18號1樓,1000000,1120706
5771,45910567,興亞營造工程股份有限公司,臺中市清水區中華路151之2號8樓,389000000,1120717
5793,47024448,鄭亦翔自主更新有限公司,臺中市西區忠明里健行路964巷30號2樓,900000,1120719
5834,49733804,紘洋通運股份有限公司,臺中市大甲區長壽路19之7號1樓,10000000,1120703
5855,50754679,龍王發投資有限公司,臺中市南屯區惠中里大英街291之3號11樓,6000000,1120719
5904,50782253,翊心生技有限公司,臺中市大雅區永和路111之2號1樓,105000,1120718
5924,50793414,締賦國際有限公司,臺中市西屯區大鵬里長安路二段71巷62弄26號1樓,300000,1120711
5951,50813523,漢鼎智慧科技股份有限公司,臺中市南屯區文心路一段186號4樓之9,137400000,1120717
5952,50813642,台灣凡德股份有限公司,臺中市北屯區松安里松和街186巷7號4樓,1000000,1120704
5953,50815727,固得小客車租賃有限公司,臺中市中區綠川里建國路157號,5000000,1120705
5954,50817437,永豐泰地產股份有限公司,臺中市西區民龍里民權路239號4樓,90000000,1120706
5955,50817746,久禾興業股份有限公司,臺中市中區綠川里中山路31號,3000000,1120714
5957,50819770,創富資訊整合有限公司,臺中市西屯區逢福里河南路二段262號3樓之11,1000000,1120728
5958,50819836,相綸有限公司,臺中市東區自由路四段314號3樓,3000000,1120728
5959,50819929,立晟開發有限公司,臺中市西屯區潮洋里黎明路二段883號1樓,2000000,1120714
5960,50820170,水蛙田農產股份有限公司,臺中市大雅區員林里神林路一段57號,80000000,1120704
5961,50820685,昇億展業有限公司,臺中市龍井區龍津里蚵寮路251巷305之1號,10000000,1120728
5963,50821832,良品展業有限公司,臺中市梧棲區大仁路一段61巷46之3號1樓,500000,1120728
5964,50821848,曜德光電有限公司,臺中市豐原區南陽路綠山巷159弄7號1樓,1000000,1120727
5965,50822298,惠租房屋有限公司,臺中市沙鹿區鹿寮里民族路66號,2000000,1120707
5966,50822419,修凡開發國際有限公司,臺中市西屯區市政北七路186號20樓之8,20000000,1120724
5967,50823389,聚祿國際有限公司,臺中市神岡區豐工路807號4樓,169203000,1120705
5968,50823629,刀鋒科技股份有限公司,臺中市西屯區西平里逢甲路20巷11號,2000000,1120703
5969,50824161,园郡企業有限公司,臺中市北區明德里太原北路18之1號,500000,1120721
5970,50824372,兆甸企業有限公司,臺中市西區臺灣大道二段285號22樓之1,2000000,1120718
5971,50824937,品鋐建設有限公司,臺中市大里區東興里國光路二段500號5樓之1,7000000,1120721
5972,50825268,京研實業有限公司,臺中市大肚區瑞井里瑞井路161號,1000000,1120726
5973,50825534,豐川建設股份有限公司,臺中市潭子區東寶里大豐路一段320之10號1樓,5000000,1120706
5974,50825627,水若企業股份有限公司,臺中市西區公正里大進街126號2樓之1,2000000,1120703
5975,50826908,霑露精密科技有限公司,臺中市西區柳川東路二段58號,36500000,1120711
5976,50827168,鑫棋國際有限公司,臺中市南區樹義里文心南路847號1樓,2500000,1120724
5977,50827625,良艮品創有限公司,臺中市西屯區何成里文心路二段562之1號3樓之1,200000,1120725
5978,50827982,健鈞精密科技有限公司,臺中市大里區瑞城里向學路62巷47號1樓,2000000,1120713
5979,50829855,瑞祐機械工程有限公司,臺中市龍井區麗水里三港路水裡港巷39號之2一樓,1000000,1120714
5980,50831297,大都會視聽歌唱有限公司,臺中市西區和龍里五權路142號,16000000,1120705
5981,50831331,金喬實業開發有限公司,臺中市西屯區文心路三段237號5樓,17000000,1120726
5982,50831542,海洋思庫特科技股份有限公司,臺中市西區民龍里臺灣大道二段186號24樓之2,53000000,1120706
5983,50832346,泰安山河境股份有限公司,臺中市南屯區大正街88號3樓之1,178000000,1120712
5984,50833534,薆米克企劃有限公司,臺中市北區進化北路238號19樓之1,2500000,1120707
5985,50834219,茂果室內裝修設計有限公司,臺中市西屯區環中路二段22之12號1樓,1680000,1120713
5986,50834816,僑越國際有限公司,臺中市北屯區松安里松安街193號1樓,100000,1120703
5987,50837460,喜多多股份有限公司,臺中市沙鹿區光華路302巷9號,10000000,1120706
5988,50837715,新想創意有限公司,臺中市龍井區遊園北路22巷9號3樓,100000,1120727
5989,50838072,德品有限公司,臺中市豐原區福德路8之2號,4000000,1120725
5990,50838117,昭德地產股份有限公司,臺中市西區中興里向上路一段86號2樓,16000000,1120721
5991,50838524,誠摯投資有限公司,臺中市西區吉龍里五權五街60號1樓,7500000,1120705
5992,50838643,信奕建設開發有限公司,臺中市中區光復路142號2樓,500000,1120717
5993,50839299,窩百態室內裝修設計股份有限公司,臺中市北屯區水景里太原路三段842號1樓,7500000,1120726
5994,50839349,伍隆股份有限公司,臺中市西屯區黎明路三段48號1樓,80000000,1120726
6058,50875843,慧演智能股份有限公司,臺中市大里區東湖里中興路一段159之1號3樓,2000000,1120728
6062,50877005,台灣海記股份有限公司,臺中市西屯區福和里臺灣大道四段925號地下一層之1,19000000,1120710
6064,50878004,秉辰國際有限公司,臺中市北屯區后庄里后庄路240號2樓,3000000,1120710
6141,50928031,富裕企業有限公司,臺中市大雅區雅潭路四段375號1樓,2660000,1120727
6234,51008069,大東樹脂化學股份有限公司,臺中市西屯區工業區三十四路35號,880000000,1120711
6236,51059101,達新工業股份有限公司,臺中市西屯區工業區三十五路51號,990990000,1120710
6239,51156217,北洲汽車交通事業股份有限公司,臺中市龍井區龍社七街7號1樓,4000000,1120719
6243,51252008,全亞洲生技製藥股份有限公司,臺中市南區復興路一段7號1樓,6000000,1120727
6244,51261702,西部交通事業有限公司,臺中市北屯區東山路一段140巷17號1樓,6000000,1120704
6245,51319063,協榮木器工業股份有限公司,臺中市北屯區新平里中清路二段675號1樓,10000000,1120725
6246,51319937,明利凸版印刷廠有限公司,臺中市東區樂業路311巷25號1樓,6400000,1120721
6247,51326774,欣中天然氣股份有限公司,臺中市西屯區天水中街36號,1803073160,1120711
6248,51385605,香港商高通基因有限公司,臺中市西屯區大信街52號3樓之2,200000,1120727
6251,51485604,信泰鋼鐵股份有限公司,臺中市西區忠明里長春街56號1樓,110000000,1120705
6256,51610201,國際遊覽汽車股份有限公司,臺中市南區明德街2號,10230000,1120711
6257,51681606,順榮貿易股份有限公司,臺中市西屯區文心路三段149號1樓,29000000,1120720
6258,51736314,達盈實業股份有限公司,臺中市北屯區水湳里文心路三段447號4樓,17000000,1120703
6259,51756303,萬國交通事業股份有限公司,臺中市南區城隍里建成路1032號1樓,22800000,1120731
6261,51807056,台灣村田股份有限公司,臺中市西屯區中清路三段451號,270000000,1120724
6262,51818808,台中遊覽汽車股份有限公司,臺中市南區明德街2之1號,9000000,1120713
6263,51821108,維他露食品股份有限公司,臺中市西屯區協和里工業區九路26號,1440000000,1120719
6268,51911712,興農股份有限公司,臺中市大肚區南榮路101號1樓,4204925850,1120713
6272,52228077,旭進塑膠股份有限公司,臺中市西屯區福恩里工業區一路58巷33弄23號7樓,1000000,1120711
6274,52233613,年得企業股份有限公司,臺中市北區頂厝里北興街253號,10000000,1120720
6278,52246188,佳林塑膠企業股份有限公司,臺中市大里區瑞城里塗城路304巷28弄21號,11000000,1120703
6279,52260152,培力藥品工業股份有限公司,臺中市西屯區工業區六路11號,208000000,1120707
6281,52263593,斯達企業有限公司,臺中市南區濟世街7號1樓,500000,1120704
6283,52264848,和大工業股份有限公司,臺中市大里區仁化路115號,2795175130,1120706
6289,52282590,福人化學股份有限公司,臺中市神岡區中山路360巷6號,62000000,1120719
6290,52288953,帝元股份有限公司,臺中市東區東南里東光路192之1號1樓,11000000,1120717
6291,52290515,富榮產業股份有限公司,臺中市大里區樹王里樹王路50之15號,4000000,1120728
6296,52308634,大興包裝器材有限公司,臺中市西區後龍里福龍街69號,3030000,1120718
6300,52322988,台易農產股份有限公司,臺中市東區精武東路18號1樓,6000000,1120720
6301,52331353,多利寶寢具股份有限公司,臺中市烏日區前竹里中山路一段265巷6號,29000000,1120731
6305,52347361,喬山健康科技股份有限公司,臺中市大雅區忠義里東大路2段999號,3036166170,1120717
6307,52359957,油田油壓股份有限公司,臺中市西屯區長安路一段120號,20000000,1120711
6309,52367823,乾億工業股份有限公司,臺中市大里區國中二路2號,10000000,1120710
6319,52395406,昆記股份有限公司,臺中市大里區立仁里好來一街136號,13000000,1120728
6320,52397397,實毅營造股份有限公司,臺中市西屯區黎明路三段348號10樓,232000000,1120703
6328,52418843,杰生企業有限公司,臺中市北屯區北屯里崇興路一段25號5樓之1,10000000,1120724
6332,52434724,日太交通器材股份有限公司,臺中市南區長榮里有恆街102號,10000000,1120725
6333,52438046,弘達儀器股份有限公司,臺中市南屯區文山里精科中路20號,130000000,1120720
6335,52445341,揚立科技有限公司,臺中市西屯區臺灣大道三段660號15樓之1,10000000,1120727
6337,52449487,九綸企業股份有限公司,臺中市霧峰區丁台里丁台路537之1號,11603000,1120703
6338,52449493,瑞駿企業股份有限公司,臺中市北區進化路575號2樓之1,10000000,1120717
6339,52451194,傑聖實業股份有限公司,臺中市南屯區寶山里工業區21路17號,26000000,1120714
6341,52453257,品茂有限公司,臺中市潭子區民生街37號,5000000,1120707
6342,52458318,億新精機廠股份有限公司,臺中市西屯區廣褔路398號1樓,265550000,1120717
6352,52484759,欽飛工業股份有限公司,臺中市東區東英路25號,5000000,1120704
6360,52502779,岳鉅實業股份有限公司,臺中市大雅區中清路三段839號1樓,21000000,1120705
6367,52525554,信偉機械工業有限公司,臺中市南屯區春社里精科中二路9號,12000000,1120728
6368,52525597,向得行興業股份有限公司,臺中市西屯區河南路二段99號,20150000,1120719
6370,52530037,永豐齒輪股份有限公司,臺中市東區振興路372號,30000000,1120710
6374,52541739,達佛羅股份有限公司,臺中市大雅區德勝路318巷56號,307692310,1120718
6381,52556248,中良工業股份有限公司,臺中市大雅區中清路三段758巷8號,434505630,1120713
6401,52604255,江興鍛壓工業股份有限公司,臺中市西屯區協和南巷3-1號,841656950,1120714
6409,52610974,福南油壓工業有限公司,臺中市北區東光八街18號,6600000,1120711
6412,52615393,磯鑫工業股份有限公司,臺中市西屯區廣福里廣福路352巷82號,325500000,1120721
6419,52634602,啟德電子股份有限公司,臺中市大里區大元里國中路103號,40000000,1120711
6427,52646207,巨庭機械股份有限公司,臺中市太平區太平里永豐路78號,653700000,1120706
6442,52671057,天崗精機科技股份有限公司,臺中市大里區西湖里西湖路427號,203800000,1120711
6444,52678734,建麟建材股份有限公司,臺中市西屯區漢口路二段225巷7號1樓,20000000,1120721
6447,52684172,榮笠企業股份有限公司,臺中市潭子區東寶里大德一路84巷10號1樓,5000000,1120719
6452,52694093,台來實業有限公司,臺中市南屯區大墩十四街123號1、2樓,5000000,1120714
6460,52710452,達展科技股份有限公司,臺中市大安區西安里大安港路798號,16759200,1120711
6465,52713113,岱裕五金工業股份有限公司,臺中市太平區光隆里光興路733巷103號,10000000,1120721
6472,52720655,傘乙齒輪股份有限公司,臺中市東區建勇街25之1號1樓,15000000,1120712
6495,52796227,天立探勘顧問有限公司,臺中市南區長春里復興路三段527巷3號1樓,1000000,1120731
6498,52801729,本土股份有限公司,臺中市大里區金城里四育街45號,315550000,1120711
6501,52806409,東國貿易股份有限公司,臺中市西屯區何南里精明一街18號,2000000,1120703
6512,52855344,盛林運動器材股份有限公司,臺中市北屯區軍功里環中東路一段1519號1樓,20000000,1120713
6531,52896984,川滬有限公司,臺中市太平區新吉里中山路三段2巷2號,6000000,1120711
6533,52899552,健麟貿易股份有限公司,臺中市北區淡溝里民權路466巷5號13樓之7,13000000,1120720
6534,52903090,喬福機械工業股份有限公司,臺中市神岡區北庄里中山路1056號,854736120,1120724
6544,52939436,青年室內裝修實業有限公司,臺中市大里區永東街3號,10000000,1120707
6567,53038265,康程建築股份有限公司,臺中市南區大忠南街245號2樓,1000000,1120704
6571,53043083,元弘資訊系統股份有限公司,臺中市大肚區沙田路一段854巷81之7號1樓,3000000,1120706
6572,53043611,吉維那環保科技股份有限公司,臺中市大里區西湖路189號,100000000,1120718
6574,53046027,寰達科技有限公司,臺中市南區崇倫街122號1樓,1000000,1120725
6575,53047291,體安穩生醫生技研究股份有限公司,臺中市太平區中山里中源街2巷17號1樓,5000000,1120713
6580,53054855,耀達電腦股份有限公司,臺中市北區頂厝里永興街338號12樓,48278100,1120707
6583,53057425,瑋鎮企業股份有限公司,臺中市西屯區工業區七路2號2樓,56000000,1120714
6598,53070659,松營節能科技股份有限公司,臺中市太平區新仁路一段44巷8之1弄1號,20000000,1120706
6601,53073564,聖恩電器有限公司,臺中市大里區吉善一街8號1樓,500000,1120710
6602,53073874,昶崴塑膠股份有限公司,臺中市龍井區麗水里三港路田仔內巷20號,10000000,1120705
6604,53075015,川王生醫股份有限公司,臺中市西屯區中清路三段309號1樓,1200000,1120703
6606,53075704,國揚五金有限公司,臺中市北屯區廍子里樹孝路698號12樓之2,500000,1120718
6607,53076008,大水建設有限公司,臺中市北屯區舊社里松竹五路一段189號2樓,28000000,1120728
6650,53107781,統織工業股份有限公司,臺中市大雅區西寶里昌平路四段282南十三巷75弄5號3樓,55900000,1120706
6683,53134730,和立堡建設股份有限公司,臺中市南屯區五權西路二段666號9樓之4,37000000,1120721
6692,53140867,仲偉投資股份有限公司,臺中市南區和平里忠明南路758號28樓,7000000,1120714
6694,53141660,泳翌建設有限公司,臺中市外埔區六分路中興巷20之1號1樓,33000000,1120727
6697,53148158,珩暢實業有限公司,臺中市烏日區榮泉里榮泉路39巷69號,3000000,1120714
6705,53157655,仲盛投資股份有限公司,臺中市南區和平里忠明南路758號28樓A室,14000000,1120707
6709,53158649,穎顓實業有限公司,臺中市大雅區橫山里中山六路5號1樓,2000000,1120726
6711,53160602,邁博科技股份有限公司,臺中市北屯區和平里祥順路二段331號1樓,3000000,1120718
6719,53168766,允坦科技股份有限公司,臺中市大里區工業九路118號,308520000,1120718
6721,53169929,安展國際有限公司,臺中市南屯區春社里精科南路99號6樓之1,10000000,1120718
6722,53171256,寰群旅行社股份有限公司,臺中市西屯區龍德路二段238號1樓,8000000,1120721
6729,53174704,想空間有限公司,臺中市南區江川里美村路二段407號2樓,2600000,1120724
6734,53179659,博大精密股份有限公司,臺中市神岡區溪洲里豐洲路1065號,12150000,1120719
6778,53224535,正正大發企業有限公司,臺中市西屯區惠來里市政北五路270號11樓之2,1000000,1120711
6805,53261622,昌利豐企業有限公司,臺中市北屯區后庄里中清路二段1022號1樓,1000000,1120720
6808,53269188,宇勁工程有限公司,臺中市龍井區忠和里台西南路256巷32弄2之6號,500000,1120718
6810,53273520,清玉美味有限公司,臺中市南屯區寶山里工業區二十路38號,28800000,1120707
6811,53274289,旺昕貿易有限公司,臺中市豐原區南陽里永康路228號1樓,14000000,1120720
6812,53278530,富登車業有限公司,臺中市北區健行里華富街20巷2號,1000000,1120704
6816,53280732,臺灣金霖礦業股份有限公司,臺中市北屯區水湳里文心路三段447號4樓,29500000,1120721
6819,53287828,蒼驍國際有限公司,臺中市南區樹德里樹德二巷13號3樓,280000,1120726
6821,53291273,全淨然興業股份有限公司,臺中市西屯區工業區一路58巷10弄55號1樓,10000000,1120714
6822,53291597,惠得建設股份有限公司,臺中市西區民龍里英才路530號11樓之3,201000000,1120710
6824,53293785,竟峰工程有限公司,臺中市西屯區市政北二路238號22樓之1,8900000,1120711
6825,53295025,艾可特國際貿易有限公司,臺中市西屯區大墩二十街106號,10288000,1120724
6831,53301011,茂洋建設股份有限公司,臺中市大肚區遊園路一段117之1號2樓,50000000,1120704
6835,53308838,帝德國際實業股份有限公司,臺中市西屯區市政北三路113號8樓之3,5000000,1120712
6836,53309180,磐豐實業股份有限公司,臺中市西屯區漢口路二段138號9樓,21912060,1120711
6871,53341554,螢禧實業有限公司,臺中市西屯區市政北二路53號3樓,1000000,1120731
6901,53374772,心驛股份有限公司,臺中市中區柳川西路三段19號2樓之1,8000000,1120727
6903,53377314,華銘國際股份有限公司,臺中市大雅區六寶里中清路四段826號,41700000,1120706
6909,53385497,台灣康医藥品生技股份有限公司,臺中市南屯區文心路一段521號7樓之10,35380000,1120706
6910,53386637,科森複合材料股份有限公司,臺中市神岡區豐洲里豐工中路28號,289400000,1120718
6912,53390219,中聯興國際有限公司,臺中市潭子區大豐路一段201之2號,30000000,1120712
6913,53392413,登烽綠能科技有限公司,臺中市太平區太平里新仁路一段44巷8之1弄3號,10000000,1120713
6914,53392737,翊睦投資股份有限公司,臺中市烏日區五光里五光路157號,20000000,1120704
6924,53402762,瑩聖消防工程有限公司,臺中市大雅區大雅里雅環路二段85巷19之1號1樓,2000000,1120714
6925,53403657,源台國際股份有限公司,臺中市西屯區福和里臺灣大道四段925號20樓之5,10000000,1120713
6967,53469209,達志國際股份有限公司,臺中市大里區東興里國光路二段500號7樓之1,4000000,1120725
6973,53480703,廣建興有限公司,臺中市清水區武鹿里公正路262號1樓,35000000,1120704
6974,53481463,貴融工程股份有限公司,臺中市西區大隆路20號6樓之5,20000000,1120707
6975,53482673,冠荏機械工程有限公司,臺中市大肚區大東里仁德路66東一巷13弄6號1樓,1000000,1120706
6977,53484948,宸和事業有限公司,臺中市烏日區三和里學田路便行巷121弄8之3號1樓,1100000,1120724
6982,53487585,迅合國際貿易有限公司,臺中市北屯區同榮里昌平路三段30號1樓,1250000,1120720
6986,53490786,穎冠茶飲企業股份有限公司,臺中市南屯區新生里龍富路四段165號,22000000,1120725
6987,53491321,芯城室內設計股份有限公司,臺中市西區公民里五廊街2巷2之1號1樓,1800000,1120705
6989,53493215,漢澤寰宇股份有限公司,臺中市西屯區西屯區惠來里市政路500號7樓之7,20000000,1120706
6990,53494354,源穎生技股份有限公司,臺中市西屯區工業區九路26號3樓,160000000,1120720
6996,53497789,欣隆塑膠有限公司,臺中市大里區新仁里新仁四街16號,20000000,1120719
6997,53498197,大車河有限公司,臺中市西屯區永安里玉門路233號22樓之2,23000000,1120703
6998,53498204,邑明企業有限公司,臺中市西屯區西屯路三段79號,5000000,1120703
7001,53500911,豪峰科技股份有限公司,臺中市潭子區東寶里雅潭路二段105巷98號1樓,29875000,1120714
7007,53506817,崧賀國際有限公司,臺中市北屯區軍功里松竹二路148號2樓,5000000,1120724
7008,53508580,昶德科技股份有限公司,臺中市潭子區聚興里興豐山莊42號1樓,11250000,1120725
7009,53508738,河津科技有限公司,臺中市南區福興里和昌街182號1樓,2000000,1120712
7011,53510642,昌澤機械股份有限公司,臺中市潭子區大豐里潭富路二段288號,55000000,1120728
7041,53546917,鑫鼎王餐飲股份有限公司,臺中市西屯區精誠路14號3樓之3,318421000,1120704
7092,53600622,嘉里冷鏈設備股份有限公司,臺中市大雅區永和路118之45號,96942000,1120717
7096,53603091,尚磊國際有限公司,臺中市大里區大明路393之12號,1200000,1120707
7099,53607701,昶瑞機電股份有限公司,臺中市龍井區忠和里台西南路272號,255000000,1120711
7109,53624856,立祥宜泰企業股份有限公司,臺中市北屯區安順東八街40號地下室,15000000,1120726
7110,53629276,原生建築股份有限公司,臺中市西區忠誠里精誠五街30號,26000000,1120711
7111,53629281,歐周國際貿易股份有限公司,臺中市梧棲區大村里文心街170號1樓,1000000,1120712
7113,53633237,眞龍貿易有限公司,臺中市沙鹿區北勢里東晉八街5號1樓,500000,1120724
7117,53637682,丰偉環保科技股份有限公司,臺中市龍井區工業路246巷19號,118090000,1120710
7121,53643220,喬廣科技股份有限公司,臺中市大甲區日南里東二街11號,50000000,1120705
7122,53646198,食力國際開發股份有限公司,臺中市西區五權五街151號5樓之6,3000000,1120724
7131,53663626,香港商泰嵩國際亞洲有限公司,臺中市西屯區市政北二路238號19樓之5,3000000,1120725
7211,53760253,叄喜映畫股份有限公司,臺中市新社區東新路三段23號,2000000,1120717
7234,53787696,和芯飲食股份有限公司,臺中市西屯區臺灣大道四段1038號2樓,1500000,1120717
7238,53797174,和裕廣告企劃有限公司,臺中市西屯區何成里大隆路167號2樓,8000000,1120703
7239,53797786,星空王國有限公司,臺中市中區公園里自由路二段72號9樓之1,200000,1120728
7243,53807314,日昱盛實業股份有限公司,臺中市北屯區同榮里同榮路108之27號1樓,3000000,1120717
7245,53807975,動脈有限公司,臺中市大里區東湖里垂統街42號1樓,1000000,1120712
7246,53810036,品信建設有限公司,臺中市北區光大里太平路211號2樓,3000000,1120719
7248,53811295,綠意環保企業有限公司,臺中市北屯區忠平里敦化路一段521號7樓,3000000,1120711
7249,53813272,冠泰氣電工具股份有限公司,臺中市神岡區社南里社南街5巷62號,20000000,1120720
7250,53813553,東瓚機器興業股份有限公司,臺中市南區建國北路二段30號1樓,5000000,1120713
7257,53823052,爆料奶酪有限公司,臺中市大里區樹王里樹王路255號4樓之2,1000000,1120727
7259,53823551,凱勝綠能科技股份有限公司,臺中市西屯區臺灣大道3段658號10樓之2,587100000,1120724
7260,53824290,康成生醫科技股份有限公司,臺中市西屯區市政北二路282號13樓之7,7424000,1120710
7269,53830531,台灣伊原科技股份有限公司,臺中市南屯區大業里公益路二段51號7樓,10000000,1120706
7275,53838597,鋐极貿易有限公司,臺中市太平區永平南路40巷12號1樓,5000000,1120719
7280,53841615,大揚噴灌有限公司,臺中市南區德義里有恆街137之1號,1000000,1120710
7282,53846463,禾欣機電股份有限公司,臺中市南屯區精科八路28號,15000000,1120720
7284,53847174,上吉展有限公司,臺中市西區忠誠里忠明南路16號3樓之3,1000000,1120706
7292,53862195,權聖不動產經紀業有限公司,臺中市西屯區西墩里黎明路三段545號1樓,1000000,1120731
7293,53863125,基石國際供應股份有限公司,臺中市西區公民里柳川東路二段131號4樓,2927090,1120718
7295,53865340,瓦諾數位創意股份有限公司,臺中市南屯區南屯里五權西路二段666號十樓之3之2,21000000,1120707
7299,53867945,信凱營造有限公司,臺中市南區江川里美村路二段409號1樓,15000000,1120717
7300,53872052,玉美生技股份有限公司,臺中市南屯區工業區二十一路50號,200300000,1120703
7301,53877079,主璿新零售股份有限公司,臺中市南屯區三和里公益路二段615之1號14樓之8,14930000,1120713
7389,53964904,竑源汽車有限公司,臺中市豐原區水源路129巷12號1樓,400000,1120713
7393,53969014,鉅峯醫藥生技股份有限公司,臺中市北區青島路二段25之3號,20500000,1120707
7394,53970390,京越國際股份有限公司,臺中市南屯區大進街377號2樓,39800000,1120719
7395,53971102,承奕投資開發有限公司,臺中市西區昇平里中美街84號,3300000,1120727
7396,53972067,明視企業有限公司,臺中市西屯區漢成街70號,1000000,1120726
7398,53974614,凱博數位有限公司,臺中市北屯區平田里文心路四段955號11樓之2,1000000,1120717
7400,53975873,樺沅有限公司,臺中市西屯區何德里甘肅路一段27巷13號5樓,480000,1120704
7401,53979717,翔谷投資開發股份有限公司,臺中市西區臺灣大道二段285號4樓之2,308000000,1120711
7406,53986631,福星仁投資有限公司,臺中市西屯區協和里工業區五路6之1號2樓,18000000,1120725
7407,53988693,百鑫環保股份有限公司,臺中市西區大忠里忠明南路270號7樓之1,10000000,1120710
7412,53991557,臻鼎興業有限公司,臺中市西屯區青海路二段153號2樓,10000000,1120714
7415,53993112,蘊荷方興業股份有限公司,臺中市北區太原路二段197號1樓,120000000,1120706
7426,54004186,福豐營造股份有限公司,臺中市西區臺灣大道二段307號13樓之1,35000000,1120703
7429,54007894,佳康興業有限公司,臺中市太平區新吉里新平路三段217號1樓,5000000,1120703
7437,54016606,明智醫材科技股份有限公司,臺中市大甲區中山路一段945號,100000000,1120719
7451,54035863,赤壁雲端科技股份有限公司,臺中市西屯區市政路500號24樓之8,1000000,1120704
7454,54036856,招鑫投資股份有限公司,臺中市西屯區市政路500號23樓之8,6000000,1120720
7468,54050245,薇妮服飾有限公司,臺中市南屯區同心里文心路一段186號8樓之11,100000,1120712
7506,54090963,久碩投資股份有限公司,臺中市西屯區市政路500號13樓之7,25000000,1120726
7508,54091800,冠品投資股份有限公司,臺中市南區南和里工學北路71巷10號2樓之1,25000000,1120707
7514,54095622,佳宏資產管理有限公司,臺中市大里區永隆里爽文路728號1樓,2000000,1120714
7522,54100842,華府物業管理顧問有限公司,臺中市西屯區市政路500號3樓之3,200000,1120719
7523,54101814,欣閣室內裝修股份有限公司,臺中市南屯區新生里龍富路四段293號1樓,40000000,1120721
7524,54103186,經緯度企業股份有限公司,臺中市神岡區社口里中山路308巷1之2號,38830000,1120714
7532,54108197,鉅峰製模有限公司,臺中市神岡區神洲里光啓路103號,3400000,1120711
7535,54109528,彩耀興業有限公司,臺中市太平區新高里立功路250號,200000,1120707
7540,54115937,山田精密機械股份有限公司,臺中市大里區內元路87巷12號7樓,1000000,1120704
7544,54119357,美賓投資有限公司,臺中市潭子區東寶里雅豐街110巷38號1樓,28000000,1120727
7545,54119602,聖傑板模有限公司,臺中市太平區興隆里興隆路59號1樓,1000000,1120727
7548,54124534,奕定工程有限公司,臺中市清水區高美里護岸路1之6號,10000000,1120705
7552,54128567,御翔建設有限公司,臺中市東區東橋里大興街91號1樓,20000000,1120731
7553,54128665,捷瑞企業股份有限公司,臺中市太平區成功里中興東路148號10樓之8,3000000,1120718
7555,54130114,宇聯汽車冷凍設備企業有限公司,臺中市西區後龍里民權路219號2樓,5000000,1120705
7559,54134630,向富工程有限公司,臺中市太平區新興里新興路63巷11號1樓,500000,1120707
7562,54138397,檸檬超印企業有限公司,臺中市西區民龍里英才路510號底一層之2（B37櫃）,1020000,1120727
7585,54162396,台灣納美仕電子材料股份有限公司,臺中市西屯區文心路二段201號16樓之1,16000000,1120706
7632,54212305,昶緯工程有限公司,臺中市西區臺灣大道二段489號31樓,1000000,1120727
7637,54220327,敦煌廣告事業股份有限公司,臺中市西屯區何成里大墩十七街78號,2400000,1120712
7639,54221509,禾祥投資股份有限公司,臺中市西屯區潮洋里市政北二路236號19樓之6,411875000,1120720
7642,54223719,鑫富利食品有限公司,臺中市東區東門里振興路246巷63號,5000000,1120724
7645,54225532,永盈事業股份有限公司,臺中市南屯區益豐路四段699號,10000000,1120724
7648,54229220,銓輝科技有限公司,臺中市西屯區安林路10之13號,5000000,1120727
7649,54229869,中研工程設計有限公司,臺中市南區樹義里樹義五巷137弄10號1樓,1000000,1120705
7651,54231252,永醇誠股份有限公司,臺中市北屯區文心路四段448號,10000000,1120710
7652,54232127,國垣機械有限公司,臺中市龍井區龍津里中央路一段135巷35弄9號1樓,3200000,1120728
7659,54236720,曜比科技股份有限公司,臺中市南屯區大業里大聖街333號1樓,70070376,1120705
7668,54243546,崇侑企業有限公司,臺中市大里區國光里永興路112號1樓,10000000,1120725
7670,54246092,台秀機械工業股份有限公司,臺中市烏日區螺潭里慶光路112之53號,5000000,1120707
7671,54247780,皇順企業股份有限公司,臺中市大甲區庄美里興安路142之3號1樓,10000000,1120714
7673,54250551,弘乙企業有限公司,臺中市北屯區后庄北路161巷19號1樓,2000000,1120704
7674,54251019,亞洲威網數位科技有限公司,臺中市西屯區朝富路213號19樓之11,6137550,1120721
7677,54251799,喬可精機股份有限公司,臺中市西屯區經貿路二段388號,10000000,1120705
7678,54252039,豐盛機械有限公司,臺中市北區頂厝里崇德路一段629號15樓之2,10000000,1120720
7680,54253543,薄伽梵國際有限公司,臺中市南屯區大墩十一街312號2樓,1000000,1120724
7681,54253987,可豐堂藝廊有限公司,臺中市西屯區臺灣大道三段26號,1000000,1120711
7682,54258646,采潗國際股份有限公司,臺中市大雅區六寶里科雅路376巷2之8號,10000000,1120721
7685,54261311,承德特殊鋼股份有限公司,臺中市烏日區光明里五光路607巷56號,20000000,1120721
7686,54261558,方舟建築股份有限公司,臺中市西區五權西四街13巷13號1、2樓,42500000,1120720
7687,54263710,巨晟精密科技股份有限公司,臺中市大里區新里里23鄰新興路99巷22弄1-11號,21500000,1120711
7690,54269735,田庄地產開發股份有限公司,臺中市龍井區東海里藝術街21號,10000000,1120724
7705,54280274,源遠科技股份有限公司,臺中市北屯區松竹路二段86巷50號1樓,1000000,1120719
7725,54317477,善祐生技醫療器材股份有限公司,臺中市西區民龍里英才路530號9樓之5,21000000,1120703
7732,54320711,聚合發資產管理股份有限公司,臺中市烏日區溫泉路7-1號1樓,52000000,1120718
7817,54381863,薩摩亞商致勝有限公司,臺中市西屯區市政北七路186號19樓之6,5000000,1120720
7847,54513597,貝樂美有限公司,臺中市北屯區文心路四段464號7樓,10000000,1120712
7851,54521219,品緯科技照明有限公司,臺中市北屯區平陽里安順北二街21號1樓,2000000,1120713
7909,54581222,凱納股份有限公司,臺中市南屯區文山里精科北路25號,190060000,1120725
7910,54582329,全德祥生物科技股份有限公司,臺中市東勢區文化街188號1樓,50000000,1120726
7911,54583559,迪爾國際有限公司,臺中市西屯區福林里福科路561號2、3、4樓,7500000,1120720
7913,54585867,義達軒實業有限公司,臺中市潭子區福仁里大新路61號1樓,10000000,1120719
7914,54587056,得心國際有限公司,臺中市西屯區福安六街59巷6號,1000000,1120712
7915,54587128,上甲營造有限公司,臺中市大里區永隆里永明街160號1樓,14201200,1120706
7916,54587231,群益生醫股份有限公司,臺中市西屯區市政路402號8樓之2,10000000,1120713
7917,54587979,協源生技股份有限公司,臺中市北屯區昌平路一段318號2樓,3000000,1120719
7918,54589580,吉森生技股份有限公司,臺中市西屯區潮洋里朝馬二街5號1樓,15600000,1120713
7919,54590643,寬鴻休閒育樂開發有限公司,臺中市大里區中興路二段153巷17號5樓,1000000,1120727
7920,54591495,墨力國際股份有限公司,臺中市西屯區惠中路一段88號20樓之1,15814160,1120704
7921,54592939,邦城科技股份有限公司,臺中市大里區中興路一段2巷205弄58號1樓,15000000,1120712
7922,54595078,康寧醫療器材有限公司,臺中市南屯區文山里寶山三街22號3樓,400000,1120707
7923,54596034,盛揚電子科技有限公司,臺中市北屯區平順里安順東九街80號1樓,3000000,1120704
7924,54596739,瑞隆投資有限公司,臺中市大甲區岷山里金華路32之1號,18000000,1120724
7925,54597028,原相攝影有限公司,臺中市大里區大明里東興路41之1號1樓,3000000,1120720
7926,54600086,遠震機電股份有限公司,臺中市北屯區水湳里瀋陽北路13巷57號6樓,1500000,1120714
7927,54600277,振順開發有限公司,臺中市西區後龍里五權路105號,179800000,1120710
7928,54603767,端謙投資有限公司,臺中市西區五權西路一段237號8樓之1,29900000,1120703
7929,54604105,祥順環保有限公司,臺中市潭子區嘉豐路1巷2弄5號1樓,200000,1120706
7930,54604787,華全電股份有限公司,臺中市豐原區南田里水源路258巷15號3樓,275000000,1120726
7931,54606075,龍太極土地開發股份有限公司,臺中市西區忠誠里臺灣大道二段536號4樓之3,51500000,1120706
7932,54606672,明光環保綠能有限公司,臺中市太平區中山路三段25巷26弄19號,2000000,1120721
7933,54606856,錫安堂出版有限公司,臺中市大甲區新美里光明路185之1號2樓,3800000,1120721
7934,54607150,雄裕電氣工程股份有限公司,臺中市北屯區太和路一段176號1樓,20000000,1120727
7935,54608263,寶翔室內裝修工程有限公司,臺中市豐原區東陽里東陽路獅座巷8號,1000000,1120714
7936,54608854,志光教育科技股份有限公司,臺中市中區綠川里綠川東街32號3樓之3,152880000,1120721
7946,54624186,展宏營造有限公司,臺中市大里區立德里立中街25號1樓,22500000,1120720
7971,54651943,蕎麥櫻有限公司,臺中市西區英才路512號4樓,3000000,1120725
8078,54740087,立東國際建設股份有限公司,臺中市豐原區西勢里中山路273巷15號1樓,95140000,1120713
8079,54740349,旭辰工業有限公司,臺中市神岡區社南里中山路667巷37弄11號,5000000,1120725
8080,54740919,丰丹嚴選本舖股份有限公司,臺中市南屯區大業路277號1樓,14350000,1120726
8081,54741924,大里建設有限公司,臺中市大里區金城里中興路一段382巷69號1樓,200000,1120727
8082,54742780,方瀚股份有限公司,臺中市沙鹿區鎮南路二段520號,6200000,1120724
8083,54743423,王將投資有限公司,臺中市西區吉龍里五權七街125巷8號5樓,49000000,1120720
8084,54745999,美善有限公司,臺中市西屯區何厝東二街23號9樓之3,10000000,1120724
8085,54747223,外環參零玖餐廳有限公司,臺中市豐原區豐原大道一段309號,2000000,1120717
8086,54747770,大圜精密機械工業股份有限公司,臺中市潭子區大豐里大富路三段20之6號,22000000,1120711
8087,54749067,欣懋環保有限公司,臺中市沙鹿區公明里樂群新莊48號之2,2150000,1120711
8088,54749215,鉅鴻消防科技有限公司,臺中市梧棲區大庄里文昌路486巷2號1樓,6000000,1120721
8090,54749952,三久保有限公司,臺中市北屯區平順里柳楊西街92巷18號,1800000,1120704
8091,54750177,亦啓建設開發有限公司,臺中市大甲區順天里光明路146號1樓,20000000,1120726
8093,54751197,宏瑋醫材有限公司,臺中市烏日區南里里溪南路三段503巷116弄246號1樓,88000000,1120724
8094,54752689,品毅貿易有限公司,臺中市南屯區大業里大墩路716號8樓之5,500000,1120712
8095,54752983,有本股份有限公司,臺中市沙鹿區福成路255巷8之6號,216000000,1120726
8096,54753478,與你時尚國際有限公司,臺中市沙鹿區鹿寮里光榮街79號5樓之8,150000,1120719
8098,54753929,正誠股份有限公司,臺中市豐原區中正路176號3樓,20000000,1120712
8099,54757636,大沁科技行銷有限公司,臺中市西區民龍里臺灣大道二段307號6樓之1,1000000,1120713
8101,54768198,永續事業股份有限公司,臺中市南屯區公益路二段783號,80000000,1120724
8102,54768520,台灣費雪運動行銷有限公司,臺中市西區和龍里臺灣大道二段2號20樓之1,2000000,1120721
8125,54789763,上陽租賃有限公司,臺中市新社區興社街三段27巷29之17號1樓,5000000,1120707
8168,54823306,朗齊生物醫學股份有限公司,臺中市大雅區科雅路6號,273210352,1120704
8227,54881699,普拉斯旅行社有限公司,臺中市西區公益路367號7樓之1,6000000,1120712
8228,54882064,蓋瑞科技有限公司,臺中市西屯區何仁里寧夏路195之8號,5000000,1120705
8229,54882374,嵩發國際有限公司,臺中市大雅區六寶里中清路四段821號,80000000,1120720
8230,54886673,明緯醫療器材有限公司,臺中市北區青島西街35號5樓5,20000,1120711
8231,54887080,鹿鳴管理顧問有限公司,臺中市南區樹義里文心南路751號6樓之2,3000000,1120706
8232,54887103,合企有限公司,臺中市北屯區平和里遼陽一街100號1樓,300000,1120721
8233,54887808,協承集成股份有限公司,臺中市中區光復里成功路238之1之20號1樓,25000000,1120725
8234,54888573,伸展企業有限公司,臺中市大里區新仁里立仁路157巷1弄10號1樓,1700000,1120714
8235,54889192,數碼哈惟科技有限公司,臺中市大里區新里里新興路99巷2號1樓,2000000,1120727
8237,54890959,敦謙國際智能科技股份有限公司,臺中市西屯區臺灣大道二段689號7樓,332120562,1120720
8239,54891182,宥蒝有限公司,臺中市北屯區大連路二段231號9樓,300000,1120726
8240,54894343,慧日有限公司,臺中市龍井區東海里藝術街63號,13000000,1120710
8241,54894630,怡心工程有限公司,臺中市西屯區上德里上石路57巷5號1樓,1000000,1120728
8243,54896975,三作藏品有限公司,臺中市南區建國南路二段88號,3000000,1120704
8244,54896996,建利實業股份有限公司,臺中市大里區夏田里國中路十股巷166弄25號,25000000,1120718
8245,54897051,仩大有限公司,臺中市梧棲區草湳里建國北街259巷98號1樓,60000,1120719
8246,54897566,新光企業有限公司,臺中市西屯區何福里漢口路二段128號,100000,1120724
8247,54897995,長月燒肉有限公司,臺中市西區東興路三段234號1樓,1000000,1120718
8249,54898544,巨人啤酒釀造有限公司,臺中市豐原區翁子里豐東路569號1樓,1250000,1120713
8250,54899059,浩森科技工程有限公司,臺中市潭子區福仁里新興路一段53巷5號1樓,1000000,1120703
8251,54899348,威品企業有限公司,臺中市北區健行里忠明路424號5樓之1,150000,1120712
8252,54899500,紘立光電股份有限公司,臺中市南屯區寶山里工業區22路21號4樓,100000000,1120706
8254,54905427,金緣企業有限公司,臺中市龍井區田中里臨港東路一段1巷72號,600000,1120718
8255,54907369,安住物業有限公司,臺中市北屯區舊社里北屯路390號6樓之3,100000,1120704
8256,54907451,禾豆營造有限公司,臺中市南屯區永春東一路551號,5120000,1120713
8257,54908466,瑞九實業有限公司,臺中市豐原區中山里復興路2號地下一層,500000,1120718
8258,54909057,大垚工程有限公司,臺中市大里區現岱路19號,1000000,1120718
8259,54909227,昭俐儀器有限公司,臺中市西屯區何仁里甘肅路一段191號1樓,5000000,1120724
8260,54909774,金士曼投資股份有限公司,臺中市西屯區黎明路二段860巷28號2樓,19000000,1120711
8261,54916965,香港商易付科技網路有限公司,臺中市北屯區崇德路1段629號21樓之1,0,1120704
8288,54940347,星誠物流有限公司,臺中市大肚區大明二街24號1樓,25000000,1120720
8308,54958845,比利時商愛瑞國際技術驗證有限公司,臺中市西屯區府會園道179號3樓,588000,1120711
8338,54982459,芮鼎有限公司,臺中市北屯區大連路一段2號1樓,5200000,1120706
8369,55109709,窩在家有限公司,臺中市西區民龍里館前路55號2樓之2,6100000,1120720
8381,55621828,直興企業股份有限公司,臺中市大雅區六寶里中清路四段828號,6000000,1120703
8385,55639165,東三興工業有限公司,臺中市后里區后里里新興街29巷22號1樓,8000000,1120725
8395,55663875,協承電機股份有限公司,臺中市豐原區南村里愛國街346號,5500000,1120706
8399,55680425,瑞麟水電工程有限公司,臺中市龍井區龍津里中央路一段208號,12000000,1120720
8402,55685097,臺久企業股份有限公司,臺中市大安區海墘里東西六路二段193號,28000000,1120713
8403,55688778,秋金砂石股份有限公司,臺中市沙鹿區福興里鎮南路二段321號5樓,5000000,1120719
8408,55698059,大信通運事業有限公司,臺中市梧棲區草湳里建國西街40巷7號1樓,6000000,1120725
8410,55699780,瓈恩貿易有限公司,臺中市北區進化路575號11樓之1,300000,1120705
8411,55710666,合翊實業有限公司,臺中市沙鹿區興仁里興安路76號,1000000,1120705
8421,55738290,三晃股份有限公司,臺中市西區中興街229號5樓,1848840920,1120707
8422,55742386,興志工程股份有限公司,臺中市大里區東興路62巷8號,28000000,1120726
8427,55754185,伸興工業股份有限公司,臺中市太平區永成路78號,665356310,1120704
8429,55757866,璟勝塑膠有限公司,臺中市北屯區文心路三段447號22樓之2,1060000,1120706
8432,55762880,進拓鑄造股份有限公司,臺中市大肚區永和里溪洲路278號,40000000,1120726
8437,55768385,映聯應用材料股份有限公司,臺中市龍井區忠和里工業路209號,1490000,1120721
8439,55772439,劦陶宛藝文事業股份有限公司,臺中市新社區協成里興隆街21之1號,3198000,1120710
8446,55787616,台瑞電氣工業股份有限公司,臺中市東勢區東蘭路89之2號,40000000,1120721
8456,55822389,慧春鞋業有限公司,臺中市后里區后里里泉州路25之10號,13000000,1120710
8458,55835820,和勝強化塑膠企業股份有限公司,臺中市后里區三重三路2號,12000000,1120711
8459,55836291,瑞名企業有限公司,臺中市豐原區東陽里東陽路78號1樓,6000000,1120703
8476,55872697,大將作工業股份有限公司,臺中市北區淡溝里臺灣大道二段360號22樓之1,700000000,1120724
8482,55880535,宏泰開發工業股份有限公司,臺中市大里區樹王里文心南路1269號1樓,28000000,1120707
8485,55892618,至陽塑膠工業股份有限公司,臺中市南屯區精科一路6號,180000000,1120704
8492,55901476,中北塗料企業股份有限公司,臺中市豐原區角潭路二段25之1號,42000000,1120718
8493,55905938,仰光行企業股份有限公司,臺中市豐原區豐圳里圓環西路一八八號,8880000,1120714
8494,55916105,銓聯鑫有限公司,臺中市北屯區崇德路二段168號10樓之16,3000000,1120721
8503,55942764,久裕興業科技股份有限公司,臺中市大雅區西寶里昌平路四段462巷9號,600000000,1120703
8514,55960262,合賜企業股份有限公司,臺中市神岡區神洲路310號,29000000,1120704
8518,55975119,立勤鋼鐵股份有限公司,臺中市神岡區中山路1029號,200120850,1120718
8519,55977215,維珍股份有限公司,臺中市霧峰區吉峰里吉峰東路41之3號1樓,5000000,1120706
8520,55981554,墩豐機械工業股份有限公司,臺中市西屯區工業區六路12號,586798280,1120724
8523,55991201,力錩機械股份有限公司,臺中市豐原區鎌村路465巷34號,80000000,1120710
8526,56121907,味丹企業股份有限公司,臺中市沙鹿區興安路65號,3751000000,1120719
8530,56192402,福壽實業股份有限公司,臺中市沙鹿區沙田路45號,3220138870,1120710
8533,56255503,太原交通股份有限公司,臺中市梧棲區南簡里大智路一段698號1樓,34600000,1120712
8534,56291944,萬味軒食品工業股份有限公司,臺中市清水區北寧里中山路338號,28000000,1120725
8537,56301302,蓓興紡織股份有限公司,臺中市清水區國姓里三美路3之1號1樓,3000000,1120705
8551,56615319,大甲永和機械工業股份有限公司,臺中市大甲區日南里幼獅路69號,423250000,1120704
8552,56616372,雪花紙業股份有限公司,臺中市清水區清水里光明路15號,10000000,1120721
8555,56632339,瑞荃工業股份有限公司,臺中市大甲區福德里順帆路200號,1500000,1120711
8561,56651320,晨盟產業股份有限公司,臺中市清水區橋頭里高美路231巷13號,6060000,1120727
8563,56654500,今國光學工業股份有限公司,臺中市梧棲區向上路9段562巷91號,1742286310,1120712
8569,56669285,三瑋企業股份有限公司,臺中市清水區南社里南社路183號,10000000,1120713
8583,56698465,擴達國際股份有限公司,臺中市沙鹿區福興里鎮南路二段387號,6600000,1120726
8585,56700390,俊大塑膠有限公司,臺中市清水區下湳里菁埔路11號,13000000,1120703
8586,56701481,明峰交通股份有限公司,臺中市豐原區南田里富翁街226巷9號2樓,25000000,1120705
8588,56704086,聖豐木業股份有限公司,臺中市外埔區水美里二崁路566號,10000000,1120707
8589,56707268,久益營造有限公司,臺中市清水區橋頭里海濱路168之43號1樓,100000000,1120719
8594,56810853,喬茂精模工業股份有限公司,臺中市潭子區新田里豐興路二段418號,36000000,1120718
8605,57215142,德昌食品股份有限公司,臺中市大里區仁化路756號,161000000,1120710
8611,58002147,福鹿汽車貨運有限公司,臺中市梧棲區仁美街67巷40號,28000000,1120727
8620,58140205,晶品物業有限公司,臺中市東區長福東街58號,5000000,1120711
8632,58633117,彰鹿汽車貨運股份有限公司,臺中市梧棲區仁美街６７巷４０號２樓,20000000,1120718
8649,59028341,久藏投資有限公司,臺中市西屯區潮洋里朝富路213號15樓之3,23000000,1120727
8669,59122654,和祥生醫有限公司,臺中市西屯區至善里臺灣大道三段658號5樓之1,3000000,1120720
8693,59223885,寶鈊實業有限公司,臺中市東區信義街218巷15號,10000000,1120711
8717,59275911,龍如意國際商貿有限公司,臺中市沙鹿區東安街47號1樓,5000000,1120713
8746,59331147,揚翊海事工程有限公司,臺中市大里區東湖里中山路36巷7號9樓,2000000,1120712
8754,59354083,馥邦國際有限公司,臺中市北屯區平安里文心路四段692之1號5樓,5000000,1120706
8777,59748101,明昱企業有限公司,臺中市大里區東湖里長春路115巷9弄24之4號,200000,1120719
8778,59776078,八分飽滬江餐館有限公司,臺中市西區模範街9巷37號1樓,300000,1120712
8779,59885701,沅錠國際有限公司,臺中市南屯區田心里大墩四街321號地下1層,1000000,1120719
8780,60200495,亞拓搬家貨運有限公司,臺中市南屯區春社里春社西巷8號,15050000,1120713
8781,60200734,金鏵開發有限公司,臺中市豐原區北陽里中陽路537巷36號1樓,6000000,1120706
8782,60201446,狼谷娛樂股份有限公司,臺中市西屯區潮洋里市政北二路236號11樓之2,10000000,1120714
8784,60221098,品齊顧問有限公司,臺中市烏日區三和里三榮路一段352號,200000,1120726
8786,60225637,廣盛整合行銷有限公司,臺中市北區崇德路一段631號16樓之2,6500000,1120704
8787,60228085,明生國際有限公司,臺中市東區富仁里精武路217巷82號2樓之1,588000,1120731
8788,60229275,茂沅鞋材有限公司,臺中市西區藍興里三民路一段103號7樓之2,2900000,1120718
8789,60230580,中力北屯健身有限公司,臺中市北屯區松強里昌平東五路86號,1000000,1120717
8791,60239576,蒂秈實業有限公司,臺中市北屯區仁愛里四平路51巷7之2號三樓,200000,1120707
8792,60239750,保得順齒輪有限公司,臺中市大里區瑞城里美村街146巷63弄6號1樓,650000,1120731
8793,60240047,亞華原國際貿易有限公司,臺中市豐原區南陽路156巷14號1樓,200000,1120731
8794,60242663,和居家居股份有限公司,臺中市西屯區工業區十六路3之21號2樓之3,10000000,1120719
8796,60247196,昶騰開發建設有限公司,臺中市大甲區銅安里長壽路19之7號1樓,5000000,1120703
8798,60258165,瑞樂有限公司,臺中市南區和平里忠明南路760號20樓,5000000,1120713
8799,60259571,漢聯國際有限公司,臺中市潭子區中山路二段227號2樓,2000000,1120720
8800,60260633,鑫達空壓機有限公司,臺中市梧棲區南簡里中華路二段686巷70弄7號,1500000,1120707
8801,60265736,宏家管理顧問有限公司,臺中市南區和平里南平路33號4樓,70587700,1120710
8805,60274355,尚紘科技有限公司,臺中市大安區中庄里中山南路418號,1000000,1120726
8806,60275538,源展國際餐飲股份有限公司,臺中市南屯區公益路二段871號3樓,8000000,1120726
8807,60278042,台灣塔奇恩科技股份有限公司,臺中市西屯區大墩二十街118號2樓之2,44200000,1120705
8808,60278660,尚翃有限公司,臺中市神岡區神洲里光啟路93之1號,2700000,1120724
8810,60279957,福爾摩沙公寓大廈管理維護有限公司,臺中市南屯區大同里東興路二段186號2樓,10000000,1120711
8811,60280429,樂衍有限公司,臺中市南屯區干城街115巷4弄16號1樓,7300000,1120713
8812,60281433,吉樂健康資訊科技股份有限公司,臺中市沙鹿區埔子里正義路305號,64732500,1120724
8813,60283214,臺中捷運股份有限公司,臺中市北屯區舊社里5鄰松竹路1段1000號,3500000000,1120719
8814,60284966,阿里山客運股份有限公司,臺中市西屯區至善里臺灣大道三段658號10樓之2,73000000,1120714
8815,60285509,德祐國際貿易有限公司,臺中市南區西川里南屯路一段259號11樓之2,300000,1120728
8816,60288061,德儷生醫有限公司,臺中市沙鹿區臺灣大道七段432巷66弄28號4樓,12000000,1120725
8817,60291039,央貿投資股份有限公司,臺中市豐原區豐南街92巷246號1樓,20000000,1120718
8819,60294303,碩恩材料有限公司,臺中市北屯區廍子里環太東路462號2樓之8,500000,1120728
8821,60306552,橋策數位行銷有限公司,臺中市北屯區平安里天津路四段15巷10之1號,500000,1120712
8822,60310681,長鋐科技股份有限公司,臺中市后里區敦南里南村路341之3號,6880000,1120714
8823,60312800,愛唱久久音樂科技股份有限公司,臺中市南屯區文心里向上南路一段287號,110388800,1120724
8824,60321385,路得寶租賃股份有限公司,臺中市西屯區臺灣大道三段660號9樓之3,80000000,1120711
8825,60323638,金益聖生物科技股份有限公司,臺中市烏日區東園里溪南路一段506巷526弄196號,5000000,1120714
8827,60329871,思銳室內設計有限公司,臺中市龍井區藝術南街46號2樓,100000,1120731
8828,60331980,分享生活股份有限公司,臺中市北區瑞祥街16號1樓,3000000,1120724
8829,60350769,華立棠有限公司,臺中市北區中清路一段80號7樓之15,190000,1120712
8830,60350780,金帛有限公司,臺中市西區精誠五街14號2樓,5150000,1120718
8831,60382832,純真秀生技有限公司,臺中市北區梅川西路三段33號,5000000,1120727
8832,60384331,澄鈦動能科技股份有限公司,臺中市北屯區新平里中平路1151號4樓,21650000,1120721
8833,60385211,綠誼工程有限公司,臺中市北屯區水景里景賢路358號2樓,1000000,1120707
8834,60422519,白色牙材股份有限公司,臺中市西區忠誠里忠明南路7號,35000000,1120712
8835,60490121,達榕興業有限公司,臺中市沙鹿區興安里大同街35巷34號1樓,20000000,1120727
8836,60517727,亮惟科技有限公司,臺中市北區中清路一段89號3樓,1000000,1120725
8838,60580306,鴻禧環境清潔有限公司,臺中市中區民族路23號4樓之2,1000000,1120725
8839,60595906,諾雅客貿易有限公司,臺中市東區旱溪里進化路94號,1000000,1120713
8840,61038605,哲毅科技有限公司,臺中市南區南和里工學三街25號6樓之2,3000000,1120703
8841,61087513,珺翊股份有限公司,臺中市西屯區福和里臺灣大道四段847號11樓,5000000,1120711
8842,61123715,禾裕石業有限公司,臺中市西屯區何南里大墩二十街99號5樓,2000000,1120711
8843,61170815,未來國際事業有限公司,臺中市北區中清路一段100號12樓之1,6000000,1120728
8845,61331002,鈞灃工程有限公司,臺中市西屯區永安里西屯路三段宏恩一巷6弄20號1樓,500000,1120727
8846,61427506,鑫悅地產開發股份有限公司,臺中市南屯區大同里大墩五街13號1樓,10000000,1120717
8847,61446601,真誠食管理顧問股份有限公司,臺中市沙鹿區向上路七段28號,38000000,1120714
8849,61757273,鄺聯企業有限公司,臺中市北屯區忠平里敦化路一段551號4樓,5500000,1120704
8852,61778045,饕飽企業有限公司,臺中市大雅區橫山里中科路1150號,200000,1120727
8853,61800074,全盛醫療儀器有限公司,臺中市北屯區平福里崇德路二段250號15樓,3000000,1120724
8854,61807554,菳鋐國際有限公司,臺中市清水區南社里中華路101巷23號1樓,3000000,1120720
8856,61814921,微視野股份有限公司,臺中市西區民龍里英才路530號19樓之5,39400000,1120706
8858,61832717,巨鼎土木包工業有限公司,臺中市沙鹿區六路里平等十一街55巷3號1樓,1000000,1120721
8859,61833764,喜悅棧有限公司,臺中市大甲區新美里興安路31巷14號1樓,4000000,1120713
8860,61838640,豪泰國際有限公司,臺中市北屯區水景里景賢南二路52號1樓,5000000,1120719
8861,61838753,原億投資股份有限公司,臺中市梧棲區中華路一段578號4樓,27000000,1120703
8862,61842270,李老闆股份有限公司,臺中市南屯區益豐路三段377號,50000000,1120703
8863,61843502,立可昌有限公司,臺中市大里區大里里大里街7巷1號1樓,500000,1120705
8865,61855942,卓億興業有限公司,臺中市大雅區二和里雅潭路四段370巷13號4樓,102000000,1120714
8868,61866899,惠眾光電有限公司,臺中市西屯區何安里臺灣大道二段910號6樓之5,10000000,1120705
8869,61876860,灃洪有限公司,臺中市北屯區廍子里祥順一段431號10樓之5,200000,1120718
8870,61879796,青宸國際行銷有限公司,臺中市西區大忠里忠明南路270號3樓之5,1000000,1120717
8871,61879873,竣鑫衛浴有限公司,臺中市南屯區豐樂里萬安街115號1樓,1000000,1120727
8872,61883356,蒔暘國際有限公司,臺中市西屯區青海路二段61號1樓,5000000,1120721
8873,61884453,禾山林綠能股份有限公司,臺中市外埔區廍子路113號,455000000,1120717
8874,61901185,協揚石材有限公司,臺中市清水區中清路九段950巷13號1樓,1000000,1120713
8875,61901679,摩登好室有限公司,臺中市太平區宜欣里宜欣一路90號3樓,700000,1120711
8877,61913210,慕義不動產有限公司,臺中市西屯區何南里東興路三段392號1樓,3000000,1120719
8878,61914392,晶晶精品手藝有限公司,臺中市東區自由路三段37號2樓,580000,1120718
8879,61921302,鴻信顧問有限公司,臺中市西區忠明南路42號9樓,1000000,1120721
8880,61935278,星祺國際企業有限公司,臺中市豐原區東湳里三豐路二段272巷287號1樓,1000000,1120720
8881,61937368,悅辰有限公司,臺中市太平區新福里中山路四段208號,1000000,1120725
8882,61939400,閎翔國際貿易有限公司,臺中市豐原區西湳里葫蘆墩一街181號1樓,6000000,1120711
8883,61944157,有言實行有限公司,臺中市西屯區上安里至善路80號10樓之1,1680000,1120703
8884,61945825,華誠國際興業有限公司,臺中市北屯區軍福十三路88號1樓,3200000,1120726
8885,61945971,鈜薪管理顧問有限公司,臺中市南屯區大業路241號3樓之1,6000000,1120711
8886,61947648,福爾摩沙保全股份有限公司,臺中市南屯區向心南路 ９０６ 巷 ５３ 號 3 樓,40000000,1120714
8887,61948457,日安能源股份有限公司,臺中市北區錦祥里進化路575號6樓之3,15000000,1120724
8888,61949961,立德寰宇股份有限公司,臺中市西屯區天水東街35號5樓,66425870,1120710
8889,61952873,雅瑟聲學有限公司,臺中市清水區橋頭里華江北街108號1樓,3000000,1120704
8892,62060180,有量股份有限公司,臺中市大里區國光里大里二街29號1樓,5000000,1120728
8893,62102105,斯奈爾生技有限公司,臺中市烏日區仁德里興祥街20巷27號7樓之2,6000000,1120726
8895,62219203,台灣昭和電機有限公司,臺中市北屯區遼陽四街82號1樓,2500000,1120704
8897,62236940,旺昌國際有限公司,臺中市太平區新吉里新吉路56號7樓之1,5000000,1120713
8899,62540908,歐森力有限公司,臺中市大雅區橫山里永和路117之11號,4400000,1120705
8900,63001870,鴻燄綠能工程有限公司,臺中市后里區墩西里大圳路446號1樓,16000000,1120721
8901,63054904,八結國際股份有限公司,臺中市南區美村路二段19號1樓,22000000,1120711
8903,63218701,立元有限公司,臺中市西區民龍里英才路512號3樓,3900000,1120719
8904,63265680,台塑水化學科技股份有限公司,臺中市西屯區協和里工業區三六路8號1樓,13421060,1120703
8905,63273801,益盈營造股份有限公司,臺中市北屯區仁和里崇德十路二段320號1樓,3600000,1120710
8906,63305509,翔安家和股份有限公司,臺中市西屯區惠來里市政北七路186號24樓之2,48500000,1120705
8908,63400975,東洲檢測股份有限公司,臺中市豐原區豐勢路二段230號、232號,20000000,1120711
8909,63408505,量明有限公司,臺中市西屯區惠來里文心路三段13之7號,500000,1120726
8910,63728205,神林實業有限公司,臺中市潭子區大豐里崇德路五段251號1樓,10000000,1120717
8911,63740806,幸福市民投資有限公司,臺中市太平區樹德八街115號1樓,2500000,1120725
8912,63801541,卓健智慧生態股份有限公司,臺中市西屯區市政路386號24樓之6,6000000,1120705
8913,63906708,汘奕石材有限公司,臺中市大肚區王田里沙田路一段6巷11號,1000000,1120703
8915,64284502,靳益有限公司,臺中市北屯區平興里崇德二路一段157巷32號1樓,1000000,1120712
8916,64287108,隆深投資股份有限公司,臺中市北屯區仁和里崇德路三段1號,95000000,1120719
8948,64936259,坤聯旺營造股份有限公司,臺中市西屯區市政路402號18樓之5,90000000,1120706
8981,65669949,連昇科技有限公司,臺中市西屯區福林路552號11樓,5070000,1120707
9013,66426822,奧尼里奇股份有限公司,臺中市南屯區楓和路679號2樓,11617500,1120731
9052,66570945,名傑營造股份有限公司,臺中市北區館前路19號8樓之3,320000000,1120720
9280,69712927,元宇宙新藝術資產股份有限公司,臺中市西區自由路一段101號10樓之1,6000000,1120713
9347,70422405,畢象藝術股份有限公司,臺中市北區學士路255號12樓,29950000,1120724
9358,70442438,保健安股份有限公司,臺中市南屯區文心路一段306號9樓之2,292800000,1120717
9393,70486717,瑞圓營造有限公司,臺中市清水區中央路38巷75號1樓,8000000,1120713
9398,70491916,大益國際有限公司,臺中市北屯區瀋陽北路65巷18號1樓,2000000,1120717
9402,70495785,馬蓋先車體廠企業有限公司,臺中市太平區永豐路384號1樓,10000000,1120703
9403,70496171,太暐國際股份有限公司,臺中市南區德祥街55號,3000000,1120718
9411,70513427,壯特實業股份有限公司,臺中市烏日區北里里太明路158號,152100000,1120711
9413,70513854,韶陽科技股份有限公司,臺中市潭子區潭陽里潭興路二段36巷89號,411457520,1120714
9414,70514832,龍巧精密工業股份有限公司,臺中市烏日區光明里五光路961巷6號,10000000,1120724
9464,70598966,采威國際資訊股份有限公司,臺中市南屯區公益路二段51號24樓,200000000,1120717
9465,70600359,伍寬營造股份有限公司,臺中市梧棲區大同路339巷1號1樓,12000000,1120710
9468,70603911,雄科營造有限公司,臺中市北區頂厝里崇德路一段631號9樓之1,41000000,1120712
9473,70611139,匠浦企業股份有限公司,臺中市大肚區社腳里沙田路一段918巷19號,1500000,1120703
9480,70626771,凌嘉科技股份有限公司,臺中市西屯區林厝里科園一路16號,616460610,1120710
9482,70627189,永瑞投資股份有限公司,臺中市西屯區龍門二街31之1號1樓,27500000,1120724
9483,70627195,賜譽投資股份有限公司,臺中市西屯區龍門二街31號1樓,27500000,1120717
9484,70627266,元明交通有限公司,臺中市清水區港埠路三段211號15樓之5,25000000,1120727
9499,70655706,高臺營造有限公司,臺中市南屯區大墩十四街194號2樓,12000000,1120711
9519,70694237,玉龍科技有限公司,臺中市西區昇平里民生路549號1樓,1000000,1120714
9521,70696565,百花股份有限公司,臺中市清水區清水里光明路15號3樓,6000000,1120720
9522,70696642,益佳風管工程有限公司,臺中市大安區西安里東西八路二段50巷42號,3000000,1120704
9529,70701080,達彥營造有限公司,臺中市北屯區三光二街140號1樓,3600000,1120720
9531,70704018,伍蓪金屬工業有限公司,臺中市神岡區溪洲里溪洲路208號,6000000,1120721
9532,70704951,中銘公寓大廈管理維護股份有限公司,臺中市大里區益民路二段57巷49號1樓,10000000,1120719
9533,70705966,台鈞開發股份有限公司,臺中市南屯區文心南七路208號1樓,7000000,1120720
9550,70742527,名晨室內裝修設計有限公司,臺中市北區永興街340號5樓,6000000,1120705
9555,70748276,新鉅科技股份有限公司,臺中市后里區后科路一段269號,1841918480,1120707
9604,70806628,源興行銷股份有限公司,臺中市北區新北里雙十路一段121號1樓,100000000,1120714
9618,70833821,賀康儀器股份有限公司,臺中市西區民龍里臺灣大道二段181號6樓之21,10000000,1120707
9621,70835790,天福運通國際有限公司,臺中市潭子區中山路二段58號,7800000,1120724
9634,70848492,佳凌科技股份有限公司,臺中市潭子區建國路24號,1396900000,1120711
9635,70848654,伯特光電股份有限公司,臺中市潭子區潭秀里潭富路一段87巷35號,353480000,1120704
9636,70848710,理盛精密科技股份有限公司,臺中市梧棲區緯二路1號,200000000,1120713
9704,77938856,興中木業股份有限公司,臺中市西區五權西三街89號8樓,2500000,1120727
9725,79957914,慶裕有限公司,臺中市東區南京路117之7號1樓,9000000,1120713
9729,79961966,和敬工程股份有限公司,臺中市豐原區社皮里圓環西路23號3樓,10000000,1120728
9730,79963471,萬里空調科技股份有限公司,臺中市大雅區神林南路115巷22號1樓,10000000,1120727
9737,79975835,蘇黎視眼鏡有限公司,臺中市西區公益里向上北路206之3號,500000,1120724
9741,79986811,錠陞營造有限公司,臺中市北區賴旺里青島一街27號1樓,3600000,1120703
9744,79989198,圓華油品股份有限公司,臺中市烏日區溪埧里環中路八段860巷101號1樓,20000000,1120726
9749,79996634,御品園實業有限公司,臺中市潭子區中山路二段73巷199之8號,2000000,1120725
9751,79998865,碩鴻貿易股份有限公司,臺中市南屯區文山里精科一路3號2樓,36000000,1120712
9775,80038083,新隆貿易股份有限公司,臺中市大里區景庄街202巷58之7號,10000000,1120725
9776,80039941,誠石建設股份有限公司,臺中市北屯區崇德路三段1號,201000000,1120725
9786,80054597,三黎企業有限公司,臺中市大肚區社腳里沙田路一段918巷3號1樓,14000000,1120712
9802,80077888,惠昇建設股份有限公司,臺中市西區民龍里英才路530號11樓之2,781950000,1120714
9805,80081763,醫能生物科技股份有限公司,臺中市西區東興路三段128號2樓,44050000,1120706
9806,80085439,榮奕科技股份有限公司,臺中市烏日區太明路67巷12號1樓,3000000,1120704
9810,80095268,慧喬精密股份有限公司,臺中市潭子區新田里豐興路二段378號,9000000,1120720
9815,80119579,陸聯登工程有限公司,臺中市大里區仁化路1099號,1000000,1120712
9820,80138219,裕紳有限公司,臺中市太平區新興里樹德九街109巷26號1樓,3000000,1120705
9900,80231876,博科資訊股份有限公司,臺中市北屯區松勇里松明街68號1樓,10000000,1120719
9913,80251838,興威企業有限公司,臺中市霧峰區四德里峰堤路665號,5500000,1120731
9914,80254053,馨遠國際有限公司,臺中市北區賴村里五常街261巷13號,3500000,1120706
9960,80310225,華廣生技股份有限公司,臺中市南區大慶街二段100號,608021940,1120717
9966,80321644,展華軟體股份有限公司,臺中市南區復興北路32號,10000000,1120703
9968,80322783,采鉅國際開發有限公司,臺中市南區樹德里德吉街309之2號9樓之3,500000,1120714
10007,80401323,馬蓋先國際股份有限公司,臺中市北區臺灣大道一段652號4樓,500000,1120704
10009,80404102,上宇科技有限公司,臺中市霧峰區霧工二路6號,28000000,1120712
10020,80419800,蘿雅蒂詩國際開發股份有限公司,臺中市西區民龍里臺灣大道二段220號17樓,2340000,1120710
10037,80465233,天隆投資股份有限公司,臺中市南區美村路二段37號1樓,88000000,1120725
10038,80465803,鑫弘昇有限公司,臺中市神岡區社口里民權一街56巷43號1樓,2000000,1120710
10044,80476225,群國水電股份有限公司,臺中市北屯區松和里松安街249號1樓,7500000,1120714
10045,80476288,張永股份有限公司,臺中市后里區墩北里月湖路48巷1號,100000000,1120717
10094,80550483,羅翌科技股份有限公司,臺中市烏日區中山路一段21號,320229000,1120712
10095,80550940,豐穀建設開發股份有限公司,臺中市西屯區惠來里市政北七路186號19樓之1,60000000,1120724
10098,80552519,米樂國際事業股份有限公司,臺中市西屯區市政南一路128號,43600000,1120719
10109,80572894,立倢國際貿易有限公司,臺中市北屯區水景里景賢二路11號,500000,1120704
10114,80588805,元堤衡器企業有限公司,臺中市大里區內新里環中東路六段312號1樓,500000,1120707
10119,80594406,達太室內裝修設計有限公司,臺中市東區干城里公園東路150號14樓之5,1000000,1120719
10120,80594709,亞利森貿易股份有限公司,臺中市西屯區惠來里市政北五路270號10樓之3,114000000,1120724
10127,80609864,元慶國際貿易有限公司,臺中市北屯區崇德路二段128號18樓之1,37000000,1120721
10128,80611910,永晉旺業有限公司,臺中市大里區西榮里東明路147巷121號1樓,9000000,1120724
10132,80619785,新漾運動用品有限公司,臺中市霧峰區北柳里四德路255巷58號1樓,6000000,1120721
10133,80623177,精英開發有限公司,臺中市西區公民里五權路1之67號18樓之2,2000000,1120717
10135,80628362,寶駿實業有限公司,臺中市北屯區平田里旅順路２段３０４號１樓,4810000,1120713
10139,80637117,裕固工業有限公司,臺中市太平區中興里永義路61號,2000000,1120725
10147,80646002,三學建設有限公司,臺中市北區博館路88號4樓之2,10000000,1120705
10149,80646967,觀鑑報關有限公司,臺中市梧棲區草湳里建國北街276號1樓,7500000,1120705
10220,80708822,富宇國際開發股份有限公司,臺中市北屯區忠平里陳平路60巷23號1樓,5000000,1120717
10223,80711827,阿囉哈宴會設計有限公司,臺中市西屯區西安里逢甲路252號1樓,3000000,1120720
10228,80721085,中燦科技有限公司,臺中市西屯區四川一街39號1樓,3000000,1120713
10229,80722654,常廣股份有限公司,臺中市大甲區日南里工一路29號,320007680,1120717
10240,80749703,歐飛爾國際資產管理股份有限公司,臺中市西區金山路49-1號,3460000,1120711
10271,82763841,皇璽室內裝修有限公司,臺中市神岡區溪洲里溪洲路232號1樓,1000000,1120704
10272,82766018,禾芯全球股份有限公司,臺中市西屯區市政北二路282號21樓之9,10000000,1120706
10273,82766468,巨宇翔股份有限公司,臺中市西屯區惠中路一段88號21樓之2,130000000,1120717
10274,82766609,吉祥門金屬有限公司,臺中市大里區大德街56號1樓,3500000,1120731
10279,82769535,沛盟企業有限公司,臺中市豐原區西湳里5鄰葫蘆墩一街168號4樓,1000000,1120727
10280,82770408,鈦沺國際貿易有限公司,臺中市北區民權路583號1樓,1000000,1120712
10281,82771498,天華國際生技股份有限公司,臺中市北屯區平和里文心路四段141之3號,30000000,1120704
10282,82771976,洛博智動股份有限公司,臺中市西屯區臺灣大道二段689號7樓,1000000,1120720
10288,82775993,維律盛業股份有限公司,臺中市西屯區永安里國安一路67之5號11樓之1,3000000,1120719
10289,82776183,百思特國際有限公司,臺中市豐原區豐原里中正路34號,4000000,1120711
10290,82778730,沐穎設計有限公司,臺中市西區土庫里五權西六街96巷12號,1000000,1120712
10291,82778859,旗瀚生物科技有限公司,臺中市北屯區舊社里敦富一街200號11樓之2,500000,1120707
10296,82782642,九赫國際有限公司,臺中市豐原區南田里水源路192巷2號1樓,500000,1120717
10298,82783142,慕義地產有限公司,臺中市西屯區東興路三段392號2樓,4000000,1120721
10299,82783282,精宏投資股份有限公司,臺中市北屯區松茂里松明街127號1樓,20000000,1120721
10300,82783305,博懋投資股份有限公司,臺中市北屯區松茂里松明街127號一樓,20000000,1120724
10301,82784249,合敘企業有限公司,臺中市南屯區同心里文心路一段186號18樓之9,5300000,1120705
10305,82789440,森林特使綠能生技股份有限公司,臺中市梧棲區忠義路92巷38號,34616000,1120718
10306,82789595,威嘉地產開發有限公司,臺中市北屯區梅川東路五段472號1樓至3樓,1000000,1120705
10307,82789820,達新企業有限公司,臺中市豐原區豐田里田心路二段267巷1弄3號1樓,650000,1120727
10308,82790468,海珹股份有限公司,臺中市西屯區河南路二段262號5樓之9,130000000,1120714
10309,82790474,智耕創新股份有限公司,臺中市北屯區松竹路一段747號1樓,20000013,1120717
10310,82790848,晶典行銷股份有限公司,臺中市南屯區文心路一段521號5樓,20600000,1120704
10311,82791001,茗豐有限公司,臺中市南屯區春安里春安路128號3樓之3,5000000,1120721
10312,82791353,德古拉國際有限公司,臺中市北屯區廍子里友祥街67號1樓,1100000,1120714
10313,82792043,瑞鈦醫療器材股份有限公司,臺中市南屯區精科路9號4樓,170452300,1120705
10314,82792418,維昶有限公司,臺中市豐原區南陽里安康路25號,3000000,1120703
10315,82793177,港灣不動產有限公司,臺中市西屯區上石里青海路二段246之16號1樓,500000,1120707
10319,82794458,捷聖公寓大廈管理維護股份有限公司,臺中市西屯區何成里文心路二段562之1號3樓之1,10000000,1120718
10320,82794611,沅恩興業有限公司,臺中市北屯區平安里崇德路二段130號11樓,3000000,1120717
10321,82794801,奇萊科技股份有限公司,臺中市北屯區熱河路三段86號2樓,11500000,1120703
10341,82803772,先鋒環資科技股份有限公司,臺中市豐原區南村里豐東路362號2樓,28914280,1120725
10342,82803864,明日川有限公司,臺中市豐原區西湳里文賢街201號,5300000,1120713
10343,82804012,川億有限公司,臺中市北屯區太和東街51號2樓,1000000,1120710
10344,82804391,丫木傢俬室內裝修股份有限公司,臺中市西區利民里市府路39號3樓之2,500000,1120717
10346,82805005,伊美琦股份有限公司,臺中市西屯區智惠街152號1樓,5000000,1120719
10347,82805856,迅建企業有限公司,臺中市西屯區林厝里安林路77之12號1樓,2500000,1120717
10348,82806308,兆鵬有限公司,臺中市北屯區平德里河北路二段105號,1000000,1120706
10371,82819042,中菲投資有限公司,臺中市西區三民路一段127巷6號1樓,3000000,1120703
10372,82819325,承峰砂石實業股份有限公司,臺中市太平區坪林里中山路二段107巷2弄22號,10000000,1120717
10373,82820907,欣大江有限公司,臺中市豐原區西湳里豐原大道七段162巷309號1樓,2000000,1120719
10374,82821390,訊億國際有限公司,臺中市西區臺灣大道二段307號6樓之1,100000,1120717
10375,82821429,詮穎國際有限公司,臺中市西區民龍里臺灣大道二段307號6樓之1,100000,1120718
10379,82825754,佑駿實業有限公司,臺中市潭子區潭陽里福潭路550巷22弄7號1樓,1000000,1120718
10380,82827660,寰宇宏科技股份有限公司,臺中市西區臺灣大道二段375號12樓之1,19690130,1120705
10387,82831658,敦晟實業股份有限公司,臺中市沙鹿區六路六街18號1樓,3000000,1120706
10388,82831741,晨詮機電工程股份有限公司,臺中市西區自治街192號,50000000,1120720
10398,82839650,恆妍企業有限公司,臺中市北屯區軍功里軍功路二段135號,3000000,1120726
10400,82840349,六億投資有限公司,臺中市梧棲區草湳里梧南路11之2號1樓,400000000,1120712
10401,82840805,彰賢有限公司,臺中市外埔區大東里甲東路36巷16弄6號1樓,2500000,1120705
10402,82841425,牧昇有限公司,臺中市豐原區豐勢路二段332巷11號1樓,1000000,1120725
10403,82842120,劦鑫自動化科技有限公司,臺中市龍井區三德里中厝路16巷5號,1000000,1120714
10404,82842135,日楷企業有限公司,臺中市西屯區潮洋里市政北二路238號25樓之3,2000000,1120706
10405,82842212,林靚文藝有限公司,臺中市大里區健民里健民路23巷56號4樓之5,50000,1120706
10406,82842249,鄉村混凝土有限公司,臺中市神岡區庄後里中車路76之13號1樓,100000,1120727
10436,82857853,雲鼎國際實業有限公司,臺中市西屯區潮洋里市政北二路282號21樓之11,9000000,1120718
10437,82858229,丸男農產有限公司,臺中市和平區梨山里中正路78之3號,120000,1120705
10438,82860512,仲太實業有限公司,臺中市大里區新里里大里路232號1樓,1000000,1120724
10439,82861630,小西藏印度風味料理有限公司,臺中市西屯區逢福里慶和街2號,5000000,1120713
10440,82861667,廣福順工程有限公司,臺中市西屯區何源里內江街106號3樓,100000,1120703
10441,82861815,尋義股份有限公司,臺中市南屯區永春東七路598號2樓,15500000,1120704
10442,82861940,嘉威國際旅行社有限公司,臺中市北屯區松竹五路一段291巷1號1樓,6000000,1120703
10469,82873185,樸利有限公司,臺中市南屯區河南路四段350巷12號16樓之7,50000,1120717
10470,82873713,謝天國際企業有限公司,臺中市烏日區三和里高鐵六路7號2樓之1,100000,1120731
10471,82875108,峰躍國際有限公司,臺中市沙鹿區鹿峰里中山路618之5號2樓,1000000,1120725
10473,82875661,長慶節能科技股份有限公司,臺中市大雅區四德里中山十二路11號1樓,43000000,1120714
10481,82878317,旭康漁業管理顧問股份有限公司,臺中市北區臺灣大道二段360號5樓之1,18950000,1120706
10514,82892211,生活提案股份有限公司,臺中市烏日區烏日里大同九街79號,11000000,1120714
10515,82892747,浤洋國際企業有限公司,臺中市烏日區三和里高鐵六路7號2樓之1,3000000,1120728
10516,82893128,方圓建設有限公司,臺中市南屯區向心路109號10樓之6,10000000,1120710
10518,82893400,創實克機械科技股份有限公司,臺中市神岡區豐洲路372之1號,16670000,1120721
10519,82894528,惠川學苑國際有限公司,臺中市西區藍興里自由路一段19之5號2樓,7000000,1120705
10520,82895569,叡司室內裝修設計有限公司,臺中市西屯區惠來里文心路三段13之7號,2000000,1120712
10539,82904645,伯熱音悅娛樂有限公司,臺中市南屯區三義里大業路565號8樓之7,500000,1120703
10557,82913807,天健國際生醫股份有限公司,臺中市中區大墩里成功路248巷5號2樓,800000,1120713
10558,82913898,立天精品有限公司,臺中市烏日區三和里三榮一路31號,2000000,1120721
10559,82914094,品宸餐飲有限公司,臺中市西區忠明里中美街461號1樓,500000,1120713
10560,82914123,高群金屬實業有限公司,臺中市神岡區庄後里大圳路48之1號,200000,1120720
10561,82915538,立群國際企業有限公司,臺中市西屯區何安里臺灣大道二段910號9樓之3,1500000,1120727
10562,82915559,進益企業有限公司,臺中市外埔區水美里二崁路560號1樓,500000,1120712
10581,82929907,台茂新農業股份有限公司,臺中市大肚區王田里王福街1號,5700000,1120727
10582,82930453,共富佳康國際股份有限公司,臺中市北屯區和平里祥順路二段238號1樓,2000000,1120706
10583,82931474,乙佳有限公司,臺中市西區民龍里臺灣大道二段181號地下一層,100000,1120718
10584,82932065,大貝兒有限公司,臺中市西屯區上德里河南路二段429號,3500000,1120703
10646,82964642,睿聚科技股份有限公司,臺中市西屯區市政北一路1號2樓,12400000,1120728
10653,82969132,靖富股份有限公司,臺中市南屯區文心路一段306號4樓之1,90000000,1120714
10654,82969647,采緗工程有限公司,臺中市北區立人里陜西路108號15樓之2,200000,1120712
10677,82980328,佰宸工程有限公司,臺中市南屯區田心里惠德街98號3樓,1000000,1120726
10678,82980495,必信科技有限公司,臺中市北區頂厝里崇德路一段631號7樓之2,1000000,1120726
10679,82980571,貳淳餐飲有限公司,臺中市西區公正里向上南路一段160號2樓,200000,1120706
10680,82980967,哈士奇金屬有限公司,臺中市西屯區永安里西屯路三段166之99號21樓之1,6000000,1120717
10681,82981065,寵毛生活股份有限公司,臺中市西屯區朝富路213號19樓之9,1000000,1120724
10682,82981522,優電智能股份有限公司,臺中市西區臺灣大道二段285號31樓,3720000,1120713
10683,82981797,喬智生技有限公司,臺中市烏日區三和里三榮三路3號5樓之5,150000,1120728
10684,82982064,沂新科技有限公司,臺中市潭子區東寶里大豐路一段316號,1500000,1120710
10685,82982199,品鈞國際有限公司,臺中市北屯區同榮里同榮路303號6樓之2,2000000,1120724
10686,82982374,正海道開發有限公司,臺中市南區南和里工學北路115號17樓之5,10000000,1120727
10687,82982450,金厚甲有限公司,臺中市西區臺灣大道二段2號20樓之1,700000,1120728
10688,82982867,佛卡香氛有限公司,臺中市西區土庫里五權西六街166巷10號2樓之6,200000,1120728
10699,82986239,朝思沐享花藝設計有限公司,臺中市西屯區精明一街26號1樓,1000000,1120706
10700,82986287,鼎豐資訊有限公司,臺中市北屯區仁美里昌平五街331號1樓,3000000,1120724
10701,82986548,順寅國際有限公司,臺中市西區公民里五權路1之67號5樓,300000,1120724
10702,82986569,新思維教育有限公司,臺中市西區和龍里臺灣大道二段16號19樓之2,100000,1120724
10703,82986786,蠟手車業有限公司,臺中市南屯區三厝里五權西路二段900號,500000,1120728
10704,82986857,綠津生物科技有限公司,臺中市后里區安眉路82之167號,1000000,1120717
10705,82987764,勝將股份有限公司,臺中市北區錦平里三民路三段217號4樓之7,2800000,1120720
10736,83001526,凱翎車業股份有限公司,臺中市西屯區環中路三段988號,2000000,1120727
10737,83001906,尚奕冷凍空調有限公司,臺中市北屯區仁和里四平路387巷24號1樓,1000000,1120703
10738,83002399,堡晟不動產開發股份有限公司,臺中市中區綠川里綠川東街32號9樓之23,185000000,1120720
10739,83002449,袁屏國際實業有限公司,臺中市中區公園里成功路139號1樓,2000000,1120724
10740,83002671,友捷財務顧問有限公司,臺中市西屯區西屯路二段249之9巷1弄19號,150000,1120725
10764,83014016,超級恰恰有限公司,臺中市梧棲區大村里文心街81巷37號1樓,80000,1120731
10765,83014521,綠晶島嶼股份有限公司,臺中市西屯區市政北七路186號15樓之5,100000,1120726
10767,83015107,九晴有限公司,臺中市梧棲區臺灣大道8段548號3樓,14100000,1120718
10768,83015161,迅峰有限公司,臺中市梧棲區臺灣大道8段548號3樓,14100000,1120721
10769,83015280,泰羽控股有限公司,臺中市梧棲區臺灣大道八段548號3樓,25100000,1120719
10770,83015373,禾守棠有限公司,臺中市西區和龍里臺灣大道一段726號11樓之5,1600000,1120721
10771,83015541,逸山有限公司,臺中市梧棲區臺灣大道八段548號3樓,14100000,1120719
10772,83015681,杰意貿易有限公司,臺中市西屯區青海路二段153號9樓之1,500000,1120726
10773,83016513,翊升建設有限公司,臺中市西屯區何安里重慶路99號6樓之2,2500000,1120703
10774,83016561,羽暘科技有限公司,臺中市南屯區大同里向上南路一段167號3樓之2,100000,1120725
10786,83025724,百萬星空有限公司,臺中市大雅區員林里大林路333號,1000000,1120710
10788,83026478,皇冠創意整合股份有限公司,臺中市北區太原路二段66號5樓,100000,1120711
10789,83027173,開雲艸堂整合行銷有限公司,臺中市西區忠誠里忠明南路16號3樓之2,1000000,1120720
10790,83027552,中一目八有限公司,臺中市烏日區健行北路92號1樓,1500000,1120724
10846,83044362,頂越農業科技有限公司,臺中市西屯區潮洋里市政北二路282號21樓之10,33437500,1120706
10855,83047425,天一科技有限公司,臺中市烏日區榮泉里健行北一路96號1樓,1000000,1120718
10910,83069601,鴻圖工藝股份有限公司,臺中市北屯區平心里順旅路二段94號3樓,1000000,1120726
10913,83070614,睦禾四季股份有限公司,臺中市北屯區仁美里豐美街288號5樓之3,22835450,1120726
10936,83082180,幸福盈生技股份有限公司,臺中市西屯區至善里台灣大道三段658號16樓之1,5000000,1120720
10938,83082344,時光之秘國際有限公司,臺中市西區公正里向上路一段547號,300000,1120717
10939,83082386,大適整合設計有限公司,臺中市南屯區楓樹里楓樹巷10號6樓之1,500000,1120727
10940,83082554,新澄工程有限公司,臺中市豐原區豐勢路二段332巷11號1樓,500000,1120725
10947,83086377,幸福村股份有限公司,臺中市西區忠明南路303號8樓之1,10000000,1120703
10949,83086658,豪鑽科技有限公司,臺中市北屯區崇德六路一段80號1樓,1800000,1120719
10950,83087312,鼎豐研策股份有限公司,臺中市北屯區北屯路533巷68號1樓,1000000,1120714
10955,83091723,蒔音創設有限公司,臺中市北屯區平昌里文昌東十街37號1樓,1000000,1120717
10956,83092011,饗杯有限公司,臺中市中區中華里中華路一段94號1樓,10000,1120712
10960,83094469,瑪世國際有限公司,臺中市中區綠川里民族路23號3樓之1,3000000,1120713
11007,83120142,俠威酒業有限公司,臺中市烏日區三和里學田路8巷72號1樓,100000,1120726
11008,83121000,榞利營造股份有限公司,臺中市南屯區龍鎮二街318號1樓,12000000,1120720
11009,83121016,美泉有限公司,臺中市北屯區軍福十二路176號1樓,1000000,1120717
11015,83125358,上萌國際有限公司,臺中市大里區祥興里益民路二段433巷14號1樓,300000,1120724
11016,83125483,嘉茂國際實業有限公司,臺中市西屯區何安里臺灣大道二段910號12樓之2,600000,1120727
11017,83126048,紓心禪企業有限公司,臺中市北屯區松竹里崇德路二段516號1樓,500000,1120720
11026,83135118,洛水泱泱有限公司,臺中市北區文莊里中清路一段89號7樓之2,500000,1120718
11034,83141322,寶福資產管理有限公司,臺中市南屯區大業里大進街490號10樓之3,6000000,1120706
11035,83141511,八易能源科技股份有限公司,臺中市北屯區平福里崇德路二段256號19樓,5100000,1120714
11036,83142032,采呈投資股份有限公司,臺中市南屯區田心里大墩四街321號地下一層,200000000,1120719
11049,83149680,裕宸工程有限公司,臺中市潭子區家福里大通街188號12樓之3,2000000,1120712
11050,83149751,東揮投資股份有限公司,臺中市西區民龍里臺灣大道二段186號24樓之2,310000000,1120718
11051,83151931,一小口有限公司,臺中市西區中興街285巷7號,400000,1120704
11052,83152761,星泓電力股份有限公司,臺中市北區臺灣大道2段360號5樓之1,1370000000,1120704
11114,83180318,博鎧傢俱精品股份有限公司,臺中市北屯區松和里崇德二路一段222巷9號1樓,1300000,1120726
11115,83180555,融毓發資產管理有限公司,臺中市西屯區何安里文中路2號6樓之2,10000000,1120718
11117,83181576,銨東股份有限公司,臺中市太平區成功里成功路29巷22號,4000000,1120727
11124,83184497,睿緹絲生技有限公司,臺中市北屯區廍子里太祥東街15號3樓,3300000,1120721
11126,83184790,就是印有限公司,臺中市東區新庄里立德街65號1樓,500000,1120721
11127,83185284,堅佑興業有限公司,臺中市西屯區惠來里市政北七路186號5樓之2,1000000,1120713
11128,83186679,安蘭開發有限公司,臺中市太平區永平里中平路114號1樓,1000000,1120728
11169,83206751,她生活有限公司,臺中市大肚區中沙路164巷110之1號,3000000,1120725
11170,83207294,未來家股份有限公司,臺中市烏日區烏日里新興路136號2樓,3200000,1120724
11171,83208104,鐛瀚實業有限公司,臺中市西區廣民里樂群街23號1樓,250000,1120711
11172,83208195,瀚境設計工程有限公司,臺中市南屯區黎明路二段302號十樓之1,3000000,1120719
11207,83229234,信橙能源有限公司,臺中市南屯區黎明東街399號11樓之12,500000,1120725
11208,83229282,昇合開發有限公司,臺中市西屯區港尾里中平路1418號四樓,40000000,1120717
11214,83232505,正羲科技有限公司,臺中市潭子區合作街29號7樓,1000000,1120710
11236,83242905,台鑫理財行銷有限公司,臺中市北區立人里陝西路108號15樓之2,300000,1120717
11264,83265266,銨聖投資控股股份有限公司,臺中市西屯區潮洋里市政北二路238號22樓之1,10380000,1120713
11265,83266032,富繹國際實業有限公司,臺中市北屯區東光里東山路一段101號1樓,2000000,1120711
11273,83270107,冰角數位股份有限公司,臺中市南屯區永春東一路549號2樓之1,1000000,1120714
11279,83272506,傑利資訊網路有限公司,臺中市太平區永成里永成北路128巷33弄36號1樓,1550000,1120718
11284,83275709,盛元行銷股份有限公司,臺中市沙鹿區興安里興安路51號,1000000,1120721
11285,83276025,京叡顧問股份有限公司,臺中市北屯區水湳里文心路三段447號10樓之3,12000000,1120728
11286,83276192,貿裕股份有限公司,臺中市西屯區龍潭里龍德路二段158號,3000000,1120726
11287,83276361,飛騰國際開發有限公司,臺中市西屯區市政北七路186號11樓之2,2000000,1120719
11288,83276926,秝沂行銷有限公司,臺中市西區忠誠里忠明南路16號3樓之3,60000,1120711
11289,83276947,築樂建設有限公司,臺中市西屯區龍潭里龍德路二段396之5號2樓,23400000,1120717
11290,83277093,吉昇畜產有限公司,臺中市西屯區廣福里中科路1598巷2號1樓,1500000,1120706
11291,83277967,光舟有限公司,臺中市大肚區社腳里沙田路一段854巷22之3號1樓,1200000,1120711
11294,83280132,牧玥科技有限公司,臺中市南屯區春社里精科南路99號2樓之7,5400000,1120726
11324,83292377,勤朗股份有限公司,臺中市西屯區協和里工業區39路50號,5500000,1120721
11335,83299300,汎立申地產有限公司,臺中市大里區大元里爽文路2號1樓,1000000,1120704
11337,83299483,天明能源有限公司,臺中市西屯區市政路500號6樓之8,18000000,1120728
11338,83299688,賜達投資股份有限公司,臺中市西屯區龍門二街31號1樓,6010000,1120717
11340,83301381,瑞德建設有限公司,臺中市大里區日新里福大北路6之2號1樓,3000000,1120705
11354,83305942,群遠科技有限公司,臺中市北屯區文心路三段447號4樓,50000000,1120713
11361,83361697,東一開發實業股份有限公司,臺中市豐原區育英路100巷28弄1號,108600000,1120710
11362,83362197,和宸國際開發股份有限公司,臺中市東區復興路四段186號9樓,760000000,1120713
11364,83362529,國邑機械實業股份有限公司,臺中市南屯區惠中里文心路一段324號11樓之1,1000000,1120724
11373,83376087,永發泉股份有限公司,臺中市北區錦平里三民路三段217號13樓之1,10050000,1120707
11374,83376431,炘橙教育諮詢有限公司,臺中市北區進化路575號10樓之2,3000000,1120718
11375,83376729,宏恩管理顧問有限公司,臺中市南區南平路33號1樓,37822020,1120717
11388,83382721,溜丁食品股份有限公司,臺中市西區華美街366號,3267500,1120726
11395,83385396,菲曼立國際有限公司,臺中市西屯區西屯路三段52號,629800000,1120720
11396,83385585,豐秀資訊有限公司,臺中市大甲區岷山里中山路一段908巷9之5號1樓,1000000,1120719
11397,83385950,銓鐵科技有限公司,臺中市西屯區永安里安林路10之12號,1000000,1120724
11398,83387583,瑞司托克有限公司,臺中市北屯區文心路三段447號22樓之2,500000,1120710
11399,83387731,瑪眾國際貿易有限公司,臺中市神岡區中山路1438號4樓,1000000,1120712
11400,83388675,慕溏股份有限公司,臺中市西區臺灣大道二段573號5樓,11050000,1120706
11409,83395900,康才投資股份有限公司,臺中市豐原區成功路227號2樓,15000000,1120706
11410,83396345,大安能源有限公司,臺中市大里區文心南路1273巷222弄7號,200000,1120703
11411,83396794,筠騏投資股份有限公司,臺中市西屯區龍門二街31之1號1樓,12010000,1120721
11412,83396865,誠豪投資股份有限公司,臺中市西屯區龍門二街31-1號1樓,12010000,1120725
11413,83397251,賜霖投資股份有限公司,臺中市西屯區龍門二街31號1樓,10010000,1120717
11414,83397554,賜澤投資股份有限公司,臺中市西屯區龍門二街31號1樓,8010000,1120714
11418,83401115,大日頭二號股份有限公司,臺中市豐原區三民路173號2樓,50000,1120703
11419,83401136,大日頭一號股份有限公司,臺中市豐原區豐榮里三民路173號2樓,50000,1120704
11426,83405647,采虹精品汽車旅館事業有限公司,臺中市南屯區惠中里大觀路19巷20之27號3樓,10000000,1120707
11427,83405885,琳達網路行銷有限公司,臺中市北區文莊里中清路一段89號15樓之1,100000,1120724
11428,83406694,廣齊資訊科技有限公司,臺中市北屯區廍子里軍福七路49號,600000,1120710
11429,83408476,易陽運輸股份有限公司,臺中市潭子區東寶里大德一路60號1樓,25000000,1120712
11430,83408588,盈得寶投資股份有限公司,臺中市大雅區雅潭路四段492號,47785490,1120717
11447,83416715,廣鋐企業股份有限公司,臺中市梧棲區永安里向上路九段482號,12000000,1120705
11449,83418170,帝統建設有限公司,臺中市太平區新高里立智街90號3樓之2,25000000,1120705
11450,83419754,羽康生醫有限公司,臺中市西區公正里公益路367號9樓之2,1000000,1120727
11456,83424314,太淘氣科技有限公司,臺中市北區文莊里中清路一段25巷7號地下一層,1000000,1120707
11457,83424476,台中朝聖行旅管理顧問有限公司,臺中市北區錦祥里雙十路二段92號7、8、9、10、11樓,5000000,1120719
11458,83426755,乾暘綠電股份有限公司,臺中市北屯區仁友巷23號1樓,990000,1120706
11459,83427332,奧圖數位互動科技有限公司,臺中市西區美村路一段22號7樓之5,500000,1120726
11466,83432172,環台光電股份有限公司,臺中市大肚區沙田路一段320巷50號,355000000,1120711
11467,83432428,創邑行銷國際有限公司,臺中市西區五權西路一段237號4樓之1,1000000,1120717
11468,83433138,元創新綠能股份有限公司,臺中市西屯區朝富路213號4樓之7,5000000,1120717
11474,83441377,大度開發有限公司,臺中市南屯區新生里新富路308號三樓之7,6000000,1120711
11476,83443157,大樹整合行銷有限公司,臺中市西屯區永昌三街18號1樓,1500000,1120728
11494,83461339,強強滾工程有限公司,臺中市南屯區大業里公益路二段61號3樓之2,1400000,1120727
11495,83461443,弘業建設有限公司,臺中市豐原區田心里中山路89號6樓之2,1000000,1120718
11496,83462029,沐樂創意設計有限公司,臺中市西區大忠南街55號7樓之5,300000,1120712
11497,83462148,太蕪工程有限公司,臺中市烏日區烏日里五光路930巷37弄50號2樓,2300000,1120711
11498,83462344,博星有限公司,臺中市南屯區文心路一段186號18樓之6,6000000,1120719
11499,83462581,光勁科技有限公司,臺中市太平區中政里中興路53號2樓之3,5000000,1120727
11503,83464883,置富貿易有限公司,臺中市西屯區大墩二十街99號5樓,6000000,1120717
11506,83466290,盛博智廣告股份有限公司,臺中市北屯區松強里興安路二段443號1樓,1000000,1120710
11509,83468179,展伸精密股份有限公司,臺中市西區民生里自由路一段101號8樓之2,1010000,1120704
11510,83468234,龍翔貿易有限公司,臺中市北屯區忠平里敦化路一段575號16樓,1000000,1120724
11531,83477162,柏尼國際有限公司,臺中市北屯區水景里軍福十一路456號1樓,4490000,1120713
11546,83487295,育誠精密科技有限公司,臺中市霧峰區中正里振興西街17號8樓,2000000,1120727
11599,83508242,辛德里有限公司,臺中市西屯區大鵬里文心路三段241號21樓之2,550000,1120727
11601,83509684,正成事業有限公司,臺中市太平區宜佳里溪洲西路58巷23號1樓,1000000,1120710
11631,83527607,日月星興業國際有限公司,臺中市中區綠川里民族路23號3樓之1,1000000,1120711
11632,83527780,豐固建設有限公司,臺中市南區福興里和昌街181號1樓,5500000,1120727
11633,83528042,寬升科技股份有限公司,臺中市南屯區五權西路二段223號,4000000,1120725
11634,83528508,拉拉手西屯股份有限公司,臺中市西屯區安和西路55號,9732000,1120710
11650,83536508,展暘精密工具有限公司,臺中市南屯區文山里文山東巷12弄2號1樓,1200000,1120712
11651,83536556,源榮投資股份有限公司,臺中市南區美村路二段37號2樓,59000000,1120724
11652,83537099,詠緹有限公司,臺中市潭子區潭陽里興華一路332號、332之1號、332號2樓、332號2樓之1,550000,1120717
11653,83537443,大鑫永鉅不動產經紀有限公司,臺中市北區賴旺里中清路一段870、872號1樓,1000000,1120719
11654,83537534,富鈺國際投資股份有限公司,臺中市豐原區西湳里葫蘆墩一街181號1樓,58000000,1120710
11655,83537886,巴黎茶有限公司,臺中市西屯區重慶路141之3號,500000,1120712
11681,83552703,中懋耐火工程有限公司,臺中市南屯區中和里黎明路一段73巷84號1樓,28000000,1120719
11682,83552859,新溢投資股份有限公司,臺中市西區忠明南路270號11樓之1,3000000,1120703
11683,83553230,萬豐物流有限公司,臺中市潭子區栗林里祥和新莊東三巷10號1樓,500000,1120718
11684,83553750,得法聯聚股份有限公司,臺中市南屯區三和里黎明東街399號12樓之12,1000000,1120714
11685,83554174,卓越廣告有限公司,臺中市南區樹義里文心南路718號,1000000,1120727
11686,83554456,耀泰有限公司,臺中市大雅區西寶里昌平路四段438號,1000000,1120719
11697,83559190,鑫富旺不動產開發有限公司,臺中市潭子區家興里中山路一段5之8號1樓,200000,1120731
11698,83559261,右綋有限公司,臺中市南屯區惠中里大墩十一街315號1樓,10000000,1120720
11699,83560099,婕欣有限公司,臺中市西屯區上德里弘孝路67之1號11樓,250000,1120728
11700,83560226,貳輪嶼股份有限公司,臺中市北區梅亭街54號,5000000,1120705
11707,83564953,廣福誠有限公司,臺中市西屯區何源里內江街106號2樓,100000,1120705
11708,83565221,芯寶有限公司,臺中市大雅區二和里雅潭路四段661巷38號12樓之1,3000000,1120704
11709,83565496,炘聯股份有限公司,臺中市西屯區協和里工業區三十六路32號2樓,40000000,1120711
11717,83570913,鉅恒國際股份有限公司,臺中市北屯區松義街51巷22號1樓,1500000,1120717
11718,83571336,台灣科樂克國際貿易股份有限公司,臺中市北屯區水湳里瀋陽北路28號1樓,2000000,1120721
11726,83575889,磐鉅工程顧問股份有限公司,臺中市西屯區何南里大隆路56號11樓,1000000,1120703
11727,83576352,蒙恩聽障烘焙坊股份有限公司,臺中市北屯區三光里北屯路210之1號地下1層,28000000,1120705
11729,83577789,兆緯實業有限公司,臺中市大雅區三和里仁和路75號2樓,1000000,1120704
11741,83582734,昊御室內裝修有限公司,臺中市潭子區家福里頭張路一段117巷17弄28號,1000000,1120725
11746,83585296,南南共創股份有限公司,臺中市西屯區臺灣大道四段1270號6樓之7,1500000,1120711
11747,83585401,齊霖土地開發建設有限公司,臺中市北區崇德里進化北路179號1樓,1500000,1120706
11748,83585520,質森室內裝修設計有限公司,臺中市西區忠誠里臺灣大道二段489號31樓,1000000,1120726
11749,83586400,靚盈健康事業有限公司,臺中市北屯區敦化路一段580巷1號,1500000,1120728
11757,83589693,中鎮醫療產品科技股份有限公司,臺中市南屯區精科中路63號5樓,54000000,1120725
11758,83589835,紳曜國際有限公司,臺中市太平區振福路356號1樓,500000,1120712
11759,83589981,元睿建設有限公司,臺中市潭子區大通街188號12樓之3,4800000,1120710
11760,83590426,偉寓股份有限公司,臺中市大甲區文武路10之26號,1000000,1120711
11761,83590474,儀恩資訊股份有限公司,臺中市西屯區臺灣大道四段925號13樓之1,3075980,1120728
11770,83595739,沐木空間設計股份有限公司,臺中市西屯區何成里大洲街68號,1000000,1120718
11771,83596054,豐恩實業有限公司,臺中市沙鹿區臺灣大道六段926巷7弄40號2樓,28169000,1120728
11774,83597645,典亮旅行社股份有限公司,臺中市西屯區工業區一路90號2樓,6000000,1120712
11780,83599215,銳思餐旅管理顧問有限公司,臺中市西屯區何仁里洛陽路122號1樓,1000000,1120707
11781,83600141,台灣農創興業股份有限公司,臺中市霧峰區中正里四德路10號,100000000,1120718
11783,83600629,泉盈建設股份有限公司,臺中市西屯區潮洋里朝馬二街5號2樓,62000000,1120718
11784,83602128,全熹能源股份有限公司,臺中市大雅區六寶里中清路四段773巷52號1樓,5000000,1120707
11809,83619417,博豪司住宅有限公司,臺中市南屯區惠中里文心路一段378號11樓之6,2600000,1120712
11810,83621053,夕暮股份有限公司,臺中市西屯區何南里大墩二十街118號5樓之1,1015000,1120720
11821,83634971,英屬開曼群島商佐登妮絲集團股份有限公司,臺中市北區中清路1段812號6樓,20000000,1120711
11834,83646673,曼綸室內裝修設計有限公司,臺中市西屯區上石里上石路171號3樓之7,5000000,1120704
11835,83647912,一秀日料股份有限公司,臺中市南屯區大業里公益路二段20號2樓,2000000,1120706
11836,83648742,青農股份有限公司,臺中市南屯區工業區二十一路18號,21000000,1120713
11837,83648757,經家味股份有限公司,臺中市北屯區軍功里東山路一段241巷2弄29號2樓,9450000,1120706
11859,83677751,基誠有限公司,臺中市龍井區臺灣大道五段3巷62弄23號2樓,5000000,1120720
11860,83677817,遊天下股份有限公司,臺中市北區頂厝里永興街338號11樓,12000000,1120710
11861,83678273,君邸工程有限公司,臺中市大里區立仁里甲堤十二街3號2樓,3000000,1120703
11862,83680881,盛威人力顧問有限公司,臺中市西屯區惠來里市政北七路186號12樓之9,1000000,1120711
11863,83681777,趨勢國際健康管理顧問股份有限公司,臺中市西區公德里忠明南路138號3樓之1,1000000,1120713
11871,83684818,台灣眾樹有限公司,臺中市南區樹德里復興北路433號1樓,3000000,1120707
11882,83690733,鑫川營造股份有限公司,臺中市西屯區經貿八路3號1樓,3600000,1120724
11883,83691022,真甘心健康事業有限公司,臺中市豐原區豐勢路二段372號,42000000,1120706
11884,83691347,愛自己均益股份有限公司,臺中市潭子區福仁里圓通南路159巷27之1號1樓,24000000,1120711
11937,83717199,新宸金屬有限公司,臺中市烏日區烏日里新興路41號1樓,1000000,1120718
11938,83717402,機智雲股份有限公司,臺中市西屯區朝富路213號22樓之10,2500000,1120706
11940,83718177,時代社群行銷有限公司,臺中市西屯區文心路三段241號11樓之5,2500000,1120705
11941,83718280,珍寶藏有限公司,臺中市西區和龍里臺灣大道二段2號20樓之1,6000000,1120704
11942,83719485,磐軒股份有限公司,臺中市西屯區港尾里中清路三段97號,90000000,1120710
11946,83721497,永續企業股份有限公司,臺中市西屯區臺灣大道二段633號8樓之1,5000000,1120726
11987,83752168,歐詩蔓生技有限公司,臺中市南屯區同心里南屯路二段290號12樓之2,1000000,1120713
11988,83752266,仁合才聚管理顧問有限公司,臺中市豐原區南村里南村路19號2樓,2200000,1120717
11989,83752435,仲高醫材股份有限公司,臺中市北區雙十路二段101號4樓之1,15000000,1120710
11991,83752934,現代事業有限公司,臺中市南屯區三義里大業路578號,1000000,1120728
11992,83753639,鴻維有限公司,臺中市西區忠誠里忠明南路40號9樓,1000000,1120724
11993,83753672,森育精密有限公司,臺中市東區十甲東路406巷60弄6號1樓,2000000,1120720
12006,83760097,立佳德貿易有限公司,臺中市西區民龍里臺灣大道二段186號24樓之2,2000000,1120704
12067,83794717,茂勝景觀有限公司,臺中市東區自由路四段98號1樓,5000000,1120721
12083,83904209,可緻生活舘有限公司,臺中市西區東昇里柳川東路二段101號3樓,6000000,1120728
12093,84023816,瑽瑢智產股份有限公司,臺中市西區民龍里英才路530號22樓之2,4900000,1120725
12094,84023920,維鋮科技有限公司,臺中市西屯區福安里安和路168號9樓之5,300000,1120711
12095,84070937,正億企管顧問股份有限公司,臺中市西區公正里大同街265巷9號,16800000,1120726
12096,84072512,寬立堡營造股份有限公司,臺中市南屯區五權西路二段666號9樓之4,42000000,1120720
12097,84074265,新茂營造股份有限公司,臺中市西屯區何仁里文心路3段296號地下室,35000000,1120705
12101,84078656,牛群研磨材有限公司,臺中市霧峰區草湖路135巷51號,5000000,1120713
12132,84175741,潔達有限公司,臺中市南區樹義路39巷1號1樓,15000000,1120706
12134,84179681,巨合營造股份有限公司,臺中市北屯區崇德九路499號1樓,60000000,1120720
12138,84187486,觭龍貿易有限公司,臺中市東區十全街32號1樓,5000000,1120725
12142,84195958,興佳貿易有限公司,臺中市大雅區三和里建興路138號1樓,5000000,1120724
12143,84195985,榮技工程顧問有限公司,臺中市西屯區惠來里市政北七路186號11樓之8,3000000,1120710
12146,84200523,利電電機科技股份有限公司,臺中市潭子區栗林里中山路三段493巷23弄5號,14500000,1120703
12147,84206322,煒翰實業有限公司,臺中市北屯區三光里三光一街46巷8號2樓,60000000,1120719
12148,84214879,總太建設開發股份有限公司,臺中市北區淡溝里育德路190號,900000000,1120721
12151,84218474,首俋電腦資訊有限公司,臺中市東區忠孝路296號1樓,1000000,1120706
12152,84220801,信華紙器有限公司,臺中市大里區西湖里大峰路473巷53之1號,500000,1120725
12157,84251819,錠發交通股份有限公司,臺中市大里區東湖里仁化路1125號3樓,25000000,1120728
12199,84357974,文元營造有限公司,臺中市北屯區昌平路一段400號10樓之1,60000000,1120706
12205,84367760,德城有限公司,臺中市后里區墩東里福德路155號,600000,1120714
12209,84388054,信得華有限公司,臺中市大里區光榮街93號1樓,1000000,1120726
12210,84388646,銓旺工具股份有限公司,臺中市霧峰區民生路198巷23弄3號,20000000,1120710
12213,84396553,亞信創作科技有限公司,臺中市北屯區東光里北屯路290巷9號16樓,1000000,1120707
12217,84415290,坤興營造股份有限公司,臺中市西屯區惠來里文心路二段201號15樓之6,100000000,1120725
12222,84426613,金富山精密工業有限公司,臺中市潭子區東寶里大豐路二段114之2號,3000000,1120703
12223,84427161,興冠全機械股份有限公司,臺中市外埔區水美里二崁路568巷9號,5880000,1120721
12225,84429148,方圓營造股份有限公司,臺中市北區中正里中山路429巷2號1樓,30000000,1120720
12226,84430953,金緻企業有限公司,臺中市南屯區楓和路681號13樓,7800000,1120703
12227,84431952,至信實業股份有限公司,臺中市潭子區大豐里大豐路三段250之2號,28500000,1120707
12229,84433754,愛烙達股份有限公司,臺中市西屯區協和里工業區32路68號,80984370,1120712
12230,84439883,宗盈坊室內裝修工程有限公司,臺中市龍井區東海里東海街72巷13弄83號,2780000,1120724
12233,84442769,大買家股份有限公司,臺中市西區大隆路20號14樓之8,1700000000,1120714
12259,84518155,穩吉營造股份有限公司,臺中市西區忠誠里大隆路20號6樓之5,59200000,1120713
12265,84526958,久育營造股份有限公司,臺中市神岡區社口里社口街499巷22號1樓,120000000,1120724
12269,84534253,中友加油站股份有限公司,臺中市南區復興北路771號1樓,10000000,1120720
12272,84546173,民碩有限公司,臺中市豐原區社皮里中正路685巷2弄16號,2000000,1120713
12273,84549143,峰群工程有限公司,臺中市大里區東里路47號,5000000,1120720
12275,84551668,沐蘭國際股份有限公司,臺中市西屯區何厝東二街23號2樓之5,50000000,1120705
12285,84572925,帛億興業股份有限公司,臺中市大雅區員林里神林路1段178號,5000000,1120711
12288,84578462,向營股份有限公司,臺中市后里區仁和路18號2樓,25000000,1120710
12292,84597904,生發化學生技股份有限公司,臺中市霧峰區北柳里霧工三路11號,100000000,1120724
12296,84605496,順峯股份有限公司,臺中市西屯區何成里大祥街10號2樓,6000000,1120727
12304,84624796,寶翰股份有限公司,臺中市大甲區日南里東二街12號,5000000,1120728
12306,84627891,貫勝企業股份有限公司,臺中市西屯區漢翔路518號2樓,12000000,1120705
12308,84632402,盛亞建設股份有限公司,臺中市西屯區潮洋里市政北二路236號19樓之2,470000000,1120720
12315,84643359,合鑫金屬熱處理有限公司,臺中市太平區東平路471巷9號1樓,2000000,1120710
12319,84659350,功傑行股份有限公司,臺中市北屯區文昌東六街11號1樓,1000000,1120719
12323,84665085,庭得益工程股份有限公司,臺中市西屯區臺灣大道四段786巷40號,3000000,1120703
12325,84669483,總督營造股份有限公司,臺中市南屯區大誠里五權西路二段131號9樓之3,25000000,1120707
12326,84671283,世廣生物科技股份有限公司,臺中市西屯區龍潭里龍洋巷29之10號,146000000,1120726
12327,84671811,合裕工業股份有限公司,臺中市太平區東平路741巷7號1樓,5000000,1120710
12332,84684029,義豐科技股份有限公司,臺中市北屯區和平里和祥街147巷6號,10000000,1120728
12334,84687150,友力機電工程股份有限公司,臺中市南區和平里忠明南路758號22樓,105000000,1120711
12335,84691210,亘春企業有限公司,臺中市北區健行里忠太西路47巷5號1樓,6000000,1120727
12384,84823417,緯聖鞋業有限公司,臺中市神岡區社口里中山路416之6號,5000000,1120728
12386,84828460,陽泰塑膠工業股份有限公司,臺中市大雅區員林里神林路一段123巷17號,1000000,1120714
12387,84845947,弘力數位股份有限公司,臺中市西區民龍里日進街110號6樓之12,10000000,1120726
12392,84868048,史丹福企管顧問股份有限公司,臺中市北區太原北路130號9樓之2,500000,1120710
12399,84888781,汎錏營造股份有限公司,臺中市西屯區西屯路二段256巷6號11樓之6,70000000,1120724
12433,84965148,九壽實業股份有限公司,臺中市梧棲區自立二街123號,139277600,1120710
12434,84967498,村峯工程有限公司,臺中市龍井區田中里龍北路391巷62弄5號,3000000,1120724
12436,84980181,展固營造工程股份有限公司,臺中市西屯區福雅里臺灣大道四段786巷40號,15000000,1120707
12444,84991125,鍀發交通有限公司,臺中市大里區東湖里仁化路1125號1樓,25000000,1120714
12445,84995071,大丸精機股份有限公司,臺中市大里區瑞城里塗城路256號,29000000,1120710
12447,85000473,山鴻工程股份有限公司,臺中市西屯區大墩二十街118號5樓之1,500000,1120714
12465,85008539,旭謙國際有限公司,臺中市西屯區潮洋里臺灣大道三段789號7樓之2,2500000,1120711
12484,85020105,宏全盛廣告銷售股份有限公司,臺中市北屯區崇德路二段22號24樓,5000000,1120705
12491,85025571,環球國際菸草有限公司,臺中市西區公平里大業路2號10樓之1,500000,1120714
12492,85025777,華育樂活股份有限公司,臺中市北屯區中清路二段552巷55號1樓,1000000,1120718
12510,85038323,文越有限公司,臺中市南屯區大業里公益路2段61號3樓之2,500000,1120713
12527,85048785,德俋營造有限公司,臺中市西區大全街98之3號2樓,14000000,1120727
12528,85048954,里洋企業有限公司,臺中市太平區太平十九街8巷11號,1500000,1120713
12535,85053421,力臻興業有限公司,臺中市沙鹿區六路里平等路152巷25號1樓、2樓,2800000,1120706
12536,85054435,鴻海開發有限公司,臺中市南屯區文心路一段186號19樓之8,300000,1120712
12537,85054569,維京全球實業有限公司,臺中市大甲區新美里光明路199號1樓,5000000,1120718
12547,85057329,瘋牛有限公司,臺中市烏日區健行北路92號二樓,300000,1120725
12550,85058988,陞霖地產股份有限公司,臺中市西屯區惠中路一段88號19樓之1,100000000,1120714
12551,85059017,北原礦業股份有限公司,臺中市北屯區舊社里北屯路453之5號,8500000,1120727
12552,85059086,沛涵有限公司,臺中市大甲區日南里工二路4之118號,3000000,1120711
12553,85060099,吐司男開發股份有限公司,臺中市南屯區溝墘里大墩路717之5號,13000000,1120728
12577,85081355,陸遠企業股份有限公司,臺中市北區華富街3號1樓,1000000,1120707
12578,85081897,玖燁開發有限公司,臺中市北區錦平里中華路二段179號2樓,12000000,1120713
12582,85086942,勝億營造有限公司,臺中市豐原區南村里南村路19號1樓,12000000,1120703
12610,85101155,泉耀國際有限公司,臺中市西區英才路530號23樓之5,1010000,1120717
12611,85101373,愛家適有限公司,臺中市北屯區后庄里后庄北路242號,500000,1120710
12616,85108306,碁豐國際有限公司,臺中市西屯區大墩二十街99號5樓,500000,1120707
12617,85108657,天后闆妹有限公司,臺中市北區新北里一中街162之31號1樓,10000000,1120726
12618,85109852,超優國際語言學苑股份有限公司,臺中市南屯區東興西街９號9樓之２５,7200000,1120704
12623,85112097,佳昌投資股份有限公司,臺中市西屯區環河路156之1號1樓,1000000,1120714
12634,85117488,圓啟室內裝修設計有限公司,臺中市南區美村南路105之3號2樓,1500000,1120725
12635,85118070,鮮味珍實業有限公司,臺中市太平區中興里太平路688號1樓,5000000,1120705
12636,85118629,大毅生活事業股份有限公司,臺中市北屯區仁和里崇德路三段1號,5000000,1120727
12648,85122644,珕泰股份有限公司,臺中市東區東門里東光園路100巷48號1樓,3000000,1120703
12691,86013200,捷勝股份有限公司,臺中市清水區南社里鰲峰路161巷50之17號,5000000,1120703
12710,86072087,立洲電機工程有限公司,臺中市大里區工業九路1號,80000000,1120712
12711,86074493,全重股份有限公司,臺中市東區旱溪里自由路四段121巷9號1樓,5000000,1120706
12719,86112948,宏家機械工業股份有限公司,臺中市霧峰區南柳里新厝路261巷10弄19號,10000000,1120706
12726,86121741,中賓停車場股份有限公司,臺中市北區三民路三段167之1號地下二樓,180000000,1120710
12729,86124493,元勝國際實業股份有限公司,臺中市南屯區環中路四段2號2樓,381631330,1120725
12745,86189397,可台有限公司,臺中市西屯區福中里福中十一街10巷6號,12000000,1120704
12748,86190633,益根貿易有限公司,臺中市南屯區大昌街四六五巷八號,5000000,1120725
12759,86244265,精元電腦股份有限公司,臺中市大雅區大楓里昌平路4段475號,1952510510,1120705
12761,86249846,皇冠特殊印刷廠股份有限公司,臺中市太平區中興里永義路58號,160000000,1120725
12763,86268189,東虹實業股份有限公司,臺中市東區樂成里建成路495號,80000000,1120726
12765,86271516,高立興業有限公司,臺中市南屯區溝乾里大光街261號2樓,5000000,1120718
12776,86308128,全隆營造股份有限公司,臺中市太平區太順路563號1樓,80000000,1120726
12777,86315090,國鑫公寓大廈管理維護股份有限公司,臺中市西屯區何南里東興路三段381號4樓之1,32000000,1120705
12781,86328659,豪竣建設股份有限公司,臺中市北屯區松勇里松義街200號8樓之1,25000000,1120703
12783,86346489,森泰開發有限公司,臺中市大里區草堤路101巷27號,500000,1120712
12784,86348276,億河股份有限公司,臺中市北屯區陳平里陳平路60巷19弄5號1樓,22000000,1120713
12788,86354369,宏銓建設股份有限公司,臺中市西區昇平里華美街96號,40000000,1120725
12809,86403220,彩鑫印刷事業股份有限公司,臺中市西屯區協和里工業區31路1之5號,28000000,1120726
12814,86414578,九寧股份有限公司,臺中市西屯區大墩十八街136號4樓之2,35000000,1120704
12816,86425759,日塑企業股份有限公司,臺中市霧峰區吉峰里民生路292之21號1樓,1250000,1120719
12817,86428480,丹澤企業股份有限公司,臺中市沙鹿區日新街68號2樓,137330000,1120720
12818,86428910,昇宏興業有限公司,臺中市烏日區健行路152巷3號,14200000,1120726
12829,86482913,亞昕資訊股份有限公司,臺中市南區忠明南路760號13樓,28000000,1120720
12848,86525188,伸剛工業股份有限公司,臺中市霧峰區丁台里丁台路321號1樓,5000000,1120704
12850,86533574,仕德福實業股份有限公司,臺中市霧峰區草湖路135巷57號,13000000,1120711
12855,86548921,福觀營造股份有限公司,臺中市北區民權路559號10樓之2,29000000,1120724
12861,86570351,名欣機械股份有限公司,臺中市大安區中庄里中山南路304巷28號,6000000,1120727
12864,86583588,鴻澄實業有限公司,臺中市北屯區太原路三段139巷36號7樓,5000000,1120706
12867,86601777,眾鼎股份有限公司,臺中市西區吉龍里南屯路一段130號2樓,20000000,1120718
12868,86605936,翔亞實業有限公司,臺中市南屯區中和里中和北一巷7號,5000000,1120704
12869,86606225,淞揚企業有限公司,臺中市神岡區社南里中山路851巷37弄12號,5000000,1120721
12870,86608146,芭他雅股份有限公司,臺中市北屯區大連北街二四巷六二號,3000000,1120706
12871,86612486,宸亦租賃有限公司,臺中市西屯區環中路二段1233號1樓,10000000,1120717
12875,86638710,崇德輪胎有限公司,臺中市西屯區福安里安和路143之3號1樓,1000000,1120726
12879,86653423,至成實業股份有限公司,臺中市豐原區大湳里源豐路293之9號,95600000,1120714
12880,86656391,億盈實業股份有限公司,臺中市神岡區社南里中山路851巷37弄29號,5500000,1120728
12891,86691159,康福投資開發股份有限公司,臺中市大里區中興路二段747巷25號1樓,29000000,1120704
12903,86729774,金佳祥企業股份有限公司,臺中市南區樹義六巷6之1號1樓,15000000,1120725
12910,86752541,開疆建設股份有限公司,臺中市北區頂厝里北興街184號1樓,25000000,1120725
12914,86757291,博大科技股份有限公司,臺中市南屯區工業區22路36號,786600150,1120706
12919,86763483,緯凡金屬股份有限公司,臺中市大里區仁化里工業十四路34號,105820000,1120717
12921,86772342,豐瀅實業有限公司,臺中市豐原區北陽里豐東路220巷73號,1000000,1120712
12931,86792804,萱谷投資股份有限公司,臺中市西屯區福和里臺灣大道4段767號6樓之5,5000000,1120731
12932,86794140,鼎泰營造股份有限公司,臺中市北屯區文心路四段698號11樓之2,12000000,1120724
12941,86834065,長豐工程顧問股份有限公司,臺中市西區忠明南路138號6樓之3,9000000,1120724
12942,86835753,寶晶股份有限公司,臺中市西屯區西安里光明路52之45號,100000000,1120704
12949,86854744,永源科技股份有限公司,臺中市西屯區協和里工業區41路17號,125993880,1120703
12953,86873881,洹郁股份有限公司,臺中市西屯區潮洋里朝富路213號11樓之9,11100000,1120726
12974,86929153,森旺企業有限公司,臺中市沙鹿區鹿峰里中山路田尾巷105號1樓,2000000,1120724
12977,86939906,埔豐新技材料股份有限公司,臺中市東勢區慶福里東關路四段283號,28000000,1120719
12982,86950423,安舫船務代理有限公司,臺中市梧棲區頂寮里八德路84號3樓之6,9000000,1120713
12986,86966184,龍巨企業股份有限公司,臺中市太平區新福里中山路四段156巷4號1樓,5000000,1120718
13021,89118896,揚生科技有限公司,臺中市西區臺灣大道二段285號14樓之3,300000,1120727
13029,89122553,商富士電有限公司,臺中市大里區國光路二段706之7號,100000,1120707
13044,89126045,耀佳有限公司,臺中市龍井區臺灣大道五段3巷62弄27號,300000,1120724
13045,89126663,大發不動產管理顧問有限公司,臺中市西屯區何明里太原路一段49號1樓,500000,1120710
13046,89126777,安能複材科技股份有限公司,臺中市梧棲區草湳里梧南路20之8號,167500000,1120706
13047,89126994,豐閤有限公司,臺中市南屯區大業里公益路二段61號3樓之2,200000,1120713
13048,89127092,吉霖地產有限公司,臺中市豐原區中正路452號1樓,500000,1120725
13049,89127678,群鈺有限公司,臺中市西區後龍里民權路219號2樓,600000,1120710
13050,89127754,宸邑工程有限公司,臺中市南屯區大墩五街327號3樓,1000000,1120725
13068,89136682,翔舜發有限公司,臺中市西屯區逢福里河南路二段262號3樓之11,100000,1120725
13069,89137107,喬斌電商有限公司,臺中市西屯區大鵬里長安路二段131巷36號2樓,1000000,1120703
13070,89137155,菁鼎選有限公司,臺中市西屯區永福路132號3樓之8,1000000,1120718
13071,89137346,松順國際事業有限公司,臺中市大雅區雅楓里神林南路130號,3000,1120724
13073,89138160,小小之文創有限公司,臺中市北屯區軍功里一新一街2弄13號,200000,1120710
13085,89144212,樂家人生國際事業有限公司,臺中市西區民龍里臺灣大道二段218號12樓之1,2000000,1120706
13109,89153464,新光能源有限公司,臺中市大雅區文雅里中山北路117巷18號3樓之5,1000000,1120727
13117,89156075,山裏山外餐飲有限公司,臺中市北區邱厝里美德街176號1樓,2000000,1120706
13118,89156119,即銷股份有限公司,臺中市北屯區平田里文心路四段955號11樓之2,3000000,1120719
13119,89156146,基威德科技有限公司,臺中市南屯區同心里文心路一段186號20樓,1000000,1120714
13121,89156906,鼎立建築金屬有限公司,臺中市大甲區經國路2500巷10弄19號1樓,1000000,1120703
13122,89156960,承逸豐國際有限公司,臺中市西區民權路219號2樓,200000,1120711
13123,89157089,翔泰投資開發顧問股份有限公司,臺中市西屯區市政北二路236號27樓之1,500000,1120707
13124,89157124,星樂全球股份有限公司,臺中市西屯區潮洋里市政北二路236號30樓之2,3000000,1120706
13132,89158566,華葳集成股份有限公司,臺中市大里區東湖里科技路168號9樓之1,100000000,1120728
13139,89161041,大黃金好物有限公司,臺中市北屯區和祥五街129號,1000000,1120704
13140,89161181,福業股份有限公司,臺中市南屯區溝墘里大業路381號1樓,24000000,1120705
13141,89161197,領袖創新投資股份有限公司,臺中市西屯區朝富路213號22樓之10,12000000,1120726
13142,89161204,墨藏科技有限公司,臺中市大里區益民路二段371巷28號1樓,500000,1120725
13143,89161794,十人作有限公司,臺中市北屯區松安里崇德六路一段30巷30號2樓,100000,1120728
13144,89162230,梁心水產股份有限公司,臺中市東區東門里東光園路163巷15號,5000000,1120721
13153,89166284,聿登有限公司,臺中市太平區光隆里光興路733巷8號9樓之1,100000,1120720
13154,89166361,鼎鋒能源環保科技有限公司,臺中市大甲區德興路199巷9號,3000000,1120706
13155,89166427,一藤井股份有限公司,臺中市西區後龍里民生北路72之1號1樓,550000,1120704
13156,89166518,龍淶理財顧問有限公司,臺中市沙鹿區三鹿里保成五街130巷18號1樓,250000,1120705
13164,89169769,京穎工程有限公司,臺中市霧峰區丁台里丁台路334之1號1樓,2000000,1120718
13165,89170576,昶德鑫有限公司,臺中市龍井區中央路三段263號1樓,5000000,1120710
13166,89170837,縱云科技股份有限公司,臺中市北屯區四平路318號1樓,35000000,1120727
13167,89170914,央劦工業有限公司,臺中市南區忠明南路758號10樓,100000,1120703
13175,89172151,明玉國際投資股份有限公司,臺中市沙鹿區正德路200巷36號,1636480,1120711
13176,89172363,領袖教育事業有限公司,臺中市烏日區仁德里信義街377之1號1樓,2000000,1120717
13177,89172379,東方足園有限公司,臺中市西屯區文心路三段107之13號1樓、2樓,1000000,1120703
13178,89172722,台中離岸電力有限公司,臺中市南屯區大昌街526號2樓,500000,1120706
13179,89172737,意志力不動產股份有限公司,臺中市北屯區文心路四段939號1樓,2000000,1120728
13180,89172808,享赫整合行銷有限公司,臺中市北屯區松竹里崇德路二段315號15樓之2,6000000,1120724
13195,89177326,盛橙國際有限公司,臺中市西區大忠里忠明南路270號7樓之1,2000000,1120728
13196,89177655,莨諺企業有限公司,臺中市太平區宜佳里宜昌路300號,100000,1120705
13197,89177959,樂心文教事業有限公司,臺中市東區旱溪里十甲路36-1號,100000,1120731
13199,89178916,昱山貿易有限公司,臺中市西區英才路589巷6號5樓之3,1200000,1120718
13200,89179324,怡德國際投資有限公司,臺中市太平區新福里中山路四段139巷6弄8號1樓,29977600,1120728
13201,89179507,昱言有限公司,臺中市烏日區三和里學田路便行巷121弄8之8號4樓,3000000,1120724
13202,89179534,虎軒室內裝修設計有限公司,臺中市西區忠誠里臺灣大道二段489號31樓,1000000,1120712
13203,89179561,興聰安有限公司,臺中市中區臺灣大道一段449號1樓,6000000,1120703
13205,89179653,聯禾地產股份有限公司,臺中市梧棲區大仁路二段382號,6600000,1120719
13214,89183811,鑫富揚開發建設股份有限公司,臺中市神岡區豐洲里國豐路一段369之1號1樓,2000000,1120703
13215,89183919,沐蒲典藏有限公司,臺中市北區育德里篤行路418巷11號,500000,1120720
13217,89184240,三重宙體適能有限公司,臺中市北屯區河北路二段1之2號8樓之5,3000000,1120704
13218,89184425,調和永續有限公司,臺中市西區臺灣大道二段186號21樓之1,500000,1120710
13219,89184699,顧得立國際有限公司,臺中市南屯區大墩路906號1樓,700000,1120717
13220,89184754,圓夢傳媒股份有限公司,臺中市北屯區水湳里中清路二段5號,12857140,1120705
13221,89184939,騰裕股份有限公司,臺中市北屯區東山路二段中興巷19弄6號1樓,60031920,1120718
13227,89187324,睿澤廣告有限公司,臺中市北屯區三光里北屯路210號12樓之27,300000,1120727
13229,89189786,果果糕餅有限公司,臺中市潭子區興華一路141巷58號2樓,200000,1120710
13230,89189890,朕詮有限公司,臺中市南屯區三和里黎明路二段279號2樓,28000000,1120727
13231,89190117,貝妮妮國際有限公司,臺中市西區大忠里忠明南路270號7樓之1,1000000,1120711
13232,89190480,守和國際股份有限公司,臺中市西屯區潮洋里市政北二路282號21樓之11,55000000,1120713
13252,89199834,安洋公證有限公司,臺中市清水區槺榔里信義一街153號1樓,1000000,1120712
13253,89199840,會贏百業股份有限公司,臺中市北屯區水景里軍功路一段237號,5000000,1120717
13262,89240566,加育工業股份有限公司,臺中市烏日區溪南路三段31號,20000000,1120710
13263,89241066,峻隆實業股份有限公司,臺中市神岡區北庄里福庄街35巷9之1號,5000000,1120704
13264,89246169,精亞科技有限公司,臺中市大雅區上山一路48號,14500000,1120724
13277,89281192,泰暘綠能股份有限公司,臺中市烏日區高鐵三路25號11樓之1,1000000,1120703
13283,89284682,群峰能源科技有限公司,臺中市北區賴明里青島路二段6號,1000000,1120724
13292,89287766,晶華家具國際貿易有限公司,臺中市西屯區文心路三段191號,10000000,1120724
13326,89377112,金鉅準工業股份有限公司,臺中市烏日區太明路61號,17012250,1120725
13327,89379786,乙錦有限公司,臺中市西屯區惠來里市政北七路161號12樓之1,5000000,1120725
13367,89480404,中聯油脂股份有限公司,臺中市清水區海濱里北堤路1-8號,600000000,1120731
13378,89502527,富安營造有限公司,臺中市西屯區上安里上安路60號6樓之2,22500000,1120719
13380,89506592,溪邊工業股份有限公司,臺中市大甲區文曲里東安路173-11號,3200000,1120718
13382,89507277,州聯電力有限公司,臺中市大里區塗城里塗城路29號,68000000,1120725
13389,89540249,廣捷運輸股份有限公司,臺中市烏日區高鐵路二段150號20樓之7,25000000,1120710
13396,89568935,由記企業有限公司,臺中市南屯區大業里大昌街442之1號1樓,5000000,1120704
13400,89575529,岱祐工業有限公司,臺中市太平區德隆里華安街28巷10號,1200000,1120710
13414,89593266,三月皮件有限公司,臺中市潭子區得福街86號4樓,5000000,1120727
13416,89596101,大城地產股份有限公司,臺中市西屯區台灣大道四段839號6樓,1000000000,1120713
13421,89616090,永勝光學股份有限公司,臺中市大雅區科雅二路8號,1600000000,1120731
13433,89639208,貝司特管理顧問有限公司,臺中市北區太原北路130號9樓之4,2500000,1120712
13444,89665943,上學電氣有限公司,臺中市東區振興路443巷4弄11號1樓,4000000,1120721
13451,89686617,長懋企業有限公司,臺中市北區梅川里綏遠路一段39之5號1樓,6000000,1120704
13456,89695833,巨榜鋼鐵股份有限公司,臺中市南區大慶街一段261號,160300000,1120721
13457,89697348,立穩營造股份有限公司,臺中市烏日區高鐵五路156號11樓,175000000,1120711
13467,89725920,淯全有限公司,臺中市西屯區福安里福安二街三巷65號1樓,3000000,1120703
13470,89727716,金石谷企業有限公司,臺中市西區模範街31巷9之2號1樓,40000000,1120728
13491,89790359,鋐蒼實業有限公司,臺中市北屯區松竹里河北西街86號2樓之1,2000000,1120724
13492,89790920,新盛輝機械股份有限公司,臺中市烏日區溪南路一段715巷12號1樓,10000000,1120726
13494,89802221,逸陞機械有限公司,臺中市烏日區五光路189巷138號,29000000,1120724
13496,89804142,鉅眾資產管理顧問股份有限公司,臺中市南屯區文心路1段521號5樓,1000000000,1120710
13497,89810952,羿嘉車業股份有限公司,臺中市北區賴興里山西路2段135號1樓,10000000,1120720
13498,89813938,互益營造股份有限公司,臺中市沙鹿區福安街54號1樓,100000000,1120727
13499,89815252,揚波股份有限公司,臺中市豐原區下街里源豐路150號2樓,437800000,1120719
13501,89817483,皇崟實業股份有限公司,臺中市西屯區協和里工業區三十四路3號,150000000,1120712
13504,89826011,佐登妮絲國際股份有限公司,臺中市北區賴旺里中清路一段812號、816號,205000000,1120704
13511,89854938,良貿工業有限公司,臺中市后里區聯合里三重一路176號1樓,8000000,1120731
13515,89861749,河瀚實業股份有限公司,臺中市太平區宜昌東路７號１樓,57000000,1120724
13516,89870590,久億建材有限公司,臺中市大里區內新里新明路59號12樓之3,1000000,1120726
13520,89883531,揚萬實業股份有限公司,臺中市南區長榮里愛國街49巷2號1樓,20000000,1120724
13522,89887023,盛揚機械股份有限公司,臺中市霧峰區中正路557巷21之5號,15000000,1120725
13523,89895369,伯昇興業有限公司,臺中市霧峰區四德里中投東路二段280號1樓,500000,1120714
13529,89903831,潔安環保工程有限公司,臺中市大安區海墘里東西八路二段176號,60680000,1120711
13575,90010726,點投國際有限公司,臺中市西屯區櫻花路74巷38號五樓之3,3000000,1120713
13576,90010985,聖約餐飲有限公司,臺中市西區忠明里明義街49號,500000,1120721
13584,90015010,浩洋卓越有限公司,臺中市南區福田二街268巷107號3樓,1000000,1120718
13600,90021076,揚生光電工程有限公司,臺中市中區綠川里綠川西街115之7號,500000,1120717
13601,90021104,健喬健康科技有限公司,臺中市北屯區平心里昌平路一段95之8號4樓之2,8050000,1120719
13602,90021110,烽達冷氣空調有限公司,臺中市新社區月湖里興社街三段27巷14號1樓,2000000,1120714
13603,90021420,欣花開有限公司,臺中市豐原區西安里安和路26號2樓,1000000,1120726
13604,90021435,坂本尤企劃有限公司,臺中市西區忠明里臺灣大道二段406號12樓之2,1000000,1120727
13605,90021688,聯翊實業有限公司,臺中市神岡區庄後里大圳路28之1號1樓,1000000,1120728
13606,90021694,高級工具人有限公司,臺中市西屯區逢福里河南路二段262號12樓之8,1000000,1120719
13607,90021998,泰強有限公司,臺中市北屯區平安里文心路四段688號4樓,500000,1120725
13608,90022005,皓海投資有限公司,臺中市南屯區黎明路一段323巷10弄36號1樓,1600000,1120711
13628,90029062,睿浤國際有限公司,臺中市中區民族路23號4樓之2,300000,1120728
13630,90029295,欣旺國際有限公司,臺中市西屯區惠來里市政北七路186號5樓之2,300000,1120725
13633,90030700,濮睿數位社群媒體股份有限公司,臺中市南區福順里忠明南路787號31樓,3001000,1120718
13634,90031314,格雷迪奧股份有限公司,臺中市南區積善里國光路250號,7250000,1120727
13635,90031813,碳探國際股份有限公司,臺中市西區公益里忠明南路237號9樓之4,600000,1120717
13652,90036423,鉦陽能源科技股份有限公司,臺中市西區大忠南街55號7樓之5,13200000,1120725
13654,90037942,新鴻元農牧股份有限公司,臺中市大甲區頂店里東西八路一段68號1樓,40000000,1120725
13655,90038082,艾坪企業有限公司,臺中市南屯區向心路105之1號2樓,3000000,1120718
13705,90066397,亞當新創餐飲股份有限公司,臺中市西區大忠里忠明南路270號7樓之1,200000,1120703
13708,90067585,定風波投資有限公司,臺中市南屯區大業里大墩十七街8號7樓,4000000,1120706
13709,90068016,坤坤股份有限公司,臺中市大甲區中山路二段916巷22之2號2樓,5403600,1120727
13710,90068058,奕華工業有限公司,臺中市太平區新興里新興路２７號５樓,7260000,1120721
13711,90068064,威睿國際投資股份有限公司,臺中市北屯區祥順路一段502號2樓之1,40350000,1120719
13712,90068206,蘇芙有限公司,臺中市北屯區景賢路216號1樓,5000000,1120703
13735,90076466,盈通管理顧問有限公司,臺中市西區臺灣大道二段406號12樓之2,1000000,1120724
13751,90086416,巨暉環保股份有限公司,臺中市大甲區頂店里錦上街12巷11號1樓,12000000,1120719
13756,90087870,大自然交易平台股份有限公司,臺中市北屯區北屯路533巷68號2樓,13000000,1120717
13757,90087891,䯨塍不動產有限公司,臺中市西屯區西墩里黎明路三段482號,950000,1120724
13758,90090312,世逸股份有限公司,臺中市西屯區漢翔路127號5樓之2,20000000,1120706
13759,90090621,宏觀視聽音響工程有限公司,臺中市北屯區中平路876號1樓,500000,1120717
13760,90090740,昱丞開發有限公司,臺中市豐原區豐社路38號3樓,2000000,1120713
13762,90092016,盛特材料股份有限公司,臺中市西屯區朝富路213號22樓之10,52000000,1120724
13764,90093107,新加坡商阿基米德諮詢有限公司,臺中市西屯區大墩二十街116號2樓之2,509328,1120721
13765,90093367,誠景興企業管理顧問有限公司,臺中市西屯區何德里大信街52號4樓之1,1000000,1120710
13766,90093520,金志展實業有限公司,臺中市南區福順里南陽街60號1樓,168000,1120703
13767,90093710,日青投資股份有限公司,臺中市北屯區昌平東二路312號1樓,270550000,1120721
13768,90094020,天醫國際健康有限公司,臺中市北區頂厝里崇德路一段629號15樓之1,10000000,1120718
13769,90094149,壹鏡科技股份有限公司,臺中市西屯區臺灣大道四段925號7樓之5,30000000,1120704
13770,90094204,寰泰鑫工程顧問有限公司,臺中市北區賴興里梅川西路四段228號,300000,1120710
13771,90094210,鷹鷹鷹架有限公司,臺中市北區新北里三民路三段132號3樓,3180000,1120724
13778,90097188,茂禾農產股份有限公司,臺中市清水區海風二街326巷11弄16號1樓,3000000,1120703
13779,90097429,海富企業有限公司,臺中市西屯區臺灣大道二段747號1樓,1500000,1120703
13800,90105737,成熠開發有限公司,臺中市北區建行里忠明路502之7號3樓之10,350000,1120720
13802,90106911,鍵銨股份有限公司,臺中市大雅區三和里建興路112巷15號10樓之2,6000000,1120711
13803,90107088,德隆環保有限公司,臺中市清水區南社里忠孝路126巷33號1樓,200000,1120724
13804,90107313,予嶼國際股份有限公司,臺中市西屯區逢福里河南路二段262號3樓之11,180000,1120714
13805,90107524,鑫宏觀地產有限公司,臺中市清水區橋頭里民治路66號,3000000,1120727
13846,90119373,春邑技術顧問有限公司,臺中市西屯區逢福里河南路二段262號11樓之8,2000000,1120726
13847,90119471,上博實業股份有限公司,臺中市西屯區惠來里市政路402號5樓之6,5000000,1120706
13848,90119599,禾越企業有限公司,臺中市北屯區和平里軍福十二路148號1樓,1150000,1120706
13849,90119731,采逸科技股份有限公司,臺中市西區民權路219號2樓,5000000,1120718
13862,90127036,亨升科技有限公司,臺中市潭子區家興里中山路一段15巷3號11樓,200000,1120727
13863,90127063,風馳電能股份有限公司,臺中市西區臺灣大道二段285號二十七樓,70200000,1120710
13864,90127280,翌翌文創有限公司,臺中市西區臺灣大道二段285號4樓之2,1000000,1120703
13865,90127872,錦程資產管理有限公司,臺中市北區漢口路四段202號6樓,5000000,1120725
13884,90136751,台灣黑水虻循環科技有限公司,臺中市西屯區永安里國安一路67之5號11樓之1,2300000,1120705
13885,90137111,魔力魂資訊科技有限公司,臺中市西區安龍里五權路2之3號10樓,500000,1120713
13886,90137127,第五實業有限公司,臺中市大雅區橫山里振興路226號,200000,1120731
13896,90142959,允泰丞實業有限公司,臺中市神岡區神州里豐洲路1025巷30號1樓,300000,1120704
13898,90143394,大信恩股份有限公司,臺中市東勢區茂興里東蘭路石排巷26-135號,300000,1120710
13910,90147835,珂宙貿易有限公司,臺中市北屯區舊社里碧柳一巷26號1樓,1000000,1120703
13911,90148150,瑋怡有限公司,臺中市大甲區薰風里光明路45號1樓,500000,1120703
13912,90148383,毛咖股份有限公司,臺中市西區民龍里臺灣大道二段222號,43500000,1120714
13913,90148927,寵愛有限公司,臺中市西屯區大鵬里文心路三段241號21樓之7,100000,1120725
13914,90149117,森騰有限公司,臺中市南區復興路二段71巷77弄66號,300000,1120703
13915,90149475,國登開發建設股份有限公司,臺中市西屯區市政北二路282號9樓之7,22000000,1120718
13931,90158467,凱蔓國際開發有限公司,臺中市南屯區同心里文心路一段186號6樓之11,200000,1120725
13991,90184681,宸羿國際能源股份有限公司,臺中市西區模範街60號4樓,83400000,1120726
13992,90184887,王大有限公司,臺中市西屯區何安里臺灣大道二段906號4樓,100000,1120724
13993,90185577,嵐筠教育顧問有限公司,臺中市西屯區福聯里福科路893號1樓,50000,1120718
13994,90186175,博泰環保消毒有限公司,臺中市沙鹿區六路里平等路163號1樓,1000000,1120720
14007,90191233,候客科技有限公司,臺中市南屯區惠中里文心路一段324號11樓之1,1000000,1120707
14008,90191297,夸特材料股份有限公司,臺中市西屯區福安里安和路168號9樓之5,70000000,1120717
14016,90193339,天菓股份有限公司,臺中市烏日區螺潭里溪南路二段68巷26弄38號,730000,1120725
14021,90197757,彥華股份有限公司,臺中市西屯區國安一路128號,1000000,1120707
14022,90198427,旭芙育樂有限公司,臺中市南屯區三義里文心一路389號,500000,1120727
14023,90198572,參畝投資有限公司,臺中市西區臺灣大道二段573號5樓,4900000,1120703
14024,90198600,樳美生技貿易有限公司,臺中市西屯區港尾里環中路二段26之10號1樓,6000000,1120720
14025,90198714,樹曦客舍逆旅股份有限公司,臺中市西屯區西安街130巷10號五樓之52,2000000,1120711
14035,90206263,日光生長有限公司,臺中市西區五權西路一段223號,2000000,1120711
14075,90222361,耐思金融科技有限公司,臺中市北屯區平和里旅順路一段152號1樓,1000000,1120717
14081,90224993,沂家投資有限公司,臺中市西屯區臺灣大道二段689號7樓,6000000,1120718
14082,90225016,吾家地產有限公司,臺中市北屯區新平里敦化路二段207號,3100000,1120706
14083,90225487,鴻築土地開發有限公司,臺中市西區安龍里英才路633號5樓,5000000,1120724
14084,90225727,台灣優米實業有限公司,臺中市西區中興里中興街183號4樓之1,7500000,1120711
14085,90226710,龍遠廣告行銷有限公司,臺中市大甲區頂店里雁門路268巷9號,200000,1120705
14087,90226866,維晶有限公司,臺中市北屯區文心路三段447號4樓,1750000,1120714
14088,90226893,嘉洛展有限公司,臺中市龍井區忠和里工業路52巷32號,1000000,1120704
14089,90227302,聚澄食品股份有限公司,臺中市北屯區和平里軍福十一路268號7樓,5000000,1120727
14090,90227627,青雲不動產仲介經紀有限公司,臺中市北屯區仁和里四平路288號1樓,2000000,1120719
14102,90234535,昱隼有限公司,臺中市西區雙龍里模範街18巷8號,7000000,1120706
14108,90236983,匯通國際企業股份有限公司,臺中市烏日區高鐵五路156號7樓之1,30000000,1120726
14109,90237081,雅漾實業有限公司,臺中市西屯區福恩里工業區一路66之8號1樓,100000,1120705
14110,90239074,安心驗屋有限公司,臺中市豐原區朴子里豐勢路二段819巷81號1樓,180000,1120720
14111,90239172,成才寶庫股份有限公司,臺中市西區公民里金山路2之1號1樓,1000000,1120718
14112,90240635,牧喜客國際行銷股份有限公司,臺中市西屯區工業區三路18號3樓,10000000,1120719
14113,90240749,特永昌股份有限公司,臺中市西屯區市政北二路282號9樓之7,1000000,1120718
14114,90240810,沁宸淨水有限公司,臺中市西屯區何源里華美西街二段311號2樓之1,100000,1120704
14130,90246048,海庭數位行銷股份有限公司,臺中市北區新北里一中街162之29號1樓,10000000,1120725
14160,90259177,大山康健有限公司,臺中市東區新庄里台中路31號3樓,5000000,1120712
14201,90274418,聚齊藝有限公司,臺中市南區福興里五權南路167號地下1樓之6,200000,1120705
14204,90275845,辰和國際行銷顧問股份有限公司,臺中市豐原區東陽里東陽路獅座巷7號2樓,3500000,1120727
14205,90276020,恆家事業股份有限公司,臺中市西區博館三街29號,20000000,1120704
14218,90280805,奇耀健康事業有限公司,臺中市西區美村路一段６３２號3樓305,850000,1120724
14219,90280827,育培細胞科技有限公司,臺中市北屯區文心路三段1027號4樓,5500000,1120724
14220,90281451,佳研智聯股份有限公司,臺中市南屯區精科路2號,93000000,1120704
14223,90282607,永益系統設計室內裝修有限公司,臺中市北屯區水湳里文心路三段447號22樓之2,800000,1120704
14224,90282986,幼尚科技有限公司,臺中市烏日區三和里高鐵五路156號8樓之5,100000,1120725
14225,90283198,聯億能源科技有限公司,臺中市南屯區新生里五權西路二段1236號1樓,3000000,1120713
14226,90283747,安諧福有限公司,臺中市西區忠誠街137號1樓,750000,1120724
14227,90284247,沅亨投資有限公司,臺中市南屯區寶山三街80號1樓,10000000,1120726
14242,90289539,丹守有限公司,臺中市西屯區市政北二路236號22樓之3,1500000,1120728
14244,90290162,崴寶精密科技股份有限公司,臺中市西屯區市政北七路186號11樓之9,223260000,1120710
14246,90291107,以誠國際企業有限公司,臺中市西屯區西平里福星路373號1樓,1000000,1120707
14247,90291134,嵐田科技有限公司,臺中市大安區頂安里中山北路280號,200000,1120704
14248,90291319,第一崇光國際開發股份有限公司,臺中市西區臺灣大道二段459號地下一層至14樓,1650000000,1120725
14280,90309583,精銳科技工程顧問有限公司,臺中市南屯區新生里環中路四段259號1樓,1200000,1120717
14294,90314278,百達商務中心有限公司,臺中市北區中清路一段79號11樓之1,5000000,1120717
14295,90314354,貝富有限公司,臺中市西區後龍里民族路333號4樓之4,1000000,1120704
14296,90314360,達榮國際木業有限公司,臺中市大雅區二和里田心街9號1樓,595000,1120721
14297,90314397,格巨有限公司,臺中市南區永和里南和路40號8樓46,100000,1120718
14298,90314755,歐絲本有限公司,臺中市北屯區三和里東光路896號9樓之2,300000,1120712
14299,90314919,澤鑫有限公司,臺中市北屯區大坑里東山路二段100巷85號1樓,2000000,1120719
14300,90315065,寶聚不動產有限公司,臺中市北屯區平和里山西路二段227號,500168,1120710
14306,90318295,嵐鈿科技有限公司,臺中市西區民生里自由路一段101號8樓之２,300000,1120718
14308,90319061,茉蕾整理有限公司,臺中市豐原區社皮里社皮路41巷16號3樓,1350000,1120726
14313,90322690,和熵國際有限公司,臺中市北區金華里三民路三段266號6樓之5,500000,1120727
14351,90334345,八福國際實業有限公司,臺中市西屯區福和里臺灣大道四段847號11樓,100000,1120703
14380,90345461,昱春建設有限公司,臺中市南區江川里美村路二段409號1樓,15000000,1120714
14381,90345602,軻德實業有限公司,臺中市北區金華里三民路三段266號6樓之5,1000000,1120726
14382,90345687,鋒裕有限公司,臺中市太平區興隆里光興路1378巷23號1樓,4200000,1120713
14383,90346594,祤宙有限公司,臺中市北區賴厝里梅川西路三段39巷18號14樓之6,100000,1120721
14384,90347165,麥凱科技有限公司,臺中市烏日區三和里高鐵路二段150號20樓之7,2700000,1120712
14387,90348360,誠佑電子科技有限公司,臺中市西屯區上安路105號10樓之3,500000,1120724
14389,90348609,以恩資訊股份有限公司,臺中市西屯區臺灣大道四段925號13樓之1,25670100,1120728
14414,90359730,喬欣精密股份有限公司,臺中市神岡區三角里大富路186巷26之20號1樓,3000000,1120731
14415,90360151,無限健康醫療用品有限公司,臺中市南區建國南路一段181號1樓,16000000,1120711
14416,90360482,何升文果樹農產品有限公司,臺中市大里區中興路一段382巷69號1樓,100000,1120728
14418,90361052,繆緹食飲計畫股份有限公司,臺中市西屯區永安里國安一路229號7樓之11,1580400,1120705
14419,90361074,米克生醫科技股份有限公司,臺中市西屯區何厝里漢口路一段97號2樓,10000000,1120706
14420,90361406,泰康實業股份有限公司,臺中市南屯區大墩17街19號,28000000,1120718
14481,90381775,泊松科技有限公司,臺中市清水區南社里南新路128巷29之3號1樓,1000000,1120724
14482,90382325,玖亨股份有限公司,臺中市西區吉龍里五權一街57號,5000000,1120711
14483,90382681,弘惠國際水能源股份有限公司,臺中市沙鹿區東英路39巷11號2樓,4500000,1120726
14498,90387102,晶隆生醫有限公司,臺中市北區賴明里青島路一段380之2號,3300000,1120718
14499,90387258,恆泰豐建設有限公司,臺中市北區頂厝里永興街358號2樓,30000000,1120717
14500,90387356,台灣綠金科技投資股份有限公司,臺中市西區土庫里五權西路一段237號9樓之1,10000000,1120718
14525,90398924,立傑營造有限公司,臺中市北屯區太和一街123號10樓之2,10000000,1120721
14526,90399000,明恩生醫股份有限公司,臺中市豐原區西安里成功路249號1樓,1900000,1120719
14527,90399070,好印人生股份有限公司,臺中市西屯區逢甲里西屯路二段256巷6號2樓之2,500000,1120707
14528,90399705,鎧裕建設股份有限公司,臺中市南區樹德里德富路128號2樓,15000000,1120717
14529,90399901,鈞鼎精工股份有限公司,臺中市龍井區台西南路228巷13弄10號,10000000,1120712
14530,90400153,華諾股份有限公司,臺中市西區臺灣大道二段285號14樓之3,22000000,1120703
14531,90400317,榮鼎有限公司,臺中市北屯區同榮里昌平路二段180之2號1樓,6000000,1120703
14532,90400479,卓峻建設有限公司,臺中市大雅區秀山一路66號2樓,8200000,1120717
14533,90401012,洪昇益企業有限公司,臺中市西區忠誠里忠明南路16號3樓之3,500000,1120727
14534,90401316,大沅實業有限公司,臺中市烏日區三和里三榮路一段90號1樓,1000000,1120718
14546,90407254,妍輕飄有限公司,臺中市西屯區何德里漢口路二段151號14樓之3,30000,1120710
14595,90432269,教練大師有限公司,臺中市西屯區文心路三段318號,3250000,1120728
14597,90434132,美達生醫股份有限公司,臺中市西屯區市政北二路282號13樓之11,942100,1120707
14598,90434371,富菱有限公司,臺中市北屯區軍功里軍功路二段242號1樓,1200000,1120717
14599,90434695,辰光事業有限公司,臺中市潭子區福仁里合作街86巷1號2樓,1000000,1120707
14617,90442098,言青行銷有限公司,臺中市豐原區陽明里明政街13號,2000000,1120714
14623,90447592,亦彩有限公司,臺中市南屯區同心里文心路一段186號20樓,100000,1120725
14628,90450527,大日頭三號股份有限公司,臺中市豐原區豐榮里三民路173 號2樓,100000,1120707
14637,90455516,承宏開發企業有限公司,臺中市太平區宜佳里祥順路一段32號,600000,1120711
14638,90455564,瑞彤投資管理顧問有限公司,臺中市北區民權路559號3樓之1,23100000,1120718
14639,90456557,新安拓國際有限公司,臺中市西區和龍里臺灣大道二段2號18樓之3,500000,1120725
14699,90486237,崧嘉國際投資有限公司,臺中市北屯區旱溪西路三段170號12樓之1,10000000,1120724
14701,90488636,祥佑包裝有限公司,臺中市龍井區新庄里新興路134巷2弄10號1樓,3000000,1120724
14714,90495138,妍臻股份有限公司,臺中市西屯區天水東街35號5樓,1000000,1120703
14715,90495236,旋轉花市有限公司,臺中市北屯區舊社里松竹路一段1115號,5000000,1120714
14770,90518786,鼎富盛投資股份有限公司,臺中市清水區槺榔里忠誠路187號1樓,108100000,1120720
14771,90519407,原亞建設股份有限公司,臺中市西屯區朝富五街22之1號2樓,37000000,1120704
14772,90519693,超凡店有限公司,臺中市南屯區同心里南屯路二段290號12樓之2,6000000,1120705
14773,90519820,慧璨開發有限公司,臺中市西屯區大鵬里文心路三段241號21樓之7,100000,1120705
14786,90526420,沅恒有限公司,臺中市北屯區舊社里南興二路197號1樓,200000,1120704
14787,90527146,鯨鐵工程有限公司,臺中市大里區大明路62巷14弄5之3號,100000,1120707
14798,90532942,大洋興業股份有限公司,臺中市霧峰區舊正里象鼻路1之23號1樓,10000000,1120727
14799,90533344,星睿室內裝修有限公司,臺中市大雅區文雅里中和七路56號,500000,1120704
14800,90534511,遠宏企業有限公司,臺中市潭子區頭張路二段163號,2000000,1120706
14801,90534651,浦利德精密機械股份有限公司,臺中市神岡區庄後里中車路13之28號1樓,19000000,1120725
14806,90538299,恩威樂有限公司,臺中市西區臺灣大道二段16號10樓,1000000,1120725
14822,90548509,詠平有限公司,臺中市太平區光隆里正光街201巷16之29號,500000,1120705
14823,90548971,天晴地產開發有限公司,臺中市烏日區三和里高鐵一路328號1樓,400000,1120705
14840,90557268,湘禾國際餐飲股份有限公司,臺中市西區忠明南路270號7樓之4,3000000,1120728
14846,90561072,弼勝有限公司,臺中市大甲區興安路138之263號,1600000,1120725
14884,90580850,雀兒餐飲娛樂股份有限公司,臺中市南屯區永春東七路883號1樓,13000000,1120727
14886,90582463,女神網紅國際有限公司,臺中市北屯區大連路三段126號2樓,500000,1120712
14890,90586480,龍贏新科技有限公司,臺中市西屯區何南里大墩二十街118號5樓之1,2000000,1120706
14891,90586572,力威工業有限公司,臺中市東區東信里振興路437巷59弄51號1樓,5800000,1120706
14892,90586664,美夢家不動產經紀股份有限公司,臺中市南區新榮里學府路170號之55,4000000,1120714
14893,90586762,順明不動產經紀有限公司,臺中市沙鹿區鹿寮里成功東街68號1樓,1000000,1120712
14903,90589233,大雲投資股份有限公司,臺中市北區建德里國瑞街11號,1000000,1120720
14904,90589613,細胞回春國際有限公司,臺中市霧峰區柳豐五街11號1樓,5000000,1120720
14909,90591569,福立長照有限公司,臺中市北屯區平德里天津路三段67號6樓,1200000,1120720
14910,90592342,共此時設計顧問有限公司,臺中市西屯區四川西二街21之9號5樓之5,1000000,1120728
14911,90592906,友銓不動產仲介經紀有限公司,臺中市南屯區向心里文心南路116號1樓,5000000,1120726
14921,90597557,清平有限公司,臺中市南區樹義里文心南路901巷16號8樓之1,1000000,1120703
14922,90597682,凱靖貿易有限公司,臺中市北屯區長生一街1號4樓之1,2500000,1120724
14923,90598514,薪革股份有限公司,臺中市太平區新高里廣三街38號1樓,702000,1120714
14924,90599577,清泰菸酒有限公司,臺中市北屯區水湳里中清路二段128號1樓,1000000,1120719
14925,90600027,中澤建材有限公司,臺中市大雅區雅潭路四段920號,500000,1120705
14926,90601969,鈺洋貿易有限公司,臺中市南區復興路二段30之22號8樓,1500000,1120704
14927,90602165,異元素科技有限公司,臺中市西屯區西平里漢翔路125號1樓,5000000,1120710
14932,90606198,渥金廣告事業有限公司,臺中市西屯區西平里西安街130巷4號,1000000,1120724
14949,90613536,八本金家電有限公司,臺中市西區大忠里大忠南街127號11樓之1,5000000,1120711
14950,90613661,政新工業有限公司,臺中市太平區成功里成功路249號,200000,1120726
14951,90614129,芸芸企業有限公司,臺中市北屯區仁美里崇德十一路45號6樓,1000000,1120719
14952,90614182,家和管理顧問有限公司,臺中市東區東英里自由路四段417號2樓,2000000,1120725
14976,90624787,弘楊工業有限公司,臺中市烏日區螺潭里溪南路二段35巷81號,800000,1120717
14980,90626589,尚迪有限公司,臺中市北區中清路一段79號10樓,2000000,1120704
14981,90626716,富凱先進工業有限公司,臺中市神岡區豐洲路1005號,16100000,1120720
14982,90627449,金川興業有限公司,臺中市中區光復里光復路合作大樓4之26號,200000,1120713
14983,90627503,法尼蓋斯有限公司,臺中市北區健行里健行路930巷30號1樓,200000,1120713
14994,90631339,辰玥再生醫學生技有限公司,臺中市西區大忠里忠明南路270號7樓之1,1000000,1120711
14995,90631653,譯聖國際有限公司,臺中市北屯區水湳里文心路三段447號4樓,1000000,1120721
14996,90631773,君玥有限公司,臺中市北屯區北屯路409之38號14樓,500000,1120717
15017,90643052,茂盛優農股份有限公司,臺中市北屯區平田里文心路四段955號11樓之2,2005000,1120713
15019,90643996,萊恩佳國際管理顧問有限公司,臺中市西屯區西平里福星路228號、228之1號、228之2號、228之3號、228之4號,1000000,1120724
15020,90644290,阿努爾有限公司,臺中市西區昇平街136號1樓,168000,1120718
15029,90648922,華悅健康有限公司,臺中市西屯區龍潭里龍聖路98號,2000000,1120706
15030,90648991,安鑾慈有限公司,臺中市西屯區惠來里市政路55號4樓之2,22455000,1120703
15031,90649422,陞豐技研有限公司,臺中市南屯區中和里黎明路一段71號2樓,10000000,1120706
15032,90649892,日常娛樂有限公司,臺中市豐原區西安里西安街64號1樓,2000000,1120725
15033,90650089,霏翎有限公司,臺中市潭子區福仁里福潭路143巷58弄2號1樓,3200000,1120704
15035,90650497,尚盟創投開發有限公司,臺中市西屯區港尾里環中路二段32號1樓,2000000,1120713
15047,90655248,伊阿魯起有限公司,臺中市西屯區華夏巷東二弄15號,519600,1120728
15050,90657371,楓棕股份有限公司,臺中市北區立人里華美街二段300號2樓,13630000,1120714
15072,90665359,帝旺實業有限公司,臺中市南屯區田心里五權西路二段464號,3500000,1120717
15073,90665386,天原興業有限公司,臺中市西區大忠南街55號7樓之5,300000,1120725
15074,90665442,禧唐國際有限公司,臺中市南屯區同心里文心路一段186號20樓,50000,1120727
15075,90666907,匠煌有限公司,臺中市北屯區軍功里軍和街41巷27弄13號1樓,2000000,1120704
15076,90667238,鍇陞精密實業有限公司,臺中市太平區太平里甲堤路536號,2000000,1120720
15096,90678018,友益股份有限公司,臺中市西屯區福和里臺灣大道4段927號2樓,3740000000,1120719
15108,90686452,索雷博光電股份有限公司,臺中市西屯區上明一街56號1樓,15000000,1120720
15109,90686586,惠生醫藥國際股份有限公司,臺中市北區淡溝里臺灣大道二段340號10樓之1,14330000,1120725
15110,90687044,金和發股份有限公司,臺中市后里區大圳路601號1樓,100000000,1120717
15111,90687467,右朋工程有限公司,臺中市西區大墩十一街113號4樓之1,2000000,1120713
15127,90697795,添億實業有限公司,臺中市西屯區何成里文心路二段562之1號3樓之1,5000000,1120712
15160,90717455,日商馬爾貝克有限公司,臺中市西區民龍里英才路512號4樓,0,1120717
15168,90726095,政儀有限公司,臺中市北區梅川西路三段33號,600000,1120727
15191,90750904,昀興建材有限公司,臺中市大雅區二和里雅潭路四段805巷41號1樓,2400000,1120717
15220,90784600,晏采創作有限公司,臺中市北屯區平福里熱河路二段238號14樓之6,1000000,1120705
15232,90814724,搏康健康科技股份有限公司,臺中市西屯區何厝里四川路87號地下一層之41,10000000,1120704
15240,90825551,愛熹有限公司,臺中市西區公民里五權路1之67號5樓,200000,1120725
15241,90825813,承鴻綠能科技有限公司,臺中市南屯區寶山里五權西路三段1巷69之2號2樓,3000000,1120719
15243,90827045,宸譽人力資源股份有限公司,臺中市西屯區市政北二路236號16樓之2,5000000,1120728
15244,90828121,豪庭國際投資有限公司,臺中市太平區宜昌里中山路三段25巷7號8樓之1,10000000,1120725
15274,90840785,常宥科技有限公司,臺中市北屯區大德里中清路二段362巷20號1樓,500000,1120728
15275,90840928,益捷科技股份有限公司,臺中市神岡區庄前路46之2號,35000000,1120724
15276,90841026,英富開發有限公司,臺中市西屯區朝富路213號30樓之2,50000000,1120713
15295,90854963,富御創新股份有限公司,臺中市西屯區惠來里市政路500號24樓之8,8100000,1120703
15299,90863626,珠鑫地管理顧問有限公司,臺中市南區忠明南路916號21樓之4,300000,1120710
15300,90864147,鼎恆國際有限公司,臺中市大肚區頂街里自由路941號1樓,1000000,1120719
15301,90865286,嘉邑工程有限公司,臺中市南屯區同心里大墩五街327號3樓,1000000,1120727
15302,90865292,高邑工程有限公司,臺中市南屯區田心里惠德街98號2樓,1000000,1120725
15303,90867432,威芯科技有限公司,臺中市西屯區重慶路99號5樓之3,6000000,1120713
15338,90889463,傲群科技有限公司,臺中市西屯區潮洋里朝富路213號14樓之6,6000000,1120713
15339,90890428,沐騰有限公司,臺中市北屯區平興街172號1樓及地下室,100000,1120713
15340,90892122,連雲企業有限公司,臺中市西屯區上安里上明二街32號7樓之3,3000000,1120711
15341,90892397,毅發國際行銷有限公司,臺中市中區中華路一段108號1樓,5008000,1120707
15342,90892426,添興食品股份有限公司,臺中市太平區宜佳里新平路二段15號1樓,1000000,1120712
15343,90892495,鼎力生醫股份有限公司,臺中市西屯區朝富路213號3樓之5,65900000,1120704
15348,90895182,金秀家有限公司,臺中市大雅區中清路四段312巷75號,100000,1120717
15349,90895465,品瀚資訊有限公司,臺中市南區學府路135巷5號23樓之7,1000000,1120710
15350,90895562,富聿地產有限公司,臺中市烏日區烏日里一德街39號1樓,1000000,1120727
15351,90895726,凱利電動車科技股份有限公司,臺中市西屯區至善里臺灣大道三段660號9樓之3,5000000,1120711
15352,90896149,萬陽控股股份有限公司,臺中市龍井區海尾路240巷5號,4000000,1120728
15353,90896295,饕天下國際有限公司,臺中市北區崇德里進化北路161號1樓,1500000,1120727
15367,90983158,大用國際企業有限公司,臺中市北屯區水湳里大連路一段2號1樓,4000000,1120728
15368,90985135,一秝室內裝修設計有限公司,臺中市大雅區雅環路一段132號1樓,300000,1120718
15378,91006242,沐鉐建設股份有限公司,臺中市神岡區神圳路25之2號1樓,500000,1120705
15387,91010739,以仁有限公司,臺中市大里區金城里中興路一段314巷1號1樓,100000,1120728
15388,91010962,峰益開發工程有限公司,臺中市北區大湖里光大街106號1樓,100000,1120724
15389,91010999,睦凱股份有限公司,臺中市北屯區仁美里豐美街288號5樓之3,14004680,1120731
15390,91011245,昂創投資股份有限公司,臺中市西區大忠里忠明南路270號三樓之3,3000000,1120710
15391,91011408,睦創股份有限公司,臺中市北屯區仁美里豐美街288號5樓之3,14004680,1120731
15392,91011441,長峻有限公司,臺中市梧棲區福德里忠義路92巷36號1樓,2288000,1120714
15393,91011456,睦特股份有限公司,臺中市北屯區仁美里豐美街288號5樓之3,14004680,1120726
15394,91011744,中翊企業股份有限公司,臺中市西區五權路2之3號10樓,5000000,1120727
15396,91012379,葉媽媽居家清潔有限公司,臺中市南屯區春社里永春南路206之4號,2490000,1120704
15397,91012639,領捷有限公司,臺中市西區臺灣大道二段285號8樓之3,4500000,1120721
15409,91019268,鉅貫國際有限公司,臺中市大里區國光路二段706之7號,200000,1120706
15425,91026697,東鋒工程有限公司,臺中市西屯區何德里漢口路二段151號15樓之3,200000,1120713
15463,91042269,虎賁地產有限公司,臺中市北區賴福里進化北路396之10號1樓,500000,1120724
15464,91042922,芯鑰管理顧問有限公司,臺中市西區公益里忠明南路237號5樓之2,2000000,1120720
15465,91042991,峻陵國際有限公司,臺中市太平區長億里長億五街4號2樓,200000,1120717
15466,91043204,泰泰手創有限公司,臺中市太平區東平里永平路一段28巷2號1樓,800000,1120718
15467,91043582,指囍國際有限公司,臺中市北區新北里一中街162之29號1樓,1000000,1120727
15468,91044597,新科生醫股份有限公司,臺中市西屯區潮洋里朝富路213號15樓之1,30000000,1120728
15469,91045266,星光網路有限公司,臺中市西屯區何厝里何厝東二街23號9樓之3,300000,1120711
15477,91048355,千顏鑄企業有限公司,臺中市沙鹿區星海路15巷28號1樓,3000000,1120725
15478,91049586,爾陞科技研發有限公司,臺中市西屯區市政路500號28樓之1,1000000,1120704
15479,91049690,包廣告包裝材料有限公司,臺中市西屯區何安里何厝街67巷14號1樓,1000000,1120703
15480,91050154,九本家餐飲有限公司,臺中市北區長青里漢口路三段175號1樓,10000,1120707
15481,91050160,盛興記建設有限公司,臺中市北屯區松竹路一段887號1樓,1000000,1120704
15482,91050289,捷絲敏餐飲有限公司,臺中市西區利民里民生路47巷5號,1500000,1120719
15495,91055860,云饕數位科技有限公司,臺中市北屯區文心路四段750號地下室之1與752號地下室,200000,1120717
15511,91064100,榮太科技有限公司,臺中市西區中興里中興街183號4樓之1,100000,1120720
15528,91072663,艾威數位股份有限公司,臺中市西屯區潮洋里朝富路213號26樓之2,3000000,1120724
15561,91087125,雍華百年有限公司,臺中市南屯區豐樂里精誠南路137號1樓,1000000,1120725
15568,91092247,星渥時尚有限公司,臺中市霧峰區本堂里四德路55號1樓,1000000,1120718
15569,91092669,佳達投資股份有限公司,臺中市梧棲區中華路一段1080號1樓,210000000,1120713
15570,91092942,興世利國際有限公司,臺中市梧棲區臺灣大道八段847巷11號1樓,1000000,1120725
15571,91093029,晶誠能源股份有限公司,臺中市南區福田二街268巷107號3樓,10000000,1120713
15572,91093386,鴻誠裝潢工程有限公司,臺中市大雅區雅環路二段105號1樓,300000,1120703
15573,91093941,日晨有限公司,臺中市大里區仁化里金山三街38號1樓,12000000,1120725
15574,91094174,共享生活有限公司,臺中市西區臺灣大道二段573號4樓,1000000,1120731
15575,91095130,創頂工程有限公司,臺中市北屯區崇德路二段252號16樓,7000000,1120724
15576,91095461,暖陽健康股份有限公司,臺中市南區樹德里復興北路801巷68號12樓之5,4800000,1120717
15586,91099044,盛寓工程有限公司,臺中市南屯區永定里永春東七路517號2樓之3,200000,1120712
15587,91099467,碩鋒數位科技有限公司,臺中市南區忠明南路789號27樓之1,1500000,1120713
15588,91099516,中孚地產股份有限公司,臺中市北屯區崇德二路一段146號1樓,1000000,1120724
15589,91099570,衡昱電商股份有限公司,臺中市北區太原路二段66號5樓,106514985,1120718
15601,91108418,和炫科技有限公司,臺中市北屯區祥順路一段431號13樓之3,5000000,1120714
15602,91108923,君悅地產開發有限公司,臺中市南屯區三和里黎明路二段304號1樓,2500000,1120704
15609,91113144,馥馥股份有限公司,臺中市西屯區惠來里府會園道21號,30000000,1120704
15612,91113995,導客數位行銷股份有限公司,臺中市北屯區仁愛里四平路51巷1之2號,90000,1120704
15637,92601212,小綠人健康科技有限公司,臺中市西區公正里大進街126號2樓之1,10000000,1120703
15639,92601727,動力鏈空間有限公司,臺中市南屯區大墩十四街311號1樓,5000000,1120703
15640,92601796,安租不動產有限公司,臺中市東區旱溪街489號,1500000,1120711
15641,92601986,旺新清潔有限公司,臺中市北區立人里陜西路108號15樓之2,50000,1120717
15642,92602269,鼎沃資本有限公司,臺中市東區富仁里雙十路一段4之33號9樓之2,300000,1120725
15644,92602578,暖心料理包股份有限公司,臺中市西屯區福林里福科路637號,8000000,1120712
15645,92603106,翔裕冷凍倉儲有限公司,臺中市西屯區永昌二街40號,20000000,1120720
15646,92603181,守竹有限公司,臺中市西屯區潮洋里市政北二路282號21樓之9,55000000,1120726
15647,92603387,安心家室內設計有限公司,臺中市北屯區松竹路三段668號,6000000,1120725
15648,92603627,虹景建設開發有限公司,臺中市大雅區二和里雅環路一段323號,1278800,1120703
15649,92603817,晴來投資有限公司,臺中市石岡區石岡街下坑巷125之1號1樓,10000000,1120704
15670,93369199,吟清酌有限公司,臺中市西區模範街50號1樓,2000000,1120704
15709,93725211,成中恆營造股份有限公司,臺中市北屯區文心路四段698號11樓之2,330000000,1120714
15716,93757959,騰盈有限公司,臺中市西屯區何安里文心路三段74號,7000000,1120718
15728,93768479,品右營造股份有限公司,臺中市南屯區中和里和仁巷88號1樓,3600000,1120711
15732,93780109,臣富建設有限公司,臺中市大里區光榮街11號1樓,20000000,1120710
15733,93780558,天池工程股份有限公司,臺中市清水區槺榔里港新三路37號2樓之3,14900000,1120726
15751,93786455,高遠能源有限公司,臺中市西區忠明里臺灣大道二段406號12樓之1,2500000,1120713
15770,93791598,晨德有限公司,臺中市北屯區水景里景賢路302號1樓,1000000,1120720
15771,93791963,雲龍國際貿易有限公司,臺中市太平區新福里振福路356號1樓,100000,1120712
15772,93792409,仁聚有限公司,臺中市北區樂英里錦南街40之7號12樓,100000,1120711
15773,93792528,歷險培育有限公司,臺中市北屯區遼寧路二段70號6樓,500000,1120719
15774,93792626,拓維建設有限公司,臺中市北屯區平和里梅川東路四段105號13樓之16,1000000,1120718
15775,93792787,達盛工程股份有限公司,臺中市中區柳川里民權路164號21樓之37,200000,1120703
15776,93792864,飛玥食品有限公司,臺中市南屯區工業區十八路24號1樓,1000000,1120717
15777,93792999,慕思意國際企業有限公司,臺中市西區忠誠里忠明南路16號6樓之7,1000000,1120705
15778,93793126,敦崗股份有限公司,臺中市南屯區五權西路二段1266巷23弄16號,1000000,1120724
15779,93793532,富業餐飲有限公司,臺中市南屯區永春東七路883號1樓,12200000,1120728
15780,93793688,森悦投資有限公司,臺中市豐原區保康路66巷9號6樓,100000,1120710
15781,93793717,綠地國際顧問有限公司,臺中市西區後龍里民權路219號2樓,60000,1120710
15812,94004330,樺程景觀有限公司,臺中市大肚區頂街里榮華街112號1樓,2000000,1120718
15823,94019538,海角數位創新有限公司,臺中市北區賴村里中清路一段372號4樓,1000000,1120728
15824,94020057,永麗益生物科技有限公司,臺中市大甲區義和里義和二街37巷67弄18號1樓,200000,1120706
15825,94020063,巃記國際有限公司,臺中市太平區德隆里德隆路82巷88號1樓,6000000,1120704
15826,94020129,力旺投資股份有限公司,臺中市西區公正里公益路363號12樓之8,12262470,1120718
15827,94020612,承裕事業股份有限公司,臺中市南屯區文山里保安五街62號11樓之3,1000000,1120714
15828,94020893,鴻天地產有限公司,臺中市南屯區文心南路250號,1200000,1120706
15829,94021289,鴻州環球有限公司,臺中市西屯區港尾里中平路1281號3樓,2000000,1120703
15864,94051213,百和企業股份有限公司,臺中市西區中興街130號,4000000,1120718
15865,94052064,新誠興實業有限公司,臺中市南屯區大墩六街218號6樓之2,300000,1120721
15866,94052748,光生金綠能股份有限公司,臺中市南屯區惠中里大墩十一街406號,17000000,1120704
15885,94061943,虹蘊有限公司,臺中市西區臺灣大道二段16號19樓之2,100000,1120712
15886,94061985,益康興業有限公司,臺中市太平區光華里長安路368號1樓,1500000,1120727
15887,94063148,沐莯沙龍造型有限公司,臺中市北屯區廍子里環太東路507號,150000,1120720
15898,94066406,珈源股份有限公司,臺中市南區福興里五權南路167號地下一樓之6,6000000,1120726
15921,94075159,永東泰企業有限公司,臺中市西屯區中清路二段1502號,12000000,1120703
15940,94081336,誠鑫國際租賃有限公司,臺中市西屯區臺灣大道二段718號2樓,6000000,1120710
15942,94081960,禾源投資股份有限公司,臺中市南屯區文心南五路一段277號10樓之2,100000000,1120719
15943,94082095,永續富聿投資控股股份有限公司,臺中市西區民龍里永達街42號1樓,5000000,1120719
15944,94082460,西蒙奶奶餐飲國際有限公司,臺中市西區吉龍里五權西四街13巷11號3樓、5樓,1500000,1120703
15945,94082551,鶴岡家有限公司,臺中市潭子區大智街15巷2弄9號,1000000,1120705
15946,94082877,城甲營造股份有限公司,臺中市南屯區中和里和仁巷88號1樓,36000000,1120707
15961,94107589,若安空間設計有限公司,臺中市北區頂厝里崇德路一段629號15樓之2,100000,1120727
15971,94110233,沙鹿菸酒有限公司,臺中市沙鹿區鹿峰里中山路653之2號1樓,1000000,1120724
15973,94111129,浚宇食品股份有限公司,臺中市東區振興里台中路151之2號2樓,438000,1120703
15974,94111325,日和消防設備有限公司,臺中市北區新北里三民路三段212號1樓,550000,1120717
15975,94112160,草根豐味有限公司,臺中市北區太平路63巷1號,300000,1120714
15976,94112577,倍安有限公司,臺中市西屯區永安里國安一路233巷18號7樓之3,660000,1120704
15991,94119207,酷碼分析科技顧問有限公司,臺中市北屯區水湳里文心路三段447號4樓,100000,1120711
15993,94119683,律齊營造有限公司,臺中市北屯區后庄里后庄七街206號2樓,5000000,1120712
16009,94128698,古德有限公司,臺中市南屯區田心里大墩四街321號地下1層,1000000,1120714
16010,94129227,金泰寶有限公司,臺中市西區忠明南路237號5樓之2,90000,1120707
16031,96856377,晟有環保工程有限公司,臺中市南屯區鎮平里鎮平巷31號,5000000,1120727
16050,96894457,常綠企業有限公司,臺中市南區德義里學府路75號13樓之3,1000000,1120717
16084,96982228,史邁爾有限公司,臺中市南區樹義路10號,70000000,1120727
16086,96985127,銘信網路科技有限公司,臺中市神岡區社口里中山路816巷104號,8000000,1120724
16095,97007351,汗巢房屋仲介有限公司,臺中市豐原區南陽里南陽路313號,1710000,1120728
16103,97019080,翰林彩色沖印有限公司,臺中市南屯區忠勇路35號1樓,1000000,1120724
16106,97022156,金華節能空調科技有限公司,臺中市西屯區永昌三街22號1樓,22000000,1120714
16109,97031556,昱宇股份有限公司,臺中市太平區永豐路108巷12之23弄22號1樓,2000000,1120725
16110,97033082,廣夏工程有限公司,臺中市潭子區東寶里大富路一段2巷21弄8號1樓,3000000,1120717
16111,97035928,永營造股份有限公司,臺中市大肚區大肚里福利路150巷1號1樓,180000000,1120707
16116,97058040,宜模企業股份有限公司,臺中市太平區中興里永義二街29號1樓,13850000,1120724
16121,97071846,旭光箔膜科技股份有限公司,臺中市南屯區寶山里工業區十八路5號,206539960,1120707
16123,97073859,山鐵螺絲有限公司,臺中市東區樂成里東光園路416號1樓,29750000,1120705
16167,97167835,寶乙建設股份有限公司,臺中市西屯區臺灣大道4段600號14樓,525000000,1120711
16188,97183960,金冠資訊用品有限公司,臺中市沙鹿區三鹿里自強路420號1樓,2000000,1120719
16191,97189845,以柔資訊股份有限公司,臺中市西屯區臺灣大道四段925號13樓之1,47166100,1120728
16192,97194501,富輝有限公司,臺中市太平區宜佳里市民大道一段195號1樓,5000000,1120707
16202,97227658,協佑開發有限公司,臺中市清水區吳厝里東山路新興巷87號,5000000,1120725
16203,97230247,永美實業有限公司,臺中市烏日區三和里學田路8巷72號1樓,1000000,1120726
16206,97243897,永築工程有限公司,臺中市龍井區龍津里龍津街88號,5000000,1120713
16207,97246705,豐洲加油站有限公司,臺中市神岡區豐洲里豐洲路535號,54000000,1120713
16211,97259172,廣直工程有限公司,臺中市西區安龍里忠勤街191號1樓,6000000,1120727
16214,97265890,日日新國際商業股份有限公司,臺中市中區中華路一段58號1至10樓,34000000,1120717
16216,97269523,亙古國際開發事業股份有限公司,臺中市西屯區惠來里市政北一路17號,10000000,1120706
16219,97283095,中葉電腦股份有限公司,臺中市西區民龍里英才路506號1樓,20000000,1120718
16257,97346444,瑞欣有限公司,臺中市東區大振街105號1樓,6000000,1120725
16260,97354675,瑞忠美企業股份有限公司,臺中市大雅區橫山里永和路87之10號,5000000,1120724
16262,97355772,明威科技有限公司,臺中市霧峰區吉峰里中正路1297巷3之3號1樓,1000000,1120717
16263,97359685,歐美亞投資股份有限公司,臺中市南區美村路二段37號,341000000,1120724
16267,97374503,林園國際股份有限公司,臺中市西區臺灣大道一段726號4樓之6,10000000,1120707
16272,97383307,鳳皇通運股份有限公司,臺中市烏日區九德里興祥街220號1樓,30000000,1120719
16275,97387850,沙宣企業有限公司,臺中市北屯區同榮里昌平路三段99巷31號1樓,5000000,1120721
16282,97411036,宗大鋁業有限公司,臺中市南區樹義里樹義一街26號1樓,12000000,1120719
16285,97413800,上千鋼鐵股份有限公司,臺中市太平區福隆里光興路1463巷42弄61號1樓,20000000,1120724
16286,97414836,靈知科技股份有限公司,臺中市北區進化北路392之2號12樓之2,40000000,1120727
16310,97472259,翔音企業股份有限公司,臺中市南屯區工業區十八路17號,10000000,1120725
16320,97499763,惠得投資股份有限公司,臺中市北區忠太東路8號1樓,110000000,1120705
16321,97507784,坤隆行實業股份有限公司,臺中市大里區工業十四路38號,60000000,1120704
16322,97520724,伍豐車體有限公司,臺中市烏日區烏日里五光路993號,13100000,1120725
16323,97538359,三能食品器具股份有限公司,臺中市大里區仁化里工業八路58號,146000000,1120713
16325,97548315,鉑泰實業股份有限公司,臺中市太平區光華里長安路149號1樓,76000000,1120710
16326,97561196,憲國汽車貨運股份有限公司,臺中市大里區中興路二段747巷25號1樓,5000000,1120731
16327,97561920,彰陽工業有限公司,臺中市太平區永成路77之1號,45000000,1120704
16328,97572813,義誠科技股份有限公司,臺中市大里區東湖里科技路3號4樓之2,5000000,1120703
16329,97575467,銳泰精密工具股份有限公司,臺中市太平區坪林里中山路1段162巷51-1號,120000000,1120726
