序號,統一編號,公司名稱,公司所在地,資本額,核准變更日期
23,02949016,潤岱精機工業股份有限公司,臺中市南屯區文心南三路535號5樓,5000000,1120424
102,04835475,新視介有限公司,臺中市西屯區福順路462巷6號1樓,3000000,1120425
126,05595830,心宏企業股份有限公司,臺中市西屯區河南路一段52號1樓,4500000,1120424
129,05835536,忠鍵工業股份有限公司,臺中市大里區仁化里工業九路180號1樓,70000000,1120418
130,05835698,良韋企業有限公司,臺中市南區福順里復興路二段99巷46之1號1樓,2000000,1120413
131,05838816,至光工具股份有限公司,臺中市大里區西湖里景庄街180巷20號,35000000,1120410
255,12535296,智勳管理諮詢股份有限公司,臺中市西區大忠南街55號7樓之5,5000000,1120421
261,12609965,璽瑞股份有限公司,臺中市西區臺灣大道二段16號12樓,20000000,1120420
297,12713186,台灣史克馬股份有限公司,臺中市南屯區楓樹里環中路五段66之2號,1000000,1120419
300,12717726,鐶宇投資股份有限公司,臺中市清水區港口路200巷62之8號1樓,140000000,1120407
302,12719528,承園景觀工程有限公司,臺中市南屯區龍富路五段18號1樓,101000000,1120417
307,12739587,千悅興業股份有限公司,臺中市大雅區田心街8號,29000000,1120417
313,12749092,群民實業股份有限公司,臺中市南屯區環中路四段385號,8000000,1120412
327,12786928,尚硯營造開發股份有限公司,臺中市太平區長億里永安街42之1號1樓,3600000,1120417
330,12794687,勝捷通有限公司,臺中市南屯區大墩十二街439號1樓,2000000,1120412
338,12819218,名陞營造有限公司,臺中市東勢區豐勢路2之1號6樓,3600000,1120420
345,12837588,辛蒂生醫股份有限公司,臺中市南屯區精科五路3號5樓,73000000,1120406
349,12849579,旻立興業股份有限公司,臺中市西屯區福安里安和路168號4樓之2,1000000,1120407
372,12893791,永農展覽建築科技有限公司,臺中市烏日區環中路八段1219巷78弄9號,20000000,1120419
375,12900202,和佳工業股份有限公司,臺中市大安區頂安里東西二路138之8號1樓,73630000,1120417
376,12900499,錦厚企業有限公司,臺中市霧峰區中正里振興街27號11樓之3,3500000,1120417
377,12903067,凱域營造有限公司,臺中市沙鹿區興安里斗潭路285巷77號4樓之3,3600000,1120410
383,12911165,文笙國際財務管理顧問股份有限公司,臺中市西屯區市政北二路282號11樓之9,12000000,1120407
385,12914711,西乾興業股份有限公司,臺中市沙鹿區竹林里中山路紅竹巷12之6號1樓,36000000,1120426
420,12988831,優力多實業股份有限公司,臺中市西區存中街44號2樓,20000000,1120427
421,12990576,杜威海外教育股份有限公司,臺中市南屯區五權西路二段666號14樓之1,40000000,1120411
432,13007076,興又旺營造有限公司,臺中市北區長青里天津路一段215號1樓,3600000,1120410
437,13017460,安士達科技股份有限公司,臺中市西屯區西屯路二段259之3號7樓之12,1000000,1120420
440,13022479,麥可利食品有限公司,臺中市神岡區社口街10巷10號,2000000,1120406
445,13032639,鑫龍機械有限公司,臺中市太平區建國里建興路299號,2000000,1120421
447,13041617,誠東營造有限公司,臺中市豐原區三村里西勢路429號3樓,15000000,1120420
452,13047247,浩瀚開發建設股份有限公司,臺中市西區臺灣大道二段501號16樓之1,499000000,1120410
459,13067708,昱興昌股份有限公司,臺中市南屯區楓樹里楓樹南街198之1號,1000000,1120412
464,13075778,上齊視覺形象設計有限公司,臺中市中區民族路23號4樓之2,2800000,1120424
534,16042012,高勵捷工業股份有限公司,臺中市豐原區北陽里豐東路250巷19之2號,12000000,1120418
535,16042271,強琳環保工程有限公司,臺中市北屯區舊社里敦富路878號13樓之1,5000000,1120424
583,16186277,高進營造有限公司,臺中市西屯區福上巷214號6樓之8,6000000,1120417
586,16204260,權威投資股份有限公司,臺中市西區土庫里忠明南路386號1樓,20000000,1120420
599,16219192,秉旺機械股份有限公司,臺中市太平區太平里永成路130號1樓,25000000,1120419
601,16235708,琦鋒金屬有限公司,臺中市沙鹿區斗抵里沙田路13-3號,1000000,1120427
604,16237662,珈傑企業股份有限公司,臺中市大里區仁化里工業十二路37號,5000000,1120417
608,16249029,臺灣張鋼電機有限公司,臺中市后里區墩南里三豐路三段583號2樓,7200000,1120414
610,16254176,思卜資訊顧問有限公司,臺中市豐原區豐勢路一段287號1樓,1000000,1120418
628,16332188,崇祐營造有限公司,臺中市南屯區向上路三段33號6樓,3600000,1120424
631,16340201,立智公關顧問股份有限公司,臺中市南屯區同心里文心路一段218號14樓之3,2000000,1120406
634,16350452,百德企業有限公司,臺中市沙鹿區公明里中清路六段302號1樓,1000000,1120413
635,16355055,敦景企業股份有限公司,臺中市北屯區平昌里北平路四段142號1樓,10000000,1120407
637,16363386,高鐿實業有限公司,臺中市西屯區寧夏路89巷22號10樓之10,3000000,1120425
641,16374216,港洲投資股份有限公司,臺中市沙鹿區四平街53之1號1樓,15000000,1120413
648,16392235,上萊工業有限公司,臺中市東區十甲里十甲路174巷1號,2000000,1120417
653,16407172,國威金屬工業股份有限公司,臺中市后里區墩南里七星街36號,200000000,1120427
702,16527079,金家開發有限公司,臺中市大里區國光路二段500號4樓之6,1000000,1120406
705,16537865,基盛交通工程有限公司,臺中市石岡區石岡里石岡街112號1樓,15000000,1120421
715,16574734,宇棠營造有限公司,臺中市太平區振福路639巷37號1樓,3600000,1120426
723,16595750,首特科技股份有限公司,臺中市梧棲區文明街326巷43號1樓,46000000,1120413
725,16599952,發揚通運有限公司,臺中市北區金龍里健行路56號2樓,25000000,1120421
740,16645230,御發股份有限公司,臺中市南屯區寶山里工業區二十一路23號1樓,11131800,1120411
741,16647048,信甲國際股份有限公司,臺中市大甲區岷山里中山路1段976之3號,5000000,1120417
744,16655279,盈威利實業有限公司,臺中市西屯區工業區一路2巷3號10樓之2,500000,1120417
748,16669632,川濟室內裝修設計工程有限公司,臺中市南屯區益豐路三段327號,60000000,1120427
750,16670671,金永村企業有限公司,臺中市西區昇平街56號1樓,5000000,1120420
752,16674749,鴻陞蛋品有限公司,臺中市大雅區大林路212巷21弄30號,3000000,1120411
760,16720568,冠琩有限公司,臺中市太平區宜欣里宜欣一路105號1樓,2000000,1120424
762,16722897,致晟營造有限公司,臺中市南屯區惠中里文心路一段324號9樓之1,3000000,1120424
766,16732950,金瑞弘機械股份有限公司,臺中市太平區太平里新仁路1段44巷5弄5號,13000000,1120411
773,16745879,豐碩投資股份有限公司,臺中市西區忠誠里臺灣大道二段536號5樓之2,200000000,1120427
801,16801983,亦峰營造有限公司,臺中市豐原區瑞興路50之2號3樓之3,3600000,1120417
815,16853927,真享光電股份有限公司,臺中市中區公園里自由路二段56號1樓,32800000,1120426
816,16856446,倓廣股份有限公司,臺中市西屯區青海路二段329號1樓,13450000,1120426
818,16861314,安億投資股份有限公司,臺中市梧棲區中華路一段578號3樓,100000000,1120418
823,16873819,美佳利國際事業股份有限公司,臺中市西屯區何仁里文心路三段125之2號,8300000,1120424
833,16906234,勇信企業股份有限公司,臺中市烏日區五光路679巷84弄20號,17831000,1120419
837,16914059,銘山企業有限公司,臺中市大里區長榮里大里路71號1樓,5000000,1120411
843,16934127,美齊富有限公司,臺中市南屯區田心里五權西路二段481號1樓,10500000,1120419
845,16938221,勤隆營造有限公司,臺中市大里區永隆里永大街282號1樓,19000000,1120410
849,16945525,鎧楠事業有限公司,臺中市西區公民里貴和街201號,5000000,1120419
861,16965824,鼎壹股份有限公司,臺中市東區東英十七街175之8號2樓,125000000,1120412
862,16971446,白蜻蜓有限公司,臺中市南區平順街153號1樓,2000000,1120427
863,16971608,振安消防安全設備科技股份有限公司,臺中市大甲區孟春里經國路1898號1樓,2000000,1120418
872,16995833,美鉅股份有限公司,臺中市大肚區沙田路三段245巷81號,58023800,1120414
892,20833614,春菖貿易有限公司,臺中市西屯區河南路二段327號3樓之1、2、3、5、6,15000000,1120412
913,21235284,飛仕實業有限公司,臺中市南屯區文心路一段378號3樓之3,3000000,1120421
917,22000193,通豪大飯店股份有限公司,臺中市北區中清路一段521號1樓,125000000,1120413
927,22053830,昭雄營造股份有限公司,臺中市南屯區田心里大墩七街331號1樓,120000000,1120420
930,22064132,興泰預拌混凝土股份有限公司,臺中市石岡區和盛里豐勢路1巷60號1樓,50000000,1120417
936,22075644,明暐紙器機械股份有限公司,臺中市沙鹿區清泉路1之10號,275000000,1120421
947,22102298,福懋油脂股份有限公司,臺中市大肚區沙田路1段453號,2187030510,1120425
961,22213267,萬鐙金屬有限公司,臺中市烏日區烏日里新興路16號,28000000,1120428
965,22222245,舜興工業股份有限公司,臺中市霧峰區四德南路53號,36000000,1120411
976,22270739,森全貿易股份有限公司,臺中市北屯區梅川東路4段5號,5000000,1120421
983,22284071,川彭企業有限公司,臺中市南屯區大墩十一街189之6號12樓,5000000,1120414
986,22295366,南綸工業有限公司,臺中市霧峰區草湖路135巷1弄68號,10000000,1120426
988,22297343,東欽行股份有限公司,臺中市大肚區中和里興和路36號,6000000,1120411
990,22301846,昌園股份有限公司,臺中市西區公民里民生路155號2樓,21000000,1120424
991,22303582,余達工業股份有限公司,臺中市太平區德隆里工業十四路8號,60000000,1120413
1015,22393562,翁岱工業股份有限公司,臺中市太平區德隆里工業17路8號,5000000,1120406
1016,22398980,昱侁實業股份有限公司,臺中市神岡區社口里社口街42巷26號1樓,5000000,1120411
1027,22422010,台忠企業股份有限公司,臺中市北區陜西路108號5樓之1,16000000,1120414
1031,22436767,眾信實業股份有限公司,臺中市清水區北五路10號,5000000,1120428
1042,22504292,詠筌工業股份有限公司,臺中市太平區精美路386號,15000000,1120414
1046,22508305,大昱印刷股份有限公司,臺中市大雅區四德里中清路三段815號,17064000,1120412
1048,22517851,寶琳工業股份有限公司,臺中市大甲區日南里工六路6號,33500000,1120411
1050,22519957,鋐名股份有限公司,臺中市太平區德明路10號1樓,5000000,1120424
1070,22573240,樺鈺國際股份有限公司,臺中市北屯區松順一街29號4樓,5000000,1120427
1075,22588449,永傳輪業有限公司,臺中市大甲區岷山里中山路一段八九六號,500000,1120424
1076,22588911,金功鑄造股份有限公司,臺中市梧棲區草湳里自立路378號,10000000,1120410
1079,22597382,維利金屬工業股份有限公司,臺中市太平區太平里永豐路177號,5000000,1120426
1098,22662067,優乃克股份有限公司,臺中市南屯區工業區24路15號,60000000,1120420
1112,22689571,藝林生活國際有限公司,臺中市西屯區甘河路91號3樓,2000000,1120426
1114,22692421,久允螺絲有限公司,臺中市東區十甲東路290號,29000000,1120427
1115,22695567,富冠工業股份有限公司,臺中市西屯區協和里工業區37路1號,16000000,1120417
1117,22697592,英展交通股份有限公司,臺中市豐原區北湳里圓環北路二段143號14樓之2,12000000,1120412
1119,22701836,得勝科學模型股份有限公司,臺中市北區邱厝里健行路373-4號,10000000,1120427
1120,22702791,宇隆科技股份有限公司,臺中市梧棲區經二路59號,602880890,1120410
1121,22703567,兆進紙業有限公司,臺中市西區双龍里向上路一段29巷95號1樓,2000000,1120426
1137,22786362,宏信大企業股份有限公司,臺中市中區中山路100之1號1樓,16800000,1120411
1146,22815710,金頌企業股份有限公司,臺中市太平區宜昌東路138號,10000000,1120425
1158,22853517,裕毛屋企業股份有限公司,臺中市西區公正里公益路150、152號,16000100,1120419
1166,22883456,昌隆科技股份有限公司,臺中市西屯區市政北二路236號30樓之5,25000000,1120407
1181,22923942,熺德工業股份有限公司,臺中市神岡區社口里八德路633號,5000000,1120417
1182,22930612,國暉鋼鐵股份有限公司,臺中市后里區墩南里七星街28號,200000000,1120425
1186,22940225,大正科技機械股份有限公司,臺中市大里區夏田路23號1樓,28000000,1120425
1187,22941863,展楹企業有限公司,臺中市豐原區田心里育英路130號,5000000,1120428
1198,22961939,久瑩精密工業股份有限公司,臺中市大里區工業九路138號1樓,16500000,1120419
1199,22976074,日意機械股份有限公司,臺中市豐原區三和路348號,26000000,1120426
1203,23003079,僑駿彈簧五金工業有限公司,臺中市龍井區忠和里工業路一八二巷三二號,5000000,1120412
1224,23083946,旭珀機械業有限公司,臺中市石岡區梅子里豐勢路國中巷3之37號,10000000,1120414
1225,23083967,懋億企業股份有限公司,臺中市豐原區翁明里豐勢路一段232號,6000000,1120410
1229,23091039,江興營造有限公司,臺中市北區太原路三段48號1樓,110000000,1120421
1231,23093917,隨勝冷凍有限公司,臺中市西屯區大河里4鄰大河街77號1樓,25000000,1120417
1235,23102042,昱龍不銹鋼股份有限公司,臺中市南屯區三厝里黎明東街225號,186000000,1120414
1236,23104631,蕎鋒企業有限公司,臺中市南屯區寶山里文山南巷10號,11000000,1120424
1238,23109283,達理精控股份有限公司,臺中市清水區武鹿里中清路九段535巷6號,128900000,1120411
1255,23200347,隆記企業管理顧問有限公司,臺中市清水區槺榔里民安路265號,500000,1120424
1257,23209543,正派房屋仲介有限公司,臺中市南區國光路453號1樓,3000000,1120419
1268,23232328,甲統實業股份有限公司,臺中市東區東光園路222號1樓,10000000,1120412
1270,23234640,倫嘉工業股份有限公司,臺中市豐原區南嵩里水源路115巷105號1樓,18000000,1120420
1273,23247482,廣獲企業股份有限公司,臺中市大雅區文化路145號1樓,12000000,1120427
1274,23248638,快捷機械股份有限公司,臺中市神岡區溪洲里溪洲路157巷28號1樓,398436860,1120412
1275,23249284,美佶克有限公司,臺中市西區明禮街75號,6000000,1120421
1277,23253532,東協興業有限公司,臺中市大里區新里里德芳路二段121號,10000000,1120411
1281,23269372,全連交通股份有限公司,臺中市梧棲區頂寮里四維中路228號2樓,15600000,1120421
1285,23296194,昱泉國際股份有限公司,臺中市西屯區市政路402號25樓之6,233949600,1120426
1299,23388980,純茂興業有限公司,臺中市北屯區水景里東山路1段189之4號,5000000,1120412
1301,23397664,義成鈑金股份有限公司,臺中市烏日區榮泉里中山路三段登寺巷46號,8100000,1120412
1302,23399500,健筌塑膠有限公司,臺中市大甲區南陽里水源路13巷2號,5000000,1120414
1306,23412118,潤澤國際有限公司,臺中市西屯區福林里福科路653號1樓,36900000,1120411
1331,23498797,聖大科技傳媒有限公司,臺中市西屯區工業區一路2巷3號5樓之7,2500000,1120406
1334,23510265,閎偉工業有限公司,臺中市外埔區大東里甲后路五段110號1樓,5000000,1120427
1336,23518626,聖展環保科技有限公司,臺中市大里區大元里大元路67之14號1樓,5000000,1120407
1351,23539951,昀育實業有限公司,臺中市大里區大里路462號,500000,1120410
1352,23542610,尚美交通有限公司,臺中市清水區下湳里中山路507巷16之1號1樓,5000000,1120413
1353,23544363,廣容科技股份有限公司,臺中市南屯區寶山里工業區25路20號4樓,24000000,1120427
1356,23569758,長江廣告有限公司,臺中市西區三民西路106號2樓,3000000,1120421
1357,23574485,國光能源開發股份有限公司,臺中市神岡區北庄里中山路1029之5號,2200000,1120414
1402,23800264,富華船務代理股份有限公司,臺中市梧棲區項寮里四維中路234號2樓,9000000,1120417
1403,23800594,大展營造有限公司,臺中市南屯區文心南五路一段657號1樓,105000000,1120413
1436,23936868,誠功企業股份有限公司,臺中市大肚區王田里興和路228巷34號2樓,3500000,1120414
1439,23948392,世揚貿易有限公司,臺中市太平區長龍路一段2巷1號1樓,10000000,1120427
1445,23967209,鐘毅型鋼實業股份有限公司,臺中市大甲區德化里東西六路一段399號,12000000,1120410
1450,23975051,晟傑股份有限公司,臺中市南屯區向心里豐富路299巷20號2樓,29000000,1120406
1452,23985071,富宇建設股份有限公司,臺中市西屯區潮洋里市政北二路236號19樓之1,800000000,1120418
1461,24171545,昶青物流股份有限公司,臺中市烏日區溪南路二段352巷9號,28000000,1120421
1463,24203440,馭輪股份有限公司,臺中市后里區廣福里三豐路三段726巷8弄9號,13500000,1120413
1475,24236603,泰發自動控制器材有限公司,臺中市北區新興里精武路410號1樓,500000,1120428
1478,24240162,佳城興業有限公司,臺中市清水區南社里南華路86號,1000000,1120419
1480,24248586,結合有限公司,臺中市霧峰區北勢里中投東路一段460巷31號1樓,5000000,1120426
1483,24251195,協宏精密有限公司,臺中市潭子區潭秀里潭富路一段87巷15號,3000000,1120425
1491,24269012,得客傢俬有限公司,臺中市大里區立新二街13號1樓,1000000,1120427
1492,24273769,于慶有限公司,臺中市大肚區大德三街82號1樓,3000000,1120412
1496,24276766,傑順科技有限公司,臺中市西屯區林厝里福林路426號2樓,10000000,1120421
1531,24357367,巧恬興業股份有限公司,臺中市西屯區青海路二段172號,29000000,1120421
1532,24358112,華呈營造有限公司,臺中市大肚區福山里沙田路1段512巷3-12號1樓,28000000,1120424
1533,24358226,育瑜實業有限公司,臺中市外埔區中山路300巷8號,500000,1120412
1535,24363065,林家香食品有限公司,臺中市西屯區廣福里廣福路352巷70號2樓,22800000,1120412
1536,24366247,玉新開發建設股份有限公司,臺中市北區五常里五權路375號14樓,527000000,1120417
1551,24384168,順鑫車業有限公司,臺中市南區樹德里文心南路651號1樓,3000000,1120411
1560,24407351,大麗開發建築有限公司,臺中市太平區東和里東村十二街8巷5號1樓,5800000,1120424
1564,24410829,宗螢工業股份有限公司,臺中市太平區新仁路一段22巷96號,5680000,1120424
1568,24418879,銓美國際企業有限公司,臺中市西區中興里向上北路137號3樓,6000000,1120425
1573,24421706,振宏精密股份有限公司,臺中市潭子區潭秀里潭富路一段87巷17號,1000000,1120424
1578,24431319,松伯投資股份有限公司,臺中市西屯區惠來里惠來路三段74巷17號1樓,70000000,1120417
1580,24431900,威銨企業有限公司,臺中市梧棲區頂寮里四維路71巷2號7樓之5,5000000,1120418
1589,24453100,台灣美罩科技股份有限公司,臺中市大雅區秀山里科雅路28號4樓,40010000,1120410
1657,24540528,薪火相傳福爾摩沙國際有限公司,臺中市西區市府路39號9樓之1,5000000,1120411
1698,24578951,政億有限公司,臺中市大雅區三和里義和路7之29號1樓,3000000,1120410
1699,24579403,金芝陵食品有限公司,臺中市中區大墩里三民路二段163號1樓,200000,1120411
1700,24584124,東方龍貿易有限公司,臺中市太平區永成里永成北路66巷1弄49號1樓,500000,1120424
1701,24584721,保銘除蟲有限公司,臺中市西屯區中清路二段1250巷39號5樓之3,1000000,1120419
1702,24587213,群青室內裝修有限公司,臺中市北區文莊里梅川東路三段234號1樓,200000,1120407
1704,24587760,大將軍興業有限公司,臺中市大里區新里里大新街29號1樓,3000000,1120406
1705,24590879,永和冷凍空調科技有限公司,臺中市大里區祥興里大智路536號13樓,2000000,1120406
1706,24591357,善勝科技股份有限公司,臺中市梧棲區福德里新生路200號1樓,1000000,1120427
1707,24593411,全盈人力資源股份有限公司,臺中市北屯區太順路36號1樓,10000000,1120406
1708,24593616,歐陸世紀投資開發股份有限公司,臺中市西區公益路363號12樓之8,78000000,1120411
1709,24594973,奇昕能源科技有限公司,臺中市龍井區忠和里工業路246巷6號,15000000,1120406
1710,24601432,洛亞眼鏡國際有限公司,臺中市北屯區仁美里崇仁街13號1樓,5000000,1120419
1711,24601593,長昌機械有限公司,臺中市大雅區春亭二街16號1樓,2000000,1120425
1712,24601643,立堡包裝材料有限公司,臺中市南屯區文山里文山五街100號1樓,10000000,1120427
1713,24601670,頡陽開發有限公司,臺中市大雅區神林南路211號1樓,25000000,1120418
1714,24603375,環中不動產有限公司,臺中市豐原區社皮里成功路363號1樓,12000000,1120424
1715,24604959,景宏景觀有限公司,臺中市龍井區新庄里遊園南路242巷24號1樓,2000000,1120421
1730,24623512,全聯徵信有限公司,臺中市西區忠誠里臺灣大道二段501號14樓之1,1000000,1120410
1739,24633552,皇品國際事業有限公司,臺中市南屯區大墩四街321號地下一層,3500000,1120406
1875,24794965,大陸商深圳同興達科技股份有限公司,臺中市東區東英十一街57號1樓,0,1120427
1879,24802705,富崐冷凍倉儲股份有限公司,臺中市南屯區工業區二十路39之1號2樓,508620000,1120420
1884,24816617,三中東區啦啦寶都股份有限公司,臺中市東區進德路600號,1900000000,1120406
1885,24818517,安堤藥品有限公司,臺中市西區華美街322號1樓,1000000,1120425
1886,24819749,喜鵲生活股份有限公司,臺中市大里區東湖里中興路一段159-1號3樓,17600000,1120417
1887,24820181,迪璟企業有限公司,臺中市西屯區上石里西屯路二段273之5號2樓,12000000,1120421
1888,24820817,汯騰股份有限公司,臺中市北區忠太東路87巷10號5樓之2,3000000,1120410
1889,24821490,美宣有限公司,臺中市大肚區自治路64巷24號1樓,8000000,1120414
1890,24822287,愛木者工坊設計有限公司,臺中市烏日區前竹里中山路一段265巷2號1樓,5000000,1120411
1891,24823912,嘉三國際有限公司,臺中市霧峰區林森路971之6號,29999000,1120407
1892,24825664,惹鍋東山有限公司,臺中市北屯區和平里建和路二段245號,2000000,1120424
1894,24832139,中美鋼構工業有限公司,臺中市東區東信里東英路265號2樓,5000000,1120406
1895,24833910,全宥成有限公司,臺中市大里區國中路165號,1000000,1120406
1897,24837161,家耕國際有限公司,臺中市西屯區潮洋里市政北二路236號14樓之1,10000000,1120427
1898,24837269,順全國際開發有限公司,臺中市南屯區寶山東一街8號,5000000,1120411
1900,24837628,鑫業達有限公司,臺中市西屯區何安里文中路2號6樓之2,510000,1120413
1901,24838181,鑫財利有限公司,臺中市龍井區龍泉里沙田路五段315巷8弄27號1樓,200000,1120411
1902,24839105,勤健生醫有限公司,臺中市北屯區廍子里太順路19號1樓,1000000,1120421
1903,24841691,辛峰塑膠有限公司,臺中市豐原區朴子里朴子街177巷58號1樓,10000000,1120424
1904,24842087,壹參玖伍股份有限公司,臺中市西屯區惠來里市政路28號22樓之1,8200000,1120421
1905,24845887,銘元工程行有限公司,臺中市大里區東湖里長春路94巷3弄14號1樓,800000,1120421
1906,24846035,大元懷石有限公司,臺中市西區吉龍里五權西三街57號,1000000,1120406
1907,24847105,虹全投資股份有限公司,臺中市北區新北里尊賢街9號20樓,30000000,1120418
1908,24847956,豐達複合材料股份有限公司,臺中市龍井區工業路177巷6號,55000000,1120424
1991,24943796,馳航租賃股份有限公司,臺中市北屯區水湳里文心路三段447號4樓,8000000,1120412
2001,24957622,品彣文創有限公司,臺中市南區永興里高工一街55號5樓之10,1000000,1120411
2039,25000338,右捷科技有限公司,臺中市大雅區員林里大林路373巷13號1樓,5000000,1120406
2050,25018246,新地王管理顧問有限公司,臺中市西屯區惠來里市政路386號15樓之8,25000000,1120419
2056,25025295,嘉益事業有限公司,臺中市南屯區文山里精科八路38樓3樓,3000000,1120424
2057,25025648,興達環控科技股份有限公司,臺中市潭子區潭陽里潭子街一段31巷3號1樓,4000000,1120418
2058,25025725,友輔租賃股份有限公司,臺中市西屯區港尾里黎明路三段1216號1樓,29990000,1120410
2071,25052102,舞春風視聽歌唱有限公司,臺中市西屯區何德里寧夏路79號5樓之1,500000,1120410
2073,25053735,輝雄科技有限公司,臺中市北屯區后庄里敦化路一段402號13樓,2000000,1120414
2076,25059175,長泓能源科技股份有限公司,臺中市南區忠明南路789號38樓之2,49172540,1120427
2083,25079860,品創國際企業有限公司,臺中市豐原區東湳里三豐路二段138巷2號1樓,1000000,1120418
2084,25080959,學海實業股份有限公司,臺中市烏日區公園路52號1樓,20380000,1120411
2088,25085265,堅鼎勞安有限公司,臺中市大雅區神林南路180巷50號7樓之1,1000000,1120424
2094,25093504,恆雄工業有限公司,臺中市潭子區聚興里豐興路一段272之1號,2000000,1120406
2105,25105754,丹帝洋行有限公司,臺中市西區向上二街3號,13000000,1120413
2119,25124788,威蕊區塊鏈科技有限公司,臺中市西屯區重慶路99號5樓之3,15000000,1120424
2145,25169807,鉅鑫國際控股股份有限公司,臺中市西屯區市政北二路238號27樓之1,44170000,1120421
2149,25176814,世西恩機械有限公司,臺中市北區進化路303巷30號1樓,31680000,1120412
2152,25184841,漢柏斯股份有限公司,臺中市北屯區忠平里陳平路112號6樓,10000000,1120418
2178,27246082,新加坡商矽比科亞洲有限公司,臺中市大甲區日南里工六路6號,10000000,1120420
2194,27307475,清吉臨終服務有限公司,臺中市清水區西寧里中山路417巷62號1樓,1000000,1120426
2220,27356088,晉群鞋業股份有限公司,臺中市大里區瑞城里中興路一段2巷81弄52號,5000000,1120406
2228,27376211,詠章開發有限公司,臺中市大里區大明里東興路66之1號1樓,20000000,1120421
2232,27385231,兆立工業股份有限公司,臺中市大甲區日南里東一街7號,70000000,1120413
2239,27403239,尚宜冷凍空調有限公司,臺中市大里區上田街57之1號1樓,5000000,1120420
2241,27405525,玉謄開發建設有限公司,臺中市北區賴旺里青島一街6之1號2樓,25000000,1120411
2243,27414046,捷司特國際股份有限公司,臺中市西屯區福和里臺灣大道四段925號15樓之2,110000000,1120421
2247,27424591,明昕維有限公司,臺中市大肚區溪洲路14之26號,500000,1120417
2253,27439031,傑笙真空科技股份有限公司,臺中市南屯區楓樹里黎明路1段235號1樓,11880000,1120414
2259,27448263,永任投資股份有限公司,臺中市沙鹿區日新街68號3樓,60000000,1120407
2260,27451153,永興鍛造有限公司,臺中市烏日區烏日里民權街79號,5000000,1120418
2265,27461096,麗京歡樂城有限公司,臺中市西屯區寧夏路79號6樓之2,1000000,1120413
2269,27478723,銓聯食品興業有限公司,臺中市西屯區大河里文心路三段179之15號,60000000,1120406
2273,27488932,緯鴻保全股份有限公司,臺中市西屯區大信街50號3樓之1,40000000,1120413
2279,27500909,寶鴻建設實業股份有限公司,臺中市南區福順里復興路二段80號,160000000,1120410
2310,27583372,長申國際企業有限公司,臺中市太平區宜昌里環中東路四段53之1號,7000000,1120427
2326,27604860,歐亞光能源科技股份有限公司,臺中市西屯區工業區38路208號,1000000,1120412
2328,27606184,山巧精機股份有限公司,臺中市南區樹德里樹德四巷7之4號,19000000,1120420
2346,27647185,潽旺工程有限公司,臺中市大里區立德里自強街92號1樓,10000000,1120427
2349,27652784,狄康奈米生物科技有限公司,臺中市潭子區大明一路８１號１樓,1000000,1120420
2351,27653209,家鈞有限公司,臺中市太平區東方三街8巷6號,500000,1120410
2355,27662087,寶盈國際財經行銷有限公司,臺中市西屯區逢甲里河南路二段327號4樓之6,2000000,1120414
2356,27662707,思科瑪企業有限公司,臺中市南屯區向心里永春東路511號,5000000,1120420
2357,27667251,金車王股份有限公司,臺中市太平區振福路81號,6000000,1120419
2358,27667490,正原機械有限公司,臺中市南屯區鎮平里新民巷1之7號之2,500000,1120414
2392,27752600,逢浚實業有限公司,臺中市北屯區陳平一街53巷43號1樓,3000000,1120425
2409,27772731,京旺實業有限公司,臺中市豐原區豐田里豐原大道二段387號8樓之5,1000000,1120420
2410,27776146,國泰洋酒股份有限公司,臺中市北區五權路235號1樓,710340000,1120424
2414,27796488,四季文化事業股份有限公司,臺中市北屯區豐美街288號5樓之2,400000000,1120426
2416,27801709,斜槓智慧顧問有限公司,臺中市清水區南社里南社路99之19號1樓,1000000,1120406
2417,27804348,捷訊通訊科技有限公司,臺中市北屯區后庄里后庄七街282巷66號1樓,2600000,1120406
2418,27804614,貿盛運輸股份有限公司,臺中市梧棲區自強路472號,137100000,1120426
2421,27821297,銳程通訊顧問有限公司,臺中市南屯區大進街80號1樓,500000,1120427
2424,27839634,金昇國際開發股份有限公司,臺中市西屯區臺灣大道二段910號13樓之1,483000000,1120427
2430,27851685,三久食品股份有限公司,臺中市霧峰區南勢里峰東路268號,28800000,1120425
2432,27855057,明光文化出版有限公司,臺中市西屯區福中里中工二路120號4樓,1000000,1120407
2437,27863198,奇品農產品有限公司,臺中市龍井區中厝路51巷6弄19號1樓,2000000,1120420
2443,27885094,高運鑫實業有限公司,臺中市大肚區社腳里沙田路一段854巷50之95號2樓,5000000,1120425
2493,28014568,承駿管理顧問有限公司,臺中市西區利民里府後街37號5樓,500000,1120427
2494,28016480,台灣默瑞建材股份有限公司,臺中市西區大和路24號8樓,40000000,1120412
2495,28018396,宇程皮件開發有限公司,臺中市北區明德里漢口南一街66號1樓,2000000,1120411
2499,28023356,中成冷凍有限公司,臺中市南屯區樂田巷2之30之2號,2000000,1120419
2500,28024587,涵樓鷹架有限公司,臺中市西區吉龍里五權三街81號5樓之4,500000,1120427
2501,28024897,創楷科技有限公司,臺中市東區旱溪里自由路三段314巷8號,1000000,1120420
2503,28028676,謚謰實業有限公司,臺中市大肚區王田里沙田路一段320巷32-12號,3000000,1120407
2511,28051155,堃崴有限公司,臺中市西屯區惠來里惠中路二段35號5樓之3,50000000,1120406
2516,28057209,展駿股份有限公司,臺中市西屯區港尾里中康街236號1樓,10000000,1120426
2521,28066256,泉隆工程股份有限公司,臺中市南區樹德里德富路80號6樓之1,10000000,1120424
2523,28068917,能海電能科技股份有限公司,臺中市西屯區臺灣大道三段660號9樓之3,405559100,1120410
2538,28096651,鑫創鉅企業股份有限公司,臺中市霧峰區北豐路321號3樓,1000000,1120418
2541,28111323,讚誠企業有限公司,臺中市西屯區西屯路三段79-26號1樓,3000000,1120418
2557,28129007,佳能實業有限公司,臺中市西屯區大信街50號8樓之3,500000,1120411
2563,28140299,寶唐建設股份有限公司,臺中市西屯區何成里文心路二段598號10樓之3,25500000,1120427
2565,28143248,泓記實業有限公司,臺中市北屯區和祥六街15號1樓,3000000,1120412
2569,28149600,川喬科技工程有限公司,臺中市西區和龍里臺灣大道一段728號12樓,12000000,1120417
2572,28153759,阡世鋒高週金屬科技有限公司,臺中市潭子區福仁里環中東路一段67巷6號,5000000,1120419
2573,28158425,傑懋國際投資企業有限公司,臺中市中區光復里平等街48號5樓之2,28000000,1120428
2607,28289720,展宙有限公司,臺中市西區臺灣大道二段285號20樓,5000000,1120424
2625,28313453,露露絲服裝有限公司,臺中市北區新北里錦新街37、39號,2500000,1120412
2629,28322262,品享數位電腦有限公司,臺中市北屯區平安里文心路四段750號地下室之1、752號地下室,500000,1120418
2631,28326464,星辰工業有限公司,臺中市潭子區聚興里興豐山莊57號1樓,520000,1120406
2633,28327750,禾瑞國際有限公司,臺中市北區華美街二段262號5樓之3,16000000,1120418
2635,28330143,膳香食坊有限公司,臺中市西區金山路51號1樓,1000000,1120410
2637,28342725,精英財稅資產聯合股份有限公司,臺中市西屯區何厝東一街3號1樓,1000000,1120406
2640,28347025,早安吾悅有限公司,臺中市西區公益路152之5號1樓,1000000,1120406
2642,28351651,超越精工股份有限公司,臺中市后里區后里里三豐路四段199巷12弄6號1樓,16000000,1120417
2648,28359393,群聚國際股份有限公司,臺中市大里區仁化里工業路79巷1號,13000000,1120412
2653,28376013,振鑫玻璃實業有限公司,臺中市西屯區櫻城一街35號,7000000,1120418
2654,28378758,春璽股份有限公司,臺中市北區錦村里自強街32巷7號1樓,5000000,1120417
2660,28395237,廣懋興業有限公司,臺中市太平區光隆里興隆路一段160號,3000000,1120427
2665,28405559,世紘紙品有限公司,臺中市北區五順街127號,500000,1120410
2668,28420209,寶元數控股份有限公司,臺中市西屯區臺灣大道二段633號6樓之1、2、3、5、6、7,300000000,1120406
2698,28494519,龍田超商有限公司,臺中市烏日區榮泉里健行南路17號8樓之1,500000,1120427
2709,28510200,原莊室內裝修股份有限公司,臺中市西屯區永安里西屯路三段150之41巷126號4樓,50000000,1120428
2712,28518821,千和國際租賃有限公司,臺中市太平區大興路185號1樓,5000000,1120421
2713,28520621,羿軒精密股份有限公司,臺中市神岡區庄前里三民南路302巷20號,25200000,1120417
2719,28538609,大方集生技有限公司,臺中市北屯區水湳里瀋陽北路52號1樓、2樓,5000000,1120417
2722,28548732,幾何國際開發股份有限公司,臺中市豐原區水源路597號1樓,1000000,1120425
2725,28553609,久巨磊有限公司,臺中市北屯區水湳里瀋陽北路52號3、4樓,10000000,1120420
2733,28575907,馨穩企業有限公司,臺中市神岡區神洲里神洲路607號,20000000,1120425
2734,28576217,禾祥禎有限公司,臺中市烏日區慶光路116之1號,29000000,1120424
2735,28577150,立冠精密有限公司,臺中市北屯區仁美里豐樂路10巷9號1樓,3500000,1120411
2765,28655697,雅頌國際股份有限公司,臺中市大甲區中華街95號1樓,1000000,1120426
2766,28656696,佑達報關股份有限公司,臺中市梧棲區頂寮里八德路82-1號7樓之8,5000000,1120407
2770,28660517,捷盛塑膠工業股份有限公司,臺中市大里區東湖里東南路71號1樓,1000000,1120425
2771,28662901,明鑫國際開發有限公司,臺中市大里區華城街78巷15號1樓,1000000,1120424
2775,28665689,溪尾環保股份有限公司,臺中市烏日區慶光路69之8號,6000000,1120420
2777,28669398,台灣愛司帝科技股份有限公司,臺中市北屯區文心路三段447號5樓,22901000,1120424
2816,28738563,仁享創意有限公司,臺中市大里區仁化里仁美路137巷38號,50000000,1120420
2820,28751235,睿云食品有限公司,臺中市霧峰區六股路248巷26號1樓,500000,1120426
2822,28756793,巨原國際投資有限公司,臺中市北區英才路219號2樓,29900000,1120426
2826,28764013,沅呈自動控制有限公司,臺中市龍井區新東里遊園南路319巷153之5號,3000000,1120413
2828,28767790,新雙溪水上股份有限公司,臺中市大甲區奉化里農安路171號,26000000,1120418
2829,28769869,平成貿易有限公司,臺中市南區復興北路26號,500000,1120407
2842,28791139,金浩科技有限公司,臺中市西屯區協和里工業區四十二路53號,16000000,1120410
2845,28799300,台中銀保險經紀人股份有限公司,臺中市北屯區進化北路80-4號,1286000000,1120417
2892,28876039,玖裕營造有限公司,臺中市南屯區大業里大業路177號地下1層之1,22500000,1120426
2893,28878135,成億佳機械有限公司,臺中市沙鹿區犁分里中山路22之23號,6000000,1120406
2895,28884636,賢興投資有限公司,臺中市中區綠川西街135號12樓之1,10000000,1120413
2897,28885255,承維實業有限公司,臺中市神岡區神圳路25之5號1樓,5000000,1120426
2900,28893396,立將上豪有限公司,臺中市神岡區豐洲里國豐路一段200巷10號,500000,1120426
2901,28894352,佛光影音製作有限公司,臺中市龍井區東海里東海街104巷7號1樓,1000000,1120406
2916,28925138,龍鼎保險代理人股份有限公司,臺中市北屯區松勇里松山街82號1樓,8000000,1120406
2919,28931096,誠選富意有限公司,臺中市東區干城里公園東路57號2樓之8,2000000,1120406
2923,28941030,昕德設計工程有限公司,臺中市北屯區水湳里文心路四段83號19樓,3700000,1120417
2924,28944846,佳成建設股份有限公司,臺中市西區臺灣大道二段501號21樓之1,200100000,1120406
2931,28959208,宬宇企業有限公司,臺中市大甲區文武里仁愛街225號1樓,1000000,1120418
2933,28962132,豐穗資源回收有限公司,臺中市潭子區福仁里福潭路7號1樓,500000,1120414
2970,29035437,新商皇極國際資產管理有限公司,臺中市龍井區藝術北街121號,1000000,1120419
2989,29063025,台灣怡和保全股份有限公司,臺中市西屯區臺灣大道四段767號13樓之1,60000000,1120417
3003,29094287,牧口環保科技有限公司,臺中市北屯區松勇里松竹路二段86巷68弄5號1樓,1000000,1120427
3020,29119718,金川源金屬股份有限公司,臺中市北區五權路501巷40號,10000000,1120414
3022,29121144,綠捷能智控股份有限公司,臺中市西屯區逢甲里西屯路二段256巷6號5樓之1,30000000,1120424
3028,29126268,健康卡片發明家有限公司,臺中市南區永南街11號4樓,500000,1120410
3050,29176745,台灣原貿股份有限公司,臺中市北區臺灣大道二段360號6樓之1,15000000,1120414
3052,29182612,台灣倉敷機械股份有限公司,臺中市后里區后里里1鄰后科南路32號,264000000,1120418
3053,29183133,聚光能源科技股份有限公司,臺中市南區樹德里大慶街二段11之5巷5號1樓,10000000,1120425
3054,29183289,威浦斯科技股份有限公司,臺中市中區臺灣大道一段253巷11號1樓,67500000,1120407
3155,34628425,羅門興業有限公司,臺中市龍井區遊園南路450巷58弄23號1樓,1000000,1120414
3186,36186819,金琤股份有限公司,臺中市潭子區聚興里興豐山莊一四０號,10000000,1120420
3238,42584548,緯期國際有限公司,臺中市中區中華路二段35號,1000000,1120417
3309,42660828,鑫聯盛企業有限公司,臺中市南區美村路二段186號6樓之1,1000000,1120412
3311,42661896,咕唧設計有限公司,臺中市后里區墩北里中山路136號2樓,50000,1120425
3313,42663022,堯鎂興業有限公司,臺中市北屯區水湳里文心路三段1027號3樓,1000000,1120407
3314,42664351,万群科技股份有限公司,臺中市豐原區南田里南田街113巷23弄25號1樓,3000000,1120426
3315,42665106,新叡設計開發有限公司,臺中市西區大忠里大忠南街105號2樓,10000000,1120413
3316,42666631,台灣麥森實業有限公司,臺中市太平區東和里中和街397號,1000000,1120418
3317,42669089,雲鍵科技有限公司,臺中市西區民龍里梅川西路二段19之3浩8樓,2000000,1120420
3318,42669243,四進工業有限公司,臺中市烏日區螺潭里環中路八段1517號,2000000,1120406
3319,42669378,阿豆家有限公司,臺中市神岡區社南里三社路376號4樓,2000000,1120406
3320,42669969,云攏健康管理顧問有限公司,臺中市東區東義街6巷6號1樓,50000,1120410
3323,42675913,中華富邦保全股份有限公司,臺中市大里區中新里環中東路六段276號,40000000,1120421
3327,42677969,心璞生活有限公司,臺中市北區國強街119巷11號,1000000,1120425
3328,42681577,達冠印刷有限公司,臺中市大雅區橫山里中山三路83號1樓,1000000,1120424
3329,42684510,凱佳管理顧問有限公司,臺中市北屯區廍子里太原路三段1189號6樓之13,100000,1120413
3330,42685996,霧樂家釀有限公司,臺中市北區錦村里進化路305號1樓,200000,1120418
3331,42686658,鑫鑽藻業生物科技股份有限公司,臺中市西屯區漢口路一段143號1樓,1000000,1120414
3332,42689016,圓康健康事業股份有限公司,臺中市清水區靈泉里文昌里1之1號1樓,7000000,1120418
3333,42689655,聖源生技食品股份有限公司,臺中市神岡區岸裡里中山路360巷55號1樓,29800000,1120419
3334,42690132,上得國際貿易有限公司,臺中市大肚區營埔里船頭三街165巷71號1樓,15000000,1120410
3339,42694756,永達開發物業管理顧問股份有限公司,臺中市南屯區三厝里黎明東街150號3樓,27200000,1120420
3381,42757718,宜真茶葉國際有限公司,臺中市北區淡溝里博館一街6號7樓之1,10000000,1120419
3515,42871529,維克整合股份有限公司,臺中市南屯區南屯里25鄰五權西路二段629號8樓之8,3500006,1120426
3516,42871703,金億達有限公司,臺中市北區頂厝里漢口路四段367號5樓,10000000,1120418
3517,42872169,普絡股份有限公司,臺中市西區忠明南路138號4樓之1,25000000,1120418
3518,42874384,瀚菖國際有限公司,臺中市西屯區文心路三段51號6樓之1,2750000,1120406
3519,42879748,勝初精密加工有限公司,臺中市北屯區瀋陽路一段95號4樓,2000000,1120411
3520,42881337,璦絲兒國際生技有限公司,臺中市北屯區平田里文心路四段955號3樓之1,2000000,1120427
3521,42881759,胱肽生物科技有限公司,臺中市北屯區廍子里祥順路二段59號,1320000,1120407
3522,42882568,東阜生技有限公司,臺中市大里區大里路374號1樓,2000000,1120425
3523,42882743,天璽生活科技有限公司,臺中市北屯區平德里天津路三段67號5樓,200000,1120413
3524,42883829,嘉億建設有限公司,臺中市西屯區逢福里櫻城一街138號4樓,20000000,1120417
3525,42885495,鈞宇工程有限公司,臺中市外埔區三崁里甲后路三段599巷67號,1000000,1120425
3526,42885615,恆旺食品股份有限公司,臺中市西屯區大河里大河街32巷21號,19000000,1120406
3527,42886305,鑫盈企業有限公司,臺中市后里區厚里里甲后路一段529巷38弄2號1樓,10000000,1120406
3528,42886918,爵聖不動產有限公司,臺中市北區三民路三段83之1號1樓,2000000,1120424
3529,42887177,笠暘國際有限公司,臺中市大甲區幼獅路47號1樓,3500000,1120418
3530,42887368,騰翔工程有限公司,臺中市西區民龍里臺灣大道二段179巷26號1樓,10000000,1120410
3531,42887965,茂居建設有限公司,臺中市西屯區惠來里市政北七路186號22樓之6,20000000,1120426
3532,42888417,合物國際貿易有限公司,臺中市大里區新仁路三段223巷20號2樓,1500000,1120406
3535,42891454,金鐵塔健康會館有限公司,臺中市北區五權路322號、322號2樓、322號3樓,6000000,1120418
3536,42891686,永信富投資股份有限公司,臺中市西屯區大河街77號1樓,1000000,1120417
3537,42893208,通用幹細胞股份有限公司,臺中市太平區太平二一街10巷18號,196448000,1120413
3538,42893657,立鴻精密工業有限公司,臺中市神岡區庄後里大圳路53之3號1樓,3000000,1120420
3539,42893734,禾康工業有限公司,臺中市大雅區雅環路一段256巷11號1樓,500000,1120419
3540,42895774,勃恆科技有限公司,臺中市西屯區何安里重慶路99號5樓之3,100000,1120427
3541,42896063,放學創意館有限公司,臺中市沙鹿區鹿寮里賢正街117號1樓,300000,1120418
3542,42896818,金爾尼國際有限公司,臺中市烏日區環中路八段680巷8號,16000000,1120411
3543,42897020,驛東工程有限公司,臺中市大肚區沙田路一段296號1樓,68000,1120424
3544,42897268,鼎弋國際事業股份有限公司,臺中市北區賴明里文昌東一街338號2樓,22500000,1120417
3545,42897725,鈞云實業有限公司,臺中市北屯區柳陽西街92巷32號,100000,1120420
3546,42897915,亞馬遜開發股份有限公司,臺中市西區忠誠里華美西街一段142號3樓之3,3000000,1120406
3547,42898029,欣樺投資股份有限公司,臺中市沙鹿區日新街68號3樓,51000000,1120407
3548,42898392,鴻泰光電科技有限公司,臺中市沙鹿區中山路金星一巷28號1樓,30000000,1120428
3549,42899110,甌瀛生技有限公司,臺中市北屯區平昌里文心路四段936號3樓之1,3000000,1120425
3550,42899414,臺灣創生企業有限公司,臺中市沙鹿區鹿寮里成功東街92之2號1、2樓,300000,1120418
3551,42899462,植康生技有限公司,臺中市西區安龍里自治街207巷17號1樓,4944000,1120421
3556,42904036,暘光企管顧問有限公司,臺中市烏日區高鐵三路25號11樓之1,1200000,1120410
3594,42953958,佑盛實業有限公司,臺中市北屯區文心路四段955號12樓之1,10000000,1120410
3596,42954921,鐿亨科技股份有限公司,臺中市烏日區三榮路一段486號11樓之2,40607820,1120419
3617,42977781,東宏寰宇整合規劃有限公司,臺中市南區樹德里東興路一段25巷15號8樓,1000000,1120419
3620,42981906,智誠機電有限公司,臺中市太平區旱溪西路二段198號,17000000,1120426
3630,42987090,崇尚建設有限公司,臺中市東區東門里東光園路24號1樓,2170000,1120418
3668,43767550,中福全球事業有限公司,臺中市西屯區何安里臺灣大道二段888號9樓之18,2000000,1120424
3719,45075856,台灣昭和股份有限公司,臺中市大雅區中清東路19號,13000000,1120414
3734,45106561,東普傳媒股份有限公司,臺中市西屯區何源里華美西街二段311號2樓之1,3000000,1120410
3745,45114838,勝威特企業有限公司,臺中市西屯區環中路二段1563號,13000000,1120420
3775,45145240,瓏典創意室內裝修有限公司,臺中市南屯區新生里龍富十路168號9樓之3,1000000,1120418
3776,45146374,萌特國際股份有限公司,臺中市北屯區太原路三段1375號1樓,5000000,1120412
3777,45147492,利瑋精密科技有限公司,臺中市豐原區朴子里豐勢路2段819巷78之2號,300000,1120421
3779,45189719,家聯有限公司,臺中市北區學士路257號4樓,5600000,1120426
3780,45190722,飛翔創意行銷有限公司,臺中市西屯區何源里文心路三段420之2號,2000000,1120428
3781,45190949,大瀚國際有限公司,臺中市大里區大興街17巷43號1樓,200000,1120406
3783,45194353,順邁科技有限公司,臺中市大里區永隆里東興路250號,5700000,1120427
3786,45197302,千森企業股份有限公司,臺中市太平區廍仔坑路35號2樓,1500000,1120421
3787,45878481,寬宇實業有限公司,臺中市后里區中和里公安路181之1號1樓,3000000,1120424
3788,45881747,佳具精密股份有限公司,臺中市龍井區忠和里工業路188巷29號1樓,13500000,1120406
3789,45882350,元浩消防工程有限公司,臺中市東區二聖街130號,10000000,1120414
3790,45883506,毅騏國際有限公司,臺中市潭子區東寶里大德一路83號,200000,1120424
3792,45884575,萬美德有限公司,臺中市北屯區舊社里敦富一街189號3樓之3,2000000,1120407
3793,45886200,慧穩科技股份有限公司,臺中市西屯區市政路500號7樓之6,15000000,1120426
3794,45887067,舒利渼股份有限公司,臺中市北屯區文心路三段447號17樓,7500000,1120407
3795,45889163,噪咖料理有限公司,臺中市北屯區軍功里軍功路二段185號1樓,2000000,1120421
3796,45889558,利聯醫材有限公司,臺中市太平區宜佳街21號4樓,500000,1120410
3953,50810589,百明土木包工業有限公司,臺中市西屯區何南里大墩二十街118號5樓之1,1200000,1120411
3954,50810716,捷果有限公司,臺中市西區中興街183號4樓之1,10000000,1120425
3955,50811638,福彩企業有限公司,臺中市大里區東興里東明路235號1樓,2000000,1120417
3956,50811911,滾動綠自然科技股份有限公司,臺中市北屯區崇德路二段252號12樓,25600000,1120420
3958,50812138,天信投資有限公司,臺中市西屯區永安里玉門路233號20樓之1,20000000,1120417
3959,50817632,凱將國際餐飲事業股份有限公司,臺中市南屯區新生里環中路四段2號,10100000,1120419
3960,50818105,熊的開發有限公司,臺中市西區忠誠里忠明南路16號3樓之3,100000,1120418
3961,50818415,兆泓技研有限公司,臺中市后里區墩西里三光路49號1樓,500000,1120407
3962,50819477,晶湛茶業有限公司,臺中市西屯區福順路22號1樓,500000,1120421
3963,50819667,鼎弋實業股份有限公司,臺中市烏日區新興路255號2樓、255號3樓、 255號4樓,16000000,1120419
3964,50819786,統安營造有限公司,臺中市大里區國光路二段704之10號,3600000,1120412
3965,50819913,鼎高機械科技股份有限公司,臺中市太平區新仁路一段2巷7號,5000000,1120407
3966,50820382,達博恩生物科技有限公司,臺中市豐原區田心里育英路24巷19號,5000000,1120425
3968,50821776,哲舍室內裝修工程有限公司,臺中市豐原區西湳里仁洲街48號,1500000,1120406
3969,50822950,創圓苑智慧餐飲有限公司,臺中市西區大忠里五權五街271號1樓,1000000,1120413
3970,50824021,巧瑪斯國際有限公司,臺中市大雅區大楓里前村路82巷48號1樓,1000000,1120427
3971,50824274,世界異國料理有限公司,臺中市西區雙龍里向上路一段56號1樓、2樓,1000000,1120428
3972,50824372,兆甸企業有限公司,臺中市西區臺灣大道二段285號22樓之1,500000,1120425
3973,50824394,厚禮屋有限公司,臺中市西屯區何南里臺灣大道二段633號4樓之6,2500000,1120424
3974,50825252,京銳工程有限公司,臺中市西區昇平里華美街160號8樓,500000,1120424
3975,50825703,京天投資有限公司,臺中市西屯區大墩二十街118號5樓之1,500000,1120425
3976,50826885,喬帆尼商集中心有限公司,臺中市西屯區市政北二路282號24樓之11,5000000,1120407
3977,50827982,健鈞精密科技有限公司,臺中市大里區瑞城里向學路62巷47號1樓,100000,1120420
3979,50830425,曙光通訊有限公司,臺中市東區振興里大勇街151號2樓,500000,1120414
3981,50832057,歐維健身股份有限公司,臺中市潭子區中山路二段96號,5000000,1120411
3982,50832583,鴻富工業股份有限公司,臺中市大肚區王田里王福街750巷50號,20000000,1120411
3984,50835110,好好室內裝修設計有限公司,臺中市大里區長榮里新南路192巷2號1樓,300000,1120412
3985,50838051,艾博思科技股份有限公司,臺中市潭子區大富路二段14號,20000000,1120417
3986,50838221,天御資訊有限公司,臺中市梧棲區四維中路252號11樓之2,1000000,1120413
3987,50838480,千金國際有限公司,臺中市西區臺灣大道二段239號13樓,880000,1120424
3988,50838600,鑫裕不動產經紀有限公司,臺中市南屯區惠中里大墩路476號1樓,500000,1120418
3989,50839018,熱電醫學科技股份有限公司,臺中市南屯區永春東路700巷1號1樓,2015030,1120420
3990,50840351,博嘉光電科技有限公司,臺中市北區賴村里健行路488號地下層,5000000,1120420
3994,50846376,取向創意有限公司,臺中市太平區中山路四段213巷13弄3號2樓,1000000,1120411
4013,50861720,富沅國際股份有限公司,臺中市南屯區大墩六街193號11樓之5,28000000,1120424
4032,50871184,億芯科技股份有限公司,臺中市西屯區市政北七路186號10樓之8,20000000,1120411
4084,50907388,底家股份有限公司,臺中市西屯區何成里大容東街90號7樓之2,285000,1120419
4181,50987093,富爾康譽實業有限公司,臺中市北屯區平和里旅順路一段152號1樓,3000000,1120421
4187,50991245,築宸室內裝修設計有限公司,臺中市北屯區平順里柳陽西街88號3樓之2,3000000,1120425
4197,51073906,大豐麵粉廠股份有限公司,臺中市東區東光園路345號,147126200,1120419
4198,51078418,中新科技股份有限公司,臺中市南屯區工業區23路13號,28000000,1120425
4200,51374706,建忠交通事業有限公司,臺中市北屯區北屯路212巷44號1樓,3000000,1120418
4205,51811609,彰化商業銀行股份有限公司,臺中市中區自由路2段38號,105934565500,1120421
4206,51927600,興台彩色印刷股份有限公司,臺中市南區忠孝路64號1樓,42000000,1120412
4208,51974700,鑽石工業股份有限公司,臺中市西屯區福上巷181弄6號1樓,20160000,1120414
4213,52223523,永三興精密科技股份有限公司,臺中市烏日區五光路189巷112號,15500000,1120426
4225,52281902,展德企業有限公司,臺中市北區忠明路432號8樓之2,10000000,1120406
4236,52339496,慧國工業股份有限公司,臺中市西屯區工業區三路3號,292740000,1120413
4246,52388186,恆彰企業股份有限公司,臺中市太平區太平里永豐路337巷9號1樓,15000000,1120414
4262,52456445,曜揚營建股份有限公司,臺中市北屯區水湳里文心路三段447號4樓,500000,1120417
4265,52464233,威浩立化學股份有限公司,臺中市大雅區中山路187號,17249300,1120427
4275,52500646,中堅交通企業股份有限公司,臺中市西區民龍里日進街100號1樓,5400000,1120406
4277,52508443,專盛工業有限公司,臺中市北屯區雷中街93號,5000000,1120426
4278,52509365,右翔通運股份有限公司,臺中市豐原區西安里安和路22號,20000000,1120406
4279,52511051,九六單車股份有限公司,臺中市西屯區至善里至善路35號,32000000,1120411
4283,52525597,向得行興業股份有限公司,臺中市西屯區河南路二段99號,20150000,1120414
4289,52541175,雷虎科技股份有限公司,臺中市西屯區協和里工業區六路7號,1426297750,1120412
4311,52612810,菊本木業股份有限公司,臺中市龍井區東海里遠東街22號1樓,26000000,1120424
4316,52620699,企府貿易有限公司,臺中市東區樂成里建成路535號1樓,12000000,1120425
4330,52684172,榮笠企業股份有限公司,臺中市潭子區東寶里大德一路84巷6號1樓,5000000,1120417
4331,52686707,合濟工業股份有限公司,臺中市南屯區精科一路1號,350000000,1120412
4338,52699359,存德木業有限公司,臺中市烏日區前竹里中山路一段和平巷81號,29000000,1120412
4344,52713269,塑台工業股份有限公司,臺中市北區崇德路一段645巷7號,10000000,1120418
4349,52750088,鐵店機械工業股份有限公司,臺中市烏日區螺潭里慶光路98之11號,16000000,1120426
4352,52758286,福績樹脂化工股份有限公司,臺中市西屯區工業區三十六路11號1樓,54500000,1120417
4354,52784171,邦泰複合材料股份有限公司,臺中市潭子區豐興路2段龍興巷23號之6,909660000,1120418
4375,52885804,元陞企業股份有限公司,臺中市大里區永隆里東榮路642號1樓,37000000,1120406
4376,52886780,寧茂企業股份有限公司,臺中市西屯區協和里工業區三十三路17號1樓,257000000,1120407
4408,53036077,好神奇實業股份有限公司,臺中市太平區太平里永豐路108巷13號,5000000,1120410
4412,53040683,凱悅生化科技有限公司,臺中市大里區大元里大衛路43之4號,5000000,1120414
4413,53041888,彬成皮件有限公司,臺中市北屯區天津路三段157號1樓,1000000,1120413
4415,53042789,合宥企業有限公司,臺中市北區忠明路317號1樓,3000000,1120406
4416,53047291,體安穩生物科技開發股份有限公司,臺中市太平區中山里中源街2巷17號1樓,5000000,1120427
4417,53047433,庭林建設有限公司,臺中市南屯區公益路二段515號1樓,60000000,1120426
4418,53048670,唐殿股份有限公司,臺中市大里區立元路48號1樓,5975000,1120419
4421,53053997,尚鴻泰工程有限公司,臺中市太平區宜佳里宜福街42巷5號1樓,2000000,1120413
4427,53068719,浤福鞋業有限公司,臺中市大甲區庄美里興安路130號,10000000,1120425
4428,53071968,康富來國際事業有限公司,臺中市北屯區文心路四段955號17樓,5000000,1120413
4472,53119251,馬到成功生活行銷有限公司,臺中市南區和平里忠明南路758號14樓,1000000,1120417
4482,53132212,易栗有限公司,臺中市北區新北里育才南街41號1樓,2500000,1120427
4483,53132487,廣鋐電機工程科技實業有限公司,臺中市西屯區西平里烈美街146號6樓之3,1200000,1120410
4485,53137693,金覲覺貿易有限公司,臺中市龍井區新東里新興路7巷3號1樓,1900000,1120417
4488,53142675,耕本食品有限公司,臺中市南屯區溝墘里大業路180號14樓之5,10000000,1120410
4490,53143858,勝兆企業有限公司,臺中市大肚區中和里南榮路370巷21弄7號,3000000,1120407
4492,53146834,人文禮儀股份有限公司,臺中市西屯區福科路912號,9500000,1120425
4494,53149585,成豫實業股份有限公司,臺中市南區福順里忠明南路789號26樓之2,15000000,1120406
4497,53155967,佳均資訊有限公司,臺中市東區富仁里富榮街73號2樓,500000,1120406
4498,53157043,麒龍貿易有限公司,臺中市清水區中央路43巷7號1樓,1080000,1120411
4504,53166113,閃耀事業股份有限公司,臺中市西區双龍里英才路501號7樓,14880000,1120419
4513,53173698,宗隆塑膠有限公司,臺中市龍井區麗水里龍港路501巷36弄22號,5000000,1120411
4514,53173780,太乙土地開發股份有限公司,臺中市西區自由路一段40之17號1樓,3600000,1120417
4515,53174900,明智工程有限公司,臺中市南屯區溝墘里大正街88號21樓之3,2000000,1120418
4570,53260145,九廣數位語音科技企業有限公司,臺中市西區南屯路一段152之12號12樓,1000000,1120424
4571,53261622,昌利豐企業有限公司,臺中市北屯區后庄里中清路二段1022號1樓,1000000,1120410
4578,53267196,曄鋒企業有限公司,臺中市西屯區大信街50號8樓之3,1000000,1120406
4579,53269244,信晟印刷有限公司,臺中市中區柳川里光復路126巷3號1樓,1000000,1120421
4581,53270777,品承科技有限公司,臺中市南區忠孝路121巷1弄2號1樓,250000,1120406
4589,53289261,雄盈有限公司,臺中市東區東門里東門路99號1樓,800000,1120424
4590,53289558,尚捷車業有限公司,臺中市太平區振福路435巷9弄13號1樓,1000000,1120413
4596,53295025,艾可特國際貿易有限公司,臺中市西屯區大墩二十街106號,8288000,1120414
4597,53296657,振順科技企業有限公司,臺中市神岡區豐工路663巷41號,3000000,1120406
4601,53301954,永騰錩不動產開發有限公司,臺中市西屯區逢福里河南路二段173號1樓,1000000,1120412
4603,53303340,聽友實業有限公司,臺中市北區賴旺里中清路一段860號1樓,2389000,1120424
4644,53367364,笙鉅實業有限公司,臺中市大甲區文武里仁愛街225號1樓,1000000,1120419
4645,53373957,田屋科技股份有限公司,臺中市太平區太平里永平路三段143號,29000000,1120419
4648,53376292,羿承科技有限公司,臺中市神岡區中山路667巷32弄38號,20100000,1120406
4649,53377742,鋐通企業股份有限公司,臺中市潭子區大富路二段14號,16000000,1120414
4651,53378854,和潤國際有限公司,臺中市烏日區烏日里新興路100號1樓,5000000,1120414
4654,53387903,廣山科技股份有限公司,臺中市大雅區文雅里中山北路516號1樓,28000000,1120418
4657,53390219,中聯興國際有限公司,臺中市潭子區大豐路一段201之2號,30000000,1120413
4664,53397938,貞雄有限公司,臺中市南屯區精誠路442巷3號1樓,420000000,1120424
4708,53470661,雲呈建設股份有限公司,臺中市霧峰區本鄉里振祥街56號1樓,28500000,1120407
4710,53472513,博樺有限公司,臺中市大雅區六寶里中清路四段811巷5弄6號1樓,300000,1120417
4716,53481484,全運小客車租賃有限公司,臺中市北屯區經貿一路108巷192號1樓,15000000,1120424
4717,53483862,聯泰汽車有限公司,臺中市大里區新里里德芳路二段50號,12000000,1120413
4719,53488923,國豐資源回收有限公司,臺中市豐原區中興里大明路246號3樓,500000,1120424
4720,53489492,群崙建材股份有限公司,臺中市南區福平里復興路三段13號,3600000,1120417
4730,53500460,富築不動產有限公司,臺中市西屯區何厝里西屯路二段69號1樓,2000000,1120424
4732,53501881,之間廣告有限公司,臺中市西區臺灣大道二段285號20樓,1000000,1120427
4745,53528256,宏亞精密科技有限公司,臺中市西屯區工業區一路2巷3號10樓之3,10000000,1120406
4752,53540081,景創科技股份有限公司,臺中市豐原區豐田里豐原大道三段88號,16000000,1120414
4797,53600572,祥業興業有限公司,臺中市西區民龍里臺灣大道二段186號24樓之2,100000,1120413
4801,53602987,品昇企業有限公司,臺中市南區和平里復興路二段71巷27號,1000000,1120410
4802,53605817,芳銳國際有限公司,臺中市大里區瑞城里瑞城一街125巷12號1樓,10000000,1120407
4803,53609594,世紀開發管理顧問有限公司,臺中市南區忠明南路686號1樓,1000000,1120414
4804,53611162,聯合不動產經紀有限公司,臺中市北屯區中清路二段448、450號,1000000,1120413
4814,53622695,觀吉欣綠能科技股份有限公司,臺中市南屯區豐樂里豐安街156號1樓,5000000,1120425
4822,53633118,宸漢實業有限公司,臺中市南區積善里五權南路752號1樓,1000000,1120407
4830,53642664,愛裡時氣味藝術創意有限公司,臺中市西區忠誠里忠明南路42號5樓,5000000,1120414
4833,53647936,亞信數位科技有限公司,臺中市潭子區甘蔗里勝利九街50巷6號一樓,500000,1120410
4848,53663626,香港商泰嵩國際亞洲有限公司,臺中市西屯區市政北二路238號19樓之5,3000000,1120424
4881,53714998,華鎰金屬工程有限公司,臺中市西區忠明里臺灣大道二段498號20樓之3,5000000,1120419
4887,53720160,永律投資股份有限公司,臺中市南區忠明南路789號13樓之2,11600000,1120411
4923,53786802,鎂基股份有限公司,臺中市梧棲區自立路51號,316000000,1120424
4927,53800683,泰順開發工程有限公司,臺中市神岡區神圳路24之4號1樓,900000,1120406
4930,53802970,皇欣國際實業有限公司,臺中市北屯區平福里安順東八街48巷2號1樓,300000,1120413
4934,53811909,晨裕實業有限公司,臺中市東區建功街69號1樓,1500000,1120425
4937,53816257,生展生鮮蔬果股份有限公司,臺中市烏日區溪南路二段352巷9號,88000000,1120417
4940,53818522,莫爾設計有限公司,臺中市南區復興路二段15巷9號1樓,8000000,1120413
4943,53824600,捷達技術服務股份有限公司,臺中市大里區東南路148巷34弄11號,5000000,1120419
4944,53826516,豐嘉有限公司,臺中市中區公園路8號1樓,150000,1120424
4947,53828866,鴻達運通貿易有限公司,臺中市南屯區田心里惠德街212號1樓,1000000,1120410
4951,53833306,鈺昌國際股份有限公司,臺中市豐原區博愛街60巷30號1樓,63668000,1120424
4953,53835965,台中旅館管理顧問有限公司,臺中市東區新庄里復興路四段158號3樓,200000,1120424
4956,53837400,東縈水電工程有限公司,臺中市潭子區家興里榮興街57巷25號1樓,2000000,1120414
4959,53841122,銓果精密有限公司,臺中市外埔區大同里后寮路1之1號,2500000,1120424
4966,53847218,一凜有限公司,臺中市南屯區大誠里大墩三街105號1樓,5000000,1120406
4969,53851182,全宏汽車材料有限公司,臺中市北屯區仁和里崇德九路622號1樓,1000000,1120410
4971,53855568,拓普照明有限公司,臺中市神岡區圳前里圳岸路33之6號1樓,5000000,1120412
4973,53859430,立遠企業有限公司,臺中市大甲區龍泉里吉祥二街126號1樓,1000000,1120407
4975,53860540,日升昌企業有限公司,臺中市西屯區福順路138號2樓之2號,500000,1120426
4976,53860838,詠美建設股份有限公司,臺中市太平區永隆里光興路658號2樓,16000000,1120417
4977,53864980,森錩國際有限公司,臺中市南區五權南路297之2號,2000000,1120412
4981,53869155,浮雲客棧股份有限公司,臺中市西屯區西安街277巷59號,595800000,1120418
4982,53869710,富豪國際大飯店有限公司,臺中市東區新庄里復興路四段158號3樓,1000000,1120425
4984,53875641,雅鈺有限公司,臺中市西屯區文心路三段241號21樓之7,1000000,1120413
5050,53959297,台灣岩間精機有限公司,臺中市潭子區大富路三段20之2號,4000000,1120420
5051,53959439,協益機械板金有限公司,臺中市太平區光華里長安六街60號1樓,500000,1120419
5055,53963829,宏昌生命禮儀有限公司,臺中市北區中清路一段89號13樓之7,500000,1120424
5056,53963882,歆動音樂藝術有限公司,臺中市大雅區學府路250巷106號,7000000,1120425
5059,53966277,玉淞實業有限公司,臺中市西屯區港尾里中清路二段1250巷130弄12號,5000000,1120424
5065,53976015,益台消防安全設備有限公司,臺中市大雅區秀山路133號1樓,5000000,1120425
5067,53977719,迪禾五金有限公司,臺中市大甲區經國路268號1樓,500000,1120419
5075,53981761,創暐自動控制有限公司,臺中市大里區金城里上興街二段68巷1之1號1樓,1000000,1120413
5076,53988096,金豐盛食品股份有限公司,臺中市烏日區高鐵路一段1號,256544550,1120417
5079,53991108,日禾食研股份有限公司,臺中市中區中華西街9號1樓,1000000,1120427
5081,53991557,臻鼎興業有限公司,臺中市西屯區青海路二段153號2樓,2000000,1120420
5084,53998762,羽澤空間整合室內裝修有限公司,臺中市東區東英里喬城一街143號1樓,2000000,1120425
5085,53998968,裕成冷氣工程有限公司,臺中市西屯區上安里臺灣大道三段556巷35號1樓,2500000,1120419
5092,54005621,星際音響有限公司,臺中市大里區東湖里中山路208號,150000,1120420
5094,54014353,全齡滋育顧問有限公司,臺中市西屯區市政北七路186號5樓之2,500000,1120414
5151,54092532,永豐運動有限公司,臺中市西屯區文心路三段241號21樓之10,1500000,1120425
5153,54097467,太帥不動產有限公司,臺中市西屯區福林里玉門路100號1樓,500000,1120418
5155,54098281,和群工程有限公司,臺中市北屯區北京里進化北路54號1樓,400000,1120413
5170,54112214,文瑄投資股份有限公司,臺中市清水區槺榔里港都路155號10樓之2,22000000,1120425
5180,54123248,元訊電腦有限公司,臺中市烏日區九德里中山路一段332號1樓,500000,1120419
5186,54130536,承果企業有限公司,臺中市南屯區黎明路二段426號13樓之3,3000000,1120417
5190,54139157,元棠開發有限公司,臺中市南屯區大墩六街335號12樓之2,5000000,1120414
5226,54184960,雀客旅館股份有限公司,臺中市西屯區黎明路三段348號6樓,121650000,1120425
5256,54219525,永淳興業有限公司,臺中市大里區東湖里長春路66號1樓,2000000,1120410
5259,54221629,金元盛國際有限公司,臺中市西屯區何成里大容西街25號4樓之2,850500,1120414
5261,54225673,丞信興業有限公司,臺中市北區樂英里水源街10號,1000000,1120410
5263,54226379,鄉鄰日式搬家有限公司,臺中市西區五權五街151號6樓之4,10000000,1120411
5264,54227617,智盈國際投資股份有限公司,臺中市西屯區何源里河南東四街36之12號,2000000,1120419
5266,54232127,國垣機械有限公司,臺中市龍井區龍津里中央路一段135巷35弄9號1樓,200000,1120407
5270,54238425,星智得綠能源股份有限公司,臺中市神岡區豐洲里神洲路46巷46號,6400000,1120411
5275,54245241,萬通汽車有限公司,臺中市西屯區港尾里環中路一段2280號1樓,5000000,1120411
5276,54246419,台灣芳吉絲國際股份有限公司,臺中市大肚區頂街里大明二街78號,5000000,1120418
5279,54251019,亞洲威網數位科技有限公司,臺中市西屯區朝富路213號19樓之11,6137550,1120426
5280,54252707,榛冠鈞國際開發有限公司,臺中市西屯區永安里福雅路255之15號,9400000,1120406
5285,54262450,元華電子材料有限公司,臺中市西屯區西墩里黎明路三段321號1樓,1000000,1120406
5286,54262732,玉誠不動產有限公司,臺中市西屯區福林里福康路83號1樓,2500000,1120406
5289,54265533,華旺環球有限公司,臺中市西屯區市政北二路282號21樓之10,1300000,1120413
5290,54267912,燈豐國際貿易有限公司,臺中市西屯區廣福路272巷31號,1000000,1120420
5291,54268623,米成工程有限公司,臺中市南區樹義里樹義二街27號1樓,2000000,1120414
5322,54305182,衛星科技股份有限公司,臺中市北區西屯路一段226之5號,244925930,1120410
5454,54577579,鮨富國際股份有限公司,臺中市西屯區何南里精誠路30號,7500000,1120419
5456,54586155,棋昌興業有限公司,臺中市西屯區黎明路三段388之2號1樓,1000000,1120406
5457,54587289,蒲納有限公司,臺中市北屯區仁和里山西路三段179號,1000000,1120425
5458,54588251,郁榮園有限公司,臺中市西區臺灣大道二段16號12樓,1100000,1120426
5459,54590159,睿康生醫股份有限公司,臺中市南屯區精科南路99號4樓之1,65000000,1120420
5460,54590783,三意建設有限公司,臺中市南區建國南路3段149巷10號2樓,10000000,1120420
5461,54591951,芭樂誌有限公司,臺中市西屯區大墩二十街118號5樓之1,2000000,1120421
5462,54593402,旭原興業有限公司,臺中市西區精誠二十街42之1號1樓,6000000,1120425
5463,54596668,富喬克投資有限公司,臺中市西屯區上石里青海路二段240之6號20樓之3,20000000,1120406
5464,54596885,達欣衛星車隊股份有限公司,臺中市西屯區智惠街83號1樓,5000000,1120419
5466,54604251,柏境數位科技文創股份有限公司,臺中市大里區日新里福大路41號2樓,1300000,1120417
5467,54607481,禾安投資開發有限公司,臺中市西屯區市政北二路479號3樓,888608488,1120411
5468,54607601,裕民保險經紀人股份有限公司,臺中市南屯區五權西路二段1161號3樓,5000000,1120412
5469,54608123,富園建設有限公司,臺中市大肚區大東里自由路127號1樓,600000,1120406
5471,54608469,依柏鋼索企業有限公司,臺中市大雅區上楓里樹德街86巷40號1樓,2000000,1120424
5593,54740468,川風堂有限公司,臺中市北屯區平心里昌平路一段95之8號5樓之2,1000000,1120421
5594,54741229,如寓有限公司,臺中市神岡區豐原大道七段579號,137000000,1120410
5595,54743401,聯宥水電工程有限公司,臺中市南區南和里忠明南路906號7樓之1,5000000,1120406
5597,54745169,自貿港股份有限公司,臺中市西屯區福安路55巷3號27樓之2,25000000,1120424
5598,54747390,台灣東海工業股份有限公司,臺中市北屯區平安里崇德路二段128號16樓之1,10000000,1120426
5599,54747883,德鑫投資股份有限公司,臺中市西屯區惠來里市政路386號14樓之8,25000000,1120424
5600,54748341,傑宇室內裝修工程有限公司,臺中市大肚區大東里仁德路66東一巷10弄3號1樓,2000000,1120412
5601,54749067,欣懋環保有限公司,臺中市沙鹿區公明里樂群新莊48號之2,2150000,1120425
5602,54750583,興富開發有限公司,臺中市潭子區潭陽里圓通南路160號,10000000,1120425
5603,54751680,鈾科有限公司,臺中市豐原區仁洲街42巷25弄21號1樓,3000000,1120421
5604,54753907,四季國際實業有限公司,臺中市西屯區潮洋里市政北二路238號27樓之1,5000000,1120410
5605,54756854,德醫健康事業股份有限公司,臺中市西屯區林厝里東大路一段1202號1樓,7000000,1120406
5606,54761619,高科通信股份有限公司,臺中市南區光輝街66號,1000000,1120411
5607,54762434,震豪國際股份有限公司,臺中市西區民龍里臺灣大道二段285號20樓,27000000,1120425
5608,54762645,尚紘祥實業有限公司,臺中市北區錦祥里進化路575號11樓之1,10000000,1120424
5610,54763927,大萬不動產有限公司,臺中市南屯區三厝里向上路三段43號1樓,1000000,1120420
5611,54765100,景德行木業有限公司,臺中市后里區墩東里福德路113巷2弄20號,12000000,1120417
5613,54765946,聯立國際股份有限公司,臺中市大甲區江南里東西六路一段152巷8號,9800000,1120411
5614,54766847,永新車業有限公司,臺中市外埔區大同里中山路141號1樓,2000000,1120418
5615,54768346,超吉有限公司,臺中市北屯區松強里松竹路二段350號7樓之2,8800000,1120425
5701,54883269,鼎創科材料股份有限公司,臺中市太平區工業十四路50號,150000000,1120419
5702,54883845,毅鼎工程有限公司,臺中市豐原區社皮路123巷11弄6號2樓,2000000,1120412
5704,54890894,來新光電股份有限公司,臺中市沙鹿區屏西路296號1樓,25000000,1120425
5705,54890959,敦謙國際智能科技股份有限公司,臺中市西屯區西墩里黎明路三段348號6樓,332120562,1120414
5706,54892160,握沃貿易股份有限公司,臺中市西屯區上石里青海路二段292之1號3樓,5000000,1120407
5707,54894701,癮視有限公司,臺中市東區建成路320號1樓,300000,1120418
5708,54894955,東南國際貿易有限公司,臺中市北屯區平興里北屯路409之25號11樓,4500000,1120410
5709,54895080,昶榮精密有限公司,臺中市大里區新仁七街46巷12號2樓,500000,1120414
5710,54895407,合駿有限公司,臺中市神岡區大漢街1巷36號1樓,5000000,1120419
5711,54898024,春雲時雨有限公司,臺中市西屯區何南里大墩二十街118號5樓之1,3000000,1120418
5712,54898495,恆準興業有限公司,臺中市大雅區義和路46巷1弄5號1樓,1000000,1120424
5713,54899023,政弘企業有限公司,臺中市南區南門里合作街375號1樓,2000000,1120424
5714,54899121,宇全運動有限公司,臺中市南屯區大同里向上南路一段167號3樓之2,500000,1120412
5716,54909681,怪獸投資股份有限公司,臺中市北區立人里華美街二段228之1號地下1樓,20000000,1120424
5786,54980972,好運科技有限公司,臺中市北屯區水湳里文心路三段447號4樓,2000000,1120417
5806,54992077,瀚點國際股份有限公司,臺中市北屯區廍子里環太東路723號1樓,600000,1120420
5811,54996073,塞席爾商鴻鈞貿易有限公司,臺中市西區公益里忠明南路237號9樓之3,15000000,1120421
5818,55051642,日暐綠能股份有限公司,臺中市北區臺灣大道二段360號5樓之1,23000000,1120410
5823,55218609,益源木業股份有限公司,臺中市豐原區陽明里府前街17號,1400000,1120424
5833,55630333,營和交通事業有限公司,臺中市豐原區田心里中山路59巷1弄50號1樓,300000,1120427
5836,55644224,大越金屬工業股份有限公司,臺中市大雅區中清路四段590號,30000000,1120425
5846,55692626,群將工業股份有限公司,臺中市南屯區河南路四段460號14樓之5,15000000,1120412
5848,55697707,安鼎營造股份有限公司,臺中市西屯區協和里安和一街89號2樓,210000000,1120419
5849,55701385,建中船務代理股份有限公司,臺中市梧棲區四維中路234號,10000000,1120424
5850,55704030,中港報關行股份有限公司,臺中市潭子區甘蔗里中山路二段283巷28號3樓,1200000,1120411
5862,55763966,明田鐵工廠股份有限公司,臺中市大里區塗城路35號,15600000,1120411
5870,55773789,霟雲時尚學苑有限公司,臺中市西區美村路一段133巷13號1樓,1000000,1120424
5884,55845290,天葆股份有限公司,臺中市豐原區翁子里豐勢路二段480巷37號,29000000,1120425
5893,55878518,隆典實業股份有限公司,臺中市太平區工業二十路97號,313466000,1120427
5902,55919031,敦南營造有限公司,臺中市西屯區市政路386號25樓之8,60000000,1120410
5910,55965528,何榮工業股份有限公司,臺中市神岡區豐工南路40號,15000000,1120417
5913,55991080,矽品精密工業股份有限公司,臺中市潭子區大豐里大豐路3段123號,37857488780,1120412
5917,56219140,寶昌隆股份有限公司,臺中市北區文心路4段212號7樓之1,8000000,1120424
5919,56271200,進益紡織股份有限公司,臺中市清水區田寮里高美路190號,3000000,1120418
5933,56625581,隴億科技股份有限公司,臺中市大甲區日南里中山路二段914之9號,29000000,1120424
5943,56650862,鋐光實業股份有限公司,臺中市外埔區鐵山里長生路816號,266600000,1120427
5946,56664394,元翔材料有限公司,臺中市南屯區南屯路二段290號8樓之3,5100000,1120412
5949,56677567,技緻企業有限公司,臺中市龍井區新東里臺灣大道五段3巷62弄21號3樓,70000,1120428
5958,56699345,達賢實業股份有限公司,臺中市大甲區日南里幼獅路63之1號,5000000,1120413
5964,56810565,日鼎木業股份有限公司,臺中市豐原區成功路133巷20弄25號1樓,6000000,1120417
5976,57140109,廣錄有限公司,臺中市北屯區祥順路二段238號1樓,500000,1120419
5977,57168268,葉山塑膠工業股份有限公司,臺中市烏日區三和里學田路45號,25000000,1120411
5978,57196840,台灣車樂美縫衣機股份有限公司,臺中市霧峰區吉峰里吉峰路101號,300000000,1120407
5979,57223902,興國橡膠廠股份有限公司,臺中市大肚區沙田路一段596號,434000000,1120418
5981,57546115,谷關觀光企業股份有限公司,臺中市和平區博愛里東關路一段溫泉巷6號,97200000,1120407
6003,59015155,煥鑫國際有限公司,臺中市北屯區松竹里崇德七路172號4樓,100000,1120413
6021,59064486,榮譽之都科技有限公司,臺中市西區民龍里臺灣大道二段186號20樓之5,3000000,1120427
6042,59185432,阿斯嘉有限公司,臺中市潭子區頭家東里中山路一段362巷30號,1300000,1120406
6125,59798707,力研量測儀器股份有限公司,臺中市西屯區林厝里福雅路383號,4000000,1120407
6126,59816016,好甜有限公司,臺中市北屯區舊社里南興路176號1樓,5200000,1120413
6127,59855903,秋奇稹有限公司,臺中市西屯區何仁里洛陽路113號1樓,223456,1120417
6128,59856522,大創物業管理顧問股份有限公司,臺中市南區新和街112號,1900000,1120424
6129,59862524,林德生醫科技有限公司,臺中市南屯區惠中里大正街36之3號1樓,10000000,1120424
6131,59887412,黑沃國際事業股份有限公司,臺中市南區永興里高工路371號1樓,1000000,1120406
6132,60200397,和鴻醫療器材有限公司,臺中市北屯區水湳里文心路三段447號4樓,500000,1120425
6133,60205626,亞歐達生技股份有限公司,臺中市北屯區北屯里太原路三段173之1號2樓,1000000,1120426
6134,60210661,味祖野股份有限公司,臺中市西區忠明里華美街466號3樓,5808000,1120425
6135,60218869,中網網業有限公司,臺中市中區光復里臺灣大道一段306巷35號7樓之19,4000000,1120421
6136,60221180,文礦資訊科技有限公司,臺中市梧棲區福德里忠孝街125號1樓,500000,1120407
6137,60224659,聯創展業股份有限公司,臺中市東區自由路四段479號,10000000,1120406
6138,60226679,有興智慧工程有限公司,臺中市南屯區寶山里工業區十九路10號4樓,1000000,1120410
6139,60226946,新沃有限公司,臺中市清水區南社里民族路二段210號,1000000,1120406
6140,60227348,瑞興國際開發有限公司,臺中市西屯區福和里臺灣大道四段771號10樓,5000000,1120425
6141,60232519,潤豐創新開發有限公司,臺中市東區東福路43號1樓之5,20009000,1120406
6142,60232567,艾盛有限公司,臺中市中區光復路197號,100000,1120407
6144,60240497,愛麗達貿易有限公司,臺中市太平區新興里新福路1150號2樓,4000000,1120411
6145,60243852,拓普股份有限公司,臺中市神岡區圳前里圳岸路33之6號1樓,5000000,1120412
6146,60245726,金泓昇水產股份有限公司,臺中市太平區新平路一段279巷85號1樓,5000000,1120410
6148,60246507,商碩企業有限公司,臺中市潭子區民族路三段137之1號,24000000,1120426
6149,60246788,宥丞衛材企業有限公司,臺中市南屯區豐樂里文心南六路171巷32號3樓,1000000,1120425
6150,60246957,永利全有限公司,臺中市大里區國中路165號,6800000,1120407
6151,60250375,泉丞科技有限公司,臺中市南區樹德里德富路126號1樓,5000000,1120427
6152,60250522,惡魔通訊有限公司,臺中市西屯區逢福里文華路19之4號,500000,1120414
6153,60261859,諾斯賽爾有限公司,臺中市北屯區崇德二路二段168號,500000,1120427
6155,60265736,宏家管理顧問有限公司,臺中市南區和平里南平路33號4樓,70587700,1120413
6156,60268678,佑祥實業有限公司,臺中市西屯區何厝里何厝東二街23號9樓之3,100000,1120420
6157,60269120,美齊室內裝修有限公司,臺中市北區崇德里進化北路97之1號2樓,500000,1120417
6159,60275256,旺聖實業有限公司,臺中市霧峰區中投東路二段186號,15000000,1120417
6160,60276874,藤田國際實業有限公司,臺中市南屯區文心里向心路150號4樓,1000000,1120427
6161,60279318,協聖興業股份有限公司,臺中市梧棲區自立路116號,29000000,1120420
6162,60279823,樂豐國際開發有限公司,臺中市南屯區同心里大墩一街235號7樓之5,6000000,1120406
6163,60279871,永豐泰科技企業有限公司,臺中市大里區仁化工三路2號,20000000,1120413
6164,60283214,臺中捷運股份有限公司,臺中市北屯區舊社里5鄰松竹路1段1000號,3000000000,1120417
6165,60290685,旭勝鞋業國際股份有限公司,臺中市西屯區惠來里市政北七路159號4樓之3,67577870,1120420
6167,60296338,日喬恩生技有限公司,臺中市北屯區松強里松竹路二段346巷3號7樓之1,5000000,1120411
6168,60296463,佑鑫鋼鋁工程有限公司,臺中市北屯區太安二街32號1樓,2000000,1120427
6169,60296891,鴻旺實業股份有限公司,臺中市大里區仁化里仁美路98號,500000,1120411
6170,60301395,漢玥室內裝修設計有限公司,臺中市西區柳川西路二段42號1樓,300000,1120412
6171,60302900,寶睿地產股份有限公司,臺中市西區民權路219號12樓,10000500,1120413
6172,60306080,奇博仕企業管理顧問有限公司,臺中市西屯區福中里福中十一街37號1樓,500000,1120411
6173,60325707,薄荷小姐有限公司,臺中市北區新北里一中街145號,100000,1120425
6174,60362054,永讚機械有限公司,臺中市大甲區岷山里大發路68號,1000000,1120424
6175,60378252,騰浩昇興業有限公司,臺中市梧棲區中和街170巷11號1樓,500000,1120420
6176,60382925,如泉不動產股份有限公司,臺中市大肚區自強里遊園路二段181巷27之1號,12000000,1120410
6177,60384249,新益康有限公司,臺中市南屯區向心里文心南二路390號14樓之2,500000,1120425
6178,60391065,鈦森消防設備有限公司,臺中市南屯區寶山里五權西路三段1之46號1樓,3000000,1120417
6179,60469648,康曜生物科技股份有限公司,臺中市南屯區溝墘里大墩十三街18號1樓,4000000,1120426
6180,60677202,祿肯有限公司,臺中市西屯區福安里安和路168號2樓之1,5000000,1120417
6181,60738405,昶青實業股份有限公司,臺中市烏日區溪南路二段352巷9號,105000000,1120412
6182,60745715,紳塾國際股份有限公司,臺中市西屯區西屯路三段153之5號2樓之1,4000000,1120417
6185,61341000,康蒔生活有限公司,臺中市北屯區水湳里文心路三段447號22樓之2,2000000,1120417
6186,61435409,倢侑貿易有限公司,臺中市南屯區寶山東二街13號,1450000,1120410
6188,61491703,英倫開發建設股份有限公司,臺中市南屯區公益路二段51號6樓,70000000,1120412
6189,61521690,日晶投資有限公司,臺中市豐原區三和路354巷175號1樓,24000000,1120426
6191,61758012,厲勝國際股份有限公司,臺中市西區向上路一段109號,24000000,1120418
6193,61766553,雙冠實業有限公司,臺中市西區大仁街1號,1000000,1120407
6196,61779396,浩盛工程股份有限公司,臺中市南屯區田心里大墩四街321號地下一層,1000000,1120424
6197,61780210,宥竤科技建設股份有限公司,臺中市西區五權五街151號8樓之5,2000000,1120424
6198,61787608,永力達國際股份有限公司,臺中市西區忠誠里忠義街27號,6000000,1120425
6201,61814921,微視野股份有限公司,臺中市西區民龍里英才路530號19樓之5,29600000,1120424
6202,61821009,展煜材料實業有限公司,臺中市南屯區豐樂里文心南五路一段260巷10弄28號,10400000,1120425
6204,61821351,明澄有限公司,臺中市北屯區軍功里軍榮五街151巷18號3樓,1200000,1120410
6206,61828306,簡輕家居股份有限公司,臺中市西區忠誠里華美西街一段36號2樓,12000000,1120414
6207,61835762,振宏自動化有限公司,臺中市北區忠明路502之7號3樓之1,1000000,1120420
6208,61846472,快樂國際開發有限公司,臺中市北屯區松竹里崇德路二段460號14樓,1500000,1120414
6211,61858504,楓霖災防科技有限公司,臺中市北屯區同榮里同榮路90號1樓,1000000,1120425
6213,61863437,肯驛國際行銷股份有限公司,臺中市北區華信街8號2樓,10000000,1120426
6214,61863963,肯驛商務股份有限公司,臺中市北區華信街8號2樓,10000000,1120425
6215,61869489,雄蜂能源科技有限公司,臺中市清水區吳厝里吳厝路198巷68號1樓,1000000,1120417
6216,61870985,源晶生技股份有限公司,臺中市霧峰區中正路653號2樓,2400000,1120410
6217,61881890,力守實業有限公司,臺中市神岡區社南里中山路749號,200000,1120410
6218,61882357,伯尼創意科技有限公司,臺中市北屯區大德里平德路76號1樓,600000,1120407
6219,61901116,澄逸室內裝修設計工程有限公司,臺中市大甲區光明路146號2樓,7500000,1120420
6221,61903992,均立水產有限公司,臺中市沙鹿區向上路七段612號1樓,200000,1120428
6222,61907890,速可達智慧動力科技有限公司,臺中市西屯區西屯路二段269之40號2樓,15000000,1120424
6223,61911450,翔統企業股份有限公司,臺中市霧峰區甲寅里中正路1166號1樓,3000000,1120426
6225,61917222,斯貝夫股份有限公司,臺中市西區明義街77號2樓,5000000,1120410
6226,61917671,穀金傳奇股份有限公司,臺中市大里區永隆里永大街232巷3號,1050000,1120414
6227,61930029,弘利實業有限公司,臺中市南屯區惠中里文心路一段324號11樓之1,2000000,1120407
6229,61939099,希爾頓股份有限公司,臺中市北區中清路一段521號,34000000,1120419
6230,61939372,萬通商品開發有限公司,臺中市西屯區文心路三段241號14樓之8,1000000,1120424
6231,61944678,益銘精密有限公司,臺中市大甲區西岐里如意路33巷1號,1000000,1120418
6232,61944972,禾康精密科技有限公司,臺中市東區東英里十甲路409號5樓之2,5000000,1120426
6233,61949462,韻合國際有限公司,臺中市北屯區軍福十三路36之42號,5000000,1120426
6234,61953660,甲子網路科技有限公司,臺中市西屯區何南里大墩二十街99號5樓,1000000,1120424
6235,61955999,御雲品企業有限公司,臺中市豐原區永康路319號1樓,29500000,1120406
6236,61960613,合聚興業有限公司,臺中市大里區西柳街32巷15號1樓,500000,1120406
6237,62072926,席德科技股份有限公司,臺中市西屯區逢福里河南路二段262號12樓之8,13583500,1120420
6238,62197904,弘暘投資股份有限公司,臺中市北屯區舊社里松竹五路一段235號1樓,101100000,1120406
6239,62200605,嘉貿服裝有限公司,臺中市南區南和里工學三街56號,500000,1120406
6240,62226507,菓樂國際貿易有限公司,臺中市北屯區水湳里文心路三段447號22樓之2,500000,1120417
6241,62565626,信展室內裝修有限公司,臺中市大里區東興里國光路二段500號5樓之5,800000,1120406
6242,63002499,吾宅制作設計有限公司,臺中市西屯區福林里西屯路三段宏福二巷8號1樓,500000,1120424
6243,63055100,鋐曜興業股份有限公司,臺中市外埔區鐵山里長生路866號1樓,4000000,1120427
6244,63107579,茁壯開發投資有限公司,臺中市中區自由路二段18號1樓,20000000,1120424
6245,63108535,定展建設有限公司,臺中市大雅區中山北路473巷11號2樓,21000000,1120419
6247,63331801,城鈺建設股份有限公司,臺中市大里區中新里現岱路18號2樓,30000000,1120411
6250,63759184,謙升益物業有限公司,臺中市大里區長榮里中興路二段153巷3號11樓,200000,1120406
6251,63780200,維成有限公司,臺中市后里區墩北里月湖路90巷2號,2000000,1120410
6253,63806406,卓峰智慧生態有限公司,臺中市西屯區市政路386號24樓之6,2500000,1120421
6254,64115302,聚大智能科技股份有限公司,臺中市大里區健民里仁化路125巷18弄6號,6000000,1120425
6255,64136003,耀星流行有限公司,臺中市西屯區文心路三段294之1號1樓,400000,1120407
6256,64143709,威聯建設有限公司,臺中市西區忠誠里大隆路20號7樓之1,13800000,1120413
6257,64146608,得力倉儲有限公司,臺中市大里區向學路62巷18弄7號,1000000,1120411
6258,64191103,均達國際有限公司,臺中市中區民族路23號4樓之2,100000,1120419
6355,66522368,譽輝國際有限公司,臺中市西屯區市政北七路155號1樓,4030000,1120425
6425,68616860,台北藏賜寶生醫科技有限公司,臺中市南屯區文心南五路一段536號3樓,500000,1120427
6426,68682214,日辰太陽能股份有限公司,臺中市北區臺灣大道二段360號5樓之1,31000000,1120417
6481,69573087,利通能源科技股份有限公司,臺中市大雅區科雅路41號3樓,80000000,1120419
6566,70406593,駿業通運有限公司,臺中市南屯區豐樂里文心南五路一段420號1樓,50000000,1120419
6597,70485652,佶來國際企業有限公司,臺中市豐原區三村里合作街151巷3弄5號1樓,1000000,1120427
6598,70486126,住茂建設股份有限公司,臺中市梧棲區頂寮里八德路98巷16號1樓,25000000,1120410
6603,70500540,學峰事業股份有限公司,臺中市梧棲區大村里立德街109號,12500000,1120413
6608,70508901,得雲精密工業有限公司,臺中市大里區瑞城里中興路一段26巷12之1號,50000000,1120424
6610,70512308,港洲建設股份有限公司,臺中市沙鹿區南斗路112巷11號1樓,25000000,1120414
6611,70520031,漢彌敦國際股份有限公司,臺中市太平區建和路一段19巷15號3樓,16000000,1120411
6615,70530805,信憲營造有限公司,臺中市大雅區大雅里中清東路130號1樓,3600000,1120418
6647,70607228,萬祈金屬工業有限公司,臺中市龍井區忠和里台西南路228巷42弄4號,4000000,1120410
6648,70609035,台華精技股份有限公司,臺中市西屯區大墩二十街169號1樓,80000000,1120427
6651,70618272,粕楷有限公司,臺中市太平區中興里永義八街10號,8000000,1120418
6652,70619792,凱崴能源股份有限公司,臺中市烏日區三和里學田路308之1號,77000000,1120414
6673,70690963,茂泰利科技股份有限公司,臺中市西屯區福雅路128巷57號,110000000,1120413
6677,70704523,連鼎工程顧問有限公司,臺中市南區工學里工學路155巷15弄16號,10000000,1120411
6683,70725908,欣連精密工業有限公司,臺中市豐原區頂街里博愛街31號3樓,6200000,1120412
6723,70848036,台灣特格股份有限公司,臺中市梧棲區緯五路六號,600000000,1120411
6767,77584609,利坤產業有限公司,臺中市南區有恒街五九號一樓,500000,1120413
6768,77938856,興中木業股份有限公司,臺中市西區五權西三街89號8樓,2500000,1120412
6776,79953797,瑞興實業有限公司,臺中市大里區仁德里善化路17號1樓,80000000,1120417
6779,79962135,成笙貿易有限公司,臺中市太平區新興里新福路1150號,20000000,1120410
6782,79966532,隨豐冷凍股份有限公司,臺中市西屯區上石里青海路二段240-1號4樓之11,10000000,1120419
6783,79970613,昇陽貿易股份有限公司,臺中市南屯區五權西路二段1036號,6000000,1120411
6788,79981061,台谷生化科技有限公司,臺中市潭子區家福里頭張路一段115號1樓,500000,1120426
6791,79989325,鴻暉工業有限公司,臺中市大肚區社腳里沙田路1段712號1樓,5000000,1120426
6799,80013528,洽利實業股份有限公司,臺中市沙鹿區鎮南路二段650號1樓,123200000,1120418
6805,80041616,益民開發建設股份有限公司,臺中市大里區東興里益民路二段362號2樓,113500000,1120410
6807,80047891,德鎧營造有限公司,臺中市西屯區逢福里河南路二段262號13樓之3,3600000,1120413
6808,80048673,捷泰橡膠工業股份有限公司,臺中市南屯區工業區二十三路39號1、2樓,50000000,1120410
6810,80049687,湘禾股份有限公司,臺中市南屯區永春東七路527號2樓之1,5000000,1120419
6812,80055836,聖杰國際股份有限公司,臺中市大雅區民生路三段158號,255000000,1120410
6816,80062230,台灣張銀傳動有限公司,臺中市西屯區福中里一鄰福中十六街5巷28號1樓,7200000,1120412
6818,80069769,波冠股份有限公司,臺中市北區博館一街7之3號,1000000,1120411
6825,80081763,醫能生物科技股份有限公司,臺中市西區東興路三段128號2樓,44050000,1120426
6830,80089462,圓境設計室內裝修有限公司,臺中市北區太原路二段32號,8000000,1120412
6832,80089961,金峰碩有限公司,臺中市北區健行里忠明路424號5樓之1,1000000,1120424
6833,80091609,高速事業股份有限公司,臺中市南屯區新生里向上路三段418號、418之1號,222000000,1120413
6835,80095041,豐士康有限公司,臺中市北區太原路二段19號1樓,10000000,1120424
6836,80097723,秦偉電機股份有限公司,臺中市豐原區西湳里三豐路二段549巷331弄17號1樓,40000000,1120421
6838,80104132,鋁匠實業有限公司,臺中市大里區新里里大里路406巷8號2樓,10000000,1120407
6840,80106194,井利工程有限公司,臺中市西屯區何德里甘州六街57號,1000000,1120407
6843,80117636,登鍠營造股份有限公司,臺中市北屯區松茂里北新路56號1樓,22500000,1120424
6846,80121646,得譯數位科技股份有限公司,臺中市龍井區新東里臺灣大道五段31號2樓,28000000,1120424
6850,80131102,協永環保工程有限公司,臺中市梧棲區南簡里長春路79巷21弄12號1樓,5000000,1120417
6897,80220245,湘禾工業有限公司,臺中市西屯區工業區40路40號,10000000,1120424
6899,80223284,太乙堂易理有限公司,臺中市烏日區榮和路208號1樓,1000000,1120411
6900,80223616,宇亮機電消防科技有限公司,臺中市北屯區仁美里豐樂路17巷18弄12號1樓,2000000,1120414
6906,80248308,台灣禧瑪諾股份有限公司,臺中市西區公德里忠明南路138號4樓之3,6750000,1120425
6908,80249670,麥克森生物科技股份有限公司,臺中市清水區楊厝里和睦路二段600號,33500000,1120406
6913,80256783,嘉濠廣告有限公司,臺中市大里區立德里立仁三路17巷47號1樓,1000000,1120418
6914,80258277,衛力營造有限公司,臺中市西區華美西街一段36號3樓,30000000,1120420
6919,80270820,兆陽財務顧問股份有限公司,臺中市西區公益路161號13樓之11,1000000,1120417
6935,80326134,天野國際開發股份有限公司,臺中市西區臺灣大道二段459號10樓,40000000,1120420
6936,80327387,綠色小鎮健康事業股份有限公司,臺中市北屯區文心路四段692之1號3樓,221134000,1120413
6961,80391161,大宮國際開發股份有限公司,臺中市西區臺灣大道二段459號11樓,190000000,1120420
6972,80410414,冠景景觀有限公司,臺中市西屯區福中里福中十五街18號1樓,2000000,1120421
6982,80442247,誼福興業股份有限公司,臺中市大里區仁化里仁化路710號1樓,1000000,1120418
6986,80448158,森邁顧問有限公司,臺中市西區公益里公益路221號14樓之3,3000000,1120421
6993,80465803,鑫弘昇有限公司,臺中市神岡區社口里民權一街56巷43號1樓,2000000,1120411
7027,80571945,沅昇投資國際股份有限公司,臺中市南屯區公益路二段898號1樓,10000000,1120425
7028,80574817,誠總建設開發有限公司,臺中市北區賴興里文心路四段212號5樓之1,16000000,1120417
7037,80596404,佳信餐飲股份有限公司,臺中市北屯區后庄里后庄路268號1樓,21500000,1120428
7043,80603904,佑林國際實業有限公司,臺中市南屯區龍富路三段658號,3000000,1120414
7047,80614705,溪尾科技股份有限公司,臺中市烏日區慶光路69之8號,30000000,1120420
7052,80627949,新立公寓大廈管理維護有限公司,臺中市西屯區文華路150巷33號2樓,10000000,1120419
7054,80635413,尚縉工業股份有限公司,臺中市西屯區中清路二段1365號1樓,1000000,1120427
7055,80635498,金詠盛有限公司,臺中市大里區瑞城里中興路1段2巷11號,15000000,1120426
7056,80636855,鴻匠科技股份有限公司,臺中市豐原區東湳里三豐路二段20巷22號1樓,47338500,1120410
7080,80706922,頂盛通國際股份有限公司,臺中市梧棲區草湳里經二路51號,80000000,1120410
7081,80707302,偉敦石材開發有限公司,臺中市大里區瑞城里中興路一段26巷37號,2500000,1120427
7090,80748508,旭城科技材料股份有限公司,臺中市霧峰區樹仁五街19號4樓,6000000,1120425
7107,82764497,更鑫開發顧問有限公司,臺中市大甲區孔門里順天路325巷14號1樓,500000,1120413
7108,82765144,芯舍股份有限公司,臺中市南屯區公益路二段61號4樓之2,2000000,1120426
7110,82770033,璽軒國際股份有限公司,臺中市南屯區永春東一路549號2樓之2,5000000,1120407
7111,82770272,紘米股份有限公司,臺中市大甲區日南里工十路8號,13000000,1120425
7112,82770596,井豐投資股份有限公司,臺中市西屯區惠來里市政北七路186號13樓之2,21000000,1120426
7120,82775543,佰諾國際有限公司,臺中市豐原區下街里源豐路150號4樓,500000,1120419
7121,82775847,寬宇商貿有限公司,臺中市西屯區工業區四十二路41號,43000000,1120412
7122,82776901,錸特創新科技股份有限公司,臺中市潭子區聚興里興豐山莊東一巷30號1樓,16982000,1120411
7123,82779007,台灣何官管理顧問有限公司,臺中市北區中清路一段100號7樓、7樓之1,300000,1120406
7124,82780074,高敬工業有限公司,臺中市大里區仁化里工業十四路28號2樓,10000000,1120414
7130,82783868,慶陽建設有限公司,臺中市北屯區大連西路42巷40號1樓,25000000,1120425
7131,82785866,果樂整合行銷有限公司,臺中市西屯區何安里臺灣大道二段910號11樓之5,1000000,1120424
7132,82786176,藝站股份有限公司,臺中市西區民龍里文化街156號地下層之2,19000000,1120421
7133,82786871,宇磐營造工程有限公司,臺中市南屯區惠中里文心路一段378號3樓之2,17200000,1120406
7136,82790690,誠易消防設備工程有限公司,臺中市北屯區東光里東山路一段41之5之12號一樓,300000,1120421
7137,82791473,碩和營造有限公司,臺中市西屯區潮洋里市政北二路236號13樓之2,12000000,1120411
7138,82791570,仕園有限公司,臺中市東區富仁里雙十路一段6之12號,2000000,1120407
7139,82792064,豐珅科技有限公司,臺中市沙鹿區鹿峰里星河路996號1樓,5000000,1120410
7141,82795631,鼎真永業股份有限公司,臺中市梧棲區中興路128巷155號1樓,12000000,1120406
7149,82801134,歐耶文化創意有限公司,臺中市西區昇平里忠明南路303號20樓之3,1000000,1120406
7156,82805244,上誠聯合通路有限公司,臺中市大里區光正路212巷21弄25號1樓,500000,1120425
7157,82806150,津琉科技有限公司,臺中市西區忠誠里忠明南路16號3樓之3,5100000,1120410
7166,82810035,微鑫新能源有限公司,臺中市西屯區河南路二段262號3樓之11,2000000,1120414
7179,82815974,鋐洋國際實業有限公司,臺中市東區東英里東英十七街57號13樓之7,300000,1120413
7182,82819752,紘承工業股份有限公司,臺中市大里區東湖路138號1樓,10000000,1120406
7183,82819839,創鐸股份有限公司,臺中市中區大誠里中華路二段35號12樓之1,26437096,1120411
7184,82820006,富城精密工業有限公司,臺中市大里區工業路35巷92號,7500000,1120406
7185,82820456,子光興業有限公司,臺中市北屯區平德里天津路三段28之5號,1000000,1120410
7186,82820771,豐家興國際有限公司,臺中市西屯區河南路二段442號2樓,500000,1120420
7187,82820961,立盟金屬股份有限公司,臺中市外埔區甲東路35號,35000000,1120410
7192,82824782,浤睿國際股份有限公司,臺中市北區梅川西路三段33號1樓,5600000,1120410
7193,82825852,馬汀資訊有限公司,臺中市北屯區太順路95號1樓,1000000,1120426
7194,82826439,做好做滿有限公司,臺中市南區忠明南路789號38樓之2,6000000,1120413
7198,82830736,浩晶科技股份有限公司,臺中市豐原區豐勢路一段506號,10000000,1120420
7199,82832474,毓維生物科技股份有限公司,臺中市西區五權西五街82之2號1樓,1000000,1120411
7200,82832657,峰鉅物業管理顧問有限公司,臺中市南屯區惠中里文心路ㄧ段378號16樓之4,500000,1120426
7201,82833234,壁虎防滑有限公司,臺中市北區六合里原子街140巷13號,3000000,1120425
7209,82840100,和森工程技術顧問有限公司,臺中市北區崇德路一段629號14樓之4,1000000,1120418
7210,82840642,吉佳實業股份有限公司,臺中市大里區東興里大明路395之3號,25000000,1120424
7211,82841255,豐遠資源回收有限公司,臺中市南屯區文山里保安五街19號8樓之3,5000000,1120414
7240,82857853,雲鼎國際實業有限公司,臺中市西屯區潮洋里市政北二路282號21樓之11,9000000,1120428
7241,82857880,馬到府物流有限公司,臺中市北區金龍里金龍街42之6號,2050000,1120414
7242,82859424,全茂企業有限公司,臺中市龍井區田中里龍北路391巷62弄30號1樓,5000000,1120411
7243,82859727,沐品居旅館有限公司,臺中市中區成功路10號12樓之1,6000000,1120428
7244,82860576,研丞有限公司,臺中市北區健行里民權路559號3樓之1,500000,1120424
7263,82871406,大福能源股份有限公司,臺中市北區臺灣大道二段360號5樓之1,299000000,1120418
7267,82873312,捷得精密有限公司,臺中市豐原區東湳里豐原大道六段655巷38號,2500000,1120420
7268,82874261,普家康股份有限公司,臺中市烏日區太明路成豐巷5之26號,100000,1120424
7269,82874430,乙丞五金股份有限公司,臺中市烏日區三和里中山路三段170號,8000000,1120412
7270,82875769,立吉投資有限公司,臺中市中區自由路二段18號1樓,20000000,1120425
7271,82875775,蔬壽司有限公司,臺中市西區双龍里模範街8巷5號1樓,80000,1120426
7289,82886787,高品撞球有限公司,臺中市西屯區逢福里福星路559號3樓,2000000,1120413
7300,82893133,合泰材料科技股份有限公司,臺中市南屯區春社里精科中一路28號1樓,43700000,1120414
7301,82893400,創實克機械科技股份有限公司,臺中市神岡區豐洲路372之1號,16670000,1120410
7302,82893632,日上川國際有限公司,臺中市太平區中山路三段2之3號,1000000,1120407
7303,82893703,泰上皇餐飲股份有限公司,臺中市大雅區中清路三段1062號,5000000,1120411
7304,82894077,鑫音悅有限公司,臺中市外埔區甲后路五段186巷10號1樓,4000000,1120414
7305,82894512,芯綠開發股份有限公司,臺中市龍井區臺灣大道五段3巷62弄70號1樓,50000000,1120412
7306,82894920,景全建設有限公司,臺中市太平區長億五街8號1樓,10000000,1120417
7333,82914355,黑鹿影像股份有限公司,臺中市西屯區潮洋里朝貴一街146號1樓,400000,1120413
7334,82915087,易鴻機電工程有限公司,臺中市北屯區東山路一段138巷71號1樓,6000000,1120411
7335,82915262,道能無限循環電力股份有限公司,臺中市南屯區文心里大墩路395號2樓,1000000,1120410
7336,82915690,彩德有限公司,臺中市南區德富路122號7樓之2,1000000,1120420
7345,82922518,創壹國際工程有限公司,臺中市西屯區工業區一路58巷33弄3號,10000000,1120420
7357,82930453,共富佳康國際股份有限公司,臺中市北屯區和平里祥順路二段238號1樓,2000000,1120411
7358,82931072,恆諺科技有限公司,臺中市西屯區臺灣大道三段660號8樓之5、8樓之3,8000000,1120406
7359,82931087,億華有限公司,臺中市清水區民享路318號1樓,20000000,1120420
7360,82931164,石門山新電力股份有限公司,臺中市西屯區福和里臺灣大道四段925號7樓之7,500000,1120424
7361,82931185,光德機電科技有限公司,臺中市豐原區北陽里北陽路450巷58弄臨33號1樓,5000000,1120424
7380,82946069,沐沐室內裝修有限公司,臺中市北屯區舊社里南興路999號,1000000,1120425
7403,82962460,日富綠能股份有限公司,臺中市北區臺灣大道二段360號5樓之1,2600000,1120417
7406,82962948,跳跳移動有限公司,臺中市大里區中新里現岱路84巷18之1號,50000,1120418
7407,82963313,全得綜合企業有限公司,臺中市南屯區永新路1號1樓,20000000,1120417
7408,82963405,丹登綠能股份有限公司,臺中市北區臺灣大道二段360號5樓之1,1500000,1120418
7409,82964404,盈景精工股份有限公司,臺中市西區和龍里臺灣大道二段2號18樓之5,1000000,1120419
7410,82964517,得盈生物科技有限公司,臺中市大里區中興路一段2巷81弄73號1樓,15000000,1120406
7411,82964684,頂尖戰略教練有限公司,臺中市太平區新興里新興路172號8樓之7,100000,1120413
7414,82969148,安廷停車事業有限公司,臺中市北屯區四民里長生巷1之1弄42號1樓,3000000,1120421
7415,82969267,柏睿企業股份有限公司,臺中市北屯區后庄里中清路二段1166巷39號9樓之5,10000000,1120426
7447,82980713,伊迪絲有限公司,臺中市南屯區大誠里大墩二街115號1樓,50000,1120425
7448,82980755,軍昊有限公司,臺中市西屯區河南路二段262號13樓之3,100000,1120414
7449,82981537,凱全投資有限公司,臺中市南屯區大墩二街15號,19000000,1120406
7450,82981706,飾境國際有限公司,臺中市北區健行里忠明路424號5樓之1,1000000,1120411
7451,82982064,沂新科技有限公司,臺中市潭子區東寶里大豐路一段316號,500000,1120417
7452,82982070,弈展起重工程有限公司,臺中市霧峰區四德北路85巷19之1號,200000,1120421
7453,82982249,宏晟食品有限公司,臺中市豐原區北湳里大順街8巷172號1樓,500000,1120417
7454,82982536,亦橙財務管理顧問股份有限公司,臺中市南區樹德里德富路96巷6號1樓,3000000,1120428
7455,82983182,弘遠工程有限公司,臺中市北區賴村里大德街177號2樓,3000000,1120427
7463,82986575,樂勇工程顧問有限公司,臺中市南區正氣街47號12樓之7,1000000,1120426
7464,82987027,仁碁智醫股份有限公司,臺中市北屯區平田里文心路四段955號10樓之6,1000000,1120414
7465,82987764,勝將有限公司,臺中市北區錦平里三民路三段217號4樓之7,1600000,1120414
7504,83001589,恒安消防科技股份有限公司,臺中市潭子區雅潭路一段208號,6000000,1120426
7505,83001835,旭原能源股份有限公司,臺中市沙鹿區沙田路46之60號1樓,1000000,1120407
7506,83001981,沅叡建設開發有限公司,臺中市大里區立仁里甲堤三街13號1樓,2000000,1120406
7533,83013852,辰日計畫室內裝修有限公司,臺中市北屯區軍福十五路300號1樓,2000000,1120424
7534,83014579,紅心投資股份有限公司,臺中市大里區國光里德芳南一街20號1樓,7000000,1120406
7535,83014698,桂原有限公司,臺中市沙鹿區六路里鎮南路二段82號1樓,150000,1120411
7536,83014888,將星企業有限公司,臺中市南屯區同心里文心路一段186號18樓之8,200000,1120418
7537,83014923,東衡水電工程有限公司,臺中市北屯區陳平路65巷25號1樓,300000,1120414
7538,83016422,嘉佰鎰實業有限公司,臺中市神岡區昌平路五段313巷10號1樓,1000000,1120413
7539,83016485,泉翔環保有限公司,臺中市西區忠誠里忠明南路16號3樓之3,200000,1120427
7551,83024041,金采視聽歌唱有限公司,臺中市北區公園路182之2號,300000,1120413
7552,83025225,紳豐營造股份有限公司,臺中市南區西川里三民西路278號1樓,22500000,1120406
7553,83025554,藝鼎鐵件有限公司,臺中市大里區西湖里草堤路125號,100000,1120411
7555,83026667,啟運實業有限公司,臺中市太平區光興路890南巷7弄18號1樓,200000,1120410
7556,83026955,廣宇市地重劃股份有限公司,臺中市北區忠明五街9號3樓之1,60000000,1120410
7614,83058983,喀瑪朵國際投資有限公司,臺中市北屯區文心路三段447號5樓,62195000,1120406
7618,83062071,強鼎展業有限公司,臺中市西屯區臺灣大道三段677號,1000000,1120406
7645,83080438,大展千里有限公司,臺中市西區忠誠里臺灣大道二段489號31樓,200000,1120425
7646,83081871,赤樂有限公司,臺中市大甲區薰風里光明路43號1樓,300000,1120412
7650,83086340,錸締貿易有限公司,臺中市大里區東興里國光路二段500號5樓之1,600000,1120428
7663,83096305,枝茂股份有限公司,臺中市西屯區工業區34路35號3樓,316800360,1120417
7664,83096678,你的室內裝修設計工程有限公司,臺中市大里區長榮里新南路127巷2之2號,500000,1120411
7665,83097439,禾合放樣有限公司,臺中市潭子區福仁里合作街29號1樓,500000,1120418
7703,83120683,優恆聚生化科技有限公司,臺中市北屯區平興里柳陽東街80號5樓,200000,1120427
7711,83125890,匯鑽實業股份有限公司,臺中市西屯區何安里重慶路99號5樓之3,20000,1120410
7712,83125998,運軒有限公司,臺中市北屯區大坑里東山路二段100巷8弄18號1樓,5000100,1120414
7718,83131470,永營股份有限公司,臺中市南區福興里五權南路167號地下一樓之6,5700000,1120417
7721,83134878,富康長照股份有限公司,臺中市大甲區義和里中山路一段534號1樓,2000000,1120414
7722,83136025,凌崇傳媒股份有限公司,臺中市南屯區公益路二段61號3樓之3,300000,1120406
7723,83136361,八川豐實業有限公司,臺中市南屯區大墩路188號4樓,2940000,1120406
7733,83141322,寶福資產管理有限公司,臺中市南屯區大業里大進街490號10樓之3,2000000,1120417
7740,83150200,岳陽安防有限公司,臺中市大里區祥興里大智路565巷7之7號,2000000,1120417
7742,83150692,方雪資本有限公司,臺中市西區公舘里五權路1之133號1樓,7000000,1120425
7755,83162487,天暢國際貿易有限公司,臺中市西區台灣大道二段293號13樓,1000000,1120425
7782,83179868,俊盈實業有限公司,臺中市清水區秀水里中社路46之17號1樓,5000000,1120421
7783,83180112,采能綠色科技股份有限公司,臺中市西屯區西屯路二段256巷6號2樓之2、6、8,1000000,1120419
7784,83181512,星星電力股份有限公司,臺中市北區臺灣大道二段360號5樓之1,40000000,1120406
7791,83185550,科達工程顧問股份有限公司,臺中市西屯區市政北二路282號21樓之9,15000000,1120425
7792,83186571,弘亞行銷顧問有限公司,臺中市北區文莊里中清路一段89號15樓之3,300000,1120412
7814,83206350,鳳越有限公司,臺中市西屯區何厝里何厝東二街23號9樓之3,1000000,1120428
7815,83208152,緯齊科技股份有限公司,臺中市南屯區新生里龍富十五路307號,2000000,1120421
7821,83213789,小矮人股份有限公司,臺中市豐原區豐原里中正路32號,4000000,1120412
7830,83216863,征泰企業有限公司,臺中市南屯區向心路109號18樓之11,2000000,1120427
7839,83221438,瑞澤生技股份有限公司,臺中市南屯區同心里文心路一段218號5樓之3,30000000,1120421
7840,83221599,茗淀有限公司,臺中市霧峰區錦榮里成功路91之2號,2000000,1120427
7843,83223153,豬寶妹國際有限公司,臺中市沙鹿區鹿寮里福鹿街23號,2500000,1120418
7854,83231668,明雅投資股份有限公司,臺中市西屯區市政路60號18樓之1,374122000,1120411
7856,83232771,玄煌室內裝修企業有限公司,臺中市大肚區沙田路一段512巷74之5號,1010000,1120427
7906,83264479,霆昱科技股份有限公司,臺中市大雅區中清路四段861巷72號,4300000,1120410
7907,83265786,美姬模式有限公司,臺中市北區頂厝里進化北路238號6樓之3,600000,1120418
7908,83265842,芮琪科技有限公司,臺中市沙鹿區北勢里北中一街1巷16號1樓,2000000,1120407
7925,83275476,羅浿爾生技有限公司,臺中市西屯區潮洋里市政北二路236號14樓之1,5000000,1120410
7926,83275948,鉅嘉金屬有限公司,臺中市后里區后里里復興街85之1號1樓,4500000,1120418
7927,83276741,智凡金有限公司,臺中市北屯區山西路二段258號,300000,1120419
7928,83277798,聚銓資本有限公司,臺中市西屯區潮洋里市政北二路238號27樓之1,1000000,1120414
7949,83292952,寶溢建設股份有限公司,臺中市西屯區文華路275號,28000000,1120421
7950,83292995,積奇藏典谷有限公司,臺中市西屯區逢甲路301巷22弄24號1樓,6000000,1120412
7951,83293333,築間餐飲事業股份有限公司,臺中市北屯區崇德九路455號4樓,331996250,1120420
7952,83293468,永業廣告設計有限公司,臺中市西屯區福和里中工二路63號2樓,1000000,1120424
7953,83293559,華政開發有限公司,臺中市北區衛道路220號地下層,1500000,1120420
7960,83300138,鐦源有限公司,臺中市北屯區太順三街28號,2000000,1120426
7961,83300910,國瑞國際貿易有限公司,臺中市烏日區中山路一段668號1樓,1000000,1120411
7962,83300947,鴻立興業有限公司,臺中市西屯區河南路二段262號3樓之11,500000,1120421
7963,83301615,青春不滅有限公司,臺中市東區富台里練武路229巷1號5樓之4,200000,1120428
7981,83362176,特鮮食品股份有限公司,臺中市北屯區祥順一街41號,22000000,1120425
7998,83376565,睬絜實業有限公司,臺中市東區自由路三段314巷8號,1350000,1120406
8006,83387042,恆星貿國際服飾有限公司,臺中市北區賴村里五常街265號1樓,50000,1120412
8007,83388422,永勝宏源有限公司,臺中市北屯區軍福十六路251號2樓,3000000,1120410
8008,83388437,米家實業有限公司,臺中市北區賴興里文心路四段198之1號,100000,1120420
8009,83388555,安順廣告有限公司,臺中市南區和平里忠明南路758號11樓,50000,1120420
8015,83395818,愛喬琳生醫科技有限公司,臺中市北屯區松強里興安路二段447號16樓,2000000,1120424
8016,83396106,品境室內裝修有限公司,臺中市南屯區同心里文心路一段218號23樓之1,1000000,1120414
8017,83396598,錦政投資有限公司,臺中市神岡區三和路56號,25000000,1120411
8018,83398435,登權建設股份有限公司,臺中市大里區益民路二段285巷43號1樓,31000000,1120424
8028,83405745,宏迪開發有限公司,臺中市北區立人里華美街二段262號5樓之3,400000,1120406
8029,83405772,天享實業有限公司,臺中市北屯區和平里軍福十六路316號9樓,11000000,1120411
8030,83405793,凱上有限公司,臺中市北區淡溝里大仁街71號1樓,600000,1120410
8039,83416757,大統嘉農生技股份有限公司,臺中市西屯區市政北二路282號26樓之10,1010000,1120424
8040,83418170,帝統營造有限公司,臺中市太平區新高里立智街90號3樓之2,3600000,1120424
8041,83418609,畇博科技有限公司,臺中市北屯區廍子里祥順一街37號,1300000,1120414
8042,83420106,新立物業有限公司,臺中市西屯區文華路150巷33號2樓,300000,1120419
8043,83420154,兆威管理顧問有限公司,臺中市西屯區逢明街29巷70號8樓之8,93630000,1120407
8049,83424546,瘦瘦的家企業有限公司,臺中市豐原區南村里向陽路173巷115號4樓之1,1000000,1120424
8050,83425279,旺德賽斯科技股份有限公司,臺中市西屯區朝富路213號32樓,75000000,1120421
8051,83425307,昱盛精工有限公司,臺中市太平區光隆里光興路691號1樓,1500000,1120426
8052,83426045,川糧食品有限公司,臺中市神岡區山皮里光復路108號1樓,1000000,1120424
8055,83432026,綦績投資有限公司,臺中市南屯區惠中里文心路一段324號11樓之1,1000000,1120424
8056,83432757,寶鉅科技股份有限公司,臺中市大肚區頂街里萬興路48號1樓,90000000,1120413
8064,83441904,澨岡數位科技有限公司,臺中市西屯區潮洋里市政北二路236號14樓之1,10000000,1120411
8065,83442967,鼎佑科技工程有限公司,臺中市西區民龍里臺灣大道二段239號13樓,2000000,1120418
8081,83460845,得勝不動產有限公司,臺中市北屯區平福里大連路二段135號,500000,1120421
8082,83461507,伊彩有限公司,臺中市西區忠誠里精明一街76號1樓,6300000,1120427
8083,83462528,力成工程有限公司,臺中市西區和龍里臺灣大道二段16號19樓之2,200000,1120411
8084,83462689,帝亨精密有限公司,臺中市南區和平里忠明南路758號14樓,100000,1120417
8097,83467903,永炘工程股份有限公司,臺中市西屯區西平里漢翔路129號1樓,20000000,1120414
8098,83468375,昱邦建材國際有限公司,臺中市大里區好來三街11巷1之3號2樓,6000000,1120426
8099,83468425,凱絡美學芳療有限公司,臺中市西區公正里東興路三段11巷13號1樓,520000,1120412
8133,83485563,正大資訊科技有限公司,臺中市龍井區田中里臨港東路一段129號1樓,1000000,1120424
8138,83487014,九新資訊有限公司,臺中市西屯區市政北二路236號8樓之2,1000000,1120414
8165,83507807,巴富錸國際股份有限公司,臺中市太平區宜昌里中山路三段23號,10000000,1120419
8166,83508480,御太開發建設股份有限公司,臺中市南屯區田心里文心路一段21號13樓之3,30000000,1120426
8167,83508572,位格系統工程有限公司,臺中市西區土庫里五權西六街166巷10號2樓之7,1200000,1120414
8168,83509642,菈芙希亞股份有限公司,臺中市北屯區平福里崇德路二段256號6樓,1000000,1120418
8200,83527682,普聖環保科技股份有限公司,臺中市清水區港都路157號4樓之6,5600000,1120419
8201,83527917,順德企業有限公司,臺中市北屯區舊社里松竹五路一段67號1樓,100000,1120425
8202,83528296,億盛能源有限公司,臺中市烏日區三和里三榮南路155號,8100000,1120411
8216,83537062,締高科技股份有限公司,臺中市大雅區員林里神林路一段267之1號,500000,1120418
8217,83537529,宏岳股份有限公司,臺中市大甲區光明路29巷1弄6號1樓,2000000,1120407
8238,83552871,燦榮國際貿易有限公司,臺中市北區華美街二段262號5樓之3,1300000,1120424
8239,83553077,萬寶通國際貿易有限公司,臺中市大里區塗城里塗城路351巷32號1樓,1000000,1120419
8240,83553421,保盈消防科技有限公司,臺中市烏日區三和里中山路三段1號,2000000,1120412
8241,83553702,榮興物業有限公司,臺中市豐原區東勢里博愛街258號1樓,28000000,1120426
8242,83553816,引典有限公司,臺中市中區臺灣大道一段271號,200000,1120406
8250,83559375,廣倢地產開發有限公司,臺中市北區英才路170巷16之4號5樓,1000000,1120421
8251,83559781,育文國際有限公司,臺中市南屯區同心里文心路一段210號15樓之1,6000000,1120418
8252,83560226,貳輪嶼車業股份有限公司,臺中市北區梅亭街54號,1000000,1120424
8253,83560366,銘德有限公司,臺中市烏日區太明路53巷6號,3500000,1120411
8264,83564314,方里投資開發有限公司,臺中市西屯區朝馬七街1號,1500000,1120418
8273,83571167,興富行銷有限公司,臺中市西屯區何厝里何厝東二街23號9樓之3,100000,1120424
8274,83571504,騰曜網路科技股份有限公司,臺中市南屯區公益路二段51號7樓,50000000,1120413
8275,83571693,朝合股份有限公司,臺中市大肚區沙田路二段180號1樓,10000000,1120417
8276,83571949,希明有限公司,臺中市北屯區平昌里文心路四段936號3樓之2,6000000,1120406
8281,83576867,昇源企業管理顧問有限公司,臺中市沙鹿區平等路152巷32號1樓,100000,1120417
8284,83579750,鉅大交通有限公司,臺中市大甲區經國路1720號,25000000,1120419
8299,83585351,明豐國際投資有限公司,臺中市大里區中興路二段768之1號1樓,40000000,1120425
8300,83586226,虹動國際有限公司,臺中市西屯區潮洋里龍門路138號1樓,400000,1120414
8301,83586957,禾久生物科技有限公司,臺中市北屯區軍功里軍榮一街28號9樓之5,100000,1120407
8307,83589568,廣易坤科技有限公司,臺中市北區中清路一段89號15樓之1,1000000,1120420
8308,83589693,中鎮醫療產品科技股份有限公司,臺中市南屯區精科中路63號5樓,42750000,1120413
8309,83589841,勢爵新媒體行銷有限公司,臺中市西屯區林厝里安林路97之5號1樓,1000000,1120427
8310,83590782,星詠科技有限公司,臺中市西屯區潮洋里市政北二路238號27樓之1,500000,1120411
8311,83590919,崧竹不動產開發有限公司,臺中市北屯區松竹路一段887號1樓,1000000,1120426
8319,83599496,喬派斯克國際有限公司,臺中市豐原區文賢街2號1樓,5000000,1120418
8320,83599572,禾泰國際企業股份有限公司,臺中市西區和龍里臺灣大道二段2號20樓之1,3000000,1120427
8321,83599664,沐意源創股份有限公司,臺中市西屯區寧夏路195之9號,3076920,1120427
8322,83599799,馨洛彩妝股份有限公司,臺中市西區和龍里臺灣大道二段2號11樓之2,14600000,1120425
8323,83600418,瑩潤國際貿易有限公司,臺中市西屯區潮洋里市政北二路238號27樓之1,500000,1120424
8349,83622736,潤坤營造有限公司,臺中市豐原區陽明里信義街34號2樓,3600000,1120421
8350,83622807,橫琴國際貿易有限公司,臺中市西屯區何德里寧夏路77號1樓,1000000,1120417
8351,83622898,台灣國際生醫股份有限公司,臺中市霧峰區本鄉里振興街90號1樓,21900000,1120421
8352,83622975,道德車商有限公司,臺中市北屯區和平里環中東路二段3號,1200000,1120414
8366,83646553,神璽文創國際有限公司,臺中市西屯區逢甲里西屯路二段282巷28弄19號1樓,1050000,1120411
8388,83684802,富商事業有限公司,臺中市中區綠川東街110號11樓之4,100000,1120407
8404,83690797,裕暘能源股份有限公司,臺中市西區大隆路20號13樓之7,6000000,1120407
8405,83691000,吉利富興業有限公司,臺中市西屯區惠來里臺灣大道三段282號1樓,2000000,1120424
8406,83691016,汯璟實業有限公司,臺中市南屯區惠中里文心路一段306號5樓之3,2000000,1120428
8407,83691141,新瀚節能股份有限公司,臺中市北屯區平福里大連路二段253號1樓,1000000,1120414
8408,83691183,上好生醫科技股份有限公司,臺中市西屯區大河里甘河路108號1樓,130000000,1120417
8459,83716255,禾丞通風工程有限公司,臺中市太平區太平里永豐路117號,1000000,1120410
8460,83716614,雋睿投資開發股份有限公司,臺中市西屯區臺灣大道三段683號11樓之２,10000000,1120420
8461,83717249,獨樂思農經生技股份有限公司,臺中市西區公德里精誠路303號1樓,3000000,1120425
8462,83717276,後憲實業股份有限公司,臺中市西屯區福安里福泰東路10號3樓,5000000,1120418
8463,83717402,機智雲股份有限公司,臺中市西屯區朝富路213號22樓之10,2500000,1120410
8464,83719485,磐軒股份有限公司,臺中市西屯區港尾里中清路三段97號,68000000,1120412
8489,83750422,順石松有限公司,臺中市西屯區協和里工業區三二路55號,200000,1120406
8492,83752028,翌昇科揚有限公司,臺中市烏日區中山路二段569號,600000,1120406
8493,83753429,國煒工業有限公司,臺中市龍井區茄投路一段231巷20號,2000000,1120425
8520,83770617,欣興昌綠能股份有限公司,臺中市北區健行里忠明路424號20樓之1,1000000,1120426
8523,83772262,大師汽車有限公司,臺中市北屯區文昌二街2巷8號12樓,100000,1120420
8562,83791330,崇洋科技有限公司,臺中市烏日區高鐵五路156號8樓之1,14000000,1120418
8563,83791486,台灣聖影股份有限公司,臺中市西區大忠里大忠南街25號2樓之9,200000,1120418
8571,83794717,茂勝景觀有限公司,臺中市東區自由路四段98號1樓,1000000,1120427
8587,83868196,義德發股份有限公司,臺中市北屯區廍子里太順五街58號3樓,1000000,1120424
8588,83904828,勇訢工程股份有限公司,臺中市西區大忠里忠明南路270號7樓之1,500000,1120417
8592,84023724,凱士網路工程有限公司,臺中市西屯區西屯路二段256巷6號2樓之8,11800000,1120411
8596,84079698,宗遠工業股份有限公司,臺中市大里區內新里東榮路一段126號10樓之2,20000000,1120424
8605,84160450,竣悅汽車事業有限公司,臺中市中區三民路二段17巷33號1樓,2500000,1120414
8610,84187970,太祥有限公司,臺中市豐原區豐原里三民路8號13樓之2,5000000,1120419
8614,84214879,總太建設開發股份有限公司,臺中市北區淡溝里育德路190號,450000000,1120420
8620,84238653,佳悅股份有限公司,臺中市豐原區豐田里田心路二段99巷17號,5000000,1120427
8624,84252248,聰華交通股份有限公司,臺中市南屯區楓樹里精誠南路1138之3之13號,28000000,1120424
8639,84310459,基毅科技有限公司,臺中市西區大忠里忠明南路270號7樓之1,1000000,1120428
8644,84345865,原阜揚營造股份有限公司,臺中市南屯區同心里大墩一街200號1樓,101000000,1120410
8646,84350297,品竹工業有限公司,臺中市太平區中平里太平二十街82巷23號,500000,1120413
8647,84355244,志陞環保有限公司,臺中市大里區德昌街53號1樓,10000000,1120411
8652,84368418,冠統紙業有限公司,臺中市豐原區大湳里源豐路170巷3弄7號,3000000,1120427
8654,84376584,峰聯企業有限公司,臺中市南屯區和成巷95號,1500000,1120417
8656,84385036,震新板金股份有限公司,臺中市南屯區寶山里工業區18路6號,46200000,1120414
8657,84387153,揚鼎科技股份有限公司,臺中市西區五權西路一段257號15樓之1,5000000,1120418
8661,84425142,儒誼事業有限公司,臺中市東區泉源里樂業路74號1樓,25000000,1120406
8688,84557945,美莉達有限公司,臺中市烏日區中華路199號1樓,5000000,1120424
8690,84558331,杭締股份有限公司,臺中市西屯區潮洋里黎明路二段899號,20000000,1120407
8700,84637223,翔鑫營造有限公司,臺中市西屯區至善里至善路51號2樓,50000000,1120411
8701,84639432,永傑清潔股份有限公司,臺中市太平區新坪里新平路三段155號1樓,1000000,1120406
8705,84660223,銘磊國際股份有限公司,臺中市南屯區公益路二段429號4樓,50000000,1120419
8712,84695004,巨業貿易有限公司,臺中市南屯區大墩南路466號,50000000,1120424
8735,84800977,銘源環保工程企業有限公司,臺中市龍井區龍津里三港路430號,5000000,1120413
8740,84817180,茱銘有限公司,臺中市太平區宜欣里宜昌東路115號,80000000,1120413
8746,84831367,德上建設股份有限公司,臺中市太平區光華里長安十一街十一號二樓,25000000,1120421
8748,84857464,順力水電工程有限公司,臺中市龍井區龍崗里竹師路二段105巷5號,5000000,1120412
8753,84878593,浤泉建設股份有限公司,臺中市西屯區西安街130巷9號1樓,10000000,1120426
8772,84993094,宜亞室內裝修設計有限公司,臺中市西屯區政和路139號,1000000,1120412
8774,85000311,茂弘不動產有限公司,臺中市沙鹿區中山路493之4號,1000000,1120420
8791,85015573,恒源國際貿易有限公司,臺中市大甲區頂店里大智街65號1樓,500000,1120407
8798,85019780,彥宸科技有限公司,臺中市烏日區五光里五光路189巷128之18號,9800000,1120418
8799,85020371,峰毅工程顧問有限公司,臺中市西屯區西屯路二段256巷6號18樓之10,500000,1120421
8809,85025755,美樂開發股份有限公司,臺中市西區臺灣大道二段285號19樓之1,10000000,1120410
8810,85026380,大本林有限公司,臺中市梧棲區福德里中央路二段292之1號,6000000,1120424
8811,85026558,磐石展業有限公司,臺中市南屯區新生里五權西路二段1036號,12600000,1120418
8825,85038371,進丞科技股份有限公司,臺中市北區自強街47之3號1樓,1000000,1120407
8842,85049428,杰棣工程有限公司,臺中市太平區振福路300巷20號1樓,2800000,1120420
8843,85049721,橙雲國際貿易有限公司,臺中市西屯區何安里重慶路99號5樓之3,1860000,1120411
8844,85049813,一謄科技有限公司,臺中市西區公益路367號9樓之2,100000,1120425
8850,85052204,童藝文創有限公司,臺中市西屯區安林路97之5號1樓,500000,1120418
8851,85052653,雫有限公司,臺中市北區淡溝里民權路415號3樓之1,2000000,1120428
8852,85053098,祥群船舶股份有限公司,臺中市西區公益里忠明南路237號9樓之4,300000,1120419
8853,85054060,鉅煒工業有限公司,臺中市北屯區廍子里環太東路518號11樓之3,1000000,1120413
8854,85054126,愛新醫療儀器有限公司,臺中市西區臺灣大道二段186號14樓之1,5000000,1120427
8859,85058278,榮耀開發建設有限公司,臺中市西屯區重慶路82號1樓,25000000,1120419
8860,85058988,陞霖地產股份有限公司,臺中市西屯區惠中路一段88號19樓之1,100000000,1120424
8861,85059017,北原礦業股份有限公司,臺中市北屯區舊社里北屯路453之5號,8500000,1120425
8874,85072356,安城建設有限公司,臺中市西屯區永安里玉門路233號20樓之1,29000000,1120426
8875,85072460,松鋼企業股份有限公司,臺中市南屯區田心里向心路26號1樓,5100000,1120407
8888,85080932,永欣展有限公司,臺中市豐原區大湳里源豐路172之3號,3000000,1120406
8889,85082093,哇美股份有限公司,臺中市西屯區臺灣大道三段388號,5000000,1120407
8890,85086892,宸裕木質能源有限公司,臺中市豐原區翁子里富陽路59之30號1樓,1500000,1120426
8915,85101654,大三營造工程股份有限公司,臺中市南區民興街96巷11號2樓,12000000,1120427
8916,85101752,星言國際有限公司,臺中市大里區大里路98號14樓之8,500000,1120406
8920,85105027,合樂共富股份有限公司,臺中市北屯區文心路四段955號22樓之2,1400000,1120419
8922,85105357,美商威立德有限公司,臺中市西屯區文心路二段107號5樓,10000000,1120406
8928,85107355,淞莆實業有限公司,臺中市神岡區神清路205號2樓,11000000,1120425
8929,85108214,品魚資訊有限公司,臺中市西區南屯路一段152之12號12樓,2000000,1120424
8930,85109733,旅幸福管理顧問股份有限公司,臺中市中區繼光街166號1樓,14000000,1120406
8934,85114551,業泓科技股份有限公司,臺中市后里區后科南路2號,2253000000,1120407
8938,85116642,舜映實業有限公司,臺中市豐原區中正路536號2樓,5000000,1120418
8940,85119578,東恆新創事業有限公司,臺中市南區樹德里東興路一段25巷15號8樓,1000000,1120419
8983,86026042,成峯企業有限公司,臺中市西區忠明里臺灣大道二段498號20樓之3,10000000,1120419
8998,86095618,錫瑋企業股份有限公司,臺中市龍井區忠和里海尾路306巷5號,10000000,1120410
8999,86102414,今元製模股份有限公司,臺中市西屯區福雅路256巷20之1號,2000000,1120411
9002,86120497,捷安達股份有限公司,臺中市北區太原南二街159號5樓之1,10000000,1120407
9016,86200111,中元泰機電工業有限公司,臺中市北屯區平心里瀋陽路三段58之3號,2000000,1120406
9021,86221143,芳嘉工業股份有限公司,臺中市大雅區二和里神林南路272巷28號1樓,5000000,1120406
9023,86230585,原笛服飾有限公司,臺中市西屯區市政北三路143號1樓,33000000,1120410
9028,86279812,祈星實業股份有限公司,臺中市大甲區太白里通天路4號,50000000,1120420
9047,86350814,金芫鋼鐵有限公司,臺中市豐原區南村里水源路434號,13100000,1120425
9048,86352524,長益精密工業股份有限公司,臺中市南屯區春社里精科八路12號,77000000,1120424
9049,86356937,豐群模型股份有限公司,臺中市北屯區景南巷14號,20000000,1120411
9063,86428480,丹澤企業股份有限公司,臺中市沙鹿區日新街68號2樓,137330000,1120406
9064,86428910,昇宏興業有限公司,臺中市烏日區健行路152巷3號,14200000,1120425
9083,86517552,良韋有限公司,臺中市西屯區福雅里臺灣大道四段936號5樓之5,29000000,1120412
9088,86534200,全泰工程測量顧問有限公司,臺中市東區富仁里自由路三段3號12樓,5300000,1120417
9090,86545298,日信營造有限公司,臺中市神岡區豐洲里豐洲路125號,6000000,1120413
9091,86545620,詮國機械有限公司,臺中市東區樂成里東光園路452號1樓,5000000,1120427
9093,86560635,大普美印刷股份有限公司,臺中市南屯區龍富十六街93號1樓,20000000,1120410
9099,86595135,昱瑭建設股份有限公司,臺中市西區忠誠里華美西街一段142號10樓之1,27000000,1120420
9105,86605274,金樺興股份有限公司,臺中市豐原區南村里圓環東路810巷1號,5000000,1120414
9111,86617932,永鎰實業股份有限公司,臺中市神岡區溪洲里神洲路731號,39000000,1120414
9118,86641412,翊登電機有限公司,臺中市北屯區舊社里敦富二街162號1樓,5000000,1120424
9119,86641692,金偉程有限公司,臺中市太平區宜佳里宜信街5號,2000000,1120426
9143,86775262,群聖五金實業有限公司,臺中市南區工學北路242號1樓,5000000,1120407
9144,86778198,義豐傢俱有限公司,臺中市清水區東山里神清路93之15號,2000000,1120413
9149,86789913,建瑞電機工程股份有限公司,臺中市南屯區三厝里大墩11街771號1樓,25000000,1120417
9182,86968269,愛巢建材實業有限公司,臺中市北區文昌一街15號1樓,5400000,1120413
9193,88691113,中順冷凍企業有限公司,臺中市龍井區龍社路25之3號1樓,29000000,1120417
9229,89126782,慕顏國際有限公司,臺中市北屯區太和東街198號9樓,3300000,1120426
9230,89126827,幸福龍貓有限公司,臺中市西區吉龍里五權西四街128之2號,35000,1120421
9231,89127038,軒味食品有限公司,臺中市大甲區頂店里雁門路356巷7號1樓,10000000,1120418
9232,89127229,夢旅人科技股份有限公司,臺中市北區博館路88號6樓之3,1000000,1120424
9233,89127425,聯成數位教育有限公司,臺中市西屯區四川五街27之6號7樓之3,3000000,1120417
9234,89127662,智璟科技股份有限公司,臺中市西區臺灣大道二段2號11樓之1,6100000,1120413
9238,89130961,天樂廣告行銷有限公司,臺中市西區民龍里臺灣大道二段239號13樓,5000000,1120425
9239,89131173,舜崴資訊有限公司,臺中市南屯區益文三街66號2樓,300000,1120424
9249,89136959,逢晟智慧科技股份有限公司,臺中市烏日區高鐵路二段138號15樓之12,3000000,1120424
9284,89155081,奇果食品運銷有限公司,臺中市南屯區大英街102之2號1樓,1000000,1120419
9288,89155961,維騰建設股份有限公司,臺中市西屯區大河里美滿東三巷10號1樓,30000000,1120417
9289,89156103,明鉅有限公司,臺中市西屯區何仁里西屯路二段126巷37之1號4樓,500000,1120420
9290,89156434,裕業資訊有限公司,臺中市中區綠川里綠川西街135號12樓之1,1000000,1120425
9291,89156639,佳褕有限公司,臺中市北區大誠街148巷2弄6號3樓,104500000,1120426
9306,89161443,科源機電工程股份有限公司,臺中市北屯區平德里文昌東五街22之1號1樓,16000000,1120410
9307,89162105,可錡有限公司,臺中市西屯區何安里臺灣大道二段910號11樓之5,1000000,1120412
9325,89168071,健升有限公司,臺中市大甲區光明路119巷62號,500000,1120407
9333,89169803,地興工程有限公司,臺中市東區旱溪西路一段260巷15號1樓,1000000,1120427
9334,89170576,昶德鑫有限公司,臺中市龍井區中央路三段263號1樓,1000000,1120414
9338,89172259,致宇國際股份有限公司,臺中市東區合作里自強街31巷24號1樓,1250000,1120406
9339,89172568,懋帆貨運有限公司,臺中市大甲區孟春里經國路1742巷9弄1號,25000000,1120418
9340,89172820,禹玥有限公司,臺中市西區民龍里臺灣大道二段285號27樓,2500000,1120414
9351,89177487,日日昇企管顧問有限公司,臺中市西區民龍里臺灣大道二段181號地下一層,100000,1120414
9355,89178900,義天國際有限公司,臺中市西屯區河南路二段262號13樓之3,1000000,1120424
9356,89178964,鴻鈞娛樂股份有限公司,臺中市西屯區市政北二路238號22樓之1,10000000,1120424
9357,89179318,森禾建設股份有限公司,臺中市東區公園東路130號2樓之1,5000000,1120424
9358,89179582,和利食品企業有限公司,臺中市大里區東榮路567巷68號1樓,1000000,1120414
9359,89179653,聯禾地產股份有限公司,臺中市梧棲區大仁路二段382號,6000000,1120426
9376,89184327,熊漁開發股份有限公司,臺中市西區民龍里英才路512號6樓,4110000,1120426
9377,89184585,邑來國際開發有限公司,臺中市西屯區西屯路三段39號12樓,1000000,1120412
9378,89184620,禾諾科技有限公司,臺中市東區干城里公園東路130號2樓之1,2000000,1120410
9379,89184754,圓夢傳媒股份有限公司,臺中市北屯區水湳里中清路二段5號,12857140,1120410
9383,89187160,有唯企業有限公司,臺中市北屯區大德里平德路142巷7號7樓,1000000,1120411
9386,89189370,芮麒開發設計有限公司,臺中市豐原區豐原大道四段23號1樓,1000000,1120426
9387,89190138,鴻巨開發整合行銷有限公司,臺中市北區健行里華貴街8號1樓,4000000,1120427
9389,89190382,億鋒銅業有限公司,臺中市南屯區同心里文心路一段186號18樓之10,1000000,1120413
9390,89190480,守和國際股份有限公司,臺中市西屯區潮洋里市政北二路282號21樓之11,55000000,1120421
9391,89190714,騰達創投資有限公司,臺中市南屯區三厝里大墩十一街711號,12000000,1120410
9414,89199927,品豐精密工業有限公司,臺中市南屯區惠中里文心路一段324號11樓之1,1000000,1120420
9415,89199932,富崴特股份有限公司,臺中市太平區永成路99巷10號1樓,2850000,1120421
9419,89216067,信全環保工程股份有限公司,臺中市清水區吳厝里和睦路三段162號,12020000,1120411
9423,89227091,永順利食品機械股份有限公司,臺中市神岡區岸裡里中山路360巷55號,45000000,1120407
9435,89284584,樂放客有限公司,臺中市西屯區四川路87巷5號,800000,1120406
9443,89287484,晴彩科技有限公司,臺中市太平區新高里立智街90號13樓之1,300000,1120424
9444,89287576,偉忠實業股份有限公司,臺中市西屯區台灣大道三段683號11樓之2,2000000,1120427
9449,89306546,大智加油站股份有限公司,臺中市東區大智路85號,10000000,1120420
9458,89349637,銘佑營造有限公司,臺中市龍井區龍西里龍門路43巷40號1樓,28000000,1120412
9467,89374396,昶程工業股份有限公司,臺中市太平區宜昌東路5巷31弄54號1樓,5000000,1120412
9514,89546031,勝典企業有限公司,臺中市北區忠明路175號2樓,10000000,1120407
9519,89554968,宏全投資股份有限公司,臺中市南屯區大墩路170號8樓,4500000,1120417
9520,89554989,宏通投資股份有限公司,臺中市南屯區同心里文心路一段218號地下一樓之2,4500000,1120417
9524,89583963,萬泰雍建設股份有限公司,臺中市大甲區薰風里8鄰水源路2-7號1樓,25000000,1120414
9525,89586743,百翔國際通商有限公司,臺中市南屯區海德街30號1樓,10000000,1120425
9537,89647170,紳格室內裝修設計有限公司,臺中市西屯區市政北七路186號18樓之9,5000000,1120414
9541,89674767,鹿王有限公司,臺中市北區健行路590號4樓至7樓,10000000,1120420
9566,89770945,帝航企業有限公司,臺中市神岡區圳前里圳前路36之1號,5000000,1120413
9571,89795586,宏儒營造有限公司,臺中市豐原區南村里南村路13號,40000000,1120407
9573,89798752,昶霖有限公司,臺中市西屯區河南路2段262號12樓之4,5000000,1120412
9574,89805326,中宏運動器材有限公司,臺中市梧棲區頂寮里四維西路43號,5000000,1120418
9576,89840864,鉦灃興業有限公司,臺中市龍井區新東里臺灣大道五段3巷62弄21號3樓,1250000,1120424
9579,89857843,東治實業股份有限公司,臺中市東區東英路627號,23360000,1120424
9591,89906268,天曲股份有限公司,臺中市西屯區巿政北一路77號13樓之2,18000000,1120410
9603,89964999,大總統文化事業有限公司,臺中市中區台灣大道一段29號2樓,600000,1120407
9607,89985170,安笙事業股份有限公司,臺中市梧棲區文昌路778號1樓,30000000,1120419
9619,90004436,世達動能開發有限公司,臺中市西屯區大鵬里長安路二段123號2樓,800000,1120426
9620,90004490,羽彤國際車業有限公司,臺中市北屯區廍子里軍福七路190號1樓,2000000,1120413
9621,90004626,幣紘科技有限公司,臺中市南屯區文心路一段186號20樓,100000,1120411
9631,90011099,太律不動產有限公司,臺中市神岡區社口里中山路652巷3號,100000,1120425
9634,90012317,雅卓發展有限公司,臺中市西屯區福泰街111號1樓,6000000,1120427
9639,90013370,承緣儀器股份有限公司,臺中市烏日區新興路425號2樓之2,8000000,1120413
9640,90013441,羅莎越式國際有限公司,臺中市中區大墩里公園路18號2樓、3樓,1000000,1120407
9655,90020793,醫航科技股份有限公司,臺中市南屯區溝墘里大墩十五街9號1樓,510000,1120420
9656,90021104,健喬健康科技有限公司,臺中市北屯區平心里昌平路一段95之8號4樓之2,8050000,1120410
9657,90021287,琪豐科技有限公司,臺中市霧峰區新開街17號1樓,5000000,1120414
9658,90021462,四季西屯教育事業股份有限公司,臺中市北屯區河北路二段206號,1000000,1120426
9679,90030645,宏慶工程有限公司,臺中市清水區槺榔里民族路三段123號14樓之5,3000000,1120425
9691,90036388,鉅商資產有限公司,臺中市北屯區文心路四段288號21樓之9,200000,1120417
9694,90037751,鎷騰投資股份有限公司,臺中市烏日區三和里高鐵五路160號,30000000,1120410
9732,90054293,森珩滙國際有限公司,臺中市豐原區頂街里豐勢路一段16號6樓,50000,1120427
9768,90067543,三越國際貿易有限公司,臺中市西屯區惠來里惠中路一段170號2樓,1000000,1120406
9769,90067620,四季黎明教育事業股份有限公司,臺中市南屯區益豐路四段560號地下1樓之2,1000000,1120426
9770,90067733,小歐洲餐館股份有限公司,臺中市梧棲區頂寮里八德路97號,5000000,1120418
9771,90067895,王泰泰有限公司,臺中市北屯區軍功里東山路一段264號,5000000,1120417
9788,90073550,三不二時有限公司,臺中市西區吉龍里五權西五街113號1樓,6000000,1120410
9794,90076281,翔盛欣業有限公司,臺中市梧棲區草湳里自強三街90號1樓,300000,1120411
9795,90076374,綋騰國際有限公司,臺中市南屯區文心路一段306號10樓之1,3000000,1120406
9796,90076466,盈通管理顧問有限公司,臺中市西區臺灣大道二段406號12樓之2,1000000,1120407
9819,90085845,匯富開發股份有限公司,臺中市南屯區五權西路二段666號6樓之4,5000000,1120427
9820,90086008,文福有限公司,臺中市南屯區三和里大富街179號1樓,8000000,1120411
9821,90086886,四季市政教育事業股份有限公司,臺中市南屯區益豐路四段560號地下1樓之2,1000000,1120426
9823,90087787,禹太健康事業股份有限公司,臺中市西屯區潮洋里市政北二路282號14樓之10,1500000,1120411
9827,90089785,五竟開發有限公司,臺中市大甲區中華街69號1樓,10000000,1120419
9828,90090050,拾心創意有限公司,臺中市清水區武鹿里五權南一街106巷16號1樓,500000,1120420
9829,90090164,華博廣告行銷有限公司,臺中市西屯區何南里大安西街60巷1號1樓,1000000,1120420
9830,90091038,天蠍瑤有限公司,臺中市南屯區大業里大墩十四街117號1樓,100000,1120421
9831,90091142,阿爾發微創系統有限公司,臺中市西屯區市政北二路282號21樓之10,1000000,1120411
9833,90091516,啓生八御生醫有限公司,臺中市南屯區文心路一段324號11樓之1,3997500,1120419
9834,90092016,盛特材料股份有限公司,臺中市西屯區朝富路213號22樓之10,14000000,1120418
9835,90093520,金志展實業有限公司,臺中市南屯區惠中里大墩十一街165號3樓,168000,1120427
9836,90093731,四季北屯教育事業股份有限公司,臺中市北屯區河北路二段206號,1000000,1120426
9837,90094128,紫瑩芳香有限公司,臺中市豐原區陽明里樂天街147號,200000,1120424
9838,90094350,創陞投資有限公司,臺中市西區五權五街246巷15弄7號1樓,13100000,1120414
9865,90107427,海安智能科技有限公司,臺中市北區進化路577之3號,15000000,1120413
9885,90119367,塔米娜有限公司,臺中市豐原區朴子里朴子街501號1樓,900000,1120410
9886,90119486,聖吉健康有限公司,臺中市豐原區田心路二段152巷5號1樓,1000000,1120419
9887,90119774,宇妍投資有限公司,臺中市太平區中山路一段245巷12號,1000000,1120420
9894,90127351,大豐餐飲有限公司,臺中市沙鹿區三鹿里保安路70號2樓,200000,1120426
9895,90128112,李黎有限公司,臺中市西屯區何成里大洲街78號5樓,500000,1120418
9897,90129230,財多利有限公司,臺中市烏日區五光路961巷67號,500000,1120413
9898,90130736,欣螢企業有限公司,臺中市南屯區龍富十三街3之15號1樓,5000000,1120425
9910,90136942,亞洲七星曜日有限公司,臺中市北區文莊里中清路一段53號7樓之1,300000,1120411
9923,90141641,晶翳科技股份有限公司,臺中市后里區泉州路23之10號3樓,3000000,1120410
9926,90142803,稷鼎建設有限公司,臺中市北屯區平昌里文心路四段936號三樓之1,3600000,1120411
9927,90143009,世邦環保科技股份有限公司,臺中市西屯區市政北二路282號9樓之7,38000000,1120426
9942,90147693,又豪永續有限公司,臺中市西屯區工業區三十六路21號,6000000,1120414
9943,90148497,星舟快充股份有限公司,臺中市北區臺灣大道二段360號5樓之1,50000000,1120406
9957,90155779,愛富潔科技股份有限公司,臺中市北屯區平福里崇德路二段250號14樓,350000,1120419
9968,90158086,誠興精品有限公司,臺中市北屯區平安里北平路四段61號1樓,350000,1120425
10023,90184649,聲恆事業有限公司,臺中市太平區溪洲路27號2樓,1000000,1120425
10024,90185252,傑琳投資有限公司,臺中市南屯區向心里文心南三路336號4樓之1,1100000,1120424
10025,90186273,晶中儲能股份有限公司,臺中市西屯區市政北二路236號14樓之1,63000000,1120414
10026,90186338,能開通有限公司,臺中市沙鹿區洛泉里文泉莊12號3樓,500000,1120412
10027,90186392,博顧國際股份有限公司,臺中市西區民龍里臺灣大道二段220號12樓,5000000,1120410
10031,90187239,首富生技有限公司,臺中市北屯區大連路二段238號5樓,300000,1120425
10038,90191682,幸陽國際貿易有限公司,臺中市龍井區南社路二段150號1樓,18858,1120412
10041,90193197,尹天下國際管理顧問有限公司,臺中市西屯區青海南街195號,3000000,1120425
10042,90193422,晶華儲能股份有限公司,臺中市西屯區市政北二路236號14樓之1,63000000,1120414
10050,90197659,宇驣全球有限公司,臺中市潭子區東寶里大豐一路56號,1000000,1120417
10051,90198480,鑫源農業科技有限公司,臺中市東區東光園路270號,1000000,1120412
10052,90198572,參畝投資有限公司,臺中市北區頂厝里進化北路238號6樓之3,4900000,1120410
10053,90199002,廣進數位科技股份有限公司,臺中市南屯區惠文路536號6樓之1,50000000,1120420
10071,90206279,榮新管理顧問有限公司,臺中市烏日區溪南路三段55巷2弄10號1樓,5000000,1120407
10114,90225590,和運策略多媒體行銷有限公司,臺中市西屯區市政北二路236號27樓之1,1100000,1120417
10115,90225661,睿能光電股份有限公司,臺中市西屯區惠來里市政北七路186號20樓之5,15500000,1120418
10116,90226578,峰群國際科技股份有限公司,臺中市北屯區仁美里豐樂路16之11號2樓,5300000,1120418
10117,90226887,銓興實業有限公司,臺中市北屯區平田里文心路四段955號10樓之2,1000000,1120421
10118,90227204,上悅投資有限公司,臺中市西屯區龍潭里龍聖路98號,20000000,1120424
10119,90227210,翊將財經投資有限公司,臺中市大里區甲堤南路70號,1000000,1120417
10120,90227555,農純鄉有限公司,臺中市北屯區四民里長生巷5之9號,3000000,1120411
10137,90233439,榮新建設有限公司,臺中市烏日區溪南路三段55巷2弄10號1樓,5000000,1120410
10144,90236920,互升企業股份有限公司,臺中市沙鹿區中園街147號1樓,5000000,1120410
10145,90237792,天華充電科技股份有限公司,臺中市北區臺灣大道二段360號5樓之1,8000000,1120406
10146,90237879,鐿豐蛋品股份有限公司,臺中市神岡區昌平路五段175號,10000000,1120418
10147,90237982,巍碁投資管理顧問股份有限公司,臺中市北區健行里忠明路424號5樓之1,10500000,1120406
10148,90238188,晶發儲能股份有限公司,臺中市西屯區市政北二路236號14樓之1,63000000,1120417
10149,90238639,中文國際開發股份有限公司,臺中市北屯區文心路四段432號,10000000,1120420
10150,90238666,晶元儲能股份有限公司,臺中市西屯區市政北二路236號14樓之1,31500000,1120414
10151,90239095,貝睿軟體開發有限公司,臺中市西區臺灣大道二段285號4樓之2,250000,1120411
10152,90239258,恩紘不動產仲介有限公司,臺中市北屯區后庄里敦化路一段277號,1000000,1120424
10153,90239383,吉麗健康事業有限公司,臺中市烏日區前竹里光明路159巷68弄10號1樓,1000000,1120418
10154,90239399,芮奇科技有限公司,臺中市西屯區河南路三段169號13樓之2,500000,1120424
10155,90239530,鐿富精密科技有限公司,臺中市大雅區文雅里中和路168號,1000000,1120427
10156,90240776,樂恆國際有限公司,臺中市西區民龍里臺灣大道二段239號13樓,300000,1120424
10166,90245619,樂富好股份有限公司,臺中市南區仁德街4號2樓,400000,1120414
10167,90245765,阜陽能源科技股份有限公司,臺中市西屯區文心路二段562之1號12樓之1,4375000,1120427
10210,90269935,英商順泰有限公司,臺中市南屯區大墩三街165號1樓,2000000,1120414
10215,90272615,法鬥山有限公司,臺中市中區大墩里三民路二段131號1樓,6000000,1120424
10220,90275845,辰和國際行銷顧問有限公司,臺中市豐原區東陽里東陽路獅座巷7號2樓,500000,1120414
10229,90280621,業績天花板有限公司,臺中市石岡區萬興里豐勢路881巷1號1樓,2100000,1120419
10230,90281760,利休空間整合有限公司,臺中市西區民龍里臺灣大道二段307號24樓,200000,1120414
10231,90282276,格棋化合物半導體股份有限公司,臺中市后里區公安路一段33號,270000000,1120407
10232,90282986,幼尚科技有限公司,臺中市西屯區何安里臺灣大道二段910號11樓之5,100000,1120424
10233,90283015,麒鴻科技有限公司,臺中市西屯區何安里臺灣大道二段910號11樓之5,100000,1120417
10234,90283269,菀德設計室內裝修有限公司,臺中市南屯區永定里文昌街208號1樓,1000000,1120411
10235,90283583,松麟科技有限公司,臺中市西屯區何安里臺灣大道二段910號11樓之5,100000,1120418
10236,90283628,睿榮投資股份有限公司,臺中市大里區大衛路21之6號1樓,100947000,1120407
10248,90289995,洤裔不動產經紀股份有限公司,臺中市沙鹿區鹿寮里光華路436號,1000000,1120406
10249,90290162,崴寶精密科技股份有限公司,臺中市西屯區市政北七路186號11樓之9,223260000,1120417
10250,90290183,才德旺有限公司,臺中市南屯區文心南五路一段258號1樓,7287700,1120426
10252,90290923,吉相茶國際有限公司,臺中市南屯區大墩十二街178號1樓,400000,1120420
10253,90291155,上善若水國際有限公司,臺中市北屯區山西路三段222號14樓之5,100000,1120407
10264,90296216,探掬股份有限公司,臺中市西區民龍里臺灣大道二段186號24樓之2,30000,1120419
10265,90296308,歐米國際汽車有限公司,臺中市西屯區潮洋里黎明路二段927號1樓,30000,1120412
10291,90314241,鍉瀧行銷有限公司,臺中市南區福順里忠明南路789號33樓,500000,1120412
10292,90314642,典長建設有限公司,臺中市西區東昇里公舘路166號,10000000,1120407
10293,90314880,証鈞工程有限公司,臺中市太平區宜昌里宜昌路382號1樓,3000000,1120421
10294,90315065,寶聚不動產有限公司,臺中市北屯區平和里山西路二段227號,500168,1120424
10295,90315261,築夢家文創教育股份有限公司,臺中市西屯區市政北二路282號21樓之11,3944000,1120424
10296,90315781,杉亞投資顧問有限公司,臺中市西屯區惠來里市政北七路186號17樓之6,1000000,1120417
10301,90318730,紳凱有限公司,臺中市豐原區中陽里自立街82號1樓,200000,1120406
10303,90319371,永誠生技諮詢顧問有限公司,臺中市西區和龍里臺灣大道二段2號9樓之5,1000000,1120406
10352,90344836,學得習得教育事業股份有限公司,臺中市大肚區自由路909號1樓,2500000,1120420
10353,90345384,宥心生醫有限公司,臺中市沙鹿區鹿寮里錦上街110號1樓,500000,1120419
10354,90345770,艾普莉緹有限公司,臺中市西區忠明里美村路一段22號8樓之6,1000000,1120424
10355,90345954,日出建材實業有限公司,臺中市沙鹿區興仁里四平街38巷13之2號,500000,1120411
10356,90346089,未來重工股份有限公司,臺中市梧棲區臺灣大道九段140號1樓,1000000,1120406
10357,90346095,邑廸股份有限公司,臺中市北屯區豐美街288號5樓之1,500000,1120426
10358,90346139,季恩股份有限公司,臺中市北屯區豐美街288號5樓之1,500000,1120426
10375,90353139,首創見真股份有限公司,臺中市西屯區潮洋里黎明路二段783號1樓,14000000,1120411
10376,90353378,家喬生物科技有限公司,臺中市大里區東興里東明路303號1樓,2000000,1120419
10377,90353742,坤鋮有限公司,臺中市北區進化北路238號10樓之3,1000000,1120427
10387,90359979,鼎順有限公司,臺中市潭子區昌平路三段152號3樓,1000000,1120419
10388,90359984,首橙科技有限公司,臺中市西屯區惠來里市政北七路186號7樓之9,1000000,1120410
10389,90360027,木青實業有限公司,臺中市烏日區民生八街18號4樓,100000,1120424
10390,90360223,新高企業有限公司,臺中市西區民龍里臺灣大道二段186號14樓之1,2000000,1120410
10391,90361449,永金不動產有限公司,臺中市清水區吳厝里和睦路三段250號1樓,1000000,1120411
10404,90364728,鐵花刱藝有限公司,臺中市豐原區鎌村里鎌村路326巷23之8號1樓,200000,1120425
10438,90378130,沃登資訊國際股份有限公司,臺中市北屯區北屯路360號8樓之1,3000000,1120406
10449,90381732,港灣天使資本股份有限公司,臺中市西屯區何南里臺灣大道二段747號,10400000,1120421
10450,90382824,優活康養有限公司,臺中市沙鹿區興仁里沙田路90號1樓,1000000,1120411
10459,90386743,豪太股份有限公司,臺中市豐原區社皮里成功路354巷1號2樓,6000000,1120414
10460,90386770,科技腦媒體公關顧問股份有限公司,臺中市西區和龍里臺灣大道二段2號20樓之1,200000,1120406
10484,90398831,達克科技有限公司,臺中市南屯區同心里文心路一段186號20樓,100000,1120410
10485,90399043,昱將加工有限公司,臺中市大里區東湖里北湖街207號1樓,3600000,1120426
10486,90399509,谷力大有限公司,臺中市西屯區西墩里黎明路三段330號地下1層,5000000,1120421
10487,90399986,城市數位科技有限公司,臺中市南屯區惠中里文心路一段306號10樓之5,500000,1120424
10488,90400132,帝鐠鋐精密有限公司,臺中市豐原區東湳里角潭路二段207巷12號,1500000,1120427
10496,90408985,菱立有限公司,臺中市太平區頭汴里北田路232號1樓,1000000,1120411
10497,90409112,鶴茗茶業有限公司,臺中市太平區旱溪東路二段178號1樓,1250000,1120406
10514,90419998,愛膜力事業有限公司,臺中市中區民族路23號3樓之2,2000000,1120417
10515,90420051,鐿銓國際股份有限公司,臺中市西區臺灣大道二段573號1樓,22800000,1120419
10537,90433437,尚通國際有限公司,臺中市大里區內新里東榮路一段7號1樓,3200000,1120406
10538,90434365,能品水資源有限公司,臺中市潭子區福仁里大新路156號3樓,1500000,1120425
10568,90455537,津良股份有限公司,臺中市西區三民路一段50巷1之66號,100000,1120424
10569,90455781,挺惠實業股份有限公司,臺中市南屯區文心南三路729號1樓,51000000,1120424
10597,90469949,品朝視覺有限公司,臺中市南屯區寶山里寶山五街140之8號2樓,1000000,1120413
10598,90470045,勢豐長照股份有限公司,臺中市大里區塗城路546號3樓,1000000,1120410
10599,90470208,采宣國際有限公司,臺中市西區民生里自由路一段101號13樓之5,300000,1120427
10619,90481654,軟雲股份有限公司,臺中市北區臺灣大道一段617號1樓,1000000,1120419
10630,90486341,仟展通訊有限公司,臺中市西區臺灣大道二段186號24樓之2,402000,1120427
10631,90486519,尚永創鑫股份有限公司,臺中市梧棲區福德里中正路60巷98弄3號3樓,2400000,1120419
10632,90488495,行銷人創意娛樂有限公司,臺中市西區臺灣大道二段239號13樓,2000000,1120424
10633,90488734,昊鈺有限公司,臺中市西屯區何成里大祥街126號2樓之5,100000,1120410
10634,90488903,群森科技有限公司,臺中市大里區仁愛路176巷105號1樓,1000000,1120427
10641,90493878,群力康股份有限公司,臺中市太平區德隆里工業十七路9號1樓,51500000,1120426
10642,90494829,天苑空苑雲苑有限公司,臺中市大甲區臺中市勤益里中山路一段215南巷1號 1樓,209999,1120417
10685,90518408,逸鑫醫材有限公司,臺中市南屯區同心里文心路一段186號12樓之3,1000000,1120424
10686,90518441,同仁裕有限公司,臺中市北屯區昌平路二段3之14號,2000000,1120419
10687,90518717,慕謙室內裝修工程有限公司,臺中市西屯區上安里至善路36號14樓之3,1000000,1120424
10688,90518786,鼎富盛投資股份有限公司,臺中市清水區槺榔里忠誠路187號1樓,98100000,1120407
10691,90521213,水喔探索家育樂有限公司,臺中市太平區新平里育仁路110巷8弄25號1樓,200000,1120427
10698,90527075,六傑股份有限公司,臺中市西區中興里向上北路149號1樓,1000000,1120412
10711,90532984,毓璽科技有限公司,臺中市西區忠誠里忠明南路16號3樓之3,1000000,1120418
10712,90533230,嘉昱企管顧問有限公司,臺中市豐原區三村里大明路177之1號11樓之2,700000,1120407
10713,90533251,雋程工程有限公司,臺中市大甲區日南里工二路4之192號,1000000,1120407
10714,90533816,秉豐程有限公司,臺中市南屯區文心南五路一段656號2樓,200000,1120413
10715,90534097,固佳建設股份有限公司,臺中市南區福順里復興路二段107號6樓之4,22000000,1120419
10717,90534385,盛安環保科技有限公司,臺中市潭子區勝利五街43巷158號1樓,5200000,1120411
10718,90534391,達富交通有限公司,臺中市清水區槺榔里臨港路五段136號1樓,30000000,1120413
10719,90534456,一品精密科技有限公司,臺中市西屯區何厝里何厝東二街23號9樓之3,100000,1120410
10725,90541766,永隆興健康科技有限公司,臺中市南區和平里工學北路122號9樓,300000,1120411
10734,90548769,佐橋投資股份有限公司,臺中市西區臺灣大道二段459號17樓,250000000,1120410
10735,90548923,咪玲有限公司,臺中市龍井區遠東街100巷1弄5號,3000000,1120419
10748,90557106,新合欽實業有限公司,臺中市南屯區豐樂里文心南三路537號6樓,1000000,1120411
10777,90578799,得村國際有限公司,臺中市西屯區何源里文心路三段420號,1000000,1120424
10782,90582724,樽川有限公司,臺中市北區中清路一段79號6樓,10600000,1120414
10794,90586860,鑫利旺租賃理財企業有限公司,臺中市西區民龍里臺灣大道二段239號13樓,300000,1120425
10802,90590317,長寶國際股份有限公司,臺中市南區忠明南路758號17樓,1000000,1120419
10805,90591771,恆優利開發有限公司,臺中市沙鹿區鹿寮里中山路安利巷21號1樓,10000000,1120407
10807,90592032,康來數位科技股份有限公司,臺中市西區忠明南路303號27樓,5000000,1120410
10808,90592455,茂鎧科技股份有限公司,臺中市潭子區中山路一段326巷36號1樓,10000000,1120427
10809,90592645,兆廣股份有限公司,臺中市大雅區民生路三段36巷20弄42號1樓,28000000,1120407
10810,90592687,實力環保有限公司,臺中市太平區新福里振福路37號2樓,200000,1120420
10811,90592856,瑞詳統包工程有限公司,臺中市潭子區大豐里潭富路二段160巷19號1樓,1000000,1120427
10812,90592906,友銓不動產仲介經紀有限公司,臺中市南屯區向心里文心南路116號1樓,5000000,1120426
10814,90594995,科欣創意行銷管理顧問有限公司,臺中市西區臺灣大道二段181號5樓之8,1000000,1120417
10820,90597819,川億技術有限公司,臺中市西屯區何安里臺灣大道二段910號11樓之5,300000,1120424
10821,90598319,台灣新井自動化貿易有限公司,臺中市中區綠川里民族路23號4樓之2,500000,1120406
10822,90598401,祥協興有限公司,臺中市北區新北里育才街29號1樓,2400000,1120427
10823,90599210,澤原量子藝術國際有限公司,臺中市北區忠明二街47號1樓,1000000,1120427
10824,90599491,康浿國際有限公司,臺中市西屯區協和里工業區三十六路1號,30000,1120418
10825,90599540,安森窗簾有限公司,臺中市太平區新光里新福路206號1樓,100000,1120419
10826,90599838,昇福不動產仲介經紀有限公司,臺中市潭子區甘蔗里雅潭路一段127號1樓,500000,1120417
10827,90600440,松本國際股份有限公司,臺中市西屯區惠來里惠中路102號1樓,5000000,1120407
10828,90601530,崴正營造股份有限公司,臺中市北屯區崇德路二段130號12樓,60000000,1120426
10830,90602138,楹隆工程有限公司,臺中市北屯區新平里中清路二段479巷32號1樓,2800000,1120424
10849,90612467,通瀚企業有限公司,臺中市豐原區中正路536號2樓,1000000,1120418
10850,90612826,尚進科技股份有限公司,臺中市西屯區協和里工業區三路10號,17500000,1120425
10851,90612987,久天工程有限公司,臺中市北區立人里陝西東五街6號1樓,1000000,1120417
10852,90613254,利璟工程有限公司,臺中市西區和龍里臺灣大道二段2號20樓之1,200000,1120427
10853,90613445,漢麟精密有限公司,臺中市大肚區營埔里船頭六街82號1樓,1000000,1120426
10854,90614084,賦睿科技有限公司,臺中市東區公園東路98號3樓之1,100000,1120414
10866,90625343,前才國際股份有限公司,臺中市西屯區市政北二路236號21樓之1,1000000,1120420
10868,90627187,樹澄室內裝修有限公司,臺中市豐原區鎌村里鎌村路210巷90弄20號1樓,200000,1120418
10869,90627362,禾謦營造有限公司,臺中市梧棲區大仁路二段353巷6號8樓之1,5000000,1120417
10870,90627525,川流創意有限公司,臺中市西區臺灣大道二段285號14樓之3,1000000,1120420
10871,90627594,寶加利建設股份有限公司,臺中市南屯區文心路一段306號2樓之3,27000000,1120414
10877,90631921,緒陽能源有限公司,臺中市南區南門里興大路61號13樓之3,8010000,1120425
10887,90636263,中融汽車租賃有限公司,臺中市西屯區福和里安和路121之21號1樓,6000000,1120417
10897,90642379,海波浪餐飲開發有限公司,臺中市梧棲區南簡里大仁路一段7號,26500000,1120413
10898,90642455,緯創裝潢有限公司,臺中市大雅區秀山里秀山路202號1樓,300000,1120425
10899,90642716,展丞鴻業有限公司,臺中市太平區永隆里光德路399號,60000,1120411
10900,90643216,長生佛寶有限公司,臺中市南區平和里美村南路53號9樓之1,100000,1120417
10901,90644209,鑫海宇有限公司,臺中市烏日區北里里溪南路二段696巷18號1樓,500000,1120427
10914,90649915,希梯伊國際機械股份有限公司,臺中市龍井區忠和里西濱路三段237號,1000000,1120425
10915,90650665,有龍乃大數位精品有限公司,臺中市北區漢口路三段243號2樓,500000,1120406
10916,90650671,日册設計室內裝修有限公司,臺中市北區富強街1號5樓之1,300000,1120412
10917,90650813,金石盟投資有限公司,臺中市清水區橋頭里高美路299號,100000000,1120411
10933,90657463,立杰投資有限公司,臺中市西屯區市政北七路186號15樓之6,202556832,1120425
10943,90665386,天原興業有限公司,臺中市西區大忠南街55號7樓之5,300000,1120410
10944,90665745,鑫門科技有限公司,臺中市西屯區何源里華美西街二段311號2樓之1,100000,1120419
10984,90686143,華蕈生醫股份有限公司,臺中市西區忠明里健行路1049號29樓之19,10000000,1120418
10985,90686586,惠生醫藥國際股份有限公司,臺中市北區淡溝里臺灣大道二段340號10樓之1,14330000,1120421
10986,90686798,乃曼商貿有限公司,臺中市西屯區福和里臺灣大道四段925號21樓之2,1000000,1120425
10987,90687001,萊恩設計有限公司,臺中市潭子區東寶里昌平路三段150巷15弄12號1樓,1000000,1120420
10988,90687327,力冠精密有限公司,臺中市西屯區協和里順和一街21號4樓,3000000,1120413
10992,90690934,茂源開發有限公司,臺中市太平區新興里太順路563號,10000000,1120410
11002,90696493,從心設計有限公司,臺中市西區和龍里臺灣大道二段16號19樓之2,100000,1120417
11003,90696711,鼎盛國際顧問有限公司,臺中市北區賴福里進化北路392之2號8樓之1,1000000,1120421
11004,90697161,桔比商行有限公司,臺中市南屯區文昌街227巷39號1樓,100000,1120414
11005,90697296,虹妍國際生物科技有限公司,臺中市豐原區翁子里富陽路59之20號1樓,5000000,1120417
11006,90697991,鴻宇貿易企業有限公司,臺中市南區工學里文心南路620號,3600000,1120411
11007,90698056,奕聚有限公司,臺中市神岡區大社里大漢街31巷16弄23號1樓,100000,1120426
11008,90698176,里安制所室內裝修有限公司,臺中市中區大誠里大誠街39巷2之3之2號,500000,1120425
11009,90698393,鴻福記建設有限公司,臺中市潭子區和平路33巷18號7樓之2,5000000,1120424
11039,90725146,長家食品有限公司,臺中市西屯區協和里工業區三十二路55號1樓,5000000,1120421
11040,90725223,美居不動產經紀有限公司,臺中市大里區中興路一段113號1樓,4500000,1120418
11052,90740596,孩子元有限公司,臺中市南屯區向心里永春東路550號1樓,3000000,1120427
11055,90741912,若水心靈有限公司,臺中市北屯區旅順路一段53號,100000,1120417
11062,90753917,凱芮德生技股份有限公司,臺中市西區土庫里五權西路一段237號16樓之1,6000000,1120426
11093,90784616,薪展數位創意有限公司,臺中市北區賴村里進化北路367之9號,500000,1120425
11099,90798689,鈺穎設計有限公司,臺中市北區文莊里中清路一段89號18樓之1,100000,1120407
11116,90820681,台灣微光股份有限公司,臺中市南屯區寶山里工業區二十四路33號,10000000,1120421
11117,90821289,力大建築系統有限公司,臺中市北區健行路443號6樓之39,1500000,1120410
11122,90825840,有保庇宗教文創股份有限公司,臺中市北區雙十路二段101號3樓之1,6000000,1120414
11123,90827729,蒽倍絲生物科技有限公司,臺中市西區臺灣大道二段220號12樓,500000,1120406
11124,90827811,雅圖股份有限公司,臺中市西屯區西屯路二段253巷16號6樓之3,150000,1120407
11125,90828023,足印文化有限公司,臺中市西屯區永安里國安一路206巷18號4樓之１,1000000,1120417
11141,90840785,常宥科技有限公司,臺中市潭子區中山路二段90號,500000,1120418
11142,90841026,英富開發有限公司,臺中市西屯區朝富路213號30樓之1,30000000,1120417
11143,90841383,鴻運全球電通股份有限公司,臺中市北屯區崇德路二段128號6樓之3,3000000,1120414
11149,90842778,鋐億貿易有限公司,臺中市西屯區何厝里四川路133號,2000000,1120425
11169,90853958,嶸鐿科技有限公司,臺中市大肚區大東里自由路127號1樓,3000000,1120414
11171,90856483,泉衛生醫股份有限公司,臺中市北區進化路575號11樓之1,1500000,1120420
11172,90856527,老井美村餐飲有限公司,臺中市西區美村路一段289、291、293、295號1、2樓,20510000,1120411
11173,90858573,皓家朕科技服務股份有限公司,臺中市西屯區永安里西屯路三段宏恩二巷12弄3號1樓,1000000,1120410
11174,90859192,廣積開發有限公司,臺中市南屯區文心里大英西一街82號4樓之1,2000000,1120413
11175,90860711,洪彥楚藝術創作有限公司,臺中市豐原區北陽里向陽路349巷20號1樓,60000,1120417
11176,90860846,威泰配管工程有限公司,臺中市西屯區港尾里同志巷76之1之6號,20000000,1120421
11183,90864104,巨榮有限公司,臺中市北屯區廍子里環太東路723號1樓,1000000,1120412
11184,90864955,高銘管理顧問有限公司,臺中市南屯區大墩十四街194號2樓,100000,1120413
11185,90866932,吉優國際實業有限公司,臺中市南屯區豐樂里文心南六路171巷34號1樓,600000,1120428
11186,90867242,昕業國際科技股份有限公司,臺中市潭子區新田里豐興路二段548號1樓,7150000,1120407
11195,90872532,金組合有限公司,臺中市北屯區瀋陽路一段89號8樓,550000,1120424
11209,90881265,忠績電子商務股份有限公司,臺中市北屯區舊社里北屯路439之17巷2弄3號21樓之2,5000000,1120420
11231,90889246,鉅翰行銷股份有限公司,臺中市大里區仁化里仁化路636號,600000,1120411
11232,90889301,何舍有限公司,臺中市北區健行里忠明路424號3樓之3,100000,1120419
11233,90889323,合協有限公司,臺中市北屯區三和里東山路一段50之14號、50之15號,1000000,1120410
11234,90890291,集客數位科技股份有限公司,臺中市北區新北里一中街219巷1號1樓,1000000,1120407
11235,90891405,金綺旅館管理顧問有限公司,臺中市西區民龍里臺灣大道二段239號13樓,50000,1120426
11236,90891427,貓有魚有限公司,臺中市西區民龍里臺灣大道二段285號4樓之2,200000,1120428
11237,90891550,百威電機股份有限公司,臺中市神岡區社口里民權二街205巷52弄13號1樓,2000000,1120411
11238,90892100,鮮喫飯有限公司,臺中市西區民龍里臺灣大道二段186號20樓之5,200000,1120406
11239,90892328,恆河股份有限公司,臺中市南區大慶街二段6之16巷35號,4000000,1120418
11242,90895107,協富圓來廣告行銷有限公司,臺中市大肚區頂街里大德七街26號1樓,40000,1120420
11243,90895253,三祥科技有限公司,臺中市西區和龍里臺灣大道二段2號18樓之1,4000000,1120427
11244,90895541,陸億精密股份有限公司,臺中市后里區墩北里文化路76巷81號1樓,7000000,1120427
11245,90895583,黑白馬商貿股份有限公司,臺中市北區臺灣大道二段360號4樓之2,4000000,1120410
11246,90895681,金樂移民有限公司,臺中市中區繼光里繼光街97號1樓,5000000,1120412
11247,90895726,凱利電動車科技股份有限公司,臺中市西屯區至善里臺灣大道三段660號9樓之3,5000000,1120410
11248,90895893,首沛材料科技股份有限公司,臺中市西區民龍里臺灣大道二段307號6樓之1,200000,1120420
11249,90896464,達舜精密股份有限公司,臺中市南屯區精科七路13號2樓,370000000,1120413
11250,90896648,奧宗有限公司,臺中市西屯區福星路526巷3號,500000,1120418
11269,90981829,騰祥工業股份有限公司,臺中市梧棲區向上路九段381巷47號,3000000,1120420
11274,91003667,璽恩文創有限公司,臺中市豐原區南嵩里水源路139號1樓,1000000,1120425
11292,91010822,城邑實業有限公司,臺中市南屯區溝墘里大業路393號,1000000,1120418
11293,91010962,峰益開發工程有限公司,臺中市西區民龍里臺灣大道二段239號13樓,100000,1120420
11295,91012217,雲端舵手資訊有限公司,臺中市西區吉龍里美村路一段596巷4號,4000000,1120426
11296,91012357,星源電力股份有限公司,臺中市北區臺灣大道二段360號5樓之1,100000,1120417
11297,91012429,砌夢人餐飲管理顧問股份有限公司,臺中市北屯區后庄里敦化路一段265號,200000,1120421
11298,91012758,新峰工業有限公司,臺中市大里區西湖里草堤路158巷15號,2000000,1120417
11299,91012770,亦加實業有限公司,臺中市南屯區文山里文山三街127號2樓之3,500000,1120407
11304,91015777,佑恒營造股份有限公司,臺中市北屯區陳平一街82號1樓,20000000,1120419
11334,91029511,光憶資產有限公司,臺中市北屯區景南巷1之1號1樓,100000,1120411
11348,91036652,菁菓有限公司,臺中市北區忠明路424號5樓之1,1000000,1120424
11349,91037982,台灣投資顧問有限公司,臺中市霧峰區本鄉里振興街90號1樓,5000000,1120424
11350,91038005,聯佳倉儲物流股份有限公司,臺中市大肚區大明五街99號,160000000,1120411
11355,91042731,國匠不鏽鋼鍛造工程有限公司,臺中市豐原區東湳里角潭路二段197之1號,500000,1120417
11356,91043210,傑成企業有限公司,臺中市豐原區朴子里朴子街228之2號1樓,1000000,1120411
11357,91043422,韵展有限公司,臺中市西區大忠里存中街170號4樓之2,10000,1120418
11358,91043653,喬田整合行銷有限公司,臺中市北屯區平安里文心路四段750號地下室之1、752號地下室,500000,1120412
11359,91043844,歪菓任咖啡企業有限公司,臺中市北區賴村里中清路一段372號2樓,500000,1120406
11360,91044246,睿克貿易有限公司,臺中市北屯區平德里文心路四段288號13樓之9,20000,1120425
11361,91044317,愛美生物科技股份有限公司,臺中市北屯區敦化路一段481號1樓,500000,1120412
11362,91045316,饕寶趣有限公司,臺中市東區新庄里和平街119之3號7樓之3,500000,1120425
11365,91048094,鑫琦企業有限公司,臺中市西屯區大鵬里文心路三段241號21樓之7,1000000,1120426
11366,91048101,台灣一條根股份有限公司,臺中市南屯區文山里精科八路36號2樓,2464300,1120410
11367,91048329,瑞椿精密科技有限公司,臺中市烏日區湖日里榮泰街163巷18號1樓,300000,1120427
11369,91049489,双盈照明廣告招牌工程有限公司,臺中市沙鹿區犁分里七賢南路17巷13號1樓,2300000,1120424
11370,91049880,百牌有限公司,臺中市南區和平里忠明南路758號11樓,100000,1120421
11371,91049951,豐堂國際有限公司,臺中市南屯區惠中里文心路一段306號10樓之6,1200000,1120426
11375,91052414,印度商穆扎米有限公司,臺中市大里區國光路2段500號5樓之1,0,1120425
11386,91056039,立冬儲能股份有限公司,臺中市南區忠明南路758號14樓,31500000,1120425
11387,91056050,水星儲能股份有限公司,臺中市西屯區市政北二路236號21樓之1,63000000,1120424
11388,91056087,土星儲能股份有限公司,臺中市西屯區市政北二路236號14樓之1,31500000,1120424
11389,91056468,崴宇開發股份有限公司,臺中市北屯區文心路三段447號22樓之2,200000,1120420
11390,91056729,背景模式有限公司,臺中市北屯區北興里南京東路三段38號6樓,1000000,1120418
11418,91074395,香港商永悅裝飾材料有限公司,臺中市北屯區瀋陽路1段89號8樓,0,1120419
11436,91083211,睿克國際有限公司,臺中市北屯區文心路四段288號13樓之9,50000,1120410
11443,91086842,銳猛電子有限公司,臺中市西屯區市政北二路238號27樓之1,2300000,1120421
11453,91091731,大隱商有限公司,臺中市太平區宜佳里宜文街9號5樓,500000,1120418
11454,91092773,沐品淳有限公司,臺中市北屯區軍福十六路87號,500000,1120414
11462,91098973,龐億有限公司,臺中市南屯區惠中里文心路一段324號11樓之1,500000,1120424
11463,91099570,衡昱電商股份有限公司,臺中市北區太原路二段66號5樓,105000000,1120419
11464,91099635,聚福隆有限公司,臺中市北區賴厝里梅川西路三段33號1樓,10500000,1120410
11465,91099706,松悅貿易有限公司,臺中市北區德化街51之2號4樓,1000000,1120425
11466,91099754,華定國際有限公司,臺中市西屯區四川路36號1樓,1000000,1120413
11467,91099987,鋐名機電有限公司,臺中市大肚區瑞井里遊園路一段70巷118之1號2樓,200000,1120421
11468,91100387,聖衞樓梯扶手有限公司,臺中市烏日區光明里五光路復光六巷145號2樓,2000000,1120411
11480,91108260,光隅國際有限公司,臺中市西區民權路219號2樓,2500000,1120424
11481,91109253,珅富國際開發股份有限公司,臺中市南區永興里11鄰高工南路65巷6號7樓之1,880000,1120414
11488,91113144,馥馥股份有限公司,臺中市西屯區惠來里府會園道21號,27000000,1120410
11495,91115585,墅紘藝術有限公司,臺中市南區南門里南門路116號,2000000,1120413
11518,91124727,玖易生技有限公司,臺中市西屯區精明一街26號1樓,2000000,1120420
11519,91124923,承佳投資有限公司,臺中市豐原區西安里圓環南路223號1樓,40000000,1120411
11520,91125177,禾釱實業有限公司,臺中市北屯區仁和里山西南一街106號3樓,5000000,1120424
11521,91125319,金辰開發建設股份有限公司,臺中市北屯區平田里文心路四段955號14樓之2,25000000,1120426
11524,92601310,泰東室內裝修工程有限公司,臺中市南屯區同心里大墩路29號1樓,1000000,1120412
11531,93780558,中璟營造工程有限公司,臺中市清水區槺榔里港新三路37號2樓之3,15000000,1120425
11534,94061063,苗麒股份有限公司,臺中市潭子區大豐路二段39巷8之1號,1500000,1120426
11538,96866092,璉易工業有限公司,臺中市潭子區聚興里豐興路一段272之1號,2000000,1120406
11542,96882728,慶奕實業有限公司,臺中市西屯區中工二路190號13樓,5000000,1120419
11548,96899220,盛鈺精機有限公司,臺中市太平區宜昌東路23巷45號,40000000,1120417
11550,96904265,弘建企業有限公司,臺中市梧棲區建國西街40巷7號,5000000,1120421
11555,96915495,勤工股份有限公司,臺中市大雅區員林里神林路一段285號,10000000,1120425
11579,97050011,文介空壓機實業有限公司,臺中市神岡區大圳路25之3號1樓,5000000,1120411
11580,97052799,具材彈簧有限公司,臺中市大里區西湖里西柳街66巷31號,1000000,1120413
11590,97099746,聖僑資訊事業股份有限公司,臺中市北屯區文心路三段445巷2號,50000000,1120414
11626,97220368,英特麗有限公司,臺中市西區臺灣大道二段285號14樓之3,5000000,1120421
11634,97252207,立欣工程股份有限公司,臺中市大里區新南路62號12樓,65000000,1120417
11636,97253590,高聖峰工業有限公司,臺中市大肚區中和里南榮路369巷21號,2500000,1120410
11639,97265054,宏震工業有限公司,臺中市大里區大元里內元路153巷9號1樓,1000000,1120411
11658,97338275,麗耀營造股份有限公司,臺中市西屯區何成里大容西街57號2樓之2,35000000,1120420
11663,97363175,周家花園有限公司,臺中市豐原區三豐路二段549巷178弄148號,1000000,1120411
11674,97397879,進成電機股份有限公司,臺中市大里區日新里福大路43巷20弄2號,9400000,1120414
11678,97407461,尚宏營造有限公司,臺中市北區中清路一段89號8樓之6,22500000,1120419
11680,97410867,轟倫實業有限公司,臺中市神岡區社口里八德路625號,3000000,1120418
11681,97411486,詠發興業有限公司,臺中市神岡區豐洲里豐原大道七段625號1樓,5000000,1120424
11682,97412479,弘萬貿易股份有限公司,臺中市沙鹿區19鄰光華路517號,5000000,1120413
11683,97414836,靈知科技股份有限公司,臺中市北區進化北路392之2號12樓之2,40000000,1120426
11684,97415954,佳明工程有限公司,臺中市北屯區中清路二段479巷32號1樓,6000000,1120426
11690,97447647,富旺國際開發股份有限公司,臺中市西區大隆路20號4樓之5,1540162760,1120417
11706,97506151,立國鍛品工業股份有限公司,臺中市太平區中興里太平路678巷60號,16500000,1120420
11707,97515601,國霸工業股份有限公司,臺中市大里區東興路506號1樓,20000000,1120421
11708,97543590,立仲機械股份有限公司,臺中市烏日區螺潭里慶光路99之1號1樓,88000000,1120424
11709,97559895,龍合企業股份有限公司,臺中市大里區塗城路735巷16弄10號1樓,5000000,1120424
11710,97582896,源展交通股份有限公司,臺中市大肚區新興里沙田路二段159巷6之1號1樓,29560000,1120410
11711,97593330,日竑股份有限公司,臺中市太平區永義路235巷2號,5000000,1120414
