序號,統一編號,公司名稱,公司所在地,資本額,核准變更日期
72,04397427,嘉伸企業股份有限公司,臺中市豐原區西安里圓環南路215號1樓,15000000,1130417
95,04690983,大魯閣實業股份有限公司,臺中市東區復興路4段186號,900000000,1130401
96,04717414,正豐貨運股份有限公司,臺中市潭子區甘蔗里勝利九街65號,9600000,1130408
106,04813958,明道通運股份有限公司,臺中市梧棲區草湳里建國南街28號1樓,20000000,1130412
134,05380681,達雅企業股份有限公司,臺中市西區五廊街62巷2號1樓,71130460,1130418
139,05640639,東展文化事業有限公司,臺中市北屯區熱河路三段121號一樓,5000000,1130423
141,05699785,永年發機械工業有限公司,臺中市豐原區三村里三和路509號1樓,5000000,1130417
264,12481931,南瑩貿易股份有限公司,臺中市西屯區何成里大容西街51號3樓之2,10000000,1130415
278,12604573,久詳有限公司,臺中市南區樹德里大慶街二段49之23號1樓,10000000,1130423
279,12609965,璽瑞股份有限公司,臺中市西區臺灣大道二段16號12樓,20000000,1130411
280,12610386,磊技科技股份有限公司,臺中市北屯區三和里東光路852巷8號2樓,5000000,1130424
287,12635437,飛康國際網路科技股份有限公司,臺中市南屯區文心路一段521號6樓之5,3000000,1130426
321,12707656,美林藝術文創股份有限公司,臺中市南屯區三和里干城街328號4樓之1,16639998,1130425
332,12737080,川鑫實業股份有限公司,臺中市東區十甲里長福路501號1樓,19600000,1130422
338,12744929,鼎馬實業有限公司,臺中市神岡區神岡路201之1號,13380000,1130422
339,12746686,雅拓營造有限公司,臺中市北區博館路80-2號(3樓),8000000,1130410
340,12747496,大勝加油站有限公司,臺中市大里區大明路482號1樓,120000000,1130417
344,12753145,安穎國際有限公司,臺中市西屯區何成里文心路二段562之1號12樓之1,2000000,1130417
349,12764136,德啟營造有限公司,臺中市西區公益里公益路223號12樓之1,3600000,1130419
352,12770117,更通企業有限公司,臺中市大里區東湖里長春路69之3號1樓,2000000,1130419
360,12784098,百鴻捲門股份有限公司,臺中市后里區眉山里安眉路139之5號,90000000,1130424
367,12802080,澄晶科技股份有限公司,臺中市西屯區工業區一路2巷3號6樓之6,6600000,1130423
370,12816486,元祥營造股份有限公司,臺中市清水區民和路二段300號1樓,3600000,1130418
371,12816628,天興投資股份有限公司,臺中市北區太平路42之1號2樓,77333330,1130426
376,12826267,盛毅有限公司,臺中市豐原區翁社里豐年路109巷79號,10000000,1130403
378,12829840,澤永祥國際有限公司,臺中市北屯區水湳路建昌巷7弄80號1樓,500000,1130408
382,12839592,茗喬營造有限公司,臺中市潭子區新田里龍興三莊60號1樓,3600000,1130424
398,12856830,新社農業生物科技股份有限公司,臺中市新社區協成里協中街167之1號,619000000,1130415
412,12887539,京釜工具有限公司,臺中市潭子區福仁里中山路二段73巷37號,3000000,1130401
414,12892688,余樂食品有限公司,臺中市大里區西榮里西榮路42號,5000000,1130422
415,12894068,倍康科技有限公司,臺中市豐原區鎌村里鎌村路210巷62號1樓,5000000,1130426
419,12904642,通豪興業有限公司,臺中市豐原區陽明里自強南街155號9樓,1000000,1130417
424,12912684,興喬生化科技有限公司,臺中市大里區西湖路185號1樓,2000000,1130403
428,12914711,西乾興業股份有限公司,臺中市沙鹿區中山路紅竹巷12之7號,36000000,1130409
429,12916035,同訓橡膠科技股份有限公司,臺中市豐原區西湳里豐原大道七段162巷252弄31號,5000000,1130402
431,12924703,聖尚股份有限公司,臺中市大雅區四德里中清路三段727號2樓,2000000,1130417
434,12928525,置新科技股份有限公司,臺中市太平區德隆里德安街49巷22號1樓,5000000,1130412
440,12936638,明氏股份有限公司,臺中市西屯區工業區30路14號1、2樓,2000000,1130410
443,12937778,益徠建設股份有限公司,臺中市北區中清路一段372號2樓,30000000,1130429
461,12992053,鑫國照明有限公司,臺中市豐原區翁子里富陽路59號1樓,7000000,1130426
467,13001930,力陞實業有限公司,臺中市北屯區松竹路二段362之28號1樓,2000000,1130409
468,13003199,國聯股份有限公司,臺中市豐原區豐原里中正路78巷2之1號,210000000,1130410
472,13013909,源達貿易有限公司,臺中市西屯區工業一路2巷3號5樓之10,30000000,1130401
476,13026995,保得順工業股份有限公司,臺中市大里區瑞城里美村街146巷63弄6號,28529000,1130417
477,13035452,巨翔機電消防工程有限公司,臺中市西區公德里向上南路一段133巷2號1樓,1000000,1130416
483,13046916,建佑工程技術顧問有限公司,臺中市北屯區綏遠路二段215巷22號,1000000,1130426
495,13072929,亞特克實業股份有限公司,臺中市龍井區新興路53巷9之2號,18000000,1130422
496,13073981,鯨航國際有限公司,臺中市北區建成里東成路167號1樓,5000000,1130401
498,13076919,台灣富士通將軍國際股份有限公司,臺中市北屯區崇德路二段416號4樓之1,60000000,1130418
499,13079900,豪昇塑膠股份有限公司,臺中市梧棲區草湳里梧南路6之3號,10000000,1130402
531,13160129,鈺國舞蹈戲劇服飾有限公司,臺中市西區博館二街186號,500000,1130411
561,15964170,克哲國際貿易股份有限公司,臺中市西屯區臺灣大道三段540號8樓之3,45000000,1130426
580,16048825,鳳凰開發股份有限公司,臺中市南屯區田心里大墩四街321號地下1層,26000000,1130429
582,16052854,邏輯特科技有限公司,臺中市大里區金城里龍城街82號1樓,8500000,1130410
588,16064824,向陽加油站股份有限公司,臺中市豐原區中山里復興路87號2樓,10000000,1130424
635,16191595,成洋工業股份有限公司,臺中市太平區宜昌東路162號,16000000,1130410
636,16195760,擎美股份有限公司,臺中市北屯區崇德八路一段83號1樓,2000000,1130408
649,16239599,利永貞國際開發股份有限公司,臺中市北區太原路二段86號14樓,10000000,1130411
693,16350299,伍邑工程有限公司,臺中市南屯區大墩五街327號1樓,3000000,1130410
705,16387922,禾益營造股份有限公司,臺中市南屯區大墩十街266號18樓之3,7000000,1130429
706,16388422,鴻育人力資源管理顧問股份有限公司,臺中市北屯區橫坑巷47之8號2樓,5000000,1130415
711,16399645,電腦管家國際貿易有限公司,臺中市太平區中山路二段477巷186弄35號1樓,2500000,1130409
714,16407172,國威金屬工業股份有限公司,臺中市后里區墩南里七星街36號,320000000,1130422
754,16490329,東穎辦公家具有限公司,臺中市南屯區永定里益文二街90號1樓,5000000,1130412
758,16504463,沅基塑膠股份有限公司,臺中市梧棲區草湳里南環路22號,160000000,1130401
761,16525143,顧格貿易股份有限公司,臺中市北區賴興里文心路四段200號3樓之6,5000000,1130402
771,16557376,裕唐汽車股份有限公司,臺中市北屯區仁和里松竹路三段8號1樓,350000000,1130409
775,16571053,正好興業股份有限公司,臺中市南區樹義里復興路一段385號1樓,5000000,1130429
803,16634705,合富國際股份有限公司,臺中市西屯區協和里工業區三十七路42號,130000000,1130410
815,16666516,華顏有限公司,臺中市北區賴旺里青島西街31之2號1樓,1000000,1130418
826,16695548,旭陽營造有限公司,臺中市太平區宜欣里宜欣一路34號1樓,3600000,1130402
827,16697264,松韻營造有限公司,臺中市北屯區平和里旅順路一段262號2樓,3600000,1130418
828,16697433,展欣環保工程股份有限公司,臺中市東區東信里十甲東路376號,50000000,1130409
832,16706453,頌曜營造工程有限公司,臺中市南區長榮里愛國街49巷2號,15000000,1130425
839,16732543,毅茂工程實業有限公司,臺中市北屯區后庄里敦化路一段406巷22號,6800000,1130411
840,16735302,舜宥營造有限公司,臺中市西屯區福和里福安七街13號1樓,36000000,1130426
844,16756164,微信息股份有限公司,臺中市中區繼光里公園路2之6之36號,13500000,1130408
862,16797432,彩騰科技股份有限公司,臺中市北區民權路539號,5000000,1130417
882,16858893,嵩騰營造有限公司,臺中市東區東門里東光園路115號24樓之7,6000000,1130416
885,16863523,儀峰工業有限公司,臺中市大里區仁化里工業路宏巨二巷2弄57號,500000,1130418
888,16870025,勝新機械工業有限公司,臺中市烏日區前竹里中山路一段229巷17號,70000000,1130409
890,16872023,駿樺機械股份有限公司,臺中市太平區中興里永義路116號,10000000,1130418
895,16886568,慧登科技股份有限公司,臺中市南區福順里忠明南路787號7樓,16100000,1130419
915,16928363,巨邦國際開發有限公司,臺中市大肚區大東里仁德路66巷11號1樓,25000000,1130423
916,16929449,奇暉企業股份有限公司,臺中市龍井區忠和里臨港路二段54之1號,5000000,1130408
919,16934153,泓毅工程股份有限公司,臺中市北區陝西六街17之1號1樓,20000000,1130418
929,16962967,鎂園室內裝修設計有限公司,臺中市西區精誠三十街39號1樓,5000000,1130412
931,16966963,詰隆資源回收有限公司,臺中市大里區日新里日新路720號,5000000,1130418
942,16980607,仕豐機械有限公司,臺中市北屯區水景里東山路一段190巷22號1樓,3000000,1130409
954,16995679,汰億實業有限公司,臺中市大里區新仁里新仁一街113巷1號,5000000,1130424
981,20861857,關友股份有限公司,臺中市大甲區日南里工一路28號,232560000,1130425
997,21234481,台灣航空電子股份有限公司,臺中市南屯區工業區20路35號,300000000,1130416
1015,22053830,昭雄營造股份有限公司,臺中市南屯區田心里大墩七街331號1樓,120000000,1130423
1017,22058764,常通實業股份有限公司,臺中市北屯區廍子里廍子路700巷37號1樓,6200000,1130415
1019,22069690,詠勤實業有限公司,臺中市北區南京東路二段127號2樓,5000000,1130415
1023,22088063,保聯企業股份有限公司,臺中市豐原區翁子里富翁街260巷139號,56530000,1130425
1034,22102781,東昕彩藝包裝股份有限公司,臺中市西屯區協和里工業區十路20號,50000000,1130403
1037,22117320,吾達工業股份有限公司,臺中市西屯區福星路526巷15、17號,10000000,1130415
1059,22213267,萬鐙金屬有限公司,臺中市烏日區新興路16號,38000000,1130417
1065,22234376,喬裕建材有限公司,臺中市大里區仁化里工業九路7號,12000000,1130425
1067,22245275,勤豐運動用品股份有限公司,臺中市南屯區田心里惠中路三段393之2號1樓,9500000,1130412
1075,22271441,峰田金屬有限公司,臺中市大肚區中和里南榮路437號,2000000,1130419
1078,22275100,宏錩機械有限公司,臺中市霧峰區峰谷里峰谷路295號,406000,1130416
1079,22276585,郁清鑄造廠股份有限公司,臺中市大雅區六寶里清陽路92巷5號,12000000,1130415
1081,22278198,成偉精機廠股份有限公司,臺中市豐原區三村里三和路333號1樓,20000000,1130402
1087,22295345,韋岦精密股份有限公司,臺中市南屯區惠中里文心路一段378號19樓之6,13000000,1130416
1090,22303197,廣太塑膠實業股份有限公司,臺中市龍井區忠和里海尾路310巷6號,6000000,1130418
1107,22378751,晨睿營造股份有限公司,臺中市西區安龍里梅川西路一段23號5樓,30000000,1130416
1110,22384374,穗綸實業有限公司,臺中市北區明德里太原路一段392之3號1樓,21000000,1130426
1114,22401937,家晟電器有限公司,臺中市北區臺灣大道一段615號1樓,5000000,1130416
1115,22402491,建煜工業股份有限公司,臺中市霧峰區錦州路308巷9號,182000000,1130423
1120,22414412,良山塑膠股份有限公司,臺中市大雅區昌平路四段282巷461號,5000000,1130412
1135,22477915,宏忠建設開發股份有限公司,臺中市西屯區市政北二路282號8樓之5,50000000,1130422
1137,22479174,春岱工業有限公司,臺中市太平區長億里太平一街220號,3000000,1130411
1139,22483917,茂豐化學企業有限公司,臺中市烏日區長春街142巷3號1樓,9000000,1130412
1141,22492774,仁通紙器有限公司,臺中市太平區溪洲路77巷10號,1000000,1130424
1145,22512125,龍津股份有限公司,臺中市清水區東山里神清路9之22號,48000000,1130416
1147,22520743,久陞企業股份有限公司,臺中市潭子區家福里得才街43巷7號,13000000,1130402
1161,22560548,泰宇全弘電鍍股份有限公司,臺中市西屯區永輝路89巷15號,5000000,1130425
1171,22593457,順亮電機股份有限公司,臺中市南屯區春社里精科中二路13號,60000000,1130423
1172,22593597,龍安機械工廠股份有限公司,臺中市北屯區水景里軍功路一段366號,5000000,1130410
1173,22595080,成豪企業股份有限公司,臺中市太平區精美路116巷8號,3500000,1130410
1175,22597382,維利金屬工業股份有限公司,臺中市太平區太平里永豐路177號,5000000,1130418
1177,22601891,車城汽車有限公司,臺中市西屯區潮洋里環中路二段1563號,520000,1130415
1179,22604905,雙河銘版企業有限公司,臺中市東區振興路437巷111弄7號,5000000,1130426
1181,22605968,義冠合立工程股份有限公司,臺中市西屯區福中六街40號1樓,10800000,1130411
1202,22662849,台灣汎納克股份有限公司,臺中市西屯區臺灣大道四段925號16樓之1,50000000,1130422
1212,22676061,美力股份有限公司,臺中市西屯區工業區34路58號,10000000,1130423
1215,22686461,群億彩藝股份有限公司,臺中市梧棲區經一路38號,70000000,1130401
1222,22707347,詠詮機械股份有限公司,臺中市太平區太平里永豐路108巷50之2號1樓,50000000,1130409
1226,22711953,凱富機械工業股份有限公司,臺中市龍井區竹坑里沙田路4段177號之2,5000000,1130418
1227,22712593,鉅豐鐵工廠股份有限公司,臺中市豐原區鐮村里鐮村路472巷63之1號,12000000,1130426
1244,22777510,高鼎精密材料股份有限公司,臺中市南屯區工業區二十一路35號,600000000,1130425
1275,22905959,郁功股份有限公司,臺中市大雅區六寶里清陽路102號,6000000,1130422
1276,22906113,華鑫有限公司,臺中市東區十甲北街43號,2000000,1130417
1277,22907252,養生國際股份有限公司,臺中市北區健行里忠明路424號9樓之1,3000000,1130419
1284,22924885,進億通運股份有限公司,臺中市烏日區溪埧里溪南路一段187號1樓,26820000,1130422
1302,22964112,曜泉機械有限公司,臺中市豐原區豐原里三豐路一段86巷38號1樓,6000000,1130418
1306,22971599,加貿工業股份有限公司,臺中市大雅區三和里仁和路195號2樓,19000000,1130410
1307,22972725,西北旅行社股份有限公司,臺中市西區大隆路20號7樓之10,7000000,1130426
1312,22990391,侑壯企業有限公司,臺中市大里區校前路26巷16之6號,10000000,1130408
1314,22993952,昱琦興業有限公司,臺中市西屯區大墩20街131號2樓,5000000,1130423
1321,23024399,日機股份有限公司,臺中市西屯區協和里工業區四十路6號,10000000,1130401
1340,23080574,協和企管顧問有限公司,臺中市豐原區田心里育仁路114巷15號3樓之1,500000,1130401
1343,23089414,台灣滑軌股份有限公司,臺中市龍井區三德里中厝路50巷60弄33-3號,5000000,1130419
1344,23090051,宇梏工業股份有限公司,臺中市霧峰區吉峰里吉峰路56巷7號,16000000,1130401
1347,23103529,精輪工業股份有限公司,臺中市太平區太平23街43號,5000000,1130412
1348,23106315,吉普電子股份有限公司,臺中市太平區太平里永豐路29巷24號,2200000,1130411
1349,23106434,常德機電工程有限公司,臺中市北屯區水景里環中東路二段611號1樓,10000000,1130423
1350,23110079,博昌工業股份有限公司,臺中市龍井區龍津里三港路355巷75號,13000000,1130402
1358,23149525,怡瑋有限公司,臺中市西屯區工業區四十路16號,3200000,1130408
1365,23168043,裕通企業股份有限公司,臺中市西屯區協和里工業區36路27號,330000000,1130423
1366,23169367,懋中有限公司,臺中市西屯區長安路二段70巷35號1樓,5000000,1130418
1374,23185388,紘原工業有限公司,臺中市烏日區中山路一段229巷27號,30000000,1130418
1375,23185850,大乾精密有限公司,臺中市北區六合里福龍街106號,3000000,1130408
1380,23201802,金宏不銹鋼材有限公司,臺中市梧棲區永安里向上路九段562巷28號,98000000,1130410
1395,23226395,源高企業股份有限公司,臺中市南屯區益豐東街188號3樓,1000000,1130408
1398,23227789,雅薪工業股份有限公司,臺中市沙鹿區和睦路三段350號,20000000,1130409
1401,23239130,凱威管理顧問有限公司,臺中市西屯區甘肅路一段二○六巷一號二樓,2000000,1130415
1403,23245935,昌勇實業股份有限公司,臺中市神岡區社口里文昌街438號,25000000,1130419
1407,23255996,永城股份有限公司,臺中市北區漢口路四段367號17樓,10000000,1130429
1437,23364404,美可特品牌企劃設計有限公司,臺中市西屯區逢福里河南路2段262號11樓之2,2000000,1130403
1439,23367774,明椿電氣機械股份有限公司,臺中市大里區健民里仁化路158號,96000000,1130423
1463,23479996,貿紳有限公司,臺中市大雅區二和里雅環路一段259巷1弄16號1樓,5000000,1130412
1472,23507705,立川精機有限公司,臺中市大雅區民生路四段333巷65號,5000000,1130424
1496,23542870,信業科技股份有限公司,臺中市南區樹德里大慶街二段31巷9號,30000000,1130423
1497,23544618,朝國工業有限公司,臺中市豐原區南嵩里水源路115巷39號1樓,10000000,1130403
1499,23545898,江豐營造股份有限公司,臺中市南區福順里忠明南路789號12樓,300000000,1130416
1503,23552166,傳旺清潔企業有限公司,臺中市神岡區岸裡里中山路360巷56號3樓,600000,1130429
1511,23582345,蓮品廚業股份有限公司,臺中市東勢區下新里東蘭街76-9號,15000000,1130409
1512,23584603,五葉肥料股份有限公司,臺中市東勢區第一橫街93巷15號3樓之2,15000000,1130416
1513,23585075,福杰水電工程有限公司,臺中市烏日區九德里長春街574號1樓,10000000,1130426
1514,23585271,坤民實業股份有限公司,臺中市新社區東湖街一段99巷12弄20號1樓,6700000,1130412
1540,23693193,泰田金屬建材股份有限公司,臺中市南區福平里光輝一街3號1樓,56000000,1130424
1541,23700716,旅達五金股份有限公司,臺中市大雅區員林里大林路271巷32之6號1樓,8000000,1130411
1544,23712868,耿舜企業股份有限公司,臺中市西屯區協和里工業區32路60號,90150000,1130419
1556,23777398,錡異機電股份有限公司,臺中市龍井區新仁路22巷11號,10000000,1130415
1560,23785881,天仁光學股份有限公司,臺中市西區公民里五權路1-67號16樓之3,20000000,1130412
1566,23824097,中友百貨股份有限公司,臺中市西屯區福和里臺灣大道4段925號28樓之2,229066770,1130419
1569,23831148,敦眾營造股份有限公司,臺中市西屯區成都路139號2樓,30000000,1130403
1571,23833808,燕村家庭用品有限公司,臺中市南屯區三厝里三厝街180號2樓,1000000,1130412
1575,23853901,德憶企業股份有限公司,臺中市大里區仁德里四維街7巷10號,15000000,1130401
1580,23870795,美村油漆材料有限公司,臺中市西區美村路一段784號1樓,8000000,1130425
1602,23937228,昱帆機械工業股份有限公司,臺中市豐原區豐原大道六段306巷9號1樓,5000000,1130408
1604,23941601,台偉精密科技股份有限公司,臺中市東區天乙街37巷2號,26800000,1130416
1610,23966975,中區科技工程股份有限公司,臺中市北屯區陳平里陳平一街7號,10000000,1130403
1616,23988106,中農證券股份有限公司,臺中市梧棲區四維中路157巷1號2樓,200000000,1130402
1630,24206951,華陽精密工業股份有限公司,臺中市神岡區庄後里溝心路52號,10000000,1130423
1633,24212905,號揚科技股份有限公司,臺中市北區忠太西路48號2樓,5000000,1130401
1634,24213030,玖泰豐股份有限公司,臺中市大肚區育英路26號,1000000,1130426
1636,24214615,泓鑫科技有限公司,臺中市龍井區龍社二街1巷12號1樓,5000000,1130402
1642,24223425,瑞發機械工程有限公司,臺中市梧棲區大村里文昌路459巷7號,2000000,1130423
1645,24227978,佺奕企業有限公司,臺中市北屯區軍福十六路273號2樓之17,17500000,1130415
1653,24240711,興真興有限公司,臺中市西屯區逢甲里上石北二巷11號1樓,4000000,1130401
1654,24240748,鑫井國際有限公司,臺中市南屯區南屯里黎明東街96之1號3樓,3000000,1130402
1673,24289045,利偉科技有限公司,臺中市沙鹿區埔子里政德路72巷42號1樓,2000000,1130426
1675,24289740,宏柯國際有限公司,臺中市梧棲區中正里中興路76號,1000000,1130410
1678,24295861,恆宇國際事業有限公司,臺中市西屯區櫻花路66號,5000000,1130411
1682,24303172,祥森國際有限公司,臺中市西屯區何南里大墩二十街118號5樓之1,500000,1130410
1701,24325648,鴻基國際開發有限公司,臺中市北區新北里育才南街37號,21000000,1130423
1726,24358062,海藻王生技有限公司,臺中市豐原區南村里南村路41號2樓,5000000,1130402
1727,24359082,明祐實業有限公司,臺中市北區崇德里崇興路2段63號1樓,2000000,1130408
1731,24361398,正昕國際有限公司,臺中市西區利民里民生路37之2號,500000,1130408
1742,24375689,佑欣金屬有限公司,臺中市豐原區西湳里三豐路二段549巷178弄9號,5000000,1130410
1746,24378503,艾菲克創意科技有限公司,臺中市豐原區南陽里南陽路育樂新村1之22號1樓,3000000,1130422
1748,24380037,緩慢股份有限公司,臺中市西區民龍里臺灣大道二段307號5樓,21000000,1130402
1753,24385666,立登多媒體有限公司,臺中市西屯區福雅里臺灣大道四段936號4樓之2,3000000,1130415
1761,24398108,禾康開發科技有限公司,臺中市西區臺灣大道二段297號2樓,10000000,1130410
1765,24402525,香香坊實業有限公司,臺中市西屯區何南里大墩二十街118號5樓之1,250000,1130424
1771,24413608,人水有限公司,臺中市西區忠誠里忠明路56號1樓,1000000,1130423
1772,24416703,竣品國際股份有限公司,臺中市潭子區栗林里中山路三段495號1樓,72600000,1130411
1778,24429910,伊梅森科技有限公司,臺中市北屯區松勇里松竹路二段86巷79號2樓,2000000,1130402
1783,24442596,糖村食品有限公司,臺中市西屯區何源里文心路三段357號1樓,10000000,1130426
1789,24453100,台灣美罩科技股份有限公司,臺中市大雅區秀山里科雅路28號4樓,40010000,1130419
1806,24474695,星宇全球股份有限公司,臺中市北屯區崇德路二段128號8樓之3,5000000,1130422
1895,24578848,集富貿易有限公司,臺中市后里區水門路44之8號,100000,1130425
1896,24581323,一軒文化有限公司,臺中市西區中山路470號4樓之1,200000,1130401
1897,24581941,侑佺國際有限公司,臺中市南屯區文山里文山三街125號5樓之1,2500000,1130403
1898,24582934,初樸自然構築工程有限公司,臺中市豐原區信義街155號5樓之1,1000000,1130409
1900,24584004,馥華全球電商股份有限公司,臺中市北屯區水湳里文心路三段447號13樓之2,25000000,1130401
1901,24584898,仁和生物科技股份有限公司,臺中市清水區中社里建國路140號1樓,28000000,1130422
1902,24584980,東興廣告事業有限公司,臺中市沙鹿區埔子里屏西路122號1樓,10800000,1130410
1903,24585138,伍鴻盈有限公司,臺中市后里區廣福里內東路廣益巷2之5號1樓,3450000,1130422
1904,24586278,龍德不動產開發有限公司,臺中市太平區勤益里中山路一段308號2樓之1,30000000,1130419
1905,24586426,騰振興業有限公司,臺中市北區文莊里中清路一段89號15樓之1,2000000,1130417
1906,24587683,協金企管顧問有限公司,臺中市西區後龍里民權路302之3號5樓之7,5000000,1130422
1907,24589839,鵝牌科技有限公司,臺中市沙鹿區清泉里東大路二段1536號,6000000,1130403
1909,24591027,盛承開發有限公司,臺中市西屯區福和里福安七街13號1樓,17500000,1130412
1910,24595662,品薌茶葉有限公司,臺中市南屯區文心里大墩六街232號11樓之3,6000000,1130425
1911,24596064,陞泓金屬企業有限公司,臺中市南區工學里工學路155巷6號3樓之1,20000000,1130418
1913,24597508,若樸建設開發股份有限公司,臺中市中區臺灣大道一段501號4樓之1,220000000,1130415
1914,24598470,東采建設股份有限公司,臺中市北區崇德路一段631號7樓之2,4500000,1130408
1915,24600433,頂真建設有限公司,臺中市西屯區何仁里文心路三段296號10樓,20000000,1130417
1917,24602707,尚騰國際開發股份有限公司,臺中市西屯區西安里青海路二段330號1樓,5000000,1130423
1918,24603430,智邑企業有限公司,臺中市大里區仁德里至善路21號1樓,1000000,1130418
1919,24603797,銅錵涮涮火鍋店有限公司,臺中市南屯區公益路二段830號1樓,29950000,1130412
1920,24605845,東禾電業工程有限公司,臺中市沙鹿區三鹿里保成五街85巷20號1樓,1000000,1130415
1921,24605893,吉仕寶有限公司,臺中市東勢區慶福里慶福街83號2樓,5000000,1130423
1923,24607702,榮晟醫療器材股份有限公司,臺中市西屯區大河里甘河路91號2樓,9536000,1130412
1924,24607766,荷米旅居股份有限公司,臺中市中區中華里中山路320號及322號,21000000,1130408
2003,24724357,仲鑫有限公司,臺中市西屯區文心路三段241號21樓之7,2000000,1130429
2039,24763175,格詩蒂股份有限公司,臺中市西區和龍里臺灣大道二段2號20樓之1,5000000,1130429
2073,24821246,展崴科技有限公司,臺中市北區育德里大德街82巷2號1樓,6000000,1130426
2074,24822358,八風創意股份有限公司,臺中市北屯區旱溪西路三段180號,6000000,1130409
2075,24822998,雲盛康生技實業有限公司,臺中市北區立人里北平三街12之3號,15000000,1130417
2077,24827918,迎聚投資股份有限公司,臺中市西屯區潮洋里臺灣大道三段789號3樓之1,50000000,1130409
2078,24829492,金義豐建設股份有限公司,臺中市西區大忠里大忠南街55號6樓之4,6000000,1130416
2079,24831379,新矗開發股份有限公司,臺中市西區昇平里華美街90號1樓,20000000,1130425
2080,24831568,鑫瑞嘉有限公司,臺中市大里區長榮里中興路二段249巷13弄5號1樓,29000000,1130422
2081,24836206,艾爾巴通訊有限公司,臺中市西屯區漢口路二段37號1樓,1500000,1130416
2082,24836613,美升鮮食材有限公司,臺中市太平區中興里東平路663號,15000000,1130410
2083,24836851,亨太國際有限公司,臺中市烏日區榮泉里環河路五段112號15樓之3,5000000,1130422
2084,24837227,德鎰實業股份有限公司,臺中市西區明智街29巷21號1樓,3800000,1130424
2087,24841279,威名興業有限公司,臺中市太平區新城里樹孝路276號,1000000,1130401
2088,24843261,日振昇企業有限公司,臺中市龍井區竹坑里中華路一段13號,6000000,1130424
2089,24845134,金科輔國際貿易有限公司,臺中市南屯區寶山里忠勇路158之7號,15000000,1130401
2090,24845535,登旺貿易有限公司,臺中市北屯區和平里和祥路一段123號2樓,1000000,1130426
2091,24847288,垚鋐系統科技股份有限公司,臺中市大雅區橫山里永和路六甲巷7之27號,54091700,1130417
2092,24847549,信宇綠能股份有限公司,臺中市大里區東明路15號2樓,6000000,1130425
2147,24897717,奕炘國際有限公司,臺中市西屯區潮洋里龍門路67號1樓,2400000,1130401
2266,25017892,三金源股份有限公司,臺中市北區錦平里三民路三段203之2號2樓,35000000,1130418
2269,25025957,嘉德開發投資有限公司,臺中市西區忠誠里華美西街一段142號13樓之3,10000000,1130426
2272,25027842,東聖留學顧問有限公司,臺中市西區臺灣大道二段285號4樓之2,500000,1130412
2273,25028461,御鼎節能科技股份有限公司,臺中市烏日區光明里五光路復光六巷141號,6000000,1130423
2284,25050218,禮明國際股份有限公司,臺中市北屯區松茂里遼寧路一段606巷2號1樓,14000000,1130424
2289,25068723,飛特立工業股份有限公司,臺中市西區忠誠里臺灣大道二段573號11樓,6012000,1130417
2294,25077949,全觀整合藝術有限公司,臺中市沙鹿區埔子里正德路201巷26號4樓,1000000,1130415
2299,25087003,典慧科技股份有限公司,臺中市西屯區惠來里市政北七路186號12樓之9,5000000,1130423
2355,25164937,金順億建設有限公司,臺中市霧峰區本堂里林森路608號1樓,25000000,1130412
2356,25165154,皇州國際股份有限公司,臺中市大里區瑞城里瑞和街135巷16號,78000000,1130423
2357,25165921,貿喜實業有限公司,臺中市北區忠明路424號5樓之1,5000000,1130429
2360,25169807,鉅鑫國際控股股份有限公司,臺中市北區陝西路108號15樓之2,44170000,1130415
2365,25175786,日船食品有限公司,臺中市西屯區工業區五路6之1號1樓,5000000,1130401
2367,25177927,丞泰建設開發有限公司,臺中市外埔區馬鳴里大馬路15之2號6樓之3,17000000,1130411
2369,25179967,倍爾麗生物科技有限公司,臺中市南屯區同心里文心路一段186號14樓之8,1000000,1130416
2374,25183316,江林營造有限公司,臺中市北屯區和平里祥順路二段338巷43號1樓,39000000,1130429
2376,25189579,全運通國際物流有限公司,臺中市北區文莊里中清路一段89號11樓之6,480000,1130425
2378,25190816,橋通資訊股份有限公司,臺中市西屯區西屯路二段126巷19號四樓之1,1600000,1130401
2407,27291966,中華富邦資產管理股份有限公司,臺中市西區美村路一段43號3樓之9,1000000,1130425
2408,27292830,通順翊有限公司,臺中市太平區德隆里光德路139號,5000000,1130411
2441,27356995,崴華企業有限公司,臺中市北屯區敦富路633號11樓之18,1000000,1130410
2449,27372382,裕立投資股份有限公司,臺中市大里區新里里國光路二段259號5樓之3,51169350,1130415
2450,27372952,鼎鋼工業有限公司,臺中市梧棲區草湳里臨港路三段168巷55號1樓,10000000,1130415
2451,27375058,集璟工程顧問有限公司,臺中市豐原區成功路318號1樓,2000000,1130412
2452,27376303,陸旺畜產實業有限公司,臺中市北區天津路一段134號2樓之2,12000000,1130409
2457,27379961,明德鋁業有限公司,臺中市東區十甲里自由路四段245號1樓,1200000,1130410
2462,27387337,中力有限公司,臺中市東勢區慶福里慶福街163號1樓,1000000,1130424
2466,27401181,伊吉邦建設有限公司,臺中市梧棲區大庄里臺灣大道八段206號1樓,10000000,1130401
2467,27401838,順億興工程有限公司,臺中市東區東光路226之1號1樓,5000000,1130411
2471,27408924,鋐昇綠能科技有限公司,臺中市西屯區惠來里文心路三段11巷27之1號,5000000,1130403
2474,27412526,昂樂科技國際有限公司,臺中市北屯區文心路四段669號4樓之1,1000000,1130415
2475,27413601,科創光電股份有限公司,臺中市潭子區福仁里福潭路200巷19號,10000000,1130402
2481,27419083,大樁建設股份有限公司,臺中市西屯區潮洋里市政北二路236號16樓之5,80000000,1130419
2490,27442660,瑞德奧開發股份有限公司,臺中市西屯區文心路三段238號9樓,40000000,1130410
2497,27453244,駿鴻高科技工業有限公司,臺中市神岡區岸裡里大圳路19之6號,2600000,1130402
2506,27466120,家禾旺股份有限公司,臺中市北區淡溝里臺灣大道二段360號6樓之1,15750610,1130422
2519,27492014,禾勝國際開發股份有限公司,臺中市西區美村路一段43號3樓之9,22617860,1130422
2521,27501739,台灣高壹工機股份有限公司,臺中市大里區仁化里工業十一路140號,100000000,1130416
2522,27501864,崑瑋企業股份有限公司,臺中市大肚區頂街里沙田路三段245巷503號,1000000,1130401
2523,27504861,勝廷有限公司,臺中市西屯區大鵬里長安路二段70巷8號,3000000,1130424
2556,27587308,裁佳投資股份有限公司,臺中市中區市府路83號1樓,16100000,1130408
2559,27599162,生德生物科技有限公司,臺中市南區建國南路一段228號9樓之5,500000,1130412
2563,27602650,好穀好麥生機實業股份有限公司,臺中市西屯區福聯里福聯街15巷9號11樓之55,12900000,1130418
2565,27606184,山巧精機股份有限公司,臺中市南區樹德里樹德四巷7之4號,19000000,1130412
2566,27606678,足依寶健康有限公司,臺中市南屯區河南路四段690巷22之1號1樓,7000000,1130411
2567,27610933,中國社會調查資訊服務股份有限公司,臺中市南屯區忠明南路787號33樓之2,5000000,1130411
2573,27622353,茂銓科技股份有限公司,臺中市西區成功路540號1樓,2000000,1130417
2587,27656753,湶鴻廣告工程有限公司,臺中市潭子區祥和路106巷57弄3號1樓,2000000,1130402
2590,27659479,坤珉企業有限公司,臺中市龍井區忠和里海尾路278巷33弄10號,3500000,1130403
2599,27671327,駿軒有限公司,臺中市神岡區岸裡里大圳路19-6號,1100000,1130409
2600,27673578,泰廣科技有限公司,臺中市西屯區西墩里黎明路三段333號1樓,20000000,1130415
2653,27778051,艾莉森投資股份有限公司,臺中市大雅區民生路四段32號1樓,38000000,1130410
2657,27797677,百發科技股份有限公司,臺中市北屯區軍褔十一路515號1樓,15000000,1130425
2658,27801074,鼎勝金屬有限公司,臺中市大甲區頂店里中山路一段1233號,500000,1130411
2660,27802806,厚儀實業有限公司,臺中市南屯區惠中里公益路二段185號3樓之3,28800000,1130410
2663,27807561,康得貿易股份有限公司,臺中市南屯區溝墘里文心一路203之1號3樓,3000000,1130415
2666,27815350,全永欣科技股份有限公司,臺中市烏日區溪壩里環中路八段860巷21號1樓,12500000,1130418
2679,27834053,巨翔不銹鋼有限公司,臺中市霧峰區北勢里丁台路585號,18000000,1130417
2680,27834574,辰揚環保股份有限公司,臺中市南屯區楓樂巷1-95號,10000000,1130411
2682,27837312,捷通國際科技有限公司,臺中市北屯區平德里天津路三段165號1樓,1000000,1130412
2687,27846375,僑爵實業股份有限公司,臺中市北屯區松竹五路二段265巷12號1樓,10000000,1130411
2697,27876356,豐盛農產有限公司,臺中市北屯區松和街191巷65號1樓,1000000,1130402
2699,27882580,豐石投資有限公司,臺中市西區民龍里臺灣大道二段239號13樓,1000000,1130416
2709,27904727,浩宇電腦科技有限公司,臺中市太平區永成北路193號1樓,1000000,1130412
2767,28013505,佑慶建設股份有限公司,臺中市東區東英五街62號3樓,5000000,1130409
2768,28014928,曾記自動控制有限公司,臺中市大雅區昌平路四段756號,25000000,1130411
2770,28022568,中華稅務研習有限公司,臺中市南區樹義里福田路87號1樓,7000000,1130418
2771,28023139,明慶科技有限公司,臺中市北區錦祥里北屯路8巷1之3號5樓,4000000,1130409
2774,28029838,台灣多連喜保鮮劑股份有限公司,臺中市東區建興街64號,3000000,1130424
2786,28051839,亞細亞氣密隔音窗股份有限公司,臺中市潭子區新田里豐興路二段338巷20號,215522000,1130415
2787,28052149,台灣愛德克斯汽車零件股份有限公司,臺中市西屯區工業區三路3號1樓,16000000,1130411
2795,28071309,妮美飾品有限公司,臺中市東區十甲里二聖街54巷2號,1000000,1130418
2797,28072004,鴻鼎盛工程有限公司,臺中市清水區槺榔一街203號1樓,10000000,1130403
2811,28082832,泛野咖啡有限公司,臺中市太平區中平路206號1樓,6000000,1130411
2815,28088104,旭寶鋼鐵有限公司,臺中市外埔區三崁里三崁路66之7號,55000000,1130410
2816,28090278,信錤實業有限公司,臺中市梧棲區大村里中央路一段576之4號,2000000,1130424
2819,28093649,富慶開發股份有限公司,臺中市東區東信里東英五街62號2樓,35000000,1130409
2821,28094529,正盈開發有限公司,臺中市北屯區水景里景賢南一路9號1樓,5000000,1130417
2823,28097259,晉詮工程有限公司,臺中市東區合作里自強街31巷28號1樓,5000000,1130419
2840,28123051,展宏茂企業有限公司,臺中市大肚區頂街里自由路926號1樓,10000000,1130402
2850,28134000,新台實業股份有限公司,臺中市大雅區橫山里中山一路33號,7140000,1130415
2860,28153792,新格租賃股份有限公司,臺中市北屯區平德里梅川東路四段35號1樓,20000000,1130408
2864,28160082,昀霆有限公司,臺中市烏日區三和里三榮路一段350號,3500000,1130411
2867,28166537,祐倫國際有限公司,臺中市龍井區東海里遠東街81巷1之50號2樓,5200000,1130412
2880,28181988,容景精密科技股份有限公司,臺中市西屯區潮洋里市政北二路282號29樓,432760000,1130418
2925,28327793,松誼貿易有限公司,臺中市梧棲區中正里中興路12號1樓,10000000,1130402
2928,28329482,虹緯電訊工程有限公司,臺中市南屯區大誠里大墩二街96號12樓之3,20000000,1130408
2931,28340938,翰陞環保科技股份有限公司,臺中市烏日區慶光路65之1號,320000000,1130412
2951,28382492,坤章有限公司,臺中市西屯區黎明路三段368號3樓之2,500000,1130422
2953,28385625,新大華機械股份有限公司,臺中市西屯區惠來里市政北一路77號12樓之18,5000000,1130402
2959,28394574,衡穎科技有限公司,臺中市西屯區福林里臺灣大道四段1266號8樓之2,6000000,1130424
2963,28400647,宇弘光學股份有限公司,臺中市南屯區春社里精科南路99號5樓之5,12000000,1130426
2967,28404622,萊達國際行銷股份有限公司,臺中市西屯區華美西街二段311號2樓之1,1000000,1130412
2974,28420209,寶元數控股份有限公司,臺中市西屯區臺灣大道二段633號6樓之1、2、3、5、6、7,300000000,1130410
3021,28502779,宏彥電氣工程有限公司,臺中市大甲區頂店里大智街235號,2100000,1130429
3022,28503236,上邑工程有限公司,臺中市南屯區大墩五街327號2樓,1000000,1130408
3030,28511046,銳陽工業有限公司,臺中市太平區永成里長億六街79巷93號1樓,10000000,1130408
3032,28513255,聚鑫機械有限公司,臺中市太平區光華里長安路23號,40000000,1130409
3035,28518076,台灣美光記憶體股份有限公司,臺中市后里區三豐路4段369號,76592036150,1130409
3039,28539380,赫莉亞國際股份有限公司,臺中市西屯區工業區四十二路37號,1508889,1130418
3048,28551497,園塑有限公司,臺中市南屯區三厝里向上路三段195號1樓,5000000,1130409
3056,28559982,如舍室內裝修有限公司,臺中市西屯區何明里大弘三街92號1樓,1000000,1130416
3062,28571135,香草工房有限公司,臺中市豐原區東湳里三豐路二段20巷237號1樓,2000000,1130429
3073,28588683,高鈺電機有限公司,臺中市大雅區文雅里中和二路75號,1000000,1130415
3097,28624626,麥格規劃設計顧問股份有限公司,臺中市北屯區崇德路一段586之5號6樓,1000000,1130403
3104,28638086,福祥寵物用品有限公司,臺中市大雅區上雅里雅環路三段2巷20號,5000000,1130418
3111,28648774,宇舜工業有限公司,臺中市神岡區溪洲里溪洲路381巷33號1樓,8000000,1130412
3119,28657175,精湛商業攝影有限公司,臺中市南屯區市政南二路189巷5號1樓,1000000,1130401
3120,28657273,萬豐保全股份有限公司,臺中市西屯區成都路18號,40000000,1130415
3123,28664865,台北山水戶外休閒有限公司,臺中市西屯區上安里河南路二段482號1樓,4000000,1130401
3144,28715914,天威公寓大廈管理維護股份有限公司,臺中市西區五權路2之3號6樓,540000000,1130401
3149,28724651,貫鼎投資股份有限公司,臺中市北屯區綏遠路二段216之5號6樓,23000000,1130401
3157,28735637,巨誠建設股份有限公司,臺中市南屯區文心南五路一段260巷11號,50000000,1130424
3160,28738509,吉勝國際貿易有限公司,臺中市西屯區逢甲里西屯路二段256巷6號2樓之8,5000000,1130425
3167,28751093,杜禡科技股份有限公司,臺中市西屯區永安里安和路187-3號,27000000,1130402
3171,28753233,威智數位設計有限公司,臺中市南屯區文心路一段186號16樓之7,3000000,1130417
3172,28753487,澤兆昇醫藥生技有限公司,臺中市沙鹿區北勢里北中一街25號1樓、2樓,500000,1130415
3174,28755865,鼎珈生活事業股份有限公司,臺中市烏日區興祥街42巷32號1樓,1000000,1130409
3178,28758271,令家族企業有限公司,臺中市西屯區工業區一路66之2號2樓,59800000,1130402
3183,28762649,逢飛股份有限公司,臺中市南區福平里建國北路2段30號1樓,12800000,1130415
3191,28778847,威菩股份有限公司,臺中市西區忠誠里臺灣大道二段573號11樓,501000,1130415
3196,28794261,豐詮科技有限公司,臺中市南屯區黎明東街150號5樓,12000000,1130426
3198,28799300,台中銀保險經紀人股份有限公司,臺中市北屯區進化北路80-4號,500000000,1130430
3243,28873743,沛原機電工程有限公司,臺中市清水區下湳里中山路500之1號1樓,2000000,1130416
3245,28876170,國均有限公司,臺中市大里區大元里環中東路七段36巷28號,1000000,1130410
3251,28881624,慈光教育股份有限公司,臺中市北區金華里進化路363巷9之1號2樓,6000000,1130424
3252,28882118,博士寶金融科技股份有限公司,臺中市西區民龍里臺灣大道二段239號13樓,10000000,1130423
3253,28885728,遠崴公寓大廈管理維護股份有限公司,臺中市北區健行路766巷11號,10000000,1130410
3259,28890736,奇妙城市有限公司,臺中市中區柳川里民權路164號20樓之11,4000000,1130424
3260,28892191,皇駒國際有限公司,臺中市南屯區龍富路四段535、537號,16000000,1130416
3270,28910085,嘉原不動產開發有限公司,臺中市北屯區松竹里崇德二路二段8號1樓,500000,1130416
3288,28955759,大泉國際開發股份有限公司,臺中市西區臺灣大道二段459號地下一層,3000000,1130422
3291,28962203,泓海醫療器材股份有限公司,臺中市潭子區東寶里昌平路三段198號1樓,5000000,1130402
3293,28962490,珍鼎記茶飲股份有限公司,臺中市北屯區南興路1338號15樓之2,60000000,1130429
3294,28963625,洋基環保企業有限公司,臺中市西區公平里精誠路105之1號5樓之3,5000000,1130408
3372,29110879,生活空間室內設計有限公司,臺中市西區華美街26號1樓,500000,1130424
3377,29115776,亞蒙開發股份有限公司,臺中市北區明德里漢口南一街55號1樓,5000000,1130419
3380,29123430,中聯國際綠色能源科技股份有限公司,臺中市西屯區文心路三段241號21樓之2,28750000,1130410
3383,29125388,易英投資有限公司,臺中市西屯區惠來里市政北七路170號7樓之2,15600000,1130423
3417,29182373,台灣樫山股份有限公司,臺中市西屯區科園一路1- 2號,100000000,1130412
3418,29183176,亞洲巴萊斯股份有限公司,臺中市大雅區科雅路42號5樓,10000000,1130403
3419,29183443,登彥科技股份有限公司,臺中市大雅區科雅路6號,20060000,1130409
3427,29187969,鴻億發股份有限公司,臺中市大里區東湖里科技路168號5樓之3,5800000,1130426
3429,29188496,雷雲創新股份有限公司,臺中市梧棲區草湳里西環路18號,66000000,1130419
3653,42598178,嘉里股份有限公司,臺中市神岡區圳堵里成功路45巷51號,5000000,1130411
3679,42628095,思擁創享科技股份有限公司,臺中市龍井區遠東街60之2號,8000000,1130422
3718,42660329,好好創意生活股份有限公司,臺中市西區民龍里臺灣大道二段307號5樓,10000000,1130402
3719,42660854,順宏企業股份有限公司,臺中市大里區東興里大明路391之3號,5000000,1130410
3720,42664774,昶旭金屬科技有限公司,臺中市北屯區敦化路一段406巷71弄3號1樓,500000,1130410
3721,42665886,帛坤有限公司,臺中市北屯區軍福九路316、318、320號1樓,500000,1130422
3722,42666098,金瑞晶國際股份有限公司,臺中市神岡區社南里中山路801之2號,79000000,1130410
3723,42666225,為您服務有限公司,臺中市西區民龍里臺灣大道二段307號5樓,1000000,1130401
3724,42666246,多邦國際有限公司,臺中市西屯區臺灣大道二段747號1樓,5000000,1130419
3725,42668342,鼎鑫鋼構工業有限公司,臺中市烏日區光明里五光路復光三巷157之6號,2000000,1130424
3726,42668856,毅光科技有限公司,臺中市外埔區大同里中山路284巷9號1樓,1000000,1130422
3727,42670635,亨銓興業股份有限公司,臺中市西屯區環中路三段69號18樓之5,21252000,1130417
3728,42670972,超級寵美顧問有限公司,臺中市北屯區水景里景賢二路65號1樓,1080000,1130412
3729,42672514,蟬說股份有限公司,臺中市西屯區惠來里市政北一路77號15樓之7,23000000,1130402
3730,42672583,一允資訊有限公司,臺中市西屯區逢甲里河南路二段301巷18號6樓,2000000,1130418
3731,42672612,鑫源通汽車有限公司,臺中市潭子區東寶里崇德路四段327號,2888000,1130412
3732,42673540,恆強實業有限公司,臺中市北區賴村里中清路一段372號4樓,2000000,1130408
3733,42673598,展揚旅行社股份有限公司,臺中市西區臺灣大道二段289號1樓,10000000,1130417
3734,42675667,金和興景觀園藝有限公司,臺中市大里區東興里東榮路428號2樓,2000000,1130422
3735,42676618,婕翔起重工程有限公司,臺中市梧棲區福德里中央路二段306巷27號1樓,300000,1130411
3736,42676624,寶鈿國際事業有限公司,臺中市太平區樹孝路8之1號2樓,300000,1130418
3737,42676672,瑞昌金屬工業有限公司,臺中市烏日區溪南路二段248巷105號,11000000,1130409
3738,42677525,鴻遠經濟股份有限公司,臺中市沙鹿區六路里平等一街10巷13號,3000000,1130416
3739,42677709,圓展工業有限公司,臺中市北屯區忠平里雷中街69號5樓,4000000,1130403
3740,42678186,圓周率工程有限公司,臺中市西屯區西墩里西墩南一巷15號4樓,4500000,1130422
3741,42678405,興韋貿易有限公司,臺中市烏日區前竹里光明路159巷66弄1號1樓,6000000,1130408
3742,42678881,萬友咖啡國際有限公司,臺中市北區博館二街56號3樓之1,20000000,1130425
3743,42679214,太生實業股份有限公司,臺中市北屯區平田里文心路四段955號15樓之1,14500000,1130425
3745,42680964,羽楊有限公司,臺中市南屯區大正街6號6樓之２,500000,1130418
3746,42680985,領旺精實管理顧問股份有限公司,臺中市西屯區工業區三十九路52號2樓,10000000,1130416
3747,42682061,翡翠青瓷藝術文化有限公司,臺中市西屯區工業區一路58巷19號1樓,600000,1130424
3748,42682983,台灣引航股份有限公司,臺中市清水區海濱里文興路199號4樓,14000000,1130402
3749,42683131,如願食品有限公司,臺中市西屯區何南里大墩路950號,1000000,1130425
3750,42683863,美天國際股份有限公司,臺中市西屯區何南里大墩十九街38號1樓,3000000,1130408
3751,42684167,鑫富租賃有限公司,臺中市北屯區正道街60號1樓,5000000,1130401
3752,42684835,瑞亞精密股份有限公司,臺中市豐原區豐圳里圓環西路159號1樓,5000000,1130418
3753,42685291,衛德昕工程有限公司,臺中市北屯區平德里文心路四段528號4樓之9,5000000,1130411
3754,42685519,永廉投資有限公司,臺中市北區育德里美德街300號2樓,1000000,1130410
3755,42686502,大和金屬有限公司,臺中市霧峰區北柳里四德路296巷11弄7號1樓,3000000,1130411
3756,42690251,三合吉企業有限公司,臺中市豐原區育英路100巷10號2樓,500000,1130424
3764,42694756,永達開發管理顧問股份有限公司,臺中市南屯區三厝里黎明東街150號3樓,27200000,1130409
3825,42750118,進陽國際貿易股份有限公司,臺中市東區力行路200巷15號10樓之3,1000000,1130403
3862,42789964,康汎提諾事業有限公司,臺中市霧峰區北柳里四德路278號,3000000,1130409
3957,42871339,蔵玥餐飲有限公司,臺中市西區忠明里中美街399號,4500000,1130408
3958,42871632,豐墅建設有限公司,臺中市北區賴明里漢口路四段35號4樓之2,25000000,1130424
3959,42871865,君軒食品有限公司,臺中市北屯區和平里環中東路二段298號，軍福十六路339號,1000000,1130417
3960,42872169,普絡股份有限公司,臺中市西區忠明南路138號4樓之1,25000000,1130415
3961,42872739,智聯微網科技有限公司,臺中市西屯區市政路386號4樓之3,10000000,1130429
3962,42875476,豪銳資訊有限公司,臺中市豐原區豐西里豐西街86號1樓,7200000,1130411
3964,42876469,愛團購數位行銷股份有限公司,臺中市東區十甲里二聖街54巷2號,2000000,1130418
3967,42878184,東辰國際投資股份有限公司,臺中市西屯區逢福里惠來路三段306號1樓,7000000,1130419
3968,42878419,台灣日通貿易有限公司,臺中市大雅區四德里中山十二路26號1樓,10000000,1130401
3969,42878847,創晟精機股份有限公司,臺中市太平區永平里東平路475號,19733150,1130415
3970,42879705,起圓有限公司,臺中市北屯區忠平里陳平路65巷15號7樓之2,6000000,1130416
3971,42885262,彩富電器有限公司,臺中市豐原區南嵩里水源路9巷167號1樓,3000000,1130401
3972,42885501,集眾生物科技有限公司,臺中市烏日區三和里三榮路一段486號4樓之2,500000,1130409
3974,42886614,愛信望股份有限公司,臺中市南屯區文心路一段260號10樓之3,560100000,1130412
3975,42886895,唐立投資股份有限公司,臺中市西屯區惠中路二段35號7樓之2,28860000,1130411
3976,42888697,富新展業有限公司,臺中市大雅區昌平路四段528號,3000000,1130401
3977,42889149,晨星計程車客運服務股份有限公司,臺中市北區文莊里文武街5巷3號,5000000,1130424
3978,42889366,帝承國際有限公司,臺中市南區福順里忠明南路789號38樓之2,2100000,1130425
3980,42890954,凰佳國際有限公司,臺中市北屯區松安里興安路二段204號1樓,5000000,1130422
3981,42891623,馬祖美食有限公司,臺中市潭子區潭秀里潭富路一段117之1號,15000000,1130424
3982,42891969,銳信有限公司,臺中市龍井區竹坑里竹師路一段260巷17號1樓,2000000,1130429
3983,42892046,禾竹室內設計有限公司,臺中市西區中美街292號4樓,200000,1130425
3985,42893208,通用幹細胞股份有限公司,臺中市太平區太平二一街10巷18號,196448000,1130419
3986,42894564,巨晟滾條有限公司,臺中市南屯區寶山里文山北巷5之27號,2000000,1130408
3987,42894635,家順鑫生物科技股份有限公司,臺中市霧峰區四德北路78之5號,3000000,1130418
3988,42895135,屋極國際有限公司,臺中市大雅區中山十一路20號1樓,360000,1130425
3989,42896078,寶德旺商務有限公司,臺中市西屯區大鵬里文心路三段241號21樓之7,60000,1130422
3990,42896438,龍傳人智力開發有限公司,臺中市西屯區惠來里市政北一路1號2樓,200000,1130423
3991,42897318,睿献科技有限公司,臺中市南屯區文山里忠勇路71之5號,1000000,1130402
3992,42898816,龍富國際企業有限公司,臺中市南屯區大墩路552號,5000000,1130419
3993,42899770,千穎有限公司,臺中市西屯區太原路一段230號,200000,1130411
3994,42900101,科德日精密有限公司,臺中市南區忠明南路932號1樓,2000000,1130424
4055,42948908,柒柒工程有限公司,臺中市北區陝西路5巷1之1號,13600000,1130422
4058,42952923,亦品企業有限公司,臺中市沙鹿區斗抵里天仁街1號,2000000,1130411
4067,42958594,晨光自然生態科技有限公司,臺中市北屯區文心路四段752之3號,1000000,1130401
4087,42977781,東宏寰宇整合規劃有限公司,臺中市中區成功路55號10樓之4,1000000,1130418
4095,42984050,季澄國際有限公司,臺中市西區中興里公益路161號6樓之6,990000,1130402
4144,43775144,史陶沙科技有限公司,臺中市后里區星科園路27號,5000000,1130412
4168,43861751,三中港奧特萊斯股份有限公司,臺中市梧棲區臺灣大道10段168號,800000000,1130422
4235,45114507,萬盛國際開發股份有限公司,臺中市西屯區潮洋里朝富路213號10樓之8,21000000,1130429
4263,45145543,昌旺國際開發股份有限公司,臺中市梧棲區港埠路一段821巷35號,120000000,1130423
4265,45146661,洛妍有限公司,臺中市西區忠誠里精誠路72號1樓,1000000,1130410
4266,45147417,三越冷氣有限公司,臺中市太平區德興街98號1樓,3600000,1130424
4267,45148675,博勝機電工程有限公司,臺中市北屯區北京里國校巷39號1樓,43000000,1130402
4268,45148859,宏霖能源科技有限公司,臺中市外埔區水美里山美路451巷199號1樓,1000000,1130418
4269,45148865,優捷國際企業有限公司,臺中市清水區西寧里五權東路17巷76號1樓,880000,1130408
4270,45149082,帝菲斯國際有限公司,臺中市大甲區中山路二段200號1樓,6000000,1130412
4274,45193811,冠昌事業有限公司,臺中市大里區健民里仁化路221巷6號,3000000,1130429
4275,45195276,文羚生技有限公司,臺中市西屯區何南里東興路三段381號4樓之3,10000000,1130417
4276,45195825,權凱有限公司,臺中市豐原區圳寮路仁愛新村70號,2000000,1130408
4277,45196057,新航小客車租賃有限公司,臺中市神岡區社南里中山路551巷19號,10000000,1130422
4278,45196129,岳佳有限公司,臺中市大雅區橫山里永和路113之8之1號,10000000,1130424
4279,45879469,美創電通科技股份有限公司,臺中市西屯區大鵬里長安路二段153之2號6樓之1,2000000,1130412
4280,45882078,均苑有限公司,臺中市南屯區楓樹里楓樹西街263號1樓,1000000,1130422
4281,45882470,具福管理顧問有限公司,臺中市太平區宜佳里19鄰宜昌路270號1樓,3200000,1130415
4282,45883908,承創人力資源有限公司,臺中市東區大興街20號1樓,7000000,1130425
4284,45885624,格亞有限公司,臺中市北區忠明路502之1號2樓,1000000,1130425
4285,45885758,點匠有限公司,臺中市潭子區福仁里福潭路685號,500000,1130415
4286,45885820,英達菁英有限公司,臺中市南區樹義里福田三街145號1樓,300000,1130416
4288,45886736,信順車體有限公司,臺中市烏日區溪埧里環中路八段588巷26弄35號,500000,1130418
4289,45887708,光明客棧股份有限公司,臺中市太平區宜昌里環中東路四段61號1樓,5000000,1130423
4291,45888087,森綠有限公司,臺中市北區太平路19巷3弄22號1樓,3000000,1130418
4317,46582269,樂居文創股份有限公司,臺中市北屯區四平路238巷198號,1000000,1130426
4325,47026699,安心豚食品有限公司,臺中市大甲區日南里幼七路1號,500000,1130423
4387,50760390,派恩特全球智權管理顧問有限公司,臺中市大里區永隆里興大南街5號1樓,1050000,1130422
4416,50778194,梧躍精密工業有限公司,臺中市大雅區員林里神林路一段204巷2之1號,1500000,1130410
4418,50780207,海能國際投資股份有限公司,臺中市西屯區潮洋里市政北二路282號13樓之5,11580000000,1130418
4423,50790789,泓博能源科技股份有限公司,臺中市北區臺灣大道二段360號5樓之1,30000000,1130423
4424,50790818,日運綠能股份有限公司,臺中市北區臺灣大道2段360號5樓之1,641000000,1130426
4429,50796072,日祿綠能股份有限公司,臺中市北區臺灣大道二段360號5樓之1,2500000,1130423
4455,50810716,捷果有限公司,臺中市西區中興街183號4樓之1,15000000,1130412
4457,50813018,昱元有限公司,臺中市西屯區西屯路三段166之73號,5000000,1130402
4458,50813312,鼎盛工程顧問有限公司,臺中市西屯區臺灣大道二段910號4樓之2,8500000,1130419
4459,50813919,空白製作所有限公司,臺中市北區漢口南二街50號1樓,200000,1130425
4460,50815676,佳侑地產開發股份有限公司,臺中市太平區長億里永安街42之1號,25000000,1130410
4461,50816789,鉅合臻企業有限公司,臺中市烏日區環中路七段168之1號,500000,1130415
4462,50818219,瑞恩開發股份有限公司,臺中市西區民龍里臺灣大道二段220號36樓,370000000,1130416
4463,50820849,沅泰工程有限公司,臺中市北屯區臺中市北屯區太原路三段101巷14號2樓,4000000,1130409
4464,50822142,金準度有限公司,臺中市太平區新坪里新坪路三段336號1樓,6000000,1130412
4465,50823016,富珹不動產經紀有限公司,臺中市北屯區軍功里軍福十九路2號,4000000,1130424
4466,50823304,春宸有限公司,臺中市南區忠明南路789號38樓之2,2000000,1130415
4467,50823515,珀晹有限公司,臺中市西屯區至善里逢甲路225巷22號2樓,100000,1130429
4468,50823923,小巧食品有限公司,臺中市大雅區橫山里永和路126之2號,300000,1130419
4469,50824633,芳欣生物科技有限公司,臺中市北區健行路6之7號3樓,1000000,1130423
4470,50824681,長佳智能股份有限公司,臺中市北屯區經貿路一段360號8樓,985195000,1130423
4471,50824710,人人好工坊有限公司,臺中市霧峰區本堂里民生路1之43號1樓,100000,1130402
4472,50825561,享快樂健康事業有限公司,臺中市北屯區舊社里南興一路218號1樓,1000000,1130426
4473,50825576,蜜滋麻美企業有限公司,臺中市西屯區河源里華美西街二段353號6樓之1,100000,1130410
4474,50826267,好牧人科技有限公司,臺中市清水區菁埔路157巷28之12號1樓,350000,1130412
4475,50826718,綋堉環保科技有限公司,臺中市南屯區文心路一段73號5樓之1,3000000,1130409
4476,50827477,尚億風扇有限公司,臺中市梧棲區港埠路二段432巷3號1樓,150000,1130429
4477,50828510,傑達智信股份有限公司,臺中市西屯區臺灣大道四段936號7樓之2,62626200,1130419
4478,50830311,好韻生活有限公司,臺中市南區和平里忠明南路758號12樓,2800000,1130419
4479,50830327,毓鑫科技股份有限公司,臺中市西屯區潮洋里朝富路213號14樓之1,5000000,1130411
4480,50832372,樂事購家居有限公司,臺中市豐原區田心里大明路63號,2000000,1130426
4481,50833576,順豊企業股份有限公司,臺中市大肚區新興里沙田路二段132巷80弄260號1樓,7000000,1130412
4482,50833892,左撇子整合行銷有限公司,臺中市潭子區大成街3巷7號,100000,1130424
4483,50834230,高低食業有限公司,臺中市北屯區舊社里松竹路二段59巷30號1樓,500000,1130409
4484,50835245,冠英欣業有限公司,臺中市北屯區興安路二段461巷27號9樓,100000,1130401
4485,50835759,新麗有限公司,臺中市東區樂成里旱溪街25之1號1樓,300000,1130402
4486,50836378,弘利國際有限公司,臺中市大里區國光里國光路二段190號,500000,1130417
4487,50837428,興築開發股份有限公司,臺中市西屯區惠來里臺灣大道三段70號11樓之1,70000000,1130425
4488,50837686,元泰豐科技股份有限公司,臺中市梧棲區草湳里自立四街23號,10000000,1130412
4489,50838263,漫旅國際管理顧問有限公司,臺中市北區錦祥里錦祥街22號1樓,3000000,1130403
4490,50840280,亞崙科技股份有限公司,臺中市北屯區陳平里同平巷3號1樓,2000000,1130409
4500,50851743,紜鼎有限公司,臺中市豐原區北陽里綠山一街85巷1號1樓,1000000,1130403
4502,50853019,朱希教育股份有限公司,臺中市北區民權路417號9樓之1,2000000,1130422
4503,50853025,勤學文教股份有限公司,臺中市北區民權路417號9樓之1,1500000,1130418
4509,50858204,杜拉克整合行銷有限公司,臺中市潭子區大成街3巷7號,2000000,1130422
4530,50871184,億芯科技股份有限公司,臺中市西屯區市政北七路186號10樓之8,35000000,1130418
4535,50872888,凱地有限公司,臺中市南區大慶街二段11之3號,100000,1130425
4587,50898557,海能風力發電股份有限公司,臺中市西屯區潮洋里市政北二路282號13樓之5,11573100000,1130419
4721,50996001,利滙鴻建設股份有限公司,臺中市沙鹿區鹿寮里光榮街83巷30號1樓,8500000,1130429
4733,51079697,太祥精密科技有限公司,臺中市北區篤行路331之5號1樓,10000000,1130411
4738,51450627,冠宇農化股份有限公司,臺中市北區明德里太原路一段392之3號1樓,6000000,1130426
4740,51638600,華成冠股份有限公司,臺中市西區民龍里臺灣大道二段239號13樓,800000,1130419
4742,51802691,台灣油研股份有限公司,臺中市西屯區工業區七路12號,90000000,1130410
4743,51816908,台中商業銀行股份有限公司,臺中市西區民權路87號,52260953430,1130401
4745,51974700,鑽石工業股份有限公司,臺中市西屯區福上巷181弄6號1樓,20160000,1130418
4747,52203110,益全機械工業股份有限公司,臺中市西屯區工業區五路13之1號2樓,98580000,1130429
4749,52210365,博淵堂知識科技股份有限公司,臺中市西屯區重慶路99號5樓之3,6200000,1130417
4766,52282590,福人化學股份有限公司,臺中市神岡區中山路360巷6號,62000000,1130410
4768,52300464,世達藥品工業股份有限公司,臺中市梧棲區光華東街36號1樓,83100000,1130415
4774,52343549,華揚營造股份有限公司,臺中市西區公益路161號13樓之2,75000000,1130422
4779,52380804,怡順機械工業有限公司,臺中市東區振興路412巷38號,1500000,1130402
4784,52406570,暉盟有限公司,臺中市潭子區中興路42巷54號1樓,5000000,1130415
4790,52428933,讚添企業有限公司,臺中市北區篤行路395號,5000000,1130412
4795,52451429,大豐泡綿股份有限公司,臺中市大里區國中二路16號,37700000,1130401
4802,52470663,屋樂有限公司,臺中市中區中山路150號3樓,2000000,1130411
4810,52478089,強生營造股份有限公司,臺中市西區中山路465號1樓,60000000,1130416
4812,52484934,泉寶電機股份有限公司,臺中市東區天乙街149巷1號,28000000,1130424
4817,52497683,榮聲營造有限公司,臺中市北屯區平田里文心路四段955號12樓之1,1200000,1130416
4833,52521852,奇美網版有限公司,臺中市大里區瑞城里12鄰瑞和街135巷16號2樓,29250000,1130415
4836,52532078,香山籐業股份有限公司,臺中市西屯區大河里大河街35號,28000000,1130418
4852,52562945,金儀國際科技股份有限公司,臺中市北屯區僑孝街65號,7600000,1130409
4857,52577617,健享科技股份有限公司,臺中市北區賴福里進化北路392之2號5樓之2,20000000,1130422
4885,52643567,脈動心聯股份有限公司,臺中市西區美村路一段22號7樓之5,8000000,1130402
4904,52684399,宇先實業有限公司,臺中市西區公民里忠勤街58號1樓,5000000,1130418
4909,52696563,台堡機電顧問股份有限公司,臺中市西屯區福中里福中五街9號1樓,10400000,1130412
4911,52701284,地天泰有限公司,臺中市北區梅亭街24巷21之1號2樓,1001000,1130416
4923,52758286,福績樹脂化工股份有限公司,臺中市西屯區工業區三十六路11號1樓,54500000,1130416
4926,52784171,邦泰複合材料股份有限公司,臺中市潭子區豐興路2段龍興巷23號之6,1134950000,1130409
4930,52806365,必丞實業有限公司,臺中市北屯區和平里軍功路一段460號2至3樓,30000000,1130412
4934,52858736,鴻照企業有限公司,臺中市南區德義里忠孝路83號,3000000,1130422
4952,52907151,孟鄉生化科技股份有限公司,臺中市大里區東湖里中興路一段1巷1弄2之1號,50000000,1130418
4956,52932546,大正電池股份有限公司,臺中市北屯區祥順六街128號1樓,5000000,1130417
4968,53025276,香港商杰特燈飾有限公司,臺中市西屯區黎明路2段909-1號,10000000,1130426
4969,53025297,香港商聯才香港有限公司,臺中市西屯區黎明路2段909號,10000000,1130425
4973,53030279,楷程興業有限公司,臺中市東區東光園路115號14樓之1,6000000,1130424
4980,53045104,傑欣電子股份有限公司,臺中市大里區仁化里工業二路2號3樓,9000000,1130418
4982,53048496,巧豐國際皮件有限公司,臺中市豐原區北陽里南陽路綠山巷176號1樓,2000000,1130408
4989,53056397,尚郁企業管理顧問有限公司,臺中市南屯區永春東路868號1樓、2樓,1000000,1130410
4991,53058584,杰特國際有限公司,臺中市西區民龍里臺灣大道二段239號6樓之1,2000000,1130402
4996,53066199,曼特寧有限公司,臺中市西區公民里金山路10號5樓之5,3000000,1130423
5001,53077082,橙意資訊有限公司,臺中市清水區高美路162之38號1樓,1000000,1130402
5050,53119251,馬到成功生活行銷有限公司,臺中市烏日區中山路三段436號6樓之12,1000000,1130411
5067,53142324,玉山國際資產管理顧問股份有限公司,臺中市北屯區文心路三段447號13樓之1,50000000,1130411
5075,53155354,釩帝國際有限公司,臺中市南區長榮里愛國街40號2樓,3000000,1130416
5077,53156467,誠易營造股份有限公司,臺中市南區新榮里學府路146巷11號,6000000,1130417
5078,53159041,祥杰順科技股份有限公司,臺中市大甲區德化里東西八路一段337巷1號,10000000,1130409
5081,53160357,智信網路科技有限公司,臺中市北區健行里忠明路502之1號7樓之1,4500000,1130417
5134,53262729,成家資產管理有限公司,臺中市北區明新里忠太東路117之9號1樓,1000000,1130415
5146,53277808,麗舍生活股份有限公司,臺中市西屯區西墩里黎明路三段358號5樓,25000000,1130410
5147,53278476,宏騰地產股份有限公司,臺中市西屯區朝富路213號11樓之9,16300000,1130412
5151,53281774,呈鈞有限公司,臺中市神岡區岸裡里大豐路五段295巷45號,3600000,1130423
5154,53284343,福科工業有限公司,臺中市太平區中興里中興路128巷32號,5250000,1130423
5162,53293878,魔方數位有限公司,臺中市西屯區潮洋里朝富路213號18樓之9,6786000,1130409
5163,53295411,鎧叡投資有限公司,臺中市東區東英里三賢街28號,14000000,1130408
5164,53295566,龍銓工程有限公司,臺中市龍井區龍泉里沙田路五段龍目井126巷8號1樓,3000000,1130424
5165,53296024,泓錠能源股份有限公司,臺中市西屯區安和路168號9樓之3,180000000,1130412
5168,53300358,虹興精密有限公司,臺中市北屯區軍功里軍和街9號1樓,1500000,1130419
5172,53312278,大立雲康股份有限公司,臺中市南屯區工業區23路14號3樓,8004700,1130402
5209,53359499,方程空間設計有限公司,臺中市北屯區三和里東光路822巷32號1樓,3000000,1130411
5210,53359701,金宥不動產有限公司,臺中市西屯區福星路120號1樓及122號1、2樓,1000000,1130401
5211,53360186,金寶蛋品科技股份有限公司,臺中市大里區仁德里慈善路128號,285014280,1130412
5215,53363466,全勝加油站有限公司,臺中市大里區環河路一段230號,12000000,1130418
5224,53372887,鎧昊食品機械有限公司,臺中市潭子區甘蔗里勝利七街1號,500000,1130425
5226,53374772,心驛股份有限公司,臺中市中區柳川西路三段19號2樓之1,8000000,1130412
5229,53376954,興華城不動產投資顧問有限公司,臺中市霧峰區本堂里林森路450號1樓,5000000,1130418
5230,53377497,適合建設有限公司,臺中市清水區橋頭里五權路26巷32號1樓,28000000,1130401
5232,53378828,寵恩企業股份有限公司,臺中市潭子區勝利七街51巷51號,11000000,1130401
5234,53380583,翎富國際貿易企業有限公司,臺中市大雅區三和里龍善三街148號1樓,500000,1130412
5235,53382338,立帷實業有限公司,臺中市神岡區北庄里中山路897號1樓,20123567,1130419
5236,53383505,白理查基因科技有限公司,臺中市北區建興里德化街130巷3號1樓,20000000,1130423
5242,53392461,全聯土地開發有限公司,臺中市北區長青里天津路一段202號1樓,2000000,1130422
5247,53397732,中郡國際股份有限公司,臺中市北區臺灣大道二段340號9樓之5,104000000,1130401
5250,53400510,台藝科技有限公司,臺中市太平區光隆里興隆路一段30號,1000000,1130408
5252,53401031,總茂工程有限公司,臺中市清水區鰲峰里大街路觀音巷51之1號1樓,250000,1130422
5254,53402904,西瑪國際有限公司,臺中市北區興進路187號10樓之5,800000,1130416
5256,53406248,范特喜微創文化股份有限公司,臺中市北區博館路92號4樓,33000000,1130424
5258,53407680,瑛誼綠科技股份有限公司,臺中市東勢區文新街278巷20號1樓,100000000,1130423
5278,53429827,鉦鎧工程有限公司,臺中市太平區立智街6號6樓之1,200000,1130426
5282,53432436,太御食品股份有限公司,臺中市大甲區重義二路151號,180000000,1130426
5301,53471839,穎宸實業有限公司,臺中市大里區工業路35巷92號,69210000,1130411
5303,53472942,嚴翔開發有限公司,臺中市南屯區惠文路586號1樓,7500000,1130408
5309,53476047,遠隆消防工程有限公司,臺中市霧峰區吉峰里中正路1267之5號1樓,1000000,1130402
5313,53486039,百嘉美居家生活有限公司,臺中市北屯區崇德十路二段76號,4000000,1130429
5314,53486164,植萃美肌股份有限公司,臺中市西屯區臺灣大道四段925號14樓之3,5000000,1130401
5315,53486811,興礦資訊有限公司,臺中市北區忠明路502之7號3樓之4,1000000,1130430
5321,53496509,明奕複合材料有限公司,臺中市沙鹿區三鹿里保順路141號1樓,3000000,1130416
5325,53499576,富貽科技有限公司,臺中市北區永興街298巷1弄9號1樓,8000000,1130412
5327,53502925,天順祥開發建設有限公司,臺中市外埔區大東里甲后路五段108號,15000000,1130429
5328,53503086,文月國際有限公司,臺中市西屯區文心路三段155之1號4樓,11200000,1130419
5329,53504183,邦成實業有限公司,臺中市北屯區祥順十街69號1樓,50000000,1130426
5330,53504347,群雍建設有限公司,臺中市石岡區豐勢路九房巷34之1號1樓,5000000,1130415
5332,53505850,德創科技貿易有限公司,臺中市西區東昇里樂群街150號7樓,500000,1130410
5341,53511656,馨慧國際有限公司,臺中市南區福田一街156號13樓之1,50000,1130411
5362,53538183,雅居保全股份有限公司,臺中市北屯區崇德路二段128號11樓之5,40000000,1130422
5412,53601621,美創光電科技有限公司,臺中市西屯區大鵬里長安路二段153-2號6樓之1,2000000,1130411
5413,53601875,新悦開發實業股份有限公司,臺中市南屯區同心里文心路一段218號22樓之1,264000000,1130425
5415,53605534,精展建設有限公司,臺中市清水區南社里南社路137-3號1樓,15000000,1130425
5416,53609519,根旺工業有限公司,臺中市南區五權南路167號地下一層之6,1000000,1130410
5418,53610516,鴻鄴科技有限公司,臺中市北屯區廍子里環太東路461號15樓之11,1000000,1130409
5419,53610699,聖安不動產租賃有限公司,臺中市南區大慶街二段7巷31號2樓,1000000,1130426
5429,53629212,元真環境設計有限公司,臺中市烏日區高鐵路二段138號14樓之1,1000000,1130408
5431,53629846,國邑開發股份有限公司,臺中市南屯區田心里惠文路322號1樓,11000000,1130424
5437,53637254,寰聖國際實業股份有限公司,臺中市西屯區林厝里科雅東路9號,351200000,1130418
5443,53647942,鑫愛國際股份有限公司,臺中市南屯區大業里東興路三段185號1樓,8000000,1130402
5444,53648225,勤虹建設股份有限公司,臺中市大里區永大街282號一樓,25000000,1130411
5502,53748723,昭陽實業股份有限公司,臺中市北屯區松竹五路二段265巷12號1樓,15000000,1130403
5533,53780482,遠宇工業有限公司,臺中市大里區立仁里甲堤路346號1樓,3000000,1130409
5536,53781877,雲喬貿易有限公司,臺中市沙鹿區北勢里北中三街39巷1號1樓,150000,1130409
5537,53783827,春發興業有限公司,臺中市霧峰區五福里四德北路85巷7之16號,900000,1130412
5541,53787598,富荃工業股份有限公司,臺中市太平區德隆里工業十六路21號,20000000,1130419
5542,53789907,協恆工程有限公司,臺中市東區合作里自強街31巷28號1樓,1000000,1130416
5547,53798912,友信消防有限公司,臺中市大里區大元里大衛路33號,500000,1130426
5548,53799721,捷科工程有限公司,臺中市西區公正里大昌街218號7樓之1,2000000,1130425
5557,53808658,尚典網路有限公司,臺中市北區崇興路二段63號2樓,2000000,1130410
5558,53808664,創造力營造有限公司,臺中市沙鹿區北勢東路615巷2弄16號1樓,22500000,1130401
5559,53809592,台灣松浦機械股份有限公司,臺中市大甲區大安港路208號,38000000,1130409
5561,53811984,全球職人開發股份有限公司,臺中市西屯區文心路二段562之1號3樓之1,5000000,1130401
5566,53817951,源慶國際投資股份有限公司,臺中市豐原區中山里復興路87號2樓,20000000,1130423
5567,53822624,和井田精機股份有限公司,臺中市神岡區神洲路558之1號,54545460,1130429
5572,53825811,鴻盛雲端科技有限公司,臺中市南屯區文心路一段186號14樓之8,5100000,1130408
5575,53832030,合友安有限公司,臺中市北區建興里梅亭街233號1樓,24400000,1130416
5576,53832637,精科房屋實業有限公司,臺中市烏日區三和里三榮路二段11號1樓,100000,1130429
5582,53840242,木立方建築有限公司,臺中市南區五權南一路35號1樓,32000000,1130425
5583,53841143,安卓餐飲股份有限公司,臺中市南屯區大業里公益路二段88號,57000000,1130401
5588,53851628,博林生物科技有限公司,臺中市豐原區社皮里豐原大道一段165之38號,5000000,1130422
5591,53854667,震鑫儀器有限公司,臺中市大里區內新里新和街66號1樓,1000000,1130417
5598,53861055,永盛昌開發工程股份有限公司,臺中市西屯區何福里寧夏路232號11樓,8000000,1130411
5644,53913461,合邁國際有限公司,臺中市潭子區合作街29號1樓,5010000,1130425
5679,53951936,古典玫瑰園國際股份有限公司,臺中市西屯區潮洋里市政北二路238號21樓之1,29000000,1130402
5688,53964691,麗澤生物科技股份有限公司,臺中市大里區金城里金城街276號1樓,7500000,1130401
5690,53969056,韓氏企業有限公司,臺中市烏日區健行路300號1樓,500000,1130409
5692,53971102,承奕投資開發有限公司,臺中市西區昇平里中美街84號,6300000,1130424
5696,53975085,丞鴻貿易有限公司,臺中市大雅區雅環路三段2巷20號,5000000,1130417
5697,53976211,伊一有限公司,臺中市南屯區龍富路四段85號,750000,1130415
5698,53976269,威仲全球貿易實業有限公司,臺中市南屯區文心路一段378號7樓之10,19000000,1130415
5705,53986885,東京卡通漫畫有限公司,臺中市中區公園里光復路83號1樓,2000000,1130416
5708,53990728,寬碩實業有限公司,臺中市大里區大里里大里路443之5號1樓,5000000,1130422
5713,53995420,巨雍建設有限公司,臺中市北區文心路四段200號10樓之6,20000000,1130410
5718,54002928,豪岳國際有限公司,臺中市西屯區西屯路二段256巷6號18樓之10,3000000,1130402
5719,54004186,福豐營造股份有限公司,臺中市西區臺灣大道二段307號13樓之1,35000000,1130409
5720,54005896,創鵬實業有限公司,臺中市北屯區平德里河北路二段8號4樓,2000000,1130408
5721,54007677,仲營理貨有限公司,臺中市清水區八德路四段156號,1000000,1130416
5798,54089071,京欣商旅有限公司,臺中市西區臺灣大道二段501號18樓之1,3000000,1130419
5799,54090859,樹頭投資股份有限公司,臺中市西區公益路141號2樓,25000000,1130408
5801,54095637,匯億科技有限公司,臺中市潭子區甘蔗里勝利六街53號1樓,500000,1130401
5803,54096354,冠棋有限公司,臺中市豐原區南陽里南陽路59巷23之1號,500000,1130425
5804,54103171,杭泰科技工程有限公司,臺中市豐原區南陽里豐原大道三段255號1樓,250000,1130411
5811,54111989,煊一食品有限公司,臺中市大里區西湖里峰堤路499號,10000000,1130429
5814,54118316,宇皓科技股份有限公司,臺中市西屯區潮洋里朝富路213號15樓之10,3000000,1130429
5815,54120278,祈元有限公司,臺中市龍井區中圳路161巷22號,200000,1130410
5819,54127933,緯博工程開發有限公司,臺中市太平區新坪里祥順路一段308號2樓之1,5000000,1130401
5821,54129030,多福實業有限公司,臺中市北區大湖里大湖街34號1樓,10000000,1130422
5824,54132703,明鋒貿易企業有限公司,臺中市北區民權路466巷5號14樓之7,5400000,1130424
5826,54135429,商贏事業有限公司,臺中市潭子區頭家里得福街113巷2號3樓,3000000,1130412
5909,54230009,鴻合興業股份有限公司,臺中市豐原區中正路814巷16弄33號1樓,10000000,1130401
5911,54232029,芫裕工業有限公司,臺中市大里區塗城里光正路134巷137號1樓,1000000,1130419
5913,54232920,傑永興儀器有限公司,臺中市北屯區仁和里豐樂一街3號1樓,10000000,1130412
5917,54241189,聯騏技研股份有限公司,臺中市西屯區市政北二路238號22樓之1,10000000,1130401
5919,54243237,耘鑫有限公司,臺中市大雅區雅潭路四段40號2樓,1000000,1130411
5920,54243258,耘達利有限公司,臺中市大雅區雅潭路四段40號2樓,1000000,1130411
5922,54243927,上銘廣告有限公司,臺中市沙鹿區埔子里正義路388號1樓,168000,1130429
5924,54245523,平林股份有限公司,臺中市烏日區九德里長春街379號,35000000,1130424
5929,54251019,亞洲威網數位科技有限公司,臺中市南屯區惠中里惠文路536號5樓,6137550,1130409
5934,54259743,立永佶股份有限公司,臺中市太平區長龍路一段166巷33號1樓,5000000,1130412
5935,54260185,聯合機械材料有限公司,臺中市西屯區大墩十七街66號5樓之1,5000000,1130419
5946,54275217,微創國際企業有限公司,臺中市豐原區南村里水源路492巷12之1號1樓,3000000,1130422
5973,54305367,早點名企業股份有限公司,臺中市北區育樂街50號,1000000,1130409
6037,54376881,英屬維京群島商老來福投資有限公司,臺中市北區健行路581號5樓之6,500000,1130401
6043,54394190,英屬維京群島商永冠能源材料股份有限公司,臺中市龍井區麗水里9鄰環港路168號,3266000000,1130411
6047,54500474,牧石創藝有限公司,臺中市西屯區港尾里中康二街2號11樓之1,1000000,1130401
6066,54517067,盛融有限公司,臺中市南區工學里工學一街202巷7號2樓,5000000,1130423
6076,54531005,允賀營造股份有限公司,臺中市霧峰區林森路926號1樓,3600000,1130410
6102,54564618,群成工程技術顧問有限公司,臺中市大里區東興里國光路二段702之3號,2000000,1130401
6121,54579289,玩島玩旅行社股份有限公司,臺中市北屯區水景里松竹五路二段165號15樓之2,17700000,1130401
6122,54580217,玩美宣顏有限公司,臺中市南屯區溝墘里大英街603號,1000000,1130418
6123,54581308,藍天飯店股份有限公司,臺中市中區市府路38號,11130000,1130419
6124,54582088,創騏環境科技有限公司,臺中市西屯區臺灣大道二段910號9樓之2,10000000,1130424
6125,54583431,沐薇國際貿易有限公司,臺中市北屯區瀋陽路一段82之4號1樓,3260000,1130412
6126,54585395,鎮毅不動產股份有限公司,臺中市沙鹿區中山路449之3號1樓,500000,1130412
6128,54592537,有物設計有限公司,臺中市北區六合里成功路415號4樓,3200000,1130422
6129,54593888,鋐翔國際有限公司,臺中市外埔區六分里六分路280巷95號6樓之1,3000000,1130411
6130,54597961,財森國際開發有限公司,臺中市南區和昌街152號1樓,1000000,1130411
6131,54599588,鈺永堂工程有限公司,臺中市北區陝西四街40之2號3樓,7800000,1130409
6132,54602280,萬達布業有限公司,臺中市潭子區聚興里潭興路一段331巷7-1號,1500000,1130422
6133,54604111,大金展業有限公司,臺中市北區東光路414號1樓,200000,1130412
6134,54606271,名上有限公司,臺中市梧棲區四維中路337號10樓之1,500000,1130425
6149,54626298,達信工程實業有限公司,臺中市中區自由路二段12號8樓之5,13000000,1130410
6251,54734450,一品泉實業有限公司,臺中市南屯區三厝里三厝街193之2號1樓,1000000,1130410
6255,54740333,渼怡榮股份有限公司,臺中市大里區東興里大明路393號2樓,20000000,1130426
6256,54741608,兆鋒營造有限公司,臺中市清水區南社里中華路168號,16600000,1130415
6257,54742276,晶點實業有限公司,臺中市北屯區北屯路292之8號,17400000,1130416
6258,54742563,渼豐行銷有限公司,臺中市北區賴明里漢口路四段35號4樓之1,676000,1130426
6259,54745610,九陽企業有限公司,臺中市潭子區潭陽里潭子街二段78號1樓,1000000,1130409
6261,54749806,銓威建設股份有限公司,臺中市北區明新里中清路一段447號14樓之2,29000000,1130423
6262,54750205,四甲二有限公司,臺中市清水區鰲峰里大街路觀音巷38號1樓,500000,1130401
6263,54752219,乾帝股份有限公司,臺中市西屯區惠來里市政北七路186號12樓之9,1000000,1130408
6264,54752689,品毅貿易有限公司,臺中市南屯區大墩路716號8樓之5,500000,1130401
6265,54753049,巫吉工程有限公司,臺中市南屯區文心路一段306號10樓之1,1000000,1130411
6266,54753239,蚨聚有限公司,臺中市西屯區逢福里河南路二段262號3樓之5,1000000,1130424
6267,54754862,聚鑫開發有限公司,臺中市北區金龍里梅亭街78號1樓,5120000,1130418
6268,54754906,建全工程顧問有限公司,臺中市南區福順里南平路39號5樓之2,100000,1130417
6269,54755790,協進國際有限公司,臺中市霧峰區六股里中正路421號1樓,2580000,1130410
6270,54757642,踩油趣油坊有限公司,臺中市沙鹿區中山路137號之5,300000,1130411
6271,54757988,贊鼎實業有限公司,臺中市北區賴福里大德街249巷7號3樓,6600000,1130415
6273,54762271,慶霖雷射股份有限公司,臺中市龍井區龍津里三港路427巷32號,19500000,1130411
6274,54762286,宏源焱有限公司,臺中市潭子區頭家東里大成街3巷9號1樓,3000000,1130419
6275,54763031,潤懋興業有限公司,臺中市西區忠誠里大隆路20號4樓之6,2000000,1130425
6276,54764600,川田研磨商會有限公司,臺中市西屯區大墩十八街195號3樓之1,1000000,1130401
6277,54767178,羽珅有限公司,臺中市后里區廣福里內東路廣益巷2之5號1樓,1000000,1130418
6278,54767521,邑豐科技有限公司,臺中市北屯區旅順路二段226號2樓,4200000,1130402
6325,54823306,朗齊生物醫學股份有限公司,臺中市南屯區公益路二段51號10樓,426060352,1130408
6367,54885626,格豐投資股份有限公司,臺中市西區臺灣大道一段709號1樓,200000000,1130401
6368,54886694,世奕精密機械有限公司,臺中市烏日區北里里太明路211巷46號,4900000,1130411
6369,54890206,楚石廣告事業有限公司,臺中市西屯區何安里重慶路99號3樓之2,1111150,1130415
6370,54890260,晶品企業股份有限公司,臺中市西屯區中清路二段1357號1樓,2000000,1130403
6371,54890613,太元有限公司,臺中市大雅區民富街102號1樓,2400000,1130417
6372,54891129,上德國際開發股份有限公司,臺中市龍井區龍泉里中社一街139號1樓,100000000,1130424
6373,54891633,三中冷氣有限公司,臺中市南區德富路296號7樓之2,3000000,1130422
6374,54894771,利迪雅有限公司,臺中市北屯區仁美里崇德十六路178號5樓之5,100000,1130412
6375,54896216,瑞翠實業有限公司,臺中市后里區廣福里三豐路三段726巷48弄6號,1000000,1130411
6376,54901674,品果實業股份有限公司,臺中市大里區大元里國中路176巷26號,10000000,1130402
6377,54904335,強富五金有限公司,臺中市豐原區西湳里國豐路一段566巷82號,500000,1130426
6378,54904779,佳緹建設股份有限公司,臺中市北屯區九龍街61之2號1樓,20000000,1130416
6379,54904861,子旭整合行銷有限公司,臺中市西區民龍里臺灣大道二段222號4樓,1000000,1130417
6380,54905849,極漾國際有限公司,臺中市北區健行里忠明路424地下一樓之2號,1300000,1130424
6381,54907451,禾豆營造有限公司,臺中市南屯區永春東一路551號,6000000,1130418
6382,54909129,尚玖金屬有限公司,臺中市東區泉源里振興路83號3樓,3000000,1130410
6484,55174969,秋橙股份有限公司,臺中市南屯區大富街95之1號1樓,2100000,1130401
6496,55623092,隆成鞋業股份有限公司,臺中市后里區眉山里四月路13之1號,7000000,1130423
6499,55641134,山富機械廠股份有限公司,臺中市豐原區大光街2號1樓,13000000,1130412
6503,55657016,保得士光學股份有限公司,臺中市潭子區南二路28號,20000000,1130430
6522,55710666,合翊實業有限公司,臺中市沙鹿區興安里興安路76號,1000000,1130409
6523,55713158,盛譽企業有限公司,臺中市梧棲區永安里中央路一段39號,3000000,1130417
6525,55718533,欽成營造股份有限公司,臺中市西屯區市政路402號25樓之5,200000000,1130408
6539,55751271,東志興業股份有限公司,臺中市大里區德芳路一段82巷25號,10000000,1130409
6576,55872697,大將作工業股份有限公司,臺中市北區淡溝里臺灣大道二段360號22樓之1,800000000,1130422
6581,55880036,企美氣體股份有限公司,臺中市南屯區向心里文心南一路12號1樓,4000000,1130410
6584,55883934,協櫻精密工業股份有限公司,臺中市霧峰區南勢里豐正路405號,20000000,1130409
6585,55886284,和晴能源科技有限公司,臺中市北區文心路四段200號8樓之8,20000000,1130425
6587,55892672,緯華企業股份有限公司,臺中市西屯區工業區三五路56號,35000000,1130429
6609,55942413,大千航太企業股份有限公司,臺中市西區安龍里自治街220號,29800000,1130403
6616,55953656,先柏油漆廠有限公司,臺中市大雅區上楓里民生路三段172號,11000000,1130422
6622,55981554,墩豐機械工業股份有限公司,臺中市西屯區工業區六路12號,586798280,1130417
6626,56030511,英屬安吉拉商正和有限公司,臺中市豐原區西安里圓環南路199巷33號1樓,0,1130408
6629,56146323,其泰企業股份有限公司,臺中市大甲區日南里幼五路7號,56000000,1130422
6630,56219140,寶昌隆股份有限公司,臺中市北區文心路四段212號7樓之1,150000000,1130429
6632,56391704,錦隆紡織廠股份有限公司,臺中市清水區下湳里菁埔路200號,2000000,1130424
6639,56620559,永日化學工業股份有限公司,臺中市大甲區日南里幼獅路59、61號,423734430,1130401
6641,56628927,泰億工業股份有限公司,臺中市大甲區義和里文曲路529號,26000000,1130408
6647,56642358,鎧全鐵材製品股份有限公司,臺中市外埔區水美里二崁路568巷25號,99000000,1130429
6653,56648206,台三工業股份有限公司,臺中市大安區興安路326號,70000000,1130402
6654,56651840,永源報關有限公司,臺中市梧棲區頂寮里臨港路四段760巷1號,3000000,1130403
6656,56655830,本佳興業股份有限公司,臺中市龍井區忠和里海尾路328號,12110000,1130424
6658,56657112,炫安企業股份有限公司,臺中市清水區下湳里菁埔路204號,59000000,1130401
6659,56660502,中嘉交通有限公司,臺中市大甲區南陽里中山路一段590號2樓,10000000,1130424
6662,56664373,駿昱開發股份有限公司,臺中市潭子區潭陽里潭陽路4號1樓,3000000,1130429
6666,56670255,粉圓水泥製品廠股份有限公司,臺中市大甲區龍泉里順帆三街121號,25000000,1130417
6667,56680922,太蓮國際股份有限公司,臺中市沙鹿區日新街171號,2000000,1130410
6671,56689439,六股電子工業股份有限公司,臺中市梧棲區永安里向上路九段465巷6號,16000000,1130411
6673,56694067,嘉陽鑄造工業股份有限公司,臺中市梧棲區草湳里自立二街129號,28000000,1130424
6674,56696889,煜益工業股份有限公司,臺中市龍井區忠和里臨港路二段58號1樓,140000000,1130418
6676,56699653,眾成工業股份有限公司,臺中市沙鹿區清泉里東海路35號,265000000,1130417
6680,56710480,向陽瑋業股份有限公司,臺中市外埔區甲后路四段589號,8000000,1130412
6683,56802214,山貿機械廠有限公司,臺中市豐原區田心里中山路169號1樓,8000000,1130415
6693,57507611,大藝實業股份有限公司,臺中市潭子區聚興里豐興路一段256號,560000,1130418
6798,59275573,合立行健康科技有限公司,臺中市西區民龍里臺灣大道二段181號5樓之6,3000000,1130402
6845,59878906,金詠碩股份有限公司,臺中市西屯區龍潭里市政南一路286號2樓之3,400000000,1130411
6846,59891106,凱翔生技有限公司,臺中市東勢區茂興里石城街198巷140號1樓,5000000,1130415
6847,60202016,廣思通訊有限公司,臺中市西屯區市政北二路236號21樓之1,2500000,1130424
6848,60202661,元照資產評價有限公司,臺中市太平區環中東路三段97號6樓之6,100000,1130429
6849,60208969,鑫隆多媒體股份有限公司,臺中市梧棲區文明街326巷43號3樓,50000000,1130424
6850,60211649,寶櫻有限公司,臺中市北屯區新平里經貿三路二段100號4樓,1500000,1130426
6851,60211922,台灣星樂有限公司,臺中市西屯區福和里福安六街11巷18號,5000000,1130422
6852,60222553,沛宸淨化科技有限公司,臺中市大里區塗城路66之2號1樓,3000000,1130409
6853,60224975,贏仁科技股份有限公司,臺中市龍井區竹坑里茄投路一段85巷23號,29980000,1130415
6854,60232638,髮之道實業有限公司,臺中市北屯區平安里文心路四段752之3號,500000,1130419
6855,60235620,典加華國際股份有限公司,臺中市西區安龍里民生路146巷8號1-2樓,7000000,1130422
6856,60236971,長駐人力資源有限公司,臺中市太平區中南路51號1樓,5000000,1130426
6859,60240980,浤瑋科技工程有限公司,臺中市南屯區永定里永春東六路437號6樓之1,75000000,1130411
6860,60242592,中欣飯店股份有限公司,臺中市中區建國路180號,54160000,1130424
6861,60246957,永利全有限公司,臺中市大里區國中路165號,10200000,1130411
6863,60262885,漢城國際有限公司,臺中市南屯區新富路517之6號1樓,6000000,1130412
6864,60262891,聖捷工程有限公司,臺中市烏日區三和里高鐵路一段46號1樓,700000,1130417
6865,60264188,正晟工程有限公司,臺中市北區賴村里進化北路367之10號,6800000,1130402
6866,60271651,富培有限公司,臺中市太平區永豐路永新巷36號2樓,6080000,1130424
6867,60272808,傑睿悍傢俱股份有限公司,臺中市北區梅川里文昌東一街89巷7之4號,3715310,1130422
6868,60276874,藤田國際實業有限公司,臺中市南屯區文心里向心路150號4樓,4080000,1130403
6869,60281807,玉元餐飲有限公司,臺中市南區積善里學府路9號,6000000,1130429
6870,60283538,日船投資有限公司,臺中市西屯區協和里工業區五路6之1號2樓,10000000,1130401
6871,60291235,彩胤國際有限公司,臺中市南屯區新生里五權西路二段1111號,10000000,1130402
6872,60291896,碩京投資有限公司,臺中市烏日區五光路961巷9號1樓,105000000,1130401
6873,60295577,福爾摩沙不動產有限公司,臺中市北屯區舊社里南興一路20號13樓之2,10000000,1130426
6876,60313006,太極緣有限公司,臺中市西屯區何福里寧夏路62號11樓之1,300000,1130412
6878,60314722,淞炭實業有限公司,臺中市神岡區社南里中山路473號,5000000,1130418
6879,60316637,錤煌有限公司,臺中市大雅區上楓里楓林街108號1樓,500000,1130411
6880,60316720,港灣生活家股份有限公司,臺中市南屯區大同里向上南路一段163號5樓之17,2000000,1130415
6881,60317447,實踐家管理顧問有限公司,臺中市西屯區文心路三段241號16樓之7,1000000,1130408
6882,60321688,睿鵬國際股份有限公司,臺中市大雅區四德里中山路311號1樓,16000000,1130429
6884,60328373,墨室內裝修設計有限公司,臺中市南屯區大墩七街526號5樓之7,1000000,1130402
6886,60350780,金帛有限公司,臺中市西區精誠五街14號2樓,6150000,1130401
6887,60355820,台灣惠普綠能股份有限公司,臺中市北區淡溝里英才路334號2樓,3000000,1130422
6888,60356047,中天能源有限公司,臺中市梧棲區大庄里文華街72巷1弄1號1樓,2050000,1130401
6889,60356476,兆翊地產經紀有限公司,臺中市南屯區永春東路990號,1000000,1130423
6890,60360788,岱碒企業有限公司,臺中市南屯區豐樂里萬和路一段20之12號1樓,2000000,1130401
6892,60375656,力毓企業有限公司,臺中市大肚區蔗廍里遊園路二段98巷13弄25號1樓,1000000,1130408
6893,60377486,永沅冷凍海鮮有限公司,臺中市西屯區工業區一路2巷5號1樓,700000,1130402
6894,60378252,騰浩昇投資有限公司,臺中市梧棲區中和街170巷11號1樓,500000,1130424
6895,60379246,相信美好實業股份有限公司,臺中市西屯區惠來里市政北一路77號6樓之10,2000000,1130403
6896,60380975,正欣電腦有限公司,臺中市北屯區平昌里昌平路一段212巷29號1樓,500000,1130423
6897,60385367,英蓋爾有限公司,臺中市北區賴興里天津路二段167號1樓,38000000,1130425
6898,60520602,歐成國際有限公司,臺中市北屯區文心路三段1027號6樓,3000000,1130412
6899,60596010,竣達國際企業有限公司,臺中市北屯區崇德路二段128號8樓之3,10000000,1130412
6900,61144205,千豐創意有限公司,臺中市太平區大興一街73巷9號1樓,1000000,1130426
6901,61264475,炫宏企管顧問有限公司,臺中市烏日區三和里學田路255巷73號1樓,3800000,1130401
6902,61314030,萌芽創業投資股份有限公司,臺中市南區機善里國光路250號,22400000,1130423
6903,61413904,龍隊起重有限公司,臺中市霧峰區中正路232之1號1樓,500000,1130429
6904,61425227,承璽國際有限公司,臺中市烏日區榮泉里健行路402號3樓,1000000,1130424
6905,61438308,立明板金股份有限公司,臺中市豐原區南嵩里北陽路389之2號,17000000,1130403
6906,61762326,瑞德機械工業股份有限公司,臺中市后里區墩南里舊社路5之9號,150750000,1130410
6909,61776594,卡爾國際資訊有限公司,臺中市西屯區惠來里河南路四段163號1樓,1000000,1130415
6910,61783027,鎧越科技股份有限公司,臺中市東區十甲北街37號,10000000,1130412
6911,61783906,吉米投資有限公司,臺中市北屯區仁美里崇仁街58巷41號1樓,5450000,1130429
6912,61785209,第八藝識有限公司,臺中市西屯區河南路二段74巷1號1樓,3800000,1130423
6913,61785502,鑫澤鍛造有限公司,臺中市霧峰區吉峰里民生路202號,10000000,1130422
6914,61785931,心玩藝國際有限公司,臺中市西屯區市政路386號24樓之6,29950000,1130416
6916,61788445,普羅興業有限公司,臺中市大雅區二和里雅潭路四段718號1樓,20400000,1130411
6917,61813090,聰明媽咪國際股份有限公司,臺中市北區健行里中清路一段317之1號,15000000,1130411
6918,61815386,有好事房地產顧問有限公司,臺中市南區公理街72之2號3樓,350000,1130409
6919,61820016,柏瑞櫥櫃有限公司,臺中市西區公平里東興路三段212號1樓,6000000,1130411
6920,61820563,臺灣吉優力科技材料有限公司,臺中市南區新榮里學府路189號8樓之17,5000000,1130419
6921,61821090,尚冠國際企業有限公司,臺中市東區東南里南京東路一段369號,500000,1130418
6922,61826166,德鋒貿易有限公司,臺中市西區臺灣大道二段239號13樓,1000000,1130424
6924,61835480,宏昌鑫利有限公司,臺中市神岡區新庄里和睦路一段216號,5000000,1130422
6925,61837234,齊心行農產股份有限公司,臺中市潭子區福仁里大新路79巷102之5號,600000,1130412
6926,61839578,九富投資有限公司,臺中市西區中興里公正路156巷34號1樓,5000000,1130426
6927,61840596,磐高實業有限公司,臺中市西屯區潮洋里市政北二路282號24樓之1,20000000,1130415
6928,61846607,群益國際企業股份有限公司,臺中市霧峰區吉峰里吉峰路63號,34000000,1130422
6929,61849132,源進益科技有限公司,臺中市豐原區東湳里豐原大道六段655巷172號1樓,3000000,1130422
6931,61862140,長映國際股份有限公司,臺中市大里區東明路336號1樓,40000000,1130409
6932,61868539,一品馨整合行銷有限公司,臺中市西區昇平里向上路一段95號3樓,21600000,1130426
6933,61868550,達保盈有限公司,臺中市南屯區大墩七街289號15樓之2,15800000,1130415
6935,61877896,動態思想有限公司,臺中市烏日區三和里高鐵路二段150號3樓之11,100000,1130416
6936,61909813,錦成工程有限公司,臺中市西屯區何安里臺灣大道二段910號11樓之5,2000000,1130425
6937,61914148,楙霖興業有限公司,臺中市太平區新高里15鄰中山路四段28巷13號1樓,8000000,1130402
6938,61921302,信碩有限公司,臺中市西區忠明南路42號9樓,1000000,1130426
6940,61934313,安嵐建設有限公司,臺中市西屯區龍門一街168號1樓,10000000,1130417
6941,61935431,雲月汽車旅館有限公司,臺中市大里區國光里勝利二路100號,29900000,1130418
6942,61936403,優富盛環保股份有限公司,臺中市豐原區鎌村里鎌村路39巷2號1樓,700000,1130408
6943,61940336,真自然生物科技有限公司,臺中市北區立人里陝西路108號15樓之2,500000,1130424
6944,61940933,沐群科技有限公司,臺中市豐原區豐田里豐南街240巷139弄83號1樓,1000000,1130415
6945,61946079,廣鴻有限公司,臺中市太平區大源二十六街16號1樓,888888,1130401
6946,61946205,凱麗營造股份有限公司,臺中市西屯區市政北二路282號8樓之5,50000000,1130412
6947,61954915,金勝富板金設計有限公司,臺中市北屯區軍功里松竹五路二段241號1樓,3000000,1130426
6948,61958840,龍澐資產股份有限公司,臺中市太平區光華里長安東路52號2樓,141950000,1130423
6951,62232705,鑫業股份有限公司,臺中市潭子區大豐里大富路三段20之3號,21200000,1130424
6952,62255158,楷榮工程有限公司,臺中市東區東門里東光園路115號14樓之1,3000000,1130426
6953,62258606,智創資產管理有限公司,臺中市北屯區舊社里旱溪西路三段280號6樓之3,500000,1130424
6955,62609201,榮鑌機電工程股份有限公司,臺中市南區和平里復興路二段15巷31弄22號1樓,10000000,1130410
6956,63127456,力活有限公司,臺中市西屯區何安里臺灣大道二段910號11樓之5,3000000,1130423
6957,63142604,龍影子藝術文化有限公司,臺中市龍井區新東里遊園南路269巷44號1樓,200000,1130411
6958,63263655,山瑋貿易股份有限公司,臺中市北屯區平心里文心路四段643號,500000,1130418
6959,63264423,立昌科技有限公司,臺中市龍井區新東里新興路59巷13號,2400000,1130412
6960,63375906,華力包裝有限公司,臺中市大肚區自強里遊園路二段198巷9號,900000,1130409
6961,63400898,冠淇企業有限公司,臺中市西屯區工業區八路6號,3000000,1130424
6963,63408505,量明有限公司,臺中市西屯區惠來里文心路三段13之7號,500000,1130418
6964,63680407,依世代有限公司,臺中市北區明德里漢口南一街55號1樓,1650000,1130416
6965,63776803,滿足創意視覺傳媒有限公司,臺中市清水區八德路四段75號,1000000,1130418
6966,63828226,揚璽建設有限公司,臺中市沙鹿區南勢里南昌路64巷8號1樓,6000000,1130403
6967,64105064,國善營造有限公司,臺中市潭子區頭家里16鄰頭家路206號6樓,15000000,1130418
6968,64189009,鑫達旺股份有限公司,臺中市東區泉源里泉源街58號2樓,4500000,1130429
6969,64226308,老派室內裝修設計有限公司,臺中市西屯區甘州五街5號1樓,3000000,1130423
6970,64246509,岳昇國際有限公司,臺中市南屯區大興里永春東路131號1樓及133號1樓,300000,1130402
6971,64248507,找道田國際有限公司,臺中市西屯區大鵬里長安路二段131巷3之3號10樓,2000000,1130411
6972,64285903,翌富有限公司,臺中市西屯區逢甲里西屯路二段256巷6號2樓之8,1000000,1130401
6995,64909302,向恆綠能股份有限公司,臺中市北區臺灣大道二段360號5樓之1,39000000,1130423
6997,64918196,聖麒科技有限公司,臺中市龍井區東海里遊園北路468巷1號1樓,1000000,1130411
7004,64958653,鈦禾企業有限公司,臺中市西區吉龍里五權西二街56號1樓,4000000,1130415
7047,66341514,勝義發營造股份有限公司,臺中市清水區南社里民族路二段322號,130000000,1130424
7065,66453101,弘昌交通事業有限公司,臺中市沙鹿區西勢里中山路4之72號,29600000,1130408
7080,66532979,上順資訊股份有限公司,臺中市北屯區崇德路二段128號8樓之5,35535000,1130401
7120,66803959,司頂創新國際有限公司,臺中市西屯區市政北二路282號21樓之10,5500000,1130411
7138,66903388,鴻利匯興業股份有限公司,臺中市清水區下湳里福圳街１段35巷68號1樓,40000000,1130419
7205,69438288,阜邑營造股份有限公司,臺中市潭子區中興北路113號1樓,42500000,1130410
7300,70364947,宏運企管顧問股份有限公司,臺中市東區練武路173號3樓,1000000,1130422
7347,70485745,碧城開發股份有限公司,臺中市西屯區西平里西安街130巷4號,51000000,1130409
7349,70496454,大陽產業有限公司,臺中市南區美村路二段218巷22號1樓,3000000,1130411
7354,70512644,安祥加油站股份有限公司,臺中市西屯區龍潭里環中路三段800號,6000000,1130423
7361,70525351,冠益營造有限公司,臺中市東勢區新盛街373號1樓,5000000,1130424
7388,70594005,兆申機電工程有限公司,臺中市西區大忠里五權西路一段257號17樓,501000000,1130425
7391,70597642,碧豐國際投資股份有限公司,臺中市西屯區西平里西安街130巷4號,59000000,1130411
7393,70612685,潤耀實業有限公司,臺中市西屯區環中路三段69號18樓之5,6000000,1130416
7394,70615629,冠軒貿易有限公司,臺中市清水區南社里鰲峰路161巷60之9號1樓,1200000,1130412
7396,70617648,鐠適保實業股份有限公司,臺中市西屯區何仁里文心路三段236、238號2樓,100000000,1130410
7402,70633112,谷勵企業有限公司,臺中市大肚區永順里文昌二街140巷85號,21000000,1130401
7406,70657107,進方環保科技有限公司,臺中市沙鹿區竹林里中山路141巷18號1樓,30000000,1130418
7411,70666957,台灣味群工業股份有限公司,臺中市大甲區日南里台中幼獅工業區工七路6號,95000000,1130422
7420,70690963,茂泰利科技股份有限公司,臺中市西屯區福雅路128巷57號,110000000,1130416
7423,70692343,菁群國際有限公司,臺中市西區民龍里臺灣大道二段285號13樓之2,1500000,1130425
7430,70713261,傳浤工業有限公司,臺中市大里區德芳南路377號1樓,1000000,1130410
7431,70713847,大亨利國際開發股份有限公司,臺中市北屯區水景里松竹五路二段80號1樓,29000000,1130402
7434,70726884,捷歆企業有限公司,臺中市北屯區太原路三段1120巷2之12號,1000000,1130401
7437,70731015,艾偉特有限公司,臺中市北屯區和平里祥順路2段338巷17號1樓,10000000,1130419
7439,70741647,佑全藥品股份有限公司,臺中市西屯區福和里臺灣大道四段925號20樓之1,442700000,1130410
7470,70848036,台灣特格股份有限公司,臺中市梧棲區緯五路六號,600000000,1130403
7547,79956485,昇輝科技股份有限公司,臺中市太平區宜欣路57巷21號1樓,5000000,1130411
7554,79972339,天鳳資本股份有限公司,臺中市南屯區大業里大墩路826號1樓,2000000,1130411
7556,79975949,丞德機械精業有限公司,臺中市大里區愛心路159巷8號,10000000,1130425
7560,79987207,技勤科技股份有限公司,臺中市大里區仁化路701巷32號,1000000,1130424
7562,79991130,國城科技有限公司,臺中市北區民權路462巷4之1號,5000000,1130410
7568,80000002,省錢家具有限公司,臺中市烏日區烏日里新興路189號1樓,1500000,1130409
7577,80026312,台灣日東光學股份有限公司,臺中市大雅區科雅西路7號,568003000,1130412
7584,80048358,鴻輪有限公司,臺中市太平區太平二十三街41號,5000000,1130412
7588,80056292,駿銓電腦有限公司,臺中市豐原區直興街207號,5000000,1130410
7596,80076298,美嘉生技儀器有限公司,臺中市西區美村路一段632號7樓,6000000,1130418
7597,80077959,瑞寬塑膠有限公司,臺中市豐原區豐田里豐原大道三段286巷68號,500000,1130424
7598,80080693,我的你的股份有限公司,臺中市大里區東興里來興街2號,4000000,1130403
7601,80085058,詠益自動化設備有限公司,臺中市清水區中興里光復街8之1號1樓,16000000,1130423
7605,80095268,慧喬精密股份有限公司,臺中市潭子區新田里豐興路二段378號,9000000,1130408
7606,80096772,宏茂事業有限公司,臺中市北區健行路766巷32號1樓,2000000,1130425
7607,80097907,舜仲企業股份有限公司,臺中市沙鹿區晉江里東晉東路122號,5000000,1130429
7608,80098687,大和事業股份有限公司,臺中市豐原區社皮里中正路512號1樓,40000000,1130415
7619,80127682,明日森林股份有限公司,臺中市西區民龍里臺灣大道二段307號5樓,8500000,1130402
7623,80138098,聯勤機械有限公司,臺中市龍井區竹坑里沙田路四段322號,9000000,1130412
7626,80145555,專業全民英檢出版股份有限公司,臺中市南屯區惠中里文心路一段378號7樓之10,15000000,1130429
7627,80147054,云盛開發股份有限公司,臺中市中區綠川里成功路10號5樓之1及6樓之1,13000000,1130402
7653,80208930,日上顧問有限公司,臺中市西區中興街183號6樓之1,1000000,1130411
7654,80209353,尚盈欣業有限公司,臺中市豐原區中興里成功路49號1樓,5000000,1130418
7656,80210871,敬豐營造有限公司,臺中市神岡區民生路12之1號1樓,3600000,1130415
7662,80234971,皇將科技股份有限公司,臺中市大里區仁化里工業九路190號,549843320,1130408
7667,80247693,桂亞國際股份有限公司,臺中市西區臺灣大道2段459號2樓,550000000,1130422
7668,80248308,台灣禧瑪諾股份有限公司,臺中市西區公德里忠明南路138號4樓之3,6750000,1130402
7675,80258277,衛力營造有限公司,臺中市西區華美西街一段36號3樓,30000000,1130422
7714,80324136,臺灣康迪生物科技有限公司,臺中市潭子區東寶里雅潭路二段399巷200號,12000000,1130417
7716,80326134,天野國際開發股份有限公司,臺中市西區臺灣大道二段459號10樓,40000000,1130416
7739,80391161,大宮國際開發股份有限公司,臺中市西區臺灣大道二段459號11樓,190000000,1130417
7742,80393421,遠立宏有限公司,臺中市北屯區仁和里崇德十路一段528號3樓,70000000,1130402
7745,80397236,耀恒國際開發股份有限公司,臺中市西區臺灣大道二段459號12樓,90000000,1130415
7752,80411259,蝶依漢方本草科技有限公司,臺中市西屯區何安里四川三街22巷7之1號,1000000,1130416
7755,80417839,弈泰有限公司,臺中市烏日區五光里五光路189巷126之6號,500000,1130425
7759,80424830,旻軒科技國際有限公司,臺中市北區自強街28巷14號1樓,1000000,1130418
7760,80429130,中一吊桿股份有限公司,臺中市霧峰區四德里四德北路33號,5000000,1130401
7762,80430875,太陽鷹事業有限公司,臺中市南屯區中和里和成巷93號1樓,6000000,1130408
7764,80435978,博鈞科技股份有限公司,臺中市西屯區潮洋里臺灣大道三段789號7樓之3,15000000,1130409
7773,80454974,熊布懶國際有限公司,臺中市潭子區豐興路一段1巷32弄1號,1000000,1130423
7824,80552519,米樂國際事業股份有限公司,臺中市西屯區市政南一路128號,60000000,1130426
7826,80564450,易圖科技股份有限公司,臺中市西屯區何成里大墩十八街195號3樓之1,10000000,1130424
7839,80587475,時雨服裝有限公司,臺中市西區五權西三街21號1樓,5000000,1130426
7841,80595398,羣翊生物科技有限公司,臺中市北屯區陳平路65巷123弄2號1樓,28000000,1130409
7845,80603593,峻鴻精業有限公司,臺中市太平區太平里永成路71號,5000000,1130408
7851,80622402,金城特殊金屬股份有限公司,臺中市梧棲區永安里向上路九段562巷20號1樓,52800000,1130410
7855,80629828,御群服務有限公司,臺中市和平區博愛里東關路一段99號、103號,1000000,1130411
7860,80635743,生活工藝有限公司,臺中市大里區長榮里大里路33巷3號,4000000,1130429
7861,80636855,鴻匠科技股份有限公司,臺中市豐原區東湳里三豐路二段20巷22號1樓,54200000,1130418
7862,80639500,捷楊科技股份有限公司,臺中市潭子區潭富路1段51之3號,6000000,1130415
7864,80641111,金馬皇宮國際開發股份有限公司,臺中市南區高工路371號2樓,235000000,1130401
7888,80690040,碩成科技股份有限公司,臺中市大里區祥興里喬城路138巷5號,20000000,1130403
7904,80727898,美麗人生國際投資股份有限公司,臺中市西區忠明里中興街229號5樓,3000000,1130419
7912,80749464,誠明文教管理事業股份有限公司,臺中市西屯區惠來里市政北一路77號6樓之1,12000000,1130424
7913,80749675,佳冠建設實業有限公司,臺中市中區平等街20之1號,1000000,1130410
7941,82764829,億嘉砂石工程有限公司,臺中市西區民生里自由路一段101號8樓之2,500000,1130422
7942,82765101,源安智慧工程有限公司,臺中市烏日區明禮街34號1樓,8000000,1130412
7943,82765778,鴻運開發有限公司,臺中市南區永興里工學路59巷63號,6000000,1130410
7944,82766381,沐日有限公司,臺中市西區向上路一段36號6樓之3,4500000,1130412
7949,82769681,綠川之聲廣播股份有限公司,臺中市西屯區臺灣大道三段540號10樓之1,20000000,1130403
7950,82769768,誠睿投資有限公司,臺中市西屯區文心路三段155之1號5樓,11600000,1130403
7951,82769922,久德木業有限公司,臺中市豐原區豐勢路一段476號,2000000,1130424
7952,82770569,蘊鏋股份有限公司,臺中市西屯區何安里重慶路99號五樓之1,1000000,1130425
7953,82771173,安柏餐飲股份有限公司,臺中市南屯區三和里永春東七路869號1、2樓,9000000,1130408
7954,82772102,藝美娛樂有限公司,臺中市西區臺灣大道二段186號24樓之2,50000,1130409
7960,82779230,鉅向資訊科技有限公司,臺中市西區民龍里臺灣大道二段222號4樓,5000000,1130417
7964,82784022,杰森國際開發有限公司,臺中市南區信義南街202號5樓之2,500000,1130409
7965,82784058,晟瑞科技股份有限公司,臺中市潭子區栗林里中山路三段486號,260560000,1130416
7966,82784368,鑫聖投資股份有限公司,臺中市梧棲區草湳里臨港路三段960號2樓,22000000,1130402
7967,82786611,億楷有限公司,臺中市烏日區烏日里新興路20號2樓,1000000,1130417
7968,82786767,品銘軒餐旅有限公司,臺中市西區大和路63號,1000000,1130412
7969,82786886,新寵兒寵物股份有限公司,臺中市西區民龍里臺灣大道二段239號13樓,1000000,1130416
7974,82790523,翰品食品有限公司,臺中市北屯區大德里平德路140號4樓之2,1500000,1130426
7975,82792064,豐珅科技有限公司,臺中市清水區海風一街368巷21之1號1樓,5000000,1130416
7991,82804809,元萃數據科技股份有限公司,臺中市西屯區朝富路213號9樓之9,40000000,1130403
8014,82818803,熊棧旅館股份有限公司,臺中市西屯區西墩南一巷15號,3000000,1130419
8026,82824349,京加開發有限公司,臺中市北屯區遼陽六街12-1號2樓,6000000,1130402
8027,82824468,夏爾國際餐飲有限公司,臺中市西屯區福林里福科路637號,5400000,1130410
8028,82825852,信誠資訊有限公司,臺中市北屯區崇德路二段128號8樓之5,1000000,1130401
8029,82826331,福興盛越南投資顧問有限公司,臺中市北屯區松和里昌平路二段12之3號2樓,10000000,1130412
8030,82826402,好潔環保清潔有限公司,臺中市北屯區北興里北華街93號,500000,1130426
8038,82829843,百花堂文藝有限公司,臺中市西區美村路一段376巷11號1樓,3000000,1130422
8040,82831030,植禾國際開發有限公司,臺中市西屯區大鵬里文心路三段241號21樓之2,100000,1130424
8041,82832143,紅沐國際有限公司,臺中市太平區中平里成功東路70巷30號1樓,1100000,1130422
8042,82832328,睿程化材實業有限公司,臺中市南屯區惠中里大英街291之3號3樓,1000000,1130402
8043,82832474,毓維生物科技股份有限公司,臺中市西區五權西五街82之2號1樓,6000000,1130418
8044,82832544,里祥建設有限公司,臺中市北區賴明里漢口路四段35號4樓之2,20000000,1130424
8057,82840002,北鯨廣告有限公司,臺中市太平區環中東路三段95號,500000,1130426
8058,82840024,允承科技有限公司,臺中市西屯區何成里大容西街51號3樓之2,5000000,1130416
8059,82841760,和馨有限公司,臺中市龍井區龍泉里龍社八街8巷6號1樓,1000000,1130416
8060,82841826,京霖廣告行銷有限公司,臺中市沙鹿區中華路二段432巷3號1樓,700000,1130417
8061,82842249,鄉村混凝土有限公司,臺中市神岡區庄後里中車路76之13號1樓,100000,1130416
8067,82846239,有鑫投資股份有限公司,臺中市南區福順里忠明南路789號13樓之1,14175490,1130422
8095,82857880,馬到府有限公司,臺中市北區金龍里金龍街42之6號,7050000,1130403
8096,82857946,金鑫融創工程有限公司,臺中市西屯區潮洋里市政北二路282號21樓之11,5000000,1130409
8100,82864263,柏鑫建設有限公司,臺中市南屯區田心里文心路一段37號2樓,3000000,1130423
8112,82873410,政程大力企業有限公司,臺中市西區精誠三街55號1樓,500000,1130411
8114,82875347,路遙圓創有限公司,臺中市西屯區西平里西安街277巷6之3號,8000000,1130425
8131,82893345,祥龍泰工業有限公司,臺中市太平區光明里大興十一街125巷50弄9之1號1樓,3000000,1130409
8132,82893990,升閣股份有限公司,臺中市西屯區臺灣大道四段925號19樓之1,20000000,1130423
8133,82894560,振鈺數位服務股份有限公司,臺中市北屯區水湳里文心路三段447號31樓,400000000,1130412
8134,82895435,采唐國際實業有限公司,臺中市西區精美街40號,1000000,1130402
8162,82913813,領陞股份有限公司,臺中市西屯區工業區三十九路52號2樓,285000000,1130412
8163,82914545,築巢康養物業發展有限公司,臺中市西區臺灣大道二段16號10樓,1000000,1130417
8164,82914637,采縈開發建設有限公司,臺中市南屯區大墩四街321號地下一層,20000000,1130417
8179,82928800,日豐亞太有限公司,臺中市南區忠明南路758號17樓,1500000,1130429
8181,82930329,聯合運動股份有限公司,臺中市太平區樹德路252號,2173920,1130402
8182,82930572,百興營造有限公司,臺中市龍井區新東里新興路25巷1弄6號1樓,15000000,1130409
8183,82931404,佰榮工程有限公司,臺中市西屯區永昌二街91之3號,1200000,1130423
8185,82932086,宸信餐飲股份有限公司,臺中市西區忠明里博館三街37號1樓,200000,1130429
8186,82932327,尾尾道來寵物股份有限公司,臺中市北屯區北京里進化北路63號4樓之2,2000000,1130417
8224,82952723,台越教育科技有限公司,臺中市西屯區何安里重慶路99號5樓之3,41280000,1130417
8244,82963313,全得綜合企業有限公司,臺中市南屯區永新路1號1樓,20000000,1130402
8245,82963475,康宇永續管理顧問有限公司,臺中市西屯區惠來里市政路500號12樓之3,3000000,1130417
8246,82963664,協昶興業股份有限公司,臺中市清水區菁埔里菁埔路149之7號,34000000,1130402
8255,82969288,吉利欣業有限公司,臺中市清水區北寧里新興路429號,59000000,1130429
8256,82969386,理勝管理顧問股份有限公司,臺中市西屯區大墩十七街78號,500000,1130402
8279,82980328,佰宸工程有限公司,臺中市南屯區田心里惠德街98號3樓,1000000,1130409
8280,82980592,昂萃生技股份有限公司,臺中市西屯區文心路三段296之1號6樓,10000000,1130410
8281,82980755,軍昊有限公司,臺中市西區民龍里臺灣大道二段285號14樓之3,100000,1130422
8282,82981157,悠助建設有限公司,臺中市大肚區頂街里大明一街2號1樓,20000000,1130412
8283,82981327,采鑛數據科技有限公司,臺中市中區綠川里綠川西街145號2樓,1000000,1130422
8284,82982091,仩群有限公司,臺中市南屯區溝墘里文心路一段540號8樓之3,1000000,1130409
8285,82983021,鹿雲有限公司,臺中市太平區樹孝路448號,250000,1130412
8287,82983303,起鈊厝創新服務股份有限公司,臺中市北區忠明路424號19樓之1,11160000,1130423
8295,82986462,穎霆有限公司,臺中市北區忠明路424號5樓之1,100000,1130424
8296,82986646,荃浤有限公司,臺中市潭子區頭家里得天街6號1樓,1000000,1130419
8297,82987103,富予國際有限公司,臺中市大里區新生西路103號1樓,1000000,1130408
8313,82991351,阿拉伯聯合大公國商格林威有限公司,臺中市北屯區平和里旅順路1段152號2樓,0,1130417
8389,83013776,麵麵科技有限公司,臺中市南屯區南屯路二段207之9號6樓,100000,1130422
8390,83013966,新綠能生物科技有限公司,臺中市西屯區西平里逢甲路153之1號,2700000,1130415
8391,83014114,高穎有限公司,臺中市大雅區雅楓里民生路3段267巷20號,1500000,1130419
8392,83014297,昀鋒有限公司,臺中市南區和平里忠明南路758號10樓,250000,1130417
8393,83014894,川筑開發有限公司,臺中市西屯區府會園道179號3樓,1000000,1130424
8394,83015198,承鴻機電工程有限公司,臺中市北屯區平田里文心路四段955號17樓,500000,1130422
8395,83016204,昕美玻璃美容有限公司,臺中市西屯區何南里大墩二十街118號5樓之1,200000,1130401
8396,83016598,澄鈿國際有限公司,臺中市西區土庫里中美街51巷6號1樓,1000000,1130418
8406,83024062,創育國際有限公司,臺中市西區昇平里昇平街96巷4號5樓,50000,1130422
8408,83026076,睿納星有限公司,臺中市沙鹿區錦華街14號4樓,13500000,1130423
8409,83026786,潤元不動產經紀業有限公司,臺中市豐原區社皮里中正路670號,3500000,1130419
8418,83029974,阿咪阿迷跟鞋股份有限公司,臺中市南屯區春安二街6號,2000000,1130426
8460,83042596,粒榮公證有限公司,臺中市梧棲區建國北街287巷59號2樓,1000000,1130401
8461,83042836,豪紳精密工業有限公司,臺中市烏日區五光里五光路189巷122號,15000000,1130423
8462,83043429,旭曜能源股份有限公司,臺中市外埔區六分里水頭一路295巷33號2樓,1000000,1130417
8463,83044095,康博生醫股份有限公司,臺中市西區忠明南路303號8樓之1,40000000,1130412
8474,83048825,翔信科技有限公司,臺中市北屯區文心路四段750號地下室之1，752號地下室,1000000,1130415
8515,83070939,錦鉅城股份有限公司,臺中市南屯區五權西路二段131號4樓之1,20000000,1130429
8538,83082626,亞崙生技有限公司,臺中市北屯區同平巷3號1樓,2000000,1130409
8546,83086186,傳石股份有限公司,臺中市龍井區臺灣大道五段3巷42弄86號1樓,105000000,1130422
8556,83091630,吾宇建設有限公司,臺中市北區賴興里文心路四段212號3樓之1,10000000,1130426
8563,83095973,茂禾塑膠股份有限公司,臺中市西區民龍里臺灣大道二段285號20樓,7300000,1130417
8564,83095994,興東金有限公司,臺中市大雅區六寶里科雅路376巷2之8號,200000,1130419
8565,83096332,索特力亞洲有限公司,臺中市西區臺灣大道二段285號14樓之3,1400000,1130418
8566,83096380,酒江屋有限公司,臺中市北屯區廍子里太順路17號1樓,2000000,1130403
8567,83096966,盉鉉有限公司,臺中市大肚區王田里王福街750巷30號,2000000,1130410
8583,83107393,鴻達國際有限公司,臺中市大里區瑞城里中興路一段2巷81弄111號,1500000,1130429
8594,83113992,杰崴電氣工程有限公司,臺中市大雅區六寶里中清路五段207號2樓,7000000,1130410
8596,83114401,冠呈塑膠有限公司,臺中市大里區仁化路221巷36號1樓,2500000,1130424
8597,83114459,和鯨建設開發有限公司,臺中市太平區新坪里環中東路三段95號,1000000,1130423
8608,83120699,艾美建材股份有限公司,臺中市西屯區廣福里中清路三段225巷12弄58號,8000000,1130417
8609,83120776,振緯貿易有限公司,臺中市南區復興路二段34號10樓之9,2000000,1130402
8610,83121022,詠美國際有限公司,臺中市南屯區文心路一段186號19樓之8,5000000,1130401
8619,83126053,戰馬國際娛樂股份有限公司,臺中市西區台灣大道二段239號13樓,100000,1130422
8631,83131339,七期生醫科技股份有限公司,臺中市西屯區潮洋里朝富路213號17樓之6,6100000,1130403
8635,83135139,元將開發有限公司,臺中市中區大誠里公園路38號8樓之31,10000000,1130423
8636,83135356,昀齊有限公司,臺中市西區臺灣大道二段239號13樓,500000,1130425
8637,83135594,中硯開發實業有限公司,臺中市北屯區瀋陽路二段198之2號6樓,8000000,1130408
8638,83135980,中港雲頂開發股份有限公司,臺中市梧棲區頂寮里四維東路149巷20號1樓,20000000,1130424
8639,83136003,心悅營造有限公司,臺中市北屯區青島路四段234巷8號2樓,8000000,1130425
8644,83137122,森活家室內裝修設計股份有限公司,臺中市南屯區永春路15之7號,6000000,1130415
8646,83138585,荷康樂健康事業有限公司,臺中市西屯區惠來里市政北七路186號3樓之1,2000000,1130410
8659,83149915,繪馬重型機車有限公司,臺中市北屯區松安里崇德路二路一段186巷15號1樓,500000,1130402
8673,83158821,塞席爾商卓越國際股份有限公司,臺中市南屯區豐樂里豐偉路95號,0,1130422
8680,83162487,天暢國際貿易有限公司,臺中市西區台灣大道二段293號13樓,1000000,1130416
8693,83173978,義大利商3T亞太地區有限公司,臺中市西區福人街98號1樓,0,1130424
8705,83179516,珒屋不動產經紀有限公司,臺中市西屯區潮洋里龍門一街102號1樓,1000000,1130419
8706,83179874,沅曜國際企業有限公司,臺中市北屯區崇德十路一段375號2樓,500000,1130402
8707,83179993,斐閱投資股份有限公司,臺中市北屯區昌平三街53號5樓,15000000,1130418
8708,83180274,智邦綜合顧問有限公司,臺中市西屯區何厝東二街23號9樓之3,1000000,1130401
8709,83180577,漾鎂企業有限公司,臺中市西屯區何安里臺灣大道二段910號12樓之2,2000000,1130426
8710,83180990,家谷生活美學股份有限公司,臺中市西屯區環河路211號1樓,18000000,1130424
8711,83181013,長霖建研有限公司,臺中市西屯區何源里華美西街二段217號7樓之1,2500000,1130423
8717,83184829,好頭家創業股份有限公司,臺中市清水區五權東路17巷76號1樓,1000000,1130402
8718,83185067,超前部署國際股份有限公司,臺中市南屯區同心里文心路一段186號20樓,1000000,1130402
8719,83186241,銓霈科技股份有限公司,臺中市南區和平里忠明南路758號14樓,1000000,1130419
8720,83186426,智富科技有限公司,臺中市西屯區河南路二段262號3樓之10,3000000,1130403
8721,83186707,向揚股份有限公司,臺中市外埔區甲后路三段452號1樓,8000000,1130418
8728,83193664,立錡生技有限公司,臺中市西區臺灣大道二段186號24樓之2,660000,1130426
8735,83197177,喬良科技有限公司,臺中市北區立人里陜西路108號15樓之2,1000000,1130402
8748,83206491,時見國際有限公司,臺中市南屯區惠中里文心路一段412號1樓,2000000,1130429
8749,83206611,吉多多股份有限公司,臺中市南屯區文心南路99號,23000000,1130423
8750,83206838,日鼎投資股份有限公司,臺中市神岡區北庄里中山路1010巷1之3號,10000000,1130419
8780,83221752,众垚鑫有限公司,臺中市太平區新城里樹孝路55號,1000000,1130401
8783,83222387,宇唐室內裝修工程有限公司,臺中市北屯區陳平路26號3樓之1,1000000,1130402
8784,83223153,豬寶妹國際有限公司,臺中市沙鹿區鹿寮里福鹿街23號,2500000,1130403
8798,83229375,宇盛先進材料有限公司,臺中市大甲區義和里文曲路566巷6號1樓,2000000,1130410
8801,83232076,陽冠科技工程有限公司,臺中市大里區東興路國光路二段500號5樓之1,300000,1130408
8802,83232195,敦峰文教事業股份有限公司,臺中市大雅區春亭二街42巷13號,4450000,1130422
8804,83233440,玖奕廣告有限公司,臺中市烏日區五光路五堂巷30弄2號,1000000,1130426
8805,83233510,康新生醫有限公司,臺中市西區昇平里忠明南路303號4樓之1,500000,1130426
8872,83264175,賜蔚有限公司,臺中市梧棲區福德里忠孝街58巷28號1樓,1000000,1130415
8873,83264371,臺巨國際股份有限公司,臺中市太平區新城里樹孝路41巷5弄13號1樓,3000000,1130402
8874,83264885,宗泉投資股份有限公司,臺中市西屯區安里西安南巷5之1號1樓,25281440,1130423
8875,83265744,鑫邦生技股份有限公司,臺中市大里區慈善路83巷3號,11000000,1130422
8876,83265809,至倢企業有限公司,臺中市北區大湖里柳川西路四段32號2樓,3000000,1130408
8877,83265907,英諾華機械科技有限公司,臺中市后里區舊社路4之3號3樓,3000000,1130410
8883,83268926,易歆股份有限公司,臺中市西區公舘里樂群街387號2樓,20000000,1130410
8886,83270042,京倫紡織股份有限公司,臺中市龍井區中社七街110號1樓,4000000,1130415
8895,83275433,辰寶蘭投資有限公司,臺中市西屯區潮洋里市政北二路238號22樓之1,14991571,1130416
8896,83276073,鼎佑開發股份有限公司,臺中市清水區秀水里民享路260號1樓,15000000,1130402
8897,83276539,京浤餐飲有限公司,臺中市東區信義街85號1樓,3000000,1130424
8899,83277137,吉鴻達貿易有限公司,臺中市西屯區河南路一段168號1樓,2000000,1130402
8900,83277185,雋融有限公司,臺中市南屯區永順路688號2樓,1000000,1130419
8901,83277312,黑塵設計有限公司,臺中市南屯區文心路一段186號13樓之6,100000,1130425
8922,83292279,霖軒投資有限公司,臺中市大肚區仁德路66東一巷12弄49號2樓,47200000,1130408
8923,83292600,辰鑫生技有限公司,臺中市清水區五權南路175巷35號2樓,2000000,1130409
8924,83292806,仁龍國際有限公司,臺中市西屯區至善路163號地下一層之2,1500000,1130419
8925,83293489,鴻揚四海生醫有限公司,臺中市潭子區東寶里昌平路三段198號1樓,1000000,1130401
8932,83299272,優潔工程股份有限公司,臺中市清水區西寧里五權東路17巷76號1樓,1000000,1130402
8933,83299483,天明能源有限公司,臺中市西屯區市政路500號6樓之8,18000000,1130424
8934,83299836,晉明國際實業有限公司,臺中市西屯區朝富路213號29樓之2,6659000,1130401
8935,83300714,堡富資產管理有限公司,臺中市南屯區同心里南屯路二段290號8樓之7,5000000,1130425
8959,83362318,吉財股份有限公司,臺中市西區安龍里自治街155號9樓之4,116080000,1130411
8988,83385207,佳佑工程有限公司,臺中市西屯區惠來里市政北七路186號11樓之2,500000,1130408
8989,83386156,赫柚室內裝修有限公司,臺中市西屯區西安里青海路二段406號1樓,500000,1130415
8991,83387401,秉高有限公司,臺中市西屯區文心路三段309號1樓,500000,1130408
8992,83387900,大漁國際開發股份有限公司,臺中市南屯區向心里文心南二路1號,95500000,1130429
8993,83388605,天佑地產有限公司,臺中市南屯區豐樂里文心南五路一段656號1樓,1500000,1130423
9000,83395401,鼎旺企業有限公司,臺中市西屯區龍潭里聖王街80號,3000000,1130402
9001,83396598,錦政投資有限公司,臺中市神岡區三角里三和路56號,25000000,1130429
9002,83397148,捷丞管理顧問有限公司,臺中市西屯區市政北二路236號14樓之1,6000000,1130410
9003,83397674,智慧家電工程有限公司,臺中市西屯區何厝里何厝東二街23號9樓之3,2000000,1130424
9004,83398195,方臻盟股份有限公司,臺中市西屯區何南里大墩二十街99號5樓,500000,1130409
9005,83398218,利竑開發股份有限公司,臺中市南區福田一街156號10樓之5,500000,1130424
9006,83398569,麻雀巢行旅股份有限公司,臺中市中區中山路175巷15號,3000000,1130401
9007,83398771,大凡健康股份有限公司,臺中市西區忠明里美村路一段30號9樓之2,100600000,1130411
9016,83404838,丹麥商賦能風電系統股份有限公司,臺中市西屯區市政北二路282號21樓之9,4600000,1130425
9019,83405816,雅織清築貿易有限公司,臺中市大雅區三和里建興路163號3樓,3000000,1130415
9029,83416519,福德利開發股份有限公司,臺中市梧棲區頂寮里四維東路116號2樓之15,10000000,1130401
9030,83416709,台灣水資產有限公司,臺中市南區福順里平順街151號1樓,17000000,1130416
9031,83416932,漢欽投資股份有限公司,臺中市北屯區旱溪西路三段180號,29800000,1130410
9032,83417117,全富開發股份有限公司,臺中市西區忠明南路270號8樓之2,60000000,1130429
9033,83417209,元富土地開發股份有限公司,臺中市西區忠明南路270號8樓之2,200000000,1130426
9034,83418586,奕衍室內裝修設計有限公司,臺中市西屯區市政北二路282號24樓之1,500000,1130415
9035,83418880,沃森國際行銷管理顧問有限公司,臺中市東區泉源里樂業一路135巷49號1樓,100000,1130426
9036,83419874,新睦爾科技有限公司,臺中市東勢區中寧里公園路34號1樓,5000000,1130423
9039,83424406,生活片語數碼設計貿易有限公司,臺中市南區忠明南路787號17樓之2,6000000,1130419
9040,83425931,唯語投資股份有限公司,臺中市南區永興里德富路465巷7號1樓,1000000,1130419
9041,83425995,八號實業有限公司,臺中市北屯區太原路三段1349號12樓之5,200000,1130416
9042,83426045,川糧食品有限公司,臺中市神岡區山皮里光復路108號1樓,1000000,1130422
9053,83433290,富樂家地產有限公司,臺中市北區明新里中清路一段463之1號,200000,1130418
9066,83440200,荷光健康管理顧問有限公司,臺中市西屯區文心路二段201號17樓之1,3000000,1130401
9067,83441448,聚童樂國際顧問有限公司,臺中市南區樹義里福田二街357號,4000000,1130412
9068,83442586,翔堉科技股份有限公司,臺中市西屯區逢福里河南路二段262號3樓之11,6600000,1130424
9070,83442967,鼎佑科技工程有限公司,臺中市西區民龍里臺灣大道二段239號13樓,2000000,1130423
9087,83461773,懿銘實業股份有限公司,臺中市西屯區何南里大墩二十街118號5樓之1,3650000,1130416
9100,83477395,臺泰亞科技股份有限公司,臺中市中區綠川里民族路23號4樓之2,2000000,1130418
9101,83477584,恩恩金屬有限公司,臺中市沙鹿區六路里平等七街9號1樓,1000000,1130415
9122,83486628,群揚營造有限公司,臺中市石岡區豐勢路九房巷34之1號1樓,4600000,1130411
9123,83487443,遠泰金屬實業有限公司,臺中市太平區中興里永平路二段476巷175號,500000,1130410
9124,83487561,創可企業有限公司,臺中市大里區永隆一街128巷31弄7號1樓,1000000,1130426
9142,83500847,芝惠有限公司,臺中市西區臺灣大道二段186號24樓之3,6000000,1130426
9152,83508377,洋璊國際品牌戰略整合有限公司,臺中市南屯區南屯里五權西路二段666號6樓之4,2000000,1130412
9153,83511350,芳紜人力顧問有限公司,臺中市西屯區朝富路213號20樓之2,5000000,1130429
9165,83516398,海能開發二股份有限公司,臺中市西屯區潮洋里市政北二路282號13樓之5,200000,1130418
9166,83516448,海能開發股份有限公司,臺中市西屯區潮洋里市政北二路282號13樓之5,200000,1130419
9186,83528155,盈愉有限公司,臺中市南屯區大業里公益路二段61號3樓之3,6000000,1130402
9187,83528612,量子寺生物科技有限公司,臺中市太平區宜欣里宜昌東路5巷31弄16號1樓,100000,1130409
9188,83528628,鈞傑實業股份有限公司,臺中市西區大忠里忠明南路270號7樓之1,3750000,1130416
9199,83536649,大順興顧問事業有限公司,臺中市南屯區大業里大墩路924之2號,180000,1130422
9209,83543418,達隆精工科技有限公司,臺中市神岡區社南里中山路667巷26弄10號,600000,1130408
9220,83548645,軒喆國際有限公司,臺中市大里區東興里國光路二段702之11號,500000,1130425
9227,83552730,艾波蘿網站設計有限公司,臺中市北屯區大德里中清路二段362巷22號,12610000,1130408
9228,83553196,可騰科技股份有限公司,臺中市神岡區溪洲里溪洲路280巷5弄8號1樓,5000000,1130401
9229,83553549,遇里股份有限公司,臺中市南屯區大墩十二街260號2樓,10000000,1130417
9230,83554364,楓昊室內裝修有限公司,臺中市北區文心路四段200號8樓之8,500000,1130403
9238,83559207,簡單購有限公司,臺中市北區明德里漢口路三段84之7號1樓,2750000,1130401
9239,83559451,德乃富有限公司,臺中市北屯區和平里祥順路二段338巷17號2樓,200000,1130412
9240,83559902,亞維教育投資股份有限公司,臺中市北屯區景賢二路456號15樓之1,15000000,1130412
9241,83560366,銘德有限公司,臺中市烏日區太明路53巷6號,13000000,1130424
9249,83564341,聖旂有限公司,臺中市西區中興里中興街183號4樓之1,1000000,1130411
9250,83564588,鋮豐建設有限公司,臺中市清水區南社里中華路168號,30000000,1130415
9251,83564659,超頌國際有限公司,臺中市西區後龍里民權路302之3號5樓之7,5000000,1130402
9252,83564975,鈞迪興業有限公司,臺中市大里區祥興里祥興路583號11樓之2,3600000,1130409
9255,83571482,山本投資股份有限公司,臺中市大肚區沙田路二段132巷60號2樓,230000000,1130408
9256,83571808,王將企業有限公司,臺中市西區大忠里忠明南路270號7樓之1,1000000,1130417
9257,83572172,頂粵吉品股份有限公司,臺中市西屯區龍潭里市政南一路286號3樓,100000000,1130410
9265,83576748,大泓建設有限公司,臺中市北屯區后庄路491號1樓,500000,1130426
9266,83577633,允赫空間設計有限公司,臺中市太平區宜昌里環中東路四段61號,1500000,1130423
9267,83577850,樂邁股份有限公司,臺中市西屯區文心路三段22號1樓,180000000,1130403
9278,83585388,成叡股份有限公司,臺中市南區南和里工學北路115號17樓之5,22000000,1130418
9279,83586746,開棨國際股份有限公司,臺中市西區臺灣大道二段307號12樓之2,2000000,1130422
9280,83586909,淂恩楙股份有限公司,臺中市北區淡溝里民權路355之1號,10000000,1130422
9288,83590170,健康領域股份有限公司,臺中市西屯區福和里中工三路88號1樓,40000000,1130418
9289,83590713,天緻有限公司,臺中市西屯區市政北七路186號11樓之2,310000,1130401
9295,83595695,悅盈科技有限公司,臺中市南屯區春社里同安北巷14之6號1樓,3000000,1130401
9296,83595816,鑫富安居開發股份有限公司,臺中市后里區眉山里甲后路三段198號1樓,3000000,1130411
9297,83595885,威力榮業有限公司,臺中市豐原區西湳里豐北街228號1樓,2100000,1130412
9304,83599117,進化科技有限公司,臺中市西屯區福安路80號3樓之3,3000000,1130422
9305,83599616,維堉工程有限公司,臺中市梧棲區南簡里中華路二段467巷20弄67號1樓,1000000,1130410
9306,83599637,真石企業有限公司,臺中市南屯區三厝里向上路三段195號1樓,2000000,1130408
9307,83600141,台灣農創興業股份有限公司,臺中市霧峰區中正里四德路10號,100000000,1130408
9331,83623209,碩勤數位科技有限公司,臺中市南屯區文心路一段378號7樓之10,500000,1130415
9340,83634418,信富土地開發股份有限公司,臺中市西區忠明南路270號8樓之2,100000000,1130425
9357,83681072,良達開發有限公司,臺中市南屯區大墩六街195號5樓之4,200000,1130417
9366,83684660,肯拓廣告事業有限公司,臺中市北區華美街二段262號7樓之1,200000,1130408
9367,83684710,裕國資產管理股份有限公司,臺中市西區精誠十五街17號,40000000,1130410
9373,83690733,鑫川營造股份有限公司,臺中市西屯區經貿八路3號1樓,3600000,1130419
9374,83691347,愛自己均益股份有限公司,臺中市潭子區福仁里圓通南路159巷27之1號1樓,58000000,1130408
9375,83691352,台灣華報有限公司,臺中市東區樂成里東光園路562號1樓,100000,1130424
9404,83716229,欣玥國際有限公司,臺中市西屯區環中路三段988號,5000000,1130424
9405,83716451,明駿紙業有限公司,臺中市北區賴村里中清路一段372號2樓,80000,1130402
9406,83717162,眾誠健康事業股份有限公司,臺中市西屯區永安里西屯路三段162之63號,1000000,1130410
9407,83718394,昇豐國際有限公司,臺中市西屯區福瑞里福強街111號17樓之5,500000,1130415
9408,83719393,鎧宇國際股份有限公司,臺中市西屯區何厝東二街23號9樓之3,15040000,1130418
9434,83752625,中碩工業股份有限公司,臺中市西屯區福和里臺灣大道４段771號10樓,50000000,1130409
9435,83752934,現代事業有限公司,臺中市南屯區大業路578號,1000000,1130402
9437,83754270,加乘數位行銷有限公司,臺中市北屯區文心路四段875號3樓,1000000,1130410
9470,83771524,和盈國際有限公司,臺中市西屯區西墩里上安路199號21樓之2,1000000,1130408
9480,83783205,萬和世紀有限公司,臺中市大里區日新里中興路二段654巷34之3號,100000,1130411
9496,83787217,海格企業管理顧問股份有限公司,臺中市西屯區市政北七路186號5樓之2,500000,1130423
9500,83791227,十毅科技股份有限公司,臺中市大雅區橫山里永和路97之2號1樓,7500000,1130426
9519,84086699,富員企業有限公司,臺中市豐原區鐮村里鐮村路5巷10號,12000000,1130426
9548,84190671,茗和機械工業有限公司,臺中市太平區德隆里華安街100巷3弄12號,3000000,1130402
9563,84236114,常銘實業股份有限公司,臺中市潭子區豐興路二段龍興巷23之1號,100000000,1130425
9588,84310583,喬騏國際有限公司,臺中市沙鹿區自強路1002號1樓,200000,1130401
9593,84345865,原阜揚營造股份有限公司,臺中市南屯區同心里大墩一街200號1樓,101000000,1130430
9595,84348770,寶集實業有限公司,臺中市大甲區日南里東二街15號,28000000,1130418
9604,84382805,金輪起重有限公司,臺中市大里區西湖里大峰路350號,2000000,1130401
9615,84423263,傑蒙利有限公司,臺中市南屯區田心里大墩六街422號2樓,5000000,1130401
9620,84439125,任源企業股份有限公司,臺中市霧峰區吉峰里吉峰路67巷2弄13號1樓,12000000,1130426
9636,84489503,飛虎科技有限公司,臺中市西屯區潮洋里市政北二路238號30樓之5,8000000,1130401
9644,84521497,翔飛事業有限公司,臺中市北區明德里太原二街15號1樓,40000000,1130417
9654,84560224,裕珍馨食品股份有限公司,臺中市大甲區薰風里光明路67號,80000000,1130424
9655,84564827,偉祿工業股份有限公司,臺中市大肚區頂街里沙田路三段245巷81之2號,25000000,1130402
9667,84620335,凰吉實業股份有限公司,臺中市豐原區朴子街430號,1000000,1130418
9668,84621019,利鴻塑膠股份有限公司,臺中市大安區永安里東西三路128號,15000000,1130425
9673,84633205,天源機械股份有限公司,臺中市烏日區東園里溪南路一段506巷418弄125號,20000000,1130424
9682,84664430,向陽房食品股份有限公司,臺中市北屯區軍功里環中東路一段1503號,25000000,1130426
9683,84672451,寶利發能源事業有限公司,臺中市西屯區臺灣大道四段636號1樓,23900000,1130425
9701,84734560,易富捷企業股份有限公司,臺中市北區中清路一段79號12樓之1,5000000,1130422
9719,84794877,金益山文具企業股份有限公司,臺中市大里區仁福街126號,15775000,1130409
9724,84811448,侑盈空調工程股份有限公司,臺中市南屯區大聖街305號1樓,30000000,1130411
9726,84819574,精策環境工程有限公司,臺中市南屯區寶山五街119號1樓,52000000,1130419
9734,84846185,吉翔起重工程有限公司,臺中市龍井區忠和里龍昌路26巷200號,33350000,1130424
9735,84846376,成都營造有限公司,臺中市烏日區九德里長春街458號2樓,22500000,1130423
9740,84876883,三和水電工程有限公司,臺中市大甲區義和里義和二街232號,2000000,1130422
9742,84886989,慶字建設股份有限公司,臺中市北區賴福里進化北路392之2號5樓之2,42000000,1130423
9744,84888781,汎錏營造股份有限公司,臺中市西屯區西屯路二段256巷6號11樓之6,70000000,1130418
9755,84941625,上本工程有限公司,臺中市龍井區龍津里龍津街27巷18號1樓,500000,1130411
9759,84957294,總瑩建設股份有限公司,臺中市南屯區大墩路880號7樓,20000000,1130403
9764,84981631,奧德美企業有限公司,臺中市潭子區頭家里和平路129巷79號,15000000,1130411
9765,84988389,佶鑫模具股份有限公司,臺中市大雅區楓林街181巷2弄8號1樓,5000000,1130412
9770,85000092,今越有限公司,臺中市豐原區社皮里中正路695巷6號4樓之2,1500000,1130424
9771,85000240,瑋豐工業有限公司,臺中市龍井區竹坑里茄投路一段85巷31號,5000000,1130426
9772,85000500,淞盛工程有限公司,臺中市北區健行里民權路559號3樓之1,800000,1130419
9773,85000543,明治不動產管理顧問有限公司,臺中市西屯區福安里福順路137-1號8樓之5,1000000,1130419
9794,85015503,大鑫自動門有限公司,臺中市太平區中興里中興路128巷15之1號1樓,1000000,1130408
9800,85020415,好事貸有限公司,臺中市西區臺灣大道二段573號12樓,500000,1130419
9807,85025663,揚烇科技半導體股份有限公司,臺中市大雅區六寶里中清路四段861巷72號,20000000,1130409
9823,85038365,花花六六雜貨店有限公司,臺中市東區復興路四段186號9樓,6000000,1130403
9840,85049428,杰棣工程有限公司,臺中市太平區振福路300巷20號1樓,5800000,1130418
9841,85049829,程亦不動產有限公司,臺中市北區立人里北平路一段10號1樓,2000000,1130416
9843,85051303,豪辰投資股份有限公司,臺中市東區振興里和平街228巷17弄39號1樓,8000000,1130411
9846,85052886,日初文化有限公司,臺中市東勢區中山路3號,7500000,1130425
9847,85053013,優派特國際專利商標有限公司,臺中市大里區永隆里興大南街5號,200000,1130410
9848,85053392,錦正錩鋼鐵股份有限公司,臺中市后里區泉州路21之13號,16000000,1130402
9849,85053512,夢精靈數位有限公司,臺中市豐原區田心路一段52號3樓,100000,1130401
9850,85054408,偉承投資股份有限公司,臺中市南屯區溝墘里大業路241號3樓之1,28250000,1130411
9852,85055504,瀾電光能股份有限公司,臺中市北區臺灣大道二段360號5樓之1,300000,1130424
9859,85058349,懿山工程股份有限公司,臺中市西屯區何安里重慶路99號5樓之3,9400000,1130429
9860,85058869,品科技股份有限公司,臺中市太平區長億里永和街75號1樓,5000000,1130403
9861,85060020,傑生建築室內裝修設計有限公司,臺中市北屯區長生巷26之31號1樓,3500000,1130423
9862,85060160,誠邑築建設股份有限公司,臺中市西屯區市政北一路355號18樓,200000000,1130409
9935,85107496,光意空間室內裝修工程有限公司,臺中市烏日區仁德里興祥街41巷30號3樓,1100000,1130409
9936,85108002,恩魚有限公司,臺中市西區民龍里梅川西路二段30號10樓之9,6000000,1130423
9937,85108360,屋托邦裝潢設計有限公司,臺中市西屯區西平里西安街130巷10號5樓之37,100000,1130402
9938,85108848,柚喜股份有限公司,臺中市北屯區新平里經貿三路二段100號4樓,1000000,1130426
9942,85114736,長富興業有限公司,臺中市外埔區甲東路36巷16弄6號2樓,5000000,1130401
9947,85119578,東恆新創事業有限公司,臺中市中區成功路55號10樓之4,1000000,1130416
9976,85671063,德杰工程股份有限公司,臺中市西屯區重慶路99號5樓之3,60500000,1130419
9985,85897837,吉泰國際工程股份有限公司,臺中市南區長榮里愛國街47號5樓,22000000,1130412
10006,86084154,帝崴企業股份有限公司,臺中市梧棲區草湳里梧南路1之4號,50000000,1130403
10009,86095130,立吉營造有限公司,臺中市南屯區大誠里大墩二街81號,34000000,1130418
10018,86121741,中賓停車場股份有限公司,臺中市北區三民路三段167之1號地下二樓,180000000,1130418
10027,86186899,佳鑫模具股份有限公司,臺中市大里區仁化里工業九路142號,21350000,1130411
10031,86198255,樹億工程有限公司,臺中市沙鹿區錦華街15號1樓,13000000,1130411
10042,86257063,登越機械股份有限公司,臺中市潭子區大豐里大豐路3段186巷6弄26號,3000000,1130418
10060,86343589,先進文具工業股份有限公司,臺中市豐原區東勢里東勢街49號1樓,9000000,1130426
10080,86394572,雄安營造有限公司,臺中市西屯區大墩二十街116號2樓之2,3600000,1130401
10087,86414578,九寧股份有限公司,臺中市南屯區溝墘里大正街85號1樓,60000000,1130411
10090,86424793,金陵山企業股份有限公司,臺中市霧峰區峰谷路900號1樓,10000000,1130402
10125,86566265,金新工業股份有限公司,臺中市清水區東山里神清路9之23號,90220000,1130415
10128,86582455,高聰有限公司,臺中市太平區太平里永豐路253巷10號,3000000,1130409
10129,86587424,東洋合成股份有限公司,臺中市西區忠誠里臺灣大道二段512號,15000000,1130403
10132,86599913,世茂電子分色製版有限公司,臺中市大里區國中路472之1號,50000000,1130402
10140,86629064,久億營造有限公司,臺中市潭子區中山路二段351巷5號1樓,100000000,1130412
10142,86638113,雙鶴科技股份有限公司,臺中市太平區永平路二段123巷33號,5000000,1130422
10145,86660276,彰濱實業有限公司,臺中市南屯區春安里春安三街222號1樓,29000000,1130419
10147,86665032,福霖園藝有限公司,臺中市南屯區永春東六路361號1樓,10000000,1130401
10163,86757378,大雅電氣工程股份有限公司,臺中市大雅區上雅里雅環路二段64巷66弄1號,50000000,1130429
10166,86778660,福璨塑料有限公司,臺中市西區民生北路108號1樓,5000000,1130409
10167,86779176,世宏工業有限公司,臺中市霧峰區南勢里北岸路56之12號1樓,1000000,1130429
10171,86795056,昌隴實業有限公司,臺中市大里區西湖路185號1樓,5000000,1130403
10176,86803529,愛迪生機電技術顧問股份有限公司,臺中市南屯區保安三街70號1樓,5000000,1130402
10179,86818038,東錡加油站股份有限公司,臺中市東勢區東關路七段486號,10360000,1130409
10205,86935198,萬友安工程有限公司,臺中市西屯區何厝里四川路182號1樓,2000000,1130423
10216,86998279,暘陞工程有限公司,臺中市西屯區大隆路86巷16號1樓,10000000,1130411
10218,88691113,中順冷凍企業有限公司,臺中市龍井區龍社路25之3號1樓,29000000,1130419
10237,89118896,揚生科技有限公司,臺中市西區臺灣大道二段285號14樓之3,300000,1130418
10259,89126299,富原豐股份有限公司,臺中市太平區太平里新仁路一段206巷1號1樓,28000000,1130410
10260,89127522,丹趣淘國際旅行社有限公司,臺中市大雅區大雅里中清東路103號1樓,12000000,1130412
10261,89127558,股利有限公司,臺中市大里區仁德里四維街7巷3號1樓,300000,1130426
10262,89127754,宸邑工程有限公司,臺中市南屯區同心里大墩五街327號3樓,1000000,1130410
10263,89127781,元美系統傢俱有限公司,臺中市大雅區忠義里東大路二段1099巷17號1樓,100000,1130412
10274,89132335,山水森林事業股份有限公司,臺中市烏日區仁德里光德路295號1樓,4000000,1130418
10286,89134782,惡魔昀有限公司,臺中市中區民權路106號1樓、2樓之1、2樓之2,2000000,1130402
10293,89137325,凱富建設有限公司,臺中市外埔區鐵山里長生路58之6號1樓,13000000,1130424
10332,89151780,茂生環保科技有限公司,臺中市豐原區陽明里自強南街28巷11號,10200000,1130408
10350,89156498,摯誠健康事業股份有限公司,臺中市北屯區舊社里敦富路207號5樓之1,25000000,1130415
10358,89161041,大黃金好物有限公司,臺中市北屯區和祥五街129號,1000000,1130409
10359,89161582,鉅元國際物流有限公司,臺中市龍井區臺灣大道五段33號2樓,7500000,1130403
10367,89166616,藝隆國際有限公司,臺中市南屯區惠文路586號1樓,600000,1130408
10372,89170858,凱勝達有限公司,臺中市西屯區惠來里市政北七路186號11樓之2,1000000,1130408
10377,89172259,致宇國際股份有限公司,臺中市東區合作里自強街31巷24號1樓,7250000,1130425
10393,89179561,興聰安有限公司,臺中市龍井區新興路22巷2弄26號6樓之1,6000000,1130429
10411,89184240,三重宙體適能有限公司,臺中市北屯區河北路二段1之2號8樓之5,3000000,1130429
10412,89184311,時代農業國際有限公司,臺中市北區立人里陜西路108號15樓之2,200000,1130410
10413,89184620,禾諾科技有限公司,臺中市東區干城里公園東路130號2樓之1,2000000,1130411
10416,89187078,兆發數位股份有限公司,臺中市北區新北里太平路10之2號2樓,10200000,1130417
10417,89187302,富宇軒財經行銷股份有限公司,臺中市西屯區港尾里中清路三段87之20號1樓,500000,1130402
10418,89187703,陌聲行銷有限公司,臺中市西區民龍里英才路530號23樓之5,300000,1130403
10423,89189287,三個臭皮匠股份有限公司,臺中市大里區大元里國中一路25巷45號,29800000,1130422
10424,89189532,光萃有限公司,臺中市北區明德里西屯路一段439號1樓,1000000,1130424
10425,89190587,逢林科技有限公司,臺中市沙鹿區三鹿里向上路六段788號1樓,500000,1130412
10441,89195751,茶趣買起來有限公司,臺中市烏日區九德里長春街347巷6號,1000000,1130425
10445,89198862,紹業國際股份有限公司,臺中市北屯區平安里文心路四段752之11號,10200000,1130424
10446,89199047,泉宸有限公司,臺中市潭子區栗林里弘勇街91號1樓,1000000,1130416
10448,89199601,達叡有限公司,臺中市北區錦洲里瑞祥街96巷1號1樓,1500000,1130419
10449,89199807,鈞量股份有限公司,臺中市神岡區中山路789號1樓,10000000,1130425
10450,89203274,佳韋科技有限公司,臺中市南屯區楓樹里楓樹東街667號1樓,3000000,1130402
10490,89309558,通衍起重機械股份有限公司,臺中市南區積善里興大路396巷22號1樓,5000000,1130418
10493,89312809,鋐聲工業股份有限公司,臺中市神岡區豐洲里神洲路130巷23之3號1樓,5000000,1130401
10496,89316050,鐘淵實業股份有限公司,臺中市霧峰區本堂里林森路608號1樓,13500000,1130403
10498,89321265,鋊峰企業有限公司,臺中市東區東興里樂業路460巷49號1樓,2000000,1130402
10501,89325430,隆典工程有限公司,臺中市南屯區田心里惠德街98號1樓,3000000,1130408
10507,89340761,登園國際企業股份有限公司,臺中市南屯區大誠里東興路二段98號9樓,20000000,1130424
10508,89346548,鄰客有限公司,臺中市西屯區重慶路281號1樓,5000000,1130408
10512,89357663,源嘉豐海事股份有限公司,臺中市南屯區惠中里文心路一段324號11樓之2,10000000,1130422
10513,89358157,榮晉工業股份有限公司,臺中市大里區仁德里慈善路126號,71000000,1130401
10557,89504546,富立業工程顧問股份有限公司,臺中市西屯區福中二街16巷17號,20000000,1130426
10564,89531332,五協工程有限公司,臺中市南屯區大墩五街327號1樓,3000000,1130410
10565,89536765,慧毓攝影有限公司,臺中市西屯區逢甲里河南路二段327號4樓之5,500000,1130425
10572,89558205,咸禎股份有限公司,臺中市大雅區雅潭路四段370巷9號,29000000,1130423
10575,89567366,榮順興業有限公司,臺中市北屯區松茂里松明街152巷2號1樓,2000000,1130417
10599,89642061,福庫精密工業股份有限公司,臺中市太平區永平路三段132巷142號,28000000,1130426
10606,89675180,翔阡有限公司,臺中市沙鹿區鹿寮里光明街240號1樓,1000000,1130402
10607,89679904,昱德股份有限公司,臺中市西屯區永昌二街62號1樓,29000000,1130419
10618,89730846,互祐營造股份有限公司,臺中市沙鹿區福安街54號3樓,23000000,1130408
10627,89751813,加茂實業股份有限公司,臺中市北區漢口路四段304號2樓,2500000,1130415
10646,89807078,世奎實業有限公司,臺中市大肚區營埔里船頭六街73號1樓,5000000,1130423
10651,89835686,達慶通運股份有限公司,臺中市太平區福隆里光興路1493號1樓,27000000,1130410
10656,89846570,旗中工程有限公司,臺中市大里區西湖里西湖187巷98號1樓,5000000,1130425
10659,89856773,炬誠實業股份有限公司,臺中市豐原區南村里北陽二街32號,29000000,1130415
10661,89857843,東治實業股份有限公司,臺中市東區東英路627號,23360000,1130419
10662,89863704,欣長宏實業有限公司,臺中市烏日區學田路便行巷121弄8之5號1樓,5000000,1130415
10665,89871985,東昌冷氣空調有限公司,臺中市北屯區松勇里松竹路二段86巷79號1樓,10000000,1130402
10666,89874603,太原加油站股份有限公司,臺中市北屯區太原路3段388號1樓,12000000,1130423
10667,89882955,益展不銹鋼廚具有限公司,臺中市西屯區至善路82巷54號1樓,6000000,1130419
10670,89888780,崧安股份有限公司,臺中市南屯區工業區23路1號,29980000,1130403
10671,89891912,耀鈦營造有限公司,臺中市大甲區中山路一段947號10樓,3600000,1130424
10672,89893030,中盟工程有限公司,臺中市太平區新福里新福路52巷12號5樓,5000000,1130409
10677,89917032,郁增股份有限公司,臺中市大雅區六寶里清陽路146號,5000000,1130416
10678,89924548,誠泰地產管理有限公司,臺中市西區臺灣大道一段728號11樓,25000000,1130419
10691,89983715,祐琦工業有限公司,臺中市太平區太平里永豐路132巷6號,9000000,1130423
10692,89987590,普森精密主軸工業有限公司,臺中市東區十甲里一心街379號1樓,60000000,1130418
10693,89995233,冠領股份有限公司,臺中市大里區草堤路158巷21號,35000000,1130410
10694,89996697,耀鐽股份有限公司,臺中市豐原區東湳里國豐路二段456號,20000000,1130424
10704,90006595,鳥取商城有限公司,臺中市南屯區同心里文心路一段218號16樓之1,1300000,1130429
10713,90011669,蕙聚事業股份有限公司,臺中市西屯區成都路124號2樓,2000000,1130410
10723,90014687,天平發展有限公司,臺中市北區篤行路408巷9號1樓,6000000,1130425
10736,90020724,自由魚戶外貿易有限公司,臺中市烏日區北里里太明路成豐巷69之1號1樓,10000,1130401
10737,90021147,雅昌投資股份有限公司,臺中市南屯區文心南三路663號3樓,34593490,1130410
10738,90021218,群三有限公司,臺中市外埔區水美里二崁路500巷21號1樓,1000000,1130425
10739,90021300,程宇投資股份有限公司,臺中市西屯區惠來路一段20號1樓,115510270,1130410
10740,90021625,里勝國際有限公司,臺中市南屯區向上南路一段163號5樓之1,300000,1130415
10751,90030602,弘儀工程有限公司,臺中市北屯區四平路312號1樓,7500000,1130422
10752,90031314,格雷迪奧股份有限公司,臺中市南區積善里國光路250號,11250000,1130425
10766,90038267,均凱有限公司,臺中市東區振興里大勇街75之1號,100000,1130401
10821,90067712,萩山有限公司,臺中市西區忠明南路270號7樓之1,300000,1130410
10822,90068634,伯恩文教事業有限公司,臺中市北屯區平德里青島路三段15號8樓,1500000,1130418
10845,90079415,鑫鑽科技工程有限公司,臺中市南屯區同心里文心路一段186號6樓之8,1000000,1130412
10858,90086078,博聚開發有限公司,臺中市北屯區仁和里豐樂三街16號1樓,10000000,1130409
10859,90086513,品薌實業有限公司,臺中市西屯區大鵬里文心路三段241號21樓之7,2000000,1130424
10860,90087718,奧斯特能源股份有限公司,臺中市北區健行里忠明路200號7樓,1000000,1130402
10863,90090050,祥雲瑞彩有限公司,臺中市太平區廣三街40號5樓之1,500000,1130424
10864,90090235,木島設計有限公司,臺中市南屯區同心里大墩一街216號1樓,1000000,1130401
10865,90090657,九門有限公司,臺中市西區精誠路316號1樓,500000,1130415
10866,90090679,古板服飾有限公司,臺中市北區頂厝里進化北路238號10樓之3,1600000,1130415
10867,90090734,中穩建設開發營造股份有限公司,臺中市中區公園里光復路85號9樓之1,24000000,1130412
10868,90091059,合益利有限公司,臺中市太平區振福路501號1樓,100000,1130416
10870,90091728,勁立國際股份有限公司,臺中市東區東英路285號,5000000,1130408
10872,90092705,太和興企業有限公司,臺中市西區民龍里臺灣大道二段239號13樓,800000,1130425
10873,90092796,泰亨資產管理有限公司,臺中市東區十甲東路667號2樓,10000,1130429
10875,90093346,京星企業有限公司,臺中市西區利民里自由路一段89巷1、3號,300000,1130401
10876,90094231,騰崗晴岳股份有限公司,臺中市北區健行里忠明路424號20樓之1,100000,1130419
10885,90097336,頴呈工業有限公司,臺中市沙鹿區斗抵里沙田路六段355巷100號,1000000,1130402
10886,90098010,大樂國際股份有限公司,臺中市大肚區遊園路一段3巷1弄16號1樓,2415000,1130415
10918,90107192,巧智慧有限公司,臺中市大甲區朝陽里順天路244號1樓,500000,1130418
10919,90107263,齊碩投資股份有限公司,臺中市西屯區惠來路一段20號1樓,39220210,1130410
10940,90117895,光倍綠能科技股份有限公司,臺中市西區大隆路20號11樓之9,20000000,1130408
10946,90119535,懇定視覺有限公司,臺中市南區忠明南路787號21樓之1,26886,1130424
10947,90119922,禾研商貿有限公司,臺中市西屯區潮洋里市政北二路238號27樓之1,1000000,1130415
10962,90125852,凱傑環保金屬有限公司,臺中市大里區大里路455巷28號1樓,1000000,1130415
10966,90127232,有為文化數位股份有限公司,臺中市西區大墩十一街21號3樓之2,1000000,1130425
10967,90127922,城理顧問股份有限公司,臺中市北屯區平田里文心路四段955號10樓之6,10000000,1130426
10968,90128133,樂微生醫國際有限公司,臺中市西屯區何厝里何厝東二街23號9樓之3,1000000,1130408
10969,90128324,康原弘精密科技有限公司,臺中市豐原區豐原大道七段162巷92號1樓,1800000,1130402
10970,90128838,賦饌巴隆納股份有限公司,臺中市北屯區東光里北屯路298巷41號2樓,300000,1130402
10971,90129610,寶元智造股份有限公司,臺中市西屯區臺灣大道二段633號6樓之5、6樓之6,125400000,1130401
10973,90130736,欣螢企業有限公司,臺中市北屯區仁和里崇德八路一段166號14樓之3,5000000,1130418
10998,90141966,愛跨思創新教育有限公司,臺中市北區文莊里中清路一段25巷7號地下1層,100000,1130426
11000,90142959,允泰丞實業有限公司,臺中市神岡區神州里豐洲路1025巷30號1樓,300000,1130411
11014,90147899,達達創意設計工程有限公司,臺中市南屯區豐樂里文心南三路1109號,1000000,1130418
11015,90149236,兆發投資有限公司,臺中市北區新北里太平路10之2號3樓,20000000,1130417
11016,90149411,杰恩斯行銷有限公司,臺中市北屯區松勇里松竹路二段86巷68弄9號1樓,3000000,1130412
11028,90155911,維度壹參壹柒有限公司,臺中市潭子區人和路37巷9弄4號1樓,200000,1130403
11042,90164550,鍠達建設有限公司,臺中市南區福順里平順街108號1樓,40000000,1130426
11081,90186317,眾利租賃有限公司,臺中市西屯區環中路二段1126號1樓,500000,1130403
11095,90191536,如山文創有限公司,臺中市后里區雲頭路35號2樓,1000000,1130422
11097,90191677,禾富連通有限公司,臺中市北區頂厝里進化北路238號六樓之3,2000000,1130418
11098,90191775,億鑫興業有限公司,臺中市神岡區三角里崇德路60巷2之2號,300000,1130410
11102,90193295,優杰休閒股份有限公司,臺中市南屯區豐樂里豐偉路186號26樓之1,5000000,1130422
11113,90197882,宏觀國際控股有限公司,臺中市西區民龍里臺灣大道二段285號4樓之2,10000,1130416
11115,90198159,寰汰實業有限公司,臺中市北屯區昌平東五路13號2樓,100850000,1130429
11116,90198480,鑫源農業科技有限公司,臺中市東區泉源里樂業二路82之1號1樓,1000000,1130409
11117,90199002,廣進數位科技股份有限公司,臺中市南屯區惠文路536號6樓之1,50000000,1130416
11159,90223586,安智創新諮詢有限公司,臺中市南屯區惠中里文心路一段324號11樓之2,6000000,1130418
11163,90224760,鑫翰工程有限公司,臺中市北屯區陳平里陳平路9號,200000,1130423
11164,90225661,睿能光電股份有限公司,臺中市南屯區同心里文心路一段218號7樓之5,15500000,1130402
11165,90226872,川麗科技有限公司,臺中市烏日區三和里三榮路一段346號,1000000,1130417
11167,90227112,友沛水務股份有限公司,臺中市大雅區民生路三段313巷45號1樓,170000000,1130401
11168,90227295,益境生活有限公司,臺中市大里區大里里大里路443之5號1樓,500000,1130422
11169,90227366,萬陽能源科技股份有限公司,臺中市南屯區豐樂里文心南路288號14樓之2,20000000,1130416
11170,90227669,黑碩國際有限公司,臺中市西屯區甘肅路二段68號,1000000,1130424
11171,90227696,葳坊有限公司,臺中市豐原區三村里合作街160巷38之4號,3600000,1130412
11190,90236983,匯通國際企業股份有限公司,臺中市烏日區高鐵五路156號7樓之1,45000000,1130408
11191,90237012,天喻綠能股份有限公司,臺中市北區臺灣大道二段360號5樓之1,100000,1130423
11192,90237408,鼎乂開發有限公司,臺中市北屯區大連路一段1巷12號1樓,250000,1130426
11193,90237765,怡伶創意整合有限公司,臺中市烏日區九德里中華路177號1樓,2200000,1130422
11194,90237815,萊恩監控科技有限公司,臺中市北區賴村里中清路一段372號2樓,300000,1130401
11195,90239166,輔之系有限公司,臺中市烏日區中華路567號1樓,5000000,1130402
11196,90239258,恩紘不動產仲介有限公司,臺中市北屯區后庄里敦化路一段277號,1000000,1130415
11207,90245890,摸索餐飲股份有限公司,臺中市西區存中街31號,28000000,1130408
11238,90267021,種子綠能股份有限公司,臺中市北區忠明路424號20樓之1,1000000,1130402
11249,90275818,承森有限公司,臺中市北區五權路247號4樓之3,500000,1130411
11250,90275943,川源綠能開發有限公司,臺中市北區明新里太原北路164號1樓,1000000,1130418
11259,90281261,騰浩昇通運股份有限公司,臺中市梧棲區中正里中和街170巷11號1樓,25000000,1130429
11260,90281277,昇鉞貿易有限公司,臺中市西屯區大鵬里文心路三段241號21樓之7,600000,1130417
11261,90281451,佳研智聯股份有限公司,臺中市南屯區精科路2號,93000000,1130422
11263,90281918,鋐元國際有限公司,臺中市西屯區何源里華美西街二段311號2樓之1,1000000,1130408
11265,90282439,圖爾工業有限公司,臺中市大雅區民生路三段336號1樓,6500000,1130424
11266,90283319,恆廣科技有限公司,臺中市西區公益里公正路206號1樓,500000,1130426
11267,90283459,汝澤工程股份有限公司,臺中市西區大忠里忠明南路270號7樓之1,300000,1130402
11268,90283985,艾司應用材料有限公司,臺中市豐原區翁社里豐年路218巷22號1樓,300000,1130425
11277,90290487,鉅威地產股份有限公司,臺中市南屯區三義里大業路498號1樓,18000000,1130402
11278,90291107,以誠國際企業有限公司,臺中市西屯區西平里福星路373號1樓,1000000,1130401
11279,90291253,冠汰企業有限公司,臺中市西屯區大鵬里文心路三段241號12樓之5,2000000,1130426
11280,90291319,第一崇光國際開發股份有限公司,臺中市西區臺灣大道二段459號地下一層至14樓,1650000000,1130417
11287,90295856,豐盛富足教練股份有限公司,臺中市北區崇德里崇興路二段99號1樓,10000,1130411
11288,90295981,萌芽地產有限公司,臺中市北屯區仁和里松竹路三段577號,1000000,1130417
11289,90296031,新遞國際物流有限公司,臺中市西區大忠南街55號7樓之5,10000000,1130429
11323,90314214,智豐投資股份有限公司,臺中市西屯區福安里安和路188號14樓之3,26500000,1130402
11324,90314684,總理投資股份有限公司,臺中市西區五權一街65號1樓,30000000,1130401
11325,90314848,傲創萬能股份有限公司,臺中市北屯區文心路四段875號4樓,1000000,1130423
11326,90314994,朋陞管理顧問有限公司,臺中市北屯區僑孝街155號1樓,100000,1130412
11328,90315277,翔弘精密工業有限公司,臺中市太平區光興路556巷80號1樓,2000000,1130412
11329,90315614,天棟儲能股份有限公司,臺中市北區臺灣大道二段360號5樓之1,100000,1130423
11330,90315620,天惠儲能股份有限公司,臺中市北區臺灣大道二段360號5樓之1,100000,1130424
11338,90319132,祐羣不動產經紀有限公司,臺中市太平區新坪里育賢路185號,3500000,1130419
11339,90319421,瑋信通運有限公司,臺中市梧棲區大村里中華路一段979巷157號1樓,3000000,1130430
11340,90319689,展暘精密股份有限公司,臺中市潭子區中山路三段287巷12號,60000000,1130424
11395,90344667,香林科技有限公司,臺中市南屯區大同里大墩路188號4樓,11000000,1130408
11396,90345125,福蒼投資股份有限公司,臺中市后里區墩北里大圳路427號5樓,48400000,1130419
11397,90345624,巧思技術顧問有限公司,臺中市外埔區大東里甲后路五段102號,3000000,1130408
11414,90351815,成鑫太陽能投資顧問股份有限公司,臺中市太平區新吉里新英街2之5號1樓,10000000,1130429
11420,90353948,定輝資訊科技有限公司,臺中市西區大忠里忠明南路270號10樓之2,5000000,1130412
11421,90354714,逵海國際貿易有限公司,臺中市西區臺灣大道二段307號6樓之1,1000000,1130416
11422,90354931,城市滑雪有限公司,臺中市西屯區四川路87號地下一層之38,2000000,1130422
11433,90360618,華通有限公司,臺中市北屯區廍子里太安中街11號1樓,1000000,1130410
11434,90360716,啟乘土木包工業有限公司,臺中市梧棲區大庄里港埠路一段980巷15弄4號1樓,1000000,1130401
11435,90360862,鴻瑋有限公司,臺中市豐原區翁子里豐勢路一段379巷32號,7000000,1130429
11477,90378271,百川予海電商代理有限公司,臺中市南屯區春社里忠勇路19之56號1樓,100000,1130401
11487,90387882,一起宅股份有限公司,臺中市西區建國路49號6樓,4000000,1130408
11501,90399705,鎧裕建設股份有限公司,臺中市南區樹德里德富路128號2樓,30000000,1130417
11502,90399753,森兆承實業有限公司,臺中市西屯區惠來里市政路500號9樓之1,10000000,1130409
11503,90399830,旋佑股份有限公司,臺中市大里區瓦磘路18號10樓之2,5000000,1130411
11504,90399959,不穀科技開發股份有限公司,臺中市霧峰區民生路239之7號1樓,1500000,1130425
11505,90399986,城市數位科技有限公司,臺中市南屯區惠中里文心路一段306號10樓之5,500000,1130422
11520,90406656,錢坤國際有限公司,臺中市北屯區水湳里文心路三段447號22樓之2,100000,1130423
11522,90408839,起動生物科技有限公司,臺中市烏日區三和里三榮路一段486號6樓之1,25000000,1130402
11523,90409128,好事家居有限公司,臺中市太平區德隆里德隆路122巷53號,1000000,1130422
11525,90410309,成貞企業有限公司,臺中市北屯區文心路四段83號6樓之2,2000000,1130419
11549,90419744,騰越亞洲有限公司,臺中市南屯區同心里文心路一段218號23樓之1,1000000,1130424
11550,90419863,辛妤有限公司,臺中市豐原區中正路78巷1之3號1樓,550000,1130422
11573,90434739,金界國際有限公司,臺中市西區和龍里臺灣大道二段2號1樓,1000000,1130424
11574,90435028,順盈有限公司,臺中市西區公正里公益路367號9樓之2,30000,1130416
11595,90447777,金杰顧問有限公司,臺中市南屯區豐樂里永文心南七路28號1樓,500000,1130402
11596,90447832,鴻定科技有限公司,臺中市龍井區麗水里三港路田仔內巷4號之1,1000000,1130417
11597,90448059,齊佑有限公司,臺中市南區福興里五權南路167號地下1樓之6,2370000,1130402
11616,90455396,益彰股份有限公司,臺中市西屯區福和里臺灣大道四段927號2樓,300000000,1130422
11617,90455620,嘉聯醫藥生技有限公司,臺中市北屯區后庄北路203號1樓,2000000,1130417
11618,90455754,建玟有限公司,臺中市大里區環中東路六段760號1樓,50000,1130417
11626,90460898,栗栗寵物有限公司,臺中市太平區新吉里中山路三段2之5號1樓,500000,1130422
11677,90486519,尚永創鑫股份有限公司,臺中市梧棲區福德里中正路60巷98弄3號3樓,3400000,1130423
11678,90486834,頂尖智能家具有限公司,臺中市南屯區永定里益文二街90號1樓,5000000,1130412
11679,90488376,迅奧有限公司,臺中市西區向上路一段269號1樓,2000000,1130418
11687,90493687,宣奕國際股份有限公司,臺中市北屯區和平里和祥五街179號1樓,100000,1130429
11730,90519498,謙實資產股份有限公司,臺中市北區國泰街116號,2500000,1130418
11742,90526667,展悅環保股份有限公司,臺中市南屯區豐樂里黎明路一段836之1號3樓,1000000,1130411
11743,90527292,宏基模具有限公司,臺中市龍井區忠和里台西南路256巷30弄3之1號,2500000,1130416
11752,90534097,固佳建設股份有限公司,臺中市霧峰區四德里新埔路211巷3之18號1樓,22000000,1130425
11753,90534224,伊克雷斯生技有限公司,臺中市南屯區龍富路四段85號,500000,1130415
11754,90534548,艾奇爾生技股份有限公司,臺中市北區雙十路二段38巷4之4號1樓,500000,1130411
11755,90534603,承有明有限公司,臺中市大里區國光里大里二街109巷9號,1000000,1130409
11774,90548607,銘郁國際有限公司,臺中市豐原區圓環東路472號,3500000,1130412
11775,90548769,佐橋投資股份有限公司,臺中市西區臺灣大道二段459號17樓,250000000,1130412
11776,90549747,鉅正開發股份有限公司,臺中市西區民龍里臺灣大道二段239號13樓,50000000,1130412
11786,90557099,泓群國際開發有限公司,臺中市西屯區朝富路213號17樓之6,12000000,1130410
11787,90557133,無心藝術藝文有限公司,臺中市南屯區益豐路四段495號1樓,1000000,1130416
11788,90557823,美邦股份有限公司,臺中市西屯區何南里精誠路14號7樓之4,100000,1130418
11832,90581128,翊勝貴金屬有限公司,臺中市西屯區潮洋里市政北二路282號21樓之11,1500000,1130403
11833,90581957,永金建築經理事業股份有限公司,臺中市南區永興里文心南路922號1樓,5000000,1130426
11835,90583239,莫德國際有限公司,臺中市北區日盛街59號6樓之1,500000,1130410
11838,90586643,星宇公關媒體製作有限公司,臺中市西區民龍里臺灣大道二段295號4樓,300000,1130416
11839,90586708,喬米有限公司,臺中市太平區工業二十路77號,8000000,1130429
11846,90589748,產創開發股份有限公司,臺中市西區忠明南路270號8樓之2,500000,1130425
11849,90591408,漢承建材有限公司,臺中市太平區永成里長億六街126巷42號1樓,20000,1130415
11850,90591694,昱嘉興有限公司,臺中市大雅區民族街45號1樓,3000000,1130415
11851,90591815,翔鴻外牆有限公司,臺中市南屯區大業里大聖街414號2樓,1000000,1130423
11852,90592032,康來數位科技股份有限公司,臺中市西區忠明南路303號4樓之2,5000000,1130401
11853,90592080,開立呈有限公司,臺中市北區大德街221號,100000,1130417
11856,90594566,顏如玉休閒建設有限公司,臺中市后里區成功路267號,5000000,1130409
11857,90594658,朵蜜絲國際企業有限公司,臺中市西屯區福星路531號1樓,2000000,1130418
11865,90597629,晶彩傢俱有限公司,臺中市北屯區北屯路292之8號,800000,1130429
11866,90597803,強鎂鑫有限公司,臺中市大甲區水源路2之19號,100000,1130430
11867,90597867,莙臨天下有限公司,臺中市西屯區何安里臺灣大道二段910號11樓之5,100000,1130419
11868,90598134,富瑄科技有限公司,臺中市北區健行里忠明路200號7樓,2000000,1130410
11869,90598367,實心食品有限公司,臺中市南屯區永定里永春東路1348號,10500000,1130424
11870,90599387,順光碾米股份有限公司,臺中市霧峰區五福里五福路131號1樓,600000,1130401
11871,90599703,安理建設股份有限公司,臺中市西屯區協和里安和一街89號3樓,30000000,1130401
11872,90600434,全美建設有限公司,臺中市神岡區豐洲里神洲路230巷31號,10000000,1130423
11875,90601530,崴正營造股份有限公司,臺中市北屯區平安里崇德路二段130號12樓,80000000,1130419
11885,90605233,上花饌餐飲股份有限公司,臺中市南屯區惠文路536號,35000000,1130423
11886,90605888,長昇海事股份有限公司,臺中市神岡區圳堵里福成路84號2樓,20000000,1130410
11902,90613445,漢麟精密有限公司,臺中市大肚區營埔里船頭六街82號1樓,900000,1130424
11923,90624560,精銳國際實業有限公司,臺中市北區新北里錦南街29號2樓,35000000,1130424
11924,90625012,妍宇有限公司,臺中市北屯區水湳里文心路三段447號4樓,800000,1130418
11925,90625110,阿羅拉有限公司,臺中市北屯區崇德二路二段176號,6000000,1130410
11929,90626666,榮影系統整合有限公司,臺中市西屯區惠來里府會園道179號3樓,200000,1130418
11951,90642217,正鑄室內裝修有限公司,臺中市西區民生里自由路一段101號8樓之2,1500000,1130402
11952,90642666,禾本室內裝修設計工程有限公司,臺中市北區忠明路405號1樓,1600000,1130408
11960,90649859,禾立興地產開發股份有限公司,臺中市西區華美街348巷6號2樓,30000000,1130409
11961,90649963,惠貽生活風尚有限公司,臺中市北屯區三光里九龍街73號1樓,300000,1130417
11962,90650270,敦盛營造股份有限公司,臺中市西屯區何福里成都路139號1樓,3600000,1130403
11963,90650399,進順股份有限公司,臺中市北區文莊里英才路179號2樓,1000000,1130401
11964,90650449,白鴿建設股份有限公司,臺中市西區後龍里民權路213巷7號3樓之1,10000000,1130417
11981,90657132,榮凱實業有限公司,臺中市大肚區大肚里自治路45號1樓,1500000,1130402
11994,90666239,向艾有限公司,臺中市西屯區市政北七路186號11樓之2,2000000,1130415
11995,90666977,萬晟精密股份有限公司,臺中市潭子區栗林里中山路三段493巷23弄5號,8000000,1130418
11997,90669480,香港商米瑪有限公司,臺中市北屯區昌平路二段31巷51號1樓,1000000,1130401
12029,90686256,東霖機電有限公司,臺中市北屯區平順里柳陽西街93巷2號13樓,3000000,1130409
12030,90686349,盈順工程有限公司,臺中市沙鹿區公明里忠貞路192號1樓,1000000,1130410
12032,90686869,速遞企業有限公司,臺中市西區藍興里樂群街242號1樓,100000,1130423
12033,90686946,喆木室內裝修有限公司,臺中市西區朝陽街93號2樓,1000000,1130426
12034,90686994,傑興檢驗有限公司,臺中市清水區秀水里海濱路221之61號1樓,3000000,1130411
12035,90687184,志泰科技股份有限公司,臺中市霧峰區峰谷路155之8號1樓,2000000,1130410
12036,90688000,合甲乙有限公司,臺中市西屯區福林路162號,1000000,1130410
12037,90688037,新旅旅行社有限公司,臺中市中區臺灣大道一段268號5樓之8,8000000,1130409
12038,90688108,紫媚有限公司,臺中市東區十甲里東英十五街260巷1號6樓之1,10000,1130426
12047,90690934,茂源開發有限公司,臺中市太平區新興里太順路563號,10000000,1130424
12057,90696901,悅穆生技有限公司,臺中市太平區光隆里興隆路一段30號,2000000,1130402
12058,90696992,願景環球股份有限公司,臺中市西屯區市政路402號18樓之2,5300000,1130410
12088,90725672,上名工程有限公司,臺中市龍井區龍津里龍津街27巷16號1樓,500000,1130411
12089,90725743,浤綾工程有限公司,臺中市西屯區河南路二段327號4樓之5,1000000,1130416
12107,90750307,點立方股份有限公司,臺中市龍井區藝術南街48號1樓,3500000,1130408
12108,90753120,宏台建設股份有限公司,臺中市北屯區平安里文心路四段752之11號,2000000,1130418
12156,90796991,豪嘉國際有限公司,臺中市北區梅川西路四段228號,2000000,1130418
12168,90818067,心倞有限公司,臺中市東區泉源里振興路83號3樓,50000,1130415
12171,90819501,家富科技有限公司,臺中市南屯區惠中里文心路一段324號11樓之1,6000000,1130409
12172,90819690,宇聚建設股份有限公司,臺中市中區綠川里建國路200號3樓之2,17700000,1130409
12173,90821149,光有限公司,臺中市北區新北里一中街96號,1200000,1130409
12179,90824618,義秀開發股份有限公司,臺中市南屯區永春南路23號3樓,10000000,1130417
12199,90836656,粵星有限公司,臺中市南屯區文心路一段186號7樓之10,100000,1130411
12204,90838541,第一大國際開發股份有限公司,臺中市西區臺灣大道二段459號19樓,3000000000,1130417
12211,90840650,日亦明科技股份有限公司,臺中市北區忠明路424號3樓之4,1000000,1130410
12212,90840933,手機創業太簡單有限公司,臺中市龍井區東海里藝術街161號1樓,120000,1130410
12216,90842550,衡鈀創意影像有限公司,臺中市南屯區文心路一段186號5樓之5,2000000,1130423
12220,90843262,協仁企業股份有限公司,臺中市大里區樹王路314號,5000000,1130422
12249,90853824,葳格國際運動行銷有限公司,臺中市北屯區敦富路890號9樓之5,350000,1130422
12251,90854345,瑞璽地產開發有限公司,臺中市西屯區福星路122號3樓,1000000,1130416
12252,90855484,萊可小姐全方位美學中心股份有限公司,臺中市西屯區市政北二路282號30樓,68000000,1130425
12254,90857151,一順數位科技有限公司,臺中市南屯區東興路一段393號2樓,1000000,1130422
12257,90858948,里揚投資股份有限公司,臺中市北區賴福里太原路二段66號6樓,1010000,1130424
12261,90864483,凱璽工程顧問有限公司,臺中市北區太原四街17巷1號4樓,1000000,1130419
12262,90864961,強盛投資股份有限公司,臺中市北屯區太原路三段1403號6樓之7,5025000,1130422
12264,90865700,汎予管理顧問股份有限公司,臺中市西屯區市政路402號20樓之3,5080000,1130418
12265,90865764,臥龍智慧環境有限公司,臺中市大雅區科雅路6號,5000000,1130429
12292,90878070,三立方有限公司,臺中市南屯區文心路一段324號11樓之2,6000000,1130426
12329,90892404,南悅建設股份有限公司,臺中市西屯區文心路二段201號21樓之7,90000000,1130419
12335,90894825,豐配食品股份有限公司,臺中市西區精誠二十四街2號,28000000,1130424
12336,90895177,哇猴互動股份有限公司,臺中市西區臺灣大道二段239號13樓,500000,1130402
12337,90895227,臻和康建設開發股份有限公司,臺中市西屯區惠來里市政北一路1號5樓,60000000,1130409
12338,90895514,沅毅豐實業有限公司,臺中市烏日區烏日里公園路107號3樓之7,5000000,1130429
12339,90896128,毅軒國際有限公司,臺中市西區五權五街139巷18號,1000000,1130402
12364,91011012,緣城市有限公司,臺中市西屯區市政北二路236號27樓之1,1000000,1130410
12365,91011028,和倉企業有限公司,臺中市太平區永平路三段132巷103號1樓,300000,1130412
12366,91011478,尊鶴開發有限公司,臺中市大甲區順天路249號2樓,20925000,1130403
12391,91023663,呈美裝潢有限公司,臺中市南區福順里忠明南路789號38樓之2,300000,1130429
12392,91023798,沐暉工程有限公司,臺中市南區和平里忠明南路758號10樓,300000,1130429
12400,91026198,鋰想科技有限公司,臺中市霧峰區吉峰里峰堤路31號,10000000,1130423
12423,91042872,廣泰開發股份有限公司,臺中市東區東信里東英五街62號1樓,6000000,1130409
12424,91042887,皓凱工業科技有限公司,臺中市潭子區聚興里潭興路一段165巷306之2號,4000000,1130408
12425,91042922,芯鑰管理顧問有限公司,臺中市西區公益里忠明南路237號5樓之2,2000000,1130412
12426,91043035,台灣外泌體股份有限公司,臺中市大里區中興路二段438之12號,42300000,1130429
12427,91044196,熱創科技有限公司,臺中市西屯區西平里文華路138巷29號1樓,2000000,1130424
12429,91044597,新科生醫股份有限公司,臺中市西屯區潮洋里朝富路213號14樓之1,30000000,1130408
12431,91045012,鼎上美食投資有限公司,臺中市西屯區大墩路923之1、923之2號,1000000,1130424
12432,91045189,茂登建材有限公司,臺中市西屯區重慶路99號5樓之3,100000,1130422
12433,91045266,星光網路有限公司,臺中市西屯區何厝里何厝東二街23號9樓之3,300000,1130402
12434,91045322,僑之美運動股份有限公司,臺中市西屯區文心路二段598號11樓,14100000,1130408
12440,91048123,季節之詩生活購有限公司,臺中市西屯區市政北七路186號11樓之2,6100000,1130401
12441,91048209,億侑有限公司,臺中市東區東信里振興路437巷97號1樓,100000,1130412
12442,91048670,聯鴻工程有限公司,臺中市潭子區聚興里潭興路一段165巷322弄15之1號,1000000,1130408
12443,91049376,明堂餐飲有限公司,臺中市潭子區家福里頭張路二段63號10樓,1000000,1130415
12444,91050653,聖弘文創有限公司,臺中市北屯區平和里旅順路一段152號2樓,200000,1130423
12447,91056354,里懋投資股份有限公司,臺中市大里區中興路二段438之12號,15700000,1130422
12476,91072586,萬新國際有限公司,臺中市霧峰區本堂里成功路230號,8000000,1130412
12477,91072642,恆源金融科技有限公司,臺中市北區六合里原子街134號1樓,1000000,1130403
12501,91083303,天聯科技股份有限公司,臺中市西屯區市政北二路282號21樓之11,1000000,1130415
12519,91091789,新烏日町美食有限公司,臺中市龍井區新興路22巷2弄26號6樓之1,200000,1130429
12520,91093479,五五町企業有限公司,臺中市西區忠誠里臺灣大道二段489號31樓,300000,1130402
12521,91094441,法菈國際有限公司,臺中市沙鹿區天仁北街72號1樓,100000,1130419
12522,91094792,宸雋股份有限公司,臺中市南屯區永定里南屯路二段860巷30號1樓,500000,1130426
12523,91094929,便利多國際有限公司,臺中市沙鹿區天仁北街72號1樓,100000,1130424
12524,91095130,創頂工程有限公司,臺中市北屯區崇德路二段252號16樓,9000000,1130409
12525,91095321,薩帕國際有限公司,臺中市西區公德里忠明南路160號,1000000,1130412
12532,91099086,利寬海有限公司,臺中市南區福田一街156號10樓之5,500000,1130411
12536,91099797,寶磊地產有限公司,臺中市北屯區仁和里豐樂三街16號1樓,7000000,1130423
12537,91099993,秉誠智能科技股份有限公司,臺中市南屯區大墩十四街110號10樓,5000000,1130409
12551,91107683,福橋廣告有限公司,臺中市西區向上路一段36號6樓之3,1000000,1130409
12552,91109015,鎧騰國際車業有限公司,臺中市南屯區新生里五權西路二段1236號1樓,5500000,1130422
12562,91113340,祥和電機有限公司,臺中市西屯區永安里國安一路231巷3號10樓之2,2200000,1130418
12582,91124965,耶魯教育股份有限公司,臺中市北區淡溝里民權路417號9樓之1,12000000,1130424
12583,91125057,五角巷子有限公司,臺中市北區學士路236巷6號1樓,3000000,1130410
12584,91125296,新大產業開發股份有限公司,臺中市南屯區春社里永春南路82巷5號3樓,10000000,1130417
12587,92600993,荷馬物業室內裝修工程有限公司,臺中市北屯區平興里興安路二段142巷39號1樓,1000000,1130412
12589,92601114,廣達包裝有限公司,臺中市潭子區潭興路一段8之26號,3000000,1130426
12590,92601228,青暄室內裝修設計有限公司,臺中市太平區新高里立智街2號1樓,200000,1130422
12591,92601557,東旭裝潢有限公司,臺中市潭子區東寶里大德北路123巷9號1樓,50000,1130425
12592,92601584,享蒔設計有限公司,臺中市西區忠誠里精誠七街1號1樓,1000000,1130429
12594,92601727,動力鏈空間有限公司,臺中市南屯區大墩十四街311號1樓,5000000,1130422
12595,92601732,瑋恆科技有限公司,臺中市西區大忠里五權西路一段257號12樓之1,2500000,1130417
12596,92601851,知育有限公司,臺中市大里區愛心三街48號1樓,250000,1130416
12597,92601938,崙金地熱能源股份有限公司,臺中市大肚區沙田路一段320巷50號,100000000,1130426
12598,92602057,巧克扎普股份有限公司,臺中市南屯區向心里向心南路942號,1000000,1130408
12600,92603160,京醇國際有限公司,臺中市北屯區舊社里南興路1370號,1000000,1130424
12601,92603318,優盛地股份有限公司,臺中市西屯區福聯街15巷8號11樓之2,6330000,1130416
12602,92603507,來柒有限公司,臺中市南屯區大業路180號10樓之3,100000,1130416
12603,92603555,崴嵩直播電商有限公司,臺中市烏日區北里里太明路成豐巷14弄22號,2000000,1130412
12604,92603886,喚起生活科技有限公司,臺中市西屯區潮洋里市政北二路236號21樓之1,300000,1130410
12620,93368213,大大力實業有限公司,臺中市西屯區潮洋里市政北二路282號11樓之7,100000,1130419
12644,93377016,魅族有限公司,臺中市南區工學北路61號11樓之1,400000,1130410
12673,93486035,照安科技股份有限公司,臺中市北區青島路二段19號1樓,10000000,1130419
12674,93486128,福濟環保科技有限公司,臺中市南區仁和路292號11樓之2,500000,1130412
12722,93510020,揚鴻金屬有限公司,臺中市大里區東興里國光路二段500號5樓之6,4000000,1130424
12729,93513146,手指月亮咖啡有限公司,臺中市西區吉龍里五權西四街45號1樓,1000000,1130409
12730,93513265,恆信數位有限公司,臺中市西屯區河南路二段262號3樓之10,100000,1130423
12731,93513526,未來維度有限公司,臺中市北屯區水湳里文心路三段1027號7樓,1000000,1130422
12758,93522996,聚台金有限公司,臺中市西屯區何南里精誠路14號7樓之4,50000,1130419
12759,93523067,開赦投資股份有限公司,臺中市南屯區文心路一段324號11樓之2,7287240,1130401
12783,93530270,丞輝投資股份有限公司,臺中市西屯區惠來里市政北二路8號6樓之1,6000000,1130409
12784,93531828,瑋興有限公司,臺中市西屯區西平里福星路196號2樓,2280000,1130411
12813,93540501,禾盛國際投資有限公司,臺中市西屯區惠來里市政路386號9樓之7,2000000,1130402
12814,93541109,燿巧有限公司,臺中市西區民龍里臺灣大道二段186號24樓之2,100000,1130423
12815,93541500,玉鼎商貿股份有限公司,臺中市西區三民路一段93號2樓,110000000,1130410
12816,93541826,積德行開發有限公司,臺中市北屯區北京里進化北路63號4樓之1,1200000,1130403
12817,93541918,鑫東隆有限公司,臺中市西區公平里大業路38號地下層,2000000,1130423
12820,93543330,芮貿易有限公司,臺中市南區永興里工學一街191號1樓,500000,1130429
12821,93543818,初來旅行社有限公司,臺中市中區民權路102號11樓之1,6000000,1130418
12822,93544513,格拉瑪大有限公司,臺中市北區崇德路一段631號10樓之1,1000000,1130422
12823,93544669,永繫有限公司,臺中市西區中興里美村路一段172號,2000000,1130426
12824,93545077,昌哲實業有限公司,臺中市西屯區何厝里何厝東二街23號9樓之3,2000000,1130422
12854,93553245,揆峰建設股份有限公司,臺中市西屯區惠來里市政北二路8號6樓之1,25000000,1130424
12855,93553456,鹿程國際股份有限公司,臺中市烏日區三和里高鐵五路156號5樓之1,1000000,1130401
12856,93553527,謙群股份有限公司,臺中市南屯區三厝里河南路四段522號5樓之10,13500000,1130424
12857,93553651,銅樂概念股份有限公司,臺中市烏日區南里里溪南路三段503巷39號,1000000,1130425
12886,93562048,皇陞國際有限公司,臺中市西屯區福和里臺灣大道四段847號11樓,500000,1130422
12887,93562053,銓力有限公司,臺中市南屯區忠勇路80之25號,1000000,1130422
12888,93562271,冠合開發有限公司,臺中市西區臺灣大道二段239號13樓,1000000,1130411
12889,93562357,梧桐貿易有限公司,臺中市北屯區松竹三路33號5樓之3,2000000,1130415
12890,93562379,世宇國際環保有限公司,臺中市西屯區永安里國安一路231巷15號七樓之5,5000000,1130408
12891,93562440,沐峰有限公司,臺中市北屯區舊社里順興街220之3號1樓,500000,1130402
12892,93562482,僑陞有限公司,臺中市烏日區三和里三榮北路106號,30000,1130429
12893,93563166,三分球國際股份有限公司,臺中市西區大昌街222號3樓之12,1000000,1130410
12894,93563291,永源能科股份有限公司,臺中市烏日區高鐵五路156號8樓之1,10300000,1130402
12895,93563406,愷偉投資有限公司,臺中市東區新庄里互助街25巷2號1樓,20808000,1130412
12896,93563715,宇勝化學有限公司,臺中市南區樹義里樹義路268號14樓之1,4000000,1130416
12908,93568818,睿弘工業股份有限公司,臺中市北區立人里華美街二段262號7樓之1,1010000,1130429
12909,93568845,唐碩藝術有限公司,臺中市外埔區甲東路33巷8之5號1樓,1500000,1130423
12910,93568943,乙呈貿易有限公司,臺中市西屯區河南路一段132號1樓,90000,1130412
12911,93569197,櫻家小築有限公司,臺中市南區樹德里復興北路769號4樓之3,500000,1130410
12912,93569204,昱誠不動產租售股份有限公司,臺中市北區進化北路238號6樓之3,120000,1130429
12913,93569231,美利贏實業有限公司,臺中市西屯區環中路三段63號10樓之6,2000000,1130415
12914,93569289,萬漉有限公司,臺中市西區臺灣大道二段573號9樓,1000000,1130412
12933,93576330,全向生醫有限公司,臺中市北屯區廍子里祥順東路二段18號4樓,2000000,1130409
12934,93576388,黑方塊有限公司,臺中市北屯區舊社里南興路868號14樓之6,300000,1130412
12935,93577106,紐約環境科技有限公司,臺中市南區復興路三段451號,1500000,1130419
12936,93577112,金順利建設股份有限公司,臺中市南屯區田心里大墩七街329號1樓,34000000,1130408
12937,93577400,宇澄生技有限公司,臺中市西屯區何安里臺灣大道二段910號11樓之5,10000000,1130411
12938,93577422,澄允有限公司,臺中市北區忠明路502之7號7樓之4,2000000,1130415
12944,93579913,宬釿工程有限公司,臺中市大甲區岷山里中山路一段898巷42之1號1樓,1000000,1130415
12949,93584269,萬臨國際股份有限公司,臺中市烏日區三和里三榮路一段486號3樓之2,20000000,1130422
12953,93586436,櫻雄營造股份有限公司,臺中市西區民龍里臺灣大道二段239號4樓,120000000,1130411
12954,93587012,鈗勝國際有限公司,臺中市西區公民里自立街79號3樓,1200000,1130410
12956,93587532,丹泰實業股份有限公司,臺中市西屯區何厝里四川路87號地下一層之21,12001000,1130412
12977,93594338,御城股份有限公司,臺中市南區福興里五權南路167號地下一樓之6,4500000,1130412
13000,93606828,昶睿滕企業有限公司,臺中市東區振興里台中路131號7樓,50000,1130402
13001,93607024,威配有限公司,臺中市西屯區何安里青海路二段54號1樓,1000000,1130418
13002,93607072,狄泰有限公司,臺中市西屯區河南路二段262號3樓之11,1000000,1130415
13003,93607093,有鴻利餐飲管理顧問股份有限公司,臺中市大里區德芳路二段172號2樓,4500000,1130418
13004,93607447,想加有限公司,臺中市大肚區船頭二街86巷2弄20號1樓,200000,1130409
13019,93611006,東昇興業有限公司,臺中市北屯區和平里東山路一段367之23號6樓,1000000,1130401
13056,93623452,立羽驅股份有限公司,臺中市北區健行里忠明路424號20樓之1,1000000,1130422
13058,93624229,有料娛樂行銷有限公司,臺中市大雅區大雅里中清路三段1132巷12號13樓之5,500000,1130416
13074,93629131,千永工程有限公司,臺中市西區五權路2之3號10樓,3000000,1130412
13098,93641607,台灣柏格新能源有限公司,臺中市梧棲區築港路100號3樓,5000000,1130410
13105,93646645,森洋投資股份有限公司,臺中市豐原區社皮里成功路375號2樓,20000000,1130402
13106,93647150,你的創意有限公司,臺中市西屯區惠來里市政北七路186號12樓之9,100000,1130409
13107,93647200,繁合股份有限公司,臺中市北區頂厝里太原路二段265號1樓,1200000,1130401
13130,93656973,美峰營造股份有限公司,臺中市南屯區南屯路二段408號11樓之9,22500000,1130425
13131,93657071,明深地產管理顧問有限公司,臺中市大里區中新里中興路二段152號1樓,100000,1130401
13132,93657234,拾一智慧健康事業股份有限公司,臺中市西區忠明南路16號7樓之1,5000000,1130416
13133,93657591,言志投資有限公司,臺中市沙鹿區日新街68號1樓,26600000,1130410
13134,93658705,亞鑫科技有限公司,臺中市南屯區新生里龍德路一段103號1樓,2000000,1130402
13135,93659269,富典科技有限公司,臺中市大里區東興里國光路二段704之5號,1000000,1130416
13136,93659330,麵伍人有限公司,臺中市西屯區文華路168號,1000000,1130418
13137,93659583,金寓開發建設有限公司,臺中市大里區東興里國光路二段704之5號,1000000,1130416
13138,93659774,拓宇物流股份有限公司,臺中市梧棲區頂寮里八德路22巷15號4樓,10000000,1130412
13139,93660998,熙丞曜陞有限公司,臺中市南屯區永定里黎明路二段71巷30號5樓,6000000,1130419
13140,93661498,居鑑驗屋有限公司,臺中市西屯區潮洋里市政北二路282號24樓之1,2000000,1130401
13141,93661504,奕索科技股份有限公司,臺中市西屯區惠來里文心路二段201號20樓之8,1058820,1130410
13142,93661547,佳輝衡器有限公司,臺中市大肚區永順里文昌路二段702巷28號1樓,4000000,1130415
13158,93673419,昇運有限公司,臺中市南屯區大業路241號3樓之1,300000,1130408
13172,93682613,攻頂電競股份有限公司,臺中市北區賴明里山西路二段94號6樓之1,2000000,1130412
13173,93682711,創宇營造股份有限公司,臺中市北屯區崇德路二段130號3樓,22500000,1130424
13174,93682732,柔郡生技批發有限公司,臺中市大里區東明路570號1樓,800000,1130424
13175,93683155,湛藍海岸開發有限公司,臺中市北屯區景賢路58號8樓之5,100000,1130424
13176,93683303,宇禾不動產有限公司,臺中市北屯區後庄里中清路二段868號,1000000,1130425
13177,93683514,耘新工程有限公司,臺中市北屯區同榮里新興路9之21號1樓,200000,1130402
13178,93683795,臻金有限公司,臺中市神岡區社南里昌平路五段71號1樓,200000,1130401
13179,93683991,家震科技有限公司,臺中市大雅區上雅里學府路479號,400000,1130418
13193,93699635,力億營造股份有限公司,臺中市清水區武鹿里平等路151巷12號1樓,8000000,1130409
13194,93699706,魚丸老爹有限公司,臺中市大雅區六寶里光復路3之6號,200000,1130408
13195,93699754,澤天健康事業股份有限公司,臺中市西屯區何成里文心路二段562之1號3樓之1,2000000,1130402
13196,93700204,常鴻光電股份有限公司,臺中市大肚區新興里沙田路二段102巷21弄18號,2000000,1130402
13197,93700252,臻鼎行銷國際有限公司,臺中市南屯區文心路一段378號7樓之10,50000,1130417
13198,93701105,南利亨珠寶有限公司,臺中市西屯區大鵬路43巷31號1樓,3000000,1130422
13199,93701421,友夢生醫股份有限公司,臺中市西屯區臺灣大道二段910號9樓之3,6000000,1130417
13217,93727490,不只管理顧問有限公司,臺中市北屯區柳陽東街83號,60000,1130426
13218,93727962,日日瀅生醫有限公司,臺中市西區臺灣大道二段2號3樓之6,2000000,1130423
13219,93728630,全都富投資股份有限公司,臺中市西區忠明南路270號8樓之2,20000000,1130429
13220,93729048,七七七科技有限公司,臺中市西區民龍里臺灣大道二段375號12樓之1,10000000,1130422
13221,93729188,安柏精品工藝有限公司,臺中市西屯區市政路500號28樓之6,7000000,1130429
13222,93729434,威爾康生醫有限公司,臺中市西屯區何南里大隆路102號,1000000,1130408
13223,93730349,晨鴻營造股份有限公司,臺中市北區賴村里中清路一段372號2樓,12000000,1130418
13224,93730988,崹岩聚有限公司,臺中市大雅區橫山里中和一路79號1樓,1100000,1130429
13225,93731157,海龜生活科技股份有限公司,臺中市北區中清路一段372號10樓,600000,1130423
13264,93767555,泓澄國際股份有限公司,臺中市太平區新坪里育英街73號1樓,1000000,1130410
13265,93768225,圓沐有限公司,臺中市大雅區大林路212巷21弄30號,2000000,1130412
13266,93768554,律建生活科技股份有限公司,臺中市南屯區文心路一段306號地下一層之4,5000000,1130412
13267,93768689,興瀅有限公司,臺中市南屯區南屯里五權西路二段666號6樓之4,60000,1130408
13268,93768772,飛亨有限公司,臺中市南屯區新富路132號4樓,2000000,1130412
13269,93769189,田木禾子股份有限公司,臺中市西區臺灣大道二段186號24樓之2,1000000,1130424
13270,93769202,知凡研物股份有限公司,臺中市西區臺灣大道二段186號24樓之2,1000000,1130424
13271,93769316,勁大國際實業有限公司,臺中市西屯區朝富路213號29樓之6,2000000,1130408
13272,93769483,糖昕創意股份有限公司,臺中市清水區槺榔里港都五路25號10樓之3,100000,1130412
13276,93771523,尹室內裝修設計工程有限公司,臺中市西區民生里自由路一段101號10樓之1,100000,1130410
13278,93771761,雅典娜新媒體科技股份有限公司,臺中市西屯區華美西街二段311號2樓之3,2714290,1130403
13279,93772038,優加美皮件有限公司,臺中市外埔區鐵山里長生路1128號1樓,2000000,1130416
13286,93775302,穆金貴有限公司,臺中市北屯區東山路一段338之17號,5000000,1130412
13287,93775675,成居營造股份有限公司,臺中市西區民龍里公益路155巷9號7樓之2,9000000,1130429
13288,93775865,新通貿易有限公司,臺中市中區臺灣大道一段268號5樓之8,1000000,1130417
13302,93780558,中聿營造股份有限公司,臺中市南區學府路170號4樓之22,22500000,1130425
13335,93792479,艾爾瑞特藝術有限公司,臺中市西區民龍里公益路46號,1000000,1130411
13336,93792604,撰曄建築數位影像有限公司,臺中市北屯區平昌里文心路四段936號3樓之2,100000,1130425
13337,93792695,法興商用不動產有限公司,臺中市南屯區文心路一段378號7樓之10,100000,1130424
13338,93792718,品穎開發顧問有限公司,臺中市太平區東方街6號1樓,100000,1130409
13339,93792914,耀慶室內裝潢有限公司,臺中市北區忠明路424號5樓之1,50000,1130402
13340,93793195,茶愛雲有限公司,臺中市中區臺灣大道一段79號3樓,500000,1130429
13341,93793955,祥丞不動產開發有限公司,臺中市西區藍興里公舘路117號1樓,3000000,1130423
13383,94008758,遵漋程國際菸酒有限公司,臺中市南屯區三義里文心一路387號1樓,1500000,1130423
13384,94009010,微導科技有限公司,臺中市北區健行里忠明路424號5樓之1,1100000,1130403
13385,94009243,天炬科技有限公司,臺中市北區漢口南一街25號1樓,2000000,1130422
13387,94009742,麒鈺團購有限公司,臺中市南屯區南屯里五權西路二段666號6樓之4,50000,1130403
13388,94009932,陳家幫工程有限公司,臺中市南屯區文心路一段378號7樓之10,100000,1130410
13414,94019559,貳樓美甲美睫有限公司,臺中市西區公舘里三民西路227號一樓、二樓,50000,1130402
13415,94019973,新世代美學有限公司,臺中市西屯區逢甲里西屯路二段248之6號,5000000,1130419
13416,94020161,優仁地股份有限公司,臺中市西屯區福聯街15巷8號11樓之2,10940000,1130418
13417,94020177,先知易理生醫科技有限公司,臺中市北區立人里陜西路104號,50000,1130424
13418,94020388,潞鼎建設股份有限公司,臺中市北屯區平安里崇德路二段130號15樓,5000000,1130415
13437,94031218,布達佩斯影像有限公司,臺中市大里區東昇里新仁路二段100號8樓之1,400000,1130422
13445,94035468,曜旭機電有限公司,臺中市中區綠川里民族路23號4樓之2,1000000,1130411
13446,94035559,佳氫能源股份有限公司,臺中市中區民族路221號2樓,20000000,1130417
13447,94035642,沛旭生科股份有限公司,臺中市西屯區重慶路289之7號,6000000,1130403
13448,94035734,人多實業有限公司,臺中市西屯區逢甲里西屯路二段256巷6號2樓之6,1000000,1130409
13450,94037091,耀裕畜產股份有限公司,臺中市大肚區營埔一街2號,50000000,1130416
13451,94037108,旭金泰有限公司,臺中市神岡區神岡里中山路1556號1樓,1500000,1130424
13465,94045661,其木企業有限公司,臺中市龍井區竹坑里中華路一段72號,1000000,1130418
13478,94051369,宏佳寶國際資訊有限公司,臺中市北屯區平安里崇德路二段128號11樓之2,5000000,1130422
13479,94051754,希利克鳥有限公司,臺中市潭子區東寶里雅豐街110巷42號2樓,2000000,1130408
13480,94051972,葳霖廣告股份有限公司,臺中市西屯區惠來里惠中路一段88號19樓之2,6000000,1130418
13499,94061704,立海企業有限公司,臺中市神岡區溪洲里民權路36之2號,400000,1130411
13500,94061893,茶米有限公司,臺中市西區民龍里臺灣大道二段239號13樓,1000000,1130403
13501,94062627,樂喵寵物事業股份有限公司,臺中市中區綠川里民族路23號3樓之1,9580000,1130415
13502,94063040,富立方有限公司,臺中市北屯區文心路四段955號23樓之2,1000000,1130424
13504,94063745,星御能源股份有限公司,臺中市北區臺灣大道二段360號5樓之1,29000000,1130424
13533,94081716,桓立營造有限公司,臺中市龍井區新東里新興路55巷5之2號1樓,3600000,1130418
13534,94081722,喬良文化有限公司,臺中市北區中清路一段150巷10弄10號3樓,300000,1130422
13535,94081758,嘉赫創意股份有限公司,臺中市北屯區安順東三街29之5號,500000,1130401
13536,94082089,龍韜制冷設備有限公司,臺中市西區民龍里臺灣大道二段239號13樓,1000000,1130423
13537,94082095,永續富聿投資控股股份有限公司,臺中市西區民龍里永達街42號1樓,9000000,1130415
13538,94082665,喜酌股份有限公司,臺中市南區城隍里民意街68號,3500000,1130416
13545,94086661,貿隆工程有限公司,臺中市北區錦洲里瑞祥街30巷5之4號,1000000,1130409
13569,94097549,保淨貿易有限公司,臺中市西區臺灣大道二段2號4樓之1,6000000,1130416
13603,94110888,川目國際有限公司,臺中市西區五權一街63之2號,168000,1130410
13604,94111471,藍勾勾有限公司,臺中市北區健行里民權路559號4樓之2,200000,1130408
13605,94112416,安輇環保有限公司,臺中市南屯區田心里大墩四街321號地下1層,5000000,1130424
13607,94113055,熊本嚴選有限公司,臺中市北區頂厝里進化北路238號10樓之3,300000,1130409
13627,94118761,珀瑚工程顧問有限公司,臺中市霧峰區吉峰里錦州路401巷24號1樓,1100000,1130419
13628,94119023,聖耘科技股份有限公司,臺中市后里區后里里新興街66巷10號1樓,5000000,1130418
13629,94119213,雲仙有限公司,臺中市南屯區向心里南屯路二段203號6樓,500000,1130426
13631,94119678,匯洪股份有限公司,臺中市北屯區平和里文心路四段283號12樓之2,5000000,1130412
13632,94120008,立晴工程有限公司,臺中市北屯區崇德六路一段30巷25號6樓,150000,1130423
13633,94120128,貳貳玖捌租賃有限公司,臺中市西屯區惠來里市政路500號29樓之6,15000000,1130409
13657,94132927,冠銓營造股份有限公司,臺中市大里區內新里新光路132號2樓,73000000,1130409
13658,94133334,加承企業有限公司,臺中市北區頂厝里崇德路一段577之19號1樓,800000,1130408
13659,94133361,財神爺金融科技股份有限公司,臺中市西區三民路一段149號12樓之2,1000000,1130411
13660,94133432,彥儒投資有限公司,臺中市大里區新里里愛心路7號1樓,2500000,1130410
13661,94133860,數易文化國際有限公司,臺中市西屯區市政北一路77號15樓之7,500000,1130419
13662,94134328,錦聖國際有限公司,臺中市中區三民路二段46號8樓之1,1800000,1130429
13663,94134538,星舟國際股份有限公司,臺中市西屯區逢甲路301巷22弄24號1樓,700000,1130409
13664,94134586,金家科技股份有限公司,臺中市南屯區龍富路四段51號,5000000,1130402
13684,94139999,金輝達有限公司,臺中市西區安龍里五權路2之3號10樓,300000,1130409
13685,94140026,涵香堂食品有限公司,臺中市北區水源街66之1號,100000,1130401
13686,94140095,達比企業有限公司,臺中市西區民生里自由路一段101號8樓之2,1000000,1130423
13687,94140671,天稼投資股份有限公司,臺中市西屯區何源里合江街50號7樓之8,28000000,1130424
13688,94140807,星曜洋有限公司,臺中市東區東信里振興路437巷20號3樓,1000000,1130418
13696,94143993,美約國際有限公司,臺中市北區文莊里中清路一段89號7樓之6,2000000,1130419
13698,94145351,善贏國際商業有限公司,臺中市中區臺灣大道一段22號,200000,1130403
13740,94164167,欣翰餐飲有限公司,臺中市北區忠明路339號,200000,1130415
13741,94164173,辰心管理顧問有限公司,臺中市南區長榮里復興路三段314號9樓,120000,1130424
13742,94164602,宇宸商貿有限公司,臺中市南屯區新生里龍富路四段39號2樓之1,200000,1130409
13785,94183621,三富直播電商股份有限公司,臺中市西屯區何成里大容東街90號7樓之2,6000000,1130415
13786,94183925,台灣奧西尼股份有限公司,臺中市西屯區環中路二段30號1樓,90000000,1130418
13787,94184311,富星水電有限公司,臺中市北屯區平安里文心路四段752之3號,200000,1130403
13788,94184327,鴻和通商有限公司,臺中市南屯區同心里文心路一段218號23樓之1,100000,1130429
13810,94195008,星展國際理財顧問有限公司,臺中市大里區東榮路179號,600000,1130409
13826,94200966,和鑽國際有限公司,臺中市南屯區同心里文心路一段186號18樓之9,5000000,1130429
13827,94201590,開源實業有限公司,臺中市西屯區逢福里河南路二段262號3樓之11,300000,1130415
13828,94201655,三春食學顧問有限公司,臺中市西區和龍里臺灣大道二段16號19樓之2,350000,1130403
13829,94202768,星霞國際企業股份有限公司,臺中市西屯區協和里工業區三十二路60號,5000000,1130416
13830,94202839,弋兆網路科技有限公司,臺中市西區臺灣大道二段239號13樓,100000,1130424
13831,94203393,德誠國際有限公司,臺中市烏日區三和里三榮一路22號1樓,28187600,1130425
13832,94203470,長承貿易有限公司,臺中市西屯區大容東街88號12樓之6,1000000,1130418
13838,94207052,台灣富士皇股份有限公司,臺中市大雅區雅楓里民生路三段36北巷32號3樓之1,26600000,1130419
13839,94207200,金饌國際人力開發有限公司,臺中市太平區德隆里德隆路238巷27號1樓,5000000,1130412
13840,94207270,茂盛車業有限公司,臺中市南區樹德里大慶街二段49之19號,2000000,1130416
13843,94208778,鴻瀚地產有限公司,臺中市南屯區黎明路二段304號1樓,500000,1130422
13844,94208910,星宇光電照明科技有限公司,臺中市南區崇倫里建國南路一段219號1樓,3000000,1130425
13875,94220724,二馬車業有限公司,臺中市北屯區環中東路三段25號,1000000,1130424
13876,94222119,日晉娛樂有限公司,臺中市北區頂厝里進化北路238號10樓之3,100000,1130402
13877,94222791,枘沐室內裝修設計有限公司,臺中市清水區中華路168號,2000000,1130416
13886,94227310,云文投資有限公司,臺中市東區富榮街36號1樓,11825000,1130401
13887,94227775,鴻鼎旅行用品有限公司,臺中市西區民龍里英才路530號9樓之3,3000000,1130424
13888,94228275,衞倫斯有限公司,臺中市西屯區河南路二段327號4樓之5,6000000,1130423
13889,94228520,錦象科股份有限公司,臺中市南區學府路168巷7號11樓之12,730000,1130412
13890,94228774,岱潀有限公司,臺中市南屯區惠中里文心路一段324號11樓之1,301000,1130410
13947,94258306,長鋐精密工業有限公司,臺中市北屯區太祥路229號2樓之2,1000000,1130422
13948,94258431,高謙有限公司,臺中市烏日區三和里高鐵五路156號8樓之5,5100000,1130426
13949,94258729,稻熹有限公司,臺中市西區忠誠里精誠八街10巷2號,3000000,1130426
13950,94259142,禾菓藝術企業有限公司,臺中市南區忠明南路582之10號4樓,300000,1130408
13951,94259467,實明科技股份有限公司,臺中市西屯區福雅里福雅路128巷5號1樓,30000000,1130423
13952,94259591,育宏顧問有限公司,臺中市北區文心路四段182號地下一層之2,2000000,1130418
13953,94259776,立鼎豐股份有限公司,臺中市太平區光興路556巷29號1樓,200000,1130412
13954,94260014,幻影創意股份有限公司,臺中市清水區民族路三段119號15樓之2,100000,1130424
13955,94260149,祥發能源有限公司,臺中市北屯區平田里遼陽北一街35號,7130000,1130416
13956,94260231,上和金屬有限公司,臺中市霧峰區北柳里四德路296巷11弄7號1樓,1000000,1130408
13957,94260393,大賦室內設計有限公司,臺中市南屯區大墩七街329號1樓,200000,1130419
13968,94267591,皓合投資有限公司,臺中市豐原區雙龍街25號1樓,4000000,1130401
13969,94267662,富昇不動產有限公司,臺中市西屯區潮洋里龍門路39號1樓,500000,1130412
14012,96867986,好嘉園企業有限公司,臺中市神岡區豐洲里神洲路三五九號,1000000,1130424
14045,96979510,台灣幸榮股份有限公司,臺中市大肚區沙田路三段245巷69號,65000000,1130412
14049,96985040,明德貨櫃通運有限公司,臺中市梧棲區草湳里建國南街28號1樓,30000000,1130411
14054,97010623,豐澤工程股份有限公司,臺中市西屯區惠來里市政北一路1號5樓,130000000,1130415
14058,97019589,諭聖資訊有限公司,臺中市南區樹義里大慶街二段7巷31號1樓,2000000,1130424
14059,97020523,邵宇有限公司,臺中市潭子區家興里中山路一段一巷44號2樓,1000000,1130411
14063,97028692,潔紀企業有限公司,臺中市南屯區大英街665號1樓,5000000,1130419
14067,97038208,中台灣營造股份有限公司,臺中市西屯區工業區一路2巷3號7樓之2,402800000,1130418
14072,97052735,大川金屬建材有限公司,臺中市神岡區大社里大漢街31巷20號1樓,5000000,1130415
14073,97054430,千誠營造股份有限公司,臺中市烏日區高鐵三路11號7樓之5,138000000,1130401
14076,97062142,冠金國際有限公司,臺中市北屯區同榮里同榮路108之17號3樓,5000000,1130417
14105,97162971,聯友科技股份有限公司,臺中市梧棲區大成南路3號,215000000,1130426
14131,97215864,和平參野企業有限公司,臺中市東勢區新盛六街1巷36號1樓,5000000,1130429
14137,97236093,旺款實業股份有限公司,臺中市北區忠明路211號四樓之2,25000000,1130426
14141,97265625,全盛電機企業股份有限公司,臺中市西屯區工業區三十六路1號1樓,29000000,1130412
14143,97271416,協安鋼鐵股份有限公司,臺中市中區光復路149號1樓,20280000,1130422
14166,97336543,盛笙股份有限公司,臺中市大雅區上雅里中清東路290號,9750000,1130409
14169,97337297,吉孚工業股份有限公司,臺中市大里區工業十四路22號,16000000,1130409
14170,97338275,麗耀營造股份有限公司,臺中市西屯區大容西街57號2樓之2,50000000,1130416
14172,97345162,品億塑膠有限公司,臺中市大肚區沙田路一段320巷33之28號1樓,2000000,1130402
14181,97359931,晟育工程有限公司,臺中市大里區永大街83號1樓,10000000,1130411
14183,97379633,紫府企業有限公司,臺中市潭子區東寶里大富路一段2巷46號1樓,5000000,1130424
14184,97380619,德霖投資股份有限公司,臺中市大里區新里里國光路二段259號3樓之3,200000000,1130418
14201,97421695,華岡保全股份有限公司,臺中市北區進化北路392之2號10樓之2,44800000,1130409
14222,97488920,永全發有限公司,臺中市潭子區東寶里雅潭路三段71巷38號,1000000,1130412
14224,97495730,金龍成企業有限公司,臺中市龍井區龍津里觀光路208巷124號,2000000,1130415
14225,97495870,后里營造有限公司,臺中市西屯區何成里大容東街66號9樓,150000000,1130422
14227,97512843,謙宇貿易有限公司,臺中市烏日區中華路189號,16000000,1130412
14228,97513667,瑞進機械股份有限公司,臺中市烏日區前竹村光明路407號,10000000,1130422
14230,97567109,靖曜高科特化股份有限公司,臺中市太平區中平里鵬儀路214巷1弄19號1樓,16000000,1130425
14231,97579153,占益機械股份有限公司,臺中市神岡區神洲里大明路191巷101號1樓,20000000,1130401
