序號,統一編號,公司名稱,公司所在地,資本額,核准變更日期
4,00002881,鼎旺蜜醬燒烤股份有限公司,臺中市西區精誠路11號2樓,12000000,1141104
16,00007984,研品不動產租賃股份有限公司,臺中市西屯區漢口路二段151號15樓之1,200000,1141111
22,00014839,永旭營造股份有限公司,臺中市西屯區文心路二段201號21樓之8,100000000,1141114
24,00014964,霹靂火龍果行銷有限公司,臺中市西屯區潮洋里青海南街191號,500000,1141105
25,00014970,三昕行銷有限公司,臺中市北屯區平安里文心路四段698號15樓之1,1500000,1141111
45,00027145,曉水利能源管理顧問有限公司,臺中市烏日區榮泉里三榮路二段178號,3200000,1141111
48,00031062,二五七九多媒體有限公司,臺中市西區民生里自由路一段101號8樓之2,200000,1141104
60,00038776,童趣陪伴股份有限公司,臺中市北區淡溝里英才路396號9樓之2,100000,1141117
62,00038945,鼎沐科技股份有限公司,臺中市西屯區潮洋里朝馬路168號8樓之2,500000,1141120
73,00047070,州亨有限公司,臺中市西屯區寧夏路195之8號,3529812,1141104
74,00047579,築光有限公司,臺中市西區民龍里公益路52號7樓之2,1000000,1141104
82,00049957,嶼和文創股份有限公司,臺中市烏日區榮泰街182巷26號4樓,12000000,1141126
91,00056540,指南針生物科技股份有限公司,臺中市西屯區市政北二路282號21樓之11,4500000,1141106
105,00068052,一捻設計室內裝修有限公司,臺中市中區公園里自由路二段9之9之31號,1000000,1141127
108,00069778,啟識生醫有限公司,臺中市北屯區文心路三段447號4樓,500000,1141106
115,00071943,焱焱國際能源股份有限公司,臺中市北區中清路一段416號10樓,1000000,1141127
120,00073610,馨豐有限公司,臺中市北屯區平田里文心路四段955號15樓之6,1000000,1141111
127,00079591,木東建築事業股份有限公司,臺中市西區公益路223號12樓之1,28000000,1141119
133,00086690,富越股份有限公司,臺中市西屯區文心路三段167之7號8樓,10200000,1141126
145,00090863,杉炫股份有限公司,臺中市西屯區至善里逢甲路301巷22弄24號1樓,100000,1141111
154,00096043,圓滿國際物流有限公司,臺中市梧棲區四維中路331號12樓之5,25000000,1141103
155,00096120,翊新油壓機械股份有限公司,臺中市潭子區甘蔗里勝利二街63號1樓,5000000,1141124
171,00102988,共好芳香事業有限公司,臺中市北區育德里健行路651號1樓,500000,1141110
175,00104466,好讚工程有限公司,臺中市神岡區豐洲路348號,1000000,1141118
183,00108553,品邑地產事業有限公司,臺中市北區中清路一段699號1樓,300000,1141127
185,00108934,禾日室內裝修設計有限公司,臺中市南屯區大墩一街156號1樓,3000000,1141113
188,00109595,哲閔有限公司,臺中市南屯區公益路二段615號2樓之2,16000000,1141110
193,00112825,雲尚國際事業有限公司,臺中市西屯區福林里西屯路三段宏福五巷6號1樓,6000000,1141127
203,00118790,瀧琪企業股份有限公司,臺中市北區賴村里學士路257號3樓,1000000,1141106
222,00127756,牧禾媒合有限公司,臺中市大雅區上楓里樹德街130號1樓,4000000,1141105
234,00131864,摩爾跳動有限公司,臺中市西屯區逢甲里河南路二段327號4樓之5,1000000,1141124
239,00134525,蔚然投資股份有限公司,臺中市南屯區惠中里文心路一段378號17樓之9,4583785,1141111
240,00136832,金宇實業有限公司,臺中市大里區東興里國光路二段662號1樓,600000,1141103
242,00136967,空間撒野設計有限公司,臺中市南屯區公益路二段61號9樓,2000000,1141120
247,00139205,相穩國際股份有限公司,臺中市西屯區逢甲里西屯路二段256巷6號11樓之10,31511550,1141110
254,00142659,承楷股份有限公司,臺中市龍井區忠和里工業路188巷30號,3000000,1141107
257,00143783,順欣投資有限公司,臺中市大里區金城里龍城街73號1樓,79600000,1141107
265,00149392,祥旭科技有限公司,臺中市北區梅川里梅川東路三段15號,2000000,1141124
271,00152109,高達餐飲有限公司,臺中市西區公舘里永成街77號1樓,3300000,1141126
274,00153064,頌達投資有限公司,臺中市大里區國光里大勝街9號1樓,47984096,1141106
279,00155464,好菜在嘉海鮮樓有限公司,臺中市大甲區岷山里中山路一段876之1號,500000,1141117
285,00158906,添新有限公司,臺中市北區中清路一段370號10樓之1,100000,1141126
294,00163859,沐埵有限公司,臺中市南區忠明南路787號20樓之1,300000,1141124
300,00165511,古弄國際有限公司,臺中市西區華美街103巷8號3樓之2,400000,1141106
301,00165961,幸宏長照股份有限公司,臺中市新社區東興里興社街一段92之6號3樓,5670000,1141125
305,00167200,荳號餐飲有限公司,臺中市西屯區市政北二路282號21樓之10,6000000,1141110
309,00167927,夫悟設計有限公司,臺中市南區福順里忠明南路787號34樓之2,1000000,1141117
322,00173287,富樂家中清股份有限公司,臺中市北區明新里中清路一段463之1號,17022240,1141124
336,00181218,智優國際文教股份有限公司,臺中市南屯區向心里文心南一路31號1樓,1000000,1141106
341,00183270,吉峰園藝有限公司,臺中市西區和龍里篤行路185號5樓之10,1000000,1141113
349,00186157,永靈科技有限公司,臺中市西區大忠里忠明南路270號7樓之1,50000,1141113
377,00196063,法西斯實業有限公司,臺中市西屯區何仁里重慶路201之1號,50000,1141118
385,00200432,創煌企業有限公司,臺中市南區南門里忠明南路1240巷7號1樓,100000,1141113
386,00200448,萬米科技有限公司,臺中市南區忠明南路787號21樓之1,5000000,1141110
403,00206175,楊傳康農業事務有限公司,臺中市太平區新平路二段219巷18號1樓,300000,1141113
404,00206724,喜萊國際有限公司,臺中市外埔區水美里山美路451巷130號1樓,500000,1141113
407,00208461,尼歐國際有限公司,臺中市北區三民路三段132號4樓,1000000,1141110
416,00212486,芸鼎開發股份有限公司,臺中市南屯區新生里筏子東街一段171號1樓,55000000,1141104
422,00214554,全成展業有限公司,臺中市南屯區大業里大業路192號5樓之2,1000000,1141118
428,00216906,鑶鋐有限公司,臺中市西屯區潮洋里市政北二路238號27樓之1,200000,1141120
430,00217270,厚亨有限公司,臺中市西屯區大鵬里文心路三段241號14樓之1,1000000,1141128
432,00217551,標準營造股份有限公司,臺中市西屯區重慶路99號5樓之3,22500000,1141118
435,00218355,汎錏國際股份有限公司,臺中市西屯區逢甲里西屯路二段256巷6號11樓之10,7500000,1141106
438,00218897,朕弘有限公司,臺中市北區立人里陝西路108號10樓之2,2000000,1141106
446,00223033,塔皮奧科技股份有限公司,臺中市西屯區惠來里市政北七路186號12樓之9,300000,1141104
458,00229212,研智科技顧問有限公司,臺中市大里區仁德里至善路206號2樓,10000000,1141126
469,00233428,金鼠電力工程科技股份有限公司,臺中市南區忠明南路916號11樓之4,40000000,1141110
471,00235072,新亞洲國際實業股份有限公司,臺中市東勢區延平里第一橫街90巷28號1樓,5000000,1141113
475,00236543,富諾管理顧問有限公司,臺中市大里區永隆里永隆路506號10樓之1,200000,1141127
479,00238514,橙融投資有限公司,臺中市西區土庫里五權西路一段237號11樓之3,3000000,1141113
487,00243262,康芮貿易有限公司,臺中市北區淡溝里館前路19號7樓之3,50000,1141104
492,00245732,紳碩實業有限公司,臺中市南屯區大英西一街30號四樓之1,500000,1141110
493,00246009,淇閎國際有限公司,臺中市西區臺灣大道二段239號13樓,300000,1141111
504,00252000,拓雲資科股份有限公司,臺中市西屯區臺灣大道三段660號13樓之2,26000000,1141125
510,00819678,安宏通運股份有限公司,臺中市沙鹿區竹林里中山路紅竹巷10之4號,12500000,1141106
553,04276541,穩立貿易股份有限公司,臺中市南屯區文心路一段540號3樓之1,24000000,1141111
583,04527646,元孚貿易股份有限公司,臺中市石岡區和盛街1號1樓,2500000,1141125
628,05791191,安永信股份有限公司,臺中市西區建國路21號,10000000,1141105
629,05791333,佑益科技實業股份有限公司,臺中市大甲區幼六路5號,220000000,1141114
630,05831840,欽元造機股份有限公司,臺中市大里區內新里新仁路二段241巷1號,10000000,1141117
727,12426776,曾文企業有限公司,臺中市西屯區潮洋里朝富路213號7樓之3,5000000,1141104
730,12448878,勤育有限公司,臺中市南區忠明南路758號13樓,5000000,1141118
747,12616038,傑恩投資有限公司,臺中市大里區東興里爽文路1057號2樓,10000000,1141106
750,12617275,祈陽興業股份有限公司,臺中市南屯區春社里精科中一路12號,6300000,1141111
782,12721046,博思達國際股份有限公司,臺中市西屯區永安里西屯路三段宏安巷1之11號,26000000,1141120
783,12727528,凱強實業股份有限公司,臺中市烏日區烏日里五光路982號1樓,1000000,1141121
791,12746686,雅拓營造有限公司,臺中市北區博館路80-2號(3樓),16000000,1141121
793,12760384,樺嘉實業有限公司,臺中市梧棲區八德路82之1號6樓之6,25000000,1141126
797,12770019,達昕國際有限公司,臺中市南屯區文心里大墩七街197號1樓,3000000,1141103
808,12809041,瑭倫實業有限公司,臺中市北屯區軍功里軍功路二段760之1號1樓,1000000,1141106
809,12809160,永旭昇企業有限公司,臺中市霧峰區甲寅里中正路1221巷28號1樓,8000000,1141106
810,12812828,阿格特淋浴科技有限公司,臺中市南屯區田心里大墩四街321號地下1層,5000000,1141110
815,12829790,元登汽車有限公司,臺中市北區建成里天祥街228之20號9樓,1000000,1141121
816,12830558,雅全貿易有限公司,臺中市南屯區龍富路三段586號,9000000,1141107
818,12836201,兆富鋁業有限公司,臺中市烏日區溪埧里溪福路101巷131號,3000000,1141105
846,12897277,花饌旺業有限公司,臺中市西屯區何安里臺灣大道二段910號10樓之1,25000000,1141124
848,12898070,巨鷗科技股份有限公司,臺中市西屯區朝富路213號21樓之11,55010000,1141126
854,12911165,文笙國際財務管理顧問股份有限公司,臺中市西屯區市政北二路282號11樓之9,12000000,1141118
864,12924154,方圓聯合室內裝修有限公司,臺中市南區福興里南平路296號5樓之1,20000000,1141113
869,12928362,維韌智庫股份有限公司,臺中市西區忠誠里臺灣大道二段545號8樓之1,5000000,1141111
883,12972628,九阿嬤網路直播股份有限公司,臺中市北屯區和平里祥順路二段503號2樓,5000000,1141127
887,12981696,晉謄國際有限公司,臺中市西屯區廣福里中科路1669號,7500000,1141106
888,12983189,普頓數位科技有限公司,臺中市龍井區新庄里遊園南路270巷68號,54128000,1141110
893,12993433,辰泰國際股份有限公司,臺中市霧峰區四德路495號,281100000,1141105
894,12994643,首樺實業有限公司,臺中市大里區永隆八街266號1樓,500000,1141105
896,12998535,馥坊投資股份有限公司,臺中市西屯區惠來里河南路三段169號13樓之1,41300000,1141119
900,13001930,力陞實業有限公司,臺中市北屯區昌平東五路458巷10號1樓,2000000,1141111
904,13010136,信合營造有限公司,臺中市烏日區高鐵路二段150號5樓之12,3000000,1141125
914,13042067,聖展營造有限公司,臺中市大里區健民里健民路39巷15號1樓,8000000,1141121
919,13064771,欣欣龍精密工業有限公司,臺中市豐原區三村里三和路354巷139號,50200000,1141114
922,13068967,喬品機械有限公司,臺中市潭子區栗林里豐栗路133巷3號,1000000,1141124
927,13079036,億錢朝富不動產經紀股份有限公司,臺中市西屯區惠來里市政南一路1號1樓,5000000,1141106
1011,15999190,振鋒企業股份有限公司,臺中市西屯區協和里工業區三十三路39號,1453893110,1141106
1017,16020143,久豐營造股份有限公司,臺中市沙鹿區成功東街71號1樓,22500000,1141104
1021,16025098,弘詳工業有限公司,臺中市大雅區三和里義和路2之4號,10000000,1141121
1029,16046066,兆遠鋼鐵股份有限公司,臺中市神岡區豐洲里國豐路一段200巷13號,140000000,1141117
1036,16068378,遠流國際開發有限公司,臺中市西屯區何源里漢口路二段229號2樓,1500000,1141106
1038,16071445,泓鑫電機企業有限公司,臺中市大雅區德勝路123號,6000000,1141113
1075,16193643,中南加油站股份有限公司,臺中市大甲區孟春里經國路2205號,21000000,1141111
1079,16202045,祥由國際股份有限公司,臺中市南屯區豐樂里文心南二路481號1樓,10000000,1141113
1082,16210306,緯竣科技工程有限公司,臺中市大里區新生西路199號,10000000,1141110
1097,16251220,三豐開發股份有限公司,臺中市東區十甲里十甲路186巷3號1樓,15000000,1141113
1098,16257574,吉利高股份有限公司,臺中市南屯區寶山里工業區18路8號,260000000,1141113
1099,16259969,欣福興營造有限公司,臺中市大甲區孟春里通天路207巷104號1樓,25000000,1141118
1105,16266223,晟訊股份有限公司,臺中市沙鹿區斗抵里斗潭路155巷40號1樓,1000000,1141127
1126,16331097,豪思威股份有限公司,臺中市北屯區太順三街48號1樓,2000000,1141121
1148,16396133,程岱有限公司,臺中市太平區建興里建興路85號1樓,77000000,1141110
1158,16425398,煜益鋁業股份有限公司,臺中市龍井區海尾路278巷9號,393854750,1141103
1159,16426018,艾國生物科技有限公司,臺中市沙鹿區六路里台灣大道六段926巷7弄38號1樓,6000000,1141105
1160,16426925,昶明金屬股份有限公司,臺中市北屯區和平里和祥二街9號1樓,18000000,1141119
1161,16427446,秉華科技有限公司,臺中市梧棲區建國北街235號1樓,5000000,1141114
1166,16440757,盛傑營造有限公司,臺中市西屯區潮洋里市政北二路236號19樓之1,320000000,1141111
1190,16485509,山立投資興業股份有限公司,臺中市北屯區平安里崇德路二段128號5樓之5,100000000,1141127
1201,16509410,慕容科技有限公司,臺中市龍井區東海里藝術街61巷11號,3000000,1141119
1205,16520575,相品建設股份有限公司,臺中市潭子區頭家里中山路一段362巷35弄12號1樓,35000000,1141117
1212,16532566,毅嶄實業股份有限公司,臺中市大雅區二和里雅潭路四段492號,100000000,1141127
1219,16536346,神采旅行社有限公司,臺中市北區德化街680號,8000000,1141124
1225,16553415,久禾投資開發股份有限公司,臺中市西屯區福恩里工業區一路90之5號,16525600,1141110
1227,16564145,慶泓建設有限公司,臺中市太平區新高里立功路95號7樓,25000000,1141110
1233,16576368,惒眾實業股份有限公司,臺中市北區中清路一段89號7樓之6,10000000,1141110
1257,16648362,瑞斯林科技股份有限公司,臺中市北屯區松安里松和街137巷32號1樓,7900000,1141110
1258,16652055,震虎精密科技股份有限公司,臺中市西屯區協和里工業區三十五路9號,98550000,1141121
1263,16677611,奕方企業股份有限公司,臺中市霧峰區北柳里柳豐路10號1樓,2000000,1141121
1267,16683753,工固股份有限公司,臺中市龍井區工業路216巷43弄8號1樓,24000000,1141117
1275,16697433,展欣環保工程股份有限公司,臺中市東區東信里十甲東路376號,58000000,1141124
1276,16698361,金亨營造有限公司,臺中市北屯區陳平里雷中街19巷12號5樓,3000000,1141105
1283,16714637,裕桓機械股份有限公司,臺中市神岡區神洲里神洲北路88號,60000000,1141103
1284,16721433,瑩右企業有限公司,臺中市大里區國光路二段624巷37號1樓,5000000,1141118
1332,16856754,基正開發股份有限公司,臺中市霧峰區吉峰路91號1樓,4400000,1141118
1341,16871283,合城營造工程有限公司,臺中市西區忠誠里臺灣大道二段536號6樓,37500000,1141124
1350,16886053,東鎮金屬工業股份有限公司,臺中市外埔區水頭一路100巷61號,290000000,1141110
1351,16888221,立倫工業股份有限公司,臺中市清水區南社里民權一街178-17號,8000000,1141113
1352,16893316,特典工具股份有限公司,臺中市大雅區橫山里科雅路8號,240000000,1141107
1355,16906234,勇信企業股份有限公司,臺中市烏日區五光路679巷84弄20號,23660000,1141121
1368,16932134,年昇企業有限公司,臺中市龍井區忠和里台西南路251巷5號1樓,3000000,1141121
1374,16955522,亨都建設股份有限公司,臺中市北屯區松和街137巷18號1樓,59000000,1141106
1380,16968701,英寶科技股份有限公司,臺中市清水區吳厝里吳厝路158號,30000000,1141120
1382,16971585,達巨營造工程有限公司,臺中市中區自由路二段12號8樓之6,12000000,1141107
1383,16971728,眾至資訊股份有限公司,臺中市西屯區西屯路二段256巷6號3樓之2及6號3樓之6,35912500,1141106
1384,16972634,紹瑄科技有限公司,臺中市西屯區福瑞街97號,5000000,1141114
1391,16984961,錦有企業股份有限公司,臺中市西區太原路一段184之6號1樓,50000000,1141126
1392,16985292,豪成國際有限公司,臺中市太平區育仁路156號2樓,3000000,1141105
1396,16989157,宏玥工業股份有限公司,臺中市大里區草堤路100巷17號1樓,6000000,1141127
1399,18896731,培聖企業有限公司,臺中市中區大墩里光復路169號,3000000,1141120
1438,20949880,名甫有限公司,臺中市北屯區興安路一段169號17樓之2,19000000,1141107
1465,22069853,民峰實業股份有限公司,臺中市大甲區德化里東西七路一段293號,675000000,1141103
1466,22070606,名基營造股份有限公司,臺中市清水區海濱里中清路九段1298號,66000000,1141118
1468,22074878,昱鋒實業股份有限公司,臺中市太平區永隆里園區路88號,338370000,1141117
1469,22077072,宏啟工業股份有限公司,臺中市大里區草堤路100巷17號1樓,13180000,1141121
1473,22086419,鐿鋼不銹鋼有限公司,臺中市潭子區聚興路1250巷108號,28000000,1141118
1474,22090933,通原興業有限公司,臺中市霧峰區六股里中正路310號1樓,5000000,1141121
1483,22102298,福懋油脂股份有限公司,臺中市大肚區沙田路一段453號,2422683060,1141110
1487,22113979,耀鋒工業股份有限公司,臺中市神岡區社南里中山路667巷26弄17號,10000000,1141105
1490,22131435,通合工業股份有限公司,臺中市潭子區潭興路二段36巷79號,55000000,1141118
1491,22134876,泰芳機械股份有限公司,臺中市大里區東昇里內新街83巷6號1樓,12000000,1141114
1500,22197338,啟欣股份有限公司,臺中市北區太原北路130號7樓之2,40280000,1141124
1506,22221554,佰憶園企業有限公司,臺中市西屯區福安里臺灣大道四段328號,1050000,1141113
1508,22227451,加值國際實業有限公司,臺中市西區民生里自由路一段101號13樓之5,25000000,1141117
1509,22231997,喜王生醫有限公司,臺中市潭子區栗林里中山路3段493巷23弄32號,37200000,1141105
1515,22245063,台茂高分子科學股份有限公司,臺中市大肚區社腳里沙田路一段854巷67之1號,45000000,1141121
1529,22284585,啓福木業股份有限公司,臺中市大肚區蔗廍里太平路43巷56號1樓,5000000,1141124
1561,22403674,士榮企業股份有限公司,臺中市大里區東湖里利民街7巷36弄16號1樓,10000000,1141125
1563,22406314,証瑋禮儀有限公司,臺中市北區金龍里錦中街106號,800000,1141118
1572,22442064,興陽實業股份有限公司,臺中市西屯區工業區十二路7號,72000000,1141110
1581,22481586,協銳精密工業股份有限公司,臺中市大里區健民里仁化工十二路27號1樓,80000000,1141103
1586,22496151,竣貿國際股份有限公司,臺中市南區福順里復興路二段120之2號1樓,12000000,1141104
1607,22556565,鈺方企業有限公司,臺中市南區樹義路75號,29000000,1141105
1610,22559654,興和耐火工業股份有限公司,臺中市烏日區北里里太明路成豐巷108號,15000000,1141107
1613,22567660,優奇印刷有限公司,臺中市神岡區大社里大洲路217巷97之2號1樓,10000000,1141105
1640,22673986,廣達混凝土股份有限公司,臺中市南屯區工業區二十路20號,165000000,1141119
1644,22690319,逢大電業工程股份有限公司,臺中市北屯區豐樂路62之5號,20000000,1141104
1646,22691555,統繹企業股份有限公司,臺中市太平區新仁路一段22巷63-1號,50000000,1141124
1650,22707347,詠詮機械股份有限公司,臺中市太平區太平里永豐路108巷50之2號1樓,50000000,1141120
1675,22791273,聯安通信電子有限公司,臺中市東區東英八街149號,1000000,1141125
1683,22819125,中部汽車股份有限公司,臺中市南區復興路一段369號1樓,750000000,1141121
1691,22853690,台灣日油股份有限公司,臺中市大肚區社腳里沙田路一段854巷67之3號,50000000,1141126
1701,22907226,銓龍機械股份有限公司,臺中市東區振興路358巷12號樓,5200000,1141126
1703,22910735,鎂和鋼鐵股份有限公司,臺中市南屯區中和里南光路91巷41號1樓,79800000,1141113
1706,22918933,敬烽興業有限公司,臺中市大里區仁化里仁美路137巷8號1樓,18000000,1141103
1714,22933272,財進電機股份有限公司,臺中市大甲區朝陽里民生路1號,75000000,1141126
1719,22950314,聯盛機電工業股份有限公司,臺中市大里區仁化路225號,30698550,1141127
1722,22961972,鎂光熱處理廠股份有限公司,臺中市神岡區三角里大富路112號,20000000,1141121
1723,22964632,泳建機械股份有限公司,臺中市豐原區南嵩里水源路115巷68弄21之6號,10000000,1141126
1728,22977643,先麥食品股份有限公司,臺中市西屯區上安里臺灣大道三段570號1樓,99000000,1141113
1730,22981040,銘滿企業股份有限公司,臺中市龍井區忠和里海尾路306巷10號,10000000,1141119
1731,22986447,台鑫實業有限公司,臺中市豐原區圳寮里榮春街128號,600000,1141125
1734,22997232,東晉銓機器興業股份有限公司,臺中市北區太原七街34號1樓,6000000,1141103
1747,23061611,金交利精密股份有限公司,臺中市西屯區工業區28路123號,5000000,1141111
1751,23081052,馹隆企業股份有限公司,臺中市豐原區北陽里中陽東街38號1樓,20000000,1141121
1754,23091039,江興營造有限公司,臺中市北屯區舊社里南興三路315號,160000000,1141114
1755,23093368,啟道股份有限公司,臺中市西屯區協和里工業區三十路8號,60000000,1141105
1757,23101563,鑫屋清潔有限公司,臺中市南區新榮里復興路三段116巷5弄5之4號,500000,1141105
1758,23101590,昌臨實業股份有限公司,臺中市西屯區協和里工業區35路20號,85000000,1141125
1759,23105630,振漢資訊股份有限公司,臺中市西屯區大河街8號4樓,1000000,1141117
1782,23188667,穩盈鈑金工業股份有限公司,臺中市神岡區神洲里豐洲路689巷38號1樓,12000000,1141114
1802,23239125,尖星企業有限公司,臺中市東區信義街98號1樓,510000,1141125
1806,23253532,東協興業有限公司,臺中市大里區新里里德芳路二段121號,10000000,1141126
1809,23261028,聖侑企業股份有限公司,臺中市太平區永隆里光德路300巷12號,10000000,1141121
1810,23262960,頌揚營造股份有限公司,臺中市西區臺灣大道二段501號16樓之1,290100000,1141113
1814,23275260,潤泰實業有限公司,臺中市北區太原北路160號1樓,5000000,1141124
1815,23275917,同立塑膠工業股份有限公司,臺中市神岡區豐洲路1025巷28號,5000000,1141106
1824,23356925,立綺實業股份有限公司,臺中市霧峰區中正路557巷20號1樓,100000000,1141126
1832,23367850,三協資訊股份有限公司,臺中市南區福平里美村路二段186號3樓之1,27000000,1141104
1838,23380137,國霖機電管理服務股份有限公司,臺中市中區臺灣大道一段306巷35號2、3樓,25320000,1141110
1844,23397051,喬懋機電工業股份有限公司,臺中市大肚區遊園路一段124巷66號,17200000,1141104
1846,23405995,大壬投資有限公司,臺中市北屯區廍子里建和路一段416號2樓之3,2000000,1141104
1880,23481917,超卡實業有限公司,臺中市南區復興路三段150號,1000000,1141125
1927,23678926,歐宜美良品股份有限公司,臺中市西屯區協和里工業區一路98之110號,200000000,1141110
1930,23690549,張今股份有限公司,臺中市神岡區豐洲里國豐路一段236巷23號,49500000,1141124
1931,23690739,正豪企業股份有限公司,臺中市北區五權路317號6至12樓,28000000,1141113
1932,23692048,顏昌興業有限公司,臺中市北屯區軍功里軍榮三街98號1樓,10000000,1141125
1933,23695538,俊國水電工程有限公司,臺中市東區六順路112號2樓,12600000,1141105
1953,23789177,台灣合連電訊股份有限公司,臺中市霧峰區德維街98巷1號,10000000,1141107
1958,23803136,福友建材股份有限公司,臺中市南屯區河南路4段456之21號7樓,2500000,1141124
1959,23804249,佳茂國際股份有限公司,臺中市清水區國姓里三美路81巷59號,12000000,1141118
1978,23862583,中盟旅行社股份有限公司,臺中市西區公益路367號10樓之2,8000000,1141113
1981,23868284,長益營造股份有限公司,臺中市北區賴旺里青島西街60號,52000000,1141113
2004,23950523,金樺大飯店有限公司,臺中市太平區建和路一段19巷15號1樓,6000000,1141104
2006,23962561,貴興機電工業有限公司,臺中市太平區永豐路108巷12弄45號,20000000,1141104
2011,23974594,保辰企業有限公司,臺中市西屯區市政北二路236號14樓之1,5000000,1141111
2027,24206018,永富豪室內裝修有限公司,臺中市潭子區東寶里大豐路1段45巷2號1樓,500000,1141125
2029,24213094,賀聯工業股份有限公司,臺中市大甲區日南里東三街2號,15000000,1141114
2034,24218008,藥聯生技股份有限公司,臺中市北屯區軍福八路280號1樓、2樓、3樓,88472900,1141110
2041,24231163,生貿飲料食品有限公司,臺中市大里區金城里金城街226號,500000,1141117
2042,24234990,懿文餐飲有限公司,臺中市西屯區華美西街二段401號1樓,500000,1141113
2048,24248903,泰松投資股份有限公司,臺中市西屯區天水東街10號1樓,50000000,1141111
2058,24272570,泰興興業股份有限公司,臺中市太平區太平里新仁路1段22巷111號,2000000,1141107
2059,24274057,玉寶有限公司,臺中市烏日區烏日里光日路38號1樓,1000000,1141119
2060,24276560,溥源電機股份有限公司,臺中市大甲區江南里東西七路一段310號1樓,26850000,1141126
2066,24287460,富利宏科技工程有限公司,臺中市太平區新福里新福路65號,22000000,1141120
2069,24290943,川飛工業股份有限公司,臺中市潭子區大富里民族路二段23號,1750000,1141110
2111,24353691,高典家具有限公司,臺中市神岡區豐洲里神洲路350號1樓,3600000,1141111
2115,24359077,義品生物科技有限公司,臺中市西區公德里精誠三十街17號1樓,250000,1141107
2124,24379881,康研國際有限公司,臺中市豐原區豐北街46號1樓,1000000,1141114
2128,24382350,名澄國際有限公司,臺中市西屯區何成里大恩街13號3樓,10000000,1141111
2133,24397939,宏富投資股份有限公司,臺中市西屯區黎明路三段490號1樓,18500000,1141111
2134,24398135,朔茂有限公司,臺中市南屯區大同里向上南路一段163號2樓之1,5000000,1141125
2137,24410089,寬達重車有限公司,臺中市大甲區銅安里長壽路51之8號1樓,300000,1141118
2139,24410807,友達晶材股份有限公司,臺中市后里區后科路二段335號,2425646140,1141111
2141,24418483,兆泰生活事業有限公司,臺中市南屯區三義里公益路二段302號5樓,1200000000,1141105
2144,24420707,華鑫光電企業有限公司,臺中市南屯區春安里春安路57巷25之5號,18000000,1141114
2147,24426998,茂祥不動產有限公司,臺中市西區吉龍里五權西四街29號13樓之2,405000000,1141107
2150,24436270,富翔事業有限公司,臺中市外埔區大東里甲后路702巷30號2樓,2000000,1141121
2154,24442982,承劼股份有限公司,臺中市潭子區大豐里大豐東一街39號,8150000,1141105
2156,24445313,倍適旅行社股份有限公司,臺中市南屯區向上南路一段167之2號,12500000,1141107
2236,24565506,合鉑創意有限公司,臺中市南區忠明南路787號20樓之1,50000,1141113
2245,24579706,三采室內裝修設計有限公司,臺中市北區明新里中清路一段447號7樓之1,3000000,1141119
2247,24583856,悅河股份有限公司,臺中市西屯區港尾里經貿路二段488號,32000000,1141119
2248,24584406,正強投資有限公司,臺中市南屯區大墩一街23號2樓,29800000,1141124
2249,24584623,皇家實業有限公司,臺中市大雅區上楓里樹德街192巷14號1樓,10000000,1141125
2250,24585799,鑫馥宇股份有限公司,臺中市西屯區龍潭里龍德路二段268號1樓,20000000,1141118
2251,24589628,佳和辰有限公司,臺中市北屯區后庄里敦化路一段251號,500000,1141125
2252,24592834,宗宙有限公司,臺中市西區建國路49號、49號2樓至7樓,27500000,1141107
2253,24594208,勤瑋科技有限公司,臺中市北屯區平田里文心路四段955號15樓之4,6367500,1141111
2254,24594235,頡瀚地產開發有限公司,臺中市西區公益里忠明南路237號5樓之2,2000000,1141117
2255,24601073,大傳投資有限公司,臺中市北屯區進化北路65號2樓,25000000,1141125
2256,24605649,萬達國際行銷股份有限公司,臺中市西屯區文心路三段241號14樓之8,5000000,1141105
2265,24612819,廣誠資產管理顧問股份有限公司,臺中市西區忠明里健行路964巷30號1樓,7600000,1141104
2286,24646297,朝洋營造有限公司,臺中市太平區太順路265號1樓,22500000,1141103
2340,24722843,佳美先進化學股份有限公司,臺中市西屯區協和里工業區32路76之1號,130000000,1141125
2365,24751776,萬拿生醫科技有限公司,臺中市西屯區福瑞街86號10樓之3,500000,1141121
2386,24774031,秀泰人文股份有限公司,臺中市南屯區文心南路289號,90000000,1141117
2402,24804181,華旭先進股份有限公司,臺中市西屯區協和里工業區十路8號,1471059020,1141113
2404,24805359,加拿大商摩迅有限公司,臺中市大雅區中山三路62號,989100,1141103
2407,24816617,三中東區啦啦寶都股份有限公司,臺中市東區進德路600號,2000000000,1141118
2409,24818235,滿意導向有限公司,臺中市龍井區龍津里三港路500巷79號,12000000,1141118
2410,24819446,宇喬開發設計有限公司,臺中市霧峰區南柳里柳豐路418之1號1樓,1000000,1141124
2411,24820176,三豊海事工程有限公司,臺中市梧棲區中和里民生西街166巷2號1樓,500000,1141124
2412,24822337,台灣九朝匯寶文化產業股份有限公司,臺中市西屯區潮洋里朝貴一街18號7樓之3,5000000,1141105
2414,24823574,默森有限公司,臺中市西屯區櫻城五街33號2樓之1,5000000,1141110
2415,24823841,添好運開發股份有限公司,臺中市南屯區溝墘里大墩十四街238號7樓,1000000,1141114
2416,24823906,森和餐飲有限公司,臺中市西屯區龍潭里馬龍潭路99號,20000000,1141105
2418,24825030,星鉑國際有限公司,臺中市西屯區文心路二段566之13號7樓之3,500000,1141126
2419,24825566,晑億實業有限公司,臺中市北屯區文心路三段1027號12樓,3000000,1141124
2421,24829802,東創股份有限公司,臺中市北屯區大連路一段74號1樓,1000000,1141120
2423,24832623,冠閎工程有限公司,臺中市大雅區義和路15之1號,1000000,1141114
2424,24832659,齊又新建設有限公司,臺中市南屯區萬和南街268號1樓,45000000,1141120
2425,24833209,鼎右科技有限公司,臺中市西區三民里朝陽街11號1樓,1000000,1141107
2426,24833405,承豪機械有限公司,臺中市神岡區社口里中山路308巷16號1樓,3200000,1141103
2427,24833616,騰田科技有限公司,臺中市外埔區大東里甲后路五段185巷59弄6號1樓,4500000,1141126
2428,24834241,豪瀚國際有限公司,臺中市太平區新高里市民大道一段521號1樓,20000000,1141124
2429,24835092,士維工程有限公司,臺中市大里區塗城里塗城路349之5號1樓,5000000,1141126
2430,24835585,冠逢水電材料有限公司,臺中市北屯區敦化路一段259號1樓,2000000,1141119
2431,24835614,七厘股份有限公司,臺中市大甲區中山路一段527之1號,139760000,1141118
2432,24835852,上豪欣有限公司,臺中市北區錦洲里瑞祥街84號1樓,3000000,1141119
2433,24839457,佳賀資產股份有限公司,臺中市中區成功路357號,260000000,1141124
2434,24839674,名江先進工業股份有限公司,臺中市西區臺灣大道二段2號9樓之6,5000000,1141125
2446,24861534,永安利有限公司,臺中市西區大全街164巷5號1樓,2000000,1141114
2453,24870956,易學機械實業有限公司,臺中市神岡區中山路667巷26弄8之2號,500000,1141107
2531,24961436,光和影映像股份有限公司,臺中市東區復興路四段218之1號2樓,4508420,1141113
2566,25003736,阿官國際餐飲股份有限公司,臺中市西屯區朝富路248號,35000000,1141117
2567,25009627,吉洋食品有限公司,臺中市太平區中興里永平路二段378號1樓,1000000,1141104
2572,25020572,瑞發風管工程有限公司,臺中市大肚區王田里興和路155巷15號,2000000,1141118
2586,25045476,艾菲爾精巧旅館股份有限公司,臺中市梧棲區臨港路四段298號,26000000,1141125
2594,25052270,衡欣實業股份有限公司,臺中市潭子區潭秀里建國路3-2及5-2號,50000000,1141113
2601,25068809,騰煇企業有限公司,臺中市大甲區日南里工一路10號1樓,15000000,1141121
2603,25073845,帛立科技工程有限公司,臺中市西屯區西平里西安街277巷25弄2號4樓之33,3000000,1141126
2607,25081471,弘啟開發企業有限公司,臺中市神岡區社口里文政街13號1樓,1000000,1141105
2612,25089852,勝俐營造工程有限公司,臺中市北區立人里華美街二段262號8樓之1,13000000,1141103
2614,25091702,台灣日脈貿易股份有限公司,臺中市西屯區工業區38路210號7樓之3,45013100,1141114
2615,25093899,立鑫國際資訊有限公司,臺中市西屯區大鵬里文心路三段241號21樓之7,1000000,1141127
2616,25093981,正燁成研有限公司,臺中市大雅區里中山十一路81之1號1樓,13980000,1141114
2617,25095101,淞灝國際股份有限公司,臺中市西屯區協和里安和路27之12號1樓,6000000,1141127
2658,25147332,五都停車場股份有限公司,臺中市烏日區高鐵五路156號10樓之1,122000000,1141113
2667,25158180,億華砂石有限公司,臺中市烏日區南里里溪南路三段418巷210號,12000000,1141125
2668,25162282,立碁實業有限公司,臺中市東區東門里東門路28巷29號1樓,2000000,1141126
2675,25171085,宇勝生物科技股份有限公司,臺中市北區淡溝里臺灣大道二段340號10樓之1,16000000,1141124
2680,25183879,暐昌紙業有限公司,臺中市南屯區鎮平里新民巷13之5號,10000000,1141105
2683,25187538,鄭杏泰生技食品有限公司,臺中市北區忠明路424號20樓之1,12000000,1141119
2684,25189711,蔚品國際股份有限公司,臺中市西屯區潮洋里臺灣大道三段789號3樓之1,292500000,1141121
2703,27246082,新加坡商矽比科亞洲有限公司,臺中市大甲區日南里工六路6號,10000000,1141103
2708,27263716,全優設計有限公司,臺中市豐原區豐圳里圓環西路159號,5000000,1141126
2710,27273756,榮蓁科技股份有限公司,臺中市大雅區四德里中清路三段758巷2號,48000000,1141104
2713,27282164,鑫三豐起重工程企業有限公司,臺中市潭子區頭家里和平路85號1樓,3000000,1141110
2715,27293970,勇茂工程有限公司,臺中市北屯區水景里軍仁街90號1樓,5000000,1141121
2719,27296625,鈞維實業有限公司,臺中市龍井區新庄里新仁路45巷11號1樓,160000000,1141126
2727,27309852,益詮精密股份有限公司,臺中市太平區德隆里工業18路3之1號,32300000,1141119
2762,27379890,泳順企業有限公司,臺中市神岡區社南里中山路847巷2弄20號,31000000,1141114
2764,27384113,竺德工業有限公司,臺中市神岡區神洲里神洲北路100號,25000000,1141103
2769,27400541,欣展工業股份有限公司,臺中市太平區永平路二段520號,120000000,1141119
2774,27405715,大屯加油站股份有限公司,臺中市霧峰區五福里環河路一段628號,20000000,1141119
2778,27412595,楹荃有限公司,臺中市西屯區何厝里甘州五街38號,5000000,1141104
2779,27414123,酷比得企業股份有限公司,臺中市西屯區文心路二段566之1號3樓之1,29500000,1141127
2780,27419632,明良印刷有限公司,臺中市龍井區東海里藝術街231號1樓,1000000,1141113
2785,27434227,誠品機械有限公司,臺中市大雅區員林里神林路一段414巷40號壹樓,500000,1141121
2790,27454927,萊威廣告事業有限公司,臺中市北區梅川東路三段56號1樓,1000000,1141105
2800,27474986,華建投資有限公司,臺中市龍井區遠東街30之28號,500000,1141105
2806,27484540,紅禧科技有限公司,臺中市西屯區西安里青海路二段316號12樓,5000000,1141120
2810,27491541,永湖複合材料股份有限公司,臺中市豐原區榮春街310號,129765000,1141121
2811,27491726,永生工具有限公司,臺中市大里區東湖里東南路59巷7號1樓,5000000,1141127
2814,27497904,萊璟科技股份有限公司,臺中市南屯區文山里18鄰精科路20號3樓,6000000,1141127
2815,27501273,富邑水電工程股份有限公司,臺中市西區臺灣大道二段501號10樓之2,15100000,1141110
2865,27593462,聯鴻電信工程有限公司,臺中市南區永興里工學一街169號7樓之2,1500000,1141114
2872,27610292,誠悅建設有限公司,臺中市西屯區潮洋里市政北二路236號13樓之2,15000000,1141110
2880,27626647,佳冠資產管理股份有限公司,臺中市大雅區文雅里中清路四段31號2樓,600000,1141117
2881,27626858,日鼎資產管理股份有限公司,臺中市西區民龍里臺灣大道二段285號27樓,26880000,1141105
2894,27654283,慶銘資訊有限公司,臺中市清水區中華路450號1樓,20000000,1141121
2895,27655635,鼎旺工業有限公司,臺中市大里區新芳路108巷7號1樓,5000000,1141110
2900,27666226,上佳粘膠股份有限公司,臺中市神岡區大社里大社街85號,5000000,1141120
2907,27678362,松旺環保處理有限公司,臺中市大里區永隆里東榮路622號1樓,24000000,1141127
2908,27679411,巨享能源科技股份有限公司,臺中市西屯區西屯路二段256巷6號2樓之6,20000000,1141110
2914,27701119,玖柞設計室內裝修有限公司,臺中市西屯區河南東四街38號,13000000,1141117
2951,27786952,錫德實業有限公司,臺中市西屯區西平南巷9之8號,10000000,1141111
2959,27805178,富龍科技股份有限公司,臺中市西屯區福聯里東海街62號1樓,36000000,1141120
2960,27809300,立欣精密股份有限公司,臺中市神岡區豐洲里豐工南路36號1樓,25000000,1141125
2964,27815703,華驛科技有限公司,臺中市豐原區水源路283巷36號,20000000,1141126
2973,27837312,捷通國際科技有限公司,臺中市北屯區三和里東光路842號3樓,1000000,1141120
2984,27867482,盛偉資產管理股份有限公司,臺中市西屯區潮洋里市政北二路236號19樓之5,5000000,1141105
2987,27872062,泓電精密工業股份有限公司,臺中市南屯區精科六路15號,35000000,1141114
2993,27892026,匯吾國際有限公司,臺中市豐原區大湳里大仁街22巷13號1樓,18000000,1141121
2996,27913802,迴昇生技食品有限公司,臺中市西區五權五街102號1樓,500000,1141104
3002,27932998,美商肯帛股份有限公司,臺中市西屯區市政北二路238號11樓之5,1000000,1141112
3010,27966188,科建國際實業股份有限公司,臺中市南屯區精科中二路22號5樓,249780000,1141114
3035,28016480,台灣默瑞建材股份有限公司,臺中市潭子區中山路二段133號4樓,2000000,1141121
3049,28044036,見安營造股份有限公司,臺中市北區五權路375號9樓,300000000,1141103
3053,28048758,振美股份有限公司,臺中市東區互助街26號1樓,2000000,1141113
3069,28071504,東威設計開發有限公司,臺中市清水區武鹿里中央路54之6號,14500000,1141118
3071,28073398,双振發國際貿易有限公司,臺中市西屯區福雅里西屯路三段155巷9號1樓,9688888,1141107
3077,28084894,新紘投資股份有限公司,臺中市大雅區大雅路229巷3號2樓,69000000,1141105
3079,28088998,翊豐通風股份有限公司,臺中市大里區大元里大里街16巷7號1樓,25000000,1141111
3083,28091255,興懋機器興業股份有限公司,臺中市烏日區溪福路225巷77號,3000000,1141103
3087,28099290,錦發科技有限公司,臺中市西區中興里向上路一段172號2樓,2000000,1141105
3093,28110078,天采淵生物科技股份有限公司,臺中市太平區中興里15鄰太平路778巷47號,6000000,1141120
3104,28147167,寶葳有限公司,臺中市豐原區西湳里豐原大道七段162巷231弄39號1樓,500000,1141113
3108,28154785,丹寶投資股份有限公司,臺中市沙鹿區洛泉里日新街66號2樓,29800000,1141104
3109,28156279,誠寶房屋仲介有限公司,臺中市南區長榮里復興路三段222號2樓之1,1000000,1141121
3187,28343739,穎順科技股份有限公司,臺中市大里區東興里國光路二段706之9號,10900000,1141110
3190,28348235,日建機械有限公司,臺中市大里區仁德里至善路104號,1000000,1141119
3195,28354875,佳群工業有限公司,臺中市烏日區螺潭里太明北路128號,1000000,1141106
3196,28359767,盛大建設股份有限公司,臺中市西屯區潮洋里市政北二路236號19樓之1,500000000,1141105
3197,28361948,大相歐洲家具燈飾有限公司,臺中市西屯區臺灣大道三段56號1樓,6000000,1141124
3198,28366606,哲維有限公司,臺中市大里區立德里甲堤南路60號8樓之5,1000000,1141127
3202,28371299,汎華實業股份有限公司,臺中市大里區內新里中興路二段438之8號,12000000,1141104
3207,28383936,倉科澤國際開發股份有限公司,臺中市潭子區潭陽里中山路2段241巷2之1號,3000000,1141110
3209,28388051,威尚機械工業股份有限公司,臺中市清水區東山里神清路9之26號,25000000,1141105
3219,28408872,旺頡室內裝修業有限公司,臺中市太平區中山路四段213巷17號1樓,500000,1141120
3256,28500982,源泉淨化科技有限公司,臺中市烏日區烏日里44鄰大同路36號,500000,1141120
3260,28511067,萬大酵素生物科技股份有限公司,臺中市北屯區平興里北屯路360號9樓之1,15000000,1141124
3268,28516437,鴻奕投資有限公司,臺中市豐原區南陽里保康路66巷38號7樓,16000000,1141106
3271,28518076,台灣美光記憶體股份有限公司,臺中市后里區三豐路4段369號,130662307350,1141117
3276,28524339,億泓工業股份有限公司,臺中市大里區大元里國光路一段206之15號,3000000,1141120
3278,28526532,桑格投資有限公司,臺中市大雅區清陽路56巷16號2樓,13082000,1141126
3279,28530424,活樂食品有限公司,臺中市潭子區豐興路一段371號,10000000,1141117
3280,28531211,浩瑞資訊有限公司,臺中市清水區公正路91號1樓,1000000,1141125
3288,28553930,亞提斯遠東有限公司,臺中市龍井區新庄里遊園南路270巷68號5樓,2000000,1141107
3293,28572155,明坤科技股份有限公司,臺中市北屯區崇德路二段130號14樓,551500000,1141124
3299,28579544,久譽貿易有限公司,臺中市豐原區田心里田心路一段166號1樓,1500000,1141124
3305,28585932,和生環保有限公司,臺中市烏日區五光路436號,2000000,1141125
3306,28585980,碳基科技股份有限公司,臺中市西屯區工業區三十五路18號,360000000,1141110
3327,28631817,天陽航太科技股份有限公司,臺中市西屯區協和里工業區七路29號,268000000,1141114
3336,28645690,鉅宇建設有限公司,臺中市北屯區東光里東山路一段37巷5弄2號,35000000,1141125
3342,28657463,松禾木實業有限公司,臺中市太平區大源路86號1樓,10000000,1141125
3344,28659244,和興科技噴霧有限公司,臺中市豐原區豐田里豐南街68巷67之15號1樓,3000000,1141120
3346,28662732,乘數室內裝修股份有限公司,臺中市南屯區大聖街137之5號6樓,5000000,1141113
3389,28737038,驊鐿運通股份有限公司,臺中市西區民龍里臺灣大道二段186號19樓之1,7500000,1141127
3397,28750762,伊成採購服務科技股份有限公司,臺中市西屯區福康路119巷31號1樓,5000000,1141105
3399,28753233,威智數位設計有限公司,臺中市南屯區文心路一段186號16樓之7,3000000,1141120
3401,28753796,千丰國際企管顧問有限公司,臺中市中區公園里民族路64號10樓之9,10000000,1141104
3402,28757104,信益投資股份有限公司,臺中市龍井區新東里遊園南路421號,107100000,1141104
3405,28762789,景祥凱工業股份有限公司,臺中市西屯區東大路一段721號,23000000,1141114
3415,28792664,創百股份有限公司,臺中市北區文心路四段208之1號5樓之1、5樓之2,80945280,1141114
3420,28799300,台中銀保險經紀人股份有限公司,臺中市北屯區進化北路80-4號,500000000,1141114
3424,28805133,懋憶有限公司,臺中市外埔區三崁里三環路251號,500000,1141105
3435,28817530,富恩土木包工業股份有限公司,臺中市西區臺灣大道二段501號21樓之1,15100000,1141110
3471,28876988,威猛巴頓菲爾有限公司,臺中市西屯區協和里工業區三十六路16號,110000000,1141120
3473,28878634,向陽居有限公司,臺中市北屯區新平里中清路二段515巷21號3樓之6,2000000,1141106
3477,28887752,偉誠不銹鋼有限公司,臺中市大里區中興路2段801號5樓,1000000,1141118
3478,28890659,富爾泰工業股份有限公司,臺中市太平區新福里旱溪西路二段168號,60000000,1141104
3479,28891067,瑞中亞醫療器材有限公司,臺中市大里區科技路168號5樓之1,12000000,1141104
3484,28893396,立將上豪有限公司,臺中市神岡區豐洲里國豐路一段200巷10號,5000000,1141127
3489,28903850,富鈞興業有限公司,臺中市西區中興里中興街122巷19號,10000000,1141120
3493,28921203,桔嘉工程股份有限公司,臺中市潭子區福仁里大新路60巷38號2樓,500000,1141107
3496,28926214,菁智科技股份有限公司,臺中市北區健行里忠明路424號9樓之2,26000000,1141104
3499,28931461,富比德精密機械股份有限公司,臺中市豐原區豐圳里榮春街337號,5000000,1141105
3500,28931906,長富城建設股份有限公司,臺中市西區精誠十九街30號1樓,29500000,1141118
3504,28944661,總裁生物科技股份有限公司,臺中市中區市府路83號1樓、2樓之1之2,10000000,1141104
3507,28948152,群岳股份有限公司,臺中市南屯區永春東七路968之1號,26000000,1141105
3509,28957551,日岩生物科技有限公司,臺中市西區昇平里中興街36號1樓,500000,1141127
3576,29082108,家鼎興業有限公司,臺中市西屯區青海路二段252號2樓,1000000,1141111
3583,29089756,富宸自動科技股份有限公司,臺中市西屯區協和里工業區四十路25號,11000000,1141119
3584,29090206,跨界策略顧問股份有限公司,臺中市西屯區朝富路213號21樓之10,24170000,1141124
3586,29092696,振宇五金股份有限公司,臺中市西屯區港尾里環中路二段27號,214954600,1141127
3587,29093652,德懋國際股份有限公司,臺中市西屯區永安里西屯路三段166之30號,15000000,1141106
3590,29096905,程暘實業有限公司,臺中市東區樂成里振興路168-11號1樓,3000000,1141120
3595,29109599,聖譁實業有限公司,臺中市梧棲區南簡里博愛北路161號,3000000,1141106
3598,29113405,沛星光電有限公司,臺中市西區臺灣大道二段181號11樓之15,5000000,1141121
3603,29122919,旭陽國際精機股份有限公司,臺中市豐原區豐南街92巷216號,329600000,1141128
3680,31298934,上瑋工業有限公司,臺中市大甲區日南里幼獅路13號,25000000,1141104
3683,31345303,金盟彩藝印刷實業有限公司,臺中市南區德義里學府路79號14樓之4,8000000,1141119
3687,33259508,國光生物科技股份有限公司,臺中市潭子區潭興路一段3號,4295077500,1141121
3801,42571874,緯控科技有限公司,臺中市西屯區何厝東二街23號9樓之3,5000000,1141105
3812,42586047,康莊生物科技有限公司,臺中市西屯區龍潭里龍德路二段396之8號2樓,5870000,1141126
3857,42645469,八福銀髮服務股份有限公司,臺中市沙鹿區福成路255巷8之2號,41554623,1141125
3872,42660664,食科院國際股份有限公司,臺中市西屯區福和里中工三路117號1樓,12260000,1141111
3873,42660995,均睿物流有限公司,臺中市西屯區潮洋里市政北二路282號8樓之8,25000000,1141110
3875,42665133,嘉特車材有限公司,臺中市北屯區東光里東山路一段91巷23號2樓,1200000,1141126
3876,42666169,國企投資有限公司,臺中市北區錦祥里進化路575號11樓之1,500000,1141120
3877,42667110,靝河水土地開發顧問有限公司,臺中市潭子區家興里中山路一段7巷46號2樓,3000000,1141104
3879,42668639,台灣錄得清科技股份有限公司,臺中市北屯區廍子里太順二街31之2號1樓,10000000,1141110
3880,42671851,粒巨科技有限公司,臺中市北屯區平陽里安順北一街5號1樓,1000000,1141110
3881,42671965,卷尾設計有限公司,臺中市北屯區平陽里旅順路一段62號1樓,500000,1141118
3882,42672084,文案的美有限公司,臺中市西屯區何仁里寧夏路195之8號,500000,1141103
3883,42672887,王莆餐飲股份有限公司,臺中市西區民龍里臺灣大道二段218號29樓,100000000,1141119
3884,42675152,跨境電商股份有限公司,臺中市南區忠明南路787號30樓,25000000,1141127
3885,42676510,力十科技股份有限公司,臺中市潭子區栗林里祥和路47號7樓,29000000,1141126
3886,42678242,恆裕工業有限公司,臺中市太平區宜欣里溪洲路77巷7號,2400000,1141113
3887,42680562,銳騎佰客有限公司,臺中市南屯區三義里黎明路二段420號17樓之6,25500000,1141104
3888,42682219,靚寶國際有限公司,臺中市西屯區永安里西屯路三段166之39號1樓,10000000,1141114
3889,42688902,金菱建設有限公司,臺中市南屯區大墩四街488號1樓,2000000,1141117
3910,42706583,晟威工業股份有限公司,臺中市梧棲區中正路467號2樓,57136820,1141113
4075,42870606,澤耀鑽石股份有限公司,臺中市西屯區逢福里河南路二段262號12樓之8,4350000,1141120
4076,42871014,立庚有限公司,臺中市西區公舘里三民路一段50巷8號7樓之31,200000,1141121
4077,42875291,勇信綜合工業股份有限公司,臺中市烏日區光明里五光路679巷84弄20號,12270000,1141124
4078,42875969,金佑國際有限公司,臺中市北屯區松山街80號1樓,100000,1141117
4079,42876030,寶宸興業有限公司,臺中市豐原區西湳里豐原大道七段162巷306弄36號1樓,1500000,1141127
4080,42881152,璟和科技有限公司,臺中市北屯區大連路一段41巷83號1樓,200000,1141114
4081,42881940,鼎錩紙業有限公司,臺中市大甲區文武里育英路244號1樓,10000000,1141127
4082,42883519,達夯屋實業有限公司,臺中市北屯區大德里雷中街42巷1之2號1樓,6200000,1141121
4083,42884398,建倫客製行銷有限公司,臺中市北屯區旅順路二段50號1樓,1000000,1141110
4084,42886070,顯物林有限公司,臺中市南區積善里興大路190號,300000,1141121
4086,42887471,三豪國際車業有限公司,臺中市大雅區西寶里昌平路四段300號,5000000,1141103
4087,42887487,三兆機械有限公司,臺中市豐原區朴子里朴子街409巷32弄6號,5350000,1141105
4088,42889823,百成廣告有限公司,臺中市西屯區市政北二路282號16樓之1,2000000,1141121
4089,42890011,蜜亞國際有限公司,臺中市南區工學里工學北路355號3樓之1,500000,1141119
4090,42890618,群岳實業有限公司,臺中市南屯區文山里向上路五段136號,600000,1141110
4091,42891285,沅和建設有限公司,臺中市西區五權八街149號1樓,33000000,1141120
4092,42891686,永信富投資股份有限公司,臺中市西屯區大河街77號1樓,1000000,1141106
4093,42891840,高材生家具有限公司,臺中市西屯區福雅路213巷92號1樓,5000000,1141106
4094,42891876,水管靈科技防水有限公司,臺中市大雅區月祥路189巷12號1樓,1000000,1141103
4095,42892833,銳鳴開發有限公司,臺中市南屯區文心路一段46之7號2樓,13100000,1141110
4096,42893208,通用幹細胞股份有限公司,臺中市太平區太平二一街10巷18號,256972143,1141113
4097,42893375,蓮發機械起重有限公司,臺中市西屯區何厝里何厝東二街23號9樓之3,200000,1141110
4098,42894121,大樹科學股份有限公司,臺中市北屯區松安里崇德六路一段30巷28號4樓,1500000,1141113
4099,42895727,炘籮集國際貿易有限公司,臺中市豐原區南村里豐東路375號1樓,5300000,1141106
4100,42896078,寶德旺商務有限公司,臺中市太平區長億里太平路81號地下層,500000,1141118
4101,42897099,泰力鈞股份有限公司,臺中市豐原區文賢街102號1樓,7000000,1141104
4102,42897978,秀平股份有限公司,臺中市大甲區工六路5號,83000000,1141126
4103,42898076,大滿多建設開發有限公司,臺中市西屯區福聯里福順路958號,29800000,1141106
4104,42898631,創客共好股份有限公司,臺中市西屯區惠來里市政北七路186號12樓之9,23950000,1141113
4184,42984967,守護寶股份有限公司,臺中市西區大和路24號7樓之2,20000000,1141113
4230,43838339,郁光新能源有限公司,臺中市中區自由路二段56號3樓,10000000,1141111
4310,45145403,睿申有限公司,臺中市龍井區龍泉里中社一街142號1樓,500000,1141121
4311,45146536,相榮有限公司,臺中市神岡區岸裡里中山路238巷10之12號,1000000,1141117
4312,45148350,優品傢俱有限公司,臺中市南屯區五權西路二段2號、2號2樓,1000000,1141119
4313,45149490,河牛肉品專賣有限公司,臺中市南屯區新生里龍富路四段583號1樓,100000,1141105
4314,45189252,名都企業有限公司,臺中市北屯區平昌里興安路一段169號17樓之2,1000000,1141110
4315,45192117,穀羽食業股份有限公司,臺中市北屯區榮德路491號,10000000,1141104
4316,45197035,隆合機械有限公司,臺中市龍井區三港路水裡港巷31-11號1樓,1000000,1141110
4317,45799944,新興造林股份有限公司,臺中市霧峰區中正路文化巷13號,300000,1141113
4318,45876420,貴群峰威有限公司,臺中市烏日區五光路961巷2號,1000000,1141114
4320,45879411,盛昌營造有限公司,臺中市西屯區河南路二段262號13樓之3,12000000,1141106
4321,45881541,翊登科技股份有限公司,臺中市太平區太平里新仁路一段22巷102號,16000000,1141127
4322,45883338,誠維貿易有限公司,臺中市太平區成功東路42巷11弄1號1樓,23000000,1141127
4324,45885737,心想事成國際有限公司,臺中市沙鹿區六路九街59巷1號1樓,500000,1141118
4325,45886095,慶豐盈國際開發行銷有限公司,臺中市沙鹿區三鹿里自強路175巷108號1樓,200000,1141114
4327,45887778,匯澄房仲開發有限公司,臺中市南區工學路50號1樓,1080000,1141121
4328,45888896,豐裕建築經理事業股份有限公司,臺中市西區臺灣大道二段181號地下1層,29800000,1141118
4389,50752482,肥達國際有限公司,臺中市西屯區文心路三段241號21樓之2,3000000,1141111
4415,50777646,優緹科技有限公司,臺中市西屯區市政北二路238號27樓之1,2000000,1141117
4428,50783197,酷客蛇數位行銷股份有限公司,臺中市中區大墩里光復路151號9樓之6,6000000,1141107
4459,50811399,品森樂活室內裝修空間設計有限公司,臺中市北屯區三和里東山路一段140巷2弄67號1樓,500000,1141113
4460,50811736,石貳投資股份有限公司,臺中市西屯區福聯里福科路699號11樓,120000000,1141114
4461,50812643,成昱應用材料股份有限公司,臺中市神岡區南社里中山路725之3號,4800000,1141117
4462,50813214,金和旺工業股份有限公司,臺中市太平區永隆里園區路188號1樓,6000000,1141126
4464,50814332,陸一開發實業有限公司,臺中市北屯區南興二路285號10樓之1,25000000,1141126
4465,50819527,森萊盉工業有限公司,臺中市西屯區協和里工業區三十五路7號,11000000,1141125
4466,50822070,呈禾工程規劃有限公司,臺中市南屯區大進街679號3樓,1000000,1141118
4467,50822086,六澄澄建材有限公司,臺中市烏日區環河路一段862巷66之15號,6000000,1141126
4468,50824577,大丰開發營造工程股份有限公司,臺中市南區新榮里學府路170號4樓之162,12000000,1141121
4469,50824633,芳欣生物科技有限公司,臺中市潭子區潭陽里圓通南路138號1樓,1000000,1141114
4471,50825669,陶朱樂心股份有限公司,臺中市烏日區公園路59號1樓,3000000,1141111
4472,50828482,立寶開發建設有限公司,臺中市豐原區葫蘆里中正路305號3樓,1000000,1141110
4473,50829406,澄逸行銷有限公司,臺中市神岡區溪洲里神洲路846號1樓,623858,1141124
4474,50830425,曙光通訊有限公司,臺中市東區振興里大勇街151號2樓,500000,1141127
4475,50831389,淼森工程有限公司,臺中市龍井區舊車路福壽巷42之1號1樓,18100000,1141106
4476,50831640,常益有限公司,臺中市北屯區松竹五路一段235號1樓,500000,1141121
4477,50838046,和農科技有限公司,臺中市烏日區烏日里公園路322巷10號1樓,1000000,1141106
4478,50838307,台灣宸運雲端有限公司,臺中市西屯區福安里安和路168號6樓之1,3000000,1141117
4497,50856711,台灣勞氏有限公司,臺中市南屯區大業里大進街490號10樓之3,12000000,1141124
4565,50913728,天勤搬家貨運股份有限公司,臺中市北屯區敦化路一段585號2樓,14100000,1141126
4611,50958371,騏揚倍力國際有限公司,臺中市西屯區市政北七路186號15樓之5,6100000,1141126
4615,50960947,仕廣興業有限公司,臺中市大雅區民生路四段333巷131號,500000,1141104
4666,51156933,永錸實業股份有限公司,臺中市西屯區西屯路二段208巷12號1樓,7200000,1141117
4667,51320651,幸照企業有限公司,臺中市西屯區西墩里環中路二段1298號,5000000,1141114
4669,51326774,欣中天然氣股份有限公司,臺中市西屯區天水中街36號,1803073160,1141111
4670,51526561,泰陽橡膠廠股份有限公司,臺中市太平區新仁路一段22巷63號,31000000,1141118
4671,51710996,源昌木業製材股份有限公司,臺中市西區臺灣大道二段489號27樓之1,104000000,1141110
4672,51932527,龍昌機械股份有限公司,臺中市太平區長安東路52號,28620800,1141104
4674,52210554,聯鎖企業股份有限公司,臺中市北屯區太順三街46號,40680000,1141120
4679,52242802,大祥鋼業股份有限公司,臺中市東區建功街38號,20000000,1141124
4684,52300372,犂記實業股份有限公司,臺中市北區賴旺里中清路一段788號1樓,8000000,1141113
4693,52366676,三豐爐業有限公司,臺中市西區昇平里民生路449號,5000000,1141111
4709,52429898,大宙金屬工業股份有限公司,臺中市南屯區工業區23路2號,20000000,1141103
4712,52442219,博藝社儀器有限公司,臺中市南屯區溝墘里大墩路916號2樓,1000000,1141103
4715,52459436,安豐彈簧企業股份有限公司,臺中市南區樹義里復興路一段28號,17000000,1141104
4716,52459822,達駿冷凍食品股份有限公司,臺中市西屯區協和里工業區8路6號,120000000,1141121
4723,52467999,良豪工業股份有限公司,臺中市南屯區寶山里工業區二十四路33號,218000000,1141120
4727,52475956,楊義興實業有限公司,臺中市西區中興里美村路一段172號3樓,5000000,1141120
4729,52476293,三鎰水電工程有限公司,臺中市西屯區大信街60號5樓之3,12000000,1141120
4733,52484527,住新建設股份有限公司,臺中市西屯區逢甲路29之1號2樓之3,20000000,1141125
4736,52497038,鉅鋼機械股份有限公司,臺中市西屯區工業區七路22號,750000000,1141125
4740,52508078,欣農股份有限公司,臺中市南屯區大墩十四街328號13樓之5,3000000,1141127
4743,52528089,名研電機工業股份有限公司,臺中市烏日區光明里五光路533號,10000000,1141121
4745,52530120,聚太企業股份有限公司,臺中市北區太原路二段306號2樓,11440000,1141126
4751,52546734,憶昇實業有限公司,臺中市南屯區寶山里工業區22路9號,6000000,1141125
4752,52547868,華佑實業有限公司,臺中市西區忠誠里大隆路20號14樓之5,20000000,1141114
4754,52553349,宏政紙行股份有限公司,臺中市西區公平里精誠11街24號2樓之1,17500000,1141104
4763,52576201,順基企業有限公司,臺中市沙鹿區六路里六路十街110號1樓,9090000,1141118
4767,52594171,金尚發實業有限公司,臺中市北屯區仁和里崇德十路二段338號,900000,1141118
4768,52596847,諒奇股份有限公司,臺中市西區後龍里民權路231之1號3樓,70220000,1141105
4783,52667791,公贊股份有限公司,臺中市南屯區寶山五街42號,11400000,1141127
4784,52669257,森永精密工具廠有限公司,臺中市大里區仁化里仁美路68號1樓,29000000,1141125
4786,52680823,崑明實業股份有限公司,臺中市南屯區環中路五段202巷33號1樓,6000000,1141125
4794,52707870,健豐泡綿股份有限公司,臺中市潭子區潭興路一段17巷11之6號,150000000,1141110
4809,52795310,野剛有限公司,臺中市大里區東湖里利民街7巷36弄16號1樓,17000000,1141124
4812,52811613,中源機電顧問股份有限公司,臺中市西屯區烈美街188號1樓,220000000,1141124
4813,52824146,大詠鋁業股份有限公司,臺中市西屯區工業區十路6號,18000000,1141103
4821,52886780,寧茂企業股份有限公司,臺中市西屯區協和里工業區三十三路17號1樓,300000000,1141111
4822,52888746,志曄實業股份有限公司,臺中市西屯區福上巷175號,7800000,1141121
4826,52895839,震昇精密工業股份有限公司,臺中市霧峰區新埔路241號,10000000,1141104
4837,52935038,笙達建設有限公司,臺中市北屯區雷中街18巷8號,10000000,1141111
4840,52941833,立全金屬工廠有限公司,臺中市南區復興路一段29號,6000000,1141113
4848,53040902,俊達營造有限公司,臺中市東區六順路112號2樓,11680000,1141105
4849,53043160,政翔機械股份有限公司,臺中市大甲區薰風里順天路66號1樓,1000000,1141124
4851,53045189,由全環境科技有限公司,臺中市東區泉源里樂業二路92號8樓之13,4000000,1141119
4853,53045272,益墅精工營造有限公司,臺中市南屯區大同里大墩七街131號,3000000,1141118
4854,53045370,奧立德實業有限公司,臺中市西屯區港尾里中康街208號4樓之16,1000000,1141113
4856,53054193,羅杰塑膠科技股份有限公司,臺中市大肚區沙田路一段320巷35號,129000000,1141125
4864,53070314,鼎宬發工業有限公司,臺中市梧棲區永安里永興路一段75號,1388888,1141120
4869,53075459,傑品生物科技有限公司,臺中市西區忠明南路237號10樓之4,5000000,1141105
4913,53132521,聖華工具有限公司,臺中市太平區光隆里東光街90號1樓,2800000,1141103
4914,53135962,美蓓亞傳動科技股份有限公司,臺中市西屯區工業區33路15號,7000000,1141120
4917,53141845,萬達全球科技股份有限公司,臺中市北屯區平田里旅順路二段264號,6000000,1141121
4932,53157661,睿登國際有限公司,臺中市潭子區崇德路五段560-29號1樓,250000,1141103
4938,53168870,承垣企業有限公司,臺中市南區樹義里福田三街87巷11號2樓,1000000,1141104
4939,53169293,金昌昇國際有限公司,臺中市大里區塗城里光正路134巷141弄83、85號,30000000,1141121
4942,53171278,帕波帝國際股份有限公司,臺中市西屯區朝富路213號6樓之8,25000000,1141111
4944,53173418,優德精密研磨股份有限公司,臺中市神岡區豐洲里神洲路66巷27號,3000000,1141113
4947,53177771,雋業有限公司,臺中市西屯區大墩十九街168號1樓,1000000,1141114
4992,53260588,東海藍實業股份有限公司,臺中市龍井區新興路25巷2弄17號1樓,21000000,1141124
4995,53266268,貫群建設有限公司,臺中市北屯區同榮里更生巷212號1樓,6500000,1141110
4998,53270592,上韡工業有限公司,臺中市南區福順里忠明南路787號20樓之1,5000000,1141110
5003,53280249,金煜工程有限公司,臺中市龍井區田中里龍北路350巷17號,3000000,1141120
5006,53281681,樂活開發生技有限公司,臺中市南屯區大同里向上南路一段163號2樓之4,6500000,1141107
5008,53283772,興富康工業有限公司,臺中市太平區新高里樹德路290之8號,12600000,1141120
5009,53284300,瑞源豆類股份有限公司,臺中市梧棲區草湳里緯六路15號,29000000,1141107
5011,53285624,小武國際有限公司,臺中市東區十全街96號1樓,168000000,1141125
5013,53289564,立堡開發股份有限公司,臺中市西區民龍里英才路449號4樓,218000000,1141106
5015,53290231,台中小客車租賃有限公司,臺中市豐原區豐年路260號1樓,5000000,1141103
5025,53303828,宜達印刷有限公司,臺中市大里區瑞城一街125巷10號,29000000,1141125
5061,53355992,向陽生物科技股份有限公司,臺中市太平區宜欣里宜欣二路143號,3000000,1141118
5063,53359701,金宥不動產有限公司,臺中市西屯區福星路120號1樓及122號1、2樓,1000000,1141110
5066,53361875,百億通國際生技有限公司,臺中市西區忠明南路237號9樓之1,2000000,1141107
5067,53364140,元拓國際貿易有限公司,臺中市南屯區永定里永春東六路181號1樓,1000000,1141106
5070,53367821,彪鉅有限公司,臺中市南區忠明南路787號20樓之1,3200000,1141107
5072,53370229,益源事業股份有限公司,臺中市南屯區黎明里干城街283號3樓,3400000,1141107
5076,53373957,田屋科技股份有限公司,臺中市太平區太平里永平路三段143號,110000000,1141118
5085,53391028,京誠股份有限公司,臺中市西屯區惠來里文心路3段47號,15420000,1141104
5086,53391553,藍圖實業有限公司,臺中市北區崇德路一段577之27號1樓,500000,1141103
5089,53392461,全聯土地開發有限公司,臺中市北區長青里天津路一段202號1樓,10000000,1141113
5090,53393503,鄭江股份有限公司,臺中市東區合作里自強街24巷19號1樓,36000000,1141120
5091,53397331,楓林機電實業有限公司,臺中市太平區宜欣里宜昌東路148號1樓,29000000,1141121
5092,53398177,松園苑開發有限公司,臺中市沙鹿區埔子里正英十三街128號,5000000,1141127
5094,53402947,睿蕂實業有限公司,臺中市大雅區員林里中清路四段242號1樓,5000000,1141110
5095,53403657,源台國際股份有限公司,臺中市西屯區福和里臺灣大道四段925號20樓之5,17000000,1141125
5097,53406248,范特喜微創文化股份有限公司,臺中市北區博館路92號4樓,21000000,1141126
5098,53406280,齊力新開發有限公司,臺中市南屯區豐樂里萬和南街268號2樓,10000000,1141121
5133,53474977,智郁開發股份有限公司,臺中市西屯區潮洋里臺灣大道三段789號10樓之1,8200000,1141118
5134,53475835,杰能科技有限公司,臺中市外埔區大東里甲區路五段185巷59弄6號1樓,20000000,1141127
5137,53481365,翔鑫工程股份有限公司,臺中市沙鹿區正德路191巷9號1樓,5000000,1141124
5139,53483568,寶成興業有限公司,臺中市西屯區西墩里環中路二段1298號,500000,1141113
5141,53486164,植萃美肌股份有限公司,臺中市西屯區臺灣大道四段925號14樓之3,5000000,1141103
5144,53490006,倍斯特隔熱紙有限公司,臺中市西區公正里大墩十街11號1樓,1000000,1141121
5146,53490786,穎冠茶飲企業股份有限公司,臺中市南屯區新生里龍富路四段165號,22000000,1141117
5156,53500911,豪峰科技股份有限公司,臺中市潭子區東寶里雅潭路二段105巷98號1樓,29875000,1141106
5162,53507822,速立達有限公司,臺中市西屯區何德里大信街60號3樓之1,1000000,1141120
5163,53510642,昌澤機械股份有限公司,臺中市潭子區大豐里潭富路二段288號,88000000,1141105
5186,53546521,佑閱營造工程股份有限公司,臺中市北區中清路一段89號8樓之6至8樓之8,32500000,1141121
5236,53603923,瑞吉特股份有限公司,臺中市北區東光三街5號2樓,6000000,1141119
5238,53607738,再曜股份有限公司,臺中市西屯區福星西路39號3至10樓,137000000,1141125
5241,53610121,鈕吧娛樂事業有限公司,臺中市西區民龍里西屯路一段177號1樓,100000,1141121
5242,53610136,葳信國際貿易有限公司,臺中市西屯區何德里漢口路二段151號15樓之5,2000000,1141119
5246,53614891,禾邁股份有限公司,臺中市霧峰區北勢里丁台路585之2號,80000000,1141119
5250,53617476,印象室內裝修工程有限公司,臺中市南區德義里仁義街22號1樓,1000000,1141125
5251,53617779,寶泰國際事業股份有限公司,臺中市北區文心路四段208之1號13樓之1,10000000,1141124
5254,53621751,升浤五金有限公司,臺中市大雅區員林里神林路1段148號,500000,1141125
5257,53630941,潤鴻科技有限公司,臺中市西屯區工業區四十路25號,4970000,1141119
5260,53633320,嘉凰建設股份有限公司,臺中市大里區長榮里新南路218號2樓,89600000,1141125
5261,53633399,原田國際室內裝修設計工程有限公司,臺中市南屯區田心里文心路一段73號5樓之1,2060000,1141104
5262,53634192,珖澈有限公司,臺中市北區忠明路211號9樓之4,1100000,1141125
5263,53635278,寶意投資股份有限公司,臺中市西屯區臺灣大道四段600號13樓,10000000,1141126
5264,53635299,寶暉投資股份有限公司,臺中市西屯區台灣大道四段600號13樓,10000000,1141126
5265,53635426,金鑑開發股份有限公司,臺中市豐原區翁社里豐年路155號1樓,10000000,1141119
5272,53640650,豐裕景觀股份有限公司,臺中市西區臺灣大道二段181號地下一層,60000000,1141118
5275,53643615,水沐蘭精品旅館股份有限公司,臺中市沙鹿區南勢里過洋路15號1樓,20000000,1141105
5278,53648409,全鈦鈑金工業有限公司,臺中市西屯區福林里西屯路三段159之72號7樓,6000000,1141125
5284,53673639,英屬維京群島商柏蔚全球國際股份有限公司,臺中市西區中興里公益路132號11樓,15000000,1141112
5345,53773671,愛與光股份有限公司,臺中市太平區民族街23之4號,5000000,1141103
5350,53781031,台灣蘇晶股份有限公司,臺中市大雅區科雅路27.29號1樓,39000000,1141103
5351,53782088,喬德建設事業股份有限公司,臺中市西屯區至善里臺灣大道三段686之1號3樓,190000000,1141118
5354,53793830,成陽營造有限公司,臺中市梧棲區臺灣大道八段466號1樓,22500000,1141114
5360,53803984,鴻元工業股份有限公司,臺中市大雅區雅楓里德勝路81號1樓,20000000,1141118
5361,53804392,群森實業有限公司,臺中市西屯區何成里大容西街39號5樓之3,600000,1141105
5371,53812647,益昕國際股份有限公司,臺中市西屯區惠來里市政北七路186號11樓之2,20000000,1141124
5374,53813815,耕銪國際股份有限公司,臺中市西屯區福恩里工業區一路2巷3號3樓之7,6000000,1141119
5379,53821717,米米實業有限公司,臺中市北屯區舊社里南興東路18號,43000000,1141113
5385,53828991,星野光學有限公司,臺中市西屯區工業區一路58巷33弄33之1號1樓,2000000,1141106
5387,53832643,瑞元股份有限公司,臺中市西區東昇里樂群街216巷31號3樓,10000000,1141118
5388,53834115,中彰資產管理有限公司,臺中市北屯區軍功里環中東路二段188號,50000,1141106
5396,53843629,拓凡環保科技有限公司,臺中市北屯區正道街89號1樓,2500000,1141103
5407,53873101,呈大物流股份有限公司,臺中市沙鹿區晉江里晉文路138號1樓,20000000,1141119
5410,53874919,聯懿企業有限公司,臺中市西屯區潮洋里市政北二路282號19樓之10,2100000,1141107
5413,53876971,百醫醫材科技股份有限公司,臺中市西區英才路530號20樓之6,87828120,1141119
5415,53877845,上瑋投資有限公司,臺中市神岡區新庄里溪頭路326號2樓,20000000,1141118
5416,53878008,敦斐建設股份有限公司,臺中市西屯區何福里成都路139號1樓,79500000,1141106
5468,53968747,喬立有限公司,臺中市潭子區大豐里潭富路二段290號,1000000,1141124
5469,53969491,中南海國際管理顧問股份有限公司,臺中市南屯區大墩十一街64號,6000000,1141111
5470,53969540,地寶實業有限公司,臺中市南區國光路5之1號4樓,1000000,1141107
5471,53971530,冠鈞鈑金股份有限公司,臺中市龍井區三德里中央路二段111巷2號,15000000,1141114
5477,53989546,富安鋼鋁有限公司,臺中市太平區大興十六街69號,60500000,1141125
5479,53993112,蘊荷方興業股份有限公司,臺中市北區太原路二段197號1樓,53000000,1141104
5482,53994246,台中眾鈴汽車股份有限公司,臺中市外埔區二崁路568巷36號,1101000000,1141103
5488,54001625,精升有限公司,臺中市大里區金城里金德街27號1樓,8000000,1141107
5491,54002912,世誠生技股份有限公司,臺中市南區和平里忠明南路760號5樓,10000000,1141106
5492,54005208,福碩管理顧問股份有限公司,臺中市烏日區長春街131號1樓,24000000,1141103
5565,54092505,山琳有限公司,臺中市南屯區豐樂里向心南路338號,12000000,1141124
5574,54104164,富聚開發有限公司,臺中市西屯區市政北二路238號25樓之1,90000000,1141126
5575,54106965,東盛開發工程有限公司,臺中市梧棲區中正路423巷39弄1號1樓,1000000,1141119
5576,54109718,耀昇藥品有限公司,臺中市西屯區大鵬里長安路二段179號9樓之1,500000,1141104
5577,54110335,宏興工程顧問有限公司,臺中市北區梅川西路四段199號1樓,1000000,1141103
5578,54112636,超維汽車實業有限公司,臺中市南屯區環中路三段1170號1樓,15000000,1141103
5582,54117034,華相投資股份有限公司,臺中市西屯區市政北一路367號11樓之1,10000000,1141120
5586,54121558,鑫大順建設股份有限公司,臺中市南區長榮里愛國街47號5樓,22000000,1141107
5588,54124936,碳氫硒永續股份有限公司,臺中市西區民龍里臺灣大道二段307號6樓之1,3000000,1141111
5593,54127933,銓鑫裝潢工程有限公司,臺中市西屯區何安里重慶路99號5樓之3,5000000,1141120
5605,54151969,典典藍有限公司,臺中市西屯區何源里成都路195號5樓,1000000,1141106
5617,54166554,台灣三田物產股份有限公司,臺中市西屯區大鵬里文心路三段241號19樓之6,45000000,1141127
5663,54224920,長虹開發投資股份有限公司,臺中市南屯區大墩路38號,10000000,1141105
5664,54225081,雅沐貿易有限公司,臺中市南區忠明南路787號20樓之1,10000000,1141120
5672,54239819,觔斗雲貿易有限公司,臺中市西屯區何源里河南路一段170號5樓之1,1000000,1141113
5676,54241809,沛思坦數位決策運算股份有限公司,臺中市西屯區市政路386號16樓之3,250000000,1141121
5677,54243095,安禾資訊有限公司,臺中市北區進化路485號1樓,10000000,1141125
5687,54265132,福勇金屬工業有限公司,臺中市大安區安溪路45號,20000000,1141120
5689,54267758,比利喜有限公司,臺中市西區公益里忠明南路237號9樓之4,1000000,1141119
5695,54279591,百事樂國際有限公司,臺中市南區福順里忠明南路787號20樓之1,3000000,1141104
5721,54317477,善祐生技醫療器材股份有限公司,臺中市西區民龍里英才路530號9樓之5,80000000,1141118
5736,54332673,台灣彰星自行車零組件有限公司,臺中市豐原區下街里源豐路150號1樓,4398650,1141120
5776,54509756,大鈺營造工程有限公司,臺中市南區樹德里德祥街15巷20號5樓之2,12000000,1141111
5788,54534586,冠聖營造股份有限公司,臺中市西屯區河南路二段270號2樓,50000000,1141119
5809,54579345,鏡讚科技有限公司,臺中市西屯區大河里大河一巷2號,1500000,1141114
5810,54579464,歐慕思多益行銷有限公司,臺中市西屯區何安里文心路三段6之8號11樓之3,300000,1141107
5811,54585584,馥御國際貿易有限公司,臺中市南屯區豐樂里豐功路13號,2000000,1141120
5812,54587979,協源生技股份有限公司,臺中市北屯區平順里昌平路一段360號2樓,3000000,1141105
5813,54589049,福爾摩沙噴嘴有限公司,臺中市西屯區福恩里工業區一路58巷11弄56號1樓,500000,1141105
5814,54591517,世裕精密股份有限公司,臺中市太平區德隆里園區五路22號,48000000,1141117
5815,54591925,富漾國際事業有限公司,臺中市北屯區崇德路二段130號5樓,1000000,1141114
5816,54593374,雙囍婚宴會館有限公司,臺中市南屯區大墩七街361號1樓、363號1樓、365號1樓,3900000,1141118
5817,54593677,品正投資股份有限公司,臺中市沙鹿區日新街66號3樓,29800000,1141125
5818,54593803,騏懋科技有限公司,臺中市大里區塗城里塗城路347巷46號,1000000,1141119
5819,54594373,駿期興業有限公司,臺中市太平區聖和里光興路2206號,1000000,1141104
5821,54594839,小寶股份有限公司,臺中市北屯區昌平三街53號1至5樓,61090000,1141121
5822,54596175,金賀國際有限公司,臺中市北屯區中清路二段1250巷96弄12號1樓,5000000,1141106
5823,54596409,東鉅建築經理股份有限公司,臺中市北屯區山西北一街82號4樓,10000000,1141110
5824,54597337,久禾空間設計有限公司,臺中市南屯區大進街679號2樓,2000000,1141120
5825,54601162,合誼科技有限公司,臺中市西區忠誠里大隆路20號8樓之9,1000000,1141125
5826,54601281,浤沛設計有限公司,臺中市西區安龍里五權路2之3號10樓,1000000,1141121
5827,54602134,巨永昌機械股份有限公司,臺中市豐原區東陽里東陽路豪傑一巷14號1樓,1000000,1141113
5828,54602612,赤商國際股份有限公司,臺中市北屯區平昌里天津路四段203號,16750000,1141107
5829,54603400,喫茶小舖股份有限公司,臺中市西屯區西屯路二段10之3號2樓,25000000,1141125
5830,54605821,曜樽洋酒有限公司,臺中市東區東英里東英路766號11樓之7,8000000,1141114
5831,54607927,兆明投資股份有限公司,臺中市南屯區工業區二十路1號,29880000,1141118
5840,54626298,達信工程實業有限公司,臺中市中區自由路二段12號8樓之5,18000000,1141107
5918,54730503,飛律投資股份有限公司,臺中市大里區祥興里亞洲街147巷4之3號,3600000,1141118
5927,54741229,如寓有限公司,臺中市神岡區豐原大道七段579號,137000000,1141107
5928,54743129,協生環保科技有限公司,臺中市梧棲區安仁里臺灣大道九段2巷53號1樓,5000000,1141120
5929,54745870,今岳國際股份有限公司,臺中市西屯區工業區六路8號3樓,165925140,1141126
5930,54746414,台亞聯國際有限公司,臺中市南屯區文心路一段186號17樓之8,5000000,1141125
5931,54746532,光成國際有限公司,臺中市神岡區豐洲里東洲路73號一樓,3000000,1141126
5934,54754223,長桔股份有限公司,臺中市北屯區陳平里敦化路一段599號9樓之5,1000000,1141103
5935,54756051,富隆事業股份有限公司,臺中市西屯區港尾里中清路三段91之25號,10000000,1141126
5936,54765039,歐斯卡亞太有限公司,臺中市西屯區河南路一段99號3樓,4500000,1141110
5937,54765489,美和材料有限公司,臺中市太平區永豐路148號,15000000,1141107
5938,54765734,濬廣企業有限公司,臺中市北區賴厝里賴厝街66號,5000000,1141121
5939,54768351,大丰精業有限公司,臺中市北區六合里篤行路33號4樓之6,1000000,1141125
5940,54768839,璟德建設股份有限公司,臺中市北區頂厝里崇德路一段503巷27號1樓,30000000,1141121
5941,54768845,舜陽興業股份有限公司,臺中市西屯區何成里大墩十八街195號3樓之1,10800000,1141105
5951,54790179,安宥科技股份有限公司,臺中市北屯區舊社里南興二路283號13樓之5,1500000,1141119
5997,54882085,布拉格餐飲有限公司,臺中市北屯區平和里梅川東路四段99號一樓,500000,1141104
5998,54882326,晴天見國際事業有限公司,臺中市南屯區新生里龍富路三段553號2樓,14200000,1141105
5999,54882803,量研資本股份有限公司,臺中市西屯區市政北一路77號8樓之6,3500000,1141105
6000,54883177,明陞工程有限公司,臺中市霧峰區民生路288巷2號1樓,200000,1141121
6001,54886076,富升開發股份有限公司,臺中市西屯區西墩里光明路149號1樓,1000000,1141105
6002,54886505,百丞門顧問有限公司,臺中市大里區爽文路1021巷7號1樓,1000000,1141113
6004,54887862,大岳營造股份有限公司,臺中市北屯區環太東路461號12樓之3,3000000,1141124
6005,54891253,豐廣工程有限公司,臺中市北屯區后庄里后庄路221號1樓,500000,1141127
6006,54891275,喬興投資股份有限公司,臺中市大肚區遊園路一段124巷66號,70000000,1141104
6007,54893800,立研室內裝修設計股份有限公司,臺中市南區樹義里復興路一段135號1樓,1000000,1141113
6008,54894174,鎰鑫永業有限公司,臺中市潭子區頭家東里大成街120巷3號1樓,5000000,1141127
6009,54894391,豐華花卉有限公司,臺中市外埔區三崁里甲后路三段395號,1500000,1141119
6010,54896525,長螢興業有限公司,臺中市西屯區大鵬里文心路三段241號14樓之1,300000,1141121
6011,54898713,碩鴻國際企業有限公司,臺中市龍井區沙田路六段109巷3號1樓,2500000,1141111
6012,54898782,海威精密科技有限公司,臺中市北屯區舊社里順興街320號,10000000,1141121
6013,54899121,宇全企業有限公司,臺中市西屯區港尾里環中路二段680號,500000,1141127
6014,54900653,達峻有限公司,臺中市南區福順里忠明南路789號38樓之2,102160000,1141117
6015,54900979,美林國際有限公司,臺中市北區淡溝里館前路19號7樓之2,1000000,1141117
6016,54901436,錞霖有限公司,臺中市西屯區文心路二段201號18樓之5,10000000,1141110
6017,54909227,昭俐儀器有限公司,臺中市西屯區寧夏路205之1號1樓,5000000,1141113
6018,54910364,勝璟金屬有限公司,臺中市豐原區北陽里南陽路158巷50號1樓之2,2500000,1141124
6067,54958492,台灣四網通科技有限公司,臺中市南屯區同心里文心路一段218號19樓之1,6750000,1141119
6079,54966401,德商雅克斯運動有限公司,臺中市東區東南里自強南街6巷3號1樓,2000000,1141124
6107,54995264,韋裕有限公司,臺中市北區文心路四段200號8樓之8,1000000,1141114
6115,55051523,永進機械工業股份有限公司,臺中市神岡區新庄里和睦路一段888號,566780000,1141103
6116,55056800,民安化學工業股份有限公司,臺中市豐原區朴子里豐勢路二段1005號,20000000,1141113
6119,55202402,音藝社電器有限公司,臺中市豐原區富春里復興路126號,1500000,1141104
6124,55286182,新亞家用木器股份有限公司,臺中市豐原區合作街七六巷三六號,1500000,1141114
6129,55626458,錚典科技國際有限公司,臺中市西區民龍里臺灣大道二段220號12樓,6000000,1141119
6130,55637693,台灣昭工股份有限公司,臺中市潭子區建國路28號,10000000,1141106
6133,55640466,履昌皮革業股份有限公司,臺中市南區樹義里福田一街98巷15號1樓,19100000,1141104
6137,55672620,君臨有限公司,臺中市西屯區西平里逢甲路97之1號,6001000,1141126
6142,55680950,星壤國際有限公司,臺中市南區忠明南路787號20樓之2,7000000,1141111
6152,55716887,日光食品工廠股份有限公司,臺中市大甲區岷山里中山路一段912號,15000000,1141113
6154,55718533,欽成營造股份有限公司,臺中市西屯區市政路402號25樓之5,200000000,1141118
6159,55735012,巧口樂實業股份有限公司,臺中市烏日區中山路一段265巷1號,57600000,1141124
6161,55736912,幸記工業股份有限公司,臺中市烏日區學田里學田路342號,423000000,1141117
6163,55742999,順台企業股份有限公司,臺中市太平區德隆里光德路42號,12000000,1141125
6165,55753165,葉青機械股份有限公司,臺中市太平區中興里永平路二段535巷46號,8500000,1141105
6168,55762208,利裕股份有限公司,臺中市大肚區沙田路二段399號,12000000,1141107
6176,55797522,鉦記工業股份有限公司,臺中市石岡區萬興里豐勢路689號,95890000,1141118
6178,55828460,東星機械股份有限公司,臺中市豐原區東湳里國豐路二段519巷202號1樓,17000000,1141125
6180,55837453,毅發鋼鐵有限公司,臺中市豐原區圓環東路224號,12000000,1141117
6182,55844193,活力康有限公司,臺中市南屯區大業里公益路二段51號地下1樓之3,6500000,1141106
6187,55857746,高鋒工業股份有限公司,臺中市大雅區科雅路16號,1089632650,1141119
6200,55891322,士榮運動器材有限公司,臺中市大里區東湖里利民街7巷36弄16號1樓,8000000,1141125
6206,55910708,崑藤工業股份有限公司,臺中市大雅區上楓里民生路三段269號,80000000,1141126
6207,55912488,金竑精密股份有限公司,臺中市大雅區田心街10號,115500000,1141103
6209,55916105,銓聯鑫有限公司,臺中市北屯區崇德路二段168號10樓之16,3000000,1141120
6223,55939803,壹崧實業股份有限公司,臺中市神岡區社南里中山路885號,7000000,1141117
6225,55956416,戴數科技有限公司,臺中市西區後龍里民權路219號2樓,6000000,1141126
6228,55978642,三發製網股份有限公司,臺中市大雅區上雅里民生路一段264號,367640000,1141113
6231,56008503,大甲汽車貨運股份有限公司,臺中市大甲區江南里經國路1689巷3號,20000000,1141105
6232,56053339,慶恩建材實業有限公司,臺中市中區自由路二段12號8樓之6,5000000,1141106
6244,56604707,兩果文化創意有限公司,臺中市北屯區天祥街19號,3000000,1141114
6253,56644200,伸保木業股份有限公司,臺中市龍井區工業路182巷3號,76584400,1141107
6257,56660572,大甲化工實業股份有限公司,臺中市大甲區義和里中山路一段525號,100000000,1141113
6271,56676244,港洲營造股份有限公司,臺中市沙鹿區四平街53之1號,800000000,1141119
6274,56690647,旭東機械工業股份有限公司,臺中市后里區后科南路30號,788400000,1141127
6277,56806990,宗暐膠業股份有限公司,臺中市豐原區豐田里豐南街92巷216號,5000000,1141117
6281,57231902,環台水泥製品股份有限公司,臺中市大肚區王田里沙田路一段320巷50號,80000000,1141117
6284,57655112,新豐冷凍股份有限公司,臺中市石岡區萬興里豐勢路699號,27000000,1141120
6286,58052808,穩發綠能有限公司,臺中市北區頂厝里進化北路238號8樓之1,1000000,1141124
6290,58266105,長贊投資有限公司,臺中市西區柳川東路二段35巷7號1樓,150000,1141119
6294,58543609,欣原精密工業有限公司,臺中市龍井區忠和里工業路188巷26之1號,18800000,1141113
6296,58584925,金鐘餐飲股份有限公司,臺中市北屯區文心路四段955號12樓之1,7500000,1141119
6317,59055727,豐天露科技有限公司,臺中市西屯區華美西街二段311號2樓之1,500000,1141110
6350,59224250,台灣活性脂質股份有限公司,臺中市北屯區平田里文心路四段955號20樓之6,11683678,1141110
6407,59881901,榛家室內裝修工程有限公司,臺中市西屯區黎明路二段800號1樓,20000000,1141106
6408,60200805,商克投資有限公司,臺中市西區土庫里美村路一段540號7樓之1,80000000,1141106
6409,60210867,彰慶營造工程股份有限公司,臺中市西區安龍里五權路29之4號2樓,200000000,1141111
6411,60225637,廣盛整合行銷有限公司,臺中市北區崇德路一段631號16樓之2,6500000,1141117
6412,60226777,雅豐建設企業股份有限公司,臺中市大雅區中清路三段989號,28000000,1141103
6414,60234684,富億順國際有限公司,臺中市西屯區環中路三段988號,1000000,1141124
6416,60242777,香村股份有限公司,臺中市北區民權路452之2號4樓,3428000,1141106
6418,60245275,生寶國際生技股份有限公司,臺中市北區光大里中清路一段100號5樓,70000000,1141126
6420,60253921,巨翔科技有限公司,臺中市北屯區平陽里安順東二街69號1樓,1000000,1141120
6421,60256743,啟三肉品有限公司,臺中市后里區舊社里舊社路8之33號,20000000,1141121
6422,60258290,夢想美學股份有限公司,臺中市南區五權南路167號地下1樓之6,100000,1141126
6423,60261859,諾斯賽爾有限公司,臺中市北屯區崇德二路二段168號,500000,1141107
6424,60267024,德惠國際有限公司,臺中市西區精誠二十四街15號,1000000,1141126
6425,60268229,新元石建材有限公司,臺中市太平區新城里樹孝路115巷5弄21號7樓,11000000,1141110
6426,60268494,佳益企業有限公司,臺中市神岡區神洲路852巷68號1樓,3600000,1141105
6427,60270436,京揚投資股份有限公司,臺中市北屯區文昌東五街14號1樓,16140000,1141127
6429,60276157,旺華工程股份有限公司,臺中市烏日區太明路成豐巷101弄56號1樓,10000000,1141104
6430,60278465,東懋投資股份有限公司,臺中市北屯區文昌東五街16號1樓,20020000,1141127
6431,60279555,天思數位科技股份有限公司,臺中市烏日區三和里高鐵一路268號18樓之1,50497750,1141128
6433,60290587,祥豐水產有限公司,臺中市東區樂成里旱溪西路一段283號1樓,1000000,1141113
6434,60296885,鴻沛實業股份有限公司,臺中市大里區仁美路98號,20000000,1141118
6437,60313982,立寶土地開發有限公司,臺中市豐原區葫蘆里中正路305號2樓,1000000,1141110
6439,60322574,晟嘉營造股份有限公司,臺中市北區錦村里進化路350號,9000000,1141117
6440,60322912,游隼運動有限公司,臺中市新社區新社里興社街四段45巷26號,350000,1141105
6441,60325848,益廷鍛造工業股份有限公司,臺中市太平區德明路90巷33號,1000000,1141118
6442,60328649,富康泰有限公司,臺中市南屯區三和里黎明東街463號3樓,3000000,1141125
6443,60330167,依菲菈國際有限公司,臺中市西區臺灣大道二段186號20樓之5,3000000,1141107
6444,60332284,詮承建設股份有限公司,臺中市北區華富街30號2樓,27500000,1141111
6445,60387098,金恆興科技有限公司,臺中市東勢區泰昌里東崎路五段346號,3000000,1141114
6456,60412874,安倪公主股份有限公司,臺中市西屯區西墩里環中路二段1166之5號,6000000,1141103
6457,60412895,圓正投資有限公司,臺中市東區東門里天乙街132號1樓,30000000,1141113
6458,60413331,福司科技股份有限公司,臺中市后里區中和里犁份路20號,96250,1141106
6459,60413640,律源科技股份有限公司,臺中市南屯區文心路一段306號地下一層之1,1000000,1141125
6460,60413748,洋利有限公司,臺中市南屯區中和里南光路12之1號1樓,200000,1141105
6474,60419932,太明有限公司,臺中市烏日區站區二路8號,9000000,1141121
6475,60419953,蔘耀拾玖有限公司,臺中市西屯區何成里大墩十九街176號,300000,1141114
6476,60420038,柚橙科技有限公司,臺中市西區安龍里自治街176號4樓之4,1300000,1141124
6477,60420086,蕙程資本股份有限公司,臺中市北屯區忠平里陳平一街58號4樓之2,5261000,1141121
6478,60420847,拉峯有限公司,臺中市北屯區昌平路一段400號7樓之1,500000,1141119
6479,60420868,多玐安有限公司,臺中市北區健行里民權路559號3樓之1,1000000,1141120
6486,60423252,老麻記餐飲文化有限公司,臺中市北屯區平昌里文心路四段842號,2000000,1141111
6487,60423529,富麗鑫有限公司,臺中市大甲區文武里德興路143之1號1樓,100000,1141124
6488,60423555,凱傑帝媒體行銷有限公司,臺中市大甲區雁門路348巷17號,100000,1141121
6489,60423746,城果室內裝修工程有限公司,臺中市南屯區大興里五權五街371號1樓,1000000,1141124
6490,60424581,明楚工程股份有限公司,臺中市北區中清路一段89號8樓之6至8樓之8,22500000,1141117
6501,60428968,品果事業有限公司,臺中市南屯區向上路一段690號9樓之6,1000000,1141111
6522,60461425,寶佑食品股份有限公司,臺中市西區公益路155巷9號10樓之2,6140000,1141107
6523,60461712,祐閣室內裝修設計工程有限公司,臺中市北屯區平德里永定二街93之3號4樓,200000,1141121
6525,60462260,維蓁理財股份有限公司,臺中市北屯區舊社里敦富六街22號5樓之5,10000000,1141117
6528,60466499,兆雲設計室內裝修工程有限公司,臺中市大里區塗城里光正路59之3號,500000,1141111
6574,60493741,萊伊實業有限公司,臺中市南屯區楓樹里楓樹南街366號3樓,200000,1141118
6575,60493968,盈豐投資股份有限公司,臺中市北區錦祥里進化路575號11樓之1,5000000,1141106
6576,60494586,百隆租賃有限公司,臺中市北屯區軍和街182號2樓,1000000,1141118
6595,60513211,裕昌管理顧問有限公司,臺中市北屯區和平里正道街310號2樓,800000,1141117
6597,60513964,國研有限公司,臺中市烏日區健行路779號,3000000,1141121
6598,60514231,百盛金屬有限公司,臺中市南屯區嶺東路896號1樓,500000,1141107
6610,60517803,道勤工程顧問有限公司,臺中市南屯區東興路二段278號7樓,5500000,1141119
6613,60526124,巨日豐源有限公司,臺中市梧棲區頂寮里臨港路四段588號17樓之2,500000,1141113
6614,60526433,步凡生物科技有限公司,臺中市潭子區榮興街57巷1號8樓,50000,1141111
6634,60539866,蒔亭室內設計有限公司,臺中市北區賴村里中清路一段388號1樓,300000,1141103
6635,60539887,謙蘊百川股份有限公司,臺中市南屯區豐樂里豐偉路182號14樓之3,3673000,1141121
6636,60540054,元泊泉室內設計有限公司,臺中市北區健行里民權路559號3樓之1,100000,1141103
6637,60540218,靜系研社有限公司,臺中市西區臺灣大道二段406號8樓之1,500000,1141104
6705,60565224,桀勝國際車業有限公司,臺中市北區大誠街148巷2弄6號1樓,30000,1141114
6713,60568587,緒坊開發有限公司,臺中市清水區橋頭里華江北街171號1樓,29000000,1141120
6728,60574589,都市貴人數位科技有限公司,臺中市東區富仁里自由二街91號2樓,500000,1141126
6729,60574835,愛語有限公司,臺中市北區淡溝里舘前路19號7樓之1,2000000,1141111
6730,60575139,叮可股份有限公司,臺中市南屯區豐樂里文心南三路996巷1號,11520000,1141120
6731,60575454,喜茂營造股份有限公司,臺中市太平區新高里立功路307號2樓,3600000,1141120
6732,60575736,佳康健康實業有限公司,臺中市南區西川里三民西路278號2樓,200000,1141104
6733,60576138,福谷股份有限公司,臺中市大雅區員林里神林路一段269號3樓,200000,1141126
6743,60580506,勝堂有限公司,臺中市大里區立仁里甲堤路348號1樓,300000,1141106
6751,60582841,馬韓科技有限公司,臺中市后里區甲后路一段261巷95號,500000,1141110
6756,60583757,翊思科有限公司,臺中市北屯區平安里崇德路二段16號3樓,260000,1141105
6770,60591460,文恩國際教育股份有限公司,臺中市梧棲區中和街188號1樓,10000000,1141113
6771,60591790,鑫丞國際股份有限公司,臺中市潭子區弘智街59號,1000000,1141119
6773,60591996,布璃貿易有限公司,臺中市南屯區大業路241號3樓之1,300000,1141125
6788,60598457,嘉翔運動股份有限公司,臺中市西屯區港尾里環中路二段680號,500000,1141127
6789,60598597,沅泰國際開發股份有限公司,臺中市北屯區文心路四段696號11樓之1,5000000,1141127
6807,60605215,翔巍國際貿易有限公司,臺中市梧棲區四維中路157巷1號3樓,3000000,1141104
6818,60609953,皇翔國際有限公司,臺中市北屯區太順三街22號1樓,500000,1141118
6819,60610092,肽悠生技有限公司,臺中市西區民龍里臺灣大道二段186號14樓之1,1000000,1141114
6820,60610136,東御有限公司,臺中市中區光復里平等街48號8樓之1,2000000,1141111
6821,60610261,量非投資股份有限公司,臺中市北屯區文心路四段528號13樓之9,10000000,1141104
6822,60610831,意志力居家好幫手有限公司,臺中市西區民龍里臺灣大道二段300號7樓之3,1000000,1141127
6824,60611178,永安商社有限公司,臺中市中區光復路151號9樓之6,30000,1141125
6829,60613730,分曜有限公司,臺中市南區福順里忠明南路789號38樓之2,300000,1141104
6830,60613909,協興投資有限公司,臺中市南區永和里南和路38巷32號3樓36號,5500000,1141121
6831,60613942,木米股份有限公司,臺中市南區工學里德富路220號,500000,1141127
6833,60614246,銀海運動科技有限公司,臺中市潭子區勝利三街95號,50000,1141113
6834,60615224,偉泰貿易有限公司,臺中市北屯區平昌里文心路四段936號9樓之2,2000000,1141119
6849,60620177,欣情有限公司,臺中市中區大誠里臺灣大道一段501號10樓之1,1000000,1141107
6850,60620367,玖萬園藝有限公司,臺中市大甲區新美里光明路281巷33號2樓,2000000,1141127
6851,60620633,鉅宇股份有限公司,臺中市南區福順里忠明南路787號20樓之1,2000000,1141113
6852,60621366,丹荷萊雪有限公司,臺中市西屯區福林里福順路482巷8號1樓,100000,1141113
6853,60621751,銓興精密有限公司,臺中市大雅區六寶里光復路3之2號,100000,1141127
6854,60621801,妍為責任有限公司,臺中市大甲區育英路129號1樓,520000,1141110
6855,60622098,陞湛營造股份有限公司,臺中市北屯區環太東路461號12樓之3,24322000,1141105
6869,60628229,洆吉有限公司,臺中市大里區西榮里光榮街32號5樓,1500000,1141113
6870,60628500,速源科技股份有限公司,臺中市豐原區南村里中陽路702號1樓,5000000,1141111
6871,60628972,浩廷環境科技股份有限公司,臺中市西屯區協和里工業區十五路12號,80000000,1141124
6872,60629233,恆睿生技有限公司,臺中市西屯區何安里重慶路99號5樓之3,700000,1141106
6873,60629613,至上管理顧問有限公司,臺中市西區民龍里博館二街100號,500000,1141121
6874,60629819,璜楓智能有限公司,臺中市西區民龍里台灣大道二段220號12樓,1000000,1141104
6875,60630127,中斌股份有限公司,臺中市西屯區協和里安和路49之5號,5000000,1141124
6881,60632048,迦南投資顧問有限公司,臺中市南屯區永春路20號1樓,10000000,1141126
6891,60634496,禾益環保股份有限公司,臺中市西區民龍里臺灣大道二段186號14樓之1,50000000,1141113
6892,60634572,居義有限公司,臺中市外埔區三崁里三環路119號1樓,1000000,1141114
6893,60634587,祥集創意有限公司,臺中市西區後龍里民族路279號2樓,300000,1141103
6894,60634643,木鑫投資有限公司,臺中市西屯區臺灣大道二段910號13樓之2,5000000,1141126
6895,60634735,金銀彤有限公司,臺中市西屯區立仁里甲堤路348號1樓,300000,1141105
6930,60652711,匯雲地產有限公司,臺中市西區民龍里臺灣大道二段300號9樓之3,400000,1141127
6932,60653107,七號國際旅行社股份有限公司,臺中市北區長青里陝西東五街93號2樓,6000000,1141121
6933,60653417,中華職能教育有限公司,臺中市中區大墩里三民路二段109號8樓之1,200000,1141121
6934,60653747,卓益芯材股份有限公司,臺中市龍井區台西南路212巷6之2號3樓,12000000,1141121
6950,60661351,瀧禾有限公司,臺中市北屯區文心路四段955號20樓之6,800000,1141125
6956,60663323,鑫瀚國際股份有限公司,臺中市北屯區太祥路111號,1389620,1141106
6957,60663956,忠燁國際有限公司,臺中市西屯區何德里漢口路二段151號9樓之5,400000,1141121
6958,60664006,嶄諾未來有限公司,臺中市北區錦祥里進化路575號11樓之1,5000000,1141111
6959,60664126,永佳利國際貿易有限公司,臺中市東區干城里福仁街63號1樓,100000,1141125
6960,60664218,鋐聚投資有限公司,臺中市清水區中社里中社路97之3號,26569890,1141125
6961,60664630,望嘉企業有限公司,臺中市南區永興里工學二街95號1樓,6400000,1141105
6962,60665069,呤克供應鏈股份有限公司,臺中市南屯區豐樂里文心南路227號8樓之8,1000000,1141117
6963,60665167,志怡股份有限公司,臺中市西區公平里精誠路126號2樓之5,600000,1141117
6973,60670794,泳欣有限公司,臺中市北屯區平田里文心路四段955號11樓之2,1000000,1141110
6974,60670871,大稼有限公司,臺中市北屯區仁美里昌平東七路575巷96號,500000,1141127
6975,60671463,藏寶途股份有限公司,臺中市北區進化北路392之2號8樓之2,2000000,1141127
6990,60678249,帝五商鋪有限公司,臺中市西屯區潮洋里市政北二路238號27樓之1,3000000,1141120
6991,60678655,騰揚開發國際有限公司,臺中市清水區中社里鎮政路378巷58號1樓,1050000,1141111
6992,60679090,聚山企業有限公司,臺中市豐原區永康路319號2樓,500000,1141106
6993,60679248,犇鑫有限公司,臺中市東區東橋里建智街73之1號,500000,1141107
7017,60688307,萊可樂器國際有限公司,臺中市豐原區大明路236巷66弄5號1樓,200000,1141104
7027,60694579,宣僎整合行銷有限公司,臺中市南區五權南路167號地下1樓之6,1000000,1141105
7062,60709685,志勝健康事業有限公司,臺中市大里區內新里新明路57號9樓之1,300000,1141110
7063,60709735,杰宇工業股份有限公司,臺中市霧峰區本堂里樹仁路194號3樓,20000000,1141124
7064,60709762,恩沛媞有限公司,臺中市南屯區大墩十街200號1樓,1530000,1141124
7065,60710058,劉利國際科技股份有限公司,臺中市西區忠誠里忠明南路107號1樓,28800000,1141119
7066,60710276,洪帥雨果室內裝修國際有限公司,臺中市西屯區惠來里市政北七路186號14樓之7,1000000,1141120
7067,60710347,匯鑫有限公司,臺中市大里區立仁里甲堤路348號1樓,300000,1141106
7087,60718447,梅樹行銷有限公司,臺中市大里區夏田里中投西路三段213號,2000000,1141103
7088,60718919,沃夫企業有限公司,臺中市北屯區和平里東山路一段372之1號2樓,100000,1141127
7092,60721442,鼎立國際精品貿易有限公司,臺中市烏日區榮泉里三榮十二路18號1樓,5000000,1141111
7093,60722441,奕緯數位公關顧問有限公司,臺中市南屯區永春東路357號3樓之1,500000,1141127
7094,60722603,白大國際有限公司,臺中市北區頂厝里進化北路238號6樓之3,2100000,1141105
7095,60722667,智云健康事業有限公司,臺中市太平區新吉里新平路三段69巷52號1樓,2500000,1141105
7096,60722792,天睿實業有限公司,臺中市北區忠太東路117之19號,2000000,1141107
7097,60722929,豐翊能源有限公司,臺中市外埔區大東里甲后路五段280巷6號1樓,1000000,1141119
7098,60723238,富榛有限公司,臺中市潭子區栗林里吉林街18號,2000000,1141119
7124,60732004,邁齊國際旅行社股份有限公司,臺中市西屯區潮洋里市政北二路236號20樓之1,6000000,1141106
7125,60732089,夢揚餐飲有限公司,臺中市大里區東湖里利民街39巷10弄23號1樓,500000,1141125
7126,60732237,路地強有限公司,臺中市南區和平里忠明南路758號17樓,1200000,1141124
7127,60732503,秉宸國際有限公司,臺中市南屯區田心里大墩四街321號地下1層,3000000,1141110
7128,60732757,只挑好菜股份有限公司,臺中市北屯區和平里東山路一段398號,5000000,1141111
7129,60733313,坤奕科技股份有限公司,臺中市西屯區福林里臺灣大道四段1270號,7200000,1141127
7130,60733480,漂亮美一天有限公司,臺中市西區大忠里忠明南路270號7樓之1,600000,1141121
7131,60733550,承興國際股份有限公司,臺中市南屯區三和里公益路二段615之8號2樓之1,3900000,1141118
7132,60733593,全茂興有限公司,臺中市西屯區大墩二十街118號5樓之1,3500000,1141121
7136,60736217,透思國際有限公司,臺中市西屯區順平路246號2樓,5000000,1141110
7154,60742586,阿波羅永續儲能股份有限公司,臺中市西屯區潮洋里朝富路213號28樓之6,36000000,1141125
7155,60742679,名通紙器有限公司,臺中市大肚區頂街里萬興路116號2樓,3000000,1141105
7156,60742777,阿波羅永續電力股份有限公司,臺中市西屯區潮洋里朝富路213號28樓之6,10000000,1141117
7157,60742827,禾財有限公司,臺中市南區有恆街152號1樓,300000,1141127
7158,60743086,澎客科技有限公司,臺中市西區民龍里臺灣大道二段186號14樓之1,6555000,1141121
7160,60743728,沐洸國際有限公司,臺中市北屯區大德里中清路二段362巷21弄19號4樓,200000,1141114
7170,60750467,奈曆工程有限公司,臺中市梧棲區頂寮里大勇路212號1樓,2000000,1141121
7171,60751022,金滿國際股份有限公司,臺中市南屯區保安十街186號,2000000,1141117
7172,60752057,蒔漾健康管理顧問有限公司,臺中市西屯區何厝里四川路87號地下一層之30,10000000,1141110
7173,60752113,美科鴻霆通訊科技股份有限公司,臺中市西屯區臺灣大道四段925號4樓之2,2950019,1141126
7174,60752253,鈤兆股份有限公司,臺中市太平區頭汴里長龍路二段119巷20號,1500000,1141106
7175,60752269,華耘科技股份有限公司,臺中市西屯區協和里工業區十路8號,10000000,1141125
7179,60754668,安妍科技顧問有限公司,臺中市太平區新福里旱溪西路二段245號14樓之3,5000000,1141103
7180,60754935,易呈實業有限公司,臺中市北區健行里忠明路424號20樓之1,1000000,1141118
7207,60764770,漁三有限公司,臺中市西屯區港尾里經貿八路57、59號,3000000,1141119
7208,60765118,山合一投資有限公司,臺中市西屯區惠來里文心路二段201號9樓之5,25509000,1141126
7209,60765150,澤予股份有限公司,臺中市大里區現岱路133號9樓之2,25000000,1141121
7210,60765285,宸翊生技企業有限公司,臺中市龍井區東海里遊園北路88號2樓之6,600000,1141118
7214,60768987,廣鈞企業有限公司,臺中市北區健行里忠明路424號20樓之1,1000000,1141114
7215,60769445,金品國際股份有限公司,臺中市南屯區精科二路10號,10250500,1141121
7216,60770132,誠藝十足有限公司,臺中市南屯區惠中里文心路一段306號10樓之5,100000,1141120
7217,60770267,森築美居有限公司,臺中市北區賴村里進化北路369號9樓,500000,1141110
7218,60770273,聯辰發股份有限公司,臺中市西屯區市政北七路186號20樓之9,5010000,1141125
7219,60770294,聯鈞發股份有限公司,臺中市西屯區市政北七路186號20樓之9,5010000,1141124
7239,60778612,升昀股份有限公司,臺中市大肚區沙田路一段597號2樓,29600000,1141104
7240,60778958,社會識社創策略有限公司,臺中市北區中清路一段447號7樓之1,1000000,1141110
7284,60796870,賴氏投資有限公司,臺中市北區陝西八街24號5樓之1,1800000,1141126
7285,60796941,駿議投資有限公司,臺中市西屯區惠來里文心路二段201號17樓之5,10000000,1141119
7286,60797104,明雅工程股份有限公司,臺中市大里區東興里大明路391之14號,10000000,1141113
7288,60797738,台灣食善股份有限公司,臺中市西屯區潮洋里朝富路213號22樓之10,1000000,1141125
7289,60797815,苔森股份有限公司,臺中市北屯區崇德五路126號1樓,4000000,1141113
7297,61137936,邦躍生物科技有限公司,臺中市南區福順里忠明南路789號11樓之2,31400000,1141126
7298,61210008,群品餐飲股份有限公司,臺中市西區民龍里臺灣大道二段218號29樓,300000000,1141120
7299,61268818,豐榮汽車客運股份有限公司,臺中市西屯區潮洋里朝馬路113號,130000000,1141105
7300,61345940,太元汽車有限公司,臺中市太平區新光里新福路771號,300000,1141126
7302,61491703,英倫開發建設股份有限公司,臺中市南屯區文心一路373號11樓之1,200010000,1141126
7303,61529807,喬元投資有限公司,臺中市西屯區福上巷172號5樓之2,100000000,1141124
7304,61530950,台綜策略股份有限公司,臺中市西區公益里忠明南路237號8樓之2,3000000,1141117
7305,61757962,濱森興業有限公司,臺中市梧棲區永寧里永興路一段654巷25弄12之3號1樓,500000,1141126
7306,61759639,泰浩科技有限公司,臺中市西區公益路119號9樓之5,5000000,1141124
7307,61771465,佐順股份有限公司,臺中市南區南門里忠明南路1287號1樓,5000000,1141113
7310,61788374,臻富裕窗簾股份有限公司,臺中市清水區南社里鎮政路17號,8000000,1141127
7311,61792948,小林健康生活事業股份有限公司,臺中市西屯區何厝里漢口路一段97號4樓,5000000,1141105
7312,61814838,童樂絵有限公司,臺中市南屯區向上路三段61之8號1樓,1000000,1141126
7313,61822627,上翔順車業有限公司,臺中市西屯區大石里中平路431號1樓,5000000,1141121
7314,61831392,捷程企業有限公司,臺中市西區土庫里五權西路一段237號5樓之1,15000000,1141124
7315,61838183,傳感科技有限公司,臺中市梧棲區南簡里大智路一段358號,1000000,1141120
7317,61841814,艾瑞卡企業有限公司,臺中市西區和龍里臺灣大道二段2號15樓之6,250000,1141103
7318,61849132,源進益科技有限公司,臺中市豐原區東湳里豐原大道六段655巷172號1樓,10000000,1141118
7319,61850783,毅芯實業有限公司,臺中市大雅區四德里中清路三段819巷20號,8000000,1141113
7321,61867222,心迪譜科技有限公司,臺中市西區民龍里公益路155巷9號10樓之1,1000000,1141111
7323,61881147,娔爾優國際有限公司,臺中市南屯區大英街453號1樓,600000,1141107
7324,61881929,翰昇健康事業股份有限公司,臺中市北區明新里中清路一段447號7樓之1,3000000,1141110
7325,61882949,北中南貿易有限公司,臺中市北區頂厝里進化北路317號17樓之7,6000000,1141103
7328,61937542,昭陽橡膠實業股份有限公司,臺中市豐原區鎌村里鎌村路163巷6號2樓,60000000,1141124
7329,61940504,雅紘建設有限公司,臺中市南區和平里東興路一段36號7樓之5,10000000,1141104
7330,61943925,普魯托有限公司,臺中市南屯區大墩十一街396號1樓、398號1樓,740000,1141117
7331,61950951,槿益冷氣工程有限公司,臺中市清水區武鹿里平等東路97號1樓,500000,1141111
7332,61955739,耀昭投資股份有限公司,臺中市沙鹿區興安里興安路51號,10000010,1141121
7333,62144203,研華機械有限公司,臺中市后里區墩南里枋寮路12之9號1樓,1000000,1141120
7334,62155003,虹威投資有限公司,臺中市清水區槺榔里槺榔三街33巷5號1樓,4000000,1141107
7336,63014002,艾米數位科技有限公司,臺中市北屯區水湳里文心路三段447號4樓,700000,1141118
7337,63057803,有恆資產管理有限公司,臺中市北區淡溝里民權路456號1樓,10000000,1141111
7338,63240675,宏瑀工程有限公司,臺中市清水區槺榔里槺榔一街30巷11號1樓,2000000,1141120
7339,63264900,禾鑫地產開發建設有限公司,臺中市大里區長榮里益民路二段89巷46號1樓,25000000,1141103
7340,63295903,易十八實業開發有限公司,臺中市沙鹿區臺灣大道六段926巷7弄38號2樓,3000000,1141119
7341,63330704,睿聯國際股份有限公司,臺中市北屯區建和路二段116號1樓,50000000,1141105
7342,63665601,家銘體育有限公司,臺中市東區十甲里旱溪街282號1樓,4000000,1141125
7343,63668001,星創藝文創有限公司,臺中市南屯區新生里永春路32之5號1樓,1000000,1141118
7344,63751205,環友國際有限公司,臺中市北屯區后庄里后庄六街128號1樓,1200000,1141107
7345,63870700,耘茂植物生技有限公司,臺中市豐原區西湳里豐原大道七段211號,2000000,1141121
7346,63872257,中信聯合資產管理有限公司,臺中市南屯區向心里向心南路906巷53號4樓,2000000,1141121
7347,63872355,拾穗不動產有限公司,臺中市北區錦中街88號,501000,1141119
7349,63923312,薆悅精品商旅股份有限公司,臺中市北區光大里五權路228號,5000000,1141126
7350,64192807,嘉榮精密科技有限公司,臺中市大安區中松路48號1樓,10000000,1141113
7351,64203305,綠的小窩國際貿易有限公司,臺中市西屯區潮洋里朝馬路113號,100000,1141104
7352,64282602,皇威開發股份有限公司,臺中市南屯區三義里河南路四段150之9號1樓,25000000,1141117
7546,69573087,利通能源科技股份有限公司,臺中市大雅區科雅路41號3樓,80000000,1141107
7570,69707810,眼光藝品有限公司,臺中市南屯區文心路一段324號11樓之1,3000000,1141106
7645,70494271,京埕營造股份有限公司,臺中市西屯區福和里天保街47巷11之4號,6000000,1141103
7653,70524395,玖鋼工程有限公司,臺中市后里區公館里重劃西路651號,3000000,1141104
7656,70531276,上濠大飯店股份有限公司,臺中市西屯區何源里文心路三段362號1至7樓,50000000,1141110
7657,70532079,遠承科技股份有限公司,臺中市西區柳川東路二段100號5樓,22500000,1141106
7658,70532563,源毅泰企業有限公司,臺中市神岡區神林路70巷17弄15號,5000000,1141105
7700,70621592,威誠機電有限公司,臺中市北區建德里衛道路91巷5之1號,666666,1141110
7702,70624681,崴鋼工業有限公司,臺中市清水區鰲峰里光明路46號,18000000,1141118
7704,70637406,詮達文教事業股份有限公司,臺中市南區國光里仁和路290號1樓,10000000,1141110
7712,70653566,總茂環保股份有限公司,臺中市西屯區廣福里中清路三段430號,90000000,1141103
7713,70655396,好清潔環境維護事業股份有限公司,臺中市北屯區軍和街122之1號,10000000,1141126
7731,70697044,翔順興交通股份有限公司,臺中市西屯區西安街27巷6號1樓,25000000,1141121
7732,70698352,樺興紙品有限公司,臺中市潭子區東寶里雅潭路二段2巷1號1樓,20000000,1141126
7738,70701455,瑞比德科技國際股份有限公司,臺中市豐原區豐圳里豐社路118號,50000000,1141107
7741,70718878,豐皇營造有限公司,臺中市大甲區頂店里大智街121號1樓,42000000,1141119
7749,70741647,佑全藥品股份有限公司,臺中市西屯區臺灣大道四段925號20樓之1,450675000,1141118
7750,70741702,亞徹廣告工程有限公司,臺中市西屯區同志巷50之1號1樓,4500000,1141120
7775,70816793,山本國際投資股份有限公司,臺中市南屯區新生里公益路二段1005號1樓,130000000,1141126
7788,70848492,佳凌科技股份有限公司,臺中市潭子區建國路24號,1413510000,1141125
7789,70848654,伯特光電股份有限公司,臺中市潭子區潭秀里潭富路一段87巷35號,415886000,1141125
7834,76303721,太鼎營造股份有限公司,臺中市豐原區豐南街2號10樓,42000000,1141117
7860,79952447,正合谷環保工程有限公司,臺中市霧峰區中正里新開街43號1樓,5000000,1141103
7869,79975841,源林工程股份有限公司,臺中市西區梅川西路二段30號9樓之7,30000000,1141104
7874,79992784,通虔投資股份有限公司,臺中市西區五廊街62巷2號1樓,720000000,1141104
7885,80048673,捷泰橡膠工業股份有限公司,臺中市南屯區工業區二十三路39號1、2樓,50000000,1141110
7888,80055836,聖杰國際股份有限公司,臺中市大雅區民生路三段158號,262599760,1141125
7907,80104506,宥鑫企劃有限公司,臺中市西區忠誠里大隆路20號11樓之10,10000000,1141105
7913,80121358,瀚塑實業有限公司,臺中市西屯區潮洋里朝富二街10號1樓,5000000,1141106
7918,80129632,尚登營造有限公司,臺中市東勢區新盛里東坑路30號1樓,3600000,1141127
7925,80145154,京育國際科技有限公司,臺中市西屯區順平路246號1樓,1000000,1141110
7933,80162337,祥旺食品工業股份有限公司,臺中市大甲區日南里工十路7號,28000000,1141110
7957,80211365,和興環保工程有限公司,臺中市北屯區和平里和祥五街86號1樓,7000000,1141110
7964,80224072,亞洲室內裝修設計企業有限公司,臺中市南屯區春社里建興路10之1號1樓,20000000,1141113
7981,80258086,茂富營造有限公司,臺中市西屯區惠來里市政路386號5樓之2,211500000,1141104
7986,80270574,米娜娃實業有限公司,臺中市北區北平路一段70號,5000000,1141114
8000,80310576,禾金豐精密工業股份有限公司,臺中市大里區仁化里工業路35巷31之3號,15000000,1141107
8002,80316017,金源豐企業有限公司,臺中市烏日區南里里溪南路三段503巷39號,20000000,1141124
8005,80319942,赫尼康國際有限公司,臺中市豐原區豐北街36號,1000000,1141113
8038,80392020,冠奇有限公司,臺中市神岡區大社里大洲路217巷97之3號1樓,10000000,1141106
8040,80395357,益豪興業有限公司,臺中市大肚區沙田路一段587號1樓,10000000,1141118
8044,80397926,立愷投資股份有限公司,臺中市西屯區惠來里市政路9號16樓之5,280000000,1141103
8048,80404200,長宇國際室內裝修有限公司,臺中市中區繼光里繼光街39號1樓,5000000,1141119
8056,80413101,寶晟企管顧問有限公司,臺中市南屯區南屯里黎明路一段965巷58弄11號1樓,7000000,1141105
8059,80420861,環中路加油站股份有限公司,臺中市大甲區孟春里經國路2205號2樓,25000000,1141110
8074,80451884,甚優工業有限公司,臺中市神岡區社口里社口街499巷15號1樓,2800000,1141119
8079,80466423,澤盛印刷事業有限公司,臺中市大雅區二和里雅潭路四段430巷36弄19號,1000000,1141113
8081,80467632,興龍國際有限公司,臺中市西屯區重慶路111巷6號1樓,662000,1141113
8089,80478498,吉發科技股份有限公司,臺中市西屯區市政路402號25樓之2,15000000,1141105
8090,80484436,寶來建設股份有限公司,臺中市西屯區潮洋里朝富路213號5樓之7,46000000,1141114
8110,80537975,皓義實業有限公司,臺中市北屯區平昌里興安路一段169號17樓之2,1000000,1141107
8114,80544758,大友汽車租賃股份有限公司,臺中市南區南平路272號1樓,5000000,1141111
8120,80559528,信勝鋁業有限公司,臺中市清水區槺榔里槺榔三街33巷5號1樓,1200000,1141103
8123,80564450,易圖科技股份有限公司,臺中市烏日區三和里高鐵一路268號22樓之3,17040300,1141104
8126,80576982,瓔記珠寶有限公司,臺中市南屯區大業路278號1樓,6600000,1141104
8135,80591766,馳弘有限公司,臺中市南區樹義里福田路87號1樓,10000000,1141110
8137,80593770,可米有限公司,臺中市南區和平里忠明南路758號15樓之1,5000000,1141117
8144,80609864,元慶國際貿易有限公司,臺中市北屯區崇德路二段128號18樓之1,74000000,1141121
8149,80617359,正源畜產實業有限公司,臺中市北屯區陳平路65巷123弄4號5樓之2,10000000,1141105
8158,80642245,象數棋創意文化股份有限公司,臺中市南屯區文心里向心路156號3樓,2250000,1141103
8187,80701139,昇益工業有限公司,臺中市太平區太平里永豐路291巷28號,50000000,1141104
8190,80707350,滙鑫國際實業有限公司,臺中市西區忠誠里大隆路20號6樓之7,28000000,1141103
8198,80727026,盛裕建設股份有限公司,臺中市西屯區潮洋里市政北二路236號19樓之2,220000000,1141105
8200,80729122,傑泰汽車有限公司,臺中市北屯區經貿一路130號,500000,1141106
8202,80732180,新向企業有限公司,臺中市東區東橋里建興街58號1樓,5000000,1141127
8203,80733863,賜維特生技股份有限公司,臺中市南屯區寶山五街103號1樓,1000000,1141126
8240,82763976,裕唐國際有限公司,臺中市西屯區臺灣大道四段847號11樓,3000000,1141119
8241,82765313,宇芯電子科技有限公司,臺中市北屯區崇德路二段128號4樓之2,3000000,1141127
8245,82769900,萬鮮股份有限公司,臺中市西區臺灣大道二段218號29樓,500000000,1141124
8246,82770218,昭俐計量科技有限公司,臺中市西屯區寧夏路205之1號1樓,5000000,1141114
8247,82770646,橙艾創新股份有限公司,臺中市西屯區何成里大隆路179號3樓,2500000,1141103
8248,82772052,昌群國際有限公司,臺中市石岡區龍興里萬仙街食水嵙巷20之1號1樓,6060000,1141111
8249,82772314,九禾食品股份有限公司,臺中市大肚區王田里王福街603巷6弄20號1樓,300000,1141118
8250,82772383,順立摺紙有限公司,臺中市北區長青里陝西八街40號1樓,200000,1141126
8254,82776249,弋虎國際股份有限公司,臺中市梧棲區永興路二段336巷98號2樓,599748300,1141118
8255,82778289,卓芯有限公司,臺中市南屯區向上南路一段167號3樓之2,3000000,1141126
8256,82779463,冠億金屬熱處理股份有限公司,臺中市大甲區幼獅路52之1號,132100000,1141118
8259,82783157,技星股份有限公司,臺中市南屯區中和里黎明路一段157巷38號1樓,39900000,1141124
8260,82783207,志祥國際有限公司,臺中市西屯區市政北五路266號1樓,1000000000,1141126
8262,82783945,蘇滿搭臘有限公司,臺中市南區文心南十路258號,1000000,1141120
8263,82787175,品元力企業有限公司,臺中市西屯區福中里中工二路190號12樓,9000000,1141118
8269,82789639,香遠實業有限公司,臺中市南區工學里復興路二段10號,100000,1141127
8270,82791760,頂騰創新服務有限公司,臺中市大里區東湖里中興路一段159之1號3樓,2000000,1141110
8286,82803908,尚睿能源股份有限公司,臺中市大甲區文武里育英路244號1樓,30000000,1141125
8287,82804913,奇力亞管理顧問有限公司,臺中市大雅區橫山里永和路5之76號,22000000,1141126
8289,82805650,駿鑫能源股份有限公司,臺中市北屯區崇德路二段447號14樓之11,30000000,1141126
8302,82817044,極一網路科技股份有限公司,臺中市沙鹿區東英路39巷11號3樓,1000000,1141117
8314,82830102,成功織築股份有限公司,臺中市北區六合里成功路416號1樓,8000000,1141114
8323,82840690,三能企業有限公司,臺中市東區振興路369之23號1樓,500000,1141126
8324,82841017,立櫻環保有限公司,臺中市西區臺灣大道二段2號18樓之1,5000000,1141106
8325,82841776,鼎晟金屬鋁業有限公司,臺中市烏日區南里里溪南路三段55巷13弄12號1樓,2000000,1141103
8342,82857782,艾爾齊資訊股份有限公司,臺中市南屯區同心里文心路一段218號19樓之1,81200000,1141119
8343,82860689,茖徠爾國際股份有限公司,臺中市西區民龍里臺灣大道二段218號3樓,15000000,1141106
8344,82860745,嘉聯事業股份有限公司,臺中市烏日區溪埧里溪南路一段126巷91弄11號1樓,500000,1141104
8345,82861786,台灣帝威衡有限公司,臺中市清水區民有路107號,5000000,1141127
8360,82872860,尋人貿易有限公司,臺中市南屯區大同里精誠路594號3樓,800000,1141118
8361,82874488,羽辰欣業有限公司,臺中市大甲區庄美里興安路138之64號,1000000,1141127
8362,82875445,昱立國際有限公司,臺中市東區泉源里樂業二路92號7樓之16,2000000,1141119
8363,82875450,令和實業有限公司,臺中市烏日區新興路177號1樓,1000000,1141120
8368,82882473,丘嵎國際行銷有限公司,臺中市南屯區豐偉路186號9樓之5,300000,1141127
8382,82892774,順福地產有限公司,臺中市北屯區松茂里松山街158號3樓,20000000,1141103
8383,82893485,成太建設股份有限公司,臺中市東區東信里一心街279號3樓,50000000,1141117
8384,82894288,咖波有限公司,臺中市北屯區廍子里太原路三段1189號4樓之5,1000000,1141127
8394,82905362,宏亞設計企業有限公司,臺中市南區福平里建國南路二段201號1樓,2200000,1141113
8405,82914931,鈦湛金屬工程有限公司,臺中市大雅區員林里神林路一段231巷1弄7號1樓,15000000,1141105
8465,82954686,赫維士科技股份有限公司,臺中市太平區永成北路92號,4700000,1141105
8478,82964410,麥卡倫股份有限公司,臺中市西屯區潮洋里朝富路213號13樓之6,3000000,1141126
8479,82964474,皇冠科能股份有限公司,臺中市西屯區潮洋里市政北二路282號19樓之5,300000,1141106
8483,82969409,酉利設計有限公司,臺中市太平區新坪里育仁路133號1樓,500000,1141125
8489,82974867,思沛樂國際股份有限公司,臺中市北區賴興里文心路四段208-1號7樓之2,6560000,1141126
8496,82980811,永和興投資股份有限公司,臺中市潭子區新興路一段82巷12弄5號1樓,29000000,1141124
8498,82982156,程鈞綠能科技有限公司,臺中市大里區國光路二段706之7號,1000000,1141119
8518,82995602,志君科技有限公司,臺中市霧峰區中正里新開街43號1樓,500000,1141111
8526,83001526,凱翎車業股份有限公司,臺中市西屯區環中路三段988號,2000000,1141119
8527,83001722,巧展精密科技有限公司,臺中市神岡區社南里中山路667巷46弄21號,1500000,1141126
8528,83003812,工雞創意設計有限公司,臺中市西區土庫里五權五街134號2樓,500000,1141114
8541,83013425,谷得智能股份有限公司,臺中市中區大誠里臺灣大道一段501號10樓之1,20000000,1141121
8543,83013797,聚照新創股份有限公司,臺中市西區公民里金山路2之1號3樓,1400000,1141127
8545,83015459,野禾室內裝修工程有限公司,臺中市太平區新坪里新平路三段387巷7弄3號1樓,1000000,1141120
8546,83015697,長松開發有限公司,臺中市沙鹿區埔子里鎮南路一段319號1樓,2000000,1141126
8548,83016696,玧盛管理顧問有限公司,臺中市西屯區上石里西屯路二段243號,300000,1141126
8549,83016746,好日和健康股份有限公司,臺中市烏日區烏日里公園路59號1樓,90000000,1141118
8550,83016921,諾米家設計室內裝修有限公司,臺中市南區樹德里德富路132號,500000,1141126
8560,83025034,凱田營造股份有限公司,臺中市龍井區東海里遠東街202巷16號2樓,15000000,1141117
8561,83026293,泰奕貿易有限公司,臺中市西屯區朝富路213號17樓之6,2000000,1141119
8562,83026786,潤元不動產經紀業有限公司,臺中市豐原區社皮里中正路670號,4000000,1141126
8594,83042694,參魁國際投資有限公司,臺中市梧棲區永興路二段336巷98號2樓,3000000,1141125
8595,83042723,益豐國際股份有限公司,臺中市西屯區潮洋里朝富路213號9樓之5,37500000,1141104
8596,83043531,大統國際生技股份有限公司,臺中市南屯區文心路一段218號19樓之3,120000000,1141121
8597,83043997,震璟投資股份有限公司,臺中市西屯區廣福路352巷80號2樓,57183840,1141125
8608,83056991,合隆資源股份有限公司,臺中市西區五權新2巷11號4樓,1000000,1141110
8623,83070585,杞昇開發有限公司,臺中市東勢區中寧里公園路34號1樓,1000000,1141117
8624,83070620,合元投資股份有限公司,臺中市北屯區文心路四段480號4樓,5000000,1141110
8625,83070852,滿味食品有限公司,臺中市西屯區何明里太原路ㄧ段5號1樓,2000000,1141103
8643,83082111,中恒國際貿易有限公司,臺中市清水區臨港路五段466號3樓,1000000,1141117
8645,83086377,幸福村股份有限公司,臺中市西區忠明南路303號4樓之1,10000000,1141126
8646,83086926,儒鋒科技工業有限公司,臺中市后里區墩南里舊社路3之25號1樓,500000,1141106
8657,83092167,大成發企業股份有限公司,臺中市龍井區茄投路一段241巷7號1樓,68900000,1141106
8663,83095875,銓心意有限公司,臺中市南屯區大業里大業路133號,6300000,1141119
8695,83121091,巨威企業有限公司,臺中市太平區中山里中源街2巷10號1樓,3000000,1141118
8698,83125857,果徠富能源開發有限公司,臺中市大雅區雅楓里民生路三段36北巷32號3樓之2,1000000,1141105
8699,83125977,邑爍資訊有限公司,臺中市西屯區市政北二路236號14樓之1,2500000,1141121
8701,83128427,欽何興奈米真空鍍膜有限公司,臺中市大雅區四德里龍善三街17號1樓,5800000,1141119
8703,83130943,元甫投資有限公司,臺中市西屯區福上巷172號5樓之2,6000000,1141110
8704,83131041,睿瑄投資股份有限公司,臺中市西屯區逢福里福上巷253之3號,11000000,1141126
8705,83131056,尼豪實業有限公司,臺中市外埔區六分里六分路208號1樓,500000,1141106
8706,83131416,達鑫能源工程有限公司,臺中市豐原區田心路二段267巷1弄3號1樓,50000,1141124
8714,83134906,中儲股份有限公司,臺中市西屯區市政北二路282號21樓之2,9000000,1141110
8717,83141667,丞利工程有限公司,臺中市西區民龍里臺灣大道二段220號12樓,1000000,1141110
8719,83142027,昌碁國際企業有限公司,臺中市南區福順里忠明南路787號19樓之2,2000000,1141125
8726,83148845,大友行動輔具股份有限公司,臺中市南區樹德里大慶街二段130號,1200000,1141118
8727,83150285,潤源泰有限公司,臺中市西區吉龍里五權五街139巷16號,2100000,1141103
8728,83150882,快樂模式有限公司,臺中市北區一中街25之6號2樓,700000,1141125
8729,83151622,政諠有限公司,臺中市西區民龍里臺灣大道二段300號7樓之5,100000,1141106
8730,83152761,星泓電力股份有限公司,臺中市北區臺灣大道二段360號5樓之1,1664000000,1141117
8760,83179494,木義有限公司,臺中市南區樹義里福田三街113巷22弄39號1樓,500000,1141119
8761,83180582,鉅德建設股份有限公司,臺中市北區錦祥里進化路575號11樓之1,150000,1141119
8762,83181098,崳疆營造有限公司,臺中市北屯區文心路四段141之3號,6500000,1141105
8763,83181338,百和國際興業股份有限公司,臺中市南屯區大墩十一街380號,13000000,1141110
8767,83185279,久裕國際投資股份有限公司,臺中市西區臺灣大道二段498號7樓之2,224000000,1141107
8768,83186262,合榮投資股份有限公司,臺中市北屯區文心路四段480號4樓,5000000,1141110
8793,83207294,未來家股份有限公司,臺中市烏日區烏日里公園路59號1樓,23000000,1141117
8794,83207766,珪尊興業有限公司,臺中市西區公平里東興路三段284號3樓,10000000,1141127
8806,83221346,聯貫建設股份有限公司,臺中市清水區秀水里民享路260號1樓,40000000,1141119
8807,83221351,雲生國際企業有限公司,臺中市北屯區昌平路二段金谷巷16號1樓,1000000,1141121
8837,83242588,廣潤聚投資股份有限公司,臺中市西屯區工業區一路96之7號2樓,63900000,1141105
8863,83255540,蒔蘊美學有限公司,臺中市西屯區青海路二段240之3號,3000000,1141125
8874,83264077,賀米投資股份有限公司,臺中市西屯區工業區一路98巷23號12樓之1,42600000,1141104
8875,83266933,寶固綠能科技股份有限公司,臺中市北屯區崇德路二段252號13樓,50000000,1141119
8880,83270107,冰角數位股份有限公司,臺中市南屯區永春東一路549號2樓之1,1000000,1141124
8905,83285024,聖綾興業有限公司,臺中市西屯區何厝里何厝東二街23號9樓之3,70500000,1141111
8914,83292741,燒究公益有限公司,臺中市南屯區新生里公益路二段919號1樓,7000000,1141124
8915,83293333,築間餐飲事業股份有限公司,臺中市西屯區臺灣大道三段789號14樓之2,506195500,1141117
8924,83299701,悠貝生活健康有限公司,臺中市北屯區舊社里北屯路441之18號3樓,1000000,1141119
8925,83300051,力宇機電顧問有限公司,臺中市北屯區東山路一段147巷40弄16號,5000000,1141106
8936,83361508,臺灣港務重工股份有限公司,臺中市清水區中二路二段230號,10000000,1141120
8937,83361535,村銘設計裝潢有限公司,臺中市龍井區龍北路126巷7號,200000,1141121
8938,83361628,茂源系統工程有限公司,臺中市西屯區何成里文心路二段562之1號3樓之1,7100000,1141121
8959,83385261,永旭餐飲股份有限公司,臺中市南屯區益豐路四段689號2樓之1、2樓之2,97000000,1141111
8960,83387583,瑞司托克有限公司,臺中市龍井區南寮里向上路六段1號3樓,500000,1141105
8961,83388112,帝凡尼室內設計有限公司,臺中市南屯區惠中里向上路二段129號1樓,3000000,1141103
8967,83395578,海瑪神生物科技有限公司,臺中市西區公舘里懷寧街109號5樓之2,1100000,1141118
8968,83396020,邁特里國際有限公司,臺中市豐原區大湳里圓環北路一段152號1樓,3000000,1141114
8969,83396788,台陞科技有限公司,臺中市西屯區朝馬路168號8樓之2,5000000,1141107
8970,83399005,御嘉不動產有限公司,臺中市北屯區興安路二段479號1樓,3000000,1141107
8974,83405647,采虹精品汽車旅館事業有限公司,臺中市北屯區仁和里敦和三街68號,10000000,1141113
8975,83405766,高展國際車業有限公司,臺中市西屯區林厝里福雅路700號,5000000,1141113
8976,83408671,慕悅好食有限公司,臺中市北屯區四平路568巷3號23樓之2,6000,1141120
8986,83416855,米上國際有限公司,臺中市西區中興里中興三巷15號2樓,400000,1141113
8987,83417117,全富開發股份有限公司,臺中市西區忠明南路270號8樓之2,160000000,1141121
8988,83417209,元富土地開發股份有限公司,臺中市西區忠明南路270號8樓之2,200000000,1141117
8989,83420393,兆沛國際貿易有限公司,臺中市西屯區西安里逢明街29巷70號8樓之8,500000,1141110
8994,83424314,太淘氣科技有限公司,臺中市北區文莊里中清路一段25巷7號地下一層,3000000,1141106
8995,83424335,博科國際有限公司,臺中市北區立人里陝西路108號10樓之2,200000,1141107
8996,83424715,安怡消防器材有限公司,臺中市潭子區中山路一段388之2號,2600000,1141120
8997,83425094,岩磐營造有限公司,臺中市大甲區頂店里錦上街178號3樓,12000000,1141119
8998,83427500,心內畫有限公司,臺中市東區富仁里自由二街91號2樓,100000,1141107
9000,83430414,瑞科醫療診斷設備股份有限公司,臺中市西屯區福和里臺灣大道四段925號21樓之2,5750000,1141124
9001,83431949,富耀國際開發有限公司,臺中市沙鹿區南勢里自由路95巷38之45號2樓,2500000,1141117
9005,83440124,親家能源股份有限公司,臺中市西屯區市政北七路186號16樓,220000000,1141113
9006,83441714,印度先生餐飲有限公司,臺中市西屯區精誠路6號,520000,1141125
9008,83443071,聚譜光科技有限公司,臺中市西區後龍里臺灣大道二段77號,5200000,1141104
9029,83463929,精進有限公司,臺中市中區綠川里民族路23號3樓之1,6000000,1141118
9036,83467853,逗點室內裝修設計有限公司,臺中市大肚區自強里遊園路二段190之2號1樓,6000000,1141107
9037,83468425,凱絡美學芳療有限公司,臺中市西區公正里東興路三段11巷13號1樓,2240000,1141107
9061,83487339,瑞騰國際管理顧問有限公司,臺中市潭子區福仁里福潭路262巷15號4樓,500000,1141113
9063,83488962,芮德科技有限公司,臺中市西區民龍里臺灣大道二段220號12樓,10000,1141127
9085,83508192,歐木貿易有限公司,臺中市西屯區逢甲里西屯路二段278號,6000000,1141107
9107,83527487,晞平方國際藝術有限公司,臺中市西區忠明里臺灣大道二段406號8樓之1,10000000,1141127
9108,83528541,八方金崙地熱電力股份有限公司,臺中市北區臺灣大道二段360號26樓之1,21500000,1141124
9118,83536654,維夫拉克股份有限公司,臺中市西屯區科園二路16號,105000000,1141111
9119,83537416,豐豪開發有限公司,臺中市西屯區黎明路三段112號8樓之1,300000,1141124
9121,83539131,星能工程有限公司,臺中市后里區公館里安眉路48之5號,1000000,1141119
9123,83542868,悅斐有限公司,臺中市南屯區大墩十四街388號1樓,300000,1141127
9143,83560817,永沛變頻有限公司,臺中市西屯區何厝里何厝東二街23號9樓之3,1000000,1141121
9149,83564784,健宇創合有限公司,臺中市北屯區水湳里文心路三段447號4樓,2500000,1141118
9150,83565003,小白國際有限公司,臺中市西屯區何安里四川三街12號,6000000,1141125
9157,83574930,合強國際股份有限公司,臺中市西屯區西墩里西苑三街180號2樓,10000000,1141107
9158,83576085,依果貿易股份有限公司,臺中市西屯區逢甲里西屯路二段256巷6號2樓之6,15000000,1141125
9171,83585583,瑞億能源有限公司,臺中市西區民龍里臺灣大道二段220號12樓,10000000,1141126
9172,83585866,森茂建設股份有限公司,臺中市北屯區舊社里南興三路309號11樓之3,30000000,1141117
9173,83586921,大方船舶股份有限公司,臺中市西屯區工業區35路37號3樓,1128000000,1141125
9174,83587175,康一醫健有限公司,臺中市大雅區上楓里雅楓街60巷10弄1號1樓,5000000,1141103
9181,83590713,天緻有限公司,臺中市西屯區市政北七路186號11樓之2,310000,1141104
9182,83591038,育霆實業有限公司,臺中市南屯區大墩六街232號11樓之3,6660000,1141105
9185,83591874,云又科技有限公司,臺中市清水區民族路三段236巷63之6號,1000000,1141118
9188,83595153,有家資訊有限公司,臺中市大里區東興里國光路二段528號,1000000,1141121
9190,83595843,亞暉旅行社有限公司,臺中市大里區中新里環中東路六段466巷6號1樓,6000000,1141118
9191,83596054,豐恩實業有限公司,臺中市沙鹿區臺灣大道六段926巷7弄40號2樓,6131212,1141104
9194,83600775,中興工程有限公司,臺中市南區積善里興大路350巷25號,500000,1141121
9195,83601248,王田不動產經紀有限公司,臺中市烏日區三榮路二段191號,1000000,1141128
9196,83601541,興銓資訊有限公司,臺中市南屯區大業里大進街490號10樓之3,100000,1141106
9200,83607741,曉麒麟精密工業有限公司,臺中市大里區中興路二段日新巷48弄48之3號,800000,1141120
9211,83618803,康德生醫股份有限公司,臺中市西屯區臺灣大道四段925號7樓之5,99900000,1141119
9213,83620126,生泉生物科技有限公司,臺中市西屯區大石里皇城街40號8樓之1,100000,1141124
9214,83621976,艾達電玩有限公司,臺中市北區賴厝里山西路一段79號,4300000,1141120
9215,83622258,中環數位科技有限公司,臺中市西屯區臺灣大道二段910號13樓之2,380000,1141104
9216,83622665,兆威人力資源管理顧問有限公司,臺中市南區忠明南路758號13樓,5000000,1141124
9230,83634368,豪富建設股份有限公司,臺中市西區忠明南路270號8樓之2,100000000,1141118
9231,83634418,信富土地開發股份有限公司,臺中市西區忠明南路270號8樓之2,100000000,1141118
9232,83634515,協櫻開發有限公司,臺中市豐原區向陽路48號8樓之12,500000,1141125
9247,83675732,鴻華國際電子商務有限公司,臺中市北屯區松竹路一段939號22樓之1,1000000,1141114
9248,83677871,相宇建設股份有限公司,臺中市西區大忠南街33號,20000000,1141119
9252,83682558,金頂典股份有限公司,臺中市外埔區新厝路81之5號,15000000,1141121
9258,83684660,肯拓廣告事業有限公司,臺中市北屯區大連路三段127號,200000,1141110
9290,83716396,立吉長照整合科技股份有限公司,臺中市西屯區何厝里甘州街57號1樓,500000,1141124
9292,83717058,春天密碼有限公司,臺中市北屯區平德里梅川東路四段41號1樓,100000,1141110
9294,83718280,珍寶藏有限公司,臺中市西區忠誠里忠明南路16號3樓之1,6000000,1141119
9295,83718351,竑富有限公司,臺中市北區長青里武昌路153號,1000000,1141118
9320,83753336,赫絲國際有限公司,臺中市南屯區文心路一段324號11樓之1,23500000,1141107
9321,83753666,信實實業股份有限公司,臺中市西屯區天水西三街28之1號,3000000,1141120
9331,83761595,相野電機有限公司,臺中市北區明新里中清路一段447號5樓之1,1000000,1141121
9346,83772045,閒雲小居顧問有限公司,臺中市中區繼光里繼光街123號2樓至6樓、繼光里繼光街125號2樓至6樓、成功路110號2樓至6樓,500000,1141118
9358,83783423,飛克思國際人力顧問有限公司,臺中市西屯區何南里精誠路36號4樓、6樓,7000000,1141125
9364,83788026,桑賢國際有限公司,臺中市北區賴村里進化北路369號9樓,10000000,1141110
9369,83795390,大智通運有限公司,臺中市清水區民族路三段57號3樓之5,82000000,1141107
9379,83850007,櫻花家居室內裝修股份有限公司,臺中市大雅區雅潭路四段436號3樓,250000000,1141119
9380,83904691,表澄道餐飲事業有限公司,臺中市西屯區福康路89號,4000000,1141103
9390,84086522,集泉塑膠工業股份有限公司,臺中市霧峰區民生路198巷31號3樓,245244080,1141127
9392,84092622,捷盈電子有限公司,臺中市北屯區平陽里安順東二街69號1樓,2470000,1141121
9425,84231835,喬立建設開發股份有限公司,臺中市西屯區至善里臺灣大道三段686之1號2樓,243100000,1141124
9446,84310129,格里森台灣股份有限公司,臺中市西區臺灣大道二段536號10樓之2,10000000,1141118
9451,84330096,天行管理顧問股份有限公司,臺中市西屯區市政路386號8樓之7,25000000,1141105
9459,84349551,嶸昇宏物業管理顧問有限公司,臺中市西屯區上安里至善路68號13樓之2,6000000,1141124
9461,84355976,鴻樂有限公司,臺中市清水區西社里海濱路168之5號,1000000,1141117
9462,84359826,高晃企業有限公司,臺中市豐原區鎌村路210巷52弄8之1號,1000000,1141104
9465,84377599,三銳機械股份有限公司,臺中市豐原區翁社里豐年路231巷11弄33號,5001000,1141111
9476,84403273,拓建建設有限公司,臺中市中區成功路310號1樓,100000000,1141121
9482,84430052,益菖鋁業有限公司,臺中市太平區精美路102號,1200000,1141117
9483,84437175,祺錩機械工業有限公司,臺中市烏日區螺潭里慶光路103之2號1樓,12000000,1141105
9485,84439125,任源企業股份有限公司,臺中市霧峰區吉峰里吉峰路67巷2弄13號1樓,48000000,1141126
9500,84489503,飛虎科技股份有限公司,臺中市西屯區潮洋里市政北二路238號30樓之5,8000000,1141118
9511,84536338,中賀海貿有限公司,臺中市西區民生里自由路一段101號13樓之4,25000000,1141114
9513,84543099,盛峰起重有限公司,臺中市大里區東湖里東湖路139號1樓,3500000,1141113
9516,84557190,金易宏工業有限公司,臺中市沙鹿區清泉里東海路二號,500000,1141106
9517,84558515,宏恩眼鏡股份有限公司,臺中市西區忠明南路303號11樓之3,9000000,1141119
9518,84563361,久旺建設有限公司,臺中市北區國瑞街98號1樓,20000000,1141104
9522,84594569,宏頎實業股份有限公司,臺中市西區林森路100巷8號,22000000,1141107
9526,84607375,金明機股份有限公司,臺中市太平區太平里永豐路108巷12之30弄1號,4000000,1141110
9532,84631229,博星建設股份有限公司,臺中市北區民權路559號10樓之2,76000000,1141113
9533,84632402,盛亞建設股份有限公司,臺中市西屯區潮洋里市政北二路236號19樓之2,470000000,1141105
9537,84636717,華築工房營造股份有限公司,臺中市北屯區昌平路二段11之26號,50000000,1141125
9542,84646406,啟南建設股份有限公司,臺中市大肚區大新街39號9樓,25000000,1141106
9551,84693738,金立洋企業有限公司,臺中市北屯區水湳里文心路四段83號11樓,15000000,1141120
9553,84702933,駿鴻建設有限公司,臺中市北區太原四街6之3號,27600000,1141110
9591,84810763,超展工燁鋼鋁有限公司,臺中市南屯區永定里永春東六路308號1樓,1000000,1141118
9593,84816751,寶信塗料有限公司,臺中市龍井區新庄里遊園南路314巷43號,5000000,1141126
9594,84828692,甫邑企業有限公司,臺中市大里區仁化里仁美路137巷37號,78000000,1141106
9599,84834723,縉寶汽車有限公司,臺中市大里區樹王里福德路88巷3號,500000,1141107
9600,84836623,唯揚水電工程有限公司,臺中市西區公舘里南屯路一段31巷15之1號,2000000,1141107
9606,84874225,熊星傳播股份有限公司,臺中市北屯區軍功里軍和街193號1樓,5000000,1141107
9613,84894329,三立投資股份有限公司,臺中市北屯區平安里崇德路二段128號5樓之3,240000000,1141126
9618,84916061,裕國建設股份有限公司,臺中市北屯區中平路756號6樓之1,36400000,1141107
9630,84965267,太貿企業有限公司,臺中市梧棲區頂寮里四維中路30號8樓,7000000,1141113
9631,84966977,東盟營造股份有限公司,臺中市西區公益路367號3樓之2,210000000,1141121
9657,85011598,創益全球生技股份有限公司,臺中市西屯區市政北二路282號11樓之1,103900000,1141121
9661,85015525,易飛凌生醫股份有限公司,臺中市南區樹義里樹義五巷7之16號1樓,38500000,1141127
9674,85025517,網資通有限公司,臺中市南屯區文心路一段521號6樓之6,3000000,1141110
9675,85026852,悟實建築開發股份有限公司,臺中市西屯區市政北二路282號5樓之8,25000000,1141125
9686,85038148,澔宇開發股份有限公司,臺中市西區後龍里臺灣大道二段87號1樓,10000000,1141126
9687,85038338,柚要飛去玩有限公司,臺中市大里區仁化路796巷5號,1000000,1141104
9702,85049638,中達慶華南國際車業有限公司,臺中市北區立人里陜西路108號10樓之2,1000000,1141110
9707,85054006,鼎壯股份有限公司,臺中市西區大墩十一街8號9樓之2,22721000,1141111
9708,85054821,捷仕曼有限公司,臺中市西屯區何南里大聖街480號2樓,100000,1141104
9714,85058100,鐿叡科技股份有限公司,臺中市北屯區水湳里文心路三段1027號6樓,2750010,1141121
9716,85059874,臺灣索爾科技有限公司,臺中市西區忠誠里忠明南路16號3樓之1,1000000,1141110
9729,85072433,立橙實業有限公司,臺中市南屯區南屯里五權西路二段666號6樓之4,1000000,1141114
9737,85079077,仟頴實業股份有限公司,臺中市潭子區雅潭路二段158號1樓,11500000,1141127
9742,85081236,尚雲雄泰國際有限公司,臺中市北屯區中清路二段146巷38弄70號1樓,5000000,1141106
9743,85081572,鉅聯工程股份有限公司,臺中市清水區橋頭里民有路279號1樓,10000000,1141126
9750,85085275,捷特國際資訊有限公司,臺中市西屯區臺灣大道四段847號11樓,3000000,1141114
9752,85087013,坡舍有限公司,臺中市南屯區公益路二段61號9樓,1000000,1141106
9758,85090468,坂本宜二有限公司,臺中市太平區永豐路291巷11號,5000000,1141114
9771,85101394,承晏投資有限公司,臺中市北屯區仁和里榮德二路101號,13000000,1141106
9772,85102181,映兆開發有限公司,臺中市南屯區惠中里文心路一段306號6樓之3,500000,1141105
9778,85105510,好購市集有限公司,臺中市南屯區三厝里河南路四段522號8樓之11,500000,1141114
9779,85107432,世溢企業股份有限公司,臺中市沙鹿區鹿峰里中山路田尾巷105號1樓,5000000,1141104
9780,85107849,尊鴻餐飲企業股份有限公司,臺中市北區新北里三民路三段114號2樓,31025000,1141121
9781,85109797,今富壕實業有限公司,臺中市北屯區天津路三段173號,1000000,1141125
9785,85110773,成真咖啡國際有限公司,臺中市西區公益路161號5樓之6,5000000,1141105
9794,85114736,長富興業有限公司,臺中市外埔區甲東路36巷16弄6號2樓,5000000,1141106
9800,85117488,圓啟室內裝修設計有限公司,臺中市南區美村南路105之3號2樓,5000000,1141120
9801,85117537,上安營造股份有限公司,臺中市烏日區仁德里信義街239號1樓,32500000,1141119
9802,85117683,台灣陸台通物流有限公司,臺中市西屯區華美西街二段311號9樓之3,1000000,1141126
9803,85118276,誼鑫投資股份有限公司,臺中市大里區東興里益民路二段277號2樓,20000000,1141103
9804,85118304,弘森投資股份有限公司,臺中市大里區永隆里永隆八街19巷1號5樓,8000000,1141114
9858,86070102,晉鑾企業有限公司,臺中市霧峰區甲寅里自強路97之1號,1000000,1141126
9865,86106798,總鎰金屬工業有限公司,臺中市大肚區營埔里船頭一街39巷21號,12706722,1141111
9877,86197452,松岩精密股份有限公司,臺中市大里區塗城路109巷3號,10000000,1141126
9879,86211356,建興營造股份有限公司,臺中市西屯區至善里臺灣大道三段686之1號2樓,105800000,1141125
9883,86225844,旭將企業有限公司,臺中市西屯區寧漢街55號,1000000,1141120
9898,86272418,九光工程有限公司,臺中市沙鹿區福興里鎮南路永福巷91號,2000000,1141119
9899,86274942,大裕塑膠股份有限公司,臺中市梧棲區自立路385號1樓,86000000,1141114
9914,86347918,東升起重工程有限公司,臺中市南區樹義里福田路180號1樓,5500000,1141120
9920,86361571,三都建設股份有限公司,臺中市北屯區松和街137巷18號1樓,25000000,1141104
9938,86414578,九寧股份有限公司,臺中市南屯區溝墘里大正街85號1樓,100000000,1141106
9956,86525602,肯尼實業有限公司,臺中市外埔區甲后路三段600巷38號,15000000,1141106
9959,86541574,古典洋酒股份有限公司,臺中市北屯區平田里遼陽五街25號1樓,52900000,1141125
9962,86558075,萬里香餐廳有限公司,臺中市霧峰區六股里中正路480號,1000000,1141118
9964,86559187,永坦企業有限公司,臺中市北區忠明二街39號1樓,21000000,1141107
9965,86560620,唐亞股份有限公司,臺中市南屯區文山里精科八路32號,170000000,1141117
9968,86566265,金新工業股份有限公司,臺中市清水區東山里神清路9之23號,90220000,1141104
9985,86629677,金鋇實業有限公司,臺中市大里區金城里文化街109號1樓,3500000,1141118
9987,86642762,馥坊實業股份有限公司,臺中市西屯區惠來里河南路三段169號13樓之1,9260000,1141119
9988,86643811,鴻標建設有限公司,臺中市南區三民西路278號2樓,25000000,1141107
9989,86653275,佑江工業股份有限公司,臺中市大雅區四德里中清路三段758巷28號1樓,5000000,1141121
9990,86653423,至成實業股份有限公司,臺中市豐原區大湳里源豐路293之9號,50000000,1141105
9992,86666588,健源股份有限公司,臺中市龍井區臨港路一段152號,11400000,1141126
9994,86678297,台祥鋼業股份有限公司,臺中市太平區永豐路51號1樓,15000000,1141124
9998,86687710,永聖貨運股份有限公司,臺中市外埔區大同里甲后路三段783巷16號1樓,30000000,1141105
10022,86778280,綸山實業有限公司,臺中市南屯區寶山五街105號1樓,5000000,1141121
10026,86791592,國品實業股份有限公司,臺中市大雅區六寶里中清路四段766號,100000000,1141104
10028,86799969,駿辰精密有限公司,臺中市潭子區大豐里雅豐街282巷25號,120000000,1141121
10030,86807882,一信鋁業有限公司,臺中市清水區中央路99之37號,5000000,1141106
10048,86873881,洹郁股份有限公司,臺中市西屯區臺灣大道三段789號10樓之1,11100000,1141118
10067,86935280,克佳興業股份有限公司,臺中市太平區中平九街215號1樓,25000000,1141121
10068,86939906,埔豐新技材料股份有限公司,臺中市東勢區慶福里東關路四段283號,38000000,1141113
10069,86943654,麥倫工程顧問有限公司,臺中市南屯區向上南路一段163號10樓之24,2000000,1141106
10071,86949427,誠鑫實業有限公司,臺中市潭子區頭家東里頭張東路49號1樓,2620000,1141106
10075,86960127,偉全企業股份有限公司,臺中市大里區大里路441之2號,397299400,1141105
10081,86973684,三元興營造股份有限公司,臺中市大肚區太平路7巷1弄24號1樓,65000000,1141107
10087,86985035,鴻昇測量工程有限公司,臺中市大雅區三和里雅潭路四段28號,5000000,1141105
10091,86998279,暘陞工程有限公司,臺中市西屯區大隆路86巷16號1樓,10000000,1141104
10096,88731754,國銓營造有限公司,臺中市北屯區和平里東山路一段503巷40弄1號1樓,50000000,1141127
10116,89121196,承昶能源科技有限公司,臺中市豐原區翁社里豐年路109巷96號,29000000,1141104
10128,89126559,成居有限公司,臺中市西區民龍里公益路155巷9號7樓之1,3850000,1141114
10130,89127038,軒味食品有限公司,臺中市大甲區頂店里雁門路356巷7號1樓,20000000,1141125
10131,89127086,森譯室內裝修設計有限公司,臺中市大里區瓦磘路16號9樓之1,1000000,1141127
10132,89127092,吉霖地產有限公司,臺中市豐原區中正路452號1樓,500000,1141103
10133,89127353,柞未來股份有限公司,臺中市西屯區逢甲路218號11樓之2,10500000,1141117
10134,89127831,藝述國際有限公司,臺中市太平區樹孝路6號3樓之7,5000000,1141125
10142,89130961,天樂廣告行銷有限公司,臺中市西區後龍里民權路219號2樓,5000000,1141126
10158,89143229,膜幻科技有限公司,臺中市沙鹿區福興里福至路45號1樓,150000,1141120
10183,89156639,佳褕股份有限公司,臺中市北區大誠街148巷2弄6號3樓,104500000,1141110
10184,89157047,里米康科技有限公司,臺中市西屯區黎明路三段316號10樓之1,5000000,1141117
10192,89161443,科源機電工程股份有限公司,臺中市北屯區平德里文昌東五街22之1號1樓,16000000,1141114
10205,89170082,源起投資國際有限公司,臺中市北區立人里華美街二段262號6樓之2,1000000,1141107
10206,89170457,仁平企業有限公司,臺中市北屯區仁和里水湳路146巷15號,10000000,1141126
10208,89172103,台灣智福諾科技有限公司,臺中市北屯區平安里熱河路二段68號1樓,1500000,1141117
10210,89172429,永埕不動產開發有限公司,臺中市南屯區東興路二段225號1樓,1000000,1141103
10211,89172764,伊抹花菓有限公司,臺中市西屯區西墩里黎明路三段348號5樓,1000000,1141121
10221,89177254,天茂企管顧問有限公司,臺中市烏日區三和里高鐵一路268號18樓之2,1000000,1141107
10224,89179555,熙雍地產有限公司,臺中市南區福順里復興路二段120之4號1樓,4000000,1141120
10229,89182643,頂流影像有限公司,臺中市北區華貴街29號2樓,2000000,1141106
10230,89182756,友聖木模有限公司,臺中市梧棲區自立二街121號,2000000,1141105
10234,89183811,鑫富揚開發建設股份有限公司,臺中市神岡區豐洲里國豐路一段369之1號1樓,5000000,1141104
10235,89183869,太輿營造股份有限公司,臺中市北區文心路四段200號10樓之8,38000000,1141113
10236,89183875,贏川有限公司,臺中市太平區新光里18鄰新福十六街47號,1000000,1141127
10237,89184760,自然型股份有限公司,臺中市烏日區中山路二段469號,1285000,1141124
10240,89186486,愛美食食品有限公司,臺中市烏日區螺潭里太明北路61號,1000000,1141113
10242,89187443,美式肌肉車車隊有限公司,臺中市后里區公館里三豐路五段131號2樓,500000,1141119
10245,89189857,宙鶴股份有限公司,臺中市西屯區何成里文心路二段598號11樓,75250000,1141114
10254,89198785,創意教育顧問有限公司,臺中市北屯區平和里綏遠路二段207號1樓,100000,1141120
10256,89199736,臺灣綠源科技工程有限公司,臺中市西區民生里自由路一段101號6樓之1,3000000,1141111
10258,89207882,宏憙有限公司,臺中市西區民龍里臺灣大道二段181號12樓之14,5000000,1141127
10260,89210090,俱弘企業有限公司,臺中市潭子區粟林里潭豐路二段906號1樓,5000000,1141121
10265,89222878,東鐿石材有限公司,臺中市后里區墩南里南村路80號,5400000,1141121
10275,89254499,五湖四海營造股份有限公司,臺中市南屯區永定里益文三街78號,160000000,1141110
10289,89287560,永沁行銷有限公司,臺中市北區建興里永興街114號5樓之8,30000,1141104
10291,89296054,新知富企業有限公司,臺中市西區民龍里臺灣大道二段220號12樓,1000000,1141107
10292,89300091,建源砂石有限公司,臺中市霧峰區五福里五福路505號,6000000,1141120
10294,89303267,雅生股份有限公司,臺中市清水區海濱里海濱路347號1樓,3200000,1141119
10296,89304982,盈昌工程股份有限公司,臺中市西屯區臺灣大道四段1270號2樓之3,15000000,1141119
10299,89317163,富誠營造股份有限公司,臺中市西區大忠里忠明南路270號7樓之1,18000000,1141104
10303,89330399,黃杰起重機械股份有限公司,臺中市南屯區中和里黎明路一段203巷34號1樓,6000000,1141111
10358,89507277,州聯電力有限公司,臺中市大里區塗城里塗城路29號,68000000,1141126
10359,89509042,眾鴻貿易股份有限公司,臺中市北屯區青島路三段3號,38000000,1141118
10365,89548495,興懋營造股份有限公司,臺中市西屯區潮洋里市政北二路282號16樓之6,98000000,1141126
10369,89559008,僑倫彩色製版有限公司,臺中市南區樹德里復興北路433號1樓,13000000,1141106
10374,89568013,郡嘉精密股份有限公司,臺中市神岡區社南里中山路851巷28弄4號,15000000,1141126
10376,89575393,常季設計工程有限公司,臺中市南屯區河南路四段610號,6000000,1141103
10377,89579638,中連加油站股份有限公司,臺中市西屯區工業區一路7號2樓,25000000,1141106
10398,89647158,巨洲實業股份有限公司,臺中市烏日區溪尾里溪岸路9之6號,42400000,1141120
10401,89669103,佳富建築營造股份有限公司,臺中市西屯區市政北二路238號25樓之1,70000000,1141125
10405,89694665,佳衍工業股份有限公司,臺中市大雅區上楓里民生路三段253號,55000000,1141106
10408,89711714,晉暉企業有限公司,臺中市神岡區大裡街139號1樓,5000000,1141125
10434,89795903,漢村股份有限公司,臺中市西屯區上石里河南路二段341號，西屯路二段255之8號,90000000,1141105
10436,89809857,賀淞貿易有限公司,臺中市北屯區軍福十六路189號,50000000,1141105
10440,89828550,翰翔旅行社股份有限公司,臺中市西區公益路367號10樓之2,8000000,1141127
10441,89832941,鐿諠工業股份有限公司,臺中市大里區塗城路304巷28弄18號,1000000,1141104
10450,89853311,豐銘模具股份有限公司,臺中市豐原區社皮里一心路185巷14號5樓1室,3000000,1141105
10463,89891912,耀鈦營造有限公司,臺中市大甲區中山路一段947號10樓,3600000,1141104
10480,89997035,捷安好實業有限公司,臺中市太平區宜佳里宜安街53號1樓,2000000,1141104
10501,90013370,承緣儀器股份有限公司,臺中市烏日區新興路425號2樓之2,24000000,1141117
10518,90020528,天下健康有限公司,臺中市北區健行里忠明路424號9樓之4,500000,1141120
10519,90022096,勤賀國際有限公司,臺中市南區忠明南路759巷3號1樓,2000000,1141104
10520,90022271,德惠通實業有限公司,臺中市西區大忠里五權五街237巷1號1樓,16000000,1141114
10542,90031335,展沅投資有限公司,臺中市西區民龍里臺灣大道二段220號12樓,500000,1141127
10552,90036280,聯騰營造有限公司,臺中市西區美村路一段43號6樓之9,3600000,1141114
10553,90036388,鉅商物業有限公司,臺中市西屯區惠來里市政北七路186號15樓之5,200000,1141120
10554,90037268,雋昕營造股份有限公司,臺中市南屯區溝墘里大英街427號5樓之5,10000000,1141107
10555,90038148,安瑪草原股份有限公司,臺中市西區五權西四街57號2樓,9000000,1141127
10597,90067712,萩山有限公司,臺中市西區忠明南路270號7樓之1,300000,1141107
10598,90067826,鑫誠園藝設計股份有限公司,臺中市南屯區永春南路888巷341號,150000,1141127
10599,90068058,奕華工業有限公司,臺中市太平區新興里新興路27號5樓,7260000,1141119
10613,90076331,永瑩有限公司,臺中市西屯區惠來里市政路500號20樓之1,1000000,1141120
10629,90086020,太榞莊商旅開發有限公司,臺中市北區建成里東成路167號1樓,5000000,1141126
10631,90088630,天有資產管理有限公司,臺中市西區後龍里民權路219號2樓,500000,1141110
10632,90089342,易寬國際股份有限公司,臺中市烏日區溫泉路16之8號2樓,94899350,1141126
10633,90089363,燁晨有限公司,臺中市西屯區福雅里臺灣大道四段936號7樓之2,5000000,1141105
10634,90090586,兟喆投資有限公司,臺中市西屯區何安里洛陽東街15號1樓,5000000,1141110
10635,90091038,天蠍瑤有限公司,臺中市清水區南社里民族路二段229巷5號,100000,1141117
10636,90091902,立羽不動產經紀有限公司,臺中市沙鹿區興仁里四平街58號,500000,1141105
10637,90092212,庫珀國際投資股份有限公司,臺中市南區和平里忠明南路758號17樓,66000000,1141103
10638,90092304,昰豐股份有限公司,臺中市潭子區栗林里中山路三段493巷63號3樓,14400000,1141106
10639,90092347,石初室內裝修設計工程有限公司,臺中市西屯區逢福里弘孝路251巷6號1樓,200000,1141118
10640,90093599,城市角度室內設計工程有限公司,臺中市霧峰區吉峰里民生路296巷10弄33號1樓,1100000,1141105
10665,90105390,塍太國際事業有限公司,臺中市南屯區惠中里文心路一段378號7樓之10,500000,1141105
10666,90105440,精銳服務事業有限公司,臺中市神岡區大社里大漢街127巷6弄2號1樓,2000000,1141119
10667,90105477,高大鑫機電工程股份有限公司,臺中市東區六順路20號,28000000,1141119
10668,90105568,豪勝國際開發有限公司,臺中市西區公平里精美街45號,29500000,1141118
10669,90105791,石安股份有限公司,臺中市烏日區溫泉路16之5號2樓,94899350,1141124
10674,90106927,集客旅人有限公司,臺中市西屯區何源里華美西街二段355號,1000000,1141126
10694,90119140,惠承不動產股份有限公司,臺中市北屯區廍子里環太東路498號,2000000,1141107
10706,90126888,鑫浤洋投資有限公司,臺中市西區忠誠里臺灣大道二段536號8樓之1,18480000,1141126
10707,90126938,米納國際行銷有限公司,臺中市西屯區何成里大墩十九街186號11樓之1,10000000,1141110
10708,90127227,殺戮天使電影有限公司,臺中市東區新庄里復興路四段218之1號2樓,600000,1141110
10709,90129230,財多利有限公司,臺中市烏日區光明里環河路二段788號,500000,1141124
10710,90129267,銓眾資安股份有限公司,臺中市西屯區何厝東二街23號9樓之3,1500000,1141126
10738,90147531,立容起重有限公司,臺中市西屯區何德里漢口路二段151號15樓之3,6000000,1141105
10739,90148341,上帥科技有限公司,臺中市外埔區大東里甲后路五段185巷59弄6號2樓,3000000,1141126
10740,90149290,哩來有限公司,臺中市北區新北里錦新街46號1樓,1000000,1141104
10783,90185957,米棨貿易有限公司,臺中市南屯區向心路103之8巷18號1樓,1000000,1141126
10784,90186288,海豐廣告有限公司,臺中市太平區中山路三段152號2樓,1000000,1141120
10792,90193318,匯澔展業有限公司,臺中市烏日區烏日里環河北路270號10樓,1000000,1141103
10794,90197736,芊祥廣告工程有限公司,臺中市東區樂成里旱溪街61巷19之7號1樓,500000,1141113
10795,90197784,鑫淼汽車美容有限公司,臺中市北屯區太原路三段1299號13樓之11,1000000,1141103
10822,90223360,野貽股份有限公司,臺中市西屯區福雅里福順路217巷16號1樓、2樓,300000,1141121
10824,90224641,捷特工業有限公司,臺中市大里區成功路398號,610000,1141110
10825,90225000,睿成資產有限公司,臺中市北區忠太東路117之19號,6000000,1141104
10826,90227041,克萊倫斯國際有限公司,臺中市清水區清水里中山路19之1號6樓之6,5000000,1141113
10827,90227112,友沛水務股份有限公司,臺中市大雅區民生路三段313巷45號1樓,486259070,1141113
10828,90227669,黑碩國際有限公司,臺中市西屯區甘肅路二段68號,6000000,1141111
10838,90237688,聚落科技有限公司,臺中市西屯區潮洋里市政北二路236號21樓之1,15000000,1141126
10839,90237765,怡伶創意整合有限公司,臺中市烏日區九德里中華路177號1樓,8000000,1141127
10841,90238764,芯富康高科有限公司,臺中市大里區國光里東榮路467巷10號,12956000,1141103
10843,90239383,吉麗健康事業有限公司,臺中市烏日區前竹里光明路159巷68弄10號1樓,1000000,1141111
10845,90241108,光沐之心品牌美學設計有限公司,臺中市西屯區市政北二路236號21樓之1,6100000,1141107
10890,90281635,初元股份有限公司,臺中市大里區科技路3號6樓之3,10000000,1141113
10891,90282091,晶立佳有限公司,臺中市北屯區平和里安順東二街10號1樓,500000,1141125
10892,90282249,利易達半導體設備股份有限公司,臺中市中區民族路92號4樓之4,23897996,1141126
10893,90283351,集力實業有限公司,臺中市南屯區向心南路169巷9號,5000000,1141117
10894,90284605,鑫富沁股份有限公司,臺中市西區公益里忠明南路237號5樓之2,4300000,1141106
10895,90284669,群創家廣告有限公司,臺中市南屯區益昌六街35號4樓之2,1900000,1141126
10901,90288638,原力整合股份有限公司,臺中市潭子區大富路一段80號,10110000,1141111
10903,90291161,丞安空間設計有限公司,臺中市豐原區西安里西勢路190巷32弄12號,60000,1141110
10908,90296068,福弘通訊有限公司,臺中市北區梅亭東街36巷2號1樓,200000,1141119
10909,90296258,銪鑫國際有限公司,臺中市太平區光興路699巷20弄68號,3000000,1141124
10938,90314241,鍉瀧行銷有限公司,臺中市南區福順里忠明南路789號33樓,500000,1141125
10941,90318529,奧加行銷股份有限公司,臺中市北屯區昌平路二段50之6巷37號,1000000,1141106
10942,90319061,茉蕾整理有限公司,臺中市豐原區社皮里社皮路41巷16號3樓,1350000,1141121
10982,90343029,天貫營造股份有限公司,臺中市西屯區臺灣大道四段1270號2樓之3,33600000,1141111
10983,90345259,睿得生物科技有限公司,臺中市北屯區南興東路150號1樓,5000000,1141110
10984,90345482,力營有限公司,臺中市太平區新吉里育德路162巷15號1樓,2000000,1141106
10985,90345602,軻德實業有限公司,臺中市西區忠誠里忠明南路16號6樓之7,1000000,1141104
10986,90345814,畇豐國際股份有限公司,臺中市神岡區豐洲里豐洲路381號,15000000,1141105
10987,90345862,享福國際有限公司,臺中市北區大湖里光大街106號地下層,3000000,1141119
10988,90345960,廣豐鋼構有限公司,臺中市西屯區何南里東興路三段381號5樓之3,200000,1141106
10991,90348410,宣虹企業有限公司,臺中市豐原區朴子里國豐路三段488號,5000000,1141103
10992,90348609,以恩資訊股份有限公司,臺中市西屯區臺灣大道四段925號13樓之1,25670100,1141107
10998,90353638,致柔健康管理顧問有限公司,臺中市西區公正里大墩十街10號,1000000,1141118
10999,90354361,和謙國際有限公司,臺中市潭子區潭陽里潭興路二段140巷33號2樓,2000000,1141104
11000,90354427,允泰資產管理股份有限公司,臺中市北區明新里中清路一段463之1號,1500000,1141120
11007,90359627,元沐悅股份有限公司,臺中市北屯區仁和里榮德路491號,1000000,1141111
11008,90359823,宸全安全顧問有限公司,臺中市西屯區福雅里西屯路三段153之5號2樓之1,10000000,1141118
11044,90381901,威綱國際有限公司,臺中市神岡區神洲里豐工三路7號,500000,1141118
11045,90382021,金億隆科技有限公司,臺中市南屯區南屯里萬和路二段31之12號1樓,600000,1141118
11069,90398852,一茶池股份有限公司,臺中市南區福興里復興路三段8號1樓,1200000,1141114
11070,90399374,全日電工程有限公司,臺中市神岡區新庄里新興路216之1號,1000000,1141107
11071,90399917,啟宸投資股份有限公司,臺中市南屯區大墩十二街640號,25000000,1141104
11072,90400528,龍澤建設股份有限公司,臺中市大里區東湖里東南路142-3號,20000000,1141107
11075,90401786,集雲視覺整合有限公司,臺中市西區臺灣大道二段406號8樓之1,200000,1141104
11081,90407418,淞苑股份有限公司,臺中市北區健行里西屯路一段492巷54弄4號,3000000,1141117
11082,90407445,兆映創新實業有限公司,臺中市北屯區松茂里松竹路二段107巷72之1號,1500000,1141113
11083,90407780,禾鉅資本有限公司,臺中市北屯區水湳里文心路三段447號4樓,4000000,1141119
11084,90409099,勤眾環保有限公司,臺中市太平區大興里大興路268號1樓,2500000,1141124
11102,90419435,星熠創意行銷有限公司,臺中市西屯區西墩里西苑二街168號2樓,1000000,1141103
11115,90428574,百禎生物科技有限公司,臺中市西屯區惠來里市政路402號10樓之1,5000000,1141126
11148,90454869,雅夏有限公司,臺中市南屯區河南路四段230號2樓,7000000,1141127
11149,90454988,小鮮肉直賣網股份有限公司,臺中市北屯區廍子里景賢路121號9樓之1,12000000,1141114
11150,90455972,中赫交通有限公司,臺中市龍井區新東里臺灣大道五段73號1樓,10000000,1141124
11200,90486638,翔承精密有限公司,臺中市大肚區頂街里沙田路三段245巷81之24號1樓,5000000,1141104
11201,90488930,天煜服裝有限公司,臺中市北區新北里三民路三段106巷13號1樓,3000000,1141120
11203,90489023,海滔國際股份有限公司,臺中市北區文莊里中清路一段89號8樓之6至8樓之8,400000,1141127
11210,90494026,蒲禾田有限公司,臺中市清水區海濱里臨港路六段168巷68號,600000,1141124
11211,90494314,聖豪不動產仲介有限公司,臺中市西屯區西安里逢明街29巷70號9樓之8,10000000,1141121
11212,90494763,鎧裕營造股份有限公司,臺中市北區梅川里漢口路四段287巷7號3樓之1,25000000,1141104
11213,90495138,建瑜股份有限公司,臺中市西屯區天水東街35號5樓,1000000,1141105
11215,90496170,孤島遊戲有限公司,臺中市梧棲區大勇二路16號10樓之6,15000,1141118
11236,90510829,仰浩企業有限公司,臺中市豐原區中正路534號2樓,1000000,1141114
11242,90518596,睿映投資股份有限公司,臺中市西屯區潮洋里朝富路213號22樓之10,2000000,1141105
11243,90518836,杉宅室內裝修工程有限公司,臺中市東區東勢里玉皇街80巷1號7樓之2,1000000,1141126
11244,90519130,鉅聚投資有限公司,臺中市西屯區潮洋里市政北二路282號15樓之3,6000000,1141121
11245,90519363,鑫越廣告有限公司,臺中市清水區海風里舊庄路36號1樓,1000000,1141124
11255,90527103,鎂福投資股份有限公司,臺中市南屯區三厝里大富街116號,17200000,1141124
11256,90527455,晁億營造股份有限公司,臺中市北屯區新平里中平路516號1樓,3600000,1141118
11272,90532871,佳得展有限公司,臺中市南區忠明南路789號38樓之2,3000000,1141113
11273,90533034,茂豐資訊股份有限公司,臺中市西區公益里忠明南路237號8樓之4,100000,1141124
11274,90533484,溙銳國際開發有限公司,臺中市南屯區文心路一段186號14樓之8,3000000,1141110
11275,90534651,浦利德精密機械股份有限公司,臺中市神岡區庄後里中車路13之28號1樓,33130000,1141119
11276,90534759,詠禾設計有限公司,臺中市南屯區大進街679號2樓,1000000,1141117
11306,90556541,承漢精密科技企業有限公司,臺中市梧棲區四維中路331號12樓之5,2000000,1141118
11342,90580850,雀兒餐飲娛樂股份有限公司,臺中市南屯區永春東七路883號1樓,3000000,1141110
11343,90580900,統用企業股份有限公司,臺中市豐原區豐東路316號1樓,45218000,1141125
11344,90581773,勝羽地產有限公司,臺中市南區復興路二段106號1樓,1000000,1141125
11346,90582148,長申精密機械有限公司,臺中市烏日區溪南路二段248巷105號,4000000,1141124
11354,90592080,開立呈有限公司,臺中市北區大德街221號,200000,1141110
11362,90598697,誠陽石材有限公司,臺中市西屯區福中十六街7巷3號4樓,100000,1141119
11363,90599099,協發電機工程有限公司,臺中市沙鹿區埔子里屏西路150號1樓,7000000,1141105
11364,90599491,康浿國際股份有限公司,臺中市西屯區協和里工業區三十六路1號,30000,1141113
11365,90599627,拉法智慧科技股份有限公司,臺中市大里區國光里六桂路116號1樓,1500000,1141119
11381,90613711,金錢無限時間有限公司,臺中市西區忠明南路237號5樓之2,150000,1141119
11393,90625462,建銘有限公司,臺中市神岡區圳堵里中平路99巷212號,100000,1141110
11394,90627031,翰邦投資股份有限公司,臺中市北區青島路二段42號9樓,13580980,1141113
11395,90627258,九盈科技顧問有限公司,臺中市北區頂厝里進化北路238號10樓之3,888888,1141117
11397,90627530,恩梯科技股份有限公司,臺中市西區大忠南街55號7樓之5,1000000,1141119
11409,90642820,米蘭站國際開發有限公司,臺中市南屯區三義里市政南二路183號2樓,2000000,1141113
11410,90642912,聚勢國際有限公司,臺中市龍井區竹師路二段75巷15之17號5樓,860000,1141104
11434,90657359,福運有限公司,臺中市太平區興隆里光興路1266巷131弄52號,100000,1141103
11444,90665490,木盛室內裝修有限公司,臺中市神岡區岸裡里中山路241巷4號,5000000,1141113
11445,90666462,亞飛特整合行銷有限公司,臺中市北屯區廍子里祥順路一段431號13樓之2,200000,1141120
11484,90686241,豪盛開發有限公司,臺中市西屯區惠來里河南路三段131號13樓之11,1000000,1141105
11485,90690110,德仁騰餐飲股份有限公司,臺中市北屯區仁美里昌平東五路256號,4000000,1141113
11486,90690174,傳家建設股份有限公司,臺中市南屯區同心里文心路一段218號11樓之1,5000000,1141110
11496,90696579,鴻緯資訊股份有限公司,臺中市北屯區舊社里敦富六街186號13樓之7,3000000,1141107
11497,90697444,神恩生命禮儀有限公司,臺中市大里區新仁里公教街123號1樓,250000,1141126
11498,90697612,寶宏富建設股份有限公司,臺中市北屯區東光里東山路一段91巷33號9樓之1,6660000,1141127
11508,90703635,伯特納有限公司,臺中市西屯區重慶路99號5樓之3,2000000,1141121
11515,90709835,祐界股份有限公司,臺中市西區忠明里博館路117號地下一層,1000000,1141120
11540,90752023,奇亞生技有限公司,臺中市北區頂厝里進化北路238號8樓之1,200000,1141105
11541,90752537,永承益投資股份有限公司,臺中市北區文莊里中清路一段71號,30357220,1141121
11563,90787775,煜森企業有限公司,臺中市南屯區大同里大進街28號1樓,5000000,1141106
11575,90814626,微笑玩家國際貿易有限公司,臺中市西區長榮里西榮路208號1樓,1500000,1141121
11578,90820423,丹律日有限公司,臺中市西區公正里大進街159號3樓之6,1000000,1141126
11581,90827360,聯勤農業科技有限公司,臺中市大里區仁美路137巷8號2樓,12500000,1141105
11582,90827919,鼎駿建設股份有限公司,臺中市西區福龍街39號5樓之4,500000,1141124
11583,90828001,昇朝暘建設有限公司,臺中市大里區仁化工八路6巷7號1樓,10000000,1141107
11597,90835559,浩瀚國際資訊股份有限公司,臺中市北區中清路一段89號8樓之6至8樓之8,1100000,1141107
11616,90852374,自由方舟股份有限公司,臺中市北區賴村里中清路一段372號4樓,2200000,1141119
11617,90854957,川禾生活科技有限公司,臺中市東勢區廣興里中山路37號2樓,200000,1141104
11619,90859524,千展投資有限公司,臺中市太平區成功東路412巷9弄22號1樓,15000000,1141113
11620,90859566,上育投資有限公司,臺中市北屯區東山路一段218巷8弄12號1樓,23800000,1141113
11621,90859989,京丞建設有限公司,臺中市北屯區同榮里豐德一街61號,15000000,1141127
11627,90863772,鑫林國際事業有限公司,臺中市西屯區西安里西屯路二段297之8巷12弄40號,5000000,1141117
11629,90866503,元榮國際股份有限公司,臺中市西屯區潮洋里市政北二路282號11樓之1,100000,1141105
11631,90867616,益可達科技股份有限公司,臺中市大甲區頂店里中山路一段1200號,20000000,1141103
11653,90889359,波奇股份有限公司,臺中市北區崇德里崇德路一段534號1樓,6500000,1141120
11655,90892262,昶暉能源股份有限公司,臺中市南區樹義里福田二街268巷107號2樓,7000000,1141124
11656,90892468,鐿霖投資股份有限公司,臺中市北屯區軍福十一路553號3樓之2,31000000,1141124
11657,90892495,鼎力生醫股份有限公司,臺中市西屯區朝富路213號3樓之5,124675244,1141103
11662,90895015,金風間餐飲有限公司,臺中市北屯區水湳里文心路三段447號21樓,25000000,1141127
11670,90983684,茁壯得利有限公司,臺中市北區頂厝里太原路二段262號1樓,250000,1141119
11671,90985135,一秝室內裝修設計有限公司,臺中市大雅區秀山里平和一路6號,1000000,1141126
11683,91011759,小龍魂健身股份有限公司,臺中市北屯區和祥六街23號2樓,12500000,1141125
11684,91011786,佳奇精密工業有限公司,臺中市南屯區大進街536之19號5樓,2000000,1141110
11715,91042654,一中涵舍股份有限公司,臺中市北區中山路421號1樓,6000000,1141110
11720,91049039,佶倈野有限公司,臺中市北區邱厝里美德街128號1樓,200000,1141127
11730,91055860,云饕數位科技有限公司,臺中市南屯區向上南路一段163號5樓之2,200000,1141104
11731,91055947,天心安全生活綠色高新科技產業有限公司,臺中市北屯區平興里遼寧路一段51巷34號,4620000,1141121
11732,91056158,台中頂贏國際事業股份有限公司,臺中市南區復興路二段120之4號1樓,4000000,1141107
11733,91056642,輔匠醫材有限公司,臺中市沙鹿區三鹿里自強路345號1樓,2200000,1141113
11739,91064093,耀盈國際企業有限公司,臺中市太平區中興里永平路二段476巷108號,1000000,1141119
11740,91064397,創力雲室內裝修股份有限公司,臺中市北屯區舊社里北屯路453之4號6樓,5000000,1141126
11742,91066655,阿波羅電力股份有限公司,臺中市西屯區朝富路213號28樓之6,400000000,1141126
11768,91086385,華丰健康實業股份有限公司,臺中市西區篤行路185號5樓之10,50000,1141118
11769,91086414,承豐金工設計有限公司,臺中市東區富仁里自由路三段25號1樓,2500000,1141103
11770,91086462,佳德資訊有限公司,臺中市北屯區文心路四段752之2號,2000000,1141111
11776,91092112,環峰運動顧問股份有限公司,臺中市北區大湖里公園路146號4樓,18077000,1141118
11778,91093457,朗然有限公司,臺中市西區民龍里臺灣大道二段220號12樓,6500000,1141104
11779,91095103,佳鋐鑫工程有限公司,臺中市北屯區和平里和祥路一段121號2樓,1000000,1141124
11780,91095130,創頂工程有限公司,臺中市北屯區崇德路二段250號14樓,1000000,1141106
11826,91124682,泓森繪圖設計有限公司,臺中市太平區豐年里大源31街2號1樓,1000000,1141107
11827,91124992,宥杏股份有限公司,臺中市西屯區大河里長安路一段83號1樓,11400000,1141118
11828,91125198,久統營造有限公司,臺中市北屯區平順里安順東九街46號1樓,20000000,1141111
11829,91125351,宗紀清潔股份有限公司,臺中市北區金龍里梅亭街5號2樓之3,10000000,1141111
11830,91753794,益銘開發股份有限公司,臺中市南區長榮里愛國街49巷2號,30000000,1141105
11834,92601965,久嘉有限公司,臺中市烏日區太明路成豐巷108號,500000,1141110
11836,92602514,多得利科技有限公司,臺中市北區健行里忠明路424號5樓之1,300000,1141121
11837,92603865,沛冠實業有限公司,臺中市西屯區上石里青海路二段292之1號,100000,1141120
11894,93498840,展弘電機有限公司,臺中市大甲區新美里光明路261巷34號1樓,250000,1141126
11903,93507616,映宇有限公司,臺中市西屯區精明路32號,1000000,1141114
11918,93513384,賴斗有限公司,臺中市烏日區榮泉里健行北一路156號10樓之2,1000000,1141103
11919,93513526,未來維度有限公司,臺中市北區頂厝里進化北路238號10樓之3,1000000,1141117
11920,93513841,玨品工程有限公司,臺中市外埔區大同里中山路300巷4號1樓,3000000,1141113
11930,93520998,橙信興業有限公司,臺中市西區民族路279號4樓,1000000,1141104
11944,93531242,安好宅裝潢工程有限公司,臺中市北區明新里中清路一段463之1號,100000,1141117
11945,93531361,威通資產管理股份有限公司,臺中市西屯區福星路100號1樓,1000000,1141110
11946,93531566,台灣以勒氫能源股份有限公司,臺中市西區五權新二巷11號4樓,2500000,1141110
11947,93531658,川果百貨有限公司,臺中市北區立人里陜西路108號15樓之2,1000000,1141110
11975,93541163,宇展整合有限公司,臺中市西屯區文中路2號6樓之2,6000000,1141104
11977,93544350,金致富科技有限公司,臺中市南區崇倫里三民西路351號,1000000,1141125
11978,93544632,紅葉餐飲有限公司,臺中市北區頂厝里崇德路一段631號16樓之1,1500000,1141113
12003,93553527,謙群股份有限公司,臺中市太平區太順路265號1樓,13500000,1141106
12025,93562949,億郡投資實業有限公司,臺中市西屯區潮洋里臺灣大道三段681號10樓之2,20000000,1141124
12026,93563145,意識影像有限公司,臺中市西屯區逢甲路301巷22弄24號1樓,200000,1141126
12027,93563692,辰豐股份有限公司,臺中市西區昇平里中興街8號3樓,42388000,1141118
12028,93563715,宇勝化學有限公司,臺中市西區公正里東興路三段160號7樓之1,8000000,1141104
12038,93568134,麗昇實業股份有限公司,臺中市豐原區豐原里隆豐街58巷8號1樓,5000000,1141103
12039,93569443,喜陽資本股份有限公司,臺中市北區文莊里中清路一段89號11樓之11,5000000,1141113
12047,93576325,淂心有限公司,臺中市西屯區協和里工業區三十八路38巷6號1樓,1000000,1141126
12051,93579934,柏通工程有限公司,臺中市太平區新光里振文路16號1樓,100000,1141124
12052,93580453,皓陽投資有限公司,臺中市西屯區福雅里臺灣大道四段936號7樓之2,5370000,1141103
12063,93586251,騏霖金融科技有限公司,臺中市北屯區平順里昌平路一段400號7樓之1,1000000,1141119
12064,93587272,盛立數位科技有限公司,臺中市西屯區市政北七路186號12樓之9,100000,1141111
12065,93587815,山山科技有限公司,臺中市豐原區豐勢路一段506號,5000000,1141110
12089,93597341,盈鑫榮資產顧問有限公司,臺中市南區福順里忠明南路789號17樓之1,1000000,1141103
12116,93607116,嘉安興消防工程有限公司,臺中市南屯區中和里南光路12之1號1樓,200000,1141106
12117,93607474,智碩資優文教事業有限公司,臺中市豐原區北陽里豐東路85巷38弄1號1樓,1000000,1141121
12155,93626280,群豪股份有限公司,臺中市南屯區新生里龍富路四段150號,16000000,1141126
12157,93629168,何不燒烤股份有限公司,臺中市北區德化街457號1樓,5120000,1141126
12166,93641607,台灣柏格新能源有限公司,臺中市神岡區神清路269之17號,5000000,1141105
12167,93643437,友聯全球顧問有限公司,臺中市烏日區高鐵一路268號6樓之6,2000000,1141127
12168,93646878,紅全機械有限公司,臺中市北屯區松竹路二段337巷31號1樓,1000000,1141121
12169,93647052,十萬伏特電力股份有限公司,臺中市烏日區高鐵一路268號12樓之6,6000000,1141127
12181,93658374,邑瑾有限公司,臺中市清水區橋頭里民治東路110號1樓,200000,1141124
12182,93660054,格睿顧問有限公司,臺中市神岡區中山路1030號1樓,300000,1141121
12183,93660266,啡速國際股份有限公司,臺中市大肚區溪洲路105號,1000000,1141103
12184,93660322,橡樹多媒體有限公司,臺中市南屯區南屯路二段408號8樓之5,200000,1141118
12185,93660673,太平一五六有限公司,臺中市西屯區逢甲里文華路7之4號,1000000,1141113
12186,93660913,歐菈菈有限公司,臺中市北屯區平田里文心路四段955號11樓之2,1000000,1141121
12230,93700669,雅達地產資產管理有限公司,臺中市北區賴興里文心路四段200號8樓之8,1000000,1141127
12231,93705876,納百川投資有限公司,臺中市西屯區逢福里河南路二段262號6樓之3,3964364,1141105
12232,93708803,允雄能源股份有限公司,臺中市大甲區文武里育英路244號1樓,1000000,1141125
12233,93708825,標是量智資安有限公司,臺中市西區臺灣大道二段2號9樓之3,6700000,1141119
12248,93726963,瑞麗智慧股份有限公司,臺中市西區臺灣大道二段501號10樓之1,30000000,1141113
12249,93727273,金巨弘科技有限公司,臺中市西屯區福恩里工業區一路58巷33弄33之3號2樓,2000000,1141110
12250,93728630,全都富投資股份有限公司,臺中市西區忠明南路270號8樓之2,20000000,1141118
12251,93729336,展榮良品企業股份有限公司,臺中市烏日區烏日里光日路406號1樓,5000000,1141125
12285,93767513,凝萃文旅國際有限公司,臺中市中區綠川里綠川西街135號4樓之1、4樓之2,4600000,1141106
12288,93768702,倢海工程有限公司,臺中市東區十甲里一心街395號1樓,6000000,1141127
12289,93769478,富彥實業有限公司,臺中市西區中興里向上北路189巷4弄3號1樓,2000000,1141110
12292,93771827,歐盈科技有限公司,臺中市西區民族路333號4樓之4,1000000,1141125
12293,93772065,耀華開發有限公司,臺中市西區民龍里臺灣大道二段220號12樓,1000000,1141106
12298,93775561,夢想工場有限公司,臺中市東區十甲路517號1樓,1000000,1141126
12299,93775675,成居營造股份有限公司,臺中市西區民龍里公益路155巷9號7樓之2,12000000,1141121
12300,93775871,梨山聚鑫茶業股份有限公司,臺中市和平區中正路60之1號1樓,5000000,1141118
12311,93780332,泰山道安科技有限公司,臺中市西區後龍里民權路219號2樓,100000,1141126
12312,93780591,力鍛升有限公司,臺中市大里區東湖里東南路170號,500000,1141125
12316,93781992,宇宸娛樂有限公司,臺中市西屯區惠來里市政北七路186號3樓之3,500000,1141110
12329,93791871,藍斯洛特股份有限公司,臺中市北區新北里一中街233號,34900000,1141117
12330,93791942,融毅投資股份有限公司,臺中市西屯區臺灣大道三段729巷66號2樓,15210000,1141110
12331,93792533,盛勛有限公司,臺中市豐原區合作街132巷20號1樓,1500000,1141113
12332,93793104,采郁股份有限公司,臺中市梧棲區大村里立德街289巷13號1樓,1500010,1141103
12361,94008027,益杰企業有限公司,臺中市北區立人里陝西路108號15樓之2,2100000,1141104
12362,94008700,雕心股份有限公司,臺中市北區漢口路四段318巷39號1樓,500000,1141104
12363,94008737,農人餐飲股份有限公司,臺中市西區中興里向上北路137號6樓,5000000,1141120
12364,94009139,言信不動產經紀有限公司,臺中市沙鹿區南勢里鎮南路二段55巷12號1樓,1000000,1141107
12365,94009779,澄映室內設計有限公司,臺中市大雅區六寶里中清路四段811巷5弄13號1樓,200000,1141103
12366,94009813,晶至生醫科技股份有限公司,臺中市大雅區上楓里民生路三段313巷41號,248000000,1141105
12383,94020280,康創生醫股份有限公司,臺中市西屯區何安里臺灣大道二段910號11樓之5,2000000,1141121
12385,94020893,鴻天地產有限公司,臺中市南屯區文心南路250號,1200000,1141103
12402,94036017,潔森樂品清潔有限公司,臺中市北屯區文心路四段955號11樓之2,300000,1141111
12403,94036071,金達廣告企業有限公司,臺中市大里區東昇路175號,2000000,1141124
12418,94051240,曜龍茶業國際有限公司,臺中市西屯區協和里安和路103之28號,500000,1141106
12419,94051305,元臻貿易有限公司,臺中市清水區槺榔里槺榔一街98號1樓,500000,1141126
12420,94051332,澤閱管理顧問有限公司,臺中市東區天乙街37巷2號2樓,501000,1141107
12421,94052901,于閑投資股份有限公司,臺中市西屯區臺灣大道三段729巷66號2樓,15210000,1141110
12424,94055273,森田印象有限公司,臺中市南區工學里工學北路155號2樓之2,10000,1141106
12430,94061752,馥年有限公司,臺中市神岡區豐洲里豐洲路456巷26弄26號,4500000,1141119
12431,94062507,元森實業有限公司,臺中市東區東信里旱溪東路一段205號1樓,50000,1141105
12447,94075030,昱昇太陽光電有限公司,臺中市豐原區北陽里南陽路綠山巷161弄16號1樓,5000000,1141118
12456,94081722,喬良文化有限公司,臺中市北區中清路一段150巷10弄10號3樓,2000000,1141107
12457,94081820,沛亮智能科技股份有限公司,臺中市南屯區豐樂里文心南路282號,5000000,1141114
12458,94082047,富譽慶豐有限公司,臺中市東區東英里自由路四段418號3樓,300000,1141126
12498,94110888,川目國際股份有限公司,臺中市東區十甲里東英八街38號1樓,1888000,1141126
12499,94111535,崧凰股份有限公司,臺中市西屯區福聯里福順路861號1樓,19175000,1141114
12500,94111916,永德開發有限公司,臺中市東區十甲里東英八街38號1樓,168000,1141103
12501,94111985,日強森科技有限公司,臺中市太平區立功路243號1樓,500000,1141127
12510,94118761,珀瑚工程顧問有限公司,臺中市霧峰區吉峰里錦州路401巷24號1樓,10000000,1141106
12511,94118973,世喜有限公司,臺中市西區和龍里臺灣大道二段2號14樓之3,8000000,1141126
12512,94119430,實貳設計室內裝修有限公司,臺中市西屯區西平里福星路192號1樓,1000000,1141126
12513,94120078,珈樂有限公司,臺中市太平區長億里太平路81號1樓,5000000,1141118
12522,94128682,超凡企業有限公司,臺中市西屯區惠來里市政北七路186號14樓之8,300000,1141119
12527,94132617,達爾文顧問有限公司,臺中市北屯區平安里崇德路二段130號18樓,500000,1141110
12528,94132877,業主科技工程有限公司,臺中市西區民龍里臺灣大道二段220號12樓,1000000,1141117
12529,94132882,品彖投資有限公司,臺中市西區双龍里模範街23巷23號2樓,5300000,1141117
12530,94133995,鋐積工程有限公司,臺中市后里區義里里梅里路45巷8之1號,3600000,1141125
12531,94134072,植晟有限公司,臺中市南屯區惠中里文心路一段378號7樓之10,500000,1141127
12532,94134170,兆鑫軸承有限公司,臺中市西屯區福安里安和路133號7樓之1,1000000,1141113
12538,94140222,金渠工程有限公司,臺中市太平區宜欣里宜欣十街52號8樓,300000,1141107
12539,94140530,艾特鎂有限公司,臺中市南區福順里忠明南路789號38樓之2,100000,1141126
12540,94140686,普祿帝霞股份有限公司,臺中市西區昇平里向上路一段95之3號1樓,500000,1141114
12544,94143620,優品拓展有限公司,臺中市北屯區北屯路60之1號1樓,500000,1141127
12545,94143776,益得旺有限公司,臺中市西屯區潮洋里朝貴一街92之5號1樓,500000,1141120
12565,94157525,安特國際有限公司,臺中市西屯區逢福里河南路二段262號3樓之10,1000000,1141124
12576,94163478,優界科技股份有限公司,臺中市西屯區潮洋里市政北二路236號14樓之1,50000000,1141111
12577,94164672,典洋投資有限公司,臺中市西屯區西平里福星路427號2樓,5000000,1141121
12578,94164933,九華實業有限公司,臺中市西屯區何福里寧夏東八街6號1樓,200000,1141113
12581,94166545,樂久娛樂有限公司,臺中市烏日區三榮路一段486號3樓之2,100000,1141124
12604,94176847,辰熙精密股份有限公司,臺中市清水區北一路11之1號,500000000,1141103
12618,94182735,勁嘉汽車維修有限公司,臺中市西區大忠里大忠南街55號4樓之4,1500000,1141114
12619,94183559,威智國際有限公司,臺中市西屯區逢福里河南路二段262號3樓之11,1000000,1141121
12621,94187582,等登登有限公司,臺中市太平區永成北路92號,1000000,1141104
12630,94194922,弋鼎有限公司,臺中市南屯區惠中里文心路一段324號11樓之2,200000,1141103
12645,94202280,京站資產管理有限公司,臺中市潭子區甘蔗里勝利二街81號1樓,700000,1141105
12646,94202649,沛豪租車有限公司,臺中市西屯區臺灣大道三段789號5樓之6,12800000,1141120
12647,94203210,承旺不動產經紀有限公司,臺中市豐原區頂街里向陽路28號1樓,1000000,1141127
12648,94203268,旭立辰有限公司,臺中市南區福順里忠明南路787號20樓之1,1000000,1141107
12653,94206413,湧錩國際有限公司,臺中市西區後龍里民權路290號5樓,7600000,1141114
12654,94206482,惠睦康生物科技有限公司,臺中市沙鹿區福興里鎮南路永福巷91號1樓,15000000,1141119
12655,94207010,瑋萊股份有限公司,臺中市后里區墩東里民生路145巷3號1樓,3000000,1141107
12656,94207166,康森樂活股份有限公司,臺中市西區忠明南路303號4樓之5,5000000,1141126
12657,94208593,晴耕雨讀國際有限公司,臺中市北屯區松竹里崇德七路178號4樓,10000000,1141119
12658,94208691,育傳企業股份有限公司,臺中市南區樹義里復興路一段28號2樓,31000000,1141105
12659,94208756,銓泳有限公司,臺中市太平區大興一街11號1樓,1000000,1141107
12681,94221195,伽利略實業有限公司,臺中市中區綠川西街137號9樓之2,1000000,1141125
12682,94221218,三習地產有限公司,臺中市西屯區惠來里市政北七路186號5樓之2,3500000,1141126
12683,94221532,兔耳資訊有限公司,臺中市西區民龍里公益路155巷9號10樓之1,20000,1141121
12684,94221569,劭宇精密工業有限公司,臺中市太平區宜佳里宜文街57號1樓,8000000,1141107
12685,94221738,華程工程有限公司,臺中市西區民龍里臺灣大道二段220號12樓,3005000,1141104
12686,94222125,新居建設開發有限公司,臺中市大雅區上雅里雅環路二段292號1樓,15000000,1141117
12687,94222477,潤源泰實業有限公司,臺中市西區吉龍里五權五街139巷16號,1000000,1141103
12692,94227867,東東企業有限公司,臺中市西屯區青海路二段153號11樓之8,2500000,1141127
12693,94228319,昔序有限公司,臺中市中區公園里市府路28號1樓,6000000,1141110
12705,94234558,廣祺營造股份有限公司,臺中市太平區新高里立功路307號2樓,13000000,1141126
12718,94239940,美商全釋有限公司,臺中市西屯區福瑞街86號10樓之3,10000,1141111
12720,94242311,富紅茗茶業有限公司,臺中市北屯區水湳里大連路一段223號1樓,500000,1141114
12721,94242353,亞立設計室內裝修有限公司,臺中市西屯區市政北二路236號27樓之1,240000,1141124
12738,94258376,益達國際有限公司,臺中市北屯區平田里文心路四段955號10樓之2,2400000,1141103
12739,94258571,烽域室內裝修設計有限公司,臺中市清水區槺榔里八德東路227號1樓,100000,1141113
12740,94258663,高郎橡塑有限公司,臺中市大里區新里里愛心路125巷1號1樓,100000,1141106
12741,94258853,肽美國際企業有限公司,臺中市龍井區東海里遊園北路344號2樓,50000,1141121
12743,94259889,聯馨工程有限公司,臺中市龍井區水裡社街一段427巷12號1樓,2100000,1141121
12748,94263477,大有家族永續顧問股份有限公司,臺中市西區英才路530號22樓之5,10000000,1141111
12750,94267924,慧鑫科技有限公司,臺中市西區民龍里臺灣大道二段186號19樓之1,500000,1141118
12751,94268276,融藝投資有限公司,臺中市南屯區三厝里黎明東街150號5樓,2000000,1141110
12777,95429453,明環科技股份有限公司,臺中市西屯區潮洋里市政北二路238號27樓之1,5000000,1141106
12779,95431514,啟富不動產有限公司,臺中市清水區八德東路245號,1000000,1141113
12784,95432921,裘利安室內裝潢股份有限公司,臺中市西屯區西墩里黎明路三段280號3樓,500000,1141104
12786,95433885,津良國際有限公司,臺中市太平區樹孝路336巷7弄17號1樓,1000000,1141106
12790,95437290,港垚有限公司,臺中市南屯區大墩十三街2號,510000,1141119
12792,95438093,食客企業有限公司,臺中市北區頂厝里進化北路238號8樓之1,100000,1141106
12793,95438191,無憂娛樂有限公司,臺中市北屯區文心路四段288號18樓之23,200000,1141127
12794,95438642,良佾科技有限公司,臺中市南區樹義里福田二街351號5樓之2,2000000,1141117
12806,95449303,伊昀有限公司,臺中市北屯區平興里崇德二路一段157巷13號3樓,3000000,1141125
12814,95453299,藍鉅投資股份有限公司,臺中市西區華美西街一段226號,25000000,1141114
12817,95455557,石滬有限公司,臺中市西區忠明里臺灣大道二段406號7樓之1,300000,1141106
12824,95457730,百富租賃有限公司,臺中市西區公德里大忠街61號1樓,5000000,1141105
12832,95462537,百適有限公司,臺中市北區淡溝里博館二街45巷3號7樓之5,500000,1141119
12841,95469193,肽嗨國際企業有限公司,臺中市龍井區遊園北路344號2樓,100000,1141121
12848,95472155,大森開發股份有限公司,臺中市太平區興隆里光興路1193號1樓,5000000,1141107
12850,95473859,子程有限公司,臺中市西屯區西屯路二段270巷24號,1000000,1141126
12858,95477692,艾唯智醫有限公司,臺中市西屯區朝馬路162號,1000000,1141110
12871,95484568,美袋子包裝設計股份有限公司,臺中市西區後龍里民權路314巷9之1號,500000,1141121
12874,95486382,立鉅新能源有限公司,臺中市南屯區三和里永春東七路860號2樓之5,2600000,1141119
12875,95486550,盛朵行銷有限公司,臺中市南區建成路1643號11樓之5,900000,1141127
12889,95495312,若霓行銷有限公司,臺中市北屯區東山路一段39之4號2樓,100000,1141113
12894,95499561,九牧林開發有限公司,臺中市西屯區何德里漢口路二段151號14樓之3,22000000,1141106
12915,96644108,億鐦科技有限公司,臺中市北屯區太順三街28號,1500000,1141114
12921,96659615,智曄有限公司,臺中市中區三民路二段1號12樓之1,100000,1141111
12923,96670034,叡琰餐飲股份有限公司,臺中市西區後龍里民權路225巷12號,3000000,1141110
12926,96672096,禾豐健康有限公司,臺中市南區工學二街217號7樓之3,50000,1141111
12931,96680390,樂尊有限公司,臺中市南屯區惠中里文心路一段324號11樓之1,1000000,1141124
12933,96681285,創能潔淨有限公司,臺中市龍井區工業路52巷臨6之1號,1060000,1141105
12942,96753647,東佑興業有限公司,臺中市北屯區松竹里松竹路二段459號,500000,1141121
12945,96755357,宏御資訊有限公司,臺中市東區公園東路130號2樓之1、2樓之2,1000000,1141114
12949,96758848,朝桑生物科技有限公司,臺中市西區忠明南路237號5樓之2,500000,1141110
12953,96761914,甲晨國際實業有限公司,臺中市西區臺灣大道二段181號地下一層,2000000,1141119
12964,96767950,昶興股份有限公司,臺中市北區頂厝里進化北路238號8樓之1,500000,1141125
12969,96772264,宥俐科技有限公司,臺中市南屯區溝墘里大業路241號3樓之1,300000,1141103
12977,96777752,綠翊生物科技有限公司,臺中市外埔區六分里水頭一路295巷33號2樓,100000,1141127
12985,96780911,兆煜豐實業股份有限公司,臺中市南區高工一街55號3樓之15,1000000,1141121
12986,96781398,欣律投資有限公司,臺中市西區昇平里向上路一段95號2樓,1200000,1141125
12989,96784037,崴宬工程有限公司,臺中市大里區立德里立新二街9號1樓,1200000,1141110
12992,96786083,艾比通訊股份有限公司,臺中市北屯區昌平路一段384號1樓,1000000,1141104
13014,96802197,粮達有限公司,臺中市南屯區同心里南屯路二段290號8樓之7,200000,1141117
13015,96802458,鳴升工程有限公司,臺中市南屯區向心里向心南路906巷53號2樓之1,400000,1141106
13027,96806216,九爪魚有限公司,臺中市西屯區大河街8號4樓,1000000,1141117
13033,96808875,玩素食旅行社股份有限公司,臺中市西區精誠五街27號,7000000,1141111
13036,96809522,隆聚興實業有限公司,臺中市南屯區大墩十二街292之3號,3000000,1141106
13039,96810892,誠峰能源工業股份有限公司,臺中市西屯區文心路二段598號8樓之1,27000000,1141124
13050,96816734,璟耀工程股份有限公司,臺中市北屯區景和東街220號1樓,4000000,1141106
13051,96817065,凱絮國際有限公司,臺中市南區福順里忠明南路789號38樓之2,1000000,1141127
13059,96820771,惹鍋大肚有限公司,臺中市大肚區頂街里榮華街42號、46號,4000000,1141104
13066,96825895,百雨金投資有限公司,臺中市豐原區北陽里南陽路158巷52號2樓之1,14006300,1141110
13068,96827438,豪芫國際股份有限公司,臺中市西區五權五街79巷11號,3000000,1141125
13069,96828485,印尼商鴻時工程有限公司,臺中市東區旱溪里建成路18號,2900000,1141104
13074,96830784,耀駿投資股份有限公司,臺中市中區大墩里光復路151號9樓之6,40800000,1141117
13075,96831088,豐登美學材料有限公司,臺中市西屯區逢福里逢甲路19巷19之15號,600000,1141125
13076,96833473,伯大文教事業股份有限公司,臺中市潭子區頭家里得福街162巷15號,6000000,1141113
13079,96834584,致鑫國際股份有限公司,臺中市大雅區西寶里雅潭路三段482巷222弄35號1樓,8800000,1141120
13080,96834851,誠基開發有限公司,臺中市大雅區六寶里清陽二路40號2樓,1000000,1141125
13085,96836892,弘丞開發股份有限公司,臺中市東勢區粵寧里東蘭路54之53號2樓,3600000,1141126
13086,96837365,摩思室內裝修工程有限公司,臺中市西區民龍里臺灣大道二段220號12樓,1000000,1141107
13102,96844886,兆捷不動產有限公司,臺中市東區東信里振興路465號2樓,2500000,1141114
13106,96847722,匠人本紀永續控股股份有限公司,臺中市西屯區華美西街二段355號,28540000,1141105
13121,96872854,毅欣塑膠股份有限公司,臺中市南屯區寶山里工業區二十路19號1樓,20000000,1141119
13128,96902750,安穆科技有限公司,臺中市霧峰區吉峰里錦州路395巷55號,17000000,1141125
13129,96904700,榮胤有限公司,臺中市大里區國光路二段178號4樓,18000000,1141121
13162,97008801,仕豐企業有限公司,臺中市梧棲區興農里中華路一段679號,6000000,1141113
13170,97028193,長忠有限公司,臺中市潭子區家興里榮興街76號4樓,1000000,1141113
13178,97056704,禾昇冷凍空調工程有限公司,臺中市南區建成路1470號1樓,5000000,1141105
13184,97074098,龍瑜有限公司,臺中市豐原區鎌村路606巷18號,2000000,1141110
13192,97100960,桐安建設股份有限公司,臺中市南區忠明南路789號42樓,29700000,1141121
13224,97174300,漢盛開發實業股份有限公司,臺中市西屯區潮洋里市政北二路236號19樓之5,580000000,1141105
13227,97185159,郡盛企業有限公司,臺中市后里區三豐路四段130巷19號,5000000,1141127
13231,97200975,祐新營造有限公司,臺中市東勢區新盛里新盛三街112號1樓,3600000,1141104
13245,97268025,磯慶實業股份有限公司,臺中市霧峰區坑口里中正路557巷21之1號1樓,80000000,1141121
13276,97382932,家湧泉有限公司,臺中市豐原區中陽里豐陽路52號6樓之4,5000000,1141126
13277,97384018,添裕雜糧行有限公司,臺中市烏日區三和里中山路三段436號4樓之5,5000000,1141114
13293,97423650,鉅侑不銹鋼有限公司,臺中市太平區宜欣里宜昌路465巷12弄2號,21000000,1141105
13302,97451212,盈銓投資股份有限公司,臺中市南區忠明南路758號33樓,490000000,1141126
13312,97482572,嬌漾姿有限公司,臺中市南區福興里五權南路167號地下一層樓之6,500000,1141107
13315,97490897,宏成裕實業有限公司,臺中市烏日區五光路535之6號1樓,5000000,1141107
13322,97503078,皇州企業股份有限公司,臺中市大里區瑞城里瑞和街135巷15號,1000000,1141103
13325,97513511,穎豐企業有限公司,臺中市清水區槺榔里港都路153號10樓之6,500000,1141103
13326,97513667,瑞進機械股份有限公司,臺中市烏日區前竹村光明路407號,13000000,1141121
13328,97517333,艾爾生醫股份有限公司,臺中市西區公益路161號14樓之1,62500000,1141114
13330,97522666,亦樂創有限公司,臺中市西屯區潮洋里市政北二路236號14樓之1,1000000,1141117
13332,97530429,班姆整合行銷有限公司,臺中市南區福興里五權南路167號地下一層樓之6,200000,1141124
13337,97536520,凱旋國際事業股份有限公司,臺中市北屯區軍功里軍功路二段225號,200000,1141110
13338,97537561,淮晟有限公司,臺中市梧棲區四維中路331號4樓之5,660000,1141104
13340,97541452,明通機器工廠有限公司,臺中市太平區太平里永豐路400巷19號,5000000,1141119
13341,97543590,立仲機械股份有限公司,臺中市烏日區螺潭里慶光路99之1號1樓,88000000,1141103
13349,97550965,貴群實業股份有限公司,臺中市烏日區五光路961巷2號,120000000,1141121
13352,97555976,力衛企業股份有限公司,臺中市太平區工業十五路6號,10000000,1141106
13361,97568888,朝陽油壓機械股份有限公司,臺中市南區大慶街二段61之1號1樓,14000000,1141106
13362,97577063,陽銘通運股份有限公司,臺中市梧棲區南簡里港埠路二段316巷17號,26000000,1141118
13363,97577330,共均投資有限公司,臺中市西屯區協和里工業區十路15號1樓,25000000,1141125
13366,97581778,康得健康事業股份有限公司,臺中市北區建興里學士路292巷3號1樓,5000000,1141124
13367,97582410,復森工業股份有限公司,臺中市太平區太平里新仁路一段22巷72號,5000000,1141111
13369,97583662,浦玄營造有限公司,臺中市沙鹿區六路九街20號,10000000,1141103
13371,97587180,樂意加行銷有限公司,臺中市東區公園東路130號2樓之1、2樓之2,200000,1141114
13373,97599313,創維塑膠股份有限公司,臺中市大里區仁化里工業九路98號,45000000,1141117
13382,97616988,榮勝興業有限公司,臺中市烏日區湖日里榮泰街138號3樓,10000000,1141125
13387,97629230,承翼科技有限公司,臺中市西屯區何成里文心路二段598號9樓之3,1000000,1141117
13402,98644266,東金京有限公司,臺中市南屯區寶山三街57號1樓,1100000,1141111
13407,98647600,浩昇工程有限公司,臺中市東勢區本街121巷15號1樓,1000000,1141125
13408,98647947,曜柏車業有限公司,臺中市烏日區前竹里光明路勤農巷102號,100000,1141127
13413,98648777,鈞億室內裝修有限公司,臺中市烏日區三和里三榮路一段375號,1000000,1141104
13415,98649564,大櫻國運動股份有限公司,臺中市太平區宜昌里環中東路四段79號1樓,4800000,1141117
13424,99998738,弄車庫汽車有限公司,臺中市南區忠明南路789號38樓之2,1000000,1141117
