序號,統一編號,公司名稱,公司所在地,資本額,核准變更日期
8,00005037,慶達曜有限公司,臺中市南屯區三厝里河南路四段481號1樓,500000,1140528
11,00006227,仲居有限公司,臺中市東區干城里公園東路130號2樓之1、2樓之2,1100000,1140505
21,00012494,善源永續股份有限公司,臺中市西屯區河南路二段262號13樓之9,2000000,1140526
36,00022021,祥邑貿易有限公司,臺中市北區淡溝里臺灣大道二段360號6樓之2,10000000,1140513
43,00027139,湛美國際有限公司,臺中市南區南和二街8號,500000,1140505
55,00036952,鳳凰環球投資股份有限公司,臺中市西區臺灣大道二段285號27樓,10000000,1140522
61,00041033,鉅瑪國際有限公司,臺中市北屯區廍子里太和路二段118號,500000,1140528
64,00042960,炬昕投資有限公司,臺中市西區和龍里臺灣大道二段2號8樓之5,5893179,1140522
77,00050905,赫威特國際有限公司,臺中市大里區瑞城里塗城路438號,50000,1140521
101,00069995,泓尚運作有限公司,臺中市潭子區東寶里昌平路三段168巷37號1樓,10000000,1140519
119,00080083,強零國際有限公司,臺中市南屯區大墩三街78之3號5樓,17500000,1140522
122,00081533,風投餐飲股份有限公司,臺中市北區雙十路二段101號2樓之5,18178020,1140507
138,00090097,琢晟營造股份有限公司,臺中市沙鹿區北勢里北勢五街6號1樓,10000000,1140526
143,00090842,聯合健身股份有限公司,臺中市北區雙十路二段92號,24000000,1140516
146,00092172,生白空間設計有限公司,臺中市北區賴興里文心路四段208之1號7樓之2,200000,1140508
153,00095728,森境綠能有限公司,臺中市西屯區惠來里市政北七路186號15樓之5,2400000,1140514
154,00096043,圓滿國際物流有限公司,臺中市豐原區三豐路二段549巷510弄72號1樓,200000,1140509
157,00097465,曜森原行銷有限公司,臺中市西屯區文心路三段241號21樓之2,1000000,1140506
158,00097471,元策股份有限公司,臺中市南屯區大墩路693號5樓,60000000,1140509
160,00097747,兆侑電氣有限公司,臺中市太平區興隆里光興路1432巷112弄8號1樓,500000,1140526
161,00098083,德澤有限公司,臺中市西屯區逢福里河南路二段262號12樓之8,150000,1140502
164,00099822,米樂國際商貿股份有限公司,臺中市西屯區文心路三段241號16樓之7,3600000,1140512
170,00101637,諒達有限公司,臺中市西屯區市政北二路238號30樓之5,50400000,1140528
176,00106106,誠明國際有限公司,臺中市太平區宜昌東路23巷4號,20000000,1140502
178,00107365,協陞投資有限公司,臺中市北區賴旺里青島西街60號2樓,10000000,1140506
183,00109595,哲閔有限公司,臺中市南屯區公益路二段615號2樓之2,5000000,1140501
186,00110973,富利嘉實業有限公司,臺中市北屯區北屯路200之1號2樓,500000,1140527
188,00111282,合和樂居股份有限公司,臺中市北屯區中清路二段491號2樓,2500000,1140515
190,00113269,鉅浤有限公司,臺中市梧棲區草湳里梧南路132-7號1樓,2000000,1140528
201,00117589,麥八賀有限公司,臺中市西屯區文心路三段241號10樓之1,5000000,1140515
210,00120178,宏泉生醫股份有限公司,臺中市大里區大明路496號26樓,1010000,1140506
211,00120584,礼心行銷有限公司,臺中市南屯區鎮平里麗水巷7之5號1樓,1000000,1140529
218,00124104,明桓貿易有限公司,臺中市西區大隆路20號13樓之4,1000000,1140523
223,00127989,三湧健康實業有限公司,臺中市東區合作里力行路206號8樓之3,388888,1140507
224,00128517,保拉貝爾有限公司,臺中市西屯區市政北二路238號30樓之5,12600000,1140527
233,00131365,贊奕有限公司,臺中市大里區大智路651巷38號1樓,1000000,1140519
240,00135524,荷嵐有限公司,臺中市大肚區社腳里沙田路一段710巷21之6號,50000,1140502
244,00136333,六億裝潢有限公司,臺中市清水區槺榔里港新五路205號5樓之1,150000,1140505
248,00137430,禾松餐飲有限公司,臺中市北屯區熱河路二段226號,200000,1140501
255,00141552,東海國際環保有限公司,臺中市西屯區潮洋里市政北二路238號27樓之1,5000000,1140508
258,00142551,育沛有限公司,臺中市中區民族路23號7樓之7,100000,1140528
260,00143290,行寔科技工程有限公司,臺中市北區淡溝里館前路19號7樓之1,1860000,1140515
261,00143783,順欣投資有限公司,臺中市大里區金城里龍城街73號1樓,61300000,1140514
267,00146368,錡鈺資訊股份有限公司,臺中市北區淡溝里館前路19號7樓之3,5000000,1140501
272,00149631,葉城有限公司,臺中市南屯區同心里文心路一段218號16樓之1,200000,1140513
275,00150382,歡新有限公司,臺中市龍井區龍泉里中社七街98巷9號3樓,1000000,1140521
278,00152993,寅虎有限公司,臺中市大里區國光路二段706之7號,100000,1140507
280,00154248,正漢營造股份有限公司,臺中市南屯區文心路一段73號7樓之3,100000000,1140523
290,00159567,瑪杰國際人力資源顧問有限公司,臺中市北區中達里英才路201號1樓,6000000,1140528
291,00159638,碼斯克科技探索有限公司,臺中市南區和平里忠明南路758號17樓,100000,1140519
292,00159721,銘創設計有限公司,臺中市西區後龍里民權路219號2樓,1001000,1140513
293,00159969,茶馬司餐飲有限公司,臺中市南屯區惠文路536號,1000000,1140505
299,00163437,昕越科技股份有限公司,臺中市西區民龍里臺灣大道二段220號17樓,10500000,1140509
303,00164061,鎧築建研開發有限公司,臺中市北屯區同榮里中清路二段1250巷118弄36號1樓,10000000,1140507
304,00164365,采昕地產有限公司,臺中市北區賴興里梅川西路四段228號,5000000,1140512
314,00167807,邦家開發管理顧問股份有限公司,臺中市西屯區市政北二路236號21樓之1,50000,1140521
326,00171339,靜岡設計有限公司,臺中市南區樹德里文心南路550號7樓之3,1000000,1140522
329,00172421,杉富國際股份有限公司,臺中市大里區樹王里樹王路88巷27號,200000,1140508
330,00172576,藍軒股份有限公司,臺中市沙鹿區向上路七段127號2樓之3,4000000,1140505
331,00172956,婕喬有限公司,臺中市北區舘前路19號7樓之1,300000,1140520
332,00172962,春兆先進股份有限公司,臺中市潭子區大豐里大富路三段10巷10號1樓,3000000,1140528
333,00174146,邁提思生技有限公司,臺中市西屯區市政北二路236號14樓之1,1500000,1140513
335,00174912,車馳屋有限公司,臺中市東區公園東路130號2樓之2,200000,1140512
336,00175139,今日一起學習有限公司,臺中市北屯區太原路三段1130號8樓之11,390000,1140528
337,00176019,丰騰車藝有限公司,臺中市大雅區四德里仁和路248巷10號1樓,3000000,1140515
346,00179212,馥強資產管理股份有限公司,臺中市北屯區南興路183號4樓,1000000,1140512
351,00180718,全威人力管理顧問有限公司,臺中市豐原區南村里文化街87號1樓,500000,1140513
354,00181505,皇家寶有限公司,臺中市大里區立仁里新仁路一段217巷22號6樓,1380000,1140519
355,00182912,新金華園股份有限公司,臺中市西屯區何安里四川西一街20號1樓,33250000,1140508
358,00183948,龍椿投資股份有限公司,臺中市南屯區永定里永春東七路531號1樓,59480000,1140526
361,00185018,銅錵股份有限公司,臺中市南屯區公益路二段830號1樓,600000,1140502
363,00186163,福文健康股份有限公司,臺中市北屯區崇德六路一段178號3樓,500000,1140528
366,00187254,信築建設股份有限公司,臺中市西區明義街76巷1號1樓,1000000,1140505
368,00187472,信元管理顧問有限公司,臺中市西屯區大墩二十街61號,3000000,1140508
371,00187965,定盈股份有限公司,臺中市北屯區仁和里永和巷22之12弄10號3樓,15200000,1140521
377,00189416,樂夏有限公司,臺中市大雅區和平路131之1號1樓,2960000,1140527
383,00191243,秦通開發有限公司,臺中市西屯區河南東一街27號7樓,500000,1140501
388,00192361,十諾系統廚具有限公司,臺中市太平區新吉里新英街50之1號,500000,1140507
393,00193137,清瑩投資股份有限公司,臺中市大里區中興路二段136巷21號1樓,24853920,1140502
397,00194874,冠德智慧科技工程有限公司,臺中市東區十甲東路130號,2000000,1140506
400,00195424,晶達股份有限公司,臺中市烏日區三和里高鐵路二段160號,300000,1140512
401,00196057,心繹整合股份有限公司,臺中市西區民龍里臺灣大道二段181號地下一層,600000,1140527
406,00198040,數字能源設計股份有限公司,臺中市西屯區朝富路213號28樓之6,15100000,1140501
407,00198386,台中站前不動產有限公司,臺中市東區干城里自由路三段20號1樓,600000,1140507
409,00199408,泳陞有限公司,臺中市西區臺灣大道二段489號31樓,100000,1140506
411,00200192,淞喬建設開發有限公司,臺中市烏日區中山路三段196號1樓,5000000,1140514
413,00201642,保歐仕生醫有限公司,臺中市大里區永隆里東明路570號1樓,10000000,1140528
415,00203901,永吉寶股份有限公司,臺中市北屯區文心路四段955號10樓之6,5000000,1140523
416,00204492,暮夜有限公司,臺中市北屯區平安里文心路四段698號15樓之1,1000000,1140501
422,00206750,松寓有限公司,臺中市太平區新吉里新平路三段160巷9號1樓,250000,1140507
437,00214843,力創國際科技有限公司,臺中市西屯區市政北二路238號31樓之1,1000000,1140515
440,00215532,專業佳企業有限公司,臺中市大里區新仁里新仁路一段1號,8000000,1140514
447,00217145,吉井和膳有限公司,臺中市南屯區惠中里大墩十一街282號1樓,1000000,1140506
448,00217551,標準營造股份有限公司,臺中市西屯區重慶路99號5樓之3,22500000,1140512
456,00221746,金頓美食有限公司,臺中市東區建智街106號1樓,100000,1140506
468,00226828,暐橋數位有限公司,臺中市北區忠明路424號5樓之1,1100000,1140514
480,00230941,達恩企業有限公司,臺中市南屯區大墩四街321號地下一層,400000,1140506
484,00231907,亞洲之星股份有限公司,臺中市西屯區何安里臺灣大道２段８８６號地下一層,38200000,1140528
496,00237260,孚潤投資股份有限公司,臺中市北區錦祥里進化路575號11樓之1,5000000,1140521
501,00238970,瑞鑫巴工具股份有限公司,臺中市大里區仁化里工業十一路166號,10000000,1140521
504,00239289,易朔有限公司,臺中市西屯區市政北二路238號30樓之5,43800000,1140527
509,00242334,杦柶設計有限公司,臺中市中區大誠里臺灣大道一段501號10樓之1,1000000,1140526
520,00246789,炘煒數位有限公司,臺中市中區光復里平等街48號8樓之1,1100000,1140512
523,00248533,匯吉電子商務有限公司,臺中市大里區新里里永隆路122號,1000000,1140512
527,00251874,薩爾斯有限公司,臺中市東區公園東路130號2樓之1,200000,1140509
556,02895911,昆富工業股份有限公司,臺中市外埔區大同里甲后路三段918號,51000000,1140515
661,05591258,怡聚科技股份有限公司,臺中市西屯區甘河路46號1樓,28000000,1140519
666,05797441,洲盟企業股份有限公司,臺中市梧棲區草湳里梧南路20之1號,18000000,1140516
667,05838816,至光工具股份有限公司,臺中市大里區西湖里景庄街180巷20號,35000000,1140514
672,06036069,大有齒輪有限公司,臺中市南區江川里美村路二段385號1樓,3000000,1140507
696,07677061,徠徠企業有限公司,臺中市北屯區平田里北屯路366號17樓之2,11000000,1140505
764,12231717,世同金屬股份有限公司,臺中市西屯區工業區五路7號1至3樓、9號1至2樓、11號1至2樓,629683860,1140515
802,12606571,天盛投資股份有限公司,臺中市北區太平路42之1號,87083330,1140513
805,12615066,易達通網路系統股份有限公司,臺中市南區和平里忠明南路758號29樓,66300000,1140528
812,12637499,元華實業股份有限公司,臺中市烏日區大同路11號1樓,4000000,1140515
843,12701787,利安達實業有限公司,臺中市南屯區田心里文心路一段169號1樓,4500000,1140519
850,12716901,銓盈藝文科技股份有限公司,臺中市潭子區潭子街三段公廳巷69號3樓,60000000,1140513
856,12726274,台灣基礎開發科技股份有限公司,臺中市大里區國光路一段68號,150000000,1140512
859,12733958,兆詠科技股份有限公司,臺中市西區公民里五權三街36號1樓,8500000,1140509
864,12740705,揚高包裝材料有限公司,臺中市清水區靈泉里清水街1之7號1樓,10000000,1140523
868,12753145,安穎國際有限公司,臺中市西屯區文心路二段562之1號12樓之1,2000000,1140520
870,12762411,隆源營造股份有限公司,臺中市北區淡溝里博館路80之3號,50000000,1140501
877,12776962,崗耀興業有限公司,臺中市太平區新光里新福路1062號1樓,2000000,1140520
883,12789489,世勤誠旅行社有限公司,臺中市北屯區昌平路二段44巷1號1、2樓3號1樓,12000000,1140502
885,12790330,展銳醫療儀器有限公司,臺中市西屯區何成里大墩十九街186號9樓之1,6000000,1140519
888,12793456,柏妮絲地材科技股份有限公司,臺中市后里區后里里三豐路四段352巷46號,3000000,1140526
896,12816628,天興投資股份有限公司,臺中市北區太平路42之1號2樓,87333330,1140508
897,12817865,長亨農業開發股份有限公司,臺中市北區漢口路四段66號8樓之2,3580000,1140508
900,12834338,莨鎧企業有限公司,臺中市龍井區龍津里16鄰中央南路589巷2弄21號,2000000,1140526
904,12838658,勝喬科技有限公司,臺中市豐原區豐原大道七段122號,5000000,1140514
907,12842837,元麒船舶機械有限公司,臺中市梧棲區草湳里文昌路752號,1000000,1140523
934,12911469,柏揚工業有限公司,臺中市潭子區潭陽里潭興路二段258巷10弄2號1樓,4000000,1140526
937,12918717,貿易眼國際股份有限公司,臺中市西屯區文心路三段508號1、2樓,5000000,1140519
938,12920994,泰明錩企業有限公司,臺中市南區工學里復興路1段318號1樓,1000000,1140528
941,12928285,蕙生企業有限公司,臺中市西區博館路123號2樓,3750000,1140507
942,12928362,維韌智庫股份有限公司,臺中市西區忠誠里臺灣大道二段545號8樓之1,5000000,1140502
969,13002017,醇品咖啡有限公司,臺中市神岡區文賢街76號,500000,1140509
971,13005540,福碩科技實業股份有限公司,臺中市大雅區龍善二街16號,212800000,1140523
972,13005963,堃鼎不動產經紀有限公司,臺中市北區益華街147號1樓,3000000,1140508
978,13017216,富德爾生物科技股份有限公司,臺中市西區忠信街20號2樓,4200000,1140506
980,13023596,旭力科技有限公司,臺中市大雅區員林里神林路一段9巷8弄1號1樓,1000000,1140522
990,13060803,贊勝營造有限公司,臺中市豐原區北陽里豐東路304巷31號2樓,10000000,1140527
996,13077760,尉鑫開發股份有限公司,臺中市西屯區大墩路855號,55000000,1140523
1034,13149878,南敦工程有限公司,臺中市龍井區龍津里蚵寮路255巷54弄11號1樓,10000000,1140508
1072,16011587,傑群股份有限公司,臺中市西屯區工業區41路3號,18000000,1140501
1079,16038360,崇舜股份有限公司,臺中市西屯區工業區33路14號,600143490,1140526
1080,16044481,萊聖國際商社有限公司,臺中市外埔區大同里中山路220巷2號1樓,5000000,1140522
1081,16049372,吉好康生物科技股份有限公司,臺中市北區頂厝里漢口路四段367號8樓,20000000,1140506
1083,16052854,邏輯特科技有限公司,臺中市大里區龍城街82號1樓,8500000,1140523
1087,16060947,軒佑有限公司,臺中市北屯區水景里東山路一段191之3號1樓,3000000,1140528
1088,16061805,黃金屋綠能旅店有限公司,臺中市西區民生里自由路一段101號12樓之2,5000000,1140523
1136,16193812,長鴻汽車旅館股份有限公司,臺中市西屯區惠來里市政北二路51號1至2樓,13000000,1140528
1159,16257940,寶成報關股份有限公司,臺中市梧棲區八德路84號3樓之5,5000000,1140515
1162,16271204,樺陽投資股份有限公司,臺中市西屯區市政北二路282號11樓之1,5000000,1140527
1175,16334952,鑽石城企業有限公司,臺中市梧棲區頂寮里大智路二段358號1、2樓,2000000,1140523
1187,16357188,鈺旺企業股份有限公司,臺中市西屯區市政路386號10樓之6,50000000,1140502
1198,16396680,新頂企業有限公司,臺中市大里區文心南路1340巷10號,5000000,1140505
1207,16415928,得暉機電消防工程有限公司,臺中市北屯區文心路三段447號4樓,6000000,1140502
1211,16430337,大安聯合股份有限公司,臺中市南屯區同心里文心路一段218號11樓之1,80000000,1140509
1246,16481145,佳翔立股份有限公司,臺中市南屯區工業區十八路31號,156000000,1140505
1250,16498693,昇廣電器有限公司,臺中市豐原區東湳里三豐路2段350巷21號,500000,1140520
1255,16516398,耀進企業有限公司,臺中市南屯區三厝里黎明東街156之5號1樓,5000000,1140522
1256,16516968,華府旅行社股份有限公司,臺中市西區公益路367號7樓之1、10樓之2,85000000,1140516
1258,16519732,群霖雷射工業股份有限公司,臺中市大里區夏田里環河路一段226號1樓,60000000,1140515
1260,16531187,瑩佳興業股份有限公司,臺中市北區健行里西屯路一段462號1樓,3000000,1140523
1268,16567945,原安消防工程有限公司,臺中市北屯區水景里軍功路一段455號1樓,20000000,1140507
1272,16573860,元圃景觀工程有限公司,臺中市西屯區朝馬路102號4樓,5000000,1140520
1279,16591804,全宥通運有限公司,臺中市北屯區松竹北路120號2樓,30000000,1140515
1281,16593084,鉅勝營造股份有限公司,臺中市北屯區軍福十六路318號13樓,7500000,1140513
1306,16642917,博陽電信工程有限公司,臺中市太平區新坪里育賢路2之6號1樓,10000000,1140522
1307,16654568,鼎齊實業有限公司,臺中市北屯區平昌里文昌東八街13之4號,5000000,1140520
1311,16665946,景淵工程有限公司,臺中市潭子區潭陽里光陽路12巷5號,5000000,1140519
1314,16681397,宇瑞醫療器材有限公司,臺中市南屯區大業里大墩17街23號1樓,5000000,1140521
1333,16712949,唐明事業有限公司,臺中市大里區文心南路1160號,15000000,1140501
1383,16858824,苡勒實業有限公司,臺中市北區淡溝里臺灣大道二段340號7樓之3,911000,1140519
1386,16861314,安億投資股份有限公司,臺中市梧棲區永寧里中華路一段578號3樓,100000000,1140505
1388,16864797,台灣微轉股份有限公司,臺中市神岡區社南里中山路879號,94500000,1140527
1389,16873352,美得健國際有限公司,臺中市西屯區重慶路289之2號,1000000,1140505
1390,16875978,國光通運有限公司,臺中市清水區南社里鰲峰路385巷15號,25000000,1140523
1401,16916675,建基營造股份有限公司,臺中市西屯區何德里寧夏西一街14號1樓,22500000,1140526
1406,16941295,亞佳精密工業股份有限公司,臺中市潭子區大富里民族路三段99巷68號,9800000,1140520
1416,16975745,東勢汽車商務旅館股份有限公司,臺中市東勢區中寧里四鄰正一街1號,6000000,1140509
1419,16984961,錦有企業股份有限公司,臺中市西區太原路一段184之6號1樓,50000000,1140520
1424,16994784,磐拓營造有限公司,臺中市南屯區大墩六街42號1樓,60000000,1140522
1437,20774988,宏都汽車股份有限公司,臺中市西屯區台中港路三段一○七號二十三樓,12000000,1140528
1480,22075601,金業造漆工業有限公司,臺中市大雅區橫山里通山路10號,4000000,1140507
1483,22088063,保聯企業股份有限公司,臺中市豐原區翁子里富翁街260巷139號,76530000,1140505
1489,22100284,億威電子系統股份有限公司,臺中市潭子區南二路16之1號,1108555910,1140526
1490,22100405,光聯科技股份有限公司,臺中市潭子區(潭子科技園區)建國路12號,1063518320,1140523
1491,22100469,安碁科技股份有限公司,臺中市潭子區潭秀里建國路11之3號,500000000,1140529
1494,22102298,福懋油脂股份有限公司,臺中市大肚區沙田路一段453號,2296382040,1140513
1495,22103607,旭生自行車工業股份有限公司,臺中市西屯區市政北二路238號26樓之5,64416000,1140520
1497,22105703,泓瑋實業股份有限公司,臺中市大安區海墘里大安港路1079巷13號,15000000,1140527
1499,22109449,民崎實業有限公司,臺中市大里區東興路321巷2號1樓,5000000,1140505
1503,22129727,福樺交通事業股份有限公司,臺中市南區樹德里德富路146巷20號1樓,3000000,1140527
1519,22231997,喜王生醫有限公司,臺中市潭子區栗林里中山路3段493巷23弄32號,37200000,1140523
1522,22237943,仁泉股份有限公司,臺中市太平區中山路一段297巷5號1樓,172000000,1140527
1538,22301825,先進光電科技股份有限公司,臺中市西屯區科園一路14號,1424490750,1140520
1557,22372948,盈德實業股份有限公司,臺中市潭子區嘉仁里嘉豐路338巷99弄21號,20000000,1140512
1558,22377893,億承企業股份有限公司,臺中市神岡區圳前里神圳路71之3號1樓,5000000,1140521
1564,22392347,成龍塑膠廠股份有限公司,臺中市梧棲區草湳里自強路388號,70000000,1140523
1565,22397125,菖興實業有限公司,臺中市大里區仁化里工業11路123號,25000000,1140523
1583,22492681,雅琪運動器材有限公司,臺中市后里區義里里內東路326號1樓,5000000,1140520
1584,22496151,竣貿國際股份有限公司,臺中市南區福順里復興路二段120之2號1樓,12000000,1140527
1590,22517851,寶琳工業股份有限公司,臺中市大甲區日南里工六路6號,33500000,1140515
1610,22564170,育瑩特殊車廠有限公司,臺中市大里區西湖里草堤路251號,12000000,1140515
1614,22575872,鍀崴工業股份有限公司,臺中市太平區長龍路二段636巷17號,50000000,1140508
1616,22580468,久源印刷事業股份有限公司,臺中市東區東英里十甲路365號1樓,5000000,1140506
1617,22581608,王志實業股份有限公司,臺中市大里區工業路79巷57號,148000000,1140502
1644,22668506,阡翔機械股份有限公司,臺中市太平區太平里太平二十三街9號,5000000,1140526
1647,22676061,美力股份有限公司,臺中市西屯區工業區34路58號,10000000,1140521
1651,22705045,香榭大飯店股份有限公司,臺中市北區忠明路424號5樓之1,500000,1140528
1669,22807177,弘典企業有限公司,臺中市大里區內新里新仁路二段242號1樓,1000000,1140509
1693,22912614,凌銳刀具工業股份有限公司,臺中市神岡區豐洲里豐洲路412-6號,5000000,1140516
1708,22967125,佳昕興業股份有限公司,臺中市大雅區員林里神林路一段343巷17號,12000000,1140526
1763,23172150,弘碁精密工業股份有限公司,臺中市霧峰區新厝路261巷10弄32號,4000000,1140526
1771,23217403,久泰貿易股份有限公司,臺中市南屯區惠中里大墩十二街385號1樓,5000000,1140505
1772,23217945,惠昌旅行社有限公司,臺中市北區成功路457號2樓,6000000,1140516
1805,23360694,日南投資股份有限公司,臺中市大甲區幼獅路29號2樓,105000000,1140528
1811,23395201,祿爵工業有限公司,臺中市大肚區頂街里沙田路3段244巷16號,1500000,1140513
1813,23397947,立竑企業有限公司,臺中市大里區永隆里永隆八街221號1樓,30000000,1140516
1827,23455946,鈺豐貿易股份有限公司,臺中市西屯區市政路386號10樓之6,50000000,1140502
1838,23481178,六翊電機股份有限公司,臺中市西屯區臺灣大道四段925號8樓之2,28000000,1140521
1844,23503784,逸展實業股份有限公司,臺中市沙鹿區錦華街18號,136000000,1140519
1845,23505468,有盛機械股份有限公司,臺中市神岡區豐洲里神洲路130巷23-2號,4000000,1140501
1859,23538242,柏瑞實業股份有限公司,臺中市南屯區三和里惠中路3段10號6樓,500000,1140501
1860,23545882,長懋營造有限公司,臺中市大甲區朝陽里順天路230號,17000000,1140523
1861,23551336,大友報關股份有限公司,臺中市梧棲區頂寮里八德路98巷8號,5000000,1140513
1869,23579524,懿嶸企業有限公司,臺中市北屯區崇德七路146號1樓,7500000,1140526
1886,23674956,凱堯企業股份有限公司,臺中市太平區建國里鵬儀路296巷6弄9號,13000000,1140522
1887,23677406,中鴻消防器材有限公司,臺中市北屯區天津路四段94號1樓,5200000,1140516
1890,23681653,誠鋒精密科技股份有限公司,臺中市清水區國姓里三美路152號,125000000,1140527
1891,23689992,益協工業有限公司,臺中市太平區長億里新仁路一段2巷5號,5000000,1140523
1893,23695538,俊國水電工程有限公司,臺中市大里區日新路403號,12600000,1140512
1895,23699345,統帥保全股份有限公司,臺中市北屯區北興里南京東路三段15號2樓,40000000,1140526
1899,23707133,協輝五金有限公司,臺中市北屯區祟德六路一段179號,5000000,1140515
1923,23802333,千益鍛造模具股份有限公司,臺中市太平區建興里鵬儀路461巷16弄1號,10000000,1140528
1925,23807180,豐裕開發營造股份有限公司,臺中市大里區大明里中興路二段747巷85號1樓,15500000,1140512
1931,23832625,今口香調理食品股份有限公司,臺中市太平區太平里甲堤路608號,366000000,1140520
1932,23833552,昇辰企業有限公司,臺中市北屯區景賢南二路275號,27000000,1140520
1934,23840060,潘特實業有限公司,臺中市西屯區西安街277巷13弄1號1樓,20000000,1140513
1936,23845059,澤東股份有限公司,臺中市豐原區三村路122巷15弄3號1樓,5000000,1140513
1942,23877235,田源創新科技有限公司,臺中市豐原區國豐路二段519巷69號1樓,5000000,1140508
1961,23983947,同泰電子科技股份有限公司,臺中市大甲區青年路123號,971597930,1140528
1967,23990807,金達盛有限公司,臺中市龍井區東海里遠東街30之1號5樓,5100000,1140527
1980,24217182,博斯事業有限公司,臺中市西屯區工業區一路96之3號,1000000,1140528
1984,24224212,北角國際美食烘培有限公司,臺中市新社區永源里中和街一段8巷1號,1000000,1140526
1988,24228462,泳富豪有限公司,臺中市大安區龜売里中松路273號,60000000,1140515
1993,24239019,宏順發有限公司,臺中市大里區塗城里光正路114巷55號1樓,2500000,1140521
1996,24241606,鴻達保險代理人有限公司,臺中市北屯區北屯路390號7樓之1,10000000,1140526
2000,24250668,九歐租賃企業股份有限公司,臺中市龍井區龍新路811號,35000000,1140516
2007,24268800,統信肉品有限公司,臺中市神岡區岸裡里大富路61巷55號,29000000,1140521
2009,24269982,亙益有限公司,臺中市西區大全街31之2號1樓,500000,1140528
2011,24271517,科達數位科技有限公司,臺中市豐原區西湳里三豐路二段229巷3號,2000000,1140509
2015,24275485,鑫和數位科技股份有限公司,臺中市梧棲區中華路一段1080號1樓,50000000,1140514
2017,24279193,南方家屋旅店股份有限公司,臺中市西區臺灣大道一段709號,18000000,1140527
2025,24290681,統帥公寓大廈管理維護有限公司,臺中市北屯區南京東路三段15號1樓,10000000,1140523
2026,24290943,川飛工業股份有限公司,臺中市潭子區民族路二段23號,1750000,1140519
2063,24356590,鈞豊光學有限公司,臺中市西屯區至善路82巷58號1樓,4000000,1140520
2066,24358990,潤康生機有限公司,臺中市清水區和睦路三段50巷20號,40000000,1140508
2069,24369321,綠花園工程有限公司,臺中市北區崇德里榮華街158巷13號1樓,1000000,1140512
2073,24376809,梨山實業有限公司,臺中市和平區梨山里中正路80號,250000,1140507
2074,24382979,帝旺數位科技股份有限公司,臺中市大里區立德里自立路38號1樓,5000000,1140521
2075,24383956,學鼎生技股份有限公司,臺中市北區育德里中清路一段260號1樓,17000000,1140522
2077,24385547,捷迅廣告企劃有限公司,臺中市大雅區光復路7之21號,500000,1140526
2082,24389369,芽米空間設計有限公司,臺中市西屯區何厝東一街17號1樓,2000000,1140522
2083,24394356,喬貿投資股份有限公司,臺中市西屯區市政北一路367號11樓之1,150000000,1140512
2089,24400603,長浜國際有限公司,臺中市北區錦洲里富強街108號1樓,1000000,1140528
2090,24404256,茗貫農產品有限公司,臺中市南屯區文心南三路41之7號1樓,3000000,1140528
2096,24416703,竣品國際股份有限公司,臺中市潭子區栗林里中山路三段495號1樓,72600000,1140506
2097,24417581,鈞越企業有限公司,臺中市北屯區平心里安順東九街21號4樓,250000,1140509
2099,24420565,利齊電子有限公司,臺中市南屯區向心南路981巷7號1樓,3000000,1140505
2114,24445334,興本投資股份有限公司,臺中市豐原區大明路11號1樓,29500000,1140521
2198,24571161,全星國際股份有限公司,臺中市西屯區何南里臺灣大道二段747號3樓,11500000,1140526
2208,24578636,泰和興企業有限公司,臺中市南屯區田心里惠弘街30號1樓,600000,1140520
2210,24579749,昭國國際開發有限公司,臺中市南屯區同心里大墩一街266號1樓,3600000,1140516
2211,24581421,薪意貿易有限公司,臺中市南區福順里忠明南路803號8樓之3,20000000,1140520
2212,24581920,葳潤國際有限公司,臺中市大雅區二和里雅潭路四段420號,5000000,1140505
2213,24582343,柏暘國際有限公司,臺中市潭子區甘蔗里興華一路372巷47號3樓,200000,1140521
2215,24584790,源品實業有限公司,臺中市大里區新里里德芳路二段167號,18500000,1140513
2216,24585159,侑儒工程有限公司,臺中市豐原區南陽里永康路66號1樓,2000000,1140512
2217,24585334,翔泰租賃有限公司,臺中市南屯區鎮平里環中路四段615號1樓,16800000,1140520
2218,24586241,旺信科技有限公司,臺中市龍井區沙田路六段東巷97號1樓,1000000,1140526
2221,24590651,安邸股份有限公司,臺中市西屯區文心路三段149號1樓,5000000,1140516
2222,24591531,艾邁思國際有限公司,臺中市西屯區福和里臺灣大道四段847號11樓,400000,1140509
2223,24593030,廣城投資有限公司,臺中市西屯區福恩里工業區一路2巷3號3樓之4,20000000,1140522
2224,24593502,克立管理顧問有限公司,臺中市北屯區仁美里崇德十六路286號1樓,1000000,1140520
2225,24594164,昭日餐飲股份有限公司,臺中市南屯區惠中里大墩十一街345號,12000000,1140516
2226,24594474,華業建設有限公司,臺中市豐原區田心路一段49巷16號一樓,1000000,1140507
2227,24594832,健康便國際行銷有限公司,臺中市西屯區何仁里文心路三段106號1樓,10000000,1140513
2228,24594973,奇昕能源科技有限公司,臺中市龍井區忠和里工業路246巷6號,28000000,1140514
2229,24595375,騰群國際貿易有限公司,臺中市北區陜西五街18號6樓之9,3000000,1140502
2230,24597015,信安人力資源管理顧問有限公司,臺中市梧棲區草湳里建國北街315巷5弄10號2樓,500000,1140502
2231,24597177,禾兆科技有限公司,臺中市南屯區益豐路三段305號,10000000,1140521
2232,24597471,得力文創科技有限公司,臺中市北區淡溝里英才路396號9樓之2,2500000,1140507
2233,24597922,亙宏拓銷股份有限公司,臺中市大雅區西寶里雅潭路三段582號2樓,3000000,1140527
2234,24600102,浩仁堂生技有限公司,臺中市西屯區福林路381號1樓,2000000,1140519
2235,24600497,東霈鞋業有限公司,臺中市沙鹿區北勢里北勢東路658巷22號1樓,10000000,1140514
2236,24600692,旭騰策進國際有限公司,臺中市大肚區王福街96巷41弄9號1樓,6000000,1140502
2237,24601279,后羿節能科技股份有限公司,臺中市大雅區建興路45巷7號,5750000,1140507
2238,24603213,旺來瓦斯股份有限公司,臺中市南區復興路二段30之13號,256239870,1140512
2240,24605465,喬富實業有限公司,臺中市南區濟世街77號1樓,3000000,1140509
2241,24606014,食客三千有限公司,臺中市西屯區黎明路三段69號1樓,600000,1140506
2322,24729389,速盈股份有限公司,臺中市烏日區榮和路27號9樓之1,10000000,1140509
2392,24804181,華旭矽材股份有限公司,臺中市西屯區協和里工業區十路8號,1371149020,1140526
2396,24819641,永結同心股份有限公司,臺中市北區忠明路502之7號3樓之3,7137430,1140501
2397,24821647,珈妘國際有限公司,臺中市西屯區逢甲里河南路二段277號,1000000,1140519
2398,24823758,巽安建設有限公司,臺中市太平區新吉里新平路三段160巷9號1樓,6000000,1140506
2399,24824588,如邑堂餅家有限公司,臺中市西屯區漢翔路235號1樓、2樓,10000000,1140506
2400,24825159,承佑機械有限公司,臺中市大肚區成功里文昌路三段162巷51弄3號,7000000,1140505
2401,24826349,展鈺人力仲介有限公司,臺中市東區立德街180號1樓,5000000,1140509
2402,24827255,謙任廣告事業有限公司,臺中市大里區文心南路1160號2樓,300000,1140505
2403,24828000,億達精密有限公司,臺中市北屯區南興東二街53號,5000000,1140523
2404,24828212,華和宴有限公司,臺中市南屯區同心里南屯路二段290號12樓之2,1000000,1140506
2406,24829676,啟恒工程有限公司,臺中市烏日區溪南路一段680巷315弄88號1樓,9000000,1140508
2407,24830842,王璽有限公司,臺中市潭子區潭秀里中山路二段443號1樓,12000000,1140520
2408,24830955,冠僖工程有限公司,臺中市南區高工一街69號,23000000,1140516
2409,24833025,嘎嗶惦餐飲有限公司,臺中市西屯區協和里福玄路189號1樓,1000000,1140519
2411,24836331,泳登有限公司,臺中市北屯區東光里東山路一段41之5之1號,1500000,1140526
2412,24837508,悅筑室內裝修有限公司,臺中市西區市府路39號9樓之3,2100000,1140516
2413,24837916,臺灣骨庫股份有限公司,臺中市北屯區梅川東路四段26號8樓之1,25000000,1140519
2414,24838197,怡山建設股份有限公司,臺中市西屯區西屯路二段256巷6號17樓之3,16000000,1140508
2415,24839689,誠鴻生物科技有限公司,臺中市北屯區舊社里敦富路193號,18000000,1140507
2416,24840172,晟琦工程有限公司,臺中市北屯區軍功路二段256巷28號1樓,300000,1140522
2417,24840378,小野國際有限公司,臺中市霧峰區中正路818號2樓,2000000,1140501
2418,24842328,康益生物科技有限公司,臺中市南屯區寶山里寶山五街117之26號3樓,100000,1140523
2419,24843017,誠元股份有限公司,臺中市太平區宜昌東路29號1樓,1000000,1140519
2420,24847288,垚鋐系統科技股份有限公司,臺中市北屯區環中路一段485號1樓,95300000,1140508
2464,24909586,琮唐有限公司,臺中市西屯區何南里大墩十九街46號3樓之2,1000000,1140512
2548,25009252,陞運事業有限公司,臺中市南區台中路334號,4000000,1140526
2555,25020518,廣邑營造有限公司,臺中市南區美和街66巷11號9樓之1,32500000,1140506
2559,25029320,鉅森建設股份有限公司,臺中市南區國光里仁和一街42號1樓,25000000,1140514
2561,25030282,榮翔科技有限公司,臺中市大甲區東一街16號,12000000,1140506
2568,25048121,久泰開發股份有限公司,臺中市西區臺灣大道二段309號22樓之2,29000000,1140512
2569,25048570,富強金網有限公司,臺中市外埔區五穀路289號,5000000,1140514
2570,25050218,禮明國際股份有限公司,臺中市大肚區遊園路二段203巷3弄61號1樓,14000000,1140502
2571,25051363,億發泵浦科技股份有限公司,臺中市清水區中山路551號,10000000,1140501
2572,25052644,台灣彩光科技股份有限公司,臺中市大雅區科雅路32號4樓,281509400,1140506
2573,25053171,創健建設股份有限公司,臺中市南屯區春社里永春北路55號2樓,100000000,1140506
2574,25053313,兆億憓生物科技有限公司,臺中市大里區瑞城里瑞城一街123號1樓,8000000,1140509
2579,25060497,鎧誠實業股份有限公司,臺中市潭子區栗林里中山路三段611巷9號,8000000,1140520
2580,25061720,捷穎工業股份有限公司,臺中市大里區仁化里工業路79巷1號,15000000,1140508
2581,25062397,歐函科技股份有限公司,臺中市西屯區協和里工業區38路210號7樓之8,12000000,1140505
2582,25063038,澤康企業有限公司,臺中市北屯區三光里太原路三段423號1樓,10000000,1140522
2586,25068723,飛特立工業股份有限公司,臺中市西區忠誠里臺灣大道二段573號11樓,300600,1140522
2587,25068786,台灣海難救護股份有限公司,臺中市清水區海濱里臨港路五段658巷18號1樓,44090000,1140502
2592,25077271,厚生醫療器材有限公司,臺中市北屯區進化北路89號1樓,1000000,1140527
2601,25090318,潭佳精密科技股份有限公司,臺中市大雅區神林路一段178號,72000000,1140515
2611,25113038,星富顧問有限公司,臺中市西屯區市政北七路186號5樓之2,1000000,1140516
2643,25150552,榮星綠建材股份有限公司,臺中市清水區南寧里光華路141號,29000000,1140519
2649,25156401,盛源開發股份有限公司,臺中市西屯區臺灣大道三段60號13樓之1,16020000,1140523
2650,25156900,大興土木包工業有限公司,臺中市清水區橋頭里中華路538巷8號1樓,1000000,1140501
2655,25169948,鴻星數位科技股份有限公司,臺中市南區福順里忠明南路787號21樓之2,12000000,1140519
2661,25179404,玉鈞機械有限公司,臺中市北屯區松竹路二段362之21號,1000000,1140528
2663,25181730,皕特金屬股份有限公司,臺中市烏日區螺潭里溪南路二段248巷61號,50000000,1140507
2667,25185638,仟峰投資有限公司,臺中市南屯區惠中路三段10號9樓,11000000,1140521
2668,25185829,福德土地開發股份有限公司,臺中市東勢區東關路六段949號1樓,55000000,1140519
2669,25187045,麥龍企業有限公司,臺中市霧峰區本鄉里林森路849號1樓,9000000,1140522
2681,27110402,上鋒營造股份有限公司,臺中市北區尊賢街7號20樓,50000000,1140509
2692,27217805,勝凱科技有限公司,臺中市北區太原路二段88號14樓之2,20000000,1140528
2706,27264460,宇康工程有限公司,臺中市西屯區何仁里文心路三段129巷8號6樓之6,5000000,1140522
2707,27267831,新鴻基投資股份有限公司,臺中市北屯區安順北二街28號2樓,7000000,1140516
2708,27269747,廣藝莊建設事業有限公司,臺中市南區福順里新和街168巷2弄22號1樓,6000000,1140527
2709,27270300,頭張資源回收有限公司,臺中市潭子區大智街9號,500000,1140516
2719,27302458,漢宇開發建設股份有限公司,臺中市北屯區松竹五路一段179號1樓,201000000,1140527
2765,27373093,長安開發建設股份有限公司,臺中市西區中美街15號,20000000,1140527
2767,27377099,台灣順成頂針科技有限公司,臺中市沙鹿區興安里大同街29巷11號,25000000,1140514
2785,27422073,庚京資訊有限公司,臺中市龍井區藝術南街13號2樓,1000000,1140528
2791,27446384,全球國際興業有限公司,臺中市北區忠明路424號10樓之4,7000000,1140505
2792,27447399,禾晟科技有限公司,臺中市大里區大元里現岱路16巷11弄22號1樓,10000000,1140519
2794,27453618,家樺工程有限公司,臺中市后里區墩北里大圳路629號3樓,2400000,1140505
2804,27473348,鐿鈦科技股份有限公司,臺中市南屯區文山里精科路9號,497196430,1140521
2808,27494505,三得力人力資源管理顧問有限公司,臺中市東區東信里東英路263號1樓,5000000,1140509
2809,27494619,美康健生技有限公司,臺中市西屯區寧夏路195之2號,1000000,1140505
2810,27494723,阿卡希亞貿易有限公司,臺中市西屯區西屯路二段256巷6號18樓之1,5000000,1140527
2811,27496222,佳澄環保工程有限公司,臺中市西屯區何德里寧夏西一街34號,1000000,1140516
2820,27511390,發格自動化股份有限公司,臺中市南屯區田心里大墩四街386號,3000000,1140527
2857,27586048,喬合建設股份有限公司,臺中市沙鹿區和睦路三段481巷112號1樓,100000,1140519
2863,27600246,翰銓醫材生技有限公司,臺中市大里區永隆里爽文路1047號1樓,3000000,1140527
2866,27605087,鉅鯨開發建設股份有限公司,臺中市烏日區湖日里高鐵三路17號5樓之3,12000000,1140527
2867,27605410,典泰科技股份有限公司,臺中市北屯區景賢路257號1樓,25000000,1140502
2874,27617627,源豐醫療器材有限公司,臺中市潭子區聚興里興豐山莊63號1樓及64號1樓,500000,1140522
2877,27621592,陞銓企業有限公司,臺中市潭子區潭陽里光陽路48巷8號,2000000,1140527
2880,27624697,系泰機電有限公司,臺中市西屯區上安路18巷7號,12000000,1140519
2899,27662925,明芳汽車材料有限公司,臺中市沙鹿區竹林里三民路121號,500000,1140501
2956,27786496,大乘生命事業股份有限公司,臺中市西屯區大鵬里文心路三段237號3樓,2000000,1140505
2958,27790148,欣諾投資股份有限公司,臺中市西區五權西三街55號1樓,6312500,1140523
2963,27802475,合辰工程有限公司,臺中市南屯區永定里永春東六路435號1樓,1000000,1140508
2967,27807915,鴻宇興科技有限公司,臺中市大甲區日南里幼五路22號,25000000,1140507
2973,27830649,立昌資源回收有限公司,臺中市烏日區三和里學田路便行巷253號1樓,2000000,1140509
2980,27859440,一新冷凍空調工程有限公司,臺中市北屯區后庄里庄美街60號1樓,5000000,1140519
2991,27876047,千鼎工業有限公司,臺中市烏日區溪南路二段68巷126弄36號1樓,10000000,1140516
3034,28014552,裕發科技股份有限公司,臺中市烏日區溪埧里環中路八段260巷50弄19號,12000000,1140507
3036,28020421,安科自動化股份有限公司,臺中市南屯區精科中路63號4樓,28000000,1140522
3040,28027374,佰郡建設有限公司,臺中市西屯區環中路二段26之22號,25000000,1140509
3053,28044583,品冠現代畜產股份有限公司,臺中市西屯區林厝里福雅路555號,65500000,1140519
3059,28062189,捷于投資股份有限公司,臺中市西區福人街44巷1之2號1樓,500000,1140522
3060,28062548,集安保全股份有限公司,臺中市西區五權西路一段237號9樓之2,62300000,1140506
3064,28068917,能海電能科技股份有限公司,臺中市西屯區臺灣大道三段660號9樓之3,412559100,1140501
3070,28078598,吉鴻國際租賃有限公司,臺中市大里區德芳一街113號,10000000,1140501
3080,28097672,統帥國際物業管理顧問有限公司,臺中市北屯區南京東路三段15號1樓,1000000,1140522
3085,28111077,和安雅國際有限公司,臺中市豐原區三村里合作街152號1樓,11500000,1140509
3097,28124050,瞳光眼鏡有限公司,臺中市西屯區大祥街12號1樓,3000000,1140520
3101,28127654,歌珊投資股份有限公司,臺中市南屯區永春路20之1號1樓,19500000,1140505
3102,28131600,天璽工業有限公司,臺中市大甲區義和里中山路一段635號,15000000,1140523
3114,28148383,台中商務旅館股份有限公司,臺中市西屯區臺灣大道三段593號,239316000,1140528
3116,28153792,新格租賃股份有限公司,臺中市潭子區環中東路一段8號2樓,20000000,1140501
3120,28161239,晟佑工業有限公司,臺中市北屯區松勇里北屯路473巷8之2號4樓,21000000,1140512
3122,28167536,鉅筑建設股份有限公司,臺中市南屯區向上路三段33號6樓,11000000,1140519
3123,28169175,益維工程有限公司,臺中市南屯區同心里大墩二街240號1樓,500000,1140526
3176,28310786,邦旭國際企業有限公司,臺中市南區國光路365巷25號,9400000,1140514
3178,28313812,逢璟投資股份有限公司,臺中市南屯區大墩四街425號1樓,238010000,1140512
3181,28318696,金益裕實業有限公司,臺中市西屯區四川東街61號1樓,500000,1140502
3187,28331733,泓典企業有限公司,臺中市南屯區大墩路924之2號,7000000,1140516
3192,28340206,銓浩實業有限公司,臺中市南區國光路365巷14號1樓,500000,1140516
3195,28357108,達興材料股份有限公司,臺中市西屯區科園1路15號,1027159110,1140526
3206,28388051,威尚機械工業股份有限公司,臺中市清水區東山里神清路9之26號,60000000,1140519
3215,28410048,廣威廣告企劃有限公司,臺中市西區公益里華美街283巷5號4樓之3,1000000,1140514
3265,28501336,久福興業股份有限公司,臺中市梧棲區大智路2段388號,500000000,1140521
3268,28506326,日華金典國際酒店股份有限公司,臺中市西區健行路1049號底1層、底2層、1樓(門廳)、11樓、15樓、16樓之1,650000000,1140506
3277,28519666,玖浚企業有限公司,臺中市東區福昌街35號9樓之5,5200000,1140515
3278,28521207,東興國際精密機械有限公司,臺中市太平區永豐路337巷17號,5000000,1140506
3280,28524020,上醫國際生技股份有限公司,臺中市南區永興里高工路325號3樓,1000000,1140515
3285,28542104,柏揚系統科技股份有限公司,臺中市豐原區田心里中山路83號10樓,1000000,1140528
3289,28546903,立侑精密工業有限公司,臺中市神岡區北庄里神岡東街46號1樓,900000,1140505
3298,28554348,巧智有限公司,臺中市太平區環太東路198號,5000000,1140528
3309,28572275,志典金屬有限公司,臺中市梧棲區文明街31巷1號1樓,40000000,1140513
3315,28579544,久譽貿易有限公司,臺中市豐原區田心里田心路一段166號1樓,1500000,1140502
3318,28581350,皇祖窗飾股份有限公司,臺中市西屯區中清路三段281號1樓,58000000,1140519
3320,28589120,百歐仕科研股份有限公司,臺中市大甲區興安路138號之192,28500000,1140522
3338,28631817,天陽航太科技股份有限公司,臺中市西屯區協和里工業區七路29號,268000000,1140527
3339,28632626,欣鈺鑫投資股份有限公司,臺中市西區平和里林森路145號2樓,10000000,1140521
3341,28634624,豈鑫有限公司,臺中市南屯區文心南五路一段360號1樓,1000000,1140527
3345,28636833,全利誠實業有限公司,臺中市大甲區義和里中山路一段568巷21之12號,16680000,1140502
3346,28637137,承鼎源砂石業股份有限公司,臺中市太平區太堤東路115號,10000000,1140505
3348,28641343,佳緯冷卻工程股份有限公司,臺中市大肚區瑞井里遊園路一段89巷46號1樓,1000000,1140505
3381,28705388,紘典有限公司,臺中市西屯區何安里文心路三段6號10樓之2,10000000,1140501
3396,28727876,健立機械股份有限公司,臺中市豐原區三村里三和路384號1樓,5000000,1140521
3397,28730458,餘慶堂興業股份有限公司,臺中市梧棲區大智路二段179號1樓,750000000,1140506
3402,28743854,均安投資股份有限公司,臺中市沙鹿區賢正街56號1樓,137010000,1140515
3403,28745488,能新投資股份有限公司,臺中市南屯區三和里惠中路三段10號5樓,5500000,1140516
3404,28745699,堡冠建設股份有限公司,臺中市西屯區逢大路45號6樓之3,56000000,1140527
3410,28756463,昆富投資股份有限公司,臺中市太平區太平里合利街24巷13號2樓,62983000,1140521
3411,28756885,俊邦清潔有限公司,臺中市北屯區東山里東山路二段中興巷61號1樓,1000000,1140520
3413,28762465,富久土地開發股份有限公司,臺中市西屯區臺灣大道二段910號4樓之6,50000000,1140521
3418,28771210,晁增五金有限公司,臺中市中區成功路95號2樓,1200000,1140502
3422,28778847,威菩股份有限公司,臺中市西區忠誠里臺灣大道二段573號11樓,250500,1140528
3431,28799300,台中銀保險經紀人股份有限公司,臺中市北屯區進化北路80-4號,500000000,1140514
3433,28802298,太吉利投資有限公司,臺中市西屯區惠中路二段38號4樓之2,4000000,1140502
3440,28813083,博生生技有限公司,臺中市西區公民里忠信街20號2樓,2000000,1140521
3441,28816259,韋創科技有限公司,臺中市西區大忠里五權西路一段257號13樓之2,7000000,1140513
3469,28858829,安順裝卸股份有限公司,臺中市龍井區麗水里南堤路10號,900000000,1140526
3475,28876262,鼎太開發股份有限公司,臺中市西區後龍里民權路219號2樓,92664900,1140521
3476,28876848,點睛科技股份有限公司,臺中市大里區祥興里吉善一街85號1樓,19800000,1140513
3480,28896892,昆聚投資股份有限公司,臺中市太平區合利街24巷13號2樓,41855000,1140521
3488,28912990,品冠綠能再生科技股份有限公司,臺中市西屯區林厝里安林路50之2號2樓,73330000,1140515
3491,28915482,昱景傳播視訊有限公司,臺中市南區福平里光輝一街30巷1號3樓,1200000,1140516
3494,28922054,豐興空油壓有限公司,臺中市梧棲區草湳里33鄰建國北街336號,1000000,1140515
3496,28924644,復興汽車檢驗股份有限公司,臺中市南區公理街25號,1080000,1140523
3497,28924742,心之芳庭股份有限公司,臺中市西區臺灣大道二段307號5樓,40373260,1140523
3502,28928613,中龍事業有限公司,臺中市北屯區三和里東光路822巷15號,5000000,1140501
3509,28939581,羅博特科技有限公司,臺中市西屯區福中里福中二街10巷22號1樓,5000000,1140506
3510,28939702,玖鉅儀器有限公司,臺中市大里區中元東路15號1樓,1000000,1140521
3511,28941030,昕德設計工程有限公司,臺中市北屯區文心路四段83號19樓,7200000,1140505
3515,28944661,總裁生物科技股份有限公司,臺中市中區市府路83號1樓、2樓之1之2,10000000,1140513
3518,28961154,信敏化學有限公司,臺中市南屯區溝墘里大墩十七街91號13樓之17,500000,1140526
3531,28999686,大陸商天津經濟技術開發區國有資產經營股份有限公司,臺中市西屯區文心路三段241號16樓之7,0,1140526
3589,29095384,品匠屋股份有限公司,臺中市西屯區潮洋里朝富二街20號1樓,1000000,1140505
3594,29104638,鑫鑎實業有限公司,臺中市北屯區新平里信平路100號,1000000,1140528
3598,29115277,旭堃地產有限公司,臺中市太平區宜福街42巷5號1樓,10000000,1140512
3600,29119484,恆鑫行銷股份有限公司,臺中市西屯區潮洋里市政北二路238號27樓之1,20000000,1140507
3604,29127077,飪珍記食品股份有限公司,臺中市太平區中興里永平路二段476巷16號,50000000,1140528
3633,29181634,英商衛靈醫藥生技有限公司,臺中市南屯區田心里五權西路二段511號1樓,10000000,1140521
3634,29182232,中科國際物流股份有限公司,臺中市大雅區科雅西路29號,300000000,1140526
3636,29183470,濰元科技股份有限公司,臺中市大雅區科雅路6號,22700000,1140520
3641,29187778,雄欣科技股份有限公司,臺中市大里區東湖里中興路一段159之1號3樓,5487057,1140516
3656,30899261,成霖企業股份有限公司,臺中市潭子區潭秀里建國路22號,4110169620,1140526
3701,34301440,武恩德營造股份有限公司,臺中市北屯區和平里軍福十六路326號9樓,241000000,1140526
3774,38143008,優生製藥廠股份有限公司,臺中市南屯區工業區21路14號,174900000,1140505
3808,42591750,鑫達興有限公司,臺中市北屯區平安里文心路四段696號19樓之3,20000000,1140528
3820,42607177,宥銓金屬有限公司,臺中市西區民龍里臺灣大道二段239號13樓,5000000,1140509
3837,42620707,沛勤股份有限公司,臺中市北屯區松竹北路123號2樓,1500000,1140523
3869,42662425,地表最潮股份有限公司,臺中市西區民生路368巷2弄12號,19000000,1140523
3870,42664211,展驊科技有限公司,臺中市北屯區廍子里祥順七街17號1樓、2樓,83232960,1140516
3871,42664958,葛拉漢費雪林區股份有限公司,臺中市梧棲區大村里立德街95巷18弄18號1樓,10000000,1140527
3872,42666647,雲林交通股份有限公司,臺中市北屯區大連路三段18號5樓之12,92000000,1140516
3873,42666652,捷順交通股份有限公司,臺中市北屯區大連路三段18號5樓之12,340000000,1140519
3874,42670001,兆翔工程科技股份有限公司,臺中市烏日區健行北一路36號1樓,12000000,1140513
3875,42670847,宏凱國際開發股份有限公司,臺中市烏日區九德里中華路60號1樓,115000000,1140516
3877,42676053,瑋博國際有限公司,臺中市西屯區福恩里工業區一路58巷11弄4號1樓,5000000,1140505
3878,42676146,橙源科技有限公司,臺中市豐原區豐年路109巷103之6號2樓,2000000,1140505
3879,42676315,塔木德酒店管理顧問股份有限公司,臺中市北區新北里太平路22號2樓,43000000,1140515
3880,42676504,博邦資本股份有限公司,臺中市大里區立德里甲園街167巷8號1樓,1000000,1140523
3881,42681154,大鑫企業有限公司,臺中市大里區永大街312號1樓,1000000,1140507
3882,42684791,崧展工業有限公司,臺中市西區忠明南路270號7樓之1,2000000,1140514
3883,42685519,永廉環球碳經濟股份有限公司,臺中市北區育德里美德街300號2樓,1000000,1140513
3884,42686138,邦睿生技股份有限公司,臺中市大里區工業九路118號4樓,215659000,1140516
3885,42687333,正程鎰科技有限公司,臺中市北屯區三和里東山路一段50巷30弄1號1樓,2000000,1140506
3886,42687609,御墅家建設股份有限公司,臺中市沙鹿區天池街85號,30000000,1140528
3888,42688564,翔飛國際旅行社有限公司,臺中市南屯區文心南三路948號2樓,12000000,1140513
3889,42690111,豐群生技股份有限公司,臺中市北屯區北京里進化北路74號2樓,12000000,1140526
3925,42724055,福豐興有限公司,臺中市南屯區同心里文心路一段64巷10號,3000000,1140515
4043,42874716,誌潔建設有限公司,臺中市西屯區林厝里福雅路421號,5000000,1140528
4045,42877235,益金投資股份有限公司,臺中市西屯區何仁里洛陽路111巷10弄5號1樓,8000000,1140515
4046,42877615,福利點有限公司,臺中市西屯區何安里重慶路99號5樓之3,5000000,1140522
4048,42878852,茗蔚有限公司,臺中市太平區新興里新興路17號6樓,2000000,1140505
4049,42879705,起圓有限公司,臺中市北屯區大德里雷中街42巷1弄32之4號,6000000,1140528
4050,42880132,承鉅材料有限公司,臺中市西區公益路161號10樓之3,3000000,1140521
4051,42881483,聖誼科技有限公司,臺中市西屯區逢甲里西屯路二段256巷6號2樓之8,5000000,1140506
4053,42884566,明晞有限公司,臺中市北屯區北興里北華街119號1樓、地下1樓,50000,1140506
4054,42890434,台灣人工智慧應用股份有限公司,臺中市神岡區三角里三社路53巷12號,1000000,1140527
4055,42892783,鴻霖生技股份有限公司,臺中市北屯區水湳里文心路三段447號16樓之3,1000000,1140514
4056,42893045,老虎堂國際企業有限公司,臺中市西屯區朝富路213號12樓之8,300000,1140521
4057,42893299,古傳股份有限公司,臺中市南屯區惠中里公益路二段271號,29860000,1140506
4058,42894121,大樹科學有限公司,臺中市北屯區松安里6鄰崇德六路一段30巷28號4樓,200000,1140513
4059,42896078,寶德旺商務有限公司,臺中市西屯區大鵬里文心路三段241號21樓之7,500000,1140502
4060,42896612,超湛國際有限公司,臺中市西屯區逢福里河南路二段262號13樓之3,1000000,1140521
4061,42896916,喬一國際有限公司,臺中市太平區新高里立德街53號3樓,110000,1140508
4062,42898631,創客共好股份有限公司,臺中市西屯區惠來里市政北七路186號12樓之9,13950000,1140513
4128,42967600,金升合有限公司,臺中市南區和平里忠明南路758號11樓,100000,1140512
4257,45111446,日勝地產開發有限公司,臺中市西屯區惠來里惠中路8之2號2樓,1000000,1140514
4277,45133238,匯群鋁業有限公司,臺中市北區文莊里中清路一段89號15樓之2,1000000,1140506
4290,45146064,龍太鉅建設股份有限公司,臺中市北屯區平田里遼陽五街18號7樓2號,11000000,1140512
4291,45146748,泰浦樂國際有限公司,臺中市西屯區何安里臺灣大道二段910號11樓之7,2250000,1140520
4292,45147710,丞祐自動化設備有限公司,臺中市西屯區惠來里市政北七路186號3樓之3,55000,1140501
4294,45148210,江南小客車租賃有限公司,臺中市烏日區烏日里新興路324號,5000000,1140522
4295,45148400,超極生技股份有限公司,臺中市大里區工業九路118號3樓,90909060,1140526
4296,45149962,程序智庫科技有限公司,臺中市北屯區平安里崇德路二段130號14樓,5000000,1140520
4298,45188227,寶田健康事業有限公司,臺中市北屯區松和里崇德六路一段122號1樓,600000,1140526
4300,45197561,美德安科技有限公司,臺中市太平區新城里新明街59巷82號1樓,6000000,1140515
4301,45198457,儷采實業有限公司,臺中市西區吉龍里五權一街5號1樓,5000000,1140505
4302,45882014,夏威國際開發有限公司,臺中市西屯區何厝里漢口路一段37號3樓,500000,1140515
4303,45883479,晨旭國際實業有限公司,臺中市烏日區光明里五光路復光3巷31之9號1樓,1000000,1140522
4305,45884527,源昇整合方案智財股份有限公司,臺中市西屯區何源里河南路一段170號5樓之3,16000000,1140512
4306,45887067,舒利渼股份有限公司,臺中市北屯區文心路三段447號17樓,7500000,1140516
4307,45887405,嘉億新材料有限公司,臺中市大里區新里里德芳路二段57之5號,500000,1140519
4308,45888045,順寶實業有限公司,臺中市大肚區沙田路一段512巷98號,3000000,1140501
4309,45888278,峰順科技股份有限公司,臺中市南屯區寶山里五權西路三段1巷87之2號,12000000,1140514
4310,45890696,源益興業有限公司,臺中市南屯區五權西路三段1巷215號,5000000,1140505
4331,46186351,璽室空間設計有限公司,臺中市南屯區東興路二段270號5樓,1000000,1140509
4337,47024448,鄭亦翔自主更新有限公司,臺中市西區忠明里健行路964巷30號2樓,900000,1140526
4426,50810743,立暘事業有限公司,臺中市梧棲區大仁路二段60號1樓,5000000,1140512
4427,50811503,力德金屬有限公司,臺中市豐原區社皮里中正路526號15樓,7500000,1140526
4428,50811834,樂羽國際貿易有限公司,臺中市北屯區仁美里崇德路三段699號21樓之7,100000,1140512
4429,50813404,麒鎂股份有限公司,臺中市大雅區西寶里昌平路四段558巷80號,800000,1140514
4433,50818029,梵谷開發有限公司,臺中市北屯區舊社里松竹路一段1300號1樓,6000000,1140516
4434,50818610,前進德有限公司,臺中市潭子區東寶里大明一路106巷19號1樓,1200000,1140513
4436,50819603,維京人環球投資有限公司,臺中市西屯區逢甲里西屯路二段256巷6號6樓之2,10127625,1140513
4437,50821565,維京人商務中心有限公司,臺中市西屯區逢甲里西屯路二段256巷6號6樓之2,10000000,1140514
4438,50821690,承榤精密有限公司,臺中市豐原區翁子里國豐路三段668號,2000000,1140501
4439,50822065,酷彼科技股份有限公司,臺中市北區陜西路108號14樓之6,16510000,1140506
4440,50822369,禾盛源股份有限公司,臺中市北屯區大連路三段9號5樓,4000000,1140512
4441,50822614,倚飛科技有限公司,臺中市西屯區何安里臺灣大道二段910號8樓之3,3100000,1140520
4442,50824319,茶思特國際有限公司,臺中市西屯區何德里甘肅路一段81號2樓,200000,1140522
4443,50825083,醫鄰股份有限公司,臺中市北屯區平福里崇德二路二段27號5樓,6720000,1140506
4444,50825295,詩語有限公司,臺中市西區民龍里梅川西路二段18之8號8樓,1080000,1140521
4445,50825479,丞安精密有限公司,臺中市烏日區光明里五光路復光三巷162號,1500000,1140522
4446,50825632,萬肇營造有限公司,臺中市東區建勇東街28之1號1樓,4000000,1140523
4447,50826034,新生土地開發股份有限公司,臺中市西區大忠街9之1號6樓,11000000,1140526
4449,50826478,麥加利環球投資有限公司,臺中市西屯區逢甲里西屯路二段256巷6號6樓之2,5000000,1140513
4450,50826885,喬帆尼商集中心有限公司,臺中市西屯區逢甲里西屯路二段256巷6號6樓之2,5000000,1140514
4451,50827414,麒鈞有限公司,臺中市大雅區員林里大林路294號,6000000,1140505
4452,50827603,麥加利商記中心有限公司,臺中市西屯區逢甲里西屯路二段256巷6號6樓之2,5000000,1140514
4453,50828125,建南行花藝資材股份有限公司,臺中市西區忠明里中美街460號1樓,4600000,1140507
4454,50829399,蔘源健康事業股份有限公司,臺中市大里區內新里新南路62號12樓,2000000,1140522
4455,50830178,杰達電科技有限公司,臺中市太平區中山路四段194巷2弄12號1樓,4000000,1140502
4456,50830430,美域股份有限公司,臺中市西屯區臺灣大道三段590號25樓之12,900000,1140516
4457,50830797,檸檬樹建設股份有限公司,臺中市北區健行里忠明路424號17樓之1,20000000,1140520
4459,50833648,英柏國際地產有限公司,臺中市西區土庫里五權西路一段112號,2000000,1140522
4460,50836835,洋義科技有限公司,臺中市龍井區田中里臨港東路一段102號1樓,3000000,1140506
4461,50836933,昊翔生物科技股份有限公司,臺中市南屯區新生里龍富路四段90號25樓,2000000,1140509
4462,50837356,廣羿國際股份有限公司,臺中市大甲區文曲里東安路128號之2一樓,5000000,1140512
4463,50839299,窩百態室內裝修設計股份有限公司,臺中市北屯區水景里太原路三段842號1樓,7500000,1140521
4464,50839349,伍隆股份有限公司,臺中市西屯區黎明路三段48號1樓,80000000,1140523
4465,50839973,維正資材有限公司,臺中市南屯區文心南路37號9樓之1,3000000,1140521
4548,50916915,碳胜肽環境生物科技有限公司,臺中市西屯區寶慶街30巷9號11樓之16,1000000,1140528
4641,51077136,中聯交通事業有限公司,臺中市北屯區三光里北屯路212巷44號1樓,6000000,1140521
4643,51083735,中國之友股份有限公司,臺中市西區民權路213巷9號4樓之5,5000000,1140506
4644,51139301,天源義記機械股份有限公司,臺中市南屯區五權西路三段188號,250800000,1140505
4647,51525388,泰新交通企業股份有限公司,臺中市北屯區三光里北屯路212巷44號1樓,6000000,1140512
4651,51815703,臺中山葉樂器中心股份有限公司,臺中市中區重慶里巿府路109號1樓,5000000,1140520
4652,51871205,臺灣化學板股份有限公司,臺中市中區三民路二段42之1號10樓之1,220000000,1140527
4653,51938402,聯美興業股份有限公司,臺中市中區光復里巿府路161號,20000000,1140519
4661,52236908,安琪兒實業股份有限公司,臺中市外埔區六分里六分路六支巷33之2號1樓,8000000,1140521
4663,52255242,皇達實業股份有限公司,臺中市龍井區新東里綠園路80號,1700000,1140519
4665,52268611,亞立電力科技股份有限公司,臺中市東區進化路100號,29600000,1140527
4673,52310651,昱展新藥生技股份有限公司,臺中市大雅區科雅路32號5樓,668000000,1140526
4677,52339496,慧國工業股份有限公司,臺中市西屯區工業區三路3號,292740000,1140508
4679,52340971,東采國際股份有限公司,臺中市西屯區潮洋里市政北二路280號,500000,1140506
4684,52364797,台中港倉儲裝卸股份有限公司,臺中市梧棲區大智路二段432號,150000000,1140519
4686,52370664,巨鎮工業有限公司,臺中市西區公益里華美街314號1樓,2000000,1140505
4689,52375605,美律實業股份有限公司,臺中市南屯區寶山里工業區二十三路22號,2534894140,1140514
4690,52376702,欣凱鑽探工程有限公司,臺中市西區公正里大進街132號13樓之3,5000000,1140509
4691,52378716,宜睿有限公司,臺中市北區陝西路108號6樓之2,15000000,1140505
4709,52443266,六宏工業股份有限公司,臺中市西屯區協和里工業區10路10號,19500000,1140505
4715,52454306,溢田企業有限公司,臺中市西區忠明南路237號5樓之2,4650000,1140521
4716,52459484,佳舒美化工有限公司,臺中市太平區光華里大興一街73巷18號1樓,1500000,1140527
4718,52480867,美傑環保股份有限公司,臺中市北屯區水湳里麻園西街92號1樓,15000000,1140514
4722,52490577,安能聚綠能股份有限公司,臺中市大肚區頂街里萬興路68號,532005000,1140522
4723,52492809,忠記紡織股份有限公司,臺中市西屯區工業區36路32號1樓,32155200,1140505
4728,52511051,九六單車股份有限公司,臺中市西屯區環中路二段951號1樓,32000000,1140521
4734,52525554,信偉機械工業有限公司,臺中市南屯區春社里精科中二路9號,12000000,1140513
4736,52541739,達佛羅股份有限公司,臺中市大雅區德勝路318巷56號,457692310,1140507
4741,52547868,華佑實業有限公司,臺中市西區忠誠里大隆路20號14樓之5,20000000,1140501
4758,52616908,卡多里山上樂園股份有限公司,臺中市北屯區東山路二段78巷2號,154850000,1140509
4759,52617049,中統貨運企業股份有限公司,臺中市西屯區臺灣大道二段746號1樓,29000000,1140514
4792,52702571,駿展實業股份有限公司,臺中市西屯區永安里安林路1之108號1樓,5300000,1140506
4799,52718834,威全機械工業股份有限公司,臺中市北屯區仁和里后庄路1008號1樓,157000000,1140519
4810,52796227,天立探勘顧問有限公司,臺中市南區長春里復興路三段527巷3號1樓,1000000,1140509
4811,52806365,必丞實業有限公司,臺中市北屯區和平里軍功路一段460號2至3樓,30000000,1140516
4813,52850170,高鋆實業有限公司,臺中市西屯區環中路三段63號8樓之1,6000000,1140506
4826,52880765,崑銓企業股份有限公司,臺中市西屯區工業區35路52號,271188000,1140520
4833,52906913,金裕德企業有限公司,臺中市東區精武路165號1樓,2000000,1140521
4836,52929818,臺灣麥茲柯股份有限公司,臺中市西區台灣大道二段220號13樓,20000000,1140515
4837,52930575,福爾摩沙寶島籃球發展股份有限公司,臺中市南屯區永春東七路579之1號,200000000,1140501
4841,52946274,米高交通股份有限公司,臺中市烏日區中山路三段917號1樓,20000000,1140523
4843,52962581,美利方實業有限公司,臺中市西區民生里自由路一段101號8樓之2,1160000,1140523
4846,53001540,新加坡商愛特蒙特光學有限公司,臺中市北屯區文心路四段83號14樓,1000000,1140508
4856,53018486,比利時商弘太貿易股份有限公司,臺中市西屯區林厝里福雅路691之3號,1000000,1140526
4872,53052532,大方廣興業有限公司,臺中市烏日區螺潭里溪南路二段35巷31號,1000000,1140520
4874,53054193,羅杰塑膠科技股份有限公司,臺中市大肚區沙田路一段320巷35號,129000000,1140512
4876,53054721,亞締建材有限公司,臺中市西屯區寧夏東五街24號1樓,1000000,1140521
4879,53063242,合豐實業有限公司,臺中市潭子區福貴路258號,10000000,1140528
4883,53072663,龍寶實業股份有限公司,臺中市西屯區潮洋里朝貴一街98號1樓,25000000,1140522
4933,53116542,元利資產管理股份有限公司,臺中市南屯區同心里文心路一段218號16樓之1,26400000,1140515
4950,53138932,歐凱資產管理有限公司,臺中市北區五常里五順街190號1樓,1000000,1140521
4952,53143386,勗揚興業有限公司,臺中市清水區東山里神清路2之20號1樓,1070000,1140526
4955,53146953,甲盛開發事業有限公司,臺中市西屯區大河里文心路三段167之7號10樓,160000000,1140515
4957,53148951,順祐精密機械有限公司,臺中市太平區宜欣里溪洲路199號,34500000,1140501
4959,53151532,楓彩數位創意有限公司,臺中市太平區中山路1段245巷3號1樓,1000000,1140512
4961,53155170,葳菱科技有限公司,臺中市太平區新高里樹德八街80巷45號1樓,1000000,1140523
4972,53174726,台灣酵素村股份有限公司,臺中市北區健行里忠明路502之1號7樓之1,249172820,1140523
4974,53177266,融燁食品有限公司,臺中市西屯區工業區四十二路7號,5000000,1140523
5037,53265015,誠浩西點文教事業有限公司,臺中市大里區西榮路152巷34之4號,3000000,1140508
5044,53280254,漢仁國際開發有限公司,臺中市南屯區向心里文心南二路178號1樓,1200000,1140521
5047,53296880,華將投資開發有限公司,臺中市南屯區新生里新富路707號,20000000,1140512
5048,53297852,新歐資產管理有限公司,臺中市北區五順街190號1樓,1000000,1140521
5050,53300603,佑崧精機股份有限公司,臺中市豐原區南嵩里水源路115巷99號1樓,6000000,1140519
5095,53369790,海德特科技股份有限公司,臺中市烏日區東園里溪南路一段238巷252號,11000000,1140521
5099,53374626,聯亭餐飲有限公司,臺中市西區公正里精誠路338號,14000000,1140522
5101,53377237,順富材料科技有限公司,臺中市北屯區中清路二段636號7樓,3000000,1140512
5108,53384259,九龍五金有限公司,臺中市西屯區寧夏東二街15號1樓,2000000,1140512
5110,53385601,邦齊國際貿易有限公司,臺中市潭子區吉林二街17號1樓,200000,1140516
5113,53397851,黑沃餐飲股份有限公司,臺中市南區永興里高工路371號2樓,120000000,1140523
5114,53397938,貞雄有限公司,臺中市南屯區精誠路442巷3號1樓,420000000,1140506
5116,53399794,躍昇不動產經紀業有限公司,臺中市西區公平里東興路三段186號1樓,2000000,1140521
5118,53402947,睿蕂實業有限公司,臺中市大雅區員林里中清路四段242號1樓,5000000,1140522
5119,53405677,寬吉木業有限公司,臺中市大雅區中山路327巷6號,1000000,1140528
5152,53474977,智郁開發股份有限公司,臺中市西屯區潮洋里臺灣大道三段789號10樓之1,8200000,1140509
5153,53475808,鴻揚技研股份有限公司,臺中市霧峰區萬豐里中正路128號,28806000,1140515
5154,53475933,國寶能源股份有限公司,臺中市神岡區福成路28號1樓,13395020,1140516
5156,53480458,沛豪國際有限公司,臺中市西屯區臺灣大道三段789號5樓之6,70000000,1140527
5158,53486002,京虹實業有限公司,臺中市太平區新吉里中山路三段6巷7弄2之1號1樓,5000000,1140513
5159,53486565,鼎渼建設有限公司,臺中市北區育德里健行路445之9號2樓,3000000,1140513
5164,53494087,全家徵信有限公司,臺中市西屯區惠來里文心路三段13之3號5樓,1000000,1140519
5168,53496629,馬司特國際有限公司,臺中市西屯區何成里大容西街51號3樓之2,300000,1140501
5170,53499055,業漢有限公司,臺中市北區青島路一段26巷6號,50000,1140513
5177,53507822,速立達有限公司,臺中市西屯區何德里大信街60號3樓之1,1000000,1140506
5179,53515885,新立中金屬股份有限公司,臺中市大里區仁化里工業二路68號1樓,18250000,1140502
5186,53524580,創聚全球股份有限公司,臺中市大里區長春路39巷9弄2之1號1樓,600000,1140507
5208,53560656,美麗之泉時尚美學有限公司,臺中市大雅區六寶里中清路五段79巷39號1樓,1000000,1140508
5235,53604253,弘聚精機股份有限公司,臺中市西屯區福林里福康路119巷28之3號1樓,50000000,1140513
5236,53607738,再曜股份有限公司,臺中市西屯區福星西路39號3至10樓,132000000,1140527
5239,53612937,壹寶貝國際教育資訊股份有限公司,臺中市南屯區大正街6號2樓之2,2500000,1140505
5244,53618361,科宇數位股份有限公司,臺中市西屯區潮洋里市政北二路282號21樓之10,6500000,1140523
5247,53623759,中翔國際股份有限公司,臺中市大肚區沙田路1段453號,50000000,1140528
5248,53624770,林本堂股份有限公司,臺中市霧峰區民生路39號3樓,10000,1140523
5251,53629732,締堡國際有限公司,臺中市西區公正里大同街168號5樓之5,2000000,1140513
5252,53630273,新翔科技材料有限公司,臺中市烏日區三和里高鐵一路268號17樓之6,11900000,1140522
5253,53631575,振堂有限公司,臺中市太平區中興里永平路二段431號,3000000,1140528
5254,53631890,今湛精密機械有限公司,臺中市龍井區山腳里沙田路六段205號1樓,8000000,1140516
5259,53635609,誠雲科技股份有限公司,臺中市西屯區福和里臺灣大道四段925號16樓之3,78497590,1140519
5270,53668946,台中銀證券股份有限公司,臺中市中區民族路45號1、2樓,1721971650,1140519
5271,53673357,香港商虹柏亞洲有限公司,臺中市西屯區何成里大墩十八街195號3樓之1,126000000,1140505
5341,53793796,康渥特材料科技股份有限公司,臺中市西區民龍里臺灣大道二段186號7樓之3,10000000,1140505
5345,53799285,喜善國際貿易有限公司,臺中市北屯區舊社里敦富五街47號,500000,1140521
5347,53800375,瀚倫有限公司,臺中市西屯區洛陽路125巷77號,3000000,1140509
5348,53800380,開物空間文創有限公司,臺中市西屯區惠來里洛陽路111巷38號,1500000,1140523
5349,53806336,舜大汽車租賃有限公司,臺中市沙鹿區自強路780巷48號1樓,19000000,1140516
5353,53810633,達億消防有限公司,臺中市大里區慈善路138巷20號1樓,3250000,1140515
5358,53819634,昶星科技股份有限公司,臺中市南屯區精科五路33號2樓,8000000,1140502
5361,53822997,吉宥開發有限公司,臺中市北屯區文心路四段696號25樓,50000000,1140509
5366,53824290,康成生醫科技股份有限公司,臺中市西屯區市政北二路282號13樓之7,11969000,1140519
5372,53830188,瑞揚創意有限公司,臺中市北區建成里東光東街61號4樓,12000000,1140520
5376,53835310,美家人力資源股份有限公司,臺中市東區三賢街166號1樓,133000000,1140506
5377,53838251,得剛企業管理顧問有限公司,臺中市南屯區益文三街66號3樓,1000000,1140508
5383,53842348,騰銳塑膠有限公司,臺中市大肚區王田里沙田路一段320巷33之49號1樓,13000000,1140502
5388,53849665,浦力特有限公司,臺中市南屯區龍富十五路301號1樓,16000000,1140519
5389,53850233,沛鴻國際有限公司,臺中市西屯區臺灣大道三段789號16樓之2,10000000,1140527
5391,53852160,上群企管顧問有限公司,臺中市霧峰區樹仁路121巷2號10樓之7,1000000,1140507
5402,53868959,法蔓生物科技股份有限公司,臺中市大里區新里里愛心路159巷33號,2000000,1140507
5409,53875353,遠勵有限公司,臺中市西屯區市政北一路89號13樓之1,1000000,1140512
5479,53960365,鼎霖醫療器材股份有限公司,臺中市北屯區平安里文心路四段696號8樓之2,25000000,1140523
5480,53960885,利百加實業有限公司,臺中市北區賴興里北平路二段186號1樓,10000000,1140506
5481,53963068,嘉晉旅行社股份有限公司,臺中市北區淡溝里博館路87號13樓,10000000,1140508
5488,53970151,實驗家工程有限公司,臺中市太平區新城里新明街59巷82號2樓,10000000,1140509
5489,53971258,鉅泰機械設備有限公司,臺中市南屯區大業里公益路二段61號3樓之2,1000000,1140502
5491,53972833,立群開發食品有限公司,臺中市烏日區螺潭里太明北路61號,16800000,1140507
5492,53974115,陸伍堂開發有限公司,臺中市南屯區文心路一段218號12樓之6,11000000,1140512
5496,53982348,裕翔藝術鐵件有限公司,臺中市烏日區東園里慶光路1016號,4000000,1140522
5499,53985106,凱登國際美甲有限公司,臺中市北屯區北屯路180巷10號1樓,1000000,1140515
5500,53986132,上盟工程有限公司,臺中市太平區德隆里德興街88號1樓,2000000,1140519
5501,53991711,鉅海建設有限公司,臺中市大里區塗城路458號1樓,15000000,1140502
5503,53994246,台中眾鈴汽車股份有限公司,臺中市外埔區二崁路568巷36號,1101000000,1140516
5504,53999946,凱宸實業股份有限公司,臺中市西屯區市政北二路21號8樓之2,26400000,1140516
5509,54002645,康西企業有限公司,臺中市北屯區水湳里文心路三段447號6樓之2,2000000,1140521
5513,54004622,馥珽國際股份有限公司,臺中市南屯區河南路四段433號,22000000,1140522
5514,54005241,捷銻熙工具股份有限公司,臺中市北屯區軍功里軍榮街167號1樓,10000000,1140527
5516,54008351,立浤國際企業有限公司,臺中市西區大忠里南屯路一段232巷37號,1000000,1140508
5522,54026766,海天精工科技有限公司,臺中市太平區育才路39號,3600000,1140527
5571,54088241,衛鴻國際股份有限公司,臺中市中區綠川里臺灣大道一段79號6樓、7樓,11000000,1140508
5573,54089641,魔特創意有限公司,臺中市南屯區向上路三段69號5樓之2,1000000,1140519
5576,54096185,奇泓工程有限公司,臺中市豐原區豐田里豐南街235巷18號1樓,5000000,1140502
5578,54100195,冠昕光電有限公司,臺中市西區民龍里臺灣大道二段181號5樓之20,1000000,1140523
5579,54102692,新悅投資股份有限公司,臺中市西區五權六街9號6樓之3,20000000,1140505
5580,54102861,永杰投資股份有限公司,臺中市西區五權六街9號6樓之3,20200000,1140501
5581,54103593,廣宣建設開發有限公司,臺中市太平區光華里25鄰長安五街5號1樓,37000000,1140506
5582,54104191,一呈實業有限公司,臺中市西屯區內江街102號1樓,2000000,1140521
5583,54105537,蟲寶寶有限公司,臺中市西區忠誠里忠明路30號1樓、32號1樓,5000000,1140501
5585,54107802,崑鼎開發建設有限公司,臺中市北屯區崇德十一路28號,15000000,1140520
5586,54107824,環久人力資源有限公司,臺中市南區美村路二段186號4樓之4,5000000,1140502
5587,54111685,泳展新有限公司,臺中市大安區龜壳里中松路273之1號,40000000,1140514
5594,54123887,馮彪建設有限公司,臺中市后里區甲后路三段116號2樓,15000000,1140508
5602,54137910,台灣食農安全檢驗股份有限公司,臺中市大肚區南榮路101號,1000000,1140527
5656,54224870,九根有限公司,臺中市西屯區西墩里上墩西街67號,300000,1140515
5663,54238425,星智得綠能源股份有限公司,臺中市北區立人里華美街二段262號5樓之3,6400000,1140513
5667,54247780,皇順企業股份有限公司,臺中市大甲區庄美里興安路142之3號1樓,10000000,1140521
5680,54268623,米成工程有限公司,臺中市南區樹義里樹義二街27號1樓,2000000,1140528
5689,54282603,海恩藝能有限公司,臺中市南屯區大同里大進街30號,2000000,1140513
5747,54348725,富祥國際興業有限公司,臺中市西屯區惠來路三段206號5樓之8,3000000,1140528
5777,54501591,可達股份有限公司,臺中市潭子區大豐里大豐路三段86號,10000000,1140522
5789,54515899,承浥有限公司,臺中市西屯區上安里上仁街68號8樓之1,1344739,1140513
5847,54584375,聖捷友國際有限公司,臺中市后里區義里里甲后路一段128號1樓,5000000,1140508
5849,54591690,寶順生物科技有限公司,臺中市新社區永源里中和街一段8巷1號,1000000,1140527
5850,54593971,昇昌鞋業有限公司,臺中市大雅區三和里龍善二街150號,500000,1140507
5851,54596739,瑞隆投資有限公司,臺中市大甲區岷山里金華路32之1號,18000000,1140522
5852,54602388,川鼎開發股份有限公司,臺中市南區福順里南陽街92號16樓,9500000,1140512
5853,54603773,侑銳有限公司,臺中市南屯區田心里大墩六街360號1樓,4000000,1140527
5854,54604105,祥順環保有限公司,臺中市潭子區嘉豐路1巷2弄5號1樓,200000,1140509
5855,54605097,葦豪有限公司,臺中市南屯區惠弘街96號1樓,4000000,1140528
5856,54606928,千根興業有限公司,臺中市西屯區西墩里上墩西街67號,500000,1140514
5857,54607519,漢泉淨水有限公司,臺中市龍井區東海里藝術南街32號3樓,1000000,1140502
5972,54742563,渼豐行銷有限公司,臺中市北區賴明里漢口路四段35號4樓之1,676000,1140505
5973,54746006,酷鉑國際有限公司,臺中市西區大忠里大忠南街105號1樓,13000000,1140526
5975,54748166,美如有限公司,臺中市南屯區田心里五權西路二段535之1號1樓,300000,1140519
5976,54748308,森手木工有限公司,臺中市大里區永隆里國光路二段557號1樓,2000000,1140528
5977,54748503,鯨海餐飲事業有限公司,臺中市南屯區大墩南路468號1樓,2000000,1140520
5978,54750599,以思視覺品牌顧問有限公司,臺中市北區賴旺里青島西街17號,2000000,1140512
5979,54750887,詠禾檢驗有限公司,臺中市大肚區王田里興和路246號1樓,4000000,1140527
5980,54752983,有本股份有限公司,臺中市沙鹿區福成路255巷8之6號,216000000,1140514
5981,54753033,君瑞精品旅店有限公司,臺中市東區復興路四段100號9樓之1、9樓之2、10樓之1、10樓之2,6000000,1140520
5983,54754292,紳大格國際工程顧問有限公司,臺中市北屯區文心路四段955號14樓之5,10000000,1140522
5984,54754531,宏鑫空調設備股份有限公司,臺中市南屯區大同里大墩七街130號,2500000,1140515
5985,54756279,御勤工程科技有限公司,臺中市烏日區榮泉里健行北一路36號1樓,12000000,1140507
5987,54764828,彤源建設股份有限公司,臺中市西屯區上石里青海路二段210號3樓,10000000,1140514
5988,54767563,古泊有限公司,臺中市南屯區寶山東二街8號10樓之2,2205038,1140513
5989,54768388,兆淞投資有限公司,臺中市西屯區潮洋里臺灣大道三段699號22樓之2,40500000,1140508
5990,54768471,寶祥洋行有限公司,臺中市西屯區工業區九路10號1樓,5500000,1140527
5991,54768845,舜陽興業股份有限公司,臺中市西屯區何成里大墩十八街195號3樓之1,10800000,1140501
5998,54778837,久濬科技有限公司,臺中市大里區新仁里公教街209巷1號,3000000,1140515
6008,54796194,德均股份有限公司,臺中市南屯區惠中里惠文路528號17樓之2,16200000,1140508
6024,54818373,立盛開發股份有限公司,臺中市西區後龍里民權路219號2樓,16000000,1140502
6057,54848242,氣軟工房有限公司,臺中市梧棲區永安里自立路39號,6000000,1140509
6082,54882682,勝安營造股份有限公司,臺中市豐原區中正路342號1樓,12500000,1140514
6083,54883417,達眾投資控股有限公司,臺中市西屯區潮洋里朝富路213號19樓之9,29900000,1140516
6084,54883606,鐸鏵科技有限公司,臺中市太平區育仁路156號1樓,2000000,1140502
6085,54883676,湛藍文創有限公司,臺中市西屯區惠來里市政北七路186號3樓之3,2400000,1140516
6086,54883937,聚愛數位有限公司,臺中市豐原區陽明里自強南街20號1樓,250000,1140513
6087,54884577,鈞翔租賃有限公司,臺中市西屯區寧夏東三街17之1號5樓之5,5000000,1140512
6088,54884653,谷樂森有限公司,臺中市北屯區舊社里南興路358號,2000000,1140505
6089,54886049,集邦有限公司,臺中市北區健行里忠明路424號15樓之4,55000000,1140506
6090,54886076,富升開發股份有限公司,臺中市西屯區西墩里光明路149號1樓,1000000,1140512
6091,54886765,奕泓環境科技股份有限公司,臺中市西屯區大鵬里文心路三段241號16樓之7,5000000,1140513
6092,54887808,協承集成股份有限公司,臺中市中區光復里成功路238之1之20號1樓,25000000,1140526
6093,54888118,菁華美有限公司,臺中市南區永和里五權南一路53號13樓之1,3000000,1140527
6094,54890114,朗格國際實業有限公司,臺中市西區公民里五廊街41號6樓之2,1500000,1140514
6095,54892865,實鎂國際有限公司,臺中市大里區瑞城里塗城路276巷6弄36號1樓,1000000,1140502
6096,54894955,愷崴科技有限公司,臺中市西區後龍里民族路279號4樓,4500000,1140522
6097,54894998,藿香設計室內裝修有限公司,臺中市北屯區松竹路二段86巷28弄22號2樓之2,1200000,1140515
6098,54898740,聯企科技工業有限公司,臺中市大肚區大明五街99號,8000000,1140506
6100,54900605,博斯美學有限公司,臺中市西屯區福恩里工業區一路96之3號,1000000,1140523
6102,54905171,橋智自動化股份有限公司,臺中市大雅區科雅路11號,100000000,1140508
6103,54905453,綵町彩色印刷有限公司,臺中市太平區永隆里光興路608號1樓,700000,1140521
6104,54905572,德圳機械股份有限公司,臺中市后里區民生路439號1樓,16000000,1140512
6105,54906875,宥珈企業有限公司,臺中市北屯區后庄里中清路二段1128巷38號,1000000,1140520
6107,54908634,喜來樂旅行社有限公司,臺中市北屯區松竹北路120號1樓,3000000,1140506
6108,54909057,大垚工程有限公司,臺中市大里區現岱路19號,1000000,1140506
6109,54909606,悍龍有限公司,臺中市沙鹿區鹿寮里光華路308號2樓,1100000,1140501
6139,54953829,鎮至國際有限公司,臺中市潭子區福仁里圓通南路81巷40號10樓,30000,1140509
6194,55205484,祥記實業股份有限公司,臺中市大雅區中清路四段859號,335000000,1140520
6198,55330309,源龍工業股份有限公司,臺中市潭子區中山路3段27號,96000000,1140515
6202,55633649,台灣美濃屋股份有限公司,臺中市潭子區潭秀里南環路19號,10696960,1140515
6205,55645589,南方大旅社有限公司,臺中市豐原區巿前街22號,3000000,1140505
6212,55667979,正三豐機器工業股份有限公司,臺中市潭子區栗林里中山路三段179號,18000000,1140506
6219,55705621,清華股份有限公司,臺中市梧棲區下寮里仁美街255巷48號,10000000,1140514
6221,55709669,東盟通運報關股份有限公司,臺中市梧棲區中興路239號,6000000,1140527
6226,55730500,元谷貨運有限公司,臺中市烏日區烏日里日新街23號,10000000,1140527
6230,55748425,潤鴻企業股份有限公司,臺中市大肚區永和里文昌路1段151巷2號1樓,8000000,1140501
6244,55768385,映聯應用材料股份有限公司,臺中市龍井區忠和里工業路209號,15000000,1140527
6259,55802264,溢泰廚品業股份有限公司,臺中市豐原區翁社里豐年路125巷70號,22517000,1140509
6260,55821419,明源工業股份有限公司,臺中市潭子區頭家里中山路一段257號,120000000,1140528
6266,55850461,功農企業有限公司,臺中市大雅區清陽二路69號,50000000,1140528
6271,55872697,大將作工業股份有限公司,臺中市北區淡溝里臺灣大道二段360號22樓之1,800000000,1140529
6275,55878355,長伸鐵工廠有限公司,臺中市太平區太平里新仁路一段40巷5號,12000000,1140507
6283,55907632,元貝實業股份有限公司,臺中市神岡區神洲里豐工南路50號1樓,27000000,1140527
6284,55912059,振蕭機械工業有限公司,臺中市豐原區東湳里三豐路二段72巷6號,29000000,1140508
6288,55924766,佳陸車業有限公司,臺中市豐原區田心里中山路230號,3100000,1140501
6291,55928708,康立有限公司,臺中市南屯區惠中里文心路一段324號11樓之2,800000,1140502
6297,55949909,鉅宇實業有限公司,臺中市潭子區頭家路97號1樓,2000000,1140519
6302,55963535,正鋒鑄造工業股份有限公司,臺中市神岡區神洲里大明路41號,10000000,1140507
6305,55986571,劦豐鋁業股份有限公司,臺中市潭子區潭富路二段81巷56號,5000000,1140505
6306,55987924,雁翔工業股份有限公司,臺中市豐原區豐田里豐原大道三段286巷90號,5000000,1140508
6307,55995023,立溫新企業股份有限公司,臺中市潭子區栗林里中山路3段305巷50弄9之1號,20000000,1140522
6309,55998632,晟暉水電工程有限公司,臺中市豐原區中陽里直興街45號,6000000,1140521
6310,55998648,朝盟股份有限公司,臺中市大甲區日南里東一街10號,19000000,1140527
6319,56352408,臺灣紡織染整廠股份有限公司,臺中市沙鹿區中山路196巷56之1號1樓,5000000,1140513
6342,56652159,成亨工業股份有限公司,臺中市梧棲區永安里向上路九段586號,28000000,1140522
6345,56676336,忠雄建材有限公司,臺中市沙鹿區四平街53號,9000000,1140501
6353,56708323,資本企業有限公司,臺中市梧棲區大庄里信義街256之1號,1120000,1140523
6355,56803868,佳政企業股份有限公司,臺中市大雅區神林路一段171巷6號,20000000,1140520
6357,56814400,定昇沙發股份有限公司,臺中市神岡區岸裡里大洲路406號,1000000,1140514
6361,57239926,寶隆傢飾股份有限公司,臺中市烏日區中山路三段246號,12000000,1140516
6363,57546115,谷關觀光企業股份有限公司,臺中市和平區博愛里東關路一段溫泉巷6號,97200000,1140528
6372,58140205,晶品物業有限公司,臺中市東區長福東街58號,5050000,1140514
6406,59185432,阿斯嘉有限公司,臺中市潭子區頭家東里中山路一段362巷30號,1300000,1140507
6448,59319586,曜晟實業股份有限公司,臺中市梧棲區永安里向上路九段466巷92號,5000000,1140515
6459,59353423,橋椿金屬股份有限公司,臺中市大雅區科雅路11號,1999941520,1140521
6466,59531927,吉偉企業股份有限公司,臺中市南屯區黎明路二段599號3樓,90000000,1140514
6470,59758613,永程精密機械有限公司,臺中市太平區宜欣里溪洲路199號1樓,1000000,1140501
6471,59790557,北川實業有限公司,臺中市西屯區何仁里文心路三段296之1號4樓,3500000,1140506
6472,59823706,世貿環球投資有限公司,臺中市西屯區逢甲里西屯路二段256巷6號6樓之6,3000000,1140516
6474,59845504,創思特投資有限公司,臺中市西屯區市政北二路282號17樓之7,146465601,1140505
6475,59849635,索伯特有限公司,臺中市潭子區東寶里崇德路四段170巷3號,2000000,1140520
6477,60204627,德富開發有限公司,臺中市西屯區何源里華美西街二段355號,20000000,1140520
6478,60206420,振旺機械貿易有限公司,臺中市太平區成功里東平路123號,1000000,1140519
6479,60206548,鈺蒂有限公司,臺中市西區平和里金山路25之5號,800000,1140526
6480,60217756,泰瑞斯貿易有限公司,臺中市潭子區東寶里崇德路四段170巷3號,5000000,1140521
6481,60222630,演義牛鍋企業有限公司,臺中市北區頂厝里崇德路一段631號16樓之1,20000000,1140505
6482,60229606,行星企業有限公司,臺中市西區臺灣大道二段501號12樓之2,500000,1140515
6483,60237795,允利資源有限公司,臺中市清水區下湳里中華路602之1號,2800000,1140522
6484,60240980,浤瑋科技工程有限公司,臺中市南區樹德里復興北路353號2樓,75000000,1140523
6485,60251732,奇亮科技有限公司,臺中市南屯區春社里嶺東南路76號7樓,10000000,1140505
6486,60252471,晟泰國際股份有限公司,臺中市西屯區工業區二路11號1樓,13000000,1140523
6487,60258502,文藝復興商務中心有限公司,臺中市西屯區逢甲里西屯路二段256巷6號6樓之2,5000000,1140514
6488,60261318,新岩國際股份有限公司,臺中市中區三民路二段42之1號10樓之1,10000000,1140527
6489,60264223,名人道有限公司,臺中市中區大墩里三民路三段13號1樓,3000000,1140514
6490,60265089,大趨勢國際貿易有限公司,臺中市沙鹿區忠貞路291號1樓,2000000,1140522
6492,60271287,卓能源有限公司,臺中市西屯區福和里臺灣大道四段767號6樓之5,1000000,1140505
6493,60274720,長聖國際生技股份有限公司,臺中市大雅區科雅路30號4樓,796336030,1140512
6494,60274910,四方理和顧問有限公司,臺中市西區自由路一段106號2樓之1,350000,1140513
6495,60276776,正旭股份有限公司,臺中市新社區中正里中和街五段33巷57號2樓,20000000,1140506
6496,60277445,琪發企業股份有限公司,臺中市大里區國光路一段147號,21346230,1140507
6498,60282931,金品虹橋餐廳有限公司,臺中市南屯區惠文路469號,23000000,1140520
6499,60283214,臺中捷運股份有限公司,臺中市北屯區舊社里5鄰松竹路一段1000號,3900000000,1140520
6500,60284966,阿里山交通股份有限公司,臺中市北屯區大連路三段18號5樓之12,73000000,1140519
6501,60287020,欣華國際貿易有限公司,臺中市西區民龍里臺灣大道二段186號20樓之5,5000000,1140527
6502,60299784,原人股份有限公司,臺中市西區臺灣大道二段2號11樓之6,15000000,1140507
6503,60300311,崴凱生命股份有限公司,臺中市北區金龍里金龍街29巷10號1樓,1000000,1140526
6504,60303957,翰寶電子股份有限公司,臺中市南區樹義里福田路222號1樓,10000000,1140509
6505,60311366,千裕企業有限公司,臺中市龍井區沙田路六段283號2樓,600000,1140523
6507,60325690,景達國際企業有限公司,臺中市南區平和里美村路二段392號1樓,2000000,1140501
6508,60326918,護佳生醫股份有限公司,臺中市北區崇德路一段629號20樓之1,5000000,1140519
6509,60328459,威而森工業股份有限公司,臺中市西屯區逢福里櫻城三街60號1樓,100000,1140519
6510,60330027,富市管理顧問有限公司,臺中市西屯區西安里逢明街95號3樓之1,30000,1140512
6511,60350091,亞米資訊有限公司,臺中市南屯區大業路241號3樓之1,2000000,1140506
6512,60350769,華立棠有限公司,臺中市北區中清路一段80號7樓之15,190000,1140515
6513,60361739,冠傑開發股份有限公司,臺中市烏日區五光路112號1樓,26000000,1140514
6515,60377486,永沅冷凍海鮮有限公司,臺中市西屯區工業區一路2巷5號1樓,700000,1140526
6516,60384310,富悅人生有限公司,臺中市大里區中新里新生路171巷11弄1號4樓,1000000,1140515
6517,60385232,泓湖企業有限公司,臺中市北屯區平安里北平路四段20之3號,1000000,1140519
6518,60469648,康曜生物科技股份有限公司,臺中市西區公民里貴和街151號,5000000,1140506
6519,60477627,穎禎有限公司,臺中市東勢區泰興里石城街石嵙巷186號,3000000,1140505
6520,60538906,億辰光電有限公司,臺中市北屯區昌平東五路13號,56750000,1140522
6535,60678374,利茼有限公司,臺中市南屯區文心路一段186號6樓之11,1000000,1140519
6536,60678389,和煥有限公司,臺中市西屯區漢口路二段151號14樓之3,300000,1140512
6537,60678965,台灣智騎國際有限公司,臺中市潭子區甘蔗里勝利十街46號1樓,1000000,1140516
6538,60679057,勤學教育事業股份有限公司,臺中市中區綠川里民族路23號4樓之2,1000000,1140502
6539,60679346,旭川企業有限公司,臺中市西區民龍里臺灣大道二段285號4樓之2,2000000,1140519
6540,60679394,融益財富股份有限公司,臺中市西屯區黎明路二段860巷28號,6080000,1140505
6541,60679599,益起好有限公司,臺中市北區錦平里中華路二段112巷17號1樓,1200000,1140505
6542,60679774,穩營投資股份有限公司,臺中市北屯區水湳里文心路三段447號22樓之2,1000000,1140512
6570,60690089,宏邦永續科技股份有限公司,臺中市北屯區大連路二段9號2樓,3000000,1140509
6576,60694986,昌海食品有限公司,臺中市南屯區大進街311號地下1樓,2500000,1140505
6577,60696008,燈燈行銷有限公司,臺中市豐原區豐西里瑞安街156號4樓之2,1000000,1140509
6578,60696226,銘佑利有限公司,臺中市西區和龍里臺灣大道二段2號18樓之1,30000,1140512
6586,60709307,上讚健康服務股份有限公司,臺中市太平區新明街67號1樓,110000,1140505
6587,60709427,創富不動產經紀有限公司,臺中市西屯區中清路二段1260號,800000,1140522
6588,60709593,橙杺國際有限公司,臺中市南屯區三義里黎明路二段586之4號,200000,1140523
6589,60709691,彼恩室內裝修有限公司,臺中市西屯區惠來里市政北七路186號5樓之2,500000,1140513
6590,60709931,京鼐投資股份有限公司,臺中市西區華美街18號2樓,55940000,1140501
6591,60709968,晨晟媒合有限公司,臺中市北區立人里陜西路108號15樓之2,2500000,1140523
6592,60710803,順耀事業有限公司,臺中市北區進化北路238號8樓之1,500000,1140512
6608,60717242,西寶建設有限公司,臺中市西屯區青海南街199號10樓之1,400000,1140522
6609,60718376,青空八四空間計劃有限公司,臺中市大肚區王田里王福街438巷53號,500000,1140527
6610,60718495,鋒迪亞股份有限公司,臺中市西屯區潮洋里市政北二路236號20樓之1,1000000,1140502
6611,60718565,允泰實業股份有限公司,臺中市西屯區何厝里四川路87號地下一層之20,1000000,1140515
6612,60718621,米達斯有限公司,臺中市西屯區何成里大墩路901號2樓,55939769,1140512
6613,60718713,寶輝精銳有限公司,臺中市北屯區四平路35號4樓、5樓、6樓,2000000,1140509
6614,60718930,映沐新媒體有限公司,臺中市西屯區漢口路二段151號9樓之6,50000,1140508
6615,60719109,盛波特投資有限公司,臺中市西屯區市政北五路188號25樓,23750000,1140514
6616,60719184,炬勝國際股份有限公司,臺中市南屯區新富路359號,50000,1140515
6624,60721359,全方位物流倉儲有限公司,臺中市后里區甲后路二段325號,500000,1140514
6625,60722272,鑫喬國際投資有限公司,臺中市南屯區南屯里五權西路二段666號6樓之4,1000000,1140516
6626,60722414,愛子翫學有限公司,臺中市北屯區山西北一街128號4樓,300000,1140505
6627,60722857,幸運起點股份有限公司,臺中市南區樹德里德祥街15巷3號2樓,10000000,1140513
6651,60742158,唯買實業有限公司,臺中市北區賴興里文心路四段208之1號7樓之2,300000,1140513
6652,60742262,恩沐生物科技股份有限公司,臺中市梧棲區頂寮里大仁路二段60號1樓,300000,1140505
6653,60742306,享樂助健康股份有限公司,臺中市豐原區田心路二段272巷22號1樓,5000000,1140513
6654,60742349,昌申科技股份有限公司,臺中市豐原區南村里豐東路362號2樓,15000000,1140509
6655,60743086,痞客科技有限公司,臺中市西區民龍里臺灣大道二段186號14樓之1,6555000,1140515
6656,60743184,裕橙國際餐飲股份有限公司,臺中市北區賴村里健行路532號1樓,100000,1140505
6660,60743831,逸俊營造股份有限公司,臺中市西區五權七街112巷2號6樓,22500000,1140508
6673,60750311,伍参創想股份有限公司,臺中市南屯區大墩十四街115號6樓之8,15000000,1140515
6674,60750446,裕鎵有限公司,臺中市南屯區惠中里文心路一段324號11樓之2,500000,1140506
6675,60751085,夢保有限公司,臺中市西屯區潮洋里市政北二路236號20樓之1,1000000,1140513
6676,60751753,沃馬仕有限公司,臺中市東區樂業南路198號,1000000,1140526
6677,60752063,寬門國際股份有限公司,臺中市西屯區潮洋里市政北二路282號21樓之11,100000,1140528
6678,60752113,美科鴻霆通訊科技股份有限公司,臺中市西屯區臺灣大道四段925號4樓之2,2950019,1140514
6684,60754392,琢沐室內裝修有限公司,臺中市北區崇德路一段631號16樓之2,1000000,1140507
6685,60754528,大耕傳媒國際有限公司,臺中市南區復興路三段2巷5弄22號1樓,500000,1140514
6686,60754800,庫畢班股份有限公司,臺中市大里區大里路83號3樓之2,2500000,1140526
6694,60757855,宥儒有限公司,臺中市北區健行里忠明路424號5樓之4,500000,1140522
6700,60764997,承廷投資有限公司,臺中市北區衛道三街1號1樓,100000,1140520
6701,60765004,富橙茶業有限公司,臺中市北屯區和平里和祥街62號1樓,290000,1140520
6723,60778373,亮睿有限公司,臺中市中區民族路23號4樓之2,500000,1140512
6724,60778649,中深有限公司,臺中市南區和平里忠明南路758號17樓,1000000,1140509
6725,60778958,社會識社創策略有限公司,臺中市北區賴興里文心路四段208之1號7樓之2,1000000,1140513
6726,60779197,豐沐國際投資股份有限公司,臺中市西區忠誠里臺灣大道二段501號16樓之1,29000000,1140521
6767,60797126,沐光國際生育光股份有限公司,臺中市北屯區松竹路一段1之10號,14000000,1140521
6768,60797131,永捷營造股份有限公司,臺中市北區中清路一段89號8樓之6至8樓之8,22500000,1140526
6769,60797202,志強煤氣股份有限公司,臺中市西屯區市政北二路282號11樓之1,200000,1140521
6770,60797462,圓邸室內裝修設計有限公司,臺中市西屯區市政北七路186號20樓之9,500000,1140527
6771,60797863,千澤室內裝修設計有限公司,臺中市南區和平里復興路二段64巷3號1樓,100000,1140501
6773,61122504,大富得地產開發股份有限公司,臺中市西區公正里精誠路412號1樓,28000000,1140506
6774,61261391,品奇生醫科技有限公司,臺中市西區臺灣大道二段16號18樓之5,10000000,1140501
6777,61299376,尹拉客瓦斯有限公司,臺中市新社區大南里中和街二段445號1樓,1000000,1140520
6778,61438308,立明板金股份有限公司,臺中市豐原區南嵩里北陽路389之2號,17000000,1140515
6779,61752100,宏立祥有限公司,臺中市大雅區神林南路116號1樓,3002000,1140523
6782,61766651,金禾豐開發有限公司,臺中市神岡區豐洲里五權路88巷25號1樓,5000000,1140527
6783,61772160,東睿材科股份有限公司,臺中市南屯區東興路二段186號12樓之5,44000000,1140528
6784,61781914,高德投資股份有限公司,臺中市中區大誠里光復路150號1樓,27000000,1140515
6785,61783906,創智慧數位行銷有限公司,臺中市北屯區崇仁街58巷41號1樓,5450000,1140514
6786,61803585,寶沅有限公司,臺中市西屯區大鵬里文心路三段241號14樓之1,1680000,1140516
6787,61808316,大鈞開發事業有限公司,臺中市西屯區永安里國安一路105號12樓之5,500000,1140508
6788,61812347,浤鉅開發實業有限公司,臺中市中區民族路23號4樓之2,6688000,1140516
6789,61813818,鑫資工程有限公司,臺中市太平區新吉里樹孝路274巷20之4號5樓,500000,1140514
6790,61816293,豐特國際有限公司,臺中市大安區中山北路358號,1000000,1140523
6792,61835398,沃瑪工程有限公司,臺中市北區文心路四段200號8樓之8,5000000,1140515
6793,61838281,宇學股份有限公司,臺中市南屯區永春東七路517號4樓,29500000,1140522
6794,61838830,佛子願事業股份有限公司,臺中市北區頂厝里進化北路238號10樓之3,5000000,1140513
6796,61850453,昇紘工業有限公司,臺中市清水區中山路539之22號,3000000,1140512
6797,61868502,善水源科技有限公司,臺中市太平區永成里永成北路296巷12號,2000000,1140519
6798,61902369,呈展弱電工程有限公司,臺中市西區臺灣大道二段186號14樓之1,100000,1140519
6801,61914610,掬菓有限公司,臺中市南屯區文山里向上路五段51號11樓之1,750000,1140505
6802,61914822,泉州水產有限公司,臺中市東區東南街68號1樓,700000,1140522
6803,61916666,大兆良控股股份有限公司,臺中市南屯區南屯里黎明東街60號1樓,28000000,1140527
6804,61917335,聯楷國際開發有限公司,臺中市西屯區臺灣大道三段789號3樓之2,13000000,1140528
6805,61925428,豐余廣告企劃有限公司,臺中市北屯區松竹北二街51號12樓之5,4000000,1140522
6807,61938789,橙藝空間藝文有限公司,臺中市西區大忠南街55號4樓之1,150000,1140506
6808,61954008,大好國際貿易有限公司,臺中市西區臺灣大道二段186號14樓之1,501000,1140514
6809,61955463,小雅資管有限公司,臺中市南屯區永春東五路11號1樓,10000000,1140501
6811,61956131,淂鋒環保有限公司,臺中市西屯區何南里東興路三段381號5樓之3,3000000,1140501
6813,62072572,龍瑞國際股份有限公司,臺中市南屯區同心里文心路一段218號8樓之1,10000000,1140512
6814,62224971,宜光資產有限公司,臺中市南屯區永春東三路39號2樓,2000000,1140522
6815,62591933,靖成科技有限公司,臺中市西屯區林厝里福雅路608號,150000,1140522
6816,62643209,儒依有限公司,臺中市南屯區同心里文心路一段186號20樓,500000,1140515
6817,62659813,萬兆室內裝修設計有限公司,臺中市南屯區益豐路三段305號,2000000,1140521
6821,63100061,宇晴精密股份有限公司,臺中市豐原區圳寮里中山路620號2樓,27200000,1140506
6822,63220973,瑞方精密工業有限公司,臺中市大里區草堤路233巷7號,3000000,1140516
6823,63264423,立昌科技有限公司,臺中市龍井區新東里新興路59巷13號,3500000,1140515
6824,63269709,程羽股份有限公司,臺中市烏日區環河路一段958號,12000000,1140506
6825,63274506,盛成有限公司,臺中市大里區立德里華城街55巷3號1樓,1600000,1140523
6827,63728205,神林實業有限公司,臺中市潭子區大豐里崇德路五段251號1樓,16000000,1140507
6828,63801774,普羅傑有限公司,臺中市北區建興里大義街66之1號1樓,3000000,1140502
6829,64143102,鴻展汽車有限公司,臺中市沙鹿區忠貞路200巷8號1樓,2000000,1140509
6831,64207301,織創流行科技有限公司,臺中市南屯區春社里精科中一路28號3樓,25000000,1140514
6832,64216300,意定服務諮詢管理顧問股份有限公司,臺中市西區忠明里博館路117號3樓之3,1500000,1140520
6833,64243046,威廉工程有限公司,臺中市潭子區福仁里圓通南路159巷19號1樓,12000000,1140502
6835,64485206,群助營造有限公司,臺中市南屯區東興路二段186號9樓之5,7000000,1140512
6842,64867669,碧海天際企業股份有限公司,臺中市北區美德街362號1樓,28000000,1140508
6889,66452406,宏昌國際科技有限公司,臺中市西區民龍里臺灣大道二段186號14樓之1,310000,1140516
6928,66656416,半藏商事有限公司,臺中市西屯區大墩十九街121號4樓,500000,1140512
6979,69263029,巨億有限公司,臺中市北區崇德路一段631號16樓之2,1000000,1140516
7001,69425805,彩藜有限公司,臺中市北屯區旅順路一段2號6樓,2000000,1140509
7016,69563200,秬豐工程有限公司,臺中市烏日區榮泉里健行北路3號,6000000,1140505
7046,69699298,映象實業股份有限公司,臺中市南屯區春社里永春北路79號8樓,5000000,1140509
7136,70508705,崎鈺設計印刷有限公司,臺中市南區福順里南昌街66號5樓,2000000,1140526
7144,70530277,長瑩科技股份有限公司,臺中市南屯區向上路二段330之7號1樓,10000000,1140508
7170,70585809,茂穎實業股份有限公司,臺中市龍井區忠和里工業路188巷38號,20000000,1140501
7171,70589381,達豐餘企業有限公司,臺中市大里區塗城里光正路212巷21弄27號1樓,1000000,1140515
7172,70594005,兆申機電工程有限公司,臺中市西區大忠里五權西路一段257號17樓,600300000,1140508
7174,70603068,興隆成工業有限公司,臺中市大雅區橫山里振興一路21號,15000000,1140506
7178,70612593,美力健國際有限公司,臺中市西屯區何仁里重慶路289之2號,1000000,1140502
7183,70619792,凱崴能源股份有限公司,臺中市南區樹德里東興路一段25巷19號1樓,77000000,1140501
7184,70619955,竹必佳股份有限公司,臺中市西屯區惠來里巿政北一路77號15樓之2,28000000,1140527
7188,70626771,凌嘉科技股份有限公司,臺中市西屯區林厝里科園一路16號,749920120,1140523
7189,70628390,精光堂國際股份有限公司,臺中市西屯區惠來里臺灣大道三段320號1樓,120000000,1140528
7192,70640248,特品國際股份有限公司,臺中市烏日區溪南路一段126巷395弄311號1樓,40000000,1140507
7198,70669440,利洋國際科技有限公司,臺中市西區昇平里民生路492號1樓,10000000,1140516
7208,70700701,瑋晨工程有限公司,臺中市沙鹿區星河路445之2號,1000000,1140516
7219,70732598,三主興興業股份有限公司,臺中市大安區福興里中松路255號,1000000,1140523
7223,70739950,台灣赫可製造股份有限公司,臺中市大甲區中山路二段899號,13957780,1140506
7224,70740226,毅誠工程有限公司,臺中市龍井區忠和里龍昌路18巷146號,6000000,1140516
7225,70741647,佑全藥品股份有限公司,臺中市西屯區福和里臺灣大道四段925號20樓之1,449855000,1140520
7266,72190887,拓邦營造股份有限公司,臺中市南區忠明南路758號25樓,48000000,1140521
7304,79957040,磁震科技開發股份有限公司,臺中市梧棲區經一路21號,438462370,1140505
7308,79961966,和敬工程股份有限公司,臺中市豐原區社皮里圓環西路23號3樓,10000000,1140502
7312,79972653,尚達國際專利商標有限公司,臺中市南區福順里南昌街50號,500000,1140509
7316,79979353,協剛模具股份有限公司,臺中市大肚區沙田路二段310巷2之1號,28000000,1140528
7333,80060541,昱碩國際有限公司,臺中市北屯區文心路四段955號11樓之2,2000000,1140516
7334,80060633,益昌電器承裝工程有限公司,臺中市豐原區豐田里田心路二段267中巷58號,1000000,1140526
7342,80071110,沃克資訊有限公司,臺中市南區福平里柳川東路一段5號13樓,500000,1140508
7352,80091609,高速事業股份有限公司,臺中市南屯區新生里向上路三段418號、418之1號,228000000,1140520
7364,80111942,建升營造有限公司,臺中市霧峰區柳豐六街7號1樓,28000000,1140502
7368,80120533,鑫龍科技有限公司,臺中市西區臺灣大道二段181號地下一層,1000000,1140528
7370,80124427,匯徠國際物流股份有限公司,臺中市南屯區五權西路二段236號17樓之2,7500000,1140505
7375,80141517,豐禾形象策略有限公司,臺中市南屯區三和里黎明路二段359之2號1樓,5500000,1140526
7400,80195506,登鼎企業開發有限公司,臺中市北屯區文心路三段1057號4樓,6000000,1140502
7416,80227649,馨全有限公司,臺中市大里區仁化里仁堤路15號1樓,5000000,1140502
7417,80228181,大毅行旅股份有限公司,臺中市西區安龍里英才路601號,400000000,1140506
7418,80228598,寶御營建工程股份有限公司,臺中市南屯區黎明東街368號5樓,20000000,1140527
7422,80237490,義豐欣企業股份有限公司,臺中市南屯區寶山里忠勇路168之8號,23000000,1140501
7425,80249073,納威實業有限公司,臺中市北屯區東山路一段210巷29弄3號1樓,1000000,1140502
7445,80311189,加安電腦有限公司,臺中市南區福順里忠明南路789號39樓之1,5000000,1140521
7451,80327627,陞和能源有限公司,臺中市新社區中和街五段72巷7號,2100000,1140519
7470,80396074,景泰科技有限公司,臺中市北區健行里民權路559號3樓之1,500000,1140527
7472,80397926,立愷投資股份有限公司,臺中市西屯區惠來里市政路9號16樓之5,280000000,1140515
7485,80429568,聯蕭機械工業有限公司,臺中市神岡區國豐路一段106號,10000000,1140502
7487,80439448,晁揚室內裝修實業有限公司,臺中市北區錦洲里國豐街126號,25000000,1140527
7491,80448777,達音創研股份有限公司,臺中市大里區東湖里科技路1號9樓之3,18980000,1140501
7492,80451060,邱四德實業股份有限公司,臺中市北區梅亭街492號1樓,18000000,1140509
7496,80461454,周立油漆有限公司,臺中市北區文莊里文武街29號1樓,1000000,1140521
7501,80466232,億鑫真空蒸著股份有限公司,臺中市大雅區上楓里前村路101號,2000000,1140519
7502,80466535,蔣瓚股份有限公司,臺中市西屯區西墩里上墩路375號,5000000,1140521
7503,80468941,大樹防災實業有限公司,臺中市北屯區仁美里昌平東七路575巷58號4樓,2000000,1140526
7510,80475393,尚圓廣告有限公司,臺中市潭子區栗林里豐栗路57號,3500000,1140505
7544,80554679,美怡健生技有限公司,臺中市西屯區寧夏路195之2號,1000000,1140502
7556,80577357,穩順精密有限公司,臺中市南區樹德里大慶街二段15巷21號,500000,1140521
7557,80579685,久禾光電股份有限公司,臺中市西屯區工業區六路8號3樓,467428920,1140527
7558,80580091,易欣貿易有限公司,臺中市沙鹿區中山路557之9號,5000000,1140509
7569,80618821,鉅工國際股份有限公司,臺中市西屯區工業區二路11號,4000000,1140523
7617,80713923,恒宇機械工業有限公司,臺中市大里區西湖里中山路429號,5000000,1140506
7621,80717370,足好有限公司,臺中市東區自由路四段379號1樓,1000000,1140528
7624,80731366,勝緯科技有限公司,臺中市北屯區松順一街21號1樓,1500000,1140502
7626,80731838,鉅樺工程顧問有限公司,臺中市南區南平一街127號,5000000,1140514
7629,80734434,富灥旅行社有限公司,臺中市大雅區永和路134之6號1樓,6000000,1140501
7630,80738683,台灣國際開發事業有限公司,臺中市西區英才路470巷12號4樓之9,70000000,1140522
7639,80749350,偉成經典生技國際貿易股份有限公司,臺中市沙鹿區星河路567號,25000000,1140528
7660,82764314,安旭寶貿易有限公司,臺中市外埔區大東里甲后路五段258巷28號1樓,2500000,1140502
7661,82764953,寶川科技有限公司,臺中市西屯區朝富路213號17樓之6,1000000,1140513
7662,82766018,禾芯全球股份有限公司,臺中市大里區東湖里中興路一段159之1號3樓,16000000,1140513
7665,82770287,托特森有限公司,臺中市西屯區福和里臺灣大道四段925號18樓之6,500000,1140501
7666,82770842,新易智整合行銷有限公司,臺中市西屯區中工二路22號1樓,2000000,1140527
7670,82777182,夢來海外留遊學有限公司,臺中市西區忠明南路303號10樓之3,1000000,1140501
7671,82777818,融璽營造工程有限公司,臺中市霧峰區吉峰里民生路296巷2之2號1樓,12000000,1140516
7672,82777893,與誠科技股份有限公司,臺中市烏日區三和里三榮六路35號,50000000,1140512
7673,82778513,隆程工程有限公司,臺中市梧棲區頂寮里四維中路333號1樓,2000000,1140501
7674,82778669,茗家有限公司,臺中市大里區仁德里仁化路715號1樓,500000,1140520
7675,82779999,廣香公益股份有限公司,臺中市西屯區西屯路二段256巷6號9樓之10,4950000,1140519
7676,82780200,寅翊智造股份有限公司,臺中市西屯區工業區三十五路9號1樓,60000000,1140505
7679,82784304,搞之訊科技有限公司,臺中市北屯區文心路四段955號12樓之1,2000000,1140507
7680,82784629,勁鉞有限公司,臺中市南屯區精科中路22號2樓,58000000,1140527
7681,82784846,晶翔國際有限公司,臺中市大肚區大肚里自由路381號1樓,600000,1140513
7682,82785134,宏魁有限公司,臺中市北區賴村里進化北路369號9樓,2400000,1140505
7683,82785916,伊小間室內裝修設計有限公司,臺中市南屯區同心里文心路一段218號14樓之5,2000000,1140528
7685,82786696,久典實業有限公司,臺中市北區立人里陝西二街31號,1800000,1140523
7686,82786886,新寵兒寵物股份有限公司,臺中市西區民龍里臺灣大道二段239號13樓,10000000,1140528
7687,82787180,育曜有限公司,臺中市西屯區何南里東興路三段381號5樓之3,666666,1140506
7688,82787484,楷程企業有限公司,臺中市大雅區楓林街192號8樓之3,1000000,1140507
7691,82789976,銳翰精密機械有限公司,臺中市潭子區大富路三段45巷29號,15550000,1140516
7692,82790468,海珹股份有限公司,臺中市清水區北堤路50號,130000000,1140509
7693,82791558,同行致遠管理顧問有限公司,臺中市西區民龍里英才路470巷12號2樓之8,500000,1140523
7694,82791939,永益發建設股份有限公司,臺中市梧棲區民族路775號,500000,1140513
7695,82792472,昱蓁生技科技有限公司,臺中市西屯區大安西街60巷1號3樓,100000,1140501
7696,82794274,農道科技股份有限公司,臺中市西區美村路一段22號7樓之4,15151000,1140523
7697,82795604,成真國際股份有限公司,臺中市北區華興街59號1樓,800000,1140520
7710,82804630,禾達豐有限公司,臺中市北屯區廍子里和順一街7之1號1樓,4100000,1140527
7711,82804688,華萱茶行有限公司,臺中市北屯區平昌里昌平路一段238號1樓,2500000,1140501
7712,82804809,元萃數據科技股份有限公司,臺中市西屯區朝富路213號9樓之9,30000000,1140508
7713,82805574,光森有限公司,臺中市太平區成功里成功東路366號1樓,5000000,1140501
7714,82805618,酒寯有限公司,臺中市西屯區市政北七路186號3樓之３,500000,1140528
7715,82805906,遊子緣有限公司,臺中市梧棲區草湳里建國北街287巷71號1樓,6000000,1140521
7716,82806428,東佳興建設股份有限公司,臺中市南屯區寶山里文山十街88號5樓之10,25000000,1140526
7731,82812499,動澤運動媒體行銷股份有限公司,臺中市東區公園東路130號2樓之1,660000,1140527
7742,82820364,益肸胞生醫股份有限公司,臺中市大雅區橫山里科雅路6號,47533330,1140527
7743,82821407,脩昕有限公司,臺中市西區民龍里臺灣大道二段131號9樓,5000000,1140507
7747,82824489,英曼瑟博投資有限公司,臺中市西屯區西安街277巷4弄33號2樓,21360000,1140523
7748,82826114,捌捌玖玖超跑租賃股份有限公司,臺中市南屯區新生里龍富路四段50號1樓,200000000,1140514
7749,82826418,汪蒲興業有限公司,臺中市豐原區保康路66巷22號8樓,350000,1140516
7750,82827660,寰宇宏科技股份有限公司,臺中市西區臺灣大道二段375號12樓之1,23370138,1140506
7755,82829843,百花堂文藝有限公司,臺中市西區美村路一段376巷11號1樓,3000000,1140521
7757,82831405,愷婕國際有限公司,臺中市南屯區惠文路526號24樓之1、24樓之2,135000000,1140506
7758,82831947,跑腿兄弟股份有限公司,臺中市西屯區西苑三街180號2樓,3460000,1140516
7759,82832299,順士營造工程有限公司,臺中市西屯區何安里四川三街65號1樓,12000000,1140520
7769,82839151,肯氏吊扇國際有限公司,臺中市大雅區楓林街186巷3號1樓,11320000,1140516
7770,82841092,大宸企業有限公司,臺中市神岡區社口里文昌街379號,3000000,1140520
7771,82842120,劦鑫自動化科技有限公司,臺中市龍井區三德里中厝路16巷5號,5000000,1140526
7772,82842304,上好生技股份有限公司,臺中市潭子區潭興路二段36巷83號2樓,10000000,1140514
7780,82846049,站前雅築股份有限公司,臺中市中區大墩里三民路三段13號1樓,30000000,1140514
7781,82846081,星曜實業股份有限公司,臺中市中區三民路三段19號、23號,56000000,1140502
7793,82858109,瑞勝室內裝潢有限公司,臺中市西屯區西安里西屯路二段297之8巷12弄10號5樓之7,3000000,1140523
7794,82859389,摩艾雲股份有限公司,臺中市西屯區潮洋里朝富路213號19樓之9,100000,1140508
7795,82859439,宇泉資融股份有限公司,臺中市西屯區文心路二段201號11樓之3,12500000,1140520
7796,82859557,璽藏茶飲股份有限公司,臺中市西區公益路93號1、2樓,47880490,1140527
7797,82861462,宥心開發有限公司,臺中市北屯區景和街222號1樓,500000,1140527
7798,82861701,羽笠餐館有限公司,臺中市東區富仁里雙十路一段6之9號1樓,2500000,1140506
7804,82864427,興圓發股份有限公司,臺中市南屯區干城街115巷4弄12號1樓,25000000,1140501
7813,82873452,大進食品股份有限公司,臺中市大里區大明里大明路162號1樓、2樓,4500000,1140519
7814,82873489,品昕國際企業股份有限公司,臺中市西屯區河南路四段215號,60000000,1140523
7815,82874017,永泰國際投資股份有限公司,臺中市南屯區大進街536之6號12樓,33700000,1140519
7817,82874396,霜圖國際貿易有限公司,臺中市北屯區綏遠路二段192之1號,1000000,1140526
7818,82874591,盈榮國際有限公司,臺中市南屯區向心南路892巷45號1樓、47號1樓,5000000,1140514
7819,82875557,凱俊建設股份有限公司,臺中市沙鹿區鹿寮里光華路308號3樓,25000000,1140519
7843,82893555,艾康明生醫科技股份有限公司,臺中市西屯區潮洋里黎明路二段798號,180000000,1140519
7844,82894560,振鈺數位服務股份有限公司,臺中市北屯區水湳里文心路三段447號31樓,450000000,1140528
7845,82895189,彭王傢廚有限公司,臺中市梧棲區八德路13號,2500000,1140505
7846,82895414,興達數位股份有限公司,臺中市南屯區文心路二段201號18樓之5,3000000,1140522
7848,82895809,欣隆廣告工程有限公司,臺中市南區樹義里復興路一段152巷2號2樓,5000000,1140507
7872,82914192,沛岑國際有限公司,臺中市南屯區豐樂里豐昌街82號2樓,500000,1140528
7873,82915930,鎰超精密機械股份有限公司,臺中市豐原區豐圳里圓環西路68號13樓之2,63000000,1140514
7891,82929977,柏邦國際有限公司,臺中市南區福順里建國南路二段60號,2000000,1140509
7892,82930030,吉麟小貨車租賃有限公司,臺中市北屯區北京里天祥街97號1樓,7500000,1140509
7893,82930263,永順元消防設備有限公司,臺中市豐原區下街里源豐路132號1樓,150000,1140528
7894,82930539,呈易科技有限公司,臺中市沙鹿區鎮南路二段215巷33弄8號1樓,1000000,1140526
7895,82932375,宏迎車業有限公司,臺中市北區文莊里中清路一段25巷7號地下1層,1000000,1140527
7924,82960884,金銨科技有限公司,臺中市西區公益路161號12樓之1,4000000,1140516
7928,82963046,宇昇烘焙事業有限公司,臺中市大肚區遊園路一段3巷1弄5號,2800000,1140501
7934,82969148,安廷事業有限公司,臺中市西區忠明里博館路181號,3000000,1140521
7935,82969219,誠德營造股份有限公司,臺中市北屯區崇德路二段130號9樓,23000000,1140521
7953,82980903,桓興綠能股份有限公司,臺中市南屯區大墩西一街12之2號1樓,16680000,1140522
7954,82981419,兆呈股份有限公司,臺中市北區淡溝里臺灣大道二段360號7樓之5,2000000,1140513
7955,82981656,耿將食品有限公司,臺中市中區公園里中山路119號,9000000,1140507
7956,82981847,創誠富業有限公司,臺中市西區中興路183號4樓之1,50000,1140527
7957,82982677,展旺國際顧問有限公司,臺中市沙鹿區六路五街73號1樓,5000000,1140507
7958,82983253,天貓集運有限公司,臺中市西區忠誠里忠明南路16號6樓之7,200000,1140502
7969,82986322,宜聯投資有限公司,臺中市北區立人里華美街二段262號5樓之3,3000000,1140522
7970,82987434,爾本科技有限公司,臺中市南區忠明南路789號33樓,3000000,1140507
7971,82987526,巨寶國際企業有限公司,臺中市西區公德里精誠三十街11號4樓之6,5000000,1140502
7979,82992823,嵩昊國際貿易有限公司,臺中市南屯區五權西路二段666號12樓之7,3100000,1140506
7997,83000717,沃盛資本股份有限公司,臺中市南屯區文心路一段324號14樓之1,20000000,1140505
7998,83001595,瀛豐生技股份有限公司,臺中市北屯區松竹里崇德路二段346巷25弄6號2樓,16000000,1140513
8014,83013950,郁泰企業有限公司,臺中市大里區金城里鳳城街98號12樓,2000000,1140519
8015,83014064,廣大管理顧問有限公司,臺中市東區進德路90號2樓,1000000,1140514
8016,83014091,哈妮餐飲有限公司,臺中市北區健行里忠明路424號5樓之1,500000,1140502
8017,83014183,萬百眾健康生技有限公司,臺中市北屯區文心路四段955號10樓之2,100000,1140505
8018,83014260,福恆投資實業股份有限公司,臺中市南屯區惠中里大墩十二街266號3樓,5000000,1140513
8019,83014748,山景企業有限公司,臺中市中區民族路189號,500000,1140507
8020,83016416,饗麻樂業有限公司,臺中市東區進德路600號,1000000,1140505
8021,83016823,厚浪貿易有限公司,臺中市北區光大里中清路一段80號7樓之15,31000,1140513
8039,83023893,粒沙貝兒創藝有限公司,臺中市北屯區平和里文心路四段141之4號,2000000,1140505
8040,83024008,鑫紳士有限公司,臺中市西屯區華夏巷西五弄53號1樓,120000,1140523
8042,83024274,鉦茂供應鏈有限公司,臺中市西屯區何源里成都路158號,7500000,1140509
8043,83024817,既明顧問股份有限公司,臺中市南屯區豐樂里文心南路227號9樓之15,2000000,1140505
8044,83025560,准發有限公司,臺中市北區光大里中清路一段80號3樓之22,31000,1140523
8045,83025822,欣亦工程有限公司,臺中市沙鹿區埔子里正英路21號1樓,500000,1140505
8046,83027005,潮返書店有限公司,臺中市中區公園里中山路131號,4000000,1140505
8053,83029974,阿咪阿迷跟鞋股份有限公司,臺中市南區福興里五權南路167號地下一層樓之6,7000000,1140519
8077,83042667,双爾國際有限公司,臺中市西區忠明里長春街30號,500000,1140502
8078,83043217,齊悅有限公司,臺中市西屯區潮洋里市政北二路238號27樓之1,6000000,1140527
8079,83043286,橙締股份有限公司,臺中市南屯區惠中里惠中路三段69號5樓,48500000,1140528
8136,83082153,申生有限公司,臺中市神岡區圳堵里中平路208號,100000,1140515
8137,83082626,亞崙生技有限公司,臺中市神岡區中山路1570號,2000000,1140528
8143,83086159,晨曦不動產有限公司,臺中市北區五常里柳川東路四段109號2樓,300000,1140516
8144,83086735,左右有限公司,臺中市太平區太平里永豐路206號,3000000,1140516
8145,83087143,慧林工程有限公司,臺中市潭子區家興里中山路一段7巷23號1樓,2500000,1140516
8146,83087880,大鼓呆文創有限公司,臺中市南屯區惠中里文心路一段324號11樓之1,600000,1140527
8154,83091370,協發投資股份有限公司,臺中市西屯區惠來里文心路二段201號16樓之6,16804600,1140506
8184,83121748,全洲股份有限公司,臺中市北屯區平安里崇德路二段128號4樓之1,15000000,1140515
8185,83125076,寶輝金瓚有限公司,臺中市西區民龍里英才路512號6樓,7000000,1140523
8189,83131801,興昇霖開發建設有限公司,臺中市龍井區臺灣大道五段211號1樓,15000000,1140512
8191,83135861,淯釩精密科技有限公司,臺中市潭子區新田里豐興路二段龍興巷23之21號1樓,1000000,1140519
8193,83141028,英商雪莉帕森專業服務有限公司,臺中市西區英才路530號9樓之1,5000000,1140523
8201,83144756,瀀霓科技股份有限公司,臺中市大里區東興里國光路二段702之11號,2000000,1140507
8207,83150692,方雪資本有限公司,臺中市西區忠誠里臺灣大道二段489號31樓,14000000,1140514
8208,83151051,智翔機械有限公司,臺中市西屯區重慶路403號1樓,3000000,1140507
8209,83151284,琋望有限公司,臺中市南區樹德里建國南路一段129號,2000000,1140506
8210,83151427,億明研磨有限公司,臺中市太平區德隆里德明路177巷11號1樓,2000000,1140509
8211,83151849,荷叡室內設計有限公司,臺中市北屯區和平里和祥六街98號1樓,3000000,1140523
8229,83162698,虹邑科技有限公司,臺中市豐原區北陽里北陽路450巷58弄33號1樓,2500000,1140509
8250,83172099,酷水股份有限公司,臺中市北屯區后庄里敦化三街276號,4100000,1140529
8266,83185159,弘馳國際股份有限公司,臺中市西區美村路一段575號6樓,28280000,1140516
8267,83185209,喬奕精密機械工業有限公司,臺中市太平區新高里樹德八街20巷21號1樓,1000000,1140528
8268,83185242,祥赫開發建設有限公司,臺中市豐原區三豐路二段17巷52弄39號1樓,26700000,1140514
8269,83185334,儷鑫工程有限公司,臺中市清水區槺榔里臨港路五段182巷2弄5號1樓,200000,1140522
8270,83185355,瑪嘉烈有限公司,臺中市西區林森路212之3號,6000000,1140508
8273,83187038,立偃開發有限公司,臺中市龍井區龍山街258號1樓,11970000,1140513
8295,83206653,順良停車有限公司,臺中市西屯區惠來里市政北七路186號12樓之9,500000,1140528
8296,83206936,景池肌股份有限公司,臺中市太平區宜文街122號1樓,655000,1140505
8297,83206990,愛女人股份有限公司,臺中市中區綠川里臺灣大道一段79號4樓,2500000,1140516
8298,83207013,樂食館股份有限公司,臺中市中區綠川里臺灣大道一段79號4樓,3000000,1140514
8318,83221351,雲生國際企業有限公司,臺中市北屯區昌平路二段金谷巷16號1樓,500000,1140521
8319,83221438,瑞澤生技股份有限公司,臺中市南屯區同心里文心路一段218號5樓之3,30000000,1140507
8320,83221660,好顧樂活股份有限公司,臺中市烏日區烏日里建國路411號,50000000,1140516
8339,83228777,沐麟空間設計有限公司,臺中市北區柳川西路四段1號5樓之14,500000,1140502
8340,83229179,展域國際投資股份有限公司,臺中市北區三民路三段132號3樓,2000000,1140512
8341,83229213,五輪書國際股份有限公司,臺中市北區三民路三段132號3樓,15000,1140508
8392,83265126,緯潤投資股份有限公司,臺中市西屯區福恩里8鄰福澤街51號2樓,27500000,1140506
8393,83266103,玉都建設股份有限公司,臺中市北區臺灣大道一段606號,5200000,1140502
8394,83266286,璟岳投資股份有限公司,臺中市西區三民路一段149號12樓之2,290000000,1140512
8400,83271252,富岳興開發有限公司,臺中市西屯區逢甲里西屯路二段256巷6號2樓之2,1100000,1140501
8405,83275356,威順旅行社有限公司,臺中市西區臺灣大道二段285號17樓之2,6000000,1140508
8406,83276453,星耀國際旅行社有限公司,臺中市太平區新吉路58之2號,6000000,1140528
8407,83276783,合昱精密機械股份有限公司,臺中市北屯區舊社里旱溪西路三段191號1樓,1000000,1140527
8408,83278017,晶漾銀樓有限公司,臺中市北屯區平興里興安路二段81號5樓,1000000,1140528
8414,83282820,金速國際有限公司,臺中市西區民生里自由路一段101號8樓之2,100000,1140521
8427,83293360,天璽健康有限公司,臺中市北區頂厝里崇德路一段631號11樓之1,10000000,1140527
8436,83299569,鉅晟磁磚股份有限公司,臺中市南屯區文心一路388號,14000000,1140514
8437,83300398,家圓康健事業股份有限公司,臺中市豐原區圓環東路616號地下一樓,14800000,1140502
8438,83300741,哈里森有限公司,臺中市東區自由二街91號2樓,6000000,1140516
8453,83362056,萬芫人力仲介有限公司,臺中市大雅區大雅里大榮街157號3樓,5000000,1140526
8454,83362078,弘義國際股份有限公司,臺中市西區美村路一段575號6樓,60000000,1140516
8455,83362507,雋樂有限公司,臺中市太平區永義路246號,6400000,1140527
8456,83362555,嘉玔實業有限公司,臺中市西屯區大鵬里文心路三段237號5樓,1000000,1140519
8457,83363040,四季豐和股份有限公司,臺中市南屯區鎮平里楓樹西街465號1樓,50000000,1140505
8469,83370274,長工企業有限公司,臺中市沙鹿區賢正街146號3樓,1000000,1140513
8474,83374840,華麗服飾國際有限公司,臺中市西屯區潮洋里市政北二路282號11樓之1,300000,1140509
8476,83376241,倍力康國際有限公司,臺中市西屯區西墩里福科二路6號,10000000,1140513
8477,83376919,擺起來家飾股份有限公司,臺中市南區樹義里大慶街一段246之12號11樓,300000,1140522
8487,83385847,鷹飛國際旅行社股份有限公司,臺中市西屯區逢甲路253巷33號,6000000,1140506
8488,83387535,新基倫興業有限公司,臺中市太平區宜欣里宜昌東路33號,20000000,1140523
8497,83395325,秬榮營造有限公司,臺中市烏日區榮泉里健行北路3號,3600000,1140505
8499,83396035,慶有餘開發有限公司,臺中市梧棲區大智路二段179號1樓,29500000,1140502
8500,83396112,豐樂立欣有限公司,臺中市北區健行里忠明路502之1號1樓,10000000,1140521
8501,83398462,丞茹有限公司,臺中市神岡區大豐路四段237巷36號1樓,680000,1140526
8511,83418636,球愛物語餐飲事業有限公司,臺中市西區五權路2之2號地下一樓,600000,1140507
8514,83424834,和鑫實業有限公司,臺中市南屯區楓樹里精誠南路1232巷80號1樓,17800000,1140505
8515,83425067,諾斯貿易有限公司,臺中市西屯區逢甲路19巷17之2號1樓,500000,1140508
8516,83426045,川糧食品有限公司,臺中市神岡區山皮里光復路108號1樓,1000000,1140522
8528,83441398,丞碩材料科技有限公司,臺中市西屯區河南路二段327號4樓之5,2000000,1140501
8535,83453746,天雋科技股份有限公司,臺中市后里區富春路109號,50000000,1140501
8544,83461507,伊彩有限公司,臺中市西區忠誠里精明一街76號1樓,5000000,1140527
8545,83461703,泰德存取有限公司,臺中市北區健行里民權路559號3樓之1,300000,1140521
8546,83462246,有氧健康科技有限公司,臺中市西區忠明里長春街32號2樓,600000,1140509
8547,83463168,桂和企業有限公司,臺中市南屯區文心南路227號4樓之9,1000000,1140516
8553,83468086,裕民建設股份有限公司,臺中市大里區東興里益民路二段360號2樓,10000000,1140528
8577,83487160,代琳有限公司,臺中市北區五常里五順街45號1樓,8000000,1140501
8601,83505532,永恆能源股份有限公司,臺中市西區臺灣大道二段573號11樓,67000000,1140526
8603,83508192,歐木貿易有限公司,臺中市西屯區逢甲里西屯路二段278號,6000000,1140514
8604,83508313,倉均企業有限公司,臺中市南屯區惠中里文心路一段324號11樓之1,1000000,1140505
8605,83508860,健登開發企業有限公司,臺中市北屯區平興里崇德二路一段142之3號1樓,200000,1140516
8606,83509116,絃盟實業有限公司,臺中市沙鹿區臺灣大道七段975巷9號1樓,5000000,1140513
8608,83510676,大容廣告事業有限公司,臺中市西區公民里自治街119號1樓,10000000,1140507
8611,83511083,寶綠興業有限公司,臺中市西區廣民里自治街9號5樓之1,5000000,1140507
8650,83536578,賽鐸股份有限公司,臺中市西屯區朝富路213號9樓之11,500000,1140514
8651,83536872,桁熙有限公司,臺中市西屯區惠來里青海路二段172號1樓,500000,1140515
8652,83537231,鵬駿達有限公司,臺中市大甲區重義三路22號,3000000,1140514
8661,83542972,新鑫超跑租賃股份有限公司,臺中市南屯區新生里龍富路四段50號1樓,100000000,1140521
8669,83548259,禾盈綠能有限公司,臺中市北屯區平田里文心路四段955號11樓之2,1350000,1140516
8677,83553111,人人創學文化有限公司,臺中市太平區新平路二段145號5樓,500000,1140507
8678,83553718,宇星愛寵股份有限公司,臺中市南區福平里美村路二段186號6樓之1,11160000,1140527
8684,83560112,宥境有限公司,臺中市南屯區惠中里大墩十二街258號3樓,150000,1140515
8685,83560226,貳輪嶼股份有限公司,臺中市北屯區崇德路二段416號9樓之1,15000000,1140502
8700,83571618,大友國際人才開發有限公司,臺中市北屯區文心路四段692之1號2樓,5000000,1140527
8701,83572172,頂粵吉品股份有限公司,臺中市西屯區龍潭里市政南一路286號3樓,100000000,1140519
8705,83574930,合強國際股份有限公司,臺中市西屯區西墩里西苑三街180號2樓,10000000,1140521
8709,83577465,真味鱻企業股份有限公司,臺中市西區忠明南路237號9樓之2,13000000,1140513
8723,83589568,廣易坤科技有限公司,臺中市北區中清路一段89號15樓之1,2200000,1140508
8724,83589960,聚得環保股份有限公司,臺中市西屯區潮洋里臺灣大道三段789號3樓之1,150000000,1140519
8725,83590299,鑫享事晟國際事業有限公司,臺中市大里區樹王路439巷52號,1800000,1140520
8726,83590328,展揚燈光音響有限公司,臺中市大雅區橫山里永和路5之69號1樓,1000000,1140513
8727,83591213,乘堃股份有限公司,臺中市太平區合利街24巷13號6樓,18000000,1140515
8728,83591425,成澤電控系統企業有限公司,臺中市大甲區頂店里中山路一段1541號,1000000,1140512
8729,83594746,錢多多理財顧問股份有限公司,臺中市北屯區大德里平德路135號1樓,1300000,1140512
8733,83595153,有家資訊有限公司,臺中市大里區東興里國光路二段528號,1000000,1140505
8738,83600233,梵高開發有限公司,臺中市北屯區舊社里松竹路一段1300號1樓,1000000,1140520
8739,83600515,亞志國貿有限公司,臺中市北區淡溝里英才路333號1樓,10888888,1140514
8758,83619084,安喆環科有限公司,臺中市西屯區大鵬里文心路三段241號16樓之7,100000,1140506
8759,83620929,精發實業股份有限公司,臺中市南屯區南屯里河南路四段718號8樓之5,9000000,1140508
8760,83621574,帝迪科技有限公司,臺中市西區忠明南路303號10樓之3,1000000,1140526
8761,83622193,泰竣精密有限公司,臺中市烏日區溪尾里慶光路49號,5000000,1140521
8762,83622709,新仁投資股份有限公司,臺中市西區後龍里民權路233巷13號1樓,8000000,1140526
8763,83623003,華緯物流股份有限公司,臺中市烏日區榮泉路39巷28之1號,23500000,1140522
8764,83623067,億安投資股份有限公司,臺中市西區民權路233巷13號1樓,8000000,1140527
8765,83623209,碩勤數位科技有限公司,臺中市南屯區文心路一段378號7樓之10,500000,1140521
8766,83623242,騰一投資股份有限公司,臺中市西區後龍里民權路233巷13號1樓,8000000,1140522
8778,83646701,俯堃股份有限公司,臺中市中區三民路三段19號1樓,15000000,1140523
8779,83648285,承鑫修繕維護工程有限公司,臺中市大里區仁化里善化路166巷83號1樓,2000000,1140507
8791,83680215,兩條魚股份有限公司,臺中市大里區仁化工十二路27號3樓,5000000,1140516
8792,83682375,日出軒食品有限公司,臺中市西區中興里中興一巷26號,600000,1140506
8808,83690826,慕砌國際有限公司,臺中市西屯區逢甲里西屯路二段256巷6號6樓之2,13000000,1140512
8828,83716488,建宏興業有限公司,臺中市南屯區春社里同安北巷13-1號,2600000,1140528
8830,83717542,量子方舟股份有限公司,臺中市南屯區大業里公益路二段61號9樓,100000,1140505
8831,83718042,華胤企業有限公司,臺中市西屯區惠來里市政北七路186號11樓之2,500000,1140527
8849,83742459,可勝動物營養生技有限公司,臺中市西區安龍里民權路193號5樓,1000000,1140512
8862,83752174,右晟建設股份有限公司,臺中市北屯區仁和里崇德八路一段155號2樓,10000000,1140527
8863,83752625,中碩工業股份有限公司,臺中市西屯區逢甲里西屯路二段256巷6號2樓之6,50000000,1140521
8864,83753238,熱點國際有限公司,臺中市太平區長億里永安街30巷4號1樓,200000,1140505
8897,83783090,壬水有限公司,臺中市西屯區永安里國安一路119號1樓,7500000,1140509
8929,83866280,心美健康事業股份有限公司,臺中市南屯區大進街551號地下2層之2,32300000,1140526
8930,83905621,盛客科技有限公司,臺中市南屯區大興里大墩一街65號1樓,3000000,1140520
8931,83915769,山畝室內裝修設計有限公司,臺中市西區土庫里華美街32巷5號,2000000,1140507
8945,84081343,以利德企業管理顧問股份有限公司,臺中市南屯區惠中里文心路1段306號6樓之2,16000000,1140506
8947,84088900,馥生營造股份有限公司,臺中市北屯區南興路183號1樓,53000000,1140513
8949,84092284,聖鑫工程顧問有限公司,臺中市西區精誠24街30號3樓,7000000,1140521
8969,84160249,顓瑩企業有限公司,臺中市北區明德里漢口南一街77號1樓,4000000,1140502
8977,84176919,佳右工具股份有限公司,臺中市霧峰區舊正里豐正路57巷66之1號,8000000,1140526
8978,84177207,隆盈營造股份有限公司,臺中市北區忠明路502之1號5樓之2,10000000,1140502
8983,84202965,聚發工程企業有限公司,臺中市烏日區湖日里高鐵三路17號5樓之3,6000000,1140528
8986,84212318,開名電機股份有限公司,臺中市潭子區大豐里崇德路五段456號,24000000,1140528
8989,84219641,亞俊實業有限公司,臺中市西區向上路一段132號1樓,5000000,1140513
8994,84236141,啟統股份有限公司,臺中市南屯區文心南三路956號1樓,6000000,1140523
9019,84339646,三岳投資有限公司,臺中市東區東門里東光園路64巷99號1樓,1000000,1140513
9021,84349551,嶸昇宏貿易有限公司,臺中市西屯區上安里至善路68號13樓之2,6000000,1140512
9025,84357974,文元營造有限公司,臺中市北屯區昌平路一段400號10樓之1,270000000,1140522
9027,84364932,錫興機械股份有限公司,臺中市北屯區松義街296巷19號1樓,5000000,1140527
9034,84393253,山杰有限公司,臺中市神岡區社南里中山路851巷35弄25號1樓,5720000,1140516
9036,84397526,唐臣建設股份有限公司,臺中市南屯區惠中里公益路二段101號24樓之1,50000000,1140528
9042,84423192,一二三氣體有限公司,臺中市潭子區頭家里大通街53巷44號,500000,1140522
9057,84489503,飛虎科技有限公司,臺中市西屯區潮洋里市政北二路238號30樓之5,8000000,1140528
9062,84532699,一磚貿易股份有限公司,臺中市南屯區公益路2段429號1樓,10000000,1140515
9063,84534296,炙尊鐵板燒有限公司,臺中市南屯區大誠里五權西路二段171號,4000000,1140505
9079,84577082,乙兆營造有限公司,臺中市北屯區廍子里祥順路一段433號,25000000,1140516
9091,84648663,台穎股份有限公司,臺中市北屯區北平路四段89之5號,1000000,1140505
9095,84659632,杉采企業股份有限公司,臺中市西屯區黎明路二段896號1樓,5000000,1140501
9096,84660223,銘磊國際股份有限公司,臺中市南屯區公益路二段429號4樓,50000000,1140515
9097,84664282,宜鑫加油站股份有限公司,臺中市太平區新光里中山路四段20號1樓,5000000,1140526
9099,84673819,銘將建設股份有限公司,臺中市大甲區幼獅路29號2樓,26800000,1140528
9142,84845448,泰乃洋行股份有限公司,臺中市西區五權五街152號2樓之1,1000000,1140505
9149,84873669,世博消防工程有限公司,臺中市西屯區惠來里市政北七路186號3樓之3,5000000,1140515
9151,84876618,鑫日正工業股份有限公司,臺中市大肚區頂街里榮華街57號,95000000,1140515
9165,84962655,達鈺塑膠工業股份有限公司,臺中市太平區工業十五路46號,10000000,1140521
9169,84988368,展雍研磨材有限公司,臺中市龍井區新庄里遊園南路270巷69之1號,1000000,1140513
9171,85000522,宏佳泰興業有限公司,臺中市大甲區義和里重義三路22號,4000000,1140512
9188,85020040,銀河網絡遊戲股份有限公司,臺中市北區健行路360號4樓之3,250000000,1140519
9196,85025431,亞森行銷有限公司,臺中市南區南和路151號14樓之3,100000,1140507
9197,85025798,宏懋機電股份有限公司,臺中市清水區中華路151之2號10樓,30000000,1140506
9198,85025869,彭城國際有限公司,臺中市西屯區上安里至善路64號10樓,1000000,1140523
9199,85026255,瑞安開發有限公司,臺中市南區樹德里建國南路一段133號10樓之2,15000000,1140521
9220,85048672,默漢工業股份有限公司,臺中市烏日區慶光路59之1號,8500000,1140523
9221,85048883,晴勝有限公司,臺中市南屯區豐樂里文心南路227號9樓之15,500000,1140516
9222,85048928,詺振有限公司,臺中市沙鹿區正英十三街78號1樓,5000000,1140505
9223,85048933,柏森有限公司,臺中市南區復興路一段253號,2000000,1140501
9224,85049320,鼎航商務科技有限公司,臺中市西屯區朝富路213號7樓之8,100000,1140522
9225,85049877,中嘉高分子材料有限公司,臺中市烏日區南里里溪南路三段503巷85弄28號1樓,3000000,1140515
9229,85053674,特斯拉機電技術顧問股份有限公司,臺中市北屯區祥順一街31號,5000000,1140515
9230,85053914,威皇有限公司,臺中市南屯區田心里文心路一段73號5樓之1,1660000,1140501
9231,85054049,沛金國際有限公司,臺中市南屯區豐樂里豐昌街82號3樓,500000,1140528
9237,85058072,宜珒科技股份有限公司,臺中市西區公益路161號9樓之8,6900000,1140515
9238,85058100,鐿叡科技股份有限公司,臺中市北屯區水湳里文心路三段1027號6樓,2750010,1140523
9240,85060149,選物標籤行銷有限公司,臺中市北屯區舊社里南興一路136號2樓,200000,1140521
9241,85060577,樂華貿易有限公司,臺中市西區公民里忠信街2號1樓,6000000,1140528
9266,85080692,能相太陽能有限公司,臺中市北屯區軍功里軍功路二段369號1樓,10000000,1140519
9267,85081067,沐作創藝股份有限公司,臺中市西屯區逢甲里上石北二巷13號6樓之1,1000000,1140514
9274,85085303,旭晏國際興業有限公司,臺中市北屯區松強里昌平路二段12之15巷34號,3000000,1140526
9275,85085633,田茂建設股份有限公司,臺中市東區十甲里東英九街101號1樓,3000000,1140526
9276,85085704,糧草存取有限公司,臺中市中區臺灣大道一段501號10樓之1,300000,1140521
9298,85105357,美商威立德有限公司,臺中市西屯區文心路二段107號5樓,10000000,1140523
9301,85107593,鑫樺陽投資股份有限公司,臺中市西屯區潮洋里市政北二路282號11樓之1,100000000,1140526
9302,85108235,彩鼎開發股份有限公司,臺中市南屯區文心路一段260號19樓之1,29000000,1140513
9303,85108777,宇宙家室內設計有限公司,臺中市北區育德里健行路443號6樓之39,2000000,1140523
9305,85114790,中顥管理顧問有限公司,臺中市南區新榮里學府路170號4樓之22,3600000,1140505
9309,85117537,上安營造股份有限公司,臺中市烏日區仁德里信義街239號1樓,22500000,1140521
9311,85118466,享銳有限公司,臺中市南屯區豐樂里永平路421巷10之1號1樓,2800000,1140526
9352,86054807,召明營造工程股份有限公司,臺中市西區公益路130號11樓,200000000,1140523
9366,86098869,超意企業有限公司,臺中市大雅區雅楓里神林南路113號1樓,5000000,1140502
9368,86101490,特祐工程股份有限公司,臺中市西區公益路119號6樓之24,18000000,1140512
9374,86117471,石城實業股份有限公司,臺中市西屯區臺灣大道四段847號15樓,70000000,1140505
9379,86200111,中元泰機電工業有限公司,臺中市北屯區舊社里長貴街56號1樓,2000000,1140512
9381,86215445,昌源營造股份有限公司,臺中市南屯區文心路一段324號9樓之2,29500000,1140513
9388,86260270,永豐盛建設股份有限公司,臺中市北屯區文心路四段934號5樓之1,110000000,1140507
9398,86308128,全隆營造股份有限公司,臺中市太平區太順路563號1樓,80000000,1140523
9410,86337094,穗榮包裝實業股份有限公司,臺中市太平區德隆里工業十五路36號,52200000,1140507
9412,86342224,圭明貿易有限公司,臺中市北屯區陳平路65巷123弄2號3樓之1,6100000,1140502
9431,86410637,圜特興業有限公司,臺中市北屯區軍功里軍福十九路165號1樓,40000000,1140528
9440,86482913,亞昕資訊股份有限公司,臺中市南區忠明南路760號13樓,28000000,1140522
9456,86531800,勝越塑膠有限公司,臺中市烏日區東園里慶光路868巷256弄102號,5000000,1140502
9458,86544880,錦鼎機械有限公司,臺中市后里區墩北里甲后路一段961號,3000000,1140501
9460,86553043,方程開發建設股份有限公司,臺中市西區大墩十街12號2樓,25000000,1140508
9464,86589627,以誠行有限公司,臺中市沙鹿區福成路101號,1000000,1140515
9472,86617784,合慶塑膠股份有限公司,臺中市大里區東湖里科技路1號11樓之1,5000000,1140520
9479,86666270,寶特企業有限公司,臺中市沙鹿區興仁里沙田路60之5號,2000000,1140526
9500,86790550,金固齒輪股份有限公司,臺中市東區東門里東光園路100巷42弄28號1樓,2000000,1140515
9512,86837823,原津股份有限公司,臺中市北屯區南京東路三段37號1樓,72796510,1140523
9513,86839202,欣泰通信有限公司,臺中市南區樹德里東興路一段137號,5000000,1140508
9519,86873881,洹郁股份有限公司,臺中市西屯區臺灣大道三段789號10樓之1,11100000,1140512
9537,86936014,怡進工業股份有限公司,臺中市南屯區工業區18路16號,11804860,1140501
9538,86947309,台灣阿拉伯膠有限公司,臺中市后里區墩西里福音路73號,5000000,1140522
9539,86956502,麗兆實業有限公司,臺中市大里區仁德里至善路218號,5000000,1140507
9547,86980502,豐詣室內裝修有限公司,臺中市東區東信里振興路358巷47號1樓,36500000,1140507
9548,86999185,佑晟加油站股份有限公司,臺中市大里區仁化路345號,5000000,1140513
9554,88701858,鼎川工程股份有限公司,臺中市中區民族路23號3樓之1,24500000,1140515
9561,89113920,巨興系統科技股份有限公司,臺中市潭子區中山路一段268號,10000000,1140526
9569,89116449,京叡系統工程有限公司,臺中市沙鹿區屏西路229巷15號1樓,500000,1140508
9589,89126777,安能複材科技股份有限公司,臺中市梧棲區草湳里梧南路20之8號,298000000,1140516
9590,89127282,鼎盛溱有限公司,臺中市西屯區逢甲里寶慶街8號8樓之2,500000,1140507
9599,89137211,鉑金臻邸股份有限公司,臺中市北區大誠街131巷4弄10號,3000000,1140515
9639,89156785,伊澄仕有限公司,臺中市豐原區南村里向陽路173巷21號1樓,516800,1140508
9641,89157567,鏈購股份有限公司,臺中市沙鹿區正德路149巷38號1樓,80000,1140526
9649,89160937,香和有限公司,臺中市大安區中山南路150巷6號1樓,1000000,1140516
9650,89160943,晶捷車體專業美研有限公司,臺中市西區民生里建國路19號1樓,2000000,1140526
9651,89161099,寬樂創思有限公司,臺中市西屯區潮洋里市政北二路238號27樓之1,100000,1140506
9652,89161730,雋邦企業股份有限公司,臺中市大里區中興路二段822巷1之1、1號,1000000,1140528
9653,89162111,起司起司國際有限公司,臺中市北屯區祥順路二段500之28號1樓,100000,1140502
9654,89162196,大和盛營造股份有限公司,臺中市南區崇倫里崇倫街98號,23500000,1140502
9655,89162288,米德奈股份有限公司,臺中市霧峰區新厝路429號,2000000,1140509
9661,89166340,中友富麗股份有限公司,臺中市中區三民路三段19號2樓,3000000,1140519
9664,89170843,上吉智慧股份有限公司,臺中市西屯區鵬程里逢大路63號7樓之1,2168000,1140506
9670,89175241,太平國際租賃有限公司,臺中市太平區新興里振福路706號,5000000,1140502
9674,89179561,興聰安有限公司,臺中市西區民生路368巷1弄3號,6000000,1140512
9678,89180758,永隆管理顧問股份有限公司,臺中市西區臺灣大道二段220號30樓,2000000,1140512
9683,89184353,晶睬實業有限公司,臺中市西屯區大鵬里文心路三段241號21樓之7,1000000,1140514
9684,89184467,昌榮國際貿易股份有限公司,臺中市大甲區頂店里大發路152號,62000000,1140528
9690,89189300,繁盛餐飲股份有限公司,臺中市西屯區西安里西屯路二段297之8巷29號2樓,1000000,1140522
9691,89190708,怡巧實業有限公司,臺中市西區五權西四街128之1號2樓,1500000,1140527
9704,89198814,入緻有限公司,臺中市西區和龍里台灣大道二段2號8樓之7,400000,1140505
9705,89203274,佳韋科技有限公司,臺中市南屯區楓樹里楓樹東街667號1樓,3000000,1140512
9713,89225827,台灣慧穎機械工業股份有限公司,臺中市豐原區社皮里社皮路123巷5弄76號,10000000,1140515
9715,89228839,芊奕有限公司,臺中市烏日區溪南路三段55巷25號1樓,1000000,1140508
9724,89255878,吉源建材有限公司,臺中市北區中清路一段447號7樓之1,600000,1140508
9732,89284310,品裕投資股份有限公司,臺中市西屯區工業區九路10號,6517480,1140506
9733,89284450,赫沃投資有限公司,臺中市西屯區工業區九路10號,8310600,1140506
9738,89287581,羊羊得益企業有限公司,臺中市神岡區豐洲路885號,1000000,1140520
9739,89287800,翔園文旅股份有限公司,臺中市沙鹿區忠貞路20巷176號,15000000,1140513
9740,89287941,青春羊益企業有限公司,臺中市大里區西湖里草堤路158巷13弄1號,1000000,1140516
9741,89290592,楓采禮國際實業有限公司,臺中市西區博館三街100號底層之4,25000000,1140507
9742,89290713,維銓營造工程有限公司,臺中市烏日區信義街247巷40號,4000000,1140516
9744,89323067,幸福狐狸股份有限公司,臺中市北區進化北路369號9樓,20000000,1140526
9752,89358157,榮晉工業股份有限公司,臺中市大里區仁德里慈善路126號,72200000,1140514
9753,89360082,村鴻股份有限公司,臺中市后里區月眉里月湖東路186巷23號,5000000,1140509
9755,89366889,虹盛電氣工程實業有限公司,臺中市神岡區豐工路805之1號,8000000,1140522
9756,89369020,豐邑建設股份有限公司,臺中市西區臺灣大道二段501號20樓之1、20樓之2,3800000000,1140501
9760,89377204,德豪營造有限公司,臺中市烏日區湖日里高鐵三路17號5樓之3,3600000,1140521
9763,89389341,斐樂股份有限公司,臺中市北屯區文心路四段556號2樓,197134390,1140521
9785,89496623,中堡鋼構股份有限公司,臺中市大肚區營埔里營埔三街63號,221000000,1140526
9787,89501365,佑崧加油站股份有限公司,臺中市太平區東平路85號,5000000,1140514
9788,89503960,立鎧特殊鋼股份有限公司,臺中市大里區工業區九路128號,15000000,1140523
9790,89513566,頂安工業有限公司,臺中市大甲區文武里德興路145巷1號1樓,5000000,1140505
9794,89542540,隆祥旅行社有限公司,臺中市西區忠明南路270號6樓之4,31500000,1140508
9796,89546671,加來開發有限公司,臺中市北屯區河北西街17號,8500000,1140501
9825,89697348,立穩營造股份有限公司,臺中市烏日區高鐵五路156號11樓,400000000,1140507
9840,89764253,鴻聯保險代理人股份有限公司,臺中市北屯區北屯路390號7樓之1,13000000,1140523
9842,89771472,極保精密工業股份有限公司,臺中市龍井區忠和里西濱路三段213號,55000000,1140527
9846,89782870,宏基貿易有限公司,臺中市西區五權西六街130號,5000000,1140519
9852,89806465,中衛聯合開發股份有限公司,臺中市北區北平三街31號8樓之1,28000000,1140501
9871,89888199,言禾有限公司,臺中市西區永安街75號3樓之2,1000000,1140508
9886,89983150,棟泰營造股份有限公司,臺中市南屯區東興路二段186號7樓之3,23880000,1140508
9887,89983285,弘遠企業有限公司,臺中市大里區西湖路328號1樓,2000000,1140505
9895,90002079,馥鑫投資股份有限公司,臺中市北區頂厝里進化北路238號8樓之1,1000000,1140526
9901,90004631,蓮友事業有限公司,臺中市北區金龍里健行路25號1樓,100000,1140515
9902,90004652,韋瓦克國際股份有限公司,臺中市西區臺灣大道二段2號17樓之7,100000,1140519
9905,90006595,鳥取商城有限公司,臺中市南屯區文心路一段218號16樓之1,5000000,1140506
9912,90011295,双心生技有限公司,臺中市烏日區環河路四段278號13樓之6,1000000,1140507
9920,90019022,禾豐全股份有限公司,臺中市潭子區大豐路二段122巷20弄10號1樓,500000,1140522
9923,90021239,云璽資通有限公司,臺中市南屯區三和里益豐東街188號6樓,12000000,1140527
9924,90021809,艾狄創意整合行銷股份有限公司,臺中市東區復興路四段186號9樓,600000,1140509
9925,90021940,瑞映投資股份有限公司,臺中市北區錦祥里育樂街86號11樓之6,2500000,1140516
9926,90022589,品劭國際有限公司,臺中市北屯區同榮里環中路一段1576號,1000000,1140526
9935,90026277,中和國際電子商務有限公司,臺中市西屯區市政北七路186號20樓之9,500000,1140528
9943,90031530,中森玉石有限公司,臺中市北屯區舊社里南興路909號1樓,100000,1140529
9957,90037605,元泉成股份有限公司,臺中市西屯區市政路500號13樓之8,4500000,1140509
9958,90037719,震悍光電有限公司,臺中市西區五權一街113號1樓,500000,1140502
9979,90053169,明道電力控股股份有限公司,臺中市西屯區何成里臺灣大道二段909號,1000000,1140521
9985,90057566,基正科技有限公司,臺中市中區三民路二段145號7樓之2,400000,1140505
9986,90057593,則有始國際有限公司,臺中市南屯區永春東三路40號3樓、4樓,600000,1140506
10001,90067564,愛配中清有限公司,臺中市北屯區平安里文昌三街141號1樓,1000000,1140513
10002,90068677,雲森藝術有限公司,臺中市西屯區潮洋里市政北二路238號27樓之1,500000,1140522
10023,90081480,曌豐投資控股股份有限公司,臺中市西屯區朝富路213號17樓之5,7000000,1140502
10034,90085970,希恩投資有限公司,臺中市大里區成功路523號2樓,4800000,1140521
10035,90086730,奇境設計室內裝修有限公司,臺中市南區工學二街115巷28號,6000000,1140527
10036,90086865,徒水有限公司,臺中市豐原區圓環北路二段321號2樓,2000000,1140507
10040,90087652,銨倬數位有限公司,臺中市中區綠川西街137號9樓之5,1000000,1140507
10041,90087935,智譓佳有限公司,臺中市大雅區二和里雅環路一段332巷17弄10號1樓,500000,1140521
10042,90088266,敬豐企業有限公司,臺中市龍井區龍東里文昌路675巷2號1樓,300000,1140501
10043,90088673,閃充電能股份有限公司,臺中市南屯區永定里龍富十五路25號2樓之1、2樓之2,1100000,1140502
10044,90092297,羽田股份有限公司,臺中市南屯區三和里干城街328之1號,10800000,1140528
10045,90093330,小花租賃資產管理有限公司,臺中市后里區甲后路一段48號,1000000,1140516
10046,90093710,日青投資股份有限公司,臺中市北屯區昌平東二路312號1樓,270550000,1140512
10047,90093866,凱爾彼得聯合股份有限公司,臺中市大安區中山南路321號,20000000,1140522
10048,90094020,天醫國際健康有限公司,臺中市北區頂厝里崇德路一段629號18樓之1,10000000,1140501
10049,90094149,壹鏡科技股份有限公司,臺中市西屯區工業區38路210號6樓之11,94130000,1140516
10059,90105363,寧安國際有限公司,臺中市西屯區何安里重慶路99號5樓之3,200000,1140527
10060,90105384,中湛投資股份有限公司,臺中市北區英才路207號1樓,60000000,1140515
10061,90105862,禮弘投資有限公司,臺中市豐原區市政路52號1樓,27957470,1140513
10065,90106932,相信不動產有限公司,臺中市西區昇平里福人街142號2樓,700000,1140523
10066,90106953,賀聖科技股份有限公司,臺中市太平區太平里永義路235巷25號,5018930,1140528
10080,90119269,科琳美容事業有限公司,臺中市北區頂厝里崇德路一段631號16樓之１,100000,1140508
10093,90126557,彙醴企業有限公司,臺中市中區綠川里民族路23號3樓之2,1000000,1140508
10094,90126965,心寬數位設計有限公司,臺中市北區立人里華美街二段262號7樓之1,300000,1140521
10095,90127063,風馳電能股份有限公司,臺中市西區臺灣大道二段285號二十七樓,170200000,1140508
10096,90127660,新誼資訊股份有限公司,臺中市南區復興路一段270號8樓,20000000,1140528
10098,90127731,啟創實業有限公司,臺中市大肚區福山里王福街1052巷3號1樓,1800000,1140506
10100,90127818,永泰灃投資有限公司,臺中市西屯區市政路500號6樓之8,54000000,1140526
10101,90128099,壹柒發國際股份有限公司,臺中市北屯區平田里文心路四段875號4樓,3500000,1140512
10102,90128339,浩森建設股份有限公司,臺中市西屯區逢福里櫻城二街11號1樓,14000000,1140514
10103,90128963,睿駿工程科技有限公司,臺中市烏日區溪埧里溪南路一段277巷23弄1號,3500000,1140522
10104,90129512,獨家傳媒國際有限公司,臺中市西屯區市政路402號5樓之6,500000,1140505
10105,90129610,寶元智造股份有限公司,臺中市西屯區臺灣大道二段633號6樓之5、6樓之6,156662670,1140523
10130,90148813,照和股份有限公司,臺中市西屯區市政北七路186號12樓之9,38400000,1140514
10131,90149030,森賀精密機械股份有限公司,臺中市大雅區員林里神林路一段178號,15000000,1140520
10166,90167108,艾德仕國際有限公司,臺中市大雅區中山路187號,2000000,1140509
10196,90191016,寶臻建設有限公司,臺中市北區中清路一段89號7樓之8,6000000,1140521
10197,90191753,似錦堂股份有限公司,臺中市西區民生里民權路31號,5000000,1140526
10202,90193648,懿鴻裝潢設計工程有限公司,臺中市南屯區溝墘里大業路241號3樓之1,500000,1140505
10210,90198448,尚羽有限公司,臺中市北區賴興里文心路四段200號8樓之8,5000000,1140514
10251,90225043,旺虎有限公司,臺中市西屯區福林里福林路158號1樓,1000000,1140521
10252,90225085,好晴天健康事業股份有限公司,臺中市潭子區中山路二段374號3樓,1000000,1140508
10253,90225156,興泰德有限公司,臺中市豐原區南陽里豐原大道三段343巷62號1樓,200000,1140527
10255,90225748,星河創產有限公司,臺中市西屯區逢甲里河南路二段327號4樓之5,1000000,1140520
10256,90226492,艾鵬國際貿易有限公司,臺中市潭子區新田里豐興路二段408之1號1樓,300000,1140514
10275,90237483,藤點子有限公司,臺中市北屯區太和東街188號4樓之1,1500000,1140507
10276,90237792,天華充電科技股份有限公司,臺中市北區臺灣大道二段360號5樓之1,14000000,1140513
10277,90238595,琛元投資股份有限公司,臺中市神岡區北庄里中山路1313之6號,12200000,1140526
10278,90240282,鑫廣利股份有限公司,臺中市梧棲區南簡里民和路二段51號,1000000,1140508
10284,90246363,宸典股份有限公司,臺中市北屯區安順東二街47號,12000000,1140514
10316,90267269,蒂瓦羅國際設計有限公司,臺中市北屯區陳平路65巷123弄2號1樓,2000000,1140507
10329,90274959,勝將實業有限公司,臺中市北屯區軍福九路538號,1000000,1140516
10332,90275697,雋邦投資控股股份有限公司,臺中市西屯區逢甲里河南路二段277號,2100000,1140527
10343,90281092,新唐不銹鋼實業有限公司,臺中市太平區宜欣里宜欣一路44號1樓,1000000,1140507
10344,90281451,佳研智聯股份有限公司,臺中市南屯區精科路2號,101300000,1140514
10345,90281804,聚合數位股份有限公司,臺中市南屯區同心里文心路一段186號20樓,5000000,1140523
10346,90282445,格芮絲國際企業有限公司,臺中市西屯區逢福里河南路二段262號12樓之8,1000000,1140516
10347,90283465,洪霔有限公司,臺中市烏日區榮泉里健行路154號,3000000,1140508
10354,90289691,威泰環保有限公司,臺中市西屯區惠來里市政路500號6樓之6,1000000,1140526
10355,90289714,昶榛有限公司,臺中市西屯區潮洋里朝富路50號1樓,3000000,1140522
10356,90289968,上齡實業有限公司,臺中市北區健行里忠明路502之1號4樓之2,10000000,1140501
10357,90290043,昌茂有限公司,臺中市西屯區福雅里永福路130號5樓之12,301000,1140505
10358,90290424,鈜翊科技有限公司,臺中市北區忠明路502之1號7樓之1,1000000,1140507
10379,90304412,可維顧問股份有限公司,臺中市中區綠川里民族路23號4樓之2,1010000,1140514
10393,90314299,炬煇開發有限公司,臺中市西區精誠三街55號1樓,50000,1140506
10394,90314452,承林工程有限公司,臺中市南區永興里工學二街151巷49號1樓,1000000,1140505
10395,90314571,博鑫事業有限公司,臺中市太平區樹孝路6之2號2樓,20000000,1140512
10396,90315136,龍傳建設有限公司,臺中市北區錦祥里育祥街2號2樓,10000000,1140508
10397,90315142,鼎揚餐飲有限公司,臺中市北屯區舊社里軍福十九路536號,1500000,1140505
10404,90319127,明碩能源股份有限公司,臺中市西屯區市政北七路186號15樓之6,5000000,1140520
10405,90319203,麒睿資訊有限公司,臺中市西屯區漢翔東路37號2樓之1,2000000,1140521
10406,90319689,展暘精密股份有限公司,臺中市潭子區中山路三段287巷12號,80000000,1140526
10409,90322431,高明物流股份有限公司,臺中市霧峰區坑口里中正路575之9號,68000000,1140520
10421,90330657,英萃科技股份有限公司,臺中市北區頂厝里進化北路238號8樓之1,200000,1140501
10439,90347165,麥凱科技有限公司,臺中市龍井區龍泉里龍新路216巷35弄36號1樓,2700000,1140509
10447,90353004,元鼎地產有限公司,臺中市東區樂業路218號,4000000,1140505
10448,90353074,集中顧問企業有限公司,臺中市西屯區上安路126號3樓之3,300000,1140507
10449,90353258,奕風工程顧問股份有限公司,臺中市西屯區臺灣大道四段671巷28號1樓,1000000,1140509
10450,90354088,磐石國際商業有限公司,臺中市西區和龍里臺灣大道二段2號18樓之1,1500000,1140526
10463,90360526,想像儷行銷有限公司,臺中市西區吉龍里五權一街5號2樓,1000000,1140508
10464,90360602,維麗康生技股份有限公司,臺中市北區金龍里北屯路13之2號1樓,10000000,1140522
10465,90361074,米克資訊股份有限公司,臺中市北屯區進化北路63號2樓之1,10000000,1140506
10505,90382346,銓智信科技股份有限公司,臺中市東區東南里自強南街6巷2號5樓之2,5000000,1140520
10506,90382628,美源建材有限公司,臺中市北區中清路一段447號7樓之1,300000,1140507
10535,90399445,晨星電力股份有限公司,臺中市南屯區新生里新富路301號12樓之1,100000000,1140514
10536,90399971,晚安你好股份有限公司,臺中市西區昇平里向上路一段79巷58號1樓,4000000,1140506
10537,90400098,金富強國際有限公司,臺中市西區公舘里永成街80號1樓,500000,1140526
10538,90400225,寶邦生技有限公司,臺中市南屯區益豐路四段85號8樓之1,500000,1140515
10547,90408090,無比整合行銷有限公司,臺中市西屯區何安里重慶路99號5樓之3,5000000,1140512
10548,90408325,力右有限公司,臺中市北區中山路401巷3號1樓,5000000,1140505
10549,90408514,庫斯柏有限公司,臺中市南屯區文心南七路68號2樓,1000000,1140523
10560,90416599,樂立富貿易有限公司,臺中市大里區永隆里興大南街41之22號1樓,100000,1140515
10569,90422298,森活網路行銷有限公司,臺中市南屯區楓樹里楓樹西街366巷5弄5號3樓,251000,1140522
10586,90434344,川金進有限公司,臺中市大里區祥興里中興路二段876號1樓,2000000,1140529
10587,90435028,順盈有限公司,臺中市西區公正里公益路367號9樓之2,500000,1140516
10610,90455179,有樣木模工房有限公司,臺中市西區公正里東興路三段160號3樓之1,8000000,1140515
10611,90455396,益彰股份有限公司,臺中市西屯區福和里臺灣大道四段927號2樓,500000000,1140516
10626,90465486,星得克國際有限公司,臺中市北屯區后庄里新興路8巷4號1樓,600000,1140522
10655,90486454,千恆國際有限公司,臺中市西區公益里忠明南路237號12樓之2,500000,1140515
10656,90486953,萬年堂生技有限公司,臺中市大雅區西寶里雅潭路三段595號1樓,1000000,1140519
10658,90489332,薩普時尚貿易有限公司,臺中市西屯區惠來里市政路55號8樓之1,1000000,1140506
10663,90494237,森冪國際股份有限公司,臺中市西區五權三街55巷3號8樓,3000000,1140520
10664,90494784,華格室內裝修有限公司,臺中市北屯區水景里水景街65號3樓,10000000,1140502
10666,90495432,達豊有限公司,臺中市北屯區平和里安順東四街38號1樓,300000,1140507
10691,90515471,振藩貿易有限公司,臺中市南屯區同心里文心路一段186號6樓之11,5000000,1140501
10694,90518977,志成國際科技股份有限公司,臺中市南屯區新生里龍富路四段519號,2000000,1140522
10695,90519357,一止室內裝修設計有限公司,臺中市神岡區中山路847巷36號1樓,500000,1140505
10696,90519384,愷樂機械維修工程有限公司,臺中市神岡區溪洲里豐洲路1111巷2號,500000,1140505
10714,90533421,寶泰金號香港有限公司,臺中市潭子區家興里中山路一段15巷3號13樓,100000,1140526
10715,90533920,五六文化創意事業股份有限公司,臺中市西屯區市政北七路389號32樓之1,500000000,1140523
10716,90534012,韋謙生活有限公司,臺中市西屯區惠來里市政北七路186號3樓之3,100000,1140506
10717,90534033,華貿興業有限公司,臺中市潭子區雅豐街58巷18號1樓,500000,1140507
10718,90534435,天進投資股份有限公司,臺中市西屯區潮洋里市政北二路236號27樓之1,1000000,1140522
10743,90549850,神不在場有限公司,臺中市中區平等街32號,5000000,1140506
10792,90581598,美捷盟智慧科技股份有限公司,臺中市北屯區文心路三段447號5樓,2000000,1140502
10793,90582219,築星網路有限公司,臺中市北區頂厝里崇德路一段631號17樓之1,600000,1140505
10794,90582323,南溢工程有限公司,臺中市太平區光明里大興十一街125巷37弄1號1樓,800000,1140519
10795,90582724,樽川有限公司,臺中市北區中清路一段79號6樓,10600000,1140505
10800,90584700,威盛資源管理顧問有限公司,臺中市烏日區九德里中華路352號3樓,1000000,1140512
10803,90586593,天樞資訊科技有限公司,臺中市豐原區角潭路一段107巷2號1樓,100000,1140526
10808,90589938,六聖科技有限公司,臺中市北屯區修齊街38巷14號1樓,1000000,1140520
10810,90592455,茂鎧科技股份有限公司,臺中市潭子區中山路一段326巷36號1樓,5000000,1140512
10811,90593145,心之助食品貿易有限公司,臺中市北屯區軍福九路568號2樓,4000000,1140501
10812,90593193,祐興海事有限公司,臺中市梧棲區民生西街155巷3號1樓,2000000,1140505
10816,90594799,金順興木業有限公司,臺中市東勢區北興里本街中正一巷7號1樓,1100000,1140501
10822,90597867,莙臨天下有限公司,臺中市西屯區河南路二段262號13樓之3,100000,1140502
10823,90598140,青榮勳有限公司,臺中市潭子區東寶里大明一路5號1樓,300000,1140521
10824,90598514,薪革股份有限公司,臺中市太平區新高里廣三街38號1樓,702000,1140513
10825,90598606,允澄不動產經紀有限公司,臺中市北屯區松安里遼寧路一段355號1樓,4000000,1140519
10826,90599485,鴻利航運股份有限公司,臺中市龍井區山腳里中華路三段1號,50000000,1140501
10827,90600080,宏觀國際有限公司,臺中市西屯區惠中一街26號,10100000,1140507
10828,90600188,美室家居股份有限公司,臺中市北屯區舊社里北屯路439之17巷2弄3號22樓之2,25000000,1140515
10829,90600737,宜順工程顧問股份有限公司,臺中市南屯區豐樂里文心南五路一段326號3樓,3000000,1140514
10832,90602186,暐鐽實業有限公司,臺中市龍井區龍泉里中社八街79號1樓,500000,1140507
10840,90606134,三一拓展貿易有限公司,臺中市西區臺灣大道二段186號24樓之3,6000000,1140526
10852,90613395,景年工程有限公司,臺中市太平區光華里長安七街18號1樓,800000,1140516
10853,90614205,泰聚工程有限公司,臺中市太平區永成里永成北路243號1樓,500000,1140516
10860,90615921,人智學療癒藝術有限公司,臺中市北區原子街141號1樓,100000,1140514
10873,90626624,麥期行銷有限公司,臺中市北屯區文心路四段750號地下室之1與752號地下室,250000,1140526
10874,90627074,承樣有限公司,臺中市西區臺灣大道二段406號8樓之1,100000,1140516
10901,90642271,星海暮國際有限公司,臺中市西屯區文心路二段558之1號、558之2號,2500000,1140529
10906,90650813,金石盟投資有限公司,臺中市北屯區平福里崇德一路66號1樓,100000000,1140509
10907,90650927,咩塔整合行銷有限公司,臺中市北區臺灣大道二段360號28樓,1000000,1140505
10920,90663296,澳繁國際有限公司,臺中市東區十甲里長福路366號1樓,600000,1140514
10923,90665885,野田國際有限公司,臺中市豐原區陽明里陽明街99號1樓,1000000,1140521
10924,90666580,三利金融科技顧問有限公司,臺中市北區文莊里中清路一段89號15樓之2,100000,1140512
10959,90687641,湟騰開發實業有限公司,臺中市太平區新福路876號,2000000,1140501
10971,90697893,泰叡國際企業有限公司,臺中市西屯區何德里寧夏路89巷6號1樓,1000000,1140509
10998,90727279,英屬安吉拉商尚峰國際有限公司,臺中市西區臺灣大道二段406號13樓,25000000,1140515
11033,90784799,好好嚴選有限公司,臺中市南區樹德里德富路122號7樓之3,2800000,1140522
11050,90820205,富億芳國際有限公司,臺中市北區賴村里學士路257號3樓,1200000,1140514
11058,90824595,茂楹工程有限公司,臺中市大雅區三和里建興路75號1樓,1100000,1140522
11080,90841378,里茲室內裝修有限公司,臺中市潭子區栗林里祥和路158號1樓,500000,1140515
11081,90841519,聖安生醫股份有限公司,臺中市西區臺灣大道二段573號10樓,498000000,1140507
11095,90857357,禾醴管理顧問有限公司,臺中市東勢區粵寧里新豐街93號1樓,100000,1140526
11096,90860043,雅努斯國際發展股份有限公司,臺中市石岡區萬安里忠孝街114號1樓,100000,1140519
11098,90863920,岑寧有限公司,臺中市南屯區黎明路一段1030號1樓,11000,1140502
11099,90864272,歐洲鍛鐵工程有限公司,臺中市東勢區福隆里東和街306號1樓,1000000,1140505
11100,90864441,丰一室內裝修設計有限公司,臺中市北區明德里忠太東路92號1樓,1000000,1140507
11101,90864651,珩鹿資本股份有限公司,臺中市西屯區市政北二路282號22樓之6,3000000,1140528
11102,90866840,晨揚傳播有限公司,臺中市北屯區文心路四段669號4樓之2,1000000,1140521
11116,90878070,三立方有限公司,臺中市南屯區文心路一段324號11樓之2,6000000,1140505
11135,90892164,原子國際有限公司,臺中市西屯區朝富路213號5樓之5,6000000,1140513
11136,90892495,鼎力生醫股份有限公司,臺中市西屯區朝富路213號3樓之5,122900000,1140522
11140,90895850,寇寇瑪國際有限公司,臺中市南區永和里忠明南路1142號10樓之2,500000,1140507
11141,90896149,萬陽控股股份有限公司,臺中市龍井區海尾路240巷5號,99497618,1140519
11142,90896318,十菓樂有限公司,臺中市南屯區南屯里惠德街362號,750000,1140509
11173,91010885,元壹工具有限公司,臺中市北屯區松強里松竹路二段300巷8弄1號1樓,4200000,1140527
11174,91010935,承碩消防有限公司,臺中市大雅區員林里神林路一段204巷2之11號1樓,5000000,1140528
11175,91011245,昂創投資股份有限公司,臺中市西區大忠里忠明南路270號三樓之3,3000000,1140528
11176,91011553,鎰新企業股份有限公司,臺中市神岡區社南里民生路83號,3000000,1140509
11211,91044365,捷臺國際實業有限公司,臺中市北區健行里民權路502之1號1樓,3000000,1140505
11212,91044528,豐新工程有限公司,臺中市北區明新里忠太西路95號1樓,100000,1140514
11215,91047362,葆田豐股份有限公司,臺中市南屯區文心路一段378號7樓之10,2500000,1140512
11217,91048073,特克斯國際貿易有限公司,臺中市西區忠明南路291號4樓之1,3000000,1140501
11218,91049306,豪斯食品有限公司,臺中市東區十甲里東英路433號1樓,1000000,1140505
11219,91050226,麗達國際有限公司,臺中市西屯區惠來里文心路二段201號17樓之5,29000000,1140508
11220,91050302,益達開發股份有限公司,臺中市大雅區秀山里秀山七路35號1樓,152000000,1140526
11223,91055860,云饕數位科技有限公司,臺中市北屯區文心路四段750號地下室之1與752號地下室,200000,1140519
11224,91055897,好禾淉有限公司,臺中市太平區中平路188之1號1樓,1500000,1140506
11225,91056354,里懋投資股份有限公司,臺中市大里區中興路二段438之12號,15700000,1140528
11226,91056381,頤圃建設股份有限公司,臺中市霧峰區民生路67號1樓,10000000,1140519
11236,91063192,丞鴻投資有限公司,臺中市西區日進街51號2樓,10000000,1140520
11237,91063382,合益生技科技有限公司,臺中市西區藍興里五權路2之209巷9號,100000,1140502
11239,91066846,全勝建構營造股份有限公司,臺中市沙鹿區斗潭路155巷65號1樓,75000000,1140501
11243,91072707,君睿建設股份有限公司,臺中市沙鹿區鹿寮里光大路220號1樓,1000000,1140528
11244,91072755,巨陞報關股份有限公司,臺中市梧棲區頂寮里四維路106巷33號2樓,5000000,1140508
11245,91072761,首發有限公司,臺中市中區綠川里民族路23號3樓之1,200000,1140526
11246,91073889,日商瀧幸有限公司,臺中市南區工學一街173巷12號,1000000,1140522
11264,91091789,新烏日町美食有限公司,臺中市北區進化北路238號8樓之1,200000,1140509
11265,91092099,富也國際設計有限公司,臺中市潭子區福潭路187號,80000,1140519
11266,91093739,榮耀光國際有限公司,臺中市北區進化北路238號8樓之1,1000000,1140509
11267,91093766,乙應投資股份有限公司,臺中市北屯區仁美里昌平路二段44巷6號2樓,50000000,1140528
11268,91094667,鼎詣科技有限公司,臺中市神岡區社南里中山路851巷51弄7號1樓,500000,1140519
11269,91095011,高棋精密有限公司,臺中市豐原區南田里南田街113巷23弄22號1樓,100000,1140516
11275,91098951,鎮鑫資產管理有限公司,臺中市南區忠明南路787號21樓之1,1000000,1140502
11277,91100056,艾斐紳投資有限公司,臺中市北屯區平興里崇德二路一段141巷18號4樓,19900000,1140527
11278,91101386,馥荷藝有限公司,臺中市東區東英里三賢街142號1樓,1000000,1140514
11286,91108515,信恆國際有限公司,臺中市大里區東興里大明路253號1樓,5000000,1140501
11308,91124542,美鑫健康有限公司,臺中市大里區新仁里新仁路一段73之2號1樓,4000000,1140523
11312,92601493,居天地有限公司,臺中市太平區新興里新興路30號8樓,50000,1140526
11313,92601521,順洋工程有限公司,臺中市南屯區永春東路1000之2號5樓,2000000,1140501
11314,92601590,鴻源餐飲有限公司,臺中市西屯區逢福里河南路二段241之1號,2000000,1140501
11315,92601727,動力鏈空間有限公司,臺中市南屯區大墩十四街311號1樓,5000000,1140516
11316,92602346,聚凰閣有限公司,臺中市大肚區遊園路二段181巷4號2樓,1000000,1140526
11317,92602394,富竹國際實業有限公司,臺中市南屯區永定里黎明路二段71巷40號1樓,300000,1140508
11318,92602520,高陽事業股份有限公司,臺中市南屯區新生里向上路三段452號,4000000,1140506
11319,92602752,水福霖企業有限公司,臺中市北屯區水湳里文心路三段447號4樓,3000000,1140513
11320,92603464,嶼嶼行銷創意股份有限公司,臺中市北屯區崇德路二段416號9樓之3,1000000,1140507
11321,92603598,聖展生技股份有限公司,臺中市西屯區市政北二路282號21樓之9,280000000,1140507
11322,92603696,桐澄室內裝修有限公司,臺中市太平區新福里新福路38號1樓,100000,1140515
11363,93380552,暘生建設物業股份有限公司,臺中市太平區太順路563號,20000000,1140512
11368,93485795,托基創意科技有限公司,臺中市西區中興街233號10樓之7,2000000,1140501
11392,93499833,中新石礦股份有限公司,臺中市北屯區軍福九路538號,1000000,1140515
11421,93521167,植境園景企業有限公司,臺中市西屯區上安路11巷49號,500000,1140523
11431,93522980,華鴻不動產開發有限公司,臺中市北區光大里中清路一段100號3樓之1,1000000,1140527
11438,93530905,達亞生活事業股份有限公司,臺中市大雅區忠義里東大路二段999號,34500000,1140513
11439,93531186,典石誠經奢石有限公司,臺中市西屯區福雅里福安路70號,100000,1140521
11440,93531257,康順瑞宏有限公司,臺中市北屯區平安里文心路四段752之3號,1000000,1140516
11441,93531637,賦足有限公司,臺中市東區東英三街3號3樓,100000,1140528
11459,93540782,映真妍科技股份有限公司,臺中市大里區仁德里成功二路120巷41號1樓,3000000,1140523
11460,93541142,太佳國際租賃有限公司,臺中市西屯區大鵬里文心路三段241號10樓之1,18000000,1140516
11461,93541993,兆亦有限公司,臺中市太平區育賢路347號,300000,1140512
11462,93542058,鳳鶴茶宴糛餐食有限公司,臺中市北區漢口路三段247號1樓,800000,1140516
11467,93543660,星雨行旅有限公司,臺中市北屯區東山路一段138巷65之1號,5000000,1140526
11468,93543795,謙和國際事業有限公司,臺中市北屯區敦富路739號17樓之8,2200000,1140516
11506,93562434,神魅設計有限公司,臺中市西屯區臺灣大道二段910號13樓之2,1500000,1140523
11507,93562455,真實創意有限公司,臺中市北區太原路一段488號5樓,100000,1140505
11508,93562531,方方設計有限公司,臺中市南屯區南屯里黎明東街68之2號9樓,1000000,1140512
11509,93562743,月見里山福科餐飲股份有限公司,臺中市北屯區崇德六路582號,16000000,1140508
11510,93562785,護室康有限公司,臺中市北屯區平田里文心路四段875號4樓,2000000,1140508
11511,93562808,淇禾有限公司,臺中市西屯區永安里國安一路87號12樓之2,50000000,1140526
11512,93562976,上逵股份有限公司,臺中市西屯區大鵬里文心路三段241號18樓之5,1000000,1140527
11520,93568346,上立網路微電影有限公司,臺中市西區民龍里臺灣大道二段186號14樓之1,1000000,1140505
11522,93569470,如錦鋼構有限公司,臺中市太平區興隆里興隆路10之15號3樓,5000000,1140513
11523,93569611,永大有限公司,臺中市神岡區社南里昌平路五段420號1樓,1000000,1140522
11536,93576556,崔仕特有限公司,臺中市西區臺灣大道二段307號24樓,500000,1140521
11537,93576726,牧木行銷有限公司,臺中市北屯區平心里文心路四段875號4樓,200000,1140506
11538,93577062,凱悅開發有限公司,臺中市大甲區薰風里中山路一段823巷21之5號4樓之3,1000000,1140508
11539,93577268,駿宏科技股份有限公司,臺中市后里區后里里成功路158巷96弄28號1樓,5000000,1140522
11540,93577393,微星能源有限公司,臺中市南區和平里忠明南路758號11樓,1100000,1140514
11541,93577464,允碩國際能源有限公司,臺中市西屯區逢甲里西屯路二段256巷6號2樓之6,1100000,1140520
11542,93577696,維創數位人力資源有限公司,臺中市西屯區長安路一段56巷2號,100000,1140520
11547,93580094,品匠客製有限公司,臺中市潭子區栗林里弘勇街33號1樓,2000000,1140516
11558,93584269,萬臨國際股份有限公司,臺中市烏日區溪南路一段715巷18號2樓,20000000,1140502
11562,93586674,購好租租賃住宅包租代管有限公司,臺中市北區五常里五常街25號,180000,1140523
11563,93587322,永祐投資有限公司,臺中市西區貴和街203號1樓,18139515,1140522
11564,93587934,好天使有限公司,臺中市北屯區水湳里文心路四段61號,500000,1140502
11599,93607122,誠明有限公司,臺中市西屯區華美西街二段325號1樓,500000,1140528
11600,93607538,伊森好物有限公司,臺中市南屯區溝墘里大業路241號3樓之1,100000,1140522
11604,93612053,禾永鑫企業有限公司,臺中市西屯區何仁里重慶路201之1號,500000,1140512
11621,93620384,藍天教育顧問有限公司,臺中市西屯區市政北二路238號27樓之1,100000,1140512
11627,93624699,天晴生醫股份有限公司,臺中市東區仁和路470號1樓、2樓、3樓,7200000,1140528
11633,93629097,昌陞科技股份有限公司,臺中市太平區永豐路52號,4500000,1140521
11634,93629322,鼎鴻實業有限公司,臺中市西屯區市政北二路238號22樓之1,1100000,1140506
11635,93629370,琢耀建設股份有限公司,臺中市沙鹿區北勢里北勢五街6號1樓,50000000,1140527
11642,93638856,胖胖樹永續熱帶植物文化股份有限公司,臺中市西區綠川西街5之2號7樓,20050000,1140512
11653,93647150,你的創意有限公司,臺中市西區民龍里臺灣大道二段186號14樓之1,100000,1140516
11664,93651999,登盛有限公司,臺中市北屯區陳平路60巷19弄1號,4000000,1140512
11677,93658347,中臺流行影音中心股份有限公司,臺中市西屯區經貿路一段299號,200000000,1140520
11678,93659211,沛紳工程有限公司,臺中市北屯區和平里軍和街447號4樓之2,1000000,1140508
11679,93660771,井元生化科技有限公司,臺中市西屯區華美西街二段311號11樓,5000000,1140501
11680,93661498,居鑑驗屋有限公司,臺中市西屯區潮洋里市政北二路282號21樓之9,2000000,1140515
11681,93661639,米谷食品有限公司,臺中市大里區瑞城里塗城路527之27號4樓,2000000,1140522
11704,93683155,湛藍海岸開發有限公司,臺中市西區自由路一段101號8樓之2,100000,1140505
11705,93684133,秈多米餐飲事業股份有限公司,臺中市西區民龍里公益路155巷9號6樓之1,7000000,1140507
11709,93689209,金陽山企業股份有限公司,臺中市大肚區遊園路二段203巷3弄61號2樓,3000000,1140509
11714,93695552,人和國際傳媒有限公司,臺中市烏日區中山路三段418號8樓之3,100000,1140519
11722,93700730,碳索智匯投資管理顧問有限公司,臺中市南區復興路一段207巷17之14號,400000,1140519
11723,93701724,九龍仔模型有限公司,臺中市北區錦新街70之2號2樓、70之3號2樓,7300000,1140521
11724,93701914,富創國際投資有限公司,臺中市北屯區平田里文心路四段875號4樓,2000000,1140501
11725,93701978,太屋租賃有限公司,臺中市北區頂厝里崇德路一段523號3樓,1000000,1140505
11730,93705670,彤淨零美股份有限公司,臺中市烏日區九德里興祥街189號1樓,2000000,1140523
11731,93707585,玧淐貿易有限公司,臺中市南屯區惠中里大聖街6號2樓,1000000,1140528
11732,93707972,數碼寶世紀有限公司,臺中市北區博館二街45巷2號4樓之2,3000000,1140512
11733,93708281,創新綠能科技有限公司,臺中市大里區樹王里樹王路439巷8號1樓,3000000,1140519
11734,93708748,承太家電空調有限公司,臺中市清水區秀水里五權南路69號,300000,1140526
11750,93726936,金富旗股份有限公司,臺中市大雅區橫山里振興五路63號,500000,1140516
11751,93727409,雀喜投資股份有限公司,臺中市南屯區三厝里大墩十一街603號1樓,35000000,1140526
11752,93728553,興禾投資股份有限公司,臺中市西屯區工業區九路10號1樓,22425450,1140507
11753,93728857,興捷投資股份有限公司,臺中市西屯區工業區九路10號1樓,22425450,1140512
11754,93729048,七七七科技股份有限公司,臺中市西區民龍里臺灣大道二段375號12樓之1,10000000,1140502
11755,93729080,無限視角有限公司,臺中市西屯區市政北七路186號3樓之3,500000,1140529
11756,93729271,興奕資產股份有限公司,臺中市西屯區工業區九路10號1樓,22425450,1140512
11757,93729342,達輝健康高科技有限公司,臺中市北屯區東山里東山路二段中興巷15弄6號1樓,500000,1140526
11758,93731115,後龍能源股份有限公司,臺中市西屯區臺灣大道二段888號6樓之26,100000,1140519
11785,93768034,謙里廣告有限公司,臺中市北屯區松竹五路一段123號2樓之1,2000000,1140515
11787,93769673,二巷國際有限公司,臺中市西區忠明南路270號7樓之1,100000,1140527
11789,93771707,禾邑資產管理股份有限公司,臺中市西區民龍里臺灣大道二段285號27樓,22000000,1140502
11790,93772277,星映科技有限公司,臺中市北屯區平陽里梅川西路四段292號8樓之3,200000,1140506
11794,93775422,寶利實業有限公司,臺中市大里區西湖里西湖路189號,70000000,1140527
11802,93780065,濰爾國際行銷有限公司,臺中市北區頂厝里崇德路一段631號16樓之1,150000,1140516
11803,93780234,永日花囈股份有限公司,臺中市西區向上南路一段162之7號,1600000,1140522
11804,93780282,小農綠電有限公司,臺中市東勢區泰昌里泰昌二街53巷18號1樓,2808888,1140509
11805,93780522,哈囉花藝有限公司,臺中市西屯區上德里杏林路65巷28號,6000000,1140514
11823,93791794,歐若那鋅顧問服務有限公司,臺中市西區和龍里臺灣大道二段16號19樓之2,5575714,1140509
11824,93792132,中鎮投資有限公司,臺中市大雅區雅環路三段19巷13號,6000000,1140526
11825,93792153,延璽傳媒文創股份有限公司,臺中市北屯區平田里文心路四段955號11樓之2,101000,1140502
11826,93793245,韌帶斷裂有限公司,臺中市西區民龍里臺灣大道二段181號4樓之1,100000,1140508
11827,93793266,千越國際有限公司,臺中市大雅區樹德街95巷5號1樓,950000,1140519
11828,93793913,寶信源工程有限公司,臺中市南屯區溝墘里大業路241號3樓之1,1000000,1140529
11846,93952989,萌寵宇宙媒體有限公司,臺中市西屯區潮洋里市政北二路238號27樓之1,9000000,1140515
11857,94004319,鼎翌餐飲有限公司,臺中市清水區大勇路26號,18450000,1140505
11858,94004578,越盛投資有限公司,臺中市后里區廣福里內東路廣成巷52號1樓,160000,1140502
11862,94008981,恬園景觀有限公司,臺中市南屯區春安里嶺東南路159號9樓之6,1000000,1140508
11863,94009068,大馬租賃有限公司,臺中市豐原區北湳里圓環北路二段223巷19號3樓,25000000,1140508
11864,94009715,笠賀科技有限公司,臺中市南區永和里忠明南路1124號2樓,500000,1140526
11884,94019381,柚弘有限公司,臺中市西屯區福林里福科路519號10樓之1,2000000,1140516
11885,94019592,唯雲科技有限公司,臺中市南區和平里忠明南路758號17樓,2000000,1140520
11886,94019642,預智科技有限公司,臺中市潭子區福潭路52號1樓,200000,1140522
11887,94019690,鈦米生育光國際股份有限公司,臺中市太平區合利街24巷13號4樓,1020000,1140521
11888,94019740,衛斯睿有限公司,臺中市西區臺灣大道二段186號14樓之1,3000000,1140522
11889,94019880,滬睿國際有限公司,臺中市南區樹德里德祥街103號,1500000,1140516
11890,94020351,旭研電機有限公司,臺中市南區福興里五權南路167號地下一樓之6,1500000,1140508
11891,94021302,昂星開發有限公司,臺中市南區積善里興大路190號,300000,1140520
11892,94021534,億響有限公司,臺中市西屯區至善里臺灣大道三段658號4樓之2,15000000,1140509
11893,94021555,蛋白波樂有限公司,臺中市南屯區惠中里文心路一段378號5樓之7,500000,1140514
11894,94021598,感情無限時間股份有限公司,臺中市西屯區朝富路170號,4722700,1140527
11898,94026209,淨零創新有限公司,臺中市東區忠孝路322之1號1樓,600000,1140513
11901,94028277,致富經管顧問有限公司,臺中市北屯區同榮里豐樂北二路207號,200000,1140522
11913,94035636,馬思特創發有限公司,臺中市北區頂厝里進化北路238號10樓之3,500000,1140509
11915,94036712,亞太群通股份有限公司,臺中市北區賴福里進化北路392之2號12樓之2,1450000,1140515
11916,94036754,超級倡星有限公司,臺中市南屯區豐富路151號1至2樓,1500000,1140522
11917,94037022,霧湜有限公司,臺中市西區民龍里臺灣大道二段239號13樓,50000,1140512
11942,94051311,齁斑科技社會企業有限公司,臺中市南區和平里忠明南路758號11樓,1000000,1140509
11943,94051733,百照有限公司,臺中市潭子區頭家路108號1樓,200000,1140519
11944,94052260,驗巢科技有限公司,臺中市西屯區何源里成都路285號2樓,3000000,1140519
11945,94052732,夏青青文創有限公司,臺中市西屯區市政北二路236號20樓之2,500000,1140512
11946,94052748,光生金綠能股份有限公司,臺中市南屯區惠中里大墩十一街406號,37100000,1140505
11966,94061351,創真國際貿易有限公司,臺中市北屯區仁美里昌平東五路278號1樓,300000,1140506
11967,94061417,世麒有限公司,臺中市西區博館三街100號底層之15,500000,1140516
11968,94061606,萬和儀器有限公司,臺中市西屯區朝富路213號22樓之2,12000000,1140509
11969,94061802,麟驊投資有限公司,臺中市南區樹德里建國南路一段133號10樓之2,10000000,1140520
11971,94064337,石盈企業有限公司,臺中市西屯區何厝街6巷2之1號3樓,5000000,1140527
11974,94066222,辰方圓有限公司,臺中市和平區中正路37號1樓,200000,1140512
11987,94074829,宥億鋼構有限公司,臺中市大里區國中路476號,5000000,1140505
11997,94081650,邑帆設計工程有限公司,臺中市北屯區軍功里軍榮一街28號4樓之13,1500000,1140507
11999,94082216,高達生技有限公司,臺中市北屯區和平里軍福十五路357號,2000000,1140523
12000,94082270,金湛精工有限公司,臺中市西屯區大石里皇城街40號8樓之1,1000000,1140505
12001,94082476,鑫鮮冷凍食品有限公司,臺中市神岡區岸裡里中山路139號1樓,1000000,1140520
12002,94082715,鑫僑國際貿易有限公司,臺中市西區向上路一段36號六樓之3,1500000,1140528
12063,94109279,禾豐人力資源有限公司,臺中市北屯區崇德路二段130號15樓,5000000,1140522
12065,94110579,海斯生醫有限公司,臺中市西屯區逢福里河南路二段262號3樓之11,500000,1140516
12066,94110640,朋萬有限公司,臺中市大里區東興里國光路二段706之7號,300000,1140527
12068,94110888,川目國際有限公司,臺中市東區十甲里東英八街38號1樓,1888000,1140514
12069,94111872,鑫宏昌電有限公司,臺中市西屯區何厝里何厝東二街23號7樓之3,2000000,1140519
12070,94112627,海園國際水產有限公司,臺中市清水區南社里忠孝二街68之2號1樓,2500000,1140505
12085,94119369,伊鎂美妍事業有限公司,臺中市北屯區廍子里太原路三段1379號5樓之5,1000000,1140520
12107,94133284,祈福科技股份有限公司,臺中市西區三民路一段149號12樓之1,1000000,1140512
12108,94133572,米撰國際有限公司,臺中市大里區仁化里善化路166巷47弄6之1號4樓,5000000,1140505
12121,94140150,衷實有限公司,臺中市北屯區同榮里洲際一街116號,3000000,1140526
12122,94140807,星曜洋有限公司,臺中市東區東信里振興路437巷20號3樓,1000000,1140521
12157,94163337,旭日堂國際有限公司,臺中市北屯區松強里昌平三街3號4樓,4200000,1140526
12158,94163646,頻威智科技股份有限公司,臺中市后里區后里里甲后路一段501巷7號1樓,22000000,1140505
12186,94177199,須盡歡整合行銷有限公司,臺中市烏日區三和里中山路三段432號6樓之1,1000000,1140519
12196,94183002,麥遊科技有限公司,臺中市北區民權路559號10樓之3,5700000,1140528
12197,94183241,鼎興泰國際有限公司,臺中市北屯區北屯路298巷24號,1000000,1140501
12198,94184635,風采視聽歌唱有限公司,臺中市北區公園路182之6號,300000,1140521
12226,94201022,侑起有限公司,臺中市西區忠明里美村路一段22號7樓之7,1000000,1140515
12229,94202471,台灣智綠科技股份有限公司,臺中市西屯區成都路283號1樓,2000000,1140516
12230,94202916,昱碧股份有限公司,臺中市西屯區何厝里四川路87號地下一層之2,10000000,1140513
12231,94202958,荷星行銷廣告有限公司,臺中市北區文心路四段200號6樓之8,500000,1140506
12232,94203062,達銨企業有限公司,臺中市北屯區松和里松和街35號1樓,2000000,1140501
12237,94206482,惠睦康生物科技有限公司,臺中市沙鹿區福興里鎮南路永福巷91號1樓,15000000,1140516
12238,94206504,恒奎股份有限公司,臺中市北屯區仁和里四平路322號3樓之3,6000000,1140519
12239,94206820,愛樂有限公司,臺中市太平區宜佳里市民大道一段263號1樓,1010000,1140514
12240,94207314,縱觀藝術有限公司,臺中市西區公益里忠明南路237號5樓之2,1000000,1140516
12241,94207460,奧得昇咖啡有限公司,臺中市西區臺灣大道二段311巷1弄42號,1000000,1140509
12242,94207948,得勝房產有限公司,臺中市北屯區平德里文心路四段532號,500000,1140501
12243,94208101,能駿陞傳播媒體有限公司,臺中市西屯區潮洋里市政北二路236號14樓之3,1100000,1140523
12245,94208849,盛億國際股份有限公司,臺中市沙鹿區鹿寮里中山路378巷23弄8號2樓,2050000,1140512
12246,94209050,儒維投資有限公司,臺中市大雅區西寶里昌平路四段282南十九巷35號1樓,25000000,1140513
12269,94221569,劭宇精密工業有限公司,臺中市太平區宜佳里宜文街57號1樓,8000000,1140516
12270,94221630,全村有限公司,臺中市豐原區鎌村一街2巷10號1樓,500000,1140502
12271,94221738,華程工程有限公司,臺中市西區民龍里臺灣大道二段239號13樓,3005000,1140528
12272,94222363,惟人自召有限公司,臺中市大甲區日南里經國路2438巷23弄13號1樓,1000000,1140519
12278,94227260,拾麥有限公司,臺中市西屯區何安里臺灣大道二段910號13樓之2,50000,1140513
12279,94227487,樂比多有限公司,臺中市北屯區舊社里敦富路801號,300000,1140502
12280,94227846,漢武工程有限公司,臺中市西屯區何厝里何厝街6巷2之1號,5000000,1140527
12281,94228015,森蔬果有限公司,臺中市西屯區何仁里文心路三段296之1號10樓,100000,1140527
12305,94242733,景洋軒國際有限公司,臺中市南區永興里高工路369巷6號1樓,1500000,1140515
12306,94242889,原家有限公司,臺中市南屯區文心路一段186號10樓之3,2800000,1140512
12337,94258376,益達國際有限公司,臺中市北屯區文心路四段955號17樓,2400000,1140501
12338,94259023,台灣電力儲能股份有限公司,臺中市西屯區文心路二段201號9樓之3,2050000,1140512
12339,94259086,佳德國際有限公司,臺中市西屯區潮洋里龍門路100號,1000000,1140509
12340,94259311,芯宇投資有限公司,臺中市北屯區大德里中清路二段360號3樓之1,200000,1140506
12341,94259656,精誠投資股份有限公司,臺中市西區公正里精誠路412號1樓,1000000,1140507
12342,94259749,全富億實業有限公司,臺中市西屯區工業區一路6巷12號2樓,1000000,1140501
12343,94259831,神農氏健康農業超市股份有限公司,臺中市烏日區學田里高鐵路三段168號,1000000,1140512
12345,94260324,歐耀網路科技有限公司,臺中市北屯區中清路二段360號3樓之1,200000,1140506
12346,94261040,安欣達物業管理顧問有限公司,臺中市南屯區同心里文心路一段186號6樓之11,200000,1140526
12358,94267662,富昇不動產有限公司,臺中市西屯區潮洋里龍門路39號1樓,500000,1140514
12359,94268016,金芯股份有限公司,臺中市北屯區廍子里建軍二街86號1樓,2100000,1140516
12360,94268199,小紅帽國際語言文化有限公司,臺中市北區金華里錦華街40巷18號,100000,1140506
12382,95427130,台灣儀校有限公司,臺中市烏日區榮泉里中山路三段1149號1樓,2000000,1140508
12383,95427363,正定工程有限公司,臺中市沙鹿區鹿寮里中山路495巷82號1樓,8000000,1140528
12390,95432605,元溢方有限公司,臺中市西區公德里精誠路159號,200000,1140523
12391,95432696,浤誠管理顧問有限公司,臺中市西屯區西墩里黎明路三段133號11樓之2,1000000,1140512
12393,95433386,富瑞康生物科技有限公司,臺中市北屯區平田里遼陽北二街83號1樓,1000000,1140522
12398,95436378,宏富科技投資顧問有限公司,臺中市北屯區平田里文心路四段959號10樓之1,888000,1140520
12408,95439092,富宇工程管理顧問有限公司,臺中市龍井區新東里臺灣大道五段3巷42弄86號2樓,100000,1140507
12412,95439678,富毓興業有限公司,臺中市西區民權路219號2樓,1280000,1140516
12413,95440008,仲諾金屬加工有限公司,臺中市梧棲區頂寮里八德路98巷71號,30000000,1140507
12418,95441610,寶樂璽有限公司,臺中市北屯區松強里興安路二段461巷58弄6號9樓,210000,1140515
12419,95441837,嘉點事業有限公司,臺中市南區忠明南路787號21樓之1,2000000,1140509
12424,95447109,呈奕興業有限公司,臺中市西區臺灣大道二段285號4樓之2,200000,1140509
12440,95457274,班克先生股份有限公司,臺中市西區民龍里臺灣大道二段220號31樓,2002500,1140521
12448,95460453,比比讚國際貿易股份有限公司,臺中市烏日區湖日里環河路三段838號,500000,1140501
12457,95464182,勁恆營造股份有限公司,臺中市南區學府路170號4樓之22,29600000,1140519
12471,95469341,台灣達慶原住民有限公司,臺中市大里區新仁里公教街171號1樓,580000,1140509
12479,95471120,金倢有限公司,臺中市神岡區中山路1570號,5000000,1140520
12481,95471705,質宏有限公司,臺中市西區民龍里臺灣大道二段285號4樓之2,100000,1140508
12487,95473324,五吉國際餐飲股份有限公司,臺中市南區永興里高工南路1號,3500000,1140515
12493,95477617,凱義事業有限公司,臺中市大里區新生路171巷1號1樓,500000,1140528
12509,95483358,雄駿有限公司,臺中市西屯區市政北二路236號20樓之1,1000000,1140512
12510,95483857,綠菲生物科技有限公司,臺中市北屯區廍子里廍子路187號,200000,1140508
12511,95484130,京碩國際有限公司,臺中市西區民龍里臺灣大道二段186號14樓之1,2000000,1140512
12520,95489260,明宇品牌設計企業有限公司,臺中市南區新和街154巷38號1樓,100000,1140522
12524,95490772,煜宇有限公司,臺中市東區富仁里自由二街91號2樓,2000000,1140521
12526,95492027,高飛資訊科技有限公司,臺中市西屯區何仁里寧夏路195之8號9樓,1000000,1140506
12534,95494812,隆州國際航空貨運代理有限公司,臺中市西屯區惠來里市政路55號8樓之1,5000000,1140516
12562,96590047,菀心有限公司,臺中市北屯區廍子里太原路三段1329號,2000000,1140516
12566,96624996,益台成有限公司,臺中市西屯區何厝里何厝東二街23號9樓之3,1000000,1140520
12567,96626328,曜鼎國際有限公司,臺中市北屯區平安里文心路四段698號15樓之1,100000,1140505
12570,96644108,巨星科技有限公司,臺中市北屯區太順三街28號,1500000,1140526
12576,96668678,寬基營造股份有限公司,臺中市西區公益路367號13樓之2,39000000,1140505
12577,96671168,明琴有限公司,臺中市大里區大里路222號1樓,23324000,1140502
12578,96671771,盛驊股份有限公司,臺中市西屯區市政北二路236號20樓之1,5000000,1140513
12581,96676142,湶方位不動產規劃顧問有限公司,臺中市梧棲區頂寮里四維中路337號10樓之1,550000,1140507
12589,96685873,金享時尚娛樂有限公司,臺中市西屯區寧夏路79號4樓之1,200000,1140519
12595,96752154,緣野實業有限公司,臺中市潭子區頭家里和平路18號6樓,100000,1140506
12600,96753512,祐珅鋼鐵有限公司,臺中市南區新榮里學府路135巷6號B1樓之10,300000,1140528
12601,96753822,鳴輝工程顧問有限公司,臺中市南屯區向上路二段328號1樓,1000000,1140507
12602,96754717,顯泰投資股份有限公司,臺中市北區賴村里大德街144號,16400000,1140526
12603,96754723,耘拓有限公司,臺中市中區大誠里臺灣大道一段501號10樓之1,1210000,1140505
12604,96756671,凱登能源股份有限公司,臺中市龍井區忠和里工業路177巷1號,10000000,1140520
12609,96759348,煦蘊有限公司,臺中市西屯區何南里大安西街30號1樓,100000,1140507
12614,96762126,睿旺室內裝潢有限公司,臺中市西屯區河南路一段132號1樓,6900000,1140512
12626,96765263,日森生醫股份有限公司,臺中市西屯區逢甲里河南路二段327號4樓之5,1000000,1140506
12631,96768965,鉅特有限公司,臺中市西屯區逢甲里河南路二段327號4樓之5,100000,1140520
12636,96770441,清嵩家居股份有限公司,臺中市南區樹義里大慶街一段246之12號11樓,5000000,1140512
12643,96772567,成昇投資股份有限公司,臺中市南屯區大墩六街350巷53號3樓,3000000,1140507
12647,96774164,均馥投資國際有限公司,臺中市南區福中街48號2樓,15000000,1140515
12648,96774262,宏岳科技工程有限公司,臺中市南區樹德里復興北路353號1樓,5000000,1140528
12655,96777079,黎歐迪股份有限公司,臺中市西屯區工業區三十一路10號2樓,500000,1140508
12656,96777330,鑫星生醫國際股份有限公司,臺中市北屯區南興一路5號5樓之1,500000,1140526
12657,96777704,嬅興有限公司,臺中市大里區大里里長興一街77巷2號1樓,1000000,1140512
12662,96780721,塔奇資訊科技股份有限公司,臺中市西區林森路245號2樓,500000,1140528
12664,96782642,眾智國際貿易有限公司,臺中市南屯區大業里公益路二段61號3樓之3,1000000,1140508
12686,96791115,緣生有限公司,臺中市沙鹿區日新街68號2樓,53800000,1140528
12695,96794176,汎穎光電科技有限公司,臺中市潭子區豐興路一段559號,10000000,1140519
12712,96801985,聯盛橡塑材料股份有限公司,臺中市南屯區文心路一段306號3樓之3,20000000,1140507
12718,96803935,壬豪科技有限公司,臺中市北區育德路25號2樓,1100000,1140516
12727,96806546,長展投資股份有限公司,臺中市南屯區田心里大墩四街321號地下一層,57650000,1140505
12730,96807382,智本管理顧問有限公司,臺中市南屯區向上南路一段163號10樓之22,1000000,1140513
12735,96809121,冠鈊實業有限公司,臺中市北區北屯路14號6樓之5,1200000,1140502
12739,96810794,引航科技股份有限公司,臺中市西區民龍里臺灣大道二段285號27樓,10000000,1140520
12747,96813504,富旺達不動產有限公司,臺中市南屯區大墩南路356號,800000,1140509
12755,96819824,瑩嘉開發有限公司,臺中市西屯區黎明路三段28巷10號,3000000,1140521
12758,96820821,泉百澤投資有限公司,臺中市西區民權路219號2樓,2000000,1140501
12762,96822010,好狗運財庫有限公司,臺中市西區臺灣大道二段489號31樓,500000,1140521
12767,96823756,藏璽工程有限公司,臺中市西屯區惠來里市政北七路186號5樓之2,1000000,1140501
12770,96824869,裕嫻食品有限公司,臺中市北區梅川里綏遠路一段53號2樓,1000000,1140519
12776,96826493,成約設計股份有限公司,臺中市西屯區逢甲里河南路二段327號4樓之5,700000,1140528
12778,96827296,肁雋不動產有限公司,臺中市沙鹿區興仁里光華路115號1樓,500000,1140515
12797,96833121,銓馥投資股份有限公司,臺中市西區中興里公正路85號17樓之3,1000000,1140507
12799,96833277,聿毅不動產經紀有限公司,臺中市南區江川里永和街176之1號2樓,500000,1140513
12801,96833874,安信電力有限公司,臺中市豐原區鎌村里鎌村一街35號1樓,3000000,1140516
12809,96836491,同豐開發股份有限公司,臺中市北區賴厝里漢口路四段62號7樓之6,2000000,1140515
12812,96838370,福滿田有限公司,臺中市西區民龍里臺灣大道二段285號16樓,400000,1140501
12817,96841255,星辰環球科技有限公司,臺中市北區頂厝里進化北路238號8樓之1,1000000,1140512
12823,96843768,富量股份有限公司,臺中市東區東福路15號,3500000,1140506
12827,96845153,鑫英有限公司,臺中市西區中美街391號1樓,2000000,1140522
12828,96845338,原迅實業有限公司,臺中市南區樹義路49號,1000000,1140506
12837,96847531,沐風事業股份有限公司,臺中市北區新北里三民路三段148之3號,10000000,1140502
12839,96848264,宅科技股份有限公司,臺中市東區公園東路130號2樓之2,4900000,1140515
12844,96849334,佳禾地產有限公司,臺中市南區樹德里建國南路一段130號1樓和2樓,5000000,1140520
12857,96891682,光捷環保機械股份有限公司,臺中市烏日區中山路三段1399號1樓,10000000,1140513
12885,96992859,汰原實業有限公司,臺中市龍井區台西南路220巷35號,34500000,1140522
12886,96995758,西格瑪有限公司,臺中市西區存中街44號2樓,1000000,1140526
12887,97000483,麒翔工程有限公司,臺中市龍井區田中里龍北路312巷27號2樓,29000000,1140521
12890,97017323,南泰廣告企業有限公司,臺中市西屯區上安里至善路18巷1號10樓之5,5000000,1140528
12900,97047190,上雲建設股份有限公司,臺中市東區東門里東光園路64巷99號1樓,2000000,1140513
12914,97092363,崇佑投資股份有限公司,臺中市南區忠明南路758號33樓,67250000,1140520
12937,97162971,聯友科技股份有限公司,臺中市梧棲區大成南路3號,215000000,1140515
12942,97167201,台灣岡畑股份有限公司,臺中市西屯區文心路二段107號10樓之1,5000000,1140528
12951,97178278,赫能暢電股份有限公司,臺中市沙鹿區中山路196巷56之1號1樓,107672400,1140512
12953,97187662,永曜布料科技股份有限公司,臺中市龍井區龍津里中央路一段238巷14弄15號,30000000,1140526
12960,97233379,景鴻企業有限公司,臺中市東勢區延平里東關路七段86號,1000000,1140521
12964,97252121,信達水電工程有限公司,臺中市大里區西村路3之4號1樓,10000000,1140502
12990,97336902,致邦空調工程有限公司,臺中市南屯區益昌三街100號2樓,100000000,1140523
13005,97376256,雲林帽徽有限公司,臺中市南屯區文山里寶山三街92號,1000000,1140522
13006,97379232,源峰橡膠股份有限公司,臺中市豐原區南村里北陽三街216號,5000000,1140502
13007,97382166,惠生行有限公司,臺中市豐原區成功路680號4樓,10000000,1140512
13014,97417783,帝傑有限公司,臺中市大雅區員林里大林路132號,15000000,1140514
13016,97430630,尚鈦實業股份有限公司,臺中市西屯區潮洋里朝富二街8號1樓,15000000,1140507
13025,97451212,盈銓投資股份有限公司,臺中市南區忠明南路758號33樓,329831820,1140520
13039,97488977,仲信大飯店股份有限公司,臺中市北屯區后庄路(268號、270號、306號)1至13樓,100000000,1140512
13041,97495788,美兒健國際有限公司,臺中市西屯區重慶路289之2號,1000000,1140501
13052,97513218,台灣麗偉電腦機械股份有限公司,臺中市后里區廣福里星科路8號,613469250,1140505
13059,97519254,風采國際傳媒有限公司,臺中市沙鹿區民族路76號,100000,1140515
13062,97525185,玖久電腦有限公司,臺中市北屯區文心路四段955號11樓之2,500000,1140509
13067,97528872,太立實業股份有限公司,臺中市霧峰區中投西路二段66號,61068000,1140520
13074,97536922,超勢有限公司,臺中市西屯區何厝東二街23號9樓之3,200000,1140507
13075,97537112,球球科技股份有限公司,臺中市神岡區社口里社口街120巷19號,1000000,1140516
13079,97540876,精一彈簧五金有限公司,臺中市大里區大元里國光路一段125巷11號2樓,6500000,1140521
13081,97545226,瑜達股份有限公司,臺中市北區太原路一段532號4樓之1,5000000,1140528
13082,97548315,鉑泰實業股份有限公司,臺中市太平區光華里長安路149號1樓,76000000,1140527
13083,97550682,頤林室內裝潢設計有限公司,臺中市南屯區新生里新富路707號,1000000,1140512
13086,97552605,堤比拉有限公司,臺中市西區民龍里臺灣大道二段239號13樓,700000,1140520
13087,97553941,懋豐科技股份有限公司,臺中市南屯區東興路二段186號4樓之4,28880000,1140513
13100,97575332,鴻雲商貿有限公司,臺中市后里區文明路16號,2000000,1140515
13104,97577140,東逸創意整合行銷有限公司,臺中市東區新庄里復興路四段82號8樓,1000000,1140509
13106,97577887,立晉企業有限公司,臺中市南屯區豐樂里文心南路227號8樓之13,7000000,1140505
13109,97584297,寶麗鼎股份有限公司,臺中市沙鹿區竹林里臺灣大道七段550號1樓,3000000,1140512
13111,97589841,詠東科技股份有限公司,臺中市太平區興隆里興隆路一段70巷56號,5000000,1140507
13113,97592655,逗樂影視有限公司,臺中市北區建興里永興街114號5樓之8,2000000,1140506
13115,97594181,植芳園香氛有限公司,臺中市南區台中路38巷12之2號3樓,100000,1140514
13119,97602345,逸圓有限公司,臺中市沙鹿區日新街68號2樓,53800000,1140528
13129,97617332,瀾音悠悠有限公司,臺中市西屯區惠來里市政北一路77號15樓之7,7350000,1140528
13133,97630428,寅佳工程有限公司,臺中市西區臺灣大道二段2號18樓之1,500000,1140512
13136,97750295,晟堅企業股份有限公司,臺中市大里區大元里國中路102號,27500000,1140514
13137,97751034,贏海實業有限公司,臺中市西屯區河南路二段262號3樓之2,3880000,1140513
13155,98644006,人人好商學苑有限公司,臺中市西屯區惠來里市政北七路186號12樓之9,1600000,1140507
13156,98644266,東金京有限公司,臺中市西屯區惠來里市政北七路186號14樓之8,1100000,1140512
13157,98644809,沐蓉有限公司,臺中市南區有恆街152號地下一樓,400000,1140528
13159,98645315,宏富開發投資有限公司,臺中市豐原區田心里圓環東路86號2樓,500000,1140506
13164,98647480,恆創公關顧問有限公司,臺中市南屯區溝墘里大墩十四街256號4樓,500000,1140514
13165,98648278,永吉搬家貨運有限公司,臺中市南屯區保安六街143號11樓之16,10000000,1140527
13167,98649305,品嘗人有限公司,臺中市北區健行里民權路559號9樓之2,1000000,1140505
13172,99995676,荷新工程股份有限公司,臺中市西屯區重慶路99號5樓之3,28000000,1140519
13180,99998499,愷祐水電有限公司,臺中市太平區新福里振福路239號2樓,200000,1140505
13181,99998575,名忻股份有限公司,臺中市北屯區南興路508號,10000000,1140513
13182,99998667,水分子實業有限公司,臺中市西屯區何德里大信街66號11樓之3,500000,1140513
