序號,統一編號,公司名稱,公司所在地,資本額,核准變更日期
5,00005965,長春興業有限公司,臺中市西屯區中科路1733號1樓,17000000,1150527
22,00014578,牛牛娛樂整合行銷活動企劃有限公司,臺中市西屯區市政北七路186號3樓之3,100000,1150526
32,00022726,長城好牆有限公司,臺中市太平區東和里東平路2巷423號,100000,1150525
35,00023491,鉅薪餐飲事業有限公司,臺中市北屯區軍福十一路270號7樓,1000000,1150526
43,00033097,圓安新能源科技有限公司,臺中市北屯區平田里文心路四段955號10樓之6,300000,1150519
45,00034223,藍瓶子有限公司,臺中市北屯區北京里進化北路63號4樓之1,2000000,1150515
47,00035588,翎崴有限公司,臺中市西屯區市政北二路236號20樓之2,4100000,1150527
49,00036475,頌恩生命禮儀有限公司,臺中市沙鹿區正英三街45巷1號1樓,300000,1150507
59,00043285,樂悠之味有限公司,臺中市大里區長榮里益民路二段89巷46號1樓,988080,1150514
69,00047938,清洋管理顧問有限公司,臺中市清水區槺榔里八德路二段89號1樓,1000000,1150521
98,00070120,易隅宥貓有限公司,臺中市北區頂厝里進化北路238號8樓之1,1200000,1150525
101,00073745,樂齡億代有限公司,臺中市北區一中街162之19號2樓,3000000,1150508
103,00075096,把酒起舞有限公司,臺中市南區大慶街二段11之93號,600000,1150527
105,00076617,朋樂開發有限公司,臺中市烏日區三和里學田路253號2樓,2500000,1150505
109,00078241,博旭投資股份有限公司,臺中市西區忠誠里華美西街一段161之1號,2000000,1150515
113,00082012,芊亦生技有限公司,臺中市太平區宜欣里仁和街35號2樓,55000,1150525
117,00083265,橙柿口袋股份有限公司,臺中市西屯區西平里福星路332號,100000,1150514
120,00085664,咕嚕蘇嚕餐廳有限公司,臺中市西區精誠六街15號,3112000,1150525
121,00086988,忠信國際物流運輸股份有限公司,臺中市梧棲區中華路一段979巷157號1樓,30065220,1150518
123,00088775,花境室內裝修設計有限公司,臺中市西屯區福雅里福科路362巷58號,300000,1150507
124,00089275,新一生技有限公司,臺中市北區健行里忠明路424號20樓之1,2000000,1150518
131,00093094,京采企劃整合有限公司,臺中市北區陝西路108號15樓之2,8000000,1150514
154,00106056,承億文資股份有限公司,臺中市西區民生路40號,36000000,1150527
159,00108126,迅銷美食有限公司,臺中市西區公益里忠明南路237號5樓之2,100000,1150525
162,00108934,禾日室內裝修設計有限公司,臺中市南屯區大墩一街156號1樓,4500000,1150505
163,00108977,觀昕醫務管理顧問股份有限公司,臺中市南屯區三厝里黎明東街150號2樓之1,16534500,1150527
165,00111255,蒔汸空間整合有限公司,臺中市南屯區五權西路二段666號10樓之3,2000000,1150521
168,00115436,天璣生技科技股份有限公司,臺中市豐原區翁子里豐勢路二段290巷50弄66號1樓,14210000,1150525
181,00121406,安達汽車貨運股份有限公司,臺中市大肚區新興里沙田路二段159巷6號,29800000,1150511
182,00121660,梵居設計股份有限公司,臺中市大雅區雅環路一段132號1樓,1000000,1150525
185,00122020,鑫華通有限公司,臺中市大里區東湖里長春路178巷5弄5號2樓,3000000,1150507
186,00122464,渥夫特實業有限公司,臺中市大雅區神林路一段36巷6弄20號1樓,6000000,1150504
190,00124110,覞城開發有限公司,臺中市南區福順里忠明南路789號38樓之2,100000,1150528
193,00125271,鑫廣樺國際股份有限公司,臺中市西屯區惠來里市政北一路365號20樓之1,20000000,1150512
194,00127019,百豐工程服務有限公司,臺中市西區土庫里福人街121巷32號2樓,200000,1150527
201,00129157,恒宇行銷有限公司,臺中市北區健行里忠明路200號7樓,1000000,1150520
204,00130823,采盛商務中心有限公司,臺中市北區賴村里進化北路369號9樓,109000,1150506
220,00140250,歐歐兔股份有限公司,臺中市南屯區向心里文心南二路398號,200000,1150519
222,00141785,德與芯台灣有限公司,臺中市西區臺灣大道二段489號31樓,5000000,1150506
227,00145488,好事李花生有限公司,臺中市北區進化北路367號3樓之11,100000,1150512
229,00145635,木林森地產股份有限公司,臺中市梧棲區八德路一段68號,6000000,1150512
238,00153000,騏鋒工程有限公司,臺中市龍井區新東里臺灣大道五段3巷42弄86號2樓,1000000,1150512
250,00159551,滿銓錡圓滿實業有限公司,臺中市豐原區圓環東路465號1樓,500000,1150513
253,00160017,就是要福傳媒股份有限公司,臺中市東區泉源里樂業二路68號1樓,660000,1150518
257,00161276,康妮斑森股份有限公司,臺中市豐原區南陽路425號4樓,96370000,1150520
260,00162535,儀達投資股份有限公司,臺中市西屯區惠來里市政北七路186號5樓之2,11000000,1150515
261,00163437,昕越科技股份有限公司,臺中市西區民龍里臺灣大道二段220號17樓,10500000,1150515
278,00171680,聚富資源股份有限公司,臺中市西屯區潮洋里臺灣大道三段789號3樓之1,50000000,1150513
281,00172457,允豐商業股份有限公司,臺中市北區進化路575號地下一層之4,1800000,1150508
311,00192123,俍人創意有限公司,臺中市豐原區北湳里圓環北路二段10巷16號,400000,1150504
317,00194889,奕禹工程有限公司,臺中市潭子區頭家里頭家路96號7樓,1000000,1150527
318,00194972,彌陀文化股份有限公司,臺中市西屯區惠來里市政路500號27樓之1,15000000,1150505
324,00197197,瘋水電實業有限公司,臺中市烏日區溪南路三段55巷13弄11號1樓,2000000,1150506
325,00199548,豐格投資股份有限公司,臺中市北區賴明里中清路一段728號5樓,34000000,1150518
331,00203607,得運智科股份有限公司,臺中市西屯區惠來里市政北七路186號12樓之8,1000000,1150515
350,00217757,銘陞馥雩有限公司,臺中市潭子區家福里頭張路一段117巷17弄17號6樓,100000,1150515
354,00219967,星皓有限公司,臺中市南區福順里忠明南路789號38樓之2,500000,1150525
359,00224455,誠翔實業有限公司,臺中市北屯區陳平里中清路二段546號1樓,300000,1150525
363,00227663,台中哈雷老唐股份有限公司,臺中市南屯區龍富路四段535號1樓,4000000,1150518
365,00228500,三叉戟有限公司,臺中市東區合作里自強街22巷5號1樓,300000,1150507
366,00228918,禹登科技股份有限公司,臺中市西屯區市政北七路186號11樓之2,4000000,1150512
368,00230978,金匯賺投資股份有限公司,臺中市西屯區何南里東興路三段381號5樓之3,4500000,1150519
379,00242405,藝齊奏有限公司,臺中市西屯區惠來里市政北七路186號12樓之9,50000,1150515
385,00244121,易騏有限公司,臺中市北屯區平安里文心路四段698號15樓之1,1000000,1150511
393,00249110,云想健康生活有限公司,臺中市北屯區崇德九路287號4樓,11700000,1150505
398,00251776,宗晟企業有限公司,臺中市神岡區社南里中山路667巷16號,500000,1150514
399,00251852,雲飛有限公司,臺中市大里區瑞城里塗城路428號10樓之8,1000000,1150504
402,00253182,沃亨控股股份有限公司,臺中市西區精誠三十街23號2樓,20000000,1150504
405,00254871,勁興國際實業有限公司,臺中市西屯區福和里臺灣大道四段847號11樓,2500000,1150505
418,02998281,昌錦企業股份有限公司,臺中市西屯區協和里工業區42路33號,5000000,1150518
460,04403862,鴻元生技股份有限公司,臺中市北屯區平安里崇德路二段128號6樓之2,244432200,1150507
514,05750966,東億紙業股份有限公司,臺中市豐原區南嵩里北陽路365號,25000000,1150528
515,05791191,安永信股份有限公司,臺中市西區建國路21號,10000000,1150520
516,05796576,毅勳凡而工業股份有限公司,臺中市龍井區忠和里海尾路240巷5號,80000000,1150507
517,06033529,田郁有限公司,臺中市太平區光隆里光興路890巷2號,5000000,1150520
585,12231717,世同科技股份有限公司,臺中市西屯區工業區五路7號1至3樓、9號1至2樓、11號1至2樓,729683860,1150519
587,12251277,環偉實業股份有限公司,臺中市西區樂群街91號2樓,60000000,1150513
590,12258124,恆森貿易有限公司,臺中市南屯區文心一路207號,5000000,1150512
634,12631039,昌鉅機械股份有限公司,臺中市豐原區三村里大明路177號10樓,29850000,1150519
641,12643746,康禾利威企業有限公司,臺中市南區長榮里愛國街47號5樓,6000000,1150515
642,12643838,陸穎建設有限公司,臺中市北屯區水景里景賢路358號2樓,110000000,1150526
663,12707656,美林藝術文創股份有限公司,臺中市西屯區臺灣大道三段789號22樓之2,23703701,1150527
666,12713382,惠璟機械有限公司,臺中市大里區東興里永大街450號1樓,2000000,1150513
670,12719132,齊豐企業有限公司,臺中市中區臺灣大道一段498號1樓,5000000,1150505
675,12739587,千悅興業股份有限公司,臺中市大雅區田心街8號,29000000,1150512
676,12745271,竑穗興業股份有限公司,臺中市西區民龍裡英才路530號10樓之5,1250000000,1150529
686,12775345,立潔裝訂有限公司,臺中市北屯區東光路852巷12號,2000000,1150506
700,12800766,綠點高新科技股份有限公司,臺中市大雅區員林里神林路一段256號,17621165000,1150527
701,12802080,澄晶科技股份有限公司,臺中市西屯區工業區一路2巷3號6樓之6,10000000,1150528
710,12828309,立環科技股份有限公司,臺中市西區樂群街91號1樓,10000000,1150519
725,12887257,恆輝國際股份有限公司,臺中市南區城隍里信義南街229號1樓,18000000,1150506
730,12901547,琦仲企業有限公司,臺中市潭子區甘蔗里興華一路311巷78號1樓,4200000,1150528
731,12905516,里木科技股份有限公司,臺中市豐原區三村里三和路12號,50000000,1150504
736,12925127,宏晟工程有限公司,臺中市新社區中和街4段142號,20000000,1150506
762,12997698,唐肯營造有限公司,臺中市烏日區三和里三榮路一段486號8樓之1,22500000,1150527
770,13040498,伸易發科技有限公司,臺中市豐原區翁社里豐年路109巷89號,3900000,1150525
778,13068381,冠銓工業股份有限公司,臺中市東區振興路412巷130號,50000000,1150505
846,16031015,公老坪事業有限公司,臺中市豐原區南嵩里水源路坪頂巷12號,1000000,1150505
854,16053919,工鼎有限公司,臺中市西屯區市政北一路77號11樓之1,15000000,1150526
858,16064606,福祥開發股份有限公司,臺中市清水區港新三路37號2樓之3,9900000,1150513
895,16189470,鉀寶廢棄物清除有限公司,臺中市大里區國光路二段384號1樓,1000000,1150506
902,16207745,長園科技實業股份有限公司,臺中市西屯區科雅東路9號,622781900,1150522
903,16208075,沅泰投資股份有限公司,臺中市南屯區向上南路一段163號3樓之3,28010000,1150504
909,16228930,同安投資股份有限公司,臺中市沙鹿區錦華街14號2樓,375660000,1150514
910,16234258,楊記投資股份有限公司,臺中市沙鹿區日新街68號5樓,193566800,1150504
914,16246872,春鑫包裝工業股份有限公司,臺中市東區天乙街140巷2號1樓,17600000,1150508
919,16263175,網曜管理顧問有限公司,臺中市西屯區上安里臺灣大道三段528號6樓,10000000,1150507
921,16271204,樺陽投資股份有限公司,臺中市西屯區市政北二路282號11樓之1,6000000,1150513
926,16279774,竣晏科技有限公司,臺中市沙鹿區三鹿里自立路116號1樓,500000,1150505
945,16356028,統冠生活事業股份有限公司,臺中市西屯區協和里工業區四十路32之1號,20000000,1150518
946,16357188,鈺旺企業股份有限公司,臺中市西屯區市政路386號10樓之6,50000000,1150506
952,16374927,清靜企業有限公司,臺中市沙鹿區鎮南路二段505號2樓,9000000,1150529
955,16392495,開店大師企業股份有限公司,臺中市南屯區工業區23路50號,28000000,1150506
962,16408095,皇奇投資股份有限公司,臺中市西屯區西墩里福科二路52號20樓之1,29000000,1150511
966,16417708,通訊王通訊有限公司,臺中市北區健行路630號1樓,1000000,1150525
988,16490926,大鼎活蝦餐廳股份有限公司,臺中市北屯區平安里文心路四段696號25樓,147500000,1150519
994,16516432,全侑通科技有限公司,臺中市西屯區上安里臺灣大道三段528號13樓,1000000,1150504
998,16533565,立穎營造有限公司,臺中市大雅區忠義里月祥路502巷6號1樓,3600000,1150520
1006,16550347,得維紡織品股份有限公司,臺中市西屯區協和里工業區三十六路33之1號,30000000,1150522
1007,16551063,聯杰兒童產業有限公司,臺中市沙鹿區竹林里福田北街98巷9號1樓,3000000,1150505
1038,16641332,龍邦國際科技股份有限公司,臺中市豐原區豐原大道三段239巷65號1樓,1500000,1150513
1050,16672411,鉅葉國際股份有限公司,臺中市西屯區市政北七路98號11樓之1,30000000,1150525
1054,16679694,衡瑞企業股份有限公司,臺中市大里區立德里甲園一街18號1樓,5000000,1150511
1058,16699805,鑫進汽車貨運股份有限公司,臺中市梧棲區四維中路331號12樓之5,25000000,1150506
1061,16710673,金允泰企業有限公司,臺中市龍井區新東里新興路25巷1號1樓,15000000,1150528
1063,16715241,坤輝租賃有限公司,臺中市西屯區黎明路三段72號1樓,29900000,1150506
1064,16715609,薪富欣業有限公司,臺中市梧棲區草湳里自立一街185號,7300000,1150522
1065,16720808,悅弘盛投資股份有限公司,臺中市西屯區惠來里文心路二段201號15樓之2,59000000,1150504
1100,16806690,富泰旅運有限公司,臺中市南區忠明南路787號19樓之2,30000000,1150513
1120,16863495,萬年清環境工程股份有限公司,臺中市西屯區龍富路五段261號,225794820,1150515
1125,16878238,旭清保險經紀人股份有限公司,臺中市大里區東興里國光路二段500號5樓之5,13000000,1150519
1140,16926597,頂立水族工程有限公司,臺中市大里區新里里大里路438之58號,5000000,1150505
1142,16934127,美齊富股份有限公司,臺中市南屯區五權西路二段481號1樓,18540000,1150521
1146,16941112,新藝造園事業有限公司,臺中市豐原區南嵩里水源路1號,1000000,1150518
1149,16944791,王師傅汽車事業股份有限公司,臺中市東區建成路633之1號,15000000,1150522
1155,16969981,錦勝隆消防工程有限公司,臺中市潭子區潭陽里圓通南路229號1樓,5000000,1150520
1160,16993716,矩將科技有限公司,臺中市太平區鵬儀路296巷8號1樓,11000000,1150518
1161,16995067,精點傳播事業有限公司,臺中市北區漢口路四段202號3樓,4000000,1150522
1221,22087389,環弘工業有限公司,臺中市豐原區豐原里三民路12號12樓之1,5000000,1150505
1222,22091763,旺田不銹鋼有限公司,臺中市大里區祥興里喬城路116號,2000000,1150508
1233,22100284,億威電子系統股份有限公司,臺中市潭子區南二路16之1號,1219411510,1150520
1255,22204458,昌祐科技國際股份有限公司,臺中市霧峰區南柳里福新路57號1樓,150000000,1150519
1259,22223574,偉森股份有限公司,臺中市南屯區工業區二十路11號,14000000,1150507
1261,22231552,頌勝科技材料股份有限公司,臺中市西屯區協和里工業區十四路2號,700650000,1150525
1264,22238274,蘭記實業有限公司,臺中市北區漢口路四段318巷24之1號,5000000,1150511
1267,22245063,台茂高分子科學股份有限公司,臺中市大肚區社腳里沙田路一段854巷67之1號,45000000,1150508
1279,22303582,余達工業股份有限公司,臺中市太平區德隆里工業十四路8號,60000000,1150522
1295,22376888,啟睦股份有限公司,臺中市西區吉龍里美村路一段771巷5號,32000000,1150522
1298,22390474,邁鑫機械工業股份有限公司,臺中市大里區東湖里科技路168號8樓之1,400000000,1150514
1304,22420462,三五工程科技股份有限公司,臺中市南屯區向上南路一段163號3樓之2,48200690,1150506
1317,22480876,大立光電股份有限公司,臺中市南屯區精科路11號,1307981970,1150511
1320,22495815,禾淞津有限公司,臺中市西屯區何成里大洲街69號1樓,31400000,1150514
1322,22504841,詠栓工業有限公司,臺中市西區公正里大進街218號1樓,3000000,1150504
1341,22558037,鑫功金屬股份有限公司,臺中市西屯區協和里工業區三九路50號,20000000,1150507
1344,22560414,瑜鑫製刀企業股份有限公司,臺中市龍井區龍津里臨港路一段886巷103號,15000000,1150511
1350,22588074,恒玖股份有限公司,臺中市南屯區寶山里工業區23路41號,6000000,1150513
1355,22605382,銘海工業有限公司,臺中市豐原區南嵩里水源路247巷20號,6000000,1150527
1376,22663740,台福工業股份有限公司,臺中市西屯區工業區一路129號,54000000,1150522
1378,22665901,易庚鴻股份有限公司,臺中市太平區永成里長億二街45巷30弄12號,10000000,1150512
1383,22697930,俊奕工業股份有限公司,臺中市大里區西湖里西柳街32巷13之1號,5000000,1150522
1420,22853690,台灣日油股份有限公司,臺中市大肚區社腳里沙田路一段854巷67之3號,50000000,1150520
1431,22915458,大謄電器有限公司,臺中市沙鹿區居仁里中山路365巷4之1號,1000000,1150528
1432,22916029,海林實業有限公司,臺中市大甲區奉化里賢仁路58號1樓,3000000,1150515
1439,22942722,巨力混凝土工業股份有限公司,臺中市大里區夏田里環河路一段260號,200000000,1150518
1452,22968882,汏業工程有限公司,臺中市北屯區松強里昌平路二段18之38號1樓,5000000,1150528
1463,23002493,七宇實業股份有限公司,臺中市石岡區豐勢路471巷5號,105000000,1150512
1507,23188667,穩盈鈑金工業股份有限公司,臺中市神岡區神洲里豐洲路689巷38號1樓,12000000,1150514
1508,23193492,升冠機械股份有限公司,臺中市大里區西湖里西湖路419號,5000000,1150514
1512,23208235,盈錫精密工業股份有限公司,臺中市北屯區崇德六路一段31巷26號,198000000,1150508
1513,23208376,合永來機械股份有限公司,臺中市豐原區水源路283巷56號,8500000,1150519
1515,23212287,亞漳機械板金有限公司,臺中市大里區大峰路591巷27號,5000000,1150514
1528,23236921,寶城鑄鋼廠股份有限公司,臺中市霧峰區坑口里中正路557巷14號,10000000,1150505
1531,23239407,甲陳企業股份有限公司,臺中市大甲區義和里重義二路157號,25000000,1150522
1534,23262005,峻園股份有限公司,臺中市大雅區中和路58號,36000000,1150515
1536,23269372,全連交通股份有限公司,臺中市梧棲區頂寮里四維中路228號2樓,15600000,1150505
1571,23444815,榮寶建設有限公司,臺中市沙鹿區三鹿里自強路153號1樓,26000000,1150512
1585,23476816,碩頂精密工業股份有限公司,臺中市南屯區精科中一路16號,244620000,1150511
1607,23537996,耕坊行股份有限公司,臺中市西屯區協和里工業區十六路5號,71120000,1150511
1612,23555902,盛穩企業股份有限公司,臺中市神岡區社南里中山路667巷26弄66號,5000000,1150525
1644,23674956,凱堯企業股份有限公司,臺中市太平區鵬儀路296巷6弄9號,13000000,1150527
1650,23719216,鉫鑫企業有限公司,臺中市大里區立德里立仁路242巷23號1樓,2000000,1150522
1665,23787950,陸合企業股份有限公司,臺中市南屯區寶山里工業區24路14號1、2樓,400269050,1150525
1669,23809928,基業營造股份有限公司,臺中市西區三民里三民路一段159號3樓,22800000,1150511
1681,23862970,淞普科技工程股份有限公司,臺中市南區永南街66巷2之1號2樓,22500000,1150507
1685,23866292,協昌電機股份有限公司,臺中市大甲區孟春里臨江路96號,45000000,1150521
1687,23871605,永恩企業股份有限公司,臺中市南區南門里南門路101號1樓,6000000,1150507
1688,23871648,弘大特化股份有限公司,臺中市北區進化北路238號13樓之3,1000000,1150521
1701,23935713,中鴻營造有限公司,臺中市南屯區五權西路二段666號7樓之6,150000000,1150506
1703,23941601,台偉精密科技股份有限公司,臺中市東區東門里天乙街37巷2號,46560000,1150529
1713,23968116,建誠模具有限公司,臺中市豐原區三村里三和路12號,6000000,1150508
1717,23983947,同泰電子科技股份有限公司,臺中市大甲區東二街28號,861137690,1150522
1719,23985071,富宇建設股份有限公司,臺中市西屯區潮洋里市政北二路236號19樓之1,800000000,1150518
1723,23988106,中農證券股份有限公司,臺中市梧棲區四維中路157巷1號2樓,200000000,1150527
1735,24206164,子富展業有限公司,臺中市大肚區蔗廍里中蔗路28之8號1樓,250000,1150513
1737,24207327,勝昱汽車有限公司,臺中市南屯區文心南一路206號1樓,250000,1150526
1744,24231451,台灣資服科技股份有限公司,臺中市北區太原路一段532號5樓之2、之3,24680000,1150507
1747,24234507,遠信工程股份有限公司,臺中市西區公正里大進街206號1樓,200410000,1150515
1753,24246686,弘宜能源技術服務股份有限公司,臺中市西屯區臺灣大道三段761號36樓之7,13000000,1150527
1754,24249781,威昕機械工業有限公司,臺中市大里區樹王里樹王路405巷6號,10000000,1150506
1755,24249847,龍馬精機股份有限公司,臺中市后里區聯合里三線路26之4號,25000000,1150504
1766,24269287,柏翰資產管理顧問有限公司,臺中市北屯區文心路四段81號8樓之2,5000000,1150520
1767,24271501,諭成有限公司,臺中市大里區西湖路187巷92弄20號,30000000,1150528
1773,24293202,欣寬達股份有限公司,臺中市潭子區勝利八街18號1樓,6000000,1150518
1802,24357367,巧恬興業股份有限公司,臺中市西屯區青海路二段172號,29000000,1150521
1803,24358990,潤康生機有限公司,臺中市清水區吳厝里和睦路三段50巷20號,50000000,1150522
1804,24359359,元素綠化有限公司,臺中市西屯區市政北七路186號3樓之3,1000000,1150521
1808,24366247,玉新開發建設股份有限公司,臺中市北區五常里五權路375號14樓,896000000,1150505
1818,24383490,協慶事業有限公司,臺中市大雅區西寶里雅潭路三段436號,15000000,1150508
1838,24424318,澤暘實業有限公司,臺中市大里區瑞城里成功路38巷16號,5000000,1150504
1840,24426006,西屯不動產仲介經紀有限公司,臺中市西屯區上德里上石路63號,2000000,1150518
1891,24522578,崴燦資訊有限公司,臺中市北屯區建平街23號1樓,2500000,1150525
1938,24579781,壹閎興業有限公司,臺中市沙鹿區自立路198巷37號1樓,13200000,1150528
1939,24582364,富永昇工程有限公司,臺中市南屯區田心里大墩四街321號地下1層,1000000,1150518
1940,24584948,樂馳汽車事業有限公司,臺中市北區五權路378號1樓,7000000,1150526
1941,24586170,荃宏應用材料股份有限公司,臺中市北屯區松和街90號,5000000,1150528
1942,24587781,永立信開發有限公司,臺中市北屯區天津路四段133號1樓,6000000,1150519
1943,24588260,宸遠精密有限公司,臺中市潭子區潭秀里潭富路一段240-1號1樓,6600000,1150521
1944,24590414,樂橙國際餐飲有限公司,臺中市西屯區何南里大隆路96號1樓,5100000,1150514
1945,24590532,席閣享築股份有限公司,臺中市西區公館里五權西三街127號13樓,15080000,1150527
1946,24592124,逢右實業有限公司,臺中市西屯區逢甲里文華路11號,7000000,1150514
1947,24593897,現代審美文創藝術股份有限公司,臺中市西屯區潮洋里市政北二路238號21樓之1,3300000,1150522
1948,24597508,若樸建設開發股份有限公司,臺中市中區臺灣大道一段501號4樓之1,220000000,1150514
1949,24599610,禾里室內裝修設計有限公司,臺中市西區模範街8巷9號,1000000,1150519
1950,24599652,芳香心國際有限公司,臺中市西屯區何德里漢口路二段131之7號19樓之2,2000000,1150505
1951,24600476,承億興業有限公司,臺中市清水區和睦路三段206號1樓,4500000,1150512
1952,24602185,華鑫營造有限公司,臺中市南屯區豐樂里文心南一路191號1樓,3600000,1150527
1953,24602642,茂格藝術股份有限公司,臺中市北區學士路257號12樓,18000000,1150513
2001,24677946,愛尚富康醫旅投資控股股份有限公司,臺中市大雅區上雅里雅環路二段64巷46弄19號,18500000,1150511
2009,24690005,好禾設計有限公司,臺中市南區忠明南路787號20樓之2,1000000,1150508
2023,24724357,仲鑫有限公司,臺中市西屯區何仁里重慶路201之1號,2000000,1150514
2053,24760613,好好創作有限公司,臺中市南區忠明南路789號9樓,1000000,1150514
2093,24823146,東方神州投資股份有限公司,臺中市北區柳川東路四段116號,5000000,1150507
2095,24825088,遠又準有限公司,臺中市南區復興路三段137號1樓,1000000,1150511
2097,24828466,靚德生醫科技股份有限公司,臺中市大雅區秀山里科雅路27號2樓,102014799,1150515
2098,24828796,倍速德引擎股份有限公司,臺中市潭子區中山路三段537號,4000000,1150508
2099,24829134,曜陽開發有限公司,臺中市北區中清路一段590號1樓,2000000,1150504
2100,24830499,萬里開發股份有限公司,臺中市南屯區惠中里文心路一段378號24樓之1,26000000,1150506
2101,24830842,王璽有限公司,臺中市潭子區中山路二段443號1樓,16100000,1150526
2102,24830857,碩霖汽車股份有限公司,臺中市南屯區新生里永春路19之8號、19之9號,500000,1150504
2103,24833432,萊特和平股份有限公司,臺中市烏日區三和里高鐵五路160號,60000000,1150520
2105,24834798,宜舍單人旅店有限公司,臺中市中區臺灣大道一段100號10樓,8000000,1150526
2106,24834973,新福爾摩莎國際有限公司,臺中市西區利民里市府路39號9樓之1,15000000,1150512
2108,24840124,麥肯利特機電科技有限公司,臺中市西屯區何安里文心路三段76號2樓,3000000,1150504
2109,24842447,弘昂生技有限公司,臺中市南屯區田心里大墩六街383號2樓,1000000,1150504
2110,24842517,聚成電子股份有限公司,臺中市大里區東湖里科技路1號十一樓之5,38000000,1150518
2111,24843023,飛特國際貿易有限公司,臺中市潭子區福仁里大新路80巷21弄2號1樓,1000000,1150508
2112,24845211,紘錡工業有限公司,臺中市潭子區潭秀里中山路二段607號,10600000,1150513
2113,24845633,四度空間股份有限公司,臺中市西屯區逢甲里西屯路二段270巷3號,3000000,1150526
2208,24970738,景均股份有限公司,臺中市西屯區市政北七路98號4樓之1,185000000,1150513
2210,24976466,台灣首鋁金屬有限公司,臺中市神岡區豐工路808號,15000000,1150512
2224,24996131,極至科技股份有限公司,臺中市梧棲區頂寮里中橫十路100號,1500000,1150520
2230,25020518,廣邑營造有限公司,臺中市南區美和街66巷11號9樓之1,32500000,1150520
2241,25043879,惠宸實業有限公司,臺中市太平區新吉里中山路三段2巷1之7號1樓,1000000,1150527
2242,25046995,升暘科技有限公司,臺中市大雅區橫山里永和路125號,20000000,1150505
2244,25052644,台灣彩光科技股份有限公司,臺中市大雅區科雅路32號4樓,310644400,1150505
2249,25067415,全六藝實業有限公司,臺中市北屯區東光里北屯路296之31號,500000,1150507
2250,25068723,飛特立工業股份有限公司,臺中市西屯區忠誠里臺灣大道四段925號18樓之6,300600,1150513
2254,25072579,皇科投資有限公司,臺中市南區高工路93號4樓之1,2000000,1150518
2256,25075013,漢諺精密工業有限公司,臺中市大里區仁德里光明路265號1樓,20000000,1150504
2261,25084189,証發土木包工業有限公司,臺中市神岡區社口里中山路800巷15號1樓,3000000,1150506
2304,25144861,慕拉朵國際股份有限公司,臺中市北區忠明路200號9樓,6500000,1150521
2308,25164140,金鸛投資有限公司,臺中市北屯區北興街43號2樓,5000000,1150508
2314,25178192,鈞典機械股份有限公司,臺中市太平區永成里長億六街126巷36號1樓,12000000,1150504
2317,25185721,丞圃工程有限公司,臺中市南屯區惠中里文心路一段378號6樓之3,26000000,1150521
2318,25185877,煌易醫療儀器有限公司,臺中市大雅區橫山里永和路5之5號1樓,300000,1150511
2319,25187544,財明工程有限公司,臺中市西區昇平里華美街131之2號1樓,500000,1150512
2320,25189698,集力興業股份有限公司,臺中市霧峰區民生路198巷31號,24000000,1150519
2326,25194897,唯盛食品股份有限公司,臺中市大甲區武曲里新政路326巷2號1樓,5800000,1150527
2349,27246082,新加坡商矽比科亞洲有限公司,臺中市大甲區日南里工六路6號,10000000,1150505
2356,27262322,盈竹紙器有限公司,臺中市太平區永隆里太堤東路98號1樓,1000000,1150520
2357,27264047,尚典建設股份有限公司,臺中市西區臺灣大道二段307號8樓,12000000,1150508
2363,27273952,永久數位科技有限公司,臺中市北區西屯路一段412巷1弄16號1樓,1000000,1150504
2373,27293731,寶喬群生物科技有限公司,臺中市霧峰區六股里中正路329號1樓,20000000,1150511
2378,27305791,詠聖禮儀有限公司,臺中市豐原區南村里北陽一街125號,2000000,1150522
2380,27307952,立昕科技股份有限公司,臺中市大里區塗城路852巷18之2號,5000000,1150515
2382,27312126,永弘源精密機械股份有限公司,臺中市西屯區協和里工業區三十五路63號,60000000,1150507
2408,27363270,力新資產管理股份有限公司,臺中市西屯區逢甲里西屯路二段256巷6號2樓之2,200000000,1150504
2412,27379890,泳順企業有限公司,臺中市東勢區興隆里東蘭路120之16號,31000000,1150520
2414,27386956,張益國際貿易有限公司,臺中市南區永和里五權南路458號,1000000,1150521
2417,27393083,誼懋興業股份有限公司,臺中市大雅區上雅里雅環路二段304號1樓,1000000,1150520
2419,27393838,巨宿金投資股份有限公司,臺中市西屯區西屯路二段256巷6號2樓之6,22770000,1150528
2421,27401181,伊吉邦建設有限公司,臺中市梧棲區大庄里臺灣大道八段206號1樓,15000000,1150525
2423,27405588,佳陞科技股份有限公司,臺中市西屯區潮洋里朝富路213號14樓之1,45000000,1150508
2429,27426459,裕大興實業股份有限公司,臺中市北屯區民政里北坑巷21之22號,304250000,1150519
2430,27429224,完美女人國際貿易有限公司,臺中市大雅區民生路四段136巷115弄1號1樓,1000000,1150504
2438,27442599,健誌企業有限公司,臺中市西區美村路一段771巷1號3樓之1,500000,1150511
2447,27467090,愷信科技股份有限公司,臺中市西屯區潮洋里朝富路213號4樓之10,8000000,1150508
2451,27473348,鐿鈦科技股份有限公司,臺中市南屯區文山里精科路9號,506796430,1150528
2452,27475388,渥禾園藝設計有限公司,臺中市南屯區永春東二路42之1號,5000000,1150526
2456,27501273,富邑水電工程股份有限公司,臺中市西區臺灣大道二段501號10樓之2,500000,1150505
2498,27600344,十點半化粧品有限公司,臺中市西區民龍里公益路63號8樓之1,3000000,1150525
2515,27645784,奕銓五金有限公司,臺中市后里區公安路197號2樓,2000000,1150506
2520,27661453,大頡工業有限公司,臺中市太平區德隆里工業十九路6號4樓,2000000,1150525
2524,27675920,朝聖股份有限公司,臺中市西屯區港尾里中清路二段1316號1樓,2000000,1150522
2554,27776103,大盛環保股份有限公司,臺中市龍井區忠和里臨港路二段38號,25000000,1150521
2555,27776146,國泰洋酒股份有限公司,臺中市北區五權路235號1樓,955310000,1150521
2560,27782837,揚恩科技有限公司,臺中市神岡區北庄里中山路901號,40000000,1150527
2563,27805331,康新藥品有限公司,臺中市大甲區蔣公路266號1樓,20000000,1150506
2565,27807915,鴻宇興科技有限公司,臺中市大甲區日南里幼五路22號,25000000,1150506
2570,27814845,觀境設計股份有限公司,臺中市西屯區惠來里市政北七路98號30樓之1,19500000,1150518
2571,27817511,泊翰企業有限公司,臺中市梧棲區大庄里中央西四街4號1樓,500000,1150525
2575,27821971,尚頂精密有限公司,臺中市大里區仁美路137巷28號1樓,500000,1150504
2578,27829734,長琦科技股份有限公司,臺中市西屯區工業區一路2巷3號3樓之1,18000000,1150525
2580,27831611,怡伸投資有限公司,臺中市大里區內新里新仁路二段259號2樓,1000000,1150526
2662,28035819,大台中保險經紀人股份有限公司,臺中市西屯區大鵬里文心路三段241號16樓之10,11000000,1150514
2668,28046180,美康生物科技有限公司,臺中市西區臺灣大道二段186號23樓之2,60000000,1150507
2687,28083889,科利達科技企業股份有限公司,臺中市南區樹義路75號2樓,10000000,1150513
2691,28092923,聯洋國際顧問股份有限公司,臺中市北區忠明路502之1號3樓之2,6000000,1150527
2694,28099290,錦發科技有限公司,臺中市西區中興里向上路一段172號2樓,2000000,1150519
2695,28101583,漢新不動產經紀有限公司,臺中市北區梅川里青島路三段6號1樓,1000000,1150521
2713,28134000,新台實業股份有限公司,臺中市大雅區橫山里中山一路33號,7140000,1150504
2758,28342247,龍舜精密科技股份有限公司,臺中市霧峰區五福里五福路176巷16之1號1樓,10000000,1150507
2760,28353237,瑪堤興業有限公司,臺中市南屯區大誠里東興路二段118號,6000000,1150520
2762,28357108,達興材料股份有限公司,臺中市西屯區科園1路15號,1027159110,1150528
2776,28384695,名鴻系統科技股份有限公司,臺中市西屯區上安里上明一街30號,6000000,1150506
2777,28389018,日日出股份有限公司,臺中市西屯區工業區二十八路451號1樓,50000000,1150522
2800,28430614,鼎林國際企業股份有限公司,臺中市西區忠明里臺灣大道二段408號2樓,500000,1150512
2832,28492272,富裕發達股份有限公司,臺中市大里區新光路132號,75500000,1150526
2835,28501336,久福興業股份有限公司,臺中市梧棲區大智路二段388號,447000000,1150525
2845,28532794,勤美生活創新股份有限公司,臺中市西區公益路68號底二層,27302850,1150522
2846,28533386,采宏投資有限公司,臺中市太平區大勇街129號1樓,22000000,1150514
2848,28535357,信得億企業有限公司,臺中市東區富台里富台東街40號1樓,500000,1150514
2855,28544460,博瑞福有限公司,臺中市神岡區昌平路五段160巷16號1樓,4516800,1150527
2862,28555938,歐斯蘭汀化妝品有限公司,臺中市霧峰區六股里中正路325號1樓,2500000,1150514
2865,28569145,源鑫興業有限公司,臺中市烏日區溪埧里溪南路一段222號1樓,5000000,1150511
2874,28582631,台灣惠蓀咖啡有限公司,臺中市西屯區大墩路921號6樓,6850000,1150506
2877,28588683,高鈺電機有限公司,臺中市大雅區文雅里中和二路75號,1000000,1150507
2894,28627406,匯盈保險經紀人股份有限公司,臺中市北區進化北路392之2號3樓之1,6000000,1150521
2895,28628117,晨昌健康科技行銷有限公司,臺中市大雅區神林南路197巷30號,10000000,1150525
2897,28631817,天陽航太科技股份有限公司,臺中市西屯區協和里工業區七路29號,268000000,1150528
2902,28643150,翻修王室內裝修工程有限公司,臺中市南屯區田心里文心路一段73號5樓之1,5000000,1150505
2907,28666462,崴達投資有限公司,臺中市大里區仁愛路27號1樓,29000000,1150504
2908,28666955,權毅保全股份有限公司,臺中市潭子區頭家里得天街91巷29號,40000000,1150508
2917,28684665,淞林投資股份有限公司,臺中市西區民龍里臺灣大道二段186號14樓之1,126130520,1150521
2945,28730458,餘慶堂興業股份有限公司,臺中市梧棲區大智路二段179號1樓,750000000,1150513
2947,28735637,巨誠建設股份有限公司,臺中市南屯區文心南五路一段260巷11號,60000000,1150504
2949,28736559,力久咖啡有限公司,臺中市西區大忠里大忠南街6號1樓,500000,1150518
2962,28762541,盈宏國際開發有限公司,臺中市南屯區大墩六街43號1樓,5000000,1150526
2969,28776382,太子龍企業股份有限公司,臺中市南屯區豐樂里文心南五路一段260巷11號,1000000,1150511
2970,28778847,威菩股份有限公司,臺中市西區忠誠里臺灣大道四段925號18樓之6,250500,1150505
2978,28799300,台中銀保險經紀人股份有限公司,臺中市北屯區進化北路80-4號,500000000,1150511
2987,28822105,澳亞資訊股份有限公司,臺中市西屯區市政北七路186號3樓之3,50000000,1150513
3034,28879155,東諒有限公司,臺中市北區賴村里衛道路306之1號,3000000,1150512
3040,28887845,沅祥工業有限公司,臺中市大里區新仁里新仁六街53號,5000000,1150512
3043,28897914,瑞龍環保室內裝修有限公司,臺中市西區昇平里昇平街55號1樓,2500000,1150528
3062,28931552,福麗通運股份有限公司,臺中市梧棲區自立二街122號,140000000,1150504
3071,28953458,台灣香菁生技股份有限公司,臺中市神岡區中山路725號2樓,3000000,1150521
3072,28962490,珍鼎記茶飲股份有限公司,臺中市北屯區南興路929號,66000000,1150518
3127,29085415,駿寳建設股份有限公司,臺中市西區五權路1之67號5樓,20000000,1150526
3128,29086759,奕冠鋼構有限公司,臺中市太平區長億九街125號1樓,1000000,1150528
3131,29094218,昱鈦盛科技股份有限公司,臺中市南屯區文心路一段186號9樓之2,75750000,1150507
3132,29094527,帝磐國際有限公司,臺中市西區民龍里臺灣大道二段220號12樓,11000000,1150526
3143,29113067,金展精密科技工業股份有限公司,臺中市烏日區溪南路二段270巷100弄21號,80000000,1150519
3149,29121947,興亞開發股份有限公司,臺中市北屯區仁美里昌平路二段50之6巷1號1樓,12000000,1150514
3155,29131543,鴻維裝潢工程有限公司,臺中市西屯區福雅路16巷55號,1000000,1150511
3179,29182232,中科國際物流股份有限公司,臺中市大雅區科雅西路29號,300000000,1150528
3180,29183181,台灣骨王生技股份有限公司,臺中市大雅區科雅路41號2樓,158500000,1150525
3181,29183491,傑森生技有限公司,臺中市大雅區科雅路6號,1000000,1150525
3185,29187659,凱業晶振科技股份有限公司,臺中市后里區泉州路23之10號1樓,1000000,1150519
3186,29187813,台灣特宏光電股份有限公司,臺中市西屯區潮洋里市政北二路238號22樓之1,49000000,1150521
3187,29187932,唐傳有限公司,臺中市大里區東湖里泉水街86號5樓,10000000,1150507
3202,30938460,甲統企業股份有限公司,臺中市南屯區文心路一段218號16樓之1,29000000,1150513
3210,31143480,大永真空設備股份有限公司,臺中市梧棲區草湳里自立一街200號,125000000,1150515
3249,34219456,裕力機械股份有限公司,臺中市西屯區工業區九路10號,792668370,1150513
3279,35891957,慶泰樹脂化學股份有限公司,臺中市大甲區日南里工二路50號,552487220,1150527
3391,42648711,臻愛實業股份有限公司,臺中市烏日區高鐵路三段168號,158000000,1150513
3395,42661360,天才水電工程有限公司,臺中市北區明新里太原八街95之1號1樓,500000,1150515
3396,42662868,大古投資股份有限公司,臺中市南屯區大墩十一街502之5號1樓,42000000,1150527
3398,42666554,綠宿行旅股份有限公司,臺中市西區後龍里民生北路126號2樓,49500000,1150522
3399,42669573,鴻懋資源科技股份有限公司,臺中市北區青島路二段38號1樓,28000000,1150504
3400,42670348,孫悟空創意發明股份有限公司,臺中市西屯區江西厝巷20之5號,49000000,1150525
3401,42671819,達亞國際生醫股份有限公司,臺中市西屯區朝馬七街11號4樓,1000000,1150504
3402,42671959,台灣聯發工業股份有限公司,臺中市神岡區豐洲里堤南路12號,12000000,1150519
3403,42673149,微心科技有限公司,臺中市潭子區東寶里昌平路三段241巷25弄18號1樓,2210250,1150513
3404,42676618,婕翔起重工程有限公司,臺中市梧棲區福德里中央路二段306巷27號1樓,8000000,1150518
3405,42677779,龍有餐飲有限公司,臺中市北屯區崇德路三段169號,2000000,1150522
3406,42679896,承鑫國際租賃有限公司,臺中市大里區中興路一段2之1號,5000000,1150505
3408,42683505,創韋科技有限公司,臺中市太平區長安路490號1樓,2000000,1150506
3409,42685095,泓電樓梯升降椅股份有限公司,臺中市西屯區協和里工業區三十六路38號,145000000,1150520
3410,42685721,礦元石業有限公司,臺中市南屯區三義里河南路四段350巷12號11樓之9,5000000,1150519
3411,42686257,千禧旅行社有限公司,臺中市西屯區市政路386號5樓之6,10000000,1150526
3412,42689439,鋐昇股份有限公司,臺中市南區和平里忠明南路758號11樓,20000000,1150507
3414,42690745,陞樺科技實業有限公司,臺中市北屯區祥順東路二段41之2號1樓,3000000,1150514
3474,42781246,見山營造股份有限公司,臺中市西屯區西安里漢翔路242號1樓,22500000,1150526
3551,42871696,嶸欣股份有限公司,臺中市大肚區自強里遊園路二段133巷8號1樓,30000000,1150518
3552,42872273,首爾的早晨有限公司,臺中市北區衛道路127巷18號1樓,500000,1150521
3553,42878760,三共不動產經紀有限公司,臺中市北屯區東光里北屯路264之6號1樓,500000,1150520
3554,42879085,鈺皓實業股份有限公司,臺中市太平區鵬儀路309號,40650000,1150511
3555,42881152,璟和科技有限公司,臺中市北屯區大連路一段41巷83號1樓,2000000,1150505
3557,42882309,堅悅建設有限公司,臺中市南屯區三厝里大墩十一街711號,10000000,1150514
3558,42883026,浤鉎實業有限公司,臺中市南屯區大興里文心南三路120巷8號3樓,500000,1150527
3559,42884073,世峯廣告企劃股份有限公司,臺中市北區武昌路140之1號1樓,1000000,1150507
3560,42885208,世濰股份有限公司,臺中市沙鹿區北勢里北勢七街14巷7號1樓,10000000,1150518
3561,42886240,米藝室內裝修設計有限公司,臺中市北屯區廍子里和順一街21號1樓,3000000,1150521
3562,42886847,宗亨科技有限公司,臺中市西區中美街625號1樓,1000000,1150512
3563,42887509,創得興業有限公司,臺中市烏日區環河路二段768號,14000000,1150512
3564,42888161,英群邦生技股份有限公司,臺中市太平區永豐路372號,13400000,1150514
3565,42888599,建鑫汽車有限公司,臺中市南區福興里五權南路167號地下一層之6,250000,1150504
3566,42889014,新洋餐飲有限公司,臺中市東區新庄里復興路四段186號11樓,10000000,1150507
3567,42889561,優勢租賃有限公司,臺中市西屯區龍潭里環中路三段736號,24000000,1150505
3568,42890949,銘凱有限公司,臺中市龍井區忠和里海尾路256巷10之6號,7000000,1150529
3569,42893050,共好果實設計有限公司,臺中市南區樹義里大慶街一段259之11巷5號1樓,1000000,1150504
3570,42893208,通用幹細胞股份有限公司,臺中市太平區太平二一街10巷18號,270172143,1150527
3571,42895347,鉅益有限公司,臺中市太平區中政里中平路117之3號,100000,1150515
3572,42896367,大群建築事業有限公司,臺中市西區忠明里臺灣大道二段406號7樓之1,900000,1150512
3573,42897035,櫻桃計畫股份有限公司,臺中市西屯區逢甲里西屯路二段270巷1號1、2樓,6000000,1150522
3574,42898148,白金漢宮股份有限公司,臺中市南屯區大墩四街321號地下一層,150000000,1150526
3575,42898652,元心會場佈置有限公司,臺中市西屯區何安里重慶路99號5樓之3,3100000,1150526
3587,42921491,富華建設股份有限公司,臺中市北屯區太原路三段1315號1樓,500000000,1150520
3592,42923195,得禾能源股份有限公司,臺中市大雅區橫山里科雅路6號,970840000,1150513
3753,45133321,富年網管理顧問有限公司,臺中市北區崇德路一段631號17樓之2,1500000,1150513
3768,45145543,昌旺國際開發股份有限公司,臺中市梧棲區港埠路一段821巷35號,120000000,1150528
3769,45146917,世豐汽車駕訓股份有限公司,臺中市西屯區臺灣大道四段2168號,128250000,1150513
3770,45147752,竣昌實業有限公司,臺中市西屯區福安里福順路142號6樓之2,200000,1150518
3771,45149273,鑫旭盛金屬工業有限公司,臺中市豐原區東湳里三豐路二段20巷93號,500000,1150525
3773,45188633,昀景商業設計有限公司,臺中市北屯區平陽里崇德路二段275號4樓,1000000,1150507
3774,45195521,振茂旅行社有限公司,臺中市大里區東湖里東南路161巷12弄10號,6000000,1150512
3775,45196129,岳佳有限公司,臺中市大雅區橫山里永和路113之8之1號,15000000,1150515
3778,45878378,全球通國際開發股份有限公司,臺中市龍井區田中里臨港東路一段33巷256弄35號1樓,20869987,1150518
3779,45878588,德天投資有限公司,臺中市東區振興里忠孝路290巷1之7號1樓,60000000,1150504
3780,45878736,易昇國際餐飲有限公司,臺中市南屯區永春東七路869號,9000000,1150527
3781,45879159,金華隆企業股份有限公司,臺中市南屯區南屯里河南路四段698號2樓,1110000,1150506
3782,45879171,財德投資有限公司,臺中市東區振興里忠孝路290巷1之7號3樓,77000000,1150514
3783,45879480,康儀科技股份有限公司,臺中市西屯區工業區七路15號,295000000,1150526
3784,45880634,意志力屋管有限公司,臺中市北屯區平田里文心路四段955號11樓之1,10000000,1150526
3785,45880655,七色水晶框有限公司,臺中市太平區新興里新興二街130號4樓之1,2000000,1150511
3808,46644407,虹耀國際有限公司,臺中市西區民龍里臺灣大道二段285號20樓,400000,1150521
3860,50773923,瑩嘉國際實業有限公司,臺中市北區中清路一段372號2樓,2000000,1150527
3873,50780775,安庭物業有限公司,臺中市中區綠川里民族路23號4樓之2,9500000,1150508
3887,50789071,瑞恩科技事業有限公司,臺中市西屯區臺灣大道三段789號9樓之2,2000000,1150512
3889,50790818,日運綠能股份有限公司,臺中市北區臺灣大道2段360號5樓之1,641000000,1150526
3917,50812088,辰冀工業有限公司,臺中市清水區南社里南社路301巷85之3號,15000000,1150519
3918,50814591,真心建設有限公司,臺中市大甲區文武里經國路692號1樓,16800000,1150508
3919,50816372,永成貿易有限公司,臺中市北區文心路四段208之1號7樓之2,1000000,1150529
3920,50816726,凱恩國際聯合商務中心有限公司,臺中市南屯區惠中里文心路一段324號11樓之1,6500000,1150519
3921,50817696,冠利精密有限公司,臺中市大里區立仁里好來五街125巷17號1樓,2000000,1150507
3923,50819266,紙街影像有限公司,臺中市北區長青里漢陽街31之3號,250000,1150518
3924,50819619,乾坤測繪科技有限公司,臺中市南屯區豐樂里精誠南路739號,6000000,1150525
3925,50822109,第二機位影視文化傳媒有限公司,臺中市西區臺灣大道二段186號14樓之1,300000,1150528
3926,50825371,帝碩國際有限公司,臺中市烏日區中山路二段169號1樓、2樓,200000,1150526
3927,50826891,寶山電通有限公司,臺中市北屯區松竹路二段362之23號3樓之3,10000000,1150505
3928,50827104,慧雲創客有限公司,臺中市中區繼光里成功路77號2樓,100000,1150518
3929,50830430,美域股份有限公司,臺中市西區民龍里臺灣大道二段186號24樓之2,900000,1150506
3930,50830500,上一生物醫學股份有限公司,臺中市南屯區大業里公益路二段61號3樓之2,4490000,1150520
3931,50831114,郁蒼園藝企業有限公司,臺中市北屯區平田里文心路四段955號10樓之5,1500000,1150504
3932,50833605,濰霓有限公司,臺中市南屯區惠中里大墩十一街412號3樓,2000000,1150520
3933,50833648,英柏國際地產有限公司,臺中市西區土庫里五權西路一段112號,2000000,1150505
3934,50834180,信實復興有限公司,臺中市南區復興路二段153之1號,500000,1150504
3935,50835462,可利鑫實業有限公司,臺中市西區民龍里博館二街211巷9弄13號1樓,500000,1150508
3936,50835809,橙宿股份有限公司,臺中市中區綠川里綠川西街123號8樓之1、9樓之1、10樓之1、11樓之1、12樓之1,20000000,1150527
3938,50837829,梧桐精密工業有限公司,臺中市南屯區南屯里五福街178號1樓,1400000,1150505
3939,50839853,中明建設股份有限公司,臺中市西屯區惠來里市政北一路365號20樓之1,8000000,1150515
3940,50840140,京冠科技股份有限公司,臺中市烏日區三榮七路1號,6000000,1150505
3941,50840275,勇泉消防安全設備有限公司,臺中市大肚區福山里王福街937巷68號1樓,1000000,1150528
4077,51073906,大豐麵粉廠股份有限公司,臺中市東區東光園路345號,147126200,1150506
4082,51228508,永豐企業股份有限公司,臺中市中區建國路187號,1200000,1150519
4085,51275500,安輪運通股份有限公司,臺中市西屯區逢甲里西屯路二段256巷6號19樓之10,32000000,1150511
4089,51806839,台灣正久機械股份有限公司,臺中市烏日區五光里五光路2號,80000000,1150511
4090,51811609,彰化商業銀行股份有限公司,臺中市中區自由路二段38號,117660462530,1150515
4096,52212217,主新德科技股份有限公司,臺中市大雅區前村路162號1樓、2樓,233489400,1150505
4101,52227507,源玖龍鐵工廠有限公司,臺中市霧峰區丁台里丁台路537號,12000000,1150525
4111,52300464,世達藥品工業股份有限公司,臺中市梧棲區光華東街36號,23100000,1150512
4113,52310651,昱展新藥生技股份有限公司,臺中市大雅區科雅路32號5樓,668000000,1150525
4119,52354355,元晟電化有限公司,臺中市北屯區進化北路12號2樓,5000000,1150527
4120,52354691,儒峰鑄造工業股份有限公司,臺中市烏日區前竹里光明路349號,22000000,1150527
4123,52375605,美律實業股份有限公司,臺中市南屯區寶山里工業區二十三路22號,2536449140,1150520
4127,52388622,良航通商股份有限公司,臺中市清水區槺榔里八德路二段89號1樓,5000000,1150507
4137,52462729,百毅企業股份有限公司,臺中市太平區新仁路一段44巷8之1弄9號,16200000,1150518
4171,52607534,基元營造有限公司,臺中市烏日區三和里環河路四段260號,120000000,1150506
4172,52608978,強興電業股份有限公司,臺中市南屯區市政南二路191號1樓,6000000,1150514
4210,52758286,福績樹脂化工股份有限公司,臺中市西屯區工業區三十六路11號1樓,54500000,1150504
4213,52783004,南炫工業有限公司,臺中市太平區永平路三段132巷27號,10000000,1150521
4240,52890525,林勝工業股份有限公司,臺中市西區民權路185號11樓之12號,15000000,1150526
4243,52919641,星將儀器有限公司,臺中市南屯區市政南二路189巷3號1樓,15000000,1150521
4246,52930575,福爾摩沙寶島籃球發展股份有限公司,臺中市南屯區永春東七路579之1號,340000000,1150506
4247,52933566,東峰建設股份有限公司,臺中市南屯區向上南路1段163號3樓之1,17010000,1150504
4249,52935059,夏綠蒂文化事業有限公司,臺中市西區五權西四街33號1樓,2000000,1150525
4271,53054715,星誠科技工程有限公司,臺中市西屯區林厝里福雅路482巷136號,10000000,1150515
4273,53055329,啟動能國際有限公司,臺中市北屯區和平里東山路一段381之18號1樓,5000000,1150525
4274,53061292,亮海企業有限公司,臺中市梧棲區大仁路一段61巷50號4樓之1,60000,1150514
4279,53077983,亞詰機械有限公司,臺中市大里區大峰路591巷18號,1500000,1150518
4324,53132515,健康家國際興業股份有限公司,臺中市南區復興路三段222號2樓之1,5000000,1150526
4326,53133578,家逸土地開發股份有限公司,臺中市南屯區文心路一段378號24樓之2,77000000,1150522
4327,53134318,泉盛工程有限公司,臺中市東區東英里十全街50巷18號2樓,29000000,1150527
4333,53145413,優式資產管理有限公司,臺中市西屯區潮洋里青海南街35號,2000000,1150519
4334,53146953,甲盛開發事業有限公司,臺中市西屯區大河里文心路三段167之7號10樓,400000000,1150506
4335,53150549,巴索國際有限公司,臺中市西屯區安和路168號5樓之3,3250000,1150521
4337,53155241,貝洛伊國際有限公司,臺中市北區育德路2巷42號1樓,10000000,1150526
4348,53175871,聯晟營造有限公司,臺中市南屯區大墩十四街194號2樓,46400000,1150519
4402,53264536,琦溢國際有限公司,臺中市豐原區鎌村里鎌村路465巷64弄113號,1000000,1150519
4405,53266746,群益開發生技有限公司,臺中市烏日區三和里高鐵一路268號13樓之5,5000000,1150522
4407,53276619,泓垣霖科技有限公司,臺中市北屯區舊社里南興路899號,14000000,1150527
4408,53278834,瘋樂工作室有限公司,臺中市西屯區惠來里市政北二路29號16樓之2,17200000,1150515
4416,53297656,台灣片岡股份有限公司,臺中市南屯區大墩四街321號地下一層,9500000,1150507
4420,53302671,台灣尼得科傳動技術股份有限公司,臺中市西屯區臺灣大道四段925號14樓之1,6000000,1150515
4421,53304376,永荃投資股份有限公司,臺中市西屯區何源里文心路三段328號13樓之5,1000000,1150526
4456,53363135,德安保全股份有限公司,臺中市北區東光路424號5樓,40000000,1150519
4461,53373160,總宇精密機械有限公司,臺中市潭子區福仁里福潭路112巷17弄40號1樓,3000000,1150522
4462,53374105,旭懋科技有限公司,臺中市大雅區振興路102號,5000000,1150504
4464,53374386,番花正開整合設計有限公司,臺中市西屯區何南里東興路三段381號5樓之3,1000000,1150511
4465,53376292,羿承科技股份有限公司,臺中市神岡區中山路667巷32弄38號,25000000,1150504
4466,53377362,金鴻科技工程有限公司,臺中市西屯區林厝里福雅路321巷95號1樓,5000000,1150511
4467,53383337,國紘機械工業有限公司,臺中市豐原區成功路147號一樓,5000000,1150514
4468,53384292,祥睿食品有限公司,臺中市西區博館路101號7樓之3,500000,1150508
4473,53392461,全聯土地開發有限公司,臺中市北屯區軍和街176號1樓,10000000,1150518
4483,53407289,凱克博實業有限公司,臺中市西區公益路349號7樓之12,1000000,1150506
4485,53408490,捷鴻國際開發有限公司,臺中市豐原區西湳里三豐路二段135巷129弄30號,1500000,1150505
4486,53408597,飛行人國際有限公司,臺中市北區進化路575號3樓之3,5000000,1150515
4498,53423295,興麗丹有限公司,臺中市西屯區市政北一路265號6樓之7,10000000,1150525
4513,53469209,達志國際股份有限公司,臺中市大里區西榮里東明路147巷121號2樓,4000000,1150526
4518,53478729,弘穎有限公司,臺中市新社區東興里興社街一段135-10號,1200000,1150512
4522,53485995,舜堂酒業股份有限公司,臺中市外埔區廍子路107之7號1樓,458333900,1150504
4523,53486093,緯田科技有限公司,臺中市大安區頂安里中山北路280號,5300000,1150508
4526,53490189,業竣營造有限公司,臺中市豐原區豐田里豐田路80號1樓,3600000,1150505
4527,53491589,登蘴企業有限公司,臺中市后里區墩北里大圳路629號二樓,5000000,1150518
4528,53495749,金溢國際有限公司,臺中市大里區新芳路169之6號2樓,23500000,1150504
4532,53498128,和昌油品有限公司,臺中市豐原區豐原大道一段428巷22弄45號,1000000,1150526
4534,53506746,生峰工業有限公司,臺中市神岡區社口里社口街60巷22號,100000,1150506
4535,53508821,李家慶園藝有限公司,臺中市潭子區興華一路372巷68號5樓,3300000,1150522
4539,53512780,漾拓印製股份有限公司,臺中市潭子區人和路167巷6號,16000000,1150519
4569,53559362,岩隆國際貿易有限公司,臺中市西屯區何成里大墩十八街195號3樓之1,3000000,1150526
4595,53606338,明世代有限公司,臺中市大甲區中山里甲后路五段251巷10號1樓,75000000,1150518
4601,53614267,沅昱科技有限公司,臺中市神岡區社南里中山路667巷101之2號1樓,2000000,1150513
4602,53616722,東晨光開發顧問有限公司,臺中市南屯區豐樂里永春東一路559號,5500000,1150505
4604,53620423,貓與好人有限公司,臺中市西區美村路一段633號1樓,100000,1150506
4605,53624286,清美建設股份有限公司,臺中市南區和平里忠明南路760號21樓,30000000,1150512
4606,53624770,林本堂股份有限公司,臺中市霧峰區民生路39號3樓,10000,1150515
4608,53627523,星億光電股份有限公司,臺中市北屯區昌平路一段388號6樓之1,11000000,1150505
4613,53635609,誠雲科技股份有限公司,臺中市西屯區福和里臺灣大道四段925號16樓之3,95009120,1150513
4615,53637254,寰聖國際實業股份有限公司,臺中市西屯區林厝里科雅東路9號,360380000,1150525
4618,53639632,鴻桭天然生技股份有限公司,臺中市南屯區豐樂里文心南五路一段321之7號1樓,2000000,1150508
4622,53643474,歐捷企業有限公司,臺中市南屯區黎明路一段965巷36弄10號1樓,1000000,1150507
4634,53668946,台中銀證券股份有限公司,臺中市中區民族路45號1、2樓,1919654000,1150522
4719,53788647,星光大道美食世界股份有限公司,臺中市西屯區西墩里福科路86號、88號,25000000,1150512
4724,53796153,長旭室內裝修有限公司,臺中市北屯區水湳里大連路一段227號2樓,5000000,1150507
4729,53806286,亞里士精密企業有限公司,臺中市神岡區溪洲里福民路11巷7號,5000000,1150518
4732,53809592,台灣松浦機械股份有限公司,臺中市大甲區大安港路208號,38000000,1150518
4741,53824355,瑞華清潔有限公司,臺中市西區和龍里日興街100之1號4樓,12000000,1150521
4752,53840995,星協達工程有限公司,臺中市潭子區福仁里福潭路306巷2號1樓,1200000,1150526
4762,53854569,三起國際貿易有限公司,臺中市南區國光里建成路1475號1樓,1500000,1150513
4768,53863716,鼎耀室內裝修設計有限公司,臺中市西屯區龍潭里龍吉街88號2樓,1000000,1150527
4769,53865340,瓦諾數位創意股份有限公司,臺中市南屯區南屯里五權西路二段666號10樓之3之2,23000000,1150525
4770,53865545,崇巽有限公司,臺中市北區崇德里北興街184號,1000000,1150512
4771,53867403,維納斯有限公司,臺中市中區繼光里繼光街73號,200000,1150526
4772,53868819,軍陶有限公司,臺中市神岡區神洲里光啟路123之3號,1000000,1150528
4775,53875564,大果股份有限公司,臺中市西區樂群街156號1樓,5000000,1150508
4777,53877985,元堡資產管理有限公司,臺中市北區賴興里文昌東二街38號1樓,10000000,1150519
4798,53903203,璽金龍國際有限公司,臺中市大里區國光路二段146號1樓,198000,1150520
4835,53966635,大帕科技有限公司,臺中市北區淡溝里館前路19號4樓之4,500000,1150513
4839,53972968,禾榮精密有限公司,臺中市西屯區櫻城一街80號8樓之2,3000000,1150518
4841,53976394,高大租賃股份有限公司,臺中市霧峰區坑口里中正路575之9號,6000000,1150513
4852,53994246,台中眾鈴汽車股份有限公司,臺中市外埔區二崁路568巷36號,1101000000,1150525
4856,54006706,遠慈物業管理顧問有限公司,臺中市北屯區崇德二路一段157巷12號1樓,800000,1150527
4879,54036589,祿海興業有限公司,臺中市西屯區至善里青海路二段351號10樓之1,5000000,1150506
4903,54080711,錡樺生物科技有限公司,臺中市西區大忠里忠明南路270號3樓之2,20000000,1150515
4909,54089234,奕展堂國際有限公司,臺中市潭子區栗林里中山路三段398號1樓,2000000,1150522
4910,54090318,墨睿室內裝修有限公司,臺中市大雅區大楓里民豐街53號,1000000,1150519
4911,54090400,全尼克有限公司,臺中市后里區厚里里后科路三段197巷10號,2000000,1150518
4918,54096360,西莎地運動事業股份有限公司,臺中市西屯區潮洋里朝富路217號2樓、213號3樓之2、3樓之6,900000000,1150507
4920,54100505,捷一資訊服務股份有限公司,臺中市北區邱厝里英才路118號2樓、3樓,5000000,1150521
4924,54101785,百匡投資有限公司,臺中市大里區健民里仁化工十路13號1樓,16000000,1150518
4925,54103593,廣宣建設開發有限公司,臺中市太平區長安五街5號1樓,37000000,1150519
4926,54108577,岱盟工程有限公司,臺中市西屯區何成里大祥街10號2樓,5000000,1150508
4930,54113179,聚德永續經營管理顧問股份有限公司,臺中市西區民龍里公益路155巷9號7樓之1,2000000,1150515
4931,54115922,研之泉國際企業有限公司,臺中市西屯區廣福里光明路208之5號,14000000,1150504
4932,54116979,新飛工業有限公司,臺中市清水區高南里港埠路五段177號1樓,2000000,1150514
4933,54119666,日太資產管理股份有限公司,臺中市南區城隍里忠孝路163號2樓,300000000,1150528
4934,54121488,沅碁光電股份有限公司,臺中市南屯區豐樂里永春東路1039號1樓,55000000,1150528
4935,54123985,嘉林實業有限公司,臺中市北區明新里中清路一段447號9樓之3,5000000,1150521
4936,54126890,廣田樹木有限公司,臺中市西屯區大墩路919號2樓,2000000,1150507
4939,54131508,東穎科技冷凍有限公司,臺中市大里區大元里中興路2段69之5號1樓,3600000,1150521
4941,54133702,鈞翔機械工程有限公司,臺中市大肚區頂街里大明五街135號,300000,1150505
4942,54137989,富安土地開發股份有限公司,臺中市南屯區黎明路一段580號2樓,45000000,1150514
4998,54222042,廠星科技股份有限公司,臺中市北區錦洲里進化路422號1樓,4000000,1150514
5006,54230958,永利行資源回收科技有限公司,臺中市太平區永成北路66巷34號1樓,5000000,1150528
5011,54234899,我的筆記本有限公司,臺中市南屯區同心里文心路一段186號9樓之5,500000,1150512
5012,54236046,碩才有限公司,臺中市大里區內新里新仁路二段福溝巷19號1樓,100000,1150515
5013,54237853,舜堃工業有限公司,臺中市烏日區螺潭里溪南路2段368巷12號1樓,1000000,1150527
5014,54241358,華冠有限公司,臺中市西區土庫里五權西六街166巷10號4樓之8,1000000,1150507
5015,54241370,千綸科技股份有限公司,臺中市西屯區臺灣大道四段771號10樓,1000000,1150504
5024,54260214,歐特捷實業股份有限公司,臺中市西屯區協和里工業區八路19號,210000000,1150506
5029,54261902,德安生命禮儀有限公司,臺中市西屯區何源里內江街106號4樓,50000,1150518
5095,54367855,嘉柏麗國際開發有限公司,臺中市北屯區仁和里崇德八路一段131號1樓,1000000,1150525
5103,54396129,香港商宏泰國際資源有限公司,臺中市西屯區文心路2段201號18樓之7,1800000,1150527
5108,54502418,保訊企業有限公司,臺中市西屯區福安里福順路137之1號9樓之5,5000000,1150527
5164,54580906,信宇有限公司,臺中市西區南屯路一段232巷2弄7號1樓,3000000,1150520
5165,54581270,冠昱國際財務管理顧問有限公司,臺中市北屯區平心里安順四街18號4樓,1050000,1150515
5166,54584375,聖捷友國際有限公司,臺中市后里區義里里甲后路一段128號1樓,500000,1150528
5167,54587942,普騰國際淨水有限公司,臺中市太平區東平路769號1樓,5000000,1150505
5168,54589940,競子有限公司,臺中市南區忠明南路789號38樓之2,1300000,1150504
5169,54590159,睿康生醫股份有限公司,臺中市南屯區精科南路99號4樓之1,87001000,1150512
5170,54591729,葉綠宿股份有限公司,臺中市西屯區逢甲里西屯路二段270巷1號3樓,25000000,1150526
5171,54592889,富乙生技有限公司,臺中市南屯區田心里大墩六街383號1樓,1000000,1150506
5172,54592966,興都有限公司,臺中市南屯區寶山里忠勇路52之289號1樓,10000000,1150519
5174,54596148,新井室內裝修設計有限公司,臺中市西屯區安和路121之19之1號,6000000,1150513
5175,54598455,樂闊國際有限公司,臺中市南屯區三和里大墩十一街818號,3600000,1150529
5176,54599692,富川原建設實業股份有限公司,臺中市西屯區朝貴一街83號1樓,10000000,1150519
5177,54599980,長科系統服務股份有限公司,臺中市西屯區西屯路二段256巷6號19樓之3,26000000,1150526
5178,54601310,一口茶股份有限公司,臺中市北區賴厝里梅川西路三段66號8樓,900000,1150513
5179,54607601,裕民保險經紀人股份有限公司,臺中市南屯區五權西路二段1161號3樓,5000000,1150511
5180,54608849,黃金帝國旅行社股份有限公司,臺中市南區西川里忠明南路480號1樓,6000000,1150522
5191,54623882,曜鐿有限公司,臺中市梧棲區南簡里大仁路一段61巷5之2號1樓,1000000,1150514
5264,54703647,綠恆股份有限公司,臺中市南區忠明南路789號13樓之2,20000000,1150504
5285,54743866,騰騰立體動力有限公司,臺中市西屯區大隆路137號,4000000,1150508
5286,54746630,羽森進口貿易有限公司,臺中市北區崇德里榮華街130巷2號,1000000,1150525
5287,54747878,金山大建設股份有限公司,臺中市大甲區頂店里錦上街178號,29900000,1150512
5288,54749123,土房吉財有限公司,臺中市北屯區太原路三段289號1樓,3000000,1150512
5289,54751513,宇震機電工程有限公司,臺中市南區福興里福平街76號1樓,2000000,1150513
5290,54759563,達日萊有限公司,臺中市神岡區厚生路134號1樓,1000000,1150518
5291,54760935,沅德空間設計室內裝修有限公司,臺中市北區賴村里大德街158巷6號1樓,2000000,1150522
5292,54765100,景德行木業有限公司,臺中市后里區中和里1鄰犁份路18之21號1樓,12000000,1150507
5293,54766939,明勝生醫有限公司,臺中市南屯區大墩二街3之6號16樓,2000000,1150506
5294,54767542,澳進企業有限公司,臺中市霧峰區吉峰里吉峰西路62巷1弄10號1樓,7000000,1150525
5295,54767894,朵琳精品有限公司,臺中市北屯區天津路三段193號1樓,9000000,1150526
5296,54768211,上峰創意設計印刷有限公司,臺中市南屯區楓樹里黎明路一段32巷6號,12100000,1150513
5298,54770835,建暉環保科技股份有限公司,臺中市西屯區西屯路二段256巷6號17樓之3,29930000,1150526
5372,54881712,聖喆國際股份有限公司,臺中市西區忠明里臺灣大道二段406號12樓之2,3000000,1150511
5373,54883958,合滙科技股份有限公司,臺中市大里區東湖里科技路3號9樓之6,11500000,1150512
5374,54883985,竑凱機械有限公司,臺中市梧棲區大村里三條圳一街17巷18號2樓,500000,1150506
5375,54887146,台灣中食安科技股份有限公司,臺中市西區貴和街30號,29750000,1150518
5376,54887862,大岳建設股份有限公司,臺中市北屯區環太東路461號12樓之3,27900000,1150515
5377,54888399,元啟高空有限公司,臺中市大肚區福山里沙田路一段388巷7號1樓,500000,1150525
5378,54890206,楚文化有限公司,臺中市西屯區何安里重慶路99號3樓之2,1000000,1150528
5379,54891177,川盛不動產股份有限公司,臺中市北屯區后庄路491號1樓,4000000,1150512
5380,54892160,握沃貿易股份有限公司,臺中市北區明德里忠明路407號4樓,5000000,1150504
5382,54894272,昕晟營造有限公司,臺中市沙鹿區正英二街56號1樓,16600000,1150522
5384,54896406,永耀日實業有限公司,臺中市西屯區何安里重慶路99號5樓之3,1000000,1150512
5385,54896709,創亞國際股份有限公司,臺中市南屯區永定里龍富十五路25號2樓之1、2樓之2,12000000,1150512
5386,54899889,森昶生技股份有限公司,臺中市大肚區沙田路一段766號1樓,1000000,1150508
5387,54901647,卡利他有限公司,臺中市西屯區至善里逢甲路301巷55號1樓,300000,1150525
5389,54903814,益用開發股份有限公司,臺中市北屯區軍功路一段505號1樓,10000000,1150505
5390,54906426,力業實業有限公司,臺中市中區公園里臺灣大道一段217號1樓,5000000,1150515
5391,54909015,燿升機電工程股份有限公司,臺中市東區東興里興大路11號13樓,10000000,1150521
5392,54910364,勝璟金屬有限公司,臺中市豐原區北陽里南陽路158巷50號1樓之2,2500000,1150520
5430,54957281,藍血魂有限公司,臺中市西區民龍里館前路59號1樓,3800000,1150521
5464,54995264,韋裕有限公司,臺中市北區賴興里文心路四段200號8樓之8,1000000,1150526
5467,54997559,饅自然有限公司,臺中市北屯區廍子里祥順六街27號1樓,1000000,1150518
5471,55174969,秋橙股份有限公司,臺中市南屯區大富街95之1號1樓,2100000,1150504
5478,55640085,台灣真珠樂器股份有限公司,臺中市潭子區南環路15號,62372000,1150506
5496,55713609,生益紡織有限公司,臺中市清水區田寮里華美街80號1樓,3000000,1150515
5502,55753475,城岳營造股份有限公司,臺中市西屯區福星北路86號2樓之3,3600000,1150520
5504,55759180,力山工業股份有限公司,臺中市大里區仁化路261號,1814735000,1150528
5506,55763163,南南西企業有限公司,臺中市大里區健民里仁化工十路13號1樓,5000000,1150518
5535,55832561,怡晉實業股份有限公司,臺中市西屯區何成里大墩十九街186號5樓之1,19000000,1150527
5541,55857746,高鋒工業股份有限公司,臺中市大雅區科雅路16號,1089777240,1150519
5550,55880774,松鶴鴨投資有限公司,臺中市南屯區同心里南屯路二段290號12樓之2,13400000,1150527
5551,55883884,鴻源電機股份有限公司,臺中市西屯區福和里臺灣大道四段859號4樓,12000000,1150505
5555,55895066,仟昇工業股份有限公司,臺中市大里區西湖里西湖路425號,50000000,1150514
5576,55959841,蓬進營造有限公司,臺中市西屯區潮洋里朝富路213號23樓之1,120000000,1150525
5579,55965528,何榮工業股份有限公司,臺中市神岡區豐洲里豐工南路40號,15000000,1150506
5582,55986283,旭懋股份有限公司,臺中市神岡區岸裡里中山路241巷6號,5000000,1150513
5587,56004008,大方汽車貨運有限公司,臺中市梧棲區大智路二段179號1樓,15000000,1150521
5594,56165003,忠興織造廠股份有限公司,臺中市沙鹿區鹿峰里星河路567號,240000000,1150522
5595,56209522,泰成紡織工業股份有限公司,臺中市清水區裕嘉里中央路107之1號,14985000,1150504
5596,56291944,萬味軒食品工業股份有限公司,臺中市清水區下湳里三田路1之12號,67000000,1150506
5601,56601862,富秝建設有限公司,臺中市西區民龍里臺灣大道二段285號12樓之1,5858000,1150504
5612,56627440,心源工業股份有限公司,臺中市清水區下湳里菁埔路198號,155950000,1150507
5620,56657458,鈦量科技股份有限公司,臺中市北區賴興里文心路四段200號8樓之8,2000000,1150507
5624,56667414,陳福益營造股份有限公司,臺中市龍井區龍西里茄投路147號,25000000,1150527
5626,56670092,三弘木業有限公司,臺中市大甲區日南里幼獅路25號,40000000,1150504
5630,56691408,正東昇縫紉機械有限公司,臺中市大甲區中山里甲后路五段277巷47號,5000000,1150515
5632,56693665,遠立行工業股份有限公司,臺中市梧棲區草湳里臨港路三段628號,106400000,1150521
5633,56701481,明峰交通股份有限公司,臺中市豐原區南田里富翁街226巷9號2樓,25000000,1150518
5634,56705424,正通科技股份有限公司,臺中市南區忠明南路758號21樓,80000000,1150512
5636,56805423,聚刻國際有限公司,臺中市西區臺灣大道二段300號7樓之5,1000000,1150527
5638,56808596,帝懋塑膠股份有限公司,臺中市神岡區庄後里溝心路51之2號,5000000,1150522
5642,57002838,大度煤氣有限公司,臺中市沙鹿區中山路19巷12號2樓,3000000,1150505
5644,57032707,功力化學工業股份有限公司,臺中市太平區新平路一段196號,117000000,1150528
5671,59043510,澄新貿易有限公司,臺中市西區民龍里西屯路一段180巷2號,200000,1150507
5709,59224250,台灣活性脂質股份有限公司,臺中市北屯區平田里文心路四段955號20樓之6,39435685,1150526
5754,59745511,台灣信念精密科技有限公司,臺中市梧棲區中正里居仁街63巷18之7號1樓,4000000,1150512
5756,59853314,百利國際股份有限公司,臺中市西屯區福和里臺灣大道四段925號15樓之1,61980000,1150521
5759,60206527,古厝食品股份有限公司,臺中市烏日區榮泉里三榮路二段271號3樓之2,14200000,1150506
5760,60226312,協昌剪具有限公司,臺中市太平區建國里鵬儀路312巷7號,7000000,1150506
5761,60228000,馳穩有限公司,臺中市南區福平里復興路二段137之1號4樓,500000,1150521
5763,60229280,市城建設有限公司,臺中市大里區東興里永興路265巷8號1樓,44500000,1150522
5765,60238197,虹源舞台事業有限公司,臺中市北屯區軍功里一新二街2號,2000000,1150520
5766,60244276,立盛模具有限公司,臺中市東區東信里東英五街6號1樓,15000000,1150504
5768,60261979,樂力活行銷科技股份有限公司,臺中市大里區祥興里大興街16號1樓,6500000,1150507
5769,60263049,佳常傳統小吃有限公司,臺中市西屯區何福里漢口路二段148之2號,200000,1150525
5770,60267880,來友有限公司,臺中市龍井區工業路188巷3號,500000,1150507
5771,60270436,京揚投資股份有限公司,臺中市北屯區文昌東五街14號1樓,16140000,1150508
5772,60270787,韓中傳統小吃有限公司,臺中市西屯區福和里臺灣大道四段771號1樓,200000,1150526
5773,60272808,傑睿悍傢俱股份有限公司,臺中市北區梅川里文昌東一街89巷7之4號,20895930,1150522
5775,60274637,夢工廠模型有限公司,臺中市西區公德里大忠街94號7樓之1,2000000,1150511
5776,60274720,長聖國際生技股份有限公司,臺中市大雅區科雅路30號4樓,1017638610,1150522
5778,60278465,東懋投資股份有限公司,臺中市北屯區文昌東五街16號1樓,20020000,1150528
5779,60283214,臺中捷運股份有限公司,臺中市北屯區舊社里5鄰松竹路一段1000號,4500000000,1150520
5780,60286113,獻騰工程有限公司,臺中市大里區祥興里大智路565巷43之11號,6400000,1150511
5781,60289420,麗明營造股份有限公司,臺中市西屯區府會園道169號4樓,1500000000,1150515
5783,60295605,捷鈦企業有限公司,臺中市外埔區水美里水美路5號2樓,800000,1150513
5791,60303582,炘越股份有限公司,臺中市沙鹿區福興里東晉二街108號1樓,12000000,1150506
5816,60310237,曜開地產股份有限公司,臺中市西屯區龍吉街88號1樓,500000,1150527
5817,60310362,宏瑜營造股份有限公司,臺中市中區公園里光復路85號5樓之1,120000000,1150512
5852,60327894,恒強鋼鐵股份有限公司,臺中市龍井區忠和里中央路三段77巷23號2樓,66000000,1150518
5854,60328911,益龍科技股份有限公司,臺中市南區文心南十路186號1樓,3000000,1150522
5855,60329025,金圓員食品有限公司,臺中市北屯區旅順路二段393號1樓,6000000,1150505
5856,60329101,漢唐資產股份有限公司,臺中市西區三民路一段149號12樓之1,1000000,1150515
5857,60329545,福堂資產股份有限公司,臺中市西區三民路一段149號12樓之1,1000000,1150515
5858,60329616,擎策資本股份有限公司,臺中市豐原區北陽里北陽路450巷86號1樓,2160000,1150506
5859,60329783,樂蔻健康行銷顧問有限公司,臺中市南屯區大業路375號4樓,6000000,1150507
5860,60330352,宣沅有限公司,臺中市東區十甲里旱溪東路一段423號1樓,1000000,1150507
5861,60330424,正風海事股份有限公司,臺中市北屯區南興路1050號7樓之16,48000000,1150522
5862,60330542,恆茂國際股份有限公司,臺中市大雅區民生路二段27巷16號1樓,5500000,1150506
5863,60330775,水舞休閒事業股份有限公司,臺中市西區民龍里英才路528號12樓,50000000,1150515
5864,60330888,富山投資有限公司,臺中市西屯區至善里青海路二段331號1樓,5001000,1150508
5867,60331980,分享生活股份有限公司,臺中市南屯區南屯里五權西路二段666號10樓之3,4000000,1150520
5878,60333745,銳盛國際開發有限公司,臺中市北屯區崇德十路一段375號1樓,1000000,1150525
5889,60337236,吉甸營造股份有限公司,臺中市烏日區五光里五光路189巷16弄5號1樓,5000000,1150522
5890,60337340,柏煜企業有限公司,臺中市北區北屯路69號1樓,50000,1150513
5891,60337778,世鑽材料股份有限公司,臺中市西屯區惠來里市政路386號18樓之8,20000000,1150528
5892,60337989,崴達數位科技有限公司,臺中市南區美村路二段186號6樓之1,200000,1150514
5893,60338018,喜有成國際有限公司,臺中市南區復興路二段108之1號1樓,1000000,1150526
5894,60338333,嘉業生技股份有限公司,臺中市西屯區惠來里市政北七路168號18樓之3,20000000,1150514
5895,60338609,中明企業有限公司,臺中市北屯區松安里柳陽西街124號1樓,10000000,1150528
5907,60345637,模域科技股份有限公司,臺中市太平區大源二一街8號,1791407,1150521
5908,60345735,永承國際開發有限公司,臺中市北屯區苧園48巷2弄12號1樓,18500000,1150519
5909,60345806,王草有限公司,臺中市大雅區中清路五段97巷9號1樓,1000000,1150522
5910,60346045,卓越全球控股股份有限公司,臺中市大里區環河路97號1樓,20000000,1150521
5911,60346235,可成資本有限公司,臺中市烏日區烏日里環河北路278號5樓,3000000,1150525
5943,60357020,富嘉登有限公司,臺中市西區自由路一段101號8樓之2,300000,1150512
5944,60357324,奧恆投資有限公司,臺中市西區英才路581號,17000000,1150525
5945,60357859,金鴻消防工程股份有限公司,臺中市南區福順里忠明南路789號38樓之2,200000,1150518
5946,60357909,千山科技有限公司,臺中市西屯區重慶路99號5樓之3,10000000,1150521
5947,60358800,威藝股份有限公司,臺中市北屯區軍功里軍福十九路400號,100000,1150519
5956,60363070,喬薏娛樂有限公司,臺中市西區和龍里臺灣大道二段2號20樓之1,150000,1150505
5957,60363705,禾嘉寶管材五金股份有限公司,臺中市北區金華里興進路205號13樓之1,20000000,1150504
5958,60363748,旭辰餐飲股份有限公司,臺中市南屯區公益路二段168號1、2樓,8000000,1150507
5970,60368048,后里名產有限公司,臺中市東區復興路四段100號4樓,1000000,1150519
5971,60368119,漾鑫生技有限公司,臺中市梧棲區永興路二段352號,1000000,1150526
5972,60368173,益嘉重機械有限公司,臺中市沙鹿區公明里中清路六段161之23號1樓,286000,1150528
5973,60368645,日鴻允有限公司,臺中市西屯區大隆路137號,2100000,1150522
5974,60369222,瀨古生物科技股份有限公司,臺中市大雅區二和里雅環路一段259巷17號1樓,1000000,1150504
6011,60381475,燿德生命禮儀有限公司,臺中市外埔區大東里甲后路五段130巷46弄23號1樓,500000,1150519
6046,60391771,大九天實業股份有限公司,臺中市南屯區惠中里大光街141號7樓,27000000,1150521
6089,60408317,勝丞股份有限公司,臺中市西區土庫里五權西路一段237號11樓之3,1000000,1150514
6090,60408610,森芮雅生醫有限公司,臺中市北區淡溝里臺灣大道二段360號28樓,4000000,1150521
6101,60413352,進原企業有限公司,臺中市大雅區員林里大林路271巷65號,20000000,1150511
6102,60413402,璽元科技有限公司,臺中市西屯區至善里逢甲路301巷22弄24號1樓,100000,1150525
6104,60413894,晴美國際美學股份有限公司,臺中市大雅區雅潭路三段595號,10000000,1150506
6105,60413971,博醫科技有限公司,臺中市西區民龍里臺灣大道二段375號12樓之1,2000000,1150525
6117,60419476,暖心樹有限公司,臺中市西屯區福恩里工業區一路6巷12號2樓,300000,1150521
6118,60419530,億起飛有限公司,臺中市北屯區松竹五路一段76號2樓,1000000,1150515
6119,60419898,榮堯有限公司,臺中市西屯區逢福里逢甲路19巷19之14號,500000,1150522
6120,60420017,立臻生活股份有限公司,臺中市烏日區高鐵路三段168號3樓,200000000,1150522
6121,60420261,欣邦國際企業有限公司,臺中市西屯區逢甲里河南路二段327號4樓之5,2000000,1150528
6122,60420375,好素希有限公司,臺中市北區健行里西屯路一段372號1樓,1000000,1150513
6123,60420797,銓欣工程有限公司,臺中市大雅區六寶里中清路五段97巷6弄27號1樓,200000,1150507
6130,60423632,炬森包裝股份有限公司,臺中市西屯區至善里逢甲路301巷22弄24號1樓,2000000,1150514
6131,60423794,汯宸國際貿易有限公司,臺中市西屯區潮洋里市政北二路238號27樓之1,2000000,1150518
6132,60423984,曜泉影像有限公司,臺中市北區立人里陝西路79號1樓,700000,1150520
6165,60438109,順達資優文教有限公司,臺中市北屯區興安路二段461巷36號5樓,300000,1150507
6166,60438234,崙和有限公司,臺中市西屯區朝貴一街68號,300000,1150514
6167,60438240,光森設計有限公司,臺中市西屯區市政北七路186號3樓之3,500000,1150504
6168,60438327,惠鴻肉品有限公司,臺中市潭子區家福里得才街51號1樓,1000000,1150519
6169,60438570,台灣愛餐智匯生活股份有限公司,臺中市西區忠誠里太原路一段142號1樓,3950000,1150512
6170,60438608,合嶼有限公司,臺中市西屯區何成里大墩路875號1樓,100000,1150507
6171,60438614,一湧國際餐飲有限公司,臺中市南屯區大同里東興路二段353號1、2樓及地下室,50000,1150518
6172,60438683,御建有限公司,臺中市西屯區至善里逢甲路301巷22弄24號1樓,300000,1150504
6173,60439016,三亞國際股份有限公司,臺中市西屯區潮洋里環河路168號4樓,3000000,1150525
6193,60461656,草葉集生活與盆栽室內裝修有限公司,臺中市潭子區福潭路240號,100000,1150513
6194,60462281,上宇不銹鋼有限公司,臺中市外埔區鐵山里長生路36號,500000,1150522
6198,60465610,嵩氏文創有限公司,臺中市北區金龍里金龍街22號1樓,800000,1150508
6199,60465858,鑫海榮有限公司,臺中市西區五權路1之67號11樓之2,2000000,1150515
6200,60465864,祐騰智能科技有限公司,臺中市沙鹿區南斗路27巷62號1樓,1000000,1150506
6201,60466287,宗貞不二室內裝修有限公司,臺中市北區健行里忠明路424號20樓之1,1000000,1150525
6224,60470965,御媓國際有限公司,臺中市南屯區文心路一段73號3樓之1,200000,1150515
6234,60475883,德瑞智慧能源有限公司,臺中市西屯區何安里臺灣大道二段910號13樓之2,3000000,1150529
6235,60476166,極線動能實業有限公司,臺中市龍井區田中里龍北路60巷18號1樓,100000,1150519
6266,60494283,墨家飾有限公司,臺中市南屯區豐樂里大墩南路370號,600000,1150518
6267,60494299,吉家鐘錶股份有限公司,臺中市中區中山路93號2樓,17000000,1150515
6268,60494761,曜生活室內裝修設計股份有限公司,臺中市西屯區龍吉街88號1樓,10000000,1150525
6269,60494832,艾芮得租賃有限公司,臺中市北屯區舊社里北屯路441之18號3樓,1000000,1150520
6270,60495240,巴比倫智動股份有限公司,臺中市北屯區平安里文心路四段750號地下室之1、752號地下室,4100000,1150506
6274,60496114,耀起企業有限公司,臺中市西屯區市政北二路238號27樓之1,400000,1150515
6279,60497872,蓋展工程有限公司,臺中市北屯區水湳里文心路三段447號4樓,5000000,1150515
6302,60508792,美尚有限公司,臺中市西屯區西屯路二段256巷6號2樓之6,200000,1150526
6303,60508929,泓曜實業股份有限公司,臺中市北區梅川里漢口路四段287巷7號6樓之10,3000000,1150528
6304,60508955,聖英捷文化有限公司,臺中市北屯區平心里昌平路一段95之8號5樓之2,300000,1150522
6309,60512276,增福通運有限公司,臺中市西屯區臺灣大道二段718號3樓,25000000,1150527
6311,60513520,永鑫生技有限公司,臺中市太平區新坪里育德路17號1樓,1000000,1150525
6312,60513562,健智科技工程有限公司,臺中市西屯區福林路31巷58號1、2樓,480000,1150518
6313,60513649,蕎伊興業股份有限公司,臺中市北區頂厝里進化北路272號,30000000,1150521
6315,60514008,澄鑫休閒餐飲有限公司,臺中市大里區東湖里中湖路130巷12弄3號2樓之1,500000,1150504
6316,60514252,安鈺有限公司,臺中市西區英才路501號7樓,10800000,1150526
6317,60514859,星動行旅有限公司,臺中市中區自由路二段6號8樓之1,670000,1150526
6344,60526378,沐禾錦有限公司,臺中市北屯區平安里文心路四段698號15樓之1,100000,1150514
6345,60527008,樂食國際餐飲有限公司,臺中市北區新北里育才街6巷4號,1000000,1150508
6360,60531668,振碩汽車租賃有限公司,臺中市霧峰區坑口里中正路575之10號,5000000,1150519
6361,60532076,鼎盛元股份有限公司,臺中市南屯區黎明路一段26巷11號1樓,1000000,1150505
6377,60538780,台泥文山環保科技股份有限公司,臺中市大雅區中清路三段785號,500000000,1150508
6378,60539943,曜禾企業有限公司,臺中市南區福順里南陽街1號1樓,300000,1150508
6379,60540028,學鋭文化事業有限公司,臺中市豐原區南陽路301巷28之1號1樓,500000,1150511
6380,60540110,財冠有限公司,臺中市西區民龍里臺灣大道二段285號12樓之1,500000,1150512
6381,60540940,品樂餐飲股份有限公司,臺中市西屯區西平里福星路349號2樓,2000000,1150512
6382,60541173,恆益健康樂活股份有限公司,臺中市大里區大明里中興路二段729號9樓之5,10000000,1150520
6415,60559150,馨月居有限公司,臺中市西屯區港尾里廣吉一街150號,8500008,1150519
6432,60568411,曜生活股份有限公司,臺中市西屯區龍吉街88號2樓,28000000,1150525
6433,60568593,郁峰園景設計有限公司,臺中市烏日區北里里太明路成豐巷20號,500000,1150526
6448,60574379,艾嘉智能行銷科技有限公司,臺中市南屯區公益路二段61號8樓之1,1000000,1150522
6449,60575004,源宿有限公司,臺中市南區和平里忠明南路758號10樓,2000000,1150515
6450,60575285,聖義凱有限公司,臺中市大甲區順天里蔣公路161號1樓,2000000,1150512
6451,60576088,安媞國際股份有限公司,臺中市南屯區豐樂里文心南六路268巷28號,4500000,1150519
6458,60580359,優麗沁美生技股份有限公司,臺中市南屯區惠中里惠文路587號、589號、601巷1號、601巷3號,40000000,1150519
6464,60584192,金剛營造有限公司,臺中市北屯區平興里大連路三段203號9樓,3600000,1150520
6465,60584242,雙盈創研有限公司,臺中市大里區東湖里科技路3號7樓之6,5000000,1150504
6466,60584643,景皇有限公司,臺中市西屯區何厝里何厝東二街103號5樓之22,300000,1150522
6494,60598718,盈聚有限公司,臺中市大里區立德里立元路11號,100000,1150506
6495,60598941,鴻陣室內裝修有限公司,臺中市大里區永隆里東明路570號1樓,100000,1150521
6526,60609911,鋐貯有限公司,臺中市西區臺灣大道二段489號31樓,500000,1150526
6527,60610656,陸家事業有限公司,臺中市大甲區頂店里大智街205巷3號2樓,200000,1150522
6528,60611058,伍春工程有限公司,臺中市北區文心路四段200號8樓之8,100000,1150528
6535,60613696,安達管理顧問有限公司,臺中市北區五常里五權路515號,100000,1150527
6536,60613730,分曜有限公司,臺中市南區福順里忠明南路789號38樓之2,300000,1150511
6537,60613865,尚藍營造股份有限公司,臺中市南屯區文心路一段378號7樓之10,23795000,1150525
6538,60613990,德利發有限公司,臺中市北屯區崇德八路一段197號,5000000,1150527
6540,60614533,泓銘國際有限公司,臺中市北區賴興里文心路四段208之1號7樓之2,1000000,1150513
6541,60615414,益巧昇工業有限公司,臺中市太平區新仁路一段92號,300000,1150527
6542,60615527,象閔有限公司,臺中市清水區南社路99之33號6樓之2,1000000,1150526
6555,60620253,緹卡迪娃生技股份有限公司,臺中市西屯區四川路150號1樓,1000000,1150525
6556,60621204,易購運動健身有限公司,臺中市西區民龍里公益路155巷9號8樓之1,1000000,1150511
6557,60621289,森源環境永續有限公司,臺中市西屯區惠來里市政北一路77號15樓之1,1000000,1150508
6558,60621437,達立美有限公司,臺中市西屯區文心路二段201號13樓之1,50000,1150528
6559,60622029,萱源生技股份有限公司,臺中市西屯區西屯路二段256巷6號18樓之10,8500000,1150513
6560,60622127,夢居資產管理顧問有限公司,臺中市潭子區甘蔗里興華一路325號2樓,500000,1150522
6561,60622604,中盛建維有限公司,臺中市西區大忠南街55號7樓之5,550000,1150521
6575,60628972,浩廷環境科技股份有限公司,臺中市西屯區協和里工業區十五路12號,121250000,1150511
6576,60629016,璞鵬工業有限公司,臺中市大肚區遊園路一段124巷59號,1500000,1150525
6577,60629085,丞道工程有限公司,臺中市西屯區西平里逢甲路21號2樓,300000,1150514
6578,60629402,高速複合服務有限公司,臺中市西屯區潮洋里市政北二路238號27樓之1,100000,1150513
6579,60629796,鑫達文化事業股份有限公司,臺中市潭子區得福街180號,2400000,1150526
6583,60632032,中遠環保股份有限公司,臺中市龍井區工業路248號,10000000,1150522
6588,60634637,希玥股份有限公司,臺中市北屯區豐樂五街99號9樓之2,100000,1150505
6589,60635523,塞席爾商盈創有限公司,臺中市西屯區潮洋里市政北二路282號28樓之9、28樓之10,5000000,1150520
6590,60635734,韓商優聯技術有限公司,臺中市西區民龍里臺灣大道二段285號22樓之1,600000,1150506
6619,60642860,景棠國際有限公司,臺中市西區忠誠里華美西街一段142號6樓之2,800000,1150504
6633,60648766,遊點有限公司,臺中市西屯區何厝東二街23號9樓之3,1000000,1150518
6642,60653747,先進芯材股份有限公司,臺中市龍井區西濱路二段191號,24250000,1150511
6643,60654014,源利財務規劃管理顧問有限公司,臺中市西屯區潮洋里市政北二路238號22樓之1,5370000,1150525
6664,60664364,慕牧空間設計有限公司,臺中市北區北平一街19之4號,2000000,1150518
6665,60665217,佑祥開發有限公司,臺中市龍井區龍泉里南社路二段156號1樓,5000000,1150508
6666,60665357,植源有限公司,臺中市北屯區平田里文心路四段955號11樓之2,100000,1150515
6683,60671061,展華科技有限公司,臺中市南屯區同心里文心路一段186號9樓之6,400000,1150521
6684,60671273,金耀企業有限公司,臺中市南區福順里忠明南路789號33樓,300000,1150520
6685,60671371,榮創國際有限公司,臺中市北屯區大德里中清路二段362巷21弄19號4樓,100000,1150505
6686,60671463,藏寶途股份有限公司,臺中市西區民龍里臺灣大道二段186號14樓之1,2000000,1150508
6702,60677889,炭吉文創股份有限公司,臺中市南屯區文心南路227號11樓之10,3000000,1150518
6703,60678515,一畝田國際永續股份有限公司,臺中市西屯區何源里華美西街二段311號2樓之1,1000000,1150511
6705,60679541,智群永續股份有限公司,臺中市北區明新里中清路一段447號7樓之1,1250000,1150506
6706,60679660,丰登國際科技有限公司,臺中市西屯區潮洋里市政北二路238號27樓之1,1000000,1150527
6737,60694536,龍騰科技有限公司,臺中市西區民權路185號14樓之18,100000,1150519
6738,60695079,睿東股份有限公司,臺中市西屯區市政北七路186號3樓之3,15000000,1150505
6739,60695633,天行悅國際事業股份有限公司,臺中市南屯區田心里文心路一段51號4樓,8000000,1150506
6740,60695937,宬宮國際股份有限公司,臺中市中區中華里臺灣大道一段538號12樓之1,4000000,1150507
6741,60696247,鈞瑞股份有限公司,臺中市西區大隆路20號14樓之1,24879870,1150506
6745,60698245,古厝夢想空間有限公司,臺中市北屯區北華街8號,5000,1150515
6778,60709849,豐睿空間設計有限公司,臺中市南屯區楓樹里永春東二路67之2號1樓,1000000,1150519
6780,60710352,熙妍蘊有限公司,臺中市北屯區松茂里松義街209號1樓,1000000,1150520
6781,60710466,千味穗山股份有限公司,臺中市太平區新光里樹德路101之5號,3000000,1150505
6782,60710780,煜金科技貿易有限公司,臺中市東區十甲路517號2樓,1000000,1150508
6796,60718404,隆恩高齡產業股份有限公司,臺中市西區民龍里臺灣大道二段220號12樓,12000000,1150507
6797,60718501,儷曜有限公司,臺中市大里區新里里大新街27號1樓,1000000,1150527
6798,60718994,靖䒅有限公司,臺中市北屯區平田里文心路四段875號4樓,1000000,1150504
6806,60723336,忠仁通運企業股份有限公司,臺中市豐原區豐東路250巷21弄20號1樓,200000,1150506
6809,60725593,明資本有限公司,臺中市西屯區上石里青海路二段240之1號13樓之5,3500000,1150519
6827,60732150,睿豐環保科技股份有限公司,臺中市大里區樹王里文心南路1273巷320弄42號1樓,26195300,1150520
6828,60732588,台三線實業有限公司,臺中市東勢區公園路98號1樓,15000000,1150525
6829,60732601,元璽展業股份有限公司,臺中市西屯區潮洋里市政北二路238號15樓之2,100000,1150504
6839,60737599,慕鑫有限公司,臺中市南區福興里五權南路167號地下一層樓之6,1000000,1150507
6851,60742734,腹活有限公司,臺中市北屯區和平里松竹路一段7之16號2樓,10000,1150525
6852,60742827,禾財有限公司,臺中市南區有恆街152號1樓,300000,1150522
6853,60743017,宇唐建設股份有限公司,臺中市西屯區龍吉街88號2樓,10000000,1150527
6854,60743184,元界國際股份有限公司,臺中市大里區東湖里34鄰國寶街48巷34號1樓,100000,1150508
6865,60750608,安袁有限公司,臺中市西區大忠里忠明南路270號7樓之1,200000,1150504
6866,60750760,快客股份有限公司,臺中市太平區太平里永豐路108巷38號,8000000,1150519
6867,60751917,稷源豐民股份有限公司,臺中市梧棲區大智路一段1086號1樓,500010,1150521
6899,60765551,億田鑫有限公司,臺中市北區建成里天祥街238之6號,3000100,1150519
6900,60765784,鑫筑開發有限公司,臺中市南區工學里文心南路718號1樓,5000000,1150506
6907,60769439,喬楀室內裝修設計有限公司,臺中市霧峰區四德路647號,5000000,1150508
6908,60769487,全球再生生醫股份有限公司,臺中市西屯區市政北一路77號8樓之16,2500000,1150504
6909,60769727,一品堂行銷有限公司,臺中市西屯區市政北二路236號21樓之1,1000000,1150527
6910,60769965,寧璞生醫股份有限公司,臺中市西屯區重慶路337號5樓,9000000,1150519
6911,60770365,登崴實業有限公司,臺中市龍井區龍泉里沙田路五段315巷270之200弄5號1樓,5000000,1150518
6912,60770463,晟豐國際有限公司,臺中市潭子區東寶里雅豐街57巷25號1樓,1000000,1150525
6913,60770528,耀眼餐飲股份有限公司,臺中市西區美村路一段750號1樓,35000000,1150508
6914,60770766,威特石業建材股份有限公司,臺中市西屯區市政北一路77號8樓之16,2500000,1150506
6933,60778492,歐克泰有限公司,臺中市北屯區水景里旱溪東路三段39號4樓之5,4000000,1150506
6934,60778943,名澧安防科技有限公司,臺中市北屯區中清路二段415巷9號1樓,1000000,1150522
6935,60779014,雷姆有限公司,臺中市潭子區福仁里僑興路103號,2000000,1150504
6936,60779035,厚春股份有限公司,臺中市沙鹿區斗抵里太平路8號1樓,3000000,1150521
6942,60781588,安域室內裝修設計有限公司,臺中市太平區新光里振武路157號6樓,1000000,1150525
6949,60782833,拿細耳國際貿易有限公司,臺中市西屯區何安里重慶路99號5樓之3,100000,1150528
6953,60784316,靖馨企業有限公司,臺中市后里區仁里里圳寮路94之8號1樓,1000000,1150514
6983,60797110,萬立機電有限公司,臺中市太平區太平里太平十五街13巷6號,1000000,1150507
6984,60797189,錢進貸投資開發有限公司,臺中市北屯區北屯路66號1樓,12500000,1150521
6994,61096604,豐碩創新服務股份有限公司,臺中市西區民龍里英才路470巷12號4樓之9,15000000,1150518
6995,61257919,忻宇國際有限公司,臺中市西區南屯路一段232巷2弄7號1樓,5000000,1150525
6998,61389307,松星地產開發有限公司,臺中市南屯區中和里中和北一巷29號1樓,168000,1150521
7001,61758012,厲勝國際股份有限公司,臺中市西區臺灣大道二段573號5樓,70100000,1150527
7002,61760988,野好股份有限公司,臺中市烏日區高鐵東路651號,347100000,1150512
7003,61763211,伊利加股份有限公司,臺中市沙鹿區北中路75號1樓,10000000,1150514
7004,61782511,晁鼎國際股份有限公司,臺中市西屯區臺灣大道二段910號11樓之5,2000000,1150521
7005,61785123,樽玉有限公司,臺中市沙鹿區埔子里正英十街66號1樓,500000,1150514
7008,61787213,銀狐移動科技有限公司,臺中市南區樹義里文心南路679號2樓,100000,1150507
7009,61792481,馬太水產有限公司,臺中市南屯區三和里大墩十二街873號1樓,3300000,1150504
7010,61806422,旭海騰科技有限公司,臺中市烏日區三和里高鐵一路268號6樓之9,5000000,1150504
7011,61810220,酒誠食林有限公司,臺中市南屯區惠中里大墩十二街262號,3500000,1150528
7012,61812830,科岱科技有限公司,臺中市北屯區和平里東山路一段384巷120號1樓,1000000,1150518
7013,61835398,沃瑪工程有限公司,臺中市北區文心路四段200號8樓之8,10000000,1150512
7014,61845115,芳源國際興業有限公司,臺中市北屯區和平里東山路一段384巷118號,5000000,1150505
7016,61848751,美麗點人生網路購物有限公司,臺中市霧峰區中正路433號1樓,1000000,1150511
7017,61850257,和迷行銷創意股份有限公司,臺中市西區五權五街151號4樓之7,3100000,1150513
7018,61863437,肯驛國際行銷股份有限公司,臺中市北區華信街8號2樓,10000000,1150504
7021,61872885,榮光保全股份有限公司,臺中市北區健行里中清路一段369號10樓之1,40000000,1150526
7022,61877100,至辰鑫精密有限公司,臺中市梧棲區居仁街8號1樓,10000000,1150512
7023,61881553,京峰貿易有限公司,臺中市北屯區軍功里軍功路二段285號1樓,600000,1150529
7024,61917975,東龍實業股份有限公司,臺中市大肚區大東里沙田路二段470巷5之7號1樓,1000000,1150505
7026,61925638,鏶智室內裝修有限公司,臺中市西屯區福中里福中五街13號1樓,1000000,1150511
7027,61926340,永銘有限公司,臺中市后里區后里里泉州路21之7號,316800,1150526
7029,61950306,展諾家具有限公司,臺中市清水區西社里中華路408之7號,150000,1150518
7030,61956414,品全保全股份有限公司,臺中市北屯區文心路四段698號8樓之1,40000000,1150505
7031,62033403,特宇國際股份有限公司,臺中市南屯區龍富路四段69號1樓,3000000,1150513
7033,62054906,緯全有限公司,臺中市太平區中興里新平路一段209巷20號7樓,1000000,1150520
7039,62164586,方木文化有限公司,臺中市南屯區大業里公益路二段61號3樓之3,200000,1150520
7042,62186918,聯晉建設股份有限公司,臺中市北區健行里忠明路424號20樓之1,12500000,1150513
7043,62186945,碁睿有限公司,臺中市北區明德里忠明路211號7樓之4,3300000,1150528
7044,62186987,丈藝室內裝修有限公司,臺中市北屯區軍功里軍功路二段89巷60號1樓,100000,1150518
7045,62187022,毛森日和有限公司,臺中市南區長榮里復興路三段341巷12號4樓,100000,1150515
7046,62187254,安盛生技有限公司,臺中市南屯區文心路一段218號5樓之1,500000,1150522
7047,62187389,都立思全球資本有限公司,臺中市外埔區大東里大馬路354號1樓,6175690,1150527
7048,62187439,天泰控股股份有限公司,臺中市外埔區大東里大馬路354號1樓,8654240,1150528
7049,62187450,啓信企業有限公司,臺中市清水區武鹿里中清路九段522號,1000000,1150526
7050,62187536,護城河實業有限公司,臺中市北屯區舊社里敦富六街22號5樓之5,200000000,1150506
7051,62187613,瑞真資本有限公司,臺中市外埔區大東里大馬路354號1樓,4036040,1150527
7076,62197904,弘暘投資股份有限公司,臺中市北屯區舊社里松竹五路一段235號1樓,101100000,1150505
7084,62202277,安荃餐飲有限公司,臺中市南屯區大業里大進街697號,2000000,1150526
7094,62209601,和山土木包工業有限公司,臺中市西屯區何南里大墩二十街118號5樓之1,3000000,1150507
7117,62218783,麗杉營建有限公司,臺中市霧峰區北柳里柳豐路109號1樓,3600000,1150529
7118,62219208,滄翼科技有限公司,臺中市西區自由路一段101號8樓之2,50000,1150518
7133,62226876,澐展企業有限公司,臺中市大甲區日南里經國路2500巷10弄38號,50000,1150507
7134,62227137,咕叩科技有限公司,臺中市西屯區潮洋里市政北二路282號21樓之1,500000,1150521
7135,62228121,弘曆有限公司,臺中市西屯區臺灣大道三段540號8樓之3,20000000,1150515
7147,62245418,兆峸營造股份有限公司,臺中市西屯區福林里臺灣大道四段1270號2樓之3,3600000,1150512
7148,62245542,富盛五金工業有限公司,臺中市北區建興里永興街114號5樓之8,50000,1150520
7149,62245579,惠諭數智有限公司,臺中市中區大墩里光復路151號9樓之6,2000000,1150508
7150,62246118,雅硯室內裝修工程有限公司,臺中市南屯區永春東一路555號,1000000,1150522
7151,62246205,勤耘投資股份有限公司,臺中市北屯區平昌里天津路四段273號5樓,145500000,1150508
7152,62247112,千誼營造股份有限公司,臺中市北區文莊里中清路一段89號8樓之6至8樓之8,22500000,1150511
7153,62247154,興鑫生技有限公司,臺中市南屯區同心里文心路一段218號5樓之1,500000,1150522
7154,62247160,力倫國際有限公司,臺中市外埔區大東里大馬路354號1樓,2464620,1150527
7169,62251375,帛立帝有限公司,臺中市豐原區西湳里文賢街40號1樓,300000,1150528
7170,62251419,蒂緁有限公司,臺中市南區福順里新和街168巷2弄21號1樓,100000,1150527
7171,62251591,御晶養生會館有限公司,臺中市西區西屯路一段173號1至5樓,1000000,1150505
7172,62251776,昕禧國際室內裝修股份有限公司,臺中市東區十甲里自由路四段263號,5000000,1150507
7173,62251797,德盈國際投資股份有限公司,臺中市西屯區港尾里中清路三段85之17號2樓,20300000,1150527
7174,62252000,弘陽工程有限公司,臺中市西屯區市政北七路186號5樓之2,2000000,1150526
7175,62252022,享柔新材股份有限公司,臺中市太平區工業十七路3號,5000000,1150521
7192,62259691,大智食品有限公司,臺中市東區振興里大智路108之3號,2000000,1150522
7193,62259931,研璇食研有限公司,臺中市大里區長榮里中興路二段109之2號1樓,1000000,1150525
7194,62550709,華實投資股份有限公司,臺中市西屯區逢甲里西屯路二段270巷1號3樓,25000000,1150526
7195,62610615,盛綱生物科技股份有限公司,臺中市北屯區平福里崇德二路二段141號1樓,4000000,1150519
7199,63269709,程羽股份有限公司,臺中市烏日區環河路一段958號,12000000,1150515
7200,63331801,城鈺建設股份有限公司,臺中市大里區中新里現岱路18號2樓,30000000,1150511
7201,63385904,樂凱富有限公司,臺中市大里區新仁路一段270號一樓,1050000,1150520
7202,63827541,榮華公寓大廈管理維護股份有限公司,臺中市北區中清路一段369號10樓之1,10000000,1150526
7203,63839808,明欣國際有限公司,臺中市西屯區市政北二路236號18樓之2,128000000,1150527
7204,63892606,崴群國際股份有限公司,臺中市南屯區干城街328號4樓之1,10000000,1150515
7205,63911907,源源營造有限公司,臺中市南屯區豐樂里永順路704號1樓,6600000,1150522
7206,64138001,德晟節能工程有限公司,臺中市清水區秀水里海濱路172之11號,300000,1150528
7207,64181702,鈦煬科技有限公司,臺中市大里區樹王路439巷34號,10000000,1150505
7208,64240815,昂弘國際投資有限公司,臺中市霧峰區甲寅里中正路1106號3樓,5500000,1150515
7225,64867669,碧海天際企業股份有限公司,臺中市北區崇德里榮華街130巷2號,28000000,1150521
7239,64941437,捷斯克科技有限公司,臺中市北屯區平安里熱河路二段63號12樓,6000000,1150505
7318,66648129,連信營造有限公司,臺中市沙鹿區鹿峰里中山路780號,29970000,1150515
7340,68461253,德技精密有限公司,臺中市潭子區栗林里中山路三段501號,1000000,1150521
7429,69714452,長慶知識整合有限公司,臺中市豐原區北湳里圓環北路二段198號,300000,1150521
7493,70485745,碧城開發股份有限公司,臺中市西屯區西平里西安街130巷4號,131000000,1150512
7494,70487928,鈺森防火建材企業有限公司,臺中市南屯區三厝里黎明路二段248巷2弄4號2樓,18000000,1150508
7495,70489995,尚實營造有限公司,臺中市南屯區大墩十四街194號2樓,3600000,1150519
7509,70530621,雄大營造有限公司,臺中市北屯區柳陽西街94巷6號1樓,10000000,1150519
7534,70588600,宥和實業有限公司,臺中市烏日區五光路683號1樓,1000000,1150527
7536,70599590,安晟投資股份有限公司,臺中市北區進化北路231之8號,7800000,1150511
7537,70605277,敏鈦股份有限公司,臺中市大里區仁美路157之8號,5000000,1150518
7549,70665470,協承泰實業有限公司,臺中市北屯區軍功路一段421號1樓,2000000,1150528
7550,70666437,布蘭特實業有限公司,臺中市潭子區雅豐街226巷26弄46號,1000000,1150527
7555,70690963,茂泰利科技股份有限公司,臺中市西屯區台灣大道三段660號13樓之3,110000000,1150506
7556,70692126,大承報關股份有限公司,臺中市梧棲區文化路二段398號1樓,5000000,1150508
7557,70693172,研華興企業有限公司,臺中市霧峰區草湖路135巷1弄66號,1000000,1150522
7558,70697332,惠特科技股份有限公司,臺中市西屯區協和里工業區九路8號,785488650,1150528
7570,70741647,佑全藥品股份有限公司,臺中市西屯區臺灣大道四段925號20樓之1,450900000,1150519
7590,70801291,和發營造股份有限公司,臺中市烏日區高鐵二路221號1樓,64000000,1150514
7659,79960191,大成科技股份有限公司,臺中市神岡區豐洲里神洲路262巷5號,5000000,1150511
7660,79965479,優克創意有限公司,臺中市霧峰區萬豐里中正路108之9號,10000000,1150518
7661,79966532,隨豐冷凍股份有限公司,臺中市西屯區大河里大河街77號1樓,10000000,1150514
7667,79984449,高禾事業股份有限公司,臺中市北屯區松和里昌平路二段10巷72弄89號,5000000,1150522
7686,80048717,銘豐國際食品有限公司,臺中市西區吉龍里五權七街61-1號1樓,4000000,1150504
7688,80051178,坤佑實業有限公司,臺中市南屯區豐樂里永春東路801巷6號1樓,1000000,1150505
7689,80054597,三黎企業有限公司,臺中市大肚區社腳里沙田路一段918巷1號1樓,14000000,1150526
7692,80058215,佑奇益工程股份有限公司,臺中市梧棲區中正里中興路128巷169號1樓,2400000,1150522
7706,80098687,大和事業股份有限公司,臺中市豐原區社皮里中正路512號1樓,40000000,1150525
7707,80098785,帝歐帝舞蹈文化有限公司,臺中市北區崇德里榮華街130巷2號,2000000,1150520
7712,80117729,普琛實業有限公司,臺中市大里區內新里新南路45之4號,5000000,1150527
7724,80140496,來大企業有限公司,臺中市北區崇興路二段2巷5號1樓,5000000,1150525
7725,80141517,豐禾形象策略有限公司,臺中市南屯區三和里黎明路二段359之2號1樓,5500000,1150511
7729,80150711,亞太菁英股份有限公司,臺中市南屯區精科北路7號,145397000,1150522
7730,80153175,古典玫瑰園綠色關鍵生技股份有限公司,臺中市西屯區市政北二路238號21樓之1,10000000,1150522
7762,80223284,太乙堂易理有限公司,臺中市烏日區榮和路208號1樓,1000000,1150508
7763,80227113,超世紀科技股份有限公司,臺中市烏日區慶光路112之57號1樓,10000000,1150504
7764,80228605,米羅廣告有限公司,臺中市南屯區大業里大業路192號14樓之6,500000,1150505
7767,80234971,皇將科技股份有限公司,臺中市大里區仁化里工業九路190號,569484500,1150512
7799,80322783,采鉅國際開發有限公司,臺中市南區樹德里德吉街309之2號9樓之3,500000,1150520
7820,80398360,千里眼精密部件股份有限公司,臺中市大雅區田心街8號,250000000,1150511
7825,80410596,台典機械股份有限公司,臺中市大里區鳳凰路86號1樓,29000000,1150504
7826,80413101,寶晟企管顧問有限公司,臺中市西區忠義街37巷1號,7000000,1150525
7827,80415311,益輝禮儀有限公司,臺中市太平區新福里新福路69號1樓,1000000,1150520
7838,80448283,大禾國際文化事業股份有限公司,臺中市西屯區大墩二十街118號5樓之1,30000000,1150519
7840,80451060,邱四德實業股份有限公司,臺中市西區向上北路164號,18000000,1150506
7849,80473803,崇越建設股份有限公司,臺中市南屯區向上南路一段163號3樓之3,5010000,1150504
7857,80488329,大楊建設有限公司,臺中市后里區義里里內東路298號2樓,10000000,1150508
7882,80550511,松美系統傢具有限公司,臺中市西屯區港尾里中清路二段1499號,2500000,1150507
7883,80554538,養生贊有限公司,臺中市霧峰區復興二街18號,1000000,1150506
7887,80563902,友達聯合科技有限公司,臺中市北區賴興里文昌東一街268號1樓,1600000,1150513
7895,80593770,可米有限公司,臺中市南區和平里忠明南路758號15樓之1,5000000,1150525
7911,80624788,鎮遠建設股份有限公司,臺中市北屯區水景里軍功路一段503號1樓,70000000,1150505
7915,80646517,灝晟企業有限公司,臺中市豐原區翁子里13鄰富翁街260巷95號1樓,16000000,1150507
7916,80646896,德億發企業有限公司,臺中市潭子區福仁里合作街95號1樓,5000000,1150514
7932,80677145,台灣大食品股份有限公司,臺中市清水區海濱里北堤路35號,939579770,1150514
7943,80703586,中仁室內裝修設計有限公司,臺中市南屯區文山六街186號1樓,500000,1150505
7951,80718758,中山建投資股份有限公司,臺中市北區淡溝里育德路190號,20000000,1150511
7957,80731416,名揚健康股份有限公司,臺中市烏日區前竹里中山路1段265巷10號2樓,1600000,1150526
7959,80732626,康捷科技有限公司,臺中市大里區東興里國光路二段702之3號,500000,1150527
7968,80748774,尉將科技股份有限公司,臺中市西屯區櫻城一街59之5號1樓,19000000,1150508
7969,80749350,偉成經典生技國際貿易股份有限公司,臺中市沙鹿區星河路567號,25000000,1150526
7984,82764877,鋭嘉數位文創有限公司,臺中市北區錦祥里進化路535號,1000000,1150505
7985,82765637,洋瑜股份有限公司,臺中市北屯區光西巷52號1樓,5000000,1150515
7986,82766777,永萬工程有限公司,臺中市沙鹿區北勢里北勢二街35巷14之1號1樓,500000,1150504
7987,82772089,全崴國際有限公司,臺中市南屯區文心里向上路一段631號1樓,1000000,1150512
7988,82772406,室瑋機電設計有限公司,臺中市烏日區東園里溪南路一段126巷310弄22號1樓,500000,1150525
7991,82775749,書香同城有限公司,臺中市西屯區市政北七路186號6樓之2,1500000,1150505
7992,82776634,多加股份有限公司,臺中市南屯區大同里東興路二段186號10樓之5,20000000,1150522
7993,82776727,老王餐飲有限公司,臺中市西屯區大墩路919號2樓,1000000,1150528
7994,82777556,永昊企業有限公司,臺中市神岡區社南里昌平路五段173號1樓,21000000,1150521
7995,82779007,元祿科技有限公司,臺中市北區德化街507號14樓之1,300000,1150505
7999,82783065,玉銘豐工程有限公司,臺中市太平區宜欣里宜欣十街52號8樓,1300000,1150505
8000,82784178,博利通訊有限公司,臺中市北區光大里中清路一段110號1樓,100000,1150520
8001,82784183,原濟餐飲有限公司,臺中市西屯區福和里中工三路235號1樓,1000000,1150511
8002,82785325,泰賀國際股份有限公司,臺中市清水區橋頭里五權路51號1樓之5,15000000,1150511
8006,82789912,忠瀚建設股份有限公司,臺中市清水區南社里民族路二段8號,20000000,1150525
8015,82803689,浩瑋興業有限公司,臺中市北區賴村里梅亭街307號,1500000,1150521
8016,82804580,世界糧倉股份有限公司,臺中市烏日區高鐵六路7號5樓之1,11000000,1150521
8017,82805238,展瑩國際股份有限公司,臺中市北屯區軍功路二段135號1樓,3100000,1150512
8018,82805639,邦尼有限公司,臺中市南屯區溝墘里大業路239號3樓之1,1500000,1150522
8031,82820364,益肸胞生醫股份有限公司,臺中市大雅區橫山里科雅路6號,47533330,1150507
8036,82826276,亨通電腦有限公司,臺中市東區自由路四段168號2樓,1000000,1150514
8037,82826304,居鴻建設股份有限公司,臺中市南屯區大墩十一街842號2樓,50000000,1150511
8038,82827660,寰宇宏科技股份有限公司,臺中市西區臺灣大道二段375號12樓之1,23370138,1150521
8041,82830341,遠見房屋股份有限公司,臺中市西屯區西平里福星路202號2樓,11500000,1150506
8042,82830476,鋅峰鋁業股份有限公司,臺中市大里區仁化里仁美路159巷11號,100000000,1150525
8043,82830617,裕勝科技股份有限公司,臺中市烏日區東園里溪南路一段18巷600弄22號1樓,12000000,1150522
8044,82830644,啟簡股份有限公司,臺中市西區民權路219號5樓之2,60000000,1150515
8045,82831685,逗喜好好有限公司,臺中市南屯區文心南一路15號2樓,100000,1150511
8047,82831968,州益股份有限公司,臺中市大里區大元里環中東路七段36巷16號,3000000,1150520
8048,82832122,建鑫光電科技股份有限公司,臺中市西區臺灣大道二段186號20樓之5,2235000,1150512
8049,82832214,盛頂生技有限公司,臺中市南屯區田心里大墩六街383號3樓,3000000,1150504
8057,82839151,肯氏吊扇國際有限公司,臺中市大雅區楓林街186巷3號1樓,11320000,1150526
8058,82842199,翊升教育股份有限公司,臺中市北區淡溝里博館一街7之3號4樓,100000,1150525
8068,82852196,鼎富食品有限公司,臺中市北區賴村里進化北路369號9樓,25000000,1150526
8069,82852652,嘉愛心文教股份有限公司,臺中市北屯區平田里文心路四段955號10樓之6,500000,1150521
8074,82859698,寶輝汽車商業股份有限公司,臺中市西屯區西墩里福星西路78號,10000000,1150514
8076,82866403,易立配股份有限公司,臺中市南屯區文山里保安二街229號,1000000,1150522
8084,82873241,漢宓行銷有限公司,臺中市西屯區臺灣大道三段32號7樓,8000000,1150519
8085,82874023,宸兆投資開發股份有限公司,臺中市西屯區市政北二路29號16樓之2,10000000,1150513
8099,82885008,真程人生事業股份有限公司,臺中市南屯區永春路12之9號5樓,500000,1150513
8118,82904737,宏利工程顧問有限公司,臺中市南屯區大業里公益路二段61號4樓之3,3000000,1150514
8131,82914329,永儀有限公司,臺中市西屯區洛陽東街17號1樓,6000000,1150520
8132,82914355,黑鹿影像股份有限公司,臺中市西屯區潮洋里朝貴一街146號1樓,400000,1150526
8133,82914566,精冠智能機器有限公司,臺中市大甲區中山路二段930之30號1樓,1000000,1150506
8148,82929771,高鑫精密科技股份有限公司,臺中市豐原區水源路115巷68弄12號,15000000,1150506
8149,82930995,和宏五金有限公司,臺中市東區東英里東英十三街55號1樓,500000,1150525
8176,82963171,華有科技工程有限公司,臺中市后里區墩東里三豐路三段809巷9弄10號1樓,1000000,1150522
8177,82963382,太極堂本草生物科技股份有限公司,臺中市西屯區惠來里市政北七路186號12樓之7,10000000,1150526
8179,82963974,以勒國際投資股份有限公司,臺中市南區忠明南路789號13樓之1,77360420,1150507
8181,82964333,東方風能科技股份有限公司,臺中市西屯區市政路386號19樓之1,1759539440,1150518
8182,82964538,鋐胤實業有限公司,臺中市南屯區三和里益豐路四段688號1樓,1000000,1150521
8208,82979954,統億有限公司,臺中市西屯區何安里臺灣大道二段910號13樓之2,1000000,1150518
8209,82980642,木職里室內裝修設計有限公司,臺中市西屯區至善里至善路240號13樓之9,1000000,1150504
8210,82981109,文化外燴餐飲有限公司,臺中市西屯區何安里西屯路二段73號1樓,300000,1150520
8211,82981327,采鑛數據科技股份有限公司,臺中市大雅區橫山里科雅路6號,4420000,1150527
8212,82981728,鉅詢永續策略股份有限公司,臺中市西屯區惠來里文心路二段201號11樓之8,100000,1150520
8214,82982064,沂新科技有限公司,臺中市烏日區三和里環河路四段180號6樓之2,5000000,1150525
8215,82982347,昕眾生活事業股份有限公司,臺中市南屯區南屯里五權西路二段666號10樓之3,1000000,1150525
8216,82982677,展旺國際顧問有限公司,臺中市沙鹿區六路五街73號1樓,5000000,1150515
8217,82983303,起鈊厝創新服務股份有限公司,臺中市北屯區平安里文心路四段698號14樓之1,14240000,1150519
8230,82987080,萊笙有限公司,臺中市北區新北里錦新街28之3號1樓,50000,1150519
8254,83001841,逸點有限公司,臺中市西區公平里大業路23之5號,6000000,1150511
8260,83004811,好好養寵物股份有限公司,臺中市南區忠明南路789號9樓,3000000,1150512
8271,83015606,鼎駿徵信有限公司,臺中市西區後龍里民權路219號2樓,216888,1150505
8272,83015649,華峻設計有限公司,臺中市烏日區東園里溪南路一段126巷310弄22號1樓,500000,1150522
8273,83016669,貝特護健康事業股份有限公司,臺中市北屯區平田里文心路四段955號18樓之3,1000000,1150520
8287,83024470,博士之家國際企業有限公司,臺中市太平區太平里永成路122號1樓,5000000,1150527
8290,83026499,盈墘不動產有限公司,臺中市潭子區頭家里得才街128號,500000,1150518
8291,83026646,播商寰宇股份有限公司,臺中市北屯區平田里文心路四段955號10樓之2,2000000,1150505
8292,83026836,庚金科技股份有限公司,臺中市西區公舘里三民路一段50巷8號8樓之29,1000000,1150514
8294,83028948,八策數位股份有限公司,臺中市南屯區文心路一段218號23樓之1,2000000,1150505
8315,83036004,呈湘股份有限公司,臺中市西區臺灣大道二段16號19樓之2,1000000,1150506
8326,83039473,美力投資控股有限公司,臺中市西屯區市政北一路77號8樓之16,29000000,1150508
8329,83043899,聯純轉動股份有限公司,臺中市西屯區協和里工業區12路9號,5000000,1150520
8330,83044095,康暘生醫股份有限公司,臺中市烏日區高鐵一路268號7樓之2,90000000,1150520
8334,83047375,物博資產開發股份有限公司,臺中市西屯區何南里大墩二十街118號5樓之1,37500000,1150508
8362,83070852,滿味食品有限公司,臺中市西屯區何明里太原路ㄧ段5號1樓,10000000,1150506
8386,83086165,皇家富貴室內裝潢設計有限公司,臺中市太平區三和里高鐵一路268號6樓之3,2480000,1150519
8390,83095988,森悅國際有限公司,臺中市南屯區大墩二街195號1樓,200000,1150525
8391,83096327,冠宇鋼構有限公司,臺中市太平區長億九街125號1樓,500000,1150529
8392,83096564,維德曼風電股份有限公司,臺中市梧棲區大仁路二段99號4樓之1,1000000,1150526
8393,83097310,白鯨科技有限公司,臺中市南屯區新生里環中路四段2號1樓,6000000,1150511
8409,83113304,好伴股份有限公司,臺中市西區五權三街210號,12000000,1150514
8410,83114514,優樂事企業有限公司,臺中市南屯區大業路241號3樓之1,50000,1150526
8421,83120023,標準管理顧問有限公司,臺中市西區大忠里忠明南路270號7樓之1,1000000,1150513
8427,83125189,富達通國際財經行銷有限公司,臺中市西屯區逢甲里河南路二段327號4樓之6,1200000,1150518
8428,83125940,盛凡創意行銷有限公司,臺中市東區立德街218號9樓,800000,1150525
8429,83126053,戰馬國際娛樂股份有限公司,臺中市西區民龍里臺灣大道二段220號12樓,100000,1150515
8433,83131078,泓辰實業有限公司,臺中市西屯區長安路二段69之6號,3000000,1150511
8436,83134841,順宇建設股份有限公司,臺中市東區十甲里自由路四段202號1樓,12000000,1150507
8437,83135497,台灣簡報認證股份有限公司,臺中市西屯區西屯路三段159之17號15樓之2,2000000,1150515
8454,83151171,元澧建設股份有限公司,臺中市西屯區福安里西屯路三段95之2號,21000000,1150518
8455,83151313,炭焙王有限公司,臺中市西區昇平里向上路一段307巷5號1樓,3000000,1150528
8456,83151637,細川開發有限公司,臺中市北區中達里中達街12巷17號1樓,100000,1150519
8457,83152066,弘昇健康科技股份有限公司,臺中市霧峰區樹仁六街88號2樓,29000000,1150511
8478,83172014,翠峰來香堂有限公司,臺中市東區公園東路130號2樓之1,100000,1150529
8487,83181549,祖師投資股份有限公司,臺中市清水區槺榔里八德路二段89號2樓,29000000,1150511
8488,83181554,模創設計有限公司,臺中市西屯區何安里重慶路99號5樓之3,359970,1150528
8493,83184378,捷達電實業股份有限公司,臺中市南區和平里忠明南路758號11樓,6000000,1150507
8494,83186663,賺錢養貓資訊設計有限公司,臺中市大雅區中和路86巷22號,200000,1150506
8495,83187023,婕琳花藝設計有限公司,臺中市霧峰區北柳里四德路282之9號1樓,1000000,1150508
8507,83197177,喬良科技有限公司,臺中市北區立人里陝西路108號15樓之2,1000000,1150506
8519,83206611,吉多多股份有限公司,臺中市南屯區文心南路99號,23000000,1150511
8520,83208343,今日一起文創有限公司,臺中市西區民龍里臺灣大道二段220號12樓,2100000,1150525
8521,83208385,翊勝國際有限公司,臺中市神岡區庄前里庄前路41之13號,2000000,1150506
8542,83232224,津宏股份有限公司,臺中市北區忠明路502之1號4樓之1,138820000,1150519
8543,83232483,愛海銀河開發股份有限公司,臺中市霧峰區峰谷里峰谷路218巷32號1樓,16000000,1150526
8545,83233130,惠眾生醫有限公司,臺中市豐原區豐原大道七段167號4樓,3000000,1150529
8599,83277143,快快健康高科技有限公司,臺中市北屯區廍子路739、737號3樓,1500000,1150526
8600,83277164,亞太國際無人機俱樂部股份有限公司,臺中市西屯區惠來里文中路35號2樓,7000000,1150525
8613,83285050,品酒大師企業有限公司,臺中市豐原區大明路32號1樓,2000000,1150504
8623,83294086,銘威科技有限公司,臺中市南區樹義里文心南路837號1樓,1000000,1150518
8627,83300741,哈里森有限公司,臺中市東區自由二街91號2樓,6000000,1150507
8628,83300828,沐陽生技有限公司,臺中市東區東英里德興二街89號1樓,1000000,1150514
8641,83361535,村銘設計裝潢有限公司,臺中市龍井區龍北路126巷7號,200000,1150505
8655,83379633,一千零有限公司,臺中市西屯區市政北二路282號21樓之11,6000000,1150504
8662,83385924,樵亞有限公司,臺中市大雅區橫山里中山一路48號,200000,1150514
8669,83397983,東嶺股份有限公司,臺中市中區綠川里綠川西街135號12樓之1,6000000,1150526
8670,83398245,鴻翔國際投資股份有限公司,臺中市南屯區精科一路3號5樓,27019300,1150522
8671,83399357,鼎瑜有限公司,臺中市西屯區西墩里福科一街66號2樓之1,13000000,1150515
8676,83405858,中睿投資股份有限公司,臺中市西屯區協和里工業區九路10號,55100000,1150513
8677,83405885,琳達網路行銷有限公司,臺中市西屯區逢甲里西屯路二段278號,100000,1150522
8678,83406499,居安物業管理顧問股份有限公司,臺中市西屯區永安里國安一路235巷7號1樓,1000000,1150527
8679,83407589,侑典有限公司,臺中市后里區后里里新興街29巷20之5號,1500000,1150506
8686,83419993,振聲機械科技有限公司,臺中市大里區健民里健行路227號,3000000,1150504
8694,83431716,京品開發建設股份有限公司,臺中市龍井區臺灣大道五段3巷62弄21號1樓,5000000,1150519
8695,83431899,旭美旅行社有限公司,臺中市霧峰區吉峰里自強路164號,6000000,1150514
8696,83432172,環台光電股份有限公司,臺中市烏日區高鐵一路268號12樓之6,560000000,1150522
8697,83432715,儲鮮國際股份有限公司,臺中市北屯區軍榮一街88號1樓,1000000,1150512
8712,83461372,富麗能源有限公司,臺中市南屯區惠中里文心路一段324號11樓之1,3000000,1150525
8713,83462506,浩寶開發有限公司,臺中市西區臺灣大道二段307號8樓,200000,1150508
8717,83468086,裕民建設股份有限公司,臺中市大里區東興里益民路二段360號2樓,10000000,1150520
8718,83468305,宜盈資產管理有限公司,臺中市南屯區豐樂里萬和路一段33之10號1樓,600000,1150508
8721,83470554,優泥來股份有限公司,臺中市龍井區麗水里南堤路1號,43631000,1150527
8731,83477347,生活風景股份有限公司,臺中市西區公民里忠勤街64號,4500000,1150508
8739,83486628,群揚營造有限公司,臺中市石岡區豐勢路九房巷34之1號1樓,12000000,1150504
8769,83508209,品福營造股份有限公司,臺中市北區頂厝里進化北路238號10樓之3,3600000,1150505
8770,83508720,森森燒肉股份有限公司,臺中市西屯區港尾里經貿路二段268號4樓,225960000,1150521
8772,83509592,裕翔建設股份有限公司,臺中市西屯區市政路402號32樓之3,30000000,1150512
8800,83537231,鵬駿達有限公司,臺中市大甲區重義三路22號,6500000,1150527
8801,83537886,巴黎茶有限公司,臺中市西區中興里中興一巷26號,500000,1150518
8818,83552871,燦榮國際貿易有限公司,臺中市南屯區大墩四街321號地下一層,1300000,1150508
8819,83553175,程泰空調工程有限公司,臺中市北屯區東光里東山路一段123巷12弄14號,2000000,1150527
8821,83559179,君宇包裝有限公司,臺中市豐原區鎌村里鎌村路107巷177號1樓,200000,1150513
8822,83560507,藏雲開發實業有限公司,臺中市西屯區惠來里青海路二段172號1樓,1000000,1150515
8826,83564399,奧斯頓有限公司,臺中市南屯區溝墘里大業路241號3樓之1,100000,1150525
8827,83564659,超頌國際有限公司,臺中市西區後龍里民權路302之3號5樓之7,5000000,1150521
8834,83571976,摘鑫廣告行銷有限公司,臺中市南區江川里永和街291號1樓,4360000,1150511
8839,83576091,量子科幻世界股份有限公司,臺中市北屯區水湳里文心路三段447號4樓,500000,1150527
8852,83585388,成叡股份有限公司,臺中市南區南和里工學北路115號17樓之5,22000000,1150525
8853,83585508,元鄰股份有限公司,臺中市太平區新坪里育誠街146巷5號1樓,10000000,1150525
8857,83590713,天緻有限公司,臺中市西屯區市政北七路186號11樓之2,310000,1150504
8865,83599242,萬侖有限公司,臺中市西屯區皇城街65號1樓,1000000,1150518
8866,83599910,丞松營造有限公司,臺中市石岡區萬安里忠孝街114號1樓,12000000,1150504
8867,83600368,佑笙物流有限公司,臺中市南屯區田心里大墩六街350巷6號2樓之3,3000000,1150521
8868,83600698,大叔有限公司,臺中市西屯區福瑞里福瑞街51號7樓之1,200000,1150527
8869,83600873,宇宙能財寶山財富能量科技股份有限公司,臺中市北屯區平昌里文心路四段934號8樓之1,1000000,1150521
8870,83601227,路逸企業有限公司,臺中市大里區東湖里中山路197號,1000000,1150520
8892,83618917,永豐資產管理股份有限公司,臺中市豐原區市前街87號2樓,45000000,1150518
8893,83619916,無間科技股份有限公司,臺中市大里區東湖里科技路3號七樓之2,10000000,1150519
8904,83648980,福生雋詠品牌設計有限公司,臺中市北區錦平里三民路三段217號10樓之13,600000,1150511
8909,83675557,樂百川科技股份有限公司,臺中市西屯區逢福里河南路二段262號12樓之8,14769040,1150529
8910,83677788,天佑工程顧問有限公司,臺中市東勢區新盛里新盛八街38號1樓,4500000,1150518
8911,83678392,豪城投資股份有限公司,臺中市西屯區潮洋里朝富路213號22樓之10,28000000,1150521
8912,83680469,數說科技有限公司,臺中市西區藍興里公舘路123號,600000,1150520
8927,83690776,群豐興業股份有限公司,臺中市西屯區工業區六路12號,30000000,1150512
8937,83696238,鑫明能源股份有限公司,臺中市西屯區何厝里何厝東二街23號9樓之3,1000000,1150506
8958,83717206,伊倢有限公司,臺中市烏日區三和里三榮三路3號7樓之2,1000000,1150505
8988,83752174,右晟建設股份有限公司,臺中市北屯區仁和里崇德八路一段155號2樓,10000000,1150504
9007,83772636,勝心康有限公司,臺中市北屯區松強里興安路二段449號12樓,2550000,1150508
9014,83781311,貳柒國際有限公司,臺中市南屯區新生里龍富路三段661號1樓,12000000,1150514
9024,83789643,德清股份有限公司,臺中市豐原區西勢里西安街60號,19500000,1150525
9027,83790493,翔昌科技有限公司,臺中市大甲區頂店里雁門路250巷12號1樓,300000,1150514
9028,83790796,森茂永業行銷有限公司,臺中市南屯區惠中里文心路一段324號11樓之1,500000,1150528
9029,83791084,台云環科有限公司,臺中市北區明新里忠明路501巷10號,5000000,1150504
9033,83795069,鴻福地產股份有限公司,臺中市南屯區黎明路二段425號16樓之5,2000000,1150511
9040,83909133,百萬富樂家國際有限公司,臺中市北屯區新平里經貿二路貿易巷5號,500000,1150521
9041,83910477,台閩有機股份有限公司,臺中市南屯區新生里益豐路四段339號,10000,1150521
9045,84029092,永承壓克力有限公司,臺中市豐原區永康路299巷70號1樓,200000,1150508
9047,84072436,萬事達小客車租賃有限公司,臺中市東勢區新盛里東關路六段877號,5000000,1150513
9064,84154936,宏中廣告有限公司,臺中市大里區東昇里鐵路街470號,1000000,1150512
9068,84180126,粘師父食品有限公司,臺中市北屯區三光里文昌東十二街52號1樓,3600000,1150522
9070,84185987,通品股份有限公司,臺中市豐原區豐榮里信義街189號9樓之6,15000000,1150529
9079,84237900,楊明有限公司,臺中市清水區槺榔里八德路二段89號1樓,5000000,1150513
9080,84239132,金和利股份有限公司,臺中市大里區仁化里工業十一路177號,80000000,1150518
9105,84356594,匯展股份有限公司,臺中市南屯區龍富十一街57號1樓,25000000,1150514
9108,84374903,承明塑膠工業股份有限公司,臺中市豐原區鎌村里鎌村路39巷108弄29號,5000000,1150512
9110,84383086,大力卜股份有限公司,臺中市神岡區社口里中山路928號,1275437800,1150518
9113,84402653,圓鐘交通器材股份有限公司,臺中市太平區中興里東平路777巷1號1樓,20000000,1150504
9119,84430243,協記精密工業股份有限公司,臺中市霧峰區本鄉里林森路947號,45000000,1150520
9134,84530539,以諾驛站股份有限公司,臺中市南屯區永定里永春東七路655號3樓,27000000,1150521
9137,84546589,喜業營造有限公司,臺中市西區民龍里臺灣大道二段218號6樓之2,135000000,1150525
9142,84563361,久旺建設有限公司,臺中市北區國瑞街98號1樓,20000000,1150521
9152,84613756,中龍鋼鐵股份有限公司,臺中市龍井區龍昌路100號,86125861230,1150511
9154,84618464,金潛力有限公司,臺中市潭子區潭陽里福貴路586號1樓,5000000,1150518
9156,84628441,嘉揚電子工業股份有限公司,臺中市大雅區秀山里秀山路307號,29500000,1150522
9167,84661291,盛富企業股份有限公司,臺中市烏日區前竹里光明路157巷76弄2號,22000000,1150513
9170,84694309,高鐵工業股份有限公司,臺中市大甲區福德里順帆路152號,353000000,1150527
9171,84695004,巨業貿易有限公司,臺中市南屯區大墩南路466號,30000000,1150518
9190,84767386,友翔企業有限公司,臺中市北屯區瀋陽路三段113號,29800000,1150506
9207,84853137,太舜傢俱有限公司,臺中市太平區大興十一街7號1樓,900000,1150504
9208,84855579,牛津科技工業股份有限公司,臺中市南屯區五權西路二段859號,5000000,1150518
9213,84876618,鑫日正工業股份有限公司,臺中市大肚區頂街里榮華街57號,95000000,1150528
9254,85020409,豐鴻開發有限公司,臺中市大里區日新里中興路二段日新巷22弄6號2樓之3,2000000,1150521
9258,85025559,路思義校企股份有限公司,臺中市南屯區精科三路2號2樓,9500000,1150522
9259,85026380,大本林有限公司,臺中市梧棲區中央路二段292之1號,10000000,1150508
9279,85045387,金錸有限公司,臺中市西區自由路一段101號8樓之2,500000,1150518
9285,85048976,滼荷餐飲有限公司,臺中市南屯區惠中路二段169號1、2樓,500000,1150525
9286,85049052,巨陞科技有限公司,臺中市西屯區逢福里福上巷214弄31號,10000000,1150511
9290,85051303,豪辰投資股份有限公司,臺中市西區建國路21號6樓之2,8000000,1150521
9293,85053484,後憲國際保全股份有限公司,臺中市西屯區福泰東路10號2樓,40000000,1150506
9294,85054245,預見企業有限公司,臺中市北屯區安順四街18號2樓,500000,1150521
9296,85058072,宜珒科技股份有限公司,臺中市西區公益路161號9樓之8,26900000,1150507
9297,85058349,鉅大營造事業股份有限公司,臺中市西屯區何安里重慶路99號5樓之3,12500000,1150527
9298,85059277,辰羽彤有限公司,臺中市西區公正里大墩十一街17號,100000,1150518
9316,85081910,波賽頓奈米科技有限公司,臺中市大雅區員林里神林路一段104巷23號,2826000,1150514
9317,85082050,艾德凡丘股份有限公司,臺中市南屯區文山里文山三街76之1號2樓,12812500,1150514
9319,85086372,就是好貸數位資訊有限公司,臺中市西區大忠里忠明南路270號6樓之3,1000000,1150529
9320,85086464,寬厚興業股份有限公司,臺中市大肚區福山里沙田路一段356號1樓,161920000,1150507
9321,85086915,富鑫營造股份有限公司,臺中市南屯區大墩十四街194號2樓,7100000,1150525
9343,85107361,蒂雅事業股份有限公司,臺中市北屯區文心路四段955號26樓之1,29000000,1150506
9344,85107995,凌帆股份有限公司,臺中市潭子區雅豐街171巷8號,55000000,1150513
9345,85109804,辰家機械有限公司,臺中市南區新榮里學府路146巷15號4樓之6,360000,1150508
9358,85118212,黑本影像設計有限公司,臺中市西屯區上安里上安路84巷2號,1000000,1150511
9410,86101077,惠鴻傳播有限公司,臺中市北區富強街54號1樓,5200000,1150526
9422,86210194,東欣建設股份有限公司,臺中市南屯區向上南路一段163號3樓之2,42801070,1150504
9423,86211187,岱洋股份有限公司,臺中市神岡區三角里承德路175巷17號,5000000,1150526
9430,86266921,寶聖興業股份有限公司,臺中市北屯區松和里崇德二路一段212號1樓,1000000,1150512
9442,86353452,延堅股份有限公司,臺中市神岡區新庄里溪頭路110號,5000000,1150528
9491,86563393,威寧科技股份有限公司,臺中市烏日區三和里學田路便行巷251號1樓,1000000,1150515
9499,86626398,仲勇機械有限公司,臺中市大肚區新興里沙田路二段132巷80弄264號1樓,3000000,1150529
9502,86631218,登久企業有限公司,臺中市南屯區寶山里工業區二十五路25號1樓,12000000,1150528
9512,86678629,赫得攝影整合行銷有限公司,臺中市南屯區大墩十四街185號1樓,3000000,1150511
9514,86682530,宏毅興業股份有限公司,臺中市東勢區泰興里石城街483號1樓,14000000,1150526
9520,86700452,三鋒機器工業股份有限公司,臺中市大里區工業十一路155號1樓,320000000,1150512
9538,86765383,星耀資訊有限公司,臺中市西屯區逢甲里西屯路二段256巷6號18樓之6,10000000,1150504
9540,86768282,良宇水電工程有限公司,臺中市霧峰區吉峰里民生路296巷45弄4號,5000000,1150513
9542,86781428,品笳紙器股份有限公司,臺中市西屯區工業區35路61號,17061460,1150519
9549,86796371,協誼有限公司,臺中市大里區塗城路506號2樓,46000000,1150521
9552,86821239,玖俐實業有限公司,臺中市豐原區成功路253號,1000000,1150513
9557,86833755,利洲機械工業股份有限公司,臺中市大甲區西岐里順帆路36號,5000000,1150512
9558,86835748,嘉泰化學工業股份有限公司,臺中市西屯區協和里工業區41路28號,80000000,1150515
9559,86838787,駿揮實業有限公司,臺中市大肚區營埔里船頭三街121巷39號,2000000,1150520
9584,86992155,誠烽股份有限公司,臺中市后里區義里里甲后路一段177巷2號,5000000,1150507
9614,89126729,金泰興業有限公司,臺中市太平區光隆里興隆路一段246號2樓,200000,1150519
9615,89127380,益欣旺業有限公司,臺中市大里區西榮里東明路147巷121號2樓,3000000,1150521
9643,89147111,旺德富創意食品有限公司,臺中市北區進化北路369號9樓,500000,1150528
9655,89155879,辣丁文化國際有限公司,臺中市北區錦村里興進路117號2樓之2,1200000,1150526
9660,89161035,呈嘉工程有限公司,臺中市西屯區西墩里環中路二段955號,2000000,1150505
9678,89177156,富譽安立有限公司,臺中市東區自由路四段418號1樓,300000,1150508
9679,89177487,日日昇企管顧問有限公司,臺中市西屯區逢甲里西屯路二段256巷6號19樓之10,100000,1150525
9681,89179582,和利食品企業有限公司,臺中市大里區東榮路567巷68號1樓,3000000,1150506
9693,89183853,曜網數位智慧有限公司,臺中市西區公益路161號8樓之4,5000000,1150525
9694,89184179,祥鈺營造股份有限公司,臺中市清水區海濱里臨港路五段538巷15號1樓,6000000,1150513
9700,89190284,江府威靈有限公司,臺中市西區公益里忠明南路237號12樓之2,100000,1150515
9717,89199692,楓軒股份有限公司,臺中市龍井區龍港路475巷4號1樓,2000000,1150515
9725,89242776,有達營造有限公司,臺中市清水區臨港路五段538巷15號1樓,40000000,1150505
9727,89247505,禾兆夆貿易有限公司,臺中市沙鹿區斗抵里沙田路31之2號,6500000,1150520
9737,89284579,偉誠有限公司,臺中市神岡區庄後里大圳路56之2號,9750000,1150521
9743,89287858,沅馨開發股份有限公司,臺中市西屯區工業區八路17號,10000000,1150511
9744,89287870,亞特蘭斯國際有限公司,臺中市西屯區市政北七路186號12樓之9,100000,1150505
9745,89287891,今時尚有限公司,臺中市南屯區五權西路二段450號1樓,3000000,1150504
9753,89315828,孟義工程有限公司,臺中市西屯區協和里安和二街63號,60000000,1150513
9771,89381592,百鯨實業有限公司,臺中市南屯區楓樹里楓樹東街277之2號1樓,25000000,1150515
9793,89498853,立嘉綋營造股份有限公司,臺中市北屯區平昌里文昌東十一街41號1樓,100000000,1150521
9795,89506811,長松食品有限公司,臺中市清水區中社里中社路96-7號,15000000,1150505
9799,89523804,唐儀實業有限公司,臺中市北屯區水景里軍福九路606號15樓之2,5000000,1150504
9800,89526794,晟實工業股份有限公司,臺中市太平區太平里永平三段52巷30號,1000000,1150525
9802,89536765,慧毓攝影有限公司,臺中市西屯區逢甲里河南路二段327號4樓之5,500000,1150513
9834,89672579,四季花有限公司,臺中市北區錦祥里梅亭東街62之3號,1000000,1150505
9837,89682035,權遊實業有限公司,臺中市大甲區西岐里順帆路121巷16之5號1樓,1000000,1150522
9838,89686222,申翌企業股份有限公司,臺中市太平區華安街100巷3弄24號1樓,5000000,1150525
9853,89769145,金網資訊股份有限公司,臺中市南屯區大墩十四街188號5樓,25000000,1150522
9865,89837782,帛建企業股份有限公司,臺中市東區東門里東光園路100巷70號1樓,3000000,1150525
9866,89838023,偉旻營造有限公司,臺中市西區五權五街58號1樓,22500000,1150514
9870,89848991,至陽汽車股份有限公司,臺中市南區樹德里文心南路661號1樓,28000000,1150526
9879,89888199,言禾有限公司,臺中市西區永安街75號3樓之2,1000000,1150504
9880,89889280,鼎力興金屬工業股份有限公司,臺中市豐原區北陽里豐東路216號,80000000,1150527
9884,89906268,探銡科技股份有限公司,臺中市西屯區巿政北一路77號13樓之2,100000000,1150513
9885,89908603,双圓實業股份有限公司,臺中市豐原區西安里圓環南路221號4樓,2000000,1150525
9887,89927088,常潤企業股份有限公司,臺中市外埔區水美里水美路57號,2000000,1150519
9901,89987249,林肯亞太工業有限公司,臺中市南屯區文山里精科五路37號,50000000,1150504
9910,90004956,彩蜂影像有限公司,臺中市南屯區南屯里五權西路二段666號15樓之2,2000000,1150519
9934,90022342,旭培行銷有限公司,臺中市西屯區至善里逢甲路301巷22弄24號1樓,1000000,1150505
9941,90029422,發財金庫有限公司,臺中市南屯區三義里大業路498號1樓,200000,1150527
9943,90030700,濮睿數位社群媒體股份有限公司,臺中市南區福順里忠明南路787號19樓之1,4801000,1150507
9944,90030841,開動有限公司,臺中市西屯區逢福里福星路511巷5號,6500000,1150513
9958,90042229,晏福有限公司,臺中市西屯區逢福里逢甲路19巷17之3號2樓,1000000,1150511
9984,90057566,基正科技有限公司,臺中市西屯區逢福里逢甲路19巷19之19號1樓,400000,1150520
10008,90066495,展興生物科技股份有限公司,臺中市南區國光路250號,107000000,1150527
10035,90086350,元鼎建設有限公司,臺中市西區民龍里臺灣大道二段285號22樓之3,1000000,1150521
10036,90086788,築富有限公司,臺中市中區公園里民族路64號7樓之1,1000000,1150520
10039,90087787,禹太健康事業股份有限公司,臺中市西屯區福林里福科路620巷16號,14000000,1150518
10040,90088499,淞崗水產股份有限公司,臺中市南屯區新生里龍富路四段189號1樓,18000000,1150515
10041,90088619,育愷工程有限公司,臺中市霧峰區峰谷里峰谷路225號1樓,5000000,1150505
10043,90091641,和協科技有限公司,臺中市北區淡溝里育德路210之1號,30000000,1150519
10044,90091699,幸福奶罐文創股份有限公司,臺中市豐原區豐原里三民路65號5樓,2000000,1150521
10045,90092276,銳千有限公司,臺中市沙鹿區美仁里中正街75號1樓,100000,1150507
10046,90093330,小花租賃資產管理有限公司,臺中市后里區甲后路一段48號,1000000,1150504
10047,90093388,宇康企業股份有限公司,臺中市西屯區市政北三路131號7樓之2,10195960,1150505
10048,90093401,寓空間設計有限公司,臺中市西屯區市政北二路236號21樓之1,300000,1150520
10049,90094020,天醫國際健康有限公司,臺中市北區頂厝里崇德路一段629號18樓之1,10000000,1150529
10068,90105835,糧友有限公司,臺中市大里區大元里現岱路12號1樓,1000000,1150505
10069,90106911,鍵銨股份有限公司,臺中市大雅區三和里建興路112巷15號10樓之2,6000000,1150525
10070,90107165,阿美設計有限公司,臺中市西區日盛街20號2樓,6000000,1150506
10071,90107340,明月有限公司,臺中市北區北平二街2號1樓,7000000,1150522
10093,90126938,米納國際行銷有限公司,臺中市西屯區何成里大墩十九街186號11樓之1,10000000,1150515
10094,90128859,四季村國際股份有限公司,臺中市豐原區中陽里豐陽路87號,2000000,1150519
10095,90129082,上控有限公司,臺中市大里區東興里益民路二段362號2樓,10000000,1150504
10103,90137077,變色龍科技有限公司,臺中市西區忠誠里忠明南路16號6樓之7,1100000,1150505
10120,90148052,朵朵廣告有限公司,臺中市梧棲區大仁路一段61巷50號4樓之1,2000000,1150520
10121,90148784,北緯投資有限公司,臺中市梧棲區中正路423巷65號1樓,2000000,1150512
10122,90148813,照和股份有限公司,臺中市西屯區市政北七路186號12樓之9,38400000,1150515
10145,90160359,台灣福翔國際有限公司,臺中市南區忠明南路758號10樓,100000,1150515
10174,90185149,佑睿科技有限公司,臺中市潭子區潭富二街59巷2號11樓之3,2000000,1150504
10183,90191135,暻維投資有限公司,臺中市西屯區臺灣大道二段781之4號,1000000,1150527
10187,90197763,嚴萃有限公司,臺中市豐原區育仁路114巷15號13樓之2,5000000,1150518
10188,90198502,若伊有限公司,臺中市北屯區文心路四段936號3樓之2,200000,1150528
10222,90224804,廖老大有限公司,臺中市烏日區學田里溫泉路16之6號1樓,29500000,1150519
10223,90227149,寶萊商務中心有限公司,臺中市南屯區同心里文心路一段218號16樓之1,1000000,1150506
10224,90227773,萊思購物股份有限公司,臺中市西屯區文心路二段560之8號2樓之2,3000000,1150520
10235,90236914,知否傳媒有限公司,臺中市北區頂厝里進化北路238號18樓之1,200000,1150518
10237,90237250,炸綺來股份有限公司,臺中市北屯區平和里瀋陽路二段186號1樓,200000,1150513
10238,90239222,中森創新科技有限公司,臺中市后里區墩南里南村路436巷18之5號2樓,16250000,1150504
10239,90240086,運城國際有限公司,臺中市西屯區福和里福安五街9號1樓,3000000,1150519
10241,90240804,昌原生技有限公司,臺中市東區雙十路一段4之33號9樓之2,500000,1150511
10250,90246595,淺井科技有限公司,臺中市大里區內新里益民路一段150之5號,200000,1150520
10278,90267872,謙習股份有限公司,臺中市清水區南社里忠孝路259號4樓,37500000,1150511
10289,90275710,拓富建設股份有限公司,臺中市北屯區廍子里廍子路701號2樓,10000000,1150514
10297,90282466,無畏町有限公司,臺中市太平區大興里大興路466號1樓,300000,1150519
10298,90282698,享羽國際企業有限公司,臺中市后里區中和里月湖路41號3樓,6000000,1150512
10299,90282971,辰曜生技有限公司,臺中市北屯區東山里華陽巷4弄5號1樓、地下層,1000000,1150525
10300,90283985,艾司應用材料有限公司,臺中市豐原區北陽路450巷100弄20號,300000,1150528
10306,90289762,東菁綜合貿易有限公司,臺中市南屯區永順路415號,200000,1150528
10317,90296139,隆旺投資有限公司,臺中市西屯區福雅里臺灣大道四段936號7樓之2,12004000,1150521
10318,90296216,探掬股份有限公司,臺中市西區民龍里臺灣大道二段186號24樓之2,30000,1150528
10319,90296258,銪鑫國際有限公司,臺中市太平區光興路699巷20弄60號,3000000,1150512
10333,90311238,精銳車體企業有限公司,臺中市南屯區大業里公益路二段61號3樓之2,500000,1150518
10339,90313246,台丸企業有限公司,臺中市霧峰區吉峰里吉峰路152之2號,3000000,1150514
10341,90315121,上豪衛星科技有限公司,臺中市龍井區新庄里中沙路新庄仔巷64之1號1樓,1500000,1150518
10342,90315620,天惠儲能股份有限公司,臺中市北區臺灣大道二段360號5樓之1,133000000,1150514
10344,90317367,法蘭基廚房有限公司,臺中市潭子區家福里頭張路二段97號,6000000,1150504
10345,90318577,駿翔二輪有限公司,臺中市北屯區水湳里文心路三段447號4樓,50000,1150512
10347,90319436,千里馬人才發展顧問有限公司,臺中市北屯區舊社里南興三路317號1樓,100000,1150528
10397,90344667,相秝科技有限公司,臺中市西區臺灣大道二段2號9樓之3,11000000,1150513
10398,90345743,磨匠有限公司,臺中市西屯區何厝里青海路一段10號1樓,200000,1150513
10399,90345906,金聯興精密有限公司,臺中市龍井區工業路182巷48號,500000,1150505
10408,90353594,時流有限公司,臺中市西屯區大容東街170號,6000000,1150520
10409,90353709,恩橙有限公司,臺中市北區健行路609巷10號8樓,500000,1150506
10410,90354854,閎暉有限公司,臺中市西屯區福和里臺灣大道四段925號7樓之1,17000000,1150520
10411,90354897,易得資訊科技有限公司,臺中市南區復興路二段71巷31弄5之1號1樓,6000000,1150511
10418,90359788,點擊數位行銷顧問有限公司,臺中市北區頂厝里崇德路一段629號15樓之2,100000,1150505
10419,90360309,豫欣行銷設計有限公司,臺中市北屯區崇德六路一段101號1樓,500000,1150527
10420,90360878,大杉有限公司,臺中市大雅區四德里中山十一路45號,200000,1150519
10421,90360883,法亞氏企業有限公司,臺中市大里區東興里國光路二段500號5樓之1,600000,1150504
10433,90370926,廣場數位服務股份有限公司,臺中市北區賴福里進化北路392之2號12樓之2,17500000,1150515
10452,90388539,樹吉貿易有限公司,臺中市豐原區北湳里大順街86巷2弄6號1樓,300000,1150505
10470,90399058,言丹有限公司,臺中市中區綠川里民族路23號3樓之1,30000,1150508
10471,90399445,晨星電力股份有限公司,臺中市南屯區新生里新富路301號12樓之1,100000000,1150508
10473,90402011,鼎川國際有限公司,臺中市西區民龍里臺灣大道二段186號14樓之1,1010000,1150514
10478,90408866,沐本室內裝修設計有限公司,臺中市北屯區水景里景賢路590號1樓,500000,1150513
10480,90410309,成貞企業有限公司,臺中市北屯區文心路四段83號6樓之2,2000000,1150519
10488,90421066,紘拓開發有限公司,臺中市北屯區水湳里文心路三段447號4樓,1076400,1150511
10523,90447170,日安健康事業有限公司,臺中市梧棲區頂寮里八德路一段57號3樓之5,1800000,1150515
10531,90455591,京承營造股份有限公司,臺中市南區忠明南路758號20樓,3600000,1150512
10532,90455993,淞英股份有限公司,臺中市西屯區惠來里市政北一路265號27樓之2,26000000,1150511
10547,90470072,鉦祐股份有限公司,臺中市西屯區臺灣大道二段910號10樓之1,1000000,1150528
10573,90488164,新群商貿股份有限公司,臺中市霧峰區育仁街65號8樓,1000000,1150504
10574,90488609,萬博有限公司,臺中市豐原區北陽里綠山二街86號1樓,1000000,1150522
10580,90493758,愛買全球股份有限公司,臺中市西區公正里公益路367號11樓之2,8500000,1150525
10581,90495290,艾生雲端有限公司,臺中市南屯區田心里文心路一段73號5樓之1,200000,1150514
10587,90500511,品冠企管顧問有限公司,臺中市西屯區市政北七路186號3樓之3,3000000,1150528
10597,90512220,完美科技有限公司,臺中市東區旱溪街502號3樓,2500000,1150511
10610,90518420,冠金股份有限公司,臺中市太平區太平里永成路112之2號,25000000,1150505
10611,90519238,龍騰自行車有限公司,臺中市北屯區忠平里敦化路一段575號16樓,1000000,1150525
10620,90527413,兆旭投資股份有限公司,臺中市清水區信義三街43號2樓,26500000,1150518
10626,90532942,大洋興業股份有限公司,臺中市烏日區榮泉里健行北路170號,10000000,1150522
10627,90534738,月見里山餐飲股份有限公司,臺中市北屯區崇德九路520號、522號,1000000,1150507
10641,90544975,最美力股份有限公司,臺中市西區中興街38號7樓之2,1040817,1150519
10688,90582392,沅銳股份有限公司,臺中市大肚區沙田路二段308巷12號,60000000,1150529
10693,90586427,振允國際有限公司,臺中市西區南屯路一段232巷2弄7號2樓,500000,1150520
10694,90586475,智聯國際股份有限公司,臺中市北屯區文心路四段955號15樓之6,500000,1150528
10697,90589043,歐禮品創藝國際有限公司,臺中市東區東門里東光園路100巷6弄94號1樓,1500000,1150527
10698,90589965,艾速有限公司,臺中市西屯區福林里西屯路三段159之11巷9弄6號7樓之1,23000000,1150521
10700,90592835,太豐有限公司,臺中市南屯區溝墘里大業路241號3樓之1,1500000,1150521
10701,90592906,友銓不動產仲介經紀有限公司,臺中市南屯區文心南路116號1樓,5000000,1150522
10705,90598514,薪革股份有限公司,臺中市太平區新高里立功路238號1樓,702000,1150506
10706,90599099,協發電機工程有限公司,臺中市沙鹿區埔子里屏西路150號1樓,7000000,1150512
10707,90599247,宗悅有限公司,臺中市北屯區熱河路二段175號1樓,1100000,1150508
10708,90599485,昱拓國際股份有限公司,臺中市龍井區山腳里中華路三段1號,50000000,1150504
10709,90601530,崴正營造股份有限公司,臺中市南屯區五權西路二段236號16樓之1,150000000,1150506
10725,90612918,旺來餐飲有限公司,臺中市西屯區西平里逢甲路21號2樓,4000000,1150513
10737,90624647,樂陶國際餐飲股份有限公司,臺中市南屯區大業里公益路二段61號10樓之1,12050000,1150519
10738,90625060,加力整合有限公司,臺中市清水區東山里和睦路一段1005巷128弄25號,300000,1150513
10739,90627406,拾作室內裝修有限公司,臺中市北區建成里東成三街296號7樓之25,100000,1150529
10743,90631529,家䒩有限公司,臺中市北屯區仁和里崇德十路一段452之6號1樓,5000000,1150527
10744,90631598,宇聯國際文化餐飲有限公司,臺中市豐原區南嵩里水源路7巷171弄8號1樓,4017094,1150515
10745,90631957,萬事屋咖啡餐飲有限公司,臺中市北屯區平德里青島路三段115號,100000,1150504
10758,90643546,盈迎國際貿易有限公司,臺中市北屯區崇德十六路180號7樓之3,1000000,1150512
10759,90643790,熙樂有限公司,臺中市太平區新興里新興路71號,2100000,1150511
10760,90643969,宏典國際行銷股份有限公司,臺中市北區賴興里文心路四段200號8樓之1,2000000,1150507
10761,90643975,暄昕投資有限公司,臺中市西屯區永安里安和路189巷6號7樓,1000000,1150504
10762,90644876,禾所在設計室內裝修有限公司,臺中市西屯區青海路二段284之9號,300000,1150514
10771,90649422,陞豐技研有限公司,臺中市南屯區中和里黎明路一段71號2樓,15000000,1150506
10777,90657371,楓棕股份有限公司,臺中市北區立人里華美街二段300號2樓,13760000,1150515
10778,90657457,歐士達創投股份有限公司,臺中市豐原區國豐路二段456號,7000000,1150511
10788,90667005,諾希國際美容有限公司,臺中市西屯區西平里西安街277巷4弄33號2樓,500000,1150508
10789,90667032,幻匠實業有限公司,臺中市北區建成里東成三街228號4樓之12,500000,1150514
10797,90671578,玥玥設計有限公司,臺中市大肚區福山里沙田路一段408巷8號1樓,200000,1150521
10818,90686544,陞暘實業股份有限公司,臺中市清水區民治一街29巷21號1樓,24000000,1150513
10829,90693854,木易國際貿易有限公司,臺中市南屯區惠中里文心路一段324號11樓之2,1000000,1150525
10837,90696959,堡磊建設開發事業有限公司,臺中市西屯區福聯里福聯街17號11樓之2,1700000,1150511
10838,90697606,豐益整合行銷有限公司,臺中市北區新北里三民路三段210之17號3樓,1000000,1150525
10854,90732456,豐溢綠能材料股份有限公司,臺中市西屯區市政北二路238號8樓之2,100000000,1150512
10863,90750242,宇恆事業有限公司,臺中市大里區塗城路343之1號1樓,300000,1150511
10864,90751220,益進環保有限公司,臺中市太平區新福里中山路四段212巷12之9號3樓,5000000,1150506
10866,90754113,十誠國際貿易有限公司,臺中市西屯區潮洋里朝貴路19號4樓,29000000,1150519
10898,90819782,宏名不動產有限公司,臺中市北區邱厝里英才路122號1樓,1000000,1150526
10899,90820042,聯純永續股份有限公司,臺中市大里區東湖里中興路一段159之1號3樓,30000000,1150513
10905,90827164,弘潤重機械有限公司,臺中市龍井區麗水里臨港路一段238號,500000,1150514
10906,90827376,檀庄有限公司,臺中市西區土庫里五權西六街82巷20號1、2樓,6800000,1150506
10907,90828115,菁駿建設有限公司,臺中市潭子區中山路二段400號1樓,2000000,1150521
10942,90853562,客萊樂有限公司,臺中市北屯區仁和里榮德路263號1樓,2100000,1150507
10943,90857238,勝鉅機械有限公司,臺中市清水區東山里神清路13之19號1樓,5000000,1150514
10944,90859833,昀宏工程有限公司,臺中市西屯區永安里東大路一段680號9樓之5,1880000,1150527
10945,90864358,阿爾法量化投資股份有限公司,臺中市南屯區新生里新德街295號1樓,100000,1150511
10946,90864977,超吉興業有限公司,臺中市南區福新街95號1樓,500000,1150521
10947,90866341,進豐精密有限公司,臺中市神岡區北庄里北庄路80號1樓,1000000,1150526
10978,90894775,原樂室內裝修有限公司,臺中市西屯區惠來里西屯路二段240之25號2樓,1000000,1150507
10979,90895063,泰虹廣告有限公司,臺中市北屯區崇德路二段128號10樓之5,1000000,1150527
10980,90896648,奧宗有限公司,臺中市西屯區福星路526巷3號,500000,1150514
11007,91011982,睿宸國際貿易有限公司,臺中市北區立人里中清路一段643號3樓之2,1800000,1150521
11008,91012379,葉媽媽居家清潔有限公司,臺中市烏日區高鐵一路268號6樓之3,5000000,1150519
11009,91012639,領捷有限公司,臺中市西區忠誠里忠明南路16號5樓之6,9500000,1150522
11025,91023663,裕欣工程有限公司,臺中市南區福順里忠明南路789號38樓之2,300000,1150511
11032,91026752,可凡司國際貿易有限公司,臺中市太平區光華里長安六街60號2樓,1310000,1150526
11047,91042922,芯鑰管理顧問有限公司,臺中市北屯區平田里文心路四段955號20樓之4,2000000,1150515
11048,91044766,妍蓁美妝有限公司,臺中市西區民龍里臺灣大道二段300號8樓之2,150000,1150504
11055,91048051,漢襄開發有限公司,臺中市北區梅川里青島路三段6號1樓,300000,1150526
11058,91050767,巨竑昇有限公司,臺中市大雅區上楓里雅楓街60巷10弄1號3樓,800000,1150515
11059,91051055,格森生物科技股份有限公司,臺中市北屯區平和里山西路二段222號3樓,500000,1150515
11066,91055806,沐晨實業股份有限公司,臺中市西區民龍里臺灣大道二段220號12樓,2000000,1150512
11067,91055931,起厝工程有限公司,臺中市南屯區三厝里黎明路二段159巷3號2樓,1000000,1150519
11068,91056122,立春儲能股份有限公司,臺中市西屯區市政北二路238號22樓之1,63000000,1150527
11069,91056354,里懋投資股份有限公司,臺中市大里區中興路二段438之12號,22700000,1150526
11103,91092561,黔來有限公司,臺中市南屯區大業里公益路二段61號三樓之3,100000,1150507
11104,91093689,躺中間設計製造所有限公司,臺中市北屯區舊社里南興三路317號1樓,300000,1150528
11107,91094744,台灣新創生醫股份有限公司,臺中市南屯區惠中里文心路一段378號24樓之5,10000000,1150513
11108,91095309,匯桔有限公司,臺中市潭子區大豐里潭富二街59巷6號11樓之6,200000,1150514
11124,91107136,雲森企業有限公司,臺中市西區忠明里臺灣大道二段406號7樓之1,50000,1150508
11135,91115591,正鑫應材有限公司,臺中市沙鹿區美仁里四平街美仁巷5號,2000000,1150504
11141,91117649,鑛溢金屬工業股份有限公司,臺中市西屯區工業區三十四路52號,66980000,1150515
11151,91124992,宥杏股份有限公司,臺中市西屯區大河里長安路一段83號1樓,15000000,1150526
11157,92601677,豐碩農林科技股份有限公司,臺中市大里區健東路26巷6號,1000000,1150518
11158,92601748,辰好創意有限公司,臺中市南區文心南路837號2樓,200000,1150504
11159,92602198,大威泰嶽股份有限公司,臺中市南屯區同心里南屯路二段252號1樓,13500000,1150506
11160,92602583,齊力日川管理顧問有限公司,臺中市北屯區中清路二段362巷22號2樓,1000000,1150525
11161,92604034,宇綸興業有限公司,臺中市南區長榮里信義南街179號1樓,2000000,1150507
11174,93368213,大大力實業股份有限公司,臺中市北屯區崇德路二段416號10樓之4,5000000,1150521
11245,93523025,澄倡精密股份有限公司,臺中市西屯區福和里臺灣大道四段925號十樓之1,25000000,1150504
11263,93530530,意志力資產管理有限公司,臺中市北屯區文心路四段955號11樓之1,25000000,1150515
11264,93531572,莫思考有限公司,臺中市南屯區大業里公益路二段61號9樓,200000,1150513
11272,93535161,凱誠投資有限公司,臺中市南區復興路二段106之1號,1600000,1150514
11283,93542108,愛客星智造有限公司,臺中市梧棲區興農里中央路一段390之1號1樓,6000000,1150511
11285,93543922,威醴物業有限公司,臺中市北區立人里陝西路108號15樓之2,1000000,1150504
11286,93544915,恩怡國際有限公司,臺中市北區立人里陜西路108號15樓之2,3500000,1150527
11287,93545013,吉來企業有限公司,臺中市南區永興里高工一街55號3樓之6,200000,1150527
11296,93550205,綠葉投資控股股份有限公司,臺中市梧棲區四維中路331號9樓之7,210160000,1150528
11302,93553553,皇家數位有限公司,臺中市西區民龍里臺灣大道二段220號12樓,100000,1150521
11317,93562440,沐峰有限公司,臺中市北屯區舊社里順興街220之3號1樓,500000,1150504
11318,93562504,大震水電有限公司,臺中市潭子區大豐里雅豐街197巷21號1樓,200000,1150507
11319,93562743,月見里山福科餐飲股份有限公司,臺中市北屯區崇德六路582號,16000000,1150525
11328,93567178,創力洋股份有限公司,臺中市北屯區中平路980號1樓,10000000,1150505
11330,93568417,棣興有限公司,臺中市沙鹿區晉江里北勢東路503之27號三樓,500000,1150508
11331,93569653,新勝數位媒體有限公司,臺中市南屯區惠中里文心路一段324號11樓之1,20000,1150513
11340,93577963,富比股份有限公司,臺中市西區民龍里英才路512號4樓,8000000,1150507
11341,93578061,悅家電梯科技有限公司,臺中市潭子區頭家東里大成街1巷233號1樓,5000000,1150520
11354,93586631,訢祥事成有限公司,臺中市南屯區同心里文心路一段186號9樓之2,300000,1150529
11357,93588292,翔益環保科技有限公司,臺中市沙鹿區竹林里中山路47之5號1樓,2000000,1150515
11369,93592768,杉厘科技有限公司,臺中市梧棲區八德東路69號6樓之3,100000,1150515
11375,93598593,益人康健股份有限公司,臺中市西屯區福雅里臺灣大道四段796號1樓,12000000,1150508
11395,93607072,狄泰有限公司,臺中市西屯區文心路二段201號20樓之2,1000000,1150518
11418,93618556,天美工程有限公司,臺中市豐原區南陽路國民新村110號1樓,900000,1150520
11427,93624797,全星機械科技有限公司,臺中市南區和平里復興路二段71巷77弄56號1樓,1020000,1150522
11428,93624945,訢麟有限公司,臺中市南屯區同心里文心路一段186號9樓之5,500000,1150512
11431,93626423,玖藝玖國際股份有限公司,臺中市北區太原路二段66號7樓,23333320,1150508
11437,93629272,大樹展覽有限公司,臺中市西區民龍里臺灣大道二段239號11樓之1,3000000,1150515
11464,93656740,鈦盾材料科技股份有限公司,臺中市西屯區協和里工業區一路127之3號,5000000,1150525
11465,93657591,言志投資有限公司,臺中市沙鹿區日新街68號1樓,132880000,1150504
11466,93658389,宇鴻有限公司,臺中市清水區南社里南華路212號,1000000,1150505
11467,93659042,圓達科技股份有限公司,臺中市南屯區寶山里工業區二十三路12號,200000000,1150515
11468,93660174,方成興業有限公司,臺中市大甲區中山里甲后路五段501巷91弄1號,300000,1150527
11469,93660548,上彩股份有限公司,臺中市西區民龍里臺灣大道二段285號14樓之3,100000,1150522
11470,93660694,蜂巢點子有限公司,臺中市太平區環中東路四段97號,100000,1150504
11471,93661011,嘉興春祐精密模具有限公司,臺中市東區東英里自由路四段383號2樓,1000000,1150506
11477,93667388,立展商務有限公司,臺中市太平區長億里長億路213號2樓,300000,1150506
11492,93683492,網曜能源科技股份有限公司,臺中市西屯區上安里臺灣大道三段528號6樓,1000000,1150507
11493,93684106,無垠室內裝修有限公司,臺中市沙鹿區臺灣大道七段978之6號2樓,1200000,1150518
11494,93684268,成泓企業有限公司,臺中市烏日區螺潭里慶光路121之1號,10000,1150506
11505,93701870,馨食玳國際有限公司,臺中市西屯區港尾里中清路三段89之20號1樓,28000000,1150525
11506,93701999,康泰富齡生技股份有限公司,臺中市南屯區文心路一段378號24樓之2,5000000,1150519
11508,93706278,仟暉有限公司,臺中市西屯區上德里上石路38巷40號1樓,3000000,1150528
11510,93707282,星序社會顧問股份有限公司,臺中市北屯區平昌里文心路四段936號3樓之1,380000,1150505
11511,93707380,堡富國際標準驗證有限公司,臺中市南屯區文心路一段218號23樓之1,7600000,1150508
11513,93707494,成兆不動產有限公司,臺中市豐原區西勢路155號1樓,2500000,1150508
11515,93708368,播商世界有限公司,臺中市西屯區市政北七路186號5樓之2,1500000,1150513
11516,93708825,彪稟量智資安有限公司,臺中市西區臺灣大道二段2號9樓之3,8700000,1150520
11519,93714452,超美網有限公司,臺中市西屯區大隆路137號,3100000,1150526
11530,93726942,愛綸娛樂有限公司,臺中市西屯區市政北七路186號5樓之2,360000,1150504
11531,93726963,瑞麗智慧股份有限公司,臺中市西區臺灣大道二段501號10樓之1,30000000,1150513
11532,93728097,賽恩斯博股份有限公司,臺中市北屯區和平里建和路二段108號2樓,1000000,1150513
11533,93728168,指理國際實業有限公司,臺中市北屯區景和東街398號1樓,500000,1150520
11534,93731071,金益昌股份有限公司,臺中市南屯區五權西路二段666號6樓之4,2000000,1150519
11557,93765233,力盛開發股份有限公司,臺中市梧棲區頂寮里四維東路116號7樓之3,650000000,1150504
11562,93767555,泓澄國際股份有限公司,臺中市太平區平安里鵬儀路68巷13之1號,1000000,1150508
11563,93769012,安德利不動產經紀有限公司,臺中市西屯區上安里青海路二段293號1樓,5000000,1150528
11564,93769462,台灣格拉夫有限公司,臺中市北屯區永和巷22之12弄5之1號,2000000,1150507
11570,93771782,歐運投資有限公司,臺中市西屯區逢福里河南路二段262號3樓之11,4000000,1150518
11571,93772213,奧加福科技有限公司,臺中市西屯區逢福里河南路二段262號12樓之8,100000,1150511
11578,93775653,豐亨健康投資有限公司,臺中市西屯區西墩里福科路1號,29500000,1150508
11579,93775794,樂米國際餐飲股份有限公司,臺中市南屯區大業里公益路二段61號10樓之1,8550000,1150521
11598,93792246,星睦管理顧問股份有限公司,臺中市西屯區華美西街二段311號9樓之3,3500000,1150513
11599,93792750,京寳投資股份有限公司,臺中市西屯區福科二路52號20樓之1,25680000,1150526
11600,93793245,尼爾泰有限公司,臺中市西區民龍里臺灣大道二段181號4樓之1,500000,1150504
11601,93793343,曜真實業有限公司,臺中市西區民龍里臺灣大道二段220號12樓,1000000,1150513
11602,93793955,祥丞不動產開發有限公司,臺中市西區藍興里公舘路117號1樓,3000000,1150504
11625,94008413,恆輝光照有限公司,臺中市北區金龍里梅亭街78號1樓,1000000,1150522
11626,94008758,遵漋程國際菸酒有限公司,臺中市南屯區三義里文心一路387號1樓,1500000,1150519
11627,94009980,和佳企業有限公司,臺中市南屯區三厝里三厝街193之2號1樓,60000,1150508
11633,94012731,少年懂行銷有限公司,臺中市西區臺灣大道二段186號19樓之1,1000000,1150512
11645,94020079,久木澄建設開發股份有限公司,臺中市南區忠明南路789號38樓之2,7000000,1150525
11660,94035397,好鬪科技股份有限公司,臺中市西區民龍里臺灣大道二段285號14樓之3,4000000,1150522
11661,94035946,婕源室內裝修有限公司,臺中市東區新庄里台中路71巷37之2號,206800,1150504
11662,94036419,尚裔科技股份有限公司,臺中市豐原區南陽路12號,1000000,1150521
11663,94036706,志晟有限公司,臺中市北屯區松竹里熱河路三段200巷12號1樓,1000000,1150527
11664,94036712,亞太群通股份有限公司,臺中市北區賴福里進化北路392之2號12樓之2,2500000,1150515
11684,94051430,愛包車有限公司,臺中市南區和平里忠明南路758號10樓,300000,1150518
11685,94051591,培華開發有限公司,臺中市北屯區仁和里豐樂三街8號1樓,7800000,1150511
11686,94052070,技騰股份有限公司,臺中市北屯區松竹路一段881號11樓之5,10000000,1150519
11687,94052661,歐傑股份有限公司,臺中市南屯區文心南五路一段277號10樓之2,100000000,1150505
11699,94061198,李緊派臻選有限公司,臺中市大里區德芳南路58號1樓,2000000,1150520
11700,94061248,聯豐投資股份有限公司,臺中市梧棲區大仁路二段382號1樓,6432000,1150505
11701,94061346,船艙餐飲有限公司,臺中市北屯區舊社里松竹五路一段65號1樓,5000000,1150518
11702,94062979,上妍生技股份有限公司,臺中市西屯區市政北七路186號3樓之3,5000000,1150513
11729,94082665,喜酌股份有限公司,臺中市南區城隍里民意街68號,3500000,1150514
11777,94110775,經絡生醫科技股份有限公司,臺中市西屯區逢甲里寶慶街9號11樓之1,10000000,1150527
11778,94111113,翼亞科技有限公司,臺中市西區臺灣大道二段309號19樓,3000000,1150525
11779,94111275,曜銓貿易有限公司,臺中市大里區東湖里東南路73巷1號,2000000,1150528
11780,94112675,幸拾有限公司,臺中市中區大墩里光復路151號9樓之6,100000,1150522
11793,94118925,百鋐工程有限公司,臺中市大里區瑞城里向學一路90巷19號1樓,200000,1150511
11797,94125236,原則比例有限公司,臺中市大雅區上雅里學府路428巷55號2樓,88888,1150504
11801,94128472,陞宛有限公司,臺中市西屯區西平里文華路139巷19弄5號,1000000,1150513
11802,94128509,驫昇綠環股份有限公司,臺中市西屯區何明里漢口路二段72號1樓,500000,1150511
11803,94128682,超凡企業有限公司,臺中市南屯區同心里文心路一段186號9樓之5,300000,1150521
11815,94132692,紘兆有限公司,臺中市神岡區岸裡里大富路20巷68號3樓,5000000,1150507
11816,94133340,萊城有限公司,臺中市北屯區舊社里敦富路153號,1000000,1150506
11822,94140166,凱幕室內裝修有限公司,臺中市龍井區遊園南路450巷122號1樓,7000000,1150527
11823,94140763,奕淨環保科技有限公司,臺中市南區福興里福平街84號1樓,3000000,1150528
11851,94164595,豐旺興股份有限公司,臺中市大雅區大雅里民興街41之1號1樓,3700000,1150508
11882,94182806,康城人工智能科技有限公司,臺中市西區民龍里臺灣大道二段239號13樓,2510000,1150520
11883,94183559,威智國際有限公司,臺中市西屯區逢福里河南路二段262號3樓之11,1000000,1150520
11884,94183919,阿長停車場有限公司,臺中市大雅區三和里仁和路189之1號,10100000,1150526
11889,94187582,等登登有限公司,臺中市太平區永成北路92號,1000000,1150513
11898,94195252,新勝和餐飲有限公司,臺中市豐原區西安里永安街62號2樓,6000000,1150525
11899,94195289,綻放奇蹟有限公司,臺中市南屯區文山里39鄰文山六街190號8樓之6,3000000,1150525
11908,94201629,京湛室內裝潢有限公司,臺中市潭子區大富里民族路三段37號,500000,1150508
11909,94202084,新時代國際人力仲介有限公司,臺中市潭子區頭家東里中山路一段298之5號1樓,5000000,1150519
11910,94202090,全盛資訊科技股份有限公司,臺中市南屯區精誠南路739號,2000000,1150507
11911,94202612,一嶼空間制作室內裝修有限公司,臺中市北屯區同榮里豐樂五街101號,100000,1150525
11912,94203372,永恆投資顧問股份有限公司,臺中市西區吉龍里美村路一段750號1樓,13300000,1150525
11913,94203540,行善匯誠有限公司,臺中市北屯區平田里文心路四段955號21樓之2,5000000,1150512
11916,94207010,瑋萊股份有限公司,臺中市后里區墩東里民生路145巷3號1樓,3000000,1150522
11917,94207243,昱萱瑩有限公司,臺中市西屯區西平里西安街130巷3號4樓之5,500000,1150506
11918,94208849,盛億國際股份有限公司,臺中市沙鹿區鹿寮里中山路378巷23弄8號2樓,2050000,1150519
11919,94208947,徠富科技企業有限公司,臺中市南屯區新生里益豐西街27之2號,6000000,1150506
11932,94220941,梁山地產有限公司,臺中市北屯區東山路一段156之6號6樓之1,100000,1150525
11933,94221998,奇宙工程有限公司,臺中市梧棲區福德里博愛路23號1樓,6100000,1150526
11938,94227775,鴻鼎旅行用品有限公司,臺中市南區南門里南門路59巷96弄18號1樓,3000000,1150519
11965,94242353,亞立設計室內裝修有限公司,臺中市西區臺灣大道二段489號31樓,240000,1150515
11967,94243070,東進裝潢有限公司,臺中市大肚區大東里仁德路66巷36號1樓,1000000,1150515
11968,94243260,坦亞有限公司,臺中市南屯區文心路一段218號16樓之1,600000,1150513
11980,94250016,戎曜工程有限公司,臺中市北屯區廍子里環太東路517號11樓之11,2000000,1150528
11988,94258946,騰曜能源科技有限公司,臺中市西屯區何厝里何厝東二街23號9樓之3,10000000,1150525
11989,94259591,育宏顧問有限公司,臺中市西屯區市政北七路186號3樓之3,2000000,1150504
11990,94259810,瀧涎股份有限公司,臺中市北屯區和祥五街125號,9000001,1150504
11991,94259945,小壺仙宜興紫砂藝術有限公司,臺中市梧棲區大村里文雅街161號1樓,888888,1150505
11992,94260204,益晨建設股份有限公司,臺中市西區五權路2之43號,45500000,1150519
11993,94260226,大東生活館有限公司,臺中市北區中清路一段89號16樓之1至16樓之3、16樓之5至16樓之8,3000000,1150520
11994,94260387,邦加國際文教發展股份有限公司,臺中市西區忠明里美村路一段43號5樓之19,5000000,1150528
11995,94260936,正宥貿易有限公司,臺中市北區育德里健行路443號6樓之57,1000000,1150506
12004,94267662,富昇不動產有限公司,臺中市西屯區潮洋里龍門路39號1樓,500000,1150514
12022,95427130,台灣儀校有限公司,臺中市大肚區王田里沙田路一段102號,2000000,1150526
12030,95433175,妮芮有限公司,臺中市南屯區惠中里文心路一段378號7樓之10,200000,1150505
12037,95436362,附子花文創有限公司,臺中市北區進化北路369號地下1樓,3020000,1150519
12044,95442619,唯藝室內裝修設計有限公司,臺中市南屯區三厝里永春東七路800號2樓之1,500000,1150520
12050,95448000,北極先生國際股份有限公司,臺中市西屯區何安里臺灣大道二段910號13樓之2,100000,1150505
12054,95449660,環眾股份有限公司,臺中市神岡區三角里大富路186巷26之20號3樓,1000000,1150521
12057,95450119,禾林食室股份有限公司,臺中市北區五常里五義街127號1樓及地下層,1000000,1150507
12065,95456079,立安科技材料有限公司,臺中市烏日區榮泉里三榮路二段281號8樓之1,3000000,1150505
12066,95456253,火芯有限公司,臺中市北區崇德路一段631號9樓之1,1000000,1150506
12068,95456970,昕曬有限公司,臺中市北區新北里一中街160之32號2樓,1750000,1150513
12088,95468883,遊戲家資訊科技有限公司,臺中市北區錦新街32號11樓,3000000,1150512
12092,95470419,拜倫國際企業有限公司,臺中市西屯區逢甲里河南路二段327號4樓之5,200000,1150529
12098,95473393,築源系統傢俱有限公司,臺中市西屯區大鵬里長安路二段71巷63弄9號1樓,300000,1150528
12102,95475147,辰太有限公司,臺中市西屯區潮洋里市政北二路238號27樓之1,2000000,1150512
12103,95475239,福境群農業股份有限公司,臺中市西屯區臺灣大道四段1230巷20號,60000000,1150513
12108,95479657,祿財有限公司,臺中市北區立人里華美街二段262號5樓之3,1000000,1150505
12121,95484075,嘉德事業有限公司,臺中市北區頂厝里進化北路238號10樓之3,500000,1150520
12123,95486215,興太有限公司,臺中市大里區塗城里塗城路97巷66號,200000,1150505
12128,95489070,在質企劃整合有限公司,臺中市西屯區市政北二路236號30樓之3,1000000,1150522
12129,95490007,京庫和整合行銷有限公司,臺中市西區民龍里臺灣大道二段186號14樓之1,1000000,1150512
12131,95490891,京禾不動產有限公司,臺中市西屯區何安里重慶路99號5樓之3,1000000,1150506
12135,95493187,信宏事業有限公司,臺中市霧峰區本堂里成功路230號,500000,1150526
12145,95497748,鉅慧投資有限公司,臺中市西屯區市政北二路238號30樓之5,291900000,1150504
12148,95498802,合竝國際貿易有限公司,臺中市北屯區水景里景賢南一路72巷5號1樓,3000000,1150506
12151,95499529,健銓有限公司,臺中市南區忠明南路787號20樓之1,1000000,1150527
12160,96250602,天軍物業管理顧問有限公司,臺中市大里區長榮里益民路二段57巷49號,500000,1150514
12165,96578418,艾安商貿有限公司,臺中市西屯區福雅里永福路149號,500000,1150506
12166,96616497,鑫尚品投資股份有限公司,臺中市南屯區豐樂里永春東路866號2樓,12796670,1150528
12176,96672413,同門有限公司,臺中市南屯區大業里大進街490號10樓之3,100000,1150513
12191,96753251,怡宸有限公司,臺中市北屯區文心路四段955號11樓之2,200000,1150508
12194,96755321,拓思音樂製作有限公司,臺中市南屯區同心里南屯路二段290號8樓之7,200000,1150505
12198,96756187,相信開發置地有限公司,臺中市西屯區大信街52號4樓之1,500000,1150514
12201,96757496,宸陽投資有限公司,臺中市西屯區市政北二路238號30樓之5,234768800,1150506
12208,96762890,鍢旺企業有限公司,臺中市西區後龍里民族路279號3樓,550000,1150513
12209,96762998,團元貿易有限公司,臺中市南區大慶街二段11之93號,200000,1150525
12214,96765904,喬森化粧品有限公司,臺中市北區金華里興進路205號7樓之1,2000000,1150515
12222,96770287,橙世室內裝修設計有限公司,臺中市西屯區何福里寧夏東六街47號,2300000,1150514
12227,96776108,辰維開發有限公司,臺中市西屯區西墩里環中路二段955號,500000,1150507
12240,96785303,丹淳有限公司,臺中市東區泉源里樂業二路92號9樓之17,500000,1150522
12242,96786507,纖美樂生醫國際有限公司,臺中市豐原區豐原大道七段393號2樓,3000000,1150504
12245,96787935,宇姾企業有限公司,臺中市南屯區永定里黎明路二段71巷17號1樓,300000,1150504
12248,96788630,勵邦國際有限公司,臺中市西屯區福和里臺灣大道四段925號18樓之6,3000000,1150526
12252,96791115,緣生有限公司,臺中市沙鹿區日新街68號2樓,133680000,1150506
12259,96796076,似蒔刻行銷有限公司,臺中市西屯區潮洋里市政北二路236號20樓之2,500000,1150507
12269,96800938,皮老闆有限公司,臺中市大里區建民里仁化工二路68號2樓,200000,1150526
12270,96801079,宜悅實業有限公司,臺中市西區民生里民權路49號2樓,5000000,1150505
12273,96802458,鳴升工程有限公司,臺中市西屯區何南里臺灣大道二段755號3樓,6600000,1150520
12284,96808875,玩素食旅行社股份有限公司,臺中市南屯區文心南路39號,7000000,1150505
12294,96814356,睿騰管理顧問股份有限公司,臺中市烏日區榮泰街182巷26號4樓,1400000,1150514
12297,96816241,峰投資股份有限公司,臺中市南屯區向心里南屯路二段313號1樓,500000,1150528
12300,96816495,納輔生物科研股份有限公司,臺中市西屯區潮洋里市政北二路238號22樓之1,1000000,1150511
12305,96819296,典順產創開發股份有限公司,臺中市新社區興社街一段225巷49之6號,20000000,1150525
12306,96819417,海天通智研股份有限公司,臺中市南屯區大墩六街350巷6號2樓之3,2000000,1150525
12308,96821547,上穎生活寵物科技股份有限公司,臺中市北屯區文心路三段1027號6樓,1000000,1150527
12310,96822314,永鈦營造股份有限公司,臺中市大里區東興里益民路二段285巷66號1樓,5000000,1150518
12313,96825327,美春有限公司,臺中市北屯區天津路四段2號1樓,1000000,1150511
12324,96828485,印尼商鴻時工程有限公司,臺中市東區旱溪里建成路18號,5000000,1150514
12330,96831088,豐登美學材料有限公司,臺中市霧峰區甲寅里錦州路146號2樓,600000,1150508
12337,96832609,廣淨管理顧問有限公司,臺中市中區平等街48號8樓之1,100000,1150508
12339,96833473,伯大文教事業股份有限公司,臺中市潭子區頭家里得福街162巷9號,6000000,1150507
12342,96834579,璽恩室內裝修設計工程有限公司,臺中市北區健行路323號1樓,50000,1150512
12352,96839477,萬蒝國際股份有限公司,臺中市西屯區市政路386號11樓之8,1000000,1150511
12353,96839835,台灣索樂股份有限公司,臺中市西屯區協和里工業區36路38號,30000000,1150508
12355,96840880,品茉兒投資股份有限公司,臺中市西區吉龍里五權五街151號3樓之13,25000000,1150508
12358,96842439,邱爾頓國際有限公司,臺中市西區昇平里中美街69號1樓,1250000,1150507
12359,96842613,悠蘿娛樂有限公司,臺中市太平區光明里大興十一街125巷10弄26號1樓,500000,1150511
12365,96846505,美格派有限公司,臺中市西屯區福雅里永福路149號,500000,1150512
12370,96849502,益煊有限公司,臺中市沙鹿區竹林里福田南街77號1樓,3000000,1150522
12372,96849876,雅羅創科技工業有限公司,臺中市大雅區文雅里中山北路451巷22弄9號1樓,22000000,1150515
12377,96871855,統先股份有限公司,臺中市西屯區協和里工業區十三路8號,16000000,1150528
12386,96899220,盛鈺精機有限公司,臺中市太平區宜昌東路23巷45號,40000000,1150525
12393,96940261,全誼資訊股份有限公司,臺中市南區樹義里復興路一段270號8樓,5000000,1150528
12427,97035928,永營造股份有限公司,臺中市西屯區潮洋里臺灣大道三段789號11樓之6,195000000,1150522
12434,97063748,吉幸投資有限公司,臺中市西區臺灣大道二段186號21樓之2,20000000,1150526
12435,97065443,義哲工業股份有限公司,臺中市豐原區合作街132巷39號5樓之1,25000000,1150515
12438,97076933,暘都資訊科技股份有限公司,臺中市南屯區三厝里黎明東街23號,10000000,1150520
12470,97189731,陞駻機械有限公司,臺中市太平區永豐路137巷6號,5000000,1150518
12477,97241130,林億實業股份有限公司,臺中市西屯區何明里大有一街4號1樓,195000000,1150506
12478,97243708,日益隆交通器材有限公司,臺中市南區長榮里信義南街133號1樓,6000000,1150525
12488,97278889,大連廣告有限公司,臺中市北屯區松竹路二段68號1樓,1000000,1150508
12502,97347393,達茂工業股份有限公司,臺中市龍井區海尾路306巷3號,40000000,1150513
12512,97401966,運聯旅行社有限公司,臺中市南屯區黎明路一段517號,12500000,1150521
12515,97408530,菘程有限公司,臺中市南屯區大墩11街368號一樓,5000000,1150512
12517,97410613,作富企業有限公司,臺中市豐原區南嵩里北陽路437號1樓,5000000,1150525
12522,97419971,鉅富實業有限公司,臺中市烏日區民族街15號1樓,2000000,1150521
12544,97515031,創穩投資股份有限公司,臺中市西屯區西屯路二段256巷6號16樓之3,18000000,1150504
12554,97524263,天工精密股份有限公司,臺中市太平區新仁路一段44巷8弄24號1樓,309000000,1150512
12557,97529605,上瑞國際投資股份有限公司,臺中市北屯區梅川南街187號1樓,1000000,1150514
12559,97535819,闊元科技有限公司,臺中市西屯區四川路87號地下一層之39,1000000,1150513
12562,97542537,盈記貿易有限公司,臺中市西屯區何南里臺灣大道二段747號2樓,10000000,1150521
12564,97545210,新歷芳企業股份有限公司,臺中市霧峰區吉峰里吉峰路31號,134064000,1150515
12566,97545963,蚌殼創意有限公司,臺中市西屯區何德里漢口路二段151號15樓之5,2000000,1150518
12568,97550965,貴群實業股份有限公司,臺中市烏日區五光路961巷2號,120000000,1150504
12569,97551021,三毅鐵工廠有限公司,臺中市大里區健行里鳳凰路164巷40號,5000000,1150520
12571,97556237,佑吉元件工業股份有限公司,臺中市太平區東平路741巷2弄12號,16000000,1150506
12575,97564779,晉煜企業股份有限公司,臺中市霧峰區本堂里樹仁路194號,20000000,1150520
12580,97569768,明機工業股份有限公司,臺中市太平區德隆里工業十五路1號,13000000,1150515
12582,97572291,開品國際有限公司,臺中市西區自由路一段101號8樓之2,11000,1150513
12592,97588076,金永隆鐵工廠有限公司,臺中市太平區新興里新光路新生巷20之5號1樓,3000000,1150522
12594,97592022,五心銀髮有限公司,臺中市北區錦祥里北屯路14號5樓之8之5,1000000,1150508
12598,97599616,維鋅實業股份有限公司,臺中市太平區太平里永成路99巷17號,8000000,1150525
12602,97609564,動人運動科技股份有限公司,臺中市北屯區敦富五街39號,500000,1150528
12603,97610020,艾斯代有限公司,臺中市神岡區岸裡里中山路183號,600000,1150526
12605,97612913,鼎壹建康有限公司,臺中市西屯區文心路二段201號13樓之1,1500000,1150521
12609,97614341,東風行銷傳媒有限公司,臺中市西區民龍里臺灣大道二段220號12樓,200000,1150519
12610,97616988,榮勝興業有限公司,臺中市烏日區湖日里榮泰街138號3樓,10000000,1150507
12613,97633121,誠家興業有限公司,臺中市西區民龍里臺灣大道二段285號14樓之3,500000,1150527
12615,97634992,君蓁忻營造有限公司,臺中市南屯區永定里永春東六路421號2樓,3600000,1150525
12632,98649570,薩馥國際不動產有限公司,臺中市南屯區大墩七街528號11樓之6,1000000,1150513
12638,99998287,沈信崗目會社有限公司,臺中市大甲區孟春里中山路二段174號1樓,3000000,1150527
12641,99999814,秦玥空間設計室內裝修有限公司,臺中市北屯區平田里遼陽五街68號,1000000,1150528
