序號,統一編號,公司名稱,公司所在地,資本額,核准變更日期
2,00003312,鴻願投資股份有限公司,臺中市豐原區西安里西安街97巷6號1樓,5000000,1150810
9,00006768,上莛有限公司,臺中市北屯區同榮路189號,2000000,1150806
20,00016528,正源食品有限公司,臺中市北區健行里忠明路432號9樓之1,50000,1150805
23,00018770,立沂有限公司,臺中市梧棲區南簡里民族路777號2樓之5,500000,1150811
24,00020190,鼎合運動用品有限公司,臺中市大里區長榮里新生西路181巷25弄16號1樓,2000000,1150814
33,00025929,伊波艾倫時尚傳媒有限公司,臺中市北屯區松和里松文街29號2樓,9500000,1150814
36,00027010,思墨華材概念有限公司,臺中市北屯區廍子里建平街33號,10000000,1150805
45,00032837,七個不錯的日子有限公司,臺中市西屯區何成里大墩十九街188之1號,500000,1150807
47,00035150,映辰國際有限公司,臺中市南屯區同心里南屯路二段290號12樓之2,200000,1150820
48,00035449,綾家工程實業有限公司,臺中市西屯區何安里重慶路99號5樓之3,5000000,1150831
49,00035476,星辰無限創智有限公司,臺中市西屯區市政北二路236號12樓之5,5000000,1150806
61,00041940,安妞整合行銷有限公司,臺中市豐原區圓環北路一段261號,1000000,1150814
77,00047070,州亨有限公司,臺中市西區民龍里臺灣大道二段285號27樓,7048062,1150827
85,00050588,天賦侑宇宙科技有限公司,臺中市北區忠明路424號5樓之1,6000000,1150803
90,00053071,永玉工程有限公司,臺中市西區大忠里忠明南路270號七樓之1,1000000,1150807
99,00062634,拉凡德營造有限公司,臺中市西區公舘里柳川東路二段65號1樓,3600000,1150824
104,00066771,喜劇之王有限公司,臺中市西區向上路一段36號6樓之3,61181,1150811
109,00068742,貝兒餐廳有限公司,臺中市南屯區大墩路533號2樓,6500000,1150821
111,00068932,兆冠不動產經紀業有限公司,臺中市潭子區福仁里中山路二段51號1樓,3000000,1150825
119,00072302,全時有限公司,臺中市西屯區何成里大墩十八街195號3樓之1,1000000,1150821
122,00073745,樂齡億代有限公司,臺中市北區一中街162之19號2樓,3000000,1150806
125,00077566,恆德陞資訊科技有限公司,臺中市西屯區何安里臺灣大道二段910號11樓之5,5000000,1150813
132,00081533,風投餐飲股份有限公司,臺中市南屯區大進街679號4樓,26720520,1150803
137,00084617,坤泰電動工具有限公司,臺中市太平區光興路1432巷107弄1號1樓,500000,1150813
138,00084932,尚資數位行銷有限公司,臺中市東區干城里公園東路130號2樓之1,1000000,1150828
140,00086349,家沛投資股份有限公司,臺中市東區三賢街152號1樓,19045800,1150817
152,00092341,展翊騎士有限公司,臺中市北屯區東山路一段156之6號6樓之1,1000000,1150827
158,00096402,允馳資訊股份有限公司,臺中市北屯區軍功里環中東路二段96號1樓,100200,1150817
164,00100638,萬福文化有限公司,臺中市烏日區三和里高鐵路二段138號2樓之1,250000,1150811
175,00104971,速必配有限公司,臺中市豐原區大湳里圓環北路一段261號,1000000,1150819
181,00107978,龍泉地熱能源股份有限公司,臺中市烏日區高鐵一路268號12樓之5,45000000,1150819
182,00108293,廣宇數位科技有限公司,臺中市南區福興里五權南路167號地下一樓之6,200000,1150804
186,00111810,星律國際有限公司,臺中市南屯區向心里南屯路二段313號1樓,1000000,1150825
196,00118074,雲霄科技有限公司,臺中市北屯區文心路四段669號3樓之1,2150000,1150831
202,00121107,諦陞實業有限公司,臺中市南區五權南路167號地下一層樓之6,2000000,1150810
209,00127670,御基國際名品股份有限公司,臺中市西屯區臺灣大道二段857號,50000000,1150814
215,00130437,將馬科技有限公司,臺中市西區臺灣大道二段285號8樓之3,1000000,1150824
218,00130696,鼎尚鍋有限公司,臺中市南區永和里南和路88巷19號3樓之21,50000,1150805
224,00133188,宸富企業有限公司,臺中市大雅區上楓里民族街181號1樓,50000,1150814
229,00135600,簡創企業有限公司,臺中市北屯區仁和里崇德十路二段221號、223號,3000000,1150824
235,00138085,銘盛華達有限公司,臺中市南屯區文心路一段186號6樓之11,2100000,1150826
244,00142089,巨宇勝股份有限公司,臺中市西屯區惠中路一段88號21樓之2,105250000,1150807
249,00143622,陳豐田磁能源股份有限公司,臺中市西屯區福中里中工二路222號1樓,1100000,1150828
254,00145635,木林森地產股份有限公司,臺中市梧棲區八德路一段68號,6000000,1150826
258,00147752,太陽故事創意活動有限公司,臺中市西區民龍里臺灣大道二段220號12樓,200000,1150824
260,00149479,安宇國際投資有限公司,臺中市大肚區蔗廍里中沙路41號,320000,1150805
261,00149800,淳文投資股份有限公司,臺中市烏日區湖日里高鐵三路69號21樓之1,32870000,1150818
267,00151299,禹暉有限公司,臺中市西屯區惠來里市政北七路186號3樓之3,100000,1150803
272,00153661,啟富興業股份有限公司,臺中市西區安龍里自治街149號1樓,10000000,1150811
277,00156652,冠展有限公司,臺中市豐原區豐原大道一段625街12號2樓,100000,1150820
286,00160017,就是要福傳媒股份有限公司,臺中市東區泉源里樂業南路146號1樓,660000,1150810
289,00161141,騰富投創有限公司,臺中市北屯區仁和里崇德十路221號、223號,9000000,1150814
290,00161276,康妮斑森股份有限公司,臺中市豐原區南陽路425號4樓,105870000,1150807
296,00163350,山麗實業有限公司,臺中市大里區大智路581號1樓,2000000,1150818
300,00167383,軒林精密有限公司,臺中市豐原區西湳里葫蘆墩三街188號1樓,5200000,1150811
306,00170970,永勝寬工事有限公司,臺中市西區民龍里臺灣大道二段307號6樓之1,1600000,1150828
325,00180604,瑪洛曦有限公司,臺中市東區十甲里東英八街38號1樓,5168000,1150804
328,00183200,金事有限公司,臺中市南屯區同心里文心路一段218號16樓之1,150000,1150803
331,00184279,礫邸室內裝修設計工程有限公司,臺中市大雅區建興路112巷19號4樓之2,200000,1150821
334,00187326,光達企業有限公司,臺中市中區何成里文心路二段562之1號2樓之2,2000000,1150821
355,00195424,晶達股份有限公司,臺中市烏日區三和里高鐵路二段160號,300000,1150803
357,00196063,法西斯實業有限公司,臺中市西屯區何仁里重慶路201之1號,700000,1150820
360,00198392,千毓有限公司,臺中市豐原區社皮里社興三街17號3樓,500000,1150825
364,00199548,豐格投資股份有限公司,臺中市北區賴明里中清路一段728號5樓,48496050,1150811
367,00200828,汨宇投資股份有限公司,臺中市大里區國光里六桂路61號1樓,10000000,1150825
368,00201642,保歐仕生醫股份有限公司,臺中市西區大忠里忠明南路270號7樓之1,10000000,1150804
374,00203748,瑀泰股份有限公司,臺中市西區和龍里臺灣大道二段16號19樓之2,1000000,1150819
388,00210776,百葳室內裝修有限公司,臺中市北屯區水景里軍福八路308號1樓,100000,1150824
394,00215532,專業佳企業有限公司,臺中市大里區新仁里新仁路一段1號,8000000,1150820
402,00220922,超鷹速國際有限公司,臺中市西屯區市政北一路66號12樓,1000000,1150810
403,00221577,雅士萊有限公司,臺中市北區中清路一段307號1樓至4樓,200000,1150812
404,00221838,樂合國際股份有限公司,臺中市西屯區市政北二路282號21樓之11,7000000,1150807
407,00222597,登富生技國際有限公司,臺中市北屯區崇德五路359號14樓,500000,1150814
412,00224455,誠翔實業有限公司,臺中市北屯區陳平里中清路二段546號1樓,300000,1150807
417,00226279,企合股份有限公司,臺中市西屯區永安里西屯路三段148之19巷18號1樓,2941180,1150806
422,00228240,濼熙不動產有限公司,臺中市沙鹿區竹林里臺灣大道七段672巷8號1樓,250000,1150813
425,00231619,旭利電器有限公司,臺中市北屯區昌平路二段126號,2000000,1150827
427,00231884,蒲淞有限公司,臺中市東區東信里樂業路480號,2000000,1150821
428,00231907,亞洲之星股份有限公司,臺中市西屯區臺灣大道2段886號地下一層,38200000,1150804
431,00234361,碳益實業股份有限公司,臺中市北屯區平安里文心路四段698號15樓之1,382080,1150814
437,00240552,鈦玥資訊股份有限公司,臺中市西屯區惠來里市政北七路186號14樓之8,600000,1150814
439,00241118,唯可創悅有限公司,臺中市北區賴興里梅川西路四段228號,21000000,1150820
453,00245851,泳亨國際事業有限公司,臺中市霧峰區四德路412巷38號,10750000,1150821
456,00247990,賛隆投資有限公司,臺中市西屯區逢福里福上巷253之4號1樓,2000000,1150810
464,00253015,豐晴餐飲股份有限公司,臺中市北屯區崇德十路二段101號,3500000,1150825
492,01884373,臺灣熱泵能源科技有限公司,臺中市西屯區大墩二十街118號5樓之1,10000000,1150811
501,02998297,振昕實業股份有限公司,臺中市西屯區工業區37路39號,12000000,1150810
587,04738240,坤悅開發股份有限公司,臺中市西屯區市政路402號19樓之2,1800933750,1150807
593,04820347,安斯泰莫台中股份有限公司,臺中市西屯區工業區七路7號,267750000,1150824
621,05380681,達雅企業股份有限公司,臺中市西區五廊街62巷2號1樓,71130460,1150814
626,05595389,向弘興業股份有限公司,臺中市西區五權西路一段237號14樓之2,25000000,1150806
630,05831216,高琳樂器製造股份有限公司,臺中市西區忠誠里臺灣大道二段536號3樓之1,12000000,1150804
631,05834380,大業橡膠股份有限公司,臺中市南屯區工業區23路33號,5000000,1150825
680,11377621,亞洲交通股份有限公司,臺中市梧棲區大庄里臺灣大道八段628號1樓,19500000,1150813
704,12111733,首立企業股份有限公司,臺中市西屯區市政北七路98號6樓之1、6樓之2,410654280,1150831
723,12277298,內新紡織股份有限公司,臺中市大里區環中東路五段882號,199500000,1150827
763,12605433,三揚營造有限公司,臺中市西區公益路161號6樓之3,7000000,1150805
774,12645955,宇城營造股份有限公司,臺中市西屯區安和路118之8號2樓,25000000,1150807
791,12677724,台灣比菲多食品股份有限公司,臺中市西屯區潮洋里市政北二路282號29樓,1000000000,1150818
803,12703504,嘉笙科技精密機械有限公司,臺中市太平區建國里鵬儀路296巷2弄8號,5000000,1150810
809,12715810,鎂格納精密工業股份有限公司,臺中市南區大慶街二段58巷2號,60000000,1150817
812,12719528,承園景觀工程有限公司,臺中市南屯區龍富路五段18號1樓,101000000,1150814
813,12721974,順玹木業股份有限公司,臺中市沙鹿區中山路永安巷65號1樓,5000000,1150810
814,12724727,麒霖國際投資股份有限公司,臺中市西區台灣大道二段536號3樓,21000000,1150803
827,12742703,揚諺精機股份有限公司,臺中市龍井區忠和里工業路246巷12號,60000000,1150810
838,12759247,美德良造有限公司,臺中市南屯區龍富十八路161之1號1樓,10000000,1150810
839,12760568,高巨營造有限公司,臺中市大肚區磺溪里文昌路二段39號1樓,12000000,1150828
841,12769998,鎂迪企業股份有限公司,臺中市烏日區慶光路70之25號1樓,138000000,1150814
843,12773629,立山銘版工業股份有限公司,臺中市烏日區北里里太明路67巷1號,5000000,1150814
849,12787948,程達營造有限公司,臺中市西屯區重慶路99號5樓之3,22500000,1150813
850,12788003,核心建築開發有限公司,臺中市潭子區福仁里中山路二段198號1樓,8000000,1150812
851,12788067,理鑫有限公司,臺中市南屯區同心里文心路一段218號15樓之5,1000000,1150817
867,12818225,翰丞科技股份有限公司,臺中市西屯區逢甲里寶慶街58號1樓,1000000,1150818
871,12822924,匯揚不動產經紀實業有限公司,臺中市北屯區松強里松竹路二段328號、330號,2500000,1150825
874,12825176,凱閱實業有限公司,臺中市東區十甲東路235巷2號1樓,500000,1150819
876,12826978,群崴營造股份有限公司,臺中市北屯區和平里軍功東街96巷22號2樓,6000000,1150825
883,12842082,岳怡企業有限公司,臺中市大里區新芳路32號1樓,2000000,1150812
885,12844552,九帛企業有限公司,臺中市西屯區漢成六街46號地下1樓之2,5000000,1150803
888,12846876,貫新工程有限公司,臺中市北屯區水湳里瀋陽北路94巷5號1樓,42500000,1150825
920,12891787,寶藝國際股份有限公司,臺中市北屯區松強里松強路68號,24000000,1150807
926,12898748,金盛元興業股份有限公司,臺中市南屯區精科二路10號,445873600,1150821
927,12900202,和佳工業股份有限公司,臺中市大安區頂安里東西二路138之8號1樓,83930000,1150819
936,12911138,矽品科技有限公司,臺中市烏日區東園里溪南路一段988巷296弄39號,5000000,1150820
937,12913733,健群國際旅行社有限公司,臺中市北區梅川西路三段7號,7000000,1150814
938,12914542,大芳國際企業有限公司,臺中市南屯區環中路四段161號,15500000,1150803
957,12970591,利滙科技股份有限公司,臺中市西屯區科園二路16號,50000000,1150819
972,12998486,如鼎科技有限公司,臺中市北屯區安順一街7號1樓,3000000,1150824
979,13005324,偉潤科技股份有限公司,臺中市西屯區工業區三十八路210號7樓之12,33600000,1150811
982,13017004,廣羅資訊有限公司,臺中市大里區立仁里好來七街39號,10000000,1150824
983,13026067,宜傑事業有限公司,臺中市神岡區社南里昌平路五段252號1樓,11000000,1150826
984,13029521,月眉加油站有限公司,臺中市后里區眉山里甲后路二段695號,5000000,1150811
1002,13072420,嘉信科技工程有限公司,臺中市南屯區南屯里文昌街190號1樓,3000000,1150828
1004,13077760,尉鑫開發股份有限公司,臺中市西屯區大墩路855號,55000000,1150806
1005,13077945,侑揚營造有限公司,臺中市大里區益民路一段190巷10號,12000000,1150817
1023,13119733,品濠國際有限公司,臺中市西區臺灣大道二段181號12樓之13,2000000,1150805
1054,13173659,禾豐人力顧問有限公司,臺中市西區自由路一段101號8樓之2,6000000,1150826
1099,16015583,聯光精密工業股份有限公司,臺中市潭子區潭陽里潭興路2段36巷90號,12000000,1150811
1105,16032909,必優德建設有限公司,臺中市北屯區水景里松竹五路二段89號,75000000,1150820
1109,16038869,育樺股份有限公司,臺中市太平區成功路343號,5000000,1150814
1114,16049372,吉好康生物科技股份有限公司,臺中市北區頂厝里漢口路四段367號8樓,20000000,1150821
1119,16067738,邁鈞機械工業股份有限公司,臺中市大里區仁化里工業十路8號,29500000,1150825
1120,16068814,英茂國際股份有限公司,臺中市太平區工業十五路38號,25000000,1150824
1134,16098681,史丹利七和國際股份有限公司,臺中市大雅區橫山里永和路121號,305000000,1150826
1172,16181301,樺勁實業有限公司,臺中市北屯區后庄路868號1樓,5000000,1150827
1174,16193812,長鴻汽車旅館股份有限公司,臺中市西屯區惠來里市政北二路51號1至2樓,13000000,1150824
1180,16205839,臻品建設股份有限公司,臺中市沙鹿區東晉二街98號1樓,50000000,1150824
1189,16228093,興隆興工業股份有限公司,臺中市太平區鵬儀路296巷6弄4之2號2樓,352000000,1150804
1190,16228848,高棋投資股份有限公司,臺中市沙鹿區日新街68號2樓,40200000,1150827
1194,16232300,龍新加油站股份有限公司,臺中市龍井區龍泉里中華路二段88號,5000000,1150821
1195,16238959,大千湧企業有限公司,臺中市南屯區豐樂里萬美街19巷4號1樓,10000000,1150813
1199,16247845,我的有限公司,臺中市北屯區松勇里松明街12號1樓,1000000,1150806
1200,16251220,三豐開發股份有限公司,臺中市東區十甲里二聖街162號1樓,15000000,1150820
1206,16257574,吉利高股份有限公司,臺中市南屯區寶山里工業區18路8號,260000000,1150805
1213,16273245,欣岳不動產開發有限公司,臺中市北屯區仁和里昌平路二段31巷10弄29號3樓,10000000,1150818
1236,16333525,鉅得生技股份有限公司,臺中市西屯區漢口路二段140號5樓,32600000,1150804
1237,16334474,振裕工程有限公司,臺中市東區東英里三賢街191號1樓,6000000,1150813
1242,16353417,翔晧有限公司,臺中市西屯區何仁里重慶路283號5樓之5,2000000,1150824
1246,16359995,銳而新科技股份有限公司,臺中市神岡區神林路70巷3號,10000000,1150827
1247,16360373,捷揚保全股份有限公司,臺中市西屯區逢甲里西屯路二段256巷6號22樓之1及22樓之3,40000000,1150820
1264,16405837,百吉祥股份有限公司,臺中市北區德化街399號,14800000,1150818
1280,16443608,億力光電股份有限公司,臺中市潭子區潭秀里建國路19號,147552620,1150807
1298,16486599,達富隆機電有限公司,臺中市大里區光正路209巷3號1樓,800000,1150813
1305,16504463,沅基塑膠股份有限公司,臺中市梧棲區草湳里南環路22號,160000000,1150820
1307,16511648,展仝企業有限公司,臺中市西區中興街229號8樓,42000000,1150826
1312,16519780,莊誠有限公司,臺中市北屯區同榮里環中路一段1400號,3000000,1150811
1313,16521511,台灣好夫曼企業有限公司,臺中市西屯區惠來里市政路500號19樓之8,20000000,1150820
1315,16524622,大光長榮機械股份有限公司,臺中市大里區工業路77號,218017510,1150818
1318,16535297,巨茂國際股份有限公司,臺中市北區華美街二段262號10樓之2,5000000,1150817
1325,16556291,鉅諺精密儀器股份有限公司,臺中市龍井區忠和里工業路216巷25號,29800000,1150807
1333,16578990,昶丰齒輪機械有限公司,臺中市太平區德隆里德明路301號,10000000,1150819
1334,16579127,偉兒達工業股份有限公司,臺中市大甲區日南里青年路146號,29500000,1150804
1367,16647048,信甲國際股份有限公司,臺中市大甲區岷山里中山路1段976之3號,10000000,1150811
1378,16673375,富鈺鋼鐵工程有限公司,臺中市大肚區平等街177巷5號2樓,10000000,1150806
1383,16685942,上大嘉實業股份有限公司,臺中市梧棲區永安里向上路九段466巷23號,168000000,1150803
1384,16689834,凱立門室內裝修有限公司,臺中市西區中興里美村路一段164巷3號6樓,3000000,1150827
1391,16697150,珉政有限公司,臺中市東勢區詒福里城興街398巷2號1樓,15000000,1150805
1399,16729857,安泰加油站有限公司,臺中市北屯區仁美里崇德十五路40號1樓,25000000,1150819
1445,16832064,凱督國際股份有限公司,臺中市潭子區頭家里中山路一段223號,126000000,1150812
1446,16832487,三信商業銀行股份有限公司,臺中市中區柳川里公園路32-1號,13814809670,1150814
1464,16858274,力電工程顧問有限公司,臺中市中區綠川西街145號12樓之3,5000000,1150812
1468,16864282,台灣曼寧工程顧問股份有限公司,臺中市西屯區大墩十九街186號3樓之1,11000000,1150814
1476,16880945,勤益發鋼模有限公司,臺中市太平區新光里新福路777號,1000000,1150818
1497,16936899,聖立通運股份有限公司,臺中市南屯區新生里公益路二段1005號1樓,25000000,1150819
1498,16938474,璽鈞投資股份有限公司,臺中市北區賴明里漢口路四段5之16號6樓之11,20000000,1150804
1500,16942647,金福成汽車零件有限公司,臺中市沙鹿區正義路221巷41號,3500000,1150817
1501,16944201,長宥工業股份有限公司,臺中市大甲區日南里東一街1號,28000000,1150807
1603,22075497,大亨通商有限公司,臺中市北屯區四民里昌平路二段156巷1之1號1樓,5000000,1150828
1608,22089773,晨鴻工業股份有限公司,臺中市豐原區西湳里豐工路318巷178弄6號,15000000,1150828
1609,22091763,旺田不銹鋼有限公司,臺中市大里區祥興里喬城路116號,2000000,1150807
1617,22100566,久正光電股份有限公司,臺中市西屯區工業區六路8號,1430800000,1150824
1625,22111445,台肯精密股份有限公司,臺中市龍井區忠和里台西南路212巷11號,5000000,1150806
1626,22117264,新振機械工業股份有限公司,臺中市豐原區鐮村里鐮村路598號,5000000,1150812
1633,22141216,威通化學股份有限公司,臺中市西區中美街236號地下一樓,10000000,1150804
1657,22217854,益輝營造有限公司,臺中市西屯區經貿路二段328號2樓,22500000,1150812
1659,22222499,民記企業有限公司,臺中市豐原區朴子里豐勢路二段535巷97弄5號,2000000,1150827
1677,22268902,麗雅塑膠股份有限公司,臺中市大雅區橫山里振興路266號,10000000,1150827
1679,22281449,宏杉塑膠股份有限公司,臺中市沙鹿區福興里福成路68巷24號,5000000,1150810
1683,22291544,佶成機械工業有限公司,臺中市龍井區竹坑里茄投路一段85巷12號,5000000,1150807
1693,22340019,台灣發那科股份有限公司,臺中市西屯區協和里工業區16路10號,1448190000,1150807
1710,22376888,啟睦股份有限公司,臺中市西區吉龍里美村路一段771巷5號,32000000,1150805
1711,22385296,升嘉工業股份有限公司,臺中市大里區新里里上田街31之5號,10075000,1150818
1715,22399123,助協合金鋼品有限公司,臺中市豐原區朴子里朴子街296巷3號,4550000,1150813
1718,22405981,鈞厚機械工業股份有限公司,臺中市烏日區東園里溪南路一段506巷418弄39號,10000000,1150810
1743,22486772,豐億鋼珠有限公司,臺中市豐原區南田里朝陽路55巷37號1樓,1000000,1150814
1747,22492269,泉心螺絲廠股份有限公司,臺中市大肚區新興里新興街51號,5000000,1150810
1749,22493561,展暉工業有限公司,臺中市大甲區武陵里文曲路81之2號,5000000,1150826
1752,22504292,詠筌工業股份有限公司,臺中市太平區精美路386號,15000000,1150811
1759,22516240,瑩通企業股份有限公司,臺中市西區中興街285巷1號1樓,15000000,1150810
1760,22517590,中峰機械股份有限公司,臺中市梧棲區自強路122號,5000000,1150826
1777,22569365,志鑫真空蒸著股份有限公司,臺中市大雅區大楓里德勝路511巷107弄68號,10000000,1150804
1783,22588412,桂冠企業管理顧問有限公司,臺中市西區忠誠里台灣大道二段573號5樓,1500000,1150814
1786,22597860,台勝耐龍有限公司,臺中市大雅區員林里大林路246之1號,3000000,1150818
1787,22600437,展麒綠能股份有限公司,臺中市龍井區忠和里工業路173巷40號1樓,60000000,1150804
1790,22604454,鍾堡企業股份有限公司,臺中市豐原區北陽里北陽路450巷58弄56之7號,5000000,1150819
1814,22662849,台灣汎納克股份有限公司,臺中市西屯區臺灣大道四段925號16樓之1,50000000,1150805
1819,22666893,申錫企業股份有限公司,臺中市北屯區北坑巷2之16號,12000000,1150804
1828,22686568,瑞哲工業股份有限公司,臺中市太平區永平路二段476巷136號,8000000,1150807
1831,22690916,瑞立室內裝修設計有限公司,臺中市北區崇德里進化北路168號11樓之6,3000000,1150814
1833,22697024,信都電子科技股份有限公司,臺中市潭子區栗林里中山路三段493巷4弄8號1樓,120000000,1150825
1836,22702791,宇隆科技股份有限公司,臺中市梧棲區草湳里13鄰經二路27號,602888890,1150813
1840,22720003,衛豐保全股份有限公司,臺中市西屯區臺灣大道四段839號14樓,190000000,1150828
1857,22777700,宏證興業有限公司,臺中市南屯區大墩南路398之1號1樓,6000000,1150811
1859,22778412,道成汽車實業股份有限公司,臺中市大雅區民生路三段155號,12500000,1150817
1862,22780640,一本興業有限公司,臺中市清水區南社里南新路212號4樓,17000000,1150821
1864,22785700,嘉繽貨運股份有限公司,臺中市大甲區西岐里順帆路97之2號,26000000,1150813
1871,22809371,矩虹彩色印刷股份有限公司,臺中市豐原區南陽里圓環東路400號1樓,2000000,1150826
1892,22853256,台灣三木普利股份有限公司,臺中市大雅區科雅路46號2樓,31200000,1150807
1901,22906303,仁廷企業有限公司,臺中市太平區中平里精美路20號1樓,10000000,1150810
1903,22916111,德昌螺絲企業有限公司,臺中市大里區新仁路一段1之1巷43號1樓,3000000,1150807
1907,22931422,春宇塑膠股份有限公司,臺中市烏日區東園里溪南路一段238巷283號,10000000,1150810
1920,22963943,猛捷實業股份有限公司,臺中市霧峰區中正路93號,12000000,1150804
1922,22968665,昌鑫機械工業股份有限公司,臺中市神岡區神洲里神洲路506巷55號,120000000,1150820
1924,22972915,鉦和機械有限公司,臺中市豐原區中山路59巷1弄68號,5000000,1150825
1927,22981288,貫宏精機股份有限公司,臺中市烏日區太明路53巷12號,52000000,1150812
1951,23057834,車好讚租賃有限公司,臺中市大雅區橫山里中科路1086號,5000000,1150807
1956,23062631,弘一齒輪工業股份有限公司,臺中市霧峰區吉峰里吉峰路56巷13號1樓,5000000,1150819
1958,23069894,建鴻興業股份有限公司,臺中市南屯區新生里龍富路三段668號,90000000,1150827
1966,23086789,矩大電機股份有限公司,臺中市西屯區工業區三十五路16之1號1樓,11000000,1150818
1968,23093923,怡順報關股份有限公司,臺中市梧棲區中正里中和街170巷12號,5000000,1150824
1970,23101590,昌臨實業股份有限公司,臺中市西屯區協和里工業區35路20號,85000000,1150805
1977,23113940,台灣櫻花股份有限公司,臺中市大雅區雅潭路四段436號,2223322870,1150827
1982,23131406,翔宇貿易股份有限公司,臺中市西區大隆路20號12樓之10,15000000,1150817
1996,23180150,億韋實業股份有限公司,臺中市太平區永平路二段476巷152弄14號1樓,8000000,1150817
2000,23191558,宗久實業有限公司,臺中市南屯區文心路一段540號11樓,10115000,1150827
2002,23192043,友圓實業有限公司,臺中市西區五權西一街13號2樓,20000000,1150811
2003,23193438,十茂木業股份有限公司,臺中市潭子區聚興里豐興路一段1巷6之12號,50000000,1150810
2005,23200347,隆記企業管理顧問有限公司,臺中市清水區槺榔里鰲新路311號1樓,500000,1150820
2006,23202020,嘉昇網版有限公司,臺中市太平區中山路四段43號,5000000,1150806
2008,23208609,薰漢營造工程股份有限公司,臺中市北區忠太東路8號1樓,201000000,1150807
2009,23212104,聯東電線材料股份有限公司,臺中市豐原區三豐路二段515之16號,45800000,1150827
2021,23234424,立侑機械有限公司,臺中市豐原區南村里文化街56號,28000000,1150810
2027,23263665,豪利刀剪餐具有限公司,臺中市太平區光隆里東光街82巷13號,10000000,1150812
2028,23265501,易盛橡膠股份有限公司,臺中市潭子區昌平路三段492巷290弄2號1樓、2樓,43000000,1150824
2052,23358944,惠宇建設股份有限公司,臺中市北區忠太東路8號1樓,262680000,1150806
2060,23380827,寶暉有限公司,臺中市大里區樹王里樹王路50之9號,5950000,1150812
2061,23381641,來成塑膠企業股份有限公司,臺中市大甲區興安路138之260號,10000000,1150811
2086,23471740,寶強興業股份有限公司,臺中市西屯區惠來里市政北一路77號6樓之7,35000000,1150812
2093,23482839,洪揚營造有限公司,臺中市霧峰區新埔路236號11樓之3,60000000,1150812
2094,23486862,全富混凝土工業股份有限公司,臺中市潭子區家福里頭張路二段165號,190000000,1150807
2097,23499487,研勝機械股份有限公司,臺中市大里區工業八路35號1樓,29900000,1150828
2107,23534941,三樂投資開發股份有限公司,臺中市沙鹿區錦華街17號,280000000,1150826
2109,23536188,倫祥實業股份有限公司,臺中市大雅區三和里建興路254號1樓,6000000,1150827
2110,23536194,瑞斯特股份有限公司,臺中市大甲區文武里經國路758號4樓,12528000,1150827
2111,23537124,承煒實業股份有限公司,臺中市神岡區豐洲里豐工南路46號,322500000,1150814
2116,23560763,隆固工業股份有限公司,臺中市大里區福德路12-1號,60000000,1150820
2119,23573351,穩泰水電工程有限公司,臺中市北屯區軍功里軍和街227巷15弄64號1樓,10000000,1150803
2147,23683569,全晟貿易有限公司,臺中市清水區海濱里臨港路五段498號1樓,6000000,1150811
2154,23712277,高僑自動化科技股份有限公司,臺中市大甲區日南里工七路1號,1003863980,1150810
2177,23807034,奇龍工業股份有限公司,臺中市神岡區厚生路148號,242500000,1150824
2186,23824097,中友百貨股份有限公司,臺中市西屯區福和里臺灣大道4段925號28樓之2,229066770,1150820
2198,23852086,港富五金股份有限公司,臺中市梧棲區草湳里臨港路三段396號,12000000,1150813
2224,23935426,銘帥興業有限公司,臺中市豐原區西湳里三豐路二段441巷20號,500000,1150814
2234,23979057,訊能企業有限公司,臺中市大雅區二和里神林南路239號,24000000,1150811
2249,24201225,銀網系統整合有限公司,臺中市西屯區惠來里市政北一路200號,5000000,1150813
2251,24205003,燈王的店有限公司,臺中市潭子區得天南街18巷7號1樓,500000,1150827
2254,24208901,弘凌科技股份有限公司,臺中市南屯區文心南五路一段32號1樓,5000000,1150818
2258,24220074,弘蒲工程有限公司,臺中市北屯區平田里旅順路二段270號,5000000,1150805
2272,24239123,錦榮投資股份有限公司,臺中市西屯區市政北七路186號12樓之8,153816000,1150810
2274,24239453,康呈科技工程股份有限公司,臺中市潭子區大豐里潭富路二段163之3號1樓,100000000,1150828
2276,24245048,幻象創意燈飾股份有限公司,臺中市梧棲區南簡里中央路2段362巷11號1樓,5000000,1150817
2296,24297024,思鷺科技股份有限公司,臺中市南屯區新生里益豐路四段151號2樓,29000000,1150824
2349,24368343,九鼎投資有限公司,臺中市西屯區惠來里市政北一路77號8樓之6,270000,1150810
2355,24377808,上運精密有限公司,臺中市東區六順路8號1樓,1300000,1150827
2363,24394551,將盟國際貿易有限公司,臺中市后里區義里里甲后路一段247巷16號1樓,1000000,1150820
2367,24397608,鴻邑建設有限公司,臺中市西區大隆路20號6樓之8,50000000,1150821
2371,24410807,友達晶材股份有限公司,臺中市西屯區中科路1號,1975646140,1150810
2372,24411192,合法徵信社有限公司,臺中市西屯區文心路三段13之3號5樓,1000000,1150813
2376,24413213,萊瑞國際有限公司,臺中市外埔區山美路451巷132號1樓、地下1樓,250000,1150805
2386,24433674,啓祿科技有限公司,臺中市霧峰區本鄉里乾溪東路236號1樓,10000000,1150818
2387,24434527,丞群科技有限公司,臺中市東區東信里振興路437巷95弄14號,1000000,1150813
2390,24438615,網銀國際股份有限公司,臺中市西屯區市政北二路238號28樓之1,2417400000,1150803
2393,24445334,興本投資股份有限公司,臺中市豐原區大明路11號1樓,29500000,1150811
2456,24537848,廣馥科技有限公司,臺中市北區德化街130巷3號3樓,3000000,1150817
2495,24579749,昭國國際開發有限公司,臺中市南屯區同心里大墩一街266號1樓,10000000,1150827
2496,24579781,壹閎興業有限公司,臺中市沙鹿區自立路198巷37號1樓,13200000,1150824
2497,24582272,探索國際旅行社有限公司,臺中市西屯區港尾里中康街238之2號,6000000,1150825
2498,24585123,力碩電訊科技有限公司,臺中市西屯區何仁里長安路一段56巷30號1樓,900000,1150819
2499,24585236,統義不動產經紀業有限公司,臺中市北屯區水湳里崇德六路582號1樓,2000000,1150826
2500,24586431,京城創意管理顧問有限公司,臺中市西區民龍里臺灣大道二段285號27樓,1000000,1150803
2501,24588677,五維有限公司,臺中市北區太原南二街159號5樓之2,5000000,1150824
2502,24588825,鉅業投資股份有限公司,臺中市南屯區公益路二段871號3樓,111500000,1150819
2503,24591482,玉佳潔餐具有限公司,臺中市西屯區大福里長安路二段136號1樓,1000000,1150811
2504,24595136,桂岳金屬有限公司,臺中市神岡區東洲路137之11號1樓,12000000,1150818
2505,24602642,茂格藝術股份有限公司,臺中市北區學士路257號12樓,18000000,1150824
2506,24602951,峻億物流有限公司,臺中市龍井區龍山街129號5樓,1000000,1150812
2507,24605486,萊多鋼鐵工程有限公司,臺中市沙鹿區西勢里中航路二段83巷55號1樓,30000000,1150817
2508,24607415,運源國際有限公司,臺中市大里區西湖里草堤路158巷13弄11號,1000000,1150811
2521,24628170,騰日工程有限公司,臺中市北屯區廍子里祥順路一段425號,15000000,1150824
2578,24691861,焱岑有限公司,臺中市北屯區太順路50號,500000,1150814
2629,24752867,慧量股份有限公司,臺中市大雅區大楓里前村路143巷37號,13000000,1150812
2661,24804181,華旭先進股份有限公司,臺中市西屯區協和里工業區十路8號,1521059020,1150806
2669,24818185,勝永明木業有限公司,臺中市沙鹿區清泉里清泉路199號1樓,6800000,1150826
2670,24819614,其峰興業有限公司,臺中市南屯區大誠里大墩四街177之3號1樓,10000000,1150828
2671,24820176,三豊海事工程有限公司,臺中市梧棲區中和里民生西街166巷2號1樓,10000000,1150825
2672,24820197,樺欣工業有限公司,臺中市潭子區聚興路1128號,20000000,1150819
2673,24821800,隆宏昌興業股份有限公司,臺中市西屯區市政北二路282號6樓之6,262000000,1150818
2674,24822929,劼迅有限公司,臺中市北區淡溝里英才路366號,250000,1150804
2675,24822977,璽膳企業有限公司,臺中市神岡區大富路61巷55號1樓,5000000,1150831
2676,24824314,柏源實業股份有限公司,臺中市西屯區何福里寧夏東八街28號12樓之1,6000000,1150821
2677,24825664,遇見東山有限公司,臺中市北屯區和平里建和路二段245號,2000000,1150812
2678,24827831,勝太股份有限公司,臺中市西區公舘里南屯路一段31巷1號1樓,5000000,1150810
2679,24830842,王璽有限公司,臺中市潭子區中山路二段443號1樓,17400000,1150811
2680,24831841,朋霖實務企業有限公司,臺中市西區和龍里臺灣大道二段16號19樓之2,10000000,1150828
2681,24834495,萬詮國際經貿有限公司,臺中市南屯區惠德街212號1樓,1000000,1150811
2682,24834880,樂和國際有限公司,臺中市北屯區軍福十一路268號3樓,1000000,1150824
2683,24835298,萬珠恩電子有限公司,臺中市北屯區和平里和祥路一段238號1樓,49500000,1150818
2684,24835810,摩奇坊國際有限公司,臺中市北屯區軍功里軍福十九路165號1樓,29000000,1150818
2686,24840291,實踐佳不動產經紀有限公司,臺中市南屯區豐樂里文心南路270號,2960000,1150828
2687,24841209,銳遠建設有限公司,臺中市西區民龍里模範街31巷37號,28380000,1150811
2688,24842636,共享行銷有限公司,臺中市太平區育賢路126號2樓,10000000,1150810
2689,24842707,燊鼎地產股份有限公司,臺中市北區英才路372號1樓,24091000,1150827
2690,24845009,廣銓環保科技有限公司,臺中市沙鹿區鹿峰里中山路658之2號1樓,10000000,1150805
2691,24846990,珈欣有限公司,臺中市西區五權五街49號1樓,500000,1150803
2720,24882329,光禾電影有限公司,臺中市西區貴和街133號,800000,1150820
2789,24956686,奧伯倫有限公司,臺中市南區長春里台中路78巷5號,3500000,1150821
2807,24975754,簡單生活企劃所股份有限公司,臺中市霧峰區六股里六股路54號,2000000,1150824
2808,24976493,樺科智慧科技股份有限公司,臺中市西屯區市政路539號6樓之2,24000000,1150805
2819,24989949,奧特拉斯股份有限公司,臺中市南屯區文心路一段218號21樓之1,190006210,1150813
2829,25003460,增益有限公司,臺中市北屯區和平里東山路一段387之1號,500000,1150821
2830,25003736,阿官國際餐飲股份有限公司,臺中市西屯區朝富路248號,35000000,1150810
2834,25016486,凱茂資訊股份有限公司,臺中市西區忠明南路270號10樓之4,50000000,1150807
2845,25033751,阿玲禮儀有限公司,臺中市大雅區橫山里永和路65之2號1樓,1000000,1150818
2851,25047761,赫利生技有限公司,臺中市北區金龍里北屯路45號6樓之8,100000,1150828
2857,25053762,立擴機電有限公司,臺中市北屯區松勇里松竹路二段86巷28弄21之1號,6000000,1150810
2861,25058963,孕世界實業股份有限公司,臺中市東區東英里東英路570號2樓,1000000,1150804
2865,25068266,威震氣動工具有限公司,臺中市霧峰區南勢里豐正路工業巷6弄8號1樓,38000000,1150804
2867,25072796,尚祐管理顧問股份有限公司,臺中市北屯區和祥街33巷16號1樓,400000,1150817
2870,25083463,東昶科技有限公司,臺中市西屯區潮洋里市政北二路236號20樓之1,5700000,1150824
2873,25086428,台灣克瑞斯特科技股份有限公司,臺中市北區文莊里中清路一段79號6樓,5000000,1150826
2881,25097311,晨豐光電股份有限公司,臺中市西屯區市政北二路238號15樓之3,603900000,1150817
2882,25097488,盛邑營造有限公司,臺中市西屯區市政北二路236號19樓之3,12000000,1150818
2930,25151314,迦碩事業有限公司,臺中市北區錦新街30號10樓,5000000,1150821
2934,25152643,黎明開發股份有限公司,臺中市太平區永豐路291巷11號,86000000,1150821
2936,25153002,創仕達機電有限公司,臺中市烏日區五光里環中路七段355號1樓,6000000,1150807
2938,25154781,鼎群翔有限公司,臺中市大甲區中山路二段159巷15弄15號,1000000,1150813
2941,25158597,三霸機械有限公司,臺中市北區長青里陝西五街18號6樓5號,250000,1150803
2944,25165056,台灣農經科技股份有限公司,臺中市南區長榮里復興路3段222號12樓之2,1000000,1150805
2947,25168878,栢廣有限公司,臺中市北屯區水湳路建昌巷7弄32號1樓,1000000,1150825
2949,25174153,永工程股份有限公司,臺中市龍井區龍泉里中社路297號,10000000,1150814
2953,25180465,廣鴻地產有限公司,臺中市北屯區崇德路二段130號3樓,3500000,1150824
2957,25185721,丞圃股份有限公司,臺中市南屯區惠中里文心路一段378號6樓之3,14000000,1150804
2964,25195523,中華標售有限公司,臺中市西區五權路1之67號7樓之3之1,200000,1150814
2965,25195805,日晴健康國際有限公司,臺中市霧峰區舊正里新豐路157號1樓,2000000,1150827
2975,27221863,金佑興企業有限公司,臺中市西屯區惠來里惠中路二段33號17樓之1,20000000,1150806
2979,27230700,豐樂地產股份有限公司,臺中市沙鹿區鹿寮里錦華街17號,3700000000,1150806
2991,27265637,偉維投資股份有限公司,臺中市西區英才路499號4樓,25000000,1150810
2992,27265926,金永興企業有限公司,臺中市烏日區三和里高鐵一路268號21樓之2,29800000,1150819
2993,27268310,勁揚實業有限公司,臺中市神岡區神洲里神洲路381號,5000000,1150813
3004,27288104,尚瀅科技股份有限公司,臺中市西屯區工業區38路185之1號1樓,40000000,1150814
3005,27290143,華程有限公司,臺中市大雅區東大路二段1099巷85號,1100000,1150817
3006,27290474,台灣吉西西有限公司,臺中市神岡區民權路12-3號1樓,16500000,1150814
3007,27293900,百事威廣告事業有限公司,臺中市太平區坪林路15之6號,1000000,1150827
3025,27325311,大田生醫有限公司,臺中市南屯區同心里南屯路二段290號8樓之7,2000000,1150804
3049,27363270,力新資產管理股份有限公司,臺中市西屯區逢甲里西屯路二段256巷6號2樓之2,71000000,1150811
3056,27372545,泳捷科技有限公司,臺中市霧峰區本鄉里草湖路135巷1弄29號,1000000,1150813
3057,27372881,高暐電子企業有限公司,臺中市南屯區惠中里惠文路588號1樓,1000000,1150813
3060,27381116,三麗科技開發股份有限公司,臺中市東區大誠里柳川西路三段22號底1層之1,11500000,1150810
3063,27388883,喬禾國際有限公司,臺中市大肚區頂街里自由路494號1樓,10000000,1150803
3072,27405588,佳陞科技股份有限公司,臺中市西屯區潮洋里朝富路213號14樓之1,15000000,1150828
3086,27422073,庚京資訊有限公司,臺中市龍井區藝術南街13號2樓,1000000,1150813
3088,27426036,鉅鼎投資股份有限公司,臺中市北屯區平安里文心路四段698號12樓之2,20000000,1150803
3105,27473348,鐿鈦科技股份有限公司,臺中市南屯區文山里精科路9號,506796430,1150811
3110,27488932,緯鴻保全股份有限公司,臺中市西屯區何德里大信街50號5樓之3,40000000,1150804
3114,27497382,諭越廣告工程有限公司,臺中市西區向上南路一段223號三樓之1,10000000,1150805
3117,27508986,懷仁投資有限公司,臺中市北區興進路213號10樓,276000000,1150827
3118,27510511,富易達保險經紀人股份有限公司,臺中市西屯區大墩十九街186號7樓之2,164391400,1150811
3121,27516557,玖振有限公司,臺中市大里區久居街90號,2000000,1150805
3125,27532297,懋協企業股份有限公司,臺中市西屯區文心路三段241號20樓之5,29800000,1150819
3161,27592421,巾三有限公司,臺中市北區文莊里中清路一段89號7樓之1,1000000,1150824
3167,27613501,山本新力鋼鐵回收有限公司,臺中市烏日區溪埧里溪南路一段471號2樓,20000000,1150806
3169,27616367,錦澄企業有限公司,臺中市東勢區新盛里東關路六段803號1樓,3000000,1150803
3173,27618409,欽發五金鋼索有限公司,臺中市大里區大里里長興二街52號1樓,1000000,1150814
3176,27625823,帝丹人蔘農業生技股份有限公司,臺中市新社區協中街171號,4000000,1150817
3178,27633324,光展應材股份有限公司,臺中市北屯區崇德路二段252號16樓,45000000,1150819
3180,27642885,寶騰蓮花股份有限公司,臺中市梧棲區文化里中和街1號1樓,50000000,1150811
3192,27662707,思科瑪企業有限公司,臺中市南屯區向心里永春東路511號,5000000,1150817
3196,27671451,峰康企業股份有限公司,臺中市西屯區合江街84號,20000000,1150813
3251,27779191,查爾斯國際有限公司,臺中市大里區環河路97號1樓,28000000,1150807
3252,27780042,保旺事業股份有限公司,臺中市西區臺灣大道二段186號21樓之5,130000000,1150827
3257,27797677,百發科技股份有限公司,臺中市北屯區軍褔十一路515號1樓,15000000,1150820
3262,27802806,厚儀實業有限公司,臺中市南屯區惠中里公益路二段185號3樓之3,28800000,1150821
3264,27806893,上銓科技股份有限公司,臺中市西屯區協和里工業區三六路39號,5000000,1150825
3265,27810073,一宮餐飲有限公司,臺中市北屯區舊社里敦富路147號,10000000,1150825
3268,27812683,瑞康國際開發有限公司,臺中市太平區祥順路一段308號2樓之1,2000000,1150805
3270,27816077,康園國際事業股份有限公司,臺中市南屯區大墩十街300號5樓之1,90000000,1150805
3273,27822768,瀚宇開發科技有限公司,臺中市西屯區西屯路三段159之11巷9弄2號7樓之2,2500000,1150810
3274,27824843,寶德人力資源顧問有限公司,臺中市梧棲區自強三街33號1樓,15000000,1150812
3284,27848269,振達電子科技股份有限公司,臺中市北屯區同榮里同榮路252號1樓,120000000,1150807
3285,27849669,羿盛投資顧問股份有限公司,臺中市太平區中山路四段43號1樓,15000000,1150810
3291,27860707,佳格萊加油站股份有限公司,臺中市沙鹿區三鹿里向上路七段301號,12000000,1150806
3305,27883482,晉國企業管理顧問有限公司,臺中市北屯區文心路四段955號11樓之2,1000000,1150817
3311,27894312,光倫輪業有限公司,臺中市后里區民生路187號,500000,1150827
3312,27894782,統順科技股份有限公司,臺中市神岡區大富路20巷45之1號,34000000,1150807
3317,27905394,穎興精密刀具有限公司,臺中市南區樹義里樹義二街86號,15000000,1150818
3327,27921280,英華特科技股份有限公司,臺中市南區大慶街一段246之6號11樓,3000000,1150805
3373,28003859,聖嘉資訊科技股份有限公司,臺中市西區昇平里26鄰忠明南路303號21樓之3,20000000,1150817
3384,28012421,奕永升有限公司,臺中市大里區爽文路1051號1樓,500000,1150803
3387,28021771,智元電機科技有限公司,臺中市烏日區東園里溪南路一段988巷296弄39號,2000000,1150819
3399,28056840,合錦科技股份有限公司,臺中市大雅區科雅路18號,104000000,1150824
3410,28075522,揚鑫鐵材企業有限公司,臺中市龍井區山腳里中山二路1段西巷170號,5200000,1150818
3412,28081539,大鼎能源股份有限公司,臺中市西屯區河南路二段520號1樓,12000000,1150814
3413,28081968,廣宥佳開發有限公司,臺中市西屯區港尾里中康街238之2號,5000000,1150824
3417,28090410,順利塑膠實業有限公司,臺中市太平區合利街56號1樓,10000000,1150824
3418,28091298,登安立有限公司,臺中市龍井區龍泉里沙田路5段30巷29號1樓,1000000,1150818
3422,28096619,瀚輿貿易有限公司,臺中市北屯區水景里太原路３段８８５巷５號１Ｆ,500000,1150813
3430,28109353,裕笠科技股份有限公司,臺中市南區工學里樹義一巷13之19號,15000000,1150813
3447,28129597,名揚機械股份有限公司,臺中市豐原區南村里水源路283巷76弄1號,5000000,1150814
3448,28134000,新台實業股份有限公司,臺中市大雅區橫山里中山一路33號,15000000,1150811
3455,28148449,晶賀吊車有限公司,臺中市潭子區福仁里復興路一段221號6樓,500000,1150814
3461,28170074,勵精企業有限公司,臺中市南屯區五權西路二段388號,3000000,1150805
3505,28311526,祐奇健康科技股份有限公司,臺中市霧峰區中正路1265巷20號,29000000,1150820
3506,28312433,永立傑工程有限公司,臺中市南屯區楓樹里楓樹南街186號1樓,500000,1150828
3511,28324607,佳旭工業有限公司,臺中市大雅區雅楓里民生路三段253號1樓,5000000,1150824
3519,28338475,書劍戶外有限公司,臺中市西區五權西路一段239號,500000,1150806
3520,28339643,江楠企業有限公司,臺中市大肚區王田里興和路211號1樓,10000000,1150807
3522,28342128,茱麗葉精品有限公司,臺中市西區五權西路一段55號,6000000,1150831
3527,28348426,元康科技有限公司,臺中市龍井區新庄里新仁路43號1樓,2000000,1150814
3529,28360547,樂鴻冷凍食品有限公司,臺中市大里區大衛一街10號,18000000,1150818
3531,28363354,中歆企業有限公司,臺中市南屯區惠中里惠文路363號1樓,66000000,1150803
3533,28365727,茂華實業股份有限公司,臺中市南屯區永春東一路717號,50000000,1150811
3536,28371951,台灣數位光訊科技股份有限公司,臺中市西屯區文心路二段201號6樓之6,1339327930,1150820
3537,28372298,鎧銘小客車租賃有限公司,臺中市豐原區南田里富翁街226巷9號1樓,5000000,1150810
3544,28392962,健貽股份有限公司,臺中市龍井區新東里新興路7巷2之1號1樓,5000000,1150804
3545,28393548,濎一開發國際顧問有限公司,臺中市南屯區大容西街6號3樓,500000,1150824
3556,28409345,康睿健康事業管理顧問股份有限公司,臺中市西區臺灣大道二段285號15樓,14000000,1150817
3558,28412931,香港商菱達發展有限公司,臺中市北區太原南二街159號5樓之2,0,1150825
3599,28491203,雅客來企業有限公司,臺中市神岡區庄後里大圳路41之113號,2000000,1150819
3603,28503480,喜康貿易股份有限公司,臺中市沙鹿區錦華街18號2樓,5000000,1150813
3614,28518076,台灣美光記憶體股份有限公司,臺中市后里區三豐路4段369號,203156445250,1150807
3619,28522064,卡順興業有限公司,臺中市大里區大明路393之14號,1000000,1150828
3625,28531211,浩瑞資訊有限公司,臺中市清水區公正路91號1樓,1000000,1150814
3629,28540056,謙華科技股份有限公司,臺中市梧棲區草湳里經二路11號,691793400,1150817
3632,28544763,郁強國際生醫股份有限公司,臺中市南屯區永定里益昌一街97號,175000000,1150803
3634,28546381,昆帝有限公司,臺中市太平區太平里永平路三段5號1樓,15000000,1150825
3639,28555536,金童寶實業有限公司,臺中市大肚區沙田路一段854巷80之1號1樓,2500000,1150821
3646,28579191,北鉅精機股份有限公司,臺中市南屯區文山里忠勇路52之198號10樓,171000000,1150820
3652,28582132,詠丞建設有限公司,臺中市大里區東湖里中湖路25號2樓,25000000,1150811
3655,28585588,法易投資股份有限公司,臺中市南屯區永春東三路33號,10000000,1150805
3659,28587143,正昇動力科技有限公司,臺中市梧棲區永安里向上路九段465巷35弄7號1樓,6000000,1150817
3660,28587256,亞瑪瑟國際有限公司,臺中市豐原區瑞安街100號2樓,500000,1150818
3662,28588467,坤威有限公司,臺中市神岡區豐洲路348號,3000000,1150806
3678,28623274,宜益倉儲設備有限公司,臺中市北屯區舊社里舊社巷15弄27號1樓,1000000,1150807
3680,28627601,欣霖生化藥品科技有限公司,臺中市潭子區家興里榮興街66號1樓,1000000,1150805
3682,28630556,緣信開發興業有限公司,臺中市烏日區溪南路一段126巷50號之1,5000000,1150814
3684,28631817,天陽航太科技股份有限公司,臺中市西屯區協和里工業區七路29號,300000000,1150814
3685,28633033,金格科技股份有限公司,臺中市大里區仁化里工業九路49號,21801800,1150818
3688,28635757,駿翔精機有限公司,臺中市豐原區西湳里三豐路二段279巷29號1樓,500000,1150805
3690,28642785,禾茂盛貿易有限公司,臺中市沙鹿區沙田路17之5號1樓,3000000,1150812
3707,28667440,玖炬工程股份有限公司,臺中市烏日區五光路復光四巷25號1樓,50000000,1150810
3754,28732189,御詮室內裝修有限公司,臺中市太平區新興里新福路1156巷68號1樓,2000000,1150827
3759,28743904,浩煌企業有限公司,臺中市東勢區上城里上城街212巷80號1樓,5100000,1150806
3766,28751447,星寰實業有限公司,臺中市西區臺灣大道二段489號31樓,5000000,1150817
3768,28755886,好樂購家具有限公司,臺中市北屯區環中路一段878號,10000000,1150813
3771,28764718,揚智管理顧問有限公司,臺中市南屯區五權西路二段666號13樓之3,500000,1150821
3773,28766342,惠信建設股份有限公司,臺中市北區育德里育德路98號1樓,600000000,1150812
3779,28776279,賀生開發有限公司,臺中市神岡區豐洲里豐原大道七段583號1樓,40500000,1150819
3781,28781961,福克科技有限公司,臺中市北區平等里中華路2段120號4樓,5000000,1150820
3783,28782878,宥穎工程有限公司,臺中市北區淡溝里臺灣大道二段360號7樓之2,115000000,1150818
3786,28785592,康源國際有限公司,臺中市南屯區萬和路二段31之31號10樓,1000000,1150813
3790,28790429,田豐空油壓有限公司,臺中市大里區西湖里景庄街202巷37號,20000000,1150810
3791,28790687,俱星有限公司,臺中市霧峰區北柳里四德路376巷64之6號,9000000,1150811
3799,28800658,杰鼎數位科技股份有限公司,臺中市潭子區東寶里大豐一路163號1樓,3000000,1150805
3826,28842947,錦裕國際股份有限公司,臺中市西屯區港尾里環中路一段2088號,15000000,1150824
3851,28875361,佰勳股份有限公司,臺中市大里區大元里國中路3巷19號,16000000,1150817
3852,28875833,眾強工程有限公司,臺中市大雅區上楓里樹德街86巷25號1樓,1000000,1150827
3860,28888345,超詮股份有限公司,臺中市大肚區平等街177巷5號1樓,10000000,1150806
3868,28896099,和泰環保有限公司,臺中市后里區墩南里舊圳路1之69號,5000000,1150821
3878,28919585,凱立克企業股份有限公司,臺中市南屯區大墩四街70號,1000000,1150814
3880,28926214,菁智科技股份有限公司,臺中市北區健行里忠明路424號9樓之2,38900000,1150825
3885,28933756,環宇光電有限公司,臺中市烏日區光明里五光路738號1樓,20000000,1150817
3890,28937319,怡旭鋼工業股份有限公司,臺中市北屯區文心路四段845號10樓,30000000,1150818
3891,28938160,弦明有限公司,臺中市神岡區豐洲里前寮路34號1樓,1000000,1150806
3892,28947512,百利事工程有限公司,臺中市南屯區惠德街23號,4500000,1150814
3897,28956791,天眼衛星科技股份有限公司,臺中市烏日區三和里高鐵一路268號22樓之2,87173980,1150810
3899,28968190,宥和企業股份有限公司,臺中市西屯區西安里青海路二段436號7樓之1,10000000,1150805
3905,28999779,英屬維京群島商永盛置業股份有限公司,臺中市西區英才路530號20樓之5,5000000,1150817
3912,29011580,斯力聽科技有限公司,臺中市中區綠川里雙十路一段1號8樓之4,500000,1150803
3956,29083839,啟燕投資有限公司,臺中市霧峰區本堂里樹仁二街42號1樓,5500000,1150806
3957,29085288,中儒林文教有限公司,臺中市北區三民路三段217號3樓之6、7樓之9、10、11、13、15、16,500000,1150810
3959,29086836,甫兆企業有限公司,臺中市大里區健民里鳳凰路88號,1000000,1150810
3965,29095384,品匠屋股份有限公司,臺中市西屯區潮洋里朝富二街20號1樓,1000000,1150827
3971,29107446,晟家國際事業有限公司,臺中市西區民龍里臺灣大道二段300號7樓之5,250000,1150817
3973,29108851,微丼實業有限公司,臺中市北區錦祥里北屯路26號3樓之11,6000000,1150826
3974,29113067,金展精密科技工業股份有限公司,臺中市烏日區溪南路二段270巷100弄21號,80000000,1150824
3976,29116085,立隼企業有限公司,臺中市南區五權南路167號地下一層之6,1000000,1150803
3978,29120237,泓彰實業有限公司,臺中市北屯區山西路二段496號,3000000,1150819
3982,29127702,子賓科技企業有限公司,臺中市西區大忠里忠明南路270號7樓之1,3000000,1150805
4021,29188432,川弘科技有限公司,臺中市大里區東湖里中興路一段159號3樓,5000000,1150820
4025,30012427,德城行有限公司,臺中市豐原區豐田里豐原大道二段391號1樓,30000000,1150811
4039,30889186,佳揚貿易有限公司,臺中市南區西川里崇倫北街8號,10000000,1150803
4126,34291180,承立通運股份有限公司,臺中市南屯區新生里公益路二段1005號1樓,19000000,1150814
4152,34676214,聯旗保險代理人股份有限公司,臺中市北區健行里民權路559號13樓,42500000,1150825
4282,42597207,次世代運動股份有限公司,臺中市西區公正里東興路三段160號8樓之1,5000000,1150814
4332,42645469,八福銀髮服務股份有限公司,臺中市沙鹿區福成路255巷8之2號,41554623,1150821
4352,42661468,聯宏實業股份有限公司,臺中市大里區瑞城里中興路一段2巷1號,10000000,1150820
4353,42666891,萊特觀山休閒股份有限公司,臺中市烏日區三和里高鐵五路160號,50000000,1150826
4354,42667505,車中寶國際有限公司,臺中市中區綠川里建國路159巷10號1樓,20000,1150824
4356,42668005,秀緻景觀室內裝修有限公司,臺中市豐原區翁子里富翁街260巷109號,200000,1150814
4357,42669399,全鑫精密工業股份有限公司,臺中市大肚區沙田路一段854巷69之26弄15號,515550200,1150819
4358,42670591,順益水電有限公司,臺中市北屯區平田里文心路四段955號11樓之2,1000000,1150827
4360,42673669,租個夠資產管理有限公司,臺中市烏日區高鐵路二段138號19樓之6,500000,1150828
4361,42674098,欣美地開發股份有限公司,臺中市神岡區大社里豐社路128號,4270000,1150819
4362,42675462,堰林空間美學有限公司,臺中市北屯區平和里安順東六街60號,6000000,1150825
4363,42675998,天健國際財務顧問股份有限公司,臺中市西區臺灣大道二段285號25樓,1000000,1150824
4364,42676526,呈豐實業有限公司,臺中市北區頂厝里崇德路一段503巷27號1樓,30000000,1150805
4366,42679946,德眾技術顧問有限公司,臺中市北區北興街171號2樓,800000,1150819
4367,42680198,百碩企管顧問股份有限公司,臺中市西屯區市政北七路186號12樓之9,7120000,1150812
4369,42680367,引興精實管理顧問股份有限公司,臺中市西屯區工業區一路96之7號2樓,3000000,1150803
4370,42684618,旭安通信有限公司,臺中市大里區國光里文芳街100號1樓,1000000,1150820
4371,42689493,鉅園營造股份有限公司,臺中市北區健行里民權路559號7樓之3,12000000,1150803
4404,42731561,錦淮國際企業有限公司,臺中市霧峰區丁台里丁台路451號,600000,1150821
4411,42740512,浚湧工程有限公司,臺中市潭子區中山路一段184巷37號1樓,12000000,1150812
4428,42764062,頡辰電機有限公司,臺中市大甲區日南里青三路1巷78號1樓,12700000,1150824
4437,42772176,上鼎材料有限公司,臺中市西區民龍里臺灣大道二段285號12樓之1,1000000,1150826
4490,42832548,祐吉有限公司,臺中市南屯區同心里南屯路二段290號12樓之2,300000,1150803
4517,42863274,優適達科技股份有限公司,臺中市西屯區工業區三十八路210號2樓之3,48910000,1150804
4528,42872359,西敏手工婚紗股份有限公司,臺中市北區梅川里梅川西路四段155號,1200000,1150804
4529,42872739,智聯微網科技有限公司,臺中市南屯區文心路一段378號7樓之10,10000000,1150807
4530,42872983,慕謠有限公司,臺中市和平區中興路三段環山二巷29號,100000,1150826
4531,42874151,棲樓共同設計有限公司,臺中市北區中清路一段372號4樓,100000,1150818
4533,42878086,寬耀有限公司,臺中市西區昇平里向上路一段79巷38號,3000000,1150814
4534,42878558,君品實業股份有限公司,臺中市西區公民里五權路2之107號19樓,11500000,1150803
4535,42880132,承鉅材料有限公司,臺中市西區公益路161號10樓之3,10000000,1150817
4536,42885426,廣億星有限公司,臺中市霧峰區坑口里新生路10號1樓,250000,1150831
4537,42885615,恆旺食品股份有限公司,臺中市西屯區大河里大河街32巷21號,19000000,1150817
4538,42885663,鉅宸投資有限公司,臺中市西屯區何厝里何厝東二街23號9樓之3,28520000,1150813
4540,42886467,永愛健康管理顧問有限公司,臺中市西屯區何安里臺灣大道二段910號11樓之5,500000,1150818
4541,42886608,均翰建設股份有限公司,臺中市北區育德里育德路98號1樓,302000000,1150806
4542,42887803,帥灃科技股份有限公司,臺中市北屯區和祥路一段238號1樓,10000000,1150811
4543,42888113,百川管理顧問有限公司,臺中市大肚區大肚里華昌街6號2樓,1200000,1150810
4545,42888401,理森投資有限公司,臺中市北屯區文心路三段447號8樓之1,10000000,1150818
4546,42892762,明昌勝有限公司,臺中市大里區塗城里光正路60巷53號1樓,2000000,1150812
4548,42893158,瑞毅工程有限公司,臺中市霧峰區坑口里中正路692巷17號1樓,516888,1150812
4549,42894121,大樹科學股份有限公司,臺中市北屯區松安里崇德六路一段30巷28號4樓,1500000,1150827
4550,42895114,愛孕行銷顧問有限公司,臺中市西屯區何厝里何厝東二街23號9樓之3,500000,1150818
4551,42896649,信誠土木包工業有限公司,臺中市大里區中新街32巷17弄12號1樓,3600000,1150810
4552,42897247,明銳機械股份有限公司,臺中市后里區義里里甲后路一段136巷80號,11000000,1150812
4553,42897268,鼎弋國際事業股份有限公司,臺中市中區大誠里柳川西路三段22號底一層之1,22500000,1150807
4554,42899414,臺灣創生企業有限公司,臺中市沙鹿區鹿寮里成功東街92之2號1、2樓,1300000,1150817
4555,42899792,屋巢匠不動產有限公司,臺中市南屯區豐樂里文心南路270號3樓,1000000,1150820
4580,42925975,海盛船舶維修保養股份有限公司,臺中市清水區北五路105號,20000000,1150818
4592,42939350,日商先端科技系統股份有限公司,臺中市南屯區文心路一段17號7樓之3,10000000,1150805
4602,42947464,艾普力科技有限公司,臺中市龍井區東海里藝術街100號,10000000,1150814
4639,42997506,財寶佛道文教企業有限公司,臺中市西區博館二街100號1樓,400000,1150805
4704,43942797,憶昇工程有限公司,臺中市西屯區何厝東二街23號9樓之3,1000000,1150828
4756,45126882,精化科技股份有限公司,臺中市沙鹿區興仁里沙田路86號,2000000,1150821
4759,45128559,宸彬有限公司,臺中市西屯區上安里臺灣大道三段528號13樓,1500000,1150827
4764,45137522,欣蓉國際有限公司,臺中市南區西川里大忠南街178號1樓,300000,1150812
4772,45145348,龍鉅精工股份有限公司,臺中市梧棲區自立路349號,14000000,1150817
4773,45149153,風華嚼旅有限公司,臺中市北區錦平里育才北路73號,2000000,1150819
4775,45190954,怪獸文化創意股份有限公司,臺中市東區復興路四段219號6樓之3,3000000,1150820
4776,45191525,緯北客創意資訊有限公司,臺中市西屯區逢甲里西屯路二段256巷6號2樓之6,200000,1150818
4777,45191948,嵐室設計室內裝修工程有限公司,臺中市南屯區田心里五權西路二段415號2樓,1500000,1150803
4778,45881275,聖達電機有限公司,臺中市龍井區龍泉里13鄰沙田路五段98巷58號1樓,4200000,1150804
4779,45885146,群淵國際專利商標有限公司,臺中市北屯區東光里北屯路294號,3000000,1150804
4780,45885477,祥鑽有限公司,臺中市潭子區頭家東里中興北路129號1樓,100000,1150817
4781,45886118,客立屋股份有限公司,臺中市西屯區青海路二段246之15號,5000000,1150827
4782,45886573,千通科技有限公司,臺中市石岡區梅子里豐勢路梅子巷50號1樓,500000,1150811
4783,45887101,青松戶外國際有限公司,臺中市南區福平里美村路二段71號12樓之2,5000000,1150821
4784,45887236,誼謙開發建設有限公司,臺中市北屯區后庄里中清路二段920號1樓,1000000,1150814
4787,45888565,盛陽光電有限公司,臺中市南屯區東興路二段177號,3000000,1150821
4788,45889620,涵泰投資股份有限公司,臺中市南屯區新生里益豐路四段387號4樓之2,4000000,1150806
4789,45890274,熊午吉行銷整合有限公司,臺中市西屯區漢口路二段308號1樓,2000000,1150814
4790,45890794,昱鋠電機實業有限公司,臺中市北區建成里東成路87號1樓,20000000,1150813
4803,45908627,鹿鹿夢工場有限公司,臺中市中區成功路268巷39號2樓之2,5000000,1150803
4833,47123876,穩馬通運股份有限公司,臺中市豐原區南陽里南陽路301巷18弄36號2樓,25000000,1150814
4852,49724447,大維營造股份有限公司,臺中市西區吉龍里五權西四街132號1樓,113000000,1150812
4886,50774562,元一國際顧問有限公司,臺中市南屯區溝墘里大容西街6號3樓,1000000,1150821
4912,50796051,日景綠能股份有限公司,臺中市大雅區民生路三段313巷45號1樓,103500000,1150827
4913,50796067,日集綠能股份有限公司,臺中市大雅區民生路三段313巷45號1樓,304500000,1150821
4933,50807085,爾胤有限公司,臺中市西屯區臺灣大道三段789號20樓之3,4500000,1150803
4935,50811736,石貳投資股份有限公司,臺中市西屯區福聯里福科路699號11樓,120000000,1150821
4936,50812566,駿通實業股份有限公司,臺中市西屯區大河里福上巷181弄8號1樓,5000000,1150814
4937,50812854,福橡景觀有限公司,臺中市西屯區何福里西屯路二段30之1之1號3樓,3000000,1150813
4938,50813220,盟德有限公司,臺中市石岡區九房里豐勢路九房巷24之2號1樓,3000000,1150812
4939,50815310,臺灣風能訓練股份有限公司,臺中市清水區北堤路1之10號,100000000,1150821
4940,50817077,德久開發有限公司,臺中市梧棲區中橫十路148號,100000,1150803
4941,50817345,有晟事業有限公司,臺中市清水區南社里中華路26號1樓,26000000,1150818
4942,50818169,大梵生態綠建築股份有限公司,臺中市南屯區鎮平里龍富路三段32號1樓,100000000,1150812
4943,50818858,正陞投資股份有限公司,臺中市西屯區寧夏路221-1號一樓,7000000,1150805
4944,50819982,吉米莊國際貿易有限公司,臺中市西屯區華美西街二段311號8樓之2,1500000,1150814
4945,50820101,允辰昌工程有限公司,臺中市南屯區同心里文心路一段218號16樓之1,1000000,1150821
4946,50820502,羽程有限公司,臺中市新社區新社里中和街四段207巷13號1樓,400000,1150803
4947,50822369,禾盛源股份有限公司,臺中市北屯區大連路三段9號5樓,630000,1150804
4949,50824280,明水農業有限公司,臺中市烏日區溪南路一段748號,42000000,1150826
4950,50824937,品鋐建設有限公司,臺中市大里區益民路二段277號1樓,19000000,1150810
4951,50825083,醫鄰股份有限公司,臺中市北屯區平福里崇德二路二段27號5樓,6720000,1150805
4953,50826392,優式達有限公司,臺中市南區城隍里國光路89之11號1樓,1000000,1150825
4954,50826935,八方能源科技股份有限公司,臺中市北區日興街222號10樓之1,7000000,1150826
4955,50828125,建南行花藝資材股份有限公司,臺中市西區忠明里中美街460號1樓,7200000,1150813
4956,50828217,詠聖開發建設有限公司,臺中市大里區東湖里中湖路25號2樓,15000000,1150810
4957,50828238,瑞允國際行銷有限公司,臺中市北屯區松茂里松竹北路179號4樓,5000000,1150827
4958,50830229,欣晟有限公司,臺中市烏日區螺潭里慶光路７９之１０號1樓,1000000,1150827
4959,50830255,啟衡機電設備有限公司,臺中市南屯區文心路一段378號5樓之4,100000,1150814
4960,50830430,美域股份有限公司,臺中市西區民龍里臺灣大道二段186號24樓之2,30900000,1150825
4961,50830591,義斯柏特國際開發有限公司,臺中市西屯區上德里上石路160號,17000000,1150806
4962,50830614,沅恩有限公司,臺中市西區公益路52號7樓之2,6000000,1150813
4964,50835049,百鴻土地開發有限公司,臺中市大里區東湖里中湖路25號2樓,20000000,1150825
4965,50835316,家羽建設開發股份有限公司,臺中市大里區國光里德芳路一段374號1樓,10000000,1150817
4967,50838117,昭德地產股份有限公司,臺中市北區大湖里湖北街101號2樓之1,16000000,1150817
4968,50840090,貝塔科技有限公司,臺中市南屯區公益路二段61號8樓之2,100000,1150803
4986,50859920,芳斯華國際實業股份有限公司,臺中市西屯區西平里烈美街146號4樓之3,7800000,1150821
5057,50921614,海鼎鱻品國際有限公司,臺中市潭子區家福里得才街75號1樓,1000000,1150831
5124,51014029,三和精機廠股份有限公司,臺中市太平區光華里長安東路80號,17000000,1150827
5126,51074905,三櫻企業股份有限公司,臺中市梧棲區草湳里經三路47號,444985000,1150813
5128,51139409,中新電氣工廠股份有限公司,臺中市東區振興里台中路141巷2號,48000000,1150820
5130,51312435,東光橡膠股份有限公司,臺中市南屯區建功路220號,28000000,1150806
5132,51326774,欣中天然氣股份有限公司,臺中市西屯區天水中街36號,1803073160,1150814
5134,51559801,星耀能源股份有限公司,臺中市大雅區民生路3段313巷45號1樓,6800000000,1150819
5138,51696404,華興化學原料有限公司,臺中市中區中山路50號,3000000,1150810
5139,51811609,彰化商業銀行股份有限公司,臺中市中區自由路2段38號,120601974090,1150824
5140,51816908,台中商業銀行股份有限公司,臺中市西區民權路87號,64250748580,1150825
5141,51817603,台中精機廠股份有限公司,臺中市南屯區精科中二路1號,2000000000,1150820
5142,51911136,興光熱處理廠股份有限公司,臺中市西屯區協和里工業區十四路3號,150600000,1150811
5143,51950860,豐村精密科技股份有限公司,臺中市西屯區林厝里福雅路677號1樓,72000000,1150827
5147,52210554,聯鎖企業股份有限公司,臺中市北屯區太順三街46號,41000000,1150811
5148,52212217,主新德科技股份有限公司,臺中市大雅區前村路162號1樓、2樓,233489400,1150812
5155,52242444,台灣自來水股份有限公司,臺中市北區樂英里14鄰雙十路2段2之1號,157500000000,1150813
5156,52248138,中源交通事業有限公司,臺中市神岡區社口里民權一街96巷20號2樓,12000000,1150820
5159,52264848,和大工業股份有限公司,臺中市大里區仁化路115號,2789595130,1150805
5160,52265987,尚立通運股份有限公司,臺中市北屯區崇德路二段128號5樓之5,10000000,1150813
5166,52308590,健民生技股份有限公司,臺中市西屯區臺灣大道二段742號1樓,1000000,1150817
5167,52315403,長青交通工業股份有限公司,臺中市南區樹義里大慶街一段259之7號,22735000,1150812
5170,52343549,華揚營造股份有限公司,臺中市西區公益路161號13樓之2,75000000,1150807
5172,52359014,聖岱實業股份有限公司,臺中市大里區仁美路62號,200000000,1150826
5174,52375605,美律實業股份有限公司,臺中市南屯區寶山里工業區二十三路22號,2486413140,1150820
5177,52388186,恆彰企業股份有限公司,臺中市太平區太平里永豐路337巷9號1樓,15000000,1150807
5178,52388284,慶亨企業股份有限公司,臺中市大里區東湖里北湖街86號,10000000,1150811
5187,52430522,汶松實業股份有限公司,臺中市南區工學路155巷9號,13300000,1150813
5188,52436949,香華企業股份有限公司,臺中市東區練武路18號之1,5000000,1150818
5197,52478089,強生營造股份有限公司,臺中市西區中山路465號1樓,60000000,1150804
5203,52485011,喬英有限公司,臺中市西區仁福街41號2樓,6000000,1150826
5212,52514579,昇鑫保力龍股份有限公司,臺中市太平區永平路二段223號,20000000,1150820
5221,52546734,憶昇實業有限公司,臺中市南屯區寶山里寶山里工業區二十二路9號,6000000,1150807
5230,52591955,華星樂器製造股份有限公司,臺中市北屯區軍功路二段545巷7號1樓,40000000,1150812
5236,52622107,晨勗營造股份有限公司,臺中市西屯區重慶路99號5樓之3,35000000,1150821
5253,52671057,天崗精機科技股份有限公司,臺中市大里區西湖里西湖路427號,226440000,1150825
5262,52713444,嘉格實業股份有限公司,臺中市北區建成里天祥街261號1樓,5000000,1150813
5267,52726308,向國實業股份有限公司,臺中市北屯區仁美里崇德九路502號1樓,50000000,1150820
5274,52788492,洪氏生化科技股份有限公司,臺中市南屯區工業區二十五路27號1樓,20000000,1150806
5282,52821020,逢甲實業有限公司,臺中市南屯區惠中里大正街50號1樓,27000000,1150826
5296,52884283,利鴻股份有限公司,臺中市南屯區文心路一段521號6樓之8,5000000,1150803
5301,52903090,喬福機械工業股份有限公司,臺中市神岡區北庄里中山路1056號,854736120,1150827
5305,52928819,薪昌五金有限公司,臺中市西屯區逢福里惠來路三段206之1巷37號2樓,5000000,1150818
5306,52928944,通勁有限公司,臺中市太平區大興三街76號1樓,10000000,1150811
5315,53004906,永信國際投資控股股份有限公司,臺中市大甲區中山路1段1191號,2664229830,1150821
5324,53035372,力洲工業股份有限公司,臺中市太平區中山路一段162巷30弄16號2樓,15000000,1150805
5328,53041867,安邦地產有限公司,臺中市北屯區新平里中清路二段719號1樓,2500000,1150826
5329,53042752,現敏貿易有限公司,臺中市豐原區大湳里圓環北路一段206巷20號,250000,1150819
5332,53044506,九鼎保全股份有限公司,臺中市西屯區市政北二路312號1-4樓,40000000,1150810
5334,53055019,緯斯特有限公司,臺中市神岡區社南里中山路667巷26弄16號,15000000,1150827
5336,53055833,新夥伴科技股份有限公司,臺中市西區忠明南路497號13樓,66000000,1150805
5338,53057425,瑋鎮企業股份有限公司,臺中市西屯區工業區七路2號2樓,56000000,1150824
5339,53058022,鑫宏泰實業有限公司,臺中市大肚區大明三街149巷10號1樓,1000000,1150825
5344,53063377,旭映廣告有限公司,臺中市太平區光華里長安路322巷3號1樓,6000000,1150831
5352,53077689,蓋亞汽車股份有限公司,臺中市烏日區高鐵一路299號7樓,895320370,1150826
5383,53119055,昱碩亞洲聯合股份有限公司,臺中市南屯區干城街181號,20000000,1150818
5391,53132515,健康家國際興業股份有限公司,臺中市南區復興路三段222號2樓之1,5000000,1150812
5400,53140959,臻泰投資股份有限公司,臺中市西區三民路一段149號12樓之2,9800000,1150813
5401,53143463,富鼎鑫實業有限公司,臺中市北屯區水景里東山路一段192之9號1樓,2000000,1150813
5406,53152032,達人資產管理有限公司,臺中市西屯區上安里上安路41號5樓,48000000,1150828
5412,53166113,閃耀事業股份有限公司,臺中市西區雙龍里英才路501號7樓,29000000,1150827
5413,53166958,上祥工業股份有限公司,臺中市烏日區東園里溪南路一段506巷418弄95號1樓,3875000,1150817
5423,53177478,昊佑企業有限公司,臺中市北屯區和平里軍福十一路268號2樓,6000000,1150803
5483,53276548,台灣網購客服有限公司,臺中市北屯區舊社里北屯路390號8樓之1,1050000,1150805
5485,53276619,泓垣霖科技有限公司,臺中市北屯區舊社里南興路899號,14000000,1150806
5492,53284667,鼎麗環保有限公司,臺中市南區樹義里福田三街113巷22弄5號,3500000,1150820
5496,53288988,漢鈞科技股份有限公司,臺中市西屯區福和里臺灣大道四段771號3樓,13000000,1150828
5498,53289375,建優股份有限公司,臺中市大里區大里里大里路473-11號1樓,12000000,1150807
5499,53293841,水源路加油站股份有限公司,臺中市豐原區南村里圓環東路850號,5000000,1150811
5502,53296592,承宥科技有限公司,臺中市大里區大里里大里路523號,250000,1150831
5503,53296925,誠鋒興業股份有限公司,臺中市豐原區三豐路二段380號,35000000,1150813
5568,53368011,承洋國際有限公司,臺中市南屯區惠中里大富街80號,3000000,1150805
5580,53383272,帥風貿易有限公司,臺中市北屯區和平里和祥路一段238號1樓,36000000,1150811
5589,53394279,晟鈦科技股份有限公司,臺中市南區樹德里樹德二巷20號1樓,30000000,1150821
5590,53397521,米得日新科技股份有限公司,臺中市沙鹿區中山路安利巷38號1樓,12500000,1150824
5628,53478158,垣郡有限公司,臺中市豐原區東湳里三豐路二段362號,2000000,1150803
5629,53481317,兩門融合有限公司,臺中市中區繼光里成功路128巷18號3樓之10,1000000,1150812
5631,53483949,立康工業股份有限公司,臺中市神岡區豐洲里豐工中路63號,3600000,1150825
5632,53486164,植萃美肌股份有限公司,臺中市西屯區臺灣大道四段925號15樓之2,11000000,1150827
5633,53489562,大美投資股份有限公司,臺中市西區臺灣大道二段501號19樓之2,3875602000,1150814
5637,53494241,廣勝汽車百貨有限公司,臺中市東區東英里東英路482號1樓,1100000,1150826
5640,53500911,豪峰科技股份有限公司,臺中市潭子區東寶里雅潭路二段105巷98號1樓,29875000,1150810
5641,53501550,品味建築股份有限公司,臺中市南屯區惠中里惠中路三段75號,201000000,1150820
5642,53502100,大研室內設計有限公司,臺中市北屯區仁和里崇德八路一段166號7樓之5,1000000,1150812
5643,53504206,游藝家股份有限公司,臺中市中區臺灣大道一段501號4樓之1,6000000,1150804
5645,53505704,御遠股份有限公司,臺中市潭子區甘蔗里勝利五街10號11樓,500000,1150824
5646,53507436,愛貝恩有限公司,臺中市南屯區文山里精科三路8號,25750000,1150821
5709,53600025,建樽恆固企業有限公司,臺中市西屯區福安七街11巷11號1樓,3000000,1150824
5713,53616032,彩新健康事業股份有限公司,臺中市西區五權路2之107號15樓,270000000,1150803
5717,53622386,晟騰投資有限公司,臺中市豐原區西湳里仁洲街91號1樓,23800000,1150828
5721,53625905,聚豐土地開發股份有限公司,臺中市西區忠誠里華美西街一段142號11樓之3,5000000,1150813
5727,53635045,金茂音響有限公司,臺中市霧峰區萬豐里中正路222號1樓,500000,1150817
5737,53647437,風閣娛樂事業有限公司,臺中市北屯區水景里景賢二路13號,1500000,1150824
5739,53659735,賽那美育樂開發股份有限公司,臺中市梧棲區中華路1段1098號,1687819900,1150803
5743,53668946,台中銀證券股份有限公司,臺中市中區民族路45號1、2樓,1947297020,1150810
5766,53704555,渠塘工程有限公司,臺中市南屯區大墩十四街194號2樓,10000000,1150828
5828,53785156,晶漾金飾有限公司,臺中市大里區大明里國光路二段710號地下一層,15000000,1150817
5833,53794319,亞茉婚禮企業有限公司,臺中市西區土庫里中美街49號,100000,1150814
5835,53795210,雋詠開發建設有限公司,臺中市霧峰區北柳里四德路253號1樓,24000000,1150811
5841,53806737,家信不動產經紀有限公司,臺中市南屯區永春東路291號1樓,500000,1150817
5845,53812956,三和昇有限公司,臺中市后里區復興街53號2樓,5000000,1150818
5846,53813759,全億有限公司,臺中市東區富仁里29鄰練武路125號3樓,5000000,1150820
5847,53815503,宏廈建設股份有限公司,臺中市西屯區福雅里24鄰福科路362巷88號,55000000,1150807
5848,53818945,愛達普生有限公司,臺中市東區東英里十甲東路768之3號2樓,11500000,1150811
5851,53826889,向隆投資股份有限公司,臺中市南屯區三厝里向上路二段330之6號1樓,6500000,1150828
5854,53831807,泓銓科技有限公司,臺中市南區福平里懷寧街185號1樓,1000000,1150811
5856,53835310,美家人力資源股份有限公司,臺中市東區三賢街166號1樓,153000000,1150818
5859,53837149,元采實業有限公司,臺中市西屯區何南里大聖街482號1樓,1000000,1150807
5868,53843064,原鄉極品有限公司,臺中市西區三民里大全街33巷14號1樓,2000000,1150820
5870,53848700,沛佳精密有限公司,臺中市豐原區北陽里南陽路國民新村14之3號1樓,4000000,1150827
5875,53854322,科霖通訊工程有限公司,臺中市大肚區大明二街116號1樓,2000000,1150826
5881,53861652,普薪堆高機有限公司,臺中市神岡區新庄里溪頭路262號1樓,5000000,1150811
5882,53862673,道地自然有限公司,臺中市南屯區龍富十八路161之1號1樓,10000000,1150818
5884,53866306,高島綠能有限公司,臺中市北區頂厝里崇德路一段631號19樓之3,10000000,1150817
5888,53874381,信昌建材股份有限公司,臺中市南屯區河南路四段456之21號7樓,60000000,1150827
5889,53874636,三川木箱有限公司,臺中市潭子區潭陽里潭子街一段31巷25號1樓,500000,1150827
5892,53876971,百醫醫材科技股份有限公司,臺中市西區英才路530號20樓之6,87828120,1150806
5904,53894318,恆懋開發國際股份有限公司,臺中市南屯區大業里公益路二段61號4樓之2,32050000,1150825
5949,53959867,興龍機電科技股份有限公司,臺中市西屯區重慶路120巷9號1樓,29500000,1150812
5954,53969056,韓氏企業有限公司,臺中市烏日區健行路300號1樓,500000,1150827
5955,53971074,兆迪聯智科技有限公司,臺中市南屯區黎明東街150號5樓,25000000,1150814
5957,53976937,黎明路加油站股份有限公司,臺中市南屯區楓樹里黎明路一段92號,5000000,1150814
5959,53979250,九逸建設股份有限公司,臺中市北屯區仁和里崇德路三段112號1樓,16000000,1150814
5960,53981684,春木有限公司,臺中市西區英才路510號底一層之2,100000,1150820
5962,53983796,吉裕國際有限公司,臺中市南屯區惠中里大富街80號,10000000,1150828
5963,53983938,大耀建設有限公司,臺中市大里區永隆路453巷59號1樓,30000000,1150826
5970,53992802,開懷小蔣有限公司,臺中市南屯區楓樹里楓樹西街147號1樓、2樓,50000,1150831
5971,53992818,大勝藥品有限公司,臺中市西屯區港尾里黎明路三段1206號,50500000,1150820
5978,54007677,仲營理貨有限公司,臺中市清水區八德路四段156號,3000000,1150827
5982,54008654,悅盛有限公司,臺中市烏日區興祥街191巷17號1樓,1000000,1150827
6038,54089683,立得精密工業有限公司,臺中市大雅區雅楓里民生路三段180巷12號4樓,10000000,1150814
6042,54099872,統創土地開發有限公司,臺中市北屯區水湳里崇德六路582號2樓,1000000,1150826
6043,54103593,廣宣建設開發有限公司,臺中市太平區長安五街5號1樓,37000000,1150813
6044,54104039,景弘投資股份有限公司,臺中市西區吉龍里五權西二街126號1樓,21500000,1150803
6046,54106986,晴天商業股份有限公司,臺中市北屯區旅順路二段237號2樓,20000000,1150828
6047,54110291,恆立特化有限公司,臺中市北區邱厝里梅川東路三段197之4號,5000000,1150807
6048,54110996,瓦當麥可活動整合股份有限公司,臺中市西屯區安林路97之5號,16685000,1150827
6051,54114064,鼎泰金投資股份有限公司,臺中市北屯區平安里文心路四段698號12樓之2,28140000,1150818
6052,54114584,緯立有限公司,臺中市北區光大里中清路一段100號13樓之1,10000000,1150810
6054,54118408,宏峻建設股份有限公司,臺中市西區民龍里模範街31巷13之2號1樓,6000000,1150819
6055,54119666,日太資產管理股份有限公司,臺中市南區城隍里忠孝路163號2樓,300000000,1150811
6058,54120919,寶瑪國際汽車有限公司,臺中市太平區新平路一段35巷82弄1號1樓,5000000,1150813
6060,54125864,銳鼎科技股份有限公司,臺中市大里區東湖里科技路166號9樓之1,30000000,1150817
6061,54129101,富邦智慧保全股份有限公司,臺中市北屯區北屯路360號19樓之2,40000000,1150805
6062,54129165,堅山堡建設股份有限公司,臺中市后里區墩北里甲后路一段813號1樓,2500000,1150811
6064,54131401,滙豐聚建設有限公司,臺中市豐原區田心路二段76號2樓,5000000,1150803
6070,54137088,捷丞科技有限公司,臺中市大里區東湖里科技路3號4樓之6,5000000,1150828
6071,54137664,瀚昇電子科技有限公司,臺中市東區富仁里自由二街91號2樓,3000000,1150814
6087,54166554,台灣三田物產股份有限公司,臺中市西屯區大鵬里文心路三段241號19樓之6,45000000,1150803
6117,54220207,和迅汽車租賃有限公司,臺中市南屯區黎明東街96號8樓,5000000,1150805
6120,54223041,兆品投資股份有限公司,臺中市西屯區潮洋里市政北二路236號19樓之6,1235625000,1150806
6122,54225337,富楙空壓機有限公司,臺中市神岡區豐洲里神洲路130巷3號1樓,7000000,1150824
6123,54225532,永盈事業股份有限公司,臺中市南屯區益豐路四段699號,10000000,1150814
6127,54227567,倗園興業股份有限公司,臺中市新社區永源里中和街一段143之1號,10000000,1150805
6128,54229039,兆皇投資股份有限公司,臺中市西屯區潮洋里市政北二路236號19樓之6,1643500000,1150806
6130,54233929,裕洋聯運股份有限公司,臺中市西區臺灣大道二段218號8樓之3,25000000,1150814
6132,54237946,大根光學工業股份有限公司,臺中市西屯區工業區十六路4號1樓,1330000000,1150827
6137,54245523,平林股份有限公司,臺中市烏日區九德里長春街379號,10000000,1150806
6147,54253656,特式有限公司,臺中市北屯區軍功里松竹路一段879號10樓之2,8000000,1150817
6151,54255654,鈞耀有限公司,臺中市大里區中興路2段65巷70號,1000000,1150810
6153,54257512,青鋒精密工業股份有限公司,臺中市西屯區臺灣大道四段16巷16號1樓,11000000,1150821
6154,54258218,中揚光電股份有限公司,臺中市南屯區寶山里工業區22路21號,1071160870,1150807
6157,54263991,翔銘吊車有限公司,臺中市霧峰區五福里中投東路二段430號2樓,1000000,1150805
6159,54267271,蜂巢生活餐飲股份有限公司,臺中市西屯區市政北二路282號29樓,160000000,1150828
6191,54307560,智生活科技股份有限公司,臺中市北區太原北路130號10樓之1,495000000,1150825
6257,54396129,香港商宏泰國際資源有限公司,臺中市西屯區青海路2段5號3樓之12,1800000,1150805
6273,54515146,抱朴文化股份有限公司,臺中市南屯區鎮平里黎明路一段585號1樓,6000000,1150805
6329,54581406,信志投資有限公司,臺中市梧棲區頂寮里20鄰港埠路二段433號,17000000,1150820
6330,54581757,彤美有限公司,臺中市南屯區寶山里寶山東一街6號1樓,5000000,1150803
6331,54582382,京久森有限公司,臺中市西區大忠里忠明南路270號7樓之1,2000000,1150813
6332,54585629,鼎鑫聯合科技有限公司,臺中市大里區新里里青松街121號,1000000,1150827
6333,54589081,新核數位有限公司,臺中市西區大忠里忠明南路270號6樓之2,1000000,1150811
6334,54589300,碧亞國際有限公司,臺中市北屯區民德里東山路二段157巷127號1樓,5000000,1150821
6335,54590051,珍好康生技股份有限公司,臺中市太平區豐年里大源二街47號1樓,10000000,1150810
6336,54595014,漫黎有限公司,臺中市龍井區東海里藝術街19巷7號1樓,7000000,1150812
6337,54595324,肯信國際人力仲介有限公司,臺中市北屯區崇德路三段672號2樓之6,5000000,1150813
6338,54595942,兆盈食品有限公司,臺中市大肚區王田里興和路121巷42號,2000000,1150810
6339,54596013,康玹生技有限公司,臺中市西屯區上石里青海路二段240之3號1樓,100000,1150810
6341,54597907,海森日用品有限公司,臺中市西屯區市政北二路282號9樓之5,5000000,1150811
6342,54599362,博宇創業投資有限公司,臺中市南屯區黎明里干城街145巷6弄15號2樓,5000000,1150811
6343,54600092,國泰生醫有限公司,臺中市西區五權西路一段257號11樓之3,1000000,1150828
6344,54605603,弘菖投資股份有限公司,臺中市大甲區義和一街39號1樓,62500000,1150824
6345,54605625,寶澤投資股份有限公司,臺中市大甲區義和一街41號1樓,62500000,1150821
6346,54605998,梧桐建設股份有限公司,臺中市北區淡溝里英才路366號,50000000,1150812
6347,54606027,準線智慧科技股份有限公司,臺中市烏日區三和里高鐵一路268號18樓之6,73142470,1150807
6348,54606286,樺媁有限公司,臺中市西區土庫里五權三街358號2樓之2,40000000,1150812
6349,54606413,日月軒國際有限公司,臺中市西屯區市政北二路479號1樓,6000000,1150828
6350,54606531,盛煜開發有限公司,臺中市西區民龍里臺灣大道二段218號8樓之2,38800000,1150820
6352,54607948,恩爾希有限公司,臺中市北屯區四平路290之2號1樓,100000,1150806
6461,54740919,丰丹嚴選本舖股份有限公司,臺中市西屯區大河里河南路二段27號1樓,14350000,1150826
6462,54741001,厚盛生技有限公司,臺中市北區進化北路238號4樓之6,1800000,1150831
6463,54741017,粧田香水有限公司,臺中市北區錦平里三民路三段133-3號1樓,1000000,1150819
6464,54746688,德泰鑫有限公司,臺中市北屯區民政里北坑巷42之11號1樓,150000,1150812
6465,54747005,睿泰工程顧問有限公司,臺中市南屯區五權西路二段131號6樓之2,30000000,1150817
6467,54747292,峻佑工程有限公司,臺中市梧棲區興國路60巷1號,300000,1150813
6468,54748264,萬群地產開發股份有限公司,臺中市南屯區永定里五權西路2段758號2樓,80000000,1150810
6469,54748503,鯨海餐飲事業有限公司,臺中市南屯區大墩南路468號1樓,2000000,1150807
6470,54749215,鉅鴻消防科技有限公司,臺中市梧棲區大庄里文昌路486巷2號1樓,10000000,1150806
6471,54751128,常謙開發有限公司,臺中市南屯區文心路一段218號16樓之1,500000,1150826
6472,54753414,大琳貿易有限公司,臺中市南屯區豐樂里文心南路296號4樓,1000000,1150824
6473,54754223,長桔股份有限公司,臺中市北屯區平昌里文心路四段936號3樓之2,1000000,1150806
6474,54754510,倆朵雲藝術空間有限公司,臺中市南屯區新生里永春路32之15號,500000,1150827
6475,54757299,木禾子整合行銷有限公司,臺中市北屯區安順一街7號1樓,1000000,1150820
6476,54761385,藍圖工程有限公司,臺中市大甲區新美里興安路55巷11號1樓,500000,1150807
6477,54761890,喜歡旅行社股份有限公司,臺中市西區忠誠里大隆路20號11樓之7,31500000,1150807
6478,54762841,相達材料股份有限公司,臺中市大雅區民生路三段313巷45號1樓,989160030,1150820
6479,54764572,超湛國際生技事業股份有限公司,臺中市西區英才路501號7樓,23000000,1150827
6480,54764685,群健投資股份有限公司,臺中市西屯區市政北二路282號16樓之6,21000000,1150814
6481,54765158,鼎璽興業股份有限公司,臺中市北區賴旺里北平路二段5號7樓之23,5000000,1150826
6482,54765299,金錡高新科技股份有限公司,臺中市南屯區大英西二街38號1樓,10000000,1150805
6483,54768198,永續事業股份有限公司,臺中市南屯區公益路二段783號,80000000,1150814
6488,54772215,喬煒興業有限公司,臺中市霧峰區五福里五福路483之8號,1000000,1150824
6525,54819669,綠果國際開發有限公司,臺中市南屯區大業里公益路二段61號4樓之2,6000000,1150804
6555,54855828,寶加利國際有限公司,臺中市南區文心南十路211號31樓之8,500000,1150807
6576,54882043,智海自動化有限公司,臺中市沙鹿區自強路820號1樓,6000000,1150817
6577,54882326,晴天見室內裝修有限公司,臺中市南屯區新生里龍富路三段553號2樓,14200000,1150813
6578,54882748,彩家科技有限公司,臺中市北區頂厝里崇德路一段631號16樓之1,4400000,1150804
6579,54883269,鼎創科材料股份有限公司,臺中市太平區園區一路17號,215246050,1150825
6580,54885098,佑宜曜企業有限公司,臺中市南區東興路一段115號1樓,2000000,1150827
6581,54890959,敦謙國際智能股份有限公司,臺中市西屯區臺灣大道二段689號7樓,350560562,1150807
6582,54894955,愷崴科技有限公司,臺中市西區後龍里民族路279號4樓,4500000,1150812
6583,54895666,金丞投資有限公司,臺中市西屯區市政路28號29樓之2,355943000,1150806
6584,54895954,宗瀚投資有限公司,臺中市西屯區工業區五路13號1樓,515810000,1150824
6585,54897572,祐承電機科技有限公司,臺中市大雅區員林里大林路140巷48之6號1樓,3000000,1150821
6586,54899305,金易成工業有限公司,臺中市大甲區西岐里順帆路41號1樓,12000000,1150824
6587,54899683,默谷室內裝修有限公司,臺中市南屯區大同里大墩七街92號8樓之2,500000,1150820
6588,54901490,松濤有限公司,臺中市豐原區翁子里豐勢路二段477巷6號,20000000,1150820
6589,54902060,福滿倉倉儲設備有限公司,臺中市南屯區永定里黎明路二段71巷19號6樓,2000000,1150810
6591,54904757,眾達智慧工廠股份有限公司,臺中市北區進化路422號1樓,10000000,1150825
6592,54905284,翔巽工程有限公司,臺中市清水區臨港路五段466號3樓,2000000,1150813
6622,54946927,萊廣股份有限公司,臺中市北區光大里中清路一段100號17樓之1,6000000,1150824
6644,54965711,中鵬能源科技股份有限公司,臺中市南屯區同心里南屯路二段290號8樓之7,1000000,1150803
6647,54967984,禾鼎營造有限公司,臺中市南屯區南屯里五權西路二段692巷6號6樓之4,3600000,1150812
6654,54977809,香港商萬寶至馬達脈沖貿易有限公司,臺中市西區自由路一段101號6樓之6,1200000,1150826
6676,55077609,東立通運股份有限公司,臺中市北屯區崇德路二段128號5樓之3,10000000,1150813
6677,55078001,永豐原木業股份有限公司,臺中市豐原區翁子里豐勢路一段480號,10000000,1150814
6678,55107189,亞亞群創股份有限公司,臺中市西屯區西屯路二段256巷6號17樓之2,72000000,1150812
6689,55625676,菱生精密工業股份有限公司,臺中市潭子區南二路5-1號,3801023440,1150828
6695,55646530,山榮木業股份有限公司,臺中市豐原區南村里豐東路471號,18000000,1150828
6698,55654741,日順機械廠有限公司,臺中市豐原區東湳里三豐路二段396巷33號,6000000,1150821
6702,55658296,文藻工業股份有限公司,臺中市神岡區北庄里中山路991號,12000000,1150820
6707,55664332,旭本國際精密機械股份有限公司,臺中市豐原區富陽路351號,57000000,1150807
6708,55670334,大甲鐵材股份有限公司,臺中市外埔區鐵山里長生路1016號,68000000,1150819
6710,55684978,威勝塑膠工業股份有限公司,臺中市大甲區水美街36號,29800000,1150811
6716,55697707,安鼎營造股份有限公司,臺中市西屯區協和里安和一街89號2樓,210000000,1150810
6719,55719759,龍駿機工股份有限公司,臺中市梧棲區草湳里港埠路一段505號,6000000,1150814
6725,55744568,聯強產業股份有限公司,臺中市太平區光興路597巷23號,48600000,1150813
6727,55748419,明興皮革股份有限公司,臺中市大肚區沙田路二段403號,26000000,1150824
6745,55802264,溢泰廚品業股份有限公司,臺中市豐原區翁社里豐年路125巷70號,25933000,1150828
6747,55820164,聯東木業股份有限公司,臺中市后里區舊圳路3之5號1樓,15000000,1150821
6751,55832561,怡晉實業股份有限公司,臺中市西屯區何成里大墩十九街186號5樓之1,19000000,1150807
6754,55838621,國益鐵工廠股份有限公司,臺中市潭子區中山路三段305巷50弄5號,50000000,1150818
6755,55843589,京昌園餐飲股份有限公司,臺中市西屯區何南里大墩二十街118號5樓之1,9996000,1150819
6772,55891054,欣台銘版工業股份有限公司,臺中市大里區瑞城里中興路一段2巷81弄49號,56000000,1150805
6775,55892618,至陽塑膠工業股份有限公司,臺中市南屯區精科一路6號,180000000,1150828
6776,55896776,捷安營造股份有限公司,臺中市烏日區三和里環河路四段160號1樓,29760000,1150810
6790,55932463,高明精機工業股份有限公司,臺中市豐原區三豐路二段209巷67號,161000000,1150817
6798,55957246,主原木業股份有限公司,臺中市北屯區舊社里北屯路469之7號1樓,20000000,1150826
6799,55971514,日堡全球精密科技股份有限公司,臺中市神岡區北庄里中山路1010巷1之3號,62551820,1150826
6800,55971937,有迪工業有限公司,臺中市潭子區大豐里大豐東三街96號,5000000,1150819
6803,55975440,東協鑄造工業股份有限公司,臺中市潭子區大富里潭富路二段81巷9弄3號,15000000,1150820
6806,55981317,岳龍工業股份有限公司,臺中市神岡區社南里中山路829號,28000000,1150820
6809,56008503,大甲汽車貨運股份有限公司,臺中市大甲區江南里經國路1689巷3號,20000000,1150818
6812,56121907,味丹企業股份有限公司,臺中市沙鹿區興安路65號,3751000000,1150819
6826,56616372,雪花紙業股份有限公司,臺中市清水區清水里光明路15號,10000000,1150807
6828,56623774,冠威有限公司,臺中市北屯區環太東路463號2樓之7,1200000,1150825
6829,56625409,總興貿易有限公司,臺中市豐原區中山里復興路42號,25000000,1150817
6834,56636953,豐田綠能科技有限公司,臺中市西屯區西平里逢甲路75巷40號1樓,3300000,1150828
6836,56642619,成勁電力股份有限公司,臺中市大雅區民生路三段313巷45號1樓,542500000,1150821
6837,56649009,欣易企業股份有限公司,臺中市南區長榮里公理街92之1號,6000000,1150826
6838,56651877,鐶琪塑膠股份有限公司,臺中市梧棲區自立路356號,205000000,1150814
6842,56671000,全隆水電工程有限公司,臺中市沙鹿區竹林里福田北街2號,2000000,1150818
6846,56684981,晟谷科技企業有限公司,臺中市南區和平里復興路二段71巷77弄66號12樓,2000000,1150817
6848,56697326,吉拓實業股份有限公司,臺中市龍井區忠和里台西南路207號,6000000,1150807
6874,58605013,大全科技有限公司,臺中市北屯區舊社里敦富十二街111號1樓,2100000,1150805
6877,58718327,禾碩農業生技股份有限公司,臺中市大雅區民生路三段313巷45號1樓,206000000,1150828
6887,59063487,豪山國際股份有限公司,臺中市潭子區栗林里豐栗路100巷88弄1號,250000000,1150825
6893,59114697,拓洋營造股份有限公司,臺中市西屯區協和里安和一街89號2樓,210000000,1150811
6932,59277729,相伯實業股份有限公司,臺中市南屯區文心南路227號4樓之17,12000000,1150825
6964,59732608,三才和不動產開發有限公司,臺中市南區長榮里學府路100號,500000,1150803
6965,59741402,元盛建設股份有限公司,臺中市西屯區福安里西屯路三段95之2號,50000000,1150813
6966,59771313,宇錱科技有限公司,臺中市豐原區豐西里瑞安街179巷65號1樓,8100000,1150813
6974,60211649,寶櫻有限公司,臺中市北屯區新平里經貿三路二段100號4樓,10000000,1150813
6975,60222316,廣鑫甲業股份有限公司,臺中市大甲區義和里中山路一段340號1樓,12000000,1150820
6976,60223440,國創開發建設有限公司,臺中市大雅區六寶里清陽一路39巷16號2樓,1000000,1150820
6977,60224911,巧筑室內裝修設計有限公司,臺中市西區吉龍里南屯路一段142號9樓之1,500000,1150820
6979,60229275,茂沅鞋材有限公司,臺中市南區福興里五權南路167號地下一樓之6,5000000,1150810
6984,60247724,顏選有限公司,臺中市沙鹿區晉江里晉文路148號1樓,8000000,1150817
6986,60254203,宥銘精密工業有限公司,臺中市大里區西湖里草堤路101巷27號1樓,8000000,1150813
6987,60255168,祥瑞冷凍設備有限公司,臺中市潭子區頭家東里大成街61號1樓,5000000,1150805
6989,60257335,上義貿易股份有限公司,臺中市西區土庫里華美街37號7樓之4,4300000,1150811
6990,60261458,曜石瓚投資有限公司,臺中市西屯區大有五街27號6樓之1,2000000,1150807
6991,60263717,堂庭檢驗科技股份有限公司,臺中市南區復興路一段270號14樓,50000000,1150828
6992,60271097,銳鏵科技有限公司,臺中市太平區育仁路156號1樓,2000000,1150828
6993,60274073,亞倫國際開發有限公司,臺中市西區忠義街38巷3弄12號1樓,5000000,1150818
6994,60274720,長聖國際生技股份有限公司,臺中市大雅區科雅路30號4樓,1004888610,1150820
6995,60275045,立承生活有限公司,臺中市南區樹德里大慶街二段12之6號1樓,1000000,1150810
6996,60279555,天思數位科技股份有限公司,臺中市烏日區三和里高鐵一路268號18樓之1,62490090,1150810
6997,60283538,日船投資有限公司,臺中市西屯區協和里工業區五路6之1號2樓,10000000,1150826
6998,60294850,詠淐工程有限公司,臺中市北屯區后庄里后庄路187巷20號1樓,2000000,1150810
6999,60295529,米開朗家具有限公司,臺中市南屯區河南路四段431號和433號,10000000,1150813
7000,60296230,王子鳳凰股份有限公司,臺中市東勢區新盛里東關路六段965號1樓之5二樓,500000,1150819
7031,60309127,語箖車業股份有限公司,臺中市西屯區潮洋里臺灣大道三段789號15樓之2,5000000,1150820
7032,60309415,萬亞國際股份有限公司,臺中市梧棲區梧棲路174號,810000,1150828
7033,60310399,糖牛餐飲有限公司,臺中市南屯區南屯路二段99號,1200000,1150825
7047,60320426,奧芃股份有限公司,臺中市西屯區福科路377巷8號5樓之5,600000,1150814
7059,60324377,合作混凝土股份有限公司,臺中市神岡區社口街499巷22號1樓,36290000,1150806
7064,60327894,恒強鋼鐵股份有限公司,臺中市龍井區忠和里中央路三段77巷23號2樓,75000000,1150810
7069,60329290,臥野品味股份有限公司,臺中市北屯區廍子里太順二街168號1樓,1000000,1150804
7070,60329664,達利比機電有限公司,臺中市南區福順里忠明南路787號20樓之1,5000,1150827
7071,60329756,橙欣國際有限公司,臺中市大里區永隆里爽文路768號4樓,1000000,1150814
7072,60329783,樂蔻健康行銷顧問股份有限公司,臺中市南屯區大業路375號4樓,6000000,1150804
7086,60337257,鵬晟萬里有限公司,臺中市西區民龍里臺灣大道二段181號7樓之1,10000000,1150828
7087,60337600,舒活光彩國際股份有限公司,臺中市南區福順里忠明南路787號20樓之1,100000,1150825
7088,60338235,峰承企業有限公司,臺中市南屯區豐樂里文心南路227號4樓之3,500000,1150812
7089,60338299,健心建德有限公司,臺中市北屯區平心里文心路四段633號地下1層之1、地下1層之2,3000000,1150806
7090,60338333,嘉業生技股份有限公司,臺中市西屯區惠來里市政北七路168號18樓之3,29000000,1150820
7091,60338495,金億川有限公司,臺中市西屯區市政北二路282號21樓之9,540000,1150818
7097,60342630,敏雯有限公司,臺中市西屯區西屯路三段153之5號3樓之3,200000,1150818
7098,60342961,永旭隆有限公司,臺中市南區永和街125巷9號2樓,500000,1150805
7099,60343069,益笙科技有限公司,臺中市北區賴村里中清路一段372號4樓,580000,1150831
7100,60343130,曜石資訊有限公司,臺中市北屯區進化北路63號4樓之1,1000000,1150812
7107,60345622,旭恩動物營養有限公司,臺中市北屯區平田里文心路四段955號11樓之2,500000,1150806
7108,60345756,永春開發有限公司,臺中市南屯區五權西路二段460號1樓,5000000,1150813
7112,60349330,川湧行銷有限公司,臺中市霧峰區北豐路202巷40號,500000,1150803
7114,60349681,雪球智富鑫富股份有限公司,臺中市西屯區惠來里市政北七路186號12樓之8,238300000,1150825
7133,60355820,台灣惠普綠能股份有限公司,臺中市西區忠誠里華美西街一段39號3樓,5000000,1150814
7136,60357020,富嘉登有限公司,臺中市西區自由路一段101號8樓之2,600000,1150805
7137,60357696,裕相國際有限公司,臺中市南屯區惠德街62號1樓,500000,1150814
7138,60358323,指標零售股份有限公司,臺中市西區臺灣大道二段573號5樓,5100000,1150814
7139,60358479,敦良文教事業有限公司,臺中市北區淡溝里民權路417號9樓之1,500000,1150803
7140,60358506,新盛金屬興業有限公司,臺中市大里區仁德里仁化路553號2樓,3000000,1150804
7156,60363347,啓閎工程有限公司,臺中市清水區槺榔里鰲峰路560號1樓,2000000,1150821
7157,60363424,翊昌科技股份有限公司,臺中市西屯區協和里工業區41路10號,20000000,1150810
7158,60363677,潤則有限公司,臺中市南屯區五權西路二段8號10樓之10,2000000,1150805
7159,60363867,瑞岳車業有限公司,臺中市大甲區長安路36之1號,5000000,1150805
7172,60368899,展憲科技有限公司,臺中市西屯區何南里臺灣大道二段745號1樓,1500000,1150818
7173,60369243,永得正事業有限公司,臺中市北屯區后庄里松竹路三段728號,10000000,1150807
7174,60369481,永得正昱衡有限公司,臺中市北屯區后庄里松竹路三段728號,10000000,1150807
7204,60378400,貫閎科技股份有限公司,臺中市西屯區市政路500號3樓之1,9412000,1150804
7211,60379843,荒川硯雨股份有限公司,臺中市西區土庫里華美街39號1樓,1428550,1150814
7253,60391694,品盟科技有限公司,臺中市西區東昇里朝陽街63之1號4樓,1000000,1150814
7254,60391809,鼎鑫車業有限公司,臺中市東區東信里振興路437巷80弄13號1樓,300000,1150812
7255,60392119,拉格音樂有限公司,臺中市北區光大里英士路28號3樓之17,200000,1150825
7256,60393187,宇盈工程有限公司,臺中市北屯區平福里崇德路二段250號11樓,1018000,1150804
7257,60393617,安晨數位有限公司,臺中市西區臺灣大道二段2號18樓之1,1000000,1150810
7289,60408554,拉德菈國際股份有限公司,臺中市西區臺灣大道二段573號5樓,14661720,1150811
7290,60408689,丼閦股份有限公司,臺中市南屯區新生里龍德路一段152號1樓、153號1樓,12600000,1150806
7305,60413732,豐康智安股份有限公司,臺中市北區立人里華美街二段262號7樓之3,5000000,1150818
7306,60414129,艾那海國際有限公司,臺中市西區民龍里臺灣大道二段181號地下一層,100000,1150812
7307,60414303,宣挺有限公司,臺中市大里區金城里鳳城街62號1樓,500000,1150805
7327,60419095,永鈞投資股份有限公司,臺中市大雅區雅楓里民生路三段180巷14號2樓,2152200,1150819
7328,60419264,耘祥投資有限公司,臺中市西屯區臺灣大道三段556巷1弄24號,1000000,1150803
7329,60419686,築智科技股份有限公司,臺中市東區富仁里自由二街91號2樓,12200000,1150810
7330,60420121,佑圖國際有限公司,臺中市南屯區大業里大進街490號10樓之3,1000000,1150810
7332,60420797,銓欣工程有限公司,臺中市大雅區六寶里中清路五段97巷6弄27號1樓,200000,1150817
7333,60421064,粲紘有限公司,臺中市神岡區神岡里神清路56之16號1樓,500000,1150821
7336,60422583,山日子有限公司,臺中市西屯區文心路三段76號2樓,2000000,1150826
7341,60423921,前鴻有限公司,臺中市大里區樹王里中投西路三段1271號1樓,300000,1150825
7345,60429137,欣佶有限公司,臺中市烏日區烏日里大同路66號,1000000,1150813
7363,60438023,輝廣科技有限公司,臺中市沙鹿區鹿寮里福德路66號1樓,20000000,1150811
7364,60438065,星嶼控股股份有限公司,臺中市西屯區上明三街15號2樓之2,10200000,1150807
7365,60438353,大岠國際通運股份有限公司,臺中市梧棲區頂寮里四維中路331號12樓之5,200000,1150818
7366,60438993,永長承投資股份有限公司,臺中市豐原區中山里博愛街60巷16號1樓,60600000,1150810
7367,60440729,易展貿易有限公司,臺中市西區民龍里英才路530號18樓之3,8000000,1150825
7381,60456003,優和建設有限公司,臺中市西屯區潮洋里市政北二路236號21樓之1,5000000,1150811
7391,60461516,莎特法科技股份有限公司,臺中市西屯區惠來里惠來路三段126號1樓,1000000,1150805
7392,60461620,弘翊工程設計室內裝修有限公司,臺中市太平區中山路四段162之1號2樓,500000,1150806
7398,60465359,馥笛實業有限公司,臺中市北區五常里五常街27號1樓,3000000,1150805
7399,60465560,佑宬事業有限公司,臺中市西屯區逢甲巷30弄7號1樓,500000,1150828
7400,60465647,邦妮的秘密衣櫃有限公司,臺中市太平區環中東路三段513號,100000,1150807
7401,60465941,翰隆投資股份有限公司,臺中市南區樹義五街75號3樓,1000000,1150804
7402,60466028,忠平國際股份有限公司,臺中市梧棲區頂寮里四維中路331號12樓之5,202000,1150817
7403,60466364,胖胖樹林業股份有限公司,臺中市西區綠川西街5之2號7樓,1000000,1150806
7455,60493812,華人商務貿易有限公司,臺中市西區民龍里臺灣大道二段309號4樓之2,1000000,1150821
7456,60494973,晟家國際傳媒有限公司,臺中市西區民龍里臺灣大道二段300號7樓之5,500000,1150818
7465,60497774,約勒營造有限公司,臺中市北屯區新平里經貿一路108巷247號1樓,5000000,1150806
7466,60497802,利璟生技股份有限公司,臺中市西屯區何安里重慶路99號3樓之3,4300000,1150811
7467,60498062,狗狗卡數位科技有限公司,臺中市南區福順里忠明南路787號20樓之1,100000,1150814
7494,60508414,萬達麗地產股份有限公司,臺中市西區大隆路20號6樓之9,500000,1150812
7495,60508478,合勢股份有限公司,臺中市北屯區松竹路二段164之7號,32600000,1150812
7496,60509461,尚豪投資股份有限公司,臺中市南屯區溫泉路99之18號2樓,40000000,1150828
7497,60509526,永震有限公司,臺中市潭子區雅豐街237號1樓,500000,1150819
7498,60509618,築巢管家資產管理有限公司,臺中市大里區新仁路一段91巷7號,200000,1150819
7499,60509639,元寶開發股份有限公司,臺中市霧峰區峰谷路668號,124200000,1150803
7523,60519909,築潮建設有限公司,臺中市清水區槺榔里臨港路五段96巷85弄35號1樓,8000000,1150828
7556,60531914,德欣實業股份有限公司,臺中市西區英才路530號23樓之6,13600000,1150831
7557,60532483,正澄功國際有限公司,臺中市中區柳川里公園路77號8樓之1,500000,1150827
7577,60539731,勝輝金屬工業有限公司,臺中市神岡區豐洲里神洲路315號,1000000,1150820
7578,60539768,傑西投資股份有限公司,臺中市北區賴興里文昌東二街68號1樓,5000000,1150824
7579,60541119,烈亞國際有限公司,臺中市南屯區文心路一段186號20樓,100000,1150805
7599,60550643,妍沐美國際股份有限公司,臺中市南屯區文心路一段378號7樓之10,500000,1150803
7612,60554704,建泉國際有限公司,臺中市中區平等街48號8樓之2,200000,1150814
7667,60574379,艾嘉智能行銷科技有限公司,臺中市北屯區舊社里敦富二街36號5樓之22,1000000,1150824
7668,60574618,涵娜國際有限公司,臺中市北區頂厝里進化北路238號8樓之1,100000,1150818
7669,60574645,淨嶼心投資有限公司,臺中市北屯區崇德路二段416號9樓之1,7465000,1150820
7670,60574758,海翊能源股份有限公司,臺中市西屯區潮洋里朝富路213號18樓之10,5000000,1150812
7671,60574976,得邑水電材料股份有限公司,臺中市南屯區鎮平里龍富路三段79號,20000000,1150827
7672,60575074,豪享饌食藝有限公司,臺中市梧棲區文化路二段248號,1000000,1150817
7673,60575258,緯大智控科技有限公司,臺中市北屯區平安里文心路四段750號地下室之1與752號地下室,1000000,1150818
7674,60575399,大貴工程股份有限公司,臺中市北區中清路一段89號8樓之6至8樓之8,22500000,1150806
7675,60575401,聖大營造股份有限公司,臺中市西屯區何源里合江街50號7樓之8,256000000,1150820
7676,60576051,真心實業股份有限公司,臺中市北屯區仁和里敦仁街123號2樓,3000000,1150811
7690,60580463,樂回國際股份有限公司,臺中市南區忠明南路787號20樓之1,300000,1150817
7700,60584101,恩里克國際有限公司,臺中市南區和平里忠明南路758號11樓,1000000,1150811
7714,60589990,嶼曜開發顧問有限公司,臺中市南屯區同心里文心路一段218號16樓之1,20000,1150814
7717,60591362,啓騰國際汽車有限公司,臺中市霧峰區坑口里中正路557巷31號2樓,1000000,1150824
7718,60591877,揚昇水電工程有限公司,臺中市外埔區三崁里三崁路8之2號1樓,1000000,1150818
7719,60592257,承滙投資股份有限公司,臺中市北區健行里忠明路200號4樓之3,17500000,1150814
7720,60592313,咖昕科技有限公司,臺中市北區淡溝里館前路19號7樓之1,500000,1150818
7721,60592828,原建筑設計整合有限公司,臺中市西區向上路一段79巷64號2樓,1000000,1150805
7736,60598718,盈聚有限公司,臺中市大里區仁化里中興路一段422號2樓,100000,1150813
7737,60598920,景禾營造股份有限公司,臺中市西區公正里大墩十街102號,40000000,1150814
7748,60603971,大東國際股份有限公司,臺中市外埔區甲后路三段627巷48號,1000000,1150813
7765,60609594,勁賀科技股份有限公司,臺中市北區文莊里中清路一段89號8樓之6至8樓之8,1000000,1150803
7766,60609665,奧探遊戲科技有限公司,臺中市西屯區惠來里市政路386號22樓之1,10000000,1150824
7767,60610142,乘星國際有限公司,臺中市西區臺灣大道二段186號14樓之1,1000000,1150803
7768,60610157,川岳土木包工業有限公司,臺中市南屯區惠中里文心路一段378號7樓之10,1000000,1150803
7769,60610190,尖端恆悅生醫股份有限公司,臺中市西屯區市政北一路77號8樓之16,60000000,1150817
7770,60610282,昶旭投資股份有限公司,臺中市西屯區市政北七路186號3樓之3,25000000,1150811
7771,60610467,雷爾法有限公司,臺中市大里區東昇里益民路一段69號1樓,3500000,1150813
7773,60611212,金弘暐營建股份有限公司,臺中市烏日區高鐵一路268號17樓之2,7000000,1150817
7774,60611233,帥很多有限公司,臺中市西屯區西平里西安街130巷30號1樓,1010000,1150807
7775,60611254,仁楷事業有限公司,臺中市大里區國光里永興路79號1樓,600000,1150804
7776,60611439,大吉厚有限公司,臺中市西區中美街393巷2號,3500000,1150812
7779,60612367,宙曜科技股份有限公司,臺中市西區臺灣大道二段2號14樓之7,5562500,1150806
7784,60614983,立穩投資股份有限公司,臺中市烏日區高鐵五路156號11樓,83680000,1150814
7785,60615097,國豪開發有限公司,臺中市中區光復路151號9樓之6,1000000,1150821
7797,60620633,鉅宇股份有限公司,臺中市大肚區大東里仁德路66東一巷8弄30號,2000000,1150804
7798,60621372,珈樂福有限公司,臺中市西屯區何厝里何厝街6巷2之1號地下層,100000,1150819
7799,60621507,德川資產管理有限公司,臺中市南屯區大業里大墩十一街156號7樓,1000000,1150803
7800,60621788,永得正實業有限公司,臺中市北屯區后庄里松竹路三段728號,10000000,1150817
7801,60622148,富野科技有限公司,臺中市南屯區豐樂里文心南路296號4樓,100000,1150810
7813,60628852,沁嵐女神鑽石有限公司,臺中市烏日區榮泉里環河路五段112號18樓之3,1000000,1150806
7814,60629775,曜維控股股份有限公司,臺中市西屯區臺灣大道四段925號19樓之2,1000000,1150828
7815,60629938,鉅亮實業有限公司,臺中市西屯區西平里華夏巷西4弄17號,650000,1150814
7816,60630007,享樂榕健康事業有限公司,臺中市西屯區河南路二段262號13樓之9,243825,1150811
7824,60634398,拾煎有限公司,臺中市西區精明二街55號,300000,1150818
7825,60634735,金銀彤有限公司,臺中市北屯區軍福七路180號,300000,1150814
7843,60642778,全好室有限公司,臺中市南屯區鎮平里龍鎮二街325號,2000000,1150825
7855,60647470,拾光污有限公司,臺中市西屯區惠來里市政北七路186號3樓之3,500000,1150811
7857,60647886,阿助水電有限公司,臺中市西屯區惠來里市政北七路186號3樓之3,1000000,1150803
7866,60653465,駿灃貿易有限公司,臺中市西屯區惠來里市政北七路186號20樓之9,1000000,1150827
7867,60653514,初嶼新象有限公司,臺中市南屯區新生里龍富路四段222號6樓之1,3000000,1150804
7869,60654773,薩摩亞商艾康有限公司,臺中市北屯區平昌里文心路4段936號3樓之2,0,1150810
7894,60664189,澐鏵酒業股份有限公司,臺中市西屯區協和里工業區四十二路33號,4760000,1150813
7895,60664322,映川新媒體有限公司,臺中市北屯區文心路四段955號11樓之2,100000,1150814
7896,60664630,望嘉企業有限公司,臺中市南區永興里工學二街95號1樓,6400000,1150831
7897,60664646,沄鼎整合行銷事業有限公司,臺中市西屯區逢甲里西屯路二段278號,1000000,1150818
7898,60664998,昕峰投資有限公司,臺中市西屯區河南路二段351巷6號1樓,7194000,1150828
7909,60670788,宇錤國際酒業有限公司,臺中市西屯區潮洋里朝富路272之1號1樓,880000,1150806
7910,60671013,永鑫開發工程有限公司,臺中市北區文莊里中清路一段89號8樓之6至8樓之8,1000000,1150806
7911,60671219,詰謹室內裝修有限公司,臺中市西屯區協和里協和北巷10之3號3樓,1000000,1150827
7912,60671246,阿茲台克國際有限公司,臺中市北屯區廍子里太順路53號,1000000,1150807
7924,60678141,玖泰事業有限公司,臺中市南屯區惠中里文心路一段378號7樓之10,500000,1150805
7927,60678424,德芙國際汽車有限公司,臺中市北屯區后庄里中清路二段970號,3000000,1150825
7928,60679471,明星智能股份有限公司,臺中市北區立人里華美街二段262號7樓之1,10000000,1150805
7929,60679839,惠品塑膠有限公司,臺中市北屯區軍功里軍功路二段427巷37號,200000,1150828
7957,60690068,捷盛整合有限公司,臺中市大里區東興里東明路371號,5000000,1150814
7959,60694753,恆通國際開發有限公司,臺中市西屯區市政北二路236號10樓之6,5000000,1150811
7960,60694986,昌海食品有限公司,臺中市南屯區大進街311號地下1樓,5000000,1150827
7961,60695697,裕恩工程有限公司,臺中市大里區瑞城里向學一路90巷38號1樓,2000000,1150820
7962,60695747,上好覓製菓股份有限公司,臺中市潭子區潭陽里潭興路二段36巷83號2樓,6100000,1150811
7985,60709427,創富不動產經紀有限公司,臺中市西屯區中清路二段1260號,800000,1150803
7986,60709691,彼恩室內裝修有限公司,臺中市西屯區惠來里市政北七路186號5樓之2,500000,1150820
7987,60710016,優品搬家貨運有限公司,臺中市大里區文芳街87號,10000000,1150819
7988,60710347,匯鑫有限公司,臺中市北屯區廍子里軍福七路180號,2000000,1150827
7989,60710613,候鳥企業有限公司,臺中市南屯區同心里文心路一段218號16樓之1,6000000,1150810
7990,60710682,大立昌材料有限公司,臺中市烏日區湖日里新興路672號1樓,2010000,1150827
7992,60710901,凱暄有限公司,臺中市東區東英里旱溪街502號1樓,1000000,1150806
8003,60718925,夕笁室內裝修有限公司,臺中市北屯區平田里文心路四段875號4樓,300000,1150812
8004,60719115,酷友科技有限公司,臺中市北屯區平安里文心路四段698號15樓之1,5000000,1150806
8008,60722603,白大國際有限公司,臺中市東區東信里樂業路480號,2100000,1150818
8009,60722701,豐樂餐飲股份有限公司,臺中市南屯區溝墘里大業路398號1樓,20000000,1150810
8010,60722857,幸運起點股份有限公司,臺中市西區土庫里五權西路一段237號11樓之3,5000000,1150825
8012,60723286,小姐姐生技貿易有限公司,臺中市北區進化北路238號8樓之1,1000000,1150827
8035,60732601,元璽展業股份有限公司,臺中市西屯區潮洋里市政北二路238號15樓之2,1000000,1150827
8036,60732882,春雨芽有限公司,臺中市南區復興路三段317號,300000,1150817
8037,60733209,天崎有限公司,臺中市西區民龍里臺灣大道二段285號4樓之2,2000000,1150818
8038,60733361,四季優樂管理顧問有限公司,臺中市北區中清路一段370號6樓,5500000,1150827
8045,60737102,盈溢有限公司,臺中市西屯區何仁里櫻花路30號5樓之29,600000,1150818
8065,60742360,紘諭有限公司,臺中市北屯區松竹路一段5之1號,500000,1150828
8066,60743136,京蕎電子股份有限公司,臺中市西屯區潮洋里市政北二路236號20樓之1,5000000,1150810
8078,60753817,福樂小客車租賃有限公司,臺中市梧棲區福德里博愛路108號1樓,5000000,1150817
8079,60754463,沃諾控股有限公司,臺中市西屯區逢甲路301巷22弄24號1樓,3015000,1150826
8104,60765383,鼎歐巴創意股份有限公司,臺中市烏日區三和里高鐵路二段138號5樓之9,1000000,1150825
8105,60765911,崇越國際投資有限公司,臺中市南屯區向心里文心南路75號9樓之5,22120000,1150813
8108,60769058,鼎域控股股份有限公司,臺中市西區忠誠里臺灣大道二段573號5樓,220189320,1150803
8109,60769521,天磐營造股份有限公司,臺中市中區大墩里三民路三段13號,10000000,1150818
8110,60769938,圓夢創意科技有限公司,臺中市神岡區大明路28巷101號,1700000,1150804
8177,60797076,詠達室內裝修設計工程有限公司,臺中市中區繼光街55之1號,1000000,1150813
8179,60797293,御雲品室內裝修有限公司,臺中市豐原區永康路319號1樓,50000,1150813
8180,60797322,喜樂秀有限公司,臺中市南屯區大業里大墩十四街188號7樓,550000,1150821
8181,60797630,豊順營造股份有限公司,臺中市西屯區惠來里市政北七路186號13樓之3,4000000,1150826
8182,60797694,禹勝工程有限公司,臺中市豐原區大湳里源豐路243巷8號2樓,1000000,1150826
8187,61150108,勝祐科技股份有限公司,臺中市烏日區北里里太明路6之3號,9000000,1150817
8188,61165904,庚原工業有限公司,臺中市沙鹿區鹿寮里福人街65號1樓,2000000,1150819
8189,61239259,智聖實業有限公司,臺中市大里區東湖里中湖路25號2樓,85000000,1150814
8190,61439643,水迷兒國際有限公司,臺中市西屯區朝富路213號20樓之5,10000000,1150818
8191,61446601,真誠食管理顧問股份有限公司,臺中市沙鹿區向上路七段28號,38000000,1150810
8194,61758012,厲勝國際股份有限公司,臺中市西區臺灣大道二段573號5樓,90100000,1150818
8195,61760988,野好股份有限公司,臺中市烏日區高鐵東路651號,347100000,1150821
8196,61763211,伊利加股份有限公司,臺中市西屯區惠來里市政北七路186號22樓之2,10000000,1150821
8197,61789107,台灣旭日照明有限公司,臺中市北區東成三街352號,5000000,1150804
8199,61803585,寶沅有限公司,臺中市北屯區松安里柳陽西街124號1樓,1680000,1150804
8200,61806751,功鵬投資有限公司,臺中市南屯區公益路二段185號3樓之2,101880000,1150821
8201,61807415,宇安成有限公司,臺中市梧棲區四維東路155號9樓之3,3000000,1150807
8202,61811446,歐德洋行有限公司,臺中市大雅區西寶里西村路15之2號1樓,8500000,1150814
8203,61815386,北辰美學股份有限公司,臺中市南區公理街72之2號3樓,3000000,1150807
8204,61817413,運滕興業有限公司,臺中市沙鹿區三鹿里自立路198巷60號1樓,1000000,1150813
8205,61818861,世泰實業有限公司,臺中市南區和平里南平路35之17號1樓,9000000,1150818
8206,61823323,豐餘水產有限公司,臺中市北屯區中平路416號1樓,12000000,1150807
8207,61825770,奧古斯托國際有限公司,臺中市西屯區大容東街90號7樓之1,1000000,1150821
8208,61834187,提多開發股份有限公司,臺中市西區公正里公益路367號13樓之2,12000000,1150828
8209,61837234,齊心行農產股份有限公司,臺中市潭子區福仁里大新路79巷102之5號,3000000,1150810
8211,61849153,乳酪職人股份有限公司,臺中市西區五權西二街92號,3000000,1150826
8213,61856323,翔儷國際貿易有限公司,臺中市太平區福隆里光興路2140巷260弄9號1樓,4360000,1150807
8214,61871083,永旭森有限公司,臺中市南區福興里永和街125巷20號1樓,500000,1150818
8215,61872800,寶可達股份有限公司,臺中市北區崇德路一段479號、崇德路一段479號二樓、北興街203號,5000000,1150824
8216,61874309,存量能源股份有限公司,臺中市西屯區潮洋里朝富路213號24樓之7,30000000,1150814
8217,61882645,億百喜喜企業有限公司,臺中市龍井區龍泉里沙田路五段龍目井巷76號1樓,10000000,1150814
8218,61882785,奧鵬國際行銷股份有限公司,臺中市南屯區文山里保安五街66號七樓之3,750000,1150818
8219,61901333,振峰益業有限公司,臺中市北屯區陳平里中清路二段640號15樓,500000,1150807
8220,61902065,築慶建設股份有限公司,臺中市北區明新里中清路一段447號14樓之1,30000000,1150820
8221,61902868,商易全球欣業有限公司,臺中市北區健行里忠明路432號10樓之2,250000,1150821
8222,61903281,寬樺科技實業有限公司,臺中市大里區西湖里西湖路53巷36弄12號,5000000,1150814
8223,61909285,詠盛電梯企業有限公司,臺中市烏日區五光里環中路七段355號1樓,600000,1150814
8224,61914029,永秝投資股份有限公司,臺中市大里區國光里大里一街79巷2號1樓,2720000,1150825
8225,61914421,冠博企業股份有限公司,臺中市烏日區仁德里興祥街41巷19號,5000000,1150807
8226,61922549,士瑋商流國際貿易有限公司,臺中市南區忠明南路788號1樓,1000000,1150814
8227,61925601,國產畜產有限公司,臺中市大安區中海路136號,1000000,1150824
8228,61931033,伯諾科技股份有限公司,臺中市中區大誠里柳川西路三段22號底1層之1,6000000,1150810
8230,61937938,豐實土地開發有限公司,臺中市北屯區梅川南街47號1樓,2500000,1150825
8231,61938280,永旭勝企業有限公司,臺中市南區福興里永和街125巷9號1樓,200000,1150805
8232,61940764,科展材料科技股份有限公司,臺中市潭子區中山路三段27號1樓,232000000,1150814
8237,61953009,東楓汽車有限公司,臺中市中區綠川里成功路10號11樓之1,5000000,1150821
8239,62009569,百達數位行銷有限公司,臺中市北區五常里五義街220巷13號1樓,2000000,1150828
8240,62048383,豪斯健康事業有限公司,臺中市南屯區大同里大墩四街132號,3000000,1150810
8250,62055937,杰森人力顧問有限公司,臺中市西屯區逢大路52號7樓之3,5000000,1150814
8252,62057501,禎湛股份有限公司,臺中市中區中山路150號,23750000,1150817
8260,62059552,璞時貿易有限公司,臺中市西屯區市政北七路163號,200000,1150827
8278,62065040,友圓國際股份有限公司,臺中市西區吉龍里五權西一街13號2樓,31300000,1150819
8279,62065251,慶碩智能自動化有限公司,臺中市大雅區神林南路641巷1號1樓,5000000,1150817
8280,62065267,卉旺生化科技股份有限公司,臺中市西屯區四川路79之6號1樓,2000000,1150803
8281,62065386,晁維國際股份有限公司,臺中市南屯區文心南路73號5樓之3,3600000,1150821
8311,62079826,群浩控股股份有限公司,臺中市西屯區臺灣大道二段910號13樓之2,12370000,1150819
8312,62080128,承輝煌有限公司,臺中市北區建成里東光八街27號1樓,310000,1150803
8323,62088590,十策國際事業股份有限公司,臺中市南區永興里美村南路167號1樓,1096093,1150806
8324,62088938,天沅投資股份有限公司,臺中市西屯區何源里合江街50號7樓之8,150000000,1150821
8325,62088959,荷田投資股份有限公司,臺中市西屯區惠來里市政北七路186號5樓之2,18412800,1150814
8326,62089351,天福臨投資股份有限公司,臺中市北區進化北路369號9樓,2651000,1150819
8327,62089704,允川營造股份有限公司,臺中市北屯區忠平里陳平一街82號2樓,3600000,1150804
8328,62089731,板帆努特有限公司,臺中市豐原區三村里西勢路716號,5000000,1150803
8340,62092481,宏道精密有限公司,臺中市龍井區東海里東海街72巷13弄123號1樓,1000000,1150828
8341,62092573,宇呈工程有限公司,臺中市北區明德里忠明二街47號1樓,1000000,1150825
8342,62093165,漫步貓廊有限公司,臺中市西區後龍里向上路一段8號,5000000,1150813
8343,62093171,台灣兆元精密科技股份有限公司,臺中市南屯區永定里益文三街65號,80000000,1150828
8344,62093411,洛桑美容服務股份有限公司,臺中市西屯區潮洋里黎明路二段990號1樓和992號1樓,26030000,1150805
8345,62093735,好愛伲有限公司,臺中市北區中清路一段89號8樓之6至8樓之8,100000,1150811
8346,62093849,地球聯邦有限公司,臺中市西區民龍里臺灣大道二段220號12樓,3000000,1150803
8347,62093897,采序國際生技股份有限公司,臺中市西區五權路2之192巷6號9樓之2,500000,1150804
8397,62122176,凱選有限公司,臺中市西屯區逢福里逢甲路19巷19之6號1樓,1000000,1150805
8412,62125119,樺拾光國際有限公司,臺中市南屯區楓和路733號1樓,300000,1150807
8413,62125722,慧伍有限公司,臺中市神岡區庄前里三民南路30巷33號,1100000,1150817
8414,62125785,艾維空間景觀有限公司,臺中市北區建興里衛道路61之12號1樓,2000000,1150827
8415,62125933,大山虎企業股份有限公司,臺中市南區德義里有恒街133號,7000000,1150806
8443,62135788,信玄國際股份有限公司,臺中市太平區太平里永豐路108巷28弄3號1樓,3000000,1150818
8445,62136235,海鋒國際有限公司,臺中市神岡區大社里大漢街31巷16弄23號1樓,4500000,1150818
8446,62136256,睿達發投資股份有限公司,臺中市西屯區惠中一街30號5樓之6,14439780,1150803
8447,62136278,品域股份有限公司,臺中市西屯區文心路三段155之1號6樓,1000000,1150821
8455,62141743,鎮宇營造股份有限公司,臺中市北屯區昌平路三段101巷90之2號1樓,18000000,1150827
8456,62141878,邦寧管理顧問有限公司,臺中市北屯區平和里瀋陽路二段175號10樓之22,100000,1150813
8457,62141906,牧恆塗裝有限公司,臺中市西區臺灣大道二段300號7樓之5,100000,1150824
8458,62143073,鈞掄科技有限公司,臺中市西屯區臺灣大道二段910號13樓之2,500000,1150803
8459,62143215,美好影音科技有限公司,臺中市南區忠明南路885號1樓,588888,1150811
8460,62143340,鑫晨曜食食品餐飲股份有限公司,臺中市西區向上北路109號1樓,500000,1150807
8461,62143643,護你帕斯股份有限公司,臺中市南區崇倫里西川一路119巷6弄5號,11000,1150814
8514,62171231,海國德旺股份有限公司,臺中市豐原區富春里復興路131號,15000000,1150814
8515,62171416,布布小館有限公司,臺中市西區公德里大忠街112號1樓,500000,1150817
8516,62171529,立來介有限公司,臺中市大里區大元里大元路80之13號1樓,400000,1150819
8517,62171751,古德萊福有限公司,臺中市沙鹿區沙鹿里中山路289號,2000000,1150819
8518,62172506,道維科技有限公司,臺中市豐原區北陽里南陽路58巷129號,100000,1150807
8519,62172695,証信投資股份有限公司,臺中市南屯區文心南三路388號5樓之1,95647490,1150827
8520,62173110,天業保全股份有限公司,臺中市南屯區惠中里文心路一段306號4樓之3,40000000,1150814
8521,62173131,詣凱開發股份有限公司,臺中市西屯區臺灣大道四段1270號2樓之3,23200000,1150826
8522,62173224,喬鉅投資股份有限公司,臺中市大里區工業十一路121號,39600000,1150826
8523,62173478,永福管理顧問有限公司,臺中市北屯區和平里建和路二段303號13樓之2,1000000,1150803
8524,62174119,合銳科技工程有限公司,臺中市后里區義德里甲后路一段331巷6號1樓,1000000,1150825
8526,62174841,開市零售股份有限公司,臺中市北屯區舊社里南興東路66號1樓,50000,1150817
8527,62175074,鴻佑整合行銷有限公司,臺中市豐原區西湳里文昌街48之1號7樓,136000,1150817
8528,62175187,芯念生技有限公司,臺中市西屯區永安里安林路3之22巷2弄6號1樓,200000,1150818
8529,62175399,多多益善國際有限公司,臺中市豐原區頂街里豐勢路一段16號6樓,1000000,1150820
8562,62186939,宥爵智能科技有限公司,臺中市西區忠明里臺灣大道二段406號7樓之1,2500000,1150806
8563,62186950,澐集有限公司,臺中市北區賴興里文心路四段200號8樓之8,500000,1150821
8602,62202121,皙映詩美容有限公司,臺中市北屯區松美路77號1樓,5000000,1150825
8603,62202179,京碩工程有限公司,臺中市南屯區中和里和仁巷88號1樓,1000000,1150827
8608,62204824,新世茶有限公司,臺中市西區中美街349號1樓,700000,1150824
8616,62208223,美思佳國際有限公司,臺中市西屯區何安里洛陽東街17號,500000,1150810
8617,62208342,通裕報關有限公司,臺中市沙鹿區埔子里正德路171巷13號1樓,5000000,1150803
8618,62208791,駐心有限公司,臺中市南區福興里美村路二段315號2樓,3000000,1150825
8619,62208808,順天投資有限公司,臺中市西區和龍里臺灣大道二段2號8樓之5,10000000,1150805
8620,62209193,佳譽貿易有限公司,臺中市西屯區福和里臺灣大道四段925號18樓之6,1500000,1150819
8621,62209829,日閎有限公司,臺中市豐原區田心里育仁路114巷17號1樓,100000,1150803
8647,62218849,鼎馳控股股份有限公司,臺中市南屯區同心里文心路一段186號17樓之1,1500000,1150803
8648,62219100,拓維共創股份有限公司,臺中市大雅區民生路三段267巷12之1號4樓,1000000,1150814
8649,62219707,萌下巴有限公司,臺中市南區積善里永和一街34號1樓,1570000,1150820
8650,62219777,大詠環保股份有限公司,臺中市梧棲區臨港路三段168巷149弄26號,120000000,1150826
8651,62219869,炙香谷股份有限公司,臺中市北屯區平心里崇德路二段206號,24000000,1150814
8652,62219880,吉悅展業股份有限公司,臺中市西區臺灣大道二段489號31樓,1000000,1150811
8653,62220036,瀧飲山丘企業股份有限公司,臺中市北區學士路144號1樓,1430000,1150803
8664,62226812,鈞滐股份有限公司,臺中市大里區東昇路390巷14號,60000,1150805
8665,62227565,郡雅有限公司,臺中市北區大義街66之1號2樓,1000000,1150820
8666,62227919,騏駅五金有限公司,臺中市北區立人里陝西路108號10樓之2,1000000,1150806
8667,62227930,禾靜東方美學有限公司,臺中市南屯區新生里永春路32之15號1樓,300000,1150817
8668,62227988,聲澤文化有限公司,臺中市南區和平里復興路二段74之21號3樓,20000,1150827
8669,62228121,弘曆有限公司,臺中市西屯區臺灣大道三段540號8樓之3,20000000,1150828
8670,62228163,聖福科技有限公司,臺中市西屯區何安里臺灣大道二段910號13樓之2,2000000,1150820
8685,62232770,一米食國際貿易有限公司,臺中市太平區新光里新福路892號,1000000,1150807
8689,62234204,瑞波電子有限公司,臺中市北屯區和平里和祥路一段238號1樓,5000000,1150814
8691,62235220,良積營造股份有限公司,臺中市北屯區平興里崇德二路一段148之3號1樓,22500000,1150814
8692,62235777,星核能源股份有限公司,臺中市龍井區麗水里三港路田仔內巷10之6號2樓,3000000,1150819
8693,62235832,越富有限公司,臺中市西屯區惠來路三段312巷45號1樓,500000,1150811
8700,62238850,凱曜資本策略顧問有限公司,臺中市西屯區福和里臺灣大道四段925號18樓之6,1000000,1150824
8710,62245326,璠禧有限公司,臺中市西屯區何安里文心路三段6號26樓之2,1000000,1150811
8711,62246492,永旭豐有限公司,臺中市大里區國中路570之10號1樓,500000,1150810
8712,62246633,沅威有限公司,臺中市北區健行里忠明路424號5樓之4,1000000,1150806
8713,62247106,一九二八國際股份有限公司,臺中市西屯區潮洋里環河路168號4樓,1000000,1150805
8726,62251239,小鹿媽媽有限公司,臺中市北區進化路575號10樓之1,500000,1150817
8727,62251353,鑫茂國際貿易有限公司,臺中市西區向上路一段36號6樓之3,200000,1150805
8728,62251396,春山農業股份有限公司,臺中市豐原區田心里中山路205號1樓,300000,1150821
8729,62251804,昱宸灃有限公司,臺中市霧峰區南柳里福新路293號1樓,250000,1150811
8730,62252183,鈞瀚數位科技有限公司,臺中市沙鹿區福興里東晉路143號2樓,100000,1150803
8731,62252233,溙銳能源有限公司,臺中市豐原區北湳里大順街52號,2000000,1150813
8732,62252281,沐璨國際有限公司,臺中市南區福興里五權南路167號地下一樓之6,1000000,1150817
8752,62259735,衡序機電有限公司,臺中市西區民龍里日進街110號6樓之9,3000000,1150814
8753,62305903,速邑國際有限公司,臺中市大肚區蔗廍里遊園路二段74巷14之3號,2000000,1150819
8755,63149803,角石土木工程有限公司,臺中市大里區東湖里東湖路168巷20之2號1樓,2000000,1150813
8756,63180888,聯眾建設股份有限公司,臺中市西屯區大河里大河一巷1之6號,18000000,1150821
8757,63264943,合也實業有限公司,臺中市西區公正里公益路363號7樓之9,2000000,1150825
8759,63812300,拓洋有限公司,臺中市西屯區何南里臺灣大道二段715號4樓之3,200000,1150818
8761,64115302,聚大智能科技股份有限公司,臺中市大里區健民里仁化路125巷18弄6號,159741460,1150804
8762,64181203,眼界有限公司,臺中市西屯區永安里福雅路350號2樓,300000,1150820
8805,65566704,軸境空間設計有限公司,臺中市北區中山路413號2樓,2000000,1150803
8854,66534266,宙勝數位企業有限公司,臺中市南區學府路170號3樓之53,20000000,1150826
8941,69417208,愛參酷肆股份有限公司,臺中市北區民權路559號3樓之1,1000000,1150828
9104,70486580,遠盛營造有限公司,臺中市東區東信里旱溪東路一段303號,15000000,1150807
9109,70495336,予山營造有限公司,臺中市西屯區福和里臺灣大道四段925號18樓之6,3600000,1150821
9113,70505833,寶達精業股份有限公司,臺中市烏日區南里里慶光路70之7號,250000000,1150817
9114,70506241,鏵碩工程有限公司,臺中市南屯區惠中里大川街50之5號1樓,10000000,1150814
9118,70515895,朕金有限公司,臺中市清水區海濱里自立路116號1樓,35000000,1150814
9124,70529321,加得利加油站股份有限公司,臺中市中區柳川西路三段2號,14000000,1150814
9127,70531276,上濠大飯店股份有限公司,臺中市西屯區何源里文心路三段362號1至7樓,50000000,1150825
9129,70533922,連吉綜合工程有限公司,臺中市北屯區廍子里建平街33號1樓,38000000,1150824
9136,70548663,德西能科技股份有限公司,臺中市南屯區黎明路一段37巷53號,25000000,1150806
9165,70613137,荷華達康生物科技股份有限公司,臺中市太平區光明里大興十一街5號1樓至4樓,30000000,1150810
9169,70626771,凌嘉科技股份有限公司,臺中市西屯區林厝里科園一路16號,833000000,1150813
9170,70627358,祥皓營造股份有限公司,臺中市北區臺灣大道二段360號7樓之2,30000000,1150813
9171,70634920,傑川企業有限公司,臺中市神岡區社南里中山路781之5號,20000000,1150821
9176,70649424,琪景企業有限公司,臺中市大肚區新興里沙田路二段159巷6號,5000000,1150803
9185,70682154,台灣戲網科技股份有限公司,臺中市南區和平里忠明南路758號17樓,21000000,1150818
9186,70682273,國竣電子有限公司,臺中市太平區永平里建興北路43號1樓,2000000,1150812
9192,70696565,百花股份有限公司,臺中市清水區清水里光明路15號3樓,6000000,1150807
9193,70697332,惠特科技股份有限公司,臺中市西屯區協和里工業區九路8號,785488650,1150818
9194,70698830,友智鋼鐵有限公司,臺中市太平區東和里中和街421巷18號1樓,3000000,1150807
9198,70710200,翔方汽車有限公司,臺中市大里區永隆路79號1樓,3000000,1150820
9201,70716921,太新食品機械股份有限公司,臺中市東區樂業路188巷18號1樓,8000000,1150824
9202,70720755,壹群實業股份有限公司,臺中市北屯區水湳里文心路三段447號22樓之2,30000000,1150824
9208,70731958,賜旺營造有限公司,臺中市東勢區詒福里新城街418巷8號1樓,3600000,1150806
9261,70848492,佳凌科技股份有限公司,臺中市潭子區建國路24號,1412180000,1150818
9262,70849210,冠晶光電股份有限公司,臺中市大雅區中清路三段819巷18號,250000000,1150831
9269,72039551,總太營造股份有限公司,臺中市北屯區廍子里太原路三段1315號1樓,600000000,1150821
9314,76303721,太鼎營造股份有限公司,臺中市豐原區豐南街2號10樓,56000000,1150810
9320,76399556,八九運輸股份有限公司,臺中市北屯區崇德路3段168號2樓,18000000,1150813
9339,79959005,長毅機械工業有限公司,臺中市龍井區麗水里三港路田仔內巷10之7號1樓,27712654,1150814
9340,79960707,穩盛農藝科技有限公司,臺中市大里區新仁里立仁路95巷17號1樓,2000000,1150819
9345,79971520,鑫成座墊股份有限公司,臺中市東區自由路三段231號1樓,54630000,1150827
9371,80055575,漢坤國際醫藥股份有限公司,臺中市清水區中山路77號2樓,98000000,1150819
9372,80063414,康淳科技股份有限公司,臺中市南屯區文山里精科五路31號,188025000,1150825
9373,80073102,路加科技股份有限公司,臺中市龍井區新庄里新興路247巷11號2樓,6000000,1150811
9381,80091609,高速事業股份有限公司,臺中市南屯區新生里向上路三段418號、418之1號,228000000,1150805
9384,80096766,育格企業有限公司,臺中市西區吉龍里五權五街95巷5號1樓,5000000,1150814
9391,80101769,陞垣精密機械有限公司,臺中市豐原區南田里南田街141號,6000000,1150805
9402,80136985,御寶系統廚櫃股份有限公司,臺中市東區旱溪里旱溪五街11之1號,10000000,1150818
9403,80137176,高儀科技有限公司,臺中市南區永和里五權南路552號1樓,10000000,1150810
9440,80219697,均佳生物科技有限公司,臺中市大里區西湖里西湖路282號,10000000,1150806
9443,80223622,玖順生技有限公司,臺中市東區東信里旱溪東路一段9號15樓之1,1000000,1150803
9448,80234971,皇將科技股份有限公司,臺中市大里區仁化里工業九路190號,569484500,1150818
9449,80238218,新隆汽車有限公司,臺中市新社區中正里中和街五段56之1號1樓,1000000,1150804
9468,80285176,子元生物科技有限公司,臺中市西屯區市政北二路238號22樓之1,20000000,1150825
9490,80326248,晉和國際實業有限公司,臺中市西屯區潮洋里朝富路213號29樓之1,10000000,1150806
9522,80413284,長利奈米生物科技股份有限公司,臺中市北屯區平興里北屯路366號9樓之2,28000000,1150806
9525,80416846,總誼建設有限公司,臺中市南屯區大業里大墩路882號3樓,25000000,1150814
9554,80470572,九寶興業有限公司,臺中市南屯區中和北二巷30號1樓,500000,1150810
9558,80478510,龍德機械工業有限公司,臺中市豐原區東湳里三豐路二段396巷2弄9號,50000000,1150812
9586,80534288,提亞國際有限公司,臺中市南屯區豐樂里文心南路296號4樓,1000000,1150825
9601,80564450,易圖科技股份有限公司,臺中市烏日區三和里高鐵一路268號22樓之3,18526410,1150810
9607,80579685,久禾光電股份有限公司,臺中市西屯區工業區六路8號3樓,474758920,1150814
9617,80603854,中景科技股份有限公司,臺中市西區臺灣大道二段573號6樓,92000000,1150805
9618,80607789,亮捷電子股份有限公司,臺中市西屯區西屯路二段297之8巷58號4樓之1,1000000,1150806
9621,80612191,金祿生技股份有限公司,臺中市南區大慶街二段49之20號3樓,10000000,1150814
9629,80623177,精英開發有限公司,臺中市西區公民里五權路1之67號18樓之2,2000000,1150821
9633,80631922,碩享科技股份有限公司,臺中市北屯區平安里北平路四段19號,13000000,1150812
9635,80634049,昌懋工業科技股份有限公司,臺中市太平區德隆里工業17路2號,20000000,1150804
9636,80635835,悅洋實業股份有限公司,臺中市龍井區東海里藝術北街92號1樓,8000000,1150814
9640,80644454,台灣所立克股份有限公司,臺中市大雅區文雅里中和路230巷8號,12000000,1150807
9681,80702502,新捷食品股份有限公司,臺中市烏日區溪埧里溪福路128巷50號1樓,8700000,1150818
9682,80703333,皆營國際有限公司,臺中市豐原區西安里瑞安街100號,2000000,1150820
9690,80724386,興安路加油站股份有限公司,臺中市北屯區文心路4段932號1樓,3000000,1150811
9692,80727757,建成國際實業股份有限公司,臺中市龍井區忠和里工業路236號,25000000,1150811
9694,80730107,台灣紅顧問有限公司,臺中市北區賴旺里北平路二段28之8號1樓,10000000,1150806
9698,80743047,好士多家具股份有限公司,臺中市北屯區環中路一段878號1樓,39800000,1150811
9700,80745761,禾全興業有限公司,臺中市太平區永平路2段9巷6號1樓,1100000,1150807
9701,80747727,威企報關有限公司,臺中市梧棲區中正里中興路128巷111號1樓,5000000,1150817
9722,82763928,鑫曜科技有限公司,臺中市西屯區環中路二段1577號8樓之3,10000000,1150827
9723,82764975,蔦澤有限公司,臺中市中區大墩里光復路151號5樓之8,75000000,1150827
9724,82766468,巨宇翔股份有限公司,臺中市西屯區惠中路一段88號21樓之2,130000000,1150814
9729,82770033,璽軒國際股份有限公司,臺中市西區民龍里臺灣大道二段300號7樓之5,5000000,1150813
9735,82783683,立鈺環保科技有限公司,臺中市南區福順里南昌街26號1樓,1000000,1150827
9736,82784212,瓂婭安森國際有限公司,臺中市北屯區興安路二段142巷28號1樓,800000,1150817
9737,82784698,啟發投資有限公司,臺中市霧峰區本堂里樹仁二街48號1樓,5300000,1150812
9738,82785036,吉馥有限公司,臺中市北區漢口路四段288號2樓,3000000,1150824
9742,82790523,翰品食品有限公司,臺中市北屯區大德里平德路140號4樓之2,1500000,1150810
9743,82795061,光陽地產有限公司,臺中市西屯區何安里文心路三段6之5號,1000000,1150820
9753,82804322,奧丽富建設股份有限公司,臺中市西屯區何安里四川路36號1樓,20000000,1150819
9754,82805814,晴冬花藝有限公司,臺中市南屯區惠中里大墩十街190號1樓,1000000,1150804
9755,82806052,睿德系統有限公司,臺中市神岡區神洲里豐洲路826號1樓,5000000,1150825
9756,82806187,祥永食品有限公司,臺中市南屯區嶺東路862號,500000,1150813
9783,82818607,亮兔菈菈企業有限公司,臺中市西屯區潮洋里黎明路二段895之2號1樓,3500000,1150825
9784,82819839,創鐸股份有限公司,臺中市西區公德里忠明南路138號3樓之5,55446974,1150819
9785,82820054,暄翔有限公司,臺中市北屯區平德里文心路四段268號3樓之2,13500000,1150814
9789,82824468,夏爾國際餐飲股份有限公司,臺中市西屯區福林里福科路637號,18000000,1150825
9790,82825852,信誠資訊有限公司,臺中市北區文心路四段208之1號7樓之2,3000000,1150813
9795,82829864,沃克國際雲端科技股份有限公司,臺中市豐原區豐田里田心路二段80號1樓,5000000,1150812
9796,82831138,美汎職業健康顧問有限公司,臺中市西屯區協和里工業區四一路30號,1000000,1150825
9797,82831550,松峪有限公司,臺中市大里區西湖里景庄街202巷41號,3600000,1150814
9798,82832185,同富風管工程有限公司,臺中市太平區興隆里光興路1200巷22號,1000000,1150820
9799,82832538,炬榮國際有限公司,臺中市太平區太平里永豐路85巷7號1樓,1000000,1150817
9800,82832761,博士居建設有限公司,臺中市梧棲區大庄里博愛路291號1樓,16000000,1150811
9812,82839650,恆妍企業有限公司,臺中市北屯區軍功里軍功路二段135號,3000000,1150827
9813,82840930,椿榆建設股份有限公司,臺中市北區淡溝里英才路366號,15000000,1150805
9814,82842022,永昱竑企業有限公司,臺中市南區永和街125巷20號2樓,200000,1150805
9832,82857729,新鑫實業有限公司,臺中市大雅區上雅里雅環路二段64巷46弄19號1樓,1000000,1150803
9833,82861033,家廣不動產有限公司,臺中市豐原區東湳里三豐路二段146號2樓,200000,1150806
9838,82864355,勝芳投資股份有限公司,臺中市大里區爽文路649號1樓,10000000,1150827
9840,82865609,澄和科技股份有限公司,臺中市北區頂厝里進化北路238號10樓之3,11000000,1150821
9849,82873609,威特家電有限公司,臺中市北屯區后庄里松竹路三段710號,10000000,1150825
9850,82874305,世璒投資股份有限公司,臺中市西屯區惠來里惠中路二段33號7樓之1,28000000,1150819
9852,82875830,栢盛塑膠有限公司,臺中市西屯區何厝里何厝東二街23號9樓之3,300000,1150824
9878,82893020,元新企業有限公司,臺中市大里區健民里仁化路221巷13號,3500000,1150804
9879,82893149,鼎泰福投資股份有限公司,臺中市西區民龍里臺灣大道二段285號12樓之1,6000000,1150818
9880,82893318,京旺生物科技事業有限公司,臺中市北屯區新平里中清路二段415巷55號2樓之1,500000,1150811
9881,82893324,頌叡霖有限公司,臺中市北區明新里中清路一段447號15樓之2,1000000,1150821
9882,82893555,艾康明生醫科技股份有限公司,臺中市西屯區潮洋里黎明路二段798號,18000000,1150806
9883,82895435,采唐國際實業有限公司,臺中市東區公園東路130號2樓之2,1000000,1150813
9884,82895569,叡司室內裝修設計有限公司,臺中市西屯區何德里漢口路二段151號15樓之5,2000000,1150813
9893,82904645,伯熱音悅娛樂有限公司,臺中市南屯區三義里大業路565號8樓之7,1000000,1150818
9909,82914382,恩典水電材料有限公司,臺中市北區進化路498號,16000000,1150811
9911,82915761,宸田國際有限公司,臺中市北屯區后庄里敦化三街278號,15200000,1150807
9912,82916327,守智管理顧問股份有限公司,臺中市西屯區工業區一路6巷12號2樓,200000,1150814
9983,82962790,新蔚錸物業股份有限公司,臺中市西區忠誠里大隆路20號10樓之9,10000000,1150817
9984,82964333,東方風能科技股份有限公司,臺中市西屯區市政路386號23樓之1,1759539440,1150812
9992,82969750,寬興軌道車輛有限公司,臺中市大肚區新興里沙田路二段157號1樓,1000000,1150825
10008,82981038,沃茲有限公司,臺中市東區自由二街91號,13250000,1150805
10009,82981488,牧羊人有限公司,臺中市南屯區文山九街85號1樓,5000000,1150819
10010,82984719,沂軒企業有限公司,臺中市西屯區市政北二路236號20樓之2,6880000,1150810
10016,82986224,博堂文化有限公司,臺中市南屯區文心南路296號4樓,105000,1150825
10017,82986300,烏雲蓋雪有限公司,臺中市大里區西湖里大峰路427號1樓,100000,1150825
10023,82995820,正耀電力股份有限公司,臺中市大雅區民生路三段313巷45號1樓,3000000,1150810
10031,83001547,書農有限公司,臺中市南屯區溝墘里大光街180號7樓之1,200000,1150827
10032,83002068,咕嘰比比寵物股份有限公司,臺中市南屯區豐樂里永平西街45號,6000000,1150824
10033,83002308,昊漢裝飾材料有限公司,臺中市北區金龍里三民路三段315巷35號,3000000,1150814
10034,83002757,鹿港圓環頂麵食有限公司,臺中市西區忠明南路270號7樓之1,550000,1150806
10045,83014260,福恆投資實業股份有限公司,臺中市南屯區惠中里大墩十二街266號3樓,5000000,1150812
10046,83016458,陸路通國際汽車有限公司,臺中市大里區東湖里中山路36巷3號10樓,1100000,1150806
10058,83024767,好人一世平安有限公司,臺中市沙鹿區鹿寮里成功東街97號,6000000,1150805
10059,83024801,利設國際股份有限公司,臺中市南屯區新生里益豐路三段339之6號1樓,500000,1150811
10060,83025479,永森精密有限公司,臺中市神岡區岸裡里大豐路五段365號,2000000,1150817
10061,83026673,啟運工程股份有限公司,臺中市西屯區潮洋里市政北二路238號27樓之1,10000000,1150807
10075,83032485,環鈺投資股份有限公司,臺中市南屯區三和里公益路二段506號,6000000,1150828
10091,83042836,豪紳精密工業有限公司,臺中市烏日區五光里五光路189巷122號,15000000,1150805
10092,83043455,潤遠能源股份有限公司,臺中市北區文莊里日興街222號10樓之1,2000000,1150820
10135,83082554,新澄工程有限公司,臺中市豐原區豐勢路二段332巷11號1樓,500000,1150820
10136,83082652,睿品霖國際有限公司,臺中市南屯區三厝里三厝街193之2號1樓,29000000,1150819
10148,83091809,永生投資股份有限公司,臺中市北區文莊里五權路225號2樓,233500000,1150831
10153,83096255,力百加健康股份有限公司,臺中市西區忠明南路303號27樓,6000000,1150811
10177,83113992,杰崴電氣工程有限公司,臺中市大雅區六寶里中清路五段207號2樓,20000000,1150820
10178,83114394,卉棋企業股份有限公司,臺中市北屯區軍功里軍福十八路101號8樓之2,500000,1150821
10188,83120311,志真投資股份有限公司,臺中市沙鹿區興安里興安路51號,9999990,1150827
10190,83120564,上野文化裝訂有限公司,臺中市西屯區廣福路150巷31之1號,1000000,1150825
10191,83121091,巨威企業股份有限公司,臺中市太平區中山里中源街2巷10號1樓,9200000,1150812
10192,83121108,浤凱有限公司,臺中市后里區中和里犁份路7之8號,6000000,1150806
10195,83121557,瑞誠醫材有限公司,臺中市大雅區德勝路106巷10號,5000000,1150807
10199,83123561,全方位百富企業有限公司,臺中市北區崇德路一段631號16樓之1,3000000,1150805
10201,83124941,鴻銳建設股份有限公司,臺中市南屯區三和里黎明路二段359之2號1樓,1000000,1150817
10202,83125890,匯鑽實業股份有限公司,臺中市西屯區何南里大聖街482號1樓,20000,1150818
10206,83131611,正鈴開發事業有限公司,臺中市沙鹿區鹿寮里成功東街68號2樓,500000,1150806
10208,83133147,簡龍有限公司,臺中市北區三民路三段148號3樓,200000,1150828
10210,83135139,元將開發有限公司,臺中市中區柳川里公園路77號8樓之1,10000000,1150825
10211,83135481,善德豐有限公司,臺中市南屯區溝墘里大業路241號3樓之1,500000,1150807
10212,83135882,煜閣有限公司,臺中市西區華美西街一段28號1樓,800000,1150803
10233,83150285,潤源泰有限公司,臺中市西區吉龍里五權五街139巷16號,2100000,1150806
10234,83151088,寶亮投資股份有限公司,臺中市大甲區孔門里順天路263號1樓,333823710,1150820
10235,83151539,帝竑興業有限公司,臺中市東區新庄里和平街218號6樓之3,7000000,1150818
10236,83151643,宥泰國際有限公司,臺中市中區柳川里公園路73號,1000000,1150806
10244,83157098,惠鑫安有限公司,臺中市神岡區社南里民生路25巷73號1樓,2000000,1150812
10283,83179522,立嘉成有限公司,臺中市北區長青里武昌路22號2樓,30000000,1150810
10284,83179760,拓成科技企業有限公司,臺中市太平區建興里鵬儀路417巷18號,150000,1150818
10285,83180181,喆勝安有限公司,臺中市西屯區大石里福上巷133號8樓之1,68888,1150825
10286,83180464,植茁科技股份有限公司,臺中市西屯區西平里西安街130巷7弄6號,20000000,1150812
10287,83180491,椿榆投資有限公司,臺中市北區淡溝里英才路366號,2000000,1150811
10288,83180915,昌和冷氣家電有限公司,臺中市南區平和里美和街48之1號1樓,600000,1150820
10289,83181029,磐石文創團隊有限公司,臺中市西區臺灣大道二段406號8樓之1,100000,1150803
10295,83185279,久裕國際投資股份有限公司,臺中市西區臺灣大道二段498號7樓之2,134400000,1150805
10296,83186158,利暘投資股份有限公司,臺中市北區梅川東路三段15號1樓,5000000,1150827
10297,83186241,銓霈科技股份有限公司,臺中市東區干城里公園東路130號2樓之2,1000000,1150807
10298,83186707,向揚股份有限公司,臺中市外埔區甲后路三段452號1樓,13780000,1150814
10320,83207597,萬興權不銹鋼球有限公司,臺中市北區賴村里進化北路369號9樓,1000000,1150818
10331,83217032,太空原鄉國際有限公司,臺中市南屯區溝墘里大墩十三街23號2樓,5000000,1150818
10350,83228642,佳泰機械有限公司,臺中市南屯區惠中里文心路一段324號11樓之1,7600000,1150819
10351,83229086,尼可有限公司,臺中市南屯區鎮平里黎明路一段751號1樓,100000,1150805
10352,83229282,昇合開發有限公司,臺中市西區臺灣大道二段239號13樓,80000000,1150811
10401,83264288,耐斯鋁圈修復有限公司,臺中市西屯區福雅路678巷12之1號,1000000,1150827
10403,83265744,鑫邦生技股份有限公司,臺中市大里區慈善路83巷3號,16500000,1150814
10408,83268480,亞庇控股股份有限公司,臺中市西屯區黎明路二段737號11樓之5,176035600,1150806
10415,83276881,敦叡科技股份有限公司,臺中市南區忠明南路789號38樓之2,800000,1150814
10417,83277903,維科工程管理顧問有限公司,臺中市南區愛國街47號5樓,2000000,1150811
10421,83280885,帕爾菲格台灣有限公司,臺中市梧棲區頂寮里四維中路331號11樓之5,1000000,1150821
10441,83292952,寶溢建設股份有限公司,臺中市西屯區文華路275號,28000000,1150805
10453,83299821,聖柏裕投資有限公司,臺中市大里區永興路265巷8號,1074445,1150814
10454,83300670,旭美國際貿易有限公司,臺中市西屯區潮洋里市政北二路238號27樓之1,100000,1150827
10455,83301158,全盛建設有限公司,臺中市大甲區頂店里中山路一段1564巷1之2號1樓,6000000,1150817
10458,83305703,頤和生活有限公司,臺中市西區民龍里公益路63號4樓之一,13200000,1150806
10473,83364809,穩曜營造股份有限公司,臺中市南屯區惠中里文心路一段378號7樓之10,35000000,1150820
10491,83387520,金美沅實業有限公司,臺中市西區中興里美村路一段272號13樓之7,1000000,1150813
10492,83387970,富遇企業有限公司,臺中市北屯區進化北路63號4樓之1,200000,1150804
10493,83388197,川森科技股份有限公司,臺中市西區公正里向上南路一段182號,100000,1150804
10496,83395161,成秉京有限公司,臺中市南屯區豐樂里文心南路296號3樓,100000,1150812
10498,83396921,可嚐影像有限公司,臺中市南區南和里工學路82號,1500000,1150814
10499,83398218,利竑開發股份有限公司,臺中市西屯區何成里大容西街67號3樓之1,500000,1150813
10500,83399103,安馨顧問行銷有限公司,臺中市西區大昌街207巷6號2樓,1200000,1150806
10501,83399315,元十線科技企業有限公司,臺中市北區文莊里中清路一段89號8樓之6至8樓之8,3500000,1150806
10507,83417067,巧手科技有限公司,臺中市西屯區黎明路二段943號,1000000,1150805
10509,83418782,海森健康美學有限公司,臺中市西屯區市政北二路282號9樓之6,5000000,1150810
10513,83424932,禾千室內裝修業有限公司,臺中市西屯區市政路402號16樓之1,10500000,1150803
10514,83425720,信邦工業有限公司,臺中市西屯區福和里臺灣大道四段671巷1弄17號1樓,300000,1150804
10515,83426045,川糧食品有限公司,臺中市神岡區山皮里光復路108號1樓,22500000,1150806
10516,83426066,欣生生物科技股份有限公司,臺中市西屯區協和里工業區三十二路86號1樓,36400000,1150827
10520,83432118,徑和顧問有限公司,臺中市北屯區敦富路838號1樓,18750000,1150826
10521,83432172,環台能源科技股份有限公司,臺中市烏日區高鐵一路268號12樓之6,570000000,1150826
10530,83440200,荷光健康管理顧問有限公司,臺中市南屯區永定里益文二街88號1樓,3000000,1150824
10532,83441101,賢誠不銹鋼有限公司,臺中市太平區宜佳里溪州西路68巷24號1樓,3500000,1150812
10534,83442381,慧來有限公司,臺中市太平區永成里永康街7號1樓,10000000,1150831
10535,83443348,興府不動產有限公司,臺中市大雅區二和里雅潭路四段629號1樓,2750000,1150824
10563,83470554,優泥來股份有限公司,臺中市龍井區麗水里南堤路1號,43631000,1150824
10570,83477178,仰築室內裝修有限公司,臺中市東區東信里樂業路480號,10000000,1150820
10595,83498498,大禾企業股份有限公司,臺中市北屯區和順路449號1樓,5000000,1150818
10598,83504935,美商開頓股份有限公司,臺中市梧棲區自強路2號,37000000,1150804
10602,83508720,森森燒肉股份有限公司,臺中市西屯區港尾里經貿路二段268號4樓,225960000,1150814
10628,83527515,霖品國際有限公司,臺中市太平區中興里永義路139巷18號,3000000,1150821
10629,83528520,八方知本地熱電力股份有限公司,臺中市北區文莊里日興街222號10樓之1,11500000,1150814
10630,83528541,八方金崙地熱電力股份有限公司,臺中市北區文莊里日興街222號10樓之1,21500000,1150817
10639,83537990,和舟嘉業股份有限公司,臺中市西屯區臺灣大道二段910號9樓之3,25000000,1150824
10644,83542781,米竺室內設計工程股份有限公司,臺中市烏日區仁德里信義街239號1樓,1000000,1150810
10645,83543108,健安養生事業有限公司,臺中市潭子區弘智街55號,2000000,1150804
10650,83548259,珪寶能源有限公司,臺中市北屯區平田里文心路四段955號11樓之2,3230000,1150805
10659,83553549,遇里股份有限公司,臺中市南屯區大墩十二街260號2樓,10000000,1150813
10660,83554316,博星工程有限公司,臺中市太平區興隆里興隆路54之2號,10000000,1150818
10661,83554456,耀泰有限公司,臺中市西屯區廣福里廣福路369號,1000000,1150824
10668,83559255,豐陽國際投資有限公司,臺中市東區旱溪里東光園路618號,12000000,1150805
10669,83559305,羽婕國際貿易有限公司,臺中市北屯區水景里景賢二路13號,1000000,1150820
10670,83559635,貫盛投資有限公司,臺中市南區崇倫里柳川西路一段21號1樓,17000000,1150820
10671,83560302,豐順投資有限公司,臺中市龍井區龍泉里沙田路五段龍目井116巷17號2樓,5000000,1150807
10681,83564341,珈瑪生技有限公司,臺中市東區公園東路130號2樓之2,1000000,1150804
10684,83566951,鼎力整合顧問有限公司,臺中市西區館前路18號15樓,5000000,1150820
10685,83568368,育勝國際生技有限公司,臺中市南區學府路170號3樓之53,1000000,1150824
10689,83572010,格萊迪科技股份有限公司,臺中市北屯區舊社里敦富三街128號11樓之5,1900000,1150807
10691,83576352,蒙恩聽障烘焙坊股份有限公司,臺中市北屯區三光里北屯路210之1號地下1層,175000000,1150825
10692,83576395,坤聯富建設股份有限公司,臺中市西屯區市政路402號25樓之1,567500000,1150820
10693,83577177,仕贏科技有限公司,臺中市中區大誠里成功路306巷10號14樓之4,3000000,1150812
10694,83577459,美爾佳有限公司,臺中市神岡區社口里民權二街145巷10號1樓,8000000,1150812
10695,83577752,瀚麟企業有限公司,臺中市潭子區福仁里圓通南路81巷17號,5500000,1150803
10696,83578886,鑫源通投資股份有限公司,臺中市南屯區文心路一段186號9樓之1,16103000,1150803
10707,83586838,群雲智慧有限公司,臺中市北屯區文心路四段752之3號,650000,1150825
10708,83586859,弘鈺精密工業有限公司,臺中市神岡區豐洲里神洲路313號,1000000,1150820
10712,83589808,嵩鎰投資有限公司,臺中市西區公民里五廊街4巷3號4樓,6000000,1150820
10713,83590018,達優股份有限公司,臺中市北區明新里太原路一段532號10樓之1,92400000,1150804
10715,83591086,永得正文化有限公司,臺中市北屯區后庄里松竹路三段726號,20000000,1150818
10724,83599405,旭美投資股份有限公司,臺中市大里區仁化里工業十四路34號,45000000,1150825
10725,83600557,禾溋有限公司,臺中市西區臺灣大道二段220號12樓,100000,1150811
10726,83600873,宇宙能財寶山財富能量科技股份有限公司,臺中市北屯區平昌里文心路四段934號8樓之1,1000000,1150805
10728,83602128,全熹能源股份有限公司,臺中市大雅區六寶里中清路四段773巷52號1樓,5000000,1150821
10729,83602176,辰欣人文餐飲有限公司,臺中市西屯區西平里西安街277巷2號,1000000,1150819
10730,83602400,矽光材料有限公司,臺中市南區江川里永南街10號11樓,1000000,1150825
10747,83619802,天文自動化股份有限公司,臺中市后里區中和里犁份路7之7號,12000000,1150811
10748,83622052,好眠晨寢具有限公司,臺中市西區安龍里自治街149號1樓,400000,1150819
10749,83622258,中環數位科技有限公司,臺中市西屯區臺灣大道二段910號13樓之2,380000,1150828
10750,83622285,鑫曜建設有限公司,臺中市北區明德里太原南二街151號,28000000,1150803
10751,83622399,川承國際事業有限公司,臺中市北屯區廍子路620之1號,25000000,1150821
10767,83647069,香蕉新樂園股份有限公司,臺中市北屯區文心路四段696號12樓之2,6000000,1150804
10768,83647130,灌能教練企管顧問股份有限公司,臺中市北屯區舊社里北屯路390號8樓之1,3000000,1150805
10775,83660463,晴曜實業有限公司,臺中市南區工學里德富路217號4樓之6,1000000,1150824
10781,83675557,樂百川科技股份有限公司,臺中市西屯區逢福里河南路二段262號12樓之8,19009040,1150819
10797,83691557,永紘資產管理有限公司,臺中市北屯區松強里松竹路二段330號,500000,1150820
10804,83705335,艾森萊創新科技有限公司,臺中市東區泉源里忠孝路536號3樓,6000000,1150819
10811,83718556,鼎豐物業管理顧問有限公司,臺中市北屯區平昌里文心路四段934號地下一樓,10000000,1150814
10812,83718768,約頓國際企業有限公司,臺中市西區精誠路43之2號1樓,880000,1150819
10816,83722101,刻築室內裝修設計有限公司,臺中市北屯區廍子里太順路148號3樓之7,1000000,1150828
10840,83751983,聿士亨有限公司,臺中市西屯區大河里福上巷42之1號1樓,10000000,1150819
10841,83752287,尚毅事業有限公司,臺中市大里區東湖里公園街421巷18號3樓,100000,1150817
10842,83752527,棨揚開發建設股份有限公司,臺中市東區東信里樂業路480號1樓,12000000,1150818
10843,83752625,中碩工業股份有限公司,臺中市西屯區逢甲里西屯路二段256巷6號2樓之6,60000000,1150819
10844,83753292,凱葳不動產有限公司,臺中市豐原區東湳里三豐路二段146號1樓,80000,1150805
10845,83753482,洋荃貿易有限公司,臺中市西屯區逢甲里西屯路二段256巷6號15樓之6,500000,1150810
10859,83763186,常銘有限公司,臺中市北屯區和順一街9之5號1樓,10000000,1150818
10860,83763221,哈客物流股份有限公司,臺中市西屯區何仁里寧夏路195之10號,1000000,1150818
10870,83771600,和園開發有限公司,臺中市大肚區沙田路一段388巷6號2樓,39000000,1150825
10871,83771708,宇建築營造有限公司,臺中市西屯區臺灣大道四段1230巷20之7號,5600000,1150827
10872,83772045,閒雲小居顧問有限公司,臺中市中區繼光里繼光街123號2樓至6樓、繼光街125號2樓至6樓、成功路110號2樓至6樓,500000,1150826
10892,83789643,德清股份有限公司,臺中市豐原區西勢里西安街60號,19500000,1150828
10893,83790260,緁立鼎有限公司,臺中市西區民龍里臺灣大道二段186號14樓之1,18600000,1150804
10894,83791057,成功富御股份有限公司,臺中市西區土庫里華美街52號1樓,20000000,1150827
10902,83820877,扛蠻音樂多媒體有限公司,臺中市大甲區甲后路五段453巷68號,3000000,1150806
10908,84070161,揚格屋企業股份有限公司,臺中市大甲區大甲里鎮政路32號,5000000,1150813
10917,84094369,華豫寧股份有限公司,臺中市北區進化北路238號4樓之8,525261990,1150826
10921,84098484,龍建實業有限公司,臺中市太平區興隆路一段76巷15號,1000000,1150828
10934,84161134,天得建設有限公司,臺中市北區建興里德化街188號1樓,25000000,1150819
10940,84176381,富田隆企業有限公司,臺中市大里區仁愛路19巷11號,1000000,1150821
10947,84200713,華駿科技股份有限公司,臺中市烏日區五光里五光路256號1樓,2000000,1150820
10954,84226988,友旺實業有限公司,臺中市西屯區永輝路89巷11號1樓,5000000,1150803
10972,84293178,邑展環保科技有限公司,臺中市霧峰區蘭生街60號2樓,5000000,1150819
10978,84310492,台灣產健股份有限公司,臺中市西屯區文心路三段296之1號1樓,27160000,1150817
10985,84349686,德爵國際企業有限公司,臺中市北區文昌東二街190號1樓,2500000,1150819
10990,84361457,東鈺工業有限公司,臺中市神岡區豐洲里東洲路211號1樓,3000000,1150826
10992,84367213,原億昌機械股份有限公司,臺中市烏日區南里里溪南路三段752號1樓,50000000,1150825
11000,84386529,崑仲股份有限公司,臺中市大里區健民里仁化路166號,45000000,1150805
11004,84400655,惠里實業有限公司,臺中市太平區永平路二段503巷35號,6000000,1150825
11009,84412250,鈦金營造股份有限公司,臺中市西區五權七街112巷6號5樓,135000000,1150804
11014,84417261,善騰太陽能源股份有限公司,臺中市大甲區日南里東二街18號,83169920,1150824
11021,84433754,愛烙達股份有限公司,臺中市西屯區協和里工業區32路68號,80984370,1150804
11022,84435802,宜宏包裝有限公司,臺中市西區公正路161號,5000000,1150804
11023,84442769,大買家股份有限公司,臺中市西區大隆路20號14樓之8,1700000000,1150803
11024,84443177,百翔通運有限公司,臺中市梧棲區頂寮里大勇路234號2樓,30000000,1150804
11053,84526958,久育營造股份有限公司,臺中市神岡區社口里社口街499巷22號1樓,120000000,1150812
11054,84527295,美弗實業股份有限公司,臺中市沙鹿區六路里六路十四街64號1樓,29000000,1150811
11058,84536230,陸陸捌實業有限公司,臺中市北屯區中清路二段1250巷118弄22號,5000000,1150827
11062,84558917,偉洲工程股份有限公司,臺中市西屯區臺灣大道四段1270號2樓之3,64700000,1150828
11064,84560370,笠毅工業股份有限公司,臺中市清水區中山路553號,70720000,1150803
11065,84562829,東新工業股份有限公司,臺中市新社區中正里中和街五段171號,42000000,1150818
11070,84577219,伸燦國際貿易有限公司,臺中市西屯區何成里大隆路167號3樓,10000000,1150819
11071,84577457,昊特企業有限公司,臺中市神岡區圳前里圳前路49號,6000000,1150812
11073,84587912,朋毅企業有限公司,臺中市西屯區福林里西屯路三段159之11巷16號13樓之2,2000000,1150807
11077,84597897,富智工業股份有限公司,臺中市大里區新里里上田街31之5號,2325000,1150818
11079,84605496,順峯股份有限公司,臺中市西屯區何成里大祥街10號2樓,6000000,1150807
11080,84612779,鈺承科技有限公司,臺中市南區建成路1215號1樓,30000000,1150828
11083,84636033,勝旭工業股份有限公司,臺中市大雅區三和里仁和北路35號,5000000,1150803
11084,84638378,大勝砂石股份有限公司,臺中市龍井區沙田路四段278巷1弄23號1樓,5000000,1150812
11086,84639313,名豐車體有限公司,臺中市龍井區忠和里臨港路二段50號,6000000,1150828
11087,84640162,千亞五金有限公司,臺中市北屯區仁美里昌平東五路189號1樓,6000000,1150813
11092,84672754,肯耐環保工程有限公司,臺中市南屯區永平路421巷6號1樓,3500000,1150804
11139,84823710,禾立企業有限公司,臺中市后里區義里里圳寮路143之1號,5000000,1150818
11141,84838827,承揚工業有限公司,臺中市大雅區三和里龍善一街120巷2號,5000000,1150827
11144,84855677,中邑營造股份有限公司,臺中市南屯區文山里保安三街68號2樓,22500000,1150831
11173,84965267,太貿企業有限公司,臺中市梧棲區頂寮里四維中路30號8樓,7000000,1150825
11182,85000537,鑫富資本有限公司,臺中市西屯區市政北一路77號13樓之6,97800000,1150821
11202,85011598,創益全球生技股份有限公司,臺中市西屯區市政北二路282號11樓之1,121900000,1150825
11209,85020479,潤鼎泰開發實業有限公司,臺中市西屯區潮洋里市政北二路236號20樓之2,300000,1150807
11210,85020528,永豐筑投資有限公司,臺中市龍井區龍泉里沙田路五段龍目井116巷17號1樓,5000000,1150807
11212,85021174,新世界有機美容用品有限公司,臺中市西屯區逢甲里寶慶街20號1樓,6000000,1150807
11214,85023222,永信顧問有限公司,臺中市沙鹿區鹿寮里三條圳二街109之6號1樓,6000000,1150805
11217,85025452,華軒生活有限公司,臺中市大雅區中清東路198號3樓,1200000,1150825
11218,85025615,愷彥生技股份有限公司,臺中市西區公正里大進街126號2樓之1,5000000,1150826
11219,85025755,美樂開發股份有限公司,臺中市西屯區長安路二段35巷119號2樓,10000000,1150803
11220,85025777,華育樂活股份有限公司,臺中市北屯區中清路二段552巷55號1樓,1000000,1150814
11235,85038098,悟本印藝生活股份有限公司,臺中市大肚區文昌路三段300巷37號1樓,100000,1150824
11252,85049010,敞域傢俬有限公司,臺中市北區健行里華貴街33號1樓,2000000,1150814
11253,85049525,樂為國際股份有限公司,臺中市西區民龍里臺灣大道二段300號7樓之5,30000000,1150804
11255,85049567,昭元鑫農業貿易有限公司,臺中市烏日區北里里太明路成豐巷172之5號1樓,500000,1150818
11256,85049686,禾居建設有限公司,臺中市大里區新仁路一段71巷1號6樓之6,2400000,1150806
11259,85052464,萬歐資訊整合服務有限公司,臺中市北屯區平安里文心路四段750號地下室之一、752號地下室,1000000,1150805
11260,85053750,樂耀國際有限公司,臺中市西區民龍里臺灣大道二段300號7樓之5,5000000,1150806
11264,85058100,鐿叡科技股份有限公司,臺中市北屯區水湳里文心路三段1027號6樓,3650010,1150811
11265,85058312,藝術生活景觀股份有限公司,臺中市東勢區廣興里中山路1之2號,1000000,1150810
11266,85058988,陞霖地產股份有限公司,臺中市北區賴興里文心路四段200號4樓之2,1000000,1150814
11267,85059017,北原礦業股份有限公司,臺中市北屯區舊社里北屯路453之5號,8500000,1150831
11268,85059213,曉職涯諮詢顧問有限公司,臺中市西屯區文心路三段78號2樓,250000,1150804
11269,85060099,吐司男開發股份有限公司,臺中市南屯區溝墘里大墩路717之5號,22700000,1150807
11270,85060106,寰享科技有限公司,臺中市南區和平里忠明南路758號17樓,600000,1150811
11274,85062293,茂正能源股份有限公司,臺中市大雅區民生路3段313巷45號1樓,1484260000,1150825
11300,85081051,做茶菜有限公司,臺中市西區美村路一段149巷10號,500000,1150818
11301,85081658,博川有限公司,臺中市西區公益路367號9樓之2,1375000,1150826
11303,85085113,威風格有限公司,臺中市西區中興一巷32號2樓,250000,1150819
11304,85085486,旭鴻資通股份有限公司,臺中市南區和平里忠明南路760號38樓,19407590,1150817
11305,85085492,上森景觀設計工程股份有限公司,臺中市清水區中華路81號2樓,80000000,1150806
11306,85086794,樂軒投資有限公司,臺中市西區民龍里臺灣大道二段300號7樓之5,5000000,1150805
11310,85088081,晨全行企業有限公司,臺中市烏日區三和里高鐵一路268號21樓之2,10000000,1150821
11315,85092846,宜康能源股份有限公司,臺中市西屯區重慶路289之10號,110260000,1150811
11322,85101654,大三營造工程股份有限公司,臺中市南區民興街96巷11號2樓,22500000,1150814
11327,85108798,菱達國際有限公司,臺中市北區太原南二街159號5樓之2,8000000,1150821
11328,85108848,柚喜股份有限公司,臺中市北屯區新平里經貿三路二段100號4樓,1000000,1150813
11329,85109017,晨心企業股份有限公司,臺中市大里區新仁里新仁路一段1之1巷63號,36000000,1150804
11331,85109641,光合森林股份有限公司,臺中市西屯區西屯路二段270巷1號3樓,5000000,1150813
11337,85116642,舜映實業有限公司,臺中市豐原區中正路536號2樓,5000000,1150821
11339,85120499,南和觀光旅行社股份有限公司,臺中市北屯區昌平路一段95之8號10樓之1,6000000,1150821
11369,85914842,富觀營造有限公司,臺中市北屯區軍功路一段512號1樓,22500000,1150803
11387,86070813,慶億木業有限公司,臺中市神岡區溪洲里堤南路260號,1000000,1150812
11388,86071123,隆太生技食品有限公司,臺中市西區華美街358號1樓,10000000,1150817
11389,86080782,豪府科技有限公司,臺中市北屯區崇德六路一段29號1樓,10000000,1150817
11392,86093597,品甫有限公司,臺中市神岡區社南里中山路851巷35弄27號,5000000,1150813
11395,86100957,文奕實業有限公司,臺中市豐原區鎌村里鎌村路326巷23之9號,2000000,1150817
11412,86177580,葉合佑實業有限公司,臺中市大肚區沙田路三段245巷101號,111700000,1150818
11413,86179996,瑩達興業有限公司,臺中市北區華信街7號,5000000,1150812
11414,86188257,驛站企業股份有限公司,臺中市烏日區三榮一路36號1樓,31799350,1150804
11419,86200604,冠德木業有限公司,臺中市大里區國光里大里一街2號1樓,5000000,1150813
11423,86210342,盛雲藥品股份有限公司,臺中市西區忠明南路303號18樓之3,64600000,1150820
11425,86211454,鈺達工業股份有限公司,臺中市外埔區大同里中山路158號1樓,60000000,1150814
11430,86221143,芳嘉工業股份有限公司,臺中市大雅區二和里神林南路272巷28號1樓,5000000,1150814
11437,86266871,鈞順實業股份有限公司,臺中市大雅區橫山里中山六路7號,12800000,1150817
11447,86328659,豪竣建設股份有限公司,臺中市北屯區松勇里松義街200號8樓之1,25000000,1150824
11450,86346832,榮洲食品股份有限公司,臺中市西屯區工業區四十一路17之1號,29000000,1150818
11451,86352524,長益精密工業股份有限公司,臺中市南屯區春社里精科八路12號,77000000,1150813
11461,86395050,聖暉建設股份有限公司,臺中市中區臺灣大道一段388號11樓之12,25000000,1150803
11467,86410637,圜特興業有限公司,臺中市北屯區軍功里軍福十九路165號1樓,40000000,1150817
11470,86427026,建樺群業股份有限公司,臺中市南屯區田心里惠文路285號1樓,60000000,1150813
11471,86428783,正茂科技有限公司,臺中市北屯區平昌里北平路四段128號1樓,2000000,1150803
11498,86533379,海峰營造股份有限公司,臺中市西屯區何福里漢口路二段140號7樓,60000000,1150814
11505,86554232,芊泰橡膠股份有限公司,臺中市南屯區文心南六路20巷3號1樓,20000000,1150828
11508,86571160,歐俞科技股份有限公司,臺中市潭子區大豐里潭富路二段11之1號1樓,25000000,1150820
11511,86590595,北慶營造有限公司,臺中市北區中清路一段372號10樓,100000000,1150813
11515,86598040,慶達營造有限公司,臺中市西區忠明南路497號11樓,22500000,1150828
11517,86617932,永鎰實業股份有限公司,臺中市神岡區溪洲里神洲路731號,39000000,1150807
11530,86677473,真巧成建設股份有限公司,臺中市梧棲區文明街242巷33弄38號1樓,10000000,1150819
11550,86765412,鐵勝企業股份有限公司,臺中市大肚區沙田路一段388巷6號,29000000,1150826
11551,86766974,亞克科技開發股份有限公司,臺中市大里區東昇里環中東路六段32號1樓,30000000,1150814
11552,86767761,黑冠實業股份有限公司,臺中市南區福田一街17號1樓,5600000,1150814
11555,86780743,咸丞興業股份有限公司,臺中市西屯區成都路276號1樓,20000000,1150827
11563,86800403,興展企業有限公司,臺中市大里區工業路68號1樓,30000000,1150825
11569,86830080,全宏營造股份有限公司,臺中市西區博館路117號3樓之1,150000000,1150818
11570,86835732,聖恩營造股份有限公司,臺中市西區臺灣大道二段501號19樓之2,500000000,1150826
11573,86845149,比久股份有限公司,臺中市龍井區南社路二段22號1樓,10000000,1150821
11596,86941760,良益環保工程有限公司,臺中市后里區月眉里安眉路134巷3弄15號,2000000,1150820
11599,86949952,日泰捲門企業有限公司,臺中市大安區永安里東西四路一段76巷10號1樓,5000000,1150805
11606,86983992,鉅瑋實業有限公司,臺中市南屯區工業區24路9號,80000000,1150807
11623,89114300,高度投資股份有限公司,臺中市北屯區文心路三段447號22樓之2,7205400,1150807
11624,89114316,經理家投資股份有限公司,臺中市北屯區文心路三段447號22樓之2,7205400,1150810
11639,89124948,豆生農業科技股份有限公司,臺中市西屯區市政北七路186號5樓之2,3000000,1150814
11645,89126235,翰宇國際投資股份有限公司,臺中市大里區西榮里西榮路146號1樓,10000000,1150803
11646,89126349,以安實業有限公司,臺中市北屯區水湳里文心路三段447號4樓,1000000,1150825
11647,89126663,大發不動產管理顧問有限公司,臺中市西屯區何明里太原路一段49號1樓,500000,1150806
11653,89130792,睿力股份有限公司,臺中市西區館前路63號9樓,500000,1150812
11655,89131188,天睦建設股份有限公司,臺中市沙鹿區興仁里沙田路66之1號1樓,50000000,1150804
11656,89131292,挪亞虹約貿易有限公司,臺中市潭子區頭家東里大成街3巷1之6號1樓,100000,1150825
11661,89135207,宙商地產有限公司,臺中市西區中興里中興街183號4樓之1,200000,1150810
11665,89136819,綠星數位科技股份有限公司,臺中市南屯區大誠里大墩路78號,1000000,1150820
11666,89137129,上揚不動產經紀有限公司,臺中市北區賴厝里永興街323號1樓,1000000,1150805
11689,89148625,日儲能源股份有限公司,臺中市北區臺灣大道二段360號5樓之1,108000000,1150804
11701,89154983,頌泉股份有限公司,臺中市西區臺灣大道二段285號22樓之3,300000,1150818
11705,89156146,基威德科技有限公司,臺中市南屯區同心里文心路一段186號20樓,2500000,1150828
11707,89156498,摯誠健康事業股份有限公司,臺中市北屯區舊社里敦富路207號5樓之1,20000000,1150805
11708,89156650,好時好適有限公司,臺中市西區後龍里民權路219號2樓,300000,1150817
11715,89161909,富得耕股份有限公司,臺中市西屯區環中路三段61號9樓之2,43000000,1150818
11719,89163478,督瑞爾文創有限公司,臺中市西屯區何德里漢口路二段151號12樓之1,300000,1150806
11725,89166334,銓鑫宏興業有限公司,臺中市太平區光華里長安七街25號3樓,5000000,1150827
11726,89166480,富昌工程有限公司,臺中市西區忠誠里忠明南路16號5樓之5,100000,1150817
11727,89166664,滺璽國際事業有限公司,臺中市南區和平里忠明南路758號10樓,12000000,1150825
11732,89170787,高默防衛國際有限公司,臺中市南區福順里忠明南路787號33樓之1,300000,1150817
11733,89170843,上吉智慧股份有限公司,臺中市西屯區福恩里工業區一路6巷10號7樓之9,2168000,1150819
11734,89170858,創恆管理顧問有限公司,臺中市北區淡溝里臺灣大道二段360號11樓之2,1000000,1150812
11738,89172440,希翼投資有限公司,臺中市西屯區福和里中工三路220之1號4樓,10000000,1150806
11757,89184017,日墨股份有限公司,臺中市西屯區大鵬里文心路三段241號14樓之1,3000000,1150821
11758,89184500,鍇博股份有限公司,臺中市西屯區福和里臺灣大道四段847號12樓,3000000,1150805
11759,89184781,詣霖車業股份有限公司,臺中市大里區新仁里新仁六街1巷6號3樓,5800000,1150820
11762,89187226,寬洺實業有限公司,臺中市西區土庫里忠明南路497號1樓,2000000,1150827
11763,89187268,特給樂股份有限公司,臺中市南區福興里五權南路167號地下一層樓之6,3320000,1150804
11767,89190159,鉅鏘國際有限公司,臺中市西區土庫里福人街121巷32號4樓,3000000,1150810
11785,89203372,大乘欣業股份有限公司,臺中市大里區立仁一路170巷17號,5000000,1150813
11787,89203886,金泰鑫工業股份有限公司,臺中市太平區興隆路一段70巷65號,4280000,1150818
11790,89212674,有信營造股份有限公司,臺中市南屯區大墩二街242號,29400000,1150814
11796,89226115,元澧營造股份有限公司,臺中市西屯區福安里西屯路三段95之2號1樓,22500000,1150812
11798,89228394,騰豐營造有限公司,臺中市北區健行里民權路559號11樓之3,40000000,1150825
11806,89284091,鋇錸國際有限公司,臺中市大雅區學府路76巷3號2樓,100000,1150828
11807,89284487,環峰企業管理顧問有限公司,臺中市龍井區新庄里中沙路新庄仔巷43之5號1樓,500000,1150827
11819,89323067,幸福狐狸股份有限公司,臺中市西區民龍里臺灣大道二段220號12樓,20000000,1150810
11832,89364566,萬展汽車貨運有限公司,臺中市東勢區新盛里東關路六段877號1樓,25000000,1150812
11834,89369020,豐邑建設股份有限公司,臺中市西區臺灣大道二段501號20樓之1、20樓之2,3800000000,1150817
11837,89384134,宏驎科技股份有限公司,臺中市大雅區雅潭路四段371號,50000000,1150807
11873,89507706,豐揚壓克力有限公司,臺中市豐原區豐田里豐原大道三段215號,6500000,1150828
11874,89508515,全民汽車有限公司,臺中市南區五權南路241巷10號1樓,500000,1150814
11879,89535251,友吉機電有限公司,臺中市北屯區和平里和祥路一段238號1樓,5000000,1150817
11880,89537687,松龍有限公司,臺中市豐原區南田里豐原大道五段216巷28號,12000000,1150814
11881,89540249,廣捷運輸股份有限公司,臺中市龍井區龍新路216巷35弄36號1樓,25000000,1150813
11889,89571919,泰有營造股份有限公司,臺中市北屯區文心路四段81號19樓,130000000,1150820
11916,89663868,愛樺企業股份有限公司,臺中市烏日區高鐵一路268號4樓之1,60000000,1150806
11926,89695833,巨榜鋼鐵股份有限公司,臺中市南區大慶街一段261號,160300000,1150812
11927,89697348,立穩營造股份有限公司,臺中市烏日區高鐵五路156號11樓,625000000,1150811
11928,89698070,新環隆機械工業股份有限公司,臺中市烏日區三榮十六路1巷162弄1號1樓,50000000,1150806
11949,89786382,綠地環保事業股份有限公司,臺中市南屯區大同里精誠路574巷22號1樓,5000000,1150827
11964,89851778,樂泰工業股份有限公司,臺中市南區樹義里樹義路39巷2號1樓,12000000,1150814
11966,89857843,東治實業股份有限公司,臺中市東區十甲里東英路629號,23360000,1150813
11967,89858673,昶茂微生物開發股份有限公司,臺中市大里區仁德里仁禮街33號,10000000,1150803
11968,89873409,友倫工業股份有限公司,臺中市大甲區日南里青年路121號,75000000,1150803
11973,89891912,耀鈦營造有限公司,臺中市大甲區中山路一段947號10樓,3600000,1150805
11975,89893904,政港通運企業股份有限公司,臺中市梧棲區安仁里臺灣大道九段80號2樓,28800000,1150819
11980,89904281,原同紙業股份有限公司,臺中市外埔區大同里中山路220巷2號,5000000,1150811
11997,89982862,長江龍環保工程股份有限公司,臺中市西屯區大容東街66號6樓,66000000,1150824
12001,89989561,匠豐投資股份有限公司,臺中市北屯區四平路238巷132號1樓,25000000,1150820
12019,90010296,雷蒙有限公司,臺中市西區忠明里臺灣大道二段406號8樓之1,600000,1150803
12021,90010970,橙丸有限公司,臺中市北區明德里忠明路407號3樓,300000,1150810
12023,90013527,燦陞實業有限公司,臺中市西屯區至善里臺灣大道三段646號7樓之12,1000000,1150825
12032,90020920,愛戴股份有限公司,臺中市西屯區中清路三段97號,20477273,1150813
12033,90020935,粒子音樂有限公司,臺中市清水區秀水里中社路41之9號,500000,1150807
12034,90021131,鼎祥物業資產管理有限公司,臺中市西屯區市政北七路186號5樓之2,103000,1150820
12035,90022552,台灣瑞森高科實業有限公司,臺中市太平區宜昌路245號1樓,500000,1150805
12038,90024307,首賦機械工程有限公司,臺中市后里區公館里尾社路363號1樓,6000000,1150824
12049,90030841,開動有限公司,臺中市西屯區福雅里永福路80號地下室一層,6500000,1150813
12058,90036346,頤達機械工程股份有限公司,臺中市烏日區環河北路286號,35000000,1150804
12059,90037485,安潤國際貿易有限公司,臺中市北區建興里永興街53之4號,200000,1150804
12093,90066241,玲瓏美學有限公司,臺中市潭子區得福街152號1樓,200000,1150814
12094,90066299,安旭資產管理股份有限公司,臺中市西屯區福和里臺灣大道四段847號11樓,4000000,1150805
12096,90067570,海裕國際有限公司,臺中市南屯區東興路二段177號,3000000,1150831
12097,90068613,漸亨通不動產開發有限公司,臺中市大里區仁美路45巷64號1樓,2000000,1150820
12122,90082100,合田鑫有限公司,臺中市東區干城里公園東路130號2樓之1、2樓之2,2000000,1150817
12127,90086909,祥全設計有限公司,臺中市西區民龍里臺灣大道二段186號24樓之3,4500000,1150826
12128,90087891,塍不動產有限公司,臺中市西屯區西墩里僑大二街68號2樓,950000,1150804
12129,90088174,振宇企業有限公司,臺中市太平區德隆里德明路320巷48號,1000000,1150804
12130,90089011,醫銜貿易有限公司,臺中市北屯區和平里軍福十一路270號2樓,1000000,1150807
12131,90089624,古德蹦寵物有限公司,臺中市北屯區松強里崇德十路一段88號1樓,3500000,1150819
12132,90090426,樺科智慧生醫股份有限公司,臺中市西屯區市政路539號6樓之2,15000000,1150817
12133,90090489,鑫大機械有限公司,臺中市大安區中庄里中山南路304巷9號1樓,9250000,1150812
12134,90090690,山澍工程有限公司,臺中市大里區立仁路243之1號1樓,1000000,1150804
12135,90090729,創源藝念場股份有限公司,臺中市西屯區潮洋里市政北二路238號27樓之1,100000,1150818
12136,90090919,盟碩投資股份有限公司,臺中市北屯區松山街174號1樓,5000000,1150804
12137,90091537,柏菲國際貿易有限公司,臺中市北屯區后庄里后庄七街260巷36弄10號,1080000,1150806
12138,90091641,和協科技股份有限公司,臺中市北區淡溝里育德路210之1號,30000000,1150810
12139,90093541,物勒工名室內裝修有限公司,臺中市北區淡溝里英才路366號,500000,1150803
12140,90094020,天醫國際健康有限公司,臺中市北區頂厝里崇德路一段629號17樓之1,10000000,1150820
12156,90107030,晁瑩國際股份有限公司,臺中市西屯區何南里大墩二十街118號5樓之1,50000,1150811
12157,90107518,貝貝寵物有限公司,臺中市南屯區大墩十一街283號,100000,1150814
12171,90112792,愉沐有限公司,臺中市南屯區南屯路二段290號12樓之2,1000000,1150817
12178,90119346,邑采開發有限公司,臺中市南屯區文心南路296號4樓,2000000,1150824
12190,90126938,米納國際行銷有限公司,臺中市西屯區何成里大墩十九街186號11樓之1,10000000,1150820
12191,90126971,帝亞國際實業有限公司,臺中市大里區永隆里永隆路346號1樓,500000,1150824
12192,90130736,欣螢企業有限公司,臺中市中區光復里平等街48號8樓之2,5000000,1150817
12213,90142607,叡圖國際有限公司,臺中市北區文莊里中清路一段89號7樓之3,2000000,1150812
12221,90147693,又豪永續股份有限公司,臺中市西屯區工業區三十六路21號,20000000,1150810
12222,90149123,沐肯國際有限公司,臺中市北屯區平心里昌平路一段95之8號7樓之2,10000000,1150827
12266,90185387,泰杜食品有限公司,臺中市中區光復里臺灣大道一段322號,31000000,1150819
12291,90208179,欣亞交通事業股份有限公司,臺中市潭子區中山路二段155號1樓,25000000,1150828
12307,90225748,星河創產有限公司,臺中市北區金華里雙十路二段73號2樓,1000000,1150826
12308,90226970,威爺投資有限公司,臺中市梧棲區中正里居仁街217巷5號1樓,500000,1150828
12322,90238053,大獅科技有限公司,臺中市北區文莊里中清路一段89號7樓之5,100000,1150817
12323,90240728,覓齡肌有限公司,臺中市西區忠誠里精明二街67號2樓,300000,1150820
12324,90240950,叄研空間工程有限公司,臺中市南區和昌街152號,500000,1150826
12328,90244392,德立高齡資產管理規劃有限公司,臺中市南區南陽街93號13樓之2,100000,1150807
12368,90280690,禾寓投資有限公司,臺中市西屯區市政北二路282號9樓之5,27000000,1150804
12369,90281500,和鉅鋼鋁有限公司,臺中市烏日區螺潭里慶光路83之11號,1000000,1150821
12370,90282249,利易達半導體設備股份有限公司,臺中市大雅區橫山里科雅路6號,33368956,1150818
12377,90288638,原力整合股份有限公司,臺中市潭子區大富路一段80號,10110000,1150817
12378,90290141,知築股份有限公司,臺中市西屯區西屯路二段69號1樓,2100000,1150825
12387,90299184,雙寶娛樂有限公司,臺中市北屯區文心路四段936號3樓之2,200000,1150805
12407,90314170,德潤資產管理有限公司,臺中市南區和平里忠明南路758號11樓,500000,1150821
12408,90315620,天惠儲能股份有限公司,臺中市北區臺灣大道二段360號5樓之1,178000000,1150828
12409,90315641,威陞企業有限公司,臺中市霧峰區吉峰里中正路1265巷61號,9000000,1150818
12410,90315656,天鈁充電科技股份有限公司,臺中市北區臺灣大道二段360號5樓之1,23500000,1150813
12415,90317845,卓益芯奇股份有限公司,臺中市龍井區台西南路212巷6之2號3樓,22000000,1150807
12416,90318160,正祐健身顧問有限公司,臺中市南屯區大業里公益路二段61號15樓,2000000,1150813
12434,90333660,無敵棒有限公司,臺中市南區新榮里學府路170號3樓之56,1000000,1150804
12445,90348615,富泰國際股份有限公司,臺中市太平區豐年里大源二十街36號2樓,300000,1150806
12452,90352997,正益精密製造有限公司,臺中市烏日區溪埧里溪福路280巷109號1樓,6000000,1150814
12453,90353139,首創見真股份有限公司,臺中市西屯區潮洋里黎明路二段783號1樓,19000000,1150804
12454,90353525,徠資股份有限公司,臺中市北屯區平田里文心路四段955號17樓,5150000,1150807
12455,90353927,里闊開發有限公司,臺中市西屯區上安路84巷14號2樓,200000,1150831
12464,90359892,架值資訊科技有限公司,臺中市西屯區惠來里市政路386號16樓之3,6000000,1150807
12465,90360407,鼎裕國際股份有限公司,臺中市西屯區何厝東二街23號9樓之3,800000,1150813
12466,90360737,逸寶科技有限公司,臺中市西屯區惠來里市政北七路186號5樓之2,300000,1150817
12478,90370926,廣場數位服務股份有限公司,臺中市北區賴福里進化北路392之2號12樓之2,17800000,1150825
12518,90408985,菱立有限公司,臺中市太平區大興里廍仔坑路16號1樓,1000000,1150812
12524,90413615,昱奇投資有限公司,臺中市烏日區湖日里高鐵東路397號12樓之2,16000000,1150814
12529,90419435,星熠創意行銷有限公司,臺中市西屯區西墩里西苑二街168號2樓,1000000,1150804
12530,90420051,鐿銓國際股份有限公司,臺中市西區臺灣大道二段573號1樓,78039320,1150814
12544,90431022,滿市集有限公司,臺中市北屯區東光里東山路一段115號1樓,1000000,1150821
12546,90432009,車富永國際有限公司,臺中市大里區大元里國光路一段1之8號1樓,10000000,1150806
12551,90433915,亞鑫皮件股份有限公司,臺中市大里區仁化里工業九路190號3樓,178487050,1150814
12552,90434597,八方木崙電力股份有限公司,臺中市北區文莊里日興街222號10樓之1,1000000,1150826
12553,90435076,立芙國貿有限公司,臺中市西區民龍里臺灣大道二段300號7樓之5,200000,1150819
12576,90446926,鑫濠國際有限公司,臺中市大里區仁化里中興路一段422號1樓,1000000,1150811
12592,90455797,勝新投資股份有限公司,臺中市西區大忠里忠明南路270號5樓之1,17000000,1150827
12593,90455924,憶橙工程有限公司,臺中市西屯區何安里臺灣大道二段910號11樓之5,200000,1150827
12621,90488636,祥佑包裝有限公司,臺中市龍井區新庄里新興路134巷2弄10號1樓,3000000,1150825
12631,90493737,歐客佬太原精品咖啡有限公司,臺中市北區崇德路一段517號,20000000,1150810
12632,90493758,愛買全球股份有限公司,臺中市西區公正里公益路367號11樓之2,10000000,1150818
12633,90495215,富捷消防安全設備有限公司,臺中市北屯區仁和里崇德十路一段452之6號,3500000,1150820
12655,90510829,仰浩企業有限公司,臺中市豐原區中正路534號2樓,1000000,1150824
12658,90512220,完美科技有限公司,臺中市東區旱溪街502號3樓,3000000,1150824
12665,90519238,龍騰電機有限公司,臺中市北屯區忠平里敦化路一段575號16樓,1000000,1150805
12666,90519407,原亞建設股份有限公司,臺中市西屯區朝富五街22之1號2樓,37000000,1150813
12675,90526651,敦槃開發股份有限公司,臺中市北區賴旺里中清路一段880巷10號1樓,46000000,1150827
12676,90527510,合合投資事業有限公司,臺中市大雅區大雅里中清路三段1132巷12號13樓之5,8000000,1150812
12685,90532942,大洋興業股份有限公司,臺中市烏日區榮泉里健行北路170號,10000000,1150825
12686,90534147,黛爾斯有限公司,臺中市烏日區學田里高鐵路三段168號1樓,250000,1150814
12704,90548629,鈺唐開發實業股份有限公司,臺中市北屯區仁美里豐樂路8之25號2樓,16000000,1150810
12705,90548923,咪玲有限公司,臺中市龍井區遠東街100巷1弄5號,3000000,1150820
12752,90583239,莫德國際有限公司,臺中市龍井區藝術街15巷1號,500000,1150806
12758,90589661,資生木箱有限公司,臺中市潭子區福仁里大新路79巷102號,300000,1150825
12759,90590007,正本有限公司,臺中市大肚區蔗廍里中沙路41號1樓,100000,1150811
12762,90591667,帛慶資訊有限公司,臺中市大里區仁化里仁化路698巷17號1樓,500000,1150819
12763,90591879,新視界傳媒有限公司,臺中市南區樹德里德祥街67巷17號,300000,1150811
12764,90592814,雨航國際貿易有限公司,臺中市西區臺灣大道二段2號20樓之1,16000000,1150804
12765,90592906,友銓不動產仲介經紀有限公司,臺中市南屯區文心南路116號1樓,5000000,1150817
12767,90597830,嵐川網路資訊室內裝修設計有限公司,臺中市大里區塗城路525之22號2樓,2000000,1150812
12770,90599957,長煬科技有限公司,臺中市大里區樹王里福德路20號,10000000,1150818
12771,90600413,星鱻電力股份有限公司,臺中市北區台灣大道2段360號5樓之1,3591582700,1150827
12772,90600716,福林門有限公司,臺中市西屯區惠來里市政路55號4樓之2,69010560,1150803
12790,90612467,承博實業有限公司,臺中市豐原區中正路536號2樓,1000000,1150821
12791,90613254,利璟室內裝修工程有限公司,臺中市西區和龍里臺灣大道二段2號20樓之1,200000,1150819
12825,90643834,活綠有限公司,臺中市西屯區文心路三段241號14樓之1,1000000,1150818
12837,90649984,劦景建設有限公司,臺中市清水區武鹿里五權路293巷6號1樓,5000000,1150820
12838,90650406,新迅科技股份有限公司,臺中市西屯區協和里工業三十三路1號4樓之5,12000000,1150827
12839,90650911,凱爾企業有限公司,臺中市北屯區仁和里崇德十路二段221號、223號,10000000,1150814
12849,90657098,峰安投資有限公司,臺中市北屯區水湳里文心路四段81號19樓,57956000,1150806
12854,90662557,鑫鎔國際有限公司,臺中市北屯區崇德六路一段30巷57之1號,1000000,1150831
12858,90666548,立捷國際租賃有限公司,臺中市太平區長安路446巷10號1樓,10000000,1150818
12859,90666940,亦寬國際貿易有限公司,臺中市西區忠明南路237號9樓之2,10000000,1150805
12860,90667309,竟丰開發國際有限公司,臺中市西屯區潮洋里市政北二路236號20樓之2,4000000,1150807
12880,90678018,友益股份有限公司,臺中市西屯區福和里臺灣大道四段927號2樓,3740000000,1150820
12896,90686489,上寬工程有限公司,臺中市北屯區豐樂路26之30號1樓,1000000,1150805
12897,90687425,千鋒貿易有限公司,臺中市霧峰區甲寅里德維西街13號8樓,700000,1150806
12900,90689964,誠幸福股份有限公司,臺中市中區光復路169-1號,10000000,1150825
12903,90694376,多元綠動股份有限公司,臺中市西區吉龍里五權路1之9號1樓、2樓,15000000,1150820
12905,90696830,睦唐建設有限公司,臺中市西區公益路367號13樓之2,40000000,1150819
12906,90697991,鴻宇貿易企業有限公司,臺中市南屯區豐樂里文心南七路28號1樓,6000000,1150826
12907,90698437,力度電機有限公司,臺中市南屯區大誠里五權西路二段131號16樓之1,3060000,1150821
12932,90725841,景苰有限公司,臺中市大肚區成功里文昌路三段324巷131弄31號,1000000,1150824
12935,90738326,太暘營造股份有限公司,臺中市沙鹿區斗潭路155巷65號1樓,131587500,1150826
12942,90745500,小許娛樂有限公司,臺中市北屯區文心路四段936號3樓之2,500000,1150805
12943,90751517,穎鴻智能有限公司,臺中市南區崇倫里忠明南路730巷23號13樓之1,1500000,1150803
12944,90753281,無限飛潔實業有限公司,臺中市西屯區安和路189巷6號5樓,7000000,1150818
12945,90753326,榮心實業股份有限公司,臺中市西屯區福科路699號11樓,3650000,1150819
12946,90753846,霍可地產有限公司,臺中市大里區中興路二段596之1號,1000000,1150803
12973,90784524,御茶丹生物科技有限公司,臺中市西區民族路327號,200000,1150813
12989,90820155,巨禾豐投資有限公司,臺中市北屯區祥順五街2號1樓,110800000,1150812
12995,90824954,萬融精密有限公司,臺中市豐原區豐田里田心路二段267巷1弄31號1樓,500000,1150818
13019,90840716,偉旺科技有限公司,臺中市太平區樹孝路321巷3號12樓,11000000,1150813
13020,90841216,午為室內設計有限公司,臺中市西屯區何明里西屯路二段19號2樓之1,1000000,1150811
13033,90853795,榮騰精研有限公司,臺中市大雅區員林里大林路294號,2600000,1150807
13034,90861227,榮昌機械有限公司,臺中市太平區宜欣里富平路37巷60號1樓,600000,1150817
13037,90865125,寶淇投資開發股份有限公司,臺中市西屯區漢口路二段25號1樓,25108000,1150804
13038,90866460,宜家居傢櫥有限公司,臺中市西屯區何仁里永昌二街43號,1000000,1150813
13039,90866671,蒲寓空間有限公司,臺中市太平區福隆里東方三街6巷23號1樓,3000000,1150811
13048,90872792,櫟心國際有限公司,臺中市大雅區員林里神林路一段131號,2100000,1150817
13058,90881820,難忘美有限公司,臺中市南區復興路二段34號13樓之5,6000000,1150810
13067,90889935,濬禾國際有限公司,臺中市南屯區公益路二段61號3樓之2,500000,1150814
13068,90891290,羽棠有限公司,臺中市南區和平里復興路二段64巷3號1樓,500000,1150817
13070,90892093,迦芫股份有限公司,臺中市西屯區潮洋里市政北二路238號22樓之1,600000,1150824
13071,90892447,葳宇體能有限公司,臺中市太平區新福路360號1樓,3000000,1150805
13072,90892474,帕圖科技有限公司,臺中市沙鹿區三鹿里向上路六段737號3樓之6,3000000,1150817
13073,90894796,葛氏實業有限公司,臺中市西區公益里忠明南路237號6樓之2,10500000,1150803
13074,90896443,宏冠資訊有限公司,臺中市西屯區逢福里河南路二段262號3樓之11,5000000,1150818
13084,90943419,中鵬國際股份有限公司,臺中市南屯區同心里南屯路二段290號8樓之7,5100000,1150803
13088,90978520,青傳媒新聞報有限公司,臺中市西區民權路219號2樓,1000000,1150828
13103,91010702,永春田科技有限公司,臺中市南屯區田心里大墩四街321號地下1層,3000000,1150804
13104,91011152,勤天管理顧問有限公司,臺中市北區臺灣大道一段635號,3000000,1150813
13106,91013433,豐潤營造股份有限公司,臺中市南屯區豐富路289號1樓,108000000,1150821
13107,91013840,盛網科技股份有限公司,臺中市西屯區臺灣大道四段847號11樓,29000000,1150820
13151,91037821,研台科技有限公司,臺中市西屯區潮洋里市政北二路238號22樓之1,1000000,1150810
13156,91042970,懷本室內裝修工程有限公司,臺中市南區復興路三段1之1號2樓,150000,1150805
13158,91043746,奉樺營造有限公司,臺中市大雅區六寶里清陽一路39巷16號2樓,3600000,1150811
13159,91044386,名宸企業有限公司,臺中市西區臺灣大道二段2號18樓之1,100000,1150825
13160,91044941,利奇室內裝修有限公司,臺中市太平區環中東路四段61號,100000,1150810
13161,91045028,樺勝有限公司,臺中市沙鹿區斗抵里沙田路22之8號1樓,300000,1150813
13162,91045054,華申工程有限公司,臺中市沙鹿區沙田路22之8號1樓,300000,1150810
13163,91045168,惟琪管理顧問有限公司,臺中市北區福壽街10號,300000,1150831
13168,91048046,勝易企業有限公司,臺中市南屯區文山里忠勇路52之188號1樓,5100000,1150805
13169,91049100,騏浤資訊股份有限公司,臺中市北區青島路三段132號14樓之1,7039000,1150814
13170,91049328,順榮德股份有限公司,臺中市中區綠川東街20號5樓之1,160000,1150819
13175,91056158,台中頂贏國際事業股份有限公司,臺中市南區高工路377號,4000000,1150820
13187,91063783,寶信投資股份有限公司,臺中市潭子區頭家東里中山路一段480巷6之1號,16500000,1150826
13188,91064002,三人組股份有限公司,臺中市西區公益里忠明南路237號5樓之2,1000000,1150811
13221,91086441,明信實業有限公司,臺中市西屯區何仁里重慶路201之1號,50000,1150812
13222,91086603,材縉開發工程有限公司,臺中市潭子區潭富路一段87巷58號1樓,6000000,1150803
13223,91087103,聿升醫材有限公司,臺中市潭子區大新路23巷17號2樓,500000,1150821
13228,91094483,緯勝國際有限公司,臺中市清水區橋頭里民有路118號1樓,100000,1150814
13229,91094630,愛拚電子商務有限公司,臺中市中區三民路二段124號,5100000,1150805
13230,91095194,億塘工程有限公司,臺中市大里區仁化里仁堤二街47巷3號1樓,300000,1150806
13234,91101365,勝懋金屬科技有限公司,臺中市沙鹿區六路里明秀二街40巷10號1樓,1000000,1150814
13241,91108536,大金工程顧問股份有限公司,臺中市龍井區工業路246巷19號,5000000,1150824
13267,91124992,宥杏股份有限公司,臺中市西屯區大河里長安路一段83號1樓,15000000,1150831
13275,92602459,台灣管理系統驗證有限公司,臺中市北屯區同榮里大富路50巷12號,1000000,1150828
13276,92602520,高陽事業股份有限公司,臺中市南屯區新生里向上路三段452號,6000000,1150805
13277,92602628,良心品有限公司,臺中市西屯區逢甲里西屯路二段256巷6號2樓之8,100000,1150818
13278,92602887,晶湛創意行銷有限公司,臺中市北區中清路一段79號9樓,3500000,1150813
13279,92603274,崴辰國際企業有限公司,臺中市西屯區潮洋里龍門路146號1樓,2000000,1150810
13323,93486149,錦鴻國際貿易有限公司,臺中市西屯區大墩二十街118號5樓之1,200000,1150821
13324,93486210,睿恩生技股份有限公司,臺中市西屯區惠來里惠中路一段88號17樓之1,20000000,1150803
13337,93498742,立唯企業有限公司,臺中市西屯區何安里臺灣大道二段910號11樓之5,500000,1150803
13358,93510295,鴻億工程塗料有限公司,臺中市北區進化北路369號9樓,1000000,1150813
13365,93513238,泓廷系統應用有限公司,臺中市潭子區東寶里雅潭路三段東寶巷159號,1000000,1150827
13366,93513526,未來維度有限公司,臺中市北區頂厝里進化北路238號10樓之3,1000000,1150807
13395,93530905,達亞生活事業股份有限公司,臺中市大雅區忠義里東大路二段999號,27581920,1150807
13406,93541092,元順金屬企業股份有限公司,臺中市神岡區豐洲里神洲路86巷13號,5980755,1150806
13407,93541327,倍恩健身國際有限公司,臺中市西區土庫里五權五街152號1樓和2樓之1,300000,1150807
13408,93541810,勝睿企業管理顧問有限公司,臺中市大里區國光路二段704之5號,1000000,1150810
13409,93543633,懿晨股份有限公司,臺中市西屯區福雅里福雅路16巷13號1樓,13472500,1150818
13410,93544979,艾惟爾投資有限公司,臺中市西屯區港尾里中清路二段1270號2樓,3200000,1150827
13428,93551112,文創先生娛樂新媒體有限公司,臺中市北區頂厝里崇德路一段631號16樓之1,500000,1150813
13430,93553765,玖宏物業有限公司,臺中市大里區中興路二段153巷13號12樓,200000,1150803
13443,93562173,俊信星建設股份有限公司,臺中市西區忠明南路420號4樓之2,3000000,1150806
13444,93563428,新基國際股份有限公司,臺中市南屯區惠德街297號21樓之1,119400000,1150819
13450,93569350,互羽有限公司,臺中市龍井區龍泉里中社一街39號1樓,2000000,1150814
13451,93569767,川騰資訊有限公司,臺中市南屯區同心里文心路一段218號16樓之1,100000,1150826
13459,93576492,勝泰自動化有限公司,臺中市梧棲區草湳里梧南路149號,2000000,1150804
13460,93576887,詠旭機電工程有限公司,臺中市南屯區文心路一段378號7樓之10,1000000,1150825
13461,93577295,思摩設計有限公司,臺中市南屯區豐樂里文心南路296號3樓,800000,1150813
13462,93577350,御皇國際車業有限公司,臺中市南屯區南屯里五權西路二段666號6樓之4,2000000,1150807
13465,93579076,育駐食品有限公司,臺中市西區忠明里美村路一段133巷9號,200000,1150819
13477,93586251,騏霖科技有限公司,臺中市北屯區平順里昌平路一段400號7樓之1,1000000,1150810
13492,93597341,盈鑫榮資產顧問有限公司,臺中市南區福順里忠明南路789號17樓之1,1000000,1150819
13493,93597476,財笙鋼構有限公司,臺中市大里區長榮里新生西路116巷16號5樓,100000,1150807
13507,93606566,派翠客運動科技有限公司,臺中市南屯區大容東街24號1樓,100000,1150804
13508,93607214,禾莯有限公司,臺中市西屯區潮洋里市政北二路282號21樓之9,3000000,1150810
13509,93607328,御境室內裝修設計有限公司,臺中市北屯區松竹路二段300巷11弄3號,2400000,1150810
13510,93607333,正港興業有限公司,臺中市西區民龍里梅川西路二段19之6號12樓,10000000,1150817
13511,93607713,宏晨管理顧問有限公司,臺中市南區德義里忠孝路1號4樓之3,5000000,1150824
13526,93615426,又瑞有限公司,臺中市南屯區南屯路二段290號12樓之2,1000000,1150812
13540,93624543,雲傑股份有限公司,臺中市西屯區市政北二路282號26樓之5,5900000,1150814
13541,93624706,開智數位有限公司,臺中市西區福人街98號(2樓),2300000,1150814
13542,93624797,全星機械科技有限公司,臺中市南屯區南屯里五權西路二段666號6樓之4,1020000,1150803
13573,93646758,盈臻有限公司,臺中市豐原區豐原里三民路8之3號2樓,600000,1150827
13574,93647052,十萬伏特電力股份有限公司,臺中市烏日區高鐵一路268號12樓之6,6000000,1150817
13586,93659042,圓達科技股份有限公司,臺中市南屯區寶山里工業區二十三路12號,223000000,1150828
13587,93659583,金寓開發建設有限公司,臺中市大里區東興里國光路二段704之5號,1000000,1150805
13588,93659900,永威人工智慧有限公司,臺中市西屯區臺灣大道四段771號3樓,2000000,1150821
13589,93660224,益詩有限公司,臺中市北屯區和平里東山路一段316之2號,1000000,1150810
13623,93700540,張衫李飾有限公司,臺中市北區臺灣大道二段340號9樓之1,500000,1150814
13624,93701421,友夢生醫股份有限公司,臺中市西屯區臺灣大道二段910號9樓之3,600000000,1150813
13645,93731939,盛倢國際有限公司,臺中市東區東興里興大路5號1樓,100000,1150813
13660,93751391,新加坡商冕創有限公司,臺中市北屯區平安里文心路4段752之2號,0,1150810
13665,93758492,大辰建設有限公司,臺中市西屯區惠中一街30號7樓之2,20000000,1150820
13676,93763235,海央遊戲有限公司,臺中市烏日區三和里高鐵五路156號7樓之3,1530000,1150812
13685,93768225,圓沐有限公司,臺中市大雅區大林路212巷21弄30號,2000000,1150820
13686,93768793,八方國際投資股份有限公司,臺中市南屯區精科路11號1樓,3265000000,1150826
13687,93768920,泳旭樂活股份有限公司,臺中市南區復興路二段71巷77弄66號1樓,2000000,1150805
13688,93769147,巨陽控股股份有限公司,臺中市南區大慶街一段261號,60700000,1150810
13689,93769195,玉陞林生技有限公司,臺中市大肚區自強里遊園路二段203巷3弄87號1樓,1000000,1150826
13692,93772179,云圖國際有限公司,臺中市北屯區崇德九路652號1樓,1000000,1150805
13693,93772516,鑫偉勝投資有限公司,臺中市南屯區寶山里工業區十八路6號1樓,10000000,1150813
13694,93772585,上禾光電股份有限公司,臺中市西屯區工業區三十八路185之1號4樓,1000000,1150824
13695,93776219,寵愛有限公司,臺中市西屯區大鵬里文心路三段241號14樓之1,100000,1150807
13698,93777456,畫心顧問股份有限公司,臺中市西屯區市政北七路186號三樓之3,1000000,1150824
13722,93791859,大城興業國際有限公司,臺中市北區華美街二段104之6號1樓,500000,1150828
13723,93792436,美麗百分百有限公司,臺中市西屯區永安里國安一路121號1樓,5000000,1150824
13724,93792800,廷皇國際旅行社有限公司,臺中市西屯區河南路一段132號1樓,6000000,1150813
13725,93793414,淨潼美人有限公司,臺中市大雅區大雅里學府路250巷82弄13號1樓,2000000,1150812
13726,93793646,橙瑋景觀有限公司,臺中市北屯區后庄里后庄一街130號9樓,2000000,1150827
13727,93793913,寶信源工程有限公司,臺中市南屯區溝墘里大業路241號3樓之1,8000000,1150810
13728,93794032,新悅環保科技有限公司,臺中市南區福順里南昌街26號1樓,5000000,1150824
13753,94003986,愛健康國際股份有限公司,臺中市西區大隆路20號11樓之5,23380616,1150814
13754,94004129,雙穎國際股份有限公司,臺中市沙鹿區大同街21巷16號,5000000,1150828
13756,94004660,煥捷科技股份有限公司,臺中市西屯區市政北二路236號27樓之1,2000000,1150820
13761,94008390,耀詠有限公司,臺中市大里區仁德里四維街39巷22號1樓,500000,1150818
13762,94008547,幸福朗量子生物科技股份有限公司,臺中市西區民龍里臺灣大道二段220號12樓,12000000,1150814
13763,94008758,遵漋程國際菸酒有限公司,臺中市南屯區惠中里文心路一段324號11樓之1,1500000,1150825
13764,94009898,慧孚興業有限公司,臺中市南屯區南屯里五權西路二段666號9樓之6,5000000,1150825
13781,94019333,乙二百貨有限公司,臺中市北屯區同榮里同榮路86號1樓,1000000,1150820
13782,94020633,佳榕國際有限公司,臺中市西屯區市政北七路186號12樓之8,1000000,1150810
13783,94020991,永昕企劃有限公司,臺中市太平區宜昌里中山路三段1巷56弄4號,300000,1150821
13785,94021289,鴻州環球有限公司,臺中市北屯區水湳里文心路三段447號7樓之3,2000000,1150818
13786,94021339,雲流整合行銷有限公司,臺中市南屯區豐樂里永順路582號1樓,3000000,1150818
13787,94021555,蛋白波樂有限公司,臺中市南區建國南路一段147號三樓,1000000,1150805
13797,94027973,裕偉工程有限公司,臺中市大雅區永和路116-3號,1000000,1150819
13809,94036537,皇有限公司,臺中市北屯區新平里中清路二段633巷1號5樓之1,500000,1150819
13810,94037058,崧柏股份有限公司,臺中市西屯區福雅里福雅路16巷13號1樓,18600000,1150821
13811,94037091,耀裕畜產股份有限公司,臺中市大肚區營埔一街2號,70000000,1150803
13820,94045199,亞文資產股份有限公司,臺中市西屯區何福里寧夏東二街17巷5號2樓,6000000,1150817
13827,94049028,法瑪皙國際有限公司,臺中市西區忠誠里華美西街一段36號9樓,1000000,1150806
13831,94051874,眼界國際事業有限公司,臺中市西屯區永安里福雅路350號2樓,3000000,1150813
13832,94052120,邦士美股份有限公司,臺中市神岡區岸裡里大富路35巷5號1樓、7號1樓,19380000,1150828
13849,94061943,點豐有限公司,臺中市西區民龍里臺灣大道二段186號19樓之1,100000,1150812
13850,94062231,木鼎作室內裝修設計有限公司,臺中市龍井區竹師路一段210巷36之11弄40號1樓,3000000,1150812
13862,94071463,領航環境與安全衛生科技顧問股份有限公司,臺中市大里區東興里國光路二段706之12號,1000000,1150825
13872,94075101,鉅石國際輪業有限公司,臺中市南屯區楓樹里黎明路一段202號1樓,200000,1150824
13919,94110347,荏流生醫有限公司,臺中市南屯區大業路131號1樓,500000,1150804
13921,94111303,大願開發股份有限公司,臺中市大里區立德里立中街25號1樓,22000000,1150810
13922,94111459,巨暉控股股份有限公司,臺中市南區大慶街一段261號,86047000,1150805
13923,94111535,崧凰股份有限公司,臺中市西屯區福聯里福順路861號1樓,21025000,1150818
13924,94111676,巨誠控股股份有限公司,臺中市南區大慶街一段261號,60725000,1150805
13925,94111916,永德開發有限公司,臺中市東區十甲里東英八街38號1樓,168000,1150803
13926,94112350,眾義興業有限公司,臺中市潭子區栗林里弘智一街168號10樓之5,5000000,1150820
13927,94112458,榮駿資產管理顧問有限公司,臺中市神岡區民權路35巷16號1樓,1000000,1150824
13938,94118734,顏生工程有限公司,臺中市太平區宜昌里環中東路四段93號15樓之3,2000000,1150812
13939,94118988,暖惒有限公司,臺中市北屯區和順一街9之5號１樓,6000000,1150826
13940,94119918,貪吃過後股份有限公司,臺中市北區賴明里中清路一段586號,2000000,1150820
13941,94119945,昕毓生命美學有限公司,臺中市西屯區大福里長安路二段148號1樓,580000,1150814
13942,94119987,鐈緯科技股份有限公司,臺中市后里區墩南里舊圳路2之2號1樓,800000,1150803
13950,94128374,諾雅控股股份有限公司,臺中市大雅區四德里中清路三段739號2樓,5000000,1150814
13951,94128682,超凡企業有限公司,臺中市南屯區同心里文心路一段186號9樓之5,300000,1150814
13952,94129009,泳翔有限公司,臺中市南區平和里忠明南路758號11樓,2000000,1150827
13956,94132665,愛因斯坦太陽能股份有限公司,臺中市南區忠明南路789號13樓之2,10000000,1150826
13957,94133685,銳獅貿易有限公司,臺中市梧棲區梧棲路75號2樓,1000000,1150831
13958,94134805,長鴻教育科技有限公司,臺中市西屯區何厝里何厝東二街101號1樓,5000000,1150811
13987,94160232,米安有限公司,臺中市西區民龍里臺灣大道二段300號7樓之5,1000000,1150828
13989,94161289,星月臻享飲品有限公司,臺中市北屯區舊社里長聖街16號1樓,1000000,1150811
13991,94161387,燁旺頂峰有限公司,臺中市西屯區惠來里市政北七路186號3樓之3,50000,1150828
13996,94163863,京和投資股份有限公司,臺中市豐原區翁明里明義街43巷16號,3000000,1150825
13997,94163890,坦克投資股份有限公司,臺中市豐原區北陽里綠山二街158號,3000000,1150818
14028,94182783,購得易國際文創股份有限公司,臺中市西區和龍里臺灣大道二段16號19樓之2,3500000,1150825
14029,94183690,秒售科技有限公司,臺中市西屯區惠來里市政北七路186號3樓之3,2000000,1150828
14042,94192380,姜子牙管理顧問股份有限公司,臺中市西區和龍里臺灣大道二段2號17樓之6,1000000,1150819
14046,94194795,豊育生技有限公司,臺中市東區泉源里樂業二路92號7樓之2,2100000,1150812
14063,94200895,琚嫄楠實業有限公司,臺中市西屯區何厝里漢口路一段37號3樓,50000,1150827
14064,94201873,豪緯工程資訊有限公司,臺中市南區福順里忠明南路787號21樓之1,1000000,1150821
14065,94202471,台灣智綠科技股份有限公司,臺中市西屯區成都路283號1樓,134420000,1150825
14077,94206764,展泓開發有限公司,臺中市神岡區神洲里豐洲路881巷6號,6200000,1150806
14078,94207095,巧富國際投資有限公司,臺中市北區錦中街108號1樓,14000000,1150821
14079,94207150,鋇斯股份有限公司,臺中市神岡區中山路667巷32弄38號,1000000,1150824
14080,94207172,崙金二地熱能源股份有限公司,臺中市烏日區高鐵一路268號12樓之5,1000000,1150814
14081,94207617,紅葉地熱能源股份有限公司,臺中市烏日區高鐵一路268號12樓之5,46000000,1150817
14082,94207980,雄玉國際實業有限公司,臺中市中區綠川西街137號9樓之5,5000000,1150827
14083,94208094,溢伸貿易有限公司,臺中市太平區中政里中平路147號4樓,150000,1150817
14084,94208242,盛秦投資股份有限公司,臺中市北屯區仁和里山西北一街97巷6號1樓,1500000,1150810
14085,94208637,宮保第有限公司,臺中市東區公園東路130號2樓之1,1700000,1150821
14086,94209452,市榮兆業建設股份有限公司,臺中市西區民龍里臺灣大道二段220號12樓,52000000,1150811
14112,94221759,新邑豐國際開發有限公司,臺中市東區旱溪里旱溪西路一段502號,5000000,1150817
14113,94222477,潤源泰實業有限公司,臺中市西區吉龍里五權五街139巷16號,1000000,1150827
14117,94226754,威揚營造股份有限公司,臺中市南屯區春社里溫泉路99之21號1樓,25000000,1150814
14118,94228177,無限國際有限公司,臺中市南屯區新生里環中路四段97號,500000,1150820
14142,94242635,傳騰貿易企業有限公司,臺中市北區崇德里榮華街213號,1000000,1150818
14143,94243135,玥好生活美學有限公司,臺中市西屯區何厝里何厝街36號1樓,1000000,1150814
14153,94250058,聰熒有限公司,臺中市大里區內新里環中東路六段308號1樓,5000000,1150824
14171,94258170,聚善一水元蔬宇宙股份有限公司,臺中市北區長青里陝西東五街96號1樓,3000000,1150806
14173,94258376,益達國際有限公司,臺中市北屯區平田里文心路四段955號10樓之2,2400000,1150819
14174,94258679,科晶科技有限公司,臺中市大肚區中蔗路30之8號3樓,15000000,1150821
14175,94258777,和偉工程有限公司,臺中市清水區橋頭里民有路95巷35號1樓,1200000,1150819
14176,94260892,嘉銘圓能源股份有限公司,臺中市霧峰區五福里中投西路二段520號,4000000,1150817
14178,94262456,菁創開發有限公司,臺中市北區頂厝里進化北路238號10樓之3,500000,1150826
14217,95430058,上浤醫藥生技股份有限公司,臺中市西屯區福中里中工二路192號3樓,80000000,1150814
14224,95436362,附子花文創有限公司,臺中市北區進化北路369號地下1樓,7020000,1150807
14228,95438642,良佾科技有限公司,臺中市南區樹義里福田二街351號5樓之2,2000000,1150807
14230,95438946,華宸科技美容有限公司,臺中市南區和平里忠明南路758號17樓,3000000,1150824
14236,95442929,凱雲有限公司,臺中市南區福興里五權南路167號地下一層樓之6,200000,1150810
14244,95449710,精靈和森有限公司,臺中市西區和龍里臺灣大道二段2號8樓之5,100000,1150814
14253,95453988,大漢生醫股份有限公司,臺中市西屯區臺灣大道四段839號7樓,1000000,1150821
14260,95456747,天助開發工程有限公司,臺中市西屯區大鵬里文心路三段241號10樓之1,2000000,1150807
14274,95469270,禾序國際有限公司,臺中市西區後龍里民權路219號2樓,1000000,1150810
14276,95471120,金倢有限公司,臺中市神岡區中山路1570號,5000000,1150828
14287,95476053,璟苑股份有限公司,臺中市北屯區后庄六街130號,5000000,1150810
14303,95486828,理鉅實業有限公司,臺中市北區健行里梅亭街668巷19號1樓,300000,1150820
14304,95487164,簡單剛好科技整合有限公司,臺中市西區五權七街63巷12號,5000000,1150821
14307,95489536,樂頻粒子有限公司,臺中市南屯區河南路四段522號22樓之6,1000000,1150825
14312,95491603,松福田投資有限公司,臺中市南屯區同心里文心路一段218號16樓之1,10000000,1150814
14316,95492820,和家管理顧問有限公司,臺中市南區和平里忠明南路758號10樓,1000000,1150824
14319,95494658,小越同學有限公司,臺中市南屯區三義里大業路601號10樓,1000000,1150814
14326,95499247,寶冠資訊有限公司,臺中市西屯區市政北一路77號14樓之12,500000,1150805
14328,95505402,宇富食品有限公司,臺中市大里區永隆里大明路400號,200000,1150826
14330,95547901,尚昱有限公司,臺中市西區民龍里臺灣大道二段285號12樓之1,10000000,1150827
14332,95662900,青松控股有限公司,臺中市梧棲區建國北街151巷65號2樓,100000,1150821
14337,96571962,木將工程有限公司,臺中市西屯區環中路二段22之12號1樓,5500000,1150821
14359,96677846,驊霏有限公司,臺中市西屯區臺灣大道二段910號4樓之2,12000000,1150824
14363,96687176,霧都餐飲有限公司,臺中市北區育德里健行路449之3號,200000,1150805
14364,96750521,麗庠投資事業股份有限公司,臺中市北屯區后庄路833號1樓,20000000,1150824
14384,96762738,康菲實業有限公司,臺中市西區民龍里臺灣大道二段300號4樓之1,2500000,1150818
14395,96769633,沐畇室內裝修有限公司,臺中市太平區福隆里東方三街6巷23號1樓,3880000,1150817
14397,96770239,宇盺投資有限公司,臺中市沙鹿區鹿寮里中山路416號,13400000,1150817
14399,96770913,勝誠室內設計有限公司,臺中市北區五義街220巷13號1樓,100000,1150819
14400,96770961,迅富投資顧問股份有限公司,臺中市西區精誠路298號1樓,2000000,1150824
14404,96773334,聖瑞國際有限公司,臺中市大里區永隆里永明街259巷2號1樓,6000000,1150820
14408,96777845,佳泰益成股份有限公司,臺中市南屯區惠中里文心路一段324號11樓之1,5400000,1150813
14412,96779421,積富通股份有限公司,臺中市北區賴村里學士路257號3樓,1000000,1150821
14418,96783038,熱浪小島股份有限公司,臺中市南屯區豐樂里黎明路一段858號1樓,6670000,1150805
14420,96784579,顏己有限公司,臺中市龍井區中社七街98巷9號2樓,3000000,1150814
14424,96785417,登財貿易股份有限公司,臺中市西屯區潮洋里臺灣大道三段789號13樓之2,300000,1150825
14432,96792542,曜玉有限公司,臺中市北區三民路三段265號6樓之6,200000,1150818
14436,96794680,金百泉生技股份有限公司,臺中市大里區東興里國光路二段706之7號,28000000,1150819
14446,96802056,十里大舖有限公司,臺中市西屯區惠來里市政北七路186號3樓之3,200000,1150803
14450,96802963,進盛投資股份有限公司,臺中市大里區爽文路649號1樓,28550000,1150818
14462,96812765,園昶能源股份有限公司,臺中市北區博館路87號5樓,33000000,1150827
14467,96814784,鑫迪投顧有限公司,臺中市烏日區溪南路二段692號1樓,5950000,1150817
14472,96817831,泰羿生醫有限公司,臺中市太平區永義路225巷27號,1000000,1150826
14477,96822686,兆鈐有限公司,臺中市霧峰區福新路272號1樓,300000,1150824
14485,96826711,登鋐工程有限公司,臺中市龍井區龍津里三港路500巷7號,2000000,1150827
14487,96827227,中詠投資股份有限公司,臺中市西區中興里公正路85號24樓之3,5000000,1150827
14493,96831257,一大氣壓有限公司,臺中市北區博館東街42號1樓,2500000,1150811
14502,96833591,華威文教有限公司,臺中市西區忠明里館前路12號15樓之1,1000000,1150825
14514,96839482,伊媚兒有限公司,臺中市北屯區平興里興安路二段59號,2000000,1150803
14527,96848264,宅科技股份有限公司,臺中市東區公園東路130號2樓之2,5000000,1150817
14540,96908826,合升國際貿易股份有限公司,臺中市西區忠明里博館路101號2樓之2,7800000,1150817
14543,96914910,益榮印刷有限公司,臺中市太平區永義十二街7號,20500000,1150826
14544,96915495,勤工股份有限公司,臺中市大雅區員林里神林路一段285號,10000000,1150828
14570,96982228,史邁爾股份有限公司,臺中市南區復興路一段241號、243號,28000000,1150828
14574,96992871,春社加油站股份有限公司,臺中市南屯區永春路35之25號,16000000,1150814
14575,96994630,騰駿營造有限公司,臺中市梧棲區和平街112巷49號1樓,170000000,1150810
14582,97014091,紳立通運股份有限公司,臺中市北屯區崇德路三段168號2樓,25000000,1150813
14584,97019645,定興投資股份有限公司,臺中市西屯區惠來里市政南一路60號,5000000,1150818
14589,97035928,永營造股份有限公司,臺中市西屯區潮洋里臺灣大道三段789號11樓之6,195000000,1150807
14598,97070558,帝甸有限公司,臺中市大肚區王田里沙田路一段320巷33之9號,5000000,1150826
14600,97075060,吉通實業有限公司,臺中市南屯區春社里同安西巷116號,1000000,1150821
14606,97103137,統元旅行社股份有限公司,臺中市西區中興里公益路161號11樓之3,11000000,1150828
14634,97178278,赫能暢電股份有限公司,臺中市沙鹿區中山路196巷56之1號1樓,107672400,1150806
14638,97189845,以柔資訊股份有限公司,臺中市西屯區臺灣大道四段925號13樓之1,80000000,1150806
14651,97223822,勝讚金屬股份有限公司,臺中市龍井區忠和里海尾路256巷23號,10000000,1150825
14655,97226975,柏林出版社有限公司,臺中市南區工學路19號一樓,500000,1150804
14657,97230963,穎陞廢棄物清除有限公司,臺中市烏日區中山路三段403巷2弄1號1樓,2000000,1150820
14661,97240646,星育資訊有限公司,臺中市北區漢陽街140之5號,2000000,1150812
14665,97248817,登陽建設股份有限公司,臺中市南屯區豐樂里文心南路298號,210000000,1150807
14671,97265890,日日新國際商業股份有限公司,臺中市中區中華路一段58號1至10樓,74000000,1150813
14673,97270401,耀登機械股份有限公司,臺中市神岡區豐洲里豐工中路42號,60000000,1150817
14674,97270562,山本亞力實業有限公司,臺中市烏日區溪埧里溪福路128巷31號,10000000,1150805
14693,97330317,寶力營造有限公司,臺中市北屯區松強里松竹路二段362之25號1樓,10600000,1150818
14695,97333953,東權企業有限公司,臺中市后里區仁里里圳寮路47巷1號,7750000,1150814
14697,97347801,張力強企業有限公司,臺中市清水區菁埔里中央北路2之28之1號,3000000,1150825
14698,97348652,陸弘營造有限公司,臺中市南屯區三和里益豐路四段590號,150000000,1150811
14701,97366031,峻承工業有限公司,臺中市大里區塗城里三民二街59巷2號1樓,3800000,1150819
14707,97400827,宏曄股份有限公司,臺中市豐原區豐陽路115號,8000000,1150821
14718,97429134,影禾科技有限公司,臺中市西屯區上安里上明三街15號9樓之2,5000000,1150825
14742,97473911,恆展堂建築股份有限公司,臺中市北屯區昌平東二路156號1樓,5000000,1150806
14758,97505435,李氏寒天企業有限公司,臺中市西區五權路58之2號,27000000,1150811
14761,97508496,新妍有限公司,臺中市西屯區逢甲路15號,1000000,1150819
14762,97509967,承泓開發有限公司,臺中市北屯區平心里瀋陽路三段73之4號,1000000,1150810
14763,97511942,金捷工程股份有限公司,臺中市西屯區林厝里安林路57之6號,5690000,1150817
14776,97527515,聚麗顏料塑膠工業有限公司,臺中市南區南和里工學路58巷18號1樓,238385000,1150811
14777,97534115,悅鍍科技股份有限公司,臺中市南屯區精科南路99號2樓之3,10300000,1150828
14780,97537400,鼎正工具股份有限公司,臺中市太平區中興里永義路26號,60000000,1150819
14781,97538891,寶星興業有限公司,臺中市南屯區惠中里文心路一段378號7樓之10,1000000,1150806
14788,97552160,登宇機械科技工業有限公司,臺中市東區振興路364號1樓,2000000,1150813
14791,97553908,毅得企業股份有限公司,臺中市太平區永成路60巷37號,393320000,1150821
14792,97553941,懋豐科技股份有限公司,臺中市南屯區東興路二段186號4樓之4,23681600,1150814
14793,97556779,聖偉鞋業股份有限公司,臺中市霧峰區丁台里南阡巷174號,21000000,1150810
14795,97561920,彰陽工業有限公司,臺中市太平區永成路77之1號,45000000,1150821
14799,97566707,順捷股份有限公司,臺中市大雅區東大路二段910巷1號,150000000,1150828
14804,97573221,峰婕投資股份有限公司,臺中市西區公正路85號17樓之2,5000000,1150826
14805,97577887,立晉企業有限公司,臺中市南屯區豐樂里文心南路296號3樓,7000000,1150828
14808,97582896,源展交通股份有限公司,臺中市大肚區新興里沙田路二段159巷6之1號1樓,29560000,1150804
14809,97583712,億來銘版有限公司,臺中市太平區勤益里中山路1段271號1樓,7000000,1150819
14810,97588012,金良信五金股份有限公司,臺中市北屯區四平路475之1號,2000000,1150811
14819,97606026,正璽食品有限公司,臺中市西區臺灣大道一段726號11樓之5,6000000,1150825
14828,97624592,旭豐能有限公司,臺中市北區梅川里梅川東路三段15號,300000,1150804
14849,98643490,嘉蘭地熱能源股份有限公司,臺中市烏日區高鐵一路268號12樓之5,5000000,1150814
14853,98645315,宏富開發投資有限公司,臺中市北區錦祥里進化路575號13樓之2,500000,1150812
14861,99996555,雲端翔龍有限公司,臺中市西屯區潮洋里市政北二路236號20樓之5,500000,1150817
14863,99998287,沈信崗目會社有限公司,臺中市西屯區惠來里市政北七路186號12樓之7,3000000,1150826
